ts,team,st,f,tag,margin,sid,name,pos,proj,actual,rem_fit,live_fit,live_v1,live_naive
2026-09-09 20:05:02,SEA,pre,0.0,PRE,0,9488,Jaxon Smith-Njigba,WR,19.4,0.0,19.4,19.4,19.4,19.4
2026-09-09 20:05:02,NE,pre,0.0,PRE,0,5859,A.J. Brown,WR,16.3,0.0,16.3,16.3,16.3,16.3
2026-09-09 20:05:02,NE,pre,0.0,PRE,0,11564,Drake Maye,QB,19.4,0.0,19.4,19.4,19.4,19.4
2026-09-09 20:05:02,NE,pre,0.0,PRE,0,7611,Rhamondre Stevenson,RB,17.5,0.0,17.5,17.5,17.5,17.5
2026-09-09 20:05:02,SEA,pre,0.0,PRE,0,13286,Jadarian Price,RB,12.0,0.0,12.0,12.0,12.0,12.0
2026-09-09 20:05:02,NE,pre,0.0,PRE,0,8121,Romeo Doubs,WR,9.7,0.0,9.7,9.7,9.7,9.7
2026-09-09 20:05:02,SEA,pre,0.0,PRE,0,4943,Sam Darnold,QB,16.4,0.0,16.4,16.4,16.4,16.4
2026-09-09 20:05:02,SEA,pre,0.0,PRE,0,8676,Rashid Shaheed,WR,8.5,0.0,8.5,8.5,8.5,8.5
2026-09-09 20:05:02,NE,pre,0.0,PRE,0,3214,Hunter Henry,TE,9.7,0.0,9.7,9.7,9.7,9.7
2026-09-09 20:05:02,SEA,pre,0.0,PRE,0,11435,Emanuel Wilson,RB,1.8,0.0,1.8,1.8,1.8,1.8
2026-09-09 20:05:02,SEA,pre,0.0,PRE,0,11603,A.J. Barner,TE,7.9,0.0,7.9,7.9,7.9,7.9
2026-09-09 20:05:02,SEA,pre,0.0,PRE,0,12048,George Holani,RB,6.6,0.0,6.6,6.6,6.6,6.6
2026-09-09 20:05:02,SEA,pre,0.0,PRE,0,4039,Cooper Kupp,WR,7.4,0.0,7.4,7.4,7.4,7.4
2026-09-09 20:05:02,NE,pre,0.0,PRE,0,4177,Mack Hollins,WR,3.3,0.0,3.3,3.3,3.3,3.3
2026-09-09 20:05:02,SEA,pre,0.0,PRE,0,12521,Elijah Arroyo,TE,3.9,0.0,3.9,3.9,3.9,3.9
2026-09-09 20:05:02,NE,pre,0.0,PRE,0,9501,Demario Douglas,WR,5.6,0.0,5.6,5.6,5.6,5.6
2026-09-09 20:05:02,SEA,pre,0.0,PRE,0,2747,Jason Myers,K,8.5,0.0,8.5,8.5,8.5,8.5
2026-09-09 20:05:02,NE,pre,0.0,PRE,0,12713,Andy Borregales,K,7.1,0.0,7.1,7.1,7.1,7.1
2026-09-09 20:05:02,SEA,pre,0.0,PRE,0,SEA,Seattle Seahawks D/ST,DST,7.2,0.0,7.2,7.2,7.2,7.2
2026-09-09 20:05:02,NE,pre,0.0,PRE,0,NE,New England Patriots D/ST,DST,5.8,0.0,5.8,5.8,5.8,5.8
2026-09-09 20:05:02,NE,pre,0.0,PRE,0,13421,Eli Raridon,TE,1.8,0.0,1.8,1.8,1.8,1.8
2026-09-09 20:07:03,SEA,pre,0.0,PRE,0,9488,Jaxon Smith-Njigba,WR,19.4,0.0,19.4,19.4,19.4,19.4
2026-09-09 20:07:03,NE,pre,0.0,PRE,0,5859,A.J. Brown,WR,16.3,0.0,16.3,16.3,16.3,16.3
2026-09-09 20:07:03,NE,pre,0.0,PRE,0,11564,Drake Maye,QB,19.4,0.0,19.4,19.4,19.4,19.4
2026-09-09 20:07:03,NE,pre,0.0,PRE,0,7611,Rhamondre Stevenson,RB,17.5,0.0,17.5,17.5,17.5,17.5
2026-09-09 20:07:03,SEA,pre,0.0,PRE,0,13286,Jadarian Price,RB,12.0,0.0,12.0,12.0,12.0,12.0
2026-09-09 20:07:03,NE,pre,0.0,PRE,0,8121,Romeo Doubs,WR,9.7,0.0,9.7,9.7,9.7,9.7
2026-09-09 20:07:03,SEA,pre,0.0,PRE,0,4943,Sam Darnold,QB,16.4,0.0,16.4,16.4,16.4,16.4
2026-09-09 20:07:03,SEA,pre,0.0,PRE,0,8676,Rashid Shaheed,WR,8.5,0.0,8.5,8.5,8.5,8.5
2026-09-09 20:07:03,NE,pre,0.0,PRE,0,3214,Hunter Henry,TE,9.7,0.0,9.7,9.7,9.7,9.7
2026-09-09 20:07:03,SEA,pre,0.0,PRE,0,11435,Emanuel Wilson,RB,1.8,0.0,1.8,1.8,1.8,1.8
2026-09-09 20:07:03,SEA,pre,0.0,PRE,0,11603,A.J. Barner,TE,7.9,0.0,7.9,7.9,7.9,7.9
2026-09-09 20:07:03,SEA,pre,0.0,PRE,0,12048,George Holani,RB,6.6,0.0,6.6,6.6,6.6,6.6
2026-09-09 20:07:03,SEA,pre,0.0,PRE,0,4039,Cooper Kupp,WR,7.4,0.0,7.4,7.4,7.4,7.4
2026-09-09 20:07:03,NE,pre,0.0,PRE,0,4177,Mack Hollins,WR,3.3,0.0,3.3,3.3,3.3,3.3
2026-09-09 20:07:03,SEA,pre,0.0,PRE,0,12521,Elijah Arroyo,TE,3.9,0.0,3.9,3.9,3.9,3.9
2026-09-09 20:07:03,NE,pre,0.0,PRE,0,9501,Demario Douglas,WR,5.6,0.0,5.6,5.6,5.6,5.6
2026-09-09 20:07:03,SEA,pre,0.0,PRE,0,2747,Jason Myers,K,8.5,0.0,8.5,8.5,8.5,8.5
2026-09-09 20:07:03,NE,pre,0.0,PRE,0,12713,Andy Borregales,K,7.1,0.0,7.1,7.1,7.1,7.1
2026-09-09 20:07:03,SEA,pre,0.0,PRE,0,SEA,Seattle Seahawks D/ST,DST,7.2,0.0,7.2,7.2,7.2,7.2
2026-09-09 20:07:03,NE,pre,0.0,PRE,0,NE,New England Patriots D/ST,DST,5.8,0.0,5.8,5.8,5.8,5.8
2026-09-09 20:07:03,NE,pre,0.0,PRE,0,13421,Eli Raridon,TE,1.8,0.0,1.8,1.8,1.8,1.8
2026-09-09 20:09:03,SEA,pre,0.0,PRE,0,9488,Jaxon Smith-Njigba,WR,19.4,0.0,19.4,19.4,19.4,19.4
2026-09-09 20:09:03,NE,pre,0.0,PRE,0,5859,A.J. Brown,WR,16.3,0.0,16.3,16.3,16.3,16.3
2026-09-09 20:09:03,NE,pre,0.0,PRE,0,11564,Drake Maye,QB,19.4,0.0,19.4,19.4,19.4,19.4
2026-09-09 20:09:03,NE,pre,0.0,PRE,0,7611,Rhamondre Stevenson,RB,17.5,0.0,17.5,17.5,17.5,17.5
2026-09-09 20:09:03,SEA,pre,0.0,PRE,0,13286,Jadarian Price,RB,12.0,0.0,12.0,12.0,12.0,12.0
2026-09-09 20:09:03,NE,pre,0.0,PRE,0,8121,Romeo Doubs,WR,9.7,0.0,9.7,9.7,9.7,9.7
2026-09-09 20:09:03,SEA,pre,0.0,PRE,0,4943,Sam Darnold,QB,16.4,0.0,16.4,16.4,16.4,16.4
2026-09-09 20:09:03,SEA,pre,0.0,PRE,0,8676,Rashid Shaheed,WR,8.5,0.0,8.5,8.5,8.5,8.5
2026-09-09 20:09:03,NE,pre,0.0,PRE,0,3214,Hunter Henry,TE,9.7,0.0,9.7,9.7,9.7,9.7
2026-09-09 20:09:03,SEA,pre,0.0,PRE,0,11435,Emanuel Wilson,RB,1.8,0.0,1.8,1.8,1.8,1.8
2026-09-09 20:09:03,SEA,pre,0.0,PRE,0,11603,A.J. Barner,TE,7.9,0.0,7.9,7.9,7.9,7.9
2026-09-09 20:09:03,SEA,pre,0.0,PRE,0,12048,George Holani,RB,6.6,0.0,6.6,6.6,6.6,6.6
2026-09-09 20:09:03,SEA,pre,0.0,PRE,0,4039,Cooper Kupp,WR,7.4,0.0,7.4,7.4,7.4,7.4
2026-09-09 20:09:03,NE,pre,0.0,PRE,0,4177,Mack Hollins,WR,3.3,0.0,3.3,3.3,3.3,3.3
2026-09-09 20:09:03,SEA,pre,0.0,PRE,0,12521,Elijah Arroyo,TE,3.9,0.0,3.9,3.9,3.9,3.9
2026-09-09 20:09:03,NE,pre,0.0,PRE,0,9501,Demario Douglas,WR,5.6,0.0,5.6,5.6,5.6,5.6
2026-09-09 20:09:03,SEA,pre,0.0,PRE,0,2747,Jason Myers,K,8.5,0.0,8.5,8.5,8.5,8.5
2026-09-09 20:09:03,NE,pre,0.0,PRE,0,12713,Andy Borregales,K,7.1,0.0,7.1,7.1,7.1,7.1
2026-09-09 20:09:03,SEA,pre,0.0,PRE,0,SEA,Seattle Seahawks D/ST,DST,7.2,0.0,7.2,7.2,7.2,7.2
2026-09-09 20:09:03,NE,pre,0.0,PRE,0,NE,New England Patriots D/ST,DST,5.8,0.0,5.8,5.8,5.8,5.8
2026-09-09 20:09:03,NE,pre,0.0,PRE,0,13421,Eli Raridon,TE,1.8,0.0,1.8,1.8,1.8,1.8
2026-09-09 20:11:04,SEA,pre,0.0,PRE,0,9488,Jaxon Smith-Njigba,WR,19.4,0.0,19.4,19.4,19.4,19.4
2026-09-09 20:11:04,NE,pre,0.0,PRE,0,5859,A.J. Brown,WR,16.3,0.0,16.3,16.3,16.3,16.3
2026-09-09 20:11:04,NE,pre,0.0,PRE,0,11564,Drake Maye,QB,19.4,0.0,19.4,19.4,19.4,19.4
2026-09-09 20:11:04,NE,pre,0.0,PRE,0,7611,Rhamondre Stevenson,RB,17.5,0.0,17.5,17.5,17.5,17.5
2026-09-09 20:11:04,SEA,pre,0.0,PRE,0,13286,Jadarian Price,RB,12.0,0.0,12.0,12.0,12.0,12.0
2026-09-09 20:11:04,NE,pre,0.0,PRE,0,8121,Romeo Doubs,WR,9.7,0.0,9.7,9.7,9.7,9.7
2026-09-09 20:11:04,SEA,pre,0.0,PRE,0,4943,Sam Darnold,QB,16.4,0.0,16.4,16.4,16.4,16.4
2026-09-09 20:11:04,SEA,pre,0.0,PRE,0,8676,Rashid Shaheed,WR,8.5,0.0,8.5,8.5,8.5,8.5
2026-09-09 20:11:04,NE,pre,0.0,PRE,0,3214,Hunter Henry,TE,9.7,0.0,9.7,9.7,9.7,9.7
2026-09-09 20:11:04,SEA,pre,0.0,PRE,0,11435,Emanuel Wilson,RB,1.8,0.0,1.8,1.8,1.8,1.8
2026-09-09 20:11:04,SEA,pre,0.0,PRE,0,11603,A.J. Barner,TE,7.9,0.0,7.9,7.9,7.9,7.9
2026-09-09 20:11:04,SEA,pre,0.0,PRE,0,12048,George Holani,RB,6.6,0.0,6.6,6.6,6.6,6.6
2026-09-09 20:11:04,SEA,pre,0.0,PRE,0,4039,Cooper Kupp,WR,7.4,0.0,7.4,7.4,7.4,7.4
2026-09-09 20:11:04,NE,pre,0.0,PRE,0,4177,Mack Hollins,WR,3.3,0.0,3.3,3.3,3.3,3.3
2026-09-09 20:11:04,SEA,pre,0.0,PRE,0,12521,Elijah Arroyo,TE,3.9,0.0,3.9,3.9,3.9,3.9
2026-09-09 20:11:04,NE,pre,0.0,PRE,0,9501,Demario Douglas,WR,5.6,0.0,5.6,5.6,5.6,5.6
2026-09-09 20:11:04,SEA,pre,0.0,PRE,0,2747,Jason Myers,K,8.5,0.0,8.5,8.5,8.5,8.5
2026-09-09 20:11:04,NE,pre,0.0,PRE,0,12713,Andy Borregales,K,7.1,0.0,7.1,7.1,7.1,7.1
2026-09-09 20:11:04,SEA,pre,0.0,PRE,0,SEA,Seattle Seahawks D/ST,DST,7.2,0.0,7.2,7.2,7.2,7.2
2026-09-09 20:11:04,NE,pre,0.0,PRE,0,NE,New England Patriots D/ST,DST,5.8,0.0,5.8,5.8,5.8,5.8
2026-09-09 20:11:04,NE,pre,0.0,PRE,0,13421,Eli Raridon,TE,1.8,0.0,1.8,1.8,1.8,1.8
2026-09-09 20:13:05,SEA,pre,0.0,PRE,0,9488,Jaxon Smith-Njigba,WR,19.4,0.0,19.4,19.4,19.4,19.4
2026-09-09 20:13:05,NE,pre,0.0,PRE,0,5859,A.J. Brown,WR,16.3,0.0,16.3,16.3,16.3,16.3
2026-09-09 20:13:05,NE,pre,0.0,PRE,0,11564,Drake Maye,QB,19.4,0.0,19.4,19.4,19.4,19.4
2026-09-09 20:13:05,NE,pre,0.0,PRE,0,7611,Rhamondre Stevenson,RB,17.5,0.0,17.5,17.5,17.5,17.5
2026-09-09 20:13:05,SEA,pre,0.0,PRE,0,13286,Jadarian Price,RB,12.0,0.0,12.0,12.0,12.0,12.0
2026-09-09 20:13:05,NE,pre,0.0,PRE,0,8121,Romeo Doubs,WR,9.7,0.0,9.7,9.7,9.7,9.7
2026-09-09 20:13:05,SEA,pre,0.0,PRE,0,4943,Sam Darnold,QB,16.4,0.0,16.4,16.4,16.4,16.4
2026-09-09 20:13:05,SEA,pre,0.0,PRE,0,8676,Rashid Shaheed,WR,8.5,0.0,8.5,8.5,8.5,8.5
2026-09-09 20:13:05,NE,pre,0.0,PRE,0,3214,Hunter Henry,TE,9.7,0.0,9.7,9.7,9.7,9.7
2026-09-09 20:13:05,SEA,pre,0.0,PRE,0,11435,Emanuel Wilson,RB,1.8,0.0,1.8,1.8,1.8,1.8
2026-09-09 20:13:05,SEA,pre,0.0,PRE,0,11603,A.J. Barner,TE,7.9,0.0,7.9,7.9,7.9,7.9
2026-09-09 20:13:05,SEA,pre,0.0,PRE,0,12048,George Holani,RB,6.6,0.0,6.6,6.6,6.6,6.6
2026-09-09 20:13:05,SEA,pre,0.0,PRE,0,4039,Cooper Kupp,WR,7.4,0.0,7.4,7.4,7.4,7.4
2026-09-09 20:13:05,NE,pre,0.0,PRE,0,4177,Mack Hollins,WR,3.3,0.0,3.3,3.3,3.3,3.3
2026-09-09 20:13:05,SEA,pre,0.0,PRE,0,12521,Elijah Arroyo,TE,3.9,0.0,3.9,3.9,3.9,3.9
2026-09-09 20:13:05,NE,pre,0.0,PRE,0,9501,Demario Douglas,WR,5.6,0.0,5.6,5.6,5.6,5.6
2026-09-09 20:13:05,SEA,pre,0.0,PRE,0,2747,Jason Myers,K,8.5,0.0,8.5,8.5,8.5,8.5
2026-09-09 20:13:05,NE,pre,0.0,PRE,0,12713,Andy Borregales,K,7.1,0.0,7.1,7.1,7.1,7.1
2026-09-09 20:13:05,SEA,pre,0.0,PRE,0,SEA,Seattle Seahawks D/ST,DST,7.2,0.0,7.2,7.2,7.2,7.2
2026-09-09 20:13:05,NE,pre,0.0,PRE,0,NE,New England Patriots D/ST,DST,5.8,0.0,5.8,5.8,5.8,5.8
2026-09-09 20:13:05,NE,pre,0.0,PRE,0,13421,Eli Raridon,TE,1.8,0.0,1.8,1.8,1.8,1.8
2026-09-09 20:15:05,SEA,pre,0.0,PRE,0,9488,Jaxon Smith-Njigba,WR,19.4,0.0,19.4,19.4,19.4,19.4
2026-09-09 20:15:05,NE,pre,0.0,PRE,0,5859,A.J. Brown,WR,16.3,0.0,16.3,16.3,16.3,16.3
2026-09-09 20:15:05,NE,pre,0.0,PRE,0,11564,Drake Maye,QB,19.4,0.0,19.4,19.4,19.4,19.4
2026-09-09 20:15:05,NE,pre,0.0,PRE,0,7611,Rhamondre Stevenson,RB,17.5,0.0,17.5,17.5,17.5,17.5
2026-09-09 20:15:05,SEA,pre,0.0,PRE,0,13286,Jadarian Price,RB,12.0,0.0,12.0,12.0,12.0,12.0
2026-09-09 20:15:05,NE,pre,0.0,PRE,0,8121,Romeo Doubs,WR,9.7,0.0,9.7,9.7,9.7,9.7
2026-09-09 20:15:05,SEA,pre,0.0,PRE,0,4943,Sam Darnold,QB,16.4,0.0,16.4,16.4,16.4,16.4
2026-09-09 20:15:05,SEA,pre,0.0,PRE,0,8676,Rashid Shaheed,WR,8.5,0.0,8.5,8.5,8.5,8.5
2026-09-09 20:15:05,NE,pre,0.0,PRE,0,3214,Hunter Henry,TE,9.7,0.0,9.7,9.7,9.7,9.7
2026-09-09 20:15:05,SEA,pre,0.0,PRE,0,11435,Emanuel Wilson,RB,1.8,0.0,1.8,1.8,1.8,1.8
2026-09-09 20:15:05,SEA,pre,0.0,PRE,0,11603,A.J. Barner,TE,7.9,0.0,7.9,7.9,7.9,7.9
2026-09-09 20:15:05,SEA,pre,0.0,PRE,0,12048,George Holani,RB,6.6,0.0,6.6,6.6,6.6,6.6
2026-09-09 20:15:05,SEA,pre,0.0,PRE,0,4039,Cooper Kupp,WR,7.4,0.0,7.4,7.4,7.4,7.4
2026-09-09 20:15:05,NE,pre,0.0,PRE,0,4177,Mack Hollins,WR,3.3,0.0,3.3,3.3,3.3,3.3
2026-09-09 20:15:05,SEA,pre,0.0,PRE,0,12521,Elijah Arroyo,TE,3.9,0.0,3.9,3.9,3.9,3.9
2026-09-09 20:15:05,NE,pre,0.0,PRE,0,9501,Demario Douglas,WR,5.6,0.0,5.6,5.6,5.6,5.6
2026-09-09 20:15:05,SEA,pre,0.0,PRE,0,2747,Jason Myers,K,8.5,0.0,8.5,8.5,8.5,8.5
2026-09-09 20:15:05,NE,pre,0.0,PRE,0,12713,Andy Borregales,K,7.1,0.0,7.1,7.1,7.1,7.1
2026-09-09 20:15:05,SEA,pre,0.0,PRE,0,SEA,Seattle Seahawks D/ST,DST,7.2,0.0,7.2,7.2,7.2,7.2
2026-09-09 20:15:05,NE,pre,0.0,PRE,0,NE,New England Patriots D/ST,DST,5.8,0.0,5.8,5.8,5.8,5.8
2026-09-09 20:15:05,NE,pre,0.0,PRE,0,13421,Eli Raridon,TE,1.8,0.0,1.8,1.8,1.8,1.8
2026-09-09 20:17:06,SEA,pre,0.0,PRE,0,9488,Jaxon Smith-Njigba,WR,19.4,0.0,19.4,19.4,19.4,19.4
2026-09-09 20:17:06,NE,pre,0.0,PRE,0,5859,A.J. Brown,WR,16.3,0.0,16.3,16.3,16.3,16.3
2026-09-09 20:17:06,NE,pre,0.0,PRE,0,11564,Drake Maye,QB,19.4,0.0,19.4,19.4,19.4,19.4
2026-09-09 20:17:06,NE,pre,0.0,PRE,0,7611,Rhamondre Stevenson,RB,17.5,0.0,17.5,17.5,17.5,17.5
2026-09-09 20:17:06,SEA,pre,0.0,PRE,0,13286,Jadarian Price,RB,12.0,0.0,12.0,12.0,12.0,12.0
2026-09-09 20:17:06,NE,pre,0.0,PRE,0,8121,Romeo Doubs,WR,9.7,0.0,9.7,9.7,9.7,9.7
2026-09-09 20:17:06,SEA,pre,0.0,PRE,0,4943,Sam Darnold,QB,16.4,0.0,16.4,16.4,16.4,16.4
2026-09-09 20:17:06,SEA,pre,0.0,PRE,0,8676,Rashid Shaheed,WR,8.5,0.0,8.5,8.5,8.5,8.5
2026-09-09 20:17:06,NE,pre,0.0,PRE,0,3214,Hunter Henry,TE,9.7,0.0,9.7,9.7,9.7,9.7
2026-09-09 20:17:06,SEA,pre,0.0,PRE,0,11435,Emanuel Wilson,RB,1.8,0.0,1.8,1.8,1.8,1.8
2026-09-09 20:17:06,SEA,pre,0.0,PRE,0,11603,A.J. Barner,TE,7.9,0.0,7.9,7.9,7.9,7.9
2026-09-09 20:17:06,SEA,pre,0.0,PRE,0,12048,George Holani,RB,6.6,0.0,6.6,6.6,6.6,6.6
2026-09-09 20:17:06,SEA,pre,0.0,PRE,0,4039,Cooper Kupp,WR,7.4,0.0,7.4,7.4,7.4,7.4
2026-09-09 20:17:06,NE,pre,0.0,PRE,0,4177,Mack Hollins,WR,3.3,0.0,3.3,3.3,3.3,3.3
2026-09-09 20:17:06,SEA,pre,0.0,PRE,0,12521,Elijah Arroyo,TE,3.9,0.0,3.9,3.9,3.9,3.9
2026-09-09 20:17:06,NE,pre,0.0,PRE,0,9501,Demario Douglas,WR,5.6,0.0,5.6,5.6,5.6,5.6
2026-09-09 20:17:06,SEA,pre,0.0,PRE,0,2747,Jason Myers,K,8.5,0.0,8.5,8.5,8.5,8.5
2026-09-09 20:17:06,NE,pre,0.0,PRE,0,12713,Andy Borregales,K,7.1,0.0,7.1,7.1,7.1,7.1
2026-09-09 20:17:06,SEA,pre,0.0,PRE,0,SEA,Seattle Seahawks D/ST,DST,7.2,0.0,7.2,7.2,7.2,7.2
2026-09-09 20:17:06,NE,pre,0.0,PRE,0,NE,New England Patriots D/ST,DST,5.8,0.0,5.8,5.8,5.8,5.8
2026-09-09 20:17:06,NE,pre,0.0,PRE,0,13421,Eli Raridon,TE,1.8,0.0,1.8,1.8,1.8,1.8
2026-09-09 20:19:07,SEA,pre,0.0,PRE,0,9488,Jaxon Smith-Njigba,WR,19.4,0.0,19.4,19.4,19.4,19.4
2026-09-09 20:19:07,NE,pre,0.0,PRE,0,5859,A.J. Brown,WR,16.3,0.0,16.3,16.3,16.3,16.3
2026-09-09 20:19:07,NE,pre,0.0,PRE,0,11564,Drake Maye,QB,19.4,0.0,19.4,19.4,19.4,19.4
2026-09-09 20:19:07,NE,pre,0.0,PRE,0,7611,Rhamondre Stevenson,RB,17.5,0.0,17.5,17.5,17.5,17.5
2026-09-09 20:19:07,SEA,pre,0.0,PRE,0,13286,Jadarian Price,RB,12.0,0.0,12.0,12.0,12.0,12.0
2026-09-09 20:19:07,NE,pre,0.0,PRE,0,8121,Romeo Doubs,WR,9.7,0.0,9.7,9.7,9.7,9.7
2026-09-09 20:19:07,SEA,pre,0.0,PRE,0,4943,Sam Darnold,QB,16.4,0.0,16.4,16.4,16.4,16.4
2026-09-09 20:19:07,SEA,pre,0.0,PRE,0,8676,Rashid Shaheed,WR,8.5,0.0,8.5,8.5,8.5,8.5
2026-09-09 20:19:07,NE,pre,0.0,PRE,0,3214,Hunter Henry,TE,9.7,0.0,9.7,9.7,9.7,9.7
2026-09-09 20:19:07,SEA,pre,0.0,PRE,0,11435,Emanuel Wilson,RB,1.8,0.0,1.8,1.8,1.8,1.8
2026-09-09 20:19:07,SEA,pre,0.0,PRE,0,11603,A.J. Barner,TE,7.9,0.0,7.9,7.9,7.9,7.9
2026-09-09 20:19:07,SEA,pre,0.0,PRE,0,12048,George Holani,RB,6.6,0.0,6.6,6.6,6.6,6.6
2026-09-09 20:19:07,SEA,pre,0.0,PRE,0,4039,Cooper Kupp,WR,7.4,0.0,7.4,7.4,7.4,7.4
2026-09-09 20:19:07,NE,pre,0.0,PRE,0,4177,Mack Hollins,WR,3.3,0.0,3.3,3.3,3.3,3.3
2026-09-09 20:19:07,SEA,pre,0.0,PRE,0,12521,Elijah Arroyo,TE,3.9,0.0,3.9,3.9,3.9,3.9
2026-09-09 20:19:07,NE,pre,0.0,PRE,0,9501,Demario Douglas,WR,5.6,0.0,5.6,5.6,5.6,5.6
2026-09-09 20:19:07,SEA,pre,0.0,PRE,0,2747,Jason Myers,K,8.5,0.0,8.5,8.5,8.5,8.5
2026-09-09 20:19:07,NE,pre,0.0,PRE,0,12713,Andy Borregales,K,7.1,0.0,7.1,7.1,7.1,7.1
2026-09-09 20:19:07,SEA,pre,0.0,PRE,0,SEA,Seattle Seahawks D/ST,DST,7.2,0.0,7.2,7.2,7.2,7.2
2026-09-09 20:19:07,NE,pre,0.0,PRE,0,NE,New England Patriots D/ST,DST,5.8,0.0,5.8,5.8,5.8,5.8
2026-09-09 20:19:07,NE,pre,0.0,PRE,0,13421,Eli Raridon,TE,1.8,0.0,1.8,1.8,1.8,1.8
2026-09-09 20:21:07,SEA,pre,0.0,PRE,0,9488,Jaxon Smith-Njigba,WR,19.4,0.0,19.4,19.4,19.4,19.4
2026-09-09 20:21:07,NE,pre,0.0,PRE,0,5859,A.J. Brown,WR,16.3,0.0,16.3,16.3,16.3,16.3
2026-09-09 20:21:07,NE,pre,0.0,PRE,0,11564,Drake Maye,QB,19.4,0.0,19.4,19.4,19.4,19.4
2026-09-09 20:21:07,NE,pre,0.0,PRE,0,7611,Rhamondre Stevenson,RB,17.5,0.0,17.5,17.5,17.5,17.5
2026-09-09 20:21:07,SEA,pre,0.0,PRE,0,13286,Jadarian Price,RB,12.0,0.0,12.0,12.0,12.0,12.0
2026-09-09 20:21:07,NE,pre,0.0,PRE,0,8121,Romeo Doubs,WR,9.7,0.0,9.7,9.7,9.7,9.7
2026-09-09 20:21:07,SEA,pre,0.0,PRE,0,4943,Sam Darnold,QB,16.4,0.0,16.4,16.4,16.4,16.4
2026-09-09 20:21:07,SEA,pre,0.0,PRE,0,8676,Rashid Shaheed,WR,8.5,0.0,8.5,8.5,8.5,8.5
2026-09-09 20:21:07,NE,pre,0.0,PRE,0,3214,Hunter Henry,TE,9.7,0.0,9.7,9.7,9.7,9.7
2026-09-09 20:21:07,SEA,pre,0.0,PRE,0,11435,Emanuel Wilson,RB,1.8,0.0,1.8,1.8,1.8,1.8
2026-09-09 20:21:07,SEA,pre,0.0,PRE,0,11603,A.J. Barner,TE,7.9,0.0,7.9,7.9,7.9,7.9
2026-09-09 20:21:07,SEA,pre,0.0,PRE,0,12048,George Holani,RB,6.6,0.0,6.6,6.6,6.6,6.6
2026-09-09 20:21:07,SEA,pre,0.0,PRE,0,4039,Cooper Kupp,WR,7.4,0.0,7.4,7.4,7.4,7.4
2026-09-09 20:21:07,NE,pre,0.0,PRE,0,4177,Mack Hollins,WR,3.3,0.0,3.3,3.3,3.3,3.3
2026-09-09 20:21:07,SEA,pre,0.0,PRE,0,12521,Elijah Arroyo,TE,3.9,0.0,3.9,3.9,3.9,3.9
2026-09-09 20:21:07,NE,pre,0.0,PRE,0,9501,Demario Douglas,WR,5.6,0.0,5.6,5.6,5.6,5.6
2026-09-09 20:21:07,SEA,pre,0.0,PRE,0,2747,Jason Myers,K,8.5,0.0,8.5,8.5,8.5,8.5
2026-09-09 20:21:07,NE,pre,0.0,PRE,0,12713,Andy Borregales,K,7.1,0.0,7.1,7.1,7.1,7.1
2026-09-09 20:21:07,SEA,pre,0.0,PRE,0,SEA,Seattle Seahawks D/ST,DST,7.2,0.0,7.2,7.2,7.2,7.2
2026-09-09 20:21:07,NE,pre,0.0,PRE,0,NE,New England Patriots D/ST,DST,5.8,0.0,5.8,5.8,5.8,5.8
2026-09-09 20:21:07,NE,pre,0.0,PRE,0,13421,Eli Raridon,TE,1.8,0.0,1.8,1.8,1.8,1.8
2026-09-09 20:23:08,SEA,pre,0.0,PRE,0,9488,Jaxon Smith-Njigba,WR,19.4,0.0,19.4,19.4,19.4,19.4
2026-09-09 20:23:08,NE,pre,0.0,PRE,0,5859,A.J. Brown,WR,16.3,0.0,16.3,16.3,16.3,16.3
2026-09-09 20:23:08,NE,pre,0.0,PRE,0,11564,Drake Maye,QB,19.4,0.0,19.4,19.4,19.4,19.4
2026-09-09 20:23:08,NE,pre,0.0,PRE,0,7611,Rhamondre Stevenson,RB,17.5,0.0,17.5,17.5,17.5,17.5
2026-09-09 20:23:08,SEA,pre,0.0,PRE,0,13286,Jadarian Price,RB,12.0,0.0,12.0,12.0,12.0,12.0
2026-09-09 20:23:08,NE,pre,0.0,PRE,0,8121,Romeo Doubs,WR,9.7,0.0,9.7,9.7,9.7,9.7
2026-09-09 20:23:08,SEA,pre,0.0,PRE,0,4943,Sam Darnold,QB,16.4,0.0,16.4,16.4,16.4,16.4
2026-09-09 20:23:08,SEA,pre,0.0,PRE,0,8676,Rashid Shaheed,WR,8.5,0.0,8.5,8.5,8.5,8.5
2026-09-09 20:23:08,NE,pre,0.0,PRE,0,3214,Hunter Henry,TE,9.7,0.0,9.7,9.7,9.7,9.7
2026-09-09 20:23:08,SEA,pre,0.0,PRE,0,11435,Emanuel Wilson,RB,1.8,0.0,1.8,1.8,1.8,1.8
2026-09-09 20:23:08,SEA,pre,0.0,PRE,0,11603,A.J. Barner,TE,7.9,0.0,7.9,7.9,7.9,7.9
2026-09-09 20:23:08,SEA,pre,0.0,PRE,0,12048,George Holani,RB,6.6,0.0,6.6,6.6,6.6,6.6
2026-09-09 20:23:08,SEA,pre,0.0,PRE,0,4039,Cooper Kupp,WR,7.4,0.0,7.4,7.4,7.4,7.4
2026-09-09 20:23:08,NE,pre,0.0,PRE,0,4177,Mack Hollins,WR,3.3,0.0,3.3,3.3,3.3,3.3
2026-09-09 20:23:08,SEA,pre,0.0,PRE,0,12521,Elijah Arroyo,TE,3.9,0.0,3.9,3.9,3.9,3.9
2026-09-09 20:23:08,NE,pre,0.0,PRE,0,9501,Demario Douglas,WR,5.6,0.0,5.6,5.6,5.6,5.6
2026-09-09 20:23:08,SEA,pre,0.0,PRE,0,2747,Jason Myers,K,8.5,0.0,8.5,8.5,8.5,8.5
2026-09-09 20:23:08,NE,pre,0.0,PRE,0,12713,Andy Borregales,K,7.1,0.0,7.1,7.1,7.1,7.1
2026-09-09 20:23:08,SEA,pre,0.0,PRE,0,SEA,Seattle Seahawks D/ST,DST,7.2,0.0,7.2,7.2,7.2,7.2
2026-09-09 20:23:08,NE,pre,0.0,PRE,0,NE,New England Patriots D/ST,DST,5.8,0.0,5.8,5.8,5.8,5.8
2026-09-09 20:23:08,NE,pre,0.0,PRE,0,13421,Eli Raridon,TE,1.8,0.0,1.8,1.8,1.8,1.8
2026-09-09 20:25:09,SEA,in,0.01,Q1 14:55,0,9488,Jaxon Smith-Njigba,WR,19.4,0.0,18.41,18.41,19.21,19.21
2026-09-09 20:25:09,NE,in,0.01,Q1 14:55,0,5859,A.J. Brown,WR,16.3,0.0,15.47,15.47,16.14,16.14
2026-09-09 20:25:09,NE,in,0.01,Q1 14:55,0,11564,Drake Maye,QB,19.4,0.0,19.05,19.05,19.21,19.21
2026-09-09 20:25:09,NE,in,0.01,Q1 14:55,0,7611,Rhamondre Stevenson,RB,17.5,0.0,16.3,16.3,17.32,17.32
2026-09-09 20:25:09,SEA,in,0.01,Q1 14:55,0,13286,Jadarian Price,RB,12.0,1.3,11.59,12.89,13.18,13.18
2026-09-09 20:25:09,NE,in,0.01,Q1 14:55,0,8121,Romeo Doubs,WR,9.7,0.0,9.21,9.21,9.6,9.6
2026-09-09 20:25:09,SEA,in,0.01,Q1 14:55,0,4943,Sam Darnold,QB,16.4,0.0,16.1,16.1,16.24,16.24
2026-09-09 20:25:09,SEA,in,0.01,Q1 14:55,0,8676,Rashid Shaheed,WR,8.5,0.0,8.07,8.07,8.41,8.41
2026-09-09 20:25:09,NE,in,0.01,Q1 14:55,0,3214,Hunter Henry,TE,9.7,0.0,9.21,9.21,9.6,9.6
2026-09-09 20:25:09,SEA,in,0.01,Q1 14:55,0,11435,Emanuel Wilson,RB,1.8,0.0,1.68,1.68,1.78,1.78
2026-09-09 20:25:09,SEA,in,0.01,Q1 14:55,0,11603,A.J. Barner,TE,7.9,0.0,7.5,7.5,7.82,7.82
2026-09-09 20:25:09,SEA,in,0.01,Q1 14:55,0,12048,George Holani,RB,6.6,0.0,6.15,6.15,6.53,6.53
2026-09-09 20:25:09,SEA,in,0.01,Q1 14:55,0,4039,Cooper Kupp,WR,7.4,0.0,7.02,7.02,7.33,7.33
2026-09-09 20:25:09,NE,in,0.01,Q1 14:55,0,4177,Mack Hollins,WR,3.3,0.0,3.13,3.13,3.27,3.27
2026-09-09 20:25:09,SEA,in,0.01,Q1 14:55,0,12521,Elijah Arroyo,TE,3.9,0.0,3.7,3.7,3.86,3.86
2026-09-09 20:25:09,NE,in,0.01,Q1 14:55,0,9501,Demario Douglas,WR,5.6,0.0,5.32,5.32,5.54,5.54
2026-09-09 20:25:09,SEA,in,0.01,Q1 14:55,0,2747,Jason Myers,K,8.5,0.0,8.41,8.41,8.41,8.41
2026-09-09 20:25:09,NE,in,0.01,Q1 14:55,0,12713,Andy Borregales,K,7.1,0.0,7.03,7.03,7.03,7.03
2026-09-09 20:25:09,SEA,in,0.01,Q1 14:55,0,SEA,Seattle Seahawks D/ST,DST,7.2,10.0,7.13,17.13,17.13,17.13
2026-09-09 20:25:09,NE,in,0.01,Q1 14:55,0,NE,New England Patriots D/ST,DST,5.8,10.0,5.74,15.74,15.74,15.74
2026-09-09 20:25:09,NE,in,0.01,Q1 14:55,0,13421,Eli Raridon,TE,1.8,0.0,1.71,1.71,1.78,1.78
2026-09-09 20:26:09,SEA,in,0.024,Q1 13:32,0,9488,Jaxon Smith-Njigba,WR,19.4,2.3,18.53,20.83,21.23,21.23
2026-09-09 20:26:09,NE,in,0.024,Q1 13:32,0,5859,A.J. Brown,WR,16.3,0.0,15.24,15.24,15.9,15.9
2026-09-09 20:26:09,NE,in,0.024,Q1 13:32,0,11564,Drake Maye,QB,19.4,0.0,18.77,18.77,18.93,18.93
2026-09-09 20:26:09,NE,in,0.024,Q1 13:32,0,7611,Rhamondre Stevenson,RB,17.5,0.0,16.06,16.06,17.07,17.07
2026-09-09 20:26:09,SEA,in,0.024,Q1 13:32,0,13286,Jadarian Price,RB,12.0,1.3,11.42,12.72,13.01,13.01
2026-09-09 20:26:09,NE,in,0.024,Q1 13:32,0,8121,Romeo Doubs,WR,9.7,0.0,9.07,9.07,9.46,9.46
2026-09-09 20:26:09,SEA,in,0.024,Q1 13:32,0,4943,Sam Darnold,QB,16.4,0.52,16.0,16.52,16.52,16.52
2026-09-09 20:26:09,SEA,in,0.024,Q1 13:32,0,8676,Rashid Shaheed,WR,8.5,0.0,7.95,7.95,8.29,8.29
2026-09-09 20:26:09,NE,in,0.024,Q1 13:32,0,3214,Hunter Henry,TE,9.7,0.0,9.07,9.07,9.46,9.46
2026-09-09 20:26:09,SEA,in,0.024,Q1 13:32,0,11435,Emanuel Wilson,RB,1.8,0.0,1.65,1.65,1.76,1.76
2026-09-09 20:26:09,SEA,in,0.024,Q1 13:32,0,11603,A.J. Barner,TE,7.9,0.0,7.39,7.39,7.71,7.71
2026-09-09 20:26:09,SEA,in,0.024,Q1 13:32,0,12048,George Holani,RB,6.6,0.0,6.06,6.06,6.44,6.44
2026-09-09 20:26:09,SEA,in,0.024,Q1 13:32,0,4039,Cooper Kupp,WR,7.4,0.0,6.92,6.92,7.22,7.22
2026-09-09 20:26:09,NE,in,0.024,Q1 13:32,0,4177,Mack Hollins,WR,3.3,0.0,3.09,3.09,3.22,3.22
2026-09-09 20:26:09,SEA,in,0.024,Q1 13:32,0,12521,Elijah Arroyo,TE,3.9,0.0,3.65,3.65,3.8,3.8
2026-09-09 20:26:09,NE,in,0.024,Q1 13:32,0,9501,Demario Douglas,WR,5.6,0.0,5.24,5.24,5.46,5.46
2026-09-09 20:26:09,SEA,in,0.024,Q1 13:32,0,2747,Jason Myers,K,8.5,0.0,8.29,8.29,8.29,8.29
2026-09-09 20:26:09,NE,in,0.024,Q1 13:32,0,12713,Andy Borregales,K,7.1,0.0,6.93,6.93,6.93,6.93
2026-09-09 20:26:09,SEA,in,0.024,Q1 13:32,0,SEA,Seattle Seahawks D/ST,DST,7.2,10.0,7.02,17.02,17.02,17.02
2026-09-09 20:26:09,NE,in,0.024,Q1 13:32,0,NE,New England Patriots D/ST,DST,5.8,10.0,5.66,15.66,15.66,15.66
2026-09-09 20:26:09,NE,in,0.024,Q1 13:32,0,13421,Eli Raridon,TE,1.8,0.0,1.68,1.68,1.76,1.76
2026-09-09 20:27:10,SEA,in,0.031,Q1 13:09,0,9488,Jaxon Smith-Njigba,WR,19.4,2.3,18.41,20.71,21.1,21.1
2026-09-09 20:27:10,NE,in,0.031,Q1 13:09,0,5859,A.J. Brown,WR,16.3,0.0,15.14,15.14,15.8,15.8
2026-09-09 20:27:10,NE,in,0.031,Q1 13:09,0,11564,Drake Maye,QB,19.4,0.0,18.65,18.65,18.8,18.8
2026-09-09 20:27:10,NE,in,0.031,Q1 13:09,0,7611,Rhamondre Stevenson,RB,17.5,0.0,15.96,15.96,16.96,16.96
2026-09-09 20:27:10,SEA,in,0.031,Q1 13:09,0,13286,Jadarian Price,RB,12.0,1.3,11.35,12.65,12.93,12.93
2026-09-09 20:27:10,NE,in,0.031,Q1 13:09,0,8121,Romeo Doubs,WR,9.7,0.0,9.01,9.01,9.4,9.4
2026-09-09 20:27:10,SEA,in,0.031,Q1 13:09,0,4943,Sam Darnold,QB,16.4,0.52,15.9,16.42,16.41,16.41
2026-09-09 20:27:10,SEA,in,0.031,Q1 13:09,0,8676,Rashid Shaheed,WR,8.5,0.0,7.9,7.9,8.24,8.24
2026-09-09 20:27:10,NE,in,0.031,Q1 13:09,0,3214,Hunter Henry,TE,9.7,0.0,9.01,9.01,9.4,9.4
2026-09-09 20:27:10,SEA,in,0.031,Q1 13:09,0,11435,Emanuel Wilson,RB,1.8,0.0,1.64,1.64,1.74,1.74
2026-09-09 20:27:10,SEA,in,0.031,Q1 13:09,0,11603,A.J. Barner,TE,7.9,0.0,7.34,7.34,7.66,7.66
2026-09-09 20:27:10,SEA,in,0.031,Q1 13:09,0,12048,George Holani,RB,6.6,0.9,6.3,7.2,7.3,7.3
2026-09-09 20:27:10,SEA,in,0.031,Q1 13:09,0,4039,Cooper Kupp,WR,7.4,0.0,6.88,6.88,7.17,7.17
2026-09-09 20:27:10,NE,in,0.031,Q1 13:09,0,4177,Mack Hollins,WR,3.3,0.0,3.07,3.07,3.2,3.2
2026-09-09 20:27:10,SEA,in,0.031,Q1 13:09,0,12521,Elijah Arroyo,TE,3.9,0.0,3.62,3.62,3.78,3.78
2026-09-09 20:27:10,NE,in,0.031,Q1 13:09,0,9501,Demario Douglas,WR,5.6,0.0,5.2,5.2,5.43,5.43
2026-09-09 20:27:10,SEA,in,0.031,Q1 13:09,0,2747,Jason Myers,K,8.5,0.0,8.24,8.24,8.24,8.24
2026-09-09 20:27:10,NE,in,0.031,Q1 13:09,0,12713,Andy Borregales,K,7.1,0.0,6.88,6.88,6.88,6.88
2026-09-09 20:27:10,SEA,in,0.031,Q1 13:09,0,SEA,Seattle Seahawks D/ST,DST,7.2,10.0,6.98,16.98,16.98,16.98
2026-09-09 20:27:10,NE,in,0.031,Q1 13:09,0,NE,New England Patriots D/ST,DST,5.8,10.0,5.62,15.62,15.62,15.62
2026-09-09 20:27:10,NE,in,0.031,Q1 13:09,0,13421,Eli Raridon,TE,1.8,0.0,1.67,1.67,1.74,1.74
2026-09-09 20:28:10,SEA,in,0.043,Q1 12:27,0,9488,Jaxon Smith-Njigba,WR,19.4,2.3,18.19,20.49,20.88,20.88
2026-09-09 20:28:10,NE,in,0.043,Q1 12:27,0,5859,A.J. Brown,WR,16.3,0.0,14.96,14.96,15.61,15.61
2026-09-09 20:28:10,NE,in,0.043,Q1 12:27,0,11564,Drake Maye,QB,19.4,0.0,18.43,18.43,18.58,18.58
2026-09-09 20:28:10,NE,in,0.043,Q1 12:27,0,7611,Rhamondre Stevenson,RB,17.5,0.0,15.77,15.77,16.76,16.76
2026-09-09 20:28:10,SEA,in,0.043,Q1 12:27,0,13286,Jadarian Price,RB,12.0,1.3,11.21,12.51,12.79,12.79
2026-09-09 20:28:10,NE,in,0.043,Q1 12:27,0,8121,Romeo Doubs,WR,9.7,0.0,8.9,8.9,9.29,9.29
2026-09-09 20:28:10,SEA,in,0.043,Q1 12:27,0,4943,Sam Darnold,QB,16.4,0.52,15.71,16.23,16.22,16.22
2026-09-09 20:28:10,SEA,in,0.043,Q1 12:27,0,8676,Rashid Shaheed,WR,8.5,0.0,7.8,7.8,8.14,8.14
2026-09-09 20:28:10,NE,in,0.043,Q1 12:27,0,3214,Hunter Henry,TE,9.7,0.0,8.9,8.9,9.29,9.29
2026-09-09 20:28:10,SEA,in,0.043,Q1 12:27,0,11435,Emanuel Wilson,RB,1.8,0.0,1.62,1.62,1.72,1.72
2026-09-09 20:28:10,SEA,in,0.043,Q1 12:27,0,11603,A.J. Barner,TE,7.9,0.0,7.25,7.25,7.56,7.56
2026-09-09 20:28:10,SEA,in,0.043,Q1 12:27,0,12048,George Holani,RB,6.6,0.9,6.22,7.12,7.22,7.22
2026-09-09 20:28:10,SEA,in,0.043,Q1 12:27,0,4039,Cooper Kupp,WR,7.4,0.0,6.79,6.79,7.09,7.09
2026-09-09 20:28:10,NE,in,0.043,Q1 12:27,0,4177,Mack Hollins,WR,3.3,0.0,3.03,3.03,3.16,3.16
2026-09-09 20:28:10,SEA,in,0.043,Q1 12:27,0,12521,Elijah Arroyo,TE,3.9,0.0,3.58,3.58,3.73,3.73
2026-09-09 20:28:10,NE,in,0.043,Q1 12:27,0,9501,Demario Douglas,WR,5.6,0.0,5.14,5.14,5.36,5.36
2026-09-09 20:28:10,SEA,in,0.043,Q1 12:27,0,2747,Jason Myers,K,8.5,0.0,8.14,8.14,8.14,8.14
2026-09-09 20:28:10,NE,in,0.043,Q1 12:27,0,12713,Andy Borregales,K,7.1,0.0,6.8,6.8,6.8,6.8
2026-09-09 20:28:10,SEA,in,0.043,Q1 12:27,0,SEA,Seattle Seahawks D/ST,DST,7.2,10.0,6.89,16.89,16.89,16.89
2026-09-09 20:28:10,NE,in,0.043,Q1 12:27,0,NE,New England Patriots D/ST,DST,5.8,11.0,5.55,16.55,16.55,16.55
2026-09-09 20:28:10,NE,in,0.043,Q1 12:27,0,13421,Eli Raridon,TE,1.8,0.0,1.65,1.65,1.72,1.72
2026-09-09 20:29:11,SEA,in,0.055,Q1 11:42,0,9488,Jaxon Smith-Njigba,WR,19.4,2.3,17.95,20.25,20.63,20.63
2026-09-09 20:29:11,NE,in,0.055,Q1 11:42,0,5859,A.J. Brown,WR,16.3,0.0,14.77,14.77,15.4,15.4
2026-09-09 20:29:11,NE,in,0.055,Q1 11:42,0,11564,Drake Maye,QB,19.4,0.0,18.18,18.18,18.33,18.33
2026-09-09 20:29:11,NE,in,0.055,Q1 11:42,0,7611,Rhamondre Stevenson,RB,17.5,0.0,15.56,15.56,16.54,16.54
2026-09-09 20:29:11,SEA,in,0.055,Q1 11:42,0,13286,Jadarian Price,RB,12.0,1.3,11.06,12.36,12.64,12.64
2026-09-09 20:29:11,NE,in,0.055,Q1 11:42,0,8121,Romeo Doubs,WR,9.7,0.0,8.79,8.79,9.17,9.17
2026-09-09 20:29:11,SEA,in,0.055,Q1 11:42,0,4943,Sam Darnold,QB,16.4,0.52,15.5,16.02,16.02,16.02
2026-09-09 20:29:11,SEA,in,0.055,Q1 11:42,0,8676,Rashid Shaheed,WR,8.5,0.0,7.7,7.7,8.03,8.03
2026-09-09 20:29:11,NE,in,0.055,Q1 11:42,0,3214,Hunter Henry,TE,9.7,0.0,8.79,8.79,9.17,9.17
2026-09-09 20:29:11,SEA,in,0.055,Q1 11:42,0,11435,Emanuel Wilson,RB,1.8,0.0,1.6,1.6,1.7,1.7
2026-09-09 20:29:11,SEA,in,0.055,Q1 11:42,0,11603,A.J. Barner,TE,7.9,0.0,7.16,7.16,7.47,7.47
2026-09-09 20:29:11,SEA,in,0.055,Q1 11:42,0,12048,George Holani,RB,6.6,0.9,6.14,7.04,7.14,7.14
2026-09-09 20:29:11,SEA,in,0.055,Q1 11:42,0,4039,Cooper Kupp,WR,7.4,0.0,6.7,6.7,6.99,6.99
2026-09-09 20:29:11,NE,in,0.055,Q1 11:42,0,4177,Mack Hollins,WR,3.3,0.0,2.99,2.99,3.12,3.12
2026-09-09 20:29:11,SEA,in,0.055,Q1 11:42,0,12521,Elijah Arroyo,TE,3.9,0.0,3.53,3.53,3.69,3.69
2026-09-09 20:29:11,NE,in,0.055,Q1 11:42,0,9501,Demario Douglas,WR,5.6,0.0,5.07,5.07,5.29,5.29
2026-09-09 20:29:11,SEA,in,0.055,Q1 11:42,0,2747,Jason Myers,K,8.5,0.0,8.03,8.03,8.03,8.03
2026-09-09 20:29:11,NE,in,0.055,Q1 11:42,0,12713,Andy Borregales,K,7.1,0.0,6.71,6.71,6.71,6.71
2026-09-09 20:29:11,SEA,in,0.055,Q1 11:42,0,SEA,Seattle Seahawks D/ST,DST,7.2,10.0,6.8,16.8,16.8,16.8
2026-09-09 20:29:11,NE,in,0.055,Q1 11:42,0,NE,New England Patriots D/ST,DST,5.8,11.0,5.48,16.48,16.48,16.48
2026-09-09 20:29:11,NE,in,0.055,Q1 11:42,0,13421,Eli Raridon,TE,1.8,0.0,1.63,1.63,1.7,1.7
2026-09-09 20:30:12,SEA,in,0.055,Q1 11:42,0,9488,Jaxon Smith-Njigba,WR,19.4,2.3,17.95,20.25,20.63,20.63
2026-09-09 20:30:12,NE,in,0.055,Q1 11:42,0,5859,A.J. Brown,WR,16.3,0.0,14.77,14.77,15.4,15.4
2026-09-09 20:30:12,NE,in,0.055,Q1 11:42,0,11564,Drake Maye,QB,19.4,0.0,18.18,18.18,18.33,18.33
2026-09-09 20:30:12,NE,in,0.055,Q1 11:42,0,7611,Rhamondre Stevenson,RB,17.5,0.0,15.56,15.56,16.54,16.54
2026-09-09 20:30:12,SEA,in,0.055,Q1 11:42,0,13286,Jadarian Price,RB,12.0,1.3,11.06,12.36,12.64,12.64
2026-09-09 20:30:12,NE,in,0.055,Q1 11:42,0,8121,Romeo Doubs,WR,9.7,0.0,8.79,8.79,9.17,9.17
2026-09-09 20:30:12,SEA,in,0.055,Q1 11:42,0,4943,Sam Darnold,QB,16.4,0.52,15.5,16.02,16.02,16.02
2026-09-09 20:30:12,SEA,in,0.055,Q1 11:42,0,8676,Rashid Shaheed,WR,8.5,0.0,7.7,7.7,8.03,8.03
2026-09-09 20:30:12,NE,in,0.055,Q1 11:42,0,3214,Hunter Henry,TE,9.7,0.0,8.79,8.79,9.17,9.17
2026-09-09 20:30:12,SEA,in,0.055,Q1 11:42,0,11435,Emanuel Wilson,RB,1.8,0.0,1.6,1.6,1.7,1.7
2026-09-09 20:30:12,SEA,in,0.055,Q1 11:42,0,11603,A.J. Barner,TE,7.9,0.0,7.16,7.16,7.47,7.47
2026-09-09 20:30:12,SEA,in,0.055,Q1 11:42,0,12048,George Holani,RB,6.6,0.9,6.14,7.04,7.14,7.14
2026-09-09 20:30:12,SEA,in,0.055,Q1 11:42,0,4039,Cooper Kupp,WR,7.4,0.0,6.7,6.7,6.99,6.99
2026-09-09 20:30:12,NE,in,0.055,Q1 11:42,0,4177,Mack Hollins,WR,3.3,0.0,2.99,2.99,3.12,3.12
2026-09-09 20:30:12,SEA,in,0.055,Q1 11:42,0,12521,Elijah Arroyo,TE,3.9,0.0,3.53,3.53,3.69,3.69
2026-09-09 20:30:12,NE,in,0.055,Q1 11:42,0,9501,Demario Douglas,WR,5.6,0.0,5.07,5.07,5.29,5.29
2026-09-09 20:30:12,SEA,in,0.055,Q1 11:42,0,2747,Jason Myers,K,8.5,0.0,8.03,8.03,8.03,8.03
2026-09-09 20:30:12,NE,in,0.055,Q1 11:42,0,12713,Andy Borregales,K,7.1,0.0,6.71,6.71,6.71,6.71
2026-09-09 20:30:12,SEA,in,0.055,Q1 11:42,0,SEA,Seattle Seahawks D/ST,DST,7.2,10.0,6.8,16.8,16.8,16.8
2026-09-09 20:30:12,NE,in,0.055,Q1 11:42,0,NE,New England Patriots D/ST,DST,5.8,11.0,5.48,16.48,16.48,16.48
2026-09-09 20:30:12,NE,in,0.055,Q1 11:42,0,13421,Eli Raridon,TE,1.8,0.0,1.63,1.63,1.7,1.7
2026-09-09 20:31:12,SEA,in,0.055,Q1 11:42,0,9488,Jaxon Smith-Njigba,WR,19.4,2.3,17.95,20.25,20.63,20.63
2026-09-09 20:31:12,NE,in,0.055,Q1 11:42,0,5859,A.J. Brown,WR,16.3,0.0,14.77,14.77,15.4,15.4
2026-09-09 20:31:12,NE,in,0.055,Q1 11:42,0,11564,Drake Maye,QB,19.4,0.0,18.18,18.18,18.33,18.33
2026-09-09 20:31:12,NE,in,0.055,Q1 11:42,0,7611,Rhamondre Stevenson,RB,17.5,0.0,15.56,15.56,16.54,16.54
2026-09-09 20:31:12,SEA,in,0.055,Q1 11:42,0,13286,Jadarian Price,RB,12.0,1.3,11.06,12.36,12.64,12.64
2026-09-09 20:31:12,NE,in,0.055,Q1 11:42,0,8121,Romeo Doubs,WR,9.7,0.0,8.79,8.79,9.17,9.17
2026-09-09 20:31:12,SEA,in,0.055,Q1 11:42,0,4943,Sam Darnold,QB,16.4,0.52,15.5,16.02,16.02,16.02
2026-09-09 20:31:12,SEA,in,0.055,Q1 11:42,0,8676,Rashid Shaheed,WR,8.5,0.0,7.7,7.7,8.03,8.03
2026-09-09 20:31:12,NE,in,0.055,Q1 11:42,0,3214,Hunter Henry,TE,9.7,0.0,8.79,8.79,9.17,9.17
2026-09-09 20:31:12,SEA,in,0.055,Q1 11:42,0,11435,Emanuel Wilson,RB,1.8,0.0,1.6,1.6,1.7,1.7
2026-09-09 20:31:12,SEA,in,0.055,Q1 11:42,0,11603,A.J. Barner,TE,7.9,0.0,7.16,7.16,7.47,7.47
2026-09-09 20:31:12,SEA,in,0.055,Q1 11:42,0,12048,George Holani,RB,6.6,0.9,6.14,7.04,7.14,7.14
2026-09-09 20:31:12,SEA,in,0.055,Q1 11:42,0,4039,Cooper Kupp,WR,7.4,0.0,6.7,6.7,6.99,6.99
2026-09-09 20:31:12,NE,in,0.055,Q1 11:42,0,4177,Mack Hollins,WR,3.3,0.0,2.99,2.99,3.12,3.12
2026-09-09 20:31:12,SEA,in,0.055,Q1 11:42,0,12521,Elijah Arroyo,TE,3.9,0.0,3.53,3.53,3.69,3.69
2026-09-09 20:31:12,NE,in,0.055,Q1 11:42,0,9501,Demario Douglas,WR,5.6,0.0,5.07,5.07,5.29,5.29
2026-09-09 20:31:12,SEA,in,0.055,Q1 11:42,0,2747,Jason Myers,K,8.5,0.0,8.03,8.03,8.03,8.03
2026-09-09 20:31:12,NE,in,0.055,Q1 11:42,0,12713,Andy Borregales,K,7.1,0.0,6.71,6.71,6.71,6.71
2026-09-09 20:31:12,SEA,in,0.055,Q1 11:42,0,SEA,Seattle Seahawks D/ST,DST,7.2,10.0,6.8,16.8,16.8,16.8
2026-09-09 20:31:12,NE,in,0.055,Q1 11:42,0,NE,New England Patriots D/ST,DST,5.8,11.0,5.48,16.48,16.48,16.48
2026-09-09 20:31:12,NE,in,0.055,Q1 11:42,0,13421,Eli Raridon,TE,1.8,0.0,1.63,1.63,1.7,1.7
2026-09-09 20:32:13,SEA,in,0.065,Q1 11:07,0,9488,Jaxon Smith-Njigba,WR,19.4,2.3,17.77,20.07,20.44,20.44
2026-09-09 20:32:13,NE,in,0.065,Q1 11:07,0,5859,A.J. Brown,WR,16.3,0.0,14.62,14.62,15.25,15.25
2026-09-09 20:32:13,NE,in,0.065,Q1 11:07,0,11564,Drake Maye,QB,19.4,0.0,18.0,18.0,18.14,18.14
2026-09-09 20:32:13,NE,in,0.065,Q1 11:07,0,7611,Rhamondre Stevenson,RB,17.5,0.3,15.49,15.79,16.67,16.67
2026-09-09 20:32:13,SEA,in,0.065,Q1 11:07,0,13286,Jadarian Price,RB,12.0,1.3,10.95,12.25,12.52,12.52
2026-09-09 20:32:13,NE,in,0.065,Q1 11:07,0,8121,Romeo Doubs,WR,9.7,0.0,8.7,8.7,9.07,9.07
2026-09-09 20:32:13,SEA,in,0.065,Q1 11:07,0,4943,Sam Darnold,QB,16.4,0.52,15.34,15.86,15.86,15.86
2026-09-09 20:32:13,SEA,in,0.065,Q1 11:07,0,8676,Rashid Shaheed,WR,8.5,0.0,7.62,7.62,7.95,7.95
2026-09-09 20:32:13,NE,in,0.065,Q1 11:07,0,3214,Hunter Henry,TE,9.7,0.0,8.7,8.7,9.07,9.07
2026-09-09 20:32:13,SEA,in,0.065,Q1 11:07,0,11435,Emanuel Wilson,RB,1.8,0.0,1.58,1.58,1.68,1.68
2026-09-09 20:32:13,SEA,in,0.065,Q1 11:07,0,11603,A.J. Barner,TE,7.9,0.0,7.08,7.08,7.39,7.39
2026-09-09 20:32:13,SEA,in,0.065,Q1 11:07,0,12048,George Holani,RB,6.6,0.9,6.08,6.98,7.07,7.07
2026-09-09 20:32:13,SEA,in,0.065,Q1 11:07,0,4039,Cooper Kupp,WR,7.4,0.0,6.64,6.64,6.92,6.92
2026-09-09 20:32:13,NE,in,0.065,Q1 11:07,0,4177,Mack Hollins,WR,3.3,0.0,2.96,2.96,3.09,3.09
2026-09-09 20:32:13,SEA,in,0.065,Q1 11:07,0,12521,Elijah Arroyo,TE,3.9,0.0,3.5,3.5,3.65,3.65
2026-09-09 20:32:13,NE,in,0.065,Q1 11:07,0,9501,Demario Douglas,WR,5.6,0.0,5.02,5.02,5.24,5.24
2026-09-09 20:32:13,SEA,in,0.065,Q1 11:07,0,2747,Jason Myers,K,8.5,0.0,7.95,7.95,7.95,7.95
2026-09-09 20:32:13,NE,in,0.065,Q1 11:07,0,12713,Andy Borregales,K,7.1,0.0,6.64,6.64,6.64,6.64
2026-09-09 20:32:13,SEA,in,0.065,Q1 11:07,0,SEA,Seattle Seahawks D/ST,DST,7.2,10.0,6.73,16.73,16.73,16.73
2026-09-09 20:32:13,NE,in,0.065,Q1 11:07,0,NE,New England Patriots D/ST,DST,5.8,11.0,5.42,16.42,16.42,16.42
2026-09-09 20:32:13,NE,in,0.065,Q1 11:07,0,13421,Eli Raridon,TE,1.8,0.0,1.61,1.61,1.68,1.68
2026-09-09 20:33:14,SEA,in,0.076,Q1 10:26,0,9488,Jaxon Smith-Njigba,WR,19.4,2.3,17.55,19.85,20.22,20.22
2026-09-09 20:33:14,NE,in,0.076,Q1 10:26,0,5859,A.J. Brown,WR,16.3,0.0,14.44,14.44,15.06,15.06
2026-09-09 20:33:14,NE,in,0.076,Q1 10:26,0,11564,Drake Maye,QB,19.4,1.0,18.02,19.02,18.92,18.92
2026-09-09 20:33:14,NE,in,0.076,Q1 10:26,0,7611,Rhamondre Stevenson,RB,17.5,0.5,15.36,15.86,16.67,16.67
2026-09-09 20:33:14,SEA,in,0.076,Q1 10:26,0,13286,Jadarian Price,RB,12.0,1.3,10.82,12.12,12.39,12.39
2026-09-09 20:33:14,NE,in,0.076,Q1 10:26,0,8121,Romeo Doubs,WR,9.7,0.0,8.59,8.59,8.96,8.96
2026-09-09 20:33:14,SEA,in,0.076,Q1 10:26,0,4943,Sam Darnold,QB,16.4,0.52,15.16,15.68,15.67,15.67
2026-09-09 20:33:14,SEA,in,0.076,Q1 10:26,0,8676,Rashid Shaheed,WR,8.5,0.0,7.53,7.53,7.85,7.85
2026-09-09 20:33:14,NE,in,0.076,Q1 10:26,0,3214,Hunter Henry,TE,9.7,0.0,8.59,8.59,8.96,8.96
2026-09-09 20:33:14,SEA,in,0.076,Q1 10:26,0,11435,Emanuel Wilson,RB,1.8,0.0,1.56,1.56,1.66,1.66
2026-09-09 20:33:14,SEA,in,0.076,Q1 10:26,0,11603,A.J. Barner,TE,7.9,0.0,7.0,7.0,7.3,7.3
2026-09-09 20:33:14,SEA,in,0.076,Q1 10:26,0,12048,George Holani,RB,6.6,0.9,6.0,6.9,7.0,7.0
2026-09-09 20:33:14,SEA,in,0.076,Q1 10:26,0,4039,Cooper Kupp,WR,7.4,0.0,6.55,6.55,6.84,6.84
2026-09-09 20:33:14,NE,in,0.076,Q1 10:26,0,4177,Mack Hollins,WR,3.3,0.0,2.92,2.92,3.05,3.05
2026-09-09 20:33:14,SEA,in,0.076,Q1 10:26,0,12521,Elijah Arroyo,TE,3.9,0.0,3.45,3.45,3.6,3.6
2026-09-09 20:33:14,NE,in,0.076,Q1 10:26,0,9501,Demario Douglas,WR,5.6,0.0,4.96,4.96,5.17,5.17
2026-09-09 20:33:14,SEA,in,0.076,Q1 10:26,0,2747,Jason Myers,K,8.5,0.0,7.85,7.85,7.85,7.85
2026-09-09 20:33:14,NE,in,0.076,Q1 10:26,0,12713,Andy Borregales,K,7.1,0.0,6.56,6.56,6.56,6.56
2026-09-09 20:33:14,SEA,in,0.076,Q1 10:26,0,SEA,Seattle Seahawks D/ST,DST,7.2,10.0,6.65,16.65,16.65,16.65
2026-09-09 20:33:14,NE,in,0.076,Q1 10:26,0,NE,New England Patriots D/ST,DST,5.8,11.0,5.36,16.36,16.36,16.36
2026-09-09 20:33:14,NE,in,0.076,Q1 10:26,0,13421,Eli Raridon,TE,1.8,0.0,1.59,1.59,1.66,1.66
2026-09-09 20:34:14,SEA,in,0.085,Q1 9:53,0,9488,Jaxon Smith-Njigba,WR,19.4,2.3,17.38,19.68,20.05,20.05
2026-09-09 20:34:14,NE,in,0.085,Q1 9:53,0,5859,A.J. Brown,WR,16.3,0.0,14.29,14.29,14.91,14.91
2026-09-09 20:34:14,NE,in,0.085,Q1 9:53,0,11564,Drake Maye,QB,19.4,1.0,17.84,18.84,18.75,18.75
2026-09-09 20:34:14,NE,in,0.085,Q1 9:53,0,7611,Rhamondre Stevenson,RB,17.5,0.8,15.3,16.1,16.81,16.81
2026-09-09 20:34:14,SEA,in,0.085,Q1 9:53,0,13286,Jadarian Price,RB,12.0,1.3,10.71,12.01,12.28,12.28
2026-09-09 20:34:14,NE,in,0.085,Q1 9:53,0,8121,Romeo Doubs,WR,9.7,0.0,8.51,8.51,8.87,8.87
2026-09-09 20:34:14,SEA,in,0.085,Q1 9:53,0,4943,Sam Darnold,QB,16.4,0.52,15.01,15.53,15.52,15.52
2026-09-09 20:34:14,SEA,in,0.085,Q1 9:53,0,8676,Rashid Shaheed,WR,8.5,0.0,7.45,7.45,7.78,7.78
2026-09-09 20:34:14,NE,in,0.085,Q1 9:53,0,3214,Hunter Henry,TE,9.7,0.0,8.51,8.51,8.87,8.87
2026-09-09 20:34:14,SEA,in,0.085,Q1 9:53,0,11435,Emanuel Wilson,RB,1.8,0.0,1.55,1.55,1.65,1.65
2026-09-09 20:34:14,SEA,in,0.085,Q1 9:53,0,11603,A.J. Barner,TE,7.9,0.0,6.93,6.93,7.23,7.23
2026-09-09 20:34:14,SEA,in,0.085,Q1 9:53,0,12048,George Holani,RB,6.6,0.9,5.94,6.84,6.94,6.94
2026-09-09 20:34:14,SEA,in,0.085,Q1 9:53,0,4039,Cooper Kupp,WR,7.4,0.0,6.49,6.49,6.77,6.77
2026-09-09 20:34:14,NE,in,0.085,Q1 9:53,0,4177,Mack Hollins,WR,3.3,0.0,2.89,2.89,3.02,3.02
2026-09-09 20:34:14,SEA,in,0.085,Q1 9:53,0,12521,Elijah Arroyo,TE,3.9,0.0,3.42,3.42,3.57,3.57
2026-09-09 20:34:14,NE,in,0.085,Q1 9:53,0,9501,Demario Douglas,WR,5.6,0.0,4.91,4.91,5.12,5.12
2026-09-09 20:34:14,SEA,in,0.085,Q1 9:53,0,2747,Jason Myers,K,8.5,0.0,7.78,7.78,7.78,7.78
2026-09-09 20:34:14,NE,in,0.085,Q1 9:53,0,12713,Andy Borregales,K,7.1,0.0,6.49,6.49,6.49,6.49
2026-09-09 20:34:14,SEA,in,0.085,Q1 9:53,0,SEA,Seattle Seahawks D/ST,DST,7.2,10.0,6.59,16.59,16.59,16.59
2026-09-09 20:34:14,NE,in,0.085,Q1 9:53,0,NE,New England Patriots D/ST,DST,5.8,11.0,5.31,16.31,16.31,16.31
2026-09-09 20:34:14,NE,in,0.085,Q1 9:53,0,13421,Eli Raridon,TE,1.8,0.0,1.58,1.58,1.65,1.65
2026-09-09 20:35:15,SEA,in,0.096,Q1 9:14,0,9488,Jaxon Smith-Njigba,WR,19.4,2.3,17.17,19.47,19.84,19.84
2026-09-09 20:35:15,NE,in,0.096,Q1 9:14,0,5859,A.J. Brown,WR,16.3,0.0,14.12,14.12,14.73,14.73
2026-09-09 20:35:15,NE,in,0.096,Q1 9:14,0,11564,Drake Maye,QB,19.4,1.2,17.68,18.88,18.74,18.74
2026-09-09 20:35:15,NE,in,0.096,Q1 9:14,0,7611,Rhamondre Stevenson,RB,17.5,0.8,15.12,15.92,16.62,16.62
2026-09-09 20:35:15,SEA,in,0.096,Q1 9:14,0,13286,Jadarian Price,RB,12.0,1.3,10.58,11.88,12.15,12.15
2026-09-09 20:35:15,NE,in,0.096,Q1 9:14,0,8121,Romeo Doubs,WR,9.7,0.0,8.41,8.41,8.77,8.77
2026-09-09 20:35:15,SEA,in,0.096,Q1 9:14,0,4943,Sam Darnold,QB,16.4,0.52,14.83,15.35,15.34,15.34
2026-09-09 20:35:15,SEA,in,0.096,Q1 9:14,0,8676,Rashid Shaheed,WR,8.5,0.0,7.37,7.37,7.68,7.68
2026-09-09 20:35:15,NE,in,0.096,Q1 9:14,0,3214,Hunter Henry,TE,9.7,0.0,8.41,8.41,8.77,8.77
2026-09-09 20:35:15,SEA,in,0.096,Q1 9:14,0,11435,Emanuel Wilson,RB,1.8,0.0,1.53,1.53,1.63,1.63
2026-09-09 20:35:15,SEA,in,0.096,Q1 9:14,0,11603,A.J. Barner,TE,7.9,0.0,6.85,6.85,7.14,7.14
2026-09-09 20:35:15,SEA,in,0.096,Q1 9:14,0,12048,George Holani,RB,6.6,0.9,5.87,6.77,6.87,6.87
2026-09-09 20:35:15,SEA,in,0.096,Q1 9:14,0,4039,Cooper Kupp,WR,7.4,0.0,6.41,6.41,6.69,6.69
2026-09-09 20:35:15,NE,in,0.096,Q1 9:14,0,4177,Mack Hollins,WR,3.3,0.0,2.86,2.86,2.98,2.98
2026-09-09 20:35:15,SEA,in,0.096,Q1 9:14,0,12521,Elijah Arroyo,TE,3.9,0.0,3.38,3.38,3.53,3.53
2026-09-09 20:35:15,NE,in,0.096,Q1 9:14,0,9501,Demario Douglas,WR,5.6,0.0,4.85,4.85,5.06,5.06
2026-09-09 20:35:15,SEA,in,0.096,Q1 9:14,0,2747,Jason Myers,K,8.5,0.0,7.68,7.68,7.68,7.68
2026-09-09 20:35:15,NE,in,0.096,Q1 9:14,0,12713,Andy Borregales,K,7.1,0.0,6.42,6.42,6.42,6.42
2026-09-09 20:35:15,SEA,in,0.096,Q1 9:14,0,SEA,Seattle Seahawks D/ST,DST,7.2,10.0,6.51,16.51,16.51,16.51
2026-09-09 20:35:15,NE,in,0.096,Q1 9:14,0,NE,New England Patriots D/ST,DST,5.8,11.0,5.24,16.24,16.24,16.24
2026-09-09 20:35:15,NE,in,0.096,Q1 9:14,0,13421,Eli Raridon,TE,1.8,0.0,1.56,1.56,1.63,1.63
2026-09-09 20:36:15,SEA,in,0.11,Q1 8:25,0,9488,Jaxon Smith-Njigba,WR,19.4,2.3,16.91,19.21,19.57,19.57
2026-09-09 20:36:15,NE,in,0.11,Q1 8:25,0,5859,A.J. Brown,WR,16.3,0.0,13.92,13.92,14.51,14.51
2026-09-09 20:36:15,NE,in,0.11,Q1 8:25,0,11564,Drake Maye,QB,19.4,1.2,17.4,18.6,18.47,18.47
2026-09-09 20:36:15,NE,in,0.11,Q1 8:25,0,7611,Rhamondre Stevenson,RB,17.5,1.3,15.0,16.3,16.88,16.88
2026-09-09 20:36:15,SEA,in,0.11,Q1 8:25,0,13286,Jadarian Price,RB,12.0,1.3,10.4,11.7,11.98,11.98
2026-09-09 20:36:15,NE,in,0.11,Q1 8:25,0,8121,Romeo Doubs,WR,9.7,0.0,8.28,8.28,8.64,8.64
2026-09-09 20:36:15,SEA,in,0.11,Q1 8:25,0,4943,Sam Darnold,QB,16.4,0.52,14.59,15.11,15.12,15.12
2026-09-09 20:36:15,SEA,in,0.11,Q1 8:25,0,8676,Rashid Shaheed,WR,8.5,0.0,7.26,7.26,7.57,7.57
2026-09-09 20:36:15,NE,in,0.11,Q1 8:25,0,3214,Hunter Henry,TE,9.7,0.0,8.28,8.28,8.64,8.64
2026-09-09 20:36:15,SEA,in,0.11,Q1 8:25,0,11435,Emanuel Wilson,RB,1.8,0.0,1.5,1.5,1.6,1.6
2026-09-09 20:36:15,SEA,in,0.11,Q1 8:25,0,11603,A.J. Barner,TE,7.9,0.0,6.74,6.74,7.03,7.03
2026-09-09 20:36:15,SEA,in,0.11,Q1 8:25,0,12048,George Holani,RB,6.6,0.9,5.77,6.67,6.78,6.78
2026-09-09 20:36:15,SEA,in,0.11,Q1 8:25,0,4039,Cooper Kupp,WR,7.4,0.0,6.32,6.32,6.59,6.59
2026-09-09 20:36:15,NE,in,0.11,Q1 8:25,0,4177,Mack Hollins,WR,3.3,0.0,2.82,2.82,2.94,2.94
2026-09-09 20:36:15,SEA,in,0.11,Q1 8:25,0,12521,Elijah Arroyo,TE,3.9,0.0,3.33,3.33,3.47,3.47
2026-09-09 20:36:15,NE,in,0.11,Q1 8:25,0,9501,Demario Douglas,WR,5.6,0.0,4.78,4.78,4.99,4.99
2026-09-09 20:36:15,SEA,in,0.11,Q1 8:25,0,2747,Jason Myers,K,8.5,0.0,7.57,7.57,7.57,7.57
2026-09-09 20:36:15,NE,in,0.11,Q1 8:25,0,12713,Andy Borregales,K,7.1,0.0,6.32,6.32,6.32,6.32
2026-09-09 20:36:15,SEA,in,0.11,Q1 8:25,0,SEA,Seattle Seahawks D/ST,DST,7.2,10.0,6.41,16.41,16.41,16.41
2026-09-09 20:36:15,NE,in,0.11,Q1 8:25,0,NE,New England Patriots D/ST,DST,5.8,11.0,5.16,16.16,16.16,16.16
2026-09-09 20:36:15,NE,in,0.11,Q1 8:25,0,13421,Eli Raridon,TE,1.8,0.0,1.54,1.54,1.6,1.6
2026-09-09 20:37:16,SEA,in,0.122,Q1 7:41,0,9488,Jaxon Smith-Njigba,WR,19.4,2.3,16.68,18.98,19.33,19.33
2026-09-09 20:37:16,NE,in,0.122,Q1 7:41,0,5859,A.J. Brown,WR,16.3,0.0,13.73,13.73,14.31,14.31
2026-09-09 20:37:16,NE,in,0.122,Q1 7:41,0,11564,Drake Maye,QB,19.4,1.2,17.14,18.34,18.23,18.23
2026-09-09 20:37:16,NE,in,0.122,Q1 7:41,0,7611,Rhamondre Stevenson,RB,17.5,1.0,14.66,15.66,16.37,16.37
2026-09-09 20:37:16,SEA,in,0.122,Q1 7:41,0,13286,Jadarian Price,RB,12.0,1.3,10.23,11.53,11.84,11.84
2026-09-09 20:37:16,NE,in,0.122,Q1 7:41,0,8121,Romeo Doubs,WR,9.7,0.0,8.17,8.17,8.52,8.52
2026-09-09 20:37:16,SEA,in,0.122,Q1 7:41,0,4943,Sam Darnold,QB,16.4,0.52,14.37,14.89,14.92,14.92
2026-09-09 20:37:16,SEA,in,0.122,Q1 7:41,0,8676,Rashid Shaheed,WR,8.5,0.0,7.16,7.16,7.46,7.46
2026-09-09 20:37:16,NE,in,0.122,Q1 7:41,0,3214,Hunter Henry,TE,9.7,0.0,8.17,8.17,8.52,8.52
2026-09-09 20:37:16,SEA,in,0.122,Q1 7:41,0,11435,Emanuel Wilson,RB,1.8,0.0,1.48,1.48,1.58,1.58
2026-09-09 20:37:16,SEA,in,0.122,Q1 7:41,0,11603,A.J. Barner,TE,7.9,0.0,6.65,6.65,6.94,6.94
2026-09-09 20:37:16,SEA,in,0.122,Q1 7:41,0,12048,George Holani,RB,6.6,0.9,5.68,6.58,6.7,6.7
2026-09-09 20:37:16,SEA,in,0.122,Q1 7:41,0,4039,Cooper Kupp,WR,7.4,0.0,6.23,6.23,6.5,6.5
2026-09-09 20:37:16,NE,in,0.122,Q1 7:41,0,4177,Mack Hollins,WR,3.3,0.0,2.78,2.78,2.9,2.9
2026-09-09 20:37:16,SEA,in,0.122,Q1 7:41,0,12521,Elijah Arroyo,TE,3.9,0.0,3.29,3.29,3.42,3.42
2026-09-09 20:37:16,NE,in,0.122,Q1 7:41,0,9501,Demario Douglas,WR,5.6,0.0,4.72,4.72,4.92,4.92
2026-09-09 20:37:16,SEA,in,0.122,Q1 7:41,0,2747,Jason Myers,K,8.5,0.0,7.46,7.46,7.46,7.46
2026-09-09 20:37:16,NE,in,0.122,Q1 7:41,0,12713,Andy Borregales,K,7.1,0.0,6.23,6.23,6.23,6.23
2026-09-09 20:37:16,SEA,in,0.122,Q1 7:41,0,SEA,Seattle Seahawks D/ST,DST,7.2,10.0,6.32,16.32,16.32,16.32
2026-09-09 20:37:16,NE,in,0.122,Q1 7:41,0,NE,New England Patriots D/ST,DST,5.8,11.0,5.09,16.09,16.09,16.09
2026-09-09 20:37:16,NE,in,0.122,Q1 7:41,0,13421,Eli Raridon,TE,1.8,0.0,1.52,1.52,1.58,1.58
2026-09-09 20:38:17,SEA,in,0.125,Q1 7:29,0,9488,Jaxon Smith-Njigba,WR,19.4,2.3,16.62,18.92,19.27,19.27
2026-09-09 20:38:17,NE,in,0.125,Q1 7:29,0,5859,A.J. Brown,WR,16.3,0.0,13.68,13.68,14.26,14.26
2026-09-09 20:38:17,NE,in,0.125,Q1 7:29,0,11564,Drake Maye,QB,19.4,1.2,17.07,18.27,18.17,18.17
2026-09-09 20:38:17,NE,in,0.125,Q1 7:29,0,7611,Rhamondre Stevenson,RB,17.5,1.0,14.59,15.59,16.31,16.31
2026-09-09 20:38:17,SEA,in,0.125,Q1 7:29,0,13286,Jadarian Price,RB,12.0,1.3,10.18,11.48,11.8,11.8
2026-09-09 20:38:17,NE,in,0.125,Q1 7:29,0,8121,Romeo Doubs,WR,9.7,0.0,8.14,8.14,8.48,8.48
2026-09-09 20:38:17,SEA,in,0.125,Q1 7:29,0,4943,Sam Darnold,QB,16.4,0.52,14.31,14.83,14.87,14.87
2026-09-09 20:38:17,SEA,in,0.125,Q1 7:29,0,8676,Rashid Shaheed,WR,8.5,0.0,7.13,7.13,7.44,7.44
2026-09-09 20:38:17,NE,in,0.125,Q1 7:29,0,3214,Hunter Henry,TE,9.7,0.0,8.14,8.14,8.48,8.48
2026-09-09 20:38:17,SEA,in,0.125,Q1 7:29,0,11435,Emanuel Wilson,RB,1.8,0.0,1.47,1.47,1.57,1.57
2026-09-09 20:38:17,SEA,in,0.125,Q1 7:29,0,11603,A.J. Barner,TE,7.9,0.0,6.63,6.63,6.91,6.91
2026-09-09 20:38:17,SEA,in,0.125,Q1 7:29,0,12048,George Holani,RB,6.6,0.9,5.65,6.55,6.67,6.67
2026-09-09 20:38:17,SEA,in,0.125,Q1 7:29,0,4039,Cooper Kupp,WR,7.4,0.0,6.21,6.21,6.47,6.47
2026-09-09 20:38:17,NE,in,0.125,Q1 7:29,0,4177,Mack Hollins,WR,3.3,0.0,2.77,2.77,2.89,2.89
2026-09-09 20:38:17,SEA,in,0.125,Q1 7:29,0,12521,Elijah Arroyo,TE,3.9,0.0,3.27,3.27,3.41,3.41
2026-09-09 20:38:17,NE,in,0.125,Q1 7:29,0,9501,Demario Douglas,WR,5.6,0.0,4.7,4.7,4.9,4.9
2026-09-09 20:38:17,SEA,in,0.125,Q1 7:29,0,2747,Jason Myers,K,8.5,0.0,7.44,7.44,7.44,7.44
2026-09-09 20:38:17,NE,in,0.125,Q1 7:29,0,12713,Andy Borregales,K,7.1,0.0,6.21,6.21,6.21,6.21
2026-09-09 20:38:17,SEA,in,0.125,Q1 7:29,0,SEA,Seattle Seahawks D/ST,DST,7.2,10.0,6.3,16.3,16.3,16.3
2026-09-09 20:38:17,NE,in,0.125,Q1 7:29,0,NE,New England Patriots D/ST,DST,5.8,11.0,5.07,16.07,16.07,16.07
2026-09-09 20:38:17,NE,in,0.125,Q1 7:29,0,13421,Eli Raridon,TE,1.8,0.0,1.51,1.51,1.57,1.57
2026-09-09 20:39:17,SEA,in,0.125,Q1 7:29,0,9488,Jaxon Smith-Njigba,WR,19.4,2.3,16.62,18.92,19.27,19.27
2026-09-09 20:39:17,NE,in,0.125,Q1 7:29,0,5859,A.J. Brown,WR,16.3,0.0,13.68,13.68,14.26,14.26
2026-09-09 20:39:17,NE,in,0.125,Q1 7:29,0,11564,Drake Maye,QB,19.4,1.2,17.07,18.27,18.17,18.17
2026-09-09 20:39:17,NE,in,0.125,Q1 7:29,0,7611,Rhamondre Stevenson,RB,17.5,1.0,14.59,15.59,16.31,16.31
2026-09-09 20:39:17,SEA,in,0.125,Q1 7:29,0,13286,Jadarian Price,RB,12.0,1.3,10.18,11.48,11.8,11.8
2026-09-09 20:39:17,NE,in,0.125,Q1 7:29,0,8121,Romeo Doubs,WR,9.7,0.0,8.14,8.14,8.48,8.48
2026-09-09 20:39:17,SEA,in,0.125,Q1 7:29,0,4943,Sam Darnold,QB,16.4,0.52,14.31,14.83,14.87,14.87
2026-09-09 20:39:17,SEA,in,0.125,Q1 7:29,0,8676,Rashid Shaheed,WR,8.5,0.0,7.13,7.13,7.44,7.44
2026-09-09 20:39:17,NE,in,0.125,Q1 7:29,0,3214,Hunter Henry,TE,9.7,0.0,8.14,8.14,8.48,8.48
2026-09-09 20:39:17,SEA,in,0.125,Q1 7:29,0,11435,Emanuel Wilson,RB,1.8,0.0,1.47,1.47,1.57,1.57
2026-09-09 20:39:17,SEA,in,0.125,Q1 7:29,0,11603,A.J. Barner,TE,7.9,0.0,6.63,6.63,6.91,6.91
2026-09-09 20:39:17,SEA,in,0.125,Q1 7:29,0,12048,George Holani,RB,6.6,0.9,5.65,6.55,6.67,6.67
2026-09-09 20:39:17,SEA,in,0.125,Q1 7:29,0,4039,Cooper Kupp,WR,7.4,0.0,6.21,6.21,6.47,6.47
2026-09-09 20:39:17,NE,in,0.125,Q1 7:29,0,4177,Mack Hollins,WR,3.3,0.0,2.77,2.77,2.89,2.89
2026-09-09 20:39:17,SEA,in,0.125,Q1 7:29,0,12521,Elijah Arroyo,TE,3.9,0.0,3.27,3.27,3.41,3.41
2026-09-09 20:39:17,NE,in,0.125,Q1 7:29,0,9501,Demario Douglas,WR,5.6,0.0,4.7,4.7,4.9,4.9
2026-09-09 20:39:17,SEA,in,0.125,Q1 7:29,0,2747,Jason Myers,K,8.5,0.0,7.44,7.44,7.44,7.44
2026-09-09 20:39:17,NE,in,0.125,Q1 7:29,0,12713,Andy Borregales,K,7.1,0.0,6.21,6.21,6.21,6.21
2026-09-09 20:39:17,SEA,in,0.125,Q1 7:29,0,SEA,Seattle Seahawks D/ST,DST,7.2,10.0,6.3,16.3,16.3,16.3
2026-09-09 20:39:17,NE,in,0.125,Q1 7:29,0,NE,New England Patriots D/ST,DST,5.8,11.0,5.07,16.07,16.07,16.07
2026-09-09 20:39:17,NE,in,0.125,Q1 7:29,0,13421,Eli Raridon,TE,1.8,0.0,1.51,1.51,1.57,1.57
2026-09-09 20:40:18,SEA,in,0.125,Q1 7:29,0,9488,Jaxon Smith-Njigba,WR,19.4,2.3,16.62,18.92,19.27,19.27
2026-09-09 20:40:18,NE,in,0.125,Q1 7:29,0,5859,A.J. Brown,WR,16.3,0.0,13.68,13.68,14.26,14.26
2026-09-09 20:40:18,NE,in,0.125,Q1 7:29,0,11564,Drake Maye,QB,19.4,1.2,17.07,18.27,18.17,18.17
2026-09-09 20:40:18,NE,in,0.125,Q1 7:29,0,7611,Rhamondre Stevenson,RB,17.5,1.0,14.59,15.59,16.31,16.31
2026-09-09 20:40:18,SEA,in,0.125,Q1 7:29,0,13286,Jadarian Price,RB,12.0,1.3,10.18,11.48,11.8,11.8
2026-09-09 20:40:18,NE,in,0.125,Q1 7:29,0,8121,Romeo Doubs,WR,9.7,0.0,8.14,8.14,8.48,8.48
2026-09-09 20:40:18,SEA,in,0.125,Q1 7:29,0,4943,Sam Darnold,QB,16.4,0.52,14.31,14.83,14.87,14.87
2026-09-09 20:40:18,SEA,in,0.125,Q1 7:29,0,8676,Rashid Shaheed,WR,8.5,0.0,7.13,7.13,7.44,7.44
2026-09-09 20:40:18,NE,in,0.125,Q1 7:29,0,3214,Hunter Henry,TE,9.7,0.0,8.14,8.14,8.48,8.48
2026-09-09 20:40:18,SEA,in,0.125,Q1 7:29,0,11435,Emanuel Wilson,RB,1.8,0.0,1.47,1.47,1.57,1.57
2026-09-09 20:40:18,SEA,in,0.125,Q1 7:29,0,11603,A.J. Barner,TE,7.9,0.0,6.63,6.63,6.91,6.91
2026-09-09 20:40:18,SEA,in,0.125,Q1 7:29,0,12048,George Holani,RB,6.6,0.9,5.65,6.55,6.67,6.67
2026-09-09 20:40:18,SEA,in,0.125,Q1 7:29,0,4039,Cooper Kupp,WR,7.4,0.0,6.21,6.21,6.47,6.47
2026-09-09 20:40:18,NE,in,0.125,Q1 7:29,0,4177,Mack Hollins,WR,3.3,0.0,2.77,2.77,2.89,2.89
2026-09-09 20:40:18,SEA,in,0.125,Q1 7:29,0,12521,Elijah Arroyo,TE,3.9,0.0,3.27,3.27,3.41,3.41
2026-09-09 20:40:18,NE,in,0.125,Q1 7:29,0,9501,Demario Douglas,WR,5.6,0.0,4.7,4.7,4.9,4.9
2026-09-09 20:40:18,SEA,in,0.125,Q1 7:29,0,2747,Jason Myers,K,8.5,0.0,7.44,7.44,7.44,7.44
2026-09-09 20:40:18,NE,in,0.125,Q1 7:29,0,12713,Andy Borregales,K,7.1,0.0,6.21,6.21,6.21,6.21
2026-09-09 20:40:18,SEA,in,0.125,Q1 7:29,0,SEA,Seattle Seahawks D/ST,DST,7.2,10.0,6.3,16.3,16.3,16.3
2026-09-09 20:40:18,NE,in,0.125,Q1 7:29,0,NE,New England Patriots D/ST,DST,5.8,11.0,5.07,16.07,16.07,16.07
2026-09-09 20:40:18,NE,in,0.125,Q1 7:29,0,13421,Eli Raridon,TE,1.8,0.0,1.51,1.51,1.57,1.57
2026-09-09 20:41:19,SEA,in,0.135,Q1 6:54,0,9488,Jaxon Smith-Njigba,WR,19.4,2.3,16.44,18.74,19.08,19.08
2026-09-09 20:41:19,NE,in,0.135,Q1 6:54,0,5859,A.J. Brown,WR,16.3,0.0,13.53,13.53,14.1,14.1
2026-09-09 20:41:19,NE,in,0.135,Q1 6:54,0,11564,Drake Maye,QB,19.4,1.2,16.87,18.07,17.98,17.98
2026-09-09 20:41:19,NE,in,0.135,Q1 6:54,0,7611,Rhamondre Stevenson,RB,17.5,1.0,14.39,15.39,16.14,16.14
2026-09-09 20:41:19,SEA,in,0.135,Q1 6:54,0,13286,Jadarian Price,RB,12.0,1.3,10.04,11.34,11.68,11.68
2026-09-09 20:41:19,NE,in,0.135,Q1 6:54,0,8121,Romeo Doubs,WR,9.7,0.0,8.05,8.05,8.39,8.39
2026-09-09 20:41:19,SEA,in,0.135,Q1 6:54,0,4943,Sam Darnold,QB,16.4,0.52,14.14,14.66,14.71,14.71
2026-09-09 20:41:19,SEA,in,0.135,Q1 6:54,0,8676,Rashid Shaheed,WR,8.5,0.0,7.06,7.06,7.35,7.35
2026-09-09 20:41:19,NE,in,0.135,Q1 6:54,0,3214,Hunter Henry,TE,9.7,0.0,8.05,8.05,8.39,8.39
2026-09-09 20:41:19,SEA,in,0.135,Q1 6:54,0,11435,Emanuel Wilson,RB,1.8,0.0,1.45,1.45,1.56,1.56
2026-09-09 20:41:19,SEA,in,0.135,Q1 6:54,0,11603,A.J. Barner,TE,7.9,0.0,6.56,6.56,6.83,6.83
2026-09-09 20:41:19,SEA,in,0.135,Q1 6:54,0,12048,George Holani,RB,6.6,1.3,5.69,6.99,7.01,7.01
2026-09-09 20:41:19,SEA,in,0.135,Q1 6:54,0,4039,Cooper Kupp,WR,7.4,0.0,6.14,6.14,6.4,6.4
2026-09-09 20:41:19,NE,in,0.135,Q1 6:54,0,4177,Mack Hollins,WR,3.3,0.0,2.74,2.74,2.85,2.85
2026-09-09 20:41:19,SEA,in,0.135,Q1 6:54,0,12521,Elijah Arroyo,TE,3.9,0.0,3.24,3.24,3.37,3.37
2026-09-09 20:41:19,NE,in,0.135,Q1 6:54,0,9501,Demario Douglas,WR,5.6,0.0,4.65,4.65,4.84,4.84
2026-09-09 20:41:19,SEA,in,0.135,Q1 6:54,0,2747,Jason Myers,K,8.5,0.0,7.35,7.35,7.35,7.35
2026-09-09 20:41:19,NE,in,0.135,Q1 6:54,0,12713,Andy Borregales,K,7.1,0.0,6.14,6.14,6.14,6.14
2026-09-09 20:41:19,SEA,in,0.135,Q1 6:54,0,SEA,Seattle Seahawks D/ST,DST,7.2,10.0,6.23,16.23,16.23,16.23
2026-09-09 20:41:19,NE,in,0.135,Q1 6:54,0,NE,New England Patriots D/ST,DST,5.8,11.0,5.02,16.02,16.02,16.02
2026-09-09 20:41:19,NE,in,0.135,Q1 6:54,0,13421,Eli Raridon,TE,1.8,0.0,1.49,1.49,1.56,1.56
2026-09-09 20:42:19,SEA,in,0.15,Q1 6:01,0,9488,Jaxon Smith-Njigba,WR,19.4,4.1,16.42,20.52,20.6,20.6
2026-09-09 20:42:19,NE,in,0.15,Q1 6:01,0,5859,A.J. Brown,WR,16.3,0.0,13.31,13.31,13.86,13.86
2026-09-09 20:42:19,NE,in,0.15,Q1 6:01,0,11564,Drake Maye,QB,19.4,1.2,16.55,17.75,17.7,17.7
2026-09-09 20:42:19,NE,in,0.15,Q1 6:01,0,7611,Rhamondre Stevenson,RB,17.5,1.0,14.09,15.09,15.88,15.88
2026-09-09 20:42:19,SEA,in,0.15,Q1 6:01,0,13286,Jadarian Price,RB,12.0,2.0,10.03,12.03,12.2,12.2
2026-09-09 20:42:19,NE,in,0.15,Q1 6:01,0,8121,Romeo Doubs,WR,9.7,0.0,7.92,7.92,8.25,8.25
2026-09-09 20:42:19,SEA,in,0.15,Q1 6:01,0,4943,Sam Darnold,QB,16.4,0.52,13.88,14.4,14.46,14.46
2026-09-09 20:42:19,SEA,in,0.15,Q1 6:01,0,8676,Rashid Shaheed,WR,8.5,0.0,6.94,6.94,7.23,7.23
2026-09-09 20:42:19,NE,in,0.15,Q1 6:01,0,3214,Hunter Henry,TE,9.7,0.0,7.92,7.92,8.25,8.25
2026-09-09 20:42:19,SEA,in,0.15,Q1 6:01,0,11435,Emanuel Wilson,RB,1.8,0.0,1.42,1.42,1.53,1.53
2026-09-09 20:42:19,SEA,in,0.15,Q1 6:01,0,11603,A.J. Barner,TE,7.9,0.0,6.45,6.45,6.72,6.72
2026-09-09 20:42:19,SEA,in,0.15,Q1 6:01,0,12048,George Holani,RB,6.6,1.3,5.58,6.88,6.91,6.91
2026-09-09 20:42:19,SEA,in,0.15,Q1 6:01,0,4039,Cooper Kupp,WR,7.4,0.0,6.04,6.04,6.29,6.29
2026-09-09 20:42:19,NE,in,0.15,Q1 6:01,0,4177,Mack Hollins,WR,3.3,0.0,2.69,2.69,2.81,2.81
2026-09-09 20:42:19,SEA,in,0.15,Q1 6:01,0,12521,Elijah Arroyo,TE,3.9,0.0,3.18,3.18,3.32,3.32
2026-09-09 20:42:19,NE,in,0.15,Q1 6:01,0,9501,Demario Douglas,WR,5.6,0.0,4.57,4.57,4.76,4.76
2026-09-09 20:42:19,SEA,in,0.15,Q1 6:01,0,2747,Jason Myers,K,8.5,0.0,7.23,7.23,7.23,7.23
2026-09-09 20:42:19,NE,in,0.15,Q1 6:01,0,12713,Andy Borregales,K,7.1,0.0,6.04,6.04,6.04,6.04
2026-09-09 20:42:19,SEA,in,0.15,Q1 6:01,0,SEA,Seattle Seahawks D/ST,DST,7.2,10.0,6.12,16.12,16.12,16.12
2026-09-09 20:42:19,NE,in,0.15,Q1 6:01,0,NE,New England Patriots D/ST,DST,5.8,11.0,4.93,15.93,15.93,15.93
2026-09-09 20:42:19,NE,in,0.15,Q1 6:01,0,13421,Eli Raridon,TE,1.8,0.0,1.47,1.47,1.53,1.53
2026-09-09 20:43:20,SEA,in,0.15,Q1 6:01,0,9488,Jaxon Smith-Njigba,WR,19.4,4.1,16.42,20.52,20.6,20.6
2026-09-09 20:43:20,NE,in,0.15,Q1 6:01,0,5859,A.J. Brown,WR,16.3,0.0,13.31,13.31,13.86,13.86
2026-09-09 20:43:20,NE,in,0.15,Q1 6:01,0,11564,Drake Maye,QB,19.4,1.2,16.55,17.75,17.7,17.7
2026-09-09 20:43:20,NE,in,0.15,Q1 6:01,0,7611,Rhamondre Stevenson,RB,17.5,1.0,14.09,15.09,15.88,15.88
2026-09-09 20:43:20,SEA,in,0.15,Q1 6:01,0,13286,Jadarian Price,RB,12.0,2.0,10.03,12.03,12.2,12.2
2026-09-09 20:43:20,NE,in,0.15,Q1 6:01,0,8121,Romeo Doubs,WR,9.7,0.0,7.92,7.92,8.25,8.25
2026-09-09 20:43:20,SEA,in,0.15,Q1 6:01,0,4943,Sam Darnold,QB,16.4,0.52,13.88,14.4,14.46,14.46
2026-09-09 20:43:20,SEA,in,0.15,Q1 6:01,0,8676,Rashid Shaheed,WR,8.5,0.0,6.94,6.94,7.23,7.23
2026-09-09 20:43:20,NE,in,0.15,Q1 6:01,0,3214,Hunter Henry,TE,9.7,0.0,7.92,7.92,8.25,8.25
2026-09-09 20:43:20,SEA,in,0.15,Q1 6:01,0,11435,Emanuel Wilson,RB,1.8,0.0,1.42,1.42,1.53,1.53
2026-09-09 20:43:20,SEA,in,0.15,Q1 6:01,0,11603,A.J. Barner,TE,7.9,0.0,6.45,6.45,6.72,6.72
2026-09-09 20:43:20,SEA,in,0.15,Q1 6:01,0,12048,George Holani,RB,6.6,1.3,5.58,6.88,6.91,6.91
2026-09-09 20:43:20,SEA,in,0.15,Q1 6:01,0,4039,Cooper Kupp,WR,7.4,0.0,6.04,6.04,6.29,6.29
2026-09-09 20:43:20,NE,in,0.15,Q1 6:01,0,4177,Mack Hollins,WR,3.3,0.0,2.69,2.69,2.81,2.81
2026-09-09 20:43:20,SEA,in,0.15,Q1 6:01,0,12521,Elijah Arroyo,TE,3.9,0.0,3.18,3.18,3.32,3.32
2026-09-09 20:43:20,NE,in,0.15,Q1 6:01,0,9501,Demario Douglas,WR,5.6,0.0,4.57,4.57,4.76,4.76
2026-09-09 20:43:20,SEA,in,0.15,Q1 6:01,0,2747,Jason Myers,K,8.5,0.0,7.23,7.23,7.23,7.23
2026-09-09 20:43:20,NE,in,0.15,Q1 6:01,0,12713,Andy Borregales,K,7.1,0.0,6.04,6.04,6.04,6.04
2026-09-09 20:43:20,SEA,in,0.15,Q1 6:01,0,SEA,Seattle Seahawks D/ST,DST,7.2,10.0,6.12,16.12,16.12,16.12
2026-09-09 20:43:20,NE,in,0.15,Q1 6:01,0,NE,New England Patriots D/ST,DST,5.8,11.0,4.93,15.93,15.93,15.93
2026-09-09 20:43:20,NE,in,0.15,Q1 6:01,0,13421,Eli Raridon,TE,1.8,0.0,1.47,1.47,1.53,1.53
2026-09-09 20:44:20,SEA,in,0.161,Q1 5:19,0,9488,Jaxon Smith-Njigba,WR,19.4,4.1,16.19,20.29,20.57,20.37
2026-09-09 20:44:20,NE,in,0.161,Q1 5:19,0,5859,A.J. Brown,WR,16.3,0.0,13.13,13.13,13.12,13.67
2026-09-09 20:44:20,NE,in,0.161,Q1 5:19,0,11564,Drake Maye,QB,19.4,1.2,16.31,17.51,17.06,17.47
2026-09-09 20:44:20,NE,in,0.161,Q1 5:19,0,7611,Rhamondre Stevenson,RB,17.5,1.0,13.86,14.86,15.29,15.68
2026-09-09 20:44:20,SEA,in,0.161,Q1 5:19,0,13286,Jadarian Price,RB,12.0,2.0,9.87,11.87,12.08,12.06
2026-09-09 20:44:20,NE,in,0.161,Q1 5:19,0,8121,Romeo Doubs,WR,9.7,0.0,7.81,7.81,7.81,8.13
2026-09-09 20:44:20,SEA,in,0.161,Q1 5:19,0,4943,Sam Darnold,QB,16.4,0.52,13.67,14.19,13.83,14.27
2026-09-09 20:44:20,SEA,in,0.161,Q1 5:19,0,8676,Rashid Shaheed,WR,8.5,0.0,6.85,6.85,6.84,7.13
2026-09-09 20:44:20,NE,in,0.161,Q1 5:19,0,3214,Hunter Henry,TE,9.7,0.0,7.81,7.81,7.81,8.13
2026-09-09 20:44:20,SEA,in,0.161,Q1 5:19,0,11435,Emanuel Wilson,RB,1.8,0.0,1.4,1.4,1.45,1.51
2026-09-09 20:44:20,SEA,in,0.161,Q1 5:19,0,11603,A.J. Barner,TE,7.9,0.0,6.36,6.36,6.36,6.63
2026-09-09 20:44:20,SEA,in,0.161,Q1 5:19,0,12048,George Holani,RB,6.6,1.4,5.51,6.91,7.01,6.93
2026-09-09 20:44:20,SEA,in,0.161,Q1 5:19,0,4039,Cooper Kupp,WR,7.4,0.0,5.96,5.96,5.96,6.21
2026-09-09 20:44:20,NE,in,0.161,Q1 5:19,0,4177,Mack Hollins,WR,3.3,0.0,2.66,2.66,2.66,2.77
2026-09-09 20:44:20,SEA,in,0.161,Q1 5:19,0,12521,Elijah Arroyo,TE,3.9,0.0,3.14,3.14,3.14,3.27
2026-09-09 20:44:20,NE,in,0.161,Q1 5:19,0,9501,Demario Douglas,WR,5.6,0.0,4.51,4.51,4.51,4.7
2026-09-09 20:44:20,SEA,in,0.161,Q1 5:19,0,2747,Jason Myers,K,8.5,0.0,6.84,6.84,6.84,7.13
2026-09-09 20:44:20,NE,in,0.161,Q1 5:19,0,12713,Andy Borregales,K,7.1,0.0,5.71,5.71,5.71,5.95
2026-09-09 20:44:20,SEA,in,0.161,Q1 5:19,0,SEA,Seattle Seahawks D/ST,DST,7.2,10.0,7.89,17.89,17.89,16.04
2026-09-09 20:44:20,NE,in,0.161,Q1 5:19,0,NE,New England Patriots D/ST,DST,5.8,11.0,6.97,17.97,17.97,15.86
2026-09-09 20:44:20,NE,in,0.161,Q1 5:19,0,13421,Eli Raridon,TE,1.8,0.0,1.45,1.45,1.45,1.51
2026-09-09 20:45:21,SEA,in,0.174,Q1 4:35,0,9488,Jaxon Smith-Njigba,WR,19.4,4.1,15.96,20.06,20.28,20.13
2026-09-09 20:45:21,NE,in,0.174,Q1 4:35,0,5859,A.J. Brown,WR,16.3,0.0,12.94,12.94,12.89,13.47
2026-09-09 20:45:21,NE,in,0.174,Q1 4:35,0,11564,Drake Maye,QB,19.4,1.2,16.05,17.25,16.78,17.23
2026-09-09 20:45:21,NE,in,0.174,Q1 4:35,0,7611,Rhamondre Stevenson,RB,17.5,1.0,13.61,14.61,15.04,15.46
2026-09-09 20:45:21,SEA,in,0.174,Q1 4:35,0,13286,Jadarian Price,RB,12.0,2.0,9.7,11.7,11.9,11.92
2026-09-09 20:45:21,NE,in,0.174,Q1 4:35,0,8121,Romeo Doubs,WR,9.7,0.0,7.7,7.7,7.67,8.02
2026-09-09 20:45:21,SEA,in,0.174,Q1 4:35,0,4943,Sam Darnold,QB,16.4,0.52,13.45,13.97,13.59,14.07
2026-09-09 20:45:21,SEA,in,0.174,Q1 4:35,0,8676,Rashid Shaheed,WR,8.5,0.0,6.75,6.75,6.72,7.02
2026-09-09 20:45:21,NE,in,0.174,Q1 4:35,0,3214,Hunter Henry,TE,9.7,0.0,7.7,7.7,7.67,8.02
2026-09-09 20:45:21,SEA,in,0.174,Q1 4:35,0,11435,Emanuel Wilson,RB,1.8,0.0,1.37,1.37,1.42,1.49
2026-09-09 20:45:21,SEA,in,0.174,Q1 4:35,0,11603,A.J. Barner,TE,7.9,0.0,6.27,6.27,6.25,6.53
2026-09-09 20:45:21,SEA,in,0.174,Q1 4:35,0,12048,George Holani,RB,6.6,1.4,5.42,6.82,6.91,6.85
2026-09-09 20:45:21,SEA,in,0.174,Q1 4:35,0,4039,Cooper Kupp,WR,7.4,0.0,5.87,5.87,5.85,6.12
2026-09-09 20:45:21,NE,in,0.174,Q1 4:35,0,4177,Mack Hollins,WR,3.3,0.0,2.62,2.62,2.61,2.73
2026-09-09 20:45:21,SEA,in,0.174,Q1 4:35,0,12521,Elijah Arroyo,TE,3.9,0.0,3.1,3.1,3.08,3.22
2026-09-09 20:45:21,NE,in,0.174,Q1 4:35,0,9501,Demario Douglas,WR,5.6,0.0,4.45,4.45,4.43,4.63
2026-09-09 20:45:21,SEA,in,0.174,Q1 4:35,0,2747,Jason Myers,K,8.5,0.0,6.72,6.72,6.72,7.02
2026-09-09 20:45:21,NE,in,0.174,Q1 4:35,0,12713,Andy Borregales,K,7.1,0.0,5.61,5.61,5.61,5.87
2026-09-09 20:45:21,SEA,in,0.174,Q1 4:35,0,SEA,Seattle Seahawks D/ST,DST,7.2,10.0,7.76,17.76,17.76,15.95
2026-09-09 20:45:21,NE,in,0.174,Q1 4:35,0,NE,New England Patriots D/ST,DST,5.8,11.0,6.86,17.86,17.86,15.79
2026-09-09 20:45:21,NE,in,0.174,Q1 4:35,0,13421,Eli Raridon,TE,1.8,0.0,1.43,1.43,1.42,1.49
2026-09-09 20:46:22,SEA,in,0.174,Q1 4:35,0,9488,Jaxon Smith-Njigba,WR,19.4,4.1,15.96,20.06,20.28,20.13
2026-09-09 20:46:22,NE,in,0.174,Q1 4:35,0,5859,A.J. Brown,WR,16.3,0.0,12.94,12.94,12.89,13.47
2026-09-09 20:46:22,NE,in,0.174,Q1 4:35,0,11564,Drake Maye,QB,19.4,1.2,16.05,17.25,16.78,17.23
2026-09-09 20:46:22,NE,in,0.174,Q1 4:35,0,7611,Rhamondre Stevenson,RB,17.5,1.0,13.61,14.61,15.04,15.46
2026-09-09 20:46:22,SEA,in,0.174,Q1 4:35,0,13286,Jadarian Price,RB,12.0,2.0,9.7,11.7,11.9,11.92
2026-09-09 20:46:22,NE,in,0.174,Q1 4:35,0,8121,Romeo Doubs,WR,9.7,0.0,7.7,7.7,7.67,8.02
2026-09-09 20:46:22,SEA,in,0.174,Q1 4:35,0,4943,Sam Darnold,QB,16.4,0.52,13.45,13.97,13.59,14.07
2026-09-09 20:46:22,SEA,in,0.174,Q1 4:35,0,8676,Rashid Shaheed,WR,8.5,0.0,6.75,6.75,6.72,7.02
2026-09-09 20:46:22,NE,in,0.174,Q1 4:35,0,3214,Hunter Henry,TE,9.7,0.0,7.7,7.7,7.67,8.02
2026-09-09 20:46:22,SEA,in,0.174,Q1 4:35,0,11435,Emanuel Wilson,RB,1.8,0.0,1.37,1.37,1.42,1.49
2026-09-09 20:46:22,SEA,in,0.174,Q1 4:35,0,11603,A.J. Barner,TE,7.9,0.0,6.27,6.27,6.25,6.53
2026-09-09 20:46:22,SEA,in,0.174,Q1 4:35,0,12048,George Holani,RB,6.6,1.4,5.42,6.82,6.91,6.85
2026-09-09 20:46:22,SEA,in,0.174,Q1 4:35,0,4039,Cooper Kupp,WR,7.4,0.0,5.87,5.87,5.85,6.12
2026-09-09 20:46:22,NE,in,0.174,Q1 4:35,0,4177,Mack Hollins,WR,3.3,0.0,2.62,2.62,2.61,2.73
2026-09-09 20:46:22,SEA,in,0.174,Q1 4:35,0,12521,Elijah Arroyo,TE,3.9,0.0,3.1,3.1,3.08,3.22
2026-09-09 20:46:22,NE,in,0.174,Q1 4:35,0,9501,Demario Douglas,WR,5.6,0.0,4.45,4.45,4.43,4.63
2026-09-09 20:46:22,SEA,in,0.174,Q1 4:35,0,2747,Jason Myers,K,8.5,0.0,6.72,6.72,6.72,7.02
2026-09-09 20:46:22,NE,in,0.174,Q1 4:35,0,12713,Andy Borregales,K,7.1,0.0,5.61,5.61,5.61,5.87
2026-09-09 20:46:22,SEA,in,0.174,Q1 4:35,0,SEA,Seattle Seahawks D/ST,DST,7.2,10.0,7.76,17.76,17.76,15.95
2026-09-09 20:46:22,NE,in,0.174,Q1 4:35,0,NE,New England Patriots D/ST,DST,5.8,11.0,6.86,17.86,17.86,15.79
2026-09-09 20:46:22,NE,in,0.174,Q1 4:35,0,13421,Eli Raridon,TE,1.8,0.0,1.43,1.43,1.42,1.49
2026-09-09 20:47:22,SEA,in,0.174,Q1 4:35,0,9488,Jaxon Smith-Njigba,WR,19.4,4.1,15.96,20.06,20.28,20.13
2026-09-09 20:47:22,NE,in,0.174,Q1 4:35,0,5859,A.J. Brown,WR,16.3,0.0,12.94,12.94,12.89,13.47
2026-09-09 20:47:22,NE,in,0.174,Q1 4:35,0,11564,Drake Maye,QB,19.4,1.2,16.05,17.25,16.78,17.23
2026-09-09 20:47:22,NE,in,0.174,Q1 4:35,0,7611,Rhamondre Stevenson,RB,17.5,1.1,13.64,14.74,15.16,15.56
2026-09-09 20:47:22,SEA,in,0.174,Q1 4:35,0,13286,Jadarian Price,RB,12.0,2.0,9.7,11.7,11.9,11.92
2026-09-09 20:47:22,NE,in,0.174,Q1 4:35,0,8121,Romeo Doubs,WR,9.7,0.0,7.7,7.7,7.67,8.02
2026-09-09 20:47:22,SEA,in,0.174,Q1 4:35,0,4943,Sam Darnold,QB,16.4,0.52,13.45,13.97,13.59,14.07
2026-09-09 20:47:22,SEA,in,0.174,Q1 4:35,0,8676,Rashid Shaheed,WR,8.5,0.0,6.75,6.75,6.72,7.02
2026-09-09 20:47:22,NE,in,0.174,Q1 4:35,0,3214,Hunter Henry,TE,9.7,0.0,7.7,7.7,7.67,8.02
2026-09-09 20:47:22,SEA,in,0.174,Q1 4:35,0,11435,Emanuel Wilson,RB,1.8,0.0,1.37,1.37,1.42,1.49
2026-09-09 20:47:22,SEA,in,0.174,Q1 4:35,0,11603,A.J. Barner,TE,7.9,0.0,6.27,6.27,6.25,6.53
2026-09-09 20:47:22,SEA,in,0.174,Q1 4:35,0,12048,George Holani,RB,6.6,1.4,5.42,6.82,6.91,6.85
2026-09-09 20:47:22,SEA,in,0.174,Q1 4:35,0,4039,Cooper Kupp,WR,7.4,0.0,5.87,5.87,5.85,6.12
2026-09-09 20:47:22,NE,in,0.174,Q1 4:35,0,4177,Mack Hollins,WR,3.3,0.0,2.62,2.62,2.61,2.73
2026-09-09 20:47:22,SEA,in,0.174,Q1 4:35,0,12521,Elijah Arroyo,TE,3.9,0.0,3.1,3.1,3.08,3.22
2026-09-09 20:47:22,NE,in,0.174,Q1 4:35,0,9501,Demario Douglas,WR,5.6,0.0,4.45,4.45,4.43,4.63
2026-09-09 20:47:22,SEA,in,0.174,Q1 4:35,0,2747,Jason Myers,K,8.5,0.0,6.72,6.72,6.72,7.02
2026-09-09 20:47:22,NE,in,0.174,Q1 4:35,0,12713,Andy Borregales,K,7.1,0.0,5.61,5.61,5.61,5.87
2026-09-09 20:47:22,SEA,in,0.174,Q1 4:35,0,SEA,Seattle Seahawks D/ST,DST,7.2,10.0,7.76,17.76,17.76,15.95
2026-09-09 20:47:22,NE,in,0.174,Q1 4:35,0,NE,New England Patriots D/ST,DST,5.8,11.0,6.86,17.86,17.86,15.79
2026-09-09 20:47:22,NE,in,0.174,Q1 4:35,0,13421,Eli Raridon,TE,1.8,0.0,1.43,1.43,1.42,1.49
2026-09-09 20:48:23,SEA,in,0.174,Q1 4:35,0,9488,Jaxon Smith-Njigba,WR,19.4,4.1,15.96,20.06,20.28,20.13
2026-09-09 20:48:23,NE,in,0.174,Q1 4:35,0,5859,A.J. Brown,WR,16.3,0.0,12.94,12.94,12.89,13.47
2026-09-09 20:48:23,NE,in,0.174,Q1 4:35,0,11564,Drake Maye,QB,19.4,1.56,16.13,17.69,17.22,17.59
2026-09-09 20:48:23,NE,in,0.174,Q1 4:35,0,7611,Rhamondre Stevenson,RB,17.5,1.1,13.64,14.74,15.16,15.56
2026-09-09 20:48:23,SEA,in,0.174,Q1 4:35,0,13286,Jadarian Price,RB,12.0,2.0,9.7,11.7,11.9,11.92
2026-09-09 20:48:23,NE,in,0.174,Q1 4:35,0,8121,Romeo Doubs,WR,9.7,0.0,7.7,7.7,7.67,8.02
2026-09-09 20:48:23,SEA,in,0.174,Q1 4:35,0,4943,Sam Darnold,QB,16.4,0.52,13.45,13.97,13.59,14.07
2026-09-09 20:48:23,SEA,in,0.174,Q1 4:35,0,8676,Rashid Shaheed,WR,8.5,0.0,6.75,6.75,6.72,7.02
2026-09-09 20:48:23,NE,in,0.174,Q1 4:35,0,3214,Hunter Henry,TE,9.7,0.0,7.7,7.7,7.67,8.02
2026-09-09 20:48:23,SEA,in,0.174,Q1 4:35,0,11435,Emanuel Wilson,RB,1.8,0.0,1.37,1.37,1.42,1.49
2026-09-09 20:48:23,SEA,in,0.174,Q1 4:35,0,11603,A.J. Barner,TE,7.9,0.0,6.27,6.27,6.25,6.53
2026-09-09 20:48:23,SEA,in,0.174,Q1 4:35,0,12048,George Holani,RB,6.6,1.4,5.42,6.82,6.91,6.85
2026-09-09 20:48:23,SEA,in,0.174,Q1 4:35,0,4039,Cooper Kupp,WR,7.4,0.0,5.87,5.87,5.85,6.12
2026-09-09 20:48:23,NE,in,0.174,Q1 4:35,0,4177,Mack Hollins,WR,3.3,1.9,2.88,4.78,4.9,4.63
2026-09-09 20:48:23,SEA,in,0.174,Q1 4:35,0,12521,Elijah Arroyo,TE,3.9,0.0,3.1,3.1,3.08,3.22
2026-09-09 20:48:23,NE,in,0.174,Q1 4:35,0,9501,Demario Douglas,WR,5.6,0.0,4.45,4.45,4.43,4.63
2026-09-09 20:48:23,SEA,in,0.174,Q1 4:35,0,2747,Jason Myers,K,8.5,0.0,6.72,6.72,6.72,7.02
2026-09-09 20:48:23,NE,in,0.174,Q1 4:35,0,12713,Andy Borregales,K,7.1,0.0,5.61,5.61,5.61,5.87
2026-09-09 20:48:23,SEA,in,0.174,Q1 4:35,0,SEA,Seattle Seahawks D/ST,DST,7.2,10.0,7.76,17.76,17.76,15.95
2026-09-09 20:48:23,NE,in,0.174,Q1 4:35,0,NE,New England Patriots D/ST,DST,5.8,11.0,6.86,17.86,17.86,15.79
2026-09-09 20:48:23,NE,in,0.174,Q1 4:35,0,13421,Eli Raridon,TE,1.8,0.0,1.43,1.43,1.42,1.49
2026-09-09 20:49:24,SEA,in,0.193,Q1 3:24,0,9488,Jaxon Smith-Njigba,WR,19.4,4.1,15.58,19.68,19.82,19.75
2026-09-09 20:49:24,NE,in,0.193,Q1 3:24,0,5859,A.J. Brown,WR,16.3,1.8,12.88,14.68,14.68,14.95
2026-09-09 20:49:24,NE,in,0.193,Q1 3:24,0,11564,Drake Maye,QB,19.4,2.08,15.84,17.92,17.39,17.73
2026-09-09 20:49:24,NE,in,0.193,Q1 3:24,0,7611,Rhamondre Stevenson,RB,17.5,1.1,13.24,14.34,14.76,15.22
2026-09-09 20:49:24,SEA,in,0.193,Q1 3:24,0,13286,Jadarian Price,RB,12.0,2.0,9.42,11.42,11.62,11.68
2026-09-09 20:49:24,NE,in,0.193,Q1 3:24,0,8121,Romeo Doubs,WR,9.7,0.0,7.52,7.52,7.45,7.82
2026-09-09 20:49:24,SEA,in,0.193,Q1 3:24,0,4943,Sam Darnold,QB,16.4,0.52,13.11,13.63,13.21,13.75
2026-09-09 20:49:24,SEA,in,0.193,Q1 3:24,0,8676,Rashid Shaheed,WR,8.5,0.0,6.59,6.59,6.53,6.86
2026-09-09 20:49:24,NE,in,0.193,Q1 3:24,0,3214,Hunter Henry,TE,9.7,0.0,7.52,7.52,7.45,7.82
2026-09-09 20:49:24,SEA,in,0.193,Q1 3:24,0,11435,Emanuel Wilson,RB,1.8,0.0,1.33,1.33,1.38,1.45
2026-09-09 20:49:24,SEA,in,0.193,Q1 3:24,0,11603,A.J. Barner,TE,7.9,0.0,6.13,6.13,6.06,6.37
2026-09-09 20:49:24,SEA,in,0.193,Q1 3:24,0,12048,George Holani,RB,6.6,1.4,5.26,6.66,6.75,6.72
2026-09-09 20:49:24,SEA,in,0.193,Q1 3:24,0,4039,Cooper Kupp,WR,7.4,0.0,5.74,5.74,5.68,5.97
2026-09-09 20:49:24,NE,in,0.193,Q1 3:24,0,4177,Mack Hollins,WR,3.3,1.9,2.81,4.71,4.82,4.56
2026-09-09 20:49:24,SEA,in,0.193,Q1 3:24,0,12521,Elijah Arroyo,TE,3.9,0.0,3.02,3.02,2.99,3.15
2026-09-09 20:49:24,NE,in,0.193,Q1 3:24,0,9501,Demario Douglas,WR,5.6,0.0,4.34,4.34,4.3,4.52
2026-09-09 20:49:24,SEA,in,0.193,Q1 3:24,0,2747,Jason Myers,K,8.5,0.0,6.53,6.53,6.53,6.86
2026-09-09 20:49:24,NE,in,0.193,Q1 3:24,0,12713,Andy Borregales,K,7.1,0.0,5.45,5.45,5.45,5.73
2026-09-09 20:49:24,SEA,in,0.193,Q1 3:24,0,SEA,Seattle Seahawks D/ST,DST,7.2,10.0,7.54,17.54,17.54,15.81
2026-09-09 20:49:24,NE,in,0.193,Q1 3:24,0,NE,New England Patriots D/ST,DST,5.8,11.0,6.67,17.67,17.67,15.68
2026-09-09 20:49:24,NE,in,0.193,Q1 3:24,0,13421,Eli Raridon,TE,1.8,0.0,1.4,1.4,1.38,1.45
2026-09-09 20:50:24,SEA,in,0.203,Q1 2:48,0,9488,Jaxon Smith-Njigba,WR,19.4,4.1,15.39,19.49,19.59,19.56
2026-09-09 20:50:24,NE,in,0.203,Q1 2:48,0,5859,A.J. Brown,WR,16.3,1.7,12.7,14.4,14.36,14.69
2026-09-09 20:50:24,NE,in,0.203,Q1 2:48,0,11564,Drake Maye,QB,19.4,2.04,15.61,17.65,17.12,17.5
2026-09-09 20:50:24,NE,in,0.203,Q1 2:48,0,7611,Rhamondre Stevenson,RB,17.5,1.3,13.1,14.4,14.79,15.24
2026-09-09 20:50:24,SEA,in,0.203,Q1 2:48,0,13286,Jadarian Price,RB,12.0,2.0,9.28,11.28,11.47,11.56
2026-09-09 20:50:24,NE,in,0.203,Q1 2:48,0,8121,Romeo Doubs,WR,9.7,0.0,7.43,7.43,7.33,7.73
2026-09-09 20:50:24,SEA,in,0.203,Q1 2:48,0,4943,Sam Darnold,QB,16.4,0.52,12.92,13.44,13.02,13.59
2026-09-09 20:50:24,SEA,in,0.203,Q1 2:48,0,8676,Rashid Shaheed,WR,8.5,0.0,6.51,6.51,6.43,6.77
2026-09-09 20:50:24,NE,in,0.203,Q1 2:48,0,3214,Hunter Henry,TE,9.7,0.0,7.43,7.43,7.33,7.73
2026-09-09 20:50:24,SEA,in,0.203,Q1 2:48,0,11435,Emanuel Wilson,RB,1.8,0.0,1.31,1.31,1.36,1.43
2026-09-09 20:50:24,SEA,in,0.203,Q1 2:48,0,11603,A.J. Barner,TE,7.9,0.0,6.05,6.05,5.97,6.29
2026-09-09 20:50:24,SEA,in,0.203,Q1 2:48,0,12048,George Holani,RB,6.6,1.4,5.18,6.58,6.67,6.66
2026-09-09 20:50:24,SEA,in,0.203,Q1 2:48,0,4039,Cooper Kupp,WR,7.4,0.0,5.67,5.67,5.6,5.9
2026-09-09 20:50:24,NE,in,0.203,Q1 2:48,0,4177,Mack Hollins,WR,3.3,1.9,2.77,4.67,4.77,4.53
2026-09-09 20:50:24,SEA,in,0.203,Q1 2:48,0,12521,Elijah Arroyo,TE,3.9,0.0,2.99,2.99,2.95,3.11
2026-09-09 20:50:24,NE,in,0.203,Q1 2:48,0,9501,Demario Douglas,WR,5.6,0.0,4.29,4.29,4.23,4.46
2026-09-09 20:50:24,SEA,in,0.203,Q1 2:48,0,2747,Jason Myers,K,8.5,0.0,6.43,6.43,6.43,6.77
2026-09-09 20:50:24,NE,in,0.203,Q1 2:48,0,12713,Andy Borregales,K,7.1,0.0,5.37,5.37,5.37,5.66
2026-09-09 20:50:24,SEA,in,0.203,Q1 2:48,0,SEA,Seattle Seahawks D/ST,DST,7.2,10.0,7.44,17.44,17.44,15.74
2026-09-09 20:50:24,NE,in,0.203,Q1 2:48,0,NE,New England Patriots D/ST,DST,5.8,11.0,6.58,17.58,17.58,15.62
2026-09-09 20:50:24,NE,in,0.203,Q1 2:48,0,13421,Eli Raridon,TE,1.8,0.0,1.38,1.38,1.36,1.43
2026-09-09 20:51:25,SEA,in,0.227,Q1 1:22,0,9488,Jaxon Smith-Njigba,WR,19.4,4.1,14.92,19.02,19.03,19.09
2026-09-09 20:51:25,NE,in,0.227,Q1 1:22,0,5859,A.J. Brown,WR,16.3,1.7,12.33,14.03,13.91,14.3
2026-09-09 20:51:25,NE,in,0.227,Q1 1:22,0,11564,Drake Maye,QB,19.4,2.04,15.08,17.12,16.57,17.03
2026-09-09 20:51:25,NE,in,0.227,Q1 1:22,0,7611,Rhamondre Stevenson,RB,17.5,1.2,12.59,13.79,14.19,14.72
2026-09-09 20:51:25,SEA,in,0.227,Q1 1:22,0,13286,Jadarian Price,RB,12.0,2.0,8.95,10.95,11.13,11.27
2026-09-09 20:51:25,NE,in,0.227,Q1 1:22,0,8121,Romeo Doubs,WR,9.7,0.0,7.21,7.21,7.07,7.5
2026-09-09 20:51:25,SEA,in,0.227,Q1 1:22,0,4943,Sam Darnold,QB,16.4,0.52,12.46,12.98,12.57,13.19
2026-09-09 20:51:25,SEA,in,0.227,Q1 1:22,0,8676,Rashid Shaheed,WR,8.5,0.0,6.32,6.32,6.2,6.57
2026-09-09 20:51:25,NE,in,0.227,Q1 1:22,0,3214,Hunter Henry,TE,9.7,0.0,7.21,7.21,7.07,7.5
2026-09-09 20:51:25,SEA,in,0.227,Q1 1:22,0,11435,Emanuel Wilson,RB,1.8,0.0,1.26,1.26,1.31,1.39
2026-09-09 20:51:25,SEA,in,0.227,Q1 1:22,0,11603,A.J. Barner,TE,7.9,0.0,5.87,5.87,5.76,6.1
2026-09-09 20:51:25,SEA,in,0.227,Q1 1:22,0,12048,George Holani,RB,6.6,1.4,5.0,6.4,6.48,6.5
2026-09-09 20:51:25,SEA,in,0.227,Q1 1:22,0,4039,Cooper Kupp,WR,7.4,0.0,5.5,5.5,5.39,5.72
2026-09-09 20:51:25,NE,in,0.227,Q1 1:22,0,4177,Mack Hollins,WR,3.3,1.9,2.69,4.59,4.67,4.45
2026-09-09 20:51:25,SEA,in,0.227,Q1 1:22,0,12521,Elijah Arroyo,TE,3.9,0.0,2.9,2.9,2.84,3.01
2026-09-09 20:51:25,NE,in,0.227,Q1 1:22,0,9501,Demario Douglas,WR,5.6,0.0,4.16,4.16,4.08,4.33
2026-09-09 20:51:25,SEA,in,0.227,Q1 1:22,0,2747,Jason Myers,K,8.5,0.0,6.2,6.2,6.2,6.57
2026-09-09 20:51:25,NE,in,0.227,Q1 1:22,0,12713,Andy Borregales,K,7.1,0.0,5.18,5.18,5.18,5.49
2026-09-09 20:51:25,SEA,in,0.227,Q1 1:22,0,SEA,Seattle Seahawks D/ST,DST,7.2,10.0,7.18,17.18,17.18,15.56
2026-09-09 20:51:25,NE,in,0.227,Q1 1:22,0,NE,New England Patriots D/ST,DST,5.8,11.0,6.35,17.35,17.35,15.48
2026-09-09 20:51:25,NE,in,0.227,Q1 1:22,0,13421,Eli Raridon,TE,1.8,0.0,1.34,1.34,1.31,1.39
2026-09-09 20:52:25,SEA,in,0.227,Q1 1:22,0,9488,Jaxon Smith-Njigba,WR,19.4,4.1,14.92,19.02,19.03,19.09
2026-09-09 20:52:25,NE,in,0.227,Q1 1:22,0,5859,A.J. Brown,WR,16.3,1.7,12.33,14.03,13.91,14.3
2026-09-09 20:52:25,NE,in,0.227,Q1 1:22,0,11564,Drake Maye,QB,19.4,2.04,15.08,17.12,16.57,17.03
2026-09-09 20:52:25,NE,in,0.227,Q1 1:22,0,7611,Rhamondre Stevenson,RB,17.5,1.2,12.59,13.79,14.19,14.72
2026-09-09 20:52:25,SEA,in,0.227,Q1 1:22,0,13286,Jadarian Price,RB,12.0,2.0,8.95,10.95,11.13,11.27
2026-09-09 20:52:25,NE,in,0.227,Q1 1:22,0,8121,Romeo Doubs,WR,9.7,0.0,7.21,7.21,7.07,7.5
2026-09-09 20:52:25,SEA,in,0.227,Q1 1:22,0,4943,Sam Darnold,QB,16.4,0.52,12.46,12.98,12.57,13.19
2026-09-09 20:52:25,SEA,in,0.227,Q1 1:22,0,8676,Rashid Shaheed,WR,8.5,0.0,6.32,6.32,6.2,6.57
2026-09-09 20:52:25,NE,in,0.227,Q1 1:22,0,3214,Hunter Henry,TE,9.7,0.0,7.21,7.21,7.07,7.5
2026-09-09 20:52:25,SEA,in,0.227,Q1 1:22,0,11435,Emanuel Wilson,RB,1.8,0.0,1.26,1.26,1.31,1.39
2026-09-09 20:52:25,SEA,in,0.227,Q1 1:22,0,11603,A.J. Barner,TE,7.9,0.0,5.87,5.87,5.76,6.1
2026-09-09 20:52:25,SEA,in,0.227,Q1 1:22,0,12048,George Holani,RB,6.6,1.4,5.0,6.4,6.48,6.5
2026-09-09 20:52:25,SEA,in,0.227,Q1 1:22,0,4039,Cooper Kupp,WR,7.4,0.0,5.5,5.5,5.39,5.72
2026-09-09 20:52:25,NE,in,0.227,Q1 1:22,0,4177,Mack Hollins,WR,3.3,1.9,2.69,4.59,4.67,4.45
2026-09-09 20:52:25,SEA,in,0.227,Q1 1:22,0,12521,Elijah Arroyo,TE,3.9,0.0,2.9,2.9,2.84,3.01
2026-09-09 20:52:25,NE,in,0.227,Q1 1:22,0,9501,Demario Douglas,WR,5.6,0.0,4.16,4.16,4.08,4.33
2026-09-09 20:52:25,SEA,in,0.227,Q1 1:22,0,2747,Jason Myers,K,8.5,0.0,6.2,6.2,6.2,6.57
2026-09-09 20:52:25,NE,in,0.227,Q1 1:22,0,12713,Andy Borregales,K,7.1,0.0,5.18,5.18,5.18,5.49
2026-09-09 20:52:25,SEA,in,0.227,Q1 1:22,0,SEA,Seattle Seahawks D/ST,DST,7.2,10.0,7.18,17.18,17.18,15.56
2026-09-09 20:52:25,NE,in,0.227,Q1 1:22,0,NE,New England Patriots D/ST,DST,5.8,11.0,6.35,17.35,17.35,15.48
2026-09-09 20:52:25,NE,in,0.227,Q1 1:22,0,13421,Eli Raridon,TE,1.8,0.0,1.34,1.34,1.31,1.39
2026-09-09 20:53:26,SEA,in,0.227,Q1 1:22,0,9488,Jaxon Smith-Njigba,WR,19.4,4.1,14.92,19.02,19.03,19.09
2026-09-09 20:53:26,NE,in,0.227,Q1 1:22,0,5859,A.J. Brown,WR,16.3,1.7,12.33,14.03,13.91,14.3
2026-09-09 20:53:26,NE,in,0.227,Q1 1:22,0,11564,Drake Maye,QB,19.4,2.04,15.08,17.12,16.57,17.03
2026-09-09 20:53:26,NE,in,0.227,Q1 1:22,0,7611,Rhamondre Stevenson,RB,17.5,1.2,12.59,13.79,14.19,14.72
2026-09-09 20:53:26,SEA,in,0.227,Q1 1:22,0,13286,Jadarian Price,RB,12.0,2.0,8.95,10.95,11.13,11.27
2026-09-09 20:53:26,NE,in,0.227,Q1 1:22,0,8121,Romeo Doubs,WR,9.7,0.0,7.21,7.21,7.07,7.5
2026-09-09 20:53:26,SEA,in,0.227,Q1 1:22,0,4943,Sam Darnold,QB,16.4,0.52,12.46,12.98,12.57,13.19
2026-09-09 20:53:26,SEA,in,0.227,Q1 1:22,0,8676,Rashid Shaheed,WR,8.5,0.0,6.32,6.32,6.2,6.57
2026-09-09 20:53:26,NE,in,0.227,Q1 1:22,0,3214,Hunter Henry,TE,9.7,0.0,7.21,7.21,7.07,7.5
2026-09-09 20:53:26,SEA,in,0.227,Q1 1:22,0,11435,Emanuel Wilson,RB,1.8,0.0,1.26,1.26,1.31,1.39
2026-09-09 20:53:26,SEA,in,0.227,Q1 1:22,0,11603,A.J. Barner,TE,7.9,0.0,5.87,5.87,5.76,6.1
2026-09-09 20:53:26,SEA,in,0.227,Q1 1:22,0,12048,George Holani,RB,6.6,1.4,5.0,6.4,6.48,6.5
2026-09-09 20:53:26,SEA,in,0.227,Q1 1:22,0,4039,Cooper Kupp,WR,7.4,0.0,5.5,5.5,5.39,5.72
2026-09-09 20:53:26,NE,in,0.227,Q1 1:22,0,4177,Mack Hollins,WR,3.3,1.9,2.69,4.59,4.67,4.45
2026-09-09 20:53:26,SEA,in,0.227,Q1 1:22,0,12521,Elijah Arroyo,TE,3.9,0.0,2.9,2.9,2.84,3.01
2026-09-09 20:53:26,NE,in,0.227,Q1 1:22,0,9501,Demario Douglas,WR,5.6,0.0,4.16,4.16,4.08,4.33
2026-09-09 20:53:26,SEA,in,0.227,Q1 1:22,0,2747,Jason Myers,K,8.5,0.0,6.2,6.2,6.2,6.57
2026-09-09 20:53:26,NE,in,0.227,Q1 1:22,0,12713,Andy Borregales,K,7.1,0.0,5.18,5.18,5.18,5.49
2026-09-09 20:53:26,SEA,in,0.227,Q1 1:22,0,SEA,Seattle Seahawks D/ST,DST,7.2,10.0,7.18,17.18,17.18,15.56
2026-09-09 20:53:26,NE,in,0.227,Q1 1:22,0,NE,New England Patriots D/ST,DST,5.8,11.0,6.35,17.35,17.35,15.48
2026-09-09 20:53:26,NE,in,0.227,Q1 1:22,0,13421,Eli Raridon,TE,1.8,0.0,1.34,1.34,1.31,1.39
2026-09-09 20:54:27,SEA,in,0.227,Q1 1:22,0,9488,Jaxon Smith-Njigba,WR,19.4,4.1,14.92,19.02,19.03,19.09
2026-09-09 20:54:27,NE,in,0.227,Q1 1:22,0,5859,A.J. Brown,WR,16.3,1.7,12.33,14.03,13.91,14.3
2026-09-09 20:54:27,NE,in,0.227,Q1 1:22,0,11564,Drake Maye,QB,19.4,2.04,15.08,17.12,16.57,17.03
2026-09-09 20:54:27,NE,in,0.227,Q1 1:22,0,7611,Rhamondre Stevenson,RB,17.5,1.2,12.59,13.79,14.19,14.72
2026-09-09 20:54:27,SEA,in,0.227,Q1 1:22,0,13286,Jadarian Price,RB,12.0,2.0,8.95,10.95,11.13,11.27
2026-09-09 20:54:27,NE,in,0.227,Q1 1:22,0,8121,Romeo Doubs,WR,9.7,0.0,7.21,7.21,7.07,7.5
2026-09-09 20:54:27,SEA,in,0.227,Q1 1:22,0,4943,Sam Darnold,QB,16.4,0.52,12.46,12.98,12.57,13.19
2026-09-09 20:54:27,SEA,in,0.227,Q1 1:22,0,8676,Rashid Shaheed,WR,8.5,0.0,6.32,6.32,6.2,6.57
2026-09-09 20:54:27,NE,in,0.227,Q1 1:22,0,3214,Hunter Henry,TE,9.7,0.0,7.21,7.21,7.07,7.5
2026-09-09 20:54:27,SEA,in,0.227,Q1 1:22,0,11435,Emanuel Wilson,RB,1.8,0.0,1.26,1.26,1.31,1.39
2026-09-09 20:54:27,SEA,in,0.227,Q1 1:22,0,11603,A.J. Barner,TE,7.9,0.0,5.87,5.87,5.76,6.1
2026-09-09 20:54:27,SEA,in,0.227,Q1 1:22,0,12048,George Holani,RB,6.6,1.4,5.0,6.4,6.48,6.5
2026-09-09 20:54:27,SEA,in,0.227,Q1 1:22,0,4039,Cooper Kupp,WR,7.4,0.0,5.5,5.5,5.39,5.72
2026-09-09 20:54:27,NE,in,0.227,Q1 1:22,0,4177,Mack Hollins,WR,3.3,1.9,2.69,4.59,4.67,4.45
2026-09-09 20:54:27,SEA,in,0.227,Q1 1:22,0,12521,Elijah Arroyo,TE,3.9,0.0,2.9,2.9,2.84,3.01
2026-09-09 20:54:27,NE,in,0.227,Q1 1:22,0,9501,Demario Douglas,WR,5.6,0.0,4.16,4.16,4.08,4.33
2026-09-09 20:54:27,SEA,in,0.227,Q1 1:22,0,2747,Jason Myers,K,8.5,0.0,6.2,6.2,6.2,6.57
2026-09-09 20:54:27,NE,in,0.227,Q1 1:22,0,12713,Andy Borregales,K,7.1,0.0,5.18,5.18,5.18,5.49
2026-09-09 20:54:27,SEA,in,0.227,Q1 1:22,0,SEA,Seattle Seahawks D/ST,DST,7.2,10.0,7.18,17.18,17.18,15.56
2026-09-09 20:54:27,NE,in,0.227,Q1 1:22,0,NE,New England Patriots D/ST,DST,5.8,11.0,6.35,17.35,17.35,15.48
2026-09-09 20:54:27,NE,in,0.227,Q1 1:22,0,13421,Eli Raridon,TE,1.8,0.0,1.34,1.34,1.31,1.39
2026-09-09 20:55:27,SEA,in,0.236,Q1 0:49,0,9488,Jaxon Smith-Njigba,WR,19.4,4.1,14.75,18.85,18.82,18.91
2026-09-09 20:55:27,NE,in,0.236,Q1 0:49,0,5859,A.J. Brown,WR,16.3,1.7,12.18,13.88,13.74,14.15
2026-09-09 20:55:27,NE,in,0.236,Q1 0:49,0,11564,Drake Maye,QB,19.4,2.04,14.88,16.92,16.37,16.85
2026-09-09 20:55:27,NE,in,0.236,Q1 0:49,0,7611,Rhamondre Stevenson,RB,17.5,1.2,12.4,13.6,14.0,14.56
2026-09-09 20:55:27,SEA,in,0.236,Q1 0:49,0,13286,Jadarian Price,RB,12.0,3.4,9.19,12.59,12.67,12.56
2026-09-09 20:55:27,NE,in,0.236,Q1 0:49,0,8121,Romeo Doubs,WR,9.7,0.0,7.13,7.13,6.97,7.41
2026-09-09 20:55:27,SEA,in,0.236,Q1 0:49,0,4943,Sam Darnold,QB,16.4,0.52,12.28,12.8,12.4,13.04
2026-09-09 20:55:27,SEA,in,0.236,Q1 0:49,0,8676,Rashid Shaheed,WR,8.5,0.0,6.24,6.24,6.11,6.49
2026-09-09 20:55:27,NE,in,0.236,Q1 0:49,0,3214,Hunter Henry,TE,9.7,0.0,7.13,7.13,6.97,7.41
2026-09-09 20:55:27,SEA,in,0.236,Q1 0:49,0,11435,Emanuel Wilson,RB,1.8,0.0,1.24,1.24,1.29,1.37
2026-09-09 20:55:27,SEA,in,0.236,Q1 0:49,0,11603,A.J. Barner,TE,7.9,0.0,5.8,5.8,5.68,6.03
2026-09-09 20:55:27,SEA,in,0.236,Q1 0:49,0,12048,George Holani,RB,6.6,1.4,4.93,6.33,6.41,6.44
2026-09-09 20:55:27,SEA,in,0.236,Q1 0:49,0,4039,Cooper Kupp,WR,7.4,0.0,5.44,5.44,5.32,5.65
2026-09-09 20:55:27,NE,in,0.236,Q1 0:49,0,4177,Mack Hollins,WR,3.3,1.9,2.65,4.55,4.63,4.42
2026-09-09 20:55:27,SEA,in,0.236,Q1 0:49,0,12521,Elijah Arroyo,TE,3.9,0.0,2.87,2.87,2.8,2.98
2026-09-09 20:55:27,NE,in,0.236,Q1 0:49,0,9501,Demario Douglas,WR,5.6,0.0,4.11,4.11,4.02,4.28
2026-09-09 20:55:27,SEA,in,0.236,Q1 0:49,0,2747,Jason Myers,K,8.5,0.0,6.11,6.11,6.11,6.49
2026-09-09 20:55:27,NE,in,0.236,Q1 0:49,0,12713,Andy Borregales,K,7.1,0.0,5.1,5.1,5.1,5.42
2026-09-09 20:55:27,SEA,in,0.236,Q1 0:49,0,SEA,Seattle Seahawks D/ST,DST,7.2,10.0,7.08,17.08,17.08,15.5
2026-09-09 20:55:27,NE,in,0.236,Q1 0:49,0,NE,New England Patriots D/ST,DST,5.8,11.0,6.27,17.27,17.27,15.43
2026-09-09 20:55:27,NE,in,0.236,Q1 0:49,0,13421,Eli Raridon,TE,1.8,0.0,1.32,1.32,1.29,1.37
2026-09-09 20:56:28,SEA,in,0.25,Q1 0:00,0,9488,Jaxon Smith-Njigba,WR,19.4,4.1,14.48,18.58,18.51,18.65
2026-09-09 20:56:28,NE,in,0.25,Q1 0:00,0,5859,A.J. Brown,WR,16.3,1.7,11.96,13.66,13.48,13.93
2026-09-09 20:56:28,NE,in,0.25,Q1 0:00,0,11564,Drake Maye,QB,19.4,2.04,14.57,16.61,16.06,16.59
2026-09-09 20:56:28,NE,in,0.25,Q1 0:00,0,7611,Rhamondre Stevenson,RB,17.5,1.2,12.13,13.33,13.73,14.32
2026-09-09 20:56:28,SEA,in,0.25,Q1 0:00,0,13286,Jadarian Price,RB,12.0,3.4,9.0,12.4,12.47,12.4
2026-09-09 20:56:28,NE,in,0.25,Q1 0:00,0,8121,Romeo Doubs,WR,9.7,0.0,7.0,7.0,6.82,7.27
2026-09-09 20:56:28,SEA,in,0.25,Q1 0:00,0,4943,Sam Darnold,QB,16.4,0.52,12.01,12.53,12.15,12.82
2026-09-09 20:56:28,SEA,in,0.25,Q1 0:00,0,8676,Rashid Shaheed,WR,8.5,0.0,6.13,6.13,5.98,6.38
2026-09-09 20:56:28,NE,in,0.25,Q1 0:00,0,3214,Hunter Henry,TE,9.7,0.0,7.0,7.0,6.82,7.27
2026-09-09 20:56:28,SEA,in,0.25,Q1 0:00,0,11435,Emanuel Wilson,RB,1.8,0.3,1.29,1.59,1.62,1.65
2026-09-09 20:56:28,SEA,in,0.25,Q1 0:00,0,11603,A.J. Barner,TE,7.9,0.0,5.7,5.7,5.55,5.93
2026-09-09 20:56:28,SEA,in,0.25,Q1 0:00,0,12048,George Holani,RB,6.6,1.4,4.82,6.22,6.3,6.35
2026-09-09 20:56:28,SEA,in,0.25,Q1 0:00,0,4039,Cooper Kupp,WR,7.4,0.0,5.34,5.34,5.2,5.55
2026-09-09 20:56:28,NE,in,0.25,Q1 0:00,0,4177,Mack Hollins,WR,3.3,1.9,2.61,4.51,4.58,4.38
2026-09-09 20:56:28,SEA,in,0.25,Q1 0:00,0,12521,Elijah Arroyo,TE,3.9,0.0,2.81,2.81,2.74,2.92
2026-09-09 20:56:28,NE,in,0.25,Q1 0:00,0,9501,Demario Douglas,WR,5.6,0.0,4.04,4.04,3.94,4.2
2026-09-09 20:56:28,SEA,in,0.25,Q1 0:00,0,2747,Jason Myers,K,8.5,0.0,5.98,5.98,5.98,6.38
2026-09-09 20:56:28,NE,in,0.25,Q1 0:00,0,12713,Andy Borregales,K,7.1,0.0,4.99,4.99,4.99,5.32
2026-09-09 20:56:28,SEA,in,0.25,Q1 0:00,0,SEA,Seattle Seahawks D/ST,DST,7.2,10.0,6.94,16.94,16.94,15.4
2026-09-09 20:56:28,NE,in,0.25,Q1 0:00,0,NE,New England Patriots D/ST,DST,5.8,11.0,6.14,17.14,17.14,15.35
2026-09-09 20:56:28,NE,in,0.25,Q1 0:00,0,13421,Eli Raridon,TE,1.8,0.0,1.3,1.3,1.27,1.35
2026-09-09 20:57:29,SEA,in,0.25,Q2 15:00,0,9488,Jaxon Smith-Njigba,WR,19.4,4.1,14.48,18.58,18.51,18.65
2026-09-09 20:57:29,NE,in,0.25,Q2 15:00,0,5859,A.J. Brown,WR,16.3,1.7,11.96,13.66,13.48,13.93
2026-09-09 20:57:29,NE,in,0.25,Q2 15:00,0,11564,Drake Maye,QB,19.4,2.04,14.57,16.61,16.06,16.59
2026-09-09 20:57:29,NE,in,0.25,Q2 15:00,0,7611,Rhamondre Stevenson,RB,17.5,1.2,12.13,13.33,13.73,14.32
2026-09-09 20:57:29,SEA,in,0.25,Q2 15:00,0,13286,Jadarian Price,RB,12.0,3.4,9.0,12.4,12.47,12.4
2026-09-09 20:57:29,NE,in,0.25,Q2 15:00,0,8121,Romeo Doubs,WR,9.7,0.0,7.0,7.0,6.82,7.27
2026-09-09 20:57:29,SEA,in,0.25,Q2 15:00,0,4943,Sam Darnold,QB,16.4,0.52,12.01,12.53,12.15,12.82
2026-09-09 20:57:29,SEA,in,0.25,Q2 15:00,0,8676,Rashid Shaheed,WR,8.5,0.0,6.13,6.13,5.98,6.38
2026-09-09 20:57:29,NE,in,0.25,Q2 15:00,0,3214,Hunter Henry,TE,9.7,0.0,7.0,7.0,6.82,7.27
2026-09-09 20:57:29,SEA,in,0.25,Q2 15:00,0,11435,Emanuel Wilson,RB,1.8,0.3,1.29,1.59,1.62,1.65
2026-09-09 20:57:29,SEA,in,0.25,Q2 15:00,0,11603,A.J. Barner,TE,7.9,0.0,5.7,5.7,5.55,5.93
2026-09-09 20:57:29,SEA,in,0.25,Q2 15:00,0,12048,George Holani,RB,6.6,1.4,4.82,6.22,6.3,6.35
2026-09-09 20:57:29,SEA,in,0.25,Q2 15:00,0,4039,Cooper Kupp,WR,7.4,0.0,5.34,5.34,5.2,5.55
2026-09-09 20:57:29,NE,in,0.25,Q2 15:00,0,4177,Mack Hollins,WR,3.3,1.9,2.61,4.51,4.58,4.38
2026-09-09 20:57:29,SEA,in,0.25,Q2 15:00,0,12521,Elijah Arroyo,TE,3.9,0.0,2.81,2.81,2.74,2.92
2026-09-09 20:57:29,NE,in,0.25,Q2 15:00,0,9501,Demario Douglas,WR,5.6,0.0,4.04,4.04,3.94,4.2
2026-09-09 20:57:29,SEA,in,0.25,Q2 15:00,0,2747,Jason Myers,K,8.5,0.0,5.98,5.98,5.98,6.38
2026-09-09 20:57:29,NE,in,0.25,Q2 15:00,0,12713,Andy Borregales,K,7.1,0.0,4.99,4.99,4.99,5.32
2026-09-09 20:57:29,SEA,in,0.25,Q2 15:00,0,SEA,Seattle Seahawks D/ST,DST,7.2,10.0,6.94,16.94,16.94,15.4
2026-09-09 20:57:29,NE,in,0.25,Q2 15:00,0,NE,New England Patriots D/ST,DST,5.8,11.0,6.14,17.14,17.14,15.35
2026-09-09 20:57:29,NE,in,0.25,Q2 15:00,0,13421,Eli Raridon,TE,1.8,0.0,1.3,1.3,1.27,1.35
2026-09-09 20:58:29,SEA,in,0.25,Q2 15:00,0,9488,Jaxon Smith-Njigba,WR,19.4,4.1,14.48,18.58,18.51,18.65
2026-09-09 20:58:29,NE,in,0.25,Q2 15:00,0,5859,A.J. Brown,WR,16.3,1.7,11.96,13.66,13.48,13.93
2026-09-09 20:58:29,NE,in,0.25,Q2 15:00,0,11564,Drake Maye,QB,19.4,2.04,14.57,16.61,16.06,16.59
2026-09-09 20:58:29,NE,in,0.25,Q2 15:00,0,7611,Rhamondre Stevenson,RB,17.5,1.2,12.13,13.33,13.73,14.32
2026-09-09 20:58:29,SEA,in,0.25,Q2 15:00,0,13286,Jadarian Price,RB,12.0,3.4,9.0,12.4,12.47,12.4
2026-09-09 20:58:29,NE,in,0.25,Q2 15:00,0,8121,Romeo Doubs,WR,9.7,0.0,7.0,7.0,6.82,7.27
2026-09-09 20:58:29,SEA,in,0.25,Q2 15:00,0,4943,Sam Darnold,QB,16.4,0.52,12.01,12.53,12.15,12.82
2026-09-09 20:58:29,SEA,in,0.25,Q2 15:00,0,8676,Rashid Shaheed,WR,8.5,0.0,6.13,6.13,5.98,6.38
2026-09-09 20:58:29,NE,in,0.25,Q2 15:00,0,3214,Hunter Henry,TE,9.7,0.0,7.0,7.0,6.82,7.27
2026-09-09 20:58:29,SEA,in,0.25,Q2 15:00,0,11435,Emanuel Wilson,RB,1.8,0.3,1.29,1.59,1.62,1.65
2026-09-09 20:58:29,SEA,in,0.25,Q2 15:00,0,11603,A.J. Barner,TE,7.9,0.0,5.7,5.7,5.55,5.93
2026-09-09 20:58:29,SEA,in,0.25,Q2 15:00,0,12048,George Holani,RB,6.6,1.4,4.82,6.22,6.3,6.35
2026-09-09 20:58:29,SEA,in,0.25,Q2 15:00,0,4039,Cooper Kupp,WR,7.4,0.0,5.34,5.34,5.2,5.55
2026-09-09 20:58:29,NE,in,0.25,Q2 15:00,0,4177,Mack Hollins,WR,3.3,1.9,2.61,4.51,4.58,4.38
2026-09-09 20:58:29,SEA,in,0.25,Q2 15:00,0,12521,Elijah Arroyo,TE,3.9,0.0,2.81,2.81,2.74,2.92
2026-09-09 20:58:29,NE,in,0.25,Q2 15:00,0,9501,Demario Douglas,WR,5.6,0.0,4.04,4.04,3.94,4.2
2026-09-09 20:58:29,SEA,in,0.25,Q2 15:00,0,2747,Jason Myers,K,8.5,0.0,5.98,5.98,5.98,6.38
2026-09-09 20:58:29,NE,in,0.25,Q2 15:00,0,12713,Andy Borregales,K,7.1,0.0,4.99,4.99,4.99,5.32
2026-09-09 20:58:29,SEA,in,0.25,Q2 15:00,0,SEA,Seattle Seahawks D/ST,DST,7.2,10.0,6.94,16.94,16.94,15.4
2026-09-09 20:58:29,NE,in,0.25,Q2 15:00,0,NE,New England Patriots D/ST,DST,5.8,11.0,6.14,17.14,17.14,15.35
2026-09-09 20:58:29,NE,in,0.25,Q2 15:00,0,13421,Eli Raridon,TE,1.8,0.0,1.3,1.3,1.27,1.35
2026-09-09 20:59:30,SEA,in,0.253,Q2 14:48,0,9488,Jaxon Smith-Njigba,WR,19.4,4.1,14.42,18.52,18.43,18.59
2026-09-09 20:59:30,NE,in,0.253,Q2 14:48,0,5859,A.J. Brown,WR,16.3,1.7,11.91,13.61,13.42,13.87
2026-09-09 20:59:30,NE,in,0.253,Q2 14:48,0,11564,Drake Maye,QB,19.4,2.04,14.5,16.54,15.99,16.53
2026-09-09 20:59:30,NE,in,0.253,Q2 14:48,0,7611,Rhamondre Stevenson,RB,17.5,1.2,12.06,13.26,13.66,14.27
2026-09-09 20:59:30,SEA,in,0.253,Q2 14:48,0,13286,Jadarian Price,RB,12.0,3.4,8.95,12.35,12.43,12.36
2026-09-09 20:59:30,NE,in,0.253,Q2 14:48,0,8121,Romeo Doubs,WR,9.7,0.0,6.97,6.97,6.78,7.24
2026-09-09 20:59:30,SEA,in,0.253,Q2 14:48,0,4943,Sam Darnold,QB,16.4,0.52,11.95,12.47,12.09,12.77
2026-09-09 20:59:30,SEA,in,0.253,Q2 14:48,0,8676,Rashid Shaheed,WR,8.5,0.0,6.11,6.11,5.94,6.35
2026-09-09 20:59:30,NE,in,0.253,Q2 14:48,0,3214,Hunter Henry,TE,9.7,0.0,6.97,6.97,6.78,7.24
2026-09-09 20:59:30,SEA,in,0.253,Q2 14:48,0,11435,Emanuel Wilson,RB,1.8,0.3,1.29,1.59,1.61,1.64
2026-09-09 20:59:30,SEA,in,0.253,Q2 14:48,0,11603,A.J. Barner,TE,7.9,0.0,5.68,5.68,5.53,5.9
2026-09-09 20:59:30,SEA,in,0.253,Q2 14:48,0,12048,George Holani,RB,6.6,1.4,4.8,6.2,6.28,6.33
2026-09-09 20:59:30,SEA,in,0.253,Q2 14:48,0,4039,Cooper Kupp,WR,7.4,0.0,5.32,5.32,5.18,5.53
2026-09-09 20:59:30,NE,in,0.253,Q2 14:48,0,4177,Mack Hollins,WR,3.3,1.9,2.59,4.49,4.56,4.36
2026-09-09 20:59:30,SEA,in,0.253,Q2 14:48,0,12521,Elijah Arroyo,TE,3.9,0.0,2.8,2.8,2.73,2.91
2026-09-09 20:59:30,NE,in,0.253,Q2 14:48,0,9501,Demario Douglas,WR,5.6,0.0,4.02,4.02,3.92,4.18
2026-09-09 20:59:30,SEA,in,0.253,Q2 14:48,0,2747,Jason Myers,K,8.5,0.0,5.94,5.94,5.94,6.35
2026-09-09 20:59:30,NE,in,0.253,Q2 14:48,0,12713,Andy Borregales,K,7.1,0.0,4.97,4.97,4.97,5.3
2026-09-09 20:59:30,SEA,in,0.253,Q2 14:48,0,SEA,Seattle Seahawks D/ST,DST,7.2,10.0,6.9,16.9,16.9,15.38
2026-09-09 20:59:30,NE,in,0.253,Q2 14:48,0,NE,New England Patriots D/ST,DST,5.8,11.0,6.11,17.11,17.11,15.33
2026-09-09 20:59:30,NE,in,0.253,Q2 14:48,0,13421,Eli Raridon,TE,1.8,0.0,1.29,1.29,1.26,1.34
2026-09-09 21:00:31,SEA,in,0.253,Q2 14:48,0,9488,Jaxon Smith-Njigba,WR,19.4,4.1,14.42,18.52,18.43,18.59
2026-09-09 21:00:31,NE,in,0.253,Q2 14:48,0,5859,A.J. Brown,WR,16.3,1.7,11.91,13.61,13.42,13.87
2026-09-09 21:00:31,NE,in,0.253,Q2 14:48,0,11564,Drake Maye,QB,19.4,2.04,14.5,16.54,15.99,16.53
2026-09-09 21:00:31,NE,in,0.253,Q2 14:48,0,7611,Rhamondre Stevenson,RB,17.5,1.2,12.06,13.26,13.66,14.27
2026-09-09 21:00:31,SEA,in,0.253,Q2 14:48,0,13286,Jadarian Price,RB,12.0,3.4,8.95,12.35,12.43,12.36
2026-09-09 21:00:31,NE,in,0.253,Q2 14:48,0,8121,Romeo Doubs,WR,9.7,0.0,6.97,6.97,6.78,7.24
2026-09-09 21:00:31,SEA,in,0.253,Q2 14:48,0,4943,Sam Darnold,QB,16.4,0.52,11.95,12.47,12.09,12.77
2026-09-09 21:00:31,SEA,in,0.253,Q2 14:48,0,8676,Rashid Shaheed,WR,8.5,0.0,6.11,6.11,5.94,6.35
2026-09-09 21:00:31,NE,in,0.253,Q2 14:48,0,3214,Hunter Henry,TE,9.7,0.0,6.97,6.97,6.78,7.24
2026-09-09 21:00:31,SEA,in,0.253,Q2 14:48,0,11435,Emanuel Wilson,RB,1.8,0.3,1.29,1.59,1.61,1.64
2026-09-09 21:00:31,SEA,in,0.253,Q2 14:48,0,11603,A.J. Barner,TE,7.9,0.0,5.68,5.68,5.53,5.9
2026-09-09 21:00:31,SEA,in,0.253,Q2 14:48,0,12048,George Holani,RB,6.6,1.4,4.8,6.2,6.28,6.33
2026-09-09 21:00:31,SEA,in,0.253,Q2 14:48,0,4039,Cooper Kupp,WR,7.4,0.0,5.32,5.32,5.18,5.53
2026-09-09 21:00:31,NE,in,0.253,Q2 14:48,0,4177,Mack Hollins,WR,3.3,1.9,2.59,4.49,4.56,4.36
2026-09-09 21:00:31,SEA,in,0.253,Q2 14:48,0,12521,Elijah Arroyo,TE,3.9,0.0,2.8,2.8,2.73,2.91
2026-09-09 21:00:31,NE,in,0.253,Q2 14:48,0,9501,Demario Douglas,WR,5.6,0.0,4.02,4.02,3.92,4.18
2026-09-09 21:00:31,SEA,in,0.253,Q2 14:48,0,2747,Jason Myers,K,8.5,0.0,5.94,5.94,5.94,6.35
2026-09-09 21:00:31,NE,in,0.253,Q2 14:48,0,12713,Andy Borregales,K,7.1,0.0,4.97,4.97,4.97,5.3
2026-09-09 21:00:31,SEA,in,0.253,Q2 14:48,0,SEA,Seattle Seahawks D/ST,DST,7.2,10.0,6.9,16.9,16.9,15.38
2026-09-09 21:00:31,NE,in,0.253,Q2 14:48,0,NE,New England Patriots D/ST,DST,5.8,11.0,6.11,17.11,17.11,15.33
2026-09-09 21:00:31,NE,in,0.253,Q2 14:48,0,13421,Eli Raridon,TE,1.8,0.0,1.29,1.29,1.26,1.34
2026-09-09 21:01:31,SEA,in,0.264,Q2 14:09,0,9488,Jaxon Smith-Njigba,WR,19.4,4.1,14.21,18.31,18.19,18.38
2026-09-09 21:01:31,NE,in,0.264,Q2 14:09,0,5859,A.J. Brown,WR,16.3,1.7,11.74,13.44,13.21,13.69
2026-09-09 21:01:31,NE,in,0.264,Q2 14:09,0,11564,Drake Maye,QB,19.4,2.04,14.26,16.3,15.75,16.32
2026-09-09 21:01:31,NE,in,0.264,Q2 14:09,0,7611,Rhamondre Stevenson,RB,17.5,1.2,11.85,13.05,13.45,14.08
2026-09-09 21:01:31,SEA,in,0.264,Q2 14:09,0,13286,Jadarian Price,RB,12.0,3.4,8.79,12.19,12.27,12.23
2026-09-09 21:01:31,NE,in,0.264,Q2 14:09,0,8121,Romeo Doubs,WR,9.7,0.0,6.87,6.87,6.67,7.14
2026-09-09 21:01:31,SEA,in,0.264,Q2 14:09,0,4943,Sam Darnold,QB,16.4,0.52,11.74,12.26,11.89,12.59
2026-09-09 21:01:31,SEA,in,0.264,Q2 14:09,0,8676,Rashid Shaheed,WR,8.5,0.0,6.02,6.02,5.84,6.25
2026-09-09 21:01:31,NE,in,0.264,Q2 14:09,0,3214,Hunter Henry,TE,9.7,0.0,6.87,6.87,6.67,7.14
2026-09-09 21:01:31,SEA,in,0.264,Q2 14:09,0,11435,Emanuel Wilson,RB,1.8,0.3,1.26,1.56,1.59,1.62
2026-09-09 21:01:31,SEA,in,0.264,Q2 14:09,0,11603,A.J. Barner,TE,7.9,0.0,5.6,5.6,5.43,5.81
2026-09-09 21:01:31,SEA,in,0.264,Q2 14:09,0,12048,George Holani,RB,6.6,1.4,4.71,6.11,6.19,6.26
2026-09-09 21:01:31,SEA,in,0.264,Q2 14:09,0,4039,Cooper Kupp,WR,7.4,0.0,5.24,5.24,5.09,5.45
2026-09-09 21:01:31,NE,in,0.264,Q2 14:09,0,4177,Mack Hollins,WR,3.3,1.9,2.55,4.45,4.52,4.33
2026-09-09 21:01:31,SEA,in,0.264,Q2 14:09,0,12521,Elijah Arroyo,TE,3.9,0.0,2.76,2.76,2.68,2.87
2026-09-09 21:01:31,NE,in,0.264,Q2 14:09,0,9501,Demario Douglas,WR,5.6,0.0,3.97,3.97,3.85,4.12
2026-09-09 21:01:31,SEA,in,0.264,Q2 14:09,0,2747,Jason Myers,K,8.5,0.0,5.84,5.84,5.84,6.25
2026-09-09 21:01:31,NE,in,0.264,Q2 14:09,0,12713,Andy Borregales,K,7.1,0.0,4.88,4.88,4.88,5.22
2026-09-09 21:01:31,SEA,in,0.264,Q2 14:09,0,SEA,Seattle Seahawks D/ST,DST,7.2,10.0,6.79,16.79,16.79,15.3
2026-09-09 21:01:31,NE,in,0.264,Q2 14:09,0,NE,New England Patriots D/ST,DST,5.8,11.0,6.01,17.01,17.01,15.27
2026-09-09 21:01:31,NE,in,0.264,Q2 14:09,0,13421,Eli Raridon,TE,1.8,0.0,1.27,1.27,1.24,1.32
2026-09-09 21:02:32,SEA,in,0.283,Q2 13:00,0,9488,Jaxon Smith-Njigba,WR,19.4,4.1,13.84,17.94,17.75,18.0
2026-09-09 21:02:32,NE,in,0.283,Q2 13:00,0,5859,A.J. Brown,WR,16.3,1.7,11.44,13.14,12.86,13.38
2026-09-09 21:02:32,NE,in,0.283,Q2 13:00,0,11564,Drake Maye,QB,19.4,2.68,13.99,16.67,16.08,16.58
2026-09-09 21:02:32,NE,in,0.283,Q2 13:00,0,7611,Rhamondre Stevenson,RB,17.5,1.2,11.47,12.67,13.07,13.74
2026-09-09 21:02:32,SEA,in,0.283,Q2 13:00,0,13286,Jadarian Price,RB,12.0,3.4,8.52,11.92,12.0,12.0
2026-09-09 21:02:32,NE,in,0.283,Q2 13:00,0,8121,Romeo Doubs,WR,9.7,0.0,6.69,6.69,6.46,6.95
2026-09-09 21:02:32,SEA,in,0.283,Q2 13:00,0,4943,Sam Darnold,QB,16.4,0.52,11.37,11.89,11.53,12.27
2026-09-09 21:02:32,SEA,in,0.283,Q2 13:00,0,8676,Rashid Shaheed,WR,8.5,0.0,5.87,5.87,5.66,6.09
2026-09-09 21:02:32,NE,in,0.283,Q2 13:00,0,3214,Hunter Henry,TE,9.7,0.0,6.69,6.69,6.46,6.95
2026-09-09 21:02:32,SEA,in,0.283,Q2 13:00,0,11435,Emanuel Wilson,RB,1.8,0.3,1.22,1.52,1.55,1.59
2026-09-09 21:02:32,SEA,in,0.283,Q2 13:00,0,11603,A.J. Barner,TE,7.9,0.0,5.45,5.45,5.26,5.66
2026-09-09 21:02:32,SEA,in,0.283,Q2 13:00,0,12048,George Holani,RB,6.6,1.4,4.57,5.97,6.05,6.13
2026-09-09 21:02:32,SEA,in,0.283,Q2 13:00,0,4039,Cooper Kupp,WR,7.4,0.0,5.11,5.11,4.93,5.3
2026-09-09 21:02:32,NE,in,0.283,Q2 13:00,0,4177,Mack Hollins,WR,3.3,1.9,2.49,4.39,4.44,4.26
2026-09-09 21:02:32,SEA,in,0.283,Q2 13:00,0,12521,Elijah Arroyo,TE,3.9,0.0,2.69,2.69,2.6,2.79
2026-09-09 21:02:32,NE,in,0.283,Q2 13:00,0,9501,Demario Douglas,WR,5.6,1.5,4.03,5.53,5.5,5.51
2026-09-09 21:02:32,SEA,in,0.283,Q2 13:00,0,2747,Jason Myers,K,8.5,0.0,5.66,5.66,5.66,6.09
2026-09-09 21:02:32,NE,in,0.283,Q2 13:00,0,12713,Andy Borregales,K,7.1,0.0,4.73,4.73,4.73,5.09
2026-09-09 21:02:32,SEA,in,0.283,Q2 13:00,0,SEA,Seattle Seahawks D/ST,DST,7.2,10.0,6.59,16.59,16.59,15.16
2026-09-09 21:02:32,NE,in,0.283,Q2 13:00,0,NE,New England Patriots D/ST,DST,5.8,11.0,5.83,16.83,16.83,15.16
2026-09-09 21:02:32,NE,in,0.283,Q2 13:00,0,13421,Eli Raridon,TE,1.8,0.0,1.24,1.24,1.2,1.29
2026-09-09 21:03:32,SEA,in,0.304,Q2 11:47,0,9488,Jaxon Smith-Njigba,WR,19.4,4.1,13.45,17.55,17.3,17.61
2026-09-09 21:03:32,NE,in,0.304,Q2 11:47,0,5859,A.J. Brown,WR,16.3,1.7,11.12,12.82,12.49,13.05
2026-09-09 21:03:32,NE,in,0.304,Q2 11:47,0,11564,Drake Maye,QB,19.4,2.68,13.55,16.23,15.63,16.19
2026-09-09 21:03:32,NE,in,0.304,Q2 11:47,0,7611,Rhamondre Stevenson,RB,17.5,1.2,11.08,12.28,12.67,13.39
2026-09-09 21:03:32,SEA,in,0.304,Q2 11:47,0,13286,Jadarian Price,RB,12.0,3.4,8.24,11.64,11.71,11.76
2026-09-09 21:03:32,NE,in,0.304,Q2 11:47,0,8121,Romeo Doubs,WR,9.7,0.0,6.51,6.51,6.24,6.75
2026-09-09 21:03:32,SEA,in,0.304,Q2 11:47,0,4943,Sam Darnold,QB,16.4,0.52,10.99,11.51,11.16,11.94
2026-09-09 21:03:32,SEA,in,0.304,Q2 11:47,0,8676,Rashid Shaheed,WR,8.5,0.0,5.7,5.7,5.47,5.92
2026-09-09 21:03:32,NE,in,0.304,Q2 11:47,0,3214,Hunter Henry,TE,9.7,0.0,6.51,6.51,6.24,6.75
2026-09-09 21:03:32,SEA,in,0.304,Q2 11:47,0,11435,Emanuel Wilson,RB,1.8,0.3,1.18,1.48,1.51,1.55
2026-09-09 21:03:32,SEA,in,0.304,Q2 11:47,0,11603,A.J. Barner,TE,7.9,0.0,5.3,5.3,5.08,5.5
2026-09-09 21:03:32,SEA,in,0.304,Q2 11:47,0,12048,George Holani,RB,6.6,1.4,4.42,5.82,5.89,6.0
2026-09-09 21:03:32,SEA,in,0.304,Q2 11:47,0,4039,Cooper Kupp,WR,7.4,0.0,4.96,4.96,4.76,5.15
2026-09-09 21:03:32,NE,in,0.304,Q2 11:47,0,4177,Mack Hollins,WR,3.3,1.9,2.42,4.32,4.35,4.2
2026-09-09 21:03:32,SEA,in,0.304,Q2 11:47,0,12521,Elijah Arroyo,TE,3.9,0.0,2.62,2.62,2.51,2.72
2026-09-09 21:03:32,NE,in,0.304,Q2 11:47,0,9501,Demario Douglas,WR,5.6,1.5,3.92,5.42,5.36,5.4
2026-09-09 21:03:32,SEA,in,0.304,Q2 11:47,0,2747,Jason Myers,K,8.5,0.0,5.47,5.47,5.47,5.92
2026-09-09 21:03:32,NE,in,0.304,Q2 11:47,0,12713,Andy Borregales,K,7.1,0.0,4.57,4.57,4.57,4.94
2026-09-09 21:03:32,SEA,in,0.304,Q2 11:47,0,SEA,Seattle Seahawks D/ST,DST,7.2,10.0,6.37,16.37,16.37,15.01
2026-09-09 21:03:32,NE,in,0.304,Q2 11:47,0,NE,New England Patriots D/ST,DST,5.8,11.0,5.65,16.65,16.65,15.04
2026-09-09 21:03:32,NE,in,0.304,Q2 11:47,0,13421,Eli Raridon,TE,1.8,0.0,1.21,1.21,1.16,1.25
2026-09-09 21:04:33,SEA,in,0.325,Q2 10:31,0,9488,Jaxon Smith-Njigba,WR,19.4,4.1,13.07,17.17,16.83,17.2
2026-09-09 21:04:33,NE,in,0.325,Q2 10:31,0,5859,A.J. Brown,WR,16.3,3.2,10.95,14.15,13.85,14.21
2026-09-09 21:04:33,NE,in,0.325,Q2 10:31,0,11564,Drake Maye,QB,19.4,3.48,13.31,16.79,16.1,16.58
2026-09-09 21:04:33,NE,in,0.325,Q2 10:31,0,7611,Rhamondre Stevenson,RB,17.5,1.2,10.71,11.91,12.26,13.02
2026-09-09 21:04:33,SEA,in,0.325,Q2 10:31,0,13286,Jadarian Price,RB,12.0,3.4,7.97,11.37,11.42,11.5
2026-09-09 21:04:33,NE,in,0.325,Q2 10:31,0,8121,Romeo Doubs,WR,9.7,0.0,6.32,6.32,6.02,6.55
2026-09-09 21:04:33,SEA,in,0.325,Q2 10:31,0,4943,Sam Darnold,QB,16.4,0.52,10.65,11.17,10.78,11.59
2026-09-09 21:04:33,SEA,in,0.325,Q2 10:31,0,8676,Rashid Shaheed,WR,8.5,0.0,5.53,5.53,5.27,5.74
2026-09-09 21:04:33,NE,in,0.325,Q2 10:31,0,3214,Hunter Henry,TE,9.7,0.0,6.32,6.32,6.02,6.55
2026-09-09 21:04:33,SEA,in,0.325,Q2 10:31,0,11435,Emanuel Wilson,RB,1.8,0.3,1.14,1.44,1.47,1.52
2026-09-09 21:04:33,SEA,in,0.325,Q2 10:31,0,11603,A.J. Barner,TE,7.9,0.0,5.14,5.14,4.9,5.33
2026-09-09 21:04:33,SEA,in,0.325,Q2 10:31,0,12048,George Holani,RB,6.6,1.4,4.27,5.67,5.73,5.86
2026-09-09 21:04:33,SEA,in,0.325,Q2 10:31,0,4039,Cooper Kupp,WR,7.4,0.0,4.82,4.82,4.59,5.0
2026-09-09 21:04:33,NE,in,0.325,Q2 10:31,0,4177,Mack Hollins,WR,3.3,1.9,2.35,4.25,4.27,4.13
2026-09-09 21:04:33,SEA,in,0.325,Q2 10:31,0,12521,Elijah Arroyo,TE,3.9,0.0,2.54,2.54,2.42,2.63
2026-09-09 21:04:33,NE,in,0.325,Q2 10:31,0,9501,Demario Douglas,WR,5.6,1.5,3.81,5.31,5.23,5.28
2026-09-09 21:04:33,SEA,in,0.325,Q2 10:31,0,2747,Jason Myers,K,8.5,0.0,5.27,5.27,5.27,5.74
2026-09-09 21:04:33,NE,in,0.325,Q2 10:31,0,12713,Andy Borregales,K,7.1,0.0,4.41,4.41,4.41,4.79
2026-09-09 21:04:33,SEA,in,0.325,Q2 10:31,0,SEA,Seattle Seahawks D/ST,DST,7.2,10.0,6.16,16.16,16.16,14.86
2026-09-09 21:04:33,NE,in,0.325,Q2 10:31,0,NE,New England Patriots D/ST,DST,5.8,11.0,5.46,16.46,16.46,14.92
2026-09-09 21:04:33,NE,in,0.325,Q2 10:31,0,13421,Eli Raridon,TE,1.8,0.0,1.17,1.17,1.12,1.22
2026-09-09 21:05:34,SEA,in,0.335,Q2 9:54,0,9488,Jaxon Smith-Njigba,WR,19.4,4.1,12.88,16.98,16.6,17.0
2026-09-09 21:05:34,NE,in,0.335,Q2 9:54,0,5859,A.J. Brown,WR,16.3,3.2,10.79,13.99,13.66,14.04
2026-09-09 21:05:34,NE,in,0.335,Q2 9:54,0,11564,Drake Maye,QB,19.4,3.48,13.09,16.57,15.88,16.38
2026-09-09 21:05:34,NE,in,0.335,Q2 9:54,0,7611,Rhamondre Stevenson,RB,17.5,1.2,10.54,11.74,12.06,12.84
2026-09-09 21:05:34,SEA,in,0.335,Q2 9:54,0,13286,Jadarian Price,RB,12.0,3.4,7.84,11.24,11.28,11.38
2026-09-09 21:05:34,NE,in,0.335,Q2 9:54,0,8121,Romeo Doubs,WR,9.7,0.0,6.22,6.22,5.91,6.45
2026-09-09 21:05:34,SEA,in,0.335,Q2 9:54,0,4943,Sam Darnold,QB,16.4,0.52,10.49,11.01,10.6,11.43
2026-09-09 21:05:34,SEA,in,0.335,Q2 9:54,0,8676,Rashid Shaheed,WR,8.5,0.0,5.45,5.45,5.18,5.65
2026-09-09 21:05:34,NE,in,0.335,Q2 9:54,0,3214,Hunter Henry,TE,9.7,0.0,6.22,6.22,5.91,6.45
2026-09-09 21:05:34,SEA,in,0.335,Q2 9:54,0,11435,Emanuel Wilson,RB,1.8,0.3,1.13,1.43,1.45,1.5
2026-09-09 21:05:34,SEA,in,0.335,Q2 9:54,0,11603,A.J. Barner,TE,7.9,0.0,5.07,5.07,4.81,5.25
2026-09-09 21:05:34,SEA,in,0.335,Q2 9:54,0,12048,George Holani,RB,6.6,1.4,4.2,5.6,5.65,5.79
2026-09-09 21:05:34,SEA,in,0.335,Q2 9:54,0,4039,Cooper Kupp,WR,7.4,0.0,4.75,4.75,4.51,4.92
2026-09-09 21:05:34,NE,in,0.335,Q2 9:54,0,4177,Mack Hollins,WR,3.3,1.9,2.32,4.22,4.23,4.09
2026-09-09 21:05:34,SEA,in,0.335,Q2 9:54,0,12521,Elijah Arroyo,TE,3.9,0.0,2.5,2.5,2.38,2.59
2026-09-09 21:05:34,NE,in,0.335,Q2 9:54,0,9501,Demario Douglas,WR,5.6,1.5,3.75,5.25,5.16,5.22
2026-09-09 21:05:34,SEA,in,0.335,Q2 9:54,0,2747,Jason Myers,K,8.5,0.0,5.18,5.18,5.18,5.65
2026-09-09 21:05:34,NE,in,0.335,Q2 9:54,0,12713,Andy Borregales,K,7.1,0.0,4.33,4.33,4.33,4.72
2026-09-09 21:05:34,SEA,in,0.335,Q2 9:54,0,SEA,Seattle Seahawks D/ST,DST,7.2,10.0,6.05,16.05,16.05,14.79
2026-09-09 21:05:34,NE,in,0.335,Q2 9:54,0,NE,New England Patriots D/ST,DST,5.8,11.0,5.36,16.36,16.36,14.86
2026-09-09 21:05:34,NE,in,0.335,Q2 9:54,0,13421,Eli Raridon,TE,1.8,0.0,1.15,1.15,1.1,1.2
2026-09-09 21:06:34,SEA,in,0.344,Q2 9:22,0,9488,Jaxon Smith-Njigba,WR,19.4,4.1,12.71,16.81,16.41,16.83
2026-09-09 21:06:34,NE,in,0.344,Q2 9:22,0,5859,A.J. Brown,WR,16.3,3.2,10.66,13.86,13.5,13.89
2026-09-09 21:06:34,NE,in,0.344,Q2 9:22,0,11564,Drake Maye,QB,19.4,3.68,12.95,16.63,15.92,16.41
2026-09-09 21:06:34,NE,in,0.344,Q2 9:22,0,7611,Rhamondre Stevenson,RB,17.5,1.2,10.39,11.59,11.89,12.68
2026-09-09 21:06:34,SEA,in,0.344,Q2 9:22,0,13286,Jadarian Price,RB,12.0,3.4,7.72,11.12,11.15,11.27
2026-09-09 21:06:34,NE,in,0.344,Q2 9:22,0,8121,Romeo Doubs,WR,9.7,0.0,6.14,6.14,5.82,6.36
2026-09-09 21:06:34,SEA,in,0.344,Q2 9:22,0,4943,Sam Darnold,QB,16.4,0.52,10.34,10.86,10.44,11.28
2026-09-09 21:06:34,SEA,in,0.344,Q2 9:22,0,8676,Rashid Shaheed,WR,8.5,0.0,5.38,5.38,5.1,5.58
2026-09-09 21:06:34,NE,in,0.344,Q2 9:22,0,3214,Hunter Henry,TE,9.7,0.0,6.14,6.14,5.82,6.36
2026-09-09 21:06:34,SEA,in,0.344,Q2 9:22,0,11435,Emanuel Wilson,RB,1.8,0.3,1.11,1.41,1.43,1.48
2026-09-09 21:06:34,SEA,in,0.344,Q2 9:22,0,11603,A.J. Barner,TE,7.9,0.0,5.0,5.0,4.74,5.18
2026-09-09 21:06:34,SEA,in,0.344,Q2 9:22,0,12048,George Holani,RB,6.6,1.4,4.14,5.54,5.59,5.73
2026-09-09 21:06:34,SEA,in,0.344,Q2 9:22,0,4039,Cooper Kupp,WR,7.4,0.0,4.69,4.69,4.44,4.86
2026-09-09 21:06:34,NE,in,0.344,Q2 9:22,0,4177,Mack Hollins,WR,3.3,1.9,2.29,4.19,4.19,4.07
2026-09-09 21:06:34,SEA,in,0.344,Q2 9:22,0,12521,Elijah Arroyo,TE,3.9,0.0,2.47,2.47,2.34,2.56
2026-09-09 21:06:34,NE,in,0.344,Q2 9:22,0,9501,Demario Douglas,WR,5.6,3.0,3.86,6.86,6.85,6.67
2026-09-09 21:06:34,SEA,in,0.344,Q2 9:22,0,2747,Jason Myers,K,8.5,0.0,5.1,5.1,5.1,5.58
2026-09-09 21:06:34,NE,in,0.344,Q2 9:22,0,12713,Andy Borregales,K,7.1,0.0,4.26,4.26,4.26,4.66
2026-09-09 21:06:34,SEA,in,0.344,Q2 9:22,0,SEA,Seattle Seahawks D/ST,DST,7.2,10.0,5.96,15.96,15.96,14.72
2026-09-09 21:06:34,NE,in,0.344,Q2 9:22,0,NE,New England Patriots D/ST,DST,5.8,11.0,5.28,16.28,16.28,14.81
2026-09-09 21:06:34,NE,in,0.344,Q2 9:22,0,13421,Eli Raridon,TE,1.8,0.0,1.14,1.14,1.08,1.18
2026-09-09 21:07:35,SEA,in,0.347,Q2 9:11,-6.0,9488,Jaxon Smith-Njigba,WR,19.4,4.1,13.74,17.84,16.34,16.77
2026-09-09 21:07:35,NE,in,0.347,Q2 9:11,6.0,5859,A.J. Brown,WR,16.3,3.2,9.7,12.9,13.44,13.84
2026-09-09 21:07:35,NE,in,0.347,Q2 9:11,6.0,11564,Drake Maye,QB,19.4,7.76,12.33,20.09,20.6,20.43
2026-09-09 21:07:35,NE,in,0.347,Q2 9:11,6.0,7611,Rhamondre Stevenson,RB,17.5,1.2,9.93,11.13,11.83,12.63
2026-09-09 21:07:35,SEA,in,0.347,Q2 9:11,-6.0,13286,Jadarian Price,RB,12.0,3.4,7.96,11.36,11.11,11.24
2026-09-09 21:07:35,NE,in,0.347,Q2 9:11,6.0,8121,Romeo Doubs,WR,9.7,0.0,5.57,5.57,5.79,6.33
2026-09-09 21:07:35,SEA,in,0.347,Q2 9:11,-6.0,4943,Sam Darnold,QB,16.4,0.52,11.56,12.08,10.39,11.23
2026-09-09 21:07:35,SEA,in,0.347,Q2 9:11,-6.0,8676,Rashid Shaheed,WR,8.5,0.0,5.83,5.83,5.07,5.55
2026-09-09 21:07:35,NE,in,0.347,Q2 9:11,6.0,3214,Hunter Henry,TE,9.7,0.0,5.57,5.57,5.79,6.33
2026-09-09 21:07:35,SEA,in,0.347,Q2 9:11,-6.0,11435,Emanuel Wilson,RB,1.8,0.3,1.15,1.45,1.42,1.48
2026-09-09 21:07:35,SEA,in,0.347,Q2 9:11,-6.0,11603,A.J. Barner,TE,7.9,0.0,5.42,5.42,4.71,5.16
2026-09-09 21:07:35,SEA,in,0.347,Q2 9:11,-6.0,12048,George Holani,RB,6.6,1.4,4.27,5.67,5.56,5.71
2026-09-09 21:07:35,SEA,in,0.347,Q2 9:11,-6.0,4039,Cooper Kupp,WR,7.4,0.0,5.08,5.08,4.41,4.83
2026-09-09 21:07:35,NE,in,0.347,Q2 9:11,6.0,4177,Mack Hollins,WR,3.3,1.9,2.09,3.99,4.18,4.06
2026-09-09 21:07:35,SEA,in,0.347,Q2 9:11,-6.0,12521,Elijah Arroyo,TE,3.9,0.0,2.68,2.68,2.33,2.55
2026-09-09 21:07:35,NE,in,0.347,Q2 9:11,6.0,9501,Demario Douglas,WR,5.6,3.0,3.53,6.53,6.83,6.66
2026-09-09 21:07:35,SEA,in,0.347,Q2 9:11,-6.0,2747,Jason Myers,K,8.5,0.0,5.07,5.07,5.07,5.55
2026-09-09 21:07:35,NE,in,0.347,Q2 9:11,6.0,12713,Andy Borregales,K,7.1,0.0,4.23,4.23,4.23,4.64
2026-09-09 21:07:35,SEA,in,0.347,Q2 9:11,-6.0,SEA,Seattle Seahawks D/ST,DST,7.2,7.0,5.44,12.44,12.44,11.7
2026-09-09 21:07:35,NE,in,0.347,Q2 9:11,6.0,NE,New England Patriots D/ST,DST,5.8,11.0,5.26,16.26,16.26,14.79
2026-09-09 21:07:35,NE,in,0.347,Q2 9:11,6.0,13421,Eli Raridon,TE,1.8,7.2,1.79,8.99,9.45,8.38
2026-09-09 21:08:35,SEA,in,0.347,Q2 9:11,-7.0,9488,Jaxon Smith-Njigba,WR,19.4,4.1,13.92,18.02,16.34,16.77
2026-09-09 21:08:35,NE,in,0.347,Q2 9:11,7.0,5859,A.J. Brown,WR,16.3,3.2,9.55,12.75,13.44,13.84
2026-09-09 21:08:35,NE,in,0.347,Q2 9:11,7.0,11564,Drake Maye,QB,19.4,7.76,12.08,19.84,20.6,20.43
2026-09-09 21:08:35,NE,in,0.347,Q2 9:11,7.0,7611,Rhamondre Stevenson,RB,17.5,1.2,9.86,11.06,11.83,12.63
2026-09-09 21:08:35,SEA,in,0.347,Q2 9:11,-7.0,13286,Jadarian Price,RB,12.0,3.4,8.01,11.41,11.11,11.24
2026-09-09 21:08:35,NE,in,0.347,Q2 9:11,7.0,8121,Romeo Doubs,WR,9.7,0.0,5.48,5.48,5.79,6.33
2026-09-09 21:08:35,SEA,in,0.347,Q2 9:11,-7.0,4943,Sam Darnold,QB,16.4,0.52,11.78,12.3,10.39,11.23
2026-09-09 21:08:35,SEA,in,0.347,Q2 9:11,-7.0,8676,Rashid Shaheed,WR,8.5,0.0,5.91,5.91,5.07,5.55
2026-09-09 21:08:35,NE,in,0.347,Q2 9:11,7.0,3214,Hunter Henry,TE,9.7,0.0,5.48,5.48,5.79,6.33
2026-09-09 21:08:35,SEA,in,0.347,Q2 9:11,-7.0,11435,Emanuel Wilson,RB,1.8,0.3,1.15,1.45,1.42,1.48
2026-09-09 21:08:35,SEA,in,0.347,Q2 9:11,-7.0,11603,A.J. Barner,TE,7.9,0.0,5.49,5.49,4.71,5.16
2026-09-09 21:08:35,SEA,in,0.347,Q2 9:11,-7.0,12048,George Holani,RB,6.6,1.4,4.3,5.7,5.56,5.71
2026-09-09 21:08:35,SEA,in,0.347,Q2 9:11,-7.0,4039,Cooper Kupp,WR,7.4,0.0,5.15,5.15,4.41,4.83
2026-09-09 21:08:35,NE,in,0.347,Q2 9:11,7.0,4177,Mack Hollins,WR,3.3,1.9,2.06,3.96,4.18,4.06
2026-09-09 21:08:35,SEA,in,0.347,Q2 9:11,-7.0,12521,Elijah Arroyo,TE,3.9,0.0,2.71,2.71,2.33,2.55
2026-09-09 21:08:35,NE,in,0.347,Q2 9:11,7.0,9501,Demario Douglas,WR,5.6,3.0,3.48,6.48,6.83,6.66
2026-09-09 21:08:35,SEA,in,0.347,Q2 9:11,-7.0,2747,Jason Myers,K,8.5,0.0,5.07,5.07,5.07,5.55
2026-09-09 21:08:35,NE,in,0.347,Q2 9:11,7.0,12713,Andy Borregales,K,7.1,1.0,4.4,5.4,5.4,5.64
2026-09-09 21:08:35,SEA,in,0.347,Q2 9:11,-7.0,SEA,Seattle Seahawks D/ST,DST,7.2,4.0,4.95,8.95,8.95,8.7
2026-09-09 21:08:35,NE,in,0.347,Q2 9:11,7.0,NE,New England Patriots D/ST,DST,5.8,11.0,5.26,16.26,16.26,14.79
2026-09-09 21:08:35,NE,in,0.347,Q2 9:11,7.0,13421,Eli Raridon,TE,1.8,7.2,1.77,8.97,9.45,8.38
2026-09-09 21:09:36,SEA,in,0.347,Q2 9:11,-7.0,9488,Jaxon Smith-Njigba,WR,19.4,4.1,13.92,18.02,16.34,16.77
2026-09-09 21:09:36,NE,in,0.347,Q2 9:11,7.0,5859,A.J. Brown,WR,16.3,3.2,9.55,12.75,13.44,13.84
2026-09-09 21:09:36,NE,in,0.347,Q2 9:11,7.0,11564,Drake Maye,QB,19.4,7.76,12.08,19.84,20.6,20.43
2026-09-09 21:09:36,NE,in,0.347,Q2 9:11,7.0,7611,Rhamondre Stevenson,RB,17.5,1.2,9.86,11.06,11.83,12.63
2026-09-09 21:09:36,SEA,in,0.347,Q2 9:11,-7.0,13286,Jadarian Price,RB,12.0,3.4,8.01,11.41,11.11,11.24
2026-09-09 21:09:36,NE,in,0.347,Q2 9:11,7.0,8121,Romeo Doubs,WR,9.7,0.0,5.48,5.48,5.79,6.33
2026-09-09 21:09:36,SEA,in,0.347,Q2 9:11,-7.0,4943,Sam Darnold,QB,16.4,0.52,11.78,12.3,10.39,11.23
2026-09-09 21:09:36,SEA,in,0.347,Q2 9:11,-7.0,8676,Rashid Shaheed,WR,8.5,0.0,5.91,5.91,5.07,5.55
2026-09-09 21:09:36,NE,in,0.347,Q2 9:11,7.0,3214,Hunter Henry,TE,9.7,0.0,5.48,5.48,5.79,6.33
2026-09-09 21:09:36,SEA,in,0.347,Q2 9:11,-7.0,11435,Emanuel Wilson,RB,1.8,0.3,1.15,1.45,1.42,1.48
2026-09-09 21:09:36,SEA,in,0.347,Q2 9:11,-7.0,11603,A.J. Barner,TE,7.9,0.0,5.49,5.49,4.71,5.16
2026-09-09 21:09:36,SEA,in,0.347,Q2 9:11,-7.0,12048,George Holani,RB,6.6,1.4,4.3,5.7,5.56,5.71
2026-09-09 21:09:36,SEA,in,0.347,Q2 9:11,-7.0,4039,Cooper Kupp,WR,7.4,0.0,5.15,5.15,4.41,4.83
2026-09-09 21:09:36,NE,in,0.347,Q2 9:11,7.0,4177,Mack Hollins,WR,3.3,1.9,2.06,3.96,4.18,4.06
2026-09-09 21:09:36,SEA,in,0.347,Q2 9:11,-7.0,12521,Elijah Arroyo,TE,3.9,0.0,2.71,2.71,2.33,2.55
2026-09-09 21:09:36,NE,in,0.347,Q2 9:11,7.0,9501,Demario Douglas,WR,5.6,3.0,3.48,6.48,6.83,6.66
2026-09-09 21:09:36,SEA,in,0.347,Q2 9:11,-7.0,2747,Jason Myers,K,8.5,0.0,5.07,5.07,5.07,5.55
2026-09-09 21:09:36,NE,in,0.347,Q2 9:11,7.0,12713,Andy Borregales,K,7.1,1.0,4.4,5.4,5.4,5.64
2026-09-09 21:09:36,SEA,in,0.347,Q2 9:11,-7.0,SEA,Seattle Seahawks D/ST,DST,7.2,4.0,4.95,8.95,8.95,8.7
2026-09-09 21:09:36,NE,in,0.347,Q2 9:11,7.0,NE,New England Patriots D/ST,DST,5.8,11.0,5.26,16.26,16.26,14.79
2026-09-09 21:09:36,NE,in,0.347,Q2 9:11,7.0,13421,Eli Raridon,TE,1.8,7.2,1.77,8.97,9.45,8.38
2026-09-09 21:10:37,SEA,in,0.347,Q2 9:11,-7.0,9488,Jaxon Smith-Njigba,WR,19.4,4.1,13.92,18.02,16.34,16.77
2026-09-09 21:10:37,NE,in,0.347,Q2 9:11,7.0,5859,A.J. Brown,WR,16.3,3.2,9.55,12.75,13.44,13.84
2026-09-09 21:10:37,NE,in,0.347,Q2 9:11,7.0,11564,Drake Maye,QB,19.4,7.76,12.08,19.84,20.6,20.43
2026-09-09 21:10:37,NE,in,0.347,Q2 9:11,7.0,7611,Rhamondre Stevenson,RB,17.5,1.2,9.86,11.06,11.83,12.63
2026-09-09 21:10:37,SEA,in,0.347,Q2 9:11,-7.0,13286,Jadarian Price,RB,12.0,3.4,8.01,11.41,11.11,11.24
2026-09-09 21:10:37,NE,in,0.347,Q2 9:11,7.0,8121,Romeo Doubs,WR,9.7,0.0,5.48,5.48,5.79,6.33
2026-09-09 21:10:37,SEA,in,0.347,Q2 9:11,-7.0,4943,Sam Darnold,QB,16.4,0.52,11.78,12.3,10.39,11.23
2026-09-09 21:10:37,SEA,in,0.347,Q2 9:11,-7.0,8676,Rashid Shaheed,WR,8.5,0.0,5.91,5.91,5.07,5.55
2026-09-09 21:10:37,NE,in,0.347,Q2 9:11,7.0,3214,Hunter Henry,TE,9.7,0.0,5.48,5.48,5.79,6.33
2026-09-09 21:10:37,SEA,in,0.347,Q2 9:11,-7.0,11435,Emanuel Wilson,RB,1.8,0.3,1.15,1.45,1.42,1.48
2026-09-09 21:10:37,SEA,in,0.347,Q2 9:11,-7.0,11603,A.J. Barner,TE,7.9,0.0,5.49,5.49,4.71,5.16
2026-09-09 21:10:37,SEA,in,0.347,Q2 9:11,-7.0,12048,George Holani,RB,6.6,1.4,4.3,5.7,5.56,5.71
2026-09-09 21:10:37,SEA,in,0.347,Q2 9:11,-7.0,4039,Cooper Kupp,WR,7.4,0.0,5.15,5.15,4.41,4.83
2026-09-09 21:10:37,NE,in,0.347,Q2 9:11,7.0,4177,Mack Hollins,WR,3.3,1.9,2.06,3.96,4.18,4.06
2026-09-09 21:10:37,SEA,in,0.347,Q2 9:11,-7.0,12521,Elijah Arroyo,TE,3.9,0.0,2.71,2.71,2.33,2.55
2026-09-09 21:10:37,NE,in,0.347,Q2 9:11,7.0,9501,Demario Douglas,WR,5.6,3.0,3.48,6.48,6.83,6.66
2026-09-09 21:10:37,SEA,in,0.347,Q2 9:11,-7.0,2747,Jason Myers,K,8.5,0.0,5.07,5.07,5.07,5.55
2026-09-09 21:10:37,NE,in,0.347,Q2 9:11,7.0,12713,Andy Borregales,K,7.1,1.0,4.4,5.4,5.4,5.64
2026-09-09 21:10:37,SEA,in,0.347,Q2 9:11,-7.0,SEA,Seattle Seahawks D/ST,DST,7.2,4.0,4.95,8.95,8.95,8.7
2026-09-09 21:10:37,NE,in,0.347,Q2 9:11,7.0,NE,New England Patriots D/ST,DST,5.8,11.0,5.26,16.26,16.26,14.79
2026-09-09 21:10:37,NE,in,0.347,Q2 9:11,7.0,13421,Eli Raridon,TE,1.8,7.2,1.77,8.97,9.45,8.38
2026-09-09 21:11:37,SEA,in,0.348,Q2 9:06,-7.0,9488,Jaxon Smith-Njigba,WR,19.4,4.1,13.9,18.0,16.31,16.74
2026-09-09 21:11:37,NE,in,0.348,Q2 9:06,7.0,5859,A.J. Brown,WR,16.3,3.2,9.53,12.73,13.42,13.82
2026-09-09 21:11:37,NE,in,0.348,Q2 9:06,7.0,11564,Drake Maye,QB,19.4,7.76,12.05,19.81,20.57,20.4
2026-09-09 21:11:37,NE,in,0.348,Q2 9:06,7.0,7611,Rhamondre Stevenson,RB,17.5,1.2,9.84,11.04,11.81,12.6
2026-09-09 21:11:37,SEA,in,0.348,Q2 9:06,-7.0,13286,Jadarian Price,RB,12.0,3.4,7.99,11.39,11.09,11.22
2026-09-09 21:11:37,NE,in,0.348,Q2 9:06,7.0,8121,Romeo Doubs,WR,9.7,0.0,5.47,5.47,5.77,6.32
2026-09-09 21:11:37,SEA,in,0.348,Q2 9:06,-7.0,4943,Sam Darnold,QB,16.4,0.52,11.75,12.27,10.36,11.21
2026-09-09 21:11:37,SEA,in,0.348,Q2 9:06,-7.0,8676,Rashid Shaheed,WR,8.5,0.0,5.9,5.9,5.06,5.54
2026-09-09 21:11:37,NE,in,0.348,Q2 9:06,7.0,3214,Hunter Henry,TE,9.7,0.0,5.47,5.47,5.77,6.32
2026-09-09 21:11:37,SEA,in,0.348,Q2 9:06,-7.0,11435,Emanuel Wilson,RB,1.8,0.3,1.15,1.45,1.42,1.47
2026-09-09 21:11:37,SEA,in,0.348,Q2 9:06,-7.0,11603,A.J. Barner,TE,7.9,0.0,5.48,5.48,4.7,5.15
2026-09-09 21:11:37,SEA,in,0.348,Q2 9:06,-7.0,12048,George Holani,RB,6.6,1.4,4.29,5.69,5.55,5.7
2026-09-09 21:11:37,SEA,in,0.348,Q2 9:06,-7.0,4039,Cooper Kupp,WR,7.4,0.0,5.14,5.14,4.4,4.82
2026-09-09 21:11:37,NE,in,0.348,Q2 9:06,7.0,4177,Mack Hollins,WR,3.3,1.9,2.06,3.96,4.17,4.05
2026-09-09 21:11:37,SEA,in,0.348,Q2 9:06,-7.0,12521,Elijah Arroyo,TE,3.9,0.0,2.71,2.71,2.32,2.54
2026-09-09 21:11:37,NE,in,0.348,Q2 9:06,7.0,9501,Demario Douglas,WR,5.6,3.0,3.47,6.47,6.82,6.65
2026-09-09 21:11:37,SEA,in,0.348,Q2 9:06,-7.0,2747,Jason Myers,K,8.5,0.0,5.06,5.06,5.06,5.54
2026-09-09 21:11:37,NE,in,0.348,Q2 9:06,7.0,12713,Andy Borregales,K,7.1,1.0,4.39,5.39,5.39,5.63
2026-09-09 21:11:37,SEA,in,0.348,Q2 9:06,-7.0,SEA,Seattle Seahawks D/ST,DST,7.2,4.0,4.94,8.94,8.94,8.69
2026-09-09 21:11:37,NE,in,0.348,Q2 9:06,7.0,NE,New England Patriots D/ST,DST,5.8,11.0,5.24,16.24,16.24,14.78
2026-09-09 21:11:37,NE,in,0.348,Q2 9:06,7.0,13421,Eli Raridon,TE,1.8,7.2,1.77,8.97,9.44,8.37
2026-09-09 21:12:38,SEA,in,0.36,Q2 8:25,-7.0,9488,Jaxon Smith-Njigba,WR,19.4,4.1,13.69,17.79,16.06,16.52
2026-09-09 21:12:38,NE,in,0.36,Q2 8:25,7.0,5859,A.J. Brown,WR,16.3,3.2,9.35,12.55,13.21,13.64
2026-09-09 21:12:38,NE,in,0.36,Q2 8:25,7.0,11564,Drake Maye,QB,19.4,7.76,11.81,19.57,20.31,20.18
2026-09-09 21:12:38,NE,in,0.36,Q2 8:25,7.0,7611,Rhamondre Stevenson,RB,17.5,1.2,9.65,10.85,11.59,12.4
2026-09-09 21:12:38,SEA,in,0.36,Q2 8:25,-7.0,13286,Jadarian Price,RB,12.0,4.2,8.02,12.22,11.86,11.88
2026-09-09 21:12:38,NE,in,0.36,Q2 8:25,7.0,8121,Romeo Doubs,WR,9.7,0.0,5.37,5.37,5.65,6.21
2026-09-09 21:12:38,SEA,in,0.36,Q2 8:25,-7.0,4943,Sam Darnold,QB,16.4,0.52,11.55,12.07,10.16,11.02
2026-09-09 21:12:38,SEA,in,0.36,Q2 8:25,-7.0,8676,Rashid Shaheed,WR,8.5,0.0,5.81,5.81,4.95,5.44
2026-09-09 21:12:38,NE,in,0.36,Q2 8:25,7.0,3214,Hunter Henry,TE,9.7,0.0,5.37,5.37,5.65,6.21
2026-09-09 21:12:38,SEA,in,0.36,Q2 8:25,-7.0,11435,Emanuel Wilson,RB,1.8,0.3,1.13,1.43,1.4,1.45
2026-09-09 21:12:38,SEA,in,0.36,Q2 8:25,-7.0,11603,A.J. Barner,TE,7.9,0.0,5.4,5.4,4.6,5.06
2026-09-09 21:12:38,SEA,in,0.36,Q2 8:25,-7.0,12048,George Holani,RB,6.6,1.4,4.2,5.6,5.47,5.63
2026-09-09 21:12:38,SEA,in,0.36,Q2 8:25,-7.0,4039,Cooper Kupp,WR,7.4,0.0,5.06,5.06,4.31,4.74
2026-09-09 21:12:38,NE,in,0.36,Q2 8:25,7.0,4177,Mack Hollins,WR,3.3,1.9,2.02,3.92,4.13,4.01
2026-09-09 21:12:38,SEA,in,0.36,Q2 8:25,-7.0,12521,Elijah Arroyo,TE,3.9,0.0,2.67,2.67,2.27,2.5
2026-09-09 21:12:38,NE,in,0.36,Q2 8:25,7.0,9501,Demario Douglas,WR,5.6,3.0,3.41,6.41,6.74,6.59
2026-09-09 21:12:38,SEA,in,0.36,Q2 8:25,-7.0,2747,Jason Myers,K,8.5,0.0,4.95,4.95,4.95,5.44
2026-09-09 21:12:38,NE,in,0.36,Q2 8:25,7.0,12713,Andy Borregales,K,7.1,1.0,4.3,5.3,5.3,5.55
2026-09-09 21:12:38,SEA,in,0.36,Q2 8:25,-7.0,SEA,Seattle Seahawks D/ST,DST,7.2,4.0,4.84,8.84,8.84,8.61
2026-09-09 21:12:38,NE,in,0.36,Q2 8:25,7.0,NE,New England Patriots D/ST,DST,5.8,11.0,5.14,16.14,16.14,14.71
2026-09-09 21:12:38,NE,in,0.36,Q2 8:25,7.0,13421,Eli Raridon,TE,1.8,7.2,1.74,8.94,9.4,8.35
2026-09-09 21:13:39,SEA,in,0.372,Q2 7:42,-7.0,9488,Jaxon Smith-Njigba,WR,19.4,4.1,13.46,17.56,15.8,16.29
2026-09-09 21:13:39,NE,in,0.372,Q2 7:42,7.0,5859,A.J. Brown,WR,16.3,3.2,9.16,12.36,12.99,13.44
2026-09-09 21:13:39,NE,in,0.372,Q2 7:42,7.0,11564,Drake Maye,QB,19.4,7.76,11.56,19.32,20.04,19.95
2026-09-09 21:13:39,NE,in,0.372,Q2 7:42,7.0,7611,Rhamondre Stevenson,RB,17.5,1.2,9.46,10.66,11.36,12.2
2026-09-09 21:13:39,SEA,in,0.372,Q2 7:42,-7.0,13286,Jadarian Price,RB,12.0,4.2,7.85,12.05,11.7,11.74
2026-09-09 21:13:39,NE,in,0.372,Q2 7:42,7.0,8121,Romeo Doubs,WR,9.7,0.0,5.26,5.26,5.53,6.09
2026-09-09 21:13:39,SEA,in,0.372,Q2 7:42,-7.0,4943,Sam Darnold,QB,16.4,0.52,11.33,11.85,9.95,10.82
2026-09-09 21:13:39,SEA,in,0.372,Q2 7:42,-7.0,8676,Rashid Shaheed,WR,8.5,0.0,5.72,5.72,4.84,5.34
2026-09-09 21:13:39,NE,in,0.372,Q2 7:42,7.0,3214,Hunter Henry,TE,9.7,0.0,5.26,5.26,5.53,6.09
2026-09-09 21:13:39,SEA,in,0.372,Q2 7:42,-7.0,11435,Emanuel Wilson,RB,1.8,0.3,1.1,1.4,1.37,1.43
2026-09-09 21:13:39,SEA,in,0.372,Q2 7:42,-7.0,11603,A.J. Barner,TE,7.9,0.0,5.31,5.31,4.5,4.96
2026-09-09 21:13:39,SEA,in,0.372,Q2 7:42,-7.0,12048,George Holani,RB,6.6,1.4,4.12,5.52,5.38,5.55
2026-09-09 21:13:39,SEA,in,0.372,Q2 7:42,-7.0,4039,Cooper Kupp,WR,7.4,0.0,4.98,4.98,4.22,4.65
2026-09-09 21:13:39,NE,in,0.372,Q2 7:42,7.0,4177,Mack Hollins,WR,3.3,1.9,1.98,3.88,4.08,3.97
2026-09-09 21:13:39,SEA,in,0.372,Q2 7:42,-7.0,12521,Elijah Arroyo,TE,3.9,0.0,2.62,2.62,2.22,2.45
2026-09-09 21:13:39,NE,in,0.372,Q2 7:42,7.0,9501,Demario Douglas,WR,5.6,3.0,3.34,6.34,6.66,6.52
2026-09-09 21:13:39,SEA,in,0.372,Q2 7:42,-7.0,2747,Jason Myers,K,8.5,0.0,4.84,4.84,4.84,5.34
2026-09-09 21:13:39,NE,in,0.372,Q2 7:42,7.0,12713,Andy Borregales,K,7.1,1.0,4.2,5.2,5.2,5.46
2026-09-09 21:13:39,SEA,in,0.372,Q2 7:42,-7.0,SEA,Seattle Seahawks D/ST,DST,7.2,4.0,4.73,8.73,8.73,8.52
2026-09-09 21:13:39,NE,in,0.372,Q2 7:42,7.0,NE,New England Patriots D/ST,DST,5.8,12.0,5.19,17.19,17.19,15.64
2026-09-09 21:13:39,NE,in,0.372,Q2 7:42,7.0,13421,Eli Raridon,TE,1.8,7.2,1.71,8.91,9.36,8.33
2026-09-09 21:14:39,SEA,in,0.388,Q2 6:45,-7.0,9488,Jaxon Smith-Njigba,WR,19.4,5.7,13.33,19.03,17.3,17.58
2026-09-09 21:14:39,NE,in,0.388,Q2 6:45,7.0,5859,A.J. Brown,WR,16.3,3.2,8.91,12.11,12.71,13.18
2026-09-09 21:14:39,NE,in,0.388,Q2 6:45,7.0,11564,Drake Maye,QB,19.4,7.76,11.23,18.99,19.68,19.64
2026-09-09 21:14:39,NE,in,0.388,Q2 6:45,7.0,7611,Rhamondre Stevenson,RB,17.5,1.2,9.21,10.41,11.06,11.92
2026-09-09 21:14:39,SEA,in,0.388,Q2 6:45,-7.0,13286,Jadarian Price,RB,12.0,4.2,7.63,11.83,11.48,11.55
2026-09-09 21:14:39,NE,in,0.388,Q2 6:45,7.0,8121,Romeo Doubs,WR,9.7,0.0,5.11,5.11,5.37,5.94
2026-09-09 21:14:39,SEA,in,0.388,Q2 6:45,-7.0,4943,Sam Darnold,QB,16.4,0.52,11.05,11.57,9.67,10.56
2026-09-09 21:14:39,SEA,in,0.388,Q2 6:45,-7.0,8676,Rashid Shaheed,WR,8.5,0.0,5.59,5.59,4.7,5.21
2026-09-09 21:14:39,NE,in,0.388,Q2 6:45,7.0,3214,Hunter Henry,TE,9.7,0.0,5.11,5.11,5.37,5.94
2026-09-09 21:14:39,SEA,in,0.388,Q2 6:45,-7.0,11435,Emanuel Wilson,RB,1.8,0.3,1.07,1.37,1.34,1.4
2026-09-09 21:14:39,SEA,in,0.388,Q2 6:45,-7.0,11603,A.J. Barner,TE,7.9,0.0,5.19,5.19,4.37,4.84
2026-09-09 21:14:39,SEA,in,0.388,Q2 6:45,-7.0,12048,George Holani,RB,6.6,1.4,4.0,5.4,5.27,5.44
2026-09-09 21:14:39,SEA,in,0.388,Q2 6:45,-7.0,4039,Cooper Kupp,WR,7.4,0.0,4.87,4.87,4.09,4.53
2026-09-09 21:14:39,NE,in,0.388,Q2 6:45,7.0,4177,Mack Hollins,WR,3.3,1.9,1.93,3.83,4.02,3.92
2026-09-09 21:14:39,SEA,in,0.388,Q2 6:45,-7.0,12521,Elijah Arroyo,TE,3.9,0.0,2.56,2.56,2.16,2.39
2026-09-09 21:14:39,NE,in,0.388,Q2 6:45,7.0,9501,Demario Douglas,WR,5.6,3.0,3.25,6.25,6.56,6.43
2026-09-09 21:14:39,SEA,in,0.388,Q2 6:45,-7.0,2747,Jason Myers,K,8.5,0.0,4.7,4.7,4.7,5.21
2026-09-09 21:14:39,NE,in,0.388,Q2 6:45,7.0,12713,Andy Borregales,K,7.1,1.0,4.08,5.08,5.08,5.35
2026-09-09 21:14:39,SEA,in,0.388,Q2 6:45,-7.0,SEA,Seattle Seahawks D/ST,DST,7.2,4.0,4.6,8.6,8.6,8.41
2026-09-09 21:14:39,NE,in,0.388,Q2 6:45,7.0,NE,New England Patriots D/ST,DST,5.8,12.0,5.05,17.05,17.05,15.55
2026-09-09 21:14:39,NE,in,0.388,Q2 6:45,7.0,13421,Eli Raridon,TE,1.8,7.2,1.67,8.87,9.3,8.3
2026-09-09 21:15:40,SEA,in,0.399,Q2 6:02,-7.0,9488,Jaxon Smith-Njigba,WR,19.4,5.7,13.1,18.8,17.04,17.35
2026-09-09 21:15:40,NE,in,0.399,Q2 6:02,7.0,5859,A.J. Brown,WR,16.3,3.2,8.73,11.93,12.49,12.99
2026-09-09 21:15:40,NE,in,0.399,Q2 6:02,7.0,11564,Drake Maye,QB,19.4,7.76,10.98,18.74,19.41,19.41
2026-09-09 21:15:40,NE,in,0.399,Q2 6:02,7.0,7611,Rhamondre Stevenson,RB,17.5,1.2,9.02,10.22,10.84,11.71
2026-09-09 21:15:40,SEA,in,0.399,Q2 6:02,-7.0,13286,Jadarian Price,RB,12.0,4.2,7.47,11.67,11.32,11.41
2026-09-09 21:15:40,NE,in,0.399,Q2 6:02,7.0,8121,Romeo Doubs,WR,9.7,0.0,5.0,5.0,5.24,5.83
2026-09-09 21:15:40,SEA,in,0.399,Q2 6:02,-7.0,4943,Sam Darnold,QB,16.4,0.52,10.83,11.35,9.46,10.37
2026-09-09 21:15:40,SEA,in,0.399,Q2 6:02,-7.0,8676,Rashid Shaheed,WR,8.5,0.0,5.49,5.49,4.59,5.1
2026-09-09 21:15:40,NE,in,0.399,Q2 6:02,7.0,3214,Hunter Henry,TE,9.7,0.0,5.0,5.0,5.24,5.83
2026-09-09 21:15:40,SEA,in,0.399,Q2 6:02,-7.0,11435,Emanuel Wilson,RB,1.8,0.3,1.05,1.35,1.32,1.38
2026-09-09 21:15:40,SEA,in,0.399,Q2 6:02,-7.0,11603,A.J. Barner,TE,7.9,0.0,5.1,5.1,4.27,4.74
2026-09-09 21:15:40,SEA,in,0.399,Q2 6:02,-7.0,12048,George Holani,RB,6.6,1.4,3.92,5.32,5.18,5.36
2026-09-09 21:15:40,SEA,in,0.399,Q2 6:02,-7.0,4039,Cooper Kupp,WR,7.4,0.0,4.78,4.78,4.0,4.44
2026-09-09 21:15:40,NE,in,0.399,Q2 6:02,7.0,4177,Mack Hollins,WR,3.3,1.9,1.89,3.79,3.97,3.88
2026-09-09 21:15:40,SEA,in,0.399,Q2 6:02,-7.0,12521,Elijah Arroyo,TE,3.9,0.0,2.52,2.52,2.11,2.34
2026-09-09 21:15:40,NE,in,0.399,Q2 6:02,7.0,9501,Demario Douglas,WR,5.6,3.0,3.19,6.19,6.48,6.36
2026-09-09 21:15:40,SEA,in,0.399,Q2 6:02,-7.0,2747,Jason Myers,K,8.5,0.0,4.59,4.59,4.59,5.1
2026-09-09 21:15:40,NE,in,0.399,Q2 6:02,7.0,12713,Andy Borregales,K,7.1,1.0,3.99,4.99,4.99,5.26
2026-09-09 21:15:40,SEA,in,0.399,Q2 6:02,-7.0,SEA,Seattle Seahawks D/ST,DST,7.2,4.0,4.49,8.49,8.49,8.32
2026-09-09 21:15:40,NE,in,0.399,Q2 6:02,7.0,NE,New England Patriots D/ST,DST,5.8,12.0,4.94,16.94,16.94,15.48
2026-09-09 21:15:40,NE,in,0.399,Q2 6:02,7.0,13421,Eli Raridon,TE,1.8,7.2,1.65,8.85,9.25,8.28
2026-09-09 21:16:41,SEA,in,0.406,Q2 5:39,-7.0,9488,Jaxon Smith-Njigba,WR,19.4,8.7,13.19,21.89,20.35,20.23
2026-09-09 21:16:41,NE,in,0.406,Q2 5:39,7.0,5859,A.J. Brown,WR,16.3,3.2,8.57,11.77,12.38,12.88
2026-09-09 21:16:41,NE,in,0.406,Q2 5:39,7.0,11564,Drake Maye,QB,19.4,7.76,10.77,18.53,19.27,19.29
2026-09-09 21:16:41,NE,in,0.406,Q2 5:39,7.0,7611,Rhamondre Stevenson,RB,17.5,1.2,8.88,10.08,10.72,11.6
2026-09-09 21:16:41,SEA,in,0.406,Q2 5:39,-7.0,13286,Jadarian Price,RB,12.0,4.2,7.35,11.55,11.23,11.33
2026-09-09 21:16:41,NE,in,0.406,Q2 5:39,7.0,8121,Romeo Doubs,WR,9.7,0.0,4.92,4.92,5.18,5.76
2026-09-09 21:16:41,SEA,in,0.406,Q2 5:39,-7.0,4943,Sam Darnold,QB,16.4,0.52,10.65,11.17,9.35,10.26
2026-09-09 21:16:41,SEA,in,0.406,Q2 5:39,-7.0,8676,Rashid Shaheed,WR,8.5,0.0,5.4,5.4,4.54,5.05
2026-09-09 21:16:41,NE,in,0.406,Q2 5:39,7.0,3214,Hunter Henry,TE,9.7,0.0,4.92,4.92,5.18,5.76
2026-09-09 21:16:41,SEA,in,0.406,Q2 5:39,-7.0,11435,Emanuel Wilson,RB,1.8,0.3,1.03,1.33,1.31,1.37
2026-09-09 21:16:41,SEA,in,0.406,Q2 5:39,-7.0,11603,A.J. Barner,TE,7.9,0.0,5.02,5.02,4.22,4.69
2026-09-09 21:16:41,SEA,in,0.406,Q2 5:39,-7.0,12048,George Holani,RB,6.6,1.4,3.86,5.26,5.13,5.32
2026-09-09 21:16:41,SEA,in,0.406,Q2 5:39,-7.0,4039,Cooper Kupp,WR,7.4,0.0,4.7,4.7,3.95,4.4
2026-09-09 21:16:41,NE,in,0.406,Q2 5:39,7.0,4177,Mack Hollins,WR,3.3,1.9,1.86,3.76,3.94,3.86
2026-09-09 21:16:41,SEA,in,0.406,Q2 5:39,-7.0,12521,Elijah Arroyo,TE,3.9,0.0,2.48,2.48,2.08,2.32
2026-09-09 21:16:41,NE,in,0.406,Q2 5:39,7.0,9501,Demario Douglas,WR,5.6,3.0,3.13,6.13,6.44,6.33
2026-09-09 21:16:41,SEA,in,0.406,Q2 5:39,-7.0,2747,Jason Myers,K,8.5,0.0,4.54,4.54,4.54,5.05
2026-09-09 21:16:41,NE,in,0.406,Q2 5:39,7.0,12713,Andy Borregales,K,7.1,1.0,3.94,4.94,4.94,5.22
2026-09-09 21:16:41,SEA,in,0.406,Q2 5:39,-7.0,SEA,Seattle Seahawks D/ST,DST,7.2,4.0,4.44,8.44,8.44,8.28
2026-09-09 21:16:41,NE,in,0.406,Q2 5:39,7.0,NE,New England Patriots D/ST,DST,5.8,12.0,4.88,16.88,16.88,15.45
2026-09-09 21:16:41,NE,in,0.406,Q2 5:39,7.0,13421,Eli Raridon,TE,1.8,7.2,1.62,8.82,9.23,8.27
2026-09-09 21:17:41,SEA,in,0.418,Q2 4:54,-7.0,9488,Jaxon Smith-Njigba,WR,19.4,8.7,12.76,21.46,20.07,19.98
2026-09-09 21:17:41,NE,in,0.418,Q2 4:54,7.0,5859,A.J. Brown,WR,16.3,3.2,8.27,11.47,12.15,12.68
2026-09-09 21:17:41,NE,in,0.418,Q2 4:54,7.0,11564,Drake Maye,QB,19.4,7.76,10.36,18.12,18.99,19.04
2026-09-09 21:17:41,NE,in,0.418,Q2 4:54,7.0,7611,Rhamondre Stevenson,RB,17.5,1.2,8.6,9.8,10.49,11.38
2026-09-09 21:17:41,SEA,in,0.418,Q2 4:54,-7.0,13286,Jadarian Price,RB,12.0,4.2,7.12,11.32,11.06,11.18
2026-09-09 21:17:41,NE,in,0.418,Q2 4:54,7.0,8121,Romeo Doubs,WR,9.7,0.0,4.74,4.74,5.05,5.64
2026-09-09 21:17:41,SEA,in,0.418,Q2 4:54,-7.0,4943,Sam Darnold,QB,16.4,0.52,10.29,10.81,9.14,10.06
2026-09-09 21:17:41,SEA,in,0.418,Q2 4:54,-7.0,8676,Rashid Shaheed,WR,8.5,0.0,5.23,5.23,4.43,4.94
2026-09-09 21:17:41,NE,in,0.418,Q2 4:54,7.0,3214,Hunter Henry,TE,9.7,0.0,4.74,4.74,5.05,5.64
2026-09-09 21:17:41,SEA,in,0.418,Q2 4:54,-7.0,11435,Emanuel Wilson,RB,1.8,0.3,1.0,1.3,1.28,1.35
2026-09-09 21:17:41,SEA,in,0.418,Q2 4:54,-7.0,11603,A.J. Barner,TE,7.9,0.0,4.86,4.86,4.11,4.6
2026-09-09 21:17:41,SEA,in,0.418,Q2 4:54,-7.0,12048,George Holani,RB,6.6,1.4,3.73,5.13,5.04,5.24
2026-09-09 21:17:41,SEA,in,0.418,Q2 4:54,-7.0,4039,Cooper Kupp,WR,7.4,0.0,4.55,4.55,3.85,4.3
2026-09-09 21:17:41,NE,in,0.418,Q2 4:54,7.0,4177,Mack Hollins,WR,3.3,1.9,1.79,3.69,3.9,3.82
2026-09-09 21:17:41,SEA,in,0.418,Q2 4:54,-7.0,12521,Elijah Arroyo,TE,3.9,0.0,2.4,2.4,2.03,2.27
2026-09-09 21:17:41,NE,in,0.418,Q2 4:54,7.0,9501,Demario Douglas,WR,5.6,3.0,3.02,6.02,6.35,6.26
2026-09-09 21:17:41,SEA,in,0.418,Q2 4:54,-7.0,2747,Jason Myers,K,8.5,0.0,4.43,4.43,4.43,4.94
2026-09-09 21:17:41,NE,in,0.418,Q2 4:54,7.0,12713,Andy Borregales,K,7.1,1.0,3.84,4.84,4.84,5.13
2026-09-09 21:17:41,SEA,in,0.418,Q2 4:54,-7.0,SEA,Seattle Seahawks D/ST,DST,7.2,4.0,4.33,8.33,8.33,8.19
2026-09-09 21:17:41,NE,in,0.418,Q2 4:54,7.0,NE,New England Patriots D/ST,DST,5.8,12.0,4.77,16.77,16.77,15.37
2026-09-09 21:17:41,NE,in,0.418,Q2 4:54,7.0,13421,Eli Raridon,TE,1.8,7.2,1.57,8.77,9.18,8.25
2026-09-09 21:18:42,SEA,in,0.422,Q2 4:39,-7.0,9488,Jaxon Smith-Njigba,WR,19.4,8.7,12.62,21.32,19.98,19.9
2026-09-09 21:18:42,NE,in,0.422,Q2 4:39,7.0,5859,A.J. Brown,WR,16.3,3.2,8.16,11.36,12.08,12.61
2026-09-09 21:18:42,NE,in,0.422,Q2 4:39,7.0,11564,Drake Maye,QB,19.4,7.76,10.22,17.98,18.9,18.96
2026-09-09 21:18:42,NE,in,0.422,Q2 4:39,7.0,7611,Rhamondre Stevenson,RB,17.5,1.2,8.51,9.71,10.41,11.31
2026-09-09 21:18:42,SEA,in,0.422,Q2 4:39,-7.0,13286,Jadarian Price,RB,12.0,4.2,7.04,11.24,11.0,11.13
2026-09-09 21:18:42,NE,in,0.422,Q2 4:39,7.0,8121,Romeo Doubs,WR,9.7,0.0,4.68,4.68,5.01,5.6
2026-09-09 21:18:42,SEA,in,0.422,Q2 4:39,-7.0,4943,Sam Darnold,QB,16.4,0.52,10.17,10.69,9.07,9.99
2026-09-09 21:18:42,SEA,in,0.422,Q2 4:39,-7.0,8676,Rashid Shaheed,WR,8.5,0.0,5.17,5.17,4.39,4.91
2026-09-09 21:18:42,NE,in,0.422,Q2 4:39,7.0,3214,Hunter Henry,TE,9.7,0.0,4.68,4.68,5.01,5.6
2026-09-09 21:18:42,SEA,in,0.422,Q2 4:39,-7.0,11435,Emanuel Wilson,RB,1.8,0.3,0.99,1.29,1.27,1.34
2026-09-09 21:18:42,SEA,in,0.422,Q2 4:39,-7.0,11603,A.J. Barner,TE,7.9,0.0,4.8,4.8,4.08,4.56
2026-09-09 21:18:42,SEA,in,0.422,Q2 4:39,-7.0,12048,George Holani,RB,6.6,1.4,3.69,5.09,5.01,5.21
2026-09-09 21:18:42,SEA,in,0.422,Q2 4:39,-7.0,4039,Cooper Kupp,WR,7.4,0.0,4.5,4.5,3.82,4.27
2026-09-09 21:18:42,NE,in,0.422,Q2 4:39,7.0,4177,Mack Hollins,WR,3.3,1.9,1.77,3.67,3.88,3.81
2026-09-09 21:18:42,SEA,in,0.422,Q2 4:39,-7.0,12521,Elijah Arroyo,TE,3.9,0.0,2.37,2.37,2.01,2.25
2026-09-09 21:18:42,NE,in,0.422,Q2 4:39,7.0,9501,Demario Douglas,WR,5.6,3.0,2.99,5.99,6.33,6.23
2026-09-09 21:18:42,SEA,in,0.422,Q2 4:39,-7.0,2747,Jason Myers,K,8.5,0.0,4.39,4.39,4.39,4.91
2026-09-09 21:18:42,NE,in,0.422,Q2 4:39,7.0,12713,Andy Borregales,K,7.1,1.0,3.81,4.81,4.81,5.1
2026-09-09 21:18:42,SEA,in,0.422,Q2 4:39,-7.0,SEA,Seattle Seahawks D/ST,DST,7.2,4.0,4.3,8.3,8.3,8.16
2026-09-09 21:18:42,NE,in,0.422,Q2 4:39,7.0,NE,New England Patriots D/ST,DST,5.8,12.0,4.73,16.73,16.73,15.35
2026-09-09 21:18:42,NE,in,0.422,Q2 4:39,7.0,13421,Eli Raridon,TE,1.8,7.2,1.55,8.75,9.17,8.24
2026-09-09 21:19:42,SEA,in,0.422,Q2 4:39,-7.0,9488,Jaxon Smith-Njigba,WR,19.4,8.7,12.62,21.32,19.98,19.9
2026-09-09 21:19:42,NE,in,0.422,Q2 4:39,7.0,5859,A.J. Brown,WR,16.3,3.2,8.16,11.36,12.08,12.61
2026-09-09 21:19:42,NE,in,0.422,Q2 4:39,7.0,11564,Drake Maye,QB,19.4,7.76,10.22,17.98,18.9,18.96
2026-09-09 21:19:42,NE,in,0.422,Q2 4:39,7.0,7611,Rhamondre Stevenson,RB,17.5,1.2,8.51,9.71,10.41,11.31
2026-09-09 21:19:42,SEA,in,0.422,Q2 4:39,-7.0,13286,Jadarian Price,RB,12.0,4.2,7.04,11.24,11.0,11.13
2026-09-09 21:19:42,NE,in,0.422,Q2 4:39,7.0,8121,Romeo Doubs,WR,9.7,0.0,4.68,4.68,5.01,5.6
2026-09-09 21:19:42,SEA,in,0.422,Q2 4:39,-7.0,4943,Sam Darnold,QB,16.4,0.52,10.17,10.69,9.07,9.99
2026-09-09 21:19:42,SEA,in,0.422,Q2 4:39,-7.0,8676,Rashid Shaheed,WR,8.5,0.0,5.17,5.17,4.39,4.91
2026-09-09 21:19:42,NE,in,0.422,Q2 4:39,7.0,3214,Hunter Henry,TE,9.7,0.0,4.68,4.68,5.01,5.6
2026-09-09 21:19:42,SEA,in,0.422,Q2 4:39,-7.0,11435,Emanuel Wilson,RB,1.8,0.3,0.99,1.29,1.27,1.34
2026-09-09 21:19:42,SEA,in,0.422,Q2 4:39,-7.0,11603,A.J. Barner,TE,7.9,0.0,4.8,4.8,4.08,4.56
2026-09-09 21:19:42,SEA,in,0.422,Q2 4:39,-7.0,12048,George Holani,RB,6.6,1.4,3.69,5.09,5.01,5.21
2026-09-09 21:19:42,SEA,in,0.422,Q2 4:39,-7.0,4039,Cooper Kupp,WR,7.4,0.0,4.5,4.5,3.82,4.27
2026-09-09 21:19:42,NE,in,0.422,Q2 4:39,7.0,4177,Mack Hollins,WR,3.3,1.9,1.77,3.67,3.88,3.81
2026-09-09 21:19:42,SEA,in,0.422,Q2 4:39,-7.0,12521,Elijah Arroyo,TE,3.9,0.0,2.37,2.37,2.01,2.25
2026-09-09 21:19:42,NE,in,0.422,Q2 4:39,7.0,9501,Demario Douglas,WR,5.6,3.0,2.99,5.99,6.33,6.23
2026-09-09 21:19:42,SEA,in,0.422,Q2 4:39,-7.0,2747,Jason Myers,K,8.5,0.0,4.39,4.39,4.39,4.91
2026-09-09 21:19:42,NE,in,0.422,Q2 4:39,7.0,12713,Andy Borregales,K,7.1,1.0,3.81,4.81,4.81,5.1
2026-09-09 21:19:42,SEA,in,0.422,Q2 4:39,-7.0,SEA,Seattle Seahawks D/ST,DST,7.2,4.0,4.3,8.3,8.3,8.16
2026-09-09 21:19:42,NE,in,0.422,Q2 4:39,7.0,NE,New England Patriots D/ST,DST,5.8,12.0,4.73,16.73,16.73,15.35
2026-09-09 21:19:42,NE,in,0.422,Q2 4:39,7.0,13421,Eli Raridon,TE,1.8,7.2,1.55,8.75,9.17,8.24
2026-09-09 21:20:43,SEA,in,0.422,Q2 4:39,-7.0,9488,Jaxon Smith-Njigba,WR,19.4,8.7,12.62,21.32,19.98,19.9
2026-09-09 21:20:43,NE,in,0.422,Q2 4:39,7.0,5859,A.J. Brown,WR,16.3,3.2,8.16,11.36,12.08,12.61
2026-09-09 21:20:43,NE,in,0.422,Q2 4:39,7.0,11564,Drake Maye,QB,19.4,7.76,10.22,17.98,18.9,18.96
2026-09-09 21:20:43,NE,in,0.422,Q2 4:39,7.0,7611,Rhamondre Stevenson,RB,17.5,1.2,8.51,9.71,10.41,11.31
2026-09-09 21:20:43,SEA,in,0.422,Q2 4:39,-7.0,13286,Jadarian Price,RB,12.0,4.2,7.04,11.24,11.0,11.13
2026-09-09 21:20:43,NE,in,0.422,Q2 4:39,7.0,8121,Romeo Doubs,WR,9.7,0.0,4.68,4.68,5.01,5.6
2026-09-09 21:20:43,SEA,in,0.422,Q2 4:39,-7.0,4943,Sam Darnold,QB,16.4,0.52,10.17,10.69,9.07,9.99
2026-09-09 21:20:43,SEA,in,0.422,Q2 4:39,-7.0,8676,Rashid Shaheed,WR,8.5,0.0,5.17,5.17,4.39,4.91
2026-09-09 21:20:43,NE,in,0.422,Q2 4:39,7.0,3214,Hunter Henry,TE,9.7,0.0,4.68,4.68,5.01,5.6
2026-09-09 21:20:43,SEA,in,0.422,Q2 4:39,-7.0,11435,Emanuel Wilson,RB,1.8,0.3,0.99,1.29,1.27,1.34
2026-09-09 21:20:43,SEA,in,0.422,Q2 4:39,-7.0,11603,A.J. Barner,TE,7.9,0.0,4.8,4.8,4.08,4.56
2026-09-09 21:20:43,SEA,in,0.422,Q2 4:39,-7.0,12048,George Holani,RB,6.6,1.4,3.69,5.09,5.01,5.21
2026-09-09 21:20:43,SEA,in,0.422,Q2 4:39,-7.0,4039,Cooper Kupp,WR,7.4,0.0,4.5,4.5,3.82,4.27
2026-09-09 21:20:43,NE,in,0.422,Q2 4:39,7.0,4177,Mack Hollins,WR,3.3,1.9,1.77,3.67,3.88,3.81
2026-09-09 21:20:43,SEA,in,0.422,Q2 4:39,-7.0,12521,Elijah Arroyo,TE,3.9,0.0,2.37,2.37,2.01,2.25
2026-09-09 21:20:43,NE,in,0.422,Q2 4:39,7.0,9501,Demario Douglas,WR,5.6,3.0,2.99,5.99,6.33,6.23
2026-09-09 21:20:43,SEA,in,0.422,Q2 4:39,-7.0,2747,Jason Myers,K,8.5,0.0,4.39,4.39,4.39,4.91
2026-09-09 21:20:43,NE,in,0.422,Q2 4:39,7.0,12713,Andy Borregales,K,7.1,1.0,3.81,4.81,4.81,5.1
2026-09-09 21:20:43,SEA,in,0.422,Q2 4:39,-7.0,SEA,Seattle Seahawks D/ST,DST,7.2,4.0,4.3,8.3,8.3,8.16
2026-09-09 21:20:43,NE,in,0.422,Q2 4:39,7.0,NE,New England Patriots D/ST,DST,5.8,12.0,4.73,16.73,16.73,15.35
2026-09-09 21:20:43,NE,in,0.422,Q2 4:39,7.0,13421,Eli Raridon,TE,1.8,7.2,1.55,8.75,9.17,8.24
2026-09-09 21:21:44,SEA,in,0.433,Q2 4:02,-7.0,9488,Jaxon Smith-Njigba,WR,19.4,8.7,12.27,20.97,19.75,19.7
2026-09-09 21:21:44,NE,in,0.433,Q2 4:02,7.0,5859,A.J. Brown,WR,16.3,3.2,7.92,11.12,11.9,12.45
2026-09-09 21:21:44,NE,in,0.433,Q2 4:02,7.0,11564,Drake Maye,QB,19.4,7.76,9.89,17.65,18.67,18.76
2026-09-09 21:21:44,NE,in,0.433,Q2 4:02,7.0,7611,Rhamondre Stevenson,RB,17.5,1.6,8.36,9.96,10.68,11.53
2026-09-09 21:21:44,SEA,in,0.433,Q2 4:02,-7.0,13286,Jadarian Price,RB,12.0,4.2,6.86,11.06,10.87,11.01
2026-09-09 21:21:44,NE,in,0.433,Q2 4:02,7.0,8121,Romeo Doubs,WR,9.7,0.0,4.53,4.53,4.91,5.5
2026-09-09 21:21:44,SEA,in,0.433,Q2 4:02,-7.0,4943,Sam Darnold,QB,16.4,0.52,9.88,10.4,8.89,9.82
2026-09-09 21:21:44,SEA,in,0.433,Q2 4:02,-7.0,8676,Rashid Shaheed,WR,8.5,0.0,5.02,5.02,4.3,4.82
2026-09-09 21:21:44,NE,in,0.433,Q2 4:02,7.0,3214,Hunter Henry,TE,9.7,0.0,4.53,4.53,4.91,5.5
2026-09-09 21:21:44,SEA,in,0.433,Q2 4:02,-7.0,11435,Emanuel Wilson,RB,1.8,0.3,0.96,1.26,1.25,1.32
2026-09-09 21:21:44,SEA,in,0.433,Q2 4:02,-7.0,11603,A.J. Barner,TE,7.9,0.0,4.67,4.67,4.0,4.48
2026-09-09 21:21:44,SEA,in,0.433,Q2 4:02,-7.0,12048,George Holani,RB,6.6,1.4,3.59,4.99,4.94,5.14
2026-09-09 21:21:44,SEA,in,0.433,Q2 4:02,-7.0,4039,Cooper Kupp,WR,7.4,0.0,4.37,4.37,3.74,4.2
2026-09-09 21:21:44,NE,in,0.433,Q2 4:02,7.0,4177,Mack Hollins,WR,3.3,1.9,1.72,3.62,3.84,3.77
2026-09-09 21:21:44,SEA,in,0.433,Q2 4:02,-7.0,12521,Elijah Arroyo,TE,3.9,0.0,2.3,2.3,1.97,2.21
2026-09-09 21:21:44,NE,in,0.433,Q2 4:02,7.0,9501,Demario Douglas,WR,5.6,3.0,2.9,5.9,6.26,6.18
2026-09-09 21:21:44,SEA,in,0.433,Q2 4:02,-7.0,2747,Jason Myers,K,8.5,0.0,4.3,4.3,4.3,4.82
2026-09-09 21:21:44,NE,in,0.433,Q2 4:02,7.0,12713,Andy Borregales,K,7.1,1.0,3.73,4.73,4.73,5.03
2026-09-09 21:21:44,SEA,in,0.433,Q2 4:02,-7.0,SEA,Seattle Seahawks D/ST,DST,7.2,4.0,4.21,8.21,8.21,8.08
2026-09-09 21:21:44,NE,in,0.433,Q2 4:02,7.0,NE,New England Patriots D/ST,DST,5.8,12.0,4.64,16.64,16.64,15.29
2026-09-09 21:21:44,NE,in,0.433,Q2 4:02,7.0,13421,Eli Raridon,TE,1.8,7.2,1.51,8.71,9.13,8.22
2026-09-09 21:22:44,SEA,in,0.445,Q2 3:18,-7.0,9488,Jaxon Smith-Njigba,WR,19.4,8.7,11.87,20.57,19.48,19.47
2026-09-09 21:22:44,NE,in,0.445,Q2 3:18,7.0,5859,A.J. Brown,WR,16.3,5.6,7.85,13.45,14.42,14.65
2026-09-09 21:22:44,NE,in,0.445,Q2 3:18,7.0,11564,Drake Maye,QB,19.4,8.4,9.62,18.02,19.13,19.17
2026-09-09 21:22:44,NE,in,0.445,Q2 3:18,7.0,7611,Rhamondre Stevenson,RB,17.5,1.6,8.1,9.7,10.45,11.31
2026-09-09 21:22:44,SEA,in,0.445,Q2 3:18,-7.0,13286,Jadarian Price,RB,12.0,4.2,6.64,10.84,10.7,10.86
2026-09-09 21:22:44,NE,in,0.445,Q2 3:18,7.0,8121,Romeo Doubs,WR,9.7,0.0,4.37,4.37,4.78,5.38
2026-09-09 21:22:44,SEA,in,0.445,Q2 3:18,-7.0,4943,Sam Darnold,QB,16.4,0.52,9.53,10.05,8.68,9.62
2026-09-09 21:22:44,SEA,in,0.445,Q2 3:18,-7.0,8676,Rashid Shaheed,WR,8.5,0.0,4.85,4.85,4.19,4.72
2026-09-09 21:22:44,NE,in,0.445,Q2 3:18,7.0,3214,Hunter Henry,TE,9.7,1.2,4.48,5.68,6.15,6.58
2026-09-09 21:22:44,SEA,in,0.445,Q2 3:18,-7.0,11435,Emanuel Wilson,RB,1.8,0.3,0.93,1.23,1.23,1.3
2026-09-09 21:22:44,SEA,in,0.445,Q2 3:18,-7.0,11603,A.J. Barner,TE,7.9,0.0,4.51,4.51,3.9,4.38
2026-09-09 21:22:44,SEA,in,0.445,Q2 3:18,-7.0,12048,George Holani,RB,6.6,1.4,3.48,4.88,4.85,5.06
2026-09-09 21:22:44,SEA,in,0.445,Q2 3:18,-7.0,4039,Cooper Kupp,WR,7.4,0.0,4.23,4.23,3.65,4.11
2026-09-09 21:22:44,NE,in,0.445,Q2 3:18,7.0,4177,Mack Hollins,WR,3.3,1.9,1.66,3.56,3.79,3.73
2026-09-09 21:22:44,SEA,in,0.445,Q2 3:18,-7.0,12521,Elijah Arroyo,TE,3.9,0.0,2.23,2.23,1.92,2.16
2026-09-09 21:22:44,NE,in,0.445,Q2 3:18,7.0,9501,Demario Douglas,WR,5.6,3.0,2.79,5.79,6.18,6.11
2026-09-09 21:22:44,SEA,in,0.445,Q2 3:18,-7.0,2747,Jason Myers,K,8.5,0.0,4.19,4.19,4.19,4.72
2026-09-09 21:22:44,NE,in,0.445,Q2 3:18,7.0,12713,Andy Borregales,K,7.1,1.0,3.64,4.64,4.64,4.94
2026-09-09 21:22:44,SEA,in,0.445,Q2 3:18,-7.0,SEA,Seattle Seahawks D/ST,DST,7.2,4.0,4.11,8.11,8.11,8.0
2026-09-09 21:22:44,NE,in,0.445,Q2 3:18,7.0,NE,New England Patriots D/ST,DST,5.8,12.0,4.53,16.53,16.53,15.22
2026-09-09 21:22:44,NE,in,0.445,Q2 3:18,7.0,13421,Eli Raridon,TE,1.8,7.2,1.46,8.66,9.09,8.2
2026-09-09 21:23:45,SEA,in,0.467,Q2 2:00,-7.0,9488,Jaxon Smith-Njigba,WR,19.4,8.7,11.17,19.87,19.0,19.05
2026-09-09 21:23:45,NE,in,0.467,Q2 2:00,7.0,5859,A.J. Brown,WR,16.3,5.6,7.34,12.94,14.03,14.29
2026-09-09 21:23:45,NE,in,0.467,Q2 2:00,7.0,11564,Drake Maye,QB,19.4,8.44,8.96,17.4,18.7,18.79
2026-09-09 21:23:45,NE,in,0.467,Q2 2:00,7.0,7611,Rhamondre Stevenson,RB,17.5,1.6,7.64,9.24,10.06,10.93
2026-09-09 21:23:45,SEA,in,0.467,Q2 2:00,-7.0,13286,Jadarian Price,RB,12.0,4.2,6.25,10.45,10.41,10.6
2026-09-09 21:23:45,NE,in,0.467,Q2 2:00,7.0,8121,Romeo Doubs,WR,9.7,0.0,4.08,4.08,4.57,5.17
2026-09-09 21:23:45,SEA,in,0.467,Q2 2:00,-7.0,4943,Sam Darnold,QB,16.4,0.52,8.94,9.46,8.32,9.27
2026-09-09 21:23:45,SEA,in,0.467,Q2 2:00,-7.0,8676,Rashid Shaheed,WR,8.5,0.0,4.56,4.56,4.0,4.53
2026-09-09 21:23:45,NE,in,0.467,Q2 2:00,7.0,3214,Hunter Henry,TE,9.7,1.3,4.19,5.49,6.04,6.47
2026-09-09 21:23:45,SEA,in,0.467,Q2 2:00,-7.0,11435,Emanuel Wilson,RB,1.8,0.3,0.88,1.18,1.19,1.26
2026-09-09 21:23:45,SEA,in,0.467,Q2 2:00,-7.0,11603,A.J. Barner,TE,7.9,0.0,4.24,4.24,3.72,4.21
2026-09-09 21:23:45,SEA,in,0.467,Q2 2:00,-7.0,12048,George Holani,RB,6.6,1.4,3.28,4.68,4.7,4.92
2026-09-09 21:23:45,SEA,in,0.467,Q2 2:00,-7.0,4039,Cooper Kupp,WR,7.4,0.0,3.97,3.97,3.49,3.95
2026-09-09 21:23:45,NE,in,0.467,Q2 2:00,7.0,4177,Mack Hollins,WR,3.3,1.9,1.55,3.45,3.71,3.66
2026-09-09 21:23:45,SEA,in,0.467,Q2 2:00,-7.0,12521,Elijah Arroyo,TE,3.9,0.0,2.09,2.09,1.84,2.08
2026-09-09 21:23:45,NE,in,0.467,Q2 2:00,7.0,9501,Demario Douglas,WR,5.6,3.0,2.61,5.61,6.04,5.99
2026-09-09 21:23:45,SEA,in,0.467,Q2 2:00,-7.0,2747,Jason Myers,K,8.5,0.0,4.0,4.0,4.0,4.53
2026-09-09 21:23:45,NE,in,0.467,Q2 2:00,7.0,12713,Andy Borregales,K,7.1,1.0,3.48,4.48,4.48,4.79
2026-09-09 21:23:45,SEA,in,0.467,Q2 2:00,-7.0,SEA,Seattle Seahawks D/ST,DST,7.2,4.0,3.93,7.93,7.93,7.84
2026-09-09 21:23:45,NE,in,0.467,Q2 2:00,7.0,NE,New England Patriots D/ST,DST,5.8,12.0,4.33,16.33,16.33,15.09
2026-09-09 21:23:45,NE,in,0.467,Q2 2:00,7.0,13421,Eli Raridon,TE,1.8,7.2,1.38,8.58,9.01,8.16
2026-09-09 21:24:46,SEA,in,0.467,Q2 2:00,-7.0,9488,Jaxon Smith-Njigba,WR,19.4,8.7,11.17,19.87,19.0,19.05
2026-09-09 21:24:46,NE,in,0.467,Q2 2:00,7.0,5859,A.J. Brown,WR,16.3,5.6,7.34,12.94,14.03,14.29
2026-09-09 21:24:46,NE,in,0.467,Q2 2:00,7.0,11564,Drake Maye,QB,19.4,8.44,8.96,17.4,18.7,18.79
2026-09-09 21:24:46,NE,in,0.467,Q2 2:00,7.0,7611,Rhamondre Stevenson,RB,17.5,1.6,7.64,9.24,10.06,10.93
2026-09-09 21:24:46,SEA,in,0.467,Q2 2:00,-7.0,13286,Jadarian Price,RB,12.0,4.2,6.25,10.45,10.41,10.6
2026-09-09 21:24:46,NE,in,0.467,Q2 2:00,7.0,8121,Romeo Doubs,WR,9.7,0.0,4.08,4.08,4.57,5.17
2026-09-09 21:24:46,SEA,in,0.467,Q2 2:00,-7.0,4943,Sam Darnold,QB,16.4,0.52,8.94,9.46,8.32,9.27
2026-09-09 21:24:46,SEA,in,0.467,Q2 2:00,-7.0,8676,Rashid Shaheed,WR,8.5,0.0,4.56,4.56,4.0,4.53
2026-09-09 21:24:46,NE,in,0.467,Q2 2:00,7.0,3214,Hunter Henry,TE,9.7,1.3,4.19,5.49,6.04,6.47
2026-09-09 21:24:46,SEA,in,0.467,Q2 2:00,-7.0,11435,Emanuel Wilson,RB,1.8,0.3,0.88,1.18,1.19,1.26
2026-09-09 21:24:46,SEA,in,0.467,Q2 2:00,-7.0,11603,A.J. Barner,TE,7.9,0.0,4.24,4.24,3.72,4.21
2026-09-09 21:24:46,SEA,in,0.467,Q2 2:00,-7.0,12048,George Holani,RB,6.6,1.4,3.28,4.68,4.7,4.92
2026-09-09 21:24:46,SEA,in,0.467,Q2 2:00,-7.0,4039,Cooper Kupp,WR,7.4,0.0,3.97,3.97,3.49,3.95
2026-09-09 21:24:46,NE,in,0.467,Q2 2:00,7.0,4177,Mack Hollins,WR,3.3,1.9,1.55,3.45,3.71,3.66
2026-09-09 21:24:46,SEA,in,0.467,Q2 2:00,-7.0,12521,Elijah Arroyo,TE,3.9,0.0,2.09,2.09,1.84,2.08
2026-09-09 21:24:46,NE,in,0.467,Q2 2:00,7.0,9501,Demario Douglas,WR,5.6,3.0,2.61,5.61,6.04,5.99
2026-09-09 21:24:46,SEA,in,0.467,Q2 2:00,-7.0,2747,Jason Myers,K,8.5,0.0,4.0,4.0,4.0,4.53
2026-09-09 21:24:46,NE,in,0.467,Q2 2:00,7.0,12713,Andy Borregales,K,7.1,1.0,3.48,4.48,4.48,4.79
2026-09-09 21:24:46,SEA,in,0.467,Q2 2:00,-7.0,SEA,Seattle Seahawks D/ST,DST,7.2,4.0,3.93,7.93,7.93,7.84
2026-09-09 21:24:46,NE,in,0.467,Q2 2:00,7.0,NE,New England Patriots D/ST,DST,5.8,12.0,4.33,16.33,16.33,15.09
2026-09-09 21:24:46,NE,in,0.467,Q2 2:00,7.0,13421,Eli Raridon,TE,1.8,7.2,1.38,8.58,9.01,8.16
2026-09-09 21:25:46,SEA,in,0.467,Q2 2:00,-7.0,9488,Jaxon Smith-Njigba,WR,19.4,8.7,11.17,19.87,19.0,19.05
2026-09-09 21:25:46,NE,in,0.467,Q2 2:00,7.0,5859,A.J. Brown,WR,16.3,5.6,7.34,12.94,14.03,14.29
2026-09-09 21:25:46,NE,in,0.467,Q2 2:00,7.0,11564,Drake Maye,QB,19.4,8.44,8.96,17.4,18.7,18.79
2026-09-09 21:25:46,NE,in,0.467,Q2 2:00,7.0,7611,Rhamondre Stevenson,RB,17.5,1.6,7.64,9.24,10.06,10.93
2026-09-09 21:25:46,SEA,in,0.467,Q2 2:00,-7.0,13286,Jadarian Price,RB,12.0,4.2,6.25,10.45,10.41,10.6
2026-09-09 21:25:46,NE,in,0.467,Q2 2:00,7.0,8121,Romeo Doubs,WR,9.7,0.0,4.08,4.08,4.57,5.17
2026-09-09 21:25:46,SEA,in,0.467,Q2 2:00,-7.0,4943,Sam Darnold,QB,16.4,0.52,8.94,9.46,8.32,9.27
2026-09-09 21:25:46,SEA,in,0.467,Q2 2:00,-7.0,8676,Rashid Shaheed,WR,8.5,0.0,4.56,4.56,4.0,4.53
2026-09-09 21:25:46,NE,in,0.467,Q2 2:00,7.0,3214,Hunter Henry,TE,9.7,1.3,4.19,5.49,6.04,6.47
2026-09-09 21:25:46,SEA,in,0.467,Q2 2:00,-7.0,11435,Emanuel Wilson,RB,1.8,0.3,0.88,1.18,1.19,1.26
2026-09-09 21:25:46,SEA,in,0.467,Q2 2:00,-7.0,11603,A.J. Barner,TE,7.9,0.0,4.24,4.24,3.72,4.21
2026-09-09 21:25:46,SEA,in,0.467,Q2 2:00,-7.0,12048,George Holani,RB,6.6,1.4,3.28,4.68,4.7,4.92
2026-09-09 21:25:46,SEA,in,0.467,Q2 2:00,-7.0,4039,Cooper Kupp,WR,7.4,0.0,3.97,3.97,3.49,3.95
2026-09-09 21:25:46,NE,in,0.467,Q2 2:00,7.0,4177,Mack Hollins,WR,3.3,1.9,1.55,3.45,3.71,3.66
2026-09-09 21:25:46,SEA,in,0.467,Q2 2:00,-7.0,12521,Elijah Arroyo,TE,3.9,0.0,2.09,2.09,1.84,2.08
2026-09-09 21:25:46,NE,in,0.467,Q2 2:00,7.0,9501,Demario Douglas,WR,5.6,3.0,2.61,5.61,6.04,5.99
2026-09-09 21:25:46,SEA,in,0.467,Q2 2:00,-7.0,2747,Jason Myers,K,8.5,0.0,4.0,4.0,4.0,4.53
2026-09-09 21:25:46,NE,in,0.467,Q2 2:00,7.0,12713,Andy Borregales,K,7.1,1.0,3.48,4.48,4.48,4.79
2026-09-09 21:25:46,SEA,in,0.467,Q2 2:00,-7.0,SEA,Seattle Seahawks D/ST,DST,7.2,4.0,3.93,7.93,7.93,7.84
2026-09-09 21:25:46,NE,in,0.467,Q2 2:00,7.0,NE,New England Patriots D/ST,DST,5.8,12.0,4.33,16.33,16.33,15.09
2026-09-09 21:25:46,NE,in,0.467,Q2 2:00,7.0,13421,Eli Raridon,TE,1.8,7.2,1.38,8.58,9.01,8.16
2026-09-09 21:26:47,SEA,in,0.467,Q2 2:00,-7.0,9488,Jaxon Smith-Njigba,WR,19.4,8.7,11.17,19.87,19.0,19.05
2026-09-09 21:26:47,NE,in,0.467,Q2 2:00,7.0,5859,A.J. Brown,WR,16.3,5.6,7.34,12.94,14.03,14.29
2026-09-09 21:26:47,NE,in,0.467,Q2 2:00,7.0,11564,Drake Maye,QB,19.4,10.04,9.22,19.26,20.52,20.39
2026-09-09 21:26:47,NE,in,0.467,Q2 2:00,7.0,7611,Rhamondre Stevenson,RB,17.5,1.6,7.64,9.24,10.06,10.93
2026-09-09 21:26:47,SEA,in,0.467,Q2 2:00,-7.0,13286,Jadarian Price,RB,12.0,4.2,6.25,10.45,10.41,10.6
2026-09-09 21:26:47,NE,in,0.467,Q2 2:00,7.0,8121,Romeo Doubs,WR,9.7,0.0,4.08,4.08,4.57,5.17
2026-09-09 21:26:47,SEA,in,0.467,Q2 2:00,-7.0,4943,Sam Darnold,QB,16.4,0.52,8.94,9.46,8.32,9.27
2026-09-09 21:26:47,SEA,in,0.467,Q2 2:00,-7.0,8676,Rashid Shaheed,WR,8.5,0.0,4.56,4.56,4.0,4.53
2026-09-09 21:26:47,NE,in,0.467,Q2 2:00,7.0,3214,Hunter Henry,TE,9.7,1.3,4.19,5.49,6.04,6.47
2026-09-09 21:26:47,SEA,in,0.467,Q2 2:00,-7.0,11435,Emanuel Wilson,RB,1.8,0.3,0.88,1.18,1.19,1.26
2026-09-09 21:26:47,SEA,in,0.467,Q2 2:00,-7.0,11603,A.J. Barner,TE,7.9,0.0,4.24,4.24,3.72,4.21
2026-09-09 21:26:47,SEA,in,0.467,Q2 2:00,-7.0,12048,George Holani,RB,6.6,1.4,3.28,4.68,4.7,4.92
2026-09-09 21:26:47,SEA,in,0.467,Q2 2:00,-7.0,4039,Cooper Kupp,WR,7.4,0.0,3.97,3.97,3.49,3.95
2026-09-09 21:26:47,NE,in,0.467,Q2 2:00,7.0,4177,Mack Hollins,WR,3.3,1.9,1.55,3.45,3.71,3.66
2026-09-09 21:26:47,SEA,in,0.467,Q2 2:00,-7.0,12521,Elijah Arroyo,TE,3.9,0.0,2.09,2.09,1.84,2.08
2026-09-09 21:26:47,NE,in,0.467,Q2 2:00,7.0,9501,Demario Douglas,WR,5.6,3.0,2.61,5.61,6.04,5.99
2026-09-09 21:26:47,SEA,in,0.467,Q2 2:00,-7.0,2747,Jason Myers,K,8.5,0.0,4.0,4.0,4.0,4.53
2026-09-09 21:26:47,NE,in,0.467,Q2 2:00,7.0,12713,Andy Borregales,K,7.1,1.0,3.48,4.48,4.48,4.79
2026-09-09 21:26:47,SEA,in,0.467,Q2 2:00,-7.0,SEA,Seattle Seahawks D/ST,DST,7.2,4.0,3.93,7.93,7.93,7.84
2026-09-09 21:26:47,NE,in,0.467,Q2 2:00,7.0,NE,New England Patriots D/ST,DST,5.8,12.0,4.33,16.33,16.33,15.09
2026-09-09 21:26:47,NE,in,0.467,Q2 2:00,7.0,13421,Eli Raridon,TE,1.8,7.2,1.38,8.58,9.01,8.16
2026-09-09 21:27:47,SEA,in,0.469,Q2 1:52,-7.0,9488,Jaxon Smith-Njigba,WR,19.4,8.7,11.09,19.79,18.95,19.0
2026-09-09 21:27:47,NE,in,0.469,Q2 1:52,7.0,5859,A.J. Brown,WR,16.3,5.6,7.28,12.88,13.99,14.26
2026-09-09 21:27:47,NE,in,0.469,Q2 1:52,7.0,11564,Drake Maye,QB,19.4,10.04,9.15,19.19,20.47,20.34
2026-09-09 21:27:47,NE,in,0.469,Q2 1:52,7.0,7611,Rhamondre Stevenson,RB,17.5,1.6,7.59,9.19,10.02,10.89
2026-09-09 21:27:47,SEA,in,0.469,Q2 1:52,-7.0,13286,Jadarian Price,RB,12.0,4.2,6.22,10.42,10.38,10.57
2026-09-09 21:27:47,NE,in,0.469,Q2 1:52,7.0,8121,Romeo Doubs,WR,9.7,0.0,4.05,4.05,4.55,5.15
2026-09-09 21:27:47,SEA,in,0.469,Q2 1:52,-7.0,4943,Sam Darnold,QB,16.4,0.52,8.88,9.4,8.28,9.23
2026-09-09 21:27:47,SEA,in,0.469,Q2 1:52,-7.0,8676,Rashid Shaheed,WR,8.5,0.0,4.53,4.53,3.99,4.51
2026-09-09 21:27:47,NE,in,0.469,Q2 1:52,7.0,3214,Hunter Henry,TE,9.7,1.3,4.16,5.46,6.02,6.45
2026-09-09 21:27:47,SEA,in,0.469,Q2 1:52,-7.0,11435,Emanuel Wilson,RB,1.8,0.3,0.87,1.17,1.18,1.26
2026-09-09 21:27:47,SEA,in,0.469,Q2 1:52,-7.0,11603,A.J. Barner,TE,7.9,0.0,4.21,4.21,3.7,4.2
2026-09-09 21:27:47,SEA,in,0.469,Q2 1:52,-7.0,12048,George Holani,RB,6.6,1.4,3.26,4.66,4.68,4.91
2026-09-09 21:27:47,SEA,in,0.469,Q2 1:52,-7.0,4039,Cooper Kupp,WR,7.4,0.0,3.94,3.94,3.47,3.93
2026-09-09 21:27:47,NE,in,0.469,Q2 1:52,7.0,4177,Mack Hollins,WR,3.3,1.9,1.54,3.44,3.7,3.65
2026-09-09 21:27:47,SEA,in,0.469,Q2 1:52,-7.0,12521,Elijah Arroyo,TE,3.9,0.0,2.08,2.08,1.83,2.07
2026-09-09 21:27:47,NE,in,0.469,Q2 1:52,7.0,9501,Demario Douglas,WR,5.6,3.0,2.6,5.6,6.02,5.97
2026-09-09 21:27:47,SEA,in,0.469,Q2 1:52,-7.0,2747,Jason Myers,K,8.5,0.0,3.99,3.99,3.99,4.51
2026-09-09 21:27:47,NE,in,0.469,Q2 1:52,7.0,12713,Andy Borregales,K,7.1,1.0,3.46,4.46,4.46,4.77
2026-09-09 21:27:47,SEA,in,0.469,Q2 1:52,-7.0,SEA,Seattle Seahawks D/ST,DST,7.2,4.0,3.91,7.91,7.91,7.82
2026-09-09 21:27:47,NE,in,0.469,Q2 1:52,7.0,NE,New England Patriots D/ST,DST,5.8,12.0,4.31,16.31,16.31,15.08
2026-09-09 21:27:47,NE,in,0.469,Q2 1:52,7.0,13421,Eli Raridon,TE,1.8,7.2,1.37,8.57,9.0,8.16
2026-09-09 21:28:48,SEA,in,0.482,Q2 1:03,-7.0,9488,Jaxon Smith-Njigba,WR,19.4,8.7,10.66,19.36,18.65,18.74
2026-09-09 21:28:48,NE,in,0.482,Q2 1:03,7.0,5859,A.J. Brown,WR,16.3,5.6,6.97,12.57,13.74,14.04
2026-09-09 21:28:48,NE,in,0.482,Q2 1:03,7.0,11564,Drake Maye,QB,19.4,10.24,8.77,19.01,20.39,20.28
2026-09-09 21:28:48,NE,in,0.482,Q2 1:03,7.0,7611,Rhamondre Stevenson,RB,17.5,3.1,7.57,10.67,11.46,12.16
2026-09-09 21:28:48,SEA,in,0.482,Q2 1:03,-7.0,13286,Jadarian Price,RB,12.0,4.2,5.98,10.18,10.2,10.41
2026-09-09 21:28:48,NE,in,0.482,Q2 1:03,7.0,8121,Romeo Doubs,WR,9.7,0.0,3.87,3.87,4.41,5.02
2026-09-09 21:28:48,SEA,in,0.482,Q2 1:03,-7.0,4943,Sam Darnold,QB,16.4,0.52,8.52,9.04,8.05,9.01
2026-09-09 21:28:48,SEA,in,0.482,Q2 1:03,-7.0,8676,Rashid Shaheed,WR,8.5,0.0,4.35,4.35,3.87,4.4
2026-09-09 21:28:48,NE,in,0.482,Q2 1:03,7.0,3214,Hunter Henry,TE,9.7,1.3,3.98,5.28,5.88,6.32
2026-09-09 21:28:48,SEA,in,0.482,Q2 1:03,-7.0,11435,Emanuel Wilson,RB,1.8,0.3,0.84,1.14,1.16,1.23
2026-09-09 21:28:48,SEA,in,0.482,Q2 1:03,-7.0,11603,A.J. Barner,TE,7.9,0.0,4.04,4.04,3.6,4.09
2026-09-09 21:28:48,SEA,in,0.482,Q2 1:03,-7.0,12048,George Holani,RB,6.6,1.4,3.13,4.53,4.58,4.82
2026-09-09 21:28:48,SEA,in,0.482,Q2 1:03,-7.0,4039,Cooper Kupp,WR,7.4,0.0,3.79,3.79,3.37,3.83
2026-09-09 21:28:48,NE,in,0.482,Q2 1:03,7.0,4177,Mack Hollins,WR,3.3,1.9,1.48,3.38,3.65,3.61
2026-09-09 21:28:48,SEA,in,0.482,Q2 1:03,-7.0,12521,Elijah Arroyo,TE,3.9,0.0,2.0,2.0,1.77,2.02
2026-09-09 21:28:48,NE,in,0.482,Q2 1:03,7.0,9501,Demario Douglas,WR,5.6,3.0,2.49,5.49,5.94,5.9
2026-09-09 21:28:48,SEA,in,0.482,Q2 1:03,-7.0,2747,Jason Myers,K,8.5,0.0,3.87,3.87,3.87,4.4
2026-09-09 21:28:48,NE,in,0.482,Q2 1:03,7.0,12713,Andy Borregales,K,7.1,1.0,3.36,4.36,4.36,4.67
2026-09-09 21:28:48,SEA,in,0.482,Q2 1:03,-7.0,SEA,Seattle Seahawks D/ST,DST,7.2,4.0,3.79,7.79,7.79,7.73
2026-09-09 21:28:48,NE,in,0.482,Q2 1:03,7.0,NE,New England Patriots D/ST,DST,5.8,12.0,4.19,16.19,16.19,15.0
2026-09-09 21:28:48,NE,in,0.482,Q2 1:03,7.0,13421,Eli Raridon,TE,1.8,7.2,1.32,8.52,8.95,8.13
2026-09-09 21:29:49,SEA,in,0.486,Q2 0:50,-7.0,9488,Jaxon Smith-Njigba,WR,19.4,8.7,10.55,19.25,18.58,18.67
2026-09-09 21:29:49,NE,in,0.486,Q2 0:50,7.0,5859,A.J. Brown,WR,16.3,5.6,6.89,12.49,13.68,13.98
2026-09-09 21:29:49,NE,in,0.486,Q2 0:50,7.0,11564,Drake Maye,QB,19.4,10.24,8.66,18.9,20.31,20.21
2026-09-09 21:29:49,NE,in,0.486,Q2 0:50,7.0,7611,Rhamondre Stevenson,RB,17.5,3.3,7.53,10.83,11.62,12.29
2026-09-09 21:29:49,SEA,in,0.486,Q2 0:50,-7.0,13286,Jadarian Price,RB,12.0,4.2,5.92,10.12,10.16,10.37
2026-09-09 21:29:49,NE,in,0.486,Q2 0:50,7.0,8121,Romeo Doubs,WR,9.7,0.0,3.82,3.82,4.38,4.98
2026-09-09 21:29:49,SEA,in,0.486,Q2 0:50,-7.0,4943,Sam Darnold,QB,16.4,0.52,8.42,8.94,7.99,8.95
2026-09-09 21:29:49,SEA,in,0.486,Q2 0:50,-7.0,8676,Rashid Shaheed,WR,8.5,0.0,4.31,4.31,3.84,4.37
2026-09-09 21:29:49,NE,in,0.486,Q2 0:50,7.0,3214,Hunter Henry,TE,9.7,1.3,3.93,5.23,5.85,6.28
2026-09-09 21:29:49,SEA,in,0.486,Q2 0:50,-7.0,11435,Emanuel Wilson,RB,1.8,0.3,0.83,1.13,1.15,1.22
2026-09-09 21:29:49,SEA,in,0.486,Q2 0:50,-7.0,11603,A.J. Barner,TE,7.9,0.0,4.0,4.0,3.57,4.06
2026-09-09 21:29:49,SEA,in,0.486,Q2 0:50,-7.0,12048,George Holani,RB,6.6,1.4,3.1,4.5,4.56,4.79
2026-09-09 21:29:49,SEA,in,0.486,Q2 0:50,-7.0,4039,Cooper Kupp,WR,7.4,0.0,3.75,3.75,3.34,3.8
2026-09-09 21:29:49,NE,in,0.486,Q2 0:50,7.0,4177,Mack Hollins,WR,3.3,1.9,1.46,3.36,3.63,3.6
2026-09-09 21:29:49,SEA,in,0.486,Q2 0:50,-7.0,12521,Elijah Arroyo,TE,3.9,0.0,1.98,1.98,1.76,2.0
2026-09-09 21:29:49,NE,in,0.486,Q2 0:50,7.0,9501,Demario Douglas,WR,5.6,3.0,2.46,5.46,5.91,5.88
2026-09-09 21:29:49,SEA,in,0.486,Q2 0:50,-7.0,2747,Jason Myers,K,8.5,0.0,3.84,3.84,3.84,4.37
2026-09-09 21:29:49,NE,in,0.486,Q2 0:50,7.0,12713,Andy Borregales,K,7.1,1.0,3.33,4.33,4.33,4.65
2026-09-09 21:29:49,SEA,in,0.486,Q2 0:50,-7.0,SEA,Seattle Seahawks D/ST,DST,7.2,4.0,3.76,7.76,7.76,7.7
2026-09-09 21:29:49,NE,in,0.486,Q2 0:50,7.0,NE,New England Patriots D/ST,DST,5.8,12.0,4.16,16.16,16.16,14.98
2026-09-09 21:29:49,NE,in,0.486,Q2 0:50,7.0,13421,Eli Raridon,TE,1.8,7.2,1.31,8.51,8.94,8.12
2026-09-09 21:30:49,SEA,in,0.486,Q2 0:50,-7.0,9488,Jaxon Smith-Njigba,WR,19.4,8.7,10.55,19.25,18.58,18.67
2026-09-09 21:30:49,NE,in,0.486,Q2 0:50,7.0,5859,A.J. Brown,WR,16.3,5.6,6.89,12.49,13.68,13.98
2026-09-09 21:30:49,NE,in,0.486,Q2 0:50,7.0,11564,Drake Maye,QB,19.4,10.24,8.66,18.9,20.31,20.21
2026-09-09 21:30:49,NE,in,0.486,Q2 0:50,7.0,7611,Rhamondre Stevenson,RB,17.5,3.3,7.53,10.83,11.62,12.29
2026-09-09 21:30:49,SEA,in,0.486,Q2 0:50,-7.0,13286,Jadarian Price,RB,12.0,4.2,5.92,10.12,10.16,10.37
2026-09-09 21:30:49,NE,in,0.486,Q2 0:50,7.0,8121,Romeo Doubs,WR,9.7,0.0,3.82,3.82,4.38,4.98
2026-09-09 21:30:49,SEA,in,0.486,Q2 0:50,-7.0,4943,Sam Darnold,QB,16.4,0.52,8.42,8.94,7.99,8.95
2026-09-09 21:30:49,SEA,in,0.486,Q2 0:50,-7.0,8676,Rashid Shaheed,WR,8.5,0.0,4.31,4.31,3.84,4.37
2026-09-09 21:30:49,NE,in,0.486,Q2 0:50,7.0,3214,Hunter Henry,TE,9.7,1.3,3.93,5.23,5.85,6.28
2026-09-09 21:30:49,SEA,in,0.486,Q2 0:50,-7.0,11435,Emanuel Wilson,RB,1.8,0.3,0.83,1.13,1.15,1.22
2026-09-09 21:30:49,SEA,in,0.486,Q2 0:50,-7.0,11603,A.J. Barner,TE,7.9,0.0,4.0,4.0,3.57,4.06
2026-09-09 21:30:49,SEA,in,0.486,Q2 0:50,-7.0,12048,George Holani,RB,6.6,1.4,3.1,4.5,4.56,4.79
2026-09-09 21:30:49,SEA,in,0.486,Q2 0:50,-7.0,4039,Cooper Kupp,WR,7.4,0.0,3.75,3.75,3.34,3.8
2026-09-09 21:30:49,NE,in,0.486,Q2 0:50,7.0,4177,Mack Hollins,WR,3.3,1.9,1.46,3.36,3.63,3.6
2026-09-09 21:30:49,SEA,in,0.486,Q2 0:50,-7.0,12521,Elijah Arroyo,TE,3.9,0.0,1.98,1.98,1.76,2.0
2026-09-09 21:30:49,NE,in,0.486,Q2 0:50,7.0,9501,Demario Douglas,WR,5.6,3.0,2.46,5.46,5.91,5.88
2026-09-09 21:30:49,SEA,in,0.486,Q2 0:50,-7.0,2747,Jason Myers,K,8.5,0.0,3.84,3.84,3.84,4.37
2026-09-09 21:30:49,NE,in,0.486,Q2 0:50,7.0,12713,Andy Borregales,K,7.1,1.0,3.33,4.33,4.33,4.65
2026-09-09 21:30:49,SEA,in,0.486,Q2 0:50,-7.0,SEA,Seattle Seahawks D/ST,DST,7.2,4.0,3.76,7.76,7.76,7.7
2026-09-09 21:30:49,NE,in,0.486,Q2 0:50,7.0,NE,New England Patriots D/ST,DST,5.8,12.0,4.16,16.16,16.16,14.98
2026-09-09 21:30:49,NE,in,0.486,Q2 0:50,7.0,13421,Eli Raridon,TE,1.8,7.2,1.31,8.51,8.94,8.12
2026-09-09 21:31:50,SEA,in,0.486,Q2 0:50,-7.0,9488,Jaxon Smith-Njigba,WR,19.4,8.7,10.55,19.25,18.58,18.67
2026-09-09 21:31:50,NE,in,0.486,Q2 0:50,7.0,5859,A.J. Brown,WR,16.3,5.6,6.89,12.49,13.68,13.98
2026-09-09 21:31:50,NE,in,0.486,Q2 0:50,7.0,11564,Drake Maye,QB,19.4,10.24,8.66,18.9,20.31,20.21
2026-09-09 21:31:50,NE,in,0.486,Q2 0:50,7.0,7611,Rhamondre Stevenson,RB,17.5,3.3,7.53,10.83,11.62,12.29
2026-09-09 21:31:50,SEA,in,0.486,Q2 0:50,-7.0,13286,Jadarian Price,RB,12.0,4.2,5.92,10.12,10.16,10.37
2026-09-09 21:31:50,NE,in,0.486,Q2 0:50,7.0,8121,Romeo Doubs,WR,9.7,0.0,3.82,3.82,4.38,4.98
2026-09-09 21:31:50,SEA,in,0.486,Q2 0:50,-7.0,4943,Sam Darnold,QB,16.4,0.52,8.42,8.94,7.99,8.95
2026-09-09 21:31:50,SEA,in,0.486,Q2 0:50,-7.0,8676,Rashid Shaheed,WR,8.5,0.0,4.31,4.31,3.84,4.37
2026-09-09 21:31:50,NE,in,0.486,Q2 0:50,7.0,3214,Hunter Henry,TE,9.7,1.3,3.93,5.23,5.85,6.28
2026-09-09 21:31:50,SEA,in,0.486,Q2 0:50,-7.0,11435,Emanuel Wilson,RB,1.8,0.3,0.83,1.13,1.15,1.22
2026-09-09 21:31:50,SEA,in,0.486,Q2 0:50,-7.0,11603,A.J. Barner,TE,7.9,0.0,4.0,4.0,3.57,4.06
2026-09-09 21:31:50,SEA,in,0.486,Q2 0:50,-7.0,12048,George Holani,RB,6.6,1.4,3.1,4.5,4.56,4.79
2026-09-09 21:31:50,SEA,in,0.486,Q2 0:50,-7.0,4039,Cooper Kupp,WR,7.4,0.0,3.75,3.75,3.34,3.8
2026-09-09 21:31:50,NE,in,0.486,Q2 0:50,7.0,4177,Mack Hollins,WR,3.3,1.9,1.46,3.36,3.63,3.6
2026-09-09 21:31:50,SEA,in,0.486,Q2 0:50,-7.0,12521,Elijah Arroyo,TE,3.9,0.0,1.98,1.98,1.76,2.0
2026-09-09 21:31:50,NE,in,0.486,Q2 0:50,7.0,9501,Demario Douglas,WR,5.6,3.0,2.46,5.46,5.91,5.88
2026-09-09 21:31:50,SEA,in,0.486,Q2 0:50,-7.0,2747,Jason Myers,K,8.5,0.0,3.84,3.84,3.84,4.37
2026-09-09 21:31:50,NE,in,0.486,Q2 0:50,7.0,12713,Andy Borregales,K,7.1,1.0,3.33,4.33,4.33,4.65
2026-09-09 21:31:50,SEA,in,0.486,Q2 0:50,-7.0,SEA,Seattle Seahawks D/ST,DST,7.2,4.0,3.76,7.76,7.76,7.7
2026-09-09 21:31:50,NE,in,0.486,Q2 0:50,7.0,NE,New England Patriots D/ST,DST,5.8,12.0,4.16,16.16,16.16,14.98
2026-09-09 21:31:50,NE,in,0.486,Q2 0:50,7.0,13421,Eli Raridon,TE,1.8,7.2,1.31,8.51,8.94,8.12
2026-09-09 21:32:50,SEA,in,0.486,Q2 0:50,-7.0,9488,Jaxon Smith-Njigba,WR,19.4,8.7,10.55,19.25,18.58,18.67
2026-09-09 21:32:50,NE,in,0.486,Q2 0:50,7.0,5859,A.J. Brown,WR,16.3,5.6,6.89,12.49,13.68,13.98
2026-09-09 21:32:50,NE,in,0.486,Q2 0:50,7.0,11564,Drake Maye,QB,19.4,10.24,8.66,18.9,20.31,20.21
2026-09-09 21:32:50,NE,in,0.486,Q2 0:50,7.0,7611,Rhamondre Stevenson,RB,17.5,3.3,7.53,10.83,11.62,12.29
2026-09-09 21:32:50,SEA,in,0.486,Q2 0:50,-7.0,13286,Jadarian Price,RB,12.0,4.2,5.92,10.12,10.16,10.37
2026-09-09 21:32:50,NE,in,0.486,Q2 0:50,7.0,8121,Romeo Doubs,WR,9.7,0.0,3.82,3.82,4.38,4.98
2026-09-09 21:32:50,SEA,in,0.486,Q2 0:50,-7.0,4943,Sam Darnold,QB,16.4,0.52,8.42,8.94,7.99,8.95
2026-09-09 21:32:50,SEA,in,0.486,Q2 0:50,-7.0,8676,Rashid Shaheed,WR,8.5,0.0,4.31,4.31,3.84,4.37
2026-09-09 21:32:50,NE,in,0.486,Q2 0:50,7.0,3214,Hunter Henry,TE,9.7,1.3,3.93,5.23,5.85,6.28
2026-09-09 21:32:50,SEA,in,0.486,Q2 0:50,-7.0,11435,Emanuel Wilson,RB,1.8,0.3,0.83,1.13,1.15,1.22
2026-09-09 21:32:50,SEA,in,0.486,Q2 0:50,-7.0,11603,A.J. Barner,TE,7.9,0.0,4.0,4.0,3.57,4.06
2026-09-09 21:32:50,SEA,in,0.486,Q2 0:50,-7.0,12048,George Holani,RB,6.6,1.4,3.1,4.5,4.56,4.79
2026-09-09 21:32:50,SEA,in,0.486,Q2 0:50,-7.0,4039,Cooper Kupp,WR,7.4,0.0,3.75,3.75,3.34,3.8
2026-09-09 21:32:50,NE,in,0.486,Q2 0:50,7.0,4177,Mack Hollins,WR,3.3,1.9,1.46,3.36,3.63,3.6
2026-09-09 21:32:50,SEA,in,0.486,Q2 0:50,-7.0,12521,Elijah Arroyo,TE,3.9,0.0,1.98,1.98,1.76,2.0
2026-09-09 21:32:50,NE,in,0.486,Q2 0:50,7.0,9501,Demario Douglas,WR,5.6,3.0,2.46,5.46,5.91,5.88
2026-09-09 21:32:50,SEA,in,0.486,Q2 0:50,-7.0,2747,Jason Myers,K,8.5,0.0,3.84,3.84,3.84,4.37
2026-09-09 21:32:50,NE,in,0.486,Q2 0:50,7.0,12713,Andy Borregales,K,7.1,1.0,3.33,4.33,4.33,4.65
2026-09-09 21:32:50,SEA,in,0.486,Q2 0:50,-7.0,SEA,Seattle Seahawks D/ST,DST,7.2,4.0,3.76,7.76,7.76,7.7
2026-09-09 21:32:50,NE,in,0.486,Q2 0:50,7.0,NE,New England Patriots D/ST,DST,5.8,12.0,4.16,16.16,16.16,14.98
2026-09-09 21:32:50,NE,in,0.486,Q2 0:50,7.0,13421,Eli Raridon,TE,1.8,7.2,1.31,8.51,8.94,8.12
2026-09-09 21:33:51,SEA,in,0.489,Q2 0:39,-7.0,9488,Jaxon Smith-Njigba,WR,19.4,8.7,10.46,19.16,18.51,18.61
2026-09-09 21:33:51,NE,in,0.489,Q2 0:39,7.0,5859,A.J. Brown,WR,16.3,5.6,6.82,12.42,13.62,13.93
2026-09-09 21:33:51,NE,in,0.489,Q2 0:39,7.0,11564,Drake Maye,QB,19.4,10.24,8.57,18.81,20.25,20.15
2026-09-09 21:33:51,NE,in,0.489,Q2 0:39,7.0,7611,Rhamondre Stevenson,RB,17.5,3.3,7.47,10.77,11.57,12.24
2026-09-09 21:33:51,SEA,in,0.489,Q2 0:39,-7.0,13286,Jadarian Price,RB,12.0,4.2,5.87,10.07,10.12,10.33
2026-09-09 21:33:51,NE,in,0.489,Q2 0:39,7.0,8121,Romeo Doubs,WR,9.7,0.0,3.78,3.78,4.35,4.96
2026-09-09 21:33:51,SEA,in,0.489,Q2 0:39,-7.0,4943,Sam Darnold,QB,16.4,0.52,8.34,8.86,7.94,8.9
2026-09-09 21:33:51,SEA,in,0.489,Q2 0:39,-7.0,8676,Rashid Shaheed,WR,8.5,0.0,4.27,4.27,3.81,4.34
2026-09-09 21:33:51,NE,in,0.489,Q2 0:39,7.0,3214,Hunter Henry,TE,9.7,1.3,3.89,5.19,5.82,6.26
2026-09-09 21:33:51,SEA,in,0.489,Q2 0:39,-7.0,11435,Emanuel Wilson,RB,1.8,0.3,0.82,1.12,1.15,1.22
2026-09-09 21:33:51,SEA,in,0.489,Q2 0:39,-7.0,11603,A.J. Barner,TE,7.9,0.0,3.96,3.96,3.54,4.04
2026-09-09 21:33:51,SEA,in,0.489,Q2 0:39,-7.0,12048,George Holani,RB,6.6,1.8,3.14,4.94,4.99,5.17
2026-09-09 21:33:51,SEA,in,0.489,Q2 0:39,-7.0,4039,Cooper Kupp,WR,7.4,0.0,3.71,3.71,3.32,3.78
2026-09-09 21:33:51,NE,in,0.489,Q2 0:39,7.0,4177,Mack Hollins,WR,3.3,1.9,1.45,3.35,3.62,3.59
2026-09-09 21:33:51,SEA,in,0.489,Q2 0:39,-7.0,12521,Elijah Arroyo,TE,3.9,0.0,1.96,1.96,1.75,1.99
2026-09-09 21:33:51,NE,in,0.489,Q2 0:39,7.0,9501,Demario Douglas,WR,5.6,3.0,2.43,5.43,5.89,5.86
2026-09-09 21:33:51,SEA,in,0.489,Q2 0:39,-7.0,2747,Jason Myers,K,8.5,0.0,3.81,3.81,3.81,4.34
2026-09-09 21:33:51,NE,in,0.489,Q2 0:39,7.0,12713,Andy Borregales,K,7.1,1.0,3.31,4.31,4.31,4.63
2026-09-09 21:33:51,SEA,in,0.489,Q2 0:39,-7.0,SEA,Seattle Seahawks D/ST,DST,7.2,4.0,3.74,7.74,7.74,7.68
2026-09-09 21:33:51,NE,in,0.489,Q2 0:39,7.0,NE,New England Patriots D/ST,DST,5.8,12.0,4.13,16.13,16.13,14.96
2026-09-09 21:33:51,NE,in,0.489,Q2 0:39,7.0,13421,Eli Raridon,TE,1.8,7.2,1.3,8.5,8.93,8.12
2026-09-09 21:34:52,SEA,in,0.489,Q2 0:38,-7.0,9488,Jaxon Smith-Njigba,WR,19.4,8.7,10.45,19.15,18.5,18.6
2026-09-09 21:34:52,NE,in,0.489,Q2 0:38,7.0,5859,A.J. Brown,WR,16.3,5.6,6.82,12.42,13.62,13.92
2026-09-09 21:34:52,NE,in,0.489,Q2 0:38,7.0,11564,Drake Maye,QB,19.4,10.24,8.56,18.8,20.24,20.14
2026-09-09 21:34:52,NE,in,0.489,Q2 0:38,7.0,7611,Rhamondre Stevenson,RB,17.5,3.3,7.46,10.76,11.56,12.23
2026-09-09 21:34:52,SEA,in,0.489,Q2 0:38,-7.0,13286,Jadarian Price,RB,12.0,4.2,5.86,10.06,10.11,10.33
2026-09-09 21:34:52,NE,in,0.489,Q2 0:38,7.0,8121,Romeo Doubs,WR,9.7,0.0,3.78,3.78,4.35,4.95
2026-09-09 21:34:52,SEA,in,0.489,Q2 0:38,-7.0,4943,Sam Darnold,QB,16.4,0.52,8.33,8.85,7.93,8.89
2026-09-09 21:34:52,SEA,in,0.489,Q2 0:38,-7.0,8676,Rashid Shaheed,WR,8.5,0.0,4.26,4.26,3.81,4.34
2026-09-09 21:34:52,NE,in,0.489,Q2 0:38,7.0,3214,Hunter Henry,TE,9.7,1.3,3.89,5.19,5.81,6.25
2026-09-09 21:34:52,SEA,in,0.489,Q2 0:38,-7.0,11435,Emanuel Wilson,RB,1.8,0.3,0.82,1.12,1.14,1.22
2026-09-09 21:34:52,SEA,in,0.489,Q2 0:38,-7.0,11603,A.J. Barner,TE,7.9,0.0,3.96,3.96,3.54,4.03
2026-09-09 21:34:52,SEA,in,0.489,Q2 0:38,-7.0,12048,George Holani,RB,6.6,1.9,3.15,5.05,5.1,5.27
2026-09-09 21:34:52,SEA,in,0.489,Q2 0:38,-7.0,4039,Cooper Kupp,WR,7.4,0.0,3.71,3.71,3.32,3.78
2026-09-09 21:34:52,NE,in,0.489,Q2 0:38,7.0,4177,Mack Hollins,WR,3.3,1.9,1.44,3.34,3.62,3.58
2026-09-09 21:34:52,SEA,in,0.489,Q2 0:38,-7.0,12521,Elijah Arroyo,TE,3.9,0.0,1.96,1.96,1.75,1.99
2026-09-09 21:34:52,NE,in,0.489,Q2 0:38,7.0,9501,Demario Douglas,WR,5.6,3.0,2.43,5.43,5.89,5.86
2026-09-09 21:34:52,SEA,in,0.489,Q2 0:38,-7.0,2747,Jason Myers,K,8.5,0.0,3.81,3.81,3.81,4.34
2026-09-09 21:34:52,NE,in,0.489,Q2 0:38,7.0,12713,Andy Borregales,K,7.1,1.0,3.31,4.31,4.31,4.62
2026-09-09 21:34:52,SEA,in,0.489,Q2 0:38,-7.0,SEA,Seattle Seahawks D/ST,DST,7.2,4.0,3.74,7.74,7.74,7.68
2026-09-09 21:34:52,NE,in,0.489,Q2 0:38,7.0,NE,New England Patriots D/ST,DST,5.8,12.0,4.13,16.13,16.13,14.96
2026-09-09 21:34:52,NE,in,0.489,Q2 0:38,7.0,13421,Eli Raridon,TE,1.8,7.2,1.3,8.5,8.93,8.12
2026-09-09 21:35:52,SEA,in,0.491,Q2 0:33,-7.0,9488,Jaxon Smith-Njigba,WR,19.4,10.3,10.54,20.84,20.28,20.18
2026-09-09 21:35:52,NE,in,0.491,Q2 0:33,7.0,5859,A.J. Brown,WR,16.3,5.6,6.79,12.39,13.59,13.9
2026-09-09 21:35:52,NE,in,0.491,Q2 0:33,7.0,11564,Drake Maye,QB,19.4,10.24,8.52,18.76,20.21,20.12
2026-09-09 21:35:52,NE,in,0.491,Q2 0:33,7.0,7611,Rhamondre Stevenson,RB,17.5,3.3,7.43,10.73,11.54,12.21
2026-09-09 21:35:52,SEA,in,0.491,Q2 0:33,-7.0,13286,Jadarian Price,RB,12.0,4.2,5.84,10.04,10.09,10.31
2026-09-09 21:35:52,NE,in,0.491,Q2 0:33,7.0,8121,Romeo Doubs,WR,9.7,0.0,3.76,3.76,4.33,4.94
2026-09-09 21:35:52,SEA,in,0.491,Q2 0:33,-7.0,4943,Sam Darnold,QB,16.4,0.52,8.3,8.82,7.91,8.87
2026-09-09 21:35:52,SEA,in,0.491,Q2 0:33,-7.0,8676,Rashid Shaheed,WR,8.5,0.0,4.24,4.24,3.8,4.33
2026-09-09 21:35:52,NE,in,0.491,Q2 0:33,7.0,3214,Hunter Henry,TE,9.7,1.3,3.87,5.17,5.8,6.24
2026-09-09 21:35:52,SEA,in,0.491,Q2 0:33,-7.0,11435,Emanuel Wilson,RB,1.8,0.3,0.82,1.12,1.14,1.22
2026-09-09 21:35:52,SEA,in,0.491,Q2 0:33,-7.0,11603,A.J. Barner,TE,7.9,0.0,3.94,3.94,3.53,4.02
2026-09-09 21:35:52,SEA,in,0.491,Q2 0:33,-7.0,12048,George Holani,RB,6.6,1.9,3.14,5.04,5.09,5.26
2026-09-09 21:35:52,SEA,in,0.491,Q2 0:33,-7.0,4039,Cooper Kupp,WR,7.4,0.0,3.69,3.69,3.31,3.77
2026-09-09 21:35:52,NE,in,0.491,Q2 0:33,7.0,4177,Mack Hollins,WR,3.3,1.9,1.44,3.34,3.62,3.58
2026-09-09 21:35:52,SEA,in,0.491,Q2 0:33,-7.0,12521,Elijah Arroyo,TE,3.9,0.0,1.95,1.95,1.74,1.99
2026-09-09 21:35:52,NE,in,0.491,Q2 0:33,7.0,9501,Demario Douglas,WR,5.6,3.0,2.42,5.42,5.88,5.85
2026-09-09 21:35:52,SEA,in,0.491,Q2 0:33,-7.0,2747,Jason Myers,K,8.5,0.0,3.8,3.8,3.8,4.33
2026-09-09 21:35:52,NE,in,0.491,Q2 0:33,7.0,12713,Andy Borregales,K,7.1,1.0,3.3,4.3,4.3,4.62
2026-09-09 21:35:52,SEA,in,0.491,Q2 0:33,-7.0,SEA,Seattle Seahawks D/ST,DST,7.2,4.0,3.73,7.73,7.73,7.67
2026-09-09 21:35:52,NE,in,0.491,Q2 0:33,7.0,NE,New England Patriots D/ST,DST,5.8,12.0,4.12,16.12,16.12,14.95
2026-09-09 21:35:52,NE,in,0.491,Q2 0:33,7.0,13421,Eli Raridon,TE,1.8,7.2,1.29,8.49,8.92,8.12
2026-09-09 21:36:53,SEA,in,0.493,Q2 0:24,-7.0,9488,Jaxon Smith-Njigba,WR,19.4,10.3,10.46,20.76,20.22,20.13
2026-09-09 21:36:53,NE,in,0.493,Q2 0:24,7.0,5859,A.J. Brown,WR,16.3,5.6,6.73,12.33,13.55,13.86
2026-09-09 21:36:53,NE,in,0.493,Q2 0:24,7.0,11564,Drake Maye,QB,19.4,10.24,8.44,18.68,20.15,20.07
2026-09-09 21:36:53,NE,in,0.493,Q2 0:24,7.0,7611,Rhamondre Stevenson,RB,17.5,3.3,7.38,10.68,11.49,12.17
2026-09-09 21:36:53,SEA,in,0.493,Q2 0:24,-7.0,13286,Jadarian Price,RB,12.0,4.2,5.8,10.0,10.06,10.28
2026-09-09 21:36:53,NE,in,0.493,Q2 0:24,7.0,8121,Romeo Doubs,WR,9.7,0.0,3.73,3.73,4.31,4.91
2026-09-09 21:36:53,SEA,in,0.493,Q2 0:24,-7.0,4943,Sam Darnold,QB,16.4,0.52,8.23,8.75,7.87,8.83
2026-09-09 21:36:53,SEA,in,0.493,Q2 0:24,-7.0,8676,Rashid Shaheed,WR,8.5,0.0,4.21,4.21,3.78,4.31
2026-09-09 21:36:53,NE,in,0.493,Q2 0:24,7.0,3214,Hunter Henry,TE,9.7,1.3,3.84,5.14,5.77,6.21
2026-09-09 21:36:53,SEA,in,0.493,Q2 0:24,-7.0,11435,Emanuel Wilson,RB,1.8,0.3,0.81,1.11,1.14,1.21
2026-09-09 21:36:53,SEA,in,0.493,Q2 0:24,-7.0,11603,A.J. Barner,TE,7.9,1.4,4.03,5.43,5.09,5.4
2026-09-09 21:36:53,SEA,in,0.493,Q2 0:24,-7.0,12048,George Holani,RB,6.6,1.9,3.12,5.02,5.07,5.24
2026-09-09 21:36:53,SEA,in,0.493,Q2 0:24,-7.0,4039,Cooper Kupp,WR,7.4,0.0,3.67,3.67,3.29,3.75
2026-09-09 21:36:53,NE,in,0.493,Q2 0:24,7.0,4177,Mack Hollins,WR,3.3,1.9,1.43,3.33,3.61,3.57
2026-09-09 21:36:53,SEA,in,0.493,Q2 0:24,-7.0,12521,Elijah Arroyo,TE,3.9,0.0,1.93,1.93,1.73,1.98
2026-09-09 21:36:53,NE,in,0.493,Q2 0:24,7.0,9501,Demario Douglas,WR,5.6,3.0,2.4,5.4,5.87,5.84
2026-09-09 21:36:53,SEA,in,0.493,Q2 0:24,-7.0,2747,Jason Myers,K,8.5,0.0,3.78,3.78,3.78,4.31
2026-09-09 21:36:53,NE,in,0.493,Q2 0:24,7.0,12713,Andy Borregales,K,7.1,1.0,3.28,4.28,4.28,4.6
2026-09-09 21:36:53,SEA,in,0.493,Q2 0:24,-7.0,SEA,Seattle Seahawks D/ST,DST,7.2,4.0,3.7,7.7,7.7,7.65
2026-09-09 21:36:53,NE,in,0.493,Q2 0:24,7.0,NE,New England Patriots D/ST,DST,5.8,12.0,4.1,16.1,16.1,14.94
2026-09-09 21:36:53,NE,in,0.493,Q2 0:24,7.0,13421,Eli Raridon,TE,1.8,7.2,1.28,8.48,8.91,8.11
2026-09-09 21:37:54,SEA,in,0.493,Q2 0:24,-7.0,9488,Jaxon Smith-Njigba,WR,19.4,10.3,10.46,20.76,20.22,20.13
2026-09-09 21:37:54,NE,in,0.493,Q2 0:24,7.0,5859,A.J. Brown,WR,16.3,5.6,6.73,12.33,13.55,13.86
2026-09-09 21:37:54,NE,in,0.493,Q2 0:24,7.0,11564,Drake Maye,QB,19.4,10.24,8.44,18.68,20.15,20.07
2026-09-09 21:37:54,NE,in,0.493,Q2 0:24,7.0,7611,Rhamondre Stevenson,RB,17.5,3.3,7.38,10.68,11.49,12.17
2026-09-09 21:37:54,SEA,in,0.493,Q2 0:24,-7.0,13286,Jadarian Price,RB,12.0,4.2,5.8,10.0,10.06,10.28
2026-09-09 21:37:54,NE,in,0.493,Q2 0:24,7.0,8121,Romeo Doubs,WR,9.7,0.0,3.73,3.73,4.31,4.91
2026-09-09 21:37:54,SEA,in,0.493,Q2 0:24,-7.0,4943,Sam Darnold,QB,16.4,0.52,8.23,8.75,7.87,8.83
2026-09-09 21:37:54,SEA,in,0.493,Q2 0:24,-7.0,8676,Rashid Shaheed,WR,8.5,0.0,4.21,4.21,3.78,4.31
2026-09-09 21:37:54,NE,in,0.493,Q2 0:24,7.0,3214,Hunter Henry,TE,9.7,1.3,3.84,5.14,5.77,6.21
2026-09-09 21:37:54,SEA,in,0.493,Q2 0:24,-7.0,11435,Emanuel Wilson,RB,1.8,0.3,0.81,1.11,1.14,1.21
2026-09-09 21:37:54,SEA,in,0.493,Q2 0:24,-7.0,11603,A.J. Barner,TE,7.9,1.4,4.03,5.43,5.09,5.4
2026-09-09 21:37:54,SEA,in,0.493,Q2 0:24,-7.0,12048,George Holani,RB,6.6,1.9,3.12,5.02,5.07,5.24
2026-09-09 21:37:54,SEA,in,0.493,Q2 0:24,-7.0,4039,Cooper Kupp,WR,7.4,0.0,3.67,3.67,3.29,3.75
2026-09-09 21:37:54,NE,in,0.493,Q2 0:24,7.0,4177,Mack Hollins,WR,3.3,1.9,1.43,3.33,3.61,3.57
2026-09-09 21:37:54,SEA,in,0.493,Q2 0:24,-7.0,12521,Elijah Arroyo,TE,3.9,0.0,1.93,1.93,1.73,1.98
2026-09-09 21:37:54,NE,in,0.493,Q2 0:24,7.0,9501,Demario Douglas,WR,5.6,3.0,2.4,5.4,5.87,5.84
2026-09-09 21:37:54,SEA,in,0.493,Q2 0:24,-7.0,2747,Jason Myers,K,8.5,0.0,3.78,3.78,3.78,4.31
2026-09-09 21:37:54,NE,in,0.493,Q2 0:24,7.0,12713,Andy Borregales,K,7.1,1.0,3.28,4.28,4.28,4.6
2026-09-09 21:37:54,SEA,in,0.493,Q2 0:24,-7.0,SEA,Seattle Seahawks D/ST,DST,7.2,4.0,3.7,7.7,7.7,7.65
2026-09-09 21:37:54,NE,in,0.493,Q2 0:24,7.0,NE,New England Patriots D/ST,DST,5.8,12.0,4.1,16.1,16.1,14.94
2026-09-09 21:37:54,NE,in,0.493,Q2 0:24,7.0,13421,Eli Raridon,TE,1.8,7.2,1.28,8.48,8.91,8.11
2026-09-09 21:38:54,SEA,in,0.5,HALF,-7.0,9488,Jaxon Smith-Njigba,WR,19.4,10.3,10.25,20.55,20.07,20.0
2026-09-09 21:38:54,NE,in,0.5,HALF,7.0,5859,A.J. Brown,WR,16.3,5.6,6.58,12.18,13.43,13.75
2026-09-09 21:38:54,NE,in,0.5,HALF,7.0,11564,Drake Maye,QB,19.4,10.24,8.25,18.49,20.01,19.94
2026-09-09 21:38:54,NE,in,0.5,HALF,7.0,7611,Rhamondre Stevenson,RB,17.5,3.3,7.24,10.54,11.37,12.05
2026-09-09 21:38:54,SEA,in,0.5,HALF,-7.0,13286,Jadarian Price,RB,12.0,4.2,5.69,9.89,9.98,10.2
2026-09-09 21:38:54,NE,in,0.5,HALF,7.0,8121,Romeo Doubs,WR,9.7,0.0,3.65,3.65,4.24,4.85
2026-09-09 21:38:54,SEA,in,0.5,HALF,-7.0,4943,Sam Darnold,QB,16.4,0.52,8.06,8.58,7.76,8.72
2026-09-09 21:38:54,SEA,in,0.5,HALF,-7.0,8676,Rashid Shaheed,WR,8.5,0.0,4.13,4.13,3.72,4.25
2026-09-09 21:38:54,NE,in,0.5,HALF,7.0,3214,Hunter Henry,TE,9.7,1.3,3.75,5.05,5.71,6.15
2026-09-09 21:38:54,SEA,in,0.5,HALF,-7.0,11435,Emanuel Wilson,RB,1.8,0.3,0.8,1.1,1.12,1.2
2026-09-09 21:38:54,SEA,in,0.5,HALF,-7.0,11603,A.J. Barner,TE,7.9,1.4,3.95,5.35,5.03,5.35
2026-09-09 21:38:54,SEA,in,0.5,HALF,-7.0,12048,George Holani,RB,6.6,2.3,3.13,5.43,5.47,5.6
2026-09-09 21:38:54,SEA,in,0.5,HALF,-7.0,4039,Cooper Kupp,WR,7.4,0.0,3.59,3.59,3.24,3.7
2026-09-09 21:38:54,NE,in,0.5,HALF,7.0,4177,Mack Hollins,WR,3.3,1.9,1.4,3.3,3.58,3.55
2026-09-09 21:38:54,SEA,in,0.5,HALF,-7.0,12521,Elijah Arroyo,TE,3.9,0.0,1.89,1.89,1.71,1.95
2026-09-09 21:38:54,NE,in,0.5,HALF,7.0,9501,Demario Douglas,WR,5.6,3.0,2.35,5.35,5.82,5.8
2026-09-09 21:38:54,SEA,in,0.5,HALF,-7.0,2747,Jason Myers,K,8.5,0.0,3.72,3.72,3.72,4.25
2026-09-09 21:38:54,NE,in,0.5,HALF,7.0,12713,Andy Borregales,K,7.1,1.0,3.23,4.23,4.23,4.55
2026-09-09 21:38:54,SEA,in,0.5,HALF,-7.0,SEA,Seattle Seahawks D/ST,DST,7.2,4.0,3.65,7.65,7.65,7.6
2026-09-09 21:38:54,NE,in,0.5,HALF,7.0,NE,New England Patriots D/ST,DST,5.8,12.0,4.04,16.04,16.04,14.9
2026-09-09 21:38:54,NE,in,0.5,HALF,7.0,13421,Eli Raridon,TE,1.8,7.2,1.26,8.46,8.89,8.1
2026-09-09 21:39:55,SEA,in,0.5,HALF,-7.0,9488,Jaxon Smith-Njigba,WR,19.4,10.3,10.25,20.55,20.07,20.0
2026-09-09 21:39:55,NE,in,0.5,HALF,7.0,5859,A.J. Brown,WR,16.3,5.6,6.58,12.18,13.43,13.75
2026-09-09 21:39:55,NE,in,0.5,HALF,7.0,11564,Drake Maye,QB,19.4,10.24,8.25,18.49,20.01,19.94
2026-09-09 21:39:55,NE,in,0.5,HALF,7.0,7611,Rhamondre Stevenson,RB,17.5,3.3,7.24,10.54,11.37,12.05
2026-09-09 21:39:55,SEA,in,0.5,HALF,-7.0,13286,Jadarian Price,RB,12.0,4.2,5.69,9.89,9.98,10.2
2026-09-09 21:39:55,NE,in,0.5,HALF,7.0,8121,Romeo Doubs,WR,9.7,0.0,3.65,3.65,4.24,4.85
2026-09-09 21:39:55,SEA,in,0.5,HALF,-7.0,4943,Sam Darnold,QB,16.4,0.52,8.06,8.58,7.76,8.72
2026-09-09 21:39:55,SEA,in,0.5,HALF,-7.0,8676,Rashid Shaheed,WR,8.5,0.0,4.13,4.13,3.72,4.25
2026-09-09 21:39:55,NE,in,0.5,HALF,7.0,3214,Hunter Henry,TE,9.7,1.3,3.75,5.05,5.71,6.15
2026-09-09 21:39:55,SEA,in,0.5,HALF,-7.0,11435,Emanuel Wilson,RB,1.8,0.3,0.8,1.1,1.12,1.2
2026-09-09 21:39:55,SEA,in,0.5,HALF,-7.0,11603,A.J. Barner,TE,7.9,1.4,3.95,5.35,5.03,5.35
2026-09-09 21:39:55,SEA,in,0.5,HALF,-7.0,12048,George Holani,RB,6.6,2.3,3.13,5.43,5.47,5.6
2026-09-09 21:39:55,SEA,in,0.5,HALF,-7.0,4039,Cooper Kupp,WR,7.4,0.0,3.59,3.59,3.24,3.7
2026-09-09 21:39:55,NE,in,0.5,HALF,7.0,4177,Mack Hollins,WR,3.3,1.9,1.4,3.3,3.58,3.55
2026-09-09 21:39:55,SEA,in,0.5,HALF,-7.0,12521,Elijah Arroyo,TE,3.9,0.0,1.89,1.89,1.71,1.95
2026-09-09 21:39:55,NE,in,0.5,HALF,7.0,9501,Demario Douglas,WR,5.6,3.0,2.35,5.35,5.82,5.8
2026-09-09 21:39:55,SEA,in,0.5,HALF,-7.0,2747,Jason Myers,K,8.5,0.0,3.72,3.72,3.72,4.25
2026-09-09 21:39:55,NE,in,0.5,HALF,7.0,12713,Andy Borregales,K,7.1,1.0,3.23,4.23,4.23,4.55
2026-09-09 21:39:55,SEA,in,0.5,HALF,-7.0,SEA,Seattle Seahawks D/ST,DST,7.2,4.0,3.65,7.65,7.65,7.6
2026-09-09 21:39:55,NE,in,0.5,HALF,7.0,NE,New England Patriots D/ST,DST,5.8,12.0,4.04,16.04,16.04,14.9
2026-09-09 21:39:55,NE,in,0.5,HALF,7.0,13421,Eli Raridon,TE,1.8,7.2,1.26,8.46,8.89,8.1
2026-09-09 21:40:55,SEA,in,0.5,HALF,-7.0,9488,Jaxon Smith-Njigba,WR,19.4,10.3,10.25,20.55,20.07,20.0
2026-09-09 21:40:55,NE,in,0.5,HALF,7.0,5859,A.J. Brown,WR,16.3,5.6,6.58,12.18,13.43,13.75
2026-09-09 21:40:55,NE,in,0.5,HALF,7.0,11564,Drake Maye,QB,19.4,10.24,8.25,18.49,20.01,19.94
2026-09-09 21:40:55,NE,in,0.5,HALF,7.0,7611,Rhamondre Stevenson,RB,17.5,3.3,7.24,10.54,11.37,12.05
2026-09-09 21:40:55,SEA,in,0.5,HALF,-7.0,13286,Jadarian Price,RB,12.0,4.2,5.69,9.89,9.98,10.2
2026-09-09 21:40:55,NE,in,0.5,HALF,7.0,8121,Romeo Doubs,WR,9.7,0.0,3.65,3.65,4.24,4.85
2026-09-09 21:40:55,SEA,in,0.5,HALF,-7.0,4943,Sam Darnold,QB,16.4,0.52,8.06,8.58,7.76,8.72
2026-09-09 21:40:55,SEA,in,0.5,HALF,-7.0,8676,Rashid Shaheed,WR,8.5,0.0,4.13,4.13,3.72,4.25
2026-09-09 21:40:55,NE,in,0.5,HALF,7.0,3214,Hunter Henry,TE,9.7,1.3,3.75,5.05,5.71,6.15
2026-09-09 21:40:55,SEA,in,0.5,HALF,-7.0,11435,Emanuel Wilson,RB,1.8,0.3,0.8,1.1,1.12,1.2
2026-09-09 21:40:55,SEA,in,0.5,HALF,-7.0,11603,A.J. Barner,TE,7.9,1.4,3.95,5.35,5.03,5.35
2026-09-09 21:40:55,SEA,in,0.5,HALF,-7.0,12048,George Holani,RB,6.6,2.3,3.13,5.43,5.47,5.6
2026-09-09 21:40:55,SEA,in,0.5,HALF,-7.0,4039,Cooper Kupp,WR,7.4,0.0,3.59,3.59,3.24,3.7
2026-09-09 21:40:55,NE,in,0.5,HALF,7.0,4177,Mack Hollins,WR,3.3,1.9,1.4,3.3,3.58,3.55
2026-09-09 21:40:55,SEA,in,0.5,HALF,-7.0,12521,Elijah Arroyo,TE,3.9,0.0,1.89,1.89,1.71,1.95
2026-09-09 21:40:55,NE,in,0.5,HALF,7.0,9501,Demario Douglas,WR,5.6,3.0,2.35,5.35,5.82,5.8
2026-09-09 21:40:55,SEA,in,0.5,HALF,-7.0,2747,Jason Myers,K,8.5,0.0,3.72,3.72,3.72,4.25
2026-09-09 21:40:55,NE,in,0.5,HALF,7.0,12713,Andy Borregales,K,7.1,1.0,3.23,4.23,4.23,4.55
2026-09-09 21:40:55,SEA,in,0.5,HALF,-7.0,SEA,Seattle Seahawks D/ST,DST,7.2,4.0,3.65,7.65,7.65,7.6
2026-09-09 21:40:55,NE,in,0.5,HALF,7.0,NE,New England Patriots D/ST,DST,5.8,12.0,4.04,16.04,16.04,14.9
2026-09-09 21:40:55,NE,in,0.5,HALF,7.0,13421,Eli Raridon,TE,1.8,7.2,1.26,8.46,8.89,8.1
2026-09-09 21:41:56,SEA,in,0.5,HALF,-7.0,9488,Jaxon Smith-Njigba,WR,19.4,10.3,10.25,20.55,20.07,20.0
2026-09-09 21:41:56,NE,in,0.5,HALF,7.0,5859,A.J. Brown,WR,16.3,5.6,6.58,12.18,13.43,13.75
2026-09-09 21:41:56,NE,in,0.5,HALF,7.0,11564,Drake Maye,QB,19.4,10.24,8.25,18.49,20.01,19.94
2026-09-09 21:41:56,NE,in,0.5,HALF,7.0,7611,Rhamondre Stevenson,RB,17.5,3.3,7.24,10.54,11.37,12.05
2026-09-09 21:41:56,SEA,in,0.5,HALF,-7.0,13286,Jadarian Price,RB,12.0,4.2,5.69,9.89,9.98,10.2
2026-09-09 21:41:56,NE,in,0.5,HALF,7.0,8121,Romeo Doubs,WR,9.7,0.0,3.65,3.65,4.24,4.85
2026-09-09 21:41:56,SEA,in,0.5,HALF,-7.0,4943,Sam Darnold,QB,16.4,0.52,8.06,8.58,7.76,8.72
2026-09-09 21:41:56,SEA,in,0.5,HALF,-7.0,8676,Rashid Shaheed,WR,8.5,0.0,4.13,4.13,3.72,4.25
2026-09-09 21:41:56,NE,in,0.5,HALF,7.0,3214,Hunter Henry,TE,9.7,1.3,3.75,5.05,5.71,6.15
2026-09-09 21:41:56,SEA,in,0.5,HALF,-7.0,11435,Emanuel Wilson,RB,1.8,0.3,0.8,1.1,1.12,1.2
2026-09-09 21:41:56,SEA,in,0.5,HALF,-7.0,11603,A.J. Barner,TE,7.9,1.4,3.95,5.35,5.03,5.35
2026-09-09 21:41:56,SEA,in,0.5,HALF,-7.0,12048,George Holani,RB,6.6,2.3,3.13,5.43,5.47,5.6
2026-09-09 21:41:56,SEA,in,0.5,HALF,-7.0,4039,Cooper Kupp,WR,7.4,0.0,3.59,3.59,3.24,3.7
2026-09-09 21:41:56,NE,in,0.5,HALF,7.0,4177,Mack Hollins,WR,3.3,1.9,1.4,3.3,3.58,3.55
2026-09-09 21:41:56,SEA,in,0.5,HALF,-7.0,12521,Elijah Arroyo,TE,3.9,0.0,1.89,1.89,1.71,1.95
2026-09-09 21:41:56,NE,in,0.5,HALF,7.0,9501,Demario Douglas,WR,5.6,3.0,2.35,5.35,5.82,5.8
2026-09-09 21:41:56,SEA,in,0.5,HALF,-7.0,2747,Jason Myers,K,8.5,0.0,3.72,3.72,3.72,4.25
2026-09-09 21:41:56,NE,in,0.5,HALF,7.0,12713,Andy Borregales,K,7.1,1.0,3.23,4.23,4.23,4.55
2026-09-09 21:41:56,SEA,in,0.5,HALF,-7.0,SEA,Seattle Seahawks D/ST,DST,7.2,4.0,3.65,7.65,7.65,7.6
2026-09-09 21:41:56,NE,in,0.5,HALF,7.0,NE,New England Patriots D/ST,DST,5.8,12.0,4.04,16.04,16.04,14.9
2026-09-09 21:41:56,NE,in,0.5,HALF,7.0,13421,Eli Raridon,TE,1.8,7.2,1.26,8.46,8.89,8.1
2026-09-09 21:42:57,SEA,in,0.5,HALF,-7.0,9488,Jaxon Smith-Njigba,WR,19.4,10.3,10.25,20.55,20.07,20.0
2026-09-09 21:42:57,NE,in,0.5,HALF,7.0,5859,A.J. Brown,WR,16.3,5.6,6.58,12.18,13.43,13.75
2026-09-09 21:42:57,NE,in,0.5,HALF,7.0,11564,Drake Maye,QB,19.4,10.24,8.25,18.49,20.01,19.94
2026-09-09 21:42:57,NE,in,0.5,HALF,7.0,7611,Rhamondre Stevenson,RB,17.5,3.3,7.24,10.54,11.37,12.05
2026-09-09 21:42:57,SEA,in,0.5,HALF,-7.0,13286,Jadarian Price,RB,12.0,4.2,5.69,9.89,9.98,10.2
2026-09-09 21:42:57,NE,in,0.5,HALF,7.0,8121,Romeo Doubs,WR,9.7,0.0,3.65,3.65,4.24,4.85
2026-09-09 21:42:57,SEA,in,0.5,HALF,-7.0,4943,Sam Darnold,QB,16.4,0.52,8.06,8.58,7.76,8.72
2026-09-09 21:42:57,SEA,in,0.5,HALF,-7.0,8676,Rashid Shaheed,WR,8.5,0.0,4.13,4.13,3.72,4.25
2026-09-09 21:42:57,NE,in,0.5,HALF,7.0,3214,Hunter Henry,TE,9.7,1.3,3.75,5.05,5.71,6.15
2026-09-09 21:42:57,SEA,in,0.5,HALF,-7.0,11435,Emanuel Wilson,RB,1.8,0.3,0.8,1.1,1.12,1.2
2026-09-09 21:42:57,SEA,in,0.5,HALF,-7.0,11603,A.J. Barner,TE,7.9,1.4,3.95,5.35,5.03,5.35
2026-09-09 21:42:57,SEA,in,0.5,HALF,-7.0,12048,George Holani,RB,6.6,2.3,3.13,5.43,5.47,5.6
2026-09-09 21:42:57,SEA,in,0.5,HALF,-7.0,4039,Cooper Kupp,WR,7.4,0.0,3.59,3.59,3.24,3.7
2026-09-09 21:42:57,NE,in,0.5,HALF,7.0,4177,Mack Hollins,WR,3.3,1.9,1.4,3.3,3.58,3.55
2026-09-09 21:42:57,SEA,in,0.5,HALF,-7.0,12521,Elijah Arroyo,TE,3.9,0.0,1.89,1.89,1.71,1.95
2026-09-09 21:42:57,NE,in,0.5,HALF,7.0,9501,Demario Douglas,WR,5.6,3.0,2.35,5.35,5.82,5.8
2026-09-09 21:42:57,SEA,in,0.5,HALF,-7.0,2747,Jason Myers,K,8.5,0.0,3.72,3.72,3.72,4.25
2026-09-09 21:42:57,NE,in,0.5,HALF,7.0,12713,Andy Borregales,K,7.1,1.0,3.23,4.23,4.23,4.55
2026-09-09 21:42:57,SEA,in,0.5,HALF,-7.0,SEA,Seattle Seahawks D/ST,DST,7.2,4.0,3.65,7.65,7.65,7.6
2026-09-09 21:42:57,NE,in,0.5,HALF,7.0,NE,New England Patriots D/ST,DST,5.8,12.0,4.04,16.04,16.04,14.9
2026-09-09 21:42:57,NE,in,0.5,HALF,7.0,13421,Eli Raridon,TE,1.8,7.2,1.26,8.46,8.89,8.1
2026-09-09 21:43:58,SEA,in,0.5,HALF,-7.0,9488,Jaxon Smith-Njigba,WR,19.4,10.3,10.25,20.55,20.07,20.0
2026-09-09 21:43:58,NE,in,0.5,HALF,7.0,5859,A.J. Brown,WR,16.3,5.6,6.58,12.18,13.43,13.75
2026-09-09 21:43:58,NE,in,0.5,HALF,7.0,11564,Drake Maye,QB,19.4,10.24,8.25,18.49,20.01,19.94
2026-09-09 21:43:58,NE,in,0.5,HALF,7.0,7611,Rhamondre Stevenson,RB,17.5,3.3,7.24,10.54,11.37,12.05
2026-09-09 21:43:58,SEA,in,0.5,HALF,-7.0,13286,Jadarian Price,RB,12.0,4.2,5.69,9.89,9.98,10.2
2026-09-09 21:43:58,NE,in,0.5,HALF,7.0,8121,Romeo Doubs,WR,9.7,0.0,3.65,3.65,4.24,4.85
2026-09-09 21:43:58,SEA,in,0.5,HALF,-7.0,4943,Sam Darnold,QB,16.4,0.52,8.06,8.58,7.76,8.72
2026-09-09 21:43:58,SEA,in,0.5,HALF,-7.0,8676,Rashid Shaheed,WR,8.5,0.0,4.13,4.13,3.72,4.25
2026-09-09 21:43:58,NE,in,0.5,HALF,7.0,3214,Hunter Henry,TE,9.7,1.3,3.75,5.05,5.71,6.15
2026-09-09 21:43:58,SEA,in,0.5,HALF,-7.0,11435,Emanuel Wilson,RB,1.8,0.3,0.8,1.1,1.12,1.2
2026-09-09 21:43:58,SEA,in,0.5,HALF,-7.0,11603,A.J. Barner,TE,7.9,1.4,3.95,5.35,5.03,5.35
2026-09-09 21:43:58,SEA,in,0.5,HALF,-7.0,12048,George Holani,RB,6.6,2.3,3.13,5.43,5.47,5.6
2026-09-09 21:43:58,SEA,in,0.5,HALF,-7.0,4039,Cooper Kupp,WR,7.4,0.0,3.59,3.59,3.24,3.7
2026-09-09 21:43:58,NE,in,0.5,HALF,7.0,4177,Mack Hollins,WR,3.3,1.9,1.4,3.3,3.58,3.55
2026-09-09 21:43:58,SEA,in,0.5,HALF,-7.0,12521,Elijah Arroyo,TE,3.9,0.0,1.89,1.89,1.71,1.95
2026-09-09 21:43:58,NE,in,0.5,HALF,7.0,9501,Demario Douglas,WR,5.6,3.0,2.35,5.35,5.82,5.8
2026-09-09 21:43:58,SEA,in,0.5,HALF,-7.0,2747,Jason Myers,K,8.5,0.0,3.72,3.72,3.72,4.25
2026-09-09 21:43:58,NE,in,0.5,HALF,7.0,12713,Andy Borregales,K,7.1,1.0,3.23,4.23,4.23,4.55
2026-09-09 21:43:58,SEA,in,0.5,HALF,-7.0,SEA,Seattle Seahawks D/ST,DST,7.2,4.0,3.65,7.65,7.65,7.6
2026-09-09 21:43:58,NE,in,0.5,HALF,7.0,NE,New England Patriots D/ST,DST,5.8,12.0,4.04,16.04,16.04,14.9
2026-09-09 21:43:58,NE,in,0.5,HALF,7.0,13421,Eli Raridon,TE,1.8,7.2,1.26,8.46,8.89,8.1
2026-09-09 21:44:58,SEA,in,0.5,HALF,-7.0,9488,Jaxon Smith-Njigba,WR,19.4,10.3,10.25,20.55,20.07,20.0
2026-09-09 21:44:58,NE,in,0.5,HALF,7.0,5859,A.J. Brown,WR,16.3,5.6,6.58,12.18,13.43,13.75
2026-09-09 21:44:58,NE,in,0.5,HALF,7.0,11564,Drake Maye,QB,19.4,10.24,8.25,18.49,20.01,19.94
2026-09-09 21:44:58,NE,in,0.5,HALF,7.0,7611,Rhamondre Stevenson,RB,17.5,3.3,7.24,10.54,11.37,12.05
2026-09-09 21:44:58,SEA,in,0.5,HALF,-7.0,13286,Jadarian Price,RB,12.0,4.2,5.69,9.89,9.98,10.2
2026-09-09 21:44:58,NE,in,0.5,HALF,7.0,8121,Romeo Doubs,WR,9.7,0.0,3.65,3.65,4.24,4.85
2026-09-09 21:44:58,SEA,in,0.5,HALF,-7.0,4943,Sam Darnold,QB,16.4,0.52,8.06,8.58,7.76,8.72
2026-09-09 21:44:58,SEA,in,0.5,HALF,-7.0,8676,Rashid Shaheed,WR,8.5,0.0,4.13,4.13,3.72,4.25
2026-09-09 21:44:58,NE,in,0.5,HALF,7.0,3214,Hunter Henry,TE,9.7,1.3,3.75,5.05,5.71,6.15
2026-09-09 21:44:58,SEA,in,0.5,HALF,-7.0,11435,Emanuel Wilson,RB,1.8,0.3,0.8,1.1,1.12,1.2
2026-09-09 21:44:58,SEA,in,0.5,HALF,-7.0,11603,A.J. Barner,TE,7.9,1.4,3.95,5.35,5.03,5.35
2026-09-09 21:44:58,SEA,in,0.5,HALF,-7.0,12048,George Holani,RB,6.6,2.3,3.13,5.43,5.47,5.6
2026-09-09 21:44:58,SEA,in,0.5,HALF,-7.0,4039,Cooper Kupp,WR,7.4,0.0,3.59,3.59,3.24,3.7
2026-09-09 21:44:58,NE,in,0.5,HALF,7.0,4177,Mack Hollins,WR,3.3,1.9,1.4,3.3,3.58,3.55
2026-09-09 21:44:58,SEA,in,0.5,HALF,-7.0,12521,Elijah Arroyo,TE,3.9,0.0,1.89,1.89,1.71,1.95
2026-09-09 21:44:58,NE,in,0.5,HALF,7.0,9501,Demario Douglas,WR,5.6,3.0,2.35,5.35,5.82,5.8
2026-09-09 21:44:58,SEA,in,0.5,HALF,-7.0,2747,Jason Myers,K,8.5,0.0,3.72,3.72,3.72,4.25
2026-09-09 21:44:58,NE,in,0.5,HALF,7.0,12713,Andy Borregales,K,7.1,1.0,3.23,4.23,4.23,4.55
2026-09-09 21:44:58,SEA,in,0.5,HALF,-7.0,SEA,Seattle Seahawks D/ST,DST,7.2,4.0,3.65,7.65,7.65,7.6
2026-09-09 21:44:58,NE,in,0.5,HALF,7.0,NE,New England Patriots D/ST,DST,5.8,12.0,4.04,16.04,16.04,14.9
2026-09-09 21:44:58,NE,in,0.5,HALF,7.0,13421,Eli Raridon,TE,1.8,7.2,1.26,8.46,8.89,8.1
2026-09-09 21:45:59,SEA,in,0.5,HALF,-7.0,9488,Jaxon Smith-Njigba,WR,19.4,10.3,10.25,20.55,20.07,20.0
2026-09-09 21:45:59,NE,in,0.5,HALF,7.0,5859,A.J. Brown,WR,16.3,5.6,6.58,12.18,13.43,13.75
2026-09-09 21:45:59,NE,in,0.5,HALF,7.0,11564,Drake Maye,QB,19.4,10.24,8.25,18.49,20.01,19.94
2026-09-09 21:45:59,NE,in,0.5,HALF,7.0,7611,Rhamondre Stevenson,RB,17.5,3.3,7.24,10.54,11.37,12.05
2026-09-09 21:45:59,SEA,in,0.5,HALF,-7.0,13286,Jadarian Price,RB,12.0,4.2,5.69,9.89,9.98,10.2
2026-09-09 21:45:59,NE,in,0.5,HALF,7.0,8121,Romeo Doubs,WR,9.7,0.0,3.65,3.65,4.24,4.85
2026-09-09 21:45:59,SEA,in,0.5,HALF,-7.0,4943,Sam Darnold,QB,16.4,0.52,8.06,8.58,7.76,8.72
2026-09-09 21:45:59,SEA,in,0.5,HALF,-7.0,8676,Rashid Shaheed,WR,8.5,0.0,4.13,4.13,3.72,4.25
2026-09-09 21:45:59,NE,in,0.5,HALF,7.0,3214,Hunter Henry,TE,9.7,1.3,3.75,5.05,5.71,6.15
2026-09-09 21:45:59,SEA,in,0.5,HALF,-7.0,11435,Emanuel Wilson,RB,1.8,0.3,0.8,1.1,1.12,1.2
2026-09-09 21:45:59,SEA,in,0.5,HALF,-7.0,11603,A.J. Barner,TE,7.9,1.4,3.95,5.35,5.03,5.35
2026-09-09 21:45:59,SEA,in,0.5,HALF,-7.0,12048,George Holani,RB,6.6,2.3,3.13,5.43,5.47,5.6
2026-09-09 21:45:59,SEA,in,0.5,HALF,-7.0,4039,Cooper Kupp,WR,7.4,0.0,3.59,3.59,3.24,3.7
2026-09-09 21:45:59,NE,in,0.5,HALF,7.0,4177,Mack Hollins,WR,3.3,1.9,1.4,3.3,3.58,3.55
2026-09-09 21:45:59,SEA,in,0.5,HALF,-7.0,12521,Elijah Arroyo,TE,3.9,0.0,1.89,1.89,1.71,1.95
2026-09-09 21:45:59,NE,in,0.5,HALF,7.0,9501,Demario Douglas,WR,5.6,3.0,2.35,5.35,5.82,5.8
2026-09-09 21:45:59,SEA,in,0.5,HALF,-7.0,2747,Jason Myers,K,8.5,0.0,3.72,3.72,3.72,4.25
2026-09-09 21:45:59,NE,in,0.5,HALF,7.0,12713,Andy Borregales,K,7.1,1.0,3.23,4.23,4.23,4.55
2026-09-09 21:45:59,SEA,in,0.5,HALF,-7.0,SEA,Seattle Seahawks D/ST,DST,7.2,4.0,3.65,7.65,7.65,7.6
2026-09-09 21:45:59,NE,in,0.5,HALF,7.0,NE,New England Patriots D/ST,DST,5.8,12.0,4.04,16.04,16.04,14.9
2026-09-09 21:45:59,NE,in,0.5,HALF,7.0,13421,Eli Raridon,TE,1.8,7.2,1.26,8.46,8.89,8.1
2026-09-09 21:46:59,SEA,in,0.5,HALF,-7.0,9488,Jaxon Smith-Njigba,WR,19.4,10.3,10.25,20.55,20.07,20.0
2026-09-09 21:46:59,NE,in,0.5,HALF,7.0,5859,A.J. Brown,WR,16.3,5.6,6.58,12.18,13.43,13.75
2026-09-09 21:46:59,NE,in,0.5,HALF,7.0,11564,Drake Maye,QB,19.4,10.24,8.25,18.49,20.01,19.94
2026-09-09 21:46:59,NE,in,0.5,HALF,7.0,7611,Rhamondre Stevenson,RB,17.5,3.3,7.24,10.54,11.37,12.05
2026-09-09 21:46:59,SEA,in,0.5,HALF,-7.0,13286,Jadarian Price,RB,12.0,4.2,5.69,9.89,9.98,10.2
2026-09-09 21:46:59,NE,in,0.5,HALF,7.0,8121,Romeo Doubs,WR,9.7,0.0,3.65,3.65,4.24,4.85
2026-09-09 21:46:59,SEA,in,0.5,HALF,-7.0,4943,Sam Darnold,QB,16.4,0.52,8.06,8.58,7.76,8.72
2026-09-09 21:46:59,SEA,in,0.5,HALF,-7.0,8676,Rashid Shaheed,WR,8.5,0.0,4.13,4.13,3.72,4.25
2026-09-09 21:46:59,NE,in,0.5,HALF,7.0,3214,Hunter Henry,TE,9.7,1.3,3.75,5.05,5.71,6.15
2026-09-09 21:46:59,SEA,in,0.5,HALF,-7.0,11435,Emanuel Wilson,RB,1.8,0.3,0.8,1.1,1.12,1.2
2026-09-09 21:46:59,SEA,in,0.5,HALF,-7.0,11603,A.J. Barner,TE,7.9,1.4,3.95,5.35,5.03,5.35
2026-09-09 21:46:59,SEA,in,0.5,HALF,-7.0,12048,George Holani,RB,6.6,2.3,3.13,5.43,5.47,5.6
2026-09-09 21:46:59,SEA,in,0.5,HALF,-7.0,4039,Cooper Kupp,WR,7.4,0.0,3.59,3.59,3.24,3.7
2026-09-09 21:46:59,NE,in,0.5,HALF,7.0,4177,Mack Hollins,WR,3.3,1.9,1.4,3.3,3.58,3.55
2026-09-09 21:46:59,SEA,in,0.5,HALF,-7.0,12521,Elijah Arroyo,TE,3.9,0.0,1.89,1.89,1.71,1.95
2026-09-09 21:46:59,NE,in,0.5,HALF,7.0,9501,Demario Douglas,WR,5.6,3.0,2.35,5.35,5.82,5.8
2026-09-09 21:46:59,SEA,in,0.5,HALF,-7.0,2747,Jason Myers,K,8.5,0.0,3.72,3.72,3.72,4.25
2026-09-09 21:46:59,NE,in,0.5,HALF,7.0,12713,Andy Borregales,K,7.1,1.0,3.23,4.23,4.23,4.55
2026-09-09 21:46:59,SEA,in,0.5,HALF,-7.0,SEA,Seattle Seahawks D/ST,DST,7.2,4.0,3.65,7.65,7.65,7.6
2026-09-09 21:46:59,NE,in,0.5,HALF,7.0,NE,New England Patriots D/ST,DST,5.8,12.0,4.04,16.04,16.04,14.9
2026-09-09 21:46:59,NE,in,0.5,HALF,7.0,13421,Eli Raridon,TE,1.8,7.2,1.26,8.46,8.89,8.1
2026-09-09 21:48:00,SEA,in,0.5,HALF,-7.0,9488,Jaxon Smith-Njigba,WR,19.4,10.3,10.25,20.55,20.07,20.0
2026-09-09 21:48:00,NE,in,0.5,HALF,7.0,5859,A.J. Brown,WR,16.3,5.6,6.58,12.18,13.43,13.75
2026-09-09 21:48:00,NE,in,0.5,HALF,7.0,11564,Drake Maye,QB,19.4,10.24,8.25,18.49,20.01,19.94
2026-09-09 21:48:00,NE,in,0.5,HALF,7.0,7611,Rhamondre Stevenson,RB,17.5,3.3,7.24,10.54,11.37,12.05
2026-09-09 21:48:00,SEA,in,0.5,HALF,-7.0,13286,Jadarian Price,RB,12.0,4.2,5.69,9.89,9.98,10.2
2026-09-09 21:48:00,NE,in,0.5,HALF,7.0,8121,Romeo Doubs,WR,9.7,0.0,3.65,3.65,4.24,4.85
2026-09-09 21:48:00,SEA,in,0.5,HALF,-7.0,4943,Sam Darnold,QB,16.4,0.52,8.06,8.58,7.76,8.72
2026-09-09 21:48:00,SEA,in,0.5,HALF,-7.0,8676,Rashid Shaheed,WR,8.5,0.0,4.13,4.13,3.72,4.25
2026-09-09 21:48:00,NE,in,0.5,HALF,7.0,3214,Hunter Henry,TE,9.7,1.3,3.75,5.05,5.71,6.15
2026-09-09 21:48:00,SEA,in,0.5,HALF,-7.0,11435,Emanuel Wilson,RB,1.8,0.3,0.8,1.1,1.12,1.2
2026-09-09 21:48:00,SEA,in,0.5,HALF,-7.0,11603,A.J. Barner,TE,7.9,1.4,3.95,5.35,5.03,5.35
2026-09-09 21:48:00,SEA,in,0.5,HALF,-7.0,12048,George Holani,RB,6.6,2.3,3.13,5.43,5.47,5.6
2026-09-09 21:48:00,SEA,in,0.5,HALF,-7.0,4039,Cooper Kupp,WR,7.4,0.0,3.59,3.59,3.24,3.7
2026-09-09 21:48:00,NE,in,0.5,HALF,7.0,4177,Mack Hollins,WR,3.3,1.9,1.4,3.3,3.58,3.55
2026-09-09 21:48:00,SEA,in,0.5,HALF,-7.0,12521,Elijah Arroyo,TE,3.9,0.0,1.89,1.89,1.71,1.95
2026-09-09 21:48:00,NE,in,0.5,HALF,7.0,9501,Demario Douglas,WR,5.6,3.0,2.35,5.35,5.82,5.8
2026-09-09 21:48:00,SEA,in,0.5,HALF,-7.0,2747,Jason Myers,K,8.5,0.0,3.72,3.72,3.72,4.25
2026-09-09 21:48:00,NE,in,0.5,HALF,7.0,12713,Andy Borregales,K,7.1,1.0,3.23,4.23,4.23,4.55
2026-09-09 21:48:00,SEA,in,0.5,HALF,-7.0,SEA,Seattle Seahawks D/ST,DST,7.2,4.0,3.65,7.65,7.65,7.6
2026-09-09 21:48:00,NE,in,0.5,HALF,7.0,NE,New England Patriots D/ST,DST,5.8,12.0,4.04,16.04,16.04,14.9
2026-09-09 21:48:00,NE,in,0.5,HALF,7.0,13421,Eli Raridon,TE,1.8,7.2,1.26,8.46,8.89,8.1
2026-09-09 21:49:01,SEA,in,0.5,HALF,-7.0,9488,Jaxon Smith-Njigba,WR,19.4,10.3,10.25,20.55,20.07,20.0
2026-09-09 21:49:01,NE,in,0.5,HALF,7.0,5859,A.J. Brown,WR,16.3,5.6,6.58,12.18,13.43,13.75
2026-09-09 21:49:01,NE,in,0.5,HALF,7.0,11564,Drake Maye,QB,19.4,10.24,8.25,18.49,20.01,19.94
2026-09-09 21:49:01,NE,in,0.5,HALF,7.0,7611,Rhamondre Stevenson,RB,17.5,3.3,7.24,10.54,11.37,12.05
2026-09-09 21:49:01,SEA,in,0.5,HALF,-7.0,13286,Jadarian Price,RB,12.0,4.2,5.69,9.89,9.98,10.2
2026-09-09 21:49:01,NE,in,0.5,HALF,7.0,8121,Romeo Doubs,WR,9.7,0.0,3.65,3.65,4.24,4.85
2026-09-09 21:49:01,SEA,in,0.5,HALF,-7.0,4943,Sam Darnold,QB,16.4,0.52,8.06,8.58,7.76,8.72
2026-09-09 21:49:01,SEA,in,0.5,HALF,-7.0,8676,Rashid Shaheed,WR,8.5,0.0,4.13,4.13,3.72,4.25
2026-09-09 21:49:01,NE,in,0.5,HALF,7.0,3214,Hunter Henry,TE,9.7,1.3,3.75,5.05,5.71,6.15
2026-09-09 21:49:01,SEA,in,0.5,HALF,-7.0,11435,Emanuel Wilson,RB,1.8,0.3,0.8,1.1,1.12,1.2
2026-09-09 21:49:01,SEA,in,0.5,HALF,-7.0,11603,A.J. Barner,TE,7.9,1.4,3.95,5.35,5.03,5.35
2026-09-09 21:49:01,SEA,in,0.5,HALF,-7.0,12048,George Holani,RB,6.6,2.3,3.13,5.43,5.47,5.6
2026-09-09 21:49:01,SEA,in,0.5,HALF,-7.0,4039,Cooper Kupp,WR,7.4,0.0,3.59,3.59,3.24,3.7
2026-09-09 21:49:01,NE,in,0.5,HALF,7.0,4177,Mack Hollins,WR,3.3,1.9,1.4,3.3,3.58,3.55
2026-09-09 21:49:01,SEA,in,0.5,HALF,-7.0,12521,Elijah Arroyo,TE,3.9,0.0,1.89,1.89,1.71,1.95
2026-09-09 21:49:01,NE,in,0.5,HALF,7.0,9501,Demario Douglas,WR,5.6,3.0,2.35,5.35,5.82,5.8
2026-09-09 21:49:01,SEA,in,0.5,HALF,-7.0,2747,Jason Myers,K,8.5,0.0,3.72,3.72,3.72,4.25
2026-09-09 21:49:01,NE,in,0.5,HALF,7.0,12713,Andy Borregales,K,7.1,1.0,3.23,4.23,4.23,4.55
2026-09-09 21:49:01,SEA,in,0.5,HALF,-7.0,SEA,Seattle Seahawks D/ST,DST,7.2,4.0,3.65,7.65,7.65,7.6
2026-09-09 21:49:01,NE,in,0.5,HALF,7.0,NE,New England Patriots D/ST,DST,5.8,12.0,4.04,16.04,16.04,14.9
2026-09-09 21:49:01,NE,in,0.5,HALF,7.0,13421,Eli Raridon,TE,1.8,7.2,1.26,8.46,8.89,8.1
2026-09-09 21:50:01,SEA,in,0.5,HALF,-7.0,9488,Jaxon Smith-Njigba,WR,19.4,10.3,10.25,20.55,20.07,20.0
2026-09-09 21:50:01,NE,in,0.5,HALF,7.0,5859,A.J. Brown,WR,16.3,5.6,6.58,12.18,13.43,13.75
2026-09-09 21:50:01,NE,in,0.5,HALF,7.0,11564,Drake Maye,QB,19.4,10.24,8.25,18.49,20.01,19.94
2026-09-09 21:50:01,NE,in,0.5,HALF,7.0,7611,Rhamondre Stevenson,RB,17.5,3.3,7.24,10.54,11.37,12.05
2026-09-09 21:50:01,SEA,in,0.5,HALF,-7.0,13286,Jadarian Price,RB,12.0,4.2,5.69,9.89,9.98,10.2
2026-09-09 21:50:01,NE,in,0.5,HALF,7.0,8121,Romeo Doubs,WR,9.7,0.0,3.65,3.65,4.24,4.85
2026-09-09 21:50:01,SEA,in,0.5,HALF,-7.0,4943,Sam Darnold,QB,16.4,0.52,8.06,8.58,7.76,8.72
2026-09-09 21:50:01,SEA,in,0.5,HALF,-7.0,8676,Rashid Shaheed,WR,8.5,0.0,4.13,4.13,3.72,4.25
2026-09-09 21:50:01,NE,in,0.5,HALF,7.0,3214,Hunter Henry,TE,9.7,1.3,3.75,5.05,5.71,6.15
2026-09-09 21:50:01,SEA,in,0.5,HALF,-7.0,11435,Emanuel Wilson,RB,1.8,0.3,0.8,1.1,1.12,1.2
2026-09-09 21:50:01,SEA,in,0.5,HALF,-7.0,11603,A.J. Barner,TE,7.9,1.4,3.95,5.35,5.03,5.35
2026-09-09 21:50:01,SEA,in,0.5,HALF,-7.0,12048,George Holani,RB,6.6,2.3,3.13,5.43,5.47,5.6
2026-09-09 21:50:01,SEA,in,0.5,HALF,-7.0,4039,Cooper Kupp,WR,7.4,0.0,3.59,3.59,3.24,3.7
2026-09-09 21:50:01,NE,in,0.5,HALF,7.0,4177,Mack Hollins,WR,3.3,1.9,1.4,3.3,3.58,3.55
2026-09-09 21:50:01,SEA,in,0.5,HALF,-7.0,12521,Elijah Arroyo,TE,3.9,0.0,1.89,1.89,1.71,1.95
2026-09-09 21:50:01,NE,in,0.5,HALF,7.0,9501,Demario Douglas,WR,5.6,3.0,2.35,5.35,5.82,5.8
2026-09-09 21:50:01,SEA,in,0.5,HALF,-7.0,2747,Jason Myers,K,8.5,0.0,3.72,3.72,3.72,4.25
2026-09-09 21:50:01,NE,in,0.5,HALF,7.0,12713,Andy Borregales,K,7.1,1.0,3.23,4.23,4.23,4.55
2026-09-09 21:50:01,SEA,in,0.5,HALF,-7.0,SEA,Seattle Seahawks D/ST,DST,7.2,4.0,3.65,7.65,7.65,7.6
2026-09-09 21:50:01,NE,in,0.5,HALF,7.0,NE,New England Patriots D/ST,DST,5.8,12.0,4.04,16.04,16.04,14.9
2026-09-09 21:50:01,NE,in,0.5,HALF,7.0,13421,Eli Raridon,TE,1.8,7.2,1.26,8.46,8.89,8.1
2026-09-09 21:51:02,SEA,in,0.5,HALF,-7.0,9488,Jaxon Smith-Njigba,WR,19.4,10.3,10.25,20.55,20.07,20.0
2026-09-09 21:51:02,NE,in,0.5,HALF,7.0,5859,A.J. Brown,WR,16.3,5.6,6.58,12.18,13.43,13.75
2026-09-09 21:51:02,NE,in,0.5,HALF,7.0,11564,Drake Maye,QB,19.4,10.24,8.25,18.49,20.01,19.94
2026-09-09 21:51:02,NE,in,0.5,HALF,7.0,7611,Rhamondre Stevenson,RB,17.5,3.3,7.24,10.54,11.37,12.05
2026-09-09 21:51:02,SEA,in,0.5,HALF,-7.0,13286,Jadarian Price,RB,12.0,4.2,5.69,9.89,9.98,10.2
2026-09-09 21:51:02,NE,in,0.5,HALF,7.0,8121,Romeo Doubs,WR,9.7,0.0,3.65,3.65,4.24,4.85
2026-09-09 21:51:02,SEA,in,0.5,HALF,-7.0,4943,Sam Darnold,QB,16.4,0.52,8.06,8.58,7.76,8.72
2026-09-09 21:51:02,SEA,in,0.5,HALF,-7.0,8676,Rashid Shaheed,WR,8.5,0.0,4.13,4.13,3.72,4.25
2026-09-09 21:51:02,NE,in,0.5,HALF,7.0,3214,Hunter Henry,TE,9.7,1.3,3.75,5.05,5.71,6.15
2026-09-09 21:51:02,SEA,in,0.5,HALF,-7.0,11435,Emanuel Wilson,RB,1.8,0.3,0.8,1.1,1.12,1.2
2026-09-09 21:51:02,SEA,in,0.5,HALF,-7.0,11603,A.J. Barner,TE,7.9,1.4,3.95,5.35,5.03,5.35
2026-09-09 21:51:02,SEA,in,0.5,HALF,-7.0,12048,George Holani,RB,6.6,2.3,3.13,5.43,5.47,5.6
2026-09-09 21:51:02,SEA,in,0.5,HALF,-7.0,4039,Cooper Kupp,WR,7.4,0.0,3.59,3.59,3.24,3.7
2026-09-09 21:51:02,NE,in,0.5,HALF,7.0,4177,Mack Hollins,WR,3.3,1.9,1.4,3.3,3.58,3.55
2026-09-09 21:51:02,SEA,in,0.5,HALF,-7.0,12521,Elijah Arroyo,TE,3.9,0.0,1.89,1.89,1.71,1.95
2026-09-09 21:51:02,NE,in,0.5,HALF,7.0,9501,Demario Douglas,WR,5.6,3.0,2.35,5.35,5.82,5.8
2026-09-09 21:51:02,SEA,in,0.5,HALF,-7.0,2747,Jason Myers,K,8.5,0.0,3.72,3.72,3.72,4.25
2026-09-09 21:51:02,NE,in,0.5,HALF,7.0,12713,Andy Borregales,K,7.1,1.0,3.23,4.23,4.23,4.55
2026-09-09 21:51:02,SEA,in,0.5,HALF,-7.0,SEA,Seattle Seahawks D/ST,DST,7.2,4.0,3.65,7.65,7.65,7.6
2026-09-09 21:51:02,NE,in,0.5,HALF,7.0,NE,New England Patriots D/ST,DST,5.8,12.0,4.04,16.04,16.04,14.9
2026-09-09 21:51:02,NE,in,0.5,HALF,7.0,13421,Eli Raridon,TE,1.8,7.2,1.26,8.46,8.89,8.1
2026-09-09 21:52:03,SEA,in,0.5,HALF,-7.0,9488,Jaxon Smith-Njigba,WR,19.4,10.3,10.25,20.55,20.07,20.0
2026-09-09 21:52:03,NE,in,0.5,HALF,7.0,5859,A.J. Brown,WR,16.3,5.6,6.58,12.18,13.43,13.75
2026-09-09 21:52:03,NE,in,0.5,HALF,7.0,11564,Drake Maye,QB,19.4,10.24,8.25,18.49,20.01,19.94
2026-09-09 21:52:03,NE,in,0.5,HALF,7.0,7611,Rhamondre Stevenson,RB,17.5,3.3,7.24,10.54,11.37,12.05
2026-09-09 21:52:03,SEA,in,0.5,HALF,-7.0,13286,Jadarian Price,RB,12.0,4.2,5.69,9.89,9.98,10.2
2026-09-09 21:52:03,NE,in,0.5,HALF,7.0,8121,Romeo Doubs,WR,9.7,0.0,3.65,3.65,4.24,4.85
2026-09-09 21:52:03,SEA,in,0.5,HALF,-7.0,4943,Sam Darnold,QB,16.4,0.52,8.06,8.58,7.76,8.72
2026-09-09 21:52:03,SEA,in,0.5,HALF,-7.0,8676,Rashid Shaheed,WR,8.5,0.0,4.13,4.13,3.72,4.25
2026-09-09 21:52:03,NE,in,0.5,HALF,7.0,3214,Hunter Henry,TE,9.7,1.3,3.75,5.05,5.71,6.15
2026-09-09 21:52:03,SEA,in,0.5,HALF,-7.0,11435,Emanuel Wilson,RB,1.8,0.3,0.8,1.1,1.12,1.2
2026-09-09 21:52:03,SEA,in,0.5,HALF,-7.0,11603,A.J. Barner,TE,7.9,1.4,3.95,5.35,5.03,5.35
2026-09-09 21:52:03,SEA,in,0.5,HALF,-7.0,12048,George Holani,RB,6.6,2.3,3.13,5.43,5.47,5.6
2026-09-09 21:52:03,SEA,in,0.5,HALF,-7.0,4039,Cooper Kupp,WR,7.4,0.0,3.59,3.59,3.24,3.7
2026-09-09 21:52:03,NE,in,0.5,HALF,7.0,4177,Mack Hollins,WR,3.3,1.9,1.4,3.3,3.58,3.55
2026-09-09 21:52:03,SEA,in,0.5,HALF,-7.0,12521,Elijah Arroyo,TE,3.9,0.0,1.89,1.89,1.71,1.95
2026-09-09 21:52:03,NE,in,0.5,HALF,7.0,9501,Demario Douglas,WR,5.6,3.0,2.35,5.35,5.82,5.8
2026-09-09 21:52:03,SEA,in,0.5,HALF,-7.0,2747,Jason Myers,K,8.5,0.0,3.72,3.72,3.72,4.25
2026-09-09 21:52:03,NE,in,0.5,HALF,7.0,12713,Andy Borregales,K,7.1,1.0,3.23,4.23,4.23,4.55
2026-09-09 21:52:03,SEA,in,0.5,HALF,-7.0,SEA,Seattle Seahawks D/ST,DST,7.2,4.0,3.65,7.65,7.65,7.6
2026-09-09 21:52:03,NE,in,0.5,HALF,7.0,NE,New England Patriots D/ST,DST,5.8,12.0,4.04,16.04,16.04,14.9
2026-09-09 21:52:03,NE,in,0.5,HALF,7.0,13421,Eli Raridon,TE,1.8,7.2,1.26,8.46,8.89,8.1
2026-09-09 21:53:04,SEA,in,0.5,Q3 15:00,-7.0,9488,Jaxon Smith-Njigba,WR,19.4,10.3,10.25,20.55,20.07,20.0
2026-09-09 21:53:04,NE,in,0.5,Q3 15:00,7.0,5859,A.J. Brown,WR,16.3,5.6,6.58,12.18,13.43,13.75
2026-09-09 21:53:04,NE,in,0.5,Q3 15:00,7.0,11564,Drake Maye,QB,19.4,10.24,8.25,18.49,20.01,19.94
2026-09-09 21:53:04,NE,in,0.5,Q3 15:00,7.0,7611,Rhamondre Stevenson,RB,17.5,3.3,7.24,10.54,11.37,12.05
2026-09-09 21:53:04,SEA,in,0.5,Q3 15:00,-7.0,13286,Jadarian Price,RB,12.0,4.2,5.69,9.89,9.98,10.2
2026-09-09 21:53:04,NE,in,0.5,Q3 15:00,7.0,8121,Romeo Doubs,WR,9.7,0.0,3.65,3.65,4.24,4.85
2026-09-09 21:53:04,SEA,in,0.5,Q3 15:00,-7.0,4943,Sam Darnold,QB,16.4,0.52,8.06,8.58,7.76,8.72
2026-09-09 21:53:04,SEA,in,0.5,Q3 15:00,-7.0,8676,Rashid Shaheed,WR,8.5,0.0,4.13,4.13,3.72,4.25
2026-09-09 21:53:04,NE,in,0.5,Q3 15:00,7.0,3214,Hunter Henry,TE,9.7,1.3,3.75,5.05,5.71,6.15
2026-09-09 21:53:04,SEA,in,0.5,Q3 15:00,-7.0,11435,Emanuel Wilson,RB,1.8,0.3,0.8,1.1,1.12,1.2
2026-09-09 21:53:04,SEA,in,0.5,Q3 15:00,-7.0,11603,A.J. Barner,TE,7.9,1.4,3.95,5.35,5.03,5.35
2026-09-09 21:53:04,SEA,in,0.5,Q3 15:00,-7.0,12048,George Holani,RB,6.6,2.3,3.13,5.43,5.47,5.6
2026-09-09 21:53:04,SEA,in,0.5,Q3 15:00,-7.0,4039,Cooper Kupp,WR,7.4,0.0,3.59,3.59,3.24,3.7
2026-09-09 21:53:04,NE,in,0.5,Q3 15:00,7.0,4177,Mack Hollins,WR,3.3,1.9,1.4,3.3,3.58,3.55
2026-09-09 21:53:04,SEA,in,0.5,Q3 15:00,-7.0,12521,Elijah Arroyo,TE,3.9,0.0,1.89,1.89,1.71,1.95
2026-09-09 21:53:04,NE,in,0.5,Q3 15:00,7.0,9501,Demario Douglas,WR,5.6,3.0,2.35,5.35,5.82,5.8
2026-09-09 21:53:04,SEA,in,0.5,Q3 15:00,-7.0,2747,Jason Myers,K,8.5,0.0,3.72,3.72,3.72,4.25
2026-09-09 21:53:04,NE,in,0.5,Q3 15:00,7.0,12713,Andy Borregales,K,7.1,1.0,3.23,4.23,4.23,4.55
2026-09-09 21:53:04,SEA,in,0.5,Q3 15:00,-7.0,SEA,Seattle Seahawks D/ST,DST,7.2,4.0,3.65,7.65,7.65,7.6
2026-09-09 21:53:04,NE,in,0.5,Q3 15:00,7.0,NE,New England Patriots D/ST,DST,5.8,12.0,4.04,16.04,16.04,14.9
2026-09-09 21:53:04,NE,in,0.5,Q3 15:00,7.0,13421,Eli Raridon,TE,1.8,7.2,1.26,8.46,8.89,8.1
2026-09-09 21:54:04,SEA,in,0.502,Q3 14:53,-7.0,9488,Jaxon Smith-Njigba,WR,19.4,10.3,10.22,20.52,20.03,19.96
2026-09-09 21:54:04,NE,in,0.502,Q3 14:53,7.0,5859,A.J. Brown,WR,16.3,5.6,6.56,12.16,13.4,13.72
2026-09-09 21:54:04,NE,in,0.502,Q3 14:53,7.0,11564,Drake Maye,QB,19.4,10.76,8.29,19.05,20.55,20.42
2026-09-09 21:54:04,NE,in,0.502,Q3 14:53,7.0,7611,Rhamondre Stevenson,RB,17.5,3.3,7.21,10.51,11.33,12.02
2026-09-09 21:54:04,SEA,in,0.502,Q3 14:53,-7.0,13286,Jadarian Price,RB,12.0,4.2,5.66,9.86,9.95,10.18
2026-09-09 21:54:04,NE,in,0.502,Q3 14:53,7.0,8121,Romeo Doubs,WR,9.7,0.0,3.63,3.63,4.22,4.83
2026-09-09 21:54:04,SEA,in,0.502,Q3 14:53,-7.0,4943,Sam Darnold,QB,16.4,0.52,8.03,8.55,7.73,8.69
2026-09-09 21:54:04,SEA,in,0.502,Q3 14:53,-7.0,8676,Rashid Shaheed,WR,8.5,0.0,4.11,4.11,3.7,4.23
2026-09-09 21:54:04,NE,in,0.502,Q3 14:53,7.0,3214,Hunter Henry,TE,9.7,3.6,3.92,7.52,8.27,8.43
2026-09-09 21:54:04,SEA,in,0.502,Q3 14:53,-7.0,11435,Emanuel Wilson,RB,1.8,0.3,0.79,1.09,1.12,1.2
2026-09-09 21:54:04,SEA,in,0.502,Q3 14:53,-7.0,11603,A.J. Barner,TE,7.9,1.4,3.94,5.34,5.02,5.33
2026-09-09 21:54:04,SEA,in,0.502,Q3 14:53,-7.0,12048,George Holani,RB,6.6,2.3,3.11,5.41,5.46,5.59
2026-09-09 21:54:04,SEA,in,0.502,Q3 14:53,-7.0,4039,Cooper Kupp,WR,7.4,0.0,3.58,3.58,3.22,3.69
2026-09-09 21:54:04,NE,in,0.502,Q3 14:53,7.0,4177,Mack Hollins,WR,3.3,1.9,1.39,3.29,3.57,3.54
2026-09-09 21:54:04,SEA,in,0.502,Q3 14:53,-7.0,12521,Elijah Arroyo,TE,3.9,0.0,1.89,1.89,1.7,1.94
2026-09-09 21:54:04,NE,in,0.502,Q3 14:53,7.0,9501,Demario Douglas,WR,5.6,3.0,2.34,5.34,5.81,5.79
2026-09-09 21:54:04,SEA,in,0.502,Q3 14:53,-7.0,2747,Jason Myers,K,8.5,0.0,3.7,3.7,3.7,4.23
2026-09-09 21:54:04,NE,in,0.502,Q3 14:53,7.0,12713,Andy Borregales,K,7.1,1.0,3.22,4.22,4.22,4.54
2026-09-09 21:54:04,SEA,in,0.502,Q3 14:53,-7.0,SEA,Seattle Seahawks D/ST,DST,7.2,4.0,3.63,7.63,7.63,7.59
2026-09-09 21:54:04,NE,in,0.502,Q3 14:53,7.0,NE,New England Patriots D/ST,DST,5.8,12.0,4.02,16.02,16.02,14.89
2026-09-09 21:54:04,NE,in,0.502,Q3 14:53,7.0,13421,Eli Raridon,TE,1.8,7.2,1.26,8.46,8.88,8.1
2026-09-09 21:55:05,SEA,in,0.514,Q3 14:11,-7.0,9488,Jaxon Smith-Njigba,WR,19.4,10.3,10.02,20.32,19.78,19.74
2026-09-09 21:55:05,NE,in,0.514,Q3 14:11,7.0,5859,A.J. Brown,WR,16.3,5.6,6.4,12.0,13.19,13.53
2026-09-09 21:55:05,NE,in,0.514,Q3 14:11,7.0,11564,Drake Maye,QB,19.4,10.76,8.1,18.86,20.29,20.2
2026-09-09 21:55:05,NE,in,0.514,Q3 14:11,7.0,7611,Rhamondre Stevenson,RB,17.5,3.3,7.01,10.31,11.12,11.81
2026-09-09 21:55:05,SEA,in,0.514,Q3 14:11,-7.0,13286,Jadarian Price,RB,12.0,4.2,5.51,9.71,9.8,10.04
2026-09-09 21:55:05,NE,in,0.514,Q3 14:11,7.0,8121,Romeo Doubs,WR,9.7,0.0,3.55,3.55,4.11,4.72
2026-09-09 21:55:05,SEA,in,0.514,Q3 14:11,-7.0,4943,Sam Darnold,QB,16.4,0.52,7.88,8.4,7.54,8.5
2026-09-09 21:55:05,SEA,in,0.514,Q3 14:11,-7.0,8676,Rashid Shaheed,WR,8.5,0.0,4.03,4.03,3.6,4.13
2026-09-09 21:55:05,NE,in,0.514,Q3 14:11,7.0,3214,Hunter Henry,TE,9.7,3.6,3.83,7.43,8.15,8.32
2026-09-09 21:55:05,SEA,in,0.514,Q3 14:11,-7.0,11435,Emanuel Wilson,RB,1.8,0.3,0.77,1.07,1.1,1.18
2026-09-09 21:55:05,SEA,in,0.514,Q3 14:11,-7.0,11603,A.J. Barner,TE,7.9,1.4,3.86,5.26,4.92,5.24
2026-09-09 21:55:05,SEA,in,0.514,Q3 14:11,-7.0,12048,George Holani,RB,6.6,2.3,3.03,5.33,5.38,5.51
2026-09-09 21:55:05,SEA,in,0.514,Q3 14:11,-7.0,4039,Cooper Kupp,WR,7.4,0.0,3.51,3.51,3.14,3.6
2026-09-09 21:55:05,NE,in,0.514,Q3 14:11,7.0,4177,Mack Hollins,WR,3.3,1.9,1.36,3.26,3.53,3.51
2026-09-09 21:55:05,SEA,in,0.514,Q3 14:11,-7.0,12521,Elijah Arroyo,TE,3.9,0.0,1.85,1.85,1.65,1.9
2026-09-09 21:55:05,NE,in,0.514,Q3 14:11,7.0,9501,Demario Douglas,WR,5.6,3.0,2.28,5.28,5.74,5.72
2026-09-09 21:55:05,SEA,in,0.514,Q3 14:11,-7.0,2747,Jason Myers,K,8.5,0.0,3.6,3.6,3.6,4.13
2026-09-09 21:55:05,NE,in,0.514,Q3 14:11,7.0,12713,Andy Borregales,K,7.1,1.0,3.13,4.13,4.13,4.45
2026-09-09 21:55:05,SEA,in,0.514,Q3 14:11,-7.0,SEA,Seattle Seahawks D/ST,DST,7.2,4.0,3.54,7.54,7.54,7.5
2026-09-09 21:55:05,NE,in,0.514,Q3 14:11,7.0,NE,New England Patriots D/ST,DST,5.8,12.0,3.92,15.92,15.92,14.82
2026-09-09 21:55:05,NE,in,0.514,Q3 14:11,7.0,13421,Eli Raridon,TE,1.8,7.2,1.23,8.43,8.84,8.08
2026-09-09 21:56:05,SEA,in,0.525,Q3 13:30,-7.0,9488,Jaxon Smith-Njigba,WR,19.4,10.3,9.82,20.12,19.53,19.52
2026-09-09 21:56:05,NE,in,0.525,Q3 13:30,7.0,5859,A.J. Brown,WR,16.3,5.6,6.25,11.85,12.99,13.34
2026-09-09 21:56:05,NE,in,0.525,Q3 13:30,7.0,11564,Drake Maye,QB,19.4,10.76,7.91,18.67,20.04,19.97
2026-09-09 21:56:05,NE,in,0.525,Q3 13:30,7.0,7611,Rhamondre Stevenson,RB,17.5,3.9,6.9,10.8,11.58,12.21
2026-09-09 21:56:05,SEA,in,0.525,Q3 13:30,-7.0,13286,Jadarian Price,RB,12.0,4.2,5.36,9.56,9.65,9.9
2026-09-09 21:56:05,NE,in,0.525,Q3 13:30,7.0,8121,Romeo Doubs,WR,9.7,0.0,3.46,3.46,4.0,4.61
2026-09-09 21:56:05,SEA,in,0.525,Q3 13:30,-7.0,4943,Sam Darnold,QB,16.4,0.52,7.72,8.24,7.35,8.31
2026-09-09 21:56:05,SEA,in,0.525,Q3 13:30,-7.0,8676,Rashid Shaheed,WR,8.5,0.0,3.95,3.95,3.51,4.04
2026-09-09 21:56:05,NE,in,0.525,Q3 13:30,7.0,3214,Hunter Henry,TE,9.7,3.6,3.74,7.34,8.03,8.21
2026-09-09 21:56:05,SEA,in,0.525,Q3 13:30,-7.0,11435,Emanuel Wilson,RB,1.8,0.3,0.75,1.05,1.08,1.16
2026-09-09 21:56:05,SEA,in,0.525,Q3 13:30,-7.0,11603,A.J. Barner,TE,7.9,1.4,3.78,5.18,4.83,5.15
2026-09-09 21:56:05,SEA,in,0.525,Q3 13:30,-7.0,12048,George Holani,RB,6.6,2.3,2.95,5.25,5.3,5.43
2026-09-09 21:56:05,SEA,in,0.525,Q3 13:30,-7.0,4039,Cooper Kupp,WR,7.4,0.0,3.44,3.44,3.05,3.52
2026-09-09 21:56:05,NE,in,0.525,Q3 13:30,7.0,4177,Mack Hollins,WR,3.3,1.9,1.32,3.22,3.49,3.47
2026-09-09 21:56:05,SEA,in,0.525,Q3 13:30,-7.0,12521,Elijah Arroyo,TE,3.9,0.0,1.81,1.81,1.61,1.85
2026-09-09 21:56:05,NE,in,0.525,Q3 13:30,7.0,9501,Demario Douglas,WR,5.6,3.0,2.23,5.23,5.67,5.66
2026-09-09 21:56:05,SEA,in,0.525,Q3 13:30,-7.0,2747,Jason Myers,K,8.5,0.0,3.51,3.51,3.51,4.04
2026-09-09 21:56:05,NE,in,0.525,Q3 13:30,7.0,12713,Andy Borregales,K,7.1,1.0,3.05,4.05,4.05,4.37
2026-09-09 21:56:05,SEA,in,0.525,Q3 13:30,-7.0,SEA,Seattle Seahawks D/ST,DST,7.2,4.0,3.45,7.45,7.45,7.42
2026-09-09 21:56:05,NE,in,0.525,Q3 13:30,7.0,NE,New England Patriots D/ST,DST,5.8,12.0,3.82,15.82,15.82,14.75
2026-09-09 21:56:05,NE,in,0.525,Q3 13:30,7.0,13421,Eli Raridon,TE,1.8,7.2,1.2,8.4,8.8,8.05
2026-09-09 21:57:06,SEA,in,0.526,Q3 13:26,-7.0,9488,Jaxon Smith-Njigba,WR,19.4,10.3,9.8,20.1,19.5,19.49
2026-09-09 21:57:06,NE,in,0.526,Q3 13:26,7.0,5859,A.J. Brown,WR,16.3,5.6,6.24,11.84,12.97,13.32
2026-09-09 21:57:06,NE,in,0.526,Q3 13:26,7.0,11564,Drake Maye,QB,19.4,10.76,7.89,18.65,20.02,19.95
2026-09-09 21:57:06,NE,in,0.526,Q3 13:26,7.0,7611,Rhamondre Stevenson,RB,17.5,3.9,6.89,10.79,11.56,12.19
2026-09-09 21:57:06,SEA,in,0.526,Q3 13:26,-7.0,13286,Jadarian Price,RB,12.0,4.2,5.35,9.55,9.64,9.89
2026-09-09 21:57:06,NE,in,0.526,Q3 13:26,7.0,8121,Romeo Doubs,WR,9.7,0.0,3.45,3.45,3.99,4.6
2026-09-09 21:57:06,SEA,in,0.526,Q3 13:26,-7.0,4943,Sam Darnold,QB,16.4,0.52,7.71,8.23,7.33,8.29
2026-09-09 21:57:06,SEA,in,0.526,Q3 13:26,-7.0,8676,Rashid Shaheed,WR,8.5,0.0,3.94,3.94,3.5,4.03
2026-09-09 21:57:06,NE,in,0.526,Q3 13:26,7.0,3214,Hunter Henry,TE,9.7,3.6,3.73,7.33,8.02,8.2
2026-09-09 21:57:06,SEA,in,0.526,Q3 13:26,-7.0,11435,Emanuel Wilson,RB,1.8,0.3,0.75,1.05,1.08,1.15
2026-09-09 21:57:06,SEA,in,0.526,Q3 13:26,-7.0,11603,A.J. Barner,TE,7.9,1.4,3.77,5.17,4.82,5.14
2026-09-09 21:57:06,SEA,in,0.526,Q3 13:26,-7.0,12048,George Holani,RB,6.6,2.3,2.94,5.24,5.29,5.43
2026-09-09 21:57:06,SEA,in,0.526,Q3 13:26,-7.0,4039,Cooper Kupp,WR,7.4,0.0,3.43,3.43,3.05,3.51
2026-09-09 21:57:06,NE,in,0.526,Q3 13:26,7.0,4177,Mack Hollins,WR,3.3,1.9,1.32,3.22,3.48,3.46
2026-09-09 21:57:06,SEA,in,0.526,Q3 13:26,-7.0,12521,Elijah Arroyo,TE,3.9,0.0,1.81,1.81,1.61,1.85
2026-09-09 21:57:06,NE,in,0.526,Q3 13:26,7.0,9501,Demario Douglas,WR,5.6,3.0,2.23,5.23,5.66,5.65
2026-09-09 21:57:06,SEA,in,0.526,Q3 13:26,-7.0,2747,Jason Myers,K,8.5,0.0,3.5,3.5,3.5,4.03
2026-09-09 21:57:06,NE,in,0.526,Q3 13:26,7.0,12713,Andy Borregales,K,7.1,1.0,3.04,4.04,4.04,4.36
2026-09-09 21:57:06,SEA,in,0.526,Q3 13:26,-7.0,SEA,Seattle Seahawks D/ST,DST,7.2,4.0,3.44,7.44,7.44,7.41
2026-09-09 21:57:06,NE,in,0.526,Q3 13:26,7.0,NE,New England Patriots D/ST,DST,5.8,12.0,3.81,15.81,15.81,14.75
2026-09-09 21:57:06,NE,in,0.526,Q3 13:26,7.0,13421,Eli Raridon,TE,1.8,7.2,1.2,8.4,8.79,8.05
2026-09-09 21:58:07,SEA,in,0.526,Q3 13:26,-7.0,9488,Jaxon Smith-Njigba,WR,19.4,10.3,9.8,20.1,19.5,19.49
2026-09-09 21:58:07,NE,in,0.526,Q3 13:26,7.0,5859,A.J. Brown,WR,16.3,5.6,6.24,11.84,12.97,13.32
2026-09-09 21:58:07,NE,in,0.526,Q3 13:26,7.0,11564,Drake Maye,QB,19.4,10.76,7.89,18.65,20.02,19.95
2026-09-09 21:58:07,NE,in,0.526,Q3 13:26,7.0,7611,Rhamondre Stevenson,RB,17.5,3.9,6.89,10.79,11.56,12.19
2026-09-09 21:58:07,SEA,in,0.526,Q3 13:26,-7.0,13286,Jadarian Price,RB,12.0,4.2,5.35,9.55,9.64,9.89
2026-09-09 21:58:07,NE,in,0.526,Q3 13:26,7.0,8121,Romeo Doubs,WR,9.7,0.0,3.45,3.45,3.99,4.6
2026-09-09 21:58:07,SEA,in,0.526,Q3 13:26,-7.0,4943,Sam Darnold,QB,16.4,0.52,7.71,8.23,7.33,8.29
2026-09-09 21:58:07,SEA,in,0.526,Q3 13:26,-7.0,8676,Rashid Shaheed,WR,8.5,0.0,3.94,3.94,3.5,4.03
2026-09-09 21:58:07,NE,in,0.526,Q3 13:26,7.0,3214,Hunter Henry,TE,9.7,3.6,3.73,7.33,8.02,8.2
2026-09-09 21:58:07,SEA,in,0.526,Q3 13:26,-7.0,11435,Emanuel Wilson,RB,1.8,0.3,0.75,1.05,1.08,1.15
2026-09-09 21:58:07,SEA,in,0.526,Q3 13:26,-7.0,11603,A.J. Barner,TE,7.9,1.4,3.77,5.17,4.82,5.14
2026-09-09 21:58:07,SEA,in,0.526,Q3 13:26,-7.0,12048,George Holani,RB,6.6,2.3,2.94,5.24,5.29,5.43
2026-09-09 21:58:07,SEA,in,0.526,Q3 13:26,-7.0,4039,Cooper Kupp,WR,7.4,0.0,3.43,3.43,3.05,3.51
2026-09-09 21:58:07,NE,in,0.526,Q3 13:26,7.0,4177,Mack Hollins,WR,3.3,1.9,1.32,3.22,3.48,3.46
2026-09-09 21:58:07,SEA,in,0.526,Q3 13:26,-7.0,12521,Elijah Arroyo,TE,3.9,0.0,1.81,1.81,1.61,1.85
2026-09-09 21:58:07,NE,in,0.526,Q3 13:26,7.0,9501,Demario Douglas,WR,5.6,3.0,2.23,5.23,5.66,5.65
2026-09-09 21:58:07,SEA,in,0.526,Q3 13:26,-7.0,2747,Jason Myers,K,8.5,0.0,3.5,3.5,3.5,4.03
2026-09-09 21:58:07,NE,in,0.526,Q3 13:26,7.0,12713,Andy Borregales,K,7.1,1.0,3.04,4.04,4.04,4.36
2026-09-09 21:58:07,SEA,in,0.526,Q3 13:26,-7.0,SEA,Seattle Seahawks D/ST,DST,7.2,4.0,3.44,7.44,7.44,7.41
2026-09-09 21:58:07,NE,in,0.526,Q3 13:26,7.0,NE,New England Patriots D/ST,DST,5.8,12.0,3.81,15.81,15.81,14.75
2026-09-09 21:58:07,NE,in,0.526,Q3 13:26,7.0,13421,Eli Raridon,TE,1.8,7.2,1.2,8.4,8.79,8.05
2026-09-09 21:59:07,SEA,in,0.526,Q3 13:26,-7.0,9488,Jaxon Smith-Njigba,WR,19.4,10.3,9.8,20.1,19.5,19.49
2026-09-09 21:59:07,NE,in,0.526,Q3 13:26,7.0,5859,A.J. Brown,WR,16.3,5.6,6.24,11.84,12.97,13.32
2026-09-09 21:59:07,NE,in,0.526,Q3 13:26,7.0,11564,Drake Maye,QB,19.4,10.76,7.89,18.65,20.02,19.95
2026-09-09 21:59:07,NE,in,0.526,Q3 13:26,7.0,7611,Rhamondre Stevenson,RB,17.5,3.9,6.89,10.79,11.56,12.19
2026-09-09 21:59:07,SEA,in,0.526,Q3 13:26,-7.0,13286,Jadarian Price,RB,12.0,4.2,5.35,9.55,9.64,9.89
2026-09-09 21:59:07,NE,in,0.526,Q3 13:26,7.0,8121,Romeo Doubs,WR,9.7,0.0,3.45,3.45,3.99,4.6
2026-09-09 21:59:07,SEA,in,0.526,Q3 13:26,-7.0,4943,Sam Darnold,QB,16.4,0.52,7.71,8.23,7.33,8.29
2026-09-09 21:59:07,SEA,in,0.526,Q3 13:26,-7.0,8676,Rashid Shaheed,WR,8.5,0.0,3.94,3.94,3.5,4.03
2026-09-09 21:59:07,NE,in,0.526,Q3 13:26,7.0,3214,Hunter Henry,TE,9.7,3.6,3.73,7.33,8.02,8.2
2026-09-09 21:59:07,SEA,in,0.526,Q3 13:26,-7.0,11435,Emanuel Wilson,RB,1.8,0.3,0.75,1.05,1.08,1.15
2026-09-09 21:59:07,SEA,in,0.526,Q3 13:26,-7.0,11603,A.J. Barner,TE,7.9,1.4,3.77,5.17,4.82,5.14
2026-09-09 21:59:07,SEA,in,0.526,Q3 13:26,-7.0,12048,George Holani,RB,6.6,2.3,2.94,5.24,5.29,5.43
2026-09-09 21:59:07,SEA,in,0.526,Q3 13:26,-7.0,4039,Cooper Kupp,WR,7.4,0.0,3.43,3.43,3.05,3.51
2026-09-09 21:59:07,NE,in,0.526,Q3 13:26,7.0,4177,Mack Hollins,WR,3.3,1.9,1.32,3.22,3.48,3.46
2026-09-09 21:59:07,SEA,in,0.526,Q3 13:26,-7.0,12521,Elijah Arroyo,TE,3.9,0.0,1.81,1.81,1.61,1.85
2026-09-09 21:59:07,NE,in,0.526,Q3 13:26,7.0,9501,Demario Douglas,WR,5.6,3.0,2.23,5.23,5.66,5.65
2026-09-09 21:59:07,SEA,in,0.526,Q3 13:26,-7.0,2747,Jason Myers,K,8.5,0.0,3.5,3.5,3.5,4.03
2026-09-09 21:59:07,NE,in,0.526,Q3 13:26,7.0,12713,Andy Borregales,K,7.1,1.0,3.04,4.04,4.04,4.36
2026-09-09 21:59:07,SEA,in,0.526,Q3 13:26,-7.0,SEA,Seattle Seahawks D/ST,DST,7.2,4.0,3.44,7.44,7.44,7.41
2026-09-09 21:59:07,NE,in,0.526,Q3 13:26,7.0,NE,New England Patriots D/ST,DST,5.8,12.0,3.81,15.81,15.81,14.75
2026-09-09 21:59:07,NE,in,0.526,Q3 13:26,7.0,13421,Eli Raridon,TE,1.8,7.2,1.2,8.4,8.79,8.05
2026-09-09 22:00:08,SEA,in,0.526,Q3 13:26,-7.0,9488,Jaxon Smith-Njigba,WR,19.4,10.3,9.8,20.1,19.5,19.49
2026-09-09 22:00:08,NE,in,0.526,Q3 13:26,7.0,5859,A.J. Brown,WR,16.3,5.6,6.24,11.84,12.97,13.32
2026-09-09 22:00:08,NE,in,0.526,Q3 13:26,7.0,11564,Drake Maye,QB,19.4,10.76,7.89,18.65,20.02,19.95
2026-09-09 22:00:08,NE,in,0.526,Q3 13:26,7.0,7611,Rhamondre Stevenson,RB,17.5,3.9,6.89,10.79,11.56,12.19
2026-09-09 22:00:08,SEA,in,0.526,Q3 13:26,-7.0,13286,Jadarian Price,RB,12.0,4.2,5.35,9.55,9.64,9.89
2026-09-09 22:00:08,NE,in,0.526,Q3 13:26,7.0,8121,Romeo Doubs,WR,9.7,0.0,3.45,3.45,3.99,4.6
2026-09-09 22:00:08,SEA,in,0.526,Q3 13:26,-7.0,4943,Sam Darnold,QB,16.4,0.52,7.71,8.23,7.33,8.29
2026-09-09 22:00:08,SEA,in,0.526,Q3 13:26,-7.0,8676,Rashid Shaheed,WR,8.5,0.0,3.94,3.94,3.5,4.03
2026-09-09 22:00:08,NE,in,0.526,Q3 13:26,7.0,3214,Hunter Henry,TE,9.7,3.6,3.73,7.33,8.02,8.2
2026-09-09 22:00:08,SEA,in,0.526,Q3 13:26,-7.0,11435,Emanuel Wilson,RB,1.8,0.3,0.75,1.05,1.08,1.15
2026-09-09 22:00:08,SEA,in,0.526,Q3 13:26,-7.0,11603,A.J. Barner,TE,7.9,1.4,3.77,5.17,4.82,5.14
2026-09-09 22:00:08,SEA,in,0.526,Q3 13:26,-7.0,12048,George Holani,RB,6.6,2.3,2.94,5.24,5.29,5.43
2026-09-09 22:00:08,SEA,in,0.526,Q3 13:26,-7.0,4039,Cooper Kupp,WR,7.4,0.0,3.43,3.43,3.05,3.51
2026-09-09 22:00:08,NE,in,0.526,Q3 13:26,7.0,4177,Mack Hollins,WR,3.3,1.9,1.32,3.22,3.48,3.46
2026-09-09 22:00:08,SEA,in,0.526,Q3 13:26,-7.0,12521,Elijah Arroyo,TE,3.9,0.0,1.81,1.81,1.61,1.85
2026-09-09 22:00:08,NE,in,0.526,Q3 13:26,7.0,9501,Demario Douglas,WR,5.6,3.0,2.23,5.23,5.66,5.65
2026-09-09 22:00:08,SEA,in,0.526,Q3 13:26,-7.0,2747,Jason Myers,K,8.5,0.0,3.5,3.5,3.5,4.03
2026-09-09 22:00:08,NE,in,0.526,Q3 13:26,7.0,12713,Andy Borregales,K,7.1,1.0,3.04,4.04,4.04,4.36
2026-09-09 22:00:08,SEA,in,0.526,Q3 13:26,-7.0,SEA,Seattle Seahawks D/ST,DST,7.2,4.0,3.44,7.44,7.44,7.41
2026-09-09 22:00:08,NE,in,0.526,Q3 13:26,7.0,NE,New England Patriots D/ST,DST,5.8,12.0,3.81,15.81,15.81,14.75
2026-09-09 22:00:08,NE,in,0.526,Q3 13:26,7.0,13421,Eli Raridon,TE,1.8,7.2,1.2,8.4,8.79,8.05
2026-09-09 22:01:09,SEA,in,0.528,Q3 13:20,-7.0,9488,Jaxon Smith-Njigba,WR,19.4,10.3,9.77,20.07,19.47,19.46
2026-09-09 22:01:09,NE,in,0.528,Q3 13:20,7.0,5859,A.J. Brown,WR,16.3,5.6,6.22,11.82,12.94,13.3
2026-09-09 22:01:09,NE,in,0.528,Q3 13:20,7.0,11564,Drake Maye,QB,19.4,10.76,7.86,18.62,19.98,19.92
2026-09-09 22:01:09,NE,in,0.528,Q3 13:20,7.0,7611,Rhamondre Stevenson,RB,17.5,3.9,6.86,10.76,11.53,12.16
2026-09-09 22:01:09,SEA,in,0.528,Q3 13:20,-7.0,13286,Jadarian Price,RB,12.0,4.2,5.32,9.52,9.61,9.87
2026-09-09 22:01:09,NE,in,0.528,Q3 13:20,7.0,8121,Romeo Doubs,WR,9.7,0.0,3.44,3.44,3.98,4.58
2026-09-09 22:01:09,SEA,in,0.528,Q3 13:20,-7.0,4943,Sam Darnold,QB,16.4,0.52,7.69,8.21,7.3,8.26
2026-09-09 22:01:09,SEA,in,0.528,Q3 13:20,-7.0,8676,Rashid Shaheed,WR,8.5,0.0,3.93,3.93,3.48,4.01
2026-09-09 22:01:09,NE,in,0.528,Q3 13:20,7.0,3214,Hunter Henry,TE,9.7,3.6,3.72,7.32,8.0,8.18
2026-09-09 22:01:09,SEA,in,0.528,Q3 13:20,-7.0,11435,Emanuel Wilson,RB,1.8,0.3,0.75,1.05,1.07,1.15
2026-09-09 22:01:09,SEA,in,0.528,Q3 13:20,-7.0,11603,A.J. Barner,TE,7.9,1.4,3.76,5.16,4.8,5.13
2026-09-09 22:01:09,SEA,in,0.528,Q3 13:20,-7.0,12048,George Holani,RB,6.6,2.3,2.93,5.23,5.28,5.42
2026-09-09 22:01:09,SEA,in,0.528,Q3 13:20,-7.0,4039,Cooper Kupp,WR,7.4,0.0,3.42,3.42,3.03,3.49
2026-09-09 22:01:09,NE,in,0.528,Q3 13:20,7.0,4177,Mack Hollins,WR,3.3,1.9,1.32,3.22,3.48,3.46
2026-09-09 22:01:09,SEA,in,0.528,Q3 13:20,-7.0,12521,Elijah Arroyo,TE,3.9,0.0,1.8,1.8,1.6,1.84
2026-09-09 22:01:09,NE,in,0.528,Q3 13:20,7.0,9501,Demario Douglas,WR,5.6,3.0,2.22,5.22,5.65,5.64
2026-09-09 22:01:09,SEA,in,0.528,Q3 13:20,-7.0,2747,Jason Myers,K,8.5,0.0,3.48,3.48,3.48,4.01
2026-09-09 22:01:09,NE,in,0.528,Q3 13:20,7.0,12713,Andy Borregales,K,7.1,1.0,3.03,4.03,4.03,4.35
2026-09-09 22:01:09,SEA,in,0.528,Q3 13:20,-7.0,SEA,Seattle Seahawks D/ST,DST,7.2,4.0,3.42,7.42,7.42,7.4
2026-09-09 22:01:09,NE,in,0.528,Q3 13:20,7.0,NE,New England Patriots D/ST,DST,5.8,12.0,3.79,15.79,15.79,14.74
2026-09-09 22:01:09,NE,in,0.528,Q3 13:20,7.0,13421,Eli Raridon,TE,1.8,7.2,1.19,8.39,8.79,8.05
2026-09-09 22:02:10,SEA,in,0.539,Q3 12:41,-7.0,9488,Jaxon Smith-Njigba,WR,19.4,10.3,9.57,19.87,19.23,19.25
2026-09-09 22:02:10,NE,in,0.539,Q3 12:41,7.0,5859,A.J. Brown,WR,16.3,5.6,6.07,11.67,12.75,13.12
2026-09-09 22:02:10,NE,in,0.539,Q3 12:41,7.0,11564,Drake Maye,QB,19.4,10.56,7.65,18.21,19.52,19.51
2026-09-09 22:02:10,NE,in,0.539,Q3 12:41,7.0,7611,Rhamondre Stevenson,RB,17.5,4.4,6.75,11.15,11.89,12.47
2026-09-09 22:02:10,SEA,in,0.539,Q3 12:41,-7.0,13286,Jadarian Price,RB,12.0,4.2,5.18,9.38,9.48,9.74
2026-09-09 22:02:10,NE,in,0.539,Q3 12:41,7.0,8121,Romeo Doubs,WR,9.7,0.0,3.36,3.36,3.87,4.48
2026-09-09 22:02:10,SEA,in,0.539,Q3 12:41,-7.0,4943,Sam Darnold,QB,16.4,0.52,7.54,8.06,7.13,8.09
2026-09-09 22:02:10,SEA,in,0.539,Q3 12:41,-7.0,8676,Rashid Shaheed,WR,8.5,0.0,3.86,3.86,3.39,3.92
2026-09-09 22:02:10,NE,in,0.539,Q3 12:41,7.0,3214,Hunter Henry,TE,9.7,3.6,3.63,7.23,7.89,8.08
2026-09-09 22:02:10,SEA,in,0.539,Q3 12:41,-7.0,11435,Emanuel Wilson,RB,1.8,0.3,0.73,1.03,1.05,1.13
2026-09-09 22:02:10,SEA,in,0.539,Q3 12:41,-7.0,11603,A.J. Barner,TE,7.9,1.4,3.69,5.09,4.72,5.04
2026-09-09 22:02:10,SEA,in,0.539,Q3 12:41,-7.0,12048,George Holani,RB,6.6,2.3,2.85,5.15,5.2,5.35
2026-09-09 22:02:10,SEA,in,0.539,Q3 12:41,-7.0,4039,Cooper Kupp,WR,7.4,0.0,3.36,3.36,2.95,3.41
2026-09-09 22:02:10,NE,in,0.539,Q3 12:41,7.0,4177,Mack Hollins,WR,3.3,1.9,1.29,3.19,3.44,3.42
2026-09-09 22:02:10,SEA,in,0.539,Q3 12:41,-7.0,12521,Elijah Arroyo,TE,3.9,0.0,1.77,1.77,1.56,1.8
2026-09-09 22:02:10,NE,in,0.539,Q3 12:41,7.0,9501,Demario Douglas,WR,5.6,3.0,2.17,5.17,5.58,5.58
2026-09-09 22:02:10,SEA,in,0.539,Q3 12:41,-7.0,2747,Jason Myers,K,8.5,0.0,3.39,3.39,3.39,3.92
2026-09-09 22:02:10,NE,in,0.539,Q3 12:41,7.0,12713,Andy Borregales,K,7.1,1.0,2.95,3.95,3.95,4.28
2026-09-09 22:02:10,SEA,in,0.539,Q3 12:41,-7.0,SEA,Seattle Seahawks D/ST,DST,7.2,4.0,3.34,7.34,7.34,7.32
2026-09-09 22:02:10,NE,in,0.539,Q3 12:41,7.0,NE,New England Patriots D/ST,DST,5.8,12.0,3.7,15.7,15.7,14.68
2026-09-09 22:02:10,NE,in,0.539,Q3 12:41,7.0,13421,Eli Raridon,TE,1.8,7.2,1.17,8.37,8.75,8.03
2026-09-09 22:03:11,SEA,in,0.539,Q3 12:41,-7.0,9488,Jaxon Smith-Njigba,WR,19.4,10.3,9.57,19.87,19.23,19.25
2026-09-09 22:03:11,NE,in,0.539,Q3 12:41,7.0,5859,A.J. Brown,WR,16.3,5.6,6.07,11.67,12.75,13.12
2026-09-09 22:03:11,NE,in,0.539,Q3 12:41,7.0,11564,Drake Maye,QB,19.4,10.76,7.68,18.44,19.75,19.71
2026-09-09 22:03:11,NE,in,0.539,Q3 12:41,7.0,7611,Rhamondre Stevenson,RB,17.5,3.9,6.67,10.57,11.34,11.97
2026-09-09 22:03:11,SEA,in,0.539,Q3 12:41,-7.0,13286,Jadarian Price,RB,12.0,4.2,5.18,9.38,9.48,9.74
2026-09-09 22:03:11,NE,in,0.539,Q3 12:41,7.0,8121,Romeo Doubs,WR,9.7,0.0,3.36,3.36,3.87,4.48
2026-09-09 22:03:11,SEA,in,0.539,Q3 12:41,-7.0,4943,Sam Darnold,QB,16.4,0.52,7.54,8.06,7.13,8.09
2026-09-09 22:03:11,SEA,in,0.539,Q3 12:41,-7.0,8676,Rashid Shaheed,WR,8.5,0.0,3.86,3.86,3.39,3.92
2026-09-09 22:03:11,NE,in,0.539,Q3 12:41,7.0,3214,Hunter Henry,TE,9.7,3.6,3.63,7.23,7.89,8.08
2026-09-09 22:03:11,SEA,in,0.539,Q3 12:41,-7.0,11435,Emanuel Wilson,RB,1.8,0.3,0.73,1.03,1.05,1.13
2026-09-09 22:03:11,SEA,in,0.539,Q3 12:41,-7.0,11603,A.J. Barner,TE,7.9,1.4,3.69,5.09,4.72,5.04
2026-09-09 22:03:11,SEA,in,0.539,Q3 12:41,-7.0,12048,George Holani,RB,6.6,2.3,2.85,5.15,5.2,5.35
2026-09-09 22:03:11,SEA,in,0.539,Q3 12:41,-7.0,4039,Cooper Kupp,WR,7.4,0.0,3.36,3.36,2.95,3.41
2026-09-09 22:03:11,NE,in,0.539,Q3 12:41,7.0,4177,Mack Hollins,WR,3.3,1.9,1.29,3.19,3.44,3.42
2026-09-09 22:03:11,SEA,in,0.539,Q3 12:41,-7.0,12521,Elijah Arroyo,TE,3.9,0.0,1.77,1.77,1.56,1.8
2026-09-09 22:03:11,NE,in,0.539,Q3 12:41,7.0,9501,Demario Douglas,WR,5.6,3.0,2.17,5.17,5.58,5.58
2026-09-09 22:03:11,SEA,in,0.539,Q3 12:41,-7.0,2747,Jason Myers,K,8.5,0.0,3.39,3.39,3.39,3.92
2026-09-09 22:03:11,NE,in,0.539,Q3 12:41,7.0,12713,Andy Borregales,K,7.1,1.0,2.95,3.95,3.95,4.28
2026-09-09 22:03:11,SEA,in,0.539,Q3 12:41,-7.0,SEA,Seattle Seahawks D/ST,DST,7.2,4.0,3.34,7.34,7.34,7.32
2026-09-09 22:03:11,NE,in,0.539,Q3 12:41,7.0,NE,New England Patriots D/ST,DST,5.8,12.0,3.7,15.7,15.7,14.68
2026-09-09 22:03:11,NE,in,0.539,Q3 12:41,7.0,13421,Eli Raridon,TE,1.8,7.2,1.17,8.37,8.75,8.03
2026-09-09 22:04:11,SEA,in,0.552,Q3 11:53,-7.0,9488,Jaxon Smith-Njigba,WR,19.4,10.3,9.34,19.64,18.95,18.99
2026-09-09 22:04:11,NE,in,0.552,Q3 11:53,7.0,5859,A.J. Brown,WR,16.3,5.6,5.89,11.49,12.52,12.9
2026-09-09 22:04:11,NE,in,0.552,Q3 11:53,7.0,11564,Drake Maye,QB,19.4,10.96,7.48,18.44,19.68,19.65
2026-09-09 22:04:11,NE,in,0.552,Q3 11:53,7.0,7611,Rhamondre Stevenson,RB,17.5,5.4,6.66,12.06,12.76,13.24
2026-09-09 22:04:11,SEA,in,0.552,Q3 11:53,-7.0,13286,Jadarian Price,RB,12.0,4.2,5.01,9.21,9.31,9.58
2026-09-09 22:04:11,NE,in,0.552,Q3 11:53,7.0,8121,Romeo Doubs,WR,9.7,0.0,3.26,3.26,3.75,4.35
2026-09-09 22:04:11,SEA,in,0.552,Q3 11:53,-7.0,4943,Sam Darnold,QB,16.4,0.52,7.35,7.87,6.91,7.87
2026-09-09 22:04:11,SEA,in,0.552,Q3 11:53,-7.0,8676,Rashid Shaheed,WR,8.5,0.0,3.76,3.76,3.28,3.81
2026-09-09 22:04:11,NE,in,0.552,Q3 11:53,7.0,3214,Hunter Henry,TE,9.7,3.6,3.53,7.13,7.75,7.95
2026-09-09 22:04:11,SEA,in,0.552,Q3 11:53,-7.0,11435,Emanuel Wilson,RB,1.8,0.3,0.7,1.0,1.03,1.11
2026-09-09 22:04:11,SEA,in,0.552,Q3 11:53,-7.0,11603,A.J. Barner,TE,7.9,1.4,3.6,5.0,4.61,4.94
2026-09-09 22:04:11,SEA,in,0.552,Q3 11:53,-7.0,12048,George Holani,RB,6.6,2.3,2.76,5.06,5.11,5.26
2026-09-09 22:04:11,SEA,in,0.552,Q3 11:53,-7.0,4039,Cooper Kupp,WR,7.4,0.0,3.27,3.27,2.86,3.32
2026-09-09 22:04:11,NE,in,0.552,Q3 11:53,7.0,4177,Mack Hollins,WR,3.3,1.9,1.25,3.15,3.39,3.38
2026-09-09 22:04:11,SEA,in,0.552,Q3 11:53,-7.0,12521,Elijah Arroyo,TE,3.9,0.0,1.73,1.73,1.51,1.75
2026-09-09 22:04:11,NE,in,0.552,Q3 11:53,7.0,9501,Demario Douglas,WR,5.6,3.0,2.1,5.1,5.5,5.51
2026-09-09 22:04:11,SEA,in,0.552,Q3 11:53,-7.0,2747,Jason Myers,K,8.5,0.0,3.28,3.28,3.28,3.81
2026-09-09 22:04:11,NE,in,0.552,Q3 11:53,7.0,12713,Andy Borregales,K,7.1,6.0,3.41,9.41,9.41,9.18
2026-09-09 22:04:11,SEA,in,0.552,Q3 11:53,-7.0,SEA,Seattle Seahawks D/ST,DST,7.2,4.0,3.23,7.23,7.23,7.23
2026-09-09 22:04:11,NE,in,0.552,Q3 11:53,7.0,NE,New England Patriots D/ST,DST,5.8,12.0,3.58,15.58,15.58,14.6
2026-09-09 22:04:11,NE,in,0.552,Q3 11:53,7.0,13421,Eli Raridon,TE,1.8,7.2,1.13,8.33,8.7,8.01
2026-09-09 22:05:12,SEA,in,0.553,Q3 11:49,-10.0,9488,Jaxon Smith-Njigba,WR,19.4,10.3,9.75,20.05,18.92,18.97
2026-09-09 22:05:12,NE,in,0.553,Q3 11:49,10.0,5859,A.J. Brown,WR,16.3,5.6,5.51,11.11,12.5,12.89
2026-09-09 22:05:12,NE,in,0.553,Q3 11:49,10.0,11564,Drake Maye,QB,19.4,10.96,6.89,17.85,19.66,19.63
2026-09-09 22:05:12,NE,in,0.553,Q3 11:49,10.0,7611,Rhamondre Stevenson,RB,17.5,5.4,6.53,11.93,12.74,13.22
2026-09-09 22:05:12,SEA,in,0.553,Q3 11:49,-10.0,13286,Jadarian Price,RB,12.0,4.2,5.08,9.28,9.29,9.56
2026-09-09 22:05:12,NE,in,0.553,Q3 11:49,10.0,8121,Romeo Doubs,WR,9.7,0.0,3.04,3.04,3.74,4.34
2026-09-09 22:05:12,SEA,in,0.553,Q3 11:49,-10.0,4943,Sam Darnold,QB,16.4,0.52,7.82,8.34,6.89,7.85
2026-09-09 22:05:12,SEA,in,0.553,Q3 11:49,-10.0,8676,Rashid Shaheed,WR,8.5,0.0,3.94,3.94,3.27,3.8
2026-09-09 22:05:12,NE,in,0.553,Q3 11:49,10.0,3214,Hunter Henry,TE,9.7,3.6,3.3,6.9,7.74,7.94
2026-09-09 22:05:12,SEA,in,0.553,Q3 11:49,-10.0,11435,Emanuel Wilson,RB,1.8,0.3,0.71,1.01,1.03,1.1
2026-09-09 22:05:12,SEA,in,0.553,Q3 11:49,-10.0,11603,A.J. Barner,TE,7.9,1.4,3.77,5.17,4.6,4.93
2026-09-09 22:05:12,SEA,in,0.553,Q3 11:49,-10.0,12048,George Holani,RB,6.6,2.3,2.79,5.09,5.1,5.25
2026-09-09 22:05:12,SEA,in,0.553,Q3 11:49,-10.0,4039,Cooper Kupp,WR,7.4,0.0,3.43,3.43,2.85,3.31
2026-09-09 22:05:12,NE,in,0.553,Q3 11:49,10.0,4177,Mack Hollins,WR,3.3,1.9,1.17,3.07,3.38,3.37
2026-09-09 22:05:12,SEA,in,0.553,Q3 11:49,-10.0,12521,Elijah Arroyo,TE,3.9,0.0,1.81,1.81,1.5,1.74
2026-09-09 22:05:12,NE,in,0.553,Q3 11:49,10.0,9501,Demario Douglas,WR,5.6,3.0,1.97,4.97,5.49,5.5
2026-09-09 22:05:12,SEA,in,0.553,Q3 11:49,-10.0,2747,Jason Myers,K,8.5,0.0,3.27,3.27,3.27,3.8
2026-09-09 22:05:12,NE,in,0.553,Q3 11:49,10.0,12713,Andy Borregales,K,7.1,6.0,3.4,9.4,9.4,9.17
2026-09-09 22:05:12,SEA,in,0.553,Q3 11:49,-10.0,SEA,Seattle Seahawks D/ST,DST,7.2,4.0,3.22,7.22,7.22,7.22
2026-09-09 22:05:12,NE,in,0.553,Q3 11:49,10.0,NE,New England Patriots D/ST,DST,5.8,12.0,3.57,15.57,15.57,14.59
2026-09-09 22:05:12,NE,in,0.553,Q3 11:49,10.0,13421,Eli Raridon,TE,1.8,7.2,1.09,8.29,8.7,8.0
2026-09-09 22:06:13,SEA,in,0.553,Q3 11:49,-10.0,9488,Jaxon Smith-Njigba,WR,19.4,10.3,9.75,20.05,18.92,18.97
2026-09-09 22:06:13,NE,in,0.553,Q3 11:49,10.0,5859,A.J. Brown,WR,16.3,5.6,5.51,11.11,12.5,12.89
2026-09-09 22:06:13,NE,in,0.553,Q3 11:49,10.0,11564,Drake Maye,QB,19.4,10.96,6.89,17.85,19.66,19.63
2026-09-09 22:06:13,NE,in,0.553,Q3 11:49,10.0,7611,Rhamondre Stevenson,RB,17.5,5.4,6.53,11.93,12.74,13.22
2026-09-09 22:06:13,SEA,in,0.553,Q3 11:49,-10.0,13286,Jadarian Price,RB,12.0,4.2,5.08,9.28,9.29,9.56
2026-09-09 22:06:13,NE,in,0.553,Q3 11:49,10.0,8121,Romeo Doubs,WR,9.7,0.0,3.04,3.04,3.74,4.34
2026-09-09 22:06:13,SEA,in,0.553,Q3 11:49,-10.0,4943,Sam Darnold,QB,16.4,0.52,7.82,8.34,6.89,7.85
2026-09-09 22:06:13,SEA,in,0.553,Q3 11:49,-10.0,8676,Rashid Shaheed,WR,8.5,0.0,3.94,3.94,3.27,3.8
2026-09-09 22:06:13,NE,in,0.553,Q3 11:49,10.0,3214,Hunter Henry,TE,9.7,3.6,3.3,6.9,7.74,7.94
2026-09-09 22:06:13,SEA,in,0.553,Q3 11:49,-10.0,11435,Emanuel Wilson,RB,1.8,0.3,0.71,1.01,1.03,1.1
2026-09-09 22:06:13,SEA,in,0.553,Q3 11:49,-10.0,11603,A.J. Barner,TE,7.9,1.4,3.77,5.17,4.6,4.93
2026-09-09 22:06:13,SEA,in,0.553,Q3 11:49,-10.0,12048,George Holani,RB,6.6,2.3,2.79,5.09,5.1,5.25
2026-09-09 22:06:13,SEA,in,0.553,Q3 11:49,-10.0,4039,Cooper Kupp,WR,7.4,0.0,3.43,3.43,2.85,3.31
2026-09-09 22:06:13,NE,in,0.553,Q3 11:49,10.0,4177,Mack Hollins,WR,3.3,1.9,1.17,3.07,3.38,3.37
2026-09-09 22:06:13,SEA,in,0.553,Q3 11:49,-10.0,12521,Elijah Arroyo,TE,3.9,0.0,1.81,1.81,1.5,1.74
2026-09-09 22:06:13,NE,in,0.553,Q3 11:49,10.0,9501,Demario Douglas,WR,5.6,3.0,1.97,4.97,5.49,5.5
2026-09-09 22:06:13,SEA,in,0.553,Q3 11:49,-10.0,2747,Jason Myers,K,8.5,0.0,3.27,3.27,3.27,3.8
2026-09-09 22:06:13,NE,in,0.553,Q3 11:49,10.0,12713,Andy Borregales,K,7.1,6.0,3.4,9.4,9.4,9.17
2026-09-09 22:06:13,SEA,in,0.553,Q3 11:49,-10.0,SEA,Seattle Seahawks D/ST,DST,7.2,4.0,3.22,7.22,7.22,7.22
2026-09-09 22:06:13,NE,in,0.553,Q3 11:49,10.0,NE,New England Patriots D/ST,DST,5.8,12.0,3.57,15.57,15.57,14.59
2026-09-09 22:06:13,NE,in,0.553,Q3 11:49,10.0,13421,Eli Raridon,TE,1.8,7.2,1.09,8.29,8.7,8.0
2026-09-09 22:07:13,SEA,in,0.553,Q3 11:49,-10.0,9488,Jaxon Smith-Njigba,WR,19.4,10.3,9.75,20.05,18.92,18.97
2026-09-09 22:07:13,NE,in,0.553,Q3 11:49,10.0,5859,A.J. Brown,WR,16.3,5.6,5.51,11.11,12.5,12.89
2026-09-09 22:07:13,NE,in,0.553,Q3 11:49,10.0,11564,Drake Maye,QB,19.4,10.96,6.89,17.85,19.66,19.63
2026-09-09 22:07:13,NE,in,0.553,Q3 11:49,10.0,7611,Rhamondre Stevenson,RB,17.5,5.4,6.53,11.93,12.74,13.22
2026-09-09 22:07:13,SEA,in,0.553,Q3 11:49,-10.0,13286,Jadarian Price,RB,12.0,4.2,5.08,9.28,9.29,9.56
2026-09-09 22:07:13,NE,in,0.553,Q3 11:49,10.0,8121,Romeo Doubs,WR,9.7,0.0,3.04,3.04,3.74,4.34
2026-09-09 22:07:13,SEA,in,0.553,Q3 11:49,-10.0,4943,Sam Darnold,QB,16.4,0.52,7.82,8.34,6.89,7.85
2026-09-09 22:07:13,SEA,in,0.553,Q3 11:49,-10.0,8676,Rashid Shaheed,WR,8.5,0.0,3.94,3.94,3.27,3.8
2026-09-09 22:07:13,NE,in,0.553,Q3 11:49,10.0,3214,Hunter Henry,TE,9.7,3.6,3.3,6.9,7.74,7.94
2026-09-09 22:07:13,SEA,in,0.553,Q3 11:49,-10.0,11435,Emanuel Wilson,RB,1.8,0.3,0.71,1.01,1.03,1.1
2026-09-09 22:07:13,SEA,in,0.553,Q3 11:49,-10.0,11603,A.J. Barner,TE,7.9,1.4,3.77,5.17,4.6,4.93
2026-09-09 22:07:13,SEA,in,0.553,Q3 11:49,-10.0,12048,George Holani,RB,6.6,2.3,2.79,5.09,5.1,5.25
2026-09-09 22:07:13,SEA,in,0.553,Q3 11:49,-10.0,4039,Cooper Kupp,WR,7.4,0.0,3.43,3.43,2.85,3.31
2026-09-09 22:07:13,NE,in,0.553,Q3 11:49,10.0,4177,Mack Hollins,WR,3.3,1.9,1.17,3.07,3.38,3.37
2026-09-09 22:07:13,SEA,in,0.553,Q3 11:49,-10.0,12521,Elijah Arroyo,TE,3.9,0.0,1.81,1.81,1.5,1.74
2026-09-09 22:07:13,NE,in,0.553,Q3 11:49,10.0,9501,Demario Douglas,WR,5.6,3.0,1.97,4.97,5.49,5.5
2026-09-09 22:07:13,SEA,in,0.553,Q3 11:49,-10.0,2747,Jason Myers,K,8.5,0.0,3.27,3.27,3.27,3.8
2026-09-09 22:07:13,NE,in,0.553,Q3 11:49,10.0,12713,Andy Borregales,K,7.1,6.0,3.4,9.4,9.4,9.17
2026-09-09 22:07:13,SEA,in,0.553,Q3 11:49,-10.0,SEA,Seattle Seahawks D/ST,DST,7.2,4.0,3.22,7.22,7.22,7.22
2026-09-09 22:07:13,NE,in,0.553,Q3 11:49,10.0,NE,New England Patriots D/ST,DST,5.8,12.0,3.57,15.57,15.57,14.59
2026-09-09 22:07:13,NE,in,0.553,Q3 11:49,10.0,13421,Eli Raridon,TE,1.8,7.2,1.09,8.29,8.7,8.0
2026-09-09 22:08:14,SEA,in,0.554,Q3 11:44,-10.0,9488,Jaxon Smith-Njigba,WR,19.4,10.3,9.73,20.03,18.89,18.94
2026-09-09 22:08:14,NE,in,0.554,Q3 11:44,10.0,5859,A.J. Brown,WR,16.3,5.6,5.49,11.09,12.48,12.86
2026-09-09 22:08:14,NE,in,0.554,Q3 11:44,10.0,11564,Drake Maye,QB,19.4,10.96,6.87,17.83,19.63,19.6
2026-09-09 22:08:14,NE,in,0.554,Q3 11:44,10.0,7611,Rhamondre Stevenson,RB,17.5,5.4,6.51,11.91,12.72,13.2
2026-09-09 22:08:14,SEA,in,0.554,Q3 11:44,-10.0,13286,Jadarian Price,RB,12.0,4.2,5.06,9.26,9.27,9.55
2026-09-09 22:08:14,NE,in,0.554,Q3 11:44,10.0,8121,Romeo Doubs,WR,9.7,0.0,3.03,3.03,3.72,4.32
2026-09-09 22:08:14,SEA,in,0.554,Q3 11:44,-10.0,4943,Sam Darnold,QB,16.4,0.52,7.8,8.32,6.87,7.83
2026-09-09 22:08:14,SEA,in,0.554,Q3 11:44,-10.0,8676,Rashid Shaheed,WR,8.5,0.0,3.93,3.93,3.26,3.79
2026-09-09 22:08:14,NE,in,0.554,Q3 11:44,10.0,3214,Hunter Henry,TE,9.7,3.6,3.29,6.89,7.72,7.92
2026-09-09 22:08:14,SEA,in,0.554,Q3 11:44,-10.0,11435,Emanuel Wilson,RB,1.8,0.3,0.71,1.01,1.02,1.1
2026-09-09 22:08:14,SEA,in,0.554,Q3 11:44,-10.0,11603,A.J. Barner,TE,7.9,1.4,3.76,5.16,4.59,4.92
2026-09-09 22:08:14,SEA,in,0.554,Q3 11:44,-10.0,12048,George Holani,RB,6.6,2.3,2.78,5.08,5.09,5.24
2026-09-09 22:08:14,SEA,in,0.554,Q3 11:44,-10.0,4039,Cooper Kupp,WR,7.4,0.0,3.43,3.43,2.84,3.3
2026-09-09 22:08:14,NE,in,0.554,Q3 11:44,10.0,4177,Mack Hollins,WR,3.3,1.9,1.17,3.07,3.38,3.37
2026-09-09 22:08:14,SEA,in,0.554,Q3 11:44,-10.0,12521,Elijah Arroyo,TE,3.9,0.0,1.81,1.81,1.5,1.74
2026-09-09 22:08:14,NE,in,0.554,Q3 11:44,10.0,9501,Demario Douglas,WR,5.6,3.0,1.97,4.97,5.48,5.5
2026-09-09 22:08:14,SEA,in,0.554,Q3 11:44,-10.0,2747,Jason Myers,K,8.5,0.0,3.26,3.26,3.26,3.79
2026-09-09 22:08:14,NE,in,0.554,Q3 11:44,10.0,12713,Andy Borregales,K,7.1,6.0,3.39,9.39,9.39,9.16
2026-09-09 22:08:14,SEA,in,0.554,Q3 11:44,-10.0,SEA,Seattle Seahawks D/ST,DST,7.2,4.0,3.21,7.21,7.21,7.21
2026-09-09 22:08:14,NE,in,0.554,Q3 11:44,10.0,NE,New England Patriots D/ST,DST,5.8,12.0,3.56,15.56,15.56,14.58
2026-09-09 22:08:14,NE,in,0.554,Q3 11:44,10.0,13421,Eli Raridon,TE,1.8,7.2,1.09,8.29,8.69,8.0
2026-09-09 22:09:14,SEA,in,0.578,Q3 10:21,-10.0,9488,Jaxon Smith-Njigba,WR,19.4,10.3,9.3,19.6,18.4,18.5
2026-09-09 22:09:14,NE,in,0.578,Q3 10:21,10.0,5859,A.J. Brown,WR,16.3,5.6,5.19,10.79,12.08,12.49
2026-09-09 22:09:14,NE,in,0.578,Q3 10:21,10.0,11564,Drake Maye,QB,19.4,10.96,6.48,17.44,19.13,19.16
2026-09-09 22:09:14,NE,in,0.578,Q3 10:21,10.0,7611,Rhamondre Stevenson,RB,17.5,5.4,6.11,11.51,12.3,12.79
2026-09-09 22:09:14,SEA,in,0.578,Q3 10:21,-10.0,13286,Jadarian Price,RB,12.0,3.9,4.72,8.62,8.65,8.97
2026-09-09 22:09:14,NE,in,0.578,Q3 10:21,10.0,8121,Romeo Doubs,WR,9.7,0.0,2.86,2.86,3.51,4.1
2026-09-09 22:09:14,SEA,in,0.578,Q3 10:21,-10.0,4943,Sam Darnold,QB,16.4,0.52,7.46,7.98,6.5,7.45
2026-09-09 22:09:14,SEA,in,0.578,Q3 10:21,-10.0,8676,Rashid Shaheed,WR,8.5,0.0,3.76,3.76,3.07,3.59
2026-09-09 22:09:14,NE,in,0.578,Q3 10:21,10.0,3214,Hunter Henry,TE,9.7,3.6,3.11,6.71,7.49,7.7
2026-09-09 22:09:14,SEA,in,0.578,Q3 10:21,-10.0,11435,Emanuel Wilson,RB,1.8,0.3,0.67,0.97,0.98,1.06
2026-09-09 22:09:14,SEA,in,0.578,Q3 10:21,-10.0,11603,A.J. Barner,TE,7.9,1.4,3.59,4.99,4.4,4.74
2026-09-09 22:09:14,SEA,in,0.578,Q3 10:21,-10.0,12048,George Holani,RB,6.6,2.3,2.62,4.92,4.93,5.09
2026-09-09 22:09:14,SEA,in,0.578,Q3 10:21,-10.0,4039,Cooper Kupp,WR,7.4,0.0,3.28,3.28,2.68,3.13
2026-09-09 22:09:14,NE,in,0.578,Q3 10:21,10.0,4177,Mack Hollins,WR,3.3,1.9,1.1,3.0,3.29,3.29
2026-09-09 22:09:14,SEA,in,0.578,Q3 10:21,-10.0,12521,Elijah Arroyo,TE,3.9,0.0,1.73,1.73,1.41,1.65
2026-09-09 22:09:14,NE,in,0.578,Q3 10:21,10.0,9501,Demario Douglas,WR,5.6,3.0,1.86,4.86,5.34,5.37
2026-09-09 22:09:14,SEA,in,0.578,Q3 10:21,-10.0,2747,Jason Myers,K,8.5,0.0,3.07,3.07,3.07,3.59
2026-09-09 22:09:14,NE,in,0.578,Q3 10:21,10.0,12713,Andy Borregales,K,7.1,6.0,3.2,9.2,9.2,9.0
2026-09-09 22:09:14,SEA,in,0.578,Q3 10:21,-10.0,SEA,Seattle Seahawks D/ST,DST,7.2,4.0,3.03,7.03,7.03,7.04
2026-09-09 22:09:14,NE,in,0.578,Q3 10:21,10.0,NE,New England Patriots D/ST,DST,5.8,12.0,3.36,15.36,15.36,14.45
2026-09-09 22:09:14,NE,in,0.578,Q3 10:21,10.0,13421,Eli Raridon,TE,1.8,7.2,1.03,8.23,8.61,7.96
2026-09-09 22:10:15,SEA,in,0.578,Q3 10:18,-10.0,9488,Jaxon Smith-Njigba,WR,19.4,10.3,9.28,19.58,18.38,18.48
2026-09-09 22:10:15,NE,in,0.578,Q3 10:18,10.0,5859,A.J. Brown,WR,16.3,5.6,5.18,10.78,12.07,12.47
2026-09-09 22:10:15,NE,in,0.578,Q3 10:18,10.0,11564,Drake Maye,QB,19.4,10.96,6.47,17.43,19.11,19.14
2026-09-09 22:10:15,NE,in,0.578,Q3 10:18,10.0,7611,Rhamondre Stevenson,RB,17.5,5.4,6.1,11.5,12.28,12.78
2026-09-09 22:10:15,SEA,in,0.578,Q3 10:18,-10.0,13286,Jadarian Price,RB,12.0,3.9,4.71,8.61,8.64,8.96
2026-09-09 22:10:15,NE,in,0.578,Q3 10:18,10.0,8121,Romeo Doubs,WR,9.7,0.0,2.85,2.85,3.5,4.09
2026-09-09 22:10:15,SEA,in,0.578,Q3 10:18,-10.0,4943,Sam Darnold,QB,16.4,0.52,7.45,7.97,6.49,7.44
2026-09-09 22:10:15,SEA,in,0.578,Q3 10:18,-10.0,8676,Rashid Shaheed,WR,8.5,0.0,3.76,3.76,3.07,3.58
2026-09-09 22:10:15,NE,in,0.578,Q3 10:18,10.0,3214,Hunter Henry,TE,9.7,3.6,3.1,6.7,7.48,7.69
2026-09-09 22:10:15,SEA,in,0.578,Q3 10:18,-10.0,11435,Emanuel Wilson,RB,1.8,0.3,0.67,0.97,0.98,1.06
2026-09-09 22:10:15,SEA,in,0.578,Q3 10:18,-10.0,11603,A.J. Barner,TE,7.9,1.4,3.59,4.99,4.4,4.73
2026-09-09 22:10:15,SEA,in,0.578,Q3 10:18,-10.0,12048,George Holani,RB,6.6,2.3,2.61,4.91,4.92,5.08
2026-09-09 22:10:15,SEA,in,0.578,Q3 10:18,-10.0,4039,Cooper Kupp,WR,7.4,0.0,3.27,3.27,2.67,3.12
2026-09-09 22:10:15,NE,in,0.578,Q3 10:18,10.0,4177,Mack Hollins,WR,3.3,1.9,1.1,3.0,3.29,3.29
2026-09-09 22:10:15,SEA,in,0.578,Q3 10:18,-10.0,12521,Elijah Arroyo,TE,3.9,0.0,1.72,1.72,1.41,1.64
2026-09-09 22:10:15,NE,in,0.578,Q3 10:18,10.0,9501,Demario Douglas,WR,5.6,3.0,1.86,4.86,5.34,5.36
2026-09-09 22:10:15,SEA,in,0.578,Q3 10:18,-10.0,2747,Jason Myers,K,8.5,0.0,3.07,3.07,3.07,3.58
2026-09-09 22:10:15,NE,in,0.578,Q3 10:18,10.0,12713,Andy Borregales,K,7.1,6.0,3.19,9.19,9.19,8.99
2026-09-09 22:10:15,SEA,in,0.578,Q3 10:18,-10.0,SEA,Seattle Seahawks D/ST,DST,7.2,4.0,3.02,7.02,7.02,7.04
2026-09-09 22:10:15,NE,in,0.578,Q3 10:18,10.0,NE,New England Patriots D/ST,DST,5.8,12.0,3.36,15.36,15.36,14.45
2026-09-09 22:10:15,NE,in,0.578,Q3 10:18,10.0,13421,Eli Raridon,TE,1.8,7.2,1.03,8.23,8.61,7.96
2026-09-09 22:11:16,SEA,in,0.579,Q3 10:17,-10.0,9488,Jaxon Smith-Njigba,WR,19.4,10.3,9.28,19.58,18.38,18.47
2026-09-09 22:11:16,NE,in,0.579,Q3 10:17,10.0,5859,A.J. Brown,WR,16.3,5.6,5.18,10.78,12.07,12.47
2026-09-09 22:11:16,NE,in,0.579,Q3 10:17,10.0,11564,Drake Maye,QB,19.4,10.96,6.47,17.43,19.11,19.13
2026-09-09 22:11:16,NE,in,0.579,Q3 10:17,10.0,7611,Rhamondre Stevenson,RB,17.5,5.4,6.09,11.49,12.28,12.77
2026-09-09 22:11:16,SEA,in,0.579,Q3 10:17,-10.0,13286,Jadarian Price,RB,12.0,3.9,4.71,8.61,8.64,8.96
2026-09-09 22:11:16,NE,in,0.579,Q3 10:17,10.0,8121,Romeo Doubs,WR,9.7,0.0,2.85,2.85,3.5,4.09
2026-09-09 22:11:16,SEA,in,0.579,Q3 10:17,-10.0,4943,Sam Darnold,QB,16.4,0.52,7.45,7.97,6.49,7.43
2026-09-09 22:11:16,SEA,in,0.579,Q3 10:17,-10.0,8676,Rashid Shaheed,WR,8.5,1.4,3.85,5.25,4.61,4.98
2026-09-09 22:11:16,NE,in,0.579,Q3 10:17,10.0,3214,Hunter Henry,TE,9.7,3.6,3.1,6.7,7.48,7.69
2026-09-09 22:11:16,SEA,in,0.579,Q3 10:17,-10.0,11435,Emanuel Wilson,RB,1.8,0.3,0.67,0.97,0.98,1.06
2026-09-09 22:11:16,SEA,in,0.579,Q3 10:17,-10.0,11603,A.J. Barner,TE,7.9,1.4,3.59,4.99,4.39,4.73
2026-09-09 22:11:16,SEA,in,0.579,Q3 10:17,-10.0,12048,George Holani,RB,6.6,2.3,2.61,4.91,4.92,5.08
2026-09-09 22:11:16,SEA,in,0.579,Q3 10:17,-10.0,4039,Cooper Kupp,WR,7.4,0.0,3.27,3.27,2.67,3.12
2026-09-09 22:11:16,NE,in,0.579,Q3 10:17,10.0,4177,Mack Hollins,WR,3.3,1.9,1.1,3.0,3.29,3.29
2026-09-09 22:11:16,SEA,in,0.579,Q3 10:17,-10.0,12521,Elijah Arroyo,TE,3.9,0.0,1.72,1.72,1.41,1.64
2026-09-09 22:11:16,NE,in,0.579,Q3 10:17,10.0,9501,Demario Douglas,WR,5.6,3.0,1.85,4.85,5.33,5.36
2026-09-09 22:11:16,SEA,in,0.579,Q3 10:17,-10.0,2747,Jason Myers,K,8.5,0.0,3.06,3.06,3.06,3.58
2026-09-09 22:11:16,NE,in,0.579,Q3 10:17,10.0,12713,Andy Borregales,K,7.1,6.0,3.19,9.19,9.19,8.99
2026-09-09 22:11:16,SEA,in,0.579,Q3 10:17,-10.0,SEA,Seattle Seahawks D/ST,DST,7.2,4.0,3.02,7.02,7.02,7.03
2026-09-09 22:11:16,NE,in,0.579,Q3 10:17,10.0,NE,New England Patriots D/ST,DST,5.8,12.0,3.35,15.35,15.35,14.44
2026-09-09 22:11:16,NE,in,0.579,Q3 10:17,10.0,13421,Eli Raridon,TE,1.8,7.2,1.03,8.23,8.61,7.96
2026-09-09 22:12:16,SEA,in,0.592,Q3 9:29,-10.0,9488,Jaxon Smith-Njigba,WR,19.4,10.3,9.03,19.33,18.1,18.22
2026-09-09 22:12:16,NE,in,0.592,Q3 9:29,10.0,5859,A.J. Brown,WR,16.3,5.6,5.01,10.61,11.84,12.25
2026-09-09 22:12:16,NE,in,0.592,Q3 9:29,10.0,11564,Drake Maye,QB,19.4,10.96,6.24,17.2,18.82,18.88
2026-09-09 22:12:16,NE,in,0.592,Q3 9:29,10.0,7611,Rhamondre Stevenson,RB,17.5,5.4,5.86,11.26,12.04,12.54
2026-09-09 22:12:16,SEA,in,0.592,Q3 9:29,-10.0,13286,Jadarian Price,RB,12.0,3.9,4.54,8.44,8.47,8.8
2026-09-09 22:12:16,NE,in,0.592,Q3 9:29,10.0,8121,Romeo Doubs,WR,9.7,0.0,2.76,2.76,3.37,3.96
2026-09-09 22:12:16,SEA,in,0.592,Q3 9:29,-10.0,4943,Sam Darnold,QB,16.4,0.52,7.25,7.77,6.27,7.21
2026-09-09 22:12:16,SEA,in,0.592,Q3 9:29,-10.0,8676,Rashid Shaheed,WR,8.5,1.4,3.75,5.15,4.5,4.87
2026-09-09 22:12:16,NE,in,0.592,Q3 9:29,10.0,3214,Hunter Henry,TE,9.7,3.6,3.0,6.6,7.34,7.56
2026-09-09 22:12:16,SEA,in,0.592,Q3 9:29,-10.0,11435,Emanuel Wilson,RB,1.8,0.3,0.64,0.94,0.96,1.03
2026-09-09 22:12:16,SEA,in,0.592,Q3 9:29,-10.0,11603,A.J. Barner,TE,7.9,1.4,3.49,4.89,4.29,4.62
2026-09-09 22:12:16,SEA,in,0.592,Q3 9:29,-10.0,12048,George Holani,RB,6.6,2.3,2.52,4.82,4.83,4.99
2026-09-09 22:12:16,SEA,in,0.592,Q3 9:29,-10.0,4039,Cooper Kupp,WR,7.4,0.0,3.18,3.18,2.57,3.02
2026-09-09 22:12:16,NE,in,0.592,Q3 9:29,10.0,4177,Mack Hollins,WR,3.3,1.9,1.07,2.97,3.24,3.25
2026-09-09 22:12:16,SEA,in,0.592,Q3 9:29,-10.0,12521,Elijah Arroyo,TE,3.9,0.0,1.68,1.68,1.36,1.59
2026-09-09 22:12:16,NE,in,0.592,Q3 9:29,10.0,9501,Demario Douglas,WR,5.6,3.0,1.79,4.79,5.25,5.29
2026-09-09 22:12:16,SEA,in,0.592,Q3 9:29,-10.0,2747,Jason Myers,K,8.5,0.0,2.96,2.96,2.96,3.47
2026-09-09 22:12:16,NE,in,0.592,Q3 9:29,10.0,12713,Andy Borregales,K,7.1,6.0,3.08,9.08,9.08,8.9
2026-09-09 22:12:16,SEA,in,0.592,Q3 9:29,-10.0,SEA,Seattle Seahawks D/ST,DST,7.2,4.0,2.91,6.91,6.91,6.94
2026-09-09 22:12:16,NE,in,0.592,Q3 9:29,10.0,NE,New England Patriots D/ST,DST,5.8,12.0,3.24,15.24,15.24,14.37
2026-09-09 22:12:16,NE,in,0.592,Q3 9:29,10.0,13421,Eli Raridon,TE,1.8,7.2,0.99,8.19,8.56,7.93
2026-09-09 22:13:17,SEA,in,0.592,Q3 9:29,-10.0,9488,Jaxon Smith-Njigba,WR,19.4,10.3,9.03,19.33,18.1,18.22
2026-09-09 22:13:17,NE,in,0.592,Q3 9:29,10.0,5859,A.J. Brown,WR,16.3,5.6,5.01,10.61,11.84,12.25
2026-09-09 22:13:17,NE,in,0.592,Q3 9:29,10.0,11564,Drake Maye,QB,19.4,10.96,6.24,17.2,18.82,18.88
2026-09-09 22:13:17,NE,in,0.592,Q3 9:29,10.0,7611,Rhamondre Stevenson,RB,17.5,5.4,5.86,11.26,12.04,12.54
2026-09-09 22:13:17,SEA,in,0.592,Q3 9:29,-10.0,13286,Jadarian Price,RB,12.0,3.9,4.54,8.44,8.47,8.8
2026-09-09 22:13:17,NE,in,0.592,Q3 9:29,10.0,8121,Romeo Doubs,WR,9.7,0.0,2.76,2.76,3.37,3.96
2026-09-09 22:13:17,SEA,in,0.592,Q3 9:29,-10.0,4943,Sam Darnold,QB,16.4,0.52,7.25,7.77,6.27,7.21
2026-09-09 22:13:17,SEA,in,0.592,Q3 9:29,-10.0,8676,Rashid Shaheed,WR,8.5,1.4,3.75,5.15,4.5,4.87
2026-09-09 22:13:17,NE,in,0.592,Q3 9:29,10.0,3214,Hunter Henry,TE,9.7,3.6,3.0,6.6,7.34,7.56
2026-09-09 22:13:17,SEA,in,0.592,Q3 9:29,-10.0,11435,Emanuel Wilson,RB,1.8,0.3,0.64,0.94,0.96,1.03
2026-09-09 22:13:17,SEA,in,0.592,Q3 9:29,-10.0,11603,A.J. Barner,TE,7.9,1.4,3.49,4.89,4.29,4.62
2026-09-09 22:13:17,SEA,in,0.592,Q3 9:29,-10.0,12048,George Holani,RB,6.6,2.3,2.52,4.82,4.83,4.99
2026-09-09 22:13:17,SEA,in,0.592,Q3 9:29,-10.0,4039,Cooper Kupp,WR,7.4,0.0,3.18,3.18,2.57,3.02
2026-09-09 22:13:17,NE,in,0.592,Q3 9:29,10.0,4177,Mack Hollins,WR,3.3,1.9,1.07,2.97,3.24,3.25
2026-09-09 22:13:17,SEA,in,0.592,Q3 9:29,-10.0,12521,Elijah Arroyo,TE,3.9,0.0,1.68,1.68,1.36,1.59
2026-09-09 22:13:17,NE,in,0.592,Q3 9:29,10.0,9501,Demario Douglas,WR,5.6,3.0,1.79,4.79,5.25,5.29
2026-09-09 22:13:17,SEA,in,0.592,Q3 9:29,-10.0,2747,Jason Myers,K,8.5,0.0,2.96,2.96,2.96,3.47
2026-09-09 22:13:17,NE,in,0.592,Q3 9:29,10.0,12713,Andy Borregales,K,7.1,6.0,3.08,9.08,9.08,8.9
2026-09-09 22:13:17,SEA,in,0.592,Q3 9:29,-10.0,SEA,Seattle Seahawks D/ST,DST,7.2,4.0,2.91,6.91,6.91,6.94
2026-09-09 22:13:17,NE,in,0.592,Q3 9:29,10.0,NE,New England Patriots D/ST,DST,5.8,12.0,3.24,15.24,15.24,14.37
2026-09-09 22:13:17,NE,in,0.592,Q3 9:29,10.0,13421,Eli Raridon,TE,1.8,7.2,0.99,8.19,8.56,7.93
2026-09-09 22:14:18,SEA,in,0.592,Q3 9:29,-10.0,9488,Jaxon Smith-Njigba,WR,19.4,10.3,9.03,19.33,18.1,18.22
2026-09-09 22:14:18,NE,in,0.592,Q3 9:29,10.0,5859,A.J. Brown,WR,16.3,5.6,5.01,10.61,11.84,12.25
2026-09-09 22:14:18,NE,in,0.592,Q3 9:29,10.0,11564,Drake Maye,QB,19.4,10.96,6.24,17.2,18.82,18.88
2026-09-09 22:14:18,NE,in,0.592,Q3 9:29,10.0,7611,Rhamondre Stevenson,RB,17.5,5.4,5.86,11.26,12.04,12.54
2026-09-09 22:14:18,SEA,in,0.592,Q3 9:29,-10.0,13286,Jadarian Price,RB,12.0,3.9,4.54,8.44,8.47,8.8
2026-09-09 22:14:18,NE,in,0.592,Q3 9:29,10.0,8121,Romeo Doubs,WR,9.7,0.0,2.76,2.76,3.37,3.96
2026-09-09 22:14:18,SEA,in,0.592,Q3 9:29,-10.0,4943,Sam Darnold,QB,16.4,0.52,7.25,7.77,6.27,7.21
2026-09-09 22:14:18,SEA,in,0.592,Q3 9:29,-10.0,8676,Rashid Shaheed,WR,8.5,1.4,3.75,5.15,4.5,4.87
2026-09-09 22:14:18,NE,in,0.592,Q3 9:29,10.0,3214,Hunter Henry,TE,9.7,3.6,3.0,6.6,7.34,7.56
2026-09-09 22:14:18,SEA,in,0.592,Q3 9:29,-10.0,11435,Emanuel Wilson,RB,1.8,0.3,0.64,0.94,0.96,1.03
2026-09-09 22:14:18,SEA,in,0.592,Q3 9:29,-10.0,11603,A.J. Barner,TE,7.9,1.4,3.49,4.89,4.29,4.62
2026-09-09 22:14:18,SEA,in,0.592,Q3 9:29,-10.0,12048,George Holani,RB,6.6,2.3,2.52,4.82,4.83,4.99
2026-09-09 22:14:18,SEA,in,0.592,Q3 9:29,-10.0,4039,Cooper Kupp,WR,7.4,0.0,3.18,3.18,2.57,3.02
2026-09-09 22:14:18,NE,in,0.592,Q3 9:29,10.0,4177,Mack Hollins,WR,3.3,1.9,1.07,2.97,3.24,3.25
2026-09-09 22:14:18,SEA,in,0.592,Q3 9:29,-10.0,12521,Elijah Arroyo,TE,3.9,0.0,1.68,1.68,1.36,1.59
2026-09-09 22:14:18,NE,in,0.592,Q3 9:29,10.0,9501,Demario Douglas,WR,5.6,3.0,1.79,4.79,5.25,5.29
2026-09-09 22:14:18,SEA,in,0.592,Q3 9:29,-10.0,2747,Jason Myers,K,8.5,0.0,2.96,2.96,2.96,3.47
2026-09-09 22:14:18,NE,in,0.592,Q3 9:29,10.0,12713,Andy Borregales,K,7.1,6.0,3.08,9.08,9.08,8.9
2026-09-09 22:14:18,SEA,in,0.592,Q3 9:29,-10.0,SEA,Seattle Seahawks D/ST,DST,7.2,4.0,2.91,6.91,6.91,6.94
2026-09-09 22:14:18,NE,in,0.592,Q3 9:29,10.0,NE,New England Patriots D/ST,DST,5.8,12.0,3.24,15.24,15.24,14.37
2026-09-09 22:14:18,NE,in,0.592,Q3 9:29,10.0,13421,Eli Raridon,TE,1.8,7.2,0.99,8.19,8.56,7.93
2026-09-09 22:15:18,SEA,in,0.602,Q3 8:54,-10.0,9488,Jaxon Smith-Njigba,WR,19.4,10.3,8.85,19.15,17.89,18.03
2026-09-09 22:15:18,NE,in,0.602,Q3 8:54,10.0,5859,A.J. Brown,WR,16.3,5.6,4.88,10.48,11.67,12.09
2026-09-09 22:15:18,NE,in,0.602,Q3 8:54,10.0,11564,Drake Maye,QB,19.4,10.96,6.08,17.04,18.62,18.69
2026-09-09 22:15:18,NE,in,0.602,Q3 8:54,10.0,7611,Rhamondre Stevenson,RB,17.5,5.2,5.68,10.88,11.64,12.17
2026-09-09 22:15:18,SEA,in,0.602,Q3 8:54,-10.0,13286,Jadarian Price,RB,12.0,3.9,4.42,8.32,8.35,8.68
2026-09-09 22:15:18,NE,in,0.602,Q3 8:54,10.0,8121,Romeo Doubs,WR,9.7,0.0,2.69,2.69,3.28,3.86
2026-09-09 22:15:18,SEA,in,0.602,Q3 8:54,-10.0,4943,Sam Darnold,QB,16.4,0.52,7.11,7.63,6.12,7.05
2026-09-09 22:15:18,SEA,in,0.602,Q3 8:54,-10.0,8676,Rashid Shaheed,WR,8.5,1.4,3.67,5.07,4.42,4.79
2026-09-09 22:15:18,NE,in,0.602,Q3 8:54,10.0,3214,Hunter Henry,TE,9.7,3.6,2.92,6.52,7.24,7.46
2026-09-09 22:15:18,SEA,in,0.602,Q3 8:54,-10.0,11435,Emanuel Wilson,RB,1.8,0.3,0.63,0.93,0.94,1.02
2026-09-09 22:15:18,SEA,in,0.602,Q3 8:54,-10.0,11603,A.J. Barner,TE,7.9,1.4,3.42,4.82,4.21,4.55
2026-09-09 22:15:18,SEA,in,0.602,Q3 8:54,-10.0,12048,George Holani,RB,6.6,2.3,2.45,4.75,4.76,4.93
2026-09-09 22:15:18,SEA,in,0.602,Q3 8:54,-10.0,4039,Cooper Kupp,WR,7.4,0.0,3.12,3.12,2.5,2.95
2026-09-09 22:15:18,NE,in,0.602,Q3 8:54,10.0,4177,Mack Hollins,WR,3.3,1.9,1.04,2.94,3.21,3.21
2026-09-09 22:15:18,SEA,in,0.602,Q3 8:54,-10.0,12521,Elijah Arroyo,TE,3.9,0.0,1.64,1.64,1.32,1.55
2026-09-09 22:15:18,NE,in,0.602,Q3 8:54,10.0,9501,Demario Douglas,WR,5.6,3.0,1.75,4.75,5.19,5.23
2026-09-09 22:15:18,SEA,in,0.602,Q3 8:54,-10.0,2747,Jason Myers,K,8.5,0.0,2.88,2.88,2.88,3.39
2026-09-09 22:15:18,NE,in,0.602,Q3 8:54,10.0,12713,Andy Borregales,K,7.1,6.0,3.0,9.0,9.0,8.83
2026-09-09 22:15:18,SEA,in,0.602,Q3 8:54,-10.0,SEA,Seattle Seahawks D/ST,DST,7.2,4.0,2.83,6.83,6.83,6.87
2026-09-09 22:15:18,NE,in,0.602,Q3 8:54,10.0,NE,New England Patriots D/ST,DST,5.8,12.0,3.16,15.16,15.16,14.31
2026-09-09 22:15:18,NE,in,0.602,Q3 8:54,10.0,13421,Eli Raridon,TE,1.8,7.2,0.97,8.17,8.53,7.92
2026-09-09 22:16:19,SEA,in,0.614,Q3 8:11,-10.0,9488,Jaxon Smith-Njigba,WR,19.4,10.3,8.64,18.94,17.64,17.8
2026-09-09 22:16:19,NE,in,0.614,Q3 8:11,10.0,5859,A.J. Brown,WR,16.3,5.6,4.72,10.32,11.47,11.9
2026-09-09 22:16:19,NE,in,0.614,Q3 8:11,10.0,11564,Drake Maye,QB,19.4,11.2,5.9,17.1,18.63,18.7
2026-09-09 22:16:19,NE,in,0.614,Q3 8:11,10.0,7611,Rhamondre Stevenson,RB,17.5,6.7,5.68,12.38,13.07,13.46
2026-09-09 22:16:19,SEA,in,0.614,Q3 8:11,-10.0,13286,Jadarian Price,RB,12.0,3.9,4.29,8.19,8.2,8.54
2026-09-09 22:16:19,NE,in,0.614,Q3 8:11,10.0,8121,Romeo Doubs,WR,9.7,0.0,2.59,2.59,3.17,3.75
2026-09-09 22:16:19,SEA,in,0.614,Q3 8:11,-10.0,4943,Sam Darnold,QB,16.4,0.52,6.93,7.45,5.93,6.86
2026-09-09 22:16:19,SEA,in,0.614,Q3 8:11,-10.0,8676,Rashid Shaheed,WR,8.5,1.4,3.59,4.99,4.32,4.68
2026-09-09 22:16:19,NE,in,0.614,Q3 8:11,10.0,3214,Hunter Henry,TE,9.7,3.6,2.83,6.43,7.12,7.35
2026-09-09 22:16:19,SEA,in,0.614,Q3 8:11,-10.0,11435,Emanuel Wilson,RB,1.8,0.3,0.61,0.91,0.92,1.0
2026-09-09 22:16:19,SEA,in,0.614,Q3 8:11,-10.0,11603,A.J. Barner,TE,7.9,1.4,3.34,4.74,4.12,4.45
2026-09-09 22:16:19,SEA,in,0.614,Q3 8:11,-10.0,12048,George Holani,RB,6.6,2.3,2.38,4.68,4.68,4.85
2026-09-09 22:16:19,SEA,in,0.614,Q3 8:11,-10.0,4039,Cooper Kupp,WR,7.4,0.0,3.04,3.04,2.42,2.86
2026-09-09 22:16:19,NE,in,0.614,Q3 8:11,10.0,4177,Mack Hollins,WR,3.3,1.9,1.01,2.91,3.16,3.18
2026-09-09 22:16:19,SEA,in,0.614,Q3 8:11,-10.0,12521,Elijah Arroyo,TE,3.9,0.0,1.6,1.6,1.28,1.51
2026-09-09 22:16:19,NE,in,0.614,Q3 8:11,10.0,9501,Demario Douglas,WR,5.6,4.1,1.76,5.86,6.33,6.26
2026-09-09 22:16:19,SEA,in,0.614,Q3 8:11,-10.0,2747,Jason Myers,K,8.5,0.0,2.78,2.78,2.78,3.28
2026-09-09 22:16:19,NE,in,0.614,Q3 8:11,10.0,12713,Andy Borregales,K,7.1,6.0,2.9,8.9,8.9,8.74
2026-09-09 22:16:19,SEA,in,0.614,Q3 8:11,-10.0,SEA,Seattle Seahawks D/ST,DST,7.2,4.0,2.74,6.74,6.74,6.78
2026-09-09 22:16:19,NE,in,0.614,Q3 8:11,10.0,NE,New England Patriots D/ST,DST,5.8,12.0,3.06,15.06,15.06,14.24
2026-09-09 22:16:19,NE,in,0.614,Q3 8:11,10.0,13421,Eli Raridon,TE,1.8,7.2,0.95,8.15,8.48,7.9
2026-09-09 22:17:19,SEA,in,0.627,Q3 7:23,-10.0,9488,Jaxon Smith-Njigba,WR,19.4,10.3,8.41,18.71,17.36,17.54
2026-09-09 22:17:19,NE,in,0.627,Q3 7:23,10.0,5859,A.J. Brown,WR,16.3,5.6,4.54,10.14,11.25,11.68
2026-09-09 22:17:19,NE,in,0.627,Q3 7:23,10.0,11564,Drake Maye,QB,19.4,11.2,5.67,16.87,18.35,18.44
2026-09-09 22:17:19,NE,in,0.627,Q3 7:23,10.0,7611,Rhamondre Stevenson,RB,17.5,6.7,5.46,12.16,12.83,13.23
2026-09-09 22:17:19,SEA,in,0.627,Q3 7:23,-10.0,13286,Jadarian Price,RB,12.0,3.9,4.15,8.05,8.04,8.38
2026-09-09 22:17:19,NE,in,0.627,Q3 7:23,10.0,8121,Romeo Doubs,WR,9.7,0.0,2.49,2.49,3.05,3.62
2026-09-09 22:17:19,SEA,in,0.627,Q3 7:23,-10.0,4943,Sam Darnold,QB,16.4,0.52,6.73,7.25,5.73,6.64
2026-09-09 22:17:19,SEA,in,0.627,Q3 7:23,-10.0,8676,Rashid Shaheed,WR,8.5,1.4,3.49,4.89,4.2,4.57
2026-09-09 22:17:19,NE,in,0.627,Q3 7:23,10.0,3214,Hunter Henry,TE,9.7,3.6,2.72,6.32,6.99,7.22
2026-09-09 22:17:19,SEA,in,0.627,Q3 7:23,-10.0,11435,Emanuel Wilson,RB,1.8,0.3,0.59,0.89,0.89,0.97
2026-09-09 22:17:19,SEA,in,0.627,Q3 7:23,-10.0,11603,A.J. Barner,TE,7.9,1.4,3.25,4.65,4.02,4.35
2026-09-09 22:17:19,SEA,in,0.627,Q3 7:23,-10.0,12048,George Holani,RB,6.6,2.3,2.3,4.6,4.59,4.76
2026-09-09 22:17:19,SEA,in,0.627,Q3 7:23,-10.0,4039,Cooper Kupp,WR,7.4,0.0,2.96,2.96,2.33,2.76
2026-09-09 22:17:19,NE,in,0.627,Q3 7:23,10.0,4177,Mack Hollins,WR,3.3,1.9,0.97,2.87,3.12,3.13
2026-09-09 22:17:19,SEA,in,0.627,Q3 7:23,-10.0,12521,Elijah Arroyo,TE,3.9,0.0,1.56,1.56,1.23,1.45
2026-09-09 22:17:19,NE,in,0.627,Q3 7:23,10.0,9501,Demario Douglas,WR,5.6,4.1,1.7,5.8,6.24,6.19
2026-09-09 22:17:19,SEA,in,0.627,Q3 7:23,-10.0,2747,Jason Myers,K,8.5,0.0,2.67,2.67,2.67,3.17
2026-09-09 22:17:19,NE,in,0.627,Q3 7:23,10.0,12713,Andy Borregales,K,7.1,6.0,2.79,8.79,8.79,8.65
2026-09-09 22:17:19,SEA,in,0.627,Q3 7:23,-10.0,SEA,Seattle Seahawks D/ST,DST,7.2,4.0,2.64,6.64,6.64,6.69
2026-09-09 22:17:19,NE,in,0.627,Q3 7:23,10.0,NE,New England Patriots D/ST,DST,5.8,12.0,2.94,14.94,14.94,14.16
2026-09-09 22:17:19,NE,in,0.627,Q3 7:23,10.0,13421,Eli Raridon,TE,1.8,7.2,0.92,8.12,8.44,7.87
2026-09-09 22:18:20,SEA,in,0.635,Q3 6:53,-10.0,9488,Jaxon Smith-Njigba,WR,19.4,10.3,8.27,18.57,17.19,17.38
2026-09-09 22:18:20,NE,in,0.635,Q3 6:53,10.0,5859,A.J. Brown,WR,16.3,5.6,4.42,10.02,11.11,11.54
2026-09-09 22:18:20,NE,in,0.635,Q3 6:53,10.0,11564,Drake Maye,QB,19.4,11.24,5.53,16.77,18.22,18.32
2026-09-09 22:18:20,NE,in,0.635,Q3 6:53,10.0,7611,Rhamondre Stevenson,RB,17.5,6.8,5.33,12.13,12.79,13.18
2026-09-09 22:18:20,SEA,in,0.635,Q3 6:53,-10.0,13286,Jadarian Price,RB,12.0,3.9,4.06,7.96,7.94,8.28
2026-09-09 22:18:20,NE,in,0.635,Q3 6:53,10.0,8121,Romeo Doubs,WR,9.7,0.0,2.42,2.42,2.98,3.54
2026-09-09 22:18:20,SEA,in,0.635,Q3 6:53,-10.0,4943,Sam Darnold,QB,16.4,0.52,6.6,7.12,5.6,6.5
2026-09-09 22:18:20,SEA,in,0.635,Q3 6:53,-10.0,8676,Rashid Shaheed,WR,8.5,1.4,3.43,4.83,4.14,4.5
2026-09-09 22:18:20,NE,in,0.635,Q3 6:53,10.0,3214,Hunter Henry,TE,9.7,3.6,2.65,6.25,6.9,7.14
2026-09-09 22:18:20,SEA,in,0.635,Q3 6:53,-10.0,11435,Emanuel Wilson,RB,1.8,0.3,0.57,0.87,0.88,0.96
2026-09-09 22:18:20,SEA,in,0.635,Q3 6:53,-10.0,11603,A.J. Barner,TE,7.9,1.4,3.19,4.59,3.95,4.28
2026-09-09 22:18:20,SEA,in,0.635,Q3 6:53,-10.0,12048,George Holani,RB,6.6,2.3,2.25,4.55,4.53,4.71
2026-09-09 22:18:20,SEA,in,0.635,Q3 6:53,-10.0,4039,Cooper Kupp,WR,7.4,0.0,2.91,2.91,2.27,2.7
2026-09-09 22:18:20,NE,in,0.635,Q3 6:53,10.0,4177,Mack Hollins,WR,3.3,1.9,0.94,2.84,3.09,3.1
2026-09-09 22:18:20,SEA,in,0.635,Q3 6:53,-10.0,12521,Elijah Arroyo,TE,3.9,0.0,1.53,1.53,1.2,1.42
2026-09-09 22:18:20,NE,in,0.635,Q3 6:53,10.0,9501,Demario Douglas,WR,5.6,4.1,1.66,5.76,6.19,6.14
2026-09-09 22:18:20,SEA,in,0.635,Q3 6:53,-10.0,2747,Jason Myers,K,8.5,0.0,2.61,2.61,2.61,3.1
2026-09-09 22:18:20,NE,in,0.635,Q3 6:53,10.0,12713,Andy Borregales,K,7.1,6.0,2.73,8.73,8.73,8.59
2026-09-09 22:18:20,SEA,in,0.635,Q3 6:53,-10.0,SEA,Seattle Seahawks D/ST,DST,7.2,4.0,2.57,6.57,6.57,6.63
2026-09-09 22:18:20,NE,in,0.635,Q3 6:53,10.0,NE,New England Patriots D/ST,DST,5.8,12.0,2.87,14.87,14.87,14.12
2026-09-09 22:18:20,NE,in,0.635,Q3 6:53,10.0,13421,Eli Raridon,TE,1.8,7.2,0.9,8.1,8.41,7.86
2026-09-09 22:19:21,SEA,in,0.635,Q3 6:53,-10.0,9488,Jaxon Smith-Njigba,WR,19.4,10.3,8.27,18.57,17.19,17.38
2026-09-09 22:19:21,NE,in,0.635,Q3 6:53,10.0,5859,A.J. Brown,WR,16.3,5.6,4.42,10.02,11.11,11.54
2026-09-09 22:19:21,NE,in,0.635,Q3 6:53,10.0,11564,Drake Maye,QB,19.4,11.24,5.53,16.77,18.22,18.32
2026-09-09 22:19:21,NE,in,0.635,Q3 6:53,10.0,7611,Rhamondre Stevenson,RB,17.5,6.8,5.33,12.13,12.79,13.18
2026-09-09 22:19:21,SEA,in,0.635,Q3 6:53,-10.0,13286,Jadarian Price,RB,12.0,3.9,4.06,7.96,7.94,8.28
2026-09-09 22:19:21,NE,in,0.635,Q3 6:53,10.0,8121,Romeo Doubs,WR,9.7,0.0,2.42,2.42,2.98,3.54
2026-09-09 22:19:21,SEA,in,0.635,Q3 6:53,-10.0,4943,Sam Darnold,QB,16.4,0.52,6.6,7.12,5.6,6.5
2026-09-09 22:19:21,SEA,in,0.635,Q3 6:53,-10.0,8676,Rashid Shaheed,WR,8.5,1.4,3.43,4.83,4.14,4.5
2026-09-09 22:19:21,NE,in,0.635,Q3 6:53,10.0,3214,Hunter Henry,TE,9.7,3.6,2.65,6.25,6.9,7.14
2026-09-09 22:19:21,SEA,in,0.635,Q3 6:53,-10.0,11435,Emanuel Wilson,RB,1.8,0.3,0.57,0.87,0.88,0.96
2026-09-09 22:19:21,SEA,in,0.635,Q3 6:53,-10.0,11603,A.J. Barner,TE,7.9,1.4,3.19,4.59,3.95,4.28
2026-09-09 22:19:21,SEA,in,0.635,Q3 6:53,-10.0,12048,George Holani,RB,6.6,2.3,2.25,4.55,4.53,4.71
2026-09-09 22:19:21,SEA,in,0.635,Q3 6:53,-10.0,4039,Cooper Kupp,WR,7.4,0.0,2.91,2.91,2.27,2.7
2026-09-09 22:19:21,NE,in,0.635,Q3 6:53,10.0,4177,Mack Hollins,WR,3.3,1.9,0.94,2.84,3.09,3.1
2026-09-09 22:19:21,SEA,in,0.635,Q3 6:53,-10.0,12521,Elijah Arroyo,TE,3.9,0.0,1.53,1.53,1.2,1.42
2026-09-09 22:19:21,NE,in,0.635,Q3 6:53,10.0,9501,Demario Douglas,WR,5.6,4.1,1.66,5.76,6.19,6.14
2026-09-09 22:19:21,SEA,in,0.635,Q3 6:53,-10.0,2747,Jason Myers,K,8.5,0.0,2.61,2.61,2.61,3.1
2026-09-09 22:19:21,NE,in,0.635,Q3 6:53,10.0,12713,Andy Borregales,K,7.1,6.0,2.73,8.73,8.73,8.59
2026-09-09 22:19:21,SEA,in,0.635,Q3 6:53,-10.0,SEA,Seattle Seahawks D/ST,DST,7.2,4.0,2.57,6.57,6.57,6.63
2026-09-09 22:19:21,NE,in,0.635,Q3 6:53,10.0,NE,New England Patriots D/ST,DST,5.8,12.0,2.87,14.87,14.87,14.12
2026-09-09 22:19:21,NE,in,0.635,Q3 6:53,10.0,13421,Eli Raridon,TE,1.8,7.2,0.9,8.1,8.41,7.86
2026-09-09 22:20:21,SEA,in,0.635,Q3 6:53,-10.0,9488,Jaxon Smith-Njigba,WR,19.4,10.3,8.27,18.57,17.19,17.38
2026-09-09 22:20:21,NE,in,0.635,Q3 6:53,10.0,5859,A.J. Brown,WR,16.3,5.6,4.42,10.02,11.11,11.54
2026-09-09 22:20:21,NE,in,0.635,Q3 6:53,10.0,11564,Drake Maye,QB,19.4,11.24,5.53,16.77,18.22,18.32
2026-09-09 22:20:21,NE,in,0.635,Q3 6:53,10.0,7611,Rhamondre Stevenson,RB,17.5,6.8,5.33,12.13,12.79,13.18
2026-09-09 22:20:21,SEA,in,0.635,Q3 6:53,-10.0,13286,Jadarian Price,RB,12.0,3.9,4.06,7.96,7.94,8.28
2026-09-09 22:20:21,NE,in,0.635,Q3 6:53,10.0,8121,Romeo Doubs,WR,9.7,0.0,2.42,2.42,2.98,3.54
2026-09-09 22:20:21,SEA,in,0.635,Q3 6:53,-10.0,4943,Sam Darnold,QB,16.4,0.52,6.6,7.12,5.6,6.5
2026-09-09 22:20:21,SEA,in,0.635,Q3 6:53,-10.0,8676,Rashid Shaheed,WR,8.5,1.4,3.43,4.83,4.14,4.5
2026-09-09 22:20:21,NE,in,0.635,Q3 6:53,10.0,3214,Hunter Henry,TE,9.7,3.6,2.65,6.25,6.9,7.14
2026-09-09 22:20:21,SEA,in,0.635,Q3 6:53,-10.0,11435,Emanuel Wilson,RB,1.8,0.3,0.57,0.87,0.88,0.96
2026-09-09 22:20:21,SEA,in,0.635,Q3 6:53,-10.0,11603,A.J. Barner,TE,7.9,1.4,3.19,4.59,3.95,4.28
2026-09-09 22:20:21,SEA,in,0.635,Q3 6:53,-10.0,12048,George Holani,RB,6.6,2.3,2.25,4.55,4.53,4.71
2026-09-09 22:20:21,SEA,in,0.635,Q3 6:53,-10.0,4039,Cooper Kupp,WR,7.4,0.0,2.91,2.91,2.27,2.7
2026-09-09 22:20:21,NE,in,0.635,Q3 6:53,10.0,4177,Mack Hollins,WR,3.3,1.9,0.94,2.84,3.09,3.1
2026-09-09 22:20:21,SEA,in,0.635,Q3 6:53,-10.0,12521,Elijah Arroyo,TE,3.9,0.0,1.53,1.53,1.2,1.42
2026-09-09 22:20:21,NE,in,0.635,Q3 6:53,10.0,9501,Demario Douglas,WR,5.6,4.1,1.66,5.76,6.19,6.14
2026-09-09 22:20:21,SEA,in,0.635,Q3 6:53,-10.0,2747,Jason Myers,K,8.5,0.0,2.61,2.61,2.61,3.1
2026-09-09 22:20:21,NE,in,0.635,Q3 6:53,10.0,12713,Andy Borregales,K,7.1,6.0,2.73,8.73,8.73,8.59
2026-09-09 22:20:21,SEA,in,0.635,Q3 6:53,-10.0,SEA,Seattle Seahawks D/ST,DST,7.2,4.0,2.57,6.57,6.57,6.63
2026-09-09 22:20:21,NE,in,0.635,Q3 6:53,10.0,NE,New England Patriots D/ST,DST,5.8,12.0,2.87,14.87,14.87,14.12
2026-09-09 22:20:21,NE,in,0.635,Q3 6:53,10.0,13421,Eli Raridon,TE,1.8,7.2,0.9,8.1,8.41,7.86
2026-09-09 22:21:22,SEA,in,0.647,Q3 6:12,-10.0,9488,Jaxon Smith-Njigba,WR,19.4,10.3,8.06,18.36,16.96,17.15
2026-09-09 22:21:22,NE,in,0.647,Q3 6:12,10.0,5859,A.J. Brown,WR,16.3,5.6,4.27,9.87,10.92,11.36
2026-09-09 22:21:22,NE,in,0.647,Q3 6:12,10.0,11564,Drake Maye,QB,19.4,11.24,5.33,16.57,17.98,18.09
2026-09-09 22:21:22,NE,in,0.647,Q3 6:12,10.0,7611,Rhamondre Stevenson,RB,17.5,6.8,5.15,11.95,12.58,12.98
2026-09-09 22:21:22,SEA,in,0.647,Q3 6:12,-10.0,13286,Jadarian Price,RB,12.0,5.2,4.08,9.28,9.21,9.44
2026-09-09 22:21:22,NE,in,0.647,Q3 6:12,10.0,8121,Romeo Doubs,WR,9.7,0.0,2.33,2.33,2.87,3.43
2026-09-09 22:21:22,SEA,in,0.647,Q3 6:12,-10.0,4943,Sam Darnold,QB,16.4,0.52,6.42,6.94,5.42,6.31
2026-09-09 22:21:22,SEA,in,0.647,Q3 6:12,-10.0,8676,Rashid Shaheed,WR,8.5,1.4,3.34,4.74,4.04,4.4
2026-09-09 22:21:22,NE,in,0.647,Q3 6:12,10.0,3214,Hunter Henry,TE,9.7,3.6,2.56,6.16,6.79,7.03
2026-09-09 22:21:22,SEA,in,0.647,Q3 6:12,-10.0,11435,Emanuel Wilson,RB,1.8,0.3,0.56,0.86,0.86,0.94
2026-09-09 22:21:22,SEA,in,0.647,Q3 6:12,-10.0,11603,A.J. Barner,TE,7.9,1.4,3.11,4.51,3.86,4.19
2026-09-09 22:21:22,SEA,in,0.647,Q3 6:12,-10.0,12048,George Holani,RB,6.6,2.3,2.18,4.48,4.46,4.63
2026-09-09 22:21:22,SEA,in,0.647,Q3 6:12,-10.0,4039,Cooper Kupp,WR,7.4,0.0,2.83,2.83,2.19,2.61
2026-09-09 22:21:22,NE,in,0.647,Q3 6:12,10.0,4177,Mack Hollins,WR,3.3,1.9,0.91,2.81,3.05,3.07
2026-09-09 22:21:22,SEA,in,0.647,Q3 6:12,-10.0,12521,Elijah Arroyo,TE,3.9,0.0,1.49,1.49,1.16,1.38
2026-09-09 22:21:22,NE,in,0.647,Q3 6:12,10.0,9501,Demario Douglas,WR,5.6,4.1,1.6,5.7,6.12,6.08
2026-09-09 22:21:22,SEA,in,0.647,Q3 6:12,-10.0,2747,Jason Myers,K,8.5,0.0,2.52,2.52,2.52,3.0
2026-09-09 22:21:22,NE,in,0.647,Q3 6:12,10.0,12713,Andy Borregales,K,7.1,6.0,2.63,8.63,8.63,8.51
2026-09-09 22:21:22,SEA,in,0.647,Q3 6:12,-10.0,SEA,Seattle Seahawks D/ST,DST,7.2,4.0,2.49,6.49,6.49,6.54
2026-09-09 22:21:22,NE,in,0.647,Q3 6:12,10.0,NE,New England Patriots D/ST,DST,5.8,12.0,2.78,14.78,14.78,14.05
2026-09-09 22:21:22,NE,in,0.647,Q3 6:12,10.0,13421,Eli Raridon,TE,1.8,7.2,0.88,8.08,8.37,7.84
2026-09-09 22:22:23,SEA,in,0.647,Q3 6:12,-10.0,9488,Jaxon Smith-Njigba,WR,19.4,10.3,8.06,18.36,16.96,17.15
2026-09-09 22:22:23,NE,in,0.647,Q3 6:12,10.0,5859,A.J. Brown,WR,16.3,5.6,4.27,9.87,10.92,11.36
2026-09-09 22:22:23,NE,in,0.647,Q3 6:12,10.0,11564,Drake Maye,QB,19.4,11.24,5.33,16.57,17.98,18.09
2026-09-09 22:22:23,NE,in,0.647,Q3 6:12,10.0,7611,Rhamondre Stevenson,RB,17.5,6.8,5.15,11.95,12.58,12.98
2026-09-09 22:22:23,SEA,in,0.647,Q3 6:12,-10.0,13286,Jadarian Price,RB,12.0,5.3,4.09,9.39,9.32,9.54
2026-09-09 22:22:23,NE,in,0.647,Q3 6:12,10.0,8121,Romeo Doubs,WR,9.7,0.0,2.33,2.33,2.87,3.43
2026-09-09 22:22:23,SEA,in,0.647,Q3 6:12,-10.0,4943,Sam Darnold,QB,16.4,0.52,6.42,6.94,5.42,6.31
2026-09-09 22:22:23,SEA,in,0.647,Q3 6:12,-10.0,8676,Rashid Shaheed,WR,8.5,1.4,3.34,4.74,4.04,4.4
2026-09-09 22:22:23,NE,in,0.647,Q3 6:12,10.0,3214,Hunter Henry,TE,9.7,3.6,2.56,6.16,6.79,7.03
2026-09-09 22:22:23,SEA,in,0.647,Q3 6:12,-10.0,11435,Emanuel Wilson,RB,1.8,0.3,0.56,0.86,0.86,0.94
2026-09-09 22:22:23,SEA,in,0.647,Q3 6:12,-10.0,11603,A.J. Barner,TE,7.9,1.4,3.11,4.51,3.86,4.19
2026-09-09 22:22:23,SEA,in,0.647,Q3 6:12,-10.0,12048,George Holani,RB,6.6,2.3,2.18,4.48,4.46,4.63
2026-09-09 22:22:23,SEA,in,0.647,Q3 6:12,-10.0,4039,Cooper Kupp,WR,7.4,0.0,2.83,2.83,2.19,2.61
2026-09-09 22:22:23,NE,in,0.647,Q3 6:12,10.0,4177,Mack Hollins,WR,3.3,1.9,0.91,2.81,3.05,3.07
2026-09-09 22:22:23,SEA,in,0.647,Q3 6:12,-10.0,12521,Elijah Arroyo,TE,3.9,0.0,1.49,1.49,1.16,1.38
2026-09-09 22:22:23,NE,in,0.647,Q3 6:12,10.0,9501,Demario Douglas,WR,5.6,4.1,1.6,5.7,6.12,6.08
2026-09-09 22:22:23,SEA,in,0.647,Q3 6:12,-10.0,2747,Jason Myers,K,8.5,0.0,2.52,2.52,2.52,3.0
2026-09-09 22:22:23,NE,in,0.647,Q3 6:12,10.0,12713,Andy Borregales,K,7.1,6.0,2.63,8.63,8.63,8.51
2026-09-09 22:22:23,SEA,in,0.647,Q3 6:12,-10.0,SEA,Seattle Seahawks D/ST,DST,7.2,4.0,2.49,6.49,6.49,6.54
2026-09-09 22:22:23,NE,in,0.647,Q3 6:12,10.0,NE,New England Patriots D/ST,DST,5.8,12.0,2.78,14.78,14.78,14.05
2026-09-09 22:22:23,NE,in,0.647,Q3 6:12,10.0,13421,Eli Raridon,TE,1.8,7.2,0.88,8.08,8.37,7.84
2026-09-09 22:23:23,SEA,in,0.657,Q3 5:36,-10.0,9488,Jaxon Smith-Njigba,WR,19.4,10.3,7.88,18.18,16.75,16.96
2026-09-09 22:23:23,NE,in,0.657,Q3 5:36,10.0,5859,A.J. Brown,WR,16.3,5.6,4.14,9.74,10.76,11.2
2026-09-09 22:23:23,NE,in,0.657,Q3 5:36,10.0,11564,Drake Maye,QB,19.4,11.24,5.16,16.4,17.77,17.9
2026-09-09 22:23:23,NE,in,0.657,Q3 5:36,10.0,7611,Rhamondre Stevenson,RB,17.5,6.8,4.99,11.79,12.41,12.81
2026-09-09 22:23:23,SEA,in,0.657,Q3 5:36,-10.0,13286,Jadarian Price,RB,12.0,6.5,4.11,10.61,10.5,10.62
2026-09-09 22:23:23,NE,in,0.657,Q3 5:36,10.0,8121,Romeo Doubs,WR,9.7,0.0,2.26,2.26,2.78,3.33
2026-09-09 22:23:23,SEA,in,0.657,Q3 5:36,-10.0,4943,Sam Darnold,QB,16.4,0.52,6.27,6.79,5.27,6.15
2026-09-09 22:23:23,SEA,in,0.657,Q3 5:36,-10.0,8676,Rashid Shaheed,WR,8.5,1.4,3.26,4.66,3.96,4.32
2026-09-09 22:23:23,NE,in,0.657,Q3 5:36,10.0,3214,Hunter Henry,TE,9.7,3.6,2.48,6.08,6.69,6.93
2026-09-09 22:23:23,SEA,in,0.657,Q3 5:36,-10.0,11435,Emanuel Wilson,RB,1.8,0.3,0.54,0.84,0.84,0.92
2026-09-09 22:23:23,SEA,in,0.657,Q3 5:36,-10.0,11603,A.J. Barner,TE,7.9,1.4,3.04,4.44,3.79,4.11
2026-09-09 22:23:23,SEA,in,0.657,Q3 5:36,-10.0,12048,George Holani,RB,6.6,2.3,2.12,4.42,4.39,4.57
2026-09-09 22:23:23,SEA,in,0.657,Q3 5:36,-10.0,4039,Cooper Kupp,WR,7.4,0.0,2.77,2.77,2.12,2.54
2026-09-09 22:23:23,NE,in,0.657,Q3 5:36,10.0,4177,Mack Hollins,WR,3.3,1.9,0.88,2.78,3.01,3.03
2026-09-09 22:23:23,SEA,in,0.657,Q3 5:36,-10.0,12521,Elijah Arroyo,TE,3.9,0.0,1.46,1.46,1.12,1.34
2026-09-09 22:23:23,NE,in,0.657,Q3 5:36,10.0,9501,Demario Douglas,WR,5.6,4.1,1.55,5.65,6.06,6.02
2026-09-09 22:23:23,SEA,in,0.657,Q3 5:36,-10.0,2747,Jason Myers,K,8.5,0.0,2.44,2.44,2.44,2.92
2026-09-09 22:23:23,NE,in,0.657,Q3 5:36,10.0,12713,Andy Borregales,K,7.1,6.0,2.55,8.55,8.55,8.44
2026-09-09 22:23:23,SEA,in,0.657,Q3 5:36,-10.0,SEA,Seattle Seahawks D/ST,DST,7.2,4.0,2.41,6.41,6.41,6.47
2026-09-09 22:23:23,NE,in,0.657,Q3 5:36,10.0,NE,New England Patriots D/ST,DST,5.8,12.0,2.69,14.69,14.69,13.99
2026-09-09 22:23:23,NE,in,0.657,Q3 5:36,10.0,13421,Eli Raridon,TE,1.8,7.2,0.86,8.06,8.33,7.82
2026-09-09 22:24:24,SEA,in,0.67,Q3 4:49,-10.0,9488,Jaxon Smith-Njigba,WR,19.4,10.3,7.64,17.94,16.49,16.71
2026-09-09 22:24:24,NE,in,0.67,Q3 4:49,10.0,5859,A.J. Brown,WR,16.3,5.6,3.96,9.56,10.54,10.98
2026-09-09 22:24:24,NE,in,0.67,Q3 4:49,10.0,11564,Drake Maye,QB,19.4,11.24,4.94,16.18,17.5,17.65
2026-09-09 22:24:24,NE,in,0.67,Q3 4:49,10.0,7611,Rhamondre Stevenson,RB,17.5,6.8,4.78,11.58,12.17,12.58
2026-09-09 22:24:24,SEA,in,0.67,Q3 4:49,-10.0,13286,Jadarian Price,RB,12.0,6.5,3.96,10.46,10.34,10.46
2026-09-09 22:24:24,NE,in,0.67,Q3 4:49,10.0,8121,Romeo Doubs,WR,9.7,0.0,2.16,2.16,2.67,3.2
2026-09-09 22:24:24,SEA,in,0.67,Q3 4:49,-10.0,4943,Sam Darnold,QB,16.4,0.52,6.06,6.58,5.07,5.94
2026-09-09 22:24:24,SEA,in,0.67,Q3 4:49,-10.0,8676,Rashid Shaheed,WR,8.5,1.4,3.16,4.56,3.85,4.21
2026-09-09 22:24:24,NE,in,0.67,Q3 4:49,10.0,3214,Hunter Henry,TE,9.7,3.6,2.37,5.97,6.56,6.8
2026-09-09 22:24:24,SEA,in,0.67,Q3 4:49,-10.0,11435,Emanuel Wilson,RB,1.8,0.3,0.52,0.82,0.82,0.89
2026-09-09 22:24:24,SEA,in,0.67,Q3 4:49,-10.0,11603,A.J. Barner,TE,7.9,1.4,2.94,4.34,3.69,4.01
2026-09-09 22:24:24,SEA,in,0.67,Q3 4:49,-10.0,12048,George Holani,RB,6.6,2.5,2.06,4.56,4.52,4.68
2026-09-09 22:24:24,SEA,in,0.67,Q3 4:49,-10.0,4039,Cooper Kupp,WR,7.4,3.4,2.88,6.28,5.72,5.84
2026-09-09 22:24:24,NE,in,0.67,Q3 4:49,10.0,4177,Mack Hollins,WR,3.3,1.9,0.85,2.75,2.96,2.99
2026-09-09 22:24:24,SEA,in,0.67,Q3 4:49,-10.0,12521,Elijah Arroyo,TE,3.9,0.0,1.41,1.41,1.07,1.29
2026-09-09 22:24:24,NE,in,0.67,Q3 4:49,10.0,9501,Demario Douglas,WR,5.6,4.1,1.49,5.59,5.98,5.95
2026-09-09 22:24:24,SEA,in,0.67,Q3 4:49,-10.0,2747,Jason Myers,K,8.5,0.0,2.34,2.34,2.34,2.81
2026-09-09 22:24:24,NE,in,0.67,Q3 4:49,10.0,12713,Andy Borregales,K,7.1,6.0,2.45,8.45,8.45,8.34
2026-09-09 22:24:24,SEA,in,0.67,Q3 4:49,-10.0,SEA,Seattle Seahawks D/ST,DST,7.2,4.0,2.31,6.31,6.31,6.38
2026-09-09 22:24:24,NE,in,0.67,Q3 4:49,10.0,NE,New England Patriots D/ST,DST,5.8,12.0,2.59,14.59,14.59,13.92
2026-09-09 22:24:24,NE,in,0.67,Q3 4:49,10.0,13421,Eli Raridon,TE,1.8,7.2,0.83,8.03,8.29,7.79
2026-09-09 22:25:25,SEA,in,0.68,Q3 4:12,-10.0,9488,Jaxon Smith-Njigba,WR,19.4,10.3,7.44,17.74,16.28,16.51
2026-09-09 22:25:25,NE,in,0.68,Q3 4:12,10.0,5859,A.J. Brown,WR,16.3,5.6,3.83,9.43,10.38,10.82
2026-09-09 22:25:25,NE,in,0.68,Q3 4:12,10.0,11564,Drake Maye,QB,19.4,11.24,4.76,16.0,17.29,17.45
2026-09-09 22:25:25,NE,in,0.68,Q3 4:12,10.0,7611,Rhamondre Stevenson,RB,17.5,6.8,4.62,11.42,11.99,12.4
2026-09-09 22:25:25,SEA,in,0.68,Q3 4:12,-10.0,13286,Jadarian Price,RB,12.0,6.5,3.83,10.33,10.21,10.34
2026-09-09 22:25:25,NE,in,0.68,Q3 4:12,10.0,8121,Romeo Doubs,WR,9.7,0.0,2.08,2.08,2.58,3.1
2026-09-09 22:25:25,SEA,in,0.68,Q3 4:12,-10.0,4943,Sam Darnold,QB,16.4,0.52,5.9,6.42,4.92,5.77
2026-09-09 22:25:25,SEA,in,0.68,Q3 4:12,-10.0,8676,Rashid Shaheed,WR,8.5,1.4,3.08,4.48,3.77,4.12
2026-09-09 22:25:25,NE,in,0.68,Q3 4:12,10.0,3214,Hunter Henry,TE,9.7,3.6,2.29,5.89,6.46,6.7
2026-09-09 22:25:25,SEA,in,0.68,Q3 4:12,-10.0,11435,Emanuel Wilson,RB,1.8,0.3,0.51,0.81,0.8,0.88
2026-09-09 22:25:25,SEA,in,0.68,Q3 4:12,-10.0,11603,A.J. Barner,TE,7.9,1.4,2.87,4.27,3.61,3.93
2026-09-09 22:25:25,SEA,in,0.68,Q3 4:12,-10.0,12048,George Holani,RB,6.6,2.9,2.04,4.94,4.88,5.01
2026-09-09 22:25:25,SEA,in,0.68,Q3 4:12,-10.0,4039,Cooper Kupp,WR,7.4,3.4,2.81,6.21,5.64,5.77
2026-09-09 22:25:25,NE,in,0.68,Q3 4:12,10.0,4177,Mack Hollins,WR,3.3,1.9,0.82,2.72,2.93,2.96
2026-09-09 22:25:25,SEA,in,0.68,Q3 4:12,-10.0,12521,Elijah Arroyo,TE,3.9,0.0,1.38,1.38,1.04,1.25
2026-09-09 22:25:25,NE,in,0.68,Q3 4:12,10.0,9501,Demario Douglas,WR,5.6,4.1,1.44,5.54,5.92,5.89
2026-09-09 22:25:25,SEA,in,0.68,Q3 4:12,-10.0,2747,Jason Myers,K,8.5,0.0,2.26,2.26,2.26,2.72
2026-09-09 22:25:25,NE,in,0.68,Q3 4:12,10.0,12713,Andy Borregales,K,7.1,6.0,2.37,8.37,8.37,8.27
2026-09-09 22:25:25,SEA,in,0.68,Q3 4:12,-10.0,SEA,Seattle Seahawks D/ST,DST,7.2,4.0,2.23,6.23,6.23,6.3
2026-09-09 22:25:25,NE,in,0.68,Q3 4:12,10.0,NE,New England Patriots D/ST,DST,5.8,12.0,2.5,14.5,14.5,13.86
2026-09-09 22:25:25,NE,in,0.68,Q3 4:12,10.0,13421,Eli Raridon,TE,1.8,7.2,0.81,8.01,8.25,7.78
2026-09-09 22:26:25,SEA,in,0.694,Q3 3:21,-10.0,9488,Jaxon Smith-Njigba,WR,19.4,10.3,7.17,17.47,15.99,16.23
2026-09-09 22:26:25,NE,in,0.694,Q3 3:21,10.0,5859,A.J. Brown,WR,16.3,5.6,3.64,9.24,10.15,10.59
2026-09-09 22:26:25,NE,in,0.694,Q3 3:21,10.0,11564,Drake Maye,QB,19.4,11.24,4.52,15.76,17.0,17.17
2026-09-09 22:26:25,NE,in,0.694,Q3 3:21,10.0,7611,Rhamondre Stevenson,RB,17.5,6.8,4.39,11.19,11.74,12.15
2026-09-09 22:26:25,SEA,in,0.694,Q3 3:21,-10.0,13286,Jadarian Price,RB,12.0,6.5,3.67,10.17,10.03,10.17
2026-09-09 22:26:25,NE,in,0.694,Q3 3:21,10.0,8121,Romeo Doubs,WR,9.7,0.0,1.98,1.98,2.45,2.97
2026-09-09 22:26:25,SEA,in,0.694,Q3 3:21,-10.0,4943,Sam Darnold,QB,16.4,0.52,5.67,6.19,4.7,5.54
2026-09-09 22:26:25,SEA,in,0.694,Q3 3:21,-10.0,8676,Rashid Shaheed,WR,8.5,1.4,2.96,4.36,3.66,4.0
2026-09-09 22:26:25,NE,in,0.694,Q3 3:21,10.0,3214,Hunter Henry,TE,9.7,3.6,2.18,5.78,6.33,6.57
2026-09-09 22:26:25,SEA,in,0.694,Q3 3:21,-10.0,11435,Emanuel Wilson,RB,1.8,0.3,0.48,0.78,0.78,0.85
2026-09-09 22:26:25,SEA,in,0.694,Q3 3:21,-10.0,11603,A.J. Barner,TE,7.9,1.4,2.76,4.16,3.5,3.82
2026-09-09 22:26:25,SEA,in,0.694,Q3 3:21,-10.0,12048,George Holani,RB,6.6,2.9,1.95,4.85,4.79,4.92
2026-09-09 22:26:25,SEA,in,0.694,Q3 3:21,-10.0,4039,Cooper Kupp,WR,7.4,3.4,2.7,6.1,5.53,5.66
2026-09-09 22:26:25,NE,in,0.694,Q3 3:21,10.0,4177,Mack Hollins,WR,3.3,1.9,0.78,2.68,2.88,2.91
2026-09-09 22:26:25,SEA,in,0.694,Q3 3:21,-10.0,12521,Elijah Arroyo,TE,3.9,0.0,1.32,1.32,0.99,1.19
2026-09-09 22:26:25,NE,in,0.694,Q3 3:21,10.0,9501,Demario Douglas,WR,5.6,4.1,1.37,5.47,5.83,5.81
2026-09-09 22:26:25,SEA,in,0.694,Q3 3:21,-10.0,2747,Jason Myers,K,8.5,0.0,2.15,2.15,2.15,2.6
2026-09-09 22:26:25,NE,in,0.694,Q3 3:21,10.0,12713,Andy Borregales,K,7.1,6.0,2.25,8.25,8.25,8.17
2026-09-09 22:26:25,SEA,in,0.694,Q3 3:21,-10.0,SEA,Seattle Seahawks D/ST,DST,7.2,4.0,2.13,6.13,6.13,6.2
2026-09-09 22:26:25,NE,in,0.694,Q3 3:21,10.0,NE,New England Patriots D/ST,DST,5.8,12.0,2.38,14.38,14.38,13.77
2026-09-09 22:26:25,NE,in,0.694,Q3 3:21,10.0,13421,Eli Raridon,TE,1.8,7.2,0.77,7.97,8.21,7.75
2026-09-09 22:27:26,SEA,in,0.696,Q3 3:13,-7.0,9488,Jaxon Smith-Njigba,WR,19.4,10.3,6.73,17.03,15.95,16.19
2026-09-09 22:27:26,NE,in,0.696,Q3 3:13,7.0,5859,A.J. Brown,WR,16.3,5.6,3.94,9.54,10.11,10.55
2026-09-09 22:27:26,NE,in,0.696,Q3 3:13,7.0,11564,Drake Maye,QB,19.4,11.24,4.98,16.22,16.96,17.13
2026-09-09 22:27:26,NE,in,0.696,Q3 3:13,7.0,7611,Rhamondre Stevenson,RB,17.5,6.8,4.46,11.26,11.7,12.11
2026-09-09 22:27:26,SEA,in,0.696,Q3 3:13,-7.0,13286,Jadarian Price,RB,12.0,6.5,3.57,10.07,10.0,10.14
2026-09-09 22:27:26,NE,in,0.696,Q3 3:13,7.0,8121,Romeo Doubs,WR,9.7,0.0,2.16,2.16,2.43,2.95
2026-09-09 22:27:26,SEA,in,0.696,Q3 3:13,-7.0,4943,Sam Darnold,QB,16.4,0.52,5.22,5.74,4.67,5.5
2026-09-09 22:27:26,SEA,in,0.696,Q3 3:13,-7.0,8676,Rashid Shaheed,WR,8.5,1.4,2.77,4.17,3.64,3.98
2026-09-09 22:27:26,NE,in,0.696,Q3 3:13,7.0,3214,Hunter Henry,TE,9.7,3.6,2.36,5.96,6.31,6.55
2026-09-09 22:27:26,SEA,in,0.696,Q3 3:13,-7.0,11435,Emanuel Wilson,RB,1.8,0.3,0.47,0.77,0.77,0.85
2026-09-09 22:27:26,SEA,in,0.696,Q3 3:13,-7.0,11603,A.J. Barner,TE,7.9,1.4,2.58,3.98,3.49,3.8
2026-09-09 22:27:26,SEA,in,0.696,Q3 3:13,-7.0,12048,George Holani,RB,6.6,2.9,1.9,4.8,4.78,4.9
2026-09-09 22:27:26,SEA,in,0.696,Q3 3:13,-7.0,4039,Cooper Kupp,WR,7.4,3.4,2.54,5.94,5.51,5.65
2026-09-09 22:27:26,NE,in,0.696,Q3 3:13,7.0,4177,Mack Hollins,WR,3.3,1.9,0.84,2.74,2.87,2.9
2026-09-09 22:27:26,SEA,in,0.696,Q3 3:13,-7.0,12521,Elijah Arroyo,TE,3.9,0.0,1.24,1.24,0.98,1.18
2026-09-09 22:27:26,NE,in,0.696,Q3 3:13,7.0,9501,Demario Douglas,WR,5.6,4.1,1.48,5.58,5.82,5.8
2026-09-09 22:27:26,SEA,in,0.696,Q3 3:13,-7.0,2747,Jason Myers,K,8.5,3.0,2.36,5.36,5.36,5.58
2026-09-09 22:27:26,NE,in,0.696,Q3 3:13,7.0,12713,Andy Borregales,K,7.1,6.0,2.24,8.24,8.24,8.16
2026-09-09 22:27:26,SEA,in,0.696,Q3 3:13,-7.0,SEA,Seattle Seahawks D/ST,DST,7.2,4.0,2.11,6.11,6.11,6.19
2026-09-09 22:27:26,NE,in,0.696,Q3 3:13,7.0,NE,New England Patriots D/ST,DST,5.8,9.0,2.14,11.14,11.14,10.76
2026-09-09 22:27:26,NE,in,0.696,Q3 3:13,7.0,13421,Eli Raridon,TE,1.8,7.2,0.81,8.01,8.2,7.75
2026-09-09 22:28:26,SEA,in,0.696,Q3 3:13,-7.0,9488,Jaxon Smith-Njigba,WR,19.4,10.3,6.73,17.03,15.95,16.19
2026-09-09 22:28:26,NE,in,0.696,Q3 3:13,7.0,5859,A.J. Brown,WR,16.3,5.6,3.94,9.54,10.11,10.55
2026-09-09 22:28:26,NE,in,0.696,Q3 3:13,7.0,11564,Drake Maye,QB,19.4,11.24,4.98,16.22,16.96,17.13
2026-09-09 22:28:26,NE,in,0.696,Q3 3:13,7.0,7611,Rhamondre Stevenson,RB,17.5,6.8,4.46,11.26,11.7,12.11
2026-09-09 22:28:26,SEA,in,0.696,Q3 3:13,-7.0,13286,Jadarian Price,RB,12.0,6.5,3.57,10.07,10.0,10.14
2026-09-09 22:28:26,NE,in,0.696,Q3 3:13,7.0,8121,Romeo Doubs,WR,9.7,0.0,2.16,2.16,2.43,2.95
2026-09-09 22:28:26,SEA,in,0.696,Q3 3:13,-7.0,4943,Sam Darnold,QB,16.4,0.52,5.22,5.74,4.67,5.5
2026-09-09 22:28:26,SEA,in,0.696,Q3 3:13,-7.0,8676,Rashid Shaheed,WR,8.5,1.4,2.77,4.17,3.64,3.98
2026-09-09 22:28:26,NE,in,0.696,Q3 3:13,7.0,3214,Hunter Henry,TE,9.7,3.6,2.36,5.96,6.31,6.55
2026-09-09 22:28:26,SEA,in,0.696,Q3 3:13,-7.0,11435,Emanuel Wilson,RB,1.8,0.3,0.47,0.77,0.77,0.85
2026-09-09 22:28:26,SEA,in,0.696,Q3 3:13,-7.0,11603,A.J. Barner,TE,7.9,1.4,2.58,3.98,3.49,3.8
2026-09-09 22:28:26,SEA,in,0.696,Q3 3:13,-7.0,12048,George Holani,RB,6.6,2.9,1.9,4.8,4.78,4.9
2026-09-09 22:28:26,SEA,in,0.696,Q3 3:13,-7.0,4039,Cooper Kupp,WR,7.4,3.4,2.54,5.94,5.51,5.65
2026-09-09 22:28:26,NE,in,0.696,Q3 3:13,7.0,4177,Mack Hollins,WR,3.3,1.9,0.84,2.74,2.87,2.9
2026-09-09 22:28:26,SEA,in,0.696,Q3 3:13,-7.0,12521,Elijah Arroyo,TE,3.9,0.0,1.24,1.24,0.98,1.18
2026-09-09 22:28:26,NE,in,0.696,Q3 3:13,7.0,9501,Demario Douglas,WR,5.6,4.1,1.48,5.58,5.82,5.8
2026-09-09 22:28:26,SEA,in,0.696,Q3 3:13,-7.0,2747,Jason Myers,K,8.5,3.0,2.36,5.36,5.36,5.58
2026-09-09 22:28:26,NE,in,0.696,Q3 3:13,7.0,12713,Andy Borregales,K,7.1,6.0,2.24,8.24,8.24,8.16
2026-09-09 22:28:26,SEA,in,0.696,Q3 3:13,-7.0,SEA,Seattle Seahawks D/ST,DST,7.2,4.0,2.11,6.11,6.11,6.19
2026-09-09 22:28:26,NE,in,0.696,Q3 3:13,7.0,NE,New England Patriots D/ST,DST,5.8,9.0,2.14,11.14,11.14,10.76
2026-09-09 22:28:26,NE,in,0.696,Q3 3:13,7.0,13421,Eli Raridon,TE,1.8,7.2,0.81,8.01,8.2,7.75
2026-09-09 22:29:27,SEA,in,0.696,Q3 3:13,-7.0,9488,Jaxon Smith-Njigba,WR,19.4,10.3,6.73,17.03,15.95,16.19
2026-09-09 22:29:27,NE,in,0.696,Q3 3:13,7.0,5859,A.J. Brown,WR,16.3,5.6,3.94,9.54,10.11,10.55
2026-09-09 22:29:27,NE,in,0.696,Q3 3:13,7.0,11564,Drake Maye,QB,19.4,11.24,4.98,16.22,16.96,17.13
2026-09-09 22:29:27,NE,in,0.696,Q3 3:13,7.0,7611,Rhamondre Stevenson,RB,17.5,6.8,4.46,11.26,11.7,12.11
2026-09-09 22:29:27,SEA,in,0.696,Q3 3:13,-7.0,13286,Jadarian Price,RB,12.0,6.5,3.57,10.07,10.0,10.14
2026-09-09 22:29:27,NE,in,0.696,Q3 3:13,7.0,8121,Romeo Doubs,WR,9.7,0.0,2.16,2.16,2.43,2.95
2026-09-09 22:29:27,SEA,in,0.696,Q3 3:13,-7.0,4943,Sam Darnold,QB,16.4,0.52,5.22,5.74,4.67,5.5
2026-09-09 22:29:27,SEA,in,0.696,Q3 3:13,-7.0,8676,Rashid Shaheed,WR,8.5,1.4,2.77,4.17,3.64,3.98
2026-09-09 22:29:27,NE,in,0.696,Q3 3:13,7.0,3214,Hunter Henry,TE,9.7,3.6,2.36,5.96,6.31,6.55
2026-09-09 22:29:27,SEA,in,0.696,Q3 3:13,-7.0,11435,Emanuel Wilson,RB,1.8,0.3,0.47,0.77,0.77,0.85
2026-09-09 22:29:27,SEA,in,0.696,Q3 3:13,-7.0,11603,A.J. Barner,TE,7.9,1.4,2.58,3.98,3.49,3.8
2026-09-09 22:29:27,SEA,in,0.696,Q3 3:13,-7.0,12048,George Holani,RB,6.6,2.9,1.9,4.8,4.78,4.9
2026-09-09 22:29:27,SEA,in,0.696,Q3 3:13,-7.0,4039,Cooper Kupp,WR,7.4,3.4,2.54,5.94,5.51,5.65
2026-09-09 22:29:27,NE,in,0.696,Q3 3:13,7.0,4177,Mack Hollins,WR,3.3,1.9,0.84,2.74,2.87,2.9
2026-09-09 22:29:27,SEA,in,0.696,Q3 3:13,-7.0,12521,Elijah Arroyo,TE,3.9,0.0,1.24,1.24,0.98,1.18
2026-09-09 22:29:27,NE,in,0.696,Q3 3:13,7.0,9501,Demario Douglas,WR,5.6,4.1,1.48,5.58,5.82,5.8
2026-09-09 22:29:27,SEA,in,0.696,Q3 3:13,-7.0,2747,Jason Myers,K,8.5,3.0,2.36,5.36,5.36,5.58
2026-09-09 22:29:27,NE,in,0.696,Q3 3:13,7.0,12713,Andy Borregales,K,7.1,6.0,2.24,8.24,8.24,8.16
2026-09-09 22:29:27,SEA,in,0.696,Q3 3:13,-7.0,SEA,Seattle Seahawks D/ST,DST,7.2,4.0,2.11,6.11,6.11,6.19
2026-09-09 22:29:27,NE,in,0.696,Q3 3:13,7.0,NE,New England Patriots D/ST,DST,5.8,9.0,2.14,11.14,11.14,10.76
2026-09-09 22:29:27,NE,in,0.696,Q3 3:13,7.0,13421,Eli Raridon,TE,1.8,7.2,0.81,8.01,8.2,7.75
2026-09-09 22:30:28,SEA,in,0.696,Q3 3:13,-7.0,9488,Jaxon Smith-Njigba,WR,19.4,10.3,6.73,17.03,15.95,16.19
2026-09-09 22:30:28,NE,in,0.696,Q3 3:13,7.0,5859,A.J. Brown,WR,16.3,5.6,3.94,9.54,10.11,10.55
2026-09-09 22:30:28,NE,in,0.696,Q3 3:13,7.0,11564,Drake Maye,QB,19.4,11.24,4.98,16.22,16.96,17.13
2026-09-09 22:30:28,NE,in,0.696,Q3 3:13,7.0,7611,Rhamondre Stevenson,RB,17.5,6.8,4.46,11.26,11.7,12.11
2026-09-09 22:30:28,SEA,in,0.696,Q3 3:13,-7.0,13286,Jadarian Price,RB,12.0,6.5,3.57,10.07,10.0,10.14
2026-09-09 22:30:28,NE,in,0.696,Q3 3:13,7.0,8121,Romeo Doubs,WR,9.7,0.0,2.16,2.16,2.43,2.95
2026-09-09 22:30:28,SEA,in,0.696,Q3 3:13,-7.0,4943,Sam Darnold,QB,16.4,0.52,5.22,5.74,4.67,5.5
2026-09-09 22:30:28,SEA,in,0.696,Q3 3:13,-7.0,8676,Rashid Shaheed,WR,8.5,1.4,2.77,4.17,3.64,3.98
2026-09-09 22:30:28,NE,in,0.696,Q3 3:13,7.0,3214,Hunter Henry,TE,9.7,3.6,2.36,5.96,6.31,6.55
2026-09-09 22:30:28,SEA,in,0.696,Q3 3:13,-7.0,11435,Emanuel Wilson,RB,1.8,0.3,0.47,0.77,0.77,0.85
2026-09-09 22:30:28,SEA,in,0.696,Q3 3:13,-7.0,11603,A.J. Barner,TE,7.9,1.4,2.58,3.98,3.49,3.8
2026-09-09 22:30:28,SEA,in,0.696,Q3 3:13,-7.0,12048,George Holani,RB,6.6,2.9,1.9,4.8,4.78,4.9
2026-09-09 22:30:28,SEA,in,0.696,Q3 3:13,-7.0,4039,Cooper Kupp,WR,7.4,3.4,2.54,5.94,5.51,5.65
2026-09-09 22:30:28,NE,in,0.696,Q3 3:13,7.0,4177,Mack Hollins,WR,3.3,1.9,0.84,2.74,2.87,2.9
2026-09-09 22:30:28,SEA,in,0.696,Q3 3:13,-7.0,12521,Elijah Arroyo,TE,3.9,0.0,1.24,1.24,0.98,1.18
2026-09-09 22:30:28,NE,in,0.696,Q3 3:13,7.0,9501,Demario Douglas,WR,5.6,4.1,1.48,5.58,5.82,5.8
2026-09-09 22:30:28,SEA,in,0.696,Q3 3:13,-7.0,2747,Jason Myers,K,8.5,3.0,2.36,5.36,5.36,5.58
2026-09-09 22:30:28,NE,in,0.696,Q3 3:13,7.0,12713,Andy Borregales,K,7.1,6.0,2.24,8.24,8.24,8.16
2026-09-09 22:30:28,SEA,in,0.696,Q3 3:13,-7.0,SEA,Seattle Seahawks D/ST,DST,7.2,4.0,2.11,6.11,6.11,6.19
2026-09-09 22:30:28,NE,in,0.696,Q3 3:13,7.0,NE,New England Patriots D/ST,DST,5.8,9.0,2.14,11.14,11.14,10.76
2026-09-09 22:30:28,NE,in,0.696,Q3 3:13,7.0,13421,Eli Raridon,TE,1.8,7.2,0.81,8.01,8.2,7.75
2026-09-09 22:31:28,SEA,in,0.698,Q3 3:06,-7.0,9488,Jaxon Smith-Njigba,WR,19.4,10.3,6.7,17.0,15.91,16.15
2026-09-09 22:31:28,NE,in,0.698,Q3 3:06,7.0,5859,A.J. Brown,WR,16.3,5.6,3.91,9.51,10.08,10.52
2026-09-09 22:31:28,NE,in,0.698,Q3 3:06,7.0,11564,Drake Maye,QB,19.4,11.24,4.94,16.18,16.92,17.09
2026-09-09 22:31:28,NE,in,0.698,Q3 3:06,7.0,7611,Rhamondre Stevenson,RB,17.5,6.8,4.43,11.23,11.67,12.08
2026-09-09 22:31:28,SEA,in,0.698,Q3 3:06,-7.0,13286,Jadarian Price,RB,12.0,6.5,3.55,10.05,9.98,10.12
2026-09-09 22:31:28,NE,in,0.698,Q3 3:06,7.0,8121,Romeo Doubs,WR,9.7,0.0,2.14,2.14,2.42,2.93
2026-09-09 22:31:28,SEA,in,0.698,Q3 3:06,-7.0,4943,Sam Darnold,QB,16.4,0.52,5.19,5.71,4.64,5.47
2026-09-09 22:31:28,SEA,in,0.698,Q3 3:06,-7.0,8676,Rashid Shaheed,WR,8.5,1.4,2.76,4.16,3.62,3.96
2026-09-09 22:31:28,NE,in,0.698,Q3 3:06,7.0,3214,Hunter Henry,TE,9.7,3.6,2.34,5.94,6.29,6.53
2026-09-09 22:31:28,SEA,in,0.698,Q3 3:06,-7.0,11435,Emanuel Wilson,RB,1.8,0.3,0.47,0.77,0.77,0.84
2026-09-09 22:31:28,SEA,in,0.698,Q3 3:06,-7.0,11603,A.J. Barner,TE,7.9,1.4,2.57,3.97,3.47,3.78
2026-09-09 22:31:28,SEA,in,0.698,Q3 3:06,-7.0,12048,George Holani,RB,6.6,2.9,1.88,4.78,4.76,4.89
2026-09-09 22:31:28,SEA,in,0.698,Q3 3:06,-7.0,4039,Cooper Kupp,WR,7.4,3.4,2.52,5.92,5.5,5.63
2026-09-09 22:31:28,NE,in,0.698,Q3 3:06,7.0,4177,Mack Hollins,WR,3.3,1.9,0.84,2.74,2.86,2.9
2026-09-09 22:31:28,SEA,in,0.698,Q3 3:06,-7.0,12521,Elijah Arroyo,TE,3.9,0.0,1.23,1.23,0.97,1.18
2026-09-09 22:31:28,NE,in,0.698,Q3 3:06,7.0,9501,Demario Douglas,WR,5.6,4.1,1.47,5.57,5.8,5.79
2026-09-09 22:31:28,SEA,in,0.698,Q3 3:06,-7.0,2747,Jason Myers,K,8.5,3.0,2.34,5.34,5.34,5.56
2026-09-09 22:31:28,NE,in,0.698,Q3 3:06,7.0,12713,Andy Borregales,K,7.1,6.0,2.22,8.22,8.22,8.14
2026-09-09 22:31:28,SEA,in,0.698,Q3 3:06,-7.0,SEA,Seattle Seahawks D/ST,DST,7.2,4.0,2.09,6.09,6.09,6.17
2026-09-09 22:31:28,NE,in,0.698,Q3 3:06,7.0,NE,New England Patriots D/ST,DST,5.8,9.0,2.12,11.12,11.12,10.75
2026-09-09 22:31:28,NE,in,0.698,Q3 3:06,7.0,13421,Eli Raridon,TE,1.8,7.2,0.8,8.0,8.19,7.74
2026-09-09 22:32:29,SEA,in,0.709,Q3 2:29,-7.0,9488,Jaxon Smith-Njigba,WR,19.4,10.3,6.5,16.8,15.7,15.95
2026-09-09 22:32:29,NE,in,0.709,Q3 2:29,7.0,5859,A.J. Brown,WR,16.3,5.6,3.78,9.38,9.92,10.35
2026-09-09 22:32:29,NE,in,0.709,Q3 2:29,7.0,11564,Drake Maye,QB,19.4,11.88,4.82,16.7,17.4,17.53
2026-09-09 22:32:29,NE,in,0.709,Q3 2:29,7.0,7611,Rhamondre Stevenson,RB,17.5,9.4,4.5,13.9,14.28,14.5
2026-09-09 22:32:29,SEA,in,0.709,Q3 2:29,-7.0,13286,Jadarian Price,RB,12.0,6.5,3.42,9.92,9.85,10.0
2026-09-09 22:32:29,NE,in,0.709,Q3 2:29,7.0,8121,Romeo Doubs,WR,9.7,0.0,2.07,2.07,2.33,2.83
2026-09-09 22:32:29,SEA,in,0.709,Q3 2:29,-7.0,4943,Sam Darnold,QB,16.4,0.52,5.02,5.54,4.49,5.3
2026-09-09 22:32:29,SEA,in,0.709,Q3 2:29,-7.0,8676,Rashid Shaheed,WR,8.5,1.4,2.68,4.08,3.54,3.88
2026-09-09 22:32:29,NE,in,0.709,Q3 2:29,7.0,3214,Hunter Henry,TE,9.7,3.6,2.26,5.86,6.19,6.43
2026-09-09 22:32:29,SEA,in,0.709,Q3 2:29,-7.0,11435,Emanuel Wilson,RB,1.8,0.3,0.45,0.75,0.75,0.82
2026-09-09 22:32:29,SEA,in,0.709,Q3 2:29,-7.0,11603,A.J. Barner,TE,7.9,1.4,2.49,3.89,3.4,3.7
2026-09-09 22:32:29,SEA,in,0.709,Q3 2:29,-7.0,12048,George Holani,RB,6.6,2.9,1.82,4.72,4.69,4.82
2026-09-09 22:32:29,SEA,in,0.709,Q3 2:29,-7.0,4039,Cooper Kupp,WR,7.4,3.4,2.45,5.85,5.42,5.56
2026-09-09 22:32:29,NE,in,0.709,Q3 2:29,7.0,4177,Mack Hollins,WR,3.3,1.9,0.81,2.71,2.83,2.86
2026-09-09 22:32:29,SEA,in,0.709,Q3 2:29,-7.0,12521,Elijah Arroyo,TE,3.9,0.0,1.19,1.19,0.94,1.14
2026-09-09 22:32:29,NE,in,0.709,Q3 2:29,7.0,9501,Demario Douglas,WR,5.6,4.1,1.42,5.52,5.74,5.73
2026-09-09 22:32:29,SEA,in,0.709,Q3 2:29,-7.0,2747,Jason Myers,K,8.5,3.0,2.26,5.26,5.26,5.48
2026-09-09 22:32:29,NE,in,0.709,Q3 2:29,7.0,12713,Andy Borregales,K,7.1,6.0,2.14,8.14,8.14,8.07
2026-09-09 22:32:29,SEA,in,0.709,Q3 2:29,-7.0,SEA,Seattle Seahawks D/ST,DST,7.2,4.0,2.02,6.02,6.02,6.1
2026-09-09 22:32:29,NE,in,0.709,Q3 2:29,7.0,NE,New England Patriots D/ST,DST,5.8,9.0,2.05,11.05,11.05,10.69
2026-09-09 22:32:29,NE,in,0.709,Q3 2:29,7.0,13421,Eli Raridon,TE,1.8,7.2,0.78,7.98,8.16,7.72
2026-09-09 22:33:30,SEA,in,0.72,Q3 1:48,-7.0,9488,Jaxon Smith-Njigba,WR,19.4,10.3,6.28,16.58,15.48,15.73
2026-09-09 22:33:30,NE,in,0.72,Q3 1:48,7.0,5859,A.J. Brown,WR,16.3,5.6,3.63,9.23,9.73,10.16
2026-09-09 22:33:30,NE,in,0.72,Q3 1:48,7.0,11564,Drake Maye,QB,19.4,11.92,4.62,16.54,17.21,17.35
2026-09-09 22:33:30,NE,in,0.72,Q3 1:48,7.0,7611,Rhamondre Stevenson,RB,17.5,9.7,4.33,14.03,14.4,14.6
2026-09-09 22:33:30,SEA,in,0.72,Q3 1:48,-7.0,13286,Jadarian Price,RB,12.0,6.5,3.27,9.77,9.71,9.86
2026-09-09 22:33:30,NE,in,0.72,Q3 1:48,7.0,8121,Romeo Doubs,WR,9.7,0.0,1.98,1.98,2.23,2.72
2026-09-09 22:33:30,SEA,in,0.72,Q3 1:48,-7.0,4943,Sam Darnold,QB,16.4,0.52,4.84,5.36,4.32,5.11
2026-09-09 22:33:30,SEA,in,0.72,Q3 1:48,-7.0,8676,Rashid Shaheed,WR,8.5,1.4,2.59,3.99,3.45,3.78
2026-09-09 22:33:30,NE,in,0.72,Q3 1:48,7.0,3214,Hunter Henry,TE,9.7,3.6,2.17,5.77,6.08,6.32
2026-09-09 22:33:30,SEA,in,0.72,Q3 1:48,-7.0,11435,Emanuel Wilson,RB,1.8,0.3,0.43,0.73,0.73,0.8
2026-09-09 22:33:30,SEA,in,0.72,Q3 1:48,-7.0,11603,A.J. Barner,TE,7.9,1.4,2.41,3.81,3.31,3.61
2026-09-09 22:33:30,SEA,in,0.72,Q3 1:48,-7.0,12048,George Holani,RB,6.6,2.9,1.74,4.64,4.62,4.75
2026-09-09 22:33:30,SEA,in,0.72,Q3 1:48,-7.0,4039,Cooper Kupp,WR,7.4,3.4,2.37,5.77,5.34,5.47
2026-09-09 22:33:30,NE,in,0.72,Q3 1:48,7.0,4177,Mack Hollins,WR,3.3,1.9,0.78,2.68,2.79,2.82
2026-09-09 22:33:30,SEA,in,0.72,Q3 1:48,-7.0,12521,Elijah Arroyo,TE,3.9,0.0,1.15,1.15,0.9,1.09
2026-09-09 22:33:30,NE,in,0.72,Q3 1:48,7.0,9501,Demario Douglas,WR,5.6,4.1,1.36,5.46,5.67,5.67
2026-09-09 22:33:30,SEA,in,0.72,Q3 1:48,-7.0,2747,Jason Myers,K,8.5,3.0,2.16,5.16,5.16,5.38
2026-09-09 22:33:30,NE,in,0.72,Q3 1:48,7.0,12713,Andy Borregales,K,7.1,6.0,2.05,8.05,8.05,7.99
2026-09-09 22:33:30,SEA,in,0.72,Q3 1:48,-7.0,SEA,Seattle Seahawks D/ST,DST,7.2,4.0,1.93,5.93,5.93,6.02
2026-09-09 22:33:30,NE,in,0.72,Q3 1:48,7.0,NE,New England Patriots D/ST,DST,5.8,9.0,1.96,10.96,10.96,10.62
2026-09-09 22:33:30,NE,in,0.72,Q3 1:48,7.0,13421,Eli Raridon,TE,1.8,7.2,0.75,7.95,8.12,7.7
2026-09-09 22:34:30,SEA,in,0.726,Q3 1:26,-7.0,9488,Jaxon Smith-Njigba,WR,19.4,10.3,6.17,16.47,15.35,15.61
2026-09-09 22:34:30,NE,in,0.726,Q3 1:26,7.0,5859,A.J. Brown,WR,16.3,5.6,3.55,9.15,9.64,10.06
2026-09-09 22:34:30,NE,in,0.726,Q3 1:26,7.0,11564,Drake Maye,QB,19.4,12.36,4.55,16.91,17.56,17.67
2026-09-09 22:34:30,NE,in,0.726,Q3 1:26,7.0,7611,Rhamondre Stevenson,RB,17.5,11.7,4.4,16.1,16.42,16.49
2026-09-09 22:34:30,SEA,in,0.726,Q3 1:26,-7.0,13286,Jadarian Price,RB,12.0,6.5,3.2,9.7,9.64,9.79
2026-09-09 22:34:30,NE,in,0.726,Q3 1:26,7.0,8121,Romeo Doubs,WR,9.7,0.0,1.94,1.94,2.17,2.66
2026-09-09 22:34:30,SEA,in,0.726,Q3 1:26,-7.0,4943,Sam Darnold,QB,16.4,0.52,4.74,5.26,4.23,5.01
2026-09-09 22:34:30,SEA,in,0.726,Q3 1:26,-7.0,8676,Rashid Shaheed,WR,8.5,1.4,2.54,3.94,3.4,3.73
2026-09-09 22:34:30,NE,in,0.726,Q3 1:26,7.0,3214,Hunter Henry,TE,9.7,3.6,2.13,5.73,6.02,6.26
2026-09-09 22:34:30,SEA,in,0.726,Q3 1:26,-7.0,11435,Emanuel Wilson,RB,1.8,0.3,0.42,0.72,0.72,0.79
2026-09-09 22:34:30,SEA,in,0.726,Q3 1:26,-7.0,11603,A.J. Barner,TE,7.9,1.4,2.37,3.77,3.27,3.56
2026-09-09 22:34:30,SEA,in,0.726,Q3 1:26,-7.0,12048,George Holani,RB,6.6,2.9,1.7,4.6,4.58,4.71
2026-09-09 22:34:30,SEA,in,0.726,Q3 1:26,-7.0,4039,Cooper Kupp,WR,7.4,3.4,2.32,5.72,5.29,5.43
2026-09-09 22:34:30,NE,in,0.726,Q3 1:26,7.0,4177,Mack Hollins,WR,3.3,1.9,0.76,2.66,2.77,2.8
2026-09-09 22:34:30,SEA,in,0.726,Q3 1:26,-7.0,12521,Elijah Arroyo,TE,3.9,0.0,1.13,1.13,0.87,1.07
2026-09-09 22:34:30,NE,in,0.726,Q3 1:26,7.0,9501,Demario Douglas,WR,5.6,4.1,1.33,5.43,5.64,5.63
2026-09-09 22:34:30,SEA,in,0.726,Q3 1:26,-7.0,2747,Jason Myers,K,8.5,3.0,2.11,5.11,5.11,5.33
2026-09-09 22:34:30,NE,in,0.726,Q3 1:26,7.0,12713,Andy Borregales,K,7.1,6.0,2.0,8.0,8.0,7.94
2026-09-09 22:34:30,SEA,in,0.726,Q3 1:26,-7.0,SEA,Seattle Seahawks D/ST,DST,7.2,4.0,1.89,5.89,5.89,5.97
2026-09-09 22:34:30,NE,in,0.726,Q3 1:26,7.0,NE,New England Patriots D/ST,DST,5.8,9.0,1.92,10.92,10.92,10.59
2026-09-09 22:34:30,NE,in,0.726,Q3 1:26,7.0,13421,Eli Raridon,TE,1.8,7.2,0.74,7.94,8.1,7.69
2026-09-09 22:35:31,SEA,in,0.75,Q3 0:00,-7.0,9488,Jaxon Smith-Njigba,WR,19.4,10.3,5.7,16.0,14.88,15.15
2026-09-09 22:35:31,NE,in,0.75,Q3 0:00,7.0,5859,A.J. Brown,WR,16.3,5.6,3.24,8.84,9.26,9.68
2026-09-09 22:35:31,NE,in,0.75,Q3 0:00,7.0,11564,Drake Maye,QB,19.4,12.68,4.15,16.83,17.41,17.53
2026-09-09 22:35:31,NE,in,0.75,Q3 0:00,7.0,7611,Rhamondre Stevenson,RB,17.5,11.7,3.97,15.67,15.99,16.07
2026-09-09 22:35:31,SEA,in,0.75,Q3 0:00,-7.0,13286,Jadarian Price,RB,12.0,6.5,2.9,9.4,9.34,9.5
2026-09-09 22:35:31,NE,in,0.75,Q3 0:00,7.0,8121,Romeo Doubs,WR,9.7,0.0,1.77,1.77,1.97,2.42
2026-09-09 22:35:31,SEA,in,0.75,Q3 0:00,-7.0,4943,Sam Darnold,QB,16.4,0.52,4.36,4.88,3.88,4.62
2026-09-09 22:35:31,SEA,in,0.75,Q3 0:00,-7.0,8676,Rashid Shaheed,WR,8.5,1.4,2.35,3.75,3.21,3.52
2026-09-09 22:35:31,NE,in,0.75,Q3 0:00,7.0,3214,Hunter Henry,TE,9.7,3.6,1.94,5.54,5.8,6.03
2026-09-09 22:35:31,SEA,in,0.75,Q3 0:00,-7.0,11435,Emanuel Wilson,RB,1.8,0.3,0.38,0.68,0.68,0.75
2026-09-09 22:35:31,SEA,in,0.75,Q3 0:00,-7.0,11603,A.J. Barner,TE,7.9,1.4,2.18,3.58,3.09,3.38
2026-09-09 22:35:31,SEA,in,0.75,Q3 0:00,-7.0,12048,George Holani,RB,6.6,2.9,1.54,4.44,4.42,4.55
2026-09-09 22:35:31,SEA,in,0.75,Q3 0:00,-7.0,4039,Cooper Kupp,WR,7.4,3.4,2.15,5.55,5.12,5.25
2026-09-09 22:35:31,NE,in,0.75,Q3 0:00,7.0,4177,Mack Hollins,WR,3.3,1.9,0.69,2.59,2.69,2.72
2026-09-09 22:35:31,SEA,in,0.75,Q3 0:00,-7.0,12521,Elijah Arroyo,TE,3.9,0.0,1.05,1.05,0.79,0.97
2026-09-09 22:35:31,NE,in,0.75,Q3 0:00,7.0,9501,Demario Douglas,WR,5.6,5.9,1.3,7.2,7.41,7.3
2026-09-09 22:35:31,SEA,in,0.75,Q3 0:00,-7.0,2747,Jason Myers,K,8.5,3.0,1.91,4.91,4.91,5.12
2026-09-09 22:35:31,NE,in,0.75,Q3 0:00,7.0,12713,Andy Borregales,K,7.1,6.0,1.82,7.82,7.82,7.78
2026-09-09 22:35:31,SEA,in,0.75,Q3 0:00,-7.0,SEA,Seattle Seahawks D/ST,DST,7.2,4.0,1.71,5.71,5.71,5.8
2026-09-09 22:35:31,NE,in,0.75,Q3 0:00,7.0,NE,New England Patriots D/ST,DST,5.8,9.0,1.74,10.74,10.74,10.45
2026-09-09 22:35:31,NE,in,0.75,Q3 0:00,7.0,13421,Eli Raridon,TE,1.8,7.2,0.68,7.88,8.02,7.65
2026-09-09 22:36:32,SEA,in,0.75,Q4 15:00,-7.0,9488,Jaxon Smith-Njigba,WR,19.4,10.3,5.7,16.0,14.88,15.15
2026-09-09 22:36:32,NE,in,0.75,Q4 15:00,7.0,5859,A.J. Brown,WR,16.3,5.6,3.24,8.84,9.26,9.68
2026-09-09 22:36:32,NE,in,0.75,Q4 15:00,7.0,11564,Drake Maye,QB,19.4,12.68,4.15,16.83,17.41,17.53
2026-09-09 22:36:32,NE,in,0.75,Q4 15:00,7.0,7611,Rhamondre Stevenson,RB,17.5,11.7,3.97,15.67,15.99,16.07
2026-09-09 22:36:32,SEA,in,0.75,Q4 15:00,-7.0,13286,Jadarian Price,RB,12.0,6.5,2.9,9.4,9.34,9.5
2026-09-09 22:36:32,NE,in,0.75,Q4 15:00,7.0,8121,Romeo Doubs,WR,9.7,0.0,1.77,1.77,1.97,2.42
2026-09-09 22:36:32,SEA,in,0.75,Q4 15:00,-7.0,4943,Sam Darnold,QB,16.4,0.52,4.36,4.88,3.88,4.62
2026-09-09 22:36:32,SEA,in,0.75,Q4 15:00,-7.0,8676,Rashid Shaheed,WR,8.5,1.4,2.35,3.75,3.21,3.52
2026-09-09 22:36:32,NE,in,0.75,Q4 15:00,7.0,3214,Hunter Henry,TE,9.7,3.6,1.94,5.54,5.8,6.03
2026-09-09 22:36:32,SEA,in,0.75,Q4 15:00,-7.0,11435,Emanuel Wilson,RB,1.8,0.3,0.38,0.68,0.68,0.75
2026-09-09 22:36:32,SEA,in,0.75,Q4 15:00,-7.0,11603,A.J. Barner,TE,7.9,1.4,2.18,3.58,3.09,3.38
2026-09-09 22:36:32,SEA,in,0.75,Q4 15:00,-7.0,12048,George Holani,RB,6.6,2.9,1.54,4.44,4.42,4.55
2026-09-09 22:36:32,SEA,in,0.75,Q4 15:00,-7.0,4039,Cooper Kupp,WR,7.4,3.4,2.15,5.55,5.12,5.25
2026-09-09 22:36:32,NE,in,0.75,Q4 15:00,7.0,4177,Mack Hollins,WR,3.3,1.9,0.69,2.59,2.69,2.72
2026-09-09 22:36:32,SEA,in,0.75,Q4 15:00,-7.0,12521,Elijah Arroyo,TE,3.9,0.0,1.05,1.05,0.79,0.97
2026-09-09 22:36:32,NE,in,0.75,Q4 15:00,7.0,9501,Demario Douglas,WR,5.6,5.9,1.3,7.2,7.41,7.3
2026-09-09 22:36:32,SEA,in,0.75,Q4 15:00,-7.0,2747,Jason Myers,K,8.5,3.0,1.91,4.91,4.91,5.12
2026-09-09 22:36:32,NE,in,0.75,Q4 15:00,7.0,12713,Andy Borregales,K,7.1,6.0,1.82,7.82,7.82,7.78
2026-09-09 22:36:32,SEA,in,0.75,Q4 15:00,-7.0,SEA,Seattle Seahawks D/ST,DST,7.2,4.0,1.71,5.71,5.71,5.8
2026-09-09 22:36:32,NE,in,0.75,Q4 15:00,7.0,NE,New England Patriots D/ST,DST,5.8,9.0,1.74,10.74,10.74,10.45
2026-09-09 22:36:32,NE,in,0.75,Q4 15:00,7.0,13421,Eli Raridon,TE,1.8,7.2,0.68,7.88,8.02,7.65
2026-09-09 22:37:32,SEA,in,0.75,Q4 15:00,-7.0,9488,Jaxon Smith-Njigba,WR,19.4,10.3,5.7,16.0,14.88,15.15
2026-09-09 22:37:32,NE,in,0.75,Q4 15:00,7.0,5859,A.J. Brown,WR,16.3,5.6,3.24,8.84,9.26,9.68
2026-09-09 22:37:32,NE,in,0.75,Q4 15:00,7.0,11564,Drake Maye,QB,19.4,12.68,4.15,16.83,17.41,17.53
2026-09-09 22:37:32,NE,in,0.75,Q4 15:00,7.0,7611,Rhamondre Stevenson,RB,17.5,11.7,3.97,15.67,15.99,16.07
2026-09-09 22:37:32,SEA,in,0.75,Q4 15:00,-7.0,13286,Jadarian Price,RB,12.0,6.5,2.9,9.4,9.34,9.5
2026-09-09 22:37:32,NE,in,0.75,Q4 15:00,7.0,8121,Romeo Doubs,WR,9.7,0.0,1.77,1.77,1.97,2.42
2026-09-09 22:37:32,SEA,in,0.75,Q4 15:00,-7.0,4943,Sam Darnold,QB,16.4,0.52,4.36,4.88,3.88,4.62
2026-09-09 22:37:32,SEA,in,0.75,Q4 15:00,-7.0,8676,Rashid Shaheed,WR,8.5,1.4,2.35,3.75,3.21,3.52
2026-09-09 22:37:32,NE,in,0.75,Q4 15:00,7.0,3214,Hunter Henry,TE,9.7,3.6,1.94,5.54,5.8,6.03
2026-09-09 22:37:32,SEA,in,0.75,Q4 15:00,-7.0,11435,Emanuel Wilson,RB,1.8,0.3,0.38,0.68,0.68,0.75
2026-09-09 22:37:32,SEA,in,0.75,Q4 15:00,-7.0,11603,A.J. Barner,TE,7.9,1.4,2.18,3.58,3.09,3.38
2026-09-09 22:37:32,SEA,in,0.75,Q4 15:00,-7.0,12048,George Holani,RB,6.6,2.9,1.54,4.44,4.42,4.55
2026-09-09 22:37:32,SEA,in,0.75,Q4 15:00,-7.0,4039,Cooper Kupp,WR,7.4,3.4,2.15,5.55,5.12,5.25
2026-09-09 22:37:32,NE,in,0.75,Q4 15:00,7.0,4177,Mack Hollins,WR,3.3,1.9,0.69,2.59,2.69,2.72
2026-09-09 22:37:32,SEA,in,0.75,Q4 15:00,-7.0,12521,Elijah Arroyo,TE,3.9,0.0,1.05,1.05,0.79,0.97
2026-09-09 22:37:32,NE,in,0.75,Q4 15:00,7.0,9501,Demario Douglas,WR,5.6,5.9,1.3,7.2,7.41,7.3
2026-09-09 22:37:32,SEA,in,0.75,Q4 15:00,-7.0,2747,Jason Myers,K,8.5,3.0,1.91,4.91,4.91,5.12
2026-09-09 22:37:32,NE,in,0.75,Q4 15:00,7.0,12713,Andy Borregales,K,7.1,6.0,1.82,7.82,7.82,7.78
2026-09-09 22:37:32,SEA,in,0.75,Q4 15:00,-7.0,SEA,Seattle Seahawks D/ST,DST,7.2,4.0,1.71,5.71,5.71,5.8
2026-09-09 22:37:32,NE,in,0.75,Q4 15:00,7.0,NE,New England Patriots D/ST,DST,5.8,9.0,1.74,10.74,10.74,10.45
2026-09-09 22:37:32,NE,in,0.75,Q4 15:00,7.0,13421,Eli Raridon,TE,1.8,7.2,0.68,7.88,8.02,7.65
2026-09-09 22:38:33,SEA,in,0.75,Q4 15:00,-7.0,9488,Jaxon Smith-Njigba,WR,19.4,10.3,5.7,16.0,14.88,15.15
2026-09-09 22:38:33,NE,in,0.75,Q4 15:00,7.0,5859,A.J. Brown,WR,16.3,5.6,3.24,8.84,9.26,9.68
2026-09-09 22:38:33,NE,in,0.75,Q4 15:00,7.0,11564,Drake Maye,QB,19.4,12.68,4.15,16.83,17.41,17.53
2026-09-09 22:38:33,NE,in,0.75,Q4 15:00,7.0,7611,Rhamondre Stevenson,RB,17.5,11.7,3.97,15.67,15.99,16.07
2026-09-09 22:38:33,SEA,in,0.75,Q4 15:00,-7.0,13286,Jadarian Price,RB,12.0,6.5,2.9,9.4,9.34,9.5
2026-09-09 22:38:33,NE,in,0.75,Q4 15:00,7.0,8121,Romeo Doubs,WR,9.7,0.0,1.77,1.77,1.97,2.42
2026-09-09 22:38:33,SEA,in,0.75,Q4 15:00,-7.0,4943,Sam Darnold,QB,16.4,0.52,4.36,4.88,3.88,4.62
2026-09-09 22:38:33,SEA,in,0.75,Q4 15:00,-7.0,8676,Rashid Shaheed,WR,8.5,1.4,2.35,3.75,3.21,3.52
2026-09-09 22:38:33,NE,in,0.75,Q4 15:00,7.0,3214,Hunter Henry,TE,9.7,3.6,1.94,5.54,5.8,6.03
2026-09-09 22:38:33,SEA,in,0.75,Q4 15:00,-7.0,11435,Emanuel Wilson,RB,1.8,0.3,0.38,0.68,0.68,0.75
2026-09-09 22:38:33,SEA,in,0.75,Q4 15:00,-7.0,11603,A.J. Barner,TE,7.9,1.4,2.18,3.58,3.09,3.38
2026-09-09 22:38:33,SEA,in,0.75,Q4 15:00,-7.0,12048,George Holani,RB,6.6,2.9,1.54,4.44,4.42,4.55
2026-09-09 22:38:33,SEA,in,0.75,Q4 15:00,-7.0,4039,Cooper Kupp,WR,7.4,3.4,2.15,5.55,5.12,5.25
2026-09-09 22:38:33,NE,in,0.75,Q4 15:00,7.0,4177,Mack Hollins,WR,3.3,1.9,0.69,2.59,2.69,2.72
2026-09-09 22:38:33,SEA,in,0.75,Q4 15:00,-7.0,12521,Elijah Arroyo,TE,3.9,0.0,1.05,1.05,0.79,0.97
2026-09-09 22:38:33,NE,in,0.75,Q4 15:00,7.0,9501,Demario Douglas,WR,5.6,5.9,1.3,7.2,7.41,7.3
2026-09-09 22:38:33,SEA,in,0.75,Q4 15:00,-7.0,2747,Jason Myers,K,8.5,3.0,1.91,4.91,4.91,5.12
2026-09-09 22:38:33,NE,in,0.75,Q4 15:00,7.0,12713,Andy Borregales,K,7.1,6.0,1.82,7.82,7.82,7.78
2026-09-09 22:38:33,SEA,in,0.75,Q4 15:00,-7.0,SEA,Seattle Seahawks D/ST,DST,7.2,4.0,1.71,5.71,5.71,5.8
2026-09-09 22:38:33,NE,in,0.75,Q4 15:00,7.0,NE,New England Patriots D/ST,DST,5.8,9.0,1.74,10.74,10.74,10.45
2026-09-09 22:38:33,NE,in,0.75,Q4 15:00,7.0,13421,Eli Raridon,TE,1.8,7.2,0.68,7.88,8.02,7.65
2026-09-09 22:39:33,SEA,in,0.75,Q4 15:00,-7.0,9488,Jaxon Smith-Njigba,WR,19.4,10.3,5.7,16.0,14.88,15.15
2026-09-09 22:39:33,NE,in,0.75,Q4 15:00,7.0,5859,A.J. Brown,WR,16.3,5.6,3.24,8.84,9.26,9.68
2026-09-09 22:39:33,NE,in,0.75,Q4 15:00,7.0,11564,Drake Maye,QB,19.4,12.68,4.15,16.83,17.41,17.53
2026-09-09 22:39:33,NE,in,0.75,Q4 15:00,7.0,7611,Rhamondre Stevenson,RB,17.5,11.7,3.97,15.67,15.99,16.07
2026-09-09 22:39:33,SEA,in,0.75,Q4 15:00,-7.0,13286,Jadarian Price,RB,12.0,6.5,2.9,9.4,9.34,9.5
2026-09-09 22:39:33,NE,in,0.75,Q4 15:00,7.0,8121,Romeo Doubs,WR,9.7,0.0,1.77,1.77,1.97,2.42
2026-09-09 22:39:33,SEA,in,0.75,Q4 15:00,-7.0,4943,Sam Darnold,QB,16.4,0.52,4.36,4.88,3.88,4.62
2026-09-09 22:39:33,SEA,in,0.75,Q4 15:00,-7.0,8676,Rashid Shaheed,WR,8.5,1.4,2.35,3.75,3.21,3.52
2026-09-09 22:39:33,NE,in,0.75,Q4 15:00,7.0,3214,Hunter Henry,TE,9.7,3.6,1.94,5.54,5.8,6.03
2026-09-09 22:39:33,SEA,in,0.75,Q4 15:00,-7.0,11435,Emanuel Wilson,RB,1.8,0.3,0.38,0.68,0.68,0.75
2026-09-09 22:39:33,SEA,in,0.75,Q4 15:00,-7.0,11603,A.J. Barner,TE,7.9,1.4,2.18,3.58,3.09,3.38
2026-09-09 22:39:33,SEA,in,0.75,Q4 15:00,-7.0,12048,George Holani,RB,6.6,2.9,1.54,4.44,4.42,4.55
2026-09-09 22:39:33,SEA,in,0.75,Q4 15:00,-7.0,4039,Cooper Kupp,WR,7.4,3.4,2.15,5.55,5.12,5.25
2026-09-09 22:39:33,NE,in,0.75,Q4 15:00,7.0,4177,Mack Hollins,WR,3.3,1.9,0.69,2.59,2.69,2.72
2026-09-09 22:39:33,SEA,in,0.75,Q4 15:00,-7.0,12521,Elijah Arroyo,TE,3.9,0.0,1.05,1.05,0.79,0.97
2026-09-09 22:39:33,NE,in,0.75,Q4 15:00,7.0,9501,Demario Douglas,WR,5.6,5.9,1.3,7.2,7.41,7.3
2026-09-09 22:39:33,SEA,in,0.75,Q4 15:00,-7.0,2747,Jason Myers,K,8.5,3.0,1.91,4.91,4.91,5.12
2026-09-09 22:39:33,NE,in,0.75,Q4 15:00,7.0,12713,Andy Borregales,K,7.1,6.0,1.82,7.82,7.82,7.78
2026-09-09 22:39:33,SEA,in,0.75,Q4 15:00,-7.0,SEA,Seattle Seahawks D/ST,DST,7.2,4.0,1.71,5.71,5.71,5.8
2026-09-09 22:39:33,NE,in,0.75,Q4 15:00,7.0,NE,New England Patriots D/ST,DST,5.8,9.0,1.74,10.74,10.74,10.45
2026-09-09 22:39:33,NE,in,0.75,Q4 15:00,7.0,13421,Eli Raridon,TE,1.8,7.2,0.68,7.88,8.02,7.65
2026-09-09 22:40:34,SEA,in,0.763,Q4 14:12,-7.0,9488,Jaxon Smith-Njigba,WR,19.4,10.3,5.43,15.73,14.62,14.89
2026-09-09 22:40:34,NE,in,0.763,Q4 14:12,7.0,5859,A.J. Brown,WR,16.3,5.6,3.06,8.66,9.05,9.46
2026-09-09 22:40:34,NE,in,0.763,Q4 14:12,7.0,11564,Drake Maye,QB,19.4,11.68,3.83,15.51,16.09,16.27
2026-09-09 22:40:34,NE,in,0.763,Q4 14:12,7.0,7611,Rhamondre Stevenson,RB,17.5,11.7,3.74,15.44,15.74,15.84
2026-09-09 22:40:34,SEA,in,0.763,Q4 14:12,-7.0,13286,Jadarian Price,RB,12.0,6.5,2.73,9.23,9.18,9.34
2026-09-09 22:40:34,NE,in,0.763,Q4 14:12,7.0,8121,Romeo Doubs,WR,9.7,0.0,1.67,1.67,1.86,2.3
2026-09-09 22:40:34,SEA,in,0.763,Q4 14:12,-7.0,4943,Sam Darnold,QB,16.4,0.52,4.14,4.66,3.69,4.4
2026-09-09 22:40:34,SEA,in,0.763,Q4 14:12,-7.0,8676,Rashid Shaheed,WR,8.5,1.4,2.23,3.63,3.11,3.41
2026-09-09 22:40:34,NE,in,0.763,Q4 14:12,7.0,3214,Hunter Henry,TE,9.7,3.6,1.84,5.44,5.67,5.9
2026-09-09 22:40:34,SEA,in,0.763,Q4 14:12,-7.0,11435,Emanuel Wilson,RB,1.8,0.3,0.36,0.66,0.66,0.73
2026-09-09 22:40:34,SEA,in,0.763,Q4 14:12,-7.0,11603,A.J. Barner,TE,7.9,1.4,2.08,3.48,3.0,3.27
2026-09-09 22:40:34,SEA,in,0.763,Q4 14:12,-7.0,12048,George Holani,RB,6.6,2.9,1.45,4.35,4.34,4.46
2026-09-09 22:40:34,SEA,in,0.763,Q4 14:12,-7.0,4039,Cooper Kupp,WR,7.4,3.4,2.05,5.45,5.02,5.15
2026-09-09 22:40:34,NE,in,0.763,Q4 14:12,7.0,4177,Mack Hollins,WR,3.3,1.9,0.66,2.56,2.64,2.68
2026-09-09 22:40:34,SEA,in,0.763,Q4 14:12,-7.0,12521,Elijah Arroyo,TE,3.9,0.0,1.0,1.0,0.75,0.92
2026-09-09 22:40:34,NE,in,0.763,Q4 14:12,7.0,9501,Demario Douglas,WR,5.6,5.9,1.24,7.14,7.32,7.23
2026-09-09 22:40:34,SEA,in,0.763,Q4 14:12,-7.0,2747,Jason Myers,K,8.5,3.0,1.81,4.81,4.81,5.01
2026-09-09 22:40:34,NE,in,0.763,Q4 14:12,7.0,12713,Andy Borregales,K,7.1,6.0,1.71,7.71,7.71,7.68
2026-09-09 22:40:34,SEA,in,0.763,Q4 14:12,-7.0,SEA,Seattle Seahawks D/ST,DST,7.2,6.0,1.73,7.73,7.73,7.7
2026-09-09 22:40:34,NE,in,0.763,Q4 14:12,7.0,NE,New England Patriots D/ST,DST,5.8,9.0,1.64,10.64,10.64,10.37
2026-09-09 22:40:34,NE,in,0.763,Q4 14:12,7.0,13421,Eli Raridon,TE,1.8,7.2,0.64,7.84,7.97,7.63
2026-09-09 22:41:35,SEA,in,0.772,Q4 13:40,-7.0,9488,Jaxon Smith-Njigba,WR,19.4,12.6,5.35,17.95,16.88,17.02
2026-09-09 22:41:35,NE,in,0.772,Q4 13:40,7.0,5859,A.J. Brown,WR,16.3,5.6,2.95,8.55,8.91,9.31
2026-09-09 22:41:35,NE,in,0.772,Q4 13:40,7.0,11564,Drake Maye,QB,19.4,11.68,3.67,15.35,15.91,16.1
2026-09-09 22:41:35,NE,in,0.772,Q4 13:40,7.0,7611,Rhamondre Stevenson,RB,17.5,11.7,3.58,15.28,15.58,15.69
2026-09-09 22:41:35,SEA,in,0.772,Q4 13:40,-7.0,13286,Jadarian Price,RB,12.0,7.0,2.66,9.66,9.6,9.73
2026-09-09 22:41:35,NE,in,0.772,Q4 13:40,7.0,8121,Romeo Doubs,WR,9.7,0.0,1.6,1.6,1.78,2.21
2026-09-09 22:41:35,SEA,in,0.772,Q4 13:40,-7.0,4943,Sam Darnold,QB,16.4,0.52,3.99,4.51,3.56,4.26
2026-09-09 22:41:35,SEA,in,0.772,Q4 13:40,-7.0,8676,Rashid Shaheed,WR,8.5,1.4,2.16,3.56,3.04,3.34
2026-09-09 22:41:35,NE,in,0.772,Q4 13:40,7.0,3214,Hunter Henry,TE,9.7,3.6,1.77,5.37,5.59,5.81
2026-09-09 22:41:35,SEA,in,0.772,Q4 13:40,-7.0,11435,Emanuel Wilson,RB,1.8,0.3,0.35,0.65,0.65,0.71
2026-09-09 22:41:35,SEA,in,0.772,Q4 13:40,-7.0,11603,A.J. Barner,TE,7.9,1.4,2.01,3.41,2.93,3.2
2026-09-09 22:41:35,SEA,in,0.772,Q4 13:40,-7.0,12048,George Holani,RB,6.6,2.9,1.4,4.3,4.28,4.4
2026-09-09 22:41:35,SEA,in,0.772,Q4 13:40,-7.0,4039,Cooper Kupp,WR,7.4,3.4,1.98,5.38,4.95,5.09
2026-09-09 22:41:35,NE,in,0.772,Q4 13:40,7.0,4177,Mack Hollins,WR,3.3,1.9,0.63,2.53,2.61,2.65
2026-09-09 22:41:35,SEA,in,0.772,Q4 13:40,-7.0,12521,Elijah Arroyo,TE,3.9,0.0,0.96,0.96,0.72,0.89
2026-09-09 22:41:35,NE,in,0.772,Q4 13:40,7.0,9501,Demario Douglas,WR,5.6,5.9,1.19,7.09,7.27,7.18
2026-09-09 22:41:35,SEA,in,0.772,Q4 13:40,-7.0,2747,Jason Myers,K,8.5,3.0,1.73,4.73,4.73,4.94
2026-09-09 22:41:35,NE,in,0.772,Q4 13:40,7.0,12713,Andy Borregales,K,7.1,6.0,1.65,7.65,7.65,7.62
2026-09-09 22:41:35,SEA,in,0.772,Q4 13:40,-7.0,SEA,Seattle Seahawks D/ST,DST,7.2,6.0,1.67,7.67,7.67,7.64
2026-09-09 22:41:35,NE,in,0.772,Q4 13:40,7.0,NE,New England Patriots D/ST,DST,5.8,9.0,1.58,10.58,10.58,10.32
2026-09-09 22:41:35,NE,in,0.772,Q4 13:40,7.0,13421,Eli Raridon,TE,1.8,7.2,0.62,7.82,7.94,7.61
2026-09-09 22:42:35,SEA,in,0.795,Q4 12:19,-7.0,9488,Jaxon Smith-Njigba,WR,19.4,12.6,4.88,17.48,16.44,16.58
2026-09-09 22:42:35,NE,in,0.795,Q4 12:19,7.0,5859,A.J. Brown,WR,16.3,5.6,2.65,8.25,8.57,8.95
2026-09-09 22:42:35,NE,in,0.795,Q4 12:19,7.0,11564,Drake Maye,QB,19.4,11.68,3.28,14.96,15.47,15.66
2026-09-09 22:42:35,NE,in,0.795,Q4 12:19,7.0,7611,Rhamondre Stevenson,RB,17.5,11.7,3.19,14.89,15.18,15.29
2026-09-09 22:42:35,SEA,in,0.795,Q4 12:19,-7.0,13286,Jadarian Price,RB,12.0,7.4,2.41,9.81,9.75,9.86
2026-09-09 22:42:35,NE,in,0.795,Q4 12:19,7.0,8121,Romeo Doubs,WR,9.7,0.0,1.44,1.44,1.6,1.99
2026-09-09 22:42:35,SEA,in,0.795,Q4 12:19,-7.0,4943,Sam Darnold,QB,16.4,0.52,3.62,4.14,3.24,3.89
2026-09-09 22:42:35,SEA,in,0.795,Q4 12:19,-7.0,8676,Rashid Shaheed,WR,8.5,1.4,1.97,3.37,2.87,3.14
2026-09-09 22:42:35,NE,in,0.795,Q4 12:19,7.0,3214,Hunter Henry,TE,9.7,3.6,1.59,5.19,5.38,5.59
2026-09-09 22:42:35,SEA,in,0.795,Q4 12:19,-7.0,11435,Emanuel Wilson,RB,1.8,0.3,0.31,0.61,0.61,0.67
2026-09-09 22:42:35,SEA,in,0.795,Q4 12:19,-7.0,11603,A.J. Barner,TE,7.9,1.4,1.83,3.23,2.77,3.02
2026-09-09 22:42:35,SEA,in,0.795,Q4 12:19,-7.0,12048,George Holani,RB,6.6,2.9,1.25,4.15,4.13,4.25
2026-09-09 22:42:35,SEA,in,0.795,Q4 12:19,-7.0,4039,Cooper Kupp,WR,7.4,3.4,1.8,5.2,4.79,4.92
2026-09-09 22:42:35,NE,in,0.795,Q4 12:19,7.0,4177,Mack Hollins,WR,3.3,1.9,0.57,2.47,2.54,2.58
2026-09-09 22:42:35,SEA,in,0.795,Q4 12:19,-7.0,12521,Elijah Arroyo,TE,3.9,0.0,0.88,0.88,0.64,0.8
2026-09-09 22:42:35,NE,in,0.795,Q4 12:19,7.0,9501,Demario Douglas,WR,5.6,5.9,1.07,6.97,7.12,7.05
2026-09-09 22:42:35,SEA,in,0.795,Q4 12:19,-7.0,2747,Jason Myers,K,8.5,3.0,1.55,4.55,4.55,4.74
2026-09-09 22:42:35,NE,in,0.795,Q4 12:19,7.0,12713,Andy Borregales,K,7.1,6.0,1.48,7.48,7.48,7.46
2026-09-09 22:42:35,SEA,in,0.795,Q4 12:19,-7.0,SEA,Seattle Seahawks D/ST,DST,7.2,6.0,1.49,7.49,7.49,7.48
2026-09-09 22:42:35,NE,in,0.795,Q4 12:19,7.0,NE,New England Patriots D/ST,DST,5.8,9.0,1.42,10.42,10.42,10.19
2026-09-09 22:42:35,NE,in,0.795,Q4 12:19,7.0,13421,Eli Raridon,TE,1.8,7.2,0.56,7.76,7.87,7.57
2026-09-09 22:43:36,SEA,in,0.806,Q4 11:37,-7.0,9488,Jaxon Smith-Njigba,WR,19.4,24.1,5.12,29.22,28.27,27.86
2026-09-09 22:43:36,NE,in,0.806,Q4 11:37,7.0,5859,A.J. Brown,WR,16.3,5.6,2.51,8.11,8.39,8.76
2026-09-09 22:43:36,NE,in,0.806,Q4 11:37,7.0,11564,Drake Maye,QB,19.4,11.68,3.09,14.77,15.24,15.44
2026-09-09 22:43:36,NE,in,0.806,Q4 11:37,7.0,7611,Rhamondre Stevenson,RB,17.5,11.7,3.01,14.71,14.97,15.09
2026-09-09 22:43:36,SEA,in,0.806,Q4 11:37,-7.0,13286,Jadarian Price,RB,12.0,7.4,2.28,9.68,9.61,9.72
2026-09-09 22:43:36,NE,in,0.806,Q4 11:37,7.0,8121,Romeo Doubs,WR,9.7,0.0,1.36,1.36,1.5,1.88
2026-09-09 22:43:36,SEA,in,0.806,Q4 11:37,-7.0,4943,Sam Darnold,QB,16.4,0.52,3.45,3.97,3.08,3.7
2026-09-09 22:43:36,SEA,in,0.806,Q4 11:37,-7.0,8676,Rashid Shaheed,WR,8.5,1.4,1.88,3.28,2.78,3.05
2026-09-09 22:43:36,NE,in,0.806,Q4 11:37,7.0,3214,Hunter Henry,TE,9.7,3.6,1.51,5.11,5.27,5.48
2026-09-09 22:43:36,SEA,in,0.806,Q4 11:37,-7.0,11435,Emanuel Wilson,RB,1.8,0.3,0.29,0.59,0.59,0.65
2026-09-09 22:43:36,SEA,in,0.806,Q4 11:37,-7.0,11603,A.J. Barner,TE,7.9,1.4,1.75,3.15,2.69,2.93
2026-09-09 22:43:36,SEA,in,0.806,Q4 11:37,-7.0,12048,George Holani,RB,6.6,2.9,1.18,4.08,4.06,4.18
2026-09-09 22:43:36,SEA,in,0.806,Q4 11:37,-7.0,4039,Cooper Kupp,WR,7.4,3.4,1.72,5.12,4.71,4.83
2026-09-09 22:43:36,NE,in,0.806,Q4 11:37,7.0,4177,Mack Hollins,WR,3.3,1.9,0.54,2.44,2.5,2.54
2026-09-09 22:43:36,SEA,in,0.806,Q4 11:37,-7.0,12521,Elijah Arroyo,TE,3.9,0.0,0.84,0.84,0.6,0.76
2026-09-09 22:43:36,NE,in,0.806,Q4 11:37,7.0,9501,Demario Douglas,WR,5.6,5.9,1.02,6.92,7.05,6.98
2026-09-09 22:43:36,SEA,in,0.806,Q4 11:37,-7.0,2747,Jason Myers,K,8.5,3.0,1.46,4.46,4.46,4.65
2026-09-09 22:43:36,NE,in,0.806,Q4 11:37,7.0,12713,Andy Borregales,K,7.1,6.0,1.39,7.39,7.39,7.37
2026-09-09 22:43:36,SEA,in,0.806,Q4 11:37,-7.0,SEA,Seattle Seahawks D/ST,DST,7.2,6.0,1.4,7.4,7.4,7.39
2026-09-09 22:43:36,NE,in,0.806,Q4 11:37,7.0,NE,New England Patriots D/ST,DST,5.8,6.0,1.19,7.19,7.19,7.12
2026-09-09 22:43:36,NE,in,0.806,Q4 11:37,7.0,13421,Eli Raridon,TE,1.8,7.2,0.54,7.74,7.83,7.55
2026-09-09 22:44:36,SEA,in,0.809,Q4 11:28,0.0,9488,Jaxon Smith-Njigba,WR,19.4,24.1,4.37,28.47,28.21,27.81
2026-09-09 22:44:36,NE,in,0.809,Q4 11:28,0.0,5859,A.J. Brown,WR,16.3,5.6,3.08,8.68,8.35,8.72
2026-09-09 22:44:36,NE,in,0.809,Q4 11:28,0.0,11564,Drake Maye,QB,19.4,11.68,3.94,15.62,15.2,15.39
2026-09-09 22:44:36,NE,in,0.809,Q4 11:28,0.0,7611,Rhamondre Stevenson,RB,17.5,11.7,3.16,14.86,14.93,15.04
2026-09-09 22:44:36,SEA,in,0.809,Q4 11:28,0.0,13286,Jadarian Price,RB,12.0,7.4,2.13,9.53,9.58,9.69
2026-09-09 22:44:36,NE,in,0.809,Q4 11:28,0.0,8121,Romeo Doubs,WR,9.7,0.0,1.7,1.7,1.48,1.85
2026-09-09 22:44:36,SEA,in,0.809,Q4 11:28,0.0,4943,Sam Darnold,QB,16.4,0.52,2.67,3.19,3.05,3.65
2026-09-09 22:44:36,SEA,in,0.809,Q4 11:28,0.0,8676,Rashid Shaheed,WR,8.5,1.4,1.55,2.95,2.76,3.02
2026-09-09 22:44:36,NE,in,0.809,Q4 11:28,0.0,3214,Hunter Henry,TE,9.7,3.6,1.85,5.45,5.25,5.45
2026-09-09 22:44:36,SEA,in,0.809,Q4 11:28,0.0,11435,Emanuel Wilson,RB,1.8,0.3,0.27,0.57,0.59,0.64
2026-09-09 22:44:36,SEA,in,0.809,Q4 11:28,0.0,11603,A.J. Barner,TE,7.9,1.4,1.44,2.84,2.67,2.91
2026-09-09 22:44:36,SEA,in,0.809,Q4 11:28,0.0,12048,George Holani,RB,6.6,2.9,1.1,4.0,4.04,4.16
2026-09-09 22:44:36,SEA,in,0.809,Q4 11:28,0.0,4039,Cooper Kupp,WR,7.4,3.4,1.43,4.83,4.69,4.81
2026-09-09 22:44:36,NE,in,0.809,Q4 11:28,0.0,4177,Mack Hollins,WR,3.3,1.9,0.66,2.56,2.49,2.53
2026-09-09 22:44:36,SEA,in,0.809,Q4 11:28,0.0,12521,Elijah Arroyo,TE,3.9,0.0,0.68,0.68,0.59,0.75
2026-09-09 22:44:36,NE,in,0.809,Q4 11:28,0.0,9501,Demario Douglas,WR,5.6,5.9,1.22,7.12,7.04,6.97
2026-09-09 22:44:36,SEA,in,0.809,Q4 11:28,0.0,2747,Jason Myers,K,8.5,4.0,1.49,5.49,5.49,5.62
2026-09-09 22:44:36,NE,in,0.809,Q4 11:28,0.0,12713,Andy Borregales,K,7.1,6.0,1.37,7.37,7.37,7.36
2026-09-09 22:44:36,SEA,in,0.809,Q4 11:28,0.0,SEA,Seattle Seahawks D/ST,DST,7.2,6.0,1.38,7.38,7.38,7.38
2026-09-09 22:44:36,NE,in,0.809,Q4 11:28,0.0,NE,New England Patriots D/ST,DST,5.8,6.0,1.17,7.17,7.17,7.11
2026-09-09 22:44:36,NE,in,0.809,Q4 11:28,0.0,13421,Eli Raridon,TE,1.8,7.2,0.6,7.8,7.82,7.54
2026-09-09 22:45:37,SEA,in,0.809,Q4 11:28,0.0,9488,Jaxon Smith-Njigba,WR,19.4,24.1,4.37,28.47,28.21,27.81
2026-09-09 22:45:37,NE,in,0.809,Q4 11:28,0.0,5859,A.J. Brown,WR,16.3,5.6,3.08,8.68,8.35,8.72
2026-09-09 22:45:37,NE,in,0.809,Q4 11:28,0.0,11564,Drake Maye,QB,19.4,11.68,3.94,15.62,15.2,15.39
2026-09-09 22:45:37,NE,in,0.809,Q4 11:28,0.0,7611,Rhamondre Stevenson,RB,17.5,11.7,3.16,14.86,14.93,15.04
2026-09-09 22:45:37,SEA,in,0.809,Q4 11:28,0.0,13286,Jadarian Price,RB,12.0,7.4,2.13,9.53,9.58,9.69
2026-09-09 22:45:37,NE,in,0.809,Q4 11:28,0.0,8121,Romeo Doubs,WR,9.7,0.0,1.7,1.7,1.48,1.85
2026-09-09 22:45:37,SEA,in,0.809,Q4 11:28,0.0,4943,Sam Darnold,QB,16.4,0.52,2.67,3.19,3.05,3.65
2026-09-09 22:45:37,SEA,in,0.809,Q4 11:28,0.0,8676,Rashid Shaheed,WR,8.5,1.4,1.55,2.95,2.76,3.02
2026-09-09 22:45:37,NE,in,0.809,Q4 11:28,0.0,3214,Hunter Henry,TE,9.7,3.6,1.85,5.45,5.25,5.45
2026-09-09 22:45:37,SEA,in,0.809,Q4 11:28,0.0,11435,Emanuel Wilson,RB,1.8,0.3,0.27,0.57,0.59,0.64
2026-09-09 22:45:37,SEA,in,0.809,Q4 11:28,0.0,11603,A.J. Barner,TE,7.9,1.4,1.44,2.84,2.67,2.91
2026-09-09 22:45:37,SEA,in,0.809,Q4 11:28,0.0,12048,George Holani,RB,6.6,2.9,1.1,4.0,4.04,4.16
2026-09-09 22:45:37,SEA,in,0.809,Q4 11:28,0.0,4039,Cooper Kupp,WR,7.4,3.4,1.43,4.83,4.69,4.81
2026-09-09 22:45:37,NE,in,0.809,Q4 11:28,0.0,4177,Mack Hollins,WR,3.3,1.9,0.66,2.56,2.49,2.53
2026-09-09 22:45:37,SEA,in,0.809,Q4 11:28,0.0,12521,Elijah Arroyo,TE,3.9,0.0,0.68,0.68,0.59,0.75
2026-09-09 22:45:37,NE,in,0.809,Q4 11:28,0.0,9501,Demario Douglas,WR,5.6,5.9,1.22,7.12,7.04,6.97
2026-09-09 22:45:37,SEA,in,0.809,Q4 11:28,0.0,2747,Jason Myers,K,8.5,4.0,1.49,5.49,5.49,5.62
2026-09-09 22:45:37,NE,in,0.809,Q4 11:28,0.0,12713,Andy Borregales,K,7.1,6.0,1.37,7.37,7.37,7.36
2026-09-09 22:45:37,SEA,in,0.809,Q4 11:28,0.0,SEA,Seattle Seahawks D/ST,DST,7.2,6.0,1.38,7.38,7.38,7.38
2026-09-09 22:45:37,NE,in,0.809,Q4 11:28,0.0,NE,New England Patriots D/ST,DST,5.8,6.0,1.17,7.17,7.17,7.11
2026-09-09 22:45:37,NE,in,0.809,Q4 11:28,0.0,13421,Eli Raridon,TE,1.8,7.2,0.6,7.8,7.82,7.54
2026-09-09 22:46:38,SEA,in,0.809,Q4 11:28,0.0,9488,Jaxon Smith-Njigba,WR,19.4,24.1,4.37,28.47,28.21,27.81
2026-09-09 22:46:38,NE,in,0.809,Q4 11:28,0.0,5859,A.J. Brown,WR,16.3,5.6,3.08,8.68,8.35,8.72
2026-09-09 22:46:38,NE,in,0.809,Q4 11:28,0.0,11564,Drake Maye,QB,19.4,11.68,3.94,15.62,15.2,15.39
2026-09-09 22:46:38,NE,in,0.809,Q4 11:28,0.0,7611,Rhamondre Stevenson,RB,17.5,11.7,3.16,14.86,14.93,15.04
2026-09-09 22:46:38,SEA,in,0.809,Q4 11:28,0.0,13286,Jadarian Price,RB,12.0,7.4,2.13,9.53,9.58,9.69
2026-09-09 22:46:38,NE,in,0.809,Q4 11:28,0.0,8121,Romeo Doubs,WR,9.7,0.0,1.7,1.7,1.48,1.85
2026-09-09 22:46:38,SEA,in,0.809,Q4 11:28,0.0,4943,Sam Darnold,QB,16.4,0.52,2.67,3.19,3.05,3.65
2026-09-09 22:46:38,SEA,in,0.809,Q4 11:28,0.0,8676,Rashid Shaheed,WR,8.5,1.4,1.55,2.95,2.76,3.02
2026-09-09 22:46:38,NE,in,0.809,Q4 11:28,0.0,3214,Hunter Henry,TE,9.7,3.6,1.85,5.45,5.25,5.45
2026-09-09 22:46:38,SEA,in,0.809,Q4 11:28,0.0,11435,Emanuel Wilson,RB,1.8,0.3,0.27,0.57,0.59,0.64
2026-09-09 22:46:38,SEA,in,0.809,Q4 11:28,0.0,11603,A.J. Barner,TE,7.9,1.4,1.44,2.84,2.67,2.91
2026-09-09 22:46:38,SEA,in,0.809,Q4 11:28,0.0,12048,George Holani,RB,6.6,2.9,1.1,4.0,4.04,4.16
2026-09-09 22:46:38,SEA,in,0.809,Q4 11:28,0.0,4039,Cooper Kupp,WR,7.4,3.4,1.43,4.83,4.69,4.81
2026-09-09 22:46:38,NE,in,0.809,Q4 11:28,0.0,4177,Mack Hollins,WR,3.3,1.9,0.66,2.56,2.49,2.53
2026-09-09 22:46:38,SEA,in,0.809,Q4 11:28,0.0,12521,Elijah Arroyo,TE,3.9,0.0,0.68,0.68,0.59,0.75
2026-09-09 22:46:38,NE,in,0.809,Q4 11:28,0.0,9501,Demario Douglas,WR,5.6,5.9,1.22,7.12,7.04,6.97
2026-09-09 22:46:38,SEA,in,0.809,Q4 11:28,0.0,2747,Jason Myers,K,8.5,4.0,1.49,5.49,5.49,5.62
2026-09-09 22:46:38,NE,in,0.809,Q4 11:28,0.0,12713,Andy Borregales,K,7.1,6.0,1.37,7.37,7.37,7.36
2026-09-09 22:46:38,SEA,in,0.809,Q4 11:28,0.0,SEA,Seattle Seahawks D/ST,DST,7.2,6.0,1.38,7.38,7.38,7.38
2026-09-09 22:46:38,NE,in,0.809,Q4 11:28,0.0,NE,New England Patriots D/ST,DST,5.8,6.0,1.17,7.17,7.17,7.11
2026-09-09 22:46:38,NE,in,0.809,Q4 11:28,0.0,13421,Eli Raridon,TE,1.8,7.2,0.6,7.8,7.82,7.54
2026-09-09 22:47:38,SEA,in,0.809,Q4 11:28,0.0,9488,Jaxon Smith-Njigba,WR,19.4,24.1,4.37,28.47,28.21,27.81
2026-09-09 22:47:38,NE,in,0.809,Q4 11:28,0.0,5859,A.J. Brown,WR,16.3,5.6,3.08,8.68,8.35,8.72
2026-09-09 22:47:38,NE,in,0.809,Q4 11:28,0.0,11564,Drake Maye,QB,19.4,11.68,3.94,15.62,15.2,15.39
2026-09-09 22:47:38,NE,in,0.809,Q4 11:28,0.0,7611,Rhamondre Stevenson,RB,17.5,11.7,3.16,14.86,14.93,15.04
2026-09-09 22:47:38,SEA,in,0.809,Q4 11:28,0.0,13286,Jadarian Price,RB,12.0,7.4,2.13,9.53,9.58,9.69
2026-09-09 22:47:38,NE,in,0.809,Q4 11:28,0.0,8121,Romeo Doubs,WR,9.7,0.0,1.7,1.7,1.48,1.85
2026-09-09 22:47:38,SEA,in,0.809,Q4 11:28,0.0,4943,Sam Darnold,QB,16.4,0.52,2.67,3.19,3.05,3.65
2026-09-09 22:47:38,SEA,in,0.809,Q4 11:28,0.0,8676,Rashid Shaheed,WR,8.5,1.4,1.55,2.95,2.76,3.02
2026-09-09 22:47:38,NE,in,0.809,Q4 11:28,0.0,3214,Hunter Henry,TE,9.7,3.6,1.85,5.45,5.25,5.45
2026-09-09 22:47:38,SEA,in,0.809,Q4 11:28,0.0,11435,Emanuel Wilson,RB,1.8,0.3,0.27,0.57,0.59,0.64
2026-09-09 22:47:38,SEA,in,0.809,Q4 11:28,0.0,11603,A.J. Barner,TE,7.9,1.4,1.44,2.84,2.67,2.91
2026-09-09 22:47:38,SEA,in,0.809,Q4 11:28,0.0,12048,George Holani,RB,6.6,2.9,1.1,4.0,4.04,4.16
2026-09-09 22:47:38,SEA,in,0.809,Q4 11:28,0.0,4039,Cooper Kupp,WR,7.4,3.4,1.43,4.83,4.69,4.81
2026-09-09 22:47:38,NE,in,0.809,Q4 11:28,0.0,4177,Mack Hollins,WR,3.3,1.9,0.66,2.56,2.49,2.53
2026-09-09 22:47:38,SEA,in,0.809,Q4 11:28,0.0,12521,Elijah Arroyo,TE,3.9,0.0,0.68,0.68,0.59,0.75
2026-09-09 22:47:38,NE,in,0.809,Q4 11:28,0.0,9501,Demario Douglas,WR,5.6,5.9,1.22,7.12,7.04,6.97
2026-09-09 22:47:38,SEA,in,0.809,Q4 11:28,0.0,2747,Jason Myers,K,8.5,4.0,1.49,5.49,5.49,5.62
2026-09-09 22:47:38,NE,in,0.809,Q4 11:28,0.0,12713,Andy Borregales,K,7.1,6.0,1.37,7.37,7.37,7.36
2026-09-09 22:47:38,SEA,in,0.809,Q4 11:28,0.0,SEA,Seattle Seahawks D/ST,DST,7.2,6.0,1.38,7.38,7.38,7.38
2026-09-09 22:47:38,NE,in,0.809,Q4 11:28,0.0,NE,New England Patriots D/ST,DST,5.8,6.0,1.17,7.17,7.17,7.11
2026-09-09 22:47:38,NE,in,0.809,Q4 11:28,0.0,13421,Eli Raridon,TE,1.8,7.2,0.6,7.8,7.82,7.54
2026-09-09 22:48:39,SEA,in,0.81,Q4 11:23,0.0,9488,Jaxon Smith-Njigba,WR,19.4,24.1,4.35,28.45,28.18,27.78
2026-09-09 22:48:39,NE,in,0.81,Q4 11:23,0.0,5859,A.J. Brown,WR,16.3,5.6,3.07,8.67,8.33,8.69
2026-09-09 22:48:39,NE,in,0.81,Q4 11:23,0.0,11564,Drake Maye,QB,19.4,11.68,3.92,15.6,15.17,15.36
2026-09-09 22:48:39,NE,in,0.81,Q4 11:23,0.0,7611,Rhamondre Stevenson,RB,17.5,11.7,3.14,14.84,14.9,15.02
2026-09-09 22:48:39,SEA,in,0.81,Q4 11:23,0.0,13286,Jadarian Price,RB,12.0,7.4,2.11,9.51,9.57,9.68
2026-09-09 22:48:39,NE,in,0.81,Q4 11:23,0.0,8121,Romeo Doubs,WR,9.7,0.0,1.69,1.69,1.47,1.84
2026-09-09 22:48:39,SEA,in,0.81,Q4 11:23,0.0,4943,Sam Darnold,QB,16.4,0.52,2.65,3.17,3.03,3.63
2026-09-09 22:48:39,SEA,in,0.81,Q4 11:23,0.0,8676,Rashid Shaheed,WR,8.5,1.4,1.54,2.94,2.75,3.01
2026-09-09 22:48:39,NE,in,0.81,Q4 11:23,0.0,3214,Hunter Henry,TE,9.7,3.6,1.84,5.44,5.24,5.44
2026-09-09 22:48:39,SEA,in,0.81,Q4 11:23,0.0,11435,Emanuel Wilson,RB,1.8,0.3,0.27,0.57,0.59,0.64
2026-09-09 22:48:39,SEA,in,0.81,Q4 11:23,0.0,11603,A.J. Barner,TE,7.9,1.4,1.43,2.83,2.66,2.9
2026-09-09 22:48:39,SEA,in,0.81,Q4 11:23,0.0,12048,George Holani,RB,6.6,2.9,1.09,3.99,4.04,4.15
2026-09-09 22:48:39,SEA,in,0.81,Q4 11:23,0.0,4039,Cooper Kupp,WR,7.4,3.4,1.43,4.83,4.68,4.8
2026-09-09 22:48:39,NE,in,0.81,Q4 11:23,0.0,4177,Mack Hollins,WR,3.3,1.9,0.65,2.55,2.49,2.53
2026-09-09 22:48:39,SEA,in,0.81,Q4 11:23,0.0,12521,Elijah Arroyo,TE,3.9,0.0,0.68,0.68,0.59,0.74
2026-09-09 22:48:39,NE,in,0.81,Q4 11:23,0.0,9501,Demario Douglas,WR,5.6,5.9,1.21,7.11,7.03,6.96
2026-09-09 22:48:39,SEA,in,0.81,Q4 11:23,0.0,2747,Jason Myers,K,8.5,4.0,1.48,5.48,5.48,5.61
2026-09-09 22:48:39,NE,in,0.81,Q4 11:23,0.0,12713,Andy Borregales,K,7.1,6.0,1.36,7.36,7.36,7.35
2026-09-09 22:48:39,SEA,in,0.81,Q4 11:23,0.0,SEA,Seattle Seahawks D/ST,DST,7.2,6.0,1.37,7.37,7.37,7.37
2026-09-09 22:48:39,NE,in,0.81,Q4 11:23,0.0,NE,New England Patriots D/ST,DST,5.8,6.0,1.16,7.16,7.16,7.1
2026-09-09 22:48:39,NE,in,0.81,Q4 11:23,0.0,13421,Eli Raridon,TE,1.8,7.2,0.6,7.8,7.81,7.54
2026-09-09 22:49:39,SEA,in,0.82,Q4 10:49,0.0,9488,Jaxon Smith-Njigba,WR,19.4,24.1,4.2,28.3,27.97,27.6
2026-09-09 22:49:39,NE,in,0.82,Q4 10:49,0.0,5859,A.J. Brown,WR,16.3,5.6,2.95,8.55,8.19,8.54
2026-09-09 22:49:39,NE,in,0.82,Q4 10:49,0.0,11564,Drake Maye,QB,19.4,11.68,3.76,15.44,14.99,15.18
2026-09-09 22:49:39,NE,in,0.82,Q4 10:49,0.0,7611,Rhamondre Stevenson,RB,17.5,12.9,3.06,15.96,15.99,16.05
2026-09-09 22:49:39,SEA,in,0.82,Q4 10:49,0.0,13286,Jadarian Price,RB,12.0,7.4,2.02,9.42,9.45,9.56
2026-09-09 22:49:39,NE,in,0.82,Q4 10:49,0.0,8121,Romeo Doubs,WR,9.7,0.0,1.62,1.62,1.39,1.75
2026-09-09 22:49:39,SEA,in,0.82,Q4 10:49,0.0,4943,Sam Darnold,QB,16.4,0.52,2.54,3.06,2.89,3.48
2026-09-09 22:49:39,SEA,in,0.82,Q4 10:49,0.0,8676,Rashid Shaheed,WR,8.5,1.4,1.48,2.88,2.68,2.93
2026-09-09 22:49:39,NE,in,0.82,Q4 10:49,0.0,3214,Hunter Henry,TE,9.7,3.6,1.76,5.36,5.15,5.35
2026-09-09 22:49:39,SEA,in,0.82,Q4 10:49,0.0,11435,Emanuel Wilson,RB,1.8,0.3,0.25,0.55,0.57,0.62
2026-09-09 22:49:39,SEA,in,0.82,Q4 10:49,0.0,11603,A.J. Barner,TE,7.9,1.4,1.38,2.78,2.6,2.82
2026-09-09 22:49:39,SEA,in,0.82,Q4 10:49,0.0,12048,George Holani,RB,6.6,2.9,1.04,3.94,3.98,4.09
2026-09-09 22:49:39,SEA,in,0.82,Q4 10:49,0.0,4039,Cooper Kupp,WR,7.4,3.4,1.37,4.77,4.61,4.73
2026-09-09 22:49:39,NE,in,0.82,Q4 10:49,0.0,4177,Mack Hollins,WR,3.3,1.9,0.63,2.53,2.46,2.49
2026-09-09 22:49:39,SEA,in,0.82,Q4 10:49,0.0,12521,Elijah Arroyo,TE,3.9,0.0,0.65,0.65,0.56,0.7
2026-09-09 22:49:39,NE,in,0.82,Q4 10:49,0.0,9501,Demario Douglas,WR,5.6,5.9,1.17,7.07,6.97,6.91
2026-09-09 22:49:39,SEA,in,0.82,Q4 10:49,0.0,2747,Jason Myers,K,8.5,4.0,1.4,5.4,5.4,5.53
2026-09-09 22:49:39,NE,in,0.82,Q4 10:49,0.0,12713,Andy Borregales,K,7.1,6.0,1.29,7.29,7.29,7.28
2026-09-09 22:49:39,SEA,in,0.82,Q4 10:49,0.0,SEA,Seattle Seahawks D/ST,DST,7.2,6.0,1.3,7.3,7.3,7.3
2026-09-09 22:49:39,NE,in,0.82,Q4 10:49,0.0,NE,New England Patriots D/ST,DST,5.8,6.0,1.1,7.1,7.1,7.05
2026-09-09 22:49:39,NE,in,0.82,Q4 10:49,0.0,13421,Eli Raridon,TE,1.8,7.2,0.59,7.79,7.78,7.52
2026-09-09 22:50:40,SEA,in,0.841,Q4 9:32,0.0,9488,Jaxon Smith-Njigba,WR,19.4,24.1,3.84,27.94,27.49,27.18
2026-09-09 22:50:40,NE,in,0.841,Q4 9:32,0.0,5859,A.J. Brown,WR,16.3,5.6,2.66,8.26,7.87,8.19
2026-09-09 22:50:40,NE,in,0.841,Q4 9:32,0.0,11564,Drake Maye,QB,19.4,11.68,3.39,15.07,14.58,14.76
2026-09-09 22:50:40,NE,in,0.841,Q4 9:32,0.0,7611,Rhamondre Stevenson,RB,17.5,12.5,2.71,15.21,15.19,15.28
2026-09-09 22:50:40,SEA,in,0.841,Q4 9:32,0.0,13286,Jadarian Price,RB,12.0,7.4,1.79,9.19,9.2,9.31
2026-09-09 22:50:40,NE,in,0.841,Q4 9:32,0.0,8121,Romeo Doubs,WR,9.7,0.0,1.46,1.46,1.22,1.54
2026-09-09 22:50:40,SEA,in,0.841,Q4 9:32,0.0,4943,Sam Darnold,QB,16.4,0.52,2.27,2.79,2.6,3.13
2026-09-09 22:50:40,SEA,in,0.841,Q4 9:32,0.0,8676,Rashid Shaheed,WR,8.5,1.4,1.33,2.73,2.52,2.75
2026-09-09 22:50:40,NE,in,0.841,Q4 9:32,0.0,3214,Hunter Henry,TE,9.7,3.6,1.59,5.19,4.96,5.14
2026-09-09 22:50:40,SEA,in,0.841,Q4 9:32,0.0,11435,Emanuel Wilson,RB,1.8,0.3,0.22,0.52,0.54,0.59
2026-09-09 22:50:40,SEA,in,0.841,Q4 9:32,0.0,11603,A.J. Barner,TE,7.9,1.4,1.24,2.64,2.45,2.66
2026-09-09 22:50:40,SEA,in,0.841,Q4 9:32,0.0,12048,George Holani,RB,6.6,2.9,0.92,3.82,3.84,3.95
2026-09-09 22:50:40,SEA,in,0.841,Q4 9:32,0.0,4039,Cooper Kupp,WR,7.4,3.4,1.24,4.64,4.46,4.58
2026-09-09 22:50:40,NE,in,0.841,Q4 9:32,0.0,4177,Mack Hollins,WR,3.3,1.9,0.57,2.47,2.39,2.42
2026-09-09 22:50:40,SEA,in,0.841,Q4 9:32,0.0,12521,Elijah Arroyo,TE,3.9,0.0,0.59,0.59,0.49,0.62
2026-09-09 22:50:40,NE,in,0.841,Q4 9:32,0.0,9501,Demario Douglas,WR,5.6,5.9,1.07,6.97,6.84,6.79
2026-09-09 22:50:40,SEA,in,0.841,Q4 9:32,0.0,2747,Jason Myers,K,8.5,4.0,1.23,5.23,5.23,5.35
2026-09-09 22:50:40,NE,in,0.841,Q4 9:32,0.0,12713,Andy Borregales,K,7.1,6.0,1.13,7.13,7.13,7.13
2026-09-09 22:50:40,SEA,in,0.841,Q4 9:32,0.0,SEA,Seattle Seahawks D/ST,DST,7.2,6.0,1.14,7.14,7.14,7.14
2026-09-09 22:50:40,NE,in,0.841,Q4 9:32,0.0,NE,New England Patriots D/ST,DST,5.8,6.0,0.97,6.97,6.97,6.92
2026-09-09 22:50:40,NE,in,0.841,Q4 9:32,0.0,13421,Eli Raridon,TE,1.8,7.2,0.55,7.75,7.71,7.49
2026-09-09 22:51:41,SEA,in,0.846,Q4 9:13,0.0,9488,Jaxon Smith-Njigba,WR,19.4,24.1,3.74,27.84,27.37,27.08
2026-09-09 22:51:41,NE,in,0.846,Q4 9:13,0.0,5859,A.J. Brown,WR,16.3,5.6,2.59,8.19,7.79,8.1
2026-09-09 22:51:41,NE,in,0.846,Q4 9:13,0.0,11564,Drake Maye,QB,19.4,11.68,3.3,14.98,14.48,14.66
2026-09-09 22:51:41,NE,in,0.846,Q4 9:13,0.0,7611,Rhamondre Stevenson,RB,17.5,12.5,2.63,15.13,15.1,15.19
2026-09-09 22:51:41,SEA,in,0.846,Q4 9:13,0.0,13286,Jadarian Price,RB,12.0,7.4,1.74,9.14,9.14,9.24
2026-09-09 22:51:41,NE,in,0.846,Q4 9:13,0.0,8121,Romeo Doubs,WR,9.7,0.0,1.41,1.41,1.17,1.49
2026-09-09 22:51:41,SEA,in,0.846,Q4 9:13,0.0,4943,Sam Darnold,QB,16.4,0.52,2.2,2.72,2.53,3.04
2026-09-09 22:51:41,SEA,in,0.846,Q4 9:13,0.0,8676,Rashid Shaheed,WR,8.5,1.4,1.29,2.69,2.48,2.71
2026-09-09 22:51:41,NE,in,0.846,Q4 9:13,0.0,3214,Hunter Henry,TE,9.7,3.6,1.55,5.15,4.91,5.09
2026-09-09 22:51:41,SEA,in,0.846,Q4 9:13,0.0,11435,Emanuel Wilson,RB,1.8,0.3,0.22,0.52,0.53,0.58
2026-09-09 22:51:41,SEA,in,0.846,Q4 9:13,0.0,11603,A.J. Barner,TE,7.9,1.4,1.2,2.6,2.41,2.61
2026-09-09 22:51:41,SEA,in,0.846,Q4 9:13,0.0,12048,George Holani,RB,6.6,2.9,0.89,3.79,3.81,3.91
2026-09-09 22:51:41,SEA,in,0.846,Q4 9:13,0.0,4039,Cooper Kupp,WR,7.4,3.4,1.21,4.61,4.43,4.54
2026-09-09 22:51:41,NE,in,0.846,Q4 9:13,0.0,4177,Mack Hollins,WR,3.3,1.9,0.55,2.45,2.37,2.41
2026-09-09 22:51:41,SEA,in,0.846,Q4 9:13,0.0,12521,Elijah Arroyo,TE,3.9,0.0,0.57,0.57,0.47,0.6
2026-09-09 22:51:41,NE,in,0.846,Q4 9:13,0.0,9501,Demario Douglas,WR,5.6,5.9,1.04,6.94,6.8,6.76
2026-09-09 22:51:41,SEA,in,0.846,Q4 9:13,0.0,2747,Jason Myers,K,8.5,4.0,1.18,5.18,5.18,5.31
2026-09-09 22:51:41,NE,in,0.846,Q4 9:13,0.0,12713,Andy Borregales,K,7.1,6.0,1.09,7.09,7.09,7.09
2026-09-09 22:51:41,SEA,in,0.846,Q4 9:13,0.0,SEA,Seattle Seahawks D/ST,DST,7.2,6.0,1.1,7.1,7.1,7.11
2026-09-09 22:51:41,NE,in,0.846,Q4 9:13,0.0,NE,New England Patriots D/ST,DST,5.8,6.0,0.93,6.93,6.93,6.89
2026-09-09 22:51:41,NE,in,0.846,Q4 9:13,0.0,13421,Eli Raridon,TE,1.8,7.2,0.54,7.74,7.69,7.48
2026-09-09 22:52:41,SEA,in,0.846,Q4 9:13,0.0,9488,Jaxon Smith-Njigba,WR,19.4,24.1,3.74,27.84,27.37,27.08
2026-09-09 22:52:41,NE,in,0.846,Q4 9:13,0.0,5859,A.J. Brown,WR,16.3,5.6,2.59,8.19,7.79,8.1
2026-09-09 22:52:41,NE,in,0.846,Q4 9:13,0.0,11564,Drake Maye,QB,19.4,10.68,3.24,13.92,13.44,13.66
2026-09-09 22:52:41,NE,in,0.846,Q4 9:13,0.0,7611,Rhamondre Stevenson,RB,17.5,12.5,2.63,15.13,15.1,15.19
2026-09-09 22:52:41,SEA,in,0.846,Q4 9:13,0.0,13286,Jadarian Price,RB,12.0,7.4,1.74,9.14,9.14,9.24
2026-09-09 22:52:41,NE,in,0.846,Q4 9:13,0.0,8121,Romeo Doubs,WR,9.7,0.0,1.41,1.41,1.17,1.49
2026-09-09 22:52:41,SEA,in,0.846,Q4 9:13,0.0,4943,Sam Darnold,QB,16.4,0.52,2.2,2.72,2.53,3.04
2026-09-09 22:52:41,SEA,in,0.846,Q4 9:13,0.0,8676,Rashid Shaheed,WR,8.5,1.4,1.29,2.69,2.48,2.71
2026-09-09 22:52:41,NE,in,0.846,Q4 9:13,0.0,3214,Hunter Henry,TE,9.7,3.6,1.55,5.15,4.91,5.09
2026-09-09 22:52:41,SEA,in,0.846,Q4 9:13,0.0,11435,Emanuel Wilson,RB,1.8,0.3,0.22,0.52,0.53,0.58
2026-09-09 22:52:41,SEA,in,0.846,Q4 9:13,0.0,11603,A.J. Barner,TE,7.9,1.4,1.2,2.6,2.41,2.61
2026-09-09 22:52:41,SEA,in,0.846,Q4 9:13,0.0,12048,George Holani,RB,6.6,2.9,0.89,3.79,3.81,3.91
2026-09-09 22:52:41,SEA,in,0.846,Q4 9:13,0.0,4039,Cooper Kupp,WR,7.4,3.4,1.21,4.61,4.43,4.54
2026-09-09 22:52:41,NE,in,0.846,Q4 9:13,0.0,4177,Mack Hollins,WR,3.3,1.9,0.55,2.45,2.37,2.41
2026-09-09 22:52:41,SEA,in,0.846,Q4 9:13,0.0,12521,Elijah Arroyo,TE,3.9,0.0,0.57,0.57,0.47,0.6
2026-09-09 22:52:41,NE,in,0.846,Q4 9:13,0.0,9501,Demario Douglas,WR,5.6,5.9,1.04,6.94,6.8,6.76
2026-09-09 22:52:41,SEA,in,0.846,Q4 9:13,0.0,2747,Jason Myers,K,8.5,4.0,1.18,5.18,5.18,5.31
2026-09-09 22:52:41,NE,in,0.846,Q4 9:13,0.0,12713,Andy Borregales,K,7.1,6.0,1.09,7.09,7.09,7.09
2026-09-09 22:52:41,SEA,in,0.846,Q4 9:13,0.0,SEA,Seattle Seahawks D/ST,DST,7.2,8.0,1.18,9.18,9.18,9.11
2026-09-09 22:52:41,NE,in,0.846,Q4 9:13,0.0,NE,New England Patriots D/ST,DST,5.8,6.0,0.93,6.93,6.93,6.89
2026-09-09 22:52:41,NE,in,0.846,Q4 9:13,0.0,13421,Eli Raridon,TE,1.8,7.2,0.54,7.74,7.69,7.48
2026-09-09 22:53:42,SEA,in,0.844,Q4 9:20,0.0,9488,Jaxon Smith-Njigba,WR,19.4,24.1,3.78,27.88,27.42,27.12
2026-09-09 22:53:42,NE,in,0.844,Q4 9:20,0.0,5859,A.J. Brown,WR,16.3,5.6,2.62,8.22,7.82,8.14
2026-09-09 22:53:42,NE,in,0.844,Q4 9:20,0.0,11564,Drake Maye,QB,19.4,10.68,3.27,13.95,13.48,13.7
2026-09-09 22:53:42,NE,in,0.844,Q4 9:20,0.0,7611,Rhamondre Stevenson,RB,17.5,12.5,2.66,15.16,15.13,15.22
2026-09-09 22:53:42,SEA,in,0.844,Q4 9:20,0.0,13286,Jadarian Price,RB,12.0,7.8,1.78,9.58,9.58,9.67
2026-09-09 22:53:42,NE,in,0.844,Q4 9:20,0.0,8121,Romeo Doubs,WR,9.7,0.0,1.43,1.43,1.19,1.51
2026-09-09 22:53:42,SEA,in,0.844,Q4 9:20,0.0,4943,Sam Darnold,QB,16.4,0.52,2.23,2.75,2.55,3.07
2026-09-09 22:53:42,SEA,in,0.844,Q4 9:20,0.0,8676,Rashid Shaheed,WR,8.5,1.4,1.31,2.71,2.5,2.72
2026-09-09 22:53:42,NE,in,0.844,Q4 9:20,0.0,3214,Hunter Henry,TE,9.7,3.6,1.57,5.17,4.93,5.11
2026-09-09 22:53:42,SEA,in,0.844,Q4 9:20,0.0,11435,Emanuel Wilson,RB,1.8,0.3,0.22,0.52,0.53,0.58
2026-09-09 22:53:42,SEA,in,0.844,Q4 9:20,0.0,11603,A.J. Barner,TE,7.9,1.4,1.22,2.62,2.42,2.63
2026-09-09 22:53:42,SEA,in,0.844,Q4 9:20,0.0,12048,George Holani,RB,6.6,2.9,0.9,3.8,3.82,3.93
2026-09-09 22:53:42,SEA,in,0.844,Q4 9:20,0.0,4039,Cooper Kupp,WR,7.4,3.4,1.22,4.62,4.44,4.55
2026-09-09 22:53:42,NE,in,0.844,Q4 9:20,0.0,4177,Mack Hollins,WR,3.3,1.9,0.56,2.46,2.38,2.41
2026-09-09 22:53:42,SEA,in,0.844,Q4 9:20,0.0,12521,Elijah Arroyo,TE,3.9,0.0,0.57,0.57,0.48,0.61
2026-09-09 22:53:42,NE,in,0.844,Q4 9:20,0.0,9501,Demario Douglas,WR,5.6,5.9,1.05,6.95,6.82,6.77
2026-09-09 22:53:42,SEA,in,0.844,Q4 9:20,0.0,2747,Jason Myers,K,8.5,4.0,1.2,5.2,5.2,5.32
2026-09-09 22:53:42,NE,in,0.844,Q4 9:20,0.0,12713,Andy Borregales,K,7.1,6.0,1.1,7.1,7.1,7.1
2026-09-09 22:53:42,SEA,in,0.844,Q4 9:20,0.0,SEA,Seattle Seahawks D/ST,DST,7.2,8.0,1.19,9.19,9.19,9.12
2026-09-09 22:53:42,NE,in,0.844,Q4 9:20,0.0,NE,New England Patriots D/ST,DST,5.8,6.0,0.95,6.95,6.95,6.9
2026-09-09 22:53:42,NE,in,0.844,Q4 9:20,0.0,13421,Eli Raridon,TE,1.8,7.2,0.54,7.74,7.7,7.48
2026-09-09 22:54:42,SEA,in,0.856,Q4 8:37,0.0,9488,Jaxon Smith-Njigba,WR,19.4,24.1,3.55,27.65,27.15,26.89
2026-09-09 22:54:42,NE,in,0.856,Q4 8:37,0.0,5859,A.J. Brown,WR,16.3,5.6,2.45,8.05,7.64,7.94
2026-09-09 22:54:42,NE,in,0.856,Q4 8:37,0.0,11564,Drake Maye,QB,19.4,10.68,3.06,13.74,13.25,13.47
2026-09-09 22:54:42,NE,in,0.856,Q4 8:37,0.0,7611,Rhamondre Stevenson,RB,17.5,12.5,2.47,14.97,14.92,15.01
2026-09-09 22:54:42,SEA,in,0.856,Q4 8:37,0.0,13286,Jadarian Price,RB,12.0,7.8,1.65,9.45,9.43,9.52
2026-09-09 22:54:42,NE,in,0.856,Q4 8:37,0.0,8121,Romeo Doubs,WR,9.7,0.0,1.33,1.33,1.09,1.39
2026-09-09 22:54:42,SEA,in,0.856,Q4 8:37,0.0,4943,Sam Darnold,QB,16.4,0.52,2.07,2.59,2.39,2.88
2026-09-09 22:54:42,SEA,in,0.856,Q4 8:37,0.0,8676,Rashid Shaheed,WR,8.5,1.4,1.22,2.62,2.41,2.62
2026-09-09 22:54:42,NE,in,0.856,Q4 8:37,0.0,3214,Hunter Henry,TE,9.7,3.6,1.47,5.07,4.82,4.99
2026-09-09 22:54:42,SEA,in,0.856,Q4 8:37,0.0,11435,Emanuel Wilson,RB,1.8,0.3,0.2,0.5,0.51,0.56
2026-09-09 22:54:42,SEA,in,0.856,Q4 8:37,0.0,11603,A.J. Barner,TE,7.9,3.3,1.21,4.51,4.31,4.43
2026-09-09 22:54:42,SEA,in,0.856,Q4 8:37,0.0,12048,George Holani,RB,6.6,2.9,0.84,3.74,3.75,3.85
2026-09-09 22:54:42,SEA,in,0.856,Q4 8:37,0.0,4039,Cooper Kupp,WR,7.4,3.4,1.14,4.54,4.36,4.46
2026-09-09 22:54:42,NE,in,0.856,Q4 8:37,0.0,4177,Mack Hollins,WR,3.3,1.9,0.52,2.42,2.34,2.37
2026-09-09 22:54:42,SEA,in,0.856,Q4 8:37,0.0,12521,Elijah Arroyo,TE,3.9,0.0,0.54,0.54,0.44,0.56
2026-09-09 22:54:42,NE,in,0.856,Q4 8:37,0.0,9501,Demario Douglas,WR,5.6,5.9,0.99,6.89,6.74,6.7
2026-09-09 22:54:42,SEA,in,0.856,Q4 8:37,0.0,2747,Jason Myers,K,8.5,4.0,1.1,5.1,5.1,5.22
2026-09-09 22:54:42,NE,in,0.856,Q4 8:37,0.0,12713,Andy Borregales,K,7.1,6.0,1.02,7.02,7.02,7.02
2026-09-09 22:54:42,SEA,in,0.856,Q4 8:37,0.0,SEA,Seattle Seahawks D/ST,DST,7.2,8.0,1.1,9.1,9.1,9.03
2026-09-09 22:54:42,NE,in,0.856,Q4 8:37,0.0,NE,New England Patriots D/ST,DST,5.8,6.0,0.87,6.87,6.87,6.83
2026-09-09 22:54:42,NE,in,0.856,Q4 8:37,0.0,13421,Eli Raridon,TE,1.8,7.2,0.51,7.71,7.66,7.46
2026-09-09 22:55:43,SEA,in,0.875,Q4 7:30,0.0,9488,Jaxon Smith-Njigba,WR,19.4,26.2,3.25,29.45,28.91,28.62
2026-09-09 22:55:43,NE,in,0.875,Q4 7:30,0.0,5859,A.J. Brown,WR,16.3,5.6,2.17,7.77,7.37,7.64
2026-09-09 22:55:43,NE,in,0.875,Q4 7:30,0.0,11564,Drake Maye,QB,19.4,10.68,2.71,13.39,12.91,13.11
2026-09-09 22:55:43,NE,in,0.875,Q4 7:30,0.0,7611,Rhamondre Stevenson,RB,17.5,12.5,2.17,14.67,14.6,14.69
2026-09-09 22:55:43,SEA,in,0.875,Q4 7:30,0.0,13286,Jadarian Price,RB,12.0,7.8,1.45,9.25,9.22,9.3
2026-09-09 22:55:43,NE,in,0.875,Q4 7:30,0.0,8121,Romeo Doubs,WR,9.7,0.0,1.18,1.18,0.95,1.21
2026-09-09 22:55:43,SEA,in,0.875,Q4 7:30,0.0,4943,Sam Darnold,QB,16.4,0.52,1.82,2.34,2.14,2.57
2026-09-09 22:55:43,SEA,in,0.875,Q4 7:30,0.0,8676,Rashid Shaheed,WR,8.5,1.4,1.08,2.48,2.27,2.46
2026-09-09 22:55:43,NE,in,0.875,Q4 7:30,0.0,3214,Hunter Henry,TE,9.7,3.6,1.3,4.9,4.66,4.81
2026-09-09 22:55:43,SEA,in,0.875,Q4 7:30,0.0,11435,Emanuel Wilson,RB,1.8,0.3,0.18,0.48,0.49,0.53
2026-09-09 22:55:43,SEA,in,0.875,Q4 7:30,0.0,11603,A.J. Barner,TE,7.9,3.3,1.07,4.37,4.17,4.29
2026-09-09 22:55:43,SEA,in,0.875,Q4 7:30,0.0,12048,George Holani,RB,6.6,2.9,0.73,3.63,3.64,3.72
2026-09-09 22:55:43,SEA,in,0.875,Q4 7:30,0.0,4039,Cooper Kupp,WR,7.4,3.4,1.02,4.42,4.23,4.33
2026-09-09 22:55:43,NE,in,0.875,Q4 7:30,0.0,4177,Mack Hollins,WR,3.3,1.9,0.47,2.37,2.28,2.31
2026-09-09 22:55:43,SEA,in,0.875,Q4 7:30,0.0,12521,Elijah Arroyo,TE,3.9,0.0,0.47,0.47,0.38,0.49
2026-09-09 22:55:43,NE,in,0.875,Q4 7:30,0.0,9501,Demario Douglas,WR,5.6,5.9,0.88,6.78,6.63,6.6
2026-09-09 22:55:43,SEA,in,0.875,Q4 7:30,0.0,2747,Jason Myers,K,8.5,4.0,0.96,4.96,4.96,5.06
2026-09-09 22:55:43,NE,in,0.875,Q4 7:30,0.0,12713,Andy Borregales,K,7.1,6.0,0.88,6.88,6.88,6.89
2026-09-09 22:55:43,SEA,in,0.875,Q4 7:30,0.0,SEA,Seattle Seahawks D/ST,DST,7.2,8.0,0.95,8.95,8.95,8.9
2026-09-09 22:55:43,NE,in,0.875,Q4 7:30,0.0,NE,New England Patriots D/ST,DST,5.8,6.0,0.75,6.75,6.75,6.72
2026-09-09 22:55:43,NE,in,0.875,Q4 7:30,0.0,13421,Eli Raridon,TE,1.8,7.2,0.47,7.67,7.6,7.42
2026-09-09 22:56:44,SEA,in,0.888,Q4 6:42,0.0,9488,Jaxon Smith-Njigba,WR,19.4,26.2,2.97,29.17,28.62,28.37
2026-09-09 22:56:44,NE,in,0.888,Q4 6:42,0.0,5859,A.J. Brown,WR,16.3,5.6,1.97,7.57,7.17,7.42
2026-09-09 22:56:44,NE,in,0.888,Q4 6:42,0.0,11564,Drake Maye,QB,19.4,10.68,2.45,13.13,12.66,12.85
2026-09-09 22:56:44,NE,in,0.888,Q4 6:42,0.0,7611,Rhamondre Stevenson,RB,17.5,12.5,1.95,14.45,14.37,14.45
2026-09-09 22:56:44,SEA,in,0.888,Q4 6:42,0.0,13286,Jadarian Price,RB,12.0,7.8,1.3,9.1,9.06,9.14
2026-09-09 22:56:44,NE,in,0.888,Q4 6:42,0.0,8121,Romeo Doubs,WR,9.7,0.0,1.06,1.06,0.84,1.08
2026-09-09 22:56:44,SEA,in,0.888,Q4 6:42,0.0,4943,Sam Darnold,QB,16.4,0.52,1.64,2.16,1.96,2.35
2026-09-09 22:56:44,SEA,in,0.888,Q4 6:42,0.0,8676,Rashid Shaheed,WR,8.5,1.4,0.98,2.38,2.18,2.35
2026-09-09 22:56:44,NE,in,0.888,Q4 6:42,0.0,3214,Hunter Henry,TE,9.7,3.6,1.18,4.78,4.54,4.68
2026-09-09 22:56:44,SEA,in,0.888,Q4 6:42,0.0,11435,Emanuel Wilson,RB,1.8,0.3,0.16,0.46,0.46,0.5
2026-09-09 22:56:44,SEA,in,0.888,Q4 6:42,0.0,11603,A.J. Barner,TE,7.9,3.3,0.97,4.27,4.08,4.18
2026-09-09 22:56:44,SEA,in,0.888,Q4 6:42,0.0,12048,George Holani,RB,6.6,2.9,0.65,3.55,3.55,3.64
2026-09-09 22:56:44,SEA,in,0.888,Q4 6:42,0.0,4039,Cooper Kupp,WR,7.4,5.5,0.99,6.49,6.3,6.33
2026-09-09 22:56:44,NE,in,0.888,Q4 6:42,0.0,4177,Mack Hollins,WR,3.3,1.9,0.42,2.32,2.24,2.27
2026-09-09 22:56:44,SEA,in,0.888,Q4 6:42,0.0,12521,Elijah Arroyo,TE,3.9,0.0,0.43,0.43,0.34,0.44
2026-09-09 22:56:44,NE,in,0.888,Q4 6:42,0.0,9501,Demario Douglas,WR,5.6,5.9,0.8,6.7,6.55,6.53
2026-09-09 22:56:44,SEA,in,0.888,Q4 6:42,0.0,2747,Jason Myers,K,8.5,4.0,0.85,4.85,4.85,4.95
2026-09-09 22:56:44,NE,in,0.888,Q4 6:42,0.0,12713,Andy Borregales,K,7.1,6.0,0.78,6.78,6.78,6.79
2026-09-09 22:56:44,SEA,in,0.888,Q4 6:42,0.0,SEA,Seattle Seahawks D/ST,DST,7.2,8.0,0.85,8.85,8.85,8.8
2026-09-09 22:56:44,NE,in,0.888,Q4 6:42,0.0,NE,New England Patriots D/ST,DST,5.8,6.0,0.67,6.67,6.67,6.65
2026-09-09 22:56:44,NE,in,0.888,Q4 6:42,0.0,13421,Eli Raridon,TE,1.8,7.2,0.43,7.63,7.56,7.4
2026-09-09 22:57:44,SEA,in,0.888,Q4 6:42,0.0,9488,Jaxon Smith-Njigba,WR,19.4,26.2,2.97,29.17,28.62,28.37
2026-09-09 22:57:44,NE,in,0.888,Q4 6:42,0.0,5859,A.J. Brown,WR,16.3,5.6,1.97,7.57,7.17,7.42
2026-09-09 22:57:44,NE,in,0.888,Q4 6:42,0.0,11564,Drake Maye,QB,19.4,10.68,2.45,13.13,12.66,12.85
2026-09-09 22:57:44,NE,in,0.888,Q4 6:42,0.0,7611,Rhamondre Stevenson,RB,17.5,12.5,1.95,14.45,14.37,14.45
2026-09-09 22:57:44,SEA,in,0.888,Q4 6:42,0.0,13286,Jadarian Price,RB,12.0,7.8,1.3,9.1,9.06,9.14
2026-09-09 22:57:44,NE,in,0.888,Q4 6:42,0.0,8121,Romeo Doubs,WR,9.7,0.0,1.06,1.06,0.84,1.08
2026-09-09 22:57:44,SEA,in,0.888,Q4 6:42,0.0,4943,Sam Darnold,QB,16.4,0.52,1.64,2.16,1.96,2.35
2026-09-09 22:57:44,SEA,in,0.888,Q4 6:42,0.0,8676,Rashid Shaheed,WR,8.5,1.4,0.98,2.38,2.18,2.35
2026-09-09 22:57:44,NE,in,0.888,Q4 6:42,0.0,3214,Hunter Henry,TE,9.7,3.6,1.18,4.78,4.54,4.68
2026-09-09 22:57:44,SEA,in,0.888,Q4 6:42,0.0,11435,Emanuel Wilson,RB,1.8,0.3,0.16,0.46,0.46,0.5
2026-09-09 22:57:44,SEA,in,0.888,Q4 6:42,0.0,11603,A.J. Barner,TE,7.9,3.3,0.97,4.27,4.08,4.18
2026-09-09 22:57:44,SEA,in,0.888,Q4 6:42,0.0,12048,George Holani,RB,6.6,2.9,0.65,3.55,3.55,3.64
2026-09-09 22:57:44,SEA,in,0.888,Q4 6:42,0.0,4039,Cooper Kupp,WR,7.4,5.5,0.99,6.49,6.3,6.33
2026-09-09 22:57:44,NE,in,0.888,Q4 6:42,0.0,4177,Mack Hollins,WR,3.3,1.9,0.42,2.32,2.24,2.27
2026-09-09 22:57:44,SEA,in,0.888,Q4 6:42,0.0,12521,Elijah Arroyo,TE,3.9,0.0,0.43,0.43,0.34,0.44
2026-09-09 22:57:44,NE,in,0.888,Q4 6:42,0.0,9501,Demario Douglas,WR,5.6,5.9,0.8,6.7,6.55,6.53
2026-09-09 22:57:44,SEA,in,0.888,Q4 6:42,0.0,2747,Jason Myers,K,8.5,4.0,0.85,4.85,4.85,4.95
2026-09-09 22:57:44,NE,in,0.888,Q4 6:42,0.0,12713,Andy Borregales,K,7.1,6.0,0.78,6.78,6.78,6.79
2026-09-09 22:57:44,SEA,in,0.888,Q4 6:42,0.0,SEA,Seattle Seahawks D/ST,DST,7.2,8.0,0.85,8.85,8.85,8.8
2026-09-09 22:57:44,NE,in,0.888,Q4 6:42,0.0,NE,New England Patriots D/ST,DST,5.8,6.0,0.67,6.67,6.67,6.65
2026-09-09 22:57:44,NE,in,0.888,Q4 6:42,0.0,13421,Eli Raridon,TE,1.8,7.2,0.43,7.63,7.56,7.4
2026-09-09 22:58:45,SEA,in,0.9,Q4 5:59,0.0,9488,Jaxon Smith-Njigba,WR,19.4,26.2,2.69,28.89,28.35,28.13
2026-09-09 22:58:45,NE,in,0.9,Q4 5:59,0.0,5859,A.J. Brown,WR,16.3,5.6,1.78,7.38,7.0,7.23
2026-09-09 22:58:45,NE,in,0.9,Q4 5:59,0.0,11564,Drake Maye,QB,19.4,10.68,2.21,12.89,12.45,12.61
2026-09-09 22:58:45,NE,in,0.9,Q4 5:59,0.0,7611,Rhamondre Stevenson,RB,17.5,12.5,1.75,14.25,14.16,14.25
2026-09-09 22:58:45,SEA,in,0.9,Q4 5:59,0.0,13286,Jadarian Price,RB,12.0,7.8,1.17,8.97,8.92,9.0
2026-09-09 22:58:45,NE,in,0.9,Q4 5:59,0.0,8121,Romeo Doubs,WR,9.7,0.0,0.96,0.96,0.75,0.97
2026-09-09 22:58:45,SEA,in,0.9,Q4 5:59,0.0,4943,Sam Darnold,QB,16.4,0.52,1.48,2.0,1.8,2.16
2026-09-09 22:58:45,SEA,in,0.9,Q4 5:59,0.0,8676,Rashid Shaheed,WR,8.5,1.4,0.88,2.28,2.09,2.25
2026-09-09 22:58:45,NE,in,0.9,Q4 5:59,0.0,3214,Hunter Henry,TE,9.7,3.6,1.07,4.67,4.44,4.57
2026-09-09 22:58:45,SEA,in,0.9,Q4 5:59,0.0,11435,Emanuel Wilson,RB,1.8,0.3,0.14,0.44,0.45,0.48
2026-09-09 22:58:45,SEA,in,0.9,Q4 5:59,0.0,11603,A.J. Barner,TE,7.9,3.3,0.88,4.18,3.99,4.09
2026-09-09 22:58:45,SEA,in,0.9,Q4 5:59,0.0,12048,George Holani,RB,6.6,2.9,0.59,3.49,3.48,3.56
2026-09-09 22:58:45,SEA,in,0.9,Q4 5:59,0.0,4039,Cooper Kupp,WR,7.4,5.5,0.89,6.39,6.21,6.24
2026-09-09 22:58:45,NE,in,0.9,Q4 5:59,0.0,4177,Mack Hollins,WR,3.3,1.9,0.38,2.28,2.2,2.23
2026-09-09 22:58:45,SEA,in,0.9,Q4 5:59,0.0,12521,Elijah Arroyo,TE,3.9,0.0,0.39,0.39,0.3,0.39
2026-09-09 22:58:45,NE,in,0.9,Q4 5:59,0.0,9501,Demario Douglas,WR,5.6,5.9,0.73,6.63,6.48,6.46
2026-09-09 22:58:45,SEA,in,0.9,Q4 5:59,0.0,2747,Jason Myers,K,8.5,4.0,0.76,4.76,4.76,4.85
2026-09-09 22:58:45,NE,in,0.9,Q4 5:59,0.0,12713,Andy Borregales,K,7.1,6.0,0.7,6.7,6.7,6.71
2026-09-09 22:58:45,SEA,in,0.9,Q4 5:59,0.0,SEA,Seattle Seahawks D/ST,DST,7.2,8.0,0.76,8.76,8.76,8.72
2026-09-09 22:58:45,NE,in,0.9,Q4 5:59,0.0,NE,New England Patriots D/ST,DST,5.8,6.0,0.6,6.6,6.6,6.58
2026-09-09 22:58:45,NE,in,0.9,Q4 5:59,0.0,13421,Eli Raridon,TE,1.8,7.2,0.39,7.59,7.52,7.38
2026-09-09 22:59:46,SEA,in,0.901,Q4 5:56,0.0,9488,Jaxon Smith-Njigba,WR,19.4,26.2,2.67,28.87,28.33,28.12
2026-09-09 22:59:46,NE,in,0.901,Q4 5:56,0.0,5859,A.J. Brown,WR,16.3,5.6,1.76,7.36,6.99,7.21
2026-09-09 22:59:46,NE,in,0.901,Q4 5:56,0.0,11564,Drake Maye,QB,19.4,10.68,2.19,12.87,12.43,12.6
2026-09-09 22:59:46,NE,in,0.901,Q4 5:56,0.0,7611,Rhamondre Stevenson,RB,17.5,12.5,1.73,14.23,14.15,14.23
2026-09-09 22:59:46,SEA,in,0.901,Q4 5:56,0.0,13286,Jadarian Price,RB,12.0,7.8,1.16,8.96,8.91,8.99
2026-09-09 22:59:46,NE,in,0.901,Q4 5:56,0.0,8121,Romeo Doubs,WR,9.7,0.0,0.95,0.95,0.74,0.96
2026-09-09 22:59:46,SEA,in,0.901,Q4 5:56,0.0,4943,Sam Darnold,QB,16.4,0.52,1.47,1.99,1.79,2.14
2026-09-09 22:59:46,SEA,in,0.901,Q4 5:56,0.0,8676,Rashid Shaheed,WR,8.5,1.4,0.87,2.27,2.09,2.24
2026-09-09 22:59:46,NE,in,0.901,Q4 5:56,0.0,3214,Hunter Henry,TE,9.7,3.6,1.06,4.66,4.43,4.56
2026-09-09 22:59:46,SEA,in,0.901,Q4 5:56,0.0,11435,Emanuel Wilson,RB,1.8,0.3,0.14,0.44,0.45,0.48
2026-09-09 22:59:46,SEA,in,0.901,Q4 5:56,0.0,11603,A.J. Barner,TE,7.9,3.3,0.87,4.17,3.99,4.08
2026-09-09 22:59:46,SEA,in,0.901,Q4 5:56,0.0,12048,George Holani,RB,6.6,2.9,0.58,3.48,3.48,3.55
2026-09-09 22:59:46,SEA,in,0.901,Q4 5:56,0.0,4039,Cooper Kupp,WR,7.4,5.5,0.89,6.39,6.2,6.23
2026-09-09 22:59:46,NE,in,0.901,Q4 5:56,0.0,4177,Mack Hollins,WR,3.3,1.9,0.38,2.28,2.2,2.23
2026-09-09 22:59:46,SEA,in,0.901,Q4 5:56,0.0,12521,Elijah Arroyo,TE,3.9,0.0,0.38,0.38,0.3,0.39
2026-09-09 22:59:46,NE,in,0.901,Q4 5:56,0.0,9501,Demario Douglas,WR,5.6,5.9,0.72,6.62,6.47,6.45
2026-09-09 22:59:46,SEA,in,0.901,Q4 5:56,0.0,2747,Jason Myers,K,8.5,4.0,0.75,4.75,4.75,4.84
2026-09-09 22:59:46,NE,in,0.901,Q4 5:56,0.0,12713,Andy Borregales,K,7.1,6.0,0.69,6.69,6.69,6.7
2026-09-09 22:59:46,SEA,in,0.901,Q4 5:56,0.0,SEA,Seattle Seahawks D/ST,DST,7.2,8.0,0.75,8.75,8.75,8.71
2026-09-09 22:59:46,NE,in,0.901,Q4 5:56,0.0,NE,New England Patriots D/ST,DST,5.8,6.0,0.59,6.59,6.59,6.57
2026-09-09 22:59:46,NE,in,0.901,Q4 5:56,0.0,13421,Eli Raridon,TE,1.8,7.2,0.39,7.59,7.52,7.38
2026-09-09 23:00:46,SEA,in,0.903,Q4 5:50,3.0,9488,Jaxon Smith-Njigba,WR,19.4,26.2,2.41,28.61,28.3,28.09
2026-09-09 23:00:46,NE,in,0.903,Q4 5:50,-3.0,5859,A.J. Brown,WR,16.3,5.6,1.91,7.51,6.96,7.18
2026-09-09 23:00:46,NE,in,0.903,Q4 5:50,-3.0,11564,Drake Maye,QB,19.4,10.68,2.42,13.1,12.4,12.57
2026-09-09 23:00:46,NE,in,0.903,Q4 5:50,-3.0,7611,Rhamondre Stevenson,RB,17.5,12.5,1.76,14.26,14.12,14.2
2026-09-09 23:00:46,SEA,in,0.903,Q4 5:50,3.0,13286,Jadarian Price,RB,12.0,7.8,1.1,8.9,8.89,8.97
2026-09-09 23:00:46,NE,in,0.903,Q4 5:50,-3.0,8121,Romeo Doubs,WR,9.7,0.0,1.04,1.04,0.73,0.94
2026-09-09 23:00:46,SEA,in,0.903,Q4 5:50,3.0,4943,Sam Darnold,QB,16.4,0.52,1.22,1.74,1.77,2.11
2026-09-09 23:00:46,SEA,in,0.903,Q4 5:50,3.0,8676,Rashid Shaheed,WR,8.5,1.4,0.77,2.17,2.07,2.23
2026-09-09 23:00:46,NE,in,0.903,Q4 5:50,-3.0,3214,Hunter Henry,TE,9.7,3.6,1.14,4.74,4.42,4.54
2026-09-09 23:00:46,SEA,in,0.903,Q4 5:50,3.0,11435,Emanuel Wilson,RB,1.8,0.3,0.13,0.43,0.44,0.47
2026-09-09 23:00:46,SEA,in,0.903,Q4 5:50,3.0,11603,A.J. Barner,TE,7.9,3.3,0.77,4.07,3.97,4.07
2026-09-09 23:00:46,SEA,in,0.903,Q4 5:50,3.0,12048,George Holani,RB,6.6,2.9,0.55,3.45,3.47,3.54
2026-09-09 23:00:46,SEA,in,0.903,Q4 5:50,3.0,4039,Cooper Kupp,WR,7.4,5.5,0.79,6.29,6.19,6.22
2026-09-09 23:00:46,NE,in,0.903,Q4 5:50,-3.0,4177,Mack Hollins,WR,3.3,1.9,0.41,2.31,2.19,2.22
2026-09-09 23:00:46,SEA,in,0.903,Q4 5:50,3.0,12521,Elijah Arroyo,TE,3.9,0.0,0.33,0.33,0.29,0.38
2026-09-09 23:00:46,NE,in,0.903,Q4 5:50,-3.0,9501,Demario Douglas,WR,5.6,5.9,0.77,6.67,6.46,6.44
2026-09-09 23:00:46,SEA,in,0.903,Q4 5:50,3.0,2747,Jason Myers,K,8.5,7.0,0.81,7.81,7.81,7.83
2026-09-09 23:00:46,NE,in,0.903,Q4 5:50,-3.0,12713,Andy Borregales,K,7.1,6.0,0.68,6.68,6.68,6.69
2026-09-09 23:00:46,SEA,in,0.903,Q4 5:50,3.0,SEA,Seattle Seahawks D/ST,DST,7.2,8.0,0.74,8.74,8.74,8.7
2026-09-09 23:00:46,NE,in,0.903,Q4 5:50,-3.0,NE,New England Patriots D/ST,DST,5.8,6.0,0.58,6.58,6.58,6.56
2026-09-09 23:00:46,NE,in,0.903,Q4 5:50,-3.0,13421,Eli Raridon,TE,1.8,7.2,0.4,7.6,7.51,7.38
2026-09-09 23:01:47,SEA,in,0.903,Q4 5:50,3.0,9488,Jaxon Smith-Njigba,WR,19.4,26.2,2.41,28.61,28.3,28.09
2026-09-09 23:01:47,NE,in,0.903,Q4 5:50,-3.0,5859,A.J. Brown,WR,16.3,5.6,1.91,7.51,6.96,7.18
2026-09-09 23:01:47,NE,in,0.903,Q4 5:50,-3.0,11564,Drake Maye,QB,19.4,10.68,2.42,13.1,12.4,12.57
2026-09-09 23:01:47,NE,in,0.903,Q4 5:50,-3.0,7611,Rhamondre Stevenson,RB,17.5,12.5,1.76,14.26,14.12,14.2
2026-09-09 23:01:47,SEA,in,0.903,Q4 5:50,3.0,13286,Jadarian Price,RB,12.0,7.8,1.1,8.9,8.89,8.97
2026-09-09 23:01:47,NE,in,0.903,Q4 5:50,-3.0,8121,Romeo Doubs,WR,9.7,0.0,1.04,1.04,0.73,0.94
2026-09-09 23:01:47,SEA,in,0.903,Q4 5:50,3.0,4943,Sam Darnold,QB,16.4,0.52,1.22,1.74,1.77,2.11
2026-09-09 23:01:47,SEA,in,0.903,Q4 5:50,3.0,8676,Rashid Shaheed,WR,8.5,1.4,0.77,2.17,2.07,2.23
2026-09-09 23:01:47,NE,in,0.903,Q4 5:50,-3.0,3214,Hunter Henry,TE,9.7,3.6,1.14,4.74,4.42,4.54
2026-09-09 23:01:47,SEA,in,0.903,Q4 5:50,3.0,11435,Emanuel Wilson,RB,1.8,0.3,0.13,0.43,0.44,0.47
2026-09-09 23:01:47,SEA,in,0.903,Q4 5:50,3.0,11603,A.J. Barner,TE,7.9,3.3,0.77,4.07,3.97,4.07
2026-09-09 23:01:47,SEA,in,0.903,Q4 5:50,3.0,12048,George Holani,RB,6.6,2.9,0.55,3.45,3.47,3.54
2026-09-09 23:01:47,SEA,in,0.903,Q4 5:50,3.0,4039,Cooper Kupp,WR,7.4,5.5,0.79,6.29,6.19,6.22
2026-09-09 23:01:47,NE,in,0.903,Q4 5:50,-3.0,4177,Mack Hollins,WR,3.3,1.9,0.41,2.31,2.19,2.22
2026-09-09 23:01:47,SEA,in,0.903,Q4 5:50,3.0,12521,Elijah Arroyo,TE,3.9,0.0,0.33,0.33,0.29,0.38
2026-09-09 23:01:47,NE,in,0.903,Q4 5:50,-3.0,9501,Demario Douglas,WR,5.6,5.9,0.77,6.67,6.46,6.44
2026-09-09 23:01:47,SEA,in,0.903,Q4 5:50,3.0,2747,Jason Myers,K,8.5,7.0,0.81,7.81,7.81,7.83
2026-09-09 23:01:47,NE,in,0.903,Q4 5:50,-3.0,12713,Andy Borregales,K,7.1,6.0,0.68,6.68,6.68,6.69
2026-09-09 23:01:47,SEA,in,0.903,Q4 5:50,3.0,SEA,Seattle Seahawks D/ST,DST,7.2,8.0,0.74,8.74,8.74,8.7
2026-09-09 23:01:47,NE,in,0.903,Q4 5:50,-3.0,NE,New England Patriots D/ST,DST,5.8,6.0,0.58,6.58,6.58,6.56
2026-09-09 23:01:47,NE,in,0.903,Q4 5:50,-3.0,13421,Eli Raridon,TE,1.8,7.2,0.4,7.6,7.51,7.38
2026-09-09 23:02:47,SEA,in,0.903,Q4 5:50,3.0,9488,Jaxon Smith-Njigba,WR,19.4,26.2,2.41,28.61,28.3,28.09
2026-09-09 23:02:47,NE,in,0.903,Q4 5:50,-3.0,5859,A.J. Brown,WR,16.3,5.6,1.91,7.51,6.96,7.18
2026-09-09 23:02:47,NE,in,0.903,Q4 5:50,-3.0,11564,Drake Maye,QB,19.4,10.68,2.42,13.1,12.4,12.57
2026-09-09 23:02:47,NE,in,0.903,Q4 5:50,-3.0,7611,Rhamondre Stevenson,RB,17.5,12.5,1.76,14.26,14.12,14.2
2026-09-09 23:02:47,SEA,in,0.903,Q4 5:50,3.0,13286,Jadarian Price,RB,12.0,7.8,1.1,8.9,8.89,8.97
2026-09-09 23:02:47,NE,in,0.903,Q4 5:50,-3.0,8121,Romeo Doubs,WR,9.7,0.0,1.04,1.04,0.73,0.94
2026-09-09 23:02:47,SEA,in,0.903,Q4 5:50,3.0,4943,Sam Darnold,QB,16.4,0.52,1.22,1.74,1.77,2.11
2026-09-09 23:02:47,SEA,in,0.903,Q4 5:50,3.0,8676,Rashid Shaheed,WR,8.5,1.4,0.77,2.17,2.07,2.23
2026-09-09 23:02:47,NE,in,0.903,Q4 5:50,-3.0,3214,Hunter Henry,TE,9.7,3.6,1.14,4.74,4.42,4.54
2026-09-09 23:02:47,SEA,in,0.903,Q4 5:50,3.0,11435,Emanuel Wilson,RB,1.8,0.3,0.13,0.43,0.44,0.47
2026-09-09 23:02:47,SEA,in,0.903,Q4 5:50,3.0,11603,A.J. Barner,TE,7.9,3.3,0.77,4.07,3.97,4.07
2026-09-09 23:02:47,SEA,in,0.903,Q4 5:50,3.0,12048,George Holani,RB,6.6,2.9,0.55,3.45,3.47,3.54
2026-09-09 23:02:47,SEA,in,0.903,Q4 5:50,3.0,4039,Cooper Kupp,WR,7.4,5.5,0.79,6.29,6.19,6.22
2026-09-09 23:02:47,NE,in,0.903,Q4 5:50,-3.0,4177,Mack Hollins,WR,3.3,1.9,0.41,2.31,2.19,2.22
2026-09-09 23:02:47,SEA,in,0.903,Q4 5:50,3.0,12521,Elijah Arroyo,TE,3.9,0.0,0.33,0.33,0.29,0.38
2026-09-09 23:02:47,NE,in,0.903,Q4 5:50,-3.0,9501,Demario Douglas,WR,5.6,5.9,0.77,6.67,6.46,6.44
2026-09-09 23:02:47,SEA,in,0.903,Q4 5:50,3.0,2747,Jason Myers,K,8.5,7.0,0.81,7.81,7.81,7.83
2026-09-09 23:02:47,NE,in,0.903,Q4 5:50,-3.0,12713,Andy Borregales,K,7.1,6.0,0.68,6.68,6.68,6.69
2026-09-09 23:02:47,SEA,in,0.903,Q4 5:50,3.0,SEA,Seattle Seahawks D/ST,DST,7.2,8.0,0.74,8.74,8.74,8.7
2026-09-09 23:02:47,NE,in,0.903,Q4 5:50,-3.0,NE,New England Patriots D/ST,DST,5.8,6.0,0.58,6.58,6.58,6.56
2026-09-09 23:02:47,NE,in,0.903,Q4 5:50,-3.0,13421,Eli Raridon,TE,1.8,7.2,0.4,7.6,7.51,7.38
2026-09-09 23:03:48,SEA,in,0.903,Q4 5:50,3.0,9488,Jaxon Smith-Njigba,WR,19.4,26.2,2.41,28.61,28.3,28.09
2026-09-09 23:03:48,NE,in,0.903,Q4 5:50,-3.0,5859,A.J. Brown,WR,16.3,5.6,1.91,7.51,6.96,7.18
2026-09-09 23:03:48,NE,in,0.903,Q4 5:50,-3.0,11564,Drake Maye,QB,19.4,10.68,2.42,13.1,12.4,12.57
2026-09-09 23:03:48,NE,in,0.903,Q4 5:50,-3.0,7611,Rhamondre Stevenson,RB,17.5,12.5,1.76,14.26,14.12,14.2
2026-09-09 23:03:48,SEA,in,0.903,Q4 5:50,3.0,13286,Jadarian Price,RB,12.0,7.8,1.1,8.9,8.89,8.97
2026-09-09 23:03:48,NE,in,0.903,Q4 5:50,-3.0,8121,Romeo Doubs,WR,9.7,0.0,1.04,1.04,0.73,0.94
2026-09-09 23:03:48,SEA,in,0.903,Q4 5:50,3.0,4943,Sam Darnold,QB,16.4,0.52,1.22,1.74,1.77,2.11
2026-09-09 23:03:48,SEA,in,0.903,Q4 5:50,3.0,8676,Rashid Shaheed,WR,8.5,1.4,0.77,2.17,2.07,2.23
2026-09-09 23:03:48,NE,in,0.903,Q4 5:50,-3.0,3214,Hunter Henry,TE,9.7,3.6,1.14,4.74,4.42,4.54
2026-09-09 23:03:48,SEA,in,0.903,Q4 5:50,3.0,11435,Emanuel Wilson,RB,1.8,0.3,0.13,0.43,0.44,0.47
2026-09-09 23:03:48,SEA,in,0.903,Q4 5:50,3.0,11603,A.J. Barner,TE,7.9,3.3,0.77,4.07,3.97,4.07
2026-09-09 23:03:48,SEA,in,0.903,Q4 5:50,3.0,12048,George Holani,RB,6.6,2.9,0.55,3.45,3.47,3.54
2026-09-09 23:03:48,SEA,in,0.903,Q4 5:50,3.0,4039,Cooper Kupp,WR,7.4,5.5,0.79,6.29,6.19,6.22
2026-09-09 23:03:48,NE,in,0.903,Q4 5:50,-3.0,4177,Mack Hollins,WR,3.3,1.9,0.41,2.31,2.19,2.22
2026-09-09 23:03:48,SEA,in,0.903,Q4 5:50,3.0,12521,Elijah Arroyo,TE,3.9,0.0,0.33,0.33,0.29,0.38
2026-09-09 23:03:48,NE,in,0.903,Q4 5:50,-3.0,9501,Demario Douglas,WR,5.6,5.9,0.77,6.67,6.46,6.44
2026-09-09 23:03:48,SEA,in,0.903,Q4 5:50,3.0,2747,Jason Myers,K,8.5,7.0,0.81,7.81,7.81,7.83
2026-09-09 23:03:48,NE,in,0.903,Q4 5:50,-3.0,12713,Andy Borregales,K,7.1,6.0,0.68,6.68,6.68,6.69
2026-09-09 23:03:48,SEA,in,0.903,Q4 5:50,3.0,SEA,Seattle Seahawks D/ST,DST,7.2,8.0,0.74,8.74,8.74,8.7
2026-09-09 23:03:48,NE,in,0.903,Q4 5:50,-3.0,NE,New England Patriots D/ST,DST,5.8,6.0,0.58,6.58,6.58,6.56
2026-09-09 23:03:48,NE,in,0.903,Q4 5:50,-3.0,13421,Eli Raridon,TE,1.8,7.2,0.4,7.6,7.51,7.38
2026-09-09 23:04:49,SEA,in,0.904,Q4 5:45,3.0,9488,Jaxon Smith-Njigba,WR,19.4,26.2,2.38,28.58,28.27,28.06
2026-09-09 23:04:49,NE,in,0.904,Q4 5:45,-3.0,5859,A.J. Brown,WR,16.3,5.6,1.88,7.48,6.94,7.16
2026-09-09 23:04:49,NE,in,0.904,Q4 5:45,-3.0,11564,Drake Maye,QB,19.4,10.68,2.38,13.06,12.37,12.54
2026-09-09 23:04:49,NE,in,0.904,Q4 5:45,-3.0,7611,Rhamondre Stevenson,RB,17.5,12.5,1.73,14.23,14.1,14.18
2026-09-09 23:04:49,SEA,in,0.904,Q4 5:45,3.0,13286,Jadarian Price,RB,12.0,7.8,1.08,8.88,8.88,8.95
2026-09-09 23:04:49,NE,in,0.904,Q4 5:45,-3.0,8121,Romeo Doubs,WR,9.7,0.0,1.03,1.03,0.72,0.93
2026-09-09 23:04:49,SEA,in,0.904,Q4 5:45,3.0,4943,Sam Darnold,QB,16.4,0.52,1.2,1.72,1.75,2.09
2026-09-09 23:04:49,SEA,in,0.904,Q4 5:45,3.0,8676,Rashid Shaheed,WR,8.5,1.4,0.76,2.16,2.06,2.21
2026-09-09 23:04:49,NE,in,0.904,Q4 5:45,-3.0,3214,Hunter Henry,TE,9.7,3.6,1.13,4.73,4.41,4.53
2026-09-09 23:04:49,SEA,in,0.904,Q4 5:45,3.0,11435,Emanuel Wilson,RB,1.8,0.3,0.13,0.43,0.44,0.47
2026-09-09 23:04:49,SEA,in,0.904,Q4 5:45,3.0,11603,A.J. Barner,TE,7.9,3.3,0.76,4.06,3.97,4.06
2026-09-09 23:04:49,SEA,in,0.904,Q4 5:45,3.0,12048,George Holani,RB,6.6,2.9,0.54,3.44,3.46,3.53
2026-09-09 23:04:49,SEA,in,0.904,Q4 5:45,3.0,4039,Cooper Kupp,WR,7.4,5.5,0.78,6.28,6.18,6.21
2026-09-09 23:04:49,NE,in,0.904,Q4 5:45,-3.0,4177,Mack Hollins,WR,3.3,1.9,0.4,2.3,2.19,2.22
2026-09-09 23:04:49,SEA,in,0.904,Q4 5:45,3.0,12521,Elijah Arroyo,TE,3.9,0.0,0.33,0.33,0.29,0.37
2026-09-09 23:04:49,NE,in,0.904,Q4 5:45,-3.0,9501,Demario Douglas,WR,5.6,5.9,0.76,6.66,6.46,6.44
2026-09-09 23:04:49,SEA,in,0.904,Q4 5:45,3.0,2747,Jason Myers,K,8.5,7.0,0.8,7.8,7.8,7.81
2026-09-09 23:04:49,NE,in,0.904,Q4 5:45,-3.0,12713,Andy Borregales,K,7.1,6.0,0.67,6.67,6.67,6.68
2026-09-09 23:04:49,SEA,in,0.904,Q4 5:45,3.0,SEA,Seattle Seahawks D/ST,DST,7.2,9.0,0.75,9.75,9.75,9.69
2026-09-09 23:04:49,NE,in,0.904,Q4 5:45,-3.0,NE,New England Patriots D/ST,DST,5.8,6.0,0.57,6.57,6.57,6.56
2026-09-09 23:04:49,NE,in,0.904,Q4 5:45,-3.0,13421,Eli Raridon,TE,1.8,7.2,0.39,7.59,7.51,7.37
2026-09-09 23:05:49,SEA,in,0.922,Q4 4:40,3.0,9488,Jaxon Smith-Njigba,WR,19.4,26.2,1.92,28.12,27.87,27.71
2026-09-09 23:05:49,NE,in,0.922,Q4 4:40,-3.0,5859,A.J. Brown,WR,16.3,5.6,1.52,7.12,6.68,6.87
2026-09-09 23:05:49,NE,in,0.922,Q4 4:40,-3.0,11564,Drake Maye,QB,19.4,11.44,1.95,13.39,12.82,12.95
2026-09-09 23:05:49,NE,in,0.922,Q4 4:40,-3.0,7611,Rhamondre Stevenson,RB,17.5,12.5,1.4,13.9,13.79,13.86
2026-09-09 23:05:49,SEA,in,0.922,Q4 4:40,3.0,13286,Jadarian Price,RB,12.0,7.8,0.87,8.67,8.67,8.73
2026-09-09 23:05:49,NE,in,0.922,Q4 4:40,-3.0,8121,Romeo Doubs,WR,9.7,0.0,0.83,0.83,0.58,0.75
2026-09-09 23:05:49,SEA,in,0.922,Q4 4:40,3.0,4943,Sam Darnold,QB,16.4,0.52,0.98,1.5,1.51,1.8
2026-09-09 23:05:49,SEA,in,0.922,Q4 4:40,3.0,8676,Rashid Shaheed,WR,8.5,1.4,0.61,2.01,1.94,2.06
2026-09-09 23:05:49,NE,in,0.922,Q4 4:40,-3.0,3214,Hunter Henry,TE,9.7,3.6,0.91,4.51,4.25,4.35
2026-09-09 23:05:49,SEA,in,0.922,Q4 4:40,3.0,11435,Emanuel Wilson,RB,1.8,0.3,0.1,0.4,0.41,0.44
2026-09-09 23:05:49,SEA,in,0.922,Q4 4:40,3.0,11603,A.J. Barner,TE,7.9,3.3,0.62,3.92,3.84,3.91
2026-09-09 23:05:49,SEA,in,0.922,Q4 4:40,3.0,12048,George Holani,RB,6.6,2.9,0.44,3.34,3.35,3.41
2026-09-09 23:05:49,SEA,in,0.922,Q4 4:40,3.0,4039,Cooper Kupp,WR,7.4,5.5,0.63,6.13,6.05,6.08
2026-09-09 23:05:49,NE,in,0.922,Q4 4:40,-3.0,4177,Mack Hollins,WR,3.3,4.8,0.39,5.19,5.09,5.06
2026-09-09 23:05:49,SEA,in,0.922,Q4 4:40,3.0,12521,Elijah Arroyo,TE,3.9,0.0,0.27,0.27,0.23,0.3
2026-09-09 23:05:49,NE,in,0.922,Q4 4:40,-3.0,9501,Demario Douglas,WR,5.6,5.9,0.61,6.51,6.35,6.34
2026-09-09 23:05:49,SEA,in,0.922,Q4 4:40,3.0,2747,Jason Myers,K,8.5,7.0,0.64,7.64,7.64,7.66
2026-09-09 23:05:49,NE,in,0.922,Q4 4:40,-3.0,12713,Andy Borregales,K,7.1,6.0,0.54,6.54,6.54,6.55
2026-09-09 23:05:49,SEA,in,0.922,Q4 4:40,3.0,SEA,Seattle Seahawks D/ST,DST,7.2,9.0,0.61,9.61,9.61,9.56
2026-09-09 23:05:49,NE,in,0.922,Q4 4:40,-3.0,NE,New England Patriots D/ST,DST,5.8,6.0,0.46,6.46,6.46,6.45
2026-09-09 23:05:49,NE,in,0.922,Q4 4:40,-3.0,13421,Eli Raridon,TE,1.8,7.2,0.32,7.52,7.45,7.34
2026-09-09 23:06:50,SEA,in,0.936,Q4 3:49,3.0,9488,Jaxon Smith-Njigba,WR,19.4,26.2,1.56,27.76,27.56,27.43
2026-09-09 23:06:50,NE,in,0.936,Q4 3:49,-3.0,5859,A.J. Brown,WR,16.3,5.6,1.24,6.84,6.48,6.64
2026-09-09 23:06:50,NE,in,0.936,Q4 3:49,-3.0,11564,Drake Maye,QB,19.4,11.44,1.59,13.03,12.57,12.67
2026-09-09 23:06:50,NE,in,0.936,Q4 3:49,-3.0,7611,Rhamondre Stevenson,RB,17.5,12.5,1.14,13.64,13.55,13.61
2026-09-09 23:06:50,SEA,in,0.936,Q4 3:49,3.0,13286,Jadarian Price,RB,12.0,7.8,0.71,8.51,8.51,8.56
2026-09-09 23:06:50,NE,in,0.936,Q4 3:49,-3.0,8121,Romeo Doubs,WR,9.7,0.0,0.68,0.68,0.47,0.62
2026-09-09 23:06:50,SEA,in,0.936,Q4 3:49,3.0,4943,Sam Darnold,QB,16.4,0.52,0.8,1.32,1.33,1.56
2026-09-09 23:06:50,SEA,in,0.936,Q4 3:49,3.0,8676,Rashid Shaheed,WR,8.5,1.4,0.5,1.9,1.84,1.94
2026-09-09 23:06:50,NE,in,0.936,Q4 3:49,-3.0,3214,Hunter Henry,TE,9.7,3.6,0.75,4.35,4.13,4.22
2026-09-09 23:06:50,SEA,in,0.936,Q4 3:49,3.0,11435,Emanuel Wilson,RB,1.8,0.3,0.09,0.39,0.39,0.41
2026-09-09 23:06:50,SEA,in,0.936,Q4 3:49,3.0,11603,A.J. Barner,TE,7.9,3.3,0.5,3.8,3.74,3.8
2026-09-09 23:06:50,SEA,in,0.936,Q4 3:49,3.0,12048,George Holani,RB,6.6,2.9,0.36,3.26,3.27,3.32
2026-09-09 23:06:50,SEA,in,0.936,Q4 3:49,3.0,4039,Cooper Kupp,WR,7.4,5.5,0.51,6.01,5.95,5.97
2026-09-09 23:06:50,NE,in,0.936,Q4 3:49,-3.0,4177,Mack Hollins,WR,3.3,4.8,0.32,5.12,5.04,5.01
2026-09-09 23:06:50,SEA,in,0.936,Q4 3:49,3.0,12521,Elijah Arroyo,TE,3.9,0.0,0.22,0.22,0.19,0.25
2026-09-09 23:06:50,NE,in,0.936,Q4 3:49,-3.0,9501,Demario Douglas,WR,5.6,5.9,0.5,6.4,6.27,6.26
2026-09-09 23:06:50,SEA,in,0.936,Q4 3:49,3.0,2747,Jason Myers,K,8.5,7.0,0.53,7.53,7.53,7.54
2026-09-09 23:06:50,NE,in,0.936,Q4 3:49,-3.0,12713,Andy Borregales,K,7.1,6.0,0.44,6.44,6.44,6.45
2026-09-09 23:06:50,SEA,in,0.936,Q4 3:49,3.0,SEA,Seattle Seahawks D/ST,DST,7.2,9.0,0.49,9.49,9.49,9.46
2026-09-09 23:06:50,NE,in,0.936,Q4 3:49,-3.0,NE,New England Patriots D/ST,DST,5.8,6.0,0.38,6.38,6.38,6.37
2026-09-09 23:06:50,NE,in,0.936,Q4 3:49,-3.0,13421,Eli Raridon,TE,1.8,7.2,0.26,7.46,7.4,7.31
2026-09-09 23:07:51,SEA,in,0.938,Q4 3:42,3.0,9488,Jaxon Smith-Njigba,WR,19.4,26.2,1.51,27.71,27.52,27.4
2026-09-09 23:07:51,NE,in,0.938,Q4 3:42,-3.0,5859,A.J. Brown,WR,16.3,5.6,1.21,6.81,6.46,6.61
2026-09-09 23:07:51,NE,in,0.938,Q4 3:42,-3.0,11564,Drake Maye,QB,19.4,11.84,1.55,13.39,12.94,13.04
2026-09-09 23:07:51,NE,in,0.938,Q4 3:42,-3.0,7611,Rhamondre Stevenson,RB,17.5,13.7,1.13,14.83,14.74,14.78
2026-09-09 23:07:51,SEA,in,0.938,Q4 3:42,3.0,13286,Jadarian Price,RB,12.0,7.8,0.69,8.49,8.49,8.54
2026-09-09 23:07:51,NE,in,0.938,Q4 3:42,-3.0,8121,Romeo Doubs,WR,9.7,0.0,0.66,0.66,0.46,0.6
2026-09-09 23:07:51,SEA,in,0.938,Q4 3:42,3.0,4943,Sam Darnold,QB,16.4,0.52,0.77,1.29,1.3,1.53
2026-09-09 23:07:51,SEA,in,0.938,Q4 3:42,3.0,8676,Rashid Shaheed,WR,8.5,1.4,0.49,1.89,1.82,1.92
2026-09-09 23:07:51,NE,in,0.938,Q4 3:42,-3.0,3214,Hunter Henry,TE,9.7,3.6,0.72,4.32,4.11,4.2
2026-09-09 23:07:51,SEA,in,0.938,Q4 3:42,3.0,11435,Emanuel Wilson,RB,1.8,0.3,0.08,0.38,0.39,0.41
2026-09-09 23:07:51,SEA,in,0.938,Q4 3:42,3.0,11603,A.J. Barner,TE,7.9,3.3,0.49,3.79,3.72,3.79
2026-09-09 23:07:51,SEA,in,0.938,Q4 3:42,3.0,12048,George Holani,RB,6.6,2.9,0.35,3.25,3.26,3.31
2026-09-09 23:07:51,SEA,in,0.938,Q4 3:42,3.0,4039,Cooper Kupp,WR,7.4,5.5,0.5,6.0,5.93,5.96
2026-09-09 23:07:51,NE,in,0.938,Q4 3:42,-3.0,4177,Mack Hollins,WR,3.3,4.8,0.31,5.11,5.03,5.0
2026-09-09 23:07:51,SEA,in,0.938,Q4 3:42,3.0,12521,Elijah Arroyo,TE,3.9,0.0,0.21,0.21,0.18,0.24
2026-09-09 23:07:51,NE,in,0.938,Q4 3:42,-3.0,9501,Demario Douglas,WR,5.6,5.9,0.48,6.38,6.26,6.25
2026-09-09 23:07:51,SEA,in,0.938,Q4 3:42,3.0,2747,Jason Myers,K,8.5,7.0,0.51,7.51,7.51,7.52
2026-09-09 23:07:51,NE,in,0.938,Q4 3:42,-3.0,12713,Andy Borregales,K,7.1,6.0,0.43,6.43,6.43,6.44
2026-09-09 23:07:51,SEA,in,0.938,Q4 3:42,3.0,SEA,Seattle Seahawks D/ST,DST,7.2,9.0,0.48,9.48,9.48,9.44
2026-09-09 23:07:51,NE,in,0.938,Q4 3:42,-3.0,NE,New England Patriots D/ST,DST,5.8,6.0,0.37,6.37,6.37,6.36
2026-09-09 23:07:51,NE,in,0.938,Q4 3:42,-3.0,13421,Eli Raridon,TE,1.8,7.2,0.25,7.45,7.4,7.31
2026-09-09 23:08:51,SEA,in,0.949,Q4 3:03,3.0,9488,Jaxon Smith-Njigba,WR,19.4,26.2,1.24,27.44,27.29,27.19
2026-09-09 23:08:51,NE,in,0.949,Q4 3:03,-3.0,5859,A.J. Brown,WR,16.3,5.6,0.99,6.59,6.3,6.43
2026-09-09 23:08:51,NE,in,0.949,Q4 3:03,-3.0,11564,Drake Maye,QB,19.4,11.94,1.28,13.22,12.84,12.93
2026-09-09 23:08:51,NE,in,0.949,Q4 3:03,-3.0,7611,Rhamondre Stevenson,RB,17.5,13.7,0.93,14.63,14.55,14.59
2026-09-09 23:08:51,SEA,in,0.949,Q4 3:03,3.0,13286,Jadarian Price,RB,12.0,7.8,0.57,8.37,8.36,8.41
2026-09-09 23:08:51,NE,in,0.949,Q4 3:03,-3.0,8121,Romeo Doubs,WR,9.7,0.0,0.54,0.54,0.38,0.49
2026-09-09 23:08:51,SEA,in,0.949,Q4 3:03,3.0,4943,Sam Darnold,QB,16.4,0.52,0.64,1.16,1.16,1.35
2026-09-09 23:08:51,SEA,in,0.949,Q4 3:03,3.0,8676,Rashid Shaheed,WR,8.5,1.4,0.4,1.8,1.75,1.83
2026-09-09 23:08:51,NE,in,0.949,Q4 3:03,-3.0,3214,Hunter Henry,TE,9.7,3.6,0.6,4.2,4.02,4.09
2026-09-09 23:08:51,SEA,in,0.949,Q4 3:03,3.0,11435,Emanuel Wilson,RB,1.8,0.3,0.07,0.37,0.37,0.39
2026-09-09 23:08:51,SEA,in,0.949,Q4 3:03,3.0,11603,A.J. Barner,TE,7.9,3.3,0.4,3.7,3.65,3.7
2026-09-09 23:08:51,SEA,in,0.949,Q4 3:03,3.0,12048,George Holani,RB,6.6,2.9,0.28,3.18,3.19,3.24
2026-09-09 23:08:51,SEA,in,0.949,Q4 3:03,3.0,4039,Cooper Kupp,WR,7.4,5.5,0.41,5.91,5.86,5.88
2026-09-09 23:08:51,NE,in,0.949,Q4 3:03,-3.0,4177,Mack Hollins,WR,3.3,4.8,0.25,5.05,4.99,4.97
2026-09-09 23:08:51,SEA,in,0.949,Q4 3:03,3.0,12521,Elijah Arroyo,TE,3.9,0.0,0.17,0.17,0.15,0.2
2026-09-09 23:08:51,NE,in,0.949,Q4 3:03,-3.0,9501,Demario Douglas,WR,5.6,5.9,0.4,6.3,6.19,6.18
2026-09-09 23:08:51,SEA,in,0.949,Q4 3:03,3.0,2747,Jason Myers,K,8.5,7.0,0.42,7.42,7.42,7.43
2026-09-09 23:08:51,NE,in,0.949,Q4 3:03,-3.0,12713,Andy Borregales,K,7.1,6.0,0.35,6.35,6.35,6.36
2026-09-09 23:08:51,SEA,in,0.949,Q4 3:03,3.0,SEA,Seattle Seahawks D/ST,DST,7.2,9.0,0.39,9.39,9.39,9.37
2026-09-09 23:08:51,NE,in,0.949,Q4 3:03,-3.0,NE,New England Patriots D/ST,DST,5.8,6.0,0.3,6.3,6.3,6.29
2026-09-09 23:08:51,NE,in,0.949,Q4 3:03,-3.0,13421,Eli Raridon,TE,1.8,7.2,0.2,7.4,7.36,7.29
2026-09-09 23:09:52,SEA,in,0.95,Q4 2:59,3.0,9488,Jaxon Smith-Njigba,WR,19.4,26.2,1.22,27.42,27.26,27.16
2026-09-09 23:09:52,NE,in,0.95,Q4 2:59,-3.0,5859,A.J. Brown,WR,16.3,5.6,0.97,6.57,6.29,6.41
2026-09-09 23:09:52,NE,in,0.95,Q4 2:59,-3.0,11564,Drake Maye,QB,19.4,11.86,1.25,13.11,12.74,12.82
2026-09-09 23:09:52,NE,in,0.95,Q4 2:59,-3.0,7611,Rhamondre Stevenson,RB,17.5,13.7,0.91,14.61,14.53,14.57
2026-09-09 23:09:52,SEA,in,0.95,Q4 2:59,3.0,13286,Jadarian Price,RB,12.0,7.8,0.55,8.35,8.35,8.4
2026-09-09 23:09:52,NE,in,0.95,Q4 2:59,-3.0,8121,Romeo Doubs,WR,9.7,0.0,0.53,0.53,0.37,0.48
2026-09-09 23:09:52,SEA,in,0.95,Q4 2:59,3.0,4943,Sam Darnold,QB,16.4,0.52,0.62,1.14,1.15,1.34
2026-09-09 23:09:52,SEA,in,0.95,Q4 2:59,3.0,8676,Rashid Shaheed,WR,8.5,1.4,0.39,1.79,1.74,1.82
2026-09-09 23:09:52,NE,in,0.95,Q4 2:59,-3.0,3214,Hunter Henry,TE,9.7,3.6,0.58,4.18,4.01,4.08
2026-09-09 23:09:52,SEA,in,0.95,Q4 2:59,3.0,11435,Emanuel Wilson,RB,1.8,0.3,0.07,0.37,0.37,0.39
2026-09-09 23:09:52,SEA,in,0.95,Q4 2:59,3.0,11603,A.J. Barner,TE,7.9,3.3,0.39,3.69,3.64,3.69
2026-09-09 23:09:52,SEA,in,0.95,Q4 2:59,3.0,12048,George Holani,RB,6.6,2.9,0.28,3.18,3.19,3.23
2026-09-09 23:09:52,SEA,in,0.95,Q4 2:59,3.0,4039,Cooper Kupp,WR,7.4,5.5,0.4,5.9,5.85,5.87
2026-09-09 23:09:52,NE,in,0.95,Q4 2:59,-3.0,4177,Mack Hollins,WR,3.3,4.8,0.25,5.05,4.98,4.96
2026-09-09 23:09:52,SEA,in,0.95,Q4 2:59,3.0,12521,Elijah Arroyo,TE,3.9,0.0,0.17,0.17,0.15,0.19
2026-09-09 23:09:52,NE,in,0.95,Q4 2:59,-3.0,9501,Demario Douglas,WR,5.6,5.9,0.39,6.29,6.19,6.18
2026-09-09 23:09:52,SEA,in,0.95,Q4 2:59,3.0,2747,Jason Myers,K,8.5,7.0,0.41,7.41,7.41,7.42
2026-09-09 23:09:52,NE,in,0.95,Q4 2:59,-3.0,12713,Andy Borregales,K,7.1,6.0,0.34,6.34,6.34,6.35
2026-09-09 23:09:52,SEA,in,0.95,Q4 2:59,3.0,SEA,Seattle Seahawks D/ST,DST,7.2,9.0,0.38,9.38,9.38,9.36
2026-09-09 23:09:52,NE,in,0.95,Q4 2:59,-3.0,NE,New England Patriots D/ST,DST,5.8,6.0,0.29,6.29,6.29,6.29
2026-09-09 23:09:52,NE,in,0.95,Q4 2:59,-3.0,13421,Eli Raridon,TE,1.8,7.2,0.2,7.4,7.36,7.29
2026-09-09 23:10:53,SEA,in,0.964,Q4 2:10,3.0,9488,Jaxon Smith-Njigba,WR,19.4,26.2,0.88,27.08,26.97,26.9
2026-09-09 23:10:53,NE,in,0.964,Q4 2:10,-3.0,5859,A.J. Brown,WR,16.3,5.6,0.71,6.31,6.1,6.19
2026-09-09 23:10:53,NE,in,0.964,Q4 2:10,-3.0,11564,Drake Maye,QB,19.4,11.86,0.9,12.76,12.5,12.56
2026-09-09 23:10:53,NE,in,0.964,Q4 2:10,-3.0,7611,Rhamondre Stevenson,RB,17.5,13.7,0.66,14.36,14.3,14.33
2026-09-09 23:10:53,SEA,in,0.964,Q4 2:10,3.0,13286,Jadarian Price,RB,12.0,7.8,0.4,8.2,8.2,8.23
2026-09-09 23:10:53,NE,in,0.964,Q4 2:10,-3.0,8121,Romeo Doubs,WR,9.7,0.0,0.39,0.39,0.27,0.35
2026-09-09 23:10:53,SEA,in,0.964,Q4 2:10,3.0,4943,Sam Darnold,QB,16.4,0.52,0.45,0.97,0.97,1.11
2026-09-09 23:10:53,SEA,in,0.964,Q4 2:10,3.0,8676,Rashid Shaheed,WR,8.5,1.4,0.28,1.68,1.65,1.71
2026-09-09 23:10:53,NE,in,0.964,Q4 2:10,-3.0,3214,Hunter Henry,TE,9.7,3.6,0.42,4.02,3.9,3.95
2026-09-09 23:10:53,SEA,in,0.964,Q4 2:10,3.0,11435,Emanuel Wilson,RB,1.8,0.3,0.05,0.35,0.35,0.36
2026-09-09 23:10:53,SEA,in,0.964,Q4 2:10,3.0,11603,A.J. Barner,TE,7.9,3.3,0.28,3.58,3.55,3.59
2026-09-09 23:10:53,SEA,in,0.964,Q4 2:10,3.0,12048,George Holani,RB,6.6,2.9,0.2,3.1,3.11,3.14
2026-09-09 23:10:53,SEA,in,0.964,Q4 2:10,3.0,4039,Cooper Kupp,WR,7.4,5.5,0.29,5.79,5.75,5.77
2026-09-09 23:10:53,NE,in,0.964,Q4 2:10,-3.0,4177,Mack Hollins,WR,3.3,4.8,0.18,4.98,4.93,4.92
2026-09-09 23:10:53,SEA,in,0.964,Q4 2:10,3.0,12521,Elijah Arroyo,TE,3.9,0.0,0.12,0.12,0.11,0.14
2026-09-09 23:10:53,NE,in,0.964,Q4 2:10,-3.0,9501,Demario Douglas,WR,5.6,5.9,0.28,6.18,6.11,6.1
2026-09-09 23:10:53,SEA,in,0.964,Q4 2:10,3.0,2747,Jason Myers,K,8.5,7.0,0.3,7.3,7.3,7.31
2026-09-09 23:10:53,NE,in,0.964,Q4 2:10,-3.0,12713,Andy Borregales,K,7.1,6.0,0.25,6.25,6.25,6.26
2026-09-09 23:10:53,SEA,in,0.964,Q4 2:10,3.0,SEA,Seattle Seahawks D/ST,DST,7.2,10.0,0.29,10.29,10.29,10.26
2026-09-09 23:10:53,NE,in,0.964,Q4 2:10,-3.0,NE,New England Patriots D/ST,DST,5.8,6.0,0.21,6.21,6.21,6.21
2026-09-09 23:10:53,NE,in,0.964,Q4 2:10,-3.0,13421,Eli Raridon,TE,1.8,7.2,0.14,7.34,7.31,7.27
2026-09-09 23:11:53,SEA,in,0.967,Q4 2:00,3.0,9488,Jaxon Smith-Njigba,WR,19.4,26.2,0.81,27.01,26.91,26.85
2026-09-09 23:11:53,NE,in,0.967,Q4 2:00,-3.0,5859,A.J. Brown,WR,16.3,5.6,0.65,6.25,6.06,6.14
2026-09-09 23:11:53,NE,in,0.967,Q4 2:00,-3.0,11564,Drake Maye,QB,19.4,12.26,0.84,13.1,12.85,12.91
2026-09-09 23:11:53,NE,in,0.967,Q4 2:00,-3.0,7611,Rhamondre Stevenson,RB,17.5,13.7,0.61,14.31,14.26,14.28
2026-09-09 23:11:53,SEA,in,0.967,Q4 2:00,3.0,13286,Jadarian Price,RB,12.0,7.8,0.37,8.17,8.17,8.2
2026-09-09 23:11:53,NE,in,0.967,Q4 2:00,-3.0,8121,Romeo Doubs,WR,9.7,0.0,0.36,0.36,0.25,0.32
2026-09-09 23:11:53,SEA,in,0.967,Q4 2:00,3.0,4943,Sam Darnold,QB,16.4,0.52,0.42,0.94,0.94,1.07
2026-09-09 23:11:53,SEA,in,0.967,Q4 2:00,3.0,8676,Rashid Shaheed,WR,8.5,1.4,0.26,1.66,1.63,1.68
2026-09-09 23:11:53,NE,in,0.967,Q4 2:00,-3.0,3214,Hunter Henry,TE,9.7,5.6,0.41,6.01,5.89,5.92
2026-09-09 23:11:53,SEA,in,0.967,Q4 2:00,3.0,11435,Emanuel Wilson,RB,1.8,0.3,0.04,0.34,0.35,0.36
2026-09-09 23:11:53,SEA,in,0.967,Q4 2:00,3.0,11603,A.J. Barner,TE,7.9,3.3,0.26,3.56,3.53,3.56
2026-09-09 23:11:53,SEA,in,0.967,Q4 2:00,3.0,12048,George Holani,RB,6.6,2.9,0.19,3.09,3.09,3.12
2026-09-09 23:11:53,SEA,in,0.967,Q4 2:00,3.0,4039,Cooper Kupp,WR,7.4,5.5,0.27,5.77,5.73,5.75
2026-09-09 23:11:53,NE,in,0.967,Q4 2:00,-3.0,4177,Mack Hollins,WR,3.3,4.8,0.17,4.97,4.92,4.91
2026-09-09 23:11:53,SEA,in,0.967,Q4 2:00,3.0,12521,Elijah Arroyo,TE,3.9,0.0,0.11,0.11,0.1,0.13
2026-09-09 23:11:53,NE,in,0.967,Q4 2:00,-3.0,9501,Demario Douglas,WR,5.6,5.9,0.26,6.16,6.09,6.09
2026-09-09 23:11:53,SEA,in,0.967,Q4 2:00,3.0,2747,Jason Myers,K,8.5,7.0,0.27,7.27,7.27,7.28
2026-09-09 23:11:53,NE,in,0.967,Q4 2:00,-3.0,12713,Andy Borregales,K,7.1,6.0,0.23,6.23,6.23,6.24
2026-09-09 23:11:53,SEA,in,0.967,Q4 2:00,3.0,SEA,Seattle Seahawks D/ST,DST,7.2,10.0,0.27,10.27,10.27,10.24
2026-09-09 23:11:53,NE,in,0.967,Q4 2:00,-3.0,NE,New England Patriots D/ST,DST,5.8,6.0,0.2,6.2,6.2,6.19
2026-09-09 23:11:53,NE,in,0.967,Q4 2:00,-3.0,13421,Eli Raridon,TE,1.8,7.2,0.13,7.33,7.31,7.26
2026-09-09 23:12:54,SEA,in,0.967,Q4 2:00,3.0,9488,Jaxon Smith-Njigba,WR,19.4,26.2,0.81,27.01,26.91,26.85
2026-09-09 23:12:54,NE,in,0.967,Q4 2:00,-3.0,5859,A.J. Brown,WR,16.3,5.6,0.65,6.25,6.06,6.14
2026-09-09 23:12:54,NE,in,0.967,Q4 2:00,-3.0,11564,Drake Maye,QB,19.4,12.26,0.84,13.1,12.85,12.91
2026-09-09 23:12:54,NE,in,0.967,Q4 2:00,-3.0,7611,Rhamondre Stevenson,RB,17.5,13.7,0.61,14.31,14.26,14.28
2026-09-09 23:12:54,SEA,in,0.967,Q4 2:00,3.0,13286,Jadarian Price,RB,12.0,7.8,0.37,8.17,8.17,8.2
2026-09-09 23:12:54,NE,in,0.967,Q4 2:00,-3.0,8121,Romeo Doubs,WR,9.7,0.0,0.36,0.36,0.25,0.32
2026-09-09 23:12:54,SEA,in,0.967,Q4 2:00,3.0,4943,Sam Darnold,QB,16.4,0.52,0.42,0.94,0.94,1.07
2026-09-09 23:12:54,SEA,in,0.967,Q4 2:00,3.0,8676,Rashid Shaheed,WR,8.5,1.4,0.26,1.66,1.63,1.68
2026-09-09 23:12:54,NE,in,0.967,Q4 2:00,-3.0,3214,Hunter Henry,TE,9.7,5.6,0.41,6.01,5.89,5.92
2026-09-09 23:12:54,SEA,in,0.967,Q4 2:00,3.0,11435,Emanuel Wilson,RB,1.8,0.3,0.04,0.34,0.35,0.36
2026-09-09 23:12:54,SEA,in,0.967,Q4 2:00,3.0,11603,A.J. Barner,TE,7.9,3.3,0.26,3.56,3.53,3.56
2026-09-09 23:12:54,SEA,in,0.967,Q4 2:00,3.0,12048,George Holani,RB,6.6,2.9,0.19,3.09,3.09,3.12
2026-09-09 23:12:54,SEA,in,0.967,Q4 2:00,3.0,4039,Cooper Kupp,WR,7.4,5.5,0.27,5.77,5.73,5.75
2026-09-09 23:12:54,NE,in,0.967,Q4 2:00,-3.0,4177,Mack Hollins,WR,3.3,4.8,0.17,4.97,4.92,4.91
2026-09-09 23:12:54,SEA,in,0.967,Q4 2:00,3.0,12521,Elijah Arroyo,TE,3.9,0.0,0.11,0.11,0.1,0.13
2026-09-09 23:12:54,NE,in,0.967,Q4 2:00,-3.0,9501,Demario Douglas,WR,5.6,5.9,0.26,6.16,6.09,6.09
2026-09-09 23:12:54,SEA,in,0.967,Q4 2:00,3.0,2747,Jason Myers,K,8.5,7.0,0.27,7.27,7.27,7.28
2026-09-09 23:12:54,NE,in,0.967,Q4 2:00,-3.0,12713,Andy Borregales,K,7.1,6.0,0.23,6.23,6.23,6.24
2026-09-09 23:12:54,SEA,in,0.967,Q4 2:00,3.0,SEA,Seattle Seahawks D/ST,DST,7.2,10.0,0.27,10.27,10.27,10.24
2026-09-09 23:12:54,NE,in,0.967,Q4 2:00,-3.0,NE,New England Patriots D/ST,DST,5.8,6.0,0.2,6.2,6.2,6.19
2026-09-09 23:12:54,NE,in,0.967,Q4 2:00,-3.0,13421,Eli Raridon,TE,1.8,7.2,0.13,7.33,7.31,7.26
2026-09-09 23:13:54,SEA,in,0.967,Q4 2:00,3.0,9488,Jaxon Smith-Njigba,WR,19.4,26.2,0.81,27.01,26.91,26.85
2026-09-09 23:13:54,NE,in,0.967,Q4 2:00,-3.0,5859,A.J. Brown,WR,16.3,5.6,0.65,6.25,6.06,6.14
2026-09-09 23:13:54,NE,in,0.967,Q4 2:00,-3.0,11564,Drake Maye,QB,19.4,12.26,0.84,13.1,12.85,12.91
2026-09-09 23:13:54,NE,in,0.967,Q4 2:00,-3.0,7611,Rhamondre Stevenson,RB,17.5,13.7,0.61,14.31,14.26,14.28
2026-09-09 23:13:54,SEA,in,0.967,Q4 2:00,3.0,13286,Jadarian Price,RB,12.0,7.8,0.37,8.17,8.17,8.2
2026-09-09 23:13:54,NE,in,0.967,Q4 2:00,-3.0,8121,Romeo Doubs,WR,9.7,0.0,0.36,0.36,0.25,0.32
2026-09-09 23:13:54,SEA,in,0.967,Q4 2:00,3.0,4943,Sam Darnold,QB,16.4,0.52,0.42,0.94,0.94,1.07
2026-09-09 23:13:54,SEA,in,0.967,Q4 2:00,3.0,8676,Rashid Shaheed,WR,8.5,1.4,0.26,1.66,1.63,1.68
2026-09-09 23:13:54,NE,in,0.967,Q4 2:00,-3.0,3214,Hunter Henry,TE,9.7,5.6,0.41,6.01,5.89,5.92
2026-09-09 23:13:54,SEA,in,0.967,Q4 2:00,3.0,11435,Emanuel Wilson,RB,1.8,0.3,0.04,0.34,0.35,0.36
2026-09-09 23:13:54,SEA,in,0.967,Q4 2:00,3.0,11603,A.J. Barner,TE,7.9,3.3,0.26,3.56,3.53,3.56
2026-09-09 23:13:54,SEA,in,0.967,Q4 2:00,3.0,12048,George Holani,RB,6.6,2.9,0.19,3.09,3.09,3.12
2026-09-09 23:13:54,SEA,in,0.967,Q4 2:00,3.0,4039,Cooper Kupp,WR,7.4,5.5,0.27,5.77,5.73,5.75
2026-09-09 23:13:54,NE,in,0.967,Q4 2:00,-3.0,4177,Mack Hollins,WR,3.3,4.8,0.17,4.97,4.92,4.91
2026-09-09 23:13:54,SEA,in,0.967,Q4 2:00,3.0,12521,Elijah Arroyo,TE,3.9,0.0,0.11,0.11,0.1,0.13
2026-09-09 23:13:54,NE,in,0.967,Q4 2:00,-3.0,9501,Demario Douglas,WR,5.6,5.9,0.26,6.16,6.09,6.09
2026-09-09 23:13:54,SEA,in,0.967,Q4 2:00,3.0,2747,Jason Myers,K,8.5,7.0,0.27,7.27,7.27,7.28
2026-09-09 23:13:54,NE,in,0.967,Q4 2:00,-3.0,12713,Andy Borregales,K,7.1,6.0,0.23,6.23,6.23,6.24
2026-09-09 23:13:54,SEA,in,0.967,Q4 2:00,3.0,SEA,Seattle Seahawks D/ST,DST,7.2,10.0,0.27,10.27,10.27,10.24
2026-09-09 23:13:54,NE,in,0.967,Q4 2:00,-3.0,NE,New England Patriots D/ST,DST,5.8,6.0,0.2,6.2,6.2,6.19
2026-09-09 23:13:54,NE,in,0.967,Q4 2:00,-3.0,13421,Eli Raridon,TE,1.8,7.2,0.13,7.33,7.31,7.26
2026-09-09 23:14:55,SEA,in,0.967,Q4 2:00,3.0,9488,Jaxon Smith-Njigba,WR,19.4,26.2,0.81,27.01,26.91,26.85
2026-09-09 23:14:55,NE,in,0.967,Q4 2:00,-3.0,5859,A.J. Brown,WR,16.3,5.6,0.65,6.25,6.06,6.14
2026-09-09 23:14:55,NE,in,0.967,Q4 2:00,-3.0,11564,Drake Maye,QB,19.4,12.26,0.84,13.1,12.85,12.91
2026-09-09 23:14:55,NE,in,0.967,Q4 2:00,-3.0,7611,Rhamondre Stevenson,RB,17.5,13.7,0.61,14.31,14.26,14.28
2026-09-09 23:14:55,SEA,in,0.967,Q4 2:00,3.0,13286,Jadarian Price,RB,12.0,7.8,0.37,8.17,8.17,8.2
2026-09-09 23:14:55,NE,in,0.967,Q4 2:00,-3.0,8121,Romeo Doubs,WR,9.7,0.0,0.36,0.36,0.25,0.32
2026-09-09 23:14:55,SEA,in,0.967,Q4 2:00,3.0,4943,Sam Darnold,QB,16.4,0.52,0.42,0.94,0.94,1.07
2026-09-09 23:14:55,SEA,in,0.967,Q4 2:00,3.0,8676,Rashid Shaheed,WR,8.5,1.4,0.26,1.66,1.63,1.68
2026-09-09 23:14:55,NE,in,0.967,Q4 2:00,-3.0,3214,Hunter Henry,TE,9.7,5.6,0.41,6.01,5.89,5.92
2026-09-09 23:14:55,SEA,in,0.967,Q4 2:00,3.0,11435,Emanuel Wilson,RB,1.8,0.3,0.04,0.34,0.35,0.36
2026-09-09 23:14:55,SEA,in,0.967,Q4 2:00,3.0,11603,A.J. Barner,TE,7.9,3.3,0.26,3.56,3.53,3.56
2026-09-09 23:14:55,SEA,in,0.967,Q4 2:00,3.0,12048,George Holani,RB,6.6,2.9,0.19,3.09,3.09,3.12
2026-09-09 23:14:55,SEA,in,0.967,Q4 2:00,3.0,4039,Cooper Kupp,WR,7.4,5.5,0.27,5.77,5.73,5.75
2026-09-09 23:14:55,NE,in,0.967,Q4 2:00,-3.0,4177,Mack Hollins,WR,3.3,4.8,0.17,4.97,4.92,4.91
2026-09-09 23:14:55,SEA,in,0.967,Q4 2:00,3.0,12521,Elijah Arroyo,TE,3.9,0.0,0.11,0.11,0.1,0.13
2026-09-09 23:14:55,NE,in,0.967,Q4 2:00,-3.0,9501,Demario Douglas,WR,5.6,5.9,0.26,6.16,6.09,6.09
2026-09-09 23:14:55,SEA,in,0.967,Q4 2:00,3.0,2747,Jason Myers,K,8.5,7.0,0.27,7.27,7.27,7.28
2026-09-09 23:14:55,NE,in,0.967,Q4 2:00,-3.0,12713,Andy Borregales,K,7.1,6.0,0.23,6.23,6.23,6.24
2026-09-09 23:14:55,SEA,in,0.967,Q4 2:00,3.0,SEA,Seattle Seahawks D/ST,DST,7.2,10.0,0.27,10.27,10.27,10.24
2026-09-09 23:14:55,NE,in,0.967,Q4 2:00,-3.0,NE,New England Patriots D/ST,DST,5.8,6.0,0.2,6.2,6.2,6.19
2026-09-09 23:14:55,NE,in,0.967,Q4 2:00,-3.0,13421,Eli Raridon,TE,1.8,7.2,0.13,7.33,7.31,7.26
2026-09-09 23:15:56,SEA,in,0.978,Q4 1:21,3.0,9488,Jaxon Smith-Njigba,WR,19.4,26.2,0.55,26.75,26.68,26.64
2026-09-09 23:15:56,NE,in,0.978,Q4 1:21,-3.0,5859,A.J. Brown,WR,16.3,5.6,0.44,6.04,5.91,5.97
2026-09-09 23:15:56,NE,in,0.978,Q4 1:21,-3.0,11564,Drake Maye,QB,19.4,12.7,0.57,13.27,13.1,13.14
2026-09-09 23:15:56,NE,in,0.978,Q4 1:21,-3.0,7611,Rhamondre Stevenson,RB,17.5,14.6,0.42,15.02,14.98,14.99
2026-09-09 23:15:56,SEA,in,0.978,Q4 1:21,3.0,13286,Jadarian Price,RB,12.0,7.8,0.25,8.05,8.05,8.07
2026-09-09 23:15:56,NE,in,0.978,Q4 1:21,-3.0,8121,Romeo Doubs,WR,9.7,0.0,0.24,0.24,0.16,0.22
2026-09-09 23:15:56,SEA,in,0.978,Q4 1:21,3.0,4943,Sam Darnold,QB,16.4,0.52,0.28,0.8,0.8,0.89
2026-09-09 23:15:56,SEA,in,0.978,Q4 1:21,3.0,8676,Rashid Shaheed,WR,8.5,1.4,0.18,1.58,1.55,1.59
2026-09-09 23:15:56,NE,in,0.978,Q4 1:21,-3.0,3214,Hunter Henry,TE,9.7,5.6,0.28,5.88,5.8,5.82
2026-09-09 23:15:56,SEA,in,0.978,Q4 1:21,3.0,11435,Emanuel Wilson,RB,1.8,0.3,0.03,0.33,0.33,0.34
2026-09-09 23:15:56,SEA,in,0.978,Q4 1:21,3.0,11603,A.J. Barner,TE,7.9,3.3,0.18,3.48,3.45,3.48
2026-09-09 23:15:56,SEA,in,0.978,Q4 1:21,3.0,12048,George Holani,RB,6.6,2.9,0.13,3.03,3.03,3.05
2026-09-09 23:15:56,SEA,in,0.978,Q4 1:21,3.0,4039,Cooper Kupp,WR,7.4,5.5,0.18,5.68,5.66,5.67
2026-09-09 23:15:56,NE,in,0.978,Q4 1:21,-3.0,4177,Mack Hollins,WR,3.3,6.9,0.12,7.02,6.99,6.97
2026-09-09 23:15:56,SEA,in,0.978,Q4 1:21,3.0,12521,Elijah Arroyo,TE,3.9,0.0,0.08,0.08,0.07,0.09
2026-09-09 23:15:56,NE,in,0.978,Q4 1:21,-3.0,9501,Demario Douglas,WR,5.6,5.9,0.18,6.08,6.03,6.03
2026-09-09 23:15:56,SEA,in,0.978,Q4 1:21,3.0,2747,Jason Myers,K,8.5,7.0,0.18,7.18,7.18,7.19
2026-09-09 23:15:56,NE,in,0.978,Q4 1:21,-3.0,12713,Andy Borregales,K,7.1,6.0,0.15,6.15,6.15,6.16
2026-09-09 23:15:56,SEA,in,0.978,Q4 1:21,3.0,SEA,Seattle Seahawks D/ST,DST,7.2,10.0,0.18,10.18,10.18,10.16
2026-09-09 23:15:56,NE,in,0.978,Q4 1:21,-3.0,NE,New England Patriots D/ST,DST,5.8,6.0,0.13,6.13,6.13,6.13
2026-09-09 23:15:56,NE,in,0.978,Q4 1:21,-3.0,13421,Eli Raridon,TE,1.8,7.2,0.09,7.29,7.27,7.24
2026-09-09 23:16:56,SEA,in,0.977,Q4 1:22,3.0,9488,Jaxon Smith-Njigba,WR,19.4,26.2,0.55,26.75,26.68,26.64
2026-09-09 23:16:56,NE,in,0.977,Q4 1:22,-3.0,5859,A.J. Brown,WR,16.3,5.6,0.44,6.04,5.91,5.97
2026-09-09 23:16:56,NE,in,0.977,Q4 1:22,-3.0,11564,Drake Maye,QB,19.4,12.7,0.58,13.28,13.11,13.14
2026-09-09 23:16:56,NE,in,0.977,Q4 1:22,-3.0,7611,Rhamondre Stevenson,RB,17.5,14.5,0.42,14.92,14.88,14.9
2026-09-09 23:16:56,SEA,in,0.977,Q4 1:22,3.0,13286,Jadarian Price,RB,12.0,7.8,0.25,8.05,8.05,8.07
2026-09-09 23:16:56,NE,in,0.977,Q4 1:22,-3.0,8121,Romeo Doubs,WR,9.7,0.0,0.24,0.24,0.17,0.22
2026-09-09 23:16:56,SEA,in,0.977,Q4 1:22,3.0,4943,Sam Darnold,QB,16.4,0.52,0.29,0.81,0.81,0.89
2026-09-09 23:16:56,SEA,in,0.977,Q4 1:22,3.0,8676,Rashid Shaheed,WR,8.5,1.4,0.18,1.58,1.55,1.59
2026-09-09 23:16:56,NE,in,0.977,Q4 1:22,-3.0,3214,Hunter Henry,TE,9.7,5.6,0.28,5.88,5.8,5.82
2026-09-09 23:16:56,SEA,in,0.977,Q4 1:22,3.0,11435,Emanuel Wilson,RB,1.8,0.3,0.03,0.33,0.33,0.34
2026-09-09 23:16:56,SEA,in,0.977,Q4 1:22,3.0,11603,A.J. Barner,TE,7.9,3.3,0.18,3.48,3.45,3.48
2026-09-09 23:16:56,SEA,in,0.977,Q4 1:22,3.0,12048,George Holani,RB,6.6,2.9,0.13,3.03,3.03,3.05
2026-09-09 23:16:56,SEA,in,0.977,Q4 1:22,3.0,4039,Cooper Kupp,WR,7.4,5.5,0.18,5.68,5.66,5.67
2026-09-09 23:16:56,NE,in,0.977,Q4 1:22,-3.0,4177,Mack Hollins,WR,3.3,6.9,0.13,7.03,7.0,6.98
2026-09-09 23:16:56,SEA,in,0.977,Q4 1:22,3.0,12521,Elijah Arroyo,TE,3.9,0.0,0.08,0.08,0.07,0.09
2026-09-09 23:16:56,NE,in,0.977,Q4 1:22,-3.0,9501,Demario Douglas,WR,5.6,5.9,0.18,6.08,6.03,6.03
2026-09-09 23:16:56,SEA,in,0.977,Q4 1:22,3.0,2747,Jason Myers,K,8.5,7.0,0.19,7.19,7.19,7.19
2026-09-09 23:16:56,NE,in,0.977,Q4 1:22,-3.0,12713,Andy Borregales,K,7.1,6.0,0.16,6.16,6.16,6.16
2026-09-09 23:16:56,SEA,in,0.977,Q4 1:22,3.0,SEA,Seattle Seahawks D/ST,DST,7.2,10.0,0.18,10.18,10.18,10.16
2026-09-09 23:16:56,NE,in,0.977,Q4 1:22,-3.0,NE,New England Patriots D/ST,DST,5.8,6.0,0.13,6.13,6.13,6.13
2026-09-09 23:16:56,NE,in,0.977,Q4 1:22,-3.0,13421,Eli Raridon,TE,1.8,7.2,0.09,7.29,7.27,7.24
2026-09-09 23:17:57,SEA,in,0.977,Q4 1:22,3.0,9488,Jaxon Smith-Njigba,WR,19.4,26.2,0.55,26.75,26.68,26.64
2026-09-09 23:17:57,NE,in,0.977,Q4 1:22,-3.0,5859,A.J. Brown,WR,16.3,5.6,0.44,6.04,5.91,5.97
2026-09-09 23:17:57,NE,in,0.977,Q4 1:22,-3.0,11564,Drake Maye,QB,19.4,12.7,0.58,13.28,13.11,13.14
2026-09-09 23:17:57,NE,in,0.977,Q4 1:22,-3.0,7611,Rhamondre Stevenson,RB,17.5,14.5,0.42,14.92,14.88,14.9
2026-09-09 23:17:57,SEA,in,0.977,Q4 1:22,3.0,13286,Jadarian Price,RB,12.0,7.8,0.25,8.05,8.05,8.07
2026-09-09 23:17:57,NE,in,0.977,Q4 1:22,-3.0,8121,Romeo Doubs,WR,9.7,0.0,0.24,0.24,0.17,0.22
2026-09-09 23:17:57,SEA,in,0.977,Q4 1:22,3.0,4943,Sam Darnold,QB,16.4,0.52,0.29,0.81,0.81,0.89
2026-09-09 23:17:57,SEA,in,0.977,Q4 1:22,3.0,8676,Rashid Shaheed,WR,8.5,1.4,0.18,1.58,1.55,1.59
2026-09-09 23:17:57,NE,in,0.977,Q4 1:22,-3.0,3214,Hunter Henry,TE,9.7,5.6,0.28,5.88,5.8,5.82
2026-09-09 23:17:57,SEA,in,0.977,Q4 1:22,3.0,11435,Emanuel Wilson,RB,1.8,0.3,0.03,0.33,0.33,0.34
2026-09-09 23:17:57,SEA,in,0.977,Q4 1:22,3.0,11603,A.J. Barner,TE,7.9,3.3,0.18,3.48,3.45,3.48
2026-09-09 23:17:57,SEA,in,0.977,Q4 1:22,3.0,12048,George Holani,RB,6.6,2.9,0.13,3.03,3.03,3.05
2026-09-09 23:17:57,SEA,in,0.977,Q4 1:22,3.0,4039,Cooper Kupp,WR,7.4,5.5,0.18,5.68,5.66,5.67
2026-09-09 23:17:57,NE,in,0.977,Q4 1:22,-3.0,4177,Mack Hollins,WR,3.3,6.9,0.13,7.03,7.0,6.98
2026-09-09 23:17:57,SEA,in,0.977,Q4 1:22,3.0,12521,Elijah Arroyo,TE,3.9,0.0,0.08,0.08,0.07,0.09
2026-09-09 23:17:57,NE,in,0.977,Q4 1:22,-3.0,9501,Demario Douglas,WR,5.6,5.9,0.18,6.08,6.03,6.03
2026-09-09 23:17:57,SEA,in,0.977,Q4 1:22,3.0,2747,Jason Myers,K,8.5,7.0,0.19,7.19,7.19,7.19
2026-09-09 23:17:57,NE,in,0.977,Q4 1:22,-3.0,12713,Andy Borregales,K,7.1,6.0,0.16,6.16,6.16,6.16
2026-09-09 23:17:57,SEA,in,0.977,Q4 1:22,3.0,SEA,Seattle Seahawks D/ST,DST,7.2,10.0,0.18,10.18,10.18,10.16
2026-09-09 23:17:57,NE,in,0.977,Q4 1:22,-3.0,NE,New England Patriots D/ST,DST,5.8,6.0,0.13,6.13,6.13,6.13
2026-09-09 23:17:57,NE,in,0.977,Q4 1:22,-3.0,13421,Eli Raridon,TE,1.8,7.2,0.09,7.29,7.27,7.24
2026-09-09 23:18:57,SEA,in,0.977,Q4 1:22,3.0,9488,Jaxon Smith-Njigba,WR,19.4,26.2,0.55,26.75,26.68,26.64
2026-09-09 23:18:57,NE,in,0.977,Q4 1:22,-3.0,5859,A.J. Brown,WR,16.3,5.6,0.44,6.04,5.91,5.97
2026-09-09 23:18:57,NE,in,0.977,Q4 1:22,-3.0,11564,Drake Maye,QB,19.4,12.7,0.58,13.28,13.11,13.14
2026-09-09 23:18:57,NE,in,0.977,Q4 1:22,-3.0,7611,Rhamondre Stevenson,RB,17.5,14.5,0.42,14.92,14.88,14.9
2026-09-09 23:18:57,SEA,in,0.977,Q4 1:22,3.0,13286,Jadarian Price,RB,12.0,7.8,0.25,8.05,8.05,8.07
2026-09-09 23:18:57,NE,in,0.977,Q4 1:22,-3.0,8121,Romeo Doubs,WR,9.7,0.0,0.24,0.24,0.17,0.22
2026-09-09 23:18:57,SEA,in,0.977,Q4 1:22,3.0,4943,Sam Darnold,QB,16.4,0.52,0.29,0.81,0.81,0.89
2026-09-09 23:18:57,SEA,in,0.977,Q4 1:22,3.0,8676,Rashid Shaheed,WR,8.5,1.4,0.18,1.58,1.55,1.59
2026-09-09 23:18:57,NE,in,0.977,Q4 1:22,-3.0,3214,Hunter Henry,TE,9.7,5.6,0.28,5.88,5.8,5.82
2026-09-09 23:18:57,SEA,in,0.977,Q4 1:22,3.0,11435,Emanuel Wilson,RB,1.8,0.3,0.03,0.33,0.33,0.34
2026-09-09 23:18:57,SEA,in,0.977,Q4 1:22,3.0,11603,A.J. Barner,TE,7.9,3.3,0.18,3.48,3.45,3.48
2026-09-09 23:18:57,SEA,in,0.977,Q4 1:22,3.0,12048,George Holani,RB,6.6,2.9,0.13,3.03,3.03,3.05
2026-09-09 23:18:57,SEA,in,0.977,Q4 1:22,3.0,4039,Cooper Kupp,WR,7.4,5.5,0.18,5.68,5.66,5.67
2026-09-09 23:18:57,NE,in,0.977,Q4 1:22,-3.0,4177,Mack Hollins,WR,3.3,6.9,0.13,7.03,7.0,6.98
2026-09-09 23:18:57,SEA,in,0.977,Q4 1:22,3.0,12521,Elijah Arroyo,TE,3.9,0.0,0.08,0.08,0.07,0.09
2026-09-09 23:18:57,NE,in,0.977,Q4 1:22,-3.0,9501,Demario Douglas,WR,5.6,5.9,0.18,6.08,6.03,6.03
2026-09-09 23:18:57,SEA,in,0.977,Q4 1:22,3.0,2747,Jason Myers,K,8.5,7.0,0.19,7.19,7.19,7.19
2026-09-09 23:18:57,NE,in,0.977,Q4 1:22,-3.0,12713,Andy Borregales,K,7.1,6.0,0.16,6.16,6.16,6.16
2026-09-09 23:18:57,SEA,in,0.977,Q4 1:22,3.0,SEA,Seattle Seahawks D/ST,DST,7.2,10.0,0.18,10.18,10.18,10.16
2026-09-09 23:18:57,NE,in,0.977,Q4 1:22,-3.0,NE,New England Patriots D/ST,DST,5.8,6.0,0.13,6.13,6.13,6.13
2026-09-09 23:18:57,NE,in,0.977,Q4 1:22,-3.0,13421,Eli Raridon,TE,1.8,7.2,0.09,7.29,7.27,7.24
2026-09-09 23:19:58,SEA,in,0.988,Q4 0:44,3.0,9488,Jaxon Smith-Njigba,WR,19.4,26.2,0.3,26.5,26.46,26.44
2026-09-09 23:19:58,NE,in,0.988,Q4 0:44,-3.0,5859,A.J. Brown,WR,16.3,5.6,0.24,5.84,5.77,5.8
2026-09-09 23:19:58,NE,in,0.988,Q4 0:44,-3.0,11564,Drake Maye,QB,19.4,12.74,0.31,13.05,12.96,12.98
2026-09-09 23:19:58,NE,in,0.988,Q4 0:44,-3.0,7611,Rhamondre Stevenson,RB,17.5,14.5,0.22,14.72,14.71,14.71
2026-09-09 23:19:58,SEA,in,0.988,Q4 0:44,3.0,13286,Jadarian Price,RB,12.0,7.8,0.13,7.93,7.93,7.95
2026-09-09 23:19:58,NE,in,0.988,Q4 0:44,-3.0,8121,Romeo Doubs,WR,9.7,0.0,0.13,0.13,0.09,0.12
2026-09-09 23:19:58,SEA,in,0.988,Q4 0:44,3.0,4943,Sam Darnold,QB,16.4,0.52,0.15,0.67,0.67,0.72
2026-09-09 23:19:58,SEA,in,0.988,Q4 0:44,3.0,8676,Rashid Shaheed,WR,8.5,1.4,0.1,1.5,1.48,1.5
2026-09-09 23:19:58,NE,in,0.988,Q4 0:44,-3.0,3214,Hunter Henry,TE,9.7,5.6,0.15,5.75,5.71,5.72
2026-09-09 23:19:58,SEA,in,0.988,Q4 0:44,3.0,11435,Emanuel Wilson,RB,1.8,0.3,0.02,0.32,0.32,0.32
2026-09-09 23:19:58,SEA,in,0.988,Q4 0:44,3.0,11603,A.J. Barner,TE,7.9,3.3,0.1,3.4,3.38,3.4
2026-09-09 23:19:58,SEA,in,0.988,Q4 0:44,3.0,12048,George Holani,RB,6.6,2.9,0.07,2.97,2.97,2.98
2026-09-09 23:19:58,SEA,in,0.988,Q4 0:44,3.0,4039,Cooper Kupp,WR,7.4,5.5,0.1,5.6,5.58,5.59
2026-09-09 23:19:58,NE,in,0.988,Q4 0:44,-3.0,4177,Mack Hollins,WR,3.3,6.9,0.07,6.97,6.95,6.94
2026-09-09 23:19:58,SEA,in,0.988,Q4 0:44,3.0,12521,Elijah Arroyo,TE,3.9,0.0,0.04,0.04,0.04,0.05
2026-09-09 23:19:58,NE,in,0.988,Q4 0:44,-3.0,9501,Demario Douglas,WR,5.6,7.0,0.1,7.1,7.07,7.07
2026-09-09 23:19:58,SEA,in,0.988,Q4 0:44,3.0,2747,Jason Myers,K,8.5,7.0,0.1,7.1,7.1,7.1
2026-09-09 23:19:58,NE,in,0.988,Q4 0:44,-3.0,12713,Andy Borregales,K,7.1,6.0,0.08,6.08,6.08,6.09
2026-09-09 23:19:58,SEA,in,0.988,Q4 0:44,3.0,SEA,Seattle Seahawks D/ST,DST,7.2,10.0,0.1,10.1,10.1,10.09
2026-09-09 23:19:58,NE,in,0.988,Q4 0:44,-3.0,NE,New England Patriots D/ST,DST,5.8,6.0,0.07,6.07,6.07,6.07
2026-09-09 23:19:58,NE,in,0.988,Q4 0:44,-3.0,13421,Eli Raridon,TE,1.8,7.2,0.05,7.25,7.24,7.22
2026-09-09 23:20:59,SEA,in,0.988,Q4 0:44,3.0,9488,Jaxon Smith-Njigba,WR,19.4,26.2,0.3,26.5,26.46,26.44
2026-09-09 23:20:59,NE,in,0.988,Q4 0:44,-3.0,5859,A.J. Brown,WR,16.3,5.6,0.24,5.84,5.77,5.8
2026-09-09 23:20:59,NE,in,0.988,Q4 0:44,-3.0,11564,Drake Maye,QB,19.4,12.74,0.31,13.05,12.96,12.98
2026-09-09 23:20:59,NE,in,0.988,Q4 0:44,-3.0,7611,Rhamondre Stevenson,RB,17.5,14.5,0.22,14.72,14.71,14.71
2026-09-09 23:20:59,SEA,in,0.988,Q4 0:44,3.0,13286,Jadarian Price,RB,12.0,7.8,0.13,7.93,7.93,7.95
2026-09-09 23:20:59,NE,in,0.988,Q4 0:44,-3.0,8121,Romeo Doubs,WR,9.7,0.0,0.13,0.13,0.09,0.12
2026-09-09 23:20:59,SEA,in,0.988,Q4 0:44,3.0,4943,Sam Darnold,QB,16.4,0.52,0.15,0.67,0.67,0.72
2026-09-09 23:20:59,SEA,in,0.988,Q4 0:44,3.0,8676,Rashid Shaheed,WR,8.5,1.4,0.1,1.5,1.48,1.5
2026-09-09 23:20:59,NE,in,0.988,Q4 0:44,-3.0,3214,Hunter Henry,TE,9.7,5.6,0.15,5.75,5.71,5.72
2026-09-09 23:20:59,SEA,in,0.988,Q4 0:44,3.0,11435,Emanuel Wilson,RB,1.8,0.3,0.02,0.32,0.32,0.32
2026-09-09 23:20:59,SEA,in,0.988,Q4 0:44,3.0,11603,A.J. Barner,TE,7.9,3.3,0.1,3.4,3.38,3.4
2026-09-09 23:20:59,SEA,in,0.988,Q4 0:44,3.0,12048,George Holani,RB,6.6,2.9,0.07,2.97,2.97,2.98
2026-09-09 23:20:59,SEA,in,0.988,Q4 0:44,3.0,4039,Cooper Kupp,WR,7.4,5.5,0.1,5.6,5.58,5.59
2026-09-09 23:20:59,NE,in,0.988,Q4 0:44,-3.0,4177,Mack Hollins,WR,3.3,6.9,0.07,6.97,6.95,6.94
2026-09-09 23:20:59,SEA,in,0.988,Q4 0:44,3.0,12521,Elijah Arroyo,TE,3.9,0.0,0.04,0.04,0.04,0.05
2026-09-09 23:20:59,NE,in,0.988,Q4 0:44,-3.0,9501,Demario Douglas,WR,5.6,7.0,0.1,7.1,7.07,7.07
2026-09-09 23:20:59,SEA,in,0.988,Q4 0:44,3.0,2747,Jason Myers,K,8.5,7.0,0.1,7.1,7.1,7.1
2026-09-09 23:20:59,NE,in,0.988,Q4 0:44,-3.0,12713,Andy Borregales,K,7.1,6.0,0.08,6.08,6.08,6.09
2026-09-09 23:20:59,SEA,in,0.988,Q4 0:44,3.0,SEA,Seattle Seahawks D/ST,DST,7.2,10.0,0.1,10.1,10.1,10.09
2026-09-09 23:20:59,NE,in,0.988,Q4 0:44,-3.0,NE,New England Patriots D/ST,DST,5.8,6.0,0.07,6.07,6.07,6.07
2026-09-09 23:20:59,NE,in,0.988,Q4 0:44,-3.0,13421,Eli Raridon,TE,1.8,7.2,0.05,7.25,7.24,7.22
2026-09-09 23:21:59,SEA,in,0.989,Q4 0:38,3.0,9488,Jaxon Smith-Njigba,WR,19.4,26.2,0.25,26.45,26.42,26.4
2026-09-09 23:21:59,NE,in,0.989,Q4 0:38,-3.0,5859,A.J. Brown,WR,16.3,5.6,0.21,5.81,5.74,5.77
2026-09-09 23:21:59,NE,in,0.989,Q4 0:38,-3.0,11564,Drake Maye,QB,19.4,13.34,0.27,13.61,13.53,13.54
2026-09-09 23:21:59,NE,in,0.989,Q4 0:38,-3.0,7611,Rhamondre Stevenson,RB,17.5,14.5,0.19,14.69,14.68,14.68
2026-09-09 23:21:59,SEA,in,0.989,Q4 0:38,3.0,13286,Jadarian Price,RB,12.0,7.8,0.12,7.92,7.92,7.93
2026-09-09 23:21:59,NE,in,0.989,Q4 0:38,-3.0,8121,Romeo Doubs,WR,9.7,0.0,0.11,0.11,0.08,0.1
2026-09-09 23:21:59,SEA,in,0.989,Q4 0:38,3.0,4943,Sam Darnold,QB,16.4,0.52,0.13,0.65,0.65,0.69
2026-09-09 23:21:59,SEA,in,0.989,Q4 0:38,3.0,8676,Rashid Shaheed,WR,8.5,1.4,0.08,1.48,1.47,1.49
2026-09-09 23:21:59,NE,in,0.989,Q4 0:38,-3.0,3214,Hunter Henry,TE,9.7,5.6,0.13,5.73,5.69,5.7
2026-09-09 23:21:59,SEA,in,0.989,Q4 0:38,3.0,11435,Emanuel Wilson,RB,1.8,0.3,0.01,0.31,0.32,0.32
2026-09-09 23:21:59,SEA,in,0.989,Q4 0:38,3.0,11603,A.J. Barner,TE,7.9,3.3,0.08,3.38,3.37,3.38
2026-09-09 23:21:59,SEA,in,0.989,Q4 0:38,3.0,12048,George Holani,RB,6.6,2.9,0.06,2.96,2.96,2.97
2026-09-09 23:21:59,SEA,in,0.989,Q4 0:38,3.0,4039,Cooper Kupp,WR,7.4,5.5,0.08,5.58,5.57,5.58
2026-09-09 23:21:59,NE,in,0.989,Q4 0:38,-3.0,4177,Mack Hollins,WR,3.3,6.9,0.06,6.96,6.94,6.93
2026-09-09 23:21:59,SEA,in,0.989,Q4 0:38,3.0,12521,Elijah Arroyo,TE,3.9,0.0,0.04,0.04,0.03,0.04
2026-09-09 23:21:59,NE,in,0.989,Q4 0:38,-3.0,9501,Demario Douglas,WR,5.6,7.0,0.09,7.09,7.06,7.06
2026-09-09 23:21:59,SEA,in,0.989,Q4 0:38,3.0,2747,Jason Myers,K,8.5,7.0,0.09,7.09,7.09,7.09
2026-09-09 23:21:59,NE,in,0.989,Q4 0:38,-3.0,12713,Andy Borregales,K,7.1,6.0,0.07,6.07,6.07,6.07
2026-09-09 23:21:59,SEA,in,0.989,Q4 0:38,3.0,SEA,Seattle Seahawks D/ST,DST,7.2,10.0,0.08,10.08,10.08,10.08
2026-09-09 23:21:59,NE,in,0.989,Q4 0:38,-3.0,NE,New England Patriots D/ST,DST,5.8,6.0,0.06,6.06,6.06,6.06
2026-09-09 23:21:59,NE,in,0.989,Q4 0:38,-3.0,13421,Eli Raridon,TE,1.8,7.2,0.04,7.24,7.23,7.22
2026-09-09 23:23:00,SEA,in,0.99,Q4 0:32,3.0,9488,Jaxon Smith-Njigba,WR,19.4,26.2,0.24,26.44,26.41,26.39
2026-09-09 23:23:00,NE,in,0.99,Q4 0:32,-3.0,5859,A.J. Brown,WR,16.3,5.6,0.19,5.79,5.74,5.76
2026-09-09 23:23:00,NE,in,0.99,Q4 0:32,-3.0,11564,Drake Maye,QB,19.4,13.34,0.26,13.6,13.52,13.53
2026-09-09 23:23:00,NE,in,0.99,Q4 0:32,-3.0,7611,Rhamondre Stevenson,RB,17.5,14.5,0.18,14.68,14.67,14.68
2026-09-09 23:23:00,SEA,in,0.99,Q4 0:32,3.0,13286,Jadarian Price,RB,12.0,7.8,0.11,7.91,7.91,7.92
2026-09-09 23:23:00,NE,in,0.99,Q4 0:32,-3.0,8121,Romeo Doubs,WR,9.7,0.0,0.11,0.11,0.07,0.1
2026-09-09 23:23:00,SEA,in,0.99,Q4 0:32,3.0,4943,Sam Darnold,QB,16.4,0.52,0.13,0.65,0.64,0.68
2026-09-09 23:23:00,SEA,in,0.99,Q4 0:32,3.0,8676,Rashid Shaheed,WR,8.5,1.4,0.08,1.48,1.47,1.48
2026-09-09 23:23:00,NE,in,0.99,Q4 0:32,-3.0,3214,Hunter Henry,TE,9.7,5.6,0.12,5.72,5.69,5.7
2026-09-09 23:23:00,SEA,in,0.99,Q4 0:32,3.0,11435,Emanuel Wilson,RB,1.8,0.3,0.01,0.31,0.31,0.32
2026-09-09 23:23:00,SEA,in,0.99,Q4 0:32,3.0,11603,A.J. Barner,TE,7.9,3.3,0.08,3.38,3.37,3.38
2026-09-09 23:23:00,SEA,in,0.99,Q4 0:32,3.0,12048,George Holani,RB,6.6,2.9,0.06,2.96,2.96,2.97
2026-09-09 23:23:00,SEA,in,0.99,Q4 0:32,3.0,4039,Cooper Kupp,WR,7.4,5.5,0.08,5.58,5.57,5.57
2026-09-09 23:23:00,NE,in,0.99,Q4 0:32,-3.0,4177,Mack Hollins,WR,3.3,6.9,0.05,6.95,6.94,6.93
2026-09-09 23:23:00,SEA,in,0.99,Q4 0:32,3.0,12521,Elijah Arroyo,TE,3.9,0.0,0.03,0.03,0.03,0.04
2026-09-09 23:23:00,NE,in,0.99,Q4 0:32,-3.0,9501,Demario Douglas,WR,5.6,7.0,0.08,7.08,7.06,7.06
2026-09-09 23:23:00,SEA,in,0.99,Q4 0:32,3.0,2747,Jason Myers,K,8.5,7.0,0.08,7.08,7.08,7.08
2026-09-09 23:23:00,NE,in,0.99,Q4 0:32,-3.0,12713,Andy Borregales,K,7.1,6.0,0.07,6.07,6.07,6.07
2026-09-09 23:23:00,SEA,in,0.99,Q4 0:32,3.0,SEA,Seattle Seahawks D/ST,DST,7.2,11.0,0.08,11.08,11.08,11.07
2026-09-09 23:23:00,NE,in,0.99,Q4 0:32,-3.0,NE,New England Patriots D/ST,DST,5.8,6.0,0.06,6.06,6.06,6.06
2026-09-09 23:23:00,NE,in,0.99,Q4 0:32,-3.0,13421,Eli Raridon,TE,1.8,7.2,0.04,7.24,7.23,7.22
2026-09-09 23:24:00,SEA,in,0.99,Q4 0:32,3.0,9488,Jaxon Smith-Njigba,WR,19.4,26.2,0.24,26.44,26.41,26.39
2026-09-09 23:24:00,NE,in,0.99,Q4 0:32,-3.0,5859,A.J. Brown,WR,16.3,5.6,0.19,5.79,5.74,5.76
2026-09-09 23:24:00,NE,in,0.99,Q4 0:32,-3.0,11564,Drake Maye,QB,19.4,13.82,0.26,14.08,14.0,14.01
2026-09-09 23:24:00,NE,in,0.99,Q4 0:32,-3.0,7611,Rhamondre Stevenson,RB,17.5,14.5,0.18,14.68,14.67,14.68
2026-09-09 23:24:00,SEA,in,0.99,Q4 0:32,3.0,13286,Jadarian Price,RB,12.0,7.8,0.11,7.91,7.91,7.92
2026-09-09 23:24:00,NE,in,0.99,Q4 0:32,-3.0,8121,Romeo Doubs,WR,9.7,0.0,0.11,0.11,0.07,0.1
2026-09-09 23:24:00,SEA,in,0.99,Q4 0:32,3.0,4943,Sam Darnold,QB,16.4,0.52,0.13,0.65,0.64,0.68
2026-09-09 23:24:00,SEA,in,0.99,Q4 0:32,3.0,8676,Rashid Shaheed,WR,8.5,1.4,0.08,1.48,1.47,1.48
2026-09-09 23:24:00,NE,in,0.99,Q4 0:32,-3.0,3214,Hunter Henry,TE,9.7,5.6,0.12,5.72,5.69,5.7
2026-09-09 23:24:00,SEA,in,0.99,Q4 0:32,3.0,11435,Emanuel Wilson,RB,1.8,0.3,0.01,0.31,0.31,0.32
2026-09-09 23:24:00,SEA,in,0.99,Q4 0:32,3.0,11603,A.J. Barner,TE,7.9,3.3,0.08,3.38,3.37,3.38
2026-09-09 23:24:00,SEA,in,0.99,Q4 0:32,3.0,12048,George Holani,RB,6.6,2.9,0.06,2.96,2.96,2.97
2026-09-09 23:24:00,SEA,in,0.99,Q4 0:32,3.0,4039,Cooper Kupp,WR,7.4,5.5,0.08,5.58,5.57,5.57
2026-09-09 23:24:00,NE,in,0.99,Q4 0:32,-3.0,4177,Mack Hollins,WR,3.3,9.1,0.06,9.16,9.15,9.13
2026-09-09 23:24:00,SEA,in,0.99,Q4 0:32,3.0,12521,Elijah Arroyo,TE,3.9,0.0,0.03,0.03,0.03,0.04
2026-09-09 23:24:00,NE,in,0.99,Q4 0:32,-3.0,9501,Demario Douglas,WR,5.6,7.0,0.08,7.08,7.06,7.06
2026-09-09 23:24:00,SEA,in,0.99,Q4 0:32,3.0,2747,Jason Myers,K,8.5,7.0,0.08,7.08,7.08,7.08
2026-09-09 23:24:00,NE,in,0.99,Q4 0:32,-3.0,12713,Andy Borregales,K,7.1,6.0,0.07,6.07,6.07,6.07
2026-09-09 23:24:00,SEA,in,0.99,Q4 0:32,3.0,SEA,Seattle Seahawks D/ST,DST,7.2,11.0,0.08,11.08,11.08,11.07
2026-09-09 23:24:00,NE,in,0.99,Q4 0:32,-3.0,NE,New England Patriots D/ST,DST,5.8,6.0,0.06,6.06,6.06,6.06
2026-09-09 23:24:00,NE,in,0.99,Q4 0:32,-3.0,13421,Eli Raridon,TE,1.8,7.2,0.04,7.24,7.23,7.22
2026-09-09 23:25:01,SEA,in,0.99,Q4 0:21,3.0,9488,Jaxon Smith-Njigba,WR,19.4,26.2,0.24,26.44,26.41,26.39
2026-09-09 23:25:01,NE,in,0.99,Q4 0:21,-3.0,5859,A.J. Brown,WR,16.3,5.6,0.19,5.79,5.74,5.76
2026-09-09 23:25:01,NE,in,0.99,Q4 0:21,-3.0,11564,Drake Maye,QB,19.4,12.82,0.25,13.07,13.0,13.01
2026-09-09 23:25:01,NE,in,0.99,Q4 0:21,-3.0,7611,Rhamondre Stevenson,RB,17.5,14.5,0.18,14.68,14.67,14.68
2026-09-09 23:25:01,SEA,in,0.99,Q4 0:21,3.0,13286,Jadarian Price,RB,12.0,7.8,0.11,7.91,7.91,7.92
2026-09-09 23:25:01,NE,in,0.99,Q4 0:21,-3.0,8121,Romeo Doubs,WR,9.7,0.0,0.11,0.11,0.07,0.1
2026-09-09 23:25:01,SEA,in,0.99,Q4 0:21,3.0,4943,Sam Darnold,QB,16.4,0.52,0.13,0.65,0.64,0.68
2026-09-09 23:25:01,SEA,in,0.99,Q4 0:21,3.0,8676,Rashid Shaheed,WR,8.5,1.4,0.08,1.48,1.47,1.48
2026-09-09 23:25:01,NE,in,0.99,Q4 0:21,-3.0,3214,Hunter Henry,TE,9.7,5.6,0.12,5.72,5.69,5.7
2026-09-09 23:25:01,SEA,in,0.99,Q4 0:21,3.0,11435,Emanuel Wilson,RB,1.8,0.3,0.01,0.31,0.31,0.32
2026-09-09 23:25:01,SEA,in,0.99,Q4 0:21,3.0,11603,A.J. Barner,TE,7.9,3.3,0.08,3.38,3.37,3.38
2026-09-09 23:25:01,SEA,in,0.99,Q4 0:21,3.0,12048,George Holani,RB,6.6,2.9,0.06,2.96,2.96,2.97
2026-09-09 23:25:01,SEA,in,0.99,Q4 0:21,3.0,4039,Cooper Kupp,WR,7.4,5.5,0.08,5.58,5.57,5.57
2026-09-09 23:25:01,NE,in,0.99,Q4 0:21,-3.0,4177,Mack Hollins,WR,3.3,9.1,0.06,9.16,9.15,9.13
2026-09-09 23:25:01,SEA,in,0.99,Q4 0:21,3.0,12521,Elijah Arroyo,TE,3.9,0.0,0.03,0.03,0.03,0.04
2026-09-09 23:25:01,NE,in,0.99,Q4 0:21,-3.0,9501,Demario Douglas,WR,5.6,7.0,0.08,7.08,7.06,7.06
2026-09-09 23:25:01,SEA,in,0.99,Q4 0:21,3.0,2747,Jason Myers,K,8.5,7.0,0.08,7.08,7.08,7.08
2026-09-09 23:25:01,NE,in,0.99,Q4 0:21,-3.0,12713,Andy Borregales,K,7.1,6.0,0.07,6.07,6.07,6.07
2026-09-09 23:25:01,SEA,in,0.99,Q4 0:21,3.0,SEA,Seattle Seahawks D/ST,DST,7.2,13.0,0.09,13.09,13.09,13.07
2026-09-09 23:25:01,NE,in,0.99,Q4 0:21,-3.0,NE,New England Patriots D/ST,DST,5.8,6.0,0.06,6.06,6.06,6.06
2026-09-09 23:25:01,NE,in,0.99,Q4 0:21,-3.0,13421,Eli Raridon,TE,1.8,7.2,0.04,7.24,7.23,7.22
2026-09-09 23:26:02,SEA,post,1.0,FINAL,3.0,9488,Jaxon Smith-Njigba,WR,19.4,26.2,0.0,26.2,26.2,26.2
2026-09-09 23:26:02,NE,post,1.0,FINAL,-3.0,5859,A.J. Brown,WR,16.3,5.6,0.0,5.6,5.6,5.6
2026-09-09 23:26:02,NE,post,1.0,FINAL,-3.0,11564,Drake Maye,QB,19.4,12.82,0.0,12.82,12.82,12.82
2026-09-09 23:26:02,NE,post,1.0,FINAL,-3.0,7611,Rhamondre Stevenson,RB,17.5,14.5,0.0,14.5,14.5,14.5
2026-09-09 23:26:02,SEA,post,1.0,FINAL,3.0,13286,Jadarian Price,RB,12.0,7.8,0.0,7.8,7.8,7.8
2026-09-09 23:26:02,NE,post,1.0,FINAL,-3.0,8121,Romeo Doubs,WR,9.7,0.0,0.0,0.0,0.0,0.0
2026-09-09 23:26:02,SEA,post,1.0,FINAL,3.0,4943,Sam Darnold,QB,16.4,0.52,0.0,0.52,0.52,0.52
2026-09-09 23:26:02,SEA,post,1.0,FINAL,3.0,8676,Rashid Shaheed,WR,8.5,1.4,0.0,1.4,1.4,1.4
2026-09-09 23:26:02,NE,post,1.0,FINAL,-3.0,3214,Hunter Henry,TE,9.7,5.6,0.0,5.6,5.6,5.6
2026-09-09 23:26:02,SEA,post,1.0,FINAL,3.0,11435,Emanuel Wilson,RB,1.8,0.3,0.0,0.3,0.3,0.3
2026-09-09 23:26:02,SEA,post,1.0,FINAL,3.0,11603,A.J. Barner,TE,7.9,3.3,0.0,3.3,3.3,3.3
2026-09-09 23:26:02,SEA,post,1.0,FINAL,3.0,12048,George Holani,RB,6.6,2.9,0.0,2.9,2.9,2.9
2026-09-09 23:26:02,SEA,post,1.0,FINAL,3.0,4039,Cooper Kupp,WR,7.4,5.5,0.0,5.5,5.5,5.5
2026-09-09 23:26:02,NE,post,1.0,FINAL,-3.0,4177,Mack Hollins,WR,3.3,9.1,0.0,9.1,9.1,9.1
2026-09-09 23:26:02,SEA,post,1.0,FINAL,3.0,12521,Elijah Arroyo,TE,3.9,0.0,0.0,0.0,0.0,0.0
2026-09-09 23:26:02,NE,post,1.0,FINAL,-3.0,9501,Demario Douglas,WR,5.6,7.0,0.0,7.0,7.0,7.0
2026-09-09 23:26:02,SEA,post,1.0,FINAL,3.0,2747,Jason Myers,K,8.5,7.0,0.0,7.0,7.0,7.0
2026-09-09 23:26:02,NE,post,1.0,FINAL,-3.0,12713,Andy Borregales,K,7.1,6.0,0.0,6.0,6.0,6.0
2026-09-09 23:26:02,SEA,post,1.0,FINAL,3.0,SEA,Seattle Seahawks D/ST,DST,7.2,13.0,0.0,13.0,13.0,13.0
2026-09-09 23:26:02,NE,post,1.0,FINAL,-3.0,NE,New England Patriots D/ST,DST,5.8,6.0,0.0,6.0,6.0,6.0
2026-09-09 23:26:02,NE,post,1.0,FINAL,-3.0,13421,Eli Raridon,TE,1.8,7.2,0.0,7.2,7.2,7.2
