ts,team,st,f,tag,margin,sid,name,pos,proj,actual,rem_fit,live_fit,live_v1,live_naive,stale,xmult,live_fitx,role,f_in,frozen
2026-09-27 16:26:42,SF,in,0.111,Q1 8:20,7.0,4034,Christian McCaffrey,RB,21.8,0.3,17.51,17.81,19.68,19.68,0.0,1.0,17.81,,0.0,0
2026-09-27 16:26:42,DAL,in,0.01,Q1 14:56,0,6786,CeeDee Lamb,WR,19.1,0.0,18.13,18.13,18.91,18.91,0.0,1.0,18.13,,0.0,0
2026-09-27 16:26:42,MIN,in,0.129,Q1 7:14,10.0,6794,Justin Jefferson,WR,17.2,5.2,12.94,18.14,20.17,20.17,0.0,1.0,18.14,,0.0,0
2026-09-27 16:26:42,LV,in,0.01,Q1 15:00,0,12527,Ashton Jeanty,RB,18.5,0.0,17.23,17.23,18.32,18.32,0.0,1.0,17.23,,0.0,0
2026-09-27 16:26:42,ARI,in,0.111,Q1 8:20,-7.0,13287,Jeremiyah Love,RB,13.5,2.7,12.5,15.2,14.7,14.7,0.0,1.0,15.2,,0.0,0
2026-09-27 16:26:42,ARI,in,0.111,Q1 8:20,-7.0,8130,Trey McBride,TE,17.1,0.0,16.14,16.14,15.2,15.2,0.0,1.0,16.14,,0.0,0
2026-09-27 16:26:42,BAL,in,0.01,Q1 14:56,0,3198,Derrick Henry,RB,19.9,0.0,18.54,18.54,19.7,19.7,0.0,1.0,18.54,,0.0,0
2026-09-27 16:26:42,LV,in,0.01,Q1 15:00,0,11604,Brock Bowers,TE,13.9,0.0,13.19,13.19,13.76,13.76,0.0,1.0,13.19,,0.0,0
2026-09-27 16:26:42,DAL,in,0.01,Q1 14:56,0,8137,George Pickens,WR,14.4,0.0,13.67,13.67,14.26,14.26,0.0,1.0,13.67,,0.0,0
2026-09-27 16:26:42,NO,in,0.01,Q1 15:00,0,8144,Chris Olave,WR,17.5,0.0,16.61,16.61,17.32,17.32,0.0,1.0,16.61,,0.0,0
2026-09-27 16:26:42,NO,in,0.01,Q1 15:00,0,7543,Travis Etienne,RB,12.0,0.0,11.18,11.18,11.88,11.88,0.0,1.0,11.18,,0.0,0
2026-09-27 16:26:42,TB,in,0.129,Q1 7:14,-10.0,11584,Bucky Irving,RB,13.1,1.8,11.82,13.62,13.2,13.2,0.0,1.0,13.62,,0.0,0
2026-09-27 16:26:42,TB,in,0.129,Q1 7:14,-10.0,12514,Emeka Egbuka,WR,13.7,0.0,13.19,13.19,11.93,11.93,0.0,1.0,13.19,,0.0,0
2026-09-27 16:26:42,DAL,in,0.01,Q1 14:56,0,7588,Javonte Williams,RB,16.5,0.0,15.37,15.37,16.34,16.34,0.0,1.0,15.37,,0.0,0
2026-09-27 16:26:42,BAL,in,0.01,Q1 14:56,0,9997,Zay Flowers,WR,11.5,0.0,10.91,10.91,11.39,11.38,0.0,1.0,10.91,,0.0,0
2026-09-27 16:26:42,BAL,in,0.01,Q1 14:56,0,4881,Lamar Jackson,QB,22.7,0.0,22.29,22.29,22.47,22.47,0.0,1.0,22.29,,0.0,0
2026-09-27 16:26:42,SF,in,0.111,Q1 8:20,7.0,2216,Mike Evans,WR,9.6,1.2,7.49,8.69,9.73,9.73,0.0,1.0,8.69,,0.0,0
2026-09-27 16:26:42,ARI,in,0.111,Q1 8:20,-7.0,11628,Marvin Harrison Jr.,WR,8.2,0.0,7.74,7.74,7.29,7.29,0.0,1.0,7.74,,0.0,0
2026-09-27 16:26:42,ARI,in,0.111,Q1 8:20,-7.0,10232,Michael Wilson,WR,10.8,1.5,10.42,11.92,11.1,11.1,0.0,1.0,11.92,,0.0,0
2026-09-27 16:26:42,DAL,in,0.01,Q1 14:56,0,3294,Dak Prescott,QB,19.2,0.0,18.85,18.85,19.01,19.01,0.0,1.0,18.85,,0.0,0
2026-09-27 16:26:42,ARI,in,0.111,Q1 8:20,-7.0,8132,Tyler Allgeier,RB,7.4,3.0,7.29,10.29,9.58,9.58,0.0,1.0,10.29,,0.0,0
2026-09-27 16:26:42,MIN,in,0.129,Q1 7:14,10.0,9756,Jordan Addison,WR,8.7,0.0,6.16,6.16,7.57,7.57,0.0,1.0,6.16,,0.0,0
2026-09-27 16:26:42,SF,in,0.111,Q1 8:20,7.0,8183,Brock Purdy,QB,20.2,3.28,16.31,19.59,21.24,21.24,0.0,1.0,19.59,,0.0,0
2026-09-27 16:26:42,TB,in,0.129,Q1 7:14,-10.0,4037,Chris Godwin,WR,9.3,0.0,8.96,8.96,8.1,8.1,0.0,1.0,8.96,,0.0,0
2026-09-27 16:26:42,MIN,in,0.129,Q1 7:14,10.0,5849,Kyler Murray,QB,16.2,1.28,11.72,13.0,15.38,15.38,0.0,1.0,13.0,,0.0,0
2026-09-27 16:26:42,TB,in,0.129,Q1 7:14,-10.0,4892,Baker Mayfield,QB,16.6,0.56,17.01,17.57,15.01,15.01,0.0,1.0,17.57,,0.0,0
2026-09-27 16:26:42,TB,in,0.129,Q1 7:14,-10.0,7567,Kenneth Gainwell,RB,7.5,0.0,6.47,6.47,6.53,6.53,0.0,1.0,6.47,,0.0,0
2026-09-27 16:26:42,NO,in,0.01,Q1 15:00,0,12545,Tyler Shough,QB,19.8,0.0,19.44,19.44,19.6,19.6,0.0,1.0,19.44,,0.0,0
2026-09-27 16:26:42,SF,in,0.111,Q1 8:20,7.0,4217,George Kittle,TE,12.4,0.0,9.43,9.43,11.02,11.02,0.0,1.0,9.43,,0.0,0
2026-09-27 16:26:42,DAL,in,0.01,Q1 14:56,0,8110,Jake Ferguson,TE,9.2,0.0,8.73,8.73,9.11,9.11,0.0,1.0,8.73,,0.0,0
2026-09-27 16:26:42,MIN,in,0.129,Q1 7:14,10.0,7049,Jauan Jennings,WR,5.0,0.0,3.54,3.54,4.35,4.35,0.0,1.0,3.54,,0.0,0
2026-09-27 16:26:42,LV,in,0.01,Q1 15:00,0,13305,Mike Washington Jr.,RB,3.4,0.0,3.17,3.17,3.37,3.37,0.0,1.0,3.17,,0.0,0
2026-09-27 16:26:42,TB,in,0.129,Q1 7:14,-10.0,11618,Jalen McMillan,WR,5.6,0.0,5.39,5.39,4.88,4.88,0.0,1.0,5.39,,0.0,0
2026-09-27 16:26:42,MIN,in,0.129,Q1 7:14,10.0,4199,Aaron Jones,RB,13.0,1.8,10.42,12.22,13.12,13.12,0.0,1.0,12.22,,0.0,0
2026-09-27 16:26:42,BAL,in,0.01,Q1 14:56,0,5012,Mark Andrews,TE,13.2,0.0,12.53,12.53,13.07,13.07,0.0,1.0,12.53,,0.0,0
2026-09-27 16:26:42,SF,in,0.111,Q1 8:20,7.0,5872,Deebo Samuel,WR,11.8,14.0,11.11,25.11,24.49,24.49,0.0,1.0,25.11,,0.0,0
2026-09-27 16:26:42,NO,in,0.01,Q1 15:00,0,7002,Juwan Johnson,TE,9.6,0.0,9.11,9.11,9.5,9.5,0.0,1.0,9.11,,0.0,0
2026-09-27 16:26:42,ARI,in,0.111,Q1 8:20,-7.0,3257,Jacoby Brissett,QB,14.6,0.76,14.67,15.43,13.74,13.74,0.0,1.0,15.43,,0.0,0
2026-09-27 16:26:42,MIN,in,0.129,Q1 7:14,10.0,5844,T.J. Hockenson,TE,9.1,0.0,6.44,6.44,7.92,7.92,0.0,1.0,6.44,,0.0,0
2026-09-27 16:26:42,LV,in,0.01,Q1 15:00,0,8180,Jalen Nailor,WR,7.2,0.0,6.83,6.83,7.13,7.13,0.0,1.0,6.83,,0.0,0
2026-09-27 16:26:42,TB,in,0.129,Q1 7:14,-10.0,9506,Sean Tucker,RB,1.8,0.0,1.55,1.55,1.57,1.57,0.0,1.0,1.55,,0.0,0
2026-09-27 16:26:42,NO,in,0.01,Q1 15:00,0,4035,Alvin Kamara,RB,8.6,0.0,8.01,8.01,8.51,8.51,0.0,1.0,8.01,,0.0,0
2026-09-27 16:26:42,LV,in,0.01,Q1 15:00,0,10213,Tre Tucker,WR,10.5,0.0,9.97,9.97,10.39,10.39,0.0,1.0,9.97,,0.0,0
2026-09-27 16:26:42,TB,in,0.129,Q1 7:14,-10.0,8111,Cade Otton,TE,7.7,2.4,7.77,10.17,9.1,9.1,0.0,1.0,10.17,,0.0,0
2026-09-27 16:26:42,BAL,in,0.01,Q1 14:56,0,13268,Elijah Sarratt,WR,1.4,0.0,1.33,1.33,1.39,1.39,0.0,1.0,1.33,,0.0,0
2026-09-27 16:26:42,DAL,in,0.01,Q1 14:56,0,11783,Ryan Flournoy,WR,7.7,0.0,7.31,7.31,7.62,7.62,0.0,1.0,7.31,,0.0,0
2026-09-27 16:26:42,NO,in,0.01,Q1 15:00,0,11834,Devaughn Vele,WR,11.8,0.0,11.2,11.2,11.68,11.68,0.0,1.0,11.2,,0.0,0
2026-09-27 16:26:42,MIN,in,0.129,Q1 7:14,10.0,13347,Demond Claiborne,RB,1.2,0.0,0.91,0.91,1.04,1.04,0.0,1.0,0.91,,0.0,0
2026-09-27 16:26:42,TB,in,0.129,Q1 7:14,-10.0,12485,Tez Johnson,WR,2.1,0.0,2.02,2.02,1.83,1.83,0.0,1.0,2.02,,0.0,0
2026-09-27 16:26:42,BAL,in,0.01,Q1 14:56,0,5995,Justice Hill,RB,7.5,0.0,6.99,6.99,7.42,7.42,0.0,1.0,6.99,,0.0,0
2026-09-27 16:26:42,BAL,in,0.01,Q1 14:56,0,7571,Rashod Bateman,WR,11.5,0.0,10.91,10.91,11.39,11.38,0.0,1.0,10.91,,0.0,0
2026-09-27 16:26:42,DAL,in,0.01,Q1 14:56,0,11199,Emari Demercado,RB,2.1,0.0,1.96,1.96,2.08,2.08,0.0,1.0,1.96,,0.0,0
2026-09-27 16:26:42,TB,in,0.129,Q1 7:14,-10.0,13317,Ted Hurst,WR,6.1,0.0,5.87,5.87,5.31,5.31,0.0,1.0,5.87,,0.0,0
2026-09-27 16:26:42,SF,in,0.111,Q1 8:20,7.0,12467,Jordan James,RB,1.9,0.0,1.52,1.52,1.69,1.69,0.0,1.0,1.52,,0.0,0
2026-09-27 16:26:42,MIN,in,0.129,Q1 7:14,10.0,11565,J.J. McCarthy,QB,0.5,0.0,0.35,0.35,0.44,0.44,0.0,1.0,0.35,,0.0,0
2026-09-27 16:26:42,LV,in,0.01,Q1 15:00,0,1166,Kirk Cousins,QB,14.4,0.0,14.14,14.14,14.26,14.26,0.0,1.0,14.14,,0.0,0
2026-09-27 16:26:42,SF,in,0.111,Q1 8:20,7.0,7527,Mac Jones,QB,0.5,0.0,0.38,0.38,0.44,0.44,0.0,1.0,0.38,,0.0,0
2026-09-27 16:26:42,LV,in,0.01,Q1 15:00,0,12483,Jack Bech,WR,4.5,0.0,4.27,4.27,4.46,4.46,0.0,1.0,4.27,,0.0,0
2026-09-27 16:26:42,NO,in,0.01,Q1 15:00,0,13420,Bryce Lance,WR,3.9,0.0,3.7,3.7,3.86,3.86,0.0,1.0,3.7,,0.0,0
2026-09-27 16:26:42,ARI,in,0.111,Q1 8:20,-7.0,4454,Kendrick Bourne,WR,6.0,0.0,5.66,5.66,5.33,5.33,0.0,1.0,5.66,,0.0,0
2026-09-27 16:26:42,LV,in,0.01,Q1 15:00,0,9482,Michael Mayer,TE,6.7,0.0,6.36,6.36,6.63,6.63,0.0,1.0,6.36,,0.0,0
2026-09-27 16:26:42,MIN,in,0.129,Q1 7:14,10.0,5973,Josh Oliver,TE,3.5,0.0,2.48,2.48,3.05,3.05,0.0,1.0,2.48,,0.0,0
2026-09-27 16:26:42,BAL,in,0.01,Q1 14:56,0,11629,Devontez Walker,WR,4.4,0.0,4.18,4.18,4.36,4.36,0.0,1.0,4.18,,0.0,0
2026-09-27 16:26:42,DAL,in,0.01,Q1 14:56,0,8917,KaVontae Turpin,WR,3.5,0.0,3.32,3.32,3.46,3.46,0.0,1.0,3.32,,0.0,0
2026-09-27 16:26:42,NO,in,0.01,Q1 15:00,0,13319,Oscar Delp,TE,1.0,0.0,0.95,0.95,0.99,0.99,0.0,1.0,0.95,,0.0,0
2026-09-27 16:26:42,NO,in,0.01,Q1 15:00,0,5857,Noah Fant,TE,3.5,0.0,3.32,3.32,3.46,3.46,0.0,1.0,3.32,,0.0,0
2026-09-27 16:26:42,ARI,in,0.111,Q1 8:20,-7.0,6011,Gardner Minshew,QB,0.5,0.0,0.5,0.5,0.44,0.44,0.0,1.0,0.5,,0.0,0
2026-09-27 16:26:42,BAL,in,0.01,Q1 14:56,0,11570,Rasheen Ali,RB,0.8,0.0,0.75,0.75,0.79,0.79,0.0,1.0,0.75,,0.0,0
2026-09-27 16:26:42,SF,in,0.111,Q1 8:20,7.0,13414,Kaelon Black,RB,5.2,0.0,4.16,4.16,4.62,4.62,0.0,1.0,4.16,,0.0,0
2026-09-27 16:26:42,ARI,in,0.111,Q1 8:20,-7.0,10231,Elijah Higgins,TE,2.4,1.4,2.48,3.88,3.53,3.53,0.0,1.0,3.88,,0.0,0
2026-09-27 16:26:42,DAL,in,0.01,Q1 14:56,0,10871,Luke Schoonmaker,TE,1.6,0.0,1.52,1.52,1.58,1.58,0.0,1.0,1.52,,0.0,0
2026-09-27 16:26:42,NO,in,0.01,Q1 15:00,0,9757,Kendre Miller,RB,1.8,0.0,1.68,1.68,1.78,1.78,0.0,1.0,1.68,,0.0,0
2026-09-27 16:26:42,DAL,in,0.01,Q1 14:56,0,11533,Brandon Aubrey,K,8.9,0.0,8.81,8.81,8.81,8.81,0.0,1.0,8.81,,0.0,0
2026-09-27 16:26:42,MIN,in,0.129,Q1 7:14,10.0,11792,Will Reichard,K,8.2,6.0,7.14,13.14,13.14,13.14,0.0,1.0,13.14,,0.0,0
2026-09-27 16:26:42,TB,in,0.129,Q1 7:14,-10.0,6650,Chase McLaughlin,K,7.4,0.0,6.44,6.44,6.44,6.44,0.0,1.0,6.44,,0.0,0
2026-09-27 16:26:42,BAL,in,0.01,Q1 14:56,0,12711,Tyler Loop,K,9.4,0.0,9.31,9.31,9.31,9.31,0.0,1.0,9.31,,0.0,0
2026-09-27 16:26:42,SF,in,0.111,Q1 8:20,7.0,5189,Eddy Pineiro,K,9.6,1.0,8.53,9.53,9.53,9.53,0.0,1.0,9.53,,0.0,0
2026-09-27 16:26:42,ARI,in,0.111,Q1 8:20,-7.0,10955,Chad Ryland,K,6.3,0.0,5.6,5.6,5.6,5.6,0.0,1.0,5.6,,0.0,0
2026-09-27 16:26:42,NO,in,0.01,Q1 15:00,0,5095,Daniel Carlson,K,7.5,0.0,7.42,7.42,7.42,7.42,0.0,1.0,7.42,,0.0,0
2026-09-27 16:26:42,LV,in,0.01,Q1 15:00,0,6083,Matt Gay,K,7.1,0.0,7.03,7.03,7.03,7.03,0.0,1.0,7.03,,0.0,0
2026-09-27 16:26:42,MIN,in,0.129,Q1 7:14,10.0,MIN,Minnesota Vikings D/ST,DST,7.1,16.0,-4.87,11.13,22.18,22.18,0.0,1.0,11.13,,0.0,0
2026-09-27 16:26:42,BAL,in,0.01,Q1 14:56,0,BAL,Baltimore Ravens D/ST,DST,5.0,10.0,-4.21,5.79,14.95,14.95,0.0,1.0,5.79,,0.0,0
2026-09-27 16:26:42,SF,in,0.111,Q1 8:20,7.0,SF,San Francisco 49ers D/ST,DST,7.1,10.0,-2.3,7.7,16.31,16.31,0.0,1.0,7.7,,0.0,0
2026-09-27 16:26:42,NO,in,0.01,Q1 15:00,0,NO,New Orleans Saints D/ST,DST,7.3,10.0,-3.39,6.61,17.23,17.23,0.0,1.0,6.61,,0.0,0
2026-09-27 16:26:42,TB,in,0.129,Q1 7:14,-10.0,TB,Tampa Bay Buccaneers D/ST,DST,6.4,4.0,0.15,4.15,9.57,9.57,0.0,1.0,4.15,,0.0,0
2026-09-27 16:26:42,DAL,in,0.01,Q1 14:56,0,DAL,Dallas Cowboys D/ST,DST,3.7,10.0,-4.68,5.32,13.66,13.66,0.0,1.0,5.32,,0.0,0
2026-09-27 16:26:42,LV,in,0.01,Q1 15:00,0,LV,Las Vegas Raiders D/ST,DST,5.8,10.0,-3.92,6.08,15.74,15.74,0.0,1.0,6.08,,0.0,0
2026-09-27 16:26:42,ARI,in,0.111,Q1 8:20,-7.0,ARI,Arizona Cardinals D/ST,DST,3.8,4.0,-0.46,3.54,7.38,7.38,0.0,1.0,3.54,,0.0,0
2026-09-27 16:26:42,ARI,in,0.111,Q1 8:20,-7.0,13272,Carson Beck,QB,1.7,0.0,1.69,1.69,1.51,1.51,0.0,1.0,1.69,,0.0,0
2026-09-27 16:26:42,LV,in,0.01,Q1 15:00,0,13329,Malik Benson,WR,2.1,0.0,1.99,1.99,2.08,2.08,0.0,1.0,1.99,,0.0,0
2026-09-27 16:26:42,TB,in,0.129,Q1 7:14,-10.0,13425,Jalon Daniels,QB,0.4,0.0,0.41,0.41,0.35,0.35,0.0,1.0,0.41,,0.0,0
2026-09-27 16:26:42,BAL,in,0.01,Q1 14:56,0,5008,Durham Smythe,TE,2.2,0.0,2.09,2.09,2.18,2.18,0.0,1.0,2.09,,0.0,0
2026-09-27 16:27:43,SF,in,0.122,Q1 7:41,7.0,4034,Christian McCaffrey,RB,21.8,0.3,17.23,17.53,19.44,19.44,0.011,1.0,17.53,,0.0,0
2026-09-27 16:27:43,DAL,in,0.011,Q1 14:21,0,6786,CeeDee Lamb,WR,19.1,0.0,18.11,18.11,18.89,18.89,0.011,1.0,18.11,,0.0,0
2026-09-27 16:27:43,MIN,in,0.138,Q1 6:44,3.0,6794,Justin Jefferson,WR,17.2,5.2,14.33,19.53,20.03,20.03,0.008,1.0,19.53,,0.0,0
2026-09-27 16:27:43,LV,in,0.012,Q1 14:18,0,12527,Ashton Jeanty,RB,18.5,0.0,17.21,17.21,18.28,18.28,0.012,1.0,17.21,,0.0,0
2026-09-27 16:27:43,ARI,in,0.122,Q1 7:41,-7.0,13287,Jeremiyah Love,RB,13.5,3.2,12.48,15.68,15.05,15.05,0.0,1.0,15.68,,0.0,0
2026-09-27 16:27:43,ARI,in,0.122,Q1 7:41,-7.0,8130,Trey McBride,TE,17.1,0.0,15.95,15.95,15.01,15.01,0.011,1.0,15.95,,0.0,0
2026-09-27 16:27:43,BAL,in,0.011,Q1 14:21,0,3198,Derrick Henry,RB,19.9,0.6,18.71,19.31,20.28,20.28,0.0,1.0,19.31,,0.0,0
2026-09-27 16:27:43,LV,in,0.012,Q1 14:18,0,11604,Brock Bowers,TE,13.9,0.0,13.17,13.17,13.74,13.74,0.012,1.0,13.17,,0.0,0
2026-09-27 16:27:43,DAL,in,0.011,Q1 14:21,0,8137,George Pickens,WR,14.4,0.0,13.66,13.66,14.24,14.24,0.011,1.0,13.66,,0.0,0
2026-09-27 16:27:43,NO,in,0.012,Q1 14:18,0,8144,Chris Olave,WR,17.5,0.0,16.58,16.58,17.3,17.3,0.012,1.0,16.58,,0.0,0
2026-09-27 16:27:43,NO,in,0.012,Q1 14:18,0,7543,Travis Etienne,RB,12.0,0.2,11.22,11.42,12.06,12.06,0.0,1.0,11.42,,0.0,0
2026-09-27 16:27:43,TB,in,0.138,Q1 6:44,-3.0,11584,Bucky Irving,RB,13.1,1.8,11.23,13.03,13.1,13.1,0.008,1.0,13.03,,0.0,0
2026-09-27 16:27:43,TB,in,0.138,Q1 6:44,-3.0,12514,Emeka Egbuka,WR,13.7,0.0,11.86,11.86,11.81,11.81,0.008,1.0,11.86,,0.0,0
2026-09-27 16:27:43,DAL,in,0.011,Q1 14:21,0,7588,Javonte Williams,RB,16.5,0.0,15.36,15.36,16.32,16.32,0.011,1.0,15.36,,0.0,0
2026-09-27 16:27:43,BAL,in,0.011,Q1 14:21,0,9997,Zay Flowers,WR,11.5,0.0,10.91,10.91,11.38,11.38,0.011,1.0,10.91,,0.0,0
2026-09-27 16:27:43,BAL,in,0.011,Q1 14:21,0,4881,Lamar Jackson,QB,22.7,0.0,22.27,22.27,22.45,22.45,0.011,1.0,22.27,,0.0,0
2026-09-27 16:27:43,SF,in,0.122,Q1 7:41,7.0,2216,Mike Evans,WR,9.6,1.2,7.4,8.6,9.63,9.63,0.011,1.0,8.6,,0.0,0
2026-09-27 16:27:43,ARI,in,0.122,Q1 7:41,-7.0,11628,Marvin Harrison Jr.,WR,8.2,0.0,7.65,7.65,7.2,7.2,0.011,1.0,7.65,,0.0,0
2026-09-27 16:27:43,ARI,in,0.122,Q1 7:41,-7.0,10232,Michael Wilson,WR,10.8,1.5,10.3,11.8,10.98,10.98,0.011,1.0,11.8,,0.0,0
2026-09-27 16:27:43,DAL,in,0.011,Q1 14:21,0,3294,Dak Prescott,QB,19.2,0.0,18.84,18.84,18.99,18.99,0.011,1.0,18.84,,0.0,0
2026-09-27 16:27:43,ARI,in,0.122,Q1 7:41,-7.0,8132,Tyler Allgeier,RB,7.4,3.0,7.2,10.2,9.5,9.5,0.011,1.0,10.2,,0.0,0
2026-09-27 16:27:43,MIN,in,0.138,Q1 6:44,3.0,9756,Jordan Addison,WR,8.7,0.0,6.87,6.87,7.5,7.5,0.008,1.0,6.87,,0.0,0
2026-09-27 16:27:43,SF,in,0.122,Q1 7:41,7.0,8183,Brock Purdy,QB,20.2,3.28,16.1,19.38,21.02,21.02,0.011,1.0,19.38,,0.0,0
2026-09-27 16:27:43,TB,in,0.138,Q1 6:44,-3.0,4037,Chris Godwin,WR,9.3,0.0,8.05,8.05,8.02,8.02,0.008,1.0,8.05,,0.0,0
2026-09-27 16:27:43,MIN,in,0.138,Q1 6:44,3.0,5849,Kyler Murray,QB,16.2,1.28,13.35,14.63,15.25,15.25,0.008,1.0,14.63,,0.0,0
2026-09-27 16:27:43,TB,in,0.138,Q1 6:44,-3.0,4892,Baker Mayfield,QB,16.6,6.16,16.36,22.52,20.47,20.47,0.0,1.0,22.52,,0.0,0
2026-09-27 16:27:43,TB,in,0.138,Q1 6:44,-3.0,7567,Kenneth Gainwell,RB,7.5,0.0,6.14,6.14,6.47,6.47,0.008,1.0,6.14,,0.0,0
2026-09-27 16:27:43,NO,in,0.012,Q1 14:18,0,12545,Tyler Shough,QB,19.8,0.0,19.41,19.41,19.57,19.57,0.012,1.0,19.41,,0.0,0
2026-09-27 16:27:43,SF,in,0.122,Q1 7:41,7.0,4217,George Kittle,TE,12.4,0.0,9.33,9.33,10.89,10.89,0.011,1.0,9.33,,0.0,0
2026-09-27 16:27:43,DAL,in,0.011,Q1 14:21,0,8110,Jake Ferguson,TE,9.2,0.0,8.72,8.72,9.1,9.1,0.011,1.0,8.72,,0.0,0
2026-09-27 16:27:43,MIN,in,0.138,Q1 6:44,3.0,7049,Jauan Jennings,WR,5.0,0.0,3.95,3.95,4.31,4.31,0.008,1.0,3.95,,0.0,0
2026-09-27 16:27:43,LV,in,0.012,Q1 14:18,0,13305,Mike Washington Jr.,RB,3.4,0.0,3.16,3.16,3.36,3.36,0.012,1.0,3.16,,0.0,0
2026-09-27 16:27:43,TB,in,0.138,Q1 6:44,-3.0,11618,Jalen McMillan,WR,5.6,0.0,4.85,4.85,4.83,4.83,0.008,1.0,4.85,,0.0,0
2026-09-27 16:27:43,MIN,in,0.138,Q1 6:44,3.0,4199,Aaron Jones,RB,13.0,1.8,10.75,12.55,13.01,13.01,0.008,1.0,12.55,,0.0,0
2026-09-27 16:27:43,BAL,in,0.011,Q1 14:21,0,5012,Mark Andrews,TE,13.2,0.0,12.52,12.52,13.06,13.06,0.011,1.0,12.52,,0.0,0
2026-09-27 16:27:43,SF,in,0.122,Q1 7:41,7.0,5872,Deebo Samuel,WR,11.8,14.0,10.96,24.96,24.36,24.36,0.011,1.0,24.96,,0.0,0
2026-09-27 16:27:43,NO,in,0.012,Q1 14:18,0,7002,Juwan Johnson,TE,9.6,0.0,9.1,9.1,9.49,9.49,0.012,1.0,9.1,,0.0,0
2026-09-27 16:27:43,ARI,in,0.122,Q1 7:41,-7.0,3257,Jacoby Brissett,QB,14.6,0.76,14.48,15.24,13.58,13.58,0.011,1.0,15.24,,0.0,0
2026-09-27 16:27:43,MIN,in,0.138,Q1 6:44,3.0,5844,T.J. Hockenson,TE,9.1,0.0,7.19,7.19,7.85,7.85,0.008,1.0,7.19,,0.0,0
2026-09-27 16:27:43,LV,in,0.012,Q1 14:18,0,8180,Jalen Nailor,WR,7.2,0.0,6.82,6.82,7.12,7.12,0.012,1.0,6.82,,0.0,0
2026-09-27 16:27:43,TB,in,0.138,Q1 6:44,-3.0,9506,Sean Tucker,RB,1.8,0.0,1.47,1.47,1.55,1.55,0.008,1.0,1.47,,0.0,0
2026-09-27 16:27:43,NO,in,0.012,Q1 14:18,0,4035,Alvin Kamara,RB,8.6,0.0,8.0,8.0,8.5,8.5,0.012,1.0,8.0,,0.0,0
2026-09-27 16:27:43,LV,in,0.012,Q1 14:18,0,10213,Tre Tucker,WR,10.5,0.0,9.95,9.95,10.38,10.38,0.012,1.0,9.95,,0.0,0
2026-09-27 16:27:43,TB,in,0.138,Q1 6:44,-3.0,8111,Cade Otton,TE,7.7,2.4,7.01,9.41,9.04,9.04,0.008,1.0,9.41,,0.0,0
2026-09-27 16:27:43,BAL,in,0.011,Q1 14:21,0,13268,Elijah Sarratt,WR,1.4,0.0,1.33,1.33,1.38,1.38,0.011,1.0,1.33,,0.0,0
2026-09-27 16:27:43,DAL,in,0.011,Q1 14:21,0,11783,Ryan Flournoy,WR,7.7,0.0,7.3,7.3,7.62,7.62,0.011,1.0,7.3,,0.0,0
2026-09-27 16:27:43,NO,in,0.012,Q1 14:18,0,11834,Devaughn Vele,WR,11.8,0.0,11.18,11.18,11.66,11.66,0.012,1.0,11.18,,0.0,0
2026-09-27 16:27:43,MIN,in,0.138,Q1 6:44,3.0,13347,Demond Claiborne,RB,1.2,0.0,0.95,0.95,1.03,1.03,0.008,1.0,0.95,,0.0,0
2026-09-27 16:27:43,TB,in,0.138,Q1 6:44,-3.0,12485,Tez Johnson,WR,2.1,0.0,1.82,1.82,1.81,1.81,0.008,1.0,1.82,,0.0,0
2026-09-27 16:27:43,BAL,in,0.011,Q1 14:21,0,5995,Justice Hill,RB,7.5,0.0,6.98,6.98,7.42,7.42,0.011,1.0,6.98,,0.0,0
2026-09-27 16:27:43,BAL,in,0.011,Q1 14:21,0,7571,Rashod Bateman,WR,11.5,0.0,10.91,10.91,11.38,11.38,0.011,1.0,10.91,,0.0,0
2026-09-27 16:27:43,DAL,in,0.011,Q1 14:21,0,11199,Emari Demercado,RB,2.1,0.0,1.95,1.95,2.08,2.08,0.011,1.0,1.95,,0.0,0
2026-09-27 16:27:43,TB,in,0.138,Q1 6:44,-3.0,13317,Ted Hurst,WR,6.1,11.0,6.87,17.87,16.26,16.26,0.0,1.0,17.87,,0.0,0
2026-09-27 16:27:43,SF,in,0.122,Q1 7:41,7.0,12467,Jordan James,RB,1.9,0.0,1.49,1.49,1.67,1.67,0.011,1.0,1.49,,0.0,0
2026-09-27 16:27:43,MIN,in,0.138,Q1 6:44,3.0,11565,J.J. McCarthy,QB,0.5,0.0,0.4,0.4,0.43,0.43,0.008,1.0,0.4,,0.0,0
2026-09-27 16:27:43,LV,in,0.012,Q1 14:18,0,1166,Kirk Cousins,QB,14.4,0.0,14.12,14.12,14.23,14.23,0.012,1.0,14.12,,0.0,0
2026-09-27 16:27:43,SF,in,0.122,Q1 7:41,7.0,7527,Mac Jones,QB,0.5,0.0,0.38,0.38,0.44,0.44,0.011,1.0,0.38,,0.0,0
2026-09-27 16:27:43,LV,in,0.012,Q1 14:18,0,12483,Jack Bech,WR,4.5,0.0,4.26,4.26,4.45,4.45,0.012,1.0,4.26,,0.0,0
2026-09-27 16:27:43,NO,in,0.012,Q1 14:18,0,13420,Bryce Lance,WR,3.9,0.0,3.7,3.7,3.85,3.85,0.012,1.0,3.7,,0.0,0
2026-09-27 16:27:43,ARI,in,0.122,Q1 7:41,-7.0,4454,Kendrick Bourne,WR,6.0,0.0,5.6,5.6,5.27,5.27,0.011,1.0,5.6,,0.0,0
2026-09-27 16:27:43,LV,in,0.012,Q1 14:18,0,9482,Michael Mayer,TE,6.7,0.0,6.35,6.35,6.62,6.62,0.012,1.0,6.35,,0.0,0
2026-09-27 16:27:43,MIN,in,0.138,Q1 6:44,3.0,5973,Josh Oliver,TE,3.5,0.0,2.76,2.76,3.02,3.02,0.008,1.0,2.76,,0.0,0
2026-09-27 16:27:43,BAL,in,0.011,Q1 14:21,0,11629,Devontez Walker,WR,4.4,0.0,4.17,4.17,4.35,4.35,0.011,1.0,4.17,,0.0,0
2026-09-27 16:27:43,DAL,in,0.011,Q1 14:21,0,8917,KaVontae Turpin,WR,3.5,0.0,3.32,3.32,3.46,3.46,0.011,1.0,3.32,,0.0,0
2026-09-27 16:27:43,NO,in,0.012,Q1 14:18,0,13319,Oscar Delp,TE,1.0,0.0,0.95,0.95,0.99,0.99,0.012,1.0,0.95,,0.0,0
2026-09-27 16:27:43,NO,in,0.012,Q1 14:18,0,5857,Noah Fant,TE,3.5,0.0,3.32,3.32,3.46,3.46,0.012,1.0,3.32,,0.0,0
2026-09-27 16:27:43,ARI,in,0.122,Q1 7:41,-7.0,6011,Gardner Minshew,QB,0.5,0.0,0.49,0.49,0.44,0.44,0.011,1.0,0.49,,0.0,0
2026-09-27 16:27:43,BAL,in,0.011,Q1 14:21,0,11570,Rasheen Ali,RB,0.8,0.0,0.74,0.74,0.79,0.79,0.011,1.0,0.74,,0.0,0
2026-09-27 16:27:43,SF,in,0.122,Q1 7:41,7.0,13414,Kaelon Black,RB,5.2,0.0,4.09,4.09,4.57,4.57,0.011,1.0,4.09,,0.0,0
2026-09-27 16:27:43,ARI,in,0.122,Q1 7:41,-7.0,10231,Elijah Higgins,TE,2.4,1.4,2.45,3.85,3.51,3.51,0.011,1.0,3.85,,0.0,0
2026-09-27 16:27:43,DAL,in,0.011,Q1 14:21,0,10871,Luke Schoonmaker,TE,1.6,0.0,1.52,1.52,1.58,1.58,0.011,1.0,1.52,,0.0,0
2026-09-27 16:27:43,NO,in,0.012,Q1 14:18,0,9757,Kendre Miller,RB,1.8,0.0,1.67,1.67,1.78,1.78,0.012,1.0,1.67,,0.0,0
2026-09-27 16:27:43,DAL,in,0.011,Q1 14:21,0,11533,Brandon Aubrey,K,8.9,0.0,8.8,8.8,8.8,8.8,0.011,1.0,8.8,,0.0,0
2026-09-27 16:27:43,MIN,in,0.138,Q1 6:44,3.0,11792,Will Reichard,K,8.2,6.0,7.07,13.07,13.07,13.07,0.008,1.0,13.07,,0.0,0
2026-09-27 16:27:43,TB,in,0.138,Q1 6:44,-3.0,6650,Chase McLaughlin,K,7.4,1.0,6.38,7.38,7.38,7.38,0.0,1.0,7.38,,0.0,0
2026-09-27 16:27:43,BAL,in,0.011,Q1 14:21,0,12711,Tyler Loop,K,9.4,0.0,9.3,9.3,9.3,9.3,0.011,1.0,9.3,,0.0,0
2026-09-27 16:27:43,SF,in,0.122,Q1 7:41,7.0,5189,Eddy Pineiro,K,9.6,1.0,8.43,9.43,9.43,9.43,0.011,1.0,9.43,,0.0,0
2026-09-27 16:27:43,ARI,in,0.122,Q1 7:41,-7.0,10955,Chad Ryland,K,6.3,0.0,5.53,5.53,5.53,5.53,0.011,1.0,5.53,,0.0,0
2026-09-27 16:27:43,NO,in,0.012,Q1 14:18,0,5095,Daniel Carlson,K,7.5,0.0,7.41,7.41,7.41,7.41,0.012,1.0,7.41,,0.0,0
2026-09-27 16:27:43,LV,in,0.012,Q1 14:18,0,6083,Matt Gay,K,7.1,0.0,7.02,7.02,7.02,7.02,0.012,1.0,7.02,,0.0,0
2026-09-27 16:27:43,MIN,in,0.138,Q1 6:44,3.0,MIN,Minnesota Vikings D/ST,DST,7.1,10.0,-1.74,8.26,16.12,16.12,0.0,1.0,8.26,,0.0,0
2026-09-27 16:27:43,BAL,in,0.011,Q1 14:21,0,BAL,Baltimore Ravens D/ST,DST,5.0,10.0,-4.21,5.79,14.95,14.95,0.011,1.0,5.79,,0.0,0
2026-09-27 16:27:43,SF,in,0.122,Q1 7:41,7.0,SF,San Francisco 49ers D/ST,DST,7.1,10.0,-2.23,7.77,16.23,16.23,0.011,1.0,7.77,,0.0,0
2026-09-27 16:27:43,NO,in,0.012,Q1 14:18,0,NO,New Orleans Saints D/ST,DST,7.3,10.0,-3.38,6.62,17.21,17.21,0.012,1.0,6.62,,0.0,0
2026-09-27 16:27:43,TB,in,0.138,Q1 6:44,-3.0,TB,Tampa Bay Buccaneers D/ST,DST,6.4,4.0,0.77,4.77,9.52,9.52,0.008,1.0,4.77,,0.0,0
2026-09-27 16:27:43,DAL,in,0.011,Q1 14:21,0,DAL,Dallas Cowboys D/ST,DST,3.7,10.0,-4.67,5.33,13.66,13.66,0.011,1.0,5.33,,0.0,0
2026-09-27 16:27:43,LV,in,0.012,Q1 14:18,0,LV,Las Vegas Raiders D/ST,DST,5.8,10.0,-3.92,6.08,15.73,15.73,0.012,1.0,6.08,,0.0,0
2026-09-27 16:27:43,ARI,in,0.122,Q1 7:41,-7.0,ARI,Arizona Cardinals D/ST,DST,3.8,4.0,-0.44,3.56,7.34,7.34,0.011,1.0,3.56,,0.0,0
2026-09-27 16:27:43,ARI,in,0.122,Q1 7:41,-7.0,13272,Carson Beck,QB,1.7,0.0,1.66,1.66,1.49,1.49,0.011,1.0,1.66,,0.0,0
2026-09-27 16:27:43,LV,in,0.012,Q1 14:18,0,13329,Malik Benson,WR,2.1,0.0,1.99,1.99,2.08,2.08,0.012,1.0,1.99,,0.0,0
2026-09-27 16:27:43,TB,in,0.138,Q1 6:44,-3.0,13425,Jalon Daniels,QB,0.4,0.0,0.36,0.36,0.34,0.34,0.008,1.0,0.36,,0.0,0
2026-09-27 16:27:43,BAL,in,0.011,Q1 14:21,0,5008,Durham Smythe,TE,2.2,0.0,2.09,2.09,2.18,2.18,0.011,1.0,2.09,,0.0,0
2026-09-27 16:28:44,SF,in,0.143,Q1 6:26,7.0,4034,Christian McCaffrey,RB,21.8,0.3,16.68,16.98,18.99,18.99,0.032,1.0,16.98,,0.0,0
2026-09-27 16:28:44,DAL,in,0.021,Q1 13:43,0,6786,CeeDee Lamb,WR,19.1,0.0,17.92,17.92,18.69,18.69,0.021,1.0,17.92,,0.0,0
2026-09-27 16:28:44,MIN,in,0.138,Q1 6:44,3.0,6794,Justin Jefferson,WR,17.2,5.2,14.33,19.53,20.03,20.03,0.008,1.0,19.53,,0.0,0
2026-09-27 16:28:44,LV,in,0.015,Q1 14:07,0,12527,Ashton Jeanty,RB,18.5,0.0,17.15,17.15,18.23,18.23,0.015,1.0,17.15,,0.0,0
2026-09-27 16:28:44,ARI,in,0.143,Q1 6:26,-7.0,13287,Jeremiyah Love,RB,13.5,3.9,12.35,16.25,15.47,15.47,0.0,1.0,16.25,,0.0,0
2026-09-27 16:28:44,ARI,in,0.143,Q1 6:26,-7.0,8130,Trey McBride,TE,17.1,0.0,15.57,15.57,14.66,14.66,0.032,1.0,15.57,,0.0,0
2026-09-27 16:28:44,BAL,in,0.021,Q1 13:43,0,3198,Derrick Henry,RB,19.9,0.6,18.51,19.11,20.07,20.07,0.011,1.0,19.11,,0.0,0
2026-09-27 16:28:44,LV,in,0.015,Q1 14:07,0,11604,Brock Bowers,TE,13.9,0.0,13.13,13.13,13.7,13.7,0.015,1.0,13.13,,0.0,0
2026-09-27 16:28:44,DAL,in,0.021,Q1 13:43,0,8137,George Pickens,WR,14.4,0.0,13.51,13.51,14.09,14.09,0.021,1.0,13.51,,0.0,0
2026-09-27 16:28:44,NO,in,0.015,Q1 14:07,0,8144,Chris Olave,WR,17.5,0.0,16.53,16.53,17.24,17.24,0.015,1.0,16.53,,0.0,0
2026-09-27 16:28:44,NO,in,0.015,Q1 14:07,0,7543,Travis Etienne,RB,12.0,0.2,11.19,11.39,12.02,12.02,0.003,1.0,11.39,,0.0,0
2026-09-27 16:28:44,TB,in,0.138,Q1 6:44,-3.0,11584,Bucky Irving,RB,13.1,1.7,11.2,12.9,13.0,13.0,0.0,1.0,12.9,,0.0,0
2026-09-27 16:28:44,TB,in,0.138,Q1 6:44,-3.0,12514,Emeka Egbuka,WR,13.7,0.0,11.86,11.86,11.81,11.81,0.008,1.0,11.86,,0.0,0
2026-09-27 16:28:44,DAL,in,0.021,Q1 13:43,0,7588,Javonte Williams,RB,16.5,0.0,15.19,15.19,16.15,16.15,0.021,1.0,15.19,,0.0,0
2026-09-27 16:28:44,BAL,in,0.021,Q1 13:43,0,9997,Zay Flowers,WR,11.5,0.0,10.79,10.79,11.25,11.25,0.021,1.0,10.79,,0.0,0
2026-09-27 16:28:44,BAL,in,0.021,Q1 13:43,0,4881,Lamar Jackson,QB,22.7,0.0,22.03,22.03,22.21,22.21,0.021,1.0,22.03,,0.0,0
2026-09-27 16:28:44,SF,in,0.143,Q1 6:26,7.0,2216,Mike Evans,WR,9.6,1.2,7.23,8.43,9.43,9.43,0.032,1.0,8.43,,0.0,0
2026-09-27 16:28:44,ARI,in,0.143,Q1 6:26,-7.0,11628,Marvin Harrison Jr.,WR,8.2,0.0,7.47,7.47,7.03,7.03,0.032,1.0,7.47,,0.0,0
2026-09-27 16:28:44,ARI,in,0.143,Q1 6:26,-7.0,10232,Michael Wilson,WR,10.8,1.5,10.05,11.55,10.76,10.76,0.032,1.0,11.55,,0.0,0
2026-09-27 16:28:44,DAL,in,0.021,Q1 13:43,0,3294,Dak Prescott,QB,19.2,0.0,18.64,18.64,18.79,18.79,0.021,1.0,18.64,,0.0,0
2026-09-27 16:28:44,ARI,in,0.143,Q1 6:26,-7.0,8132,Tyler Allgeier,RB,7.4,3.0,7.02,10.02,9.34,9.34,0.032,1.0,10.02,,0.0,0
2026-09-27 16:28:44,MIN,in,0.138,Q1 6:44,3.0,9756,Jordan Addison,WR,8.7,0.0,6.87,6.87,7.5,7.5,0.008,1.0,6.87,,0.0,0
2026-09-27 16:28:44,SF,in,0.143,Q1 6:26,7.0,8183,Brock Purdy,QB,20.2,3.28,15.7,18.98,20.6,20.6,0.032,1.0,18.98,,0.0,0
2026-09-27 16:28:44,TB,in,0.138,Q1 6:44,-3.0,4037,Chris Godwin,WR,9.3,0.0,8.05,8.05,8.02,8.02,0.008,1.0,8.05,,0.0,0
2026-09-27 16:28:44,MIN,in,0.138,Q1 6:44,3.0,5849,Kyler Murray,QB,16.2,1.28,13.35,14.63,15.25,15.25,0.008,1.0,14.63,,0.0,0
2026-09-27 16:28:44,TB,in,0.138,Q1 6:44,-3.0,4892,Baker Mayfield,QB,16.6,6.16,16.36,22.52,20.47,20.47,0.0,1.0,22.52,,0.0,0
2026-09-27 16:28:44,TB,in,0.138,Q1 6:44,-3.0,7567,Kenneth Gainwell,RB,7.5,0.0,6.14,6.14,6.47,6.47,0.008,1.0,6.14,,0.0,0
2026-09-27 16:28:44,NO,in,0.015,Q1 14:07,0,12545,Tyler Shough,QB,19.8,0.0,19.35,19.35,19.51,19.51,0.015,1.0,19.35,,0.0,0
2026-09-27 16:28:44,SF,in,0.143,Q1 6:26,7.0,4217,George Kittle,TE,12.4,0.0,9.12,9.12,10.63,10.63,0.032,1.0,9.12,,0.0,0
2026-09-27 16:28:44,DAL,in,0.021,Q1 13:43,0,8110,Jake Ferguson,TE,9.2,0.0,8.63,8.63,9.0,9.0,0.021,1.0,8.63,,0.0,0
2026-09-27 16:28:44,MIN,in,0.138,Q1 6:44,3.0,7049,Jauan Jennings,WR,5.0,0.0,3.95,3.95,4.31,4.31,0.008,1.0,3.95,,0.0,0
2026-09-27 16:28:44,LV,in,0.015,Q1 14:07,0,13305,Mike Washington Jr.,RB,3.4,0.0,3.15,3.15,3.35,3.35,0.015,1.0,3.15,,0.0,0
2026-09-27 16:28:44,TB,in,0.138,Q1 6:44,-3.0,11618,Jalen McMillan,WR,5.6,0.0,4.85,4.85,4.83,4.83,0.008,1.0,4.85,,0.0,0
2026-09-27 16:28:44,MIN,in,0.138,Q1 6:44,3.0,4199,Aaron Jones,RB,13.0,1.8,10.75,12.55,13.01,13.01,0.008,1.0,12.55,,0.0,0
2026-09-27 16:28:44,BAL,in,0.021,Q1 13:43,0,5012,Mark Andrews,TE,13.2,0.0,12.38,12.38,12.92,12.92,0.021,1.0,12.38,,0.0,0
2026-09-27 16:28:44,SF,in,0.143,Q1 6:26,7.0,5872,Deebo Samuel,WR,11.8,14.0,10.68,24.68,24.12,24.12,0.032,1.0,24.68,,0.0,0
2026-09-27 16:28:44,NO,in,0.015,Q1 14:07,0,7002,Juwan Johnson,TE,9.6,0.0,9.07,9.07,9.46,9.46,0.015,1.0,9.07,,0.0,0
2026-09-27 16:28:44,ARI,in,0.143,Q1 6:26,-7.0,3257,Jacoby Brissett,QB,14.6,0.86,14.13,14.99,13.38,13.38,0.0,1.0,14.99,,0.0,0
2026-09-27 16:28:44,MIN,in,0.138,Q1 6:44,3.0,5844,T.J. Hockenson,TE,9.1,0.0,7.19,7.19,7.85,7.85,0.008,1.0,7.19,,0.0,0
2026-09-27 16:28:44,LV,in,0.015,Q1 14:07,0,8180,Jalen Nailor,WR,7.2,0.0,6.8,6.8,7.09,7.09,0.015,1.0,6.8,,0.0,0
2026-09-27 16:28:44,TB,in,0.138,Q1 6:44,-3.0,9506,Sean Tucker,RB,1.8,0.0,1.47,1.47,1.55,1.55,0.008,1.0,1.47,,0.0,0
2026-09-27 16:28:44,NO,in,0.015,Q1 14:07,0,4035,Alvin Kamara,RB,8.6,0.0,7.97,7.97,8.47,8.47,0.015,1.0,7.97,,0.0,0
2026-09-27 16:28:44,LV,in,0.015,Q1 14:07,0,10213,Tre Tucker,WR,10.5,0.0,9.92,9.92,10.35,10.35,0.015,1.0,9.92,,0.0,0
2026-09-27 16:28:44,TB,in,0.138,Q1 6:44,-3.0,8111,Cade Otton,TE,7.7,2.4,7.01,9.41,9.04,9.04,0.008,1.0,9.41,,0.0,0
2026-09-27 16:28:44,BAL,in,0.021,Q1 13:43,0,13268,Elijah Sarratt,WR,1.4,0.0,1.31,1.31,1.37,1.37,0.021,1.0,1.31,,0.0,0
2026-09-27 16:28:44,DAL,in,0.021,Q1 13:43,0,11783,Ryan Flournoy,WR,7.7,0.0,7.22,7.22,7.54,7.54,0.021,1.0,7.22,,0.0,0
2026-09-27 16:28:44,NO,in,0.015,Q1 14:07,0,11834,Devaughn Vele,WR,11.8,0.0,11.15,11.15,11.63,11.63,0.015,1.0,11.15,,0.0,0
2026-09-27 16:28:44,MIN,in,0.138,Q1 6:44,3.0,13347,Demond Claiborne,RB,1.2,0.0,0.95,0.95,1.03,1.03,0.008,1.0,0.95,,0.0,0
2026-09-27 16:28:44,TB,in,0.138,Q1 6:44,-3.0,12485,Tez Johnson,WR,2.1,0.0,1.82,1.82,1.81,1.81,0.008,1.0,1.82,,0.0,0
2026-09-27 16:28:44,BAL,in,0.021,Q1 13:43,0,5995,Justice Hill,RB,7.5,0.0,6.91,6.91,7.34,7.34,0.021,1.0,6.91,,0.0,0
2026-09-27 16:28:44,BAL,in,0.021,Q1 13:43,0,7571,Rashod Bateman,WR,11.5,0.0,10.79,10.79,11.25,11.25,0.021,1.0,10.79,,0.0,0
2026-09-27 16:28:44,DAL,in,0.021,Q1 13:43,0,11199,Emari Demercado,RB,2.1,0.0,1.93,1.93,2.06,2.06,0.021,1.0,1.93,,0.0,0
2026-09-27 16:28:44,TB,in,0.138,Q1 6:44,-3.0,13317,Ted Hurst,WR,6.1,11.0,6.87,17.87,16.26,16.26,0.0,1.0,17.87,,0.0,0
2026-09-27 16:28:44,SF,in,0.143,Q1 6:26,7.0,12467,Jordan James,RB,1.9,0.0,1.45,1.45,1.63,1.63,0.032,1.0,1.45,,0.0,0
2026-09-27 16:28:44,MIN,in,0.138,Q1 6:44,3.0,11565,J.J. McCarthy,QB,0.5,0.0,0.4,0.4,0.43,0.43,0.008,1.0,0.4,,0.0,0
2026-09-27 16:28:44,LV,in,0.015,Q1 14:07,0,1166,Kirk Cousins,QB,14.4,0.0,14.07,14.07,14.19,14.19,0.015,1.0,14.07,,0.0,0
2026-09-27 16:28:44,SF,in,0.143,Q1 6:26,7.0,7527,Mac Jones,QB,0.5,0.0,0.37,0.37,0.43,0.43,0.032,1.0,0.37,,0.0,0
2026-09-27 16:28:44,LV,in,0.015,Q1 14:07,0,12483,Jack Bech,WR,4.5,0.0,4.25,4.25,4.43,4.43,0.015,1.0,4.25,,0.0,0
2026-09-27 16:28:44,NO,in,0.015,Q1 14:07,0,13420,Bryce Lance,WR,3.9,0.0,3.68,3.68,3.84,3.84,0.015,1.0,3.68,,0.0,0
2026-09-27 16:28:44,ARI,in,0.143,Q1 6:26,-7.0,4454,Kendrick Bourne,WR,6.0,0.0,5.46,5.46,5.14,5.14,0.032,1.0,5.46,,0.0,0
2026-09-27 16:28:44,LV,in,0.015,Q1 14:07,0,9482,Michael Mayer,TE,6.7,0.0,6.33,6.33,6.6,6.6,0.015,1.0,6.33,,0.0,0
2026-09-27 16:28:44,MIN,in,0.138,Q1 6:44,3.0,5973,Josh Oliver,TE,3.5,0.0,2.76,2.76,3.02,3.02,0.008,1.0,2.76,,0.0,0
2026-09-27 16:28:44,BAL,in,0.021,Q1 13:43,0,11629,Devontez Walker,WR,4.4,0.0,4.13,4.13,4.31,4.31,0.021,1.0,4.13,,0.0,0
2026-09-27 16:28:44,DAL,in,0.021,Q1 13:43,0,8917,KaVontae Turpin,WR,3.5,0.0,3.28,3.28,3.43,3.43,0.021,1.0,3.28,,0.0,0
2026-09-27 16:28:44,NO,in,0.015,Q1 14:07,0,13319,Oscar Delp,TE,1.0,0.0,0.94,0.94,0.99,0.99,0.015,1.0,0.94,,0.0,0
2026-09-27 16:28:44,NO,in,0.015,Q1 14:07,0,5857,Noah Fant,TE,3.5,0.0,3.31,3.31,3.45,3.45,0.015,1.0,3.31,,0.0,0
2026-09-27 16:28:44,ARI,in,0.143,Q1 6:26,-7.0,6011,Gardner Minshew,QB,0.5,0.0,0.48,0.48,0.43,0.43,0.032,1.0,0.48,,0.0,0
2026-09-27 16:28:44,BAL,in,0.021,Q1 13:43,0,11570,Rasheen Ali,RB,0.8,0.0,0.74,0.74,0.78,0.78,0.021,1.0,0.74,,0.0,0
2026-09-27 16:28:44,SF,in,0.143,Q1 6:26,7.0,13414,Kaelon Black,RB,5.2,0.0,3.96,3.96,4.46,4.46,0.032,1.0,3.96,,0.0,0
2026-09-27 16:28:44,ARI,in,0.143,Q1 6:26,-7.0,10231,Elijah Higgins,TE,2.4,1.4,2.39,3.79,3.46,3.46,0.032,1.0,3.79,,0.0,0
2026-09-27 16:28:44,DAL,in,0.021,Q1 13:43,0,10871,Luke Schoonmaker,TE,1.6,0.0,1.5,1.5,1.57,1.57,0.021,1.0,1.5,,0.0,0
2026-09-27 16:28:44,NO,in,0.015,Q1 14:07,0,9757,Kendre Miller,RB,1.8,0.0,1.67,1.67,1.77,1.77,0.015,1.0,1.67,,0.0,0
2026-09-27 16:28:44,DAL,in,0.021,Q1 13:43,0,11533,Brandon Aubrey,K,8.9,0.0,8.71,8.71,8.71,8.71,0.021,1.0,8.71,,0.0,0
2026-09-27 16:28:44,MIN,in,0.138,Q1 6:44,3.0,11792,Will Reichard,K,8.2,6.0,7.07,13.07,13.07,13.07,0.008,1.0,13.07,,0.0,0
2026-09-27 16:28:44,TB,in,0.138,Q1 6:44,-3.0,6650,Chase McLaughlin,K,7.4,1.0,6.38,7.38,7.38,7.38,0.0,1.0,7.38,,0.0,0
2026-09-27 16:28:44,BAL,in,0.021,Q1 13:43,0,12711,Tyler Loop,K,9.4,0.0,9.2,9.2,9.2,9.2,0.021,1.0,9.2,,0.0,0
2026-09-27 16:28:44,SF,in,0.143,Q1 6:26,7.0,5189,Eddy Pineiro,K,9.6,1.0,8.23,9.23,9.23,9.23,0.032,1.0,9.23,,0.0,0
2026-09-27 16:28:44,ARI,in,0.143,Q1 6:26,-7.0,10955,Chad Ryland,K,6.3,0.0,5.4,5.4,5.4,5.4,0.032,1.0,5.4,,0.0,0
2026-09-27 16:28:44,NO,in,0.015,Q1 14:07,0,5095,Daniel Carlson,K,7.5,0.0,7.39,7.39,7.39,7.39,0.015,1.0,7.39,,0.0,0
2026-09-27 16:28:44,LV,in,0.015,Q1 14:07,0,6083,Matt Gay,K,7.1,0.0,7.0,7.0,7.0,7.0,0.015,1.0,7.0,,0.0,0
2026-09-27 16:28:44,MIN,in,0.138,Q1 6:44,3.0,MIN,Minnesota Vikings D/ST,DST,7.1,10.0,-1.74,8.26,16.12,16.12,0.0,1.0,8.26,,0.0,0
2026-09-27 16:28:44,BAL,in,0.021,Q1 13:43,0,BAL,Baltimore Ravens D/ST,DST,5.0,10.0,-4.16,5.84,14.89,14.89,0.021,1.0,5.84,,0.0,0
2026-09-27 16:28:44,SF,in,0.143,Q1 6:26,7.0,SF,San Francisco 49ers D/ST,DST,7.1,10.0,-2.12,7.88,16.09,16.09,0.032,1.0,7.88,,0.0,0
2026-09-27 16:28:44,NO,in,0.015,Q1 14:07,0,NO,New Orleans Saints D/ST,DST,7.3,10.0,-3.37,6.63,17.19,17.19,0.015,1.0,6.63,,0.0,0
2026-09-27 16:28:44,TB,in,0.138,Q1 6:44,-3.0,TB,Tampa Bay Buccaneers D/ST,DST,6.4,4.0,0.77,4.77,9.52,9.52,0.008,1.0,4.77,,0.0,0
2026-09-27 16:28:44,DAL,in,0.021,Q1 13:43,0,DAL,Dallas Cowboys D/ST,DST,3.7,10.0,-4.62,5.38,13.62,13.62,0.021,1.0,5.38,,0.0,0
2026-09-27 16:28:44,LV,in,0.015,Q1 14:07,0,LV,Las Vegas Raiders D/ST,DST,5.8,10.0,-3.91,6.09,15.71,15.71,0.015,1.0,6.09,,0.0,0
2026-09-27 16:28:44,ARI,in,0.143,Q1 6:26,-7.0,ARI,Arizona Cardinals D/ST,DST,3.8,4.0,-0.43,3.57,7.26,7.26,0.032,1.0,3.57,,0.0,0
2026-09-27 16:28:44,ARI,in,0.143,Q1 6:26,-7.0,13272,Carson Beck,QB,1.7,0.0,1.62,1.62,1.46,1.46,0.032,1.0,1.62,,0.0,0
2026-09-27 16:28:44,LV,in,0.015,Q1 14:07,0,13329,Malik Benson,WR,2.1,0.0,1.98,1.98,2.07,2.07,0.015,1.0,1.98,,0.0,0
2026-09-27 16:28:44,TB,in,0.138,Q1 6:44,-3.0,13425,Jalon Daniels,QB,0.4,0.0,0.36,0.36,0.34,0.34,0.008,1.0,0.36,,0.0,0
2026-09-27 16:28:44,BAL,in,0.021,Q1 13:43,0,5008,Durham Smythe,TE,2.2,0.0,2.06,2.06,2.15,2.15,0.021,1.0,2.06,,0.0,0
2026-09-27 16:29:45,SF,in,0.143,Q1 6:26,7.0,4034,Christian McCaffrey,RB,21.8,0.3,16.68,16.98,18.99,18.99,0.032,1.0,16.98,,0.0,0
2026-09-27 16:29:45,DAL,in,0.026,Q1 13:27,0,6786,CeeDee Lamb,WR,19.1,0.0,17.84,17.84,18.61,18.61,0.026,1.0,17.84,,0.0,0
2026-09-27 16:29:45,MIN,in,0.138,Q1 6:44,3.0,6794,Justin Jefferson,WR,17.2,5.2,14.33,19.53,20.03,20.03,0.008,1.0,19.53,,0.0,0
2026-09-27 16:29:45,LV,in,0.015,Q1 14:07,0,12527,Ashton Jeanty,RB,18.5,0.0,17.15,17.15,18.23,18.23,0.015,1.0,17.15,,0.0,0
2026-09-27 16:29:45,ARI,in,0.143,Q1 6:26,-7.0,13287,Jeremiyah Love,RB,13.5,3.9,12.35,16.25,15.47,15.47,0.0,1.0,16.25,,0.0,0
2026-09-27 16:29:45,ARI,in,0.143,Q1 6:26,-7.0,8130,Trey McBride,TE,17.1,0.0,15.57,15.57,14.66,14.66,0.032,1.0,15.57,,0.0,0
2026-09-27 16:29:45,BAL,in,0.026,Q1 13:27,0,3198,Derrick Henry,RB,19.9,0.6,18.43,19.03,19.99,19.99,0.015,1.0,19.03,,0.0,0
2026-09-27 16:29:45,LV,in,0.015,Q1 14:07,0,11604,Brock Bowers,TE,13.9,1.8,13.44,15.24,15.5,15.5,0.0,1.0,15.24,,0.0,0
2026-09-27 16:29:45,DAL,in,0.026,Q1 13:27,0,8137,George Pickens,WR,14.4,0.0,13.45,13.45,14.03,14.03,0.026,1.0,13.45,,0.0,0
2026-09-27 16:29:45,NO,in,0.015,Q1 14:07,0,8144,Chris Olave,WR,17.5,0.0,16.53,16.53,17.24,17.24,0.015,1.0,16.53,,0.0,0
2026-09-27 16:29:45,NO,in,0.015,Q1 14:07,0,7543,Travis Etienne,RB,12.0,0.2,11.19,11.39,12.02,12.02,0.003,1.0,11.39,,0.0,0
2026-09-27 16:29:45,TB,in,0.138,Q1 6:44,-3.0,11584,Bucky Irving,RB,13.1,1.7,11.2,12.9,13.0,13.0,0.0,1.0,12.9,,0.0,0
2026-09-27 16:29:45,TB,in,0.138,Q1 6:44,-3.0,12514,Emeka Egbuka,WR,13.7,0.0,11.86,11.86,11.81,11.81,0.008,1.0,11.86,,0.0,0
2026-09-27 16:29:45,DAL,in,0.026,Q1 13:27,0,7588,Javonte Williams,RB,16.5,0.0,15.13,15.13,16.07,16.07,0.026,1.0,15.13,,0.0,0
2026-09-27 16:29:45,BAL,in,0.026,Q1 13:27,0,9997,Zay Flowers,WR,11.5,0.0,10.74,10.74,11.2,11.2,0.026,1.0,10.74,,0.0,0
2026-09-27 16:29:45,BAL,in,0.026,Q1 13:27,0,4881,Lamar Jackson,QB,22.7,0.0,21.93,21.93,22.11,22.11,0.026,1.0,21.93,,0.0,0
2026-09-27 16:29:45,SF,in,0.143,Q1 6:26,7.0,2216,Mike Evans,WR,9.6,1.2,7.23,8.43,9.43,9.43,0.032,1.0,8.43,,0.0,0
2026-09-27 16:29:45,ARI,in,0.143,Q1 6:26,-7.0,11628,Marvin Harrison Jr.,WR,8.2,0.0,7.47,7.47,7.03,7.03,0.032,1.0,7.47,,0.0,0
2026-09-27 16:29:45,ARI,in,0.143,Q1 6:26,-7.0,10232,Michael Wilson,WR,10.8,1.5,10.05,11.55,10.76,10.76,0.032,1.0,11.55,,0.0,0
2026-09-27 16:29:45,DAL,in,0.026,Q1 13:27,0,3294,Dak Prescott,QB,19.2,0.36,18.65,19.01,19.06,19.06,0.0,1.0,19.01,,0.0,0
2026-09-27 16:29:45,ARI,in,0.143,Q1 6:26,-7.0,8132,Tyler Allgeier,RB,7.4,3.0,7.02,10.02,9.34,9.34,0.032,1.0,10.02,,0.0,0
2026-09-27 16:29:45,MIN,in,0.138,Q1 6:44,3.0,9756,Jordan Addison,WR,8.7,0.0,6.87,6.87,7.5,7.5,0.008,1.0,6.87,,0.0,0
2026-09-27 16:29:45,SF,in,0.143,Q1 6:26,7.0,8183,Brock Purdy,QB,20.2,3.28,15.7,18.98,20.6,20.6,0.032,1.0,18.98,,0.0,0
2026-09-27 16:29:45,TB,in,0.138,Q1 6:44,-3.0,4037,Chris Godwin,WR,9.3,0.0,8.05,8.05,8.02,8.02,0.008,1.0,8.05,,0.0,0
2026-09-27 16:29:45,MIN,in,0.138,Q1 6:44,3.0,5849,Kyler Murray,QB,16.2,1.28,13.35,14.63,15.25,15.25,0.008,1.0,14.63,,0.0,0
2026-09-27 16:29:45,TB,in,0.138,Q1 6:44,-3.0,4892,Baker Mayfield,QB,16.6,6.16,16.36,22.52,20.47,20.47,0.0,1.0,22.52,,0.0,0
2026-09-27 16:29:45,TB,in,0.138,Q1 6:44,-3.0,7567,Kenneth Gainwell,RB,7.5,0.0,6.14,6.14,6.47,6.47,0.008,1.0,6.14,,0.0,0
2026-09-27 16:29:45,NO,in,0.015,Q1 14:07,0,12545,Tyler Shough,QB,19.8,0.0,19.35,19.35,19.51,19.51,0.015,1.0,19.35,,0.0,0
2026-09-27 16:29:45,SF,in,0.143,Q1 6:26,7.0,4217,George Kittle,TE,12.4,0.0,9.12,9.12,10.63,10.63,0.032,1.0,9.12,,0.0,0
2026-09-27 16:29:45,DAL,in,0.026,Q1 13:27,0,8110,Jake Ferguson,TE,9.2,0.0,8.59,8.59,8.96,8.96,0.026,1.0,8.59,,0.0,0
2026-09-27 16:29:45,MIN,in,0.138,Q1 6:44,3.0,7049,Jauan Jennings,WR,5.0,0.0,3.95,3.95,4.31,4.31,0.008,1.0,3.95,,0.0,0
2026-09-27 16:29:45,LV,in,0.015,Q1 14:07,0,13305,Mike Washington Jr.,RB,3.4,0.0,3.15,3.15,3.35,3.35,0.015,1.0,3.15,,0.0,0
2026-09-27 16:29:45,TB,in,0.138,Q1 6:44,-3.0,11618,Jalen McMillan,WR,5.6,0.0,4.85,4.85,4.83,4.83,0.008,1.0,4.85,,0.0,0
2026-09-27 16:29:45,MIN,in,0.138,Q1 6:44,3.0,4199,Aaron Jones,RB,13.0,1.8,10.75,12.55,13.01,13.01,0.008,1.0,12.55,,0.0,0
2026-09-27 16:29:45,BAL,in,0.026,Q1 13:27,0,5012,Mark Andrews,TE,13.2,0.0,12.33,12.33,12.86,12.86,0.026,1.0,12.33,,0.0,0
2026-09-27 16:29:45,SF,in,0.143,Q1 6:26,7.0,5872,Deebo Samuel,WR,11.8,14.0,10.68,24.68,24.12,24.12,0.032,1.0,24.68,,0.0,0
2026-09-27 16:29:45,NO,in,0.015,Q1 14:07,0,7002,Juwan Johnson,TE,9.6,0.0,9.07,9.07,9.46,9.46,0.015,1.0,9.07,,0.0,0
2026-09-27 16:29:45,ARI,in,0.143,Q1 6:26,-7.0,3257,Jacoby Brissett,QB,14.6,0.86,14.13,14.99,13.38,13.38,0.0,1.0,14.99,,0.0,0
2026-09-27 16:29:45,MIN,in,0.138,Q1 6:44,3.0,5844,T.J. Hockenson,TE,9.1,0.0,7.19,7.19,7.85,7.85,0.008,1.0,7.19,,0.0,0
2026-09-27 16:29:45,LV,in,0.015,Q1 14:07,0,8180,Jalen Nailor,WR,7.2,0.0,6.8,6.8,7.09,7.09,0.015,1.0,6.8,,0.0,0
2026-09-27 16:29:45,TB,in,0.138,Q1 6:44,-3.0,9506,Sean Tucker,RB,1.8,0.0,1.47,1.47,1.55,1.55,0.008,1.0,1.47,,0.0,0
2026-09-27 16:29:45,NO,in,0.015,Q1 14:07,0,4035,Alvin Kamara,RB,8.6,0.0,7.97,7.97,8.47,8.47,0.015,1.0,7.97,,0.0,0
2026-09-27 16:29:45,LV,in,0.015,Q1 14:07,0,10213,Tre Tucker,WR,10.5,0.0,9.92,9.92,10.35,10.35,0.015,1.0,9.92,,0.0,0
2026-09-27 16:29:45,TB,in,0.138,Q1 6:44,-3.0,8111,Cade Otton,TE,7.7,2.4,7.01,9.41,9.04,9.04,0.008,1.0,9.41,,0.0,0
2026-09-27 16:29:45,BAL,in,0.026,Q1 13:27,0,13268,Elijah Sarratt,WR,1.4,0.0,1.31,1.31,1.36,1.36,0.026,1.0,1.31,,0.0,0
2026-09-27 16:29:45,DAL,in,0.026,Q1 13:27,0,11783,Ryan Flournoy,WR,7.7,0.0,7.19,7.19,7.5,7.5,0.026,1.0,7.19,,0.0,0
2026-09-27 16:29:45,NO,in,0.015,Q1 14:07,0,11834,Devaughn Vele,WR,11.8,0.0,11.15,11.15,11.63,11.63,0.015,1.0,11.15,,0.0,0
2026-09-27 16:29:45,MIN,in,0.138,Q1 6:44,3.0,13347,Demond Claiborne,RB,1.2,0.0,0.95,0.95,1.03,1.03,0.008,1.0,0.95,,0.0,0
2026-09-27 16:29:45,TB,in,0.138,Q1 6:44,-3.0,12485,Tez Johnson,WR,2.1,0.0,1.82,1.82,1.81,1.81,0.008,1.0,1.82,,0.0,0
2026-09-27 16:29:45,BAL,in,0.026,Q1 13:27,0,5995,Justice Hill,RB,7.5,0.0,6.88,6.88,7.31,7.31,0.026,1.0,6.88,,0.0,0
2026-09-27 16:29:45,BAL,in,0.026,Q1 13:27,0,7571,Rashod Bateman,WR,11.5,0.0,10.74,10.74,11.2,11.2,0.026,1.0,10.74,,0.0,0
2026-09-27 16:29:45,DAL,in,0.026,Q1 13:27,0,11199,Emari Demercado,RB,2.1,0.0,1.93,1.93,2.05,2.05,0.026,1.0,1.93,,0.0,0
2026-09-27 16:29:45,TB,in,0.138,Q1 6:44,-3.0,13317,Ted Hurst,WR,6.1,11.0,6.87,17.87,16.26,16.26,0.0,1.0,17.87,,0.0,0
2026-09-27 16:29:45,SF,in,0.143,Q1 6:26,7.0,12467,Jordan James,RB,1.9,0.0,1.45,1.45,1.63,1.63,0.032,1.0,1.45,,0.0,0
2026-09-27 16:29:45,MIN,in,0.138,Q1 6:44,3.0,11565,J.J. McCarthy,QB,0.5,0.0,0.4,0.4,0.43,0.43,0.008,1.0,0.4,,0.0,0
2026-09-27 16:29:45,LV,in,0.015,Q1 14:07,0,1166,Kirk Cousins,QB,14.4,0.32,14.16,14.48,14.51,14.51,0.0,1.0,14.48,,0.0,0
2026-09-27 16:29:45,SF,in,0.143,Q1 6:26,7.0,7527,Mac Jones,QB,0.5,0.0,0.37,0.37,0.43,0.43,0.032,1.0,0.37,,0.0,0
2026-09-27 16:29:45,LV,in,0.015,Q1 14:07,0,12483,Jack Bech,WR,4.5,0.0,4.25,4.25,4.43,4.43,0.015,1.0,4.25,,0.0,0
2026-09-27 16:29:45,NO,in,0.015,Q1 14:07,0,13420,Bryce Lance,WR,3.9,0.0,3.68,3.68,3.84,3.84,0.015,1.0,3.68,,0.0,0
2026-09-27 16:29:45,ARI,in,0.143,Q1 6:26,-7.0,4454,Kendrick Bourne,WR,6.0,0.0,5.46,5.46,5.14,5.14,0.032,1.0,5.46,,0.0,0
2026-09-27 16:29:45,LV,in,0.015,Q1 14:07,0,9482,Michael Mayer,TE,6.7,0.0,6.33,6.33,6.6,6.6,0.015,1.0,6.33,,0.0,0
2026-09-27 16:29:45,MIN,in,0.138,Q1 6:44,3.0,5973,Josh Oliver,TE,3.5,0.0,2.76,2.76,3.02,3.02,0.008,1.0,2.76,,0.0,0
2026-09-27 16:29:45,BAL,in,0.026,Q1 13:27,0,11629,Devontez Walker,WR,4.4,0.0,4.11,4.11,4.29,4.29,0.026,1.0,4.11,,0.0,0
2026-09-27 16:29:45,DAL,in,0.026,Q1 13:27,0,8917,KaVontae Turpin,WR,3.5,0.0,3.27,3.27,3.41,3.41,0.026,1.0,3.27,,0.0,0
2026-09-27 16:29:45,NO,in,0.015,Q1 14:07,0,13319,Oscar Delp,TE,1.0,0.0,0.94,0.94,0.99,0.99,0.015,1.0,0.94,,0.0,0
2026-09-27 16:29:45,NO,in,0.015,Q1 14:07,0,5857,Noah Fant,TE,3.5,0.0,3.31,3.31,3.45,3.45,0.015,1.0,3.31,,0.0,0
2026-09-27 16:29:45,ARI,in,0.143,Q1 6:26,-7.0,6011,Gardner Minshew,QB,0.5,0.0,0.48,0.48,0.43,0.43,0.032,1.0,0.48,,0.0,0
2026-09-27 16:29:45,BAL,in,0.026,Q1 13:27,0,11570,Rasheen Ali,RB,0.8,0.0,0.73,0.73,0.78,0.78,0.026,1.0,0.73,,0.0,0
2026-09-27 16:29:45,SF,in,0.143,Q1 6:26,7.0,13414,Kaelon Black,RB,5.2,0.0,3.96,3.96,4.46,4.46,0.032,1.0,3.96,,0.0,0
2026-09-27 16:29:45,ARI,in,0.143,Q1 6:26,-7.0,10231,Elijah Higgins,TE,2.4,1.4,2.39,3.79,3.46,3.46,0.032,1.0,3.79,,0.0,0
2026-09-27 16:29:45,DAL,in,0.026,Q1 13:27,0,10871,Luke Schoonmaker,TE,1.6,1.9,1.82,3.72,3.46,3.46,0.0,1.0,3.72,,0.0,0
2026-09-27 16:29:45,NO,in,0.015,Q1 14:07,0,9757,Kendre Miller,RB,1.8,0.0,1.67,1.67,1.77,1.77,0.015,1.0,1.67,,0.0,0
2026-09-27 16:29:45,DAL,in,0.026,Q1 13:27,0,11533,Brandon Aubrey,K,8.9,0.0,8.67,8.67,8.67,8.67,0.026,1.0,8.67,,0.0,0
2026-09-27 16:29:45,MIN,in,0.138,Q1 6:44,3.0,11792,Will Reichard,K,8.2,6.0,7.07,13.07,13.07,13.07,0.008,1.0,13.07,,0.0,0
2026-09-27 16:29:45,TB,in,0.138,Q1 6:44,-3.0,6650,Chase McLaughlin,K,7.4,1.0,6.38,7.38,7.38,7.38,0.0,1.0,7.38,,0.0,0
2026-09-27 16:29:45,BAL,in,0.026,Q1 13:27,0,12711,Tyler Loop,K,9.4,0.0,9.16,9.16,9.16,9.16,0.026,1.0,9.16,,0.0,0
2026-09-27 16:29:45,SF,in,0.143,Q1 6:26,7.0,5189,Eddy Pineiro,K,9.6,1.0,8.23,9.23,9.23,9.23,0.032,1.0,9.23,,0.0,0
2026-09-27 16:29:45,ARI,in,0.143,Q1 6:26,-7.0,10955,Chad Ryland,K,6.3,0.0,5.4,5.4,5.4,5.4,0.032,1.0,5.4,,0.0,0
2026-09-27 16:29:45,NO,in,0.015,Q1 14:07,0,5095,Daniel Carlson,K,7.5,0.0,7.39,7.39,7.39,7.39,0.015,1.0,7.39,,0.0,0
2026-09-27 16:29:45,LV,in,0.015,Q1 14:07,0,6083,Matt Gay,K,7.1,0.0,7.0,7.0,7.0,7.0,0.015,1.0,7.0,,0.0,0
2026-09-27 16:29:45,MIN,in,0.138,Q1 6:44,3.0,MIN,Minnesota Vikings D/ST,DST,7.1,10.0,-1.74,8.26,16.12,16.12,0.0,1.0,8.26,,0.0,0
2026-09-27 16:29:45,BAL,in,0.026,Q1 13:27,0,BAL,Baltimore Ravens D/ST,DST,5.0,10.0,-4.14,5.86,14.87,14.87,0.026,1.0,5.86,,0.0,0
2026-09-27 16:29:45,SF,in,0.143,Q1 6:26,7.0,SF,San Francisco 49ers D/ST,DST,7.1,10.0,-2.12,7.88,16.09,16.09,0.032,1.0,7.88,,0.0,0
2026-09-27 16:29:45,NO,in,0.015,Q1 14:07,0,NO,New Orleans Saints D/ST,DST,7.3,10.0,-3.37,6.63,17.19,17.19,0.015,1.0,6.63,,0.0,0
2026-09-27 16:29:45,TB,in,0.138,Q1 6:44,-3.0,TB,Tampa Bay Buccaneers D/ST,DST,6.4,4.0,0.77,4.77,9.52,9.52,0.008,1.0,4.77,,0.0,0
2026-09-27 16:29:45,DAL,in,0.026,Q1 13:27,0,DAL,Dallas Cowboys D/ST,DST,3.7,10.0,-4.6,5.4,13.6,13.6,0.026,1.0,5.4,,0.0,0
2026-09-27 16:29:45,LV,in,0.015,Q1 14:07,0,LV,Las Vegas Raiders D/ST,DST,5.8,10.0,-3.91,6.09,15.71,15.71,0.015,1.0,6.09,,0.0,0
2026-09-27 16:29:45,ARI,in,0.143,Q1 6:26,-7.0,ARI,Arizona Cardinals D/ST,DST,3.8,4.0,-0.43,3.57,7.26,7.26,0.032,1.0,3.57,,0.0,0
2026-09-27 16:29:45,ARI,in,0.143,Q1 6:26,-7.0,13272,Carson Beck,QB,1.7,0.0,1.62,1.62,1.46,1.46,0.032,1.0,1.62,,0.0,0
2026-09-27 16:29:45,LV,in,0.015,Q1 14:07,0,13329,Malik Benson,WR,2.1,0.0,1.98,1.98,2.07,2.07,0.015,1.0,1.98,,0.0,0
2026-09-27 16:29:45,TB,in,0.138,Q1 6:44,-3.0,13425,Jalon Daniels,QB,0.4,0.0,0.36,0.36,0.34,0.34,0.008,1.0,0.36,,0.0,0
2026-09-27 16:29:45,BAL,in,0.026,Q1 13:27,0,5008,Durham Smythe,TE,2.2,0.0,2.05,2.05,2.14,2.14,0.026,1.0,2.05,,0.0,0
2026-09-27 16:30:45,SF,in,0.16,Q1 5:25,7.0,4034,Christian McCaffrey,RB,21.8,0.3,16.24,16.54,17.95,18.62,0.049,1.0,16.54,,0.0,0
2026-09-27 16:30:45,DAL,in,0.035,Q1 12:55,0,6786,CeeDee Lamb,WR,19.1,0.0,17.68,17.68,18.44,18.44,0.035,1.0,17.68,,0.0,0
2026-09-27 16:30:45,MIN,in,0.138,Q1 6:44,3.0,6794,Justin Jefferson,WR,17.2,5.2,14.33,19.53,20.03,20.03,0.008,1.0,19.53,,0.0,0
2026-09-27 16:30:45,LV,in,0.034,Q1 12:58,0,12527,Ashton Jeanty,RB,18.5,-0.1,16.79,16.69,17.77,17.77,0.0,1.0,16.69,,0.0,0
2026-09-27 16:30:45,ARI,in,0.16,Q1 5:25,-7.0,13287,Jeremiyah Love,RB,13.5,4.0,12.11,16.11,15.73,15.34,0.0,1.0,16.11,,0.0,0
2026-09-27 16:30:45,ARI,in,0.16,Q1 5:25,-7.0,8130,Trey McBride,TE,17.1,0.0,15.26,15.26,13.79,14.37,0.049,1.0,15.26,,0.0,0
2026-09-27 16:30:45,BAL,in,0.035,Q1 12:55,0,3198,Derrick Henry,RB,19.9,0.6,18.26,18.86,19.81,19.81,0.024,1.0,18.86,,0.0,0
2026-09-27 16:30:45,LV,in,0.034,Q1 12:58,0,11604,Brock Bowers,TE,13.9,1.8,13.18,14.98,15.23,15.23,0.019,1.0,14.98,,0.0,0
2026-09-27 16:30:45,DAL,in,0.035,Q1 12:55,0,8137,George Pickens,WR,14.4,0.0,13.33,13.33,13.9,13.9,0.035,1.0,13.33,,0.0,0
2026-09-27 16:30:45,NO,in,0.034,Q1 12:58,0,8144,Chris Olave,WR,17.5,0.0,16.21,16.21,16.91,16.91,0.034,1.0,16.21,,0.0,0
2026-09-27 16:30:45,NO,in,0.034,Q1 12:58,0,7543,Travis Etienne,RB,12.0,0.2,10.97,11.17,11.79,11.79,0.022,1.0,11.17,,0.0,0
2026-09-27 16:30:45,TB,in,0.138,Q1 6:44,-3.0,11584,Bucky Irving,RB,13.1,1.7,11.2,12.9,13.0,13.0,0.0,1.0,12.9,,0.0,0
2026-09-27 16:30:45,TB,in,0.138,Q1 6:44,-3.0,12514,Emeka Egbuka,WR,13.7,0.0,11.86,11.86,11.81,11.81,0.008,1.0,11.86,,0.0,0
2026-09-27 16:30:45,DAL,in,0.035,Q1 12:55,0,7588,Javonte Williams,RB,16.5,0.8,15.23,16.03,16.73,16.73,0.0,1.0,16.03,,0.0,0
2026-09-27 16:30:45,BAL,in,0.035,Q1 12:55,0,9997,Zay Flowers,WR,11.5,0.0,10.64,10.64,11.1,11.1,0.035,1.0,10.64,,0.0,0
2026-09-27 16:30:45,BAL,in,0.035,Q1 12:55,0,4881,Lamar Jackson,QB,22.7,0.0,21.73,21.73,21.91,21.91,0.035,1.0,21.73,,0.0,0
2026-09-27 16:30:45,SF,in,0.16,Q1 5:25,7.0,2216,Mike Evans,WR,9.6,1.2,7.09,8.29,9.2,9.27,0.049,1.0,8.29,,0.0,0
2026-09-27 16:30:45,ARI,in,0.16,Q1 5:25,-7.0,11628,Marvin Harrison Jr.,WR,8.2,0.0,7.32,7.32,6.62,6.89,0.049,1.0,7.32,,0.0,0
2026-09-27 16:30:45,ARI,in,0.16,Q1 5:25,-7.0,10232,Michael Wilson,WR,10.8,1.5,9.85,11.35,10.53,10.58,0.049,1.0,11.35,,0.0,0
2026-09-27 16:30:45,DAL,in,0.035,Q1 12:55,0,3294,Dak Prescott,QB,19.2,0.36,18.48,18.84,18.89,18.89,0.009,1.0,18.84,,0.0,0
2026-09-27 16:30:45,ARI,in,0.16,Q1 5:25,-7.0,8132,Tyler Allgeier,RB,7.4,3.0,6.87,9.87,9.6,9.22,0.049,1.0,9.87,,0.0,0
2026-09-27 16:30:45,MIN,in,0.138,Q1 6:44,3.0,9756,Jordan Addison,WR,8.7,0.0,6.87,6.87,7.5,7.5,0.008,1.0,6.87,,0.0,0
2026-09-27 16:30:45,SF,in,0.16,Q1 5:25,7.0,8183,Brock Purdy,QB,20.2,3.28,15.37,18.65,20.26,20.25,0.049,1.0,18.65,,0.0,0
2026-09-27 16:30:45,TB,in,0.138,Q1 6:44,-3.0,4037,Chris Godwin,WR,9.3,0.0,8.05,8.05,8.02,8.02,0.008,1.0,8.05,,0.0,0
2026-09-27 16:30:45,MIN,in,0.138,Q1 6:44,3.0,5849,Kyler Murray,QB,16.2,1.28,13.35,14.63,15.25,15.25,0.008,1.0,14.63,,0.0,0
2026-09-27 16:30:45,TB,in,0.138,Q1 6:44,-3.0,4892,Baker Mayfield,QB,16.6,6.16,16.36,22.52,20.47,20.47,0.0,1.0,22.52,,0.0,0
2026-09-27 16:30:45,TB,in,0.138,Q1 6:44,-3.0,7567,Kenneth Gainwell,RB,7.5,0.0,6.14,6.14,6.47,6.47,0.008,1.0,6.14,,0.0,0
2026-09-27 16:30:45,NO,in,0.034,Q1 12:58,0,12545,Tyler Shough,QB,19.8,0.0,18.97,18.97,19.13,19.13,0.034,1.0,18.97,,0.0,0
2026-09-27 16:30:45,SF,in,0.16,Q1 5:25,7.0,4217,George Kittle,TE,12.4,0.0,8.94,8.94,10.0,10.42,0.049,1.0,8.94,,0.0,0
2026-09-27 16:30:45,DAL,in,0.035,Q1 12:55,0,8110,Jake Ferguson,TE,9.2,0.0,8.51,8.51,8.88,8.88,0.035,1.0,8.51,,0.0,0
2026-09-27 16:30:45,MIN,in,0.138,Q1 6:44,3.0,7049,Jauan Jennings,WR,5.0,0.0,3.95,3.95,4.31,4.31,0.008,1.0,3.95,,0.0,0
2026-09-27 16:30:45,LV,in,0.034,Q1 12:58,0,13305,Mike Washington Jr.,RB,3.4,0.0,3.09,3.09,3.28,3.28,0.034,1.0,3.09,,0.0,0
2026-09-27 16:30:45,TB,in,0.138,Q1 6:44,-3.0,11618,Jalen McMillan,WR,5.6,0.0,4.85,4.85,4.83,4.83,0.008,1.0,4.85,,0.0,0
2026-09-27 16:30:45,MIN,in,0.138,Q1 6:44,3.0,4199,Aaron Jones,RB,13.0,1.8,10.75,12.55,13.01,13.01,0.008,1.0,12.55,,0.0,0
2026-09-27 16:30:45,BAL,in,0.035,Q1 12:55,0,5012,Mark Andrews,TE,13.2,0.0,12.22,12.22,12.74,12.74,0.035,1.0,12.22,,0.0,0
2026-09-27 16:30:45,SF,in,0.16,Q1 5:25,7.0,5872,Deebo Samuel,WR,11.8,14.0,10.46,24.46,26.46,23.92,0.049,1.0,24.46,,0.0,0
2026-09-27 16:30:45,NO,in,0.034,Q1 12:58,0,7002,Juwan Johnson,TE,9.6,0.0,8.89,8.89,9.27,9.27,0.034,1.0,8.89,,0.0,0
2026-09-27 16:30:45,ARI,in,0.16,Q1 5:25,-7.0,3257,Jacoby Brissett,QB,14.6,1.06,13.87,14.93,13.06,13.33,0.0,1.0,14.93,,0.0,0
2026-09-27 16:30:45,MIN,in,0.138,Q1 6:44,3.0,5844,T.J. Hockenson,TE,9.1,0.0,7.19,7.19,7.85,7.85,0.008,1.0,7.19,,0.0,0
2026-09-27 16:30:45,LV,in,0.034,Q1 12:58,0,8180,Jalen Nailor,WR,7.2,0.0,6.67,6.67,6.96,6.96,0.034,1.0,6.67,,0.0,0
2026-09-27 16:30:45,TB,in,0.138,Q1 6:44,-3.0,9506,Sean Tucker,RB,1.8,0.0,1.47,1.47,1.55,1.55,0.008,1.0,1.47,,0.0,0
2026-09-27 16:30:45,NO,in,0.034,Q1 12:58,0,4035,Alvin Kamara,RB,8.6,0.0,7.82,7.82,8.31,8.31,0.034,1.0,7.82,,0.0,0
2026-09-27 16:30:45,LV,in,0.034,Q1 12:58,0,10213,Tre Tucker,WR,10.5,0.0,9.73,9.73,10.14,10.14,0.034,1.0,9.73,,0.0,0
2026-09-27 16:30:45,TB,in,0.138,Q1 6:44,-3.0,8111,Cade Otton,TE,7.7,2.4,7.01,9.41,9.04,9.04,0.008,1.0,9.41,,0.0,0
2026-09-27 16:30:45,BAL,in,0.035,Q1 12:55,0,13268,Elijah Sarratt,WR,1.4,0.0,1.3,1.3,1.35,1.35,0.035,1.0,1.3,,0.0,0
2026-09-27 16:30:45,DAL,in,0.035,Q1 12:55,0,11783,Ryan Flournoy,WR,7.7,0.0,7.13,7.13,7.43,7.43,0.035,1.0,7.13,,0.0,0
2026-09-27 16:30:45,NO,in,0.034,Q1 12:58,0,11834,Devaughn Vele,WR,11.8,0.0,10.93,10.93,11.4,11.4,0.034,1.0,10.93,,0.0,0
2026-09-27 16:30:45,MIN,in,0.138,Q1 6:44,3.0,13347,Demond Claiborne,RB,1.2,0.0,0.95,0.95,1.03,1.03,0.008,1.0,0.95,,0.0,0
2026-09-27 16:30:45,TB,in,0.138,Q1 6:44,-3.0,12485,Tez Johnson,WR,2.1,0.0,1.82,1.82,1.81,1.81,0.008,1.0,1.82,,0.0,0
2026-09-27 16:30:45,BAL,in,0.035,Q1 12:55,0,5995,Justice Hill,RB,7.5,0.0,6.81,6.81,7.24,7.24,0.035,1.0,6.81,,0.0,0
2026-09-27 16:30:45,BAL,in,0.035,Q1 12:55,0,7571,Rashod Bateman,WR,11.5,0.0,10.64,10.64,11.1,11.1,0.035,1.0,10.64,,0.0,0
2026-09-27 16:30:45,DAL,in,0.035,Q1 12:55,0,11199,Emari Demercado,RB,2.1,0.0,1.91,1.91,2.03,2.03,0.035,1.0,1.91,,0.0,0
2026-09-27 16:30:45,TB,in,0.138,Q1 6:44,-3.0,13317,Ted Hurst,WR,6.1,11.0,6.87,17.87,16.26,16.26,0.0,1.0,17.87,,0.0,0
2026-09-27 16:30:45,SF,in,0.16,Q1 5:25,7.0,12467,Jordan James,RB,1.9,0.0,1.41,1.41,1.53,1.6,0.049,1.0,1.41,,0.0,0
2026-09-27 16:30:45,MIN,in,0.138,Q1 6:44,3.0,11565,J.J. McCarthy,QB,0.5,0.0,0.4,0.4,0.43,0.43,0.008,1.0,0.4,,0.0,0
2026-09-27 16:30:45,LV,in,0.034,Q1 12:58,0,1166,Kirk Cousins,QB,14.4,0.32,13.88,14.2,14.23,14.23,0.019,1.0,14.2,,0.0,0
2026-09-27 16:30:45,SF,in,0.16,Q1 5:25,7.0,7527,Mac Jones,QB,0.5,0.0,0.36,0.36,0.4,0.42,0.049,1.0,0.36,,0.0,0
2026-09-27 16:30:45,LV,in,0.034,Q1 12:58,0,12483,Jack Bech,WR,4.5,0.0,4.17,4.17,4.35,4.35,0.034,1.0,4.17,,0.0,0
2026-09-27 16:30:45,NO,in,0.034,Q1 12:58,0,13420,Bryce Lance,WR,3.9,0.0,3.61,3.61,3.77,3.77,0.034,1.0,3.61,,0.0,0
2026-09-27 16:30:45,ARI,in,0.16,Q1 5:25,-7.0,4454,Kendrick Bourne,WR,6.0,0.0,5.36,5.36,4.84,5.04,0.049,1.0,5.36,,0.0,0
2026-09-27 16:30:45,LV,in,0.034,Q1 12:58,0,9482,Michael Mayer,TE,6.7,0.0,6.21,6.21,6.47,6.47,0.034,1.0,6.21,,0.0,0
2026-09-27 16:30:45,MIN,in,0.138,Q1 6:44,3.0,5973,Josh Oliver,TE,3.5,0.0,2.76,2.76,3.02,3.02,0.008,1.0,2.76,,0.0,0
2026-09-27 16:30:45,BAL,in,0.035,Q1 12:55,0,11629,Devontez Walker,WR,4.4,0.0,4.07,4.07,4.25,4.25,0.035,1.0,4.07,,0.0,0
2026-09-27 16:30:45,DAL,in,0.035,Q1 12:55,0,8917,KaVontae Turpin,WR,3.5,0.0,3.24,3.24,3.38,3.38,0.035,1.0,3.24,,0.0,0
2026-09-27 16:30:45,NO,in,0.034,Q1 12:58,0,13319,Oscar Delp,TE,1.0,0.0,0.93,0.93,0.97,0.97,0.034,1.0,0.93,,0.0,0
2026-09-27 16:30:45,NO,in,0.034,Q1 12:58,0,5857,Noah Fant,TE,3.5,0.0,3.24,3.24,3.38,3.38,0.034,1.0,3.24,,0.0,0
2026-09-27 16:30:45,ARI,in,0.16,Q1 5:25,-7.0,6011,Gardner Minshew,QB,0.5,0.0,0.47,0.47,0.4,0.42,0.049,1.0,0.47,,0.0,0
2026-09-27 16:30:45,BAL,in,0.035,Q1 12:55,0,11570,Rasheen Ali,RB,0.8,0.0,0.73,0.73,0.77,0.77,0.035,1.0,0.73,,0.0,0
2026-09-27 16:30:45,SF,in,0.16,Q1 5:25,7.0,13414,Kaelon Black,RB,5.2,0.0,3.85,3.85,4.19,4.37,0.049,1.0,3.85,,0.0,0
2026-09-27 16:30:45,ARI,in,0.16,Q1 5:25,-7.0,10231,Elijah Higgins,TE,2.4,1.4,2.34,3.74,3.63,3.42,0.049,1.0,3.74,,0.0,0
2026-09-27 16:30:45,DAL,in,0.035,Q1 12:55,0,10871,Luke Schoonmaker,TE,1.6,1.9,1.8,3.7,3.44,3.44,0.009,1.0,3.7,,0.0,0
2026-09-27 16:30:45,NO,in,0.034,Q1 12:58,0,9757,Kendre Miller,RB,1.8,0.0,1.64,1.64,1.74,1.74,0.034,1.0,1.64,,0.0,0
2026-09-27 16:30:45,DAL,in,0.035,Q1 12:55,0,11533,Brandon Aubrey,K,8.9,0.0,8.59,8.59,8.59,8.59,0.035,1.0,8.59,,0.0,0
2026-09-27 16:30:45,MIN,in,0.138,Q1 6:44,3.0,11792,Will Reichard,K,8.2,6.0,7.07,13.07,13.07,13.07,0.008,1.0,13.07,,0.0,0
2026-09-27 16:30:45,TB,in,0.138,Q1 6:44,-3.0,6650,Chase McLaughlin,K,7.4,1.0,6.38,7.38,7.38,7.38,0.0,1.0,7.38,,0.0,0
2026-09-27 16:30:45,BAL,in,0.035,Q1 12:55,0,12711,Tyler Loop,K,9.4,0.0,9.07,9.07,9.07,9.07,0.035,1.0,9.07,,0.0,0
2026-09-27 16:30:45,SF,in,0.16,Q1 5:25,7.0,5189,Eddy Pineiro,K,9.6,1.0,7.95,8.95,8.95,9.07,0.049,1.0,8.95,,0.0,0
2026-09-27 16:30:45,ARI,in,0.16,Q1 5:25,-7.0,10955,Chad Ryland,K,6.3,0.0,5.08,5.08,5.08,5.29,0.049,1.0,5.08,,0.0,0
2026-09-27 16:30:45,NO,in,0.034,Q1 12:58,0,5095,Daniel Carlson,K,7.5,0.0,7.25,7.25,7.25,7.25,0.034,1.0,7.25,,0.0,0
2026-09-27 16:30:45,LV,in,0.034,Q1 12:58,0,6083,Matt Gay,K,7.1,0.0,6.86,6.86,6.86,6.86,0.034,1.0,6.86,,0.0,0
2026-09-27 16:30:45,MIN,in,0.138,Q1 6:44,3.0,MIN,Minnesota Vikings D/ST,DST,7.1,10.0,-1.74,8.26,16.12,16.12,0.0,1.0,8.26,,0.0,0
2026-09-27 16:30:45,BAL,in,0.035,Q1 12:55,0,BAL,Baltimore Ravens D/ST,DST,5.0,10.0,-4.11,5.89,14.83,14.83,0.035,1.0,5.89,,0.0,0
2026-09-27 16:30:45,SF,in,0.16,Q1 5:25,7.0,SF,San Francisco 49ers D/ST,DST,7.1,10.0,-2.06,7.94,17.83,15.97,0.049,1.0,7.94,,0.0,0
2026-09-27 16:30:45,NO,in,0.034,Q1 12:58,0,NO,New Orleans Saints D/ST,DST,7.3,10.0,-3.31,6.69,17.05,17.05,0.034,1.0,6.69,,0.0,0
2026-09-27 16:30:45,TB,in,0.138,Q1 6:44,-3.0,TB,Tampa Bay Buccaneers D/ST,DST,6.4,4.0,0.77,4.77,9.52,9.52,0.008,1.0,4.77,,0.0,0
2026-09-27 16:30:45,DAL,in,0.035,Q1 12:55,0,DAL,Dallas Cowboys D/ST,DST,3.7,10.0,-4.56,5.44,13.57,13.57,0.035,1.0,5.44,,0.0,0
2026-09-27 16:30:45,LV,in,0.034,Q1 12:58,0,LV,Las Vegas Raiders D/ST,DST,5.8,10.0,-3.83,6.17,15.6,15.6,0.034,1.0,6.17,,0.0,0
2026-09-27 16:30:45,ARI,in,0.16,Q1 5:25,-7.0,ARI,Arizona Cardinals D/ST,DST,3.8,4.0,-0.43,3.57,7.91,7.19,0.049,1.0,3.57,,0.0,0
2026-09-27 16:30:45,ARI,in,0.16,Q1 5:25,-7.0,13272,Carson Beck,QB,1.7,0.0,1.59,1.59,1.37,1.43,0.049,1.0,1.59,,0.0,0
2026-09-27 16:30:45,LV,in,0.034,Q1 12:58,0,13329,Malik Benson,WR,2.1,0.0,1.95,1.95,2.03,2.03,0.034,1.0,1.95,,0.0,0
2026-09-27 16:30:45,TB,in,0.138,Q1 6:44,-3.0,13425,Jalon Daniels,QB,0.4,0.0,0.36,0.36,0.34,0.34,0.008,1.0,0.36,,0.0,0
2026-09-27 16:30:45,BAL,in,0.035,Q1 12:55,0,5008,Durham Smythe,TE,2.2,0.0,2.04,2.04,2.12,2.12,0.035,1.0,2.04,,0.0,0
2026-09-27 16:31:46,SF,in,0.164,Q1 5:11,7.0,4034,Christian McCaffrey,RB,21.8,0.3,16.14,16.44,17.85,18.53,0.053,1.0,16.44,,0.0,0
2026-09-27 16:31:46,DAL,in,0.051,Q1 11:56,0,6786,CeeDee Lamb,WR,19.1,0.0,17.38,17.38,18.12,18.12,0.051,1.0,17.38,,0.0,0
2026-09-27 16:31:46,MIN,in,0.139,Q1 6:39,3.0,6794,Justin Jefferson,WR,17.2,5.2,14.31,19.51,20.01,20.01,0.01,1.0,19.51,,0.0,0
2026-09-27 16:31:46,LV,in,0.045,Q1 12:18,0,12527,Ashton Jeanty,RB,18.5,-0.1,16.59,16.49,17.57,17.57,0.011,1.0,16.49,,0.0,0
2026-09-27 16:31:46,ARI,in,0.164,Q1 5:11,-7.0,13287,Jeremiyah Love,RB,13.5,4.0,12.05,16.05,15.67,15.29,0.004,1.0,16.05,,0.0,0
2026-09-27 16:31:46,ARI,in,0.164,Q1 5:11,-7.0,8130,Trey McBride,TE,17.1,0.0,15.19,15.19,13.72,14.3,0.053,1.0,15.19,,0.0,0
2026-09-27 16:31:46,BAL,in,0.051,Q1 11:56,0,3198,Derrick Henry,RB,19.9,0.6,17.95,18.55,19.48,19.48,0.04,1.0,18.55,,0.0,0
2026-09-27 16:31:46,LV,in,0.045,Q1 12:18,0,11604,Brock Bowers,TE,13.9,4.6,13.49,18.09,17.87,17.87,0.0,1.0,18.09,,0.0,0
2026-09-27 16:31:46,DAL,in,0.051,Q1 11:56,0,8137,George Pickens,WR,14.4,2.3,13.48,15.78,15.96,15.96,0.0,1.0,15.78,,0.0,0
2026-09-27 16:31:46,NO,in,0.045,Q1 12:18,0,8144,Chris Olave,WR,17.5,0.0,16.02,16.02,16.71,16.71,0.045,1.0,16.02,,0.0,0
2026-09-27 16:31:46,NO,in,0.045,Q1 12:18,0,7543,Travis Etienne,RB,12.0,0.2,10.84,11.04,11.66,11.66,0.033,1.0,11.04,,0.0,0
2026-09-27 16:31:46,TB,in,0.139,Q1 6:39,-3.0,11584,Bucky Irving,RB,13.1,1.7,11.18,12.88,12.98,12.98,0.001,1.0,12.88,,0.0,0
2026-09-27 16:31:46,TB,in,0.139,Q1 6:39,-3.0,12514,Emeka Egbuka,WR,13.7,0.0,11.84,11.84,11.79,11.79,0.01,1.0,11.84,,0.0,0
2026-09-27 16:31:46,DAL,in,0.051,Q1 11:56,0,7588,Javonte Williams,RB,16.5,2.8,15.58,18.38,18.46,18.46,0.0,1.0,18.38,,0.0,0
2026-09-27 16:31:46,BAL,in,0.051,Q1 11:56,0,9997,Zay Flowers,WR,11.5,0.0,10.46,10.46,10.91,10.91,0.051,1.0,10.46,,0.0,0
2026-09-27 16:31:46,BAL,in,0.051,Q1 11:56,0,4881,Lamar Jackson,QB,22.7,0.0,21.37,21.37,21.54,21.54,0.051,1.0,21.37,,0.0,0
2026-09-27 16:31:46,SF,in,0.164,Q1 5:11,7.0,2216,Mike Evans,WR,9.6,1.2,7.06,8.26,9.15,9.23,0.053,1.0,8.26,,0.0,0
2026-09-27 16:31:46,ARI,in,0.164,Q1 5:11,-7.0,11628,Marvin Harrison Jr.,WR,8.2,0.0,7.29,7.29,6.58,6.86,0.053,1.0,7.29,,0.0,0
2026-09-27 16:31:46,ARI,in,0.164,Q1 5:11,-7.0,10232,Michael Wilson,WR,10.8,1.5,9.8,11.3,10.48,10.53,0.053,1.0,11.3,,0.0,0
2026-09-27 16:31:46,DAL,in,0.051,Q1 11:56,0,3294,Dak Prescott,QB,19.2,0.88,18.29,19.17,19.1,19.1,0.0,1.0,19.17,,0.0,0
2026-09-27 16:31:46,ARI,in,0.164,Q1 5:11,-7.0,8132,Tyler Allgeier,RB,7.4,3.0,6.83,9.83,9.56,9.19,0.053,1.0,9.83,,0.0,0
2026-09-27 16:31:46,MIN,in,0.139,Q1 6:39,3.0,9756,Jordan Addison,WR,8.7,0.0,6.86,6.86,7.49,7.49,0.01,1.0,6.86,,0.0,0
2026-09-27 16:31:46,SF,in,0.164,Q1 5:11,7.0,8183,Brock Purdy,QB,20.2,3.28,15.29,18.57,20.17,20.18,0.053,1.0,18.57,,0.0,0
2026-09-27 16:31:46,TB,in,0.139,Q1 6:39,-3.0,4037,Chris Godwin,WR,9.3,0.0,8.03,8.03,8.01,8.01,0.01,1.0,8.03,,0.0,0
2026-09-27 16:31:46,MIN,in,0.139,Q1 6:39,3.0,5849,Kyler Murray,QB,16.2,1.68,13.42,15.1,15.63,15.63,0.0,1.0,15.1,,0.0,0
2026-09-27 16:31:46,TB,in,0.139,Q1 6:39,-3.0,4892,Baker Mayfield,QB,16.6,6.16,16.34,22.5,20.45,20.45,0.001,1.0,22.5,,0.0,0
2026-09-27 16:31:46,TB,in,0.139,Q1 6:39,-3.0,7567,Kenneth Gainwell,RB,7.5,0.0,6.13,6.13,6.46,6.46,0.01,1.0,6.13,,0.0,0
2026-09-27 16:31:46,NO,in,0.045,Q1 12:18,0,12545,Tyler Shough,QB,19.8,0.0,18.76,18.76,18.91,18.91,0.045,1.0,18.76,,0.0,0
2026-09-27 16:31:46,SF,in,0.164,Q1 5:11,7.0,4217,George Kittle,TE,12.4,0.0,8.9,8.9,9.95,10.37,0.053,1.0,8.9,,0.0,0
2026-09-27 16:31:46,DAL,in,0.051,Q1 11:56,0,8110,Jake Ferguson,TE,9.2,0.0,8.37,8.37,8.73,8.73,0.051,1.0,8.37,,0.0,0
2026-09-27 16:31:46,MIN,in,0.139,Q1 6:39,3.0,7049,Jauan Jennings,WR,5.0,0.0,3.94,3.94,4.3,4.3,0.01,1.0,3.94,,0.0,0
2026-09-27 16:31:46,LV,in,0.045,Q1 12:18,0,13305,Mike Washington Jr.,RB,3.4,0.0,3.06,3.06,3.25,3.25,0.045,1.0,3.06,,0.0,0
2026-09-27 16:31:46,TB,in,0.139,Q1 6:39,-3.0,11618,Jalen McMillan,WR,5.6,0.0,4.84,4.84,4.82,4.82,0.01,1.0,4.84,,0.0,0
2026-09-27 16:31:46,MIN,in,0.139,Q1 6:39,3.0,4199,Aaron Jones,RB,13.0,1.8,10.73,12.53,12.99,12.99,0.01,1.0,12.53,,0.0,0
2026-09-27 16:31:46,BAL,in,0.051,Q1 11:56,0,5012,Mark Andrews,TE,13.2,0.0,12.01,12.01,12.53,12.53,0.051,1.0,12.01,,0.0,0
2026-09-27 16:31:46,SF,in,0.164,Q1 5:11,7.0,5872,Deebo Samuel,WR,11.8,14.0,10.41,24.41,26.39,23.87,0.053,1.0,24.41,,0.0,0
2026-09-27 16:31:46,NO,in,0.045,Q1 12:18,0,7002,Juwan Johnson,TE,9.6,0.0,8.79,8.79,9.17,9.17,0.045,1.0,8.79,,0.0,0
2026-09-27 16:31:46,ARI,in,0.164,Q1 5:11,-7.0,3257,Jacoby Brissett,QB,14.6,1.06,13.8,14.86,12.99,13.27,0.004,1.0,14.86,,0.0,0
2026-09-27 16:31:46,MIN,in,0.139,Q1 6:39,3.0,5844,T.J. Hockenson,TE,9.1,0.0,7.17,7.17,7.83,7.83,0.01,1.0,7.17,,0.0,0
2026-09-27 16:31:46,LV,in,0.045,Q1 12:18,0,8180,Jalen Nailor,WR,7.2,2.6,7.02,9.62,9.48,9.48,0.0,1.0,9.62,,0.0,0
2026-09-27 16:31:46,TB,in,0.139,Q1 6:39,-3.0,9506,Sean Tucker,RB,1.8,0.0,1.47,1.47,1.55,1.55,0.01,1.0,1.47,,0.0,0
2026-09-27 16:31:46,NO,in,0.045,Q1 12:18,0,4035,Alvin Kamara,RB,8.6,0.0,7.73,7.73,8.21,8.21,0.045,1.0,7.73,,0.0,0
2026-09-27 16:31:46,LV,in,0.045,Q1 12:18,0,10213,Tre Tucker,WR,10.5,0.0,9.61,9.61,10.03,10.03,0.045,1.0,9.61,,0.0,0
2026-09-27 16:31:46,TB,in,0.139,Q1 6:39,-3.0,8111,Cade Otton,TE,7.7,2.4,7.0,9.4,9.03,9.03,0.01,1.0,9.4,,0.0,0
2026-09-27 16:31:46,BAL,in,0.051,Q1 11:56,0,13268,Elijah Sarratt,WR,1.4,0.0,1.27,1.27,1.33,1.33,0.051,1.0,1.27,,0.0,0
2026-09-27 16:31:46,DAL,in,0.051,Q1 11:56,0,11783,Ryan Flournoy,WR,7.7,0.0,7.0,7.0,7.31,7.31,0.051,1.0,7.0,,0.0,0
2026-09-27 16:31:46,NO,in,0.045,Q1 12:18,0,11834,Devaughn Vele,WR,11.8,0.0,10.8,10.8,11.27,11.27,0.045,1.0,10.8,,0.0,0
2026-09-27 16:31:46,MIN,in,0.139,Q1 6:39,3.0,13347,Demond Claiborne,RB,1.2,0.0,0.94,0.94,1.03,1.03,0.01,1.0,0.94,,0.0,0
2026-09-27 16:31:46,TB,in,0.139,Q1 6:39,-3.0,12485,Tez Johnson,WR,2.1,0.0,1.81,1.81,1.81,1.81,0.01,1.0,1.81,,0.0,0
2026-09-27 16:31:46,BAL,in,0.051,Q1 11:56,0,5995,Justice Hill,RB,7.5,0.0,6.7,6.7,7.12,7.12,0.051,1.0,6.7,,0.0,0
2026-09-27 16:31:46,BAL,in,0.051,Q1 11:56,0,7571,Rashod Bateman,WR,11.5,0.0,10.46,10.46,10.91,10.91,0.051,1.0,10.46,,0.0,0
2026-09-27 16:31:46,DAL,in,0.051,Q1 11:56,0,11199,Emari Demercado,RB,2.1,0.0,1.88,1.88,1.99,1.99,0.051,1.0,1.88,,0.0,0
2026-09-27 16:31:46,TB,in,0.139,Q1 6:39,-3.0,13317,Ted Hurst,WR,6.1,11.0,6.86,17.86,16.25,16.25,0.001,1.0,17.86,,0.0,0
2026-09-27 16:31:46,SF,in,0.164,Q1 5:11,7.0,12467,Jordan James,RB,1.9,0.0,1.4,1.4,1.52,1.59,0.053,1.0,1.4,,0.0,0
2026-09-27 16:31:46,MIN,in,0.139,Q1 6:39,3.0,11565,J.J. McCarthy,QB,0.5,0.0,0.4,0.4,0.43,0.43,0.01,1.0,0.4,,0.0,0
2026-09-27 16:31:46,LV,in,0.045,Q1 12:18,0,1166,Kirk Cousins,QB,14.4,1.68,14.07,15.75,15.43,15.43,0.0,1.0,15.75,,0.0,0
2026-09-27 16:31:46,SF,in,0.164,Q1 5:11,7.0,7527,Mac Jones,QB,0.5,0.0,0.36,0.36,0.4,0.42,0.053,1.0,0.36,,0.0,0
2026-09-27 16:31:46,LV,in,0.045,Q1 12:18,0,12483,Jack Bech,WR,4.5,0.0,4.12,4.12,4.3,4.3,0.045,1.0,4.12,,0.0,0
2026-09-27 16:31:46,NO,in,0.045,Q1 12:18,0,13420,Bryce Lance,WR,3.9,0.0,3.57,3.57,3.72,3.72,0.045,1.0,3.57,,0.0,0
2026-09-27 16:31:46,ARI,in,0.164,Q1 5:11,-7.0,4454,Kendrick Bourne,WR,6.0,0.0,5.33,5.33,4.81,5.02,0.053,1.0,5.33,,0.0,0
2026-09-27 16:31:46,LV,in,0.045,Q1 12:18,0,9482,Michael Mayer,TE,6.7,0.0,6.13,6.13,6.4,6.4,0.045,1.0,6.13,,0.0,0
2026-09-27 16:31:46,MIN,in,0.139,Q1 6:39,3.0,5973,Josh Oliver,TE,3.5,0.0,2.76,2.76,3.01,3.01,0.01,1.0,2.76,,0.0,0
2026-09-27 16:31:46,BAL,in,0.051,Q1 11:56,0,11629,Devontez Walker,WR,4.4,0.0,4.0,4.0,4.18,4.18,0.051,1.0,4.0,,0.0,0
2026-09-27 16:31:46,DAL,in,0.051,Q1 11:56,0,8917,KaVontae Turpin,WR,3.5,0.0,3.18,3.18,3.32,3.32,0.051,1.0,3.18,,0.0,0
2026-09-27 16:31:46,NO,in,0.045,Q1 12:18,0,13319,Oscar Delp,TE,1.0,0.0,0.92,0.92,0.95,0.95,0.045,1.0,0.92,,0.0,0
2026-09-27 16:31:46,NO,in,0.045,Q1 12:18,0,5857,Noah Fant,TE,3.5,0.0,3.2,3.2,3.34,3.34,0.045,1.0,3.2,,0.0,0
2026-09-27 16:31:46,ARI,in,0.164,Q1 5:11,-7.0,6011,Gardner Minshew,QB,0.5,0.0,0.46,0.46,0.4,0.42,0.053,1.0,0.46,,0.0,0
2026-09-27 16:31:46,BAL,in,0.051,Q1 11:56,0,11570,Rasheen Ali,RB,0.8,0.0,0.71,0.71,0.76,0.76,0.051,1.0,0.71,,0.0,0
2026-09-27 16:31:46,SF,in,0.164,Q1 5:11,7.0,13414,Kaelon Black,RB,5.2,0.0,3.83,3.83,4.17,4.35,0.053,1.0,3.83,,0.0,0
2026-09-27 16:31:46,ARI,in,0.164,Q1 5:11,-7.0,10231,Elijah Higgins,TE,2.4,1.4,2.33,3.73,3.62,3.41,0.053,1.0,3.73,,0.0,0
2026-09-27 16:31:46,DAL,in,0.051,Q1 11:56,0,10871,Luke Schoonmaker,TE,1.6,1.9,1.77,3.67,3.42,3.42,0.025,1.0,3.67,,0.0,0
2026-09-27 16:31:46,NO,in,0.045,Q1 12:18,0,9757,Kendre Miller,RB,1.8,0.0,1.62,1.62,1.72,1.72,0.045,1.0,1.62,,0.0,0
2026-09-27 16:31:46,DAL,in,0.051,Q1 11:56,0,11533,Brandon Aubrey,K,8.9,0.0,8.45,8.45,8.45,8.45,0.051,1.0,8.45,,0.0,0
2026-09-27 16:31:46,MIN,in,0.139,Q1 6:39,3.0,11792,Will Reichard,K,8.2,6.0,7.06,13.06,13.06,13.06,0.01,1.0,13.06,,0.0,0
2026-09-27 16:31:46,TB,in,0.139,Q1 6:39,-3.0,6650,Chase McLaughlin,K,7.4,1.0,6.37,7.37,7.37,7.37,0.001,1.0,7.37,,0.0,0
2026-09-27 16:31:46,BAL,in,0.051,Q1 11:56,0,12711,Tyler Loop,K,9.4,0.0,8.92,8.92,8.92,8.92,0.051,1.0,8.92,,0.0,0
2026-09-27 16:31:46,SF,in,0.164,Q1 5:11,7.0,5189,Eddy Pineiro,K,9.6,1.0,7.91,8.91,8.91,9.03,0.053,1.0,8.91,,0.0,0
2026-09-27 16:31:46,ARI,in,0.164,Q1 5:11,-7.0,10955,Chad Ryland,K,6.3,0.0,5.05,5.05,5.05,5.27,0.053,1.0,5.05,,0.0,0
2026-09-27 16:31:46,NO,in,0.045,Q1 12:18,0,5095,Daniel Carlson,K,7.5,0.0,7.16,7.16,7.16,7.16,0.045,1.0,7.16,,0.0,0
2026-09-27 16:31:46,LV,in,0.045,Q1 12:18,0,6083,Matt Gay,K,7.1,0.0,6.78,6.78,6.78,6.78,0.045,1.0,6.78,,0.0,0
2026-09-27 16:31:46,MIN,in,0.139,Q1 6:39,3.0,MIN,Minnesota Vikings D/ST,DST,7.1,10.0,-1.73,8.27,16.11,16.11,0.001,1.0,8.27,,0.0,0
2026-09-27 16:31:46,BAL,in,0.051,Q1 11:56,0,BAL,Baltimore Ravens D/ST,DST,5.0,10.0,-4.04,5.96,14.74,14.74,0.051,1.0,5.96,,0.0,0
2026-09-27 16:31:46,SF,in,0.164,Q1 5:11,7.0,SF,San Francisco 49ers D/ST,DST,7.1,10.0,-2.05,7.95,17.79,15.94,0.053,1.0,7.95,,0.0,0
2026-09-27 16:31:46,NO,in,0.045,Q1 12:18,0,NO,New Orleans Saints D/ST,DST,7.3,10.0,-3.27,6.73,16.97,16.97,0.045,1.0,6.73,,0.0,0
2026-09-27 16:31:46,TB,in,0.139,Q1 6:39,-3.0,TB,Tampa Bay Buccaneers D/ST,DST,6.4,4.0,0.77,4.77,9.51,9.51,0.01,1.0,4.77,,0.0,0
2026-09-27 16:31:46,DAL,in,0.051,Q1 11:56,0,DAL,Dallas Cowboys D/ST,DST,3.7,10.0,-4.48,5.52,13.51,13.51,0.051,1.0,5.52,,0.0,0
2026-09-27 16:31:46,LV,in,0.045,Q1 12:18,0,LV,Las Vegas Raiders D/ST,DST,5.8,10.0,-3.79,6.21,15.54,15.54,0.045,1.0,6.21,,0.0,0
2026-09-27 16:31:46,ARI,in,0.164,Q1 5:11,-7.0,ARI,Arizona Cardinals D/ST,DST,3.8,4.0,-0.43,3.57,7.88,7.18,0.053,1.0,3.57,,0.0,0
2026-09-27 16:31:46,ARI,in,0.164,Q1 5:11,-7.0,13272,Carson Beck,QB,1.7,0.0,1.58,1.58,1.36,1.42,0.053,1.0,1.58,,0.0,0
2026-09-27 16:31:46,LV,in,0.045,Q1 12:18,0,13329,Malik Benson,WR,2.1,0.0,1.92,1.92,2.01,2.01,0.045,1.0,1.92,,0.0,0
2026-09-27 16:31:46,TB,in,0.139,Q1 6:39,-3.0,13425,Jalon Daniels,QB,0.4,0.0,0.36,0.36,0.34,0.34,0.01,1.0,0.36,,0.0,0
2026-09-27 16:31:46,BAL,in,0.051,Q1 11:56,0,5008,Durham Smythe,TE,2.2,0.0,2.0,2.0,2.09,2.09,0.051,1.0,2.0,,0.0,0
2026-09-27 16:32:47,SF,in,0.164,Q1 5:11,7.0,4034,Christian McCaffrey,RB,21.8,0.3,16.14,16.44,17.85,18.53,0.053,1.0,16.44,,0.0,0
2026-09-27 16:32:47,DAL,in,0.072,Q1 10:40,0,6786,CeeDee Lamb,WR,19.1,0.0,16.99,16.99,17.72,17.72,0.072,1.0,16.99,,0.0,0
2026-09-27 16:32:47,MIN,in,0.153,Q1 5:50,3.0,6794,Justin Jefferson,WR,17.2,5.2,14.09,19.29,20.32,19.77,0.023,1.0,19.29,,0.0,0
2026-09-27 16:32:47,LV,in,0.068,Q1 10:57,0,12527,Ashton Jeanty,RB,18.5,0.3,16.32,16.62,17.55,17.55,0.0,1.0,16.62,,0.0,0
2026-09-27 16:32:47,ARI,in,0.164,Q1 5:11,-7.0,13287,Jeremiyah Love,RB,13.5,4.0,12.05,16.05,15.67,15.29,0.004,1.0,16.05,,0.0,0
2026-09-27 16:32:47,ARI,in,0.164,Q1 5:11,-7.0,8130,Trey McBride,TE,17.1,0.0,15.19,15.19,13.72,14.3,0.053,1.0,15.19,,0.0,0
2026-09-27 16:32:47,BAL,in,0.072,Q1 10:40,0,3198,Derrick Henry,RB,19.9,0.6,17.55,18.15,19.06,19.06,0.061,1.0,18.15,,0.0,0
2026-09-27 16:32:47,LV,in,0.068,Q1 10:57,0,11604,Brock Bowers,TE,13.9,4.6,13.17,17.77,17.56,17.56,0.023,1.0,17.77,,0.0,0
2026-09-27 16:32:47,DAL,in,0.072,Q1 10:40,0,8137,George Pickens,WR,14.4,2.3,13.18,15.48,15.66,15.66,0.021,1.0,15.48,,0.0,0
2026-09-27 16:32:47,NO,in,0.068,Q1 10:57,0,8144,Chris Olave,WR,17.5,0.0,15.64,15.64,16.32,16.32,0.068,1.0,15.64,,0.0,0
2026-09-27 16:32:47,NO,in,0.068,Q1 10:57,0,7543,Travis Etienne,RB,12.0,0.2,10.59,10.79,11.39,11.39,0.056,1.0,10.79,,0.0,0
2026-09-27 16:32:47,TB,in,0.153,Q1 5:50,-3.0,11584,Bucky Irving,RB,13.1,1.7,10.98,12.68,12.73,12.8,0.015,1.0,12.68,,0.0,0
2026-09-27 16:32:47,TB,in,0.153,Q1 5:50,-3.0,12514,Emeka Egbuka,WR,13.7,0.0,11.65,11.65,11.16,11.61,0.023,1.0,11.65,,0.0,0
2026-09-27 16:32:47,DAL,in,0.072,Q1 10:40,0,7588,Javonte Williams,RB,16.5,3.6,15.47,19.07,18.91,18.91,0.0,1.0,19.07,,0.0,0
2026-09-27 16:32:47,BAL,in,0.072,Q1 10:40,0,9997,Zay Flowers,WR,11.5,0.0,10.23,10.23,10.67,10.67,0.072,1.0,10.23,,0.0,0
2026-09-27 16:32:47,BAL,in,0.072,Q1 10:40,0,4881,Lamar Jackson,QB,22.7,0.0,20.89,20.89,21.06,21.06,0.072,1.0,20.89,,0.0,0
2026-09-27 16:32:47,SF,in,0.164,Q1 5:11,7.0,2216,Mike Evans,WR,9.6,1.2,7.06,8.26,9.15,9.23,0.053,1.0,8.26,,0.0,0
2026-09-27 16:32:47,ARI,in,0.164,Q1 5:11,-7.0,11628,Marvin Harrison Jr.,WR,8.2,0.0,7.29,7.29,6.58,6.86,0.053,1.0,7.29,,0.0,0
2026-09-27 16:32:47,ARI,in,0.164,Q1 5:11,-7.0,10232,Michael Wilson,WR,10.8,1.5,9.8,11.3,10.48,10.53,0.053,1.0,11.3,,0.0,0
2026-09-27 16:32:47,DAL,in,0.072,Q1 10:40,0,3294,Dak Prescott,QB,19.2,0.88,17.89,18.77,18.69,18.69,0.021,1.0,18.77,,0.0,0
2026-09-27 16:32:47,ARI,in,0.164,Q1 5:11,-7.0,8132,Tyler Allgeier,RB,7.4,3.0,6.83,9.83,9.56,9.19,0.053,1.0,9.83,,0.0,0
2026-09-27 16:32:47,MIN,in,0.153,Q1 5:50,3.0,9756,Jordan Addison,WR,8.7,0.0,6.75,6.75,7.09,7.37,0.023,1.0,6.75,,0.0,0
2026-09-27 16:32:47,SF,in,0.164,Q1 5:11,7.0,8183,Brock Purdy,QB,20.2,3.28,15.29,18.57,20.17,20.18,0.053,1.0,18.57,,0.0,0
2026-09-27 16:32:47,TB,in,0.153,Q1 5:50,-3.0,4037,Chris Godwin,WR,9.3,0.0,7.91,7.91,7.58,7.88,0.023,1.0,7.91,,0.0,0
2026-09-27 16:32:47,MIN,in,0.153,Q1 5:50,3.0,5849,Kyler Murray,QB,16.2,1.78,13.21,14.99,15.36,15.5,0.0,1.0,14.99,,0.0,0
2026-09-27 16:32:47,TB,in,0.153,Q1 5:50,-3.0,4892,Baker Mayfield,QB,16.6,6.16,16.07,22.23,20.99,20.22,0.015,1.0,22.23,,0.0,0
2026-09-27 16:32:47,TB,in,0.153,Q1 5:50,-3.0,7567,Kenneth Gainwell,RB,7.5,0.0,6.01,6.01,6.11,6.35,0.023,1.0,6.01,,0.0,0
2026-09-27 16:32:47,NO,in,0.068,Q1 10:57,0,12545,Tyler Shough,QB,19.8,0.0,18.31,18.31,18.46,18.46,0.068,1.0,18.31,,0.0,0
2026-09-27 16:32:47,SF,in,0.164,Q1 5:11,7.0,4217,George Kittle,TE,12.4,0.0,8.9,8.9,9.95,10.37,0.053,1.0,8.9,,0.0,0
2026-09-27 16:32:47,DAL,in,0.072,Q1 10:40,0,8110,Jake Ferguson,TE,9.2,0.0,8.18,8.18,8.54,8.54,0.072,1.0,8.18,,0.0,0
2026-09-27 16:32:47,MIN,in,0.153,Q1 5:50,3.0,7049,Jauan Jennings,WR,5.0,0.0,3.88,3.88,4.07,4.24,0.023,1.0,3.88,,0.0,0
2026-09-27 16:32:47,LV,in,0.068,Q1 10:57,0,13305,Mike Washington Jr.,RB,3.4,0.0,2.98,2.98,3.17,3.17,0.068,1.0,2.98,,0.0,0
2026-09-27 16:32:47,TB,in,0.153,Q1 5:50,-3.0,11618,Jalen McMillan,WR,5.6,0.0,4.76,4.76,4.56,4.74,0.023,1.0,4.76,,0.0,0
2026-09-27 16:32:47,MIN,in,0.153,Q1 5:50,3.0,4199,Aaron Jones,RB,13.0,1.8,10.52,12.32,12.77,12.81,0.023,1.0,12.32,,0.0,0
2026-09-27 16:32:47,BAL,in,0.072,Q1 10:40,0,5012,Mark Andrews,TE,13.2,0.0,11.74,11.74,12.25,12.25,0.072,1.0,11.74,,0.0,0
2026-09-27 16:32:47,SF,in,0.164,Q1 5:11,7.0,5872,Deebo Samuel,WR,11.8,14.0,10.41,24.41,26.39,23.87,0.053,1.0,24.41,,0.0,0
2026-09-27 16:32:47,NO,in,0.068,Q1 10:57,0,7002,Juwan Johnson,TE,9.6,0.0,8.58,8.58,8.95,8.95,0.068,1.0,8.58,,0.0,0
2026-09-27 16:32:47,ARI,in,0.164,Q1 5:11,-7.0,3257,Jacoby Brissett,QB,14.6,1.06,13.8,14.86,12.99,13.27,0.004,1.0,14.86,,0.0,0
2026-09-27 16:32:47,MIN,in,0.153,Q1 5:50,3.0,5844,T.J. Hockenson,TE,9.1,0.0,7.07,7.07,7.42,7.71,0.023,1.0,7.07,,0.0,0
2026-09-27 16:32:47,LV,in,0.068,Q1 10:57,0,8180,Jalen Nailor,WR,7.2,2.6,6.86,9.46,9.31,9.31,0.023,1.0,9.46,,0.0,0
2026-09-27 16:32:47,TB,in,0.153,Q1 5:50,-3.0,9506,Sean Tucker,RB,1.8,0.0,1.44,1.44,1.47,1.52,0.023,1.0,1.44,,0.0,0
2026-09-27 16:32:47,NO,in,0.068,Q1 10:57,0,4035,Alvin Kamara,RB,8.6,0.0,7.55,7.55,8.02,8.02,0.068,1.0,7.55,,0.0,0
2026-09-27 16:32:47,LV,in,0.068,Q1 10:57,0,10213,Tre Tucker,WR,10.5,0.0,9.39,9.39,9.79,9.79,0.068,1.0,9.39,,0.0,0
2026-09-27 16:32:47,TB,in,0.153,Q1 5:50,-3.0,8111,Cade Otton,TE,7.7,2.4,6.89,9.29,9.18,8.92,0.023,1.0,9.29,,0.0,0
2026-09-27 16:32:47,BAL,in,0.072,Q1 10:40,0,13268,Elijah Sarratt,WR,1.4,0.0,1.25,1.25,1.3,1.3,0.072,1.0,1.25,,0.0,0
2026-09-27 16:32:47,DAL,in,0.072,Q1 10:40,0,11783,Ryan Flournoy,WR,7.7,0.0,6.85,6.85,7.14,7.14,0.072,1.0,6.85,,0.0,0
2026-09-27 16:32:47,NO,in,0.068,Q1 10:57,0,11834,Devaughn Vele,WR,11.8,0.0,10.55,10.55,11.0,11.0,0.068,1.0,10.55,,0.0,0
2026-09-27 16:32:47,MIN,in,0.153,Q1 5:50,3.0,13347,Demond Claiborne,RB,1.2,0.0,0.92,0.92,0.98,1.02,0.023,1.0,0.92,,0.0,0
2026-09-27 16:32:47,TB,in,0.153,Q1 5:50,-3.0,12485,Tez Johnson,WR,2.1,0.0,1.79,1.79,1.71,1.78,0.023,1.0,1.79,,0.0,0
2026-09-27 16:32:47,BAL,in,0.072,Q1 10:40,0,5995,Justice Hill,RB,7.5,0.0,6.55,6.55,6.96,6.96,0.072,1.0,6.55,,0.0,0
2026-09-27 16:32:47,BAL,in,0.072,Q1 10:40,0,7571,Rashod Bateman,WR,11.5,0.0,10.23,10.23,10.67,10.67,0.072,1.0,10.23,,0.0,0
2026-09-27 16:32:47,DAL,in,0.072,Q1 10:40,0,11199,Emari Demercado,RB,2.1,0.0,1.83,1.83,1.95,1.95,0.072,1.0,1.83,,0.0,0
2026-09-27 16:32:47,TB,in,0.153,Q1 5:50,-3.0,13317,Ted Hurst,WR,6.1,11.0,6.74,17.74,18.3,16.17,0.015,1.0,17.74,,0.0,0
2026-09-27 16:32:47,SF,in,0.164,Q1 5:11,7.0,12467,Jordan James,RB,1.9,0.0,1.4,1.4,1.52,1.59,0.053,1.0,1.4,,0.0,0
2026-09-27 16:32:47,MIN,in,0.153,Q1 5:50,3.0,11565,J.J. McCarthy,QB,0.5,0.0,0.4,0.4,0.41,0.42,0.023,1.0,0.4,,0.0,0
2026-09-27 16:32:47,LV,in,0.068,Q1 10:57,0,1166,Kirk Cousins,QB,14.4,1.68,13.73,15.41,15.11,15.11,0.023,1.0,15.41,,0.0,0
2026-09-27 16:32:47,SF,in,0.164,Q1 5:11,7.0,7527,Mac Jones,QB,0.5,0.0,0.36,0.36,0.4,0.42,0.053,1.0,0.36,,0.0,0
2026-09-27 16:32:47,LV,in,0.068,Q1 10:57,0,12483,Jack Bech,WR,4.5,0.0,4.02,4.02,4.2,4.2,0.068,1.0,4.02,,0.0,0
2026-09-27 16:32:47,NO,in,0.068,Q1 10:57,0,13420,Bryce Lance,WR,3.9,0.0,3.49,3.49,3.64,3.64,0.068,1.0,3.49,,0.0,0
2026-09-27 16:32:47,ARI,in,0.164,Q1 5:11,-7.0,4454,Kendrick Bourne,WR,6.0,0.0,5.33,5.33,4.81,5.02,0.053,1.0,5.33,,0.0,0
2026-09-27 16:32:47,LV,in,0.068,Q1 10:57,0,9482,Michael Mayer,TE,6.7,0.0,5.99,5.99,6.25,6.25,0.068,1.0,5.99,,0.0,0
2026-09-27 16:32:47,MIN,in,0.153,Q1 5:50,3.0,5973,Josh Oliver,TE,3.5,0.0,2.72,2.72,2.85,2.97,0.023,1.0,2.72,,0.0,0
2026-09-27 16:32:47,BAL,in,0.072,Q1 10:40,0,11629,Devontez Walker,WR,4.4,0.0,3.91,3.91,4.08,4.08,0.072,1.0,3.91,,0.0,0
2026-09-27 16:32:47,DAL,in,0.072,Q1 10:40,0,8917,KaVontae Turpin,WR,3.5,0.0,3.11,3.11,3.25,3.25,0.072,1.0,3.11,,0.0,0
2026-09-27 16:32:47,NO,in,0.068,Q1 10:57,0,13319,Oscar Delp,TE,1.0,0.0,0.89,0.89,0.93,0.93,0.068,1.0,0.89,,0.0,0
2026-09-27 16:32:47,NO,in,0.068,Q1 10:57,0,5857,Noah Fant,TE,3.5,0.0,3.13,3.13,3.26,3.26,0.068,1.0,3.13,,0.0,0
2026-09-27 16:32:47,ARI,in,0.164,Q1 5:11,-7.0,6011,Gardner Minshew,QB,0.5,0.0,0.46,0.46,0.4,0.42,0.053,1.0,0.46,,0.0,0
2026-09-27 16:32:47,BAL,in,0.072,Q1 10:40,0,11570,Rasheen Ali,RB,0.8,0.0,0.7,0.7,0.74,0.74,0.072,1.0,0.7,,0.0,0
2026-09-27 16:32:47,SF,in,0.164,Q1 5:11,7.0,13414,Kaelon Black,RB,5.2,0.0,3.83,3.83,4.17,4.35,0.053,1.0,3.83,,0.0,0
2026-09-27 16:32:47,ARI,in,0.164,Q1 5:11,-7.0,10231,Elijah Higgins,TE,2.4,1.4,2.33,3.73,3.62,3.41,0.053,1.0,3.73,,0.0,0
2026-09-27 16:32:47,DAL,in,0.072,Q1 10:40,0,10871,Luke Schoonmaker,TE,1.6,1.9,1.73,3.63,3.38,3.38,0.046,1.0,3.63,,0.0,0
2026-09-27 16:32:47,NO,in,0.068,Q1 10:57,0,9757,Kendre Miller,RB,1.8,0.0,1.58,1.58,1.68,1.68,0.068,1.0,1.58,,0.0,0
2026-09-27 16:32:47,DAL,in,0.072,Q1 10:40,0,11533,Brandon Aubrey,K,8.9,0.0,8.26,8.26,8.26,8.26,0.072,1.0,8.26,,0.0,0
2026-09-27 16:32:47,MIN,in,0.153,Q1 5:50,3.0,11792,Will Reichard,K,8.2,6.0,7.95,13.95,13.95,12.95,0.023,1.0,13.95,,0.0,0
2026-09-27 16:32:47,TB,in,0.153,Q1 5:50,-3.0,6650,Chase McLaughlin,K,7.4,1.0,6.24,7.24,7.24,7.27,0.015,1.0,7.24,,0.0,0
2026-09-27 16:32:47,BAL,in,0.072,Q1 10:40,0,12711,Tyler Loop,K,9.4,0.0,8.72,8.72,8.72,8.72,0.072,1.0,8.72,,0.0,0
2026-09-27 16:32:47,SF,in,0.164,Q1 5:11,7.0,5189,Eddy Pineiro,K,9.6,1.0,7.91,8.91,8.91,9.03,0.053,1.0,8.91,,0.0,0
2026-09-27 16:32:47,ARI,in,0.164,Q1 5:11,-7.0,10955,Chad Ryland,K,6.3,0.0,5.05,5.05,5.05,5.27,0.053,1.0,5.05,,0.0,0
2026-09-27 16:32:47,NO,in,0.068,Q1 10:57,0,5095,Daniel Carlson,K,7.5,0.0,6.99,6.99,6.99,6.99,0.068,1.0,6.99,,0.0,0
2026-09-27 16:32:47,LV,in,0.068,Q1 10:57,0,6083,Matt Gay,K,7.1,0.0,6.62,6.62,6.62,6.62,0.068,1.0,6.62,,0.0,0
2026-09-27 16:32:47,MIN,in,0.153,Q1 5:50,3.0,MIN,Minnesota Vikings D/ST,DST,7.1,10.0,-1.69,8.31,17.9,16.02,0.015,1.0,8.31,,0.0,0
2026-09-27 16:32:47,BAL,in,0.072,Q1 10:40,0,BAL,Baltimore Ravens D/ST,DST,5.0,10.0,-3.95,6.05,14.64,14.64,0.072,1.0,6.05,,0.0,0
2026-09-27 16:32:47,SF,in,0.164,Q1 5:11,7.0,SF,San Francisco 49ers D/ST,DST,7.1,10.0,-2.05,7.95,17.79,15.94,0.053,1.0,7.95,,0.0,0
2026-09-27 16:32:47,NO,in,0.068,Q1 10:57,0,NO,New Orleans Saints D/ST,DST,7.3,10.0,-3.19,6.81,16.81,16.81,0.068,1.0,6.81,,0.0,0
2026-09-27 16:32:47,TB,in,0.153,Q1 5:50,-3.0,TB,Tampa Bay Buccaneers D/ST,DST,6.4,4.0,0.72,4.72,10.06,9.42,0.023,1.0,4.72,,0.0,0
2026-09-27 16:32:47,DAL,in,0.072,Q1 10:40,0,DAL,Dallas Cowboys D/ST,DST,3.7,10.0,-4.38,5.62,13.43,13.43,0.072,1.0,5.62,,0.0,0
2026-09-27 16:32:47,LV,in,0.068,Q1 10:57,0,LV,Las Vegas Raiders D/ST,DST,5.8,10.0,-3.7,6.3,15.41,15.41,0.068,1.0,6.3,,0.0,0
2026-09-27 16:32:47,ARI,in,0.164,Q1 5:11,-7.0,ARI,Arizona Cardinals D/ST,DST,3.8,4.0,-0.43,3.57,7.88,7.18,0.053,1.0,3.57,,0.0,0
2026-09-27 16:32:47,ARI,in,0.164,Q1 5:11,-7.0,13272,Carson Beck,QB,1.7,0.0,1.58,1.58,1.36,1.42,0.053,1.0,1.58,,0.0,0
2026-09-27 16:32:47,LV,in,0.068,Q1 10:57,0,13329,Malik Benson,WR,2.1,0.0,1.88,1.88,1.96,1.96,0.068,1.0,1.88,,0.0,0
2026-09-27 16:32:47,TB,in,0.153,Q1 5:50,-3.0,13425,Jalon Daniels,QB,0.4,0.0,0.35,0.35,0.33,0.34,0.023,1.0,0.35,,0.0,0
2026-09-27 16:32:47,BAL,in,0.072,Q1 10:40,0,5008,Durham Smythe,TE,2.2,0.0,1.96,1.96,2.04,2.04,0.072,1.0,1.96,,0.0,0
2026-09-27 16:33:48,SF,in,0.164,Q1 5:11,7.0,4034,Christian McCaffrey,RB,21.8,0.3,16.14,16.44,17.85,18.53,0.053,1.0,16.44,,0.0,0
2026-09-27 16:33:48,DAL,in,0.091,Q1 9:34,0,6786,CeeDee Lamb,WR,19.1,0.0,16.65,16.65,17.37,17.37,0.091,1.0,16.65,,0.0,0
2026-09-27 16:33:48,MIN,in,0.153,Q1 5:50,3.0,6794,Justin Jefferson,WR,17.2,5.2,14.09,19.29,20.32,19.77,0.023,1.0,19.29,,0.0,0
2026-09-27 16:33:48,LV,in,0.079,Q1 10:14,0,12527,Ashton Jeanty,RB,18.5,0.3,16.11,16.41,17.33,17.33,0.012,1.0,16.41,,0.0,0
2026-09-27 16:33:48,ARI,in,0.164,Q1 5:11,-7.0,13287,Jeremiyah Love,RB,13.5,4.0,12.05,16.05,15.67,15.29,0.004,1.0,16.05,,0.0,0
2026-09-27 16:33:48,ARI,in,0.164,Q1 5:11,-7.0,8130,Trey McBride,TE,17.1,0.0,15.19,15.19,13.72,14.3,0.053,1.0,15.19,,0.0,0
2026-09-27 16:33:48,BAL,in,0.091,Q1 9:34,0,3198,Derrick Henry,RB,19.9,0.6,17.2,17.8,18.7,18.7,0.08,1.0,17.8,,0.0,0
2026-09-27 16:33:48,LV,in,0.079,Q1 10:14,0,11604,Brock Bowers,TE,13.9,6.7,13.34,20.04,19.5,19.5,0.0,1.0,20.04,,0.0,0
2026-09-27 16:33:48,DAL,in,0.091,Q1 9:34,0,8137,George Pickens,WR,14.4,2.3,12.92,15.22,15.4,15.4,0.039,1.0,15.22,,0.0,0
2026-09-27 16:33:48,NO,in,0.079,Q1 10:14,0,8144,Chris Olave,WR,17.5,0.0,15.44,15.44,16.11,16.11,0.079,1.0,15.44,,0.0,0
2026-09-27 16:33:48,NO,in,0.079,Q1 10:14,0,7543,Travis Etienne,RB,12.0,0.2,10.45,10.65,11.25,11.25,0.068,1.0,10.65,,0.0,0
2026-09-27 16:33:48,TB,in,0.153,Q1 5:50,-3.0,11584,Bucky Irving,RB,13.1,1.7,10.98,12.68,12.73,12.8,0.015,1.0,12.68,,0.0,0
2026-09-27 16:33:48,TB,in,0.153,Q1 5:50,-3.0,12514,Emeka Egbuka,WR,13.7,0.0,11.65,11.65,11.16,11.61,0.023,1.0,11.65,,0.0,0
2026-09-27 16:33:48,DAL,in,0.091,Q1 9:34,0,7588,Javonte Williams,RB,16.5,4.4,15.4,19.8,19.41,19.41,0.0,1.0,19.8,,0.0,0
2026-09-27 16:33:48,BAL,in,0.091,Q1 9:34,0,9997,Zay Flowers,WR,11.5,0.0,10.03,10.03,10.46,10.46,0.091,1.0,10.03,,0.0,0
2026-09-27 16:33:48,BAL,in,0.091,Q1 9:34,0,4881,Lamar Jackson,QB,22.7,0.0,20.48,20.48,20.64,20.64,0.091,1.0,20.48,,0.0,0
2026-09-27 16:33:48,SF,in,0.164,Q1 5:11,7.0,2216,Mike Evans,WR,9.6,1.4,7.09,8.49,9.39,9.43,0.0,1.0,8.49,,0.0,0
2026-09-27 16:33:48,ARI,in,0.164,Q1 5:11,-7.0,11628,Marvin Harrison Jr.,WR,8.2,0.0,7.29,7.29,6.58,6.86,0.053,1.0,7.29,,0.0,0
2026-09-27 16:33:48,ARI,in,0.164,Q1 5:11,-7.0,10232,Michael Wilson,WR,10.8,1.5,9.8,11.3,10.48,10.53,0.053,1.0,11.3,,0.0,0
2026-09-27 16:33:48,DAL,in,0.091,Q1 9:34,0,3294,Dak Prescott,QB,19.2,0.88,17.53,18.41,18.34,18.34,0.039,1.0,18.41,,0.0,0
2026-09-27 16:33:48,ARI,in,0.164,Q1 5:11,-7.0,8132,Tyler Allgeier,RB,7.4,3.0,6.83,9.83,9.56,9.19,0.053,1.0,9.83,,0.0,0
2026-09-27 16:33:48,MIN,in,0.153,Q1 5:50,3.0,9756,Jordan Addison,WR,8.7,0.0,6.75,6.75,7.09,7.37,0.023,1.0,6.75,,0.0,0
2026-09-27 16:33:48,SF,in,0.164,Q1 5:11,7.0,8183,Brock Purdy,QB,20.2,3.36,15.31,18.67,20.27,20.26,0.0,1.0,18.67,,0.0,0
2026-09-27 16:33:48,TB,in,0.153,Q1 5:50,-3.0,4037,Chris Godwin,WR,9.3,0.0,7.91,7.91,7.58,7.88,0.023,1.0,7.91,,0.0,0
2026-09-27 16:33:48,MIN,in,0.153,Q1 5:50,3.0,5849,Kyler Murray,QB,16.2,1.78,13.21,14.99,15.36,15.5,0.0,1.0,14.99,,0.0,0
2026-09-27 16:33:48,TB,in,0.153,Q1 5:50,-3.0,4892,Baker Mayfield,QB,16.6,6.16,16.07,22.23,20.99,20.22,0.015,1.0,22.23,,0.0,0
2026-09-27 16:33:48,TB,in,0.153,Q1 5:50,-3.0,7567,Kenneth Gainwell,RB,7.5,0.0,6.01,6.01,6.11,6.35,0.023,1.0,6.01,,0.0,0
2026-09-27 16:33:48,NO,in,0.079,Q1 10:14,0,12545,Tyler Shough,QB,19.8,0.0,18.08,18.08,18.23,18.23,0.079,1.0,18.08,,0.0,0
2026-09-27 16:33:48,SF,in,0.164,Q1 5:11,7.0,4217,George Kittle,TE,12.4,0.0,8.9,8.9,9.95,10.37,0.053,1.0,8.9,,0.0,0
2026-09-27 16:33:48,DAL,in,0.091,Q1 9:34,0,8110,Jake Ferguson,TE,9.2,0.0,8.02,8.02,8.37,8.37,0.091,1.0,8.02,,0.0,0
2026-09-27 16:33:48,MIN,in,0.153,Q1 5:50,3.0,7049,Jauan Jennings,WR,5.0,0.0,3.88,3.88,4.07,4.24,0.023,1.0,3.88,,0.0,0
2026-09-27 16:33:48,LV,in,0.079,Q1 10:14,0,13305,Mike Washington Jr.,RB,3.4,0.3,3.03,3.33,3.43,3.43,0.0,1.0,3.33,,0.0,0
2026-09-27 16:33:48,TB,in,0.153,Q1 5:50,-3.0,11618,Jalen McMillan,WR,5.6,0.0,4.76,4.76,4.56,4.74,0.023,1.0,4.76,,0.0,0
2026-09-27 16:33:48,MIN,in,0.153,Q1 5:50,3.0,4199,Aaron Jones,RB,13.0,1.8,10.52,12.32,12.77,12.81,0.023,1.0,12.32,,0.0,0
2026-09-27 16:33:48,BAL,in,0.091,Q1 9:34,0,5012,Mark Andrews,TE,13.2,0.0,11.51,11.51,12.0,12.0,0.091,1.0,11.51,,0.0,0
2026-09-27 16:33:48,SF,in,0.164,Q1 5:11,7.0,5872,Deebo Samuel,WR,11.8,14.0,10.41,24.41,26.39,23.87,0.053,1.0,24.41,,0.0,0
2026-09-27 16:33:48,NO,in,0.079,Q1 10:14,0,7002,Juwan Johnson,TE,9.6,0.0,8.47,8.47,8.84,8.84,0.079,1.0,8.47,,0.0,0
2026-09-27 16:33:48,ARI,in,0.164,Q1 5:11,-7.0,3257,Jacoby Brissett,QB,14.6,1.06,13.8,14.86,12.99,13.27,0.004,1.0,14.86,,0.0,0
2026-09-27 16:33:48,MIN,in,0.153,Q1 5:50,3.0,5844,T.J. Hockenson,TE,9.1,0.0,7.07,7.07,7.42,7.71,0.023,1.0,7.07,,0.0,0
2026-09-27 16:33:48,LV,in,0.079,Q1 10:14,0,8180,Jalen Nailor,WR,7.2,2.6,6.77,9.37,9.23,9.23,0.034,1.0,9.37,,0.0,0
2026-09-27 16:33:48,TB,in,0.153,Q1 5:50,-3.0,9506,Sean Tucker,RB,1.8,0.0,1.44,1.44,1.47,1.52,0.023,1.0,1.44,,0.0,0
2026-09-27 16:33:48,NO,in,0.079,Q1 10:14,0,4035,Alvin Kamara,RB,8.6,0.0,7.45,7.45,7.92,7.92,0.079,1.0,7.45,,0.0,0
2026-09-27 16:33:48,LV,in,0.079,Q1 10:14,0,10213,Tre Tucker,WR,10.5,0.0,9.27,9.27,9.67,9.67,0.079,1.0,9.27,,0.0,0
2026-09-27 16:33:48,TB,in,0.153,Q1 5:50,-3.0,8111,Cade Otton,TE,7.7,2.4,6.89,9.29,9.18,8.92,0.023,1.0,9.29,,0.0,0
2026-09-27 16:33:48,BAL,in,0.091,Q1 9:34,0,13268,Elijah Sarratt,WR,1.4,0.0,1.22,1.22,1.27,1.27,0.091,1.0,1.22,,0.0,0
2026-09-27 16:33:48,DAL,in,0.091,Q1 9:34,0,11783,Ryan Flournoy,WR,7.7,0.0,6.71,6.71,7.0,7.0,0.091,1.0,6.71,,0.0,0
2026-09-27 16:33:48,NO,in,0.079,Q1 10:14,0,11834,Devaughn Vele,WR,11.8,0.0,10.41,10.41,10.86,10.86,0.079,1.0,10.41,,0.0,0
2026-09-27 16:33:48,MIN,in,0.153,Q1 5:50,3.0,13347,Demond Claiborne,RB,1.2,0.0,0.92,0.92,0.98,1.02,0.023,1.0,0.92,,0.0,0
2026-09-27 16:33:48,TB,in,0.153,Q1 5:50,-3.0,12485,Tez Johnson,WR,2.1,0.0,1.79,1.79,1.71,1.78,0.023,1.0,1.79,,0.0,0
2026-09-27 16:33:48,BAL,in,0.091,Q1 9:34,0,5995,Justice Hill,RB,7.5,0.0,6.42,6.42,6.82,6.82,0.091,1.0,6.42,,0.0,0
2026-09-27 16:33:48,BAL,in,0.091,Q1 9:34,0,7571,Rashod Bateman,WR,11.5,0.0,10.03,10.03,10.46,10.46,0.091,1.0,10.03,,0.0,0
2026-09-27 16:33:48,DAL,in,0.091,Q1 9:34,0,11199,Emari Demercado,RB,2.1,0.0,1.8,1.8,1.91,1.91,0.091,1.0,1.8,,0.0,0
2026-09-27 16:33:48,TB,in,0.153,Q1 5:50,-3.0,13317,Ted Hurst,WR,6.1,11.0,6.74,17.74,18.3,16.17,0.015,1.0,17.74,,0.0,0
2026-09-27 16:33:48,SF,in,0.164,Q1 5:11,7.0,12467,Jordan James,RB,1.9,0.0,1.4,1.4,1.52,1.59,0.053,1.0,1.4,,0.0,0
2026-09-27 16:33:48,MIN,in,0.153,Q1 5:50,3.0,11565,J.J. McCarthy,QB,0.5,0.0,0.4,0.4,0.41,0.42,0.023,1.0,0.4,,0.0,0
2026-09-27 16:33:48,LV,in,0.079,Q1 10:14,0,1166,Kirk Cousins,QB,14.4,2.12,13.67,15.79,15.38,15.38,0.0,1.0,15.79,,0.0,0
2026-09-27 16:33:48,SF,in,0.164,Q1 5:11,7.0,7527,Mac Jones,QB,0.5,0.0,0.36,0.36,0.4,0.42,0.053,1.0,0.36,,0.0,0
2026-09-27 16:33:48,LV,in,0.079,Q1 10:14,0,12483,Jack Bech,WR,4.5,0.0,3.97,3.97,4.14,4.14,0.079,1.0,3.97,,0.0,0
2026-09-27 16:33:48,NO,in,0.079,Q1 10:14,0,13420,Bryce Lance,WR,3.9,0.0,3.44,3.44,3.59,3.59,0.079,1.0,3.44,,0.0,0
2026-09-27 16:33:48,ARI,in,0.164,Q1 5:11,-7.0,4454,Kendrick Bourne,WR,6.0,0.0,5.33,5.33,4.81,5.02,0.053,1.0,5.33,,0.0,0
2026-09-27 16:33:48,LV,in,0.079,Q1 10:14,0,9482,Michael Mayer,TE,6.7,0.0,5.91,5.91,6.17,6.17,0.079,1.0,5.91,,0.0,0
2026-09-27 16:33:48,MIN,in,0.153,Q1 5:50,3.0,5973,Josh Oliver,TE,3.5,0.0,2.72,2.72,2.85,2.97,0.023,1.0,2.72,,0.0,0
2026-09-27 16:33:48,BAL,in,0.091,Q1 9:34,0,11629,Devontez Walker,WR,4.4,0.0,3.84,3.84,4.0,4.0,0.091,1.0,3.84,,0.0,0
2026-09-27 16:33:48,DAL,in,0.091,Q1 9:34,0,8917,KaVontae Turpin,WR,3.5,0.0,3.05,3.05,3.18,3.18,0.091,1.0,3.05,,0.0,0
2026-09-27 16:33:48,NO,in,0.079,Q1 10:14,0,13319,Oscar Delp,TE,1.0,0.0,0.88,0.88,0.92,0.92,0.079,1.0,0.88,,0.0,0
2026-09-27 16:33:48,NO,in,0.079,Q1 10:14,0,5857,Noah Fant,TE,3.5,0.0,3.09,3.09,3.22,3.22,0.079,1.0,3.09,,0.0,0
2026-09-27 16:33:48,ARI,in,0.164,Q1 5:11,-7.0,6011,Gardner Minshew,QB,0.5,0.0,0.46,0.46,0.4,0.42,0.053,1.0,0.46,,0.0,0
2026-09-27 16:33:48,BAL,in,0.091,Q1 9:34,0,11570,Rasheen Ali,RB,0.8,0.0,0.68,0.68,0.73,0.73,0.091,1.0,0.68,,0.0,0
2026-09-27 16:33:48,SF,in,0.164,Q1 5:11,7.0,13414,Kaelon Black,RB,5.2,0.0,3.83,3.83,4.17,4.35,0.053,1.0,3.83,,0.0,0
2026-09-27 16:33:48,ARI,in,0.164,Q1 5:11,-7.0,10231,Elijah Higgins,TE,2.4,1.4,2.33,3.73,3.62,3.41,0.053,1.0,3.73,,0.0,0
2026-09-27 16:33:48,DAL,in,0.091,Q1 9:34,0,10871,Luke Schoonmaker,TE,1.6,1.9,1.7,3.6,3.36,3.36,0.065,1.0,3.6,,0.0,0
2026-09-27 16:33:48,NO,in,0.079,Q1 10:14,0,9757,Kendre Miller,RB,1.8,0.0,1.56,1.56,1.66,1.66,0.079,1.0,1.56,,0.0,0
2026-09-27 16:33:48,DAL,in,0.091,Q1 9:34,0,11533,Brandon Aubrey,K,8.9,0.0,8.09,8.09,8.09,8.09,0.091,1.0,8.09,,0.0,0
2026-09-27 16:33:48,MIN,in,0.153,Q1 5:50,3.0,11792,Will Reichard,K,8.2,6.0,7.95,13.95,13.95,12.95,0.023,1.0,13.95,,0.0,0
2026-09-27 16:33:48,TB,in,0.153,Q1 5:50,-3.0,6650,Chase McLaughlin,K,7.4,1.0,6.24,7.24,7.24,7.27,0.015,1.0,7.24,,0.0,0
2026-09-27 16:33:48,BAL,in,0.091,Q1 9:34,0,12711,Tyler Loop,K,9.4,0.0,8.55,8.55,8.55,8.55,0.091,1.0,8.55,,0.0,0
2026-09-27 16:33:48,SF,in,0.164,Q1 5:11,7.0,5189,Eddy Pineiro,K,9.6,1.0,7.91,8.91,8.91,9.03,0.053,1.0,8.91,,0.0,0
2026-09-27 16:33:48,ARI,in,0.164,Q1 5:11,-7.0,10955,Chad Ryland,K,6.3,0.0,5.05,5.05,5.05,5.27,0.053,1.0,5.05,,0.0,0
2026-09-27 16:33:48,NO,in,0.079,Q1 10:14,0,5095,Daniel Carlson,K,7.5,0.0,6.9,6.9,6.9,6.9,0.079,1.0,6.9,,0.0,0
2026-09-27 16:33:48,LV,in,0.079,Q1 10:14,0,6083,Matt Gay,K,7.1,0.0,6.54,6.54,6.54,6.54,0.079,1.0,6.54,,0.0,0
2026-09-27 16:33:48,MIN,in,0.153,Q1 5:50,3.0,MIN,Minnesota Vikings D/ST,DST,7.1,10.0,-1.69,8.31,17.9,16.02,0.015,1.0,8.31,,0.0,0
2026-09-27 16:33:48,BAL,in,0.091,Q1 9:34,0,BAL,Baltimore Ravens D/ST,DST,5.0,10.0,-3.87,6.13,14.55,14.55,0.091,1.0,6.13,,0.0,0
2026-09-27 16:33:48,SF,in,0.164,Q1 5:11,7.0,SF,San Francisco 49ers D/ST,DST,7.1,10.0,-2.05,7.95,17.79,15.94,0.053,1.0,7.95,,0.0,0
2026-09-27 16:33:48,NO,in,0.079,Q1 10:14,0,NO,New Orleans Saints D/ST,DST,7.3,10.0,-3.15,6.85,16.72,16.72,0.079,1.0,6.85,,0.0,0
2026-09-27 16:33:48,TB,in,0.153,Q1 5:50,-3.0,TB,Tampa Bay Buccaneers D/ST,DST,6.4,4.0,0.72,4.72,10.06,9.42,0.023,1.0,4.72,,0.0,0
2026-09-27 16:33:48,DAL,in,0.091,Q1 9:34,0,DAL,Dallas Cowboys D/ST,DST,3.7,10.0,-4.3,5.7,13.36,13.36,0.091,1.0,5.7,,0.0,0
2026-09-27 16:33:48,LV,in,0.079,Q1 10:14,0,LV,Las Vegas Raiders D/ST,DST,5.8,10.0,-3.65,6.35,15.34,15.34,0.079,1.0,6.35,,0.0,0
2026-09-27 16:33:48,ARI,in,0.164,Q1 5:11,-7.0,ARI,Arizona Cardinals D/ST,DST,3.8,4.0,-0.43,3.57,7.88,7.18,0.053,1.0,3.57,,0.0,0
2026-09-27 16:33:48,ARI,in,0.164,Q1 5:11,-7.0,13272,Carson Beck,QB,1.7,0.0,1.58,1.58,1.36,1.42,0.053,1.0,1.58,,0.0,0
2026-09-27 16:33:48,LV,in,0.079,Q1 10:14,0,13329,Malik Benson,WR,2.1,0.0,1.85,1.85,1.93,1.93,0.079,1.0,1.85,,0.0,0
2026-09-27 16:33:48,TB,in,0.153,Q1 5:50,-3.0,13425,Jalon Daniels,QB,0.4,0.0,0.35,0.35,0.33,0.34,0.023,1.0,0.35,,0.0,0
2026-09-27 16:33:48,BAL,in,0.091,Q1 9:34,0,5008,Durham Smythe,TE,2.2,0.0,1.92,1.92,2.0,2.0,0.091,1.0,1.92,,0.0,0
2026-09-27 16:34:49,SF,in,0.164,Q1 5:11,7.0,4034,Christian McCaffrey,RB,21.8,1.1,16.37,17.47,18.82,19.33,0.0,1.0,17.47,,0.0,0
2026-09-27 16:34:49,DAL,in,0.102,Q1 8:53,0,6786,CeeDee Lamb,WR,19.1,0.0,16.45,16.45,17.15,17.15,0.102,1.0,16.45,,0.0,0
2026-09-27 16:34:49,MIN,in,0.159,Q1 5:26,3.0,6794,Justin Jefferson,WR,17.2,5.2,13.98,19.18,20.17,19.66,0.03,1.0,19.18,,0.0,0
2026-09-27 16:34:49,LV,in,0.092,Q1 9:30,0,12527,Ashton Jeanty,RB,18.5,0.3,15.9,16.2,17.1,17.1,0.024,1.0,16.2,,0.0,0
2026-09-27 16:34:49,ARI,in,0.164,Q1 5:11,-7.0,13287,Jeremiyah Love,RB,13.5,4.0,12.05,16.05,15.67,15.29,0.004,1.0,16.05,,0.0,0
2026-09-27 16:34:49,ARI,in,0.164,Q1 5:11,-7.0,8130,Trey McBride,TE,17.1,0.0,15.19,15.19,13.72,14.3,0.053,1.0,15.19,,0.0,0
2026-09-27 16:34:49,BAL,in,0.102,Q1 8:53,0,3198,Derrick Henry,RB,19.9,0.6,16.98,17.58,18.47,18.47,0.091,1.0,17.58,,0.0,0
2026-09-27 16:34:49,LV,in,0.092,Q1 9:30,0,11604,Brock Bowers,TE,13.9,6.7,13.16,19.86,19.33,19.33,0.012,1.0,19.86,,0.0,0
2026-09-27 16:34:49,DAL,in,0.102,Q1 8:53,0,8137,George Pickens,WR,14.4,2.3,12.76,15.06,15.23,15.23,0.051,1.0,15.06,,0.0,0
2026-09-27 16:34:49,NO,in,0.092,Q1 9:30,0,8144,Chris Olave,WR,17.5,0.0,15.24,15.24,15.9,15.9,0.092,1.0,15.24,,0.0,0
2026-09-27 16:34:49,NO,in,0.092,Q1 9:30,0,7543,Travis Etienne,RB,12.0,0.2,10.32,10.52,11.1,11.1,0.08,1.0,10.52,,0.0,0
2026-09-27 16:34:49,TB,in,0.159,Q1 5:26,-3.0,11584,Bucky Irving,RB,13.1,1.7,10.87,12.57,12.63,12.71,0.022,1.0,12.57,,0.0,0
2026-09-27 16:34:49,TB,in,0.159,Q1 5:26,-3.0,12514,Emeka Egbuka,WR,13.7,0.0,11.56,11.56,11.06,11.52,0.03,1.0,11.56,,0.0,0
2026-09-27 16:34:49,DAL,in,0.102,Q1 8:53,0,7588,Javonte Williams,RB,16.5,4.4,15.2,19.6,19.22,19.22,0.011,1.0,19.6,,0.0,0
2026-09-27 16:34:49,BAL,in,0.102,Q1 8:53,0,9997,Zay Flowers,WR,11.5,0.0,9.9,9.9,10.33,10.33,0.102,1.0,9.9,,0.0,0
2026-09-27 16:34:49,BAL,in,0.102,Q1 8:53,0,4881,Lamar Jackson,QB,22.7,0.0,20.22,20.22,20.39,20.39,0.102,1.0,20.22,,0.0,0
2026-09-27 16:34:49,SF,in,0.164,Q1 5:11,7.0,2216,Mike Evans,WR,9.6,1.4,7.09,8.49,9.39,9.43,0.0,1.0,8.49,,0.0,0
2026-09-27 16:34:49,ARI,in,0.164,Q1 5:11,-7.0,11628,Marvin Harrison Jr.,WR,8.2,0.0,7.29,7.29,6.58,6.86,0.053,1.0,7.29,,0.0,0
2026-09-27 16:34:49,ARI,in,0.164,Q1 5:11,-7.0,10232,Michael Wilson,WR,10.8,1.5,9.8,11.3,10.48,10.53,0.053,1.0,11.3,,0.0,0
2026-09-27 16:34:49,DAL,in,0.102,Q1 8:53,0,3294,Dak Prescott,QB,19.2,0.88,17.31,18.19,18.12,18.12,0.051,1.0,18.19,,0.0,0
2026-09-27 16:34:49,ARI,in,0.164,Q1 5:11,-7.0,8132,Tyler Allgeier,RB,7.4,3.0,6.83,9.83,9.56,9.19,0.053,1.0,9.83,,0.0,0
2026-09-27 16:34:49,MIN,in,0.159,Q1 5:26,3.0,9756,Jordan Addison,WR,8.7,0.0,6.7,6.7,7.02,7.31,0.03,1.0,6.7,,0.0,0
2026-09-27 16:34:49,SF,in,0.164,Q1 5:11,7.0,8183,Brock Purdy,QB,20.2,3.36,15.31,18.67,20.27,20.26,0.0,1.0,18.67,,0.0,0
2026-09-27 16:34:49,TB,in,0.159,Q1 5:26,-3.0,4037,Chris Godwin,WR,9.3,0.0,7.85,7.85,7.51,7.82,0.03,1.0,7.85,,0.0,0
2026-09-27 16:34:49,MIN,in,0.159,Q1 5:26,3.0,5849,Kyler Murray,QB,16.2,1.98,13.15,15.13,15.47,15.6,0.0,1.0,15.13,,0.0,0
2026-09-27 16:34:49,TB,in,0.159,Q1 5:26,-3.0,4892,Baker Mayfield,QB,16.6,6.16,15.93,22.09,20.85,20.11,0.022,1.0,22.09,,0.0,0
2026-09-27 16:34:49,TB,in,0.159,Q1 5:26,-3.0,7567,Kenneth Gainwell,RB,7.5,0.0,5.95,5.95,6.05,6.3,0.03,1.0,5.95,,0.0,0
2026-09-27 16:34:49,NO,in,0.092,Q1 9:30,0,12545,Tyler Shough,QB,19.8,0.0,17.84,17.84,17.98,17.98,0.092,1.0,17.84,,0.0,0
2026-09-27 16:34:49,SF,in,0.164,Q1 5:11,7.0,4217,George Kittle,TE,12.4,0.0,8.9,8.9,9.95,10.37,0.053,1.0,8.9,,0.0,0
2026-09-27 16:34:49,DAL,in,0.102,Q1 8:53,0,8110,Jake Ferguson,TE,9.2,0.0,7.92,7.92,8.26,8.26,0.102,1.0,7.92,,0.0,0
2026-09-27 16:34:49,MIN,in,0.159,Q1 5:26,3.0,7049,Jauan Jennings,WR,5.0,0.0,3.85,3.85,4.04,4.2,0.03,1.0,3.85,,0.0,0
2026-09-27 16:34:49,LV,in,0.092,Q1 9:30,0,13305,Mike Washington Jr.,RB,3.4,0.3,2.99,3.29,3.39,3.39,0.012,1.0,3.29,,0.0,0
2026-09-27 16:34:49,TB,in,0.159,Q1 5:26,-3.0,11618,Jalen McMillan,WR,5.6,0.0,4.73,4.73,4.52,4.71,0.03,1.0,4.73,,0.0,0
2026-09-27 16:34:49,MIN,in,0.159,Q1 5:26,3.0,4199,Aaron Jones,RB,13.0,1.8,10.42,12.22,12.67,12.73,0.03,1.0,12.22,,0.0,0
2026-09-27 16:34:49,BAL,in,0.102,Q1 8:53,0,5012,Mark Andrews,TE,13.2,0.0,11.37,11.37,11.85,11.85,0.102,1.0,11.37,,0.0,0
2026-09-27 16:34:49,SF,in,0.164,Q1 5:11,7.0,5872,Deebo Samuel,WR,11.8,14.0,10.41,24.41,26.39,23.87,0.053,1.0,24.41,,0.0,0
2026-09-27 16:34:49,NO,in,0.092,Q1 9:30,0,7002,Juwan Johnson,TE,9.6,0.0,8.36,8.36,8.72,8.72,0.092,1.0,8.36,,0.0,0
2026-09-27 16:34:49,ARI,in,0.164,Q1 5:11,-7.0,3257,Jacoby Brissett,QB,14.6,1.06,13.8,14.86,12.99,13.27,0.004,1.0,14.86,,0.0,0
2026-09-27 16:34:49,MIN,in,0.159,Q1 5:26,3.0,5844,T.J. Hockenson,TE,9.1,1.5,7.22,8.72,9.16,9.15,0.0,1.0,8.72,,0.0,0
2026-09-27 16:34:49,LV,in,0.092,Q1 9:30,0,8180,Jalen Nailor,WR,7.2,2.6,6.68,9.28,9.14,9.14,0.047,1.0,9.28,,0.0,0
2026-09-27 16:34:49,TB,in,0.159,Q1 5:26,-3.0,9506,Sean Tucker,RB,1.8,0.0,1.43,1.43,1.45,1.51,0.03,1.0,1.43,,0.0,0
2026-09-27 16:34:49,NO,in,0.092,Q1 9:30,0,4035,Alvin Kamara,RB,8.6,0.0,7.35,7.35,7.81,7.81,0.092,1.0,7.35,,0.0,0
2026-09-27 16:34:49,LV,in,0.092,Q1 9:30,0,10213,Tre Tucker,WR,10.5,0.0,9.14,9.14,9.54,9.54,0.092,1.0,9.14,,0.0,0
2026-09-27 16:34:49,TB,in,0.159,Q1 5:26,-3.0,8111,Cade Otton,TE,7.7,2.4,6.83,9.23,9.12,8.87,0.03,1.0,9.23,,0.0,0
2026-09-27 16:34:49,BAL,in,0.102,Q1 8:53,0,13268,Elijah Sarratt,WR,1.4,0.0,1.21,1.21,1.26,1.26,0.102,1.0,1.21,,0.0,0
2026-09-27 16:34:49,DAL,in,0.102,Q1 8:53,0,11783,Ryan Flournoy,WR,7.7,0.0,6.63,6.63,6.92,6.92,0.102,1.0,6.63,,0.0,0
2026-09-27 16:34:49,NO,in,0.092,Q1 9:30,0,11834,Devaughn Vele,WR,11.8,0.0,10.28,10.28,10.72,10.72,0.092,1.0,10.28,,0.0,0
2026-09-27 16:34:49,MIN,in,0.159,Q1 5:26,3.0,13347,Demond Claiborne,RB,1.2,0.0,0.91,0.91,0.97,1.01,0.03,1.0,0.91,,0.0,0
2026-09-27 16:34:49,TB,in,0.159,Q1 5:26,-3.0,12485,Tez Johnson,WR,2.1,0.0,1.77,1.77,1.69,1.77,0.03,1.0,1.77,,0.0,0
2026-09-27 16:34:49,BAL,in,0.102,Q1 8:53,0,5995,Justice Hill,RB,7.5,0.0,6.33,6.33,6.74,6.74,0.102,1.0,6.33,,0.0,0
2026-09-27 16:34:49,BAL,in,0.102,Q1 8:53,0,7571,Rashod Bateman,WR,11.5,0.0,9.9,9.9,10.33,10.33,0.102,1.0,9.9,,0.0,0
2026-09-27 16:34:49,DAL,in,0.102,Q1 8:53,0,11199,Emari Demercado,RB,2.1,0.0,1.77,1.77,1.89,1.89,0.102,1.0,1.77,,0.0,0
2026-09-27 16:34:49,TB,in,0.159,Q1 5:26,-3.0,13317,Ted Hurst,WR,6.1,11.0,6.68,17.68,18.23,16.13,0.022,1.0,17.68,,0.0,0
2026-09-27 16:34:49,SF,in,0.164,Q1 5:11,7.0,12467,Jordan James,RB,1.9,0.0,1.4,1.4,1.52,1.59,0.053,1.0,1.4,,0.0,0
2026-09-27 16:34:49,MIN,in,0.159,Q1 5:26,3.0,11565,J.J. McCarthy,QB,0.5,0.0,0.39,0.39,0.4,0.42,0.03,1.0,0.39,,0.0,0
2026-09-27 16:34:49,LV,in,0.092,Q1 9:30,0,1166,Kirk Cousins,QB,14.4,2.12,13.48,15.6,15.2,15.2,0.012,1.0,15.6,,0.0,0
2026-09-27 16:34:49,SF,in,0.164,Q1 5:11,7.0,7527,Mac Jones,QB,0.5,0.0,0.36,0.36,0.4,0.42,0.053,1.0,0.36,,0.0,0
2026-09-27 16:34:49,LV,in,0.092,Q1 9:30,0,12483,Jack Bech,WR,4.5,0.0,3.92,3.92,4.09,4.09,0.092,1.0,3.92,,0.0,0
2026-09-27 16:34:49,NO,in,0.092,Q1 9:30,0,13420,Bryce Lance,WR,3.9,0.0,3.4,3.4,3.54,3.54,0.092,1.0,3.4,,0.0,0
2026-09-27 16:34:49,ARI,in,0.164,Q1 5:11,-7.0,4454,Kendrick Bourne,WR,6.0,0.0,5.33,5.33,4.81,5.02,0.053,1.0,5.33,,0.0,0
2026-09-27 16:34:49,LV,in,0.092,Q1 9:30,0,9482,Michael Mayer,TE,6.7,0.0,5.83,5.83,6.09,6.09,0.092,1.0,5.83,,0.0,0
2026-09-27 16:34:49,MIN,in,0.159,Q1 5:26,3.0,5973,Josh Oliver,TE,3.5,0.0,2.7,2.7,2.82,2.94,0.03,1.0,2.7,,0.0,0
2026-09-27 16:34:49,BAL,in,0.102,Q1 8:53,0,11629,Devontez Walker,WR,4.4,0.0,3.79,3.79,3.95,3.95,0.102,1.0,3.79,,0.0,0
2026-09-27 16:34:49,DAL,in,0.102,Q1 8:53,0,8917,KaVontae Turpin,WR,3.5,0.0,3.01,3.01,3.14,3.14,0.102,1.0,3.01,,0.0,0
2026-09-27 16:34:49,NO,in,0.092,Q1 9:30,0,13319,Oscar Delp,TE,1.0,0.0,0.87,0.87,0.91,0.91,0.092,1.0,0.87,,0.0,0
2026-09-27 16:34:49,NO,in,0.092,Q1 9:30,0,5857,Noah Fant,TE,3.5,0.0,3.05,3.05,3.18,3.18,0.092,1.0,3.05,,0.0,0
2026-09-27 16:34:49,ARI,in,0.164,Q1 5:11,-7.0,6011,Gardner Minshew,QB,0.5,0.0,0.46,0.46,0.4,0.42,0.053,1.0,0.46,,0.0,0
2026-09-27 16:34:49,BAL,in,0.102,Q1 8:53,0,11570,Rasheen Ali,RB,0.8,0.0,0.68,0.68,0.72,0.72,0.102,1.0,0.68,,0.0,0
2026-09-27 16:34:49,SF,in,0.164,Q1 5:11,7.0,13414,Kaelon Black,RB,5.2,0.0,3.83,3.83,4.17,4.35,0.053,1.0,3.83,,0.0,0
2026-09-27 16:34:49,ARI,in,0.164,Q1 5:11,-7.0,10231,Elijah Higgins,TE,2.4,1.4,2.33,3.73,3.62,3.41,0.053,1.0,3.73,,0.0,0
2026-09-27 16:34:49,DAL,in,0.102,Q1 8:53,0,10871,Luke Schoonmaker,TE,1.6,1.9,1.67,3.57,3.34,3.34,0.076,1.0,3.57,,0.0,0
2026-09-27 16:34:49,NO,in,0.092,Q1 9:30,0,9757,Kendre Miller,RB,1.8,0.0,1.54,1.54,1.64,1.64,0.092,1.0,1.54,,0.0,0
2026-09-27 16:34:49,DAL,in,0.102,Q1 8:53,0,11533,Brandon Aubrey,K,8.9,0.0,7.99,7.99,7.99,7.99,0.102,1.0,7.99,,0.0,0
2026-09-27 16:34:49,MIN,in,0.159,Q1 5:26,3.0,11792,Will Reichard,K,8.2,6.0,7.88,13.88,13.88,12.89,0.03,1.0,13.88,,0.0,0
2026-09-27 16:34:49,TB,in,0.159,Q1 5:26,-3.0,6650,Chase McLaughlin,K,7.4,1.0,6.18,7.18,7.18,7.22,0.022,1.0,7.18,,0.0,0
2026-09-27 16:34:49,BAL,in,0.102,Q1 8:53,0,12711,Tyler Loop,K,9.4,0.0,8.44,8.44,8.44,8.44,0.102,1.0,8.44,,0.0,0
2026-09-27 16:34:49,SF,in,0.164,Q1 5:11,7.0,5189,Eddy Pineiro,K,9.6,1.0,7.91,8.91,8.91,9.03,0.053,1.0,8.91,,0.0,0
2026-09-27 16:34:49,ARI,in,0.164,Q1 5:11,-7.0,10955,Chad Ryland,K,6.3,0.0,5.05,5.05,5.05,5.27,0.053,1.0,5.05,,0.0,0
2026-09-27 16:34:49,NO,in,0.092,Q1 9:30,0,5095,Daniel Carlson,K,7.5,0.0,6.81,6.81,6.81,6.81,0.092,1.0,6.81,,0.0,0
2026-09-27 16:34:49,LV,in,0.092,Q1 9:30,0,6083,Matt Gay,K,7.1,0.0,6.45,6.45,6.45,6.45,0.092,1.0,6.45,,0.0,0
2026-09-27 16:34:49,MIN,in,0.159,Q1 5:26,3.0,MIN,Minnesota Vikings D/ST,DST,7.1,10.0,-1.68,8.32,17.83,15.97,0.022,1.0,8.32,,0.0,0
2026-09-27 16:34:49,BAL,in,0.102,Q1 8:53,0,BAL,Baltimore Ravens D/ST,DST,5.0,11.0,-4.34,6.66,15.49,15.49,0.0,1.0,6.66,,0.0,0
2026-09-27 16:34:49,SF,in,0.164,Q1 5:11,7.0,SF,San Francisco 49ers D/ST,DST,7.1,10.0,-2.05,7.95,17.79,15.94,0.053,1.0,7.95,,0.0,0
2026-09-27 16:34:49,NO,in,0.092,Q1 9:30,0,NO,New Orleans Saints D/ST,DST,7.3,10.0,-3.11,6.89,16.63,16.63,0.092,1.0,6.89,,0.0,0
2026-09-27 16:34:49,TB,in,0.159,Q1 5:26,-3.0,TB,Tampa Bay Buccaneers D/ST,DST,6.4,4.0,0.7,4.7,10.01,9.38,0.03,1.0,4.7,,0.0,0
2026-09-27 16:34:49,DAL,in,0.102,Q1 8:53,0,DAL,Dallas Cowboys D/ST,DST,3.7,10.0,-4.22,5.78,13.32,13.32,0.102,1.0,5.78,,0.0,0
2026-09-27 16:34:49,LV,in,0.092,Q1 9:30,0,LV,Las Vegas Raiders D/ST,DST,5.8,10.0,-3.6,6.4,15.27,15.27,0.092,1.0,6.4,,0.0,0
2026-09-27 16:34:49,ARI,in,0.164,Q1 5:11,-7.0,ARI,Arizona Cardinals D/ST,DST,3.8,4.0,-0.43,3.57,7.88,7.18,0.053,1.0,3.57,,0.0,0
2026-09-27 16:34:49,ARI,in,0.164,Q1 5:11,-7.0,13272,Carson Beck,QB,1.7,0.0,1.58,1.58,1.36,1.42,0.053,1.0,1.58,,0.0,0
2026-09-27 16:34:49,LV,in,0.092,Q1 9:30,0,13329,Malik Benson,WR,2.1,0.0,1.83,1.83,1.91,1.91,0.092,1.0,1.83,,0.0,0
2026-09-27 16:34:49,TB,in,0.159,Q1 5:26,-3.0,13425,Jalon Daniels,QB,0.4,0.0,0.35,0.35,0.32,0.34,0.03,1.0,0.35,,0.0,0
2026-09-27 16:34:49,BAL,in,0.102,Q1 8:53,0,5008,Durham Smythe,TE,2.2,0.0,1.89,1.89,1.98,1.98,0.102,1.0,1.89,,0.0,0
2026-09-27 16:35:49,SF,in,0.175,Q1 4:31,7.0,4034,Christian McCaffrey,RB,21.8,1.6,16.22,17.82,19.14,19.59,0.0,1.0,17.82,,0.0,0
2026-09-27 16:35:49,DAL,in,0.114,Q1 8:10,3.0,6786,CeeDee Lamb,WR,19.1,0.0,15.49,15.49,16.92,16.92,0.114,1.0,15.49,,0.0,0
2026-09-27 16:35:49,MIN,in,0.183,Q1 4:02,3.0,6794,Justin Jefferson,WR,17.2,5.2,13.59,18.79,19.68,19.26,0.053,1.0,18.79,,0.0,0
2026-09-27 16:35:49,LV,in,0.099,Q1 9:05,0,12527,Ashton Jeanty,RB,18.5,0.6,15.86,16.46,17.28,17.28,0.0,1.0,16.46,,0.0,0
2026-09-27 16:35:49,ARI,in,0.175,Q1 4:31,-7.0,13287,Jeremiyah Love,RB,13.5,4.0,11.88,15.88,15.48,15.14,0.015,1.0,15.88,,0.0,0
2026-09-27 16:35:49,ARI,in,0.175,Q1 4:31,-7.0,8130,Trey McBride,TE,17.1,0.0,14.99,14.99,13.5,14.11,0.064,1.0,14.99,,0.0,0
2026-09-27 16:35:49,BAL,in,0.114,Q1 8:10,-3.0,3198,Derrick Henry,RB,19.9,0.6,17.0,17.6,18.23,18.23,0.103,1.0,17.6,,0.0,0
2026-09-27 16:35:49,LV,in,0.099,Q1 9:05,0,11604,Brock Bowers,TE,13.9,6.7,13.06,19.76,19.23,19.23,0.019,1.0,19.76,,0.0,0
2026-09-27 16:35:49,DAL,in,0.114,Q1 8:10,3.0,8137,George Pickens,WR,14.4,2.3,12.02,14.32,15.06,15.06,0.063,1.0,14.32,,0.0,0
2026-09-27 16:35:49,NO,in,0.099,Q1 9:05,0,8144,Chris Olave,WR,17.5,0.0,15.12,15.12,15.77,15.77,0.099,1.0,15.12,,0.0,0
2026-09-27 16:35:49,NO,in,0.099,Q1 9:05,0,7543,Travis Etienne,RB,12.0,0.2,10.24,10.44,11.02,11.02,0.087,1.0,10.44,,0.0,0
2026-09-27 16:35:49,TB,in,0.183,Q1 4:02,-3.0,11584,Bucky Irving,RB,13.1,1.7,10.52,12.22,12.26,12.41,0.045,1.0,12.22,,0.0,0
2026-09-27 16:35:49,TB,in,0.183,Q1 4:02,-3.0,12514,Emeka Egbuka,WR,13.7,0.0,11.24,11.24,10.68,11.2,0.053,1.0,11.24,,0.0,0
2026-09-27 16:35:49,DAL,in,0.114,Q1 8:10,3.0,7588,Javonte Williams,RB,16.5,4.4,14.72,19.12,19.02,19.02,0.023,1.0,19.12,,0.0,0
2026-09-27 16:35:49,BAL,in,0.114,Q1 8:10,-3.0,9997,Zay Flowers,WR,11.5,0.0,10.22,10.22,10.19,10.19,0.114,1.0,10.22,,0.0,0
2026-09-27 16:35:49,BAL,in,0.114,Q1 8:10,-3.0,4881,Lamar Jackson,QB,22.7,0.0,21.01,21.01,20.11,20.11,0.114,1.0,21.01,,0.0,0
2026-09-27 16:35:49,SF,in,0.175,Q1 4:31,7.0,2216,Mike Evans,WR,9.6,1.4,7.0,8.4,9.27,9.32,0.011,1.0,8.4,,0.0,0
2026-09-27 16:35:49,ARI,in,0.175,Q1 4:31,-7.0,11628,Marvin Harrison Jr.,WR,8.2,0.0,7.19,7.19,6.47,6.77,0.064,1.0,7.19,,0.0,0
2026-09-27 16:35:49,ARI,in,0.175,Q1 4:31,-7.0,10232,Michael Wilson,WR,10.8,1.5,9.67,11.17,10.33,10.41,0.064,1.0,11.17,,0.0,0
2026-09-27 16:35:49,DAL,in,0.114,Q1 8:10,3.0,3294,Dak Prescott,QB,19.2,0.88,16.14,17.02,17.89,17.89,0.063,1.0,17.02,,0.0,0
2026-09-27 16:35:49,ARI,in,0.175,Q1 4:31,-7.0,8132,Tyler Allgeier,RB,7.4,3.0,6.73,9.73,9.46,9.11,0.064,1.0,9.73,,0.0,0
2026-09-27 16:35:49,MIN,in,0.183,Q1 4:02,3.0,9756,Jordan Addison,WR,8.7,0.0,6.52,6.52,6.78,7.11,0.053,1.0,6.52,,0.0,0
2026-09-27 16:35:49,SF,in,0.175,Q1 4:31,7.0,8183,Brock Purdy,QB,20.2,3.36,15.09,18.45,20.0,20.03,0.011,1.0,18.45,,0.0,0
2026-09-27 16:35:49,TB,in,0.183,Q1 4:02,-3.0,4037,Chris Godwin,WR,9.3,0.0,7.63,7.63,7.25,7.6,0.053,1.0,7.63,,0.0,0
2026-09-27 16:35:49,MIN,in,0.183,Q1 4:02,3.0,5849,Kyler Murray,QB,16.2,3.04,13.0,16.04,16.3,16.28,0.0,1.0,16.04,,0.0,0
2026-09-27 16:35:49,TB,in,0.183,Q1 4:02,-3.0,4892,Baker Mayfield,QB,16.6,6.16,15.47,21.63,20.36,19.73,0.045,1.0,21.63,,0.0,0
2026-09-27 16:35:49,TB,in,0.183,Q1 4:02,-3.0,7567,Kenneth Gainwell,RB,7.5,0.0,5.76,5.76,5.85,6.13,0.053,1.0,5.76,,0.0,0
2026-09-27 16:35:49,NO,in,0.099,Q1 9:05,0,12545,Tyler Shough,QB,19.8,0.0,17.7,17.7,17.85,17.85,0.099,1.0,17.7,,0.0,0
2026-09-27 16:35:49,SF,in,0.175,Q1 4:31,7.0,4217,George Kittle,TE,12.4,0.0,8.79,8.79,9.79,10.23,0.064,1.0,8.79,,0.0,0
2026-09-27 16:35:49,DAL,in,0.114,Q1 8:10,3.0,8110,Jake Ferguson,TE,9.2,0.0,7.46,7.46,8.15,8.15,0.114,1.0,7.46,,0.0,0
2026-09-27 16:35:49,MIN,in,0.183,Q1 4:02,3.0,7049,Jauan Jennings,WR,5.0,0.0,3.75,3.75,3.9,4.09,0.053,1.0,3.75,,0.0,0
2026-09-27 16:35:49,LV,in,0.099,Q1 9:05,0,13305,Mike Washington Jr.,RB,3.4,0.3,2.97,3.27,3.36,3.36,0.019,1.0,3.27,,0.0,0
2026-09-27 16:35:49,TB,in,0.183,Q1 4:02,-3.0,11618,Jalen McMillan,WR,5.6,0.0,4.6,4.6,4.37,4.58,0.053,1.0,4.6,,0.0,0
2026-09-27 16:35:49,MIN,in,0.183,Q1 4:02,3.0,4199,Aaron Jones,RB,13.0,1.8,10.06,11.86,12.31,12.42,0.053,1.0,11.86,,0.0,0
2026-09-27 16:35:49,BAL,in,0.114,Q1 8:10,-3.0,5012,Mark Andrews,TE,13.2,0.0,11.73,11.73,11.7,11.7,0.114,1.0,11.73,,0.0,0
2026-09-27 16:35:49,SF,in,0.175,Q1 4:31,7.0,5872,Deebo Samuel,WR,11.8,14.0,10.26,24.26,26.2,23.74,0.064,1.0,24.26,,0.0,0
2026-09-27 16:35:49,NO,in,0.099,Q1 9:05,0,7002,Juwan Johnson,TE,9.6,0.0,8.3,8.3,8.65,8.65,0.099,1.0,8.3,,0.0,0
2026-09-27 16:35:49,ARI,in,0.175,Q1 4:31,-7.0,3257,Jacoby Brissett,QB,14.6,1.06,13.6,14.66,12.8,13.11,0.015,1.0,14.66,,0.0,0
2026-09-27 16:35:49,MIN,in,0.183,Q1 4:02,3.0,5844,T.J. Hockenson,TE,9.1,1.4,7.01,8.41,8.78,8.84,0.0,1.0,8.41,,0.0,0
2026-09-27 16:35:49,LV,in,0.099,Q1 9:05,0,8180,Jalen Nailor,WR,7.2,2.6,6.63,9.23,9.09,9.09,0.054,1.0,9.23,,0.0,0
2026-09-27 16:35:49,TB,in,0.183,Q1 4:02,-3.0,9506,Sean Tucker,RB,1.8,0.0,1.38,1.38,1.4,1.47,0.053,1.0,1.38,,0.0,0
2026-09-27 16:35:49,NO,in,0.099,Q1 9:05,0,4035,Alvin Kamara,RB,8.6,0.0,7.29,7.29,7.75,7.75,0.099,1.0,7.29,,0.0,0
2026-09-27 16:35:49,LV,in,0.099,Q1 9:05,0,10213,Tre Tucker,WR,10.5,0.0,9.07,9.07,9.46,9.46,0.099,1.0,9.07,,0.0,0
2026-09-27 16:35:49,TB,in,0.183,Q1 4:02,-3.0,8111,Cade Otton,TE,7.7,2.4,6.64,9.04,8.9,8.69,0.053,1.0,9.04,,0.0,0
2026-09-27 16:35:49,BAL,in,0.114,Q1 8:10,-3.0,13268,Elijah Sarratt,WR,1.4,0.0,1.24,1.24,1.24,1.24,0.114,1.0,1.24,,0.0,0
2026-09-27 16:35:49,DAL,in,0.114,Q1 8:10,3.0,11783,Ryan Flournoy,WR,7.7,0.0,6.24,6.24,6.82,6.82,0.114,1.0,6.24,,0.0,0
2026-09-27 16:35:49,NO,in,0.099,Q1 9:05,0,11834,Devaughn Vele,WR,11.8,0.0,10.2,10.2,10.64,10.64,0.099,1.0,10.2,,0.0,0
2026-09-27 16:35:49,MIN,in,0.183,Q1 4:02,3.0,13347,Demond Claiborne,RB,1.2,0.0,0.88,0.88,0.94,0.98,0.053,1.0,0.88,,0.0,0
2026-09-27 16:35:49,TB,in,0.183,Q1 4:02,-3.0,12485,Tez Johnson,WR,2.1,0.0,1.72,1.72,1.64,1.72,0.053,1.0,1.72,,0.0,0
2026-09-27 16:35:49,BAL,in,0.114,Q1 8:10,-3.0,5995,Justice Hill,RB,7.5,0.0,6.34,6.34,6.65,6.65,0.114,1.0,6.34,,0.0,0
2026-09-27 16:35:49,BAL,in,0.114,Q1 8:10,-3.0,7571,Rashod Bateman,WR,11.5,0.0,10.22,10.22,10.19,10.19,0.114,1.0,10.22,,0.0,0
2026-09-27 16:35:49,DAL,in,0.114,Q1 8:10,3.0,11199,Emari Demercado,RB,2.1,0.0,1.71,1.71,1.86,1.86,0.114,1.0,1.71,,0.0,0
2026-09-27 16:35:49,TB,in,0.183,Q1 4:02,-3.0,13317,Ted Hurst,WR,6.1,11.0,6.48,17.48,18.0,15.99,0.045,1.0,17.48,,0.0,0
2026-09-27 16:35:49,SF,in,0.175,Q1 4:31,7.0,12467,Jordan James,RB,1.9,0.0,1.38,1.38,1.5,1.57,0.064,1.0,1.38,,0.0,0
2026-09-27 16:35:49,MIN,in,0.183,Q1 4:02,3.0,11565,J.J. McCarthy,QB,0.5,0.0,0.38,0.38,0.39,0.41,0.053,1.0,0.38,,0.0,0
2026-09-27 16:35:49,LV,in,0.099,Q1 9:05,0,1166,Kirk Cousins,QB,14.4,2.12,13.38,15.5,15.1,15.1,0.019,1.0,15.5,,0.0,0
2026-09-27 16:35:49,SF,in,0.175,Q1 4:31,7.0,7527,Mac Jones,QB,0.5,0.0,0.35,0.35,0.39,0.41,0.064,1.0,0.35,,0.0,0
2026-09-27 16:35:49,LV,in,0.099,Q1 9:05,0,12483,Jack Bech,WR,4.5,0.0,3.89,3.89,4.06,4.06,0.099,1.0,3.89,,0.0,0
2026-09-27 16:35:49,NO,in,0.099,Q1 9:05,0,13420,Bryce Lance,WR,3.9,0.0,3.37,3.37,3.52,3.52,0.099,1.0,3.37,,0.0,0
2026-09-27 16:35:49,ARI,in,0.175,Q1 4:31,-7.0,4454,Kendrick Bourne,WR,6.0,0.0,5.26,5.26,4.74,4.95,0.064,1.0,5.26,,0.0,0
2026-09-27 16:35:49,LV,in,0.099,Q1 9:05,0,9482,Michael Mayer,TE,6.7,0.0,5.79,5.79,6.04,6.04,0.099,1.0,5.79,,0.0,0
2026-09-27 16:35:49,MIN,in,0.183,Q1 4:02,3.0,5973,Josh Oliver,TE,3.5,0.0,2.62,2.62,2.73,2.86,0.053,1.0,2.62,,0.0,0
2026-09-27 16:35:49,BAL,in,0.114,Q1 8:10,-3.0,11629,Devontez Walker,WR,4.4,0.0,3.91,3.91,3.9,3.9,0.114,1.0,3.91,,0.0,0
2026-09-27 16:35:49,DAL,in,0.114,Q1 8:10,3.0,8917,KaVontae Turpin,WR,3.5,0.0,2.84,2.84,3.1,3.1,0.114,1.0,2.84,,0.0,0
2026-09-27 16:35:49,NO,in,0.099,Q1 9:05,0,13319,Oscar Delp,TE,1.0,0.0,0.86,0.86,0.9,0.9,0.099,1.0,0.86,,0.0,0
2026-09-27 16:35:49,NO,in,0.099,Q1 9:05,0,5857,Noah Fant,TE,3.5,0.0,3.02,3.02,3.15,3.15,0.099,1.0,3.02,,0.0,0
2026-09-27 16:35:49,ARI,in,0.175,Q1 4:31,-7.0,6011,Gardner Minshew,QB,0.5,0.0,0.46,0.46,0.39,0.41,0.064,1.0,0.46,,0.0,0
2026-09-27 16:35:49,BAL,in,0.114,Q1 8:10,-3.0,11570,Rasheen Ali,RB,0.8,0.0,0.68,0.68,0.71,0.71,0.114,1.0,0.68,,0.0,0
2026-09-27 16:35:49,SF,in,0.175,Q1 4:31,7.0,13414,Kaelon Black,RB,5.2,0.0,3.76,3.76,4.1,4.29,0.064,1.0,3.76,,0.0,0
2026-09-27 16:35:49,ARI,in,0.175,Q1 4:31,-7.0,10231,Elijah Higgins,TE,2.4,1.4,2.29,3.69,3.58,3.38,0.064,1.0,3.69,,0.0,0
2026-09-27 16:35:49,DAL,in,0.114,Q1 8:10,3.0,10871,Luke Schoonmaker,TE,1.6,1.9,1.59,3.49,3.32,3.32,0.088,1.0,3.49,,0.0,0
2026-09-27 16:35:49,NO,in,0.099,Q1 9:05,0,9757,Kendre Miller,RB,1.8,0.0,1.53,1.53,1.62,1.62,0.099,1.0,1.53,,0.0,0
2026-09-27 16:35:49,DAL,in,0.114,Q1 8:10,3.0,11533,Brandon Aubrey,K,8.9,3.0,7.89,10.89,10.89,10.89,0.0,1.0,10.89,,0.0,0
2026-09-27 16:35:49,MIN,in,0.183,Q1 4:02,3.0,11792,Will Reichard,K,8.2,6.0,7.62,13.62,13.62,12.7,0.053,1.0,13.62,,0.0,0
2026-09-27 16:35:49,TB,in,0.183,Q1 4:02,-3.0,6650,Chase McLaughlin,K,7.4,1.0,5.98,6.98,6.98,7.05,0.045,1.0,6.98,,0.0,0
2026-09-27 16:35:49,BAL,in,0.114,Q1 8:10,-3.0,12711,Tyler Loop,K,9.4,0.0,8.33,8.33,8.33,8.33,0.114,1.0,8.33,,0.0,0
2026-09-27 16:35:49,SF,in,0.175,Q1 4:31,7.0,5189,Eddy Pineiro,K,9.6,1.0,7.78,8.78,8.78,8.92,0.064,1.0,8.78,,0.0,0
2026-09-27 16:35:49,ARI,in,0.175,Q1 4:31,-7.0,10955,Chad Ryland,K,6.3,0.0,4.97,4.97,4.97,5.2,0.064,1.0,4.97,,0.0,0
2026-09-27 16:35:49,NO,in,0.099,Q1 9:05,0,5095,Daniel Carlson,K,7.5,0.0,6.76,6.76,6.76,6.76,0.099,1.0,6.76,,0.0,0
2026-09-27 16:35:49,LV,in,0.099,Q1 9:05,0,6083,Matt Gay,K,7.1,0.0,6.4,6.4,6.4,6.4,0.099,1.0,6.4,,0.0,0
2026-09-27 16:35:49,MIN,in,0.183,Q1 4:02,3.0,MIN,Minnesota Vikings D/ST,DST,7.1,10.0,-1.64,8.36,17.58,15.8,0.045,1.0,8.36,,0.0,0
2026-09-27 16:35:49,BAL,in,0.114,Q1 8:10,-3.0,BAL,Baltimore Ravens D/ST,DST,5.0,8.0,-2.47,5.53,12.43,12.43,0.0,1.0,5.53,,0.0,0
2026-09-27 16:35:49,SF,in,0.175,Q1 4:31,7.0,SF,San Francisco 49ers D/ST,DST,7.1,10.0,-2.02,7.98,17.67,15.86,0.064,1.0,7.98,,0.0,0
2026-09-27 16:35:49,NO,in,0.099,Q1 9:05,0,NO,New Orleans Saints D/ST,DST,7.3,10.0,-3.09,6.91,16.58,16.58,0.099,1.0,6.91,,0.0,0
2026-09-27 16:35:49,TB,in,0.183,Q1 4:02,-3.0,TB,Tampa Bay Buccaneers D/ST,DST,6.4,4.0,0.62,4.62,9.81,9.23,0.053,1.0,4.62,,0.0,0
2026-09-27 16:35:49,DAL,in,0.114,Q1 8:10,3.0,DAL,Dallas Cowboys D/ST,DST,3.7,10.0,-3.9,6.1,13.28,13.28,0.114,1.0,6.1,,0.0,0
2026-09-27 16:35:49,LV,in,0.099,Q1 9:05,0,LV,Las Vegas Raiders D/ST,DST,5.8,10.0,-3.57,6.43,15.23,15.23,0.099,1.0,6.43,,0.0,0
2026-09-27 16:35:49,ARI,in,0.175,Q1 4:31,-7.0,ARI,Arizona Cardinals D/ST,DST,3.8,4.0,-0.44,3.56,7.82,7.14,0.064,1.0,3.56,,0.0,0
2026-09-27 16:35:49,ARI,in,0.175,Q1 4:31,-7.0,13272,Carson Beck,QB,1.7,0.0,1.56,1.56,1.34,1.4,0.064,1.0,1.56,,0.0,0
2026-09-27 16:35:49,LV,in,0.099,Q1 9:05,0,13329,Malik Benson,WR,2.1,0.0,1.81,1.81,1.89,1.89,0.099,1.0,1.81,,0.0,0
2026-09-27 16:35:49,TB,in,0.183,Q1 4:02,-3.0,13425,Jalon Daniels,QB,0.4,0.0,0.34,0.34,0.31,0.33,0.053,1.0,0.34,,0.0,0
2026-09-27 16:35:49,BAL,in,0.114,Q1 8:10,-3.0,5008,Durham Smythe,TE,2.2,0.0,1.96,1.96,1.95,1.95,0.114,1.0,1.96,,0.0,0
2026-09-27 16:36:50,SF,in,0.188,Q1 3:43,7.0,4034,Christian McCaffrey,RB,21.8,1.6,15.88,17.48,18.79,19.3,0.013,1.0,17.48,,0.0,0
2026-09-27 16:36:50,DAL,in,0.114,Q1 8:10,3.0,6786,CeeDee Lamb,WR,19.1,0.0,15.49,15.49,16.92,16.92,0.114,1.0,15.49,,0.0,0
2026-09-27 16:36:50,MIN,in,0.183,Q1 4:02,3.0,6794,Justin Jefferson,WR,17.2,5.2,13.59,18.79,19.68,19.26,0.053,1.0,18.79,,0.0,0
2026-09-27 16:36:50,LV,in,0.123,Q1 7:38,0,12527,Ashton Jeanty,RB,18.5,2.0,15.75,17.75,18.23,18.23,0.0,1.0,17.75,,0.0,0
2026-09-27 16:36:50,ARI,in,0.188,Q1 3:43,-7.0,13287,Jeremiyah Love,RB,13.5,4.0,11.66,15.66,15.26,14.96,0.028,1.0,15.66,,0.0,0
2026-09-27 16:36:50,ARI,in,0.188,Q1 3:43,-7.0,8130,Trey McBride,TE,17.1,0.0,14.75,14.75,13.23,13.88,0.077,1.0,14.75,,0.0,0
2026-09-27 16:36:50,BAL,in,0.114,Q1 8:10,-3.0,3198,Derrick Henry,RB,19.9,0.6,17.0,17.6,18.23,18.23,0.103,1.0,17.6,,0.0,0
2026-09-27 16:36:50,LV,in,0.123,Q1 7:38,0,11604,Brock Bowers,TE,13.9,6.7,12.69,19.39,18.89,18.89,0.043,1.0,19.39,,0.0,0
2026-09-27 16:36:50,DAL,in,0.114,Q1 8:10,3.0,8137,George Pickens,WR,14.4,2.3,12.02,14.32,15.06,15.06,0.063,1.0,14.32,,0.0,0
2026-09-27 16:36:50,NO,in,0.123,Q1 7:38,0,8144,Chris Olave,WR,17.5,0.0,14.73,14.73,15.35,15.35,0.123,1.0,14.73,,0.0,0
2026-09-27 16:36:50,NO,in,0.123,Q1 7:38,0,7543,Travis Etienne,RB,12.0,0.2,9.9,10.1,10.73,10.73,0.111,1.0,10.1,,0.0,0
2026-09-27 16:36:50,TB,in,0.183,Q1 4:02,-3.0,11584,Bucky Irving,RB,13.1,1.7,10.52,12.22,12.26,12.41,0.045,1.0,12.22,,0.0,0
2026-09-27 16:36:50,TB,in,0.183,Q1 4:02,-3.0,12514,Emeka Egbuka,WR,13.7,0.0,11.24,11.24,10.68,11.2,0.053,1.0,11.24,,0.0,0
2026-09-27 16:36:50,DAL,in,0.114,Q1 8:10,3.0,7588,Javonte Williams,RB,16.5,4.4,14.72,19.12,19.02,19.02,0.023,1.0,19.12,,0.0,0
2026-09-27 16:36:50,BAL,in,0.114,Q1 8:10,-3.0,9997,Zay Flowers,WR,11.5,0.0,10.22,10.22,10.19,10.19,0.114,1.0,10.22,,0.0,0
2026-09-27 16:36:50,BAL,in,0.114,Q1 8:10,-3.0,4881,Lamar Jackson,QB,22.7,0.0,21.01,21.01,20.11,20.11,0.114,1.0,21.01,,0.0,0
2026-09-27 16:36:50,SF,in,0.188,Q1 3:43,7.0,2216,Mike Evans,WR,9.6,1.4,6.89,8.29,9.11,9.19,0.024,1.0,8.29,,0.0,0
2026-09-27 16:36:50,ARI,in,0.188,Q1 3:43,-7.0,11628,Marvin Harrison Jr.,WR,8.2,0.0,7.07,7.07,6.34,6.66,0.077,1.0,7.07,,0.0,0
2026-09-27 16:36:50,ARI,in,0.188,Q1 3:43,-7.0,10232,Michael Wilson,WR,10.8,1.5,9.51,11.01,10.16,10.27,0.077,1.0,11.01,,0.0,0
2026-09-27 16:36:50,DAL,in,0.114,Q1 8:10,3.0,3294,Dak Prescott,QB,19.2,0.88,16.14,17.02,17.89,17.89,0.063,1.0,17.02,,0.0,0
2026-09-27 16:36:50,ARI,in,0.188,Q1 3:43,-7.0,8132,Tyler Allgeier,RB,7.4,3.0,6.61,9.61,9.33,9.01,0.077,1.0,9.61,,0.0,0
2026-09-27 16:36:50,MIN,in,0.183,Q1 4:02,3.0,9756,Jordan Addison,WR,8.7,0.0,6.52,6.52,6.78,7.11,0.053,1.0,6.52,,0.0,0
2026-09-27 16:36:50,SF,in,0.188,Q1 3:43,7.0,8183,Brock Purdy,QB,20.2,3.36,14.83,18.19,19.67,19.76,0.024,1.0,18.19,,0.0,0
2026-09-27 16:36:50,TB,in,0.183,Q1 4:02,-3.0,4037,Chris Godwin,WR,9.3,0.0,7.63,7.63,7.25,7.6,0.053,1.0,7.63,,0.0,0
2026-09-27 16:36:50,MIN,in,0.183,Q1 4:02,3.0,5849,Kyler Murray,QB,16.2,3.14,13.02,16.16,16.42,16.38,0.0,1.0,16.16,,0.0,0
2026-09-27 16:36:50,TB,in,0.183,Q1 4:02,-3.0,4892,Baker Mayfield,QB,16.6,6.16,15.47,21.63,20.36,19.73,0.045,1.0,21.63,,0.0,0
2026-09-27 16:36:50,TB,in,0.183,Q1 4:02,-3.0,7567,Kenneth Gainwell,RB,7.5,0.0,5.76,5.76,5.85,6.13,0.053,1.0,5.76,,0.0,0
2026-09-27 16:36:50,NO,in,0.123,Q1 7:38,0,12545,Tyler Shough,QB,19.8,0.0,17.19,17.19,17.37,17.37,0.123,1.0,17.19,,0.0,0
2026-09-27 16:36:50,SF,in,0.188,Q1 3:43,7.0,4217,George Kittle,TE,12.4,0.0,8.66,8.66,9.59,10.07,0.077,1.0,8.66,,0.0,0
2026-09-27 16:36:50,DAL,in,0.114,Q1 8:10,3.0,8110,Jake Ferguson,TE,9.2,0.0,7.46,7.46,8.15,8.15,0.114,1.0,7.46,,0.0,0
2026-09-27 16:36:50,MIN,in,0.183,Q1 4:02,3.0,7049,Jauan Jennings,WR,5.0,0.0,3.75,3.75,3.9,4.09,0.053,1.0,3.75,,0.0,0
2026-09-27 16:36:50,LV,in,0.123,Q1 7:38,0,13305,Mike Washington Jr.,RB,3.4,0.3,2.88,3.18,3.28,3.28,0.043,1.0,3.18,,0.0,0
2026-09-27 16:36:50,TB,in,0.183,Q1 4:02,-3.0,11618,Jalen McMillan,WR,5.6,0.0,4.6,4.6,4.37,4.58,0.053,1.0,4.6,,0.0,0
2026-09-27 16:36:50,MIN,in,0.183,Q1 4:02,3.0,4199,Aaron Jones,RB,13.0,1.8,10.06,11.86,12.31,12.42,0.053,1.0,11.86,,0.0,0
2026-09-27 16:36:50,BAL,in,0.114,Q1 8:10,-3.0,5012,Mark Andrews,TE,13.2,0.0,11.73,11.73,11.7,11.7,0.114,1.0,11.73,,0.0,0
2026-09-27 16:36:50,SF,in,0.188,Q1 3:43,7.0,5872,Deebo Samuel,WR,11.8,14.3,10.13,24.43,26.33,23.88,0.0,1.0,24.43,,0.0,0
2026-09-27 16:36:50,NO,in,0.123,Q1 7:38,0,7002,Juwan Johnson,TE,9.6,0.0,8.08,8.08,8.42,8.42,0.123,1.0,8.08,,0.0,0
2026-09-27 16:36:50,ARI,in,0.188,Q1 3:43,-7.0,3257,Jacoby Brissett,QB,14.6,1.06,13.37,14.43,12.57,12.91,0.028,1.0,14.43,,0.0,0
2026-09-27 16:36:50,MIN,in,0.183,Q1 4:02,3.0,5844,T.J. Hockenson,TE,9.1,1.4,7.01,8.41,8.78,8.84,0.0,1.0,8.41,,0.0,0
2026-09-27 16:36:50,LV,in,0.123,Q1 7:38,0,8180,Jalen Nailor,WR,7.2,2.6,6.45,9.05,8.92,8.92,0.078,1.0,9.05,,0.0,0
2026-09-27 16:36:50,TB,in,0.183,Q1 4:02,-3.0,9506,Sean Tucker,RB,1.8,0.0,1.38,1.38,1.4,1.47,0.053,1.0,1.38,,0.0,0
2026-09-27 16:36:50,NO,in,0.123,Q1 7:38,0,4035,Alvin Kamara,RB,8.6,0.0,7.05,7.05,7.54,7.54,0.123,1.0,7.05,,0.0,0
2026-09-27 16:36:50,LV,in,0.123,Q1 7:38,0,10213,Tre Tucker,WR,10.5,0.0,8.84,8.84,9.21,9.21,0.123,1.0,8.84,,0.0,0
2026-09-27 16:36:50,TB,in,0.183,Q1 4:02,-3.0,8111,Cade Otton,TE,7.7,2.4,6.64,9.04,8.9,8.69,0.053,1.0,9.04,,0.0,0
2026-09-27 16:36:50,BAL,in,0.114,Q1 8:10,-3.0,13268,Elijah Sarratt,WR,1.4,0.0,1.24,1.24,1.24,1.24,0.114,1.0,1.24,,0.0,0
2026-09-27 16:36:50,DAL,in,0.114,Q1 8:10,3.0,11783,Ryan Flournoy,WR,7.7,0.0,6.24,6.24,6.82,6.82,0.114,1.0,6.24,,0.0,0
2026-09-27 16:36:50,NO,in,0.123,Q1 7:38,0,11834,Devaughn Vele,WR,11.8,0.0,9.93,9.93,10.35,10.35,0.123,1.0,9.93,,0.0,0
2026-09-27 16:36:50,MIN,in,0.183,Q1 4:02,3.0,13347,Demond Claiborne,RB,1.2,0.3,0.97,1.27,1.3,1.28,0.0,1.0,1.27,,0.0,0
2026-09-27 16:36:50,TB,in,0.183,Q1 4:02,-3.0,12485,Tez Johnson,WR,2.1,0.0,1.72,1.72,1.64,1.72,0.053,1.0,1.72,,0.0,0
2026-09-27 16:36:50,BAL,in,0.114,Q1 8:10,-3.0,5995,Justice Hill,RB,7.5,0.0,6.34,6.34,6.65,6.65,0.114,1.0,6.34,,0.0,0
2026-09-27 16:36:50,BAL,in,0.114,Q1 8:10,-3.0,7571,Rashod Bateman,WR,11.5,0.0,10.22,10.22,10.19,10.19,0.114,1.0,10.22,,0.0,0
2026-09-27 16:36:50,DAL,in,0.114,Q1 8:10,3.0,11199,Emari Demercado,RB,2.1,0.0,1.71,1.71,1.86,1.86,0.114,1.0,1.71,,0.0,0
2026-09-27 16:36:50,TB,in,0.183,Q1 4:02,-3.0,13317,Ted Hurst,WR,6.1,11.0,6.48,17.48,18.0,15.99,0.045,1.0,17.48,,0.0,0
2026-09-27 16:36:50,SF,in,0.188,Q1 3:43,7.0,12467,Jordan James,RB,1.9,0.0,1.35,1.35,1.47,1.54,0.077,1.0,1.35,,0.0,0
2026-09-27 16:36:50,MIN,in,0.183,Q1 4:02,3.0,11565,J.J. McCarthy,QB,0.5,0.0,0.38,0.38,0.39,0.41,0.053,1.0,0.38,,0.0,0
2026-09-27 16:36:50,LV,in,0.123,Q1 7:38,0,1166,Kirk Cousins,QB,14.4,2.28,13.04,15.32,14.91,14.91,0.0,1.0,15.32,,0.0,0
2026-09-27 16:36:50,SF,in,0.188,Q1 3:43,7.0,7527,Mac Jones,QB,0.5,0.0,0.35,0.35,0.39,0.41,0.077,1.0,0.35,,0.0,0
2026-09-27 16:36:50,LV,in,0.123,Q1 7:38,0,12483,Jack Bech,WR,4.5,0.0,3.79,3.79,3.95,3.95,0.123,1.0,3.79,,0.0,0
2026-09-27 16:36:50,NO,in,0.123,Q1 7:38,0,13420,Bryce Lance,WR,3.9,0.0,3.28,3.28,3.42,3.42,0.123,1.0,3.28,,0.0,0
2026-09-27 16:36:50,ARI,in,0.188,Q1 3:43,-7.0,4454,Kendrick Bourne,WR,6.0,0.0,5.18,5.18,4.64,4.87,0.077,1.0,5.18,,0.0,0
2026-09-27 16:36:50,LV,in,0.123,Q1 7:38,0,9482,Michael Mayer,TE,6.7,0.0,5.64,5.64,5.88,5.88,0.123,1.0,5.64,,0.0,0
2026-09-27 16:36:50,MIN,in,0.183,Q1 4:02,3.0,5973,Josh Oliver,TE,3.5,0.0,2.62,2.62,2.73,2.86,0.053,1.0,2.62,,0.0,0
2026-09-27 16:36:50,BAL,in,0.114,Q1 8:10,-3.0,11629,Devontez Walker,WR,4.4,0.0,3.91,3.91,3.9,3.9,0.114,1.0,3.91,,0.0,0
2026-09-27 16:36:50,DAL,in,0.114,Q1 8:10,3.0,8917,KaVontae Turpin,WR,3.5,0.0,2.84,2.84,3.1,3.1,0.114,1.0,2.84,,0.0,0
2026-09-27 16:36:50,NO,in,0.123,Q1 7:38,0,13319,Oscar Delp,TE,1.0,0.0,0.84,0.84,0.88,0.88,0.123,1.0,0.84,,0.0,0
2026-09-27 16:36:50,NO,in,0.123,Q1 7:38,0,5857,Noah Fant,TE,3.5,0.0,2.95,2.95,3.07,3.07,0.123,1.0,2.95,,0.0,0
2026-09-27 16:36:50,ARI,in,0.188,Q1 3:43,-7.0,6011,Gardner Minshew,QB,0.5,0.0,0.45,0.45,0.39,0.41,0.077,1.0,0.45,,0.0,0
2026-09-27 16:36:50,BAL,in,0.114,Q1 8:10,-3.0,11570,Rasheen Ali,RB,0.8,0.0,0.68,0.68,0.71,0.71,0.114,1.0,0.68,,0.0,0
2026-09-27 16:36:50,SF,in,0.188,Q1 3:43,7.0,13414,Kaelon Black,RB,5.2,0.0,3.68,3.68,4.02,4.22,0.077,1.0,3.68,,0.0,0
2026-09-27 16:36:50,ARI,in,0.188,Q1 3:43,-7.0,10231,Elijah Higgins,TE,2.4,1.4,2.26,3.66,3.54,3.35,0.077,1.0,3.66,,0.0,0
2026-09-27 16:36:50,DAL,in,0.114,Q1 8:10,3.0,10871,Luke Schoonmaker,TE,1.6,1.9,1.59,3.49,3.32,3.32,0.088,1.0,3.49,,0.0,0
2026-09-27 16:36:50,NO,in,0.123,Q1 7:38,0,9757,Kendre Miller,RB,1.8,0.0,1.48,1.48,1.58,1.58,0.123,1.0,1.48,,0.0,0
2026-09-27 16:36:50,DAL,in,0.114,Q1 8:10,3.0,11533,Brandon Aubrey,K,8.9,3.0,7.89,10.89,10.89,10.89,0.0,1.0,10.89,,0.0,0
2026-09-27 16:36:50,MIN,in,0.183,Q1 4:02,3.0,11792,Will Reichard,K,8.2,6.0,7.62,13.62,13.62,12.7,0.053,1.0,13.62,,0.0,0
2026-09-27 16:36:50,TB,in,0.183,Q1 4:02,-3.0,6650,Chase McLaughlin,K,7.4,1.0,5.98,6.98,6.98,7.05,0.045,1.0,6.98,,0.0,0
2026-09-27 16:36:50,BAL,in,0.114,Q1 8:10,-3.0,12711,Tyler Loop,K,9.4,0.0,8.33,8.33,8.33,8.33,0.114,1.0,8.33,,0.0,0
2026-09-27 16:36:50,SF,in,0.188,Q1 3:43,7.0,5189,Eddy Pineiro,K,9.6,1.0,7.63,8.63,8.63,8.79,0.077,1.0,8.63,,0.0,0
2026-09-27 16:36:50,ARI,in,0.188,Q1 3:43,-7.0,10955,Chad Ryland,K,6.3,0.0,4.87,4.87,4.87,5.12,0.077,1.0,4.87,,0.0,0
2026-09-27 16:36:50,NO,in,0.123,Q1 7:38,0,5095,Daniel Carlson,K,7.5,0.0,6.58,6.58,6.58,6.58,0.123,1.0,6.58,,0.0,0
2026-09-27 16:36:50,LV,in,0.123,Q1 7:38,0,6083,Matt Gay,K,7.1,0.0,6.23,6.23,6.23,6.23,0.123,1.0,6.23,,0.0,0
2026-09-27 16:36:50,MIN,in,0.183,Q1 4:02,3.0,MIN,Minnesota Vikings D/ST,DST,7.1,10.0,-1.64,8.36,17.58,15.8,0.045,1.0,8.36,,0.0,0
2026-09-27 16:36:50,BAL,in,0.114,Q1 8:10,-3.0,BAL,Baltimore Ravens D/ST,DST,5.0,8.0,-2.47,5.53,12.43,12.43,0.0,1.0,5.53,,0.0,0
2026-09-27 16:36:50,SF,in,0.188,Q1 3:43,7.0,SF,San Francisco 49ers D/ST,DST,7.1,10.0,-2.0,8.0,17.52,15.76,0.077,1.0,8.0,,0.0,0
2026-09-27 16:36:50,NO,in,0.123,Q1 7:38,0,NO,New Orleans Saints D/ST,DST,7.3,11.0,-3.38,7.62,17.4,17.4,0.0,1.0,7.62,,0.0,0
2026-09-27 16:36:50,TB,in,0.183,Q1 4:02,-3.0,TB,Tampa Bay Buccaneers D/ST,DST,6.4,4.0,0.62,4.62,9.81,9.23,0.053,1.0,4.62,,0.0,0
2026-09-27 16:36:50,DAL,in,0.114,Q1 8:10,3.0,DAL,Dallas Cowboys D/ST,DST,3.7,10.0,-3.9,6.1,13.28,13.28,0.114,1.0,6.1,,0.0,0
2026-09-27 16:36:50,LV,in,0.123,Q1 7:38,0,LV,Las Vegas Raiders D/ST,DST,5.8,10.0,-3.33,6.67,15.09,15.09,0.123,1.0,6.67,,0.0,0
2026-09-27 16:36:50,ARI,in,0.188,Q1 3:43,-7.0,ARI,Arizona Cardinals D/ST,DST,3.8,4.0,-0.44,3.56,7.75,7.09,0.077,1.0,3.56,,0.0,0
2026-09-27 16:36:50,ARI,in,0.188,Q1 3:43,-7.0,13272,Carson Beck,QB,1.7,0.0,1.53,1.53,1.32,1.38,0.077,1.0,1.53,,0.0,0
2026-09-27 16:36:50,LV,in,0.123,Q1 7:38,0,13329,Malik Benson,WR,2.1,0.0,1.77,1.77,1.84,1.84,0.123,1.0,1.77,,0.0,0
2026-09-27 16:36:50,TB,in,0.183,Q1 4:02,-3.0,13425,Jalon Daniels,QB,0.4,0.0,0.34,0.34,0.31,0.33,0.053,1.0,0.34,,0.0,0
2026-09-27 16:36:50,BAL,in,0.114,Q1 8:10,-3.0,5008,Durham Smythe,TE,2.2,0.0,1.96,1.96,1.95,1.95,0.114,1.0,1.96,,0.0,0
2026-09-27 16:37:51,SF,in,0.201,Q1 2:56,7.0,4034,Christian McCaffrey,RB,21.8,1.6,15.54,17.14,18.46,19.02,0.026,1.0,17.14,,0.0,0
2026-09-27 16:37:51,DAL,in,0.114,Q1 8:10,3.0,6786,CeeDee Lamb,WR,19.1,0.0,15.49,15.49,16.92,16.92,0.114,1.0,15.49,,0.0,0
2026-09-27 16:37:51,MIN,in,0.194,Q1 3:22,3.0,6794,Justin Jefferson,WR,17.2,5.2,13.41,18.61,19.44,19.07,0.064,1.0,18.61,,0.0,0
2026-09-27 16:37:51,LV,in,0.124,Q1 7:35,3.0,12527,Ashton Jeanty,RB,18.5,2.0,15.45,17.45,18.21,18.21,0.001,1.0,17.45,,0.0,0
2026-09-27 16:37:51,ARI,in,0.201,Q1 2:56,-7.0,13287,Jeremiyah Love,RB,13.5,4.0,11.46,15.46,15.04,14.79,0.041,1.0,15.46,,0.0,0
2026-09-27 16:37:51,ARI,in,0.201,Q1 2:56,-7.0,8130,Trey McBride,TE,17.1,0.0,14.51,14.51,12.97,13.66,0.09,1.0,14.51,,0.0,0
2026-09-27 16:37:51,BAL,in,0.114,Q1 8:10,-3.0,3198,Derrick Henry,RB,19.9,0.6,17.0,17.6,18.23,18.23,0.103,1.0,17.6,,0.0,0
2026-09-27 16:37:51,LV,in,0.124,Q1 7:35,3.0,11604,Brock Bowers,TE,13.9,6.7,12.15,18.85,18.88,18.88,0.044,1.0,18.85,,0.0,0
2026-09-27 16:37:51,DAL,in,0.114,Q1 8:10,3.0,8137,George Pickens,WR,14.4,2.3,12.02,14.32,15.06,15.06,0.063,1.0,14.32,,0.0,0
2026-09-27 16:37:51,NO,in,0.124,Q1 7:35,-3.0,8144,Chris Olave,WR,17.5,0.0,15.39,15.39,15.34,15.34,0.124,1.0,15.39,,0.0,0
2026-09-27 16:37:51,NO,in,0.124,Q1 7:35,-3.0,7543,Travis Etienne,RB,12.0,0.2,10.07,10.27,10.72,10.72,0.112,1.0,10.27,,0.0,0
2026-09-27 16:37:51,TB,in,0.194,Q1 3:22,-3.0,11584,Bucky Irving,RB,13.1,1.7,10.36,12.06,12.09,12.26,0.056,1.0,12.06,,0.0,0
2026-09-27 16:37:51,TB,in,0.194,Q1 3:22,-3.0,12514,Emeka Egbuka,WR,13.7,0.0,11.09,11.09,10.51,11.04,0.064,1.0,11.09,,0.0,0
2026-09-27 16:37:51,DAL,in,0.114,Q1 8:10,3.0,7588,Javonte Williams,RB,16.5,4.4,14.72,19.12,19.02,19.02,0.023,1.0,19.12,,0.0,0
2026-09-27 16:37:51,BAL,in,0.114,Q1 8:10,-3.0,9997,Zay Flowers,WR,11.5,0.0,10.22,10.22,10.19,10.19,0.114,1.0,10.22,,0.0,0
2026-09-27 16:37:51,BAL,in,0.114,Q1 8:10,-3.0,4881,Lamar Jackson,QB,22.7,0.0,21.01,21.01,20.11,20.11,0.114,1.0,21.01,,0.0,0
2026-09-27 16:37:51,SF,in,0.201,Q1 2:56,7.0,2216,Mike Evans,WR,9.6,1.4,6.78,8.18,8.96,9.07,0.037,1.0,8.18,,0.0,0
2026-09-27 16:37:51,ARI,in,0.201,Q1 2:56,-7.0,11628,Marvin Harrison Jr.,WR,8.2,0.0,6.96,6.96,6.22,6.55,0.09,1.0,6.96,,0.0,0
2026-09-27 16:37:51,ARI,in,0.201,Q1 2:56,-7.0,10232,Michael Wilson,WR,10.8,1.5,9.36,10.86,9.99,10.13,0.09,1.0,10.86,,0.0,0
2026-09-27 16:37:51,DAL,in,0.114,Q1 8:10,3.0,3294,Dak Prescott,QB,19.2,0.88,16.14,17.02,17.89,17.89,0.063,1.0,17.02,,0.0,0
2026-09-27 16:37:51,ARI,in,0.201,Q1 2:56,-7.0,8132,Tyler Allgeier,RB,7.4,3.0,6.5,9.5,9.21,8.91,0.09,1.0,9.5,,0.0,0
2026-09-27 16:37:51,MIN,in,0.194,Q1 3:22,3.0,9756,Jordan Addison,WR,8.7,0.0,6.44,6.44,6.67,7.01,0.064,1.0,6.44,,0.0,0
2026-09-27 16:37:51,SF,in,0.201,Q1 2:56,7.0,8183,Brock Purdy,QB,20.2,3.36,14.57,17.93,19.36,19.5,0.037,1.0,17.93,,0.0,0
2026-09-27 16:37:51,TB,in,0.194,Q1 3:22,-3.0,4037,Chris Godwin,WR,9.3,0.0,7.53,7.53,7.13,7.5,0.064,1.0,7.53,,0.0,0
2026-09-27 16:37:51,MIN,in,0.194,Q1 3:22,3.0,5849,Kyler Murray,QB,16.2,3.14,12.83,15.97,16.2,16.2,0.011,1.0,15.97,,0.0,0
2026-09-27 16:37:51,TB,in,0.194,Q1 3:22,-3.0,4892,Baker Mayfield,QB,16.6,6.16,15.25,21.41,20.13,19.54,0.056,1.0,21.41,,0.0,0
2026-09-27 16:37:51,TB,in,0.194,Q1 3:22,-3.0,7567,Kenneth Gainwell,RB,7.5,0.0,5.66,5.66,5.75,6.05,0.064,1.0,5.66,,0.0,0
2026-09-27 16:37:51,NO,in,0.124,Q1 7:35,-3.0,12545,Tyler Shough,QB,19.8,0.0,18.1,18.1,17.35,17.35,0.124,1.0,18.1,,0.0,0
2026-09-27 16:37:51,SF,in,0.201,Q1 2:56,7.0,4217,George Kittle,TE,12.4,0.0,8.53,8.53,9.41,9.91,0.09,1.0,8.53,,0.0,0
2026-09-27 16:37:51,DAL,in,0.114,Q1 8:10,3.0,8110,Jake Ferguson,TE,9.2,0.0,7.46,7.46,8.15,8.15,0.114,1.0,7.46,,0.0,0
2026-09-27 16:37:51,MIN,in,0.194,Q1 3:22,3.0,7049,Jauan Jennings,WR,5.0,0.0,3.7,3.7,3.84,4.03,0.064,1.0,3.7,,0.0,0
2026-09-27 16:37:51,LV,in,0.124,Q1 7:35,3.0,13305,Mike Washington Jr.,RB,3.4,0.3,2.82,3.12,3.28,3.28,0.044,1.0,3.12,,0.0,0
2026-09-27 16:37:51,TB,in,0.194,Q1 3:22,-3.0,11618,Jalen McMillan,WR,5.6,0.0,4.53,4.53,4.3,4.51,0.064,1.0,4.53,,0.0,0
2026-09-27 16:37:51,MIN,in,0.194,Q1 3:22,3.0,4199,Aaron Jones,RB,13.0,1.8,9.89,11.69,12.13,12.28,0.064,1.0,11.69,,0.0,0
2026-09-27 16:37:51,BAL,in,0.114,Q1 8:10,-3.0,5012,Mark Andrews,TE,13.2,0.0,11.73,11.73,11.7,11.7,0.114,1.0,11.73,,0.0,0
2026-09-27 16:37:51,SF,in,0.201,Q1 2:56,7.0,5872,Deebo Samuel,WR,11.8,14.3,9.97,24.27,26.11,23.73,0.013,1.0,24.27,,0.0,0
2026-09-27 16:37:51,NO,in,0.124,Q1 7:35,-3.0,7002,Juwan Johnson,TE,9.6,0.0,8.44,8.44,8.41,8.41,0.124,1.0,8.44,,0.0,0
2026-09-27 16:37:51,ARI,in,0.201,Q1 2:56,-7.0,3257,Jacoby Brissett,QB,14.6,1.06,13.13,14.19,12.35,12.72,0.041,1.0,14.19,,0.0,0
2026-09-27 16:37:51,MIN,in,0.194,Q1 3:22,3.0,5844,T.J. Hockenson,TE,9.1,1.4,6.92,8.32,8.66,8.74,0.011,1.0,8.32,,0.0,0
2026-09-27 16:37:51,LV,in,0.124,Q1 7:35,3.0,8180,Jalen Nailor,WR,7.2,2.6,6.16,8.76,8.91,8.91,0.079,1.0,8.76,,0.0,0
2026-09-27 16:37:51,TB,in,0.194,Q1 3:22,-3.0,9506,Sean Tucker,RB,1.8,0.0,1.36,1.36,1.38,1.45,0.064,1.0,1.36,,0.0,0
2026-09-27 16:37:51,NO,in,0.124,Q1 7:35,-3.0,4035,Alvin Kamara,RB,8.6,0.0,7.18,7.18,7.54,7.54,0.124,1.0,7.18,,0.0,0
2026-09-27 16:37:51,LV,in,0.124,Q1 7:35,3.0,10213,Tre Tucker,WR,10.5,0.0,8.42,8.42,9.2,9.2,0.124,1.0,8.42,,0.0,0
2026-09-27 16:37:51,TB,in,0.194,Q1 3:22,-3.0,8111,Cade Otton,TE,7.7,2.4,6.55,8.95,8.79,8.61,0.064,1.0,8.95,,0.0,0
2026-09-27 16:37:51,BAL,in,0.114,Q1 8:10,-3.0,13268,Elijah Sarratt,WR,1.4,0.0,1.24,1.24,1.24,1.24,0.114,1.0,1.24,,0.0,0
2026-09-27 16:37:51,DAL,in,0.114,Q1 8:10,3.0,11783,Ryan Flournoy,WR,7.7,0.0,6.24,6.24,6.82,6.82,0.114,1.0,6.24,,0.0,0
2026-09-27 16:37:51,NO,in,0.124,Q1 7:35,-3.0,11834,Devaughn Vele,WR,11.8,0.0,10.38,10.38,10.34,10.34,0.124,1.0,10.38,,0.0,0
2026-09-27 16:37:51,MIN,in,0.194,Q1 3:22,3.0,13347,Demond Claiborne,RB,1.2,0.2,0.92,1.12,1.16,1.17,0.0,1.0,1.12,,0.0,0
2026-09-27 16:37:51,TB,in,0.194,Q1 3:22,-3.0,12485,Tez Johnson,WR,2.1,0.0,1.7,1.7,1.61,1.69,0.064,1.0,1.7,,0.0,0
2026-09-27 16:37:51,BAL,in,0.114,Q1 8:10,-3.0,5995,Justice Hill,RB,7.5,0.0,6.34,6.34,6.65,6.65,0.114,1.0,6.34,,0.0,0
2026-09-27 16:37:51,BAL,in,0.114,Q1 8:10,-3.0,7571,Rashod Bateman,WR,11.5,0.0,10.22,10.22,10.19,10.19,0.114,1.0,10.22,,0.0,0
2026-09-27 16:37:51,DAL,in,0.114,Q1 8:10,3.0,11199,Emari Demercado,RB,2.1,0.0,1.71,1.71,1.86,1.86,0.114,1.0,1.71,,0.0,0
2026-09-27 16:37:51,TB,in,0.194,Q1 3:22,-3.0,13317,Ted Hurst,WR,6.1,11.0,6.38,17.38,17.9,15.92,0.056,1.0,17.38,,0.0,0
2026-09-27 16:37:51,SF,in,0.201,Q1 2:56,7.0,12467,Jordan James,RB,1.9,0.0,1.32,1.32,1.44,1.52,0.09,1.0,1.32,,0.0,0
2026-09-27 16:37:51,MIN,in,0.194,Q1 3:22,3.0,11565,J.J. McCarthy,QB,0.5,0.0,0.37,0.37,0.38,0.4,0.064,1.0,0.37,,0.0,0
2026-09-27 16:37:51,LV,in,0.124,Q1 7:35,3.0,1166,Kirk Cousins,QB,14.4,2.28,12.35,14.63,14.9,14.9,0.001,1.0,14.63,,0.0,0
2026-09-27 16:37:51,SF,in,0.201,Q1 2:56,7.0,7527,Mac Jones,QB,0.5,0.0,0.34,0.34,0.38,0.4,0.09,1.0,0.34,,0.0,0
2026-09-27 16:37:51,LV,in,0.124,Q1 7:35,3.0,12483,Jack Bech,WR,4.5,0.0,3.61,3.61,3.94,3.94,0.124,1.0,3.61,,0.0,0
2026-09-27 16:37:51,NO,in,0.124,Q1 7:35,-3.0,13420,Bryce Lance,WR,3.9,0.0,3.43,3.43,3.42,3.42,0.124,1.0,3.43,,0.0,0
2026-09-27 16:37:51,ARI,in,0.201,Q1 2:56,-7.0,4454,Kendrick Bourne,WR,6.0,0.0,5.09,5.09,4.55,4.79,0.09,1.0,5.09,,0.0,0
2026-09-27 16:37:51,LV,in,0.124,Q1 7:35,3.0,9482,Michael Mayer,TE,6.7,0.0,5.37,5.37,5.87,5.87,0.124,1.0,5.37,,0.0,0
2026-09-27 16:37:51,MIN,in,0.194,Q1 3:22,3.0,5973,Josh Oliver,TE,3.5,0.0,2.59,2.59,2.68,2.82,0.064,1.0,2.59,,0.0,0
2026-09-27 16:37:51,BAL,in,0.114,Q1 8:10,-3.0,11629,Devontez Walker,WR,4.4,0.0,3.91,3.91,3.9,3.9,0.114,1.0,3.91,,0.0,0
2026-09-27 16:37:51,DAL,in,0.114,Q1 8:10,3.0,8917,KaVontae Turpin,WR,3.5,0.0,2.84,2.84,3.1,3.1,0.114,1.0,2.84,,0.0,0
2026-09-27 16:37:51,NO,in,0.124,Q1 7:35,-3.0,13319,Oscar Delp,TE,1.0,0.0,0.88,0.88,0.88,0.88,0.124,1.0,0.88,,0.0,0
2026-09-27 16:37:51,NO,in,0.124,Q1 7:35,-3.0,5857,Noah Fant,TE,3.5,0.0,3.08,3.08,3.07,3.07,0.124,1.0,3.08,,0.0,0
2026-09-27 16:37:51,ARI,in,0.201,Q1 2:56,-7.0,6011,Gardner Minshew,QB,0.5,0.0,0.44,0.44,0.38,0.4,0.09,1.0,0.44,,0.0,0
2026-09-27 16:37:51,BAL,in,0.114,Q1 8:10,-3.0,11570,Rasheen Ali,RB,0.8,0.0,0.68,0.68,0.71,0.71,0.114,1.0,0.68,,0.0,0
2026-09-27 16:37:51,SF,in,0.201,Q1 2:56,7.0,13414,Kaelon Black,RB,5.2,0.0,3.6,3.6,3.95,4.15,0.09,1.0,3.6,,0.0,0
2026-09-27 16:37:51,ARI,in,0.201,Q1 2:56,-7.0,10231,Elijah Higgins,TE,2.4,1.4,2.22,3.62,3.5,3.32,0.09,1.0,3.62,,0.0,0
2026-09-27 16:37:51,DAL,in,0.114,Q1 8:10,3.0,10871,Luke Schoonmaker,TE,1.6,1.9,1.59,3.49,3.32,3.32,0.088,1.0,3.49,,0.0,0
2026-09-27 16:37:51,NO,in,0.124,Q1 7:35,-3.0,9757,Kendre Miller,RB,1.8,0.0,1.5,1.5,1.58,1.58,0.124,1.0,1.5,,0.0,0
2026-09-27 16:37:51,DAL,in,0.114,Q1 8:10,3.0,11533,Brandon Aubrey,K,8.9,3.0,7.89,10.89,10.89,10.89,0.0,1.0,10.89,,0.0,0
2026-09-27 16:37:51,MIN,in,0.194,Q1 3:22,3.0,11792,Will Reichard,K,8.2,6.0,7.5,13.5,13.5,12.61,0.064,1.0,13.5,,0.0,0
2026-09-27 16:37:51,TB,in,0.194,Q1 3:22,-3.0,6650,Chase McLaughlin,K,7.4,1.0,5.88,6.88,6.88,6.97,0.056,1.0,6.88,,0.0,0
2026-09-27 16:37:51,BAL,in,0.114,Q1 8:10,-3.0,12711,Tyler Loop,K,9.4,0.0,8.33,8.33,8.33,8.33,0.114,1.0,8.33,,0.0,0
2026-09-27 16:37:51,SF,in,0.201,Q1 2:56,7.0,5189,Eddy Pineiro,K,9.6,1.0,7.48,8.48,8.48,8.67,0.09,1.0,8.48,,0.0,0
2026-09-27 16:37:51,ARI,in,0.201,Q1 2:56,-7.0,10955,Chad Ryland,K,6.3,0.0,4.78,4.78,4.78,5.03,0.09,1.0,4.78,,0.0,0
2026-09-27 16:37:51,NO,in,0.124,Q1 7:35,-3.0,5095,Daniel Carlson,K,7.5,0.0,6.57,6.57,6.57,6.57,0.124,1.0,6.57,,0.0,0
2026-09-27 16:37:51,LV,in,0.124,Q1 7:35,3.0,6083,Matt Gay,K,7.1,4.0,6.22,10.22,10.22,10.22,0.0,1.0,10.22,,0.0,0
2026-09-27 16:37:51,MIN,in,0.194,Q1 3:22,3.0,MIN,Minnesota Vikings D/ST,DST,7.1,10.0,-1.64,8.36,17.46,15.72,0.056,1.0,8.36,,0.0,0
2026-09-27 16:37:51,BAL,in,0.114,Q1 8:10,-3.0,BAL,Baltimore Ravens D/ST,DST,5.0,8.0,-2.47,5.53,12.43,12.43,0.0,1.0,5.53,,0.0,0
2026-09-27 16:37:51,SF,in,0.201,Q1 2:56,7.0,SF,San Francisco 49ers D/ST,DST,7.1,10.0,-1.98,8.02,17.38,15.67,0.09,1.0,8.02,,0.0,0
2026-09-27 16:37:51,NO,in,0.124,Q1 7:35,-3.0,NO,New Orleans Saints D/ST,DST,7.3,8.0,-1.81,6.19,14.4,14.4,0.0,1.0,6.19,,0.0,0
2026-09-27 16:37:51,TB,in,0.194,Q1 3:22,-3.0,TB,Tampa Bay Buccaneers D/ST,DST,6.4,4.0,0.58,4.58,9.72,9.16,0.064,1.0,4.58,,0.0,0
2026-09-27 16:37:51,DAL,in,0.114,Q1 8:10,3.0,DAL,Dallas Cowboys D/ST,DST,3.7,10.0,-3.9,6.1,13.28,13.28,0.114,1.0,6.1,,0.0,0
2026-09-27 16:37:51,LV,in,0.124,Q1 7:35,3.0,LV,Las Vegas Raiders D/ST,DST,5.8,10.0,-3.07,6.93,15.08,15.08,0.124,1.0,6.93,,0.0,0
2026-09-27 16:37:51,ARI,in,0.201,Q1 2:56,-7.0,ARI,Arizona Cardinals D/ST,DST,3.8,4.0,-0.45,3.55,7.68,7.04,0.09,1.0,3.55,,0.0,0
2026-09-27 16:37:51,ARI,in,0.201,Q1 2:56,-7.0,13272,Carson Beck,QB,1.7,0.0,1.5,1.5,1.29,1.36,0.09,1.0,1.5,,0.0,0
2026-09-27 16:37:51,LV,in,0.124,Q1 7:35,3.0,13329,Malik Benson,WR,2.1,0.0,1.68,1.68,1.84,1.84,0.124,1.0,1.68,,0.0,0
2026-09-27 16:37:51,TB,in,0.194,Q1 3:22,-3.0,13425,Jalon Daniels,QB,0.4,0.0,0.33,0.33,0.31,0.32,0.064,1.0,0.33,,0.0,0
2026-09-27 16:37:51,BAL,in,0.114,Q1 8:10,-3.0,5008,Durham Smythe,TE,2.2,0.0,1.96,1.96,1.95,1.95,0.114,1.0,1.96,,0.0,0
2026-09-27 16:38:52,SF,in,0.201,Q1 2:56,7.0,4034,Christian McCaffrey,RB,21.8,3.9,16.17,20.07,21.22,21.32,0.0,1.0,20.07,,0.0,0
2026-09-27 16:38:52,DAL,in,0.115,Q1 8:06,3.0,6786,CeeDee Lamb,WR,19.1,0.0,15.47,15.47,16.9,16.9,0.115,1.0,15.47,,0.0,0
2026-09-27 16:38:52,MIN,in,0.207,Q1 2:34,3.0,6794,Justin Jefferson,WR,17.2,5.2,13.19,18.39,19.16,18.84,0.078,1.0,18.39,,0.0,0
2026-09-27 16:38:52,LV,in,0.124,Q1 7:35,3.0,12527,Ashton Jeanty,RB,18.5,2.0,15.45,17.45,18.21,18.21,0.001,1.0,17.45,,0.0,0
2026-09-27 16:38:52,ARI,in,0.201,Q1 2:56,-7.0,13287,Jeremiyah Love,RB,13.5,4.0,11.46,15.46,15.04,14.79,0.041,1.0,15.46,,0.0,0
2026-09-27 16:38:52,ARI,in,0.201,Q1 2:56,-7.0,8130,Trey McBride,TE,17.1,0.0,14.51,14.51,12.97,13.66,0.09,1.0,14.51,,0.0,0
2026-09-27 16:38:52,BAL,in,0.115,Q1 8:06,-3.0,3198,Derrick Henry,RB,19.9,0.6,16.97,17.57,18.21,18.21,0.104,1.0,17.57,,0.0,0
2026-09-27 16:38:52,LV,in,0.124,Q1 7:35,3.0,11604,Brock Bowers,TE,13.9,6.7,12.15,18.85,18.88,18.88,0.044,1.0,18.85,,0.0,0
2026-09-27 16:38:52,DAL,in,0.115,Q1 8:06,3.0,8137,George Pickens,WR,14.4,2.3,12.01,14.31,15.04,15.04,0.064,1.0,14.31,,0.0,0
2026-09-27 16:38:52,NO,in,0.124,Q1 7:35,-3.0,8144,Chris Olave,WR,17.5,0.0,15.39,15.39,15.34,15.34,0.124,1.0,15.39,,0.0,0
2026-09-27 16:38:52,NO,in,0.124,Q1 7:35,-3.0,7543,Travis Etienne,RB,12.0,0.2,10.07,10.27,10.72,10.72,0.112,1.0,10.27,,0.0,0
2026-09-27 16:38:52,TB,in,0.207,Q1 2:34,-3.0,11584,Bucky Irving,RB,13.1,1.7,10.15,11.85,11.88,12.09,0.069,1.0,11.85,,0.0,0
2026-09-27 16:38:52,TB,in,0.207,Q1 2:34,-3.0,12514,Emeka Egbuka,WR,13.7,0.0,10.91,10.91,10.3,10.86,0.078,1.0,10.91,,0.0,0
2026-09-27 16:38:52,DAL,in,0.115,Q1 8:06,3.0,7588,Javonte Williams,RB,16.5,4.4,14.7,19.1,19.0,19.0,0.024,1.0,19.1,,0.0,0
2026-09-27 16:38:52,BAL,in,0.115,Q1 8:06,-3.0,9997,Zay Flowers,WR,11.5,0.0,10.21,10.21,10.18,10.18,0.115,1.0,10.21,,0.0,0
2026-09-27 16:38:52,BAL,in,0.115,Q1 8:06,-3.0,4881,Lamar Jackson,QB,22.7,0.0,20.98,20.98,20.09,20.09,0.115,1.0,20.98,,0.0,0
2026-09-27 16:38:52,SF,in,0.201,Q1 2:56,7.0,2216,Mike Evans,WR,9.6,1.4,6.78,8.18,8.96,9.07,0.037,1.0,8.18,,0.0,0
2026-09-27 16:38:52,ARI,in,0.201,Q1 2:56,-7.0,11628,Marvin Harrison Jr.,WR,8.2,0.0,6.96,6.96,6.22,6.55,0.09,1.0,6.96,,0.0,0
2026-09-27 16:38:52,ARI,in,0.201,Q1 2:56,-7.0,10232,Michael Wilson,WR,10.8,1.5,9.36,10.86,9.99,10.13,0.09,1.0,10.86,,0.0,0
2026-09-27 16:38:52,DAL,in,0.115,Q1 8:06,3.0,3294,Dak Prescott,QB,19.2,0.88,16.12,17.0,17.87,17.87,0.064,1.0,17.0,,0.0,0
2026-09-27 16:38:52,ARI,in,0.201,Q1 2:56,-7.0,8132,Tyler Allgeier,RB,7.4,3.0,6.5,9.5,9.21,8.91,0.09,1.0,9.5,,0.0,0
2026-09-27 16:38:52,MIN,in,0.207,Q1 2:34,3.0,9756,Jordan Addison,WR,8.7,0.0,6.34,6.34,6.54,6.9,0.078,1.0,6.34,,0.0,0
2026-09-27 16:38:52,SF,in,0.201,Q1 2:56,7.0,8183,Brock Purdy,QB,20.2,3.88,14.69,18.57,19.98,20.02,0.0,1.0,18.57,,0.0,0
2026-09-27 16:38:52,TB,in,0.207,Q1 2:34,-3.0,4037,Chris Godwin,WR,9.3,0.0,7.41,7.41,6.99,7.37,0.078,1.0,7.41,,0.0,0
2026-09-27 16:38:52,MIN,in,0.207,Q1 2:34,3.0,5849,Kyler Murray,QB,16.2,3.14,12.61,15.75,15.94,15.98,0.024,1.0,15.75,,0.0,0
2026-09-27 16:38:52,TB,in,0.207,Q1 2:34,-3.0,4892,Baker Mayfield,QB,16.6,6.16,15.01,21.17,19.86,19.32,0.069,1.0,21.17,,0.0,0
2026-09-27 16:38:52,TB,in,0.207,Q1 2:34,-3.0,7567,Kenneth Gainwell,RB,7.5,0.0,5.55,5.55,5.64,5.95,0.078,1.0,5.55,,0.0,0
2026-09-27 16:38:52,NO,in,0.124,Q1 7:35,-3.0,12545,Tyler Shough,QB,19.8,0.0,18.1,18.1,17.35,17.35,0.124,1.0,18.1,,0.0,0
2026-09-27 16:38:52,SF,in,0.201,Q1 2:56,7.0,4217,George Kittle,TE,12.4,0.0,8.53,8.53,9.41,9.91,0.09,1.0,8.53,,0.0,0
2026-09-27 16:38:52,DAL,in,0.115,Q1 8:06,3.0,8110,Jake Ferguson,TE,9.2,0.0,7.45,7.45,8.14,8.14,0.115,1.0,7.45,,0.0,0
2026-09-27 16:38:52,MIN,in,0.207,Q1 2:34,3.0,7049,Jauan Jennings,WR,5.0,0.0,3.64,3.64,3.76,3.96,0.078,1.0,3.64,,0.0,0
2026-09-27 16:38:52,LV,in,0.124,Q1 7:35,3.0,13305,Mike Washington Jr.,RB,3.4,0.3,2.82,3.12,3.28,3.28,0.044,1.0,3.12,,0.0,0
2026-09-27 16:38:52,TB,in,0.207,Q1 2:34,-3.0,11618,Jalen McMillan,WR,5.6,0.0,4.46,4.46,4.21,4.44,0.078,1.0,4.46,,0.0,0
2026-09-27 16:38:52,MIN,in,0.207,Q1 2:34,3.0,4199,Aaron Jones,RB,13.0,1.8,9.69,11.49,11.93,12.11,0.078,1.0,11.49,,0.0,0
2026-09-27 16:38:52,BAL,in,0.115,Q1 8:06,-3.0,5012,Mark Andrews,TE,13.2,0.0,11.72,11.72,11.68,11.68,0.115,1.0,11.72,,0.0,0
2026-09-27 16:38:52,SF,in,0.201,Q1 2:56,7.0,5872,Deebo Samuel,WR,11.8,14.3,9.97,24.27,26.11,23.73,0.013,1.0,24.27,,0.0,0
2026-09-27 16:38:52,NO,in,0.124,Q1 7:35,-3.0,7002,Juwan Johnson,TE,9.6,0.0,8.44,8.44,8.41,8.41,0.124,1.0,8.44,,0.0,0
2026-09-27 16:38:52,ARI,in,0.201,Q1 2:56,-7.0,3257,Jacoby Brissett,QB,14.6,1.06,13.13,14.19,12.35,12.72,0.041,1.0,14.19,,0.0,0
2026-09-27 16:38:52,MIN,in,0.207,Q1 2:34,3.0,5844,T.J. Hockenson,TE,9.1,1.4,6.81,8.21,8.52,8.61,0.024,1.0,8.21,,0.0,0
2026-09-27 16:38:52,LV,in,0.124,Q1 7:35,3.0,8180,Jalen Nailor,WR,7.2,2.6,6.16,8.76,8.91,8.91,0.079,1.0,8.76,,0.0,0
2026-09-27 16:38:52,TB,in,0.207,Q1 2:34,-3.0,9506,Sean Tucker,RB,1.8,0.0,1.33,1.33,1.35,1.43,0.078,1.0,1.33,,0.0,0
2026-09-27 16:38:52,NO,in,0.124,Q1 7:35,-3.0,4035,Alvin Kamara,RB,8.6,0.0,7.18,7.18,7.54,7.54,0.124,1.0,7.18,,0.0,0
2026-09-27 16:38:52,LV,in,0.124,Q1 7:35,3.0,10213,Tre Tucker,WR,10.5,0.0,8.42,8.42,9.2,9.2,0.124,1.0,8.42,,0.0,0
2026-09-27 16:38:52,TB,in,0.207,Q1 2:34,-3.0,8111,Cade Otton,TE,7.7,2.4,6.44,8.84,8.66,8.5,0.078,1.0,8.84,,0.0,0
2026-09-27 16:38:52,BAL,in,0.115,Q1 8:06,-3.0,13268,Elijah Sarratt,WR,1.4,0.0,1.24,1.24,1.24,1.24,0.115,1.0,1.24,,0.0,0
2026-09-27 16:38:52,DAL,in,0.115,Q1 8:06,3.0,11783,Ryan Flournoy,WR,7.7,0.0,6.24,6.24,6.81,6.81,0.115,1.0,6.24,,0.0,0
2026-09-27 16:38:52,NO,in,0.124,Q1 7:35,-3.0,11834,Devaughn Vele,WR,11.8,0.0,10.38,10.38,10.34,10.34,0.124,1.0,10.38,,0.0,0
2026-09-27 16:38:52,MIN,in,0.207,Q1 2:34,3.0,13347,Demond Claiborne,RB,1.2,0.2,0.9,1.1,1.14,1.15,0.013,1.0,1.1,,0.0,0
2026-09-27 16:38:52,TB,in,0.207,Q1 2:34,-3.0,12485,Tez Johnson,WR,2.1,0.0,1.67,1.67,1.58,1.66,0.078,1.0,1.67,,0.0,0
2026-09-27 16:38:52,BAL,in,0.115,Q1 8:06,-3.0,5995,Justice Hill,RB,7.5,0.0,6.33,6.33,6.64,6.64,0.115,1.0,6.33,,0.0,0
2026-09-27 16:38:52,BAL,in,0.115,Q1 8:06,-3.0,7571,Rashod Bateman,WR,11.5,0.0,10.21,10.21,10.18,10.18,0.115,1.0,10.21,,0.0,0
2026-09-27 16:38:52,DAL,in,0.115,Q1 8:06,3.0,11199,Emari Demercado,RB,2.1,0.0,1.71,1.71,1.86,1.86,0.115,1.0,1.71,,0.0,0
2026-09-27 16:38:52,TB,in,0.207,Q1 2:34,-3.0,13317,Ted Hurst,WR,6.1,11.0,6.27,17.27,17.77,15.84,0.069,1.0,17.27,,0.0,0
2026-09-27 16:38:52,SF,in,0.201,Q1 2:56,7.0,12467,Jordan James,RB,1.9,0.0,1.32,1.32,1.44,1.52,0.09,1.0,1.32,,0.0,0
2026-09-27 16:38:52,MIN,in,0.207,Q1 2:34,3.0,11565,J.J. McCarthy,QB,0.5,0.0,0.37,0.37,0.38,0.4,0.078,1.0,0.37,,0.0,0
2026-09-27 16:38:52,LV,in,0.124,Q1 7:35,3.0,1166,Kirk Cousins,QB,14.4,2.28,12.35,14.63,14.9,14.9,0.001,1.0,14.63,,0.0,0
2026-09-27 16:38:52,SF,in,0.201,Q1 2:56,7.0,7527,Mac Jones,QB,0.5,0.0,0.34,0.34,0.38,0.4,0.09,1.0,0.34,,0.0,0
2026-09-27 16:38:52,LV,in,0.124,Q1 7:35,3.0,12483,Jack Bech,WR,4.5,0.0,3.61,3.61,3.94,3.94,0.124,1.0,3.61,,0.0,0
2026-09-27 16:38:52,NO,in,0.124,Q1 7:35,-3.0,13420,Bryce Lance,WR,3.9,0.0,3.43,3.43,3.42,3.42,0.124,1.0,3.43,,0.0,0
2026-09-27 16:38:52,ARI,in,0.201,Q1 2:56,-7.0,4454,Kendrick Bourne,WR,6.0,0.0,5.09,5.09,4.55,4.79,0.09,1.0,5.09,,0.0,0
2026-09-27 16:38:52,LV,in,0.124,Q1 7:35,3.0,9482,Michael Mayer,TE,6.7,0.0,5.37,5.37,5.87,5.87,0.124,1.0,5.37,,0.0,0
2026-09-27 16:38:52,MIN,in,0.207,Q1 2:34,3.0,5973,Josh Oliver,TE,3.5,0.0,2.55,2.55,2.63,2.77,0.078,1.0,2.55,,0.0,0
2026-09-27 16:38:52,BAL,in,0.115,Q1 8:06,-3.0,11629,Devontez Walker,WR,4.4,0.0,3.91,3.91,3.89,3.89,0.115,1.0,3.91,,0.0,0
2026-09-27 16:38:52,DAL,in,0.115,Q1 8:06,3.0,8917,KaVontae Turpin,WR,3.5,0.0,2.83,2.83,3.1,3.1,0.115,1.0,2.83,,0.0,0
2026-09-27 16:38:52,NO,in,0.124,Q1 7:35,-3.0,13319,Oscar Delp,TE,1.0,0.0,0.88,0.88,0.88,0.88,0.124,1.0,0.88,,0.0,0
2026-09-27 16:38:52,NO,in,0.124,Q1 7:35,-3.0,5857,Noah Fant,TE,3.5,0.0,3.08,3.08,3.07,3.07,0.124,1.0,3.08,,0.0,0
2026-09-27 16:38:52,ARI,in,0.201,Q1 2:56,-7.0,6011,Gardner Minshew,QB,0.5,0.0,0.44,0.44,0.38,0.4,0.09,1.0,0.44,,0.0,0
2026-09-27 16:38:52,BAL,in,0.115,Q1 8:06,-3.0,11570,Rasheen Ali,RB,0.8,0.0,0.68,0.68,0.71,0.71,0.115,1.0,0.68,,0.0,0
2026-09-27 16:38:52,SF,in,0.201,Q1 2:56,7.0,13414,Kaelon Black,RB,5.2,0.0,3.6,3.6,3.95,4.15,0.09,1.0,3.6,,0.0,0
2026-09-27 16:38:52,ARI,in,0.201,Q1 2:56,-7.0,10231,Elijah Higgins,TE,2.4,1.4,2.22,3.62,3.5,3.32,0.09,1.0,3.62,,0.0,0
2026-09-27 16:38:52,DAL,in,0.115,Q1 8:06,3.0,10871,Luke Schoonmaker,TE,1.6,1.9,1.58,3.48,3.32,3.32,0.089,1.0,3.48,,0.0,0
2026-09-27 16:38:52,NO,in,0.124,Q1 7:35,-3.0,9757,Kendre Miller,RB,1.8,0.0,1.5,1.5,1.58,1.58,0.124,1.0,1.5,,0.0,0
2026-09-27 16:38:52,DAL,in,0.115,Q1 8:06,3.0,11533,Brandon Aubrey,K,8.9,3.0,7.88,10.88,10.88,10.88,0.001,1.0,10.88,,0.0,0
2026-09-27 16:38:52,MIN,in,0.207,Q1 2:34,3.0,11792,Will Reichard,K,8.2,6.0,7.35,13.35,13.35,12.5,0.078,1.0,13.35,,0.0,0
2026-09-27 16:38:52,TB,in,0.207,Q1 2:34,-3.0,6650,Chase McLaughlin,K,7.4,1.0,5.76,6.76,6.76,6.87,0.069,1.0,6.76,,0.0,0
2026-09-27 16:38:52,BAL,in,0.115,Q1 8:06,-3.0,12711,Tyler Loop,K,9.4,0.0,8.32,8.32,8.32,8.32,0.115,1.0,8.32,,0.0,0
2026-09-27 16:38:52,SF,in,0.201,Q1 2:56,7.0,5189,Eddy Pineiro,K,9.6,1.0,7.48,8.48,8.48,8.67,0.09,1.0,8.48,,0.0,0
2026-09-27 16:38:52,ARI,in,0.201,Q1 2:56,-7.0,10955,Chad Ryland,K,6.3,0.0,4.78,4.78,4.78,5.03,0.09,1.0,4.78,,0.0,0
2026-09-27 16:38:52,NO,in,0.124,Q1 7:35,-3.0,5095,Daniel Carlson,K,7.5,0.0,6.57,6.57,6.57,6.57,0.124,1.0,6.57,,0.0,0
2026-09-27 16:38:52,LV,in,0.124,Q1 7:35,3.0,6083,Matt Gay,K,7.1,4.0,6.22,10.22,10.22,10.22,0.0,1.0,10.22,,0.0,0
2026-09-27 16:38:52,MIN,in,0.207,Q1 2:34,3.0,MIN,Minnesota Vikings D/ST,DST,7.1,10.0,-1.61,8.39,17.32,15.63,0.069,1.0,8.39,,0.0,0
2026-09-27 16:38:52,BAL,in,0.115,Q1 8:06,-3.0,BAL,Baltimore Ravens D/ST,DST,5.0,8.0,-2.47,5.53,12.42,12.43,0.001,1.0,5.53,,0.0,0
2026-09-27 16:38:52,SF,in,0.201,Q1 2:56,7.0,SF,San Francisco 49ers D/ST,DST,7.1,10.0,-1.98,8.02,17.38,15.67,0.09,1.0,8.02,,0.0,0
2026-09-27 16:38:52,NO,in,0.124,Q1 7:35,-3.0,NO,New Orleans Saints D/ST,DST,7.3,8.0,-1.81,6.19,14.4,14.4,0.0,1.0,6.19,,0.0,0
2026-09-27 16:38:52,TB,in,0.207,Q1 2:34,-3.0,TB,Tampa Bay Buccaneers D/ST,DST,6.4,4.0,0.54,4.54,9.6,9.07,0.078,1.0,4.54,,0.0,0
2026-09-27 16:38:52,DAL,in,0.115,Q1 8:06,3.0,DAL,Dallas Cowboys D/ST,DST,3.7,10.0,-3.89,6.11,13.27,13.27,0.115,1.0,6.11,,0.0,0
2026-09-27 16:38:52,LV,in,0.124,Q1 7:35,3.0,LV,Las Vegas Raiders D/ST,DST,5.8,10.0,-3.07,6.93,15.08,15.08,0.124,1.0,6.93,,0.0,0
2026-09-27 16:38:52,ARI,in,0.201,Q1 2:56,-7.0,ARI,Arizona Cardinals D/ST,DST,3.8,4.0,-0.45,3.55,7.68,7.04,0.09,1.0,3.55,,0.0,0
2026-09-27 16:38:52,ARI,in,0.201,Q1 2:56,-7.0,13272,Carson Beck,QB,1.7,0.0,1.5,1.5,1.29,1.36,0.09,1.0,1.5,,0.0,0
2026-09-27 16:38:52,LV,in,0.124,Q1 7:35,3.0,13329,Malik Benson,WR,2.1,0.0,1.68,1.68,1.84,1.84,0.124,1.0,1.68,,0.0,0
2026-09-27 16:38:52,TB,in,0.207,Q1 2:34,-3.0,13425,Jalon Daniels,QB,0.4,0.0,0.33,0.33,0.3,0.32,0.078,1.0,0.33,,0.0,0
2026-09-27 16:38:52,BAL,in,0.115,Q1 8:06,-3.0,5008,Durham Smythe,TE,2.2,0.0,1.95,1.95,1.95,1.95,0.115,1.0,1.95,,0.0,0
2026-09-27 16:39:52,SF,in,0.215,Q1 2:06,7.0,4034,Christian McCaffrey,RB,21.8,3.9,15.84,19.74,20.86,21.01,0.014,1.0,19.74,,0.0,0
2026-09-27 16:39:52,DAL,in,0.126,Q1 7:26,3.0,6786,CeeDee Lamb,WR,19.1,0.0,15.28,15.28,16.69,16.69,0.126,1.0,15.28,,0.0,0
2026-09-27 16:39:52,MIN,in,0.21,Q1 2:25,3.0,6794,Justin Jefferson,WR,17.2,5.2,13.15,18.35,19.11,18.79,0.08,1.0,18.35,,0.0,0
2026-09-27 16:39:52,LV,in,0.124,Q1 7:35,3.0,12527,Ashton Jeanty,RB,18.5,2.0,15.45,17.45,18.21,18.21,0.001,1.0,17.45,,0.0,0
2026-09-27 16:39:52,ARI,in,0.215,Q1 2:06,-7.0,13287,Jeremiyah Love,RB,13.5,4.0,11.22,15.22,14.81,14.6,0.055,1.0,15.22,,0.0,0
2026-09-27 16:39:52,ARI,in,0.215,Q1 2:06,-7.0,8130,Trey McBride,TE,17.1,0.0,14.25,14.25,12.7,13.42,0.104,1.0,14.25,,0.0,0
2026-09-27 16:39:52,BAL,in,0.126,Q1 7:26,-3.0,3198,Derrick Henry,RB,19.9,1.6,17.01,18.61,18.99,18.99,0.0,1.0,18.61,,0.0,0
2026-09-27 16:39:52,LV,in,0.124,Q1 7:35,3.0,11604,Brock Bowers,TE,13.9,6.7,12.15,18.85,18.88,18.88,0.044,1.0,18.85,,0.0,0
2026-09-27 16:39:52,DAL,in,0.126,Q1 7:26,3.0,8137,George Pickens,WR,14.4,2.3,11.86,14.16,14.88,14.88,0.075,1.0,14.16,,0.0,0
2026-09-27 16:39:52,NO,in,0.124,Q1 7:35,-3.0,8144,Chris Olave,WR,17.5,0.0,15.39,15.39,15.34,15.34,0.124,1.0,15.39,,0.0,0
2026-09-27 16:39:52,NO,in,0.124,Q1 7:35,-3.0,7543,Travis Etienne,RB,12.0,0.2,10.07,10.27,10.72,10.72,0.112,1.0,10.27,,0.0,0
2026-09-27 16:39:52,TB,in,0.21,Q1 2:25,-3.0,11584,Bucky Irving,RB,13.1,1.7,10.11,11.81,11.85,12.05,0.072,1.0,11.81,,0.0,0
2026-09-27 16:39:52,TB,in,0.21,Q1 2:25,-3.0,12514,Emeka Egbuka,WR,13.7,0.0,10.88,10.88,10.26,10.83,0.08,1.0,10.88,,0.0,0
2026-09-27 16:39:52,DAL,in,0.126,Q1 7:26,3.0,7588,Javonte Williams,RB,16.5,4.4,14.48,18.88,18.82,18.82,0.036,1.0,18.88,,0.0,0
2026-09-27 16:39:52,BAL,in,0.126,Q1 7:26,-3.0,9997,Zay Flowers,WR,11.5,0.0,10.08,10.08,10.05,10.05,0.126,1.0,10.08,,0.0,0
2026-09-27 16:39:52,BAL,in,0.126,Q1 7:26,-3.0,4881,Lamar Jackson,QB,22.7,0.0,20.69,20.69,19.84,19.84,0.126,1.0,20.69,,0.0,0
2026-09-27 16:39:52,SF,in,0.215,Q1 2:06,7.0,2216,Mike Evans,WR,9.6,1.4,6.67,8.07,8.81,8.94,0.051,1.0,8.07,,0.0,0
2026-09-27 16:39:52,ARI,in,0.215,Q1 2:06,-7.0,11628,Marvin Harrison Jr.,WR,8.2,0.0,6.83,6.83,6.09,6.44,0.104,1.0,6.83,,0.0,0
2026-09-27 16:39:52,ARI,in,0.215,Q1 2:06,-7.0,10232,Michael Wilson,WR,10.8,1.5,9.19,10.69,9.82,9.98,0.104,1.0,10.69,,0.0,0
2026-09-27 16:39:52,DAL,in,0.126,Q1 7:26,3.0,3294,Dak Prescott,QB,19.2,0.88,15.9,16.78,17.66,17.66,0.075,1.0,16.78,,0.0,0
2026-09-27 16:39:52,ARI,in,0.215,Q1 2:06,-7.0,8132,Tyler Allgeier,RB,7.4,3.0,6.37,9.37,9.09,8.81,0.104,1.0,9.37,,0.0,0
2026-09-27 16:39:52,MIN,in,0.21,Q1 2:25,3.0,9756,Jordan Addison,WR,8.7,0.0,6.32,6.32,6.51,6.88,0.08,1.0,6.32,,0.0,0
2026-09-27 16:39:52,SF,in,0.215,Q1 2:06,7.0,8183,Brock Purdy,QB,20.2,3.88,14.4,18.28,19.65,19.74,0.014,1.0,18.28,,0.0,0
2026-09-27 16:39:52,TB,in,0.21,Q1 2:25,-3.0,4037,Chris Godwin,WR,9.3,0.0,7.38,7.38,6.96,7.35,0.08,1.0,7.38,,0.0,0
2026-09-27 16:39:52,MIN,in,0.21,Q1 2:25,3.0,5849,Kyler Murray,QB,16.2,3.14,12.56,15.7,15.89,15.94,0.027,1.0,15.7,,0.0,0
2026-09-27 16:39:52,TB,in,0.21,Q1 2:25,-3.0,4892,Baker Mayfield,QB,16.6,6.16,14.97,21.13,19.81,19.28,0.072,1.0,21.13,,0.0,0
2026-09-27 16:39:52,TB,in,0.21,Q1 2:25,-3.0,7567,Kenneth Gainwell,RB,7.5,0.0,5.53,5.53,5.62,5.93,0.08,1.0,5.53,,0.0,0
2026-09-27 16:39:52,NO,in,0.124,Q1 7:35,-3.0,12545,Tyler Shough,QB,19.8,0.0,18.1,18.1,17.35,17.35,0.124,1.0,18.1,,0.0,0
2026-09-27 16:39:52,SF,in,0.215,Q1 2:06,7.0,4217,George Kittle,TE,12.4,0.0,8.39,8.39,9.21,9.73,0.104,1.0,8.39,,0.0,0
2026-09-27 16:39:52,DAL,in,0.126,Q1 7:26,3.0,8110,Jake Ferguson,TE,9.2,0.0,7.36,7.36,8.04,8.04,0.126,1.0,7.36,,0.0,0
2026-09-27 16:39:52,MIN,in,0.21,Q1 2:25,3.0,7049,Jauan Jennings,WR,5.0,0.0,3.63,3.63,3.74,3.95,0.08,1.0,3.63,,0.0,0
2026-09-27 16:39:52,LV,in,0.124,Q1 7:35,3.0,13305,Mike Washington Jr.,RB,3.4,0.3,2.82,3.12,3.28,3.28,0.044,1.0,3.12,,0.0,0
2026-09-27 16:39:52,TB,in,0.21,Q1 2:25,-3.0,11618,Jalen McMillan,WR,5.6,0.0,4.45,4.45,4.19,4.43,0.08,1.0,4.45,,0.0,0
2026-09-27 16:39:52,MIN,in,0.21,Q1 2:25,3.0,4199,Aaron Jones,RB,13.0,1.8,9.65,11.45,11.89,12.07,0.08,1.0,11.45,,0.0,0
2026-09-27 16:39:52,BAL,in,0.126,Q1 7:26,-3.0,5012,Mark Andrews,TE,13.2,0.0,11.57,11.57,11.54,11.54,0.126,1.0,11.57,,0.0,0
2026-09-27 16:39:52,SF,in,0.215,Q1 2:06,7.0,5872,Deebo Samuel,WR,11.8,14.3,9.79,24.09,25.87,23.56,0.027,1.0,24.09,,0.0,0
2026-09-27 16:39:52,NO,in,0.124,Q1 7:35,-3.0,7002,Juwan Johnson,TE,9.6,0.0,8.44,8.44,8.41,8.41,0.124,1.0,8.44,,0.0,0
2026-09-27 16:39:52,ARI,in,0.215,Q1 2:06,-7.0,3257,Jacoby Brissett,QB,14.6,1.06,12.89,13.95,12.11,12.52,0.055,1.0,13.95,,0.0,0
2026-09-27 16:39:52,MIN,in,0.21,Q1 2:25,3.0,5844,T.J. Hockenson,TE,9.1,1.4,6.79,8.19,8.49,8.59,0.027,1.0,8.19,,0.0,0
2026-09-27 16:39:52,LV,in,0.124,Q1 7:35,3.0,8180,Jalen Nailor,WR,7.2,2.6,6.16,8.76,8.91,8.91,0.079,1.0,8.76,,0.0,0
2026-09-27 16:39:52,TB,in,0.21,Q1 2:25,-3.0,9506,Sean Tucker,RB,1.8,0.0,1.33,1.33,1.35,1.42,0.08,1.0,1.33,,0.0,0
2026-09-27 16:39:52,NO,in,0.124,Q1 7:35,-3.0,4035,Alvin Kamara,RB,8.6,0.0,7.18,7.18,7.54,7.54,0.124,1.0,7.18,,0.0,0
2026-09-27 16:39:52,LV,in,0.124,Q1 7:35,3.0,10213,Tre Tucker,WR,10.5,0.0,8.42,8.42,9.2,9.2,0.124,1.0,8.42,,0.0,0
2026-09-27 16:39:52,TB,in,0.21,Q1 2:25,-3.0,8111,Cade Otton,TE,7.7,2.4,6.42,8.82,8.64,8.49,0.08,1.0,8.82,,0.0,0
2026-09-27 16:39:52,BAL,in,0.126,Q1 7:26,-3.0,13268,Elijah Sarratt,WR,1.4,0.0,1.23,1.23,1.22,1.22,0.126,1.0,1.23,,0.0,0
2026-09-27 16:39:52,DAL,in,0.126,Q1 7:26,3.0,11783,Ryan Flournoy,WR,7.7,0.0,6.16,6.16,6.73,6.73,0.126,1.0,6.16,,0.0,0
2026-09-27 16:39:52,NO,in,0.124,Q1 7:35,-3.0,11834,Devaughn Vele,WR,11.8,0.0,10.38,10.38,10.34,10.34,0.124,1.0,10.38,,0.0,0
2026-09-27 16:39:52,MIN,in,0.21,Q1 2:25,3.0,13347,Demond Claiborne,RB,1.2,0.2,0.9,1.1,1.14,1.15,0.016,1.0,1.1,,0.0,0
2026-09-27 16:39:52,TB,in,0.21,Q1 2:25,-3.0,12485,Tez Johnson,WR,2.1,0.0,1.67,1.67,1.57,1.66,0.08,1.0,1.67,,0.0,0
2026-09-27 16:39:52,BAL,in,0.126,Q1 7:26,-3.0,5995,Justice Hill,RB,7.5,0.0,6.24,6.24,6.55,6.55,0.126,1.0,6.24,,0.0,0
2026-09-27 16:39:52,BAL,in,0.126,Q1 7:26,-3.0,7571,Rashod Bateman,WR,11.5,0.0,10.08,10.08,10.05,10.05,0.126,1.0,10.08,,0.0,0
2026-09-27 16:39:52,DAL,in,0.126,Q1 7:26,3.0,11199,Emari Demercado,RB,2.1,0.0,1.68,1.68,1.84,1.84,0.126,1.0,1.68,,0.0,0
2026-09-27 16:39:52,TB,in,0.21,Q1 2:25,-3.0,13317,Ted Hurst,WR,6.1,11.0,6.24,17.24,17.74,15.82,0.072,1.0,17.24,,0.0,0
2026-09-27 16:39:52,SF,in,0.215,Q1 2:06,7.0,12467,Jordan James,RB,1.9,0.0,1.29,1.29,1.41,1.49,0.104,1.0,1.29,,0.0,0
2026-09-27 16:39:52,MIN,in,0.21,Q1 2:25,3.0,11565,J.J. McCarthy,QB,0.5,0.0,0.37,0.37,0.37,0.4,0.08,1.0,0.37,,0.0,0
2026-09-27 16:39:52,LV,in,0.124,Q1 7:35,3.0,1166,Kirk Cousins,QB,14.4,2.28,12.35,14.63,14.9,14.9,0.001,1.0,14.63,,0.0,0
2026-09-27 16:39:52,SF,in,0.215,Q1 2:06,7.0,7527,Mac Jones,QB,0.5,0.0,0.33,0.33,0.37,0.39,0.104,0.3,0.1,,0.0,0
2026-09-27 16:39:52,LV,in,0.124,Q1 7:35,3.0,12483,Jack Bech,WR,4.5,0.0,3.61,3.61,3.94,3.94,0.124,1.0,3.61,,0.0,0
2026-09-27 16:39:52,NO,in,0.124,Q1 7:35,-3.0,13420,Bryce Lance,WR,3.9,0.0,3.43,3.43,3.42,3.42,0.124,1.0,3.43,,0.0,0
2026-09-27 16:39:52,ARI,in,0.215,Q1 2:06,-7.0,4454,Kendrick Bourne,WR,6.0,0.0,5.0,5.0,4.46,4.71,0.104,1.0,5.0,,0.0,0
2026-09-27 16:39:52,LV,in,0.124,Q1 7:35,3.0,9482,Michael Mayer,TE,6.7,0.0,5.37,5.37,5.87,5.87,0.124,1.0,5.37,,0.0,0
2026-09-27 16:39:52,MIN,in,0.21,Q1 2:25,3.0,5973,Josh Oliver,TE,3.5,0.0,2.54,2.54,2.62,2.77,0.08,1.0,2.54,,0.0,0
2026-09-27 16:39:52,BAL,in,0.126,Q1 7:26,-3.0,11629,Devontez Walker,WR,4.4,0.0,3.86,3.86,3.85,3.85,0.126,1.0,3.86,,0.0,0
2026-09-27 16:39:52,DAL,in,0.126,Q1 7:26,3.0,8917,KaVontae Turpin,WR,3.5,0.0,2.8,2.8,3.06,3.06,0.126,1.0,2.8,,0.0,0
2026-09-27 16:39:52,NO,in,0.124,Q1 7:35,-3.0,13319,Oscar Delp,TE,1.0,0.0,0.88,0.88,0.88,0.88,0.124,1.0,0.88,,0.0,0
2026-09-27 16:39:52,NO,in,0.124,Q1 7:35,-3.0,5857,Noah Fant,TE,3.5,0.0,3.08,3.08,3.07,3.07,0.124,1.0,3.08,,0.0,0
2026-09-27 16:39:52,ARI,in,0.215,Q1 2:06,-7.0,6011,Gardner Minshew,QB,0.5,0.0,0.43,0.43,0.37,0.39,0.104,1.0,0.43,,0.0,0
2026-09-27 16:39:52,BAL,in,0.126,Q1 7:26,-3.0,11570,Rasheen Ali,RB,0.8,0.0,0.67,0.67,0.7,0.7,0.126,1.0,0.67,,0.0,0
2026-09-27 16:39:52,SF,in,0.215,Q1 2:06,7.0,13414,Kaelon Black,RB,5.2,-0.1,3.5,3.4,3.74,3.98,0.0,1.0,3.4,,0.0,0
2026-09-27 16:39:52,ARI,in,0.215,Q1 2:06,-7.0,10231,Elijah Higgins,TE,2.4,1.4,2.18,3.58,3.46,3.28,0.104,1.0,3.58,,0.0,0
2026-09-27 16:39:52,DAL,in,0.126,Q1 7:26,3.0,10871,Luke Schoonmaker,TE,1.6,1.9,1.56,3.46,3.3,3.3,0.1,1.0,3.46,,0.0,0
2026-09-27 16:39:52,NO,in,0.124,Q1 7:35,-3.0,9757,Kendre Miller,RB,1.8,0.0,1.5,1.5,1.58,1.58,0.124,1.0,1.5,,0.0,0
2026-09-27 16:39:52,DAL,in,0.126,Q1 7:26,3.0,11533,Brandon Aubrey,K,8.9,3.0,7.78,10.78,10.78,10.78,0.012,1.0,10.78,,0.0,0
2026-09-27 16:39:52,MIN,in,0.21,Q1 2:25,3.0,11792,Will Reichard,K,8.2,6.0,7.33,13.33,13.33,12.48,0.08,1.0,13.33,,0.0,0
2026-09-27 16:39:52,TB,in,0.21,Q1 2:25,-3.0,6650,Chase McLaughlin,K,7.4,1.0,5.74,6.74,6.74,6.85,0.072,1.0,6.74,,0.0,0
2026-09-27 16:39:52,BAL,in,0.126,Q1 7:26,-3.0,12711,Tyler Loop,K,9.4,0.0,8.21,8.21,8.21,8.21,0.126,1.0,8.21,,0.0,0
2026-09-27 16:39:52,SF,in,0.215,Q1 2:06,7.0,5189,Eddy Pineiro,K,9.6,1.0,7.33,8.33,8.33,8.54,0.104,1.0,8.33,,0.0,0
2026-09-27 16:39:52,ARI,in,0.215,Q1 2:06,-7.0,10955,Chad Ryland,K,6.3,0.0,4.68,4.68,4.68,4.95,0.104,1.0,4.68,,0.0,0
2026-09-27 16:39:52,NO,in,0.124,Q1 7:35,-3.0,5095,Daniel Carlson,K,7.5,0.0,6.57,6.57,6.57,6.57,0.124,1.0,6.57,,0.0,0
2026-09-27 16:39:52,LV,in,0.124,Q1 7:35,3.0,6083,Matt Gay,K,7.1,4.0,6.22,10.22,10.22,10.22,0.0,1.0,10.22,,0.0,0
2026-09-27 16:39:52,MIN,in,0.21,Q1 2:25,3.0,MIN,Minnesota Vikings D/ST,DST,7.1,10.0,-1.6,8.4,17.29,15.61,0.072,1.0,8.4,,0.0,0
2026-09-27 16:39:52,BAL,in,0.126,Q1 7:26,-3.0,BAL,Baltimore Ravens D/ST,DST,5.0,8.0,-2.39,5.61,12.37,12.37,0.012,1.0,5.61,,0.0,0
2026-09-27 16:39:52,SF,in,0.215,Q1 2:06,7.0,SF,San Francisco 49ers D/ST,DST,7.1,10.0,-1.9,8.1,17.24,15.57,0.104,1.0,8.1,,0.0,0
2026-09-27 16:39:52,NO,in,0.124,Q1 7:35,-3.0,NO,New Orleans Saints D/ST,DST,7.3,8.0,-1.81,6.19,14.4,14.4,0.0,1.0,6.19,,0.0,0
2026-09-27 16:39:52,TB,in,0.21,Q1 2:25,-3.0,TB,Tampa Bay Buccaneers D/ST,DST,6.4,4.0,0.54,4.54,9.58,9.06,0.08,1.0,4.54,,0.0,0
2026-09-27 16:39:52,DAL,in,0.126,Q1 7:26,3.0,DAL,Dallas Cowboys D/ST,DST,3.7,10.0,-3.77,6.23,13.23,13.23,0.126,1.0,6.23,,0.0,0
2026-09-27 16:39:52,LV,in,0.124,Q1 7:35,3.0,LV,Las Vegas Raiders D/ST,DST,5.8,10.0,-3.07,6.93,15.08,15.08,0.124,1.0,6.93,,0.0,0
2026-09-27 16:39:52,ARI,in,0.215,Q1 2:06,-7.0,ARI,Arizona Cardinals D/ST,DST,3.8,4.0,-0.44,3.56,7.61,6.98,0.104,1.0,3.56,,0.0,0
2026-09-27 16:39:52,ARI,in,0.215,Q1 2:06,-7.0,13272,Carson Beck,QB,1.7,0.0,1.47,1.47,1.26,1.33,0.104,1.0,1.47,,0.0,0
2026-09-27 16:39:52,LV,in,0.124,Q1 7:35,3.0,13329,Malik Benson,WR,2.1,0.0,1.68,1.68,1.84,1.84,0.124,1.0,1.68,,0.0,0
2026-09-27 16:39:52,TB,in,0.21,Q1 2:25,-3.0,13425,Jalon Daniels,QB,0.4,0.0,0.33,0.33,0.3,0.32,0.08,1.0,0.33,,0.0,0
2026-09-27 16:39:52,BAL,in,0.126,Q1 7:26,-3.0,5008,Durham Smythe,TE,2.2,0.0,1.93,1.93,1.92,1.92,0.126,1.0,1.93,,0.0,0
2026-09-27 16:40:53,SF,in,0.226,Q1 1:27,7.0,4034,Christian McCaffrey,RB,21.8,3.9,15.58,19.48,20.58,20.78,0.025,1.0,19.48,,0.0,0
2026-09-27 16:40:53,DAL,in,0.147,Q1 6:12,3.0,6786,CeeDee Lamb,WR,19.1,0.0,14.93,14.93,16.3,16.3,0.147,1.0,14.93,,0.0,0
2026-09-27 16:40:53,MIN,in,0.21,Q1 2:25,3.0,6794,Justin Jefferson,WR,17.2,5.2,13.15,18.35,19.11,18.79,0.08,1.0,18.35,,0.0,0
2026-09-27 16:40:53,LV,in,0.124,Q1 7:35,3.0,12527,Ashton Jeanty,RB,18.5,2.0,15.45,17.45,18.21,18.21,0.001,1.0,17.45,,0.0,0
2026-09-27 16:40:53,ARI,in,0.226,Q1 1:27,-7.0,13287,Jeremiyah Love,RB,13.5,4.0,11.03,15.03,14.64,14.45,0.066,1.0,15.03,,0.0,0
2026-09-27 16:40:53,ARI,in,0.226,Q1 1:27,-7.0,8130,Trey McBride,TE,17.1,0.0,14.04,14.04,12.49,13.24,0.115,1.0,14.04,,0.0,0
2026-09-27 16:40:53,BAL,in,0.147,Q1 6:12,-3.0,3198,Derrick Henry,RB,19.9,1.6,16.54,18.14,18.58,18.58,0.021,1.0,18.14,,0.0,0
2026-09-27 16:40:53,LV,in,0.124,Q1 7:35,3.0,11604,Brock Bowers,TE,13.9,6.7,12.15,18.85,18.88,18.88,0.044,1.0,18.85,,0.0,0
2026-09-27 16:40:53,DAL,in,0.147,Q1 6:12,3.0,8137,George Pickens,WR,14.4,2.3,11.58,13.88,14.59,14.59,0.096,1.0,13.88,,0.0,0
2026-09-27 16:40:53,NO,in,0.124,Q1 7:35,-3.0,8144,Chris Olave,WR,17.5,0.0,15.39,15.39,15.34,15.34,0.124,1.0,15.39,,0.0,0
2026-09-27 16:40:53,NO,in,0.124,Q1 7:35,-3.0,7543,Travis Etienne,RB,12.0,0.2,10.07,10.27,10.72,10.72,0.112,1.0,10.27,,0.0,0
2026-09-27 16:40:53,TB,in,0.21,Q1 2:25,-3.0,11584,Bucky Irving,RB,13.1,1.7,10.11,11.81,11.85,12.05,0.072,1.0,11.81,,0.0,0
2026-09-27 16:40:53,TB,in,0.21,Q1 2:25,-3.0,12514,Emeka Egbuka,WR,13.7,0.0,10.88,10.88,10.26,10.83,0.08,1.0,10.88,,0.0,0
2026-09-27 16:40:53,DAL,in,0.147,Q1 6:12,3.0,7588,Javonte Williams,RB,16.5,4.4,14.07,18.47,18.48,18.48,0.056,1.0,18.47,,0.0,0
2026-09-27 16:40:53,BAL,in,0.147,Q1 6:12,-3.0,9997,Zay Flowers,WR,11.5,0.0,9.85,9.85,9.81,9.81,0.147,1.0,9.85,,0.0,0
2026-09-27 16:40:53,BAL,in,0.147,Q1 6:12,-3.0,4881,Lamar Jackson,QB,22.7,0.36,20.24,20.6,19.73,19.73,0.0,1.0,20.6,,0.0,0
2026-09-27 16:40:53,SF,in,0.226,Q1 1:27,7.0,2216,Mike Evans,WR,9.6,1.4,6.59,7.99,8.68,8.83,0.062,1.0,7.99,,0.0,0
2026-09-27 16:40:53,ARI,in,0.226,Q1 1:27,-7.0,11628,Marvin Harrison Jr.,WR,8.2,0.0,6.73,6.73,5.99,6.35,0.115,1.0,6.73,,0.0,0
2026-09-27 16:40:53,ARI,in,0.226,Q1 1:27,-7.0,10232,Michael Wilson,WR,10.8,1.5,9.05,10.55,9.68,9.86,0.115,1.0,10.55,,0.0,0
2026-09-27 16:40:53,DAL,in,0.147,Q1 6:12,3.0,3294,Dak Prescott,QB,19.2,0.88,15.49,16.37,17.26,17.26,0.096,1.0,16.37,,0.0,0
2026-09-27 16:40:53,ARI,in,0.226,Q1 1:27,-7.0,8132,Tyler Allgeier,RB,7.4,3.0,6.26,9.26,8.99,8.73,0.115,1.0,9.26,,0.0,0
2026-09-27 16:40:53,MIN,in,0.21,Q1 2:25,3.0,9756,Jordan Addison,WR,8.7,0.0,6.32,6.32,6.51,6.88,0.08,1.0,6.32,,0.0,0
2026-09-27 16:40:53,SF,in,0.226,Q1 1:27,7.0,8183,Brock Purdy,QB,20.2,4.88,14.41,19.29,20.58,20.52,0.0,1.0,19.29,,0.0,0
2026-09-27 16:40:53,TB,in,0.21,Q1 2:25,-3.0,4037,Chris Godwin,WR,9.3,0.0,7.38,7.38,6.96,7.35,0.08,1.0,7.38,,0.0,0
2026-09-27 16:40:53,MIN,in,0.21,Q1 2:25,3.0,5849,Kyler Murray,QB,16.2,3.18,12.57,15.75,15.94,15.98,0.0,1.0,15.75,,0.0,0
2026-09-27 16:40:53,TB,in,0.21,Q1 2:25,-3.0,4892,Baker Mayfield,QB,16.6,6.16,14.97,21.13,19.81,19.28,0.072,1.0,21.13,,0.0,0
2026-09-27 16:40:53,TB,in,0.21,Q1 2:25,-3.0,7567,Kenneth Gainwell,RB,7.5,0.0,5.53,5.53,5.62,5.93,0.08,1.0,5.53,,0.0,0
2026-09-27 16:40:53,NO,in,0.124,Q1 7:35,-3.0,12545,Tyler Shough,QB,19.8,0.0,18.1,18.1,17.35,17.35,0.124,1.0,18.1,,0.0,0
2026-09-27 16:40:53,SF,in,0.226,Q1 1:27,7.0,4217,George Kittle,TE,12.4,0.0,8.29,8.29,9.06,9.6,0.115,1.0,8.29,,0.0,0
2026-09-27 16:40:53,DAL,in,0.147,Q1 6:12,3.0,8110,Jake Ferguson,TE,9.2,0.0,7.19,7.19,7.85,7.85,0.147,1.0,7.19,,0.0,0
2026-09-27 16:40:53,MIN,in,0.21,Q1 2:25,3.0,7049,Jauan Jennings,WR,5.0,0.0,3.63,3.63,3.74,3.95,0.08,1.0,3.63,,0.0,0
2026-09-27 16:40:53,LV,in,0.124,Q1 7:35,3.0,13305,Mike Washington Jr.,RB,3.4,0.3,2.82,3.12,3.28,3.28,0.044,1.0,3.12,,0.0,0
2026-09-27 16:40:53,TB,in,0.21,Q1 2:25,-3.0,11618,Jalen McMillan,WR,5.6,0.0,4.45,4.45,4.19,4.43,0.08,1.0,4.45,,0.0,0
2026-09-27 16:40:53,MIN,in,0.21,Q1 2:25,3.0,4199,Aaron Jones,RB,13.0,1.8,9.65,11.45,11.89,12.07,0.08,1.0,11.45,,0.0,0
2026-09-27 16:40:53,BAL,in,0.147,Q1 6:12,-3.0,5012,Mark Andrews,TE,13.2,1.9,11.58,13.48,13.16,13.16,0.0,1.0,13.48,,0.0,0
2026-09-27 16:40:53,SF,in,0.226,Q1 1:27,7.0,5872,Deebo Samuel,WR,11.8,14.3,9.65,23.95,25.69,23.44,0.038,1.0,23.95,,0.0,0
2026-09-27 16:40:53,NO,in,0.124,Q1 7:35,-3.0,7002,Juwan Johnson,TE,9.6,0.0,8.44,8.44,8.41,8.41,0.124,1.0,8.44,,0.0,0
2026-09-27 16:40:53,ARI,in,0.226,Q1 1:27,-7.0,3257,Jacoby Brissett,QB,14.6,1.06,12.7,13.76,11.93,12.36,0.066,1.0,13.76,,0.0,0
2026-09-27 16:40:53,MIN,in,0.21,Q1 2:25,3.0,5844,T.J. Hockenson,TE,9.1,1.5,6.8,8.3,8.61,8.69,0.0,1.0,8.3,,0.0,0
2026-09-27 16:40:53,LV,in,0.124,Q1 7:35,3.0,8180,Jalen Nailor,WR,7.2,2.6,6.16,8.76,8.91,8.91,0.079,1.0,8.76,,0.0,0
2026-09-27 16:40:53,TB,in,0.21,Q1 2:25,-3.0,9506,Sean Tucker,RB,1.8,0.0,1.33,1.33,1.35,1.42,0.08,1.0,1.33,,0.0,0
2026-09-27 16:40:53,NO,in,0.124,Q1 7:35,-3.0,4035,Alvin Kamara,RB,8.6,0.0,7.18,7.18,7.54,7.54,0.124,1.0,7.18,,0.0,0
2026-09-27 16:40:53,LV,in,0.124,Q1 7:35,3.0,10213,Tre Tucker,WR,10.5,0.0,8.42,8.42,9.2,9.2,0.124,1.0,8.42,,0.0,0
2026-09-27 16:40:53,TB,in,0.21,Q1 2:25,-3.0,8111,Cade Otton,TE,7.7,2.4,6.42,8.82,8.64,8.49,0.08,1.0,8.82,,0.0,0
2026-09-27 16:40:53,BAL,in,0.147,Q1 6:12,-3.0,13268,Elijah Sarratt,WR,1.4,0.0,1.2,1.2,1.19,1.19,0.147,1.0,1.2,,0.0,0
2026-09-27 16:40:53,DAL,in,0.147,Q1 6:12,3.0,11783,Ryan Flournoy,WR,7.7,0.0,6.02,6.02,6.57,6.57,0.147,1.0,6.02,,0.0,0
2026-09-27 16:40:53,NO,in,0.124,Q1 7:35,-3.0,11834,Devaughn Vele,WR,11.8,0.0,10.38,10.38,10.34,10.34,0.124,1.0,10.38,,0.0,0
2026-09-27 16:40:53,MIN,in,0.21,Q1 2:25,3.0,13347,Demond Claiborne,RB,1.2,0.2,0.9,1.1,1.14,1.15,0.016,1.0,1.1,,0.0,0
2026-09-27 16:40:53,TB,in,0.21,Q1 2:25,-3.0,12485,Tez Johnson,WR,2.1,0.0,1.67,1.67,1.57,1.66,0.08,1.0,1.67,,0.0,0
2026-09-27 16:40:53,BAL,in,0.147,Q1 6:12,-3.0,5995,Justice Hill,RB,7.5,0.0,6.06,6.06,6.4,6.4,0.147,1.0,6.06,,0.0,0
2026-09-27 16:40:53,BAL,in,0.147,Q1 6:12,-3.0,7571,Rashod Bateman,WR,11.5,0.0,9.85,9.85,9.81,9.81,0.147,1.0,9.85,,0.0,0
2026-09-27 16:40:53,DAL,in,0.147,Q1 6:12,3.0,11199,Emari Demercado,RB,2.1,0.0,1.63,1.63,1.79,1.79,0.147,1.0,1.63,,0.0,0
2026-09-27 16:40:53,TB,in,0.21,Q1 2:25,-3.0,13317,Ted Hurst,WR,6.1,11.0,6.24,17.24,17.74,15.82,0.072,1.0,17.24,,0.0,0
2026-09-27 16:40:53,SF,in,0.226,Q1 1:27,7.0,12467,Jordan James,RB,1.9,0.0,1.27,1.27,1.39,1.47,0.115,1.0,1.27,,0.0,0
2026-09-27 16:40:53,MIN,in,0.21,Q1 2:25,3.0,11565,J.J. McCarthy,QB,0.5,0.0,0.37,0.37,0.37,0.4,0.08,1.0,0.37,,0.0,0
2026-09-27 16:40:53,LV,in,0.124,Q1 7:35,3.0,1166,Kirk Cousins,QB,14.4,2.28,12.35,14.63,14.9,14.9,0.001,1.0,14.63,,0.0,0
2026-09-27 16:40:53,SF,in,0.226,Q1 1:27,7.0,7527,Mac Jones,QB,0.5,0.0,0.33,0.33,0.37,0.39,0.115,0.3,0.1,,0.0,0
2026-09-27 16:40:53,LV,in,0.124,Q1 7:35,3.0,12483,Jack Bech,WR,4.5,0.0,3.61,3.61,3.94,3.94,0.124,1.0,3.61,,0.0,0
2026-09-27 16:40:53,NO,in,0.124,Q1 7:35,-3.0,13420,Bryce Lance,WR,3.9,0.0,3.43,3.43,3.42,3.42,0.124,1.0,3.43,,0.0,0
2026-09-27 16:40:53,ARI,in,0.226,Q1 1:27,-7.0,4454,Kendrick Bourne,WR,6.0,0.0,4.93,4.93,4.38,4.64,0.115,1.0,4.93,,0.0,0
2026-09-27 16:40:53,LV,in,0.124,Q1 7:35,3.0,9482,Michael Mayer,TE,6.7,0.0,5.37,5.37,5.87,5.87,0.124,1.0,5.37,,0.0,0
2026-09-27 16:40:53,MIN,in,0.21,Q1 2:25,3.0,5973,Josh Oliver,TE,3.5,0.0,2.54,2.54,2.62,2.77,0.08,1.0,2.54,,0.0,0
2026-09-27 16:40:53,BAL,in,0.147,Q1 6:12,-3.0,11629,Devontez Walker,WR,4.4,0.0,3.77,3.77,3.75,3.75,0.147,1.0,3.77,,0.0,0
2026-09-27 16:40:53,DAL,in,0.147,Q1 6:12,3.0,8917,KaVontae Turpin,WR,3.5,0.0,2.74,2.74,2.99,2.99,0.147,1.0,2.74,,0.0,0
2026-09-27 16:40:53,NO,in,0.124,Q1 7:35,-3.0,13319,Oscar Delp,TE,1.0,0.0,0.88,0.88,0.88,0.88,0.124,1.0,0.88,,0.0,0
2026-09-27 16:40:53,NO,in,0.124,Q1 7:35,-3.0,5857,Noah Fant,TE,3.5,0.0,3.08,3.08,3.07,3.07,0.124,1.0,3.08,,0.0,0
2026-09-27 16:40:53,ARI,in,0.226,Q1 1:27,-7.0,6011,Gardner Minshew,QB,0.5,0.0,0.43,0.43,0.37,0.39,0.115,1.0,0.43,,0.0,0
2026-09-27 16:40:53,BAL,in,0.147,Q1 6:12,-3.0,11570,Rasheen Ali,RB,0.8,0.0,0.65,0.65,0.68,0.68,0.147,1.0,0.65,,0.0,0
2026-09-27 16:40:53,SF,in,0.226,Q1 1:27,7.0,13414,Kaelon Black,RB,5.2,-0.1,3.44,3.34,3.68,3.93,0.011,1.0,3.34,,0.0,0
2026-09-27 16:40:53,ARI,in,0.226,Q1 1:27,-7.0,10231,Elijah Higgins,TE,2.4,1.4,2.14,3.54,3.42,3.26,0.115,1.0,3.54,,0.0,0
2026-09-27 16:40:53,DAL,in,0.147,Q1 6:12,3.0,10871,Luke Schoonmaker,TE,1.6,1.9,1.52,3.42,3.27,3.27,0.121,1.0,3.42,,0.0,0
2026-09-27 16:40:53,NO,in,0.124,Q1 7:35,-3.0,9757,Kendre Miller,RB,1.8,0.0,1.5,1.5,1.58,1.58,0.124,1.0,1.5,,0.0,0
2026-09-27 16:40:53,DAL,in,0.147,Q1 6:12,3.0,11533,Brandon Aubrey,K,8.9,3.0,7.59,10.59,10.59,10.59,0.033,1.0,10.59,,0.0,0
2026-09-27 16:40:53,MIN,in,0.21,Q1 2:25,3.0,11792,Will Reichard,K,8.2,6.0,7.33,13.33,13.33,12.48,0.08,1.0,13.33,,0.0,0
2026-09-27 16:40:53,TB,in,0.21,Q1 2:25,-3.0,6650,Chase McLaughlin,K,7.4,1.0,5.74,6.74,6.74,6.85,0.072,1.0,6.74,,0.0,0
2026-09-27 16:40:53,BAL,in,0.147,Q1 6:12,-3.0,12711,Tyler Loop,K,9.4,0.0,8.02,8.02,8.02,8.02,0.147,1.0,8.02,,0.0,0
2026-09-27 16:40:53,SF,in,0.226,Q1 1:27,7.0,5189,Eddy Pineiro,K,9.6,1.0,7.21,8.21,8.21,8.43,0.115,1.0,8.21,,0.0,0
2026-09-27 16:40:53,ARI,in,0.226,Q1 1:27,-7.0,10955,Chad Ryland,K,6.3,0.0,4.6,4.6,4.6,4.88,0.115,1.0,4.6,,0.0,0
2026-09-27 16:40:53,NO,in,0.124,Q1 7:35,-3.0,5095,Daniel Carlson,K,7.5,0.0,6.57,6.57,6.57,6.57,0.124,1.0,6.57,,0.0,0
2026-09-27 16:40:53,LV,in,0.124,Q1 7:35,3.0,6083,Matt Gay,K,7.1,4.0,6.22,10.22,10.22,10.22,0.0,1.0,10.22,,0.0,0
2026-09-27 16:40:53,MIN,in,0.21,Q1 2:25,3.0,MIN,Minnesota Vikings D/ST,DST,7.1,10.0,-1.6,8.4,17.29,15.61,0.072,1.0,8.4,,0.0,0
2026-09-27 16:40:53,BAL,in,0.147,Q1 6:12,-3.0,BAL,Baltimore Ravens D/ST,DST,5.0,8.0,-2.29,5.71,12.27,12.27,0.033,1.0,5.71,,0.0,0
2026-09-27 16:40:53,SF,in,0.226,Q1 1:27,7.0,SF,San Francisco 49ers D/ST,DST,7.1,10.0,-1.84,8.16,17.12,15.5,0.115,1.0,8.16,,0.0,0
2026-09-27 16:40:53,NO,in,0.124,Q1 7:35,-3.0,NO,New Orleans Saints D/ST,DST,7.3,8.0,-1.81,6.19,14.4,14.4,0.0,1.0,6.19,,0.0,0
2026-09-27 16:40:53,TB,in,0.21,Q1 2:25,-3.0,TB,Tampa Bay Buccaneers D/ST,DST,6.4,4.0,0.54,4.54,9.58,9.06,0.08,1.0,4.54,,0.0,0
2026-09-27 16:40:53,DAL,in,0.147,Q1 6:12,3.0,DAL,Dallas Cowboys D/ST,DST,3.7,10.0,-3.59,6.41,13.16,13.16,0.147,1.0,6.41,,0.0,0
2026-09-27 16:40:53,LV,in,0.124,Q1 7:35,3.0,LV,Las Vegas Raiders D/ST,DST,5.8,10.0,-3.07,6.93,15.08,15.08,0.124,1.0,6.93,,0.0,0
2026-09-27 16:40:53,ARI,in,0.226,Q1 1:27,-7.0,ARI,Arizona Cardinals D/ST,DST,3.8,4.0,-0.43,3.57,7.55,6.94,0.115,1.0,3.57,,0.0,0
2026-09-27 16:40:53,ARI,in,0.226,Q1 1:27,-7.0,13272,Carson Beck,QB,1.7,0.0,1.45,1.45,1.24,1.32,0.115,1.0,1.45,,0.0,0
2026-09-27 16:40:53,LV,in,0.124,Q1 7:35,3.0,13329,Malik Benson,WR,2.1,0.0,1.68,1.68,1.84,1.84,0.124,1.0,1.68,,0.0,0
2026-09-27 16:40:53,TB,in,0.21,Q1 2:25,-3.0,13425,Jalon Daniels,QB,0.4,0.0,0.33,0.33,0.3,0.32,0.08,1.0,0.33,,0.0,0
2026-09-27 16:40:53,BAL,in,0.147,Q1 6:12,-3.0,5008,Durham Smythe,TE,2.2,0.0,1.88,1.88,1.88,1.88,0.147,1.0,1.88,,0.0,0
2026-09-27 16:41:54,SF,in,0.237,Q1 0:46,7.0,4034,Christian McCaffrey,RB,21.8,3.9,15.31,19.21,20.29,20.53,0.036,1.0,19.21,,0.0,0
2026-09-27 16:41:54,DAL,in,0.148,Q1 6:06,3.0,6786,CeeDee Lamb,WR,19.1,0.0,14.9,14.9,16.27,16.27,0.148,1.0,14.9,,0.0,0
2026-09-27 16:41:54,MIN,in,0.21,Q1 2:25,3.0,6794,Justin Jefferson,WR,17.2,5.2,13.15,18.35,19.11,18.79,0.08,1.0,18.35,,0.0,0
2026-09-27 16:41:54,LV,in,0.141,Q1 6:32,3.0,12527,Ashton Jeanty,RB,18.5,2.0,15.07,17.07,17.89,17.89,0.018,1.0,17.07,,0.0,0
2026-09-27 16:41:54,ARI,in,0.237,Q1 0:46,-7.0,13287,Jeremiyah Love,RB,13.5,4.0,10.84,14.84,14.45,14.3,0.078,1.0,14.84,,0.0,0
2026-09-27 16:41:54,ARI,in,0.237,Q1 0:46,-7.0,8130,Trey McBride,TE,17.1,0.0,13.82,13.82,12.27,13.04,0.126,1.0,13.82,,0.0,0
2026-09-27 16:41:54,BAL,in,0.148,Q1 6:06,-3.0,3198,Derrick Henry,RB,19.9,1.6,16.5,18.1,18.55,18.55,0.022,1.0,18.1,,0.0,0
2026-09-27 16:41:54,LV,in,0.141,Q1 6:32,3.0,11604,Brock Bowers,TE,13.9,6.7,11.9,18.6,18.64,18.64,0.062,1.0,18.6,,0.0,0
2026-09-27 16:41:54,DAL,in,0.148,Q1 6:06,3.0,8137,George Pickens,WR,14.4,2.3,11.56,13.86,14.56,14.56,0.097,1.0,13.86,,0.0,0
2026-09-27 16:41:54,NO,in,0.141,Q1 6:32,-3.0,8144,Chris Olave,WR,17.5,0.0,15.09,15.09,15.03,15.03,0.141,1.0,15.09,,0.0,0
2026-09-27 16:41:54,NO,in,0.141,Q1 6:32,-3.0,7543,Travis Etienne,RB,12.0,0.6,9.94,10.54,10.91,10.91,0.0,1.0,10.54,,0.0,0
2026-09-27 16:41:54,TB,in,0.21,Q1 2:25,-3.0,11584,Bucky Irving,RB,13.1,2.1,10.22,12.32,12.32,12.45,0.0,1.0,12.32,,0.0,0
2026-09-27 16:41:54,TB,in,0.21,Q1 2:25,-3.0,12514,Emeka Egbuka,WR,13.7,0.0,10.88,10.88,10.26,10.83,0.08,1.0,10.88,,0.0,0
2026-09-27 16:41:54,DAL,in,0.148,Q1 6:06,3.0,7588,Javonte Williams,RB,16.5,4.4,14.04,18.44,18.45,18.45,0.058,1.0,18.44,,0.0,0
2026-09-27 16:41:54,BAL,in,0.148,Q1 6:06,-3.0,9997,Zay Flowers,WR,11.5,0.0,9.83,9.83,9.79,9.79,0.148,1.0,9.83,,0.0,0
2026-09-27 16:41:54,BAL,in,0.148,Q1 6:06,-3.0,4881,Lamar Jackson,QB,22.7,0.36,20.2,20.56,19.69,19.69,0.002,1.0,20.56,,0.0,0
2026-09-27 16:41:54,SF,in,0.237,Q1 0:46,7.0,2216,Mike Evans,WR,9.6,1.4,6.5,7.9,8.56,8.72,0.074,1.0,7.9,,0.0,0
2026-09-27 16:41:54,ARI,in,0.237,Q1 0:46,-7.0,11628,Marvin Harrison Jr.,WR,8.2,0.0,6.63,6.63,5.88,6.25,0.126,1.0,6.63,,0.0,0
2026-09-27 16:41:54,ARI,in,0.237,Q1 0:46,-7.0,10232,Michael Wilson,WR,10.8,1.5,8.91,10.41,9.54,9.74,0.126,1.0,10.41,,0.0,0
2026-09-27 16:41:54,DAL,in,0.148,Q1 6:06,3.0,3294,Dak Prescott,QB,19.2,0.88,15.46,16.34,17.23,17.23,0.097,1.0,16.34,,0.0,0
2026-09-27 16:41:54,ARI,in,0.237,Q1 0:46,-7.0,8132,Tyler Allgeier,RB,7.4,3.0,6.16,9.16,8.88,8.64,0.126,1.0,9.16,,0.0,0
2026-09-27 16:41:54,MIN,in,0.21,Q1 2:25,3.0,9756,Jordan Addison,WR,8.7,0.0,6.32,6.32,6.51,6.88,0.08,1.0,6.32,,0.0,0
2026-09-27 16:41:54,SF,in,0.237,Q1 0:46,7.0,8183,Brock Purdy,QB,20.2,4.88,14.17,19.05,20.3,20.29,0.011,1.0,19.05,,0.0,0
2026-09-27 16:41:54,TB,in,0.21,Q1 2:25,-3.0,4037,Chris Godwin,WR,9.3,0.0,7.38,7.38,6.96,7.35,0.08,1.0,7.38,,0.0,0
2026-09-27 16:41:54,MIN,in,0.21,Q1 2:25,3.0,5849,Kyler Murray,QB,16.2,3.18,12.57,15.75,15.94,15.98,0.0,1.0,15.75,,0.0,0
2026-09-27 16:41:54,TB,in,0.21,Q1 2:25,-3.0,4892,Baker Mayfield,QB,16.6,6.16,14.97,21.13,19.81,19.28,0.072,1.0,21.13,,0.0,0
2026-09-27 16:41:54,TB,in,0.21,Q1 2:25,-3.0,7567,Kenneth Gainwell,RB,7.5,0.0,5.53,5.53,5.62,5.93,0.08,1.0,5.53,,0.0,0
2026-09-27 16:41:54,NO,in,0.141,Q1 6:32,-3.0,12545,Tyler Shough,QB,19.8,0.24,17.76,18.0,17.25,17.25,0.0,1.0,18.0,,0.0,0
2026-09-27 16:41:54,SF,in,0.237,Q1 0:46,7.0,4217,George Kittle,TE,12.4,0.0,8.18,8.18,8.9,9.46,0.126,1.0,8.18,,0.0,0
2026-09-27 16:41:54,DAL,in,0.148,Q1 6:06,3.0,8110,Jake Ferguson,TE,9.2,0.0,7.18,7.18,7.84,7.84,0.148,1.0,7.18,,0.0,0
2026-09-27 16:41:54,MIN,in,0.21,Q1 2:25,3.0,7049,Jauan Jennings,WR,5.0,0.0,3.63,3.63,3.74,3.95,0.08,1.0,3.63,,0.0,0
2026-09-27 16:41:54,LV,in,0.141,Q1 6:32,3.0,13305,Mike Washington Jr.,RB,3.4,0.3,2.75,3.05,3.22,3.22,0.062,1.0,3.05,,0.0,0
2026-09-27 16:41:54,TB,in,0.21,Q1 2:25,-3.0,11618,Jalen McMillan,WR,5.6,0.0,4.45,4.45,4.19,4.43,0.08,1.0,4.45,,0.0,0
2026-09-27 16:41:54,MIN,in,0.21,Q1 2:25,3.0,4199,Aaron Jones,RB,13.0,1.8,9.65,11.45,11.89,12.07,0.08,1.0,11.45,,0.0,0
2026-09-27 16:41:54,BAL,in,0.148,Q1 6:06,-3.0,5012,Mark Andrews,TE,13.2,1.9,11.55,13.45,13.14,13.14,0.002,1.0,13.45,,0.0,0
2026-09-27 16:41:54,SF,in,0.237,Q1 0:46,7.0,5872,Deebo Samuel,WR,11.8,14.3,9.5,23.8,25.49,23.3,0.049,1.0,23.8,,0.0,0
2026-09-27 16:41:54,NO,in,0.141,Q1 6:32,-3.0,7002,Juwan Johnson,TE,9.6,1.6,8.51,10.11,9.85,9.85,0.0,1.0,10.11,,0.0,0
2026-09-27 16:41:54,ARI,in,0.237,Q1 0:46,-7.0,3257,Jacoby Brissett,QB,14.6,1.06,12.5,13.56,11.74,12.2,0.078,1.0,13.56,,0.0,0
2026-09-27 16:41:54,MIN,in,0.21,Q1 2:25,3.0,5844,T.J. Hockenson,TE,9.1,1.5,6.8,8.3,8.61,8.69,0.0,1.0,8.3,,0.0,0
2026-09-27 16:41:54,LV,in,0.141,Q1 6:32,3.0,8180,Jalen Nailor,WR,7.2,2.6,6.04,8.64,8.78,8.78,0.096,1.0,8.64,,0.0,0
2026-09-27 16:41:54,TB,in,0.21,Q1 2:25,-3.0,9506,Sean Tucker,RB,1.8,0.0,1.33,1.33,1.35,1.42,0.08,1.0,1.33,,0.0,0
2026-09-27 16:41:54,NO,in,0.141,Q1 6:32,-3.0,4035,Alvin Kamara,RB,8.6,0.0,7.0,7.0,7.39,7.39,0.141,1.0,7.0,,0.0,0
2026-09-27 16:41:54,LV,in,0.141,Q1 6:32,3.0,10213,Tre Tucker,WR,10.5,0.0,8.26,8.26,9.02,9.02,0.141,1.0,8.26,,0.0,0
2026-09-27 16:41:54,TB,in,0.21,Q1 2:25,-3.0,8111,Cade Otton,TE,7.7,2.4,6.42,8.82,8.64,8.49,0.08,1.0,8.82,,0.0,0
2026-09-27 16:41:54,BAL,in,0.148,Q1 6:06,-3.0,13268,Elijah Sarratt,WR,1.4,0.0,1.2,1.2,1.19,1.19,0.148,1.0,1.2,,0.0,0
2026-09-27 16:41:54,DAL,in,0.148,Q1 6:06,3.0,11783,Ryan Flournoy,WR,7.7,0.0,6.01,6.01,6.56,6.56,0.148,1.0,6.01,,0.0,0
2026-09-27 16:41:54,NO,in,0.141,Q1 6:32,-3.0,11834,Devaughn Vele,WR,11.8,0.0,10.17,10.17,10.13,10.13,0.141,1.0,10.17,,0.0,0
2026-09-27 16:41:54,MIN,in,0.21,Q1 2:25,3.0,13347,Demond Claiborne,RB,1.2,0.2,0.9,1.1,1.14,1.15,0.016,1.0,1.1,,0.0,0
2026-09-27 16:41:54,TB,in,0.21,Q1 2:25,-3.0,12485,Tez Johnson,WR,2.1,0.0,1.67,1.67,1.57,1.66,0.08,1.0,1.67,,0.0,0
2026-09-27 16:41:54,BAL,in,0.148,Q1 6:06,-3.0,5995,Justice Hill,RB,7.5,0.0,6.05,6.05,6.39,6.39,0.148,1.0,6.05,,0.0,0
2026-09-27 16:41:54,BAL,in,0.148,Q1 6:06,-3.0,7571,Rashod Bateman,WR,11.5,0.0,9.83,9.83,9.79,9.79,0.148,1.0,9.83,,0.0,0
2026-09-27 16:41:54,DAL,in,0.148,Q1 6:06,3.0,11199,Emari Demercado,RB,2.1,0.0,1.63,1.63,1.79,1.79,0.148,1.0,1.63,,0.0,0
2026-09-27 16:41:54,TB,in,0.21,Q1 2:25,-3.0,13317,Ted Hurst,WR,6.1,11.0,6.24,17.24,17.74,15.82,0.072,1.0,17.24,,0.0,0
2026-09-27 16:41:54,SF,in,0.237,Q1 0:46,7.0,12467,Jordan James,RB,1.9,0.0,1.24,1.24,1.36,1.45,0.126,1.0,1.24,,0.0,0
2026-09-27 16:41:54,MIN,in,0.21,Q1 2:25,3.0,11565,J.J. McCarthy,QB,0.5,0.0,0.37,0.37,0.37,0.4,0.08,1.0,0.37,,0.0,0
2026-09-27 16:41:54,LV,in,0.141,Q1 6:32,3.0,1166,Kirk Cousins,QB,14.4,2.28,12.09,14.37,14.65,14.65,0.018,1.0,14.37,,0.0,0
2026-09-27 16:41:54,SF,in,0.237,Q1 0:46,7.0,7527,Mac Jones,QB,0.5,0.0,0.32,0.32,0.36,0.38,0.126,0.3,0.1,,0.0,0
2026-09-27 16:41:54,LV,in,0.141,Q1 6:32,3.0,12483,Jack Bech,WR,4.5,0.0,3.54,3.54,3.87,3.87,0.141,1.0,3.54,,0.0,0
2026-09-27 16:41:54,NO,in,0.141,Q1 6:32,-3.0,13420,Bryce Lance,WR,3.9,0.0,3.36,3.36,3.35,3.35,0.141,1.0,3.36,,0.0,0
2026-09-27 16:41:54,ARI,in,0.237,Q1 0:46,-7.0,4454,Kendrick Bourne,WR,6.0,0.0,4.85,4.85,4.31,4.58,0.126,1.0,4.85,,0.0,0
2026-09-27 16:41:54,LV,in,0.141,Q1 6:32,3.0,9482,Michael Mayer,TE,6.7,0.0,5.27,5.27,5.75,5.75,0.141,1.0,5.27,,0.0,0
2026-09-27 16:41:54,MIN,in,0.21,Q1 2:25,3.0,5973,Josh Oliver,TE,3.5,0.0,2.54,2.54,2.62,2.77,0.08,1.0,2.54,,0.0,0
2026-09-27 16:41:54,BAL,in,0.148,Q1 6:06,-3.0,11629,Devontez Walker,WR,4.4,0.0,3.76,3.76,3.75,3.75,0.148,1.0,3.76,,0.0,0
2026-09-27 16:41:54,DAL,in,0.148,Q1 6:06,3.0,8917,KaVontae Turpin,WR,3.5,0.0,2.73,2.73,2.98,2.98,0.148,1.0,2.73,,0.0,0
2026-09-27 16:41:54,NO,in,0.141,Q1 6:32,-3.0,13319,Oscar Delp,TE,1.0,0.0,0.86,0.86,0.86,0.86,0.141,1.0,0.86,,0.0,0
2026-09-27 16:41:54,NO,in,0.141,Q1 6:32,-3.0,5857,Noah Fant,TE,3.5,0.0,3.02,3.02,3.01,3.01,0.141,1.0,3.02,,0.0,0
2026-09-27 16:41:54,ARI,in,0.237,Q1 0:46,-7.0,6011,Gardner Minshew,QB,0.5,0.0,0.42,0.42,0.36,0.38,0.126,1.0,0.42,,0.0,0
2026-09-27 16:41:54,BAL,in,0.148,Q1 6:06,-3.0,11570,Rasheen Ali,RB,0.8,0.0,0.65,0.65,0.68,0.68,0.148,1.0,0.65,,0.0,0
2026-09-27 16:41:54,SF,in,0.237,Q1 0:46,7.0,13414,Kaelon Black,RB,5.2,-0.1,3.38,3.28,3.61,3.87,0.022,1.0,3.28,,0.0,0
2026-09-27 16:41:54,ARI,in,0.237,Q1 0:46,-7.0,10231,Elijah Higgins,TE,2.4,1.4,2.11,3.51,3.39,3.23,0.126,1.0,3.51,,0.0,0
2026-09-27 16:41:54,DAL,in,0.148,Q1 6:06,3.0,10871,Luke Schoonmaker,TE,1.6,1.9,1.52,3.42,3.26,3.26,0.123,1.0,3.42,,0.0,0
2026-09-27 16:41:54,NO,in,0.141,Q1 6:32,-3.0,9757,Kendre Miller,RB,1.8,0.0,1.47,1.47,1.55,1.55,0.141,1.0,1.47,,0.0,0
2026-09-27 16:41:54,DAL,in,0.148,Q1 6:06,3.0,11533,Brandon Aubrey,K,8.9,3.0,7.58,10.58,10.58,10.58,0.034,1.0,10.58,,0.0,0
2026-09-27 16:41:54,MIN,in,0.21,Q1 2:25,3.0,11792,Will Reichard,K,8.2,6.0,7.33,13.33,13.33,12.48,0.08,1.0,13.33,,0.0,0
2026-09-27 16:41:54,TB,in,0.21,Q1 2:25,-3.0,6650,Chase McLaughlin,K,7.4,1.0,5.74,6.74,6.74,6.85,0.072,1.0,6.74,,0.0,0
2026-09-27 16:41:54,BAL,in,0.148,Q1 6:06,-3.0,12711,Tyler Loop,K,9.4,0.0,8.01,8.01,8.01,8.01,0.148,1.0,8.01,,0.0,0
2026-09-27 16:41:54,SF,in,0.237,Q1 0:46,7.0,5189,Eddy Pineiro,K,9.6,1.0,7.08,8.08,8.08,8.32,0.126,1.0,8.08,,0.0,0
2026-09-27 16:41:54,ARI,in,0.237,Q1 0:46,-7.0,10955,Chad Ryland,K,6.3,0.0,4.52,4.52,4.52,4.81,0.126,1.0,4.52,,0.0,0
2026-09-27 16:41:54,NO,in,0.141,Q1 6:32,-3.0,5095,Daniel Carlson,K,7.5,0.0,6.44,6.44,6.44,6.44,0.141,1.0,6.44,,0.0,0
2026-09-27 16:41:54,LV,in,0.141,Q1 6:32,3.0,6083,Matt Gay,K,7.1,4.0,6.1,10.1,10.1,10.1,0.017,1.0,10.1,,0.0,0
2026-09-27 16:41:54,MIN,in,0.21,Q1 2:25,3.0,MIN,Minnesota Vikings D/ST,DST,7.1,10.0,-1.6,8.4,17.29,15.61,0.072,1.0,8.4,,0.0,0
2026-09-27 16:41:54,BAL,in,0.148,Q1 6:06,-3.0,BAL,Baltimore Ravens D/ST,DST,5.0,8.0,-2.29,5.71,12.26,12.26,0.034,1.0,5.71,,0.0,0
2026-09-27 16:41:54,SF,in,0.237,Q1 0:46,7.0,SF,San Francisco 49ers D/ST,DST,7.1,10.0,-1.79,8.21,17.0,15.42,0.126,1.0,8.21,,0.0,0
2026-09-27 16:41:54,NO,in,0.141,Q1 6:32,-3.0,NO,New Orleans Saints D/ST,DST,7.3,8.0,-1.76,6.24,14.27,14.27,0.017,1.0,6.24,,0.0,0
2026-09-27 16:41:54,TB,in,0.21,Q1 2:25,-3.0,TB,Tampa Bay Buccaneers D/ST,DST,6.4,4.0,0.54,4.54,9.58,9.06,0.08,1.0,4.54,,0.0,0
2026-09-27 16:41:54,DAL,in,0.148,Q1 6:06,3.0,DAL,Dallas Cowboys D/ST,DST,3.7,10.0,-3.58,6.42,13.15,13.15,0.148,1.0,6.42,,0.0,0
2026-09-27 16:41:54,LV,in,0.141,Q1 6:32,3.0,LV,Las Vegas Raiders D/ST,DST,5.8,10.0,-2.95,7.05,14.98,14.98,0.141,1.0,7.05,,0.0,0
2026-09-27 16:41:54,ARI,in,0.237,Q1 0:46,-7.0,ARI,Arizona Cardinals D/ST,DST,3.8,4.0,-0.42,3.58,7.49,6.9,0.126,1.0,3.58,,0.0,0
2026-09-27 16:41:54,ARI,in,0.237,Q1 0:46,-7.0,13272,Carson Beck,QB,1.7,0.0,1.42,1.42,1.22,1.3,0.126,1.0,1.42,,0.0,0
2026-09-27 16:41:54,LV,in,0.141,Q1 6:32,3.0,13329,Malik Benson,WR,2.1,0.0,1.65,1.65,1.8,1.8,0.141,1.0,1.65,,0.0,0
2026-09-27 16:41:54,TB,in,0.21,Q1 2:25,-3.0,13425,Jalon Daniels,QB,0.4,0.0,0.33,0.33,0.3,0.32,0.08,1.0,0.33,,0.0,0
2026-09-27 16:41:54,BAL,in,0.148,Q1 6:06,-3.0,5008,Durham Smythe,TE,2.2,0.0,1.88,1.88,1.87,1.87,0.148,1.0,1.88,,0.0,0
2026-09-27 16:42:55,SF,in,0.25,Q2 15:00,7.0,4034,Christian McCaffrey,RB,21.8,3.9,15.01,18.91,19.96,20.25,0.049,1.0,18.91,,0.0,0
2026-09-27 16:42:55,DAL,in,0.148,Q1 6:06,3.0,6786,CeeDee Lamb,WR,19.1,0.0,14.9,14.9,16.27,16.27,0.148,1.0,14.9,,0.0,0
2026-09-27 16:42:55,MIN,in,0.216,Q1 2:01,3.0,6794,Justin Jefferson,WR,17.2,5.2,13.04,18.24,18.97,18.68,0.087,1.0,18.24,,0.0,0
2026-09-27 16:42:55,LV,in,0.152,Q1 5:54,3.0,12527,Ashton Jeanty,RB,18.5,2.0,14.84,16.84,17.52,17.69,0.029,1.0,16.84,,0.0,0
2026-09-27 16:42:55,ARI,in,0.25,Q2 15:00,-7.0,13287,Jeremiyah Love,RB,13.5,4.0,10.62,14.62,14.24,14.12,0.09,1.0,14.62,,0.0,0
2026-09-27 16:42:55,ARI,in,0.25,Q2 15:00,-7.0,8130,Trey McBride,TE,17.1,0.0,13.58,13.58,12.02,12.83,0.139,1.0,13.58,,0.0,0
2026-09-27 16:42:55,BAL,in,0.148,Q1 6:06,-3.0,3198,Derrick Henry,RB,19.9,1.6,16.5,18.1,18.55,18.55,0.022,1.0,18.1,,0.0,0
2026-09-27 16:42:55,LV,in,0.152,Q1 5:54,3.0,11604,Brock Bowers,TE,13.9,6.7,11.75,18.45,19.47,18.49,0.072,1.0,18.45,,0.0,0
2026-09-27 16:42:55,DAL,in,0.148,Q1 6:06,3.0,8137,George Pickens,WR,14.4,2.3,11.56,13.86,14.56,14.56,0.097,1.0,13.86,,0.0,0
2026-09-27 16:42:55,NO,in,0.152,Q1 5:54,-3.0,8144,Chris Olave,WR,17.5,0.0,14.9,14.9,14.28,14.85,0.152,1.0,14.9,,0.0,0
2026-09-27 16:42:55,NO,in,0.152,Q1 5:54,-3.0,7543,Travis Etienne,RB,12.0,0.7,9.83,10.53,10.64,10.88,0.0,1.0,10.53,,0.0,0
2026-09-27 16:42:55,TB,in,0.216,Q1 2:01,-3.0,11584,Bucky Irving,RB,13.1,2.1,10.11,12.21,12.22,12.37,0.007,1.0,12.21,,0.0,0
2026-09-27 16:42:55,TB,in,0.216,Q1 2:01,-3.0,12514,Emeka Egbuka,WR,13.7,1.4,10.96,12.36,11.83,12.14,0.0,1.0,12.36,,0.0,0
2026-09-27 16:42:55,DAL,in,0.148,Q1 6:06,3.0,7588,Javonte Williams,RB,16.5,5.6,14.37,19.97,19.65,19.65,0.0,1.0,19.97,,0.0,0
2026-09-27 16:42:55,BAL,in,0.148,Q1 6:06,-3.0,9997,Zay Flowers,WR,11.5,0.0,9.83,9.83,9.79,9.79,0.148,1.0,9.83,,0.0,0
2026-09-27 16:42:55,BAL,in,0.148,Q1 6:06,-3.0,4881,Lamar Jackson,QB,22.7,0.36,20.2,20.56,19.69,19.69,0.002,1.0,20.56,,0.0,0
2026-09-27 16:42:55,SF,in,0.25,Q2 15:00,7.0,2216,Mike Evans,WR,9.6,1.4,6.4,7.8,8.41,8.6,0.086,1.0,7.8,,0.0,0
2026-09-27 16:42:55,ARI,in,0.25,Q2 15:00,-7.0,11628,Marvin Harrison Jr.,WR,8.2,0.0,6.51,6.51,5.77,6.15,0.139,1.0,6.51,,0.0,0
2026-09-27 16:42:55,ARI,in,0.25,Q2 15:00,-7.0,10232,Michael Wilson,WR,10.8,1.5,8.75,10.25,9.38,9.6,0.139,1.0,10.25,,0.0,0
2026-09-27 16:42:55,DAL,in,0.148,Q1 6:06,3.0,3294,Dak Prescott,QB,19.2,0.96,15.48,16.44,17.31,17.31,0.0,1.0,16.44,,0.0,0
2026-09-27 16:42:55,ARI,in,0.25,Q2 15:00,-7.0,8132,Tyler Allgeier,RB,7.4,3.0,6.03,9.03,8.77,8.55,0.139,1.0,9.03,,0.0,0
2026-09-27 16:42:55,MIN,in,0.216,Q1 2:01,3.0,9756,Jordan Addison,WR,8.7,0.0,6.27,6.27,6.45,6.82,0.087,1.0,6.27,,0.0,0
2026-09-27 16:42:55,SF,in,0.25,Q2 15:00,7.0,8183,Brock Purdy,QB,20.2,5.36,14.02,19.38,20.57,20.51,0.0,1.0,19.38,,0.0,0
2026-09-27 16:42:55,TB,in,0.216,Q1 2:01,-3.0,4037,Chris Godwin,WR,9.3,0.0,7.32,7.32,6.89,7.29,0.087,1.0,7.32,,0.0,0
2026-09-27 16:42:55,MIN,in,0.216,Q1 2:01,3.0,5849,Kyler Murray,QB,16.2,3.18,12.46,15.64,15.81,15.87,0.007,1.0,15.64,,0.0,0
2026-09-27 16:42:55,TB,in,0.216,Q1 2:01,-3.0,4892,Baker Mayfield,QB,16.6,6.32,14.9,21.22,19.86,19.33,0.0,1.0,21.22,,0.0,0
2026-09-27 16:42:55,TB,in,0.216,Q1 2:01,-3.0,7567,Kenneth Gainwell,RB,7.5,0.0,5.47,5.47,5.56,5.88,0.087,1.0,5.47,,0.0,0
2026-09-27 16:42:55,NO,in,0.152,Q1 5:54,-3.0,12545,Tyler Shough,QB,19.8,3.84,18.37,22.21,20.81,20.64,0.0,1.0,22.21,,0.0,0
2026-09-27 16:42:55,SF,in,0.25,Q2 15:00,7.0,4217,George Kittle,TE,12.4,2.2,8.31,10.51,11.33,11.5,0.0,1.0,10.51,,0.0,0
2026-09-27 16:42:55,DAL,in,0.148,Q1 6:06,3.0,8110,Jake Ferguson,TE,9.2,0.0,7.18,7.18,7.84,7.84,0.148,1.0,7.18,,0.0,0
2026-09-27 16:42:55,MIN,in,0.216,Q1 2:01,3.0,7049,Jauan Jennings,WR,5.0,0.0,3.6,3.6,3.71,3.92,0.087,1.0,3.6,,0.0,0
2026-09-27 16:42:55,LV,in,0.152,Q1 5:54,3.0,13305,Mike Washington Jr.,RB,3.4,0.3,2.71,3.01,3.14,3.18,0.072,1.0,3.01,,0.0,0
2026-09-27 16:42:55,TB,in,0.216,Q1 2:01,-3.0,11618,Jalen McMillan,WR,5.6,0.0,4.41,4.41,4.15,4.39,0.087,1.0,4.41,,0.0,0
2026-09-27 16:42:55,MIN,in,0.216,Q1 2:01,3.0,4199,Aaron Jones,RB,13.0,1.8,9.55,11.35,11.79,11.99,0.087,1.0,11.35,,0.0,0
2026-09-27 16:42:55,BAL,in,0.148,Q1 6:06,-3.0,5012,Mark Andrews,TE,13.2,1.9,11.55,13.45,13.14,13.14,0.002,1.0,13.45,,0.0,0
2026-09-27 16:42:55,SF,in,0.25,Q2 15:00,7.0,5872,Deebo Samuel,WR,11.8,14.3,9.34,23.64,25.28,23.15,0.062,1.0,23.64,,0.0,0
2026-09-27 16:42:55,NO,in,0.152,Q1 5:54,-3.0,7002,Juwan Johnson,TE,9.6,1.6,8.4,10.0,9.77,9.74,0.011,1.0,10.0,,0.0,0
2026-09-27 16:42:55,ARI,in,0.25,Q2 15:00,-7.0,3257,Jacoby Brissett,QB,14.6,1.06,12.28,13.34,11.52,12.01,0.09,1.0,13.34,,0.0,0
2026-09-27 16:42:55,MIN,in,0.216,Q1 2:01,3.0,5844,T.J. Hockenson,TE,9.1,1.5,6.74,8.24,8.54,8.63,0.007,1.0,8.24,,0.0,0
2026-09-27 16:42:55,LV,in,0.152,Q1 5:54,3.0,8180,Jalen Nailor,WR,7.2,2.6,5.96,8.56,9.03,8.71,0.107,1.0,8.56,,0.0,0
2026-09-27 16:42:55,TB,in,0.216,Q1 2:01,-3.0,9506,Sean Tucker,RB,1.8,0.0,1.31,1.31,1.33,1.41,0.087,1.0,1.31,,0.0,0
2026-09-27 16:42:55,NO,in,0.152,Q1 5:54,-3.0,4035,Alvin Kamara,RB,8.6,0.0,6.9,6.9,7.02,7.3,0.152,1.0,6.9,,0.0,0
2026-09-27 16:42:55,LV,in,0.152,Q1 5:54,3.0,10213,Tre Tucker,WR,10.5,0.0,8.16,8.16,8.57,8.91,0.152,1.0,8.16,,0.0,0
2026-09-27 16:42:55,TB,in,0.216,Q1 2:01,-3.0,8111,Cade Otton,TE,7.7,2.4,6.36,8.76,8.58,8.43,0.087,1.0,8.76,,0.0,0
2026-09-27 16:42:55,BAL,in,0.148,Q1 6:06,-3.0,13268,Elijah Sarratt,WR,1.4,0.0,1.2,1.2,1.19,1.19,0.148,1.0,1.2,,0.0,0
2026-09-27 16:42:55,DAL,in,0.148,Q1 6:06,3.0,11783,Ryan Flournoy,WR,7.7,0.0,6.01,6.01,6.56,6.56,0.148,1.0,6.01,,0.0,0
2026-09-27 16:42:55,NO,in,0.152,Q1 5:54,-3.0,11834,Devaughn Vele,WR,11.8,0.0,10.05,10.05,9.63,10.01,0.152,1.0,10.05,,0.0,0
2026-09-27 16:42:55,MIN,in,0.216,Q1 2:01,3.0,13347,Demond Claiborne,RB,1.2,0.2,0.89,1.09,1.13,1.14,0.022,1.0,1.09,,0.0,0
2026-09-27 16:42:55,TB,in,0.216,Q1 2:01,-3.0,12485,Tez Johnson,WR,2.1,0.0,1.65,1.65,1.56,1.65,0.087,1.0,1.65,,0.0,0
2026-09-27 16:42:55,BAL,in,0.148,Q1 6:06,-3.0,5995,Justice Hill,RB,7.5,0.0,6.05,6.05,6.39,6.39,0.148,1.0,6.05,,0.0,0
2026-09-27 16:42:55,BAL,in,0.148,Q1 6:06,-3.0,7571,Rashod Bateman,WR,11.5,0.0,9.83,9.83,9.79,9.79,0.148,1.0,9.83,,0.0,0
2026-09-27 16:42:55,DAL,in,0.148,Q1 6:06,3.0,11199,Emari Demercado,RB,2.1,0.0,1.63,1.63,1.79,1.79,0.148,1.0,1.63,,0.0,0
2026-09-27 16:42:55,TB,in,0.216,Q1 2:01,-3.0,13317,Ted Hurst,WR,6.1,11.0,6.18,17.18,17.68,15.78,0.079,1.0,17.18,,0.0,0
2026-09-27 16:42:55,SF,in,0.25,Q2 15:00,7.0,12467,Jordan James,RB,1.9,0.0,1.22,1.22,1.34,1.42,0.139,1.0,1.22,,0.0,0
2026-09-27 16:42:55,MIN,in,0.216,Q1 2:01,3.0,11565,J.J. McCarthy,QB,0.5,0.0,0.36,0.36,0.37,0.39,0.087,1.0,0.36,,0.0,0
2026-09-27 16:42:55,LV,in,0.152,Q1 5:54,3.0,1166,Kirk Cousins,QB,14.4,2.28,11.93,14.21,14.52,14.5,0.029,1.0,14.21,,0.0,0
2026-09-27 16:42:55,SF,in,0.25,Q2 15:00,7.0,7527,Mac Jones,QB,0.5,0.0,0.31,0.31,0.35,0.38,0.139,0.3,0.09,,0.0,0
2026-09-27 16:42:55,LV,in,0.152,Q1 5:54,3.0,12483,Jack Bech,WR,4.5,0.0,3.5,3.5,3.67,3.82,0.152,1.0,3.5,,0.0,0
2026-09-27 16:42:55,NO,in,0.152,Q1 5:54,-3.0,13420,Bryce Lance,WR,3.9,0.0,3.32,3.32,3.18,3.31,0.152,1.0,3.32,,0.0,0
2026-09-27 16:42:55,ARI,in,0.25,Q2 15:00,-7.0,4454,Kendrick Bourne,WR,6.0,0.0,4.76,4.76,4.22,4.5,0.139,1.0,4.76,,0.0,0
2026-09-27 16:42:55,LV,in,0.152,Q1 5:54,3.0,9482,Michael Mayer,TE,6.7,0.0,5.21,5.21,5.47,5.68,0.152,1.0,5.21,,0.0,0
2026-09-27 16:42:55,MIN,in,0.216,Q1 2:01,3.0,5973,Josh Oliver,TE,3.5,0.0,2.52,2.52,2.59,2.74,0.087,1.0,2.52,,0.0,0
2026-09-27 16:42:55,BAL,in,0.148,Q1 6:06,-3.0,11629,Devontez Walker,WR,4.4,0.0,3.76,3.76,3.75,3.75,0.148,1.0,3.76,,0.0,0
2026-09-27 16:42:55,DAL,in,0.148,Q1 6:06,3.0,8917,KaVontae Turpin,WR,3.5,0.0,2.73,2.73,2.98,2.98,0.148,1.0,2.73,,0.0,0
2026-09-27 16:42:55,NO,in,0.152,Q1 5:54,-3.0,13319,Oscar Delp,TE,1.0,0.0,0.85,0.85,0.82,0.85,0.152,1.0,0.85,,0.0,0
2026-09-27 16:42:55,NO,in,0.152,Q1 5:54,-3.0,5857,Noah Fant,TE,3.5,0.0,2.98,2.98,2.86,2.97,0.152,1.0,2.98,,0.0,0
2026-09-27 16:42:55,ARI,in,0.25,Q2 15:00,-7.0,6011,Gardner Minshew,QB,0.5,0.0,0.41,0.41,0.35,0.38,0.139,1.0,0.41,,0.0,0
2026-09-27 16:42:55,BAL,in,0.148,Q1 6:06,-3.0,11570,Rasheen Ali,RB,0.8,0.0,0.65,0.65,0.68,0.68,0.148,1.0,0.65,,0.0,0
2026-09-27 16:42:55,SF,in,0.25,Q2 15:00,7.0,13414,Kaelon Black,RB,5.2,-0.1,3.31,3.21,3.54,3.8,0.035,1.0,3.21,,0.0,0
2026-09-27 16:42:55,ARI,in,0.25,Q2 15:00,-7.0,10231,Elijah Higgins,TE,2.4,1.4,2.07,3.47,3.35,3.2,0.139,1.0,3.47,,0.0,0
2026-09-27 16:42:55,DAL,in,0.148,Q1 6:06,3.0,10871,Luke Schoonmaker,TE,1.6,1.9,1.52,3.42,3.26,3.26,0.123,1.0,3.42,,0.0,0
2026-09-27 16:42:55,NO,in,0.152,Q1 5:54,-3.0,9757,Kendre Miller,RB,1.8,0.0,1.44,1.44,1.47,1.53,0.152,1.0,1.44,,0.0,0
2026-09-27 16:42:55,DAL,in,0.148,Q1 6:06,3.0,11533,Brandon Aubrey,K,8.9,3.0,7.58,10.58,10.58,10.58,0.034,1.0,10.58,,0.0,0
2026-09-27 16:42:55,MIN,in,0.216,Q1 2:01,3.0,11792,Will Reichard,K,8.2,6.0,7.25,13.25,13.25,12.43,0.087,1.0,13.25,,0.0,0
2026-09-27 16:42:55,TB,in,0.216,Q1 2:01,-3.0,6650,Chase McLaughlin,K,7.4,1.0,5.68,6.68,6.68,6.8,0.079,1.0,6.68,,0.0,0
2026-09-27 16:42:55,BAL,in,0.148,Q1 6:06,-3.0,12711,Tyler Loop,K,9.4,0.0,8.01,8.01,8.01,8.01,0.148,1.0,8.01,,0.0,0
2026-09-27 16:42:55,SF,in,0.25,Q2 15:00,7.0,5189,Eddy Pineiro,K,9.6,1.0,6.94,7.94,7.94,8.2,0.139,1.0,7.94,,0.0,0
2026-09-27 16:42:55,ARI,in,0.25,Q2 15:00,-7.0,10955,Chad Ryland,K,6.3,0.0,4.43,4.43,4.43,4.72,0.139,1.0,4.43,,0.0,0
2026-09-27 16:42:55,NO,in,0.152,Q1 5:54,-3.0,5095,Daniel Carlson,K,7.5,0.0,6.12,6.12,6.12,6.36,0.152,1.0,6.12,,0.0,0
2026-09-27 16:42:55,LV,in,0.152,Q1 5:54,3.0,6083,Matt Gay,K,7.1,4.0,6.64,10.64,10.64,10.02,0.028,1.0,10.64,,0.0,0
2026-09-27 16:42:55,MIN,in,0.216,Q1 2:01,3.0,MIN,Minnesota Vikings D/ST,DST,7.1,10.0,-1.58,8.42,17.22,15.56,0.079,1.0,8.42,,0.0,0
2026-09-27 16:42:55,BAL,in,0.148,Q1 6:06,-3.0,BAL,Baltimore Ravens D/ST,DST,5.0,8.0,-2.29,5.71,12.26,12.26,0.034,1.0,5.71,,0.0,0
2026-09-27 16:42:55,SF,in,0.25,Q2 15:00,7.0,SF,San Francisco 49ers D/ST,DST,7.1,10.0,-1.74,8.26,16.87,15.32,0.139,1.0,8.26,,0.0,0
2026-09-27 16:42:55,NO,in,0.152,Q1 5:54,-3.0,NO,New Orleans Saints D/ST,DST,7.3,8.0,-1.74,6.26,15.65,14.19,0.028,1.0,6.26,,0.0,0
2026-09-27 16:42:55,TB,in,0.216,Q1 2:01,-3.0,TB,Tampa Bay Buccaneers D/ST,DST,6.4,4.0,0.53,4.53,9.53,9.02,0.087,1.0,4.53,,0.0,0
2026-09-27 16:42:55,DAL,in,0.148,Q1 6:06,3.0,DAL,Dallas Cowboys D/ST,DST,3.7,10.0,-3.58,6.42,13.15,13.15,0.148,1.0,6.42,,0.0,0
2026-09-27 16:42:55,LV,in,0.152,Q1 5:54,3.0,LV,Las Vegas Raiders D/ST,DST,5.8,10.0,-2.89,7.11,16.85,14.92,0.152,1.0,7.11,,0.0,0
2026-09-27 16:42:55,ARI,in,0.25,Q2 15:00,-7.0,ARI,Arizona Cardinals D/ST,DST,3.8,4.0,-0.42,3.58,7.42,6.85,0.139,1.0,3.58,,0.0,0
2026-09-27 16:42:55,ARI,in,0.25,Q2 15:00,-7.0,13272,Carson Beck,QB,1.7,0.0,1.4,1.4,1.2,1.27,0.139,1.0,1.4,,0.0,0
2026-09-27 16:42:55,LV,in,0.152,Q1 5:54,3.0,13329,Malik Benson,WR,2.1,0.0,1.63,1.63,1.71,1.78,0.152,1.0,1.63,,0.0,0
2026-09-27 16:42:55,TB,in,0.216,Q1 2:01,-3.0,13425,Jalon Daniels,QB,0.4,0.0,0.32,0.32,0.3,0.31,0.087,1.0,0.32,,0.0,0
2026-09-27 16:42:55,BAL,in,0.148,Q1 6:06,-3.0,5008,Durham Smythe,TE,2.2,0.0,1.88,1.88,1.87,1.87,0.148,1.0,1.88,,0.0,0
2026-09-27 16:43:55,SF,in,0.25,Q2 15:00,7.0,4034,Christian McCaffrey,RB,21.8,3.9,15.01,18.91,19.96,20.25,0.049,1.0,18.91,,0.0,0
2026-09-27 16:43:55,DAL,in,0.164,Q1 5:10,3.0,6786,CeeDee Lamb,WR,19.1,0.0,14.64,14.64,15.32,15.97,0.164,1.0,14.64,,0.0,0
2026-09-27 16:43:55,MIN,in,0.231,Q1 1:09,3.0,6794,Justin Jefferson,WR,17.2,5.2,12.8,18.0,18.67,18.43,0.101,1.0,18.0,,0.0,0
2026-09-27 16:43:55,LV,in,0.162,Q1 5:17,3.0,12527,Ashton Jeanty,RB,18.5,2.0,14.61,16.61,17.3,17.5,0.039,1.0,16.61,,0.0,0
2026-09-27 16:43:55,ARI,in,0.25,Q2 15:00,-7.0,13287,Jeremiyah Love,RB,13.5,4.0,10.62,14.62,14.24,14.12,0.09,1.0,14.62,,0.0,0
2026-09-27 16:43:55,ARI,in,0.25,Q2 15:00,-7.0,8130,Trey McBride,TE,17.1,0.0,13.58,13.58,12.02,12.83,0.139,1.0,13.58,,0.0,0
2026-09-27 16:43:55,BAL,in,0.164,Q1 5:10,-3.0,3198,Derrick Henry,RB,19.9,1.6,16.14,17.74,17.89,18.24,0.038,1.0,17.74,,0.0,0
2026-09-27 16:43:55,LV,in,0.162,Q1 5:17,3.0,11604,Brock Bowers,TE,13.9,6.7,11.61,18.31,19.28,18.35,0.083,1.0,18.31,,0.0,0
2026-09-27 16:43:55,DAL,in,0.164,Q1 5:10,3.0,8137,George Pickens,WR,14.4,2.3,11.36,13.66,14.33,14.34,0.113,1.0,13.66,,0.0,0
2026-09-27 16:43:55,NO,in,0.162,Q1 5:17,-3.0,8144,Chris Olave,WR,17.5,0.0,14.72,14.72,14.07,14.67,0.162,1.0,14.72,,0.0,0
2026-09-27 16:43:55,NO,in,0.162,Q1 5:17,-3.0,7543,Travis Etienne,RB,12.0,1.1,9.8,10.9,10.98,11.16,0.0,1.0,10.9,,0.0,0
2026-09-27 16:43:55,TB,in,0.231,Q1 1:09,-3.0,11584,Bucky Irving,RB,13.1,2.1,9.89,11.99,12.0,12.18,0.021,1.0,11.99,,0.0,0
2026-09-27 16:43:55,TB,in,0.231,Q1 1:09,-3.0,12514,Emeka Egbuka,WR,13.7,1.4,10.75,12.15,11.6,11.94,0.014,1.0,12.15,,0.0,0
2026-09-27 16:43:55,DAL,in,0.164,Q1 5:10,3.0,7588,Javonte Williams,RB,16.5,6.0,14.17,20.17,20.48,19.8,0.0,1.0,20.17,,0.0,0
2026-09-27 16:43:55,BAL,in,0.164,Q1 5:10,-3.0,9997,Zay Flowers,WR,11.5,0.0,9.65,9.65,9.22,9.62,0.164,1.0,9.65,,0.0,0
2026-09-27 16:43:55,BAL,in,0.164,Q1 5:10,-3.0,4881,Lamar Jackson,QB,22.7,0.36,19.8,20.16,18.64,19.34,0.017,1.0,20.16,,0.0,0
2026-09-27 16:43:55,SF,in,0.25,Q2 15:00,7.0,2216,Mike Evans,WR,9.6,1.4,6.4,7.8,8.41,8.6,0.086,1.0,7.8,,0.0,0
2026-09-27 16:43:55,ARI,in,0.25,Q2 15:00,-7.0,11628,Marvin Harrison Jr.,WR,8.2,0.0,6.51,6.51,5.77,6.15,0.139,1.0,6.51,,0.0,0
2026-09-27 16:43:55,ARI,in,0.25,Q2 15:00,-7.0,10232,Michael Wilson,WR,10.8,1.5,8.75,10.25,9.38,9.6,0.139,1.0,10.25,,0.0,0
2026-09-27 16:43:55,DAL,in,0.164,Q1 5:10,3.0,3294,Dak Prescott,QB,19.2,1.0,15.18,16.18,16.6,17.05,0.0,1.0,16.18,,0.0,0
2026-09-27 16:43:55,ARI,in,0.25,Q2 15:00,-7.0,8132,Tyler Allgeier,RB,7.4,3.0,6.03,9.03,8.77,8.55,0.139,1.0,9.03,,0.0,0
2026-09-27 16:43:55,MIN,in,0.231,Q1 1:09,3.0,9756,Jordan Addison,WR,8.7,0.0,6.16,6.16,6.31,6.69,0.101,1.0,6.16,,0.0,0
2026-09-27 16:43:55,SF,in,0.25,Q2 15:00,7.0,8183,Brock Purdy,QB,20.2,5.36,14.02,19.38,20.57,20.51,0.0,1.0,19.38,,0.0,0
2026-09-27 16:43:55,TB,in,0.231,Q1 1:09,-3.0,4037,Chris Godwin,WR,9.3,0.0,7.18,7.18,6.74,7.15,0.101,1.0,7.18,,0.0,0
2026-09-27 16:43:55,MIN,in,0.231,Q1 1:09,3.0,5849,Kyler Murray,QB,16.2,3.18,12.21,15.39,15.53,15.64,0.021,1.0,15.39,,0.0,0
2026-09-27 16:43:55,TB,in,0.231,Q1 1:09,-3.0,4892,Baker Mayfield,QB,16.6,6.32,14.66,20.98,19.57,19.09,0.014,1.0,20.98,,0.0,0
2026-09-27 16:43:55,TB,in,0.231,Q1 1:09,-3.0,7567,Kenneth Gainwell,RB,7.5,0.0,5.34,5.34,5.44,5.77,0.101,1.0,5.34,,0.0,0
2026-09-27 16:43:55,NO,in,0.162,Q1 5:17,-3.0,12545,Tyler Shough,QB,19.8,3.84,18.13,21.97,20.57,20.43,0.01,1.0,21.97,,0.0,0
2026-09-27 16:43:55,SF,in,0.25,Q2 15:00,7.0,4217,George Kittle,TE,12.4,2.2,8.31,10.51,11.33,11.5,0.0,1.0,10.51,,0.0,0
2026-09-27 16:43:55,DAL,in,0.164,Q1 5:10,3.0,8110,Jake Ferguson,TE,9.2,0.0,7.05,7.05,7.38,7.69,0.164,1.0,7.05,,0.0,0
2026-09-27 16:43:55,MIN,in,0.231,Q1 1:09,3.0,7049,Jauan Jennings,WR,5.0,0.0,3.54,3.54,3.62,3.85,0.101,1.0,3.54,,0.0,0
2026-09-27 16:43:55,LV,in,0.162,Q1 5:17,3.0,13305,Mike Washington Jr.,RB,3.4,0.3,2.67,2.97,3.1,3.15,0.083,1.0,2.97,,0.0,0
2026-09-27 16:43:55,TB,in,0.231,Q1 1:09,-3.0,11618,Jalen McMillan,WR,5.6,0.0,4.32,4.32,4.06,4.31,0.101,1.0,4.32,,0.0,0
2026-09-27 16:43:55,MIN,in,0.231,Q1 1:09,3.0,4199,Aaron Jones,RB,13.0,1.8,9.34,11.14,11.57,11.8,0.101,1.0,11.14,,0.0,0
2026-09-27 16:43:55,BAL,in,0.164,Q1 5:10,-3.0,5012,Mark Andrews,TE,13.2,1.9,11.34,13.24,12.88,12.94,0.017,1.0,13.24,,0.0,0
2026-09-27 16:43:55,SF,in,0.25,Q2 15:00,7.0,5872,Deebo Samuel,WR,11.8,14.3,9.34,23.64,25.28,23.15,0.062,1.0,23.64,,0.0,0
2026-09-27 16:43:55,NO,in,0.162,Q1 5:17,-3.0,7002,Juwan Johnson,TE,9.6,1.6,8.3,9.9,9.65,9.65,0.021,1.0,9.9,,0.0,0
2026-09-27 16:43:55,ARI,in,0.25,Q2 15:00,-7.0,3257,Jacoby Brissett,QB,14.6,1.06,12.28,13.34,11.52,12.01,0.09,1.0,13.34,,0.0,0
2026-09-27 16:43:55,MIN,in,0.231,Q1 1:09,3.0,5844,T.J. Hockenson,TE,9.1,1.5,6.62,8.12,8.38,8.5,0.021,1.0,8.12,,0.0,0
2026-09-27 16:43:55,LV,in,0.162,Q1 5:17,3.0,8180,Jalen Nailor,WR,7.2,2.6,5.89,8.49,8.93,8.63,0.117,1.0,8.49,,0.0,0
2026-09-27 16:43:55,TB,in,0.231,Q1 1:09,-3.0,9506,Sean Tucker,RB,1.8,0.0,1.28,1.28,1.3,1.38,0.101,1.0,1.28,,0.0,0
2026-09-27 16:43:55,NO,in,0.162,Q1 5:17,-3.0,4035,Alvin Kamara,RB,8.6,0.0,6.8,6.8,6.92,7.21,0.162,1.0,6.8,,0.0,0
2026-09-27 16:43:55,LV,in,0.162,Q1 5:17,3.0,10213,Tre Tucker,WR,10.5,0.0,8.07,8.07,8.44,8.8,0.162,1.0,8.07,,0.0,0
2026-09-27 16:43:55,TB,in,0.231,Q1 1:09,-3.0,8111,Cade Otton,TE,7.7,2.4,6.24,8.64,8.44,8.32,0.101,1.0,8.64,,0.0,0
2026-09-27 16:43:55,BAL,in,0.164,Q1 5:10,-3.0,13268,Elijah Sarratt,WR,1.4,0.0,1.18,1.18,1.12,1.17,0.164,1.0,1.18,,0.0,0
2026-09-27 16:43:55,DAL,in,0.164,Q1 5:10,3.0,11783,Ryan Flournoy,WR,7.7,0.0,5.9,5.9,6.17,6.44,0.164,1.0,5.9,,0.0,0
2026-09-27 16:43:55,NO,in,0.162,Q1 5:17,-3.0,11834,Devaughn Vele,WR,11.8,0.0,9.93,9.93,9.49,9.89,0.162,1.0,9.93,,0.0,0
2026-09-27 16:43:55,MIN,in,0.231,Q1 1:09,3.0,13347,Demond Claiborne,RB,1.2,0.2,0.87,1.07,1.11,1.12,0.037,1.0,1.07,,0.0,0
2026-09-27 16:43:55,TB,in,0.231,Q1 1:09,-3.0,12485,Tez Johnson,WR,2.1,0.0,1.62,1.62,1.52,1.62,0.101,1.0,1.62,,0.0,0
2026-09-27 16:43:55,BAL,in,0.164,Q1 5:10,-3.0,5995,Justice Hill,RB,7.5,0.0,5.92,5.92,6.01,6.27,0.164,1.0,5.92,,0.0,0
2026-09-27 16:43:55,BAL,in,0.164,Q1 5:10,-3.0,7571,Rashod Bateman,WR,11.5,0.0,9.65,9.65,9.22,9.62,0.164,1.0,9.65,,0.0,0
2026-09-27 16:43:55,DAL,in,0.164,Q1 5:10,3.0,11199,Emari Demercado,RB,2.1,0.0,1.59,1.59,1.68,1.76,0.164,1.0,1.59,,0.0,0
2026-09-27 16:43:55,TB,in,0.231,Q1 1:09,-3.0,13317,Ted Hurst,WR,6.1,11.0,6.05,17.05,17.54,15.69,0.093,1.0,17.05,,0.0,0
2026-09-27 16:43:55,SF,in,0.25,Q2 15:00,7.0,12467,Jordan James,RB,1.9,0.0,1.22,1.22,1.34,1.42,0.139,1.0,1.22,,0.0,0
2026-09-27 16:43:55,MIN,in,0.231,Q1 1:09,3.0,11565,J.J. McCarthy,QB,0.5,0.0,0.35,0.35,0.36,0.38,0.101,0.3,0.11,,0.0,0
2026-09-27 16:43:55,LV,in,0.162,Q1 5:17,3.0,1166,Kirk Cousins,QB,14.4,2.28,11.77,14.05,14.34,14.35,0.039,1.0,14.05,,0.0,0
2026-09-27 16:43:55,SF,in,0.25,Q2 15:00,7.0,7527,Mac Jones,QB,0.5,0.0,0.31,0.31,0.35,0.38,0.139,0.3,0.09,,0.0,0
2026-09-27 16:43:55,LV,in,0.162,Q1 5:17,3.0,12483,Jack Bech,WR,4.5,0.0,3.46,3.46,3.62,3.77,0.162,1.0,3.46,,0.0,0
2026-09-27 16:43:55,NO,in,0.162,Q1 5:17,-3.0,13420,Bryce Lance,WR,3.9,0.0,3.28,3.28,3.14,3.27,0.162,1.0,3.28,,0.0,0
2026-09-27 16:43:55,ARI,in,0.25,Q2 15:00,-7.0,4454,Kendrick Bourne,WR,6.0,0.0,4.76,4.76,4.22,4.5,0.139,1.0,4.76,,0.0,0
2026-09-27 16:43:55,LV,in,0.162,Q1 5:17,3.0,9482,Michael Mayer,TE,6.7,0.0,5.15,5.15,5.39,5.61,0.162,1.0,5.15,,0.0,0
2026-09-27 16:43:55,MIN,in,0.231,Q1 1:09,3.0,5973,Josh Oliver,TE,3.5,0.0,2.48,2.48,2.54,2.69,0.101,1.0,2.48,,0.0,0
2026-09-27 16:43:55,BAL,in,0.164,Q1 5:10,-3.0,11629,Devontez Walker,WR,4.4,0.0,3.69,3.69,3.53,3.68,0.164,1.0,3.69,,0.0,0
2026-09-27 16:43:55,DAL,in,0.164,Q1 5:10,3.0,8917,KaVontae Turpin,WR,3.5,0.0,2.68,2.68,2.81,2.93,0.164,1.0,2.68,,0.0,0
2026-09-27 16:43:55,NO,in,0.162,Q1 5:17,-3.0,13319,Oscar Delp,TE,1.0,0.0,0.84,0.84,0.8,0.84,0.162,1.0,0.84,,0.0,0
2026-09-27 16:43:55,NO,in,0.162,Q1 5:17,-3.0,5857,Noah Fant,TE,3.5,0.0,2.94,2.94,2.81,2.93,0.162,1.0,2.94,,0.0,0
2026-09-27 16:43:55,ARI,in,0.25,Q2 15:00,-7.0,6011,Gardner Minshew,QB,0.5,0.0,0.41,0.41,0.35,0.38,0.139,1.0,0.41,,0.0,0
2026-09-27 16:43:55,BAL,in,0.164,Q1 5:10,-3.0,11570,Rasheen Ali,RB,0.8,0.0,0.63,0.63,0.64,0.67,0.164,1.0,0.63,,0.0,0
2026-09-27 16:43:55,SF,in,0.25,Q2 15:00,7.0,13414,Kaelon Black,RB,5.2,-0.1,3.31,3.21,3.54,3.8,0.035,1.0,3.21,,0.0,0
2026-09-27 16:43:55,ARI,in,0.25,Q2 15:00,-7.0,10231,Elijah Higgins,TE,2.4,1.4,2.07,3.47,3.35,3.2,0.139,1.0,3.47,,0.0,0
2026-09-27 16:43:55,DAL,in,0.164,Q1 5:10,3.0,10871,Luke Schoonmaker,TE,1.6,1.9,1.49,3.39,3.58,3.24,0.138,1.0,3.39,,0.0,0
2026-09-27 16:43:55,NO,in,0.162,Q1 5:17,-3.0,9757,Kendre Miller,RB,1.8,0.0,1.42,1.42,1.45,1.51,0.162,1.0,1.42,,0.0,0
2026-09-27 16:43:55,DAL,in,0.164,Q1 5:10,3.0,11533,Brandon Aubrey,K,8.9,3.0,7.76,10.76,10.76,10.44,0.05,1.0,10.76,,0.0,0
2026-09-27 16:43:55,MIN,in,0.231,Q1 1:09,3.0,11792,Will Reichard,K,8.2,6.0,7.1,13.1,13.1,12.31,0.101,1.0,13.1,,0.0,0
2026-09-27 16:43:55,TB,in,0.231,Q1 1:09,-3.0,6650,Chase McLaughlin,K,7.4,1.0,5.56,6.56,6.56,6.69,0.093,1.0,6.56,,0.0,0
2026-09-27 16:43:55,BAL,in,0.164,Q1 5:10,-3.0,12711,Tyler Loop,K,9.4,0.0,7.54,7.54,7.54,7.86,0.164,1.0,7.54,,0.0,0
2026-09-27 16:43:55,SF,in,0.25,Q2 15:00,7.0,5189,Eddy Pineiro,K,9.6,1.0,6.94,7.94,7.94,8.2,0.139,1.0,7.94,,0.0,0
2026-09-27 16:43:55,ARI,in,0.25,Q2 15:00,-7.0,10955,Chad Ryland,K,6.3,0.0,4.43,4.43,4.43,4.72,0.139,1.0,4.43,,0.0,0
2026-09-27 16:43:55,NO,in,0.162,Q1 5:17,-3.0,5095,Daniel Carlson,K,7.5,0.0,6.03,6.03,6.03,6.29,0.162,1.0,6.03,,0.0,0
2026-09-27 16:43:55,LV,in,0.162,Q1 5:17,3.0,6083,Matt Gay,K,7.1,4.0,6.55,10.55,10.55,9.95,0.038,1.0,10.55,,0.0,0
2026-09-27 16:43:55,MIN,in,0.231,Q1 1:09,3.0,MIN,Minnesota Vikings D/ST,DST,7.1,10.0,-1.54,8.46,17.07,15.46,0.093,1.0,8.46,,0.0,0
2026-09-27 16:43:55,BAL,in,0.164,Q1 5:10,-3.0,BAL,Baltimore Ravens D/ST,DST,5.0,8.0,-2.23,5.77,13.68,12.18,0.05,1.0,5.77,,0.0,0
2026-09-27 16:43:55,SF,in,0.25,Q2 15:00,7.0,SF,San Francisco 49ers D/ST,DST,7.1,10.0,-1.74,8.26,16.87,15.32,0.139,1.0,8.26,,0.0,0
2026-09-27 16:43:55,NO,in,0.162,Q1 5:17,-3.0,NO,New Orleans Saints D/ST,DST,7.3,8.0,-1.72,6.28,15.55,14.12,0.038,1.0,6.28,,0.0,0
2026-09-27 16:43:55,TB,in,0.231,Q1 1:09,-3.0,TB,Tampa Bay Buccaneers D/ST,DST,6.4,4.0,0.5,4.5,9.41,8.92,0.101,1.0,4.5,,0.0,0
2026-09-27 16:43:55,DAL,in,0.164,Q1 5:10,3.0,DAL,Dallas Cowboys D/ST,DST,3.7,10.0,-3.47,6.53,15.06,13.09,0.164,1.0,6.53,,0.0,0
2026-09-27 16:43:55,LV,in,0.162,Q1 5:17,3.0,LV,Las Vegas Raiders D/ST,DST,5.8,10.0,-2.84,7.16,16.76,14.86,0.162,1.0,7.16,,0.0,0
2026-09-27 16:43:55,ARI,in,0.25,Q2 15:00,-7.0,ARI,Arizona Cardinals D/ST,DST,3.8,4.0,-0.42,3.58,7.42,6.85,0.139,1.0,3.58,,0.0,0
2026-09-27 16:43:55,ARI,in,0.25,Q2 15:00,-7.0,13272,Carson Beck,QB,1.7,0.0,1.4,1.4,1.2,1.27,0.139,1.0,1.4,,0.0,0
2026-09-27 16:43:55,LV,in,0.162,Q1 5:17,3.0,13329,Malik Benson,WR,2.1,0.0,1.61,1.61,1.69,1.76,0.162,1.0,1.61,,0.0,0
2026-09-27 16:43:55,TB,in,0.231,Q1 1:09,-3.0,13425,Jalon Daniels,QB,0.4,0.0,0.32,0.32,0.29,0.31,0.101,0.3,0.09,,0.0,0
2026-09-27 16:43:55,BAL,in,0.164,Q1 5:10,-3.0,5008,Durham Smythe,TE,2.2,0.0,1.85,1.85,1.76,1.84,0.164,1.0,1.85,,0.0,0
2026-09-27 16:44:56,SF,in,0.25,Q2 15:00,7.0,4034,Christian McCaffrey,RB,21.8,3.9,15.01,18.91,19.96,20.25,0.049,1.0,18.91,,0.0,0
2026-09-27 16:44:56,DAL,in,0.165,Q1 5:05,3.0,6786,CeeDee Lamb,WR,19.1,0.0,14.62,14.62,15.28,15.94,0.165,1.0,14.62,,0.0,0
2026-09-27 16:44:56,MIN,in,0.231,Q1 1:09,3.0,6794,Justin Jefferson,WR,17.2,5.2,12.8,18.0,18.67,18.43,0.101,1.0,18.0,,0.0,0
2026-09-27 16:44:56,LV,in,0.174,Q1 4:34,3.0,12527,Ashton Jeanty,RB,18.5,2.0,14.35,16.35,17.03,17.28,0.051,1.0,16.35,,0.0,0
2026-09-27 16:44:56,ARI,in,0.25,Q2 15:00,-7.0,13287,Jeremiyah Love,RB,13.5,4.0,10.62,14.62,14.24,14.12,0.09,1.0,14.62,,0.0,0
2026-09-27 16:44:56,ARI,in,0.25,Q2 15:00,-7.0,8130,Trey McBride,TE,17.1,0.0,13.58,13.58,12.02,12.83,0.139,1.0,13.58,,0.0,0
2026-09-27 16:44:56,BAL,in,0.165,Q1 5:05,-3.0,3198,Derrick Henry,RB,19.9,1.6,16.11,17.71,17.86,18.21,0.039,1.0,17.71,,0.0,0
2026-09-27 16:44:56,LV,in,0.174,Q1 4:34,3.0,11604,Brock Bowers,TE,13.9,6.7,11.44,18.14,19.07,18.18,0.094,1.0,18.14,,0.0,0
2026-09-27 16:44:56,DAL,in,0.165,Q1 5:05,3.0,8137,George Pickens,WR,14.4,2.3,11.34,13.64,14.3,14.32,0.114,1.0,13.64,,0.0,0
2026-09-27 16:44:56,NO,in,0.174,Q1 4:34,-3.0,8144,Chris Olave,WR,17.5,0.0,14.52,14.52,13.83,14.46,0.174,1.0,14.52,,0.0,0
2026-09-27 16:44:56,NO,in,0.174,Q1 4:34,-3.0,7543,Travis Etienne,RB,12.0,1.1,9.63,10.73,10.81,11.01,0.012,1.0,10.73,,0.0,0
2026-09-27 16:44:56,TB,in,0.231,Q1 1:09,-3.0,11584,Bucky Irving,RB,13.1,2.1,9.89,11.99,12.0,12.18,0.021,1.0,11.99,,0.0,0
2026-09-27 16:44:56,TB,in,0.231,Q1 1:09,-3.0,12514,Emeka Egbuka,WR,13.7,1.4,10.75,12.15,11.6,11.94,0.014,1.0,12.15,,0.0,0
2026-09-27 16:44:56,DAL,in,0.165,Q1 5:05,3.0,7588,Javonte Williams,RB,16.5,5.9,14.11,20.01,20.34,19.67,0.0,1.0,20.01,,0.0,0
2026-09-27 16:44:56,BAL,in,0.165,Q1 5:05,-3.0,9997,Zay Flowers,WR,11.5,0.0,9.64,9.64,9.2,9.6,0.165,1.0,9.64,,0.0,0
2026-09-27 16:44:56,BAL,in,0.165,Q1 5:05,-3.0,4881,Lamar Jackson,QB,22.7,0.36,19.76,20.12,18.6,19.31,0.019,1.0,20.12,,0.0,0
2026-09-27 16:44:56,SF,in,0.25,Q2 15:00,7.0,2216,Mike Evans,WR,9.6,1.4,6.4,7.8,8.41,8.6,0.086,1.0,7.8,,0.0,0
2026-09-27 16:44:56,ARI,in,0.25,Q2 15:00,-7.0,11628,Marvin Harrison Jr.,WR,8.2,0.0,6.51,6.51,5.77,6.15,0.139,1.0,6.51,,0.0,0
2026-09-27 16:44:56,ARI,in,0.25,Q2 15:00,-7.0,10232,Michael Wilson,WR,10.8,1.5,8.75,10.25,9.38,9.6,0.139,1.0,10.25,,0.0,0
2026-09-27 16:44:56,DAL,in,0.165,Q1 5:05,3.0,3294,Dak Prescott,QB,19.2,1.36,15.24,16.6,17.01,17.39,0.0,1.0,16.6,,0.0,0
2026-09-27 16:44:56,ARI,in,0.25,Q2 15:00,-7.0,8132,Tyler Allgeier,RB,7.4,3.0,6.03,9.03,8.77,8.55,0.139,1.0,9.03,,0.0,0
2026-09-27 16:44:56,MIN,in,0.231,Q1 1:09,3.0,9756,Jordan Addison,WR,8.7,0.0,6.16,6.16,6.31,6.69,0.101,1.0,6.16,,0.0,0
2026-09-27 16:44:56,SF,in,0.25,Q2 15:00,7.0,8183,Brock Purdy,QB,20.2,5.36,14.02,19.38,20.57,20.51,0.0,1.0,19.38,,0.0,0
2026-09-27 16:44:56,TB,in,0.231,Q1 1:09,-3.0,4037,Chris Godwin,WR,9.3,0.0,7.18,7.18,6.74,7.15,0.101,1.0,7.18,,0.0,0
2026-09-27 16:44:56,MIN,in,0.231,Q1 1:09,3.0,5849,Kyler Murray,QB,16.2,3.18,12.21,15.39,15.53,15.64,0.021,1.0,15.39,,0.0,0
2026-09-27 16:44:56,TB,in,0.231,Q1 1:09,-3.0,4892,Baker Mayfield,QB,16.6,6.32,14.66,20.98,19.57,19.09,0.014,1.0,20.98,,0.0,0
2026-09-27 16:44:56,TB,in,0.231,Q1 1:09,-3.0,7567,Kenneth Gainwell,RB,7.5,0.0,5.34,5.34,5.44,5.77,0.101,1.0,5.34,,0.0,0
2026-09-27 16:44:56,NO,in,0.174,Q1 4:34,-3.0,12545,Tyler Shough,QB,19.8,4.28,17.96,22.24,20.81,20.64,0.0,1.0,22.24,,0.0,0
2026-09-27 16:44:56,SF,in,0.25,Q2 15:00,7.0,4217,George Kittle,TE,12.4,2.2,8.31,10.51,11.33,11.5,0.0,1.0,10.51,,0.0,0
2026-09-27 16:44:56,DAL,in,0.165,Q1 5:05,3.0,8110,Jake Ferguson,TE,9.2,0.0,7.04,7.04,7.36,7.68,0.165,1.0,7.04,,0.0,0
2026-09-27 16:44:56,MIN,in,0.231,Q1 1:09,3.0,7049,Jauan Jennings,WR,5.0,0.0,3.54,3.54,3.62,3.85,0.101,1.0,3.54,,0.0,0
2026-09-27 16:44:56,LV,in,0.174,Q1 4:34,3.0,13305,Mike Washington Jr.,RB,3.4,0.3,2.62,2.92,3.05,3.11,0.094,1.0,2.92,,0.0,0
2026-09-27 16:44:56,TB,in,0.231,Q1 1:09,-3.0,11618,Jalen McMillan,WR,5.6,0.0,4.32,4.32,4.06,4.31,0.101,1.0,4.32,,0.0,0
2026-09-27 16:44:56,MIN,in,0.231,Q1 1:09,3.0,4199,Aaron Jones,RB,13.0,1.8,9.34,11.14,11.57,11.8,0.101,1.0,11.14,,0.0,0
2026-09-27 16:44:56,BAL,in,0.165,Q1 5:05,-3.0,5012,Mark Andrews,TE,13.2,1.9,11.32,13.22,12.86,12.92,0.019,1.0,13.22,,0.0,0
2026-09-27 16:44:56,SF,in,0.25,Q2 15:00,7.0,5872,Deebo Samuel,WR,11.8,14.3,9.34,23.64,25.28,23.15,0.062,1.0,23.64,,0.0,0
2026-09-27 16:44:56,NO,in,0.174,Q1 4:34,-3.0,7002,Juwan Johnson,TE,9.6,1.6,8.18,9.78,9.52,9.53,0.033,1.0,9.78,,0.0,0
2026-09-27 16:44:56,ARI,in,0.25,Q2 15:00,-7.0,3257,Jacoby Brissett,QB,14.6,1.06,12.28,13.34,11.52,12.01,0.09,1.0,13.34,,0.0,0
2026-09-27 16:44:56,MIN,in,0.231,Q1 1:09,3.0,5844,T.J. Hockenson,TE,9.1,1.5,6.62,8.12,8.38,8.5,0.021,1.0,8.12,,0.0,0
2026-09-27 16:44:56,LV,in,0.174,Q1 4:34,3.0,8180,Jalen Nailor,WR,7.2,2.6,5.81,8.41,8.83,8.55,0.129,1.0,8.41,,0.0,0
2026-09-27 16:44:56,TB,in,0.231,Q1 1:09,-3.0,9506,Sean Tucker,RB,1.8,0.0,1.28,1.28,1.3,1.38,0.101,1.0,1.28,,0.0,0
2026-09-27 16:44:56,NO,in,0.174,Q1 4:34,-3.0,4035,Alvin Kamara,RB,8.6,0.0,6.69,6.69,6.8,7.1,0.174,1.0,6.69,,0.0,0
2026-09-27 16:44:56,LV,in,0.174,Q1 4:34,3.0,10213,Tre Tucker,WR,10.5,0.0,7.96,7.96,8.3,8.67,0.174,1.0,7.96,,0.0,0
2026-09-27 16:44:56,TB,in,0.231,Q1 1:09,-3.0,8111,Cade Otton,TE,7.7,2.4,6.24,8.64,8.44,8.32,0.101,1.0,8.64,,0.0,0
2026-09-27 16:44:56,BAL,in,0.165,Q1 5:05,-3.0,13268,Elijah Sarratt,WR,1.4,0.0,1.17,1.17,1.12,1.17,0.165,1.0,1.17,,0.0,0
2026-09-27 16:44:56,DAL,in,0.165,Q1 5:05,3.0,11783,Ryan Flournoy,WR,7.7,0.0,5.89,5.89,6.16,6.43,0.165,1.0,5.89,,0.0,0
2026-09-27 16:44:56,NO,in,0.174,Q1 4:34,-3.0,11834,Devaughn Vele,WR,11.8,2.1,10.07,12.17,11.86,11.85,0.0,1.0,12.17,,0.0,0
2026-09-27 16:44:56,MIN,in,0.231,Q1 1:09,3.0,13347,Demond Claiborne,RB,1.2,0.2,0.87,1.07,1.11,1.12,0.037,1.0,1.07,,0.0,0
2026-09-27 16:44:56,TB,in,0.231,Q1 1:09,-3.0,12485,Tez Johnson,WR,2.1,0.0,1.62,1.62,1.52,1.62,0.101,1.0,1.62,,0.0,0
2026-09-27 16:44:56,BAL,in,0.165,Q1 5:05,-3.0,5995,Justice Hill,RB,7.5,0.0,5.9,5.9,6.0,6.26,0.165,1.0,5.9,,0.0,0
2026-09-27 16:44:56,BAL,in,0.165,Q1 5:05,-3.0,7571,Rashod Bateman,WR,11.5,0.0,9.64,9.64,9.2,9.6,0.165,1.0,9.64,,0.0,0
2026-09-27 16:44:56,DAL,in,0.165,Q1 5:05,3.0,11199,Emari Demercado,RB,2.1,0.0,1.59,1.59,1.68,1.75,0.165,1.0,1.59,,0.0,0
2026-09-27 16:44:56,TB,in,0.231,Q1 1:09,-3.0,13317,Ted Hurst,WR,6.1,11.0,6.05,17.05,17.54,15.69,0.093,1.0,17.05,,0.0,0
2026-09-27 16:44:56,SF,in,0.25,Q2 15:00,7.0,12467,Jordan James,RB,1.9,0.0,1.22,1.22,1.34,1.42,0.139,1.0,1.22,,0.0,0
2026-09-27 16:44:56,MIN,in,0.231,Q1 1:09,3.0,11565,J.J. McCarthy,QB,0.5,0.0,0.35,0.35,0.36,0.38,0.101,0.3,0.11,,0.0,0
2026-09-27 16:44:56,LV,in,0.174,Q1 4:34,3.0,1166,Kirk Cousins,QB,14.4,2.28,11.59,13.87,14.13,14.18,0.051,1.0,13.87,,0.0,0
2026-09-27 16:44:56,SF,in,0.25,Q2 15:00,7.0,7527,Mac Jones,QB,0.5,0.0,0.31,0.31,0.35,0.38,0.139,0.3,0.09,,0.0,0
2026-09-27 16:44:56,LV,in,0.174,Q1 4:34,3.0,12483,Jack Bech,WR,4.5,0.0,3.41,3.41,3.56,3.72,0.174,1.0,3.41,,0.0,0
2026-09-27 16:44:56,NO,in,0.174,Q1 4:34,-3.0,13420,Bryce Lance,WR,3.9,0.0,3.24,3.24,3.08,3.22,0.174,1.0,3.24,,0.0,0
2026-09-27 16:44:56,ARI,in,0.25,Q2 15:00,-7.0,4454,Kendrick Bourne,WR,6.0,0.0,4.76,4.76,4.22,4.5,0.139,1.0,4.76,,0.0,0
2026-09-27 16:44:56,LV,in,0.174,Q1 4:34,3.0,9482,Michael Mayer,TE,6.7,0.0,5.08,5.08,5.29,5.53,0.174,1.0,5.08,,0.0,0
2026-09-27 16:44:56,MIN,in,0.231,Q1 1:09,3.0,5973,Josh Oliver,TE,3.5,0.0,2.48,2.48,2.54,2.69,0.101,1.0,2.48,,0.0,0
2026-09-27 16:44:56,BAL,in,0.165,Q1 5:05,-3.0,11629,Devontez Walker,WR,4.4,0.0,3.69,3.69,3.52,3.67,0.165,1.0,3.69,,0.0,0
2026-09-27 16:44:56,DAL,in,0.165,Q1 5:05,3.0,8917,KaVontae Turpin,WR,3.5,1.9,2.94,4.84,5.1,4.82,0.0,1.0,4.84,,0.0,0
2026-09-27 16:44:56,NO,in,0.174,Q1 4:34,-3.0,13319,Oscar Delp,TE,1.0,0.0,0.83,0.83,0.79,0.83,0.174,1.0,0.83,,0.0,0
2026-09-27 16:44:56,NO,in,0.174,Q1 4:34,-3.0,5857,Noah Fant,TE,3.5,0.0,2.9,2.9,2.77,2.89,0.174,1.0,2.9,,0.0,0
2026-09-27 16:44:56,ARI,in,0.25,Q2 15:00,-7.0,6011,Gardner Minshew,QB,0.5,0.0,0.41,0.41,0.35,0.38,0.139,1.0,0.41,,0.0,0
2026-09-27 16:44:56,BAL,in,0.165,Q1 5:05,-3.0,11570,Rasheen Ali,RB,0.8,0.0,0.63,0.63,0.64,0.67,0.165,1.0,0.63,,0.0,0
2026-09-27 16:44:56,SF,in,0.25,Q2 15:00,7.0,13414,Kaelon Black,RB,5.2,-0.1,3.31,3.21,3.54,3.8,0.035,1.0,3.21,,0.0,0
2026-09-27 16:44:56,ARI,in,0.25,Q2 15:00,-7.0,10231,Elijah Higgins,TE,2.4,1.4,2.07,3.47,3.35,3.2,0.139,1.0,3.47,,0.0,0
2026-09-27 16:44:56,DAL,in,0.165,Q1 5:05,3.0,10871,Luke Schoonmaker,TE,1.6,1.9,1.49,3.39,3.58,3.24,0.139,1.0,3.39,,0.0,0
2026-09-27 16:44:56,NO,in,0.174,Q1 4:34,-3.0,9757,Kendre Miller,RB,1.8,0.0,1.4,1.4,1.42,1.49,0.174,1.0,1.4,,0.0,0
2026-09-27 16:44:56,DAL,in,0.165,Q1 5:05,3.0,11533,Brandon Aubrey,K,8.9,3.0,7.75,10.75,10.75,10.43,0.051,1.0,10.75,,0.0,0
2026-09-27 16:44:56,MIN,in,0.231,Q1 1:09,3.0,11792,Will Reichard,K,8.2,6.0,7.1,13.1,13.1,12.31,0.101,1.0,13.1,,0.0,0
2026-09-27 16:44:56,TB,in,0.231,Q1 1:09,-3.0,6650,Chase McLaughlin,K,7.4,1.0,5.56,6.56,6.56,6.69,0.093,1.0,6.56,,0.0,0
2026-09-27 16:44:56,BAL,in,0.165,Q1 5:05,-3.0,12711,Tyler Loop,K,9.4,0.0,7.52,7.52,7.52,7.85,0.165,1.0,7.52,,0.0,0
2026-09-27 16:44:56,SF,in,0.25,Q2 15:00,7.0,5189,Eddy Pineiro,K,9.6,1.0,6.94,7.94,7.94,8.2,0.139,1.0,7.94,,0.0,0
2026-09-27 16:44:56,ARI,in,0.25,Q2 15:00,-7.0,10955,Chad Ryland,K,6.3,0.0,4.43,4.43,4.43,4.72,0.139,1.0,4.43,,0.0,0
2026-09-27 16:44:56,NO,in,0.174,Q1 4:34,-3.0,5095,Daniel Carlson,K,7.5,0.0,5.93,5.93,5.93,6.2,0.174,1.0,5.93,,0.0,0
2026-09-27 16:44:56,LV,in,0.174,Q1 4:34,3.0,6083,Matt Gay,K,7.1,4.0,6.44,10.44,10.44,9.87,0.05,1.0,10.44,,0.0,0
2026-09-27 16:44:56,MIN,in,0.231,Q1 1:09,3.0,MIN,Minnesota Vikings D/ST,DST,7.1,10.0,-1.54,8.46,17.07,15.46,0.093,1.0,8.46,,0.0,0
2026-09-27 16:44:56,BAL,in,0.165,Q1 5:05,-3.0,BAL,Baltimore Ravens D/ST,DST,5.0,8.0,-2.23,5.77,13.67,12.17,0.051,1.0,5.77,,0.0,0
2026-09-27 16:44:56,SF,in,0.25,Q2 15:00,7.0,SF,San Francisco 49ers D/ST,DST,7.1,10.0,-1.74,8.26,16.87,15.32,0.139,1.0,8.26,,0.0,0
2026-09-27 16:44:56,NO,in,0.174,Q1 4:34,-3.0,NO,New Orleans Saints D/ST,DST,7.3,8.0,-1.71,6.29,15.42,14.03,0.05,1.0,6.29,,0.0,0
2026-09-27 16:44:56,TB,in,0.231,Q1 1:09,-3.0,TB,Tampa Bay Buccaneers D/ST,DST,6.4,4.0,0.5,4.5,9.41,8.92,0.101,1.0,4.5,,0.0,0
2026-09-27 16:44:56,DAL,in,0.165,Q1 5:05,3.0,DAL,Dallas Cowboys D/ST,DST,3.7,10.0,-3.46,6.54,15.05,13.09,0.165,1.0,6.54,,0.0,0
2026-09-27 16:44:56,LV,in,0.174,Q1 4:34,3.0,LV,Las Vegas Raiders D/ST,DST,5.8,10.0,-2.79,7.21,16.65,14.79,0.174,1.0,7.21,,0.0,0
2026-09-27 16:44:56,ARI,in,0.25,Q2 15:00,-7.0,ARI,Arizona Cardinals D/ST,DST,3.8,4.0,-0.42,3.58,7.42,6.85,0.139,1.0,3.58,,0.0,0
2026-09-27 16:44:56,ARI,in,0.25,Q2 15:00,-7.0,13272,Carson Beck,QB,1.7,0.0,1.4,1.4,1.2,1.27,0.139,1.0,1.4,,0.0,0
2026-09-27 16:44:56,LV,in,0.174,Q1 4:34,3.0,13329,Malik Benson,WR,2.1,0.0,1.59,1.59,1.66,1.73,0.174,1.0,1.59,,0.0,0
2026-09-27 16:44:56,TB,in,0.231,Q1 1:09,-3.0,13425,Jalon Daniels,QB,0.4,0.0,0.32,0.32,0.29,0.31,0.101,0.3,0.09,,0.0,0
2026-09-27 16:44:56,BAL,in,0.165,Q1 5:05,-3.0,5008,Durham Smythe,TE,2.2,0.0,1.84,1.84,1.76,1.84,0.165,1.0,1.84,,0.0,0
2026-09-27 16:45:57,SF,in,0.25,Q2 15:00,13.0,4034,Christian McCaffrey,RB,21.8,3.9,14.38,18.28,19.96,20.25,0.049,1.0,18.28,,0.0,0
2026-09-27 16:45:57,DAL,in,0.174,Q1 4:32,10.0,6786,CeeDee Lamb,WR,19.1,0.0,12.86,12.86,15.08,15.77,0.174,1.0,12.86,,0.0,0
2026-09-27 16:45:57,MIN,in,0.231,Q1 1:09,3.0,6794,Justin Jefferson,WR,17.2,5.2,12.8,18.0,18.67,18.43,0.101,1.0,18.0,,0.0,0
2026-09-27 16:45:57,LV,in,0.185,Q1 3:55,3.0,12527,Ashton Jeanty,RB,18.5,2.0,14.12,16.12,16.79,17.08,0.062,1.0,16.12,,0.0,0
2026-09-27 16:45:57,ARI,in,0.25,Q2 15:00,-13.0,13287,Jeremiyah Love,RB,13.5,4.0,11.01,15.01,14.24,14.12,0.09,1.0,15.01,,0.0,0
2026-09-27 16:45:57,ARI,in,0.25,Q2 15:00,-13.0,8130,Trey McBride,TE,17.1,0.0,14.64,14.64,12.02,12.83,0.139,1.0,14.64,,0.0,0
2026-09-27 16:45:57,BAL,in,0.174,Q1 4:32,-10.0,3198,Derrick Henry,RB,19.9,1.6,16.64,18.24,17.64,18.03,0.048,1.0,18.24,,0.0,0
2026-09-27 16:45:57,LV,in,0.185,Q1 3:55,3.0,11604,Brock Bowers,TE,13.9,6.7,11.29,17.99,18.87,18.03,0.105,1.0,17.99,,0.0,0
2026-09-27 16:45:57,DAL,in,0.174,Q1 4:32,10.0,8137,George Pickens,WR,14.4,2.3,10.01,12.31,14.14,14.19,0.123,1.0,12.31,,0.0,0
2026-09-27 16:45:57,NO,in,0.185,Q1 3:55,-3.0,8144,Chris Olave,WR,17.5,0.0,14.33,14.33,13.61,14.27,0.185,1.0,14.33,,0.0,0
2026-09-27 16:45:57,NO,in,0.185,Q1 3:55,-3.0,7543,Travis Etienne,RB,12.0,1.5,9.6,11.1,11.14,11.28,0.0,1.0,11.1,,0.0,0
2026-09-27 16:45:57,TB,in,0.231,Q1 1:09,-3.0,11584,Bucky Irving,RB,13.1,2.0,9.86,11.86,11.88,12.08,0.0,1.0,11.86,,0.0,0
2026-09-27 16:45:57,TB,in,0.231,Q1 1:09,-3.0,12514,Emeka Egbuka,WR,13.7,1.4,10.75,12.15,11.6,11.94,0.014,1.0,12.15,,0.0,0
2026-09-27 16:45:57,DAL,in,0.174,Q1 4:32,10.0,7588,Javonte Williams,RB,16.5,12.1,15.03,27.13,27.62,25.72,0.0,1.0,27.13,,0.0,0
2026-09-27 16:45:57,BAL,in,0.174,Q1 4:32,-10.0,9997,Zay Flowers,WR,11.5,0.0,10.5,10.5,9.08,9.49,0.174,1.0,10.5,,0.0,0
2026-09-27 16:45:57,BAL,in,0.174,Q1 4:32,-10.0,4881,Lamar Jackson,QB,22.7,0.36,21.87,22.23,18.36,19.1,0.028,1.0,22.23,,0.0,0
2026-09-27 16:45:57,SF,in,0.25,Q2 15:00,13.0,2216,Mike Evans,WR,9.6,10.7,6.9,17.6,19.46,17.9,0.0,1.0,17.6,,0.0,0
2026-09-27 16:45:57,ARI,in,0.25,Q2 15:00,-13.0,11628,Marvin Harrison Jr.,WR,8.2,0.0,7.02,7.02,5.77,6.15,0.139,1.0,7.02,,0.0,0
2026-09-27 16:45:57,ARI,in,0.25,Q2 15:00,-13.0,10232,Michael Wilson,WR,10.8,1.5,9.42,10.92,9.38,9.6,0.139,1.0,10.92,,0.0,0
2026-09-27 16:45:57,DAL,in,0.174,Q1 4:32,10.0,3294,Dak Prescott,QB,19.2,1.36,13.08,14.44,16.8,17.21,0.009,1.0,14.44,,0.0,0
2026-09-27 16:45:57,ARI,in,0.25,Q2 15:00,-13.0,8132,Tyler Allgeier,RB,7.4,3.0,6.25,9.25,8.77,8.55,0.139,1.0,9.25,,0.0,0
2026-09-27 16:45:57,MIN,in,0.231,Q1 1:09,3.0,9756,Jordan Addison,WR,8.7,0.0,6.16,6.16,6.31,6.69,0.101,1.0,6.16,,0.0,0
2026-09-27 16:45:57,SF,in,0.25,Q2 15:00,13.0,8183,Brock Purdy,QB,20.2,10.28,13.58,23.86,26.41,25.43,0.0,1.0,23.86,,0.0,0
2026-09-27 16:45:57,TB,in,0.231,Q1 1:09,-3.0,4037,Chris Godwin,WR,9.3,0.0,7.18,7.18,6.74,7.15,0.101,1.0,7.18,,0.0,0
2026-09-27 16:45:57,MIN,in,0.231,Q1 1:09,3.0,5849,Kyler Murray,QB,16.2,3.18,12.21,15.39,15.53,15.64,0.021,1.0,15.39,,0.0,0
2026-09-27 16:45:57,TB,in,0.231,Q1 1:09,-3.0,4892,Baker Mayfield,QB,16.6,6.32,14.66,20.98,19.57,19.09,0.014,1.0,20.98,,0.0,0
2026-09-27 16:45:57,TB,in,0.231,Q1 1:09,-3.0,7567,Kenneth Gainwell,RB,7.5,0.0,5.34,5.34,5.44,5.77,0.101,1.0,5.34,,0.0,0
2026-09-27 16:45:57,NO,in,0.185,Q1 3:55,-3.0,12545,Tyler Shough,QB,19.8,4.28,17.7,21.98,20.55,20.42,0.011,1.0,21.98,,0.0,0
2026-09-27 16:45:57,SF,in,0.25,Q2 15:00,13.0,4217,George Kittle,TE,12.4,2.2,7.54,9.74,11.33,11.5,0.0,1.0,9.74,,0.0,0
2026-09-27 16:45:57,DAL,in,0.174,Q1 4:32,10.0,8110,Jake Ferguson,TE,9.2,0.0,6.19,6.19,7.26,7.6,0.174,1.0,6.19,,0.0,0
2026-09-27 16:45:57,MIN,in,0.231,Q1 1:09,3.0,7049,Jauan Jennings,WR,5.0,0.0,3.54,3.54,3.62,3.85,0.101,1.0,3.54,,0.0,0
2026-09-27 16:45:57,LV,in,0.185,Q1 3:55,3.0,13305,Mike Washington Jr.,RB,3.4,0.3,2.58,2.88,3.01,3.07,0.105,1.0,2.88,,0.0,0
2026-09-27 16:45:57,TB,in,0.231,Q1 1:09,-3.0,11618,Jalen McMillan,WR,5.6,0.0,4.32,4.32,4.06,4.31,0.101,1.0,4.32,,0.0,0
2026-09-27 16:45:57,MIN,in,0.231,Q1 1:09,3.0,4199,Aaron Jones,RB,13.0,1.8,9.34,11.14,11.57,11.8,0.101,1.0,11.14,,0.0,0
2026-09-27 16:45:57,BAL,in,0.174,Q1 4:32,-10.0,5012,Mark Andrews,TE,13.2,1.9,12.31,14.21,12.71,12.8,0.028,1.0,14.21,,0.0,0
2026-09-27 16:45:57,SF,in,0.25,Q2 15:00,13.0,5872,Deebo Samuel,WR,11.8,14.3,8.61,22.91,25.28,23.15,0.062,1.0,22.91,,0.0,0
2026-09-27 16:45:57,NO,in,0.185,Q1 3:55,-3.0,7002,Juwan Johnson,TE,9.6,1.6,8.07,9.67,9.39,9.43,0.044,1.0,9.67,,0.0,0
2026-09-27 16:45:57,ARI,in,0.25,Q2 15:00,-13.0,3257,Jacoby Brissett,QB,14.6,1.06,13.5,14.56,11.52,12.01,0.09,1.0,14.56,,0.0,0
2026-09-27 16:45:57,MIN,in,0.231,Q1 1:09,3.0,5844,T.J. Hockenson,TE,9.1,1.5,6.62,8.12,8.38,8.5,0.021,1.0,8.12,,0.0,0
2026-09-27 16:45:57,LV,in,0.185,Q1 3:55,3.0,8180,Jalen Nailor,WR,7.2,2.6,5.73,8.33,8.73,8.47,0.14,1.0,8.33,,0.0,0
2026-09-27 16:45:57,TB,in,0.231,Q1 1:09,-3.0,9506,Sean Tucker,RB,1.8,0.0,1.28,1.28,1.3,1.38,0.101,1.0,1.28,,0.0,0
2026-09-27 16:45:57,NO,in,0.185,Q1 3:55,-3.0,4035,Alvin Kamara,RB,8.6,0.0,6.58,6.58,6.69,7.01,0.185,1.0,6.58,,0.0,0
2026-09-27 16:45:57,LV,in,0.185,Q1 3:55,3.0,10213,Tre Tucker,WR,10.5,0.0,7.85,7.85,8.17,8.56,0.185,1.0,7.85,,0.0,0
2026-09-27 16:45:57,TB,in,0.231,Q1 1:09,-3.0,8111,Cade Otton,TE,7.7,2.4,6.24,8.64,8.44,8.32,0.101,1.0,8.64,,0.0,0
2026-09-27 16:45:57,BAL,in,0.174,Q1 4:32,-10.0,13268,Elijah Sarratt,WR,1.4,0.0,1.28,1.28,1.11,1.16,0.174,1.0,1.28,,0.0,0
2026-09-27 16:45:57,DAL,in,0.174,Q1 4:32,10.0,11783,Ryan Flournoy,WR,7.7,0.0,5.18,5.18,6.08,6.36,0.174,1.0,5.18,,0.0,0
2026-09-27 16:45:57,NO,in,0.185,Q1 3:55,-3.0,11834,Devaughn Vele,WR,11.8,2.1,9.94,12.04,11.7,11.72,0.011,1.0,12.04,,0.0,0
2026-09-27 16:45:57,MIN,in,0.231,Q1 1:09,3.0,13347,Demond Claiborne,RB,1.2,0.2,0.87,1.07,1.11,1.12,0.037,1.0,1.07,,0.0,0
2026-09-27 16:45:57,TB,in,0.231,Q1 1:09,-3.0,12485,Tez Johnson,WR,2.1,0.0,1.62,1.62,1.52,1.62,0.101,1.0,1.62,,0.0,0
2026-09-27 16:45:57,BAL,in,0.174,Q1 4:32,-10.0,5995,Justice Hill,RB,7.5,0.0,6.1,6.1,5.92,6.19,0.174,1.0,6.1,,0.0,0
2026-09-27 16:45:57,BAL,in,0.174,Q1 4:32,-10.0,7571,Rashod Bateman,WR,11.5,0.0,10.5,10.5,9.08,9.49,0.174,1.0,10.5,,0.0,0
2026-09-27 16:45:57,DAL,in,0.174,Q1 4:32,10.0,11199,Emari Demercado,RB,2.1,0.0,1.49,1.49,1.66,1.73,0.174,1.0,1.49,,0.0,0
2026-09-27 16:45:57,TB,in,0.231,Q1 1:09,-3.0,13317,Ted Hurst,WR,6.1,11.0,6.05,17.05,17.54,15.69,0.093,1.0,17.05,,0.0,0
2026-09-27 16:45:57,SF,in,0.25,Q2 15:00,13.0,12467,Jordan James,RB,1.9,0.0,1.16,1.16,1.34,1.42,0.139,1.0,1.16,,0.0,0
2026-09-27 16:45:57,MIN,in,0.231,Q1 1:09,3.0,11565,J.J. McCarthy,QB,0.5,0.0,0.35,0.35,0.36,0.38,0.101,0.3,0.11,,0.0,0
2026-09-27 16:45:57,LV,in,0.185,Q1 3:55,3.0,1166,Kirk Cousins,QB,14.4,2.28,11.43,13.71,13.94,14.02,0.062,1.0,13.71,,0.0,0
2026-09-27 16:45:57,SF,in,0.25,Q2 15:00,13.0,7527,Mac Jones,QB,0.5,0.0,0.27,0.27,0.35,0.38,0.139,0.3,0.08,,0.0,0
2026-09-27 16:45:57,LV,in,0.185,Q1 3:55,3.0,12483,Jack Bech,WR,4.5,0.0,3.37,3.37,3.5,3.67,0.185,1.0,3.37,,0.0,0
2026-09-27 16:45:57,NO,in,0.185,Q1 3:55,-3.0,13420,Bryce Lance,WR,3.9,0.0,3.19,3.19,3.03,3.18,0.185,1.0,3.19,,0.0,0
2026-09-27 16:45:57,ARI,in,0.25,Q2 15:00,-13.0,4454,Kendrick Bourne,WR,6.0,0.0,5.14,5.14,4.22,4.5,0.139,1.0,5.14,,0.0,0
2026-09-27 16:45:57,LV,in,0.185,Q1 3:55,3.0,9482,Michael Mayer,TE,6.7,0.0,5.01,5.01,5.21,5.46,0.185,1.0,5.01,,0.0,0
2026-09-27 16:45:57,MIN,in,0.231,Q1 1:09,3.0,5973,Josh Oliver,TE,3.5,0.0,2.48,2.48,2.54,2.69,0.101,1.0,2.48,,0.0,0
2026-09-27 16:45:57,BAL,in,0.174,Q1 4:32,-10.0,11629,Devontez Walker,WR,4.4,0.0,4.02,4.02,3.47,3.63,0.174,1.0,4.02,,0.0,0
2026-09-27 16:45:57,DAL,in,0.174,Q1 4:32,10.0,8917,KaVontae Turpin,WR,3.5,1.9,2.61,4.51,5.06,4.79,0.009,1.0,4.51,,0.0,0
2026-09-27 16:45:57,NO,in,0.185,Q1 3:55,-3.0,13319,Oscar Delp,TE,1.0,0.0,0.82,0.82,0.78,0.82,0.185,1.0,0.82,,0.0,0
2026-09-27 16:45:57,NO,in,0.185,Q1 3:55,-3.0,5857,Noah Fant,TE,3.5,0.0,2.87,2.87,2.72,2.85,0.185,1.0,2.87,,0.0,0
2026-09-27 16:45:57,ARI,in,0.25,Q2 15:00,-13.0,6011,Gardner Minshew,QB,0.5,0.0,0.45,0.45,0.35,0.38,0.139,1.0,0.45,,0.0,0
2026-09-27 16:45:57,BAL,in,0.174,Q1 4:32,-10.0,11570,Rasheen Ali,RB,0.8,0.0,0.65,0.65,0.63,0.66,0.174,1.0,0.65,,0.0,0
2026-09-27 16:45:57,SF,in,0.25,Q2 15:00,13.0,13414,Kaelon Black,RB,5.2,-0.1,3.16,3.06,3.54,3.8,0.035,1.0,3.06,,0.0,0
2026-09-27 16:45:57,ARI,in,0.25,Q2 15:00,-13.0,10231,Elijah Higgins,TE,2.4,1.4,2.22,3.62,3.35,3.2,0.139,1.0,3.62,,0.0,0
2026-09-27 16:45:57,DAL,in,0.174,Q1 4:32,10.0,10871,Luke Schoonmaker,TE,1.6,1.9,1.33,3.23,3.56,3.22,0.149,1.0,3.23,,0.0,0
2026-09-27 16:45:57,NO,in,0.185,Q1 3:55,-3.0,9757,Kendre Miller,RB,1.8,0.0,1.38,1.38,1.4,1.47,0.185,1.0,1.38,,0.0,0
2026-09-27 16:45:57,DAL,in,0.174,Q1 4:32,10.0,11533,Brandon Aubrey,K,8.9,4.0,7.85,11.85,11.85,11.35,0.0,1.0,11.85,,0.0,0
2026-09-27 16:45:57,MIN,in,0.231,Q1 1:09,3.0,11792,Will Reichard,K,8.2,6.0,7.1,13.1,13.1,12.31,0.101,1.0,13.1,,0.0,0
2026-09-27 16:45:57,TB,in,0.231,Q1 1:09,-3.0,6650,Chase McLaughlin,K,7.4,1.0,5.56,6.56,6.56,6.69,0.093,1.0,6.56,,0.0,0
2026-09-27 16:45:57,BAL,in,0.174,Q1 4:32,-10.0,12711,Tyler Loop,K,9.4,0.0,7.42,7.42,7.42,7.76,0.174,1.0,7.42,,0.0,0
2026-09-27 16:45:57,SF,in,0.25,Q2 15:00,13.0,5189,Eddy Pineiro,K,9.6,1.0,6.94,7.94,7.94,8.2,0.139,1.0,7.94,,0.0,0
2026-09-27 16:45:57,ARI,in,0.25,Q2 15:00,-13.0,10955,Chad Ryland,K,6.3,0.0,4.43,4.43,4.43,4.72,0.139,1.0,4.43,,0.0,0
2026-09-27 16:45:57,NO,in,0.185,Q1 3:55,-3.0,5095,Daniel Carlson,K,7.5,0.0,5.83,5.83,5.83,6.11,0.185,1.0,5.83,,0.0,0
2026-09-27 16:45:57,LV,in,0.185,Q1 3:55,3.0,6083,Matt Gay,K,7.1,4.0,6.34,10.34,10.34,9.79,0.061,1.0,10.34,,0.0,0
2026-09-27 16:45:57,MIN,in,0.231,Q1 1:09,3.0,MIN,Minnesota Vikings D/ST,DST,7.1,10.0,-1.54,8.46,17.07,15.46,0.093,1.0,8.46,,0.0,0
2026-09-27 16:45:57,BAL,in,0.174,Q1 4:32,-10.0,BAL,Baltimore Ravens D/ST,DST,5.0,5.0,-0.57,4.43,9.98,9.13,0.0,1.0,4.43,,0.0,0
2026-09-27 16:45:57,SF,in,0.25,Q2 15:00,13.0,SF,San Francisco 49ers D/ST,DST,7.1,10.0,-1.31,8.69,16.87,15.32,0.139,1.0,8.69,,0.0,0
2026-09-27 16:45:57,NO,in,0.185,Q1 3:55,-3.0,NO,New Orleans Saints D/ST,DST,7.3,8.0,-1.7,6.3,15.31,13.95,0.061,1.0,6.3,,0.0,0
2026-09-27 16:45:57,TB,in,0.231,Q1 1:09,-3.0,TB,Tampa Bay Buccaneers D/ST,DST,6.4,4.0,0.5,4.5,9.41,8.92,0.101,1.0,4.5,,0.0,0
2026-09-27 16:45:57,DAL,in,0.174,Q1 4:32,10.0,DAL,Dallas Cowboys D/ST,DST,3.7,10.0,-3.06,6.94,14.99,13.05,0.174,1.0,6.94,,0.0,0
2026-09-27 16:45:57,LV,in,0.185,Q1 3:55,3.0,LV,Las Vegas Raiders D/ST,DST,5.8,10.0,-2.75,7.25,16.55,14.73,0.185,1.0,7.25,,0.0,0
2026-09-27 16:45:57,ARI,in,0.25,Q2 15:00,-13.0,ARI,Arizona Cardinals D/ST,DST,3.8,4.0,-0.19,3.81,7.42,6.85,0.139,1.0,3.81,,0.0,0
2026-09-27 16:45:57,ARI,in,0.25,Q2 15:00,-13.0,13272,Carson Beck,QB,1.7,0.0,1.54,1.54,1.2,1.27,0.139,1.0,1.54,,0.0,0
2026-09-27 16:45:57,LV,in,0.185,Q1 3:55,3.0,13329,Malik Benson,WR,2.1,0.0,1.57,1.57,1.63,1.71,0.185,1.0,1.57,,0.0,0
2026-09-27 16:45:57,TB,in,0.231,Q1 1:09,-3.0,13425,Jalon Daniels,QB,0.4,0.0,0.32,0.32,0.29,0.31,0.101,0.3,0.09,,0.0,0
2026-09-27 16:45:57,BAL,in,0.174,Q1 4:32,-10.0,5008,Durham Smythe,TE,2.2,0.0,2.01,2.01,1.74,1.82,0.174,1.0,2.01,,0.0,0
2026-09-27 16:46:57,SF,in,0.251,Q2 14:55,14.0,4034,Christian McCaffrey,RB,21.8,3.9,14.24,18.14,19.92,20.22,0.05,1.0,18.14,,0.0,0
2026-09-27 16:46:57,DAL,in,0.174,Q1 4:32,10.0,6786,CeeDee Lamb,WR,19.1,0.0,12.86,12.86,15.08,15.77,0.174,1.0,12.86,,0.0,0
2026-09-27 16:46:57,MIN,in,0.231,Q1 1:09,3.0,6794,Justin Jefferson,WR,17.2,5.2,12.8,18.0,18.67,18.43,0.101,1.0,18.0,,0.0,0
2026-09-27 16:46:57,LV,in,0.202,Q1 2:53,3.0,12527,Ashton Jeanty,RB,18.5,2.0,13.75,15.75,16.42,16.76,0.079,1.0,15.75,,0.0,0
2026-09-27 16:46:57,ARI,in,0.251,Q2 14:55,-14.0,13287,Jeremiyah Love,RB,13.5,4.0,11.05,15.05,14.22,14.11,0.092,1.0,15.05,,0.0,0
2026-09-27 16:46:57,ARI,in,0.251,Q2 14:55,-14.0,8130,Trey McBride,TE,17.1,0.0,14.79,14.79,12.0,12.8,0.14,1.0,14.79,,0.0,0
2026-09-27 16:46:57,BAL,in,0.174,Q1 4:32,-10.0,3198,Derrick Henry,RB,19.9,1.6,16.64,18.24,17.64,18.03,0.048,1.0,18.24,,0.0,0
2026-09-27 16:46:57,LV,in,0.202,Q1 2:53,3.0,11604,Brock Bowers,TE,13.9,6.7,11.05,17.75,18.57,17.79,0.123,1.0,17.75,,0.0,0
2026-09-27 16:46:57,DAL,in,0.174,Q1 4:32,10.0,8137,George Pickens,WR,14.4,2.3,10.01,12.31,14.14,14.19,0.123,1.0,12.31,,0.0,0
2026-09-27 16:46:57,NO,in,0.202,Q1 2:53,-3.0,8144,Chris Olave,WR,17.5,0.0,14.03,14.03,13.26,13.97,0.202,1.0,14.03,,0.0,0
2026-09-27 16:46:57,NO,in,0.202,Q1 2:53,-3.0,7543,Travis Etienne,RB,12.0,1.5,9.36,10.86,10.89,11.08,0.017,1.0,10.86,,0.0,0
2026-09-27 16:46:57,TB,in,0.231,Q1 1:09,-3.0,11584,Bucky Irving,RB,13.1,2.0,9.86,11.86,11.88,12.08,0.0,1.0,11.86,,0.0,0
2026-09-27 16:46:57,TB,in,0.231,Q1 1:09,-3.0,12514,Emeka Egbuka,WR,13.7,1.4,10.75,12.15,11.6,11.94,0.014,1.0,12.15,,0.0,0
2026-09-27 16:46:57,DAL,in,0.174,Q1 4:32,10.0,7588,Javonte Williams,RB,16.5,12.1,15.03,27.13,27.62,25.72,0.0,1.0,27.13,,0.0,0
2026-09-27 16:46:57,BAL,in,0.174,Q1 4:32,-10.0,9997,Zay Flowers,WR,11.5,0.0,10.5,10.5,9.08,9.49,0.174,1.0,10.5,,0.0,0
2026-09-27 16:46:57,BAL,in,0.174,Q1 4:32,-10.0,4881,Lamar Jackson,QB,22.7,0.36,21.87,22.23,18.36,19.1,0.028,1.0,22.23,,0.0,0
2026-09-27 16:46:57,SF,in,0.251,Q2 14:55,14.0,2216,Mike Evans,WR,9.6,10.7,6.79,17.49,19.44,17.89,0.001,1.0,17.49,,0.0,0
2026-09-27 16:46:57,ARI,in,0.251,Q2 14:55,-14.0,11628,Marvin Harrison Jr.,WR,8.2,0.0,7.09,7.09,5.75,6.14,0.14,1.0,7.09,,0.0,0
2026-09-27 16:46:57,ARI,in,0.251,Q2 14:55,-14.0,10232,Michael Wilson,WR,10.8,1.5,9.51,11.01,9.36,9.59,0.14,1.0,11.01,,0.0,0
2026-09-27 16:46:57,DAL,in,0.174,Q1 4:32,10.0,3294,Dak Prescott,QB,19.2,1.36,13.08,14.44,16.8,17.21,0.009,1.0,14.44,,0.0,0
2026-09-27 16:46:57,ARI,in,0.251,Q2 14:55,-14.0,8132,Tyler Allgeier,RB,7.4,3.0,6.27,9.27,8.75,8.54,0.14,1.0,9.27,,0.0,0
2026-09-27 16:46:57,MIN,in,0.231,Q1 1:09,3.0,9756,Jordan Addison,WR,8.7,0.0,6.16,6.16,6.31,6.69,0.101,1.0,6.16,,0.0,0
2026-09-27 16:46:57,SF,in,0.251,Q2 14:55,14.0,8183,Brock Purdy,QB,20.2,10.28,13.27,23.55,26.38,25.4,0.001,1.0,23.55,,0.0,0
2026-09-27 16:46:57,TB,in,0.231,Q1 1:09,-3.0,4037,Chris Godwin,WR,9.3,0.0,7.18,7.18,6.74,7.15,0.101,1.0,7.18,,0.0,0
2026-09-27 16:46:57,MIN,in,0.231,Q1 1:09,3.0,5849,Kyler Murray,QB,16.2,3.18,12.21,15.39,15.53,15.64,0.021,1.0,15.39,,0.0,0
2026-09-27 16:46:57,TB,in,0.231,Q1 1:09,-3.0,4892,Baker Mayfield,QB,16.6,6.32,14.66,20.98,19.57,19.09,0.014,1.0,20.98,,0.0,0
2026-09-27 16:46:57,TB,in,0.231,Q1 1:09,-3.0,7567,Kenneth Gainwell,RB,7.5,0.0,5.34,5.34,5.44,5.77,0.101,1.0,5.34,,0.0,0
2026-09-27 16:46:57,NO,in,0.202,Q1 2:53,-3.0,12545,Tyler Shough,QB,19.8,4.28,17.31,21.59,20.14,20.08,0.028,1.0,21.59,,0.0,0
2026-09-27 16:46:57,SF,in,0.251,Q2 14:55,14.0,4217,George Kittle,TE,12.4,2.2,7.4,9.6,11.31,11.48,0.001,1.0,9.6,,0.0,0
2026-09-27 16:46:57,DAL,in,0.174,Q1 4:32,10.0,8110,Jake Ferguson,TE,9.2,0.0,6.19,6.19,7.26,7.6,0.174,1.0,6.19,,0.0,0
2026-09-27 16:46:57,MIN,in,0.231,Q1 1:09,3.0,7049,Jauan Jennings,WR,5.0,0.0,3.54,3.54,3.62,3.85,0.101,1.0,3.54,,0.0,0
2026-09-27 16:46:57,LV,in,0.202,Q1 2:53,3.0,13305,Mike Washington Jr.,RB,3.4,0.3,2.51,2.81,2.94,3.01,0.123,1.0,2.81,,0.0,0
2026-09-27 16:46:57,TB,in,0.231,Q1 1:09,-3.0,11618,Jalen McMillan,WR,5.6,0.0,4.32,4.32,4.06,4.31,0.101,1.0,4.32,,0.0,0
2026-09-27 16:46:57,MIN,in,0.231,Q1 1:09,3.0,4199,Aaron Jones,RB,13.0,1.9,9.37,11.27,11.69,11.9,0.0,1.0,11.27,,0.0,0
2026-09-27 16:46:57,BAL,in,0.174,Q1 4:32,-10.0,5012,Mark Andrews,TE,13.2,1.9,12.31,14.21,12.71,12.8,0.028,1.0,14.21,,0.0,0
2026-09-27 16:46:57,SF,in,0.251,Q2 14:55,14.0,5872,Deebo Samuel,WR,11.8,14.3,8.48,22.78,25.25,23.13,0.063,1.0,22.78,,0.0,0
2026-09-27 16:46:57,NO,in,0.202,Q1 2:53,-3.0,7002,Juwan Johnson,TE,9.6,1.6,7.9,9.5,9.19,9.26,0.061,1.0,9.5,,0.0,0
2026-09-27 16:46:57,ARI,in,0.251,Q2 14:55,-14.0,3257,Jacoby Brissett,QB,14.6,1.06,13.68,14.74,11.5,11.99,0.092,1.0,14.74,,0.0,0
2026-09-27 16:46:57,MIN,in,0.231,Q1 1:09,3.0,5844,T.J. Hockenson,TE,9.1,1.5,6.62,8.12,8.38,8.5,0.021,1.0,8.12,,0.0,0
2026-09-27 16:46:57,LV,in,0.202,Q1 2:53,3.0,8180,Jalen Nailor,WR,7.2,2.6,5.61,8.21,8.57,8.35,0.157,1.0,8.21,,0.0,0
2026-09-27 16:46:57,TB,in,0.231,Q1 1:09,-3.0,9506,Sean Tucker,RB,1.8,0.0,1.28,1.28,1.3,1.38,0.101,1.0,1.28,,0.0,0
2026-09-27 16:46:57,NO,in,0.202,Q1 2:53,-3.0,4035,Alvin Kamara,RB,8.6,0.0,6.42,6.42,6.52,6.86,0.202,1.0,6.42,,0.0,0
2026-09-27 16:46:57,LV,in,0.202,Q1 2:53,3.0,10213,Tre Tucker,WR,10.5,0.0,7.69,7.69,7.96,8.38,0.202,1.0,7.69,,0.0,0
2026-09-27 16:46:57,TB,in,0.231,Q1 1:09,-3.0,8111,Cade Otton,TE,7.7,2.4,6.24,8.64,8.44,8.32,0.101,1.0,8.64,,0.0,0
2026-09-27 16:46:57,BAL,in,0.174,Q1 4:32,-10.0,13268,Elijah Sarratt,WR,1.4,0.0,1.28,1.28,1.11,1.16,0.174,1.0,1.28,,0.0,0
2026-09-27 16:46:57,DAL,in,0.174,Q1 4:32,10.0,11783,Ryan Flournoy,WR,7.7,0.0,5.18,5.18,6.08,6.36,0.174,1.0,5.18,,0.0,0
2026-09-27 16:46:57,NO,in,0.202,Q1 2:53,-3.0,11834,Devaughn Vele,WR,11.8,2.1,9.73,11.83,11.46,11.52,0.028,1.0,11.83,,0.0,0
2026-09-27 16:46:57,MIN,in,0.231,Q1 1:09,3.0,13347,Demond Claiborne,RB,1.2,0.2,0.87,1.07,1.11,1.12,0.037,1.0,1.07,,0.0,0
2026-09-27 16:46:57,TB,in,0.231,Q1 1:09,-3.0,12485,Tez Johnson,WR,2.1,0.0,1.62,1.62,1.52,1.62,0.101,1.0,1.62,,0.0,0
2026-09-27 16:46:57,BAL,in,0.174,Q1 4:32,-10.0,5995,Justice Hill,RB,7.5,0.0,6.1,6.1,5.92,6.19,0.174,1.0,6.1,,0.0,0
2026-09-27 16:46:57,BAL,in,0.174,Q1 4:32,-10.0,7571,Rashod Bateman,WR,11.5,0.0,10.5,10.5,9.08,9.49,0.174,1.0,10.5,,0.0,0
2026-09-27 16:46:57,DAL,in,0.174,Q1 4:32,10.0,11199,Emari Demercado,RB,2.1,0.0,1.49,1.49,1.66,1.73,0.174,1.0,1.49,,0.0,0
2026-09-27 16:46:57,TB,in,0.231,Q1 1:09,-3.0,13317,Ted Hurst,WR,6.1,11.0,6.05,17.05,17.54,15.69,0.093,1.0,17.05,,0.0,0
2026-09-27 16:46:57,SF,in,0.251,Q2 14:55,14.0,12467,Jordan James,RB,1.9,0.0,1.15,1.15,1.33,1.42,0.14,1.0,1.15,,0.0,0
2026-09-27 16:46:57,MIN,in,0.231,Q1 1:09,3.0,11565,J.J. McCarthy,QB,0.5,0.0,0.35,0.35,0.36,0.38,0.101,0.3,0.11,,0.0,0
2026-09-27 16:46:57,LV,in,0.202,Q1 2:53,3.0,1166,Kirk Cousins,QB,14.4,2.28,11.17,13.45,13.65,13.77,0.079,1.0,13.45,,0.0,0
2026-09-27 16:46:57,SF,in,0.251,Q2 14:55,14.0,7527,Mac Jones,QB,0.5,0.0,0.26,0.26,0.35,0.37,0.14,0.3,0.08,,0.0,0
2026-09-27 16:46:57,LV,in,0.202,Q1 2:53,3.0,12483,Jack Bech,WR,4.5,0.0,3.3,3.3,3.41,3.59,0.202,1.0,3.3,,0.0,0
2026-09-27 16:46:57,NO,in,0.202,Q1 2:53,-3.0,13420,Bryce Lance,WR,3.9,0.0,3.13,3.13,2.96,3.11,0.202,1.0,3.13,,0.0,0
2026-09-27 16:46:57,ARI,in,0.251,Q2 14:55,-14.0,4454,Kendrick Bourne,WR,6.0,0.0,5.19,5.19,4.21,4.49,0.14,1.0,5.19,,0.0,0
2026-09-27 16:46:57,LV,in,0.202,Q1 2:53,3.0,9482,Michael Mayer,TE,6.7,0.0,4.91,4.91,5.08,5.35,0.202,1.0,4.91,,0.0,0
2026-09-27 16:46:57,MIN,in,0.231,Q1 1:09,3.0,5973,Josh Oliver,TE,3.5,0.0,2.48,2.48,2.54,2.69,0.101,1.0,2.48,,0.0,0
2026-09-27 16:46:57,BAL,in,0.174,Q1 4:32,-10.0,11629,Devontez Walker,WR,4.4,0.0,4.02,4.02,3.47,3.63,0.174,1.0,4.02,,0.0,0
2026-09-27 16:46:57,DAL,in,0.174,Q1 4:32,10.0,8917,KaVontae Turpin,WR,3.5,1.9,2.61,4.51,5.06,4.79,0.009,1.0,4.51,,0.0,0
2026-09-27 16:46:57,NO,in,0.202,Q1 2:53,-3.0,13319,Oscar Delp,TE,1.0,0.0,0.8,0.8,0.76,0.8,0.202,1.0,0.8,,0.0,0
2026-09-27 16:46:57,NO,in,0.202,Q1 2:53,-3.0,5857,Noah Fant,TE,3.5,0.0,2.81,2.81,2.65,2.79,0.202,1.0,2.81,,0.0,0
2026-09-27 16:46:57,ARI,in,0.251,Q2 14:55,-14.0,6011,Gardner Minshew,QB,0.5,0.0,0.46,0.46,0.35,0.37,0.14,1.0,0.46,,0.0,0
2026-09-27 16:46:57,BAL,in,0.174,Q1 4:32,-10.0,11570,Rasheen Ali,RB,0.8,0.0,0.65,0.65,0.63,0.66,0.174,1.0,0.65,,0.0,0
2026-09-27 16:46:57,SF,in,0.251,Q2 14:55,14.0,13414,Kaelon Black,RB,5.2,-0.1,3.13,3.03,3.53,3.79,0.036,1.0,3.03,,0.0,0
2026-09-27 16:46:57,ARI,in,0.251,Q2 14:55,-14.0,10231,Elijah Higgins,TE,2.4,1.4,2.24,3.64,3.35,3.2,0.14,1.0,3.64,,0.0,0
2026-09-27 16:46:57,DAL,in,0.174,Q1 4:32,10.0,10871,Luke Schoonmaker,TE,1.6,1.9,1.33,3.23,3.56,3.22,0.149,1.0,3.23,,0.0,0
2026-09-27 16:46:57,NO,in,0.202,Q1 2:53,-3.0,9757,Kendre Miller,RB,1.8,0.0,1.34,1.34,1.36,1.44,0.202,1.0,1.34,,0.0,0
2026-09-27 16:46:57,DAL,in,0.174,Q1 4:32,10.0,11533,Brandon Aubrey,K,8.9,4.0,7.85,11.85,11.85,11.35,0.0,1.0,11.85,,0.0,0
2026-09-27 16:46:57,MIN,in,0.231,Q1 1:09,3.0,11792,Will Reichard,K,8.2,6.0,7.1,13.1,13.1,12.31,0.101,1.0,13.1,,0.0,0
2026-09-27 16:46:57,TB,in,0.231,Q1 1:09,-3.0,6650,Chase McLaughlin,K,7.4,1.0,5.56,6.56,6.56,6.69,0.093,1.0,6.56,,0.0,0
2026-09-27 16:46:57,BAL,in,0.174,Q1 4:32,-10.0,12711,Tyler Loop,K,9.4,0.0,7.42,7.42,7.42,7.76,0.174,1.0,7.42,,0.0,0
2026-09-27 16:46:57,SF,in,0.251,Q2 14:55,14.0,5189,Eddy Pineiro,K,9.6,2.0,7.11,9.11,9.11,9.19,0.0,1.0,9.11,,0.0,0
2026-09-27 16:46:57,ARI,in,0.251,Q2 14:55,-14.0,10955,Chad Ryland,K,6.3,0.0,4.42,4.42,4.42,4.72,0.14,1.0,4.42,,0.0,0
2026-09-27 16:46:57,NO,in,0.202,Q1 2:53,-3.0,5095,Daniel Carlson,K,7.5,0.0,5.68,5.68,5.68,5.99,0.202,1.0,5.68,,0.0,0
2026-09-27 16:46:57,LV,in,0.202,Q1 2:53,3.0,6083,Matt Gay,K,7.1,4.0,6.18,10.18,10.18,9.67,0.078,1.0,10.18,,0.0,0
2026-09-27 16:46:57,MIN,in,0.231,Q1 1:09,3.0,MIN,Minnesota Vikings D/ST,DST,7.1,10.0,-1.54,8.46,17.07,15.46,0.093,1.0,8.46,,0.0,0
2026-09-27 16:46:57,BAL,in,0.174,Q1 4:32,-10.0,BAL,Baltimore Ravens D/ST,DST,5.0,5.0,-0.57,4.43,9.98,9.13,0.0,1.0,4.43,,0.0,0
2026-09-27 16:46:57,SF,in,0.251,Q2 14:55,14.0,SF,San Francisco 49ers D/ST,DST,7.1,10.0,-1.24,8.76,16.85,15.32,0.14,1.0,8.76,,0.0,0
2026-09-27 16:46:57,NO,in,0.202,Q1 2:53,-3.0,NO,New Orleans Saints D/ST,DST,7.3,8.0,-1.68,6.32,15.13,13.83,0.078,1.0,6.32,,0.0,0
2026-09-27 16:46:57,TB,in,0.231,Q1 1:09,-3.0,TB,Tampa Bay Buccaneers D/ST,DST,6.4,4.0,0.5,4.5,9.41,8.92,0.101,1.0,4.5,,0.0,0
2026-09-27 16:46:57,DAL,in,0.174,Q1 4:32,10.0,DAL,Dallas Cowboys D/ST,DST,3.7,10.0,-3.06,6.94,14.99,13.05,0.174,1.0,6.94,,0.0,0
2026-09-27 16:46:57,LV,in,0.202,Q1 2:53,3.0,LV,Las Vegas Raiders D/ST,DST,5.8,10.0,-2.69,7.31,16.39,14.63,0.202,1.0,7.31,,0.0,0
2026-09-27 16:46:57,ARI,in,0.251,Q2 14:55,-14.0,ARI,Arizona Cardinals D/ST,DST,3.8,1.0,0.98,1.98,3.85,3.84,0.0,1.0,1.98,,0.0,0
2026-09-27 16:46:57,ARI,in,0.251,Q2 14:55,-14.0,13272,Carson Beck,QB,1.7,0.0,1.56,1.56,1.19,1.27,0.14,1.0,1.56,,0.0,0
2026-09-27 16:46:57,LV,in,0.202,Q1 2:53,3.0,13329,Malik Benson,WR,2.1,0.0,1.54,1.54,1.59,1.68,0.202,1.0,1.54,,0.0,0
2026-09-27 16:46:57,TB,in,0.231,Q1 1:09,-3.0,13425,Jalon Daniels,QB,0.4,0.0,0.32,0.32,0.29,0.31,0.101,0.3,0.09,,0.0,0
2026-09-27 16:46:57,BAL,in,0.174,Q1 4:32,-10.0,5008,Durham Smythe,TE,2.2,0.0,2.01,2.01,1.74,1.82,0.174,1.0,2.01,,0.0,0
2026-09-27 16:47:58,SF,in,0.251,Q2 14:55,14.0,4034,Christian McCaffrey,RB,21.8,3.9,14.24,18.14,19.92,20.22,0.05,1.0,18.14,,0.0,0
2026-09-27 16:47:58,DAL,in,0.174,Q1 4:32,10.0,6786,CeeDee Lamb,WR,19.1,0.0,12.86,12.86,15.08,15.77,0.174,1.0,12.86,,0.0,0
2026-09-27 16:47:58,MIN,in,0.25,Q1 0:00,3.0,6794,Justin Jefferson,WR,17.2,5.2,12.49,17.69,18.27,18.1,0.121,1.0,17.69,,0.0,0
2026-09-27 16:47:58,LV,in,0.204,Q1 2:45,3.0,12527,Ashton Jeanty,RB,18.5,2.0,13.7,15.7,16.37,16.72,0.081,1.0,15.7,,0.0,0
2026-09-27 16:47:58,ARI,in,0.251,Q2 14:55,-14.0,13287,Jeremiyah Love,RB,13.5,4.0,11.05,15.05,14.22,14.11,0.092,1.0,15.05,,0.0,0
2026-09-27 16:47:58,ARI,in,0.251,Q2 14:55,-14.0,8130,Trey McBride,TE,17.1,0.0,14.79,14.79,12.0,12.8,0.14,1.0,14.79,,0.0,0
2026-09-27 16:47:58,BAL,in,0.174,Q1 4:32,-10.0,3198,Derrick Henry,RB,19.9,1.6,16.64,18.24,17.64,18.03,0.048,1.0,18.24,,0.0,0
2026-09-27 16:47:58,LV,in,0.204,Q1 2:45,3.0,11604,Brock Bowers,TE,13.9,6.7,11.02,17.72,18.53,17.76,0.125,1.0,17.72,,0.0,0
2026-09-27 16:47:58,DAL,in,0.174,Q1 4:32,10.0,8137,George Pickens,WR,14.4,2.3,10.01,12.31,14.14,14.19,0.123,1.0,12.31,,0.0,0
2026-09-27 16:47:58,NO,in,0.204,Q1 2:45,-3.0,8144,Chris Olave,WR,17.5,0.0,13.99,13.99,13.22,13.93,0.204,1.0,13.99,,0.0,0
2026-09-27 16:47:58,NO,in,0.204,Q1 2:45,-3.0,7543,Travis Etienne,RB,12.0,1.5,9.33,10.83,10.86,11.05,0.019,1.0,10.83,,0.0,0
2026-09-27 16:47:58,TB,in,0.25,Q1 0:00,-3.0,11584,Bucky Irving,RB,13.1,2.0,9.56,11.56,11.59,11.82,0.019,1.0,11.56,,0.0,0
2026-09-27 16:47:58,TB,in,0.25,Q1 0:00,-3.0,12514,Emeka Egbuka,WR,13.7,1.4,10.48,11.88,11.3,11.67,0.034,1.0,11.88,,0.0,0
2026-09-27 16:47:58,DAL,in,0.174,Q1 4:32,10.0,7588,Javonte Williams,RB,16.5,12.1,15.03,27.13,27.62,25.72,0.0,1.0,27.13,,0.0,0
2026-09-27 16:47:58,BAL,in,0.174,Q1 4:32,-10.0,9997,Zay Flowers,WR,11.5,0.0,10.5,10.5,9.08,9.49,0.174,1.0,10.5,,0.0,0
2026-09-27 16:47:58,BAL,in,0.174,Q1 4:32,-10.0,4881,Lamar Jackson,QB,22.7,0.36,21.87,22.23,18.36,19.1,0.028,1.0,22.23,,0.0,0
2026-09-27 16:47:58,SF,in,0.251,Q2 14:55,14.0,2216,Mike Evans,WR,9.6,10.7,6.79,17.49,19.44,17.89,0.001,1.0,17.49,,0.0,0
2026-09-27 16:47:58,ARI,in,0.251,Q2 14:55,-14.0,11628,Marvin Harrison Jr.,WR,8.2,0.0,7.09,7.09,5.75,6.14,0.14,1.0,7.09,,0.0,0
2026-09-27 16:47:58,ARI,in,0.251,Q2 14:55,-14.0,10232,Michael Wilson,WR,10.8,1.5,9.51,11.01,9.36,9.59,0.14,1.0,11.01,,0.0,0
2026-09-27 16:47:58,DAL,in,0.174,Q1 4:32,10.0,3294,Dak Prescott,QB,19.2,1.36,13.08,14.44,16.8,17.21,0.009,1.0,14.44,,0.0,0
2026-09-27 16:47:58,ARI,in,0.251,Q2 14:55,-14.0,8132,Tyler Allgeier,RB,7.4,3.0,6.27,9.27,8.75,8.54,0.14,1.0,9.27,,0.0,0
2026-09-27 16:47:58,MIN,in,0.25,Q1 0:00,3.0,9756,Jordan Addison,WR,8.7,1.4,6.17,7.57,7.78,7.92,0.0,1.0,7.57,,0.0,0
2026-09-27 16:47:58,SF,in,0.251,Q2 14:55,14.0,8183,Brock Purdy,QB,20.2,10.28,13.27,23.55,26.38,25.4,0.001,1.0,23.55,,0.0,0
2026-09-27 16:47:58,TB,in,0.25,Q1 0:00,-3.0,4037,Chris Godwin,WR,9.3,0.0,7.0,7.0,6.54,6.98,0.121,1.0,7.0,,0.0,0
2026-09-27 16:47:58,MIN,in,0.25,Q1 0:00,3.0,5849,Kyler Murray,QB,16.2,3.34,11.91,15.25,15.36,15.49,0.0,1.0,15.25,,0.0,0
2026-09-27 16:47:58,TB,in,0.25,Q1 0:00,-3.0,4892,Baker Mayfield,QB,16.6,6.32,14.33,20.65,19.18,18.77,0.034,1.0,20.65,,0.0,0
2026-09-27 16:47:58,TB,in,0.25,Q1 0:00,-3.0,7567,Kenneth Gainwell,RB,7.5,0.0,5.17,5.17,5.27,5.62,0.121,1.0,5.17,,0.0,0
2026-09-27 16:47:58,NO,in,0.204,Q1 2:45,-3.0,12545,Tyler Shough,QB,19.8,4.28,17.26,21.54,20.08,20.04,0.03,1.0,21.54,,0.0,0
2026-09-27 16:47:58,SF,in,0.251,Q2 14:55,14.0,4217,George Kittle,TE,12.4,2.2,7.4,9.6,11.31,11.48,0.001,1.0,9.6,,0.0,0
2026-09-27 16:47:58,DAL,in,0.174,Q1 4:32,10.0,8110,Jake Ferguson,TE,9.2,0.0,6.19,6.19,7.26,7.6,0.174,1.0,6.19,,0.0,0
2026-09-27 16:47:58,MIN,in,0.25,Q1 0:00,3.0,7049,Jauan Jennings,WR,5.0,0.0,3.45,3.45,3.52,3.75,0.121,1.0,3.45,,0.0,0
2026-09-27 16:47:58,LV,in,0.204,Q1 2:45,3.0,13305,Mike Washington Jr.,RB,3.4,0.3,2.5,2.8,2.93,3.01,0.125,1.0,2.8,,0.0,0
2026-09-27 16:47:58,TB,in,0.25,Q1 0:00,-3.0,11618,Jalen McMillan,WR,5.6,0.0,4.22,4.22,3.94,4.2,0.121,1.0,4.22,,0.0,0
2026-09-27 16:47:58,MIN,in,0.25,Q1 0:00,3.0,4199,Aaron Jones,RB,13.0,1.9,9.09,10.99,11.4,11.65,0.019,1.0,10.99,,0.0,0
2026-09-27 16:47:58,BAL,in,0.174,Q1 4:32,-10.0,5012,Mark Andrews,TE,13.2,1.9,12.31,14.21,12.71,12.8,0.028,1.0,14.21,,0.0,0
2026-09-27 16:47:58,SF,in,0.251,Q2 14:55,14.0,5872,Deebo Samuel,WR,11.8,14.3,8.48,22.78,25.25,23.13,0.063,1.0,22.78,,0.0,0
2026-09-27 16:47:58,NO,in,0.204,Q1 2:45,-3.0,7002,Juwan Johnson,TE,9.6,1.6,7.88,9.48,9.17,9.24,0.063,1.0,9.48,,0.0,0
2026-09-27 16:47:58,ARI,in,0.251,Q2 14:55,-14.0,3257,Jacoby Brissett,QB,14.6,1.06,13.68,14.74,11.5,11.99,0.092,1.0,14.74,,0.0,0
2026-09-27 16:47:58,MIN,in,0.25,Q1 0:00,3.0,5844,T.J. Hockenson,TE,9.1,1.5,6.46,7.96,8.18,8.32,0.04,1.0,7.96,,0.0,0
2026-09-27 16:47:58,LV,in,0.204,Q1 2:45,3.0,8180,Jalen Nailor,WR,7.2,2.6,5.6,8.2,8.55,8.33,0.159,1.0,8.2,,0.0,0
2026-09-27 16:47:58,TB,in,0.25,Q1 0:00,-3.0,9506,Sean Tucker,RB,1.8,0.0,1.24,1.24,1.27,1.35,0.121,1.0,1.24,,0.0,0
2026-09-27 16:47:58,NO,in,0.204,Q1 2:45,-3.0,4035,Alvin Kamara,RB,8.6,0.0,6.39,6.39,6.49,6.84,0.204,1.0,6.39,,0.0,0
2026-09-27 16:47:58,LV,in,0.204,Q1 2:45,3.0,10213,Tre Tucker,WR,10.5,0.0,7.67,7.67,7.93,8.36,0.204,1.0,7.67,,0.0,0
2026-09-27 16:47:58,TB,in,0.25,Q1 0:00,-3.0,8111,Cade Otton,TE,7.7,2.4,6.08,8.48,8.26,8.18,0.121,1.0,8.48,,0.0,0
2026-09-27 16:47:58,BAL,in,0.174,Q1 4:32,-10.0,13268,Elijah Sarratt,WR,1.4,0.0,1.28,1.28,1.11,1.16,0.174,1.0,1.28,,0.0,0
2026-09-27 16:47:58,DAL,in,0.174,Q1 4:32,10.0,11783,Ryan Flournoy,WR,7.7,0.0,5.18,5.18,6.08,6.36,0.174,1.0,5.18,,0.0,0
2026-09-27 16:47:58,NO,in,0.204,Q1 2:45,-3.0,11834,Devaughn Vele,WR,11.8,2.1,9.7,11.8,11.43,11.49,0.03,1.0,11.8,,0.0,0
2026-09-27 16:47:58,MIN,in,0.25,Q1 0:00,3.0,13347,Demond Claiborne,RB,1.2,0.2,0.85,1.05,1.08,1.1,0.056,1.0,1.05,,0.0,0
2026-09-27 16:47:58,TB,in,0.25,Q1 0:00,-3.0,12485,Tez Johnson,WR,2.1,0.0,1.58,1.58,1.48,1.58,0.121,1.0,1.58,,0.0,0
2026-09-27 16:47:58,BAL,in,0.174,Q1 4:32,-10.0,5995,Justice Hill,RB,7.5,0.0,6.1,6.1,5.92,6.19,0.174,1.0,6.1,,0.0,0
2026-09-27 16:47:58,BAL,in,0.174,Q1 4:32,-10.0,7571,Rashod Bateman,WR,11.5,0.0,10.5,10.5,9.08,9.49,0.174,1.0,10.5,,0.0,0
2026-09-27 16:47:58,DAL,in,0.174,Q1 4:32,10.0,11199,Emari Demercado,RB,2.1,0.0,1.49,1.49,1.66,1.73,0.174,1.0,1.49,,0.0,0
2026-09-27 16:47:58,TB,in,0.25,Q1 0:00,-3.0,13317,Ted Hurst,WR,6.1,11.0,5.89,16.89,17.35,15.57,0.112,1.0,16.89,,0.0,0
2026-09-27 16:47:58,SF,in,0.251,Q2 14:55,14.0,12467,Jordan James,RB,1.9,0.0,1.15,1.15,1.33,1.42,0.14,1.0,1.15,,0.0,0
2026-09-27 16:47:58,MIN,in,0.25,Q1 0:00,3.0,11565,J.J. McCarthy,QB,0.5,0.0,0.34,0.34,0.35,0.38,0.121,0.3,0.1,,0.0,0
2026-09-27 16:47:58,LV,in,0.204,Q1 2:45,3.0,1166,Kirk Cousins,QB,14.4,2.28,11.14,13.42,13.61,13.74,0.081,1.0,13.42,,0.0,0
2026-09-27 16:47:58,SF,in,0.251,Q2 14:55,14.0,7527,Mac Jones,QB,0.5,0.0,0.26,0.26,0.35,0.37,0.14,0.3,0.08,,0.0,0
2026-09-27 16:47:58,LV,in,0.204,Q1 2:45,3.0,12483,Jack Bech,WR,4.5,0.0,3.29,3.29,3.4,3.58,0.204,1.0,3.29,,0.0,0
2026-09-27 16:47:58,NO,in,0.204,Q1 2:45,-3.0,13420,Bryce Lance,WR,3.9,0.0,3.12,3.12,2.95,3.1,0.204,1.0,3.12,,0.0,0
2026-09-27 16:47:58,ARI,in,0.251,Q2 14:55,-14.0,4454,Kendrick Bourne,WR,6.0,0.0,5.19,5.19,4.21,4.49,0.14,1.0,5.19,,0.0,0
2026-09-27 16:47:58,LV,in,0.204,Q1 2:45,3.0,9482,Michael Mayer,TE,6.7,0.0,4.9,4.9,5.06,5.33,0.204,1.0,4.9,,0.0,0
2026-09-27 16:47:58,MIN,in,0.25,Q1 0:00,3.0,5973,Josh Oliver,TE,3.5,0.0,2.42,2.42,2.46,2.62,0.121,1.0,2.42,,0.0,0
2026-09-27 16:47:58,BAL,in,0.174,Q1 4:32,-10.0,11629,Devontez Walker,WR,4.4,0.0,4.02,4.02,3.47,3.63,0.174,1.0,4.02,,0.0,0
2026-09-27 16:47:58,DAL,in,0.174,Q1 4:32,10.0,8917,KaVontae Turpin,WR,3.5,1.9,2.61,4.51,5.06,4.79,0.009,1.0,4.51,,0.0,0
2026-09-27 16:47:58,NO,in,0.204,Q1 2:45,-3.0,13319,Oscar Delp,TE,1.0,0.0,0.8,0.8,0.76,0.8,0.204,1.0,0.8,,0.0,0
2026-09-27 16:47:58,NO,in,0.204,Q1 2:45,-3.0,5857,Noah Fant,TE,3.5,0.0,2.8,2.8,2.64,2.79,0.204,1.0,2.8,,0.0,0
2026-09-27 16:47:58,ARI,in,0.251,Q2 14:55,-14.0,6011,Gardner Minshew,QB,0.5,0.0,0.46,0.46,0.35,0.37,0.14,1.0,0.46,,0.0,0
2026-09-27 16:47:58,BAL,in,0.174,Q1 4:32,-10.0,11570,Rasheen Ali,RB,0.8,0.0,0.65,0.65,0.63,0.66,0.174,1.0,0.65,,0.0,0
2026-09-27 16:47:58,SF,in,0.251,Q2 14:55,14.0,13414,Kaelon Black,RB,5.2,-0.1,3.13,3.03,3.53,3.79,0.036,1.0,3.03,,0.0,0
2026-09-27 16:47:58,ARI,in,0.251,Q2 14:55,-14.0,10231,Elijah Higgins,TE,2.4,1.4,2.24,3.64,3.35,3.2,0.14,1.0,3.64,,0.0,0
2026-09-27 16:47:58,DAL,in,0.174,Q1 4:32,10.0,10871,Luke Schoonmaker,TE,1.6,1.9,1.33,3.23,3.56,3.22,0.149,1.0,3.23,,0.0,0
2026-09-27 16:47:58,NO,in,0.204,Q1 2:45,-3.0,9757,Kendre Miller,RB,1.8,0.0,1.34,1.34,1.36,1.43,0.204,1.0,1.34,,0.0,0
2026-09-27 16:47:58,DAL,in,0.174,Q1 4:32,10.0,11533,Brandon Aubrey,K,8.9,4.0,7.85,11.85,11.85,11.35,0.0,1.0,11.85,,0.0,0
2026-09-27 16:47:58,MIN,in,0.25,Q1 0:00,3.0,11792,Will Reichard,K,8.2,6.0,6.89,12.89,12.89,12.15,0.121,1.0,12.89,,0.0,0
2026-09-27 16:47:58,TB,in,0.25,Q1 0:00,-3.0,6650,Chase McLaughlin,K,7.4,1.0,5.39,6.39,6.39,6.55,0.112,1.0,6.39,,0.0,0
2026-09-27 16:47:58,BAL,in,0.174,Q1 4:32,-10.0,12711,Tyler Loop,K,9.4,0.0,7.42,7.42,7.42,7.76,0.174,1.0,7.42,,0.0,0
2026-09-27 16:47:58,SF,in,0.251,Q2 14:55,14.0,5189,Eddy Pineiro,K,9.6,2.0,7.11,9.11,9.11,9.19,0.0,1.0,9.11,,0.0,0
2026-09-27 16:47:58,ARI,in,0.251,Q2 14:55,-14.0,10955,Chad Ryland,K,6.3,0.0,4.42,4.42,4.42,4.72,0.14,1.0,4.42,,0.0,0
2026-09-27 16:47:58,NO,in,0.204,Q1 2:45,-3.0,5095,Daniel Carlson,K,7.5,0.0,5.66,5.66,5.66,5.97,0.204,1.0,5.66,,0.0,0
2026-09-27 16:47:58,LV,in,0.204,Q1 2:45,3.0,6083,Matt Gay,K,7.1,4.0,6.16,10.16,10.16,9.65,0.081,1.0,10.16,,0.0,0
2026-09-27 16:47:58,MIN,in,0.25,Q1 0:00,3.0,MIN,Minnesota Vikings D/ST,DST,7.1,10.0,-1.49,8.51,16.87,15.32,0.112,1.0,8.51,,0.0,0
2026-09-27 16:47:58,BAL,in,0.174,Q1 4:32,-10.0,BAL,Baltimore Ravens D/ST,DST,5.0,5.0,-0.57,4.43,9.98,9.13,0.0,1.0,4.43,,0.0,0
2026-09-27 16:47:58,SF,in,0.251,Q2 14:55,14.0,SF,San Francisco 49ers D/ST,DST,7.1,10.0,-1.24,8.76,16.85,15.32,0.14,1.0,8.76,,0.0,0
2026-09-27 16:47:58,NO,in,0.204,Q1 2:45,-3.0,NO,New Orleans Saints D/ST,DST,7.3,8.0,-1.67,6.33,15.1,13.81,0.081,1.0,6.33,,0.0,0
2026-09-27 16:47:58,TB,in,0.25,Q1 0:00,-3.0,TB,Tampa Bay Buccaneers D/ST,DST,6.4,4.0,0.46,4.46,9.25,8.8,0.121,1.0,4.46,,0.0,0
2026-09-27 16:47:58,DAL,in,0.174,Q1 4:32,10.0,DAL,Dallas Cowboys D/ST,DST,3.7,10.0,-3.06,6.94,14.99,13.05,0.174,1.0,6.94,,0.0,0
2026-09-27 16:47:58,LV,in,0.204,Q1 2:45,3.0,LV,Las Vegas Raiders D/ST,DST,5.8,10.0,-2.67,7.33,16.37,14.62,0.204,1.0,7.33,,0.0,0
2026-09-27 16:47:58,ARI,in,0.251,Q2 14:55,-14.0,ARI,Arizona Cardinals D/ST,DST,3.8,1.0,0.98,1.98,3.85,3.84,0.0,1.0,1.98,,0.0,0
2026-09-27 16:47:58,ARI,in,0.251,Q2 14:55,-14.0,13272,Carson Beck,QB,1.7,0.0,1.56,1.56,1.19,1.27,0.14,1.0,1.56,,0.0,0
2026-09-27 16:47:58,LV,in,0.204,Q1 2:45,3.0,13329,Malik Benson,WR,2.1,0.0,1.53,1.53,1.59,1.67,0.204,1.0,1.53,,0.0,0
2026-09-27 16:47:58,TB,in,0.25,Q1 0:00,-3.0,13425,Jalon Daniels,QB,0.4,0.0,0.31,0.31,0.28,0.3,0.121,0.3,0.09,,0.0,0
2026-09-27 16:47:58,BAL,in,0.174,Q1 4:32,-10.0,5008,Durham Smythe,TE,2.2,0.0,2.01,2.01,1.74,1.82,0.174,1.0,2.01,,0.0,0
2026-09-27 16:48:59,SF,in,0.254,Q2 14:47,14.0,4034,Christian McCaffrey,RB,21.8,3.9,14.19,18.09,19.87,20.17,0.053,1.0,18.09,,0.0,0
2026-09-27 16:48:59,DAL,in,0.174,Q1 4:32,10.0,6786,CeeDee Lamb,WR,19.1,0.0,12.86,12.86,15.08,15.77,0.174,1.0,12.86,,0.0,0
2026-09-27 16:48:59,MIN,in,0.25,Q2 15:00,3.0,6794,Justin Jefferson,WR,17.2,5.2,12.49,17.69,18.27,18.1,0.121,1.0,17.69,,0.0,0
2026-09-27 16:48:59,LV,in,0.224,Q1 1:34,3.0,12527,Ashton Jeanty,RB,18.5,2.0,13.29,15.29,15.94,16.36,0.101,1.0,15.29,,0.0,0
2026-09-27 16:48:59,ARI,in,0.254,Q2 14:47,-14.0,13287,Jeremiyah Love,RB,13.5,5.3,11.35,16.65,15.73,15.38,0.0,1.0,16.65,,0.0,0
2026-09-27 16:48:59,ARI,in,0.254,Q2 14:47,-14.0,8130,Trey McBride,TE,17.1,0.0,14.74,14.74,11.95,12.76,0.143,1.0,14.74,,0.0,0
2026-09-27 16:48:59,BAL,in,0.174,Q1 4:32,-10.0,3198,Derrick Henry,RB,19.9,1.6,16.64,18.24,17.64,18.03,0.048,1.0,18.24,,0.0,0
2026-09-27 16:48:59,LV,in,0.224,Q1 1:34,3.0,11604,Brock Bowers,TE,13.9,6.7,10.75,17.45,18.18,17.49,0.144,1.0,17.45,,0.0,0
2026-09-27 16:48:59,DAL,in,0.174,Q1 4:32,10.0,8137,George Pickens,WR,14.4,2.3,10.01,12.31,14.14,14.19,0.123,1.0,12.31,,0.0,0
2026-09-27 16:48:59,NO,in,0.224,Q1 1:34,-3.0,8144,Chris Olave,WR,17.5,2.2,13.91,16.11,15.45,15.78,0.0,1.0,16.11,,0.0,0
2026-09-27 16:48:59,NO,in,0.224,Q1 1:34,-3.0,7543,Travis Etienne,RB,12.0,1.5,9.04,10.54,10.58,10.81,0.039,1.0,10.54,,0.0,0
2026-09-27 16:48:59,TB,in,0.25,Q2 15:00,-3.0,11584,Bucky Irving,RB,13.1,2.0,9.56,11.56,11.59,11.82,0.019,1.0,11.56,,0.0,0
2026-09-27 16:48:59,TB,in,0.25,Q2 15:00,-3.0,12514,Emeka Egbuka,WR,13.7,1.4,10.48,11.88,11.3,11.67,0.034,1.0,11.88,,0.0,0
2026-09-27 16:48:59,DAL,in,0.174,Q1 4:32,10.0,7588,Javonte Williams,RB,16.5,12.1,15.03,27.13,27.62,25.72,0.0,1.0,27.13,,0.0,0
2026-09-27 16:48:59,BAL,in,0.174,Q1 4:32,-10.0,9997,Zay Flowers,WR,11.5,0.0,10.5,10.5,9.08,9.49,0.174,1.0,10.5,,0.0,0
2026-09-27 16:48:59,BAL,in,0.174,Q1 4:32,-10.0,4881,Lamar Jackson,QB,22.7,0.36,21.87,22.23,18.36,19.1,0.028,1.0,22.23,,0.0,0
2026-09-27 16:48:59,SF,in,0.254,Q2 14:47,14.0,2216,Mike Evans,WR,9.6,10.7,6.77,17.47,19.41,17.87,0.004,1.0,17.47,,0.0,0
2026-09-27 16:48:59,ARI,in,0.254,Q2 14:47,-14.0,11628,Marvin Harrison Jr.,WR,8.2,0.0,7.07,7.07,5.73,6.12,0.143,1.0,7.07,,0.0,0
2026-09-27 16:48:59,ARI,in,0.254,Q2 14:47,-14.0,10232,Michael Wilson,WR,10.8,1.5,9.48,10.98,9.33,9.56,0.143,1.0,10.98,,0.0,0
2026-09-27 16:48:59,DAL,in,0.174,Q1 4:32,10.0,3294,Dak Prescott,QB,19.2,1.36,13.08,14.44,16.8,17.21,0.009,1.0,14.44,,0.0,0
2026-09-27 16:48:59,ARI,in,0.254,Q2 14:47,-14.0,8132,Tyler Allgeier,RB,7.4,3.0,6.25,9.25,8.73,8.52,0.143,1.0,9.25,,0.0,0
2026-09-27 16:48:59,MIN,in,0.25,Q2 15:00,3.0,9756,Jordan Addison,WR,8.7,1.4,6.17,7.57,7.78,7.92,0.0,1.0,7.57,,0.0,0
2026-09-27 16:48:59,SF,in,0.254,Q2 14:47,14.0,8183,Brock Purdy,QB,20.2,10.28,13.23,23.51,26.32,25.36,0.004,1.0,23.51,,0.0,0
2026-09-27 16:48:59,TB,in,0.25,Q2 15:00,-3.0,4037,Chris Godwin,WR,9.3,0.0,7.0,7.0,6.54,6.98,0.121,1.0,7.0,,0.0,0
2026-09-27 16:48:59,MIN,in,0.25,Q2 15:00,3.0,5849,Kyler Murray,QB,16.2,3.34,11.91,15.25,15.36,15.49,0.0,1.0,15.25,,0.0,0
2026-09-27 16:48:59,TB,in,0.25,Q2 15:00,-3.0,4892,Baker Mayfield,QB,16.6,6.32,14.33,20.65,19.18,18.77,0.034,1.0,20.65,,0.0,0
2026-09-27 16:48:59,TB,in,0.25,Q2 15:00,-3.0,7567,Kenneth Gainwell,RB,7.5,0.0,5.17,5.17,5.27,5.62,0.121,1.0,5.17,,0.0,0
2026-09-27 16:48:59,NO,in,0.224,Q1 1:34,-3.0,12545,Tyler Shough,QB,19.8,4.76,16.96,21.72,20.19,20.13,0.0,1.0,21.72,,0.0,0
2026-09-27 16:48:59,SF,in,0.254,Q2 14:47,14.0,4217,George Kittle,TE,12.4,2.2,7.38,9.58,11.28,11.46,0.004,1.0,9.58,,0.0,0
2026-09-27 16:48:59,DAL,in,0.174,Q1 4:32,10.0,8110,Jake Ferguson,TE,9.2,0.0,6.19,6.19,7.26,7.6,0.174,1.0,6.19,,0.0,0
2026-09-27 16:48:59,MIN,in,0.25,Q2 15:00,3.0,7049,Jauan Jennings,WR,5.0,0.0,3.45,3.45,3.52,3.75,0.121,1.0,3.45,,0.0,0
2026-09-27 16:48:59,LV,in,0.224,Q1 1:34,3.0,13305,Mike Washington Jr.,RB,3.4,0.3,2.42,2.72,2.85,2.94,0.144,1.0,2.72,,0.0,0
2026-09-27 16:48:59,TB,in,0.25,Q2 15:00,-3.0,11618,Jalen McMillan,WR,5.6,0.0,4.22,4.22,3.94,4.2,0.121,1.0,4.22,,0.0,0
2026-09-27 16:48:59,MIN,in,0.25,Q2 15:00,3.0,4199,Aaron Jones,RB,13.0,1.9,9.09,10.99,11.4,11.65,0.019,1.0,10.99,,0.0,0
2026-09-27 16:48:59,BAL,in,0.174,Q1 4:32,-10.0,5012,Mark Andrews,TE,13.2,1.9,12.31,14.21,12.71,12.8,0.028,1.0,14.21,,0.0,0
2026-09-27 16:48:59,SF,in,0.254,Q2 14:47,14.0,5872,Deebo Samuel,WR,11.8,14.3,8.45,22.75,25.22,23.11,0.066,1.0,22.75,,0.0,0
2026-09-27 16:48:59,NO,in,0.224,Q1 1:34,-3.0,7002,Juwan Johnson,TE,9.6,1.6,7.68,9.28,8.94,9.05,0.083,1.0,9.28,,0.0,0
2026-09-27 16:48:59,ARI,in,0.254,Q2 14:47,-14.0,3257,Jacoby Brissett,QB,14.6,1.18,13.67,14.85,11.61,12.08,0.0,1.0,14.85,,0.0,0
2026-09-27 16:48:59,MIN,in,0.25,Q2 15:00,3.0,5844,T.J. Hockenson,TE,9.1,1.5,6.46,7.96,8.18,8.32,0.04,1.0,7.96,,0.0,0
2026-09-27 16:48:59,LV,in,0.224,Q1 1:34,3.0,8180,Jalen Nailor,WR,7.2,2.6,5.46,8.06,8.38,8.19,0.179,1.0,8.06,,0.0,0
2026-09-27 16:48:59,TB,in,0.25,Q2 15:00,-3.0,9506,Sean Tucker,RB,1.8,0.0,1.24,1.24,1.27,1.35,0.121,1.0,1.24,,0.0,0
2026-09-27 16:48:59,NO,in,0.224,Q1 1:34,-3.0,4035,Alvin Kamara,RB,8.6,0.0,6.19,6.19,6.3,6.67,0.224,1.0,6.19,,0.0,0
2026-09-27 16:48:59,LV,in,0.224,Q1 1:34,3.0,10213,Tre Tucker,WR,10.5,0.0,7.49,7.49,7.69,8.15,0.224,1.0,7.49,,0.0,0
2026-09-27 16:48:59,TB,in,0.25,Q2 15:00,-3.0,8111,Cade Otton,TE,7.7,2.4,6.08,8.48,8.26,8.18,0.121,1.0,8.48,,0.0,0
2026-09-27 16:48:59,BAL,in,0.174,Q1 4:32,-10.0,13268,Elijah Sarratt,WR,1.4,0.0,1.28,1.28,1.11,1.16,0.174,1.0,1.28,,0.0,0
2026-09-27 16:48:59,DAL,in,0.174,Q1 4:32,10.0,11783,Ryan Flournoy,WR,7.7,0.0,5.18,5.18,6.08,6.36,0.174,1.0,5.18,,0.0,0
2026-09-27 16:48:59,NO,in,0.224,Q1 1:34,-3.0,11834,Devaughn Vele,WR,11.8,2.1,9.46,11.56,11.15,11.26,0.05,1.0,11.56,,0.0,0
2026-09-27 16:48:59,MIN,in,0.25,Q2 15:00,3.0,13347,Demond Claiborne,RB,1.2,0.2,0.85,1.05,1.08,1.1,0.056,1.0,1.05,,0.0,0
2026-09-27 16:48:59,TB,in,0.25,Q2 15:00,-3.0,12485,Tez Johnson,WR,2.1,0.0,1.58,1.58,1.48,1.58,0.121,1.0,1.58,,0.0,0
2026-09-27 16:48:59,BAL,in,0.174,Q1 4:32,-10.0,5995,Justice Hill,RB,7.5,0.0,6.1,6.1,5.92,6.19,0.174,1.0,6.1,,0.0,0
2026-09-27 16:48:59,BAL,in,0.174,Q1 4:32,-10.0,7571,Rashod Bateman,WR,11.5,0.0,10.5,10.5,9.08,9.49,0.174,1.0,10.5,,0.0,0
2026-09-27 16:48:59,DAL,in,0.174,Q1 4:32,10.0,11199,Emari Demercado,RB,2.1,0.0,1.49,1.49,1.66,1.73,0.174,1.0,1.49,,0.0,0
2026-09-27 16:48:59,TB,in,0.25,Q2 15:00,-3.0,13317,Ted Hurst,WR,6.1,11.0,5.89,16.89,17.35,15.57,0.112,1.0,16.89,,0.0,0
2026-09-27 16:48:59,SF,in,0.254,Q2 14:47,14.0,12467,Jordan James,RB,1.9,0.0,1.15,1.15,1.33,1.42,0.143,1.0,1.15,,0.0,0
2026-09-27 16:48:59,MIN,in,0.25,Q2 15:00,3.0,11565,J.J. McCarthy,QB,0.5,0.0,0.34,0.34,0.35,0.38,0.121,0.3,0.1,,0.0,0
2026-09-27 16:48:59,LV,in,0.224,Q1 1:34,3.0,1166,Kirk Cousins,QB,14.4,2.28,10.83,13.11,13.27,13.46,0.101,1.0,13.11,,0.0,0
2026-09-27 16:48:59,SF,in,0.254,Q2 14:47,14.0,7527,Mac Jones,QB,0.5,0.0,0.26,0.26,0.35,0.37,0.143,0.3,0.08,,0.0,0
2026-09-27 16:48:59,LV,in,0.224,Q1 1:34,3.0,12483,Jack Bech,WR,4.5,0.0,3.21,3.21,3.3,3.49,0.224,1.0,3.21,,0.0,0
2026-09-27 16:48:59,NO,in,0.224,Q1 1:34,-3.0,13420,Bryce Lance,WR,3.9,0.0,3.04,3.04,2.86,3.03,0.224,1.0,3.04,,0.0,0
2026-09-27 16:48:59,ARI,in,0.254,Q2 14:47,-14.0,4454,Kendrick Bourne,WR,6.0,0.0,5.17,5.17,4.19,4.48,0.143,1.0,5.17,,0.0,0
2026-09-27 16:48:59,LV,in,0.224,Q1 1:34,3.0,9482,Michael Mayer,TE,6.7,0.0,4.78,4.78,4.91,5.2,0.224,1.0,4.78,,0.0,0
2026-09-27 16:48:59,MIN,in,0.25,Q2 15:00,3.0,5973,Josh Oliver,TE,3.5,0.0,2.42,2.42,2.46,2.62,0.121,1.0,2.42,,0.0,0
2026-09-27 16:48:59,BAL,in,0.174,Q1 4:32,-10.0,11629,Devontez Walker,WR,4.4,0.0,4.02,4.02,3.47,3.63,0.174,1.0,4.02,,0.0,0
2026-09-27 16:48:59,DAL,in,0.174,Q1 4:32,10.0,8917,KaVontae Turpin,WR,3.5,1.9,2.61,4.51,5.06,4.79,0.009,1.0,4.51,,0.0,0
2026-09-27 16:48:59,NO,in,0.224,Q1 1:34,-3.0,13319,Oscar Delp,TE,1.0,0.0,0.78,0.78,0.73,0.78,0.224,1.0,0.78,,0.0,0
2026-09-27 16:48:59,NO,in,0.224,Q1 1:34,-3.0,5857,Noah Fant,TE,3.5,0.0,2.73,2.73,2.56,2.72,0.224,1.0,2.73,,0.0,0
2026-09-27 16:48:59,ARI,in,0.254,Q2 14:47,-14.0,6011,Gardner Minshew,QB,0.5,0.0,0.46,0.46,0.35,0.37,0.143,1.0,0.46,,0.0,0
2026-09-27 16:48:59,BAL,in,0.174,Q1 4:32,-10.0,11570,Rasheen Ali,RB,0.8,0.0,0.65,0.65,0.63,0.66,0.174,1.0,0.65,,0.0,0
2026-09-27 16:48:59,SF,in,0.254,Q2 14:47,14.0,13414,Kaelon Black,RB,5.2,-0.1,3.12,3.02,3.52,3.78,0.039,1.0,3.02,,0.0,0
2026-09-27 16:48:59,ARI,in,0.254,Q2 14:47,-14.0,10231,Elijah Higgins,TE,2.4,1.4,2.23,3.63,3.34,3.19,0.143,1.0,3.63,,0.0,0
2026-09-27 16:48:59,DAL,in,0.174,Q1 4:32,10.0,10871,Luke Schoonmaker,TE,1.6,1.9,1.33,3.23,3.56,3.22,0.149,1.0,3.23,,0.0,0
2026-09-27 16:48:59,NO,in,0.224,Q1 1:34,-3.0,9757,Kendre Miller,RB,1.8,0.0,1.3,1.3,1.32,1.4,0.224,1.0,1.3,,0.0,0
2026-09-27 16:48:59,DAL,in,0.174,Q1 4:32,10.0,11533,Brandon Aubrey,K,8.9,4.0,7.85,11.85,11.85,11.35,0.0,1.0,11.85,,0.0,0
2026-09-27 16:48:59,MIN,in,0.25,Q2 15:00,3.0,11792,Will Reichard,K,8.2,6.0,6.89,12.89,12.89,12.15,0.121,1.0,12.89,,0.0,0
2026-09-27 16:48:59,TB,in,0.25,Q2 15:00,-3.0,6650,Chase McLaughlin,K,7.4,1.0,5.39,6.39,6.39,6.55,0.112,1.0,6.39,,0.0,0
2026-09-27 16:48:59,BAL,in,0.174,Q1 4:32,-10.0,12711,Tyler Loop,K,9.4,0.0,7.42,7.42,7.42,7.76,0.174,1.0,7.42,,0.0,0
2026-09-27 16:48:59,SF,in,0.254,Q2 14:47,14.0,5189,Eddy Pineiro,K,9.6,2.0,7.08,9.08,9.08,9.17,0.002,1.0,9.08,,0.0,0
2026-09-27 16:48:59,ARI,in,0.254,Q2 14:47,-14.0,10955,Chad Ryland,K,6.3,0.0,4.4,4.4,4.4,4.7,0.143,1.0,4.4,,0.0,0
2026-09-27 16:48:59,NO,in,0.224,Q1 1:34,-3.0,5095,Daniel Carlson,K,7.5,0.0,5.5,5.5,5.5,5.82,0.224,1.0,5.5,,0.0,0
2026-09-27 16:48:59,LV,in,0.224,Q1 1:34,3.0,6083,Matt Gay,K,7.1,4.0,5.98,9.98,9.98,9.51,0.1,1.0,9.98,,0.0,0
2026-09-27 16:48:59,MIN,in,0.25,Q2 15:00,3.0,MIN,Minnesota Vikings D/ST,DST,7.1,10.0,-1.49,8.51,16.87,15.32,0.112,1.0,8.51,,0.0,0
2026-09-27 16:48:59,BAL,in,0.174,Q1 4:32,-10.0,BAL,Baltimore Ravens D/ST,DST,5.0,5.0,-0.57,4.43,9.98,9.13,0.0,1.0,4.43,,0.0,0
2026-09-27 16:48:59,SF,in,0.254,Q2 14:47,14.0,SF,San Francisco 49ers D/ST,DST,7.1,10.0,-1.24,8.76,16.83,15.3,0.143,1.0,8.76,,0.0,0
2026-09-27 16:48:59,NO,in,0.224,Q1 1:34,-3.0,NO,New Orleans Saints D/ST,DST,7.3,8.0,-1.55,6.45,14.9,13.67,0.1,1.0,6.45,,0.0,0
2026-09-27 16:48:59,TB,in,0.25,Q2 15:00,-3.0,TB,Tampa Bay Buccaneers D/ST,DST,6.4,4.0,0.46,4.46,9.25,8.8,0.121,1.0,4.46,,0.0,0
2026-09-27 16:48:59,DAL,in,0.174,Q1 4:32,10.0,DAL,Dallas Cowboys D/ST,DST,3.7,10.0,-3.06,6.94,14.99,13.05,0.174,1.0,6.94,,0.0,0
2026-09-27 16:48:59,LV,in,0.224,Q1 1:34,3.0,LV,Las Vegas Raiders D/ST,DST,5.8,10.0,-2.52,7.48,16.19,14.5,0.224,1.0,7.48,,0.0,0
2026-09-27 16:48:59,ARI,in,0.254,Q2 14:47,-14.0,ARI,Arizona Cardinals D/ST,DST,3.8,1.0,0.97,1.97,3.84,3.84,0.002,1.0,1.97,,0.0,0
2026-09-27 16:48:59,ARI,in,0.254,Q2 14:47,-14.0,13272,Carson Beck,QB,1.7,0.0,1.56,1.56,1.19,1.27,0.143,1.0,1.56,,0.0,0
2026-09-27 16:48:59,LV,in,0.224,Q1 1:34,3.0,13329,Malik Benson,WR,2.1,0.0,1.5,1.5,1.54,1.63,0.224,1.0,1.5,,0.0,0
2026-09-27 16:48:59,TB,in,0.25,Q2 15:00,-3.0,13425,Jalon Daniels,QB,0.4,0.0,0.31,0.31,0.28,0.3,0.121,0.3,0.09,,0.0,0
2026-09-27 16:48:59,BAL,in,0.174,Q1 4:32,-10.0,5008,Durham Smythe,TE,2.2,0.0,2.01,2.01,1.74,1.82,0.174,1.0,2.01,,0.0,0
2026-09-27 16:50:00,SF,in,0.276,Q2 13:28,14.0,4034,Christian McCaffrey,RB,21.8,3.9,13.71,17.61,19.31,19.69,0.074,1.0,17.61,,0.0,0
2026-09-27 16:50:00,DAL,in,0.174,Q1 4:32,10.0,6786,CeeDee Lamb,WR,19.1,0.0,12.86,12.86,15.08,15.77,0.174,1.0,12.86,,0.0,0
2026-09-27 16:50:00,MIN,in,0.25,Q2 15:00,3.0,6794,Justin Jefferson,WR,17.2,5.2,12.49,17.69,18.27,18.1,0.121,1.0,17.69,,0.0,0
2026-09-27 16:50:00,LV,in,0.235,Q1 0:53,3.0,12527,Ashton Jeanty,RB,18.5,2.0,13.05,15.05,15.7,16.15,0.113,1.0,15.05,,0.0,0
2026-09-27 16:50:00,ARI,in,0.276,Q2 13:28,-14.0,13287,Jeremiyah Love,RB,13.5,5.7,11.05,16.75,15.84,15.48,0.0,1.0,16.75,,0.0,0
2026-09-27 16:50:00,ARI,in,0.276,Q2 13:28,-14.0,8130,Trey McBride,TE,17.1,0.0,14.26,14.26,11.53,12.39,0.164,1.0,14.26,,0.0,0
2026-09-27 16:50:00,BAL,in,0.174,Q1 4:32,-10.0,3198,Derrick Henry,RB,19.9,1.6,16.64,18.24,17.64,18.03,0.048,1.0,18.24,,0.0,0
2026-09-27 16:50:00,LV,in,0.235,Q1 0:53,3.0,11604,Brock Bowers,TE,13.9,6.7,10.59,17.29,17.99,17.33,0.156,1.0,17.29,,0.0,0
2026-09-27 16:50:00,DAL,in,0.174,Q1 4:32,10.0,8137,George Pickens,WR,14.4,2.3,10.01,12.31,14.14,14.19,0.123,1.0,12.31,,0.0,0
2026-09-27 16:50:00,NO,in,0.235,Q1 0:53,-3.0,8144,Chris Olave,WR,17.5,2.2,13.7,15.9,15.22,15.58,0.011,1.0,15.9,,0.0,0
2026-09-27 16:50:00,NO,in,0.235,Q1 0:53,-3.0,7543,Travis Etienne,RB,12.0,1.4,8.85,10.25,10.3,10.58,0.0,1.0,10.25,,0.0,0
2026-09-27 16:50:00,TB,in,0.25,Q2 15:00,-3.0,11584,Bucky Irving,RB,13.1,2.0,9.56,11.56,11.59,11.82,0.019,1.0,11.56,,0.0,0
2026-09-27 16:50:00,TB,in,0.25,Q2 15:00,-3.0,12514,Emeka Egbuka,WR,13.7,1.4,10.48,11.88,11.3,11.67,0.034,1.0,11.88,,0.0,0
2026-09-27 16:50:00,DAL,in,0.174,Q1 4:32,10.0,7588,Javonte Williams,RB,16.5,12.1,15.03,27.13,27.62,25.72,0.0,1.0,27.13,,0.0,0
2026-09-27 16:50:00,BAL,in,0.174,Q1 4:32,-10.0,9997,Zay Flowers,WR,11.5,0.0,10.5,10.5,9.08,9.49,0.174,1.0,10.5,,0.0,0
2026-09-27 16:50:00,BAL,in,0.174,Q1 4:32,-10.0,4881,Lamar Jackson,QB,22.7,0.36,21.87,22.23,18.36,19.1,0.028,1.0,22.23,,0.0,0
2026-09-27 16:50:00,SF,in,0.276,Q2 13:28,14.0,2216,Mike Evans,WR,9.6,10.5,6.56,17.06,18.88,17.45,0.0,1.0,17.06,,0.0,0
2026-09-27 16:50:00,ARI,in,0.276,Q2 13:28,-14.0,11628,Marvin Harrison Jr.,WR,8.2,0.0,6.84,6.84,5.53,5.94,0.164,1.0,6.84,,0.0,0
2026-09-27 16:50:00,ARI,in,0.276,Q2 13:28,-14.0,10232,Michael Wilson,WR,10.8,1.5,9.18,10.68,9.06,9.32,0.164,1.0,10.68,,0.0,0
2026-09-27 16:50:00,DAL,in,0.174,Q1 4:32,10.0,3294,Dak Prescott,QB,19.2,1.36,13.08,14.44,16.8,17.21,0.009,1.0,14.44,,0.0,0
2026-09-27 16:50:00,ARI,in,0.276,Q2 13:28,-14.0,8132,Tyler Allgeier,RB,7.4,3.0,6.03,9.03,8.53,8.36,0.164,1.0,9.03,,0.0,0
2026-09-27 16:50:00,MIN,in,0.25,Q2 15:00,3.0,9756,Jordan Addison,WR,8.7,1.4,6.17,7.57,7.78,7.92,0.0,1.0,7.57,,0.0,0
2026-09-27 16:50:00,SF,in,0.276,Q2 13:28,14.0,8183,Brock Purdy,QB,20.2,14.28,13.85,28.13,30.49,28.91,0.0,1.0,28.13,,0.0,0
2026-09-27 16:50:00,TB,in,0.25,Q2 15:00,-3.0,4037,Chris Godwin,WR,9.3,0.0,7.0,7.0,6.54,6.98,0.121,1.0,7.0,,0.0,0
2026-09-27 16:50:00,MIN,in,0.25,Q2 15:00,3.0,5849,Kyler Murray,QB,16.2,3.34,11.91,15.25,15.36,15.49,0.0,1.0,15.25,,0.0,0
2026-09-27 16:50:00,TB,in,0.25,Q2 15:00,-3.0,4892,Baker Mayfield,QB,16.6,6.32,14.33,20.65,19.18,18.77,0.034,1.0,20.65,,0.0,0
2026-09-27 16:50:00,TB,in,0.25,Q2 15:00,-3.0,7567,Kenneth Gainwell,RB,7.5,0.0,5.17,5.17,5.27,5.62,0.121,1.0,5.17,,0.0,0
2026-09-27 16:50:00,NO,in,0.235,Q1 0:53,-3.0,12545,Tyler Shough,QB,19.8,4.76,16.71,21.47,19.92,19.9,0.011,1.0,21.47,,0.0,0
2026-09-27 16:50:00,SF,in,0.276,Q2 13:28,14.0,4217,George Kittle,TE,12.4,2.2,7.2,9.4,10.96,11.18,0.026,1.0,9.4,,0.0,0
2026-09-27 16:50:00,DAL,in,0.174,Q1 4:32,10.0,8110,Jake Ferguson,TE,9.2,0.0,6.19,6.19,7.26,7.6,0.174,1.0,6.19,,0.0,0
2026-09-27 16:50:00,MIN,in,0.25,Q2 15:00,3.0,7049,Jauan Jennings,WR,5.0,0.0,3.45,3.45,3.52,3.75,0.121,1.0,3.45,,0.0,0
2026-09-27 16:50:00,LV,in,0.235,Q1 0:53,3.0,13305,Mike Washington Jr.,RB,3.4,0.3,2.38,2.68,2.8,2.9,0.156,1.0,2.68,,0.0,0
2026-09-27 16:50:00,TB,in,0.25,Q2 15:00,-3.0,11618,Jalen McMillan,WR,5.6,0.0,4.22,4.22,3.94,4.2,0.121,1.0,4.22,,0.0,0
2026-09-27 16:50:00,MIN,in,0.25,Q2 15:00,3.0,4199,Aaron Jones,RB,13.0,1.9,9.09,10.99,11.4,11.65,0.019,1.0,10.99,,0.0,0
2026-09-27 16:50:00,BAL,in,0.174,Q1 4:32,-10.0,5012,Mark Andrews,TE,13.2,1.9,12.31,14.21,12.71,12.8,0.028,1.0,14.21,,0.0,0
2026-09-27 16:50:00,SF,in,0.276,Q2 13:28,14.0,5872,Deebo Samuel,WR,11.8,14.3,8.22,22.52,24.85,22.85,0.087,1.0,22.52,,0.0,0
2026-09-27 16:50:00,NO,in,0.235,Q1 0:53,-3.0,7002,Juwan Johnson,TE,9.6,1.6,7.56,9.16,8.82,8.94,0.094,1.0,9.16,,0.0,0
2026-09-27 16:50:00,ARI,in,0.276,Q2 13:28,-14.0,3257,Jacoby Brissett,QB,14.6,1.18,13.27,14.45,11.24,11.76,0.022,1.0,14.45,,0.0,0
2026-09-27 16:50:00,MIN,in,0.25,Q2 15:00,3.0,5844,T.J. Hockenson,TE,9.1,1.5,6.46,7.96,8.18,8.32,0.04,1.0,7.96,,0.0,0
2026-09-27 16:50:00,LV,in,0.235,Q1 0:53,3.0,8180,Jalen Nailor,WR,7.2,2.6,5.38,7.98,8.28,8.11,0.19,1.0,7.98,,0.0,0
2026-09-27 16:50:00,TB,in,0.25,Q2 15:00,-3.0,9506,Sean Tucker,RB,1.8,0.0,1.24,1.24,1.27,1.35,0.121,1.0,1.24,,0.0,0
2026-09-27 16:50:00,NO,in,0.235,Q1 0:53,-3.0,4035,Alvin Kamara,RB,8.6,0.0,6.08,6.08,6.19,6.58,0.235,1.0,6.08,,0.0,0
2026-09-27 16:50:00,LV,in,0.235,Q1 0:53,3.0,10213,Tre Tucker,WR,10.5,0.0,7.39,7.39,7.56,8.03,0.235,1.0,7.39,,0.0,0
2026-09-27 16:50:00,TB,in,0.25,Q2 15:00,-3.0,8111,Cade Otton,TE,7.7,2.4,6.08,8.48,8.26,8.18,0.121,1.0,8.48,,0.0,0
2026-09-27 16:50:00,BAL,in,0.174,Q1 4:32,-10.0,13268,Elijah Sarratt,WR,1.4,0.0,1.28,1.28,1.11,1.16,0.174,1.0,1.28,,0.0,0
2026-09-27 16:50:00,DAL,in,0.174,Q1 4:32,10.0,11783,Ryan Flournoy,WR,7.7,0.0,5.18,5.18,6.08,6.36,0.174,1.0,5.18,,0.0,0
2026-09-27 16:50:00,NO,in,0.235,Q1 0:53,-3.0,11834,Devaughn Vele,WR,11.8,2.1,9.31,11.41,10.99,11.12,0.061,1.0,11.41,,0.0,0
2026-09-27 16:50:00,MIN,in,0.25,Q2 15:00,3.0,13347,Demond Claiborne,RB,1.2,0.2,0.85,1.05,1.08,1.1,0.056,1.0,1.05,,0.0,0
2026-09-27 16:50:00,TB,in,0.25,Q2 15:00,-3.0,12485,Tez Johnson,WR,2.1,0.0,1.58,1.58,1.48,1.58,0.121,1.0,1.58,,0.0,0
2026-09-27 16:50:00,BAL,in,0.174,Q1 4:32,-10.0,5995,Justice Hill,RB,7.5,0.0,6.1,6.1,5.92,6.19,0.174,1.0,6.1,,0.0,0
2026-09-27 16:50:00,BAL,in,0.174,Q1 4:32,-10.0,7571,Rashod Bateman,WR,11.5,0.0,10.5,10.5,9.08,9.49,0.174,1.0,10.5,,0.0,0
2026-09-27 16:50:00,DAL,in,0.174,Q1 4:32,10.0,11199,Emari Demercado,RB,2.1,0.0,1.49,1.49,1.66,1.73,0.174,1.0,1.49,,0.0,0
2026-09-27 16:50:00,TB,in,0.25,Q2 15:00,-3.0,13317,Ted Hurst,WR,6.1,11.0,5.89,16.89,17.35,15.57,0.112,1.0,16.89,,0.0,0
2026-09-27 16:50:00,SF,in,0.276,Q2 13:28,14.0,12467,Jordan James,RB,1.9,0.0,1.11,1.11,1.28,1.38,0.164,1.0,1.11,,0.0,0
2026-09-27 16:50:00,MIN,in,0.25,Q2 15:00,3.0,11565,J.J. McCarthy,QB,0.5,0.0,0.34,0.34,0.35,0.38,0.121,0.3,0.1,,0.0,0
2026-09-27 16:50:00,LV,in,0.235,Q1 0:53,3.0,1166,Kirk Cousins,QB,14.4,2.28,10.64,12.92,13.08,13.29,0.113,1.0,12.92,,0.0,0
2026-09-27 16:50:00,SF,in,0.276,Q2 13:28,14.0,7527,Mac Jones,QB,0.5,0.0,0.25,0.25,0.34,0.36,0.164,0.3,0.08,,0.0,0
2026-09-27 16:50:00,LV,in,0.235,Q1 0:53,3.0,12483,Jack Bech,WR,4.5,0.0,3.17,3.17,3.24,3.44,0.235,1.0,3.17,,0.0,0
2026-09-27 16:50:00,NO,in,0.235,Q1 0:53,-3.0,13420,Bryce Lance,WR,3.9,0.0,2.99,2.99,2.81,2.98,0.235,1.0,2.99,,0.0,0
2026-09-27 16:50:00,ARI,in,0.276,Q2 13:28,-14.0,4454,Kendrick Bourne,WR,6.0,0.0,5.0,5.0,4.05,4.35,0.164,1.0,5.0,,0.0,0
2026-09-27 16:50:00,LV,in,0.235,Q1 0:53,3.0,9482,Michael Mayer,TE,6.7,0.0,4.71,4.71,4.82,5.12,0.235,1.0,4.71,,0.0,0
2026-09-27 16:50:00,MIN,in,0.25,Q2 15:00,3.0,5973,Josh Oliver,TE,3.5,0.0,2.42,2.42,2.46,2.62,0.121,1.0,2.42,,0.0,0
2026-09-27 16:50:00,BAL,in,0.174,Q1 4:32,-10.0,11629,Devontez Walker,WR,4.4,0.0,4.02,4.02,3.47,3.63,0.174,1.0,4.02,,0.0,0
2026-09-27 16:50:00,DAL,in,0.174,Q1 4:32,10.0,8917,KaVontae Turpin,WR,3.5,1.9,2.61,4.51,5.06,4.79,0.009,1.0,4.51,,0.0,0
2026-09-27 16:50:00,NO,in,0.235,Q1 0:53,-3.0,13319,Oscar Delp,TE,1.0,0.0,0.77,0.77,0.72,0.76,0.235,1.0,0.77,,0.0,0
2026-09-27 16:50:00,NO,in,0.235,Q1 0:53,-3.0,5857,Noah Fant,TE,3.5,0.0,2.69,2.69,2.52,2.68,0.235,1.0,2.69,,0.0,0
2026-09-27 16:50:00,ARI,in,0.276,Q2 13:28,-14.0,6011,Gardner Minshew,QB,0.5,0.0,0.44,0.44,0.34,0.36,0.164,0.957,0.42,,0.0,0
2026-09-27 16:50:00,BAL,in,0.174,Q1 4:32,-10.0,11570,Rasheen Ali,RB,0.8,0.0,0.65,0.65,0.63,0.66,0.174,1.0,0.65,,0.0,0
2026-09-27 16:50:00,SF,in,0.276,Q2 13:28,14.0,13414,Kaelon Black,RB,5.2,-0.1,3.01,2.91,3.39,3.67,0.061,1.0,2.91,,0.0,0
2026-09-27 16:50:00,ARI,in,0.276,Q2 13:28,-14.0,10231,Elijah Higgins,TE,2.4,1.4,2.16,3.56,3.27,3.14,0.164,1.0,3.56,,0.0,0
2026-09-27 16:50:00,DAL,in,0.174,Q1 4:32,10.0,10871,Luke Schoonmaker,TE,1.6,1.9,1.33,3.23,3.56,3.22,0.149,1.0,3.23,,0.0,0
2026-09-27 16:50:00,NO,in,0.235,Q1 0:53,-3.0,9757,Kendre Miller,RB,1.8,0.0,1.27,1.27,1.3,1.38,0.235,1.0,1.27,,0.0,0
2026-09-27 16:50:00,DAL,in,0.174,Q1 4:32,10.0,11533,Brandon Aubrey,K,8.9,4.0,7.85,11.85,11.85,11.35,0.0,1.0,11.85,,0.0,0
2026-09-27 16:50:00,MIN,in,0.25,Q2 15:00,3.0,11792,Will Reichard,K,8.2,6.0,6.89,12.89,12.89,12.15,0.121,1.0,12.89,,0.0,0
2026-09-27 16:50:00,TB,in,0.25,Q2 15:00,-3.0,6650,Chase McLaughlin,K,7.4,1.0,5.39,6.39,6.39,6.55,0.112,1.0,6.39,,0.0,0
2026-09-27 16:50:00,BAL,in,0.174,Q1 4:32,-10.0,12711,Tyler Loop,K,9.4,0.0,7.42,7.42,7.42,7.76,0.174,1.0,7.42,,0.0,0
2026-09-27 16:50:00,SF,in,0.276,Q2 13:28,14.0,5189,Eddy Pineiro,K,9.6,2.0,6.84,8.84,8.84,8.95,0.024,1.0,8.84,,0.0,0
2026-09-27 16:50:00,ARI,in,0.276,Q2 13:28,-14.0,10955,Chad Ryland,K,6.3,0.0,4.25,4.25,4.25,4.56,0.164,1.0,4.25,,0.0,0
2026-09-27 16:50:00,NO,in,0.235,Q1 0:53,-3.0,5095,Daniel Carlson,K,7.5,0.0,5.4,5.4,5.4,5.74,0.235,1.0,5.4,,0.0,0
2026-09-27 16:50:00,LV,in,0.235,Q1 0:53,3.0,6083,Matt Gay,K,7.1,4.0,5.87,9.87,9.87,9.43,0.112,1.0,9.87,,0.0,0
2026-09-27 16:50:00,MIN,in,0.25,Q2 15:00,3.0,MIN,Minnesota Vikings D/ST,DST,7.1,10.0,-1.49,8.51,16.87,15.32,0.112,1.0,8.51,,0.0,0
2026-09-27 16:50:00,BAL,in,0.174,Q1 4:32,-10.0,BAL,Baltimore Ravens D/ST,DST,5.0,5.0,-0.57,4.43,9.98,9.13,0.0,1.0,4.43,,0.0,0
2026-09-27 16:50:00,SF,in,0.276,Q2 13:28,14.0,SF,San Francisco 49ers D/ST,DST,7.1,10.0,-1.22,8.78,16.6,15.14,0.164,1.0,8.78,,0.0,0
2026-09-27 16:50:00,NO,in,0.235,Q1 0:53,-3.0,NO,New Orleans Saints D/ST,DST,7.3,8.0,-1.49,6.51,14.78,13.58,0.112,1.0,6.51,,0.0,0
2026-09-27 16:50:00,TB,in,0.25,Q2 15:00,-3.0,TB,Tampa Bay Buccaneers D/ST,DST,6.4,4.0,0.46,4.46,9.25,8.8,0.121,1.0,4.46,,0.0,0
2026-09-27 16:50:00,DAL,in,0.174,Q1 4:32,10.0,DAL,Dallas Cowboys D/ST,DST,3.7,10.0,-3.06,6.94,14.99,13.05,0.174,1.0,6.94,,0.0,0
2026-09-27 16:50:00,LV,in,0.235,Q1 0:53,3.0,LV,Las Vegas Raiders D/ST,DST,5.8,10.0,-2.44,7.56,16.09,14.44,0.235,1.0,7.56,,0.0,0
2026-09-27 16:50:00,ARI,in,0.276,Q2 13:28,-14.0,ARI,Arizona Cardinals D/ST,DST,3.8,1.0,0.88,1.88,3.74,3.75,0.024,1.0,1.88,,0.0,0
2026-09-27 16:50:00,ARI,in,0.276,Q2 13:28,-14.0,13272,Carson Beck,QB,1.7,0.0,1.51,1.51,1.15,1.23,0.164,0.957,1.44,,0.0,0
2026-09-27 16:50:00,LV,in,0.235,Q1 0:53,3.0,13329,Malik Benson,WR,2.1,0.0,1.48,1.48,1.51,1.61,0.235,1.0,1.48,,0.0,0
2026-09-27 16:50:00,TB,in,0.25,Q2 15:00,-3.0,13425,Jalon Daniels,QB,0.4,0.0,0.31,0.31,0.28,0.3,0.121,0.3,0.09,,0.0,0
2026-09-27 16:50:00,BAL,in,0.174,Q1 4:32,-10.0,5008,Durham Smythe,TE,2.2,0.0,2.01,2.01,1.74,1.82,0.174,1.0,2.01,,0.0,0
2026-09-27 16:51:00,SF,in,0.276,Q2 13:28,14.0,4034,Christian McCaffrey,RB,21.8,3.9,13.71,17.61,19.31,19.69,0.074,1.0,17.61,,0.0,0
2026-09-27 16:51:00,DAL,in,0.184,Q1 3:57,10.0,6786,CeeDee Lamb,WR,19.1,0.0,12.72,12.72,14.86,15.58,0.184,1.0,12.72,,0.0,0
2026-09-27 16:51:00,MIN,in,0.25,Q2 15:00,3.0,6794,Justin Jefferson,WR,17.2,5.2,12.49,17.69,18.27,18.1,0.121,1.0,17.69,,0.0,0
2026-09-27 16:51:00,LV,in,0.236,Q1 0:50,-3.0,12527,Ashton Jeanty,RB,18.5,2.0,13.59,15.59,15.68,16.13,0.113,1.0,15.59,,0.0,0
2026-09-27 16:51:00,ARI,in,0.276,Q2 13:28,-14.0,13287,Jeremiyah Love,RB,13.5,5.7,11.05,16.75,15.84,15.48,0.0,1.0,16.75,,0.0,0
2026-09-27 16:51:00,ARI,in,0.276,Q2 13:28,-14.0,8130,Trey McBride,TE,17.1,0.0,14.26,14.26,11.53,12.39,0.164,1.0,14.26,,0.0,0
2026-09-27 16:51:00,BAL,in,0.184,Q1 3:57,-10.0,3198,Derrick Henry,RB,19.9,1.6,16.43,18.03,17.41,17.84,0.058,1.0,18.03,,0.0,0
2026-09-27 16:51:00,LV,in,0.236,Q1 0:50,-3.0,11604,Brock Bowers,TE,13.9,6.7,11.47,18.17,17.97,17.32,0.157,1.0,18.17,,0.0,0
2026-09-27 16:51:00,DAL,in,0.184,Q1 3:57,10.0,8137,George Pickens,WR,14.4,2.3,9.9,12.2,13.98,14.05,0.133,1.0,12.2,,0.0,0
2026-09-27 16:51:00,NO,in,0.236,Q1 0:50,3.0,8144,Chris Olave,WR,17.5,2.2,12.57,14.77,15.2,15.57,0.012,1.0,14.77,,0.0,0
2026-09-27 16:51:00,NO,in,0.236,Q1 0:50,3.0,7543,Travis Etienne,RB,12.0,1.4,8.48,9.88,10.29,10.57,0.001,1.0,9.88,,0.0,0
2026-09-27 16:51:00,TB,in,0.25,Q2 15:00,-3.0,11584,Bucky Irving,RB,13.1,2.0,9.56,11.56,11.59,11.82,0.019,1.0,11.56,,0.0,0
2026-09-27 16:51:00,TB,in,0.25,Q2 15:00,-3.0,12514,Emeka Egbuka,WR,13.7,1.4,10.48,11.88,11.3,11.67,0.034,1.0,11.88,,0.0,0
2026-09-27 16:51:00,DAL,in,0.184,Q1 3:57,10.0,7588,Javonte Williams,RB,16.5,12.1,14.81,26.91,27.41,25.56,0.01,1.0,26.91,,0.0,0
2026-09-27 16:51:00,BAL,in,0.184,Q1 3:57,-10.0,9997,Zay Flowers,WR,11.5,0.0,10.37,10.37,8.95,9.38,0.184,1.0,10.37,,0.0,0
2026-09-27 16:51:00,BAL,in,0.184,Q1 3:57,-10.0,4881,Lamar Jackson,QB,22.7,2.56,22.09,24.65,20.75,21.08,0.0,1.0,24.65,,0.0,0
2026-09-27 16:51:00,SF,in,0.276,Q2 13:28,14.0,2216,Mike Evans,WR,9.6,10.5,6.56,17.06,18.88,17.45,0.0,1.0,17.06,,0.0,0
2026-09-27 16:51:00,ARI,in,0.276,Q2 13:28,-14.0,11628,Marvin Harrison Jr.,WR,8.2,0.0,6.84,6.84,5.53,5.94,0.164,1.0,6.84,,0.0,0
2026-09-27 16:51:00,ARI,in,0.276,Q2 13:28,-14.0,10232,Michael Wilson,WR,10.8,1.5,9.18,10.68,9.06,9.32,0.164,1.0,10.68,,0.0,0
2026-09-27 16:51:00,DAL,in,0.184,Q1 3:57,10.0,3294,Dak Prescott,QB,19.2,1.36,12.91,14.27,16.58,17.02,0.019,1.0,14.27,,0.0,0
2026-09-27 16:51:00,ARI,in,0.276,Q2 13:28,-14.0,8132,Tyler Allgeier,RB,7.4,3.0,6.03,9.03,8.53,8.36,0.164,1.0,9.03,,0.0,0
2026-09-27 16:51:00,MIN,in,0.25,Q2 15:00,3.0,9756,Jordan Addison,WR,8.7,1.4,6.17,7.57,7.78,7.92,0.0,1.0,7.57,,0.0,0
2026-09-27 16:51:00,SF,in,0.276,Q2 13:28,14.0,8183,Brock Purdy,QB,20.2,14.2,13.83,28.03,30.4,28.83,0.0,1.0,28.03,,0.0,0
2026-09-27 16:51:00,TB,in,0.25,Q2 15:00,-3.0,4037,Chris Godwin,WR,9.3,0.0,7.0,7.0,6.54,6.98,0.121,1.0,7.0,,0.0,0
2026-09-27 16:51:00,MIN,in,0.25,Q2 15:00,3.0,5849,Kyler Murray,QB,16.2,3.34,11.91,15.25,15.36,15.49,0.0,1.0,15.25,,0.0,0
2026-09-27 16:51:00,TB,in,0.25,Q2 15:00,-3.0,4892,Baker Mayfield,QB,16.6,6.32,14.33,20.65,19.18,18.77,0.034,1.0,20.65,,0.0,0
2026-09-27 16:51:00,TB,in,0.25,Q2 15:00,-3.0,7567,Kenneth Gainwell,RB,7.5,0.0,5.17,5.17,5.27,5.62,0.121,1.0,5.17,,0.0,0
2026-09-27 16:51:00,NO,in,0.236,Q1 0:50,3.0,12545,Tyler Shough,QB,19.8,8.84,16.04,24.88,24.76,23.96,0.0,1.0,24.88,,0.0,0
2026-09-27 16:51:00,SF,in,0.276,Q2 13:28,14.0,4217,George Kittle,TE,12.4,2.2,7.2,9.4,10.96,11.18,0.026,1.0,9.4,,0.0,0
2026-09-27 16:51:00,DAL,in,0.184,Q1 3:57,10.0,8110,Jake Ferguson,TE,9.2,0.0,6.13,6.13,7.16,7.51,0.184,1.0,6.13,,0.0,0
2026-09-27 16:51:00,MIN,in,0.25,Q2 15:00,3.0,7049,Jauan Jennings,WR,5.0,0.0,3.45,3.45,3.52,3.75,0.121,1.0,3.45,,0.0,0
2026-09-27 16:51:00,LV,in,0.236,Q1 0:50,-3.0,13305,Mike Washington Jr.,RB,3.4,0.3,2.48,2.78,2.8,2.9,0.157,1.0,2.78,,0.0,0
2026-09-27 16:51:00,TB,in,0.25,Q2 15:00,-3.0,11618,Jalen McMillan,WR,5.6,0.0,4.22,4.22,3.94,4.2,0.121,1.0,4.22,,0.0,0
2026-09-27 16:51:00,MIN,in,0.25,Q2 15:00,3.0,4199,Aaron Jones,RB,13.0,1.9,9.09,10.99,11.4,11.65,0.019,1.0,10.99,,0.0,0
2026-09-27 16:51:00,BAL,in,0.184,Q1 3:57,-10.0,5012,Mark Andrews,TE,13.2,1.9,12.16,14.06,12.56,12.67,0.038,1.0,14.06,,0.0,0
2026-09-27 16:51:00,SF,in,0.276,Q2 13:28,14.0,5872,Deebo Samuel,WR,11.8,14.3,8.22,22.52,24.85,22.85,0.087,1.0,22.52,,0.0,0
2026-09-27 16:51:00,NO,in,0.236,Q1 0:50,3.0,7002,Juwan Johnson,TE,9.6,8.8,7.81,16.61,17.38,16.13,0.0,1.0,16.61,,0.0,0
2026-09-27 16:51:00,ARI,in,0.276,Q2 13:28,-14.0,3257,Jacoby Brissett,QB,14.6,1.18,13.27,14.45,11.24,11.76,0.022,1.0,14.45,,0.0,0
2026-09-27 16:51:00,MIN,in,0.25,Q2 15:00,3.0,5844,T.J. Hockenson,TE,9.1,1.5,6.46,7.96,8.18,8.32,0.04,1.0,7.96,,0.0,0
2026-09-27 16:51:00,LV,in,0.236,Q1 0:50,-3.0,8180,Jalen Nailor,WR,7.2,2.6,5.84,8.44,8.27,8.1,0.191,1.0,8.44,,0.0,0
2026-09-27 16:51:00,TB,in,0.25,Q2 15:00,-3.0,9506,Sean Tucker,RB,1.8,0.0,1.24,1.24,1.27,1.35,0.121,1.0,1.24,,0.0,0
2026-09-27 16:51:00,NO,in,0.236,Q1 0:50,3.0,4035,Alvin Kamara,RB,8.6,0.0,5.81,5.81,6.18,6.57,0.236,1.0,5.81,,0.0,0
2026-09-27 16:51:00,LV,in,0.236,Q1 0:50,-3.0,10213,Tre Tucker,WR,10.5,0.0,8.05,8.05,7.55,8.02,0.236,1.0,8.05,,0.0,0
2026-09-27 16:51:00,TB,in,0.25,Q2 15:00,-3.0,8111,Cade Otton,TE,7.7,2.4,6.08,8.48,8.26,8.18,0.121,1.0,8.48,,0.0,0
2026-09-27 16:51:00,BAL,in,0.184,Q1 3:57,-10.0,13268,Elijah Sarratt,WR,1.4,0.0,1.26,1.26,1.09,1.14,0.184,1.0,1.26,,0.0,0
2026-09-27 16:51:00,DAL,in,0.184,Q1 3:57,10.0,11783,Ryan Flournoy,WR,7.7,0.0,5.13,5.13,5.99,6.28,0.184,1.0,5.13,,0.0,0
2026-09-27 16:51:00,NO,in,0.236,Q1 0:50,3.0,11834,Devaughn Vele,WR,11.8,2.1,8.55,10.65,10.98,11.11,0.062,1.0,10.65,,0.0,0
2026-09-27 16:51:00,MIN,in,0.25,Q2 15:00,3.0,13347,Demond Claiborne,RB,1.2,0.2,0.85,1.05,1.08,1.1,0.056,1.0,1.05,,0.0,0
2026-09-27 16:51:00,TB,in,0.25,Q2 15:00,-3.0,12485,Tez Johnson,WR,2.1,0.0,1.58,1.58,1.48,1.58,0.121,1.0,1.58,,0.0,0
2026-09-27 16:51:00,BAL,in,0.184,Q1 3:57,-10.0,5995,Justice Hill,RB,7.5,0.0,6.03,6.03,5.84,6.12,0.184,1.0,6.03,,0.0,0
2026-09-27 16:51:00,BAL,in,0.184,Q1 3:57,-10.0,7571,Rashod Bateman,WR,11.5,0.0,10.37,10.37,8.95,9.38,0.184,1.0,10.37,,0.0,0
2026-09-27 16:51:00,DAL,in,0.184,Q1 3:57,10.0,11199,Emari Demercado,RB,2.1,0.0,1.46,1.46,1.63,1.71,0.184,1.0,1.46,,0.0,0
2026-09-27 16:51:00,TB,in,0.25,Q2 15:00,-3.0,13317,Ted Hurst,WR,6.1,11.0,5.89,16.89,17.35,15.57,0.112,1.0,16.89,,0.0,0
2026-09-27 16:51:00,SF,in,0.276,Q2 13:28,14.0,12467,Jordan James,RB,1.9,0.0,1.11,1.11,1.28,1.38,0.164,1.0,1.11,,0.0,0
2026-09-27 16:51:00,MIN,in,0.25,Q2 15:00,3.0,11565,J.J. McCarthy,QB,0.5,0.0,0.34,0.34,0.35,0.38,0.121,0.3,0.1,,0.0,0
2026-09-27 16:51:00,LV,in,0.236,Q1 0:50,-3.0,1166,Kirk Cousins,QB,14.4,2.28,11.85,14.13,13.07,13.28,0.113,1.0,14.13,,0.0,0
2026-09-27 16:51:00,SF,in,0.276,Q2 13:28,14.0,7527,Mac Jones,QB,0.5,0.0,0.25,0.25,0.34,0.36,0.164,0.3,0.08,,0.0,0
2026-09-27 16:51:00,LV,in,0.236,Q1 0:50,-3.0,12483,Jack Bech,WR,4.5,0.0,3.45,3.45,3.23,3.44,0.236,1.0,3.45,,0.0,0
2026-09-27 16:51:00,NO,in,0.236,Q1 0:50,3.0,13420,Bryce Lance,WR,3.9,0.0,2.74,2.74,2.8,2.98,0.236,1.0,2.74,,0.0,0
2026-09-27 16:51:00,ARI,in,0.276,Q2 13:28,-14.0,4454,Kendrick Bourne,WR,6.0,0.0,5.0,5.0,4.05,4.35,0.164,1.0,5.0,,0.0,0
2026-09-27 16:51:00,LV,in,0.236,Q1 0:50,-3.0,9482,Michael Mayer,TE,6.7,0.0,5.14,5.14,4.82,5.12,0.236,1.0,5.14,,0.0,0
2026-09-27 16:51:00,MIN,in,0.25,Q2 15:00,3.0,5973,Josh Oliver,TE,3.5,0.0,2.42,2.42,2.46,2.62,0.121,1.0,2.42,,0.0,0
2026-09-27 16:51:00,BAL,in,0.184,Q1 3:57,-10.0,11629,Devontez Walker,WR,4.4,0.0,3.97,3.97,3.42,3.59,0.184,1.0,3.97,,0.0,0
2026-09-27 16:51:00,DAL,in,0.184,Q1 3:57,10.0,8917,KaVontae Turpin,WR,3.5,1.9,2.58,4.48,5.01,4.76,0.019,1.0,4.48,,0.0,0
2026-09-27 16:51:00,NO,in,0.236,Q1 0:50,3.0,13319,Oscar Delp,TE,1.0,0.0,0.7,0.7,0.72,0.76,0.236,1.0,0.7,,0.0,0
2026-09-27 16:51:00,NO,in,0.236,Q1 0:50,3.0,5857,Noah Fant,TE,3.5,0.0,2.46,2.46,2.52,2.67,0.236,1.0,2.46,,0.0,0
2026-09-27 16:51:00,ARI,in,0.276,Q2 13:28,-14.0,6011,Gardner Minshew,QB,0.5,0.0,0.44,0.44,0.34,0.36,0.164,0.957,0.42,,0.0,0
2026-09-27 16:51:00,BAL,in,0.184,Q1 3:57,-10.0,11570,Rasheen Ali,RB,0.8,0.0,0.64,0.64,0.62,0.65,0.184,1.0,0.64,,0.0,0
2026-09-27 16:51:00,SF,in,0.276,Q2 13:28,14.0,13414,Kaelon Black,RB,5.2,-0.1,3.01,2.91,3.39,3.67,0.061,1.0,2.91,,0.0,0
2026-09-27 16:51:00,ARI,in,0.276,Q2 13:28,-14.0,10231,Elijah Higgins,TE,2.4,1.4,2.16,3.56,3.27,3.14,0.164,1.0,3.56,,0.0,0
2026-09-27 16:51:00,DAL,in,0.184,Q1 3:57,10.0,10871,Luke Schoonmaker,TE,1.6,1.9,1.32,3.22,3.53,3.21,0.158,1.0,3.22,,0.0,0
2026-09-27 16:51:00,NO,in,0.236,Q1 0:50,3.0,9757,Kendre Miller,RB,1.8,0.0,1.22,1.22,1.29,1.38,0.236,1.0,1.22,,0.0,0
2026-09-27 16:51:00,DAL,in,0.184,Q1 3:57,10.0,11533,Brandon Aubrey,K,8.9,4.0,7.74,11.74,11.74,11.26,0.01,1.0,11.74,,0.0,0
2026-09-27 16:51:00,MIN,in,0.25,Q2 15:00,3.0,11792,Will Reichard,K,8.2,6.0,6.89,12.89,12.89,12.15,0.121,1.0,12.89,,0.0,0
2026-09-27 16:51:00,TB,in,0.25,Q2 15:00,-3.0,6650,Chase McLaughlin,K,7.4,1.0,5.39,6.39,6.39,6.55,0.112,1.0,6.39,,0.0,0
2026-09-27 16:51:00,BAL,in,0.184,Q1 3:57,-10.0,12711,Tyler Loop,K,9.4,0.0,7.32,7.32,7.32,7.67,0.184,1.0,7.32,,0.0,0
2026-09-27 16:51:00,SF,in,0.276,Q2 13:28,14.0,5189,Eddy Pineiro,K,9.6,2.0,6.84,8.84,8.84,8.95,0.024,1.0,8.84,,0.0,0
2026-09-27 16:51:00,ARI,in,0.276,Q2 13:28,-14.0,10955,Chad Ryland,K,6.3,0.0,4.25,4.25,4.25,4.56,0.164,1.0,4.25,,0.0,0
2026-09-27 16:51:00,NO,in,0.236,Q1 0:50,3.0,5095,Daniel Carlson,K,7.5,-1.0,5.2,4.2,4.2,4.73,0.0,1.0,4.2,,0.0,0
2026-09-27 16:51:00,LV,in,0.236,Q1 0:50,-3.0,6083,Matt Gay,K,7.1,4.0,5.87,9.87,9.87,9.42,0.112,1.0,9.87,,0.0,0
2026-09-27 16:51:00,MIN,in,0.25,Q2 15:00,3.0,MIN,Minnesota Vikings D/ST,DST,7.1,10.0,-1.49,8.51,16.87,15.32,0.112,1.0,8.51,,0.0,0
2026-09-27 16:51:00,BAL,in,0.184,Q1 3:57,-10.0,BAL,Baltimore Ravens D/ST,DST,5.0,5.0,-0.58,4.42,9.91,9.08,0.01,1.0,4.42,,0.0,0
2026-09-27 16:51:00,SF,in,0.276,Q2 13:28,14.0,SF,San Francisco 49ers D/ST,DST,7.1,10.0,-1.22,8.78,16.6,15.14,0.164,1.0,8.78,,0.0,0
2026-09-27 16:51:00,NO,in,0.236,Q1 0:50,3.0,NO,New Orleans Saints D/ST,DST,7.3,8.0,-1.02,6.98,14.78,13.58,0.112,1.0,6.98,,0.0,0
2026-09-27 16:51:00,TB,in,0.25,Q2 15:00,-3.0,TB,Tampa Bay Buccaneers D/ST,DST,6.4,5.0,0.08,5.08,10.44,9.8,0.0,1.0,5.08,,0.0,0
2026-09-27 16:51:00,DAL,in,0.184,Q1 3:57,10.0,DAL,Dallas Cowboys D/ST,DST,3.7,10.0,-3.01,6.99,14.92,13.02,0.184,1.0,6.99,,0.0,0
2026-09-27 16:51:00,LV,in,0.236,Q1 0:50,-3.0,LV,Las Vegas Raiders D/ST,DST,5.8,9.0,-1.92,7.08,14.89,13.43,0.0,1.0,7.08,,0.0,0
2026-09-27 16:51:00,ARI,in,0.276,Q2 13:28,-14.0,ARI,Arizona Cardinals D/ST,DST,3.8,1.0,0.88,1.88,3.74,3.75,0.024,1.0,1.88,,0.0,0
2026-09-27 16:51:00,ARI,in,0.276,Q2 13:28,-14.0,13272,Carson Beck,QB,1.7,0.0,1.51,1.51,1.15,1.23,0.164,0.957,1.44,,0.0,0
2026-09-27 16:51:00,LV,in,0.236,Q1 0:50,-3.0,13329,Malik Benson,WR,2.1,0.0,1.61,1.61,1.51,1.6,0.236,1.0,1.61,,0.0,0
2026-09-27 16:51:00,TB,in,0.25,Q2 15:00,-3.0,13425,Jalon Daniels,QB,0.4,0.0,0.31,0.31,0.28,0.3,0.121,0.3,0.09,,0.0,0
2026-09-27 16:51:00,BAL,in,0.184,Q1 3:57,-10.0,5008,Durham Smythe,TE,2.2,0.0,1.98,1.98,1.71,1.79,0.184,1.0,1.98,,0.0,0
2026-09-27 16:52:01,SF,in,0.298,Q2 12:07,14.0,4034,Christian McCaffrey,RB,21.8,3.9,13.22,17.12,18.75,19.2,0.097,1.0,17.12,,0.0,0
2026-09-27 16:52:01,DAL,in,0.197,Q1 3:12,10.0,6786,CeeDee Lamb,WR,19.1,0.0,12.54,12.54,14.59,15.34,0.197,1.0,12.54,,0.0,0
2026-09-27 16:52:01,MIN,in,0.264,Q2 14:11,3.0,6794,Justin Jefferson,WR,17.2,5.2,12.27,17.47,17.99,17.87,0.134,1.0,17.47,,0.0,0
2026-09-27 16:52:01,LV,in,0.236,Q1 0:50,-3.0,12527,Ashton Jeanty,RB,18.5,2.0,13.59,15.59,15.68,16.13,0.113,1.0,15.59,,0.0,0
2026-09-27 16:52:01,ARI,in,0.298,Q2 12:07,-14.0,13287,Jeremiyah Love,RB,13.5,5.7,10.64,16.34,15.47,15.18,0.023,1.0,16.34,,0.0,0
2026-09-27 16:52:01,ARI,in,0.298,Q2 12:07,-14.0,8130,Trey McBride,TE,17.1,0.0,13.78,13.78,11.11,12.0,0.187,1.0,13.78,,0.0,0
2026-09-27 16:52:01,BAL,in,0.197,Q1 3:12,-10.0,3198,Derrick Henry,RB,19.9,1.8,16.21,18.01,17.36,17.79,0.0,1.0,18.01,,0.0,0
2026-09-27 16:52:01,LV,in,0.236,Q1 0:50,-3.0,11604,Brock Bowers,TE,13.9,6.7,11.47,18.17,17.97,17.32,0.157,1.0,18.17,,0.0,0
2026-09-27 16:52:01,DAL,in,0.197,Q1 3:12,10.0,8137,George Pickens,WR,14.4,2.3,9.75,12.05,13.76,13.87,0.146,1.0,12.05,,0.0,0
2026-09-27 16:52:01,NO,in,0.236,Q1 0:50,3.0,8144,Chris Olave,WR,17.5,2.2,12.57,14.77,15.2,15.57,0.012,1.0,14.77,,0.0,0
2026-09-27 16:52:01,NO,in,0.236,Q1 0:50,3.0,7543,Travis Etienne,RB,12.0,1.4,8.48,9.88,10.29,10.57,0.001,1.0,9.88,,0.0,0
2026-09-27 16:52:01,TB,in,0.264,Q2 14:11,-3.0,11584,Bucky Irving,RB,13.1,2.0,9.35,11.35,11.38,11.65,0.033,1.0,11.35,,0.0,0
2026-09-27 16:52:01,TB,in,0.264,Q2 14:11,-3.0,12514,Emeka Egbuka,WR,13.7,1.4,10.28,11.68,11.08,11.49,0.047,1.0,11.68,,0.0,0
2026-09-27 16:52:01,DAL,in,0.197,Q1 3:12,10.0,7588,Javonte Williams,RB,16.5,12.1,14.53,26.63,27.13,25.36,0.022,1.0,26.63,,0.0,0
2026-09-27 16:52:01,BAL,in,0.197,Q1 3:12,-10.0,9997,Zay Flowers,WR,11.5,0.0,10.21,10.21,8.78,9.24,0.197,1.0,10.21,,0.0,0
2026-09-27 16:52:01,BAL,in,0.197,Q1 3:12,-10.0,4881,Lamar Jackson,QB,22.7,2.46,21.7,24.16,20.29,20.7,0.0,1.0,24.16,,0.0,0
2026-09-27 16:52:01,SF,in,0.298,Q2 12:07,14.0,2216,Mike Evans,WR,9.6,10.5,6.38,16.88,18.58,17.24,0.023,1.0,16.88,,0.0,0
2026-09-27 16:52:01,ARI,in,0.298,Q2 12:07,-14.0,11628,Marvin Harrison Jr.,WR,8.2,0.0,6.61,6.61,5.33,5.76,0.187,1.0,6.61,,0.0,0
2026-09-27 16:52:01,ARI,in,0.298,Q2 12:07,-14.0,10232,Michael Wilson,WR,10.8,1.5,8.86,10.36,8.78,9.08,0.187,1.0,10.36,,0.0,0
2026-09-27 16:52:01,DAL,in,0.197,Q1 3:12,10.0,3294,Dak Prescott,QB,19.2,1.36,12.7,14.06,16.3,16.78,0.031,1.0,14.06,,0.0,0
2026-09-27 16:52:01,ARI,in,0.298,Q2 12:07,-14.0,8132,Tyler Allgeier,RB,7.4,4.4,6.15,10.55,9.98,9.59,0.0,1.0,10.55,,0.0,0
2026-09-27 16:52:01,MIN,in,0.264,Q2 14:11,3.0,9756,Jordan Addison,WR,8.7,1.4,6.07,7.47,7.64,7.81,0.014,1.0,7.47,,0.0,0
2026-09-27 16:52:01,SF,in,0.298,Q2 12:07,14.0,8183,Brock Purdy,QB,20.2,14.2,13.39,27.59,29.81,28.38,0.023,1.0,27.59,,0.0,0
2026-09-27 16:52:01,TB,in,0.264,Q2 14:11,-3.0,4037,Chris Godwin,WR,9.3,0.0,6.87,6.87,6.4,6.85,0.134,1.0,6.87,,0.0,0
2026-09-27 16:52:01,MIN,in,0.264,Q2 14:11,3.0,5849,Kyler Murray,QB,16.2,3.34,11.66,15.0,15.1,15.27,0.014,1.0,15.0,,0.0,0
2026-09-27 16:52:01,TB,in,0.264,Q2 14:11,-3.0,4892,Baker Mayfield,QB,16.6,6.32,14.09,20.41,18.9,18.54,0.047,1.0,20.41,,0.0,0
2026-09-27 16:52:01,TB,in,0.264,Q2 14:11,-3.0,7567,Kenneth Gainwell,RB,7.5,0.0,5.05,5.05,5.16,5.52,0.134,1.0,5.05,,0.0,0
2026-09-27 16:52:01,NO,in,0.236,Q1 0:50,3.0,12545,Tyler Shough,QB,19.8,8.84,16.04,24.88,24.76,23.96,0.0,1.0,24.88,,0.0,0
2026-09-27 16:52:01,SF,in,0.298,Q2 12:07,14.0,4217,George Kittle,TE,12.4,2.2,7.01,9.21,10.64,10.9,0.048,1.0,9.21,,0.0,0
2026-09-27 16:52:01,DAL,in,0.197,Q1 3:12,10.0,8110,Jake Ferguson,TE,9.2,0.0,6.04,6.04,7.03,7.39,0.197,1.0,6.04,,0.0,0
2026-09-27 16:52:01,MIN,in,0.264,Q2 14:11,3.0,7049,Jauan Jennings,WR,5.0,0.0,3.39,3.39,3.44,3.68,0.134,1.0,3.39,,0.0,0
2026-09-27 16:52:01,LV,in,0.236,Q1 0:50,-3.0,13305,Mike Washington Jr.,RB,3.4,0.3,2.48,2.78,2.8,2.9,0.157,1.0,2.78,,0.0,0
2026-09-27 16:52:01,TB,in,0.264,Q2 14:11,-3.0,11618,Jalen McMillan,WR,5.6,0.0,4.14,4.14,3.85,4.12,0.134,1.0,4.14,,0.0,0
2026-09-27 16:52:01,MIN,in,0.264,Q2 14:11,3.0,4199,Aaron Jones,RB,13.0,1.9,8.89,10.79,11.19,11.47,0.033,1.0,10.79,,0.0,0
2026-09-27 16:52:01,BAL,in,0.197,Q1 3:12,-10.0,5012,Mark Andrews,TE,13.2,1.9,11.97,13.87,12.36,12.5,0.05,1.0,13.87,,0.0,0
2026-09-27 16:52:01,SF,in,0.298,Q2 12:07,14.0,5872,Deebo Samuel,WR,11.8,14.3,7.99,22.29,24.48,22.58,0.11,1.0,22.29,,0.0,0
2026-09-27 16:52:01,NO,in,0.236,Q1 0:50,3.0,7002,Juwan Johnson,TE,9.6,8.8,7.81,16.61,17.38,16.13,0.0,1.0,16.61,,0.0,0
2026-09-27 16:52:01,ARI,in,0.298,Q2 12:07,-14.0,3257,Jacoby Brissett,QB,14.6,1.34,12.9,14.24,11.06,11.59,0.0,1.0,14.24,,0.0,0
2026-09-27 16:52:01,MIN,in,0.264,Q2 14:11,3.0,5844,T.J. Hockenson,TE,9.1,1.5,6.35,7.85,8.04,8.2,0.054,1.0,7.85,,0.0,0
2026-09-27 16:52:01,LV,in,0.236,Q1 0:50,-3.0,8180,Jalen Nailor,WR,7.2,2.6,5.84,8.44,8.27,8.1,0.191,1.0,8.44,,0.0,0
2026-09-27 16:52:01,TB,in,0.264,Q2 14:11,-3.0,9506,Sean Tucker,RB,1.8,0.0,1.21,1.21,1.24,1.33,0.134,1.0,1.21,,0.0,0
2026-09-27 16:52:01,NO,in,0.236,Q1 0:50,3.0,4035,Alvin Kamara,RB,8.6,0.0,5.81,5.81,6.18,6.57,0.236,1.0,5.81,,0.0,0
2026-09-27 16:52:01,LV,in,0.236,Q1 0:50,-3.0,10213,Tre Tucker,WR,10.5,0.0,8.05,8.05,7.55,8.02,0.236,1.0,8.05,,0.0,0
2026-09-27 16:52:01,TB,in,0.264,Q2 14:11,-3.0,8111,Cade Otton,TE,7.7,2.4,5.96,8.36,8.14,8.07,0.134,1.0,8.36,,0.0,0
2026-09-27 16:52:01,BAL,in,0.197,Q1 3:12,-10.0,13268,Elijah Sarratt,WR,1.4,0.0,1.24,1.24,1.07,1.12,0.197,1.0,1.24,,0.0,0
2026-09-27 16:52:01,DAL,in,0.197,Q1 3:12,10.0,11783,Ryan Flournoy,WR,7.7,0.0,5.05,5.05,5.88,6.19,0.197,1.0,5.05,,0.0,0
2026-09-27 16:52:01,NO,in,0.236,Q1 0:50,3.0,11834,Devaughn Vele,WR,11.8,2.1,8.55,10.65,10.98,11.11,0.062,1.0,10.65,,0.0,0
2026-09-27 16:52:01,MIN,in,0.264,Q2 14:11,3.0,13347,Demond Claiborne,RB,1.2,0.2,0.83,1.03,1.06,1.08,0.07,1.0,1.03,,0.0,0
2026-09-27 16:52:01,TB,in,0.264,Q2 14:11,-3.0,12485,Tez Johnson,WR,2.1,0.0,1.55,1.55,1.44,1.55,0.134,1.0,1.55,,0.0,0
2026-09-27 16:52:01,BAL,in,0.197,Q1 3:12,-10.0,5995,Justice Hill,RB,7.5,0.0,5.92,5.92,5.73,6.03,0.197,1.0,5.92,,0.0,0
2026-09-27 16:52:01,BAL,in,0.197,Q1 3:12,-10.0,7571,Rashod Bateman,WR,11.5,0.0,10.21,10.21,8.78,9.24,0.197,1.0,10.21,,0.0,0
2026-09-27 16:52:01,DAL,in,0.197,Q1 3:12,10.0,11199,Emari Demercado,RB,2.1,0.0,1.43,1.43,1.6,1.69,0.197,1.0,1.43,,0.0,0
2026-09-27 16:52:01,TB,in,0.264,Q2 14:11,-3.0,13317,Ted Hurst,WR,6.1,11.0,5.77,16.77,17.22,15.49,0.126,1.0,16.77,,0.0,0
2026-09-27 16:52:01,SF,in,0.298,Q2 12:07,14.0,12467,Jordan James,RB,1.9,0.0,1.07,1.07,1.23,1.33,0.187,1.0,1.07,,0.0,0
2026-09-27 16:52:01,MIN,in,0.264,Q2 14:11,3.0,11565,J.J. McCarthy,QB,0.5,0.0,0.33,0.33,0.34,0.37,0.134,0.3,0.1,,0.0,0
2026-09-27 16:52:01,LV,in,0.236,Q1 0:50,-3.0,1166,Kirk Cousins,QB,14.4,2.28,11.85,14.13,13.07,13.28,0.113,1.0,14.13,,0.0,0
2026-09-27 16:52:01,SF,in,0.298,Q2 12:07,14.0,7527,Mac Jones,QB,0.5,0.0,0.24,0.24,0.32,0.35,0.187,0.3,0.07,,0.0,0
2026-09-27 16:52:01,LV,in,0.236,Q1 0:50,-3.0,12483,Jack Bech,WR,4.5,0.0,3.45,3.45,3.23,3.44,0.236,1.0,3.45,,0.0,0
2026-09-27 16:52:01,NO,in,0.236,Q1 0:50,3.0,13420,Bryce Lance,WR,3.9,0.0,2.74,2.74,2.8,2.98,0.236,1.0,2.74,,0.0,0
2026-09-27 16:52:01,ARI,in,0.298,Q2 12:07,-14.0,4454,Kendrick Bourne,WR,6.0,0.0,4.83,4.83,3.9,4.21,0.187,1.0,4.83,,0.0,0
2026-09-27 16:52:01,LV,in,0.236,Q1 0:50,-3.0,9482,Michael Mayer,TE,6.7,0.0,5.14,5.14,4.82,5.12,0.236,1.0,5.14,,0.0,0
2026-09-27 16:52:01,MIN,in,0.264,Q2 14:11,3.0,5973,Josh Oliver,TE,3.5,0.0,2.38,2.38,2.41,2.58,0.134,1.0,2.38,,0.0,0
2026-09-27 16:52:01,BAL,in,0.197,Q1 3:12,-10.0,11629,Devontez Walker,WR,4.4,0.0,3.91,3.91,3.36,3.53,0.197,1.0,3.91,,0.0,0
2026-09-27 16:52:01,DAL,in,0.197,Q1 3:12,10.0,8917,KaVontae Turpin,WR,3.5,1.9,2.55,4.45,4.96,4.71,0.031,1.0,4.45,,0.0,0
2026-09-27 16:52:01,NO,in,0.236,Q1 0:50,3.0,13319,Oscar Delp,TE,1.0,0.0,0.7,0.7,0.72,0.76,0.236,1.0,0.7,,0.0,0
2026-09-27 16:52:01,NO,in,0.236,Q1 0:50,3.0,5857,Noah Fant,TE,3.5,0.0,2.46,2.46,2.52,2.67,0.236,1.0,2.46,,0.0,0
2026-09-27 16:52:01,ARI,in,0.298,Q2 12:07,-14.0,6011,Gardner Minshew,QB,0.5,0.0,0.43,0.43,0.32,0.35,0.187,0.889,0.38,,0.0,0
2026-09-27 16:52:01,BAL,in,0.197,Q1 3:12,-10.0,11570,Rasheen Ali,RB,0.8,0.0,0.63,0.63,0.61,0.64,0.197,1.0,0.63,,0.0,0
2026-09-27 16:52:01,SF,in,0.298,Q2 12:07,14.0,13414,Kaelon Black,RB,5.2,-0.1,2.89,2.79,3.26,3.55,0.083,1.0,2.79,,0.0,0
2026-09-27 16:52:01,ARI,in,0.298,Q2 12:07,-14.0,10231,Elijah Higgins,TE,2.4,1.4,2.08,3.48,3.2,3.08,0.187,1.0,3.48,,0.0,0
2026-09-27 16:52:01,DAL,in,0.197,Q1 3:12,10.0,10871,Luke Schoonmaker,TE,1.6,1.9,1.3,3.2,3.5,3.19,0.171,1.0,3.2,,0.0,0
2026-09-27 16:52:01,NO,in,0.236,Q1 0:50,3.0,9757,Kendre Miller,RB,1.8,0.0,1.22,1.22,1.29,1.38,0.236,1.0,1.22,,0.0,0
2026-09-27 16:52:01,DAL,in,0.197,Q1 3:12,10.0,11533,Brandon Aubrey,K,8.9,4.0,7.6,11.6,11.6,11.15,0.022,1.0,11.6,,0.0,0
2026-09-27 16:52:01,MIN,in,0.264,Q2 14:11,3.0,11792,Will Reichard,K,8.2,6.0,6.75,12.75,12.75,12.04,0.134,1.0,12.75,,0.0,0
2026-09-27 16:52:01,TB,in,0.264,Q2 14:11,-3.0,6650,Chase McLaughlin,K,7.4,1.0,5.27,6.27,6.27,6.45,0.126,1.0,6.27,,0.0,0
2026-09-27 16:52:01,BAL,in,0.197,Q1 3:12,-10.0,12711,Tyler Loop,K,9.4,0.0,7.18,7.18,7.18,7.55,0.197,1.0,7.18,,0.0,0
2026-09-27 16:52:01,SF,in,0.298,Q2 12:07,14.0,5189,Eddy Pineiro,K,9.6,2.0,6.59,8.59,8.59,8.74,0.047,1.0,8.59,,0.0,0
2026-09-27 16:52:01,ARI,in,0.298,Q2 12:07,-14.0,10955,Chad Ryland,K,6.3,0.0,4.09,4.09,4.09,4.42,0.187,1.0,4.09,,0.0,0
2026-09-27 16:52:01,NO,in,0.236,Q1 0:50,3.0,5095,Daniel Carlson,K,7.5,-1.0,5.2,4.2,4.2,4.73,0.0,1.0,4.2,,0.0,0
2026-09-27 16:52:01,LV,in,0.236,Q1 0:50,-3.0,6083,Matt Gay,K,7.1,4.0,5.87,9.87,9.87,9.42,0.112,1.0,9.87,,0.0,0
2026-09-27 16:52:01,MIN,in,0.264,Q2 14:11,3.0,MIN,Minnesota Vikings D/ST,DST,7.1,10.0,-1.47,8.53,16.72,15.23,0.126,1.0,8.53,,0.0,0
2026-09-27 16:52:01,BAL,in,0.197,Q1 3:12,-10.0,BAL,Baltimore Ravens D/ST,DST,5.0,5.0,-0.59,4.41,9.82,9.02,0.022,1.0,4.41,,0.0,0
2026-09-27 16:52:01,SF,in,0.298,Q2 12:07,14.0,SF,San Francisco 49ers D/ST,DST,7.1,10.0,-1.21,8.79,16.37,14.98,0.187,1.0,8.79,,0.0,0
2026-09-27 16:52:01,NO,in,0.236,Q1 0:50,3.0,NO,New Orleans Saints D/ST,DST,7.3,8.0,-1.02,6.98,14.78,13.58,0.112,1.0,6.98,,0.0,0
2026-09-27 16:52:01,TB,in,0.264,Q2 14:11,-3.0,TB,Tampa Bay Buccaneers D/ST,DST,6.4,5.0,0.06,5.06,10.32,9.71,0.014,1.0,5.06,,0.0,0
2026-09-27 16:52:01,DAL,in,0.197,Q1 3:12,10.0,DAL,Dallas Cowboys D/ST,DST,3.7,10.0,-2.95,7.05,14.83,12.97,0.197,1.0,7.05,,0.0,0
2026-09-27 16:52:01,LV,in,0.236,Q1 0:50,-3.0,LV,Las Vegas Raiders D/ST,DST,5.8,9.0,-1.92,7.08,14.89,13.43,0.0,1.0,7.08,,0.0,0
2026-09-27 16:52:01,ARI,in,0.298,Q2 12:07,-14.0,ARI,Arizona Cardinals D/ST,DST,3.8,1.0,0.8,1.8,3.64,3.67,0.047,1.0,1.8,,0.0,0
2026-09-27 16:52:01,ARI,in,0.298,Q2 12:07,-14.0,13272,Carson Beck,QB,1.7,0.0,1.46,1.46,1.1,1.19,0.187,0.889,1.3,,0.0,0
2026-09-27 16:52:01,LV,in,0.236,Q1 0:50,-3.0,13329,Malik Benson,WR,2.1,0.0,1.61,1.61,1.51,1.6,0.236,1.0,1.61,,0.0,0
2026-09-27 16:52:01,TB,in,0.264,Q2 14:11,-3.0,13425,Jalon Daniels,QB,0.4,0.0,0.3,0.3,0.28,0.29,0.134,0.3,0.09,,0.0,0
2026-09-27 16:52:01,BAL,in,0.197,Q1 3:12,-10.0,5008,Durham Smythe,TE,2.2,0.0,1.95,1.95,1.68,1.77,0.197,1.0,1.95,,0.0,0
2026-09-27 16:53:02,SF,in,0.298,Q2 12:07,14.0,4034,Christian McCaffrey,RB,21.8,3.9,13.22,17.12,18.75,19.2,0.097,1.0,17.12,,0.0,0
2026-09-27 16:53:02,DAL,in,0.205,Q1 2:42,10.0,6786,CeeDee Lamb,WR,19.1,0.0,12.42,12.42,14.41,15.18,0.205,1.0,12.42,,0.0,0
2026-09-27 16:53:02,MIN,in,0.27,Q2 13:49,3.0,6794,Justin Jefferson,WR,17.2,5.2,12.17,17.37,17.86,17.76,0.14,1.0,17.37,,0.0,0
2026-09-27 16:53:02,LV,in,0.236,Q1 0:50,-3.0,12527,Ashton Jeanty,RB,18.5,2.0,13.59,15.59,15.68,16.13,0.113,1.0,15.59,,0.0,0
2026-09-27 16:53:02,ARI,in,0.298,Q2 12:07,-14.0,13287,Jeremiyah Love,RB,13.5,5.7,10.64,16.34,15.47,15.18,0.023,1.0,16.34,,0.0,0
2026-09-27 16:53:02,ARI,in,0.298,Q2 12:07,-14.0,8130,Trey McBride,TE,17.1,0.0,13.78,13.78,11.11,12.0,0.187,1.0,13.78,,0.0,0
2026-09-27 16:53:02,BAL,in,0.205,Q1 2:42,-10.0,3198,Derrick Henry,RB,19.9,2.9,16.3,19.2,18.49,18.72,0.0,1.0,19.2,,0.0,0
2026-09-27 16:53:02,LV,in,0.236,Q1 0:50,-3.0,11604,Brock Bowers,TE,13.9,6.7,11.47,18.17,17.97,17.32,0.157,1.0,18.17,,0.0,0
2026-09-27 16:53:02,DAL,in,0.205,Q1 2:42,10.0,8137,George Pickens,WR,14.4,2.3,9.66,11.96,13.62,13.75,0.154,1.0,11.96,,0.0,0
2026-09-27 16:53:02,NO,in,0.236,Q1 0:50,3.0,8144,Chris Olave,WR,17.5,2.2,12.57,14.77,15.2,15.57,0.012,1.0,14.77,,0.0,0
2026-09-27 16:53:02,NO,in,0.236,Q1 0:50,3.0,7543,Travis Etienne,RB,12.0,1.4,8.48,9.88,10.29,10.57,0.001,1.0,9.88,,0.0,0
2026-09-27 16:53:02,TB,in,0.27,Q2 13:49,-3.0,11584,Bucky Irving,RB,13.1,2.0,9.25,11.25,11.29,11.57,0.039,1.0,11.25,,0.0,0
2026-09-27 16:53:02,TB,in,0.27,Q2 13:49,-3.0,12514,Emeka Egbuka,WR,13.7,1.4,10.2,11.6,10.99,11.4,0.053,1.0,11.6,,0.0,0
2026-09-27 16:53:02,DAL,in,0.205,Q1 2:42,10.0,7588,Javonte Williams,RB,16.5,12.1,14.37,26.47,26.95,25.22,0.031,1.0,26.47,,0.0,0
2026-09-27 16:53:02,BAL,in,0.205,Q1 2:42,-10.0,9997,Zay Flowers,WR,11.5,3.2,10.51,13.71,12.51,12.34,0.0,1.0,13.71,,0.0,0
2026-09-27 16:53:02,BAL,in,0.205,Q1 2:42,-10.0,4881,Lamar Jackson,QB,22.7,3.34,21.67,25.01,21.13,21.39,0.0,1.0,25.01,,0.0,0
2026-09-27 16:53:02,SF,in,0.298,Q2 12:07,14.0,2216,Mike Evans,WR,9.6,10.5,6.38,16.88,18.58,17.24,0.023,1.0,16.88,,0.0,0
2026-09-27 16:53:02,ARI,in,0.298,Q2 12:07,-14.0,11628,Marvin Harrison Jr.,WR,8.2,0.0,6.61,6.61,5.33,5.76,0.187,1.0,6.61,,0.0,0
2026-09-27 16:53:02,ARI,in,0.298,Q2 12:07,-14.0,10232,Michael Wilson,WR,10.8,1.5,8.86,10.36,8.78,9.08,0.187,1.0,10.36,,0.0,0
2026-09-27 16:53:02,DAL,in,0.205,Q1 2:42,10.0,3294,Dak Prescott,QB,19.2,1.36,12.53,13.89,16.11,16.62,0.04,1.0,13.89,,0.0,0
2026-09-27 16:53:02,ARI,in,0.298,Q2 12:07,-14.0,8132,Tyler Allgeier,RB,7.4,4.4,6.15,10.55,9.98,9.59,0.0,1.0,10.55,,0.0,0
2026-09-27 16:53:02,MIN,in,0.27,Q2 13:49,3.0,9756,Jordan Addison,WR,8.7,1.4,6.02,7.42,7.58,7.75,0.02,1.0,7.42,,0.0,0
2026-09-27 16:53:02,SF,in,0.298,Q2 12:07,14.0,8183,Brock Purdy,QB,20.2,14.2,13.39,27.59,29.81,28.38,0.023,1.0,27.59,,0.0,0
2026-09-27 16:53:02,TB,in,0.27,Q2 13:49,-3.0,4037,Chris Godwin,WR,9.3,0.0,6.81,6.81,6.33,6.79,0.14,1.0,6.81,,0.0,0
2026-09-27 16:53:02,MIN,in,0.27,Q2 13:49,3.0,5849,Kyler Murray,QB,16.2,3.34,11.55,14.89,14.98,15.17,0.02,1.0,14.89,,0.0,0
2026-09-27 16:53:02,TB,in,0.27,Q2 13:49,-3.0,4892,Baker Mayfield,QB,16.6,6.32,13.97,20.29,18.78,18.44,0.053,1.0,20.29,,0.0,0
2026-09-27 16:53:02,TB,in,0.27,Q2 13:49,-3.0,7567,Kenneth Gainwell,RB,7.5,0.0,5.0,5.0,5.11,5.48,0.14,1.0,5.0,,0.0,0
2026-09-27 16:53:02,NO,in,0.236,Q1 0:50,3.0,12545,Tyler Shough,QB,19.8,8.84,16.04,24.88,24.76,23.96,0.0,1.0,24.88,,0.0,0
2026-09-27 16:53:02,SF,in,0.298,Q2 12:07,14.0,4217,George Kittle,TE,12.4,2.2,7.01,9.21,10.64,10.9,0.048,1.0,9.21,,0.0,0
2026-09-27 16:53:02,DAL,in,0.205,Q1 2:42,10.0,8110,Jake Ferguson,TE,9.2,0.0,5.98,5.98,6.94,7.31,0.205,1.0,5.98,,0.0,0
2026-09-27 16:53:02,MIN,in,0.27,Q2 13:49,3.0,7049,Jauan Jennings,WR,5.0,0.0,3.37,3.37,3.41,3.65,0.14,1.0,3.37,,0.0,0
2026-09-27 16:53:02,LV,in,0.236,Q1 0:50,-3.0,13305,Mike Washington Jr.,RB,3.4,0.3,2.48,2.78,2.8,2.9,0.157,1.0,2.78,,0.0,0
2026-09-27 16:53:02,TB,in,0.27,Q2 13:49,-3.0,11618,Jalen McMillan,WR,5.6,0.0,4.1,4.1,3.81,4.09,0.14,1.0,4.1,,0.0,0
2026-09-27 16:53:02,MIN,in,0.27,Q2 13:49,3.0,4199,Aaron Jones,RB,13.0,1.9,8.8,10.7,11.1,11.39,0.039,1.0,10.7,,0.0,0
2026-09-27 16:53:02,BAL,in,0.205,Q1 2:42,-10.0,5012,Mark Andrews,TE,13.2,1.9,11.84,13.74,12.23,12.39,0.058,1.0,13.74,,0.0,0
2026-09-27 16:53:02,SF,in,0.298,Q2 12:07,14.0,5872,Deebo Samuel,WR,11.8,14.3,7.99,22.29,24.48,22.58,0.11,1.0,22.29,,0.0,0
2026-09-27 16:53:02,NO,in,0.236,Q1 0:50,3.0,7002,Juwan Johnson,TE,9.6,8.8,7.81,16.61,17.38,16.13,0.0,1.0,16.61,,0.0,0
2026-09-27 16:53:02,ARI,in,0.298,Q2 12:07,-14.0,3257,Jacoby Brissett,QB,14.6,1.34,12.9,14.24,11.06,11.59,0.0,1.0,14.24,,0.0,0
2026-09-27 16:53:02,MIN,in,0.27,Q2 13:49,3.0,5844,T.J. Hockenson,TE,9.1,1.5,6.3,7.8,7.97,8.15,0.06,1.0,7.8,,0.0,0
2026-09-27 16:53:02,LV,in,0.236,Q1 0:50,-3.0,8180,Jalen Nailor,WR,7.2,2.6,5.84,8.44,8.27,8.1,0.191,1.0,8.44,,0.0,0
2026-09-27 16:53:02,TB,in,0.27,Q2 13:49,-3.0,9506,Sean Tucker,RB,1.8,0.0,1.2,1.2,1.23,1.31,0.14,1.0,1.2,,0.0,0
2026-09-27 16:53:02,NO,in,0.236,Q1 0:50,3.0,4035,Alvin Kamara,RB,8.6,0.0,5.81,5.81,6.18,6.57,0.236,1.0,5.81,,0.0,0
2026-09-27 16:53:02,LV,in,0.236,Q1 0:50,-3.0,10213,Tre Tucker,WR,10.5,0.0,8.05,8.05,7.55,8.02,0.236,1.0,8.05,,0.0,0
2026-09-27 16:53:02,TB,in,0.27,Q2 13:49,-3.0,8111,Cade Otton,TE,7.7,2.4,5.91,8.31,8.08,8.02,0.14,1.0,8.31,,0.0,0
2026-09-27 16:53:02,BAL,in,0.205,Q1 2:42,-10.0,13268,Elijah Sarratt,WR,1.4,0.0,1.23,1.23,1.06,1.11,0.205,1.0,1.23,,0.0,0
2026-09-27 16:53:02,DAL,in,0.205,Q1 2:42,10.0,11783,Ryan Flournoy,WR,7.7,0.0,5.01,5.01,5.81,6.12,0.205,1.0,5.01,,0.0,0
2026-09-27 16:53:02,NO,in,0.236,Q1 0:50,3.0,11834,Devaughn Vele,WR,11.8,2.1,8.55,10.65,10.98,11.11,0.062,1.0,10.65,,0.0,0
2026-09-27 16:53:02,MIN,in,0.27,Q2 13:49,3.0,13347,Demond Claiborne,RB,1.2,0.2,0.82,1.02,1.05,1.08,0.076,1.0,1.02,,0.0,0
2026-09-27 16:53:02,TB,in,0.27,Q2 13:49,-3.0,12485,Tez Johnson,WR,2.1,0.0,1.54,1.54,1.43,1.53,0.14,1.0,1.54,,0.0,0
2026-09-27 16:53:02,BAL,in,0.205,Q1 2:42,-10.0,5995,Justice Hill,RB,7.5,0.0,5.85,5.85,5.66,5.96,0.205,1.0,5.85,,0.0,0
2026-09-27 16:53:02,BAL,in,0.205,Q1 2:42,-10.0,7571,Rashod Bateman,WR,11.5,0.0,10.1,10.1,8.67,9.14,0.205,1.0,10.1,,0.0,0
2026-09-27 16:53:02,DAL,in,0.205,Q1 2:42,10.0,11199,Emari Demercado,RB,2.1,0.0,1.41,1.41,1.58,1.67,0.205,1.0,1.41,,0.0,0
2026-09-27 16:53:02,TB,in,0.27,Q2 13:49,-3.0,13317,Ted Hurst,WR,6.1,11.0,5.72,16.72,17.16,15.45,0.132,1.0,16.72,,0.0,0
2026-09-27 16:53:02,SF,in,0.298,Q2 12:07,14.0,12467,Jordan James,RB,1.9,0.0,1.07,1.07,1.23,1.33,0.187,1.0,1.07,,0.0,0
2026-09-27 16:53:02,MIN,in,0.27,Q2 13:49,3.0,11565,J.J. McCarthy,QB,0.5,0.0,0.33,0.33,0.34,0.37,0.14,0.3,0.1,,0.0,0
2026-09-27 16:53:02,LV,in,0.236,Q1 0:50,-3.0,1166,Kirk Cousins,QB,14.4,2.28,11.85,14.13,13.07,13.28,0.113,1.0,14.13,,0.0,0
2026-09-27 16:53:02,SF,in,0.298,Q2 12:07,14.0,7527,Mac Jones,QB,0.5,0.0,0.24,0.24,0.32,0.35,0.187,0.3,0.07,,0.0,0
2026-09-27 16:53:02,LV,in,0.236,Q1 0:50,-3.0,12483,Jack Bech,WR,4.5,0.0,3.45,3.45,3.23,3.44,0.236,1.0,3.45,,0.0,0
2026-09-27 16:53:02,NO,in,0.236,Q1 0:50,3.0,13420,Bryce Lance,WR,3.9,0.0,2.74,2.74,2.8,2.98,0.236,1.0,2.74,,0.0,0
2026-09-27 16:53:02,ARI,in,0.298,Q2 12:07,-14.0,4454,Kendrick Bourne,WR,6.0,0.0,4.83,4.83,3.9,4.21,0.187,1.0,4.83,,0.0,0
2026-09-27 16:53:02,LV,in,0.236,Q1 0:50,-3.0,9482,Michael Mayer,TE,6.7,0.0,5.14,5.14,4.82,5.12,0.236,1.0,5.14,,0.0,0
2026-09-27 16:53:02,MIN,in,0.27,Q2 13:49,3.0,5973,Josh Oliver,TE,3.5,0.0,2.36,2.36,2.38,2.56,0.14,1.0,2.36,,0.0,0
2026-09-27 16:53:02,BAL,in,0.205,Q1 2:42,-10.0,11629,Devontez Walker,WR,4.4,0.0,3.87,3.87,3.32,3.5,0.205,1.0,3.87,,0.0,0
2026-09-27 16:53:02,DAL,in,0.205,Q1 2:42,10.0,8917,KaVontae Turpin,WR,3.5,1.9,2.52,4.42,4.92,4.68,0.04,1.0,4.42,,0.0,0
2026-09-27 16:53:02,NO,in,0.236,Q1 0:50,3.0,13319,Oscar Delp,TE,1.0,0.0,0.7,0.7,0.72,0.76,0.236,1.0,0.7,,0.0,0
2026-09-27 16:53:02,NO,in,0.236,Q1 0:50,3.0,5857,Noah Fant,TE,3.5,0.0,2.46,2.46,2.52,2.67,0.236,1.0,2.46,,0.0,0
2026-09-27 16:53:02,ARI,in,0.298,Q2 12:07,-14.0,6011,Gardner Minshew,QB,0.5,0.0,0.43,0.43,0.32,0.35,0.187,0.889,0.38,,0.0,0
2026-09-27 16:53:02,BAL,in,0.205,Q1 2:42,-10.0,11570,Rasheen Ali,RB,0.8,0.0,0.62,0.62,0.6,0.64,0.205,1.0,0.62,,0.0,0
2026-09-27 16:53:02,SF,in,0.298,Q2 12:07,14.0,13414,Kaelon Black,RB,5.2,-0.1,2.89,2.79,3.26,3.55,0.083,1.0,2.79,,0.0,0
2026-09-27 16:53:02,ARI,in,0.298,Q2 12:07,-14.0,10231,Elijah Higgins,TE,2.4,1.4,2.08,3.48,3.2,3.08,0.187,1.0,3.48,,0.0,0
2026-09-27 16:53:02,DAL,in,0.205,Q1 2:42,10.0,10871,Luke Schoonmaker,TE,1.6,1.9,1.28,3.18,3.48,3.17,0.179,1.0,3.18,,0.0,0
2026-09-27 16:53:02,NO,in,0.236,Q1 0:50,3.0,9757,Kendre Miller,RB,1.8,0.0,1.22,1.22,1.29,1.38,0.236,1.0,1.22,,0.0,0
2026-09-27 16:53:02,DAL,in,0.205,Q1 2:42,10.0,11533,Brandon Aubrey,K,8.9,4.0,7.51,11.51,11.51,11.08,0.031,1.0,11.51,,0.0,0
2026-09-27 16:53:02,MIN,in,0.27,Q2 13:49,3.0,11792,Will Reichard,K,8.2,6.0,6.68,12.68,12.68,11.99,0.14,1.0,12.68,,0.0,0
2026-09-27 16:53:02,TB,in,0.27,Q2 13:49,-3.0,6650,Chase McLaughlin,K,7.4,1.0,5.22,6.22,6.22,6.4,0.132,1.0,6.22,,0.0,0
2026-09-27 16:53:02,BAL,in,0.205,Q1 2:42,-10.0,12711,Tyler Loop,K,9.4,0.0,7.09,7.09,7.09,7.47,0.205,1.0,7.09,,0.0,0
2026-09-27 16:53:02,SF,in,0.298,Q2 12:07,14.0,5189,Eddy Pineiro,K,9.6,2.0,6.59,8.59,8.59,8.74,0.047,1.0,8.59,,0.0,0
2026-09-27 16:53:02,ARI,in,0.298,Q2 12:07,-14.0,10955,Chad Ryland,K,6.3,0.0,4.09,4.09,4.09,4.42,0.187,1.0,4.09,,0.0,0
2026-09-27 16:53:02,NO,in,0.236,Q1 0:50,3.0,5095,Daniel Carlson,K,7.5,-1.0,5.2,4.2,4.2,4.73,0.0,1.0,4.2,,0.0,0
2026-09-27 16:53:02,LV,in,0.236,Q1 0:50,-3.0,6083,Matt Gay,K,7.1,4.0,5.87,9.87,9.87,9.42,0.112,1.0,9.87,,0.0,0
2026-09-27 16:53:02,MIN,in,0.27,Q2 13:49,3.0,MIN,Minnesota Vikings D/ST,DST,7.1,10.0,-1.46,8.54,16.66,15.18,0.132,1.0,8.54,,0.0,0
2026-09-27 16:53:02,BAL,in,0.205,Q1 2:42,-10.0,BAL,Baltimore Ravens D/ST,DST,5.0,5.0,-0.59,4.41,9.77,8.97,0.031,1.0,4.41,,0.0,0
2026-09-27 16:53:02,SF,in,0.298,Q2 12:07,14.0,SF,San Francisco 49ers D/ST,DST,7.1,10.0,-1.21,8.79,16.37,14.98,0.187,1.0,8.79,,0.0,0
2026-09-27 16:53:02,NO,in,0.236,Q1 0:50,3.0,NO,New Orleans Saints D/ST,DST,7.3,8.0,-1.02,6.98,14.78,13.58,0.112,1.0,6.98,,0.0,0
2026-09-27 16:53:02,TB,in,0.27,Q2 13:49,-3.0,TB,Tampa Bay Buccaneers D/ST,DST,6.4,5.0,0.05,5.05,10.27,9.67,0.02,1.0,5.05,,0.0,0
2026-09-27 16:53:02,DAL,in,0.205,Q1 2:42,10.0,DAL,Dallas Cowboys D/ST,DST,3.7,10.0,-2.9,7.1,14.78,12.94,0.205,1.0,7.1,,0.0,0
2026-09-27 16:53:02,LV,in,0.236,Q1 0:50,-3.0,LV,Las Vegas Raiders D/ST,DST,5.8,9.0,-1.92,7.08,14.89,13.43,0.0,1.0,7.08,,0.0,0
2026-09-27 16:53:02,ARI,in,0.298,Q2 12:07,-14.0,ARI,Arizona Cardinals D/ST,DST,3.8,1.0,0.8,1.8,3.64,3.67,0.047,1.0,1.8,,0.0,0
2026-09-27 16:53:02,ARI,in,0.298,Q2 12:07,-14.0,13272,Carson Beck,QB,1.7,0.0,1.46,1.46,1.1,1.19,0.187,0.889,1.3,,0.0,0
2026-09-27 16:53:02,LV,in,0.236,Q1 0:50,-3.0,13329,Malik Benson,WR,2.1,0.0,1.61,1.61,1.51,1.6,0.236,1.0,1.61,,0.0,0
2026-09-27 16:53:02,TB,in,0.27,Q2 13:49,-3.0,13425,Jalon Daniels,QB,0.4,0.0,0.3,0.3,0.27,0.29,0.14,0.3,0.09,,0.0,0
2026-09-27 16:53:02,BAL,in,0.205,Q1 2:42,-10.0,5008,Durham Smythe,TE,2.2,0.0,1.93,1.93,1.66,1.75,0.205,1.0,1.93,,0.0,0
2026-09-27 16:54:02,SF,in,0.298,Q2 12:07,14.0,4034,Christian McCaffrey,RB,21.8,3.9,13.22,17.12,18.75,19.2,0.097,1.0,17.12,,0.0,0
2026-09-27 16:54:02,DAL,in,0.228,Q1 1:18,4.0,6786,CeeDee Lamb,WR,19.1,0.0,13.35,13.35,13.9,14.74,0.228,1.0,13.35,,0.0,0
2026-09-27 16:54:02,MIN,in,0.283,Q2 13:02,3.0,6794,Justin Jefferson,WR,17.2,5.2,11.96,17.16,17.6,17.54,0.153,1.0,17.16,,0.0,0
2026-09-27 16:54:02,LV,in,0.236,Q1 0:50,-3.0,12527,Ashton Jeanty,RB,18.5,2.0,13.59,15.59,15.68,16.13,0.113,1.0,15.59,,0.0,0
2026-09-27 16:54:02,ARI,in,0.298,Q2 12:07,-14.0,13287,Jeremiyah Love,RB,13.5,5.7,10.64,16.34,15.47,15.18,0.023,1.0,16.34,,0.0,0
2026-09-27 16:54:02,ARI,in,0.298,Q2 12:07,-14.0,8130,Trey McBride,TE,17.1,0.0,13.78,13.78,11.11,12.0,0.187,1.0,13.78,,0.0,0
2026-09-27 16:54:02,BAL,in,0.228,Q1 1:18,-4.0,3198,Derrick Henry,RB,19.9,9.8,16.94,26.74,26.17,25.16,0.0,1.0,26.74,,0.0,0
2026-09-27 16:54:02,LV,in,0.236,Q1 0:50,-3.0,11604,Brock Bowers,TE,13.9,6.7,11.47,18.17,17.97,17.32,0.157,1.0,18.17,,0.0,0
2026-09-27 16:54:02,DAL,in,0.228,Q1 1:18,4.0,8137,George Pickens,WR,14.4,2.3,10.35,12.65,13.22,13.41,0.177,1.0,12.65,,0.0,0
2026-09-27 16:54:02,NO,in,0.236,Q1 0:50,3.0,8144,Chris Olave,WR,17.5,2.2,12.57,14.77,15.2,15.57,0.012,1.0,14.77,,0.0,0
2026-09-27 16:54:02,NO,in,0.236,Q1 0:50,3.0,7543,Travis Etienne,RB,12.0,1.4,8.48,9.88,10.29,10.57,0.001,1.0,9.88,,0.0,0
2026-09-27 16:54:02,TB,in,0.283,Q2 13:02,-3.0,11584,Bucky Irving,RB,13.1,2.0,9.05,11.05,11.09,11.4,0.052,1.0,11.05,,0.0,0
2026-09-27 16:54:02,TB,in,0.283,Q2 13:02,-3.0,12514,Emeka Egbuka,WR,13.7,1.4,10.01,11.41,10.78,11.23,0.066,1.0,11.41,,0.0,0
2026-09-27 16:54:02,DAL,in,0.228,Q1 1:18,4.0,7588,Javonte Williams,RB,16.5,12.1,14.44,26.54,26.44,24.83,0.054,1.0,26.54,,0.0,0
2026-09-27 16:54:02,BAL,in,0.228,Q1 1:18,-4.0,9997,Zay Flowers,WR,11.5,3.2,9.43,12.63,12.18,12.07,0.023,1.0,12.63,,0.0,0
2026-09-27 16:54:02,BAL,in,0.228,Q1 1:18,-4.0,4881,Lamar Jackson,QB,22.7,3.34,19.13,22.47,20.5,20.86,0.023,1.0,22.47,,0.0,0
2026-09-27 16:54:02,SF,in,0.298,Q2 12:07,14.0,2216,Mike Evans,WR,9.6,10.5,6.38,16.88,18.58,17.24,0.023,1.0,16.88,,0.0,0
2026-09-27 16:54:02,ARI,in,0.298,Q2 12:07,-14.0,11628,Marvin Harrison Jr.,WR,8.2,0.0,6.61,6.61,5.33,5.76,0.187,1.0,6.61,,0.0,0
2026-09-27 16:54:02,ARI,in,0.298,Q2 12:07,-14.0,10232,Michael Wilson,WR,10.8,1.5,8.86,10.36,8.78,9.08,0.187,1.0,10.36,,0.0,0
2026-09-27 16:54:02,DAL,in,0.228,Q1 1:18,4.0,3294,Dak Prescott,QB,19.2,1.36,13.66,15.02,15.59,16.18,0.063,1.0,15.02,,0.0,0
2026-09-27 16:54:02,ARI,in,0.298,Q2 12:07,-14.0,8132,Tyler Allgeier,RB,7.4,4.4,6.15,10.55,9.98,9.59,0.0,1.0,10.55,,0.0,0
2026-09-27 16:54:02,MIN,in,0.283,Q2 13:02,3.0,9756,Jordan Addison,WR,8.7,1.4,5.91,7.31,7.45,7.64,0.033,1.0,7.31,,0.0,0
2026-09-27 16:54:02,SF,in,0.298,Q2 12:07,14.0,8183,Brock Purdy,QB,20.2,14.2,13.39,27.59,29.81,28.38,0.023,1.0,27.59,,0.0,0
2026-09-27 16:54:02,TB,in,0.283,Q2 13:02,-3.0,4037,Chris Godwin,WR,9.3,0.0,6.69,6.69,6.2,6.67,0.153,1.0,6.69,,0.0,0
2026-09-27 16:54:02,MIN,in,0.283,Q2 13:02,3.0,5849,Kyler Murray,QB,16.2,3.34,11.32,14.66,14.74,14.96,0.033,1.0,14.66,,0.0,0
2026-09-27 16:54:02,TB,in,0.283,Q2 13:02,-3.0,4892,Baker Mayfield,QB,16.6,6.32,13.73,20.05,18.52,18.23,0.066,1.0,20.05,,0.0,0
2026-09-27 16:54:02,TB,in,0.283,Q2 13:02,-3.0,7567,Kenneth Gainwell,RB,7.5,0.0,4.89,4.89,5.0,5.38,0.153,1.0,4.89,,0.0,0
2026-09-27 16:54:02,NO,in,0.236,Q1 0:50,3.0,12545,Tyler Shough,QB,19.8,8.84,16.04,24.88,24.76,23.96,0.0,1.0,24.88,,0.0,0
2026-09-27 16:54:02,SF,in,0.298,Q2 12:07,14.0,4217,George Kittle,TE,12.4,2.2,7.01,9.21,10.64,10.9,0.048,1.0,9.21,,0.0,0
2026-09-27 16:54:02,DAL,in,0.228,Q1 1:18,4.0,8110,Jake Ferguson,TE,9.2,0.0,6.43,6.43,6.69,7.1,0.228,1.0,6.43,,0.0,0
2026-09-27 16:54:02,MIN,in,0.283,Q2 13:02,3.0,7049,Jauan Jennings,WR,5.0,0.0,3.31,3.31,3.33,3.59,0.153,1.0,3.31,,0.0,0
2026-09-27 16:54:02,LV,in,0.236,Q1 0:50,-3.0,13305,Mike Washington Jr.,RB,3.4,0.3,2.48,2.78,2.8,2.9,0.157,1.0,2.78,,0.0,0
2026-09-27 16:54:02,TB,in,0.283,Q2 13:02,-3.0,11618,Jalen McMillan,WR,5.6,0.0,4.03,4.03,3.73,4.02,0.153,1.0,4.03,,0.0,0
2026-09-27 16:54:02,MIN,in,0.283,Q2 13:02,3.0,4199,Aaron Jones,RB,13.0,1.9,8.61,10.51,10.91,11.22,0.052,1.0,10.51,,0.0,0
2026-09-27 16:54:02,BAL,in,0.228,Q1 1:18,-4.0,5012,Mark Andrews,TE,13.2,1.9,10.6,12.5,11.87,12.09,0.082,1.0,12.5,,0.0,0
2026-09-27 16:54:02,SF,in,0.298,Q2 12:07,14.0,5872,Deebo Samuel,WR,11.8,14.3,7.99,22.29,24.48,22.58,0.11,1.0,22.29,,0.0,0
2026-09-27 16:54:02,NO,in,0.236,Q1 0:50,3.0,7002,Juwan Johnson,TE,9.6,8.8,7.81,16.61,17.38,16.13,0.0,1.0,16.61,,0.0,0
2026-09-27 16:54:02,ARI,in,0.298,Q2 12:07,-14.0,3257,Jacoby Brissett,QB,14.6,1.34,12.9,14.24,11.06,11.59,0.0,1.0,14.24,,0.0,0
2026-09-27 16:54:02,MIN,in,0.283,Q2 13:02,3.0,5844,T.J. Hockenson,TE,9.1,1.5,6.19,7.69,7.83,8.03,0.073,1.0,7.69,,0.0,0
2026-09-27 16:54:02,LV,in,0.236,Q1 0:50,-3.0,8180,Jalen Nailor,WR,7.2,2.6,5.84,8.44,8.27,8.1,0.191,1.0,8.44,,0.0,0
2026-09-27 16:54:02,TB,in,0.283,Q2 13:02,-3.0,9506,Sean Tucker,RB,1.8,0.0,1.17,1.17,1.2,1.29,0.153,1.0,1.17,,0.0,0
2026-09-27 16:54:02,NO,in,0.236,Q1 0:50,3.0,4035,Alvin Kamara,RB,8.6,0.0,5.81,5.81,6.18,6.57,0.236,1.0,5.81,,0.0,0
2026-09-27 16:54:02,LV,in,0.236,Q1 0:50,-3.0,10213,Tre Tucker,WR,10.5,0.0,8.05,8.05,7.55,8.02,0.236,1.0,8.05,,0.0,0
2026-09-27 16:54:02,TB,in,0.283,Q2 13:02,-3.0,8111,Cade Otton,TE,7.7,2.4,5.8,8.2,7.96,7.92,0.153,1.0,8.2,,0.0,0
2026-09-27 16:54:02,BAL,in,0.228,Q1 1:18,-4.0,13268,Elijah Sarratt,WR,1.4,0.0,1.1,1.1,1.02,1.08,0.228,1.0,1.1,,0.0,0
2026-09-27 16:54:02,DAL,in,0.228,Q1 1:18,4.0,11783,Ryan Flournoy,WR,7.7,0.0,5.38,5.38,5.6,5.94,0.228,1.0,5.38,,0.0,0
2026-09-27 16:54:02,NO,in,0.236,Q1 0:50,3.0,11834,Devaughn Vele,WR,11.8,2.1,8.55,10.65,10.98,11.11,0.062,1.0,10.65,,0.0,0
2026-09-27 16:54:02,MIN,in,0.283,Q2 13:02,3.0,13347,Demond Claiborne,RB,1.2,0.2,0.8,1.0,1.04,1.06,0.089,1.0,1.0,,0.0,0
2026-09-27 16:54:02,TB,in,0.283,Q2 13:02,-3.0,12485,Tez Johnson,WR,2.1,0.0,1.51,1.51,1.4,1.51,0.153,1.0,1.51,,0.0,0
2026-09-27 16:54:02,BAL,in,0.228,Q1 1:18,-4.0,5995,Justice Hill,RB,7.5,0.0,5.4,5.4,5.46,5.79,0.228,1.0,5.4,,0.0,0
2026-09-27 16:54:02,BAL,in,0.228,Q1 1:18,-4.0,7571,Rashod Bateman,WR,11.5,0.0,9.04,9.04,8.37,8.87,0.228,1.0,9.04,,0.0,0
2026-09-27 16:54:02,DAL,in,0.228,Q1 1:18,4.0,11199,Emari Demercado,RB,2.1,0.0,1.43,1.43,1.53,1.62,0.228,1.0,1.43,,0.0,0
2026-09-27 16:54:02,TB,in,0.283,Q2 13:02,-3.0,13317,Ted Hurst,WR,6.1,11.0,5.6,16.6,17.04,15.38,0.145,1.0,16.6,,0.0,0
2026-09-27 16:54:02,SF,in,0.298,Q2 12:07,14.0,12467,Jordan James,RB,1.9,0.0,1.07,1.07,1.23,1.33,0.187,1.0,1.07,,0.0,0
2026-09-27 16:54:02,MIN,in,0.283,Q2 13:02,3.0,11565,J.J. McCarthy,QB,0.5,0.0,0.32,0.32,0.33,0.36,0.153,0.3,0.1,,0.0,0
2026-09-27 16:54:02,LV,in,0.236,Q1 0:50,-3.0,1166,Kirk Cousins,QB,14.4,2.28,11.85,14.13,13.07,13.28,0.113,1.0,14.13,,0.0,0
2026-09-27 16:54:02,SF,in,0.298,Q2 12:07,14.0,7527,Mac Jones,QB,0.5,0.0,0.24,0.24,0.32,0.35,0.187,0.3,0.07,,0.0,0
2026-09-27 16:54:02,LV,in,0.236,Q1 0:50,-3.0,12483,Jack Bech,WR,4.5,0.0,3.45,3.45,3.23,3.44,0.236,1.0,3.45,,0.0,0
2026-09-27 16:54:02,NO,in,0.236,Q1 0:50,3.0,13420,Bryce Lance,WR,3.9,0.0,2.74,2.74,2.8,2.98,0.236,1.0,2.74,,0.0,0
2026-09-27 16:54:02,ARI,in,0.298,Q2 12:07,-14.0,4454,Kendrick Bourne,WR,6.0,0.0,4.83,4.83,3.9,4.21,0.187,1.0,4.83,,0.0,0
2026-09-27 16:54:02,LV,in,0.236,Q1 0:50,-3.0,9482,Michael Mayer,TE,6.7,0.0,5.14,5.14,4.82,5.12,0.236,1.0,5.14,,0.0,0
2026-09-27 16:54:02,MIN,in,0.283,Q2 13:02,3.0,5973,Josh Oliver,TE,3.5,0.0,2.32,2.32,2.33,2.51,0.153,1.0,2.32,,0.0,0
2026-09-27 16:54:02,BAL,in,0.228,Q1 1:18,-4.0,11629,Devontez Walker,WR,4.4,0.0,3.46,3.46,3.2,3.4,0.228,1.0,3.46,,0.0,0
2026-09-27 16:54:02,DAL,in,0.228,Q1 1:18,4.0,8917,KaVontae Turpin,WR,3.5,1.9,2.68,4.58,4.81,4.6,0.063,1.0,4.58,,0.0,0
2026-09-27 16:54:02,NO,in,0.236,Q1 0:50,3.0,13319,Oscar Delp,TE,1.0,0.0,0.7,0.7,0.72,0.76,0.236,1.0,0.7,,0.0,0
2026-09-27 16:54:02,NO,in,0.236,Q1 0:50,3.0,5857,Noah Fant,TE,3.5,0.0,2.46,2.46,2.52,2.67,0.236,1.0,2.46,,0.0,0
2026-09-27 16:54:02,ARI,in,0.298,Q2 12:07,-14.0,6011,Gardner Minshew,QB,0.5,0.0,0.43,0.43,0.32,0.35,0.187,0.889,0.38,,0.0,0
2026-09-27 16:54:02,BAL,in,0.228,Q1 1:18,-4.0,11570,Rasheen Ali,RB,0.8,0.0,0.58,0.58,0.58,0.62,0.228,1.0,0.58,,0.0,0
2026-09-27 16:54:02,SF,in,0.298,Q2 12:07,14.0,13414,Kaelon Black,RB,5.2,-0.1,2.89,2.79,3.26,3.55,0.083,1.0,2.79,,0.0,0
2026-09-27 16:54:02,ARI,in,0.298,Q2 12:07,-14.0,10231,Elijah Higgins,TE,2.4,1.4,2.08,3.48,3.2,3.08,0.187,1.0,3.48,,0.0,0
2026-09-27 16:54:02,DAL,in,0.228,Q1 1:18,4.0,10871,Luke Schoonmaker,TE,1.6,1.9,1.35,3.25,3.43,3.13,0.203,1.0,3.25,,0.0,0
2026-09-27 16:54:02,NO,in,0.236,Q1 0:50,3.0,9757,Kendre Miller,RB,1.8,0.0,1.22,1.22,1.29,1.38,0.236,1.0,1.22,,0.0,0
2026-09-27 16:54:02,DAL,in,0.228,Q1 1:18,4.0,11533,Brandon Aubrey,K,8.9,4.0,7.25,11.25,11.25,10.87,0.054,1.0,11.25,,0.0,0
2026-09-27 16:54:02,MIN,in,0.283,Q2 13:02,3.0,11792,Will Reichard,K,8.2,6.0,6.54,12.54,12.54,11.88,0.153,1.0,12.54,,0.0,0
2026-09-27 16:54:02,TB,in,0.283,Q2 13:02,-3.0,6650,Chase McLaughlin,K,7.4,1.0,5.11,6.11,6.11,6.31,0.145,1.0,6.11,,0.0,0
2026-09-27 16:54:02,BAL,in,0.228,Q1 1:18,-4.0,12711,Tyler Loop,K,9.4,0.0,6.84,6.84,6.84,7.25,0.228,1.0,6.84,,0.0,0
2026-09-27 16:54:02,SF,in,0.298,Q2 12:07,14.0,5189,Eddy Pineiro,K,9.6,2.0,6.59,8.59,8.59,8.74,0.047,1.0,8.59,,0.0,0
2026-09-27 16:54:02,ARI,in,0.298,Q2 12:07,-14.0,10955,Chad Ryland,K,6.3,0.0,4.09,4.09,4.09,4.42,0.187,1.0,4.09,,0.0,0
2026-09-27 16:54:02,NO,in,0.236,Q1 0:50,3.0,5095,Daniel Carlson,K,7.5,-1.0,5.2,4.2,4.2,4.73,0.0,1.0,4.2,,0.0,0
2026-09-27 16:54:02,LV,in,0.236,Q1 0:50,-3.0,6083,Matt Gay,K,7.1,4.0,5.87,9.87,9.87,9.42,0.112,1.0,9.87,,0.0,0
2026-09-27 16:54:02,MIN,in,0.283,Q2 13:02,3.0,MIN,Minnesota Vikings D/ST,DST,7.1,11.0,-1.8,9.2,17.7,16.09,0.0,1.0,9.2,,0.0,0
2026-09-27 16:54:02,BAL,in,0.228,Q1 1:18,-4.0,BAL,Baltimore Ravens D/ST,DST,5.0,5.0,-0.22,4.78,9.6,8.86,0.054,1.0,4.78,,0.0,0
2026-09-27 16:54:02,SF,in,0.298,Q2 12:07,14.0,SF,San Francisco 49ers D/ST,DST,7.1,10.0,-1.21,8.79,16.37,14.98,0.187,1.0,8.79,,0.0,0
2026-09-27 16:54:02,NO,in,0.236,Q1 0:50,3.0,NO,New Orleans Saints D/ST,DST,7.3,8.0,-1.02,6.98,14.78,13.58,0.112,1.0,6.98,,0.0,0
2026-09-27 16:54:02,TB,in,0.283,Q2 13:02,-3.0,TB,Tampa Bay Buccaneers D/ST,DST,6.4,5.0,0.03,5.03,10.16,9.59,0.033,1.0,5.03,,0.0,0
2026-09-27 16:54:02,DAL,in,0.228,Q1 1:18,4.0,DAL,Dallas Cowboys D/ST,DST,3.7,7.0,-1.27,5.73,11.04,9.86,0.0,1.0,5.73,,0.0,0
2026-09-27 16:54:02,LV,in,0.236,Q1 0:50,-3.0,LV,Las Vegas Raiders D/ST,DST,5.8,9.0,-1.92,7.08,14.89,13.43,0.0,1.0,7.08,,0.0,0
2026-09-27 16:54:02,ARI,in,0.298,Q2 12:07,-14.0,ARI,Arizona Cardinals D/ST,DST,3.8,1.0,0.8,1.8,3.64,3.67,0.047,1.0,1.8,,0.0,0
2026-09-27 16:54:02,ARI,in,0.298,Q2 12:07,-14.0,13272,Carson Beck,QB,1.7,0.0,1.46,1.46,1.1,1.19,0.187,0.889,1.3,,0.0,0
2026-09-27 16:54:02,LV,in,0.236,Q1 0:50,-3.0,13329,Malik Benson,WR,2.1,0.0,1.61,1.61,1.51,1.6,0.236,1.0,1.61,,0.0,0
2026-09-27 16:54:02,TB,in,0.283,Q2 13:02,-3.0,13425,Jalon Daniels,QB,0.4,0.0,0.29,0.29,0.27,0.29,0.153,0.3,0.09,,0.0,0
2026-09-27 16:54:02,BAL,in,0.228,Q1 1:18,-4.0,5008,Durham Smythe,TE,2.2,0.0,1.73,1.73,1.6,1.7,0.228,1.0,1.73,,0.0,0
2026-09-27 16:55:03,SF,in,0.298,Q2 12:06,14.0,4034,Christian McCaffrey,RB,21.8,5.4,13.6,19.0,20.5,20.7,0.0,1.0,19.0,,0.0,0
2026-09-27 16:55:03,DAL,in,0.228,Q1 1:18,3.0,6786,CeeDee Lamb,WR,19.1,0.0,13.56,13.56,13.9,14.74,0.228,1.0,13.56,,0.0,0
2026-09-27 16:55:03,MIN,in,0.283,Q2 13:00,3.0,6794,Justin Jefferson,WR,17.2,5.2,11.95,17.15,17.59,17.53,0.154,1.0,17.15,,0.0,0
2026-09-27 16:55:03,LV,in,0.236,Q1 0:50,-3.0,12527,Ashton Jeanty,RB,18.5,3.3,13.93,17.23,17.23,17.43,0.0,1.0,17.23,,0.0,0
2026-09-27 16:55:03,ARI,in,0.298,Q2 12:06,-14.0,13287,Jeremiyah Love,RB,13.5,5.7,10.63,16.33,15.47,15.17,0.023,1.0,16.33,,0.0,0
2026-09-27 16:55:03,ARI,in,0.298,Q2 12:06,-14.0,8130,Trey McBride,TE,17.1,0.0,13.77,13.77,11.1,12.0,0.187,1.0,13.77,,0.0,0
2026-09-27 16:55:03,BAL,in,0.228,Q1 1:18,-3.0,3198,Derrick Henry,RB,19.9,9.8,16.84,26.64,26.17,25.16,0.0,1.0,26.64,,0.0,0
2026-09-27 16:55:03,LV,in,0.236,Q1 0:50,-3.0,11604,Brock Bowers,TE,13.9,6.7,11.47,18.17,17.97,17.32,0.157,1.0,18.17,,0.0,0
2026-09-27 16:55:03,DAL,in,0.228,Q1 1:18,3.0,8137,George Pickens,WR,14.4,2.3,10.5,12.8,13.22,13.41,0.177,1.0,12.8,,0.0,0
2026-09-27 16:55:03,NO,in,0.236,Q1 0:50,3.0,8144,Chris Olave,WR,17.5,2.2,12.57,14.77,15.2,15.57,0.012,1.0,14.77,,0.0,0
2026-09-27 16:55:03,NO,in,0.236,Q1 0:50,3.0,7543,Travis Etienne,RB,12.0,1.4,8.48,9.88,10.29,10.57,0.001,1.0,9.88,,0.0,0
2026-09-27 16:55:03,TB,in,0.283,Q2 13:00,-3.0,11584,Bucky Irving,RB,13.1,2.0,9.04,11.04,11.08,11.39,0.052,1.0,11.04,,0.0,0
2026-09-27 16:55:03,TB,in,0.283,Q2 13:00,-3.0,12514,Emeka Egbuka,WR,13.7,1.4,10.0,11.4,10.77,11.22,0.067,1.0,11.4,,0.0,0
2026-09-27 16:55:03,DAL,in,0.228,Q1 1:18,3.0,7588,Javonte Williams,RB,16.5,12.1,14.52,26.62,26.44,24.83,0.054,1.0,26.62,,0.0,0
2026-09-27 16:55:03,BAL,in,0.228,Q1 1:18,-3.0,9997,Zay Flowers,WR,11.5,3.2,9.3,12.5,12.18,12.07,0.023,1.0,12.5,,0.0,0
2026-09-27 16:55:03,BAL,in,0.228,Q1 1:18,-3.0,4881,Lamar Jackson,QB,22.7,3.34,18.81,22.15,20.5,20.86,0.023,1.0,22.15,,0.0,0
2026-09-27 16:55:03,SF,in,0.298,Q2 12:06,14.0,2216,Mike Evans,WR,9.6,10.5,6.37,16.87,18.58,17.24,0.023,1.0,16.87,,0.0,0
2026-09-27 16:55:03,ARI,in,0.298,Q2 12:06,-14.0,11628,Marvin Harrison Jr.,WR,8.2,0.0,6.6,6.6,5.32,5.75,0.187,1.0,6.6,,0.0,0
2026-09-27 16:55:03,ARI,in,0.298,Q2 12:06,-14.0,10232,Michael Wilson,WR,10.8,1.5,8.86,10.36,8.78,9.08,0.187,1.0,10.36,,0.0,0
2026-09-27 16:55:03,DAL,in,0.228,Q1 1:18,3.0,3294,Dak Prescott,QB,19.2,1.36,13.93,15.29,15.59,16.18,0.063,1.0,15.29,,0.0,0
2026-09-27 16:55:03,ARI,in,0.298,Q2 12:06,-14.0,8132,Tyler Allgeier,RB,7.4,4.4,6.15,10.55,9.98,9.59,0.0,1.0,10.55,,0.0,0
2026-09-27 16:55:03,MIN,in,0.283,Q2 13:00,3.0,9756,Jordan Addison,WR,8.7,1.4,5.91,7.31,7.44,7.63,0.033,1.0,7.31,,0.0,0
2026-09-27 16:55:03,SF,in,0.298,Q2 12:06,14.0,8183,Brock Purdy,QB,20.2,14.4,13.43,27.83,30.04,28.57,0.0,1.0,27.83,,0.0,0
2026-09-27 16:55:03,TB,in,0.283,Q2 13:00,-3.0,4037,Chris Godwin,WR,9.3,0.0,6.68,6.68,6.19,6.67,0.154,1.0,6.68,,0.0,0
2026-09-27 16:55:03,MIN,in,0.283,Q2 13:00,3.0,5849,Kyler Murray,QB,16.2,3.34,11.31,14.65,14.73,14.95,0.033,1.0,14.65,,0.0,0
2026-09-27 16:55:03,TB,in,0.283,Q2 13:00,-3.0,4892,Baker Mayfield,QB,16.6,6.32,13.72,20.04,18.51,18.22,0.067,1.0,20.04,,0.0,0
2026-09-27 16:55:03,TB,in,0.283,Q2 13:00,-3.0,7567,Kenneth Gainwell,RB,7.5,0.0,4.88,4.88,4.99,5.38,0.154,1.0,4.88,,0.0,0
2026-09-27 16:55:03,NO,in,0.236,Q1 0:50,3.0,12545,Tyler Shough,QB,19.8,8.84,16.04,24.88,24.76,23.96,0.0,1.0,24.88,,0.0,0
2026-09-27 16:55:03,SF,in,0.298,Q2 12:06,14.0,4217,George Kittle,TE,12.4,2.2,7.01,9.21,10.64,10.9,0.048,1.0,9.21,,0.0,0
2026-09-27 16:55:03,DAL,in,0.228,Q1 1:18,3.0,8110,Jake Ferguson,TE,9.2,0.0,6.53,6.53,6.69,7.1,0.228,1.0,6.53,,0.0,0
2026-09-27 16:55:03,MIN,in,0.283,Q2 13:00,3.0,7049,Jauan Jennings,WR,5.0,0.0,3.31,3.31,3.33,3.58,0.154,1.0,3.31,,0.0,0
2026-09-27 16:55:03,LV,in,0.236,Q1 0:50,-3.0,13305,Mike Washington Jr.,RB,3.4,0.3,2.48,2.78,2.8,2.9,0.157,1.0,2.78,,0.0,0
2026-09-27 16:55:03,TB,in,0.283,Q2 13:00,-3.0,11618,Jalen McMillan,WR,5.6,0.0,4.03,4.03,3.73,4.01,0.154,1.0,4.03,,0.0,0
2026-09-27 16:55:03,MIN,in,0.283,Q2 13:00,3.0,4199,Aaron Jones,RB,13.0,1.9,8.6,10.5,10.9,11.22,0.052,1.0,10.5,,0.0,0
2026-09-27 16:55:03,BAL,in,0.228,Q1 1:18,-3.0,5012,Mark Andrews,TE,13.2,1.9,10.46,12.36,11.87,12.09,0.082,1.0,12.36,,0.0,0
2026-09-27 16:55:03,SF,in,0.298,Q2 12:06,14.0,5872,Deebo Samuel,WR,11.8,14.3,7.98,22.28,24.47,22.58,0.11,1.0,22.28,,0.0,0
2026-09-27 16:55:03,NO,in,0.236,Q1 0:50,3.0,7002,Juwan Johnson,TE,9.6,8.8,7.81,16.61,17.38,16.13,0.0,1.0,16.61,,0.0,0
2026-09-27 16:55:03,ARI,in,0.298,Q2 12:06,-14.0,3257,Jacoby Brissett,QB,14.6,1.34,12.89,14.23,11.06,11.58,0.0,1.0,14.23,,0.0,0
2026-09-27 16:55:03,MIN,in,0.283,Q2 13:00,3.0,5844,T.J. Hockenson,TE,9.1,1.5,6.18,7.68,7.83,8.02,0.074,1.0,7.68,,0.0,0
2026-09-27 16:55:03,LV,in,0.236,Q1 0:50,-3.0,8180,Jalen Nailor,WR,7.2,2.6,5.84,8.44,8.27,8.1,0.191,1.0,8.44,,0.0,0
2026-09-27 16:55:03,TB,in,0.283,Q2 13:00,-3.0,9506,Sean Tucker,RB,1.8,0.0,1.17,1.17,1.2,1.29,0.154,1.0,1.17,,0.0,0
2026-09-27 16:55:03,NO,in,0.236,Q1 0:50,3.0,4035,Alvin Kamara,RB,8.6,0.0,5.81,5.81,6.18,6.57,0.236,1.0,5.81,,0.0,0
2026-09-27 16:55:03,LV,in,0.236,Q1 0:50,-3.0,10213,Tre Tucker,WR,10.5,0.0,8.05,8.05,7.55,8.02,0.236,1.0,8.05,,0.0,0
2026-09-27 16:55:03,TB,in,0.283,Q2 13:00,-3.0,8111,Cade Otton,TE,7.7,2.4,5.8,8.2,7.96,7.92,0.154,1.0,8.2,,0.0,0
2026-09-27 16:55:03,BAL,in,0.228,Q1 1:18,-3.0,13268,Elijah Sarratt,WR,1.4,0.0,1.08,1.08,1.02,1.08,0.228,1.0,1.08,,0.0,0
2026-09-27 16:55:03,DAL,in,0.228,Q1 1:18,3.0,11783,Ryan Flournoy,WR,7.7,0.0,5.46,5.46,5.6,5.94,0.228,1.0,5.46,,0.0,0
2026-09-27 16:55:03,NO,in,0.236,Q1 0:50,3.0,11834,Devaughn Vele,WR,11.8,2.1,8.55,10.65,10.98,11.11,0.062,1.0,10.65,,0.0,0
2026-09-27 16:55:03,MIN,in,0.283,Q2 13:00,3.0,13347,Demond Claiborne,RB,1.2,0.2,0.8,1.0,1.03,1.06,0.089,1.0,1.0,,0.0,0
2026-09-27 16:55:03,TB,in,0.283,Q2 13:00,-3.0,12485,Tez Johnson,WR,2.1,0.0,1.51,1.51,1.4,1.51,0.154,1.0,1.51,,0.0,0
2026-09-27 16:55:03,BAL,in,0.228,Q1 1:18,-3.0,5995,Justice Hill,RB,7.5,0.0,5.36,5.36,5.46,5.79,0.228,1.0,5.36,,0.0,0
2026-09-27 16:55:03,BAL,in,0.228,Q1 1:18,-3.0,7571,Rashod Bateman,WR,11.5,0.0,8.91,8.91,8.37,8.87,0.228,1.0,8.91,,0.0,0
2026-09-27 16:55:03,DAL,in,0.228,Q1 1:18,3.0,11199,Emari Demercado,RB,2.1,0.0,1.44,1.44,1.53,1.62,0.228,1.0,1.44,,0.0,0
2026-09-27 16:55:03,TB,in,0.283,Q2 13:00,-3.0,13317,Ted Hurst,WR,6.1,11.0,5.6,16.6,17.03,15.37,0.146,1.0,16.6,,0.0,0
2026-09-27 16:55:03,SF,in,0.298,Q2 12:06,14.0,12467,Jordan James,RB,1.9,0.0,1.07,1.07,1.23,1.33,0.187,1.0,1.07,,0.0,0
2026-09-27 16:55:03,MIN,in,0.283,Q2 13:00,3.0,11565,J.J. McCarthy,QB,0.5,0.0,0.32,0.32,0.33,0.36,0.154,0.3,0.1,,0.0,0
2026-09-27 16:55:03,LV,in,0.236,Q1 0:50,-3.0,1166,Kirk Cousins,QB,14.4,2.4,11.88,14.28,13.21,13.4,0.0,1.0,14.28,,0.0,0
2026-09-27 16:55:03,SF,in,0.298,Q2 12:06,14.0,7527,Mac Jones,QB,0.5,0.0,0.24,0.24,0.32,0.35,0.187,0.3,0.07,,0.0,0
2026-09-27 16:55:03,LV,in,0.236,Q1 0:50,-3.0,12483,Jack Bech,WR,4.5,0.0,3.45,3.45,3.23,3.44,0.236,1.0,3.45,,0.0,0
2026-09-27 16:55:03,NO,in,0.236,Q1 0:50,3.0,13420,Bryce Lance,WR,3.9,0.0,2.74,2.74,2.8,2.98,0.236,1.0,2.74,,0.0,0
2026-09-27 16:55:03,ARI,in,0.298,Q2 12:06,-14.0,4454,Kendrick Bourne,WR,6.0,0.0,4.83,4.83,3.9,4.21,0.187,1.0,4.83,,0.0,0
2026-09-27 16:55:03,LV,in,0.236,Q1 0:50,-3.0,9482,Michael Mayer,TE,6.7,0.0,5.14,5.14,4.82,5.12,0.236,1.0,5.14,,0.0,0
2026-09-27 16:55:03,MIN,in,0.283,Q2 13:00,3.0,5973,Josh Oliver,TE,3.5,0.0,2.31,2.31,2.33,2.51,0.154,1.0,2.31,,0.0,0
2026-09-27 16:55:03,BAL,in,0.228,Q1 1:18,-3.0,11629,Devontez Walker,WR,4.4,0.0,3.41,3.41,3.2,3.4,0.228,1.0,3.41,,0.0,0
2026-09-27 16:55:03,DAL,in,0.228,Q1 1:18,3.0,8917,KaVontae Turpin,WR,3.5,1.9,2.72,4.62,4.81,4.6,0.063,1.0,4.62,,0.0,0
2026-09-27 16:55:03,NO,in,0.236,Q1 0:50,3.0,13319,Oscar Delp,TE,1.0,0.0,0.7,0.7,0.72,0.76,0.236,1.0,0.7,,0.0,0
2026-09-27 16:55:03,NO,in,0.236,Q1 0:50,3.0,5857,Noah Fant,TE,3.5,0.0,2.46,2.46,2.52,2.67,0.236,1.0,2.46,,0.0,0
2026-09-27 16:55:03,ARI,in,0.298,Q2 12:06,-14.0,6011,Gardner Minshew,QB,0.5,0.0,0.43,0.43,0.32,0.35,0.187,0.888,0.38,,0.0,0
2026-09-27 16:55:03,BAL,in,0.228,Q1 1:18,-3.0,11570,Rasheen Ali,RB,0.8,0.0,0.57,0.57,0.58,0.62,0.228,1.0,0.57,,0.0,0
2026-09-27 16:55:03,SF,in,0.298,Q2 12:06,14.0,13414,Kaelon Black,RB,5.2,-0.1,2.89,2.79,3.26,3.55,0.083,1.0,2.79,,0.0,0
2026-09-27 16:55:03,ARI,in,0.298,Q2 12:06,-14.0,10231,Elijah Higgins,TE,2.4,1.4,2.08,3.48,3.2,3.08,0.187,1.0,3.48,,0.0,0
2026-09-27 16:55:03,DAL,in,0.228,Q1 1:18,3.0,10871,Luke Schoonmaker,TE,1.6,1.9,1.37,3.27,3.43,3.13,0.203,1.0,3.27,,0.0,0
2026-09-27 16:55:03,NO,in,0.236,Q1 0:50,3.0,9757,Kendre Miller,RB,1.8,0.0,1.22,1.22,1.29,1.38,0.236,1.0,1.22,,0.0,0
2026-09-27 16:55:03,DAL,in,0.228,Q1 1:18,3.0,11533,Brandon Aubrey,K,8.9,4.0,7.25,11.25,11.25,10.87,0.054,1.0,11.25,,0.0,0
2026-09-27 16:55:03,MIN,in,0.283,Q2 13:00,3.0,11792,Will Reichard,K,8.2,6.0,6.54,12.54,12.54,11.88,0.154,1.0,12.54,,0.0,0
2026-09-27 16:55:03,TB,in,0.283,Q2 13:00,-3.0,6650,Chase McLaughlin,K,7.4,1.0,5.11,6.11,6.11,6.3,0.146,1.0,6.11,,0.0,0
2026-09-27 16:55:03,BAL,in,0.228,Q1 1:18,-3.0,12711,Tyler Loop,K,9.4,1.0,7.03,8.03,8.03,8.25,0.0,1.0,8.03,,0.0,0
2026-09-27 16:55:03,SF,in,0.298,Q2 12:06,14.0,5189,Eddy Pineiro,K,9.6,2.0,6.58,8.58,8.58,8.74,0.047,1.0,8.58,,0.0,0
2026-09-27 16:55:03,ARI,in,0.298,Q2 12:06,-14.0,10955,Chad Ryland,K,6.3,0.0,4.09,4.09,4.09,4.42,0.187,1.0,4.09,,0.0,0
2026-09-27 16:55:03,NO,in,0.236,Q1 0:50,3.0,5095,Daniel Carlson,K,7.5,-1.0,5.2,4.2,4.2,4.73,0.0,1.0,4.2,,0.0,0
2026-09-27 16:55:03,LV,in,0.236,Q1 0:50,-3.0,6083,Matt Gay,K,7.1,4.0,5.87,9.87,9.87,9.42,0.112,1.0,9.87,,0.0,0
2026-09-27 16:55:03,MIN,in,0.283,Q2 13:00,3.0,MIN,Minnesota Vikings D/ST,DST,7.1,11.0,-1.79,9.21,17.7,16.09,0.001,1.0,9.21,,0.0,0
2026-09-27 16:55:03,BAL,in,0.228,Q1 1:18,-3.0,BAL,Baltimore Ravens D/ST,DST,5.0,5.0,-0.17,4.83,9.6,8.86,0.054,1.0,4.83,,0.0,0
2026-09-27 16:55:03,SF,in,0.298,Q2 12:06,14.0,SF,San Francisco 49ers D/ST,DST,7.1,10.0,-1.21,8.79,16.36,14.98,0.187,1.0,8.79,,0.0,0
2026-09-27 16:55:03,NO,in,0.236,Q1 0:50,3.0,NO,New Orleans Saints D/ST,DST,7.3,8.0,-1.02,6.98,14.78,13.58,0.112,1.0,6.98,,0.0,0
2026-09-27 16:55:03,TB,in,0.283,Q2 13:00,-3.0,TB,Tampa Bay Buccaneers D/ST,DST,6.4,5.0,0.03,5.03,10.16,9.59,0.033,1.0,5.03,,0.0,0
2026-09-27 16:55:03,DAL,in,0.228,Q1 1:18,3.0,DAL,Dallas Cowboys D/ST,DST,3.7,4.0,-0.03,3.97,7.46,6.86,0.0,1.0,3.97,,0.0,0
2026-09-27 16:55:03,LV,in,0.236,Q1 0:50,-3.0,LV,Las Vegas Raiders D/ST,DST,5.8,9.0,-1.92,7.08,14.89,13.43,0.0,1.0,7.08,,0.0,0
2026-09-27 16:55:03,ARI,in,0.298,Q2 12:06,-14.0,ARI,Arizona Cardinals D/ST,DST,3.8,1.0,0.79,1.79,3.64,3.67,0.047,1.0,1.79,,0.0,0
2026-09-27 16:55:03,ARI,in,0.298,Q2 12:06,-14.0,13272,Carson Beck,QB,1.7,0.0,1.46,1.46,1.1,1.19,0.187,0.888,1.3,,0.0,0
2026-09-27 16:55:03,LV,in,0.236,Q1 0:50,-3.0,13329,Malik Benson,WR,2.1,0.0,1.61,1.61,1.51,1.6,0.236,1.0,1.61,,0.0,0
2026-09-27 16:55:03,TB,in,0.283,Q2 13:00,-3.0,13425,Jalon Daniels,QB,0.4,0.0,0.29,0.29,0.27,0.29,0.154,0.3,0.09,,0.0,0
2026-09-27 16:55:03,BAL,in,0.228,Q1 1:18,-3.0,5008,Durham Smythe,TE,2.2,0.0,1.7,1.7,1.6,1.7,0.228,1.0,1.7,,0.0,0
2026-09-27 16:56:04,SF,in,0.308,Q2 11:30,14.0,4034,Christian McCaffrey,RB,21.8,5.4,13.39,18.79,20.25,20.48,0.01,1.0,18.79,,0.0,0
2026-09-27 16:56:04,DAL,in,0.228,Q1 1:18,3.0,6786,CeeDee Lamb,WR,19.1,0.0,13.56,13.56,13.9,14.74,0.228,1.0,13.56,,0.0,0
2026-09-27 16:56:04,MIN,in,0.477,Q2 1:21,3.0,6794,Justin Jefferson,WR,17.2,5.2,7.98,13.18,13.79,14.19,0.348,1.0,13.18,,0.0,0
2026-09-27 16:56:04,LV,in,0.5,Q2 0:00,-3.0,12527,Ashton Jeanty,RB,18.5,3.3,8.06,11.36,11.81,12.55,0.264,0.904,10.59,,0.0,0
2026-09-27 16:56:04,ARI,in,0.308,Q2 11:30,-14.0,13287,Jeremiyah Love,RB,13.5,5.7,10.46,16.16,15.3,15.04,0.033,1.0,16.16,,0.0,0
2026-09-27 16:56:04,ARI,in,0.308,Q2 11:30,-14.0,8130,Trey McBride,TE,17.1,0.0,13.61,13.61,10.92,11.83,0.197,1.0,13.61,,0.0,0
2026-09-27 16:56:04,BAL,in,0.228,Q1 1:18,-3.0,3198,Derrick Henry,RB,19.9,9.8,16.84,26.64,26.17,25.16,0.0,1.0,26.64,,0.0,0
2026-09-27 16:56:04,LV,in,0.5,Q2 0:00,-3.0,11604,Brock Bowers,TE,13.9,8.2,6.98,15.18,15.31,15.15,0.0,1.0,15.18,,0.0,0
2026-09-27 16:56:04,DAL,in,0.228,Q1 1:18,3.0,8137,George Pickens,WR,14.4,2.3,10.5,12.8,13.22,13.41,0.177,1.0,12.8,,0.0,0
2026-09-27 16:56:04,NO,in,0.5,Q2 0:00,3.0,8144,Chris Olave,WR,17.5,2.2,7.31,9.51,10.13,10.95,0.276,1.0,9.51,,0.0,0
2026-09-27 16:56:04,NO,in,0.5,Q2 0:00,3.0,7543,Travis Etienne,RB,12.0,1.4,4.93,6.33,6.82,7.4,0.265,0.903,5.86,,0.0,0
2026-09-27 16:56:04,TB,in,0.477,Q2 1:21,-3.0,11584,Bucky Irving,RB,13.1,2.0,6.03,8.03,8.29,8.84,0.247,0.93,7.61,,0.0,0
2026-09-27 16:56:04,TB,in,0.477,Q2 1:21,-3.0,12514,Emeka Egbuka,WR,13.7,1.4,6.79,8.19,7.89,8.56,0.261,1.0,8.19,,0.0,0
2026-09-27 16:56:04,DAL,in,0.228,Q1 1:18,3.0,7588,Javonte Williams,RB,16.5,12.2,14.55,26.75,26.56,24.93,0.0,1.0,26.75,,0.0,0
2026-09-27 16:56:04,BAL,in,0.228,Q1 1:18,-3.0,9997,Zay Flowers,WR,11.5,3.2,9.3,12.5,12.18,12.07,0.023,1.0,12.5,,0.0,0
2026-09-27 16:56:04,BAL,in,0.228,Q1 1:18,-3.0,4881,Lamar Jackson,QB,22.7,3.34,18.81,22.15,20.5,20.86,0.023,1.0,22.15,,0.0,0
2026-09-27 16:56:04,SF,in,0.308,Q2 11:30,14.0,2216,Mike Evans,WR,9.6,10.5,6.28,16.78,18.44,17.14,0.033,1.0,16.78,,0.0,0
2026-09-27 16:56:04,ARI,in,0.308,Q2 11:30,-14.0,11628,Marvin Harrison Jr.,WR,8.2,0.0,6.52,6.52,5.23,5.67,0.197,1.0,6.52,,0.0,0
2026-09-27 16:56:04,ARI,in,0.308,Q2 11:30,-14.0,10232,Michael Wilson,WR,10.8,1.5,8.75,10.25,8.65,8.97,0.197,1.0,10.25,,0.0,0
2026-09-27 16:56:04,DAL,in,0.228,Q1 1:18,3.0,3294,Dak Prescott,QB,19.2,1.36,13.93,15.29,15.59,16.18,0.063,1.0,15.29,,0.0,0
2026-09-27 16:56:04,ARI,in,0.308,Q2 11:30,-14.0,8132,Tyler Allgeier,RB,7.4,4.4,6.05,10.45,9.88,9.52,0.01,1.0,10.45,,0.0,0
2026-09-27 16:56:04,MIN,in,0.477,Q2 1:21,3.0,9756,Jordan Addison,WR,8.7,1.4,3.93,5.33,5.59,5.95,0.227,1.0,5.33,,0.0,0
2026-09-27 16:56:04,SF,in,0.308,Q2 11:30,14.0,8183,Brock Purdy,QB,20.2,14.4,13.18,27.58,29.78,28.37,0.01,1.0,27.58,,0.0,0
2026-09-27 16:56:04,TB,in,0.477,Q2 1:21,-3.0,4037,Chris Godwin,WR,9.3,2.3,4.73,7.03,6.88,7.16,0.0,1.0,7.03,,0.0,0
2026-09-27 16:56:04,MIN,in,0.477,Q2 1:21,3.0,5849,Kyler Murray,QB,16.2,3.34,7.31,10.65,11.23,11.8,0.227,0.768,8.95,,0.0,0
2026-09-27 16:56:04,TB,in,0.477,Q2 1:21,-3.0,4892,Baker Mayfield,QB,16.6,6.84,9.05,15.89,15.37,15.51,0.0,1.0,15.89,,0.0,0
2026-09-27 16:56:04,TB,in,0.477,Q2 1:21,-3.0,7567,Kenneth Gainwell,RB,7.5,0.0,3.25,3.25,3.45,3.92,0.348,1.0,3.25,,0.0,0
2026-09-27 16:56:04,NO,in,0.5,Q2 0:00,3.0,12545,Tyler Shough,QB,19.8,8.84,8.97,17.81,18.61,18.74,0.264,0.658,14.74,,0.0,0
2026-09-27 16:56:04,SF,in,0.308,Q2 11:30,14.0,4217,George Kittle,TE,12.4,2.2,6.9,9.1,10.5,10.78,0.058,1.0,9.1,,0.0,0
2026-09-27 16:56:04,DAL,in,0.228,Q1 1:18,3.0,8110,Jake Ferguson,TE,9.2,0.0,6.53,6.53,6.69,7.1,0.228,1.0,6.53,,0.0,0
2026-09-27 16:56:04,MIN,in,0.477,Q2 1:21,3.0,7049,Jauan Jennings,WR,5.0,0.0,2.19,2.19,2.3,2.61,0.348,1.0,2.19,,0.0,0
2026-09-27 16:56:04,LV,in,0.5,Q2 0:00,-3.0,13305,Mike Washington Jr.,RB,3.4,0.3,1.43,1.73,1.83,2.0,0.421,0.669,1.26,,0.0,0
2026-09-27 16:56:04,TB,in,0.477,Q2 1:21,-3.0,11618,Jalen McMillan,WR,5.6,0.0,2.73,2.73,2.58,2.93,0.348,1.0,2.73,,0.0,0
2026-09-27 16:56:04,MIN,in,0.477,Q2 1:21,3.0,4199,Aaron Jones,RB,13.0,1.9,5.77,7.67,8.13,8.69,0.247,0.93,7.26,,0.0,0
2026-09-27 16:56:04,BAL,in,0.228,Q1 1:18,-3.0,5012,Mark Andrews,TE,13.2,1.9,10.46,12.36,11.87,12.09,0.082,1.0,12.36,,0.0,0
2026-09-27 16:56:04,SF,in,0.308,Q2 11:30,14.0,5872,Deebo Samuel,WR,11.8,14.3,7.87,22.17,24.31,22.46,0.12,1.0,22.17,,0.0,0
2026-09-27 16:56:04,NO,in,0.5,Q2 0:00,3.0,7002,Juwan Johnson,TE,9.6,8.8,4.62,13.42,14.1,13.6,0.264,1.0,13.42,,0.0,0
2026-09-27 16:56:04,ARI,in,0.308,Q2 11:30,-14.0,3257,Jacoby Brissett,QB,14.6,1.34,12.71,14.05,10.89,11.44,0.01,1.0,14.05,,0.0,0
2026-09-27 16:56:04,MIN,in,0.477,Q2 1:21,3.0,5844,T.J. Hockenson,TE,9.1,1.5,4.12,5.62,5.88,6.25,0.268,1.0,5.62,,0.0,0
2026-09-27 16:56:04,LV,in,0.5,Q2 0:00,-3.0,8180,Jalen Nailor,WR,7.2,2.6,3.48,6.08,6.08,6.2,0.455,1.0,6.08,,0.0,0
2026-09-27 16:56:04,TB,in,0.477,Q2 1:21,-3.0,9506,Sean Tucker,RB,1.8,0.0,0.78,0.78,0.83,0.94,0.348,1.0,0.78,,0.0,0
2026-09-27 16:56:04,NO,in,0.5,Q2 0:00,3.0,4035,Alvin Kamara,RB,8.6,0.0,3.37,3.37,3.76,4.3,0.5,1.0,3.37,,0.0,0
2026-09-27 16:56:04,LV,in,0.5,Q2 0:00,-3.0,10213,Tre Tucker,WR,10.5,0.0,4.77,4.77,4.59,5.25,0.5,1.0,4.77,,0.0,0
2026-09-27 16:56:04,TB,in,0.477,Q2 1:21,-3.0,8111,Cade Otton,TE,7.7,2.4,3.95,6.35,6.26,6.42,0.348,1.0,6.35,,0.0,0
2026-09-27 16:56:04,BAL,in,0.228,Q1 1:18,-3.0,13268,Elijah Sarratt,WR,1.4,0.0,1.08,1.08,1.02,1.08,0.228,1.0,1.08,,0.0,0
2026-09-27 16:56:04,DAL,in,0.228,Q1 1:18,3.0,11783,Ryan Flournoy,WR,7.7,0.0,5.46,5.46,5.6,5.94,0.228,1.0,5.46,,0.0,0
2026-09-27 16:56:04,NO,in,0.5,Q2 0:00,3.0,11834,Devaughn Vele,WR,11.8,2.1,4.98,7.08,7.53,8.0,0.326,1.0,7.08,,0.0,0
2026-09-27 16:56:04,MIN,in,0.477,Q2 1:21,3.0,13347,Demond Claiborne,RB,1.2,0.2,0.54,0.74,0.78,0.83,0.284,0.875,0.67,,0.0,0
2026-09-27 16:56:04,TB,in,0.477,Q2 1:21,-3.0,12485,Tez Johnson,WR,2.1,0.0,1.02,1.02,0.97,1.1,0.348,1.0,1.02,,0.0,0
2026-09-27 16:56:04,BAL,in,0.228,Q1 1:18,-3.0,5995,Justice Hill,RB,7.5,0.0,5.36,5.36,5.46,5.79,0.228,1.0,5.36,,0.0,0
2026-09-27 16:56:04,BAL,in,0.228,Q1 1:18,-3.0,7571,Rashod Bateman,WR,11.5,0.0,8.91,8.91,8.37,8.87,0.228,1.0,8.91,,0.0,0
2026-09-27 16:56:04,DAL,in,0.228,Q1 1:18,3.0,11199,Emari Demercado,RB,2.1,0.0,1.44,1.44,1.53,1.62,0.228,1.0,1.44,,0.0,0
2026-09-27 16:56:04,TB,in,0.477,Q2 1:21,-3.0,13317,Ted Hurst,WR,6.1,11.0,3.91,14.91,15.24,14.19,0.34,1.0,14.91,,0.0,0
2026-09-27 16:56:04,SF,in,0.308,Q2 11:30,14.0,12467,Jordan James,RB,1.9,0.0,1.05,1.05,1.21,1.31,0.197,1.0,1.05,,0.0,0
2026-09-27 16:56:04,MIN,in,0.477,Q2 1:21,3.0,11565,J.J. McCarthy,QB,0.5,0.0,0.21,0.21,0.23,0.26,0.348,0.3,0.06,,0.0,0
2026-09-27 16:56:04,LV,in,0.5,Q2 0:00,-3.0,1166,Kirk Cousins,QB,14.4,2.6,6.82,9.42,9.22,9.8,0.0,1.0,9.42,,0.0,0
2026-09-27 16:56:04,SF,in,0.308,Q2 11:30,14.0,7527,Mac Jones,QB,0.5,0.0,0.23,0.23,0.32,0.35,0.197,0.3,0.07,,0.0,0
2026-09-27 16:56:04,LV,in,0.5,Q2 0:00,-3.0,12483,Jack Bech,WR,4.5,0.0,2.04,2.04,1.97,2.25,0.5,1.0,2.04,,0.0,0
2026-09-27 16:56:04,NO,in,0.5,Q2 0:00,3.0,13420,Bryce Lance,WR,3.9,0.0,1.59,1.59,1.71,1.95,0.5,1.0,1.59,,0.0,0
2026-09-27 16:56:04,ARI,in,0.308,Q2 11:30,-14.0,4454,Kendrick Bourne,WR,6.0,0.0,4.77,4.77,3.83,4.15,0.197,1.0,4.77,,0.0,0
2026-09-27 16:56:04,LV,in,0.5,Q2 0:00,-3.0,9482,Michael Mayer,TE,6.7,0.0,3.04,3.04,2.93,3.35,0.5,1.0,3.04,,0.0,0
2026-09-27 16:56:04,MIN,in,0.477,Q2 1:21,3.0,5973,Josh Oliver,TE,3.5,0.0,1.53,1.53,1.61,1.83,0.348,1.0,1.53,,0.0,0
2026-09-27 16:56:04,BAL,in,0.228,Q1 1:18,-3.0,11629,Devontez Walker,WR,4.4,0.0,3.41,3.41,3.2,3.4,0.228,1.0,3.41,,0.0,0
2026-09-27 16:56:04,DAL,in,0.228,Q1 1:18,3.0,8917,KaVontae Turpin,WR,3.5,1.9,2.72,4.62,4.81,4.6,0.063,1.0,4.62,,0.0,0
2026-09-27 16:56:04,NO,in,0.5,Q2 0:00,3.0,13319,Oscar Delp,TE,1.0,0.0,0.41,0.41,0.44,0.5,0.5,1.0,0.41,,0.0,0
2026-09-27 16:56:04,NO,in,0.5,Q2 0:00,3.0,5857,Noah Fant,TE,3.5,0.0,1.43,1.43,1.53,1.75,0.5,1.0,1.43,,0.0,0
2026-09-27 16:56:04,ARI,in,0.308,Q2 11:30,-14.0,6011,Gardner Minshew,QB,0.5,0.0,0.42,0.42,0.32,0.35,0.197,0.858,0.36,,0.0,0
2026-09-27 16:56:04,BAL,in,0.228,Q1 1:18,-3.0,11570,Rasheen Ali,RB,0.8,0.0,0.57,0.57,0.58,0.62,0.228,1.0,0.57,,0.0,0
2026-09-27 16:56:04,SF,in,0.308,Q2 11:30,14.0,13414,Kaelon Black,RB,5.2,-0.1,2.85,2.75,3.2,3.5,0.093,1.0,2.75,,0.0,0
2026-09-27 16:56:04,ARI,in,0.308,Q2 11:30,-14.0,10231,Elijah Higgins,TE,2.4,1.4,2.06,3.46,3.17,3.06,0.197,1.0,3.46,,0.0,0
2026-09-27 16:56:04,DAL,in,0.228,Q1 1:18,3.0,10871,Luke Schoonmaker,TE,1.6,1.9,1.37,3.27,3.43,3.13,0.203,1.0,3.27,,0.0,0
2026-09-27 16:56:04,NO,in,0.5,Q2 0:00,3.0,9757,Kendre Miller,RB,1.8,0.0,0.71,0.71,0.79,0.9,0.5,1.0,0.71,,0.0,0
2026-09-27 16:56:04,DAL,in,0.228,Q1 1:18,3.0,11533,Brandon Aubrey,K,8.9,4.0,7.25,11.25,11.25,10.87,0.054,1.0,11.25,,0.0,0
2026-09-27 16:56:04,MIN,in,0.477,Q2 1:21,3.0,11792,Will Reichard,K,8.2,6.0,4.56,10.56,10.56,10.28,0.348,1.0,10.56,,0.0,0
2026-09-27 16:56:04,TB,in,0.477,Q2 1:21,-3.0,6650,Chase McLaughlin,K,7.4,1.0,3.54,4.54,4.54,4.87,0.34,1.0,4.54,,0.0,0
2026-09-27 16:56:04,BAL,in,0.228,Q1 1:18,-3.0,12711,Tyler Loop,K,9.4,1.0,7.03,8.03,8.03,8.25,0.0,1.0,8.03,,0.0,0
2026-09-27 16:56:04,SF,in,0.308,Q2 11:30,14.0,5189,Eddy Pineiro,K,9.6,2.0,6.47,8.47,8.47,8.64,0.057,1.0,8.47,,0.0,0
2026-09-27 16:56:04,ARI,in,0.308,Q2 11:30,-14.0,10955,Chad Ryland,K,6.3,0.0,4.02,4.02,4.02,4.36,0.197,1.0,4.02,,0.0,0
2026-09-27 16:56:04,NO,in,0.5,Q2 0:00,3.0,5095,Daniel Carlson,K,7.5,-1.0,3.16,2.16,2.16,2.75,0.264,1.0,2.16,,0.0,0
2026-09-27 16:56:04,LV,in,0.5,Q2 0:00,-3.0,6083,Matt Gay,K,7.1,4.0,3.61,7.61,7.61,7.55,0.376,1.0,7.61,,0.0,0
2026-09-27 16:56:04,MIN,in,0.477,Q2 1:21,3.0,MIN,Minnesota Vikings D/ST,DST,7.1,11.0,-0.65,10.35,15.7,14.71,0.195,1.0,10.35,,0.0,0
2026-09-27 16:56:04,BAL,in,0.228,Q1 1:18,-3.0,BAL,Baltimore Ravens D/ST,DST,5.0,5.0,-0.17,4.83,9.6,8.86,0.054,1.0,4.83,,0.0,0
2026-09-27 16:56:04,SF,in,0.308,Q2 11:30,14.0,SF,San Francisco 49ers D/ST,DST,7.1,10.0,-1.14,8.86,16.26,14.91,0.197,1.0,8.86,,0.0,0
2026-09-27 16:56:04,NO,in,0.5,Q2 0:00,3.0,NO,New Orleans Saints D/ST,DST,7.3,8.0,-0.01,7.99,12.19,11.65,0.376,1.0,7.99,,0.0,0
2026-09-27 16:56:04,TB,in,0.477,Q2 1:21,-3.0,TB,Tampa Bay Buccaneers D/ST,DST,6.4,5.0,0.13,5.13,8.6,8.34,0.227,1.0,5.13,,0.0,0
2026-09-27 16:56:04,DAL,in,0.228,Q1 1:18,3.0,DAL,Dallas Cowboys D/ST,DST,3.7,4.0,-0.03,3.97,7.46,6.86,0.0,1.0,3.97,,0.0,0
2026-09-27 16:56:04,LV,in,0.5,Q2 0:00,-3.0,LV,Las Vegas Raiders D/ST,DST,5.8,9.0,-0.69,8.31,12.66,11.9,0.264,1.0,8.31,,0.0,0
2026-09-27 16:56:04,ARI,in,0.308,Q2 11:30,-14.0,ARI,Arizona Cardinals D/ST,DST,3.8,1.0,0.76,1.76,3.6,3.63,0.057,1.0,1.76,,0.0,0
2026-09-27 16:56:04,ARI,in,0.308,Q2 11:30,-14.0,13272,Carson Beck,QB,1.7,0.0,1.44,1.44,1.09,1.18,0.197,0.858,1.24,,0.0,0
2026-09-27 16:56:04,LV,in,0.5,Q2 0:00,-3.0,13329,Malik Benson,WR,2.1,0.0,0.95,0.95,0.92,1.05,0.5,1.0,0.95,,0.0,0
2026-09-27 16:56:04,TB,in,0.477,Q2 1:21,-3.0,13425,Jalon Daniels,QB,0.4,0.0,0.19,0.19,0.18,0.21,0.348,0.3,0.06,,0.0,0
2026-09-27 16:56:04,BAL,in,0.228,Q1 1:18,-3.0,5008,Durham Smythe,TE,2.2,0.0,1.7,1.7,1.6,1.7,0.228,1.0,1.7,,0.0,0
2026-09-27 16:57:04,SF,in,0.313,Q2 11:12,14.0,4034,Christian McCaffrey,RB,21.8,5.4,13.28,18.68,20.12,20.37,0.015,1.0,18.68,,0.0,0
2026-09-27 16:57:04,DAL,in,0.228,Q1 1:18,3.0,6786,CeeDee Lamb,WR,19.1,0.0,13.56,13.56,13.9,14.74,0.228,1.0,13.56,,0.0,0
2026-09-27 16:57:04,MIN,in,0.477,Q2 1:21,3.0,6794,Justin Jefferson,WR,17.2,5.2,7.98,13.18,13.79,14.19,0.348,1.0,13.18,,0.0,0
2026-09-27 16:57:04,LV,in,0.25,Q1 0:00,-3.0,12527,Ashton Jeanty,RB,18.5,2.3,13.36,15.66,15.74,16.18,0.0,1.0,15.66,,0.0,0
2026-09-27 16:57:04,ARI,in,0.313,Q2 11:12,-14.0,13287,Jeremiyah Love,RB,13.5,5.7,10.38,16.08,15.22,14.97,0.038,1.0,16.08,,0.0,0
2026-09-27 16:57:04,ARI,in,0.313,Q2 11:12,-14.0,8130,Trey McBride,TE,17.1,0.0,13.53,13.53,10.82,11.74,0.202,1.0,13.53,,0.0,0
2026-09-27 16:57:04,BAL,in,0.228,Q1 1:18,-3.0,3198,Derrick Henry,RB,19.9,9.8,16.84,26.64,26.17,25.16,0.0,1.0,26.64,,0.0,0
2026-09-27 16:57:04,LV,in,0.25,Q1 0:00,-3.0,11604,Brock Bowers,TE,13.9,8.2,11.43,19.63,19.51,18.62,0.0,1.0,19.63,,0.0,0
2026-09-27 16:57:04,DAL,in,0.228,Q1 1:18,3.0,8137,George Pickens,WR,14.4,2.3,10.5,12.8,13.22,13.41,0.177,1.0,12.8,,0.0,0
2026-09-27 16:57:04,NO,in,0.25,Q1 0:00,3.0,8144,Chris Olave,WR,17.5,2.2,12.35,14.55,14.92,15.32,0.026,1.0,14.55,,0.0,0
2026-09-27 16:57:04,NO,in,0.25,Q1 0:00,3.0,7543,Travis Etienne,RB,12.0,1.4,8.3,9.7,10.1,10.4,0.015,1.0,9.7,,0.0,0
2026-09-27 16:57:04,TB,in,0.477,Q2 1:21,-3.0,11584,Bucky Irving,RB,13.1,2.0,6.03,8.03,8.29,8.84,0.247,0.93,7.61,,0.0,0
2026-09-27 16:57:04,TB,in,0.477,Q2 1:21,-3.0,12514,Emeka Egbuka,WR,13.7,1.4,6.79,8.19,7.89,8.56,0.261,1.0,8.19,,0.0,0
2026-09-27 16:57:04,DAL,in,0.228,Q1 1:18,3.0,7588,Javonte Williams,RB,16.5,12.2,14.55,26.75,26.56,24.93,0.0,1.0,26.75,,0.0,0
2026-09-27 16:57:04,BAL,in,0.228,Q1 1:18,-3.0,9997,Zay Flowers,WR,11.5,3.2,9.3,12.5,12.18,12.07,0.023,1.0,12.5,,0.0,0
2026-09-27 16:57:04,BAL,in,0.228,Q1 1:18,-3.0,4881,Lamar Jackson,QB,22.7,3.34,18.81,22.15,20.5,20.86,0.023,1.0,22.15,,0.0,0
2026-09-27 16:57:04,SF,in,0.313,Q2 11:12,14.0,2216,Mike Evans,WR,9.6,10.5,6.23,16.73,18.38,17.09,0.038,1.0,16.73,,0.0,0
2026-09-27 16:57:04,ARI,in,0.313,Q2 11:12,-14.0,11628,Marvin Harrison Jr.,WR,8.2,0.0,6.49,6.49,5.19,5.63,0.202,1.0,6.49,,0.0,0
2026-09-27 16:57:04,ARI,in,0.313,Q2 11:12,-14.0,10232,Michael Wilson,WR,10.8,1.5,8.71,10.21,8.59,8.92,0.202,1.0,10.21,,0.0,0
2026-09-27 16:57:04,DAL,in,0.228,Q1 1:18,3.0,3294,Dak Prescott,QB,19.2,1.36,13.93,15.29,15.59,16.18,0.063,1.0,15.29,,0.0,0
2026-09-27 16:57:04,ARI,in,0.313,Q2 11:12,-14.0,8132,Tyler Allgeier,RB,7.4,4.4,6.0,10.4,9.84,9.48,0.015,1.0,10.4,,0.0,0
2026-09-27 16:57:04,MIN,in,0.477,Q2 1:21,3.0,9756,Jordan Addison,WR,8.7,1.4,3.93,5.33,5.59,5.95,0.227,1.0,5.33,,0.0,0
2026-09-27 16:57:04,SF,in,0.313,Q2 11:12,14.0,8183,Brock Purdy,QB,20.2,14.4,13.05,27.45,29.66,28.27,0.015,1.0,27.45,,0.0,0
2026-09-27 16:57:04,TB,in,0.477,Q2 1:21,-3.0,4037,Chris Godwin,WR,9.3,2.3,4.73,7.03,6.88,7.16,0.0,1.0,7.03,,0.0,0
2026-09-27 16:57:04,MIN,in,0.477,Q2 1:21,3.0,5849,Kyler Murray,QB,16.2,3.34,7.31,10.65,11.23,11.8,0.227,0.768,8.95,,0.0,0
2026-09-27 16:57:04,TB,in,0.477,Q2 1:21,-3.0,4892,Baker Mayfield,QB,16.6,6.84,9.05,15.89,15.37,15.51,0.0,1.0,15.89,,0.0,0
2026-09-27 16:57:04,TB,in,0.477,Q2 1:21,-3.0,7567,Kenneth Gainwell,RB,7.5,0.0,3.25,3.25,3.45,3.92,0.348,1.0,3.25,,0.0,0
2026-09-27 16:57:04,NO,in,0.25,Q1 0:00,3.0,12545,Tyler Shough,QB,19.8,8.84,15.76,24.6,24.42,23.69,0.014,1.0,24.6,,0.0,0
2026-09-27 16:57:04,SF,in,0.313,Q2 11:12,14.0,4217,George Kittle,TE,12.4,2.2,6.84,9.04,10.43,10.71,0.063,1.0,9.04,,0.0,0
2026-09-27 16:57:04,DAL,in,0.228,Q1 1:18,3.0,8110,Jake Ferguson,TE,9.2,0.0,6.53,6.53,6.69,7.1,0.228,1.0,6.53,,0.0,0
2026-09-27 16:57:04,MIN,in,0.477,Q2 1:21,3.0,7049,Jauan Jennings,WR,5.0,0.0,2.19,2.19,2.3,2.61,0.348,1.0,2.19,,0.0,0
2026-09-27 16:57:04,LV,in,0.25,Q1 0:00,-3.0,13305,Mike Washington Jr.,RB,3.4,0.3,2.42,2.72,2.75,2.85,0.171,1.0,2.72,,0.0,0
2026-09-27 16:57:04,TB,in,0.477,Q2 1:21,-3.0,11618,Jalen McMillan,WR,5.6,0.0,2.73,2.73,2.58,2.93,0.348,1.0,2.73,,0.0,0
2026-09-27 16:57:04,MIN,in,0.477,Q2 1:21,3.0,4199,Aaron Jones,RB,13.0,1.9,5.77,7.67,8.13,8.69,0.247,0.93,7.26,,0.0,0
2026-09-27 16:57:04,BAL,in,0.228,Q1 1:18,-3.0,5012,Mark Andrews,TE,13.2,1.9,10.46,12.36,11.87,12.09,0.082,1.0,12.36,,0.0,0
2026-09-27 16:57:04,SF,in,0.313,Q2 11:12,14.0,5872,Deebo Samuel,WR,11.8,14.3,7.81,22.11,24.22,22.4,0.125,1.0,22.11,,0.0,0
2026-09-27 16:57:04,NO,in,0.25,Q1 0:00,3.0,7002,Juwan Johnson,TE,9.6,8.8,7.67,16.47,17.2,16.0,0.014,1.0,16.47,,0.0,0
2026-09-27 16:57:04,ARI,in,0.313,Q2 11:12,-14.0,3257,Jacoby Brissett,QB,14.6,1.34,12.62,13.96,10.81,11.37,0.015,1.0,13.96,,0.0,0
2026-09-27 16:57:04,MIN,in,0.477,Q2 1:21,3.0,5844,T.J. Hockenson,TE,9.1,1.5,4.12,5.62,5.88,6.25,0.268,1.0,5.62,,0.0,0
2026-09-27 16:57:04,LV,in,0.25,Q1 0:00,-3.0,8180,Jalen Nailor,WR,7.2,2.6,5.73,8.33,8.15,8.0,0.205,1.0,8.33,,0.0,0
2026-09-27 16:57:04,TB,in,0.477,Q2 1:21,-3.0,9506,Sean Tucker,RB,1.8,0.0,0.78,0.78,0.83,0.94,0.348,1.0,0.78,,0.0,0
2026-09-27 16:57:04,NO,in,0.25,Q1 0:00,3.0,4035,Alvin Kamara,RB,8.6,0.0,5.68,5.68,6.05,6.45,0.25,1.0,5.68,,0.0,0
2026-09-27 16:57:04,LV,in,0.25,Q1 0:00,-3.0,10213,Tre Tucker,WR,10.5,0.0,7.9,7.9,7.38,7.88,0.25,1.0,7.9,,0.0,0
2026-09-27 16:57:04,TB,in,0.477,Q2 1:21,-3.0,8111,Cade Otton,TE,7.7,2.4,3.95,6.35,6.26,6.42,0.348,1.0,6.35,,0.0,0
2026-09-27 16:57:04,BAL,in,0.228,Q1 1:18,-3.0,13268,Elijah Sarratt,WR,1.4,0.0,1.08,1.08,1.02,1.08,0.228,1.0,1.08,,0.0,0
2026-09-27 16:57:04,DAL,in,0.228,Q1 1:18,3.0,11783,Ryan Flournoy,WR,7.7,0.0,5.46,5.46,5.6,5.94,0.228,1.0,5.46,,0.0,0
2026-09-27 16:57:04,NO,in,0.25,Q1 0:00,3.0,11834,Devaughn Vele,WR,11.8,2.1,8.4,10.5,10.79,10.95,0.076,1.0,10.5,,0.0,0
2026-09-27 16:57:04,MIN,in,0.477,Q2 1:21,3.0,13347,Demond Claiborne,RB,1.2,0.2,0.54,0.74,0.78,0.83,0.284,0.875,0.67,,0.0,0
2026-09-27 16:57:04,TB,in,0.477,Q2 1:21,-3.0,12485,Tez Johnson,WR,2.1,0.0,1.02,1.02,0.97,1.1,0.348,1.0,1.02,,0.0,0
2026-09-27 16:57:04,BAL,in,0.228,Q1 1:18,-3.0,5995,Justice Hill,RB,7.5,0.0,5.36,5.36,5.46,5.79,0.228,1.0,5.36,,0.0,0
2026-09-27 16:57:04,BAL,in,0.228,Q1 1:18,-3.0,7571,Rashod Bateman,WR,11.5,0.0,8.91,8.91,8.37,8.87,0.228,1.0,8.91,,0.0,0
2026-09-27 16:57:04,DAL,in,0.228,Q1 1:18,3.0,11199,Emari Demercado,RB,2.1,0.0,1.44,1.44,1.53,1.62,0.228,1.0,1.44,,0.0,0
2026-09-27 16:57:04,TB,in,0.477,Q2 1:21,-3.0,13317,Ted Hurst,WR,6.1,11.0,3.91,14.91,15.24,14.19,0.34,1.0,14.91,,0.0,0
2026-09-27 16:57:04,SF,in,0.313,Q2 11:12,14.0,12467,Jordan James,RB,1.9,0.0,1.04,1.04,1.2,1.3,0.202,1.0,1.04,,0.0,0
2026-09-27 16:57:04,MIN,in,0.477,Q2 1:21,3.0,11565,J.J. McCarthy,QB,0.5,0.0,0.21,0.21,0.23,0.26,0.348,0.3,0.06,,0.0,0
2026-09-27 16:57:04,LV,in,0.25,Q1 0:00,-3.0,1166,Kirk Cousins,QB,14.4,2.48,11.67,14.15,13.07,13.28,0.0,1.0,14.15,,0.0,0
2026-09-27 16:57:04,SF,in,0.313,Q2 11:12,14.0,7527,Mac Jones,QB,0.5,0.0,0.23,0.23,0.32,0.34,0.202,0.3,0.07,,0.0,0
2026-09-27 16:57:04,LV,in,0.25,Q1 0:00,-3.0,12483,Jack Bech,WR,4.5,0.0,3.39,3.39,3.16,3.38,0.25,1.0,3.39,,0.0,0
2026-09-27 16:57:04,NO,in,0.25,Q1 0:00,3.0,13420,Bryce Lance,WR,3.9,0.0,2.69,2.69,2.74,2.92,0.25,1.0,2.69,,0.0,0
2026-09-27 16:57:04,ARI,in,0.313,Q2 11:12,-14.0,4454,Kendrick Bourne,WR,6.0,0.0,4.75,4.75,3.8,4.12,0.202,1.0,4.75,,0.0,0
2026-09-27 16:57:04,LV,in,0.25,Q1 0:00,-3.0,9482,Michael Mayer,TE,6.7,0.0,5.04,5.04,4.71,5.03,0.25,1.0,5.04,,0.0,0
2026-09-27 16:57:04,MIN,in,0.477,Q2 1:21,3.0,5973,Josh Oliver,TE,3.5,0.0,1.53,1.53,1.61,1.83,0.348,1.0,1.53,,0.0,0
2026-09-27 16:57:04,BAL,in,0.228,Q1 1:18,-3.0,11629,Devontez Walker,WR,4.4,0.0,3.41,3.41,3.2,3.4,0.228,1.0,3.41,,0.0,0
2026-09-27 16:57:04,DAL,in,0.228,Q1 1:18,3.0,8917,KaVontae Turpin,WR,3.5,1.9,2.72,4.62,4.81,4.6,0.063,1.0,4.62,,0.0,0
2026-09-27 16:57:04,NO,in,0.25,Q1 0:00,3.0,13319,Oscar Delp,TE,1.0,0.0,0.69,0.69,0.7,0.75,0.25,1.0,0.69,,0.0,0
2026-09-27 16:57:04,NO,in,0.25,Q1 0:00,3.0,5857,Noah Fant,TE,3.5,0.0,2.42,2.42,2.46,2.62,0.25,1.0,2.42,,0.0,0
2026-09-27 16:57:04,ARI,in,0.313,Q2 11:12,-14.0,6011,Gardner Minshew,QB,0.5,0.0,0.42,0.42,0.32,0.34,0.202,0.843,0.35,,0.0,0
2026-09-27 16:57:04,BAL,in,0.228,Q1 1:18,-3.0,11570,Rasheen Ali,RB,0.8,0.0,0.57,0.57,0.58,0.62,0.228,1.0,0.57,,0.0,0
2026-09-27 16:57:04,SF,in,0.313,Q2 11:12,14.0,13414,Kaelon Black,RB,5.2,-0.1,2.83,2.73,3.17,3.47,0.098,1.0,2.73,,0.0,0
2026-09-27 16:57:04,ARI,in,0.313,Q2 11:12,-14.0,10231,Elijah Higgins,TE,2.4,1.4,2.05,3.45,3.16,3.05,0.202,1.0,3.45,,0.0,0
2026-09-27 16:57:04,DAL,in,0.228,Q1 1:18,3.0,10871,Luke Schoonmaker,TE,1.6,1.9,1.37,3.27,3.43,3.13,0.203,1.0,3.27,,0.0,0
2026-09-27 16:57:04,NO,in,0.25,Q1 0:00,3.0,9757,Kendre Miller,RB,1.8,0.0,1.19,1.19,1.27,1.35,0.25,1.0,1.19,,0.0,0
2026-09-27 16:57:04,DAL,in,0.228,Q1 1:18,3.0,11533,Brandon Aubrey,K,8.9,4.0,7.25,11.25,11.25,10.87,0.054,1.0,11.25,,0.0,0
2026-09-27 16:57:04,MIN,in,0.477,Q2 1:21,3.0,11792,Will Reichard,K,8.2,6.0,4.56,10.56,10.56,10.28,0.348,1.0,10.56,,0.0,0
2026-09-27 16:57:04,TB,in,0.477,Q2 1:21,-3.0,6650,Chase McLaughlin,K,7.4,1.0,3.54,4.54,4.54,4.87,0.34,1.0,4.54,,0.0,0
2026-09-27 16:57:04,BAL,in,0.228,Q1 1:18,-3.0,12711,Tyler Loop,K,9.4,1.0,7.03,8.03,8.03,8.25,0.0,1.0,8.03,,0.0,0
2026-09-27 16:57:04,SF,in,0.313,Q2 11:12,14.0,5189,Eddy Pineiro,K,9.6,2.0,6.42,8.42,8.42,8.59,0.062,1.0,8.42,,0.0,0
2026-09-27 16:57:04,ARI,in,0.313,Q2 11:12,-14.0,10955,Chad Ryland,K,6.3,0.0,3.99,3.99,3.99,4.33,0.202,1.0,3.99,,0.0,0
2026-09-27 16:57:04,NO,in,0.25,Q1 0:00,3.0,5095,Daniel Carlson,K,7.5,-1.0,5.09,4.09,4.09,4.62,0.014,1.0,4.09,,0.0,0
2026-09-27 16:57:04,LV,in,0.25,Q1 0:00,-3.0,6083,Matt Gay,K,7.1,4.0,5.74,9.74,9.74,9.32,0.126,1.0,9.74,,0.0,0
2026-09-27 16:57:04,MIN,in,0.477,Q2 1:21,3.0,MIN,Minnesota Vikings D/ST,DST,7.1,11.0,-0.65,10.35,15.7,14.71,0.195,1.0,10.35,,0.0,0
2026-09-27 16:57:04,BAL,in,0.228,Q1 1:18,-3.0,BAL,Baltimore Ravens D/ST,DST,5.0,5.0,-0.17,4.83,9.6,8.86,0.054,1.0,4.83,,0.0,0
2026-09-27 16:57:04,SF,in,0.313,Q2 11:12,14.0,SF,San Francisco 49ers D/ST,DST,7.1,10.0,-1.1,8.9,16.21,14.88,0.202,1.0,8.9,,0.0,0
2026-09-27 16:57:04,NO,in,0.25,Q1 0:00,3.0,NO,New Orleans Saints D/ST,DST,7.3,8.0,-0.98,7.02,14.63,13.47,0.126,1.0,7.02,,0.0,0
2026-09-27 16:57:04,TB,in,0.477,Q2 1:21,-3.0,TB,Tampa Bay Buccaneers D/ST,DST,6.4,5.0,0.13,5.13,8.6,8.34,0.227,1.0,5.13,,0.0,0
2026-09-27 16:57:04,DAL,in,0.228,Q1 1:18,3.0,DAL,Dallas Cowboys D/ST,DST,3.7,4.0,-0.03,3.97,7.46,6.86,0.0,1.0,3.97,,0.0,0
2026-09-27 16:57:04,LV,in,0.25,Q1 0:00,-3.0,LV,Las Vegas Raiders D/ST,DST,5.8,9.0,-1.86,7.14,14.77,13.35,0.014,1.0,7.14,,0.0,0
2026-09-27 16:57:04,ARI,in,0.313,Q2 11:12,-14.0,ARI,Arizona Cardinals D/ST,DST,3.8,1.0,0.74,1.74,3.58,3.61,0.062,1.0,1.74,,0.0,0
2026-09-27 16:57:04,ARI,in,0.313,Q2 11:12,-14.0,13272,Carson Beck,QB,1.7,0.0,1.43,1.43,1.08,1.17,0.202,0.843,1.21,,0.0,0
2026-09-27 16:57:04,LV,in,0.25,Q1 0:00,-3.0,13329,Malik Benson,WR,2.1,0.0,1.58,1.58,1.48,1.58,0.25,1.0,1.58,,0.0,0
2026-09-27 16:57:04,TB,in,0.477,Q2 1:21,-3.0,13425,Jalon Daniels,QB,0.4,0.0,0.19,0.19,0.18,0.21,0.348,0.3,0.06,,0.0,0
2026-09-27 16:57:04,BAL,in,0.228,Q1 1:18,-3.0,5008,Durham Smythe,TE,2.2,0.0,1.7,1.7,1.6,1.7,0.228,1.0,1.7,,0.0,0
2026-09-27 16:58:05,SF,in,0.313,Q2 11:12,14.0,4034,Christian McCaffrey,RB,21.8,5.4,13.28,18.68,20.12,20.37,0.015,1.0,18.68,,0.0,0
2026-09-27 16:58:05,DAL,in,0.228,Q1 1:18,3.0,6786,CeeDee Lamb,WR,19.1,0.0,13.56,13.56,13.9,14.74,0.228,1.0,13.56,,0.0,0
2026-09-27 16:58:05,MIN,in,0.477,Q2 1:21,3.0,6794,Justin Jefferson,WR,17.2,5.2,7.98,13.18,13.79,14.19,0.348,1.0,13.18,,0.0,0
2026-09-27 16:58:05,LV,in,0.25,Q1 0:00,-3.0,12527,Ashton Jeanty,RB,18.5,2.3,13.36,15.66,15.74,16.18,0.0,1.0,15.66,,0.0,0
2026-09-27 16:58:05,ARI,in,0.313,Q2 11:12,-14.0,13287,Jeremiyah Love,RB,13.5,5.7,10.38,16.08,15.22,14.97,0.038,1.0,16.08,,0.0,0
2026-09-27 16:58:05,ARI,in,0.313,Q2 11:12,-14.0,8130,Trey McBride,TE,17.1,0.0,13.53,13.53,10.82,11.74,0.202,1.0,13.53,,0.0,0
2026-09-27 16:58:05,BAL,in,0.228,Q1 1:18,-3.0,3198,Derrick Henry,RB,19.9,9.8,16.84,26.64,26.17,25.16,0.0,1.0,26.64,,0.0,0
2026-09-27 16:58:05,LV,in,0.25,Q1 0:00,-3.0,11604,Brock Bowers,TE,13.9,8.2,11.43,19.63,19.51,18.62,0.0,1.0,19.63,,0.0,0
2026-09-27 16:58:05,DAL,in,0.228,Q1 1:18,3.0,8137,George Pickens,WR,14.4,2.3,10.5,12.8,13.22,13.41,0.177,1.0,12.8,,0.0,0
2026-09-27 16:58:05,NO,in,0.25,Q1 0:00,3.0,8144,Chris Olave,WR,17.5,2.2,12.35,14.55,14.92,15.32,0.026,1.0,14.55,,0.0,0
2026-09-27 16:58:05,NO,in,0.25,Q1 0:00,3.0,7543,Travis Etienne,RB,12.0,1.4,8.3,9.7,10.1,10.4,0.015,1.0,9.7,,0.0,0
2026-09-27 16:58:05,TB,in,0.477,Q2 1:21,-3.0,11584,Bucky Irving,RB,13.1,2.0,6.03,8.03,8.29,8.84,0.247,0.93,7.61,,0.0,0
2026-09-27 16:58:05,TB,in,0.477,Q2 1:21,-3.0,12514,Emeka Egbuka,WR,13.7,1.4,6.79,8.19,7.89,8.56,0.261,1.0,8.19,,0.0,0
2026-09-27 16:58:05,DAL,in,0.228,Q1 1:18,3.0,7588,Javonte Williams,RB,16.5,12.2,14.55,26.75,26.56,24.93,0.0,1.0,26.75,,0.0,0
2026-09-27 16:58:05,BAL,in,0.228,Q1 1:18,-3.0,9997,Zay Flowers,WR,11.5,3.2,9.3,12.5,12.18,12.07,0.023,1.0,12.5,,0.0,0
2026-09-27 16:58:05,BAL,in,0.228,Q1 1:18,-3.0,4881,Lamar Jackson,QB,22.7,3.34,18.81,22.15,20.5,20.86,0.023,1.0,22.15,,0.0,0
2026-09-27 16:58:05,SF,in,0.313,Q2 11:12,14.0,2216,Mike Evans,WR,9.6,10.5,6.23,16.73,18.38,17.09,0.038,1.0,16.73,,0.0,0
2026-09-27 16:58:05,ARI,in,0.313,Q2 11:12,-14.0,11628,Marvin Harrison Jr.,WR,8.2,0.0,6.49,6.49,5.19,5.63,0.202,1.0,6.49,,0.0,0
2026-09-27 16:58:05,ARI,in,0.313,Q2 11:12,-14.0,10232,Michael Wilson,WR,10.8,1.5,8.71,10.21,8.59,8.92,0.202,1.0,10.21,,0.0,0
2026-09-27 16:58:05,DAL,in,0.228,Q1 1:18,3.0,3294,Dak Prescott,QB,19.2,1.36,13.93,15.29,15.59,16.18,0.063,1.0,15.29,,0.0,0
2026-09-27 16:58:05,ARI,in,0.313,Q2 11:12,-14.0,8132,Tyler Allgeier,RB,7.4,4.4,6.0,10.4,9.84,9.48,0.015,1.0,10.4,,0.0,0
2026-09-27 16:58:05,MIN,in,0.477,Q2 1:21,3.0,9756,Jordan Addison,WR,8.7,1.4,3.93,5.33,5.59,5.95,0.227,1.0,5.33,,0.0,0
2026-09-27 16:58:05,SF,in,0.313,Q2 11:12,14.0,8183,Brock Purdy,QB,20.2,14.4,13.05,27.45,29.66,28.27,0.015,1.0,27.45,,0.0,0
2026-09-27 16:58:05,TB,in,0.477,Q2 1:21,-3.0,4037,Chris Godwin,WR,9.3,2.3,4.73,7.03,6.88,7.16,0.0,1.0,7.03,,0.0,0
2026-09-27 16:58:05,MIN,in,0.477,Q2 1:21,3.0,5849,Kyler Murray,QB,16.2,3.34,7.31,10.65,11.23,11.8,0.227,0.768,8.95,,0.0,0
2026-09-27 16:58:05,TB,in,0.477,Q2 1:21,-3.0,4892,Baker Mayfield,QB,16.6,6.84,9.05,15.89,15.37,15.51,0.0,1.0,15.89,,0.0,0
2026-09-27 16:58:05,TB,in,0.477,Q2 1:21,-3.0,7567,Kenneth Gainwell,RB,7.5,0.0,3.25,3.25,3.45,3.92,0.348,1.0,3.25,,0.0,0
2026-09-27 16:58:05,NO,in,0.25,Q1 0:00,3.0,12545,Tyler Shough,QB,19.8,8.84,15.76,24.6,24.42,23.69,0.014,1.0,24.6,,0.0,0
2026-09-27 16:58:05,SF,in,0.313,Q2 11:12,14.0,4217,George Kittle,TE,12.4,2.2,6.84,9.04,10.43,10.71,0.063,1.0,9.04,,0.0,0
2026-09-27 16:58:05,DAL,in,0.228,Q1 1:18,3.0,8110,Jake Ferguson,TE,9.2,0.0,6.53,6.53,6.69,7.1,0.228,1.0,6.53,,0.0,0
2026-09-27 16:58:05,MIN,in,0.477,Q2 1:21,3.0,7049,Jauan Jennings,WR,5.0,0.0,2.19,2.19,2.3,2.61,0.348,1.0,2.19,,0.0,0
2026-09-27 16:58:05,LV,in,0.25,Q1 0:00,-3.0,13305,Mike Washington Jr.,RB,3.4,0.3,2.42,2.72,2.75,2.85,0.171,1.0,2.72,,0.0,0
2026-09-27 16:58:05,TB,in,0.477,Q2 1:21,-3.0,11618,Jalen McMillan,WR,5.6,0.0,2.73,2.73,2.58,2.93,0.348,1.0,2.73,,0.0,0
2026-09-27 16:58:05,MIN,in,0.477,Q2 1:21,3.0,4199,Aaron Jones,RB,13.0,1.9,5.77,7.67,8.13,8.69,0.247,0.93,7.26,,0.0,0
2026-09-27 16:58:05,BAL,in,0.228,Q1 1:18,-3.0,5012,Mark Andrews,TE,13.2,1.9,10.46,12.36,11.87,12.09,0.082,1.0,12.36,,0.0,0
2026-09-27 16:58:05,SF,in,0.313,Q2 11:12,14.0,5872,Deebo Samuel,WR,11.8,14.3,7.81,22.11,24.22,22.4,0.125,1.0,22.11,,0.0,0
2026-09-27 16:58:05,NO,in,0.25,Q1 0:00,3.0,7002,Juwan Johnson,TE,9.6,8.8,7.67,16.47,17.2,16.0,0.014,1.0,16.47,,0.0,0
2026-09-27 16:58:05,ARI,in,0.313,Q2 11:12,-14.0,3257,Jacoby Brissett,QB,14.6,1.34,12.62,13.96,10.81,11.37,0.015,1.0,13.96,,0.0,0
2026-09-27 16:58:05,MIN,in,0.477,Q2 1:21,3.0,5844,T.J. Hockenson,TE,9.1,1.5,4.12,5.62,5.88,6.25,0.268,1.0,5.62,,0.0,0
2026-09-27 16:58:05,LV,in,0.25,Q1 0:00,-3.0,8180,Jalen Nailor,WR,7.2,2.6,5.73,8.33,8.15,8.0,0.205,1.0,8.33,,0.0,0
2026-09-27 16:58:05,TB,in,0.477,Q2 1:21,-3.0,9506,Sean Tucker,RB,1.8,0.0,0.78,0.78,0.83,0.94,0.348,1.0,0.78,,0.0,0
2026-09-27 16:58:05,NO,in,0.25,Q1 0:00,3.0,4035,Alvin Kamara,RB,8.6,0.0,5.68,5.68,6.05,6.45,0.25,1.0,5.68,,0.0,0
2026-09-27 16:58:05,LV,in,0.25,Q1 0:00,-3.0,10213,Tre Tucker,WR,10.5,0.0,7.9,7.9,7.38,7.88,0.25,1.0,7.9,,0.0,0
2026-09-27 16:58:05,TB,in,0.477,Q2 1:21,-3.0,8111,Cade Otton,TE,7.7,2.4,3.95,6.35,6.26,6.42,0.348,1.0,6.35,,0.0,0
2026-09-27 16:58:05,BAL,in,0.228,Q1 1:18,-3.0,13268,Elijah Sarratt,WR,1.4,0.0,1.08,1.08,1.02,1.08,0.228,1.0,1.08,,0.0,0
2026-09-27 16:58:05,DAL,in,0.228,Q1 1:18,3.0,11783,Ryan Flournoy,WR,7.7,0.0,5.46,5.46,5.6,5.94,0.228,1.0,5.46,,0.0,0
2026-09-27 16:58:05,NO,in,0.25,Q1 0:00,3.0,11834,Devaughn Vele,WR,11.8,2.1,8.4,10.5,10.79,10.95,0.076,1.0,10.5,,0.0,0
2026-09-27 16:58:05,MIN,in,0.477,Q2 1:21,3.0,13347,Demond Claiborne,RB,1.2,0.2,0.54,0.74,0.78,0.83,0.284,0.875,0.67,,0.0,0
2026-09-27 16:58:05,TB,in,0.477,Q2 1:21,-3.0,12485,Tez Johnson,WR,2.1,0.0,1.02,1.02,0.97,1.1,0.348,1.0,1.02,,0.0,0
2026-09-27 16:58:05,BAL,in,0.228,Q1 1:18,-3.0,5995,Justice Hill,RB,7.5,0.0,5.36,5.36,5.46,5.79,0.228,1.0,5.36,,0.0,0
2026-09-27 16:58:05,BAL,in,0.228,Q1 1:18,-3.0,7571,Rashod Bateman,WR,11.5,0.0,8.91,8.91,8.37,8.87,0.228,1.0,8.91,,0.0,0
2026-09-27 16:58:05,DAL,in,0.228,Q1 1:18,3.0,11199,Emari Demercado,RB,2.1,0.0,1.44,1.44,1.53,1.62,0.228,1.0,1.44,,0.0,0
2026-09-27 16:58:05,TB,in,0.477,Q2 1:21,-3.0,13317,Ted Hurst,WR,6.1,11.0,3.91,14.91,15.24,14.19,0.34,1.0,14.91,,0.0,0
2026-09-27 16:58:05,SF,in,0.313,Q2 11:12,14.0,12467,Jordan James,RB,1.9,0.0,1.04,1.04,1.2,1.3,0.202,1.0,1.04,,0.0,0
2026-09-27 16:58:05,MIN,in,0.477,Q2 1:21,3.0,11565,J.J. McCarthy,QB,0.5,0.0,0.21,0.21,0.23,0.26,0.348,0.3,0.06,,0.0,0
2026-09-27 16:58:05,LV,in,0.25,Q1 0:00,-3.0,1166,Kirk Cousins,QB,14.4,2.48,11.67,14.15,13.07,13.28,0.0,1.0,14.15,,0.0,0
2026-09-27 16:58:05,SF,in,0.313,Q2 11:12,14.0,7527,Mac Jones,QB,0.5,0.0,0.23,0.23,0.32,0.34,0.202,0.3,0.07,,0.0,0
2026-09-27 16:58:05,LV,in,0.25,Q1 0:00,-3.0,12483,Jack Bech,WR,4.5,0.0,3.39,3.39,3.16,3.38,0.25,1.0,3.39,,0.0,0
2026-09-27 16:58:05,NO,in,0.25,Q1 0:00,3.0,13420,Bryce Lance,WR,3.9,0.0,2.69,2.69,2.74,2.92,0.25,1.0,2.69,,0.0,0
2026-09-27 16:58:05,ARI,in,0.313,Q2 11:12,-14.0,4454,Kendrick Bourne,WR,6.0,0.0,4.75,4.75,3.8,4.12,0.202,1.0,4.75,,0.0,0
2026-09-27 16:58:05,LV,in,0.25,Q1 0:00,-3.0,9482,Michael Mayer,TE,6.7,0.0,5.04,5.04,4.71,5.03,0.25,1.0,5.04,,0.0,0
2026-09-27 16:58:05,MIN,in,0.477,Q2 1:21,3.0,5973,Josh Oliver,TE,3.5,0.0,1.53,1.53,1.61,1.83,0.348,1.0,1.53,,0.0,0
2026-09-27 16:58:05,BAL,in,0.228,Q1 1:18,-3.0,11629,Devontez Walker,WR,4.4,0.0,3.41,3.41,3.2,3.4,0.228,1.0,3.41,,0.0,0
2026-09-27 16:58:05,DAL,in,0.228,Q1 1:18,3.0,8917,KaVontae Turpin,WR,3.5,1.9,2.72,4.62,4.81,4.6,0.063,1.0,4.62,,0.0,0
2026-09-27 16:58:05,NO,in,0.25,Q1 0:00,3.0,13319,Oscar Delp,TE,1.0,0.0,0.69,0.69,0.7,0.75,0.25,1.0,0.69,,0.0,0
2026-09-27 16:58:05,NO,in,0.25,Q1 0:00,3.0,5857,Noah Fant,TE,3.5,0.0,2.42,2.42,2.46,2.62,0.25,1.0,2.42,,0.0,0
2026-09-27 16:58:05,ARI,in,0.313,Q2 11:12,-14.0,6011,Gardner Minshew,QB,0.5,0.0,0.42,0.42,0.32,0.34,0.202,0.843,0.35,,0.0,0
2026-09-27 16:58:05,BAL,in,0.228,Q1 1:18,-3.0,11570,Rasheen Ali,RB,0.8,0.0,0.57,0.57,0.58,0.62,0.228,1.0,0.57,,0.0,0
2026-09-27 16:58:05,SF,in,0.313,Q2 11:12,14.0,13414,Kaelon Black,RB,5.2,-0.1,2.83,2.73,3.17,3.47,0.098,1.0,2.73,,0.0,0
2026-09-27 16:58:05,ARI,in,0.313,Q2 11:12,-14.0,10231,Elijah Higgins,TE,2.4,1.4,2.05,3.45,3.16,3.05,0.202,1.0,3.45,,0.0,0
2026-09-27 16:58:05,DAL,in,0.228,Q1 1:18,3.0,10871,Luke Schoonmaker,TE,1.6,1.9,1.37,3.27,3.43,3.13,0.203,1.0,3.27,,0.0,0
2026-09-27 16:58:05,NO,in,0.25,Q1 0:00,3.0,9757,Kendre Miller,RB,1.8,0.0,1.19,1.19,1.27,1.35,0.25,1.0,1.19,,0.0,0
2026-09-27 16:58:05,DAL,in,0.228,Q1 1:18,3.0,11533,Brandon Aubrey,K,8.9,4.0,7.25,11.25,11.25,10.87,0.054,1.0,11.25,,0.0,0
2026-09-27 16:58:05,MIN,in,0.477,Q2 1:21,3.0,11792,Will Reichard,K,8.2,6.0,4.56,10.56,10.56,10.28,0.348,1.0,10.56,,0.0,0
2026-09-27 16:58:05,TB,in,0.477,Q2 1:21,-3.0,6650,Chase McLaughlin,K,7.4,1.0,3.54,4.54,4.54,4.87,0.34,1.0,4.54,,0.0,0
2026-09-27 16:58:05,BAL,in,0.228,Q1 1:18,-3.0,12711,Tyler Loop,K,9.4,1.0,7.03,8.03,8.03,8.25,0.0,1.0,8.03,,0.0,0
2026-09-27 16:58:05,SF,in,0.313,Q2 11:12,14.0,5189,Eddy Pineiro,K,9.6,2.0,6.42,8.42,8.42,8.59,0.062,1.0,8.42,,0.0,0
2026-09-27 16:58:05,ARI,in,0.313,Q2 11:12,-14.0,10955,Chad Ryland,K,6.3,0.0,3.99,3.99,3.99,4.33,0.202,1.0,3.99,,0.0,0
2026-09-27 16:58:05,NO,in,0.25,Q1 0:00,3.0,5095,Daniel Carlson,K,7.5,-1.0,5.09,4.09,4.09,4.62,0.014,1.0,4.09,,0.0,0
2026-09-27 16:58:05,LV,in,0.25,Q1 0:00,-3.0,6083,Matt Gay,K,7.1,4.0,5.74,9.74,9.74,9.32,0.126,1.0,9.74,,0.0,0
2026-09-27 16:58:05,MIN,in,0.477,Q2 1:21,3.0,MIN,Minnesota Vikings D/ST,DST,7.1,11.0,-0.65,10.35,15.7,14.71,0.195,1.0,10.35,,0.0,0
2026-09-27 16:58:05,BAL,in,0.228,Q1 1:18,-3.0,BAL,Baltimore Ravens D/ST,DST,5.0,5.0,-0.17,4.83,9.6,8.86,0.054,1.0,4.83,,0.0,0
2026-09-27 16:58:05,SF,in,0.313,Q2 11:12,14.0,SF,San Francisco 49ers D/ST,DST,7.1,10.0,-1.1,8.9,16.21,14.88,0.202,1.0,8.9,,0.0,0
2026-09-27 16:58:05,NO,in,0.25,Q1 0:00,3.0,NO,New Orleans Saints D/ST,DST,7.3,8.0,-0.98,7.02,14.63,13.47,0.126,1.0,7.02,,0.0,0
2026-09-27 16:58:05,TB,in,0.477,Q2 1:21,-3.0,TB,Tampa Bay Buccaneers D/ST,DST,6.4,5.0,0.13,5.13,8.6,8.34,0.227,1.0,5.13,,0.0,0
2026-09-27 16:58:05,DAL,in,0.228,Q1 1:18,3.0,DAL,Dallas Cowboys D/ST,DST,3.7,4.0,-0.03,3.97,7.46,6.86,0.0,1.0,3.97,,0.0,0
2026-09-27 16:58:05,LV,in,0.25,Q1 0:00,-3.0,LV,Las Vegas Raiders D/ST,DST,5.8,9.0,-1.86,7.14,14.77,13.35,0.014,1.0,7.14,,0.0,0
2026-09-27 16:58:05,ARI,in,0.313,Q2 11:12,-14.0,ARI,Arizona Cardinals D/ST,DST,3.8,1.0,0.74,1.74,3.58,3.61,0.062,1.0,1.74,,0.0,0
2026-09-27 16:58:05,ARI,in,0.313,Q2 11:12,-14.0,13272,Carson Beck,QB,1.7,0.0,1.43,1.43,1.08,1.17,0.202,0.843,1.21,,0.0,0
2026-09-27 16:58:05,LV,in,0.25,Q1 0:00,-3.0,13329,Malik Benson,WR,2.1,0.0,1.58,1.58,1.48,1.58,0.25,1.0,1.58,,0.0,0
2026-09-27 16:58:05,TB,in,0.477,Q2 1:21,-3.0,13425,Jalon Daniels,QB,0.4,0.0,0.19,0.19,0.18,0.21,0.348,0.3,0.06,,0.0,0
2026-09-27 16:58:05,BAL,in,0.228,Q1 1:18,-3.0,5008,Durham Smythe,TE,2.2,0.0,1.7,1.7,1.6,1.7,0.228,1.0,1.7,,0.0,0
2026-09-27 16:59:06,SF,in,0.313,Q2 11:12,14.0,4034,Christian McCaffrey,RB,21.8,5.4,13.28,18.68,20.12,20.37,0.015,1.0,18.68,,0.0,0
2026-09-27 16:59:06,DAL,in,0.236,Q1 0:50,3.0,6786,CeeDee Lamb,WR,19.1,2.1,13.68,15.78,16.23,16.69,0.0,1.0,15.78,,0.0,0
2026-09-27 16:59:06,MIN,in,0.297,Q2 12:11,3.0,6794,Justin Jefferson,WR,17.2,5.2,11.73,16.93,17.31,17.29,0.168,1.0,16.93,,0.0,0
2026-09-27 16:59:06,LV,in,0.251,Q2 14:55,-3.0,12527,Ashton Jeanty,RB,18.5,2.3,13.33,15.63,15.71,16.15,0.001,1.0,15.63,,0.0,0
2026-09-27 16:59:06,ARI,in,0.313,Q2 11:12,-14.0,13287,Jeremiyah Love,RB,13.5,5.7,10.38,16.08,15.22,14.97,0.038,1.0,16.08,,0.0,0
2026-09-27 16:59:06,ARI,in,0.313,Q2 11:12,-14.0,8130,Trey McBride,TE,17.1,0.0,13.53,13.53,10.82,11.74,0.202,1.0,13.53,,0.0,0
2026-09-27 16:59:06,BAL,in,0.236,Q1 0:50,-3.0,3198,Derrick Henry,RB,19.9,9.8,16.65,26.45,25.98,25.0,0.008,1.0,26.45,,0.0,0
2026-09-27 16:59:06,LV,in,0.251,Q2 14:55,-3.0,11604,Brock Bowers,TE,13.9,8.2,11.41,19.61,19.49,18.61,0.0,1.0,19.61,,0.0,0
2026-09-27 16:59:06,DAL,in,0.236,Q1 0:50,3.0,8137,George Pickens,WR,14.4,3.7,10.57,14.27,14.76,14.7,0.0,1.0,14.27,,0.0,0
2026-09-27 16:59:06,NO,in,0.251,Q2 14:55,3.0,8144,Chris Olave,WR,17.5,2.2,12.32,14.52,14.89,15.3,0.027,1.0,14.52,,0.0,0
2026-09-27 16:59:06,NO,in,0.251,Q2 14:55,3.0,7543,Travis Etienne,RB,12.0,1.4,8.28,9.68,10.08,10.38,0.016,1.0,9.68,,0.0,0
2026-09-27 16:59:06,TB,in,0.297,Q2 12:11,-3.0,11584,Bucky Irving,RB,13.1,2.0,8.83,10.83,10.88,11.21,0.066,1.0,10.83,,0.0,0
2026-09-27 16:59:06,TB,in,0.297,Q2 12:11,-3.0,12514,Emeka Egbuka,WR,13.7,1.4,9.81,11.21,10.56,11.03,0.081,1.0,11.21,,0.0,0
2026-09-27 16:59:06,DAL,in,0.236,Q1 0:50,3.0,7588,Javonte Williams,RB,16.5,12.2,14.39,26.59,26.39,24.8,0.008,1.0,26.59,,0.0,0
2026-09-27 16:59:06,BAL,in,0.236,Q1 0:50,-3.0,9997,Zay Flowers,WR,11.5,3.2,9.21,12.41,12.08,11.98,0.031,1.0,12.41,,0.0,0
2026-09-27 16:59:06,BAL,in,0.236,Q1 0:50,-3.0,4881,Lamar Jackson,QB,22.7,3.34,18.61,21.95,20.29,20.68,0.031,1.0,21.95,,0.0,0
2026-09-27 16:59:06,SF,in,0.313,Q2 11:12,14.0,2216,Mike Evans,WR,9.6,10.5,6.23,16.73,18.38,17.09,0.038,1.0,16.73,,0.0,0
2026-09-27 16:59:06,ARI,in,0.313,Q2 11:12,-14.0,11628,Marvin Harrison Jr.,WR,8.2,0.0,6.49,6.49,5.19,5.63,0.202,1.0,6.49,,0.0,0
2026-09-27 16:59:06,ARI,in,0.313,Q2 11:12,-14.0,10232,Michael Wilson,WR,10.8,1.5,8.71,10.21,8.59,8.92,0.202,1.0,10.21,,0.0,0
2026-09-27 16:59:06,DAL,in,0.236,Q1 0:50,3.0,3294,Dak Prescott,QB,19.2,1.96,13.91,15.87,16.14,16.63,0.0,1.0,15.87,,0.0,0
2026-09-27 16:59:06,ARI,in,0.313,Q2 11:12,-14.0,8132,Tyler Allgeier,RB,7.4,4.4,6.0,10.4,9.84,9.48,0.015,1.0,10.4,,0.0,0
2026-09-27 16:59:06,MIN,in,0.297,Q2 12:11,3.0,9756,Jordan Addison,WR,8.7,1.4,5.8,7.2,7.31,7.52,0.047,1.0,7.2,,0.0,0
2026-09-27 16:59:06,SF,in,0.313,Q2 11:12,14.0,8183,Brock Purdy,QB,20.2,14.4,13.05,27.45,29.66,28.27,0.015,1.0,27.45,,0.0,0
2026-09-27 16:59:06,TB,in,0.297,Q2 12:11,-3.0,4037,Chris Godwin,WR,9.3,2.3,6.8,9.1,8.76,8.84,0.0,1.0,9.1,,0.0,0
2026-09-27 16:59:06,MIN,in,0.297,Q2 12:11,3.0,5849,Kyler Murray,QB,16.2,3.34,11.06,14.4,14.47,14.73,0.047,1.0,14.4,,0.0,0
2026-09-27 16:59:06,TB,in,0.297,Q2 12:11,-3.0,4892,Baker Mayfield,QB,16.6,6.84,13.6,20.44,18.85,18.51,0.0,1.0,20.44,,0.0,0
2026-09-27 16:59:06,TB,in,0.297,Q2 12:11,-3.0,7567,Kenneth Gainwell,RB,7.5,0.0,4.77,4.77,4.88,5.27,0.168,1.0,4.77,,0.0,0
2026-09-27 16:59:06,NO,in,0.251,Q2 14:55,3.0,12545,Tyler Shough,QB,19.8,8.84,15.74,24.58,24.39,23.66,0.015,1.0,24.58,,0.0,0
2026-09-27 16:59:06,SF,in,0.313,Q2 11:12,14.0,4217,George Kittle,TE,12.4,2.2,6.84,9.04,10.43,10.71,0.063,1.0,9.04,,0.0,0
2026-09-27 16:59:06,DAL,in,0.236,Q1 0:50,3.0,8110,Jake Ferguson,TE,9.2,0.0,6.47,6.47,6.61,7.03,0.236,1.0,6.47,,0.0,0
2026-09-27 16:59:06,MIN,in,0.297,Q2 12:11,3.0,7049,Jauan Jennings,WR,5.0,0.0,3.25,3.25,3.25,3.52,0.168,1.0,3.25,,0.0,0
2026-09-27 16:59:06,LV,in,0.251,Q2 14:55,-3.0,13305,Mike Washington Jr.,RB,3.4,1.0,2.6,3.6,3.57,3.55,0.0,1.0,3.6,,0.0,0
2026-09-27 16:59:06,TB,in,0.297,Q2 12:11,-3.0,11618,Jalen McMillan,WR,5.6,0.0,3.95,3.95,3.64,3.94,0.168,1.0,3.95,,0.0,0
2026-09-27 16:59:06,MIN,in,0.297,Q2 12:11,3.0,4199,Aaron Jones,RB,13.0,2.5,8.56,11.06,11.4,11.64,0.0,1.0,11.06,,0.0,0
2026-09-27 16:59:06,BAL,in,0.236,Q1 0:50,-3.0,5012,Mark Andrews,TE,13.2,1.9,10.35,12.25,11.75,11.98,0.089,1.0,12.25,,0.0,0
2026-09-27 16:59:06,SF,in,0.313,Q2 11:12,14.0,5872,Deebo Samuel,WR,11.8,14.3,7.81,22.11,24.22,22.4,0.125,1.0,22.11,,0.0,0
2026-09-27 16:59:06,NO,in,0.251,Q2 14:55,3.0,7002,Juwan Johnson,TE,9.6,8.8,7.65,16.45,17.18,15.99,0.015,1.0,16.45,,0.0,0
2026-09-27 16:59:06,ARI,in,0.313,Q2 11:12,-14.0,3257,Jacoby Brissett,QB,14.6,1.34,12.62,13.96,10.81,11.37,0.015,1.0,13.96,,0.0,0
2026-09-27 16:59:06,MIN,in,0.297,Q2 12:11,3.0,5844,T.J. Hockenson,TE,9.1,1.5,6.07,7.57,7.69,7.9,0.087,1.0,7.57,,0.0,0
2026-09-27 16:59:06,LV,in,0.251,Q2 14:55,-3.0,8180,Jalen Nailor,WR,7.2,2.6,5.71,8.31,8.14,7.99,0.206,1.0,8.31,,0.0,0
2026-09-27 16:59:06,TB,in,0.297,Q2 12:11,-3.0,9506,Sean Tucker,RB,1.8,0.0,1.14,1.14,1.17,1.27,0.168,1.0,1.14,,0.0,0
2026-09-27 16:59:06,NO,in,0.251,Q2 14:55,3.0,4035,Alvin Kamara,RB,8.6,0.0,5.67,5.67,6.03,6.44,0.251,1.0,5.67,,0.0,0
2026-09-27 16:59:06,LV,in,0.251,Q2 14:55,-3.0,10213,Tre Tucker,WR,10.5,0.0,7.89,7.89,7.37,7.86,0.251,1.0,7.89,,0.0,0
2026-09-27 16:59:06,TB,in,0.297,Q2 12:11,-3.0,8111,Cade Otton,TE,7.7,2.4,5.69,8.09,7.83,7.81,0.168,1.0,8.09,,0.0,0
2026-09-27 16:59:06,BAL,in,0.236,Q1 0:50,-3.0,13268,Elijah Sarratt,WR,1.4,0.0,1.07,1.07,1.01,1.07,0.236,1.0,1.07,,0.0,0
2026-09-27 16:59:06,DAL,in,0.236,Q1 0:50,3.0,11783,Ryan Flournoy,WR,7.7,0.0,5.41,5.41,5.53,5.88,0.236,1.0,5.41,,0.0,0
2026-09-27 16:59:06,NO,in,0.251,Q2 14:55,3.0,11834,Devaughn Vele,WR,11.8,2.1,8.38,10.48,10.77,10.93,0.077,1.0,10.48,,0.0,0
2026-09-27 16:59:06,MIN,in,0.297,Q2 12:11,3.0,13347,Demond Claiborne,RB,1.2,0.2,0.78,0.98,1.02,1.04,0.103,1.0,0.98,,0.0,0
2026-09-27 16:59:06,TB,in,0.297,Q2 12:11,-3.0,12485,Tez Johnson,WR,2.1,0.0,1.48,1.48,1.37,1.48,0.168,1.0,1.48,,0.0,0
2026-09-27 16:59:06,BAL,in,0.236,Q1 0:50,-3.0,5995,Justice Hill,RB,7.5,0.0,5.29,5.29,5.39,5.73,0.236,1.0,5.29,,0.0,0
2026-09-27 16:59:06,BAL,in,0.236,Q1 0:50,-3.0,7571,Rashod Bateman,WR,11.5,0.0,8.82,8.82,8.27,8.78,0.236,1.0,8.82,,0.0,0
2026-09-27 16:59:06,DAL,in,0.236,Q1 0:50,3.0,11199,Emari Demercado,RB,2.1,0.0,1.42,1.42,1.51,1.6,0.236,1.0,1.42,,0.0,0
2026-09-27 16:59:06,TB,in,0.297,Q2 12:11,-3.0,13317,Ted Hurst,WR,6.1,11.0,5.49,16.49,16.9,15.29,0.159,1.0,16.49,,0.0,0
2026-09-27 16:59:06,SF,in,0.313,Q2 11:12,14.0,12467,Jordan James,RB,1.9,0.0,1.04,1.04,1.2,1.3,0.202,1.0,1.04,,0.0,0
2026-09-27 16:59:06,MIN,in,0.297,Q2 12:11,3.0,11565,J.J. McCarthy,QB,0.5,0.0,0.31,0.31,0.33,0.35,0.168,0.3,0.09,,0.0,0
2026-09-27 16:59:06,LV,in,0.251,Q2 14:55,-3.0,1166,Kirk Cousins,QB,14.4,2.48,11.64,14.12,13.05,13.26,0.001,1.0,14.12,,0.0,0
2026-09-27 16:59:06,SF,in,0.313,Q2 11:12,14.0,7527,Mac Jones,QB,0.5,0.0,0.23,0.23,0.32,0.34,0.202,0.3,0.07,,0.0,0
2026-09-27 16:59:06,LV,in,0.251,Q2 14:55,-3.0,12483,Jack Bech,WR,4.5,0.0,3.38,3.38,3.16,3.37,0.251,1.0,3.38,,0.0,0
2026-09-27 16:59:06,NO,in,0.251,Q2 14:55,3.0,13420,Bryce Lance,WR,3.9,0.0,2.69,2.69,2.74,2.92,0.251,1.0,2.69,,0.0,0
2026-09-27 16:59:06,ARI,in,0.313,Q2 11:12,-14.0,4454,Kendrick Bourne,WR,6.0,0.0,4.75,4.75,3.8,4.12,0.202,1.0,4.75,,0.0,0
2026-09-27 16:59:06,LV,in,0.251,Q2 14:55,-3.0,9482,Michael Mayer,TE,6.7,0.0,5.03,5.03,4.7,5.02,0.251,1.0,5.03,,0.0,0
2026-09-27 16:59:06,MIN,in,0.297,Q2 12:11,3.0,5973,Josh Oliver,TE,3.5,0.0,2.27,2.27,2.28,2.46,0.168,1.0,2.27,,0.0,0
2026-09-27 16:59:06,BAL,in,0.236,Q1 0:50,-3.0,11629,Devontez Walker,WR,4.4,0.0,3.37,3.37,3.16,3.36,0.236,1.0,3.37,,0.0,0
2026-09-27 16:59:06,DAL,in,0.236,Q1 0:50,3.0,8917,KaVontae Turpin,WR,3.5,1.9,2.69,4.59,4.78,4.57,0.071,1.0,4.59,,0.0,0
2026-09-27 16:59:06,NO,in,0.251,Q2 14:55,3.0,13319,Oscar Delp,TE,1.0,0.0,0.69,0.69,0.7,0.75,0.251,1.0,0.69,,0.0,0
2026-09-27 16:59:06,NO,in,0.251,Q2 14:55,3.0,5857,Noah Fant,TE,3.5,0.0,2.41,2.41,2.46,2.62,0.251,1.0,2.41,,0.0,0
2026-09-27 16:59:06,ARI,in,0.313,Q2 11:12,-14.0,6011,Gardner Minshew,QB,0.5,0.0,0.42,0.42,0.32,0.34,0.202,0.843,0.35,,0.0,0
2026-09-27 16:59:06,BAL,in,0.236,Q1 0:50,-3.0,11570,Rasheen Ali,RB,0.8,0.0,0.56,0.56,0.58,0.61,0.236,1.0,0.56,,0.0,0
2026-09-27 16:59:06,SF,in,0.313,Q2 11:12,14.0,13414,Kaelon Black,RB,5.2,-0.1,2.83,2.73,3.17,3.47,0.098,1.0,2.73,,0.0,0
2026-09-27 16:59:06,ARI,in,0.313,Q2 11:12,-14.0,10231,Elijah Higgins,TE,2.4,1.4,2.05,3.45,3.16,3.05,0.202,1.0,3.45,,0.0,0
2026-09-27 16:59:06,DAL,in,0.236,Q1 0:50,3.0,10871,Luke Schoonmaker,TE,1.6,1.9,1.35,3.25,3.41,3.12,0.21,1.0,3.25,,0.0,0
2026-09-27 16:59:06,NO,in,0.251,Q2 14:55,3.0,9757,Kendre Miller,RB,1.8,0.0,1.19,1.19,1.26,1.35,0.251,1.0,1.19,,0.0,0
2026-09-27 16:59:06,DAL,in,0.236,Q1 0:50,3.0,11533,Brandon Aubrey,K,8.9,4.0,7.16,11.16,11.16,10.8,0.062,1.0,11.16,,0.0,0
2026-09-27 16:59:06,MIN,in,0.297,Q2 12:11,3.0,11792,Will Reichard,K,8.2,6.0,6.39,12.39,12.39,11.77,0.168,1.0,12.39,,0.0,0
2026-09-27 16:59:06,TB,in,0.297,Q2 12:11,-3.0,6650,Chase McLaughlin,K,7.4,1.0,4.99,5.99,5.99,6.2,0.159,1.0,5.99,,0.0,0
2026-09-27 16:59:06,BAL,in,0.236,Q1 0:50,-3.0,12711,Tyler Loop,K,9.4,1.0,6.95,7.95,7.95,8.18,0.008,1.0,7.95,,0.0,0
2026-09-27 16:59:06,SF,in,0.313,Q2 11:12,14.0,5189,Eddy Pineiro,K,9.6,2.0,6.42,8.42,8.42,8.59,0.062,1.0,8.42,,0.0,0
2026-09-27 16:59:06,ARI,in,0.313,Q2 11:12,-14.0,10955,Chad Ryland,K,6.3,0.0,3.99,3.99,3.99,4.33,0.202,1.0,3.99,,0.0,0
2026-09-27 16:59:06,NO,in,0.251,Q2 14:55,3.0,5095,Daniel Carlson,K,7.5,-1.0,5.07,4.07,4.07,4.61,0.015,1.0,4.07,,0.0,0
2026-09-27 16:59:06,LV,in,0.251,Q2 14:55,-3.0,6083,Matt Gay,K,7.1,4.0,5.73,9.73,9.73,9.32,0.128,1.0,9.73,,0.0,0
2026-09-27 16:59:06,MIN,in,0.297,Q2 12:11,3.0,MIN,Minnesota Vikings D/ST,DST,7.1,11.0,-1.77,9.23,17.55,15.99,0.014,1.0,9.23,,0.0,0
2026-09-27 16:59:06,BAL,in,0.236,Q1 0:50,-3.0,BAL,Baltimore Ravens D/ST,DST,5.0,5.0,-0.17,4.83,9.55,8.82,0.062,1.0,4.83,,0.0,0
2026-09-27 16:59:06,SF,in,0.313,Q2 11:12,14.0,SF,San Francisco 49ers D/ST,DST,7.1,10.0,-1.1,8.9,16.21,14.88,0.202,1.0,8.9,,0.0,0
2026-09-27 16:59:06,NO,in,0.251,Q2 14:55,3.0,NO,New Orleans Saints D/ST,DST,7.3,8.0,-0.98,7.02,14.62,13.46,0.128,1.0,7.02,,0.0,0
2026-09-27 16:59:06,TB,in,0.297,Q2 12:11,-3.0,TB,Tampa Bay Buccaneers D/ST,DST,6.4,5.0,0.01,5.01,10.04,9.5,0.047,1.0,5.01,,0.0,0
2026-09-27 16:59:06,DAL,in,0.236,Q1 0:50,3.0,DAL,Dallas Cowboys D/ST,DST,3.7,4.0,-0.04,3.96,7.42,6.83,0.008,1.0,3.96,,0.0,0
2026-09-27 16:59:06,LV,in,0.251,Q2 14:55,-3.0,LV,Las Vegas Raiders D/ST,DST,5.8,9.0,-1.86,7.14,14.75,13.34,0.015,1.0,7.14,,0.0,0
2026-09-27 16:59:06,ARI,in,0.313,Q2 11:12,-14.0,ARI,Arizona Cardinals D/ST,DST,3.8,1.0,0.74,1.74,3.58,3.61,0.062,1.0,1.74,,0.0,0
2026-09-27 16:59:06,ARI,in,0.313,Q2 11:12,-14.0,13272,Carson Beck,QB,1.7,0.0,1.43,1.43,1.08,1.17,0.202,0.843,1.21,,0.0,0
2026-09-27 16:59:06,LV,in,0.251,Q2 14:55,-3.0,13329,Malik Benson,WR,2.1,0.0,1.58,1.58,1.47,1.57,0.251,1.0,1.58,,0.0,0
2026-09-27 16:59:06,TB,in,0.297,Q2 12:11,-3.0,13425,Jalon Daniels,QB,0.4,0.0,0.28,0.28,0.26,0.28,0.168,0.3,0.09,,0.0,0
2026-09-27 16:59:06,BAL,in,0.236,Q1 0:50,-3.0,5008,Durham Smythe,TE,2.2,0.0,1.69,1.69,1.58,1.68,0.236,1.0,1.69,,0.0,0
2026-09-27 17:00:07,SF,in,0.313,Q2 11:12,14.0,4034,Christian McCaffrey,RB,21.8,5.4,13.28,18.68,20.12,20.37,0.015,1.0,18.68,,0.0,0
2026-09-27 17:00:07,DAL,in,0.249,Q1 0:04,3.0,6786,CeeDee Lamb,WR,19.1,2.1,13.46,15.56,15.95,16.45,0.013,1.0,15.56,,0.0,0
2026-09-27 17:00:07,MIN,in,0.312,Q2 11:15,3.0,6794,Justin Jefferson,WR,17.2,5.2,11.47,16.67,16.99,17.02,0.183,1.0,16.67,,0.0,0
2026-09-27 17:00:07,LV,in,0.27,Q2 13:49,-3.0,12527,Ashton Jeanty,RB,18.5,2.7,13.03,15.73,15.79,16.21,0.0,1.0,15.73,,0.0,0
2026-09-27 17:00:07,ARI,in,0.313,Q2 11:12,-14.0,13287,Jeremiyah Love,RB,13.5,5.7,10.38,16.08,15.22,14.97,0.038,1.0,16.08,,0.0,0
2026-09-27 17:00:07,ARI,in,0.313,Q2 11:12,-14.0,8130,Trey McBride,TE,17.1,0.0,13.53,13.53,10.82,11.74,0.202,1.0,13.53,,0.0,0
2026-09-27 17:00:07,BAL,in,0.249,Q1 0:04,-3.0,3198,Derrick Henry,RB,19.9,9.8,16.33,26.13,25.66,24.75,0.021,1.0,26.13,,0.0,0
2026-09-27 17:00:07,LV,in,0.27,Q2 13:49,-3.0,11604,Brock Bowers,TE,13.9,8.2,11.11,19.31,19.16,18.35,0.0,1.0,19.31,,0.0,0
2026-09-27 17:00:07,DAL,in,0.249,Q1 0:04,3.0,8137,George Pickens,WR,14.4,3.7,10.4,14.1,14.54,14.52,0.013,1.0,14.1,,0.0,0
2026-09-27 17:00:07,NO,in,0.27,Q2 13:49,3.0,8144,Chris Olave,WR,17.5,2.2,12.03,14.23,14.52,14.98,0.046,1.0,14.23,,0.0,0
2026-09-27 17:00:07,NO,in,0.27,Q2 13:49,3.0,7543,Travis Etienne,RB,12.0,1.4,8.03,9.43,9.83,10.16,0.034,1.0,9.43,,0.0,0
2026-09-27 17:00:07,TB,in,0.312,Q2 11:15,-3.0,11584,Bucky Irving,RB,13.1,2.0,8.61,10.61,10.65,11.01,0.082,1.0,10.61,,0.0,0
2026-09-27 17:00:07,TB,in,0.312,Q2 11:15,-3.0,12514,Emeka Egbuka,WR,13.7,1.4,9.61,11.01,10.32,10.82,0.096,1.0,11.01,,0.0,0
2026-09-27 17:00:07,DAL,in,0.249,Q1 0:04,3.0,7588,Javonte Williams,RB,16.5,12.2,14.13,26.33,26.11,24.59,0.021,1.0,26.33,,0.0,0
2026-09-27 17:00:07,BAL,in,0.249,Q1 0:04,-3.0,9997,Zay Flowers,WR,11.5,3.2,9.05,12.25,11.9,11.84,0.044,1.0,12.25,,0.0,0
2026-09-27 17:00:07,BAL,in,0.249,Q1 0:04,-3.0,4881,Lamar Jackson,QB,22.7,3.34,18.28,21.62,19.96,20.39,0.044,1.0,21.62,,0.0,0
2026-09-27 17:00:07,SF,in,0.313,Q2 11:12,14.0,2216,Mike Evans,WR,9.6,10.5,6.23,16.73,18.38,17.09,0.038,1.0,16.73,,0.0,0
2026-09-27 17:00:07,ARI,in,0.313,Q2 11:12,-14.0,11628,Marvin Harrison Jr.,WR,8.2,0.0,6.49,6.49,5.19,5.63,0.202,1.0,6.49,,0.0,0
2026-09-27 17:00:07,ARI,in,0.313,Q2 11:12,-14.0,10232,Michael Wilson,WR,10.8,1.5,8.71,10.21,8.59,8.92,0.202,1.0,10.21,,0.0,0
2026-09-27 17:00:07,DAL,in,0.249,Q1 0:04,3.0,3294,Dak Prescott,QB,19.2,1.96,13.63,15.59,15.85,16.38,0.013,1.0,15.59,,0.0,0
2026-09-27 17:00:07,ARI,in,0.313,Q2 11:12,-14.0,8132,Tyler Allgeier,RB,7.4,4.4,6.0,10.4,9.84,9.48,0.015,1.0,10.4,,0.0,0
2026-09-27 17:00:07,MIN,in,0.312,Q2 11:15,3.0,9756,Jordan Addison,WR,8.7,1.4,5.67,7.07,7.15,7.38,0.062,1.0,7.07,,0.0,0
2026-09-27 17:00:07,SF,in,0.313,Q2 11:12,14.0,8183,Brock Purdy,QB,20.2,14.4,13.05,27.45,29.66,28.27,0.015,1.0,27.45,,0.0,0
2026-09-27 17:00:07,TB,in,0.312,Q2 11:15,-3.0,4037,Chris Godwin,WR,9.3,2.3,6.67,8.97,8.59,8.69,0.0,1.0,8.97,,0.0,0
2026-09-27 17:00:07,MIN,in,0.312,Q2 11:15,3.0,5849,Kyler Murray,QB,16.2,3.34,10.79,14.13,14.18,14.48,0.062,1.0,14.13,,0.0,0
2026-09-27 17:00:07,TB,in,0.312,Q2 11:15,-3.0,4892,Baker Mayfield,QB,16.6,6.84,13.26,20.1,18.54,18.25,0.0,1.0,20.1,,0.0,0
2026-09-27 17:00:07,TB,in,0.312,Q2 11:15,-3.0,7567,Kenneth Gainwell,RB,7.5,0.0,4.65,4.65,4.75,5.16,0.183,1.0,4.65,,0.0,0
2026-09-27 17:00:07,NO,in,0.27,Q2 13:49,3.0,12545,Tyler Shough,QB,19.8,8.84,15.36,24.2,23.94,23.3,0.034,1.0,24.2,,0.0,0
2026-09-27 17:00:07,SF,in,0.313,Q2 11:12,14.0,4217,George Kittle,TE,12.4,2.2,6.84,9.04,10.43,10.71,0.063,1.0,9.04,,0.0,0
2026-09-27 17:00:07,DAL,in,0.249,Q1 0:04,3.0,8110,Jake Ferguson,TE,9.2,0.0,6.36,6.36,6.48,6.91,0.249,1.0,6.36,,0.0,0
2026-09-27 17:00:07,MIN,in,0.312,Q2 11:15,3.0,7049,Jauan Jennings,WR,5.0,0.0,3.17,3.17,3.17,3.44,0.183,1.0,3.17,,0.0,0
2026-09-27 17:00:07,LV,in,0.27,Q2 13:49,-3.0,13305,Mike Washington Jr.,RB,3.4,1.0,2.53,3.53,3.5,3.48,0.018,1.0,3.53,,0.0,0
2026-09-27 17:00:07,TB,in,0.312,Q2 11:15,-3.0,11618,Jalen McMillan,WR,5.6,0.0,3.87,3.87,3.55,3.85,0.183,1.0,3.87,,0.0,0
2026-09-27 17:00:07,MIN,in,0.312,Q2 11:15,3.0,4199,Aaron Jones,RB,13.0,2.5,8.35,10.85,11.17,11.44,0.016,1.0,10.85,,0.0,0
2026-09-27 17:00:07,BAL,in,0.249,Q1 0:04,-3.0,5012,Mark Andrews,TE,13.2,1.9,10.18,12.08,11.55,11.81,0.102,1.0,12.08,,0.0,0
2026-09-27 17:00:07,SF,in,0.313,Q2 11:12,14.0,5872,Deebo Samuel,WR,11.8,14.3,7.81,22.11,24.22,22.4,0.125,1.0,22.11,,0.0,0
2026-09-27 17:00:07,NO,in,0.27,Q2 13:49,3.0,7002,Juwan Johnson,TE,9.6,8.8,7.46,16.26,16.94,15.81,0.034,1.0,16.26,,0.0,0
2026-09-27 17:00:07,ARI,in,0.313,Q2 11:12,-14.0,3257,Jacoby Brissett,QB,14.6,1.66,12.7,14.36,11.18,11.69,0.0,1.0,14.36,,0.0,0
2026-09-27 17:00:07,MIN,in,0.312,Q2 11:15,3.0,5844,T.J. Hockenson,TE,9.1,1.5,5.94,7.44,7.53,7.76,0.103,1.0,7.44,,0.0,0
2026-09-27 17:00:07,LV,in,0.27,Q2 13:49,-3.0,8180,Jalen Nailor,WR,7.2,2.6,5.57,8.17,7.98,7.86,0.225,1.0,8.17,,0.0,0
2026-09-27 17:00:07,TB,in,0.312,Q2 11:15,-3.0,9506,Sean Tucker,RB,1.8,0.0,1.12,1.12,1.14,1.24,0.183,1.0,1.12,,0.0,0
2026-09-27 17:00:07,NO,in,0.27,Q2 13:49,3.0,4035,Alvin Kamara,RB,8.6,0.0,5.5,5.5,5.86,6.28,0.27,1.0,5.5,,0.0,0
2026-09-27 17:00:07,LV,in,0.27,Q2 13:49,-3.0,10213,Tre Tucker,WR,10.5,0.0,7.69,7.69,7.15,7.67,0.27,1.0,7.69,,0.0,0
2026-09-27 17:00:07,TB,in,0.312,Q2 11:15,-3.0,8111,Cade Otton,TE,7.7,2.4,5.57,7.97,7.69,7.69,0.183,1.0,7.97,,0.0,0
2026-09-27 17:00:07,BAL,in,0.249,Q1 0:04,-3.0,13268,Elijah Sarratt,WR,1.4,0.0,1.06,1.06,0.99,1.05,0.249,1.0,1.06,,0.0,0
2026-09-27 17:00:07,DAL,in,0.249,Q1 0:04,3.0,11783,Ryan Flournoy,WR,7.7,0.0,5.33,5.33,5.42,5.78,0.249,1.0,5.33,,0.0,0
2026-09-27 17:00:07,NO,in,0.27,Q2 13:49,3.0,11834,Devaughn Vele,WR,11.8,2.1,8.18,10.28,10.52,10.72,0.096,1.0,10.28,,0.0,0
2026-09-27 17:00:07,MIN,in,0.312,Q2 11:15,3.0,13347,Demond Claiborne,RB,1.2,0.2,0.76,0.96,0.99,1.02,0.119,1.0,0.96,,0.0,0
2026-09-27 17:00:07,TB,in,0.312,Q2 11:15,-3.0,12485,Tez Johnson,WR,2.1,0.0,1.45,1.45,1.33,1.44,0.183,1.0,1.45,,0.0,0
2026-09-27 17:00:07,BAL,in,0.249,Q1 0:04,-3.0,5995,Justice Hill,RB,7.5,0.0,5.18,5.18,5.28,5.63,0.249,1.0,5.18,,0.0,0
2026-09-27 17:00:07,BAL,in,0.249,Q1 0:04,-3.0,7571,Rashod Bateman,WR,11.5,0.0,8.67,8.67,8.1,8.64,0.249,1.0,8.67,,0.0,0
2026-09-27 17:00:07,DAL,in,0.249,Q1 0:04,3.0,11199,Emari Demercado,RB,2.1,0.0,1.39,1.39,1.48,1.58,0.249,1.0,1.39,,0.0,0
2026-09-27 17:00:07,TB,in,0.312,Q2 11:15,-3.0,13317,Ted Hurst,WR,6.1,11.0,5.38,16.38,16.76,15.19,0.175,1.0,16.38,,0.0,0
2026-09-27 17:00:07,SF,in,0.313,Q2 11:12,14.0,12467,Jordan James,RB,1.9,0.0,1.04,1.04,1.2,1.3,0.202,1.0,1.04,,0.0,0
2026-09-27 17:00:07,MIN,in,0.312,Q2 11:15,3.0,11565,J.J. McCarthy,QB,0.5,0.0,0.31,0.31,0.32,0.34,0.183,0.3,0.09,,0.0,0
2026-09-27 17:00:07,LV,in,0.27,Q2 13:49,-3.0,1166,Kirk Cousins,QB,14.4,3.2,11.53,14.73,13.59,13.72,0.0,1.0,14.73,,0.0,0
2026-09-27 17:00:07,SF,in,0.313,Q2 11:12,14.0,7527,Mac Jones,QB,0.5,0.0,0.23,0.23,0.32,0.34,0.202,0.3,0.07,,0.0,0
2026-09-27 17:00:07,LV,in,0.27,Q2 13:49,-3.0,12483,Jack Bech,WR,4.5,0.0,3.3,3.3,3.06,3.29,0.27,1.0,3.3,,0.0,0
2026-09-27 17:00:07,NO,in,0.27,Q2 13:49,3.0,13420,Bryce Lance,WR,3.9,0.0,2.63,2.63,2.66,2.85,0.27,1.0,2.63,,0.0,0
2026-09-27 17:00:07,ARI,in,0.313,Q2 11:12,-14.0,4454,Kendrick Bourne,WR,6.0,0.0,4.75,4.75,3.8,4.12,0.202,1.0,4.75,,0.0,0
2026-09-27 17:00:07,LV,in,0.27,Q2 13:49,-3.0,9482,Michael Mayer,TE,6.7,2.8,5.23,8.03,7.87,7.69,0.0,1.0,8.03,,0.0,0
2026-09-27 17:00:07,MIN,in,0.312,Q2 11:15,3.0,5973,Josh Oliver,TE,3.5,0.0,2.22,2.22,2.22,2.41,0.183,1.0,2.22,,0.0,0
2026-09-27 17:00:07,BAL,in,0.249,Q1 0:04,-3.0,11629,Devontez Walker,WR,4.4,0.0,3.32,3.32,3.1,3.3,0.249,1.0,3.32,,0.0,0
2026-09-27 17:00:07,DAL,in,0.249,Q1 0:04,3.0,8917,KaVontae Turpin,WR,3.5,1.9,2.64,4.54,4.72,4.53,0.084,1.0,4.54,,0.0,0
2026-09-27 17:00:07,NO,in,0.27,Q2 13:49,3.0,13319,Oscar Delp,TE,1.0,0.0,0.67,0.67,0.68,0.73,0.27,1.0,0.67,,0.0,0
2026-09-27 17:00:07,NO,in,0.27,Q2 13:49,3.0,5857,Noah Fant,TE,3.5,0.0,2.36,2.36,2.38,2.56,0.27,1.0,2.36,,0.0,0
2026-09-27 17:00:07,ARI,in,0.313,Q2 11:12,-14.0,6011,Gardner Minshew,QB,0.5,0.0,0.42,0.42,0.32,0.34,0.202,0.843,0.35,,0.0,0
2026-09-27 17:00:07,BAL,in,0.249,Q1 0:04,-3.0,11570,Rasheen Ali,RB,0.8,0.0,0.55,0.55,0.56,0.6,0.249,1.0,0.55,,0.0,0
2026-09-27 17:00:07,SF,in,0.313,Q2 11:12,14.0,13414,Kaelon Black,RB,5.2,-0.1,2.83,2.73,3.17,3.47,0.098,1.0,2.73,,0.0,0
2026-09-27 17:00:07,ARI,in,0.313,Q2 11:12,-14.0,10231,Elijah Higgins,TE,2.4,3.2,2.24,5.44,5.27,4.85,0.0,1.0,5.44,,0.0,0
2026-09-27 17:00:07,DAL,in,0.249,Q1 0:04,3.0,10871,Luke Schoonmaker,TE,1.6,1.9,1.33,3.23,3.38,3.1,0.223,1.0,3.23,,0.0,0
2026-09-27 17:00:07,NO,in,0.27,Q2 13:49,3.0,9757,Kendre Miller,RB,1.8,0.0,1.15,1.15,1.23,1.31,0.27,1.0,1.15,,0.0,0
2026-09-27 17:00:07,DAL,in,0.249,Q1 0:04,3.0,11533,Brandon Aubrey,K,8.9,4.0,7.02,11.02,11.02,10.68,0.074,1.0,11.02,,0.0,0
2026-09-27 17:00:07,MIN,in,0.312,Q2 11:15,3.0,11792,Will Reichard,K,8.2,6.0,6.23,12.23,12.23,11.64,0.183,1.0,12.23,,0.0,0
2026-09-27 17:00:07,TB,in,0.312,Q2 11:15,-3.0,6650,Chase McLaughlin,K,7.4,1.0,4.86,5.86,5.86,6.09,0.175,1.0,5.86,,0.0,0
2026-09-27 17:00:07,BAL,in,0.249,Q1 0:04,-3.0,12711,Tyler Loop,K,9.4,1.0,6.81,7.81,7.81,8.06,0.021,1.0,7.81,,0.0,0
2026-09-27 17:00:07,SF,in,0.313,Q2 11:12,14.0,5189,Eddy Pineiro,K,9.6,2.0,6.42,8.42,8.42,8.59,0.062,1.0,8.42,,0.0,0
2026-09-27 17:00:07,ARI,in,0.313,Q2 11:12,-14.0,10955,Chad Ryland,K,6.3,0.0,3.99,3.99,3.99,4.33,0.202,1.0,3.99,,0.0,0
2026-09-27 17:00:07,NO,in,0.27,Q2 13:49,3.0,5095,Daniel Carlson,K,7.5,-1.0,4.93,3.93,3.93,4.48,0.034,1.0,3.93,,0.0,0
2026-09-27 17:00:07,LV,in,0.27,Q2 13:49,-3.0,6083,Matt Gay,K,7.1,4.0,5.57,9.57,9.57,9.18,0.146,1.0,9.57,,0.0,0
2026-09-27 17:00:07,MIN,in,0.312,Q2 11:15,3.0,MIN,Minnesota Vikings D/ST,DST,7.1,11.0,-1.69,9.31,17.39,15.88,0.03,1.0,9.31,,0.0,0
2026-09-27 17:00:07,BAL,in,0.249,Q1 0:04,-3.0,BAL,Baltimore Ravens D/ST,DST,5.0,5.0,-0.19,4.81,9.46,8.76,0.074,1.0,4.81,,0.0,0
2026-09-27 17:00:07,SF,in,0.313,Q2 11:12,14.0,SF,San Francisco 49ers D/ST,DST,7.1,10.0,-1.1,8.9,16.21,14.88,0.202,1.0,8.9,,0.0,0
2026-09-27 17:00:07,NO,in,0.27,Q2 13:49,3.0,NO,New Orleans Saints D/ST,DST,7.3,8.0,-0.94,7.06,14.43,13.33,0.146,1.0,7.06,,0.0,0
2026-09-27 17:00:07,TB,in,0.312,Q2 11:15,-3.0,TB,Tampa Bay Buccaneers D/ST,DST,6.4,5.0,0.01,5.01,9.92,9.4,0.062,1.0,5.01,,0.0,0
2026-09-27 17:00:07,DAL,in,0.249,Q1 0:04,3.0,DAL,Dallas Cowboys D/ST,DST,3.7,4.0,-0.06,3.94,7.36,6.78,0.021,1.0,3.94,,0.0,0
2026-09-27 17:00:07,LV,in,0.27,Q2 13:49,-3.0,LV,Las Vegas Raiders D/ST,DST,5.8,9.0,-1.79,7.21,14.59,13.24,0.034,1.0,7.21,,0.0,0
2026-09-27 17:00:07,ARI,in,0.313,Q2 11:12,-14.0,ARI,Arizona Cardinals D/ST,DST,3.8,1.0,0.74,1.74,3.58,3.61,0.062,1.0,1.74,,0.0,0
2026-09-27 17:00:07,ARI,in,0.313,Q2 11:12,-14.0,13272,Carson Beck,QB,1.7,0.0,1.43,1.43,1.08,1.17,0.202,0.843,1.21,,0.0,0
2026-09-27 17:00:07,LV,in,0.27,Q2 13:49,-3.0,13329,Malik Benson,WR,2.1,0.0,1.54,1.54,1.43,1.53,0.27,1.0,1.54,,0.0,0
2026-09-27 17:00:07,TB,in,0.312,Q2 11:15,-3.0,13425,Jalon Daniels,QB,0.4,0.0,0.28,0.28,0.25,0.28,0.183,0.3,0.08,,0.0,0
2026-09-27 17:00:07,BAL,in,0.249,Q1 0:04,-3.0,5008,Durham Smythe,TE,2.2,0.0,1.66,1.66,1.55,1.65,0.249,1.0,1.66,,0.0,0
2026-09-27 17:01:07,SF,in,0.331,Q2 10:08,14.0,4034,Christian McCaffrey,RB,21.8,5.4,12.92,18.32,19.68,19.98,0.033,1.0,18.32,,0.0,0
2026-09-27 17:01:07,DAL,in,0.25,Q1 0:00,3.0,6786,CeeDee Lamb,WR,19.1,2.1,13.44,15.54,15.92,16.43,0.014,1.0,15.54,,0.0,0
2026-09-27 17:01:07,MIN,in,0.317,Q2 10:58,3.0,6794,Justin Jefferson,WR,17.2,5.2,11.4,16.6,16.9,16.94,0.188,1.0,16.6,,0.0,0
2026-09-27 17:01:07,LV,in,0.283,Q2 13:00,-3.0,12527,Ashton Jeanty,RB,18.5,2.7,12.74,15.44,15.5,15.96,0.014,1.0,15.44,,0.0,0
2026-09-27 17:01:07,ARI,in,0.331,Q2 10:08,-14.0,13287,Jeremiyah Love,RB,13.5,5.7,10.07,15.77,14.94,14.73,0.056,1.0,15.77,,0.0,0
2026-09-27 17:01:07,ARI,in,0.331,Q2 10:08,-14.0,8130,Trey McBride,TE,17.1,0.0,13.26,13.26,10.49,11.44,0.22,1.0,13.26,,0.0,0
2026-09-27 17:01:07,BAL,in,0.25,Q1 0:00,-3.0,3198,Derrick Henry,RB,19.9,9.8,16.3,26.1,25.63,24.73,0.022,1.0,26.1,,0.0,0
2026-09-27 17:01:07,LV,in,0.283,Q2 13:00,-3.0,11604,Brock Bowers,TE,13.9,8.2,10.9,19.1,18.93,18.16,0.0,1.0,19.1,,0.0,0
2026-09-27 17:01:07,DAL,in,0.25,Q1 0:00,3.0,8137,George Pickens,WR,14.4,3.7,10.38,14.08,14.52,14.5,0.014,1.0,14.08,,0.0,0
2026-09-27 17:01:07,NO,in,0.283,Q2 13:00,3.0,8144,Chris Olave,WR,17.5,2.2,11.82,14.02,14.25,14.74,0.059,1.0,14.02,,0.0,0
2026-09-27 17:01:07,NO,in,0.283,Q2 13:00,3.0,7543,Travis Etienne,RB,12.0,1.4,7.85,9.25,9.64,10.0,0.048,1.0,9.25,,0.0,0
2026-09-27 17:01:07,TB,in,0.317,Q2 10:58,-3.0,11584,Bucky Irving,RB,13.1,2.0,8.55,10.55,10.58,10.94,0.086,1.0,10.55,,0.0,0
2026-09-27 17:01:07,TB,in,0.317,Q2 10:58,-3.0,12514,Emeka Egbuka,WR,13.7,1.4,9.55,10.95,10.25,10.75,0.101,1.0,10.95,,0.0,0
2026-09-27 17:01:07,DAL,in,0.25,Q1 0:00,3.0,7588,Javonte Williams,RB,16.5,12.2,14.11,26.31,26.09,24.57,0.022,1.0,26.31,,0.0,0
2026-09-27 17:01:07,BAL,in,0.25,Q1 0:00,-3.0,9997,Zay Flowers,WR,11.5,3.2,9.03,12.23,11.89,11.82,0.045,1.0,12.23,,0.0,0
2026-09-27 17:01:07,BAL,in,0.25,Q1 0:00,-3.0,4881,Lamar Jackson,QB,22.7,3.34,18.25,21.59,19.93,20.36,0.045,1.0,21.59,,0.0,0
2026-09-27 17:01:07,SF,in,0.331,Q2 10:08,14.0,2216,Mike Evans,WR,9.6,10.5,6.05,16.55,18.15,16.92,0.056,1.0,16.55,,0.0,0
2026-09-27 17:01:07,ARI,in,0.331,Q2 10:08,-14.0,11628,Marvin Harrison Jr.,WR,8.2,0.0,6.36,6.36,5.03,5.48,0.22,1.0,6.36,,0.0,0
2026-09-27 17:01:07,ARI,in,0.331,Q2 10:08,-14.0,10232,Michael Wilson,WR,10.8,1.5,8.53,10.03,8.38,8.72,0.22,1.0,10.03,,0.0,0
2026-09-27 17:01:07,DAL,in,0.25,Q1 0:00,3.0,3294,Dak Prescott,QB,19.2,1.96,13.6,15.56,15.83,16.36,0.014,1.0,15.56,,0.0,0
2026-09-27 17:01:07,ARI,in,0.331,Q2 10:08,-14.0,8132,Tyler Allgeier,RB,7.4,4.4,5.83,10.23,9.68,9.35,0.033,1.0,10.23,,0.0,0
2026-09-27 17:01:07,MIN,in,0.317,Q2 10:58,3.0,9756,Jordan Addison,WR,8.7,1.4,5.63,7.03,7.11,7.34,0.067,1.0,7.03,,0.0,0
2026-09-27 17:01:07,SF,in,0.331,Q2 10:08,14.0,8183,Brock Purdy,QB,20.2,14.4,12.61,27.01,29.2,27.91,0.033,1.0,27.01,,0.0,0
2026-09-27 17:01:07,TB,in,0.317,Q2 10:58,-3.0,4037,Chris Godwin,WR,9.3,2.3,6.62,8.92,8.54,8.65,0.0,1.0,8.92,,0.0,0
2026-09-27 17:01:07,MIN,in,0.317,Q2 10:58,3.0,5849,Kyler Murray,QB,16.2,3.34,10.7,14.04,14.09,14.4,0.067,1.0,14.04,,0.0,0
2026-09-27 17:01:07,TB,in,0.317,Q2 10:58,-3.0,4892,Baker Mayfield,QB,16.6,6.84,13.16,20.0,18.44,18.17,0.0,1.0,20.0,,0.0,0
2026-09-27 17:01:07,TB,in,0.317,Q2 10:58,-3.0,7567,Kenneth Gainwell,RB,7.5,0.0,4.61,4.61,4.71,5.12,0.188,1.0,4.61,,0.0,0
2026-09-27 17:01:07,NO,in,0.283,Q2 13:00,3.0,12545,Tyler Shough,QB,19.8,8.84,15.07,23.91,23.61,23.03,0.047,1.0,23.91,,0.0,0
2026-09-27 17:01:07,SF,in,0.331,Q2 10:08,14.0,4217,George Kittle,TE,12.4,2.2,6.62,8.82,10.18,10.49,0.081,1.0,8.82,,0.0,0
2026-09-27 17:01:07,DAL,in,0.25,Q1 0:00,3.0,8110,Jake Ferguson,TE,9.2,0.0,6.35,6.35,6.47,6.9,0.25,1.0,6.35,,0.0,0
2026-09-27 17:01:07,MIN,in,0.317,Q2 10:58,3.0,7049,Jauan Jennings,WR,5.0,0.0,3.15,3.15,3.14,3.41,0.188,1.0,3.15,,0.0,0
2026-09-27 17:01:07,LV,in,0.283,Q2 13:00,-3.0,13305,Mike Washington Jr.,RB,3.4,1.0,2.47,3.47,3.44,3.44,0.032,1.0,3.47,,0.0,0
2026-09-27 17:01:07,TB,in,0.317,Q2 10:58,-3.0,11618,Jalen McMillan,WR,5.6,0.0,3.84,3.84,3.52,3.82,0.188,1.0,3.84,,0.0,0
2026-09-27 17:01:07,MIN,in,0.317,Q2 10:58,3.0,4199,Aaron Jones,RB,13.0,2.5,8.29,10.79,11.1,11.38,0.02,1.0,10.79,,0.0,0
2026-09-27 17:01:07,BAL,in,0.25,Q1 0:00,-3.0,5012,Mark Andrews,TE,13.2,1.9,10.16,12.06,11.54,11.8,0.103,1.0,12.06,,0.0,0
2026-09-27 17:01:07,SF,in,0.331,Q2 10:08,14.0,5872,Deebo Samuel,WR,11.8,14.3,7.59,21.89,23.93,22.19,0.143,1.0,21.89,,0.0,0
2026-09-27 17:01:07,NO,in,0.283,Q2 13:00,3.0,7002,Juwan Johnson,TE,9.6,8.8,7.32,16.12,16.77,15.68,0.047,1.0,16.12,,0.0,0
2026-09-27 17:01:07,ARI,in,0.331,Q2 10:08,-14.0,3257,Jacoby Brissett,QB,14.6,1.7,12.38,14.08,10.94,11.47,0.0,1.0,14.08,,0.0,0
2026-09-27 17:01:07,MIN,in,0.317,Q2 10:58,3.0,5844,T.J. Hockenson,TE,9.1,1.5,5.9,7.4,7.48,7.71,0.108,1.0,7.4,,0.0,0
2026-09-27 17:01:07,LV,in,0.283,Q2 13:00,-3.0,8180,Jalen Nailor,WR,7.2,2.6,5.46,8.06,7.86,7.76,0.238,1.0,8.06,,0.0,0
2026-09-27 17:01:07,TB,in,0.317,Q2 10:58,-3.0,9506,Sean Tucker,RB,1.8,0.0,1.11,1.11,1.13,1.23,0.188,1.0,1.11,,0.0,0
2026-09-27 17:01:07,NO,in,0.283,Q2 13:00,3.0,4035,Alvin Kamara,RB,8.6,0.0,5.37,5.37,5.73,6.16,0.283,1.0,5.37,,0.0,0
2026-09-27 17:01:07,LV,in,0.283,Q2 13:00,-3.0,10213,Tre Tucker,WR,10.5,1.8,7.75,9.55,9.11,9.33,0.0,1.0,9.55,,0.0,0
2026-09-27 17:01:07,TB,in,0.317,Q2 10:58,-3.0,8111,Cade Otton,TE,7.7,2.4,5.54,7.94,7.65,7.66,0.188,1.0,7.94,,0.0,0
2026-09-27 17:01:07,BAL,in,0.25,Q1 0:00,-3.0,13268,Elijah Sarratt,WR,1.4,0.0,1.05,1.05,0.98,1.05,0.25,1.0,1.05,,0.0,0
2026-09-27 17:01:07,DAL,in,0.25,Q1 0:00,3.0,11783,Ryan Flournoy,WR,7.7,0.0,5.32,5.32,5.41,5.78,0.25,1.0,5.32,,0.0,0
2026-09-27 17:01:07,NO,in,0.283,Q2 13:00,3.0,11834,Devaughn Vele,WR,11.8,2.1,8.04,10.14,10.33,10.56,0.109,1.0,10.14,,0.0,0
2026-09-27 17:01:07,MIN,in,0.317,Q2 10:58,3.0,13347,Demond Claiborne,RB,1.2,0.2,0.76,0.96,0.99,1.02,0.123,1.0,0.96,,0.0,0
2026-09-27 17:01:07,TB,in,0.317,Q2 10:58,-3.0,12485,Tez Johnson,WR,2.1,0.0,1.44,1.44,1.32,1.43,0.188,1.0,1.44,,0.0,0
2026-09-27 17:01:07,BAL,in,0.25,Q1 0:00,-3.0,5995,Justice Hill,RB,7.5,0.0,5.17,5.17,5.27,5.62,0.25,1.0,5.17,,0.0,0
2026-09-27 17:01:07,BAL,in,0.25,Q1 0:00,-3.0,7571,Rashod Bateman,WR,11.5,0.0,8.66,8.66,8.09,8.62,0.25,1.0,8.66,,0.0,0
2026-09-27 17:01:07,DAL,in,0.25,Q1 0:00,3.0,11199,Emari Demercado,RB,2.1,0.0,1.39,1.39,1.48,1.58,0.25,1.0,1.39,,0.0,0
2026-09-27 17:01:07,TB,in,0.317,Q2 10:58,-3.0,13317,Ted Hurst,WR,6.1,11.0,5.35,16.35,16.71,15.16,0.179,1.0,16.35,,0.0,0
2026-09-27 17:01:07,SF,in,0.331,Q2 10:08,14.0,12467,Jordan James,RB,1.9,0.0,1.01,1.01,1.17,1.27,0.22,1.0,1.01,,0.0,0
2026-09-27 17:01:07,MIN,in,0.317,Q2 10:58,3.0,11565,J.J. McCarthy,QB,0.5,0.0,0.3,0.3,0.31,0.34,0.188,0.3,0.09,,0.0,0
2026-09-27 17:01:07,LV,in,0.283,Q2 13:00,-3.0,1166,Kirk Cousins,QB,14.4,3.52,11.38,14.9,13.74,13.84,0.0,1.0,14.9,,0.0,0
2026-09-27 17:01:07,SF,in,0.331,Q2 10:08,14.0,7527,Mac Jones,QB,0.5,0.0,0.23,0.23,0.31,0.33,0.22,0.3,0.07,,0.0,0
2026-09-27 17:01:07,LV,in,0.283,Q2 13:00,-3.0,12483,Jack Bech,WR,4.5,0.0,3.23,3.23,3.0,3.23,0.283,1.0,3.23,,0.0,0
2026-09-27 17:01:07,NO,in,0.283,Q2 13:00,3.0,13420,Bryce Lance,WR,3.9,0.0,2.58,2.58,2.6,2.79,0.283,1.0,2.58,,0.0,0
2026-09-27 17:01:07,ARI,in,0.331,Q2 10:08,-14.0,4454,Kendrick Bourne,WR,6.0,0.0,4.65,4.65,3.68,4.01,0.22,1.0,4.65,,0.0,0
2026-09-27 17:01:07,LV,in,0.283,Q2 13:00,-3.0,9482,Michael Mayer,TE,6.7,2.8,5.13,7.93,7.76,7.6,0.014,1.0,7.93,,0.0,0
2026-09-27 17:01:07,MIN,in,0.317,Q2 10:58,3.0,5973,Josh Oliver,TE,3.5,0.0,2.21,2.21,2.2,2.39,0.188,1.0,2.21,,0.0,0
2026-09-27 17:01:07,BAL,in,0.25,Q1 0:00,-3.0,11629,Devontez Walker,WR,4.4,0.0,3.31,3.31,3.09,3.3,0.25,1.0,3.31,,0.0,0
2026-09-27 17:01:07,DAL,in,0.25,Q1 0:00,3.0,8917,KaVontae Turpin,WR,3.5,1.9,2.64,4.54,4.72,4.53,0.085,1.0,4.54,,0.0,0
2026-09-27 17:01:07,NO,in,0.283,Q2 13:00,3.0,13319,Oscar Delp,TE,1.0,0.0,0.66,0.66,0.67,0.72,0.283,1.0,0.66,,0.0,0
2026-09-27 17:01:07,NO,in,0.283,Q2 13:00,3.0,5857,Noah Fant,TE,3.5,0.0,2.31,2.31,2.33,2.51,0.283,1.0,2.31,,0.0,0
2026-09-27 17:01:07,ARI,in,0.331,Q2 10:08,-14.0,6011,Gardner Minshew,QB,0.5,0.0,0.41,0.41,0.31,0.33,0.22,0.79,0.32,,0.0,0
2026-09-27 17:01:07,BAL,in,0.25,Q1 0:00,-3.0,11570,Rasheen Ali,RB,0.8,0.0,0.55,0.55,0.56,0.6,0.25,1.0,0.55,,0.0,0
2026-09-27 17:01:07,SF,in,0.331,Q2 10:08,14.0,13414,Kaelon Black,RB,5.2,-0.1,2.75,2.65,3.07,3.38,0.116,1.0,2.65,,0.0,0
2026-09-27 17:01:07,ARI,in,0.331,Q2 10:08,-14.0,10231,Elijah Higgins,TE,2.4,3.3,2.21,5.51,5.32,4.91,0.0,1.0,5.51,,0.0,0
2026-09-27 17:01:07,DAL,in,0.25,Q1 0:00,3.0,10871,Luke Schoonmaker,TE,1.6,1.9,1.33,3.23,3.38,3.1,0.224,1.0,3.23,,0.0,0
2026-09-27 17:01:07,NO,in,0.283,Q2 13:00,3.0,9757,Kendre Miller,RB,1.8,0.0,1.12,1.12,1.2,1.29,0.283,1.0,1.12,,0.0,0
2026-09-27 17:01:07,DAL,in,0.25,Q1 0:00,3.0,11533,Brandon Aubrey,K,8.9,4.0,7.01,11.01,11.01,10.68,0.076,1.0,11.01,,0.0,0
2026-09-27 17:01:07,MIN,in,0.317,Q2 10:58,3.0,11792,Will Reichard,K,8.2,6.0,6.18,12.18,12.18,11.6,0.188,1.0,12.18,,0.0,0
2026-09-27 17:01:07,TB,in,0.317,Q2 10:58,-3.0,6650,Chase McLaughlin,K,7.4,1.0,4.82,5.82,5.82,6.05,0.179,1.0,5.82,,0.0,0
2026-09-27 17:01:07,BAL,in,0.25,Q1 0:00,-3.0,12711,Tyler Loop,K,9.4,1.0,6.8,7.8,7.8,8.05,0.022,1.0,7.8,,0.0,0
2026-09-27 17:01:07,SF,in,0.331,Q2 10:08,14.0,5189,Eddy Pineiro,K,9.6,2.0,6.22,8.22,8.22,8.42,0.08,1.0,8.22,,0.0,0
2026-09-27 17:01:07,ARI,in,0.331,Q2 10:08,-14.0,10955,Chad Ryland,K,6.3,0.0,3.87,3.87,3.87,4.21,0.22,1.0,3.87,,0.0,0
2026-09-27 17:01:07,NO,in,0.283,Q2 13:00,3.0,5095,Daniel Carlson,K,7.5,-1.0,4.82,3.82,3.82,4.38,0.047,1.0,3.82,,0.0,0
2026-09-27 17:01:07,LV,in,0.283,Q2 13:00,-3.0,6083,Matt Gay,K,7.1,4.0,5.44,9.44,9.44,9.09,0.16,1.0,9.44,,0.0,0
2026-09-27 17:01:07,MIN,in,0.317,Q2 10:58,3.0,MIN,Minnesota Vikings D/ST,DST,7.1,11.0,-1.67,9.33,17.34,15.85,0.034,1.0,9.33,,0.0,0
2026-09-27 17:01:07,BAL,in,0.25,Q1 0:00,-3.0,BAL,Baltimore Ravens D/ST,DST,5.0,5.0,-0.19,4.81,9.45,8.75,0.076,1.0,4.81,,0.0,0
2026-09-27 17:01:07,SF,in,0.331,Q2 10:08,14.0,SF,San Francisco 49ers D/ST,DST,7.1,10.0,-0.96,9.04,16.03,14.75,0.22,1.0,9.04,,0.0,0
2026-09-27 17:01:07,NO,in,0.283,Q2 13:00,3.0,NO,New Orleans Saints D/ST,DST,7.3,8.0,-0.92,7.08,14.29,13.23,0.16,1.0,7.08,,0.0,0
2026-09-27 17:01:07,TB,in,0.317,Q2 10:58,-3.0,TB,Tampa Bay Buccaneers D/ST,DST,6.4,6.0,-0.32,5.68,11.05,10.37,0.0,1.0,5.68,,0.0,0
2026-09-27 17:01:07,DAL,in,0.25,Q1 0:00,3.0,DAL,Dallas Cowboys D/ST,DST,3.7,4.0,-0.06,3.94,7.35,6.78,0.022,1.0,3.94,,0.0,0
2026-09-27 17:01:07,LV,in,0.283,Q2 13:00,-3.0,LV,Las Vegas Raiders D/ST,DST,5.8,9.0,-1.74,7.26,14.47,13.16,0.047,1.0,7.26,,0.0,0
2026-09-27 17:01:07,ARI,in,0.331,Q2 10:08,-14.0,ARI,Arizona Cardinals D/ST,DST,3.8,1.0,0.67,1.67,3.5,3.54,0.08,1.0,1.67,,0.0,0
2026-09-27 17:01:07,ARI,in,0.331,Q2 10:08,-14.0,13272,Carson Beck,QB,1.7,0.0,1.39,1.39,1.04,1.14,0.22,0.79,1.1,,0.0,0
2026-09-27 17:01:07,LV,in,0.283,Q2 13:00,-3.0,13329,Malik Benson,WR,2.1,0.0,1.51,1.51,1.4,1.51,0.283,1.0,1.51,,0.0,0
2026-09-27 17:01:07,TB,in,0.317,Q2 10:58,-3.0,13425,Jalon Daniels,QB,0.4,0.0,0.28,0.28,0.25,0.27,0.188,0.3,0.08,,0.0,0
2026-09-27 17:01:07,BAL,in,0.25,Q1 0:00,-3.0,5008,Durham Smythe,TE,2.2,0.0,1.66,1.66,1.55,1.65,0.25,1.0,1.66,,0.0,0
2026-09-27 17:02:08,SF,in,0.335,Q2 9:54,14.0,4034,Christian McCaffrey,RB,21.8,5.4,12.84,18.24,19.58,19.9,0.037,1.0,18.24,,0.0,0
2026-09-27 17:02:08,DAL,in,0.25,Q1 0:00,3.0,6786,CeeDee Lamb,WR,19.1,2.1,13.44,15.54,15.92,16.43,0.014,1.0,15.54,,0.0,0
2026-09-27 17:02:08,MIN,in,0.317,Q2 10:58,3.0,6794,Justin Jefferson,WR,17.2,5.2,11.4,16.6,16.9,16.94,0.188,1.0,16.6,,0.0,0
2026-09-27 17:02:08,LV,in,0.302,Q2 11:54,-3.0,12527,Ashton Jeanty,RB,18.5,2.8,12.37,15.17,15.23,15.72,0.0,1.0,15.17,,0.0,0
2026-09-27 17:02:08,ARI,in,0.335,Q2 9:54,-14.0,13287,Jeremiyah Love,RB,13.5,5.7,10.01,15.71,14.87,14.68,0.059,1.0,15.71,,0.0,0
2026-09-27 17:02:08,ARI,in,0.335,Q2 9:54,-14.0,8130,Trey McBride,TE,17.1,0.0,13.19,13.19,10.42,11.37,0.224,1.0,13.19,,0.0,0
2026-09-27 17:02:08,BAL,in,0.25,Q1 0:00,-3.0,3198,Derrick Henry,RB,19.9,9.8,16.3,26.1,25.63,24.73,0.022,1.0,26.1,,0.0,0
2026-09-27 17:02:08,LV,in,0.302,Q2 11:54,-3.0,11604,Brock Bowers,TE,13.9,8.2,10.61,18.81,18.61,17.91,0.0,1.0,18.81,,0.0,0
2026-09-27 17:02:08,DAL,in,0.25,Q1 0:00,3.0,8137,George Pickens,WR,14.4,3.7,10.38,14.08,14.52,14.5,0.014,1.0,14.08,,0.0,0
2026-09-27 17:02:08,NO,in,0.302,Q2 11:54,3.0,8144,Chris Olave,WR,17.5,2.2,11.52,13.72,13.88,14.42,0.078,1.0,13.72,,0.0,0
2026-09-27 17:02:08,NO,in,0.302,Q2 11:54,3.0,7543,Travis Etienne,RB,12.0,1.4,7.61,9.01,9.39,9.78,0.066,1.0,9.01,,0.0,0
2026-09-27 17:02:08,TB,in,0.317,Q2 10:58,-3.0,11584,Bucky Irving,RB,13.1,2.0,8.55,10.55,10.58,10.94,0.086,1.0,10.55,,0.0,0
2026-09-27 17:02:08,TB,in,0.317,Q2 10:58,-3.0,12514,Emeka Egbuka,WR,13.7,1.4,9.55,10.95,10.25,10.75,0.101,1.0,10.95,,0.0,0
2026-09-27 17:02:08,DAL,in,0.25,Q1 0:00,3.0,7588,Javonte Williams,RB,16.5,12.2,14.11,26.31,26.09,24.57,0.022,1.0,26.31,,0.0,0
2026-09-27 17:02:08,BAL,in,0.25,Q1 0:00,-3.0,9997,Zay Flowers,WR,11.5,3.2,9.03,12.23,11.89,11.82,0.045,1.0,12.23,,0.0,0
2026-09-27 17:02:08,BAL,in,0.25,Q1 0:00,-3.0,4881,Lamar Jackson,QB,22.7,3.34,18.25,21.59,19.93,20.36,0.045,1.0,21.59,,0.0,0
2026-09-27 17:02:08,SF,in,0.335,Q2 9:54,14.0,2216,Mike Evans,WR,9.6,10.5,6.02,16.52,18.09,16.88,0.059,1.0,16.52,,0.0,0
2026-09-27 17:02:08,ARI,in,0.335,Q2 9:54,-14.0,11628,Marvin Harrison Jr.,WR,8.2,0.0,6.33,6.33,5.0,5.45,0.224,1.0,6.33,,0.0,0
2026-09-27 17:02:08,ARI,in,0.335,Q2 9:54,-14.0,10232,Michael Wilson,WR,10.8,3.0,8.65,11.65,10.08,10.18,0.0,1.0,11.65,,0.0,0
2026-09-27 17:02:08,DAL,in,0.25,Q1 0:00,3.0,3294,Dak Prescott,QB,19.2,1.96,13.6,15.56,15.83,16.36,0.014,1.0,15.56,,0.0,0
2026-09-27 17:02:08,ARI,in,0.335,Q2 9:54,-14.0,8132,Tyler Allgeier,RB,7.4,4.4,5.79,10.19,9.64,9.32,0.037,1.0,10.19,,0.0,0
2026-09-27 17:02:08,MIN,in,0.317,Q2 10:58,3.0,9756,Jordan Addison,WR,8.7,1.4,5.63,7.03,7.11,7.34,0.067,1.0,7.03,,0.0,0
2026-09-27 17:02:08,SF,in,0.335,Q2 9:54,14.0,8183,Brock Purdy,QB,20.2,14.4,12.51,26.91,29.1,27.83,0.037,1.0,26.91,,0.0,0
2026-09-27 17:02:08,TB,in,0.317,Q2 10:58,-3.0,4037,Chris Godwin,WR,9.3,2.3,6.62,8.92,8.54,8.65,0.0,1.0,8.92,,0.0,0
2026-09-27 17:02:08,MIN,in,0.317,Q2 10:58,3.0,5849,Kyler Murray,QB,16.2,3.34,10.7,14.04,14.09,14.4,0.067,1.0,14.04,,0.0,0
2026-09-27 17:02:08,TB,in,0.317,Q2 10:58,-3.0,4892,Baker Mayfield,QB,16.6,6.84,13.16,20.0,18.44,18.17,0.0,1.0,20.0,,0.0,0
2026-09-27 17:02:08,TB,in,0.317,Q2 10:58,-3.0,7567,Kenneth Gainwell,RB,7.5,0.0,4.61,4.61,4.71,5.12,0.188,1.0,4.61,,0.0,0
2026-09-27 17:02:08,NO,in,0.302,Q2 11:54,3.0,12545,Tyler Shough,QB,19.8,8.84,14.67,23.51,23.17,22.67,0.066,1.0,23.51,,0.0,0
2026-09-27 17:02:08,SF,in,0.335,Q2 9:54,14.0,4217,George Kittle,TE,12.4,2.2,6.57,8.77,10.12,10.45,0.085,1.0,8.77,,0.0,0
2026-09-27 17:02:08,DAL,in,0.25,Q1 0:00,3.0,8110,Jake Ferguson,TE,9.2,0.0,6.35,6.35,6.47,6.9,0.25,1.0,6.35,,0.0,0
2026-09-27 17:02:08,MIN,in,0.317,Q2 10:58,3.0,7049,Jauan Jennings,WR,5.0,0.0,3.15,3.15,3.14,3.41,0.188,1.0,3.15,,0.0,0
2026-09-27 17:02:08,LV,in,0.302,Q2 11:54,-3.0,13305,Mike Washington Jr.,RB,3.4,1.0,2.4,3.4,3.37,3.37,0.05,1.0,3.4,,0.0,0
2026-09-27 17:02:08,TB,in,0.317,Q2 10:58,-3.0,11618,Jalen McMillan,WR,5.6,0.0,3.84,3.84,3.52,3.82,0.188,1.0,3.84,,0.0,0
2026-09-27 17:02:08,MIN,in,0.317,Q2 10:58,3.0,4199,Aaron Jones,RB,13.0,2.5,8.29,10.79,11.1,11.38,0.02,1.0,10.79,,0.0,0
2026-09-27 17:02:08,BAL,in,0.25,Q1 0:00,-3.0,5012,Mark Andrews,TE,13.2,1.9,10.16,12.06,11.54,11.8,0.103,1.0,12.06,,0.0,0
2026-09-27 17:02:08,SF,in,0.335,Q2 9:54,14.0,5872,Deebo Samuel,WR,11.8,14.3,7.54,21.84,23.87,22.15,0.147,1.0,21.84,,0.0,0
2026-09-27 17:02:08,NO,in,0.302,Q2 11:54,3.0,7002,Juwan Johnson,TE,9.6,8.8,7.13,15.93,16.53,15.5,0.066,1.0,15.93,,0.0,0
2026-09-27 17:02:08,ARI,in,0.335,Q2 9:54,-14.0,3257,Jacoby Brissett,QB,14.6,1.9,12.36,14.26,11.11,11.61,0.0,1.0,14.26,,0.0,0
2026-09-27 17:02:08,MIN,in,0.317,Q2 10:58,3.0,5844,T.J. Hockenson,TE,9.1,1.5,5.9,7.4,7.48,7.71,0.108,1.0,7.4,,0.0,0
2026-09-27 17:02:08,LV,in,0.302,Q2 11:54,-3.0,8180,Jalen Nailor,WR,7.2,2.6,5.32,7.92,7.7,7.63,0.257,1.0,7.92,,0.0,0
2026-09-27 17:02:08,TB,in,0.317,Q2 10:58,-3.0,9506,Sean Tucker,RB,1.8,0.0,1.11,1.11,1.13,1.23,0.188,1.0,1.11,,0.0,0
2026-09-27 17:02:08,NO,in,0.302,Q2 11:54,3.0,4035,Alvin Kamara,RB,8.6,0.0,5.2,5.2,5.55,6.01,0.302,1.0,5.2,,0.0,0
2026-09-27 17:02:08,LV,in,0.302,Q2 11:54,-3.0,10213,Tre Tucker,WR,10.5,1.8,7.55,9.35,8.89,9.13,0.018,1.0,9.35,,0.0,0
2026-09-27 17:02:08,TB,in,0.317,Q2 10:58,-3.0,8111,Cade Otton,TE,7.7,2.4,5.54,7.94,7.65,7.66,0.188,1.0,7.94,,0.0,0
2026-09-27 17:02:08,BAL,in,0.25,Q1 0:00,-3.0,13268,Elijah Sarratt,WR,1.4,0.0,1.05,1.05,0.98,1.05,0.25,1.0,1.05,,0.0,0
2026-09-27 17:02:08,DAL,in,0.25,Q1 0:00,3.0,11783,Ryan Flournoy,WR,7.7,0.0,5.32,5.32,5.41,5.78,0.25,1.0,5.32,,0.0,0
2026-09-27 17:02:08,NO,in,0.302,Q2 11:54,3.0,11834,Devaughn Vele,WR,11.8,2.1,7.84,9.94,10.09,10.34,0.128,1.0,9.94,,0.0,0
2026-09-27 17:02:08,MIN,in,0.317,Q2 10:58,3.0,13347,Demond Claiborne,RB,1.2,0.2,0.76,0.96,0.99,1.02,0.123,1.0,0.96,,0.0,0
2026-09-27 17:02:08,TB,in,0.317,Q2 10:58,-3.0,12485,Tez Johnson,WR,2.1,0.0,1.44,1.44,1.32,1.43,0.188,1.0,1.44,,0.0,0
2026-09-27 17:02:08,BAL,in,0.25,Q1 0:00,-3.0,5995,Justice Hill,RB,7.5,0.0,5.17,5.17,5.27,5.62,0.25,1.0,5.17,,0.0,0
2026-09-27 17:02:08,BAL,in,0.25,Q1 0:00,-3.0,7571,Rashod Bateman,WR,11.5,0.0,8.66,8.66,8.09,8.62,0.25,1.0,8.66,,0.0,0
2026-09-27 17:02:08,DAL,in,0.25,Q1 0:00,3.0,11199,Emari Demercado,RB,2.1,0.0,1.39,1.39,1.48,1.58,0.25,1.0,1.39,,0.0,0
2026-09-27 17:02:08,TB,in,0.317,Q2 10:58,-3.0,13317,Ted Hurst,WR,6.1,11.0,5.35,16.35,16.71,15.16,0.179,1.0,16.35,,0.0,0
2026-09-27 17:02:08,SF,in,0.335,Q2 9:54,14.0,12467,Jordan James,RB,1.9,0.0,1.01,1.01,1.16,1.26,0.224,1.0,1.01,,0.0,0
2026-09-27 17:02:08,MIN,in,0.317,Q2 10:58,3.0,11565,J.J. McCarthy,QB,0.5,0.0,0.3,0.3,0.31,0.34,0.188,0.3,0.09,,0.0,0
2026-09-27 17:02:08,LV,in,0.302,Q2 11:54,-3.0,1166,Kirk Cousins,QB,14.4,3.52,11.08,14.6,13.43,13.58,0.018,1.0,14.6,,0.0,0
2026-09-27 17:02:08,SF,in,0.335,Q2 9:54,14.0,7527,Mac Jones,QB,0.5,0.0,0.22,0.22,0.3,0.33,0.224,0.3,0.07,,0.0,0
2026-09-27 17:02:08,LV,in,0.302,Q2 11:54,-3.0,12483,Jack Bech,WR,4.5,0.0,3.15,3.15,2.91,3.14,0.302,1.0,3.15,,0.0,0
2026-09-27 17:02:08,NO,in,0.302,Q2 11:54,3.0,13420,Bryce Lance,WR,3.9,0.0,2.52,2.52,2.52,2.72,0.302,1.0,2.52,,0.0,0
2026-09-27 17:02:08,ARI,in,0.335,Q2 9:54,-14.0,4454,Kendrick Bourne,WR,6.0,0.0,4.63,4.63,3.66,3.99,0.224,1.0,4.63,,0.0,0
2026-09-27 17:02:08,LV,in,0.302,Q2 11:54,-3.0,9482,Michael Mayer,TE,6.7,2.8,4.99,7.79,7.61,7.48,0.032,1.0,7.79,,0.0,0
2026-09-27 17:02:08,MIN,in,0.317,Q2 10:58,3.0,5973,Josh Oliver,TE,3.5,0.0,2.21,2.21,2.2,2.39,0.188,1.0,2.21,,0.0,0
2026-09-27 17:02:08,BAL,in,0.25,Q1 0:00,-3.0,11629,Devontez Walker,WR,4.4,0.0,3.31,3.31,3.09,3.3,0.25,1.0,3.31,,0.0,0
2026-09-27 17:02:08,DAL,in,0.25,Q1 0:00,3.0,8917,KaVontae Turpin,WR,3.5,1.9,2.64,4.54,4.72,4.53,0.085,1.0,4.54,,0.0,0
2026-09-27 17:02:08,NO,in,0.302,Q2 11:54,3.0,13319,Oscar Delp,TE,1.0,0.0,0.65,0.65,0.65,0.7,0.302,1.0,0.65,,0.0,0
2026-09-27 17:02:08,NO,in,0.302,Q2 11:54,3.0,5857,Noah Fant,TE,3.5,0.0,2.26,2.26,2.26,2.44,0.302,1.0,2.26,,0.0,0
2026-09-27 17:02:08,ARI,in,0.335,Q2 9:54,-14.0,6011,Gardner Minshew,QB,0.5,0.0,0.41,0.41,0.3,0.33,0.224,0.778,0.32,,0.0,0
2026-09-27 17:02:08,BAL,in,0.25,Q1 0:00,-3.0,11570,Rasheen Ali,RB,0.8,0.0,0.55,0.55,0.56,0.6,0.25,1.0,0.55,,0.0,0
2026-09-27 17:02:08,SF,in,0.335,Q2 9:54,14.0,13414,Kaelon Black,RB,5.2,-0.1,2.73,2.63,3.05,3.36,0.12,1.0,2.63,,0.0,0
2026-09-27 17:02:08,ARI,in,0.335,Q2 9:54,-14.0,10231,Elijah Higgins,TE,2.4,3.3,2.2,5.5,5.31,4.9,0.004,1.0,5.5,,0.0,0
2026-09-27 17:02:08,DAL,in,0.25,Q1 0:00,3.0,10871,Luke Schoonmaker,TE,1.6,1.9,1.33,3.23,3.38,3.1,0.224,1.0,3.23,,0.0,0
2026-09-27 17:02:08,NO,in,0.302,Q2 11:54,3.0,9757,Kendre Miller,RB,1.8,0.0,1.09,1.09,1.16,1.26,0.302,1.0,1.09,,0.0,0
2026-09-27 17:02:08,DAL,in,0.25,Q1 0:00,3.0,11533,Brandon Aubrey,K,8.9,4.0,7.01,11.01,11.01,10.68,0.076,1.0,11.01,,0.0,0
2026-09-27 17:02:08,MIN,in,0.317,Q2 10:58,3.0,11792,Will Reichard,K,8.2,6.0,6.18,12.18,12.18,11.6,0.188,1.0,12.18,,0.0,0
2026-09-27 17:02:08,TB,in,0.317,Q2 10:58,-3.0,6650,Chase McLaughlin,K,7.4,1.0,4.82,5.82,5.82,6.05,0.179,1.0,5.82,,0.0,0
2026-09-27 17:02:08,BAL,in,0.25,Q1 0:00,-3.0,12711,Tyler Loop,K,9.4,1.0,6.8,7.8,7.8,8.05,0.022,1.0,7.8,,0.0,0
2026-09-27 17:02:08,SF,in,0.335,Q2 9:54,14.0,5189,Eddy Pineiro,K,9.6,2.0,6.18,8.18,8.18,8.38,0.084,1.0,8.18,,0.0,0
2026-09-27 17:02:08,ARI,in,0.335,Q2 9:54,-14.0,10955,Chad Ryland,K,6.3,0.0,3.84,3.84,3.84,4.19,0.224,1.0,3.84,,0.0,0
2026-09-27 17:02:08,NO,in,0.302,Q2 11:54,3.0,5095,Daniel Carlson,K,7.5,-1.0,4.67,3.67,3.67,4.24,0.066,1.0,3.67,,0.0,0
2026-09-27 17:02:08,LV,in,0.302,Q2 11:54,-3.0,6083,Matt Gay,K,7.1,4.0,5.28,9.28,9.28,8.96,0.178,1.0,9.28,,0.0,0
2026-09-27 17:02:08,MIN,in,0.317,Q2 10:58,3.0,MIN,Minnesota Vikings D/ST,DST,7.1,11.0,-1.67,9.33,17.34,15.85,0.034,1.0,9.33,,0.0,0
2026-09-27 17:02:08,BAL,in,0.25,Q1 0:00,-3.0,BAL,Baltimore Ravens D/ST,DST,5.0,5.0,-0.19,4.81,9.45,8.75,0.076,1.0,4.81,,0.0,0
2026-09-27 17:02:08,SF,in,0.335,Q2 9:54,14.0,SF,San Francisco 49ers D/ST,DST,7.1,10.0,-0.93,9.07,15.99,14.72,0.224,1.0,9.07,,0.0,0
2026-09-27 17:02:08,NO,in,0.302,Q2 11:54,3.0,NO,New Orleans Saints D/ST,DST,7.3,8.0,-0.89,7.11,14.11,13.1,0.178,1.0,7.11,,0.0,0
2026-09-27 17:02:08,TB,in,0.317,Q2 10:58,-3.0,TB,Tampa Bay Buccaneers D/ST,DST,6.4,6.0,-0.32,5.68,11.05,10.37,0.0,1.0,5.68,,0.0,0
2026-09-27 17:02:08,DAL,in,0.25,Q1 0:00,3.0,DAL,Dallas Cowboys D/ST,DST,3.7,4.0,-0.06,3.94,7.35,6.78,0.022,1.0,3.94,,0.0,0
2026-09-27 17:02:08,LV,in,0.302,Q2 11:54,-3.0,LV,Las Vegas Raiders D/ST,DST,5.8,9.0,-1.68,7.32,14.32,13.05,0.066,1.0,7.32,,0.0,0
2026-09-27 17:02:08,ARI,in,0.335,Q2 9:54,-14.0,ARI,Arizona Cardinals D/ST,DST,3.8,1.0,0.66,1.66,3.48,3.53,0.084,1.0,1.66,,0.0,0
2026-09-27 17:02:08,ARI,in,0.335,Q2 9:54,-14.0,13272,Carson Beck,QB,1.7,0.0,1.39,1.39,1.04,1.13,0.224,0.778,1.08,,0.0,0
2026-09-27 17:02:08,LV,in,0.302,Q2 11:54,-3.0,13329,Malik Benson,WR,2.1,0.0,1.47,1.47,1.36,1.47,0.302,1.0,1.47,,0.0,0
2026-09-27 17:02:08,TB,in,0.317,Q2 10:58,-3.0,13425,Jalon Daniels,QB,0.4,0.0,0.28,0.28,0.25,0.27,0.188,0.3,0.08,,0.0,0
2026-09-27 17:02:08,BAL,in,0.25,Q1 0:00,-3.0,5008,Durham Smythe,TE,2.2,0.0,1.66,1.66,1.55,1.65,0.25,1.0,1.66,,0.0,0
2026-09-27 17:03:09,SF,in,0.353,Q2 8:48,14.0,4034,Christian McCaffrey,RB,21.8,5.4,12.46,17.86,19.13,19.5,0.055,1.0,17.86,,0.0,0
2026-09-27 17:03:09,DAL,in,0.25,Q1 0:00,3.0,6786,CeeDee Lamb,WR,19.1,2.1,13.44,15.54,15.92,16.43,0.014,1.0,15.54,,0.0,0
2026-09-27 17:03:09,MIN,in,0.317,Q2 10:58,3.0,6794,Justin Jefferson,WR,17.2,5.2,11.4,16.6,16.9,16.94,0.188,1.0,16.6,,0.0,0
2026-09-27 17:03:09,LV,in,0.308,Q2 11:30,-3.0,12527,Ashton Jeanty,RB,18.5,2.8,12.24,15.04,15.09,15.6,0.007,1.0,15.04,,0.0,0
2026-09-27 17:03:09,ARI,in,0.353,Q2 8:48,-14.0,13287,Jeremiyah Love,RB,13.5,5.7,9.7,15.4,14.58,14.43,0.078,1.0,15.4,,0.0,0
2026-09-27 17:03:09,ARI,in,0.353,Q2 8:48,-14.0,8130,Trey McBride,TE,17.1,0.0,12.91,12.91,10.08,11.06,0.242,1.0,12.91,,0.0,0
2026-09-27 17:03:09,BAL,in,0.25,Q1 0:00,-3.0,3198,Derrick Henry,RB,19.9,9.8,16.3,26.1,25.63,24.73,0.022,1.0,26.1,,0.0,0
2026-09-27 17:03:09,LV,in,0.308,Q2 11:30,-3.0,11604,Brock Bowers,TE,13.9,8.2,10.52,18.72,18.49,17.81,0.0,1.0,18.72,,0.0,0
2026-09-27 17:03:09,DAL,in,0.25,Q1 0:00,3.0,8137,George Pickens,WR,14.4,3.7,10.38,14.08,14.52,14.5,0.014,1.0,14.08,,0.0,0
2026-09-27 17:03:09,NO,in,0.308,Q2 11:30,3.0,8144,Chris Olave,WR,17.5,2.2,11.41,13.61,13.75,14.3,0.084,1.0,13.61,,0.0,0
2026-09-27 17:03:09,NO,in,0.308,Q2 11:30,3.0,7543,Travis Etienne,RB,12.0,1.4,7.53,8.93,9.3,9.7,0.073,1.0,8.93,,0.0,0
2026-09-27 17:03:09,TB,in,0.317,Q2 10:58,-3.0,11584,Bucky Irving,RB,13.1,2.0,8.55,10.55,10.58,10.94,0.086,1.0,10.55,,0.0,0
2026-09-27 17:03:09,TB,in,0.317,Q2 10:58,-3.0,12514,Emeka Egbuka,WR,13.7,1.4,9.55,10.95,10.25,10.75,0.101,1.0,10.95,,0.0,0
2026-09-27 17:03:09,DAL,in,0.25,Q1 0:00,3.0,7588,Javonte Williams,RB,16.5,12.2,14.11,26.31,26.09,24.57,0.022,1.0,26.31,,0.0,0
2026-09-27 17:03:09,BAL,in,0.25,Q1 0:00,-3.0,9997,Zay Flowers,WR,11.5,3.2,9.03,12.23,11.89,11.82,0.045,1.0,12.23,,0.0,0
2026-09-27 17:03:09,BAL,in,0.25,Q1 0:00,-3.0,4881,Lamar Jackson,QB,22.7,3.34,18.25,21.59,19.93,20.36,0.045,1.0,21.59,,0.0,0
2026-09-27 17:03:09,SF,in,0.353,Q2 8:48,14.0,2216,Mike Evans,WR,9.6,10.5,5.83,16.33,17.86,16.71,0.078,1.0,16.33,,0.0,0
2026-09-27 17:03:09,ARI,in,0.353,Q2 8:48,-14.0,11628,Marvin Harrison Jr.,WR,8.2,1.7,6.37,8.07,6.81,7.0,0.0,1.0,8.07,,0.0,0
2026-09-27 17:03:09,ARI,in,0.353,Q2 8:48,-14.0,10232,Michael Wilson,WR,10.8,3.0,8.46,11.46,9.85,9.98,0.018,1.0,11.46,,0.0,0
2026-09-27 17:03:09,DAL,in,0.25,Q1 0:00,3.0,3294,Dak Prescott,QB,19.2,1.96,13.6,15.56,15.83,16.36,0.014,1.0,15.56,,0.0,0
2026-09-27 17:03:09,ARI,in,0.353,Q2 8:48,-14.0,8132,Tyler Allgeier,RB,7.4,4.4,5.61,10.01,9.47,9.19,0.055,1.0,10.01,,0.0,0
2026-09-27 17:03:09,MIN,in,0.317,Q2 10:58,3.0,9756,Jordan Addison,WR,8.7,1.4,5.63,7.03,7.11,7.34,0.067,1.0,7.03,,0.0,0
2026-09-27 17:03:09,SF,in,0.353,Q2 8:48,14.0,8183,Brock Purdy,QB,20.2,14.4,12.07,26.47,28.64,27.46,0.055,1.0,26.47,,0.0,0
2026-09-27 17:03:09,TB,in,0.317,Q2 10:58,-3.0,4037,Chris Godwin,WR,9.3,2.3,6.62,8.92,8.54,8.65,0.0,1.0,8.92,,0.0,0
2026-09-27 17:03:09,MIN,in,0.317,Q2 10:58,3.0,5849,Kyler Murray,QB,16.2,3.34,10.7,14.04,14.09,14.4,0.067,1.0,14.04,,0.0,0
2026-09-27 17:03:09,TB,in,0.317,Q2 10:58,-3.0,4892,Baker Mayfield,QB,16.6,6.84,13.16,20.0,18.44,18.17,0.0,1.0,20.0,,0.0,0
2026-09-27 17:03:09,TB,in,0.317,Q2 10:58,-3.0,7567,Kenneth Gainwell,RB,7.5,0.0,4.61,4.61,4.71,5.12,0.188,1.0,4.61,,0.0,0
2026-09-27 17:03:09,NO,in,0.308,Q2 11:30,3.0,12545,Tyler Shough,QB,19.8,8.84,14.5,23.34,23.01,22.54,0.072,1.0,23.34,,0.0,0
2026-09-27 17:03:09,SF,in,0.353,Q2 8:48,14.0,4217,George Kittle,TE,12.4,2.2,6.35,8.55,9.87,10.22,0.103,1.0,8.55,,0.0,0
2026-09-27 17:03:09,DAL,in,0.25,Q1 0:00,3.0,8110,Jake Ferguson,TE,9.2,0.0,6.35,6.35,6.47,6.9,0.25,1.0,6.35,,0.0,0
2026-09-27 17:03:09,MIN,in,0.317,Q2 10:58,3.0,7049,Jauan Jennings,WR,5.0,0.0,3.15,3.15,3.14,3.41,0.188,1.0,3.15,,0.0,0
2026-09-27 17:03:09,LV,in,0.308,Q2 11:30,-3.0,13305,Mike Washington Jr.,RB,3.4,1.0,2.37,3.37,3.34,3.35,0.057,1.0,3.37,,0.0,0
2026-09-27 17:03:09,TB,in,0.317,Q2 10:58,-3.0,11618,Jalen McMillan,WR,5.6,0.0,3.84,3.84,3.52,3.82,0.188,1.0,3.84,,0.0,0
2026-09-27 17:03:09,MIN,in,0.317,Q2 10:58,3.0,4199,Aaron Jones,RB,13.0,2.5,8.29,10.79,11.1,11.38,0.02,1.0,10.79,,0.0,0
2026-09-27 17:03:09,BAL,in,0.25,Q1 0:00,-3.0,5012,Mark Andrews,TE,13.2,1.9,10.16,12.06,11.54,11.8,0.103,1.0,12.06,,0.0,0
2026-09-27 17:03:09,SF,in,0.353,Q2 8:48,14.0,5872,Deebo Samuel,WR,11.8,14.3,7.32,21.62,23.57,21.93,0.165,1.0,21.62,,0.0,0
2026-09-27 17:03:09,NO,in,0.308,Q2 11:30,3.0,7002,Juwan Johnson,TE,9.6,8.8,7.07,15.87,16.45,15.44,0.072,1.0,15.87,,0.0,0
2026-09-27 17:03:09,ARI,in,0.353,Q2 8:48,-14.0,3257,Jacoby Brissett,QB,14.6,2.18,12.08,14.26,11.14,11.62,0.0,1.0,14.26,,0.0,0
2026-09-27 17:03:09,MIN,in,0.317,Q2 10:58,3.0,5844,T.J. Hockenson,TE,9.1,1.5,5.9,7.4,7.48,7.71,0.108,1.0,7.4,,0.0,0
2026-09-27 17:03:09,LV,in,0.308,Q2 11:30,-3.0,8180,Jalen Nailor,WR,7.2,2.6,5.28,7.88,7.65,7.58,0.263,1.0,7.88,,0.0,0
2026-09-27 17:03:09,TB,in,0.317,Q2 10:58,-3.0,9506,Sean Tucker,RB,1.8,0.0,1.11,1.11,1.13,1.23,0.188,1.0,1.11,,0.0,0
2026-09-27 17:03:09,NO,in,0.308,Q2 11:30,3.0,4035,Alvin Kamara,RB,8.6,0.0,5.15,5.15,5.49,5.95,0.308,1.0,5.15,,0.0,0
2026-09-27 17:03:09,LV,in,0.308,Q2 11:30,-3.0,10213,Tre Tucker,WR,10.5,1.8,7.48,9.28,8.81,9.06,0.025,1.0,9.28,,0.0,0
2026-09-27 17:03:09,TB,in,0.317,Q2 10:58,-3.0,8111,Cade Otton,TE,7.7,2.4,5.54,7.94,7.65,7.66,0.188,1.0,7.94,,0.0,0
2026-09-27 17:03:09,BAL,in,0.25,Q1 0:00,-3.0,13268,Elijah Sarratt,WR,1.4,0.0,1.05,1.05,0.98,1.05,0.25,1.0,1.05,,0.0,0
2026-09-27 17:03:09,DAL,in,0.25,Q1 0:00,3.0,11783,Ryan Flournoy,WR,7.7,0.0,5.32,5.32,5.41,5.78,0.25,1.0,5.32,,0.0,0
2026-09-27 17:03:09,NO,in,0.308,Q2 11:30,3.0,11834,Devaughn Vele,WR,11.8,2.1,7.76,9.86,10.0,10.26,0.134,1.0,9.86,,0.0,0
2026-09-27 17:03:09,MIN,in,0.317,Q2 10:58,3.0,13347,Demond Claiborne,RB,1.2,0.2,0.76,0.96,0.99,1.02,0.123,1.0,0.96,,0.0,0
2026-09-27 17:03:09,TB,in,0.317,Q2 10:58,-3.0,12485,Tez Johnson,WR,2.1,0.0,1.44,1.44,1.32,1.43,0.188,1.0,1.44,,0.0,0
2026-09-27 17:03:09,BAL,in,0.25,Q1 0:00,-3.0,5995,Justice Hill,RB,7.5,0.0,5.17,5.17,5.27,5.62,0.25,1.0,5.17,,0.0,0
2026-09-27 17:03:09,BAL,in,0.25,Q1 0:00,-3.0,7571,Rashod Bateman,WR,11.5,0.0,8.66,8.66,8.09,8.62,0.25,1.0,8.66,,0.0,0
2026-09-27 17:03:09,DAL,in,0.25,Q1 0:00,3.0,11199,Emari Demercado,RB,2.1,0.0,1.39,1.39,1.48,1.58,0.25,1.0,1.39,,0.0,0
2026-09-27 17:03:09,TB,in,0.317,Q2 10:58,-3.0,13317,Ted Hurst,WR,6.1,11.0,5.35,16.35,16.71,15.16,0.179,1.0,16.35,,0.0,0
2026-09-27 17:03:09,SF,in,0.353,Q2 8:48,14.0,12467,Jordan James,RB,1.9,0.0,0.98,0.98,1.12,1.23,0.242,1.0,0.98,,0.0,0
2026-09-27 17:03:09,MIN,in,0.317,Q2 10:58,3.0,11565,J.J. McCarthy,QB,0.5,0.0,0.3,0.3,0.31,0.34,0.188,0.3,0.09,,0.0,0
2026-09-27 17:03:09,LV,in,0.308,Q2 11:30,-3.0,1166,Kirk Cousins,QB,14.4,3.52,10.96,14.48,13.32,13.48,0.025,1.0,14.48,,0.0,0
2026-09-27 17:03:09,SF,in,0.353,Q2 8:48,14.0,7527,Mac Jones,QB,0.5,0.0,0.22,0.22,0.29,0.32,0.242,0.3,0.07,,0.0,0
2026-09-27 17:03:09,LV,in,0.308,Q2 11:30,-3.0,12483,Jack Bech,WR,4.5,0.0,3.12,3.12,2.87,3.11,0.308,1.0,3.12,,0.0,0
2026-09-27 17:03:09,NO,in,0.308,Q2 11:30,3.0,13420,Bryce Lance,WR,3.9,0.0,2.49,2.49,2.49,2.7,0.308,1.0,2.49,,0.0,0
2026-09-27 17:03:09,ARI,in,0.353,Q2 8:48,-14.0,4454,Kendrick Bourne,WR,6.0,0.0,4.53,4.53,3.54,3.88,0.242,1.0,4.53,,0.0,0
2026-09-27 17:03:09,LV,in,0.308,Q2 11:30,-3.0,9482,Michael Mayer,TE,6.7,2.8,4.95,7.75,7.56,7.43,0.039,1.0,7.75,,0.0,0
2026-09-27 17:03:09,MIN,in,0.317,Q2 10:58,3.0,5973,Josh Oliver,TE,3.5,0.0,2.21,2.21,2.2,2.39,0.188,1.0,2.21,,0.0,0
2026-09-27 17:03:09,BAL,in,0.25,Q1 0:00,-3.0,11629,Devontez Walker,WR,4.4,0.0,3.31,3.31,3.09,3.3,0.25,1.0,3.31,,0.0,0
2026-09-27 17:03:09,DAL,in,0.25,Q1 0:00,3.0,8917,KaVontae Turpin,WR,3.5,1.9,2.64,4.54,4.72,4.53,0.085,1.0,4.54,,0.0,0
2026-09-27 17:03:09,NO,in,0.308,Q2 11:30,3.0,13319,Oscar Delp,TE,1.0,0.0,0.64,0.64,0.64,0.69,0.308,1.0,0.64,,0.0,0
2026-09-27 17:03:09,NO,in,0.308,Q2 11:30,3.0,5857,Noah Fant,TE,3.5,0.0,2.24,2.24,2.23,2.42,0.308,1.0,2.24,,0.0,0
2026-09-27 17:03:09,ARI,in,0.353,Q2 8:48,-14.0,6011,Gardner Minshew,QB,0.5,0.0,0.4,0.4,0.29,0.32,0.242,0.3,0.12,,0.0,0
2026-09-27 17:03:09,BAL,in,0.25,Q1 0:00,-3.0,11570,Rasheen Ali,RB,0.8,0.0,0.55,0.55,0.56,0.6,0.25,1.0,0.55,,0.0,0
2026-09-27 17:03:09,SF,in,0.353,Q2 8:48,14.0,13414,Kaelon Black,RB,5.2,-0.1,2.65,2.55,2.95,3.26,0.138,1.0,2.55,,0.0,0
2026-09-27 17:03:09,ARI,in,0.353,Q2 8:48,-14.0,10231,Elijah Higgins,TE,2.4,3.3,2.15,5.45,5.25,4.85,0.022,1.0,5.45,,0.0,0
2026-09-27 17:03:09,DAL,in,0.25,Q1 0:00,3.0,10871,Luke Schoonmaker,TE,1.6,1.9,1.33,3.23,3.38,3.1,0.224,1.0,3.23,,0.0,0
2026-09-27 17:03:09,NO,in,0.308,Q2 11:30,3.0,9757,Kendre Miller,RB,1.8,0.0,1.08,1.08,1.15,1.25,0.308,1.0,1.08,,0.0,0
2026-09-27 17:03:09,DAL,in,0.25,Q1 0:00,3.0,11533,Brandon Aubrey,K,8.9,4.0,7.01,11.01,11.01,10.68,0.076,1.0,11.01,,0.0,0
2026-09-27 17:03:09,MIN,in,0.317,Q2 10:58,3.0,11792,Will Reichard,K,8.2,6.0,6.18,12.18,12.18,11.6,0.188,1.0,12.18,,0.0,0
2026-09-27 17:03:09,TB,in,0.317,Q2 10:58,-3.0,6650,Chase McLaughlin,K,7.4,1.0,4.82,5.82,5.82,6.05,0.179,1.0,5.82,,0.0,0
2026-09-27 17:03:09,BAL,in,0.25,Q1 0:00,-3.0,12711,Tyler Loop,K,9.4,1.0,6.8,7.8,7.8,8.05,0.022,1.0,7.8,,0.0,0
2026-09-27 17:03:09,SF,in,0.353,Q2 8:48,14.0,5189,Eddy Pineiro,K,9.6,2.0,5.98,7.98,7.98,8.21,0.102,1.0,7.98,,0.0,0
2026-09-27 17:03:09,ARI,in,0.353,Q2 8:48,-14.0,10955,Chad Ryland,K,6.3,0.0,3.71,3.71,3.71,4.07,0.242,1.0,3.71,,0.0,0
2026-09-27 17:03:09,NO,in,0.308,Q2 11:30,3.0,5095,Daniel Carlson,K,7.5,-1.0,4.61,3.61,3.61,4.19,0.072,1.0,3.61,,0.0,0
2026-09-27 17:03:09,LV,in,0.308,Q2 11:30,-3.0,6083,Matt Gay,K,7.1,4.0,5.22,9.22,9.22,8.91,0.185,1.0,9.22,,0.0,0
2026-09-27 17:03:09,MIN,in,0.317,Q2 10:58,3.0,MIN,Minnesota Vikings D/ST,DST,7.1,11.0,-1.67,9.33,17.34,15.85,0.034,1.0,9.33,,0.0,0
2026-09-27 17:03:09,BAL,in,0.25,Q1 0:00,-3.0,BAL,Baltimore Ravens D/ST,DST,5.0,5.0,-0.19,4.81,9.45,8.75,0.076,1.0,4.81,,0.0,0
2026-09-27 17:03:09,SF,in,0.353,Q2 8:48,14.0,SF,San Francisco 49ers D/ST,DST,7.1,10.0,-0.79,9.21,15.8,14.59,0.242,1.0,9.21,,0.0,0
2026-09-27 17:03:09,NO,in,0.308,Q2 11:30,3.0,NO,New Orleans Saints D/ST,DST,7.3,8.0,-0.85,7.15,14.04,13.05,0.185,1.0,7.15,,0.0,0
2026-09-27 17:03:09,TB,in,0.317,Q2 10:58,-3.0,TB,Tampa Bay Buccaneers D/ST,DST,6.4,6.0,-0.32,5.68,11.05,10.37,0.0,1.0,5.68,,0.0,0
2026-09-27 17:03:09,DAL,in,0.25,Q1 0:00,3.0,DAL,Dallas Cowboys D/ST,DST,3.7,4.0,-0.06,3.94,7.35,6.78,0.022,1.0,3.94,,0.0,0
2026-09-27 17:03:09,LV,in,0.308,Q2 11:30,-3.0,LV,Las Vegas Raiders D/ST,DST,5.8,9.0,-1.65,7.35,14.26,13.01,0.072,1.0,7.35,,0.0,0
2026-09-27 17:03:09,ARI,in,0.353,Q2 8:48,-14.0,ARI,Arizona Cardinals D/ST,DST,3.8,1.0,0.59,1.59,3.4,3.46,0.102,1.0,1.59,,0.0,0
2026-09-27 17:03:09,ARI,in,0.353,Q2 8:48,-14.0,13272,Carson Beck,QB,1.7,0.0,1.35,1.35,1.0,1.1,0.242,0.3,0.4,,0.0,0
2026-09-27 17:03:09,LV,in,0.308,Q2 11:30,-3.0,13329,Malik Benson,WR,2.1,0.0,1.46,1.46,1.34,1.45,0.308,1.0,1.46,,0.0,0
2026-09-27 17:03:09,TB,in,0.317,Q2 10:58,-3.0,13425,Jalon Daniels,QB,0.4,0.0,0.28,0.28,0.25,0.27,0.188,0.3,0.08,,0.0,0
2026-09-27 17:03:09,BAL,in,0.25,Q1 0:00,-3.0,5008,Durham Smythe,TE,2.2,0.0,1.66,1.66,1.55,1.65,0.25,1.0,1.66,,0.0,0
2026-09-27 17:04:11,SF,in,0.369,Q2 7:50,14.0,4034,Christian McCaffrey,RB,21.8,5.4,12.13,17.53,18.73,19.15,0.071,1.0,17.53,,0.0,0
2026-09-27 17:04:11,DAL,in,0.25,Q1 0:00,3.0,6786,CeeDee Lamb,WR,19.1,2.1,13.44,15.54,15.92,16.43,0.014,1.0,15.54,,0.0,0
2026-09-27 17:04:11,MIN,in,0.317,Q2 10:58,3.0,6794,Justin Jefferson,WR,17.2,5.2,11.4,16.6,16.9,16.94,0.188,1.0,16.6,,0.0,0
2026-09-27 17:04:11,LV,in,0.309,Q2 11:27,0.0,12527,Ashton Jeanty,RB,18.5,2.8,11.99,14.79,15.08,15.58,0.007,1.0,14.79,,0.0,0
2026-09-27 17:04:11,ARI,in,0.369,Q2 7:50,-14.0,13287,Jeremiyah Love,RB,13.5,7.0,9.72,16.72,15.83,15.51,0.0,1.0,16.72,,0.0,0
2026-09-27 17:04:11,ARI,in,0.369,Q2 7:50,-14.0,8130,Trey McBride,TE,17.1,0.0,12.65,12.65,9.79,10.78,0.258,1.0,12.65,,0.0,0
2026-09-27 17:04:11,BAL,in,0.25,Q1 0:00,-3.0,3198,Derrick Henry,RB,19.9,9.8,16.3,26.1,25.63,24.73,0.022,1.0,26.1,,0.0,0
2026-09-27 17:04:11,LV,in,0.309,Q2 11:27,0.0,11604,Brock Bowers,TE,13.9,8.2,10.13,18.33,18.48,17.8,0.0,1.0,18.33,,0.0,0
2026-09-27 17:04:11,DAL,in,0.25,Q1 0:00,3.0,8137,George Pickens,WR,14.4,3.7,10.38,14.08,14.52,14.5,0.014,1.0,14.08,,0.0,0
2026-09-27 17:04:11,NO,in,0.309,Q2 11:27,0.0,8144,Chris Olave,WR,17.5,2.2,11.88,14.08,13.74,14.29,0.085,1.0,14.08,,0.0,0
2026-09-27 17:04:11,NO,in,0.309,Q2 11:27,0.0,7543,Travis Etienne,RB,12.0,1.4,7.67,9.07,9.29,9.69,0.074,1.0,9.07,,0.0,0
2026-09-27 17:04:11,TB,in,0.317,Q2 10:58,-3.0,11584,Bucky Irving,RB,13.1,2.5,8.67,11.17,11.16,11.44,0.0,1.0,11.17,,0.0,0
2026-09-27 17:04:11,TB,in,0.317,Q2 10:58,-3.0,12514,Emeka Egbuka,WR,13.7,1.4,9.55,10.95,10.25,10.75,0.101,1.0,10.95,,0.0,0
2026-09-27 17:04:11,DAL,in,0.25,Q1 0:00,3.0,7588,Javonte Williams,RB,16.5,12.2,14.11,26.31,26.09,24.57,0.022,1.0,26.31,,0.0,0
2026-09-27 17:04:11,BAL,in,0.25,Q1 0:00,-3.0,9997,Zay Flowers,WR,11.5,3.2,9.03,12.23,11.89,11.82,0.045,1.0,12.23,,0.0,0
2026-09-27 17:04:11,BAL,in,0.25,Q1 0:00,-3.0,4881,Lamar Jackson,QB,22.7,3.34,18.25,21.59,19.93,20.36,0.045,1.0,21.59,,0.0,0
2026-09-27 17:04:11,SF,in,0.369,Q2 7:50,14.0,2216,Mike Evans,WR,9.6,10.5,5.67,16.17,17.65,16.55,0.094,1.0,16.17,,0.0,0
2026-09-27 17:04:11,ARI,in,0.369,Q2 7:50,-14.0,11628,Marvin Harrison Jr.,WR,8.2,1.7,6.24,7.94,6.66,6.87,0.016,1.0,7.94,,0.0,0
2026-09-27 17:04:11,ARI,in,0.369,Q2 7:50,-14.0,10232,Michael Wilson,WR,10.8,3.0,8.3,11.3,9.65,9.81,0.034,1.0,11.3,,0.0,0
2026-09-27 17:04:11,DAL,in,0.25,Q1 0:00,3.0,3294,Dak Prescott,QB,19.2,1.96,13.6,15.56,15.83,16.36,0.014,1.0,15.56,,0.0,0
2026-09-27 17:04:11,ARI,in,0.369,Q2 7:50,-14.0,8132,Tyler Allgeier,RB,7.4,4.4,5.45,9.85,9.33,9.07,0.071,1.0,9.85,,0.0,0
2026-09-27 17:04:11,MIN,in,0.317,Q2 10:58,3.0,9756,Jordan Addison,WR,8.7,1.4,5.63,7.03,7.11,7.34,0.067,1.0,7.03,,0.0,0
2026-09-27 17:04:11,SF,in,0.369,Q2 7:50,14.0,8183,Brock Purdy,QB,20.2,14.4,11.69,26.09,28.23,27.14,0.071,1.0,26.09,,0.0,0
2026-09-27 17:04:11,TB,in,0.317,Q2 10:58,-3.0,4037,Chris Godwin,WR,9.3,2.3,6.62,8.92,8.54,8.65,0.0,1.0,8.92,,0.0,0
2026-09-27 17:04:11,MIN,in,0.317,Q2 10:58,3.0,5849,Kyler Murray,QB,16.2,3.34,10.7,14.04,14.09,14.4,0.067,1.0,14.04,,0.0,0
2026-09-27 17:04:11,TB,in,0.317,Q2 10:58,-3.0,4892,Baker Mayfield,QB,16.6,6.84,13.16,20.0,18.44,18.17,0.0,1.0,20.0,,0.0,0
2026-09-27 17:04:11,TB,in,0.317,Q2 10:58,-3.0,7567,Kenneth Gainwell,RB,7.5,0.0,4.61,4.61,4.71,5.12,0.188,1.0,4.61,,0.0,0
2026-09-27 17:04:11,NO,in,0.309,Q2 11:27,0.0,12545,Tyler Shough,QB,19.8,8.84,15.28,24.12,22.99,22.52,0.073,1.0,24.12,,0.0,0
2026-09-27 17:04:11,SF,in,0.369,Q2 7:50,14.0,4217,George Kittle,TE,12.4,2.2,6.16,8.36,9.64,10.02,0.119,1.0,8.36,,0.0,0
2026-09-27 17:04:11,DAL,in,0.25,Q1 0:00,3.0,8110,Jake Ferguson,TE,9.2,0.0,6.35,6.35,6.47,6.9,0.25,1.0,6.35,,0.0,0
2026-09-27 17:04:11,MIN,in,0.317,Q2 10:58,3.0,7049,Jauan Jennings,WR,5.0,0.0,3.15,3.15,3.14,3.41,0.188,1.0,3.15,,0.0,0
2026-09-27 17:04:11,LV,in,0.309,Q2 11:27,0.0,13305,Mike Washington Jr.,RB,3.4,1.0,2.32,3.32,3.34,3.35,0.058,1.0,3.32,,0.0,0
2026-09-27 17:04:11,TB,in,0.317,Q2 10:58,-3.0,11618,Jalen McMillan,WR,5.6,0.0,3.84,3.84,3.52,3.82,0.188,1.0,3.84,,0.0,0
2026-09-27 17:04:11,MIN,in,0.317,Q2 10:58,3.0,4199,Aaron Jones,RB,13.0,2.5,8.29,10.79,11.1,11.38,0.02,1.0,10.79,,0.0,0
2026-09-27 17:04:11,BAL,in,0.25,Q1 0:00,-3.0,5012,Mark Andrews,TE,13.2,1.9,10.16,12.06,11.54,11.8,0.103,1.0,12.06,,0.0,0
2026-09-27 17:04:11,SF,in,0.369,Q2 7:50,14.0,5872,Deebo Samuel,WR,11.8,14.3,7.12,21.42,23.31,21.74,0.181,1.0,21.42,,0.0,0
2026-09-27 17:04:11,NO,in,0.309,Q2 11:27,0.0,7002,Juwan Johnson,TE,9.6,8.8,7.33,16.13,16.44,15.43,0.073,1.0,16.13,,0.0,0
2026-09-27 17:04:11,ARI,in,0.369,Q2 7:50,-14.0,3257,Jacoby Brissett,QB,14.6,2.3,11.81,14.11,11.02,11.51,0.0,1.0,14.11,,0.0,0
2026-09-27 17:04:11,MIN,in,0.317,Q2 10:58,3.0,5844,T.J. Hockenson,TE,9.1,1.5,5.9,7.4,7.48,7.71,0.108,1.0,7.4,,0.0,0
2026-09-27 17:04:11,LV,in,0.309,Q2 11:27,0.0,8180,Jalen Nailor,WR,7.2,2.6,5.07,7.67,7.64,7.57,0.264,1.0,7.67,,0.0,0
2026-09-27 17:04:11,TB,in,0.317,Q2 10:58,-3.0,9506,Sean Tucker,RB,1.8,0.0,1.11,1.11,1.13,1.23,0.188,1.0,1.11,,0.0,0
2026-09-27 17:04:11,NO,in,0.309,Q2 11:27,0.0,4035,Alvin Kamara,RB,8.6,0.0,5.25,5.25,5.48,5.94,0.309,1.0,5.25,,0.0,0
2026-09-27 17:04:11,LV,in,0.309,Q2 11:27,0.0,10213,Tre Tucker,WR,10.5,1.8,7.18,8.98,8.8,9.05,0.026,1.0,8.98,,0.0,0
2026-09-27 17:04:11,TB,in,0.317,Q2 10:58,-3.0,8111,Cade Otton,TE,7.7,2.4,5.54,7.94,7.65,7.66,0.188,1.0,7.94,,0.0,0
2026-09-27 17:04:11,BAL,in,0.25,Q1 0:00,-3.0,13268,Elijah Sarratt,WR,1.4,0.0,1.05,1.05,0.98,1.05,0.25,1.0,1.05,,0.0,0
2026-09-27 17:04:11,DAL,in,0.25,Q1 0:00,3.0,11783,Ryan Flournoy,WR,7.7,0.0,5.32,5.32,5.41,5.78,0.25,1.0,5.32,,0.0,0
2026-09-27 17:04:11,NO,in,0.309,Q2 11:27,0.0,11834,Devaughn Vele,WR,11.8,2.1,8.08,10.18,9.98,10.25,0.135,1.0,10.18,,0.0,0
2026-09-27 17:04:11,MIN,in,0.317,Q2 10:58,3.0,13347,Demond Claiborne,RB,1.2,0.2,0.76,0.96,0.99,1.02,0.123,1.0,0.96,,0.0,0
2026-09-27 17:04:11,TB,in,0.317,Q2 10:58,-3.0,12485,Tez Johnson,WR,2.1,0.0,1.44,1.44,1.32,1.43,0.188,1.0,1.44,,0.0,0
2026-09-27 17:04:11,BAL,in,0.25,Q1 0:00,-3.0,5995,Justice Hill,RB,7.5,0.0,5.17,5.17,5.27,5.62,0.25,1.0,5.17,,0.0,0
2026-09-27 17:04:11,BAL,in,0.25,Q1 0:00,-3.0,7571,Rashod Bateman,WR,11.5,0.0,8.66,8.66,8.09,8.62,0.25,1.0,8.66,,0.0,0
2026-09-27 17:04:11,DAL,in,0.25,Q1 0:00,3.0,11199,Emari Demercado,RB,2.1,0.0,1.39,1.39,1.48,1.58,0.25,1.0,1.39,,0.0,0
2026-09-27 17:04:11,TB,in,0.317,Q2 10:58,-3.0,13317,Ted Hurst,WR,6.1,11.0,5.35,16.35,16.71,15.16,0.179,1.0,16.35,,0.0,0
2026-09-27 17:04:11,SF,in,0.369,Q2 7:50,14.0,12467,Jordan James,RB,1.9,0.0,0.95,0.95,1.09,1.2,0.258,1.0,0.95,,0.0,0
2026-09-27 17:04:11,MIN,in,0.317,Q2 10:58,3.0,11565,J.J. McCarthy,QB,0.5,0.0,0.3,0.3,0.31,0.34,0.188,0.3,0.09,,0.0,0
2026-09-27 17:04:11,LV,in,0.309,Q2 11:27,0.0,1166,Kirk Cousins,QB,14.4,3.52,10.36,13.88,13.31,13.47,0.026,1.0,13.88,,0.0,0
2026-09-27 17:04:11,SF,in,0.369,Q2 7:50,14.0,7527,Mac Jones,QB,0.5,0.0,0.21,0.21,0.29,0.32,0.258,0.3,0.06,,0.0,0
2026-09-27 17:04:11,LV,in,0.309,Q2 11:27,0.0,12483,Jack Bech,WR,4.5,0.0,3.0,3.0,2.87,3.11,0.309,1.0,3.0,,0.0,0
2026-09-27 17:04:11,NO,in,0.309,Q2 11:27,0.0,13420,Bryce Lance,WR,3.9,0.0,2.6,2.6,2.49,2.69,0.309,1.0,2.6,,0.0,0
2026-09-27 17:04:11,ARI,in,0.369,Q2 7:50,-14.0,4454,Kendrick Bourne,WR,6.0,0.0,4.44,4.44,3.43,3.78,0.258,1.0,4.44,,0.0,0
2026-09-27 17:04:11,LV,in,0.309,Q2 11:27,0.0,9482,Michael Mayer,TE,6.7,2.8,4.76,7.56,7.55,7.43,0.039,1.0,7.56,,0.0,0
2026-09-27 17:04:11,MIN,in,0.317,Q2 10:58,3.0,5973,Josh Oliver,TE,3.5,0.0,2.21,2.21,2.2,2.39,0.188,1.0,2.21,,0.0,0
2026-09-27 17:04:11,BAL,in,0.25,Q1 0:00,-3.0,11629,Devontez Walker,WR,4.4,0.0,3.31,3.31,3.09,3.3,0.25,1.0,3.31,,0.0,0
2026-09-27 17:04:11,DAL,in,0.25,Q1 0:00,3.0,8917,KaVontae Turpin,WR,3.5,1.9,2.64,4.54,4.72,4.53,0.085,1.0,4.54,,0.0,0
2026-09-27 17:04:11,NO,in,0.309,Q2 11:27,0.0,13319,Oscar Delp,TE,1.0,0.0,0.67,0.67,0.64,0.69,0.309,1.0,0.67,,0.0,0
2026-09-27 17:04:11,NO,in,0.309,Q2 11:27,0.0,5857,Noah Fant,TE,3.5,0.0,2.33,2.33,2.23,2.42,0.309,1.0,2.33,,0.0,0
2026-09-27 17:04:11,ARI,in,0.369,Q2 7:50,-14.0,6011,Gardner Minshew,QB,0.5,0.0,0.39,0.39,0.29,0.32,0.258,0.3,0.12,,0.0,0
2026-09-27 17:04:11,BAL,in,0.25,Q1 0:00,-3.0,11570,Rasheen Ali,RB,0.8,0.0,0.55,0.55,0.56,0.6,0.25,1.0,0.55,,0.0,0
2026-09-27 17:04:11,SF,in,0.369,Q2 7:50,14.0,13414,Kaelon Black,RB,5.2,-0.1,2.59,2.49,2.86,3.18,0.154,1.0,2.49,,0.0,0
2026-09-27 17:04:11,ARI,in,0.369,Q2 7:50,-14.0,10231,Elijah Higgins,TE,2.4,3.3,2.11,5.41,5.19,4.81,0.038,1.0,5.41,,0.0,0
2026-09-27 17:04:11,DAL,in,0.25,Q1 0:00,3.0,10871,Luke Schoonmaker,TE,1.6,1.9,1.33,3.23,3.38,3.1,0.224,1.0,3.23,,0.0,0
2026-09-27 17:04:11,NO,in,0.309,Q2 11:27,0.0,9757,Kendre Miller,RB,1.8,0.0,1.1,1.1,1.15,1.24,0.309,1.0,1.1,,0.0,0
2026-09-27 17:04:11,DAL,in,0.25,Q1 0:00,3.0,11533,Brandon Aubrey,K,8.9,4.0,7.01,11.01,11.01,10.68,0.076,1.0,11.01,,0.0,0
2026-09-27 17:04:11,MIN,in,0.317,Q2 10:58,3.0,11792,Will Reichard,K,8.2,6.0,6.18,12.18,12.18,11.6,0.188,1.0,12.18,,0.0,0
2026-09-27 17:04:11,TB,in,0.317,Q2 10:58,-3.0,6650,Chase McLaughlin,K,7.4,1.0,4.82,5.82,5.82,6.05,0.179,1.0,5.82,,0.0,0
2026-09-27 17:04:11,BAL,in,0.25,Q1 0:00,-3.0,12711,Tyler Loop,K,9.4,1.0,6.8,7.8,7.8,8.05,0.022,1.0,7.8,,0.0,0
2026-09-27 17:04:11,SF,in,0.369,Q2 7:50,14.0,5189,Eddy Pineiro,K,9.6,2.0,5.81,7.81,7.81,8.05,0.118,1.0,7.81,,0.0,0
2026-09-27 17:04:11,ARI,in,0.369,Q2 7:50,-14.0,10955,Chad Ryland,K,6.3,0.0,3.61,3.61,3.61,3.97,0.258,1.0,3.61,,0.0,0
2026-09-27 17:04:11,NO,in,0.309,Q2 11:27,0.0,5095,Daniel Carlson,K,7.5,-1.0,4.61,3.61,3.61,4.18,0.073,1.0,3.61,,0.0,0
2026-09-27 17:04:11,LV,in,0.309,Q2 11:27,0.0,6083,Matt Gay,K,7.1,7.0,5.73,12.73,12.73,11.9,0.0,1.0,12.73,,0.0,0
2026-09-27 17:04:11,MIN,in,0.317,Q2 10:58,3.0,MIN,Minnesota Vikings D/ST,DST,7.1,11.0,-1.67,9.33,17.34,15.85,0.034,1.0,9.33,,0.0,0
2026-09-27 17:04:11,BAL,in,0.25,Q1 0:00,-3.0,BAL,Baltimore Ravens D/ST,DST,5.0,5.0,-0.19,4.81,9.45,8.75,0.076,1.0,4.81,,0.0,0
2026-09-27 17:04:11,SF,in,0.369,Q2 7:50,14.0,SF,San Francisco 49ers D/ST,DST,7.1,10.0,-0.68,9.32,15.64,14.48,0.258,1.0,9.32,,0.0,0
2026-09-27 17:04:11,NO,in,0.309,Q2 11:27,0.0,NO,New Orleans Saints D/ST,DST,7.3,8.0,-0.87,7.13,14.03,13.04,0.186,1.0,7.13,,0.0,0
2026-09-27 17:04:11,TB,in,0.317,Q2 10:58,-3.0,TB,Tampa Bay Buccaneers D/ST,DST,6.4,6.0,-0.32,5.68,11.05,10.37,0.0,1.0,5.68,,0.0,0
2026-09-27 17:04:11,DAL,in,0.25,Q1 0:00,3.0,DAL,Dallas Cowboys D/ST,DST,3.7,4.0,-0.06,3.94,7.35,6.78,0.022,1.0,3.94,,0.0,0
2026-09-27 17:04:11,LV,in,0.309,Q2 11:27,0.0,LV,Las Vegas Raiders D/ST,DST,5.8,9.0,-1.52,7.48,14.25,13.01,0.073,1.0,7.48,,0.0,0
2026-09-27 17:04:11,ARI,in,0.369,Q2 7:50,-14.0,ARI,Arizona Cardinals D/ST,DST,3.8,1.0,0.54,1.54,3.33,3.4,0.118,1.0,1.54,,0.0,0
2026-09-27 17:04:11,ARI,in,0.369,Q2 7:50,-14.0,13272,Carson Beck,QB,1.7,0.0,1.32,1.32,0.97,1.07,0.258,0.3,0.39,,0.0,0
2026-09-27 17:04:11,LV,in,0.309,Q2 11:27,0.0,13329,Malik Benson,WR,2.1,0.0,1.4,1.4,1.34,1.45,0.309,1.0,1.4,,0.0,0
2026-09-27 17:04:11,TB,in,0.317,Q2 10:58,-3.0,13425,Jalon Daniels,QB,0.4,0.0,0.28,0.28,0.25,0.27,0.188,0.3,0.08,,0.0,0
2026-09-27 17:04:11,BAL,in,0.25,Q1 0:00,-3.0,5008,Durham Smythe,TE,2.2,0.0,1.66,1.66,1.55,1.65,0.25,1.0,1.66,,0.0,0
2026-09-27 17:05:12,SF,in,0.369,Q2 7:50,14.0,4034,Christian McCaffrey,RB,21.8,5.4,12.13,17.53,18.73,19.15,0.071,1.0,17.53,,0.0,0
2026-09-27 17:05:12,DAL,in,0.263,Q2 14:15,3.0,6786,CeeDee Lamb,WR,19.1,2.1,13.22,15.32,15.65,16.19,0.026,1.0,15.32,,0.0,0
2026-09-27 17:05:12,MIN,in,0.317,Q2 10:58,3.0,6794,Justin Jefferson,WR,17.2,5.2,11.4,16.6,16.9,16.94,0.188,1.0,16.6,,0.0,0
2026-09-27 17:05:12,LV,in,0.309,Q2 11:27,0.0,12527,Ashton Jeanty,RB,18.5,2.8,11.99,14.79,15.08,15.58,0.007,1.0,14.79,,0.0,0
2026-09-27 17:05:12,ARI,in,0.369,Q2 7:50,-14.0,13287,Jeremiyah Love,RB,13.5,7.0,9.72,16.72,15.83,15.51,0.0,1.0,16.72,,0.0,0
2026-09-27 17:05:12,ARI,in,0.369,Q2 7:50,-14.0,8130,Trey McBride,TE,17.1,0.0,12.65,12.65,9.79,10.78,0.258,1.0,12.65,,0.0,0
2026-09-27 17:05:12,BAL,in,0.263,Q2 14:15,-3.0,3198,Derrick Henry,RB,19.9,10.3,16.12,26.42,25.91,24.98,0.0,1.0,26.42,,0.0,0
2026-09-27 17:05:12,LV,in,0.309,Q2 11:27,0.0,11604,Brock Bowers,TE,13.9,8.2,10.13,18.33,18.48,17.8,0.0,1.0,18.33,,0.0,0
2026-09-27 17:05:12,DAL,in,0.263,Q2 14:15,3.0,8137,George Pickens,WR,14.4,3.7,10.21,13.91,14.31,14.32,0.026,1.0,13.91,,0.0,0
2026-09-27 17:05:12,NO,in,0.309,Q2 11:27,0.0,8144,Chris Olave,WR,17.5,2.2,11.88,14.08,13.74,14.29,0.085,1.0,14.08,,0.0,0
2026-09-27 17:05:12,NO,in,0.309,Q2 11:27,0.0,7543,Travis Etienne,RB,12.0,1.4,7.67,9.07,9.29,9.69,0.074,1.0,9.07,,0.0,0
2026-09-27 17:05:12,TB,in,0.317,Q2 10:58,-3.0,11584,Bucky Irving,RB,13.1,2.8,8.74,11.54,11.51,11.74,0.0,1.0,11.54,,0.0,0
2026-09-27 17:05:12,TB,in,0.317,Q2 10:58,-3.0,12514,Emeka Egbuka,WR,13.7,1.4,9.55,10.95,10.25,10.75,0.101,1.0,10.95,,0.0,0
2026-09-27 17:05:12,DAL,in,0.263,Q2 14:15,3.0,7588,Javonte Williams,RB,16.5,12.2,13.85,26.05,25.82,24.37,0.034,1.0,26.05,,0.0,0
2026-09-27 17:05:12,BAL,in,0.263,Q2 14:15,-3.0,9997,Zay Flowers,WR,11.5,3.2,8.88,12.08,11.71,11.68,0.058,1.0,12.08,,0.0,0
2026-09-27 17:05:12,BAL,in,0.263,Q2 14:15,-3.0,4881,Lamar Jackson,QB,22.7,3.34,17.92,21.26,19.6,20.08,0.058,1.0,21.26,,0.0,0
2026-09-27 17:05:12,SF,in,0.369,Q2 7:50,14.0,2216,Mike Evans,WR,9.6,10.5,5.67,16.17,17.65,16.55,0.094,1.0,16.17,,0.0,0
2026-09-27 17:05:12,ARI,in,0.369,Q2 7:50,-14.0,11628,Marvin Harrison Jr.,WR,8.2,1.7,6.24,7.94,6.66,6.87,0.016,1.0,7.94,,0.0,0
2026-09-27 17:05:12,ARI,in,0.369,Q2 7:50,-14.0,10232,Michael Wilson,WR,10.8,3.0,8.3,11.3,9.65,9.81,0.034,1.0,11.3,,0.0,0
2026-09-27 17:05:12,DAL,in,0.263,Q2 14:15,3.0,3294,Dak Prescott,QB,19.2,1.96,13.33,15.29,15.55,16.12,0.026,1.0,15.29,,0.0,0
2026-09-27 17:05:12,ARI,in,0.369,Q2 7:50,-14.0,8132,Tyler Allgeier,RB,7.4,4.4,5.45,9.85,9.33,9.07,0.071,1.0,9.85,,0.0,0
2026-09-27 17:05:12,MIN,in,0.317,Q2 10:58,3.0,9756,Jordan Addison,WR,8.7,1.4,5.63,7.03,7.11,7.34,0.067,1.0,7.03,,0.0,0
2026-09-27 17:05:12,SF,in,0.369,Q2 7:50,14.0,8183,Brock Purdy,QB,20.2,14.4,11.69,26.09,28.23,27.14,0.071,1.0,26.09,,0.0,0
2026-09-27 17:05:12,TB,in,0.317,Q2 10:58,-3.0,4037,Chris Godwin,WR,9.3,2.3,6.62,8.92,8.54,8.65,0.0,1.0,8.92,,0.0,0
2026-09-27 17:05:12,MIN,in,0.317,Q2 10:58,3.0,5849,Kyler Murray,QB,16.2,3.34,10.7,14.04,14.09,14.4,0.067,1.0,14.04,,0.0,0
2026-09-27 17:05:12,TB,in,0.317,Q2 10:58,-3.0,4892,Baker Mayfield,QB,16.6,6.84,13.16,20.0,18.44,18.17,0.0,1.0,20.0,,0.0,0
2026-09-27 17:05:12,TB,in,0.317,Q2 10:58,-3.0,7567,Kenneth Gainwell,RB,7.5,0.0,4.61,4.61,4.71,5.12,0.188,1.0,4.61,,0.0,0
2026-09-27 17:05:12,NO,in,0.309,Q2 11:27,0.0,12545,Tyler Shough,QB,19.8,8.84,15.28,24.12,22.99,22.52,0.073,1.0,24.12,,0.0,0
2026-09-27 17:05:12,SF,in,0.369,Q2 7:50,14.0,4217,George Kittle,TE,12.4,2.2,6.16,8.36,9.64,10.02,0.119,1.0,8.36,,0.0,0
2026-09-27 17:05:12,DAL,in,0.263,Q2 14:15,3.0,8110,Jake Ferguson,TE,9.2,0.0,6.25,6.25,6.34,6.79,0.263,1.0,6.25,,0.0,0
2026-09-27 17:05:12,MIN,in,0.317,Q2 10:58,3.0,7049,Jauan Jennings,WR,5.0,0.0,3.15,3.15,3.14,3.41,0.188,1.0,3.15,,0.0,0
2026-09-27 17:05:12,LV,in,0.309,Q2 11:27,0.0,13305,Mike Washington Jr.,RB,3.4,1.0,2.32,3.32,3.34,3.35,0.058,1.0,3.32,,0.0,0
2026-09-27 17:05:12,TB,in,0.317,Q2 10:58,-3.0,11618,Jalen McMillan,WR,5.6,0.0,3.84,3.84,3.52,3.82,0.188,1.0,3.84,,0.0,0
2026-09-27 17:05:12,MIN,in,0.317,Q2 10:58,3.0,4199,Aaron Jones,RB,13.0,2.5,8.29,10.79,11.1,11.38,0.02,1.0,10.79,,0.0,0
2026-09-27 17:05:12,BAL,in,0.263,Q2 14:15,-3.0,5012,Mark Andrews,TE,13.2,1.9,9.99,11.89,11.35,11.63,0.116,1.0,11.89,,0.0,0
2026-09-27 17:05:12,SF,in,0.369,Q2 7:50,14.0,5872,Deebo Samuel,WR,11.8,14.3,7.12,21.42,23.31,21.74,0.181,1.0,21.42,,0.0,0
2026-09-27 17:05:12,NO,in,0.309,Q2 11:27,0.0,7002,Juwan Johnson,TE,9.6,8.8,7.33,16.13,16.44,15.43,0.073,1.0,16.13,,0.0,0
2026-09-27 17:05:12,ARI,in,0.369,Q2 7:50,-14.0,3257,Jacoby Brissett,QB,14.6,2.3,11.81,14.11,11.02,11.51,0.0,1.0,14.11,,0.0,0
2026-09-27 17:05:12,MIN,in,0.317,Q2 10:58,3.0,5844,T.J. Hockenson,TE,9.1,1.5,5.9,7.4,7.48,7.71,0.108,1.0,7.4,,0.0,0
2026-09-27 17:05:12,LV,in,0.309,Q2 11:27,0.0,8180,Jalen Nailor,WR,7.2,2.6,5.07,7.67,7.64,7.57,0.264,1.0,7.67,,0.0,0
2026-09-27 17:05:12,TB,in,0.317,Q2 10:58,-3.0,9506,Sean Tucker,RB,1.8,0.0,1.11,1.11,1.13,1.23,0.188,1.0,1.11,,0.0,0
2026-09-27 17:05:12,NO,in,0.309,Q2 11:27,0.0,4035,Alvin Kamara,RB,8.6,0.0,5.25,5.25,5.48,5.94,0.309,1.0,5.25,,0.0,0
2026-09-27 17:05:12,LV,in,0.309,Q2 11:27,0.0,10213,Tre Tucker,WR,10.5,1.8,7.18,8.98,8.8,9.05,0.026,1.0,8.98,,0.0,0
2026-09-27 17:05:12,TB,in,0.317,Q2 10:58,-3.0,8111,Cade Otton,TE,7.7,2.4,5.54,7.94,7.65,7.66,0.188,1.0,7.94,,0.0,0
2026-09-27 17:05:12,BAL,in,0.263,Q2 14:15,-3.0,13268,Elijah Sarratt,WR,1.4,0.0,1.04,1.04,0.96,1.03,0.263,1.0,1.04,,0.0,0
2026-09-27 17:05:12,DAL,in,0.263,Q2 14:15,3.0,11783,Ryan Flournoy,WR,7.7,0.0,5.23,5.23,5.31,5.68,0.263,1.0,5.23,,0.0,0
2026-09-27 17:05:12,NO,in,0.309,Q2 11:27,0.0,11834,Devaughn Vele,WR,11.8,2.1,8.08,10.18,9.98,10.25,0.135,1.0,10.18,,0.0,0
2026-09-27 17:05:12,MIN,in,0.317,Q2 10:58,3.0,13347,Demond Claiborne,RB,1.2,0.2,0.76,0.96,0.99,1.02,0.123,1.0,0.96,,0.0,0
2026-09-27 17:05:12,TB,in,0.317,Q2 10:58,-3.0,12485,Tez Johnson,WR,2.1,0.0,1.44,1.44,1.32,1.43,0.188,1.0,1.44,,0.0,0
2026-09-27 17:05:12,BAL,in,0.263,Q2 14:15,-3.0,5995,Justice Hill,RB,7.5,0.0,5.06,5.06,5.17,5.53,0.263,1.0,5.06,,0.0,0
2026-09-27 17:05:12,BAL,in,0.263,Q2 14:15,-3.0,7571,Rashod Bateman,WR,11.5,0.0,8.51,8.51,7.92,8.48,0.263,1.0,8.51,,0.0,0
2026-09-27 17:05:12,DAL,in,0.263,Q2 14:15,3.0,11199,Emari Demercado,RB,2.1,0.0,1.36,1.36,1.45,1.55,0.263,1.0,1.36,,0.0,0
2026-09-27 17:05:12,TB,in,0.317,Q2 10:58,-3.0,13317,Ted Hurst,WR,6.1,11.0,5.35,16.35,16.71,15.16,0.179,1.0,16.35,,0.0,0
2026-09-27 17:05:12,SF,in,0.369,Q2 7:50,14.0,12467,Jordan James,RB,1.9,0.0,0.95,0.95,1.09,1.2,0.258,1.0,0.95,,0.0,0
2026-09-27 17:05:12,MIN,in,0.317,Q2 10:58,3.0,11565,J.J. McCarthy,QB,0.5,0.0,0.3,0.3,0.31,0.34,0.188,0.3,0.09,,0.0,0
2026-09-27 17:05:12,LV,in,0.309,Q2 11:27,0.0,1166,Kirk Cousins,QB,14.4,3.52,10.36,13.88,13.31,13.47,0.026,1.0,13.88,,0.0,0
2026-09-27 17:05:12,SF,in,0.369,Q2 7:50,14.0,7527,Mac Jones,QB,0.5,0.0,0.21,0.21,0.29,0.32,0.258,0.3,0.06,,0.0,0
2026-09-27 17:05:12,LV,in,0.309,Q2 11:27,0.0,12483,Jack Bech,WR,4.5,0.0,3.0,3.0,2.87,3.11,0.309,1.0,3.0,,0.0,0
2026-09-27 17:05:12,NO,in,0.309,Q2 11:27,0.0,13420,Bryce Lance,WR,3.9,0.0,2.6,2.6,2.49,2.69,0.309,1.0,2.6,,0.0,0
2026-09-27 17:05:12,ARI,in,0.369,Q2 7:50,-14.0,4454,Kendrick Bourne,WR,6.0,0.0,4.44,4.44,3.43,3.78,0.258,1.0,4.44,,0.0,0
2026-09-27 17:05:12,LV,in,0.309,Q2 11:27,0.0,9482,Michael Mayer,TE,6.7,2.8,4.76,7.56,7.55,7.43,0.039,1.0,7.56,,0.0,0
2026-09-27 17:05:12,MIN,in,0.317,Q2 10:58,3.0,5973,Josh Oliver,TE,3.5,0.0,2.21,2.21,2.2,2.39,0.188,1.0,2.21,,0.0,0
2026-09-27 17:05:12,BAL,in,0.263,Q2 14:15,-3.0,11629,Devontez Walker,WR,4.4,0.0,3.26,3.26,3.03,3.25,0.263,1.0,3.26,,0.0,0
2026-09-27 17:05:12,DAL,in,0.263,Q2 14:15,3.0,8917,KaVontae Turpin,WR,3.5,1.9,2.6,4.5,4.66,4.48,0.097,1.0,4.5,,0.0,0
2026-09-27 17:05:12,NO,in,0.309,Q2 11:27,0.0,13319,Oscar Delp,TE,1.0,0.0,0.67,0.67,0.64,0.69,0.309,1.0,0.67,,0.0,0
2026-09-27 17:05:12,NO,in,0.309,Q2 11:27,0.0,5857,Noah Fant,TE,3.5,0.0,2.33,2.33,2.23,2.42,0.309,1.0,2.33,,0.0,0
2026-09-27 17:05:12,ARI,in,0.369,Q2 7:50,-14.0,6011,Gardner Minshew,QB,0.5,0.0,0.39,0.39,0.29,0.32,0.258,0.3,0.12,,0.0,0
2026-09-27 17:05:12,BAL,in,0.263,Q2 14:15,-3.0,11570,Rasheen Ali,RB,0.8,0.0,0.54,0.54,0.55,0.59,0.263,1.0,0.54,,0.0,0
2026-09-27 17:05:12,SF,in,0.369,Q2 7:50,14.0,13414,Kaelon Black,RB,5.2,-0.1,2.59,2.49,2.86,3.18,0.154,1.0,2.49,,0.0,0
2026-09-27 17:05:12,ARI,in,0.369,Q2 7:50,-14.0,10231,Elijah Higgins,TE,2.4,3.3,2.11,5.41,5.19,4.81,0.038,1.0,5.41,,0.0,0
2026-09-27 17:05:12,DAL,in,0.263,Q2 14:15,3.0,10871,Luke Schoonmaker,TE,1.6,1.9,1.31,3.21,3.35,3.08,0.237,1.0,3.21,,0.0,0
2026-09-27 17:05:12,NO,in,0.309,Q2 11:27,0.0,9757,Kendre Miller,RB,1.8,0.0,1.1,1.1,1.15,1.24,0.309,1.0,1.1,,0.0,0
2026-09-27 17:05:12,DAL,in,0.263,Q2 14:15,3.0,11533,Brandon Aubrey,K,8.9,4.0,6.87,10.87,10.87,10.56,0.088,1.0,10.87,,0.0,0
2026-09-27 17:05:12,MIN,in,0.317,Q2 10:58,3.0,11792,Will Reichard,K,8.2,6.0,6.18,12.18,12.18,11.6,0.188,1.0,12.18,,0.0,0
2026-09-27 17:05:12,TB,in,0.317,Q2 10:58,-3.0,6650,Chase McLaughlin,K,7.4,1.0,4.82,5.82,5.82,6.05,0.179,1.0,5.82,,0.0,0
2026-09-27 17:05:12,BAL,in,0.263,Q2 14:15,-3.0,12711,Tyler Loop,K,9.4,1.0,6.66,7.66,7.66,7.93,0.034,1.0,7.66,,0.0,0
2026-09-27 17:05:12,SF,in,0.369,Q2 7:50,14.0,5189,Eddy Pineiro,K,9.6,2.0,5.81,7.81,7.81,8.05,0.118,1.0,7.81,,0.0,0
2026-09-27 17:05:12,ARI,in,0.369,Q2 7:50,-14.0,10955,Chad Ryland,K,6.3,0.0,3.61,3.61,3.61,3.97,0.258,1.0,3.61,,0.0,0
2026-09-27 17:05:12,NO,in,0.309,Q2 11:27,0.0,5095,Daniel Carlson,K,7.5,-1.0,4.61,3.61,3.61,4.18,0.073,1.0,3.61,,0.0,0
2026-09-27 17:05:12,LV,in,0.309,Q2 11:27,0.0,6083,Matt Gay,K,7.1,7.0,5.73,12.73,12.73,11.9,0.0,1.0,12.73,,0.0,0
2026-09-27 17:05:12,MIN,in,0.317,Q2 10:58,3.0,MIN,Minnesota Vikings D/ST,DST,7.1,11.0,-1.67,9.33,17.34,15.85,0.034,1.0,9.33,,0.0,0
2026-09-27 17:05:12,BAL,in,0.263,Q2 14:15,-3.0,BAL,Baltimore Ravens D/ST,DST,5.0,5.0,-0.21,4.79,9.37,8.69,0.088,1.0,4.79,,0.0,0
2026-09-27 17:05:12,SF,in,0.369,Q2 7:50,14.0,SF,San Francisco 49ers D/ST,DST,7.1,10.0,-0.68,9.32,15.64,14.48,0.258,1.0,9.32,,0.0,0
2026-09-27 17:05:12,NO,in,0.309,Q2 11:27,0.0,NO,New Orleans Saints D/ST,DST,7.3,8.0,-0.87,7.13,14.03,13.04,0.186,1.0,7.13,,0.0,0
2026-09-27 17:05:12,TB,in,0.317,Q2 10:58,-3.0,TB,Tampa Bay Buccaneers D/ST,DST,6.4,6.0,-0.32,5.68,11.05,10.37,0.0,1.0,5.68,,0.0,0
2026-09-27 17:05:12,DAL,in,0.263,Q2 14:15,3.0,DAL,Dallas Cowboys D/ST,DST,3.7,4.0,-0.08,3.92,7.29,6.73,0.034,1.0,3.92,,0.0,0
2026-09-27 17:05:12,LV,in,0.309,Q2 11:27,0.0,LV,Las Vegas Raiders D/ST,DST,5.8,9.0,-1.52,7.48,14.25,13.01,0.073,1.0,7.48,,0.0,0
2026-09-27 17:05:12,ARI,in,0.369,Q2 7:50,-14.0,ARI,Arizona Cardinals D/ST,DST,3.8,1.0,0.54,1.54,3.33,3.4,0.118,1.0,1.54,,0.0,0
2026-09-27 17:05:12,ARI,in,0.369,Q2 7:50,-14.0,13272,Carson Beck,QB,1.7,0.0,1.32,1.32,0.97,1.07,0.258,0.3,0.39,,0.0,0
2026-09-27 17:05:12,LV,in,0.309,Q2 11:27,0.0,13329,Malik Benson,WR,2.1,0.0,1.4,1.4,1.34,1.45,0.309,1.0,1.4,,0.0,0
2026-09-27 17:05:12,TB,in,0.317,Q2 10:58,-3.0,13425,Jalon Daniels,QB,0.4,0.0,0.28,0.28,0.25,0.27,0.188,0.3,0.08,,0.0,0
2026-09-27 17:05:12,BAL,in,0.263,Q2 14:15,-3.0,5008,Durham Smythe,TE,2.2,0.0,1.63,1.63,1.52,1.62,0.263,1.0,1.63,,0.0,0
2026-09-27 17:06:12,SF,in,0.375,Q2 7:31,14.0,4034,Christian McCaffrey,RB,21.8,5.4,12.03,17.43,18.6,19.03,0.076,1.0,17.43,,0.0,0
2026-09-27 17:06:12,DAL,in,0.264,Q2 14:09,3.0,6786,CeeDee Lamb,WR,19.1,2.1,13.19,15.29,15.61,16.15,0.028,1.0,15.29,,0.0,0
2026-09-27 17:06:12,MIN,in,0.351,Q2 8:55,3.0,6794,Justin Jefferson,WR,17.2,5.2,10.83,16.03,16.22,16.36,0.222,1.0,16.03,,0.0,0
2026-09-27 17:06:12,LV,in,0.309,Q2 11:27,0.0,12527,Ashton Jeanty,RB,18.5,2.8,11.99,14.79,15.08,15.58,0.007,1.0,14.79,,0.0,0
2026-09-27 17:06:12,ARI,in,0.375,Q2 7:31,-14.0,13287,Jeremiyah Love,RB,13.5,7.0,9.63,16.63,15.74,15.44,0.005,1.0,16.63,,0.0,0
2026-09-27 17:06:12,ARI,in,0.375,Q2 7:31,-14.0,8130,Trey McBride,TE,17.1,2.8,12.85,15.65,12.93,13.49,0.0,1.0,15.65,,0.0,0
2026-09-27 17:06:12,BAL,in,0.264,Q2 14:09,-3.0,3198,Derrick Henry,RB,19.9,10.3,16.08,26.38,25.87,24.94,0.002,1.0,26.38,,0.0,0
2026-09-27 17:06:12,LV,in,0.309,Q2 11:27,0.0,11604,Brock Bowers,TE,13.9,8.2,10.13,18.33,18.48,17.8,0.0,1.0,18.33,,0.0,0
2026-09-27 17:06:12,DAL,in,0.264,Q2 14:09,3.0,8137,George Pickens,WR,14.4,3.7,10.19,13.89,14.28,14.3,0.028,1.0,13.89,,0.0,0
2026-09-27 17:06:12,NO,in,0.309,Q2 11:27,0.0,8144,Chris Olave,WR,17.5,2.2,11.88,14.08,13.74,14.29,0.085,1.0,14.08,,0.0,0
2026-09-27 17:06:12,NO,in,0.309,Q2 11:27,0.0,7543,Travis Etienne,RB,12.0,1.4,7.67,9.07,9.29,9.69,0.074,1.0,9.07,,0.0,0
2026-09-27 17:06:12,TB,in,0.351,Q2 8:55,-3.0,11584,Bucky Irving,RB,13.1,2.8,8.27,11.07,11.0,11.3,0.034,1.0,11.07,,0.0,0
2026-09-27 17:06:12,TB,in,0.351,Q2 8:55,-3.0,12514,Emeka Egbuka,WR,13.7,1.4,9.11,10.51,9.73,10.29,0.135,1.0,10.51,,0.0,0
2026-09-27 17:06:12,DAL,in,0.264,Q2 14:09,3.0,7588,Javonte Williams,RB,16.5,12.2,13.82,26.02,25.78,24.34,0.036,1.0,26.02,,0.0,0
2026-09-27 17:06:12,BAL,in,0.264,Q2 14:09,-3.0,9997,Zay Flowers,WR,11.5,3.2,8.86,12.06,11.69,11.66,0.059,1.0,12.06,,0.0,0
2026-09-27 17:06:12,BAL,in,0.264,Q2 14:09,-3.0,4881,Lamar Jackson,QB,22.7,3.34,17.87,21.21,19.55,20.04,0.059,1.0,21.21,,0.0,0
2026-09-27 17:06:12,SF,in,0.375,Q2 7:31,14.0,2216,Mike Evans,WR,9.6,10.5,5.62,16.12,17.58,16.5,0.099,1.0,16.12,,0.0,0
2026-09-27 17:06:12,ARI,in,0.375,Q2 7:31,-14.0,11628,Marvin Harrison Jr.,WR,8.2,1.7,6.2,7.9,6.61,6.83,0.021,1.0,7.9,,0.0,0
2026-09-27 17:06:12,ARI,in,0.375,Q2 7:31,-14.0,10232,Michael Wilson,WR,10.8,3.0,8.24,11.24,9.59,9.75,0.04,1.0,11.24,,0.0,0
2026-09-27 17:06:12,DAL,in,0.264,Q2 14:09,3.0,3294,Dak Prescott,QB,19.2,1.96,13.29,15.25,15.52,16.09,0.028,1.0,15.25,,0.0,0
2026-09-27 17:06:12,ARI,in,0.375,Q2 7:31,-14.0,8132,Tyler Allgeier,RB,7.4,4.4,5.4,9.8,9.28,9.03,0.077,1.0,9.8,,0.0,0
2026-09-27 17:06:12,MIN,in,0.351,Q2 8:55,3.0,9756,Jordan Addison,WR,8.7,1.4,5.35,6.75,6.77,7.04,0.101,1.0,6.75,,0.0,0
2026-09-27 17:06:12,SF,in,0.375,Q2 7:31,14.0,8183,Brock Purdy,QB,20.2,14.4,11.56,25.96,28.1,27.03,0.076,1.0,25.96,,0.0,0
2026-09-27 17:06:12,TB,in,0.351,Q2 8:55,-3.0,4037,Chris Godwin,WR,9.3,2.3,6.32,8.62,8.18,8.33,0.0,1.0,8.62,,0.0,0
2026-09-27 17:06:12,MIN,in,0.351,Q2 8:55,3.0,5849,Kyler Murray,QB,16.2,3.34,10.12,13.46,13.47,13.85,0.101,1.0,13.46,,0.0,0
2026-09-27 17:06:12,TB,in,0.351,Q2 8:55,-3.0,4892,Baker Mayfield,QB,16.6,8.32,12.77,21.09,19.49,19.09,0.0,1.0,21.09,,0.0,0
2026-09-27 17:06:12,TB,in,0.351,Q2 8:55,-3.0,7567,Kenneth Gainwell,RB,7.5,0.0,4.36,4.36,4.44,4.86,0.222,1.0,4.36,,0.0,0
2026-09-27 17:06:12,NO,in,0.309,Q2 11:27,0.0,12545,Tyler Shough,QB,19.8,8.84,15.28,24.12,22.99,22.52,0.073,1.0,24.12,,0.0,0
2026-09-27 17:06:12,SF,in,0.375,Q2 7:31,14.0,4217,George Kittle,TE,12.4,2.2,6.1,8.3,9.57,9.95,0.125,1.0,8.3,,0.0,0
2026-09-27 17:06:12,DAL,in,0.264,Q2 14:09,3.0,8110,Jake Ferguson,TE,9.2,0.0,6.24,6.24,6.32,6.77,0.264,1.0,6.24,,0.0,0
2026-09-27 17:06:12,MIN,in,0.351,Q2 8:55,3.0,7049,Jauan Jennings,WR,5.0,0.0,2.99,2.99,2.96,3.24,0.222,1.0,2.99,,0.0,0
2026-09-27 17:06:12,LV,in,0.309,Q2 11:27,0.0,13305,Mike Washington Jr.,RB,3.4,1.0,2.32,3.32,3.34,3.35,0.058,1.0,3.32,,0.0,0
2026-09-27 17:06:12,TB,in,0.351,Q2 8:55,-3.0,11618,Jalen McMillan,WR,5.6,0.0,3.66,3.66,3.31,3.63,0.222,1.0,3.66,,0.0,0
2026-09-27 17:06:12,MIN,in,0.351,Q2 8:55,3.0,4199,Aaron Jones,RB,13.0,2.5,7.84,10.34,10.6,10.93,0.054,1.0,10.34,,0.0,0
2026-09-27 17:06:12,BAL,in,0.264,Q2 14:09,-3.0,5012,Mark Andrews,TE,13.2,1.9,9.96,11.86,11.32,11.61,0.117,1.0,11.86,,0.0,0
2026-09-27 17:06:12,SF,in,0.375,Q2 7:31,14.0,5872,Deebo Samuel,WR,11.8,14.3,7.05,21.35,23.22,21.68,0.187,1.0,21.35,,0.0,0
2026-09-27 17:06:12,NO,in,0.309,Q2 11:27,0.0,7002,Juwan Johnson,TE,9.6,8.8,7.33,16.13,16.44,15.43,0.073,1.0,16.13,,0.0,0
2026-09-27 17:06:12,ARI,in,0.375,Q2 7:31,-14.0,3257,Jacoby Brissett,QB,14.6,3.02,11.86,14.88,11.77,12.15,0.0,1.0,14.88,,0.0,0
2026-09-27 17:06:12,MIN,in,0.351,Q2 8:55,3.0,5844,T.J. Hockenson,TE,9.1,1.5,5.6,7.1,7.13,7.4,0.142,1.0,7.1,,0.0,0
2026-09-27 17:06:12,LV,in,0.309,Q2 11:27,0.0,8180,Jalen Nailor,WR,7.2,2.6,5.07,7.67,7.64,7.57,0.264,1.0,7.67,,0.0,0
2026-09-27 17:06:12,TB,in,0.351,Q2 8:55,-3.0,9506,Sean Tucker,RB,1.8,0.0,1.05,1.05,1.06,1.17,0.222,1.0,1.05,,0.0,0
2026-09-27 17:06:12,NO,in,0.309,Q2 11:27,0.0,4035,Alvin Kamara,RB,8.6,0.0,5.25,5.25,5.48,5.94,0.309,1.0,5.25,,0.0,0
2026-09-27 17:06:12,LV,in,0.309,Q2 11:27,0.0,10213,Tre Tucker,WR,10.5,1.8,7.18,8.98,8.8,9.05,0.026,1.0,8.98,,0.0,0
2026-09-27 17:06:12,TB,in,0.351,Q2 8:55,-3.0,8111,Cade Otton,TE,7.7,7.1,5.78,12.88,12.81,12.09,0.0,1.0,12.88,,0.0,0
2026-09-27 17:06:12,BAL,in,0.264,Q2 14:09,-3.0,13268,Elijah Sarratt,WR,1.4,0.0,1.03,1.03,0.96,1.03,0.264,1.0,1.03,,0.0,0
2026-09-27 17:06:12,DAL,in,0.264,Q2 14:09,3.0,11783,Ryan Flournoy,WR,7.7,0.0,5.22,5.22,5.29,5.67,0.264,1.0,5.22,,0.0,0
2026-09-27 17:06:12,NO,in,0.309,Q2 11:27,0.0,11834,Devaughn Vele,WR,11.8,2.1,8.08,10.18,9.98,10.25,0.135,1.0,10.18,,0.0,0
2026-09-27 17:06:12,MIN,in,0.351,Q2 8:55,3.0,13347,Demond Claiborne,RB,1.2,0.2,0.72,0.92,0.94,0.98,0.157,1.0,0.92,,0.0,0
2026-09-27 17:06:12,TB,in,0.351,Q2 8:55,-3.0,12485,Tez Johnson,WR,2.1,0.0,1.37,1.37,1.24,1.36,0.222,1.0,1.37,,0.0,0
2026-09-27 17:06:12,BAL,in,0.264,Q2 14:09,-3.0,5995,Justice Hill,RB,7.5,0.7,5.23,5.93,5.98,6.22,0.0,1.0,5.93,,0.0,0
2026-09-27 17:06:12,BAL,in,0.264,Q2 14:09,-3.0,7571,Rashod Bateman,WR,11.5,0.0,8.49,8.49,7.9,8.46,0.264,1.0,8.49,,0.0,0
2026-09-27 17:06:12,DAL,in,0.264,Q2 14:09,3.0,11199,Emari Demercado,RB,2.1,0.0,1.35,1.35,1.44,1.55,0.264,1.0,1.35,,0.0,0
2026-09-27 17:06:12,TB,in,0.351,Q2 8:55,-3.0,13317,Ted Hurst,WR,6.1,11.0,5.14,16.14,16.39,14.96,0.214,1.0,16.14,,0.0,0
2026-09-27 17:06:12,SF,in,0.375,Q2 7:31,14.0,12467,Jordan James,RB,1.9,0.0,0.94,0.94,1.08,1.19,0.264,1.0,0.94,,0.0,0
2026-09-27 17:06:12,MIN,in,0.351,Q2 8:55,3.0,11565,J.J. McCarthy,QB,0.5,0.0,0.29,0.29,0.3,0.32,0.222,0.3,0.09,,0.0,0
2026-09-27 17:06:12,LV,in,0.309,Q2 11:27,0.0,1166,Kirk Cousins,QB,14.4,3.52,10.36,13.88,13.31,13.47,0.026,1.0,13.88,,0.0,0
2026-09-27 17:06:12,SF,in,0.375,Q2 7:31,14.0,7527,Mac Jones,QB,0.5,0.0,0.21,0.21,0.28,0.31,0.264,0.3,0.06,,0.0,0
2026-09-27 17:06:12,LV,in,0.309,Q2 11:27,0.0,12483,Jack Bech,WR,4.5,0.0,3.0,3.0,2.87,3.11,0.309,1.0,3.0,,0.0,0
2026-09-27 17:06:12,NO,in,0.309,Q2 11:27,0.0,13420,Bryce Lance,WR,3.9,0.0,2.6,2.6,2.49,2.69,0.309,1.0,2.6,,0.0,0
2026-09-27 17:06:12,ARI,in,0.375,Q2 7:31,-14.0,4454,Kendrick Bourne,WR,6.0,0.0,4.41,4.41,3.4,3.75,0.264,1.0,4.41,,0.0,0
2026-09-27 17:06:12,LV,in,0.309,Q2 11:27,0.0,9482,Michael Mayer,TE,6.7,2.8,4.76,7.56,7.55,7.43,0.039,1.0,7.56,,0.0,0
2026-09-27 17:06:12,MIN,in,0.351,Q2 8:55,3.0,5973,Josh Oliver,TE,3.5,0.0,2.09,2.09,2.07,2.27,0.222,1.0,2.09,,0.0,0
2026-09-27 17:06:12,BAL,in,0.264,Q2 14:09,-3.0,11629,Devontez Walker,WR,4.4,0.0,3.25,3.25,3.02,3.24,0.264,1.0,3.25,,0.0,0
2026-09-27 17:06:12,DAL,in,0.264,Q2 14:09,3.0,8917,KaVontae Turpin,WR,3.5,1.9,2.59,4.49,4.65,4.48,0.099,1.0,4.49,,0.0,0
2026-09-27 17:06:12,NO,in,0.309,Q2 11:27,0.0,13319,Oscar Delp,TE,1.0,0.0,0.67,0.67,0.64,0.69,0.309,1.0,0.67,,0.0,0
2026-09-27 17:06:12,NO,in,0.309,Q2 11:27,0.0,5857,Noah Fant,TE,3.5,0.0,2.33,2.33,2.23,2.42,0.309,1.0,2.33,,0.0,0
2026-09-27 17:06:12,ARI,in,0.375,Q2 7:31,-14.0,6011,Gardner Minshew,QB,0.5,0.0,0.38,0.38,0.28,0.31,0.264,0.3,0.12,,0.0,0
2026-09-27 17:06:12,BAL,in,0.264,Q2 14:09,-3.0,11570,Rasheen Ali,RB,0.8,0.0,0.54,0.54,0.55,0.59,0.264,1.0,0.54,,0.0,0
2026-09-27 17:06:12,SF,in,0.375,Q2 7:31,14.0,13414,Kaelon Black,RB,5.2,-0.1,2.56,2.46,2.83,3.15,0.16,1.0,2.46,,0.0,0
2026-09-27 17:06:12,ARI,in,0.375,Q2 7:31,-14.0,10231,Elijah Higgins,TE,2.4,3.3,2.1,5.4,5.18,4.8,0.044,1.0,5.4,,0.0,0
2026-09-27 17:06:12,DAL,in,0.264,Q2 14:09,3.0,10871,Luke Schoonmaker,TE,1.6,1.9,1.3,3.2,3.35,3.08,0.238,1.0,3.2,,0.0,0
2026-09-27 17:06:12,NO,in,0.309,Q2 11:27,0.0,9757,Kendre Miller,RB,1.8,0.0,1.1,1.1,1.15,1.24,0.309,1.0,1.1,,0.0,0
2026-09-27 17:06:12,DAL,in,0.264,Q2 14:09,3.0,11533,Brandon Aubrey,K,8.9,4.0,6.85,10.85,10.85,10.55,0.09,1.0,10.85,,0.0,0
2026-09-27 17:06:12,MIN,in,0.351,Q2 8:55,3.0,11792,Will Reichard,K,8.2,6.0,5.82,11.82,11.82,11.32,0.222,1.0,11.82,,0.0,0
2026-09-27 17:06:12,TB,in,0.351,Q2 8:55,-3.0,6650,Chase McLaughlin,K,7.4,1.0,4.54,5.54,5.54,5.8,0.214,1.0,5.54,,0.0,0
2026-09-27 17:06:12,BAL,in,0.264,Q2 14:09,-3.0,12711,Tyler Loop,K,9.4,1.0,6.64,7.64,7.64,7.92,0.036,1.0,7.64,,0.0,0
2026-09-27 17:06:12,SF,in,0.375,Q2 7:31,14.0,5189,Eddy Pineiro,K,9.6,2.0,5.75,7.75,7.75,8.0,0.123,1.0,7.75,,0.0,0
2026-09-27 17:06:12,ARI,in,0.375,Q2 7:31,-14.0,10955,Chad Ryland,K,6.3,0.0,3.57,3.57,3.57,3.94,0.264,1.0,3.57,,0.0,0
2026-09-27 17:06:12,NO,in,0.309,Q2 11:27,0.0,5095,Daniel Carlson,K,7.5,-1.0,4.61,3.61,3.61,4.18,0.073,1.0,3.61,,0.0,0
2026-09-27 17:06:12,LV,in,0.309,Q2 11:27,0.0,6083,Matt Gay,K,7.1,7.0,5.73,12.73,12.73,11.9,0.0,1.0,12.73,,0.0,0
2026-09-27 17:06:12,MIN,in,0.351,Q2 8:55,3.0,MIN,Minnesota Vikings D/ST,DST,7.1,11.0,-1.49,9.51,16.98,15.61,0.069,1.0,9.51,,0.0,0
2026-09-27 17:06:12,BAL,in,0.264,Q2 14:09,-3.0,BAL,Baltimore Ravens D/ST,DST,5.0,5.0,-0.21,4.79,9.36,8.68,0.09,1.0,4.79,,0.0,0
2026-09-27 17:06:12,SF,in,0.375,Q2 7:31,14.0,SF,San Francisco 49ers D/ST,DST,7.1,10.0,-0.65,9.35,15.59,14.44,0.264,1.0,9.35,,0.0,0
2026-09-27 17:06:12,NO,in,0.309,Q2 11:27,0.0,NO,New Orleans Saints D/ST,DST,7.3,8.0,-0.87,7.13,14.03,13.04,0.186,1.0,7.13,,0.0,0
2026-09-27 17:06:12,TB,in,0.351,Q2 8:55,-3.0,TB,Tampa Bay Buccaneers D/ST,DST,6.4,6.0,-0.29,5.71,10.76,10.15,0.034,1.0,5.71,,0.0,0
2026-09-27 17:06:12,DAL,in,0.264,Q2 14:09,3.0,DAL,Dallas Cowboys D/ST,DST,3.7,4.0,-0.09,3.91,7.28,6.72,0.036,1.0,3.91,,0.0,0
2026-09-27 17:06:12,LV,in,0.309,Q2 11:27,0.0,LV,Las Vegas Raiders D/ST,DST,5.8,9.0,-1.52,7.48,14.25,13.01,0.073,1.0,7.48,,0.0,0
2026-09-27 17:06:12,ARI,in,0.375,Q2 7:31,-14.0,ARI,Arizona Cardinals D/ST,DST,3.8,1.0,0.52,1.52,3.31,3.38,0.123,1.0,1.52,,0.0,0
2026-09-27 17:06:12,ARI,in,0.375,Q2 7:31,-14.0,13272,Carson Beck,QB,1.7,0.0,1.31,1.31,0.96,1.06,0.264,0.3,0.39,,0.0,0
2026-09-27 17:06:12,LV,in,0.309,Q2 11:27,0.0,13329,Malik Benson,WR,2.1,0.0,1.4,1.4,1.34,1.45,0.309,1.0,1.4,,0.0,0
2026-09-27 17:06:12,TB,in,0.351,Q2 8:55,-3.0,13425,Jalon Daniels,QB,0.4,0.0,0.26,0.26,0.24,0.26,0.222,0.3,0.08,,0.0,0
2026-09-27 17:06:12,BAL,in,0.264,Q2 14:09,-3.0,5008,Durham Smythe,TE,2.2,0.0,1.62,1.62,1.51,1.62,0.264,1.0,1.62,,0.0,0
