17657 player-weeks, 91 features in 11 groups; base2 MSE 42.937 (shipped 43.294)
feature coverage by group: base 1.00 | usage 0.96 | prior 0.84 | team 1.00 | coach 0.81 | vacancy 0.98 | own_injury 1.00 | prospect 0.95 | env 1.00 | matchup 0.83 | oline 0.89

=== LOYO folds ===
E:\MyFantasyFootball\sim_lab\backtest_context_model.py:77: PerformanceWarning: DataFrame is highly fragmented.  This is usually the result of calling `frame.insert` many times, which has poor performance.  Consider joining all columns at once using pd.concat(axis=1) instead. To get a de-fragmented frame, use `newframe = frame.copy()`
  Z[c + "_na"] = X.loc[mask, c].isna().astype(float)
E:\MyFantasyFootball\sim_lab\backtest_context_model.py:77: PerformanceWarning: DataFrame is highly fragmented.  This is usually the result of calling `frame.insert` many times, which has poor performance.  Consider joining all columns at once using pd.concat(axis=1) instead. To get a de-fragmented frame, use `newframe = frame.copy()`
  Z[c + "_na"] = X.loc[mask, c].isna().astype(float)
E:\MyFantasyFootball\sim_lab\backtest_context_model.py:77: PerformanceWarning: DataFrame is highly fragmented.  This is usually the result of calling `frame.insert` many times, which has poor performance.  Consider joining all columns at once using pd.concat(axis=1) instead. To get a de-fragmented frame, use `newframe = frame.copy()`
  Z[c + "_na"] = X.loc[mask, c].isna().astype(float)
E:\MyFantasyFootball\sim_lab\backtest_context_model.py:77: PerformanceWarning: DataFrame is highly fragmented.  This is usually the result of calling `frame.insert` many times, which has poor performance.  Consider joining all columns at once using pd.concat(axis=1) instead. To get a de-fragmented frame, use `newframe = frame.copy()`
  Z[c + "_na"] = X.loc[mask, c].isna().astype(float)
E:\MyFantasyFootball\sim_lab\backtest_context_model.py:77: PerformanceWarning: DataFrame is highly fragmented.  This is usually the result of calling `frame.insert` many times, which has poor performance.  Consider joining all columns at once using pd.concat(axis=1) instead. To get a de-fragmented frame, use `newframe = frame.copy()`
  Z[c + "_na"] = X.loc[mask, c].isna().astype(float)
E:\MyFantasyFootball\sim_lab\backtest_context_model.py:77: PerformanceWarning: DataFrame is highly fragmented.  This is usually the result of calling `frame.insert` many times, which has poor performance.  Consider joining all columns at once using pd.concat(axis=1) instead. To get a de-fragmented frame, use `newframe = frame.copy()`
  Z[c + "_na"] = X.loc[mask, c].isna().astype(float)
E:\MyFantasyFootball\sim_lab\backtest_context_model.py:77: PerformanceWarning: DataFrame is highly fragmented.  This is usually the result of calling `frame.insert` many times, which has poor performance.  Consider joining all columns at once using pd.concat(axis=1) instead. To get a de-fragmented frame, use `newframe = frame.copy()`
  Z[c + "_na"] = X.loc[mask, c].isna().astype(float)
E:\MyFantasyFootball\sim_lab\backtest_context_model.py:77: PerformanceWarning: DataFrame is highly fragmented.  This is usually the result of calling `frame.insert` many times, which has poor performance.  Consider joining all columns at once using pd.concat(axis=1) instead. To get a de-fragmented frame, use `newframe = frame.copy()`
  Z[c + "_na"] = X.loc[mask, c].isna().astype(float)
E:\MyFantasyFootball\sim_lab\backtest_context_model.py:77: PerformanceWarning: DataFrame is highly fragmented.  This is usually the result of calling `frame.insert` many times, which has poor performance.  Consider joining all columns at once using pd.concat(axis=1) instead. To get a de-fragmented frame, use `newframe = frame.copy()`
  Z[c + "_na"] = X.loc[mask, c].isna().astype(float)
E:\MyFantasyFootball\sim_lab\backtest_context_model.py:77: PerformanceWarning: DataFrame is highly fragmented.  This is usually the result of calling `frame.insert` many times, which has poor performance.  Consider joining all columns at once using pd.concat(axis=1) instead. To get a de-fragmented frame, use `newframe = frame.copy()`
  Z[c + "_na"] = X.loc[mask, c].isna().astype(float)
E:\MyFantasyFootball\sim_lab\backtest_context_model.py:77: PerformanceWarning: DataFrame is highly fragmented.  This is usually the result of calling `frame.insert` many times, which has poor performance.  Consider joining all columns at once using pd.concat(axis=1) instead. To get a de-fragmented frame, use `newframe = frame.copy()`
  Z[c + "_na"] = X.loc[mask, c].isna().astype(float)
E:\MyFantasyFootball\sim_lab\backtest_context_model.py:77: PerformanceWarning: DataFrame is highly fragmented.  This is usually the result of calling `frame.insert` many times, which has poor performance.  Consider joining all columns at once using pd.concat(axis=1) instead. To get a de-fragmented frame, use `newframe = frame.copy()`
  Z[c + "_na"] = X.loc[mask, c].isna().astype(float)
E:\MyFantasyFootball\sim_lab\backtest_context_model.py:77: PerformanceWarning: DataFrame is highly fragmented.  This is usually the result of calling `frame.insert` many times, which has poor performance.  Consider joining all columns at once using pd.concat(axis=1) instead. To get a de-fragmented frame, use `newframe = frame.copy()`
  Z[c + "_na"] = X.loc[mask, c].isna().astype(float)
E:\MyFantasyFootball\sim_lab\backtest_context_model.py:77: PerformanceWarning: DataFrame is highly fragmented.  This is usually the result of calling `frame.insert` many times, which has poor performance.  Consider joining all columns at once using pd.concat(axis=1) instead. To get a de-fragmented frame, use `newframe = frame.copy()`
  Z[c + "_na"] = X.loc[mask, c].isna().astype(float)
E:\MyFantasyFootball\sim_lab\backtest_context_model.py:77: PerformanceWarning: DataFrame is highly fragmented.  This is usually the result of calling `frame.insert` many times, which has poor performance.  Consider joining all columns at once using pd.concat(axis=1) instead. To get a de-fragmented frame, use `newframe = frame.copy()`
  Z[c + "_na"] = X.loc[mask, c].isna().astype(float)
E:\MyFantasyFootball\sim_lab\backtest_context_model.py:77: PerformanceWarning: DataFrame is highly fragmented.  This is usually the result of calling `frame.insert` many times, which has poor performance.  Consider joining all columns at once using pd.concat(axis=1) instead. To get a de-fragmented frame, use `newframe = frame.copy()`
  Z[c + "_na"] = X.loc[mask, c].isna().astype(float)
E:\MyFantasyFootball\sim_lab\backtest_context_model.py:77: PerformanceWarning: DataFrame is highly fragmented.  This is usually the result of calling `frame.insert` many times, which has poor performance.  Consider joining all columns at once using pd.concat(axis=1) instead. To get a de-fragmented frame, use `newframe = frame.copy()`
  Z[c + "_na"] = X.loc[mask, c].isna().astype(float)
E:\MyFantasyFootball\sim_lab\backtest_context_model.py:77: PerformanceWarning: DataFrame is highly fragmented.  This is usually the result of calling `frame.insert` many times, which has poor performance.  Consider joining all columns at once using pd.concat(axis=1) instead. To get a de-fragmented frame, use `newframe = frame.copy()`
  Z[c + "_na"] = X.loc[mask, c].isna().astype(float)
E:\MyFantasyFootball\sim_lab\backtest_context_model.py:77: PerformanceWarning: DataFrame is highly fragmented.  This is usually the result of calling `frame.insert` many times, which has poor performance.  Consider joining all columns at once using pd.concat(axis=1) instead. To get a de-fragmented frame, use `newframe = frame.copy()`
  Z[c + "_na"] = X.loc[mask, c].isna().astype(float)
E:\MyFantasyFootball\sim_lab\backtest_context_model.py:77: PerformanceWarning: DataFrame is highly fragmented.  This is usually the result of calling `frame.insert` many times, which has poor performance.  Consider joining all columns at once using pd.concat(axis=1) instead. To get a de-fragmented frame, use `newframe = frame.copy()`
  Z[c + "_na"] = X.loc[mask, c].isna().astype(float)
E:\MyFantasyFootball\sim_lab\backtest_context_model.py:77: PerformanceWarning: DataFrame is highly fragmented.  This is usually the result of calling `frame.insert` many times, which has poor performance.  Consider joining all columns at once using pd.concat(axis=1) instead. To get a de-fragmented frame, use `newframe = frame.copy()`
  Z[c + "_na"] = X.loc[mask, c].isna().astype(float)
E:\MyFantasyFootball\sim_lab\backtest_context_model.py:77: PerformanceWarning: DataFrame is highly fragmented.  This is usually the result of calling `frame.insert` many times, which has poor performance.  Consider joining all columns at once using pd.concat(axis=1) instead. To get a de-fragmented frame, use `newframe = frame.copy()`
  Z[c + "_na"] = X.loc[mask, c].isna().astype(float)
E:\MyFantasyFootball\sim_lab\backtest_context_model.py:77: PerformanceWarning: DataFrame is highly fragmented.  This is usually the result of calling `frame.insert` many times, which has poor performance.  Consider joining all columns at once using pd.concat(axis=1) instead. To get a de-fragmented frame, use `newframe = frame.copy()`
  Z[c + "_na"] = X.loc[mask, c].isna().astype(float)
E:\MyFantasyFootball\sim_lab\backtest_context_model.py:77: PerformanceWarning: DataFrame is highly fragmented.  This is usually the result of calling `frame.insert` many times, which has poor performance.  Consider joining all columns at once using pd.concat(axis=1) instead. To get a de-fragmented frame, use `newframe = frame.copy()`
  Z[c + "_na"] = X.loc[mask, c].isna().astype(float)
E:\MyFantasyFootball\sim_lab\backtest_context_model.py:77: PerformanceWarning: DataFrame is highly fragmented.  This is usually the result of calling `frame.insert` many times, which has poor performance.  Consider joining all columns at once using pd.concat(axis=1) instead. To get a de-fragmented frame, use `newframe = frame.copy()`
  Z[c + "_na"] = X.loc[mask, c].isna().astype(float)
E:\MyFantasyFootball\sim_lab\backtest_context_model.py:77: PerformanceWarning: DataFrame is highly fragmented.  This is usually the result of calling `frame.insert` many times, which has poor performance.  Consider joining all columns at once using pd.concat(axis=1) instead. To get a de-fragmented frame, use `newframe = frame.copy()`
  Z[c + "_na"] = X.loc[mask, c].isna().astype(float)
E:\MyFantasyFootball\sim_lab\backtest_context_model.py:77: PerformanceWarning: DataFrame is highly fragmented.  This is usually the result of calling `frame.insert` many times, which has poor performance.  Consider joining all columns at once using pd.concat(axis=1) instead. To get a de-fragmented frame, use `newframe = frame.copy()`
  Z[c + "_na"] = X.loc[mask, c].isna().astype(float)
E:\MyFantasyFootball\sim_lab\backtest_context_model.py:77: PerformanceWarning: DataFrame is highly fragmented.  This is usually the result of calling `frame.insert` many times, which has poor performance.  Consider joining all columns at once using pd.concat(axis=1) instead. To get a de-fragmented frame, use `newframe = frame.copy()`
  Z[c + "_na"] = X.loc[mask, c].isna().astype(float)
E:\MyFantasyFootball\sim_lab\backtest_context_model.py:77: PerformanceWarning: DataFrame is highly fragmented.  This is usually the result of calling `frame.insert` many times, which has poor performance.  Consider joining all columns at once using pd.concat(axis=1) instead. To get a de-fragmented frame, use `newframe = frame.copy()`
  Z[c + "_na"] = X.loc[mask, c].isna().astype(float)
E:\MyFantasyFootball\sim_lab\backtest_context_model.py:77: PerformanceWarning: DataFrame is highly fragmented.  This is usually the result of calling `frame.insert` many times, which has poor performance.  Consider joining all columns at once using pd.concat(axis=1) instead. To get a de-fragmented frame, use `newframe = frame.copy()`
  Z[c + "_na"] = X.loc[mask, c].isna().astype(float)
E:\MyFantasyFootball\sim_lab\backtest_context_model.py:77: PerformanceWarning: DataFrame is highly fragmented.  This is usually the result of calling `frame.insert` many times, which has poor performance.  Consider joining all columns at once using pd.concat(axis=1) instead. To get a de-fragmented frame, use `newframe = frame.copy()`
  Z[c + "_na"] = X.loc[mask, c].isna().astype(float)
E:\MyFantasyFootball\sim_lab\backtest_context_model.py:77: PerformanceWarning: DataFrame is highly fragmented.  This is usually the result of calling `frame.insert` many times, which has poor performance.  Consider joining all columns at once using pd.concat(axis=1) instead. To get a de-fragmented frame, use `newframe = frame.copy()`
  Z[c + "_na"] = X.loc[mask, c].isna().astype(float)
E:\MyFantasyFootball\sim_lab\backtest_context_model.py:77: PerformanceWarning: DataFrame is highly fragmented.  This is usually the result of calling `frame.insert` many times, which has poor performance.  Consider joining all columns at once using pd.concat(axis=1) instead. To get a de-fragmented frame, use `newframe = frame.copy()`
  Z[c + "_na"] = X.loc[mask, c].isna().astype(float)
E:\MyFantasyFootball\sim_lab\backtest_context_model.py:77: PerformanceWarning: DataFrame is highly fragmented.  This is usually the result of calling `frame.insert` many times, which has poor performance.  Consider joining all columns at once using pd.concat(axis=1) instead. To get a de-fragmented frame, use `newframe = frame.copy()`
  Z[c + "_na"] = X.loc[mask, c].isna().astype(float)
E:\MyFantasyFootball\sim_lab\backtest_context_model.py:77: PerformanceWarning: DataFrame is highly fragmented.  This is usually the result of calling `frame.insert` many times, which has poor performance.  Consider joining all columns at once using pd.concat(axis=1) instead. To get a de-fragmented frame, use `newframe = frame.copy()`
  Z[c + "_na"] = X.loc[mask, c].isna().astype(float)
E:\MyFantasyFootball\sim_lab\backtest_context_model.py:77: PerformanceWarning: DataFrame is highly fragmented.  This is usually the result of calling `frame.insert` many times, which has poor performance.  Consider joining all columns at once using pd.concat(axis=1) instead. To get a de-fragmented frame, use `newframe = frame.copy()`
  Z[c + "_na"] = X.loc[mask, c].isna().astype(float)
E:\MyFantasyFootball\sim_lab\backtest_context_model.py:77: PerformanceWarning: DataFrame is highly fragmented.  This is usually the result of calling `frame.insert` many times, which has poor performance.  Consider joining all columns at once using pd.concat(axis=1) instead. To get a de-fragmented frame, use `newframe = frame.copy()`
  Z[c + "_na"] = X.loc[mask, c].isna().astype(float)
E:\MyFantasyFootball\sim_lab\backtest_context_model.py:77: PerformanceWarning: DataFrame is highly fragmented.  This is usually the result of calling `frame.insert` many times, which has poor performance.  Consider joining all columns at once using pd.concat(axis=1) instead. To get a de-fragmented frame, use `newframe = frame.copy()`
  Z[c + "_na"] = X.loc[mask, c].isna().astype(float)
E:\MyFantasyFootball\sim_lab\backtest_context_model.py:77: PerformanceWarning: DataFrame is highly fragmented.  This is usually the result of calling `frame.insert` many times, which has poor performance.  Consider joining all columns at once using pd.concat(axis=1) instead. To get a de-fragmented frame, use `newframe = frame.copy()`
  Z[c + "_na"] = X.loc[mask, c].isna().astype(float)
E:\MyFantasyFootball\sim_lab\backtest_context_model.py:77: PerformanceWarning: DataFrame is highly fragmented.  This is usually the result of calling `frame.insert` many times, which has poor performance.  Consider joining all columns at once using pd.concat(axis=1) instead. To get a de-fragmented frame, use `newframe = frame.copy()`
  Z[c + "_na"] = X.loc[mask, c].isna().astype(float)
E:\MyFantasyFootball\sim_lab\backtest_context_model.py:77: PerformanceWarning: DataFrame is highly fragmented.  This is usually the result of calling `frame.insert` many times, which has poor performance.  Consider joining all columns at once using pd.concat(axis=1) instead. To get a de-fragmented frame, use `newframe = frame.copy()`
  Z[c + "_na"] = X.loc[mask, c].isna().astype(float)
E:\MyFantasyFootball\sim_lab\backtest_context_model.py:77: PerformanceWarning: DataFrame is highly fragmented.  This is usually the result of calling `frame.insert` many times, which has poor performance.  Consider joining all columns at once using pd.concat(axis=1) instead. To get a de-fragmented frame, use `newframe = frame.copy()`
  Z[c + "_na"] = X.loc[mask, c].isna().astype(float)
E:\MyFantasyFootball\sim_lab\backtest_context_model.py:77: PerformanceWarning: DataFrame is highly fragmented.  This is usually the result of calling `frame.insert` many times, which has poor performance.  Consider joining all columns at once using pd.concat(axis=1) instead. To get a de-fragmented frame, use `newframe = frame.copy()`
  Z[c + "_na"] = X.loc[mask, c].isna().astype(float)
E:\MyFantasyFootball\sim_lab\backtest_context_model.py:77: PerformanceWarning: DataFrame is highly fragmented.  This is usually the result of calling `frame.insert` many times, which has poor performance.  Consider joining all columns at once using pd.concat(axis=1) instead. To get a de-fragmented frame, use `newframe = frame.copy()`
  Z[c + "_na"] = X.loc[mask, c].isna().astype(float)
E:\MyFantasyFootball\sim_lab\backtest_context_model.py:77: PerformanceWarning: DataFrame is highly fragmented.  This is usually the result of calling `frame.insert` many times, which has poor performance.  Consider joining all columns at once using pd.concat(axis=1) instead. To get a de-fragmented frame, use `newframe = frame.copy()`
  Z[c + "_na"] = X.loc[mask, c].isna().astype(float)
E:\MyFantasyFootball\sim_lab\backtest_context_model.py:77: PerformanceWarning: DataFrame is highly fragmented.  This is usually the result of calling `frame.insert` many times, which has poor performance.  Consider joining all columns at once using pd.concat(axis=1) instead. To get a de-fragmented frame, use `newframe = frame.copy()`
  Z[c + "_na"] = X.loc[mask, c].isna().astype(float)
E:\MyFantasyFootball\sim_lab\backtest_context_model.py:77: PerformanceWarning: DataFrame is highly fragmented.  This is usually the result of calling `frame.insert` many times, which has poor performance.  Consider joining all columns at once using pd.concat(axis=1) instead. To get a de-fragmented frame, use `newframe = frame.copy()`
  Z[c + "_na"] = X.loc[mask, c].isna().astype(float)
E:\MyFantasyFootball\sim_lab\backtest_context_model.py:77: PerformanceWarning: DataFrame is highly fragmented.  This is usually the result of calling `frame.insert` many times, which has poor performance.  Consider joining all columns at once using pd.concat(axis=1) instead. To get a de-fragmented frame, use `newframe = frame.copy()`
  Z[c + "_na"] = X.loc[mask, c].isna().astype(float)
E:\MyFantasyFootball\sim_lab\backtest_context_model.py:77: PerformanceWarning: DataFrame is highly fragmented.  This is usually the result of calling `frame.insert` many times, which has poor performance.  Consider joining all columns at once using pd.concat(axis=1) instead. To get a de-fragmented frame, use `newframe = frame.copy()`
  Z[c + "_na"] = X.loc[mask, c].isna().astype(float)
E:\MyFantasyFootball\sim_lab\backtest_context_model.py:77: PerformanceWarning: DataFrame is highly fragmented.  This is usually the result of calling `frame.insert` many times, which has poor performance.  Consider joining all columns at once using pd.concat(axis=1) instead. To get a de-fragmented frame, use `newframe = frame.copy()`
  Z[c + "_na"] = X.loc[mask, c].isna().astype(float)
E:\MyFantasyFootball\sim_lab\backtest_context_model.py:77: PerformanceWarning: DataFrame is highly fragmented.  This is usually the result of calling `frame.insert` many times, which has poor performance.  Consider joining all columns at once using pd.concat(axis=1) instead. To get a de-fragmented frame, use `newframe = frame.copy()`
  Z[c + "_na"] = X.loc[mask, c].isna().astype(float)
E:\MyFantasyFootball\sim_lab\backtest_context_model.py:77: PerformanceWarning: DataFrame is highly fragmented.  This is usually the result of calling `frame.insert` many times, which has poor performance.  Consider joining all columns at once using pd.concat(axis=1) instead. To get a de-fragmented frame, use `newframe = frame.copy()`
  Z[c + "_na"] = X.loc[mask, c].isna().astype(float)
E:\MyFantasyFootball\sim_lab\backtest_context_model.py:77: PerformanceWarning: DataFrame is highly fragmented.  This is usually the result of calling `frame.insert` many times, which has poor performance.  Consider joining all columns at once using pd.concat(axis=1) instead. To get a de-fragmented frame, use `newframe = frame.copy()`
  Z[c + "_na"] = X.loc[mask, c].isna().astype(float)
E:\MyFantasyFootball\sim_lab\backtest_context_model.py:77: PerformanceWarning: DataFrame is highly fragmented.  This is usually the result of calling `frame.insert` many times, which has poor performance.  Consider joining all columns at once using pd.concat(axis=1) instead. To get a de-fragmented frame, use `newframe = frame.copy()`
  Z[c + "_na"] = X.loc[mask, c].isna().astype(float)
E:\MyFantasyFootball\sim_lab\backtest_context_model.py:77: PerformanceWarning: DataFrame is highly fragmented.  This is usually the result of calling `frame.insert` many times, which has poor performance.  Consider joining all columns at once using pd.concat(axis=1) instead. To get a de-fragmented frame, use `newframe = frame.copy()`
  Z[c + "_na"] = X.loc[mask, c].isna().astype(float)
E:\MyFantasyFootball\sim_lab\backtest_context_model.py:77: PerformanceWarning: DataFrame is highly fragmented.  This is usually the result of calling `frame.insert` many times, which has poor performance.  Consider joining all columns at once using pd.concat(axis=1) instead. To get a de-fragmented frame, use `newframe = frame.copy()`
  Z[c + "_na"] = X.loc[mask, c].isna().astype(float)
E:\MyFantasyFootball\sim_lab\backtest_context_model.py:77: PerformanceWarning: DataFrame is highly fragmented.  This is usually the result of calling `frame.insert` many times, which has poor performance.  Consider joining all columns at once using pd.concat(axis=1) instead. To get a de-fragmented frame, use `newframe = frame.copy()`
  Z[c + "_na"] = X.loc[mask, c].isna().astype(float)
E:\MyFantasyFootball\sim_lab\backtest_context_model.py:77: PerformanceWarning: DataFrame is highly fragmented.  This is usually the result of calling `frame.insert` many times, which has poor performance.  Consider joining all columns at once using pd.concat(axis=1) instead. To get a de-fragmented frame, use `newframe = frame.copy()`
  Z[c + "_na"] = X.loc[mask, c].isna().astype(float)
E:\MyFantasyFootball\sim_lab\backtest_context_model.py:77: PerformanceWarning: DataFrame is highly fragmented.  This is usually the result of calling `frame.insert` many times, which has poor performance.  Consider joining all columns at once using pd.concat(axis=1) instead. To get a de-fragmented frame, use `newframe = frame.copy()`
  Z[c + "_na"] = X.loc[mask, c].isna().astype(float)
E:\MyFantasyFootball\sim_lab\backtest_context_model.py:77: PerformanceWarning: DataFrame is highly fragmented.  This is usually the result of calling `frame.insert` many times, which has poor performance.  Consider joining all columns at once using pd.concat(axis=1) instead. To get a de-fragmented frame, use `newframe = frame.copy()`
  Z[c + "_na"] = X.loc[mask, c].isna().astype(float)
E:\MyFantasyFootball\sim_lab\backtest_context_model.py:77: PerformanceWarning: DataFrame is highly fragmented.  This is usually the result of calling `frame.insert` many times, which has poor performance.  Consider joining all columns at once using pd.concat(axis=1) instead. To get a de-fragmented frame, use `newframe = frame.copy()`
  Z[c + "_na"] = X.loc[mask, c].isna().astype(float)
E:\MyFantasyFootball\sim_lab\backtest_context_model.py:77: PerformanceWarning: DataFrame is highly fragmented.  This is usually the result of calling `frame.insert` many times, which has poor performance.  Consider joining all columns at once using pd.concat(axis=1) instead. To get a de-fragmented frame, use `newframe = frame.copy()`
  Z[c + "_na"] = X.loc[mask, c].isna().astype(float)
E:\MyFantasyFootball\sim_lab\backtest_context_model.py:77: PerformanceWarning: DataFrame is highly fragmented.  This is usually the result of calling `frame.insert` many times, which has poor performance.  Consider joining all columns at once using pd.concat(axis=1) instead. To get a de-fragmented frame, use `newframe = frame.copy()`
  Z[c + "_na"] = X.loc[mask, c].isna().astype(float)
E:\MyFantasyFootball\sim_lab\backtest_context_model.py:77: PerformanceWarning: DataFrame is highly fragmented.  This is usually the result of calling `frame.insert` many times, which has poor performance.  Consider joining all columns at once using pd.concat(axis=1) instead. To get a de-fragmented frame, use `newframe = frame.copy()`
  Z[c + "_na"] = X.loc[mask, c].isna().astype(float)
E:\MyFantasyFootball\sim_lab\backtest_context_model.py:77: PerformanceWarning: DataFrame is highly fragmented.  This is usually the result of calling `frame.insert` many times, which has poor performance.  Consider joining all columns at once using pd.concat(axis=1) instead. To get a de-fragmented frame, use `newframe = frame.copy()`
  Z[c + "_na"] = X.loc[mask, c].isna().astype(float)
E:\MyFantasyFootball\sim_lab\backtest_context_model.py:77: PerformanceWarning: DataFrame is highly fragmented.  This is usually the result of calling `frame.insert` many times, which has poor performance.  Consider joining all columns at once using pd.concat(axis=1) instead. To get a de-fragmented frame, use `newframe = frame.copy()`
  Z[c + "_na"] = X.loc[mask, c].isna().astype(float)
E:\MyFantasyFootball\sim_lab\backtest_context_model.py:77: PerformanceWarning: DataFrame is highly fragmented.  This is usually the result of calling `frame.insert` many times, which has poor performance.  Consider joining all columns at once using pd.concat(axis=1) instead. To get a de-fragmented frame, use `newframe = frame.copy()`
  Z[c + "_na"] = X.loc[mask, c].isna().astype(float)
E:\MyFantasyFootball\sim_lab\backtest_context_model.py:77: PerformanceWarning: DataFrame is highly fragmented.  This is usually the result of calling `frame.insert` many times, which has poor performance.  Consider joining all columns at once using pd.concat(axis=1) instead. To get a de-fragmented frame, use `newframe = frame.copy()`
  Z[c + "_na"] = X.loc[mask, c].isna().astype(float)
E:\MyFantasyFootball\sim_lab\backtest_context_model.py:77: PerformanceWarning: DataFrame is highly fragmented.  This is usually the result of calling `frame.insert` many times, which has poor performance.  Consider joining all columns at once using pd.concat(axis=1) instead. To get a de-fragmented frame, use `newframe = frame.copy()`
  Z[c + "_na"] = X.loc[mask, c].isna().astype(float)
E:\MyFantasyFootball\sim_lab\backtest_context_model.py:77: PerformanceWarning: DataFrame is highly fragmented.  This is usually the result of calling `frame.insert` many times, which has poor performance.  Consider joining all columns at once using pd.concat(axis=1) instead. To get a de-fragmented frame, use `newframe = frame.copy()`
  Z[c + "_na"] = X.loc[mask, c].isna().astype(float)
E:\MyFantasyFootball\sim_lab\backtest_context_model.py:77: PerformanceWarning: DataFrame is highly fragmented.  This is usually the result of calling `frame.insert` many times, which has poor performance.  Consider joining all columns at once using pd.concat(axis=1) instead. To get a de-fragmented frame, use `newframe = frame.copy()`
  Z[c + "_na"] = X.loc[mask, c].isna().astype(float)
E:\MyFantasyFootball\sim_lab\backtest_context_model.py:77: PerformanceWarning: DataFrame is highly fragmented.  This is usually the result of calling `frame.insert` many times, which has poor performance.  Consider joining all columns at once using pd.concat(axis=1) instead. To get a de-fragmented frame, use `newframe = frame.copy()`
  Z[c + "_na"] = X.loc[mask, c].isna().astype(float)
E:\MyFantasyFootball\sim_lab\backtest_context_model.py:77: PerformanceWarning: DataFrame is highly fragmented.  This is usually the result of calling `frame.insert` many times, which has poor performance.  Consider joining all columns at once using pd.concat(axis=1) instead. To get a de-fragmented frame, use `newframe = frame.copy()`
  Z[c + "_na"] = X.loc[mask, c].isna().astype(float)
E:\MyFantasyFootball\sim_lab\backtest_context_model.py:77: PerformanceWarning: DataFrame is highly fragmented.  This is usually the result of calling `frame.insert` many times, which has poor performance.  Consider joining all columns at once using pd.concat(axis=1) instead. To get a de-fragmented frame, use `newframe = frame.copy()`
  Z[c + "_na"] = X.loc[mask, c].isna().astype(float)
E:\MyFantasyFootball\sim_lab\backtest_context_model.py:77: PerformanceWarning: DataFrame is highly fragmented.  This is usually the result of calling `frame.insert` many times, which has poor performance.  Consider joining all columns at once using pd.concat(axis=1) instead. To get a de-fragmented frame, use `newframe = frame.copy()`
  Z[c + "_na"] = X.loc[mask, c].isna().astype(float)
E:\MyFantasyFootball\sim_lab\backtest_context_model.py:77: PerformanceWarning: DataFrame is highly fragmented.  This is usually the result of calling `frame.insert` many times, which has poor performance.  Consider joining all columns at once using pd.concat(axis=1) instead. To get a de-fragmented frame, use `newframe = frame.copy()`
  Z[c + "_na"] = X.loc[mask, c].isna().astype(float)
E:\MyFantasyFootball\sim_lab\backtest_context_model.py:77: PerformanceWarning: DataFrame is highly fragmented.  This is usually the result of calling `frame.insert` many times, which has poor performance.  Consider joining all columns at once using pd.concat(axis=1) instead. To get a de-fragmented frame, use `newframe = frame.copy()`
  Z[c + "_na"] = X.loc[mask, c].isna().astype(float)
E:\MyFantasyFootball\sim_lab\backtest_context_model.py:77: PerformanceWarning: DataFrame is highly fragmented.  This is usually the result of calling `frame.insert` many times, which has poor performance.  Consider joining all columns at once using pd.concat(axis=1) instead. To get a de-fragmented frame, use `newframe = frame.copy()`
  Z[c + "_na"] = X.loc[mask, c].isna().astype(float)
E:\MyFantasyFootball\sim_lab\backtest_context_model.py:77: PerformanceWarning: DataFrame is highly fragmented.  This is usually the result of calling `frame.insert` many times, which has poor performance.  Consider joining all columns at once using pd.concat(axis=1) instead. To get a de-fragmented frame, use `newframe = frame.copy()`
  Z[c + "_na"] = X.loc[mask, c].isna().astype(float)
E:\MyFantasyFootball\sim_lab\backtest_context_model.py:77: PerformanceWarning: DataFrame is highly fragmented.  This is usually the result of calling `frame.insert` many times, which has poor performance.  Consider joining all columns at once using pd.concat(axis=1) instead. To get a de-fragmented frame, use `newframe = frame.copy()`
  Z[c + "_na"] = X.loc[mask, c].isna().astype(float)
E:\MyFantasyFootball\sim_lab\backtest_context_model.py:77: PerformanceWarning: DataFrame is highly fragmented.  This is usually the result of calling `frame.insert` many times, which has poor performance.  Consider joining all columns at once using pd.concat(axis=1) instead. To get a de-fragmented frame, use `newframe = frame.copy()`
  Z[c + "_na"] = X.loc[mask, c].isna().astype(float)
E:\MyFantasyFootball\sim_lab\backtest_context_model.py:77: PerformanceWarning: DataFrame is highly fragmented.  This is usually the result of calling `frame.insert` many times, which has poor performance.  Consider joining all columns at once using pd.concat(axis=1) instead. To get a de-fragmented frame, use `newframe = frame.copy()`
  Z[c + "_na"] = X.loc[mask, c].isna().astype(float)
E:\MyFantasyFootball\sim_lab\backtest_context_model.py:77: PerformanceWarning: DataFrame is highly fragmented.  This is usually the result of calling `frame.insert` many times, which has poor performance.  Consider joining all columns at once using pd.concat(axis=1) instead. To get a de-fragmented frame, use `newframe = frame.copy()`
  Z[c + "_na"] = X.loc[mask, c].isna().astype(float)
E:\MyFantasyFootball\sim_lab\backtest_context_model.py:77: PerformanceWarning: DataFrame is highly fragmented.  This is usually the result of calling `frame.insert` many times, which has poor performance.  Consider joining all columns at once using pd.concat(axis=1) instead. To get a de-fragmented frame, use `newframe = frame.copy()`
  Z[c + "_na"] = X.loc[mask, c].isna().astype(float)
E:\MyFantasyFootball\sim_lab\backtest_context_model.py:77: PerformanceWarning: DataFrame is highly fragmented.  This is usually the result of calling `frame.insert` many times, which has poor performance.  Consider joining all columns at once using pd.concat(axis=1) instead. To get a de-fragmented frame, use `newframe = frame.copy()`
  Z[c + "_na"] = X.loc[mask, c].isna().astype(float)
E:\MyFantasyFootball\sim_lab\backtest_context_model.py:77: PerformanceWarning: DataFrame is highly fragmented.  This is usually the result of calling `frame.insert` many times, which has poor performance.  Consider joining all columns at once using pd.concat(axis=1) instead. To get a de-fragmented frame, use `newframe = frame.copy()`
  Z[c + "_na"] = X.loc[mask, c].isna().astype(float)
E:\MyFantasyFootball\sim_lab\backtest_context_model.py:77: PerformanceWarning: DataFrame is highly fragmented.  This is usually the result of calling `frame.insert` many times, which has poor performance.  Consider joining all columns at once using pd.concat(axis=1) instead. To get a de-fragmented frame, use `newframe = frame.copy()`
  Z[c + "_na"] = X.loc[mask, c].isna().astype(float)
E:\MyFantasyFootball\sim_lab\backtest_context_model.py:77: PerformanceWarning: DataFrame is highly fragmented.  This is usually the result of calling `frame.insert` many times, which has poor performance.  Consider joining all columns at once using pd.concat(axis=1) instead. To get a de-fragmented frame, use `newframe = frame.copy()`
  Z[c + "_na"] = X.loc[mask, c].isna().astype(float)
E:\MyFantasyFootball\sim_lab\backtest_context_model.py:77: PerformanceWarning: DataFrame is highly fragmented.  This is usually the result of calling `frame.insert` many times, which has poor performance.  Consider joining all columns at once using pd.concat(axis=1) instead. To get a de-fragmented frame, use `newframe = frame.copy()`
  Z[c + "_na"] = X.loc[mask, c].isna().astype(float)
E:\MyFantasyFootball\sim_lab\backtest_context_model.py:77: PerformanceWarning: DataFrame is highly fragmented.  This is usually the result of calling `frame.insert` many times, which has poor performance.  Consider joining all columns at once using pd.concat(axis=1) instead. To get a de-fragmented frame, use `newframe = frame.copy()`
  Z[c + "_na"] = X.loc[mask, c].isna().astype(float)
E:\MyFantasyFootball\sim_lab\backtest_context_model.py:77: PerformanceWarning: DataFrame is highly fragmented.  This is usually the result of calling `frame.insert` many times, which has poor performance.  Consider joining all columns at once using pd.concat(axis=1) instead. To get a de-fragmented frame, use `newframe = frame.copy()`
  Z[c + "_na"] = X.loc[mask, c].isna().astype(float)
E:\MyFantasyFootball\sim_lab\backtest_context_model.py:77: PerformanceWarning: DataFrame is highly fragmented.  This is usually the result of calling `frame.insert` many times, which has poor performance.  Consider joining all columns at once using pd.concat(axis=1) instead. To get a de-fragmented frame, use `newframe = frame.copy()`
  Z[c + "_na"] = X.loc[mask, c].isna().astype(float)
E:\MyFantasyFootball\sim_lab\backtest_context_model.py:77: PerformanceWarning: DataFrame is highly fragmented.  This is usually the result of calling `frame.insert` many times, which has poor performance.  Consider joining all columns at once using pd.concat(axis=1) instead. To get a de-fragmented frame, use `newframe = frame.copy()`
  Z[c + "_na"] = X.loc[mask, c].isna().astype(float)
E:\MyFantasyFootball\sim_lab\backtest_context_model.py:77: PerformanceWarning: DataFrame is highly fragmented.  This is usually the result of calling `frame.insert` many times, which has poor performance.  Consider joining all columns at once using pd.concat(axis=1) instead. To get a de-fragmented frame, use `newframe = frame.copy()`
  Z[c + "_na"] = X.loc[mask, c].isna().astype(float)
E:\MyFantasyFootball\sim_lab\backtest_context_model.py:77: PerformanceWarning: DataFrame is highly fragmented.  This is usually the result of calling `frame.insert` many times, which has poor performance.  Consider joining all columns at once using pd.concat(axis=1) instead. To get a de-fragmented frame, use `newframe = frame.copy()`
  Z[c + "_na"] = X.loc[mask, c].isna().astype(float)
E:\MyFantasyFootball\sim_lab\backtest_context_model.py:77: PerformanceWarning: DataFrame is highly fragmented.  This is usually the result of calling `frame.insert` many times, which has poor performance.  Consider joining all columns at once using pd.concat(axis=1) instead. To get a de-fragmented frame, use `newframe = frame.copy()`
  Z[c + "_na"] = X.loc[mask, c].isna().astype(float)
E:\MyFantasyFootball\sim_lab\backtest_context_model.py:77: PerformanceWarning: DataFrame is highly fragmented.  This is usually the result of calling `frame.insert` many times, which has poor performance.  Consider joining all columns at once using pd.concat(axis=1) instead. To get a de-fragmented frame, use `newframe = frame.copy()`
  Z[c + "_na"] = X.loc[mask, c].isna().astype(float)
E:\MyFantasyFootball\sim_lab\backtest_context_model.py:77: PerformanceWarning: DataFrame is highly fragmented.  This is usually the result of calling `frame.insert` many times, which has poor performance.  Consider joining all columns at once using pd.concat(axis=1) instead. To get a de-fragmented frame, use `newframe = frame.copy()`
  Z[c + "_na"] = X.loc[mask, c].isna().astype(float)
E:\MyFantasyFootball\sim_lab\backtest_context_model.py:77: PerformanceWarning: DataFrame is highly fragmented.  This is usually the result of calling `frame.insert` many times, which has poor performance.  Consider joining all columns at once using pd.concat(axis=1) instead. To get a de-fragmented frame, use `newframe = frame.copy()`
  Z[c + "_na"] = X.loc[mask, c].isna().astype(float)
E:\MyFantasyFootball\sim_lab\backtest_context_model.py:77: PerformanceWarning: DataFrame is highly fragmented.  This is usually the result of calling `frame.insert` many times, which has poor performance.  Consider joining all columns at once using pd.concat(axis=1) instead. To get a de-fragmented frame, use `newframe = frame.copy()`
  Z[c + "_na"] = X.loc[mask, c].isna().astype(float)
E:\MyFantasyFootball\sim_lab\backtest_context_model.py:77: PerformanceWarning: DataFrame is highly fragmented.  This is usually the result of calling `frame.insert` many times, which has poor performance.  Consider joining all columns at once using pd.concat(axis=1) instead. To get a de-fragmented frame, use `newframe = frame.copy()`
  Z[c + "_na"] = X.loc[mask, c].isna().astype(float)
E:\MyFantasyFootball\sim_lab\backtest_context_model.py:77: PerformanceWarning: DataFrame is highly fragmented.  This is usually the result of calling `frame.insert` many times, which has poor performance.  Consider joining all columns at once using pd.concat(axis=1) instead. To get a de-fragmented frame, use `newframe = frame.copy()`
  Z[c + "_na"] = X.loc[mask, c].isna().astype(float)
E:\MyFantasyFootball\sim_lab\backtest_context_model.py:77: PerformanceWarning: DataFrame is highly fragmented.  This is usually the result of calling `frame.insert` many times, which has poor performance.  Consider joining all columns at once using pd.concat(axis=1) instead. To get a de-fragmented frame, use `newframe = frame.copy()`
  Z[c + "_na"] = X.loc[mask, c].isna().astype(float)
E:\MyFantasyFootball\sim_lab\backtest_context_model.py:77: PerformanceWarning: DataFrame is highly fragmented.  This is usually the result of calling `frame.insert` many times, which has poor performance.  Consider joining all columns at once using pd.concat(axis=1) instead. To get a de-fragmented frame, use `newframe = frame.copy()`
  Z[c + "_na"] = X.loc[mask, c].isna().astype(float)
E:\MyFantasyFootball\sim_lab\backtest_context_model.py:77: PerformanceWarning: DataFrame is highly fragmented.  This is usually the result of calling `frame.insert` many times, which has poor performance.  Consider joining all columns at once using pd.concat(axis=1) instead. To get a de-fragmented frame, use `newframe = frame.copy()`
  Z[c + "_na"] = X.loc[mask, c].isna().astype(float)
E:\MyFantasyFootball\sim_lab\backtest_context_model.py:77: PerformanceWarning: DataFrame is highly fragmented.  This is usually the result of calling `frame.insert` many times, which has poor performance.  Consider joining all columns at once using pd.concat(axis=1) instead. To get a de-fragmented frame, use `newframe = frame.copy()`
  Z[c + "_na"] = X.loc[mask, c].isna().astype(float)
E:\MyFantasyFootball\sim_lab\backtest_context_model.py:77: PerformanceWarning: DataFrame is highly fragmented.  This is usually the result of calling `frame.insert` many times, which has poor performance.  Consider joining all columns at once using pd.concat(axis=1) instead. To get a de-fragmented frame, use `newframe = frame.copy()`
  Z[c + "_na"] = X.loc[mask, c].isna().astype(float)
E:\MyFantasyFootball\sim_lab\backtest_context_model.py:77: PerformanceWarning: DataFrame is highly fragmented.  This is usually the result of calling `frame.insert` many times, which has poor performance.  Consider joining all columns at once using pd.concat(axis=1) instead. To get a de-fragmented frame, use `newframe = frame.copy()`
  Z[c + "_na"] = X.loc[mask, c].isna().astype(float)
E:\MyFantasyFootball\sim_lab\backtest_context_model.py:77: PerformanceWarning: DataFrame is highly fragmented.  This is usually the result of calling `frame.insert` many times, which has poor performance.  Consider joining all columns at once using pd.concat(axis=1) instead. To get a de-fragmented frame, use `newframe = frame.copy()`
  Z[c + "_na"] = X.loc[mask, c].isna().astype(float)
E:\MyFantasyFootball\sim_lab\backtest_context_model.py:77: PerformanceWarning: DataFrame is highly fragmented.  This is usually the result of calling `frame.insert` many times, which has poor performance.  Consider joining all columns at once using pd.concat(axis=1) instead. To get a de-fragmented frame, use `newframe = frame.copy()`
  Z[c + "_na"] = X.loc[mask, c].isna().astype(float)
E:\MyFantasyFootball\sim_lab\backtest_context_model.py:77: PerformanceWarning: DataFrame is highly fragmented.  This is usually the result of calling `frame.insert` many times, which has poor performance.  Consider joining all columns at once using pd.concat(axis=1) instead. To get a de-fragmented frame, use `newframe = frame.copy()`
  Z[c + "_na"] = X.loc[mask, c].isna().astype(float)
E:\MyFantasyFootball\sim_lab\backtest_context_model.py:77: PerformanceWarning: DataFrame is highly fragmented.  This is usually the result of calling `frame.insert` many times, which has poor performance.  Consider joining all columns at once using pd.concat(axis=1) instead. To get a de-fragmented frame, use `newframe = frame.copy()`
  Z[c + "_na"] = X.loc[mask, c].isna().astype(float)
E:\MyFantasyFootball\sim_lab\backtest_context_model.py:77: PerformanceWarning: DataFrame is highly fragmented.  This is usually the result of calling `frame.insert` many times, which has poor performance.  Consider joining all columns at once using pd.concat(axis=1) instead. To get a de-fragmented frame, use `newframe = frame.copy()`
  Z[c + "_na"] = X.loc[mask, c].isna().astype(float)
E:\MyFantasyFootball\sim_lab\backtest_context_model.py:77: PerformanceWarning: DataFrame is highly fragmented.  This is usually the result of calling `frame.insert` many times, which has poor performance.  Consider joining all columns at once using pd.concat(axis=1) instead. To get a de-fragmented frame, use `newframe = frame.copy()`
  Z[c + "_na"] = X.loc[mask, c].isna().astype(float)
E:\MyFantasyFootball\sim_lab\backtest_context_model.py:77: PerformanceWarning: DataFrame is highly fragmented.  This is usually the result of calling `frame.insert` many times, which has poor performance.  Consider joining all columns at once using pd.concat(axis=1) instead. To get a de-fragmented frame, use `newframe = frame.copy()`
  Z[c + "_na"] = X.loc[mask, c].isna().astype(float)
E:\MyFantasyFootball\sim_lab\backtest_context_model.py:77: PerformanceWarning: DataFrame is highly fragmented.  This is usually the result of calling `frame.insert` many times, which has poor performance.  Consider joining all columns at once using pd.concat(axis=1) instead. To get a de-fragmented frame, use `newframe = frame.copy()`
  Z[c + "_na"] = X.loc[mask, c].isna().astype(float)
E:\MyFantasyFootball\sim_lab\backtest_context_model.py:77: PerformanceWarning: DataFrame is highly fragmented.  This is usually the result of calling `frame.insert` many times, which has poor performance.  Consider joining all columns at once using pd.concat(axis=1) instead. To get a de-fragmented frame, use `newframe = frame.copy()`
  Z[c + "_na"] = X.loc[mask, c].isna().astype(float)
E:\MyFantasyFootball\sim_lab\backtest_context_model.py:77: PerformanceWarning: DataFrame is highly fragmented.  This is usually the result of calling `frame.insert` many times, which has poor performance.  Consider joining all columns at once using pd.concat(axis=1) instead. To get a de-fragmented frame, use `newframe = frame.copy()`
  Z[c + "_na"] = X.loc[mask, c].isna().astype(float)
E:\MyFantasyFootball\sim_lab\backtest_context_model.py:77: PerformanceWarning: DataFrame is highly fragmented.  This is usually the result of calling `frame.insert` many times, which has poor performance.  Consider joining all columns at once using pd.concat(axis=1) instead. To get a de-fragmented frame, use `newframe = frame.copy()`
  Z[c + "_na"] = X.loc[mask, c].isna().astype(float)
E:\MyFantasyFootball\sim_lab\backtest_context_model.py:77: PerformanceWarning: DataFrame is highly fragmented.  This is usually the result of calling `frame.insert` many times, which has poor performance.  Consider joining all columns at once using pd.concat(axis=1) instead. To get a de-fragmented frame, use `newframe = frame.copy()`
  Z[c + "_na"] = X.loc[mask, c].isna().astype(float)
E:\MyFantasyFootball\sim_lab\backtest_context_model.py:77: PerformanceWarning: DataFrame is highly fragmented.  This is usually the result of calling `frame.insert` many times, which has poor performance.  Consider joining all columns at once using pd.concat(axis=1) instead. To get a de-fragmented frame, use `newframe = frame.copy()`
  Z[c + "_na"] = X.loc[mask, c].isna().astype(float)
E:\MyFantasyFootball\sim_lab\backtest_context_model.py:77: PerformanceWarning: DataFrame is highly fragmented.  This is usually the result of calling `frame.insert` many times, which has poor performance.  Consider joining all columns at once using pd.concat(axis=1) instead. To get a de-fragmented frame, use `newframe = frame.copy()`
  Z[c + "_na"] = X.loc[mask, c].isna().astype(float)
E:\MyFantasyFootball\sim_lab\backtest_context_model.py:77: PerformanceWarning: DataFrame is highly fragmented.  This is usually the result of calling `frame.insert` many times, which has poor performance.  Consider joining all columns at once using pd.concat(axis=1) instead. To get a de-fragmented frame, use `newframe = frame.copy()`
  Z[c + "_na"] = X.loc[mask, c].isna().astype(float)
E:\MyFantasyFootball\sim_lab\backtest_context_model.py:77: PerformanceWarning: DataFrame is highly fragmented.  This is usually the result of calling `frame.insert` many times, which has poor performance.  Consider joining all columns at once using pd.concat(axis=1) instead. To get a de-fragmented frame, use `newframe = frame.copy()`
  Z[c + "_na"] = X.loc[mask, c].isna().astype(float)
E:\MyFantasyFootball\sim_lab\backtest_context_model.py:77: PerformanceWarning: DataFrame is highly fragmented.  This is usually the result of calling `frame.insert` many times, which has poor performance.  Consider joining all columns at once using pd.concat(axis=1) instead. To get a de-fragmented frame, use `newframe = frame.copy()`
  Z[c + "_na"] = X.loc[mask, c].isna().astype(float)
E:\MyFantasyFootball\sim_lab\backtest_context_model.py:77: PerformanceWarning: DataFrame is highly fragmented.  This is usually the result of calling `frame.insert` many times, which has poor performance.  Consider joining all columns at once using pd.concat(axis=1) instead. To get a de-fragmented frame, use `newframe = frame.copy()`
  Z[c + "_na"] = X.loc[mask, c].isna().astype(float)
E:\MyFantasyFootball\sim_lab\backtest_context_model.py:77: PerformanceWarning: DataFrame is highly fragmented.  This is usually the result of calling `frame.insert` many times, which has poor performance.  Consider joining all columns at once using pd.concat(axis=1) instead. To get a de-fragmented frame, use `newframe = frame.copy()`
  Z[c + "_na"] = X.loc[mask, c].isna().astype(float)
E:\MyFantasyFootball\sim_lab\backtest_context_model.py:77: PerformanceWarning: DataFrame is highly fragmented.  This is usually the result of calling `frame.insert` many times, which has poor performance.  Consider joining all columns at once using pd.concat(axis=1) instead. To get a de-fragmented frame, use `newframe = frame.copy()`
  Z[c + "_na"] = X.loc[mask, c].isna().astype(float)
E:\MyFantasyFootball\sim_lab\backtest_context_model.py:77: PerformanceWarning: DataFrame is highly fragmented.  This is usually the result of calling `frame.insert` many times, which has poor performance.  Consider joining all columns at once using pd.concat(axis=1) instead. To get a de-fragmented frame, use `newframe = frame.copy()`
  Z[c + "_na"] = X.loc[mask, c].isna().astype(float)
E:\MyFantasyFootball\sim_lab\backtest_context_model.py:77: PerformanceWarning: DataFrame is highly fragmented.  This is usually the result of calling `frame.insert` many times, which has poor performance.  Consider joining all columns at once using pd.concat(axis=1) instead. To get a de-fragmented frame, use `newframe = frame.copy()`
  Z[c + "_na"] = X.loc[mask, c].isna().astype(float)
E:\MyFantasyFootball\sim_lab\backtest_context_model.py:77: PerformanceWarning: DataFrame is highly fragmented.  This is usually the result of calling `frame.insert` many times, which has poor performance.  Consider joining all columns at once using pd.concat(axis=1) instead. To get a de-fragmented frame, use `newframe = frame.copy()`
  Z[c + "_na"] = X.loc[mask, c].isna().astype(float)
E:\MyFantasyFootball\sim_lab\backtest_context_model.py:77: PerformanceWarning: DataFrame is highly fragmented.  This is usually the result of calling `frame.insert` many times, which has poor performance.  Consider joining all columns at once using pd.concat(axis=1) instead. To get a de-fragmented frame, use `newframe = frame.copy()`
  Z[c + "_na"] = X.loc[mask, c].isna().astype(float)
E:\MyFantasyFootball\sim_lab\backtest_context_model.py:77: PerformanceWarning: DataFrame is highly fragmented.  This is usually the result of calling `frame.insert` many times, which has poor performance.  Consider joining all columns at once using pd.concat(axis=1) instead. To get a de-fragmented frame, use `newframe = frame.copy()`
  Z[c + "_na"] = X.loc[mask, c].isna().astype(float)
E:\MyFantasyFootball\sim_lab\backtest_context_model.py:77: PerformanceWarning: DataFrame is highly fragmented.  This is usually the result of calling `frame.insert` many times, which has poor performance.  Consider joining all columns at once using pd.concat(axis=1) instead. To get a de-fragmented frame, use `newframe = frame.copy()`
  Z[c + "_na"] = X.loc[mask, c].isna().astype(float)
E:\MyFantasyFootball\sim_lab\backtest_context_model.py:77: PerformanceWarning: DataFrame is highly fragmented.  This is usually the result of calling `frame.insert` many times, which has poor performance.  Consider joining all columns at once using pd.concat(axis=1) instead. To get a de-fragmented frame, use `newframe = frame.copy()`
  Z[c + "_na"] = X.loc[mask, c].isna().astype(float)
E:\MyFantasyFootball\sim_lab\backtest_context_model.py:77: PerformanceWarning: DataFrame is highly fragmented.  This is usually the result of calling `frame.insert` many times, which has poor performance.  Consider joining all columns at once using pd.concat(axis=1) instead. To get a de-fragmented frame, use `newframe = frame.copy()`
  Z[c + "_na"] = X.loc[mask, c].isna().astype(float)
E:\MyFantasyFootball\sim_lab\backtest_context_model.py:77: PerformanceWarning: DataFrame is highly fragmented.  This is usually the result of calling `frame.insert` many times, which has poor performance.  Consider joining all columns at once using pd.concat(axis=1) instead. To get a de-fragmented frame, use `newframe = frame.copy()`
  Z[c + "_na"] = X.loc[mask, c].isna().astype(float)
E:\MyFantasyFootball\sim_lab\backtest_context_model.py:77: PerformanceWarning: DataFrame is highly fragmented.  This is usually the result of calling `frame.insert` many times, which has poor performance.  Consider joining all columns at once using pd.concat(axis=1) instead. To get a de-fragmented frame, use `newframe = frame.copy()`
  Z[c + "_na"] = X.loc[mask, c].isna().astype(float)
E:\MyFantasyFootball\sim_lab\backtest_context_model.py:77: PerformanceWarning: DataFrame is highly fragmented.  This is usually the result of calling `frame.insert` many times, which has poor performance.  Consider joining all columns at once using pd.concat(axis=1) instead. To get a de-fragmented frame, use `newframe = frame.copy()`
  Z[c + "_na"] = X.loc[mask, c].isna().astype(float)
E:\MyFantasyFootball\sim_lab\backtest_context_model.py:77: PerformanceWarning: DataFrame is highly fragmented.  This is usually the result of calling `frame.insert` many times, which has poor performance.  Consider joining all columns at once using pd.concat(axis=1) instead. To get a de-fragmented frame, use `newframe = frame.copy()`
  Z[c + "_na"] = X.loc[mask, c].isna().astype(float)
E:\MyFantasyFootball\sim_lab\backtest_context_model.py:77: PerformanceWarning: DataFrame is highly fragmented.  This is usually the result of calling `frame.insert` many times, which has poor performance.  Consider joining all columns at once using pd.concat(axis=1) instead. To get a de-fragmented frame, use `newframe = frame.copy()`
  Z[c + "_na"] = X.loc[mask, c].isna().astype(float)
E:\MyFantasyFootball\sim_lab\backtest_context_model.py:77: PerformanceWarning: DataFrame is highly fragmented.  This is usually the result of calling `frame.insert` many times, which has poor performance.  Consider joining all columns at once using pd.concat(axis=1) instead. To get a de-fragmented frame, use `newframe = frame.copy()`
  Z[c + "_na"] = X.loc[mask, c].isna().astype(float)
E:\MyFantasyFootball\sim_lab\backtest_context_model.py:77: PerformanceWarning: DataFrame is highly fragmented.  This is usually the result of calling `frame.insert` many times, which has poor performance.  Consider joining all columns at once using pd.concat(axis=1) instead. To get a de-fragmented frame, use `newframe = frame.copy()`
  Z[c + "_na"] = X.loc[mask, c].isna().astype(float)
E:\MyFantasyFootball\sim_lab\backtest_context_model.py:77: PerformanceWarning: DataFrame is highly fragmented.  This is usually the result of calling `frame.insert` many times, which has poor performance.  Consider joining all columns at once using pd.concat(axis=1) instead. To get a de-fragmented frame, use `newframe = frame.copy()`
  Z[c + "_na"] = X.loc[mask, c].isna().astype(float)
  2019: n 1796 | base2 44.909 | GBM 44.577 (k 1.0, 145 rounds) | CAL 44.546 (k 1.0) | RIDGE 44.929 (k 1.0) (2s)
E:\MyFantasyFootball\sim_lab\backtest_context_model.py:77: PerformanceWarning: DataFrame is highly fragmented.  This is usually the result of calling `frame.insert` many times, which has poor performance.  Consider joining all columns at once using pd.concat(axis=1) instead. To get a de-fragmented frame, use `newframe = frame.copy()`
  Z[c + "_na"] = X.loc[mask, c].isna().astype(float)
E:\MyFantasyFootball\sim_lab\backtest_context_model.py:77: PerformanceWarning: DataFrame is highly fragmented.  This is usually the result of calling `frame.insert` many times, which has poor performance.  Consider joining all columns at once using pd.concat(axis=1) instead. To get a de-fragmented frame, use `newframe = frame.copy()`
  Z[c + "_na"] = X.loc[mask, c].isna().astype(float)
E:\MyFantasyFootball\sim_lab\backtest_context_model.py:77: PerformanceWarning: DataFrame is highly fragmented.  This is usually the result of calling `frame.insert` many times, which has poor performance.  Consider joining all columns at once using pd.concat(axis=1) instead. To get a de-fragmented frame, use `newframe = frame.copy()`
  Z[c + "_na"] = X.loc[mask, c].isna().astype(float)
E:\MyFantasyFootball\sim_lab\backtest_context_model.py:77: PerformanceWarning: DataFrame is highly fragmented.  This is usually the result of calling `frame.insert` many times, which has poor performance.  Consider joining all columns at once using pd.concat(axis=1) instead. To get a de-fragmented frame, use `newframe = frame.copy()`
  Z[c + "_na"] = X.loc[mask, c].isna().astype(float)
E:\MyFantasyFootball\sim_lab\backtest_context_model.py:77: PerformanceWarning: DataFrame is highly fragmented.  This is usually the result of calling `frame.insert` many times, which has poor performance.  Consider joining all columns at once using pd.concat(axis=1) instead. To get a de-fragmented frame, use `newframe = frame.copy()`
  Z[c + "_na"] = X.loc[mask, c].isna().astype(float)
E:\MyFantasyFootball\sim_lab\backtest_context_model.py:77: PerformanceWarning: DataFrame is highly fragmented.  This is usually the result of calling `frame.insert` many times, which has poor performance.  Consider joining all columns at once using pd.concat(axis=1) instead. To get a de-fragmented frame, use `newframe = frame.copy()`
  Z[c + "_na"] = X.loc[mask, c].isna().astype(float)
E:\MyFantasyFootball\sim_lab\backtest_context_model.py:77: PerformanceWarning: DataFrame is highly fragmented.  This is usually the result of calling `frame.insert` many times, which has poor performance.  Consider joining all columns at once using pd.concat(axis=1) instead. To get a de-fragmented frame, use `newframe = frame.copy()`
  Z[c + "_na"] = X.loc[mask, c].isna().astype(float)
E:\MyFantasyFootball\sim_lab\backtest_context_model.py:77: PerformanceWarning: DataFrame is highly fragmented.  This is usually the result of calling `frame.insert` many times, which has poor performance.  Consider joining all columns at once using pd.concat(axis=1) instead. To get a de-fragmented frame, use `newframe = frame.copy()`
  Z[c + "_na"] = X.loc[mask, c].isna().astype(float)
E:\MyFantasyFootball\sim_lab\backtest_context_model.py:77: PerformanceWarning: DataFrame is highly fragmented.  This is usually the result of calling `frame.insert` many times, which has poor performance.  Consider joining all columns at once using pd.concat(axis=1) instead. To get a de-fragmented frame, use `newframe = frame.copy()`
  Z[c + "_na"] = X.loc[mask, c].isna().astype(float)
E:\MyFantasyFootball\sim_lab\backtest_context_model.py:77: PerformanceWarning: DataFrame is highly fragmented.  This is usually the result of calling `frame.insert` many times, which has poor performance.  Consider joining all columns at once using pd.concat(axis=1) instead. To get a de-fragmented frame, use `newframe = frame.copy()`
  Z[c + "_na"] = X.loc[mask, c].isna().astype(float)
E:\MyFantasyFootball\sim_lab\backtest_context_model.py:77: PerformanceWarning: DataFrame is highly fragmented.  This is usually the result of calling `frame.insert` many times, which has poor performance.  Consider joining all columns at once using pd.concat(axis=1) instead. To get a de-fragmented frame, use `newframe = frame.copy()`
  Z[c + "_na"] = X.loc[mask, c].isna().astype(float)
E:\MyFantasyFootball\sim_lab\backtest_context_model.py:77: PerformanceWarning: DataFrame is highly fragmented.  This is usually the result of calling `frame.insert` many times, which has poor performance.  Consider joining all columns at once using pd.concat(axis=1) instead. To get a de-fragmented frame, use `newframe = frame.copy()`
  Z[c + "_na"] = X.loc[mask, c].isna().astype(float)
E:\MyFantasyFootball\sim_lab\backtest_context_model.py:77: PerformanceWarning: DataFrame is highly fragmented.  This is usually the result of calling `frame.insert` many times, which has poor performance.  Consider joining all columns at once using pd.concat(axis=1) instead. To get a de-fragmented frame, use `newframe = frame.copy()`
  Z[c + "_na"] = X.loc[mask, c].isna().astype(float)
E:\MyFantasyFootball\sim_lab\backtest_context_model.py:77: PerformanceWarning: DataFrame is highly fragmented.  This is usually the result of calling `frame.insert` many times, which has poor performance.  Consider joining all columns at once using pd.concat(axis=1) instead. To get a de-fragmented frame, use `newframe = frame.copy()`
  Z[c + "_na"] = X.loc[mask, c].isna().astype(float)
E:\MyFantasyFootball\sim_lab\backtest_context_model.py:77: PerformanceWarning: DataFrame is highly fragmented.  This is usually the result of calling `frame.insert` many times, which has poor performance.  Consider joining all columns at once using pd.concat(axis=1) instead. To get a de-fragmented frame, use `newframe = frame.copy()`
  Z[c + "_na"] = X.loc[mask, c].isna().astype(float)
E:\MyFantasyFootball\sim_lab\backtest_context_model.py:77: PerformanceWarning: DataFrame is highly fragmented.  This is usually the result of calling `frame.insert` many times, which has poor performance.  Consider joining all columns at once using pd.concat(axis=1) instead. To get a de-fragmented frame, use `newframe = frame.copy()`
  Z[c + "_na"] = X.loc[mask, c].isna().astype(float)
E:\MyFantasyFootball\sim_lab\backtest_context_model.py:77: PerformanceWarning: DataFrame is highly fragmented.  This is usually the result of calling `frame.insert` many times, which has poor performance.  Consider joining all columns at once using pd.concat(axis=1) instead. To get a de-fragmented frame, use `newframe = frame.copy()`
  Z[c + "_na"] = X.loc[mask, c].isna().astype(float)
E:\MyFantasyFootball\sim_lab\backtest_context_model.py:77: PerformanceWarning: DataFrame is highly fragmented.  This is usually the result of calling `frame.insert` many times, which has poor performance.  Consider joining all columns at once using pd.concat(axis=1) instead. To get a de-fragmented frame, use `newframe = frame.copy()`
  Z[c + "_na"] = X.loc[mask, c].isna().astype(float)
E:\MyFantasyFootball\sim_lab\backtest_context_model.py:77: PerformanceWarning: DataFrame is highly fragmented.  This is usually the result of calling `frame.insert` many times, which has poor performance.  Consider joining all columns at once using pd.concat(axis=1) instead. To get a de-fragmented frame, use `newframe = frame.copy()`
  Z[c + "_na"] = X.loc[mask, c].isna().astype(float)
E:\MyFantasyFootball\sim_lab\backtest_context_model.py:77: PerformanceWarning: DataFrame is highly fragmented.  This is usually the result of calling `frame.insert` many times, which has poor performance.  Consider joining all columns at once using pd.concat(axis=1) instead. To get a de-fragmented frame, use `newframe = frame.copy()`
  Z[c + "_na"] = X.loc[mask, c].isna().astype(float)
E:\MyFantasyFootball\sim_lab\backtest_context_model.py:77: PerformanceWarning: DataFrame is highly fragmented.  This is usually the result of calling `frame.insert` many times, which has poor performance.  Consider joining all columns at once using pd.concat(axis=1) instead. To get a de-fragmented frame, use `newframe = frame.copy()`
  Z[c + "_na"] = X.loc[mask, c].isna().astype(float)
E:\MyFantasyFootball\sim_lab\backtest_context_model.py:77: PerformanceWarning: DataFrame is highly fragmented.  This is usually the result of calling `frame.insert` many times, which has poor performance.  Consider joining all columns at once using pd.concat(axis=1) instead. To get a de-fragmented frame, use `newframe = frame.copy()`
  Z[c + "_na"] = X.loc[mask, c].isna().astype(float)
E:\MyFantasyFootball\sim_lab\backtest_context_model.py:77: PerformanceWarning: DataFrame is highly fragmented.  This is usually the result of calling `frame.insert` many times, which has poor performance.  Consider joining all columns at once using pd.concat(axis=1) instead. To get a de-fragmented frame, use `newframe = frame.copy()`
  Z[c + "_na"] = X.loc[mask, c].isna().astype(float)
E:\MyFantasyFootball\sim_lab\backtest_context_model.py:77: PerformanceWarning: DataFrame is highly fragmented.  This is usually the result of calling `frame.insert` many times, which has poor performance.  Consider joining all columns at once using pd.concat(axis=1) instead. To get a de-fragmented frame, use `newframe = frame.copy()`
  Z[c + "_na"] = X.loc[mask, c].isna().astype(float)
E:\MyFantasyFootball\sim_lab\backtest_context_model.py:77: PerformanceWarning: DataFrame is highly fragmented.  This is usually the result of calling `frame.insert` many times, which has poor performance.  Consider joining all columns at once using pd.concat(axis=1) instead. To get a de-fragmented frame, use `newframe = frame.copy()`
  Z[c + "_na"] = X.loc[mask, c].isna().astype(float)
E:\MyFantasyFootball\sim_lab\backtest_context_model.py:77: PerformanceWarning: DataFrame is highly fragmented.  This is usually the result of calling `frame.insert` many times, which has poor performance.  Consider joining all columns at once using pd.concat(axis=1) instead. To get a de-fragmented frame, use `newframe = frame.copy()`
  Z[c + "_na"] = X.loc[mask, c].isna().astype(float)
E:\MyFantasyFootball\sim_lab\backtest_context_model.py:77: PerformanceWarning: DataFrame is highly fragmented.  This is usually the result of calling `frame.insert` many times, which has poor performance.  Consider joining all columns at once using pd.concat(axis=1) instead. To get a de-fragmented frame, use `newframe = frame.copy()`
  Z[c + "_na"] = X.loc[mask, c].isna().astype(float)
E:\MyFantasyFootball\sim_lab\backtest_context_model.py:77: PerformanceWarning: DataFrame is highly fragmented.  This is usually the result of calling `frame.insert` many times, which has poor performance.  Consider joining all columns at once using pd.concat(axis=1) instead. To get a de-fragmented frame, use `newframe = frame.copy()`
  Z[c + "_na"] = X.loc[mask, c].isna().astype(float)
E:\MyFantasyFootball\sim_lab\backtest_context_model.py:77: PerformanceWarning: DataFrame is highly fragmented.  This is usually the result of calling `frame.insert` many times, which has poor performance.  Consider joining all columns at once using pd.concat(axis=1) instead. To get a de-fragmented frame, use `newframe = frame.copy()`
  Z[c + "_na"] = X.loc[mask, c].isna().astype(float)
E:\MyFantasyFootball\sim_lab\backtest_context_model.py:77: PerformanceWarning: DataFrame is highly fragmented.  This is usually the result of calling `frame.insert` many times, which has poor performance.  Consider joining all columns at once using pd.concat(axis=1) instead. To get a de-fragmented frame, use `newframe = frame.copy()`
  Z[c + "_na"] = X.loc[mask, c].isna().astype(float)
E:\MyFantasyFootball\sim_lab\backtest_context_model.py:77: PerformanceWarning: DataFrame is highly fragmented.  This is usually the result of calling `frame.insert` many times, which has poor performance.  Consider joining all columns at once using pd.concat(axis=1) instead. To get a de-fragmented frame, use `newframe = frame.copy()`
  Z[c + "_na"] = X.loc[mask, c].isna().astype(float)
E:\MyFantasyFootball\sim_lab\backtest_context_model.py:77: PerformanceWarning: DataFrame is highly fragmented.  This is usually the result of calling `frame.insert` many times, which has poor performance.  Consider joining all columns at once using pd.concat(axis=1) instead. To get a de-fragmented frame, use `newframe = frame.copy()`
  Z[c + "_na"] = X.loc[mask, c].isna().astype(float)
E:\MyFantasyFootball\sim_lab\backtest_context_model.py:77: PerformanceWarning: DataFrame is highly fragmented.  This is usually the result of calling `frame.insert` many times, which has poor performance.  Consider joining all columns at once using pd.concat(axis=1) instead. To get a de-fragmented frame, use `newframe = frame.copy()`
  Z[c + "_na"] = X.loc[mask, c].isna().astype(float)
E:\MyFantasyFootball\sim_lab\backtest_context_model.py:77: PerformanceWarning: DataFrame is highly fragmented.  This is usually the result of calling `frame.insert` many times, which has poor performance.  Consider joining all columns at once using pd.concat(axis=1) instead. To get a de-fragmented frame, use `newframe = frame.copy()`
  Z[c + "_na"] = X.loc[mask, c].isna().astype(float)
E:\MyFantasyFootball\sim_lab\backtest_context_model.py:77: PerformanceWarning: DataFrame is highly fragmented.  This is usually the result of calling `frame.insert` many times, which has poor performance.  Consider joining all columns at once using pd.concat(axis=1) instead. To get a de-fragmented frame, use `newframe = frame.copy()`
  Z[c + "_na"] = X.loc[mask, c].isna().astype(float)
E:\MyFantasyFootball\sim_lab\backtest_context_model.py:77: PerformanceWarning: DataFrame is highly fragmented.  This is usually the result of calling `frame.insert` many times, which has poor performance.  Consider joining all columns at once using pd.concat(axis=1) instead. To get a de-fragmented frame, use `newframe = frame.copy()`
  Z[c + "_na"] = X.loc[mask, c].isna().astype(float)
E:\MyFantasyFootball\sim_lab\backtest_context_model.py:77: PerformanceWarning: DataFrame is highly fragmented.  This is usually the result of calling `frame.insert` many times, which has poor performance.  Consider joining all columns at once using pd.concat(axis=1) instead. To get a de-fragmented frame, use `newframe = frame.copy()`
  Z[c + "_na"] = X.loc[mask, c].isna().astype(float)
E:\MyFantasyFootball\sim_lab\backtest_context_model.py:77: PerformanceWarning: DataFrame is highly fragmented.  This is usually the result of calling `frame.insert` many times, which has poor performance.  Consider joining all columns at once using pd.concat(axis=1) instead. To get a de-fragmented frame, use `newframe = frame.copy()`
  Z[c + "_na"] = X.loc[mask, c].isna().astype(float)
E:\MyFantasyFootball\sim_lab\backtest_context_model.py:77: PerformanceWarning: DataFrame is highly fragmented.  This is usually the result of calling `frame.insert` many times, which has poor performance.  Consider joining all columns at once using pd.concat(axis=1) instead. To get a de-fragmented frame, use `newframe = frame.copy()`
  Z[c + "_na"] = X.loc[mask, c].isna().astype(float)
E:\MyFantasyFootball\sim_lab\backtest_context_model.py:77: PerformanceWarning: DataFrame is highly fragmented.  This is usually the result of calling `frame.insert` many times, which has poor performance.  Consider joining all columns at once using pd.concat(axis=1) instead. To get a de-fragmented frame, use `newframe = frame.copy()`
  Z[c + "_na"] = X.loc[mask, c].isna().astype(float)
E:\MyFantasyFootball\sim_lab\backtest_context_model.py:77: PerformanceWarning: DataFrame is highly fragmented.  This is usually the result of calling `frame.insert` many times, which has poor performance.  Consider joining all columns at once using pd.concat(axis=1) instead. To get a de-fragmented frame, use `newframe = frame.copy()`
  Z[c + "_na"] = X.loc[mask, c].isna().astype(float)
E:\MyFantasyFootball\sim_lab\backtest_context_model.py:77: PerformanceWarning: DataFrame is highly fragmented.  This is usually the result of calling `frame.insert` many times, which has poor performance.  Consider joining all columns at once using pd.concat(axis=1) instead. To get a de-fragmented frame, use `newframe = frame.copy()`
  Z[c + "_na"] = X.loc[mask, c].isna().astype(float)
E:\MyFantasyFootball\sim_lab\backtest_context_model.py:77: PerformanceWarning: DataFrame is highly fragmented.  This is usually the result of calling `frame.insert` many times, which has poor performance.  Consider joining all columns at once using pd.concat(axis=1) instead. To get a de-fragmented frame, use `newframe = frame.copy()`
  Z[c + "_na"] = X.loc[mask, c].isna().astype(float)
E:\MyFantasyFootball\sim_lab\backtest_context_model.py:77: PerformanceWarning: DataFrame is highly fragmented.  This is usually the result of calling `frame.insert` many times, which has poor performance.  Consider joining all columns at once using pd.concat(axis=1) instead. To get a de-fragmented frame, use `newframe = frame.copy()`
  Z[c + "_na"] = X.loc[mask, c].isna().astype(float)
E:\MyFantasyFootball\sim_lab\backtest_context_model.py:77: PerformanceWarning: DataFrame is highly fragmented.  This is usually the result of calling `frame.insert` many times, which has poor performance.  Consider joining all columns at once using pd.concat(axis=1) instead. To get a de-fragmented frame, use `newframe = frame.copy()`
  Z[c + "_na"] = X.loc[mask, c].isna().astype(float)
E:\MyFantasyFootball\sim_lab\backtest_context_model.py:77: PerformanceWarning: DataFrame is highly fragmented.  This is usually the result of calling `frame.insert` many times, which has poor performance.  Consider joining all columns at once using pd.concat(axis=1) instead. To get a de-fragmented frame, use `newframe = frame.copy()`
  Z[c + "_na"] = X.loc[mask, c].isna().astype(float)
E:\MyFantasyFootball\sim_lab\backtest_context_model.py:77: PerformanceWarning: DataFrame is highly fragmented.  This is usually the result of calling `frame.insert` many times, which has poor performance.  Consider joining all columns at once using pd.concat(axis=1) instead. To get a de-fragmented frame, use `newframe = frame.copy()`
  Z[c + "_na"] = X.loc[mask, c].isna().astype(float)
E:\MyFantasyFootball\sim_lab\backtest_context_model.py:77: PerformanceWarning: DataFrame is highly fragmented.  This is usually the result of calling `frame.insert` many times, which has poor performance.  Consider joining all columns at once using pd.concat(axis=1) instead. To get a de-fragmented frame, use `newframe = frame.copy()`
  Z[c + "_na"] = X.loc[mask, c].isna().astype(float)
E:\MyFantasyFootball\sim_lab\backtest_context_model.py:77: PerformanceWarning: DataFrame is highly fragmented.  This is usually the result of calling `frame.insert` many times, which has poor performance.  Consider joining all columns at once using pd.concat(axis=1) instead. To get a de-fragmented frame, use `newframe = frame.copy()`
  Z[c + "_na"] = X.loc[mask, c].isna().astype(float)
E:\MyFantasyFootball\sim_lab\backtest_context_model.py:77: PerformanceWarning: DataFrame is highly fragmented.  This is usually the result of calling `frame.insert` many times, which has poor performance.  Consider joining all columns at once using pd.concat(axis=1) instead. To get a de-fragmented frame, use `newframe = frame.copy()`
  Z[c + "_na"] = X.loc[mask, c].isna().astype(float)
E:\MyFantasyFootball\sim_lab\backtest_context_model.py:77: PerformanceWarning: DataFrame is highly fragmented.  This is usually the result of calling `frame.insert` many times, which has poor performance.  Consider joining all columns at once using pd.concat(axis=1) instead. To get a de-fragmented frame, use `newframe = frame.copy()`
  Z[c + "_na"] = X.loc[mask, c].isna().astype(float)
E:\MyFantasyFootball\sim_lab\backtest_context_model.py:77: PerformanceWarning: DataFrame is highly fragmented.  This is usually the result of calling `frame.insert` many times, which has poor performance.  Consider joining all columns at once using pd.concat(axis=1) instead. To get a de-fragmented frame, use `newframe = frame.copy()`
  Z[c + "_na"] = X.loc[mask, c].isna().astype(float)
E:\MyFantasyFootball\sim_lab\backtest_context_model.py:77: PerformanceWarning: DataFrame is highly fragmented.  This is usually the result of calling `frame.insert` many times, which has poor performance.  Consider joining all columns at once using pd.concat(axis=1) instead. To get a de-fragmented frame, use `newframe = frame.copy()`
  Z[c + "_na"] = X.loc[mask, c].isna().astype(float)
E:\MyFantasyFootball\sim_lab\backtest_context_model.py:77: PerformanceWarning: DataFrame is highly fragmented.  This is usually the result of calling `frame.insert` many times, which has poor performance.  Consider joining all columns at once using pd.concat(axis=1) instead. To get a de-fragmented frame, use `newframe = frame.copy()`
  Z[c + "_na"] = X.loc[mask, c].isna().astype(float)
E:\MyFantasyFootball\sim_lab\backtest_context_model.py:77: PerformanceWarning: DataFrame is highly fragmented.  This is usually the result of calling `frame.insert` many times, which has poor performance.  Consider joining all columns at once using pd.concat(axis=1) instead. To get a de-fragmented frame, use `newframe = frame.copy()`
  Z[c + "_na"] = X.loc[mask, c].isna().astype(float)
E:\MyFantasyFootball\sim_lab\backtest_context_model.py:77: PerformanceWarning: DataFrame is highly fragmented.  This is usually the result of calling `frame.insert` many times, which has poor performance.  Consider joining all columns at once using pd.concat(axis=1) instead. To get a de-fragmented frame, use `newframe = frame.copy()`
  Z[c + "_na"] = X.loc[mask, c].isna().astype(float)
E:\MyFantasyFootball\sim_lab\backtest_context_model.py:77: PerformanceWarning: DataFrame is highly fragmented.  This is usually the result of calling `frame.insert` many times, which has poor performance.  Consider joining all columns at once using pd.concat(axis=1) instead. To get a de-fragmented frame, use `newframe = frame.copy()`
  Z[c + "_na"] = X.loc[mask, c].isna().astype(float)
E:\MyFantasyFootball\sim_lab\backtest_context_model.py:77: PerformanceWarning: DataFrame is highly fragmented.  This is usually the result of calling `frame.insert` many times, which has poor performance.  Consider joining all columns at once using pd.concat(axis=1) instead. To get a de-fragmented frame, use `newframe = frame.copy()`
  Z[c + "_na"] = X.loc[mask, c].isna().astype(float)
E:\MyFantasyFootball\sim_lab\backtest_context_model.py:77: PerformanceWarning: DataFrame is highly fragmented.  This is usually the result of calling `frame.insert` many times, which has poor performance.  Consider joining all columns at once using pd.concat(axis=1) instead. To get a de-fragmented frame, use `newframe = frame.copy()`
  Z[c + "_na"] = X.loc[mask, c].isna().astype(float)
E:\MyFantasyFootball\sim_lab\backtest_context_model.py:77: PerformanceWarning: DataFrame is highly fragmented.  This is usually the result of calling `frame.insert` many times, which has poor performance.  Consider joining all columns at once using pd.concat(axis=1) instead. To get a de-fragmented frame, use `newframe = frame.copy()`
  Z[c + "_na"] = X.loc[mask, c].isna().astype(float)
E:\MyFantasyFootball\sim_lab\backtest_context_model.py:77: PerformanceWarning: DataFrame is highly fragmented.  This is usually the result of calling `frame.insert` many times, which has poor performance.  Consider joining all columns at once using pd.concat(axis=1) instead. To get a de-fragmented frame, use `newframe = frame.copy()`
  Z[c + "_na"] = X.loc[mask, c].isna().astype(float)
E:\MyFantasyFootball\sim_lab\backtest_context_model.py:77: PerformanceWarning: DataFrame is highly fragmented.  This is usually the result of calling `frame.insert` many times, which has poor performance.  Consider joining all columns at once using pd.concat(axis=1) instead. To get a de-fragmented frame, use `newframe = frame.copy()`
  Z[c + "_na"] = X.loc[mask, c].isna().astype(float)
E:\MyFantasyFootball\sim_lab\backtest_context_model.py:77: PerformanceWarning: DataFrame is highly fragmented.  This is usually the result of calling `frame.insert` many times, which has poor performance.  Consider joining all columns at once using pd.concat(axis=1) instead. To get a de-fragmented frame, use `newframe = frame.copy()`
  Z[c + "_na"] = X.loc[mask, c].isna().astype(float)
E:\MyFantasyFootball\sim_lab\backtest_context_model.py:77: PerformanceWarning: DataFrame is highly fragmented.  This is usually the result of calling `frame.insert` many times, which has poor performance.  Consider joining all columns at once using pd.concat(axis=1) instead. To get a de-fragmented frame, use `newframe = frame.copy()`
  Z[c + "_na"] = X.loc[mask, c].isna().astype(float)
E:\MyFantasyFootball\sim_lab\backtest_context_model.py:77: PerformanceWarning: DataFrame is highly fragmented.  This is usually the result of calling `frame.insert` many times, which has poor performance.  Consider joining all columns at once using pd.concat(axis=1) instead. To get a de-fragmented frame, use `newframe = frame.copy()`
  Z[c + "_na"] = X.loc[mask, c].isna().astype(float)
E:\MyFantasyFootball\sim_lab\backtest_context_model.py:77: PerformanceWarning: DataFrame is highly fragmented.  This is usually the result of calling `frame.insert` many times, which has poor performance.  Consider joining all columns at once using pd.concat(axis=1) instead. To get a de-fragmented frame, use `newframe = frame.copy()`
  Z[c + "_na"] = X.loc[mask, c].isna().astype(float)
E:\MyFantasyFootball\sim_lab\backtest_context_model.py:77: PerformanceWarning: DataFrame is highly fragmented.  This is usually the result of calling `frame.insert` many times, which has poor performance.  Consider joining all columns at once using pd.concat(axis=1) instead. To get a de-fragmented frame, use `newframe = frame.copy()`
  Z[c + "_na"] = X.loc[mask, c].isna().astype(float)
E:\MyFantasyFootball\sim_lab\backtest_context_model.py:77: PerformanceWarning: DataFrame is highly fragmented.  This is usually the result of calling `frame.insert` many times, which has poor performance.  Consider joining all columns at once using pd.concat(axis=1) instead. To get a de-fragmented frame, use `newframe = frame.copy()`
  Z[c + "_na"] = X.loc[mask, c].isna().astype(float)
E:\MyFantasyFootball\sim_lab\backtest_context_model.py:77: PerformanceWarning: DataFrame is highly fragmented.  This is usually the result of calling `frame.insert` many times, which has poor performance.  Consider joining all columns at once using pd.concat(axis=1) instead. To get a de-fragmented frame, use `newframe = frame.copy()`
  Z[c + "_na"] = X.loc[mask, c].isna().astype(float)
E:\MyFantasyFootball\sim_lab\backtest_context_model.py:77: PerformanceWarning: DataFrame is highly fragmented.  This is usually the result of calling `frame.insert` many times, which has poor performance.  Consider joining all columns at once using pd.concat(axis=1) instead. To get a de-fragmented frame, use `newframe = frame.copy()`
  Z[c + "_na"] = X.loc[mask, c].isna().astype(float)
E:\MyFantasyFootball\sim_lab\backtest_context_model.py:77: PerformanceWarning: DataFrame is highly fragmented.  This is usually the result of calling `frame.insert` many times, which has poor performance.  Consider joining all columns at once using pd.concat(axis=1) instead. To get a de-fragmented frame, use `newframe = frame.copy()`
  Z[c + "_na"] = X.loc[mask, c].isna().astype(float)
E:\MyFantasyFootball\sim_lab\backtest_context_model.py:77: PerformanceWarning: DataFrame is highly fragmented.  This is usually the result of calling `frame.insert` many times, which has poor performance.  Consider joining all columns at once using pd.concat(axis=1) instead. To get a de-fragmented frame, use `newframe = frame.copy()`
  Z[c + "_na"] = X.loc[mask, c].isna().astype(float)
E:\MyFantasyFootball\sim_lab\backtest_context_model.py:77: PerformanceWarning: DataFrame is highly fragmented.  This is usually the result of calling `frame.insert` many times, which has poor performance.  Consider joining all columns at once using pd.concat(axis=1) instead. To get a de-fragmented frame, use `newframe = frame.copy()`
  Z[c + "_na"] = X.loc[mask, c].isna().astype(float)
E:\MyFantasyFootball\sim_lab\backtest_context_model.py:77: PerformanceWarning: DataFrame is highly fragmented.  This is usually the result of calling `frame.insert` many times, which has poor performance.  Consider joining all columns at once using pd.concat(axis=1) instead. To get a de-fragmented frame, use `newframe = frame.copy()`
  Z[c + "_na"] = X.loc[mask, c].isna().astype(float)
E:\MyFantasyFootball\sim_lab\backtest_context_model.py:77: PerformanceWarning: DataFrame is highly fragmented.  This is usually the result of calling `frame.insert` many times, which has poor performance.  Consider joining all columns at once using pd.concat(axis=1) instead. To get a de-fragmented frame, use `newframe = frame.copy()`
  Z[c + "_na"] = X.loc[mask, c].isna().astype(float)
E:\MyFantasyFootball\sim_lab\backtest_context_model.py:77: PerformanceWarning: DataFrame is highly fragmented.  This is usually the result of calling `frame.insert` many times, which has poor performance.  Consider joining all columns at once using pd.concat(axis=1) instead. To get a de-fragmented frame, use `newframe = frame.copy()`
  Z[c + "_na"] = X.loc[mask, c].isna().astype(float)
E:\MyFantasyFootball\sim_lab\backtest_context_model.py:77: PerformanceWarning: DataFrame is highly fragmented.  This is usually the result of calling `frame.insert` many times, which has poor performance.  Consider joining all columns at once using pd.concat(axis=1) instead. To get a de-fragmented frame, use `newframe = frame.copy()`
  Z[c + "_na"] = X.loc[mask, c].isna().astype(float)
E:\MyFantasyFootball\sim_lab\backtest_context_model.py:77: PerformanceWarning: DataFrame is highly fragmented.  This is usually the result of calling `frame.insert` many times, which has poor performance.  Consider joining all columns at once using pd.concat(axis=1) instead. To get a de-fragmented frame, use `newframe = frame.copy()`
  Z[c + "_na"] = X.loc[mask, c].isna().astype(float)
E:\MyFantasyFootball\sim_lab\backtest_context_model.py:77: PerformanceWarning: DataFrame is highly fragmented.  This is usually the result of calling `frame.insert` many times, which has poor performance.  Consider joining all columns at once using pd.concat(axis=1) instead. To get a de-fragmented frame, use `newframe = frame.copy()`
  Z[c + "_na"] = X.loc[mask, c].isna().astype(float)
E:\MyFantasyFootball\sim_lab\backtest_context_model.py:77: PerformanceWarning: DataFrame is highly fragmented.  This is usually the result of calling `frame.insert` many times, which has poor performance.  Consider joining all columns at once using pd.concat(axis=1) instead. To get a de-fragmented frame, use `newframe = frame.copy()`
  Z[c + "_na"] = X.loc[mask, c].isna().astype(float)
E:\MyFantasyFootball\sim_lab\backtest_context_model.py:77: PerformanceWarning: DataFrame is highly fragmented.  This is usually the result of calling `frame.insert` many times, which has poor performance.  Consider joining all columns at once using pd.concat(axis=1) instead. To get a de-fragmented frame, use `newframe = frame.copy()`
  Z[c + "_na"] = X.loc[mask, c].isna().astype(float)
E:\MyFantasyFootball\sim_lab\backtest_context_model.py:77: PerformanceWarning: DataFrame is highly fragmented.  This is usually the result of calling `frame.insert` many times, which has poor performance.  Consider joining all columns at once using pd.concat(axis=1) instead. To get a de-fragmented frame, use `newframe = frame.copy()`
  Z[c + "_na"] = X.loc[mask, c].isna().astype(float)
E:\MyFantasyFootball\sim_lab\backtest_context_model.py:77: PerformanceWarning: DataFrame is highly fragmented.  This is usually the result of calling `frame.insert` many times, which has poor performance.  Consider joining all columns at once using pd.concat(axis=1) instead. To get a de-fragmented frame, use `newframe = frame.copy()`
  Z[c + "_na"] = X.loc[mask, c].isna().astype(float)
E:\MyFantasyFootball\sim_lab\backtest_context_model.py:77: PerformanceWarning: DataFrame is highly fragmented.  This is usually the result of calling `frame.insert` many times, which has poor performance.  Consider joining all columns at once using pd.concat(axis=1) instead. To get a de-fragmented frame, use `newframe = frame.copy()`
  Z[c + "_na"] = X.loc[mask, c].isna().astype(float)
E:\MyFantasyFootball\sim_lab\backtest_context_model.py:77: PerformanceWarning: DataFrame is highly fragmented.  This is usually the result of calling `frame.insert` many times, which has poor performance.  Consider joining all columns at once using pd.concat(axis=1) instead. To get a de-fragmented frame, use `newframe = frame.copy()`
  Z[c + "_na"] = X.loc[mask, c].isna().astype(float)
E:\MyFantasyFootball\sim_lab\backtest_context_model.py:77: PerformanceWarning: DataFrame is highly fragmented.  This is usually the result of calling `frame.insert` many times, which has poor performance.  Consider joining all columns at once using pd.concat(axis=1) instead. To get a de-fragmented frame, use `newframe = frame.copy()`
  Z[c + "_na"] = X.loc[mask, c].isna().astype(float)
E:\MyFantasyFootball\sim_lab\backtest_context_model.py:77: PerformanceWarning: DataFrame is highly fragmented.  This is usually the result of calling `frame.insert` many times, which has poor performance.  Consider joining all columns at once using pd.concat(axis=1) instead. To get a de-fragmented frame, use `newframe = frame.copy()`
  Z[c + "_na"] = X.loc[mask, c].isna().astype(float)
E:\MyFantasyFootball\sim_lab\backtest_context_model.py:77: PerformanceWarning: DataFrame is highly fragmented.  This is usually the result of calling `frame.insert` many times, which has poor performance.  Consider joining all columns at once using pd.concat(axis=1) instead. To get a de-fragmented frame, use `newframe = frame.copy()`
  Z[c + "_na"] = X.loc[mask, c].isna().astype(float)
E:\MyFantasyFootball\sim_lab\backtest_context_model.py:77: PerformanceWarning: DataFrame is highly fragmented.  This is usually the result of calling `frame.insert` many times, which has poor performance.  Consider joining all columns at once using pd.concat(axis=1) instead. To get a de-fragmented frame, use `newframe = frame.copy()`
  Z[c + "_na"] = X.loc[mask, c].isna().astype(float)
E:\MyFantasyFootball\sim_lab\backtest_context_model.py:77: PerformanceWarning: DataFrame is highly fragmented.  This is usually the result of calling `frame.insert` many times, which has poor performance.  Consider joining all columns at once using pd.concat(axis=1) instead. To get a de-fragmented frame, use `newframe = frame.copy()`
  Z[c + "_na"] = X.loc[mask, c].isna().astype(float)
E:\MyFantasyFootball\sim_lab\backtest_context_model.py:77: PerformanceWarning: DataFrame is highly fragmented.  This is usually the result of calling `frame.insert` many times, which has poor performance.  Consider joining all columns at once using pd.concat(axis=1) instead. To get a de-fragmented frame, use `newframe = frame.copy()`
  Z[c + "_na"] = X.loc[mask, c].isna().astype(float)
E:\MyFantasyFootball\sim_lab\backtest_context_model.py:77: PerformanceWarning: DataFrame is highly fragmented.  This is usually the result of calling `frame.insert` many times, which has poor performance.  Consider joining all columns at once using pd.concat(axis=1) instead. To get a de-fragmented frame, use `newframe = frame.copy()`
  Z[c + "_na"] = X.loc[mask, c].isna().astype(float)
E:\MyFantasyFootball\sim_lab\backtest_context_model.py:77: PerformanceWarning: DataFrame is highly fragmented.  This is usually the result of calling `frame.insert` many times, which has poor performance.  Consider joining all columns at once using pd.concat(axis=1) instead. To get a de-fragmented frame, use `newframe = frame.copy()`
  Z[c + "_na"] = X.loc[mask, c].isna().astype(float)
E:\MyFantasyFootball\sim_lab\backtest_context_model.py:77: PerformanceWarning: DataFrame is highly fragmented.  This is usually the result of calling `frame.insert` many times, which has poor performance.  Consider joining all columns at once using pd.concat(axis=1) instead. To get a de-fragmented frame, use `newframe = frame.copy()`
  Z[c + "_na"] = X.loc[mask, c].isna().astype(float)
E:\MyFantasyFootball\sim_lab\backtest_context_model.py:77: PerformanceWarning: DataFrame is highly fragmented.  This is usually the result of calling `frame.insert` many times, which has poor performance.  Consider joining all columns at once using pd.concat(axis=1) instead. To get a de-fragmented frame, use `newframe = frame.copy()`
  Z[c + "_na"] = X.loc[mask, c].isna().astype(float)
E:\MyFantasyFootball\sim_lab\backtest_context_model.py:77: PerformanceWarning: DataFrame is highly fragmented.  This is usually the result of calling `frame.insert` many times, which has poor performance.  Consider joining all columns at once using pd.concat(axis=1) instead. To get a de-fragmented frame, use `newframe = frame.copy()`
  Z[c + "_na"] = X.loc[mask, c].isna().astype(float)
E:\MyFantasyFootball\sim_lab\backtest_context_model.py:77: PerformanceWarning: DataFrame is highly fragmented.  This is usually the result of calling `frame.insert` many times, which has poor performance.  Consider joining all columns at once using pd.concat(axis=1) instead. To get a de-fragmented frame, use `newframe = frame.copy()`
  Z[c + "_na"] = X.loc[mask, c].isna().astype(float)
E:\MyFantasyFootball\sim_lab\backtest_context_model.py:77: PerformanceWarning: DataFrame is highly fragmented.  This is usually the result of calling `frame.insert` many times, which has poor performance.  Consider joining all columns at once using pd.concat(axis=1) instead. To get a de-fragmented frame, use `newframe = frame.copy()`
  Z[c + "_na"] = X.loc[mask, c].isna().astype(float)
E:\MyFantasyFootball\sim_lab\backtest_context_model.py:77: PerformanceWarning: DataFrame is highly fragmented.  This is usually the result of calling `frame.insert` many times, which has poor performance.  Consider joining all columns at once using pd.concat(axis=1) instead. To get a de-fragmented frame, use `newframe = frame.copy()`
  Z[c + "_na"] = X.loc[mask, c].isna().astype(float)
E:\MyFantasyFootball\sim_lab\backtest_context_model.py:77: PerformanceWarning: DataFrame is highly fragmented.  This is usually the result of calling `frame.insert` many times, which has poor performance.  Consider joining all columns at once using pd.concat(axis=1) instead. To get a de-fragmented frame, use `newframe = frame.copy()`
  Z[c + "_na"] = X.loc[mask, c].isna().astype(float)
E:\MyFantasyFootball\sim_lab\backtest_context_model.py:77: PerformanceWarning: DataFrame is highly fragmented.  This is usually the result of calling `frame.insert` many times, which has poor performance.  Consider joining all columns at once using pd.concat(axis=1) instead. To get a de-fragmented frame, use `newframe = frame.copy()`
  Z[c + "_na"] = X.loc[mask, c].isna().astype(float)
E:\MyFantasyFootball\sim_lab\backtest_context_model.py:77: PerformanceWarning: DataFrame is highly fragmented.  This is usually the result of calling `frame.insert` many times, which has poor performance.  Consider joining all columns at once using pd.concat(axis=1) instead. To get a de-fragmented frame, use `newframe = frame.copy()`
  Z[c + "_na"] = X.loc[mask, c].isna().astype(float)
E:\MyFantasyFootball\sim_lab\backtest_context_model.py:77: PerformanceWarning: DataFrame is highly fragmented.  This is usually the result of calling `frame.insert` many times, which has poor performance.  Consider joining all columns at once using pd.concat(axis=1) instead. To get a de-fragmented frame, use `newframe = frame.copy()`
  Z[c + "_na"] = X.loc[mask, c].isna().astype(float)
E:\MyFantasyFootball\sim_lab\backtest_context_model.py:77: PerformanceWarning: DataFrame is highly fragmented.  This is usually the result of calling `frame.insert` many times, which has poor performance.  Consider joining all columns at once using pd.concat(axis=1) instead. To get a de-fragmented frame, use `newframe = frame.copy()`
  Z[c + "_na"] = X.loc[mask, c].isna().astype(float)
E:\MyFantasyFootball\sim_lab\backtest_context_model.py:77: PerformanceWarning: DataFrame is highly fragmented.  This is usually the result of calling `frame.insert` many times, which has poor performance.  Consider joining all columns at once using pd.concat(axis=1) instead. To get a de-fragmented frame, use `newframe = frame.copy()`
  Z[c + "_na"] = X.loc[mask, c].isna().astype(float)
E:\MyFantasyFootball\sim_lab\backtest_context_model.py:77: PerformanceWarning: DataFrame is highly fragmented.  This is usually the result of calling `frame.insert` many times, which has poor performance.  Consider joining all columns at once using pd.concat(axis=1) instead. To get a de-fragmented frame, use `newframe = frame.copy()`
  Z[c + "_na"] = X.loc[mask, c].isna().astype(float)
E:\MyFantasyFootball\sim_lab\backtest_context_model.py:77: PerformanceWarning: DataFrame is highly fragmented.  This is usually the result of calling `frame.insert` many times, which has poor performance.  Consider joining all columns at once using pd.concat(axis=1) instead. To get a de-fragmented frame, use `newframe = frame.copy()`
  Z[c + "_na"] = X.loc[mask, c].isna().astype(float)
E:\MyFantasyFootball\sim_lab\backtest_context_model.py:77: PerformanceWarning: DataFrame is highly fragmented.  This is usually the result of calling `frame.insert` many times, which has poor performance.  Consider joining all columns at once using pd.concat(axis=1) instead. To get a de-fragmented frame, use `newframe = frame.copy()`
  Z[c + "_na"] = X.loc[mask, c].isna().astype(float)
E:\MyFantasyFootball\sim_lab\backtest_context_model.py:77: PerformanceWarning: DataFrame is highly fragmented.  This is usually the result of calling `frame.insert` many times, which has poor performance.  Consider joining all columns at once using pd.concat(axis=1) instead. To get a de-fragmented frame, use `newframe = frame.copy()`
  Z[c + "_na"] = X.loc[mask, c].isna().astype(float)
E:\MyFantasyFootball\sim_lab\backtest_context_model.py:77: PerformanceWarning: DataFrame is highly fragmented.  This is usually the result of calling `frame.insert` many times, which has poor performance.  Consider joining all columns at once using pd.concat(axis=1) instead. To get a de-fragmented frame, use `newframe = frame.copy()`
  Z[c + "_na"] = X.loc[mask, c].isna().astype(float)
E:\MyFantasyFootball\sim_lab\backtest_context_model.py:77: PerformanceWarning: DataFrame is highly fragmented.  This is usually the result of calling `frame.insert` many times, which has poor performance.  Consider joining all columns at once using pd.concat(axis=1) instead. To get a de-fragmented frame, use `newframe = frame.copy()`
  Z[c + "_na"] = X.loc[mask, c].isna().astype(float)
E:\MyFantasyFootball\sim_lab\backtest_context_model.py:77: PerformanceWarning: DataFrame is highly fragmented.  This is usually the result of calling `frame.insert` many times, which has poor performance.  Consider joining all columns at once using pd.concat(axis=1) instead. To get a de-fragmented frame, use `newframe = frame.copy()`
  Z[c + "_na"] = X.loc[mask, c].isna().astype(float)
E:\MyFantasyFootball\sim_lab\backtest_context_model.py:77: PerformanceWarning: DataFrame is highly fragmented.  This is usually the result of calling `frame.insert` many times, which has poor performance.  Consider joining all columns at once using pd.concat(axis=1) instead. To get a de-fragmented frame, use `newframe = frame.copy()`
  Z[c + "_na"] = X.loc[mask, c].isna().astype(float)
E:\MyFantasyFootball\sim_lab\backtest_context_model.py:77: PerformanceWarning: DataFrame is highly fragmented.  This is usually the result of calling `frame.insert` many times, which has poor performance.  Consider joining all columns at once using pd.concat(axis=1) instead. To get a de-fragmented frame, use `newframe = frame.copy()`
  Z[c + "_na"] = X.loc[mask, c].isna().astype(float)
E:\MyFantasyFootball\sim_lab\backtest_context_model.py:77: PerformanceWarning: DataFrame is highly fragmented.  This is usually the result of calling `frame.insert` many times, which has poor performance.  Consider joining all columns at once using pd.concat(axis=1) instead. To get a de-fragmented frame, use `newframe = frame.copy()`
  Z[c + "_na"] = X.loc[mask, c].isna().astype(float)
E:\MyFantasyFootball\sim_lab\backtest_context_model.py:77: PerformanceWarning: DataFrame is highly fragmented.  This is usually the result of calling `frame.insert` many times, which has poor performance.  Consider joining all columns at once using pd.concat(axis=1) instead. To get a de-fragmented frame, use `newframe = frame.copy()`
  Z[c + "_na"] = X.loc[mask, c].isna().astype(float)
E:\MyFantasyFootball\sim_lab\backtest_context_model.py:77: PerformanceWarning: DataFrame is highly fragmented.  This is usually the result of calling `frame.insert` many times, which has poor performance.  Consider joining all columns at once using pd.concat(axis=1) instead. To get a de-fragmented frame, use `newframe = frame.copy()`
  Z[c + "_na"] = X.loc[mask, c].isna().astype(float)
E:\MyFantasyFootball\sim_lab\backtest_context_model.py:77: PerformanceWarning: DataFrame is highly fragmented.  This is usually the result of calling `frame.insert` many times, which has poor performance.  Consider joining all columns at once using pd.concat(axis=1) instead. To get a de-fragmented frame, use `newframe = frame.copy()`
  Z[c + "_na"] = X.loc[mask, c].isna().astype(float)
E:\MyFantasyFootball\sim_lab\backtest_context_model.py:77: PerformanceWarning: DataFrame is highly fragmented.  This is usually the result of calling `frame.insert` many times, which has poor performance.  Consider joining all columns at once using pd.concat(axis=1) instead. To get a de-fragmented frame, use `newframe = frame.copy()`
  Z[c + "_na"] = X.loc[mask, c].isna().astype(float)
E:\MyFantasyFootball\sim_lab\backtest_context_model.py:77: PerformanceWarning: DataFrame is highly fragmented.  This is usually the result of calling `frame.insert` many times, which has poor performance.  Consider joining all columns at once using pd.concat(axis=1) instead. To get a de-fragmented frame, use `newframe = frame.copy()`
  Z[c + "_na"] = X.loc[mask, c].isna().astype(float)
E:\MyFantasyFootball\sim_lab\backtest_context_model.py:77: PerformanceWarning: DataFrame is highly fragmented.  This is usually the result of calling `frame.insert` many times, which has poor performance.  Consider joining all columns at once using pd.concat(axis=1) instead. To get a de-fragmented frame, use `newframe = frame.copy()`
  Z[c + "_na"] = X.loc[mask, c].isna().astype(float)
E:\MyFantasyFootball\sim_lab\backtest_context_model.py:77: PerformanceWarning: DataFrame is highly fragmented.  This is usually the result of calling `frame.insert` many times, which has poor performance.  Consider joining all columns at once using pd.concat(axis=1) instead. To get a de-fragmented frame, use `newframe = frame.copy()`
  Z[c + "_na"] = X.loc[mask, c].isna().astype(float)
E:\MyFantasyFootball\sim_lab\backtest_context_model.py:77: PerformanceWarning: DataFrame is highly fragmented.  This is usually the result of calling `frame.insert` many times, which has poor performance.  Consider joining all columns at once using pd.concat(axis=1) instead. To get a de-fragmented frame, use `newframe = frame.copy()`
  Z[c + "_na"] = X.loc[mask, c].isna().astype(float)
E:\MyFantasyFootball\sim_lab\backtest_context_model.py:77: PerformanceWarning: DataFrame is highly fragmented.  This is usually the result of calling `frame.insert` many times, which has poor performance.  Consider joining all columns at once using pd.concat(axis=1) instead. To get a de-fragmented frame, use `newframe = frame.copy()`
  Z[c + "_na"] = X.loc[mask, c].isna().astype(float)
E:\MyFantasyFootball\sim_lab\backtest_context_model.py:77: PerformanceWarning: DataFrame is highly fragmented.  This is usually the result of calling `frame.insert` many times, which has poor performance.  Consider joining all columns at once using pd.concat(axis=1) instead. To get a de-fragmented frame, use `newframe = frame.copy()`
  Z[c + "_na"] = X.loc[mask, c].isna().astype(float)
E:\MyFantasyFootball\sim_lab\backtest_context_model.py:77: PerformanceWarning: DataFrame is highly fragmented.  This is usually the result of calling `frame.insert` many times, which has poor performance.  Consider joining all columns at once using pd.concat(axis=1) instead. To get a de-fragmented frame, use `newframe = frame.copy()`
  Z[c + "_na"] = X.loc[mask, c].isna().astype(float)
E:\MyFantasyFootball\sim_lab\backtest_context_model.py:77: PerformanceWarning: DataFrame is highly fragmented.  This is usually the result of calling `frame.insert` many times, which has poor performance.  Consider joining all columns at once using pd.concat(axis=1) instead. To get a de-fragmented frame, use `newframe = frame.copy()`
  Z[c + "_na"] = X.loc[mask, c].isna().astype(float)
E:\MyFantasyFootball\sim_lab\backtest_context_model.py:77: PerformanceWarning: DataFrame is highly fragmented.  This is usually the result of calling `frame.insert` many times, which has poor performance.  Consider joining all columns at once using pd.concat(axis=1) instead. To get a de-fragmented frame, use `newframe = frame.copy()`
  Z[c + "_na"] = X.loc[mask, c].isna().astype(float)
E:\MyFantasyFootball\sim_lab\backtest_context_model.py:77: PerformanceWarning: DataFrame is highly fragmented.  This is usually the result of calling `frame.insert` many times, which has poor performance.  Consider joining all columns at once using pd.concat(axis=1) instead. To get a de-fragmented frame, use `newframe = frame.copy()`
  Z[c + "_na"] = X.loc[mask, c].isna().astype(float)
E:\MyFantasyFootball\sim_lab\backtest_context_model.py:77: PerformanceWarning: DataFrame is highly fragmented.  This is usually the result of calling `frame.insert` many times, which has poor performance.  Consider joining all columns at once using pd.concat(axis=1) instead. To get a de-fragmented frame, use `newframe = frame.copy()`
  Z[c + "_na"] = X.loc[mask, c].isna().astype(float)
E:\MyFantasyFootball\sim_lab\backtest_context_model.py:77: PerformanceWarning: DataFrame is highly fragmented.  This is usually the result of calling `frame.insert` many times, which has poor performance.  Consider joining all columns at once using pd.concat(axis=1) instead. To get a de-fragmented frame, use `newframe = frame.copy()`
  Z[c + "_na"] = X.loc[mask, c].isna().astype(float)
E:\MyFantasyFootball\sim_lab\backtest_context_model.py:77: PerformanceWarning: DataFrame is highly fragmented.  This is usually the result of calling `frame.insert` many times, which has poor performance.  Consider joining all columns at once using pd.concat(axis=1) instead. To get a de-fragmented frame, use `newframe = frame.copy()`
  Z[c + "_na"] = X.loc[mask, c].isna().astype(float)
E:\MyFantasyFootball\sim_lab\backtest_context_model.py:77: PerformanceWarning: DataFrame is highly fragmented.  This is usually the result of calling `frame.insert` many times, which has poor performance.  Consider joining all columns at once using pd.concat(axis=1) instead. To get a de-fragmented frame, use `newframe = frame.copy()`
  Z[c + "_na"] = X.loc[mask, c].isna().astype(float)
E:\MyFantasyFootball\sim_lab\backtest_context_model.py:77: PerformanceWarning: DataFrame is highly fragmented.  This is usually the result of calling `frame.insert` many times, which has poor performance.  Consider joining all columns at once using pd.concat(axis=1) instead. To get a de-fragmented frame, use `newframe = frame.copy()`
  Z[c + "_na"] = X.loc[mask, c].isna().astype(float)
E:\MyFantasyFootball\sim_lab\backtest_context_model.py:77: PerformanceWarning: DataFrame is highly fragmented.  This is usually the result of calling `frame.insert` many times, which has poor performance.  Consider joining all columns at once using pd.concat(axis=1) instead. To get a de-fragmented frame, use `newframe = frame.copy()`
  Z[c + "_na"] = X.loc[mask, c].isna().astype(float)
E:\MyFantasyFootball\sim_lab\backtest_context_model.py:77: PerformanceWarning: DataFrame is highly fragmented.  This is usually the result of calling `frame.insert` many times, which has poor performance.  Consider joining all columns at once using pd.concat(axis=1) instead. To get a de-fragmented frame, use `newframe = frame.copy()`
  Z[c + "_na"] = X.loc[mask, c].isna().astype(float)
E:\MyFantasyFootball\sim_lab\backtest_context_model.py:77: PerformanceWarning: DataFrame is highly fragmented.  This is usually the result of calling `frame.insert` many times, which has poor performance.  Consider joining all columns at once using pd.concat(axis=1) instead. To get a de-fragmented frame, use `newframe = frame.copy()`
  Z[c + "_na"] = X.loc[mask, c].isna().astype(float)
E:\MyFantasyFootball\sim_lab\backtest_context_model.py:77: PerformanceWarning: DataFrame is highly fragmented.  This is usually the result of calling `frame.insert` many times, which has poor performance.  Consider joining all columns at once using pd.concat(axis=1) instead. To get a de-fragmented frame, use `newframe = frame.copy()`
  Z[c + "_na"] = X.loc[mask, c].isna().astype(float)
E:\MyFantasyFootball\sim_lab\backtest_context_model.py:77: PerformanceWarning: DataFrame is highly fragmented.  This is usually the result of calling `frame.insert` many times, which has poor performance.  Consider joining all columns at once using pd.concat(axis=1) instead. To get a de-fragmented frame, use `newframe = frame.copy()`
  Z[c + "_na"] = X.loc[mask, c].isna().astype(float)
E:\MyFantasyFootball\sim_lab\backtest_context_model.py:77: PerformanceWarning: DataFrame is highly fragmented.  This is usually the result of calling `frame.insert` many times, which has poor performance.  Consider joining all columns at once using pd.concat(axis=1) instead. To get a de-fragmented frame, use `newframe = frame.copy()`
  Z[c + "_na"] = X.loc[mask, c].isna().astype(float)
E:\MyFantasyFootball\sim_lab\backtest_context_model.py:77: PerformanceWarning: DataFrame is highly fragmented.  This is usually the result of calling `frame.insert` many times, which has poor performance.  Consider joining all columns at once using pd.concat(axis=1) instead. To get a de-fragmented frame, use `newframe = frame.copy()`
  Z[c + "_na"] = X.loc[mask, c].isna().astype(float)
E:\MyFantasyFootball\sim_lab\backtest_context_model.py:77: PerformanceWarning: DataFrame is highly fragmented.  This is usually the result of calling `frame.insert` many times, which has poor performance.  Consider joining all columns at once using pd.concat(axis=1) instead. To get a de-fragmented frame, use `newframe = frame.copy()`
  Z[c + "_na"] = X.loc[mask, c].isna().astype(float)
E:\MyFantasyFootball\sim_lab\backtest_context_model.py:77: PerformanceWarning: DataFrame is highly fragmented.  This is usually the result of calling `frame.insert` many times, which has poor performance.  Consider joining all columns at once using pd.concat(axis=1) instead. To get a de-fragmented frame, use `newframe = frame.copy()`
  Z[c + "_na"] = X.loc[mask, c].isna().astype(float)
E:\MyFantasyFootball\sim_lab\backtest_context_model.py:77: PerformanceWarning: DataFrame is highly fragmented.  This is usually the result of calling `frame.insert` many times, which has poor performance.  Consider joining all columns at once using pd.concat(axis=1) instead. To get a de-fragmented frame, use `newframe = frame.copy()`
  Z[c + "_na"] = X.loc[mask, c].isna().astype(float)
  2020: n 1935 | base2 44.928 | GBM 43.969 (k 0.75, 196 rounds) | CAL 44.279 (k 1.0) | RIDGE 44.175 (k 0.75) (5s)
E:\MyFantasyFootball\sim_lab\backtest_context_model.py:77: PerformanceWarning: DataFrame is highly fragmented.  This is usually the result of calling `frame.insert` many times, which has poor performance.  Consider joining all columns at once using pd.concat(axis=1) instead. To get a de-fragmented frame, use `newframe = frame.copy()`
  Z[c + "_na"] = X.loc[mask, c].isna().astype(float)
E:\MyFantasyFootball\sim_lab\backtest_context_model.py:77: PerformanceWarning: DataFrame is highly fragmented.  This is usually the result of calling `frame.insert` many times, which has poor performance.  Consider joining all columns at once using pd.concat(axis=1) instead. To get a de-fragmented frame, use `newframe = frame.copy()`
  Z[c + "_na"] = X.loc[mask, c].isna().astype(float)
E:\MyFantasyFootball\sim_lab\backtest_context_model.py:77: PerformanceWarning: DataFrame is highly fragmented.  This is usually the result of calling `frame.insert` many times, which has poor performance.  Consider joining all columns at once using pd.concat(axis=1) instead. To get a de-fragmented frame, use `newframe = frame.copy()`
  Z[c + "_na"] = X.loc[mask, c].isna().astype(float)
E:\MyFantasyFootball\sim_lab\backtest_context_model.py:77: PerformanceWarning: DataFrame is highly fragmented.  This is usually the result of calling `frame.insert` many times, which has poor performance.  Consider joining all columns at once using pd.concat(axis=1) instead. To get a de-fragmented frame, use `newframe = frame.copy()`
  Z[c + "_na"] = X.loc[mask, c].isna().astype(float)
E:\MyFantasyFootball\sim_lab\backtest_context_model.py:77: PerformanceWarning: DataFrame is highly fragmented.  This is usually the result of calling `frame.insert` many times, which has poor performance.  Consider joining all columns at once using pd.concat(axis=1) instead. To get a de-fragmented frame, use `newframe = frame.copy()`
  Z[c + "_na"] = X.loc[mask, c].isna().astype(float)
E:\MyFantasyFootball\sim_lab\backtest_context_model.py:77: PerformanceWarning: DataFrame is highly fragmented.  This is usually the result of calling `frame.insert` many times, which has poor performance.  Consider joining all columns at once using pd.concat(axis=1) instead. To get a de-fragmented frame, use `newframe = frame.copy()`
  Z[c + "_na"] = X.loc[mask, c].isna().astype(float)
E:\MyFantasyFootball\sim_lab\backtest_context_model.py:77: PerformanceWarning: DataFrame is highly fragmented.  This is usually the result of calling `frame.insert` many times, which has poor performance.  Consider joining all columns at once using pd.concat(axis=1) instead. To get a de-fragmented frame, use `newframe = frame.copy()`
  Z[c + "_na"] = X.loc[mask, c].isna().astype(float)
E:\MyFantasyFootball\sim_lab\backtest_context_model.py:77: PerformanceWarning: DataFrame is highly fragmented.  This is usually the result of calling `frame.insert` many times, which has poor performance.  Consider joining all columns at once using pd.concat(axis=1) instead. To get a de-fragmented frame, use `newframe = frame.copy()`
  Z[c + "_na"] = X.loc[mask, c].isna().astype(float)
E:\MyFantasyFootball\sim_lab\backtest_context_model.py:77: PerformanceWarning: DataFrame is highly fragmented.  This is usually the result of calling `frame.insert` many times, which has poor performance.  Consider joining all columns at once using pd.concat(axis=1) instead. To get a de-fragmented frame, use `newframe = frame.copy()`
  Z[c + "_na"] = X.loc[mask, c].isna().astype(float)
E:\MyFantasyFootball\sim_lab\backtest_context_model.py:77: PerformanceWarning: DataFrame is highly fragmented.  This is usually the result of calling `frame.insert` many times, which has poor performance.  Consider joining all columns at once using pd.concat(axis=1) instead. To get a de-fragmented frame, use `newframe = frame.copy()`
  Z[c + "_na"] = X.loc[mask, c].isna().astype(float)
E:\MyFantasyFootball\sim_lab\backtest_context_model.py:77: PerformanceWarning: DataFrame is highly fragmented.  This is usually the result of calling `frame.insert` many times, which has poor performance.  Consider joining all columns at once using pd.concat(axis=1) instead. To get a de-fragmented frame, use `newframe = frame.copy()`
  Z[c + "_na"] = X.loc[mask, c].isna().astype(float)
E:\MyFantasyFootball\sim_lab\backtest_context_model.py:77: PerformanceWarning: DataFrame is highly fragmented.  This is usually the result of calling `frame.insert` many times, which has poor performance.  Consider joining all columns at once using pd.concat(axis=1) instead. To get a de-fragmented frame, use `newframe = frame.copy()`
  Z[c + "_na"] = X.loc[mask, c].isna().astype(float)
E:\MyFantasyFootball\sim_lab\backtest_context_model.py:77: PerformanceWarning: DataFrame is highly fragmented.  This is usually the result of calling `frame.insert` many times, which has poor performance.  Consider joining all columns at once using pd.concat(axis=1) instead. To get a de-fragmented frame, use `newframe = frame.copy()`
  Z[c + "_na"] = X.loc[mask, c].isna().astype(float)
E:\MyFantasyFootball\sim_lab\backtest_context_model.py:77: PerformanceWarning: DataFrame is highly fragmented.  This is usually the result of calling `frame.insert` many times, which has poor performance.  Consider joining all columns at once using pd.concat(axis=1) instead. To get a de-fragmented frame, use `newframe = frame.copy()`
  Z[c + "_na"] = X.loc[mask, c].isna().astype(float)
E:\MyFantasyFootball\sim_lab\backtest_context_model.py:77: PerformanceWarning: DataFrame is highly fragmented.  This is usually the result of calling `frame.insert` many times, which has poor performance.  Consider joining all columns at once using pd.concat(axis=1) instead. To get a de-fragmented frame, use `newframe = frame.copy()`
  Z[c + "_na"] = X.loc[mask, c].isna().astype(float)
E:\MyFantasyFootball\sim_lab\backtest_context_model.py:77: PerformanceWarning: DataFrame is highly fragmented.  This is usually the result of calling `frame.insert` many times, which has poor performance.  Consider joining all columns at once using pd.concat(axis=1) instead. To get a de-fragmented frame, use `newframe = frame.copy()`
  Z[c + "_na"] = X.loc[mask, c].isna().astype(float)
E:\MyFantasyFootball\sim_lab\backtest_context_model.py:77: PerformanceWarning: DataFrame is highly fragmented.  This is usually the result of calling `frame.insert` many times, which has poor performance.  Consider joining all columns at once using pd.concat(axis=1) instead. To get a de-fragmented frame, use `newframe = frame.copy()`
  Z[c + "_na"] = X.loc[mask, c].isna().astype(float)
E:\MyFantasyFootball\sim_lab\backtest_context_model.py:77: PerformanceWarning: DataFrame is highly fragmented.  This is usually the result of calling `frame.insert` many times, which has poor performance.  Consider joining all columns at once using pd.concat(axis=1) instead. To get a de-fragmented frame, use `newframe = frame.copy()`
  Z[c + "_na"] = X.loc[mask, c].isna().astype(float)
E:\MyFantasyFootball\sim_lab\backtest_context_model.py:77: PerformanceWarning: DataFrame is highly fragmented.  This is usually the result of calling `frame.insert` many times, which has poor performance.  Consider joining all columns at once using pd.concat(axis=1) instead. To get a de-fragmented frame, use `newframe = frame.copy()`
  Z[c + "_na"] = X.loc[mask, c].isna().astype(float)
E:\MyFantasyFootball\sim_lab\backtest_context_model.py:77: PerformanceWarning: DataFrame is highly fragmented.  This is usually the result of calling `frame.insert` many times, which has poor performance.  Consider joining all columns at once using pd.concat(axis=1) instead. To get a de-fragmented frame, use `newframe = frame.copy()`
  Z[c + "_na"] = X.loc[mask, c].isna().astype(float)
E:\MyFantasyFootball\sim_lab\backtest_context_model.py:77: PerformanceWarning: DataFrame is highly fragmented.  This is usually the result of calling `frame.insert` many times, which has poor performance.  Consider joining all columns at once using pd.concat(axis=1) instead. To get a de-fragmented frame, use `newframe = frame.copy()`
  Z[c + "_na"] = X.loc[mask, c].isna().astype(float)
E:\MyFantasyFootball\sim_lab\backtest_context_model.py:77: PerformanceWarning: DataFrame is highly fragmented.  This is usually the result of calling `frame.insert` many times, which has poor performance.  Consider joining all columns at once using pd.concat(axis=1) instead. To get a de-fragmented frame, use `newframe = frame.copy()`
  Z[c + "_na"] = X.loc[mask, c].isna().astype(float)
E:\MyFantasyFootball\sim_lab\backtest_context_model.py:77: PerformanceWarning: DataFrame is highly fragmented.  This is usually the result of calling `frame.insert` many times, which has poor performance.  Consider joining all columns at once using pd.concat(axis=1) instead. To get a de-fragmented frame, use `newframe = frame.copy()`
  Z[c + "_na"] = X.loc[mask, c].isna().astype(float)
E:\MyFantasyFootball\sim_lab\backtest_context_model.py:77: PerformanceWarning: DataFrame is highly fragmented.  This is usually the result of calling `frame.insert` many times, which has poor performance.  Consider joining all columns at once using pd.concat(axis=1) instead. To get a de-fragmented frame, use `newframe = frame.copy()`
  Z[c + "_na"] = X.loc[mask, c].isna().astype(float)
E:\MyFantasyFootball\sim_lab\backtest_context_model.py:77: PerformanceWarning: DataFrame is highly fragmented.  This is usually the result of calling `frame.insert` many times, which has poor performance.  Consider joining all columns at once using pd.concat(axis=1) instead. To get a de-fragmented frame, use `newframe = frame.copy()`
  Z[c + "_na"] = X.loc[mask, c].isna().astype(float)
E:\MyFantasyFootball\sim_lab\backtest_context_model.py:77: PerformanceWarning: DataFrame is highly fragmented.  This is usually the result of calling `frame.insert` many times, which has poor performance.  Consider joining all columns at once using pd.concat(axis=1) instead. To get a de-fragmented frame, use `newframe = frame.copy()`
  Z[c + "_na"] = X.loc[mask, c].isna().astype(float)
E:\MyFantasyFootball\sim_lab\backtest_context_model.py:77: PerformanceWarning: DataFrame is highly fragmented.  This is usually the result of calling `frame.insert` many times, which has poor performance.  Consider joining all columns at once using pd.concat(axis=1) instead. To get a de-fragmented frame, use `newframe = frame.copy()`
  Z[c + "_na"] = X.loc[mask, c].isna().astype(float)
E:\MyFantasyFootball\sim_lab\backtest_context_model.py:77: PerformanceWarning: DataFrame is highly fragmented.  This is usually the result of calling `frame.insert` many times, which has poor performance.  Consider joining all columns at once using pd.concat(axis=1) instead. To get a de-fragmented frame, use `newframe = frame.copy()`
  Z[c + "_na"] = X.loc[mask, c].isna().astype(float)
E:\MyFantasyFootball\sim_lab\backtest_context_model.py:77: PerformanceWarning: DataFrame is highly fragmented.  This is usually the result of calling `frame.insert` many times, which has poor performance.  Consider joining all columns at once using pd.concat(axis=1) instead. To get a de-fragmented frame, use `newframe = frame.copy()`
  Z[c + "_na"] = X.loc[mask, c].isna().astype(float)
E:\MyFantasyFootball\sim_lab\backtest_context_model.py:77: PerformanceWarning: DataFrame is highly fragmented.  This is usually the result of calling `frame.insert` many times, which has poor performance.  Consider joining all columns at once using pd.concat(axis=1) instead. To get a de-fragmented frame, use `newframe = frame.copy()`
  Z[c + "_na"] = X.loc[mask, c].isna().astype(float)
E:\MyFantasyFootball\sim_lab\backtest_context_model.py:77: PerformanceWarning: DataFrame is highly fragmented.  This is usually the result of calling `frame.insert` many times, which has poor performance.  Consider joining all columns at once using pd.concat(axis=1) instead. To get a de-fragmented frame, use `newframe = frame.copy()`
  Z[c + "_na"] = X.loc[mask, c].isna().astype(float)
E:\MyFantasyFootball\sim_lab\backtest_context_model.py:77: PerformanceWarning: DataFrame is highly fragmented.  This is usually the result of calling `frame.insert` many times, which has poor performance.  Consider joining all columns at once using pd.concat(axis=1) instead. To get a de-fragmented frame, use `newframe = frame.copy()`
  Z[c + "_na"] = X.loc[mask, c].isna().astype(float)
E:\MyFantasyFootball\sim_lab\backtest_context_model.py:77: PerformanceWarning: DataFrame is highly fragmented.  This is usually the result of calling `frame.insert` many times, which has poor performance.  Consider joining all columns at once using pd.concat(axis=1) instead. To get a de-fragmented frame, use `newframe = frame.copy()`
  Z[c + "_na"] = X.loc[mask, c].isna().astype(float)
E:\MyFantasyFootball\sim_lab\backtest_context_model.py:77: PerformanceWarning: DataFrame is highly fragmented.  This is usually the result of calling `frame.insert` many times, which has poor performance.  Consider joining all columns at once using pd.concat(axis=1) instead. To get a de-fragmented frame, use `newframe = frame.copy()`
  Z[c + "_na"] = X.loc[mask, c].isna().astype(float)
E:\MyFantasyFootball\sim_lab\backtest_context_model.py:77: PerformanceWarning: DataFrame is highly fragmented.  This is usually the result of calling `frame.insert` many times, which has poor performance.  Consider joining all columns at once using pd.concat(axis=1) instead. To get a de-fragmented frame, use `newframe = frame.copy()`
  Z[c + "_na"] = X.loc[mask, c].isna().astype(float)
E:\MyFantasyFootball\sim_lab\backtest_context_model.py:77: PerformanceWarning: DataFrame is highly fragmented.  This is usually the result of calling `frame.insert` many times, which has poor performance.  Consider joining all columns at once using pd.concat(axis=1) instead. To get a de-fragmented frame, use `newframe = frame.copy()`
  Z[c + "_na"] = X.loc[mask, c].isna().astype(float)
E:\MyFantasyFootball\sim_lab\backtest_context_model.py:77: PerformanceWarning: DataFrame is highly fragmented.  This is usually the result of calling `frame.insert` many times, which has poor performance.  Consider joining all columns at once using pd.concat(axis=1) instead. To get a de-fragmented frame, use `newframe = frame.copy()`
  Z[c + "_na"] = X.loc[mask, c].isna().astype(float)
E:\MyFantasyFootball\sim_lab\backtest_context_model.py:77: PerformanceWarning: DataFrame is highly fragmented.  This is usually the result of calling `frame.insert` many times, which has poor performance.  Consider joining all columns at once using pd.concat(axis=1) instead. To get a de-fragmented frame, use `newframe = frame.copy()`
  Z[c + "_na"] = X.loc[mask, c].isna().astype(float)
E:\MyFantasyFootball\sim_lab\backtest_context_model.py:77: PerformanceWarning: DataFrame is highly fragmented.  This is usually the result of calling `frame.insert` many times, which has poor performance.  Consider joining all columns at once using pd.concat(axis=1) instead. To get a de-fragmented frame, use `newframe = frame.copy()`
  Z[c + "_na"] = X.loc[mask, c].isna().astype(float)
E:\MyFantasyFootball\sim_lab\backtest_context_model.py:77: PerformanceWarning: DataFrame is highly fragmented.  This is usually the result of calling `frame.insert` many times, which has poor performance.  Consider joining all columns at once using pd.concat(axis=1) instead. To get a de-fragmented frame, use `newframe = frame.copy()`
  Z[c + "_na"] = X.loc[mask, c].isna().astype(float)
E:\MyFantasyFootball\sim_lab\backtest_context_model.py:77: PerformanceWarning: DataFrame is highly fragmented.  This is usually the result of calling `frame.insert` many times, which has poor performance.  Consider joining all columns at once using pd.concat(axis=1) instead. To get a de-fragmented frame, use `newframe = frame.copy()`
  Z[c + "_na"] = X.loc[mask, c].isna().astype(float)
E:\MyFantasyFootball\sim_lab\backtest_context_model.py:77: PerformanceWarning: DataFrame is highly fragmented.  This is usually the result of calling `frame.insert` many times, which has poor performance.  Consider joining all columns at once using pd.concat(axis=1) instead. To get a de-fragmented frame, use `newframe = frame.copy()`
  Z[c + "_na"] = X.loc[mask, c].isna().astype(float)
E:\MyFantasyFootball\sim_lab\backtest_context_model.py:77: PerformanceWarning: DataFrame is highly fragmented.  This is usually the result of calling `frame.insert` many times, which has poor performance.  Consider joining all columns at once using pd.concat(axis=1) instead. To get a de-fragmented frame, use `newframe = frame.copy()`
  Z[c + "_na"] = X.loc[mask, c].isna().astype(float)
E:\MyFantasyFootball\sim_lab\backtest_context_model.py:77: PerformanceWarning: DataFrame is highly fragmented.  This is usually the result of calling `frame.insert` many times, which has poor performance.  Consider joining all columns at once using pd.concat(axis=1) instead. To get a de-fragmented frame, use `newframe = frame.copy()`
  Z[c + "_na"] = X.loc[mask, c].isna().astype(float)
E:\MyFantasyFootball\sim_lab\backtest_context_model.py:77: PerformanceWarning: DataFrame is highly fragmented.  This is usually the result of calling `frame.insert` many times, which has poor performance.  Consider joining all columns at once using pd.concat(axis=1) instead. To get a de-fragmented frame, use `newframe = frame.copy()`
  Z[c + "_na"] = X.loc[mask, c].isna().astype(float)
E:\MyFantasyFootball\sim_lab\backtest_context_model.py:77: PerformanceWarning: DataFrame is highly fragmented.  This is usually the result of calling `frame.insert` many times, which has poor performance.  Consider joining all columns at once using pd.concat(axis=1) instead. To get a de-fragmented frame, use `newframe = frame.copy()`
  Z[c + "_na"] = X.loc[mask, c].isna().astype(float)
E:\MyFantasyFootball\sim_lab\backtest_context_model.py:77: PerformanceWarning: DataFrame is highly fragmented.  This is usually the result of calling `frame.insert` many times, which has poor performance.  Consider joining all columns at once using pd.concat(axis=1) instead. To get a de-fragmented frame, use `newframe = frame.copy()`
  Z[c + "_na"] = X.loc[mask, c].isna().astype(float)
E:\MyFantasyFootball\sim_lab\backtest_context_model.py:77: PerformanceWarning: DataFrame is highly fragmented.  This is usually the result of calling `frame.insert` many times, which has poor performance.  Consider joining all columns at once using pd.concat(axis=1) instead. To get a de-fragmented frame, use `newframe = frame.copy()`
  Z[c + "_na"] = X.loc[mask, c].isna().astype(float)
E:\MyFantasyFootball\sim_lab\backtest_context_model.py:77: PerformanceWarning: DataFrame is highly fragmented.  This is usually the result of calling `frame.insert` many times, which has poor performance.  Consider joining all columns at once using pd.concat(axis=1) instead. To get a de-fragmented frame, use `newframe = frame.copy()`
  Z[c + "_na"] = X.loc[mask, c].isna().astype(float)
E:\MyFantasyFootball\sim_lab\backtest_context_model.py:77: PerformanceWarning: DataFrame is highly fragmented.  This is usually the result of calling `frame.insert` many times, which has poor performance.  Consider joining all columns at once using pd.concat(axis=1) instead. To get a de-fragmented frame, use `newframe = frame.copy()`
  Z[c + "_na"] = X.loc[mask, c].isna().astype(float)
E:\MyFantasyFootball\sim_lab\backtest_context_model.py:77: PerformanceWarning: DataFrame is highly fragmented.  This is usually the result of calling `frame.insert` many times, which has poor performance.  Consider joining all columns at once using pd.concat(axis=1) instead. To get a de-fragmented frame, use `newframe = frame.copy()`
  Z[c + "_na"] = X.loc[mask, c].isna().astype(float)
E:\MyFantasyFootball\sim_lab\backtest_context_model.py:77: PerformanceWarning: DataFrame is highly fragmented.  This is usually the result of calling `frame.insert` many times, which has poor performance.  Consider joining all columns at once using pd.concat(axis=1) instead. To get a de-fragmented frame, use `newframe = frame.copy()`
  Z[c + "_na"] = X.loc[mask, c].isna().astype(float)
E:\MyFantasyFootball\sim_lab\backtest_context_model.py:77: PerformanceWarning: DataFrame is highly fragmented.  This is usually the result of calling `frame.insert` many times, which has poor performance.  Consider joining all columns at once using pd.concat(axis=1) instead. To get a de-fragmented frame, use `newframe = frame.copy()`
  Z[c + "_na"] = X.loc[mask, c].isna().astype(float)
E:\MyFantasyFootball\sim_lab\backtest_context_model.py:77: PerformanceWarning: DataFrame is highly fragmented.  This is usually the result of calling `frame.insert` many times, which has poor performance.  Consider joining all columns at once using pd.concat(axis=1) instead. To get a de-fragmented frame, use `newframe = frame.copy()`
  Z[c + "_na"] = X.loc[mask, c].isna().astype(float)
E:\MyFantasyFootball\sim_lab\backtest_context_model.py:77: PerformanceWarning: DataFrame is highly fragmented.  This is usually the result of calling `frame.insert` many times, which has poor performance.  Consider joining all columns at once using pd.concat(axis=1) instead. To get a de-fragmented frame, use `newframe = frame.copy()`
  Z[c + "_na"] = X.loc[mask, c].isna().astype(float)
E:\MyFantasyFootball\sim_lab\backtest_context_model.py:77: PerformanceWarning: DataFrame is highly fragmented.  This is usually the result of calling `frame.insert` many times, which has poor performance.  Consider joining all columns at once using pd.concat(axis=1) instead. To get a de-fragmented frame, use `newframe = frame.copy()`
  Z[c + "_na"] = X.loc[mask, c].isna().astype(float)
E:\MyFantasyFootball\sim_lab\backtest_context_model.py:77: PerformanceWarning: DataFrame is highly fragmented.  This is usually the result of calling `frame.insert` many times, which has poor performance.  Consider joining all columns at once using pd.concat(axis=1) instead. To get a de-fragmented frame, use `newframe = frame.copy()`
  Z[c + "_na"] = X.loc[mask, c].isna().astype(float)
E:\MyFantasyFootball\sim_lab\backtest_context_model.py:77: PerformanceWarning: DataFrame is highly fragmented.  This is usually the result of calling `frame.insert` many times, which has poor performance.  Consider joining all columns at once using pd.concat(axis=1) instead. To get a de-fragmented frame, use `newframe = frame.copy()`
  Z[c + "_na"] = X.loc[mask, c].isna().astype(float)
E:\MyFantasyFootball\sim_lab\backtest_context_model.py:77: PerformanceWarning: DataFrame is highly fragmented.  This is usually the result of calling `frame.insert` many times, which has poor performance.  Consider joining all columns at once using pd.concat(axis=1) instead. To get a de-fragmented frame, use `newframe = frame.copy()`
  Z[c + "_na"] = X.loc[mask, c].isna().astype(float)
E:\MyFantasyFootball\sim_lab\backtest_context_model.py:77: PerformanceWarning: DataFrame is highly fragmented.  This is usually the result of calling `frame.insert` many times, which has poor performance.  Consider joining all columns at once using pd.concat(axis=1) instead. To get a de-fragmented frame, use `newframe = frame.copy()`
  Z[c + "_na"] = X.loc[mask, c].isna().astype(float)
E:\MyFantasyFootball\sim_lab\backtest_context_model.py:77: PerformanceWarning: DataFrame is highly fragmented.  This is usually the result of calling `frame.insert` many times, which has poor performance.  Consider joining all columns at once using pd.concat(axis=1) instead. To get a de-fragmented frame, use `newframe = frame.copy()`
  Z[c + "_na"] = X.loc[mask, c].isna().astype(float)
E:\MyFantasyFootball\sim_lab\backtest_context_model.py:77: PerformanceWarning: DataFrame is highly fragmented.  This is usually the result of calling `frame.insert` many times, which has poor performance.  Consider joining all columns at once using pd.concat(axis=1) instead. To get a de-fragmented frame, use `newframe = frame.copy()`
  Z[c + "_na"] = X.loc[mask, c].isna().astype(float)
E:\MyFantasyFootball\sim_lab\backtest_context_model.py:77: PerformanceWarning: DataFrame is highly fragmented.  This is usually the result of calling `frame.insert` many times, which has poor performance.  Consider joining all columns at once using pd.concat(axis=1) instead. To get a de-fragmented frame, use `newframe = frame.copy()`
  Z[c + "_na"] = X.loc[mask, c].isna().astype(float)
E:\MyFantasyFootball\sim_lab\backtest_context_model.py:77: PerformanceWarning: DataFrame is highly fragmented.  This is usually the result of calling `frame.insert` many times, which has poor performance.  Consider joining all columns at once using pd.concat(axis=1) instead. To get a de-fragmented frame, use `newframe = frame.copy()`
  Z[c + "_na"] = X.loc[mask, c].isna().astype(float)
E:\MyFantasyFootball\sim_lab\backtest_context_model.py:77: PerformanceWarning: DataFrame is highly fragmented.  This is usually the result of calling `frame.insert` many times, which has poor performance.  Consider joining all columns at once using pd.concat(axis=1) instead. To get a de-fragmented frame, use `newframe = frame.copy()`
  Z[c + "_na"] = X.loc[mask, c].isna().astype(float)
E:\MyFantasyFootball\sim_lab\backtest_context_model.py:77: PerformanceWarning: DataFrame is highly fragmented.  This is usually the result of calling `frame.insert` many times, which has poor performance.  Consider joining all columns at once using pd.concat(axis=1) instead. To get a de-fragmented frame, use `newframe = frame.copy()`
  Z[c + "_na"] = X.loc[mask, c].isna().astype(float)
E:\MyFantasyFootball\sim_lab\backtest_context_model.py:77: PerformanceWarning: DataFrame is highly fragmented.  This is usually the result of calling `frame.insert` many times, which has poor performance.  Consider joining all columns at once using pd.concat(axis=1) instead. To get a de-fragmented frame, use `newframe = frame.copy()`
  Z[c + "_na"] = X.loc[mask, c].isna().astype(float)
E:\MyFantasyFootball\sim_lab\backtest_context_model.py:77: PerformanceWarning: DataFrame is highly fragmented.  This is usually the result of calling `frame.insert` many times, which has poor performance.  Consider joining all columns at once using pd.concat(axis=1) instead. To get a de-fragmented frame, use `newframe = frame.copy()`
  Z[c + "_na"] = X.loc[mask, c].isna().astype(float)
E:\MyFantasyFootball\sim_lab\backtest_context_model.py:77: PerformanceWarning: DataFrame is highly fragmented.  This is usually the result of calling `frame.insert` many times, which has poor performance.  Consider joining all columns at once using pd.concat(axis=1) instead. To get a de-fragmented frame, use `newframe = frame.copy()`
  Z[c + "_na"] = X.loc[mask, c].isna().astype(float)
E:\MyFantasyFootball\sim_lab\backtest_context_model.py:77: PerformanceWarning: DataFrame is highly fragmented.  This is usually the result of calling `frame.insert` many times, which has poor performance.  Consider joining all columns at once using pd.concat(axis=1) instead. To get a de-fragmented frame, use `newframe = frame.copy()`
  Z[c + "_na"] = X.loc[mask, c].isna().astype(float)
E:\MyFantasyFootball\sim_lab\backtest_context_model.py:77: PerformanceWarning: DataFrame is highly fragmented.  This is usually the result of calling `frame.insert` many times, which has poor performance.  Consider joining all columns at once using pd.concat(axis=1) instead. To get a de-fragmented frame, use `newframe = frame.copy()`
  Z[c + "_na"] = X.loc[mask, c].isna().astype(float)
E:\MyFantasyFootball\sim_lab\backtest_context_model.py:77: PerformanceWarning: DataFrame is highly fragmented.  This is usually the result of calling `frame.insert` many times, which has poor performance.  Consider joining all columns at once using pd.concat(axis=1) instead. To get a de-fragmented frame, use `newframe = frame.copy()`
  Z[c + "_na"] = X.loc[mask, c].isna().astype(float)
E:\MyFantasyFootball\sim_lab\backtest_context_model.py:77: PerformanceWarning: DataFrame is highly fragmented.  This is usually the result of calling `frame.insert` many times, which has poor performance.  Consider joining all columns at once using pd.concat(axis=1) instead. To get a de-fragmented frame, use `newframe = frame.copy()`
  Z[c + "_na"] = X.loc[mask, c].isna().astype(float)
E:\MyFantasyFootball\sim_lab\backtest_context_model.py:77: PerformanceWarning: DataFrame is highly fragmented.  This is usually the result of calling `frame.insert` many times, which has poor performance.  Consider joining all columns at once using pd.concat(axis=1) instead. To get a de-fragmented frame, use `newframe = frame.copy()`
  Z[c + "_na"] = X.loc[mask, c].isna().astype(float)
E:\MyFantasyFootball\sim_lab\backtest_context_model.py:77: PerformanceWarning: DataFrame is highly fragmented.  This is usually the result of calling `frame.insert` many times, which has poor performance.  Consider joining all columns at once using pd.concat(axis=1) instead. To get a de-fragmented frame, use `newframe = frame.copy()`
  Z[c + "_na"] = X.loc[mask, c].isna().astype(float)
E:\MyFantasyFootball\sim_lab\backtest_context_model.py:77: PerformanceWarning: DataFrame is highly fragmented.  This is usually the result of calling `frame.insert` many times, which has poor performance.  Consider joining all columns at once using pd.concat(axis=1) instead. To get a de-fragmented frame, use `newframe = frame.copy()`
  Z[c + "_na"] = X.loc[mask, c].isna().astype(float)
E:\MyFantasyFootball\sim_lab\backtest_context_model.py:77: PerformanceWarning: DataFrame is highly fragmented.  This is usually the result of calling `frame.insert` many times, which has poor performance.  Consider joining all columns at once using pd.concat(axis=1) instead. To get a de-fragmented frame, use `newframe = frame.copy()`
  Z[c + "_na"] = X.loc[mask, c].isna().astype(float)
E:\MyFantasyFootball\sim_lab\backtest_context_model.py:77: PerformanceWarning: DataFrame is highly fragmented.  This is usually the result of calling `frame.insert` many times, which has poor performance.  Consider joining all columns at once using pd.concat(axis=1) instead. To get a de-fragmented frame, use `newframe = frame.copy()`
  Z[c + "_na"] = X.loc[mask, c].isna().astype(float)
E:\MyFantasyFootball\sim_lab\backtest_context_model.py:77: PerformanceWarning: DataFrame is highly fragmented.  This is usually the result of calling `frame.insert` many times, which has poor performance.  Consider joining all columns at once using pd.concat(axis=1) instead. To get a de-fragmented frame, use `newframe = frame.copy()`
  Z[c + "_na"] = X.loc[mask, c].isna().astype(float)
E:\MyFantasyFootball\sim_lab\backtest_context_model.py:77: PerformanceWarning: DataFrame is highly fragmented.  This is usually the result of calling `frame.insert` many times, which has poor performance.  Consider joining all columns at once using pd.concat(axis=1) instead. To get a de-fragmented frame, use `newframe = frame.copy()`
  Z[c + "_na"] = X.loc[mask, c].isna().astype(float)
E:\MyFantasyFootball\sim_lab\backtest_context_model.py:77: PerformanceWarning: DataFrame is highly fragmented.  This is usually the result of calling `frame.insert` many times, which has poor performance.  Consider joining all columns at once using pd.concat(axis=1) instead. To get a de-fragmented frame, use `newframe = frame.copy()`
  Z[c + "_na"] = X.loc[mask, c].isna().astype(float)
E:\MyFantasyFootball\sim_lab\backtest_context_model.py:77: PerformanceWarning: DataFrame is highly fragmented.  This is usually the result of calling `frame.insert` many times, which has poor performance.  Consider joining all columns at once using pd.concat(axis=1) instead. To get a de-fragmented frame, use `newframe = frame.copy()`
  Z[c + "_na"] = X.loc[mask, c].isna().astype(float)
E:\MyFantasyFootball\sim_lab\backtest_context_model.py:77: PerformanceWarning: DataFrame is highly fragmented.  This is usually the result of calling `frame.insert` many times, which has poor performance.  Consider joining all columns at once using pd.concat(axis=1) instead. To get a de-fragmented frame, use `newframe = frame.copy()`
  Z[c + "_na"] = X.loc[mask, c].isna().astype(float)
E:\MyFantasyFootball\sim_lab\backtest_context_model.py:77: PerformanceWarning: DataFrame is highly fragmented.  This is usually the result of calling `frame.insert` many times, which has poor performance.  Consider joining all columns at once using pd.concat(axis=1) instead. To get a de-fragmented frame, use `newframe = frame.copy()`
  Z[c + "_na"] = X.loc[mask, c].isna().astype(float)
E:\MyFantasyFootball\sim_lab\backtest_context_model.py:77: PerformanceWarning: DataFrame is highly fragmented.  This is usually the result of calling `frame.insert` many times, which has poor performance.  Consider joining all columns at once using pd.concat(axis=1) instead. To get a de-fragmented frame, use `newframe = frame.copy()`
  Z[c + "_na"] = X.loc[mask, c].isna().astype(float)
E:\MyFantasyFootball\sim_lab\backtest_context_model.py:77: PerformanceWarning: DataFrame is highly fragmented.  This is usually the result of calling `frame.insert` many times, which has poor performance.  Consider joining all columns at once using pd.concat(axis=1) instead. To get a de-fragmented frame, use `newframe = frame.copy()`
  Z[c + "_na"] = X.loc[mask, c].isna().astype(float)
E:\MyFantasyFootball\sim_lab\backtest_context_model.py:77: PerformanceWarning: DataFrame is highly fragmented.  This is usually the result of calling `frame.insert` many times, which has poor performance.  Consider joining all columns at once using pd.concat(axis=1) instead. To get a de-fragmented frame, use `newframe = frame.copy()`
  Z[c + "_na"] = X.loc[mask, c].isna().astype(float)
E:\MyFantasyFootball\sim_lab\backtest_context_model.py:77: PerformanceWarning: DataFrame is highly fragmented.  This is usually the result of calling `frame.insert` many times, which has poor performance.  Consider joining all columns at once using pd.concat(axis=1) instead. To get a de-fragmented frame, use `newframe = frame.copy()`
  Z[c + "_na"] = X.loc[mask, c].isna().astype(float)
E:\MyFantasyFootball\sim_lab\backtest_context_model.py:77: PerformanceWarning: DataFrame is highly fragmented.  This is usually the result of calling `frame.insert` many times, which has poor performance.  Consider joining all columns at once using pd.concat(axis=1) instead. To get a de-fragmented frame, use `newframe = frame.copy()`
  Z[c + "_na"] = X.loc[mask, c].isna().astype(float)
E:\MyFantasyFootball\sim_lab\backtest_context_model.py:77: PerformanceWarning: DataFrame is highly fragmented.  This is usually the result of calling `frame.insert` many times, which has poor performance.  Consider joining all columns at once using pd.concat(axis=1) instead. To get a de-fragmented frame, use `newframe = frame.copy()`
  Z[c + "_na"] = X.loc[mask, c].isna().astype(float)
E:\MyFantasyFootball\sim_lab\backtest_context_model.py:77: PerformanceWarning: DataFrame is highly fragmented.  This is usually the result of calling `frame.insert` many times, which has poor performance.  Consider joining all columns at once using pd.concat(axis=1) instead. To get a de-fragmented frame, use `newframe = frame.copy()`
  Z[c + "_na"] = X.loc[mask, c].isna().astype(float)
E:\MyFantasyFootball\sim_lab\backtest_context_model.py:77: PerformanceWarning: DataFrame is highly fragmented.  This is usually the result of calling `frame.insert` many times, which has poor performance.  Consider joining all columns at once using pd.concat(axis=1) instead. To get a de-fragmented frame, use `newframe = frame.copy()`
  Z[c + "_na"] = X.loc[mask, c].isna().astype(float)
E:\MyFantasyFootball\sim_lab\backtest_context_model.py:77: PerformanceWarning: DataFrame is highly fragmented.  This is usually the result of calling `frame.insert` many times, which has poor performance.  Consider joining all columns at once using pd.concat(axis=1) instead. To get a de-fragmented frame, use `newframe = frame.copy()`
  Z[c + "_na"] = X.loc[mask, c].isna().astype(float)
E:\MyFantasyFootball\sim_lab\backtest_context_model.py:77: PerformanceWarning: DataFrame is highly fragmented.  This is usually the result of calling `frame.insert` many times, which has poor performance.  Consider joining all columns at once using pd.concat(axis=1) instead. To get a de-fragmented frame, use `newframe = frame.copy()`
  Z[c + "_na"] = X.loc[mask, c].isna().astype(float)
E:\MyFantasyFootball\sim_lab\backtest_context_model.py:77: PerformanceWarning: DataFrame is highly fragmented.  This is usually the result of calling `frame.insert` many times, which has poor performance.  Consider joining all columns at once using pd.concat(axis=1) instead. To get a de-fragmented frame, use `newframe = frame.copy()`
  Z[c + "_na"] = X.loc[mask, c].isna().astype(float)
E:\MyFantasyFootball\sim_lab\backtest_context_model.py:77: PerformanceWarning: DataFrame is highly fragmented.  This is usually the result of calling `frame.insert` many times, which has poor performance.  Consider joining all columns at once using pd.concat(axis=1) instead. To get a de-fragmented frame, use `newframe = frame.copy()`
  Z[c + "_na"] = X.loc[mask, c].isna().astype(float)
E:\MyFantasyFootball\sim_lab\backtest_context_model.py:77: PerformanceWarning: DataFrame is highly fragmented.  This is usually the result of calling `frame.insert` many times, which has poor performance.  Consider joining all columns at once using pd.concat(axis=1) instead. To get a de-fragmented frame, use `newframe = frame.copy()`
  Z[c + "_na"] = X.loc[mask, c].isna().astype(float)
E:\MyFantasyFootball\sim_lab\backtest_context_model.py:77: PerformanceWarning: DataFrame is highly fragmented.  This is usually the result of calling `frame.insert` many times, which has poor performance.  Consider joining all columns at once using pd.concat(axis=1) instead. To get a de-fragmented frame, use `newframe = frame.copy()`
  Z[c + "_na"] = X.loc[mask, c].isna().astype(float)
E:\MyFantasyFootball\sim_lab\backtest_context_model.py:77: PerformanceWarning: DataFrame is highly fragmented.  This is usually the result of calling `frame.insert` many times, which has poor performance.  Consider joining all columns at once using pd.concat(axis=1) instead. To get a de-fragmented frame, use `newframe = frame.copy()`
  Z[c + "_na"] = X.loc[mask, c].isna().astype(float)
E:\MyFantasyFootball\sim_lab\backtest_context_model.py:77: PerformanceWarning: DataFrame is highly fragmented.  This is usually the result of calling `frame.insert` many times, which has poor performance.  Consider joining all columns at once using pd.concat(axis=1) instead. To get a de-fragmented frame, use `newframe = frame.copy()`
  Z[c + "_na"] = X.loc[mask, c].isna().astype(float)
E:\MyFantasyFootball\sim_lab\backtest_context_model.py:77: PerformanceWarning: DataFrame is highly fragmented.  This is usually the result of calling `frame.insert` many times, which has poor performance.  Consider joining all columns at once using pd.concat(axis=1) instead. To get a de-fragmented frame, use `newframe = frame.copy()`
  Z[c + "_na"] = X.loc[mask, c].isna().astype(float)
E:\MyFantasyFootball\sim_lab\backtest_context_model.py:77: PerformanceWarning: DataFrame is highly fragmented.  This is usually the result of calling `frame.insert` many times, which has poor performance.  Consider joining all columns at once using pd.concat(axis=1) instead. To get a de-fragmented frame, use `newframe = frame.copy()`
  Z[c + "_na"] = X.loc[mask, c].isna().astype(float)
E:\MyFantasyFootball\sim_lab\backtest_context_model.py:77: PerformanceWarning: DataFrame is highly fragmented.  This is usually the result of calling `frame.insert` many times, which has poor performance.  Consider joining all columns at once using pd.concat(axis=1) instead. To get a de-fragmented frame, use `newframe = frame.copy()`
  Z[c + "_na"] = X.loc[mask, c].isna().astype(float)
E:\MyFantasyFootball\sim_lab\backtest_context_model.py:77: PerformanceWarning: DataFrame is highly fragmented.  This is usually the result of calling `frame.insert` many times, which has poor performance.  Consider joining all columns at once using pd.concat(axis=1) instead. To get a de-fragmented frame, use `newframe = frame.copy()`
  Z[c + "_na"] = X.loc[mask, c].isna().astype(float)
E:\MyFantasyFootball\sim_lab\backtest_context_model.py:77: PerformanceWarning: DataFrame is highly fragmented.  This is usually the result of calling `frame.insert` many times, which has poor performance.  Consider joining all columns at once using pd.concat(axis=1) instead. To get a de-fragmented frame, use `newframe = frame.copy()`
  Z[c + "_na"] = X.loc[mask, c].isna().astype(float)
E:\MyFantasyFootball\sim_lab\backtest_context_model.py:77: PerformanceWarning: DataFrame is highly fragmented.  This is usually the result of calling `frame.insert` many times, which has poor performance.  Consider joining all columns at once using pd.concat(axis=1) instead. To get a de-fragmented frame, use `newframe = frame.copy()`
  Z[c + "_na"] = X.loc[mask, c].isna().astype(float)
E:\MyFantasyFootball\sim_lab\backtest_context_model.py:77: PerformanceWarning: DataFrame is highly fragmented.  This is usually the result of calling `frame.insert` many times, which has poor performance.  Consider joining all columns at once using pd.concat(axis=1) instead. To get a de-fragmented frame, use `newframe = frame.copy()`
  Z[c + "_na"] = X.loc[mask, c].isna().astype(float)
E:\MyFantasyFootball\sim_lab\backtest_context_model.py:77: PerformanceWarning: DataFrame is highly fragmented.  This is usually the result of calling `frame.insert` many times, which has poor performance.  Consider joining all columns at once using pd.concat(axis=1) instead. To get a de-fragmented frame, use `newframe = frame.copy()`
  Z[c + "_na"] = X.loc[mask, c].isna().astype(float)
E:\MyFantasyFootball\sim_lab\backtest_context_model.py:77: PerformanceWarning: DataFrame is highly fragmented.  This is usually the result of calling `frame.insert` many times, which has poor performance.  Consider joining all columns at once using pd.concat(axis=1) instead. To get a de-fragmented frame, use `newframe = frame.copy()`
  Z[c + "_na"] = X.loc[mask, c].isna().astype(float)
E:\MyFantasyFootball\sim_lab\backtest_context_model.py:77: PerformanceWarning: DataFrame is highly fragmented.  This is usually the result of calling `frame.insert` many times, which has poor performance.  Consider joining all columns at once using pd.concat(axis=1) instead. To get a de-fragmented frame, use `newframe = frame.copy()`
  Z[c + "_na"] = X.loc[mask, c].isna().astype(float)
E:\MyFantasyFootball\sim_lab\backtest_context_model.py:77: PerformanceWarning: DataFrame is highly fragmented.  This is usually the result of calling `frame.insert` many times, which has poor performance.  Consider joining all columns at once using pd.concat(axis=1) instead. To get a de-fragmented frame, use `newframe = frame.copy()`
  Z[c + "_na"] = X.loc[mask, c].isna().astype(float)
E:\MyFantasyFootball\sim_lab\backtest_context_model.py:77: PerformanceWarning: DataFrame is highly fragmented.  This is usually the result of calling `frame.insert` many times, which has poor performance.  Consider joining all columns at once using pd.concat(axis=1) instead. To get a de-fragmented frame, use `newframe = frame.copy()`
  Z[c + "_na"] = X.loc[mask, c].isna().astype(float)
E:\MyFantasyFootball\sim_lab\backtest_context_model.py:77: PerformanceWarning: DataFrame is highly fragmented.  This is usually the result of calling `frame.insert` many times, which has poor performance.  Consider joining all columns at once using pd.concat(axis=1) instead. To get a de-fragmented frame, use `newframe = frame.copy()`
  Z[c + "_na"] = X.loc[mask, c].isna().astype(float)
E:\MyFantasyFootball\sim_lab\backtest_context_model.py:77: PerformanceWarning: DataFrame is highly fragmented.  This is usually the result of calling `frame.insert` many times, which has poor performance.  Consider joining all columns at once using pd.concat(axis=1) instead. To get a de-fragmented frame, use `newframe = frame.copy()`
  Z[c + "_na"] = X.loc[mask, c].isna().astype(float)
E:\MyFantasyFootball\sim_lab\backtest_context_model.py:77: PerformanceWarning: DataFrame is highly fragmented.  This is usually the result of calling `frame.insert` many times, which has poor performance.  Consider joining all columns at once using pd.concat(axis=1) instead. To get a de-fragmented frame, use `newframe = frame.copy()`
  Z[c + "_na"] = X.loc[mask, c].isna().astype(float)
E:\MyFantasyFootball\sim_lab\backtest_context_model.py:77: PerformanceWarning: DataFrame is highly fragmented.  This is usually the result of calling `frame.insert` many times, which has poor performance.  Consider joining all columns at once using pd.concat(axis=1) instead. To get a de-fragmented frame, use `newframe = frame.copy()`
  Z[c + "_na"] = X.loc[mask, c].isna().astype(float)
E:\MyFantasyFootball\sim_lab\backtest_context_model.py:77: PerformanceWarning: DataFrame is highly fragmented.  This is usually the result of calling `frame.insert` many times, which has poor performance.  Consider joining all columns at once using pd.concat(axis=1) instead. To get a de-fragmented frame, use `newframe = frame.copy()`
  Z[c + "_na"] = X.loc[mask, c].isna().astype(float)
E:\MyFantasyFootball\sim_lab\backtest_context_model.py:77: PerformanceWarning: DataFrame is highly fragmented.  This is usually the result of calling `frame.insert` many times, which has poor performance.  Consider joining all columns at once using pd.concat(axis=1) instead. To get a de-fragmented frame, use `newframe = frame.copy()`
  Z[c + "_na"] = X.loc[mask, c].isna().astype(float)
E:\MyFantasyFootball\sim_lab\backtest_context_model.py:77: PerformanceWarning: DataFrame is highly fragmented.  This is usually the result of calling `frame.insert` many times, which has poor performance.  Consider joining all columns at once using pd.concat(axis=1) instead. To get a de-fragmented frame, use `newframe = frame.copy()`
  Z[c + "_na"] = X.loc[mask, c].isna().astype(float)
E:\MyFantasyFootball\sim_lab\backtest_context_model.py:77: PerformanceWarning: DataFrame is highly fragmented.  This is usually the result of calling `frame.insert` many times, which has poor performance.  Consider joining all columns at once using pd.concat(axis=1) instead. To get a de-fragmented frame, use `newframe = frame.copy()`
  Z[c + "_na"] = X.loc[mask, c].isna().astype(float)
E:\MyFantasyFootball\sim_lab\backtest_context_model.py:77: PerformanceWarning: DataFrame is highly fragmented.  This is usually the result of calling `frame.insert` many times, which has poor performance.  Consider joining all columns at once using pd.concat(axis=1) instead. To get a de-fragmented frame, use `newframe = frame.copy()`
  Z[c + "_na"] = X.loc[mask, c].isna().astype(float)
E:\MyFantasyFootball\sim_lab\backtest_context_model.py:77: PerformanceWarning: DataFrame is highly fragmented.  This is usually the result of calling `frame.insert` many times, which has poor performance.  Consider joining all columns at once using pd.concat(axis=1) instead. To get a de-fragmented frame, use `newframe = frame.copy()`
  Z[c + "_na"] = X.loc[mask, c].isna().astype(float)
E:\MyFantasyFootball\sim_lab\backtest_context_model.py:77: PerformanceWarning: DataFrame is highly fragmented.  This is usually the result of calling `frame.insert` many times, which has poor performance.  Consider joining all columns at once using pd.concat(axis=1) instead. To get a de-fragmented frame, use `newframe = frame.copy()`
  Z[c + "_na"] = X.loc[mask, c].isna().astype(float)
E:\MyFantasyFootball\sim_lab\backtest_context_model.py:77: PerformanceWarning: DataFrame is highly fragmented.  This is usually the result of calling `frame.insert` many times, which has poor performance.  Consider joining all columns at once using pd.concat(axis=1) instead. To get a de-fragmented frame, use `newframe = frame.copy()`
  Z[c + "_na"] = X.loc[mask, c].isna().astype(float)
E:\MyFantasyFootball\sim_lab\backtest_context_model.py:77: PerformanceWarning: DataFrame is highly fragmented.  This is usually the result of calling `frame.insert` many times, which has poor performance.  Consider joining all columns at once using pd.concat(axis=1) instead. To get a de-fragmented frame, use `newframe = frame.copy()`
  Z[c + "_na"] = X.loc[mask, c].isna().astype(float)
E:\MyFantasyFootball\sim_lab\backtest_context_model.py:77: PerformanceWarning: DataFrame is highly fragmented.  This is usually the result of calling `frame.insert` many times, which has poor performance.  Consider joining all columns at once using pd.concat(axis=1) instead. To get a de-fragmented frame, use `newframe = frame.copy()`
  Z[c + "_na"] = X.loc[mask, c].isna().astype(float)
E:\MyFantasyFootball\sim_lab\backtest_context_model.py:77: PerformanceWarning: DataFrame is highly fragmented.  This is usually the result of calling `frame.insert` many times, which has poor performance.  Consider joining all columns at once using pd.concat(axis=1) instead. To get a de-fragmented frame, use `newframe = frame.copy()`
  Z[c + "_na"] = X.loc[mask, c].isna().astype(float)
E:\MyFantasyFootball\sim_lab\backtest_context_model.py:77: PerformanceWarning: DataFrame is highly fragmented.  This is usually the result of calling `frame.insert` many times, which has poor performance.  Consider joining all columns at once using pd.concat(axis=1) instead. To get a de-fragmented frame, use `newframe = frame.copy()`
  Z[c + "_na"] = X.loc[mask, c].isna().astype(float)
E:\MyFantasyFootball\sim_lab\backtest_context_model.py:77: PerformanceWarning: DataFrame is highly fragmented.  This is usually the result of calling `frame.insert` many times, which has poor performance.  Consider joining all columns at once using pd.concat(axis=1) instead. To get a de-fragmented frame, use `newframe = frame.copy()`
  Z[c + "_na"] = X.loc[mask, c].isna().astype(float)
E:\MyFantasyFootball\sim_lab\backtest_context_model.py:77: PerformanceWarning: DataFrame is highly fragmented.  This is usually the result of calling `frame.insert` many times, which has poor performance.  Consider joining all columns at once using pd.concat(axis=1) instead. To get a de-fragmented frame, use `newframe = frame.copy()`
  Z[c + "_na"] = X.loc[mask, c].isna().astype(float)
E:\MyFantasyFootball\sim_lab\backtest_context_model.py:77: PerformanceWarning: DataFrame is highly fragmented.  This is usually the result of calling `frame.insert` many times, which has poor performance.  Consider joining all columns at once using pd.concat(axis=1) instead. To get a de-fragmented frame, use `newframe = frame.copy()`
  Z[c + "_na"] = X.loc[mask, c].isna().astype(float)
E:\MyFantasyFootball\sim_lab\backtest_context_model.py:77: PerformanceWarning: DataFrame is highly fragmented.  This is usually the result of calling `frame.insert` many times, which has poor performance.  Consider joining all columns at once using pd.concat(axis=1) instead. To get a de-fragmented frame, use `newframe = frame.copy()`
  Z[c + "_na"] = X.loc[mask, c].isna().astype(float)
E:\MyFantasyFootball\sim_lab\backtest_context_model.py:77: PerformanceWarning: DataFrame is highly fragmented.  This is usually the result of calling `frame.insert` many times, which has poor performance.  Consider joining all columns at once using pd.concat(axis=1) instead. To get a de-fragmented frame, use `newframe = frame.copy()`
  Z[c + "_na"] = X.loc[mask, c].isna().astype(float)
E:\MyFantasyFootball\sim_lab\backtest_context_model.py:77: PerformanceWarning: DataFrame is highly fragmented.  This is usually the result of calling `frame.insert` many times, which has poor performance.  Consider joining all columns at once using pd.concat(axis=1) instead. To get a de-fragmented frame, use `newframe = frame.copy()`
  Z[c + "_na"] = X.loc[mask, c].isna().astype(float)
E:\MyFantasyFootball\sim_lab\backtest_context_model.py:77: PerformanceWarning: DataFrame is highly fragmented.  This is usually the result of calling `frame.insert` many times, which has poor performance.  Consider joining all columns at once using pd.concat(axis=1) instead. To get a de-fragmented frame, use `newframe = frame.copy()`
  Z[c + "_na"] = X.loc[mask, c].isna().astype(float)
E:\MyFantasyFootball\sim_lab\backtest_context_model.py:77: PerformanceWarning: DataFrame is highly fragmented.  This is usually the result of calling `frame.insert` many times, which has poor performance.  Consider joining all columns at once using pd.concat(axis=1) instead. To get a de-fragmented frame, use `newframe = frame.copy()`
  Z[c + "_na"] = X.loc[mask, c].isna().astype(float)
E:\MyFantasyFootball\sim_lab\backtest_context_model.py:77: PerformanceWarning: DataFrame is highly fragmented.  This is usually the result of calling `frame.insert` many times, which has poor performance.  Consider joining all columns at once using pd.concat(axis=1) instead. To get a de-fragmented frame, use `newframe = frame.copy()`
  Z[c + "_na"] = X.loc[mask, c].isna().astype(float)
E:\MyFantasyFootball\sim_lab\backtest_context_model.py:77: PerformanceWarning: DataFrame is highly fragmented.  This is usually the result of calling `frame.insert` many times, which has poor performance.  Consider joining all columns at once using pd.concat(axis=1) instead. To get a de-fragmented frame, use `newframe = frame.copy()`
  Z[c + "_na"] = X.loc[mask, c].isna().astype(float)
E:\MyFantasyFootball\sim_lab\backtest_context_model.py:77: PerformanceWarning: DataFrame is highly fragmented.  This is usually the result of calling `frame.insert` many times, which has poor performance.  Consider joining all columns at once using pd.concat(axis=1) instead. To get a de-fragmented frame, use `newframe = frame.copy()`
  Z[c + "_na"] = X.loc[mask, c].isna().astype(float)
E:\MyFantasyFootball\sim_lab\backtest_context_model.py:77: PerformanceWarning: DataFrame is highly fragmented.  This is usually the result of calling `frame.insert` many times, which has poor performance.  Consider joining all columns at once using pd.concat(axis=1) instead. To get a de-fragmented frame, use `newframe = frame.copy()`
  Z[c + "_na"] = X.loc[mask, c].isna().astype(float)
E:\MyFantasyFootball\sim_lab\backtest_context_model.py:77: PerformanceWarning: DataFrame is highly fragmented.  This is usually the result of calling `frame.insert` many times, which has poor performance.  Consider joining all columns at once using pd.concat(axis=1) instead. To get a de-fragmented frame, use `newframe = frame.copy()`
  Z[c + "_na"] = X.loc[mask, c].isna().astype(float)
E:\MyFantasyFootball\sim_lab\backtest_context_model.py:77: PerformanceWarning: DataFrame is highly fragmented.  This is usually the result of calling `frame.insert` many times, which has poor performance.  Consider joining all columns at once using pd.concat(axis=1) instead. To get a de-fragmented frame, use `newframe = frame.copy()`
  Z[c + "_na"] = X.loc[mask, c].isna().astype(float)
E:\MyFantasyFootball\sim_lab\backtest_context_model.py:77: PerformanceWarning: DataFrame is highly fragmented.  This is usually the result of calling `frame.insert` many times, which has poor performance.  Consider joining all columns at once using pd.concat(axis=1) instead. To get a de-fragmented frame, use `newframe = frame.copy()`
  Z[c + "_na"] = X.loc[mask, c].isna().astype(float)
E:\MyFantasyFootball\sim_lab\backtest_context_model.py:77: PerformanceWarning: DataFrame is highly fragmented.  This is usually the result of calling `frame.insert` many times, which has poor performance.  Consider joining all columns at once using pd.concat(axis=1) instead. To get a de-fragmented frame, use `newframe = frame.copy()`
  Z[c + "_na"] = X.loc[mask, c].isna().astype(float)
  2021: n 2393 | base2 42.632 | GBM 41.514 (k 0.75, 318 rounds) | CAL 42.159 (k 1.0) | RIDGE 41.476 (k 0.75) (8s)
E:\MyFantasyFootball\sim_lab\backtest_context_model.py:77: PerformanceWarning: DataFrame is highly fragmented.  This is usually the result of calling `frame.insert` many times, which has poor performance.  Consider joining all columns at once using pd.concat(axis=1) instead. To get a de-fragmented frame, use `newframe = frame.copy()`
  Z[c + "_na"] = X.loc[mask, c].isna().astype(float)
E:\MyFantasyFootball\sim_lab\backtest_context_model.py:77: PerformanceWarning: DataFrame is highly fragmented.  This is usually the result of calling `frame.insert` many times, which has poor performance.  Consider joining all columns at once using pd.concat(axis=1) instead. To get a de-fragmented frame, use `newframe = frame.copy()`
  Z[c + "_na"] = X.loc[mask, c].isna().astype(float)
E:\MyFantasyFootball\sim_lab\backtest_context_model.py:77: PerformanceWarning: DataFrame is highly fragmented.  This is usually the result of calling `frame.insert` many times, which has poor performance.  Consider joining all columns at once using pd.concat(axis=1) instead. To get a de-fragmented frame, use `newframe = frame.copy()`
  Z[c + "_na"] = X.loc[mask, c].isna().astype(float)
E:\MyFantasyFootball\sim_lab\backtest_context_model.py:77: PerformanceWarning: DataFrame is highly fragmented.  This is usually the result of calling `frame.insert` many times, which has poor performance.  Consider joining all columns at once using pd.concat(axis=1) instead. To get a de-fragmented frame, use `newframe = frame.copy()`
  Z[c + "_na"] = X.loc[mask, c].isna().astype(float)
E:\MyFantasyFootball\sim_lab\backtest_context_model.py:77: PerformanceWarning: DataFrame is highly fragmented.  This is usually the result of calling `frame.insert` many times, which has poor performance.  Consider joining all columns at once using pd.concat(axis=1) instead. To get a de-fragmented frame, use `newframe = frame.copy()`
  Z[c + "_na"] = X.loc[mask, c].isna().astype(float)
E:\MyFantasyFootball\sim_lab\backtest_context_model.py:77: PerformanceWarning: DataFrame is highly fragmented.  This is usually the result of calling `frame.insert` many times, which has poor performance.  Consider joining all columns at once using pd.concat(axis=1) instead. To get a de-fragmented frame, use `newframe = frame.copy()`
  Z[c + "_na"] = X.loc[mask, c].isna().astype(float)
E:\MyFantasyFootball\sim_lab\backtest_context_model.py:77: PerformanceWarning: DataFrame is highly fragmented.  This is usually the result of calling `frame.insert` many times, which has poor performance.  Consider joining all columns at once using pd.concat(axis=1) instead. To get a de-fragmented frame, use `newframe = frame.copy()`
  Z[c + "_na"] = X.loc[mask, c].isna().astype(float)
E:\MyFantasyFootball\sim_lab\backtest_context_model.py:77: PerformanceWarning: DataFrame is highly fragmented.  This is usually the result of calling `frame.insert` many times, which has poor performance.  Consider joining all columns at once using pd.concat(axis=1) instead. To get a de-fragmented frame, use `newframe = frame.copy()`
  Z[c + "_na"] = X.loc[mask, c].isna().astype(float)
E:\MyFantasyFootball\sim_lab\backtest_context_model.py:77: PerformanceWarning: DataFrame is highly fragmented.  This is usually the result of calling `frame.insert` many times, which has poor performance.  Consider joining all columns at once using pd.concat(axis=1) instead. To get a de-fragmented frame, use `newframe = frame.copy()`
  Z[c + "_na"] = X.loc[mask, c].isna().astype(float)
E:\MyFantasyFootball\sim_lab\backtest_context_model.py:77: PerformanceWarning: DataFrame is highly fragmented.  This is usually the result of calling `frame.insert` many times, which has poor performance.  Consider joining all columns at once using pd.concat(axis=1) instead. To get a de-fragmented frame, use `newframe = frame.copy()`
  Z[c + "_na"] = X.loc[mask, c].isna().astype(float)
E:\MyFantasyFootball\sim_lab\backtest_context_model.py:77: PerformanceWarning: DataFrame is highly fragmented.  This is usually the result of calling `frame.insert` many times, which has poor performance.  Consider joining all columns at once using pd.concat(axis=1) instead. To get a de-fragmented frame, use `newframe = frame.copy()`
  Z[c + "_na"] = X.loc[mask, c].isna().astype(float)
E:\MyFantasyFootball\sim_lab\backtest_context_model.py:77: PerformanceWarning: DataFrame is highly fragmented.  This is usually the result of calling `frame.insert` many times, which has poor performance.  Consider joining all columns at once using pd.concat(axis=1) instead. To get a de-fragmented frame, use `newframe = frame.copy()`
  Z[c + "_na"] = X.loc[mask, c].isna().astype(float)
E:\MyFantasyFootball\sim_lab\backtest_context_model.py:77: PerformanceWarning: DataFrame is highly fragmented.  This is usually the result of calling `frame.insert` many times, which has poor performance.  Consider joining all columns at once using pd.concat(axis=1) instead. To get a de-fragmented frame, use `newframe = frame.copy()`
  Z[c + "_na"] = X.loc[mask, c].isna().astype(float)
E:\MyFantasyFootball\sim_lab\backtest_context_model.py:77: PerformanceWarning: DataFrame is highly fragmented.  This is usually the result of calling `frame.insert` many times, which has poor performance.  Consider joining all columns at once using pd.concat(axis=1) instead. To get a de-fragmented frame, use `newframe = frame.copy()`
  Z[c + "_na"] = X.loc[mask, c].isna().astype(float)
E:\MyFantasyFootball\sim_lab\backtest_context_model.py:77: PerformanceWarning: DataFrame is highly fragmented.  This is usually the result of calling `frame.insert` many times, which has poor performance.  Consider joining all columns at once using pd.concat(axis=1) instead. To get a de-fragmented frame, use `newframe = frame.copy()`
  Z[c + "_na"] = X.loc[mask, c].isna().astype(float)
E:\MyFantasyFootball\sim_lab\backtest_context_model.py:77: PerformanceWarning: DataFrame is highly fragmented.  This is usually the result of calling `frame.insert` many times, which has poor performance.  Consider joining all columns at once using pd.concat(axis=1) instead. To get a de-fragmented frame, use `newframe = frame.copy()`
  Z[c + "_na"] = X.loc[mask, c].isna().astype(float)
E:\MyFantasyFootball\sim_lab\backtest_context_model.py:77: PerformanceWarning: DataFrame is highly fragmented.  This is usually the result of calling `frame.insert` many times, which has poor performance.  Consider joining all columns at once using pd.concat(axis=1) instead. To get a de-fragmented frame, use `newframe = frame.copy()`
  Z[c + "_na"] = X.loc[mask, c].isna().astype(float)
E:\MyFantasyFootball\sim_lab\backtest_context_model.py:77: PerformanceWarning: DataFrame is highly fragmented.  This is usually the result of calling `frame.insert` many times, which has poor performance.  Consider joining all columns at once using pd.concat(axis=1) instead. To get a de-fragmented frame, use `newframe = frame.copy()`
  Z[c + "_na"] = X.loc[mask, c].isna().astype(float)
E:\MyFantasyFootball\sim_lab\backtest_context_model.py:77: PerformanceWarning: DataFrame is highly fragmented.  This is usually the result of calling `frame.insert` many times, which has poor performance.  Consider joining all columns at once using pd.concat(axis=1) instead. To get a de-fragmented frame, use `newframe = frame.copy()`
  Z[c + "_na"] = X.loc[mask, c].isna().astype(float)
E:\MyFantasyFootball\sim_lab\backtest_context_model.py:77: PerformanceWarning: DataFrame is highly fragmented.  This is usually the result of calling `frame.insert` many times, which has poor performance.  Consider joining all columns at once using pd.concat(axis=1) instead. To get a de-fragmented frame, use `newframe = frame.copy()`
  Z[c + "_na"] = X.loc[mask, c].isna().astype(float)
E:\MyFantasyFootball\sim_lab\backtest_context_model.py:77: PerformanceWarning: DataFrame is highly fragmented.  This is usually the result of calling `frame.insert` many times, which has poor performance.  Consider joining all columns at once using pd.concat(axis=1) instead. To get a de-fragmented frame, use `newframe = frame.copy()`
  Z[c + "_na"] = X.loc[mask, c].isna().astype(float)
E:\MyFantasyFootball\sim_lab\backtest_context_model.py:77: PerformanceWarning: DataFrame is highly fragmented.  This is usually the result of calling `frame.insert` many times, which has poor performance.  Consider joining all columns at once using pd.concat(axis=1) instead. To get a de-fragmented frame, use `newframe = frame.copy()`
  Z[c + "_na"] = X.loc[mask, c].isna().astype(float)
E:\MyFantasyFootball\sim_lab\backtest_context_model.py:77: PerformanceWarning: DataFrame is highly fragmented.  This is usually the result of calling `frame.insert` many times, which has poor performance.  Consider joining all columns at once using pd.concat(axis=1) instead. To get a de-fragmented frame, use `newframe = frame.copy()`
  Z[c + "_na"] = X.loc[mask, c].isna().astype(float)
E:\MyFantasyFootball\sim_lab\backtest_context_model.py:77: PerformanceWarning: DataFrame is highly fragmented.  This is usually the result of calling `frame.insert` many times, which has poor performance.  Consider joining all columns at once using pd.concat(axis=1) instead. To get a de-fragmented frame, use `newframe = frame.copy()`
  Z[c + "_na"] = X.loc[mask, c].isna().astype(float)
E:\MyFantasyFootball\sim_lab\backtest_context_model.py:77: PerformanceWarning: DataFrame is highly fragmented.  This is usually the result of calling `frame.insert` many times, which has poor performance.  Consider joining all columns at once using pd.concat(axis=1) instead. To get a de-fragmented frame, use `newframe = frame.copy()`
  Z[c + "_na"] = X.loc[mask, c].isna().astype(float)
E:\MyFantasyFootball\sim_lab\backtest_context_model.py:77: PerformanceWarning: DataFrame is highly fragmented.  This is usually the result of calling `frame.insert` many times, which has poor performance.  Consider joining all columns at once using pd.concat(axis=1) instead. To get a de-fragmented frame, use `newframe = frame.copy()`
  Z[c + "_na"] = X.loc[mask, c].isna().astype(float)
E:\MyFantasyFootball\sim_lab\backtest_context_model.py:77: PerformanceWarning: DataFrame is highly fragmented.  This is usually the result of calling `frame.insert` many times, which has poor performance.  Consider joining all columns at once using pd.concat(axis=1) instead. To get a de-fragmented frame, use `newframe = frame.copy()`
  Z[c + "_na"] = X.loc[mask, c].isna().astype(float)
E:\MyFantasyFootball\sim_lab\backtest_context_model.py:77: PerformanceWarning: DataFrame is highly fragmented.  This is usually the result of calling `frame.insert` many times, which has poor performance.  Consider joining all columns at once using pd.concat(axis=1) instead. To get a de-fragmented frame, use `newframe = frame.copy()`
  Z[c + "_na"] = X.loc[mask, c].isna().astype(float)
E:\MyFantasyFootball\sim_lab\backtest_context_model.py:77: PerformanceWarning: DataFrame is highly fragmented.  This is usually the result of calling `frame.insert` many times, which has poor performance.  Consider joining all columns at once using pd.concat(axis=1) instead. To get a de-fragmented frame, use `newframe = frame.copy()`
  Z[c + "_na"] = X.loc[mask, c].isna().astype(float)
E:\MyFantasyFootball\sim_lab\backtest_context_model.py:77: PerformanceWarning: DataFrame is highly fragmented.  This is usually the result of calling `frame.insert` many times, which has poor performance.  Consider joining all columns at once using pd.concat(axis=1) instead. To get a de-fragmented frame, use `newframe = frame.copy()`
  Z[c + "_na"] = X.loc[mask, c].isna().astype(float)
E:\MyFantasyFootball\sim_lab\backtest_context_model.py:77: PerformanceWarning: DataFrame is highly fragmented.  This is usually the result of calling `frame.insert` many times, which has poor performance.  Consider joining all columns at once using pd.concat(axis=1) instead. To get a de-fragmented frame, use `newframe = frame.copy()`
  Z[c + "_na"] = X.loc[mask, c].isna().astype(float)
E:\MyFantasyFootball\sim_lab\backtest_context_model.py:77: PerformanceWarning: DataFrame is highly fragmented.  This is usually the result of calling `frame.insert` many times, which has poor performance.  Consider joining all columns at once using pd.concat(axis=1) instead. To get a de-fragmented frame, use `newframe = frame.copy()`
  Z[c + "_na"] = X.loc[mask, c].isna().astype(float)
E:\MyFantasyFootball\sim_lab\backtest_context_model.py:77: PerformanceWarning: DataFrame is highly fragmented.  This is usually the result of calling `frame.insert` many times, which has poor performance.  Consider joining all columns at once using pd.concat(axis=1) instead. To get a de-fragmented frame, use `newframe = frame.copy()`
  Z[c + "_na"] = X.loc[mask, c].isna().astype(float)
E:\MyFantasyFootball\sim_lab\backtest_context_model.py:77: PerformanceWarning: DataFrame is highly fragmented.  This is usually the result of calling `frame.insert` many times, which has poor performance.  Consider joining all columns at once using pd.concat(axis=1) instead. To get a de-fragmented frame, use `newframe = frame.copy()`
  Z[c + "_na"] = X.loc[mask, c].isna().astype(float)
E:\MyFantasyFootball\sim_lab\backtest_context_model.py:77: PerformanceWarning: DataFrame is highly fragmented.  This is usually the result of calling `frame.insert` many times, which has poor performance.  Consider joining all columns at once using pd.concat(axis=1) instead. To get a de-fragmented frame, use `newframe = frame.copy()`
  Z[c + "_na"] = X.loc[mask, c].isna().astype(float)
E:\MyFantasyFootball\sim_lab\backtest_context_model.py:77: PerformanceWarning: DataFrame is highly fragmented.  This is usually the result of calling `frame.insert` many times, which has poor performance.  Consider joining all columns at once using pd.concat(axis=1) instead. To get a de-fragmented frame, use `newframe = frame.copy()`
  Z[c + "_na"] = X.loc[mask, c].isna().astype(float)
E:\MyFantasyFootball\sim_lab\backtest_context_model.py:77: PerformanceWarning: DataFrame is highly fragmented.  This is usually the result of calling `frame.insert` many times, which has poor performance.  Consider joining all columns at once using pd.concat(axis=1) instead. To get a de-fragmented frame, use `newframe = frame.copy()`
  Z[c + "_na"] = X.loc[mask, c].isna().astype(float)
E:\MyFantasyFootball\sim_lab\backtest_context_model.py:77: PerformanceWarning: DataFrame is highly fragmented.  This is usually the result of calling `frame.insert` many times, which has poor performance.  Consider joining all columns at once using pd.concat(axis=1) instead. To get a de-fragmented frame, use `newframe = frame.copy()`
  Z[c + "_na"] = X.loc[mask, c].isna().astype(float)
E:\MyFantasyFootball\sim_lab\backtest_context_model.py:77: PerformanceWarning: DataFrame is highly fragmented.  This is usually the result of calling `frame.insert` many times, which has poor performance.  Consider joining all columns at once using pd.concat(axis=1) instead. To get a de-fragmented frame, use `newframe = frame.copy()`
  Z[c + "_na"] = X.loc[mask, c].isna().astype(float)
E:\MyFantasyFootball\sim_lab\backtest_context_model.py:77: PerformanceWarning: DataFrame is highly fragmented.  This is usually the result of calling `frame.insert` many times, which has poor performance.  Consider joining all columns at once using pd.concat(axis=1) instead. To get a de-fragmented frame, use `newframe = frame.copy()`
  Z[c + "_na"] = X.loc[mask, c].isna().astype(float)
E:\MyFantasyFootball\sim_lab\backtest_context_model.py:77: PerformanceWarning: DataFrame is highly fragmented.  This is usually the result of calling `frame.insert` many times, which has poor performance.  Consider joining all columns at once using pd.concat(axis=1) instead. To get a de-fragmented frame, use `newframe = frame.copy()`
  Z[c + "_na"] = X.loc[mask, c].isna().astype(float)
E:\MyFantasyFootball\sim_lab\backtest_context_model.py:77: PerformanceWarning: DataFrame is highly fragmented.  This is usually the result of calling `frame.insert` many times, which has poor performance.  Consider joining all columns at once using pd.concat(axis=1) instead. To get a de-fragmented frame, use `newframe = frame.copy()`
  Z[c + "_na"] = X.loc[mask, c].isna().astype(float)
E:\MyFantasyFootball\sim_lab\backtest_context_model.py:77: PerformanceWarning: DataFrame is highly fragmented.  This is usually the result of calling `frame.insert` many times, which has poor performance.  Consider joining all columns at once using pd.concat(axis=1) instead. To get a de-fragmented frame, use `newframe = frame.copy()`
  Z[c + "_na"] = X.loc[mask, c].isna().astype(float)
E:\MyFantasyFootball\sim_lab\backtest_context_model.py:77: PerformanceWarning: DataFrame is highly fragmented.  This is usually the result of calling `frame.insert` many times, which has poor performance.  Consider joining all columns at once using pd.concat(axis=1) instead. To get a de-fragmented frame, use `newframe = frame.copy()`
  Z[c + "_na"] = X.loc[mask, c].isna().astype(float)
E:\MyFantasyFootball\sim_lab\backtest_context_model.py:77: PerformanceWarning: DataFrame is highly fragmented.  This is usually the result of calling `frame.insert` many times, which has poor performance.  Consider joining all columns at once using pd.concat(axis=1) instead. To get a de-fragmented frame, use `newframe = frame.copy()`
  Z[c + "_na"] = X.loc[mask, c].isna().astype(float)
E:\MyFantasyFootball\sim_lab\backtest_context_model.py:77: PerformanceWarning: DataFrame is highly fragmented.  This is usually the result of calling `frame.insert` many times, which has poor performance.  Consider joining all columns at once using pd.concat(axis=1) instead. To get a de-fragmented frame, use `newframe = frame.copy()`
  Z[c + "_na"] = X.loc[mask, c].isna().astype(float)
E:\MyFantasyFootball\sim_lab\backtest_context_model.py:77: PerformanceWarning: DataFrame is highly fragmented.  This is usually the result of calling `frame.insert` many times, which has poor performance.  Consider joining all columns at once using pd.concat(axis=1) instead. To get a de-fragmented frame, use `newframe = frame.copy()`
  Z[c + "_na"] = X.loc[mask, c].isna().astype(float)
E:\MyFantasyFootball\sim_lab\backtest_context_model.py:77: PerformanceWarning: DataFrame is highly fragmented.  This is usually the result of calling `frame.insert` many times, which has poor performance.  Consider joining all columns at once using pd.concat(axis=1) instead. To get a de-fragmented frame, use `newframe = frame.copy()`
  Z[c + "_na"] = X.loc[mask, c].isna().astype(float)
E:\MyFantasyFootball\sim_lab\backtest_context_model.py:77: PerformanceWarning: DataFrame is highly fragmented.  This is usually the result of calling `frame.insert` many times, which has poor performance.  Consider joining all columns at once using pd.concat(axis=1) instead. To get a de-fragmented frame, use `newframe = frame.copy()`
  Z[c + "_na"] = X.loc[mask, c].isna().astype(float)
E:\MyFantasyFootball\sim_lab\backtest_context_model.py:77: PerformanceWarning: DataFrame is highly fragmented.  This is usually the result of calling `frame.insert` many times, which has poor performance.  Consider joining all columns at once using pd.concat(axis=1) instead. To get a de-fragmented frame, use `newframe = frame.copy()`
  Z[c + "_na"] = X.loc[mask, c].isna().astype(float)
E:\MyFantasyFootball\sim_lab\backtest_context_model.py:77: PerformanceWarning: DataFrame is highly fragmented.  This is usually the result of calling `frame.insert` many times, which has poor performance.  Consider joining all columns at once using pd.concat(axis=1) instead. To get a de-fragmented frame, use `newframe = frame.copy()`
  Z[c + "_na"] = X.loc[mask, c].isna().astype(float)
E:\MyFantasyFootball\sim_lab\backtest_context_model.py:77: PerformanceWarning: DataFrame is highly fragmented.  This is usually the result of calling `frame.insert` many times, which has poor performance.  Consider joining all columns at once using pd.concat(axis=1) instead. To get a de-fragmented frame, use `newframe = frame.copy()`
  Z[c + "_na"] = X.loc[mask, c].isna().astype(float)
E:\MyFantasyFootball\sim_lab\backtest_context_model.py:77: PerformanceWarning: DataFrame is highly fragmented.  This is usually the result of calling `frame.insert` many times, which has poor performance.  Consider joining all columns at once using pd.concat(axis=1) instead. To get a de-fragmented frame, use `newframe = frame.copy()`
  Z[c + "_na"] = X.loc[mask, c].isna().astype(float)
E:\MyFantasyFootball\sim_lab\backtest_context_model.py:77: PerformanceWarning: DataFrame is highly fragmented.  This is usually the result of calling `frame.insert` many times, which has poor performance.  Consider joining all columns at once using pd.concat(axis=1) instead. To get a de-fragmented frame, use `newframe = frame.copy()`
  Z[c + "_na"] = X.loc[mask, c].isna().astype(float)
E:\MyFantasyFootball\sim_lab\backtest_context_model.py:77: PerformanceWarning: DataFrame is highly fragmented.  This is usually the result of calling `frame.insert` many times, which has poor performance.  Consider joining all columns at once using pd.concat(axis=1) instead. To get a de-fragmented frame, use `newframe = frame.copy()`
  Z[c + "_na"] = X.loc[mask, c].isna().astype(float)
E:\MyFantasyFootball\sim_lab\backtest_context_model.py:77: PerformanceWarning: DataFrame is highly fragmented.  This is usually the result of calling `frame.insert` many times, which has poor performance.  Consider joining all columns at once using pd.concat(axis=1) instead. To get a de-fragmented frame, use `newframe = frame.copy()`
  Z[c + "_na"] = X.loc[mask, c].isna().astype(float)
E:\MyFantasyFootball\sim_lab\backtest_context_model.py:77: PerformanceWarning: DataFrame is highly fragmented.  This is usually the result of calling `frame.insert` many times, which has poor performance.  Consider joining all columns at once using pd.concat(axis=1) instead. To get a de-fragmented frame, use `newframe = frame.copy()`
  Z[c + "_na"] = X.loc[mask, c].isna().astype(float)
E:\MyFantasyFootball\sim_lab\backtest_context_model.py:77: PerformanceWarning: DataFrame is highly fragmented.  This is usually the result of calling `frame.insert` many times, which has poor performance.  Consider joining all columns at once using pd.concat(axis=1) instead. To get a de-fragmented frame, use `newframe = frame.copy()`
  Z[c + "_na"] = X.loc[mask, c].isna().astype(float)
E:\MyFantasyFootball\sim_lab\backtest_context_model.py:77: PerformanceWarning: DataFrame is highly fragmented.  This is usually the result of calling `frame.insert` many times, which has poor performance.  Consider joining all columns at once using pd.concat(axis=1) instead. To get a de-fragmented frame, use `newframe = frame.copy()`
  Z[c + "_na"] = X.loc[mask, c].isna().astype(float)
E:\MyFantasyFootball\sim_lab\backtest_context_model.py:77: PerformanceWarning: DataFrame is highly fragmented.  This is usually the result of calling `frame.insert` many times, which has poor performance.  Consider joining all columns at once using pd.concat(axis=1) instead. To get a de-fragmented frame, use `newframe = frame.copy()`
  Z[c + "_na"] = X.loc[mask, c].isna().astype(float)
E:\MyFantasyFootball\sim_lab\backtest_context_model.py:77: PerformanceWarning: DataFrame is highly fragmented.  This is usually the result of calling `frame.insert` many times, which has poor performance.  Consider joining all columns at once using pd.concat(axis=1) instead. To get a de-fragmented frame, use `newframe = frame.copy()`
  Z[c + "_na"] = X.loc[mask, c].isna().astype(float)
E:\MyFantasyFootball\sim_lab\backtest_context_model.py:77: PerformanceWarning: DataFrame is highly fragmented.  This is usually the result of calling `frame.insert` many times, which has poor performance.  Consider joining all columns at once using pd.concat(axis=1) instead. To get a de-fragmented frame, use `newframe = frame.copy()`
  Z[c + "_na"] = X.loc[mask, c].isna().astype(float)
E:\MyFantasyFootball\sim_lab\backtest_context_model.py:77: PerformanceWarning: DataFrame is highly fragmented.  This is usually the result of calling `frame.insert` many times, which has poor performance.  Consider joining all columns at once using pd.concat(axis=1) instead. To get a de-fragmented frame, use `newframe = frame.copy()`
  Z[c + "_na"] = X.loc[mask, c].isna().astype(float)
E:\MyFantasyFootball\sim_lab\backtest_context_model.py:77: PerformanceWarning: DataFrame is highly fragmented.  This is usually the result of calling `frame.insert` many times, which has poor performance.  Consider joining all columns at once using pd.concat(axis=1) instead. To get a de-fragmented frame, use `newframe = frame.copy()`
  Z[c + "_na"] = X.loc[mask, c].isna().astype(float)
E:\MyFantasyFootball\sim_lab\backtest_context_model.py:77: PerformanceWarning: DataFrame is highly fragmented.  This is usually the result of calling `frame.insert` many times, which has poor performance.  Consider joining all columns at once using pd.concat(axis=1) instead. To get a de-fragmented frame, use `newframe = frame.copy()`
  Z[c + "_na"] = X.loc[mask, c].isna().astype(float)
E:\MyFantasyFootball\sim_lab\backtest_context_model.py:77: PerformanceWarning: DataFrame is highly fragmented.  This is usually the result of calling `frame.insert` many times, which has poor performance.  Consider joining all columns at once using pd.concat(axis=1) instead. To get a de-fragmented frame, use `newframe = frame.copy()`
  Z[c + "_na"] = X.loc[mask, c].isna().astype(float)
E:\MyFantasyFootball\sim_lab\backtest_context_model.py:77: PerformanceWarning: DataFrame is highly fragmented.  This is usually the result of calling `frame.insert` many times, which has poor performance.  Consider joining all columns at once using pd.concat(axis=1) instead. To get a de-fragmented frame, use `newframe = frame.copy()`
  Z[c + "_na"] = X.loc[mask, c].isna().astype(float)
E:\MyFantasyFootball\sim_lab\backtest_context_model.py:77: PerformanceWarning: DataFrame is highly fragmented.  This is usually the result of calling `frame.insert` many times, which has poor performance.  Consider joining all columns at once using pd.concat(axis=1) instead. To get a de-fragmented frame, use `newframe = frame.copy()`
  Z[c + "_na"] = X.loc[mask, c].isna().astype(float)
E:\MyFantasyFootball\sim_lab\backtest_context_model.py:77: PerformanceWarning: DataFrame is highly fragmented.  This is usually the result of calling `frame.insert` many times, which has poor performance.  Consider joining all columns at once using pd.concat(axis=1) instead. To get a de-fragmented frame, use `newframe = frame.copy()`
  Z[c + "_na"] = X.loc[mask, c].isna().astype(float)
E:\MyFantasyFootball\sim_lab\backtest_context_model.py:77: PerformanceWarning: DataFrame is highly fragmented.  This is usually the result of calling `frame.insert` many times, which has poor performance.  Consider joining all columns at once using pd.concat(axis=1) instead. To get a de-fragmented frame, use `newframe = frame.copy()`
  Z[c + "_na"] = X.loc[mask, c].isna().astype(float)
E:\MyFantasyFootball\sim_lab\backtest_context_model.py:77: PerformanceWarning: DataFrame is highly fragmented.  This is usually the result of calling `frame.insert` many times, which has poor performance.  Consider joining all columns at once using pd.concat(axis=1) instead. To get a de-fragmented frame, use `newframe = frame.copy()`
  Z[c + "_na"] = X.loc[mask, c].isna().astype(float)
E:\MyFantasyFootball\sim_lab\backtest_context_model.py:77: PerformanceWarning: DataFrame is highly fragmented.  This is usually the result of calling `frame.insert` many times, which has poor performance.  Consider joining all columns at once using pd.concat(axis=1) instead. To get a de-fragmented frame, use `newframe = frame.copy()`
  Z[c + "_na"] = X.loc[mask, c].isna().astype(float)
E:\MyFantasyFootball\sim_lab\backtest_context_model.py:77: PerformanceWarning: DataFrame is highly fragmented.  This is usually the result of calling `frame.insert` many times, which has poor performance.  Consider joining all columns at once using pd.concat(axis=1) instead. To get a de-fragmented frame, use `newframe = frame.copy()`
  Z[c + "_na"] = X.loc[mask, c].isna().astype(float)
E:\MyFantasyFootball\sim_lab\backtest_context_model.py:77: PerformanceWarning: DataFrame is highly fragmented.  This is usually the result of calling `frame.insert` many times, which has poor performance.  Consider joining all columns at once using pd.concat(axis=1) instead. To get a de-fragmented frame, use `newframe = frame.copy()`
  Z[c + "_na"] = X.loc[mask, c].isna().astype(float)
E:\MyFantasyFootball\sim_lab\backtest_context_model.py:77: PerformanceWarning: DataFrame is highly fragmented.  This is usually the result of calling `frame.insert` many times, which has poor performance.  Consider joining all columns at once using pd.concat(axis=1) instead. To get a de-fragmented frame, use `newframe = frame.copy()`
  Z[c + "_na"] = X.loc[mask, c].isna().astype(float)
E:\MyFantasyFootball\sim_lab\backtest_context_model.py:77: PerformanceWarning: DataFrame is highly fragmented.  This is usually the result of calling `frame.insert` many times, which has poor performance.  Consider joining all columns at once using pd.concat(axis=1) instead. To get a de-fragmented frame, use `newframe = frame.copy()`
  Z[c + "_na"] = X.loc[mask, c].isna().astype(float)
E:\MyFantasyFootball\sim_lab\backtest_context_model.py:77: PerformanceWarning: DataFrame is highly fragmented.  This is usually the result of calling `frame.insert` many times, which has poor performance.  Consider joining all columns at once using pd.concat(axis=1) instead. To get a de-fragmented frame, use `newframe = frame.copy()`
  Z[c + "_na"] = X.loc[mask, c].isna().astype(float)
E:\MyFantasyFootball\sim_lab\backtest_context_model.py:77: PerformanceWarning: DataFrame is highly fragmented.  This is usually the result of calling `frame.insert` many times, which has poor performance.  Consider joining all columns at once using pd.concat(axis=1) instead. To get a de-fragmented frame, use `newframe = frame.copy()`
  Z[c + "_na"] = X.loc[mask, c].isna().astype(float)
E:\MyFantasyFootball\sim_lab\backtest_context_model.py:77: PerformanceWarning: DataFrame is highly fragmented.  This is usually the result of calling `frame.insert` many times, which has poor performance.  Consider joining all columns at once using pd.concat(axis=1) instead. To get a de-fragmented frame, use `newframe = frame.copy()`
  Z[c + "_na"] = X.loc[mask, c].isna().astype(float)
E:\MyFantasyFootball\sim_lab\backtest_context_model.py:77: PerformanceWarning: DataFrame is highly fragmented.  This is usually the result of calling `frame.insert` many times, which has poor performance.  Consider joining all columns at once using pd.concat(axis=1) instead. To get a de-fragmented frame, use `newframe = frame.copy()`
  Z[c + "_na"] = X.loc[mask, c].isna().astype(float)
E:\MyFantasyFootball\sim_lab\backtest_context_model.py:77: PerformanceWarning: DataFrame is highly fragmented.  This is usually the result of calling `frame.insert` many times, which has poor performance.  Consider joining all columns at once using pd.concat(axis=1) instead. To get a de-fragmented frame, use `newframe = frame.copy()`
  Z[c + "_na"] = X.loc[mask, c].isna().astype(float)
E:\MyFantasyFootball\sim_lab\backtest_context_model.py:77: PerformanceWarning: DataFrame is highly fragmented.  This is usually the result of calling `frame.insert` many times, which has poor performance.  Consider joining all columns at once using pd.concat(axis=1) instead. To get a de-fragmented frame, use `newframe = frame.copy()`
  Z[c + "_na"] = X.loc[mask, c].isna().astype(float)
E:\MyFantasyFootball\sim_lab\backtest_context_model.py:77: PerformanceWarning: DataFrame is highly fragmented.  This is usually the result of calling `frame.insert` many times, which has poor performance.  Consider joining all columns at once using pd.concat(axis=1) instead. To get a de-fragmented frame, use `newframe = frame.copy()`
  Z[c + "_na"] = X.loc[mask, c].isna().astype(float)
E:\MyFantasyFootball\sim_lab\backtest_context_model.py:77: PerformanceWarning: DataFrame is highly fragmented.  This is usually the result of calling `frame.insert` many times, which has poor performance.  Consider joining all columns at once using pd.concat(axis=1) instead. To get a de-fragmented frame, use `newframe = frame.copy()`
  Z[c + "_na"] = X.loc[mask, c].isna().astype(float)
E:\MyFantasyFootball\sim_lab\backtest_context_model.py:77: PerformanceWarning: DataFrame is highly fragmented.  This is usually the result of calling `frame.insert` many times, which has poor performance.  Consider joining all columns at once using pd.concat(axis=1) instead. To get a de-fragmented frame, use `newframe = frame.copy()`
  Z[c + "_na"] = X.loc[mask, c].isna().astype(float)
E:\MyFantasyFootball\sim_lab\backtest_context_model.py:77: PerformanceWarning: DataFrame is highly fragmented.  This is usually the result of calling `frame.insert` many times, which has poor performance.  Consider joining all columns at once using pd.concat(axis=1) instead. To get a de-fragmented frame, use `newframe = frame.copy()`
  Z[c + "_na"] = X.loc[mask, c].isna().astype(float)
E:\MyFantasyFootball\sim_lab\backtest_context_model.py:77: PerformanceWarning: DataFrame is highly fragmented.  This is usually the result of calling `frame.insert` many times, which has poor performance.  Consider joining all columns at once using pd.concat(axis=1) instead. To get a de-fragmented frame, use `newframe = frame.copy()`
  Z[c + "_na"] = X.loc[mask, c].isna().astype(float)
E:\MyFantasyFootball\sim_lab\backtest_context_model.py:77: PerformanceWarning: DataFrame is highly fragmented.  This is usually the result of calling `frame.insert` many times, which has poor performance.  Consider joining all columns at once using pd.concat(axis=1) instead. To get a de-fragmented frame, use `newframe = frame.copy()`
  Z[c + "_na"] = X.loc[mask, c].isna().astype(float)
E:\MyFantasyFootball\sim_lab\backtest_context_model.py:77: PerformanceWarning: DataFrame is highly fragmented.  This is usually the result of calling `frame.insert` many times, which has poor performance.  Consider joining all columns at once using pd.concat(axis=1) instead. To get a de-fragmented frame, use `newframe = frame.copy()`
  Z[c + "_na"] = X.loc[mask, c].isna().astype(float)
E:\MyFantasyFootball\sim_lab\backtest_context_model.py:77: PerformanceWarning: DataFrame is highly fragmented.  This is usually the result of calling `frame.insert` many times, which has poor performance.  Consider joining all columns at once using pd.concat(axis=1) instead. To get a de-fragmented frame, use `newframe = frame.copy()`
  Z[c + "_na"] = X.loc[mask, c].isna().astype(float)
E:\MyFantasyFootball\sim_lab\backtest_context_model.py:77: PerformanceWarning: DataFrame is highly fragmented.  This is usually the result of calling `frame.insert` many times, which has poor performance.  Consider joining all columns at once using pd.concat(axis=1) instead. To get a de-fragmented frame, use `newframe = frame.copy()`
  Z[c + "_na"] = X.loc[mask, c].isna().astype(float)
E:\MyFantasyFootball\sim_lab\backtest_context_model.py:77: PerformanceWarning: DataFrame is highly fragmented.  This is usually the result of calling `frame.insert` many times, which has poor performance.  Consider joining all columns at once using pd.concat(axis=1) instead. To get a de-fragmented frame, use `newframe = frame.copy()`
  Z[c + "_na"] = X.loc[mask, c].isna().astype(float)
E:\MyFantasyFootball\sim_lab\backtest_context_model.py:77: PerformanceWarning: DataFrame is highly fragmented.  This is usually the result of calling `frame.insert` many times, which has poor performance.  Consider joining all columns at once using pd.concat(axis=1) instead. To get a de-fragmented frame, use `newframe = frame.copy()`
  Z[c + "_na"] = X.loc[mask, c].isna().astype(float)
E:\MyFantasyFootball\sim_lab\backtest_context_model.py:77: PerformanceWarning: DataFrame is highly fragmented.  This is usually the result of calling `frame.insert` many times, which has poor performance.  Consider joining all columns at once using pd.concat(axis=1) instead. To get a de-fragmented frame, use `newframe = frame.copy()`
  Z[c + "_na"] = X.loc[mask, c].isna().astype(float)
E:\MyFantasyFootball\sim_lab\backtest_context_model.py:77: PerformanceWarning: DataFrame is highly fragmented.  This is usually the result of calling `frame.insert` many times, which has poor performance.  Consider joining all columns at once using pd.concat(axis=1) instead. To get a de-fragmented frame, use `newframe = frame.copy()`
  Z[c + "_na"] = X.loc[mask, c].isna().astype(float)
E:\MyFantasyFootball\sim_lab\backtest_context_model.py:77: PerformanceWarning: DataFrame is highly fragmented.  This is usually the result of calling `frame.insert` many times, which has poor performance.  Consider joining all columns at once using pd.concat(axis=1) instead. To get a de-fragmented frame, use `newframe = frame.copy()`
  Z[c + "_na"] = X.loc[mask, c].isna().astype(float)
E:\MyFantasyFootball\sim_lab\backtest_context_model.py:77: PerformanceWarning: DataFrame is highly fragmented.  This is usually the result of calling `frame.insert` many times, which has poor performance.  Consider joining all columns at once using pd.concat(axis=1) instead. To get a de-fragmented frame, use `newframe = frame.copy()`
  Z[c + "_na"] = X.loc[mask, c].isna().astype(float)
E:\MyFantasyFootball\sim_lab\backtest_context_model.py:77: PerformanceWarning: DataFrame is highly fragmented.  This is usually the result of calling `frame.insert` many times, which has poor performance.  Consider joining all columns at once using pd.concat(axis=1) instead. To get a de-fragmented frame, use `newframe = frame.copy()`
  Z[c + "_na"] = X.loc[mask, c].isna().astype(float)
E:\MyFantasyFootball\sim_lab\backtest_context_model.py:77: PerformanceWarning: DataFrame is highly fragmented.  This is usually the result of calling `frame.insert` many times, which has poor performance.  Consider joining all columns at once using pd.concat(axis=1) instead. To get a de-fragmented frame, use `newframe = frame.copy()`
  Z[c + "_na"] = X.loc[mask, c].isna().astype(float)
E:\MyFantasyFootball\sim_lab\backtest_context_model.py:77: PerformanceWarning: DataFrame is highly fragmented.  This is usually the result of calling `frame.insert` many times, which has poor performance.  Consider joining all columns at once using pd.concat(axis=1) instead. To get a de-fragmented frame, use `newframe = frame.copy()`
  Z[c + "_na"] = X.loc[mask, c].isna().astype(float)
E:\MyFantasyFootball\sim_lab\backtest_context_model.py:77: PerformanceWarning: DataFrame is highly fragmented.  This is usually the result of calling `frame.insert` many times, which has poor performance.  Consider joining all columns at once using pd.concat(axis=1) instead. To get a de-fragmented frame, use `newframe = frame.copy()`
  Z[c + "_na"] = X.loc[mask, c].isna().astype(float)
E:\MyFantasyFootball\sim_lab\backtest_context_model.py:77: PerformanceWarning: DataFrame is highly fragmented.  This is usually the result of calling `frame.insert` many times, which has poor performance.  Consider joining all columns at once using pd.concat(axis=1) instead. To get a de-fragmented frame, use `newframe = frame.copy()`
  Z[c + "_na"] = X.loc[mask, c].isna().astype(float)
E:\MyFantasyFootball\sim_lab\backtest_context_model.py:77: PerformanceWarning: DataFrame is highly fragmented.  This is usually the result of calling `frame.insert` many times, which has poor performance.  Consider joining all columns at once using pd.concat(axis=1) instead. To get a de-fragmented frame, use `newframe = frame.copy()`
  Z[c + "_na"] = X.loc[mask, c].isna().astype(float)
E:\MyFantasyFootball\sim_lab\backtest_context_model.py:77: PerformanceWarning: DataFrame is highly fragmented.  This is usually the result of calling `frame.insert` many times, which has poor performance.  Consider joining all columns at once using pd.concat(axis=1) instead. To get a de-fragmented frame, use `newframe = frame.copy()`
  Z[c + "_na"] = X.loc[mask, c].isna().astype(float)
E:\MyFantasyFootball\sim_lab\backtest_context_model.py:77: PerformanceWarning: DataFrame is highly fragmented.  This is usually the result of calling `frame.insert` many times, which has poor performance.  Consider joining all columns at once using pd.concat(axis=1) instead. To get a de-fragmented frame, use `newframe = frame.copy()`
  Z[c + "_na"] = X.loc[mask, c].isna().astype(float)
E:\MyFantasyFootball\sim_lab\backtest_context_model.py:77: PerformanceWarning: DataFrame is highly fragmented.  This is usually the result of calling `frame.insert` many times, which has poor performance.  Consider joining all columns at once using pd.concat(axis=1) instead. To get a de-fragmented frame, use `newframe = frame.copy()`
  Z[c + "_na"] = X.loc[mask, c].isna().astype(float)
E:\MyFantasyFootball\sim_lab\backtest_context_model.py:77: PerformanceWarning: DataFrame is highly fragmented.  This is usually the result of calling `frame.insert` many times, which has poor performance.  Consider joining all columns at once using pd.concat(axis=1) instead. To get a de-fragmented frame, use `newframe = frame.copy()`
  Z[c + "_na"] = X.loc[mask, c].isna().astype(float)
E:\MyFantasyFootball\sim_lab\backtest_context_model.py:77: PerformanceWarning: DataFrame is highly fragmented.  This is usually the result of calling `frame.insert` many times, which has poor performance.  Consider joining all columns at once using pd.concat(axis=1) instead. To get a de-fragmented frame, use `newframe = frame.copy()`
  Z[c + "_na"] = X.loc[mask, c].isna().astype(float)
E:\MyFantasyFootball\sim_lab\backtest_context_model.py:77: PerformanceWarning: DataFrame is highly fragmented.  This is usually the result of calling `frame.insert` many times, which has poor performance.  Consider joining all columns at once using pd.concat(axis=1) instead. To get a de-fragmented frame, use `newframe = frame.copy()`
  Z[c + "_na"] = X.loc[mask, c].isna().astype(float)
E:\MyFantasyFootball\sim_lab\backtest_context_model.py:77: PerformanceWarning: DataFrame is highly fragmented.  This is usually the result of calling `frame.insert` many times, which has poor performance.  Consider joining all columns at once using pd.concat(axis=1) instead. To get a de-fragmented frame, use `newframe = frame.copy()`
  Z[c + "_na"] = X.loc[mask, c].isna().astype(float)
E:\MyFantasyFootball\sim_lab\backtest_context_model.py:77: PerformanceWarning: DataFrame is highly fragmented.  This is usually the result of calling `frame.insert` many times, which has poor performance.  Consider joining all columns at once using pd.concat(axis=1) instead. To get a de-fragmented frame, use `newframe = frame.copy()`
  Z[c + "_na"] = X.loc[mask, c].isna().astype(float)
E:\MyFantasyFootball\sim_lab\backtest_context_model.py:77: PerformanceWarning: DataFrame is highly fragmented.  This is usually the result of calling `frame.insert` many times, which has poor performance.  Consider joining all columns at once using pd.concat(axis=1) instead. To get a de-fragmented frame, use `newframe = frame.copy()`
  Z[c + "_na"] = X.loc[mask, c].isna().astype(float)
E:\MyFantasyFootball\sim_lab\backtest_context_model.py:77: PerformanceWarning: DataFrame is highly fragmented.  This is usually the result of calling `frame.insert` many times, which has poor performance.  Consider joining all columns at once using pd.concat(axis=1) instead. To get a de-fragmented frame, use `newframe = frame.copy()`
  Z[c + "_na"] = X.loc[mask, c].isna().astype(float)
E:\MyFantasyFootball\sim_lab\backtest_context_model.py:77: PerformanceWarning: DataFrame is highly fragmented.  This is usually the result of calling `frame.insert` many times, which has poor performance.  Consider joining all columns at once using pd.concat(axis=1) instead. To get a de-fragmented frame, use `newframe = frame.copy()`
  Z[c + "_na"] = X.loc[mask, c].isna().astype(float)
E:\MyFantasyFootball\sim_lab\backtest_context_model.py:77: PerformanceWarning: DataFrame is highly fragmented.  This is usually the result of calling `frame.insert` many times, which has poor performance.  Consider joining all columns at once using pd.concat(axis=1) instead. To get a de-fragmented frame, use `newframe = frame.copy()`
  Z[c + "_na"] = X.loc[mask, c].isna().astype(float)
E:\MyFantasyFootball\sim_lab\backtest_context_model.py:77: PerformanceWarning: DataFrame is highly fragmented.  This is usually the result of calling `frame.insert` many times, which has poor performance.  Consider joining all columns at once using pd.concat(axis=1) instead. To get a de-fragmented frame, use `newframe = frame.copy()`
  Z[c + "_na"] = X.loc[mask, c].isna().astype(float)
E:\MyFantasyFootball\sim_lab\backtest_context_model.py:77: PerformanceWarning: DataFrame is highly fragmented.  This is usually the result of calling `frame.insert` many times, which has poor performance.  Consider joining all columns at once using pd.concat(axis=1) instead. To get a de-fragmented frame, use `newframe = frame.copy()`
  Z[c + "_na"] = X.loc[mask, c].isna().astype(float)
E:\MyFantasyFootball\sim_lab\backtest_context_model.py:77: PerformanceWarning: DataFrame is highly fragmented.  This is usually the result of calling `frame.insert` many times, which has poor performance.  Consider joining all columns at once using pd.concat(axis=1) instead. To get a de-fragmented frame, use `newframe = frame.copy()`
  Z[c + "_na"] = X.loc[mask, c].isna().astype(float)
E:\MyFantasyFootball\sim_lab\backtest_context_model.py:77: PerformanceWarning: DataFrame is highly fragmented.  This is usually the result of calling `frame.insert` many times, which has poor performance.  Consider joining all columns at once using pd.concat(axis=1) instead. To get a de-fragmented frame, use `newframe = frame.copy()`
  Z[c + "_na"] = X.loc[mask, c].isna().astype(float)
E:\MyFantasyFootball\sim_lab\backtest_context_model.py:77: PerformanceWarning: DataFrame is highly fragmented.  This is usually the result of calling `frame.insert` many times, which has poor performance.  Consider joining all columns at once using pd.concat(axis=1) instead. To get a de-fragmented frame, use `newframe = frame.copy()`
  Z[c + "_na"] = X.loc[mask, c].isna().astype(float)
E:\MyFantasyFootball\sim_lab\backtest_context_model.py:77: PerformanceWarning: DataFrame is highly fragmented.  This is usually the result of calling `frame.insert` many times, which has poor performance.  Consider joining all columns at once using pd.concat(axis=1) instead. To get a de-fragmented frame, use `newframe = frame.copy()`
  Z[c + "_na"] = X.loc[mask, c].isna().astype(float)
E:\MyFantasyFootball\sim_lab\backtest_context_model.py:77: PerformanceWarning: DataFrame is highly fragmented.  This is usually the result of calling `frame.insert` many times, which has poor performance.  Consider joining all columns at once using pd.concat(axis=1) instead. To get a de-fragmented frame, use `newframe = frame.copy()`
  Z[c + "_na"] = X.loc[mask, c].isna().astype(float)
E:\MyFantasyFootball\sim_lab\backtest_context_model.py:77: PerformanceWarning: DataFrame is highly fragmented.  This is usually the result of calling `frame.insert` many times, which has poor performance.  Consider joining all columns at once using pd.concat(axis=1) instead. To get a de-fragmented frame, use `newframe = frame.copy()`
  Z[c + "_na"] = X.loc[mask, c].isna().astype(float)
E:\MyFantasyFootball\sim_lab\backtest_context_model.py:77: PerformanceWarning: DataFrame is highly fragmented.  This is usually the result of calling `frame.insert` many times, which has poor performance.  Consider joining all columns at once using pd.concat(axis=1) instead. To get a de-fragmented frame, use `newframe = frame.copy()`
  Z[c + "_na"] = X.loc[mask, c].isna().astype(float)
E:\MyFantasyFootball\sim_lab\backtest_context_model.py:77: PerformanceWarning: DataFrame is highly fragmented.  This is usually the result of calling `frame.insert` many times, which has poor performance.  Consider joining all columns at once using pd.concat(axis=1) instead. To get a de-fragmented frame, use `newframe = frame.copy()`
  Z[c + "_na"] = X.loc[mask, c].isna().astype(float)
E:\MyFantasyFootball\sim_lab\backtest_context_model.py:77: PerformanceWarning: DataFrame is highly fragmented.  This is usually the result of calling `frame.insert` many times, which has poor performance.  Consider joining all columns at once using pd.concat(axis=1) instead. To get a de-fragmented frame, use `newframe = frame.copy()`
  Z[c + "_na"] = X.loc[mask, c].isna().astype(float)
E:\MyFantasyFootball\sim_lab\backtest_context_model.py:77: PerformanceWarning: DataFrame is highly fragmented.  This is usually the result of calling `frame.insert` many times, which has poor performance.  Consider joining all columns at once using pd.concat(axis=1) instead. To get a de-fragmented frame, use `newframe = frame.copy()`
  Z[c + "_na"] = X.loc[mask, c].isna().astype(float)
E:\MyFantasyFootball\sim_lab\backtest_context_model.py:77: PerformanceWarning: DataFrame is highly fragmented.  This is usually the result of calling `frame.insert` many times, which has poor performance.  Consider joining all columns at once using pd.concat(axis=1) instead. To get a de-fragmented frame, use `newframe = frame.copy()`
  Z[c + "_na"] = X.loc[mask, c].isna().astype(float)
E:\MyFantasyFootball\sim_lab\backtest_context_model.py:77: PerformanceWarning: DataFrame is highly fragmented.  This is usually the result of calling `frame.insert` many times, which has poor performance.  Consider joining all columns at once using pd.concat(axis=1) instead. To get a de-fragmented frame, use `newframe = frame.copy()`
  Z[c + "_na"] = X.loc[mask, c].isna().astype(float)
E:\MyFantasyFootball\sim_lab\backtest_context_model.py:77: PerformanceWarning: DataFrame is highly fragmented.  This is usually the result of calling `frame.insert` many times, which has poor performance.  Consider joining all columns at once using pd.concat(axis=1) instead. To get a de-fragmented frame, use `newframe = frame.copy()`
  Z[c + "_na"] = X.loc[mask, c].isna().astype(float)
E:\MyFantasyFootball\sim_lab\backtest_context_model.py:77: PerformanceWarning: DataFrame is highly fragmented.  This is usually the result of calling `frame.insert` many times, which has poor performance.  Consider joining all columns at once using pd.concat(axis=1) instead. To get a de-fragmented frame, use `newframe = frame.copy()`
  Z[c + "_na"] = X.loc[mask, c].isna().astype(float)
E:\MyFantasyFootball\sim_lab\backtest_context_model.py:77: PerformanceWarning: DataFrame is highly fragmented.  This is usually the result of calling `frame.insert` many times, which has poor performance.  Consider joining all columns at once using pd.concat(axis=1) instead. To get a de-fragmented frame, use `newframe = frame.copy()`
  Z[c + "_na"] = X.loc[mask, c].isna().astype(float)
E:\MyFantasyFootball\sim_lab\backtest_context_model.py:77: PerformanceWarning: DataFrame is highly fragmented.  This is usually the result of calling `frame.insert` many times, which has poor performance.  Consider joining all columns at once using pd.concat(axis=1) instead. To get a de-fragmented frame, use `newframe = frame.copy()`
  Z[c + "_na"] = X.loc[mask, c].isna().astype(float)
E:\MyFantasyFootball\sim_lab\backtest_context_model.py:77: PerformanceWarning: DataFrame is highly fragmented.  This is usually the result of calling `frame.insert` many times, which has poor performance.  Consider joining all columns at once using pd.concat(axis=1) instead. To get a de-fragmented frame, use `newframe = frame.copy()`
  Z[c + "_na"] = X.loc[mask, c].isna().astype(float)
E:\MyFantasyFootball\sim_lab\backtest_context_model.py:77: PerformanceWarning: DataFrame is highly fragmented.  This is usually the result of calling `frame.insert` many times, which has poor performance.  Consider joining all columns at once using pd.concat(axis=1) instead. To get a de-fragmented frame, use `newframe = frame.copy()`
  Z[c + "_na"] = X.loc[mask, c].isna().astype(float)
E:\MyFantasyFootball\sim_lab\backtest_context_model.py:77: PerformanceWarning: DataFrame is highly fragmented.  This is usually the result of calling `frame.insert` many times, which has poor performance.  Consider joining all columns at once using pd.concat(axis=1) instead. To get a de-fragmented frame, use `newframe = frame.copy()`
  Z[c + "_na"] = X.loc[mask, c].isna().astype(float)
E:\MyFantasyFootball\sim_lab\backtest_context_model.py:77: PerformanceWarning: DataFrame is highly fragmented.  This is usually the result of calling `frame.insert` many times, which has poor performance.  Consider joining all columns at once using pd.concat(axis=1) instead. To get a de-fragmented frame, use `newframe = frame.copy()`
  Z[c + "_na"] = X.loc[mask, c].isna().astype(float)
E:\MyFantasyFootball\sim_lab\backtest_context_model.py:77: PerformanceWarning: DataFrame is highly fragmented.  This is usually the result of calling `frame.insert` many times, which has poor performance.  Consider joining all columns at once using pd.concat(axis=1) instead. To get a de-fragmented frame, use `newframe = frame.copy()`
  Z[c + "_na"] = X.loc[mask, c].isna().astype(float)
E:\MyFantasyFootball\sim_lab\backtest_context_model.py:77: PerformanceWarning: DataFrame is highly fragmented.  This is usually the result of calling `frame.insert` many times, which has poor performance.  Consider joining all columns at once using pd.concat(axis=1) instead. To get a de-fragmented frame, use `newframe = frame.copy()`
  Z[c + "_na"] = X.loc[mask, c].isna().astype(float)
E:\MyFantasyFootball\sim_lab\backtest_context_model.py:77: PerformanceWarning: DataFrame is highly fragmented.  This is usually the result of calling `frame.insert` many times, which has poor performance.  Consider joining all columns at once using pd.concat(axis=1) instead. To get a de-fragmented frame, use `newframe = frame.copy()`
  Z[c + "_na"] = X.loc[mask, c].isna().astype(float)
E:\MyFantasyFootball\sim_lab\backtest_context_model.py:77: PerformanceWarning: DataFrame is highly fragmented.  This is usually the result of calling `frame.insert` many times, which has poor performance.  Consider joining all columns at once using pd.concat(axis=1) instead. To get a de-fragmented frame, use `newframe = frame.copy()`
  Z[c + "_na"] = X.loc[mask, c].isna().astype(float)
E:\MyFantasyFootball\sim_lab\backtest_context_model.py:77: PerformanceWarning: DataFrame is highly fragmented.  This is usually the result of calling `frame.insert` many times, which has poor performance.  Consider joining all columns at once using pd.concat(axis=1) instead. To get a de-fragmented frame, use `newframe = frame.copy()`
  Z[c + "_na"] = X.loc[mask, c].isna().astype(float)
E:\MyFantasyFootball\sim_lab\backtest_context_model.py:77: PerformanceWarning: DataFrame is highly fragmented.  This is usually the result of calling `frame.insert` many times, which has poor performance.  Consider joining all columns at once using pd.concat(axis=1) instead. To get a de-fragmented frame, use `newframe = frame.copy()`
  Z[c + "_na"] = X.loc[mask, c].isna().astype(float)
E:\MyFantasyFootball\sim_lab\backtest_context_model.py:77: PerformanceWarning: DataFrame is highly fragmented.  This is usually the result of calling `frame.insert` many times, which has poor performance.  Consider joining all columns at once using pd.concat(axis=1) instead. To get a de-fragmented frame, use `newframe = frame.copy()`
  Z[c + "_na"] = X.loc[mask, c].isna().astype(float)
  2022: n 2507 | base2 42.508 | GBM 41.380 (k 1.0, 318 rounds) | CAL 41.812 (k 1.0) | RIDGE 41.375 (k 1.0) (11s)
E:\MyFantasyFootball\sim_lab\backtest_context_model.py:77: PerformanceWarning: DataFrame is highly fragmented.  This is usually the result of calling `frame.insert` many times, which has poor performance.  Consider joining all columns at once using pd.concat(axis=1) instead. To get a de-fragmented frame, use `newframe = frame.copy()`
  Z[c + "_na"] = X.loc[mask, c].isna().astype(float)
E:\MyFantasyFootball\sim_lab\backtest_context_model.py:77: PerformanceWarning: DataFrame is highly fragmented.  This is usually the result of calling `frame.insert` many times, which has poor performance.  Consider joining all columns at once using pd.concat(axis=1) instead. To get a de-fragmented frame, use `newframe = frame.copy()`
  Z[c + "_na"] = X.loc[mask, c].isna().astype(float)
E:\MyFantasyFootball\sim_lab\backtest_context_model.py:77: PerformanceWarning: DataFrame is highly fragmented.  This is usually the result of calling `frame.insert` many times, which has poor performance.  Consider joining all columns at once using pd.concat(axis=1) instead. To get a de-fragmented frame, use `newframe = frame.copy()`
  Z[c + "_na"] = X.loc[mask, c].isna().astype(float)
E:\MyFantasyFootball\sim_lab\backtest_context_model.py:77: PerformanceWarning: DataFrame is highly fragmented.  This is usually the result of calling `frame.insert` many times, which has poor performance.  Consider joining all columns at once using pd.concat(axis=1) instead. To get a de-fragmented frame, use `newframe = frame.copy()`
  Z[c + "_na"] = X.loc[mask, c].isna().astype(float)
E:\MyFantasyFootball\sim_lab\backtest_context_model.py:77: PerformanceWarning: DataFrame is highly fragmented.  This is usually the result of calling `frame.insert` many times, which has poor performance.  Consider joining all columns at once using pd.concat(axis=1) instead. To get a de-fragmented frame, use `newframe = frame.copy()`
  Z[c + "_na"] = X.loc[mask, c].isna().astype(float)
E:\MyFantasyFootball\sim_lab\backtest_context_model.py:77: PerformanceWarning: DataFrame is highly fragmented.  This is usually the result of calling `frame.insert` many times, which has poor performance.  Consider joining all columns at once using pd.concat(axis=1) instead. To get a de-fragmented frame, use `newframe = frame.copy()`
  Z[c + "_na"] = X.loc[mask, c].isna().astype(float)
E:\MyFantasyFootball\sim_lab\backtest_context_model.py:77: PerformanceWarning: DataFrame is highly fragmented.  This is usually the result of calling `frame.insert` many times, which has poor performance.  Consider joining all columns at once using pd.concat(axis=1) instead. To get a de-fragmented frame, use `newframe = frame.copy()`
  Z[c + "_na"] = X.loc[mask, c].isna().astype(float)
E:\MyFantasyFootball\sim_lab\backtest_context_model.py:77: PerformanceWarning: DataFrame is highly fragmented.  This is usually the result of calling `frame.insert` many times, which has poor performance.  Consider joining all columns at once using pd.concat(axis=1) instead. To get a de-fragmented frame, use `newframe = frame.copy()`
  Z[c + "_na"] = X.loc[mask, c].isna().astype(float)
E:\MyFantasyFootball\sim_lab\backtest_context_model.py:77: PerformanceWarning: DataFrame is highly fragmented.  This is usually the result of calling `frame.insert` many times, which has poor performance.  Consider joining all columns at once using pd.concat(axis=1) instead. To get a de-fragmented frame, use `newframe = frame.copy()`
  Z[c + "_na"] = X.loc[mask, c].isna().astype(float)
E:\MyFantasyFootball\sim_lab\backtest_context_model.py:77: PerformanceWarning: DataFrame is highly fragmented.  This is usually the result of calling `frame.insert` many times, which has poor performance.  Consider joining all columns at once using pd.concat(axis=1) instead. To get a de-fragmented frame, use `newframe = frame.copy()`
  Z[c + "_na"] = X.loc[mask, c].isna().astype(float)
E:\MyFantasyFootball\sim_lab\backtest_context_model.py:77: PerformanceWarning: DataFrame is highly fragmented.  This is usually the result of calling `frame.insert` many times, which has poor performance.  Consider joining all columns at once using pd.concat(axis=1) instead. To get a de-fragmented frame, use `newframe = frame.copy()`
  Z[c + "_na"] = X.loc[mask, c].isna().astype(float)
E:\MyFantasyFootball\sim_lab\backtest_context_model.py:77: PerformanceWarning: DataFrame is highly fragmented.  This is usually the result of calling `frame.insert` many times, which has poor performance.  Consider joining all columns at once using pd.concat(axis=1) instead. To get a de-fragmented frame, use `newframe = frame.copy()`
  Z[c + "_na"] = X.loc[mask, c].isna().astype(float)
E:\MyFantasyFootball\sim_lab\backtest_context_model.py:77: PerformanceWarning: DataFrame is highly fragmented.  This is usually the result of calling `frame.insert` many times, which has poor performance.  Consider joining all columns at once using pd.concat(axis=1) instead. To get a de-fragmented frame, use `newframe = frame.copy()`
  Z[c + "_na"] = X.loc[mask, c].isna().astype(float)
E:\MyFantasyFootball\sim_lab\backtest_context_model.py:77: PerformanceWarning: DataFrame is highly fragmented.  This is usually the result of calling `frame.insert` many times, which has poor performance.  Consider joining all columns at once using pd.concat(axis=1) instead. To get a de-fragmented frame, use `newframe = frame.copy()`
  Z[c + "_na"] = X.loc[mask, c].isna().astype(float)
E:\MyFantasyFootball\sim_lab\backtest_context_model.py:77: PerformanceWarning: DataFrame is highly fragmented.  This is usually the result of calling `frame.insert` many times, which has poor performance.  Consider joining all columns at once using pd.concat(axis=1) instead. To get a de-fragmented frame, use `newframe = frame.copy()`
  Z[c + "_na"] = X.loc[mask, c].isna().astype(float)
E:\MyFantasyFootball\sim_lab\backtest_context_model.py:77: PerformanceWarning: DataFrame is highly fragmented.  This is usually the result of calling `frame.insert` many times, which has poor performance.  Consider joining all columns at once using pd.concat(axis=1) instead. To get a de-fragmented frame, use `newframe = frame.copy()`
  Z[c + "_na"] = X.loc[mask, c].isna().astype(float)
E:\MyFantasyFootball\sim_lab\backtest_context_model.py:77: PerformanceWarning: DataFrame is highly fragmented.  This is usually the result of calling `frame.insert` many times, which has poor performance.  Consider joining all columns at once using pd.concat(axis=1) instead. To get a de-fragmented frame, use `newframe = frame.copy()`
  Z[c + "_na"] = X.loc[mask, c].isna().astype(float)
E:\MyFantasyFootball\sim_lab\backtest_context_model.py:77: PerformanceWarning: DataFrame is highly fragmented.  This is usually the result of calling `frame.insert` many times, which has poor performance.  Consider joining all columns at once using pd.concat(axis=1) instead. To get a de-fragmented frame, use `newframe = frame.copy()`
  Z[c + "_na"] = X.loc[mask, c].isna().astype(float)
E:\MyFantasyFootball\sim_lab\backtest_context_model.py:77: PerformanceWarning: DataFrame is highly fragmented.  This is usually the result of calling `frame.insert` many times, which has poor performance.  Consider joining all columns at once using pd.concat(axis=1) instead. To get a de-fragmented frame, use `newframe = frame.copy()`
  Z[c + "_na"] = X.loc[mask, c].isna().astype(float)
E:\MyFantasyFootball\sim_lab\backtest_context_model.py:77: PerformanceWarning: DataFrame is highly fragmented.  This is usually the result of calling `frame.insert` many times, which has poor performance.  Consider joining all columns at once using pd.concat(axis=1) instead. To get a de-fragmented frame, use `newframe = frame.copy()`
  Z[c + "_na"] = X.loc[mask, c].isna().astype(float)
E:\MyFantasyFootball\sim_lab\backtest_context_model.py:77: PerformanceWarning: DataFrame is highly fragmented.  This is usually the result of calling `frame.insert` many times, which has poor performance.  Consider joining all columns at once using pd.concat(axis=1) instead. To get a de-fragmented frame, use `newframe = frame.copy()`
  Z[c + "_na"] = X.loc[mask, c].isna().astype(float)
E:\MyFantasyFootball\sim_lab\backtest_context_model.py:77: PerformanceWarning: DataFrame is highly fragmented.  This is usually the result of calling `frame.insert` many times, which has poor performance.  Consider joining all columns at once using pd.concat(axis=1) instead. To get a de-fragmented frame, use `newframe = frame.copy()`
  Z[c + "_na"] = X.loc[mask, c].isna().astype(float)
E:\MyFantasyFootball\sim_lab\backtest_context_model.py:77: PerformanceWarning: DataFrame is highly fragmented.  This is usually the result of calling `frame.insert` many times, which has poor performance.  Consider joining all columns at once using pd.concat(axis=1) instead. To get a de-fragmented frame, use `newframe = frame.copy()`
  Z[c + "_na"] = X.loc[mask, c].isna().astype(float)
E:\MyFantasyFootball\sim_lab\backtest_context_model.py:77: PerformanceWarning: DataFrame is highly fragmented.  This is usually the result of calling `frame.insert` many times, which has poor performance.  Consider joining all columns at once using pd.concat(axis=1) instead. To get a de-fragmented frame, use `newframe = frame.copy()`
  Z[c + "_na"] = X.loc[mask, c].isna().astype(float)
E:\MyFantasyFootball\sim_lab\backtest_context_model.py:77: PerformanceWarning: DataFrame is highly fragmented.  This is usually the result of calling `frame.insert` many times, which has poor performance.  Consider joining all columns at once using pd.concat(axis=1) instead. To get a de-fragmented frame, use `newframe = frame.copy()`
  Z[c + "_na"] = X.loc[mask, c].isna().astype(float)
E:\MyFantasyFootball\sim_lab\backtest_context_model.py:77: PerformanceWarning: DataFrame is highly fragmented.  This is usually the result of calling `frame.insert` many times, which has poor performance.  Consider joining all columns at once using pd.concat(axis=1) instead. To get a de-fragmented frame, use `newframe = frame.copy()`
  Z[c + "_na"] = X.loc[mask, c].isna().astype(float)
E:\MyFantasyFootball\sim_lab\backtest_context_model.py:77: PerformanceWarning: DataFrame is highly fragmented.  This is usually the result of calling `frame.insert` many times, which has poor performance.  Consider joining all columns at once using pd.concat(axis=1) instead. To get a de-fragmented frame, use `newframe = frame.copy()`
  Z[c + "_na"] = X.loc[mask, c].isna().astype(float)
E:\MyFantasyFootball\sim_lab\backtest_context_model.py:77: PerformanceWarning: DataFrame is highly fragmented.  This is usually the result of calling `frame.insert` many times, which has poor performance.  Consider joining all columns at once using pd.concat(axis=1) instead. To get a de-fragmented frame, use `newframe = frame.copy()`
  Z[c + "_na"] = X.loc[mask, c].isna().astype(float)
E:\MyFantasyFootball\sim_lab\backtest_context_model.py:77: PerformanceWarning: DataFrame is highly fragmented.  This is usually the result of calling `frame.insert` many times, which has poor performance.  Consider joining all columns at once using pd.concat(axis=1) instead. To get a de-fragmented frame, use `newframe = frame.copy()`
  Z[c + "_na"] = X.loc[mask, c].isna().astype(float)
E:\MyFantasyFootball\sim_lab\backtest_context_model.py:77: PerformanceWarning: DataFrame is highly fragmented.  This is usually the result of calling `frame.insert` many times, which has poor performance.  Consider joining all columns at once using pd.concat(axis=1) instead. To get a de-fragmented frame, use `newframe = frame.copy()`
  Z[c + "_na"] = X.loc[mask, c].isna().astype(float)
E:\MyFantasyFootball\sim_lab\backtest_context_model.py:77: PerformanceWarning: DataFrame is highly fragmented.  This is usually the result of calling `frame.insert` many times, which has poor performance.  Consider joining all columns at once using pd.concat(axis=1) instead. To get a de-fragmented frame, use `newframe = frame.copy()`
  Z[c + "_na"] = X.loc[mask, c].isna().astype(float)
E:\MyFantasyFootball\sim_lab\backtest_context_model.py:77: PerformanceWarning: DataFrame is highly fragmented.  This is usually the result of calling `frame.insert` many times, which has poor performance.  Consider joining all columns at once using pd.concat(axis=1) instead. To get a de-fragmented frame, use `newframe = frame.copy()`
  Z[c + "_na"] = X.loc[mask, c].isna().astype(float)
E:\MyFantasyFootball\sim_lab\backtest_context_model.py:77: PerformanceWarning: DataFrame is highly fragmented.  This is usually the result of calling `frame.insert` many times, which has poor performance.  Consider joining all columns at once using pd.concat(axis=1) instead. To get a de-fragmented frame, use `newframe = frame.copy()`
  Z[c + "_na"] = X.loc[mask, c].isna().astype(float)
E:\MyFantasyFootball\sim_lab\backtest_context_model.py:77: PerformanceWarning: DataFrame is highly fragmented.  This is usually the result of calling `frame.insert` many times, which has poor performance.  Consider joining all columns at once using pd.concat(axis=1) instead. To get a de-fragmented frame, use `newframe = frame.copy()`
  Z[c + "_na"] = X.loc[mask, c].isna().astype(float)
E:\MyFantasyFootball\sim_lab\backtest_context_model.py:77: PerformanceWarning: DataFrame is highly fragmented.  This is usually the result of calling `frame.insert` many times, which has poor performance.  Consider joining all columns at once using pd.concat(axis=1) instead. To get a de-fragmented frame, use `newframe = frame.copy()`
  Z[c + "_na"] = X.loc[mask, c].isna().astype(float)
E:\MyFantasyFootball\sim_lab\backtest_context_model.py:77: PerformanceWarning: DataFrame is highly fragmented.  This is usually the result of calling `frame.insert` many times, which has poor performance.  Consider joining all columns at once using pd.concat(axis=1) instead. To get a de-fragmented frame, use `newframe = frame.copy()`
  Z[c + "_na"] = X.loc[mask, c].isna().astype(float)
E:\MyFantasyFootball\sim_lab\backtest_context_model.py:77: PerformanceWarning: DataFrame is highly fragmented.  This is usually the result of calling `frame.insert` many times, which has poor performance.  Consider joining all columns at once using pd.concat(axis=1) instead. To get a de-fragmented frame, use `newframe = frame.copy()`
  Z[c + "_na"] = X.loc[mask, c].isna().astype(float)
E:\MyFantasyFootball\sim_lab\backtest_context_model.py:77: PerformanceWarning: DataFrame is highly fragmented.  This is usually the result of calling `frame.insert` many times, which has poor performance.  Consider joining all columns at once using pd.concat(axis=1) instead. To get a de-fragmented frame, use `newframe = frame.copy()`
  Z[c + "_na"] = X.loc[mask, c].isna().astype(float)
E:\MyFantasyFootball\sim_lab\backtest_context_model.py:77: PerformanceWarning: DataFrame is highly fragmented.  This is usually the result of calling `frame.insert` many times, which has poor performance.  Consider joining all columns at once using pd.concat(axis=1) instead. To get a de-fragmented frame, use `newframe = frame.copy()`
  Z[c + "_na"] = X.loc[mask, c].isna().astype(float)
E:\MyFantasyFootball\sim_lab\backtest_context_model.py:77: PerformanceWarning: DataFrame is highly fragmented.  This is usually the result of calling `frame.insert` many times, which has poor performance.  Consider joining all columns at once using pd.concat(axis=1) instead. To get a de-fragmented frame, use `newframe = frame.copy()`
  Z[c + "_na"] = X.loc[mask, c].isna().astype(float)
E:\MyFantasyFootball\sim_lab\backtest_context_model.py:77: PerformanceWarning: DataFrame is highly fragmented.  This is usually the result of calling `frame.insert` many times, which has poor performance.  Consider joining all columns at once using pd.concat(axis=1) instead. To get a de-fragmented frame, use `newframe = frame.copy()`
  Z[c + "_na"] = X.loc[mask, c].isna().astype(float)
E:\MyFantasyFootball\sim_lab\backtest_context_model.py:77: PerformanceWarning: DataFrame is highly fragmented.  This is usually the result of calling `frame.insert` many times, which has poor performance.  Consider joining all columns at once using pd.concat(axis=1) instead. To get a de-fragmented frame, use `newframe = frame.copy()`
  Z[c + "_na"] = X.loc[mask, c].isna().astype(float)
E:\MyFantasyFootball\sim_lab\backtest_context_model.py:77: PerformanceWarning: DataFrame is highly fragmented.  This is usually the result of calling `frame.insert` many times, which has poor performance.  Consider joining all columns at once using pd.concat(axis=1) instead. To get a de-fragmented frame, use `newframe = frame.copy()`
  Z[c + "_na"] = X.loc[mask, c].isna().astype(float)
E:\MyFantasyFootball\sim_lab\backtest_context_model.py:77: PerformanceWarning: DataFrame is highly fragmented.  This is usually the result of calling `frame.insert` many times, which has poor performance.  Consider joining all columns at once using pd.concat(axis=1) instead. To get a de-fragmented frame, use `newframe = frame.copy()`
  Z[c + "_na"] = X.loc[mask, c].isna().astype(float)
E:\MyFantasyFootball\sim_lab\backtest_context_model.py:77: PerformanceWarning: DataFrame is highly fragmented.  This is usually the result of calling `frame.insert` many times, which has poor performance.  Consider joining all columns at once using pd.concat(axis=1) instead. To get a de-fragmented frame, use `newframe = frame.copy()`
  Z[c + "_na"] = X.loc[mask, c].isna().astype(float)
E:\MyFantasyFootball\sim_lab\backtest_context_model.py:77: PerformanceWarning: DataFrame is highly fragmented.  This is usually the result of calling `frame.insert` many times, which has poor performance.  Consider joining all columns at once using pd.concat(axis=1) instead. To get a de-fragmented frame, use `newframe = frame.copy()`
  Z[c + "_na"] = X.loc[mask, c].isna().astype(float)
E:\MyFantasyFootball\sim_lab\backtest_context_model.py:77: PerformanceWarning: DataFrame is highly fragmented.  This is usually the result of calling `frame.insert` many times, which has poor performance.  Consider joining all columns at once using pd.concat(axis=1) instead. To get a de-fragmented frame, use `newframe = frame.copy()`
  Z[c + "_na"] = X.loc[mask, c].isna().astype(float)
E:\MyFantasyFootball\sim_lab\backtest_context_model.py:77: PerformanceWarning: DataFrame is highly fragmented.  This is usually the result of calling `frame.insert` many times, which has poor performance.  Consider joining all columns at once using pd.concat(axis=1) instead. To get a de-fragmented frame, use `newframe = frame.copy()`
  Z[c + "_na"] = X.loc[mask, c].isna().astype(float)
E:\MyFantasyFootball\sim_lab\backtest_context_model.py:77: PerformanceWarning: DataFrame is highly fragmented.  This is usually the result of calling `frame.insert` many times, which has poor performance.  Consider joining all columns at once using pd.concat(axis=1) instead. To get a de-fragmented frame, use `newframe = frame.copy()`
  Z[c + "_na"] = X.loc[mask, c].isna().astype(float)
E:\MyFantasyFootball\sim_lab\backtest_context_model.py:77: PerformanceWarning: DataFrame is highly fragmented.  This is usually the result of calling `frame.insert` many times, which has poor performance.  Consider joining all columns at once using pd.concat(axis=1) instead. To get a de-fragmented frame, use `newframe = frame.copy()`
  Z[c + "_na"] = X.loc[mask, c].isna().astype(float)
E:\MyFantasyFootball\sim_lab\backtest_context_model.py:77: PerformanceWarning: DataFrame is highly fragmented.  This is usually the result of calling `frame.insert` many times, which has poor performance.  Consider joining all columns at once using pd.concat(axis=1) instead. To get a de-fragmented frame, use `newframe = frame.copy()`
  Z[c + "_na"] = X.loc[mask, c].isna().astype(float)
E:\MyFantasyFootball\sim_lab\backtest_context_model.py:77: PerformanceWarning: DataFrame is highly fragmented.  This is usually the result of calling `frame.insert` many times, which has poor performance.  Consider joining all columns at once using pd.concat(axis=1) instead. To get a de-fragmented frame, use `newframe = frame.copy()`
  Z[c + "_na"] = X.loc[mask, c].isna().astype(float)
E:\MyFantasyFootball\sim_lab\backtest_context_model.py:77: PerformanceWarning: DataFrame is highly fragmented.  This is usually the result of calling `frame.insert` many times, which has poor performance.  Consider joining all columns at once using pd.concat(axis=1) instead. To get a de-fragmented frame, use `newframe = frame.copy()`
  Z[c + "_na"] = X.loc[mask, c].isna().astype(float)
E:\MyFantasyFootball\sim_lab\backtest_context_model.py:77: PerformanceWarning: DataFrame is highly fragmented.  This is usually the result of calling `frame.insert` many times, which has poor performance.  Consider joining all columns at once using pd.concat(axis=1) instead. To get a de-fragmented frame, use `newframe = frame.copy()`
  Z[c + "_na"] = X.loc[mask, c].isna().astype(float)
E:\MyFantasyFootball\sim_lab\backtest_context_model.py:77: PerformanceWarning: DataFrame is highly fragmented.  This is usually the result of calling `frame.insert` many times, which has poor performance.  Consider joining all columns at once using pd.concat(axis=1) instead. To get a de-fragmented frame, use `newframe = frame.copy()`
  Z[c + "_na"] = X.loc[mask, c].isna().astype(float)
E:\MyFantasyFootball\sim_lab\backtest_context_model.py:77: PerformanceWarning: DataFrame is highly fragmented.  This is usually the result of calling `frame.insert` many times, which has poor performance.  Consider joining all columns at once using pd.concat(axis=1) instead. To get a de-fragmented frame, use `newframe = frame.copy()`
  Z[c + "_na"] = X.loc[mask, c].isna().astype(float)
E:\MyFantasyFootball\sim_lab\backtest_context_model.py:77: PerformanceWarning: DataFrame is highly fragmented.  This is usually the result of calling `frame.insert` many times, which has poor performance.  Consider joining all columns at once using pd.concat(axis=1) instead. To get a de-fragmented frame, use `newframe = frame.copy()`
  Z[c + "_na"] = X.loc[mask, c].isna().astype(float)
E:\MyFantasyFootball\sim_lab\backtest_context_model.py:77: PerformanceWarning: DataFrame is highly fragmented.  This is usually the result of calling `frame.insert` many times, which has poor performance.  Consider joining all columns at once using pd.concat(axis=1) instead. To get a de-fragmented frame, use `newframe = frame.copy()`
  Z[c + "_na"] = X.loc[mask, c].isna().astype(float)
E:\MyFantasyFootball\sim_lab\backtest_context_model.py:77: PerformanceWarning: DataFrame is highly fragmented.  This is usually the result of calling `frame.insert` many times, which has poor performance.  Consider joining all columns at once using pd.concat(axis=1) instead. To get a de-fragmented frame, use `newframe = frame.copy()`
  Z[c + "_na"] = X.loc[mask, c].isna().astype(float)
E:\MyFantasyFootball\sim_lab\backtest_context_model.py:77: PerformanceWarning: DataFrame is highly fragmented.  This is usually the result of calling `frame.insert` many times, which has poor performance.  Consider joining all columns at once using pd.concat(axis=1) instead. To get a de-fragmented frame, use `newframe = frame.copy()`
  Z[c + "_na"] = X.loc[mask, c].isna().astype(float)
E:\MyFantasyFootball\sim_lab\backtest_context_model.py:77: PerformanceWarning: DataFrame is highly fragmented.  This is usually the result of calling `frame.insert` many times, which has poor performance.  Consider joining all columns at once using pd.concat(axis=1) instead. To get a de-fragmented frame, use `newframe = frame.copy()`
  Z[c + "_na"] = X.loc[mask, c].isna().astype(float)
E:\MyFantasyFootball\sim_lab\backtest_context_model.py:77: PerformanceWarning: DataFrame is highly fragmented.  This is usually the result of calling `frame.insert` many times, which has poor performance.  Consider joining all columns at once using pd.concat(axis=1) instead. To get a de-fragmented frame, use `newframe = frame.copy()`
  Z[c + "_na"] = X.loc[mask, c].isna().astype(float)
E:\MyFantasyFootball\sim_lab\backtest_context_model.py:77: PerformanceWarning: DataFrame is highly fragmented.  This is usually the result of calling `frame.insert` many times, which has poor performance.  Consider joining all columns at once using pd.concat(axis=1) instead. To get a de-fragmented frame, use `newframe = frame.copy()`
  Z[c + "_na"] = X.loc[mask, c].isna().astype(float)
E:\MyFantasyFootball\sim_lab\backtest_context_model.py:77: PerformanceWarning: DataFrame is highly fragmented.  This is usually the result of calling `frame.insert` many times, which has poor performance.  Consider joining all columns at once using pd.concat(axis=1) instead. To get a de-fragmented frame, use `newframe = frame.copy()`
  Z[c + "_na"] = X.loc[mask, c].isna().astype(float)
E:\MyFantasyFootball\sim_lab\backtest_context_model.py:77: PerformanceWarning: DataFrame is highly fragmented.  This is usually the result of calling `frame.insert` many times, which has poor performance.  Consider joining all columns at once using pd.concat(axis=1) instead. To get a de-fragmented frame, use `newframe = frame.copy()`
  Z[c + "_na"] = X.loc[mask, c].isna().astype(float)
E:\MyFantasyFootball\sim_lab\backtest_context_model.py:77: PerformanceWarning: DataFrame is highly fragmented.  This is usually the result of calling `frame.insert` many times, which has poor performance.  Consider joining all columns at once using pd.concat(axis=1) instead. To get a de-fragmented frame, use `newframe = frame.copy()`
  Z[c + "_na"] = X.loc[mask, c].isna().astype(float)
E:\MyFantasyFootball\sim_lab\backtest_context_model.py:77: PerformanceWarning: DataFrame is highly fragmented.  This is usually the result of calling `frame.insert` many times, which has poor performance.  Consider joining all columns at once using pd.concat(axis=1) instead. To get a de-fragmented frame, use `newframe = frame.copy()`
  Z[c + "_na"] = X.loc[mask, c].isna().astype(float)
E:\MyFantasyFootball\sim_lab\backtest_context_model.py:77: PerformanceWarning: DataFrame is highly fragmented.  This is usually the result of calling `frame.insert` many times, which has poor performance.  Consider joining all columns at once using pd.concat(axis=1) instead. To get a de-fragmented frame, use `newframe = frame.copy()`
  Z[c + "_na"] = X.loc[mask, c].isna().astype(float)
E:\MyFantasyFootball\sim_lab\backtest_context_model.py:77: PerformanceWarning: DataFrame is highly fragmented.  This is usually the result of calling `frame.insert` many times, which has poor performance.  Consider joining all columns at once using pd.concat(axis=1) instead. To get a de-fragmented frame, use `newframe = frame.copy()`
  Z[c + "_na"] = X.loc[mask, c].isna().astype(float)
E:\MyFantasyFootball\sim_lab\backtest_context_model.py:77: PerformanceWarning: DataFrame is highly fragmented.  This is usually the result of calling `frame.insert` many times, which has poor performance.  Consider joining all columns at once using pd.concat(axis=1) instead. To get a de-fragmented frame, use `newframe = frame.copy()`
  Z[c + "_na"] = X.loc[mask, c].isna().astype(float)
E:\MyFantasyFootball\sim_lab\backtest_context_model.py:77: PerformanceWarning: DataFrame is highly fragmented.  This is usually the result of calling `frame.insert` many times, which has poor performance.  Consider joining all columns at once using pd.concat(axis=1) instead. To get a de-fragmented frame, use `newframe = frame.copy()`
  Z[c + "_na"] = X.loc[mask, c].isna().astype(float)
E:\MyFantasyFootball\sim_lab\backtest_context_model.py:77: PerformanceWarning: DataFrame is highly fragmented.  This is usually the result of calling `frame.insert` many times, which has poor performance.  Consider joining all columns at once using pd.concat(axis=1) instead. To get a de-fragmented frame, use `newframe = frame.copy()`
  Z[c + "_na"] = X.loc[mask, c].isna().astype(float)
E:\MyFantasyFootball\sim_lab\backtest_context_model.py:77: PerformanceWarning: DataFrame is highly fragmented.  This is usually the result of calling `frame.insert` many times, which has poor performance.  Consider joining all columns at once using pd.concat(axis=1) instead. To get a de-fragmented frame, use `newframe = frame.copy()`
  Z[c + "_na"] = X.loc[mask, c].isna().astype(float)
E:\MyFantasyFootball\sim_lab\backtest_context_model.py:77: PerformanceWarning: DataFrame is highly fragmented.  This is usually the result of calling `frame.insert` many times, which has poor performance.  Consider joining all columns at once using pd.concat(axis=1) instead. To get a de-fragmented frame, use `newframe = frame.copy()`
  Z[c + "_na"] = X.loc[mask, c].isna().astype(float)
E:\MyFantasyFootball\sim_lab\backtest_context_model.py:77: PerformanceWarning: DataFrame is highly fragmented.  This is usually the result of calling `frame.insert` many times, which has poor performance.  Consider joining all columns at once using pd.concat(axis=1) instead. To get a de-fragmented frame, use `newframe = frame.copy()`
  Z[c + "_na"] = X.loc[mask, c].isna().astype(float)
E:\MyFantasyFootball\sim_lab\backtest_context_model.py:77: PerformanceWarning: DataFrame is highly fragmented.  This is usually the result of calling `frame.insert` many times, which has poor performance.  Consider joining all columns at once using pd.concat(axis=1) instead. To get a de-fragmented frame, use `newframe = frame.copy()`
  Z[c + "_na"] = X.loc[mask, c].isna().astype(float)
E:\MyFantasyFootball\sim_lab\backtest_context_model.py:77: PerformanceWarning: DataFrame is highly fragmented.  This is usually the result of calling `frame.insert` many times, which has poor performance.  Consider joining all columns at once using pd.concat(axis=1) instead. To get a de-fragmented frame, use `newframe = frame.copy()`
  Z[c + "_na"] = X.loc[mask, c].isna().astype(float)
E:\MyFantasyFootball\sim_lab\backtest_context_model.py:77: PerformanceWarning: DataFrame is highly fragmented.  This is usually the result of calling `frame.insert` many times, which has poor performance.  Consider joining all columns at once using pd.concat(axis=1) instead. To get a de-fragmented frame, use `newframe = frame.copy()`
  Z[c + "_na"] = X.loc[mask, c].isna().astype(float)
E:\MyFantasyFootball\sim_lab\backtest_context_model.py:77: PerformanceWarning: DataFrame is highly fragmented.  This is usually the result of calling `frame.insert` many times, which has poor performance.  Consider joining all columns at once using pd.concat(axis=1) instead. To get a de-fragmented frame, use `newframe = frame.copy()`
  Z[c + "_na"] = X.loc[mask, c].isna().astype(float)
E:\MyFantasyFootball\sim_lab\backtest_context_model.py:77: PerformanceWarning: DataFrame is highly fragmented.  This is usually the result of calling `frame.insert` many times, which has poor performance.  Consider joining all columns at once using pd.concat(axis=1) instead. To get a de-fragmented frame, use `newframe = frame.copy()`
  Z[c + "_na"] = X.loc[mask, c].isna().astype(float)
E:\MyFantasyFootball\sim_lab\backtest_context_model.py:77: PerformanceWarning: DataFrame is highly fragmented.  This is usually the result of calling `frame.insert` many times, which has poor performance.  Consider joining all columns at once using pd.concat(axis=1) instead. To get a de-fragmented frame, use `newframe = frame.copy()`
  Z[c + "_na"] = X.loc[mask, c].isna().astype(float)
E:\MyFantasyFootball\sim_lab\backtest_context_model.py:77: PerformanceWarning: DataFrame is highly fragmented.  This is usually the result of calling `frame.insert` many times, which has poor performance.  Consider joining all columns at once using pd.concat(axis=1) instead. To get a de-fragmented frame, use `newframe = frame.copy()`
  Z[c + "_na"] = X.loc[mask, c].isna().astype(float)
E:\MyFantasyFootball\sim_lab\backtest_context_model.py:77: PerformanceWarning: DataFrame is highly fragmented.  This is usually the result of calling `frame.insert` many times, which has poor performance.  Consider joining all columns at once using pd.concat(axis=1) instead. To get a de-fragmented frame, use `newframe = frame.copy()`
  Z[c + "_na"] = X.loc[mask, c].isna().astype(float)
E:\MyFantasyFootball\sim_lab\backtest_context_model.py:77: PerformanceWarning: DataFrame is highly fragmented.  This is usually the result of calling `frame.insert` many times, which has poor performance.  Consider joining all columns at once using pd.concat(axis=1) instead. To get a de-fragmented frame, use `newframe = frame.copy()`
  Z[c + "_na"] = X.loc[mask, c].isna().astype(float)
E:\MyFantasyFootball\sim_lab\backtest_context_model.py:77: PerformanceWarning: DataFrame is highly fragmented.  This is usually the result of calling `frame.insert` many times, which has poor performance.  Consider joining all columns at once using pd.concat(axis=1) instead. To get a de-fragmented frame, use `newframe = frame.copy()`
  Z[c + "_na"] = X.loc[mask, c].isna().astype(float)
E:\MyFantasyFootball\sim_lab\backtest_context_model.py:77: PerformanceWarning: DataFrame is highly fragmented.  This is usually the result of calling `frame.insert` many times, which has poor performance.  Consider joining all columns at once using pd.concat(axis=1) instead. To get a de-fragmented frame, use `newframe = frame.copy()`
  Z[c + "_na"] = X.loc[mask, c].isna().astype(float)
E:\MyFantasyFootball\sim_lab\backtest_context_model.py:77: PerformanceWarning: DataFrame is highly fragmented.  This is usually the result of calling `frame.insert` many times, which has poor performance.  Consider joining all columns at once using pd.concat(axis=1) instead. To get a de-fragmented frame, use `newframe = frame.copy()`
  Z[c + "_na"] = X.loc[mask, c].isna().astype(float)
E:\MyFantasyFootball\sim_lab\backtest_context_model.py:77: PerformanceWarning: DataFrame is highly fragmented.  This is usually the result of calling `frame.insert` many times, which has poor performance.  Consider joining all columns at once using pd.concat(axis=1) instead. To get a de-fragmented frame, use `newframe = frame.copy()`
  Z[c + "_na"] = X.loc[mask, c].isna().astype(float)
E:\MyFantasyFootball\sim_lab\backtest_context_model.py:77: PerformanceWarning: DataFrame is highly fragmented.  This is usually the result of calling `frame.insert` many times, which has poor performance.  Consider joining all columns at once using pd.concat(axis=1) instead. To get a de-fragmented frame, use `newframe = frame.copy()`
  Z[c + "_na"] = X.loc[mask, c].isna().astype(float)
E:\MyFantasyFootball\sim_lab\backtest_context_model.py:77: PerformanceWarning: DataFrame is highly fragmented.  This is usually the result of calling `frame.insert` many times, which has poor performance.  Consider joining all columns at once using pd.concat(axis=1) instead. To get a de-fragmented frame, use `newframe = frame.copy()`
  Z[c + "_na"] = X.loc[mask, c].isna().astype(float)
E:\MyFantasyFootball\sim_lab\backtest_context_model.py:77: PerformanceWarning: DataFrame is highly fragmented.  This is usually the result of calling `frame.insert` many times, which has poor performance.  Consider joining all columns at once using pd.concat(axis=1) instead. To get a de-fragmented frame, use `newframe = frame.copy()`
  Z[c + "_na"] = X.loc[mask, c].isna().astype(float)
E:\MyFantasyFootball\sim_lab\backtest_context_model.py:77: PerformanceWarning: DataFrame is highly fragmented.  This is usually the result of calling `frame.insert` many times, which has poor performance.  Consider joining all columns at once using pd.concat(axis=1) instead. To get a de-fragmented frame, use `newframe = frame.copy()`
  Z[c + "_na"] = X.loc[mask, c].isna().astype(float)
E:\MyFantasyFootball\sim_lab\backtest_context_model.py:77: PerformanceWarning: DataFrame is highly fragmented.  This is usually the result of calling `frame.insert` many times, which has poor performance.  Consider joining all columns at once using pd.concat(axis=1) instead. To get a de-fragmented frame, use `newframe = frame.copy()`
  Z[c + "_na"] = X.loc[mask, c].isna().astype(float)
E:\MyFantasyFootball\sim_lab\backtest_context_model.py:77: PerformanceWarning: DataFrame is highly fragmented.  This is usually the result of calling `frame.insert` many times, which has poor performance.  Consider joining all columns at once using pd.concat(axis=1) instead. To get a de-fragmented frame, use `newframe = frame.copy()`
  Z[c + "_na"] = X.loc[mask, c].isna().astype(float)
E:\MyFantasyFootball\sim_lab\backtest_context_model.py:77: PerformanceWarning: DataFrame is highly fragmented.  This is usually the result of calling `frame.insert` many times, which has poor performance.  Consider joining all columns at once using pd.concat(axis=1) instead. To get a de-fragmented frame, use `newframe = frame.copy()`
  Z[c + "_na"] = X.loc[mask, c].isna().astype(float)
E:\MyFantasyFootball\sim_lab\backtest_context_model.py:77: PerformanceWarning: DataFrame is highly fragmented.  This is usually the result of calling `frame.insert` many times, which has poor performance.  Consider joining all columns at once using pd.concat(axis=1) instead. To get a de-fragmented frame, use `newframe = frame.copy()`
  Z[c + "_na"] = X.loc[mask, c].isna().astype(float)
E:\MyFantasyFootball\sim_lab\backtest_context_model.py:77: PerformanceWarning: DataFrame is highly fragmented.  This is usually the result of calling `frame.insert` many times, which has poor performance.  Consider joining all columns at once using pd.concat(axis=1) instead. To get a de-fragmented frame, use `newframe = frame.copy()`
  Z[c + "_na"] = X.loc[mask, c].isna().astype(float)
E:\MyFantasyFootball\sim_lab\backtest_context_model.py:77: PerformanceWarning: DataFrame is highly fragmented.  This is usually the result of calling `frame.insert` many times, which has poor performance.  Consider joining all columns at once using pd.concat(axis=1) instead. To get a de-fragmented frame, use `newframe = frame.copy()`
  Z[c + "_na"] = X.loc[mask, c].isna().astype(float)
E:\MyFantasyFootball\sim_lab\backtest_context_model.py:77: PerformanceWarning: DataFrame is highly fragmented.  This is usually the result of calling `frame.insert` many times, which has poor performance.  Consider joining all columns at once using pd.concat(axis=1) instead. To get a de-fragmented frame, use `newframe = frame.copy()`
  Z[c + "_na"] = X.loc[mask, c].isna().astype(float)
E:\MyFantasyFootball\sim_lab\backtest_context_model.py:77: PerformanceWarning: DataFrame is highly fragmented.  This is usually the result of calling `frame.insert` many times, which has poor performance.  Consider joining all columns at once using pd.concat(axis=1) instead. To get a de-fragmented frame, use `newframe = frame.copy()`
  Z[c + "_na"] = X.loc[mask, c].isna().astype(float)
E:\MyFantasyFootball\sim_lab\backtest_context_model.py:77: PerformanceWarning: DataFrame is highly fragmented.  This is usually the result of calling `frame.insert` many times, which has poor performance.  Consider joining all columns at once using pd.concat(axis=1) instead. To get a de-fragmented frame, use `newframe = frame.copy()`
  Z[c + "_na"] = X.loc[mask, c].isna().astype(float)
E:\MyFantasyFootball\sim_lab\backtest_context_model.py:77: PerformanceWarning: DataFrame is highly fragmented.  This is usually the result of calling `frame.insert` many times, which has poor performance.  Consider joining all columns at once using pd.concat(axis=1) instead. To get a de-fragmented frame, use `newframe = frame.copy()`
  Z[c + "_na"] = X.loc[mask, c].isna().astype(float)
E:\MyFantasyFootball\sim_lab\backtest_context_model.py:77: PerformanceWarning: DataFrame is highly fragmented.  This is usually the result of calling `frame.insert` many times, which has poor performance.  Consider joining all columns at once using pd.concat(axis=1) instead. To get a de-fragmented frame, use `newframe = frame.copy()`
  Z[c + "_na"] = X.loc[mask, c].isna().astype(float)
E:\MyFantasyFootball\sim_lab\backtest_context_model.py:77: PerformanceWarning: DataFrame is highly fragmented.  This is usually the result of calling `frame.insert` many times, which has poor performance.  Consider joining all columns at once using pd.concat(axis=1) instead. To get a de-fragmented frame, use `newframe = frame.copy()`
  Z[c + "_na"] = X.loc[mask, c].isna().astype(float)
E:\MyFantasyFootball\sim_lab\backtest_context_model.py:77: PerformanceWarning: DataFrame is highly fragmented.  This is usually the result of calling `frame.insert` many times, which has poor performance.  Consider joining all columns at once using pd.concat(axis=1) instead. To get a de-fragmented frame, use `newframe = frame.copy()`
  Z[c + "_na"] = X.loc[mask, c].isna().astype(float)
E:\MyFantasyFootball\sim_lab\backtest_context_model.py:77: PerformanceWarning: DataFrame is highly fragmented.  This is usually the result of calling `frame.insert` many times, which has poor performance.  Consider joining all columns at once using pd.concat(axis=1) instead. To get a de-fragmented frame, use `newframe = frame.copy()`
  Z[c + "_na"] = X.loc[mask, c].isna().astype(float)
E:\MyFantasyFootball\sim_lab\backtest_context_model.py:77: PerformanceWarning: DataFrame is highly fragmented.  This is usually the result of calling `frame.insert` many times, which has poor performance.  Consider joining all columns at once using pd.concat(axis=1) instead. To get a de-fragmented frame, use `newframe = frame.copy()`
  Z[c + "_na"] = X.loc[mask, c].isna().astype(float)
E:\MyFantasyFootball\sim_lab\backtest_context_model.py:77: PerformanceWarning: DataFrame is highly fragmented.  This is usually the result of calling `frame.insert` many times, which has poor performance.  Consider joining all columns at once using pd.concat(axis=1) instead. To get a de-fragmented frame, use `newframe = frame.copy()`
  Z[c + "_na"] = X.loc[mask, c].isna().astype(float)
E:\MyFantasyFootball\sim_lab\backtest_context_model.py:77: PerformanceWarning: DataFrame is highly fragmented.  This is usually the result of calling `frame.insert` many times, which has poor performance.  Consider joining all columns at once using pd.concat(axis=1) instead. To get a de-fragmented frame, use `newframe = frame.copy()`
  Z[c + "_na"] = X.loc[mask, c].isna().astype(float)
E:\MyFantasyFootball\sim_lab\backtest_context_model.py:77: PerformanceWarning: DataFrame is highly fragmented.  This is usually the result of calling `frame.insert` many times, which has poor performance.  Consider joining all columns at once using pd.concat(axis=1) instead. To get a de-fragmented frame, use `newframe = frame.copy()`
  Z[c + "_na"] = X.loc[mask, c].isna().astype(float)
E:\MyFantasyFootball\sim_lab\backtest_context_model.py:77: PerformanceWarning: DataFrame is highly fragmented.  This is usually the result of calling `frame.insert` many times, which has poor performance.  Consider joining all columns at once using pd.concat(axis=1) instead. To get a de-fragmented frame, use `newframe = frame.copy()`
  Z[c + "_na"] = X.loc[mask, c].isna().astype(float)
E:\MyFantasyFootball\sim_lab\backtest_context_model.py:77: PerformanceWarning: DataFrame is highly fragmented.  This is usually the result of calling `frame.insert` many times, which has poor performance.  Consider joining all columns at once using pd.concat(axis=1) instead. To get a de-fragmented frame, use `newframe = frame.copy()`
  Z[c + "_na"] = X.loc[mask, c].isna().astype(float)
E:\MyFantasyFootball\sim_lab\backtest_context_model.py:77: PerformanceWarning: DataFrame is highly fragmented.  This is usually the result of calling `frame.insert` many times, which has poor performance.  Consider joining all columns at once using pd.concat(axis=1) instead. To get a de-fragmented frame, use `newframe = frame.copy()`
  Z[c + "_na"] = X.loc[mask, c].isna().astype(float)
E:\MyFantasyFootball\sim_lab\backtest_context_model.py:77: PerformanceWarning: DataFrame is highly fragmented.  This is usually the result of calling `frame.insert` many times, which has poor performance.  Consider joining all columns at once using pd.concat(axis=1) instead. To get a de-fragmented frame, use `newframe = frame.copy()`
  Z[c + "_na"] = X.loc[mask, c].isna().astype(float)
E:\MyFantasyFootball\sim_lab\backtest_context_model.py:77: PerformanceWarning: DataFrame is highly fragmented.  This is usually the result of calling `frame.insert` many times, which has poor performance.  Consider joining all columns at once using pd.concat(axis=1) instead. To get a de-fragmented frame, use `newframe = frame.copy()`
  Z[c + "_na"] = X.loc[mask, c].isna().astype(float)
E:\MyFantasyFootball\sim_lab\backtest_context_model.py:77: PerformanceWarning: DataFrame is highly fragmented.  This is usually the result of calling `frame.insert` many times, which has poor performance.  Consider joining all columns at once using pd.concat(axis=1) instead. To get a de-fragmented frame, use `newframe = frame.copy()`
  Z[c + "_na"] = X.loc[mask, c].isna().astype(float)
E:\MyFantasyFootball\sim_lab\backtest_context_model.py:77: PerformanceWarning: DataFrame is highly fragmented.  This is usually the result of calling `frame.insert` many times, which has poor performance.  Consider joining all columns at once using pd.concat(axis=1) instead. To get a de-fragmented frame, use `newframe = frame.copy()`
  Z[c + "_na"] = X.loc[mask, c].isna().astype(float)
E:\MyFantasyFootball\sim_lab\backtest_context_model.py:77: PerformanceWarning: DataFrame is highly fragmented.  This is usually the result of calling `frame.insert` many times, which has poor performance.  Consider joining all columns at once using pd.concat(axis=1) instead. To get a de-fragmented frame, use `newframe = frame.copy()`
  Z[c + "_na"] = X.loc[mask, c].isna().astype(float)
E:\MyFantasyFootball\sim_lab\backtest_context_model.py:77: PerformanceWarning: DataFrame is highly fragmented.  This is usually the result of calling `frame.insert` many times, which has poor performance.  Consider joining all columns at once using pd.concat(axis=1) instead. To get a de-fragmented frame, use `newframe = frame.copy()`
  Z[c + "_na"] = X.loc[mask, c].isna().astype(float)
E:\MyFantasyFootball\sim_lab\backtest_context_model.py:77: PerformanceWarning: DataFrame is highly fragmented.  This is usually the result of calling `frame.insert` many times, which has poor performance.  Consider joining all columns at once using pd.concat(axis=1) instead. To get a de-fragmented frame, use `newframe = frame.copy()`
  Z[c + "_na"] = X.loc[mask, c].isna().astype(float)
E:\MyFantasyFootball\sim_lab\backtest_context_model.py:77: PerformanceWarning: DataFrame is highly fragmented.  This is usually the result of calling `frame.insert` many times, which has poor performance.  Consider joining all columns at once using pd.concat(axis=1) instead. To get a de-fragmented frame, use `newframe = frame.copy()`
  Z[c + "_na"] = X.loc[mask, c].isna().astype(float)
E:\MyFantasyFootball\sim_lab\backtest_context_model.py:77: PerformanceWarning: DataFrame is highly fragmented.  This is usually the result of calling `frame.insert` many times, which has poor performance.  Consider joining all columns at once using pd.concat(axis=1) instead. To get a de-fragmented frame, use `newframe = frame.copy()`
  Z[c + "_na"] = X.loc[mask, c].isna().astype(float)
E:\MyFantasyFootball\sim_lab\backtest_context_model.py:77: PerformanceWarning: DataFrame is highly fragmented.  This is usually the result of calling `frame.insert` many times, which has poor performance.  Consider joining all columns at once using pd.concat(axis=1) instead. To get a de-fragmented frame, use `newframe = frame.copy()`
  Z[c + "_na"] = X.loc[mask, c].isna().astype(float)
E:\MyFantasyFootball\sim_lab\backtest_context_model.py:77: PerformanceWarning: DataFrame is highly fragmented.  This is usually the result of calling `frame.insert` many times, which has poor performance.  Consider joining all columns at once using pd.concat(axis=1) instead. To get a de-fragmented frame, use `newframe = frame.copy()`
  Z[c + "_na"] = X.loc[mask, c].isna().astype(float)
E:\MyFantasyFootball\sim_lab\backtest_context_model.py:77: PerformanceWarning: DataFrame is highly fragmented.  This is usually the result of calling `frame.insert` many times, which has poor performance.  Consider joining all columns at once using pd.concat(axis=1) instead. To get a de-fragmented frame, use `newframe = frame.copy()`
  Z[c + "_na"] = X.loc[mask, c].isna().astype(float)
E:\MyFantasyFootball\sim_lab\backtest_context_model.py:77: PerformanceWarning: DataFrame is highly fragmented.  This is usually the result of calling `frame.insert` many times, which has poor performance.  Consider joining all columns at once using pd.concat(axis=1) instead. To get a de-fragmented frame, use `newframe = frame.copy()`
  Z[c + "_na"] = X.loc[mask, c].isna().astype(float)
E:\MyFantasyFootball\sim_lab\backtest_context_model.py:77: PerformanceWarning: DataFrame is highly fragmented.  This is usually the result of calling `frame.insert` many times, which has poor performance.  Consider joining all columns at once using pd.concat(axis=1) instead. To get a de-fragmented frame, use `newframe = frame.copy()`
  Z[c + "_na"] = X.loc[mask, c].isna().astype(float)
E:\MyFantasyFootball\sim_lab\backtest_context_model.py:77: PerformanceWarning: DataFrame is highly fragmented.  This is usually the result of calling `frame.insert` many times, which has poor performance.  Consider joining all columns at once using pd.concat(axis=1) instead. To get a de-fragmented frame, use `newframe = frame.copy()`
  Z[c + "_na"] = X.loc[mask, c].isna().astype(float)
E:\MyFantasyFootball\sim_lab\backtest_context_model.py:77: PerformanceWarning: DataFrame is highly fragmented.  This is usually the result of calling `frame.insert` many times, which has poor performance.  Consider joining all columns at once using pd.concat(axis=1) instead. To get a de-fragmented frame, use `newframe = frame.copy()`
  Z[c + "_na"] = X.loc[mask, c].isna().astype(float)
E:\MyFantasyFootball\sim_lab\backtest_context_model.py:77: PerformanceWarning: DataFrame is highly fragmented.  This is usually the result of calling `frame.insert` many times, which has poor performance.  Consider joining all columns at once using pd.concat(axis=1) instead. To get a de-fragmented frame, use `newframe = frame.copy()`
  Z[c + "_na"] = X.loc[mask, c].isna().astype(float)
E:\MyFantasyFootball\sim_lab\backtest_context_model.py:77: PerformanceWarning: DataFrame is highly fragmented.  This is usually the result of calling `frame.insert` many times, which has poor performance.  Consider joining all columns at once using pd.concat(axis=1) instead. To get a de-fragmented frame, use `newframe = frame.copy()`
  Z[c + "_na"] = X.loc[mask, c].isna().astype(float)
E:\MyFantasyFootball\sim_lab\backtest_context_model.py:77: PerformanceWarning: DataFrame is highly fragmented.  This is usually the result of calling `frame.insert` many times, which has poor performance.  Consider joining all columns at once using pd.concat(axis=1) instead. To get a de-fragmented frame, use `newframe = frame.copy()`
  Z[c + "_na"] = X.loc[mask, c].isna().astype(float)
E:\MyFantasyFootball\sim_lab\backtest_context_model.py:77: PerformanceWarning: DataFrame is highly fragmented.  This is usually the result of calling `frame.insert` many times, which has poor performance.  Consider joining all columns at once using pd.concat(axis=1) instead. To get a de-fragmented frame, use `newframe = frame.copy()`
  Z[c + "_na"] = X.loc[mask, c].isna().astype(float)
E:\MyFantasyFootball\sim_lab\backtest_context_model.py:77: PerformanceWarning: DataFrame is highly fragmented.  This is usually the result of calling `frame.insert` many times, which has poor performance.  Consider joining all columns at once using pd.concat(axis=1) instead. To get a de-fragmented frame, use `newframe = frame.copy()`
  Z[c + "_na"] = X.loc[mask, c].isna().astype(float)
E:\MyFantasyFootball\sim_lab\backtest_context_model.py:77: PerformanceWarning: DataFrame is highly fragmented.  This is usually the result of calling `frame.insert` many times, which has poor performance.  Consider joining all columns at once using pd.concat(axis=1) instead. To get a de-fragmented frame, use `newframe = frame.copy()`
  Z[c + "_na"] = X.loc[mask, c].isna().astype(float)
E:\MyFantasyFootball\sim_lab\backtest_context_model.py:77: PerformanceWarning: DataFrame is highly fragmented.  This is usually the result of calling `frame.insert` many times, which has poor performance.  Consider joining all columns at once using pd.concat(axis=1) instead. To get a de-fragmented frame, use `newframe = frame.copy()`
  Z[c + "_na"] = X.loc[mask, c].isna().astype(float)
E:\MyFantasyFootball\sim_lab\backtest_context_model.py:77: PerformanceWarning: DataFrame is highly fragmented.  This is usually the result of calling `frame.insert` many times, which has poor performance.  Consider joining all columns at once using pd.concat(axis=1) instead. To get a de-fragmented frame, use `newframe = frame.copy()`
  Z[c + "_na"] = X.loc[mask, c].isna().astype(float)
E:\MyFantasyFootball\sim_lab\backtest_context_model.py:77: PerformanceWarning: DataFrame is highly fragmented.  This is usually the result of calling `frame.insert` many times, which has poor performance.  Consider joining all columns at once using pd.concat(axis=1) instead. To get a de-fragmented frame, use `newframe = frame.copy()`
  Z[c + "_na"] = X.loc[mask, c].isna().astype(float)
E:\MyFantasyFootball\sim_lab\backtest_context_model.py:77: PerformanceWarning: DataFrame is highly fragmented.  This is usually the result of calling `frame.insert` many times, which has poor performance.  Consider joining all columns at once using pd.concat(axis=1) instead. To get a de-fragmented frame, use `newframe = frame.copy()`
  Z[c + "_na"] = X.loc[mask, c].isna().astype(float)
E:\MyFantasyFootball\sim_lab\backtest_context_model.py:77: PerformanceWarning: DataFrame is highly fragmented.  This is usually the result of calling `frame.insert` many times, which has poor performance.  Consider joining all columns at once using pd.concat(axis=1) instead. To get a de-fragmented frame, use `newframe = frame.copy()`
  Z[c + "_na"] = X.loc[mask, c].isna().astype(float)
E:\MyFantasyFootball\sim_lab\backtest_context_model.py:77: PerformanceWarning: DataFrame is highly fragmented.  This is usually the result of calling `frame.insert` many times, which has poor performance.  Consider joining all columns at once using pd.concat(axis=1) instead. To get a de-fragmented frame, use `newframe = frame.copy()`
  Z[c + "_na"] = X.loc[mask, c].isna().astype(float)
E:\MyFantasyFootball\sim_lab\backtest_context_model.py:77: PerformanceWarning: DataFrame is highly fragmented.  This is usually the result of calling `frame.insert` many times, which has poor performance.  Consider joining all columns at once using pd.concat(axis=1) instead. To get a de-fragmented frame, use `newframe = frame.copy()`
  Z[c + "_na"] = X.loc[mask, c].isna().astype(float)
E:\MyFantasyFootball\sim_lab\backtest_context_model.py:77: PerformanceWarning: DataFrame is highly fragmented.  This is usually the result of calling `frame.insert` many times, which has poor performance.  Consider joining all columns at once using pd.concat(axis=1) instead. To get a de-fragmented frame, use `newframe = frame.copy()`
  Z[c + "_na"] = X.loc[mask, c].isna().astype(float)
E:\MyFantasyFootball\sim_lab\backtest_context_model.py:77: PerformanceWarning: DataFrame is highly fragmented.  This is usually the result of calling `frame.insert` many times, which has poor performance.  Consider joining all columns at once using pd.concat(axis=1) instead. To get a de-fragmented frame, use `newframe = frame.copy()`
  Z[c + "_na"] = X.loc[mask, c].isna().astype(float)
  2023: n 3013 | base2 40.326 | GBM 38.546 (k 1.0, 270 rounds) | CAL 39.468 (k 1.25) | RIDGE 38.917 (k 1.25) (14s)
E:\MyFantasyFootball\sim_lab\backtest_context_model.py:77: PerformanceWarning: DataFrame is highly fragmented.  This is usually the result of calling `frame.insert` many times, which has poor performance.  Consider joining all columns at once using pd.concat(axis=1) instead. To get a de-fragmented frame, use `newframe = frame.copy()`
  Z[c + "_na"] = X.loc[mask, c].isna().astype(float)
E:\MyFantasyFootball\sim_lab\backtest_context_model.py:77: PerformanceWarning: DataFrame is highly fragmented.  This is usually the result of calling `frame.insert` many times, which has poor performance.  Consider joining all columns at once using pd.concat(axis=1) instead. To get a de-fragmented frame, use `newframe = frame.copy()`
  Z[c + "_na"] = X.loc[mask, c].isna().astype(float)
E:\MyFantasyFootball\sim_lab\backtest_context_model.py:77: PerformanceWarning: DataFrame is highly fragmented.  This is usually the result of calling `frame.insert` many times, which has poor performance.  Consider joining all columns at once using pd.concat(axis=1) instead. To get a de-fragmented frame, use `newframe = frame.copy()`
  Z[c + "_na"] = X.loc[mask, c].isna().astype(float)
E:\MyFantasyFootball\sim_lab\backtest_context_model.py:77: PerformanceWarning: DataFrame is highly fragmented.  This is usually the result of calling `frame.insert` many times, which has poor performance.  Consider joining all columns at once using pd.concat(axis=1) instead. To get a de-fragmented frame, use `newframe = frame.copy()`
  Z[c + "_na"] = X.loc[mask, c].isna().astype(float)
E:\MyFantasyFootball\sim_lab\backtest_context_model.py:77: PerformanceWarning: DataFrame is highly fragmented.  This is usually the result of calling `frame.insert` many times, which has poor performance.  Consider joining all columns at once using pd.concat(axis=1) instead. To get a de-fragmented frame, use `newframe = frame.copy()`
  Z[c + "_na"] = X.loc[mask, c].isna().astype(float)
E:\MyFantasyFootball\sim_lab\backtest_context_model.py:77: PerformanceWarning: DataFrame is highly fragmented.  This is usually the result of calling `frame.insert` many times, which has poor performance.  Consider joining all columns at once using pd.concat(axis=1) instead. To get a de-fragmented frame, use `newframe = frame.copy()`
  Z[c + "_na"] = X.loc[mask, c].isna().astype(float)
E:\MyFantasyFootball\sim_lab\backtest_context_model.py:77: PerformanceWarning: DataFrame is highly fragmented.  This is usually the result of calling `frame.insert` many times, which has poor performance.  Consider joining all columns at once using pd.concat(axis=1) instead. To get a de-fragmented frame, use `newframe = frame.copy()`
  Z[c + "_na"] = X.loc[mask, c].isna().astype(float)
E:\MyFantasyFootball\sim_lab\backtest_context_model.py:77: PerformanceWarning: DataFrame is highly fragmented.  This is usually the result of calling `frame.insert` many times, which has poor performance.  Consider joining all columns at once using pd.concat(axis=1) instead. To get a de-fragmented frame, use `newframe = frame.copy()`
  Z[c + "_na"] = X.loc[mask, c].isna().astype(float)
E:\MyFantasyFootball\sim_lab\backtest_context_model.py:77: PerformanceWarning: DataFrame is highly fragmented.  This is usually the result of calling `frame.insert` many times, which has poor performance.  Consider joining all columns at once using pd.concat(axis=1) instead. To get a de-fragmented frame, use `newframe = frame.copy()`
  Z[c + "_na"] = X.loc[mask, c].isna().astype(float)
E:\MyFantasyFootball\sim_lab\backtest_context_model.py:77: PerformanceWarning: DataFrame is highly fragmented.  This is usually the result of calling `frame.insert` many times, which has poor performance.  Consider joining all columns at once using pd.concat(axis=1) instead. To get a de-fragmented frame, use `newframe = frame.copy()`
  Z[c + "_na"] = X.loc[mask, c].isna().astype(float)
E:\MyFantasyFootball\sim_lab\backtest_context_model.py:77: PerformanceWarning: DataFrame is highly fragmented.  This is usually the result of calling `frame.insert` many times, which has poor performance.  Consider joining all columns at once using pd.concat(axis=1) instead. To get a de-fragmented frame, use `newframe = frame.copy()`
  Z[c + "_na"] = X.loc[mask, c].isna().astype(float)
E:\MyFantasyFootball\sim_lab\backtest_context_model.py:77: PerformanceWarning: DataFrame is highly fragmented.  This is usually the result of calling `frame.insert` many times, which has poor performance.  Consider joining all columns at once using pd.concat(axis=1) instead. To get a de-fragmented frame, use `newframe = frame.copy()`
  Z[c + "_na"] = X.loc[mask, c].isna().astype(float)
E:\MyFantasyFootball\sim_lab\backtest_context_model.py:77: PerformanceWarning: DataFrame is highly fragmented.  This is usually the result of calling `frame.insert` many times, which has poor performance.  Consider joining all columns at once using pd.concat(axis=1) instead. To get a de-fragmented frame, use `newframe = frame.copy()`
  Z[c + "_na"] = X.loc[mask, c].isna().astype(float)
E:\MyFantasyFootball\sim_lab\backtest_context_model.py:77: PerformanceWarning: DataFrame is highly fragmented.  This is usually the result of calling `frame.insert` many times, which has poor performance.  Consider joining all columns at once using pd.concat(axis=1) instead. To get a de-fragmented frame, use `newframe = frame.copy()`
  Z[c + "_na"] = X.loc[mask, c].isna().astype(float)
E:\MyFantasyFootball\sim_lab\backtest_context_model.py:77: PerformanceWarning: DataFrame is highly fragmented.  This is usually the result of calling `frame.insert` many times, which has poor performance.  Consider joining all columns at once using pd.concat(axis=1) instead. To get a de-fragmented frame, use `newframe = frame.copy()`
  Z[c + "_na"] = X.loc[mask, c].isna().astype(float)
E:\MyFantasyFootball\sim_lab\backtest_context_model.py:77: PerformanceWarning: DataFrame is highly fragmented.  This is usually the result of calling `frame.insert` many times, which has poor performance.  Consider joining all columns at once using pd.concat(axis=1) instead. To get a de-fragmented frame, use `newframe = frame.copy()`
  Z[c + "_na"] = X.loc[mask, c].isna().astype(float)
E:\MyFantasyFootball\sim_lab\backtest_context_model.py:77: PerformanceWarning: DataFrame is highly fragmented.  This is usually the result of calling `frame.insert` many times, which has poor performance.  Consider joining all columns at once using pd.concat(axis=1) instead. To get a de-fragmented frame, use `newframe = frame.copy()`
  Z[c + "_na"] = X.loc[mask, c].isna().astype(float)
E:\MyFantasyFootball\sim_lab\backtest_context_model.py:77: PerformanceWarning: DataFrame is highly fragmented.  This is usually the result of calling `frame.insert` many times, which has poor performance.  Consider joining all columns at once using pd.concat(axis=1) instead. To get a de-fragmented frame, use `newframe = frame.copy()`
  Z[c + "_na"] = X.loc[mask, c].isna().astype(float)
E:\MyFantasyFootball\sim_lab\backtest_context_model.py:77: PerformanceWarning: DataFrame is highly fragmented.  This is usually the result of calling `frame.insert` many times, which has poor performance.  Consider joining all columns at once using pd.concat(axis=1) instead. To get a de-fragmented frame, use `newframe = frame.copy()`
  Z[c + "_na"] = X.loc[mask, c].isna().astype(float)
E:\MyFantasyFootball\sim_lab\backtest_context_model.py:77: PerformanceWarning: DataFrame is highly fragmented.  This is usually the result of calling `frame.insert` many times, which has poor performance.  Consider joining all columns at once using pd.concat(axis=1) instead. To get a de-fragmented frame, use `newframe = frame.copy()`
  Z[c + "_na"] = X.loc[mask, c].isna().astype(float)
E:\MyFantasyFootball\sim_lab\backtest_context_model.py:77: PerformanceWarning: DataFrame is highly fragmented.  This is usually the result of calling `frame.insert` many times, which has poor performance.  Consider joining all columns at once using pd.concat(axis=1) instead. To get a de-fragmented frame, use `newframe = frame.copy()`
  Z[c + "_na"] = X.loc[mask, c].isna().astype(float)
E:\MyFantasyFootball\sim_lab\backtest_context_model.py:77: PerformanceWarning: DataFrame is highly fragmented.  This is usually the result of calling `frame.insert` many times, which has poor performance.  Consider joining all columns at once using pd.concat(axis=1) instead. To get a de-fragmented frame, use `newframe = frame.copy()`
  Z[c + "_na"] = X.loc[mask, c].isna().astype(float)
E:\MyFantasyFootball\sim_lab\backtest_context_model.py:77: PerformanceWarning: DataFrame is highly fragmented.  This is usually the result of calling `frame.insert` many times, which has poor performance.  Consider joining all columns at once using pd.concat(axis=1) instead. To get a de-fragmented frame, use `newframe = frame.copy()`
  Z[c + "_na"] = X.loc[mask, c].isna().astype(float)
E:\MyFantasyFootball\sim_lab\backtest_context_model.py:77: PerformanceWarning: DataFrame is highly fragmented.  This is usually the result of calling `frame.insert` many times, which has poor performance.  Consider joining all columns at once using pd.concat(axis=1) instead. To get a de-fragmented frame, use `newframe = frame.copy()`
  Z[c + "_na"] = X.loc[mask, c].isna().astype(float)
E:\MyFantasyFootball\sim_lab\backtest_context_model.py:77: PerformanceWarning: DataFrame is highly fragmented.  This is usually the result of calling `frame.insert` many times, which has poor performance.  Consider joining all columns at once using pd.concat(axis=1) instead. To get a de-fragmented frame, use `newframe = frame.copy()`
  Z[c + "_na"] = X.loc[mask, c].isna().astype(float)
E:\MyFantasyFootball\sim_lab\backtest_context_model.py:77: PerformanceWarning: DataFrame is highly fragmented.  This is usually the result of calling `frame.insert` many times, which has poor performance.  Consider joining all columns at once using pd.concat(axis=1) instead. To get a de-fragmented frame, use `newframe = frame.copy()`
  Z[c + "_na"] = X.loc[mask, c].isna().astype(float)
E:\MyFantasyFootball\sim_lab\backtest_context_model.py:77: PerformanceWarning: DataFrame is highly fragmented.  This is usually the result of calling `frame.insert` many times, which has poor performance.  Consider joining all columns at once using pd.concat(axis=1) instead. To get a de-fragmented frame, use `newframe = frame.copy()`
  Z[c + "_na"] = X.loc[mask, c].isna().astype(float)
E:\MyFantasyFootball\sim_lab\backtest_context_model.py:77: PerformanceWarning: DataFrame is highly fragmented.  This is usually the result of calling `frame.insert` many times, which has poor performance.  Consider joining all columns at once using pd.concat(axis=1) instead. To get a de-fragmented frame, use `newframe = frame.copy()`
  Z[c + "_na"] = X.loc[mask, c].isna().astype(float)
E:\MyFantasyFootball\sim_lab\backtest_context_model.py:77: PerformanceWarning: DataFrame is highly fragmented.  This is usually the result of calling `frame.insert` many times, which has poor performance.  Consider joining all columns at once using pd.concat(axis=1) instead. To get a de-fragmented frame, use `newframe = frame.copy()`
  Z[c + "_na"] = X.loc[mask, c].isna().astype(float)
E:\MyFantasyFootball\sim_lab\backtest_context_model.py:77: PerformanceWarning: DataFrame is highly fragmented.  This is usually the result of calling `frame.insert` many times, which has poor performance.  Consider joining all columns at once using pd.concat(axis=1) instead. To get a de-fragmented frame, use `newframe = frame.copy()`
  Z[c + "_na"] = X.loc[mask, c].isna().astype(float)
E:\MyFantasyFootball\sim_lab\backtest_context_model.py:77: PerformanceWarning: DataFrame is highly fragmented.  This is usually the result of calling `frame.insert` many times, which has poor performance.  Consider joining all columns at once using pd.concat(axis=1) instead. To get a de-fragmented frame, use `newframe = frame.copy()`
  Z[c + "_na"] = X.loc[mask, c].isna().astype(float)
E:\MyFantasyFootball\sim_lab\backtest_context_model.py:77: PerformanceWarning: DataFrame is highly fragmented.  This is usually the result of calling `frame.insert` many times, which has poor performance.  Consider joining all columns at once using pd.concat(axis=1) instead. To get a de-fragmented frame, use `newframe = frame.copy()`
  Z[c + "_na"] = X.loc[mask, c].isna().astype(float)
E:\MyFantasyFootball\sim_lab\backtest_context_model.py:77: PerformanceWarning: DataFrame is highly fragmented.  This is usually the result of calling `frame.insert` many times, which has poor performance.  Consider joining all columns at once using pd.concat(axis=1) instead. To get a de-fragmented frame, use `newframe = frame.copy()`
  Z[c + "_na"] = X.loc[mask, c].isna().astype(float)
E:\MyFantasyFootball\sim_lab\backtest_context_model.py:77: PerformanceWarning: DataFrame is highly fragmented.  This is usually the result of calling `frame.insert` many times, which has poor performance.  Consider joining all columns at once using pd.concat(axis=1) instead. To get a de-fragmented frame, use `newframe = frame.copy()`
  Z[c + "_na"] = X.loc[mask, c].isna().astype(float)
E:\MyFantasyFootball\sim_lab\backtest_context_model.py:77: PerformanceWarning: DataFrame is highly fragmented.  This is usually the result of calling `frame.insert` many times, which has poor performance.  Consider joining all columns at once using pd.concat(axis=1) instead. To get a de-fragmented frame, use `newframe = frame.copy()`
  Z[c + "_na"] = X.loc[mask, c].isna().astype(float)
E:\MyFantasyFootball\sim_lab\backtest_context_model.py:77: PerformanceWarning: DataFrame is highly fragmented.  This is usually the result of calling `frame.insert` many times, which has poor performance.  Consider joining all columns at once using pd.concat(axis=1) instead. To get a de-fragmented frame, use `newframe = frame.copy()`
  Z[c + "_na"] = X.loc[mask, c].isna().astype(float)
E:\MyFantasyFootball\sim_lab\backtest_context_model.py:77: PerformanceWarning: DataFrame is highly fragmented.  This is usually the result of calling `frame.insert` many times, which has poor performance.  Consider joining all columns at once using pd.concat(axis=1) instead. To get a de-fragmented frame, use `newframe = frame.copy()`
  Z[c + "_na"] = X.loc[mask, c].isna().astype(float)
E:\MyFantasyFootball\sim_lab\backtest_context_model.py:77: PerformanceWarning: DataFrame is highly fragmented.  This is usually the result of calling `frame.insert` many times, which has poor performance.  Consider joining all columns at once using pd.concat(axis=1) instead. To get a de-fragmented frame, use `newframe = frame.copy()`
  Z[c + "_na"] = X.loc[mask, c].isna().astype(float)
E:\MyFantasyFootball\sim_lab\backtest_context_model.py:77: PerformanceWarning: DataFrame is highly fragmented.  This is usually the result of calling `frame.insert` many times, which has poor performance.  Consider joining all columns at once using pd.concat(axis=1) instead. To get a de-fragmented frame, use `newframe = frame.copy()`
  Z[c + "_na"] = X.loc[mask, c].isna().astype(float)
E:\MyFantasyFootball\sim_lab\backtest_context_model.py:77: PerformanceWarning: DataFrame is highly fragmented.  This is usually the result of calling `frame.insert` many times, which has poor performance.  Consider joining all columns at once using pd.concat(axis=1) instead. To get a de-fragmented frame, use `newframe = frame.copy()`
  Z[c + "_na"] = X.loc[mask, c].isna().astype(float)
E:\MyFantasyFootball\sim_lab\backtest_context_model.py:77: PerformanceWarning: DataFrame is highly fragmented.  This is usually the result of calling `frame.insert` many times, which has poor performance.  Consider joining all columns at once using pd.concat(axis=1) instead. To get a de-fragmented frame, use `newframe = frame.copy()`
  Z[c + "_na"] = X.loc[mask, c].isna().astype(float)
E:\MyFantasyFootball\sim_lab\backtest_context_model.py:77: PerformanceWarning: DataFrame is highly fragmented.  This is usually the result of calling `frame.insert` many times, which has poor performance.  Consider joining all columns at once using pd.concat(axis=1) instead. To get a de-fragmented frame, use `newframe = frame.copy()`
  Z[c + "_na"] = X.loc[mask, c].isna().astype(float)
E:\MyFantasyFootball\sim_lab\backtest_context_model.py:77: PerformanceWarning: DataFrame is highly fragmented.  This is usually the result of calling `frame.insert` many times, which has poor performance.  Consider joining all columns at once using pd.concat(axis=1) instead. To get a de-fragmented frame, use `newframe = frame.copy()`
  Z[c + "_na"] = X.loc[mask, c].isna().astype(float)
E:\MyFantasyFootball\sim_lab\backtest_context_model.py:77: PerformanceWarning: DataFrame is highly fragmented.  This is usually the result of calling `frame.insert` many times, which has poor performance.  Consider joining all columns at once using pd.concat(axis=1) instead. To get a de-fragmented frame, use `newframe = frame.copy()`
  Z[c + "_na"] = X.loc[mask, c].isna().astype(float)
E:\MyFantasyFootball\sim_lab\backtest_context_model.py:77: PerformanceWarning: DataFrame is highly fragmented.  This is usually the result of calling `frame.insert` many times, which has poor performance.  Consider joining all columns at once using pd.concat(axis=1) instead. To get a de-fragmented frame, use `newframe = frame.copy()`
  Z[c + "_na"] = X.loc[mask, c].isna().astype(float)
E:\MyFantasyFootball\sim_lab\backtest_context_model.py:77: PerformanceWarning: DataFrame is highly fragmented.  This is usually the result of calling `frame.insert` many times, which has poor performance.  Consider joining all columns at once using pd.concat(axis=1) instead. To get a de-fragmented frame, use `newframe = frame.copy()`
  Z[c + "_na"] = X.loc[mask, c].isna().astype(float)
E:\MyFantasyFootball\sim_lab\backtest_context_model.py:77: PerformanceWarning: DataFrame is highly fragmented.  This is usually the result of calling `frame.insert` many times, which has poor performance.  Consider joining all columns at once using pd.concat(axis=1) instead. To get a de-fragmented frame, use `newframe = frame.copy()`
  Z[c + "_na"] = X.loc[mask, c].isna().astype(float)
E:\MyFantasyFootball\sim_lab\backtest_context_model.py:77: PerformanceWarning: DataFrame is highly fragmented.  This is usually the result of calling `frame.insert` many times, which has poor performance.  Consider joining all columns at once using pd.concat(axis=1) instead. To get a de-fragmented frame, use `newframe = frame.copy()`
  Z[c + "_na"] = X.loc[mask, c].isna().astype(float)
E:\MyFantasyFootball\sim_lab\backtest_context_model.py:77: PerformanceWarning: DataFrame is highly fragmented.  This is usually the result of calling `frame.insert` many times, which has poor performance.  Consider joining all columns at once using pd.concat(axis=1) instead. To get a de-fragmented frame, use `newframe = frame.copy()`
  Z[c + "_na"] = X.loc[mask, c].isna().astype(float)
E:\MyFantasyFootball\sim_lab\backtest_context_model.py:77: PerformanceWarning: DataFrame is highly fragmented.  This is usually the result of calling `frame.insert` many times, which has poor performance.  Consider joining all columns at once using pd.concat(axis=1) instead. To get a de-fragmented frame, use `newframe = frame.copy()`
  Z[c + "_na"] = X.loc[mask, c].isna().astype(float)
E:\MyFantasyFootball\sim_lab\backtest_context_model.py:77: PerformanceWarning: DataFrame is highly fragmented.  This is usually the result of calling `frame.insert` many times, which has poor performance.  Consider joining all columns at once using pd.concat(axis=1) instead. To get a de-fragmented frame, use `newframe = frame.copy()`
  Z[c + "_na"] = X.loc[mask, c].isna().astype(float)
E:\MyFantasyFootball\sim_lab\backtest_context_model.py:77: PerformanceWarning: DataFrame is highly fragmented.  This is usually the result of calling `frame.insert` many times, which has poor performance.  Consider joining all columns at once using pd.concat(axis=1) instead. To get a de-fragmented frame, use `newframe = frame.copy()`
  Z[c + "_na"] = X.loc[mask, c].isna().astype(float)
E:\MyFantasyFootball\sim_lab\backtest_context_model.py:77: PerformanceWarning: DataFrame is highly fragmented.  This is usually the result of calling `frame.insert` many times, which has poor performance.  Consider joining all columns at once using pd.concat(axis=1) instead. To get a de-fragmented frame, use `newframe = frame.copy()`
  Z[c + "_na"] = X.loc[mask, c].isna().astype(float)
E:\MyFantasyFootball\sim_lab\backtest_context_model.py:77: PerformanceWarning: DataFrame is highly fragmented.  This is usually the result of calling `frame.insert` many times, which has poor performance.  Consider joining all columns at once using pd.concat(axis=1) instead. To get a de-fragmented frame, use `newframe = frame.copy()`
  Z[c + "_na"] = X.loc[mask, c].isna().astype(float)
E:\MyFantasyFootball\sim_lab\backtest_context_model.py:77: PerformanceWarning: DataFrame is highly fragmented.  This is usually the result of calling `frame.insert` many times, which has poor performance.  Consider joining all columns at once using pd.concat(axis=1) instead. To get a de-fragmented frame, use `newframe = frame.copy()`
  Z[c + "_na"] = X.loc[mask, c].isna().astype(float)
E:\MyFantasyFootball\sim_lab\backtest_context_model.py:77: PerformanceWarning: DataFrame is highly fragmented.  This is usually the result of calling `frame.insert` many times, which has poor performance.  Consider joining all columns at once using pd.concat(axis=1) instead. To get a de-fragmented frame, use `newframe = frame.copy()`
  Z[c + "_na"] = X.loc[mask, c].isna().astype(float)
E:\MyFantasyFootball\sim_lab\backtest_context_model.py:77: PerformanceWarning: DataFrame is highly fragmented.  This is usually the result of calling `frame.insert` many times, which has poor performance.  Consider joining all columns at once using pd.concat(axis=1) instead. To get a de-fragmented frame, use `newframe = frame.copy()`
  Z[c + "_na"] = X.loc[mask, c].isna().astype(float)
E:\MyFantasyFootball\sim_lab\backtest_context_model.py:77: PerformanceWarning: DataFrame is highly fragmented.  This is usually the result of calling `frame.insert` many times, which has poor performance.  Consider joining all columns at once using pd.concat(axis=1) instead. To get a de-fragmented frame, use `newframe = frame.copy()`
  Z[c + "_na"] = X.loc[mask, c].isna().astype(float)
E:\MyFantasyFootball\sim_lab\backtest_context_model.py:77: PerformanceWarning: DataFrame is highly fragmented.  This is usually the result of calling `frame.insert` many times, which has poor performance.  Consider joining all columns at once using pd.concat(axis=1) instead. To get a de-fragmented frame, use `newframe = frame.copy()`
  Z[c + "_na"] = X.loc[mask, c].isna().astype(float)
E:\MyFantasyFootball\sim_lab\backtest_context_model.py:77: PerformanceWarning: DataFrame is highly fragmented.  This is usually the result of calling `frame.insert` many times, which has poor performance.  Consider joining all columns at once using pd.concat(axis=1) instead. To get a de-fragmented frame, use `newframe = frame.copy()`
  Z[c + "_na"] = X.loc[mask, c].isna().astype(float)
E:\MyFantasyFootball\sim_lab\backtest_context_model.py:77: PerformanceWarning: DataFrame is highly fragmented.  This is usually the result of calling `frame.insert` many times, which has poor performance.  Consider joining all columns at once using pd.concat(axis=1) instead. To get a de-fragmented frame, use `newframe = frame.copy()`
  Z[c + "_na"] = X.loc[mask, c].isna().astype(float)
E:\MyFantasyFootball\sim_lab\backtest_context_model.py:77: PerformanceWarning: DataFrame is highly fragmented.  This is usually the result of calling `frame.insert` many times, which has poor performance.  Consider joining all columns at once using pd.concat(axis=1) instead. To get a de-fragmented frame, use `newframe = frame.copy()`
  Z[c + "_na"] = X.loc[mask, c].isna().astype(float)
E:\MyFantasyFootball\sim_lab\backtest_context_model.py:77: PerformanceWarning: DataFrame is highly fragmented.  This is usually the result of calling `frame.insert` many times, which has poor performance.  Consider joining all columns at once using pd.concat(axis=1) instead. To get a de-fragmented frame, use `newframe = frame.copy()`
  Z[c + "_na"] = X.loc[mask, c].isna().astype(float)
E:\MyFantasyFootball\sim_lab\backtest_context_model.py:77: PerformanceWarning: DataFrame is highly fragmented.  This is usually the result of calling `frame.insert` many times, which has poor performance.  Consider joining all columns at once using pd.concat(axis=1) instead. To get a de-fragmented frame, use `newframe = frame.copy()`
  Z[c + "_na"] = X.loc[mask, c].isna().astype(float)
E:\MyFantasyFootball\sim_lab\backtest_context_model.py:77: PerformanceWarning: DataFrame is highly fragmented.  This is usually the result of calling `frame.insert` many times, which has poor performance.  Consider joining all columns at once using pd.concat(axis=1) instead. To get a de-fragmented frame, use `newframe = frame.copy()`
  Z[c + "_na"] = X.loc[mask, c].isna().astype(float)
E:\MyFantasyFootball\sim_lab\backtest_context_model.py:77: PerformanceWarning: DataFrame is highly fragmented.  This is usually the result of calling `frame.insert` many times, which has poor performance.  Consider joining all columns at once using pd.concat(axis=1) instead. To get a de-fragmented frame, use `newframe = frame.copy()`
  Z[c + "_na"] = X.loc[mask, c].isna().astype(float)
E:\MyFantasyFootball\sim_lab\backtest_context_model.py:77: PerformanceWarning: DataFrame is highly fragmented.  This is usually the result of calling `frame.insert` many times, which has poor performance.  Consider joining all columns at once using pd.concat(axis=1) instead. To get a de-fragmented frame, use `newframe = frame.copy()`
  Z[c + "_na"] = X.loc[mask, c].isna().astype(float)
E:\MyFantasyFootball\sim_lab\backtest_context_model.py:77: PerformanceWarning: DataFrame is highly fragmented.  This is usually the result of calling `frame.insert` many times, which has poor performance.  Consider joining all columns at once using pd.concat(axis=1) instead. To get a de-fragmented frame, use `newframe = frame.copy()`
  Z[c + "_na"] = X.loc[mask, c].isna().astype(float)
E:\MyFantasyFootball\sim_lab\backtest_context_model.py:77: PerformanceWarning: DataFrame is highly fragmented.  This is usually the result of calling `frame.insert` many times, which has poor performance.  Consider joining all columns at once using pd.concat(axis=1) instead. To get a de-fragmented frame, use `newframe = frame.copy()`
  Z[c + "_na"] = X.loc[mask, c].isna().astype(float)
E:\MyFantasyFootball\sim_lab\backtest_context_model.py:77: PerformanceWarning: DataFrame is highly fragmented.  This is usually the result of calling `frame.insert` many times, which has poor performance.  Consider joining all columns at once using pd.concat(axis=1) instead. To get a de-fragmented frame, use `newframe = frame.copy()`
  Z[c + "_na"] = X.loc[mask, c].isna().astype(float)
E:\MyFantasyFootball\sim_lab\backtest_context_model.py:77: PerformanceWarning: DataFrame is highly fragmented.  This is usually the result of calling `frame.insert` many times, which has poor performance.  Consider joining all columns at once using pd.concat(axis=1) instead. To get a de-fragmented frame, use `newframe = frame.copy()`
  Z[c + "_na"] = X.loc[mask, c].isna().astype(float)
E:\MyFantasyFootball\sim_lab\backtest_context_model.py:77: PerformanceWarning: DataFrame is highly fragmented.  This is usually the result of calling `frame.insert` many times, which has poor performance.  Consider joining all columns at once using pd.concat(axis=1) instead. To get a de-fragmented frame, use `newframe = frame.copy()`
  Z[c + "_na"] = X.loc[mask, c].isna().astype(float)
E:\MyFantasyFootball\sim_lab\backtest_context_model.py:77: PerformanceWarning: DataFrame is highly fragmented.  This is usually the result of calling `frame.insert` many times, which has poor performance.  Consider joining all columns at once using pd.concat(axis=1) instead. To get a de-fragmented frame, use `newframe = frame.copy()`
  Z[c + "_na"] = X.loc[mask, c].isna().astype(float)
E:\MyFantasyFootball\sim_lab\backtest_context_model.py:77: PerformanceWarning: DataFrame is highly fragmented.  This is usually the result of calling `frame.insert` many times, which has poor performance.  Consider joining all columns at once using pd.concat(axis=1) instead. To get a de-fragmented frame, use `newframe = frame.copy()`
  Z[c + "_na"] = X.loc[mask, c].isna().astype(float)
E:\MyFantasyFootball\sim_lab\backtest_context_model.py:77: PerformanceWarning: DataFrame is highly fragmented.  This is usually the result of calling `frame.insert` many times, which has poor performance.  Consider joining all columns at once using pd.concat(axis=1) instead. To get a de-fragmented frame, use `newframe = frame.copy()`
  Z[c + "_na"] = X.loc[mask, c].isna().astype(float)
E:\MyFantasyFootball\sim_lab\backtest_context_model.py:77: PerformanceWarning: DataFrame is highly fragmented.  This is usually the result of calling `frame.insert` many times, which has poor performance.  Consider joining all columns at once using pd.concat(axis=1) instead. To get a de-fragmented frame, use `newframe = frame.copy()`
  Z[c + "_na"] = X.loc[mask, c].isna().astype(float)
E:\MyFantasyFootball\sim_lab\backtest_context_model.py:77: PerformanceWarning: DataFrame is highly fragmented.  This is usually the result of calling `frame.insert` many times, which has poor performance.  Consider joining all columns at once using pd.concat(axis=1) instead. To get a de-fragmented frame, use `newframe = frame.copy()`
  Z[c + "_na"] = X.loc[mask, c].isna().astype(float)
E:\MyFantasyFootball\sim_lab\backtest_context_model.py:77: PerformanceWarning: DataFrame is highly fragmented.  This is usually the result of calling `frame.insert` many times, which has poor performance.  Consider joining all columns at once using pd.concat(axis=1) instead. To get a de-fragmented frame, use `newframe = frame.copy()`
  Z[c + "_na"] = X.loc[mask, c].isna().astype(float)
E:\MyFantasyFootball\sim_lab\backtest_context_model.py:77: PerformanceWarning: DataFrame is highly fragmented.  This is usually the result of calling `frame.insert` many times, which has poor performance.  Consider joining all columns at once using pd.concat(axis=1) instead. To get a de-fragmented frame, use `newframe = frame.copy()`
  Z[c + "_na"] = X.loc[mask, c].isna().astype(float)
E:\MyFantasyFootball\sim_lab\backtest_context_model.py:77: PerformanceWarning: DataFrame is highly fragmented.  This is usually the result of calling `frame.insert` many times, which has poor performance.  Consider joining all columns at once using pd.concat(axis=1) instead. To get a de-fragmented frame, use `newframe = frame.copy()`
  Z[c + "_na"] = X.loc[mask, c].isna().astype(float)
E:\MyFantasyFootball\sim_lab\backtest_context_model.py:77: PerformanceWarning: DataFrame is highly fragmented.  This is usually the result of calling `frame.insert` many times, which has poor performance.  Consider joining all columns at once using pd.concat(axis=1) instead. To get a de-fragmented frame, use `newframe = frame.copy()`
  Z[c + "_na"] = X.loc[mask, c].isna().astype(float)
E:\MyFantasyFootball\sim_lab\backtest_context_model.py:77: PerformanceWarning: DataFrame is highly fragmented.  This is usually the result of calling `frame.insert` many times, which has poor performance.  Consider joining all columns at once using pd.concat(axis=1) instead. To get a de-fragmented frame, use `newframe = frame.copy()`
  Z[c + "_na"] = X.loc[mask, c].isna().astype(float)
E:\MyFantasyFootball\sim_lab\backtest_context_model.py:77: PerformanceWarning: DataFrame is highly fragmented.  This is usually the result of calling `frame.insert` many times, which has poor performance.  Consider joining all columns at once using pd.concat(axis=1) instead. To get a de-fragmented frame, use `newframe = frame.copy()`
  Z[c + "_na"] = X.loc[mask, c].isna().astype(float)
E:\MyFantasyFootball\sim_lab\backtest_context_model.py:77: PerformanceWarning: DataFrame is highly fragmented.  This is usually the result of calling `frame.insert` many times, which has poor performance.  Consider joining all columns at once using pd.concat(axis=1) instead. To get a de-fragmented frame, use `newframe = frame.copy()`
  Z[c + "_na"] = X.loc[mask, c].isna().astype(float)
E:\MyFantasyFootball\sim_lab\backtest_context_model.py:77: PerformanceWarning: DataFrame is highly fragmented.  This is usually the result of calling `frame.insert` many times, which has poor performance.  Consider joining all columns at once using pd.concat(axis=1) instead. To get a de-fragmented frame, use `newframe = frame.copy()`
  Z[c + "_na"] = X.loc[mask, c].isna().astype(float)
E:\MyFantasyFootball\sim_lab\backtest_context_model.py:77: PerformanceWarning: DataFrame is highly fragmented.  This is usually the result of calling `frame.insert` many times, which has poor performance.  Consider joining all columns at once using pd.concat(axis=1) instead. To get a de-fragmented frame, use `newframe = frame.copy()`
  Z[c + "_na"] = X.loc[mask, c].isna().astype(float)
E:\MyFantasyFootball\sim_lab\backtest_context_model.py:77: PerformanceWarning: DataFrame is highly fragmented.  This is usually the result of calling `frame.insert` many times, which has poor performance.  Consider joining all columns at once using pd.concat(axis=1) instead. To get a de-fragmented frame, use `newframe = frame.copy()`
  Z[c + "_na"] = X.loc[mask, c].isna().astype(float)
E:\MyFantasyFootball\sim_lab\backtest_context_model.py:77: PerformanceWarning: DataFrame is highly fragmented.  This is usually the result of calling `frame.insert` many times, which has poor performance.  Consider joining all columns at once using pd.concat(axis=1) instead. To get a de-fragmented frame, use `newframe = frame.copy()`
  Z[c + "_na"] = X.loc[mask, c].isna().astype(float)
E:\MyFantasyFootball\sim_lab\backtest_context_model.py:77: PerformanceWarning: DataFrame is highly fragmented.  This is usually the result of calling `frame.insert` many times, which has poor performance.  Consider joining all columns at once using pd.concat(axis=1) instead. To get a de-fragmented frame, use `newframe = frame.copy()`
  Z[c + "_na"] = X.loc[mask, c].isna().astype(float)
E:\MyFantasyFootball\sim_lab\backtest_context_model.py:77: PerformanceWarning: DataFrame is highly fragmented.  This is usually the result of calling `frame.insert` many times, which has poor performance.  Consider joining all columns at once using pd.concat(axis=1) instead. To get a de-fragmented frame, use `newframe = frame.copy()`
  Z[c + "_na"] = X.loc[mask, c].isna().astype(float)
E:\MyFantasyFootball\sim_lab\backtest_context_model.py:77: PerformanceWarning: DataFrame is highly fragmented.  This is usually the result of calling `frame.insert` many times, which has poor performance.  Consider joining all columns at once using pd.concat(axis=1) instead. To get a de-fragmented frame, use `newframe = frame.copy()`
  Z[c + "_na"] = X.loc[mask, c].isna().astype(float)
E:\MyFantasyFootball\sim_lab\backtest_context_model.py:77: PerformanceWarning: DataFrame is highly fragmented.  This is usually the result of calling `frame.insert` many times, which has poor performance.  Consider joining all columns at once using pd.concat(axis=1) instead. To get a de-fragmented frame, use `newframe = frame.copy()`
  Z[c + "_na"] = X.loc[mask, c].isna().astype(float)
E:\MyFantasyFootball\sim_lab\backtest_context_model.py:77: PerformanceWarning: DataFrame is highly fragmented.  This is usually the result of calling `frame.insert` many times, which has poor performance.  Consider joining all columns at once using pd.concat(axis=1) instead. To get a de-fragmented frame, use `newframe = frame.copy()`
  Z[c + "_na"] = X.loc[mask, c].isna().astype(float)
E:\MyFantasyFootball\sim_lab\backtest_context_model.py:77: PerformanceWarning: DataFrame is highly fragmented.  This is usually the result of calling `frame.insert` many times, which has poor performance.  Consider joining all columns at once using pd.concat(axis=1) instead. To get a de-fragmented frame, use `newframe = frame.copy()`
  Z[c + "_na"] = X.loc[mask, c].isna().astype(float)
E:\MyFantasyFootball\sim_lab\backtest_context_model.py:77: PerformanceWarning: DataFrame is highly fragmented.  This is usually the result of calling `frame.insert` many times, which has poor performance.  Consider joining all columns at once using pd.concat(axis=1) instead. To get a de-fragmented frame, use `newframe = frame.copy()`
  Z[c + "_na"] = X.loc[mask, c].isna().astype(float)
E:\MyFantasyFootball\sim_lab\backtest_context_model.py:77: PerformanceWarning: DataFrame is highly fragmented.  This is usually the result of calling `frame.insert` many times, which has poor performance.  Consider joining all columns at once using pd.concat(axis=1) instead. To get a de-fragmented frame, use `newframe = frame.copy()`
  Z[c + "_na"] = X.loc[mask, c].isna().astype(float)
E:\MyFantasyFootball\sim_lab\backtest_context_model.py:77: PerformanceWarning: DataFrame is highly fragmented.  This is usually the result of calling `frame.insert` many times, which has poor performance.  Consider joining all columns at once using pd.concat(axis=1) instead. To get a de-fragmented frame, use `newframe = frame.copy()`
  Z[c + "_na"] = X.loc[mask, c].isna().astype(float)
E:\MyFantasyFootball\sim_lab\backtest_context_model.py:77: PerformanceWarning: DataFrame is highly fragmented.  This is usually the result of calling `frame.insert` many times, which has poor performance.  Consider joining all columns at once using pd.concat(axis=1) instead. To get a de-fragmented frame, use `newframe = frame.copy()`
  Z[c + "_na"] = X.loc[mask, c].isna().astype(float)
E:\MyFantasyFootball\sim_lab\backtest_context_model.py:77: PerformanceWarning: DataFrame is highly fragmented.  This is usually the result of calling `frame.insert` many times, which has poor performance.  Consider joining all columns at once using pd.concat(axis=1) instead. To get a de-fragmented frame, use `newframe = frame.copy()`
  Z[c + "_na"] = X.loc[mask, c].isna().astype(float)
E:\MyFantasyFootball\sim_lab\backtest_context_model.py:77: PerformanceWarning: DataFrame is highly fragmented.  This is usually the result of calling `frame.insert` many times, which has poor performance.  Consider joining all columns at once using pd.concat(axis=1) instead. To get a de-fragmented frame, use `newframe = frame.copy()`
  Z[c + "_na"] = X.loc[mask, c].isna().astype(float)
E:\MyFantasyFootball\sim_lab\backtest_context_model.py:77: PerformanceWarning: DataFrame is highly fragmented.  This is usually the result of calling `frame.insert` many times, which has poor performance.  Consider joining all columns at once using pd.concat(axis=1) instead. To get a de-fragmented frame, use `newframe = frame.copy()`
  Z[c + "_na"] = X.loc[mask, c].isna().astype(float)
E:\MyFantasyFootball\sim_lab\backtest_context_model.py:77: PerformanceWarning: DataFrame is highly fragmented.  This is usually the result of calling `frame.insert` many times, which has poor performance.  Consider joining all columns at once using pd.concat(axis=1) instead. To get a de-fragmented frame, use `newframe = frame.copy()`
  Z[c + "_na"] = X.loc[mask, c].isna().astype(float)
E:\MyFantasyFootball\sim_lab\backtest_context_model.py:77: PerformanceWarning: DataFrame is highly fragmented.  This is usually the result of calling `frame.insert` many times, which has poor performance.  Consider joining all columns at once using pd.concat(axis=1) instead. To get a de-fragmented frame, use `newframe = frame.copy()`
  Z[c + "_na"] = X.loc[mask, c].isna().astype(float)
E:\MyFantasyFootball\sim_lab\backtest_context_model.py:77: PerformanceWarning: DataFrame is highly fragmented.  This is usually the result of calling `frame.insert` many times, which has poor performance.  Consider joining all columns at once using pd.concat(axis=1) instead. To get a de-fragmented frame, use `newframe = frame.copy()`
  Z[c + "_na"] = X.loc[mask, c].isna().astype(float)
E:\MyFantasyFootball\sim_lab\backtest_context_model.py:77: PerformanceWarning: DataFrame is highly fragmented.  This is usually the result of calling `frame.insert` many times, which has poor performance.  Consider joining all columns at once using pd.concat(axis=1) instead. To get a de-fragmented frame, use `newframe = frame.copy()`
  Z[c + "_na"] = X.loc[mask, c].isna().astype(float)
E:\MyFantasyFootball\sim_lab\backtest_context_model.py:77: PerformanceWarning: DataFrame is highly fragmented.  This is usually the result of calling `frame.insert` many times, which has poor performance.  Consider joining all columns at once using pd.concat(axis=1) instead. To get a de-fragmented frame, use `newframe = frame.copy()`
  Z[c + "_na"] = X.loc[mask, c].isna().astype(float)
E:\MyFantasyFootball\sim_lab\backtest_context_model.py:77: PerformanceWarning: DataFrame is highly fragmented.  This is usually the result of calling `frame.insert` many times, which has poor performance.  Consider joining all columns at once using pd.concat(axis=1) instead. To get a de-fragmented frame, use `newframe = frame.copy()`
  Z[c + "_na"] = X.loc[mask, c].isna().astype(float)
E:\MyFantasyFootball\sim_lab\backtest_context_model.py:77: PerformanceWarning: DataFrame is highly fragmented.  This is usually the result of calling `frame.insert` many times, which has poor performance.  Consider joining all columns at once using pd.concat(axis=1) instead. To get a de-fragmented frame, use `newframe = frame.copy()`
  Z[c + "_na"] = X.loc[mask, c].isna().astype(float)
E:\MyFantasyFootball\sim_lab\backtest_context_model.py:77: PerformanceWarning: DataFrame is highly fragmented.  This is usually the result of calling `frame.insert` many times, which has poor performance.  Consider joining all columns at once using pd.concat(axis=1) instead. To get a de-fragmented frame, use `newframe = frame.copy()`
  Z[c + "_na"] = X.loc[mask, c].isna().astype(float)
E:\MyFantasyFootball\sim_lab\backtest_context_model.py:77: PerformanceWarning: DataFrame is highly fragmented.  This is usually the result of calling `frame.insert` many times, which has poor performance.  Consider joining all columns at once using pd.concat(axis=1) instead. To get a de-fragmented frame, use `newframe = frame.copy()`
  Z[c + "_na"] = X.loc[mask, c].isna().astype(float)
E:\MyFantasyFootball\sim_lab\backtest_context_model.py:77: PerformanceWarning: DataFrame is highly fragmented.  This is usually the result of calling `frame.insert` many times, which has poor performance.  Consider joining all columns at once using pd.concat(axis=1) instead. To get a de-fragmented frame, use `newframe = frame.copy()`
  Z[c + "_na"] = X.loc[mask, c].isna().astype(float)
E:\MyFantasyFootball\sim_lab\backtest_context_model.py:77: PerformanceWarning: DataFrame is highly fragmented.  This is usually the result of calling `frame.insert` many times, which has poor performance.  Consider joining all columns at once using pd.concat(axis=1) instead. To get a de-fragmented frame, use `newframe = frame.copy()`
  Z[c + "_na"] = X.loc[mask, c].isna().astype(float)
E:\MyFantasyFootball\sim_lab\backtest_context_model.py:77: PerformanceWarning: DataFrame is highly fragmented.  This is usually the result of calling `frame.insert` many times, which has poor performance.  Consider joining all columns at once using pd.concat(axis=1) instead. To get a de-fragmented frame, use `newframe = frame.copy()`
  Z[c + "_na"] = X.loc[mask, c].isna().astype(float)
E:\MyFantasyFootball\sim_lab\backtest_context_model.py:77: PerformanceWarning: DataFrame is highly fragmented.  This is usually the result of calling `frame.insert` many times, which has poor performance.  Consider joining all columns at once using pd.concat(axis=1) instead. To get a de-fragmented frame, use `newframe = frame.copy()`
  Z[c + "_na"] = X.loc[mask, c].isna().astype(float)
E:\MyFantasyFootball\sim_lab\backtest_context_model.py:77: PerformanceWarning: DataFrame is highly fragmented.  This is usually the result of calling `frame.insert` many times, which has poor performance.  Consider joining all columns at once using pd.concat(axis=1) instead. To get a de-fragmented frame, use `newframe = frame.copy()`
  Z[c + "_na"] = X.loc[mask, c].isna().astype(float)
E:\MyFantasyFootball\sim_lab\backtest_context_model.py:77: PerformanceWarning: DataFrame is highly fragmented.  This is usually the result of calling `frame.insert` many times, which has poor performance.  Consider joining all columns at once using pd.concat(axis=1) instead. To get a de-fragmented frame, use `newframe = frame.copy()`
  Z[c + "_na"] = X.loc[mask, c].isna().astype(float)
E:\MyFantasyFootball\sim_lab\backtest_context_model.py:77: PerformanceWarning: DataFrame is highly fragmented.  This is usually the result of calling `frame.insert` many times, which has poor performance.  Consider joining all columns at once using pd.concat(axis=1) instead. To get a de-fragmented frame, use `newframe = frame.copy()`
  Z[c + "_na"] = X.loc[mask, c].isna().astype(float)
E:\MyFantasyFootball\sim_lab\backtest_context_model.py:77: PerformanceWarning: DataFrame is highly fragmented.  This is usually the result of calling `frame.insert` many times, which has poor performance.  Consider joining all columns at once using pd.concat(axis=1) instead. To get a de-fragmented frame, use `newframe = frame.copy()`
  Z[c + "_na"] = X.loc[mask, c].isna().astype(float)
E:\MyFantasyFootball\sim_lab\backtest_context_model.py:77: PerformanceWarning: DataFrame is highly fragmented.  This is usually the result of calling `frame.insert` many times, which has poor performance.  Consider joining all columns at once using pd.concat(axis=1) instead. To get a de-fragmented frame, use `newframe = frame.copy()`
  Z[c + "_na"] = X.loc[mask, c].isna().astype(float)
E:\MyFantasyFootball\sim_lab\backtest_context_model.py:77: PerformanceWarning: DataFrame is highly fragmented.  This is usually the result of calling `frame.insert` many times, which has poor performance.  Consider joining all columns at once using pd.concat(axis=1) instead. To get a de-fragmented frame, use `newframe = frame.copy()`
  Z[c + "_na"] = X.loc[mask, c].isna().astype(float)
E:\MyFantasyFootball\sim_lab\backtest_context_model.py:77: PerformanceWarning: DataFrame is highly fragmented.  This is usually the result of calling `frame.insert` many times, which has poor performance.  Consider joining all columns at once using pd.concat(axis=1) instead. To get a de-fragmented frame, use `newframe = frame.copy()`
  Z[c + "_na"] = X.loc[mask, c].isna().astype(float)
E:\MyFantasyFootball\sim_lab\backtest_context_model.py:77: PerformanceWarning: DataFrame is highly fragmented.  This is usually the result of calling `frame.insert` many times, which has poor performance.  Consider joining all columns at once using pd.concat(axis=1) instead. To get a de-fragmented frame, use `newframe = frame.copy()`
  Z[c + "_na"] = X.loc[mask, c].isna().astype(float)
E:\MyFantasyFootball\sim_lab\backtest_context_model.py:77: PerformanceWarning: DataFrame is highly fragmented.  This is usually the result of calling `frame.insert` many times, which has poor performance.  Consider joining all columns at once using pd.concat(axis=1) instead. To get a de-fragmented frame, use `newframe = frame.copy()`
  Z[c + "_na"] = X.loc[mask, c].isna().astype(float)
E:\MyFantasyFootball\sim_lab\backtest_context_model.py:77: PerformanceWarning: DataFrame is highly fragmented.  This is usually the result of calling `frame.insert` many times, which has poor performance.  Consider joining all columns at once using pd.concat(axis=1) instead. To get a de-fragmented frame, use `newframe = frame.copy()`
  Z[c + "_na"] = X.loc[mask, c].isna().astype(float)
E:\MyFantasyFootball\sim_lab\backtest_context_model.py:77: PerformanceWarning: DataFrame is highly fragmented.  This is usually the result of calling `frame.insert` many times, which has poor performance.  Consider joining all columns at once using pd.concat(axis=1) instead. To get a de-fragmented frame, use `newframe = frame.copy()`
  Z[c + "_na"] = X.loc[mask, c].isna().astype(float)
E:\MyFantasyFootball\sim_lab\backtest_context_model.py:77: PerformanceWarning: DataFrame is highly fragmented.  This is usually the result of calling `frame.insert` many times, which has poor performance.  Consider joining all columns at once using pd.concat(axis=1) instead. To get a de-fragmented frame, use `newframe = frame.copy()`
  Z[c + "_na"] = X.loc[mask, c].isna().astype(float)
E:\MyFantasyFootball\sim_lab\backtest_context_model.py:77: PerformanceWarning: DataFrame is highly fragmented.  This is usually the result of calling `frame.insert` many times, which has poor performance.  Consider joining all columns at once using pd.concat(axis=1) instead. To get a de-fragmented frame, use `newframe = frame.copy()`
  Z[c + "_na"] = X.loc[mask, c].isna().astype(float)
E:\MyFantasyFootball\sim_lab\backtest_context_model.py:77: PerformanceWarning: DataFrame is highly fragmented.  This is usually the result of calling `frame.insert` many times, which has poor performance.  Consider joining all columns at once using pd.concat(axis=1) instead. To get a de-fragmented frame, use `newframe = frame.copy()`
  Z[c + "_na"] = X.loc[mask, c].isna().astype(float)
E:\MyFantasyFootball\sim_lab\backtest_context_model.py:77: PerformanceWarning: DataFrame is highly fragmented.  This is usually the result of calling `frame.insert` many times, which has poor performance.  Consider joining all columns at once using pd.concat(axis=1) instead. To get a de-fragmented frame, use `newframe = frame.copy()`
  Z[c + "_na"] = X.loc[mask, c].isna().astype(float)
E:\MyFantasyFootball\sim_lab\backtest_context_model.py:77: PerformanceWarning: DataFrame is highly fragmented.  This is usually the result of calling `frame.insert` many times, which has poor performance.  Consider joining all columns at once using pd.concat(axis=1) instead. To get a de-fragmented frame, use `newframe = frame.copy()`
  Z[c + "_na"] = X.loc[mask, c].isna().astype(float)
E:\MyFantasyFootball\sim_lab\backtest_context_model.py:77: PerformanceWarning: DataFrame is highly fragmented.  This is usually the result of calling `frame.insert` many times, which has poor performance.  Consider joining all columns at once using pd.concat(axis=1) instead. To get a de-fragmented frame, use `newframe = frame.copy()`
  Z[c + "_na"] = X.loc[mask, c].isna().astype(float)
E:\MyFantasyFootball\sim_lab\backtest_context_model.py:77: PerformanceWarning: DataFrame is highly fragmented.  This is usually the result of calling `frame.insert` many times, which has poor performance.  Consider joining all columns at once using pd.concat(axis=1) instead. To get a de-fragmented frame, use `newframe = frame.copy()`
  Z[c + "_na"] = X.loc[mask, c].isna().astype(float)
E:\MyFantasyFootball\sim_lab\backtest_context_model.py:77: PerformanceWarning: DataFrame is highly fragmented.  This is usually the result of calling `frame.insert` many times, which has poor performance.  Consider joining all columns at once using pd.concat(axis=1) instead. To get a de-fragmented frame, use `newframe = frame.copy()`
  Z[c + "_na"] = X.loc[mask, c].isna().astype(float)
E:\MyFantasyFootball\sim_lab\backtest_context_model.py:77: PerformanceWarning: DataFrame is highly fragmented.  This is usually the result of calling `frame.insert` many times, which has poor performance.  Consider joining all columns at once using pd.concat(axis=1) instead. To get a de-fragmented frame, use `newframe = frame.copy()`
  Z[c + "_na"] = X.loc[mask, c].isna().astype(float)
E:\MyFantasyFootball\sim_lab\backtest_context_model.py:77: PerformanceWarning: DataFrame is highly fragmented.  This is usually the result of calling `frame.insert` many times, which has poor performance.  Consider joining all columns at once using pd.concat(axis=1) instead. To get a de-fragmented frame, use `newframe = frame.copy()`
  Z[c + "_na"] = X.loc[mask, c].isna().astype(float)
E:\MyFantasyFootball\sim_lab\backtest_context_model.py:77: PerformanceWarning: DataFrame is highly fragmented.  This is usually the result of calling `frame.insert` many times, which has poor performance.  Consider joining all columns at once using pd.concat(axis=1) instead. To get a de-fragmented frame, use `newframe = frame.copy()`
  Z[c + "_na"] = X.loc[mask, c].isna().astype(float)
E:\MyFantasyFootball\sim_lab\backtest_context_model.py:77: PerformanceWarning: DataFrame is highly fragmented.  This is usually the result of calling `frame.insert` many times, which has poor performance.  Consider joining all columns at once using pd.concat(axis=1) instead. To get a de-fragmented frame, use `newframe = frame.copy()`
  Z[c + "_na"] = X.loc[mask, c].isna().astype(float)
E:\MyFantasyFootball\sim_lab\backtest_context_model.py:77: PerformanceWarning: DataFrame is highly fragmented.  This is usually the result of calling `frame.insert` many times, which has poor performance.  Consider joining all columns at once using pd.concat(axis=1) instead. To get a de-fragmented frame, use `newframe = frame.copy()`
  Z[c + "_na"] = X.loc[mask, c].isna().astype(float)
E:\MyFantasyFootball\sim_lab\backtest_context_model.py:77: PerformanceWarning: DataFrame is highly fragmented.  This is usually the result of calling `frame.insert` many times, which has poor performance.  Consider joining all columns at once using pd.concat(axis=1) instead. To get a de-fragmented frame, use `newframe = frame.copy()`
  Z[c + "_na"] = X.loc[mask, c].isna().astype(float)
E:\MyFantasyFootball\sim_lab\backtest_context_model.py:77: PerformanceWarning: DataFrame is highly fragmented.  This is usually the result of calling `frame.insert` many times, which has poor performance.  Consider joining all columns at once using pd.concat(axis=1) instead. To get a de-fragmented frame, use `newframe = frame.copy()`
  Z[c + "_na"] = X.loc[mask, c].isna().astype(float)
E:\MyFantasyFootball\sim_lab\backtest_context_model.py:77: PerformanceWarning: DataFrame is highly fragmented.  This is usually the result of calling `frame.insert` many times, which has poor performance.  Consider joining all columns at once using pd.concat(axis=1) instead. To get a de-fragmented frame, use `newframe = frame.copy()`
  Z[c + "_na"] = X.loc[mask, c].isna().astype(float)
E:\MyFantasyFootball\sim_lab\backtest_context_model.py:77: PerformanceWarning: DataFrame is highly fragmented.  This is usually the result of calling `frame.insert` many times, which has poor performance.  Consider joining all columns at once using pd.concat(axis=1) instead. To get a de-fragmented frame, use `newframe = frame.copy()`
  Z[c + "_na"] = X.loc[mask, c].isna().astype(float)
E:\MyFantasyFootball\sim_lab\backtest_context_model.py:77: PerformanceWarning: DataFrame is highly fragmented.  This is usually the result of calling `frame.insert` many times, which has poor performance.  Consider joining all columns at once using pd.concat(axis=1) instead. To get a de-fragmented frame, use `newframe = frame.copy()`
  Z[c + "_na"] = X.loc[mask, c].isna().astype(float)
E:\MyFantasyFootball\sim_lab\backtest_context_model.py:77: PerformanceWarning: DataFrame is highly fragmented.  This is usually the result of calling `frame.insert` many times, which has poor performance.  Consider joining all columns at once using pd.concat(axis=1) instead. To get a de-fragmented frame, use `newframe = frame.copy()`
  Z[c + "_na"] = X.loc[mask, c].isna().astype(float)
  2024: n 3170 | base2 41.321 | GBM 40.292 (k 1.25, 78 rounds) | CAL 40.665 (k 1.0) | RIDGE 40.697 (k 0.25) (16s)
E:\MyFantasyFootball\sim_lab\backtest_context_model.py:77: PerformanceWarning: DataFrame is highly fragmented.  This is usually the result of calling `frame.insert` many times, which has poor performance.  Consider joining all columns at once using pd.concat(axis=1) instead. To get a de-fragmented frame, use `newframe = frame.copy()`
  Z[c + "_na"] = X.loc[mask, c].isna().astype(float)
E:\MyFantasyFootball\sim_lab\backtest_context_model.py:77: PerformanceWarning: DataFrame is highly fragmented.  This is usually the result of calling `frame.insert` many times, which has poor performance.  Consider joining all columns at once using pd.concat(axis=1) instead. To get a de-fragmented frame, use `newframe = frame.copy()`
  Z[c + "_na"] = X.loc[mask, c].isna().astype(float)
E:\MyFantasyFootball\sim_lab\backtest_context_model.py:77: PerformanceWarning: DataFrame is highly fragmented.  This is usually the result of calling `frame.insert` many times, which has poor performance.  Consider joining all columns at once using pd.concat(axis=1) instead. To get a de-fragmented frame, use `newframe = frame.copy()`
  Z[c + "_na"] = X.loc[mask, c].isna().astype(float)
E:\MyFantasyFootball\sim_lab\backtest_context_model.py:77: PerformanceWarning: DataFrame is highly fragmented.  This is usually the result of calling `frame.insert` many times, which has poor performance.  Consider joining all columns at once using pd.concat(axis=1) instead. To get a de-fragmented frame, use `newframe = frame.copy()`
  Z[c + "_na"] = X.loc[mask, c].isna().astype(float)
E:\MyFantasyFootball\sim_lab\backtest_context_model.py:77: PerformanceWarning: DataFrame is highly fragmented.  This is usually the result of calling `frame.insert` many times, which has poor performance.  Consider joining all columns at once using pd.concat(axis=1) instead. To get a de-fragmented frame, use `newframe = frame.copy()`
  Z[c + "_na"] = X.loc[mask, c].isna().astype(float)
E:\MyFantasyFootball\sim_lab\backtest_context_model.py:77: PerformanceWarning: DataFrame is highly fragmented.  This is usually the result of calling `frame.insert` many times, which has poor performance.  Consider joining all columns at once using pd.concat(axis=1) instead. To get a de-fragmented frame, use `newframe = frame.copy()`
  Z[c + "_na"] = X.loc[mask, c].isna().astype(float)
E:\MyFantasyFootball\sim_lab\backtest_context_model.py:77: PerformanceWarning: DataFrame is highly fragmented.  This is usually the result of calling `frame.insert` many times, which has poor performance.  Consider joining all columns at once using pd.concat(axis=1) instead. To get a de-fragmented frame, use `newframe = frame.copy()`
  Z[c + "_na"] = X.loc[mask, c].isna().astype(float)
E:\MyFantasyFootball\sim_lab\backtest_context_model.py:77: PerformanceWarning: DataFrame is highly fragmented.  This is usually the result of calling `frame.insert` many times, which has poor performance.  Consider joining all columns at once using pd.concat(axis=1) instead. To get a de-fragmented frame, use `newframe = frame.copy()`
  Z[c + "_na"] = X.loc[mask, c].isna().astype(float)
E:\MyFantasyFootball\sim_lab\backtest_context_model.py:77: PerformanceWarning: DataFrame is highly fragmented.  This is usually the result of calling `frame.insert` many times, which has poor performance.  Consider joining all columns at once using pd.concat(axis=1) instead. To get a de-fragmented frame, use `newframe = frame.copy()`
  Z[c + "_na"] = X.loc[mask, c].isna().astype(float)
E:\MyFantasyFootball\sim_lab\backtest_context_model.py:77: PerformanceWarning: DataFrame is highly fragmented.  This is usually the result of calling `frame.insert` many times, which has poor performance.  Consider joining all columns at once using pd.concat(axis=1) instead. To get a de-fragmented frame, use `newframe = frame.copy()`
  Z[c + "_na"] = X.loc[mask, c].isna().astype(float)
E:\MyFantasyFootball\sim_lab\backtest_context_model.py:77: PerformanceWarning: DataFrame is highly fragmented.  This is usually the result of calling `frame.insert` many times, which has poor performance.  Consider joining all columns at once using pd.concat(axis=1) instead. To get a de-fragmented frame, use `newframe = frame.copy()`
  Z[c + "_na"] = X.loc[mask, c].isna().astype(float)
E:\MyFantasyFootball\sim_lab\backtest_context_model.py:77: PerformanceWarning: DataFrame is highly fragmented.  This is usually the result of calling `frame.insert` many times, which has poor performance.  Consider joining all columns at once using pd.concat(axis=1) instead. To get a de-fragmented frame, use `newframe = frame.copy()`
  Z[c + "_na"] = X.loc[mask, c].isna().astype(float)
E:\MyFantasyFootball\sim_lab\backtest_context_model.py:77: PerformanceWarning: DataFrame is highly fragmented.  This is usually the result of calling `frame.insert` many times, which has poor performance.  Consider joining all columns at once using pd.concat(axis=1) instead. To get a de-fragmented frame, use `newframe = frame.copy()`
  Z[c + "_na"] = X.loc[mask, c].isna().astype(float)
E:\MyFantasyFootball\sim_lab\backtest_context_model.py:77: PerformanceWarning: DataFrame is highly fragmented.  This is usually the result of calling `frame.insert` many times, which has poor performance.  Consider joining all columns at once using pd.concat(axis=1) instead. To get a de-fragmented frame, use `newframe = frame.copy()`
  Z[c + "_na"] = X.loc[mask, c].isna().astype(float)
E:\MyFantasyFootball\sim_lab\backtest_context_model.py:77: PerformanceWarning: DataFrame is highly fragmented.  This is usually the result of calling `frame.insert` many times, which has poor performance.  Consider joining all columns at once using pd.concat(axis=1) instead. To get a de-fragmented frame, use `newframe = frame.copy()`
  Z[c + "_na"] = X.loc[mask, c].isna().astype(float)
E:\MyFantasyFootball\sim_lab\backtest_context_model.py:77: PerformanceWarning: DataFrame is highly fragmented.  This is usually the result of calling `frame.insert` many times, which has poor performance.  Consider joining all columns at once using pd.concat(axis=1) instead. To get a de-fragmented frame, use `newframe = frame.copy()`
  Z[c + "_na"] = X.loc[mask, c].isna().astype(float)
E:\MyFantasyFootball\sim_lab\backtest_context_model.py:77: PerformanceWarning: DataFrame is highly fragmented.  This is usually the result of calling `frame.insert` many times, which has poor performance.  Consider joining all columns at once using pd.concat(axis=1) instead. To get a de-fragmented frame, use `newframe = frame.copy()`
  Z[c + "_na"] = X.loc[mask, c].isna().astype(float)
E:\MyFantasyFootball\sim_lab\backtest_context_model.py:77: PerformanceWarning: DataFrame is highly fragmented.  This is usually the result of calling `frame.insert` many times, which has poor performance.  Consider joining all columns at once using pd.concat(axis=1) instead. To get a de-fragmented frame, use `newframe = frame.copy()`
  Z[c + "_na"] = X.loc[mask, c].isna().astype(float)
E:\MyFantasyFootball\sim_lab\backtest_context_model.py:77: PerformanceWarning: DataFrame is highly fragmented.  This is usually the result of calling `frame.insert` many times, which has poor performance.  Consider joining all columns at once using pd.concat(axis=1) instead. To get a de-fragmented frame, use `newframe = frame.copy()`
  Z[c + "_na"] = X.loc[mask, c].isna().astype(float)
E:\MyFantasyFootball\sim_lab\backtest_context_model.py:77: PerformanceWarning: DataFrame is highly fragmented.  This is usually the result of calling `frame.insert` many times, which has poor performance.  Consider joining all columns at once using pd.concat(axis=1) instead. To get a de-fragmented frame, use `newframe = frame.copy()`
  Z[c + "_na"] = X.loc[mask, c].isna().astype(float)
E:\MyFantasyFootball\sim_lab\backtest_context_model.py:77: PerformanceWarning: DataFrame is highly fragmented.  This is usually the result of calling `frame.insert` many times, which has poor performance.  Consider joining all columns at once using pd.concat(axis=1) instead. To get a de-fragmented frame, use `newframe = frame.copy()`
  Z[c + "_na"] = X.loc[mask, c].isna().astype(float)
E:\MyFantasyFootball\sim_lab\backtest_context_model.py:77: PerformanceWarning: DataFrame is highly fragmented.  This is usually the result of calling `frame.insert` many times, which has poor performance.  Consider joining all columns at once using pd.concat(axis=1) instead. To get a de-fragmented frame, use `newframe = frame.copy()`
  Z[c + "_na"] = X.loc[mask, c].isna().astype(float)
E:\MyFantasyFootball\sim_lab\backtest_context_model.py:77: PerformanceWarning: DataFrame is highly fragmented.  This is usually the result of calling `frame.insert` many times, which has poor performance.  Consider joining all columns at once using pd.concat(axis=1) instead. To get a de-fragmented frame, use `newframe = frame.copy()`
  Z[c + "_na"] = X.loc[mask, c].isna().astype(float)
E:\MyFantasyFootball\sim_lab\backtest_context_model.py:77: PerformanceWarning: DataFrame is highly fragmented.  This is usually the result of calling `frame.insert` many times, which has poor performance.  Consider joining all columns at once using pd.concat(axis=1) instead. To get a de-fragmented frame, use `newframe = frame.copy()`
  Z[c + "_na"] = X.loc[mask, c].isna().astype(float)
E:\MyFantasyFootball\sim_lab\backtest_context_model.py:77: PerformanceWarning: DataFrame is highly fragmented.  This is usually the result of calling `frame.insert` many times, which has poor performance.  Consider joining all columns at once using pd.concat(axis=1) instead. To get a de-fragmented frame, use `newframe = frame.copy()`
  Z[c + "_na"] = X.loc[mask, c].isna().astype(float)
E:\MyFantasyFootball\sim_lab\backtest_context_model.py:77: PerformanceWarning: DataFrame is highly fragmented.  This is usually the result of calling `frame.insert` many times, which has poor performance.  Consider joining all columns at once using pd.concat(axis=1) instead. To get a de-fragmented frame, use `newframe = frame.copy()`
  Z[c + "_na"] = X.loc[mask, c].isna().astype(float)
E:\MyFantasyFootball\sim_lab\backtest_context_model.py:77: PerformanceWarning: DataFrame is highly fragmented.  This is usually the result of calling `frame.insert` many times, which has poor performance.  Consider joining all columns at once using pd.concat(axis=1) instead. To get a de-fragmented frame, use `newframe = frame.copy()`
  Z[c + "_na"] = X.loc[mask, c].isna().astype(float)
E:\MyFantasyFootball\sim_lab\backtest_context_model.py:77: PerformanceWarning: DataFrame is highly fragmented.  This is usually the result of calling `frame.insert` many times, which has poor performance.  Consider joining all columns at once using pd.concat(axis=1) instead. To get a de-fragmented frame, use `newframe = frame.copy()`
  Z[c + "_na"] = X.loc[mask, c].isna().astype(float)
E:\MyFantasyFootball\sim_lab\backtest_context_model.py:77: PerformanceWarning: DataFrame is highly fragmented.  This is usually the result of calling `frame.insert` many times, which has poor performance.  Consider joining all columns at once using pd.concat(axis=1) instead. To get a de-fragmented frame, use `newframe = frame.copy()`
  Z[c + "_na"] = X.loc[mask, c].isna().astype(float)
E:\MyFantasyFootball\sim_lab\backtest_context_model.py:77: PerformanceWarning: DataFrame is highly fragmented.  This is usually the result of calling `frame.insert` many times, which has poor performance.  Consider joining all columns at once using pd.concat(axis=1) instead. To get a de-fragmented frame, use `newframe = frame.copy()`
  Z[c + "_na"] = X.loc[mask, c].isna().astype(float)
E:\MyFantasyFootball\sim_lab\backtest_context_model.py:77: PerformanceWarning: DataFrame is highly fragmented.  This is usually the result of calling `frame.insert` many times, which has poor performance.  Consider joining all columns at once using pd.concat(axis=1) instead. To get a de-fragmented frame, use `newframe = frame.copy()`
  Z[c + "_na"] = X.loc[mask, c].isna().astype(float)
E:\MyFantasyFootball\sim_lab\backtest_context_model.py:77: PerformanceWarning: DataFrame is highly fragmented.  This is usually the result of calling `frame.insert` many times, which has poor performance.  Consider joining all columns at once using pd.concat(axis=1) instead. To get a de-fragmented frame, use `newframe = frame.copy()`
  Z[c + "_na"] = X.loc[mask, c].isna().astype(float)
E:\MyFantasyFootball\sim_lab\backtest_context_model.py:77: PerformanceWarning: DataFrame is highly fragmented.  This is usually the result of calling `frame.insert` many times, which has poor performance.  Consider joining all columns at once using pd.concat(axis=1) instead. To get a de-fragmented frame, use `newframe = frame.copy()`
  Z[c + "_na"] = X.loc[mask, c].isna().astype(float)
E:\MyFantasyFootball\sim_lab\backtest_context_model.py:77: PerformanceWarning: DataFrame is highly fragmented.  This is usually the result of calling `frame.insert` many times, which has poor performance.  Consider joining all columns at once using pd.concat(axis=1) instead. To get a de-fragmented frame, use `newframe = frame.copy()`
  Z[c + "_na"] = X.loc[mask, c].isna().astype(float)
E:\MyFantasyFootball\sim_lab\backtest_context_model.py:77: PerformanceWarning: DataFrame is highly fragmented.  This is usually the result of calling `frame.insert` many times, which has poor performance.  Consider joining all columns at once using pd.concat(axis=1) instead. To get a de-fragmented frame, use `newframe = frame.copy()`
  Z[c + "_na"] = X.loc[mask, c].isna().astype(float)
E:\MyFantasyFootball\sim_lab\backtest_context_model.py:77: PerformanceWarning: DataFrame is highly fragmented.  This is usually the result of calling `frame.insert` many times, which has poor performance.  Consider joining all columns at once using pd.concat(axis=1) instead. To get a de-fragmented frame, use `newframe = frame.copy()`
  Z[c + "_na"] = X.loc[mask, c].isna().astype(float)
E:\MyFantasyFootball\sim_lab\backtest_context_model.py:77: PerformanceWarning: DataFrame is highly fragmented.  This is usually the result of calling `frame.insert` many times, which has poor performance.  Consider joining all columns at once using pd.concat(axis=1) instead. To get a de-fragmented frame, use `newframe = frame.copy()`
  Z[c + "_na"] = X.loc[mask, c].isna().astype(float)
E:\MyFantasyFootball\sim_lab\backtest_context_model.py:77: PerformanceWarning: DataFrame is highly fragmented.  This is usually the result of calling `frame.insert` many times, which has poor performance.  Consider joining all columns at once using pd.concat(axis=1) instead. To get a de-fragmented frame, use `newframe = frame.copy()`
  Z[c + "_na"] = X.loc[mask, c].isna().astype(float)
E:\MyFantasyFootball\sim_lab\backtest_context_model.py:77: PerformanceWarning: DataFrame is highly fragmented.  This is usually the result of calling `frame.insert` many times, which has poor performance.  Consider joining all columns at once using pd.concat(axis=1) instead. To get a de-fragmented frame, use `newframe = frame.copy()`
  Z[c + "_na"] = X.loc[mask, c].isna().astype(float)
E:\MyFantasyFootball\sim_lab\backtest_context_model.py:77: PerformanceWarning: DataFrame is highly fragmented.  This is usually the result of calling `frame.insert` many times, which has poor performance.  Consider joining all columns at once using pd.concat(axis=1) instead. To get a de-fragmented frame, use `newframe = frame.copy()`
  Z[c + "_na"] = X.loc[mask, c].isna().astype(float)
E:\MyFantasyFootball\sim_lab\backtest_context_model.py:77: PerformanceWarning: DataFrame is highly fragmented.  This is usually the result of calling `frame.insert` many times, which has poor performance.  Consider joining all columns at once using pd.concat(axis=1) instead. To get a de-fragmented frame, use `newframe = frame.copy()`
  Z[c + "_na"] = X.loc[mask, c].isna().astype(float)
E:\MyFantasyFootball\sim_lab\backtest_context_model.py:77: PerformanceWarning: DataFrame is highly fragmented.  This is usually the result of calling `frame.insert` many times, which has poor performance.  Consider joining all columns at once using pd.concat(axis=1) instead. To get a de-fragmented frame, use `newframe = frame.copy()`
  Z[c + "_na"] = X.loc[mask, c].isna().astype(float)
E:\MyFantasyFootball\sim_lab\backtest_context_model.py:77: PerformanceWarning: DataFrame is highly fragmented.  This is usually the result of calling `frame.insert` many times, which has poor performance.  Consider joining all columns at once using pd.concat(axis=1) instead. To get a de-fragmented frame, use `newframe = frame.copy()`
  Z[c + "_na"] = X.loc[mask, c].isna().astype(float)
E:\MyFantasyFootball\sim_lab\backtest_context_model.py:77: PerformanceWarning: DataFrame is highly fragmented.  This is usually the result of calling `frame.insert` many times, which has poor performance.  Consider joining all columns at once using pd.concat(axis=1) instead. To get a de-fragmented frame, use `newframe = frame.copy()`
  Z[c + "_na"] = X.loc[mask, c].isna().astype(float)
E:\MyFantasyFootball\sim_lab\backtest_context_model.py:77: PerformanceWarning: DataFrame is highly fragmented.  This is usually the result of calling `frame.insert` many times, which has poor performance.  Consider joining all columns at once using pd.concat(axis=1) instead. To get a de-fragmented frame, use `newframe = frame.copy()`
  Z[c + "_na"] = X.loc[mask, c].isna().astype(float)
E:\MyFantasyFootball\sim_lab\backtest_context_model.py:77: PerformanceWarning: DataFrame is highly fragmented.  This is usually the result of calling `frame.insert` many times, which has poor performance.  Consider joining all columns at once using pd.concat(axis=1) instead. To get a de-fragmented frame, use `newframe = frame.copy()`
  Z[c + "_na"] = X.loc[mask, c].isna().astype(float)
E:\MyFantasyFootball\sim_lab\backtest_context_model.py:77: PerformanceWarning: DataFrame is highly fragmented.  This is usually the result of calling `frame.insert` many times, which has poor performance.  Consider joining all columns at once using pd.concat(axis=1) instead. To get a de-fragmented frame, use `newframe = frame.copy()`
  Z[c + "_na"] = X.loc[mask, c].isna().astype(float)
E:\MyFantasyFootball\sim_lab\backtest_context_model.py:77: PerformanceWarning: DataFrame is highly fragmented.  This is usually the result of calling `frame.insert` many times, which has poor performance.  Consider joining all columns at once using pd.concat(axis=1) instead. To get a de-fragmented frame, use `newframe = frame.copy()`
  Z[c + "_na"] = X.loc[mask, c].isna().astype(float)
E:\MyFantasyFootball\sim_lab\backtest_context_model.py:77: PerformanceWarning: DataFrame is highly fragmented.  This is usually the result of calling `frame.insert` many times, which has poor performance.  Consider joining all columns at once using pd.concat(axis=1) instead. To get a de-fragmented frame, use `newframe = frame.copy()`
  Z[c + "_na"] = X.loc[mask, c].isna().astype(float)
E:\MyFantasyFootball\sim_lab\backtest_context_model.py:77: PerformanceWarning: DataFrame is highly fragmented.  This is usually the result of calling `frame.insert` many times, which has poor performance.  Consider joining all columns at once using pd.concat(axis=1) instead. To get a de-fragmented frame, use `newframe = frame.copy()`
  Z[c + "_na"] = X.loc[mask, c].isna().astype(float)
E:\MyFantasyFootball\sim_lab\backtest_context_model.py:77: PerformanceWarning: DataFrame is highly fragmented.  This is usually the result of calling `frame.insert` many times, which has poor performance.  Consider joining all columns at once using pd.concat(axis=1) instead. To get a de-fragmented frame, use `newframe = frame.copy()`
  Z[c + "_na"] = X.loc[mask, c].isna().astype(float)
E:\MyFantasyFootball\sim_lab\backtest_context_model.py:77: PerformanceWarning: DataFrame is highly fragmented.  This is usually the result of calling `frame.insert` many times, which has poor performance.  Consider joining all columns at once using pd.concat(axis=1) instead. To get a de-fragmented frame, use `newframe = frame.copy()`
  Z[c + "_na"] = X.loc[mask, c].isna().astype(float)
E:\MyFantasyFootball\sim_lab\backtest_context_model.py:77: PerformanceWarning: DataFrame is highly fragmented.  This is usually the result of calling `frame.insert` many times, which has poor performance.  Consider joining all columns at once using pd.concat(axis=1) instead. To get a de-fragmented frame, use `newframe = frame.copy()`
  Z[c + "_na"] = X.loc[mask, c].isna().astype(float)
E:\MyFantasyFootball\sim_lab\backtest_context_model.py:77: PerformanceWarning: DataFrame is highly fragmented.  This is usually the result of calling `frame.insert` many times, which has poor performance.  Consider joining all columns at once using pd.concat(axis=1) instead. To get a de-fragmented frame, use `newframe = frame.copy()`
  Z[c + "_na"] = X.loc[mask, c].isna().astype(float)
E:\MyFantasyFootball\sim_lab\backtest_context_model.py:77: PerformanceWarning: DataFrame is highly fragmented.  This is usually the result of calling `frame.insert` many times, which has poor performance.  Consider joining all columns at once using pd.concat(axis=1) instead. To get a de-fragmented frame, use `newframe = frame.copy()`
  Z[c + "_na"] = X.loc[mask, c].isna().astype(float)
E:\MyFantasyFootball\sim_lab\backtest_context_model.py:77: PerformanceWarning: DataFrame is highly fragmented.  This is usually the result of calling `frame.insert` many times, which has poor performance.  Consider joining all columns at once using pd.concat(axis=1) instead. To get a de-fragmented frame, use `newframe = frame.copy()`
  Z[c + "_na"] = X.loc[mask, c].isna().astype(float)
E:\MyFantasyFootball\sim_lab\backtest_context_model.py:77: PerformanceWarning: DataFrame is highly fragmented.  This is usually the result of calling `frame.insert` many times, which has poor performance.  Consider joining all columns at once using pd.concat(axis=1) instead. To get a de-fragmented frame, use `newframe = frame.copy()`
  Z[c + "_na"] = X.loc[mask, c].isna().astype(float)
E:\MyFantasyFootball\sim_lab\backtest_context_model.py:77: PerformanceWarning: DataFrame is highly fragmented.  This is usually the result of calling `frame.insert` many times, which has poor performance.  Consider joining all columns at once using pd.concat(axis=1) instead. To get a de-fragmented frame, use `newframe = frame.copy()`
  Z[c + "_na"] = X.loc[mask, c].isna().astype(float)
E:\MyFantasyFootball\sim_lab\backtest_context_model.py:77: PerformanceWarning: DataFrame is highly fragmented.  This is usually the result of calling `frame.insert` many times, which has poor performance.  Consider joining all columns at once using pd.concat(axis=1) instead. To get a de-fragmented frame, use `newframe = frame.copy()`
  Z[c + "_na"] = X.loc[mask, c].isna().astype(float)
E:\MyFantasyFootball\sim_lab\backtest_context_model.py:77: PerformanceWarning: DataFrame is highly fragmented.  This is usually the result of calling `frame.insert` many times, which has poor performance.  Consider joining all columns at once using pd.concat(axis=1) instead. To get a de-fragmented frame, use `newframe = frame.copy()`
  Z[c + "_na"] = X.loc[mask, c].isna().astype(float)
E:\MyFantasyFootball\sim_lab\backtest_context_model.py:77: PerformanceWarning: DataFrame is highly fragmented.  This is usually the result of calling `frame.insert` many times, which has poor performance.  Consider joining all columns at once using pd.concat(axis=1) instead. To get a de-fragmented frame, use `newframe = frame.copy()`
  Z[c + "_na"] = X.loc[mask, c].isna().astype(float)
E:\MyFantasyFootball\sim_lab\backtest_context_model.py:77: PerformanceWarning: DataFrame is highly fragmented.  This is usually the result of calling `frame.insert` many times, which has poor performance.  Consider joining all columns at once using pd.concat(axis=1) instead. To get a de-fragmented frame, use `newframe = frame.copy()`
  Z[c + "_na"] = X.loc[mask, c].isna().astype(float)
E:\MyFantasyFootball\sim_lab\backtest_context_model.py:77: PerformanceWarning: DataFrame is highly fragmented.  This is usually the result of calling `frame.insert` many times, which has poor performance.  Consider joining all columns at once using pd.concat(axis=1) instead. To get a de-fragmented frame, use `newframe = frame.copy()`
  Z[c + "_na"] = X.loc[mask, c].isna().astype(float)
E:\MyFantasyFootball\sim_lab\backtest_context_model.py:77: PerformanceWarning: DataFrame is highly fragmented.  This is usually the result of calling `frame.insert` many times, which has poor performance.  Consider joining all columns at once using pd.concat(axis=1) instead. To get a de-fragmented frame, use `newframe = frame.copy()`
  Z[c + "_na"] = X.loc[mask, c].isna().astype(float)
E:\MyFantasyFootball\sim_lab\backtest_context_model.py:77: PerformanceWarning: DataFrame is highly fragmented.  This is usually the result of calling `frame.insert` many times, which has poor performance.  Consider joining all columns at once using pd.concat(axis=1) instead. To get a de-fragmented frame, use `newframe = frame.copy()`
  Z[c + "_na"] = X.loc[mask, c].isna().astype(float)
E:\MyFantasyFootball\sim_lab\backtest_context_model.py:77: PerformanceWarning: DataFrame is highly fragmented.  This is usually the result of calling `frame.insert` many times, which has poor performance.  Consider joining all columns at once using pd.concat(axis=1) instead. To get a de-fragmented frame, use `newframe = frame.copy()`
  Z[c + "_na"] = X.loc[mask, c].isna().astype(float)
E:\MyFantasyFootball\sim_lab\backtest_context_model.py:77: PerformanceWarning: DataFrame is highly fragmented.  This is usually the result of calling `frame.insert` many times, which has poor performance.  Consider joining all columns at once using pd.concat(axis=1) instead. To get a de-fragmented frame, use `newframe = frame.copy()`
  Z[c + "_na"] = X.loc[mask, c].isna().astype(float)
E:\MyFantasyFootball\sim_lab\backtest_context_model.py:77: PerformanceWarning: DataFrame is highly fragmented.  This is usually the result of calling `frame.insert` many times, which has poor performance.  Consider joining all columns at once using pd.concat(axis=1) instead. To get a de-fragmented frame, use `newframe = frame.copy()`
  Z[c + "_na"] = X.loc[mask, c].isna().astype(float)
E:\MyFantasyFootball\sim_lab\backtest_context_model.py:77: PerformanceWarning: DataFrame is highly fragmented.  This is usually the result of calling `frame.insert` many times, which has poor performance.  Consider joining all columns at once using pd.concat(axis=1) instead. To get a de-fragmented frame, use `newframe = frame.copy()`
  Z[c + "_na"] = X.loc[mask, c].isna().astype(float)
E:\MyFantasyFootball\sim_lab\backtest_context_model.py:77: PerformanceWarning: DataFrame is highly fragmented.  This is usually the result of calling `frame.insert` many times, which has poor performance.  Consider joining all columns at once using pd.concat(axis=1) instead. To get a de-fragmented frame, use `newframe = frame.copy()`
  Z[c + "_na"] = X.loc[mask, c].isna().astype(float)
E:\MyFantasyFootball\sim_lab\backtest_context_model.py:77: PerformanceWarning: DataFrame is highly fragmented.  This is usually the result of calling `frame.insert` many times, which has poor performance.  Consider joining all columns at once using pd.concat(axis=1) instead. To get a de-fragmented frame, use `newframe = frame.copy()`
  Z[c + "_na"] = X.loc[mask, c].isna().astype(float)
E:\MyFantasyFootball\sim_lab\backtest_context_model.py:77: PerformanceWarning: DataFrame is highly fragmented.  This is usually the result of calling `frame.insert` many times, which has poor performance.  Consider joining all columns at once using pd.concat(axis=1) instead. To get a de-fragmented frame, use `newframe = frame.copy()`
  Z[c + "_na"] = X.loc[mask, c].isna().astype(float)
E:\MyFantasyFootball\sim_lab\backtest_context_model.py:77: PerformanceWarning: DataFrame is highly fragmented.  This is usually the result of calling `frame.insert` many times, which has poor performance.  Consider joining all columns at once using pd.concat(axis=1) instead. To get a de-fragmented frame, use `newframe = frame.copy()`
  Z[c + "_na"] = X.loc[mask, c].isna().astype(float)
E:\MyFantasyFootball\sim_lab\backtest_context_model.py:77: PerformanceWarning: DataFrame is highly fragmented.  This is usually the result of calling `frame.insert` many times, which has poor performance.  Consider joining all columns at once using pd.concat(axis=1) instead. To get a de-fragmented frame, use `newframe = frame.copy()`
  Z[c + "_na"] = X.loc[mask, c].isna().astype(float)
E:\MyFantasyFootball\sim_lab\backtest_context_model.py:77: PerformanceWarning: DataFrame is highly fragmented.  This is usually the result of calling `frame.insert` many times, which has poor performance.  Consider joining all columns at once using pd.concat(axis=1) instead. To get a de-fragmented frame, use `newframe = frame.copy()`
  Z[c + "_na"] = X.loc[mask, c].isna().astype(float)
E:\MyFantasyFootball\sim_lab\backtest_context_model.py:77: PerformanceWarning: DataFrame is highly fragmented.  This is usually the result of calling `frame.insert` many times, which has poor performance.  Consider joining all columns at once using pd.concat(axis=1) instead. To get a de-fragmented frame, use `newframe = frame.copy()`
  Z[c + "_na"] = X.loc[mask, c].isna().astype(float)
E:\MyFantasyFootball\sim_lab\backtest_context_model.py:77: PerformanceWarning: DataFrame is highly fragmented.  This is usually the result of calling `frame.insert` many times, which has poor performance.  Consider joining all columns at once using pd.concat(axis=1) instead. To get a de-fragmented frame, use `newframe = frame.copy()`
  Z[c + "_na"] = X.loc[mask, c].isna().astype(float)
E:\MyFantasyFootball\sim_lab\backtest_context_model.py:77: PerformanceWarning: DataFrame is highly fragmented.  This is usually the result of calling `frame.insert` many times, which has poor performance.  Consider joining all columns at once using pd.concat(axis=1) instead. To get a de-fragmented frame, use `newframe = frame.copy()`
  Z[c + "_na"] = X.loc[mask, c].isna().astype(float)
E:\MyFantasyFootball\sim_lab\backtest_context_model.py:77: PerformanceWarning: DataFrame is highly fragmented.  This is usually the result of calling `frame.insert` many times, which has poor performance.  Consider joining all columns at once using pd.concat(axis=1) instead. To get a de-fragmented frame, use `newframe = frame.copy()`
  Z[c + "_na"] = X.loc[mask, c].isna().astype(float)
E:\MyFantasyFootball\sim_lab\backtest_context_model.py:77: PerformanceWarning: DataFrame is highly fragmented.  This is usually the result of calling `frame.insert` many times, which has poor performance.  Consider joining all columns at once using pd.concat(axis=1) instead. To get a de-fragmented frame, use `newframe = frame.copy()`
  Z[c + "_na"] = X.loc[mask, c].isna().astype(float)
E:\MyFantasyFootball\sim_lab\backtest_context_model.py:77: PerformanceWarning: DataFrame is highly fragmented.  This is usually the result of calling `frame.insert` many times, which has poor performance.  Consider joining all columns at once using pd.concat(axis=1) instead. To get a de-fragmented frame, use `newframe = frame.copy()`
  Z[c + "_na"] = X.loc[mask, c].isna().astype(float)
E:\MyFantasyFootball\sim_lab\backtest_context_model.py:77: PerformanceWarning: DataFrame is highly fragmented.  This is usually the result of calling `frame.insert` many times, which has poor performance.  Consider joining all columns at once using pd.concat(axis=1) instead. To get a de-fragmented frame, use `newframe = frame.copy()`
  Z[c + "_na"] = X.loc[mask, c].isna().astype(float)
E:\MyFantasyFootball\sim_lab\backtest_context_model.py:77: PerformanceWarning: DataFrame is highly fragmented.  This is usually the result of calling `frame.insert` many times, which has poor performance.  Consider joining all columns at once using pd.concat(axis=1) instead. To get a de-fragmented frame, use `newframe = frame.copy()`
  Z[c + "_na"] = X.loc[mask, c].isna().astype(float)
E:\MyFantasyFootball\sim_lab\backtest_context_model.py:77: PerformanceWarning: DataFrame is highly fragmented.  This is usually the result of calling `frame.insert` many times, which has poor performance.  Consider joining all columns at once using pd.concat(axis=1) instead. To get a de-fragmented frame, use `newframe = frame.copy()`
  Z[c + "_na"] = X.loc[mask, c].isna().astype(float)
E:\MyFantasyFootball\sim_lab\backtest_context_model.py:77: PerformanceWarning: DataFrame is highly fragmented.  This is usually the result of calling `frame.insert` many times, which has poor performance.  Consider joining all columns at once using pd.concat(axis=1) instead. To get a de-fragmented frame, use `newframe = frame.copy()`
  Z[c + "_na"] = X.loc[mask, c].isna().astype(float)
E:\MyFantasyFootball\sim_lab\backtest_context_model.py:77: PerformanceWarning: DataFrame is highly fragmented.  This is usually the result of calling `frame.insert` many times, which has poor performance.  Consider joining all columns at once using pd.concat(axis=1) instead. To get a de-fragmented frame, use `newframe = frame.copy()`
  Z[c + "_na"] = X.loc[mask, c].isna().astype(float)
E:\MyFantasyFootball\sim_lab\backtest_context_model.py:77: PerformanceWarning: DataFrame is highly fragmented.  This is usually the result of calling `frame.insert` many times, which has poor performance.  Consider joining all columns at once using pd.concat(axis=1) instead. To get a de-fragmented frame, use `newframe = frame.copy()`
  Z[c + "_na"] = X.loc[mask, c].isna().astype(float)
E:\MyFantasyFootball\sim_lab\backtest_context_model.py:77: PerformanceWarning: DataFrame is highly fragmented.  This is usually the result of calling `frame.insert` many times, which has poor performance.  Consider joining all columns at once using pd.concat(axis=1) instead. To get a de-fragmented frame, use `newframe = frame.copy()`
  Z[c + "_na"] = X.loc[mask, c].isna().astype(float)
E:\MyFantasyFootball\sim_lab\backtest_context_model.py:77: PerformanceWarning: DataFrame is highly fragmented.  This is usually the result of calling `frame.insert` many times, which has poor performance.  Consider joining all columns at once using pd.concat(axis=1) instead. To get a de-fragmented frame, use `newframe = frame.copy()`
  Z[c + "_na"] = X.loc[mask, c].isna().astype(float)
E:\MyFantasyFootball\sim_lab\backtest_context_model.py:77: PerformanceWarning: DataFrame is highly fragmented.  This is usually the result of calling `frame.insert` many times, which has poor performance.  Consider joining all columns at once using pd.concat(axis=1) instead. To get a de-fragmented frame, use `newframe = frame.copy()`
  Z[c + "_na"] = X.loc[mask, c].isna().astype(float)
E:\MyFantasyFootball\sim_lab\backtest_context_model.py:77: PerformanceWarning: DataFrame is highly fragmented.  This is usually the result of calling `frame.insert` many times, which has poor performance.  Consider joining all columns at once using pd.concat(axis=1) instead. To get a de-fragmented frame, use `newframe = frame.copy()`
  Z[c + "_na"] = X.loc[mask, c].isna().astype(float)
E:\MyFantasyFootball\sim_lab\backtest_context_model.py:77: PerformanceWarning: DataFrame is highly fragmented.  This is usually the result of calling `frame.insert` many times, which has poor performance.  Consider joining all columns at once using pd.concat(axis=1) instead. To get a de-fragmented frame, use `newframe = frame.copy()`
  Z[c + "_na"] = X.loc[mask, c].isna().astype(float)
E:\MyFantasyFootball\sim_lab\backtest_context_model.py:77: PerformanceWarning: DataFrame is highly fragmented.  This is usually the result of calling `frame.insert` many times, which has poor performance.  Consider joining all columns at once using pd.concat(axis=1) instead. To get a de-fragmented frame, use `newframe = frame.copy()`
  Z[c + "_na"] = X.loc[mask, c].isna().astype(float)
E:\MyFantasyFootball\sim_lab\backtest_context_model.py:77: PerformanceWarning: DataFrame is highly fragmented.  This is usually the result of calling `frame.insert` many times, which has poor performance.  Consider joining all columns at once using pd.concat(axis=1) instead. To get a de-fragmented frame, use `newframe = frame.copy()`
  Z[c + "_na"] = X.loc[mask, c].isna().astype(float)
E:\MyFantasyFootball\sim_lab\backtest_context_model.py:77: PerformanceWarning: DataFrame is highly fragmented.  This is usually the result of calling `frame.insert` many times, which has poor performance.  Consider joining all columns at once using pd.concat(axis=1) instead. To get a de-fragmented frame, use `newframe = frame.copy()`
  Z[c + "_na"] = X.loc[mask, c].isna().astype(float)
E:\MyFantasyFootball\sim_lab\backtest_context_model.py:77: PerformanceWarning: DataFrame is highly fragmented.  This is usually the result of calling `frame.insert` many times, which has poor performance.  Consider joining all columns at once using pd.concat(axis=1) instead. To get a de-fragmented frame, use `newframe = frame.copy()`
  Z[c + "_na"] = X.loc[mask, c].isna().astype(float)
E:\MyFantasyFootball\sim_lab\backtest_context_model.py:77: PerformanceWarning: DataFrame is highly fragmented.  This is usually the result of calling `frame.insert` many times, which has poor performance.  Consider joining all columns at once using pd.concat(axis=1) instead. To get a de-fragmented frame, use `newframe = frame.copy()`
  Z[c + "_na"] = X.loc[mask, c].isna().astype(float)
E:\MyFantasyFootball\sim_lab\backtest_context_model.py:77: PerformanceWarning: DataFrame is highly fragmented.  This is usually the result of calling `frame.insert` many times, which has poor performance.  Consider joining all columns at once using pd.concat(axis=1) instead. To get a de-fragmented frame, use `newframe = frame.copy()`
  Z[c + "_na"] = X.loc[mask, c].isna().astype(float)
E:\MyFantasyFootball\sim_lab\backtest_context_model.py:77: PerformanceWarning: DataFrame is highly fragmented.  This is usually the result of calling `frame.insert` many times, which has poor performance.  Consider joining all columns at once using pd.concat(axis=1) instead. To get a de-fragmented frame, use `newframe = frame.copy()`
  Z[c + "_na"] = X.loc[mask, c].isna().astype(float)
E:\MyFantasyFootball\sim_lab\backtest_context_model.py:77: PerformanceWarning: DataFrame is highly fragmented.  This is usually the result of calling `frame.insert` many times, which has poor performance.  Consider joining all columns at once using pd.concat(axis=1) instead. To get a de-fragmented frame, use `newframe = frame.copy()`
  Z[c + "_na"] = X.loc[mask, c].isna().astype(float)
E:\MyFantasyFootball\sim_lab\backtest_context_model.py:77: PerformanceWarning: DataFrame is highly fragmented.  This is usually the result of calling `frame.insert` many times, which has poor performance.  Consider joining all columns at once using pd.concat(axis=1) instead. To get a de-fragmented frame, use `newframe = frame.copy()`
  Z[c + "_na"] = X.loc[mask, c].isna().astype(float)
E:\MyFantasyFootball\sim_lab\backtest_context_model.py:77: PerformanceWarning: DataFrame is highly fragmented.  This is usually the result of calling `frame.insert` many times, which has poor performance.  Consider joining all columns at once using pd.concat(axis=1) instead. To get a de-fragmented frame, use `newframe = frame.copy()`
  Z[c + "_na"] = X.loc[mask, c].isna().astype(float)
E:\MyFantasyFootball\sim_lab\backtest_context_model.py:77: PerformanceWarning: DataFrame is highly fragmented.  This is usually the result of calling `frame.insert` many times, which has poor performance.  Consider joining all columns at once using pd.concat(axis=1) instead. To get a de-fragmented frame, use `newframe = frame.copy()`
  Z[c + "_na"] = X.loc[mask, c].isna().astype(float)
E:\MyFantasyFootball\sim_lab\backtest_context_model.py:77: PerformanceWarning: DataFrame is highly fragmented.  This is usually the result of calling `frame.insert` many times, which has poor performance.  Consider joining all columns at once using pd.concat(axis=1) instead. To get a de-fragmented frame, use `newframe = frame.copy()`
  Z[c + "_na"] = X.loc[mask, c].isna().astype(float)
E:\MyFantasyFootball\sim_lab\backtest_context_model.py:77: PerformanceWarning: DataFrame is highly fragmented.  This is usually the result of calling `frame.insert` many times, which has poor performance.  Consider joining all columns at once using pd.concat(axis=1) instead. To get a de-fragmented frame, use `newframe = frame.copy()`
  Z[c + "_na"] = X.loc[mask, c].isna().astype(float)
E:\MyFantasyFootball\sim_lab\backtest_context_model.py:77: PerformanceWarning: DataFrame is highly fragmented.  This is usually the result of calling `frame.insert` many times, which has poor performance.  Consider joining all columns at once using pd.concat(axis=1) instead. To get a de-fragmented frame, use `newframe = frame.copy()`
  Z[c + "_na"] = X.loc[mask, c].isna().astype(float)
E:\MyFantasyFootball\sim_lab\backtest_context_model.py:77: PerformanceWarning: DataFrame is highly fragmented.  This is usually the result of calling `frame.insert` many times, which has poor performance.  Consider joining all columns at once using pd.concat(axis=1) instead. To get a de-fragmented frame, use `newframe = frame.copy()`
  Z[c + "_na"] = X.loc[mask, c].isna().astype(float)
E:\MyFantasyFootball\sim_lab\backtest_context_model.py:77: PerformanceWarning: DataFrame is highly fragmented.  This is usually the result of calling `frame.insert` many times, which has poor performance.  Consider joining all columns at once using pd.concat(axis=1) instead. To get a de-fragmented frame, use `newframe = frame.copy()`
  Z[c + "_na"] = X.loc[mask, c].isna().astype(float)
E:\MyFantasyFootball\sim_lab\backtest_context_model.py:77: PerformanceWarning: DataFrame is highly fragmented.  This is usually the result of calling `frame.insert` many times, which has poor performance.  Consider joining all columns at once using pd.concat(axis=1) instead. To get a de-fragmented frame, use `newframe = frame.copy()`
  Z[c + "_na"] = X.loc[mask, c].isna().astype(float)
E:\MyFantasyFootball\sim_lab\backtest_context_model.py:77: PerformanceWarning: DataFrame is highly fragmented.  This is usually the result of calling `frame.insert` many times, which has poor performance.  Consider joining all columns at once using pd.concat(axis=1) instead. To get a de-fragmented frame, use `newframe = frame.copy()`
  Z[c + "_na"] = X.loc[mask, c].isna().astype(float)
E:\MyFantasyFootball\sim_lab\backtest_context_model.py:77: PerformanceWarning: DataFrame is highly fragmented.  This is usually the result of calling `frame.insert` many times, which has poor performance.  Consider joining all columns at once using pd.concat(axis=1) instead. To get a de-fragmented frame, use `newframe = frame.copy()`
  Z[c + "_na"] = X.loc[mask, c].isna().astype(float)
E:\MyFantasyFootball\sim_lab\backtest_context_model.py:77: PerformanceWarning: DataFrame is highly fragmented.  This is usually the result of calling `frame.insert` many times, which has poor performance.  Consider joining all columns at once using pd.concat(axis=1) instead. To get a de-fragmented frame, use `newframe = frame.copy()`
  Z[c + "_na"] = X.loc[mask, c].isna().astype(float)
E:\MyFantasyFootball\sim_lab\backtest_context_model.py:77: PerformanceWarning: DataFrame is highly fragmented.  This is usually the result of calling `frame.insert` many times, which has poor performance.  Consider joining all columns at once using pd.concat(axis=1) instead. To get a de-fragmented frame, use `newframe = frame.copy()`
  Z[c + "_na"] = X.loc[mask, c].isna().astype(float)
E:\MyFantasyFootball\sim_lab\backtest_context_model.py:77: PerformanceWarning: DataFrame is highly fragmented.  This is usually the result of calling `frame.insert` many times, which has poor performance.  Consider joining all columns at once using pd.concat(axis=1) instead. To get a de-fragmented frame, use `newframe = frame.copy()`
  Z[c + "_na"] = X.loc[mask, c].isna().astype(float)
E:\MyFantasyFootball\sim_lab\backtest_context_model.py:77: PerformanceWarning: DataFrame is highly fragmented.  This is usually the result of calling `frame.insert` many times, which has poor performance.  Consider joining all columns at once using pd.concat(axis=1) instead. To get a de-fragmented frame, use `newframe = frame.copy()`
  Z[c + "_na"] = X.loc[mask, c].isna().astype(float)
E:\MyFantasyFootball\sim_lab\backtest_context_model.py:77: PerformanceWarning: DataFrame is highly fragmented.  This is usually the result of calling `frame.insert` many times, which has poor performance.  Consider joining all columns at once using pd.concat(axis=1) instead. To get a de-fragmented frame, use `newframe = frame.copy()`
  Z[c + "_na"] = X.loc[mask, c].isna().astype(float)
E:\MyFantasyFootball\sim_lab\backtest_context_model.py:77: PerformanceWarning: DataFrame is highly fragmented.  This is usually the result of calling `frame.insert` many times, which has poor performance.  Consider joining all columns at once using pd.concat(axis=1) instead. To get a de-fragmented frame, use `newframe = frame.copy()`
  Z[c + "_na"] = X.loc[mask, c].isna().astype(float)
E:\MyFantasyFootball\sim_lab\backtest_context_model.py:77: PerformanceWarning: DataFrame is highly fragmented.  This is usually the result of calling `frame.insert` many times, which has poor performance.  Consider joining all columns at once using pd.concat(axis=1) instead. To get a de-fragmented frame, use `newframe = frame.copy()`
  Z[c + "_na"] = X.loc[mask, c].isna().astype(float)
E:\MyFantasyFootball\sim_lab\backtest_context_model.py:77: PerformanceWarning: DataFrame is highly fragmented.  This is usually the result of calling `frame.insert` many times, which has poor performance.  Consider joining all columns at once using pd.concat(axis=1) instead. To get a de-fragmented frame, use `newframe = frame.copy()`
  Z[c + "_na"] = X.loc[mask, c].isna().astype(float)
E:\MyFantasyFootball\sim_lab\backtest_context_model.py:77: PerformanceWarning: DataFrame is highly fragmented.  This is usually the result of calling `frame.insert` many times, which has poor performance.  Consider joining all columns at once using pd.concat(axis=1) instead. To get a de-fragmented frame, use `newframe = frame.copy()`
  Z[c + "_na"] = X.loc[mask, c].isna().astype(float)
E:\MyFantasyFootball\sim_lab\backtest_context_model.py:77: PerformanceWarning: DataFrame is highly fragmented.  This is usually the result of calling `frame.insert` many times, which has poor performance.  Consider joining all columns at once using pd.concat(axis=1) instead. To get a de-fragmented frame, use `newframe = frame.copy()`
  Z[c + "_na"] = X.loc[mask, c].isna().astype(float)
E:\MyFantasyFootball\sim_lab\backtest_context_model.py:77: PerformanceWarning: DataFrame is highly fragmented.  This is usually the result of calling `frame.insert` many times, which has poor performance.  Consider joining all columns at once using pd.concat(axis=1) instead. To get a de-fragmented frame, use `newframe = frame.copy()`
  Z[c + "_na"] = X.loc[mask, c].isna().astype(float)
E:\MyFantasyFootball\sim_lab\backtest_context_model.py:77: PerformanceWarning: DataFrame is highly fragmented.  This is usually the result of calling `frame.insert` many times, which has poor performance.  Consider joining all columns at once using pd.concat(axis=1) instead. To get a de-fragmented frame, use `newframe = frame.copy()`
  Z[c + "_na"] = X.loc[mask, c].isna().astype(float)
E:\MyFantasyFootball\sim_lab\backtest_context_model.py:77: PerformanceWarning: DataFrame is highly fragmented.  This is usually the result of calling `frame.insert` many times, which has poor performance.  Consider joining all columns at once using pd.concat(axis=1) instead. To get a de-fragmented frame, use `newframe = frame.copy()`
  Z[c + "_na"] = X.loc[mask, c].isna().astype(float)
E:\MyFantasyFootball\sim_lab\backtest_context_model.py:77: PerformanceWarning: DataFrame is highly fragmented.  This is usually the result of calling `frame.insert` many times, which has poor performance.  Consider joining all columns at once using pd.concat(axis=1) instead. To get a de-fragmented frame, use `newframe = frame.copy()`
  Z[c + "_na"] = X.loc[mask, c].isna().astype(float)
E:\MyFantasyFootball\sim_lab\backtest_context_model.py:77: PerformanceWarning: DataFrame is highly fragmented.  This is usually the result of calling `frame.insert` many times, which has poor performance.  Consider joining all columns at once using pd.concat(axis=1) instead. To get a de-fragmented frame, use `newframe = frame.copy()`
  Z[c + "_na"] = X.loc[mask, c].isna().astype(float)
E:\MyFantasyFootball\sim_lab\backtest_context_model.py:77: PerformanceWarning: DataFrame is highly fragmented.  This is usually the result of calling `frame.insert` many times, which has poor performance.  Consider joining all columns at once using pd.concat(axis=1) instead. To get a de-fragmented frame, use `newframe = frame.copy()`
  Z[c + "_na"] = X.loc[mask, c].isna().astype(float)
E:\MyFantasyFootball\sim_lab\backtest_context_model.py:77: PerformanceWarning: DataFrame is highly fragmented.  This is usually the result of calling `frame.insert` many times, which has poor performance.  Consider joining all columns at once using pd.concat(axis=1) instead. To get a de-fragmented frame, use `newframe = frame.copy()`
  Z[c + "_na"] = X.loc[mask, c].isna().astype(float)
E:\MyFantasyFootball\sim_lab\backtest_context_model.py:77: PerformanceWarning: DataFrame is highly fragmented.  This is usually the result of calling `frame.insert` many times, which has poor performance.  Consider joining all columns at once using pd.concat(axis=1) instead. To get a de-fragmented frame, use `newframe = frame.copy()`
  Z[c + "_na"] = X.loc[mask, c].isna().astype(float)
E:\MyFantasyFootball\sim_lab\backtest_context_model.py:77: PerformanceWarning: DataFrame is highly fragmented.  This is usually the result of calling `frame.insert` many times, which has poor performance.  Consider joining all columns at once using pd.concat(axis=1) instead. To get a de-fragmented frame, use `newframe = frame.copy()`
  Z[c + "_na"] = X.loc[mask, c].isna().astype(float)
E:\MyFantasyFootball\sim_lab\backtest_context_model.py:77: PerformanceWarning: DataFrame is highly fragmented.  This is usually the result of calling `frame.insert` many times, which has poor performance.  Consider joining all columns at once using pd.concat(axis=1) instead. To get a de-fragmented frame, use `newframe = frame.copy()`
  Z[c + "_na"] = X.loc[mask, c].isna().astype(float)
E:\MyFantasyFootball\sim_lab\backtest_context_model.py:77: PerformanceWarning: DataFrame is highly fragmented.  This is usually the result of calling `frame.insert` many times, which has poor performance.  Consider joining all columns at once using pd.concat(axis=1) instead. To get a de-fragmented frame, use `newframe = frame.copy()`
  Z[c + "_na"] = X.loc[mask, c].isna().astype(float)
E:\MyFantasyFootball\sim_lab\backtest_context_model.py:77: PerformanceWarning: DataFrame is highly fragmented.  This is usually the result of calling `frame.insert` many times, which has poor performance.  Consider joining all columns at once using pd.concat(axis=1) instead. To get a de-fragmented frame, use `newframe = frame.copy()`
  Z[c + "_na"] = X.loc[mask, c].isna().astype(float)
E:\MyFantasyFootball\sim_lab\backtest_context_model.py:77: PerformanceWarning: DataFrame is highly fragmented.  This is usually the result of calling `frame.insert` many times, which has poor performance.  Consider joining all columns at once using pd.concat(axis=1) instead. To get a de-fragmented frame, use `newframe = frame.copy()`
  Z[c + "_na"] = X.loc[mask, c].isna().astype(float)
E:\MyFantasyFootball\sim_lab\backtest_context_model.py:77: PerformanceWarning: DataFrame is highly fragmented.  This is usually the result of calling `frame.insert` many times, which has poor performance.  Consider joining all columns at once using pd.concat(axis=1) instead. To get a de-fragmented frame, use `newframe = frame.copy()`
  Z[c + "_na"] = X.loc[mask, c].isna().astype(float)
E:\MyFantasyFootball\sim_lab\backtest_context_model.py:77: PerformanceWarning: DataFrame is highly fragmented.  This is usually the result of calling `frame.insert` many times, which has poor performance.  Consider joining all columns at once using pd.concat(axis=1) instead. To get a de-fragmented frame, use `newframe = frame.copy()`
  Z[c + "_na"] = X.loc[mask, c].isna().astype(float)
E:\MyFantasyFootball\sim_lab\backtest_context_model.py:77: PerformanceWarning: DataFrame is highly fragmented.  This is usually the result of calling `frame.insert` many times, which has poor performance.  Consider joining all columns at once using pd.concat(axis=1) instead. To get a de-fragmented frame, use `newframe = frame.copy()`
  Z[c + "_na"] = X.loc[mask, c].isna().astype(float)
E:\MyFantasyFootball\sim_lab\backtest_context_model.py:77: PerformanceWarning: DataFrame is highly fragmented.  This is usually the result of calling `frame.insert` many times, which has poor performance.  Consider joining all columns at once using pd.concat(axis=1) instead. To get a de-fragmented frame, use `newframe = frame.copy()`
  Z[c + "_na"] = X.loc[mask, c].isna().astype(float)
E:\MyFantasyFootball\sim_lab\backtest_context_model.py:77: PerformanceWarning: DataFrame is highly fragmented.  This is usually the result of calling `frame.insert` many times, which has poor performance.  Consider joining all columns at once using pd.concat(axis=1) instead. To get a de-fragmented frame, use `newframe = frame.copy()`
  Z[c + "_na"] = X.loc[mask, c].isna().astype(float)
E:\MyFantasyFootball\sim_lab\backtest_context_model.py:77: PerformanceWarning: DataFrame is highly fragmented.  This is usually the result of calling `frame.insert` many times, which has poor performance.  Consider joining all columns at once using pd.concat(axis=1) instead. To get a de-fragmented frame, use `newframe = frame.copy()`
  Z[c + "_na"] = X.loc[mask, c].isna().astype(float)
E:\MyFantasyFootball\sim_lab\backtest_context_model.py:77: PerformanceWarning: DataFrame is highly fragmented.  This is usually the result of calling `frame.insert` many times, which has poor performance.  Consider joining all columns at once using pd.concat(axis=1) instead. To get a de-fragmented frame, use `newframe = frame.copy()`
  Z[c + "_na"] = X.loc[mask, c].isna().astype(float)
E:\MyFantasyFootball\sim_lab\backtest_context_model.py:77: PerformanceWarning: DataFrame is highly fragmented.  This is usually the result of calling `frame.insert` many times, which has poor performance.  Consider joining all columns at once using pd.concat(axis=1) instead. To get a de-fragmented frame, use `newframe = frame.copy()`
  Z[c + "_na"] = X.loc[mask, c].isna().astype(float)
E:\MyFantasyFootball\sim_lab\backtest_context_model.py:77: PerformanceWarning: DataFrame is highly fragmented.  This is usually the result of calling `frame.insert` many times, which has poor performance.  Consider joining all columns at once using pd.concat(axis=1) instead. To get a de-fragmented frame, use `newframe = frame.copy()`
  Z[c + "_na"] = X.loc[mask, c].isna().astype(float)
E:\MyFantasyFootball\sim_lab\backtest_context_model.py:77: PerformanceWarning: DataFrame is highly fragmented.  This is usually the result of calling `frame.insert` many times, which has poor performance.  Consider joining all columns at once using pd.concat(axis=1) instead. To get a de-fragmented frame, use `newframe = frame.copy()`
  Z[c + "_na"] = X.loc[mask, c].isna().astype(float)
  2025: n 2843 | base2 45.541 | GBM 45.037 (k 1.0, 234 rounds) | CAL 44.573 (k 1.0) | RIDGE 46.320 (k 1.25) (18s)

=== overall and by position (vs base2) ===
  GBM   ALL n 17657 base2 42.937 -> 41.917 (-2.38%), better 7/7 PASS
  GBM   QB  n  2554 base2 60.625 -> 58.420 (-3.64%), better 7/7 PASS
  GBM   RB  n  4492 base2 47.696 -> 46.338 (-2.85%), better 6/7 PASS
  GBM   WR  n  7202 base2 41.548 -> 40.888 (-1.59%), better 7/7 PASS
  GBM   TE  n  3409 base2 26.350 -> 25.902 (-1.70%), better 5/7 PASS
  RIDGE ALL n 17657 base2 42.937 -> 42.312 (-1.46%), better 5/7 PASS
  RIDGE QB  n  2554 base2 60.625 -> 58.636 (-3.28%), better 7/7 PASS
  RIDGE RB  n  4492 base2 47.696 -> 47.104 (-1.24%), better 5/7 PASS
  RIDGE WR  n  7202 base2 41.548 -> 41.202 (-0.83%), better 6/7 PASS
  RIDGE TE  n  3409 base2 26.350 -> 26.114 (-0.90%), better 5/7 PASS
  CAL   ALL n 17657 base2 42.937 -> 42.246 (-1.61%), better 7/7 PASS
  CAL   QB  n  2554 base2 60.625 -> 58.719 (-3.14%), better 7/7 PASS
  CAL   RB  n  4492 base2 47.696 -> 46.751 (-1.98%), better 6/7 PASS
  CAL   WR  n  7202 base2 41.548 -> 41.192 (-0.86%), better 6/7 PASS
  CAL   TE  n  3409 base2 26.350 -> 26.196 (-0.59%), better 3/7 FAIL
  context over calibration-only: -0.78% MSE

=== new-situation subsets (GBM / CAL vs base2) ===
  teammate vacancy >= 10% share, same position     n  4665 act/base2 1.085 | GBM -3.87% (7/7) | CAL -2.53% (7/7) PASS
  expected inheritance >= 5% share                 n  3411 act/base2 1.099 | GBM -4.59% (7/7) | CAL -3.19% (7/7) PASS
  changed teams                                    n  2593 act/base2 1.026 | GBM -1.11% (4/7) | CAL -1.10% (4/7) lean
  new playcaller                                   n  7662 act/base2 1.054 | GBM -2.82% (7/7) | CAL -1.64% (6/7) PASS
  new head coach                                   n  5000 act/base2 1.061 | GBM -2.28% (5/7) | CAL -1.80% (7/7) PASS
  starting QB out (non-QB rows)                    n  1447 act/base2 1.029 | GBM -1.66% (4/7) | CAL -0.92% (4/7) lean
  1+ OL starter out                                n  3384 act/base2 1.022 | GBM -2.96% (6/7) | CAL -2.13% (7/7) PASS
  2+ OL starters out                               n   277 act/base2 0.999 | GBM -5.76% (5/7) | CAL -4.83% (5/7) PASS
  OL pass-block grade drop >= 2                    n  1084 act/base2 0.988 | GBM -3.93% (4/6) | CAL -2.36% (6/6) lean
  rookies                                          n  2521 act/base2 1.143 | GBM -4.50% (7/7) | CAL -3.90% (7/7) PASS
  2nd year                                         n  2760 act/base2 1.058 | GBM -1.72% (6/7) | CAL -0.65% (5/7) PASS
  weeks 2-4                                        n  3469 act/base2 1.084 | GBM -3.62% (7/7) | CAL -3.04% (7/7) PASS
  own report Questionable                          n   883 act/base2 0.941 | GBM -3.81% (6/7) | CAL -0.98% (6/7) PASS
  man-heavy opponent (top quarter)                 n  4416 act/base2 1.029 | GBM -3.22% (7/7) | CAL -1.75% (7/7) PASS

=== gain importance by group (sum over folds, share) ===
  base        20.4%  top: ppg 5.3%, base2 5.0%, clay 2.8%
  usage       27.5%  top: pts_over_xfp 4.2%, snap_l1 3.2%, snap_trend 2.2%
  prior        5.2%  top: ppg_py 1.8%, xfp_pg_py 1.2%, car_sh_py 1.0%
  team         5.0%  top: plays_pg_std 1.7%, proe_std 1.5%, plays_pg_py 1.1%
  coach        4.4%  top: pc_proe 1.1%, pc_te_tgt 1.1%, pc_rb1_car 0.9%
  vacancy      9.2%  top: inherit_car 3.0%, vac_tgt 2.1%, inherit_tgt 1.9%
  own_injury   0.8%  top: rep_q 0.8%, prac_lim 0.1%
  prospect     3.9%  top: jm 1.8%, draft_pick 0.9%, age 0.9%
  env         10.7%  top: temp 3.1%, wind 2.3%, game_total 1.3%
  matchup      5.9%  top: yprr_zone 1.4%, opp_man_std 1.3%, yprr_man 1.2%
  oline        6.8%  top: ol_pb_now 1.1%, ol_rb_full 1.0%, ol_worst_pb_now 1.0%

=== group ablation (GBM refit without one group; + = the group helped) ===
  without usage      MSE 42.1677 vs full 41.9169 -> group worth +0.598% (25s)
  without prior      MSE 41.8749 vs full 41.9169 -> group worth -0.100% (35s)
  without team       MSE 41.8601 vs full 41.9169 -> group worth -0.135% (46s)
  without coach      MSE 41.8660 vs full 41.9169 -> group worth -0.121% (58s)
  without vacancy    MSE 42.0516 vs full 41.9169 -> group worth +0.321% (67s)
  without own_injury MSE 41.9004 vs full 41.9169 -> group worth -0.039% (78s)
  without prospect   MSE 41.8648 vs full 41.9169 -> group worth -0.124% (89s)
  without env        MSE 42.0135 vs full 41.9169 -> group worth +0.231% (100s)
  without matchup    MSE 41.9005 vs full 41.9169 -> group worth -0.039% (111s)
  without oline      MSE 41.7863 vs full 41.9169 -> group worth -0.312% (123s)

=== FORWARD check (train only on earlier seasons) ===
  2021: base2 42.632 GBM 42.409 (-0.52%, k 1.0) CAL 42.895 (+0.62%)
  2022: base2 42.508 GBM 41.660 (-2.00%, k 0.75) CAL 42.118 (-0.92%)
  2023: base2 40.326 GBM 38.672 (-4.10%, k 1.0) CAL 39.559 (-1.90%)
  2024: base2 41.321 GBM 40.238 (-2.62%, k 1.0) CAL 40.750 (-1.38%)
  2025: base2 45.541 GBM 45.037 (-1.11%, k 1.0) CAL 44.573 (-2.12%)
  forward pooled: GBM -2.12% (5/5), CAL -1.22%

=== INCREMENT over shipped-equivalent signals (REF = base + TD luck + snap trend + own injury + rookie + vacancy + Vegas/weather) ===
  REF                                                feats  38 | vs base2 -2.84% | vs REF +0.00% (0/7) | forward vs REF +0.00% (0/5) REF (138s)
  REF + usage shares                                 feats  52 | vs base2 -2.71% | vs REF +0.13% (5/7) | forward vs REF +0.27% (3/5) FAIL (150s)
  REF + prior                                        feats  44 | vs base2 -2.87% | vs REF -0.03% (3/7) | forward vs REF +0.12% (1/5) FAIL (160s)
  REF + team                                         feats  42 | vs base2 -2.73% | vs REF +0.12% (2/7) | forward vs REF +0.17% (2/5) FAIL (170s)
  REF + coach                                        feats  46 | vs base2 -2.74% | vs REF +0.10% (3/7) | forward vs REF +0.24% (1/5) FAIL (180s)
  REF + prospect                                     feats  44 | vs base2 -2.76% | vs REF +0.09% (2/7) | forward vs REF +0.20% (2/5) FAIL (190s)
  REF + matchup                                      feats  43 | vs base2 -2.65% | vs REF +0.20% (1/7) | forward vs REF +0.28% (0/5) FAIL (200s)
  REF + oline                                        feats  48 | vs base2 -2.39% | vs REF +0.47% (0/7) | forward vs REF +0.51% (1/5) FAIL (209s)
  REF + usage + coach + oline + matchup + prospect   feats  81 | vs base2 -2.49% | vs REF +0.36% (2/7) | forward vs REF +0.67% (1/5) FAIL (225s)
  FULL (every group)                                 feats  91 | vs base2 -2.38% | vs REF +0.48% (2/7) | forward vs REF +0.57% (1/5) FAIL (242s)

wrote data/context_model_backtest.js: Joint context model on 17657 player-weeks, 91 features: all-context GBM -2.38% MSE vs shipped (7/7), context beyond calibration -0.78%, forward (train on past only) -2.12%. Beyond signals the live engine already ships: nothing new passes the ship bar
done (242s)
