=== live blend by position: 18,940 Clay-pool player-weeks 2019-25; next game 16,567 rows; rest of season 11,458 checkpoints with 4+ games left, 12,957 without the filter ===
    context rows joined 17,441; WR/TE usage evidence on 9,454 rows; RB snap mix on 3,601; backup-QB inheritance rows dropped 11
    replica check, next game, everyone: live form vs the plain 09-17 form at P 5: -2.24% error, rank order 0.3863 vs 0.3674
      QB: n  2404  actual 17.56  live form 17.61  plain 17.62  | live form vs plain -2.01%
      RB: n  4213  actual 10.09  live form 10.40  plain 10.01  | live form vs plain -3.58%
      WR: n  6795  actual  8.66  live form  8.86  plain  8.71  | live form vs plain -1.34%
      TE: n  3155  actual  6.46  live form  6.34  plain  6.21  | live form vs plain -2.39%

--- 0  HOW MUCH THIS SEASON SHOULD COUNT: best single prior strength by position and games played (pooled, live form) ---
       weight on this season = g / (P + g); live P 5 gives 17% after 1 game, 38% after 3, 50% after 5, 62% after 8
  NEXT GAME
    QB everyone   1 game: P  5 =  17% (live 17%)  +0.0% | 2-3: P  6 =  29% (live 33%)  -0.0% | 4-5: P  8 =  36% (live 47%)  -0.4% | 6-8: P  5 =  58% (live 58%)  +0.0% | 9+: P  6 =  66% (live 70%)  -0.1%
    QB ADP <= 60  1 game: n/a | 2-3: P 12 =  17% (live 33%)  -1.1% | 4-5: P 24 =  16% (live 47%)  -3.3% | 6-8: P 40 =  15% (live 58%)  -2.4% | 9+: P  8 =  59% (live 70%)  -0.2%
    QB ADP 61+    1 game: P  2 =  33% (live 17%)  -0.6% | 2-3: P  5 =  33% (live 33%)  +0.0% | 4-5: P  6 =  43% (live 47%)  -0.1% | 6-8: P  4 =  64% (live 58%)  -0.1% | 9+: P  6 =  66% (live 70%)  -0.0%
    QB one number, all games: everyone P 6, ADP <= 60 P 16, ADP 61+ P 5
    RB everyone   1 game: P  6 =  14% (live 17%)  -0.0% | 2-3: P  3 =  45% (live 33%)  -0.6% | 4-5: P  8 =  36% (live 47%)  -0.3% | 6-8: P  5 =  58% (live 58%)  +0.0% | 9+: P  6 =  65% (live 69%)  -0.0%
    RB ADP <= 60  1 game: P 40 =   2% (live 17%)  -1.9% | 2-3: P  5 =  33% (live 33%)  +0.0% | 4-5: P  8 =  36% (live 47%)  -0.5% | 6-8: P  4 =  64% (live 58%)  -0.0% | 9+: P  8 =  59% (live 70%)  -0.1%
    RB ADP 61+    1 game: P  3 =  25% (live 17%)  -1.1% | 2-3: P  2 =  56% (live 33%)  -1.9% | 4-5: P  6 =  43% (live 47%)  -0.2% | 6-8: P  5 =  58% (live 58%)  +0.0% | 9+: P  5 =  69% (live 69%)  +0.0%
    RB one number, all games: everyone P 5, ADP <= 60 P 6, ADP 61+ P 4
    WR everyone   1 game: P  2 =  33% (live 17%)  -0.5% | 2-3: P  3 =  45% (live 33%)  -0.3% | 4-5: P  4 =  53% (live 47%)  -0.0% | 6-8: P  4 =  64% (live 58%)  -0.0% | 9+: P  2 =  85% (live 69%)  -0.5%
    WR ADP <= 60  1 game: P 40 =   2% (live 17%)  -2.1% | 2-3: P  8 =  24% (live 33%)  -0.1% | 4-5: P  8 =  36% (live 47%)  -0.2% | 6-8: P  5 =  58% (live 58%)  +0.0% | 9+: P  6 =  66% (live 70%)  -0.0%
    WR ADP 61+    1 game: P  2 =  33% (live 17%)  -3.4% | 2-3: P  2 =  56% (live 33%)  -1.1% | 4-5: P  3 =  60% (live 47%)  -0.2% | 6-8: P  4 =  64% (live 58%)  -0.1% | 9+: P  2 =  85% (live 69%)  -1.1%
    WR one number, all games: everyone P 3, ADP <= 60 P 6, ADP 61+ P 2
    TE everyone   1 game: P  4 =  20% (live 17%)  -0.2% | 2-3: P  4 =  38% (live 33%)  -0.1% | 4-5: P  6 =  43% (live 47%)  -0.1% | 6-8: P  5 =  58% (live 58%)  +0.0% | 9+: P  2 =  85% (live 69%)  -0.5%
    TE ADP <= 60  1 game: n/a | 2-3: P  6 =  29% (live 33%)  -0.1% | 4-5: P 40 =  10% (live 47%)  -4.9% | 6-8: P 24 =  22% (live 58%)  -1.8% | 9+: P  4 =  74% (live 69%)  -0.0%
    TE ADP 61+    1 game: P  3 =  25% (live 17%)  -0.6% | 2-3: P  4 =  38% (live 33%)  -0.2% | 4-5: P  4 =  53% (live 47%)  -0.1% | 6-8: P  3 =  70% (live 58%)  -0.2% | 9+: P  2 =  85% (live 69%)  -0.6%
    TE one number, all games: everyone P 4, ADP <= 60 P 12, ADP 61+ P 3
  REST OF SEASON, 4+ games left
    QB everyone   1 game: P  8 =  11% (live 17%)  -1.1% | 2-3: P  8 =  24% (live 33%)  -2.1% | 4-5: P  8 =  36% (live 47%)  -2.2% | 6-8: P  8 =  47% (live 58%)  -0.8% | 9+: P  8 =  54% (live 65%)  -1.1%
    QB ADP <= 60  1 game: n/a | 2-3: P 40 =   6% (live 33%) -20.9% | 4-5: P 40 =  10% (live 47%) -21.9% | 6-8: P 40 =  15% (live 58%)  -8.6% | 9+: n/a
    QB ADP 61+    1 game: P  6 =  14% (live 17%)  -0.2% | 2-3: P  6 =  29% (live 33%)  -0.2% | 4-5: P  6 =  43% (live 47%)  -0.3% | 6-8: P  6 =  54% (live 58%)  -0.1% | 9+: P  8 =  54% (live 65%)  -1.2%
    QB one number, all games: everyone P 8, ADP <= 60 P 40, ADP 61+ P 6
    RB everyone   1 game: P  8 =  11% (live 17%)  -0.5% | 2-3: P  6 =  29% (live 33%)  -0.0% | 4-5: P  6 =  43% (live 47%)  -0.0% | 6-8: P  5 =  58% (live 58%)  +0.0% | 9+: P  3 =  76% (live 65%)  -0.8%
    RB ADP <= 60  1 game: P 12 =   8% (live 17%)  -2.9% | 2-3: P  8 =  24% (live 33%)  -1.7% | 4-5: P  8 =  36% (live 47%)  -0.8% | 6-8: P  6 =  54% (live 58%)  -0.3% | 9+: P  5 =  65% (live 65%)  +0.0%
    RB ADP 61+    1 game: P  5 =  17% (live 17%)  +0.0% | 2-3: P  4 =  38% (live 33%)  -0.1% | 4-5: P  5 =  47% (live 47%)  +0.0% | 6-8: P  4 =  63% (live 58%)  -0.4% | 9+: P  2 =  83% (live 65%)  -3.0%
    RB one number, all games: everyone P 5, ADP <= 60 P 8, ADP 61+ P 4
    WR everyone   1 game: P  3 =  25% (live 17%)  -1.8% | 2-3: P  3 =  45% (live 33%)  -1.4% | 4-5: P  3 =  60% (live 47%)  -0.7% | 6-8: P  3 =  70% (live 58%)  -0.5% | 9+: P  2 =  83% (live 65%)  -1.4%
    WR ADP <= 60  1 game: P  5 =  17% (live 17%)  +0.0% | 2-3: P  5 =  33% (live 33%)  +0.0% | 4-5: P  5 =  47% (live 47%)  +0.0% | 6-8: P  6 =  54% (live 58%)  -0.1% | 9+: P  6 =  61% (live 65%)  -0.0%
    WR ADP 61+    1 game: P  2 =  33% (live 17%)  -4.6% | 2-3: P  3 =  45% (live 33%)  -2.5% | 4-5: P  3 =  60% (live 47%)  -1.6% | 6-8: P  3 =  70% (live 58%)  -1.3% | 9+: P  2 =  83% (live 65%)  -3.2%
    WR one number, all games: everyone P 3, ADP <= 60 P 5, ADP 61+ P 2
    TE everyone   1 game: P  5 =  17% (live 17%)  +0.0% | 2-3: P  6 =  29% (live 33%)  -0.3% | 4-5: P  5 =  47% (live 47%)  +0.0% | 6-8: P  3 =  70% (live 58%)  -0.5% | 9+: P  2 =  83% (live 65%)  -2.7%
    TE ADP <= 60  1 game: n/a | 2-3: P 40 =   6% (live 33%) -17.6% | 4-5: n/a | 6-8: P 16 =  30% (live 58%)  -4.5% | 9+: n/a
    TE ADP 61+    1 game: P  4 =  20% (live 17%)  -0.3% | 2-3: P  5 =  33% (live 33%)  +0.0% | 4-5: P  4 =  53% (live 47%)  -0.6% | 6-8: P  3 =  70% (live 58%)  -1.8% | 9+: P  2 =  83% (live 65%)  -4.8%
    TE one number, all games: everyone P 5, ADP <= 60 P 24, ADP 61+ P 4
  REST OF SEASON, no survivor filter
    QB everyone   1 game: P  6 =  14% (live 17%)  -0.5% | 2-3: P  8 =  24% (live 33%)  -0.9% | 4-5: P  8 =  36% (live 47%)  -1.5% | 6-8: P  8 =  47% (live 58%)  -0.3% | 9+: P  8 =  54% (live 65%)  -0.6%
    QB ADP <= 60  1 game: n/a | 2-3: P 40 =   6% (live 33%) -16.6% | 4-5: P 40 =  10% (live 47%) -21.2% | 6-8: P 16 =  30% (live 58%)  -4.8% | 9+: P 16 =  37% (live 66%)  -1.7%
    QB ADP 61+    1 game: P  5 =  17% (live 17%)  +0.0% | 2-3: P  5 =  33% (live 33%)  +0.0% | 4-5: P  6 =  43% (live 47%)  -0.0% | 6-8: P  5 =  58% (live 58%)  +0.0% | 9+: P  8 =  54% (live 65%)  -0.3%
    QB one number, all games: everyone P 8, ADP <= 60 P 24, ADP 61+ P 6
    RB everyone   1 game: P  6 =  14% (live 17%)  -0.2% | 2-3: P  5 =  33% (live 33%)  +0.0% | 4-5: P  5 =  47% (live 47%)  +0.0% | 6-8: P  4 =  64% (live 58%)  -0.1% | 9+: P  4 =  70% (live 65%)  -0.2%
    RB ADP <= 60  1 game: P  8 =  11% (live 17%)  -1.3% | 2-3: P  6 =  29% (live 33%)  -0.3% | 4-5: P  6 =  43% (live 47%)  -0.5% | 6-8: P  6 =  54% (live 58%)  -0.3% | 9+: P  6 =  61% (live 66%)  -0.1%
    RB ADP 61+    1 game: P  5 =  17% (live 17%)  +0.0% | 2-3: P  4 =  38% (live 33%)  -0.1% | 4-5: P  4 =  53% (live 47%)  -0.1% | 6-8: P  3 =  70% (live 58%)  -0.8% | 9+: P  3 =  76% (live 65%)  -0.9%
    RB one number, all games: everyone P 5, ADP <= 60 P 6, ADP 61+ P 4
    WR everyone   1 game: P  3 =  25% (live 17%)  -2.0% | 2-3: P  3 =  45% (live 33%)  -1.9% | 4-5: P  3 =  60% (live 47%)  -0.9% | 6-8: P  3 =  70% (live 58%)  -0.8% | 9+: P  2 =  83% (live 65%)  -1.0%
    WR ADP <= 60  1 game: P  5 =  17% (live 17%)  +0.0% | 2-3: P  5 =  33% (live 33%)  +0.0% | 4-5: P  5 =  47% (live 47%)  +0.0% | 6-8: P  5 =  58% (live 58%)  +0.0% | 9+: P  6 =  61% (live 66%)  -0.1%
    WR ADP 61+    1 game: P  2 =  33% (live 17%)  -5.1% | 2-3: P  2 =  56% (live 33%)  -3.6% | 4-5: P  3 =  60% (live 47%)  -1.5% | 6-8: P  2 =  78% (live 58%)  -1.6% | 9+: P  2 =  83% (live 65%)  -2.6%
    WR one number, all games: everyone P 3, ADP <= 60 P 5, ADP 61+ P 2
    TE everyone   1 game: P  5 =  17% (live 17%)  +0.0% | 2-3: P  6 =  29% (live 33%)  -0.1% | 4-5: P  5 =  47% (live 47%)  +0.0% | 6-8: P  3 =  70% (live 58%)  -0.8% | 9+: P  2 =  83% (live 65%)  -0.8%
    TE ADP <= 60  1 game: n/a | 2-3: P 40 =   6% (live 33%) -17.6% | 4-5: P 40 =  10% (live 47%) -11.0% | 6-8: P 12 =  37% (live 58%)  -2.2% | 9+: n/a
    TE ADP 61+    1 game: P  4 =  20% (live 17%)  -0.4% | 2-3: P  4 =  38% (live 33%)  -0.2% | 4-5: P  4 =  53% (live 47%)  -0.7% | 6-8: P  2 =  78% (live 58%)  -2.1% | 9+: P  2 =  83% (live 65%)  -1.6%
    TE one number, all games: everyone P 4, ADP <= 60 P 16, ADP 61+ P 3

--- 1  FIXED SETTINGS: error vs live (P 5) on the rows of each position x ADP band, seasons better of 7 ---
  NEXT GAME
    QB ADP 1-30  n   166  P2: +3.38% (0)  P3: +1.66% (0)  P4: +0.66% (0)  P6: -0.46% (6)  P8: -1.02% (6)  P12: -1.49% (6)  P16: -1.64% (6)  P24: -1.66% (5)  P40: -1.51% (5)
    QB 31-60     n   332  P2: +2.92% (1)  P3: +1.42% (1)  P4: +0.55% (1)  P6: -0.36% (4)  P8: -0.77% (4)  P12: -1.00% (4)  P16: -0.97% (4)  P24: -0.74% (4)  P40: -0.28% (4)
    QB 61-100    n   464  P2: +1.20% (3)  P3: +0.36% (3)  P4: +0.04% (3)  P6: +0.11% (4)  P8: +0.54% (4)  P12: +1.60% (4)  P16: +2.57% (4)  P24: +4.11% (4)  P40: +6.00% (4)
    QB 101-150   n   604  P2: +1.64% (1)  P3: +0.73% (1)  P4: +0.26% (1)  P6: -0.14% (6)  P8: -0.22% (6)  P12: -0.11% (6)  P16: +0.12% (5)  P24: +0.58% (5)  P40: +1.24% (4)
    QB 151+      n   838  P2: +0.28% (3)  P3: -0.02% (3)  P4: -0.12% (4)  P6: +0.20% (3)  P8: +0.60% (3)  P12: +1.86% (3)  P16: +3.16% (3)  P24: +4.74% (3)  P40: +6.90% (2)
    QB ADP <= 60 n   498  P2: +3.08% (0)  P3: +1.51% (0)  P4: +0.59% (1)  P6: -0.40% (6)  P8: -0.86% (5)  P12: -1.17% (5)  P16: -1.21% (5)  P24: -1.06% (5)  P40: -0.71% (5)
    QB ADP 61+   n  1906  P2: +0.96% (1)  P3: +0.33% (2)  P4: +0.05% (3)  P6: +0.06% (2)  P8: +0.31% (2)  P12: +1.14% (1)  P16: +2.01% (1)  P24: +3.21% (1)  P40: +4.81% (0)
    QB all       n  2404  P2: +1.47% (0)  P3: +0.61% (1)  P4: +0.18% (2)  P6: -0.05% (5)  P8: +0.03% (3)  P12: +0.59% (1)  P16: +1.24% (1)  P24: +2.18% (1)  P40: +3.48% (1)
    RB ADP 1-30  n  1060  P2: +1.70% (0)  P3: +0.72% (3)  P4: +0.24% (3)  P6: -0.11% (4)  P8: -0.14% (3)  P12: +0.08% (3)  P16: +0.38% (3)  P24: +0.91% (2)  P40: +1.63% (2)
    RB 31-60     n   589  P2: +1.35% (1)  P3: +0.50% (1)  P4: +0.14% (2)  P6: -0.02% (4)  P8: +0.10% (4)  P12: +0.53% (3)  P16: +0.97% (3)  P24: +1.68% (3)  P40: +2.57% (2)
    RB 61-100    n   705  P2: +0.60% (3)  P3: +0.08% (4)  P4: -0.05% (4)  P6: +0.14% (3)  P8: +0.52% (3)  P12: +1.34% (2)  P16: +2.07% (2)  P24: +3.18% (2)  P40: +4.51% (2)
    RB 101-150   n   749  P2: +0.93% (2)  P3: +0.11% (3)  P4: -0.09% (3)  P6: +0.23% (3)  P8: +0.88% (1)  P12: +2.27% (1)  P16: +3.50% (1)  P24: +5.38% (1)  P40: +7.64% (1)
    RB 151+      n  1110  P2: +0.72% (3)  P3: +0.02% (3)  P4: -0.12% (3)  P6: +0.26% (3)  P8: +0.94% (3)  P12: +2.41% (3)  P16: +3.71% (2)  P24: +5.70% (1)  P40: +8.13% (0)
    RB ADP <= 60 n  1649  P2: +1.60% (0)  P3: +0.66% (0)  P4: +0.21% (2)  P6: -0.09% (5)  P8: -0.08% (4)  P12: +0.20% (2)  P16: +0.54% (1)  P24: +1.12% (1)  P40: +1.89% (1)
    RB ADP 61+   n  2564  P2: +0.76% (2)  P3: +0.07% (4)  P4: -0.09% (4)  P6: +0.21% (3)  P8: +0.79% (1)  P12: +2.04% (1)  P16: +3.14% (1)  P24: +4.82% (1)  P40: +6.86% (0)
    RB all       n  4213  P2: +1.21% (0)  P3: +0.39% (3)  P4: +0.07% (4)  P6: +0.05% (3)  P8: +0.32% (1)  P12: +1.05% (1)  P16: +1.74% (1)  P24: +2.83% (1)  P40: +4.19% (1)
    WR ADP 1-30  n   936  P2: +1.39% (0)  P3: +0.64% (0)  P4: +0.23% (0)  P6: -0.14% (6)  P8: -0.25% (6)  P12: -0.21% (4)  P16: -0.07% (3)  P24: +0.22% (2)  P40: +0.66% (2)
    WR 31-60     n  1017  P2: +0.37% (2)  P3: +0.10% (3)  P4: +0.01% (3)  P6: +0.03% (4)  P8: +0.16% (4)  P12: +0.49% (3)  P16: +0.80% (3)  P24: +1.29% (3)  P40: +1.91% (3)
    WR 61-100    n   983  P2: -0.86% (5)  P3: -0.65% (5)  P4: -0.34% (6)  P6: +0.34% (1)  P8: +0.99% (0)  P12: +2.08% (0)  P16: +2.94% (0)  P24: +4.15% (0)  P40: +5.54% (0)
    WR 101-150   n   975  P2: -1.35% (5)  P3: -0.97% (6)  P4: -0.49% (6)  P6: +0.48% (0)  P8: +1.38% (0)  P12: +2.85% (0)  P16: +3.97% (0)  P24: +5.56% (0)  P40: +7.36% (0)
    WR 151+      n  2884  P2: -0.54% (5)  P3: -0.55% (5)  P4: -0.33% (5)  P6: +0.38% (2)  P8: +1.16% (1)  P12: +2.61% (1)  P16: +3.81% (1)  P24: +5.58% (1)  P40: +7.69% (1)
    WR ADP <= 60 n  1953  P2: +0.91% (0)  P3: +0.39% (1)  P4: +0.13% (2)  P6: -0.06% (5)  P8: -0.05% (4)  P12: +0.12% (3)  P16: +0.34% (3)  P24: +0.73% (3)  P40: +1.25% (2)
    WR ADP 61+   n  4842  P2: -0.80% (5)  P3: -0.67% (6)  P4: -0.37% (6)  P6: +0.39% (0)  P8: +1.16% (0)  P12: +2.51% (0)  P16: +3.60% (0)  P24: +5.18% (0)  P40: +7.02% (0)
    WR all       n  6795  P2: -0.06% (4)  P3: -0.21% (4)  P4: -0.15% (5)  P6: +0.20% (1)  P8: +0.64% (1)  P12: +1.48% (1)  P16: +2.19% (0)  P24: +3.26% (0)  P40: +4.53% (0)
    TE 31-60     n   265  P2: +2.39% (0)  P3: +1.18% (0)  P4: +0.46% (0)  P6: -0.31% (7)  P8: -0.68% (5)  P12: -0.97% (5)  P16: -1.04% (5)  P24: -0.98% (5)  P40: -0.78% (5)
    TE 61-100    n   336  P2: +1.30% (2)  P3: +0.45% (2)  P4: +0.11% (2)  P6: +0.01% (4)  P8: +0.19% (4)  P12: +0.71% (4)  P16: +1.20% (4)  P24: +1.98% (3)  P40: +2.91% (3)
    TE 101-150   n   444  P2: +1.26% (1)  P3: +0.46% (3)  P4: +0.12% (3)  P6: -0.01% (3)  P8: +0.12% (3)  P12: +0.55% (3)  P16: +0.99% (3)  P24: +1.70% (3)  P40: +2.58% (2)
    TE 151+      n  1998  P2: -0.75% (5)  P3: -0.71% (6)  P4: -0.41% (6)  P6: +0.44% (0)  P8: +1.30% (0)  P12: +2.80% (0)  P16: +3.98% (0)  P24: +5.69% (0)  P40: +7.65% (0)
    TE ADP <= 60 n   377  P2: +2.35% (0)  P3: +1.12% (0)  P4: +0.43% (1)  P6: -0.27% (6)  P8: -0.57% (4)  P12: -0.74% (3)  P16: -0.70% (3)  P24: -0.52% (3)  P40: -0.17% (3)
    TE ADP 61+   n  2778  P2: -0.00% (2)  P3: -0.29% (6)  P4: -0.21% (6)  P6: +0.28% (0)  P8: +0.88% (0)  P12: +2.00% (0)  P16: +2.92% (0)  P24: +4.27% (0)  P40: +5.84% (0)
    TE all       n  3155  P2: +0.52% (1)  P3: +0.03% (4)  P4: -0.07% (5)  P6: +0.15% (0)  P8: +0.56% (0)  P12: +1.40% (0)  P16: +2.12% (0)  P24: +3.21% (0)  P40: +4.52% (0)
  REST OF SEASON, 4+ games left
    QB 31-60     n   230  P2: +22.39% (1)  P3: +11.25% (1)  P4: +4.45% (1)  P6: -3.08% (5)  P8: -6.88% (5)  P12: -10.26% (5)  P16: -11.50% (5)  P24: -12.11% (4)  P40: -11.83% (4)
    QB 61-100    n   318  P2: +13.17% (2)  P3: +5.34% (2)  P4: +1.66% (2)  P6: -0.59% (3)  P8: -0.14% (3)  P12: +2.80% (3)  P16: +5.98% (3)  P24: +11.12% (3)  P40: +17.47% (3)
    QB 101-150   n   417  P2: +7.85% (1)  P3: +3.32% (1)  P4: +1.11% (1)  P6: -0.53% (5)  P8: -0.73% (4)  P12: +0.08% (4)  P16: +1.22% (4)  P24: +3.18% (4)  P40: +5.75% (3)
    QB 151+      n   567  P2: +7.24% (2)  P3: +2.77% (2)  P4: +0.64% (2)  P6: +0.08% (4)  P8: +1.16% (3)  P12: +5.43% (1)  P16: +9.87% (1)  P24: +15.23% (2)  P40: +23.90% (2)
    QB ADP <= 60 n   343  P2: +21.05% (0)  P3: +10.49% (0)  P4: +4.15% (1)  P6: -2.88% (6)  P8: -6.45% (6)  P12: -9.71% (6)  P16: -11.00% (6)  P24: -11.81% (6)  P40: -11.85% (5)
    QB ADP 61+   n  1302  P2: +8.98% (0)  P3: +3.61% (0)  P4: +1.05% (1)  P6: -0.29% (4)  P8: +0.24% (2)  P12: +3.08% (1)  P16: +6.17% (1)  P24: +10.42% (1)  P40: +16.59% (1)
    QB all       n  1645  P2: +12.03% (0)  P3: +5.35% (0)  P4: +1.83% (0)  P6: -0.94% (6)  P8: -1.45% (4)  P12: -0.15% (3)  P16: +1.84% (1)  P24: +4.81% (1)  P40: +9.41% (1)
    RB ADP 1-30  n   732  P2: +10.38% (1)  P3: +4.26% (2)  P4: +1.37% (2)  P6: -0.58% (5)  P8: -0.61% (4)  P12: +0.85% (3)  P16: +2.61% (3)  P24: +5.54% (2)  P40: +9.19% (1)
    RB 31-60     n   409  P2: +9.25% (1)  P3: +3.79% (1)  P4: +1.24% (1)  P6: -0.56% (5)  P8: -0.70% (5)  P12: +0.29% (5)  P16: +1.54% (5)  P24: +3.66% (4)  P40: +6.31% (4)
    RB 61-100    n   496  P2: +7.09% (2)  P3: +2.93% (3)  P4: +0.96% (3)  P6: -0.42% (3)  P8: -0.48% (3)  P12: +0.42% (3)  P16: +1.54% (2)  P24: +3.40% (2)  P40: +5.73% (2)
    RB 101-150   n   514  P2: +3.17% (4)  P3: +0.13% (4)  P4: -0.45% (4)  P6: +0.91% (2)  P8: +3.20% (2)  P12: +7.71% (2)  P16: +11.37% (2)  P24: +16.55% (1)  P40: +22.31% (1)
    RB 151+      n   762  P2: -0.10% (3)  P3: -1.26% (4)  P4: -0.93% (5)  P6: +1.16% (2)  P8: +3.64% (2)  P12: +8.07% (2)  P16: +11.56% (2)  P24: +16.42% (2)  P40: +21.80% (2)
    RB ADP <= 60 n  1141  P2: +9.99% (0)  P3: +4.09% (1)  P4: +1.33% (2)  P6: -0.57% (4)  P8: -0.64% (4)  P12: +0.65% (4)  P16: +2.23% (3)  P24: +4.88% (3)  P40: +8.17% (1)
    RB ADP 61+   n  1772  P2: +3.05% (1)  P3: +0.41% (3)  P4: -0.23% (3)  P6: +0.62% (2)  P8: +2.31% (2)  P12: +5.75% (0)  P16: +8.61% (0)  P24: +12.72% (0)  P40: +17.35% (0)
    RB all       n  2913  P2: +5.86% (0)  P3: +1.90% (2)  P4: +0.40% (3)  P6: +0.14% (3)  P8: +1.11% (2)  P12: +3.69% (1)  P16: +6.03% (1)  P24: +9.54% (1)  P40: +13.63% (1)
    WR ADP 1-30  n   649  P2: +4.99% (1)  P3: +2.09% (2)  P4: +0.68% (4)  P6: -0.30% (2)  P8: -0.33% (2)  P12: +0.40% (2)  P16: +1.29% (2)  P24: +2.80% (1)  P40: +4.72% (1)
    WR 31-60     n   714  P2: +1.68% (4)  P3: -0.01% (4)  P4: -0.31% (4)  P6: +0.59% (3)  P8: +2.10% (3)  P12: +5.14% (3)  P16: +7.70% (3)  P24: +11.42% (3)  P40: +15.71% (3)
    WR 61-100    n   677  P2: -3.22% (4)  P3: -2.47% (4)  P4: -1.28% (4)  P6: +1.26% (1)  P8: +3.58% (1)  P12: +7.31% (0)  P16: +10.06% (0)  P24: +13.79% (0)  P40: +17.82% (0)
    WR 101-150   n   676  P2: -2.16% (3)  P3: -1.98% (5)  P4: -1.11% (5)  P6: +1.17% (1)  P8: +3.41% (0)  P12: +7.16% (0)  P16: +9.99% (0)  P24: +13.87% (0)  P40: +18.09% (0)
    WR 151+      n  1982  P2: -1.58% (4)  P3: -1.87% (5)  P4: -1.13% (5)  P6: +1.28% (1)  P8: +3.87% (1)  P12: +8.39% (1)  P16: +11.91% (1)  P24: +16.81% (1)  P40: +22.25% (1)
    WR ADP <= 60 n  1363  P2: +3.74% (2)  P3: +1.29% (2)  P4: +0.31% (2)  P6: +0.04% (4)  P8: +0.59% (3)  P12: +2.20% (3)  P16: +3.72% (2)  P24: +6.08% (1)  P40: +8.89% (1)
    WR ADP 61+   n  3335  P2: -2.06% (4)  P3: -2.02% (6)  P4: -1.16% (6)  P6: +1.25% (1)  P8: +3.71% (0)  P12: +7.90% (0)  P16: +11.10% (0)  P24: +15.53% (0)  P40: +20.41% (0)
    WR all       n  4698  P2: -0.28% (4)  P3: -1.01% (4)  P4: -0.71% (5)  P6: +0.88% (1)  P8: +2.76% (1)  P12: +6.15% (1)  P16: +8.84% (0)  P24: +12.63% (0)  P40: +16.87% (0)
    TE 31-60     n   183  P2: +22.15% (1)  P3: +10.69% (1)  P4: +4.12% (1)  P6: -2.75% (6)  P8: -6.04% (6)  P12: -8.79% (4)  P16: -9.73% (4)  P24: -10.13% (4)  P40: -9.82% (4)
    TE 61-100    n   235  P2: -3.23% (4)  P3: -3.27% (4)  P4: -1.85% (5)  P6: +1.92% (1)  P8: +5.54% (1)  P12: +11.31% (1)  P16: +15.50% (1)  P24: +21.01% (1)  P40: +26.80% (1)
    TE 101-150   n   311  P2: +14.31% (1)  P3: +6.13% (1)  P4: +2.09% (3)  P6: -1.07% (4)  P8: -1.72% (3)  P12: -0.90% (3)  P16: +0.51% (3)  P24: +3.06% (3)  P40: +6.37% (3)
    TE 151+      n  1395  P2: -0.98% (4)  P3: -1.97% (5)  P4: -1.29% (5)  P6: +1.51% (2)  P8: +4.58% (2)  P12: +9.88% (1)  P16: +13.95% (0)  P24: +19.54% (0)  P40: +25.64% (0)
    TE ADP <= 60 n   261  P2: +18.00% (0)  P3: +8.68% (1)  P4: +3.35% (2)  P6: -2.23% (5)  P8: -4.89% (5)  P12: -7.09% (5)  P16: -7.81% (5)  P24: -8.06% (5)  P40: -7.68% (5)
    TE ADP 61+   n  1941  P2: +1.42% (3)  P3: -0.72% (4)  P4: -0.77% (4)  P6: +1.11% (1)  P8: +3.59% (1)  P12: +8.17% (0)  P16: +11.78% (0)  P24: +16.81% (0)  P40: +22.37% (0)
    TE all       n  2202  P2: +4.70% (0)  P3: +1.14% (1)  P4: +0.04% (4)  P6: +0.45% (2)  P8: +1.92% (2)  P12: +5.15% (0)  P16: +7.91% (0)  P24: +11.90% (0)  P40: +16.44% (0)
  REST OF SEASON, no survivor filter
    QB ADP 1-30  n   122  P2: +13.60% (1)  P3: +6.52% (1)  P4: +2.53% (1)  P6: -1.69% (6)  P8: -3.67% (6)  P12: -5.23% (6)  P16: -5.69% (6)  P24: -5.74% (6)  P40: -5.31% (6)
    QB 31-60     n   250  P2: +17.50% (1)  P3: +8.90% (1)  P4: +3.56% (1)  P6: -2.51% (5)  P8: -5.69% (5)  P12: -8.69% (5)  P16: -9.95% (5)  P24: -10.82% (5)  P40: -11.02% (5)
    QB 61-100    n   344  P2: +9.19% (2)  P3: +3.57% (2)  P4: +1.04% (3)  P6: -0.23% (3)  P8: +0.48% (3)  P12: +3.23% (3)  P16: +5.98% (3)  P24: +10.32% (3)  P40: +15.58% (3)
    QB 101-150   n   452  P2: +6.99% (1)  P3: +3.04% (2)  P4: +1.05% (2)  P6: -0.54% (4)  P8: -0.84% (4)  P12: -0.34% (4)  P16: +0.51% (4)  P24: +2.06% (4)  P40: +4.14% (4)
    QB 151+      n   692  P2: +2.89% (3)  P3: +0.92% (3)  P4: +0.11% (3)  P6: +0.34% (3)  P8: +1.13% (2)  P12: +4.13% (1)  P16: +6.98% (1)  P24: +10.66% (1)  P40: +15.60% (1)
    QB ADP <= 60 n   372  P2: +16.03% (0)  P3: +8.00% (1)  P4: +3.17% (1)  P6: -2.20% (6)  P8: -4.93% (6)  P12: -7.39% (6)  P16: -8.34% (6)  P24: -8.90% (6)  P40: -8.87% (6)
    QB ADP 61+   n  1488  P2: +5.34% (0)  P3: +2.05% (1)  P4: +0.56% (3)  P6: -0.01% (4)  P8: +0.47% (3)  P12: +2.76% (1)  P16: +5.07% (1)  P24: +8.33% (1)  P40: +12.59% (0)
    QB all       n  1860  P2: +7.76% (0)  P3: +3.40% (1)  P4: +1.15% (1)  P6: -0.51% (5)  P8: -0.75% (4)  P12: +0.46% (3)  P16: +2.03% (3)  P24: +4.43% (2)  P40: +7.73% (1)
    RB ADP 1-30  n   793  P2: +7.13% (1)  P3: +2.80% (2)  P4: +0.85% (3)  P6: -0.28% (4)  P8: -0.05% (4)  P12: +1.43% (4)  P16: +3.03% (4)  P24: +5.60% (3)  P40: +8.76% (0)
    RB 31-60     n   443  P2: +7.68% (1)  P3: +3.15% (1)  P4: +1.03% (1)  P6: -0.46% (5)  P8: -0.56% (4)  P12: +0.33% (4)  P16: +1.45% (4)  P24: +3.34% (4)  P40: +5.71% (3)
    RB 61-100    n   556  P2: +6.73% (3)  P3: +2.92% (3)  P4: +1.00% (3)  P6: -0.50% (4)  P8: -0.77% (4)  P12: -0.20% (3)  P16: +0.67% (3)  P24: +2.23% (3)  P40: +4.26% (2)
    RB 101-150   n   591  P2: +1.75% (4)  P3: -0.24% (4)  P4: -0.49% (5)  P6: +0.82% (1)  P8: +2.80% (1)  P12: +6.64% (1)  P16: +9.77% (1)  P24: +14.21% (1)  P40: +19.21% (1)
    RB 151+      n   885  P2: -1.38% (3)  P3: -1.88% (4)  P4: -1.17% (5)  P6: +1.34% (2)  P8: +4.05% (2)  P12: +8.80% (2)  P16: +12.48% (2)  P24: +17.63% (2)  P40: +23.33% (1)
    RB ADP <= 60 n  1236  P2: +7.31% (0)  P3: +2.92% (0)  P4: +0.91% (1)  P6: -0.34% (5)  P8: -0.22% (3)  P12: +1.07% (3)  P16: +2.50% (2)  P24: +4.85% (1)  P40: +7.75% (1)
    RB ADP 61+   n  2032  P2: +2.03% (1)  P3: +0.05% (4)  P4: -0.32% (5)  P6: +0.64% (2)  P8: +2.25% (1)  P12: +5.50% (0)  P16: +8.20% (0)  P24: +12.09% (0)  P40: +16.51% (0)
    RB all       n  3268  P2: +4.13% (0)  P3: +1.20% (1)  P4: +0.17% (5)  P6: +0.25% (2)  P8: +1.27% (2)  P12: +3.74% (2)  P16: +5.93% (0)  P24: +9.21% (0)  P40: +13.02% (0)
    WR ADP 1-30  n   708  P2: +3.70% (1)  P3: +1.47% (3)  P4: +0.45% (4)  P6: -0.14% (3)  P8: +0.03% (3)  P12: +0.94% (1)  P16: +1.91% (1)  P24: +3.49% (1)  P40: +5.45% (1)
    WR 31-60     n   763  P2: +1.48% (3)  P3: +0.17% (3)  P4: -0.14% (3)  P6: +0.36% (3)  P8: +1.32% (3)  P12: +3.36% (3)  P16: +5.09% (3)  P24: +7.65% (3)  P40: +10.62% (3)
    WR 61-100    n   732  P2: -2.96% (4)  P3: -2.27% (4)  P4: -1.19% (4)  P6: +1.18% (3)  P8: +3.35% (2)  P12: +6.88% (1)  P16: +9.51% (1)  P24: +13.09% (0)  P40: +16.99% (0)
    WR 101-150   n   755  P2: -2.37% (4)  P3: -2.00% (4)  P4: -1.08% (6)  P6: +1.11% (0)  P8: +3.24% (0)  P12: +6.75% (0)  P16: +9.41% (0)  P24: +13.06% (0)  P40: +17.05% (0)
    WR 151+      n  2339  P2: -2.18% (5)  P3: -2.08% (5)  P4: -1.18% (5)  P6: +1.28% (2)  P8: +3.79% (1)  P12: +8.08% (1)  P16: +11.38% (1)  P24: +15.96% (1)  P40: +21.03% (1)
    WR ADP <= 60 n  1471  P2: +2.78% (2)  P3: +0.93% (2)  P4: +0.20% (3)  P6: +0.07% (4)  P8: +0.57% (4)  P12: +1.94% (2)  P16: +3.23% (1)  P24: +5.22% (1)  P40: +7.59% (1)
    WR ADP 61+   n  3826  P2: -2.38% (5)  P3: -2.10% (6)  P4: -1.16% (6)  P6: +1.22% (1)  P8: +3.58% (0)  P12: +7.55% (0)  P16: +10.58% (0)  P24: +14.76% (0)  P40: +19.36% (0)
    WR all       n  5297  P2: -0.72% (4)  P3: -1.13% (6)  P4: -0.72% (6)  P6: +0.85% (1)  P8: +2.61% (1)  P12: +5.75% (1)  P16: +8.22% (0)  P24: +11.69% (0)  P40: +15.58% (0)
    TE 31-60     n   209  P2: +16.54% (1)  P3: +7.93% (1)  P4: +3.04% (1)  P6: -1.99% (5)  P8: -4.30% (5)  P12: -6.04% (5)  P16: -6.45% (4)  P24: -6.31% (4)  P40: -5.55% (4)
    TE 61-100    n   272  P2: -2.13% (3)  P3: -2.41% (3)  P4: -1.41% (4)  P6: +1.52% (2)  P8: +4.44% (1)  P12: +9.25% (1)  P16: +12.82% (1)  P24: +17.61% (1)  P40: +22.73% (1)
    TE 101-150   n   340  P2: +13.25% (1)  P3: +5.80% (1)  P4: +2.03% (2)  P6: -1.11% (4)  P8: -1.93% (3)  P12: -1.54% (3)  P16: -0.50% (3)  P24: +1.52% (3)  P40: +4.23% (3)
    TE 151+      n  1626  P2: -1.31% (4)  P3: -1.92% (5)  P4: -1.20% (5)  P6: +1.37% (1)  P8: +4.11% (0)  P12: +8.82% (0)  P16: +12.42% (0)  P24: +17.38% (0)  P40: +22.81% (0)
    TE ADP <= 60 n   294  P2: +14.35% (0)  P3: +6.90% (0)  P4: +2.65% (2)  P6: -1.75% (5)  P8: -3.79% (5)  P12: -5.36% (5)  P16: -5.77% (5)  P24: -5.69% (5)  P40: -5.07% (5)
    TE ADP 61+   n  2238  P2: +0.94% (3)  P3: -0.74% (3)  P4: -0.71% (5)  P6: +0.98% (2)  P8: +3.17% (1)  P12: +7.19% (0)  P16: +10.37% (0)  P24: +14.83% (0)  P40: +19.77% (0)
    TE all       n  2532  P2: +3.62% (0)  P3: +0.79% (1)  P4: -0.04% (5)  P6: +0.44% (2)  P8: +1.78% (1)  P12: +4.68% (0)  P16: +7.15% (0)  P24: +10.73% (0)  P40: +14.81% (0)

--- 2  RULES, every setting picked LEAVE-ONE-SEASON-OUT (error vs the live blend; seasons better) and FORWARD (fit on earlier seasons, graded 2022-25) ---

  NEXT GAME
    rule                                                 EVERYONE top150 wtd     rank |       ADP 1-30          31-60         61-100        101-150           151+ |             QB             RB             WR             TE
    a  per-position P, ADP <= 60 only               -0.03% (4/7)     -0.00%  -0.0010 |  -0.18% (5/7)  +0.07% (5/7)             --             --             -- |  -0.12% (5/7)  +0.02% (5/7)  +0.01% (4/7)  -0.11% (3/7)
        picks by held-out season: QB [12, 16, 12, 24, 16, 24, 16] | RB [8, 6, 6, 6, 8, 6, 6] | WR [6, 6, 8, 6, 6, 8, 8] | TE [16, 12, 12, 16, 16, 16, 12]
       forward 2022-25                              +0.11% (1/4)     +0.26%  -0.0050 |  +0.10% (3/4)  +0.55% (2/4)             --             --             -- |  +0.46% (2/4)  +0.03% (3/4)  +0.03% (1/4)  +0.04% (1/4)
        forward picks: QB [40, 40, 24, 16] | RB [8, 8, 6, 6] | WR [8, 12, 8, 8] | TE [24, 16, 12, 12]
    b  tight-end P, ALL tight ends                  -0.01% (5/7)     +0.02%  -0.0004 |  +0.02% (2/7)  +0.05% (0/7)  +0.01% (2/7)  +0.01% (3/7)  -0.09% (6/7) |             --             --             --  -0.07% (5/7)
        picks by held-out season: TE [4, 4, 4, 4, 4, 4, 4]
       forward 2022-25                              -0.01% (3/4)     +0.01%  -0.0001 |  -0.01% (1/4)  +0.05% (0/4)  +0.01% (1/4)  +0.01% (2/4)  -0.07% (3/4) |             --             --             --  -0.09% (3/4)
        forward picks: TE [4, 4, 4, 4]
    c  per-position P, everyone                     -0.04% (4/7)     +0.10%  +0.0006 |  +0.28% (0/7)  +0.05% (3/7)  -0.16% (4/7)  -0.22% (6/7)  -0.17% (5/7) |  +0.00% (4/7)  +0.09% (0/7)  -0.14% (4/7)  -0.07% (5/7)
        picks by held-out season: QB [6, 6, 6, 6, 6, 6, 5] | RB [5, 4, 5, 5, 5, 5, 5] | WR [3, 3, 3, 3, 4, 3, 3] | TE [4, 4, 4, 4, 4, 4, 4]
       forward 2022-25                              +0.00% (2/4)     +0.11%  -0.0002 |  +0.23% (0/4)  -0.16% (3/4)  -0.08% (3/4)  +0.09% (1/4)  -0.10% (2/4) |  +0.01% (1/4)  +0.27% (0/4)  -0.18% (2/4)  -0.09% (3/4)
        forward picks: QB [5, 6, 6, 5] | RB [8, 8, 6, 5] | WR [4, 5, 3, 3] | TE [4, 4, 4, 4]
    d1 per-position P, ADP <= 30 only               -0.01% (4/7)     +0.09%  +0.0001 |  -0.03% (4/7)             --             --             --             -- |  -0.07% (5/7)  +0.02% (3/7)  -0.05% (5/7)  +0.18% (0/7)
        picks by held-out season: QB [16, 16, 16, 16, 40, 16, 40] | RB [8, 6, 6, 8, 8, 8, 8] | WR [8, 8, 8, 8, 8, 12, 8] | TE [12, 5, 5, 12, 24, 8, 8]
       forward 2022-25                              +0.06% (1/4)     +0.27%  -0.0012 |  +0.27% (1/4)             --             --             --             -- |  +0.05% (2/4)  +0.09% (1/4)  -0.04% (3/4)  +0.35% (0/4)
        forward picks: QB [40, 40, 24, 40] | RB [12, 8, 8, 8] | WR [8, 12, 12, 8] | TE [40, 24, 8, 8]
    d2 per-position P, ADP <= 100 only              +0.03% (3/7)     +0.03%  +0.0001 |  -0.06% (4/7)  -0.03% (4/7)  +0.28% (2/7)             --             -- |  +0.04% (4/7)  +0.01% (2/7)  +0.04% (0/7)  -0.00% (4/7)
        picks by held-out season: QB [8, 8, 6, 8, 6, 8, 6] | RB [6, 5, 6, 6, 6, 6, 6] | WR [4, 4, 5, 4, 5, 5, 5] | TE [12, 8, 8, 8, 8, 12, 8]
       forward 2022-25                              +0.01% (2/4)     +0.07%  +0.0017 |  +0.08% (2/4)  -0.19% (4/4)  +0.13% (1/4)             --             -- |  -0.09% (3/4)  +0.07% (1/4)  +0.01% (1/4)  +0.02% (2/4)
        forward picks: QB [6, 6, 6, 6] | RB [8, 8, 6, 6] | WR [6, 6, 5, 5] | TE [12, 12, 8, 8]
    d3 per-position P, ADP <= 150 only              -0.01% (3/7)     +0.04%  +0.0026 |  +0.11% (3/7)  -0.12% (3/7)  +0.07% (4/7)  -0.16% (3/7)             -- |  -0.16% (5/7)  +0.08% (0/7)  -0.00% (4/7)  -0.00% (4/7)
        picks by held-out season: QB [8, 8, 8, 8, 8, 8, 8] | RB [6, 5, 5, 5, 6, 6, 6] | WR [3, 3, 4, 3, 4, 4, 4] | TE [8, 6, 6, 8, 8, 8, 8]
       forward 2022-25                              -0.02% (2/4)     +0.05%  +0.0020 |  +0.17% (1/4)  -0.23% (3/4)  -0.13% (3/4)  -0.01% (1/4)             -- |  -0.23% (4/4)  +0.20% (0/4)  -0.08% (3/4)  -0.01% (2/4)
        forward picks: QB [6, 6, 6, 8] | RB [8, 8, 6, 6] | WR [4, 4, 4, 4] | TE [8, 8, 8, 8]
    d4 a + b: ADP <= 60 QB/RB/WR, every TE          -0.02% (5/7)     +0.02%  -0.0020 |  -0.17% (5/7)  +0.21% (4/7)  +0.01% (2/7)  +0.01% (3/7)  -0.09% (6/7) |  -0.12% (5/7)  +0.02% (5/7)  +0.01% (4/7)  -0.07% (5/7)
        picks by held-out season: QB [12, 16, 12, 24, 16, 24, 16] | RB [8, 6, 6, 6, 8, 6, 6] | WR [6, 6, 8, 6, 6, 8, 8] | TE [4, 4, 4, 4, 4, 4, 4]
       forward 2022-25                              +0.10% (1/4)     +0.21%  -0.0064 |  -0.03% (3/4)  +0.76% (1/4)  +0.01% (1/4)  +0.01% (2/4)  -0.07% (3/4) |  +0.46% (2/4)  +0.03% (3/4)  +0.03% (1/4)  -0.09% (3/4)
        forward picks: QB [40, 40, 24, 16] | RB [8, 8, 6, 6] | WR [8, 12, 8, 8] | TE [4, 4, 4, 4]
    d5 QB only, ADP <= 60                           -0.02% (5/7)     -0.04%  -0.0016 |  -0.12% (6/7)  +0.02% (4/7)             --             --             -- |  -0.12% (5/7)             --             --             --
        picks by held-out season: QB [12, 16, 12, 24, 16, 24, 16]
       forward 2022-25                              +0.08% (2/4)     +0.13%  -0.0051 |  +0.01% (3/4)  +0.53% (2/4)             --             --             -- |  +0.46% (2/4)             --             --             --
        forward picks: QB [40, 40, 24, 16]
    d6 TE only, ADP <= 60                           -0.01% (3/7)     +0.00%  +0.0007 |  +0.01% (2/7)  -0.10% (5/7)             --             --             -- |             --             --             --  -0.11% (3/7)
        picks by held-out season: TE [16, 12, 12, 16, 16, 16, 12]
       forward 2022-25                              +0.00% (1/4)     +0.06%  +0.0013 |  +0.13% (0/4)  -0.16% (3/4)             --             --             -- |             --             --             --  +0.04% (1/4)
        forward picks: TE [24, 16, 12, 12]
    d7 WR only, ADP 61+                             -0.15% (5/7)     -0.08%  +0.0009 |             --             --  -0.28% (5/7)  -0.35% (5/7)  -0.17% (5/7) |             --             --  -0.37% (5/7)             --
        picks by held-out season: WR [2, 2, 2, 2, 3, 2, 2]
       forward 2022-25                              -0.20% (3/4)     -0.06%  +0.0006 |             --             --  -0.20% (3/4)  -0.29% (3/4)  -0.41% (3/4) |             --             --  -0.50% (3/4)             --
        forward picks: WR [3, 3, 2, 2]
    d8 TE only, ADP 151+ / undrafted                -0.03% (5/7)     +0.00%  +0.0000 |             --             --             --             --  -0.12% (5/7) |             --             --             --  -0.29% (5/7)
        picks by held-out season: TE [2, 2, 3, 2, 3, 2, 2]
       forward 2022-25                              -0.02% (3/4)     +0.00%  +0.0000 |             --             --             --             --  -0.08% (3/4) |             --             --             --  -0.19% (3/4)
        forward picks: TE [2, 3, 2, 2]
    d9 two-sided: <= 60 and 61+ for each position   -0.19% (5/7)     -0.05%  -0.0010 |  -0.18% (5/7)  +0.07% (5/7)  -0.20% (4/7)  -0.29% (4/7)  -0.30% (5/7) |  -0.06% (4/7)  +0.02% (3/7)  -0.36% (5/7)  -0.34% (5/7)
        picks by held-out season: QB [12, 16, 12, 24, 16, 24, 16] | RB [8, 6, 6, 6, 8, 6, 6] | WR [6, 6, 8, 6, 6, 8, 8] | TE [16, 12, 12, 16, 16, 16, 12] | QB [5, 5, 5, 5, 5, 5, 4] | RB [4, 4, 4, 4, 4, 4, 5] | WR [2, 2, 2, 2, 3, 2, 2] | TE [3, 3, 3, 3, 3, 3, 3]
       forward 2022-25                              -0.07% (2/4)     +0.25%  -0.0082 |  +0.10% (3/4)  +0.55% (2/4)  -0.08% (2/4)  -0.10% (2/4)  -0.53% (3/4) |  +0.60% (0/4)  +0.07% (3/4)  -0.46% (4/4)  -0.14% (3/4)
        forward picks: QB [40, 40, 24, 16] | RB [8, 8, 6, 6] | WR [8, 12, 8, 8] | TE [24, 16, 12, 12] | QB [4, 4, 4, 4] | RB [6, 6, 5, 5] | WR [3, 3, 2, 2] | TE [3, 3, 3, 3]
    d10 QB <= 60 + WR 61+                           -0.17% (5/7)     -0.11%  -0.0007 |  -0.12% (6/7)  +0.02% (4/7)  -0.28% (5/7)  -0.35% (5/7)  -0.17% (5/7) |  -0.12% (5/7)             --  -0.37% (5/7)             --
        picks by held-out season: QB [12, 16, 12, 24, 16, 24, 16] | WR [2, 2, 2, 2, 3, 2, 2]
       forward 2022-25                              -0.12% (2/4)     +0.07%  -0.0045 |  +0.01% (3/4)  +0.53% (2/4)  -0.20% (3/4)  -0.29% (3/4)  -0.41% (3/4) |  +0.46% (2/4)             --  -0.50% (3/4)             --
        forward picks: QB [40, 40, 24, 16] | WR [3, 3, 2, 2]

  REST OF SEASON, 4+ games left
    rule                                                 EVERYONE top150 wtd     rank |       ADP 1-30          31-60         61-100        101-150           151+ |             QB             RB             WR             TE
    a  per-position P, ADP <= 60 only               -0.52% (5/7)     -0.59%  +0.0014 |  -1.06% (6/7)  -2.50% (4/7)             --             --             -- |  -2.37% (5/7)  +0.09% (4/7)  +0.12% (0/7)  -1.32% (5/7)
        picks by held-out season: QB [24, 40, 16, 40, 40, 40, 24] | RB [8, 6, 8, 6, 8, 6, 6] | WR [5, 5, 6, 5, 5, 5, 6] | TE [24, 24, 16, 40, 24, 24, 16]
       forward 2022-25                              -0.31% (3/4)     -0.25%  +0.0048 |  -0.54% (2/4)  -1.74% (2/4)             --             --             -- |  -1.05% (2/4)  -0.18% (2/4)  +0.05% (1/4)  -0.61% (2/4)
        forward picks: QB [40, 40, 40, 24] | RB [5, 6, 6, 6] | WR [5, 6, 6, 6] | TE [40, 16, 12, 16]
    b  tight-end P, ALL tight ends                  +0.03% (0/7)     +0.03%  +0.0000 |  +0.01% (1/7)  +0.04% (0/7)  +0.05% (0/7)  -0.01% (2/7)  +0.05% (0/7) |             --             --             --  +0.25% (0/7)
        picks by held-out season: TE [4, 5, 5, 4, 5, 5, 5]
       forward 2022-25                                         --     +0.00%  +0.0000 |             --             --             --             --             -- |             --             --             --             --
        forward picks: TE [5, 5, 5, 5]
    c  per-position P, everyone                     -0.57% (4/7)     -0.42%  +0.0004 |  +0.30% (5/7)  -1.51% (4/7)  -0.85% (3/7)  -0.78% (4/7)  -0.44% (3/7) |  -1.45% (4/7)  +0.15% (0/7)  -1.01% (4/7)  +0.25% (0/7)
        picks by held-out season: QB [8, 8, 8, 8, 8, 8, 8] | RB [5, 5, 5, 5, 6, 5, 5] | WR [3, 3, 3, 3, 3, 3, 3] | TE [4, 5, 5, 4, 5, 5, 5]
       forward 2022-25                              -0.27% (2/4)     -0.16%  +0.0005 |  +0.66% (2/4)  -1.52% (3/4)  -0.56% (2/4)  -0.60% (2/4)  -0.01% (1/4) |  -1.22% (2/4)  +0.23% (0/4)  -0.33% (2/4)             --
        forward picks: QB [8, 8, 8, 8] | RB [5, 6, 5, 5] | WR [3, 4, 3, 3] | TE [5, 5, 5, 5]
    d1 per-position P, ADP <= 30 only               -0.11% (5/7)     +0.24%  -0.0021 |  -0.60% (5/7)             --             --             --             -- |  -1.17% (6/7)  +0.07% (4/7)  +0.14% (1/7)  +0.28% (3/7)
        picks by held-out season: QB [40, 40, 40, 40, 40, 40, 24] | RB [8, 6, 8, 6, 8, 8, 6] | WR [8, 8, 8, 8, 6, 5, 8] | TE [12, 12, 8, 40, 40, 16, 16]
       forward 2022-25                              +0.03% (3/4)     +0.56%  -0.0026 |  +0.14% (3/4)             --             --             --             -- |  -0.79% (3/4)  -0.03% (3/4)  +0.09% (1/4)  +1.24% (0/4)
        forward picks: QB [40, 40, 24, 24] | RB [6, 8, 6, 6] | WR [4, 4, 5, 8] | TE [40, 40, 16, 16]
    d2 per-position P, ADP <= 100 only              -0.21% (4/7)     -0.11%  -0.0016 |  -0.27% (4/7)  -2.39% (6/7)  +0.94% (3/7)             --             -- |  -1.39% (4/7)  -0.02% (4/7)  +0.19% (3/7)  -0.18% (6/7)
        picks by held-out season: QB [12, 12, 8, 12, 12, 12, 12] | RB [8, 6, 8, 6, 8, 6, 8] | WR [4, 4, 5, 4, 4, 3, 4] | TE [8, 8, 6, 8, 8, 8, 8]
       forward 2022-25                              -0.16% (2/4)     +0.20%  -0.0034 |  +0.67% (1/4)  -2.65% (3/4)  +0.23% (2/4)             --             -- |  -2.00% (4/4)  -0.05% (2/4)  +0.46% (2/4)  +0.49% (2/4)
        forward picks: QB [8, 8, 12, 12] | RB [5, 8, 6, 8] | WR [3, 4, 3, 4] | TE [16, 12, 8, 8]
    d3 per-position P, ADP <= 150 only              -0.28% (4/7)     -0.33%  -0.0021 |  -0.32% (5/7)  -1.77% (5/7)  +0.83% (3/7)  -0.67% (4/7)             -- |  -1.32% (5/7)  +0.04% (2/7)  +0.07% (4/7)  -0.58% (5/7)
        picks by held-out season: QB [12, 12, 8, 12, 8, 12, 8] | RB [6, 6, 6, 5, 6, 6, 6] | WR [3, 3, 4, 3, 4, 3, 4] | TE [8, 8, 8, 8, 8, 8, 8]
       forward 2022-25                              -0.33% (3/4)     -0.09%  +0.0001 |  +0.73% (2/4)  -2.55% (3/4)  -0.58% (2/4)  -0.36% (2/4)             -- |  -1.79% (4/4)  +0.15% (1/4)  +0.02% (2/4)  -0.49% (3/4)
        forward picks: QB [8, 8, 12, 8] | RB [6, 8, 6, 6] | WR [3, 3, 3, 4] | TE [8, 8, 8, 8]
    d4 a + b: ADP <= 60 QB/RB/WR, every TE          -0.34% (5/7)     -0.35%  +0.0006 |  -0.93% (5/7)  -1.44% (5/7)  +0.05% (0/7)  -0.01% (2/7)  +0.05% (0/7) |  -2.37% (5/7)  +0.09% (4/7)  +0.12% (0/7)  +0.25% (0/7)
        picks by held-out season: QB [24, 40, 16, 40, 40, 40, 24] | RB [8, 6, 8, 6, 8, 6, 6] | WR [5, 5, 6, 5, 5, 5, 6] | TE [4, 5, 5, 4, 5, 5, 5]
       forward 2022-25                              -0.24% (2/4)     -0.35%  +0.0018 |  -1.19% (3/4)  -0.16% (2/4)             --             --             -- |  -1.05% (2/4)  -0.18% (2/4)  +0.05% (1/4)             --
        forward picks: QB [40, 40, 40, 24] | RB [5, 6, 6, 6] | WR [5, 6, 6, 6] | TE [5, 5, 5, 5]
    d5 QB only, ADP <= 60                           -0.44% (5/7)     -0.77%  +0.0008 |  -1.06% (6/7)  -1.88% (5/7)             --             --             -- |  -2.37% (5/7)             --             --             --
        picks by held-out season: QB [24, 40, 16, 40, 40, 40, 24]
       forward 2022-25                              -0.19% (2/4)     -0.35%  +0.0017 |  -0.85% (3/4)  -0.34% (2/4)             --             --             -- |  -1.05% (2/4)             --             --             --
        forward picks: QB [40, 40, 40, 24]
    d6 TE only, ADP <= 60                           -0.16% (5/7)     -0.22%  +0.0008 |  -0.11% (3/7)  -1.02% (4/7)             --             --             -- |             --             --             --  -1.32% (5/7)
        picks by held-out season: TE [24, 24, 16, 40, 24, 24, 16]
       forward 2022-25                              -0.07% (2/4)     +0.10%  +0.0030 |  +0.65% (0/4)  -1.58% (3/4)             --             --             -- |             --             --             --  -0.61% (2/4)
        forward picks: TE [40, 16, 12, 16]
    d7 WR only, ADP 61+                             -0.36% (4/7)     -0.15%  -0.0013 |             --             --  -0.55% (4/7)  -0.45% (4/7)  -0.54% (4/7) |             --             --  -0.94% (4/7)             --
        picks by held-out season: WR [2, 3, 3, 2, 3, 2, 2]
       forward 2022-25                              -0.27% (2/4)     -0.08%  -0.0014 |             --             --  -0.01% (2/4)  -0.51% (2/4)  -0.49% (3/4) |             --             --  -0.74% (2/4)             --
        forward picks: WR [2, 3, 2, 2]
    d8 TE only, ADP 151+ / undrafted                -0.13% (5/7)     +0.00%  +0.0000 |             --             --             --             --  -0.37% (5/7) |             --             --             --  -1.08% (5/7)
        picks by held-out season: TE [3, 3, 3, 3, 3, 3, 3]
       forward 2022-25                              -0.11% (3/4)     +0.00%  +0.0000 |             --             --             --             --  -0.30% (3/4) |             --             --             --  -0.89% (3/4)
        forward picks: TE [3, 4, 4, 3]
    d9 two-sided: <= 60 and 61+ for each position   -0.91% (5/7)     -0.72%  +0.0028 |  -1.06% (6/7)  -2.50% (4/7)  -0.42% (3/7)  -0.25% (4/7)  -0.79% (5/7) |  -2.59% (5/7)  +0.13% (5/7)  -0.83% (4/7)  -1.34% (4/7)
        picks by held-out season: QB [24, 40, 16, 40, 40, 40, 24] | RB [8, 6, 8, 6, 8, 6, 6] | WR [5, 5, 6, 5, 5, 5, 6] | TE [24, 24, 16, 40, 24, 24, 16] | QB [6, 6, 6, 6, 6, 6, 6] | RB [4, 4, 4, 4, 4, 4, 5] | WR [2, 3, 3, 2, 3, 2, 2] | TE [3, 4, 4, 3, 3, 4, 4]
       forward 2022-25                              -0.60% (3/4)     -0.41%  +0.0060 |  -0.54% (2/4)  -1.74% (2/4)  -0.46% (1/4)  -0.35% (2/4)  -0.45% (3/4) |  -1.24% (2/4)  +0.04% (2/4)  -0.69% (3/4)  -1.12% (2/4)
        forward picks: QB [40, 40, 40, 24] | RB [5, 6, 6, 6] | WR [5, 6, 6, 6] | TE [40, 16, 12, 16] | QB [6, 6, 6, 6] | RB [5, 6, 5, 5] | WR [2, 3, 2, 2] | TE [4, 4, 4, 4]
    d10 QB <= 60 + WR 61+                           -0.80% (5/7)     -0.92%  -0.0005 |  -1.06% (6/7)  -1.88% (5/7)  -0.55% (4/7)  -0.45% (4/7)  -0.54% (4/7) |  -2.37% (5/7)             --  -0.94% (4/7)             --
        picks by held-out season: QB [24, 40, 16, 40, 40, 40, 24] | WR [2, 3, 3, 2, 3, 2, 2]
       forward 2022-25                              -0.47% (2/4)     -0.43%  +0.0003 |  -0.85% (3/4)  -0.34% (2/4)  -0.01% (2/4)  -0.51% (2/4)  -0.49% (3/4) |  -1.05% (2/4)             --  -0.74% (2/4)             --
        forward picks: QB [40, 40, 40, 24] | WR [2, 3, 2, 2]

  REST OF SEASON, no survivor filter
    rule                                                 EVERYONE top150 wtd     rank |       ADP 1-30          31-60         61-100        101-150           151+ |             QB             RB             WR             TE
    a  per-position P, ADP <= 60 only               -0.38% (5/7)     -0.37%  +0.0015 |  -0.48% (5/7)  -2.20% (5/7)             --             --             -- |  -1.60% (6/7)  +0.00% (5/7)  +0.15% (0/7)  -0.86% (5/7)
        picks by held-out season: QB [24, 24, 16, 40, 40, 40, 24] | RB [8, 6, 6, 6, 6, 8, 6] | WR [5, 5, 6, 4, 5, 5, 6] | TE [24, 16, 16, 40, 24, 16, 16]
       forward 2022-25                              -0.12% (1/4)     +0.24%  +0.0039 |  +0.24% (3/4)  -1.25% (2/4)             --             --             -- |  -0.39% (3/4)  -0.05% (2/4)  +0.14% (2/4)  -0.62% (2/4)
        forward picks: QB [40, 40, 40, 24] | RB [6, 8, 6, 6] | WR [4, 6, 6, 6] | TE [24, 12, 12, 16]
    b  tight-end P, ALL tight ends                  +0.02% (1/7)     +0.04%  +0.0001 |  +0.05% (1/7)  +0.01% (1/7)  +0.05% (1/7)  +0.03% (1/7)  -0.01% (1/7) |             --             --             --  +0.18% (1/7)
        picks by held-out season: TE [4, 4, 5, 4, 5, 5, 5]
       forward 2022-25                                         --     +0.00%  +0.0000 |             --             --             --             --             -- |             --             --             --             --
        forward picks: TE [5, 5, 5, 5]
    c  per-position P, everyone                     -0.49% (4/7)     -0.28%  +0.0007 |  +0.31% (4/7)  -0.88% (4/7)  -0.48% (4/7)  -0.91% (5/7)  -0.54% (3/7) |  -0.47% (4/7)             --  -1.13% (6/7)  +0.18% (1/7)
        picks by held-out season: QB [8, 8, 6, 8, 8, 8, 8] | RB [5, 5, 5, 5, 5, 5, 5] | WR [3, 3, 3, 3, 3, 3, 3] | TE [4, 4, 5, 4, 5, 5, 5]
       forward 2022-25                              -0.35% (2/4)     -0.05%  -0.0004 |  +0.90% (2/4)  -1.15% (3/4)  -0.55% (2/4)  -0.73% (2/4)  -0.40% (2/4) |  -0.34% (2/4)  +0.18% (0/4)  -0.93% (3/4)             --
        forward picks: QB [8, 8, 8, 8] | RB [5, 6, 5, 5] | WR [3, 3, 3, 3] | TE [5, 5, 5, 5]
    d1 per-position P, ADP <= 30 only               +0.05% (3/7)     +0.49%  -0.0026 |  +0.29% (3/7)             --             --             --             -- |  -0.37% (6/7)  +0.11% (4/7)  +0.18% (2/7)  +0.27% (3/7)
        picks by held-out season: QB [16, 24, 16, 16, 40, 16, 24] | RB [6, 6, 6, 6, 8, 8, 6] | WR [8, 6, 6, 6, 6, 4, 6] | TE [12, 8, 8, 40, 40, 24, 24]
       forward 2022-25                              +0.20% (2/4)     +1.00%  -0.0026 |  +1.12% (2/4)             --             --             --             -- |  -0.09% (3/4)  +0.10% (2/4)  +0.21% (2/4)  +0.98% (0/4)
        forward picks: QB [40, 40, 24, 24] | RB [8, 8, 6, 6] | WR [3, 3, 4, 6] | TE [40, 40, 24, 24]
    d2 per-position P, ADP <= 100 only              -0.14% (4/7)     +0.03%  -0.0018 |  +0.12% (5/7)  -2.33% (7/7)  +1.01% (3/7)             --             -- |  -0.76% (4/7)  -0.01% (3/7)  +0.11% (4/7)  -0.11% (5/7)
        picks by held-out season: QB [12, 12, 8, 12, 12, 12, 12] | RB [8, 6, 6, 6, 8, 8, 8] | WR [4, 4, 5, 4, 4, 3, 4] | TE [8, 8, 6, 8, 8, 8, 8]
       forward 2022-25                              -0.09% (3/4)     +0.64%  -0.0031 |  +1.13% (2/4)  -2.04% (3/4)  -0.12% (3/4)             --             -- |  -0.78% (3/4)  -0.18% (1/4)  +0.26% (2/4)  +0.40% (2/4)
        forward picks: QB [12, 8, 12, 12] | RB [8, 8, 8, 8] | WR [3, 3, 3, 4] | TE [12, 12, 8, 8]
    d3 per-position P, ADP <= 150 only              -0.20% (5/7)     -0.25%  -0.0007 |  -0.02% (5/7)  -1.91% (5/7)  +0.73% (3/7)  -0.30% (4/7)             -- |  -0.90% (4/7)  +0.18% (1/7)  -0.03% (3/7)  -0.49% (5/7)
        picks by held-out season: QB [12, 12, 8, 8, 8, 12, 12] | RB [6, 5, 5, 5, 6, 6, 6] | WR [3, 3, 4, 3, 4, 3, 3] | TE [8, 8, 8, 8, 8, 8, 8]
       forward 2022-25                              -0.07% (2/4)     +0.42%  -0.0008 |  +1.14% (2/4)  -1.72% (3/4)  -0.55% (3/4)  +0.20% (1/4)             -- |  -0.96% (3/4)  +0.25% (1/4)  +0.28% (1/4)  -0.35% (2/4)
        forward picks: QB [8, 12, 12, 12] | RB [8, 8, 6, 6] | WR [2, 3, 3, 3] | TE [8, 8, 8, 8]
    d4 a + b: ADP <= 60 QB/RB/WR, every TE          -0.27% (6/7)     -0.21%  +0.0009 |  -0.35% (5/7)  -1.59% (5/7)  +0.05% (1/7)  +0.03% (1/7)  -0.01% (1/7) |  -1.60% (6/7)  +0.00% (5/7)  +0.15% (0/7)  +0.18% (1/7)
        picks by held-out season: QB [24, 24, 16, 40, 40, 40, 24] | RB [8, 6, 6, 6, 6, 8, 6] | WR [5, 5, 6, 4, 5, 5, 6] | TE [4, 4, 5, 4, 5, 5, 5]
       forward 2022-25                              -0.05% (3/4)     +0.22%  +0.0016 |  -0.14% (3/4)  -0.22% (2/4)             --             --             -- |  -0.39% (3/4)  -0.05% (2/4)  +0.14% (2/4)             --
        forward picks: QB [40, 40, 40, 24] | RB [6, 8, 6, 6] | WR [4, 6, 6, 6] | TE [5, 5, 5, 5]
    d5 QB only, ADP <= 60                           -0.34% (6/7)     -0.56%  +0.0010 |  -0.50% (6/7)  -1.88% (6/7)             --             --             -- |  -1.60% (6/7)             --             --             --
        picks by held-out season: QB [24, 24, 16, 40, 40, 40, 24]
       forward 2022-25                              -0.09% (3/4)     -0.11%  +0.0012 |  -0.14% (3/4)  -0.47% (3/4)             --             --             -- |  -0.39% (3/4)             --             --             --
        forward picks: QB [40, 40, 40, 24]
    d6 TE only, ADP <= 60                           -0.10% (5/7)     -0.12%  +0.0007 |  -0.08% (3/7)  -0.60% (4/7)             --             --             -- |             --             --             --  -0.86% (5/7)
        picks by held-out season: TE [24, 16, 16, 40, 24, 16, 16]
       forward 2022-25                              -0.07% (2/4)     +0.02%  +0.0023 |  +0.38% (0/4)  -1.03% (3/4)             --             --             -- |             --             --             --  -0.62% (2/4)
        forward picks: TE [24, 12, 12, 16]
    d7 WR only, ADP 61+                             -0.48% (5/7)     -0.20%  -0.0002 |             --             --  -0.77% (4/7)  -0.58% (4/7)  -0.73% (5/7) |             --             --  -1.32% (5/7)             --
        picks by held-out season: WR [2, 2, 2, 2, 3, 2, 2]
       forward 2022-25                              -0.38% (3/4)     -0.04%  -0.0007 |             --             --  +0.08% (2/4)  -0.41% (3/4)  -0.89% (3/4) |             --             --  -1.06% (3/4)             --
        forward picks: WR [2, 3, 2, 2]
    d8 TE only, ADP 151+ / undrafted                -0.12% (5/7)     +0.00%  +0.0000 |             --             --             --             --  -0.33% (5/7) |             --             --             --  -1.07% (5/7)
        picks by held-out season: TE [3, 3, 3, 3, 3, 3, 3]
       forward 2022-25                              -0.13% (3/4)     +0.00%  +0.0000 |             --             --             --             --  -0.36% (3/4) |             --             --             --  -1.15% (3/4)
        forward picks: TE [3, 3, 3, 3]
    d9 two-sided: <= 60 and 61+ for each position   -0.89% (5/7)     -0.53%  +0.0041 |  -0.48% (5/7)  -2.20% (5/7)  -0.54% (3/7)  -0.51% (4/7)  -0.92% (4/7) |  -1.37% (6/7)  -0.19% (4/7)  -1.17% (5/7)  -0.97% (4/7)
        picks by held-out season: QB [24, 24, 16, 40, 40, 40, 24] | RB [8, 6, 6, 6, 6, 8, 6] | WR [5, 5, 6, 4, 5, 5, 6] | TE [24, 16, 16, 40, 24, 16, 16] | QB [6, 5, 5, 5, 6, 6, 5] | RB [4, 4, 4, 4, 4, 4, 4] | WR [2, 2, 2, 2, 3, 2, 2] | TE [3, 3, 4, 3, 3, 4, 4]
       forward 2022-25                              -0.57% (3/4)     +0.10%  +0.0066 |  +0.24% (3/4)  -1.25% (2/4)  +0.05% (1/4)  -0.85% (3/4)  -0.83% (3/4) |  -0.16% (3/4)  -0.21% (1/4)  -0.92% (3/4)  -1.19% (2/4)
        forward picks: QB [40, 40, 40, 24] | RB [6, 8, 6, 6] | WR [4, 6, 6, 6] | TE [24, 12, 12, 16] | QB [6, 6, 6, 5] | RB [4, 5, 4, 4] | WR [2, 3, 2, 2] | TE [4, 4, 4, 4]
    d10 QB <= 60 + WR 61+                           -0.82% (5/7)     -0.76%  +0.0007 |  -0.50% (6/7)  -1.88% (6/7)  -0.77% (4/7)  -0.58% (4/7)  -0.73% (5/7) |  -1.60% (6/7)             --  -1.32% (5/7)             --
        picks by held-out season: QB [24, 24, 16, 40, 40, 40, 24] | WR [2, 2, 2, 2, 3, 2, 2]
       forward 2022-25                              -0.47% (2/4)     -0.16%  +0.0005 |  -0.14% (3/4)  -0.47% (3/4)  +0.08% (2/4)  -0.41% (3/4)  -0.89% (3/4) |  -0.39% (3/4)             --  -1.06% (3/4)             --
        forward picks: QB [40, 40, 40, 24] | WR [2, 3, 2, 2]

--- 3  FIXED CANDIDATE RULES (no fitting; the same setting on all three targets) ---

  NEXT GAME
    rule                                                 EVERYONE top150 wtd     rank |       ADP 1-30          31-60         61-100        101-150           151+ |             QB             RB             WR             TE
    09-17 rule: QB16 RB8 WR12 TE12, ADP <= 60       -0.07% (4/7)     -0.06%  +0.0007 |  -0.29% (4/7)  -0.01% (4/7)             --             --             -- |  -0.29% (5/7)  -0.04% (4/7)  +0.05% (3/7)  -0.16% (3/7)
    same four, everyone                             +1.10% (0/7)     +0.31%  -0.0014 |  -0.29% (4/7)  -0.01% (4/7)  +1.67% (0/7)  +1.20% (1/7)  +2.50% (1/7) |  +1.24% (1/7)  +0.32% (1/7)  +1.48% (1/7)  +1.40% (0/7)
    TE 8, every tight end                           +0.07% (0/7)     -0.01%  +0.0019 |  -0.02% (2/7)  -0.07% (5/7)  +0.02% (4/7)  +0.01% (3/7)  +0.27% (0/7) |             --             --             --  +0.56% (0/7)
    TE 12, every tight end                          +0.17% (0/7)     +0.00%  +0.0021 |  -0.01% (2/7)  -0.10% (5/7)  +0.07% (4/7)  +0.07% (3/7)  +0.59% (0/7) |             --             --             --  +1.40% (0/7)
    TE 12, ADP <= 60 only                           -0.02% (3/7)     -0.02%  +0.0014 |  -0.01% (2/7)  -0.10% (5/7)             --             --             -- |             --             --             --  -0.16% (3/7)
    TE 16, ADP <= 60 only                           -0.02% (3/7)     -0.01%  +0.0014 |  -0.00% (2/7)  -0.10% (5/7)             --             --             -- |             --             --             --  -0.16% (3/7)
    QB 8, every quarterback                         +0.01% (3/7)     -0.05%  +0.0010 |  -0.08% (6/7)  -0.14% (4/7)  +0.13% (4/7)  -0.07% (6/7)  +0.13% (3/7) |  +0.03% (3/7)             --             --             --
    QB 8, ADP <= 60 only                            -0.04% (5/7)     -0.06%  -0.0001 |  -0.08% (6/7)  -0.14% (4/7)             --             --             -- |  -0.21% (5/7)             --             --             --
    QB 12, ADP <= 60 only                           -0.06% (5/7)     -0.08%  -0.0009 |  -0.11% (6/7)  -0.18% (4/7)             --             --             -- |  -0.28% (5/7)             --             --             --
    QB 16, ADP <= 60 only                           -0.06% (5/7)     -0.08%  -0.0007 |  -0.12% (6/7)  -0.17% (4/7)             --             --             -- |  -0.29% (5/7)             --             --             --
    QB 24, ADP <= 60 only                           -0.05% (5/7)     -0.07%  -0.0014 |  -0.12% (5/7)  -0.13% (4/7)             --             --             -- |  -0.26% (5/7)             --             --             --
    RB 8, ADP <= 60 only                            -0.01% (4/7)     +0.02%  +0.0002 |  -0.07% (3/7)  +0.02% (4/7)             --             --             -- |             --  -0.04% (4/7)             --             --
    WR 12, ADP <= 60 only                           +0.02% (3/7)     +0.02%  -0.0002 |  -0.08% (4/7)  +0.23% (3/7)             --             --             -- |             --             --  +0.05% (3/7)             --
    WR 4, ADP 61+                                   -0.08% (6/7)     -0.03%  +0.0005 |             --             --  -0.14% (6/7)  -0.15% (6/7)  -0.13% (5/7) |             --             --  -0.21% (6/7)             --
    WR 3, ADP 61+                                   -0.15% (6/7)     -0.07%  +0.0007 |             --             --  -0.26% (5/7)  -0.29% (6/7)  -0.22% (5/7) |             --             --  -0.38% (6/7)             --
    WR 2, ADP 61+                                   -0.18% (5/7)     -0.09%  +0.0009 |             --             --  -0.35% (5/7)  -0.41% (5/7)  -0.22% (5/7) |             --             --  -0.46% (5/7)             --
    WR 3, ADP 61-150                                -0.09% (6/7)     -0.07%  +0.0007 |             --             --  -0.26% (5/7)  -0.29% (6/7)             -- |             --             --  -0.22% (6/7)             --
    WR 3, ADP 151+ / undrafted                      -0.06% (5/7)     +0.00%  +0.0000 |             --             --             --             --  -0.22% (5/7) |             --             --  -0.16% (5/7)             --
    TE 3, ADP 151+ / undrafted                      -0.04% (6/7)     +0.00%  +0.0000 |             --             --             --             --  -0.15% (6/7) |             --             --             --  -0.35% (6/7)
    QB 12 <= 60 + TE 12 <= 60                       -0.08% (5/7)     -0.10%  +0.0005 |  -0.12% (6/7)  -0.28% (4/7)             --             --             -- |  -0.28% (5/7)             --             --  -0.16% (3/7)
    QB 12 <= 60 + WR 3 61+                          -0.21% (6/7)     -0.15%  -0.0002 |  -0.11% (6/7)  -0.18% (4/7)  -0.26% (5/7)  -0.29% (6/7)  -0.22% (5/7) |  -0.28% (5/7)             --  -0.38% (6/7)             --
    QB 12 + TE 12 <= 60, WR 3 61+, TE 3 151+        -0.27% (6/7)     -0.17%  +0.0012 |  -0.12% (6/7)  -0.28% (4/7)  -0.26% (5/7)  -0.29% (6/7)  -0.37% (6/7) |  -0.28% (5/7)             --  -0.38% (6/7)  -0.51% (5/7)
    -- seasons 2022-25 only (forward view of the fixed settings) --
    09-17 rule: QB16 RB8 WR12 TE12, ADP <= 60       +0.08% (1/4)     +0.22%  -0.0034 |  +0.03% (2/4)  +0.45% (1/4)             --             --             -- |  +0.13% (2/4)  +0.03% (2/4)  +0.13% (1/4)  -0.04% (1/4)
    same four, everyone                             +1.14% (0/4)     +0.46%  -0.0045 |  +0.03% (2/4)  +0.45% (1/4)  +1.04% (0/4)  +1.16% (0/4)  +2.43% (1/4) |  +0.73% (1/4)  +0.57% (0/4)  +1.67% (1/4)  +1.39% (0/4)
    TE 8, every tight end                           +0.07% (0/4)     +0.01%  +0.0018 |  +0.04% (0/4)  -0.09% (3/4)  +0.02% (2/4)  +0.00% (2/4)  +0.24% (0/4) |             --             --             --  +0.56% (0/4)
    TE 12, every tight end                          +0.16% (0/4)     +0.05%  +0.0019 |  +0.08% (0/4)  -0.14% (3/4)  +0.08% (2/4)  +0.04% (2/4)  +0.52% (0/4) |             --             --             --  +1.39% (0/4)
    TE 12, ADP <= 60 only                           -0.00% (1/4)     +0.03%  +0.0013 |  +0.08% (0/4)  -0.14% (3/4)             --             --             -- |             --             --             --  -0.04% (1/4)
    TE 16, ADP <= 60 only                           +0.00% (1/4)     +0.05%  +0.0002 |  +0.11% (0/4)  -0.16% (3/4)             --             --             -- |             --             --             --  +0.00% (1/4)
    QB 8, every quarterback                         -0.02% (2/4)     -0.07%  +0.0002 |  -0.05% (3/4)  +0.00% (2/4)  -0.12% (3/4)  -0.15% (4/4)  +0.13% (2/4) |  -0.11% (2/4)             --             --             --
    QB 8, ADP <= 60 only                            -0.01% (2/4)     -0.01%  -0.0008 |  -0.05% (3/4)  +0.00% (2/4)             --             --             -- |  -0.05% (2/4)             --             --             --
    QB 12, ADP <= 60 only                           +0.00% (2/4)     +0.01%  -0.0025 |  -0.05% (3/4)  +0.09% (2/4)             --             --             -- |  +0.02% (2/4)             --             --             --
    QB 16, ADP <= 60 only                           +0.02% (2/4)     +0.04%  -0.0032 |  -0.04% (3/4)  +0.20% (2/4)             --             --             -- |  +0.13% (2/4)             --             --             --
    QB 24, ADP <= 60 only                           +0.06% (2/4)     +0.09%  -0.0042 |  -0.01% (2/4)  +0.38% (2/4)             --             --             -- |  +0.32% (2/4)             --             --             --
    RB 8, ADP <= 60 only                            +0.01% (2/4)     +0.08%  -0.0002 |  +0.08% (1/4)  -0.06% (3/4)             --             --             -- |             --  +0.03% (2/4)             --             --
    WR 12, ADP <= 60 only                           +0.05% (1/4)     +0.07%  -0.0013 |  -0.09% (3/4)  +0.45% (1/4)             --             --             -- |             --             --  +0.13% (1/4)             --
    WR 4, ADP 61+                                   -0.10% (3/4)     -0.04%  +0.0003 |             --             --  -0.13% (4/4)  -0.15% (4/4)  -0.17% (3/4) |             --             --  -0.24% (3/4)             --
    WR 3, ADP 61+                                   -0.18% (3/4)     -0.07%  +0.0005 |             --             --  -0.25% (3/4)  -0.30% (4/4)  -0.32% (3/4) |             --             --  -0.45% (3/4)             --
    WR 2, ADP 61+                                   -0.23% (3/4)     -0.09%  +0.0007 |             --             --  -0.31% (3/4)  -0.42% (3/4)  -0.39% (3/4) |             --             --  -0.58% (3/4)             --
    WR 3, ADP 61-150                                -0.09% (4/4)     -0.07%  +0.0005 |             --             --  -0.25% (3/4)  -0.30% (4/4)             -- |             --             --  -0.23% (4/4)             --
    WR 3, ADP 151+ / undrafted                      -0.09% (3/4)     +0.00%  +0.0000 |             --             --             --             --  -0.32% (3/4) |             --             --  -0.23% (3/4)             --
    TE 3, ADP 151+ / undrafted                      -0.03% (3/4)     +0.00%  +0.0000 |             --             --             --             --  -0.12% (3/4) |             --             --             --  -0.28% (3/4)
    QB 12 <= 60 + TE 12 <= 60                       -0.00% (2/4)     +0.04%  -0.0012 |  +0.03% (3/4)  -0.04% (2/4)             --             --             -- |  +0.02% (2/4)             --             --  -0.04% (1/4)
    QB 12 <= 60 + WR 3 61+                          -0.18% (3/4)     -0.06%  -0.0020 |  -0.05% (3/4)  +0.09% (2/4)  -0.25% (3/4)  -0.30% (4/4)  -0.32% (3/4) |  +0.02% (2/4)             --  -0.45% (3/4)             --
    QB 12 + TE 12 <= 60, WR 3 61+, TE 3 151+        -0.22% (3/4)     -0.03%  -0.0007 |  +0.03% (3/4)  -0.04% (2/4)  -0.25% (3/4)  -0.30% (4/4)  -0.43% (3/4) |  +0.02% (2/4)             --  -0.45% (3/4)  -0.32% (3/4)

  REST OF SEASON, 4+ games left
    rule                                                 EVERYONE top150 wtd     rank |       ADP 1-30          31-60         61-100        101-150           151+ |             QB             RB             WR             TE
    09-17 rule: QB16 RB8 WR12 TE12, ADP <= 60       -0.51% (5/7)     -0.45%  +0.0016 |  -1.39% (5/7)  -1.92% (6/7)             --             --             -- |  -2.78% (6/7)  -0.26% (4/7)  +0.67% (3/7)  -1.40% (5/7)
    same four, everyone                             +3.63% (1/7)     +0.81%  -0.0099 |  -1.39% (5/7)  -1.92% (6/7)  +4.72% (0/7)  +3.55% (2/7)  +7.93% (1/7) |  +1.84% (1/7)  +1.11% (2/7)  +6.15% (1/7)  +5.15% (0/7)
    TE 8, every tight end                           +0.23% (2/7)     -0.14%  -0.0018 |  -0.14% (3/7)  -0.67% (6/7)  +0.46% (1/7)  -0.16% (3/7)  +0.85% (2/7) |             --             --             --  +1.92% (2/7)
    TE 12, every tight end                          +0.61% (0/7)     -0.11%  -0.0057 |  -0.20% (3/7)  -0.98% (4/7)  +0.94% (1/7)  -0.09% (3/7)  +1.84% (1/7) |             --             --             --  +5.15% (0/7)
    TE 12, ADP <= 60 only                           -0.17% (5/7)     -0.28%  +0.0025 |  -0.20% (3/7)  -0.98% (4/7)             --             --             -- |             --             --             --  -1.40% (5/7)
    TE 16, ADP <= 60 only                           -0.18% (5/7)     -0.30%  +0.0019 |  -0.21% (3/7)  -1.08% (4/7)             --             --             -- |             --             --             --  -1.54% (5/7)
    QB 8, every quarterback                         -0.27% (4/7)     -0.61%  +0.0020 |  -0.61% (6/7)  -1.45% (6/7)  -0.03% (3/7)  -0.18% (4/7)  +0.20% (3/7) |  -1.45% (4/7)             --             --             --
    QB 8, ADP <= 60 only                            -0.30% (6/7)     -0.53%  +0.0011 |  -0.61% (6/7)  -1.45% (6/7)             --             --             -- |  -1.63% (6/7)             --             --             --
    QB 12, ADP <= 60 only                           -0.46% (6/7)     -0.80%  +0.0012 |  -0.93% (6/7)  -2.16% (6/7)             --             --             -- |  -2.45% (6/7)             --             --             --
    QB 16, ADP <= 60 only                           -0.52% (6/7)     -0.90%  +0.0007 |  -1.07% (6/7)  -2.42% (6/7)             --             --             -- |  -2.78% (6/7)             --             --             --
    QB 24, ADP <= 60 only                           -0.55% (6/7)     -0.97%  +0.0008 |  -1.19% (6/7)  -2.55% (5/7)             --             --             -- |  -2.98% (6/7)             --             --             --
    RB 8, ADP <= 60 only                            -0.08% (4/7)     +0.20%  -0.0004 |  -0.28% (4/7)  -0.24% (5/7)             --             --             -- |             --  -0.26% (4/7)             --             --
    WR 12, ADP <= 60 only                           +0.26% (3/7)     +0.54%  -0.0012 |  +0.16% (2/7)  +1.72% (3/7)             --             --             -- |             --             --  +0.67% (3/7)             --
    WR 4, ADP 61+                                   -0.30% (6/7)     -0.12%  +0.0002 |             --             --  -0.46% (4/7)  -0.34% (5/7)  -0.49% (5/7) |             --             --  -0.81% (6/7)             --
    WR 3, ADP 61+                                   -0.53% (6/7)     -0.23%  -0.0001 |             --             --  -0.88% (4/7)  -0.61% (5/7)  -0.81% (5/7) |             --             --  -1.40% (6/7)             --
    WR 2, ADP 61+                                   -0.54% (4/7)     -0.28%  -0.0008 |             --             --  -1.14% (4/7)  -0.67% (3/7)  -0.68% (4/7) |             --             --  -1.43% (4/7)             --
    WR 3, ADP 61-150                                -0.25% (4/7)     -0.23%  -0.0001 |             --             --  -0.88% (4/7)  -0.61% (5/7)             -- |             --             --  -0.66% (4/7)             --
    WR 3, ADP 151+ / undrafted                      -0.28% (5/7)     +0.00%  +0.0000 |             --             --             --             --  -0.81% (5/7) |             --             --  -0.74% (5/7)             --
    TE 3, ADP 151+ / undrafted                      -0.13% (5/7)     +0.00%  +0.0000 |             --             --             --             --  -0.37% (5/7) |             --             --             --  -1.08% (5/7)
    QB 12 <= 60 + TE 12 <= 60                       -0.62% (7/7)     -1.08%  +0.0036 |  -1.13% (6/7)  -3.14% (6/7)             --             --             -- |  -2.45% (6/7)             --             --  -1.40% (5/7)
    QB 12 <= 60 + WR 3 61+                          -0.99% (5/7)     -1.03%  +0.0010 |  -0.93% (6/7)  -2.16% (6/7)  -0.88% (4/7)  -0.61% (5/7)  -0.81% (5/7) |  -2.45% (6/7)             --  -1.40% (6/7)             --
    QB 12 + TE 12 <= 60, WR 3 61+, TE 3 151+        -1.28% (6/7)     -1.31%  +0.0035 |  -1.13% (6/7)  -3.14% (6/7)  -0.88% (4/7)  -0.61% (5/7)  -1.18% (5/7) |  -2.45% (6/7)             --  -1.40% (6/7)  -2.48% (4/7)
    -- seasons 2022-25 only (forward view of the fixed settings) --
    09-17 rule: QB16 RB8 WR12 TE12, ADP <= 60       -0.50% (3/4)     -0.34%  +0.0065 |  -1.44% (3/4)  -1.98% (3/4)             --             --             -- |  -1.77% (3/4)  -0.73% (3/4)  +0.52% (2/4)  -1.01% (2/4)
    same four, everyone                             +3.31% (1/4)     +0.65%  -0.0098 |  -1.44% (3/4)  -1.98% (3/4)  +3.09% (0/4)  +3.63% (0/4)  +7.53% (1/4) |  +1.15% (1/4)  +1.06% (1/4)  +5.99% (1/4)  +4.66% (0/4)
    TE 8, every tight end                           +0.21% (1/4)     -0.02%  -0.0017 |  +0.18% (0/4)  -0.99% (4/4)  +0.64% (1/4)  -0.37% (2/4)  +0.77% (1/4) |             --             --             --  +1.74% (1/4)
    TE 12, every tight end                          +0.56% (0/4)     +0.09%  -0.0067 |  +0.35% (0/4)  -1.53% (3/4)  +1.26% (1/4)  -0.48% (2/4)  +1.65% (0/4) |             --             --             --  +4.66% (0/4)
    TE 12, ADP <= 60 only                           -0.12% (2/4)     -0.07%  +0.0046 |  +0.35% (0/4)  -1.53% (3/4)             --             --             -- |             --             --             --  -1.01% (2/4)
    TE 16, ADP <= 60 only                           -0.13% (2/4)     -0.03%  +0.0037 |  +0.48% (0/4)  -1.77% (3/4)             --             --             -- |             --             --             --  -1.06% (2/4)
    QB 8, every quarterback                         -0.23% (2/4)     -0.58%  +0.0024 |  -0.53% (3/4)  -1.13% (3/4)  -0.44% (2/4)  -0.24% (2/4)  +0.35% (1/4) |  -1.22% (2/4)             --             --             --
    QB 8, ADP <= 60 only                            -0.23% (3/4)     -0.42%  +0.0026 |  -0.53% (3/4)  -1.13% (3/4)             --             --             -- |  -1.26% (3/4)             --             --             --
    QB 12, ADP <= 60 only                           -0.32% (3/4)     -0.57%  +0.0027 |  -0.79% (3/4)  -1.43% (3/4)             --             --             -- |  -1.71% (3/4)             --             --             --
    QB 16, ADP <= 60 only                           -0.33% (3/4)     -0.59%  +0.0026 |  -0.89% (3/4)  -1.38% (3/4)             --             --             -- |  -1.77% (3/4)             --             --             --
    QB 24, ADP <= 60 only                           -0.30% (3/4)     -0.54%  +0.0019 |  -0.94% (3/4)  -1.05% (2/4)             --             --             -- |  -1.61% (3/4)             --             --             --
    RB 8, ADP <= 60 only                            -0.24% (3/4)     -0.12%  +0.0004 |  -0.50% (2/4)  -1.25% (4/4)             --             --             -- |             --  -0.73% (3/4)             --             --
    WR 12, ADP <= 60 only                           +0.19% (2/4)     +0.44%  -0.0011 |  -0.40% (2/4)  +2.18% (1/4)             --             --             -- |             --             --  +0.52% (2/4)             --
    WR 4, ADP 61+                                   -0.28% (3/4)     -0.10%  -0.0000 |             --             --  -0.30% (2/4)  -0.35% (3/4)  -0.48% (3/4) |             --             --  -0.77% (3/4)             --
    WR 3, ADP 61+                                   -0.48% (3/4)     -0.18%  -0.0003 |             --             --  -0.50% (2/4)  -0.64% (3/4)  -0.80% (3/4) |             --             --  -1.31% (3/4)             --
    WR 2, ADP 61+                                   -0.45% (2/4)     -0.18%  -0.0016 |             --             --  -0.40% (2/4)  -0.74% (2/4)  -0.69% (3/4) |             --             --  -1.22% (2/4)             --
    WR 3, ADP 61-150                                -0.20% (2/4)     -0.18%  -0.0003 |             --             --  -0.50% (2/4)  -0.64% (3/4)             -- |             --             --  -0.55% (2/4)             --
    WR 3, ADP 151+ / undrafted                      -0.28% (3/4)     +0.00%  +0.0000 |             --             --             --             --  -0.80% (3/4) |             --             --  -0.76% (3/4)             --
    TE 3, ADP 151+ / undrafted                      -0.12% (3/4)     +0.00%  +0.0000 |             --             --             --             --  -0.35% (3/4) |             --             --             --  -1.03% (3/4)
    QB 12 <= 60 + TE 12 <= 60                       -0.44% (4/4)     -0.64%  +0.0073 |  -0.44% (3/4)  -2.96% (4/4)             --             --             -- |  -1.71% (3/4)             --             --  -1.01% (2/4)
    QB 12 <= 60 + WR 3 61+                          -0.80% (2/4)     -0.75%  +0.0024 |  -0.79% (3/4)  -1.43% (3/4)  -0.50% (2/4)  -0.64% (3/4)  -0.80% (3/4) |  -1.71% (3/4)             --  -1.31% (3/4)             --
    QB 12 + TE 12 <= 60, WR 3 61+, TE 3 151+        -1.04% (3/4)     -0.82%  +0.0070 |  -0.44% (3/4)  -2.96% (4/4)  -0.50% (2/4)  -0.64% (3/4)  -1.15% (3/4) |  -1.71% (3/4)             --  -1.31% (3/4)  -2.04% (2/4)

  REST OF SEASON, no survivor filter
    rule                                                 EVERYONE top150 wtd     rank |       ADP 1-30          31-60         61-100        101-150           151+ |             QB             RB             WR             TE
    09-17 rule: QB16 RB8 WR12 TE12, ADP <= 60       -0.32% (4/7)     -0.07%  +0.0017 |  -0.41% (5/7)  -1.84% (5/7)             --             --             -- |  -1.89% (6/7)  -0.09% (3/7)  +0.62% (2/7)  -1.07% (5/7)
    same four, everyone                             +3.44% (1/7)     +1.02%  -0.0071 |  -0.41% (5/7)  -1.84% (5/7)  +4.25% (1/7)  +3.04% (2/7)  +7.19% (1/7) |  +2.03% (3/7)  +1.27% (2/7)  +5.75% (1/7)  +4.68% (0/7)
    TE 8, every tight end                           +0.20% (1/7)     -0.11%  -0.0009 |  -0.12% (3/7)  -0.47% (5/7)  +0.37% (1/7)  -0.16% (3/7)  +0.71% (0/7) |             --             --             --  +1.78% (1/7)
    TE 12, every tight end                          +0.52% (0/7)     -0.08%  -0.0041 |  -0.17% (3/7)  -0.66% (5/7)  +0.78% (1/7)  -0.13% (3/7)  +1.51% (0/7) |             --             --             --  +4.68% (0/7)
    TE 12, ADP <= 60 only                           -0.12% (5/7)     -0.20%  +0.0012 |  -0.17% (3/7)  -0.66% (5/7)             --             --             -- |             --             --             --  -1.07% (5/7)
    TE 16, ADP <= 60 only                           -0.13% (5/7)     -0.21%  +0.0009 |  -0.19% (3/7)  -0.71% (4/7)             --             --             -- |             --             --             --  -1.15% (5/7)
    QB 8, every quarterback                         -0.16% (4/7)     -0.46%  +0.0017 |  -0.38% (6/7)  -1.27% (6/7)  +0.11% (3/7)  -0.20% (4/7)  +0.27% (2/7) |  -0.75% (4/7)             --             --             --
    QB 8, ADP <= 60 only                            -0.24% (6/7)     -0.41%  +0.0009 |  -0.38% (6/7)  -1.27% (6/7)             --             --             -- |  -1.12% (6/7)             --             --             --
    QB 12, ADP <= 60 only                           -0.36% (6/7)     -0.61%  +0.0012 |  -0.54% (6/7)  -1.95% (6/7)             --             --             -- |  -1.67% (6/7)             --             --             --
    QB 16, ADP <= 60 only                           -0.40% (6/7)     -0.68%  +0.0011 |  -0.59% (6/7)  -2.23% (6/7)             --             --             -- |  -1.89% (6/7)             --             --             --
    QB 24, ADP <= 60 only                           -0.43% (6/7)     -0.72%  +0.0013 |  -0.59% (6/7)  -2.42% (6/7)             --             --             -- |  -2.02% (6/7)             --             --             --
    RB 8, ADP <= 60 only                            -0.03% (3/7)     +0.30%  +0.0000 |  -0.02% (4/7)  -0.17% (4/7)             --             --             -- |             --  -0.09% (3/7)             --             --
    WR 12, ADP <= 60 only                           +0.23% (2/7)     +0.52%  -0.0006 |  +0.36% (1/7)  +1.21% (3/7)             --             --             -- |             --             --  +0.62% (2/7)             --
    WR 4, ADP 61+                                   -0.29% (6/7)     -0.10%  -0.0001 |             --             --  -0.40% (4/7)  -0.32% (6/7)  -0.48% (5/7) |             --             --  -0.79% (6/7)             --
    WR 3, ADP 61+                                   -0.52% (6/7)     -0.20%  -0.0000 |             --             --  -0.77% (4/7)  -0.58% (4/7)  -0.84% (5/7) |             --             --  -1.43% (6/7)             --
    WR 2, ADP 61+                                   -0.59% (5/7)     -0.25%  -0.0003 |             --             --  -1.00% (4/7)  -0.69% (4/7)  -0.88% (5/7) |             --             --  -1.62% (5/7)             --
    WR 3, ADP 61-150                                -0.22% (5/7)     -0.20%  -0.0000 |             --             --  -0.77% (4/7)  -0.58% (4/7)             -- |             --             --  -0.60% (5/7)             --
    WR 3, ADP 151+ / undrafted                      -0.30% (5/7)     +0.00%  +0.0000 |             --             --             --             --  -0.84% (5/7) |             --             --  -0.82% (5/7)             --
    TE 3, ADP 151+ / undrafted                      -0.12% (5/7)     +0.00%  +0.0000 |             --             --             --             --  -0.33% (5/7) |             --             --             --  -1.07% (5/7)
    QB 12 <= 60 + TE 12 <= 60                       -0.48% (7/7)     -0.82%  +0.0024 |  -0.71% (6/7)  -2.61% (7/7)             --             --             -- |  -1.67% (6/7)             --             --  -1.07% (5/7)
    QB 12 <= 60 + WR 3 61+                          -0.88% (7/7)     -0.81%  +0.0011 |  -0.54% (6/7)  -1.95% (6/7)  -0.77% (4/7)  -0.58% (4/7)  -0.84% (5/7) |  -1.67% (6/7)             --  -1.43% (6/7)             --
    QB 12 + TE 12 <= 60, WR 3 61+, TE 3 151+        -1.11% (6/7)     -1.01%  +0.0023 |  -0.71% (6/7)  -2.61% (7/7)  -0.77% (4/7)  -0.58% (4/7)  -1.17% (6/7) |  -1.67% (6/7)             --  -1.43% (6/7)  -2.14% (5/7)
    -- seasons 2022-25 only (forward view of the fixed settings) --
    09-17 rule: QB16 RB8 WR12 TE12, ADP <= 60       -0.18% (2/4)     +0.45%  +0.0047 |  -0.09% (3/4)  -1.26% (2/4)             --             --             -- |  -0.89% (3/4)  -0.05% (2/4)  +0.34% (1/4)  -0.79% (2/4)
    same four, everyone                             +3.47% (1/4)     +1.38%  -0.0046 |  -0.09% (3/4)  -1.26% (2/4)  +2.95% (1/4)  +3.43% (0/4)  +7.15% (1/4) |  +2.15% (2/4)  +1.62% (1/4)  +5.49% (1/4)  +4.57% (0/4)
    TE 8, every tight end                           +0.20% (0/4)     -0.01%  +0.0003 |  +0.14% (0/4)  -0.67% (3/4)  +0.52% (1/4)  -0.30% (2/4)  +0.67% (0/4) |             --             --             --  +1.81% (0/4)
    TE 12, every tight end                          +0.51% (0/4)     +0.09%  -0.0030 |  +0.27% (0/4)  -1.04% (3/4)  +1.04% (1/4)  -0.39% (2/4)  +1.42% (0/4) |             --             --             --  +4.57% (0/4)
    TE 12, ADP <= 60 only                           -0.09% (2/4)     -0.05%  +0.0029 |  +0.27% (0/4)  -1.04% (3/4)             --             --             -- |             --             --             --  -0.79% (2/4)
    TE 16, ADP <= 60 only                           -0.09% (2/4)     -0.02%  +0.0023 |  +0.37% (0/4)  -1.20% (3/4)             --             --             -- |             --             --             --  -0.83% (2/4)
    QB 8, every quarterback                         -0.07% (2/4)     -0.37%  +0.0015 |  -0.27% (3/4)  -0.85% (3/4)  -0.13% (2/4)  -0.22% (2/4)  +0.39% (1/4) |  -0.34% (2/4)             --             --             --
    QB 8, ADP <= 60 only                            -0.16% (3/4)     -0.28%  +0.0017 |  -0.27% (3/4)  -0.85% (3/4)             --             --             -- |  -0.71% (3/4)             --             --             --
    QB 12, ADP <= 60 only                           -0.20% (3/4)     -0.35%  +0.0020 |  -0.32% (3/4)  -1.12% (3/4)             --             --             -- |  -0.92% (3/4)             --             --             --
    QB 16, ADP <= 60 only                           -0.20% (3/4)     -0.33%  +0.0016 |  -0.30% (3/4)  -1.12% (3/4)             --             --             -- |  -0.89% (3/4)             --             --             --
    QB 24, ADP <= 60 only                           -0.16% (3/4)     -0.25%  +0.0014 |  -0.22% (3/4)  -0.93% (3/4)             --             --             -- |  -0.72% (3/4)             --             --             --
    RB 8, ADP <= 60 only                            -0.02% (2/4)     +0.51%  +0.0003 |  +0.34% (2/4)  -0.57% (3/4)             --             --             -- |             --  -0.05% (2/4)             --             --
    WR 12, ADP <= 60 only                           +0.12% (1/4)     +0.32%  -0.0001 |  -0.39% (1/4)  +1.46% (1/4)             --             --             -- |             --             --  +0.34% (1/4)             --
    WR 4, ADP 61+                                   -0.28% (3/4)     -0.08%  -0.0004 |             --             --  -0.24% (2/4)  -0.30% (4/4)  -0.53% (3/4) |             --             --  -0.78% (3/4)             --
    WR 3, ADP 61+                                   -0.50% (3/4)     -0.13%  -0.0003 |             --             --  -0.38% (2/4)  -0.53% (3/4)  -0.96% (3/4) |             --             --  -1.38% (3/4)             --
    WR 2, ADP 61+                                   -0.55% (3/4)     -0.12%  -0.0009 |             --             --  -0.27% (2/4)  -0.59% (3/4)  -1.12% (3/4) |             --             --  -1.52% (3/4)             --
    WR 3, ADP 61-150                                -0.15% (3/4)     -0.13%  -0.0003 |             --             --  -0.38% (2/4)  -0.53% (3/4)             -- |             --             --  -0.42% (3/4)             --
    WR 3, ADP 151+ / undrafted                      -0.35% (3/4)     +0.00%  +0.0000 |             --             --             --             --  -0.96% (3/4) |             --             --  -0.96% (3/4)             --
    TE 3, ADP 151+ / undrafted                      -0.13% (3/4)     +0.00%  +0.0000 |             --             --             --             --  -0.36% (3/4) |             --             --             --  -1.15% (3/4)
    QB 12 <= 60 + TE 12 <= 60                       -0.29% (4/4)     -0.40%  +0.0048 |  -0.05% (3/4)  -2.16% (4/4)             --             --             -- |  -0.92% (3/4)             --             --  -0.79% (2/4)
    QB 12 <= 60 + WR 3 61+                          -0.71% (4/4)     -0.48%  +0.0016 |  -0.32% (3/4)  -1.12% (3/4)  -0.38% (2/4)  -0.53% (3/4)  -0.96% (3/4) |  -0.92% (3/4)             --  -1.38% (3/4)             --
    QB 12 + TE 12 <= 60, WR 3 61+, TE 3 151+        -0.92% (3/4)     -0.53%  +0.0045 |  -0.05% (3/4)  -2.16% (4/4)  -0.38% (2/4)  -0.53% (3/4)  -1.32% (3/4) |  -0.92% (3/4)             --  -1.38% (3/4)  -1.94% (3/4)

  same candidates with the TD-luck weight tied to the new prior strength (g / (P + g) instead of g / (5 + g))
  NEXT GAME
    rule                                                 EVERYONE top150 wtd     rank |       ADP 1-30          31-60         61-100        101-150           151+ |             QB             RB             WR             TE
    09-17 rule: QB16 RB8 WR12 TE12, ADP <= 60       -0.09% (5/7)     -0.12%  +0.0010 |  -0.29% (4/7)  -0.16% (5/7)             --             --             -- |  -0.23% (4/7)  -0.11% (5/7)  -0.01% (3/7)  -0.13% (5/7)
    same four, everyone                             +0.93% (1/7)     +0.18%  -0.0026 |  -0.29% (4/7)  -0.16% (5/7)  +1.40% (0/7)  +1.10% (1/7)  +2.22% (1/7) |  +0.85% (2/7)  +0.23% (2/7)  +1.35% (1/7)  +1.33% (0/7)
    TE 8, every tight end                           +0.07% (0/7)     -0.00%  +0.0011 |  -0.01% (3/7)  -0.06% (6/7)  +0.04% (3/7)  +0.01% (4/7)  +0.25% (0/7) |             --             --             --  +0.56% (0/7)
    TE 12, every tight end                          +0.16% (0/7)     +0.02%  +0.0009 |  -0.00% (3/7)  -0.09% (6/7)  +0.10% (2/7)  +0.06% (4/7)  +0.53% (0/7) |             --             --             --  +1.33% (0/7)
    TE 12, ADP <= 60 only                           -0.02% (5/7)     -0.01%  +0.0015 |  -0.00% (3/7)  -0.09% (6/7)             --             --             -- |             --             --             --  -0.13% (5/7)
    TE 16, ADP <= 60 only                           -0.01% (5/7)     +0.00%  +0.0009 |  +0.01% (3/7)  -0.10% (5/7)             --             --             -- |             --             --             --  -0.12% (5/7)
    QB 8, every quarterback                         -0.01% (4/7)     -0.05%  +0.0007 |  -0.04% (5/7)  -0.14% (4/7)  +0.08% (4/7)  -0.10% (6/7)  +0.08% (3/7) |  -0.06% (4/7)             --             --             --
    QB 8, ADP <= 60 only                            -0.03% (6/7)     -0.05%  +0.0001 |  -0.04% (5/7)  -0.14% (4/7)             --             --             -- |  -0.16% (6/7)             --             --             --
    QB 12, ADP <= 60 only                           -0.04% (5/7)     -0.06%  -0.0002 |  -0.05% (5/7)  -0.19% (4/7)             --             --             -- |  -0.22% (5/7)             --             --             --
    QB 16, ADP <= 60 only                           -0.05% (4/7)     -0.06%  -0.0005 |  -0.05% (5/7)  -0.20% (4/7)             --             --             -- |  -0.23% (4/7)             --             --             --
    QB 24, ADP <= 60 only                           -0.04% (4/7)     -0.05%  -0.0002 |  -0.04% (5/7)  -0.18% (4/7)             --             --             -- |  -0.20% (4/7)             --             --             --
    RB 8, ADP <= 60 only                            -0.03% (5/7)     -0.03%  +0.0001 |  -0.12% (4/7)  -0.02% (4/7)             --             --             -- |             --  -0.11% (5/7)             --             --
    WR 12, ADP <= 60 only                           -0.00% (3/7)     -0.02%  -0.0001 |  -0.12% (5/7)  +0.15% (3/7)             --             --             -- |             --             --  -0.01% (3/7)             --
    WR 4, ADP 61+                                   -0.08% (6/7)     -0.03%  +0.0006 |             --             --  -0.13% (7/7)  -0.15% (7/7)  -0.13% (5/7) |             --             --  -0.21% (6/7)             --
    WR 3, ADP 61+                                   -0.15% (6/7)     -0.07%  +0.0008 |             --             --  -0.25% (7/7)  -0.30% (7/7)  -0.23% (5/7) |             --             --  -0.38% (6/7)             --
    WR 2, ADP 61+                                   -0.19% (6/7)     -0.09%  +0.0011 |             --             --  -0.34% (6/7)  -0.43% (5/7)  -0.24% (5/7) |             --             --  -0.47% (6/7)             --
    WR 3, ADP 61-150                                -0.09% (7/7)     -0.07%  +0.0008 |             --             --  -0.25% (7/7)  -0.30% (7/7)             -- |             --             --  -0.22% (7/7)             --
    WR 3, ADP 151+ / undrafted                      -0.06% (5/7)     +0.00%  +0.0000 |             --             --             --             --  -0.23% (5/7) |             --             --  -0.16% (5/7)             --
    TE 3, ADP 151+ / undrafted                      -0.04% (6/7)     +0.00%  +0.0000 |             --             --             --             --  -0.15% (6/7) |             --             --             --  -0.36% (6/7)
    QB 12 <= 60 + TE 12 <= 60                       -0.06% (5/7)     -0.07%  +0.0013 |  -0.05% (5/7)  -0.28% (4/7)             --             --             -- |  -0.22% (5/7)             --             --  -0.13% (5/7)
    QB 12 <= 60 + WR 3 61+                          -0.20% (6/7)     -0.13%  +0.0005 |  -0.05% (5/7)  -0.19% (4/7)  -0.25% (7/7)  -0.30% (7/7)  -0.23% (5/7) |  -0.22% (5/7)             --  -0.38% (6/7)             --
    QB 12 + TE 12 <= 60, WR 3 61+, TE 3 151+        -0.26% (6/7)     -0.13%  +0.0020 |  -0.05% (5/7)  -0.28% (4/7)  -0.25% (7/7)  -0.30% (7/7)  -0.38% (5/7) |  -0.22% (5/7)             --  -0.38% (6/7)  -0.49% (6/7)
  REST OF SEASON, 4+ games left
    rule                                                 EVERYONE top150 wtd     rank |       ADP 1-30          31-60         61-100        101-150           151+ |             QB             RB             WR             TE
    09-17 rule: QB16 RB8 WR12 TE12, ADP <= 60       -0.52% (6/7)     -0.68%  +0.0025 |  -1.45% (4/7)  -1.94% (5/7)             --             --             -- |  -1.75% (6/7)  -0.53% (5/7)  +0.33% (3/7)  -1.29% (5/7)
    same four, everyone                             +3.03% (1/7)     +0.38%  -0.0081 |  -1.45% (4/7)  -1.94% (5/7)  +3.66% (2/7)  +3.30% (1/7)  +6.85% (1/7) |  +1.47% (3/7)  +0.55% (2/7)  +5.33% (1/7)  +4.79% (0/7)
    TE 8, every tight end                           +0.22% (1/7)     -0.10%  -0.0018 |  -0.11% (3/7)  -0.63% (6/7)  +0.44% (1/7)  -0.12% (3/7)  +0.80% (2/7) |             --             --             --  +1.90% (1/7)
    TE 12, every tight end                          +0.56% (0/7)     -0.06%  -0.0046 |  -0.16% (3/7)  -0.93% (4/7)  +0.90% (1/7)  -0.05% (3/7)  +1.68% (1/7) |             --             --             --  +4.79% (0/7)
    TE 12, ADP <= 60 only                           -0.15% (5/7)     -0.24%  +0.0022 |  -0.16% (3/7)  -0.93% (4/7)             --             --             -- |             --             --             --  -1.29% (5/7)
    TE 16, ADP <= 60 only                           -0.17% (5/7)     -0.25%  +0.0018 |  -0.18% (3/7)  -1.04% (4/7)             --             --             -- |             --             --             --  -1.44% (5/7)
    QB 8, every quarterback                         -0.23% (5/7)     -0.40%  +0.0015 |  -0.31% (6/7)  -1.08% (6/7)  +0.03% (3/7)  -0.17% (4/7)  -0.00% (5/7) |  -1.22% (5/7)             --             --             --
    QB 8, ADP <= 60 only                            -0.20% (6/7)     -0.34%  +0.0009 |  -0.31% (6/7)  -1.08% (6/7)             --             --             -- |  -1.08% (6/7)             --             --             --
    QB 12, ADP <= 60 only                           -0.29% (6/7)     -0.49%  +0.0009 |  -0.46% (6/7)  -1.59% (6/7)             --             --             -- |  -1.58% (6/7)             --             --             --
    QB 16, ADP <= 60 only                           -0.33% (6/7)     -0.54%  +0.0007 |  -0.51% (6/7)  -1.76% (5/7)             --             --             -- |  -1.75% (6/7)             --             --             --
    QB 24, ADP <= 60 only                           -0.34% (6/7)     -0.55%  +0.0009 |  -0.53% (6/7)  -1.82% (5/7)             --             --             -- |  -1.82% (6/7)             --             --             --
    RB 8, ADP <= 60 only                            -0.17% (5/7)     -0.15%  +0.0000 |  -0.61% (4/7)  -0.43% (6/7)             --             --             -- |             --  -0.53% (5/7)             --             --
    WR 12, ADP <= 60 only                           +0.13% (3/7)     +0.24%  -0.0006 |  -0.17% (2/7)  +1.18% (3/7)             --             --             -- |             --             --  +0.33% (3/7)             --
    WR 4, ADP 61+                                   -0.28% (6/7)     -0.11%  -0.0001 |             --             --  -0.37% (6/7)  -0.32% (6/7)  -0.47% (5/7) |             --             --  -0.74% (6/7)             --
    WR 3, ADP 61+                                   -0.48% (5/7)     -0.20%  -0.0006 |             --             --  -0.70% (6/7)  -0.57% (5/7)  -0.78% (5/7) |             --             --  -1.28% (5/7)             --
    WR 2, ADP 61+                                   -0.49% (5/7)     -0.24%  -0.0010 |             --             --  -0.88% (4/7)  -0.63% (3/7)  -0.68% (5/7) |             --             --  -1.29% (5/7)             --
    WR 3, ADP 61-150                                -0.22% (6/7)     -0.20%  -0.0006 |             --             --  -0.70% (6/7)  -0.57% (5/7)             -- |             --             --  -0.57% (6/7)             --
    WR 3, ADP 151+ / undrafted                      -0.27% (5/7)     +0.00%  +0.0000 |             --             --             --             --  -0.78% (5/7) |             --             --  -0.71% (5/7)             --
    TE 3, ADP 151+ / undrafted                      -0.15% (5/7)     +0.00%  +0.0000 |             --             --             --             --  -0.44% (5/7) |             --             --             --  -1.30% (5/7)
    QB 12 <= 60 + TE 12 <= 60                       -0.45% (7/7)     -0.73%  +0.0031 |  -0.62% (5/7)  -2.52% (6/7)             --             --             -- |  -1.58% (6/7)             --             --  -1.29% (5/7)
    QB 12 <= 60 + WR 3 61+                          -0.78% (5/7)     -0.69%  +0.0003 |  -0.46% (6/7)  -1.59% (6/7)  -0.70% (6/7)  -0.57% (5/7)  -0.78% (5/7) |  -1.58% (6/7)             --  -1.28% (5/7)             --
    QB 12 + TE 12 <= 60, WR 3 61+, TE 3 151+        -1.08% (6/7)     -0.92%  +0.0026 |  -0.62% (5/7)  -2.52% (6/7)  -0.70% (6/7)  -0.57% (5/7)  -1.22% (6/7) |  -1.58% (6/7)             --  -1.28% (5/7)  -2.59% (5/7)
  REST OF SEASON, no survivor filter
    rule                                                 EVERYONE top150 wtd     rank |       ADP 1-30          31-60         61-100        101-150           151+ |             QB             RB             WR             TE
    09-17 rule: QB16 RB8 WR12 TE12, ADP <= 60       -0.30% (5/7)     -0.19%  +0.0023 |  -0.27% (3/7)  -1.86% (5/7)             --             --             -- |  -1.16% (5/7)  -0.32% (5/7)  +0.45% (3/7)  -1.04% (5/7)
    same four, everyone                             +2.92% (1/7)     +0.71%  -0.0053 |  -0.27% (3/7)  -1.86% (5/7)  +3.35% (1/7)  +2.72% (2/7)  +6.20% (1/7) |  +1.60% (3/7)  +0.74% (2/7)  +5.12% (1/7)  +4.29% (0/7)
    TE 8, every tight end                           +0.19% (0/7)     -0.08%  -0.0017 |  -0.10% (3/7)  -0.46% (5/7)  +0.35% (1/7)  -0.11% (3/7)  +0.66% (0/7) |             --             --             --  +1.72% (0/7)
    TE 12, every tight end                          +0.48% (0/7)     -0.05%  -0.0035 |  -0.14% (3/7)  -0.66% (5/7)  +0.73% (1/7)  -0.07% (3/7)  +1.38% (0/7) |             --             --             --  +4.29% (0/7)
    TE 12, ADP <= 60 only                           -0.11% (5/7)     -0.18%  +0.0013 |  -0.14% (3/7)  -0.66% (5/7)             --             --             -- |             --             --             --  -1.04% (5/7)
    TE 16, ADP <= 60 only                           -0.13% (5/7)     -0.18%  +0.0013 |  -0.16% (3/7)  -0.73% (4/7)             --             --             -- |             --             --             --  -1.14% (5/7)
    QB 8, every quarterback                         -0.14% (4/7)     -0.29%  +0.0013 |  -0.11% (5/7)  -1.01% (6/7)  +0.13% (3/7)  -0.22% (4/7)  +0.09% (3/7) |  -0.67% (4/7)             --             --             --
    QB 8, ADP <= 60 only                            -0.16% (5/7)     -0.25%  +0.0008 |  -0.11% (5/7)  -1.01% (6/7)             --             --             -- |  -0.73% (5/7)             --             --             --
    QB 12, ADP <= 60 only                           -0.22% (5/7)     -0.35%  +0.0010 |  -0.10% (5/7)  -1.54% (6/7)             --             --             -- |  -1.05% (5/7)             --             --             --
    QB 16, ADP <= 60 only                           -0.25% (5/7)     -0.38%  +0.0007 |  -0.05% (5/7)  -1.77% (6/7)             --             --             -- |  -1.16% (5/7)             --             --             --
    QB 24, ADP <= 60 only                           -0.25% (5/7)     -0.37%  +0.0010 |  +0.04% (5/7)  -1.92% (6/7)             --             --             -- |  -1.18% (5/7)             --             --             --
    RB 8, ADP <= 60 only                            -0.10% (5/7)     +0.00%  +0.0009 |  -0.33% (6/7)  -0.31% (5/7)             --             --             -- |             --  -0.32% (5/7)             --             --
    WR 12, ADP <= 60 only                           +0.16% (3/7)     +0.36%  -0.0005 |  +0.25% (3/7)  +0.88% (3/7)             --             --             -- |             --             --  +0.45% (3/7)             --
    WR 4, ADP 61+                                   -0.26% (6/7)     -0.09%  -0.0004 |             --             --  -0.35% (5/7)  -0.28% (6/7)  -0.44% (5/7) |             --             --  -0.72% (6/7)             --
    WR 3, ADP 61+                                   -0.47% (6/7)     -0.17%  -0.0004 |             --             --  -0.67% (4/7)  -0.52% (5/7)  -0.77% (5/7) |             --             --  -1.29% (6/7)             --
    WR 2, ADP 61+                                   -0.53% (6/7)     -0.21%  -0.0003 |             --             --  -0.86% (4/7)  -0.61% (4/7)  -0.81% (5/7) |             --             --  -1.45% (6/7)             --
    WR 3, ADP 61-150                                -0.19% (5/7)     -0.17%  -0.0004 |             --             --  -0.67% (4/7)  -0.52% (5/7)             -- |             --             --  -0.53% (5/7)             --
    WR 3, ADP 151+ / undrafted                      -0.28% (5/7)     +0.00%  +0.0000 |             --             --             --             --  -0.77% (5/7) |             --             --  -0.76% (5/7)             --
    TE 3, ADP 151+ / undrafted                      -0.14% (5/7)     +0.00%  +0.0000 |             --             --             --             --  -0.38% (5/7) |             --             --             --  -1.23% (5/7)
    QB 12 <= 60 + TE 12 <= 60                       -0.34% (7/7)     -0.53%  +0.0023 |  -0.24% (4/7)  -2.21% (6/7)             --             --             -- |  -1.05% (5/7)             --             --  -1.04% (5/7)
    QB 12 <= 60 + WR 3 61+                          -0.70% (6/7)     -0.53%  +0.0006 |  -0.10% (5/7)  -1.54% (6/7)  -0.67% (4/7)  -0.52% (5/7)  -0.77% (5/7) |  -1.05% (5/7)             --  -1.29% (6/7)             --
    QB 12 + TE 12 <= 60, WR 3 61+, TE 3 151+        -0.95% (6/7)     -0.71%  +0.0019 |  -0.24% (4/7)  -2.21% (6/7)  -0.67% (4/7)  -0.52% (5/7)  -1.16% (6/7) |  -1.05% (5/7)             --  -1.29% (6/7)  -2.27% (6/7)

  rest of season with the weeks-ahead QB / TE tilt switched OFF (the tilt is an approximation here)
  REST OF SEASON, 4+ games left, no tilt
    rule                                                 EVERYONE top150 wtd     rank |       ADP 1-30          31-60         61-100        101-150           151+ |             QB             RB             WR             TE
    09-17 rule: QB16 RB8 WR12 TE12, ADP <= 60       -0.58% (6/7)     -0.55%  +0.0016 |  -1.66% (5/7)  -2.07% (6/7)             --             --             -- |  -2.91% (6/7)  -0.26% (4/7)  +0.67% (3/7)  -1.53% (6/7)
    same four, everyone                             +3.20% (1/7)     +0.49%  -0.0099 |  -1.66% (5/7)  -2.07% (6/7)  +4.11% (2/7)  +3.17% (2/7)  +7.35% (1/7) |  -0.02% (3/7)  +1.11% (2/7)  +6.15% (1/7)  +4.71% (1/7)
    TE 8, every tight end                           +0.20% (2/7)     -0.15%  -0.0021 |  -0.13% (4/7)  -0.77% (6/7)  +0.44% (1/7)  -0.17% (3/7)  +0.83% (2/7) |             --             --             --  +1.70% (2/7)
    TE 12, every tight end                          +0.56% (1/7)     -0.13%  -0.0038 |  -0.17% (4/7)  -1.16% (6/7)  +0.90% (1/7)  -0.10% (3/7)  +1.79% (1/7) |             --             --             --  +4.71% (1/7)
    TE 12, ADP <= 60 only                           -0.18% (6/7)     -0.28%  +0.0036 |  -0.17% (4/7)  -1.16% (6/7)             --             --             -- |             --             --             --  -1.53% (6/7)
    TE 16, ADP <= 60 only                           -0.20% (6/7)     -0.29%  +0.0045 |  -0.17% (4/7)  -1.32% (6/7)             --             --             -- |             --             --             --  -1.71% (6/7)
    QB 8, every quarterback                         -0.42% (6/7)     -0.73%  -0.0008 |  -0.74% (6/7)  -1.42% (6/7)  -0.29% (4/7)  -0.30% (4/7)  +0.02% (5/7) |  -2.15% (6/7)             --             --             --
    QB 8, ADP <= 60 only                            -0.32% (6/7)     -0.58%  -0.0001 |  -0.74% (6/7)  -1.42% (6/7)             --             --             -- |  -1.67% (6/7)             --             --             --
    QB 12, ADP <= 60 only                           -0.49% (6/7)     -0.87%  -0.0001 |  -1.16% (6/7)  -2.12% (6/7)             --             --             -- |  -2.54% (6/7)             --             --             --
    QB 16, ADP <= 60 only                           -0.56% (6/7)     -1.00%  -0.0005 |  -1.37% (6/7)  -2.37% (5/7)             --             --             -- |  -2.91% (6/7)             --             --             --
    QB 24, ADP <= 60 only                           -0.61% (6/7)     -1.09%  +0.0006 |  -1.55% (6/7)  -2.49% (5/7)             --             --             -- |  -3.17% (6/7)             --             --             --
    RB 8, ADP <= 60 only                            -0.08% (4/7)     +0.20%  -0.0004 |  -0.28% (4/7)  -0.24% (5/7)             --             --             -- |             --  -0.26% (4/7)             --             --
    WR 12, ADP <= 60 only                           +0.25% (3/7)     +0.53%  -0.0012 |  +0.15% (2/7)  +1.70% (3/7)             --             --             -- |             --             --  +0.67% (3/7)             --
    WR 4, ADP 61+                                   -0.30% (6/7)     -0.12%  +0.0002 |             --             --  -0.46% (4/7)  -0.34% (5/7)  -0.48% (5/7) |             --             --  -0.81% (6/7)             --
    WR 3, ADP 61+                                   -0.52% (6/7)     -0.23%  -0.0001 |             --             --  -0.88% (4/7)  -0.60% (5/7)  -0.79% (5/7) |             --             --  -1.40% (6/7)             --
    WR 2, ADP 61+                                   -0.53% (4/7)     -0.28%  -0.0008 |             --             --  -1.15% (4/7)  -0.65% (3/7)  -0.67% (4/7) |             --             --  -1.43% (4/7)             --
    WR 3, ADP 61-150                                -0.25% (4/7)     -0.23%  -0.0001 |             --             --  -0.88% (4/7)  -0.60% (5/7)             -- |             --             --  -0.66% (4/7)             --
    WR 3, ADP 151+ / undrafted                      -0.28% (5/7)     +0.00%  +0.0000 |             --             --             --             --  -0.79% (5/7) |             --             --  -0.74% (5/7)             --
    TE 3, ADP 151+ / undrafted                      -0.12% (5/7)     +0.00%  +0.0000 |             --             --             --             --  -0.35% (5/7) |             --             --             --  -1.03% (5/7)
    QB 12 <= 60 + TE 12 <= 60                       -0.67% (7/7)     -1.15%  +0.0035 |  -1.33% (6/7)  -3.28% (6/7)             --             --             -- |  -2.54% (6/7)             --             --  -1.53% (6/7)
    QB 12 <= 60 + WR 3 61+                          -1.01% (5/7)     -1.10%  -0.0002 |  -1.16% (6/7)  -2.12% (6/7)  -0.88% (4/7)  -0.60% (5/7)  -0.79% (5/7) |  -2.54% (6/7)             --  -1.40% (6/7)             --
    QB 12 + TE 12 <= 60, WR 3 61+, TE 3 151+        -1.32% (6/7)     -1.38%  +0.0034 |  -1.33% (6/7)  -3.28% (6/7)  -0.88% (4/7)  -0.60% (5/7)  -1.15% (5/7) |  -2.54% (6/7)             --  -1.40% (6/7)  -2.56% (4/7)
  REST OF SEASON, no survivor filter, no tilt
    rule                                                 EVERYONE top150 wtd     rank |       ADP 1-30          31-60         61-100        101-150           151+ |             QB             RB             WR             TE
    09-17 rule: QB16 RB8 WR12 TE12, ADP <= 60       -0.38% (4/7)     -0.16%  +0.0034 |  -0.63% (5/7)  -1.97% (6/7)             --             --             -- |  -2.03% (6/7)  -0.09% (3/7)  +0.62% (2/7)  -1.19% (6/7)
    same four, everyone                             +3.10% (1/7)     +0.76%  -0.0070 |  -0.63% (5/7)  -1.97% (6/7)  +3.74% (1/7)  +2.74% (2/7)  +6.75% (1/7) |  +0.67% (4/7)  +1.27% (2/7)  +5.75% (1/7)  +4.36% (0/7)
    TE 8, every tight end                           +0.18% (2/7)     -0.11%  -0.0009 |  -0.11% (4/7)  -0.55% (6/7)  +0.36% (1/7)  -0.16% (3/7)  +0.69% (1/7) |             --             --             --  +1.62% (2/7)
    TE 12, every tight end                          +0.49% (0/7)     -0.09%  -0.0021 |  -0.14% (4/7)  -0.81% (5/7)  +0.75% (1/7)  -0.13% (3/7)  +1.49% (0/7) |             --             --             --  +4.36% (0/7)
    TE 12, ADP <= 60 only                           -0.13% (6/7)     -0.20%  +0.0038 |  -0.14% (4/7)  -0.81% (5/7)             --             --             -- |             --             --             --  -1.19% (6/7)
    TE 16, ADP <= 60 only                           -0.15% (6/7)     -0.21%  +0.0045 |  -0.14% (4/7)  -0.90% (5/7)             --             --             -- |             --             --             --  -1.30% (6/7)
    QB 8, every quarterback                         -0.28% (4/7)     -0.56%  -0.0012 |  -0.49% (6/7)  -1.26% (6/7)  -0.11% (3/7)  -0.31% (5/7)  +0.12% (4/7) |  -1.29% (4/7)             --             --             --
    QB 8, ADP <= 60 only                            -0.26% (6/7)     -0.45%  -0.0001 |  -0.49% (6/7)  -1.26% (6/7)             --             --             -- |  -1.17% (6/7)             --             --             --
    QB 12, ADP <= 60 only                           -0.39% (6/7)     -0.68%  -0.0000 |  -0.73% (6/7)  -1.92% (6/7)             --             --             -- |  -1.78% (6/7)             --             --             --
    QB 16, ADP <= 60 only                           -0.44% (6/7)     -0.77%  +0.0002 |  -0.83% (6/7)  -2.20% (6/7)             --             --             -- |  -2.03% (6/7)             --             --             --
    QB 24, ADP <= 60 only                           -0.48% (6/7)     -0.82%  +0.0013 |  -0.90% (6/7)  -2.38% (6/7)             --             --             -- |  -2.20% (6/7)             --             --             --
    RB 8, ADP <= 60 only                            -0.03% (3/7)     +0.30%  +0.0000 |  -0.02% (4/7)  -0.17% (4/7)             --             --             -- |             --  -0.09% (3/7)             --             --
    WR 12, ADP <= 60 only                           +0.23% (2/7)     +0.52%  -0.0006 |  +0.36% (1/7)  +1.20% (3/7)             --             --             -- |             --             --  +0.62% (2/7)             --
    WR 4, ADP 61+                                   -0.29% (6/7)     -0.10%  -0.0001 |             --             --  -0.40% (4/7)  -0.31% (6/7)  -0.47% (5/7) |             --             --  -0.79% (6/7)             --
    WR 3, ADP 61+                                   -0.51% (6/7)     -0.20%  -0.0000 |             --             --  -0.77% (4/7)  -0.57% (4/7)  -0.82% (5/7) |             --             --  -1.43% (6/7)             --
    WR 2, ADP 61+                                   -0.58% (5/7)     -0.24%  -0.0003 |             --             --  -1.00% (4/7)  -0.68% (4/7)  -0.86% (5/7) |             --             --  -1.62% (5/7)             --
    WR 3, ADP 61-150                                -0.22% (5/7)     -0.20%  -0.0000 |             --             --  -0.77% (4/7)  -0.57% (4/7)             -- |             --             --  -0.60% (5/7)             --
    WR 3, ADP 151+ / undrafted                      -0.30% (5/7)     +0.00%  +0.0000 |             --             --             --             --  -0.82% (5/7) |             --             --  -0.82% (5/7)             --
    TE 3, ADP 151+ / undrafted                      -0.12% (5/7)     +0.00%  +0.0000 |             --             --             --             --  -0.32% (5/7) |             --             --             --  -1.04% (5/7)
    QB 12 <= 60 + TE 12 <= 60                       -0.52% (7/7)     -0.88%  +0.0038 |  -0.87% (6/7)  -2.73% (7/7)             --             --             -- |  -1.78% (6/7)             --             --  -1.19% (6/7)
    QB 12 <= 60 + WR 3 61+                          -0.90% (7/7)     -0.87%  -0.0001 |  -0.73% (6/7)  -1.92% (6/7)  -0.77% (4/7)  -0.57% (4/7)  -0.82% (5/7) |  -1.78% (6/7)             --  -1.43% (6/7)             --
    QB 12 + TE 12 <= 60, WR 3 61+, TE 3 151+        -1.15% (7/7)     -1.08%  +0.0038 |  -0.87% (6/7)  -2.73% (7/7)  -0.77% (4/7)  -0.57% (4/7)  -1.15% (5/7) |  -1.78% (6/7)             --  -1.43% (6/7)  -2.22% (5/7)

--- 4  FIXED CANDIDATES ON THE ROWS THEY TOUCH: by games played, by season, 2022-25, and rank order inside the position (top 150) ---
  NEXT GAME
    09-17 rule: QB16 RB8 WR12 TE12, ADP <= 60      touched  4477  actual 14.12  live 14.22  rule 14.28 | all: -0.17% (4/7) | 2022-25: +0.20% (1/4) | 1 game: -1.31% (6/7) | 2-3: +0.08% (4/7) | 4-5: -0.82% (5/7) | 6-8: +0.00% (3/7) | 9+: +0.13% (2/7)
                                                   by season: 2019: -0.3%  2020: -1.1%  2021: -0.9%  2022: -0.0%  2023: +0.1%  2024: +0.7%  2025: +0.0%  | rank order by position: QB -0.0029  RB +0.0006  TE +0.0059  WR -0.0006
    same four, everyone                            touched 16563  actual  9.90  live 10.04  rule  9.98 | all: +1.10% (0/7) | 2022-25: +1.14% (0/4) | 1 game: +0.87% (0/7) | 2-3: +1.74% (1/7) | 4-5: +0.44% (1/7) | 6-8: +1.01% (1/7) | 9+: +1.20% (0/7)
                                                   by season: 2019: +0.8%  2020: +0.9%  2021: +1.3%  2022: +0.2%  2023: +1.8%  2024: +1.3%  2025: +1.2%  | rank order by position: QB -0.0002  RB -0.0016  TE +0.0086  WR -0.0116
    TE 8, every tight end                          touched  3155  actual  6.46  live  6.34  rule  6.33 | all: +0.56% (0/7) | 2022-25: +0.56% (0/4) | 1 game: +0.75% (1/7) | 2-3: +0.88% (2/7) | 4-5: -0.07% (3/7) | 6-8: +0.37% (2/7) | 9+: +0.78% (1/7)
                                                   by season: 2019: +0.9%  2020: +0.2%  2021: +0.5%  2022: +0.1%  2023: +0.8%  2024: +0.8%  2025: +0.5%  | rank order by position: TE +0.0078
    TE 12, every tight end                         touched  3155  actual  6.46  live  6.34  rule  6.32 | all: +1.40% (0/7) | 2022-25: +1.39% (0/4) | 1 game: +1.48% (1/7) | 2-3: +1.98% (2/7) | 4-5: +0.25% (3/7) | 6-8: +1.07% (2/7) | 9+: +1.85% (1/7)
                                                   by season: 2019: +2.0%  2020: +0.9%  2021: +1.3%  2022: +0.5%  2023: +1.8%  2024: +2.0%  2025: +1.2%  | rank order by position: TE +0.0086
    TE 12, ADP <= 60 only                          touched   377  actual 11.39  live 11.16  rule 11.33 | all: -0.74% (3/7) | 2022-25: -0.19% (1/4) | 1 game: -0.52% (2/3) | 2-3: +0.48% (4/7) | 4-5: -3.07% (6/7) | 6-8: -1.46% (4/7) | 9+: +0.67% (3/7)
                                                   by season: 2019: +1.2%  2020: -3.5%  2021: -1.7%  2022: +0.4%  2023: +0.3%  2024: +0.3%  2025: -2.0%  | rank order by position: TE +0.0059
    TE 16, ADP <= 60 only                          touched   377  actual 11.39  live 11.16  rule 11.38 | all: -0.70% (3/7) | 2022-25: +0.00% (1/4) | 1 game: -0.47% (2/3) | 2-3: +0.99% (3/7) | 4-5: -3.71% (6/7) | 6-8: -1.67% (4/7) | 9+: +1.10% (3/7)
                                                   by season: 2019: +1.8%  2020: -4.1%  2021: -2.0%  2022: +0.7%  2023: +0.8%  2024: +0.7%  2025: -2.4%  | rank order by position: TE +0.0057
    QB 8, every quarterback                        touched  2401  actual 17.56  live 17.61  rule 17.52 | all: +0.03% (3/7) | 2022-25: -0.11% (2/4) | 1 game: +0.41% (2/7) | 2-3: +0.19% (3/7) | 4-5: -0.37% (5/7) | 6-8: +0.12% (4/7) | 9+: -0.01% (4/7)
                                                   by season: 2019: -0.1%  2020: +0.8%  2021: +0.1%  2022: -0.0%  2023: +0.0%  2024: +0.3%  2025: -0.6%  | rank order by position: QB +0.0041
    QB 8, ADP <= 60 only                           touched   498  actual 20.88  live 21.52  rule 21.44 | all: -0.86% (5/7) | 2022-25: -0.21% (2/4) | 1 game: -1.22% (3/5) | 2-3: -1.00% (5/7) | 4-5: -1.91% (5/7) | 6-8: -1.20% (4/7) | 9+: -0.22% (5/7)
                                                   by season: 2019: -2.4%  2020: -0.9%  2021: -2.5%  2022: +0.2%  2023: -0.7%  2024: +0.6%  2025: -0.8%  | rank order by position: QB -0.0002
    QB 12, ADP <= 60 only                          touched   498  actual 20.88  live 21.52  rule 21.38 | all: -1.17% (5/7) | 2022-25: +0.08% (2/4) | 1 game: -1.68% (3/5) | 2-3: -1.10% (4/7) | 4-5: -2.82% (5/7) | 6-8: -1.89% (4/7) | 9+: -0.17% (5/7)
                                                   by season: 2019: -4.1%  2020: -1.3%  2021: -4.3%  2022: +1.0%  2023: -0.9%  2024: +1.6%  2025: -1.2%  | rank order by position: QB -0.0034
    QB 16, ADP <= 60 only                          touched   498  actual 20.88  live 21.52  rule 21.34 | all: -1.21% (5/7) | 2022-25: +0.48% (2/4) | 1 game: -1.84% (2/5) | 2-3: -0.94% (4/7) | 4-5: -3.14% (5/7) | 6-8: -2.19% (3/7) | 9+: +0.01% (5/7)
                                                   by season: 2019: -5.1%  2020: -1.5%  2021: -5.3%  2022: +1.8%  2023: -0.8%  2024: +2.5%  2025: -1.2%  | rank order by position: QB -0.0029
    QB 24, ADP <= 60 only                          touched   498  actual 20.88  live 21.52  rule 21.30 | all: -1.06% (5/7) | 2022-25: +1.20% (2/4) | 1 game: -1.95% (2/5) | 2-3: -0.59% (4/7) | 4-5: -3.29% (5/7) | 6-8: -2.38% (3/7) | 9+: +0.43% (5/7)
                                                   by season: 2019: -6.3%  2020: -1.6%  2021: -6.5%  2022: +3.1%  2023: -0.6%  2024: +3.9%  2025: -1.2%  | rank order by position: QB -0.0055
    RB 8, ADP <= 60 only                           touched  1649  actual 14.14  live 14.54  rule 14.59 | all: -0.08% (4/7) | 2022-25: +0.05% (2/4) | 1 game: -1.11% (6/7) | 2-3: +0.35% (3/7) | 4-5: -0.49% (4/7) | 6-8: +0.40% (4/7) | 9+: -0.12% (4/7)
                                                   by season: 2019: +0.8%  2020: -1.3%  2021: -0.3%  2022: -0.0%  2023: +0.4%  2024: +0.0%  2025: -0.1%  | rank order by position: RB +0.0006
    WR 12, ADP <= 60 only                          touched  1953  actual 12.90  live 12.68  rule 12.79 | all: +0.12% (3/7) | 2022-25: +0.30% (1/4) | 1 game: -1.47% (7/7) | 2-3: +0.02% (3/7) | 4-5: -0.10% (3/7) | 6-8: +0.58% (2/7) | 9+: +0.31% (4/7)
                                                   by season: 2019: -0.4%  2020: -0.5%  2021: +0.4%  2022: -0.7%  2023: +0.0%  2024: +0.9%  2025: +0.9%  | rank order by position: WR -0.0006
    WR 4, ADP 61+                                  touched  4842  actual  6.96  live  7.33  rule  7.36 | all: -0.37% (6/7) | 2022-25: -0.41% (3/4) | 1 game: -0.80% (7/7) | 2-3: -0.50% (5/7) | 4-5: -0.20% (4/7) | 6-8: -0.08% (4/7) | 9+: -0.44% (6/7)
                                                   by season: 2019: -0.1%  2020: -0.3%  2021: -0.4%  2022: +0.0%  2023: -1.0%  2024: -0.2%  2025: -0.6%  | rank order by position: WR +0.0018
    WR 3, ADP 61+                                  touched  4842  actual  6.96  live  7.33  rule  7.39 | all: -0.67% (6/7) | 2022-25: -0.77% (3/4) | 1 game: -1.89% (7/7) | 2-3: -0.94% (4/7) | 4-5: -0.20% (3/7) | 6-8: +0.01% (4/7) | 9+: -0.83% (6/7)
                                                   by season: 2019: -0.1%  2020: -0.6%  2021: -0.7%  2022: +0.2%  2023: -1.9%  2024: -0.3%  2025: -1.1%  | rank order by position: WR +0.0026
                                                   WR rows with the usage evidence on: -0.70% (6/7) (n 4630)  | without it (no route / snap data): +0.07% (0/1) (n 212)
    WR 2, ADP 61+                                  touched  4842  actual  6.96  live  7.33  rule  7.44 | all: -0.80% (5/7) | 2022-25: -0.99% (3/4) | 1 game: -3.36% (7/7) | 2-3: -1.10% (4/7) | 4-5: +0.22% (3/7) | 6-8: +0.37% (3/7) | 9+: -1.13% (6/7)
                                                   by season: 2019: +0.2%  2020: -0.5%  2021: -0.8%  2022: +0.5%  2023: -2.9%  2024: -0.3%  2025: -1.5%  | rank order by position: WR +0.0035
    WR 3, ADP 61-150                               touched  1958  actual  8.87  live  9.28  rule  9.26 | all: -0.79% (6/7) | 2022-25: -0.79% (4/4) | 1 game: -0.62% (5/7) | 2-3: -0.28% (3/7) | 4-5: -1.84% (6/7) | 6-8: -0.04% (3/7) | 9+: -1.00% (6/7)
                                                   by season: 2019: +0.2%  2020: -0.3%  2021: -1.8%  2022: -0.8%  2023: -2.0%  2024: -0.2%  2025: -0.2%  | rank order by position: WR +0.0026
    WR 3, ADP 151+ / undrafted                     touched  2884  actual  5.66  live  6.00  rule  6.13 | all: -0.55% (5/7) | 2022-25: -0.76% (3/4) | 1 game: -2.96% (7/7) | 2-3: -1.46% (5/7) | 4-5: +1.59% (3/7) | 6-8: +0.05% (3/7) | 9+: -0.64% (5/7)
                                                   by season: 2019: -0.3%  2020: -0.8%  2021: +0.5%  2022: +1.0%  2023: -1.8%  2024: -0.4%  2025: -2.3%  | rank order by position: WR +0.0000
    TE 3, ADP 151+ / undrafted                     touched  1998  actual  4.98  live  4.86  rule  4.89 | all: -0.71% (6/7) | 2022-25: -0.56% (3/4) | 1 game: -1.86% (5/7) | 2-3: -1.33% (5/7) | 4-5: -0.01% (4/7) | 6-8: -0.41% (5/7) | 9+: -0.74% (5/7)
                                                   by season: 2019: -0.1%  2020: -1.3%  2021: -1.5%  2022: +0.3%  2023: -1.3%  2024: -0.6%  2025: -0.5%  | rank order by position: TE +0.0000
    QB 12 <= 60 + TE 12 <= 60                      touched   875  actual 16.79  live 17.05  rule 17.05 | all: -1.02% (5/7) | 2022-25: -0.01% (2/4) | 1 game: -1.29% (4/7) | 2-3: -0.55% (4/7) | 4-5: -2.94% (5/7) | 6-8: -1.75% (5/7) | 9+: +0.11% (4/7)
                                                   by season: 2019: -2.2%  2020: -2.3%  2021: -3.1%  2022: +0.8%  2023: -0.5%  2024: +1.2%  2025: -1.4%  | rank order by position: QB -0.0034  TE +0.0059
    QB 12 <= 60 + WR 3 61+                         touched  5340  actual  8.26  live  8.65  rule  8.70 | all: -0.76% (6/7) | 2022-25: -0.63% (3/4) | 1 game: -1.85% (7/7) | 2-3: -0.96% (5/7) | 4-5: -0.59% (5/7) | 6-8: -0.35% (4/7) | 9+: -0.71% (5/7)
                                                   by season: 2019: -0.8%  2020: -0.6%  2021: -1.4%  2022: +0.3%  2023: -1.7%  2024: -0.0%  2025: -1.1%  | rank order by position: QB -0.0034  WR +0.0026
    QB 12 + TE 12 <= 60, WR 3 61+, TE 3 151+       touched  7715  actual  7.56  live  7.79  rule  7.84 | all: -0.75% (6/7) | 2022-25: -0.59% (3/4) | 1 game: -1.76% (6/7) | 2-3: -0.95% (5/7) | 4-5: -0.76% (5/7) | 6-8: -0.44% (5/7) | 9+: -0.61% (6/7)
                                                   by season: 2019: -0.6%  2020: -1.0%  2021: -1.4%  2022: +0.3%  2023: -1.5%  2024: -0.1%  2025: -1.1%  | rank order by position: QB -0.0034  TE +0.0059  WR +0.0026
  REST OF SEASON, 4+ games left
    09-17 rule: QB16 RB8 WR12 TE12, ADP <= 60      touched  3108  actual 14.05  live 14.14  rule 14.21 | all: -1.61% (5/7) | 2022-25: -1.65% (3/4) | 1 game: -2.57% (5/7) | 2-3: -3.54% (5/7) | 4-5: -2.72% (6/7) | 6-8: -1.03% (5/7) | 9+: +0.87% (3/7)
                                                   by season: 2019: +0.3%  2020: -2.0%  2021: -2.5%  2022: -4.6%  2023: +0.7%  2024: -1.8%  2025: -1.6%  | rank order by position: QB +0.0028  RB -0.0014  TE +0.0114  WR -0.0045
    same four, everyone                            touched 11454  actual  9.91  live  9.84  rule  9.79 | all: +3.63% (1/7) | 2022-25: +3.31% (1/4) | 1 game: +2.12% (1/7) | 2-3: +3.81% (1/7) | 4-5: +3.20% (1/7) | 6-8: +3.70% (0/7) | 9+: +4.70% (0/7)
                                                   by season: 2019: +3.7%  2020: +5.5%  2021: +3.5%  2022: -0.8%  2023: +6.8%  2024: +2.7%  2025: +3.5%  | rank order by position: QB +0.0052  RB -0.0051  TE -0.0260  WR -0.0153
    TE 8, every tight end                          touched  2202  actual  6.57  live  6.19  rule  6.20 | all: +1.92% (2/7) | 2022-25: +1.74% (1/4) | 1 game: +1.04% (3/7) | 2-3: +0.39% (2/7) | 4-5: +1.62% (1/7) | 6-8: +2.48% (2/7) | 9+: +3.66% (1/7)
                                                   by season: 2019: -0.0%  2020: +2.9%  2021: +3.7%  2022: -0.2%  2023: +1.1%  2024: +2.0%  2025: +3.2%  | rank order by position: TE -0.0082
    TE 12, every tight end                         touched  2202  actual  6.57  live  6.19  rule  6.20 | all: +5.15% (0/7) | 2022-25: +4.66% (0/4) | 1 game: +2.92% (3/7) | 2-3: +2.87% (1/7) | 4-5: +4.69% (1/7) | 6-8: +6.06% (2/7) | 9+: +8.21% (1/7)
                                                   by season: 2019: +2.0%  2020: +7.1%  2021: +8.9%  2022: +1.7%  2023: +3.1%  2024: +5.1%  2025: +7.4%  | rank order by position: TE -0.0260
    TE 12, ADP <= 60 only                          touched   261  actual 11.72  live 10.89  rule 11.10 | all: -7.09% (5/7) | 2022-25: -6.28% (2/4) | 1 game: -8.46% (1/3) | 2-3: -14.22% (7/7) | 4-5: -7.06% (3/7) | 6-8: -4.20% (5/7) | 9+: -3.49% (3/5)
                                                   by season: 2019: -6.5%  2020: -3.8%  2021: -13.2%  2022: +5.9%  2023: +4.8%  2024: -27.7%  2025: -9.6%  | rank order by position: TE +0.0114
    TE 16, ADP <= 60 only                          touched   261  actual 11.72  live 10.89  rule 11.16 | all: -7.81% (5/7) | 2022-25: -6.64% (2/4) | 1 game: -9.01% (1/3) | 2-3: -15.94% (4/7) | 4-5: -7.75% (3/7) | 6-8: -4.54% (5/7) | 9+: -3.85% (3/5)
                                                   by season: 2019: -6.7%  2020: -4.5%  2021: -15.3%  2022: +8.8%  2023: +6.9%  2024: -31.5%  2025: -11.7%  | rank order by position: TE +0.0088
    QB 8, every quarterback                        touched  1642  actual 17.52  live 17.73  rule 17.63 | all: -1.45% (4/7) | 2022-25: -1.22% (2/4) | 1 game: -1.14% (3/7) | 2-3: -2.11% (3/7) | 4-5: -2.17% (5/7) | 6-8: -0.78% (4/7) | 9+: -1.11% (5/7)
                                                   by season: 2019: -0.9%  2020: +0.7%  2021: -3.8%  2022: -1.4%  2023: +0.3%  2024: +1.1%  2025: -4.0%  | rank order by position: QB +0.0080
    QB 8, ADP <= 60 only                           touched   343  actual 20.50  live 21.68  rule 21.58 | all: -6.45% (6/7) | 2022-25: -4.16% (3/4) | 1 game: -6.74% (3/5) | 2-3: -10.84% (5/6) | 4-5: -9.51% (6/6) | 6-8: -4.33% (5/7) | 9+: -0.79% (5/6)
                                                   by season: 2019: -19.0%  2020: -5.7%  2021: -14.8%  2022: -4.3%  2023: -6.0%  2024: +1.2%  2025: -5.8%  | rank order by position: QB +0.0045
    QB 12, ADP <= 60 only                          touched   343  actual 20.50  live 21.68  rule 21.51 | all: -9.71% (6/7) | 2022-25: -5.66% (3/4) | 1 game: -9.11% (2/5) | 2-3: -16.11% (5/6) | 4-5: -15.12% (5/6) | 6-8: -6.82% (5/7) | 9+: -0.20% (5/6)
                                                   by season: 2019: -31.1%  2020: -8.3%  2021: -24.7%  2022: -4.7%  2023: -8.0%  2024: +3.4%  2025: -9.4%  | rank order by position: QB +0.0047
    QB 16, ADP <= 60 only                          touched   343  actual 20.50  live 21.68  rule 21.46 | all: -11.00% (6/7) | 2022-25: -5.84% (3/4) | 1 game: -9.81% (2/5) | 2-3: -18.30% (4/6) | 4-5: -17.82% (5/6) | 6-8: -7.88% (5/7) | 9+: +0.91% (5/6)
                                                   by season: 2019: -37.5%  2020: -9.1%  2021: -30.2%  2022: -3.7%  2023: -8.2%  2024: +5.3%  2025: -11.3%  | rank order by position: QB +0.0028
    QB 24, ADP <= 60 only                          touched   343  actual 20.50  live 21.68  rule 21.41 | all: -11.81% (6/7) | 2022-25: -5.32% (3/4) | 1 game: -10.15% (2/5) | 2-3: -20.02% (4/6) | 4-5: -20.26% (5/6) | 6-8: -8.58% (4/7) | 9+: +3.17% (4/6)
                                                   by season: 2019: -44.3%  2020: -9.2%  2021: -36.2%  2022: -1.3%  2023: -7.4%  2024: +8.3%  2025: -13.2%  | rank order by position: QB +0.0032
    RB 8, ADP <= 60 only                           touched  1141  actual 14.14  live 14.37  rule 14.42 | all: -0.64% (4/7) | 2022-25: -2.17% (3/4) | 1 game: -2.72% (4/7) | 2-3: -1.66% (3/7) | 4-5: -0.79% (3/7) | 6-8: -0.06% (3/7) | 9+: +0.75% (3/7)
                                                   by season: 2019: +4.0%  2020: -2.2%  2021: +2.8%  2022: -8.5%  2023: +0.9%  2024: -1.8%  2025: -2.1%  | rank order by position: RB -0.0014
    WR 12, ADP <= 60 only                          touched  1363  actual 12.79  live 12.67  rule 12.80 | all: +2.20% (3/7) | 2022-25: +1.65% (2/4) | 1 game: +1.62% (3/7) | 2-3: +3.38% (3/7) | 4-5: +3.16% (2/7) | 6-8: +1.52% (3/7) | 9+: +1.69% (4/7)
                                                   by season: 2019: +1.7%  2020: -0.4%  2021: +8.8%  2022: -4.1%  2023: +2.5%  2024: -1.4%  2025: +8.9%  | rank order by position: WR -0.0045
    WR 4, ADP 61+                                  touched  3335  actual  6.97  live  7.07  rule  7.10 | all: -1.16% (6/7) | 2022-25: -1.13% (3/4) | 1 game: -1.51% (6/7) | 2-3: -1.47% (5/7) | 4-5: -1.02% (5/7) | 6-8: -0.85% (5/7) | 9+: -1.27% (6/7)
                                                   by season: 2019: -0.5%  2020: -2.3%  2021: -0.9%  2022: +0.8%  2023: -3.0%  2024: -0.4%  2025: -1.2%  | rank order by position: WR +0.0008
    WR 3, ADP 61+                                  touched  3335  actual  6.97  live  7.07  rule  7.15 | all: -2.02% (6/7) | 2022-25: -1.92% (3/4) | 1 game: -3.22% (6/7) | 2-3: -2.53% (5/7) | 4-5: -1.55% (4/7) | 6-8: -1.33% (5/7) | 9+: -2.38% (6/7)
                                                   by season: 2019: -0.3%  2020: -4.5%  2021: -1.7%  2022: +2.7%  2023: -6.0%  2024: -0.5%  2025: -2.1%  | rank order by position: WR -0.0005
                                                   WR rows with the usage evidence on: -2.23% (6/7) (n 3178)  | without it (no route / snap data): +2.63% (0/1) (n 157)
    WR 2, ADP 61+                                  touched  3335  actual  6.97  live  7.07  rule  7.20 | all: -2.06% (4/7) | 2022-25: -1.79% (2/4) | 1 game: -4.60% (6/7) | 2-3: -2.11% (4/7) | 4-5: -0.95% (4/7) | 6-8: -1.12% (5/7) | 9+: -3.19% (6/7)
                                                   by season: 2019: +1.2%  2020: -6.3%  2021: -2.0%  2022: +6.8%  2023: -8.7%  2024: +0.3%  2025: -2.0%  | rank order by position: WR -0.0029
    WR 3, ADP 61-150                               touched  1353  actual  8.85  live  9.14  rule  9.12 | all: -2.23% (4/7) | 2022-25: -1.80% (2/4) | 1 game: -1.56% (5/7) | 2-3: -3.53% (5/7) | 4-5: -3.23% (4/7) | 6-8: -1.34% (5/7) | 9+: -1.78% (4/7)
                                                   by season: 2019: +1.3%  2020: -2.0%  2021: -5.3%  2022: -2.8%  2023: -8.9%  2024: +1.0%  2025: +0.3%  | rank order by position: WR -0.0005
    WR 3, ADP 151+ / undrafted                     touched  1982  actual  5.68  live  5.66  rule  5.79 | all: -1.87% (5/7) | 2022-25: -2.01% (3/4) | 1 game: -4.43% (6/7) | 2-3: -1.84% (4/7) | 4-5: -0.46% (4/7) | 6-8: -1.33% (6/7) | 9+: -2.93% (5/7)
                                                   by season: 2019: -0.8%  2020: -7.2%  2021: +0.9%  2022: +7.5%  2023: -4.4%  2024: -1.7%  2025: -4.5%  | rank order by position: WR +0.0000
    TE 3, ADP 151+ / undrafted                     touched  1395  actual  5.14  live  4.69  rule  4.70 | all: -1.97% (5/7) | 2022-25: -1.74% (3/4) | 1 game: +0.01% (3/7) | 2-3: -0.84% (3/7) | 4-5: -1.20% (4/7) | 6-8: -2.74% (5/7) | 9+: -4.61% (6/7)
                                                   by season: 2019: +3.6%  2020: -4.4%  2021: -7.3%  2022: +4.5%  2023: -0.7%  2024: -1.7%  2025: -6.3%  | rank order by position: TE +0.0000
    QB 12 <= 60 + TE 12 <= 60                      touched   604  actual 16.71  live 17.02  rule 17.01 | all: -8.84% (7/7) | 2022-25: -5.82% (4/4) | 1 game: -8.91% (4/7) | 2-3: -15.48% (6/7) | 4-5: -12.39% (6/7) | 6-8: -6.01% (6/7) | 9+: -1.44% (4/7)
                                                   by season: 2019: -17.4%  2020: -5.0%  2021: -20.5%  2022: -2.1%  2023: -4.3%  2024: -4.6%  2025: -9.4%  | rank order by position: QB +0.0047  TE +0.0114
    QB 12 <= 60 + WR 3 61+                         touched  3678  actual  8.23  live  8.43  rule  8.49 | all: -3.19% (5/7) | 2022-25: -2.60% (2/4) | 1 game: -3.94% (6/7) | 2-3: -4.65% (6/7) | 4-5: -3.67% (5/7) | 6-8: -2.29% (5/7) | 9+: -2.11% (6/7)
                                                   by season: 2019: -2.2%  2020: -4.7%  2021: -5.0%  2022: +0.6%  2023: -6.2%  2024: +0.0%  2025: -3.7%  | rank order by position: QB +0.0047  WR -0.0005
    QB 12 + TE 12 <= 60, WR 3 61+, TE 3 151+       touched  5334  actual  7.59  live  7.57  rule  7.62 | all: -3.22% (6/7) | 2022-25: -2.63% (3/4) | 1 game: -3.44% (6/7) | 2-3: -4.56% (6/7) | 4-5: -3.47% (5/7) | 6-8: -2.48% (6/7) | 9+: -2.55% (6/7)
                                                   by season: 2019: -1.4%  2020: -4.6%  2021: -5.8%  2022: +1.5%  2023: -4.6%  2024: -1.2%  2025: -4.4%  | rank order by position: QB +0.0047  TE +0.0114  WR -0.0005
  REST OF SEASON, no survivor filter
    09-17 rule: QB16 RB8 WR12 TE12, ADP <= 60      touched  3373  actual 13.79  live 14.09  rule 14.16 | all: -1.03% (4/7) | 2022-25: -0.59% (2/4) | 1 game: -1.87% (5/7) | 2-3: -2.17% (5/7) | 4-5: -2.71% (5/7) | 6-8: -0.25% (3/7) | 9+: +0.08% (2/7)
                                                   by season: 2019: +0.5%  2020: -2.4%  2021: -3.1%  2022: -2.9%  2023: +0.0%  2024: +0.7%  2025: -0.6%  | rank order by position: QB +0.0049  RB +0.0001  TE +0.0053  WR -0.0021
    same four, everyone                            touched 12953  actual  9.57  live  9.64  rule  9.61 | all: +3.44% (1/7) | 2022-25: +3.47% (1/4) | 1 game: +2.52% (1/7) | 2-3: +4.40% (1/7) | 4-5: +3.13% (1/7) | 6-8: +3.68% (0/7) | 9+: +3.00% (0/7)
                                                   by season: 2019: +3.8%  2020: +3.9%  2021: +2.8%  2022: -0.3%  2023: +6.0%  2024: +3.9%  2025: +3.3%  | rank order by position: QB +0.0030  RB -0.0045  TE -0.0184  WR -0.0090
    TE 8, every tight end                          touched  2532  actual  6.32  live  6.07  rule  6.08 | all: +1.78% (1/7) | 2022-25: +1.81% (0/4) | 1 game: +1.14% (3/7) | 2-3: +0.84% (2/7) | 4-5: +1.51% (2/7) | 6-8: +2.61% (1/7) | 9+: +1.85% (2/7)
                                                   by season: 2019: -0.1%  2020: +2.1%  2021: +3.2%  2022: +0.7%  2023: +1.5%  2024: +2.3%  2025: +2.2%  | rank order by position: TE -0.0042
    TE 12, every tight end                         touched  2532  actual  6.32  live  6.07  rule  6.08 | all: +4.68% (0/7) | 2022-25: +4.57% (0/4) | 1 game: +3.07% (3/7) | 2-3: +3.56% (1/7) | 4-5: +4.42% (1/7) | 6-8: +6.17% (0/7) | 9+: +4.39% (2/7)
                                                   by season: 2019: +1.6%  2020: +5.3%  2021: +7.7%  2022: +3.1%  2023: +3.7%  2024: +5.7%  2025: +5.2%  | rank order by position: TE -0.0184
    TE 12, ADP <= 60 only                          touched   294  actual 11.43  live 10.79  rule 11.00 | all: -5.36% (5/7) | 2022-25: -4.66% (2/4) | 1 game: -8.46% (1/3) | 2-3: -14.22% (7/7) | 4-5: -8.69% (5/7) | 6-8: -2.19% (3/7) | 9+: -0.54% (2/7)
                                                   by season: 2019: -6.3%  2020: -2.1%  2021: -10.2%  2022: +6.4%  2023: +2.4%  2024: -27.7%  2025: -7.2%  | rank order by position: TE +0.0053
    TE 16, ADP <= 60 only                          touched   294  actual 11.43  live 10.79  rule 11.06 | all: -5.77% (5/7) | 2022-25: -4.87% (2/4) | 1 game: -9.01% (1/3) | 2-3: -15.94% (4/7) | 4-5: -9.89% (5/7) | 6-8: -2.09% (3/7) | 9+: -0.12% (2/7)
                                                   by season: 2019: -6.3%  2020: -2.2%  2021: -11.8%  2022: +9.4%  2023: +3.5%  2024: -31.5%  2025: -8.8%  | rank order by position: TE +0.0042
    QB 8, every quarterback                        touched  1857  actual 16.91  live 17.49  rule 17.41 | all: -0.75% (4/7) | 2022-25: -0.34% (2/4) | 1 game: -0.49% (3/7) | 2-3: -0.91% (4/7) | 4-5: -1.52% (5/7) | 6-8: -0.34% (4/7) | 9+: -0.57% (4/7)
                                                   by season: 2019: +0.8%  2020: -0.6%  2021: -3.8%  2022: -1.4%  2023: +0.3%  2024: +1.8%  2025: -1.9%  | rank order by position: QB +0.0073
    QB 8, ADP <= 60 only                           touched   372  actual 20.06  live 21.56  rule 21.48 | all: -4.93% (6/7) | 2022-25: -2.79% (3/4) | 1 game: -6.74% (3/5) | 2-3: -9.50% (5/7) | 4-5: -9.01% (7/7) | 6-8: -2.97% (6/7) | 9+: -1.20% (4/6)
                                                   by season: 2019: -18.8%  2020: -7.8%  2021: -11.9%  2022: -3.7%  2023: -4.3%  2024: +1.7%  2025: -3.1%  | rank order by position: QB +0.0040
    QB 12, ADP <= 60 only                          touched   372  actual 20.06  live 21.56  rule 21.41 | all: -7.39% (6/7) | 2022-25: -3.59% (3/4) | 1 game: -9.11% (2/5) | 2-3: -13.75% (5/7) | 4-5: -14.41% (6/7) | 6-8: -4.39% (5/7) | 9+: -1.70% (4/6)
                                                   by season: 2019: -30.8%  2020: -11.9%  2021: -20.2%  2022: -4.9%  2023: -5.5%  2024: +4.2%  2025: -4.7%  | rank order by position: QB +0.0052
    QB 16, ADP <= 60 only                          touched   372  actual 20.06  live 21.56  rule 21.37 | all: -8.34% (6/7) | 2022-25: -3.50% (3/4) | 1 game: -9.81% (2/5) | 2-3: -15.32% (4/7) | 4-5: -17.06% (6/7) | 6-8: -4.80% (5/7) | 9+: -1.73% (4/6)
                                                   by season: 2019: -37.2%  2020: -13.5%  2021: -24.9%  2022: -4.8%  2023: -5.3%  2024: +6.3%  2025: -5.3%  | rank order by position: QB +0.0049
    QB 24, ADP <= 60 only                          touched   372  actual 20.06  live 21.56  rule 21.32 | all: -8.90% (6/7) | 2022-25: -2.80% (3/4) | 1 game: -10.15% (2/5) | 2-3: -16.34% (4/7) | 4-5: -19.53% (6/7) | 6-8: -4.72% (4/7) | 9+: -1.39% (3/6)
                                                   by season: 2019: -43.8%  2020: -14.7%  2021: -30.2%  2022: -4.0%  2023: -4.2%  2024: +9.4%  2025: -5.7%  | rank order by position: QB +0.0056
    RB 8, ADP <= 60 only                           touched  1236  actual 13.88  live 14.31  rule 14.37 | all: -0.22% (3/7) | 2022-25: -0.15% (2/4) | 1 game: -1.27% (4/7) | 2-3: +0.12% (3/7) | 4-5: -0.33% (3/7) | 6-8: -0.25% (3/7) | 9+: +0.03% (3/7)
                                                   by season: 2019: +1.5%  2020: -2.7%  2021: +0.2%  2022: -2.1%  2023: +0.5%  2024: +1.7%  2025: -1.2%  | rank order by position: RB +0.0001
    WR 12, ADP <= 60 only                          touched  1471  actual 12.61  live 12.67  rule 12.80 | all: +1.94% (2/7) | 2022-25: +1.00% (1/4) | 1 game: +1.61% (3/7) | 2-3: +2.69% (3/7) | 4-5: +3.47% (1/7) | 6-8: +1.72% (3/7) | 9+: +0.99% (3/7)
                                                   by season: 2019: +3.9%  2020: -0.1%  2021: +9.0%  2022: -4.4%  2023: +0.9%  2024: +0.6%  2025: +5.0%  | rank order by position: WR -0.0021
    WR 4, ADP 61+                                  touched  3826  actual  6.71  live  6.91  rule  6.94 | all: -1.16% (6/7) | 2022-25: -1.18% (3/4) | 1 game: -1.59% (6/7) | 2-3: -1.77% (6/7) | 4-5: -1.00% (5/7) | 6-8: -0.88% (6/7) | 9+: -1.07% (6/7)
                                                   by season: 2019: -0.4%  2020: -1.9%  2021: -1.0%  2022: +0.6%  2023: -3.0%  2024: -0.8%  2025: -1.1%  | rank order by position: WR -0.0004
    WR 3, ADP 61+                                  touched  3826  actual  6.71  live  6.91  rule  6.97 | all: -2.10% (6/7) | 2022-25: -2.10% (3/4) | 1 game: -3.43% (6/7) | 2-3: -3.27% (5/7) | 4-5: -1.55% (5/7) | 6-8: -1.51% (6/7) | 9+: -2.00% (6/7)
                                                   by season: 2019: -0.4%  2020: -3.8%  2021: -2.0%  2022: +2.0%  2023: -6.1%  2024: -1.3%  2025: -1.9%  | rank order by position: WR -0.0002
                                                   WR rows with the usage evidence on: -2.35% (6/7) (n 3645)  | without it (no route / snap data): +2.83% (0/1) (n 181)
    WR 2, ADP 61+                                  touched  3826  actual  6.71  live  6.91  rule  7.01 | all: -2.38% (5/7) | 2022-25: -2.30% (3/4) | 1 game: -5.08% (6/7) | 2-3: -3.57% (5/7) | 4-5: -1.04% (4/7) | 6-8: -1.62% (5/7) | 9+: -2.65% (6/7)
                                                   by season: 2019: +0.7%  2020: -5.2%  2021: -2.7%  2022: +5.0%  2023: -9.0%  2024: -1.3%  2025: -1.9%  | rank order by position: WR -0.0011
    WR 3, ADP 61-150                               touched  1487  actual  8.70  live  9.08  rule  9.05 | all: -2.14% (5/7) | 2022-25: -1.53% (3/4) | 1 game: -1.98% (5/7) | 2-3: -4.24% (5/7) | 4-5: -3.10% (5/7) | 6-8: -1.03% (4/7) | 9+: -1.47% (5/7)
                                                   by season: 2019: +1.4%  2020: -1.5%  2021: -6.2%  2022: -2.7%  2023: -8.7%  2024: -0.0%  2025: +1.4%  | rank order by position: WR -0.0002
    WR 3, ADP 151+ / undrafted                     touched  2339  actual  5.44  live  5.53  rule  5.65 | all: -2.08% (5/7) | 2022-25: -2.51% (3/4) | 1 game: -4.48% (6/7) | 2-3: -2.60% (4/7) | 4-5: -0.57% (4/7) | 6-8: -1.84% (5/7) | 9+: -2.45% (6/7)
                                                   by season: 2019: -0.9%  2020: -6.7%  2021: +1.2%  2022: +5.3%  2023: -4.8%  2024: -2.3%  2025: -5.0%  | rank order by position: WR +0.0000
    TE 3, ADP 151+ / undrafted                     touched  1626  actual  4.91  live  4.56  rule  4.57 | all: -1.92% (5/7) | 2022-25: -1.95% (3/4) | 1 game: -0.18% (4/7) | 2-3: -1.57% (4/7) | 4-5: -1.24% (4/7) | 6-8: -3.13% (5/7) | 9+: -1.97% (5/7)
                                                   by season: 2019: +2.4%  2020: -2.1%  2021: -6.0%  2022: +2.1%  2023: -1.2%  2024: -1.9%  2025: -4.8%  | rank order by position: TE +0.0000
    QB 12 <= 60 + TE 12 <= 60                      touched   666  actual 16.25  live 16.81  rule 16.81 | all: -6.75% (7/7) | 2022-25: -3.86% (4/4) | 1 game: -8.91% (4/7) | 2-3: -13.90% (5/7) | 4-5: -12.68% (7/7) | 6-8: -3.63% (5/7) | 9+: -1.38% (5/7)
                                                   by season: 2019: -15.9%  2020: -5.7%  2021: -16.8%  2022: -2.5%  2023: -3.0%  2024: -3.4%  2025: -5.4%  | rank order by position: QB +0.0052  TE +0.0053
    QB 12 <= 60 + WR 3 61+                         touched  4198  actual  7.89  live  8.21  rule  8.25 | all: -2.96% (7/7) | 2022-25: -2.38% (4/4) | 1 game: -4.10% (6/7) | 2-3: -4.80% (7/7) | 4-5: -3.78% (6/7) | 6-8: -1.93% (5/7) | 9+: -1.94% (6/7)
                                                   by season: 2019: -1.9%  2020: -4.4%  2021: -5.0%  2022: -0.1%  2023: -6.0%  2024: -0.8%  2025: -2.5%  | rank order by position: QB +0.0052  WR -0.0002
    QB 12 + TE 12 <= 60, WR 3 61+, TE 3 151+       touched  6118  actual  7.27  live  7.36  rule  7.40 | all: -2.94% (6/7) | 2022-25: -2.42% (3/4) | 1 game: -3.59% (6/7) | 2-3: -4.76% (7/7) | 4-5: -3.67% (5/7) | 6-8: -2.12% (6/7) | 9+: -1.86% (6/7)
                                                   by season: 2019: -1.4%  2020: -3.8%  2021: -5.5%  2022: +0.6%  2023: -4.4%  2024: -1.6%  2025: -3.2%  | rank order by position: QB +0.0052  TE +0.0053  WR -0.0002

--- 5  WHAT CHANGED SINCE 09-17: the same fixed rules on the next-game target as the newer live layers are added to the plain form ---
    plain 09-17 form (points, Vegas x opponent)      09-17 rule, everyone -0.55% (7/7) | on the rows touched -> QB16 RB8 WR12 TE12: -1.38% (7/7) | TE 12: -1.61% (7/7) | QB 16: -2.29% (6/7) | RB 8: -0.67% (7/7) | WR 12: -1.72% (7/7) | WR 3: +0.35% (3/7)
    + TD luck only                                   09-17 rule, everyone -0.25% (6/7) | on the rows touched -> QB16 RB8 WR12 TE12: -0.63% (6/7) | TE 12: -1.04% (6/7) | QB 16: -1.57% (5/7) | RB 8: -0.14% (4/7) | WR 12: -0.75% (6/7) | WR 3: -0.26% (4/7)
    + WR / TE usage evidence only                    09-17 rule, everyone -0.28% (6/7) | on the rows touched -> QB16 RB8 WR12 TE12: -0.71% (6/7) | TE 12: -1.15% (7/7) | QB 16: -2.29% (6/7) | RB 8: -0.67% (7/7) | WR 12: -0.24% (4/7) | WR 3: -0.61% (6/7)
    + RB snap mix, rookie level, QB floor only       09-17 rule, everyone -0.51% (7/7) | on the rows touched -> QB16 RB8 WR12 TE12: -1.28% (7/7) | TE 12: -1.61% (7/7) | QB 16: -2.29% (6/7) | RB 8: -0.41% (7/7) | WR 12: -1.72% (7/7) | WR 3: +0.35% (3/7)
    + snap trend / banged-up / weather / pool only   09-17 rule, everyone -0.53% (7/7) | on the rows touched -> QB16 RB8 WR12 TE12: -1.32% (7/7) | TE 12: -1.53% (6/7) | QB 16: -1.93% (5/7) | RB 8: -0.85% (7/7) | WR 12: -1.53% (7/7) | WR 3: +0.41% (2/7)
    all of them (the live form)                      09-17 rule, everyone -0.07% (4/7) | on the rows touched -> QB16 RB8 WR12 TE12: -0.17% (4/7) | TE 12: -0.74% (3/7) | QB 16: -1.21% (5/7) | RB 8: -0.08% (4/7) | WR 12: +0.12% (3/7) | WR 3: -0.67% (6/7)
