  2019: samples so far 1946
  2020: samples so far 4039
  2021: samples so far 6612
  2022: samples so far 9294
  2023: samples so far 12496
  2024: samples so far 15871
  2025: samples so far 18940
  skipped: {'weekly': 375, 'team': 270}
  2019: samples so far 1946
  2020: samples so far 4039
  2021: samples so far 6612
  2022: samples so far 9294
  2023: samples so far 12496
  2024: samples so far 15871
  2025: samples so far 18940
  skipped: {'weekly': 375, 'team': 270}
=== rest-of-season, in season: 8,496 checkpoints 2019-25 (3-10 games played, 4+ games left), 5,204 top-150 ===

--- 0  WHERE WE STAND: Clay-free rate vs the Clay blend, rest-of-season per-game ---
    everyone                   n  8496  actual 10.23  Clay-free 10.02  Clay blend  9.72  | Clay-free error vs Clay blend  -7.90%  seasons better 7/7  top-150 weighted  -4.07%  | rank order 0.581 vs 0.575
    QB                         n  1251  actual 17.68  Clay-free 17.84  Clay blend 17.02  | Clay-free error vs Clay blend -17.01%  seasons better 7/7  top-150 weighted -12.33%  | rank order 0.482 vs 0.473
    RB                         n  2201  actual 10.39  Clay-free  9.93  Clay blend  9.59  | Clay-free error vs Clay blend  -6.69%  seasons better 5/7  top-150 weighted  -1.67%  | rank order 0.645 vs 0.647
    WR                         n  3509  actual  8.87  Clay-free  8.79  Clay blend  8.66  | Clay-free error vs Clay blend  -4.03%  seasons better 6/7  top-150 weighted  -3.22%  | rank order 0.620 vs 0.615
    TE                         n  1535  actual  7.06  Clay-free  6.55  Clay blend  6.37  | Clay-free error vs Clay blend  -5.70%  seasons better 4/7  top-150 weighted  +1.09%  | rank order 0.566 vs 0.549
    after 3-4 games            n  2510  actual  9.89  Clay-free  9.73  Clay blend  9.27  | Clay-free error vs Clay blend -11.66%  seasons better 7/7  top-150 weighted  -7.08%  | rank order 0.617 vs 0.611
    after 5-7 games            n  3354  actual 10.14  Clay-free  9.95  Clay blend  9.66  | Clay-free error vs Clay blend  -8.49%  seasons better 7/7  top-150 weighted  -4.55%  | rank order 0.582 vs 0.589
    after 8-10 games           n  2632  actual 10.69  Clay-free 10.37  Clay blend 10.22  | Clay-free error vs Clay blend  -4.28%  seasons better 7/7  top-150 weighted  -1.44%  | rank order 0.537 vs 0.535
    ADP 1-30                   n  1223  actual 15.08  Clay-free 14.98  Clay blend 15.15  | Clay-free error vs Clay blend  -7.06%  seasons better 6/7  top-150 weighted  -4.62%  | rank order 0.344 vs 0.308
    ADP 31-60                  n  1148  actual 13.13  Clay-free 12.56  Clay blend 12.76  | Clay-free error vs Clay blend  -4.99%  seasons better 5/7  top-150 weighted  -5.01%  | rank order 0.276 vs 0.245
    ADP 61-100                 n  1296  actual 11.33  Clay-free 10.80  Clay blend 10.82  | Clay-free error vs Clay blend  +0.65%  seasons better 4/7  top-150 weighted  -0.41%  | rank order 0.449 vs 0.485
    ADP 101-150                n  1425  actual  9.90  Clay-free  9.82  Clay blend  9.40  | Clay-free error vs Clay blend  -3.60%  seasons better 5/7  top-150 weighted  -3.42%  | rank order 0.417 vs 0.542
    QB after 3-4 games         n   369  actual 17.26  Clay-free 17.47  Clay blend 16.22  | Clay-free error vs Clay blend -23.74%  seasons better 6/7  top-150 weighted -15.68%  | rank order 0.507 vs 0.512
    QB after 5-7 games         n   490  actual 17.59  Clay-free 17.78  Clay blend 16.94  | Clay-free error vs Clay blend -18.91%  seasons better 7/7  top-150 weighted -12.14%  | rank order 0.493 vs 0.500
    QB after 8-10 games        n   392  actual 18.18  Clay-free 18.28  Clay blend 17.89  | Clay-free error vs Clay blend  -7.98%  seasons better 6/7  top-150 weighted -10.15%  | rank order 0.500 vs 0.482
    RB after 3-4 games         n   643  actual 10.01  Clay-free  9.65  Clay blend  9.14  | Clay-free error vs Clay blend  -9.95%  seasons better 6/7  top-150 weighted  -4.91%  | rank order 0.708 vs 0.696
    RB after 5-7 games         n   876  actual 10.21  Clay-free  9.83  Clay blend  9.50  | Clay-free error vs Clay blend  -6.69%  seasons better 5/7  top-150 weighted  -1.56%  | rank order 0.654 vs 0.664
    RB after 8-10 games        n   682  actual 10.97  Clay-free 10.32  Clay blend 10.14  | Clay-free error vs Clay blend  -3.91%  seasons better 5/7  top-150 weighted  +0.83%  | rank order 0.597 vs 0.628
    WR after 3-4 games         n  1035  actual  8.56  Clay-free  8.55  Clay blend  8.33  | Clay-free error vs Clay blend  -4.15%  seasons better 4/7  top-150 weighted  -5.75%  | rank order 0.622 vs 0.642
    WR after 5-7 games         n  1372  actual  8.84  Clay-free  8.77  Clay blend  8.65  | Clay-free error vs Clay blend  -4.23%  seasons better 6/7  top-150 weighted  -4.22%  | rank order 0.582 vs 0.593
    WR after 8-10 games        n  1102  actual  9.21  Clay-free  9.05  Clay blend  8.99  | Clay-free error vs Clay blend  -3.75%  seasons better 5/7  top-150 weighted  -0.73%  | rank order 0.566 vs 0.542
    TE after 3-4 games         n   463  actual  6.83  Clay-free  6.32  Clay blend  6.00  | Clay-free error vs Clay blend -11.69%  seasons better 5/7  top-150 weighted  -3.11%  | rank order 0.615 vs 0.572
    TE after 5-7 games         n   616  actual  6.98  Clay-free  6.52  Clay blend  6.37  | Clay-free error vs Clay blend  -5.63%  seasons better 4/7  top-150 weighted  +0.11%  | rank order 0.552 vs 0.541
    TE after 8-10 games        n   456  actual  7.39  Clay-free  6.83  Clay blend  6.75  | Clay-free error vs Clay blend  -0.94%  seasons better 3/7  top-150 weighted  +5.39%  | rank order 0.366 vs 0.366

--- 1  HOW MUCH THE SEASON SO FAR COUNTS (prior weight in games; shipped QB 12, RB 5, WR 8, TE 8) ---

  1 QB: prior weight   (rows 1,251)
    pooled (seasons better at that fixed setting): P 4: +7.89% (1)  P 6: +3.43% (2)  P 8: +1.38% (2)  P 16: -0.10% (2)  P 24: +0.56% (2)
    LEAVE-ONE-SEASON-OUT  +0.65%  seasons better 0/7  | top-150 weighted +0.13%  rank order -0.0047  | picks ['P 16', 'P 16', 'P 12 (shipped)', 'P 16', 'P 16', 'P 16', 'P 12 (shipped)']
    FORWARD 2022-25       +1.51%  seasons better 0/4  | top-150 weighted +0.62%  | picks ['P 24', 'P 16', 'P 12 (shipped)', 'P 12 (shipped)']
    rank order with P 16: better in 4/7 seasons (pooled -0.0065)
    -> FAIL (best pooled: P 16)
      by stage, 3-4 games: P 4: +10.51%  P 6: +4.13%  P 8: +1.53%  P 16: -0.05%  P 24: +0.65%
      by stage, 5-7 games: P 4: +9.34%  P 6: +4.41%  P 8: +1.94%  P 16: -0.44%  P 24: -0.17%
      by stage, 8-10 games: P 4: +4.13%  P 6: +1.76%  P 8: +0.63%  P 16: +0.24%  P 24: +1.32%

  1 RB: prior weight   (rows 2,201)
    pooled (seasons better at that fixed setting): P 2: +6.84% (1)  P 3: +3.10% (1)  P 8: -0.66% (5)  P 12: +0.39% (3)  P 16: +1.78% (3)
    LEAVE-ONE-SEASON-OUT  -0.66%  seasons better 5/7  | top-150 weighted -0.28%  rank order -0.0000  | picks ['P 8', 'P 8', 'P 8', 'P 8', 'P 8', 'P 8', 'P 8']
    FORWARD 2022-25       -0.79%  seasons better 3/4  | top-150 weighted -0.94%  | picks ['P 8', 'P 8', 'P 8', 'P 8']
    rank order with P 8: better in 4/7 seasons (pooled -0.0000)
    -> PASS: P 8
      by stage, 3-4 games: P 2: +11.30%  P 3: +4.98%  P 8: -1.44%  P 12: -0.88%  P 16: +0.09%
      by stage, 5-7 games: P 2: +6.81%  P 3: +3.12%  P 8: -0.55%  P 12: +0.77%  P 16: +2.42%
      by stage, 8-10 games: P 2: +3.30%  P 3: +1.57%  P 8: -0.15%  P 12: +0.99%  P 16: +2.45%

  1 WR: prior weight   (rows 3,509)
    pooled (seasons better at that fixed setting): P 3: +2.92% (2)  P 5: +0.40% (3)  P 12: +1.02% (2)  P 16: +2.30% (1)  P 24: +4.47% (0)
    LEAVE-ONE-SEASON-OUT  +0.00%  seasons better 0/7  | top-150 weighted +0.00%  rank order +0.0000  | picks ['P 8 (shipped)', 'P 8 (shipped)', 'P 8 (shipped)', 'P 8 (shipped)', 'P 8 (shipped)', 'P 8 (shipped)', 'P 8 (shipped)']
    FORWARD 2022-25       +0.00%  seasons better 0/4  | top-150 weighted +0.00%  | picks ['P 8 (shipped)', 'P 8 (shipped)', 'P 8 (shipped)', 'P 8 (shipped)']
    -> FAIL (best pooled: P 8 (shipped))
      by stage, 3-4 games: P 3: +4.94%  P 5: +0.58%  P 12: +1.36%  P 16: +2.87%  P 24: +5.19%
      by stage, 5-7 games: P 3: +3.37%  P 5: +0.66%  P 12: +0.86%  P 16: +2.06%  P 24: +4.16%
      by stage, 8-10 games: P 3: +1.19%  P 5: +0.04%  P 12: +0.97%  P 16: +2.16%  P 24: +4.31%

  1 TE: prior weight   (rows 1,535)
    pooled (seasons better at that fixed setting): P 3: +6.30% (1)  P 5: +1.74% (2)  P 12: +0.33% (2)  P 16: +1.33% (2)  P 24: +3.33% (2)
    LEAVE-ONE-SEASON-OUT  +0.72%  seasons better 0/7  | top-150 weighted +1.19%  rank order -0.0047  | picks ['P 8 (shipped)', 'P 12', 'P 8 (shipped)', 'P 8 (shipped)', 'P 8 (shipped)', 'P 8 (shipped)', 'P 8 (shipped)']
    FORWARD 2022-25       +1.52%  seasons better 0/4  | top-150 weighted +2.78%  | picks ['P 5', 'P 8 (shipped)', 'P 8 (shipped)', 'P 8 (shipped)']
    -> FAIL (best pooled: P 8 (shipped))
      by stage, 3-4 games: P 3: +14.54%  P 5: +4.60%  P 12: -1.17%  P 16: -1.00%  P 24: -0.03%
      by stage, 5-7 games: P 3: +6.70%  P 5: +2.08%  P 12: +0.01%  P 16: +0.80%  P 24: +2.55%
      by stage, 8-10 games: P 3: -0.03%  P 5: -0.67%  P 12: +1.75%  P 16: +3.56%  P 24: +6.57%

--- 2  WHAT COUNTS AS EVIDENCE: points vs usage (xFP), on top of the picks above ---

  2 QB: usage weight in the evidence (shipped: 0)   (rows 1,251)
    pooled (seasons better at that fixed setting): usage weight 0.25: +7.91% (2)  usage weight 0.5: +41.53% (1)  usage weight 0.75: +100.87% (0)  usage weight 1.0: +185.91% (0)
    LEAVE-ONE-SEASON-OUT  +0.00%  seasons better 0/7  | top-150 weighted +0.00%  rank order +0.0000  | picks ['shipped', 'shipped', 'shipped', 'shipped', 'shipped', 'shipped', 'shipped']
    FORWARD 2022-25       +0.00%  seasons better 0/4  | top-150 weighted +0.00%  | picks ['shipped', 'shipped', 'shipped', 'shipped']
    -> FAIL (best pooled: shipped)

  2 RB: usage weight in the evidence (shipped: fades to .25)   (rows 2,201)
    pooled (seasons better at that fixed setting): usage weight 0.0: -0.60% (5)  usage weight 0.25: -0.02% (5)  usage weight 0.5: +1.87% (1)  usage weight 0.75: +5.09% (1)  usage weight 1.0: +9.62% (0)
    LEAVE-ONE-SEASON-OUT  -0.60%  seasons better 5/7  | top-150 weighted -1.62%  rank order +0.0069  | picks ['usage weight 0.0', 'usage weight 0.0', 'usage weight 0.0', 'usage weight 0.0', 'usage weight 0.0', 'usage weight 0.0', 'usage weight 0.0']
    FORWARD 2022-25       -0.06%  seasons better 2/4  | top-150 weighted -0.75%  | picks ['usage weight 0.0', 'usage weight 0.0', 'usage weight 0.0', 'usage weight 0.0']
    rank order with usage weight 0.0: better in 5/7 seasons (pooled +0.0069)
    -> FAIL (best pooled: usage weight 0.0)

  2 WR: usage weight in the evidence (shipped: fades to .25)   (rows 3,509)
    pooled (seasons better at that fixed setting): usage weight 0.0: +0.04% (3)  usage weight 0.25: -0.85% (4)  usage weight 0.5: -0.11% (4)  usage weight 0.75: +2.26% (1)  usage weight 1.0: +6.27% (1)
    LEAVE-ONE-SEASON-OUT  -0.85%  seasons better 4/7  | top-150 weighted -0.96%  rank order +0.0078  | picks ['usage weight 0.25', 'usage weight 0.25', 'usage weight 0.25', 'usage weight 0.25', 'usage weight 0.25', 'usage weight 0.25', 'usage weight 0.25']
    FORWARD 2022-25       +0.05%  seasons better 2/4  | top-150 weighted -0.51%  | picks ['usage weight 0.0', 'usage weight 0.25', 'usage weight 0.25', 'usage weight 0.25']
    rank order with usage weight 0.25: better in 5/7 seasons (pooled +0.0078)
    -> FAIL (best pooled: usage weight 0.25)

  2 TE: usage weight in the evidence (shipped: 0)   (rows 1,535)
    pooled (seasons better at that fixed setting): usage weight 0.25: -0.42% (4)  usage weight 0.5: +0.07% (4)  usage weight 0.75: +1.49% (3)  usage weight 1.0: +3.82% (3)
    LEAVE-ONE-SEASON-OUT  +0.00%  seasons better 3/7  | top-150 weighted -0.04%  rank order +0.0106  | picks ['usage weight 0.25', 'usage weight 0.25', 'usage weight 0.25', 'usage weight 0.25', 'usage weight 0.25', 'usage weight 0.25', 'shipped']
    FORWARD 2022-25       +0.09%  seasons better 1/4  | top-150 weighted -0.48%  | picks ['usage weight 0.25', 'usage weight 0.25', 'usage weight 0.25', 'shipped']
    rank order with usage weight 0.25: better in 5/7 seasons (pooled +0.0080)
    -> FAIL (best pooled: usage weight 0.25)

--- 3  LEVEL: toward / away from the position average (k < 1 pulls in) ---

  3 QB: level   (rows 1,251)
    pooled (seasons better at that fixed setting): k 0.8: +0.18% (3)  k 0.9: -0.50% (3)  k 0.95: -0.40% (4)  k 1.05: +0.69% (3)  k 1.1: +1.67% (2)
    LEAVE-ONE-SEASON-OUT  -0.03%  seasons better 3/7  | top-150 weighted -0.62%  rank order +0.0000  | picks ['k 0.95', 'k 0.9', 'k 0.9', 'k 0.9', 'k 0.9', 'k 0.9', 'k 0.95']
    FORWARD 2022-25       +1.00%  seasons better 1/4  | top-150 weighted -0.58%  | picks ['k 0.8', 'k 0.9', 'k 0.95', 'k 0.95']
    rank order with k 0.9: better in 0/7 seasons (pooled +0.0000)
    -> FAIL (best pooled: k 0.9)
      top third     n   417  actual / projected 0.994
      middle        n   417  actual / projected 0.977
      bottom third  n   417  actual / projected 1.002

  3 RB: level   (rows 2,201)
    pooled (seasons better at that fixed setting): k 0.8: +4.36% (2)  k 0.9: +0.81% (3)  k 0.95: +0.06% (4)  k 1.05: +0.62% (3)  k 1.1: +1.92% (2)
    LEAVE-ONE-SEASON-OUT  +0.70%  seasons better 0/7  | top-150 weighted +1.65%  rank order +0.0000  | picks ['k 0.95', 'k 1.00 (shipped)', 'k 1.00 (shipped)', 'k 1.00 (shipped)', 'k 1.00 (shipped)', 'k 0.95', 'k 0.95']
    FORWARD 2022-25       +0.22%  seasons better 1/4  | top-150 weighted +1.33%  | picks ['k 1.00 (shipped)', 'k 0.95', 'k 0.95', 'k 0.95']
    -> FAIL (best pooled: k 1.00 (shipped))
      top third     n   734  actual / projected 1.021
      middle        n   733  actual / projected 1.080
      bottom third  n   734  actual / projected 1.069

  3 WR: level   (rows 3,509)
    pooled (seasons better at that fixed setting): k 0.8: +5.76% (1)  k 0.9: +1.71% (2)  k 0.95: +0.56% (2)  k 1.05: +0.03% (3)  k 1.1: +0.64% (3)
    LEAVE-ONE-SEASON-OUT  +0.41%  seasons better 0/7  | top-150 weighted +0.91%  rank order +0.0000  | picks ['k 1.05', 'k 1.00 (shipped)', 'k 1.00 (shipped)', 'k 1.00 (shipped)', 'k 1.00 (shipped)', 'k 1.00 (shipped)', 'k 1.05']
    FORWARD 2022-25       +0.69%  seasons better 1/4  | top-150 weighted +1.70%  | picks ['k 1.1', 'k 1.1', 'k 1.05', 'k 1.05']
    -> FAIL (best pooled: k 1.00 (shipped))
      top third     n  1170  actual / projected 1.014
      middle        n  1169  actual / projected 1.003
      bottom third  n  1170  actual / projected 1.009

  3 TE: level   (rows 1,535)
    pooled (seasons better at that fixed setting): k 0.8: +3.53% (2)  k 0.9: +0.93% (2)  k 0.95: +0.26% (4)  k 1.05: +0.15% (3)  k 1.1: +0.72% (3)
    LEAVE-ONE-SEASON-OUT  +0.70%  seasons better 0/7  | top-150 weighted +2.46%  rank order +0.0000  | picks ['k 1.00 (shipped)', 'k 0.95', 'k 1.00 (shipped)', 'k 1.00 (shipped)', 'k 1.05', 'k 1.00 (shipped)', 'k 1.00 (shipped)']
    FORWARD 2022-25       +1.66%  seasons better 0/4  | top-150 weighted +6.30%  | picks ['k 1.1', 'k 1.1', 'k 1.05', 'k 1.00 (shipped)']
    -> FAIL (best pooled: k 1.00 (shipped))
      top third     n   512  actual / projected 1.062
      middle        n   511  actual / projected 1.090
      bottom third  n   512  actual / projected 1.089

--- 5  REST-OF-SEASON LAYERS on the Clay-free rate (each judged on the rows it touches, stacked on what passed before it) ---

  5a RB: snap-trend multiplier carried through the rest of the season   (rows 2,054)
    pooled (seasons better at that fixed setting): strength 0.5: -3.09% (7)  strength 1.0: -4.06% (6)  strength 1.5: -2.89% (5)
    LEAVE-ONE-SEASON-OUT  -4.06%  seasons better 6/7  | top-150 weighted -1.92%  rank order +0.0136  | picks ['strength 1.0', 'strength 1.0', 'strength 1.0', 'strength 1.0', 'strength 1.0', 'strength 1.0', 'strength 1.0']
    FORWARD 2022-25       -4.50%  seasons better 4/4  | top-150 weighted -0.57%  | picks ['strength 0.5', 'strength 1.0', 'strength 1.0', 'strength 1.0']
    rank order with strength 1.0: better in 5/7 seasons (pooled +0.0136)
    -> PASS: strength 1.0

  5a WR: snap-trend multiplier carried through the rest of the season   (rows 3,357)
    pooled (seasons better at that fixed setting): strength 0.5: -0.36% (6)  strength 1.0: +1.20% (2)  strength 1.5: +4.74% (0)
    LEAVE-ONE-SEASON-OUT  -0.36%  seasons better 6/7  | top-150 weighted +0.66%  rank order -0.0000  | picks ['strength 0.5', 'strength 0.5', 'strength 0.5', 'strength 0.5', 'strength 0.5', 'strength 0.5', 'strength 0.5']
    FORWARD 2022-25       -0.16%  seasons better 3/4  | top-150 weighted +1.38%  | picks ['strength 0.5', 'strength 0.5', 'strength 0.5', 'strength 0.5']
    rank order with strength 0.5: better in 3/7 seasons (pooled -0.0000)
    -> FAIL (best pooled: strength 0.5)

  5a TE: snap-trend multiplier carried through the rest of the season   (rows 1,492)
    pooled (seasons better at that fixed setting): strength 0.5: -0.48% (4)  strength 1.0: +0.28% (3)  strength 1.5: +2.30% (2)
    LEAVE-ONE-SEASON-OUT  +0.16%  seasons better 3/7  | top-150 weighted +1.72%  rank order +0.0075  | picks ['strength 0.5', 'strength 0.5', 'strength 0.5', 'strength 0.5', 'strength 0.5', 'off (shipped)', 'strength 0.5']
    FORWARD 2022-25       -0.30%  seasons better 1/4  | top-150 weighted -0.99%  | picks ['off (shipped)', 'off (shipped)', 'off (shipped)', 'strength 0.5']
    rank order with strength 0.5: better in 4/7 seasons (pooled +0.0077)
    -> FAIL (best pooled: strength 0.5)

  5b RB rookies   (rows 379)
    pooled (seasons better at that fixed setting): x1.05: -3.91% (5)  x1.1: -4.67% (5)  x1.15: -2.27% (5)
    LEAVE-ONE-SEASON-OUT  -3.42%  seasons better 5/7  | top-150 weighted -2.88%  rank order +nan  | picks ['x1.1', 'x1.1', 'x1.1', 'x1.05', 'x1.1', 'x1.1', 'x1.1']
    FORWARD 2022-25       +0.70%  seasons better 3/4  | top-150 weighted +4.97%  | picks ['x1.1', 'x1.15', 'x1.05', 'x1.1']
    -> FAIL (best pooled: x1.1)

  5b RB second year   (rows 374)
    pooled (seasons better at that fixed setting): x1.04: -5.25% (5)  x1.08: -8.22% (5)  x1.12: -8.93% (3)
    LEAVE-ONE-SEASON-OUT  -4.98%  seasons better 3/7  | top-150 weighted -7.26%  rank order +0.0000  | picks ['x1.12', 'x1.12', 'x1.12', 'x1.12', 'x1.08', 'x1.08', 'x1.12']
    FORWARD 2022-25       -7.36%  seasons better 2/4  | top-150 weighted -19.20%  | picks ['off (shipped)', 'off (shipped)', 'x1.08', 'x1.12']
    rank order with x1.12: better in 0/1 seasons (pooled +0.0000)
    -> FAIL (best pooled: x1.12)

  5b RB age slope (per year from 26)   (rows 2,160)
    pooled (seasons better at that fixed setting): 0.01 a year: -1.17% (7)  0.02 a year: -1.23% (5)  0.03 a year: -0.28% (3)
    LEAVE-ONE-SEASON-OUT  -0.75%  seasons better 5/7  | top-150 weighted -1.08%  rank order +0.0119  | picks ['0.02 a year', '0.01 a year', '0.01 a year', '0.02 a year', '0.02 a year', '0.01 a year', '0.02 a year']
    FORWARD 2022-25       -0.78%  seasons better 3/4  | top-150 weighted -1.16%  | picks ['0.02 a year', '0.02 a year', '0.02 a year', '0.02 a year']
    rank order with 0.02 a year: better in 7/7 seasons (pooled +0.0162)
    -> PASS: 0.02 a year

  5c TE second year   (rows 194)
    pooled (seasons better at that fixed setting): x1.05: -6.38% (6)  x1.1: -10.41% (5)  x1.15: -12.09% (5)  x1.2: -11.42% (3)
    LEAVE-ONE-SEASON-OUT  -5.40%  seasons better 5/7  | top-150 weighted +17.20%  rank order +nan  | picks ['x1.1', 'x1.15', 'x1.15', 'x1.2', 'x1.1', 'x1.2', 'x1.15']
    FORWARD 2022-25       -4.03%  seasons better 2/4  | top-150 weighted +26.19%  | picks ['x1.2', 'x1.15', 'x1.2', 'x1.15']
    -> FAIL (best pooled: x1.15)

  5c TE rookies   (rows 171)
    pooled (seasons better at that fixed setting): x1.05: -1.92% (3)  x1.1: -0.95% (3)
    LEAVE-ONE-SEASON-OUT  +5.89%  seasons better 2/7  | top-150 weighted +16.97%  rank order +nan  | picks ['x1.1', 'x1.05', 'x1.05', 'x1.05', 'off (shipped)', 'off (shipped)', 'x1.1']
    FORWARD 2022-25       +0.25%  seasons better 1/4  | top-150 weighted +6.22%  | picks ['off (shipped)', 'off (shipped)', 'x1.05', 'x1.1']
    -> FAIL (best pooled: x1.05)

  5c TE: snap-share level, rest of season (wired: .15 for later weeks)   (rows 1,516)
    pooled (seasons better at that fixed setting): e 0.15: -1.54% (6)  e 0.3: -2.37% (6)  e 0.5: -2.39% (6)
    LEAVE-ONE-SEASON-OUT  -1.90%  seasons better 6/7  | top-150 weighted -1.96%  rank order +0.0005  | picks ['e 0.3', 'e 0.5', 'e 0.5', 'e 0.3', 'e 0.3', 'e 0.5', 'e 0.3']
    FORWARD 2022-25       -2.90%  seasons better 4/4  | top-150 weighted -5.95%  | picks ['e 0.3', 'e 0.3', 'e 0.3', 'e 0.3']
    rank order with e 0.5: better in 4/7 seasons (pooled +0.0022)
    -> PASS: e 0.5

  5c WR: snap-share level, rest of season (wired: .15 for later weeks)   (rows 3,406)
    pooled (seasons better at that fixed setting): e 0.15: +0.01% (4)  e 0.3: +1.00% (1)  e 0.5: +3.68% (0)
    LEAVE-ONE-SEASON-OUT  +0.26%  seasons better 0/7  | top-150 weighted +1.01%  rank order -0.0034  | picks ['off (shipped)', 'off (shipped)', 'off (shipped)', 'e 0.15', 'e 0.15', 'off (shipped)', 'e 0.15']
    FORWARD 2022-25       +0.41%  seasons better 0/4  | top-150 weighted +1.46%  | picks ['e 0.15', 'e 0.15', 'off (shipped)', 'e 0.15']
    -> FAIL (best pooled: off (shipped))

  5c TE: team pass-rate tilt (pass-heavy teams' tight ends come down)   (rows 1,535)
    pooled (seasons better at that fixed setting): e 0.04: -2.47% (5)  e 0.08: -2.50% (5)  e 0.12: -0.10% (4)
    LEAVE-ONE-SEASON-OUT  -0.80%  seasons better 5/7  | top-150 weighted -0.70%  rank order +0.0249  | picks ['e 0.04', 'e 0.08', 'e 0.04', 'e 0.08', 'e 0.04', 'e 0.04', 'e 0.08']
    FORWARD 2022-25       -2.97%  seasons better 3/4  | top-150 weighted -6.61%  | picks ['e 0.04', 'e 0.04', 'e 0.04', 'e 0.08']
    rank order with e 0.08: better in 5/7 seasons (pooled +0.0295)
    -> PASS: e 0.08

  5d QB who changed teams (wired today: x.90)   (rows 148)
    pooled (seasons better at that fixed setting): x0.95: -15.32% (5)  x0.9: -24.53% (5)  x0.86: -27.49% (5)  x0.82: -26.55% (5)  x0.78: -21.69% (5)
    LEAVE-ONE-SEASON-OUT  -26.18%  seasons better 6/7  | top-150 weighted -45.70%  rank order +nan  | picks ['x0.86', 'x0.82', 'x0.86', 'x0.86', 'x0.86', 'x0.86', 'x0.86']
    FORWARD 2022-25       -25.34%  seasons better 4/4  | top-150 weighted -46.03%  | picks ['x0.86', 'x0.86', 'x0.86', 'x0.86']
    -> PASS: x0.86

  5d QB: pass-attempt tilt (high-volume passers come down)   (rows 1,251)
    pooled (seasons better at that fixed setting): e 0.03: -2.98% (6)  e 0.06: -3.48% (6)  e 0.09: -1.51% (6)
    LEAVE-ONE-SEASON-OUT  -2.69%  seasons better 6/7  | top-150 weighted +0.86%  rank order +0.0026  | picks ['e 0.06', 'e 0.06', 'e 0.06', 'e 0.06', 'e 0.06', 'e 0.03', 'e 0.06']
    FORWARD 2022-25       -1.81%  seasons better 3/4  | top-150 weighted +2.02%  | picks ['e 0.06', 'e 0.06', 'e 0.06', 'e 0.06']
    rank order with e 0.06: better in 4/7 seasons (pooled +0.0046)
    -> FAIL (best pooled: e 0.06)

  5d QB: rushing-share tilt (running quarterbacks go up)   (rows 1,233)
    pooled (seasons better at that fixed setting): e 0.02: -0.36% (5)  e 0.04: +1.07% (4)  e 0.06: +4.28% (3)
    LEAVE-ONE-SEASON-OUT  +1.14%  seasons better 2/7  | top-150 weighted +1.70%  rank order +0.0033  | picks ['off (shipped)', 'e 0.02', 'e 0.02', 'off (shipped)', 'e 0.02', 'off (shipped)', 'e 0.02']
    FORWARD 2022-25       +0.20%  seasons better 2/4  | top-150 weighted +0.82%  | picks ['off (shipped)', 'e 0.02', 'e 0.02', 'e 0.02']
    rank order with e 0.02: better in 5/7 seasons (pooled +0.0117)
    -> FAIL (best pooled: e 0.02)

  5e WR: yards per route vs man tilt   (rows 2,906)
    pooled (seasons better at that fixed setting): e 0.02: -1.21% (5)  e 0.04: -1.58% (5)  e 0.06: -1.12% (5)
    LEAVE-ONE-SEASON-OUT  -1.21%  seasons better 5/7  | top-150 weighted +1.06%  rank order +0.0009  | picks ['e 0.04', 'e 0.02', 'e 0.04', 'e 0.04', 'e 0.04', 'e 0.04', 'e 0.04']
    FORWARD 2022-25       -1.67%  seasons better 3/4  | top-150 weighted +1.92%  | picks ['e 0.04', 'e 0.04', 'e 0.04', 'e 0.04']
    rank order with e 0.04: better in 5/7 seasons (pooled +0.0025)
    -> FAIL (best pooled: e 0.04)

  5e WR: scoring over usage tilt   (rows 3,506)
    pooled (seasons better at that fixed setting): e 0.02: -0.67% (5)  e 0.04: -0.65% (4)  e 0.06: +0.08% (2)
    LEAVE-ONE-SEASON-OUT  -0.22%  seasons better 4/7  | top-150 weighted +0.46%  rank order +0.0035  | picks ['e 0.04', 'e 0.02', 'e 0.02', 'e 0.04', 'e 0.04', 'e 0.02', 'e 0.02']
    FORWARD 2022-25       -0.04%  seasons better 2/4  | top-150 weighted +0.20%  | picks ['e 0.04', 'e 0.04', 'e 0.04', 'e 0.02']
    rank order with e 0.02: better in 5/7 seasons (pooled +0.0024)
    -> FAIL (best pooled: e 0.02)

  5e WR scoring 25%+ under his prior   (rows 787)
    pooled (seasons better at that fixed setting): x0.97: -2.00% (5)  x0.94: -2.88% (4)  x0.9: -2.33% (3)
    LEAVE-ONE-SEASON-OUT  -1.28%  seasons better 4/7  | top-150 weighted -2.47%  rank order +0.0000  | picks ['x0.94', 'x0.94', 'x0.94', 'x0.94', 'x0.97', 'x0.94', 'x0.9']
    FORWARD 2022-25       -0.70%  seasons better 1/4  | top-150 weighted -0.17%  | picks ['x0.9', 'x0.94', 'x0.9', 'x0.9']
    rank order with x0.94: better in 0/3 seasons (pooled +0.0000)
    -> FAIL (best pooled: x0.94)

  5e WR rookies   (rows 541)
    pooled (seasons better at that fixed setting): x1.03: -0.10% (5)  x1.06: +0.78% (5)
    LEAVE-ONE-SEASON-OUT  +1.01%  seasons better 1/7  | top-150 weighted +4.04%  rank order +nan  | picks ['x1.03', 'off (shipped)', 'off (shipped)', 'x1.03', 'off (shipped)', 'off (shipped)', 'x1.03']
    FORWARD 2022-25       +2.02%  seasons better 2/4  | top-150 weighted +4.40%  | picks ['x1.06', 'x1.03', 'x1.03', 'x1.03']
    -> FAIL (best pooled: x1.03)

  level check before any level layer (actual / projected): 4+ games left | any games left | next game only
    QB: 1.005 | 0.963 (shipped rate) | 0.982 (shipped rate)
    RB: 1.030 | 1.034 (shipped rate) | 1.029 (shipped rate)
    WR: 1.009 | 0.995 (shipped rate) | 1.002 (shipped rate)
    TE: 1.079 | 1.056 (shipped rate) | 1.048 (shipped rate)

  5f RB level   (rows 2,201)
    pooled (seasons better at that fixed setting): x1.02: -0.46% (4)  x1.04: -0.09% (3)  x1.06: +1.10% (2)
    LEAVE-ONE-SEASON-OUT  +0.04%  seasons better 3/7  | top-150 weighted +0.89%  rank order +0.0000  | picks ['x1.02', 'x1.02', 'x1.02', 'x1.02', 'x1.02', 'x1.02', 'off (shipped)']
    FORWARD 2022-25       +0.00%  seasons better 0/4  | top-150 weighted +0.00%  | picks ['off (shipped)', 'off (shipped)', 'off (shipped)', 'off (shipped)']
    rank order with x1.02: better in 0/7 seasons (pooled +0.0000)
    -> FAIL (best pooled: x1.02)

  5f TE level   (rows 1,535)
    pooled (seasons better at that fixed setting): x1.03: -2.51% (6)  x1.06: -3.73% (6)  x1.09: -3.66% (6)  x1.12: -2.30% (5)
    LEAVE-ONE-SEASON-OUT  -2.98%  seasons better 6/7  | top-150 weighted -4.82%  rank order +0.0000  | picks ['x1.06', 'x1.06', 'x1.09', 'x1.09', 'x1.06', 'x1.06', 'x1.09']
    FORWARD 2022-25       -2.39%  seasons better 3/4  | top-150 weighted -0.75%  | picks ['x1.09', 'x1.06', 'x1.06', 'x1.09']
    rank order with x1.06: better in 0/7 seasons (pooled +0.0000)
    -> PASS: x1.06

--- STACKED: everything that passed vs the shipped Clay-free rate and vs the Clay blend ---
  picks: {'P_RB': 'P 8', 'snapmult_RB': 'strength 1.0', 'rb_age': '0.02 a year', 'snaplv_TE': 'e 0.5', 'te_proe': 'e 0.08', 'qb_mover': 'x0.86', 'te_level': 'x1.06'}
    everyone   vs shipped Clay-free -3.72% (6/7)  vs Clay blend -11.32% (7/7)  | weighted -3.13% / -7.07%  | rank order 0.600 (shipped 0.581, Clay blend 0.575)
    QB         vs shipped Clay-free -4.83% (6/7)  vs Clay blend -21.02% (7/7)  | weighted -3.44% / -15.35%  | rank order 0.506 (shipped 0.482, Clay blend 0.473)
    RB         vs shipped Clay-free -5.63% (6/7)  vs Clay blend -11.95% (6/7)  | weighted -3.74% / -5.34%  | rank order 0.673 (shipped 0.645, Clay blend 0.647)
    WR         vs shipped Clay-free +0.00% (0/7)  vs Clay blend -4.03% (6/7)  | weighted +0.00% / -3.22%  | rank order 0.620 (shipped 0.620, Clay blend 0.615)
    TE         vs shipped Clay-free -8.36% (6/7)  vs Clay blend -13.58% (6/7)  | weighted -11.84% / -10.88%  | rank order 0.592 (shipped 0.566, Clay blend 0.549)
    top-150    vs shipped Clay-free -3.92% (6/7)  vs Clay blend -7.86% (6/7)  | weighted -3.13% / -7.07%  | rank order 0.600 (shipped 0.581, Clay blend 0.575)

--- 4  WHAT THE REST-OF-SEASON MISS STILL CORRELATES WITH (after the picks above; r of the miss, seasons same sign) ---
  QB:
    ppg_py                       r -0.146  seasons same sign 3/6  n 874
    att_pg                       r -0.136  seasons same sign 5/7  n 1251
    jm                           r +0.115  seasons same sign 5/7  n 815
    xfp_pg                       r +0.092  seasons same sign 6/7  n 1251
    plays_pg_std                 r -0.089  seasons same sign 4/7  n 1251
    snap_trend                   r +0.089  seasons same sign 5/7  n 1231
    db_sh                        r -0.086  seasons same sign 6/7  n 1233
    snap_std                     r -0.069  seasons same sign 5/7  n 1233
    new_hc                       r +0.068  seasons same sign 4/7  n 1251
    ADP (log)                    r +0.067  seasons same sign 4/7  n 1251
  RB:
    plays_pg_std                 r -0.113  seasons same sign 5/7  n 2160
    ol_pb_now                    r +0.087  seasons same sign 5/6  n 1894
    rz_tgt_sh                    r -0.083  seasons same sign 5/7  n 2105
    ol_pb_full                   r +0.083  seasons same sign 5/6  n 1894
    yprr_man                     r +0.080  seasons same sign 6/7  n 1750
    ppg_py                       r -0.079  seasons same sign 5/6  n 1377
    tgt_sh_py                    r -0.070  seasons same sign 4/7  n 1754
    xfp_pg                       r -0.065  seasons same sign 4/7  n 2160
    ol_rb_now                    r +0.062  seasons same sign 3/6  n 1894
    tgt_sh                       r -0.062  seasons same sign 4/7  n 2105
  WR:
    yprr_man                     r +0.125  seasons same sign 6/7  n 2906
    pts_over_xfp                 r +0.096  seasons same sign 6/7  n 3506
    ppg_py                       r +0.079  seasons same sign 5/6  n 2277
    evidence minus prior (pts)   r +0.074  seasons same sign 5/7  n 3509
    snap_trend                   r +0.065  seasons same sign 6/7  n 3391
    tgt_sh_py                    r +0.065  seasons same sign 6/7  n 2943
    age                          r -0.059  seasons same sign 5/7  n 3506
    tgt_sh                       r +0.059  seasons same sign 6/7  n 3406
    yprr_zone                    r +0.058  seasons same sign 4/7  n 2906
    ay_sh                        r +0.058  seasons same sign 6/7  n 3406
  TE:
    ol_rb_now                    r -0.166  seasons same sign 5/6  n 1317
    ol_rb_full                   r -0.156  seasons same sign 5/6  n 1317
    tgt_sh_py                    r +0.107  seasons same sign 5/7  n 1358
    ppg_py                       r +0.098  seasons same sign 4/6  n 1071
    gl_car_sh                    r -0.097  seasons same sign 5/7  n 1501
    pts_over_xfp                 r -0.095  seasons same sign 6/7  n 1535
    db_sh                        r -0.094  seasons same sign 2/3  n 1516
    yr2                          r +0.090  seasons same sign 4/7  n 1535
    att_pg                       r -0.089  seasons same sign 2/3  n 1535
    wopr                         r +0.082  seasons same sign 4/7  n 1535

  segments (actual / projected rest of season, after the picks):
    QB: all                                      n  1251  1.005  (4/7 seasons)
    QB: rookies                                  n   133  1.026  (3/6 seasons)
    QB: second year                              n   185  1.030  (3/7 seasons)
    QB: age 30+                                  n   272  0.987  (5/7 seasons)
    QB: changed teams (off-season)               n   157  1.001  (3/5 seasons)
    QB: scoring 25%+ over his prior              n   158  1.009  (4/6 seasons)
    QB: scoring 25%+ under his prior             n   135  1.091  (5/7 seasons)
    QB: ADP 1-60                                 n   266  0.961  (4/7 seasons)
    QB: ADP 61-150                               n   567  1.030  (7/7 seasons)
    QB: ADP 151+ / none                          n   418  1.006  (4/7 seasons)
    RB: all                                      n  2201  1.030  (5/7 seasons)
    RB: rookies                                  n   379  1.049  (5/7 seasons)
    RB: second year                              n   374  1.060  (4/7 seasons)
    RB: age 30+                                  n    75  1.144  (3/4 seasons)
    RB: changed teams (off-season)               n   311  1.020  (4/6 seasons)
    RB: scoring 25%+ over his prior              n   520  1.029  (5/7 seasons)
    RB: scoring 25%+ under his prior             n   585  1.026  (5/7 seasons)
    RB: ADP 1-60                                 n   887  1.026  (5/7 seasons)
    RB: ADP 61-150                               n   765  1.045  (5/7 seasons)
    RB: ADP 151+ / none                          n   549  1.014  (3/7 seasons)
    WR: all                                      n  3509  1.009  (3/7 seasons)
    WR: rookies                                  n   541  1.049  (5/7 seasons)
    WR: second year                              n   548  1.028  (4/7 seasons)
    WR: age 30+                                  n   216  0.965  (4/6 seasons)
    WR: changed teams (off-season)               n   495  1.052  (4/7 seasons)
    WR: scoring 25%+ over his prior              n   860  1.015  (4/7 seasons)
    WR: scoring 25%+ under his prior             n   787  0.932  (4/7 seasons)
    WR: ADP 1-60                                 n  1060  1.024  (5/7 seasons)
    WR: ADP 61-150                               n  1041  1.016  (4/7 seasons)
    WR: ADP 151+ / none                          n  1408  0.979  (4/7 seasons)
    TE: all                                      n  1535  1.017  (5/7 seasons)
    TE: rookies                                  n   171  1.033  (4/6 seasons)
    TE: second year                              n   194  1.114  (4/7 seasons)
    TE: age 30+                                  n   162  1.017  (3/6 seasons)
    TE: changed teams (off-season)               n   228  1.010  (2/6 seasons)
    TE: scoring 25%+ over his prior              n   356  0.999  (5/7 seasons)
    TE: scoring 25%+ under his prior             n   425  1.033  (3/7 seasons)
    TE: ADP 1-60                                 n   199  1.085  (5/7 seasons)
    TE: ADP 61-150                               n   419  0.948  (5/7 seasons)
    TE: ADP 151+ / none                          n   917  1.035  (4/7 seasons)

--- 6  WEAKNESS MAP, model as wired (Jack: 'what is our current weakness what type of player') ---

  A  most over- or under-projected (level off by 4%+ and the same side in 5+ seasons)
    type of player                                     n  act/proj (seasons)  miss as % of avg  error vs Clay blend (seasons better)  rank order ours / Clay
    TE: ADP 31-60                                    139  1.195 (6/6)         29.5%             -2.78% (3/6)                    nan / nan
    TE: second year                                  194  1.194 (6/7)         40.1%            -15.56% (4/7)                    nan / nan
    TE: listed second string or lower                399  1.156 (6/7)         46.0%            -16.71% (4/7)                    0.462 / 0.371
    RB: rookies                                      379  1.137 (6/7)         38.9%            -16.57% (5/7)                    0.680 / 0.658
    TE: team implied under 19                        231  1.133 (5/6)         40.2%            -20.73% (6/6)                    0.407 / 0.337
    RB: no passing role (under 5% of targets)        452  1.103 (5/7)         47.0%            -22.56% (6/7)                    0.453 / 0.397
    TE: ADP 151+ / undrafted                         917  1.100 (6/7)         41.0%            -15.73% (5/7)                    0.583 / 0.506
    TE: 18%+ of targets                              433  1.099 (6/7)         30.0%             -2.17% (4/7)                    0.533 / 0.454
    RB: listed second string or lower                892  1.098 (7/7)         45.5%            -11.89% (6/7)                    0.588 / 0.531
    RB: scoring 25%+ under his preseason level       585  1.097 (5/7)         45.8%            -19.67% (7/7)                    0.574 / 0.475
    RB: committee (under 40% of carries)             786  1.094 (5/7)         50.5%            -12.66% (5/7)                    0.529 / 0.458
    QB: scoring 25%+ under his preseason level       135  1.094 (5/6)         26.4%            -42.15% (5/6)                    0.905 / 0.571
    RB: ADP 31-60                                    301  1.079 (5/7)         31.1%             -1.26% (3/7)                    0.083 / -0.119
    TE: all                                         1535  1.078 (6/7)         37.0%            -10.19% (5/7)                    0.687 / 0.645
    TE: team implied 25+                             495  1.076 (7/7)         35.2%             -5.08% (4/7)                    0.777 / 0.777
    WR: listed second string or lower                682  1.075 (6/7)         47.7%             -7.28% (4/7)                    0.472 / 0.452
    RB: team implied under 19                        349  1.063 (5/7)         33.1%            -15.56% (6/7)                    0.705 / 0.701
    RB: ADP 61-100                                   373  1.059 (5/7)         36.7%             -3.91% (6/7)                    0.578 / 0.558
    TE: under 60% of snaps                           442  1.058 (5/7)         48.0%            -11.87% (5/7)                    0.461 / 0.401
    QB: ADP 61-100                                   229  1.055 (5/7)         17.8%             -5.28% (4/7)                    nan / nan
    TE: scoring 25%+ over his preseason level        356  1.054 (5/7)         33.0%             +4.04% (4/7)                    0.592 / 0.602
    TE: listed first string                         1100  1.053 (6/7)         34.0%             -7.74% (3/7)                    0.681 / 0.648
    RB: ADP 101-150                                  366  1.051 (5/7)         41.4%            -18.88% (6/7)                    0.720 / 0.584
    QB: team implied under 19                        133  1.050 (5/6)         26.3%            -40.55% (6/6)                    nan / nan
    WR: rookies                                      541  1.049 (5/7)         43.7%             -4.38% (5/7)                    0.594 / 0.607
    WR: scoring 2+ a game over his usage             830  1.042 (5/7)         29.6%             -3.55% (3/7)                    0.687 / 0.682
    WR: ADP 101-150                                  502  0.958 (5/7)         39.4%             +8.55% (1/7)                    0.284 / 0.506
    RB: all                                         2201  1.042 (7/7)         33.1%             -9.84% (6/7)                    0.728 / 0.711
    WR: ADP 31-60                                    529  1.041 (7/7)         22.8%             -9.19% (6/7)                    0.293 / 0.265
    RB: scoring 2+ a game over his usage             415  1.041 (6/7)         23.2%             +5.17% (2/7)                    0.724 / 0.740
    QB: ADP 31-60                                    179  0.959 (5/6)         19.4%             -9.47% (4/6)                    nan / nan

  B  where the Clay blend is closer than we are, or orders them better
    type of player                                     n  act/proj (seasons)  miss as % of avg  error vs Clay blend (seasons better)  rank order ours / Clay
    WR: ADP 101-150                                  502  0.958 (5/7)         39.4%             +8.55% (1/7)                    0.284 / 0.506
    WR: ADP 61-100                                   516  1.066 (4/7)         32.9%             +4.79% (3/7)                    0.397 / 0.448
    QB: second year                                  185  1.030 (3/7)         22.5%             +1.69% (4/7)                    nan / nan
    TE: scoring 2+ a game under his usage            129  1.058 (3/5)         37.0%            -12.88% (4/5)                    0.750 / 0.850
    QB: scoring 25%+ over his preseason level        158  1.011 (4/6)         21.7%            -14.44% (4/6)                    0.762 / 0.833
    WR: changed teams in the off-season              495  1.052 (4/7)         35.9%             -3.14% (4/7)                    0.713 / 0.753
    RB: scoring 25%+ over his preseason level        520  0.989 (4/7)         26.5%             +5.58% (2/7)                    0.664 / 0.683
    RB: scoring 2+ a game over his usage             415  1.041 (6/7)         23.2%             +5.17% (2/7)                    0.724 / 0.740
    RB: pass-catching (12%+ of targets)              557  0.977 (6/7)         25.0%             +1.42% (2/7)                    0.660 / 0.675
    TE: scoring 25%+ over his preseason level        356  1.054 (5/7)         33.0%             +4.04% (4/7)                    0.592 / 0.602
    WR: starting quarterback out that week           265  0.970 (4/7)         39.3%             +2.37% (4/7)                    0.516 / 0.479

  C  hardest to project (largest miss relative to what they score), top 12
    type of player                                     n  act/proj (seasons)  miss as % of avg  error vs Clay blend (seasons better)  rank order ours / Clay
    WR: under 12% of targets                         699  0.970 (4/7)         55.7%             -5.39% (4/7)                    0.262 / 0.245
    TE: under 10% of targets                         387  1.042 (3/7)         53.7%            -17.19% (5/7)                    0.256 / 0.178
    RB: committee (under 40% of carries)             786  1.094 (5/7)         50.5%            -12.66% (5/7)                    0.529 / 0.458
    RB: ADP 151+ / undrafted                         549  1.034 (3/7)         49.2%            -20.66% (6/7)                    0.471 / 0.434
    WR: ADP 151+ / undrafted                        1408  0.979 (4/7)         48.7%             -8.38% (4/7)                    0.487 / 0.447
    TE: under 60% of snaps                           442  1.058 (5/7)         48.0%            -11.87% (5/7)                    0.461 / 0.401
    WR: listed second string or lower                682  1.075 (6/7)         47.7%             -7.28% (4/7)                    0.472 / 0.452
    RB: no passing role (under 5% of targets)        452  1.103 (5/7)         47.0%            -22.56% (6/7)                    0.453 / 0.397
    WR: scoring 25%+ under his preseason level       787  0.932 (4/7)         46.5%             -1.26% (4/7)                    0.510 / 0.516
    TE: listed second string or lower                399  1.156 (6/7)         46.0%            -16.71% (4/7)                    0.462 / 0.371
    RB: scoring 25%+ under his preseason level       585  1.097 (5/7)         45.8%            -19.67% (7/7)                    0.574 / 0.475
    RB: listed second string or lower                892  1.098 (7/7)         45.5%            -11.89% (6/7)                    0.588 / 0.531

  D  every type
    type of player                                     n  act/proj (seasons)  miss as % of avg  error vs Clay blend (seasons better)  rank order ours / Clay
    QB: all                                         1251  1.008 (4/7)         20.7%            -21.03% (7/7)                    0.561 / 0.537
    QB: ADP 31-60                                    179  0.959 (5/6)         19.4%             -9.47% (4/6)                    nan / nan
    QB: ADP 61-100                                   229  1.055 (5/7)         17.8%             -5.28% (4/7)                    nan / nan
    QB: ADP 101-150                                  316  1.025 (4/7)         19.8%            -18.65% (6/7)                    0.639 / 0.587
    QB: ADP 151+ / undrafted                         418  1.011 (4/7)         24.0%            -30.52% (6/7)                    0.383 / 0.326
    QB: rookies                                      133  1.026 (3/6)         23.4%            -50.49% (5/6)                    nan / nan
    QB: second year                                  185  1.030 (3/7)         22.5%             +1.69% (4/7)                    nan / nan
    QB: age 30+                                      272  0.991 (5/7)         17.7%            -26.27% (7/7)                    nan / nan
    QB: changed teams in the off-season              157  1.023 (3/5)         28.2%             -9.00% (3/5)                    nan / nan
    QB: scoring 25%+ over his preseason level        158  1.011 (4/6)         21.7%            -14.44% (4/6)                    0.762 / 0.833
    QB: scoring 25%+ under his preseason level       135  1.094 (5/6)         26.4%            -42.15% (5/6)                    0.905 / 0.571
    QB: team implied under 19                        133  1.050 (5/6)         26.3%            -40.55% (6/6)                    nan / nan
    QB: team implied 25+                             449  1.004 (3/7)         18.8%            -17.72% (6/7)                    0.432 / 0.431
    RB: all                                         2201  1.042 (7/7)         33.1%             -9.84% (6/7)                    0.728 / 0.711
    RB: ADP 1-30                                     570  1.020 (4/7)         22.7%             -3.84% (3/7)                    0.308 / 0.295
    RB: ADP 31-60                                    301  1.079 (5/7)         31.1%             -1.26% (3/7)                    0.083 / -0.119
    RB: ADP 61-100                                   373  1.059 (5/7)         36.7%             -3.91% (6/7)                    0.578 / 0.558
    RB: ADP 101-150                                  366  1.051 (5/7)         41.4%            -18.88% (6/7)                    0.720 / 0.584
    RB: ADP 151+ / undrafted                         549  1.034 (3/7)         49.2%            -20.66% (6/7)                    0.471 / 0.434
    RB: rookies                                      379  1.137 (6/7)         38.9%            -16.57% (5/7)                    0.680 / 0.658
    RB: second year                                  374  1.108 (4/7)         36.4%            -11.87% (5/7)                    0.766 / 0.725
    RB: changed teams in the off-season              311  0.989 (3/6)         36.9%            -13.25% (4/6)                    0.801 / 0.779
    RB: scoring 25%+ over his preseason level        520  0.989 (4/7)         26.5%             +5.58% (2/7)                    0.664 / 0.683
    RB: scoring 25%+ under his preseason level       585  1.097 (5/7)         45.8%            -19.67% (7/7)                    0.574 / 0.475
    RB: scoring 2+ a game over his usage             415  1.041 (6/7)         23.2%             +5.17% (2/7)                    0.724 / 0.740
    RB: scoring 2+ a game under his usage            394  1.025 (3/7)         37.9%            -10.26% (5/7)                    0.657 / 0.674
    RB: team implied under 19                        349  1.063 (5/7)         33.1%            -15.56% (6/7)                    0.705 / 0.701
    RB: team implied 25+                             649  1.040 (4/7)         31.3%             -3.87% (4/7)                    0.771 / 0.763
    RB: listed first string                         1130  1.011 (4/7)         26.7%             -9.80% (5/7)                    0.612 / 0.602
    RB: listed second string or lower                892  1.098 (7/7)         45.5%            -11.89% (6/7)                    0.588 / 0.531
    RB: starting quarterback out that week           186  1.040 (5/7)         35.4%            -16.54% (6/7)                    0.750 / 0.550
    WR: all                                         3509  1.009 (3/7)         34.5%             -4.03% (6/7)                    0.737 / 0.730
    WR: ADP 1-30                                     506  1.008 (3/7)         26.3%             -7.87% (4/7)                    0.410 / 0.325
    WR: ADP 31-60                                    529  1.041 (7/7)         22.8%             -9.19% (6/7)                    0.293 / 0.265
    WR: ADP 61-100                                   516  1.066 (4/7)         32.9%             +4.79% (3/7)                    0.397 / 0.448
    WR: ADP 101-150                                  502  0.958 (5/7)         39.4%             +8.55% (1/7)                    0.284 / 0.506
    WR: ADP 151+ / undrafted                        1408  0.979 (4/7)         48.7%             -8.38% (4/7)                    0.487 / 0.447
    WR: rookies                                      541  1.049 (5/7)         43.7%             -4.38% (5/7)                    0.594 / 0.607
    WR: second year                                  548  1.028 (4/7)         34.3%             -7.52% (5/7)                    0.690 / 0.686
    WR: age 30+                                      216  0.965 (4/6)         33.9%             -0.87% (2/6)                    0.736 / 0.752
    WR: changed teams in the off-season              495  1.052 (4/7)         35.9%             -3.14% (4/7)                    0.713 / 0.753
    WR: scoring 25%+ over his preseason level        860  1.015 (4/7)         29.6%             -9.18% (5/7)                    0.701 / 0.696
    WR: scoring 25%+ under his preseason level       787  0.932 (4/7)         46.5%             -1.26% (4/7)                    0.510 / 0.516
    WR: scoring 2+ a game over his usage             830  1.042 (5/7)         29.6%             -3.55% (3/7)                    0.687 / 0.682
    WR: scoring 2+ a game under his usage            522  0.968 (4/7)         36.5%             -2.73% (4/7)                    0.717 / 0.736
    WR: team implied under 19                        512  1.019 (5/7)         36.1%             -4.18% (5/7)                    0.620 / 0.623
    WR: team implied 25+                            1155  1.010 (4/7)         32.7%             -3.32% (6/7)                    0.770 / 0.761
    WR: listed first string                         2746  0.998 (4/7)         32.4%             -3.85% (5/7)                    0.716 / 0.701
    WR: listed second string or lower                682  1.075 (6/7)         47.7%             -7.28% (4/7)                    0.472 / 0.452
    WR: starting quarterback out that week           265  0.970 (4/7)         39.3%             +2.37% (4/7)                    0.516 / 0.479
    TE: all                                         1535  1.078 (6/7)         37.0%            -10.19% (5/7)                    0.687 / 0.645
    TE: ADP 31-60                                    139  1.195 (6/6)         29.5%             -2.78% (3/6)                    nan / nan
    TE: ADP 61-100                                   178  0.951 (4/7)         32.3%             -8.46% (4/7)                    nan / nan
    TE: ADP 101-150                                  241  1.048 (4/7)         35.3%             -6.93% (4/7)                    nan / nan
    TE: ADP 151+ / undrafted                         917  1.100 (6/7)         41.0%            -15.73% (5/7)                    0.583 / 0.506
    TE: rookies                                      171  1.100 (4/6)         39.3%            -23.62% (4/6)                    nan / nan
    TE: second year                                  194  1.194 (6/7)         40.1%            -15.56% (4/7)                    nan / nan
    TE: age 30+                                      162  1.047 (3/6)         32.0%             -1.16% (4/6)                    nan / nan
    TE: changed teams in the off-season              228  1.065 (3/6)         44.9%            -11.93% (4/6)                    nan / nan
    TE: scoring 25%+ over his preseason level        356  1.054 (5/7)         33.0%             +4.04% (4/7)                    0.592 / 0.602
    TE: scoring 25%+ under his preseason level       425  1.102 (4/7)         41.7%            -22.01% (7/7)                    0.561 / 0.512
    TE: scoring 2+ a game over his usage             246  1.002 (3/7)         28.4%             -2.15% (4/7)                    0.700 / 0.700
    TE: scoring 2+ a game under his usage            129  1.058 (3/5)         37.0%            -12.88% (4/5)                    0.750 / 0.850
    TE: team implied under 19                        231  1.133 (5/6)         40.2%            -20.73% (6/6)                    0.407 / 0.337
    TE: team implied 25+                             495  1.076 (7/7)         35.2%             -5.08% (4/7)                    0.777 / 0.777
    TE: listed first string                         1100  1.053 (6/7)         34.0%             -7.74% (3/7)                    0.681 / 0.648
    TE: listed second string or lower                399  1.156 (6/7)         46.0%            -16.71% (4/7)                    0.462 / 0.371
    RB: committee (under 40% of carries)             786  1.094 (5/7)         50.5%            -12.66% (5/7)                    0.529 / 0.458
    RB: workhorse (65%+ of carries)                  568  1.017 (5/7)         25.5%             -7.49% (5/7)                    0.415 / 0.426
    RB: pass-catching (12%+ of targets)              557  0.977 (6/7)         25.0%             +1.42% (2/7)                    0.660 / 0.675
    RB: no passing role (under 5% of targets)        452  1.103 (5/7)         47.0%            -22.56% (6/7)                    0.453 / 0.397
    WR: alpha (27%+ of targets)                      511  1.022 (5/7)         25.0%             -5.54% (4/7)                    0.495 / 0.468
    WR: 18-27% of targets                           1286  1.021 (5/7)         28.6%             -5.59% (5/7)                    0.513 / 0.508
    WR: under 12% of targets                         699  0.970 (4/7)         55.7%             -5.39% (4/7)                    0.262 / 0.245
    TE: 18%+ of targets                              433  1.099 (6/7)         30.0%             -2.17% (4/7)                    0.533 / 0.454
    TE: under 10% of targets                         387  1.042 (3/7)         53.7%            -17.19% (5/7)                    0.256 / 0.178
    TE: under 60% of snaps                           442  1.058 (5/7)         48.0%            -11.87% (5/7)                    0.461 / 0.401

--- 7  STRUCTURAL (on top of the model as wired; judged on the rows touched, stacked in order) ---

  7a  prior weight by draft slot (x under 1 = believe the season faster)

  7a QB ADP 1-60: prior weight   (rows 266)
    pooled (seasons better at that fixed setting): x0.25: +14.15% (1)  x0.4: +7.23% (2)  x0.6: +2.93% (2)  x0.8: +0.95% (2)  x1.25: -0.52% (5)  x1.6: -0.68% (5)  x2.5: -0.27% (5)  x4.0: +0.62% (5)
    LEAVE-ONE-SEASON-OUT  +3.41%  seasons better 4/7  | top-150 weighted +3.00%  rank order +0.0595  | picks ['x1.6', 'x1.6', 'shipped', 'x4.0', 'x1.6', 'x2.5', 'x1.25']
    FORWARD 2022-25       +4.09%  seasons better 2/4  | top-150 weighted +3.68%  | picks ['x4.0', 'x1.6', 'x1.6', 'x1.25']
    rank order with x1.6: better in 1/1 seasons (pooled +0.0595)
    -> FAIL (best pooled: x1.6)

  7a QB ADP 61-100: prior weight   (rows 245)
    pooled (seasons better at that fixed setting): x0.25: +13.09% (1)  x0.4: +4.72% (1)  x0.6: +0.70% (3)  x0.8: -0.24% (3)  x1.25: +0.93% (3)  x1.6: +2.54% (3)  x2.5: +6.28% (3)  x4.0: +10.33% (3)
    LEAVE-ONE-SEASON-OUT  +2.37%  seasons better 1/7  | top-150 weighted +2.33%  rank order +nan  | picks ['x1.25', 'shipped', 'x0.8', 'x0.8', 'x0.8', 'x0.8', 'x0.8']
    FORWARD 2022-25       +6.98%  seasons better 1/4  | top-150 weighted +7.18%  | picks ['x0.6', 'x0.6', 'x0.6', 'x0.8']
    -> FAIL (best pooled: x0.8)

  7a QB ADP 101-150: prior weight   (rows 322)
    pooled (seasons better at that fixed setting): x0.25: +17.72% (1)  x0.4: +9.78% (2)  x0.6: +4.40% (2)  x0.8: +1.60% (2)  x1.25: -1.15% (5)  x1.6: -1.97% (5)  x2.5: -2.59% (5)  x4.0: -2.55% (4)
    LEAVE-ONE-SEASON-OUT  -1.59%  seasons better 4/7  | top-150 weighted -1.48%  rank order -0.0476  | picks ['x2.5', 'x2.5', 'x4.0', 'x2.5', 'x2.5', 'x4.0', 'x4.0']
    FORWARD 2022-25       -2.10%  seasons better 2/4  | top-150 weighted -2.13%  | picks ['x2.5', 'x4.0', 'x4.0', 'x4.0']
    rank order with x2.5: better in 1/2 seasons (pooled +0.0000)
    -> FAIL (best pooled: x2.5)

  7a QB ADP 151+: prior weight   (rows 418)
    pooled (seasons better at that fixed setting): x0.25: +6.07% (2)  x0.4: +2.26% (3)  x0.6: +0.43% (3)  x0.8: -0.04% (3)  x1.25: +0.31% (4)  x1.6: +0.88% (4)  x2.5: +2.20% (4)  x4.0: +3.62% (4)
    LEAVE-ONE-SEASON-OUT  +9.99%  seasons better 0/7  | top-150 weighted +nan%  rank order +nan  | picks ['x0.8', 'x0.8', 'x0.4', 'x1.25', 'x2.5', 'shipped', 'x0.6']
    FORWARD 2022-25       +12.66%  seasons better 1/4  | top-150 weighted +nan%  | picks ['x4.0', 'x4.0', 'x0.6', 'x0.6']
    -> FAIL (best pooled: x0.8)

  7a RB ADP 1-60: prior weight   (rows 887)
    pooled (seasons better at that fixed setting): x0.25: +13.72% (1)  x0.4: +8.34% (1)  x0.6: +3.99% (2)  x0.8: +1.48% (2)  x1.25: -0.99% (5)  x1.6: -1.51% (5)  x2.5: -1.02% (5)  x4.0: +0.90% (4)
    LEAVE-ONE-SEASON-OUT  -0.37%  seasons better 5/7  | top-150 weighted +0.99%  rank order -0.0020  | picks ['x2.5', 'x1.6', 'x1.6', 'x1.6', 'x1.6', 'x1.6', 'x1.6']
    FORWARD 2022-25       -1.95%  seasons better 3/4  | top-150 weighted -0.84%  | picks ['shipped', 'x1.25', 'x1.6', 'x1.6']
    rank order with x1.6: better in 4/7 seasons (pooled +0.0029)
    -> FAIL (best pooled: x1.6)

  7a RB ADP 61-100: prior weight   (rows 381)
    pooled (seasons better at that fixed setting): x0.25: +15.28% (0)  x0.4: +9.79% (0)  x0.6: +5.06% (0)  x0.8: +2.03% (0)  x1.25: -1.68% (7)  x1.6: -3.09% (7)  x2.5: -4.47% (7)  x4.0: -4.65% (6)
    LEAVE-ONE-SEASON-OUT  -4.01%  seasons better 6/7  | top-150 weighted -3.79%  rank order -0.0149  | picks ['x4.0', 'x4.0', 'x2.5', 'x4.0', 'x4.0', 'x2.5', 'x4.0']
    FORWARD 2022-25       -3.81%  seasons better 3/4  | top-150 weighted -3.30%  | picks ['x4.0', 'x4.0', 'x2.5', 'x4.0']
    rank order with x4.0: better in 1/3 seasons (pooled -0.0184)
    -> PASS: x4.0

  7a RB ADP 101-150: prior weight   (rows 384)
    pooled (seasons better at that fixed setting): x0.25: +13.68% (1)  x0.4: +7.82% (1)  x0.6: +3.41% (2)  x0.8: +1.12% (3)  x1.25: -0.49% (4)  x1.6: -0.31% (3)  x2.5: +1.71% (2)  x4.0: +5.34% (2)
    LEAVE-ONE-SEASON-OUT  +0.37%  seasons better 4/7  | top-150 weighted +0.44%  rank order +0.0022  | picks ['x1.25', 'x1.25', 'x1.25', 'x1.6', 'x1.25', 'x1.6', 'x1.25']
    FORWARD 2022-25       +4.90%  seasons better 1/4  | top-150 weighted +5.07%  | picks ['x4.0', 'x2.5', 'x1.6', 'x1.25']
    rank order with x1.25: better in 1/3 seasons (pooled +0.0023)
    -> FAIL (best pooled: x1.25)

  7a RB ADP 151+: prior weight   (rows 549)
    pooled (seasons better at that fixed setting): x0.25: +10.47% (1)  x0.4: +5.52% (1)  x0.6: +2.08% (2)  x0.8: +0.54% (2)  x1.25: +0.07% (5)  x1.6: +0.83% (4)  x2.5: +3.69% (4)  x4.0: +7.89% (2)
    LEAVE-ONE-SEASON-OUT  +3.07%  seasons better 0/7  | top-150 weighted +nan%  rank order +nan  | picks ['shipped', 'shipped', 'shipped', 'x0.8', 'x1.6', 'shipped', 'shipped']
    FORWARD 2022-25       +5.37%  seasons better 1/4  | top-150 weighted +nan%  | picks ['x1.6', 'x2.5', 'shipped', 'shipped']
    -> FAIL (best pooled: shipped)

  7a WR ADP 1-60: prior weight   (rows 1,060)
    pooled (seasons better at that fixed setting): x0.25: +10.45% (0)  x0.4: +5.35% (2)  x0.6: +2.05% (2)  x0.8: +0.58% (3)  x1.25: -0.13% (4)  x1.6: +0.19% (4)  x2.5: +1.65% (3)  x4.0: +3.78% (2)
    LEAVE-ONE-SEASON-OUT  +0.71%  seasons better 2/7  | top-150 weighted +1.08%  rank order -0.0019  | picks ['x1.25', 'x1.25', 'x1.25', 'shipped', 'x1.25', 'shipped', 'x1.6']
    FORWARD 2022-25       +0.92%  seasons better 2/4  | top-150 weighted +1.13%  | picks ['x0.8', 'x1.25', 'x1.25', 'x1.6']
    rank order with x1.25: better in 4/7 seasons (pooled +0.0043)
    -> FAIL (best pooled: x1.25)

  7a WR ADP 61-100: prior weight   (rows 524)
    pooled (seasons better at that fixed setting): x0.25: -3.72% (5)  x0.4: -4.10% (6)  x0.6: -3.12% (6)  x0.8: -1.61% (7)  x1.25: +1.92% (0)  x1.6: +4.31% (0)  x2.5: +8.90% (0)  x4.0: +13.48% (0)
    LEAVE-ONE-SEASON-OUT  -2.64%  seasons better 6/7  | top-150 weighted -2.48%  rank order +0.0375  | picks ['x0.4', 'x0.4', 'x0.4', 'x0.4', 'x0.4', 'x0.4', 'x0.25']
    FORWARD 2022-25       -2.38%  seasons better 2/4  | top-150 weighted -1.84%  | picks ['x0.25', 'x0.25', 'x0.25', 'x0.25']
    rank order with x0.4: better in 2/5 seasons (pooled +0.0377)
    -> FAIL (best pooled: x0.4)

  7a WR ADP 101-150: prior weight   (rows 517)
    pooled (seasons better at that fixed setting): x0.25: +4.12% (3)  x0.4: +1.01% (3)  x0.6: -0.38% (3)  x0.8: -0.46% (4)  x1.25: +0.86% (3)  x1.6: +2.18% (3)  x2.5: +5.15% (2)  x4.0: +8.44% (1)
    LEAVE-ONE-SEASON-OUT  +1.05%  seasons better 3/7  | top-150 weighted +0.82%  rank order +0.0264  | picks ['x0.8', 'x0.6', 'x0.6', 'x0.8', 'shipped', 'x0.8', 'x0.6']
    FORWARD 2022-25       +1.16%  seasons better 1/4  | top-150 weighted +0.96%  | picks ['x1.6', 'shipped', 'x0.6', 'x0.6']
    rank order with x0.8: better in 3/5 seasons (pooled +0.0194)
    -> FAIL (best pooled: x0.8)

  7a WR ADP 151+: prior weight   (rows 1,408)
    pooled (seasons better at that fixed setting): x0.25: +7.69% (1)  x0.4: +3.74% (1)  x0.6: +1.31% (2)  x0.8: +0.33% (4)  x1.25: +0.03% (3)  x1.6: +0.41% (3)  x2.5: +1.73% (2)  x4.0: +3.50% (2)
    LEAVE-ONE-SEASON-OUT  +0.36%  seasons better 0/7  | top-150 weighted +nan%  rank order +nan  | picks ['shipped', 'x1.25', 'x1.25', 'shipped', 'x1.25', 'x1.25', 'shipped']
    FORWARD 2022-25       +0.10%  seasons better 0/4  | top-150 weighted +nan%  | picks ['shipped', 'x1.25', 'shipped', 'shipped']
    -> FAIL (best pooled: shipped)

  7a TE ADP 1-60: prior weight   (rows 199)
    pooled (seasons better at that fixed setting): x0.25: +11.82% (2)  x0.4: +6.21% (2)  x0.6: +2.50% (3)  x0.8: +0.78% (3)  x1.25: -0.32% (4)  x1.6: -0.22% (4)  x2.5: +0.84% (4)  x4.0: +2.55% (4)
    LEAVE-ONE-SEASON-OUT  +4.76%  seasons better 2/7  | top-150 weighted +4.54%  rank order +nan  | picks ['x1.25', 'x2.5', 'x1.6', 'shipped', 'x1.25', 'x0.8', 'x1.6']
    FORWARD 2022-25       +8.33%  seasons better 0/4  | top-150 weighted +8.04%  | picks ['x0.4', 'x0.8', 'x0.8', 'x1.6']
    -> FAIL (best pooled: x1.25)

  7a TE ADP 61-100: prior weight   (rows 178)
    pooled (seasons better at that fixed setting): x0.25: +3.08% (4)  x0.4: -0.46% (4)  x0.6: -1.59% (4)  x0.8: -1.10% (4)  x1.25: +1.63% (3)  x1.6: +3.91% (3)  x2.5: +8.72% (2)  x4.0: +13.80% (2)
    LEAVE-ONE-SEASON-OUT  +3.14%  seasons better 4/7  | top-150 weighted +3.78%  rank order +nan  | picks ['x0.6', 'x0.8', 'x0.6', 'x0.4', 'x0.6', 'x0.8', 'x0.8']
    FORWARD 2022-25       +4.77%  seasons better 2/4  | top-150 weighted +5.91%  | picks ['x0.6', 'x1.25', 'x1.25', 'x0.8']
    -> FAIL (best pooled: x0.6)

  7a TE ADP 101-150: prior weight   (rows 241)
    pooled (seasons better at that fixed setting): x0.25: +12.91% (1)  x0.4: +6.36% (2)  x0.6: +2.27% (3)  x0.8: +0.58% (3)  x1.25: +0.02% (4)  x1.6: +0.63% (3)  x2.5: +2.82% (3)  x4.0: +5.78% (3)
    LEAVE-ONE-SEASON-OUT  +3.28%  seasons better 0/7  | top-150 weighted +2.99%  rank order +nan  | picks ['x1.6', 'x1.25', 'x1.25', 'shipped', 'shipped', 'shipped', 'x0.8']
    FORWARD 2022-25       +5.18%  seasons better 0/4  | top-150 weighted +5.22%  | picks ['x0.4', 'x0.6', 'x0.8', 'x0.8']
    -> FAIL (best pooled: shipped)

  7a TE ADP 151+: prior weight   (rows 917)
    pooled (seasons better at that fixed setting): x0.25: +12.47% (0)  x0.4: +6.22% (0)  x0.6: +2.28% (2)  x0.8: +0.61% (3)  x1.25: -0.05% (2)  x1.6: +0.45% (2)  x2.5: +2.39% (2)  x4.0: +5.07% (2)
    LEAVE-ONE-SEASON-OUT  +0.61%  seasons better 0/7  | top-150 weighted +nan%  rank order +nan  | picks ['x1.25', 'x1.25', 'x1.25', 'shipped', 'shipped', 'x1.25', 'x1.25']
    FORWARD 2022-25       +0.69%  seasons better 0/4  | top-150 weighted +nan%  | picks ['x0.8', 'shipped', 'x1.25', 'x1.25']
    -> FAIL (best pooled: x1.25)

  7b  prior weight when the season so far is above (hot) / below (cold) the preseason level

  7b QB: hot / cold prior weight   (rows 1,251)
    pooled (seasons better at that fixed setting): hot x0.5 / cold x0.5: +3.40% (2)  hot x0.5 / cold x0.75: +1.72% (4)  hot x0.5 / cold x1.0: +1.00% (3)  hot x0.5 / cold x1.5: +0.54% (2)  hot x0.5 / cold x2.0: +0.48% (2)  hot x0.75 / cold x0.5: +2.47% (2)  hot x0.75 / cold x0.75: +0.79% (2)  hot x0.75 / cold x1.0: +0.07% (3)  hot x0.75 / cold x1.5: -0.39% (4)  hot x0.75 / cold x2.0: -0.45% (4)  hot x1.0 / cold x0.5: +2.40% (2)  hot x1.0 / cold x0.75: +0.71% (2)  hot x1.0 / cold x1.5: -0.46% (5)  hot x1.0 / cold x2.0: -0.52% (5)  hot x1.5 / cold x0.5: +2.92% (2)  hot x1.5 / cold x0.75: +1.23% (2)  hot x1.5 / cold x1.0: +0.52% (2)  hot x1.5 / cold x1.5: +0.06% (2)  hot x1.5 / cold x2.0: +0.00% (4)  hot x2.0 / cold x0.5: +3.56% (2)  hot x2.0 / cold x0.75: +1.88% (3)  hot x2.0 / cold x1.0: +1.16% (2)  hot x2.0 / cold x1.5: +0.70% (2)  hot x2.0 / cold x2.0: +0.64% (2)
    LEAVE-ONE-SEASON-OUT  +0.49%  seasons better 4/7  | top-150 weighted +0.08%  rank order -0.0032  | picks ['hot x1.0 / cold x1.5', 'hot x1.0 / cold x2.0', 'hot x0.75 / cold x2.0', 'hot x1.0 / cold x2.0', 'hot x1.0 / cold x2.0', 'hot x1.0 / cold x1.5', 'hot x0.75 / cold x1.5']
    FORWARD 2022-25       +1.53%  seasons better 1/4  | top-150 weighted +0.59%  | picks ['hot x1.5 / cold x2.0', 'hot x1.0 / cold x2.0', 'shipped', 'hot x0.75 / cold x1.5']
    rank order with hot x1.0 / cold x2.0: better in 2/7 seasons (pooled -0.0085)
    -> FAIL (best pooled: hot x1.0 / cold x2.0)

  7b RB: hot / cold prior weight   (rows 2,201)
    pooled (seasons better at that fixed setting): hot x0.5 / cold x0.5: +4.35% (1)  hot x0.5 / cold x0.75: +2.65% (2)  hot x0.5 / cold x1.0: +1.71% (3)  hot x0.5 / cold x1.5: +0.82% (5)  hot x0.5 / cold x2.0: +0.51% (5)  hot x0.75 / cold x0.5: +3.01% (1)  hot x0.75 / cold x0.75: +1.31% (2)  hot x0.75 / cold x1.0: +0.37% (4)  hot x0.75 / cold x1.5: -0.52% (5)  hot x0.75 / cold x2.0: -0.83% (5)  hot x1.0 / cold x0.5: +2.64% (1)  hot x1.0 / cold x0.75: +0.94% (1)  hot x1.0 / cold x1.5: -0.89% (5)  hot x1.0 / cold x2.0: -1.20% (5)  hot x1.5 / cold x0.5: +3.02% (1)  hot x1.5 / cold x0.75: +1.32% (2)  hot x1.5 / cold x1.0: +0.37% (3)  hot x1.5 / cold x1.5: -0.51% (5)  hot x1.5 / cold x2.0: -0.83% (5)  hot x2.0 / cold x0.5: +3.86% (2)  hot x2.0 / cold x0.75: +2.16% (2)  hot x2.0 / cold x1.0: +1.22% (3)  hot x2.0 / cold x1.5: +0.33% (4)  hot x2.0 / cold x2.0: +0.01% (4)
    LEAVE-ONE-SEASON-OUT  -0.30%  seasons better 4/7  | top-150 weighted -0.63%  rank order +0.0000  | picks ['hot x1.0 / cold x2.0', 'hot x1.0 / cold x2.0', 'hot x1.0 / cold x2.0', 'hot x1.0 / cold x2.0', 'hot x1.5 / cold x2.0', 'hot x0.75 / cold x2.0', 'hot x1.0 / cold x2.0']
    FORWARD 2022-25       -1.19%  seasons better 3/4  | top-150 weighted -0.91%  | picks ['hot x1.0 / cold x2.0', 'hot x1.0 / cold x2.0', 'hot x1.0 / cold x2.0', 'hot x1.0 / cold x2.0']
    rank order with hot x1.0 / cold x2.0: better in 3/7 seasons (pooled +0.0005)
    -> FAIL (best pooled: hot x1.0 / cold x2.0)

  7b WR: hot / cold prior weight   (rows 3,509)
    pooled (seasons better at that fixed setting): hot x0.5 / cold x0.5: +1.25% (3)  hot x0.5 / cold x0.75: +0.59% (3)  hot x0.5 / cold x1.0: +0.52% (4)  hot x0.5 / cold x1.5: +0.94% (4)  hot x0.5 / cold x2.0: +1.48% (3)  hot x0.75 / cold x0.5: +0.69% (2)  hot x0.75 / cold x0.75: +0.02% (4)  hot x0.75 / cold x1.0: -0.04% (4)  hot x0.75 / cold x1.5: +0.37% (4)  hot x0.75 / cold x2.0: +0.92% (3)  hot x1.0 / cold x0.5: +0.73% (2)  hot x1.0 / cold x0.75: +0.06% (2)  hot x1.0 / cold x1.5: +0.41% (3)  hot x1.0 / cold x2.0: +0.96% (3)  hot x1.5 / cold x0.5: +1.34% (2)  hot x1.5 / cold x0.75: +0.67% (2)  hot x1.5 / cold x1.0: +0.61% (3)  hot x1.5 / cold x1.5: +1.02% (2)  hot x1.5 / cold x2.0: +1.57% (1)  hot x2.0 / cold x0.5: +2.06% (2)  hot x2.0 / cold x0.75: +1.40% (2)  hot x2.0 / cold x1.0: +1.34% (2)  hot x2.0 / cold x1.5: +1.75% (2)  hot x2.0 / cold x2.0: +2.30% (1)
    LEAVE-ONE-SEASON-OUT  +1.13%  seasons better 0/7  | top-150 weighted +0.80%  rank order -0.0016  | picks ['hot x0.75 / cold x1.0', 'shipped', 'shipped', 'hot x0.75 / cold x0.75', 'hot x0.75 / cold x1.5', 'hot x1.0 / cold x0.75', 'hot x1.0 / cold x0.75']
    FORWARD 2022-25       +1.19%  seasons better 0/4  | top-150 weighted +1.61%  | picks ['hot x0.75 / cold x0.75', 'shipped', 'hot x1.0 / cold x0.5', 'hot x1.0 / cold x0.75']
    rank order with hot x0.75 / cold x1.0: better in 5/7 seasons (pooled +0.0009)
    -> FAIL (best pooled: hot x0.75 / cold x1.0)

  7b TE: hot / cold prior weight   (rows 1,535)
    pooled (seasons better at that fixed setting): hot x0.5 / cold x0.5: +3.34% (1)  hot x0.5 / cold x0.75: +0.76% (3)  hot x0.5 / cold x1.0: -0.56% (4)  hot x0.5 / cold x1.5: -1.71% (4)  hot x0.5 / cold x2.0: -2.11% (4)  hot x0.75 / cold x0.5: +3.29% (1)  hot x0.75 / cold x0.75: +0.71% (3)  hot x0.75 / cold x1.0: -0.61% (5)  hot x0.75 / cold x1.5: -1.76% (7)  hot x0.75 / cold x2.0: -2.16% (5)  hot x1.0 / cold x0.5: +3.90% (1)  hot x1.0 / cold x0.75: +1.32% (1)  hot x1.0 / cold x1.5: -1.15% (4)  hot x1.0 / cold x2.0: -1.55% (4)  hot x1.5 / cold x0.5: +5.53% (0)  hot x1.5 / cold x0.75: +2.95% (0)  hot x1.5 / cold x1.0: +1.63% (2)  hot x1.5 / cold x1.5: +0.48% (3)  hot x1.5 / cold x2.0: +0.08% (3)  hot x2.0 / cold x0.5: +7.05% (0)  hot x2.0 / cold x0.75: +4.47% (1)  hot x2.0 / cold x1.0: +3.16% (1)  hot x2.0 / cold x1.5: +2.00% (2)  hot x2.0 / cold x2.0: +1.60% (2)
    LEAVE-ONE-SEASON-OUT  -1.53%  seasons better 4/7  | top-150 weighted -1.36%  rank order -0.0057  | picks ['hot x0.5 / cold x2.0', 'hot x0.75 / cold x2.0', 'hot x0.5 / cold x2.0', 'hot x0.5 / cold x2.0', 'hot x0.5 / cold x2.0', 'hot x0.75 / cold x2.0', 'hot x0.75 / cold x2.0']
    FORWARD 2022-25       -1.50%  seasons better 3/4  | top-150 weighted -1.27%  | picks ['hot x0.5 / cold x1.0', 'hot x0.75 / cold x1.5', 'hot x0.75 / cold x2.0', 'hot x0.75 / cold x2.0']
    rank order with hot x0.75 / cold x2.0: better in 3/7 seasons (pooled -0.0026)
    -> FAIL (best pooled: hot x0.75 / cold x2.0)

  7c  late-round receivers (ADP 101+): what the number is built from

  7c WR ADP 101-150: usage weight in the evidence   (rows 517)
    pooled (seasons better at that fixed setting): usage weight 0.0: -3.70% (4)  usage weight 0.25: -3.11% (5)  usage weight 0.5: -0.38% (4)  usage weight 0.75: +4.48% (1)  usage weight 1.0: +11.47% (1)
    LEAVE-ONE-SEASON-OUT  -2.28%  seasons better 4/7  | top-150 weighted -1.64%  rank order +0.1640  | picks ['usage weight 0.0', 'usage weight 0.25', 'usage weight 0.25', 'usage weight 0.0', 'usage weight 0.0', 'usage weight 0.0', 'usage weight 0.0']
    FORWARD 2022-25       -2.63%  seasons better 2/4  | top-150 weighted -1.86%  | picks ['usage weight 0.0', 'usage weight 0.0', 'usage weight 0.0', 'usage weight 0.0']
    rank order with usage weight 0.0: better in 4/5 seasons (pooled +0.1686)
    -> FAIL (best pooled: usage weight 0.0)

  7c WR ADP 101-150: target share tilt   (rows 486)
    pooled (seasons better at that fixed setting): e 0.03: -0.82% (5)  e 0.06: -0.45% (4)  e 0.1: +1.90% (3)
    LEAVE-ONE-SEASON-OUT  +0.46%  seasons better 5/7  | top-150 weighted +0.46%  rank order -0.0124  | picks ['e 0.03', 'e 0.03', 'e 0.03', 'e 0.06', 'e 0.03', 'e 0.03', 'e 0.03']
    FORWARD 2022-25       +2.50%  seasons better 1/4  | top-150 weighted +2.48%  | picks ['e 0.06', 'shipped', 'e 0.03', 'e 0.03']
    rank order with e 0.03: better in 3/5 seasons (pooled -0.0047)
    -> FAIL (best pooled: e 0.03)

  7c WR ADP 101-150: season snap share tilt   (rows 486)
    pooled (seasons better at that fixed setting): e 0.03: +0.10% (3)  e 0.06: +1.14% (2)  e 0.1: +3.96% (1)
    LEAVE-ONE-SEASON-OUT  +1.14%  seasons better 0/7  | top-150 weighted +1.18%  rank order +0.0040  | picks ['e 0.03', 'e 0.03', 'shipped', 'shipped', 'shipped', 'shipped', 'e 0.03']
    FORWARD 2022-25       +0.67%  seasons better 0/4  | top-150 weighted +0.68%  | picks ['shipped', 'shipped', 'shipped', 'e 0.03']
    -> FAIL (best pooled: shipped)

  7c WR ADP 101-150: air-yard share tilt   (rows 486)
    pooled (seasons better at that fixed setting): e 0.03: -0.41% (3)  e 0.06: +0.43% (2)  e 0.1: +3.51% (2)
    LEAVE-ONE-SEASON-OUT  +2.99%  seasons better 1/7  | top-150 weighted +3.20%  rank order +0.0060  | picks ['e 0.03', 'e 0.06', 'e 0.03', 'e 0.03', 'shipped', 'shipped', 'e 0.03']
    FORWARD 2022-25       +0.55%  seasons better 0/4  | top-150 weighted +0.57%  | picks ['shipped', 'shipped', 'shipped', 'e 0.03']
    rank order with e 0.03: better in 3/5 seasons (pooled +0.0091)
    -> FAIL (best pooled: e 0.03)

  7c WR ADP 101-150: listed first string   (rows 421)
    pooled (seasons better at that fixed setting): x1.04: +3.39% (1)  x1.08: +9.04% (1)  x0.96: -1.11% (4)
    LEAVE-ONE-SEASON-OUT  +0.05%  seasons better 3/7  | top-150 weighted +0.05%  rank order +0.0000  | picks ['x0.96', 'x0.96', 'x0.96', 'x0.96', 'x0.96', 'x0.96', 'shipped']
    FORWARD 2022-25       +0.74%  seasons better 2/4  | top-150 weighted +0.78%  | picks ['x0.96', 'x0.96', 'x0.96', 'shipped']
    rank order with x0.96: better in 0/4 seasons (pooled +0.0000)
    -> FAIL (best pooled: x0.96)

  7c WR ADP 101-150: listed second string or lower   (rows 74)
    pooled (seasons better at that fixed setting): x0.92: -4.40% (3)  x0.96: -3.90% (3)  x1.04: +7.29% (0)
    LEAVE-ONE-SEASON-OUT  +0.22%  seasons better 3/7  | top-150 weighted -0.61%  rank order +nan  | picks ['x0.96', 'x0.92', 'x0.92', 'x0.96', 'x0.92', 'x0.96', 'x0.92']
    FORWARD 2022-25       -2.92%  seasons better 2/4  | top-150 weighted -3.64%  | picks ['x0.96', 'x0.92', 'x0.92', 'x0.92']
    -> FAIL (best pooled: x0.92)

  7c WR ADP 151+: usage weight in the evidence   (rows 1,408)
    pooled (seasons better at that fixed setting): usage weight 0.0: +1.47% (3)  usage weight 0.25: +0.24% (3)  usage weight 0.5: +0.06% (4)  usage weight 0.75: +0.93% (2)  usage weight 1.0: +2.84% (2)
    LEAVE-ONE-SEASON-OUT  +1.37%  seasons better 0/7  | top-150 weighted +nan%  rank order +nan  | picks ['usage weight 0.5', 'shipped', 'shipped', 'shipped', 'usage weight 0.5', 'shipped', 'usage weight 0.25']
    FORWARD 2022-25       +3.23%  seasons better 1/4  | top-150 weighted +nan%  | picks ['usage weight 0.0', 'usage weight 0.0', 'usage weight 0.25', 'usage weight 0.25']
    -> FAIL (best pooled: shipped)

  7c WR ADP 151+: target share tilt   (rows 1,373)
    pooled (seasons better at that fixed setting): e 0.03: +1.71% (1)  e 0.06: +4.43% (1)  e 0.1: +9.62% (1)
    LEAVE-ONE-SEASON-OUT  +0.00%  seasons better 0/7  | top-150 weighted +nan%  rank order +nan  | picks ['shipped', 'shipped', 'shipped', 'shipped', 'shipped', 'shipped', 'shipped']
    FORWARD 2022-25       +0.00%  seasons better 0/4  | top-150 weighted +nan%  | picks ['shipped', 'shipped', 'shipped', 'shipped']
    -> FAIL (best pooled: shipped)

  7c WR ADP 151+: season snap share tilt   (rows 1,373)
    pooled (seasons better at that fixed setting): e 0.03: +2.09% (1)  e 0.06: +4.98% (1)  e 0.1: +10.09% (1)
    LEAVE-ONE-SEASON-OUT  +0.00%  seasons better 0/7  | top-150 weighted +nan%  rank order +nan  | picks ['shipped', 'shipped', 'shipped', 'shipped', 'shipped', 'shipped', 'shipped']
    FORWARD 2022-25       +0.00%  seasons better 0/4  | top-150 weighted +nan%  | picks ['shipped', 'shipped', 'shipped', 'shipped']
    -> FAIL (best pooled: shipped)

  7c WR ADP 151+: air-yard share tilt   (rows 1,373)
    pooled (seasons better at that fixed setting): e 0.03: +1.70% (2)  e 0.06: +4.35% (1)  e 0.1: +9.37% (0)
    LEAVE-ONE-SEASON-OUT  +0.00%  seasons better 0/7  | top-150 weighted +nan%  rank order +nan  | picks ['shipped', 'shipped', 'shipped', 'shipped', 'shipped', 'shipped', 'shipped']
    FORWARD 2022-25       +0.00%  seasons better 0/4  | top-150 weighted +nan%  | picks ['shipped', 'shipped', 'shipped', 'shipped']
    -> FAIL (best pooled: shipped)

  7c WR ADP 151+: listed first string   (rows 831)
    pooled (seasons better at that fixed setting): x1.04: +4.75% (1)  x1.08: +11.32% (0)  x0.96: -2.93% (5)
    LEAVE-ONE-SEASON-OUT  -2.93%  seasons better 5/7  | top-150 weighted +nan%  rank order +nan  | picks ['x0.96', 'x0.96', 'x0.96', 'x0.96', 'x0.96', 'x0.96', 'x0.96']
    FORWARD 2022-25       -1.39%  seasons better 2/4  | top-150 weighted +nan%  | picks ['x0.96', 'x0.96', 'x0.96', 'x0.96']
    -> FAIL (best pooled: x0.96)

  7c WR ADP 151+: listed second string or lower   (rows 555)
    pooled (seasons better at that fixed setting): x0.92: +7.80% (1)  x0.96: +3.35% (2)  x1.04: -2.25% (5)
    LEAVE-ONE-SEASON-OUT  -2.25%  seasons better 5/7  | top-150 weighted +nan%  rank order +nan  | picks ['x1.04', 'x1.04', 'x1.04', 'x1.04', 'x1.04', 'x1.04', 'x1.04']
    FORWARD 2022-25       -2.14%  seasons better 3/4  | top-150 weighted +nan%  | picks ['x1.04', 'x1.04', 'x1.04', 'x1.04']
    -> FAIL (best pooled: x1.04)

  7d  quarterbacks

  7d second-year QB: prior weight   (rows 185)
    pooled (seasons better at that fixed setting): x0.5: -4.38% (3)  x0.75: -2.45% (5)  x1.5: +4.41% (1)  x2.0: +7.79% (1)
    LEAVE-ONE-SEASON-OUT  -1.72%  seasons better 3/7  | top-150 weighted -2.53%  rank order +nan  | picks ['x0.75', 'x0.5', 'x0.5', 'x0.5', 'x0.5', 'x0.5', 'x0.5']
    FORWARD 2022-25       -0.07%  seasons better 2/4  | top-150 weighted +0.16%  | picks ['x0.5', 'x0.5', 'x0.5', 'x0.5']
    -> FAIL (best pooled: x0.5)

  7d second-year QB: prior pulled toward the ADP curve   (rows 164)
    pooled (seasons better at that fixed setting): w 0.25: +1.53% (3)  w 0.5: +3.31% (3)  w 0.75: +5.36% (3)
    LEAVE-ONE-SEASON-OUT  +0.00%  seasons better 0/7  | top-150 weighted +0.00%  rank order +nan  | picks ['shipped', 'shipped', 'shipped', 'shipped', 'shipped', 'shipped', 'shipped']
    FORWARD 2022-25       +1.27%  seasons better 0/4  | top-150 weighted +0.00%  | picks ['shipped', 'w 0.5', 'shipped', 'shipped']
    -> FAIL (best pooled: shipped)

  7d QB ADP 31-60: level   (rows 179)
    pooled (seasons better at that fixed setting): x0.97: -4.24% (3)  x0.94: -3.26% (3)
    LEAVE-ONE-SEASON-OUT  +0.13%  seasons better 3/7  | top-150 weighted +0.11%  rank order +nan  | picks ['x0.97', 'x0.97', 'x0.97', 'x0.94', 'x0.94', 'x0.97', 'x0.97']
    FORWARD 2022-25       +2.28%  seasons better 1/4  | top-150 weighted +1.82%  | picks ['x0.94', 'x0.97', 'x0.97', 'x0.97']
    -> FAIL (best pooled: x0.97)

  7e  tight ends ADP 31-60, small-role running backs

  7e TE ADP 31-60: level   (rows 139)
    pooled (seasons better at that fixed setting): x1.05: -14.31% (6)  x1.1: -24.53% (6)  x1.15: -30.67% (6)  x1.2: -32.72% (5)
    LEAVE-ONE-SEASON-OUT  -29.33%  seasons better 5/7  | top-150 weighted -30.47%  rank order +nan  | picks ['x1.2', 'x1.2', 'x1.2', 'x1.2', 'x1.2', 'x1.2', 'x1.15']
    FORWARD 2022-25       -43.24%  seasons better 4/4  | top-150 weighted -42.38%  | picks ['x1.15', 'x1.15', 'x1.15', 'x1.15']
    -> PASS: x1.2

  7e RB listed second string or lower: level   (rows 892)
    pooled (seasons better at that fixed setting): x1.03: -1.92% (4)  x1.06: -3.01% (4)  x1.09: -3.24% (4)
    LEAVE-ONE-SEASON-OUT  -2.21%  seasons better 4/7  | top-150 weighted -6.90%  rank order +0.0000  | picks ['x1.09', 'x1.09', 'x1.06', 'x1.06', 'x1.09', 'x1.09', 'x1.06']
    FORWARD 2022-25       -2.79%  seasons better 3/4  | top-150 weighted -7.24%  | picks ['x1.06', 'x1.09', 'x1.06', 'x1.06']
    rank order with x1.09: better in 0/6 seasons (pooled +0.0000)
    -> FAIL (best pooled: x1.09)

  7e RB committee (under 40% of carries): level   (rows 786)
    pooled (seasons better at that fixed setting): x1.03: -1.03% (5)  x1.06: -1.37% (4)
    LEAVE-ONE-SEASON-OUT  -0.16%  seasons better 4/7  | top-150 weighted -2.61%  rank order +0.0000  | picks ['x1.06', 'x1.06', 'x1.06', 'x1.03', 'x1.06', 'x1.06', 'x1.03']
    FORWARD 2022-25       -0.40%  seasons better 2/4  | top-150 weighted -1.60%  | picks ['x1.03', 'x1.06', 'x1.06', 'x1.03']
    rank order with x1.06: better in 0/5 seasons (pooled +0.0000)
    -> FAIL (best pooled: x1.06)

  STACKED after section 7 (vs the model as wired | vs the Clay blend):
  picks: {'P_RB_ADP 61-100': 'x4.0', 'te_3160': 'x1.2'}
    everyone                       n  8496   -0.87% (5/7) | -11.06% (7/7; was -10.27%)  | act/proj 1.022 (was 1.025)  | rank order 0.685 (was 0.683, Clay blend 0.661)
    top-150                        n  5204   -1.28% (5/7) |  -7.65% (6/7; was  -6.45%)  | act/proj 1.023 (was 1.027)  | rank order 0.601 (was 0.596, Clay blend 0.575)
    QB                             n  1251   +0.00% (0/7) | -21.03% (7/7; was -21.03%)  | act/proj 1.008 (was 1.008)  | rank order 0.561 (was 0.561, Clay blend 0.537)
    RB                             n  2201   -0.88% (6/7) | -10.63% (6/7; was  -9.84%)  | act/proj 1.042 (was 1.042)  | rank order 0.734 (was 0.728, Clay blend 0.711)
    WR                             n  3509   +0.00% (0/7) |  -4.03% (6/7; was  -4.03%)  | act/proj 1.009 (was 1.009)  | rank order 0.737 (was 0.737, Clay blend 0.730)
    TE                             n  1535   -4.99% (5/7) | -14.67% (5/7; was -10.19%)  | act/proj 1.050 (was 1.078)  | rank order 0.689 (was 0.687, Clay blend 0.645)
    WR ADP 101-150                 n   517   +0.00% (0/7) |  +7.91% (1/7; was  +7.91%)  | act/proj 0.963 (was 0.963)  | rank order 0.272 (was 0.272, Clay blend 0.473)
    WR ADP 61-100                  n   524   +0.00% (0/7) |  +5.41% (3/7; was  +5.41%)  | act/proj 1.061 (was 1.061)  | rank order 0.399 (was 0.399, Clay blend 0.471)
    RB 25%+ over preseason level   n   520   -1.09% (5/7) |  +4.43% (2/7; was  +5.58%)  | act/proj 1.005 (was 0.989)  | rank order 0.675 (was 0.664, Clay blend 0.683)
    RB scoring 2+ over usage       n   415   +2.06% (2/7) |  +7.34% (2/7; was  +5.17%)  | act/proj 1.044 (was 1.041)  | rank order 0.717 (was 0.724, Clay blend 0.740)
    second-year QB                 n   185   +0.00% (0/7) |  +1.69% (4/7; was  +1.69%)  | act/proj 1.030 (was 1.030)  | rank order nan (was nan, Clay blend nan)
    WR 25%+ under preseason level  n   787   +0.00% (0/7) |  -1.26% (4/7; was  -1.26%)  | act/proj 0.932 (was 0.932)  | rank order 0.510 (was 0.510, Clay blend 0.516)
    RB rookies                     n   379   -3.22% (6/7) | -19.25% (5/7; was -16.57%)  | act/proj 1.126 (was 1.137)  | rank order 0.691 (was 0.680, Clay blend 0.658)
    TE ADP 31-60                   n   139  -32.72% (5/7) | -34.59% (6/7; was  -2.78%)  | act/proj 0.996 (was 1.195)  | rank order nan (was nan, Clay blend nan)

--- 8  INSIDE THE WEAK SPOTS (model as wired through v2.27) ---

  RB running 25%+ over preseason level: n 520, actual / projected 1.001, error vs Clay blend +4.17% (better 2/7), rank order 0.675 vs 0.683
    lines up with the miss (+ = scored more than projected): Clay blend minus ours +0.26 (6/7); pc_rb1_car +0.18 (6/6); points minus usage evidence +0.15 (6/7); ol_pb_full +0.14 (5/6); proe_std +0.14 (4/7); pts_over_xfp +0.14 (5/7); yprr_zone +0.13 (5/7); ol_pb_now +0.13 (6/6); snap_trend -0.13 (7/7)
    lines up with the Clay blend being closer: jm +0.16 (5/7); tgt_sh_py +0.14 (6/7); pc_rb1_car +0.14 (6/6); att_pg +0.13 (3/3); ADP (log) -0.12 (4/7); yprr_man +0.12 (5/7); draft_pick -0.11 (4/7); inherit_car -0.11 (5/7); wopr +0.10 (4/7)

  RB rookies: n 379, actual / projected 1.129, error vs Clay blend -18.56% (better 5/7), rank order 0.675 vs 0.658
    lines up with the miss (+ = scored more than projected): yprr_man +0.41 (3/4); pc_te_tgt +0.30 (6/7); Clay blend minus ours +0.26 (6/7); age +0.26 (5/7); gl_car_sh -0.23 (6/7); ol_pb_now +0.20 (4/6); ol_pb_full +0.20 (5/6); ol_rb_now +0.18 (5/6); points minus usage evidence -0.18 (5/7)
    lines up with the Clay blend being closer: jm +0.36 (7/7); age -0.34 (6/7); draft_pick -0.33 (6/7); Clay blend minus ours +0.30 (6/7); ADP (log) -0.29 (6/7); snap_trend -0.26 (5/7); preseason level (prior) +0.23 (6/7); car_trend -0.20 (4/7); pts_over_xfp +0.20 (4/7)

  RB listed second string or lower: n 892, actual / projected 1.092, error vs Clay blend -12.89% (better 6/7), rank order 0.590 vs 0.531
    lines up with the miss (+ = scored more than projected): ADP (log) -0.16 (6/7); exp -0.15 (6/7); rookie +0.15 (6/7); yprr_zone +0.15 (6/7); pc_te_tgt +0.13 (5/7); season so far / preseason level -0.12 (4/7); g_py -0.12 (6/7); age -0.12 (6/7); yprr_man +0.11 (5/7)
    lines up with the Clay blend being closer: Clay blend minus ours +0.16 (5/7); wopr +0.16 (5/7); xfp_pg +0.15 (4/7); season so far / preseason level +0.15 (6/7); evidence minus prior (pts) +0.15 (6/7); tgt_sh +0.14 (5/7); draft_pick -0.13 (5/7); snap_trend -0.13 (7/7); jm +0.13 (4/7)

  RB all: n 2201, actual / projected 1.042, error vs Clay blend -10.60% (better 6/7), rank order 0.735 vs 0.711
    lines up with the miss (+ = scored more than projected): exp -0.13 (6/7); plays_pg_std -0.12 (6/7); rz_tgt_sh -0.11 (6/7); xfp_pg -0.11 (5/7); age -0.10 (7/7); ppg_py -0.10 (5/6); tgt_sh -0.09 (4/7); ol_pb_now +0.09 (5/6); ol_pb_full +0.09 (5/6)
    lines up with the Clay blend being closer: wopr +0.14 (6/7); tgt_sh +0.13 (6/7); Clay blend minus ours +0.12 (6/7); xfp_pg +0.12 (7/7); jm +0.12 (5/7); evidence minus prior (pts) +0.12 (5/7); season so far / preseason level +0.11 (7/7); tgt_sh_py +0.11 (6/7); ADP (log) -0.09 (5/7)

  second-year QB: n 185, actual / projected 1.030, error vs Clay blend -0.81% (better 4/7), rank order nan vs nan
    lines up with the miss (+ = scored more than projected): xfp_pg_py +0.41 (5/5); car_sh_py +0.39 (4/5); att_pg -0.33 (4/5); age -0.32 (4/5); xfp_pg +0.31 (4/5); Clay blend minus ours +0.28 (4/5); jm +0.25 (4/5); wopr -0.23 (4/4); rz_car_sh +0.23 (4/5)
    lines up with the Clay blend being closer: rz_car_sh -0.29 (5/5); wopr +0.29 (3/4); plays_pg_std +0.29 (5/5); rz_tgt_sh +0.28 (3/4); att_pg +0.28 (4/5); tgt_sh +0.26 (3/4); Clay blend minus ours -0.25 (4/5); jm -0.25 (4/5); gl_car_sh -0.20 (2/4)

  QB all: n 1251, actual / projected 1.008, error vs Clay blend -21.37% (better 7/7), rank order 0.565 vs 0.537
    lines up with the miss (+ = scored more than projected): points minus usage evidence -0.17 (5/7); preseason level (prior) -0.17 (6/7); ppg_py -0.16 (3/6); att_pg -0.14 (5/7); jm +0.11 (5/7); plays_pg_std -0.10 (4/7); snap_trend +0.09 (5/7); pc_rb_tgt +0.09 (5/7); db_sh -0.09 (6/7)
    lines up with the Clay blend being closer: att_pg +0.18 (6/7); rookie -0.15 (4/7); Clay blend minus ours +0.14 (6/7); snap_trend -0.14 (3/7); vac_car_same -0.13 (5/6); inherit_car -0.13 (5/6); yr2 +0.12 (7/7); g_py +0.12 (5/7); plays_pg_std +0.11 (6/7)

  WR running 25%+ under preseason level: n 787, actual / projected 0.942, error vs Clay blend -2.57% (better 5/7), rank order 0.500 vs 0.516
    lines up with the miss (+ = scored more than projected): Clay blend minus ours +0.12 (5/7); db_sh -0.12 (4/5); car_sh -0.12 (5/7); att_pg -0.12 (4/5); ppg_py +0.11 (4/6); draft_pick +0.11 (5/7); snap_trend +0.10 (5/7); depth string +0.09 (4/7); evidence minus prior (pts) +0.09 (4/7)
    lines up with the Clay blend being closer: ppg_py -0.22 (4/6); ay_sh -0.16 (5/7); snap_l1 -0.15 (6/7); team_change +0.15 (6/6); season so far / preseason level -0.15 (4/7); wopr -0.14 (5/7); vac_car -0.14 (6/7); xfp_pg -0.13 (5/7); jm +0.12 (4/7)

  WR ADP 101-150: n 517, actual / projected 0.960, error vs Clay blend +4.55% (better 3/7), rank order 0.390 vs 0.473
    lines up with the miss (+ = scored more than projected): pc_te_tgt -0.22 (4/6); Clay blend minus ours +0.19 (4/7); jm +0.18 (6/7); ol_pb_now -0.18 (4/6); ol_pb_full -0.18 (4/6); car_sh_py -0.18 (5/6); draft_pick -0.16 (5/7); pc_rb1_car +0.15 (5/6); yprr_man +0.14 (4/7)
    lines up with the Clay blend being closer: Clay blend minus ours -0.39 (7/7); evidence minus prior (pts) -0.26 (6/7); season so far / preseason level -0.26 (6/7); yprr_man -0.24 (6/7); team_change -0.22 (5/6); rz_tgt_sh -0.20 (5/7); pc_rb_tgt -0.16 (3/6); tgt_sh -0.15 (5/7); ay_sh -0.14 (4/7)

  WR all: n 3509, actual / projected 1.009, error vs Clay blend -4.99% (better 7/7), rank order 0.739 vs 0.730
    lines up with the miss (+ = scored more than projected): yprr_man +0.12 (6/7); Clay blend minus ours +0.11 (6/7); ppg_py +0.08 (5/6); points minus usage evidence +0.08 (6/7); pts_over_xfp +0.08 (6/7); snap_trend +0.06 (6/7); tgt_sh_py +0.06 (6/7); age -0.06 (5/7); jm +0.06 (4/7)
    lines up with the Clay blend being closer: ppg_py -0.13 (4/6); pc_te_tgt +0.09 (6/7); ay_sh -0.07 (5/7); xfp_pg -0.07 (5/7); wopr -0.06 (5/7); vac_car -0.06 (7/7); rz_tgt_sh -0.06 (6/7); evidence minus prior (pts) -0.06 (4/7); snap_l1 -0.06 (5/7)

  TE all: n 1535, actual / projected 1.063, error vs Clay blend -13.55% (better 5/7), rank order 0.690 vs 0.645
    lines up with the miss (+ = scored more than projected): ol_rb_now -0.17 (5/6); ol_rb_full -0.16 (5/6); pc_rb1_car -0.11 (6/7); gl_car_sh -0.10 (4/7); yr2 +0.10 (4/7); wopr +0.09 (4/7); pts_over_xfp -0.09 (6/7); db_sh -0.09 (2/3); points minus usage evidence -0.09 (6/7)
    lines up with the Clay blend being closer: Clay blend minus ours +0.24 (6/7); proe_std +0.15 (6/7); evidence minus prior (pts) +0.14 (6/7); ppg_py -0.13 (4/6); tgt_sh_py -0.13 (6/7); season so far / preseason level +0.12 (6/7); preseason level (prior) -0.11 (4/7); ADP (log) +0.09 (4/7); xfp_pg_py -0.09 (5/7)

  TE ADP 61-150: n 419, actual / projected 1.004, error vs Clay blend -7.52% (better 4/7), rank order 0.371 vs 0.266
    lines up with the miss (+ = scored more than projected): pc_te_tgt +0.29 (6/6); ol_rb_now -0.22 (5/6); pc_proe -0.22 (4/6); ppg_py +0.22 (5/6); ol_rb_full -0.20 (4/6); plays_pg_std +0.19 (4/7); team_change -0.18 (4/4); tgt_sh +0.18 (5/7); car_sh -0.18 (4/7)
    lines up with the Clay blend being closer: depth string +0.27 (5/6); snap_std -0.20 (5/7); proe_std +0.20 (6/7); Clay blend minus ours +0.19 (5/7); jm +0.19 (4/6); ay_sh +0.19 (4/7); yr2 +0.18 (3/4); evidence minus prior (pts) +0.17 (6/7); season so far / preseason level +0.17 (6/7)

--- 9  LEADS FROM SECTION 8, tested on top of the model as wired through v2.27 ---

  9a  running backs: talent grade (JM), draft capital, coach's lead-back history, team play volume

  9a RB: JM talent-grade tilt   (rows 1,901)
    pooled (seasons better at that fixed setting): e 0.02: -0.64% (5)  e 0.04: -0.27% (4)  e 0.06: +1.09% (4)  e 0.09: +5.02% (2)
    LEAVE-ONE-SEASON-OUT  -0.64%  seasons better 5/7  | top-150 weighted -2.45%  rank order +0.0066  | picks ['e 0.02', 'e 0.02', 'e 0.02', 'e 0.02', 'e 0.02', 'e 0.02', 'e 0.02']
    FORWARD 2022-25       +0.23%  seasons better 2/4  | top-150 weighted -0.99%  | picks ['e 0.04', 'e 0.02', 'e 0.02', 'e 0.02']
    rank order with e 0.02: better in 5/7 seasons (pooled +0.0066)
    -> FAIL (best pooled: e 0.02)

  9a RB rookies: JM tilt   (rows 377)
    pooled (seasons better at that fixed setting): e 0.04: +1.73% (1)  e 0.08: +6.11% (1)  e 0.12: +12.51% (1)
    LEAVE-ONE-SEASON-OUT  +0.00%  seasons better 0/7  | top-150 weighted +0.00%  rank order +nan  | picks ['shipped', 'shipped', 'shipped', 'shipped', 'shipped', 'shipped', 'shipped']
    FORWARD 2022-25       +1.68%  seasons better 0/4  | top-150 weighted +3.60%  | picks ['e 0.04', 'e 0.04', 'shipped', 'shipped']
    -> FAIL (best pooled: shipped)

  9a RB rookies, top-40 pick: level   (rows 73)
    pooled (seasons better at that fixed setting): x1.05: -1.74% (2)  x1.1: +2.43% (1)  x1.15: +12.51% (1)  x1.2: +28.51% (0)
    LEAVE-ONE-SEASON-OUT  +4.94%  seasons better 3/7  | top-150 weighted +7.44%  rank order +nan  | picks ['x1.1', 'shipped', 'x1.05', 'x1.05', 'x1.05', 'x1.05', 'x1.05']
    FORWARD 2022-25       -2.39%  seasons better 2/4  | top-150 weighted -1.66%  | picks ['x1.05', 'x1.05', 'x1.05', 'x1.05']
    -> FAIL (best pooled: x1.05)

  9a RB rookies, top-75 pick: level   (rows 151)
    pooled (seasons better at that fixed setting): x1.05: -6.63% (5)  x1.1: -9.40% (4)  x1.15: -8.29% (4)  x1.2: -3.32% (3)
    LEAVE-ONE-SEASON-OUT  -3.48%  seasons better 4/7  | top-150 weighted +3.56%  rank order +nan  | picks ['x1.15', 'x1.05', 'x1.1', 'x1.1', 'x1.15', 'x1.1', 'x1.1']
    FORWARD 2022-25       -4.67%  seasons better 2/4  | top-150 weighted +2.25%  | picks ['x1.15', 'x1.15', 'x1.1', 'x1.1']
    -> FAIL (best pooled: x1.1)

  9a RB backups drafted in the top 150: level   (rows 510)
    pooled (seasons better at that fixed setting): x1.04: -4.24% (6)  x1.08: -6.82% (5)  x1.12: -7.74% (5)
    LEAVE-ONE-SEASON-OUT  -7.74%  seasons better 5/7  | top-150 weighted -8.20%  rank order +0.0000  | picks ['x1.12', 'x1.12', 'x1.12', 'x1.12', 'x1.12', 'x1.12', 'x1.12']
    FORWARD 2022-25       -9.32%  seasons better 3/4  | top-150 weighted -10.45%  | picks ['x1.12', 'x1.12', 'x1.12', 'x1.12']
    rank order with x1.12: better in 0/6 seasons (pooled +0.0000)
    -> PASS: x1.12

  9a RB: coach's lead-back carry history tilt   (rows 1,544)
    pooled (seasons better at that fixed setting): e 0.02: -0.69% (5)  e 0.04: -0.51% (5)  e 0.06: +0.55% (3)
    LEAVE-ONE-SEASON-OUT  -0.16%  seasons better 5/7  | top-150 weighted -0.23%  rank order -0.0028  | picks ['e 0.04', 'e 0.02', 'e 0.02', 'e 0.02', 'e 0.02', 'e 0.04', 'e 0.02']
    FORWARD 2022-25       -0.46%  seasons better 3/4  | top-150 weighted +0.49%  | picks ['e 0.02', 'e 0.02', 'e 0.02', 'e 0.02']
    rank order with e 0.02: better in 5/7 seasons (pooled -0.0031)
    -> FAIL (best pooled: e 0.02)

  9a RB running hot: coach's lead-back carry history tilt   (rows 366)
    pooled (seasons better at that fixed setting): e 0.03: -2.41% (5)  e 0.06: -2.20% (5)  e 0.09: +0.63% (4)
    LEAVE-ONE-SEASON-OUT  -1.00%  seasons better 5/7  | top-150 weighted +0.81%  rank order -0.0139  | picks ['e 0.03', 'e 0.03', 'e 0.03', 'e 0.03', 'e 0.03', 'e 0.06', 'e 0.06']
    FORWARD 2022-25       +0.49%  seasons better 2/4  | top-150 weighted +6.85%  | picks ['e 0.06', 'e 0.06', 'e 0.06', 'e 0.06']
    rank order with e 0.03: better in 1/1 seasons (pooled +0.0053)
    -> FAIL (best pooled: e 0.03)

  9a RB: team plays-per-game tilt (high-volume offenses come down)   (rows 2,160)
    pooled (seasons better at that fixed setting): e 0.02: -1.15% (6)  e 0.04: -1.59% (5)  e 0.06: -1.32% (5)
    LEAVE-ONE-SEASON-OUT  -1.59%  seasons better 5/7  | top-150 weighted -2.04%  rank order +0.0049  | picks ['e 0.04', 'e 0.04', 'e 0.04', 'e 0.04', 'e 0.04', 'e 0.04', 'e 0.04']
    FORWARD 2022-25       -1.72%  seasons better 3/4  | top-150 weighted -3.40%  | picks ['e 0.04', 'e 0.04', 'e 0.04', 'e 0.04']
    rank order with e 0.04: better in 6/7 seasons (pooled +0.0049)
    -> PASS: e 0.04

  9a RB running hot: scoring over usage tilt   (rows 514)
    pooled (seasons better at that fixed setting): e 0.03: -0.81% (5)  e 0.06: +0.74% (4)
    LEAVE-ONE-SEASON-OUT  -0.81%  seasons better 5/7  | top-150 weighted -0.61%  rank order +0.0358  | picks ['e 0.03', 'e 0.03', 'e 0.03', 'e 0.03', 'e 0.03', 'e 0.03', 'e 0.03']
    FORWARD 2022-25       +2.98%  seasons better 1/4  | top-150 weighted +9.43%  | picks ['e 0.06', 'e 0.06', 'e 0.06', 'e 0.03']
    rank order with e 0.03: better in 3/4 seasons (pooled +0.0358)
    -> FAIL (best pooled: e 0.03)

  9b  receivers who started cold

  9b WR cold and under 50% of snaps last game: level   (rows 230)
    pooled (seasons better at that fixed setting): x0.92: -2.67% (5)  x0.85: -1.88% (3)  x0.78: +1.82% (2)
    LEAVE-ONE-SEASON-OUT  +4.74%  seasons better 4/7  | top-150 weighted +15.23%  rank order +nan  | picks ['x0.92', 'x0.92', 'x0.92', 'x0.85', 'shipped', 'x0.92', 'x0.85']
    FORWARD 2022-25       +7.65%  seasons better 0/4  | top-150 weighted +23.27%  | picks ['x0.85', 'shipped', 'x0.85', 'x0.85']
    -> FAIL (best pooled: x0.92)

  9b WR cold and under 65% of snaps last game: level   (rows 367)
    pooled (seasons better at that fixed setting): x0.92: -5.05% (6)  x0.85: -5.23% (4)  x0.78: -1.47% (3)
    LEAVE-ONE-SEASON-OUT  -3.27%  seasons better 4/7  | top-150 weighted +3.89%  rank order +nan  | picks ['x0.85', 'x0.85', 'x0.85', 'x0.85', 'x0.92', 'x0.85', 'x0.85']
    FORWARD 2022-25       -4.78%  seasons better 2/4  | top-150 weighted +0.72%  | picks ['x0.92', 'x0.92', 'x0.85', 'x0.85']
    -> FAIL (best pooled: x0.85)

  9b WR cold: snap trend carried   (rows 735)
    pooled (seasons better at that fixed setting): strength 0.5: -0.64% (5)  strength 1.0: +0.44% (3)
    LEAVE-ONE-SEASON-OUT  -0.64%  seasons better 5/7  | top-150 weighted +1.85%  rank order +0.0016  | picks ['strength 0.5', 'strength 0.5', 'strength 0.5', 'strength 0.5', 'strength 0.5', 'strength 0.5', 'strength 0.5']
    FORWARD 2022-25       +0.04%  seasons better 1/4  | top-150 weighted +1.73%  | picks ['strength 0.5', 'shipped', 'shipped', 'strength 0.5']
    rank order with strength 0.5: better in 2/3 seasons (pooled +0.0016)
    -> FAIL (best pooled: strength 0.5)

  9b WR ADP 101-150 below his preseason level: prior weight   (rows 301)
    pooled (seasons better at that fixed setting): x0.25: -7.81% (5)  x0.4: -6.88% (5)  x0.6: -4.67% (5)  x0.8: -2.27% (5)
    LEAVE-ONE-SEASON-OUT  -6.63%  seasons better 5/7  | top-150 weighted -7.46%  rank order +0.0984  | picks ['x0.25', 'x0.25', 'x0.25', 'x0.25', 'x0.4', 'x0.25', 'x0.25']
    FORWARD 2022-25       -7.84%  seasons better 3/4  | top-150 weighted -8.68%  | picks ['x0.6', 'x0.4', 'x0.25', 'x0.25']
    rank order with x0.25: better in 3/3 seasons (pooled +0.1223)
    -> PASS: x0.25

  9b WR ADP 151+ below his preseason level: prior weight   (rows 730)
    pooled (seasons better at that fixed setting): x0.25: +1.91% (4)  x0.4: +0.22% (5)  x0.6: -0.43% (5)  x0.8: -0.36% (5)
    LEAVE-ONE-SEASON-OUT  +1.19%  seasons better 5/7  | top-150 weighted +nan%  rank order +nan  | picks ['x0.8', 'x0.6', 'x0.8', 'x0.6', 'x0.8', 'x0.6', 'x0.4']
    FORWARD 2022-25       +3.08%  seasons better 2/4  | top-150 weighted +nan%  | picks ['x0.25', 'x0.6', 'x0.4', 'x0.4']
    -> FAIL (best pooled: x0.6)

  9c  tight ends: coach's tight-end target history, run-blocking line, scoring over usage

  9c TE: coach's tight-end target history tilt   (rows 1,059)
    pooled (seasons better at that fixed setting): e 0.02: -1.00% (4)  e 0.04: -1.33% (4)  e 0.06: -0.99% (4)
    LEAVE-ONE-SEASON-OUT  +1.26%  seasons better 4/7  | top-150 weighted -0.17%  rank order +0.0167  | picks ['e 0.02', 'e 0.02', 'e 0.04', 'e 0.06', 'e 0.06', 'e 0.06', 'e 0.04']
    FORWARD 2022-25       +3.78%  seasons better 1/4  | top-150 weighted +6.24%  | picks ['e 0.06', 'e 0.06', 'e 0.04', 'e 0.04']
    rank order with e 0.04: better in 2/4 seasons (pooled +0.0135)
    -> FAIL (best pooled: e 0.04)

  9c TE: run-blocking line tilt (good run lines' tight ends come down)   (rows 1,317)
    pooled (seasons better at that fixed setting): e 0.02: -1.38% (4)  e 0.04: -2.10% (2)  e 0.06: -2.18% (2)
    LEAVE-ONE-SEASON-OUT  -0.28%  seasons better 2/7  | top-150 weighted +3.71%  rank order -0.0075  | picks ['e 0.06', 'e 0.02', 'e 0.06', 'e 0.06', 'e 0.06', 'e 0.04', 'e 0.06']
    FORWARD 2022-25       +0.20%  seasons better 1/4  | top-150 weighted +6.92%  | picks ['e 0.06', 'e 0.06', 'e 0.04', 'e 0.06']
    rank order with e 0.06: better in 2/6 seasons (pooled +0.0055)
    -> FAIL (best pooled: e 0.06)

  9c TE: scoring over usage comes back   (rows 1,535)
    pooled (seasons better at that fixed setting): e 0.02: -0.36% (4)  e 0.04: -0.08% (4)  e 0.06: +0.84% (3)
    LEAVE-ONE-SEASON-OUT  +0.02%  seasons better 4/7  | top-150 weighted +0.82%  rank order -0.0039  | picks ['e 0.02', 'e 0.02', 'e 0.04', 'e 0.02', 'e 0.02', 'e 0.02', 'e 0.02']
    FORWARD 2022-25       -0.53%  seasons better 1/4  | top-150 weighted -0.18%  | picks ['shipped', 'shipped', 'e 0.02', 'e 0.02']
    rank order with e 0.02: better in 2/7 seasons (pooled -0.0039)
    -> FAIL (best pooled: e 0.02)

  9d  quarterbacks: talent grade (JM)

  9d QB: JM talent-grade tilt   (rows 815)
    pooled (seasons better at that fixed setting): e 0.01: -0.53% (5)  e 0.02: -0.80% (5)  e 0.04: -0.57% (3)
    LEAVE-ONE-SEASON-OUT  -0.12%  seasons better 5/7  | top-150 weighted +1.07%  rank order +0.0026  | picks ['e 0.04', 'e 0.02', 'e 0.02', 'e 0.02', 'e 0.02', 'e 0.01', 'e 0.02']
    FORWARD 2022-25       -0.77%  seasons better 3/4  | top-150 weighted -0.28%  | picks ['shipped', 'e 0.01', 'e 0.01', 'e 0.02']
    rank order with e 0.02: better in 3/6 seasons (pooled +0.0052)
    -> FAIL (best pooled: e 0.02)

  STACKED after section 9, fold-picked settings (vs wired through v2.27 | vs the Clay blend):
    everyone           n  8496   -1.33% (6/7) | -12.51% (7/7; was -11.33%)  | act/proj 1.020 (was 1.024)  | rank order 0.689 (was 0.687, Clay blend 0.661)
    top-150            n  5204   -2.02% (6/7) |  -9.92% (6/7; was  -8.06%)  | act/proj 1.020 (was 1.024)  | rank order 0.608 (was 0.605, Clay blend 0.575)
    QB                 n  1251   +0.00% (0/7) | -21.37% (7/7; was -21.37%)  | act/proj 1.008 (was 1.008)  | rank order 0.565 (was 0.565, Clay blend 0.537)
    RB                 n  2201   -3.57% (6/7) | -13.79% (6/7; was -10.60%)  | act/proj 1.020 (was 1.042)  | rank order 0.741 (was 0.735, Clay blend 0.711)
    WR                 n  3509   -0.64% (5/7) |  -5.60% (6/7; was  -4.99%)  | act/proj 1.015 (was 1.009)  | rank order 0.739 (was 0.739, Clay blend 0.730)
    TE                 n  1535   +0.00% (0/7) | -13.55% (5/7; was -13.55%)  | act/proj 1.063 (was 1.063)  | rank order 0.690 (was 0.690, Clay blend 0.645)
    RB running hot     n   520   +1.30% (3/7) |  +5.53% (3/7; was  +4.17%)  | act/proj 0.991 (was 1.001)  | rank order 0.663 (was 0.675, Clay blend 0.683)
    RB rookies         n   379   -9.66% (5/7) | -26.42% (5/7; was -18.56%)  | act/proj 1.072 (was 1.129)  | rank order 0.695 (was 0.675, Clay blend 0.658)
    WR cold            n   787   -2.83% (5/7) |  -5.32% (5/7; was  -2.57%)  | act/proj 0.969 (was 0.942)  | rank order 0.506 (was 0.500, Clay blend 0.516)
    WR ADP 101-150     n   517   -4.45% (5/7) |  -0.10% (4/7; was  +4.55%)  | act/proj 1.005 (was 0.960)  | rank order 0.457 (was 0.390, Clay blend 0.473)

--- 10  ABLATION: each wired piece removed, whole-board effect of HAVING it (negative = it helps) ---
  full model: all rows vs Clay blend -12.20%, top-150 weighted -8.28%, rank order 0.6070 (Clay blend 0.5748)
    piece                                  rows  | all rows (seasons it helps) | top-150 weighted (seasons) | rank order | verdict
    usage evidence (all positions)          5710 |  -0.68% (5/7)            |  -0.20% (5/7)            | -0.0013    | mixed   (its own rows -0.99%)
    Vegas-cleaned evidence                  8487 |  -0.51% (4/7)            |  -0.87% (5/7)            | +0.0028    | helps   (its own rows -0.51%)
    ridge season prior mix                  7245 |  -2.87% (7/7)            |  -2.71% (7/7)            | +0.0051    | helps   (its own rows -3.55%)
    RB snap trend carried                   2054 |  -1.03% (6/7)            |  -0.47% (4/7)            | +0.0021    | helps   (its own rows -3.54%)
    QB changed teams x.84                    148 |  -1.00% (6/7)            |  -0.68% (3/7)            | +0.0059    | helps   (its own rows -27.51%)
    TE snap-share level e .3                1516 |  -0.31% (6/7)            |  -0.30% (5/7)            | +0.0067    | helps   (its own rows -2.54%)
    TE team pass-rate tilt e .04            1535 |  -0.28% (6/7)            |  -0.36% (4/7)            | +0.0044    | helps   (its own rows -2.26%)
    RB 61-100 prior weight x2.5              381 |  -0.22% (6/7)            |  -0.17% (6/7)            | +0.0022    | helps   (its own rows -3.98%)
    WR 61-100 prior weight x0.6              524 |  -0.21% (6/7)            |  -0.21% (6/7)            | +0.0004    | helps   (its own rows -3.12%)
    second-year QB prior weight x0.75        185 |  -0.09% (5/7)            |  -0.10% (4/7)            | +0.0011    | helps   (its own rows -2.45%)
    WR 101-150 usage cap .25                 517 |  -0.32% (5/7)            |  -0.21% (5/7)            | +0.0011    | helps   (its own rows -5.59%)
    TE 31-60 x1.10                           139 |  -0.46% (6/7)            |  -0.81% (6/7)            | +0.0042    | helps   (its own rows -24.53%)
    WR 101-150 cold prior weight x0.4        301 |  -0.22% (5/7)            |  -0.17% (5/7)            | +0.0007    | helps   (its own rows -6.88%)
    RB team play-volume tilt e .04          2160 |  -0.43% (5/7)            |  -0.65% (6/7)            | +0.0004    | helps   (its own rows -1.44%)
    RB backup (top 150) x1.04                510 |  -0.36% (7/7)            |  -0.37% (7/7)            | +0.0005    | helps   (its own rows -4.48%)

--- 12  SEASON BLEND: w x full shadow + (1 - w) x Clay blend, rest of season, per position (w 1 = shadow alone) ---
  all rows: w 0.0: +11.47% (1/7) rho 0.6607 | w 0.3: +4.69% (1/7) rho 0.6748 | w 0.5: +1.76% (2/7) rho 0.6811 | w 0.7: +0.10% (3/7) rho 0.6852 | w 0.8: -0.25% (4/7) rho 0.6861 | w 0.9: -0.29% (4/7) rho 0.6875 | shadow alone rho 0.6874 | wired weights +2.57% rho 0.6759
  top 150: w 0.0: +9.03% (1/7) rho 0.5748 | w 0.3: +3.44% (2/7) rho 0.5929 | w 0.5: +1.09% (3/7) rho 0.6015 | w 0.7: -0.17% (4/7) rho 0.6071 | w 0.8: -0.39% (4/7) rho 0.6094 | w 0.9: -0.33% (5/7) rho 0.6090 | shadow alone rho 0.6070 | wired weights +1.81% rho 0.5927
  QB (n833): best fixed w 1.0 (+0.00% vs shadow alone) | wired w 0.5: +6.39% (0/7) | Clay blend alone +18.99% | rank shadow 0.5105 wired 0.5004 Clay 0.4728
  RB (n1652): best fixed w 0.7 (-1.19% vs shadow alone) | wired w 0.8: -1.10% (4/7) | Clay blend alone +6.78% | rank shadow 0.6656 wired 0.6707 Clay 0.6470
  WR (n2101): best fixed w 0.7 (-1.05% vs shadow alone) | wired w 0.7: -1.05% (3/7) | Clay blend alone +4.68% | rank shadow 0.6259 wired 0.6321 Clay 0.6154
  TE (n618): best fixed w 0.9 (-0.04% vs shadow alone) | wired w 0.0: +16.06% (2/7) | Clay blend alone +16.06% | rank shadow 0.6216 wired 0.5487 Clay 0.5487
  LOYO     per-position pick: vs shadow alone -0.05% (4/7), vs wired weights -1.82% | rank 0.6073 (shadow 0.6070, wired 0.5927) | picks QB [1.0, 1.0, 1.0, 1.0, 1.0, 1.0, 1.0] | RB [0.8, 0.7, 0.7, 0.7, 0.8, 0.8, 0.7] | WR [0.7, 0.8, 0.7, 0.7, 0.7, 0.7, 0.8] | TE [1.0, 1.0, 0.9, 0.8, 0.7, 0.8, 1.0]
  forward  per-position pick: vs shadow alone +0.91% (2/4), vs wired weights -2.52% | rank 0.5770 (shadow 0.5838, wired 0.5571) | picks QB [1.0, 1.0, 1.0, 1.0] | RB [0.8, 0.9, 0.8, 0.7] | WR [0.9, 1.0, 0.9, 0.8] | TE [0.0, 0.5, 0.8, 1.0]

--- 11  WEIGHTS: this season vs the preseason level, model vs best fit (model as wired through v2.28) ---
    group                              rows   model's weight on this season   best-fit weight   level (sum of the two fitted weights)
    QB all                              1251          34%                        26%            1.005
    QB 3-4 games                         369          23%                        20%            1.002
    QB 5-7 games                         490          34%                        25%            1.002
    QB 8-10 games                        392          44%                        42%            1.008
    QB rookie                            133          32%                         7%            0.999
    QB second year                       185          39%                        49%            1.032
    QB years 3-5                         365          33%                        10%            1.003
    QB 6+ years                          568          33%                        31%            1.001
    QB ADP 1-60                          266          33%                        23%            0.964
    QB ADP 61-150                        567          35%                        25%            1.032
    QB ADP 151+ / undrafted              418          33%                        33%            1.007
    RB all                              2201          50%                        41%            1.029
    RB 3-4 games                         643          38%                        31%            1.022
    RB 5-7 games                         876          50%                        44%            1.021
    RB 8-10 games                        682          60%                        52%            1.040
    RB rookie                            379          48%                        16%            1.062
    RB second year                       374          49%                        36%            1.103
    RB years 3-5                         889          50%                        46%            1.011
    RB 6+ years                          518          51%                        43%            0.998
    RB ADP 1-60                          887          54%                        40%            1.029
    RB ADP 61-150                        765          42%                        37%            1.037
    RB ADP 151+ / undrafted              549          53%                        50%            1.020
    WR all                              3509          46%                        43%            1.010
    WR 3-4 games                        1035          34%                        34%            1.003
    WR 5-7 games                        1372          46%                        45%            1.007
    WR 8-10 games                       1102          56%                        56%            1.016
    WR rookie                            541          47%                        29%            1.012
    WR second year                       548          46%                        41%            1.030
    WR years 3-5                        1400          46%                        51%            1.012
    WR 6+ years                         1017          45%                        36%            0.998
    WR ADP 1-60                         1060          42%                        35%            1.021
    WR ADP 61-150                       1041          55%                        58%            1.017
    WR ADP 151+ / undrafted             1408          42%                        38%            0.970
    TE all                              1535          42%                        36%            1.058
    TE 3-4 games                         463          30%                        23%            1.061
    TE 5-7 games                         616          43%                        39%            1.043
    TE 8-10 games                        456          53%                        59%            1.055
    TE rookie                            171          42%                         8%            1.062
    TE second year                       194          42%                        27%            1.147
    TE years 3-5                         572          42%                        36%            1.014
    TE 6+ years                          598          42%                        46%            1.078
    TE ADP 1-60                          199          42%                        32%            1.067
    TE ADP 61-150                        419          42%                        43%            1.001
    TE ADP 151+ / undrafted              917          42%                        33%            1.107

  11b  prior-weight multipliers, tested (x under 1 = believe the season faster)

  11b QB second year: prior weight   (rows 185)
    pooled (seasons better at that fixed setting): x0.4: -1.33% (3)  x0.6: -2.13% (3)  x0.8: -1.34% (3)  x1.25: +1.89% (2)  x1.6: +4.45% (2)  x2.5: +9.72% (1)
    LEAVE-ONE-SEASON-OUT  +3.49%  seasons better 2/7  | top-150 weighted +2.77%  rank order +nan  | picks ['shipped', 'x0.6', 'x0.6', 'x0.4', 'x0.6', 'x0.4', 'x0.6']
    FORWARD 2022-25       +4.20%  seasons better 2/4  | top-150 weighted +2.92%  | picks ['x0.4', 'x0.6', 'x0.4', 'x0.6']
    -> FAIL (best pooled: x0.6)

  11b QB years 3-5: prior weight   (rows 365)
    pooled (seasons better at that fixed setting): x0.4: +10.55% (1)  x0.6: +4.56% (2)  x0.8: +1.60% (2)  x1.25: -1.07% (5)  x1.6: -1.74% (5)  x2.5: -2.01% (5)
    LEAVE-ONE-SEASON-OUT  -0.47%  seasons better 5/7  | top-150 weighted -1.29%  rank order +nan  | picks ['x1.6', 'x2.5', 'x1.6', 'x2.5', 'x2.5', 'x1.6', 'x2.5']
    FORWARD 2022-25       -0.25%  seasons better 3/4  | top-150 weighted -1.12%  | picks ['x2.5', 'x1.6', 'x1.6', 'x2.5']
    -> PASS: x2.5

  11b QB 6+ years: prior weight   (rows 568)
    pooled (seasons better at that fixed setting): x0.4: +4.88% (3)  x0.6: +1.72% (3)  x0.8: +0.46% (3)  x1.25: -0.08% (4)  x1.6: +0.18% (4)  x2.5: +1.19% (4)
    LEAVE-ONE-SEASON-OUT  +1.65%  seasons better 0/7  | top-150 weighted +0.38%  rank order +0.0088  | picks ['shipped', 'shipped', 'shipped', 'x1.6', 'x1.25', 'x1.6', 'shipped']
    FORWARD 2022-25       +3.86%  seasons better 0/4  | top-150 weighted +1.24%  | picks ['x2.5', 'x2.5', 'x1.6', 'shipped']
    rank order with x1.25: better in 1/3 seasons (pooled +0.0039)
    -> FAIL (best pooled: x1.25)

  11b QB after 3-4 games: prior weight   (rows 369)
    pooled (seasons better at that fixed setting): x0.4: +3.34% (4)  x0.6: +0.43% (4)  x0.8: -0.15% (4)  x1.25: +0.51% (2)  x1.6: +1.32% (2)  x2.5: +3.02% (2)
    LEAVE-ONE-SEASON-OUT  +2.19%  seasons better 1/7  | top-150 weighted +1.60%  rank order +0.0019  | picks ['shipped', 'shipped', 'x0.6', 'x0.8', 'shipped', 'x0.8', 'x0.6']
    FORWARD 2022-25       +1.12%  seasons better 2/4  | top-150 weighted +2.06%  | picks ['x0.8', 'x0.8', 'x0.6', 'x0.6']
    rank order with x0.8: better in 5/7 seasons (pooled +0.0109)
    -> FAIL (best pooled: x0.8)

  11b QB after 5-7 games: prior weight   (rows 490)
    pooled (seasons better at that fixed setting): x0.4: +4.94% (2)  x0.6: +1.73% (2)  x0.8: +0.46% (2)  x1.25: -0.08% (3)  x1.6: +0.18% (3)  x2.5: +1.20% (2)
    LEAVE-ONE-SEASON-OUT  +1.03%  seasons better 2/7  | top-150 weighted +0.33%  rank order -0.0039  | picks ['x1.25', 'x1.25', 'x0.8', 'x1.25', 'x1.6', 'x1.25', 'x1.25']
    FORWARD 2022-25       +0.83%  seasons better 1/4  | top-150 weighted +0.08%  | picks ['x1.6', 'x1.25', 'shipped', 'x1.25']
    rank order with x1.25: better in 2/7 seasons (pooled -0.0065)
    -> FAIL (best pooled: x1.25)

  11b QB after 8-10 games: prior weight   (rows 392)
    pooled (seasons better at that fixed setting): x0.4: +1.95% (3)  x0.6: +0.48% (3)  x0.8: +0.02% (3)  x1.25: +0.27% (3)  x1.6: +0.84% (3)  x2.5: +2.39% (3)
    LEAVE-ONE-SEASON-OUT  +1.49%  seasons better 0/7  | top-150 weighted +1.51%  rank order -0.0050  | picks ['x0.8', 'x0.6', 'x0.8', 'x1.25', 'shipped', 'shipped', 'x0.8']
    FORWARD 2022-25       +1.49%  seasons better 0/4  | top-150 weighted +1.49%  | picks ['x1.6', 'shipped', 'shipped', 'x0.8']
    -> FAIL (best pooled: shipped)

  11b RB rookie: prior weight   (rows 379)
    pooled (seasons better at that fixed setting): x0.4: +6.97% (1)  x0.6: +3.59% (1)  x0.8: +1.45% (2)  x1.25: -1.24% (5)  x1.6: -2.35% (5)  x2.5: -3.73% (5)
    LEAVE-ONE-SEASON-OUT  -3.73%  seasons better 5/7  | top-150 weighted -5.74%  rank order +nan  | picks ['x2.5', 'x2.5', 'x2.5', 'x2.5', 'x2.5', 'x2.5', 'x2.5']
    FORWARD 2022-25       -3.10%  seasons better 2/4  | top-150 weighted -5.62%  | picks ['x2.5', 'x2.5', 'x2.5', 'x2.5']
    -> FAIL (best pooled: x2.5)

  11b RB second year: prior weight   (rows 374)
    pooled (seasons better at that fixed setting): x0.4: +5.19% (1)  x0.6: +2.09% (1)  x0.8: +0.62% (1)  x1.25: -0.15% (6)  x1.6: +0.20% (6)  x2.5: +1.97% (5)
    LEAVE-ONE-SEASON-OUT  +6.23%  seasons better 3/7  | top-150 weighted -1.40%  rank order +0.0198  | picks ['x1.25', 'x1.25', 'shipped', 'x0.8', 'x2.5', 'shipped', 'x1.25']
    FORWARD 2022-25       +5.75%  seasons better 2/4  | top-150 weighted -4.83%  | picks ['x2.5', 'x2.5', 'shipped', 'x1.25']
    rank order with x1.25: better in 1/1 seasons (pooled +0.0159)
    -> FAIL (best pooled: x1.25)

  11b RB years 3-5: prior weight   (rows 889)
    pooled (seasons better at that fixed setting): x0.4: +5.87% (2)  x0.6: +2.24% (2)  x0.8: +0.60% (2)  x1.25: +0.02% (4)  x1.6: +0.73% (4)  x2.5: +3.57% (4)
    LEAVE-ONE-SEASON-OUT  +1.90%  seasons better 0/7  | top-150 weighted +2.95%  rank order -0.0005  | picks ['x1.6', 'shipped', 'shipped', 'x1.25', 'shipped', 'shipped', 'x1.25']
    FORWARD 2022-25       +0.61%  seasons better 1/4  | top-150 weighted -0.29%  | picks ['x0.8', 'x0.8', 'shipped', 'x1.25']
    -> FAIL (best pooled: shipped)

  11b RB 6+ years: prior weight   (rows 518)
    pooled (seasons better at that fixed setting): x0.4: +9.79% (2)  x0.6: +4.53% (3)  x0.8: +1.62% (3)  x1.25: -1.00% (3)  x1.6: -1.38% (3)  x2.5: -0.35% (3)
    LEAVE-ONE-SEASON-OUT  +1.65%  seasons better 4/7  | top-150 weighted +5.99%  rank order -0.0048  | picks ['x1.6', 'x1.6', 'x1.6', 'x1.25', 'x2.5', 'x1.6', 'x2.5']
    FORWARD 2022-25       +1.36%  seasons better 2/4  | top-150 weighted +5.16%  | picks ['x1.6', 'x2.5', 'x1.6', 'x2.5']
    rank order with x1.6: better in 3/4 seasons (pooled +0.0070)
    -> FAIL (best pooled: x1.6)

  11b RB after 3-4 games: prior weight   (rows 643)
    pooled (seasons better at that fixed setting): x0.4: +9.82% (1)  x0.6: +4.09% (1)  x0.8: +1.33% (3)  x1.25: -0.66% (4)  x1.6: -0.73% (4)  x2.5: +0.43% (4)
    LEAVE-ONE-SEASON-OUT  +0.17%  seasons better 4/7  | top-150 weighted +0.79%  rank order +0.0032  | picks ['x1.6', 'x1.25', 'x1.25', 'x1.25', 'x1.6', 'x1.25', 'x1.6']
    FORWARD 2022-25       +1.07%  seasons better 2/4  | top-150 weighted +1.04%  | picks ['x2.5', 'x2.5', 'x1.6', 'x1.6']
    rank order with x1.6: better in 5/7 seasons (pooled +0.0083)
    -> FAIL (best pooled: x1.6)

  11b RB after 5-7 games: prior weight   (rows 876)
    pooled (seasons better at that fixed setting): x0.4: +6.60% (2)  x0.6: +2.88% (2)  x0.8: +0.95% (2)  x1.25: -0.40% (5)  x1.6: -0.20% (4)  x2.5: +1.61% (4)
    LEAVE-ONE-SEASON-OUT  +0.38%  seasons better 5/7  | top-150 weighted +0.67%  rank order +0.0046  | picks ['x1.6', 'x1.25', 'x1.25', 'x1.25', 'x1.6', 'x1.25', 'x1.25']
    FORWARD 2022-25       +0.31%  seasons better 3/4  | top-150 weighted -0.41%  | picks ['x1.25', 'x1.6', 'x1.25', 'x1.25']
    rank order with x1.25: better in 3/7 seasons (pooled +0.0024)
    -> FAIL (best pooled: x1.25)

  11b RB after 8-10 games: prior weight   (rows 682)
    pooled (seasons better at that fixed setting): x0.4: +3.76% (3)  x0.6: +1.70% (3)  x0.8: +0.57% (3)  x1.25: -0.22% (4)  x1.6: -0.02% (3)  x2.5: +1.55% (2)
    LEAVE-ONE-SEASON-OUT  +0.66%  seasons better 3/7  | top-150 weighted +0.84%  rank order +0.0014  | picks ['x1.6', 'x1.25', 'x1.25', 'shipped', 'x1.6', 'x1.25', 'x1.25']
    FORWARD 2022-25       +1.05%  seasons better 2/4  | top-150 weighted +0.74%  | picks ['x0.8', 'x1.6', 'x1.25', 'x1.25']
    rank order with x1.25: better in 2/7 seasons (pooled +0.0009)
    -> FAIL (best pooled: x1.25)

  11b WR rookie: prior weight   (rows 541)
    pooled (seasons better at that fixed setting): x0.4: +1.81% (2)  x0.6: +0.80% (2)  x0.8: +0.28% (2)  x1.25: -0.18% (5)  x1.6: -0.28% (4)  x2.5: -0.25% (4)
    LEAVE-ONE-SEASON-OUT  +0.48%  seasons better 3/7  | top-150 weighted +0.89%  rank order +nan  | picks ['x1.6', 'x2.5', 'x1.6', 'shipped', 'x2.5', 'x1.6', 'x2.5']
    FORWARD 2022-25       +0.06%  seasons better 2/4  | top-150 weighted -0.08%  | picks ['x1.6', 'x2.5', 'x2.5', 'x2.5']
    -> FAIL (best pooled: x1.6)

  11b WR second year: prior weight   (rows 548)
    pooled (seasons better at that fixed setting): x0.4: +3.34% (2)  x0.6: +1.15% (4)  x0.8: +0.27% (4)  x1.25: +0.10% (1)  x1.6: +0.58% (1)  x2.5: +2.20% (1)
    LEAVE-ONE-SEASON-OUT  +0.82%  seasons better 0/7  | top-150 weighted +0.40%  rank order +0.0000  | picks ['x1.25', 'shipped', 'x1.25', 'shipped', 'shipped', 'x0.8', 'x1.25']
    FORWARD 2022-25       +0.97%  seasons better 1/4  | top-150 weighted +0.68%  | picks ['x0.8', 'x0.8', 'x0.8', 'x1.25']
    -> FAIL (best pooled: shipped)

  11b WR years 3-5: prior weight   (rows 1,400)
    pooled (seasons better at that fixed setting): x0.4: +1.23% (4)  x0.6: -0.40% (5)  x0.8: -0.53% (5)  x1.25: +1.05% (2)  x1.6: +2.73% (2)  x2.5: +6.75% (2)
    LEAVE-ONE-SEASON-OUT  +0.14%  seasons better 5/7  | top-150 weighted +0.01%  rank order -0.0083  | picks ['x0.6', 'x0.8', 'x0.8', 'x0.6', 'x0.8', 'x0.8', 'x0.8']
    FORWARD 2022-25       +0.59%  seasons better 2/4  | top-150 weighted +0.77%  | picks ['x0.6', 'shipped', 'x0.8', 'x0.8']
    rank order with x0.8: better in 2/7 seasons (pooled -0.0034)
    -> FAIL (best pooled: x0.8)

  11b WR 6+ years: prior weight   (rows 1,017)
    pooled (seasons better at that fixed setting): x0.4: +7.41% (1)  x0.6: +3.13% (1)  x0.8: +1.02% (1)  x1.25: -0.49% (4)  x1.6: -0.47% (4)  x2.5: +0.77% (3)
    LEAVE-ONE-SEASON-OUT  +0.03%  seasons better 4/7  | top-150 weighted +0.38%  rank order +0.0096  | picks ['x1.25', 'x1.6', 'x1.25', 'x1.6', 'x1.25', 'x1.6', 'x1.25']
    FORWARD 2022-25       -0.64%  seasons better 2/4  | top-150 weighted -0.30%  | picks ['x1.25', 'x1.25', 'x1.25', 'x1.25']
    rank order with x1.25: better in 5/7 seasons (pooled +0.0099)
    -> FAIL (best pooled: x1.25)

  11b WR after 3-4 games: prior weight   (rows 1,035)
    pooled (seasons better at that fixed setting): x0.4: +5.38% (1)  x0.6: +1.43% (3)  x0.8: +0.17% (4)  x1.25: +0.42% (3)  x1.6: +1.41% (1)  x2.5: +4.00% (1)
    LEAVE-ONE-SEASON-OUT  +0.51%  seasons better 0/7  | top-150 weighted +0.20%  rank order -0.0003  | picks ['shipped', 'shipped', 'shipped', 'x0.8', 'shipped', 'shipped', 'x0.8']
    FORWARD 2022-25       +1.42%  seasons better 1/4  | top-150 weighted +1.05%  | picks ['x0.8', 'x1.25', 'x0.8', 'x0.8']
    -> FAIL (best pooled: shipped)

  11b WR after 5-7 games: prior weight   (rows 1,372)
    pooled (seasons better at that fixed setting): x0.4: +3.74% (2)  x0.6: +1.30% (2)  x0.8: +0.30% (3)  x1.25: +0.13% (3)  x1.6: +0.73% (2)  x2.5: +2.73% (1)
    LEAVE-ONE-SEASON-OUT  +0.00%  seasons better 0/7  | top-150 weighted +0.00%  rank order +0.0000  | picks ['shipped', 'shipped', 'shipped', 'shipped', 'shipped', 'shipped', 'shipped']
    FORWARD 2022-25       +0.35%  seasons better 0/4  | top-150 weighted +0.25%  | picks ['x0.8', 'shipped', 'shipped', 'shipped']
    -> FAIL (best pooled: shipped)

  11b WR after 8-10 games: prior weight   (rows 1,102)
    pooled (seasons better at that fixed setting): x0.4: +1.70% (1)  x0.6: +0.53% (3)  x0.8: +0.07% (3)  x1.25: +0.22% (2)  x1.6: +0.82% (1)  x2.5: +2.70% (1)
    LEAVE-ONE-SEASON-OUT  +0.14%  seasons better 0/7  | top-150 weighted +0.16%  rank order -0.0005  | picks ['x0.8', 'shipped', 'shipped', 'shipped', 'shipped', 'shipped', 'shipped']
    FORWARD 2022-25       +0.00%  seasons better 0/4  | top-150 weighted +0.00%  | picks ['shipped', 'shipped', 'shipped', 'shipped']
    -> FAIL (best pooled: shipped)

  11b TE rookie: prior weight   (rows 171)
    pooled (seasons better at that fixed setting): x0.4: +5.30% (1)  x0.6: +2.54% (1)  x0.8: +0.97% (2)  x1.25: -0.74% (4)  x1.6: -1.32% (4)  x2.5: -1.85% (4)
    LEAVE-ONE-SEASON-OUT  -1.85%  seasons better 5/7  | top-150 weighted -3.53%  rank order +nan  | picks ['x2.5', 'x2.5', 'x2.5', 'x2.5', 'x2.5', 'x2.5', 'x2.5']
    FORWARD 2022-25       -1.24%  seasons better 3/4  | top-150 weighted -1.99%  | picks ['x2.5', 'x2.5', 'x2.5', 'x2.5']
    -> PASS: x2.5

  11b TE second year: prior weight   (rows 194)
    pooled (seasons better at that fixed setting): x0.4: +8.01% (2)  x0.6: +3.37% (2)  x0.8: +1.11% (3)  x1.25: -0.57% (4)  x1.6: -0.64% (4)  x2.5: +0.32% (4)
    LEAVE-ONE-SEASON-OUT  +5.62%  seasons better 3/7  | top-150 weighted +28.08%  rank order +nan  | picks ['x2.5', 'x1.25', 'x1.25', 'x1.6', 'x0.8', 'x1.6', 'x1.25']
    FORWARD 2022-25       +6.03%  seasons better 2/4  | top-150 weighted +1.19%  | picks ['x0.8', 'x0.6', 'x1.6', 'x1.25']
    -> FAIL (best pooled: x1.6)

  11b TE years 3-5: prior weight   (rows 572)
    pooled (seasons better at that fixed setting): x0.4: +9.60% (1)  x0.6: +3.45% (2)  x0.8: +0.90% (3)  x1.25: -0.02% (3)  x1.6: +0.82% (2)  x2.5: +3.94% (2)
    LEAVE-ONE-SEASON-OUT  +2.12%  seasons better 1/7  | top-150 weighted +1.85%  rank order +0.0000  | picks ['x1.25', 'x1.25', 'x1.25', 'x0.8', 'x1.25', 'shipped', 'x1.25']
    FORWARD 2022-25       +1.82%  seasons better 2/4  | top-150 weighted +3.28%  | picks ['x0.8', 'x1.25', 'x1.25', 'x1.25']
    rank order with x1.25: better in 0/1 seasons (pooled +0.0000)
    -> FAIL (best pooled: x1.25)

  11b TE 6+ years: prior weight   (rows 598)
    pooled (seasons better at that fixed setting): x0.4: +2.05% (1)  x0.6: +0.11% (2)  x0.8: -0.27% (3)  x1.25: +0.72% (4)  x1.6: +1.94% (4)  x2.5: +4.85% (3)
    LEAVE-ONE-SEASON-OUT  +2.45%  seasons better 2/7  | top-150 weighted +3.95%  rank order +0.0000  | picks ['x0.8', 'x1.25', 'x0.8', 'x0.8', 'x0.6', 'x0.8', 'x0.8']
    FORWARD 2022-25       +5.32%  seasons better 2/4  | top-150 weighted +9.97%  | picks ['x0.4', 'x0.4', 'x0.8', 'x0.8']
    rank order with x0.8: better in 0/1 seasons (pooled +0.0000)
    -> FAIL (best pooled: x0.8)

  11b TE after 3-4 games: prior weight   (rows 463)
    pooled (seasons better at that fixed setting): x0.4: +12.90% (0)  x0.6: +5.00% (0)  x0.8: +1.55% (2)  x1.25: -0.74% (5)  x1.6: -0.83% (3)  x2.5: +0.19% (3)
    LEAVE-ONE-SEASON-OUT  -0.06%  seasons better 3/7  | top-150 weighted -1.31%  rank order -0.0224  | picks ['x1.6', 'x1.6', 'x1.6', 'x1.25', 'x1.25', 'x1.25', 'x1.6']
    FORWARD 2022-25       -1.10%  seasons better 2/4  | top-150 weighted -1.69%  | picks ['shipped', 'x1.25', 'x1.25', 'x1.6']
    rank order with x1.6: better in 1/7 seasons (pooled -0.0244)
    -> FAIL (best pooled: x1.6)

  11b TE after 5-7 games: prior weight   (rows 616)
    pooled (seasons better at that fixed setting): x0.4: +5.30% (1)  x0.6: +1.80% (1)  x0.8: +0.40% (4)  x1.25: +0.16% (2)  x1.6: +0.89% (2)  x2.5: +3.24% (2)
    LEAVE-ONE-SEASON-OUT  +0.99%  seasons better 0/7  | top-150 weighted +1.47%  rank order +0.0107  | picks ['shipped', 'x1.25', 'shipped', 'shipped', 'x0.8', 'shipped', 'shipped']
    FORWARD 2022-25       +2.25%  seasons better 0/4  | top-150 weighted +3.63%  | picks ['x0.6', 'x0.8', 'shipped', 'shipped']
    -> FAIL (best pooled: shipped)

  11b TE after 8-10 games: prior weight   (rows 456)
    pooled (seasons better at that fixed setting): x0.4: -0.23% (3)  x0.6: -0.76% (5)  x0.8: -0.56% (5)  x1.25: +0.93% (2)  x1.6: +2.36% (2)  x2.5: +5.72% (2)
    LEAVE-ONE-SEASON-OUT  +0.63%  seasons better 5/7  | top-150 weighted +1.17%  rank order -0.0019  | picks ['x0.6', 'x0.8', 'x0.6', 'x0.4', 'x0.6', 'x0.6', 'x0.8']
    FORWARD 2022-25       +2.34%  seasons better 2/4  | top-150 weighted +4.32%  | picks ['x0.4', 'x0.6', 'x0.8', 'x0.8']
    rank order with x0.6: better in 2/5 seasons (pooled +0.0124)
    -> FAIL (best pooled: x0.6)

--- 13  ROOKIE EVIDENCE: usage weight and prior weight by stage, rookie rows only (model as wired through section 11) ---

  13a QB rookies: usage weight in the evidence (flat)   (rows 133)
    pooled (seasons better at that fixed setting): lam 0.25: +4.81% (3)  lam 0.5: +26.41% (3)
    LEAVE-ONE-SEASON-OUT  +10.52%  seasons better 0/7  | top-150 weighted +21.54%  rank order +nan  | picks ['shipped', 'shipped', 'shipped', 'shipped', 'shipped', 'lam 0.25', 'shipped']
    FORWARD 2022-25       +7.76%  seasons better 2/4  | top-150 weighted +57.34%  | picks ['lam 0.25', 'lam 0.25', 'lam 0.25', 'shipped']
    -> FAIL (best pooled: shipped)

  13b QB rookies: prior weight by stage (3-4 games / 5+)   (rows 133)
    pooled (seasons better at that fixed setting): early x1.0 / late x0.6: +3.63% (2)  early x1.0 / late x1.6: -2.14% (4)  early x1.0 / late x2.5: -3.30% (4)  early x1.6 / late x0.6: +3.44% (2)  early x1.6 / late x1.0: -0.19% (2)  early x1.6 / late x1.6: -2.32% (4)  early x1.6 / late x2.5: -3.48% (4)  early x2.5 / late x0.6: +3.56% (2)  early x2.5 / late x1.0: -0.07% (2)  early x2.5 / late x1.6: -2.21% (4)  early x2.5 / late x2.5: -3.37% (4)  early x4.0 / late x0.6: +3.77% (2)  early x4.0 / late x1.0: +0.14% (2)  early x4.0 / late x1.6: -2.00% (3)  early x4.0 / late x2.5: -3.16% (4)
    LEAVE-ONE-SEASON-OUT  -1.23%  seasons better 4/7  | top-150 weighted +3.73%  rank order +nan  | picks ['early x1.6 / late x2.5', 'early x2.5 / late x2.5', 'early x4.0 / late x2.5', 'early x1.6 / late x2.5', 'early x4.0 / late x2.5', 'early x1.6 / late x2.5', 'early x1.0 / late x2.5']
    FORWARD 2022-25       +2.02%  seasons better 1/4  | top-150 weighted +4.11%  | picks ['early x1.0 / late x2.5', 'early x1.0 / late x2.5', 'early x1.0 / late x2.5', 'early x1.0 / late x2.5']
    -> FAIL (best pooled: early x1.6 / late x2.5)

  13a RB rookies: usage weight in the evidence (flat)   (rows 379)
    pooled (seasons better at that fixed setting): lam 0.0: +3.73% (1)  lam 0.25: +0.45% (1)  lam 0.5: -1.97% (5)  lam 0.75: -3.54% (5)  lam 1.0: -4.24% (5)
    LEAVE-ONE-SEASON-OUT  -3.18%  seasons better 5/7  | top-150 weighted -6.08%  rank order +nan  | picks ['lam 1.0', 'lam 1.0', 'lam 1.0', 'lam 1.0', 'lam 0.75', 'lam 1.0', 'lam 1.0']
    FORWARD 2022-25       -4.76%  seasons better 2/4  | top-150 weighted -5.70%  | picks ['shipped', 'lam 0.75', 'lam 1.0', 'lam 1.0']
    -> FAIL (best pooled: lam 1.0)

  13b RB rookies: prior weight by stage (3-4 games / 5+)   (rows 379)
    pooled (seasons better at that fixed setting): early x1.0 / late x0.6: +2.28% (2)  early x1.0 / late x1.6: -1.65% (5)  early x1.0 / late x2.5: -2.70% (5)  early x1.6 / late x0.6: +1.58% (3)  early x1.6 / late x1.0: -0.70% (6)  early x1.6 / late x1.6: -2.35% (5)  early x1.6 / late x2.5: -3.40% (5)  early x2.5 / late x0.6: +1.26% (4)  early x2.5 / late x1.0: -1.03% (6)  early x2.5 / late x1.6: -2.68% (5)  early x2.5 / late x2.5: -3.73% (5)  early x4.0 / late x0.6: +1.14% (4)  early x4.0 / late x1.0: -1.14% (4)  early x4.0 / late x1.6: -2.80% (5)  early x4.0 / late x2.5: -3.85% (5)
    LEAVE-ONE-SEASON-OUT  -3.85%  seasons better 5/7  | top-150 weighted -5.67%  rank order +nan  | picks ['early x4.0 / late x2.5', 'early x4.0 / late x2.5', 'early x4.0 / late x2.5', 'early x4.0 / late x2.5', 'early x4.0 / late x2.5', 'early x4.0 / late x2.5', 'early x4.0 / late x2.5']
    FORWARD 2022-25       -3.09%  seasons better 2/4  | top-150 weighted -5.30%  | picks ['early x4.0 / late x2.5', 'early x4.0 / late x2.5', 'early x4.0 / late x2.5', 'early x4.0 / late x2.5']
    -> FAIL (best pooled: early x4.0 / late x2.5)

  13a WR rookies: usage weight in the evidence (flat)   (rows 541)
    pooled (seasons better at that fixed setting): lam 0.0: +1.98% (4)  lam 0.25: +1.16% (4)  lam 0.5: +1.40% (3)  lam 0.75: +2.68% (2)  lam 1.0: +5.00% (2)
    LEAVE-ONE-SEASON-OUT  +2.43%  seasons better 0/7  | top-150 weighted +2.87%  rank order +nan  | picks ['shipped', 'shipped', 'shipped', 'shipped', 'lam 0.0', 'shipped', 'shipped']
    FORWARD 2022-25       +3.97%  seasons better 1/4  | top-150 weighted +4.60%  | picks ['lam 0.0', 'lam 0.0', 'shipped', 'shipped']
    -> FAIL (best pooled: shipped)

  13b WR rookies: prior weight by stage (3-4 games / 5+)   (rows 541)
    pooled (seasons better at that fixed setting): early x1.0 / late x0.6: +0.44% (2)  early x1.0 / late x1.6: -0.22% (4)  early x1.0 / late x2.5: -0.28% (4)  early x1.6 / late x0.6: +0.38% (3)  early x1.6 / late x1.0: -0.06% (3)  early x1.6 / late x1.6: -0.28% (4)  early x1.6 / late x2.5: -0.34% (4)  early x2.5 / late x0.6: +0.46% (3)  early x2.5 / late x1.0: +0.02% (3)  early x2.5 / late x1.6: -0.20% (4)  early x2.5 / late x2.5: -0.25% (4)  early x4.0 / late x0.6: +0.60% (3)  early x4.0 / late x1.0: +0.16% (3)  early x4.0 / late x1.6: -0.06% (4)  early x4.0 / late x2.5: -0.11% (4)
    LEAVE-ONE-SEASON-OUT  +0.66%  seasons better 2/7  | top-150 weighted +1.56%  rank order +nan  | picks ['early x1.6 / late x1.6', 'early x2.5 / late x2.5', 'early x1.0 / late x2.5', 'early x1.0 / late x1.6', 'early x2.5 / late x2.5', 'early x1.0 / late x2.5', 'early x2.5 / late x2.5']
    FORWARD 2022-25       +0.71%  seasons better 2/4  | top-150 weighted +0.80%  | picks ['early x1.0 / late x2.5', 'early x4.0 / late x2.5', 'early x1.6 / late x2.5', 'early x2.5 / late x2.5']
    -> FAIL (best pooled: early x1.6 / late x2.5)

  13a TE rookies: usage weight in the evidence (flat)   (rows 171)
    pooled (seasons better at that fixed setting): lam 0.25: +0.06% (2)  lam 0.5: +0.27% (2)
    LEAVE-ONE-SEASON-OUT  +2.08%  seasons better 0/7  | top-150 weighted +1.75%  rank order +nan  | picks ['shipped', 'shipped', 'lam 0.25', 'shipped', 'lam 0.5', 'lam 0.5', 'shipped']
    FORWARD 2022-25       +1.43%  seasons better 0/4  | top-150 weighted -0.39%  | picks ['shipped', 'lam 0.5', 'shipped', 'shipped']
    -> FAIL (best pooled: shipped)

  13b TE rookies: prior weight by stage (3-4 games / 5+)   (rows 171)
    pooled (seasons better at that fixed setting): early x1.0 / late x0.6: +0.24% (3)  early x1.0 / late x1.6: +0.11% (3)  early x1.0 / late x2.5: +0.34% (3)  early x1.6 / late x0.6: +0.05% (3)  early x1.6 / late x1.0: -0.19% (4)  early x1.6 / late x1.6: -0.08% (3)  early x1.6 / late x2.5: +0.15% (3)  early x2.5 / late x0.6: -0.04% (3)  early x2.5 / late x1.0: -0.28% (3)  early x2.5 / late x1.6: -0.17% (3)  early x2.5 / late x2.5: +0.06% (3)  early x4.0 / late x0.6: -0.09% (3)  early x4.0 / late x1.0: -0.33% (3)  early x4.0 / late x1.6: -0.22% (3)  early x4.0 / late x2.5: +0.02% (3)
    LEAVE-ONE-SEASON-OUT  +1.29%  seasons better 3/7  | top-150 weighted +4.17%  rank order +nan  | picks ['early x4.0 / late x1.0', 'early x4.0 / late x1.0', 'early x4.0 / late x0.6', 'early x4.0 / late x1.0', 'early x4.0 / late x1.0', 'early x4.0 / late x2.5', 'early x2.5 / late x0.6']
    FORWARD 2022-25       +1.13%  seasons better 1/4  | top-150 weighted +3.51%  | picks ['early x1.0 / late x2.5', 'early x4.0 / late x2.5', 'early x2.5 / late x2.5', 'early x2.5 / late x0.6']
    -> FAIL (best pooled: early x4.0 / late x1.0)

  STACKED after section 13 (vs wired through section 11 | vs the Clay blend):
    ALL rows       n  8496  vs wired  -1.14% (6/7) | vs Clay blend -12.34% | top-150 wtd  -1.36% | rank order 0.6072 (wired 0.6046)
    top 150        n  5204  vs wired  -1.70% (5/7) | vs Clay blend  -9.62% | top-150 wtd  -1.36% | rank order 0.6072 (wired 0.6046)
    rookies        n  1224  vs wired  -1.11% (5/7) | vs Clay blend -21.42% | top-150 wtd  -1.31% | rank order nan (wired nan)
    RB rookies     n   379  vs wired  -3.53% (5/7) | vs Clay blend -21.43% | top-150 wtd  -2.56% | rank order nan (wired nan)
    WR rookies     n   541  vs wired  +0.50% (3/7) | vs Clay blend  -4.55% | top-150 wtd  +1.18% | rank order nan (wired nan)
    non-rookies    n  7272  vs wired  -1.14% (5/7) | vs Clay blend -10.24% | top-150 wtd  -1.36% | rank order 0.6000 (wired 0.5978)

--- 14  TIGHT ENDS: TD floor for role players, snap-level lift strength, run-heavy offense tilt (model as wired through section 13) ---

  14a TE with a role and few touchdowns so far: lift per missing TD point   (rows 507)
    pooled (seasons better at that fixed setting): e 0.02: -4.94% (6)  e 0.04: -8.88% (6)  e 0.06: -11.83% (6)  e 0.08: -13.78% (6)
    LEAVE-ONE-SEASON-OUT  -13.78%  seasons better 6/7  | top-150 weighted -11.50%  rank order -0.0755  | picks ['e 0.08', 'e 0.08', 'e 0.08', 'e 0.08', 'e 0.08', 'e 0.08', 'e 0.08']
    FORWARD 2022-25       -14.70%  seasons better 4/4  | top-150 weighted -12.93%  | picks ['e 0.08', 'e 0.08', 'e 0.08', 'e 0.08']
    rank order with e 0.08: better in 0/2 seasons (pooled -0.0755)
    -> PASS: e 0.08

  14a' same, no role gate   (rows 995)
    pooled (seasons better at that fixed setting): e 0.02: -1.62% (6)  e 0.04: -2.26% (5)  e 0.06: -1.90% (5)
    LEAVE-ONE-SEASON-OUT  -2.26%  seasons better 5/7  | top-150 weighted +2.34%  rank order +0.0101  | picks ['e 0.04', 'e 0.04', 'e 0.04', 'e 0.04', 'e 0.04', 'e 0.04', 'e 0.04']
    FORWARD 2022-25       -2.50%  seasons better 4/4  | top-150 weighted +1.95%  | picks ['e 0.02', 'e 0.02', 'e 0.04', 'e 0.04']
    rank order with e 0.04: better in 3/4 seasons (pooled +0.0101)
    -> FAIL (best pooled: e 0.04)

  14b TE snap-share level: lift / dock strength (wired e .3 both ways)   (rows 1,516)
    pooled (seasons better at that fixed setting): lift ^1.0 / dock ^0.5: -0.15% (4)  lift ^1.5 / dock ^0.5: -0.51% (5)  lift ^1.5 / dock ^1.0: -0.36% (5)  lift ^2.0 / dock ^0.5: -0.45% (4)  lift ^2.0 / dock ^1.0: -0.30% (5)
    LEAVE-ONE-SEASON-OUT  -0.03%  seasons better 4/7  | top-150 weighted +0.85%  rank order -0.0018  | picks ['lift ^1.5 / dock ^0.5', 'lift ^1.5 / dock ^0.5', 'lift ^2.0 / dock ^0.5', 'lift ^2.0 / dock ^0.5', 'lift ^1.5 / dock ^0.5', 'lift ^1.5 / dock ^1.0', 'lift ^1.5 / dock ^0.5']
    FORWARD 2022-25       +0.10%  seasons better 2/4  | top-150 weighted +2.40%  | picks ['lift ^2.0 / dock ^0.5', 'lift ^1.5 / dock ^0.5', 'lift ^1.5 / dock ^0.5', 'lift ^1.5 / dock ^0.5']
    rank order with lift ^1.5 / dock ^0.5: better in 1/7 seasons (pooled -0.0020)
    -> FAIL (best pooled: lift ^1.5 / dock ^0.5)

  14c TE run-heavy offense tilt (wired e .04 symmetric): run-heavy side only   (rows 810)
    pooled (seasons better at that fixed setting): e 0.03: -1.75% (4)  e 0.06: -1.98% (4)  e 0.09: -0.67% (4)  e 0.12: +2.16% (4)
    LEAVE-ONE-SEASON-OUT  -0.49%  seasons better 4/7  | top-150 weighted -1.86%  rank order +0.0018  | picks ['e 0.03', 'e 0.06', 'e 0.06', 'e 0.06', 'e 0.03', 'e 0.03', 'e 0.06']
    FORWARD 2022-25       -1.21%  seasons better 2/4  | top-150 weighted -0.14%  | picks ['e 0.03', 'e 0.03', 'e 0.03', 'e 0.06']
    rank order with e 0.06: better in 1/2 seasons (pooled +0.0403)
    -> FAIL (best pooled: e 0.06)

  14c' TE pass-rate tilt symmetric, stronger (on top of the wired .04)   (rows 1,535)
    pooled (seasons better at that fixed setting): e 0.03: +0.30% (3)  e 0.06: +2.19% (3)
    LEAVE-ONE-SEASON-OUT  +1.41%  seasons better 0/7  | top-150 weighted +3.08%  rank order -0.0107  | picks ['shipped', 'e 0.03', 'shipped', 'shipped', 'shipped', 'shipped', 'e 0.03']
    FORWARD 2022-25       +0.49%  seasons better 0/4  | top-150 weighted +1.31%  | picks ['shipped', 'shipped', 'shipped', 'e 0.03']
    -> FAIL (best pooled: shipped)

  STACKED after section 14 (vs wired through section 13 | vs the Clay blend):
    ALL rows     n  8496  vs section 13  -0.57% (6/7) | vs Clay blend -12.83% | act/proj 1.020 (was 1.024) | rank order 0.6092 (was 0.6072)
    top 150      n  5204  vs section 13  -0.33% (6/7) | vs Clay blend  -9.93% | act/proj 1.021 (was 1.025) | rank order 0.6092 (was 0.6072)
    TE           n  1535  vs section 13  -4.75% (6/7) | vs Clay blend -17.83% | act/proj 1.030 (was 1.063) | rank order 0.6322 (was 0.6223)
    TE top 150   n   618  vs section 13  -3.75% (6/7) | vs Clay blend -14.90% | act/proj 0.998 (was 1.032) | rank order 0.6322 (was 0.6223)
    non-TE       n  6961  vs section 13  +0.00% (0/7) | vs Clay blend -12.14% | act/proj 1.018 (was 1.018) | rank order 0.6033 (was 0.6033)
