ts,team,st,f,tag,margin,sid,name,pos,proj,actual,rem_fit,live_fit,live_v1,live_naive,stale,xmult,live_fitx,role,f_in,frozen
2026-10-01 23:15:18Z,CLE,pre,0.0,PRE,0,6783,Jerry Jeudy,WR,4.8,0.0,4.8,4.8,4.8,4.8,0.0,1.0,4.8,,0.0,0
2026-10-01 23:15:18Z,PIT,pre,0.0,PRE,0,PIT,Pittsburgh Steelers D/ST,DST,8.1,0.0,8.1,8.1,8.1,8.1,0.0,1.0,8.1,,0.0,0
2026-10-01 23:15:18Z,PIT,pre,0.0,PRE,0,96,Aaron Rodgers,QB,15.4,0.0,15.4,15.4,15.4,15.4,0.0,1.0,15.4,,0.0,0
2026-10-01 23:15:18Z,CLE,pre,0.0,PRE,0,11261,Andre Szmyt,K,6.9,0.0,6.9,6.9,6.9,6.9,0.0,1.0,6.9,,0.0,0
2026-10-01 23:15:18Z,PIT,pre,0.0,PRE,0,7021,Rico Dowdle,RB,8.4,0.0,8.4,8.4,8.4,8.4,0.0,1.0,8.4,,0.0,0
2026-10-01 23:15:18Z,PIT,pre,0.0,PRE,0,11630,Roman Wilson,WR,5.7,0.0,5.7,5.7,5.7,5.7,0.0,1.0,5.7,,0.0,0
2026-10-01 23:15:18Z,CLE,pre,0.0,PRE,0,12523,Jimmy Horn,WR,1.5,0.0,1.5,1.5,1.5,1.5,0.0,1.0,1.5,,0.0,0
2026-10-01 23:15:18Z,CLE,pre,0.0,PRE,0,11617,Malachi Corley,WR,0.5,0.0,0.5,0.5,0.5,0.5,0.0,1.0,0.5,,0.0,0
2026-10-01 23:15:18Z,PIT,pre,0.0,PRE,0,9479,Darnell Washington,TE,4.9,0.0,4.9,4.9,4.9,4.9,0.0,1.0,4.9,,0.0,0
2026-10-01 23:15:18Z,CLE,pre,0.0,PRE,0,CLE,Cleveland Browns D/ST,DST,7.0,0.0,7.0,7.0,7.0,7.0,0.0,1.0,7.0,,0.0,0
2026-10-01 23:15:18Z,PIT,pre,0.0,PRE,0,1945,Chris Boswell,K,8.1,0.0,8.1,8.1,8.1,8.1,0.0,1.0,8.1,,0.0,0
2026-10-01 23:15:18Z,CLE,pre,0.0,PRE,0,12512,Quinshon Judkins,RB,11.8,0.0,11.8,11.8,11.8,11.8,0.0,1.0,11.8,,0.0,0
2026-10-01 23:15:18Z,PIT,pre,0.0,PRE,0,7600,Pat Freiermuth,TE,7.8,0.0,7.8,7.8,7.8,7.8,0.0,1.0,7.8,,0.0,0
2026-10-01 23:15:18Z,PIT,pre,0.0,PRE,0,8228,Jaylen Warren,RB,13.6,0.0,13.6,13.6,13.6,13.6,0.0,1.0,13.6,,0.0,0
2026-10-01 23:15:18Z,CLE,pre,0.0,PRE,0,12503,Isaiah Bond,WR,1.6,0.0,1.6,1.6,1.6,1.6,0.0,1.0,1.6,,0.0,0
2026-10-01 23:15:18Z,PIT,pre,0.0,PRE,0,13274,Germie Bernard,WR,4.5,0.0,4.5,4.5,4.5,4.5,0.0,1.0,4.5,,0.0,0
2026-10-01 23:15:18Z,CLE,pre,0.0,PRE,0,12506,Harold Fannin,TE,10.6,0.0,10.6,10.6,10.6,10.6,0.0,1.0,10.6,,0.0,0
2026-10-01 23:15:18Z,CLE,pre,0.0,PRE,0,13346,Denzel Boston,WR,9.4,0.0,9.4,9.4,9.4,9.4,0.0,1.0,9.4,,0.0,0
2026-10-01 23:15:18Z,CLE,pre,0.0,PRE,0,4017,Deshaun Watson,QB,14.0,0.0,14.0,14.0,14.0,14.0,0.0,1.0,14.0,,0.0,0
2026-10-01 23:15:18Z,PIT,pre,0.0,PRE,0,13289,Drew Allar,QB,0.5,0.0,0.5,0.5,0.5,0.5,0.0,1.0,0.5,,0.0,0
2026-10-01 23:15:18Z,CLE,pre,0.0,PRE,0,13298,KC Concepcion,WR,9.9,0.0,9.9,9.9,9.9,9.9,0.0,1.0,9.9,,0.0,0
2026-10-01 23:15:18Z,PIT,pre,0.0,PRE,0,6819,Michael Pittman,WR,9.7,0.0,9.7,9.7,9.7,9.7,0.0,1.0,9.7,,0.0,0
2026-10-01 23:15:18Z,PIT,pre,0.0,PRE,0,5846,DK Metcalf,WR,11.2,0.0,11.2,11.2,11.2,11.2,0.0,1.0,11.2,,0.0,0
2026-10-01 23:17:18Z,CLE,pre,0.0,PRE,0,6783,Jerry Jeudy,WR,4.8,0.0,4.8,4.8,4.8,4.8,0.0,1.0,4.8,,0.0,0
2026-10-01 23:17:18Z,PIT,pre,0.0,PRE,0,PIT,Pittsburgh Steelers D/ST,DST,8.1,0.0,8.1,8.1,8.1,8.1,0.0,1.0,8.1,,0.0,0
2026-10-01 23:17:18Z,PIT,pre,0.0,PRE,0,96,Aaron Rodgers,QB,15.4,0.0,15.4,15.4,15.4,15.4,0.0,1.0,15.4,,0.0,0
2026-10-01 23:17:18Z,CLE,pre,0.0,PRE,0,11261,Andre Szmyt,K,6.9,0.0,6.9,6.9,6.9,6.9,0.0,1.0,6.9,,0.0,0
2026-10-01 23:17:18Z,PIT,pre,0.0,PRE,0,7021,Rico Dowdle,RB,8.4,0.0,8.4,8.4,8.4,8.4,0.0,1.0,8.4,,0.0,0
2026-10-01 23:17:18Z,PIT,pre,0.0,PRE,0,11630,Roman Wilson,WR,5.7,0.0,5.7,5.7,5.7,5.7,0.0,1.0,5.7,,0.0,0
2026-10-01 23:17:18Z,CLE,pre,0.0,PRE,0,12523,Jimmy Horn,WR,1.5,0.0,1.5,1.5,1.5,1.5,0.0,1.0,1.5,,0.0,0
2026-10-01 23:17:18Z,CLE,pre,0.0,PRE,0,11617,Malachi Corley,WR,0.5,0.0,0.5,0.5,0.5,0.5,0.0,1.0,0.5,,0.0,0
2026-10-01 23:17:18Z,PIT,pre,0.0,PRE,0,9479,Darnell Washington,TE,4.9,0.0,4.9,4.9,4.9,4.9,0.0,1.0,4.9,,0.0,0
2026-10-01 23:17:18Z,CLE,pre,0.0,PRE,0,CLE,Cleveland Browns D/ST,DST,7.0,0.0,7.0,7.0,7.0,7.0,0.0,1.0,7.0,,0.0,0
2026-10-01 23:17:18Z,PIT,pre,0.0,PRE,0,1945,Chris Boswell,K,8.1,0.0,8.1,8.1,8.1,8.1,0.0,1.0,8.1,,0.0,0
2026-10-01 23:17:18Z,CLE,pre,0.0,PRE,0,12512,Quinshon Judkins,RB,11.8,0.0,11.8,11.8,11.8,11.8,0.0,1.0,11.8,,0.0,0
2026-10-01 23:17:18Z,PIT,pre,0.0,PRE,0,7600,Pat Freiermuth,TE,7.8,0.0,7.8,7.8,7.8,7.8,0.0,1.0,7.8,,0.0,0
2026-10-01 23:17:18Z,PIT,pre,0.0,PRE,0,8228,Jaylen Warren,RB,13.6,0.0,13.6,13.6,13.6,13.6,0.0,1.0,13.6,,0.0,0
2026-10-01 23:17:18Z,CLE,pre,0.0,PRE,0,12503,Isaiah Bond,WR,1.6,0.0,1.6,1.6,1.6,1.6,0.0,1.0,1.6,,0.0,0
2026-10-01 23:17:18Z,PIT,pre,0.0,PRE,0,13274,Germie Bernard,WR,4.5,0.0,4.5,4.5,4.5,4.5,0.0,1.0,4.5,,0.0,0
2026-10-01 23:17:18Z,CLE,pre,0.0,PRE,0,12506,Harold Fannin,TE,10.6,0.0,10.6,10.6,10.6,10.6,0.0,1.0,10.6,,0.0,0
2026-10-01 23:17:18Z,CLE,pre,0.0,PRE,0,13346,Denzel Boston,WR,9.4,0.0,9.4,9.4,9.4,9.4,0.0,1.0,9.4,,0.0,0
2026-10-01 23:17:18Z,CLE,pre,0.0,PRE,0,4017,Deshaun Watson,QB,14.0,0.0,14.0,14.0,14.0,14.0,0.0,1.0,14.0,,0.0,0
2026-10-01 23:17:18Z,PIT,pre,0.0,PRE,0,13289,Drew Allar,QB,0.5,0.0,0.5,0.5,0.5,0.5,0.0,1.0,0.5,,0.0,0
2026-10-01 23:17:18Z,CLE,pre,0.0,PRE,0,13298,KC Concepcion,WR,9.9,0.0,9.9,9.9,9.9,9.9,0.0,1.0,9.9,,0.0,0
2026-10-01 23:17:18Z,PIT,pre,0.0,PRE,0,6819,Michael Pittman,WR,9.7,0.0,9.7,9.7,9.7,9.7,0.0,1.0,9.7,,0.0,0
2026-10-01 23:17:18Z,PIT,pre,0.0,PRE,0,5846,DK Metcalf,WR,11.2,0.0,11.2,11.2,11.2,11.2,0.0,1.0,11.2,,0.0,0
2026-10-01 23:19:18Z,CLE,pre,0.0,PRE,0,6783,Jerry Jeudy,WR,4.8,0.0,4.8,4.8,4.8,4.8,0.0,1.0,4.8,,0.0,0
2026-10-01 23:19:18Z,PIT,pre,0.0,PRE,0,PIT,Pittsburgh Steelers D/ST,DST,8.1,0.0,8.1,8.1,8.1,8.1,0.0,1.0,8.1,,0.0,0
2026-10-01 23:19:18Z,PIT,pre,0.0,PRE,0,96,Aaron Rodgers,QB,15.4,0.0,15.4,15.4,15.4,15.4,0.0,1.0,15.4,,0.0,0
2026-10-01 23:19:18Z,CLE,pre,0.0,PRE,0,11261,Andre Szmyt,K,6.9,0.0,6.9,6.9,6.9,6.9,0.0,1.0,6.9,,0.0,0
2026-10-01 23:19:18Z,PIT,pre,0.0,PRE,0,7021,Rico Dowdle,RB,8.4,0.0,8.4,8.4,8.4,8.4,0.0,1.0,8.4,,0.0,0
2026-10-01 23:19:18Z,PIT,pre,0.0,PRE,0,11630,Roman Wilson,WR,5.7,0.0,5.7,5.7,5.7,5.7,0.0,1.0,5.7,,0.0,0
2026-10-01 23:19:18Z,CLE,pre,0.0,PRE,0,12523,Jimmy Horn,WR,1.5,0.0,1.5,1.5,1.5,1.5,0.0,1.0,1.5,,0.0,0
2026-10-01 23:19:18Z,CLE,pre,0.0,PRE,0,11617,Malachi Corley,WR,0.5,0.0,0.5,0.5,0.5,0.5,0.0,1.0,0.5,,0.0,0
2026-10-01 23:19:18Z,PIT,pre,0.0,PRE,0,9479,Darnell Washington,TE,4.9,0.0,4.9,4.9,4.9,4.9,0.0,1.0,4.9,,0.0,0
2026-10-01 23:19:18Z,CLE,pre,0.0,PRE,0,CLE,Cleveland Browns D/ST,DST,7.0,0.0,7.0,7.0,7.0,7.0,0.0,1.0,7.0,,0.0,0
2026-10-01 23:19:18Z,PIT,pre,0.0,PRE,0,1945,Chris Boswell,K,8.1,0.0,8.1,8.1,8.1,8.1,0.0,1.0,8.1,,0.0,0
2026-10-01 23:19:18Z,CLE,pre,0.0,PRE,0,12512,Quinshon Judkins,RB,11.8,0.0,11.8,11.8,11.8,11.8,0.0,1.0,11.8,,0.0,0
2026-10-01 23:19:18Z,PIT,pre,0.0,PRE,0,7600,Pat Freiermuth,TE,7.8,0.0,7.8,7.8,7.8,7.8,0.0,1.0,7.8,,0.0,0
2026-10-01 23:19:18Z,PIT,pre,0.0,PRE,0,8228,Jaylen Warren,RB,13.6,0.0,13.6,13.6,13.6,13.6,0.0,1.0,13.6,,0.0,0
2026-10-01 23:19:18Z,CLE,pre,0.0,PRE,0,12503,Isaiah Bond,WR,1.6,0.0,1.6,1.6,1.6,1.6,0.0,1.0,1.6,,0.0,0
2026-10-01 23:19:18Z,PIT,pre,0.0,PRE,0,13274,Germie Bernard,WR,4.5,0.0,4.5,4.5,4.5,4.5,0.0,1.0,4.5,,0.0,0
2026-10-01 23:19:18Z,CLE,pre,0.0,PRE,0,12506,Harold Fannin,TE,10.6,0.0,10.6,10.6,10.6,10.6,0.0,1.0,10.6,,0.0,0
2026-10-01 23:19:18Z,CLE,pre,0.0,PRE,0,13346,Denzel Boston,WR,9.4,0.0,9.4,9.4,9.4,9.4,0.0,1.0,9.4,,0.0,0
2026-10-01 23:19:18Z,CLE,pre,0.0,PRE,0,4017,Deshaun Watson,QB,14.0,0.0,14.0,14.0,14.0,14.0,0.0,1.0,14.0,,0.0,0
2026-10-01 23:19:18Z,PIT,pre,0.0,PRE,0,13289,Drew Allar,QB,0.5,0.0,0.5,0.5,0.5,0.5,0.0,1.0,0.5,,0.0,0
2026-10-01 23:19:18Z,CLE,pre,0.0,PRE,0,13298,KC Concepcion,WR,9.9,0.0,9.9,9.9,9.9,9.9,0.0,1.0,9.9,,0.0,0
2026-10-01 23:19:18Z,PIT,pre,0.0,PRE,0,6819,Michael Pittman,WR,9.7,0.0,9.7,9.7,9.7,9.7,0.0,1.0,9.7,,0.0,0
2026-10-01 23:19:18Z,PIT,pre,0.0,PRE,0,5846,DK Metcalf,WR,11.2,0.0,11.2,11.2,11.2,11.2,0.0,1.0,11.2,,0.0,0
2026-10-01 23:21:19Z,CLE,pre,0.0,PRE,0,6783,Jerry Jeudy,WR,4.8,0.0,4.8,4.8,4.8,4.8,0.0,1.0,4.8,,0.0,0
2026-10-01 23:21:19Z,PIT,pre,0.0,PRE,0,PIT,Pittsburgh Steelers D/ST,DST,8.1,0.0,8.1,8.1,8.1,8.1,0.0,1.0,8.1,,0.0,0
2026-10-01 23:21:19Z,PIT,pre,0.0,PRE,0,96,Aaron Rodgers,QB,15.4,0.0,15.4,15.4,15.4,15.4,0.0,1.0,15.4,,0.0,0
2026-10-01 23:21:19Z,CLE,pre,0.0,PRE,0,11261,Andre Szmyt,K,6.9,0.0,6.9,6.9,6.9,6.9,0.0,1.0,6.9,,0.0,0
2026-10-01 23:21:19Z,PIT,pre,0.0,PRE,0,7021,Rico Dowdle,RB,8.4,0.0,8.4,8.4,8.4,8.4,0.0,1.0,8.4,,0.0,0
2026-10-01 23:21:19Z,PIT,pre,0.0,PRE,0,11630,Roman Wilson,WR,5.7,0.0,5.7,5.7,5.7,5.7,0.0,1.0,5.7,,0.0,0
2026-10-01 23:21:19Z,CLE,pre,0.0,PRE,0,12523,Jimmy Horn,WR,1.5,0.0,1.5,1.5,1.5,1.5,0.0,1.0,1.5,,0.0,0
2026-10-01 23:21:19Z,CLE,pre,0.0,PRE,0,11617,Malachi Corley,WR,0.5,0.0,0.5,0.5,0.5,0.5,0.0,1.0,0.5,,0.0,0
2026-10-01 23:21:19Z,PIT,pre,0.0,PRE,0,9479,Darnell Washington,TE,4.9,0.0,4.9,4.9,4.9,4.9,0.0,1.0,4.9,,0.0,0
2026-10-01 23:21:19Z,CLE,pre,0.0,PRE,0,CLE,Cleveland Browns D/ST,DST,7.0,0.0,7.0,7.0,7.0,7.0,0.0,1.0,7.0,,0.0,0
2026-10-01 23:21:19Z,PIT,pre,0.0,PRE,0,1945,Chris Boswell,K,8.1,0.0,8.1,8.1,8.1,8.1,0.0,1.0,8.1,,0.0,0
2026-10-01 23:21:19Z,CLE,pre,0.0,PRE,0,12512,Quinshon Judkins,RB,11.8,0.0,11.8,11.8,11.8,11.8,0.0,1.0,11.8,,0.0,0
2026-10-01 23:21:19Z,PIT,pre,0.0,PRE,0,7600,Pat Freiermuth,TE,7.8,0.0,7.8,7.8,7.8,7.8,0.0,1.0,7.8,,0.0,0
2026-10-01 23:21:19Z,PIT,pre,0.0,PRE,0,8228,Jaylen Warren,RB,13.6,0.0,13.6,13.6,13.6,13.6,0.0,1.0,13.6,,0.0,0
2026-10-01 23:21:19Z,CLE,pre,0.0,PRE,0,12503,Isaiah Bond,WR,1.6,0.0,1.6,1.6,1.6,1.6,0.0,1.0,1.6,,0.0,0
2026-10-01 23:21:19Z,PIT,pre,0.0,PRE,0,13274,Germie Bernard,WR,4.5,0.0,4.5,4.5,4.5,4.5,0.0,1.0,4.5,,0.0,0
2026-10-01 23:21:19Z,CLE,pre,0.0,PRE,0,12506,Harold Fannin,TE,10.6,0.0,10.6,10.6,10.6,10.6,0.0,1.0,10.6,,0.0,0
2026-10-01 23:21:19Z,CLE,pre,0.0,PRE,0,13346,Denzel Boston,WR,9.4,0.0,9.4,9.4,9.4,9.4,0.0,1.0,9.4,,0.0,0
2026-10-01 23:21:19Z,CLE,pre,0.0,PRE,0,4017,Deshaun Watson,QB,14.0,0.0,14.0,14.0,14.0,14.0,0.0,1.0,14.0,,0.0,0
2026-10-01 23:21:19Z,PIT,pre,0.0,PRE,0,13289,Drew Allar,QB,0.5,0.0,0.5,0.5,0.5,0.5,0.0,1.0,0.5,,0.0,0
2026-10-01 23:21:19Z,CLE,pre,0.0,PRE,0,13298,KC Concepcion,WR,9.9,0.0,9.9,9.9,9.9,9.9,0.0,1.0,9.9,,0.0,0
2026-10-01 23:21:19Z,PIT,pre,0.0,PRE,0,6819,Michael Pittman,WR,9.7,0.0,9.7,9.7,9.7,9.7,0.0,1.0,9.7,,0.0,0
2026-10-01 23:21:19Z,PIT,pre,0.0,PRE,0,5846,DK Metcalf,WR,11.2,0.0,11.2,11.2,11.2,11.2,0.0,1.0,11.2,,0.0,0
2026-10-01 23:23:19Z,CLE,pre,0.0,PRE,0,6783,Jerry Jeudy,WR,4.8,0.0,4.8,4.8,4.8,4.8,0.0,1.0,4.8,,0.0,0
2026-10-01 23:23:19Z,PIT,pre,0.0,PRE,0,PIT,Pittsburgh Steelers D/ST,DST,8.1,0.0,8.1,8.1,8.1,8.1,0.0,1.0,8.1,,0.0,0
2026-10-01 23:23:19Z,PIT,pre,0.0,PRE,0,96,Aaron Rodgers,QB,15.4,0.0,15.4,15.4,15.4,15.4,0.0,1.0,15.4,,0.0,0
2026-10-01 23:23:19Z,CLE,pre,0.0,PRE,0,11261,Andre Szmyt,K,6.9,0.0,6.9,6.9,6.9,6.9,0.0,1.0,6.9,,0.0,0
2026-10-01 23:23:19Z,PIT,pre,0.0,PRE,0,7021,Rico Dowdle,RB,8.4,0.0,8.4,8.4,8.4,8.4,0.0,1.0,8.4,,0.0,0
2026-10-01 23:23:19Z,PIT,pre,0.0,PRE,0,11630,Roman Wilson,WR,5.7,0.0,5.7,5.7,5.7,5.7,0.0,1.0,5.7,,0.0,0
2026-10-01 23:23:19Z,CLE,pre,0.0,PRE,0,12523,Jimmy Horn,WR,1.5,0.0,1.5,1.5,1.5,1.5,0.0,1.0,1.5,,0.0,0
2026-10-01 23:23:19Z,CLE,pre,0.0,PRE,0,11617,Malachi Corley,WR,0.5,0.0,0.5,0.5,0.5,0.5,0.0,1.0,0.5,,0.0,0
2026-10-01 23:23:19Z,PIT,pre,0.0,PRE,0,9479,Darnell Washington,TE,4.9,0.0,4.9,4.9,4.9,4.9,0.0,1.0,4.9,,0.0,0
2026-10-01 23:23:19Z,CLE,pre,0.0,PRE,0,CLE,Cleveland Browns D/ST,DST,7.0,0.0,7.0,7.0,7.0,7.0,0.0,1.0,7.0,,0.0,0
2026-10-01 23:23:19Z,PIT,pre,0.0,PRE,0,1945,Chris Boswell,K,8.1,0.0,8.1,8.1,8.1,8.1,0.0,1.0,8.1,,0.0,0
2026-10-01 23:23:19Z,CLE,pre,0.0,PRE,0,12512,Quinshon Judkins,RB,11.8,0.0,11.8,11.8,11.8,11.8,0.0,1.0,11.8,,0.0,0
2026-10-01 23:23:19Z,PIT,pre,0.0,PRE,0,7600,Pat Freiermuth,TE,7.8,0.0,7.8,7.8,7.8,7.8,0.0,1.0,7.8,,0.0,0
2026-10-01 23:23:19Z,PIT,pre,0.0,PRE,0,8228,Jaylen Warren,RB,13.6,0.0,13.6,13.6,13.6,13.6,0.0,1.0,13.6,,0.0,0
2026-10-01 23:23:19Z,CLE,pre,0.0,PRE,0,12503,Isaiah Bond,WR,1.6,0.0,1.6,1.6,1.6,1.6,0.0,1.0,1.6,,0.0,0
2026-10-01 23:23:19Z,PIT,pre,0.0,PRE,0,13274,Germie Bernard,WR,4.5,0.0,4.5,4.5,4.5,4.5,0.0,1.0,4.5,,0.0,0
2026-10-01 23:23:19Z,CLE,pre,0.0,PRE,0,12506,Harold Fannin,TE,10.6,0.0,10.6,10.6,10.6,10.6,0.0,1.0,10.6,,0.0,0
2026-10-01 23:23:19Z,CLE,pre,0.0,PRE,0,13346,Denzel Boston,WR,9.4,0.0,9.4,9.4,9.4,9.4,0.0,1.0,9.4,,0.0,0
2026-10-01 23:23:19Z,CLE,pre,0.0,PRE,0,4017,Deshaun Watson,QB,14.0,0.0,14.0,14.0,14.0,14.0,0.0,1.0,14.0,,0.0,0
2026-10-01 23:23:19Z,PIT,pre,0.0,PRE,0,13289,Drew Allar,QB,0.5,0.0,0.5,0.5,0.5,0.5,0.0,1.0,0.5,,0.0,0
2026-10-01 23:23:19Z,CLE,pre,0.0,PRE,0,13298,KC Concepcion,WR,9.9,0.0,9.9,9.9,9.9,9.9,0.0,1.0,9.9,,0.0,0
2026-10-01 23:23:19Z,PIT,pre,0.0,PRE,0,6819,Michael Pittman,WR,9.7,0.0,9.7,9.7,9.7,9.7,0.0,1.0,9.7,,0.0,0
2026-10-01 23:23:19Z,PIT,pre,0.0,PRE,0,5846,DK Metcalf,WR,11.2,0.0,11.2,11.2,11.2,11.2,0.0,1.0,11.2,,0.0,0
2026-10-01 23:25:20Z,CLE,pre,0.0,PRE,0,6783,Jerry Jeudy,WR,4.8,0.0,4.8,4.8,4.8,4.8,0.0,1.0,4.8,,0.0,0
2026-10-01 23:25:20Z,PIT,pre,0.0,PRE,0,PIT,Pittsburgh Steelers D/ST,DST,8.1,0.0,8.1,8.1,8.1,8.1,0.0,1.0,8.1,,0.0,0
2026-10-01 23:25:20Z,PIT,pre,0.0,PRE,0,96,Aaron Rodgers,QB,15.4,0.0,15.4,15.4,15.4,15.4,0.0,1.0,15.4,,0.0,0
2026-10-01 23:25:20Z,CLE,pre,0.0,PRE,0,11261,Andre Szmyt,K,6.9,0.0,6.9,6.9,6.9,6.9,0.0,1.0,6.9,,0.0,0
2026-10-01 23:25:20Z,PIT,pre,0.0,PRE,0,7021,Rico Dowdle,RB,8.4,0.0,8.4,8.4,8.4,8.4,0.0,1.0,8.4,,0.0,0
2026-10-01 23:25:20Z,PIT,pre,0.0,PRE,0,11630,Roman Wilson,WR,5.7,0.0,5.7,5.7,5.7,5.7,0.0,1.0,5.7,,0.0,0
2026-10-01 23:25:20Z,CLE,pre,0.0,PRE,0,12523,Jimmy Horn,WR,1.5,0.0,1.5,1.5,1.5,1.5,0.0,1.0,1.5,,0.0,0
2026-10-01 23:25:20Z,CLE,pre,0.0,PRE,0,11617,Malachi Corley,WR,0.5,0.0,0.5,0.5,0.5,0.5,0.0,1.0,0.5,,0.0,0
2026-10-01 23:25:20Z,PIT,pre,0.0,PRE,0,9479,Darnell Washington,TE,4.9,0.0,4.9,4.9,4.9,4.9,0.0,1.0,4.9,,0.0,0
2026-10-01 23:25:20Z,CLE,pre,0.0,PRE,0,CLE,Cleveland Browns D/ST,DST,7.0,0.0,7.0,7.0,7.0,7.0,0.0,1.0,7.0,,0.0,0
2026-10-01 23:25:20Z,PIT,pre,0.0,PRE,0,1945,Chris Boswell,K,8.1,0.0,8.1,8.1,8.1,8.1,0.0,1.0,8.1,,0.0,0
2026-10-01 23:25:20Z,CLE,pre,0.0,PRE,0,12512,Quinshon Judkins,RB,11.8,0.0,11.8,11.8,11.8,11.8,0.0,1.0,11.8,,0.0,0
2026-10-01 23:25:20Z,PIT,pre,0.0,PRE,0,7600,Pat Freiermuth,TE,7.8,0.0,7.8,7.8,7.8,7.8,0.0,1.0,7.8,,0.0,0
2026-10-01 23:25:20Z,PIT,pre,0.0,PRE,0,8228,Jaylen Warren,RB,13.6,0.0,13.6,13.6,13.6,13.6,0.0,1.0,13.6,,0.0,0
2026-10-01 23:25:20Z,CLE,pre,0.0,PRE,0,12503,Isaiah Bond,WR,1.6,0.0,1.6,1.6,1.6,1.6,0.0,1.0,1.6,,0.0,0
2026-10-01 23:25:20Z,PIT,pre,0.0,PRE,0,13274,Germie Bernard,WR,4.5,0.0,4.5,4.5,4.5,4.5,0.0,1.0,4.5,,0.0,0
2026-10-01 23:25:20Z,CLE,pre,0.0,PRE,0,12506,Harold Fannin,TE,10.6,0.0,10.6,10.6,10.6,10.6,0.0,1.0,10.6,,0.0,0
2026-10-01 23:25:20Z,CLE,pre,0.0,PRE,0,13346,Denzel Boston,WR,9.4,0.0,9.4,9.4,9.4,9.4,0.0,1.0,9.4,,0.0,0
2026-10-01 23:25:20Z,CLE,pre,0.0,PRE,0,4017,Deshaun Watson,QB,14.0,0.0,14.0,14.0,14.0,14.0,0.0,1.0,14.0,,0.0,0
2026-10-01 23:25:20Z,PIT,pre,0.0,PRE,0,13289,Drew Allar,QB,0.5,0.0,0.5,0.5,0.5,0.5,0.0,1.0,0.5,,0.0,0
2026-10-01 23:25:20Z,CLE,pre,0.0,PRE,0,13298,KC Concepcion,WR,9.9,0.0,9.9,9.9,9.9,9.9,0.0,1.0,9.9,,0.0,0
2026-10-01 23:25:20Z,PIT,pre,0.0,PRE,0,6819,Michael Pittman,WR,9.7,0.0,9.7,9.7,9.7,9.7,0.0,1.0,9.7,,0.0,0
2026-10-01 23:25:20Z,PIT,pre,0.0,PRE,0,5846,DK Metcalf,WR,11.2,0.0,11.2,11.2,11.2,11.2,0.0,1.0,11.2,,0.0,0
2026-10-01 23:27:20Z,CLE,pre,0.0,PRE,0,6783,Jerry Jeudy,WR,4.8,0.0,4.8,4.8,4.8,4.8,0.0,1.0,4.8,,0.0,0
2026-10-01 23:27:20Z,PIT,pre,0.0,PRE,0,PIT,Pittsburgh Steelers D/ST,DST,8.1,0.0,8.1,8.1,8.1,8.1,0.0,1.0,8.1,,0.0,0
2026-10-01 23:27:20Z,PIT,pre,0.0,PRE,0,96,Aaron Rodgers,QB,15.4,0.0,15.4,15.4,15.4,15.4,0.0,1.0,15.4,,0.0,0
2026-10-01 23:27:20Z,CLE,pre,0.0,PRE,0,11261,Andre Szmyt,K,6.9,0.0,6.9,6.9,6.9,6.9,0.0,1.0,6.9,,0.0,0
2026-10-01 23:27:20Z,PIT,pre,0.0,PRE,0,7021,Rico Dowdle,RB,8.4,0.0,8.4,8.4,8.4,8.4,0.0,1.0,8.4,,0.0,0
2026-10-01 23:27:20Z,PIT,pre,0.0,PRE,0,11630,Roman Wilson,WR,5.7,0.0,5.7,5.7,5.7,5.7,0.0,1.0,5.7,,0.0,0
2026-10-01 23:27:20Z,CLE,pre,0.0,PRE,0,12523,Jimmy Horn,WR,1.5,0.0,1.5,1.5,1.5,1.5,0.0,1.0,1.5,,0.0,0
2026-10-01 23:27:20Z,CLE,pre,0.0,PRE,0,11617,Malachi Corley,WR,0.5,0.0,0.5,0.5,0.5,0.5,0.0,1.0,0.5,,0.0,0
2026-10-01 23:27:20Z,PIT,pre,0.0,PRE,0,9479,Darnell Washington,TE,4.9,0.0,4.9,4.9,4.9,4.9,0.0,1.0,4.9,,0.0,0
2026-10-01 23:27:20Z,CLE,pre,0.0,PRE,0,CLE,Cleveland Browns D/ST,DST,7.0,0.0,7.0,7.0,7.0,7.0,0.0,1.0,7.0,,0.0,0
2026-10-01 23:27:20Z,PIT,pre,0.0,PRE,0,1945,Chris Boswell,K,8.1,0.0,8.1,8.1,8.1,8.1,0.0,1.0,8.1,,0.0,0
2026-10-01 23:27:20Z,CLE,pre,0.0,PRE,0,12512,Quinshon Judkins,RB,11.8,0.0,11.8,11.8,11.8,11.8,0.0,1.0,11.8,,0.0,0
2026-10-01 23:27:20Z,PIT,pre,0.0,PRE,0,7600,Pat Freiermuth,TE,7.8,0.0,7.8,7.8,7.8,7.8,0.0,1.0,7.8,,0.0,0
2026-10-01 23:27:20Z,PIT,pre,0.0,PRE,0,8228,Jaylen Warren,RB,13.6,0.0,13.6,13.6,13.6,13.6,0.0,1.0,13.6,,0.0,0
2026-10-01 23:27:20Z,CLE,pre,0.0,PRE,0,12503,Isaiah Bond,WR,1.6,0.0,1.6,1.6,1.6,1.6,0.0,1.0,1.6,,0.0,0
2026-10-01 23:27:20Z,PIT,pre,0.0,PRE,0,13274,Germie Bernard,WR,4.5,0.0,4.5,4.5,4.5,4.5,0.0,1.0,4.5,,0.0,0
2026-10-01 23:27:20Z,CLE,pre,0.0,PRE,0,12506,Harold Fannin,TE,10.6,0.0,10.6,10.6,10.6,10.6,0.0,1.0,10.6,,0.0,0
2026-10-01 23:27:20Z,CLE,pre,0.0,PRE,0,13346,Denzel Boston,WR,9.4,0.0,9.4,9.4,9.4,9.4,0.0,1.0,9.4,,0.0,0
2026-10-01 23:27:20Z,CLE,pre,0.0,PRE,0,4017,Deshaun Watson,QB,14.0,0.0,14.0,14.0,14.0,14.0,0.0,1.0,14.0,,0.0,0
2026-10-01 23:27:20Z,PIT,pre,0.0,PRE,0,13289,Drew Allar,QB,0.5,0.0,0.5,0.5,0.5,0.5,0.0,1.0,0.5,,0.0,0
2026-10-01 23:27:20Z,CLE,pre,0.0,PRE,0,13298,KC Concepcion,WR,9.9,0.0,9.9,9.9,9.9,9.9,0.0,1.0,9.9,,0.0,0
2026-10-01 23:27:20Z,PIT,pre,0.0,PRE,0,6819,Michael Pittman,WR,9.7,0.0,9.7,9.7,9.7,9.7,0.0,1.0,9.7,,0.0,0
2026-10-01 23:27:20Z,PIT,pre,0.0,PRE,0,5846,DK Metcalf,WR,11.2,0.0,11.2,11.2,11.2,11.2,0.0,1.0,11.2,,0.0,0
2026-10-01 23:29:20Z,CLE,pre,0.0,PRE,0,6783,Jerry Jeudy,WR,4.8,0.0,4.8,4.8,4.8,4.8,0.0,1.0,4.8,,0.0,0
2026-10-01 23:29:20Z,PIT,pre,0.0,PRE,0,PIT,Pittsburgh Steelers D/ST,DST,8.1,0.0,8.1,8.1,8.1,8.1,0.0,1.0,8.1,,0.0,0
2026-10-01 23:29:20Z,PIT,pre,0.0,PRE,0,96,Aaron Rodgers,QB,15.4,0.0,15.4,15.4,15.4,15.4,0.0,1.0,15.4,,0.0,0
2026-10-01 23:29:20Z,CLE,pre,0.0,PRE,0,11261,Andre Szmyt,K,6.9,0.0,6.9,6.9,6.9,6.9,0.0,1.0,6.9,,0.0,0
2026-10-01 23:29:20Z,PIT,pre,0.0,PRE,0,7021,Rico Dowdle,RB,8.4,0.0,8.4,8.4,8.4,8.4,0.0,1.0,8.4,,0.0,0
2026-10-01 23:29:20Z,PIT,pre,0.0,PRE,0,11630,Roman Wilson,WR,5.7,0.0,5.7,5.7,5.7,5.7,0.0,1.0,5.7,,0.0,0
2026-10-01 23:29:20Z,CLE,pre,0.0,PRE,0,12523,Jimmy Horn,WR,1.5,0.0,1.5,1.5,1.5,1.5,0.0,1.0,1.5,,0.0,0
2026-10-01 23:29:20Z,CLE,pre,0.0,PRE,0,11617,Malachi Corley,WR,0.5,0.0,0.5,0.5,0.5,0.5,0.0,1.0,0.5,,0.0,0
2026-10-01 23:29:20Z,PIT,pre,0.0,PRE,0,9479,Darnell Washington,TE,4.9,0.0,4.9,4.9,4.9,4.9,0.0,1.0,4.9,,0.0,0
2026-10-01 23:29:20Z,CLE,pre,0.0,PRE,0,CLE,Cleveland Browns D/ST,DST,7.0,0.0,7.0,7.0,7.0,7.0,0.0,1.0,7.0,,0.0,0
2026-10-01 23:29:20Z,PIT,pre,0.0,PRE,0,1945,Chris Boswell,K,8.1,0.0,8.1,8.1,8.1,8.1,0.0,1.0,8.1,,0.0,0
2026-10-01 23:29:20Z,CLE,pre,0.0,PRE,0,12512,Quinshon Judkins,RB,11.8,0.0,11.8,11.8,11.8,11.8,0.0,1.0,11.8,,0.0,0
2026-10-01 23:29:20Z,PIT,pre,0.0,PRE,0,7600,Pat Freiermuth,TE,7.8,0.0,7.8,7.8,7.8,7.8,0.0,1.0,7.8,,0.0,0
2026-10-01 23:29:20Z,PIT,pre,0.0,PRE,0,8228,Jaylen Warren,RB,13.6,0.0,13.6,13.6,13.6,13.6,0.0,1.0,13.6,,0.0,0
2026-10-01 23:29:20Z,CLE,pre,0.0,PRE,0,12503,Isaiah Bond,WR,1.6,0.0,1.6,1.6,1.6,1.6,0.0,1.0,1.6,,0.0,0
2026-10-01 23:29:20Z,PIT,pre,0.0,PRE,0,13274,Germie Bernard,WR,4.5,0.0,4.5,4.5,4.5,4.5,0.0,1.0,4.5,,0.0,0
2026-10-01 23:29:20Z,CLE,pre,0.0,PRE,0,12506,Harold Fannin,TE,10.6,0.0,10.6,10.6,10.6,10.6,0.0,1.0,10.6,,0.0,0
2026-10-01 23:29:20Z,CLE,pre,0.0,PRE,0,13346,Denzel Boston,WR,9.4,0.0,9.4,9.4,9.4,9.4,0.0,1.0,9.4,,0.0,0
2026-10-01 23:29:20Z,CLE,pre,0.0,PRE,0,4017,Deshaun Watson,QB,14.0,0.0,14.0,14.0,14.0,14.0,0.0,1.0,14.0,,0.0,0
2026-10-01 23:29:20Z,PIT,pre,0.0,PRE,0,13289,Drew Allar,QB,0.5,0.0,0.5,0.5,0.5,0.5,0.0,1.0,0.5,,0.0,0
2026-10-01 23:29:20Z,CLE,pre,0.0,PRE,0,13298,KC Concepcion,WR,9.9,0.0,9.9,9.9,9.9,9.9,0.0,1.0,9.9,,0.0,0
2026-10-01 23:29:20Z,PIT,pre,0.0,PRE,0,6819,Michael Pittman,WR,9.7,0.0,9.7,9.7,9.7,9.7,0.0,1.0,9.7,,0.0,0
2026-10-01 23:29:20Z,PIT,pre,0.0,PRE,0,5846,DK Metcalf,WR,11.2,0.0,11.2,11.2,11.2,11.2,0.0,1.0,11.2,,0.0,0
2026-10-01 23:31:21Z,CLE,pre,0.0,PRE,0,6783,Jerry Jeudy,WR,4.8,0.0,4.8,4.8,4.8,4.8,0.0,1.0,4.8,,0.0,0
2026-10-01 23:31:21Z,PIT,pre,0.0,PRE,0,PIT,Pittsburgh Steelers D/ST,DST,8.1,0.0,8.1,8.1,8.1,8.1,0.0,1.0,8.1,,0.0,0
2026-10-01 23:31:21Z,PIT,pre,0.0,PRE,0,96,Aaron Rodgers,QB,15.4,0.0,15.4,15.4,15.4,15.4,0.0,1.0,15.4,,0.0,0
2026-10-01 23:31:21Z,CLE,pre,0.0,PRE,0,11261,Andre Szmyt,K,6.9,0.0,6.9,6.9,6.9,6.9,0.0,1.0,6.9,,0.0,0
2026-10-01 23:31:21Z,PIT,pre,0.0,PRE,0,7021,Rico Dowdle,RB,8.4,0.0,8.4,8.4,8.4,8.4,0.0,1.0,8.4,,0.0,0
2026-10-01 23:31:21Z,PIT,pre,0.0,PRE,0,11630,Roman Wilson,WR,5.7,0.0,5.7,5.7,5.7,5.7,0.0,1.0,5.7,,0.0,0
2026-10-01 23:31:21Z,CLE,pre,0.0,PRE,0,12523,Jimmy Horn,WR,1.5,0.0,1.5,1.5,1.5,1.5,0.0,1.0,1.5,,0.0,0
2026-10-01 23:31:21Z,CLE,pre,0.0,PRE,0,11617,Malachi Corley,WR,0.5,0.0,0.5,0.5,0.5,0.5,0.0,1.0,0.5,,0.0,0
2026-10-01 23:31:21Z,PIT,pre,0.0,PRE,0,9479,Darnell Washington,TE,4.9,0.0,4.9,4.9,4.9,4.9,0.0,1.0,4.9,,0.0,0
2026-10-01 23:31:21Z,CLE,pre,0.0,PRE,0,CLE,Cleveland Browns D/ST,DST,7.0,0.0,7.0,7.0,7.0,7.0,0.0,1.0,7.0,,0.0,0
2026-10-01 23:31:21Z,PIT,pre,0.0,PRE,0,1945,Chris Boswell,K,8.1,0.0,8.1,8.1,8.1,8.1,0.0,1.0,8.1,,0.0,0
2026-10-01 23:31:21Z,CLE,pre,0.0,PRE,0,12512,Quinshon Judkins,RB,11.8,0.0,11.8,11.8,11.8,11.8,0.0,1.0,11.8,,0.0,0
2026-10-01 23:31:21Z,PIT,pre,0.0,PRE,0,7600,Pat Freiermuth,TE,7.8,0.0,7.8,7.8,7.8,7.8,0.0,1.0,7.8,,0.0,0
2026-10-01 23:31:21Z,PIT,pre,0.0,PRE,0,8228,Jaylen Warren,RB,13.6,0.0,13.6,13.6,13.6,13.6,0.0,1.0,13.6,,0.0,0
2026-10-01 23:31:21Z,CLE,pre,0.0,PRE,0,12503,Isaiah Bond,WR,1.6,0.0,1.6,1.6,1.6,1.6,0.0,1.0,1.6,,0.0,0
2026-10-01 23:31:21Z,PIT,pre,0.0,PRE,0,13274,Germie Bernard,WR,4.5,0.0,4.5,4.5,4.5,4.5,0.0,1.0,4.5,,0.0,0
2026-10-01 23:31:21Z,CLE,pre,0.0,PRE,0,12506,Harold Fannin,TE,10.6,0.0,10.6,10.6,10.6,10.6,0.0,1.0,10.6,,0.0,0
2026-10-01 23:31:21Z,CLE,pre,0.0,PRE,0,13346,Denzel Boston,WR,9.4,0.0,9.4,9.4,9.4,9.4,0.0,1.0,9.4,,0.0,0
2026-10-01 23:31:21Z,CLE,pre,0.0,PRE,0,4017,Deshaun Watson,QB,14.0,0.0,14.0,14.0,14.0,14.0,0.0,1.0,14.0,,0.0,0
2026-10-01 23:31:21Z,PIT,pre,0.0,PRE,0,13289,Drew Allar,QB,0.5,0.0,0.5,0.5,0.5,0.5,0.0,1.0,0.5,,0.0,0
2026-10-01 23:31:21Z,CLE,pre,0.0,PRE,0,13298,KC Concepcion,WR,9.9,0.0,9.9,9.9,9.9,9.9,0.0,1.0,9.9,,0.0,0
2026-10-01 23:31:21Z,PIT,pre,0.0,PRE,0,6819,Michael Pittman,WR,9.7,0.0,9.7,9.7,9.7,9.7,0.0,1.0,9.7,,0.0,0
2026-10-01 23:31:21Z,PIT,pre,0.0,PRE,0,5846,DK Metcalf,WR,11.2,0.0,11.2,11.2,11.2,11.2,0.0,1.0,11.2,,0.0,0
2026-10-01 23:33:21Z,CLE,pre,0.0,PRE,0,6783,Jerry Jeudy,WR,4.8,0.0,4.8,4.8,4.8,4.8,0.0,1.0,4.8,,0.0,0
2026-10-01 23:33:21Z,PIT,pre,0.0,PRE,0,PIT,Pittsburgh Steelers D/ST,DST,8.1,0.0,8.1,8.1,8.1,8.1,0.0,1.0,8.1,,0.0,0
2026-10-01 23:33:21Z,PIT,pre,0.0,PRE,0,96,Aaron Rodgers,QB,15.4,0.0,15.4,15.4,15.4,15.4,0.0,1.0,15.4,,0.0,0
2026-10-01 23:33:21Z,CLE,pre,0.0,PRE,0,11261,Andre Szmyt,K,6.9,0.0,6.9,6.9,6.9,6.9,0.0,1.0,6.9,,0.0,0
2026-10-01 23:33:21Z,PIT,pre,0.0,PRE,0,7021,Rico Dowdle,RB,8.4,0.0,8.4,8.4,8.4,8.4,0.0,1.0,8.4,,0.0,0
2026-10-01 23:33:21Z,PIT,pre,0.0,PRE,0,11630,Roman Wilson,WR,5.7,0.0,5.7,5.7,5.7,5.7,0.0,1.0,5.7,,0.0,0
2026-10-01 23:33:21Z,CLE,pre,0.0,PRE,0,12523,Jimmy Horn,WR,1.5,0.0,1.5,1.5,1.5,1.5,0.0,1.0,1.5,,0.0,0
2026-10-01 23:33:21Z,CLE,pre,0.0,PRE,0,11617,Malachi Corley,WR,0.5,0.0,0.5,0.5,0.5,0.5,0.0,1.0,0.5,,0.0,0
2026-10-01 23:33:21Z,PIT,pre,0.0,PRE,0,9479,Darnell Washington,TE,4.9,0.0,4.9,4.9,4.9,4.9,0.0,1.0,4.9,,0.0,0
2026-10-01 23:33:21Z,CLE,pre,0.0,PRE,0,CLE,Cleveland Browns D/ST,DST,7.0,0.0,7.0,7.0,7.0,7.0,0.0,1.0,7.0,,0.0,0
2026-10-01 23:33:21Z,PIT,pre,0.0,PRE,0,1945,Chris Boswell,K,8.1,0.0,8.1,8.1,8.1,8.1,0.0,1.0,8.1,,0.0,0
2026-10-01 23:33:21Z,CLE,pre,0.0,PRE,0,12512,Quinshon Judkins,RB,11.8,0.0,11.8,11.8,11.8,11.8,0.0,1.0,11.8,,0.0,0
2026-10-01 23:33:21Z,PIT,pre,0.0,PRE,0,7600,Pat Freiermuth,TE,7.8,0.0,7.8,7.8,7.8,7.8,0.0,1.0,7.8,,0.0,0
2026-10-01 23:33:21Z,PIT,pre,0.0,PRE,0,8228,Jaylen Warren,RB,13.6,0.0,13.6,13.6,13.6,13.6,0.0,1.0,13.6,,0.0,0
2026-10-01 23:33:21Z,CLE,pre,0.0,PRE,0,12503,Isaiah Bond,WR,1.6,0.0,1.6,1.6,1.6,1.6,0.0,1.0,1.6,,0.0,0
2026-10-01 23:33:21Z,PIT,pre,0.0,PRE,0,13274,Germie Bernard,WR,4.5,0.0,4.5,4.5,4.5,4.5,0.0,1.0,4.5,,0.0,0
2026-10-01 23:33:21Z,CLE,pre,0.0,PRE,0,12506,Harold Fannin,TE,10.6,0.0,10.6,10.6,10.6,10.6,0.0,1.0,10.6,,0.0,0
2026-10-01 23:33:21Z,CLE,pre,0.0,PRE,0,13346,Denzel Boston,WR,9.4,0.0,9.4,9.4,9.4,9.4,0.0,1.0,9.4,,0.0,0
2026-10-01 23:33:21Z,CLE,pre,0.0,PRE,0,4017,Deshaun Watson,QB,14.0,0.0,14.0,14.0,14.0,14.0,0.0,1.0,14.0,,0.0,0
2026-10-01 23:33:21Z,PIT,pre,0.0,PRE,0,13289,Drew Allar,QB,0.5,0.0,0.5,0.5,0.5,0.5,0.0,1.0,0.5,,0.0,0
2026-10-01 23:33:21Z,CLE,pre,0.0,PRE,0,13298,KC Concepcion,WR,9.9,0.0,9.9,9.9,9.9,9.9,0.0,1.0,9.9,,0.0,0
2026-10-01 23:33:21Z,PIT,pre,0.0,PRE,0,6819,Michael Pittman,WR,9.7,0.0,9.7,9.7,9.7,9.7,0.0,1.0,9.7,,0.0,0
2026-10-01 23:33:21Z,PIT,pre,0.0,PRE,0,5846,DK Metcalf,WR,11.2,0.0,11.2,11.2,11.2,11.2,0.0,1.0,11.2,,0.0,0
2026-10-01 23:35:22Z,CLE,pre,0.0,PRE,0,6783,Jerry Jeudy,WR,4.8,0.0,4.8,4.8,4.8,4.8,0.0,1.0,4.8,,0.0,0
2026-10-01 23:35:22Z,PIT,pre,0.0,PRE,0,PIT,Pittsburgh Steelers D/ST,DST,8.1,0.0,8.1,8.1,8.1,8.1,0.0,1.0,8.1,,0.0,0
2026-10-01 23:35:22Z,PIT,pre,0.0,PRE,0,96,Aaron Rodgers,QB,15.4,0.0,15.4,15.4,15.4,15.4,0.0,1.0,15.4,,0.0,0
2026-10-01 23:35:22Z,CLE,pre,0.0,PRE,0,11261,Andre Szmyt,K,6.9,0.0,6.9,6.9,6.9,6.9,0.0,1.0,6.9,,0.0,0
2026-10-01 23:35:22Z,PIT,pre,0.0,PRE,0,7021,Rico Dowdle,RB,8.4,0.0,8.4,8.4,8.4,8.4,0.0,1.0,8.4,,0.0,0
2026-10-01 23:35:22Z,PIT,pre,0.0,PRE,0,11630,Roman Wilson,WR,5.7,0.0,5.7,5.7,5.7,5.7,0.0,1.0,5.7,,0.0,0
2026-10-01 23:35:22Z,CLE,pre,0.0,PRE,0,12523,Jimmy Horn,WR,1.5,0.0,1.5,1.5,1.5,1.5,0.0,1.0,1.5,,0.0,0
2026-10-01 23:35:22Z,CLE,pre,0.0,PRE,0,11617,Malachi Corley,WR,0.5,0.0,0.5,0.5,0.5,0.5,0.0,1.0,0.5,,0.0,0
2026-10-01 23:35:22Z,PIT,pre,0.0,PRE,0,9479,Darnell Washington,TE,4.9,0.0,4.9,4.9,4.9,4.9,0.0,1.0,4.9,,0.0,0
2026-10-01 23:35:22Z,CLE,pre,0.0,PRE,0,CLE,Cleveland Browns D/ST,DST,7.0,0.0,7.0,7.0,7.0,7.0,0.0,1.0,7.0,,0.0,0
2026-10-01 23:35:22Z,PIT,pre,0.0,PRE,0,1945,Chris Boswell,K,8.1,0.0,8.1,8.1,8.1,8.1,0.0,1.0,8.1,,0.0,0
2026-10-01 23:35:22Z,CLE,pre,0.0,PRE,0,12512,Quinshon Judkins,RB,11.8,0.0,11.8,11.8,11.8,11.8,0.0,1.0,11.8,,0.0,0
2026-10-01 23:35:22Z,PIT,pre,0.0,PRE,0,7600,Pat Freiermuth,TE,7.8,0.0,7.8,7.8,7.8,7.8,0.0,1.0,7.8,,0.0,0
2026-10-01 23:35:22Z,PIT,pre,0.0,PRE,0,8228,Jaylen Warren,RB,13.6,0.0,13.6,13.6,13.6,13.6,0.0,1.0,13.6,,0.0,0
2026-10-01 23:35:22Z,CLE,pre,0.0,PRE,0,12503,Isaiah Bond,WR,1.6,0.0,1.6,1.6,1.6,1.6,0.0,1.0,1.6,,0.0,0
2026-10-01 23:35:22Z,PIT,pre,0.0,PRE,0,13274,Germie Bernard,WR,4.5,0.0,4.5,4.5,4.5,4.5,0.0,1.0,4.5,,0.0,0
2026-10-01 23:35:22Z,CLE,pre,0.0,PRE,0,12506,Harold Fannin,TE,10.6,0.0,10.6,10.6,10.6,10.6,0.0,1.0,10.6,,0.0,0
2026-10-01 23:35:22Z,CLE,pre,0.0,PRE,0,13346,Denzel Boston,WR,9.4,0.0,9.4,9.4,9.4,9.4,0.0,1.0,9.4,,0.0,0
2026-10-01 23:35:22Z,CLE,pre,0.0,PRE,0,4017,Deshaun Watson,QB,14.0,0.0,14.0,14.0,14.0,14.0,0.0,1.0,14.0,,0.0,0
2026-10-01 23:35:22Z,PIT,pre,0.0,PRE,0,13289,Drew Allar,QB,0.5,0.0,0.5,0.5,0.5,0.5,0.0,1.0,0.5,,0.0,0
2026-10-01 23:35:22Z,CLE,pre,0.0,PRE,0,13298,KC Concepcion,WR,9.9,0.0,9.9,9.9,9.9,9.9,0.0,1.0,9.9,,0.0,0
2026-10-01 23:35:22Z,PIT,pre,0.0,PRE,0,6819,Michael Pittman,WR,9.7,0.0,9.7,9.7,9.7,9.7,0.0,1.0,9.7,,0.0,0
2026-10-01 23:35:22Z,PIT,pre,0.0,PRE,0,5846,DK Metcalf,WR,11.2,0.0,11.2,11.2,11.2,11.2,0.0,1.0,11.2,,0.0,0
2026-10-01 23:37:22Z,CLE,pre,0.0,PRE,0,6783,Jerry Jeudy,WR,4.8,0.0,4.8,4.8,4.8,4.8,0.0,1.0,4.8,,0.0,0
2026-10-01 23:37:22Z,PIT,pre,0.0,PRE,0,PIT,Pittsburgh Steelers D/ST,DST,8.1,0.0,8.1,8.1,8.1,8.1,0.0,1.0,8.1,,0.0,0
2026-10-01 23:37:22Z,PIT,pre,0.0,PRE,0,96,Aaron Rodgers,QB,15.4,0.0,15.4,15.4,15.4,15.4,0.0,1.0,15.4,,0.0,0
2026-10-01 23:37:22Z,CLE,pre,0.0,PRE,0,11261,Andre Szmyt,K,6.9,0.0,6.9,6.9,6.9,6.9,0.0,1.0,6.9,,0.0,0
2026-10-01 23:37:22Z,PIT,pre,0.0,PRE,0,7021,Rico Dowdle,RB,8.4,0.0,8.4,8.4,8.4,8.4,0.0,1.0,8.4,,0.0,0
2026-10-01 23:37:22Z,PIT,pre,0.0,PRE,0,11630,Roman Wilson,WR,5.7,0.0,5.7,5.7,5.7,5.7,0.0,1.0,5.7,,0.0,0
2026-10-01 23:37:22Z,CLE,pre,0.0,PRE,0,12523,Jimmy Horn,WR,1.5,0.0,1.5,1.5,1.5,1.5,0.0,1.0,1.5,,0.0,0
2026-10-01 23:37:22Z,CLE,pre,0.0,PRE,0,11617,Malachi Corley,WR,0.5,0.0,0.5,0.5,0.5,0.5,0.0,1.0,0.5,,0.0,0
2026-10-01 23:37:22Z,PIT,pre,0.0,PRE,0,9479,Darnell Washington,TE,4.9,0.0,4.9,4.9,4.9,4.9,0.0,1.0,4.9,,0.0,0
2026-10-01 23:37:22Z,CLE,pre,0.0,PRE,0,CLE,Cleveland Browns D/ST,DST,7.0,0.0,7.0,7.0,7.0,7.0,0.0,1.0,7.0,,0.0,0
2026-10-01 23:37:22Z,PIT,pre,0.0,PRE,0,1945,Chris Boswell,K,8.1,0.0,8.1,8.1,8.1,8.1,0.0,1.0,8.1,,0.0,0
2026-10-01 23:37:22Z,CLE,pre,0.0,PRE,0,12512,Quinshon Judkins,RB,11.8,0.0,11.8,11.8,11.8,11.8,0.0,1.0,11.8,,0.0,0
2026-10-01 23:37:22Z,PIT,pre,0.0,PRE,0,7600,Pat Freiermuth,TE,7.8,0.0,7.8,7.8,7.8,7.8,0.0,1.0,7.8,,0.0,0
2026-10-01 23:37:22Z,PIT,pre,0.0,PRE,0,8228,Jaylen Warren,RB,13.6,0.0,13.6,13.6,13.6,13.6,0.0,1.0,13.6,,0.0,0
2026-10-01 23:37:22Z,CLE,pre,0.0,PRE,0,12503,Isaiah Bond,WR,1.6,0.0,1.6,1.6,1.6,1.6,0.0,1.0,1.6,,0.0,0
2026-10-01 23:37:22Z,PIT,pre,0.0,PRE,0,13274,Germie Bernard,WR,4.5,0.0,4.5,4.5,4.5,4.5,0.0,1.0,4.5,,0.0,0
2026-10-01 23:37:22Z,CLE,pre,0.0,PRE,0,12506,Harold Fannin,TE,10.6,0.0,10.6,10.6,10.6,10.6,0.0,1.0,10.6,,0.0,0
2026-10-01 23:37:22Z,CLE,pre,0.0,PRE,0,13346,Denzel Boston,WR,9.4,0.0,9.4,9.4,9.4,9.4,0.0,1.0,9.4,,0.0,0
2026-10-01 23:37:22Z,CLE,pre,0.0,PRE,0,4017,Deshaun Watson,QB,14.0,0.0,14.0,14.0,14.0,14.0,0.0,1.0,14.0,,0.0,0
2026-10-01 23:37:22Z,PIT,pre,0.0,PRE,0,13289,Drew Allar,QB,0.5,0.0,0.5,0.5,0.5,0.5,0.0,1.0,0.5,,0.0,0
2026-10-01 23:37:22Z,CLE,pre,0.0,PRE,0,13298,KC Concepcion,WR,9.9,0.0,9.9,9.9,9.9,9.9,0.0,1.0,9.9,,0.0,0
2026-10-01 23:37:22Z,PIT,pre,0.0,PRE,0,6819,Michael Pittman,WR,9.7,0.0,9.7,9.7,9.7,9.7,0.0,1.0,9.7,,0.0,0
2026-10-01 23:37:22Z,PIT,pre,0.0,PRE,0,5846,DK Metcalf,WR,11.2,0.0,11.2,11.2,11.2,11.2,0.0,1.0,11.2,,0.0,0
2026-10-01 23:39:22Z,CLE,pre,0.0,PRE,0,6783,Jerry Jeudy,WR,4.8,0.0,4.8,4.8,4.8,4.8,0.0,1.0,4.8,,0.0,0
2026-10-01 23:39:22Z,PIT,pre,0.0,PRE,0,PIT,Pittsburgh Steelers D/ST,DST,8.1,0.0,8.1,8.1,8.1,8.1,0.0,1.0,8.1,,0.0,0
2026-10-01 23:39:22Z,PIT,pre,0.0,PRE,0,96,Aaron Rodgers,QB,15.4,0.0,15.4,15.4,15.4,15.4,0.0,1.0,15.4,,0.0,0
2026-10-01 23:39:22Z,CLE,pre,0.0,PRE,0,11261,Andre Szmyt,K,6.9,0.0,6.9,6.9,6.9,6.9,0.0,1.0,6.9,,0.0,0
2026-10-01 23:39:22Z,PIT,pre,0.0,PRE,0,7021,Rico Dowdle,RB,8.4,0.0,8.4,8.4,8.4,8.4,0.0,1.0,8.4,,0.0,0
2026-10-01 23:39:22Z,PIT,pre,0.0,PRE,0,11630,Roman Wilson,WR,5.7,0.0,5.7,5.7,5.7,5.7,0.0,1.0,5.7,,0.0,0
2026-10-01 23:39:22Z,CLE,pre,0.0,PRE,0,12523,Jimmy Horn,WR,1.5,0.0,1.5,1.5,1.5,1.5,0.0,1.0,1.5,,0.0,0
2026-10-01 23:39:22Z,CLE,pre,0.0,PRE,0,11617,Malachi Corley,WR,0.5,0.0,0.5,0.5,0.5,0.5,0.0,1.0,0.5,,0.0,0
2026-10-01 23:39:22Z,PIT,pre,0.0,PRE,0,9479,Darnell Washington,TE,4.9,0.0,4.9,4.9,4.9,4.9,0.0,1.0,4.9,,0.0,0
2026-10-01 23:39:22Z,CLE,pre,0.0,PRE,0,CLE,Cleveland Browns D/ST,DST,7.0,0.0,7.0,7.0,7.0,7.0,0.0,1.0,7.0,,0.0,0
2026-10-01 23:39:22Z,PIT,pre,0.0,PRE,0,1945,Chris Boswell,K,8.1,0.0,8.1,8.1,8.1,8.1,0.0,1.0,8.1,,0.0,0
2026-10-01 23:39:22Z,CLE,pre,0.0,PRE,0,12512,Quinshon Judkins,RB,11.8,0.0,11.8,11.8,11.8,11.8,0.0,1.0,11.8,,0.0,0
2026-10-01 23:39:22Z,PIT,pre,0.0,PRE,0,7600,Pat Freiermuth,TE,7.8,0.0,7.8,7.8,7.8,7.8,0.0,1.0,7.8,,0.0,0
2026-10-01 23:39:22Z,PIT,pre,0.0,PRE,0,8228,Jaylen Warren,RB,13.6,0.0,13.6,13.6,13.6,13.6,0.0,1.0,13.6,,0.0,0
2026-10-01 23:39:22Z,CLE,pre,0.0,PRE,0,12503,Isaiah Bond,WR,1.6,0.0,1.6,1.6,1.6,1.6,0.0,1.0,1.6,,0.0,0
2026-10-01 23:39:22Z,PIT,pre,0.0,PRE,0,13274,Germie Bernard,WR,4.5,0.0,4.5,4.5,4.5,4.5,0.0,1.0,4.5,,0.0,0
2026-10-01 23:39:22Z,CLE,pre,0.0,PRE,0,12506,Harold Fannin,TE,10.6,0.0,10.6,10.6,10.6,10.6,0.0,1.0,10.6,,0.0,0
2026-10-01 23:39:22Z,CLE,pre,0.0,PRE,0,13346,Denzel Boston,WR,9.4,0.0,9.4,9.4,9.4,9.4,0.0,1.0,9.4,,0.0,0
2026-10-01 23:39:22Z,CLE,pre,0.0,PRE,0,4017,Deshaun Watson,QB,14.0,0.0,14.0,14.0,14.0,14.0,0.0,1.0,14.0,,0.0,0
2026-10-01 23:39:22Z,PIT,pre,0.0,PRE,0,13289,Drew Allar,QB,0.5,0.0,0.5,0.5,0.5,0.5,0.0,1.0,0.5,,0.0,0
2026-10-01 23:39:22Z,CLE,pre,0.0,PRE,0,13298,KC Concepcion,WR,9.9,0.0,9.9,9.9,9.9,9.9,0.0,1.0,9.9,,0.0,0
2026-10-01 23:39:22Z,PIT,pre,0.0,PRE,0,6819,Michael Pittman,WR,9.7,0.0,9.7,9.7,9.7,9.7,0.0,1.0,9.7,,0.0,0
2026-10-01 23:39:22Z,PIT,pre,0.0,PRE,0,5846,DK Metcalf,WR,11.2,0.0,11.2,11.2,11.2,11.2,0.0,1.0,11.2,,0.0,0
2026-10-01 23:41:23Z,CLE,pre,0.0,PRE,0,6783,Jerry Jeudy,WR,4.8,0.0,4.8,4.8,4.8,4.8,0.0,1.0,4.8,,0.0,0
2026-10-01 23:41:23Z,PIT,pre,0.0,PRE,0,PIT,Pittsburgh Steelers D/ST,DST,8.1,0.0,8.1,8.1,8.1,8.1,0.0,1.0,8.1,,0.0,0
2026-10-01 23:41:23Z,PIT,pre,0.0,PRE,0,96,Aaron Rodgers,QB,15.4,0.0,15.4,15.4,15.4,15.4,0.0,1.0,15.4,,0.0,0
2026-10-01 23:41:23Z,CLE,pre,0.0,PRE,0,11261,Andre Szmyt,K,6.9,0.0,6.9,6.9,6.9,6.9,0.0,1.0,6.9,,0.0,0
2026-10-01 23:41:23Z,PIT,pre,0.0,PRE,0,7021,Rico Dowdle,RB,8.4,0.0,8.4,8.4,8.4,8.4,0.0,1.0,8.4,,0.0,0
2026-10-01 23:41:23Z,PIT,pre,0.0,PRE,0,11630,Roman Wilson,WR,5.7,0.0,5.7,5.7,5.7,5.7,0.0,1.0,5.7,,0.0,0
2026-10-01 23:41:23Z,CLE,pre,0.0,PRE,0,12523,Jimmy Horn,WR,1.5,0.0,1.5,1.5,1.5,1.5,0.0,1.0,1.5,,0.0,0
2026-10-01 23:41:23Z,CLE,pre,0.0,PRE,0,11617,Malachi Corley,WR,0.5,0.0,0.5,0.5,0.5,0.5,0.0,1.0,0.5,,0.0,0
2026-10-01 23:41:23Z,PIT,pre,0.0,PRE,0,9479,Darnell Washington,TE,4.9,0.0,4.9,4.9,4.9,4.9,0.0,1.0,4.9,,0.0,0
2026-10-01 23:41:23Z,CLE,pre,0.0,PRE,0,CLE,Cleveland Browns D/ST,DST,7.0,0.0,7.0,7.0,7.0,7.0,0.0,1.0,7.0,,0.0,0
2026-10-01 23:41:23Z,PIT,pre,0.0,PRE,0,1945,Chris Boswell,K,8.1,0.0,8.1,8.1,8.1,8.1,0.0,1.0,8.1,,0.0,0
2026-10-01 23:41:23Z,CLE,pre,0.0,PRE,0,12512,Quinshon Judkins,RB,11.8,0.0,11.8,11.8,11.8,11.8,0.0,1.0,11.8,,0.0,0
2026-10-01 23:41:23Z,PIT,pre,0.0,PRE,0,7600,Pat Freiermuth,TE,7.8,0.0,7.8,7.8,7.8,7.8,0.0,1.0,7.8,,0.0,0
2026-10-01 23:41:23Z,PIT,pre,0.0,PRE,0,8228,Jaylen Warren,RB,13.6,0.0,13.6,13.6,13.6,13.6,0.0,1.0,13.6,,0.0,0
2026-10-01 23:41:23Z,CLE,pre,0.0,PRE,0,12503,Isaiah Bond,WR,1.6,0.0,1.6,1.6,1.6,1.6,0.0,1.0,1.6,,0.0,0
2026-10-01 23:41:23Z,PIT,pre,0.0,PRE,0,13274,Germie Bernard,WR,4.5,0.0,4.5,4.5,4.5,4.5,0.0,1.0,4.5,,0.0,0
2026-10-01 23:41:23Z,CLE,pre,0.0,PRE,0,12506,Harold Fannin,TE,10.6,0.0,10.6,10.6,10.6,10.6,0.0,1.0,10.6,,0.0,0
2026-10-01 23:41:23Z,CLE,pre,0.0,PRE,0,13346,Denzel Boston,WR,9.4,0.0,9.4,9.4,9.4,9.4,0.0,1.0,9.4,,0.0,0
2026-10-01 23:41:23Z,CLE,pre,0.0,PRE,0,4017,Deshaun Watson,QB,14.0,0.0,14.0,14.0,14.0,14.0,0.0,1.0,14.0,,0.0,0
2026-10-01 23:41:23Z,PIT,pre,0.0,PRE,0,13289,Drew Allar,QB,0.5,0.0,0.5,0.5,0.5,0.5,0.0,1.0,0.5,,0.0,0
2026-10-01 23:41:23Z,CLE,pre,0.0,PRE,0,13298,KC Concepcion,WR,9.9,0.0,9.9,9.9,9.9,9.9,0.0,1.0,9.9,,0.0,0
2026-10-01 23:41:23Z,PIT,pre,0.0,PRE,0,6819,Michael Pittman,WR,9.7,0.0,9.7,9.7,9.7,9.7,0.0,1.0,9.7,,0.0,0
2026-10-01 23:41:23Z,PIT,pre,0.0,PRE,0,5846,DK Metcalf,WR,11.2,0.0,11.2,11.2,11.2,11.2,0.0,1.0,11.2,,0.0,0
2026-10-01 23:43:23Z,CLE,pre,0.0,PRE,0,6783,Jerry Jeudy,WR,4.8,0.0,4.8,4.8,4.8,4.8,0.0,1.0,4.8,,0.0,0
2026-10-01 23:43:23Z,PIT,pre,0.0,PRE,0,PIT,Pittsburgh Steelers D/ST,DST,8.1,0.0,8.1,8.1,8.1,8.1,0.0,1.0,8.1,,0.0,0
2026-10-01 23:43:23Z,PIT,pre,0.0,PRE,0,96,Aaron Rodgers,QB,15.4,0.0,15.4,15.4,15.4,15.4,0.0,1.0,15.4,,0.0,0
2026-10-01 23:43:23Z,CLE,pre,0.0,PRE,0,11261,Andre Szmyt,K,6.9,0.0,6.9,6.9,6.9,6.9,0.0,1.0,6.9,,0.0,0
2026-10-01 23:43:23Z,PIT,pre,0.0,PRE,0,7021,Rico Dowdle,RB,8.4,0.0,8.4,8.4,8.4,8.4,0.0,1.0,8.4,,0.0,0
2026-10-01 23:43:23Z,PIT,pre,0.0,PRE,0,11630,Roman Wilson,WR,5.7,0.0,5.7,5.7,5.7,5.7,0.0,1.0,5.7,,0.0,0
2026-10-01 23:43:23Z,CLE,pre,0.0,PRE,0,12523,Jimmy Horn,WR,1.5,0.0,1.5,1.5,1.5,1.5,0.0,1.0,1.5,,0.0,0
2026-10-01 23:43:23Z,CLE,pre,0.0,PRE,0,11617,Malachi Corley,WR,0.5,0.0,0.5,0.5,0.5,0.5,0.0,1.0,0.5,,0.0,0
2026-10-01 23:43:23Z,PIT,pre,0.0,PRE,0,9479,Darnell Washington,TE,4.9,0.0,4.9,4.9,4.9,4.9,0.0,1.0,4.9,,0.0,0
2026-10-01 23:43:23Z,CLE,pre,0.0,PRE,0,CLE,Cleveland Browns D/ST,DST,7.0,0.0,7.0,7.0,7.0,7.0,0.0,1.0,7.0,,0.0,0
2026-10-01 23:43:23Z,PIT,pre,0.0,PRE,0,1945,Chris Boswell,K,8.1,0.0,8.1,8.1,8.1,8.1,0.0,1.0,8.1,,0.0,0
2026-10-01 23:43:23Z,CLE,pre,0.0,PRE,0,12512,Quinshon Judkins,RB,11.8,0.0,11.8,11.8,11.8,11.8,0.0,1.0,11.8,,0.0,0
2026-10-01 23:43:23Z,PIT,pre,0.0,PRE,0,7600,Pat Freiermuth,TE,7.8,0.0,7.8,7.8,7.8,7.8,0.0,1.0,7.8,,0.0,0
2026-10-01 23:43:23Z,PIT,pre,0.0,PRE,0,8228,Jaylen Warren,RB,13.6,0.0,13.6,13.6,13.6,13.6,0.0,1.0,13.6,,0.0,0
2026-10-01 23:43:23Z,CLE,pre,0.0,PRE,0,12503,Isaiah Bond,WR,1.6,0.0,1.6,1.6,1.6,1.6,0.0,1.0,1.6,,0.0,0
2026-10-01 23:43:23Z,PIT,pre,0.0,PRE,0,13274,Germie Bernard,WR,4.5,0.0,4.5,4.5,4.5,4.5,0.0,1.0,4.5,,0.0,0
2026-10-01 23:43:23Z,CLE,pre,0.0,PRE,0,12506,Harold Fannin,TE,10.6,0.0,10.6,10.6,10.6,10.6,0.0,1.0,10.6,,0.0,0
2026-10-01 23:43:23Z,CLE,pre,0.0,PRE,0,13346,Denzel Boston,WR,9.4,0.0,9.4,9.4,9.4,9.4,0.0,1.0,9.4,,0.0,0
2026-10-01 23:43:23Z,CLE,pre,0.0,PRE,0,4017,Deshaun Watson,QB,14.0,0.0,14.0,14.0,14.0,14.0,0.0,1.0,14.0,,0.0,0
2026-10-01 23:43:23Z,PIT,pre,0.0,PRE,0,13289,Drew Allar,QB,0.5,0.0,0.5,0.5,0.5,0.5,0.0,1.0,0.5,,0.0,0
2026-10-01 23:43:23Z,CLE,pre,0.0,PRE,0,13298,KC Concepcion,WR,9.9,0.0,9.9,9.9,9.9,9.9,0.0,1.0,9.9,,0.0,0
2026-10-01 23:43:23Z,PIT,pre,0.0,PRE,0,6819,Michael Pittman,WR,9.7,0.0,9.7,9.7,9.7,9.7,0.0,1.0,9.7,,0.0,0
2026-10-01 23:43:23Z,PIT,pre,0.0,PRE,0,5846,DK Metcalf,WR,11.2,0.0,11.2,11.2,11.2,11.2,0.0,1.0,11.2,,0.0,0
2026-10-01 23:45:23Z,CLE,pre,0.0,PRE,0,6783,Jerry Jeudy,WR,4.8,0.0,4.8,4.8,4.8,4.8,0.0,1.0,4.8,,0.0,0
2026-10-01 23:45:23Z,PIT,pre,0.0,PRE,0,PIT,Pittsburgh Steelers D/ST,DST,8.1,0.0,8.1,8.1,8.1,8.1,0.0,1.0,8.1,,0.0,0
2026-10-01 23:45:23Z,PIT,pre,0.0,PRE,0,96,Aaron Rodgers,QB,15.4,0.0,15.4,15.4,15.4,15.4,0.0,1.0,15.4,,0.0,0
2026-10-01 23:45:23Z,CLE,pre,0.0,PRE,0,11261,Andre Szmyt,K,6.9,0.0,6.9,6.9,6.9,6.9,0.0,1.0,6.9,,0.0,0
2026-10-01 23:45:23Z,PIT,pre,0.0,PRE,0,7021,Rico Dowdle,RB,8.4,0.0,8.4,8.4,8.4,8.4,0.0,1.0,8.4,,0.0,0
2026-10-01 23:45:23Z,PIT,pre,0.0,PRE,0,11630,Roman Wilson,WR,5.7,0.0,5.7,5.7,5.7,5.7,0.0,1.0,5.7,,0.0,0
2026-10-01 23:45:23Z,CLE,pre,0.0,PRE,0,12523,Jimmy Horn,WR,1.5,0.0,1.5,1.5,1.5,1.5,0.0,1.0,1.5,,0.0,0
2026-10-01 23:45:23Z,CLE,pre,0.0,PRE,0,11617,Malachi Corley,WR,0.5,0.0,0.5,0.5,0.5,0.5,0.0,1.0,0.5,,0.0,0
2026-10-01 23:45:23Z,PIT,pre,0.0,PRE,0,9479,Darnell Washington,TE,4.9,0.0,4.9,4.9,4.9,4.9,0.0,1.0,4.9,,0.0,0
2026-10-01 23:45:23Z,CLE,pre,0.0,PRE,0,CLE,Cleveland Browns D/ST,DST,7.0,0.0,7.0,7.0,7.0,7.0,0.0,1.0,7.0,,0.0,0
2026-10-01 23:45:23Z,PIT,pre,0.0,PRE,0,1945,Chris Boswell,K,8.1,0.0,8.1,8.1,8.1,8.1,0.0,1.0,8.1,,0.0,0
2026-10-01 23:45:23Z,CLE,pre,0.0,PRE,0,12512,Quinshon Judkins,RB,11.8,0.0,11.8,11.8,11.8,11.8,0.0,1.0,11.8,,0.0,0
2026-10-01 23:45:23Z,PIT,pre,0.0,PRE,0,7600,Pat Freiermuth,TE,7.8,0.0,7.8,7.8,7.8,7.8,0.0,1.0,7.8,,0.0,0
2026-10-01 23:45:23Z,PIT,pre,0.0,PRE,0,8228,Jaylen Warren,RB,13.6,0.0,13.6,13.6,13.6,13.6,0.0,1.0,13.6,,0.0,0
2026-10-01 23:45:23Z,CLE,pre,0.0,PRE,0,12503,Isaiah Bond,WR,1.6,0.0,1.6,1.6,1.6,1.6,0.0,1.0,1.6,,0.0,0
2026-10-01 23:45:23Z,PIT,pre,0.0,PRE,0,13274,Germie Bernard,WR,4.5,0.0,4.5,4.5,4.5,4.5,0.0,1.0,4.5,,0.0,0
2026-10-01 23:45:23Z,CLE,pre,0.0,PRE,0,12506,Harold Fannin,TE,10.6,0.0,10.6,10.6,10.6,10.6,0.0,1.0,10.6,,0.0,0
2026-10-01 23:45:23Z,CLE,pre,0.0,PRE,0,13346,Denzel Boston,WR,9.4,0.0,9.4,9.4,9.4,9.4,0.0,1.0,9.4,,0.0,0
2026-10-01 23:45:23Z,CLE,pre,0.0,PRE,0,4017,Deshaun Watson,QB,14.0,0.0,14.0,14.0,14.0,14.0,0.0,1.0,14.0,,0.0,0
2026-10-01 23:45:23Z,PIT,pre,0.0,PRE,0,13289,Drew Allar,QB,0.5,0.0,0.5,0.5,0.5,0.5,0.0,1.0,0.5,,0.0,0
2026-10-01 23:45:23Z,CLE,pre,0.0,PRE,0,13298,KC Concepcion,WR,9.9,0.0,9.9,9.9,9.9,9.9,0.0,1.0,9.9,,0.0,0
2026-10-01 23:45:23Z,PIT,pre,0.0,PRE,0,6819,Michael Pittman,WR,9.7,0.0,9.7,9.7,9.7,9.7,0.0,1.0,9.7,,0.0,0
2026-10-01 23:45:23Z,PIT,pre,0.0,PRE,0,5846,DK Metcalf,WR,11.2,0.0,11.2,11.2,11.2,11.2,0.0,1.0,11.2,,0.0,0
2026-10-01 23:47:24Z,CLE,pre,0.0,PRE,0,6783,Jerry Jeudy,WR,4.8,0.0,4.8,4.8,4.8,4.8,0.0,1.0,4.8,,0.0,0
2026-10-01 23:47:24Z,PIT,pre,0.0,PRE,0,PIT,Pittsburgh Steelers D/ST,DST,8.1,0.0,8.1,8.1,8.1,8.1,0.0,1.0,8.1,,0.0,0
2026-10-01 23:47:24Z,PIT,pre,0.0,PRE,0,96,Aaron Rodgers,QB,15.4,0.0,15.4,15.4,15.4,15.4,0.0,1.0,15.4,,0.0,0
2026-10-01 23:47:24Z,CLE,pre,0.0,PRE,0,11261,Andre Szmyt,K,6.9,0.0,6.9,6.9,6.9,6.9,0.0,1.0,6.9,,0.0,0
2026-10-01 23:47:24Z,PIT,pre,0.0,PRE,0,7021,Rico Dowdle,RB,8.4,0.0,8.4,8.4,8.4,8.4,0.0,1.0,8.4,,0.0,0
2026-10-01 23:47:24Z,PIT,pre,0.0,PRE,0,11630,Roman Wilson,WR,5.7,0.0,5.7,5.7,5.7,5.7,0.0,1.0,5.7,,0.0,0
2026-10-01 23:47:24Z,CLE,pre,0.0,PRE,0,12523,Jimmy Horn,WR,1.5,0.0,1.5,1.5,1.5,1.5,0.0,1.0,1.5,,0.0,0
2026-10-01 23:47:24Z,CLE,pre,0.0,PRE,0,11617,Malachi Corley,WR,0.5,0.0,0.5,0.5,0.5,0.5,0.0,1.0,0.5,,0.0,0
2026-10-01 23:47:24Z,PIT,pre,0.0,PRE,0,9479,Darnell Washington,TE,4.9,0.0,4.9,4.9,4.9,4.9,0.0,1.0,4.9,,0.0,0
2026-10-01 23:47:24Z,CLE,pre,0.0,PRE,0,CLE,Cleveland Browns D/ST,DST,7.0,0.0,7.0,7.0,7.0,7.0,0.0,1.0,7.0,,0.0,0
2026-10-01 23:47:24Z,PIT,pre,0.0,PRE,0,1945,Chris Boswell,K,8.1,0.0,8.1,8.1,8.1,8.1,0.0,1.0,8.1,,0.0,0
2026-10-01 23:47:24Z,CLE,pre,0.0,PRE,0,12512,Quinshon Judkins,RB,11.8,0.0,11.8,11.8,11.8,11.8,0.0,1.0,11.8,,0.0,0
2026-10-01 23:47:24Z,PIT,pre,0.0,PRE,0,7600,Pat Freiermuth,TE,7.8,0.0,7.8,7.8,7.8,7.8,0.0,1.0,7.8,,0.0,0
2026-10-01 23:47:24Z,PIT,pre,0.0,PRE,0,8228,Jaylen Warren,RB,13.6,0.0,13.6,13.6,13.6,13.6,0.0,1.0,13.6,,0.0,0
2026-10-01 23:47:24Z,CLE,pre,0.0,PRE,0,12503,Isaiah Bond,WR,1.6,0.0,1.6,1.6,1.6,1.6,0.0,1.0,1.6,,0.0,0
2026-10-01 23:47:24Z,PIT,pre,0.0,PRE,0,13274,Germie Bernard,WR,4.5,0.0,4.5,4.5,4.5,4.5,0.0,1.0,4.5,,0.0,0
2026-10-01 23:47:24Z,CLE,pre,0.0,PRE,0,12506,Harold Fannin,TE,10.6,0.0,10.6,10.6,10.6,10.6,0.0,1.0,10.6,,0.0,0
2026-10-01 23:47:24Z,CLE,pre,0.0,PRE,0,13346,Denzel Boston,WR,9.4,0.0,9.4,9.4,9.4,9.4,0.0,1.0,9.4,,0.0,0
2026-10-01 23:47:24Z,CLE,pre,0.0,PRE,0,4017,Deshaun Watson,QB,14.0,0.0,14.0,14.0,14.0,14.0,0.0,1.0,14.0,,0.0,0
2026-10-01 23:47:24Z,PIT,pre,0.0,PRE,0,13289,Drew Allar,QB,0.5,0.0,0.5,0.5,0.5,0.5,0.0,1.0,0.5,,0.0,0
2026-10-01 23:47:24Z,CLE,pre,0.0,PRE,0,13298,KC Concepcion,WR,9.9,0.0,9.9,9.9,9.9,9.9,0.0,1.0,9.9,,0.0,0
2026-10-01 23:47:24Z,PIT,pre,0.0,PRE,0,6819,Michael Pittman,WR,9.7,0.0,9.7,9.7,9.7,9.7,0.0,1.0,9.7,,0.0,0
2026-10-01 23:47:24Z,PIT,pre,0.0,PRE,0,5846,DK Metcalf,WR,11.2,0.0,11.2,11.2,11.2,11.2,0.0,1.0,11.2,,0.0,0
2026-10-01 23:49:24Z,CLE,pre,0.0,PRE,0,6783,Jerry Jeudy,WR,4.8,0.0,4.8,4.8,4.8,4.8,0.0,1.0,4.8,,0.0,0
2026-10-01 23:49:24Z,PIT,pre,0.0,PRE,0,PIT,Pittsburgh Steelers D/ST,DST,8.1,0.0,8.1,8.1,8.1,8.1,0.0,1.0,8.1,,0.0,0
2026-10-01 23:49:24Z,PIT,pre,0.0,PRE,0,96,Aaron Rodgers,QB,15.4,0.0,15.4,15.4,15.4,15.4,0.0,1.0,15.4,,0.0,0
2026-10-01 23:49:24Z,CLE,pre,0.0,PRE,0,11261,Andre Szmyt,K,6.9,0.0,6.9,6.9,6.9,6.9,0.0,1.0,6.9,,0.0,0
2026-10-01 23:49:24Z,PIT,pre,0.0,PRE,0,7021,Rico Dowdle,RB,8.4,0.0,8.4,8.4,8.4,8.4,0.0,1.0,8.4,,0.0,0
2026-10-01 23:49:24Z,PIT,pre,0.0,PRE,0,11630,Roman Wilson,WR,5.7,0.0,5.7,5.7,5.7,5.7,0.0,1.0,5.7,,0.0,0
2026-10-01 23:49:24Z,CLE,pre,0.0,PRE,0,12523,Jimmy Horn,WR,1.5,0.0,1.5,1.5,1.5,1.5,0.0,1.0,1.5,,0.0,0
2026-10-01 23:49:24Z,CLE,pre,0.0,PRE,0,11617,Malachi Corley,WR,0.5,0.0,0.5,0.5,0.5,0.5,0.0,1.0,0.5,,0.0,0
2026-10-01 23:49:24Z,PIT,pre,0.0,PRE,0,9479,Darnell Washington,TE,4.9,0.0,4.9,4.9,4.9,4.9,0.0,1.0,4.9,,0.0,0
2026-10-01 23:49:24Z,CLE,pre,0.0,PRE,0,CLE,Cleveland Browns D/ST,DST,7.0,0.0,7.0,7.0,7.0,7.0,0.0,1.0,7.0,,0.0,0
2026-10-01 23:49:24Z,PIT,pre,0.0,PRE,0,1945,Chris Boswell,K,8.1,0.0,8.1,8.1,8.1,8.1,0.0,1.0,8.1,,0.0,0
2026-10-01 23:49:24Z,CLE,pre,0.0,PRE,0,12512,Quinshon Judkins,RB,11.8,0.0,11.8,11.8,11.8,11.8,0.0,1.0,11.8,,0.0,0
2026-10-01 23:49:24Z,PIT,pre,0.0,PRE,0,7600,Pat Freiermuth,TE,7.8,0.0,7.8,7.8,7.8,7.8,0.0,1.0,7.8,,0.0,0
2026-10-01 23:49:24Z,PIT,pre,0.0,PRE,0,8228,Jaylen Warren,RB,13.6,0.0,13.6,13.6,13.6,13.6,0.0,1.0,13.6,,0.0,0
2026-10-01 23:49:24Z,CLE,pre,0.0,PRE,0,12503,Isaiah Bond,WR,1.6,0.0,1.6,1.6,1.6,1.6,0.0,1.0,1.6,,0.0,0
2026-10-01 23:49:24Z,PIT,pre,0.0,PRE,0,13274,Germie Bernard,WR,4.5,0.0,4.5,4.5,4.5,4.5,0.0,1.0,4.5,,0.0,0
2026-10-01 23:49:24Z,CLE,pre,0.0,PRE,0,12506,Harold Fannin,TE,10.6,0.0,10.6,10.6,10.6,10.6,0.0,1.0,10.6,,0.0,0
2026-10-01 23:49:24Z,CLE,pre,0.0,PRE,0,13346,Denzel Boston,WR,9.4,0.0,9.4,9.4,9.4,9.4,0.0,1.0,9.4,,0.0,0
2026-10-01 23:49:24Z,CLE,pre,0.0,PRE,0,4017,Deshaun Watson,QB,14.0,0.0,14.0,14.0,14.0,14.0,0.0,1.0,14.0,,0.0,0
2026-10-01 23:49:24Z,PIT,pre,0.0,PRE,0,13289,Drew Allar,QB,0.5,0.0,0.5,0.5,0.5,0.5,0.0,1.0,0.5,,0.0,0
2026-10-01 23:49:24Z,CLE,pre,0.0,PRE,0,13298,KC Concepcion,WR,9.9,0.0,9.9,9.9,9.9,9.9,0.0,1.0,9.9,,0.0,0
2026-10-01 23:49:24Z,PIT,pre,0.0,PRE,0,6819,Michael Pittman,WR,9.7,0.0,9.7,9.7,9.7,9.7,0.0,1.0,9.7,,0.0,0
2026-10-01 23:49:24Z,PIT,pre,0.0,PRE,0,5846,DK Metcalf,WR,11.2,0.0,11.2,11.2,11.2,11.2,0.0,1.0,11.2,,0.0,0
2026-10-01 23:51:24Z,CLE,pre,0.0,PRE,0,6783,Jerry Jeudy,WR,4.8,0.0,4.8,4.8,4.8,4.8,0.0,1.0,4.8,,0.0,0
2026-10-01 23:51:24Z,PIT,pre,0.0,PRE,0,PIT,Pittsburgh Steelers D/ST,DST,8.1,0.0,8.1,8.1,8.1,8.1,0.0,1.0,8.1,,0.0,0
2026-10-01 23:51:24Z,PIT,pre,0.0,PRE,0,96,Aaron Rodgers,QB,15.4,0.0,15.4,15.4,15.4,15.4,0.0,1.0,15.4,,0.0,0
2026-10-01 23:51:24Z,CLE,pre,0.0,PRE,0,11261,Andre Szmyt,K,6.9,0.0,6.9,6.9,6.9,6.9,0.0,1.0,6.9,,0.0,0
2026-10-01 23:51:24Z,PIT,pre,0.0,PRE,0,7021,Rico Dowdle,RB,8.4,0.0,8.4,8.4,8.4,8.4,0.0,1.0,8.4,,0.0,0
2026-10-01 23:51:24Z,PIT,pre,0.0,PRE,0,11630,Roman Wilson,WR,5.7,0.0,5.7,5.7,5.7,5.7,0.0,1.0,5.7,,0.0,0
2026-10-01 23:51:24Z,CLE,pre,0.0,PRE,0,12523,Jimmy Horn,WR,1.5,0.0,1.5,1.5,1.5,1.5,0.0,1.0,1.5,,0.0,0
2026-10-01 23:51:24Z,CLE,pre,0.0,PRE,0,11617,Malachi Corley,WR,0.5,0.0,0.5,0.5,0.5,0.5,0.0,1.0,0.5,,0.0,0
2026-10-01 23:51:24Z,PIT,pre,0.0,PRE,0,9479,Darnell Washington,TE,4.9,0.0,4.9,4.9,4.9,4.9,0.0,1.0,4.9,,0.0,0
2026-10-01 23:51:24Z,CLE,pre,0.0,PRE,0,CLE,Cleveland Browns D/ST,DST,7.0,0.0,7.0,7.0,7.0,7.0,0.0,1.0,7.0,,0.0,0
2026-10-01 23:51:24Z,PIT,pre,0.0,PRE,0,1945,Chris Boswell,K,8.1,0.0,8.1,8.1,8.1,8.1,0.0,1.0,8.1,,0.0,0
2026-10-01 23:51:24Z,CLE,pre,0.0,PRE,0,12512,Quinshon Judkins,RB,11.8,0.0,11.8,11.8,11.8,11.8,0.0,1.0,11.8,,0.0,0
2026-10-01 23:51:24Z,PIT,pre,0.0,PRE,0,7600,Pat Freiermuth,TE,7.8,0.0,7.8,7.8,7.8,7.8,0.0,1.0,7.8,,0.0,0
2026-10-01 23:51:24Z,PIT,pre,0.0,PRE,0,8228,Jaylen Warren,RB,13.6,0.0,13.6,13.6,13.6,13.6,0.0,1.0,13.6,,0.0,0
2026-10-01 23:51:24Z,CLE,pre,0.0,PRE,0,12503,Isaiah Bond,WR,1.6,0.0,1.6,1.6,1.6,1.6,0.0,1.0,1.6,,0.0,0
2026-10-01 23:51:24Z,PIT,pre,0.0,PRE,0,13274,Germie Bernard,WR,4.5,0.0,4.5,4.5,4.5,4.5,0.0,1.0,4.5,,0.0,0
2026-10-01 23:51:24Z,CLE,pre,0.0,PRE,0,12506,Harold Fannin,TE,10.6,0.0,10.6,10.6,10.6,10.6,0.0,1.0,10.6,,0.0,0
2026-10-01 23:51:24Z,CLE,pre,0.0,PRE,0,13346,Denzel Boston,WR,9.4,0.0,9.4,9.4,9.4,9.4,0.0,1.0,9.4,,0.0,0
2026-10-01 23:51:24Z,CLE,pre,0.0,PRE,0,4017,Deshaun Watson,QB,14.0,0.0,14.0,14.0,14.0,14.0,0.0,1.0,14.0,,0.0,0
2026-10-01 23:51:24Z,PIT,pre,0.0,PRE,0,13289,Drew Allar,QB,0.5,0.0,0.5,0.5,0.5,0.5,0.0,1.0,0.5,,0.0,0
2026-10-01 23:51:24Z,CLE,pre,0.0,PRE,0,13298,KC Concepcion,WR,9.9,0.0,9.9,9.9,9.9,9.9,0.0,1.0,9.9,,0.0,0
2026-10-01 23:51:24Z,PIT,pre,0.0,PRE,0,6819,Michael Pittman,WR,9.7,0.0,9.7,9.7,9.7,9.7,0.0,1.0,9.7,,0.0,0
2026-10-01 23:51:24Z,PIT,pre,0.0,PRE,0,5846,DK Metcalf,WR,11.2,0.0,11.2,11.2,11.2,11.2,0.0,1.0,11.2,,0.0,0
2026-10-01 23:53:25Z,CLE,pre,0.0,PRE,0,6783,Jerry Jeudy,WR,4.8,0.0,4.8,4.8,4.8,4.8,0.0,1.0,4.8,,0.0,0
2026-10-01 23:53:25Z,PIT,pre,0.0,PRE,0,PIT,Pittsburgh Steelers D/ST,DST,8.1,0.0,8.1,8.1,8.1,8.1,0.0,1.0,8.1,,0.0,0
2026-10-01 23:53:25Z,PIT,pre,0.0,PRE,0,96,Aaron Rodgers,QB,15.4,0.0,15.4,15.4,15.4,15.4,0.0,1.0,15.4,,0.0,0
2026-10-01 23:53:25Z,CLE,pre,0.0,PRE,0,11261,Andre Szmyt,K,6.9,0.0,6.9,6.9,6.9,6.9,0.0,1.0,6.9,,0.0,0
2026-10-01 23:53:25Z,PIT,pre,0.0,PRE,0,7021,Rico Dowdle,RB,8.4,0.0,8.4,8.4,8.4,8.4,0.0,1.0,8.4,,0.0,0
2026-10-01 23:53:25Z,PIT,pre,0.0,PRE,0,11630,Roman Wilson,WR,5.7,0.0,5.7,5.7,5.7,5.7,0.0,1.0,5.7,,0.0,0
2026-10-01 23:53:25Z,CLE,pre,0.0,PRE,0,12523,Jimmy Horn,WR,1.5,0.0,1.5,1.5,1.5,1.5,0.0,1.0,1.5,,0.0,0
2026-10-01 23:53:25Z,CLE,pre,0.0,PRE,0,11617,Malachi Corley,WR,0.5,0.0,0.5,0.5,0.5,0.5,0.0,1.0,0.5,,0.0,0
2026-10-01 23:53:25Z,PIT,pre,0.0,PRE,0,9479,Darnell Washington,TE,4.9,0.0,4.9,4.9,4.9,4.9,0.0,1.0,4.9,,0.0,0
2026-10-01 23:53:25Z,CLE,pre,0.0,PRE,0,CLE,Cleveland Browns D/ST,DST,7.0,0.0,7.0,7.0,7.0,7.0,0.0,1.0,7.0,,0.0,0
2026-10-01 23:53:25Z,PIT,pre,0.0,PRE,0,1945,Chris Boswell,K,8.1,0.0,8.1,8.1,8.1,8.1,0.0,1.0,8.1,,0.0,0
2026-10-01 23:53:25Z,CLE,pre,0.0,PRE,0,12512,Quinshon Judkins,RB,11.8,0.0,11.8,11.8,11.8,11.8,0.0,1.0,11.8,,0.0,0
2026-10-01 23:53:25Z,PIT,pre,0.0,PRE,0,7600,Pat Freiermuth,TE,7.8,0.0,7.8,7.8,7.8,7.8,0.0,1.0,7.8,,0.0,0
2026-10-01 23:53:25Z,PIT,pre,0.0,PRE,0,8228,Jaylen Warren,RB,13.6,0.0,13.6,13.6,13.6,13.6,0.0,1.0,13.6,,0.0,0
2026-10-01 23:53:25Z,CLE,pre,0.0,PRE,0,12503,Isaiah Bond,WR,1.6,0.0,1.6,1.6,1.6,1.6,0.0,1.0,1.6,,0.0,0
2026-10-01 23:53:25Z,PIT,pre,0.0,PRE,0,13274,Germie Bernard,WR,4.5,0.0,4.5,4.5,4.5,4.5,0.0,1.0,4.5,,0.0,0
2026-10-01 23:53:25Z,CLE,pre,0.0,PRE,0,12506,Harold Fannin,TE,10.6,0.0,10.6,10.6,10.6,10.6,0.0,1.0,10.6,,0.0,0
2026-10-01 23:53:25Z,CLE,pre,0.0,PRE,0,13346,Denzel Boston,WR,9.4,0.0,9.4,9.4,9.4,9.4,0.0,1.0,9.4,,0.0,0
2026-10-01 23:53:25Z,CLE,pre,0.0,PRE,0,4017,Deshaun Watson,QB,14.0,0.0,14.0,14.0,14.0,14.0,0.0,1.0,14.0,,0.0,0
2026-10-01 23:53:25Z,PIT,pre,0.0,PRE,0,13289,Drew Allar,QB,0.5,0.0,0.5,0.5,0.5,0.5,0.0,1.0,0.5,,0.0,0
2026-10-01 23:53:25Z,CLE,pre,0.0,PRE,0,13298,KC Concepcion,WR,9.9,0.0,9.9,9.9,9.9,9.9,0.0,1.0,9.9,,0.0,0
2026-10-01 23:53:25Z,PIT,pre,0.0,PRE,0,6819,Michael Pittman,WR,9.7,0.0,9.7,9.7,9.7,9.7,0.0,1.0,9.7,,0.0,0
2026-10-01 23:53:25Z,PIT,pre,0.0,PRE,0,5846,DK Metcalf,WR,11.2,0.0,11.2,11.2,11.2,11.2,0.0,1.0,11.2,,0.0,0
2026-10-01 23:55:25Z,CLE,pre,0.0,PRE,0,6783,Jerry Jeudy,WR,4.8,0.0,4.8,4.8,4.8,4.8,0.0,1.0,4.8,,0.0,0
2026-10-01 23:55:25Z,PIT,pre,0.0,PRE,0,PIT,Pittsburgh Steelers D/ST,DST,8.1,0.0,8.1,8.1,8.1,8.1,0.0,1.0,8.1,,0.0,0
2026-10-01 23:55:25Z,PIT,pre,0.0,PRE,0,96,Aaron Rodgers,QB,15.4,0.0,15.4,15.4,15.4,15.4,0.0,1.0,15.4,,0.0,0
2026-10-01 23:55:25Z,CLE,pre,0.0,PRE,0,11261,Andre Szmyt,K,6.9,0.0,6.9,6.9,6.9,6.9,0.0,1.0,6.9,,0.0,0
2026-10-01 23:55:25Z,PIT,pre,0.0,PRE,0,7021,Rico Dowdle,RB,8.4,0.0,8.4,8.4,8.4,8.4,0.0,1.0,8.4,,0.0,0
2026-10-01 23:55:25Z,PIT,pre,0.0,PRE,0,11630,Roman Wilson,WR,5.7,0.0,5.7,5.7,5.7,5.7,0.0,1.0,5.7,,0.0,0
2026-10-01 23:55:25Z,CLE,pre,0.0,PRE,0,12523,Jimmy Horn,WR,1.5,0.0,1.5,1.5,1.5,1.5,0.0,1.0,1.5,,0.0,0
2026-10-01 23:55:25Z,CLE,pre,0.0,PRE,0,11617,Malachi Corley,WR,0.5,0.0,0.5,0.5,0.5,0.5,0.0,1.0,0.5,,0.0,0
2026-10-01 23:55:25Z,PIT,pre,0.0,PRE,0,9479,Darnell Washington,TE,4.9,0.0,4.9,4.9,4.9,4.9,0.0,1.0,4.9,,0.0,0
2026-10-01 23:55:25Z,CLE,pre,0.0,PRE,0,CLE,Cleveland Browns D/ST,DST,7.0,0.0,7.0,7.0,7.0,7.0,0.0,1.0,7.0,,0.0,0
2026-10-01 23:55:25Z,PIT,pre,0.0,PRE,0,1945,Chris Boswell,K,8.1,0.0,8.1,8.1,8.1,8.1,0.0,1.0,8.1,,0.0,0
2026-10-01 23:55:25Z,CLE,pre,0.0,PRE,0,12512,Quinshon Judkins,RB,11.8,0.0,11.8,11.8,11.8,11.8,0.0,1.0,11.8,,0.0,0
2026-10-01 23:55:25Z,PIT,pre,0.0,PRE,0,7600,Pat Freiermuth,TE,7.8,0.0,7.8,7.8,7.8,7.8,0.0,1.0,7.8,,0.0,0
2026-10-01 23:55:25Z,PIT,pre,0.0,PRE,0,8228,Jaylen Warren,RB,13.6,0.0,13.6,13.6,13.6,13.6,0.0,1.0,13.6,,0.0,0
2026-10-01 23:55:25Z,CLE,pre,0.0,PRE,0,12503,Isaiah Bond,WR,1.6,0.0,1.6,1.6,1.6,1.6,0.0,1.0,1.6,,0.0,0
2026-10-01 23:55:25Z,PIT,pre,0.0,PRE,0,13274,Germie Bernard,WR,4.5,0.0,4.5,4.5,4.5,4.5,0.0,1.0,4.5,,0.0,0
2026-10-01 23:55:25Z,CLE,pre,0.0,PRE,0,12506,Harold Fannin,TE,10.6,0.0,10.6,10.6,10.6,10.6,0.0,1.0,10.6,,0.0,0
2026-10-01 23:55:25Z,CLE,pre,0.0,PRE,0,13346,Denzel Boston,WR,9.4,0.0,9.4,9.4,9.4,9.4,0.0,1.0,9.4,,0.0,0
2026-10-01 23:55:25Z,CLE,pre,0.0,PRE,0,4017,Deshaun Watson,QB,14.0,0.0,14.0,14.0,14.0,14.0,0.0,1.0,14.0,,0.0,0
2026-10-01 23:55:25Z,PIT,pre,0.0,PRE,0,13289,Drew Allar,QB,0.5,0.0,0.5,0.5,0.5,0.5,0.0,1.0,0.5,,0.0,0
2026-10-01 23:55:25Z,CLE,pre,0.0,PRE,0,13298,KC Concepcion,WR,9.9,0.0,9.9,9.9,9.9,9.9,0.0,1.0,9.9,,0.0,0
2026-10-01 23:55:25Z,PIT,pre,0.0,PRE,0,6819,Michael Pittman,WR,9.7,0.0,9.7,9.7,9.7,9.7,0.0,1.0,9.7,,0.0,0
2026-10-01 23:55:25Z,PIT,pre,0.0,PRE,0,5846,DK Metcalf,WR,11.2,0.0,11.2,11.2,11.2,11.2,0.0,1.0,11.2,,0.0,0
2026-10-01 23:57:26Z,CLE,pre,0.0,PRE,0,6783,Jerry Jeudy,WR,4.8,0.0,4.8,4.8,4.8,4.8,0.0,1.0,4.8,,0.0,0
2026-10-01 23:57:26Z,PIT,pre,0.0,PRE,0,PIT,Pittsburgh Steelers D/ST,DST,8.1,0.0,8.1,8.1,8.1,8.1,0.0,1.0,8.1,,0.0,0
2026-10-01 23:57:26Z,PIT,pre,0.0,PRE,0,96,Aaron Rodgers,QB,15.4,0.0,15.4,15.4,15.4,15.4,0.0,1.0,15.4,,0.0,0
2026-10-01 23:57:26Z,CLE,pre,0.0,PRE,0,11261,Andre Szmyt,K,6.9,0.0,6.9,6.9,6.9,6.9,0.0,1.0,6.9,,0.0,0
2026-10-01 23:57:26Z,PIT,pre,0.0,PRE,0,7021,Rico Dowdle,RB,8.4,0.0,8.4,8.4,8.4,8.4,0.0,1.0,8.4,,0.0,0
2026-10-01 23:57:26Z,PIT,pre,0.0,PRE,0,11630,Roman Wilson,WR,5.7,0.0,5.7,5.7,5.7,5.7,0.0,1.0,5.7,,0.0,0
2026-10-01 23:57:26Z,CLE,pre,0.0,PRE,0,12523,Jimmy Horn,WR,1.5,0.0,1.5,1.5,1.5,1.5,0.0,1.0,1.5,,0.0,0
2026-10-01 23:57:26Z,CLE,pre,0.0,PRE,0,11617,Malachi Corley,WR,0.5,0.0,0.5,0.5,0.5,0.5,0.0,1.0,0.5,,0.0,0
2026-10-01 23:57:26Z,PIT,pre,0.0,PRE,0,9479,Darnell Washington,TE,4.9,0.0,4.9,4.9,4.9,4.9,0.0,1.0,4.9,,0.0,0
2026-10-01 23:57:26Z,CLE,pre,0.0,PRE,0,CLE,Cleveland Browns D/ST,DST,7.0,0.0,7.0,7.0,7.0,7.0,0.0,1.0,7.0,,0.0,0
2026-10-01 23:57:26Z,PIT,pre,0.0,PRE,0,1945,Chris Boswell,K,8.1,0.0,8.1,8.1,8.1,8.1,0.0,1.0,8.1,,0.0,0
2026-10-01 23:57:26Z,CLE,pre,0.0,PRE,0,12512,Quinshon Judkins,RB,11.8,0.0,11.8,11.8,11.8,11.8,0.0,1.0,11.8,,0.0,0
2026-10-01 23:57:26Z,PIT,pre,0.0,PRE,0,7600,Pat Freiermuth,TE,7.8,0.0,7.8,7.8,7.8,7.8,0.0,1.0,7.8,,0.0,0
2026-10-01 23:57:26Z,PIT,pre,0.0,PRE,0,8228,Jaylen Warren,RB,13.6,0.0,13.6,13.6,13.6,13.6,0.0,1.0,13.6,,0.0,0
2026-10-01 23:57:26Z,CLE,pre,0.0,PRE,0,12503,Isaiah Bond,WR,1.6,0.0,1.6,1.6,1.6,1.6,0.0,1.0,1.6,,0.0,0
2026-10-01 23:57:26Z,PIT,pre,0.0,PRE,0,13274,Germie Bernard,WR,4.5,0.0,4.5,4.5,4.5,4.5,0.0,1.0,4.5,,0.0,0
2026-10-01 23:57:26Z,CLE,pre,0.0,PRE,0,12506,Harold Fannin,TE,10.6,0.0,10.6,10.6,10.6,10.6,0.0,1.0,10.6,,0.0,0
2026-10-01 23:57:26Z,CLE,pre,0.0,PRE,0,13346,Denzel Boston,WR,9.4,0.0,9.4,9.4,9.4,9.4,0.0,1.0,9.4,,0.0,0
2026-10-01 23:57:26Z,CLE,pre,0.0,PRE,0,4017,Deshaun Watson,QB,14.0,0.0,14.0,14.0,14.0,14.0,0.0,1.0,14.0,,0.0,0
2026-10-01 23:57:26Z,PIT,pre,0.0,PRE,0,13289,Drew Allar,QB,0.5,0.0,0.5,0.5,0.5,0.5,0.0,1.0,0.5,,0.0,0
2026-10-01 23:57:26Z,CLE,pre,0.0,PRE,0,13298,KC Concepcion,WR,9.9,0.0,9.9,9.9,9.9,9.9,0.0,1.0,9.9,,0.0,0
2026-10-01 23:57:26Z,PIT,pre,0.0,PRE,0,6819,Michael Pittman,WR,9.7,0.0,9.7,9.7,9.7,9.7,0.0,1.0,9.7,,0.0,0
2026-10-01 23:57:26Z,PIT,pre,0.0,PRE,0,5846,DK Metcalf,WR,11.2,0.0,11.2,11.2,11.2,11.2,0.0,1.0,11.2,,0.0,0
2026-10-01 23:59:26Z,CLE,pre,0.0,PRE,0,6783,Jerry Jeudy,WR,4.8,0.0,4.8,4.8,4.8,4.8,0.0,1.0,4.8,,0.0,0
2026-10-01 23:59:26Z,PIT,pre,0.0,PRE,0,PIT,Pittsburgh Steelers D/ST,DST,8.1,0.0,8.1,8.1,8.1,8.1,0.0,1.0,8.1,,0.0,0
2026-10-01 23:59:26Z,PIT,pre,0.0,PRE,0,96,Aaron Rodgers,QB,15.4,0.0,15.4,15.4,15.4,15.4,0.0,1.0,15.4,,0.0,0
2026-10-01 23:59:26Z,CLE,pre,0.0,PRE,0,11261,Andre Szmyt,K,6.9,0.0,6.9,6.9,6.9,6.9,0.0,1.0,6.9,,0.0,0
2026-10-01 23:59:26Z,PIT,pre,0.0,PRE,0,7021,Rico Dowdle,RB,8.4,0.0,8.4,8.4,8.4,8.4,0.0,1.0,8.4,,0.0,0
2026-10-01 23:59:26Z,PIT,pre,0.0,PRE,0,11630,Roman Wilson,WR,5.7,0.0,5.7,5.7,5.7,5.7,0.0,1.0,5.7,,0.0,0
2026-10-01 23:59:26Z,CLE,pre,0.0,PRE,0,12523,Jimmy Horn,WR,1.5,0.0,1.5,1.5,1.5,1.5,0.0,1.0,1.5,,0.0,0
2026-10-01 23:59:26Z,CLE,pre,0.0,PRE,0,11617,Malachi Corley,WR,0.5,0.0,0.5,0.5,0.5,0.5,0.0,1.0,0.5,,0.0,0
2026-10-01 23:59:26Z,PIT,pre,0.0,PRE,0,9479,Darnell Washington,TE,4.9,0.0,4.9,4.9,4.9,4.9,0.0,1.0,4.9,,0.0,0
2026-10-01 23:59:26Z,CLE,pre,0.0,PRE,0,CLE,Cleveland Browns D/ST,DST,7.0,0.0,7.0,7.0,7.0,7.0,0.0,1.0,7.0,,0.0,0
2026-10-01 23:59:26Z,PIT,pre,0.0,PRE,0,1945,Chris Boswell,K,8.1,0.0,8.1,8.1,8.1,8.1,0.0,1.0,8.1,,0.0,0
2026-10-01 23:59:26Z,CLE,pre,0.0,PRE,0,12512,Quinshon Judkins,RB,11.8,0.0,11.8,11.8,11.8,11.8,0.0,1.0,11.8,,0.0,0
2026-10-01 23:59:26Z,PIT,pre,0.0,PRE,0,7600,Pat Freiermuth,TE,7.8,0.0,7.8,7.8,7.8,7.8,0.0,1.0,7.8,,0.0,0
2026-10-01 23:59:26Z,PIT,pre,0.0,PRE,0,8228,Jaylen Warren,RB,13.6,0.0,13.6,13.6,13.6,13.6,0.0,1.0,13.6,,0.0,0
2026-10-01 23:59:26Z,CLE,pre,0.0,PRE,0,12503,Isaiah Bond,WR,1.6,0.0,1.6,1.6,1.6,1.6,0.0,1.0,1.6,,0.0,0
2026-10-01 23:59:26Z,PIT,pre,0.0,PRE,0,13274,Germie Bernard,WR,4.5,0.0,4.5,4.5,4.5,4.5,0.0,1.0,4.5,,0.0,0
2026-10-01 23:59:26Z,CLE,pre,0.0,PRE,0,12506,Harold Fannin,TE,10.6,0.0,10.6,10.6,10.6,10.6,0.0,1.0,10.6,,0.0,0
2026-10-01 23:59:26Z,CLE,pre,0.0,PRE,0,13346,Denzel Boston,WR,9.4,0.0,9.4,9.4,9.4,9.4,0.0,1.0,9.4,,0.0,0
2026-10-01 23:59:26Z,CLE,pre,0.0,PRE,0,4017,Deshaun Watson,QB,14.0,0.0,14.0,14.0,14.0,14.0,0.0,1.0,14.0,,0.0,0
2026-10-01 23:59:26Z,PIT,pre,0.0,PRE,0,13289,Drew Allar,QB,0.5,0.0,0.5,0.5,0.5,0.5,0.0,1.0,0.5,,0.0,0
2026-10-01 23:59:26Z,CLE,pre,0.0,PRE,0,13298,KC Concepcion,WR,9.9,0.0,9.9,9.9,9.9,9.9,0.0,1.0,9.9,,0.0,0
2026-10-01 23:59:26Z,PIT,pre,0.0,PRE,0,6819,Michael Pittman,WR,9.7,0.0,9.7,9.7,9.7,9.7,0.0,1.0,9.7,,0.0,0
2026-10-01 23:59:26Z,PIT,pre,0.0,PRE,0,5846,DK Metcalf,WR,11.2,0.0,11.2,11.2,11.2,11.2,0.0,1.0,11.2,,0.0,0
2026-10-02 00:01:26Z,CLE,pre,0.0,PRE,0,6783,Jerry Jeudy,WR,4.8,0.0,4.8,4.8,4.8,4.8,0.0,1.0,4.8,,0.0,0
2026-10-02 00:01:26Z,PIT,pre,0.0,PRE,0,PIT,Pittsburgh Steelers D/ST,DST,8.1,0.0,8.1,8.1,8.1,8.1,0.0,1.0,8.1,,0.0,0
2026-10-02 00:01:26Z,PIT,pre,0.0,PRE,0,96,Aaron Rodgers,QB,15.4,0.0,15.4,15.4,15.4,15.4,0.0,1.0,15.4,,0.0,0
2026-10-02 00:01:26Z,CLE,pre,0.0,PRE,0,11261,Andre Szmyt,K,6.9,0.0,6.9,6.9,6.9,6.9,0.0,1.0,6.9,,0.0,0
2026-10-02 00:01:26Z,PIT,pre,0.0,PRE,0,7021,Rico Dowdle,RB,8.4,0.0,8.4,8.4,8.4,8.4,0.0,1.0,8.4,,0.0,0
2026-10-02 00:01:26Z,PIT,pre,0.0,PRE,0,11630,Roman Wilson,WR,5.7,0.0,5.7,5.7,5.7,5.7,0.0,1.0,5.7,,0.0,0
2026-10-02 00:01:26Z,CLE,pre,0.0,PRE,0,12523,Jimmy Horn,WR,1.5,0.0,1.5,1.5,1.5,1.5,0.0,1.0,1.5,,0.0,0
2026-10-02 00:01:26Z,CLE,pre,0.0,PRE,0,11617,Malachi Corley,WR,0.5,0.0,0.5,0.5,0.5,0.5,0.0,1.0,0.5,,0.0,0
2026-10-02 00:01:26Z,PIT,pre,0.0,PRE,0,9479,Darnell Washington,TE,4.9,0.0,4.9,4.9,4.9,4.9,0.0,1.0,4.9,,0.0,0
2026-10-02 00:01:26Z,CLE,pre,0.0,PRE,0,CLE,Cleveland Browns D/ST,DST,7.0,0.0,7.0,7.0,7.0,7.0,0.0,1.0,7.0,,0.0,0
2026-10-02 00:01:26Z,PIT,pre,0.0,PRE,0,1945,Chris Boswell,K,8.1,0.0,8.1,8.1,8.1,8.1,0.0,1.0,8.1,,0.0,0
2026-10-02 00:01:26Z,CLE,pre,0.0,PRE,0,12512,Quinshon Judkins,RB,11.8,0.0,11.8,11.8,11.8,11.8,0.0,1.0,11.8,,0.0,0
2026-10-02 00:01:26Z,PIT,pre,0.0,PRE,0,7600,Pat Freiermuth,TE,7.8,0.0,7.8,7.8,7.8,7.8,0.0,1.0,7.8,,0.0,0
2026-10-02 00:01:26Z,PIT,pre,0.0,PRE,0,8228,Jaylen Warren,RB,13.6,0.0,13.6,13.6,13.6,13.6,0.0,1.0,13.6,,0.0,0
2026-10-02 00:01:26Z,CLE,pre,0.0,PRE,0,12503,Isaiah Bond,WR,1.6,0.0,1.6,1.6,1.6,1.6,0.0,1.0,1.6,,0.0,0
2026-10-02 00:01:26Z,PIT,pre,0.0,PRE,0,13274,Germie Bernard,WR,4.5,0.0,4.5,4.5,4.5,4.5,0.0,1.0,4.5,,0.0,0
2026-10-02 00:01:26Z,CLE,pre,0.0,PRE,0,12506,Harold Fannin,TE,10.6,0.0,10.6,10.6,10.6,10.6,0.0,1.0,10.6,,0.0,0
2026-10-02 00:01:26Z,CLE,pre,0.0,PRE,0,13346,Denzel Boston,WR,9.4,0.0,9.4,9.4,9.4,9.4,0.0,1.0,9.4,,0.0,0
2026-10-02 00:01:26Z,CLE,pre,0.0,PRE,0,4017,Deshaun Watson,QB,14.0,0.0,14.0,14.0,14.0,14.0,0.0,1.0,14.0,,0.0,0
2026-10-02 00:01:26Z,PIT,pre,0.0,PRE,0,13289,Drew Allar,QB,0.5,0.0,0.5,0.5,0.5,0.5,0.0,1.0,0.5,,0.0,0
2026-10-02 00:01:26Z,CLE,pre,0.0,PRE,0,13298,KC Concepcion,WR,9.9,0.0,9.9,9.9,9.9,9.9,0.0,1.0,9.9,,0.0,0
2026-10-02 00:01:26Z,PIT,pre,0.0,PRE,0,6819,Michael Pittman,WR,9.7,0.0,9.7,9.7,9.7,9.7,0.0,1.0,9.7,,0.0,0
2026-10-02 00:01:26Z,PIT,pre,0.0,PRE,0,5846,DK Metcalf,WR,11.2,0.0,11.2,11.2,11.2,11.2,0.0,1.0,11.2,,0.0,0
2026-10-02 00:03:27Z,CLE,pre,0.0,PRE,0,6783,Jerry Jeudy,WR,4.8,0.0,4.8,4.8,4.8,4.8,0.0,1.0,4.8,,0.0,0
2026-10-02 00:03:27Z,PIT,pre,0.0,PRE,0,PIT,Pittsburgh Steelers D/ST,DST,8.1,0.0,8.1,8.1,8.1,8.1,0.0,1.0,8.1,,0.0,0
2026-10-02 00:03:27Z,PIT,pre,0.0,PRE,0,96,Aaron Rodgers,QB,15.4,0.0,15.4,15.4,15.4,15.4,0.0,1.0,15.4,,0.0,0
2026-10-02 00:03:27Z,CLE,pre,0.0,PRE,0,11261,Andre Szmyt,K,6.9,0.0,6.9,6.9,6.9,6.9,0.0,1.0,6.9,,0.0,0
2026-10-02 00:03:27Z,PIT,pre,0.0,PRE,0,7021,Rico Dowdle,RB,8.4,0.0,8.4,8.4,8.4,8.4,0.0,1.0,8.4,,0.0,0
2026-10-02 00:03:27Z,PIT,pre,0.0,PRE,0,11630,Roman Wilson,WR,5.7,0.0,5.7,5.7,5.7,5.7,0.0,1.0,5.7,,0.0,0
2026-10-02 00:03:27Z,CLE,pre,0.0,PRE,0,12523,Jimmy Horn,WR,1.5,0.0,1.5,1.5,1.5,1.5,0.0,1.0,1.5,,0.0,0
2026-10-02 00:03:27Z,CLE,pre,0.0,PRE,0,11617,Malachi Corley,WR,0.5,0.0,0.5,0.5,0.5,0.5,0.0,1.0,0.5,,0.0,0
2026-10-02 00:03:27Z,PIT,pre,0.0,PRE,0,9479,Darnell Washington,TE,4.9,0.0,4.9,4.9,4.9,4.9,0.0,1.0,4.9,,0.0,0
2026-10-02 00:03:27Z,CLE,pre,0.0,PRE,0,CLE,Cleveland Browns D/ST,DST,7.0,0.0,7.0,7.0,7.0,7.0,0.0,1.0,7.0,,0.0,0
2026-10-02 00:03:27Z,PIT,pre,0.0,PRE,0,1945,Chris Boswell,K,8.1,0.0,8.1,8.1,8.1,8.1,0.0,1.0,8.1,,0.0,0
2026-10-02 00:03:27Z,CLE,pre,0.0,PRE,0,12512,Quinshon Judkins,RB,11.8,0.0,11.8,11.8,11.8,11.8,0.0,1.0,11.8,,0.0,0
2026-10-02 00:03:27Z,PIT,pre,0.0,PRE,0,7600,Pat Freiermuth,TE,7.8,0.0,7.8,7.8,7.8,7.8,0.0,1.0,7.8,,0.0,0
2026-10-02 00:03:27Z,PIT,pre,0.0,PRE,0,8228,Jaylen Warren,RB,13.6,0.0,13.6,13.6,13.6,13.6,0.0,1.0,13.6,,0.0,0
2026-10-02 00:03:27Z,CLE,pre,0.0,PRE,0,12503,Isaiah Bond,WR,1.6,0.0,1.6,1.6,1.6,1.6,0.0,1.0,1.6,,0.0,0
2026-10-02 00:03:27Z,PIT,pre,0.0,PRE,0,13274,Germie Bernard,WR,4.5,0.0,4.5,4.5,4.5,4.5,0.0,1.0,4.5,,0.0,0
2026-10-02 00:03:27Z,CLE,pre,0.0,PRE,0,12506,Harold Fannin,TE,10.6,0.0,10.6,10.6,10.6,10.6,0.0,1.0,10.6,,0.0,0
2026-10-02 00:03:27Z,CLE,pre,0.0,PRE,0,13346,Denzel Boston,WR,9.4,0.0,9.4,9.4,9.4,9.4,0.0,1.0,9.4,,0.0,0
2026-10-02 00:03:27Z,CLE,pre,0.0,PRE,0,4017,Deshaun Watson,QB,14.0,0.0,14.0,14.0,14.0,14.0,0.0,1.0,14.0,,0.0,0
2026-10-02 00:03:27Z,PIT,pre,0.0,PRE,0,13289,Drew Allar,QB,0.5,0.0,0.5,0.5,0.5,0.5,0.0,1.0,0.5,,0.0,0
2026-10-02 00:03:27Z,CLE,pre,0.0,PRE,0,13298,KC Concepcion,WR,9.9,0.0,9.9,9.9,9.9,9.9,0.0,1.0,9.9,,0.0,0
2026-10-02 00:03:27Z,PIT,pre,0.0,PRE,0,6819,Michael Pittman,WR,9.7,0.0,9.7,9.7,9.7,9.7,0.0,1.0,9.7,,0.0,0
2026-10-02 00:03:27Z,PIT,pre,0.0,PRE,0,5846,DK Metcalf,WR,11.2,0.0,11.2,11.2,11.2,11.2,0.0,1.0,11.2,,0.0,0
2026-10-02 00:05:27Z,CLE,pre,0.0,PRE,0,6783,Jerry Jeudy,WR,4.8,0.0,4.8,4.8,4.8,4.8,0.0,1.0,4.8,,0.0,0
2026-10-02 00:05:27Z,PIT,pre,0.0,PRE,0,PIT,Pittsburgh Steelers D/ST,DST,8.1,0.0,8.1,8.1,8.1,8.1,0.0,1.0,8.1,,0.0,0
2026-10-02 00:05:27Z,PIT,pre,0.0,PRE,0,96,Aaron Rodgers,QB,15.4,0.0,15.4,15.4,15.4,15.4,0.0,1.0,15.4,,0.0,0
2026-10-02 00:05:27Z,CLE,pre,0.0,PRE,0,11261,Andre Szmyt,K,6.9,0.0,6.9,6.9,6.9,6.9,0.0,1.0,6.9,,0.0,0
2026-10-02 00:05:27Z,PIT,pre,0.0,PRE,0,7021,Rico Dowdle,RB,8.4,0.0,8.4,8.4,8.4,8.4,0.0,1.0,8.4,,0.0,0
2026-10-02 00:05:27Z,PIT,pre,0.0,PRE,0,11630,Roman Wilson,WR,5.7,0.0,5.7,5.7,5.7,5.7,0.0,1.0,5.7,,0.0,0
2026-10-02 00:05:27Z,CLE,pre,0.0,PRE,0,12523,Jimmy Horn,WR,1.5,0.0,1.5,1.5,1.5,1.5,0.0,1.0,1.5,,0.0,0
2026-10-02 00:05:27Z,CLE,pre,0.0,PRE,0,11617,Malachi Corley,WR,0.5,0.0,0.5,0.5,0.5,0.5,0.0,1.0,0.5,,0.0,0
2026-10-02 00:05:27Z,PIT,pre,0.0,PRE,0,9479,Darnell Washington,TE,4.9,0.0,4.9,4.9,4.9,4.9,0.0,1.0,4.9,,0.0,0
2026-10-02 00:05:27Z,CLE,pre,0.0,PRE,0,CLE,Cleveland Browns D/ST,DST,7.0,0.0,7.0,7.0,7.0,7.0,0.0,1.0,7.0,,0.0,0
2026-10-02 00:05:27Z,PIT,pre,0.0,PRE,0,1945,Chris Boswell,K,8.1,0.0,8.1,8.1,8.1,8.1,0.0,1.0,8.1,,0.0,0
2026-10-02 00:05:27Z,CLE,pre,0.0,PRE,0,12512,Quinshon Judkins,RB,11.8,0.0,11.8,11.8,11.8,11.8,0.0,1.0,11.8,,0.0,0
2026-10-02 00:05:27Z,PIT,pre,0.0,PRE,0,7600,Pat Freiermuth,TE,7.8,0.0,7.8,7.8,7.8,7.8,0.0,1.0,7.8,,0.0,0
2026-10-02 00:05:27Z,PIT,pre,0.0,PRE,0,8228,Jaylen Warren,RB,13.6,0.0,13.6,13.6,13.6,13.6,0.0,1.0,13.6,,0.0,0
2026-10-02 00:05:27Z,CLE,pre,0.0,PRE,0,12503,Isaiah Bond,WR,1.6,0.0,1.6,1.6,1.6,1.6,0.0,1.0,1.6,,0.0,0
2026-10-02 00:05:27Z,PIT,pre,0.0,PRE,0,13274,Germie Bernard,WR,4.5,0.0,4.5,4.5,4.5,4.5,0.0,1.0,4.5,,0.0,0
2026-10-02 00:05:27Z,CLE,pre,0.0,PRE,0,12506,Harold Fannin,TE,10.6,0.0,10.6,10.6,10.6,10.6,0.0,1.0,10.6,,0.0,0
2026-10-02 00:05:27Z,CLE,pre,0.0,PRE,0,13346,Denzel Boston,WR,9.4,0.0,9.4,9.4,9.4,9.4,0.0,1.0,9.4,,0.0,0
2026-10-02 00:05:27Z,CLE,pre,0.0,PRE,0,4017,Deshaun Watson,QB,14.0,0.0,14.0,14.0,14.0,14.0,0.0,1.0,14.0,,0.0,0
2026-10-02 00:05:27Z,PIT,pre,0.0,PRE,0,13289,Drew Allar,QB,0.5,0.0,0.5,0.5,0.5,0.5,0.0,1.0,0.5,,0.0,0
2026-10-02 00:05:27Z,CLE,pre,0.0,PRE,0,13298,KC Concepcion,WR,9.9,0.0,9.9,9.9,9.9,9.9,0.0,1.0,9.9,,0.0,0
2026-10-02 00:05:27Z,PIT,pre,0.0,PRE,0,6819,Michael Pittman,WR,9.7,0.0,9.7,9.7,9.7,9.7,0.0,1.0,9.7,,0.0,0
2026-10-02 00:05:27Z,PIT,pre,0.0,PRE,0,5846,DK Metcalf,WR,11.2,0.0,11.2,11.2,11.2,11.2,0.0,1.0,11.2,,0.0,0
2026-10-02 00:07:27Z,CLE,pre,0.0,PRE,0,6783,Jerry Jeudy,WR,4.8,0.0,4.8,4.8,4.8,4.8,0.0,1.0,4.8,,0.0,0
2026-10-02 00:07:27Z,PIT,pre,0.0,PRE,0,PIT,Pittsburgh Steelers D/ST,DST,8.1,0.0,8.1,8.1,8.1,8.1,0.0,1.0,8.1,,0.0,0
2026-10-02 00:07:27Z,PIT,pre,0.0,PRE,0,96,Aaron Rodgers,QB,15.4,0.0,15.4,15.4,15.4,15.4,0.0,1.0,15.4,,0.0,0
2026-10-02 00:07:27Z,CLE,pre,0.0,PRE,0,11261,Andre Szmyt,K,6.9,0.0,6.9,6.9,6.9,6.9,0.0,1.0,6.9,,0.0,0
2026-10-02 00:07:27Z,PIT,pre,0.0,PRE,0,7021,Rico Dowdle,RB,8.4,0.0,8.4,8.4,8.4,8.4,0.0,1.0,8.4,,0.0,0
2026-10-02 00:07:27Z,PIT,pre,0.0,PRE,0,11630,Roman Wilson,WR,5.7,0.0,5.7,5.7,5.7,5.7,0.0,1.0,5.7,,0.0,0
2026-10-02 00:07:27Z,CLE,pre,0.0,PRE,0,12523,Jimmy Horn,WR,1.5,0.0,1.5,1.5,1.5,1.5,0.0,1.0,1.5,,0.0,0
2026-10-02 00:07:27Z,CLE,pre,0.0,PRE,0,11617,Malachi Corley,WR,0.5,0.0,0.5,0.5,0.5,0.5,0.0,1.0,0.5,,0.0,0
2026-10-02 00:07:27Z,PIT,pre,0.0,PRE,0,9479,Darnell Washington,TE,4.9,0.0,4.9,4.9,4.9,4.9,0.0,1.0,4.9,,0.0,0
2026-10-02 00:07:27Z,CLE,pre,0.0,PRE,0,CLE,Cleveland Browns D/ST,DST,7.0,0.0,7.0,7.0,7.0,7.0,0.0,1.0,7.0,,0.0,0
2026-10-02 00:07:27Z,PIT,pre,0.0,PRE,0,1945,Chris Boswell,K,8.1,0.0,8.1,8.1,8.1,8.1,0.0,1.0,8.1,,0.0,0
2026-10-02 00:07:27Z,CLE,pre,0.0,PRE,0,12512,Quinshon Judkins,RB,11.8,0.0,11.8,11.8,11.8,11.8,0.0,1.0,11.8,,0.0,0
2026-10-02 00:07:27Z,PIT,pre,0.0,PRE,0,7600,Pat Freiermuth,TE,7.8,0.0,7.8,7.8,7.8,7.8,0.0,1.0,7.8,,0.0,0
2026-10-02 00:07:27Z,PIT,pre,0.0,PRE,0,8228,Jaylen Warren,RB,13.6,0.0,13.6,13.6,13.6,13.6,0.0,1.0,13.6,,0.0,0
2026-10-02 00:07:27Z,CLE,pre,0.0,PRE,0,12503,Isaiah Bond,WR,1.6,0.0,1.6,1.6,1.6,1.6,0.0,1.0,1.6,,0.0,0
2026-10-02 00:07:27Z,PIT,pre,0.0,PRE,0,13274,Germie Bernard,WR,4.5,0.0,4.5,4.5,4.5,4.5,0.0,1.0,4.5,,0.0,0
2026-10-02 00:07:27Z,CLE,pre,0.0,PRE,0,12506,Harold Fannin,TE,10.6,0.0,10.6,10.6,10.6,10.6,0.0,1.0,10.6,,0.0,0
2026-10-02 00:07:27Z,CLE,pre,0.0,PRE,0,13346,Denzel Boston,WR,9.4,0.0,9.4,9.4,9.4,9.4,0.0,1.0,9.4,,0.0,0
2026-10-02 00:07:27Z,CLE,pre,0.0,PRE,0,4017,Deshaun Watson,QB,14.0,0.0,14.0,14.0,14.0,14.0,0.0,1.0,14.0,,0.0,0
2026-10-02 00:07:27Z,PIT,pre,0.0,PRE,0,13289,Drew Allar,QB,0.5,0.0,0.5,0.5,0.5,0.5,0.0,1.0,0.5,,0.0,0
2026-10-02 00:07:27Z,CLE,pre,0.0,PRE,0,13298,KC Concepcion,WR,9.9,0.0,9.9,9.9,9.9,9.9,0.0,1.0,9.9,,0.0,0
2026-10-02 00:07:27Z,PIT,pre,0.0,PRE,0,6819,Michael Pittman,WR,9.7,0.0,9.7,9.7,9.7,9.7,0.0,1.0,9.7,,0.0,0
2026-10-02 00:07:27Z,PIT,pre,0.0,PRE,0,5846,DK Metcalf,WR,11.2,0.0,11.2,11.2,11.2,11.2,0.0,1.0,11.2,,0.0,0
2026-10-02 00:09:28Z,CLE,pre,0.0,PRE,0,6783,Jerry Jeudy,WR,4.8,0.0,4.8,4.8,4.8,4.8,0.0,1.0,4.8,,0.0,0
2026-10-02 00:09:28Z,PIT,pre,0.0,PRE,0,PIT,Pittsburgh Steelers D/ST,DST,8.1,0.0,8.1,8.1,8.1,8.1,0.0,1.0,8.1,,0.0,0
2026-10-02 00:09:28Z,PIT,pre,0.0,PRE,0,96,Aaron Rodgers,QB,15.4,0.0,15.4,15.4,15.4,15.4,0.0,1.0,15.4,,0.0,0
2026-10-02 00:09:28Z,CLE,pre,0.0,PRE,0,11261,Andre Szmyt,K,6.9,0.0,6.9,6.9,6.9,6.9,0.0,1.0,6.9,,0.0,0
2026-10-02 00:09:28Z,PIT,pre,0.0,PRE,0,7021,Rico Dowdle,RB,8.4,0.0,8.4,8.4,8.4,8.4,0.0,1.0,8.4,,0.0,0
2026-10-02 00:09:28Z,PIT,pre,0.0,PRE,0,11630,Roman Wilson,WR,5.7,0.0,5.7,5.7,5.7,5.7,0.0,1.0,5.7,,0.0,0
2026-10-02 00:09:28Z,CLE,pre,0.0,PRE,0,12523,Jimmy Horn,WR,1.5,0.0,1.5,1.5,1.5,1.5,0.0,1.0,1.5,,0.0,0
2026-10-02 00:09:28Z,CLE,pre,0.0,PRE,0,11617,Malachi Corley,WR,0.5,0.0,0.5,0.5,0.5,0.5,0.0,1.0,0.5,,0.0,0
2026-10-02 00:09:28Z,PIT,pre,0.0,PRE,0,9479,Darnell Washington,TE,4.9,0.0,4.9,4.9,4.9,4.9,0.0,1.0,4.9,,0.0,0
2026-10-02 00:09:28Z,CLE,pre,0.0,PRE,0,CLE,Cleveland Browns D/ST,DST,7.0,0.0,7.0,7.0,7.0,7.0,0.0,1.0,7.0,,0.0,0
2026-10-02 00:09:28Z,PIT,pre,0.0,PRE,0,1945,Chris Boswell,K,8.1,0.0,8.1,8.1,8.1,8.1,0.0,1.0,8.1,,0.0,0
2026-10-02 00:09:28Z,CLE,pre,0.0,PRE,0,12512,Quinshon Judkins,RB,11.8,0.0,11.8,11.8,11.8,11.8,0.0,1.0,11.8,,0.0,0
2026-10-02 00:09:28Z,PIT,pre,0.0,PRE,0,7600,Pat Freiermuth,TE,7.8,0.0,7.8,7.8,7.8,7.8,0.0,1.0,7.8,,0.0,0
2026-10-02 00:09:28Z,PIT,pre,0.0,PRE,0,8228,Jaylen Warren,RB,13.6,0.0,13.6,13.6,13.6,13.6,0.0,1.0,13.6,,0.0,0
2026-10-02 00:09:28Z,CLE,pre,0.0,PRE,0,12503,Isaiah Bond,WR,1.6,0.0,1.6,1.6,1.6,1.6,0.0,1.0,1.6,,0.0,0
2026-10-02 00:09:28Z,PIT,pre,0.0,PRE,0,13274,Germie Bernard,WR,4.5,0.0,4.5,4.5,4.5,4.5,0.0,1.0,4.5,,0.0,0
2026-10-02 00:09:28Z,CLE,pre,0.0,PRE,0,12506,Harold Fannin,TE,10.6,0.0,10.6,10.6,10.6,10.6,0.0,1.0,10.6,,0.0,0
2026-10-02 00:09:28Z,CLE,pre,0.0,PRE,0,13346,Denzel Boston,WR,9.4,0.0,9.4,9.4,9.4,9.4,0.0,1.0,9.4,,0.0,0
2026-10-02 00:09:28Z,CLE,pre,0.0,PRE,0,4017,Deshaun Watson,QB,14.0,0.0,14.0,14.0,14.0,14.0,0.0,1.0,14.0,,0.0,0
2026-10-02 00:09:28Z,PIT,pre,0.0,PRE,0,13289,Drew Allar,QB,0.5,0.0,0.5,0.5,0.5,0.5,0.0,1.0,0.5,,0.0,0
2026-10-02 00:09:28Z,CLE,pre,0.0,PRE,0,13298,KC Concepcion,WR,9.9,0.0,9.9,9.9,9.9,9.9,0.0,1.0,9.9,,0.0,0
2026-10-02 00:09:28Z,PIT,pre,0.0,PRE,0,6819,Michael Pittman,WR,9.7,0.0,9.7,9.7,9.7,9.7,0.0,1.0,9.7,,0.0,0
2026-10-02 00:09:28Z,PIT,pre,0.0,PRE,0,5846,DK Metcalf,WR,11.2,0.0,11.2,11.2,11.2,11.2,0.0,1.0,11.2,,0.0,0
2026-10-02 00:11:28Z,CLE,pre,0.0,PRE,0,6783,Jerry Jeudy,WR,4.8,0.0,4.8,4.8,4.8,4.8,0.0,1.0,4.8,,0.0,0
2026-10-02 00:11:28Z,PIT,pre,0.0,PRE,0,PIT,Pittsburgh Steelers D/ST,DST,8.1,0.0,8.1,8.1,8.1,8.1,0.0,1.0,8.1,,0.0,0
2026-10-02 00:11:28Z,PIT,pre,0.0,PRE,0,96,Aaron Rodgers,QB,15.4,0.0,15.4,15.4,15.4,15.4,0.0,1.0,15.4,,0.0,0
2026-10-02 00:11:28Z,CLE,pre,0.0,PRE,0,11261,Andre Szmyt,K,6.9,0.0,6.9,6.9,6.9,6.9,0.0,1.0,6.9,,0.0,0
2026-10-02 00:11:28Z,PIT,pre,0.0,PRE,0,7021,Rico Dowdle,RB,8.4,0.0,8.4,8.4,8.4,8.4,0.0,1.0,8.4,,0.0,0
2026-10-02 00:11:28Z,PIT,pre,0.0,PRE,0,11630,Roman Wilson,WR,5.7,0.0,5.7,5.7,5.7,5.7,0.0,1.0,5.7,,0.0,0
2026-10-02 00:11:28Z,CLE,pre,0.0,PRE,0,12523,Jimmy Horn,WR,1.5,0.0,1.5,1.5,1.5,1.5,0.0,1.0,1.5,,0.0,0
2026-10-02 00:11:28Z,CLE,pre,0.0,PRE,0,11617,Malachi Corley,WR,0.5,0.0,0.5,0.5,0.5,0.5,0.0,1.0,0.5,,0.0,0
2026-10-02 00:11:28Z,PIT,pre,0.0,PRE,0,9479,Darnell Washington,TE,4.9,0.0,4.9,4.9,4.9,4.9,0.0,1.0,4.9,,0.0,0
2026-10-02 00:11:28Z,CLE,pre,0.0,PRE,0,CLE,Cleveland Browns D/ST,DST,7.0,0.0,7.0,7.0,7.0,7.0,0.0,1.0,7.0,,0.0,0
2026-10-02 00:11:28Z,PIT,pre,0.0,PRE,0,1945,Chris Boswell,K,8.1,0.0,8.1,8.1,8.1,8.1,0.0,1.0,8.1,,0.0,0
2026-10-02 00:11:28Z,CLE,pre,0.0,PRE,0,12512,Quinshon Judkins,RB,11.8,0.0,11.8,11.8,11.8,11.8,0.0,1.0,11.8,,0.0,0
2026-10-02 00:11:28Z,PIT,pre,0.0,PRE,0,7600,Pat Freiermuth,TE,7.8,0.0,7.8,7.8,7.8,7.8,0.0,1.0,7.8,,0.0,0
2026-10-02 00:11:28Z,PIT,pre,0.0,PRE,0,8228,Jaylen Warren,RB,13.6,0.0,13.6,13.6,13.6,13.6,0.0,1.0,13.6,,0.0,0
2026-10-02 00:11:28Z,CLE,pre,0.0,PRE,0,12503,Isaiah Bond,WR,1.6,0.0,1.6,1.6,1.6,1.6,0.0,1.0,1.6,,0.0,0
2026-10-02 00:11:28Z,PIT,pre,0.0,PRE,0,13274,Germie Bernard,WR,4.5,0.0,4.5,4.5,4.5,4.5,0.0,1.0,4.5,,0.0,0
2026-10-02 00:11:28Z,CLE,pre,0.0,PRE,0,12506,Harold Fannin,TE,10.6,0.0,10.6,10.6,10.6,10.6,0.0,1.0,10.6,,0.0,0
2026-10-02 00:11:28Z,CLE,pre,0.0,PRE,0,13346,Denzel Boston,WR,9.4,0.0,9.4,9.4,9.4,9.4,0.0,1.0,9.4,,0.0,0
2026-10-02 00:11:28Z,CLE,pre,0.0,PRE,0,4017,Deshaun Watson,QB,14.0,0.0,14.0,14.0,14.0,14.0,0.0,1.0,14.0,,0.0,0
2026-10-02 00:11:28Z,PIT,pre,0.0,PRE,0,13289,Drew Allar,QB,0.5,0.0,0.5,0.5,0.5,0.5,0.0,1.0,0.5,,0.0,0
2026-10-02 00:11:28Z,CLE,pre,0.0,PRE,0,13298,KC Concepcion,WR,9.9,0.0,9.9,9.9,9.9,9.9,0.0,1.0,9.9,,0.0,0
2026-10-02 00:11:28Z,PIT,pre,0.0,PRE,0,6819,Michael Pittman,WR,9.7,0.0,9.7,9.7,9.7,9.7,0.0,1.0,9.7,,0.0,0
2026-10-02 00:11:28Z,PIT,pre,0.0,PRE,0,5846,DK Metcalf,WR,11.2,0.0,11.2,11.2,11.2,11.2,0.0,1.0,11.2,,0.0,0
2026-10-02 00:13:28Z,CLE,pre,0.0,PRE,0,6783,Jerry Jeudy,WR,4.8,0.0,4.8,4.8,4.8,4.8,0.0,1.0,4.8,,0.0,0
2026-10-02 00:13:28Z,PIT,pre,0.0,PRE,0,PIT,Pittsburgh Steelers D/ST,DST,8.1,0.0,8.1,8.1,8.1,8.1,0.0,1.0,8.1,,0.0,0
2026-10-02 00:13:28Z,PIT,pre,0.0,PRE,0,96,Aaron Rodgers,QB,15.4,0.0,15.4,15.4,15.4,15.4,0.0,1.0,15.4,,0.0,0
2026-10-02 00:13:28Z,CLE,pre,0.0,PRE,0,11261,Andre Szmyt,K,6.9,0.0,6.9,6.9,6.9,6.9,0.0,1.0,6.9,,0.0,0
2026-10-02 00:13:28Z,PIT,pre,0.0,PRE,0,7021,Rico Dowdle,RB,8.4,0.0,8.4,8.4,8.4,8.4,0.0,1.0,8.4,,0.0,0
2026-10-02 00:13:28Z,PIT,pre,0.0,PRE,0,11630,Roman Wilson,WR,5.7,0.0,5.7,5.7,5.7,5.7,0.0,1.0,5.7,,0.0,0
2026-10-02 00:13:28Z,CLE,pre,0.0,PRE,0,12523,Jimmy Horn,WR,1.5,0.0,1.5,1.5,1.5,1.5,0.0,1.0,1.5,,0.0,0
2026-10-02 00:13:28Z,CLE,pre,0.0,PRE,0,11617,Malachi Corley,WR,0.5,0.0,0.5,0.5,0.5,0.5,0.0,1.0,0.5,,0.0,0
2026-10-02 00:13:28Z,PIT,pre,0.0,PRE,0,9479,Darnell Washington,TE,4.9,0.0,4.9,4.9,4.9,4.9,0.0,1.0,4.9,,0.0,0
2026-10-02 00:13:28Z,CLE,pre,0.0,PRE,0,CLE,Cleveland Browns D/ST,DST,7.0,0.0,7.0,7.0,7.0,7.0,0.0,1.0,7.0,,0.0,0
2026-10-02 00:13:28Z,PIT,pre,0.0,PRE,0,1945,Chris Boswell,K,8.1,0.0,8.1,8.1,8.1,8.1,0.0,1.0,8.1,,0.0,0
2026-10-02 00:13:28Z,CLE,pre,0.0,PRE,0,12512,Quinshon Judkins,RB,11.8,0.0,11.8,11.8,11.8,11.8,0.0,1.0,11.8,,0.0,0
2026-10-02 00:13:28Z,PIT,pre,0.0,PRE,0,7600,Pat Freiermuth,TE,7.8,0.0,7.8,7.8,7.8,7.8,0.0,1.0,7.8,,0.0,0
2026-10-02 00:13:28Z,PIT,pre,0.0,PRE,0,8228,Jaylen Warren,RB,13.6,0.0,13.6,13.6,13.6,13.6,0.0,1.0,13.6,,0.0,0
2026-10-02 00:13:28Z,CLE,pre,0.0,PRE,0,12503,Isaiah Bond,WR,1.6,0.0,1.6,1.6,1.6,1.6,0.0,1.0,1.6,,0.0,0
2026-10-02 00:13:28Z,PIT,pre,0.0,PRE,0,13274,Germie Bernard,WR,4.5,0.0,4.5,4.5,4.5,4.5,0.0,1.0,4.5,,0.0,0
2026-10-02 00:13:28Z,CLE,pre,0.0,PRE,0,12506,Harold Fannin,TE,10.6,0.0,10.6,10.6,10.6,10.6,0.0,1.0,10.6,,0.0,0
2026-10-02 00:13:28Z,CLE,pre,0.0,PRE,0,13346,Denzel Boston,WR,9.4,0.0,9.4,9.4,9.4,9.4,0.0,1.0,9.4,,0.0,0
2026-10-02 00:13:28Z,CLE,pre,0.0,PRE,0,4017,Deshaun Watson,QB,14.0,0.0,14.0,14.0,14.0,14.0,0.0,1.0,14.0,,0.0,0
2026-10-02 00:13:28Z,PIT,pre,0.0,PRE,0,13289,Drew Allar,QB,0.5,0.0,0.5,0.5,0.5,0.5,0.0,1.0,0.5,,0.0,0
2026-10-02 00:13:28Z,CLE,pre,0.0,PRE,0,13298,KC Concepcion,WR,9.9,0.0,9.9,9.9,9.9,9.9,0.0,1.0,9.9,,0.0,0
2026-10-02 00:13:28Z,PIT,pre,0.0,PRE,0,6819,Michael Pittman,WR,9.7,0.0,9.7,9.7,9.7,9.7,0.0,1.0,9.7,,0.0,0
2026-10-02 00:13:28Z,PIT,pre,0.0,PRE,0,5846,DK Metcalf,WR,11.2,0.0,11.2,11.2,11.2,11.2,0.0,1.0,11.2,,0.0,0
2026-10-02 00:15:29Z,CLE,pre,0.0,PRE,0,6783,Jerry Jeudy,WR,4.8,0.0,4.8,4.8,4.8,4.8,0.0,1.0,4.8,,0.0,0
2026-10-02 00:15:29Z,PIT,pre,0.0,PRE,0,PIT,Pittsburgh Steelers D/ST,DST,8.1,0.0,8.1,8.1,8.1,8.1,0.0,1.0,8.1,,0.0,0
2026-10-02 00:15:29Z,PIT,pre,0.0,PRE,0,96,Aaron Rodgers,QB,15.4,0.0,15.4,15.4,15.4,15.4,0.0,1.0,15.4,,0.0,0
2026-10-02 00:15:29Z,CLE,pre,0.0,PRE,0,11261,Andre Szmyt,K,6.9,0.0,6.9,6.9,6.9,6.9,0.0,1.0,6.9,,0.0,0
2026-10-02 00:15:29Z,PIT,pre,0.0,PRE,0,7021,Rico Dowdle,RB,8.4,0.0,8.4,8.4,8.4,8.4,0.0,1.0,8.4,,0.0,0
2026-10-02 00:15:29Z,PIT,pre,0.0,PRE,0,11630,Roman Wilson,WR,5.7,0.0,5.7,5.7,5.7,5.7,0.0,1.0,5.7,,0.0,0
2026-10-02 00:15:29Z,CLE,pre,0.0,PRE,0,12523,Jimmy Horn,WR,1.5,0.0,1.5,1.5,1.5,1.5,0.0,1.0,1.5,,0.0,0
2026-10-02 00:15:29Z,CLE,pre,0.0,PRE,0,11617,Malachi Corley,WR,0.5,0.0,0.5,0.5,0.5,0.5,0.0,1.0,0.5,,0.0,0
2026-10-02 00:15:29Z,PIT,pre,0.0,PRE,0,9479,Darnell Washington,TE,4.9,0.0,4.9,4.9,4.9,4.9,0.0,1.0,4.9,,0.0,0
2026-10-02 00:15:29Z,CLE,pre,0.0,PRE,0,CLE,Cleveland Browns D/ST,DST,7.0,0.0,7.0,7.0,7.0,7.0,0.0,1.0,7.0,,0.0,0
2026-10-02 00:15:29Z,PIT,pre,0.0,PRE,0,1945,Chris Boswell,K,8.1,0.0,8.1,8.1,8.1,8.1,0.0,1.0,8.1,,0.0,0
2026-10-02 00:15:29Z,CLE,pre,0.0,PRE,0,12512,Quinshon Judkins,RB,11.8,0.0,11.8,11.8,11.8,11.8,0.0,1.0,11.8,,0.0,0
2026-10-02 00:15:29Z,PIT,pre,0.0,PRE,0,7600,Pat Freiermuth,TE,7.8,0.0,7.8,7.8,7.8,7.8,0.0,1.0,7.8,,0.0,0
2026-10-02 00:15:29Z,PIT,pre,0.0,PRE,0,8228,Jaylen Warren,RB,13.6,0.0,13.6,13.6,13.6,13.6,0.0,1.0,13.6,,0.0,0
2026-10-02 00:15:29Z,CLE,pre,0.0,PRE,0,12503,Isaiah Bond,WR,1.6,0.0,1.6,1.6,1.6,1.6,0.0,1.0,1.6,,0.0,0
2026-10-02 00:15:29Z,PIT,pre,0.0,PRE,0,13274,Germie Bernard,WR,4.5,0.0,4.5,4.5,4.5,4.5,0.0,1.0,4.5,,0.0,0
2026-10-02 00:15:29Z,CLE,pre,0.0,PRE,0,12506,Harold Fannin,TE,10.6,0.0,10.6,10.6,10.6,10.6,0.0,1.0,10.6,,0.0,0
2026-10-02 00:15:29Z,CLE,pre,0.0,PRE,0,13346,Denzel Boston,WR,9.4,0.0,9.4,9.4,9.4,9.4,0.0,1.0,9.4,,0.0,0
2026-10-02 00:15:29Z,CLE,pre,0.0,PRE,0,4017,Deshaun Watson,QB,14.0,0.0,14.0,14.0,14.0,14.0,0.0,1.0,14.0,,0.0,0
2026-10-02 00:15:29Z,PIT,pre,0.0,PRE,0,13289,Drew Allar,QB,0.5,0.0,0.5,0.5,0.5,0.5,0.0,1.0,0.5,,0.0,0
2026-10-02 00:15:29Z,CLE,pre,0.0,PRE,0,13298,KC Concepcion,WR,9.9,0.0,9.9,9.9,9.9,9.9,0.0,1.0,9.9,,0.0,0
2026-10-02 00:15:29Z,PIT,pre,0.0,PRE,0,6819,Michael Pittman,WR,9.7,0.0,9.7,9.7,9.7,9.7,0.0,1.0,9.7,,0.0,0
2026-10-02 00:15:29Z,PIT,pre,0.0,PRE,0,5846,DK Metcalf,WR,11.2,0.0,11.2,11.2,11.2,11.2,0.0,1.0,11.2,,0.0,0
2026-10-02 00:17:29Z,CLE,in,0.01,Q1 14:54,0,6783,Jerry Jeudy,WR,4.8,0.0,4.56,4.56,4.75,4.75,0.01,1.0,4.56,,0.0,0
2026-10-02 00:17:29Z,PIT,in,0.01,Q1 14:54,0,PIT,Pittsburgh Steelers D/ST,DST,8.1,10.0,-3.1,6.9,18.02,18.02,0.0,1.0,6.9,,0.0,0
2026-10-02 00:17:29Z,PIT,in,0.01,Q1 14:54,0,96,Aaron Rodgers,QB,15.4,0.0,15.12,15.12,15.25,15.25,0.01,1.0,15.12,,0.0,0
2026-10-02 00:17:29Z,CLE,in,0.01,Q1 14:54,0,11261,Andre Szmyt,K,6.9,0.0,6.83,6.83,6.83,6.83,0.01,1.0,6.83,,0.0,0
2026-10-02 00:17:29Z,PIT,in,0.01,Q1 14:54,0,7021,Rico Dowdle,RB,8.4,0.0,7.83,7.83,8.32,8.32,0.01,1.0,7.83,,0.0,0
2026-10-02 00:17:29Z,PIT,in,0.01,Q1 14:54,0,11630,Roman Wilson,WR,5.7,0.0,5.41,5.41,5.64,5.64,0.01,1.0,5.41,,0.0,0
2026-10-02 00:17:29Z,CLE,in,0.01,Q1 14:54,0,12523,Jimmy Horn,WR,1.5,0.0,1.42,1.42,1.48,1.48,0.01,1.0,1.42,,0.0,0
2026-10-02 00:17:29Z,CLE,in,0.01,Q1 14:54,0,11617,Malachi Corley,WR,0.5,0.0,0.47,0.47,0.49,0.49,0.01,1.0,0.47,,0.0,0
2026-10-02 00:17:29Z,PIT,in,0.01,Q1 14:54,0,9479,Darnell Washington,TE,4.9,0.0,4.65,4.65,4.85,4.85,0.01,1.0,4.65,,0.0,0
2026-10-02 00:17:29Z,CLE,in,0.01,Q1 14:54,0,CLE,Cleveland Browns D/ST,DST,7.0,10.0,-3.5,6.5,16.93,16.93,0.0,1.0,6.5,,0.0,0
2026-10-02 00:17:29Z,PIT,in,0.01,Q1 14:54,0,1945,Chris Boswell,K,8.1,0.0,8.02,8.02,8.02,8.02,0.01,1.0,8.02,,0.0,0
2026-10-02 00:17:29Z,CLE,in,0.01,Q1 14:54,0,12512,Quinshon Judkins,RB,11.8,0.0,10.99,10.99,11.68,11.68,0.01,1.0,10.99,,0.0,0
2026-10-02 00:17:29Z,PIT,in,0.01,Q1 14:54,0,7600,Pat Freiermuth,TE,7.8,0.0,7.4,7.4,7.72,7.72,0.01,1.0,7.4,,0.0,0
2026-10-02 00:17:29Z,PIT,in,0.01,Q1 14:54,0,8228,Jaylen Warren,RB,13.6,0.0,12.67,12.67,13.46,13.46,0.01,1.0,12.67,,0.0,0
2026-10-02 00:17:29Z,CLE,in,0.01,Q1 14:54,0,12503,Isaiah Bond,WR,1.6,0.0,1.52,1.52,1.58,1.58,0.01,1.0,1.52,,0.0,0
2026-10-02 00:17:29Z,PIT,in,0.01,Q1 14:54,0,13274,Germie Bernard,WR,4.5,0.0,4.27,4.27,4.46,4.46,0.01,1.0,4.27,,0.0,0
2026-10-02 00:17:29Z,CLE,in,0.01,Q1 14:54,0,12506,Harold Fannin,TE,10.6,0.0,10.06,10.06,10.49,10.49,0.01,1.0,10.06,,0.0,0
2026-10-02 00:17:29Z,CLE,in,0.01,Q1 14:54,0,13346,Denzel Boston,WR,9.4,0.0,8.92,8.92,9.31,9.31,0.01,1.0,8.92,,0.0,0
2026-10-02 00:17:29Z,CLE,in,0.01,Q1 14:54,0,4017,Deshaun Watson,QB,14.0,0.0,13.75,13.75,13.86,13.86,0.01,1.0,13.75,,0.0,0
2026-10-02 00:17:29Z,PIT,in,0.01,Q1 14:54,0,13289,Drew Allar,QB,0.5,0.0,0.49,0.49,0.49,0.49,0.01,1.0,0.49,,0.0,0
2026-10-02 00:17:29Z,CLE,in,0.01,Q1 14:54,0,13298,KC Concepcion,WR,9.9,0.0,9.4,9.4,9.8,9.8,0.01,1.0,9.4,,0.0,0
2026-10-02 00:17:29Z,PIT,in,0.01,Q1 14:54,0,6819,Michael Pittman,WR,9.7,0.0,9.21,9.21,9.6,9.6,0.01,1.0,9.21,,0.0,0
2026-10-02 00:17:29Z,PIT,in,0.01,Q1 14:54,0,5846,DK Metcalf,WR,11.2,0.0,10.63,10.63,11.09,11.09,0.01,1.0,10.63,,0.0,0
2026-10-02 00:18:30Z,CLE,in,0.011,Q1 14:21,0,6783,Jerry Jeudy,WR,4.8,0.0,4.55,4.55,4.75,4.75,0.011,1.0,4.55,,0.0,0
2026-10-02 00:18:30Z,PIT,in,0.011,Q1 14:21,0,PIT,Pittsburgh Steelers D/ST,DST,8.1,10.0,-3.1,6.9,18.01,18.01,0.001,1.0,6.9,,0.0,0
2026-10-02 00:18:30Z,PIT,in,0.011,Q1 14:21,0,96,Aaron Rodgers,QB,15.4,0.0,15.11,15.11,15.23,15.23,0.011,1.0,15.11,,0.0,0
2026-10-02 00:18:30Z,CLE,in,0.011,Q1 14:21,0,11261,Andre Szmyt,K,6.9,0.0,6.83,6.83,6.83,6.83,0.011,1.0,6.83,,0.0,0
2026-10-02 00:18:30Z,PIT,in,0.011,Q1 14:21,0,7021,Rico Dowdle,RB,8.4,0.0,7.82,7.82,8.31,8.31,0.011,1.0,7.82,,0.0,0
2026-10-02 00:18:30Z,PIT,in,0.011,Q1 14:21,0,11630,Roman Wilson,WR,5.7,0.0,5.41,5.41,5.64,5.64,0.011,1.0,5.41,,0.0,0
2026-10-02 00:18:30Z,CLE,in,0.011,Q1 14:21,0,12523,Jimmy Horn,WR,1.5,0.0,1.42,1.42,1.48,1.48,0.011,1.0,1.42,,0.0,0
2026-10-02 00:18:30Z,CLE,in,0.011,Q1 14:21,0,11617,Malachi Corley,WR,0.5,0.0,0.47,0.47,0.49,0.49,0.011,1.0,0.47,,0.0,0
2026-10-02 00:18:30Z,PIT,in,0.011,Q1 14:21,0,9479,Darnell Washington,TE,4.9,0.0,4.65,4.65,4.85,4.85,0.011,1.0,4.65,,0.0,0
2026-10-02 00:18:30Z,CLE,in,0.011,Q1 14:21,0,CLE,Cleveland Browns D/ST,DST,7.0,10.0,-3.49,6.51,16.92,16.92,0.001,1.0,6.51,,0.0,0
2026-10-02 00:18:30Z,PIT,in,0.011,Q1 14:21,0,1945,Chris Boswell,K,8.1,0.0,8.01,8.01,8.01,8.01,0.011,1.0,8.01,,0.0,0
2026-10-02 00:18:30Z,CLE,in,0.011,Q1 14:21,0,12512,Quinshon Judkins,RB,11.8,0.2,11.05,11.25,11.87,11.87,0.0,1.0,11.25,,0.0,0
2026-10-02 00:18:30Z,PIT,in,0.011,Q1 14:21,0,7600,Pat Freiermuth,TE,7.8,0.0,7.4,7.4,7.72,7.72,0.011,1.0,7.4,,0.0,0
2026-10-02 00:18:30Z,PIT,in,0.011,Q1 14:21,0,8228,Jaylen Warren,RB,13.6,0.0,12.66,12.66,13.45,13.45,0.011,1.0,12.66,,0.0,0
2026-10-02 00:18:30Z,CLE,in,0.011,Q1 14:21,0,12503,Isaiah Bond,WR,1.6,0.0,1.52,1.52,1.58,1.58,0.011,1.0,1.52,,0.0,0
2026-10-02 00:18:30Z,PIT,in,0.011,Q1 14:21,0,13274,Germie Bernard,WR,4.5,0.0,4.27,4.27,4.45,4.45,0.011,1.0,4.27,,0.0,0
2026-10-02 00:18:30Z,CLE,in,0.011,Q1 14:21,0,12506,Harold Fannin,TE,10.6,0.0,10.05,10.05,10.49,10.49,0.011,1.0,10.05,,0.0,0
2026-10-02 00:18:30Z,CLE,in,0.011,Q1 14:21,0,13346,Denzel Boston,WR,9.4,1.5,9.17,10.67,10.8,10.8,0.0,1.0,10.67,,0.0,0
2026-10-02 00:18:30Z,CLE,in,0.011,Q1 14:21,0,4017,Deshaun Watson,QB,14.0,0.2,13.79,13.99,14.05,14.05,0.0,1.0,13.99,,0.0,0
2026-10-02 00:18:30Z,PIT,in,0.011,Q1 14:21,0,13289,Drew Allar,QB,0.5,0.0,0.49,0.49,0.49,0.49,0.011,1.0,0.49,,0.0,0
2026-10-02 00:18:30Z,CLE,in,0.011,Q1 14:21,0,13298,KC Concepcion,WR,9.9,0.0,9.39,9.39,9.79,9.79,0.011,1.0,9.39,,0.0,0
2026-10-02 00:18:30Z,PIT,in,0.011,Q1 14:21,0,6819,Michael Pittman,WR,9.7,0.0,9.2,9.2,9.59,9.59,0.011,1.0,9.2,,0.0,0
2026-10-02 00:18:30Z,PIT,in,0.011,Q1 14:21,0,5846,DK Metcalf,WR,11.2,0.0,10.62,10.62,11.08,11.08,0.011,1.0,10.62,,0.0,0
2026-10-02 00:19:30Z,CLE,in,0.021,Q1 13:44,0,6783,Jerry Jeudy,WR,4.8,0.0,4.5,4.5,4.7,4.7,0.021,1.0,4.5,,0.0,0
2026-10-02 00:19:30Z,PIT,in,0.021,Q1 13:44,0,PIT,Pittsburgh Steelers D/ST,DST,8.1,10.0,-3.07,6.93,17.93,17.93,0.011,1.0,6.93,,0.0,0
2026-10-02 00:19:30Z,PIT,in,0.021,Q1 13:44,0,96,Aaron Rodgers,QB,15.4,0.0,14.95,14.95,15.07,15.07,0.021,1.0,14.95,,0.0,0
2026-10-02 00:19:30Z,CLE,in,0.021,Q1 13:44,0,11261,Andre Szmyt,K,6.9,0.0,6.75,6.75,6.75,6.75,0.021,1.0,6.75,,0.0,0
2026-10-02 00:19:30Z,PIT,in,0.021,Q1 13:44,0,7021,Rico Dowdle,RB,8.4,0.0,7.74,7.74,8.22,8.22,0.021,1.0,7.74,,0.0,0
2026-10-02 00:19:30Z,PIT,in,0.021,Q1 13:44,0,11630,Roman Wilson,WR,5.7,0.0,5.35,5.35,5.58,5.58,0.021,1.0,5.35,,0.0,0
2026-10-02 00:19:30Z,CLE,in,0.021,Q1 13:44,0,12523,Jimmy Horn,WR,1.5,0.0,1.41,1.41,1.47,1.47,0.021,1.0,1.41,,0.0,0
2026-10-02 00:19:30Z,CLE,in,0.021,Q1 13:44,0,11617,Malachi Corley,WR,0.5,0.0,0.47,0.47,0.49,0.49,0.021,1.0,0.47,,0.0,0
2026-10-02 00:19:30Z,PIT,in,0.021,Q1 13:44,0,9479,Darnell Washington,TE,4.9,0.0,4.6,4.6,4.8,4.8,0.021,1.0,4.6,,0.0,0
2026-10-02 00:19:30Z,CLE,in,0.021,Q1 13:44,0,CLE,Cleveland Browns D/ST,DST,7.0,10.0,-3.46,6.54,16.85,16.85,0.011,1.0,6.54,,0.0,0
2026-10-02 00:19:30Z,PIT,in,0.021,Q1 13:44,0,1945,Chris Boswell,K,8.1,0.0,7.93,7.93,7.93,7.93,0.021,1.0,7.93,,0.0,0
2026-10-02 00:19:30Z,CLE,in,0.021,Q1 13:44,0,12512,Quinshon Judkins,RB,11.8,0.2,10.93,11.13,11.75,11.75,0.01,1.0,11.13,,0.0,0
2026-10-02 00:19:30Z,PIT,in,0.021,Q1 13:44,0,7600,Pat Freiermuth,TE,7.8,0.0,7.32,7.32,7.64,7.64,0.021,1.0,7.32,,0.0,0
2026-10-02 00:19:30Z,PIT,in,0.021,Q1 13:44,0,8228,Jaylen Warren,RB,13.6,0.0,12.53,12.53,13.31,13.31,0.021,1.0,12.53,,0.0,0
2026-10-02 00:19:30Z,CLE,in,0.021,Q1 13:44,0,12503,Isaiah Bond,WR,1.6,1.2,1.71,2.91,2.77,2.77,0.0,1.0,2.91,,0.0,0
2026-10-02 00:19:30Z,PIT,in,0.021,Q1 13:44,0,13274,Germie Bernard,WR,4.5,0.0,4.22,4.22,4.4,4.41,0.021,1.0,4.22,,0.0,0
2026-10-02 00:19:30Z,CLE,in,0.021,Q1 13:44,0,12506,Harold Fannin,TE,10.6,0.0,9.95,9.95,10.38,10.38,0.021,1.0,9.95,,0.0,0
2026-10-02 00:19:30Z,CLE,in,0.021,Q1 13:44,0,13346,Denzel Boston,WR,9.4,1.5,9.08,10.58,10.7,10.7,0.01,1.0,10.58,,0.0,0
2026-10-02 00:19:30Z,CLE,in,0.021,Q1 13:44,0,4017,Deshaun Watson,QB,14.0,0.28,13.67,13.95,13.98,13.98,0.0,1.0,13.95,,0.0,0
2026-10-02 00:19:30Z,PIT,in,0.021,Q1 13:44,0,13289,Drew Allar,QB,0.5,0.0,0.49,0.49,0.49,0.49,0.021,1.0,0.49,,0.0,0
2026-10-02 00:19:30Z,CLE,in,0.021,Q1 13:44,0,13298,KC Concepcion,WR,9.9,0.0,9.29,9.29,9.69,9.69,0.021,1.0,9.29,,0.0,0
2026-10-02 00:19:30Z,PIT,in,0.021,Q1 13:44,0,6819,Michael Pittman,WR,9.7,0.0,9.1,9.1,9.5,9.5,0.021,1.0,9.1,,0.0,0
2026-10-02 00:19:30Z,PIT,in,0.021,Q1 13:44,0,5846,DK Metcalf,WR,11.2,0.0,10.51,10.51,10.96,10.96,0.021,1.0,10.51,,0.0,0
2026-10-02 00:20:30Z,CLE,in,0.037,Q1 12:47,0,6783,Jerry Jeudy,WR,4.8,0.0,4.43,4.43,4.62,4.62,0.037,1.0,4.43,,0.0,0
2026-10-02 00:20:30Z,PIT,in,0.037,Q1 12:47,0,PIT,Pittsburgh Steelers D/ST,DST,8.1,10.0,-3.02,6.98,17.8,17.8,0.027,1.0,6.98,,0.0,0
2026-10-02 00:20:30Z,PIT,in,0.037,Q1 12:47,0,96,Aaron Rodgers,QB,15.4,0.0,14.71,14.71,14.83,14.83,0.037,1.0,14.71,,0.0,0
2026-10-02 00:20:30Z,CLE,in,0.037,Q1 12:47,0,11261,Andre Szmyt,K,6.9,0.0,6.65,6.65,6.65,6.65,0.037,1.0,6.65,,0.0,0
2026-10-02 00:20:30Z,PIT,in,0.037,Q1 12:47,0,7021,Rico Dowdle,RB,8.4,0.0,7.61,7.61,8.09,8.09,0.037,1.0,7.61,,0.0,0
2026-10-02 00:20:30Z,PIT,in,0.037,Q1 12:47,0,11630,Roman Wilson,WR,5.7,0.0,5.26,5.26,5.49,5.49,0.037,1.0,5.26,,0.0,0
2026-10-02 00:20:30Z,CLE,in,0.037,Q1 12:47,0,12523,Jimmy Horn,WR,1.5,0.0,1.38,1.38,1.44,1.44,0.037,1.0,1.38,,0.0,0
2026-10-02 00:20:30Z,CLE,in,0.037,Q1 12:47,0,11617,Malachi Corley,WR,0.5,0.0,0.46,0.46,0.48,0.48,0.037,1.0,0.46,,0.0,0
2026-10-02 00:20:30Z,PIT,in,0.037,Q1 12:47,0,9479,Darnell Washington,TE,4.9,0.0,4.52,4.52,4.72,4.72,0.037,1.0,4.52,,0.0,0
2026-10-02 00:20:30Z,CLE,in,0.037,Q1 12:47,0,CLE,Cleveland Browns D/ST,DST,7.0,10.0,-3.4,6.6,16.74,16.74,0.027,1.0,6.6,,0.0,0
2026-10-02 00:20:30Z,PIT,in,0.037,Q1 12:47,0,1945,Chris Boswell,K,8.1,0.0,7.8,7.8,7.8,7.8,0.037,1.0,7.8,,0.0,0
2026-10-02 00:20:30Z,CLE,in,0.037,Q1 12:47,0,12512,Quinshon Judkins,RB,11.8,0.2,10.76,10.96,11.56,11.56,0.026,1.0,10.96,,0.0,0
2026-10-02 00:20:30Z,PIT,in,0.037,Q1 12:47,0,7600,Pat Freiermuth,TE,7.8,0.0,7.2,7.2,7.51,7.51,0.037,1.0,7.2,,0.0,0
2026-10-02 00:20:30Z,PIT,in,0.037,Q1 12:47,0,8228,Jaylen Warren,RB,13.6,0.4,12.45,12.85,13.5,13.5,0.0,1.0,12.85,,0.0,0
2026-10-02 00:20:30Z,CLE,in,0.037,Q1 12:47,0,12503,Isaiah Bond,WR,1.6,1.2,1.68,2.88,2.74,2.74,0.016,1.0,2.88,,0.0,0
2026-10-02 00:20:30Z,PIT,in,0.037,Q1 12:47,0,13274,Germie Bernard,WR,4.5,0.0,4.15,4.15,4.33,4.33,0.037,1.0,4.15,,0.0,0
2026-10-02 00:20:30Z,CLE,in,0.037,Q1 12:47,0,12506,Harold Fannin,TE,10.6,0.0,9.79,9.79,10.21,10.21,0.037,1.0,9.79,,0.0,0
2026-10-02 00:20:30Z,CLE,in,0.037,Q1 12:47,0,13346,Denzel Boston,WR,9.4,1.5,8.93,10.43,10.55,10.55,0.026,1.0,10.43,,0.0,0
2026-10-02 00:20:30Z,CLE,in,0.037,Q1 12:47,0,4017,Deshaun Watson,QB,14.0,0.28,13.45,13.73,13.76,13.76,0.016,1.0,13.73,,0.0,0
2026-10-02 00:20:30Z,PIT,in,0.037,Q1 12:47,0,13289,Drew Allar,QB,0.5,0.0,0.48,0.48,0.48,0.48,0.037,1.0,0.48,,0.0,0
2026-10-02 00:20:30Z,CLE,in,0.037,Q1 12:47,0,13298,KC Concepcion,WR,9.9,0.0,9.14,9.14,9.53,9.53,0.037,1.0,9.14,,0.0,0
2026-10-02 00:20:30Z,PIT,in,0.037,Q1 12:47,0,6819,Michael Pittman,WR,9.7,0.0,8.96,8.96,9.34,9.34,0.037,1.0,8.96,,0.0,0
2026-10-02 00:20:30Z,PIT,in,0.037,Q1 12:47,0,5846,DK Metcalf,WR,11.2,0.0,10.34,10.34,10.79,10.79,0.037,1.0,10.34,,0.0,0
2026-10-02 00:21:31Z,CLE,in,0.048,Q1 12:09,0,6783,Jerry Jeudy,WR,4.8,0.0,4.38,4.38,4.57,4.57,0.048,1.0,4.38,,0.0,0
2026-10-02 00:21:31Z,PIT,in,0.048,Q1 12:09,0,PIT,Pittsburgh Steelers D/ST,DST,8.1,10.0,-2.98,7.02,17.72,17.72,0.037,1.0,7.02,,0.0,0
2026-10-02 00:21:31Z,PIT,in,0.048,Q1 12:09,0,96,Aaron Rodgers,QB,15.4,0.0,14.55,14.55,14.67,14.67,0.048,1.0,14.55,,0.0,0
2026-10-02 00:21:31Z,CLE,in,0.048,Q1 12:09,0,11261,Andre Szmyt,K,6.9,0.0,6.57,6.57,6.57,6.57,0.048,1.0,6.57,,0.0,0
2026-10-02 00:21:31Z,PIT,in,0.048,Q1 12:09,0,7021,Rico Dowdle,RB,8.4,0.0,7.53,7.53,8.0,8.0,0.048,1.0,7.53,,0.0,0
2026-10-02 00:21:31Z,PIT,in,0.048,Q1 12:09,0,11630,Roman Wilson,WR,5.7,0.0,5.21,5.21,5.43,5.43,0.048,1.0,5.21,,0.0,0
2026-10-02 00:21:31Z,CLE,in,0.048,Q1 12:09,0,12523,Jimmy Horn,WR,1.5,0.0,1.37,1.37,1.43,1.43,0.048,1.0,1.37,,0.0,0
2026-10-02 00:21:31Z,CLE,in,0.048,Q1 12:09,0,11617,Malachi Corley,WR,0.5,0.0,0.46,0.46,0.48,0.48,0.048,1.0,0.46,,0.0,0
2026-10-02 00:21:31Z,PIT,in,0.048,Q1 12:09,0,9479,Darnell Washington,TE,4.9,0.0,4.47,4.47,4.67,4.67,0.048,1.0,4.47,,0.0,0
2026-10-02 00:21:31Z,CLE,in,0.048,Q1 12:09,0,CLE,Cleveland Browns D/ST,DST,7.0,10.0,-3.36,6.64,16.67,16.67,0.037,1.0,6.64,,0.0,0
2026-10-02 00:21:31Z,PIT,in,0.048,Q1 12:09,0,1945,Chris Boswell,K,8.1,0.0,7.72,7.72,7.72,7.72,0.048,1.0,7.72,,0.0,0
2026-10-02 00:21:31Z,CLE,in,0.048,Q1 12:09,0,12512,Quinshon Judkins,RB,11.8,0.2,10.64,10.84,11.44,11.44,0.037,1.0,10.84,,0.0,0
2026-10-02 00:21:31Z,PIT,in,0.048,Q1 12:09,0,7600,Pat Freiermuth,TE,7.8,0.0,7.12,7.12,7.43,7.43,0.048,1.0,7.12,,0.0,0
2026-10-02 00:21:31Z,PIT,in,0.048,Q1 12:09,0,8228,Jaylen Warren,RB,13.6,0.4,12.31,12.71,13.35,13.35,0.011,1.0,12.71,,0.0,0
2026-10-02 00:21:31Z,CLE,in,0.048,Q1 12:09,0,12503,Isaiah Bond,WR,1.6,1.2,1.66,2.86,2.72,2.72,0.026,1.0,2.86,,0.0,0
2026-10-02 00:21:31Z,PIT,in,0.048,Q1 12:09,0,13274,Germie Bernard,WR,4.5,0.0,4.11,4.11,4.29,4.29,0.048,1.0,4.11,,0.0,0
2026-10-02 00:21:31Z,CLE,in,0.048,Q1 12:09,0,12506,Harold Fannin,TE,10.6,0.0,9.68,9.68,10.1,10.1,0.048,1.0,9.68,,0.0,0
2026-10-02 00:21:31Z,CLE,in,0.048,Q1 12:09,0,13346,Denzel Boston,WR,9.4,1.5,8.83,10.33,10.45,10.45,0.037,1.0,10.33,,0.0,0
2026-10-02 00:21:31Z,CLE,in,0.048,Q1 12:09,0,4017,Deshaun Watson,QB,14.0,0.28,13.3,13.58,13.62,13.62,0.026,1.0,13.58,,0.0,0
2026-10-02 00:21:31Z,PIT,in,0.048,Q1 12:09,0,13289,Drew Allar,QB,0.5,0.0,0.47,0.47,0.48,0.48,0.048,1.0,0.47,,0.0,0
2026-10-02 00:21:31Z,CLE,in,0.048,Q1 12:09,0,13298,KC Concepcion,WR,9.9,0.0,9.04,9.04,9.43,9.43,0.048,1.0,9.04,,0.0,0
2026-10-02 00:21:31Z,PIT,in,0.048,Q1 12:09,0,6819,Michael Pittman,WR,9.7,0.0,8.86,8.86,9.24,9.24,0.048,1.0,8.86,,0.0,0
2026-10-02 00:21:31Z,PIT,in,0.048,Q1 12:09,0,5846,DK Metcalf,WR,11.2,0.0,10.23,10.23,10.67,10.67,0.048,1.0,10.23,,0.0,0
2026-10-02 00:22:31Z,CLE,in,0.049,Q1 12:04,0,6783,Jerry Jeudy,WR,4.8,0.0,4.38,4.38,4.57,4.57,0.049,1.0,4.38,,0.0,0
2026-10-02 00:22:31Z,PIT,in,0.049,Q1 12:04,0,PIT,Pittsburgh Steelers D/ST,DST,8.1,10.0,-2.98,7.02,17.7,17.7,0.039,1.0,7.02,,0.0,0
2026-10-02 00:22:31Z,PIT,in,0.049,Q1 12:04,0,96,Aaron Rodgers,QB,15.4,0.0,14.53,14.53,14.65,14.65,0.049,1.0,14.53,,0.0,0
2026-10-02 00:22:31Z,CLE,in,0.049,Q1 12:04,0,11261,Andre Szmyt,K,6.9,0.0,6.56,6.56,6.56,6.56,0.049,1.0,6.56,,0.0,0
2026-10-02 00:22:31Z,PIT,in,0.049,Q1 12:04,0,7021,Rico Dowdle,RB,8.4,0.0,7.52,7.52,7.99,7.99,0.049,1.0,7.52,,0.0,0
2026-10-02 00:22:31Z,PIT,in,0.049,Q1 12:04,0,11630,Roman Wilson,WR,5.7,0.0,5.2,5.2,5.42,5.42,0.049,1.0,5.2,,0.0,0
2026-10-02 00:22:31Z,CLE,in,0.049,Q1 12:04,0,12523,Jimmy Horn,WR,1.5,0.0,1.37,1.37,1.43,1.43,0.049,1.0,1.37,,0.0,0
2026-10-02 00:22:31Z,CLE,in,0.049,Q1 12:04,0,11617,Malachi Corley,WR,0.5,0.0,0.46,0.46,0.48,0.48,0.049,1.0,0.46,,0.0,0
2026-10-02 00:22:31Z,PIT,in,0.049,Q1 12:04,0,9479,Darnell Washington,TE,4.9,0.0,4.47,4.47,4.66,4.66,0.049,1.0,4.47,,0.0,0
2026-10-02 00:22:31Z,CLE,in,0.049,Q1 12:04,0,CLE,Cleveland Browns D/ST,DST,7.0,10.0,-3.36,6.64,16.66,16.66,0.039,1.0,6.64,,0.0,0
2026-10-02 00:22:31Z,PIT,in,0.049,Q1 12:04,0,1945,Chris Boswell,K,8.1,0.0,7.7,7.7,7.7,7.7,0.049,1.0,7.7,,0.0,0
2026-10-02 00:22:31Z,CLE,in,0.049,Q1 12:04,0,12512,Quinshon Judkins,RB,11.8,0.2,10.62,10.82,11.42,11.42,0.038,1.0,10.82,,0.0,0
2026-10-02 00:22:31Z,PIT,in,0.049,Q1 12:04,0,7600,Pat Freiermuth,TE,7.8,0.0,7.11,7.11,7.42,7.42,0.049,1.0,7.11,,0.0,0
2026-10-02 00:22:31Z,PIT,in,0.049,Q1 12:04,0,8228,Jaylen Warren,RB,13.6,0.4,12.29,12.69,13.34,13.34,0.012,1.0,12.69,,0.0,0
2026-10-02 00:22:31Z,CLE,in,0.049,Q1 12:04,0,12503,Isaiah Bond,WR,1.6,1.2,1.66,2.86,2.72,2.72,0.028,1.0,2.86,,0.0,0
2026-10-02 00:22:31Z,PIT,in,0.049,Q1 12:04,0,13274,Germie Bernard,WR,4.5,0.0,4.1,4.1,4.28,4.28,0.049,1.0,4.1,,0.0,0
2026-10-02 00:22:31Z,CLE,in,0.049,Q1 12:04,0,12506,Harold Fannin,TE,10.6,0.0,9.67,9.67,10.08,10.08,0.049,1.0,9.67,,0.0,0
2026-10-02 00:22:31Z,CLE,in,0.049,Q1 12:04,0,13346,Denzel Boston,WR,9.4,1.5,8.82,10.32,10.44,10.44,0.038,1.0,10.32,,0.0,0
2026-10-02 00:22:31Z,CLE,in,0.049,Q1 12:04,0,4017,Deshaun Watson,QB,14.0,0.28,13.28,13.56,13.6,13.6,0.028,1.0,13.56,,0.0,0
2026-10-02 00:22:31Z,PIT,in,0.049,Q1 12:04,0,13289,Drew Allar,QB,0.5,0.0,0.47,0.47,0.48,0.48,0.049,1.0,0.47,,0.0,0
2026-10-02 00:22:31Z,CLE,in,0.049,Q1 12:04,0,13298,KC Concepcion,WR,9.9,0.0,9.03,9.03,9.42,9.42,0.049,1.0,9.03,,0.0,0
2026-10-02 00:22:31Z,PIT,in,0.049,Q1 12:04,0,6819,Michael Pittman,WR,9.7,0.0,8.84,8.84,9.23,9.23,0.049,1.0,8.84,,0.0,0
2026-10-02 00:22:31Z,PIT,in,0.049,Q1 12:04,0,5846,DK Metcalf,WR,11.2,0.0,10.21,10.21,10.65,10.65,0.049,1.0,10.21,,0.0,0
2026-10-02 00:23:31Z,CLE,in,0.06,Q1 11:23,0,6783,Jerry Jeudy,WR,4.8,0.0,4.32,4.32,4.51,4.51,0.06,1.0,4.32,,0.0,0
2026-10-02 00:23:31Z,PIT,in,0.06,Q1 11:23,0,PIT,Pittsburgh Steelers D/ST,DST,8.1,10.0,-2.94,7.06,17.61,17.61,0.05,1.0,7.06,,0.0,0
2026-10-02 00:23:31Z,PIT,in,0.06,Q1 11:23,0,96,Aaron Rodgers,QB,15.4,0.6,14.5,15.1,15.07,15.07,0.0,1.0,15.1,,0.0,0
2026-10-02 00:23:31Z,CLE,in,0.06,Q1 11:23,0,11261,Andre Szmyt,K,6.9,0.0,6.48,6.48,6.48,6.48,0.06,1.0,6.48,,0.0,0
2026-10-02 00:23:31Z,PIT,in,0.06,Q1 11:23,0,7021,Rico Dowdle,RB,8.4,0.0,7.43,7.43,7.89,7.89,0.06,1.0,7.43,,0.0,0
2026-10-02 00:23:31Z,PIT,in,0.06,Q1 11:23,0,11630,Roman Wilson,WR,5.7,0.0,5.14,5.14,5.36,5.36,0.06,1.0,5.14,,0.0,0
2026-10-02 00:23:31Z,CLE,in,0.06,Q1 11:23,0,12523,Jimmy Horn,WR,1.5,0.0,1.35,1.35,1.41,1.41,0.06,1.0,1.35,,0.0,0
2026-10-02 00:23:31Z,CLE,in,0.06,Q1 11:23,0,11617,Malachi Corley,WR,0.5,0.0,0.45,0.45,0.47,0.47,0.06,1.0,0.45,,0.0,0
2026-10-02 00:23:31Z,PIT,in,0.06,Q1 11:23,0,9479,Darnell Washington,TE,4.9,0.0,4.41,4.41,4.6,4.6,0.06,1.0,4.41,,0.0,0
2026-10-02 00:23:31Z,CLE,in,0.06,Q1 11:23,0,CLE,Cleveland Browns D/ST,DST,7.0,10.0,-3.32,6.68,16.58,16.58,0.05,1.0,6.68,,0.0,0
2026-10-02 00:23:31Z,PIT,in,0.06,Q1 11:23,0,1945,Chris Boswell,K,8.1,0.0,7.61,7.61,7.61,7.61,0.06,1.0,7.61,,0.0,0
2026-10-02 00:23:31Z,CLE,in,0.06,Q1 11:23,0,12512,Quinshon Judkins,RB,11.8,0.2,10.49,10.69,11.29,11.29,0.049,1.0,10.69,,0.0,0
2026-10-02 00:23:31Z,PIT,in,0.06,Q1 11:23,0,7600,Pat Freiermuth,TE,7.8,0.0,7.03,7.03,7.33,7.33,0.06,1.0,7.03,,0.0,0
2026-10-02 00:23:31Z,PIT,in,0.06,Q1 11:23,0,8228,Jaylen Warren,RB,13.6,0.5,12.18,12.68,13.28,13.28,0.0,1.0,12.68,,0.0,0
2026-10-02 00:23:31Z,CLE,in,0.06,Q1 11:23,0,12503,Isaiah Bond,WR,1.6,1.2,1.64,2.84,2.7,2.7,0.039,1.0,2.84,,0.0,0
2026-10-02 00:23:31Z,PIT,in,0.06,Q1 11:23,0,13274,Germie Bernard,WR,4.5,0.0,4.05,4.05,4.23,4.23,0.06,1.0,4.05,,0.0,0
2026-10-02 00:23:31Z,CLE,in,0.06,Q1 11:23,0,12506,Harold Fannin,TE,10.6,0.0,9.55,9.55,9.96,9.96,0.06,1.0,9.55,,0.0,0
2026-10-02 00:23:31Z,CLE,in,0.06,Q1 11:23,0,13346,Denzel Boston,WR,9.4,1.5,8.71,10.21,10.33,10.33,0.049,1.0,10.21,,0.0,0
2026-10-02 00:23:31Z,CLE,in,0.06,Q1 11:23,0,4017,Deshaun Watson,QB,14.0,0.28,13.12,13.4,13.44,13.44,0.039,1.0,13.4,,0.0,0
2026-10-02 00:23:31Z,PIT,in,0.06,Q1 11:23,0,13289,Drew Allar,QB,0.5,0.0,0.47,0.47,0.47,0.47,0.06,1.0,0.47,,0.0,0
2026-10-02 00:23:31Z,CLE,in,0.06,Q1 11:23,0,13298,KC Concepcion,WR,9.9,0.0,8.92,8.92,9.3,9.3,0.06,1.0,8.92,,0.0,0
2026-10-02 00:23:31Z,PIT,in,0.06,Q1 11:23,0,6819,Michael Pittman,WR,9.7,0.0,8.74,8.74,9.12,9.12,0.06,1.0,8.74,,0.0,0
2026-10-02 00:23:31Z,PIT,in,0.06,Q1 11:23,0,5846,DK Metcalf,WR,11.2,2.5,10.5,13.0,13.02,13.02,0.0,1.0,13.0,,0.0,0
2026-10-02 00:24:32Z,CLE,in,0.071,Q1 10:45,0,6783,Jerry Jeudy,WR,4.8,0.0,4.28,4.28,4.46,4.46,0.071,1.0,4.28,,0.0,0
2026-10-02 00:24:32Z,PIT,in,0.071,Q1 10:45,0,PIT,Pittsburgh Steelers D/ST,DST,8.1,10.0,-2.91,7.09,17.53,17.53,0.061,1.0,7.09,,0.0,0
2026-10-02 00:24:32Z,PIT,in,0.071,Q1 10:45,0,96,Aaron Rodgers,QB,15.4,0.84,14.4,15.24,15.15,15.15,0.0,1.0,15.24,,0.0,0
2026-10-02 00:24:32Z,CLE,in,0.071,Q1 10:45,0,11261,Andre Szmyt,K,6.9,0.0,6.41,6.41,6.41,6.41,0.071,1.0,6.41,,0.0,0
2026-10-02 00:24:32Z,PIT,in,0.071,Q1 10:45,0,7021,Rico Dowdle,RB,8.4,0.0,7.34,7.34,7.81,7.81,0.071,1.0,7.34,,0.0,0
2026-10-02 00:24:32Z,PIT,in,0.071,Q1 10:45,0,11630,Roman Wilson,WR,5.7,0.0,5.08,5.08,5.3,5.3,0.071,1.0,5.08,,0.0,0
2026-10-02 00:24:32Z,CLE,in,0.071,Q1 10:45,0,12523,Jimmy Horn,WR,1.5,0.0,1.34,1.34,1.39,1.39,0.071,1.0,1.34,,0.0,0
2026-10-02 00:24:32Z,CLE,in,0.071,Q1 10:45,0,11617,Malachi Corley,WR,0.5,0.0,0.45,0.45,0.46,0.46,0.071,1.0,0.45,,0.0,0
2026-10-02 00:24:32Z,PIT,in,0.071,Q1 10:45,0,9479,Darnell Washington,TE,4.9,1.6,4.62,6.22,6.15,6.15,0.0,1.0,6.22,,0.0,0
2026-10-02 00:24:32Z,CLE,in,0.071,Q1 10:45,0,CLE,Cleveland Browns D/ST,DST,7.0,10.0,-3.28,6.72,16.5,16.5,0.061,1.0,6.72,,0.0,0
2026-10-02 00:24:32Z,PIT,in,0.071,Q1 10:45,0,1945,Chris Boswell,K,8.1,0.0,7.53,7.53,7.53,7.53,0.071,1.0,7.53,,0.0,0
2026-10-02 00:24:32Z,CLE,in,0.071,Q1 10:45,0,12512,Quinshon Judkins,RB,11.8,0.2,10.38,10.58,11.16,11.16,0.06,1.0,10.58,,0.0,0
2026-10-02 00:24:32Z,PIT,in,0.071,Q1 10:45,0,7600,Pat Freiermuth,TE,7.8,0.0,6.95,6.95,7.25,7.25,0.071,1.0,6.95,,0.0,0
2026-10-02 00:24:32Z,PIT,in,0.071,Q1 10:45,0,8228,Jaylen Warren,RB,13.6,0.5,12.04,12.54,13.14,13.14,0.011,1.0,12.54,,0.0,0
2026-10-02 00:24:32Z,CLE,in,0.071,Q1 10:45,0,12503,Isaiah Bond,WR,1.6,1.2,1.62,2.82,2.69,2.69,0.05,1.0,2.82,,0.0,0
2026-10-02 00:24:32Z,PIT,in,0.071,Q1 10:45,0,13274,Germie Bernard,WR,4.5,0.0,4.01,4.01,4.18,4.18,0.071,1.0,4.01,,0.0,0
2026-10-02 00:24:32Z,CLE,in,0.071,Q1 10:45,0,12506,Harold Fannin,TE,10.6,0.0,9.44,9.44,9.85,9.85,0.071,1.0,9.44,,0.0,0
2026-10-02 00:24:32Z,CLE,in,0.071,Q1 10:45,0,13346,Denzel Boston,WR,9.4,1.5,8.62,10.12,10.23,10.23,0.06,1.0,10.12,,0.0,0
2026-10-02 00:24:32Z,CLE,in,0.071,Q1 10:45,0,4017,Deshaun Watson,QB,14.0,0.28,12.97,13.25,13.29,13.29,0.05,1.0,13.25,,0.0,0
2026-10-02 00:24:32Z,PIT,in,0.071,Q1 10:45,0,13289,Drew Allar,QB,0.5,0.0,0.46,0.46,0.46,0.46,0.071,1.0,0.46,,0.0,0
2026-10-02 00:24:32Z,CLE,in,0.071,Q1 10:45,0,13298,KC Concepcion,WR,9.9,0.0,8.82,8.82,9.2,9.2,0.071,1.0,8.82,,0.0,0
2026-10-02 00:24:32Z,PIT,in,0.071,Q1 10:45,0,6819,Michael Pittman,WR,9.7,0.0,8.64,8.64,9.01,9.01,0.071,1.0,8.64,,0.0,0
2026-10-02 00:24:32Z,PIT,in,0.071,Q1 10:45,0,5846,DK Metcalf,WR,11.2,2.5,10.38,12.88,12.91,12.91,0.011,1.0,12.88,,0.0,0
2026-10-02 00:25:32Z,CLE,in,0.083,Q1 10:02,0,6783,Jerry Jeudy,WR,4.8,0.0,4.22,4.22,4.4,4.4,0.083,1.0,4.22,,0.0,0
2026-10-02 00:25:32Z,PIT,in,0.083,Q1 10:02,0,PIT,Pittsburgh Steelers D/ST,DST,8.1,10.0,-2.87,7.13,17.43,17.43,0.073,1.0,7.13,,0.0,0
2026-10-02 00:25:32Z,PIT,in,0.083,Q1 10:02,0,96,Aaron Rodgers,QB,15.4,1.16,14.29,15.45,15.29,15.29,0.0,1.0,15.45,,0.0,0
2026-10-02 00:25:32Z,CLE,in,0.083,Q1 10:02,0,11261,Andre Szmyt,K,6.9,0.0,6.33,6.33,6.33,6.33,0.083,1.0,6.33,,0.0,0
2026-10-02 00:25:32Z,PIT,in,0.083,Q1 10:02,0,7021,Rico Dowdle,RB,8.4,0.0,7.25,7.25,7.7,7.7,0.083,1.0,7.25,,0.0,0
2026-10-02 00:25:32Z,PIT,in,0.083,Q1 10:02,0,11630,Roman Wilson,WR,5.7,0.0,5.01,5.01,5.23,5.23,0.083,1.0,5.01,,0.0,0
2026-10-02 00:25:32Z,CLE,in,0.083,Q1 10:02,0,12523,Jimmy Horn,WR,1.5,0.0,1.32,1.32,1.38,1.38,0.083,1.0,1.32,,0.0,0
2026-10-02 00:25:32Z,CLE,in,0.083,Q1 10:02,0,11617,Malachi Corley,WR,0.5,0.0,0.44,0.44,0.46,0.46,0.083,1.0,0.44,,0.0,0
2026-10-02 00:25:32Z,PIT,in,0.083,Q1 10:02,0,9479,Darnell Washington,TE,4.9,1.6,4.56,6.16,6.09,6.09,0.012,1.0,6.16,,0.0,0
2026-10-02 00:25:32Z,CLE,in,0.083,Q1 10:02,0,CLE,Cleveland Browns D/ST,DST,7.0,10.0,-3.24,6.76,16.42,16.42,0.073,1.0,6.76,,0.0,0
2026-10-02 00:25:32Z,PIT,in,0.083,Q1 10:02,0,1945,Chris Boswell,K,8.1,0.0,7.43,7.43,7.43,7.43,0.083,1.0,7.43,,0.0,0
2026-10-02 00:25:32Z,CLE,in,0.083,Q1 10:02,0,12512,Quinshon Judkins,RB,11.8,0.2,10.24,10.44,11.02,11.02,0.072,1.0,10.44,,0.0,0
2026-10-02 00:25:32Z,PIT,in,0.083,Q1 10:02,0,7600,Pat Freiermuth,TE,7.8,0.0,6.86,6.86,7.15,7.15,0.083,1.0,6.86,,0.0,0
2026-10-02 00:25:32Z,PIT,in,0.083,Q1 10:02,0,8228,Jaylen Warren,RB,13.6,0.5,11.88,12.38,12.97,12.97,0.023,1.0,12.38,,0.0,0
2026-10-02 00:25:32Z,CLE,in,0.083,Q1 10:02,0,12503,Isaiah Bond,WR,1.6,1.2,1.6,2.8,2.67,2.67,0.062,1.0,2.8,,0.0,0
2026-10-02 00:25:32Z,PIT,in,0.083,Q1 10:02,0,13274,Germie Bernard,WR,4.5,0.0,3.96,3.96,4.13,4.13,0.083,1.0,3.96,,0.0,0
2026-10-02 00:25:32Z,CLE,in,0.083,Q1 10:02,0,12506,Harold Fannin,TE,10.6,0.0,9.32,9.32,9.72,9.72,0.083,1.0,9.32,,0.0,0
2026-10-02 00:25:32Z,CLE,in,0.083,Q1 10:02,0,13346,Denzel Boston,WR,9.4,1.5,8.51,10.01,10.12,10.12,0.072,1.0,10.01,,0.0,0
2026-10-02 00:25:32Z,CLE,in,0.083,Q1 10:02,0,4017,Deshaun Watson,QB,14.0,0.28,12.81,13.09,13.12,13.12,0.062,1.0,13.09,,0.0,0
2026-10-02 00:25:32Z,PIT,in,0.083,Q1 10:02,0,13289,Drew Allar,QB,0.5,0.0,0.45,0.45,0.46,0.46,0.083,1.0,0.45,,0.0,0
2026-10-02 00:25:32Z,CLE,in,0.083,Q1 10:02,0,13298,KC Concepcion,WR,9.9,0.0,8.71,8.71,9.08,9.08,0.083,1.0,8.71,,0.0,0
2026-10-02 00:25:32Z,PIT,in,0.083,Q1 10:02,0,6819,Michael Pittman,WR,9.7,0.0,8.53,8.53,8.9,8.9,0.083,1.0,8.53,,0.0,0
2026-10-02 00:25:32Z,PIT,in,0.083,Q1 10:02,0,5846,DK Metcalf,WR,11.2,4.3,10.53,14.83,14.57,14.57,0.0,1.0,14.83,,0.0,0
2026-10-02 00:26:32Z,CLE,in,0.091,Q1 9:33,0,6783,Jerry Jeudy,WR,4.8,0.0,4.18,4.18,4.36,4.36,0.091,1.0,4.18,,0.0,0
2026-10-02 00:26:32Z,PIT,in,0.091,Q1 9:33,0,PIT,Pittsburgh Steelers D/ST,DST,8.1,10.0,-2.85,7.15,17.36,17.36,0.081,1.0,7.15,,0.0,0
2026-10-02 00:26:32Z,PIT,in,0.091,Q1 9:33,0,96,Aaron Rodgers,QB,15.4,1.16,14.17,15.33,15.16,15.16,0.008,1.0,15.33,,0.0,0
2026-10-02 00:26:32Z,CLE,in,0.091,Q1 9:33,0,11261,Andre Szmyt,K,6.9,0.0,6.27,6.27,6.27,6.27,0.091,1.0,6.27,,0.0,0
2026-10-02 00:26:32Z,PIT,in,0.091,Q1 9:33,0,7021,Rico Dowdle,RB,8.4,0.0,7.19,7.19,7.64,7.64,0.091,1.0,7.19,,0.0,0
2026-10-02 00:26:32Z,PIT,in,0.091,Q1 9:33,0,11630,Roman Wilson,WR,5.7,0.0,4.97,4.97,5.18,5.18,0.091,1.0,4.97,,0.0,0
2026-10-02 00:26:32Z,CLE,in,0.091,Q1 9:33,0,12523,Jimmy Horn,WR,1.5,0.0,1.31,1.31,1.36,1.36,0.091,1.0,1.31,,0.0,0
2026-10-02 00:26:32Z,CLE,in,0.091,Q1 9:33,0,11617,Malachi Corley,WR,0.5,0.0,0.44,0.44,0.45,0.45,0.091,1.0,0.44,,0.0,0
2026-10-02 00:26:32Z,PIT,in,0.091,Q1 9:33,0,9479,Darnell Washington,TE,4.9,1.6,4.52,6.12,6.05,6.05,0.02,1.0,6.12,,0.0,0
2026-10-02 00:26:32Z,CLE,in,0.091,Q1 9:33,0,CLE,Cleveland Browns D/ST,DST,7.0,10.0,-3.21,6.79,16.36,16.36,0.081,1.0,6.79,,0.0,0
2026-10-02 00:26:32Z,PIT,in,0.091,Q1 9:33,0,1945,Chris Boswell,K,8.1,0.0,7.36,7.36,7.36,7.36,0.091,1.0,7.36,,0.0,0
2026-10-02 00:26:32Z,CLE,in,0.091,Q1 9:33,0,12512,Quinshon Judkins,RB,11.8,0.2,10.15,10.35,10.93,10.93,0.08,1.0,10.35,,0.0,0
2026-10-02 00:26:32Z,PIT,in,0.091,Q1 9:33,0,7600,Pat Freiermuth,TE,7.8,0.0,6.8,6.8,7.09,7.09,0.091,1.0,6.8,,0.0,0
2026-10-02 00:26:32Z,PIT,in,0.091,Q1 9:33,0,8228,Jaylen Warren,RB,13.6,0.5,11.78,12.28,12.86,12.86,0.031,1.0,12.28,,0.0,0
2026-10-02 00:26:32Z,CLE,in,0.091,Q1 9:33,0,12503,Isaiah Bond,WR,1.6,1.2,1.58,2.78,2.65,2.65,0.07,1.0,2.78,,0.0,0
2026-10-02 00:26:32Z,PIT,in,0.091,Q1 9:33,0,13274,Germie Bernard,WR,4.5,0.0,3.92,3.92,4.09,4.09,0.091,1.0,3.92,,0.0,0
2026-10-02 00:26:32Z,CLE,in,0.091,Q1 9:33,0,12506,Harold Fannin,TE,10.6,0.0,9.24,9.24,9.64,9.64,0.091,1.0,9.24,,0.0,0
2026-10-02 00:26:32Z,CLE,in,0.091,Q1 9:33,0,13346,Denzel Boston,WR,9.4,1.5,8.43,9.93,10.05,10.05,0.08,1.0,9.93,,0.0,0
2026-10-02 00:26:32Z,CLE,in,0.091,Q1 9:33,0,4017,Deshaun Watson,QB,14.0,0.28,12.69,12.97,13.01,13.01,0.07,1.0,12.97,,0.0,0
2026-10-02 00:26:32Z,PIT,in,0.091,Q1 9:33,0,13289,Drew Allar,QB,0.5,0.0,0.45,0.45,0.45,0.45,0.091,1.0,0.45,,0.0,0
2026-10-02 00:26:32Z,CLE,in,0.091,Q1 9:33,0,13298,KC Concepcion,WR,9.9,0.0,8.63,8.63,9.0,9.0,0.091,1.0,8.63,,0.0,0
2026-10-02 00:26:32Z,PIT,in,0.091,Q1 9:33,0,6819,Michael Pittman,WR,9.7,0.0,8.45,8.45,8.82,8.82,0.091,1.0,8.45,,0.0,0
2026-10-02 00:26:32Z,PIT,in,0.091,Q1 9:33,0,5846,DK Metcalf,WR,11.2,4.3,10.44,14.74,14.48,14.48,0.008,1.0,14.74,,0.0,0
2026-10-02 00:27:33Z,CLE,in,0.093,Q1 9:26,0,6783,Jerry Jeudy,WR,4.8,0.0,4.17,4.17,4.35,4.35,0.093,1.0,4.17,,0.0,0
2026-10-02 00:27:33Z,PIT,in,0.093,Q1 9:26,0,PIT,Pittsburgh Steelers D/ST,DST,8.1,10.0,-2.84,7.16,17.35,17.35,0.083,1.0,7.16,,0.0,0
2026-10-02 00:27:33Z,PIT,in,0.093,Q1 9:26,0,96,Aaron Rodgers,QB,15.4,1.16,14.14,15.3,15.13,15.13,0.01,1.0,15.3,,0.0,0
2026-10-02 00:27:33Z,CLE,in,0.093,Q1 9:26,0,11261,Andre Szmyt,K,6.9,0.0,6.26,6.26,6.26,6.26,0.093,1.0,6.26,,0.0,0
2026-10-02 00:27:33Z,PIT,in,0.093,Q1 9:26,0,7021,Rico Dowdle,RB,8.4,0.0,7.17,7.17,7.62,7.62,0.093,1.0,7.17,,0.0,0
2026-10-02 00:27:33Z,PIT,in,0.093,Q1 9:26,0,11630,Roman Wilson,WR,5.7,0.0,4.96,4.96,5.17,5.17,0.093,1.0,4.96,,0.0,0
2026-10-02 00:27:33Z,CLE,in,0.093,Q1 9:26,0,12523,Jimmy Horn,WR,1.5,0.0,1.3,1.3,1.36,1.36,0.093,1.0,1.3,,0.0,0
2026-10-02 00:27:33Z,CLE,in,0.093,Q1 9:26,0,11617,Malachi Corley,WR,0.5,0.0,0.43,0.43,0.45,0.45,0.093,1.0,0.43,,0.0,0
2026-10-02 00:27:33Z,PIT,in,0.093,Q1 9:26,0,9479,Darnell Washington,TE,4.9,1.6,4.51,6.11,6.05,6.05,0.022,1.0,6.11,,0.0,0
2026-10-02 00:27:33Z,CLE,in,0.093,Q1 9:26,0,CLE,Cleveland Browns D/ST,DST,7.0,10.0,-3.2,6.8,16.35,16.35,0.083,1.0,6.8,,0.0,0
2026-10-02 00:27:33Z,PIT,in,0.093,Q1 9:26,0,1945,Chris Boswell,K,8.1,0.0,7.35,7.35,7.35,7.35,0.093,1.0,7.35,,0.0,0
2026-10-02 00:27:33Z,CLE,in,0.093,Q1 9:26,0,12512,Quinshon Judkins,RB,11.8,0.2,10.13,10.33,10.91,10.91,0.082,1.0,10.33,,0.0,0
2026-10-02 00:27:33Z,PIT,in,0.093,Q1 9:26,0,7600,Pat Freiermuth,TE,7.8,0.0,6.78,6.78,7.08,7.08,0.093,1.0,6.78,,0.0,0
2026-10-02 00:27:33Z,PIT,in,0.093,Q1 9:26,0,8228,Jaylen Warren,RB,13.6,0.5,11.76,12.26,12.84,12.84,0.033,1.0,12.26,,0.0,0
2026-10-02 00:27:33Z,CLE,in,0.093,Q1 9:26,0,12503,Isaiah Bond,WR,1.6,1.2,1.58,2.78,2.65,2.65,0.072,1.0,2.78,,0.0,0
2026-10-02 00:27:33Z,PIT,in,0.093,Q1 9:26,0,13274,Germie Bernard,WR,4.5,0.0,3.91,3.91,4.08,4.08,0.093,1.0,3.91,,0.0,0
2026-10-02 00:27:33Z,CLE,in,0.093,Q1 9:26,0,12506,Harold Fannin,TE,10.6,0.0,9.22,9.22,9.62,9.62,0.093,1.0,9.22,,0.0,0
2026-10-02 00:27:33Z,CLE,in,0.093,Q1 9:26,0,13346,Denzel Boston,WR,9.4,1.5,8.41,9.91,10.03,10.03,0.082,1.0,9.91,,0.0,0
2026-10-02 00:27:33Z,CLE,in,0.093,Q1 9:26,0,4017,Deshaun Watson,QB,14.0,0.28,12.67,12.95,12.98,12.98,0.072,1.0,12.95,,0.0,0
2026-10-02 00:27:33Z,PIT,in,0.093,Q1 9:26,0,13289,Drew Allar,QB,0.5,0.0,0.45,0.45,0.45,0.45,0.093,1.0,0.45,,0.0,0
2026-10-02 00:27:33Z,CLE,in,0.093,Q1 9:26,0,13298,KC Concepcion,WR,9.9,0.0,8.61,8.61,8.98,8.98,0.093,1.0,8.61,,0.0,0
2026-10-02 00:27:33Z,PIT,in,0.093,Q1 9:26,0,6819,Michael Pittman,WR,9.7,0.0,8.44,8.44,8.8,8.8,0.093,1.0,8.44,,0.0,0
2026-10-02 00:27:33Z,PIT,in,0.093,Q1 9:26,0,5846,DK Metcalf,WR,11.2,4.3,10.42,14.72,14.46,14.46,0.01,1.0,14.72,,0.0,0
2026-10-02 00:28:33Z,CLE,in,0.104,Q1 8:46,0,6783,Jerry Jeudy,WR,4.8,0.0,4.12,4.12,4.3,4.3,0.104,1.0,4.12,,0.0,0
2026-10-02 00:28:33Z,PIT,in,0.104,Q1 8:46,0,PIT,Pittsburgh Steelers D/ST,DST,8.1,10.0,-2.78,7.22,17.26,17.26,0.094,1.0,7.22,,0.0,0
2026-10-02 00:28:33Z,PIT,in,0.104,Q1 8:46,0,96,Aaron Rodgers,QB,15.4,1.6,14.06,15.66,15.4,15.4,0.0,1.0,15.66,,0.0,0
2026-10-02 00:28:33Z,CLE,in,0.104,Q1 8:46,0,11261,Andre Szmyt,K,6.9,0.0,6.18,6.18,6.18,6.18,0.104,1.0,6.18,,0.0,0
2026-10-02 00:28:33Z,PIT,in,0.104,Q1 8:46,0,7021,Rico Dowdle,RB,8.4,0.0,7.08,7.08,7.53,7.53,0.104,1.0,7.08,,0.0,0
2026-10-02 00:28:33Z,PIT,in,0.104,Q1 8:46,0,11630,Roman Wilson,WR,5.7,0.0,4.9,4.9,5.11,5.11,0.104,1.0,4.9,,0.0,0
2026-10-02 00:28:33Z,CLE,in,0.104,Q1 8:46,0,12523,Jimmy Horn,WR,1.5,0.0,1.29,1.29,1.34,1.34,0.104,1.0,1.29,,0.0,0
2026-10-02 00:28:33Z,CLE,in,0.104,Q1 8:46,0,11617,Malachi Corley,WR,0.5,0.0,0.43,0.43,0.45,0.45,0.104,1.0,0.43,,0.0,0
2026-10-02 00:28:33Z,PIT,in,0.104,Q1 8:46,0,9479,Darnell Washington,TE,4.9,1.6,4.46,6.06,5.99,5.99,0.033,1.0,6.06,,0.0,0
2026-10-02 00:28:33Z,CLE,in,0.104,Q1 8:46,0,CLE,Cleveland Browns D/ST,DST,7.0,10.0,-3.13,6.87,16.27,16.27,0.094,1.0,6.87,,0.0,0
2026-10-02 00:28:33Z,PIT,in,0.104,Q1 8:46,0,1945,Chris Boswell,K,8.1,0.0,7.26,7.26,7.26,7.26,0.104,1.0,7.26,,0.0,0
2026-10-02 00:28:33Z,CLE,in,0.104,Q1 8:46,0,12512,Quinshon Judkins,RB,11.8,0.2,10.0,10.2,10.77,10.77,0.093,1.0,10.2,,0.0,0
2026-10-02 00:28:33Z,PIT,in,0.104,Q1 8:46,0,7600,Pat Freiermuth,TE,7.8,0.0,6.7,6.7,6.99,6.99,0.104,1.0,6.7,,0.0,0
2026-10-02 00:28:33Z,PIT,in,0.104,Q1 8:46,0,8228,Jaylen Warren,RB,13.6,2.6,12.2,14.8,14.79,14.79,0.0,1.0,14.8,,0.0,0
2026-10-02 00:28:33Z,CLE,in,0.104,Q1 8:46,0,12503,Isaiah Bond,WR,1.6,1.2,1.56,2.76,2.63,2.63,0.083,1.0,2.76,,0.0,0
2026-10-02 00:28:33Z,PIT,in,0.104,Q1 8:46,0,13274,Germie Bernard,WR,4.5,0.0,3.87,3.87,4.03,4.03,0.104,1.0,3.87,,0.0,0
2026-10-02 00:28:33Z,CLE,in,0.104,Q1 8:46,0,12506,Harold Fannin,TE,10.6,0.0,9.11,9.11,9.5,9.5,0.104,1.0,9.11,,0.0,0
2026-10-02 00:28:33Z,CLE,in,0.104,Q1 8:46,0,13346,Denzel Boston,WR,9.4,1.5,8.31,9.81,9.92,9.92,0.093,1.0,9.81,,0.0,0
2026-10-02 00:28:33Z,CLE,in,0.104,Q1 8:46,0,4017,Deshaun Watson,QB,14.0,0.28,12.51,12.79,12.83,12.83,0.083,1.0,12.79,,0.0,0
2026-10-02 00:28:33Z,PIT,in,0.104,Q1 8:46,0,13289,Drew Allar,QB,0.5,0.0,0.44,0.44,0.45,0.45,0.104,1.0,0.44,,0.0,0
2026-10-02 00:28:33Z,CLE,in,0.104,Q1 8:46,0,13298,KC Concepcion,WR,9.9,0.0,8.51,8.51,8.87,8.87,0.104,1.0,8.51,,0.0,0
2026-10-02 00:28:33Z,PIT,in,0.104,Q1 8:46,0,6819,Michael Pittman,WR,9.7,0.0,8.33,8.33,8.69,8.69,0.104,1.0,8.33,,0.0,0
2026-10-02 00:28:33Z,PIT,in,0.104,Q1 8:46,0,5846,DK Metcalf,WR,11.2,4.3,10.29,14.59,14.34,14.34,0.021,1.0,14.59,,0.0,0
2026-10-02 00:29:33Z,CLE,in,0.122,Q1 7:41,0,6783,Jerry Jeudy,WR,4.8,0.0,4.04,4.04,4.21,4.21,0.122,1.0,4.04,,0.0,0
2026-10-02 00:29:33Z,PIT,in,0.122,Q1 7:41,0,PIT,Pittsburgh Steelers D/ST,DST,8.1,10.0,-2.64,7.36,17.11,17.11,0.112,1.0,7.36,,0.0,0
2026-10-02 00:29:33Z,PIT,in,0.122,Q1 7:41,0,96,Aaron Rodgers,QB,15.4,1.56,13.75,15.31,15.08,15.08,0.0,1.0,15.31,,0.0,0
2026-10-02 00:29:33Z,CLE,in,0.122,Q1 7:41,0,11261,Andre Szmyt,K,6.9,0.0,6.06,6.06,6.06,6.06,0.122,1.0,6.06,,0.0,0
2026-10-02 00:29:33Z,PIT,in,0.122,Q1 7:41,0,7021,Rico Dowdle,RB,8.4,0.0,6.9,6.9,7.38,7.38,0.122,1.0,6.9,,0.0,0
2026-10-02 00:29:33Z,PIT,in,0.122,Q1 7:41,0,11630,Roman Wilson,WR,5.7,0.0,4.8,4.8,5.0,5.0,0.122,1.0,4.8,,0.0,0
2026-10-02 00:29:33Z,CLE,in,0.122,Q1 7:41,0,12523,Jimmy Horn,WR,1.5,0.0,1.26,1.26,1.32,1.32,0.122,1.0,1.26,,0.0,0
2026-10-02 00:29:33Z,CLE,in,0.122,Q1 7:41,0,11617,Malachi Corley,WR,0.5,0.0,0.42,0.42,0.44,0.44,0.122,1.0,0.42,,0.0,0
2026-10-02 00:29:33Z,PIT,in,0.122,Q1 7:41,0,9479,Darnell Washington,TE,4.9,1.6,4.37,5.97,5.9,5.9,0.051,1.0,5.97,,0.0,0
2026-10-02 00:29:33Z,CLE,in,0.122,Q1 7:41,0,CLE,Cleveland Browns D/ST,DST,7.0,10.0,-2.97,7.03,16.15,16.15,0.112,1.0,7.03,,0.0,0
2026-10-02 00:29:33Z,PIT,in,0.122,Q1 7:41,0,1945,Chris Boswell,K,8.1,0.0,7.11,7.11,7.11,7.11,0.122,1.0,7.11,,0.0,0
2026-10-02 00:29:33Z,CLE,in,0.122,Q1 7:41,0,12512,Quinshon Judkins,RB,11.8,0.2,9.75,9.95,10.56,10.56,0.111,1.0,9.95,,0.0,0
2026-10-02 00:29:33Z,PIT,in,0.122,Q1 7:41,0,7600,Pat Freiermuth,TE,7.8,0.0,6.57,6.57,6.85,6.85,0.122,1.0,6.57,,0.0,0
2026-10-02 00:29:33Z,PIT,in,0.122,Q1 7:41,0,8228,Jaylen Warren,RB,13.6,3.2,12.09,15.29,15.14,15.14,0.0,1.0,15.29,,0.0,0
2026-10-02 00:29:33Z,CLE,in,0.122,Q1 7:41,0,12503,Isaiah Bond,WR,1.6,1.2,1.53,2.73,2.6,2.6,0.101,1.0,2.73,,0.0,0
2026-10-02 00:29:33Z,PIT,in,0.122,Q1 7:41,0,13274,Germie Bernard,WR,4.5,0.0,3.79,3.79,3.95,3.95,0.122,1.0,3.79,,0.0,0
2026-10-02 00:29:33Z,CLE,in,0.122,Q1 7:41,0,12506,Harold Fannin,TE,10.6,0.0,8.93,8.93,9.31,9.31,0.122,1.0,8.93,,0.0,0
2026-10-02 00:29:33Z,CLE,in,0.122,Q1 7:41,0,13346,Denzel Boston,WR,9.4,1.5,8.14,9.64,9.75,9.75,0.111,1.0,9.64,,0.0,0
2026-10-02 00:29:33Z,CLE,in,0.122,Q1 7:41,0,4017,Deshaun Watson,QB,14.0,0.28,12.23,12.51,12.57,12.57,0.101,1.0,12.51,,0.0,0
2026-10-02 00:29:33Z,PIT,in,0.122,Q1 7:41,0,13289,Drew Allar,QB,0.5,0.0,0.43,0.43,0.44,0.44,0.122,1.0,0.43,,0.0,0
2026-10-02 00:29:33Z,CLE,in,0.122,Q1 7:41,0,13298,KC Concepcion,WR,9.9,0.0,8.34,8.34,8.69,8.69,0.122,1.0,8.34,,0.0,0
2026-10-02 00:29:33Z,PIT,in,0.122,Q1 7:41,0,6819,Michael Pittman,WR,9.7,0.0,8.17,8.17,8.52,8.52,0.122,1.0,8.17,,0.0,0
2026-10-02 00:29:33Z,PIT,in,0.122,Q1 7:41,0,5846,DK Metcalf,WR,11.2,4.2,10.06,14.26,14.03,14.03,0.0,1.0,14.26,,0.0,0
2026-10-02 00:30:34Z,CLE,in,0.126,Q1 7:27,0,6783,Jerry Jeudy,WR,4.8,0.0,4.03,4.03,4.2,4.2,0.126,1.0,4.03,,0.0,0
2026-10-02 00:30:34Z,PIT,in,0.126,Q1 7:27,0,PIT,Pittsburgh Steelers D/ST,DST,8.1,10.0,-2.61,7.39,17.08,17.08,0.116,1.0,7.39,,0.0,0
2026-10-02 00:30:34Z,PIT,in,0.126,Q1 7:27,0,96,Aaron Rodgers,QB,15.4,1.56,13.69,15.25,15.02,15.02,0.004,1.0,15.25,,0.0,0
2026-10-02 00:30:34Z,CLE,in,0.126,Q1 7:27,0,11261,Andre Szmyt,K,6.9,0.0,6.03,6.03,6.03,6.03,0.126,1.0,6.03,,0.0,0
2026-10-02 00:30:34Z,PIT,in,0.126,Q1 7:27,0,7021,Rico Dowdle,RB,8.4,0.0,6.86,6.86,7.34,7.34,0.126,1.0,6.86,,0.0,0
2026-10-02 00:30:34Z,PIT,in,0.126,Q1 7:27,0,11630,Roman Wilson,WR,5.7,0.0,4.78,4.78,4.98,4.98,0.126,1.0,4.78,,0.0,0
2026-10-02 00:30:34Z,CLE,in,0.126,Q1 7:27,0,12523,Jimmy Horn,WR,1.5,0.0,1.26,1.26,1.31,1.31,0.126,1.0,1.26,,0.0,0
2026-10-02 00:30:34Z,CLE,in,0.126,Q1 7:27,0,11617,Malachi Corley,WR,0.5,0.0,0.42,0.42,0.44,0.44,0.126,1.0,0.42,,0.0,0
2026-10-02 00:30:34Z,PIT,in,0.126,Q1 7:27,0,9479,Darnell Washington,TE,4.9,1.6,4.35,5.95,5.88,5.88,0.055,1.0,5.95,,0.0,0
2026-10-02 00:30:34Z,CLE,in,0.126,Q1 7:27,0,CLE,Cleveland Browns D/ST,DST,7.0,10.0,-2.94,7.06,16.12,16.12,0.116,1.0,7.06,,0.0,0
2026-10-02 00:30:34Z,PIT,in,0.126,Q1 7:27,0,1945,Chris Boswell,K,8.1,0.0,7.08,7.08,7.08,7.08,0.126,1.0,7.08,,0.0,0
2026-10-02 00:30:34Z,CLE,in,0.126,Q1 7:27,0,12512,Quinshon Judkins,RB,11.8,0.2,9.7,9.9,10.52,10.52,0.115,1.0,9.9,,0.0,0
2026-10-02 00:30:34Z,PIT,in,0.126,Q1 7:27,0,7600,Pat Freiermuth,TE,7.8,0.0,6.54,6.54,6.82,6.82,0.126,1.0,6.54,,0.0,0
2026-10-02 00:30:34Z,PIT,in,0.126,Q1 7:27,0,8228,Jaylen Warren,RB,13.6,3.2,12.02,15.22,15.09,15.09,0.004,1.0,15.22,,0.0,0
2026-10-02 00:30:34Z,CLE,in,0.126,Q1 7:27,0,12503,Isaiah Bond,WR,1.6,1.2,1.52,2.72,2.6,2.6,0.105,1.0,2.72,,0.0,0
2026-10-02 00:30:34Z,PIT,in,0.126,Q1 7:27,0,13274,Germie Bernard,WR,4.5,0.0,3.77,3.77,3.93,3.93,0.126,1.0,3.77,,0.0,0
2026-10-02 00:30:34Z,CLE,in,0.126,Q1 7:27,0,12506,Harold Fannin,TE,10.6,0.0,8.89,8.89,9.27,9.27,0.126,1.0,8.89,,0.0,0
2026-10-02 00:30:34Z,CLE,in,0.126,Q1 7:27,0,13346,Denzel Boston,WR,9.4,1.5,8.11,9.61,9.72,9.72,0.115,1.0,9.61,,0.0,0
2026-10-02 00:30:34Z,CLE,in,0.126,Q1 7:27,0,4017,Deshaun Watson,QB,14.0,0.28,12.17,12.45,12.52,12.52,0.105,1.0,12.45,,0.0,0
2026-10-02 00:30:34Z,PIT,in,0.126,Q1 7:27,0,13289,Drew Allar,QB,0.5,0.0,0.43,0.43,0.44,0.44,0.126,1.0,0.43,,0.0,0
2026-10-02 00:30:34Z,CLE,in,0.126,Q1 7:27,0,13298,KC Concepcion,WR,9.9,0.0,8.3,8.3,8.65,8.65,0.126,1.0,8.3,,0.0,0
2026-10-02 00:30:34Z,PIT,in,0.126,Q1 7:27,0,6819,Michael Pittman,WR,9.7,0.0,8.14,8.14,8.48,8.48,0.126,1.0,8.14,,0.0,0
2026-10-02 00:30:34Z,PIT,in,0.126,Q1 7:27,0,5846,DK Metcalf,WR,11.2,4.2,10.01,14.21,13.99,13.99,0.004,1.0,14.21,,0.0,0
2026-10-02 00:31:34Z,CLE,in,0.126,Q1 7:27,0,6783,Jerry Jeudy,WR,4.8,0.0,4.03,4.03,4.2,4.2,0.126,1.0,4.03,,0.0,0
2026-10-02 00:31:34Z,PIT,in,0.126,Q1 7:27,0,PIT,Pittsburgh Steelers D/ST,DST,8.1,10.0,-2.61,7.39,17.08,17.08,0.116,1.0,7.39,,0.0,0
2026-10-02 00:31:34Z,PIT,in,0.126,Q1 7:27,0,96,Aaron Rodgers,QB,15.4,1.56,13.69,15.25,15.02,15.02,0.004,1.0,15.25,,0.0,0
2026-10-02 00:31:34Z,CLE,in,0.126,Q1 7:27,0,11261,Andre Szmyt,K,6.9,0.0,6.03,6.03,6.03,6.03,0.126,1.0,6.03,,0.0,0
2026-10-02 00:31:34Z,PIT,in,0.126,Q1 7:27,0,7021,Rico Dowdle,RB,8.4,0.0,6.86,6.86,7.34,7.34,0.126,1.0,6.86,,0.0,0
2026-10-02 00:31:34Z,PIT,in,0.126,Q1 7:27,0,11630,Roman Wilson,WR,5.7,0.0,4.78,4.78,4.98,4.98,0.126,1.0,4.78,,0.0,0
2026-10-02 00:31:34Z,CLE,in,0.126,Q1 7:27,0,12523,Jimmy Horn,WR,1.5,0.0,1.26,1.26,1.31,1.31,0.126,1.0,1.26,,0.0,0
2026-10-02 00:31:34Z,CLE,in,0.126,Q1 7:27,0,11617,Malachi Corley,WR,0.5,0.0,0.42,0.42,0.44,0.44,0.126,1.0,0.42,,0.0,0
2026-10-02 00:31:34Z,PIT,in,0.126,Q1 7:27,0,9479,Darnell Washington,TE,4.9,1.6,4.35,5.95,5.88,5.88,0.055,1.0,5.95,,0.0,0
2026-10-02 00:31:34Z,CLE,in,0.126,Q1 7:27,0,CLE,Cleveland Browns D/ST,DST,7.0,10.0,-2.94,7.06,16.12,16.12,0.116,1.0,7.06,,0.0,0
2026-10-02 00:31:34Z,PIT,in,0.126,Q1 7:27,0,1945,Chris Boswell,K,8.1,0.0,7.08,7.08,7.08,7.08,0.126,1.0,7.08,,0.0,0
2026-10-02 00:31:34Z,CLE,in,0.126,Q1 7:27,0,12512,Quinshon Judkins,RB,11.8,0.2,9.7,9.9,10.52,10.52,0.115,1.0,9.9,,0.0,0
2026-10-02 00:31:34Z,PIT,in,0.126,Q1 7:27,0,7600,Pat Freiermuth,TE,7.8,0.0,6.54,6.54,6.82,6.82,0.126,1.0,6.54,,0.0,0
2026-10-02 00:31:34Z,PIT,in,0.126,Q1 7:27,0,8228,Jaylen Warren,RB,13.6,3.2,12.02,15.22,15.09,15.09,0.004,1.0,15.22,,0.0,0
2026-10-02 00:31:34Z,CLE,in,0.126,Q1 7:27,0,12503,Isaiah Bond,WR,1.6,1.2,1.52,2.72,2.6,2.6,0.105,1.0,2.72,,0.0,0
2026-10-02 00:31:34Z,PIT,in,0.126,Q1 7:27,0,13274,Germie Bernard,WR,4.5,0.0,3.77,3.77,3.93,3.93,0.126,1.0,3.77,,0.0,0
2026-10-02 00:31:34Z,CLE,in,0.126,Q1 7:27,0,12506,Harold Fannin,TE,10.6,0.0,8.89,8.89,9.27,9.27,0.126,1.0,8.89,,0.0,0
2026-10-02 00:31:34Z,CLE,in,0.126,Q1 7:27,0,13346,Denzel Boston,WR,9.4,1.5,8.11,9.61,9.72,9.72,0.115,1.0,9.61,,0.0,0
2026-10-02 00:31:34Z,CLE,in,0.126,Q1 7:27,0,4017,Deshaun Watson,QB,14.0,0.28,12.17,12.45,12.52,12.52,0.105,1.0,12.45,,0.0,0
2026-10-02 00:31:34Z,PIT,in,0.126,Q1 7:27,0,13289,Drew Allar,QB,0.5,0.0,0.43,0.43,0.44,0.44,0.126,1.0,0.43,,0.0,0
2026-10-02 00:31:34Z,CLE,in,0.126,Q1 7:27,0,13298,KC Concepcion,WR,9.9,0.0,8.3,8.3,8.65,8.65,0.126,1.0,8.3,,0.0,0
2026-10-02 00:31:34Z,PIT,in,0.126,Q1 7:27,0,6819,Michael Pittman,WR,9.7,0.0,8.14,8.14,8.48,8.48,0.126,1.0,8.14,,0.0,0
2026-10-02 00:31:34Z,PIT,in,0.126,Q1 7:27,0,5846,DK Metcalf,WR,11.2,4.2,10.01,14.21,13.99,13.99,0.004,1.0,14.21,,0.0,0
2026-10-02 00:32:34Z,CLE,in,0.126,Q1 7:27,0,6783,Jerry Jeudy,WR,4.8,0.0,4.03,4.03,4.2,4.2,0.126,1.0,4.03,,0.0,0
2026-10-02 00:32:34Z,PIT,in,0.126,Q1 7:27,0,PIT,Pittsburgh Steelers D/ST,DST,8.1,10.0,-2.61,7.39,17.08,17.08,0.116,1.0,7.39,,0.0,0
2026-10-02 00:32:34Z,PIT,in,0.126,Q1 7:27,0,96,Aaron Rodgers,QB,15.4,1.56,13.69,15.25,15.02,15.02,0.004,1.0,15.25,,0.0,0
2026-10-02 00:32:34Z,CLE,in,0.126,Q1 7:27,0,11261,Andre Szmyt,K,6.9,0.0,6.03,6.03,6.03,6.03,0.126,1.0,6.03,,0.0,0
2026-10-02 00:32:34Z,PIT,in,0.126,Q1 7:27,0,7021,Rico Dowdle,RB,8.4,0.0,6.86,6.86,7.34,7.34,0.126,1.0,6.86,,0.0,0
2026-10-02 00:32:34Z,PIT,in,0.126,Q1 7:27,0,11630,Roman Wilson,WR,5.7,0.0,4.78,4.78,4.98,4.98,0.126,1.0,4.78,,0.0,0
2026-10-02 00:32:34Z,CLE,in,0.126,Q1 7:27,0,12523,Jimmy Horn,WR,1.5,0.0,1.26,1.26,1.31,1.31,0.126,1.0,1.26,,0.0,0
2026-10-02 00:32:34Z,CLE,in,0.126,Q1 7:27,0,11617,Malachi Corley,WR,0.5,0.0,0.42,0.42,0.44,0.44,0.126,1.0,0.42,,0.0,0
2026-10-02 00:32:34Z,PIT,in,0.126,Q1 7:27,0,9479,Darnell Washington,TE,4.9,1.6,4.35,5.95,5.88,5.88,0.055,1.0,5.95,,0.0,0
2026-10-02 00:32:34Z,CLE,in,0.126,Q1 7:27,0,CLE,Cleveland Browns D/ST,DST,7.0,10.0,-2.94,7.06,16.12,16.12,0.116,1.0,7.06,,0.0,0
2026-10-02 00:32:34Z,PIT,in,0.126,Q1 7:27,0,1945,Chris Boswell,K,8.1,0.0,7.08,7.08,7.08,7.08,0.126,1.0,7.08,,0.0,0
2026-10-02 00:32:34Z,CLE,in,0.126,Q1 7:27,0,12512,Quinshon Judkins,RB,11.8,0.2,9.7,9.9,10.52,10.52,0.115,1.0,9.9,,0.0,0
2026-10-02 00:32:34Z,PIT,in,0.126,Q1 7:27,0,7600,Pat Freiermuth,TE,7.8,0.0,6.54,6.54,6.82,6.82,0.126,1.0,6.54,,0.0,0
2026-10-02 00:32:34Z,PIT,in,0.126,Q1 7:27,0,8228,Jaylen Warren,RB,13.6,3.2,12.02,15.22,15.09,15.09,0.004,1.0,15.22,,0.0,0
2026-10-02 00:32:34Z,CLE,in,0.126,Q1 7:27,0,12503,Isaiah Bond,WR,1.6,1.2,1.52,2.72,2.6,2.6,0.105,1.0,2.72,,0.0,0
2026-10-02 00:32:34Z,PIT,in,0.126,Q1 7:27,0,13274,Germie Bernard,WR,4.5,0.0,3.77,3.77,3.93,3.93,0.126,1.0,3.77,,0.0,0
2026-10-02 00:32:34Z,CLE,in,0.126,Q1 7:27,0,12506,Harold Fannin,TE,10.6,0.0,8.89,8.89,9.27,9.27,0.126,1.0,8.89,,0.0,0
2026-10-02 00:32:34Z,CLE,in,0.126,Q1 7:27,0,13346,Denzel Boston,WR,9.4,1.5,8.11,9.61,9.72,9.72,0.115,1.0,9.61,,0.0,0
2026-10-02 00:32:34Z,CLE,in,0.126,Q1 7:27,0,4017,Deshaun Watson,QB,14.0,0.28,12.17,12.45,12.52,12.52,0.105,1.0,12.45,,0.0,0
2026-10-02 00:32:34Z,PIT,in,0.126,Q1 7:27,0,13289,Drew Allar,QB,0.5,0.0,0.43,0.43,0.44,0.44,0.126,1.0,0.43,,0.0,0
2026-10-02 00:32:34Z,CLE,in,0.126,Q1 7:27,0,13298,KC Concepcion,WR,9.9,0.0,8.3,8.3,8.65,8.65,0.126,1.0,8.3,,0.0,0
2026-10-02 00:32:34Z,PIT,in,0.126,Q1 7:27,0,6819,Michael Pittman,WR,9.7,0.0,8.14,8.14,8.48,8.48,0.126,1.0,8.14,,0.0,0
2026-10-02 00:32:34Z,PIT,in,0.126,Q1 7:27,0,5846,DK Metcalf,WR,11.2,4.2,10.01,14.21,13.99,13.99,0.004,1.0,14.21,,0.0,0
2026-10-02 00:33:35Z,CLE,in,0.129,Q1 7:14,0,6783,Jerry Jeudy,WR,4.8,0.0,4.01,4.01,4.18,4.18,0.129,1.0,4.01,,0.0,0
2026-10-02 00:33:35Z,PIT,in,0.129,Q1 7:14,0,PIT,Pittsburgh Steelers D/ST,DST,8.1,10.0,-2.59,7.41,17.05,17.05,0.119,1.0,7.41,,0.0,0
2026-10-02 00:33:35Z,PIT,in,0.129,Q1 7:14,0,96,Aaron Rodgers,QB,15.4,1.56,13.63,15.19,14.97,14.97,0.008,1.0,15.19,,0.0,0
2026-10-02 00:33:35Z,CLE,in,0.129,Q1 7:14,0,11261,Andre Szmyt,K,6.9,0.0,6.01,6.01,6.01,6.01,0.129,1.0,6.01,,0.0,0
2026-10-02 00:33:35Z,PIT,in,0.129,Q1 7:14,0,7021,Rico Dowdle,RB,8.4,0.0,6.83,6.83,7.31,7.31,0.129,1.0,6.83,,0.0,0
2026-10-02 00:33:35Z,PIT,in,0.129,Q1 7:14,0,11630,Roman Wilson,WR,5.7,0.0,4.76,4.76,4.96,4.96,0.129,1.0,4.76,,0.0,0
2026-10-02 00:33:35Z,CLE,in,0.129,Q1 7:14,0,12523,Jimmy Horn,WR,1.5,0.0,1.25,1.25,1.31,1.31,0.129,1.0,1.25,,0.0,0
2026-10-02 00:33:35Z,CLE,in,0.129,Q1 7:14,0,11617,Malachi Corley,WR,0.5,0.0,0.42,0.42,0.44,0.44,0.129,1.0,0.42,,0.0,0
2026-10-02 00:33:35Z,PIT,in,0.129,Q1 7:14,0,9479,Darnell Washington,TE,4.9,1.6,4.33,5.93,5.87,5.87,0.059,1.0,5.93,,0.0,0
2026-10-02 00:33:35Z,CLE,in,0.129,Q1 7:14,0,CLE,Cleveland Browns D/ST,DST,7.0,10.0,-2.92,7.08,16.09,16.09,0.119,1.0,7.08,,0.0,0
2026-10-02 00:33:35Z,PIT,in,0.129,Q1 7:14,0,1945,Chris Boswell,K,8.1,0.0,7.05,7.05,7.05,7.05,0.129,1.0,7.05,,0.0,0
2026-10-02 00:33:35Z,CLE,in,0.129,Q1 7:14,0,12512,Quinshon Judkins,RB,11.8,0.2,9.65,9.85,10.47,10.47,0.119,1.0,9.85,,0.0,0
2026-10-02 00:33:35Z,PIT,in,0.129,Q1 7:14,0,7600,Pat Freiermuth,TE,7.8,0.0,6.52,6.52,6.79,6.79,0.129,1.0,6.52,,0.0,0
2026-10-02 00:33:35Z,PIT,in,0.129,Q1 7:14,0,8228,Jaylen Warren,RB,13.6,3.4,12.02,15.42,15.24,15.24,0.0,1.0,15.42,,0.0,0
2026-10-02 00:33:35Z,CLE,in,0.129,Q1 7:14,0,12503,Isaiah Bond,WR,1.6,1.2,1.51,2.71,2.59,2.59,0.108,1.0,2.71,,0.0,0
2026-10-02 00:33:35Z,PIT,in,0.129,Q1 7:14,0,13274,Germie Bernard,WR,4.5,0.0,3.76,3.76,3.92,3.92,0.129,1.0,3.76,,0.0,0
2026-10-02 00:33:35Z,CLE,in,0.129,Q1 7:14,0,12506,Harold Fannin,TE,10.6,0.0,8.85,8.85,9.23,9.23,0.129,1.0,8.85,,0.0,0
2026-10-02 00:33:35Z,CLE,in,0.129,Q1 7:14,0,13346,Denzel Boston,WR,9.4,1.5,8.07,9.57,9.68,9.68,0.119,1.0,9.57,,0.0,0
2026-10-02 00:33:35Z,CLE,in,0.129,Q1 7:14,0,4017,Deshaun Watson,QB,14.0,0.28,12.12,12.4,12.47,12.47,0.108,1.0,12.4,,0.0,0
2026-10-02 00:33:35Z,PIT,in,0.129,Q1 7:14,0,13289,Drew Allar,QB,0.5,0.0,0.43,0.43,0.44,0.44,0.129,1.0,0.43,,0.0,0
2026-10-02 00:33:35Z,CLE,in,0.129,Q1 7:14,0,13298,KC Concepcion,WR,9.9,0.0,8.27,8.27,8.62,8.62,0.129,1.0,8.27,,0.0,0
2026-10-02 00:33:35Z,PIT,in,0.129,Q1 7:14,0,6819,Michael Pittman,WR,9.7,0.0,8.1,8.1,8.44,8.44,0.129,1.0,8.1,,0.0,0
2026-10-02 00:33:35Z,PIT,in,0.129,Q1 7:14,0,5846,DK Metcalf,WR,11.2,4.2,9.97,14.17,13.95,13.95,0.008,1.0,14.17,,0.0,0
2026-10-02 00:34:35Z,CLE,in,0.141,Q1 6:31,0,6783,Jerry Jeudy,WR,4.8,0.0,3.96,3.96,4.12,4.12,0.141,1.0,3.96,,0.0,0
2026-10-02 00:34:35Z,PIT,in,0.141,Q1 6:31,0,PIT,Pittsburgh Steelers D/ST,DST,8.1,10.0,-2.53,7.47,16.95,16.95,0.131,1.0,7.47,,0.0,0
2026-10-02 00:34:35Z,PIT,in,0.141,Q1 6:31,0,96,Aaron Rodgers,QB,15.4,1.56,13.42,14.98,14.78,14.78,0.019,1.0,14.98,,0.0,0
2026-10-02 00:34:35Z,CLE,in,0.141,Q1 6:31,0,11261,Andre Szmyt,K,6.9,0.0,5.92,5.92,5.92,5.92,0.141,1.0,5.92,,0.0,0
2026-10-02 00:34:35Z,PIT,in,0.141,Q1 6:31,0,7021,Rico Dowdle,RB,8.4,0.0,6.71,6.71,7.21,7.21,0.141,1.0,6.71,,0.0,0
2026-10-02 00:34:35Z,PIT,in,0.141,Q1 6:31,0,11630,Roman Wilson,WR,5.7,0.0,4.7,4.7,4.89,4.89,0.141,1.0,4.7,,0.0,0
2026-10-02 00:34:35Z,CLE,in,0.141,Q1 6:31,0,12523,Jimmy Horn,WR,1.5,0.0,1.24,1.24,1.29,1.29,0.141,1.0,1.24,,0.0,0
2026-10-02 00:34:35Z,CLE,in,0.141,Q1 6:31,0,11617,Malachi Corley,WR,0.5,0.0,0.41,0.41,0.43,0.43,0.141,1.0,0.41,,0.0,0
2026-10-02 00:34:35Z,PIT,in,0.141,Q1 6:31,0,9479,Darnell Washington,TE,4.9,1.6,4.27,5.87,5.81,5.81,0.071,1.0,5.87,,0.0,0
2026-10-02 00:34:35Z,CLE,in,0.141,Q1 6:31,0,CLE,Cleveland Browns D/ST,DST,7.0,11.0,-3.33,7.67,17.01,17.01,0.0,1.0,7.67,,0.0,0
2026-10-02 00:34:35Z,PIT,in,0.141,Q1 6:31,0,1945,Chris Boswell,K,8.1,0.0,6.95,6.95,6.95,6.95,0.141,1.0,6.95,,0.0,0
2026-10-02 00:34:35Z,CLE,in,0.141,Q1 6:31,0,12512,Quinshon Judkins,RB,11.8,0.2,9.48,9.68,10.33,10.33,0.131,1.0,9.68,,0.0,0
2026-10-02 00:34:35Z,PIT,in,0.141,Q1 6:31,0,7600,Pat Freiermuth,TE,7.8,0.0,6.43,6.43,6.7,6.7,0.141,1.0,6.43,,0.0,0
2026-10-02 00:34:35Z,PIT,in,0.141,Q1 6:31,0,8228,Jaylen Warren,RB,13.6,3.4,11.83,15.23,15.08,15.08,0.012,1.0,15.23,,0.0,0
2026-10-02 00:34:35Z,CLE,in,0.141,Q1 6:31,0,12503,Isaiah Bond,WR,1.6,1.2,1.49,2.69,2.57,2.57,0.12,1.0,2.69,,0.0,0
2026-10-02 00:34:35Z,PIT,in,0.141,Q1 6:31,0,13274,Germie Bernard,WR,4.5,0.0,3.71,3.71,3.86,3.86,0.141,1.0,3.71,,0.0,0
2026-10-02 00:34:35Z,CLE,in,0.141,Q1 6:31,0,12506,Harold Fannin,TE,10.6,0.0,8.74,8.74,9.1,9.1,0.141,1.0,8.74,,0.0,0
2026-10-02 00:34:35Z,CLE,in,0.141,Q1 6:31,0,13346,Denzel Boston,WR,9.4,1.5,7.96,9.46,9.57,9.57,0.131,1.0,9.46,,0.0,0
2026-10-02 00:34:35Z,CLE,in,0.141,Q1 6:31,0,4017,Deshaun Watson,QB,14.0,0.28,11.94,12.22,12.3,12.3,0.12,1.0,12.22,,0.0,0
2026-10-02 00:34:35Z,PIT,in,0.141,Q1 6:31,0,13289,Drew Allar,QB,0.5,0.0,0.42,0.42,0.43,0.43,0.141,1.0,0.42,,0.0,0
2026-10-02 00:34:35Z,CLE,in,0.141,Q1 6:31,0,13298,KC Concepcion,WR,9.9,0.0,8.16,8.16,8.5,8.5,0.141,1.0,8.16,,0.0,0
2026-10-02 00:34:35Z,PIT,in,0.141,Q1 6:31,0,6819,Michael Pittman,WR,9.7,0.0,7.99,7.99,8.33,8.33,0.141,1.0,7.99,,0.0,0
2026-10-02 00:34:35Z,PIT,in,0.141,Q1 6:31,0,5846,DK Metcalf,WR,11.2,4.2,9.83,14.03,13.82,13.82,0.019,1.0,14.03,,0.0,0
2026-10-02 00:35:36Z,CLE,in,0.153,Q1 5:48,0,6783,Jerry Jeudy,WR,4.8,0.0,3.9,3.9,3.91,4.06,0.153,1.0,3.9,,0.0,0
2026-10-02 00:35:36Z,PIT,in,0.153,Q1 5:48,0,PIT,Pittsburgh Steelers D/ST,DST,8.1,10.0,-2.49,7.51,18.71,16.86,0.143,1.0,7.51,,0.0,0
2026-10-02 00:35:36Z,PIT,in,0.153,Q1 5:48,0,96,Aaron Rodgers,QB,15.4,1.56,13.22,14.78,14.43,14.6,0.031,1.0,14.78,,0.0,0
2026-10-02 00:35:36Z,CLE,in,0.153,Q1 5:48,0,11261,Andre Szmyt,K,6.9,0.0,5.62,5.62,5.62,5.84,0.153,1.0,5.62,,0.0,0
2026-10-02 00:35:36Z,PIT,in,0.153,Q1 5:48,0,7021,Rico Dowdle,RB,8.4,0.0,6.59,6.59,6.84,7.11,0.153,1.0,6.59,,0.0,0
2026-10-02 00:35:36Z,PIT,in,0.153,Q1 5:48,0,11630,Roman Wilson,WR,5.7,0.0,4.63,4.63,4.64,4.83,0.153,1.0,4.63,,0.0,0
2026-10-02 00:35:36Z,CLE,in,0.153,Q1 5:48,0,12523,Jimmy Horn,WR,1.5,0.0,1.22,1.22,1.22,1.27,0.153,1.0,1.22,,0.0,0
2026-10-02 00:35:36Z,CLE,in,0.153,Q1 5:48,0,11617,Malachi Corley,WR,0.5,0.0,0.41,0.41,0.41,0.42,0.153,1.0,0.41,,0.0,0
2026-10-02 00:35:36Z,PIT,in,0.153,Q1 5:48,0,9479,Darnell Washington,TE,4.9,1.6,4.21,5.81,5.93,5.75,0.082,1.0,5.81,,0.0,0
2026-10-02 00:35:36Z,CLE,in,0.153,Q1 5:48,0,CLE,Cleveland Browns D/ST,DST,7.0,11.0,-3.26,7.74,19.03,16.93,0.012,1.0,7.74,,0.0,0
2026-10-02 00:35:36Z,PIT,in,0.153,Q1 5:48,0,1945,Chris Boswell,K,8.1,0.0,6.6,6.6,6.6,6.86,0.153,1.0,6.6,,0.0,0
2026-10-02 00:35:36Z,CLE,in,0.153,Q1 5:48,0,12512,Quinshon Judkins,RB,11.8,0.2,9.32,9.52,9.85,10.19,0.142,1.0,9.52,,0.0,0
2026-10-02 00:35:36Z,PIT,in,0.153,Q1 5:48,0,7600,Pat Freiermuth,TE,7.8,0.0,6.34,6.34,6.35,6.6,0.153,1.0,6.34,,0.0,0
2026-10-02 00:35:36Z,PIT,in,0.153,Q1 5:48,0,8228,Jaylen Warren,RB,13.6,3.3,11.61,14.91,15.07,14.81,0.0,1.0,14.91,,0.0,0
2026-10-02 00:35:36Z,CLE,in,0.153,Q1 5:48,0,12503,Isaiah Bond,WR,1.6,1.2,1.47,2.67,2.76,2.55,0.132,1.0,2.67,,0.0,0
2026-10-02 00:35:36Z,PIT,in,0.153,Q1 5:48,0,13274,Germie Bernard,WR,4.5,0.0,3.66,3.66,3.66,3.81,0.153,1.0,3.66,,0.0,0
2026-10-02 00:35:36Z,CLE,in,0.153,Q1 5:48,0,12506,Harold Fannin,TE,10.6,0.0,8.62,8.62,8.63,8.97,0.153,1.0,8.62,,0.0,0
2026-10-02 00:35:36Z,CLE,in,0.153,Q1 5:48,0,13346,Denzel Boston,WR,9.4,1.5,7.85,9.35,9.47,9.46,0.142,1.0,9.35,,0.0,0
2026-10-02 00:35:36Z,CLE,in,0.153,Q1 5:48,0,4017,Deshaun Watson,QB,14.0,0.28,11.75,12.03,11.74,12.13,0.132,1.0,12.03,,0.0,0
2026-10-02 00:35:36Z,PIT,in,0.153,Q1 5:48,0,13289,Drew Allar,QB,0.5,0.0,0.42,0.42,0.41,0.42,0.153,0.99,0.41,,0.0,0
2026-10-02 00:35:36Z,CLE,in,0.153,Q1 5:48,0,13298,KC Concepcion,WR,9.9,0.0,8.05,8.05,8.06,8.38,0.153,1.0,8.05,,0.0,0
2026-10-02 00:35:36Z,PIT,in,0.153,Q1 5:48,0,6819,Michael Pittman,WR,9.7,0.0,7.89,7.89,7.9,8.21,0.153,1.0,7.89,,0.0,0
2026-10-02 00:35:36Z,PIT,in,0.153,Q1 5:48,0,5846,DK Metcalf,WR,11.2,4.2,9.69,13.89,14.21,13.68,0.031,1.0,13.89,,0.0,0
2026-10-02 00:36:36Z,CLE,in,0.153,Q1 5:48,0,6783,Jerry Jeudy,WR,4.8,0.0,3.9,3.9,3.91,4.06,0.153,1.0,3.9,,0.0,0
2026-10-02 00:36:36Z,PIT,in,0.153,Q1 5:48,0,PIT,Pittsburgh Steelers D/ST,DST,8.1,10.0,-2.49,7.51,18.71,16.86,0.143,1.0,7.51,,0.0,0
2026-10-02 00:36:36Z,PIT,in,0.153,Q1 5:48,0,96,Aaron Rodgers,QB,15.4,1.92,13.31,15.23,14.87,14.96,0.0,1.0,15.23,,0.0,0
2026-10-02 00:36:36Z,CLE,in,0.153,Q1 5:48,0,11261,Andre Szmyt,K,6.9,0.0,5.62,5.62,5.62,5.84,0.153,1.0,5.62,,0.0,0
2026-10-02 00:36:36Z,PIT,in,0.153,Q1 5:48,0,7021,Rico Dowdle,RB,8.4,0.0,6.59,6.59,6.84,7.11,0.153,1.0,6.59,,0.0,0
2026-10-02 00:36:36Z,PIT,in,0.153,Q1 5:48,0,11630,Roman Wilson,WR,5.7,0.0,4.63,4.63,4.64,4.83,0.153,1.0,4.63,,0.0,0
2026-10-02 00:36:36Z,CLE,in,0.153,Q1 5:48,0,12523,Jimmy Horn,WR,1.5,0.0,1.22,1.22,1.22,1.27,0.153,1.0,1.22,,0.0,0
2026-10-02 00:36:36Z,CLE,in,0.153,Q1 5:48,0,11617,Malachi Corley,WR,0.5,0.0,0.41,0.41,0.41,0.42,0.153,1.0,0.41,,0.0,0
2026-10-02 00:36:36Z,PIT,in,0.153,Q1 5:48,0,9479,Darnell Washington,TE,4.9,1.6,4.21,5.81,5.93,5.75,0.082,1.0,5.81,,0.0,0
2026-10-02 00:36:36Z,CLE,in,0.153,Q1 5:48,0,CLE,Cleveland Browns D/ST,DST,7.0,11.0,-3.26,7.74,19.03,16.93,0.012,1.0,7.74,,0.0,0
2026-10-02 00:36:36Z,PIT,in,0.153,Q1 5:48,0,1945,Chris Boswell,K,8.1,0.0,6.6,6.6,6.6,6.86,0.153,1.0,6.6,,0.0,0
2026-10-02 00:36:36Z,CLE,in,0.153,Q1 5:48,0,12512,Quinshon Judkins,RB,11.8,0.2,9.32,9.52,9.85,10.19,0.142,1.0,9.52,,0.0,0
2026-10-02 00:36:36Z,PIT,in,0.153,Q1 5:48,0,7600,Pat Freiermuth,TE,7.8,0.0,6.34,6.34,6.35,6.6,0.153,1.0,6.34,,0.0,0
2026-10-02 00:36:36Z,PIT,in,0.153,Q1 5:48,0,8228,Jaylen Warren,RB,13.6,3.3,11.61,14.91,15.07,14.81,0.0,1.0,14.91,,0.0,0
2026-10-02 00:36:36Z,CLE,in,0.153,Q1 5:48,0,12503,Isaiah Bond,WR,1.6,1.2,1.47,2.67,2.76,2.55,0.132,1.0,2.67,,0.0,0
2026-10-02 00:36:36Z,PIT,in,0.153,Q1 5:48,0,13274,Germie Bernard,WR,4.5,0.0,3.66,3.66,3.66,3.81,0.153,1.0,3.66,,0.0,0
2026-10-02 00:36:36Z,CLE,in,0.153,Q1 5:48,0,12506,Harold Fannin,TE,10.6,0.0,8.62,8.62,8.63,8.97,0.153,1.0,8.62,,0.0,0
2026-10-02 00:36:36Z,CLE,in,0.153,Q1 5:48,0,13346,Denzel Boston,WR,9.4,1.5,7.85,9.35,9.47,9.46,0.142,1.0,9.35,,0.0,0
2026-10-02 00:36:36Z,CLE,in,0.153,Q1 5:48,0,4017,Deshaun Watson,QB,14.0,0.28,11.75,12.03,11.74,12.13,0.132,1.0,12.03,,0.0,0
2026-10-02 00:36:36Z,PIT,in,0.153,Q1 5:48,0,13289,Drew Allar,QB,0.5,0.0,0.42,0.42,0.41,0.42,0.153,0.99,0.41,,0.0,0
2026-10-02 00:36:36Z,CLE,in,0.153,Q1 5:48,0,13298,KC Concepcion,WR,9.9,0.0,8.05,8.05,8.06,8.38,0.153,1.0,8.05,,0.0,0
2026-10-02 00:36:36Z,PIT,in,0.153,Q1 5:48,0,6819,Michael Pittman,WR,9.7,1.9,8.15,10.05,10.2,10.11,0.0,1.0,10.05,,0.0,0
2026-10-02 00:36:36Z,PIT,in,0.153,Q1 5:48,0,5846,DK Metcalf,WR,11.2,4.2,9.69,13.89,14.21,13.68,0.031,1.0,13.89,,0.0,0
2026-10-02 00:37:36Z,CLE,in,0.162,Q1 5:16,0,6783,Jerry Jeudy,WR,4.8,0.0,3.86,3.86,3.86,4.02,0.162,1.0,3.86,,0.0,0
2026-10-02 00:37:36Z,PIT,in,0.162,Q1 5:16,0,PIT,Pittsburgh Steelers D/ST,DST,8.1,10.0,-2.46,7.54,18.61,16.79,0.152,1.0,7.54,,0.0,0
2026-10-02 00:37:36Z,PIT,in,0.162,Q1 5:16,0,96,Aaron Rodgers,QB,15.4,1.92,13.16,15.08,14.7,14.82,0.009,1.0,15.08,,0.0,0
2026-10-02 00:37:36Z,CLE,in,0.162,Q1 5:16,0,11261,Andre Szmyt,K,6.9,0.0,5.55,5.55,5.55,5.78,0.162,1.0,5.55,,0.0,0
2026-10-02 00:37:36Z,PIT,in,0.162,Q1 5:16,0,7021,Rico Dowdle,RB,8.4,0.0,6.51,6.51,6.75,7.04,0.162,1.0,6.51,,0.0,0
2026-10-02 00:37:36Z,PIT,in,0.162,Q1 5:16,0,11630,Roman Wilson,WR,5.7,0.0,4.59,4.59,4.58,4.78,0.162,1.0,4.59,,0.0,0
2026-10-02 00:37:36Z,CLE,in,0.162,Q1 5:16,0,12523,Jimmy Horn,WR,1.5,0.0,1.21,1.21,1.21,1.26,0.162,1.0,1.21,,0.0,0
2026-10-02 00:37:36Z,CLE,in,0.162,Q1 5:16,0,11617,Malachi Corley,WR,0.5,0.0,0.4,0.4,0.4,0.42,0.162,1.0,0.4,,0.0,0
2026-10-02 00:37:36Z,PIT,in,0.162,Q1 5:16,0,9479,Darnell Washington,TE,4.9,1.6,4.16,5.76,5.87,5.71,0.091,1.0,5.76,,0.0,0
2026-10-02 00:37:36Z,CLE,in,0.162,Q1 5:16,0,CLE,Cleveland Browns D/ST,DST,7.0,11.0,-3.22,7.78,18.93,16.86,0.021,1.0,7.78,,0.0,0
2026-10-02 00:37:36Z,PIT,in,0.162,Q1 5:16,0,1945,Chris Boswell,K,8.1,0.0,6.51,6.51,6.51,6.79,0.162,1.0,6.51,,0.0,0
2026-10-02 00:37:36Z,CLE,in,0.162,Q1 5:16,0,12512,Quinshon Judkins,RB,11.8,0.2,9.2,9.4,9.73,10.09,0.151,1.0,9.4,,0.0,0
2026-10-02 00:37:36Z,PIT,in,0.162,Q1 5:16,0,7600,Pat Freiermuth,TE,7.8,0.0,6.28,6.28,6.27,6.53,0.162,1.0,6.28,,0.0,0
2026-10-02 00:37:36Z,PIT,in,0.162,Q1 5:16,0,8228,Jaylen Warren,RB,13.6,3.3,11.46,14.76,14.92,14.69,0.009,1.0,14.76,,0.0,0
2026-10-02 00:37:36Z,CLE,in,0.162,Q1 5:16,0,12503,Isaiah Bond,WR,1.6,1.2,1.45,2.65,2.74,2.54,0.141,1.0,2.65,,0.0,0
2026-10-02 00:37:36Z,PIT,in,0.162,Q1 5:16,0,13274,Germie Bernard,WR,4.5,0.0,3.62,3.62,3.62,3.77,0.162,1.0,3.62,,0.0,0
2026-10-02 00:37:36Z,CLE,in,0.162,Q1 5:16,0,12506,Harold Fannin,TE,10.6,0.0,8.53,8.53,8.52,8.88,0.162,1.0,8.53,,0.0,0
2026-10-02 00:37:36Z,CLE,in,0.162,Q1 5:16,0,13346,Denzel Boston,WR,9.4,1.5,7.77,9.27,9.37,9.38,0.151,1.0,9.27,,0.0,0
2026-10-02 00:37:36Z,CLE,in,0.162,Q1 5:16,0,4017,Deshaun Watson,QB,14.0,0.28,11.62,11.9,11.59,12.01,0.141,1.0,11.9,,0.0,0
2026-10-02 00:37:36Z,PIT,in,0.162,Q1 5:16,0,13289,Drew Allar,QB,0.5,0.0,0.41,0.41,0.4,0.42,0.162,0.963,0.4,,0.0,0
2026-10-02 00:37:36Z,CLE,in,0.162,Q1 5:16,0,13298,KC Concepcion,WR,9.9,0.0,7.97,7.97,7.96,8.29,0.162,1.0,7.97,,0.0,0
2026-10-02 00:37:36Z,PIT,in,0.162,Q1 5:16,0,6819,Michael Pittman,WR,9.7,1.9,8.07,9.97,10.09,10.03,0.009,1.0,9.97,,0.0,0
2026-10-02 00:37:36Z,PIT,in,0.162,Q1 5:16,0,5846,DK Metcalf,WR,11.2,4.2,9.59,13.79,14.08,13.58,0.04,1.0,13.79,,0.0,0
2026-10-02 00:38:37Z,CLE,in,0.174,Q1 4:32,0,6783,Jerry Jeudy,WR,4.8,0.0,3.81,3.81,3.79,3.96,0.174,1.0,3.81,,0.0,0
2026-10-02 00:38:37Z,PIT,in,0.174,Q1 4:32,0,PIT,Pittsburgh Steelers D/ST,DST,8.1,10.0,-2.43,7.57,18.46,16.69,0.164,1.0,7.57,,0.0,0
2026-10-02 00:38:37Z,PIT,in,0.174,Q1 4:32,0,96,Aaron Rodgers,QB,15.4,1.92,12.95,14.87,14.48,14.63,0.021,1.0,14.87,,0.0,0
2026-10-02 00:38:37Z,CLE,in,0.174,Q1 4:32,0,11261,Andre Szmyt,K,6.9,0.0,5.45,5.45,5.45,5.7,0.174,1.0,5.45,,0.0,0
2026-10-02 00:38:37Z,PIT,in,0.174,Q1 4:32,0,7021,Rico Dowdle,RB,8.4,0.0,6.39,6.39,6.63,6.93,0.174,1.0,6.39,,0.0,0
2026-10-02 00:38:37Z,PIT,in,0.174,Q1 4:32,0,11630,Roman Wilson,WR,5.7,0.0,4.52,4.52,4.5,4.71,0.174,1.0,4.52,,0.0,0
2026-10-02 00:38:37Z,CLE,in,0.174,Q1 4:32,0,12523,Jimmy Horn,WR,1.5,0.0,1.19,1.19,1.18,1.24,0.174,1.0,1.19,,0.0,0
2026-10-02 00:38:37Z,CLE,in,0.174,Q1 4:32,0,11617,Malachi Corley,WR,0.5,0.0,0.4,0.4,0.39,0.41,0.174,1.0,0.4,,0.0,0
2026-10-02 00:38:37Z,PIT,in,0.174,Q1 4:32,0,9479,Darnell Washington,TE,4.9,1.6,4.1,5.7,5.8,5.65,0.104,1.0,5.7,,0.0,0
2026-10-02 00:38:37Z,CLE,in,0.174,Q1 4:32,0,CLE,Cleveland Browns D/ST,DST,7.0,11.0,-3.16,7.84,18.8,16.78,0.033,1.0,7.84,,0.0,0
2026-10-02 00:38:37Z,PIT,in,0.174,Q1 4:32,0,1945,Chris Boswell,K,8.1,0.0,6.4,6.4,6.4,6.69,0.174,1.0,6.4,,0.0,0
2026-10-02 00:38:37Z,CLE,in,0.174,Q1 4:32,0,12512,Quinshon Judkins,RB,11.8,0.2,9.04,9.24,9.56,9.94,0.164,1.0,9.24,,0.0,0
2026-10-02 00:38:37Z,PIT,in,0.174,Q1 4:32,0,7600,Pat Freiermuth,TE,7.8,0.0,6.19,6.19,6.16,6.44,0.174,1.0,6.19,,0.0,0
2026-10-02 00:38:37Z,PIT,in,0.174,Q1 4:32,0,8228,Jaylen Warren,RB,13.6,4.2,11.51,15.71,15.8,15.43,0.0,1.0,15.71,,0.0,0
2026-10-02 00:38:37Z,CLE,in,0.174,Q1 4:32,0,12503,Isaiah Bond,WR,1.6,1.2,1.43,2.63,2.71,2.52,0.153,1.0,2.63,,0.0,0
2026-10-02 00:38:37Z,PIT,in,0.174,Q1 4:32,0,13274,Germie Bernard,WR,4.5,0.0,3.57,3.57,3.55,3.72,0.174,1.0,3.57,,0.0,0
2026-10-02 00:38:37Z,CLE,in,0.174,Q1 4:32,0,12506,Harold Fannin,TE,10.6,0.0,8.41,8.41,8.37,8.75,0.174,1.0,8.41,,0.0,0
2026-10-02 00:38:37Z,CLE,in,0.174,Q1 4:32,0,13346,Denzel Boston,WR,9.4,1.5,7.66,9.16,9.23,9.26,0.164,1.0,9.16,,0.0,0
2026-10-02 00:38:37Z,CLE,in,0.174,Q1 4:32,0,4017,Deshaun Watson,QB,14.0,0.28,11.44,11.72,11.39,11.84,0.153,0.99,11.6,,0.0,0
2026-10-02 00:38:37Z,PIT,in,0.174,Q1 4:32,0,13289,Drew Allar,QB,0.5,0.0,0.41,0.41,0.39,0.41,0.174,0.927,0.38,,0.0,0
2026-10-02 00:38:37Z,CLE,in,0.174,Q1 4:32,0,13298,KC Concepcion,WR,9.9,0.0,7.85,7.85,7.82,8.17,0.174,1.0,7.85,,0.0,0
2026-10-02 00:38:37Z,PIT,in,0.174,Q1 4:32,0,6819,Michael Pittman,WR,9.7,1.9,7.95,9.85,9.95,9.91,0.021,1.0,9.85,,0.0,0
2026-10-02 00:38:37Z,PIT,in,0.174,Q1 4:32,0,5846,DK Metcalf,WR,11.2,4.2,9.45,13.65,13.91,13.45,0.053,1.0,13.65,,0.0,0
2026-10-02 00:39:37Z,CLE,in,0.187,Q1 3:47,0,6783,Jerry Jeudy,WR,4.8,0.0,3.75,3.75,3.72,3.9,0.187,1.0,3.75,,0.0,0
2026-10-02 00:39:37Z,PIT,in,0.187,Q1 3:47,0,PIT,Pittsburgh Steelers D/ST,DST,8.1,10.0,-2.41,7.59,18.31,16.59,0.177,1.0,7.59,,0.0,0
2026-10-02 00:39:37Z,PIT,in,0.187,Q1 3:47,0,96,Aaron Rodgers,QB,15.4,1.92,12.74,14.66,14.25,14.44,0.034,1.0,14.66,,0.0,0
2026-10-02 00:39:37Z,CLE,in,0.187,Q1 3:47,0,11261,Andre Szmyt,K,6.9,0.0,5.35,5.35,5.35,5.61,0.187,1.0,5.35,,0.0,0
2026-10-02 00:39:37Z,PIT,in,0.187,Q1 3:47,0,7021,Rico Dowdle,RB,8.4,0.0,6.27,6.27,6.51,6.83,0.187,1.0,6.27,,0.0,0
2026-10-02 00:39:37Z,PIT,in,0.187,Q1 3:47,0,11630,Roman Wilson,WR,5.7,0.0,4.45,4.45,4.42,4.63,0.187,1.0,4.45,,0.0,0
2026-10-02 00:39:37Z,CLE,in,0.187,Q1 3:47,0,12523,Jimmy Horn,WR,1.5,0.0,1.17,1.17,1.16,1.22,0.187,1.0,1.17,,0.0,0
2026-10-02 00:39:37Z,CLE,in,0.187,Q1 3:47,0,11617,Malachi Corley,WR,0.5,0.0,0.39,0.39,0.39,0.41,0.187,1.0,0.39,,0.0,0
2026-10-02 00:39:37Z,PIT,in,0.187,Q1 3:47,0,9479,Darnell Washington,TE,4.9,1.6,4.04,5.64,5.72,5.58,0.116,1.0,5.64,,0.0,0
2026-10-02 00:39:37Z,CLE,in,0.187,Q1 3:47,0,CLE,Cleveland Browns D/ST,DST,7.0,11.0,-3.12,7.88,18.66,16.69,0.046,1.0,7.88,,0.0,0
2026-10-02 00:39:37Z,PIT,in,0.187,Q1 3:47,0,1945,Chris Boswell,K,8.1,0.0,6.28,6.28,6.28,6.59,0.187,1.0,6.28,,0.0,0
2026-10-02 00:39:37Z,CLE,in,0.187,Q1 3:47,0,12512,Quinshon Judkins,RB,11.8,0.2,8.87,9.07,9.39,9.79,0.176,1.0,9.07,,0.0,0
2026-10-02 00:39:37Z,PIT,in,0.187,Q1 3:47,0,7600,Pat Freiermuth,TE,7.8,0.0,6.09,6.09,6.05,6.34,0.187,1.0,6.09,,0.0,0
2026-10-02 00:39:37Z,PIT,in,0.187,Q1 3:47,0,8228,Jaylen Warren,RB,13.6,4.2,11.31,15.51,15.59,15.26,0.012,1.0,15.51,,0.0,0
2026-10-02 00:39:37Z,CLE,in,0.187,Q1 3:47,0,12503,Isaiah Bond,WR,1.6,1.2,1.41,2.61,2.68,2.5,0.166,1.0,2.61,,0.0,0
2026-10-02 00:39:37Z,PIT,in,0.187,Q1 3:47,0,13274,Germie Bernard,WR,4.5,0.0,3.52,3.52,3.49,3.66,0.187,1.0,3.52,,0.0,0
2026-10-02 00:39:37Z,CLE,in,0.187,Q1 3:47,0,12506,Harold Fannin,TE,10.6,0.0,8.28,8.28,8.22,8.62,0.187,1.0,8.28,,0.0,0
2026-10-02 00:39:37Z,CLE,in,0.187,Q1 3:47,0,13346,Denzel Boston,WR,9.4,1.5,7.54,9.04,9.09,9.14,0.176,1.0,9.04,,0.0,0
2026-10-02 00:39:37Z,CLE,in,0.187,Q1 3:47,0,4017,Deshaun Watson,QB,14.0,0.28,11.25,11.53,11.19,11.66,0.166,0.953,10.99,,0.0,0
2026-10-02 00:39:37Z,PIT,in,0.187,Q1 3:47,0,13289,Drew Allar,QB,0.5,0.0,0.4,0.4,0.39,0.41,0.187,0.889,0.36,,0.0,0
2026-10-02 00:39:37Z,CLE,in,0.187,Q1 3:47,0,13298,KC Concepcion,WR,9.9,0.0,7.74,7.74,7.67,8.05,0.187,1.0,7.74,,0.0,0
2026-10-02 00:39:37Z,PIT,in,0.187,Q1 3:47,0,6819,Michael Pittman,WR,9.7,1.9,7.83,9.73,9.8,9.79,0.034,1.0,9.73,,0.0,0
2026-10-02 00:39:37Z,PIT,in,0.187,Q1 3:47,0,5846,DK Metcalf,WR,11.2,4.2,9.31,13.51,13.73,13.31,0.065,1.0,13.51,,0.0,0
2026-10-02 00:40:37Z,CLE,in,0.2,Q1 2:59,-7.0,6783,Jerry Jeudy,WR,4.8,0.0,4.08,4.08,3.65,3.84,0.2,1.0,4.08,,0.0,0
2026-10-02 00:40:37Z,PIT,in,0.2,Q1 2:59,7.0,PIT,Pittsburgh Steelers D/ST,DST,8.1,10.0,-1.66,8.34,18.15,16.48,0.19,1.0,8.34,,0.0,0
2026-10-02 00:40:37Z,PIT,in,0.2,Q1 2:59,7.0,96,Aaron Rodgers,QB,15.4,6.4,11.99,18.39,19.38,18.72,0.0,1.0,18.39,,0.0,0
2026-10-02 00:40:37Z,CLE,in,0.2,Q1 2:59,-7.0,11261,Andre Szmyt,K,6.9,0.0,5.24,5.24,5.24,5.52,0.2,1.0,5.24,,0.0,0
2026-10-02 00:40:37Z,PIT,in,0.2,Q1 2:59,7.0,7021,Rico Dowdle,RB,8.4,0.0,5.83,5.83,6.38,6.72,0.2,1.0,5.83,,0.0,0
2026-10-02 00:40:37Z,PIT,in,0.2,Q1 2:59,7.0,11630,Roman Wilson,WR,5.7,8.2,4.99,13.19,14.17,12.76,0.0,1.0,13.19,,0.0,0
2026-10-02 00:40:37Z,CLE,in,0.2,Q1 2:59,-7.0,12523,Jimmy Horn,WR,1.5,0.0,1.27,1.27,1.14,1.2,0.2,1.0,1.27,,0.0,0
2026-10-02 00:40:37Z,CLE,in,0.2,Q1 2:59,-7.0,11617,Malachi Corley,WR,0.5,0.0,0.42,0.42,0.38,0.4,0.2,1.0,0.42,,0.0,0
2026-10-02 00:40:37Z,PIT,in,0.2,Q1 2:59,7.0,9479,Darnell Washington,TE,4.9,1.6,3.58,5.18,5.64,5.52,0.129,1.0,5.18,,0.0,0
2026-10-02 00:40:37Z,CLE,in,0.2,Q1 2:59,-7.0,CLE,Cleveland Browns D/ST,DST,7.0,5.0,-0.42,4.58,11.32,10.6,0.0,1.0,4.58,,0.0,0
2026-10-02 00:40:37Z,PIT,in,0.2,Q1 2:59,7.0,1945,Chris Boswell,K,8.1,1.0,6.35,7.35,7.35,7.48,0.0,1.0,7.35,,0.0,0
2026-10-02 00:40:37Z,CLE,in,0.2,Q1 2:59,-7.0,12512,Quinshon Judkins,RB,11.8,0.2,9.14,9.34,9.2,9.64,0.189,1.0,9.34,,0.0,0
2026-10-02 00:40:37Z,PIT,in,0.2,Q1 2:59,7.0,7600,Pat Freiermuth,TE,7.8,0.0,5.37,5.37,5.93,6.24,0.2,1.0,5.37,,0.0,0
2026-10-02 00:40:37Z,PIT,in,0.2,Q1 2:59,7.0,8228,Jaylen Warren,RB,13.6,4.2,10.57,14.77,15.37,15.08,0.026,1.0,14.77,,0.0,0
2026-10-02 00:40:37Z,CLE,in,0.2,Q1 2:59,-7.0,12503,Isaiah Bond,WR,1.6,1.2,1.52,2.72,2.66,2.48,0.179,1.0,2.72,,0.0,0
2026-10-02 00:40:37Z,PIT,in,0.2,Q1 2:59,7.0,13274,Germie Bernard,WR,4.5,0.0,3.1,3.1,3.42,3.6,0.2,1.0,3.1,,0.0,0
2026-10-02 00:40:37Z,CLE,in,0.2,Q1 2:59,-7.0,12506,Harold Fannin,TE,10.6,0.0,9.01,9.01,8.05,8.48,0.2,1.0,9.01,,0.0,0
2026-10-02 00:40:37Z,CLE,in,0.2,Q1 2:59,-7.0,13346,Denzel Boston,WR,9.4,1.5,8.18,9.68,8.94,9.02,0.189,1.0,9.68,,0.0,0
2026-10-02 00:40:37Z,CLE,in,0.2,Q1 2:59,-7.0,4017,Deshaun Watson,QB,14.0,0.28,12.44,12.72,10.97,11.48,0.179,0.912,11.63,,0.0,0
2026-10-02 00:40:37Z,PIT,in,0.2,Q1 2:59,7.0,13289,Drew Allar,QB,0.5,0.0,0.34,0.34,0.38,0.4,0.2,0.3,0.1,,0.0,0
2026-10-02 00:40:37Z,CLE,in,0.2,Q1 2:59,-7.0,13298,KC Concepcion,WR,9.9,0.0,8.41,8.41,7.52,7.92,0.2,1.0,8.41,,0.0,0
2026-10-02 00:40:37Z,PIT,in,0.2,Q1 2:59,7.0,6819,Michael Pittman,WR,9.7,1.9,6.92,8.82,9.65,9.66,0.047,1.0,8.82,,0.0,0
2026-10-02 00:40:37Z,PIT,in,0.2,Q1 2:59,7.0,5846,DK Metcalf,WR,11.2,4.2,8.25,12.45,13.55,13.16,0.078,1.0,12.45,,0.0,0
2026-10-02 00:41:38Z,CLE,in,0.2,Q1 2:59,-7.0,6783,Jerry Jeudy,WR,4.8,0.0,4.08,4.08,3.65,3.84,0.2,1.0,4.08,,0.0,0
2026-10-02 00:41:38Z,PIT,in,0.2,Q1 2:59,7.0,PIT,Pittsburgh Steelers D/ST,DST,8.1,10.0,-1.66,8.34,18.15,16.48,0.19,1.0,8.34,,0.0,0
2026-10-02 00:41:38Z,PIT,in,0.2,Q1 2:59,7.0,96,Aaron Rodgers,QB,15.4,6.4,11.99,18.39,19.38,18.72,0.0,1.0,18.39,,0.0,0
2026-10-02 00:41:38Z,CLE,in,0.2,Q1 2:59,-7.0,11261,Andre Szmyt,K,6.9,0.0,5.24,5.24,5.24,5.52,0.2,1.0,5.24,,0.0,0
2026-10-02 00:41:38Z,PIT,in,0.2,Q1 2:59,7.0,7021,Rico Dowdle,RB,8.4,0.0,5.83,5.83,6.38,6.72,0.2,1.0,5.83,,0.0,0
2026-10-02 00:41:38Z,PIT,in,0.2,Q1 2:59,7.0,11630,Roman Wilson,WR,5.7,8.2,4.99,13.19,14.17,12.76,0.0,1.0,13.19,,0.0,0
2026-10-02 00:41:38Z,CLE,in,0.2,Q1 2:59,-7.0,12523,Jimmy Horn,WR,1.5,0.0,1.27,1.27,1.14,1.2,0.2,1.0,1.27,,0.0,0
2026-10-02 00:41:38Z,CLE,in,0.2,Q1 2:59,-7.0,11617,Malachi Corley,WR,0.5,0.0,0.42,0.42,0.38,0.4,0.2,1.0,0.42,,0.0,0
2026-10-02 00:41:38Z,PIT,in,0.2,Q1 2:59,7.0,9479,Darnell Washington,TE,4.9,1.6,3.58,5.18,5.64,5.52,0.129,1.0,5.18,,0.0,0
2026-10-02 00:41:38Z,CLE,in,0.2,Q1 2:59,-7.0,CLE,Cleveland Browns D/ST,DST,7.0,5.0,-0.42,4.58,11.32,10.6,0.0,1.0,4.58,,0.0,0
2026-10-02 00:41:38Z,PIT,in,0.2,Q1 2:59,7.0,1945,Chris Boswell,K,8.1,1.0,6.35,7.35,7.35,7.48,0.0,1.0,7.35,,0.0,0
2026-10-02 00:41:38Z,CLE,in,0.2,Q1 2:59,-7.0,12512,Quinshon Judkins,RB,11.8,0.2,9.14,9.34,9.2,9.64,0.189,1.0,9.34,,0.0,0
2026-10-02 00:41:38Z,PIT,in,0.2,Q1 2:59,7.0,7600,Pat Freiermuth,TE,7.8,0.0,5.37,5.37,5.93,6.24,0.2,1.0,5.37,,0.0,0
2026-10-02 00:41:38Z,PIT,in,0.2,Q1 2:59,7.0,8228,Jaylen Warren,RB,13.6,4.2,10.57,14.77,15.37,15.08,0.026,1.0,14.77,,0.0,0
2026-10-02 00:41:38Z,CLE,in,0.2,Q1 2:59,-7.0,12503,Isaiah Bond,WR,1.6,1.2,1.52,2.72,2.66,2.48,0.179,1.0,2.72,,0.0,0
2026-10-02 00:41:38Z,PIT,in,0.2,Q1 2:59,7.0,13274,Germie Bernard,WR,4.5,0.0,3.1,3.1,3.42,3.6,0.2,1.0,3.1,,0.0,0
2026-10-02 00:41:38Z,CLE,in,0.2,Q1 2:59,-7.0,12506,Harold Fannin,TE,10.6,0.0,9.01,9.01,8.05,8.48,0.2,1.0,9.01,,0.0,0
2026-10-02 00:41:38Z,CLE,in,0.2,Q1 2:59,-7.0,13346,Denzel Boston,WR,9.4,1.5,8.18,9.68,8.94,9.02,0.189,1.0,9.68,,0.0,0
2026-10-02 00:41:38Z,CLE,in,0.2,Q1 2:59,-7.0,4017,Deshaun Watson,QB,14.0,0.28,12.44,12.72,10.97,11.48,0.179,0.912,11.63,,0.0,0
2026-10-02 00:41:38Z,PIT,in,0.2,Q1 2:59,7.0,13289,Drew Allar,QB,0.5,0.0,0.34,0.34,0.38,0.4,0.2,0.3,0.1,,0.0,0
2026-10-02 00:41:38Z,CLE,in,0.2,Q1 2:59,-7.0,13298,KC Concepcion,WR,9.9,0.0,8.41,8.41,7.52,7.92,0.2,1.0,8.41,,0.0,0
2026-10-02 00:41:38Z,PIT,in,0.2,Q1 2:59,7.0,6819,Michael Pittman,WR,9.7,1.9,6.92,8.82,9.65,9.66,0.047,1.0,8.82,,0.0,0
2026-10-02 00:41:38Z,PIT,in,0.2,Q1 2:59,7.0,5846,DK Metcalf,WR,11.2,4.2,8.25,12.45,13.55,13.16,0.078,1.0,12.45,,0.0,0
2026-10-02 00:42:38Z,CLE,in,0.2,Q1 2:59,-7.0,6783,Jerry Jeudy,WR,4.8,0.0,4.08,4.08,3.65,3.84,0.2,1.0,4.08,,0.0,0
2026-10-02 00:42:38Z,PIT,in,0.2,Q1 2:59,7.0,PIT,Pittsburgh Steelers D/ST,DST,8.1,10.0,-1.66,8.34,18.15,16.48,0.19,1.0,8.34,,0.0,0
2026-10-02 00:42:38Z,PIT,in,0.2,Q1 2:59,7.0,96,Aaron Rodgers,QB,15.4,6.4,11.99,18.39,19.38,18.72,0.0,1.0,18.39,,0.0,0
2026-10-02 00:42:38Z,CLE,in,0.2,Q1 2:59,-7.0,11261,Andre Szmyt,K,6.9,0.0,5.24,5.24,5.24,5.52,0.2,1.0,5.24,,0.0,0
2026-10-02 00:42:38Z,PIT,in,0.2,Q1 2:59,7.0,7021,Rico Dowdle,RB,8.4,0.0,5.83,5.83,6.38,6.72,0.2,1.0,5.83,,0.0,0
2026-10-02 00:42:38Z,PIT,in,0.2,Q1 2:59,7.0,11630,Roman Wilson,WR,5.7,8.2,4.99,13.19,14.17,12.76,0.0,1.0,13.19,,0.0,0
2026-10-02 00:42:38Z,CLE,in,0.2,Q1 2:59,-7.0,12523,Jimmy Horn,WR,1.5,0.0,1.27,1.27,1.14,1.2,0.2,1.0,1.27,,0.0,0
2026-10-02 00:42:38Z,CLE,in,0.2,Q1 2:59,-7.0,11617,Malachi Corley,WR,0.5,0.0,0.42,0.42,0.38,0.4,0.2,1.0,0.42,,0.0,0
2026-10-02 00:42:38Z,PIT,in,0.2,Q1 2:59,7.0,9479,Darnell Washington,TE,4.9,1.6,3.58,5.18,5.64,5.52,0.129,1.0,5.18,,0.0,0
2026-10-02 00:42:38Z,CLE,in,0.2,Q1 2:59,-7.0,CLE,Cleveland Browns D/ST,DST,7.0,5.0,-0.42,4.58,11.32,10.6,0.0,1.0,4.58,,0.0,0
2026-10-02 00:42:38Z,PIT,in,0.2,Q1 2:59,7.0,1945,Chris Boswell,K,8.1,1.0,6.35,7.35,7.35,7.48,0.0,1.0,7.35,,0.0,0
2026-10-02 00:42:38Z,CLE,in,0.2,Q1 2:59,-7.0,12512,Quinshon Judkins,RB,11.8,0.2,9.14,9.34,9.2,9.64,0.189,1.0,9.34,,0.0,0
2026-10-02 00:42:38Z,PIT,in,0.2,Q1 2:59,7.0,7600,Pat Freiermuth,TE,7.8,0.0,5.37,5.37,5.93,6.24,0.2,1.0,5.37,,0.0,0
2026-10-02 00:42:38Z,PIT,in,0.2,Q1 2:59,7.0,8228,Jaylen Warren,RB,13.6,4.2,10.57,14.77,15.37,15.08,0.026,1.0,14.77,,0.0,0
2026-10-02 00:42:38Z,CLE,in,0.2,Q1 2:59,-7.0,12503,Isaiah Bond,WR,1.6,1.2,1.52,2.72,2.66,2.48,0.179,1.0,2.72,,0.0,0
2026-10-02 00:42:38Z,PIT,in,0.2,Q1 2:59,7.0,13274,Germie Bernard,WR,4.5,0.0,3.1,3.1,3.42,3.6,0.2,1.0,3.1,,0.0,0
2026-10-02 00:42:38Z,CLE,in,0.2,Q1 2:59,-7.0,12506,Harold Fannin,TE,10.6,0.0,9.01,9.01,8.05,8.48,0.2,1.0,9.01,,0.0,0
2026-10-02 00:42:38Z,CLE,in,0.2,Q1 2:59,-7.0,13346,Denzel Boston,WR,9.4,1.5,8.18,9.68,8.94,9.02,0.189,1.0,9.68,,0.0,0
2026-10-02 00:42:38Z,CLE,in,0.2,Q1 2:59,-7.0,4017,Deshaun Watson,QB,14.0,0.28,12.44,12.72,10.97,11.48,0.179,0.912,11.63,,0.0,0
2026-10-02 00:42:38Z,PIT,in,0.2,Q1 2:59,7.0,13289,Drew Allar,QB,0.5,0.0,0.34,0.34,0.38,0.4,0.2,0.3,0.1,,0.0,0
2026-10-02 00:42:38Z,CLE,in,0.2,Q1 2:59,-7.0,13298,KC Concepcion,WR,9.9,0.0,8.41,8.41,7.52,7.92,0.2,1.0,8.41,,0.0,0
2026-10-02 00:42:38Z,PIT,in,0.2,Q1 2:59,7.0,6819,Michael Pittman,WR,9.7,1.9,6.92,8.82,9.65,9.66,0.047,1.0,8.82,,0.0,0
2026-10-02 00:42:38Z,PIT,in,0.2,Q1 2:59,7.0,5846,DK Metcalf,WR,11.2,4.2,8.25,12.45,13.55,13.16,0.078,1.0,12.45,,0.0,0
2026-10-02 00:43:38Z,CLE,in,0.2,Q1 2:59,-7.0,6783,Jerry Jeudy,WR,4.8,0.0,4.08,4.08,3.65,3.84,0.2,1.0,4.08,,0.0,0
2026-10-02 00:43:38Z,PIT,in,0.2,Q1 2:59,7.0,PIT,Pittsburgh Steelers D/ST,DST,8.1,10.0,-1.66,8.34,18.15,16.48,0.19,1.0,8.34,,0.0,0
2026-10-02 00:43:38Z,PIT,in,0.2,Q1 2:59,7.0,96,Aaron Rodgers,QB,15.4,6.4,11.99,18.39,19.38,18.72,0.0,1.0,18.39,,0.0,0
2026-10-02 00:43:38Z,CLE,in,0.2,Q1 2:59,-7.0,11261,Andre Szmyt,K,6.9,0.0,5.24,5.24,5.24,5.52,0.2,1.0,5.24,,0.0,0
2026-10-02 00:43:38Z,PIT,in,0.2,Q1 2:59,7.0,7021,Rico Dowdle,RB,8.4,0.0,5.83,5.83,6.38,6.72,0.2,1.0,5.83,,0.0,0
2026-10-02 00:43:38Z,PIT,in,0.2,Q1 2:59,7.0,11630,Roman Wilson,WR,5.7,8.2,4.99,13.19,14.17,12.76,0.0,1.0,13.19,,0.0,0
2026-10-02 00:43:38Z,CLE,in,0.2,Q1 2:59,-7.0,12523,Jimmy Horn,WR,1.5,0.0,1.27,1.27,1.14,1.2,0.2,1.0,1.27,,0.0,0
2026-10-02 00:43:38Z,CLE,in,0.2,Q1 2:59,-7.0,11617,Malachi Corley,WR,0.5,0.0,0.42,0.42,0.38,0.4,0.2,1.0,0.42,,0.0,0
2026-10-02 00:43:38Z,PIT,in,0.2,Q1 2:59,7.0,9479,Darnell Washington,TE,4.9,1.6,3.58,5.18,5.64,5.52,0.129,1.0,5.18,,0.0,0
2026-10-02 00:43:38Z,CLE,in,0.2,Q1 2:59,-7.0,CLE,Cleveland Browns D/ST,DST,7.0,5.0,-0.42,4.58,11.32,10.6,0.0,1.0,4.58,,0.0,0
2026-10-02 00:43:38Z,PIT,in,0.2,Q1 2:59,7.0,1945,Chris Boswell,K,8.1,1.0,6.35,7.35,7.35,7.48,0.0,1.0,7.35,,0.0,0
2026-10-02 00:43:38Z,CLE,in,0.2,Q1 2:59,-7.0,12512,Quinshon Judkins,RB,11.8,0.2,9.14,9.34,9.2,9.64,0.189,1.0,9.34,,0.0,0
2026-10-02 00:43:38Z,PIT,in,0.2,Q1 2:59,7.0,7600,Pat Freiermuth,TE,7.8,0.0,5.37,5.37,5.93,6.24,0.2,1.0,5.37,,0.0,0
2026-10-02 00:43:38Z,PIT,in,0.2,Q1 2:59,7.0,8228,Jaylen Warren,RB,13.6,4.2,10.57,14.77,15.37,15.08,0.026,1.0,14.77,,0.0,0
2026-10-02 00:43:38Z,CLE,in,0.2,Q1 2:59,-7.0,12503,Isaiah Bond,WR,1.6,1.2,1.52,2.72,2.66,2.48,0.179,1.0,2.72,,0.0,0
2026-10-02 00:43:38Z,PIT,in,0.2,Q1 2:59,7.0,13274,Germie Bernard,WR,4.5,0.0,3.1,3.1,3.42,3.6,0.2,1.0,3.1,,0.0,0
2026-10-02 00:43:38Z,CLE,in,0.2,Q1 2:59,-7.0,12506,Harold Fannin,TE,10.6,0.0,9.01,9.01,8.05,8.48,0.2,1.0,9.01,,0.0,0
2026-10-02 00:43:38Z,CLE,in,0.2,Q1 2:59,-7.0,13346,Denzel Boston,WR,9.4,1.5,8.18,9.68,8.94,9.02,0.189,1.0,9.68,,0.0,0
2026-10-02 00:43:38Z,CLE,in,0.2,Q1 2:59,-7.0,4017,Deshaun Watson,QB,14.0,0.28,12.44,12.72,10.97,11.48,0.179,0.912,11.63,,0.0,0
2026-10-02 00:43:38Z,PIT,in,0.2,Q1 2:59,7.0,13289,Drew Allar,QB,0.5,0.0,0.34,0.34,0.38,0.4,0.2,0.3,0.1,,0.0,0
2026-10-02 00:43:38Z,CLE,in,0.2,Q1 2:59,-7.0,13298,KC Concepcion,WR,9.9,0.0,8.41,8.41,7.52,7.92,0.2,1.0,8.41,,0.0,0
2026-10-02 00:43:38Z,PIT,in,0.2,Q1 2:59,7.0,6819,Michael Pittman,WR,9.7,1.9,6.92,8.82,9.65,9.66,0.047,1.0,8.82,,0.0,0
2026-10-02 00:43:38Z,PIT,in,0.2,Q1 2:59,7.0,5846,DK Metcalf,WR,11.2,4.2,8.25,12.45,13.55,13.16,0.078,1.0,12.45,,0.0,0
2026-10-02 00:44:39Z,CLE,in,0.2,Q1 2:59,-7.0,6783,Jerry Jeudy,WR,4.8,0.0,4.08,4.08,3.65,3.84,0.2,1.0,4.08,,0.0,0
2026-10-02 00:44:39Z,PIT,in,0.2,Q1 2:59,7.0,PIT,Pittsburgh Steelers D/ST,DST,8.1,10.0,-1.66,8.34,18.15,16.48,0.19,1.0,8.34,,0.0,0
2026-10-02 00:44:39Z,PIT,in,0.2,Q1 2:59,7.0,96,Aaron Rodgers,QB,15.4,6.4,11.99,18.39,19.38,18.72,0.0,1.0,18.39,,0.0,0
2026-10-02 00:44:39Z,CLE,in,0.2,Q1 2:59,-7.0,11261,Andre Szmyt,K,6.9,0.0,5.24,5.24,5.24,5.52,0.2,1.0,5.24,,0.0,0
2026-10-02 00:44:39Z,PIT,in,0.2,Q1 2:59,7.0,7021,Rico Dowdle,RB,8.4,0.0,5.83,5.83,6.38,6.72,0.2,1.0,5.83,,0.0,0
2026-10-02 00:44:39Z,PIT,in,0.2,Q1 2:59,7.0,11630,Roman Wilson,WR,5.7,8.2,4.99,13.19,14.17,12.76,0.0,1.0,13.19,,0.0,0
2026-10-02 00:44:39Z,CLE,in,0.2,Q1 2:59,-7.0,12523,Jimmy Horn,WR,1.5,0.0,1.27,1.27,1.14,1.2,0.2,1.0,1.27,,0.0,0
2026-10-02 00:44:39Z,CLE,in,0.2,Q1 2:59,-7.0,11617,Malachi Corley,WR,0.5,0.0,0.42,0.42,0.38,0.4,0.2,1.0,0.42,,0.0,0
2026-10-02 00:44:39Z,PIT,in,0.2,Q1 2:59,7.0,9479,Darnell Washington,TE,4.9,1.6,3.58,5.18,5.64,5.52,0.129,1.0,5.18,,0.0,0
2026-10-02 00:44:39Z,CLE,in,0.2,Q1 2:59,-7.0,CLE,Cleveland Browns D/ST,DST,7.0,5.0,-0.42,4.58,11.32,10.6,0.0,1.0,4.58,,0.0,0
2026-10-02 00:44:39Z,PIT,in,0.2,Q1 2:59,7.0,1945,Chris Boswell,K,8.1,1.0,6.35,7.35,7.35,7.48,0.0,1.0,7.35,,0.0,0
2026-10-02 00:44:39Z,CLE,in,0.2,Q1 2:59,-7.0,12512,Quinshon Judkins,RB,11.8,0.2,9.14,9.34,9.2,9.64,0.189,1.0,9.34,,0.0,0
2026-10-02 00:44:39Z,PIT,in,0.2,Q1 2:59,7.0,7600,Pat Freiermuth,TE,7.8,0.0,5.37,5.37,5.93,6.24,0.2,1.0,5.37,,0.0,0
2026-10-02 00:44:39Z,PIT,in,0.2,Q1 2:59,7.0,8228,Jaylen Warren,RB,13.6,4.2,10.57,14.77,15.37,15.08,0.026,1.0,14.77,,0.0,0
2026-10-02 00:44:39Z,CLE,in,0.2,Q1 2:59,-7.0,12503,Isaiah Bond,WR,1.6,1.2,1.52,2.72,2.66,2.48,0.179,1.0,2.72,,0.0,0
2026-10-02 00:44:39Z,PIT,in,0.2,Q1 2:59,7.0,13274,Germie Bernard,WR,4.5,0.0,3.1,3.1,3.42,3.6,0.2,1.0,3.1,,0.0,0
2026-10-02 00:44:39Z,CLE,in,0.2,Q1 2:59,-7.0,12506,Harold Fannin,TE,10.6,0.0,9.01,9.01,8.05,8.48,0.2,1.0,9.01,,0.0,0
2026-10-02 00:44:39Z,CLE,in,0.2,Q1 2:59,-7.0,13346,Denzel Boston,WR,9.4,1.5,8.18,9.68,8.94,9.02,0.189,1.0,9.68,,0.0,0
2026-10-02 00:44:39Z,CLE,in,0.2,Q1 2:59,-7.0,4017,Deshaun Watson,QB,14.0,0.28,12.44,12.72,10.97,11.48,0.179,0.912,11.63,,0.0,0
2026-10-02 00:44:39Z,PIT,in,0.2,Q1 2:59,7.0,13289,Drew Allar,QB,0.5,0.0,0.34,0.34,0.38,0.4,0.2,0.3,0.1,,0.0,0
2026-10-02 00:44:39Z,CLE,in,0.2,Q1 2:59,-7.0,13298,KC Concepcion,WR,9.9,0.0,8.41,8.41,7.52,7.92,0.2,1.0,8.41,,0.0,0
2026-10-02 00:44:39Z,PIT,in,0.2,Q1 2:59,7.0,6819,Michael Pittman,WR,9.7,1.9,6.92,8.82,9.65,9.66,0.047,1.0,8.82,,0.0,0
2026-10-02 00:44:39Z,PIT,in,0.2,Q1 2:59,7.0,5846,DK Metcalf,WR,11.2,4.2,8.25,12.45,13.55,13.16,0.078,1.0,12.45,,0.0,0
2026-10-02 00:45:39Z,CLE,in,0.211,Q1 2:21,-7.0,6783,Jerry Jeudy,WR,4.8,0.0,4.02,4.02,3.59,3.79,0.211,1.0,4.02,,0.0,0
2026-10-02 00:45:39Z,PIT,in,0.211,Q1 2:21,7.0,PIT,Pittsburgh Steelers D/ST,DST,8.1,10.0,-1.6,8.4,18.03,16.39,0.201,1.0,8.4,,0.0,0
2026-10-02 00:45:39Z,PIT,in,0.211,Q1 2:21,7.0,96,Aaron Rodgers,QB,15.4,6.4,11.85,18.25,19.18,18.55,0.011,1.0,18.25,,0.0,0
2026-10-02 00:45:39Z,CLE,in,0.211,Q1 2:21,-7.0,11261,Andre Szmyt,K,6.9,0.0,5.16,5.16,5.16,5.45,0.211,1.0,5.16,,0.0,0
2026-10-02 00:45:39Z,PIT,in,0.211,Q1 2:21,7.0,7021,Rico Dowdle,RB,8.4,0.0,5.74,5.74,6.28,6.63,0.211,1.0,5.74,,0.0,0
2026-10-02 00:45:39Z,PIT,in,0.211,Q1 2:21,7.0,11630,Roman Wilson,WR,5.7,8.2,4.92,13.12,14.08,12.7,0.011,1.0,13.12,,0.0,0
2026-10-02 00:45:39Z,CLE,in,0.211,Q1 2:21,-7.0,12523,Jimmy Horn,WR,1.5,0.0,1.26,1.26,1.12,1.18,0.211,1.0,1.26,,0.0,0
2026-10-02 00:45:39Z,CLE,in,0.211,Q1 2:21,-7.0,11617,Malachi Corley,WR,0.5,0.0,0.42,0.42,0.37,0.39,0.211,1.0,0.42,,0.0,0
2026-10-02 00:45:39Z,PIT,in,0.211,Q1 2:21,7.0,9479,Darnell Washington,TE,4.9,1.6,3.54,5.14,5.58,5.47,0.14,1.0,5.14,,0.0,0
2026-10-02 00:45:39Z,CLE,in,0.211,Q1 2:21,-7.0,CLE,Cleveland Browns D/ST,DST,7.0,5.0,-0.4,4.6,11.22,10.52,0.011,1.0,4.6,,0.0,0
2026-10-02 00:45:39Z,PIT,in,0.211,Q1 2:21,7.0,1945,Chris Boswell,K,8.1,1.0,6.25,7.25,7.25,7.39,0.011,1.0,7.25,,0.0,0
2026-10-02 00:45:39Z,CLE,in,0.211,Q1 2:21,-7.0,12512,Quinshon Judkins,RB,11.8,0.2,8.98,9.18,9.06,9.51,0.2,1.0,9.18,,0.0,0
2026-10-02 00:45:39Z,PIT,in,0.211,Q1 2:21,7.0,7600,Pat Freiermuth,TE,7.8,0.0,5.3,5.3,5.83,6.16,0.211,1.0,5.3,,0.0,0
2026-10-02 00:45:39Z,PIT,in,0.211,Q1 2:21,7.0,8228,Jaylen Warren,RB,13.6,4.2,10.42,14.62,15.2,14.93,0.036,1.0,14.62,,0.0,0
2026-10-02 00:45:39Z,CLE,in,0.211,Q1 2:21,-7.0,12503,Isaiah Bond,WR,1.6,1.2,1.49,2.69,2.63,2.46,0.19,1.0,2.69,,0.0,0
2026-10-02 00:45:39Z,PIT,in,0.211,Q1 2:21,7.0,13274,Germie Bernard,WR,4.5,0.0,3.06,3.06,3.36,3.55,0.211,1.0,3.06,,0.0,0
2026-10-02 00:45:39Z,CLE,in,0.211,Q1 2:21,-7.0,12506,Harold Fannin,TE,10.6,0.0,8.88,8.88,7.92,8.37,0.211,1.0,8.88,,0.0,0
2026-10-02 00:45:39Z,CLE,in,0.211,Q1 2:21,-7.0,13346,Denzel Boston,WR,9.4,1.5,8.07,9.57,8.82,8.92,0.2,1.0,9.57,,0.0,0
2026-10-02 00:45:39Z,CLE,in,0.211,Q1 2:21,-7.0,4017,Deshaun Watson,QB,14.0,1.12,12.46,13.58,11.81,12.17,0.0,1.0,13.58,,0.0,0
2026-10-02 00:45:39Z,PIT,in,0.211,Q1 2:21,7.0,13289,Drew Allar,QB,0.5,0.0,0.34,0.34,0.37,0.39,0.211,0.3,0.1,,0.0,0
2026-10-02 00:45:39Z,CLE,in,0.211,Q1 2:21,-7.0,13298,KC Concepcion,WR,9.9,3.1,8.69,11.79,11.11,10.91,0.0,1.0,11.79,,0.0,0
2026-10-02 00:45:39Z,PIT,in,0.211,Q1 2:21,7.0,6819,Michael Pittman,WR,9.7,1.9,6.84,8.74,9.53,9.55,0.058,1.0,8.74,,0.0,0
2026-10-02 00:45:39Z,PIT,in,0.211,Q1 2:21,7.0,5846,DK Metcalf,WR,11.2,4.2,8.15,12.35,13.4,13.04,0.089,1.0,12.35,,0.0,0
2026-10-02 00:46:40Z,CLE,in,0.223,Q1 1:36,-7.0,6783,Jerry Jeudy,WR,4.8,0.0,3.95,3.95,3.52,3.73,0.223,1.0,3.95,,0.0,0
2026-10-02 00:46:40Z,PIT,in,0.223,Q1 1:36,7.0,PIT,Pittsburgh Steelers D/ST,DST,8.1,10.0,-1.55,8.45,17.88,16.29,0.213,1.0,8.45,,0.0,0
2026-10-02 00:46:40Z,PIT,in,0.223,Q1 1:36,7.0,96,Aaron Rodgers,QB,15.4,6.4,11.68,18.08,18.94,18.36,0.023,1.0,18.08,,0.0,0
2026-10-02 00:46:40Z,CLE,in,0.223,Q1 1:36,-7.0,11261,Andre Szmyt,K,6.9,0.0,5.06,5.06,5.06,5.36,0.223,1.0,5.06,,0.0,0
2026-10-02 00:46:40Z,PIT,in,0.223,Q1 1:36,7.0,7021,Rico Dowdle,RB,8.4,0.0,5.62,5.62,6.16,6.52,0.223,1.0,5.62,,0.0,0
2026-10-02 00:46:40Z,PIT,in,0.223,Q1 1:36,7.0,11630,Roman Wilson,WR,5.7,8.2,4.84,13.04,13.97,12.63,0.023,1.0,13.04,,0.0,0
2026-10-02 00:46:40Z,CLE,in,0.223,Q1 1:36,-7.0,12523,Jimmy Horn,WR,1.5,0.0,1.24,1.24,1.1,1.17,0.223,1.0,1.24,,0.0,0
2026-10-02 00:46:40Z,CLE,in,0.223,Q1 1:36,-7.0,11617,Malachi Corley,WR,0.5,0.0,0.41,0.41,0.37,0.39,0.223,1.0,0.41,,0.0,0
2026-10-02 00:46:40Z,PIT,in,0.223,Q1 1:36,7.0,9479,Darnell Washington,TE,4.9,1.6,3.48,5.08,5.5,5.41,0.152,1.0,5.08,,0.0,0
2026-10-02 00:46:40Z,CLE,in,0.223,Q1 1:36,-7.0,CLE,Cleveland Browns D/ST,DST,7.0,5.0,-0.37,4.63,11.1,10.44,0.023,1.0,4.63,,0.0,0
2026-10-02 00:46:40Z,PIT,in,0.223,Q1 1:36,7.0,1945,Chris Boswell,K,8.1,1.0,6.13,7.13,7.13,7.29,0.023,1.0,7.13,,0.0,0
2026-10-02 00:46:40Z,CLE,in,0.223,Q1 1:36,-7.0,12512,Quinshon Judkins,RB,11.8,0.4,8.85,9.25,9.13,9.56,0.0,1.0,9.25,,0.0,0
2026-10-02 00:46:40Z,PIT,in,0.223,Q1 1:36,7.0,7600,Pat Freiermuth,TE,7.8,0.0,5.23,5.23,5.72,6.06,0.223,1.0,5.23,,0.0,0
2026-10-02 00:46:40Z,PIT,in,0.223,Q1 1:36,7.0,8228,Jaylen Warren,RB,13.6,4.2,10.23,14.43,14.99,14.76,0.049,1.0,14.43,,0.0,0
2026-10-02 00:46:40Z,CLE,in,0.223,Q1 1:36,-7.0,12503,Isaiah Bond,WR,1.6,1.2,1.47,2.67,2.61,2.44,0.202,1.0,2.67,,0.0,0
2026-10-02 00:46:40Z,PIT,in,0.223,Q1 1:36,7.0,13274,Germie Bernard,WR,4.5,0.0,3.02,3.02,3.3,3.49,0.223,1.0,3.02,,0.0,0
2026-10-02 00:46:40Z,CLE,in,0.223,Q1 1:36,-7.0,12506,Harold Fannin,TE,10.6,0.0,8.73,8.73,7.77,8.23,0.223,1.0,8.73,,0.0,0
2026-10-02 00:46:40Z,CLE,in,0.223,Q1 1:36,-7.0,13346,Denzel Boston,WR,9.4,1.5,7.93,9.43,8.68,8.8,0.212,1.0,9.43,,0.0,0
2026-10-02 00:46:40Z,CLE,in,0.223,Q1 1:36,-7.0,4017,Deshaun Watson,QB,14.0,1.12,12.25,13.37,11.6,11.99,0.012,1.0,13.37,,0.0,0
2026-10-02 00:46:40Z,PIT,in,0.223,Q1 1:36,7.0,13289,Drew Allar,QB,0.5,0.0,0.33,0.33,0.37,0.39,0.223,0.3,0.1,,0.0,0
2026-10-02 00:46:40Z,CLE,in,0.223,Q1 1:36,-7.0,13298,KC Concepcion,WR,9.9,3.1,8.54,11.64,10.96,10.79,0.012,1.0,11.64,,0.0,0
2026-10-02 00:46:40Z,PIT,in,0.223,Q1 1:36,7.0,6819,Michael Pittman,WR,9.7,1.9,6.74,8.64,9.38,9.43,0.07,1.0,8.64,,0.0,0
2026-10-02 00:46:40Z,PIT,in,0.223,Q1 1:36,7.0,5846,DK Metcalf,WR,11.2,4.2,8.03,12.23,13.23,12.9,0.101,1.0,12.23,,0.0,0
2026-10-02 00:47:40Z,CLE,in,0.225,Q1 1:29,-7.0,6783,Jerry Jeudy,WR,4.8,0.0,3.94,3.94,3.51,3.72,0.225,1.0,3.94,,0.0,0
2026-10-02 00:47:40Z,PIT,in,0.225,Q1 1:29,7.0,PIT,Pittsburgh Steelers D/ST,DST,8.1,10.0,-1.54,8.46,17.86,16.28,0.215,1.0,8.46,,0.0,0
2026-10-02 00:47:40Z,PIT,in,0.225,Q1 1:29,7.0,96,Aaron Rodgers,QB,15.4,6.4,11.65,18.05,18.9,18.33,0.025,1.0,18.05,,0.0,0
2026-10-02 00:47:40Z,CLE,in,0.225,Q1 1:29,-7.0,11261,Andre Szmyt,K,6.9,0.0,5.04,5.04,5.04,5.35,0.225,1.0,5.04,,0.0,0
2026-10-02 00:47:40Z,PIT,in,0.225,Q1 1:29,7.0,7021,Rico Dowdle,RB,8.4,0.0,5.61,5.61,6.14,6.51,0.225,1.0,5.61,,0.0,0
2026-10-02 00:47:40Z,PIT,in,0.225,Q1 1:29,7.0,11630,Roman Wilson,WR,5.7,8.2,4.82,13.02,13.96,12.62,0.025,1.0,13.02,,0.0,0
2026-10-02 00:47:40Z,CLE,in,0.225,Q1 1:29,-7.0,12523,Jimmy Horn,WR,1.5,0.0,1.23,1.23,1.1,1.16,0.225,1.0,1.23,,0.0,0
2026-10-02 00:47:40Z,CLE,in,0.225,Q1 1:29,-7.0,11617,Malachi Corley,WR,0.5,0.0,0.41,0.41,0.37,0.39,0.225,1.0,0.41,,0.0,0
2026-10-02 00:47:40Z,PIT,in,0.225,Q1 1:29,7.0,9479,Darnell Washington,TE,4.9,1.6,3.47,5.07,5.49,5.4,0.154,1.0,5.07,,0.0,0
2026-10-02 00:47:40Z,CLE,in,0.225,Q1 1:29,-7.0,CLE,Cleveland Browns D/ST,DST,7.0,5.0,-0.36,4.64,11.09,10.42,0.025,1.0,4.64,,0.0,0
2026-10-02 00:47:40Z,PIT,in,0.225,Q1 1:29,7.0,1945,Chris Boswell,K,8.1,1.0,6.12,7.12,7.12,7.28,0.025,1.0,7.12,,0.0,0
2026-10-02 00:47:40Z,CLE,in,0.225,Q1 1:29,-7.0,12512,Quinshon Judkins,RB,11.8,0.4,8.83,9.23,9.1,9.54,0.002,1.0,9.23,,0.0,0
2026-10-02 00:47:40Z,PIT,in,0.225,Q1 1:29,7.0,7600,Pat Freiermuth,TE,7.8,0.0,5.22,5.22,5.7,6.04,0.225,1.0,5.22,,0.0,0
2026-10-02 00:47:40Z,PIT,in,0.225,Q1 1:29,7.0,8228,Jaylen Warren,RB,13.6,4.2,10.2,14.4,14.96,14.74,0.051,1.0,14.4,,0.0,0
2026-10-02 00:47:40Z,CLE,in,0.225,Q1 1:29,-7.0,12503,Isaiah Bond,WR,1.6,1.2,1.46,2.66,2.6,2.44,0.204,1.0,2.66,,0.0,0
2026-10-02 00:47:40Z,PIT,in,0.225,Q1 1:29,7.0,13274,Germie Bernard,WR,4.5,0.0,3.01,3.01,3.29,3.49,0.225,1.0,3.01,,0.0,0
2026-10-02 00:47:40Z,CLE,in,0.225,Q1 1:29,-7.0,12506,Harold Fannin,TE,10.6,0.0,8.71,8.71,7.75,8.21,0.225,1.0,8.71,,0.0,0
2026-10-02 00:47:40Z,CLE,in,0.225,Q1 1:29,-7.0,13346,Denzel Boston,WR,9.4,1.5,7.91,9.41,8.66,8.78,0.214,1.0,9.41,,0.0,0
2026-10-02 00:47:40Z,CLE,in,0.225,Q1 1:29,-7.0,4017,Deshaun Watson,QB,14.0,1.12,12.21,13.33,11.57,11.97,0.014,1.0,13.33,,0.0,0
2026-10-02 00:47:40Z,PIT,in,0.225,Q1 1:29,7.0,13289,Drew Allar,QB,0.5,0.0,0.33,0.33,0.37,0.39,0.225,0.3,0.1,,0.0,0
2026-10-02 00:47:40Z,CLE,in,0.225,Q1 1:29,-7.0,13298,KC Concepcion,WR,9.9,3.1,8.52,11.62,10.94,10.77,0.014,1.0,11.62,,0.0,0
2026-10-02 00:47:40Z,PIT,in,0.225,Q1 1:29,7.0,6819,Michael Pittman,WR,9.7,1.9,6.72,8.62,9.36,9.41,0.072,1.0,8.62,,0.0,0
2026-10-02 00:47:40Z,PIT,in,0.225,Q1 1:29,7.0,5846,DK Metcalf,WR,11.2,4.2,8.01,12.21,13.2,12.88,0.103,1.0,12.21,,0.0,0
2026-10-02 00:48:40Z,CLE,in,0.228,Q1 1:21,-7.0,6783,Jerry Jeudy,WR,4.8,0.0,3.93,3.93,3.5,3.71,0.228,1.0,3.93,,0.0,0
2026-10-02 00:48:40Z,PIT,in,0.228,Q1 1:21,7.0,PIT,Pittsburgh Steelers D/ST,DST,8.1,10.0,-1.53,8.47,17.83,16.26,0.217,1.0,8.47,,0.0,0
2026-10-02 00:48:40Z,PIT,in,0.228,Q1 1:21,7.0,96,Aaron Rodgers,QB,15.4,6.4,11.62,18.02,18.86,18.3,0.027,1.0,18.02,,0.0,0
2026-10-02 00:48:40Z,CLE,in,0.228,Q1 1:21,-7.0,11261,Andre Szmyt,K,6.9,0.0,5.03,5.03,5.03,5.33,0.228,1.0,5.03,,0.0,0
2026-10-02 00:48:40Z,PIT,in,0.228,Q1 1:21,7.0,7021,Rico Dowdle,RB,8.4,0.0,5.59,5.59,6.12,6.49,0.228,1.0,5.59,,0.0,0
2026-10-02 00:48:40Z,PIT,in,0.228,Q1 1:21,7.0,11630,Roman Wilson,WR,5.7,8.2,4.81,13.01,13.94,12.6,0.027,1.0,13.01,,0.0,0
2026-10-02 00:48:40Z,CLE,in,0.228,Q1 1:21,-7.0,12523,Jimmy Horn,WR,1.5,0.0,1.23,1.23,1.09,1.16,0.228,1.0,1.23,,0.0,0
2026-10-02 00:48:40Z,CLE,in,0.228,Q1 1:21,-7.0,11617,Malachi Corley,WR,0.5,0.0,0.41,0.41,0.36,0.39,0.228,1.0,0.41,,0.0,0
2026-10-02 00:48:40Z,PIT,in,0.228,Q1 1:21,7.0,9479,Darnell Washington,TE,4.9,1.6,3.46,5.06,5.48,5.39,0.157,1.0,5.06,,0.0,0
2026-10-02 00:48:40Z,CLE,in,0.228,Q1 1:21,-7.0,CLE,Cleveland Browns D/ST,DST,7.0,5.0,-0.36,4.64,11.07,10.41,0.027,1.0,4.64,,0.0,0
2026-10-02 00:48:40Z,PIT,in,0.228,Q1 1:21,7.0,1945,Chris Boswell,K,8.1,1.0,6.09,7.09,7.09,7.26,0.027,1.0,7.09,,0.0,0
2026-10-02 00:48:40Z,CLE,in,0.228,Q1 1:21,-7.0,12512,Quinshon Judkins,RB,11.8,0.4,8.79,9.19,9.07,9.52,0.004,1.0,9.19,,0.0,0
2026-10-02 00:48:40Z,PIT,in,0.228,Q1 1:21,7.0,7600,Pat Freiermuth,TE,7.8,0.0,5.2,5.2,5.68,6.03,0.228,1.0,5.2,,0.0,0
2026-10-02 00:48:40Z,PIT,in,0.228,Q1 1:21,7.0,8228,Jaylen Warren,RB,13.6,4.2,10.17,14.37,14.92,14.71,0.053,1.0,14.37,,0.0,0
2026-10-02 00:48:40Z,CLE,in,0.228,Q1 1:21,-7.0,12503,Isaiah Bond,WR,1.6,1.2,1.46,2.66,2.6,2.44,0.206,1.0,2.66,,0.0,0
2026-10-02 00:48:40Z,PIT,in,0.228,Q1 1:21,7.0,13274,Germie Bernard,WR,4.5,0.0,3.0,3.0,3.28,3.48,0.228,1.0,3.0,,0.0,0
2026-10-02 00:48:40Z,CLE,in,0.228,Q1 1:21,-7.0,12506,Harold Fannin,TE,10.6,0.0,8.68,8.68,7.72,8.19,0.228,1.0,8.68,,0.0,0
2026-10-02 00:48:40Z,CLE,in,0.228,Q1 1:21,-7.0,13346,Denzel Boston,WR,9.4,1.5,7.88,9.38,8.64,8.76,0.217,1.0,9.38,,0.0,0
2026-10-02 00:48:40Z,CLE,in,0.228,Q1 1:21,-7.0,4017,Deshaun Watson,QB,14.0,1.12,12.18,13.3,11.54,11.93,0.017,1.0,13.3,,0.0,0
2026-10-02 00:48:40Z,PIT,in,0.228,Q1 1:21,7.0,13289,Drew Allar,QB,0.5,0.0,0.33,0.33,0.36,0.39,0.228,0.3,0.1,,0.0,0
2026-10-02 00:48:40Z,CLE,in,0.228,Q1 1:21,-7.0,13298,KC Concepcion,WR,9.9,3.1,8.49,11.59,10.91,10.75,0.017,1.0,11.59,,0.0,0
2026-10-02 00:48:40Z,PIT,in,0.228,Q1 1:21,7.0,6819,Michael Pittman,WR,9.7,1.9,6.7,8.6,9.33,9.39,0.074,1.0,8.6,,0.0,0
2026-10-02 00:48:40Z,PIT,in,0.228,Q1 1:21,7.0,5846,DK Metcalf,WR,11.2,4.2,7.99,12.19,13.17,12.85,0.106,1.0,12.19,,0.0,0
2026-10-02 00:49:40Z,CLE,in,0.228,Q1 1:21,-7.0,6783,Jerry Jeudy,WR,4.8,0.0,3.93,3.93,3.5,3.71,0.228,1.0,3.93,,0.0,0
2026-10-02 00:49:40Z,PIT,in,0.228,Q1 1:21,7.0,PIT,Pittsburgh Steelers D/ST,DST,8.1,10.0,-1.53,8.47,17.83,16.26,0.217,1.0,8.47,,0.0,0
2026-10-02 00:49:40Z,PIT,in,0.228,Q1 1:21,7.0,96,Aaron Rodgers,QB,15.4,6.4,11.62,18.02,18.86,18.3,0.027,1.0,18.02,,0.0,0
2026-10-02 00:49:40Z,CLE,in,0.228,Q1 1:21,-7.0,11261,Andre Szmyt,K,6.9,0.0,5.03,5.03,5.03,5.33,0.228,1.0,5.03,,0.0,0
2026-10-02 00:49:40Z,PIT,in,0.228,Q1 1:21,7.0,7021,Rico Dowdle,RB,8.4,0.0,5.59,5.59,6.12,6.49,0.228,1.0,5.59,,0.0,0
2026-10-02 00:49:40Z,PIT,in,0.228,Q1 1:21,7.0,11630,Roman Wilson,WR,5.7,8.2,4.81,13.01,13.94,12.6,0.027,1.0,13.01,,0.0,0
2026-10-02 00:49:40Z,CLE,in,0.228,Q1 1:21,-7.0,12523,Jimmy Horn,WR,1.5,0.0,1.23,1.23,1.09,1.16,0.228,1.0,1.23,,0.0,0
2026-10-02 00:49:40Z,CLE,in,0.228,Q1 1:21,-7.0,11617,Malachi Corley,WR,0.5,0.0,0.41,0.41,0.36,0.39,0.228,1.0,0.41,,0.0,0
2026-10-02 00:49:40Z,PIT,in,0.228,Q1 1:21,7.0,9479,Darnell Washington,TE,4.9,1.6,3.46,5.06,5.48,5.39,0.157,1.0,5.06,,0.0,0
2026-10-02 00:49:40Z,CLE,in,0.228,Q1 1:21,-7.0,CLE,Cleveland Browns D/ST,DST,7.0,5.0,-0.36,4.64,11.07,10.41,0.027,1.0,4.64,,0.0,0
2026-10-02 00:49:40Z,PIT,in,0.228,Q1 1:21,7.0,1945,Chris Boswell,K,8.1,1.0,6.09,7.09,7.09,7.26,0.027,1.0,7.09,,0.0,0
2026-10-02 00:49:40Z,CLE,in,0.228,Q1 1:21,-7.0,12512,Quinshon Judkins,RB,11.8,0.4,8.79,9.19,9.07,9.52,0.004,1.0,9.19,,0.0,0
2026-10-02 00:49:40Z,PIT,in,0.228,Q1 1:21,7.0,7600,Pat Freiermuth,TE,7.8,0.0,5.2,5.2,5.68,6.03,0.228,1.0,5.2,,0.0,0
2026-10-02 00:49:40Z,PIT,in,0.228,Q1 1:21,7.0,8228,Jaylen Warren,RB,13.6,4.2,10.17,14.37,14.92,14.71,0.053,1.0,14.37,,0.0,0
2026-10-02 00:49:40Z,CLE,in,0.228,Q1 1:21,-7.0,12503,Isaiah Bond,WR,1.6,1.2,1.46,2.66,2.6,2.44,0.206,1.0,2.66,,0.0,0
2026-10-02 00:49:40Z,PIT,in,0.228,Q1 1:21,7.0,13274,Germie Bernard,WR,4.5,0.0,3.0,3.0,3.28,3.48,0.228,1.0,3.0,,0.0,0
2026-10-02 00:49:40Z,CLE,in,0.228,Q1 1:21,-7.0,12506,Harold Fannin,TE,10.6,0.0,8.68,8.68,7.72,8.19,0.228,1.0,8.68,,0.0,0
2026-10-02 00:49:40Z,CLE,in,0.228,Q1 1:21,-7.0,13346,Denzel Boston,WR,9.4,1.5,7.88,9.38,8.64,8.76,0.217,1.0,9.38,,0.0,0
2026-10-02 00:49:40Z,CLE,in,0.228,Q1 1:21,-7.0,4017,Deshaun Watson,QB,14.0,1.12,12.18,13.3,11.54,11.93,0.017,1.0,13.3,,0.0,0
2026-10-02 00:49:40Z,PIT,in,0.228,Q1 1:21,7.0,13289,Drew Allar,QB,0.5,0.0,0.33,0.33,0.36,0.39,0.228,0.3,0.1,,0.0,0
2026-10-02 00:49:40Z,CLE,in,0.228,Q1 1:21,-7.0,13298,KC Concepcion,WR,9.9,3.1,8.49,11.59,10.91,10.75,0.017,1.0,11.59,,0.0,0
2026-10-02 00:49:40Z,PIT,in,0.228,Q1 1:21,7.0,6819,Michael Pittman,WR,9.7,1.9,6.7,8.6,9.33,9.39,0.074,1.0,8.6,,0.0,0
2026-10-02 00:49:40Z,PIT,in,0.228,Q1 1:21,7.0,5846,DK Metcalf,WR,11.2,4.2,7.99,12.19,13.17,12.85,0.106,1.0,12.19,,0.0,0
2026-10-02 00:50:41Z,CLE,in,0.228,Q1 1:21,-7.0,6783,Jerry Jeudy,WR,4.8,0.0,3.93,3.93,3.5,3.71,0.228,1.0,3.93,,0.0,0
2026-10-02 00:50:41Z,PIT,in,0.228,Q1 1:21,7.0,PIT,Pittsburgh Steelers D/ST,DST,8.1,10.0,-1.53,8.47,17.83,16.26,0.217,1.0,8.47,,0.0,0
2026-10-02 00:50:41Z,PIT,in,0.228,Q1 1:21,7.0,96,Aaron Rodgers,QB,15.4,6.4,11.62,18.02,18.86,18.3,0.027,1.0,18.02,,0.0,0
2026-10-02 00:50:41Z,CLE,in,0.228,Q1 1:21,-7.0,11261,Andre Szmyt,K,6.9,0.0,5.03,5.03,5.03,5.33,0.228,1.0,5.03,,0.0,0
2026-10-02 00:50:41Z,PIT,in,0.228,Q1 1:21,7.0,7021,Rico Dowdle,RB,8.4,0.0,5.59,5.59,6.12,6.49,0.228,1.0,5.59,,0.0,0
2026-10-02 00:50:41Z,PIT,in,0.228,Q1 1:21,7.0,11630,Roman Wilson,WR,5.7,8.2,4.81,13.01,13.94,12.6,0.027,1.0,13.01,,0.0,0
2026-10-02 00:50:41Z,CLE,in,0.228,Q1 1:21,-7.0,12523,Jimmy Horn,WR,1.5,0.0,1.23,1.23,1.09,1.16,0.228,1.0,1.23,,0.0,0
2026-10-02 00:50:41Z,CLE,in,0.228,Q1 1:21,-7.0,11617,Malachi Corley,WR,0.5,0.0,0.41,0.41,0.36,0.39,0.228,1.0,0.41,,0.0,0
2026-10-02 00:50:41Z,PIT,in,0.228,Q1 1:21,7.0,9479,Darnell Washington,TE,4.9,1.6,3.46,5.06,5.48,5.39,0.157,1.0,5.06,,0.0,0
2026-10-02 00:50:41Z,CLE,in,0.228,Q1 1:21,-7.0,CLE,Cleveland Browns D/ST,DST,7.0,5.0,-0.36,4.64,11.07,10.41,0.027,1.0,4.64,,0.0,0
2026-10-02 00:50:41Z,PIT,in,0.228,Q1 1:21,7.0,1945,Chris Boswell,K,8.1,1.0,6.09,7.09,7.09,7.26,0.027,1.0,7.09,,0.0,0
2026-10-02 00:50:41Z,CLE,in,0.228,Q1 1:21,-7.0,12512,Quinshon Judkins,RB,11.8,0.4,8.79,9.19,9.07,9.52,0.004,1.0,9.19,,0.0,0
2026-10-02 00:50:41Z,PIT,in,0.228,Q1 1:21,7.0,7600,Pat Freiermuth,TE,7.8,0.0,5.2,5.2,5.68,6.03,0.228,1.0,5.2,,0.0,0
2026-10-02 00:50:41Z,PIT,in,0.228,Q1 1:21,7.0,8228,Jaylen Warren,RB,13.6,4.2,10.17,14.37,14.92,14.71,0.053,1.0,14.37,,0.0,0
2026-10-02 00:50:41Z,CLE,in,0.228,Q1 1:21,-7.0,12503,Isaiah Bond,WR,1.6,1.2,1.46,2.66,2.6,2.44,0.206,1.0,2.66,,0.0,0
2026-10-02 00:50:41Z,PIT,in,0.228,Q1 1:21,7.0,13274,Germie Bernard,WR,4.5,0.0,3.0,3.0,3.28,3.48,0.228,1.0,3.0,,0.0,0
2026-10-02 00:50:41Z,CLE,in,0.228,Q1 1:21,-7.0,12506,Harold Fannin,TE,10.6,0.0,8.68,8.68,7.72,8.19,0.228,1.0,8.68,,0.0,0
2026-10-02 00:50:41Z,CLE,in,0.228,Q1 1:21,-7.0,13346,Denzel Boston,WR,9.4,1.5,7.88,9.38,8.64,8.76,0.217,1.0,9.38,,0.0,0
2026-10-02 00:50:41Z,CLE,in,0.228,Q1 1:21,-7.0,4017,Deshaun Watson,QB,14.0,1.12,12.18,13.3,11.54,11.93,0.017,1.0,13.3,,0.0,0
2026-10-02 00:50:41Z,PIT,in,0.228,Q1 1:21,7.0,13289,Drew Allar,QB,0.5,0.0,0.33,0.33,0.36,0.39,0.228,0.3,0.1,,0.0,0
2026-10-02 00:50:41Z,CLE,in,0.228,Q1 1:21,-7.0,13298,KC Concepcion,WR,9.9,3.1,8.49,11.59,10.91,10.75,0.017,1.0,11.59,,0.0,0
2026-10-02 00:50:41Z,PIT,in,0.228,Q1 1:21,7.0,6819,Michael Pittman,WR,9.7,1.9,6.7,8.6,9.33,9.39,0.074,1.0,8.6,,0.0,0
2026-10-02 00:50:41Z,PIT,in,0.228,Q1 1:21,7.0,5846,DK Metcalf,WR,11.2,4.2,7.99,12.19,13.17,12.85,0.106,1.0,12.19,,0.0,0
2026-10-02 00:51:41Z,CLE,in,0.228,Q1 1:21,-7.0,6783,Jerry Jeudy,WR,4.8,0.0,3.93,3.93,3.5,3.71,0.228,1.0,3.93,,0.0,0
2026-10-02 00:51:41Z,PIT,in,0.228,Q1 1:21,7.0,PIT,Pittsburgh Steelers D/ST,DST,8.1,10.0,-1.53,8.47,17.83,16.26,0.217,1.0,8.47,,0.0,0
2026-10-02 00:51:41Z,PIT,in,0.228,Q1 1:21,7.0,96,Aaron Rodgers,QB,15.4,6.4,11.62,18.02,18.86,18.3,0.027,1.0,18.02,,0.0,0
2026-10-02 00:51:41Z,CLE,in,0.228,Q1 1:21,-7.0,11261,Andre Szmyt,K,6.9,0.0,5.03,5.03,5.03,5.33,0.228,1.0,5.03,,0.0,0
2026-10-02 00:51:41Z,PIT,in,0.228,Q1 1:21,7.0,7021,Rico Dowdle,RB,8.4,0.0,5.59,5.59,6.12,6.49,0.228,1.0,5.59,,0.0,0
2026-10-02 00:51:41Z,PIT,in,0.228,Q1 1:21,7.0,11630,Roman Wilson,WR,5.7,8.2,4.81,13.01,13.94,12.6,0.027,1.0,13.01,,0.0,0
2026-10-02 00:51:41Z,CLE,in,0.228,Q1 1:21,-7.0,12523,Jimmy Horn,WR,1.5,0.0,1.23,1.23,1.09,1.16,0.228,1.0,1.23,,0.0,0
2026-10-02 00:51:41Z,CLE,in,0.228,Q1 1:21,-7.0,11617,Malachi Corley,WR,0.5,0.0,0.41,0.41,0.36,0.39,0.228,1.0,0.41,,0.0,0
2026-10-02 00:51:41Z,PIT,in,0.228,Q1 1:21,7.0,9479,Darnell Washington,TE,4.9,1.6,3.46,5.06,5.48,5.39,0.157,1.0,5.06,,0.0,0
2026-10-02 00:51:41Z,CLE,in,0.228,Q1 1:21,-7.0,CLE,Cleveland Browns D/ST,DST,7.0,5.0,-0.36,4.64,11.07,10.41,0.027,1.0,4.64,,0.0,0
2026-10-02 00:51:41Z,PIT,in,0.228,Q1 1:21,7.0,1945,Chris Boswell,K,8.1,1.0,6.09,7.09,7.09,7.26,0.027,1.0,7.09,,0.0,0
2026-10-02 00:51:41Z,CLE,in,0.228,Q1 1:21,-7.0,12512,Quinshon Judkins,RB,11.8,0.4,8.79,9.19,9.07,9.52,0.004,1.0,9.19,,0.0,0
2026-10-02 00:51:41Z,PIT,in,0.228,Q1 1:21,7.0,7600,Pat Freiermuth,TE,7.8,0.0,5.2,5.2,5.68,6.03,0.228,1.0,5.2,,0.0,0
2026-10-02 00:51:41Z,PIT,in,0.228,Q1 1:21,7.0,8228,Jaylen Warren,RB,13.6,5.0,10.38,15.38,15.87,15.51,0.0,1.0,15.38,,0.0,0
2026-10-02 00:51:41Z,CLE,in,0.228,Q1 1:21,-7.0,12503,Isaiah Bond,WR,1.6,1.2,1.46,2.66,2.6,2.44,0.206,1.0,2.66,,0.0,0
2026-10-02 00:51:41Z,PIT,in,0.228,Q1 1:21,7.0,13274,Germie Bernard,WR,4.5,0.0,3.0,3.0,3.28,3.48,0.228,1.0,3.0,,0.0,0
2026-10-02 00:51:41Z,CLE,in,0.228,Q1 1:21,-7.0,12506,Harold Fannin,TE,10.6,0.0,8.68,8.68,7.72,8.19,0.228,1.0,8.68,,0.0,0
2026-10-02 00:51:41Z,CLE,in,0.228,Q1 1:21,-7.0,13346,Denzel Boston,WR,9.4,1.5,7.88,9.38,8.64,8.76,0.217,1.0,9.38,,0.0,0
2026-10-02 00:51:41Z,CLE,in,0.228,Q1 1:21,-7.0,4017,Deshaun Watson,QB,14.0,1.12,12.18,13.3,11.54,11.93,0.017,1.0,13.3,,0.0,0
2026-10-02 00:51:41Z,PIT,in,0.228,Q1 1:21,7.0,13289,Drew Allar,QB,0.5,0.0,0.33,0.33,0.36,0.39,0.228,0.3,0.1,,0.0,0
2026-10-02 00:51:41Z,CLE,in,0.228,Q1 1:21,-7.0,13298,KC Concepcion,WR,9.9,3.1,8.49,11.59,10.91,10.75,0.017,1.0,11.59,,0.0,0
2026-10-02 00:51:41Z,PIT,in,0.228,Q1 1:21,7.0,6819,Michael Pittman,WR,9.7,1.9,6.7,8.6,9.33,9.39,0.074,1.0,8.6,,0.0,0
2026-10-02 00:51:41Z,PIT,in,0.228,Q1 1:21,7.0,5846,DK Metcalf,WR,11.2,4.2,7.99,12.19,13.17,12.85,0.106,1.0,12.19,,0.0,0
2026-10-02 00:52:42Z,CLE,in,0.25,Q2 15:00,-7.0,6783,Jerry Jeudy,WR,4.8,0.0,3.81,3.81,3.38,3.6,0.25,1.0,3.81,,0.0,0
2026-10-02 00:52:42Z,PIT,in,0.25,Q2 15:00,7.0,PIT,Pittsburgh Steelers D/ST,DST,8.1,10.0,-1.45,8.55,17.57,16.07,0.24,1.0,8.55,,0.0,0
2026-10-02 00:52:42Z,PIT,in,0.25,Q2 15:00,7.0,96,Aaron Rodgers,QB,15.4,6.76,11.37,18.13,18.86,18.31,0.0,1.0,18.13,,0.0,0
2026-10-02 00:52:42Z,CLE,in,0.25,Q2 15:00,-7.0,11261,Andre Szmyt,K,6.9,0.0,4.85,4.85,4.85,5.18,0.25,1.0,4.85,,0.0,0
2026-10-02 00:52:42Z,PIT,in,0.25,Q2 15:00,7.0,7021,Rico Dowdle,RB,8.4,0.0,5.39,5.39,5.91,6.3,0.25,1.0,5.39,,0.0,0
2026-10-02 00:52:42Z,PIT,in,0.25,Q2 15:00,7.0,11630,Roman Wilson,WR,5.7,8.2,4.67,12.87,13.75,12.47,0.05,1.0,12.87,,0.0,0
2026-10-02 00:52:42Z,CLE,in,0.25,Q2 15:00,-7.0,12523,Jimmy Horn,WR,1.5,0.0,1.19,1.19,1.05,1.12,0.25,1.0,1.19,,0.0,0
2026-10-02 00:52:42Z,CLE,in,0.25,Q2 15:00,-7.0,11617,Malachi Corley,WR,0.5,0.0,0.4,0.4,0.35,0.38,0.25,1.0,0.4,,0.0,0
2026-10-02 00:52:42Z,PIT,in,0.25,Q2 15:00,7.0,9479,Darnell Washington,TE,4.9,1.6,3.37,4.97,5.35,5.28,0.179,1.0,4.97,,0.0,0
2026-10-02 00:52:42Z,CLE,in,0.25,Q2 15:00,-7.0,CLE,Cleveland Browns D/ST,DST,7.0,5.0,-0.31,4.69,10.86,10.25,0.05,1.0,4.69,,0.0,0
2026-10-02 00:52:42Z,PIT,in,0.25,Q2 15:00,7.0,1945,Chris Boswell,K,8.1,1.0,5.88,6.88,6.88,7.07,0.05,1.0,6.88,,0.0,0
2026-10-02 00:52:42Z,CLE,in,0.25,Q2 15:00,-7.0,12512,Quinshon Judkins,RB,11.8,0.4,8.47,8.87,8.77,9.25,0.027,1.0,8.87,,0.0,0
2026-10-02 00:52:42Z,PIT,in,0.25,Q2 15:00,7.0,7600,Pat Freiermuth,TE,7.8,0.0,5.06,5.06,5.48,5.85,0.25,1.0,5.06,,0.0,0
2026-10-02 00:52:42Z,PIT,in,0.25,Q2 15:00,7.0,8228,Jaylen Warren,RB,13.6,6.9,10.54,17.44,17.76,17.1,0.0,1.0,17.44,,0.0,0
2026-10-02 00:52:42Z,CLE,in,0.25,Q2 15:00,-7.0,12503,Isaiah Bond,WR,1.6,1.2,1.41,2.61,2.55,2.4,0.229,1.0,2.61,,0.0,0
2026-10-02 00:52:42Z,PIT,in,0.25,Q2 15:00,7.0,13274,Germie Bernard,WR,4.5,0.0,2.92,2.92,3.16,3.38,0.25,1.0,2.92,,0.0,0
2026-10-02 00:52:42Z,CLE,in,0.25,Q2 15:00,-7.0,12506,Harold Fannin,TE,10.6,0.0,8.42,8.42,7.45,7.95,0.25,1.0,8.42,,0.0,0
2026-10-02 00:52:42Z,CLE,in,0.25,Q2 15:00,-7.0,13346,Denzel Boston,WR,9.4,1.5,7.64,9.14,8.39,8.55,0.239,1.0,9.14,,0.0,0
2026-10-02 00:52:42Z,CLE,in,0.25,Q2 15:00,-7.0,4017,Deshaun Watson,QB,14.0,1.12,11.8,12.92,11.17,11.62,0.039,1.0,12.92,,0.0,0
2026-10-02 00:52:42Z,PIT,in,0.25,Q2 15:00,7.0,13289,Drew Allar,QB,0.5,0.0,0.31,0.31,0.35,0.38,0.25,0.3,0.09,,0.0,0
2026-10-02 00:52:42Z,CLE,in,0.25,Q2 15:00,-7.0,13298,KC Concepcion,WR,9.9,3.1,8.23,11.33,10.64,10.53,0.039,1.0,11.33,,0.0,0
2026-10-02 00:52:42Z,PIT,in,0.25,Q2 15:00,7.0,6819,Michael Pittman,WR,9.7,1.9,6.52,8.42,9.08,9.17,0.097,1.0,8.42,,0.0,0
2026-10-02 00:52:42Z,PIT,in,0.25,Q2 15:00,7.0,5846,DK Metcalf,WR,11.2,4.2,7.77,11.97,12.86,12.6,0.128,1.0,11.97,,0.0,0
2026-10-02 00:53:42Z,CLE,in,0.25,Q2 15:00,-7.0,6783,Jerry Jeudy,WR,4.8,0.0,3.81,3.81,3.38,3.6,0.25,1.0,3.81,,0.0,0
2026-10-02 00:53:42Z,PIT,in,0.25,Q2 15:00,7.0,PIT,Pittsburgh Steelers D/ST,DST,8.1,10.0,-1.45,8.55,17.57,16.07,0.24,1.0,8.55,,0.0,0
2026-10-02 00:53:42Z,PIT,in,0.25,Q2 15:00,7.0,96,Aaron Rodgers,QB,15.4,6.76,11.37,18.13,18.86,18.31,0.0,1.0,18.13,,0.0,0
2026-10-02 00:53:42Z,CLE,in,0.25,Q2 15:00,-7.0,11261,Andre Szmyt,K,6.9,0.0,4.85,4.85,4.85,5.18,0.25,1.0,4.85,,0.0,0
2026-10-02 00:53:42Z,PIT,in,0.25,Q2 15:00,7.0,7021,Rico Dowdle,RB,8.4,0.0,5.39,5.39,5.91,6.3,0.25,1.0,5.39,,0.0,0
2026-10-02 00:53:42Z,PIT,in,0.25,Q2 15:00,7.0,11630,Roman Wilson,WR,5.7,8.2,4.67,12.87,13.75,12.47,0.05,1.0,12.87,,0.0,0
2026-10-02 00:53:42Z,CLE,in,0.25,Q2 15:00,-7.0,12523,Jimmy Horn,WR,1.5,0.0,1.19,1.19,1.05,1.12,0.25,1.0,1.19,,0.0,0
2026-10-02 00:53:42Z,CLE,in,0.25,Q2 15:00,-7.0,11617,Malachi Corley,WR,0.5,0.0,0.4,0.4,0.35,0.38,0.25,1.0,0.4,,0.0,0
2026-10-02 00:53:42Z,PIT,in,0.25,Q2 15:00,7.0,9479,Darnell Washington,TE,4.9,1.6,3.37,4.97,5.35,5.28,0.179,1.0,4.97,,0.0,0
2026-10-02 00:53:42Z,CLE,in,0.25,Q2 15:00,-7.0,CLE,Cleveland Browns D/ST,DST,7.0,5.0,-0.31,4.69,10.86,10.25,0.05,1.0,4.69,,0.0,0
2026-10-02 00:53:42Z,PIT,in,0.25,Q2 15:00,7.0,1945,Chris Boswell,K,8.1,1.0,5.88,6.88,6.88,7.07,0.05,1.0,6.88,,0.0,0
2026-10-02 00:53:42Z,CLE,in,0.25,Q2 15:00,-7.0,12512,Quinshon Judkins,RB,11.8,0.4,8.47,8.87,8.77,9.25,0.027,1.0,8.87,,0.0,0
2026-10-02 00:53:42Z,PIT,in,0.25,Q2 15:00,7.0,7600,Pat Freiermuth,TE,7.8,0.0,5.06,5.06,5.48,5.85,0.25,1.0,5.06,,0.0,0
2026-10-02 00:53:42Z,PIT,in,0.25,Q2 15:00,7.0,8228,Jaylen Warren,RB,13.6,6.9,10.54,17.44,17.76,17.1,0.0,1.0,17.44,,0.0,0
2026-10-02 00:53:42Z,CLE,in,0.25,Q2 15:00,-7.0,12503,Isaiah Bond,WR,1.6,1.2,1.41,2.61,2.55,2.4,0.229,1.0,2.61,,0.0,0
2026-10-02 00:53:42Z,PIT,in,0.25,Q2 15:00,7.0,13274,Germie Bernard,WR,4.5,0.0,2.92,2.92,3.16,3.38,0.25,1.0,2.92,,0.0,0
2026-10-02 00:53:42Z,CLE,in,0.25,Q2 15:00,-7.0,12506,Harold Fannin,TE,10.6,0.0,8.42,8.42,7.45,7.95,0.25,1.0,8.42,,0.0,0
2026-10-02 00:53:42Z,CLE,in,0.25,Q2 15:00,-7.0,13346,Denzel Boston,WR,9.4,1.5,7.64,9.14,8.39,8.55,0.239,1.0,9.14,,0.0,0
2026-10-02 00:53:42Z,CLE,in,0.25,Q2 15:00,-7.0,4017,Deshaun Watson,QB,14.0,1.12,11.8,12.92,11.17,11.62,0.039,1.0,12.92,,0.0,0
2026-10-02 00:53:42Z,PIT,in,0.25,Q2 15:00,7.0,13289,Drew Allar,QB,0.5,0.0,0.31,0.31,0.35,0.38,0.25,0.3,0.09,,0.0,0
2026-10-02 00:53:42Z,CLE,in,0.25,Q2 15:00,-7.0,13298,KC Concepcion,WR,9.9,3.1,8.23,11.33,10.64,10.53,0.039,1.0,11.33,,0.0,0
2026-10-02 00:53:42Z,PIT,in,0.25,Q2 15:00,7.0,6819,Michael Pittman,WR,9.7,1.9,6.52,8.42,9.08,9.17,0.097,1.0,8.42,,0.0,0
2026-10-02 00:53:42Z,PIT,in,0.25,Q2 15:00,7.0,5846,DK Metcalf,WR,11.2,4.2,7.77,11.97,12.86,12.6,0.128,1.0,11.97,,0.0,0
2026-10-02 00:54:42Z,CLE,in,0.25,Q2 15:00,-7.0,6783,Jerry Jeudy,WR,4.8,0.0,3.81,3.81,3.38,3.6,0.25,1.0,3.81,,0.0,0
2026-10-02 00:54:42Z,PIT,in,0.25,Q2 15:00,7.0,PIT,Pittsburgh Steelers D/ST,DST,8.1,10.0,-1.45,8.55,17.57,16.07,0.24,1.0,8.55,,0.0,0
2026-10-02 00:54:42Z,PIT,in,0.25,Q2 15:00,7.0,96,Aaron Rodgers,QB,15.4,6.76,11.37,18.13,18.86,18.31,0.0,1.0,18.13,,0.0,0
2026-10-02 00:54:42Z,CLE,in,0.25,Q2 15:00,-7.0,11261,Andre Szmyt,K,6.9,0.0,4.85,4.85,4.85,5.18,0.25,1.0,4.85,,0.0,0
2026-10-02 00:54:42Z,PIT,in,0.25,Q2 15:00,7.0,7021,Rico Dowdle,RB,8.4,0.0,5.39,5.39,5.91,6.3,0.25,1.0,5.39,,0.0,0
2026-10-02 00:54:42Z,PIT,in,0.25,Q2 15:00,7.0,11630,Roman Wilson,WR,5.7,8.2,4.67,12.87,13.75,12.47,0.05,1.0,12.87,,0.0,0
2026-10-02 00:54:42Z,CLE,in,0.25,Q2 15:00,-7.0,12523,Jimmy Horn,WR,1.5,0.0,1.19,1.19,1.05,1.12,0.25,1.0,1.19,,0.0,0
2026-10-02 00:54:42Z,CLE,in,0.25,Q2 15:00,-7.0,11617,Malachi Corley,WR,0.5,0.0,0.4,0.4,0.35,0.38,0.25,1.0,0.4,,0.0,0
2026-10-02 00:54:42Z,PIT,in,0.25,Q2 15:00,7.0,9479,Darnell Washington,TE,4.9,1.6,3.37,4.97,5.35,5.28,0.179,1.0,4.97,,0.0,0
2026-10-02 00:54:42Z,CLE,in,0.25,Q2 15:00,-7.0,CLE,Cleveland Browns D/ST,DST,7.0,5.0,-0.31,4.69,10.86,10.25,0.05,1.0,4.69,,0.0,0
2026-10-02 00:54:42Z,PIT,in,0.25,Q2 15:00,7.0,1945,Chris Boswell,K,8.1,1.0,5.88,6.88,6.88,7.07,0.05,1.0,6.88,,0.0,0
2026-10-02 00:54:42Z,CLE,in,0.25,Q2 15:00,-7.0,12512,Quinshon Judkins,RB,11.8,0.4,8.47,8.87,8.77,9.25,0.027,1.0,8.87,,0.0,0
2026-10-02 00:54:42Z,PIT,in,0.25,Q2 15:00,7.0,7600,Pat Freiermuth,TE,7.8,0.0,5.06,5.06,5.48,5.85,0.25,1.0,5.06,,0.0,0
2026-10-02 00:54:42Z,PIT,in,0.25,Q2 15:00,7.0,8228,Jaylen Warren,RB,13.6,6.9,10.54,17.44,17.76,17.1,0.0,1.0,17.44,,0.0,0
2026-10-02 00:54:42Z,CLE,in,0.25,Q2 15:00,-7.0,12503,Isaiah Bond,WR,1.6,1.2,1.41,2.61,2.55,2.4,0.229,1.0,2.61,,0.0,0
2026-10-02 00:54:42Z,PIT,in,0.25,Q2 15:00,7.0,13274,Germie Bernard,WR,4.5,0.0,2.92,2.92,3.16,3.38,0.25,1.0,2.92,,0.0,0
2026-10-02 00:54:42Z,CLE,in,0.25,Q2 15:00,-7.0,12506,Harold Fannin,TE,10.6,0.0,8.42,8.42,7.45,7.95,0.25,1.0,8.42,,0.0,0
2026-10-02 00:54:42Z,CLE,in,0.25,Q2 15:00,-7.0,13346,Denzel Boston,WR,9.4,1.5,7.64,9.14,8.39,8.55,0.239,1.0,9.14,,0.0,0
2026-10-02 00:54:42Z,CLE,in,0.25,Q2 15:00,-7.0,4017,Deshaun Watson,QB,14.0,1.12,11.8,12.92,11.17,11.62,0.039,1.0,12.92,,0.0,0
2026-10-02 00:54:42Z,PIT,in,0.25,Q2 15:00,7.0,13289,Drew Allar,QB,0.5,0.0,0.31,0.31,0.35,0.38,0.25,0.3,0.09,,0.0,0
2026-10-02 00:54:42Z,CLE,in,0.25,Q2 15:00,-7.0,13298,KC Concepcion,WR,9.9,3.1,8.23,11.33,10.64,10.53,0.039,1.0,11.33,,0.0,0
2026-10-02 00:54:42Z,PIT,in,0.25,Q2 15:00,7.0,6819,Michael Pittman,WR,9.7,1.9,6.52,8.42,9.08,9.17,0.097,1.0,8.42,,0.0,0
2026-10-02 00:54:42Z,PIT,in,0.25,Q2 15:00,7.0,5846,DK Metcalf,WR,11.2,4.2,7.77,11.97,12.86,12.6,0.128,1.0,11.97,,0.0,0
2026-10-02 00:55:43Z,CLE,in,0.25,Q2 15:00,-7.0,6783,Jerry Jeudy,WR,4.8,0.0,3.81,3.81,3.38,3.6,0.25,1.0,3.81,,0.0,0
2026-10-02 00:55:43Z,PIT,in,0.25,Q2 15:00,7.0,PIT,Pittsburgh Steelers D/ST,DST,8.1,10.0,-1.45,8.55,17.57,16.07,0.24,1.0,8.55,,0.0,0
2026-10-02 00:55:43Z,PIT,in,0.25,Q2 15:00,7.0,96,Aaron Rodgers,QB,15.4,6.76,11.37,18.13,18.86,18.31,0.0,1.0,18.13,,0.0,0
2026-10-02 00:55:43Z,CLE,in,0.25,Q2 15:00,-7.0,11261,Andre Szmyt,K,6.9,0.0,4.85,4.85,4.85,5.18,0.25,1.0,4.85,,0.0,0
2026-10-02 00:55:43Z,PIT,in,0.25,Q2 15:00,7.0,7021,Rico Dowdle,RB,8.4,0.0,5.39,5.39,5.91,6.3,0.25,1.0,5.39,,0.0,0
2026-10-02 00:55:43Z,PIT,in,0.25,Q2 15:00,7.0,11630,Roman Wilson,WR,5.7,8.2,4.67,12.87,13.75,12.47,0.05,1.0,12.87,,0.0,0
2026-10-02 00:55:43Z,CLE,in,0.25,Q2 15:00,-7.0,12523,Jimmy Horn,WR,1.5,0.0,1.19,1.19,1.05,1.12,0.25,1.0,1.19,,0.0,0
2026-10-02 00:55:43Z,CLE,in,0.25,Q2 15:00,-7.0,11617,Malachi Corley,WR,0.5,0.0,0.4,0.4,0.35,0.38,0.25,1.0,0.4,,0.0,0
2026-10-02 00:55:43Z,PIT,in,0.25,Q2 15:00,7.0,9479,Darnell Washington,TE,4.9,1.6,3.37,4.97,5.35,5.28,0.179,1.0,4.97,,0.0,0
2026-10-02 00:55:43Z,CLE,in,0.25,Q2 15:00,-7.0,CLE,Cleveland Browns D/ST,DST,7.0,5.0,-0.31,4.69,10.86,10.25,0.05,1.0,4.69,,0.0,0
2026-10-02 00:55:43Z,PIT,in,0.25,Q2 15:00,7.0,1945,Chris Boswell,K,8.1,1.0,5.88,6.88,6.88,7.07,0.05,1.0,6.88,,0.0,0
2026-10-02 00:55:43Z,CLE,in,0.25,Q2 15:00,-7.0,12512,Quinshon Judkins,RB,11.8,0.4,8.47,8.87,8.77,9.25,0.027,1.0,8.87,,0.0,0
2026-10-02 00:55:43Z,PIT,in,0.25,Q2 15:00,7.0,7600,Pat Freiermuth,TE,7.8,0.0,5.06,5.06,5.48,5.85,0.25,1.0,5.06,,0.0,0
2026-10-02 00:55:43Z,PIT,in,0.25,Q2 15:00,7.0,8228,Jaylen Warren,RB,13.6,6.9,10.54,17.44,17.76,17.1,0.0,1.0,17.44,,0.0,0
2026-10-02 00:55:43Z,CLE,in,0.25,Q2 15:00,-7.0,12503,Isaiah Bond,WR,1.6,1.2,1.41,2.61,2.55,2.4,0.229,1.0,2.61,,0.0,0
2026-10-02 00:55:43Z,PIT,in,0.25,Q2 15:00,7.0,13274,Germie Bernard,WR,4.5,0.0,2.92,2.92,3.16,3.38,0.25,1.0,2.92,,0.0,0
2026-10-02 00:55:43Z,CLE,in,0.25,Q2 15:00,-7.0,12506,Harold Fannin,TE,10.6,0.0,8.42,8.42,7.45,7.95,0.25,1.0,8.42,,0.0,0
2026-10-02 00:55:43Z,CLE,in,0.25,Q2 15:00,-7.0,13346,Denzel Boston,WR,9.4,1.5,7.64,9.14,8.39,8.55,0.239,1.0,9.14,,0.0,0
2026-10-02 00:55:43Z,CLE,in,0.25,Q2 15:00,-7.0,4017,Deshaun Watson,QB,14.0,1.12,11.8,12.92,11.17,11.62,0.039,1.0,12.92,,0.0,0
2026-10-02 00:55:43Z,PIT,in,0.25,Q2 15:00,7.0,13289,Drew Allar,QB,0.5,0.0,0.31,0.31,0.35,0.38,0.25,0.3,0.09,,0.0,0
2026-10-02 00:55:43Z,CLE,in,0.25,Q2 15:00,-7.0,13298,KC Concepcion,WR,9.9,3.1,8.23,11.33,10.64,10.53,0.039,1.0,11.33,,0.0,0
2026-10-02 00:55:43Z,PIT,in,0.25,Q2 15:00,7.0,6819,Michael Pittman,WR,9.7,1.9,6.52,8.42,9.08,9.17,0.097,1.0,8.42,,0.0,0
2026-10-02 00:55:43Z,PIT,in,0.25,Q2 15:00,7.0,5846,DK Metcalf,WR,11.2,4.2,7.77,11.97,12.86,12.6,0.128,1.0,11.97,,0.0,0
2026-10-02 00:56:43Z,CLE,in,0.25,Q2 15:00,-7.0,6783,Jerry Jeudy,WR,4.8,0.0,3.81,3.81,3.38,3.6,0.25,1.0,3.81,,0.0,0
2026-10-02 00:56:43Z,PIT,in,0.25,Q2 15:00,7.0,PIT,Pittsburgh Steelers D/ST,DST,8.1,10.0,-1.45,8.55,17.57,16.07,0.24,1.0,8.55,,0.0,0
2026-10-02 00:56:43Z,PIT,in,0.25,Q2 15:00,7.0,96,Aaron Rodgers,QB,15.4,6.76,11.37,18.13,18.86,18.31,0.0,1.0,18.13,,0.0,0
2026-10-02 00:56:43Z,CLE,in,0.25,Q2 15:00,-7.0,11261,Andre Szmyt,K,6.9,0.0,4.85,4.85,4.85,5.18,0.25,1.0,4.85,,0.0,0
2026-10-02 00:56:43Z,PIT,in,0.25,Q2 15:00,7.0,7021,Rico Dowdle,RB,8.4,0.0,5.39,5.39,5.91,6.3,0.25,1.0,5.39,,0.0,0
2026-10-02 00:56:43Z,PIT,in,0.25,Q2 15:00,7.0,11630,Roman Wilson,WR,5.7,8.2,4.67,12.87,13.75,12.47,0.05,1.0,12.87,,0.0,0
2026-10-02 00:56:43Z,CLE,in,0.25,Q2 15:00,-7.0,12523,Jimmy Horn,WR,1.5,0.0,1.19,1.19,1.05,1.12,0.25,1.0,1.19,,0.0,0
2026-10-02 00:56:43Z,CLE,in,0.25,Q2 15:00,-7.0,11617,Malachi Corley,WR,0.5,0.0,0.4,0.4,0.35,0.38,0.25,1.0,0.4,,0.0,0
2026-10-02 00:56:43Z,PIT,in,0.25,Q2 15:00,7.0,9479,Darnell Washington,TE,4.9,1.6,3.37,4.97,5.35,5.28,0.179,1.0,4.97,,0.0,0
2026-10-02 00:56:43Z,CLE,in,0.25,Q2 15:00,-7.0,CLE,Cleveland Browns D/ST,DST,7.0,5.0,-0.31,4.69,10.86,10.25,0.05,1.0,4.69,,0.0,0
2026-10-02 00:56:43Z,PIT,in,0.25,Q2 15:00,7.0,1945,Chris Boswell,K,8.1,1.0,5.88,6.88,6.88,7.07,0.05,1.0,6.88,,0.0,0
2026-10-02 00:56:43Z,CLE,in,0.25,Q2 15:00,-7.0,12512,Quinshon Judkins,RB,11.8,0.4,8.47,8.87,8.77,9.25,0.027,1.0,8.87,,0.0,0
2026-10-02 00:56:43Z,PIT,in,0.25,Q2 15:00,7.0,7600,Pat Freiermuth,TE,7.8,0.0,5.06,5.06,5.48,5.85,0.25,1.0,5.06,,0.0,0
2026-10-02 00:56:43Z,PIT,in,0.25,Q2 15:00,7.0,8228,Jaylen Warren,RB,13.6,7.5,10.7,18.2,18.47,17.7,0.0,1.0,18.2,,0.0,0
2026-10-02 00:56:43Z,CLE,in,0.25,Q2 15:00,-7.0,12503,Isaiah Bond,WR,1.6,1.2,1.41,2.61,2.55,2.4,0.229,1.0,2.61,,0.0,0
2026-10-02 00:56:43Z,PIT,in,0.25,Q2 15:00,7.0,13274,Germie Bernard,WR,4.5,0.0,2.92,2.92,3.16,3.38,0.25,1.0,2.92,,0.0,0
2026-10-02 00:56:43Z,CLE,in,0.25,Q2 15:00,-7.0,12506,Harold Fannin,TE,10.6,0.0,8.42,8.42,7.45,7.95,0.25,1.0,8.42,,0.0,0
2026-10-02 00:56:43Z,CLE,in,0.25,Q2 15:00,-7.0,13346,Denzel Boston,WR,9.4,1.5,7.64,9.14,8.39,8.55,0.239,1.0,9.14,,0.0,0
2026-10-02 00:56:43Z,CLE,in,0.25,Q2 15:00,-7.0,4017,Deshaun Watson,QB,14.0,1.12,11.8,12.92,11.17,11.62,0.039,1.0,12.92,,0.0,0
2026-10-02 00:56:43Z,PIT,in,0.25,Q2 15:00,7.0,13289,Drew Allar,QB,0.5,0.0,0.31,0.31,0.35,0.38,0.25,0.3,0.09,,0.0,0
2026-10-02 00:56:43Z,CLE,in,0.25,Q2 15:00,-7.0,13298,KC Concepcion,WR,9.9,3.1,8.23,11.33,10.64,10.53,0.039,1.0,11.33,,0.0,0
2026-10-02 00:56:43Z,PIT,in,0.25,Q2 15:00,7.0,6819,Michael Pittman,WR,9.7,1.9,6.52,8.42,9.08,9.17,0.097,1.0,8.42,,0.0,0
2026-10-02 00:56:43Z,PIT,in,0.25,Q2 15:00,7.0,5846,DK Metcalf,WR,11.2,4.2,7.77,11.97,12.86,12.6,0.128,1.0,11.97,,0.0,0
2026-10-02 00:57:43Z,CLE,in,0.264,Q2 14:11,-7.0,6783,Jerry Jeudy,WR,4.8,0.0,3.74,3.74,3.3,3.53,0.264,1.0,3.74,,0.0,0
2026-10-02 00:57:43Z,PIT,in,0.264,Q2 14:11,7.0,PIT,Pittsburgh Steelers D/ST,DST,8.1,10.0,-1.41,8.59,17.41,15.96,0.254,1.0,8.59,,0.0,0
2026-10-02 00:57:43Z,PIT,in,0.264,Q2 14:11,7.0,96,Aaron Rodgers,QB,15.4,5.76,10.9,16.66,17.41,17.1,0.0,1.0,16.66,,0.0,0
2026-10-02 00:57:43Z,CLE,in,0.264,Q2 14:11,-7.0,11261,Andre Szmyt,K,6.9,0.0,4.75,4.75,4.75,5.08,0.264,1.0,4.75,,0.0,0
2026-10-02 00:57:43Z,PIT,in,0.264,Q2 14:11,7.0,7021,Rico Dowdle,RB,8.4,0.0,5.27,5.27,5.78,6.19,0.264,1.0,5.27,,0.0,0
2026-10-02 00:57:43Z,PIT,in,0.264,Q2 14:11,7.0,11630,Roman Wilson,WR,5.7,8.2,4.58,12.78,13.63,12.4,0.063,1.0,12.78,,0.0,0
2026-10-02 00:57:43Z,CLE,in,0.264,Q2 14:11,-7.0,12523,Jimmy Horn,WR,1.5,0.0,1.17,1.17,1.03,1.1,0.264,1.0,1.17,,0.0,0
2026-10-02 00:57:43Z,CLE,in,0.264,Q2 14:11,-7.0,11617,Malachi Corley,WR,0.5,0.0,0.39,0.39,0.34,0.37,0.264,1.0,0.39,,0.0,0
2026-10-02 00:57:43Z,PIT,in,0.264,Q2 14:11,7.0,9479,Darnell Washington,TE,4.9,1.6,3.31,4.91,5.27,5.21,0.193,1.0,4.91,,0.0,0
2026-10-02 00:57:43Z,CLE,in,0.264,Q2 14:11,-7.0,CLE,Cleveland Browns D/ST,DST,7.0,7.0,-1.03,5.97,13.1,12.15,0.0,1.0,5.97,,0.0,0
2026-10-02 00:57:43Z,PIT,in,0.264,Q2 14:11,7.0,1945,Chris Boswell,K,8.1,1.0,5.76,6.76,6.76,6.96,0.063,1.0,6.76,,0.0,0
2026-10-02 00:57:43Z,CLE,in,0.264,Q2 14:11,-7.0,12512,Quinshon Judkins,RB,11.8,0.4,8.27,8.67,8.59,9.09,0.04,1.0,8.67,,0.0,0
2026-10-02 00:57:43Z,PIT,in,0.264,Q2 14:11,7.0,7600,Pat Freiermuth,TE,7.8,0.0,4.98,4.98,5.37,5.74,0.264,1.0,4.98,,0.0,0
2026-10-02 00:57:43Z,PIT,in,0.264,Q2 14:11,7.0,8228,Jaylen Warren,RB,13.6,7.5,10.48,17.98,18.24,17.51,0.014,1.0,17.98,,0.0,0
2026-10-02 00:57:43Z,CLE,in,0.264,Q2 14:11,-7.0,12503,Isaiah Bond,WR,1.6,1.2,1.38,2.58,2.52,2.38,0.243,1.0,2.58,,0.0,0
2026-10-02 00:57:43Z,PIT,in,0.264,Q2 14:11,7.0,13274,Germie Bernard,WR,4.5,0.0,2.87,2.87,3.1,3.31,0.264,1.0,2.87,,0.0,0
2026-10-02 00:57:43Z,CLE,in,0.264,Q2 14:11,-7.0,12506,Harold Fannin,TE,10.6,0.0,8.26,8.26,7.29,7.81,0.264,1.0,8.26,,0.0,0
2026-10-02 00:57:43Z,CLE,in,0.264,Q2 14:11,-7.0,13346,Denzel Boston,WR,9.4,1.5,7.49,8.99,8.24,8.42,0.253,1.0,8.99,,0.0,0
2026-10-02 00:57:43Z,CLE,in,0.264,Q2 14:11,-7.0,4017,Deshaun Watson,QB,14.0,1.12,11.57,12.69,10.96,11.43,0.053,1.0,12.69,,0.0,0
2026-10-02 00:57:43Z,PIT,in,0.264,Q2 14:11,7.0,13289,Drew Allar,QB,0.5,0.0,0.31,0.31,0.34,0.37,0.264,0.3,0.09,,0.0,0
2026-10-02 00:57:43Z,CLE,in,0.264,Q2 14:11,-7.0,13298,KC Concepcion,WR,9.9,3.1,8.07,11.17,10.48,10.39,0.053,1.0,11.17,,0.0,0
2026-10-02 00:57:43Z,PIT,in,0.264,Q2 14:11,7.0,6819,Michael Pittman,WR,9.7,1.9,6.41,8.31,8.92,9.04,0.11,1.0,8.31,,0.0,0
2026-10-02 00:57:43Z,PIT,in,0.264,Q2 14:11,7.0,5846,DK Metcalf,WR,11.2,4.2,7.63,11.83,12.68,12.45,0.142,1.0,11.83,,0.0,0
2026-10-02 00:58:44Z,CLE,in,0.273,Q2 13:36,-7.0,6783,Jerry Jeudy,WR,4.8,0.0,3.69,3.69,3.25,3.49,0.273,1.0,3.69,,0.0,0
2026-10-02 00:58:44Z,PIT,in,0.273,Q2 13:36,7.0,PIT,Pittsburgh Steelers D/ST,DST,8.1,10.0,-1.38,8.62,17.3,15.89,0.263,1.0,8.62,,0.0,0
2026-10-02 00:58:44Z,PIT,in,0.273,Q2 13:36,7.0,96,Aaron Rodgers,QB,15.4,5.76,10.74,16.5,17.23,16.95,0.01,1.0,16.5,,0.0,0
2026-10-02 00:58:44Z,CLE,in,0.273,Q2 13:36,-7.0,11261,Andre Szmyt,K,6.9,0.0,4.67,4.67,4.67,5.01,0.273,1.0,4.67,,0.0,0
2026-10-02 00:58:44Z,PIT,in,0.273,Q2 13:36,7.0,7021,Rico Dowdle,RB,8.4,0.0,5.18,5.18,5.69,6.1,0.273,1.0,5.18,,0.0,0
2026-10-02 00:58:44Z,PIT,in,0.273,Q2 13:36,7.0,11630,Roman Wilson,WR,5.7,8.2,4.52,12.72,13.55,12.34,0.073,1.0,12.72,,0.0,0
2026-10-02 00:58:44Z,CLE,in,0.273,Q2 13:36,-7.0,12523,Jimmy Horn,WR,1.5,0.0,1.15,1.15,1.02,1.09,0.273,1.0,1.15,,0.0,0
2026-10-02 00:58:44Z,CLE,in,0.273,Q2 13:36,-7.0,11617,Malachi Corley,WR,0.5,0.0,0.38,0.38,0.34,0.36,0.273,1.0,0.38,,0.0,0
2026-10-02 00:58:44Z,PIT,in,0.273,Q2 13:36,7.0,9479,Darnell Washington,TE,4.9,1.6,3.27,4.87,5.21,5.16,0.202,1.0,4.87,,0.0,0
2026-10-02 00:58:44Z,CLE,in,0.273,Q2 13:36,-7.0,CLE,Cleveland Browns D/ST,DST,7.0,7.0,-1.0,6.0,13.01,12.09,0.01,1.0,6.0,,0.0,0
2026-10-02 00:58:44Z,PIT,in,0.273,Q2 13:36,7.0,1945,Chris Boswell,K,8.1,1.0,5.67,6.67,6.67,6.89,0.073,1.0,6.67,,0.0,0
2026-10-02 00:58:44Z,CLE,in,0.273,Q2 13:36,-7.0,12512,Quinshon Judkins,RB,11.8,0.7,8.21,8.91,8.82,9.27,0.0,1.0,8.91,,0.0,0
2026-10-02 00:58:44Z,PIT,in,0.273,Q2 13:36,7.0,7600,Pat Freiermuth,TE,7.8,0.0,4.92,4.92,5.28,5.67,0.273,1.0,4.92,,0.0,0
2026-10-02 00:58:44Z,PIT,in,0.273,Q2 13:36,7.0,8228,Jaylen Warren,RB,13.6,7.5,10.33,17.83,18.07,17.38,0.023,1.0,17.83,,0.0,0
2026-10-02 00:58:44Z,CLE,in,0.273,Q2 13:36,-7.0,12503,Isaiah Bond,WR,1.6,1.2,1.36,2.56,2.5,2.36,0.252,1.0,2.56,,0.0,0
2026-10-02 00:58:44Z,PIT,in,0.273,Q2 13:36,7.0,13274,Germie Bernard,WR,4.5,0.0,2.84,2.84,3.05,3.27,0.273,1.0,2.84,,0.0,0
2026-10-02 00:58:44Z,CLE,in,0.273,Q2 13:36,-7.0,12506,Harold Fannin,TE,10.6,2.2,8.39,10.59,9.78,9.9,0.0,1.0,10.59,,0.0,0
2026-10-02 00:58:44Z,CLE,in,0.273,Q2 13:36,-7.0,13346,Denzel Boston,WR,9.4,1.5,7.39,8.89,8.14,8.33,0.262,1.0,8.89,,0.0,0
2026-10-02 00:58:44Z,CLE,in,0.273,Q2 13:36,-7.0,4017,Deshaun Watson,QB,14.0,1.6,11.53,13.13,11.37,11.77,0.0,1.0,13.13,,0.0,0
2026-10-02 00:58:44Z,PIT,in,0.273,Q2 13:36,7.0,13289,Drew Allar,QB,0.5,0.0,0.3,0.3,0.34,0.36,0.273,0.3,0.09,,0.0,0
2026-10-02 00:58:44Z,CLE,in,0.273,Q2 13:36,-7.0,13298,KC Concepcion,WR,9.9,3.1,7.95,11.05,10.37,10.29,0.062,1.0,11.05,,0.0,0
2026-10-02 00:58:44Z,PIT,in,0.273,Q2 13:36,7.0,6819,Michael Pittman,WR,9.7,1.9,6.33,8.23,8.81,8.95,0.12,1.0,8.23,,0.0,0
2026-10-02 00:58:44Z,PIT,in,0.273,Q2 13:36,7.0,5846,DK Metcalf,WR,11.2,4.2,7.54,11.74,12.55,12.34,0.151,1.0,11.74,,0.0,0
2026-10-02 00:59:44Z,CLE,in,0.281,Q2 13:07,-7.0,6783,Jerry Jeudy,WR,4.8,0.0,3.64,3.64,3.21,3.45,0.281,1.0,3.64,,0.0,0
2026-10-02 00:59:44Z,PIT,in,0.281,Q2 13:07,7.0,PIT,Pittsburgh Steelers D/ST,DST,8.1,10.0,-1.36,8.64,17.21,15.82,0.271,1.0,8.64,,0.0,0
2026-10-02 00:59:44Z,PIT,in,0.281,Q2 13:07,7.0,96,Aaron Rodgers,QB,15.4,5.76,10.61,16.37,17.08,16.83,0.018,1.0,16.37,,0.0,0
2026-10-02 00:59:44Z,CLE,in,0.281,Q2 13:07,-7.0,11261,Andre Szmyt,K,6.9,0.0,4.61,4.61,4.61,4.96,0.281,1.0,4.61,,0.0,0
2026-10-02 00:59:44Z,PIT,in,0.281,Q2 13:07,7.0,7021,Rico Dowdle,RB,8.4,0.0,5.11,5.11,5.61,6.04,0.281,1.0,5.11,,0.0,0
2026-10-02 00:59:44Z,PIT,in,0.281,Q2 13:07,7.0,11630,Roman Wilson,WR,5.7,8.2,4.47,12.67,13.48,12.3,0.081,1.0,12.67,,0.0,0
2026-10-02 00:59:44Z,CLE,in,0.281,Q2 13:07,-7.0,12523,Jimmy Horn,WR,1.5,0.0,1.14,1.14,1.0,1.08,0.281,1.0,1.14,,0.0,0
2026-10-02 00:59:44Z,CLE,in,0.281,Q2 13:07,-7.0,11617,Malachi Corley,WR,0.5,0.0,0.38,0.38,0.33,0.36,0.281,1.0,0.38,,0.0,0
2026-10-02 00:59:44Z,PIT,in,0.281,Q2 13:07,7.0,9479,Darnell Washington,TE,4.9,1.6,3.24,4.84,5.16,5.12,0.211,1.0,4.84,,0.0,0
2026-10-02 00:59:44Z,CLE,in,0.281,Q2 13:07,-7.0,CLE,Cleveland Browns D/ST,DST,7.0,7.0,-0.98,6.02,12.93,12.03,0.018,1.0,6.02,,0.0,0
2026-10-02 00:59:44Z,PIT,in,0.281,Q2 13:07,7.0,1945,Chris Boswell,K,8.1,1.0,5.59,6.59,6.59,6.82,0.081,1.0,6.59,,0.0,0
2026-10-02 00:59:44Z,CLE,in,0.281,Q2 13:07,-7.0,12512,Quinshon Judkins,RB,11.8,2.9,8.66,11.56,11.3,11.38,0.0,1.0,11.56,,0.0,0
2026-10-02 00:59:44Z,PIT,in,0.281,Q2 13:07,7.0,7600,Pat Freiermuth,TE,7.8,0.0,4.87,4.87,5.21,5.61,0.281,1.0,4.87,,0.0,0
2026-10-02 00:59:44Z,PIT,in,0.281,Q2 13:07,7.0,8228,Jaylen Warren,RB,13.6,7.5,10.2,17.7,17.93,17.27,0.031,1.0,17.7,,0.0,0
2026-10-02 00:59:44Z,CLE,in,0.281,Q2 13:07,-7.0,12503,Isaiah Bond,WR,1.6,1.2,1.35,2.55,2.48,2.35,0.26,1.0,2.55,,0.0,0
2026-10-02 00:59:44Z,PIT,in,0.281,Q2 13:07,7.0,13274,Germie Bernard,WR,4.5,0.0,2.81,2.81,3.01,3.23,0.281,1.0,2.81,,0.0,0
2026-10-02 00:59:44Z,CLE,in,0.281,Q2 13:07,-7.0,12506,Harold Fannin,TE,10.6,2.3,8.3,10.6,9.79,9.92,0.0,1.0,10.6,,0.0,0
2026-10-02 00:59:44Z,CLE,in,0.281,Q2 13:07,-7.0,13346,Denzel Boston,WR,9.4,1.5,7.3,8.8,8.05,8.25,0.271,1.0,8.8,,0.0,0
2026-10-02 00:59:44Z,CLE,in,0.281,Q2 13:07,-7.0,4017,Deshaun Watson,QB,14.0,2.12,11.53,13.65,11.85,12.18,0.0,1.0,13.65,,0.0,0
2026-10-02 00:59:44Z,PIT,in,0.281,Q2 13:07,7.0,13289,Drew Allar,QB,0.5,0.0,0.3,0.3,0.33,0.36,0.281,0.3,0.09,,0.0,0
2026-10-02 00:59:44Z,CLE,in,0.281,Q2 13:07,-7.0,13298,KC Concepcion,WR,9.9,3.1,7.86,10.96,10.27,10.21,0.071,1.0,10.96,,0.0,0
2026-10-02 00:59:44Z,PIT,in,0.281,Q2 13:07,7.0,6819,Michael Pittman,WR,9.7,1.9,6.27,8.17,8.72,8.87,0.128,1.0,8.17,,0.0,0
2026-10-02 00:59:44Z,PIT,in,0.281,Q2 13:07,7.0,5846,DK Metcalf,WR,11.2,4.2,7.46,11.66,12.44,12.25,0.159,1.0,11.66,,0.0,0
2026-10-02 01:00:45Z,CLE,in,0.296,Q2 12:14,0.0,6783,Jerry Jeudy,WR,4.8,0.0,3.25,3.25,3.13,3.38,0.296,1.0,3.25,,0.0,0
2026-10-02 01:00:45Z,PIT,in,0.296,Q2 12:14,0.0,PIT,Pittsburgh Steelers D/ST,DST,8.1,7.0,-0.34,6.66,13.51,12.7,0.0,1.0,6.66,,0.0,0
2026-10-02 01:00:45Z,PIT,in,0.296,Q2 12:14,0.0,96,Aaron Rodgers,QB,15.4,5.76,11.84,17.6,16.81,16.6,0.032,1.0,17.6,,0.0,0
2026-10-02 01:00:45Z,CLE,in,0.296,Q2 12:14,0.0,11261,Andre Szmyt,K,6.9,0.0,4.5,4.5,4.5,4.86,0.296,1.0,4.5,,0.0,0
2026-10-02 01:00:45Z,PIT,in,0.296,Q2 12:14,0.0,7021,Rico Dowdle,RB,8.4,0.0,5.24,5.24,5.47,5.91,0.296,1.0,5.24,,0.0,0
2026-10-02 01:00:45Z,PIT,in,0.296,Q2 12:14,0.0,11630,Roman Wilson,WR,5.7,8.2,4.75,12.95,13.36,12.21,0.096,1.0,12.95,,0.0,0
2026-10-02 01:00:45Z,CLE,in,0.296,Q2 12:14,0.0,12523,Jimmy Horn,WR,1.5,0.0,1.02,1.02,0.98,1.06,0.296,1.0,1.02,,0.0,0
2026-10-02 01:00:45Z,CLE,in,0.296,Q2 12:14,0.0,11617,Malachi Corley,WR,0.5,0.0,0.34,0.34,0.33,0.35,0.296,1.0,0.34,,0.0,0
2026-10-02 01:00:45Z,PIT,in,0.296,Q2 12:14,0.0,9479,Darnell Washington,TE,4.9,1.6,3.49,5.09,5.08,5.05,0.225,1.0,5.09,,0.0,0
2026-10-02 01:00:45Z,CLE,in,0.296,Q2 12:14,0.0,CLE,Cleveland Browns D/ST,DST,7.0,7.0,-0.57,6.43,12.79,11.93,0.032,1.0,6.43,,0.0,0
2026-10-02 01:00:45Z,PIT,in,0.296,Q2 12:14,0.0,1945,Chris Boswell,K,8.1,1.0,5.46,6.46,6.46,6.7,0.096,1.0,6.46,,0.0,0
2026-10-02 01:00:45Z,CLE,in,0.296,Q2 12:14,0.0,12512,Quinshon Judkins,RB,11.8,2.9,8.09,10.99,11.1,11.21,0.015,1.0,10.99,,0.0,0
2026-10-02 01:00:45Z,PIT,in,0.296,Q2 12:14,0.0,7600,Pat Freiermuth,TE,7.8,0.0,5.29,5.29,5.08,5.49,0.296,1.0,5.29,,0.0,0
2026-10-02 01:00:45Z,PIT,in,0.296,Q2 12:14,0.0,8228,Jaylen Warren,RB,13.6,7.5,10.38,17.88,17.68,17.07,0.046,1.0,17.88,,0.0,0
2026-10-02 01:00:45Z,CLE,in,0.296,Q2 12:14,0.0,12503,Isaiah Bond,WR,1.6,1.2,1.21,2.41,2.45,2.33,0.275,1.0,2.41,,0.0,0
2026-10-02 01:00:45Z,PIT,in,0.296,Q2 12:14,0.0,13274,Germie Bernard,WR,4.5,0.0,3.05,3.05,2.93,3.17,0.296,1.0,3.05,,0.0,0
2026-10-02 01:00:45Z,CLE,in,0.296,Q2 12:14,0.0,12506,Harold Fannin,TE,10.6,2.3,7.43,9.73,9.61,9.76,0.015,1.0,9.73,,0.0,0
2026-10-02 01:00:45Z,CLE,in,0.296,Q2 12:14,0.0,13346,Denzel Boston,WR,9.4,1.5,6.53,8.03,7.89,8.12,0.285,1.0,8.03,,0.0,0
2026-10-02 01:00:45Z,CLE,in,0.296,Q2 12:14,0.0,4017,Deshaun Watson,QB,14.0,2.12,9.94,12.06,11.62,11.97,0.015,1.0,12.06,,0.0,0
2026-10-02 01:00:45Z,PIT,in,0.296,Q2 12:14,0.0,13289,Drew Allar,QB,0.5,0.0,0.34,0.34,0.33,0.35,0.296,0.3,0.1,,0.0,0
2026-10-02 01:00:45Z,CLE,in,0.296,Q2 12:14,0.0,13298,KC Concepcion,WR,9.9,3.1,7.05,10.15,10.1,10.07,0.085,1.0,10.15,,0.0,0
2026-10-02 01:00:45Z,PIT,in,0.296,Q2 12:14,0.0,6819,Michael Pittman,WR,9.7,1.9,6.78,8.68,8.56,8.73,0.143,1.0,8.68,,0.0,0
2026-10-02 01:00:45Z,PIT,in,0.296,Q2 12:14,0.0,5846,DK Metcalf,WR,11.2,4.2,8.05,12.25,12.24,12.08,0.174,1.0,12.25,,0.0,0
2026-10-02 01:01:45Z,CLE,in,0.296,Q2 12:14,0.0,6783,Jerry Jeudy,WR,4.8,0.0,3.25,3.25,3.13,3.38,0.296,1.0,3.25,,0.0,0
2026-10-02 01:01:45Z,PIT,in,0.296,Q2 12:14,0.0,PIT,Pittsburgh Steelers D/ST,DST,8.1,4.0,0.7,4.7,9.98,9.7,0.0,1.0,4.7,,0.0,0
2026-10-02 01:01:45Z,PIT,in,0.296,Q2 12:14,0.0,96,Aaron Rodgers,QB,15.4,5.76,11.84,17.6,16.81,16.6,0.032,1.0,17.6,,0.0,0
2026-10-02 01:01:45Z,CLE,in,0.296,Q2 12:14,0.0,11261,Andre Szmyt,K,6.9,1.0,4.67,5.67,5.67,5.86,0.0,1.0,5.67,,0.0,0
2026-10-02 01:01:45Z,PIT,in,0.296,Q2 12:14,0.0,7021,Rico Dowdle,RB,8.4,0.0,5.24,5.24,5.47,5.91,0.296,1.0,5.24,,0.0,0
2026-10-02 01:01:45Z,PIT,in,0.296,Q2 12:14,0.0,11630,Roman Wilson,WR,5.7,8.2,4.75,12.95,13.36,12.21,0.096,1.0,12.95,,0.0,0
2026-10-02 01:01:45Z,CLE,in,0.296,Q2 12:14,0.0,12523,Jimmy Horn,WR,1.5,0.0,1.02,1.02,0.98,1.06,0.296,1.0,1.02,,0.0,0
2026-10-02 01:01:45Z,CLE,in,0.296,Q2 12:14,0.0,11617,Malachi Corley,WR,0.5,0.0,0.34,0.34,0.33,0.35,0.296,1.0,0.34,,0.0,0
2026-10-02 01:01:45Z,PIT,in,0.296,Q2 12:14,0.0,9479,Darnell Washington,TE,4.9,1.6,3.49,5.09,5.08,5.05,0.225,1.0,5.09,,0.0,0
2026-10-02 01:01:45Z,CLE,in,0.296,Q2 12:14,0.0,CLE,Cleveland Browns D/ST,DST,7.0,7.0,-0.57,6.43,12.79,11.93,0.032,1.0,6.43,,0.0,0
2026-10-02 01:01:45Z,PIT,in,0.296,Q2 12:14,0.0,1945,Chris Boswell,K,8.1,1.0,5.46,6.46,6.46,6.7,0.096,1.0,6.46,,0.0,0
2026-10-02 01:01:45Z,CLE,in,0.296,Q2 12:14,0.0,12512,Quinshon Judkins,RB,11.8,2.9,8.09,10.99,11.1,11.21,0.015,1.0,10.99,,0.0,0
2026-10-02 01:01:45Z,PIT,in,0.296,Q2 12:14,0.0,7600,Pat Freiermuth,TE,7.8,0.0,5.29,5.29,5.08,5.49,0.296,1.0,5.29,,0.0,0
2026-10-02 01:01:45Z,PIT,in,0.296,Q2 12:14,0.0,8228,Jaylen Warren,RB,13.6,7.5,10.38,17.88,17.68,17.07,0.046,1.0,17.88,,0.0,0
2026-10-02 01:01:45Z,CLE,in,0.296,Q2 12:14,0.0,12503,Isaiah Bond,WR,1.6,1.2,1.21,2.41,2.45,2.33,0.275,1.0,2.41,,0.0,0
2026-10-02 01:01:45Z,PIT,in,0.296,Q2 12:14,0.0,13274,Germie Bernard,WR,4.5,0.0,3.05,3.05,2.93,3.17,0.296,1.0,3.05,,0.0,0
2026-10-02 01:01:45Z,CLE,in,0.296,Q2 12:14,0.0,12506,Harold Fannin,TE,10.6,2.3,7.43,9.73,9.61,9.76,0.015,1.0,9.73,,0.0,0
2026-10-02 01:01:45Z,CLE,in,0.296,Q2 12:14,0.0,13346,Denzel Boston,WR,9.4,1.5,6.53,8.03,7.89,8.12,0.285,1.0,8.03,,0.0,0
2026-10-02 01:01:45Z,CLE,in,0.296,Q2 12:14,0.0,4017,Deshaun Watson,QB,14.0,2.12,9.94,12.06,11.62,11.97,0.015,1.0,12.06,,0.0,0
2026-10-02 01:01:45Z,PIT,in,0.296,Q2 12:14,0.0,13289,Drew Allar,QB,0.5,0.0,0.34,0.34,0.33,0.35,0.296,0.3,0.1,,0.0,0
2026-10-02 01:01:45Z,CLE,in,0.296,Q2 12:14,0.0,13298,KC Concepcion,WR,9.9,3.1,7.05,10.15,10.1,10.07,0.085,1.0,10.15,,0.0,0
2026-10-02 01:01:45Z,PIT,in,0.296,Q2 12:14,0.0,6819,Michael Pittman,WR,9.7,1.9,6.78,8.68,8.56,8.73,0.143,1.0,8.68,,0.0,0
2026-10-02 01:01:45Z,PIT,in,0.296,Q2 12:14,0.0,5846,DK Metcalf,WR,11.2,4.2,8.05,12.25,12.24,12.08,0.174,1.0,12.25,,0.0,0
2026-10-02 01:02:45Z,CLE,in,0.296,Q2 12:14,0.0,6783,Jerry Jeudy,WR,4.8,0.0,3.25,3.25,3.13,3.38,0.296,1.0,3.25,,0.0,0
2026-10-02 01:02:45Z,PIT,in,0.296,Q2 12:14,0.0,PIT,Pittsburgh Steelers D/ST,DST,8.1,4.0,0.7,4.7,9.98,9.7,0.0,1.0,4.7,,0.0,0
2026-10-02 01:02:45Z,PIT,in,0.296,Q2 12:14,0.0,96,Aaron Rodgers,QB,15.4,5.76,11.84,17.6,16.81,16.6,0.032,1.0,17.6,,0.0,0
2026-10-02 01:02:45Z,CLE,in,0.296,Q2 12:14,0.0,11261,Andre Szmyt,K,6.9,1.0,4.67,5.67,5.67,5.86,0.0,1.0,5.67,,0.0,0
2026-10-02 01:02:45Z,PIT,in,0.296,Q2 12:14,0.0,7021,Rico Dowdle,RB,8.4,0.0,5.24,5.24,5.47,5.91,0.296,1.0,5.24,,0.0,0
2026-10-02 01:02:45Z,PIT,in,0.296,Q2 12:14,0.0,11630,Roman Wilson,WR,5.7,8.2,4.75,12.95,13.36,12.21,0.096,1.0,12.95,,0.0,0
2026-10-02 01:02:45Z,CLE,in,0.296,Q2 12:14,0.0,12523,Jimmy Horn,WR,1.5,0.0,1.02,1.02,0.98,1.06,0.296,1.0,1.02,,0.0,0
2026-10-02 01:02:45Z,CLE,in,0.296,Q2 12:14,0.0,11617,Malachi Corley,WR,0.5,0.0,0.34,0.34,0.33,0.35,0.296,1.0,0.34,,0.0,0
2026-10-02 01:02:45Z,PIT,in,0.296,Q2 12:14,0.0,9479,Darnell Washington,TE,4.9,1.6,3.49,5.09,5.08,5.05,0.225,1.0,5.09,,0.0,0
2026-10-02 01:02:45Z,CLE,in,0.296,Q2 12:14,0.0,CLE,Cleveland Browns D/ST,DST,7.0,7.0,-0.57,6.43,12.79,11.93,0.032,1.0,6.43,,0.0,0
2026-10-02 01:02:45Z,PIT,in,0.296,Q2 12:14,0.0,1945,Chris Boswell,K,8.1,1.0,5.46,6.46,6.46,6.7,0.096,1.0,6.46,,0.0,0
2026-10-02 01:02:45Z,CLE,in,0.296,Q2 12:14,0.0,12512,Quinshon Judkins,RB,11.8,2.9,8.09,10.99,11.1,11.21,0.015,1.0,10.99,,0.0,0
2026-10-02 01:02:45Z,PIT,in,0.296,Q2 12:14,0.0,7600,Pat Freiermuth,TE,7.8,0.0,5.29,5.29,5.08,5.49,0.296,1.0,5.29,,0.0,0
2026-10-02 01:02:45Z,PIT,in,0.296,Q2 12:14,0.0,8228,Jaylen Warren,RB,13.6,7.5,10.38,17.88,17.68,17.07,0.046,1.0,17.88,,0.0,0
2026-10-02 01:02:45Z,CLE,in,0.296,Q2 12:14,0.0,12503,Isaiah Bond,WR,1.6,1.2,1.21,2.41,2.45,2.33,0.275,1.0,2.41,,0.0,0
2026-10-02 01:02:45Z,PIT,in,0.296,Q2 12:14,0.0,13274,Germie Bernard,WR,4.5,0.0,3.05,3.05,2.93,3.17,0.296,1.0,3.05,,0.0,0
2026-10-02 01:02:45Z,CLE,in,0.296,Q2 12:14,0.0,12506,Harold Fannin,TE,10.6,2.3,7.43,9.73,9.61,9.76,0.015,1.0,9.73,,0.0,0
2026-10-02 01:02:45Z,CLE,in,0.296,Q2 12:14,0.0,13346,Denzel Boston,WR,9.4,1.5,6.53,8.03,7.89,8.12,0.285,1.0,8.03,,0.0,0
2026-10-02 01:02:45Z,CLE,in,0.296,Q2 12:14,0.0,4017,Deshaun Watson,QB,14.0,2.12,9.94,12.06,11.62,11.97,0.015,1.0,12.06,,0.0,0
2026-10-02 01:02:45Z,PIT,in,0.296,Q2 12:14,0.0,13289,Drew Allar,QB,0.5,0.0,0.34,0.34,0.33,0.35,0.296,0.3,0.1,,0.0,0
2026-10-02 01:02:45Z,CLE,in,0.296,Q2 12:14,0.0,13298,KC Concepcion,WR,9.9,3.1,7.05,10.15,10.1,10.07,0.085,1.0,10.15,,0.0,0
2026-10-02 01:02:45Z,PIT,in,0.296,Q2 12:14,0.0,6819,Michael Pittman,WR,9.7,1.9,6.78,8.68,8.56,8.73,0.143,1.0,8.68,,0.0,0
2026-10-02 01:02:45Z,PIT,in,0.296,Q2 12:14,0.0,5846,DK Metcalf,WR,11.2,4.2,8.05,12.25,12.24,12.08,0.174,1.0,12.25,,0.0,0
2026-10-02 01:03:46Z,CLE,in,0.296,Q2 12:14,0.0,6783,Jerry Jeudy,WR,4.8,0.0,3.25,3.25,3.13,3.38,0.296,1.0,3.25,,0.0,0
2026-10-02 01:03:46Z,PIT,in,0.296,Q2 12:14,0.0,PIT,Pittsburgh Steelers D/ST,DST,8.1,4.0,0.7,4.7,9.98,9.7,0.0,1.0,4.7,,0.0,0
2026-10-02 01:03:46Z,PIT,in,0.296,Q2 12:14,0.0,96,Aaron Rodgers,QB,15.4,5.76,11.84,17.6,16.81,16.6,0.032,1.0,17.6,,0.0,0
2026-10-02 01:03:46Z,CLE,in,0.296,Q2 12:14,0.0,11261,Andre Szmyt,K,6.9,1.0,4.67,5.67,5.67,5.86,0.0,1.0,5.67,,0.0,0
2026-10-02 01:03:46Z,PIT,in,0.296,Q2 12:14,0.0,7021,Rico Dowdle,RB,8.4,0.0,5.24,5.24,5.47,5.91,0.296,1.0,5.24,,0.0,0
2026-10-02 01:03:46Z,PIT,in,0.296,Q2 12:14,0.0,11630,Roman Wilson,WR,5.7,8.2,4.75,12.95,13.36,12.21,0.096,1.0,12.95,,0.0,0
2026-10-02 01:03:46Z,CLE,in,0.296,Q2 12:14,0.0,12523,Jimmy Horn,WR,1.5,0.0,1.02,1.02,0.98,1.06,0.296,1.0,1.02,,0.0,0
2026-10-02 01:03:46Z,CLE,in,0.296,Q2 12:14,0.0,11617,Malachi Corley,WR,0.5,0.0,0.34,0.34,0.33,0.35,0.296,1.0,0.34,,0.0,0
2026-10-02 01:03:46Z,PIT,in,0.296,Q2 12:14,0.0,9479,Darnell Washington,TE,4.9,1.6,3.49,5.09,5.08,5.05,0.225,1.0,5.09,,0.0,0
2026-10-02 01:03:46Z,CLE,in,0.296,Q2 12:14,0.0,CLE,Cleveland Browns D/ST,DST,7.0,7.0,-0.57,6.43,12.79,11.93,0.032,1.0,6.43,,0.0,0
2026-10-02 01:03:46Z,PIT,in,0.296,Q2 12:14,0.0,1945,Chris Boswell,K,8.1,1.0,5.46,6.46,6.46,6.7,0.096,1.0,6.46,,0.0,0
2026-10-02 01:03:46Z,CLE,in,0.296,Q2 12:14,0.0,12512,Quinshon Judkins,RB,11.8,2.9,8.09,10.99,11.1,11.21,0.015,1.0,10.99,,0.0,0
2026-10-02 01:03:46Z,PIT,in,0.296,Q2 12:14,0.0,7600,Pat Freiermuth,TE,7.8,0.0,5.29,5.29,5.08,5.49,0.296,1.0,5.29,,0.0,0
2026-10-02 01:03:46Z,PIT,in,0.296,Q2 12:14,0.0,8228,Jaylen Warren,RB,13.6,7.5,10.38,17.88,17.68,17.07,0.046,1.0,17.88,,0.0,0
2026-10-02 01:03:46Z,CLE,in,0.296,Q2 12:14,0.0,12503,Isaiah Bond,WR,1.6,1.2,1.21,2.41,2.45,2.33,0.275,1.0,2.41,,0.0,0
2026-10-02 01:03:46Z,PIT,in,0.296,Q2 12:14,0.0,13274,Germie Bernard,WR,4.5,0.0,3.05,3.05,2.93,3.17,0.296,1.0,3.05,,0.0,0
2026-10-02 01:03:46Z,CLE,in,0.296,Q2 12:14,0.0,12506,Harold Fannin,TE,10.6,2.3,7.43,9.73,9.61,9.76,0.015,1.0,9.73,,0.0,0
2026-10-02 01:03:46Z,CLE,in,0.296,Q2 12:14,0.0,13346,Denzel Boston,WR,9.4,1.5,6.53,8.03,7.89,8.12,0.285,1.0,8.03,,0.0,0
2026-10-02 01:03:46Z,CLE,in,0.296,Q2 12:14,0.0,4017,Deshaun Watson,QB,14.0,2.12,9.94,12.06,11.62,11.97,0.015,1.0,12.06,,0.0,0
2026-10-02 01:03:46Z,PIT,in,0.296,Q2 12:14,0.0,13289,Drew Allar,QB,0.5,0.0,0.34,0.34,0.33,0.35,0.296,0.3,0.1,,0.0,0
2026-10-02 01:03:46Z,CLE,in,0.296,Q2 12:14,0.0,13298,KC Concepcion,WR,9.9,3.1,7.05,10.15,10.1,10.07,0.085,1.0,10.15,,0.0,0
2026-10-02 01:03:46Z,PIT,in,0.296,Q2 12:14,0.0,6819,Michael Pittman,WR,9.7,1.9,6.78,8.68,8.56,8.73,0.143,1.0,8.68,,0.0,0
2026-10-02 01:03:46Z,PIT,in,0.296,Q2 12:14,0.0,5846,DK Metcalf,WR,11.2,4.2,8.05,12.25,12.24,12.08,0.174,1.0,12.25,,0.0,0
2026-10-02 01:04:46Z,CLE,in,0.296,Q2 12:14,0.0,6783,Jerry Jeudy,WR,4.8,0.0,3.25,3.25,3.13,3.38,0.296,1.0,3.25,,0.0,0
2026-10-02 01:04:46Z,PIT,in,0.296,Q2 12:14,0.0,PIT,Pittsburgh Steelers D/ST,DST,8.1,4.0,0.7,4.7,9.98,9.7,0.0,1.0,4.7,,0.0,0
2026-10-02 01:04:46Z,PIT,in,0.296,Q2 12:14,0.0,96,Aaron Rodgers,QB,15.4,5.76,11.84,17.6,16.81,16.6,0.032,1.0,17.6,,0.0,0
2026-10-02 01:04:46Z,CLE,in,0.296,Q2 12:14,0.0,11261,Andre Szmyt,K,6.9,1.0,4.67,5.67,5.67,5.86,0.0,1.0,5.67,,0.0,0
2026-10-02 01:04:46Z,PIT,in,0.296,Q2 12:14,0.0,7021,Rico Dowdle,RB,8.4,0.0,5.24,5.24,5.47,5.91,0.296,1.0,5.24,,0.0,0
2026-10-02 01:04:46Z,PIT,in,0.296,Q2 12:14,0.0,11630,Roman Wilson,WR,5.7,8.2,4.75,12.95,13.36,12.21,0.096,1.0,12.95,,0.0,0
2026-10-02 01:04:46Z,CLE,in,0.296,Q2 12:14,0.0,12523,Jimmy Horn,WR,1.5,0.0,1.02,1.02,0.98,1.06,0.296,1.0,1.02,,0.0,0
2026-10-02 01:04:46Z,CLE,in,0.296,Q2 12:14,0.0,11617,Malachi Corley,WR,0.5,0.0,0.34,0.34,0.33,0.35,0.296,1.0,0.34,,0.0,0
2026-10-02 01:04:46Z,PIT,in,0.296,Q2 12:14,0.0,9479,Darnell Washington,TE,4.9,1.6,3.49,5.09,5.08,5.05,0.225,1.0,5.09,,0.0,0
2026-10-02 01:04:46Z,CLE,in,0.296,Q2 12:14,0.0,CLE,Cleveland Browns D/ST,DST,7.0,7.0,-0.57,6.43,12.79,11.93,0.032,1.0,6.43,,0.0,0
2026-10-02 01:04:46Z,PIT,in,0.296,Q2 12:14,0.0,1945,Chris Boswell,K,8.1,1.0,5.46,6.46,6.46,6.7,0.096,1.0,6.46,,0.0,0
2026-10-02 01:04:46Z,CLE,in,0.296,Q2 12:14,0.0,12512,Quinshon Judkins,RB,11.8,2.9,8.09,10.99,11.1,11.21,0.015,1.0,10.99,,0.0,0
2026-10-02 01:04:46Z,PIT,in,0.296,Q2 12:14,0.0,7600,Pat Freiermuth,TE,7.8,0.0,5.29,5.29,5.08,5.49,0.296,1.0,5.29,,0.0,0
2026-10-02 01:04:46Z,PIT,in,0.296,Q2 12:14,0.0,8228,Jaylen Warren,RB,13.6,7.5,10.38,17.88,17.68,17.07,0.046,1.0,17.88,,0.0,0
2026-10-02 01:04:46Z,CLE,in,0.296,Q2 12:14,0.0,12503,Isaiah Bond,WR,1.6,1.2,1.21,2.41,2.45,2.33,0.275,1.0,2.41,,0.0,0
2026-10-02 01:04:46Z,PIT,in,0.296,Q2 12:14,0.0,13274,Germie Bernard,WR,4.5,0.0,3.05,3.05,2.93,3.17,0.296,1.0,3.05,,0.0,0
2026-10-02 01:04:46Z,CLE,in,0.296,Q2 12:14,0.0,12506,Harold Fannin,TE,10.6,2.3,7.43,9.73,9.61,9.76,0.015,1.0,9.73,,0.0,0
2026-10-02 01:04:46Z,CLE,in,0.296,Q2 12:14,0.0,13346,Denzel Boston,WR,9.4,1.5,6.53,8.03,7.89,8.12,0.285,1.0,8.03,,0.0,0
2026-10-02 01:04:46Z,CLE,in,0.296,Q2 12:14,0.0,4017,Deshaun Watson,QB,14.0,2.12,9.94,12.06,11.62,11.97,0.015,1.0,12.06,,0.0,0
2026-10-02 01:04:46Z,PIT,in,0.296,Q2 12:14,0.0,13289,Drew Allar,QB,0.5,0.0,0.34,0.34,0.33,0.35,0.296,0.3,0.1,,0.0,0
2026-10-02 01:04:46Z,CLE,in,0.296,Q2 12:14,0.0,13298,KC Concepcion,WR,9.9,3.1,7.05,10.15,10.1,10.07,0.085,1.0,10.15,,0.0,0
2026-10-02 01:04:46Z,PIT,in,0.296,Q2 12:14,0.0,6819,Michael Pittman,WR,9.7,1.9,6.78,8.68,8.56,8.73,0.143,1.0,8.68,,0.0,0
2026-10-02 01:04:46Z,PIT,in,0.296,Q2 12:14,0.0,5846,DK Metcalf,WR,11.2,4.2,8.05,12.25,12.24,12.08,0.174,1.0,12.25,,0.0,0
2026-10-02 01:05:46Z,CLE,in,0.307,Q2 11:34,0.0,6783,Jerry Jeudy,WR,4.8,0.0,3.2,3.2,3.07,3.33,0.307,1.0,3.2,,0.0,0
2026-10-02 01:05:46Z,PIT,in,0.307,Q2 11:34,0.0,PIT,Pittsburgh Steelers D/ST,DST,8.1,4.0,0.7,4.7,9.87,9.61,0.011,1.0,4.7,,0.0,0
2026-10-02 01:05:46Z,PIT,in,0.307,Q2 11:34,0.0,96,Aaron Rodgers,QB,15.4,5.96,11.69,17.65,16.84,16.63,0.0,1.0,17.65,,0.0,0
2026-10-02 01:05:46Z,CLE,in,0.307,Q2 11:34,0.0,11261,Andre Szmyt,K,6.9,1.0,4.59,5.59,5.59,5.78,0.011,1.0,5.59,,0.0,0
2026-10-02 01:05:46Z,PIT,in,0.307,Q2 11:34,0.0,7021,Rico Dowdle,RB,8.4,0.0,5.14,5.14,5.37,5.82,0.307,1.0,5.14,,0.0,0
2026-10-02 01:05:46Z,PIT,in,0.307,Q2 11:34,0.0,11630,Roman Wilson,WR,5.7,8.2,4.68,12.88,13.27,12.15,0.107,1.0,12.88,,0.0,0
2026-10-02 01:05:46Z,CLE,in,0.307,Q2 11:34,0.0,12523,Jimmy Horn,WR,1.5,0.0,1.0,1.0,0.96,1.04,0.307,1.0,1.0,,0.0,0
2026-10-02 01:05:46Z,CLE,in,0.307,Q2 11:34,0.0,11617,Malachi Corley,WR,0.5,0.0,0.33,0.33,0.32,0.35,0.307,1.0,0.33,,0.0,0
2026-10-02 01:05:46Z,PIT,in,0.307,Q2 11:34,0.0,9479,Darnell Washington,TE,4.9,2.6,3.55,6.15,6.18,5.99,0.0,1.0,6.15,,0.0,0
2026-10-02 01:05:46Z,CLE,in,0.307,Q2 11:34,0.0,CLE,Cleveland Browns D/ST,DST,7.0,7.0,-0.55,6.45,12.69,11.85,0.044,1.0,6.45,,0.0,0
2026-10-02 01:05:46Z,PIT,in,0.307,Q2 11:34,0.0,1945,Chris Boswell,K,8.1,1.0,5.35,6.35,6.35,6.61,0.107,1.0,6.35,,0.0,0
2026-10-02 01:05:46Z,CLE,in,0.307,Q2 11:34,0.0,12512,Quinshon Judkins,RB,11.8,2.9,7.95,10.85,10.95,11.07,0.026,1.0,10.85,,0.0,0
2026-10-02 01:05:46Z,PIT,in,0.307,Q2 11:34,0.0,7600,Pat Freiermuth,TE,7.8,1.5,5.37,6.87,6.75,6.9,0.0,1.0,6.87,,0.0,0
2026-10-02 01:05:46Z,PIT,in,0.307,Q2 11:34,0.0,8228,Jaylen Warren,RB,13.6,7.5,10.19,17.69,17.5,16.92,0.057,1.0,17.69,,0.0,0
2026-10-02 01:05:46Z,CLE,in,0.307,Q2 11:34,0.0,12503,Isaiah Bond,WR,1.6,1.2,1.2,2.4,2.43,2.31,0.286,1.0,2.4,,0.0,0
2026-10-02 01:05:46Z,PIT,in,0.307,Q2 11:34,0.0,13274,Germie Bernard,WR,4.5,0.0,3.0,3.0,2.88,3.12,0.307,1.0,3.0,,0.0,0
2026-10-02 01:05:46Z,CLE,in,0.307,Q2 11:34,0.0,12506,Harold Fannin,TE,10.6,2.3,7.32,9.62,9.48,9.64,0.026,1.0,9.62,,0.0,0
2026-10-02 01:05:46Z,CLE,in,0.307,Q2 11:34,0.0,13346,Denzel Boston,WR,9.4,1.5,6.43,7.93,7.77,8.01,0.296,1.0,7.93,,0.0,0
2026-10-02 01:05:46Z,CLE,in,0.307,Q2 11:34,0.0,4017,Deshaun Watson,QB,14.0,2.12,9.77,11.89,11.44,11.82,0.026,1.0,11.89,,0.0,0
2026-10-02 01:05:46Z,PIT,in,0.307,Q2 11:34,0.0,13289,Drew Allar,QB,0.5,0.0,0.33,0.33,0.32,0.35,0.307,0.3,0.1,,0.0,0
2026-10-02 01:05:46Z,CLE,in,0.307,Q2 11:34,0.0,13298,KC Concepcion,WR,9.9,3.1,6.94,10.04,9.97,9.96,0.096,1.0,10.04,,0.0,0
2026-10-02 01:05:46Z,PIT,in,0.307,Q2 11:34,0.0,6819,Michael Pittman,WR,9.7,1.9,6.68,8.58,8.43,8.62,0.154,1.0,8.58,,0.0,0
2026-10-02 01:05:46Z,PIT,in,0.307,Q2 11:34,0.0,5846,DK Metcalf,WR,11.2,4.2,7.92,12.12,12.09,11.96,0.185,1.0,12.12,,0.0,0
2026-10-02 01:06:47Z,CLE,in,0.319,Q2 10:50,0.0,6783,Jerry Jeudy,WR,4.8,0.0,3.15,3.15,3.01,3.27,0.319,1.0,3.15,,0.0,0
2026-10-02 01:06:47Z,PIT,in,0.319,Q2 10:50,0.0,PIT,Pittsburgh Steelers D/ST,DST,8.1,4.0,0.71,4.71,9.75,9.51,0.023,1.0,4.71,,0.0,0
2026-10-02 01:06:47Z,PIT,in,0.319,Q2 10:50,0.0,96,Aaron Rodgers,QB,15.4,5.96,11.45,17.41,16.62,16.44,0.012,1.0,17.41,,0.0,0
2026-10-02 01:06:47Z,CLE,in,0.319,Q2 10:50,0.0,11261,Andre Szmyt,K,6.9,1.0,4.49,5.49,5.49,5.7,0.023,1.0,5.49,,0.0,0
2026-10-02 01:06:47Z,PIT,in,0.319,Q2 10:50,0.0,7021,Rico Dowdle,RB,8.4,0.0,5.05,5.05,5.26,5.72,0.319,1.0,5.05,,0.0,0
2026-10-02 01:06:47Z,PIT,in,0.319,Q2 10:50,0.0,11630,Roman Wilson,WR,5.7,8.2,4.61,12.81,13.16,12.08,0.119,1.0,12.81,,0.0,0
2026-10-02 01:06:47Z,CLE,in,0.319,Q2 10:50,0.0,12523,Jimmy Horn,WR,1.5,0.0,0.98,0.98,0.94,1.02,0.319,1.0,0.98,,0.0,0
2026-10-02 01:06:47Z,CLE,in,0.319,Q2 10:50,0.0,11617,Malachi Corley,WR,0.5,0.0,0.33,0.33,0.31,0.34,0.319,1.0,0.33,,0.0,0
2026-10-02 01:06:47Z,PIT,in,0.319,Q2 10:50,0.0,9479,Darnell Washington,TE,4.9,2.6,3.49,6.09,6.11,5.93,0.012,1.0,6.09,,0.0,0
2026-10-02 01:06:47Z,CLE,in,0.319,Q2 10:50,0.0,CLE,Cleveland Browns D/ST,DST,7.0,7.0,-0.51,6.49,12.57,11.76,0.056,1.0,6.49,,0.0,0
2026-10-02 01:06:47Z,PIT,in,0.319,Q2 10:50,0.0,1945,Chris Boswell,K,8.1,1.0,5.24,6.24,6.24,6.51,0.119,1.0,6.24,,0.0,0
2026-10-02 01:06:47Z,CLE,in,0.319,Q2 10:50,0.0,12512,Quinshon Judkins,RB,11.8,2.9,7.79,10.69,10.78,10.93,0.038,1.0,10.69,,0.0,0
2026-10-02 01:06:47Z,PIT,in,0.319,Q2 10:50,0.0,7600,Pat Freiermuth,TE,7.8,1.5,5.28,6.78,6.64,6.81,0.012,1.0,6.78,,0.0,0
2026-10-02 01:06:47Z,PIT,in,0.319,Q2 10:50,0.0,8228,Jaylen Warren,RB,13.6,7.5,9.99,17.49,17.29,16.76,0.069,1.0,17.49,,0.0,0
2026-10-02 01:06:47Z,CLE,in,0.319,Q2 10:50,0.0,12503,Isaiah Bond,WR,1.6,1.2,1.18,2.38,2.41,2.29,0.298,1.0,2.38,,0.0,0
2026-10-02 01:06:47Z,PIT,in,0.319,Q2 10:50,0.0,13274,Germie Bernard,WR,4.5,0.0,2.95,2.95,2.82,3.06,0.319,1.0,2.95,,0.0,0
2026-10-02 01:06:47Z,CLE,in,0.319,Q2 10:50,0.0,12506,Harold Fannin,TE,10.6,2.3,7.2,9.5,9.33,9.51,0.038,1.0,9.5,,0.0,0
2026-10-02 01:06:47Z,CLE,in,0.319,Q2 10:50,0.0,13346,Denzel Boston,WR,9.4,1.5,6.33,7.83,7.64,7.9,0.309,1.0,7.83,,0.0,0
2026-10-02 01:06:47Z,CLE,in,0.319,Q2 10:50,0.0,4017,Deshaun Watson,QB,14.0,2.12,9.59,11.71,11.25,11.65,0.038,1.0,11.71,,0.0,0
2026-10-02 01:06:47Z,PIT,in,0.319,Q2 10:50,0.0,13289,Drew Allar,QB,0.5,0.0,0.32,0.32,0.31,0.34,0.319,0.3,0.1,,0.0,0
2026-10-02 01:06:47Z,CLE,in,0.319,Q2 10:50,0.0,13298,KC Concepcion,WR,9.9,3.1,6.82,9.92,9.83,9.84,0.109,1.0,9.92,,0.0,0
2026-10-02 01:06:47Z,PIT,in,0.319,Q2 10:50,0.0,6819,Michael Pittman,WR,9.7,1.9,6.57,8.47,8.3,8.5,0.166,1.0,8.47,,0.0,0
2026-10-02 01:06:47Z,PIT,in,0.319,Q2 10:50,0.0,5846,DK Metcalf,WR,11.2,4.2,7.79,11.99,11.93,11.82,0.197,1.0,11.99,,0.0,0
2026-10-02 01:07:47Z,CLE,in,0.323,Q2 10:38,0.0,6783,Jerry Jeudy,WR,4.8,0.0,3.13,3.13,2.99,3.25,0.323,1.0,3.13,,0.0,0
2026-10-02 01:07:47Z,PIT,in,0.323,Q2 10:38,0.0,PIT,Pittsburgh Steelers D/ST,DST,8.1,4.0,0.72,4.72,9.72,9.49,0.027,1.0,4.72,,0.0,0
2026-10-02 01:07:47Z,PIT,in,0.323,Q2 10:38,0.0,96,Aaron Rodgers,QB,15.4,5.96,11.39,17.35,16.56,16.39,0.016,1.0,17.35,,0.0,0
2026-10-02 01:07:47Z,CLE,in,0.323,Q2 10:38,0.0,11261,Andre Szmyt,K,6.9,1.0,4.47,5.47,5.47,5.67,0.027,1.0,5.47,,0.0,0
2026-10-02 01:07:47Z,PIT,in,0.323,Q2 10:38,0.0,7021,Rico Dowdle,RB,8.4,0.0,5.02,5.02,5.23,5.69,0.323,1.0,5.02,,0.0,0
2026-10-02 01:07:47Z,PIT,in,0.323,Q2 10:38,0.0,11630,Roman Wilson,WR,5.7,8.2,4.59,12.79,13.14,12.06,0.122,1.0,12.79,,0.0,0
2026-10-02 01:07:47Z,CLE,in,0.323,Q2 10:38,0.0,12523,Jimmy Horn,WR,1.5,0.0,0.98,0.98,0.93,1.02,0.323,1.0,0.98,,0.0,0
2026-10-02 01:07:47Z,CLE,in,0.323,Q2 10:38,0.0,11617,Malachi Corley,WR,0.5,0.0,0.33,0.33,0.31,0.34,0.323,1.0,0.33,,0.0,0
2026-10-02 01:07:47Z,PIT,in,0.323,Q2 10:38,0.0,9479,Darnell Washington,TE,4.9,2.6,3.48,6.08,6.09,5.92,0.016,1.0,6.08,,0.0,0
2026-10-02 01:07:47Z,CLE,in,0.323,Q2 10:38,0.0,CLE,Cleveland Browns D/ST,DST,7.0,7.0,-0.5,6.5,12.54,11.74,0.059,1.0,6.5,,0.0,0
2026-10-02 01:07:47Z,PIT,in,0.323,Q2 10:38,0.0,1945,Chris Boswell,K,8.1,1.0,5.21,6.21,6.21,6.49,0.122,1.0,6.21,,0.0,0
2026-10-02 01:07:47Z,CLE,in,0.323,Q2 10:38,0.0,12512,Quinshon Judkins,RB,11.8,2.9,7.75,10.65,10.74,10.89,0.041,1.0,10.65,,0.0,0
2026-10-02 01:07:47Z,PIT,in,0.323,Q2 10:38,0.0,7600,Pat Freiermuth,TE,7.8,1.5,5.25,6.75,6.61,6.78,0.016,1.0,6.75,,0.0,0
2026-10-02 01:07:47Z,PIT,in,0.323,Q2 10:38,0.0,8228,Jaylen Warren,RB,13.6,7.5,9.94,17.44,17.24,16.71,0.073,1.0,17.44,,0.0,0
2026-10-02 01:07:47Z,CLE,in,0.323,Q2 10:38,0.0,12503,Isaiah Bond,WR,1.6,1.2,1.17,2.37,2.4,2.28,0.302,1.0,2.37,,0.0,0
2026-10-02 01:07:47Z,PIT,in,0.323,Q2 10:38,0.0,13274,Germie Bernard,WR,4.5,0.0,2.94,2.94,2.8,3.05,0.323,1.0,2.94,,0.0,0
2026-10-02 01:07:47Z,CLE,in,0.323,Q2 10:38,0.0,12506,Harold Fannin,TE,10.6,2.3,7.17,9.47,9.29,9.48,0.041,1.0,9.47,,0.0,0
2026-10-02 01:07:47Z,CLE,in,0.323,Q2 10:38,0.0,13346,Denzel Boston,WR,9.4,1.5,6.3,7.8,7.61,7.87,0.312,1.0,7.8,,0.0,0
2026-10-02 01:07:47Z,CLE,in,0.323,Q2 10:38,0.0,4017,Deshaun Watson,QB,14.0,2.12,9.54,11.66,11.19,11.6,0.041,1.0,11.66,,0.0,0
2026-10-02 01:07:47Z,PIT,in,0.323,Q2 10:38,0.0,13289,Drew Allar,QB,0.5,0.0,0.32,0.32,0.31,0.34,0.323,0.3,0.1,,0.0,0
2026-10-02 01:07:47Z,CLE,in,0.323,Q2 10:38,0.0,13298,KC Concepcion,WR,9.9,3.1,6.79,9.89,9.79,9.8,0.112,1.0,9.89,,0.0,0
2026-10-02 01:07:47Z,PIT,in,0.323,Q2 10:38,0.0,6819,Michael Pittman,WR,9.7,1.9,6.54,8.44,8.26,8.47,0.169,1.0,8.44,,0.0,0
2026-10-02 01:07:47Z,PIT,in,0.323,Q2 10:38,0.0,5846,DK Metcalf,WR,11.2,4.2,7.76,11.96,11.88,11.78,0.201,1.0,11.96,,0.0,0
2026-10-02 01:08:47Z,CLE,in,0.323,Q2 10:38,0.0,6783,Jerry Jeudy,WR,4.8,0.0,3.13,3.13,2.99,3.25,0.323,1.0,3.13,,0.0,0
2026-10-02 01:08:47Z,PIT,in,0.323,Q2 10:38,0.0,PIT,Pittsburgh Steelers D/ST,DST,8.1,4.0,0.72,4.72,9.72,9.49,0.027,1.0,4.72,,0.0,0
2026-10-02 01:08:47Z,PIT,in,0.323,Q2 10:38,0.0,96,Aaron Rodgers,QB,15.4,5.96,11.39,17.35,16.56,16.39,0.016,1.0,17.35,,0.0,0
2026-10-02 01:08:47Z,CLE,in,0.323,Q2 10:38,0.0,11261,Andre Szmyt,K,6.9,1.0,4.47,5.47,5.47,5.67,0.027,1.0,5.47,,0.0,0
2026-10-02 01:08:47Z,PIT,in,0.323,Q2 10:38,0.0,7021,Rico Dowdle,RB,8.4,0.0,5.02,5.02,5.23,5.69,0.323,1.0,5.02,,0.0,0
2026-10-02 01:08:47Z,PIT,in,0.323,Q2 10:38,0.0,11630,Roman Wilson,WR,5.7,8.2,4.59,12.79,13.14,12.06,0.122,1.0,12.79,,0.0,0
2026-10-02 01:08:47Z,CLE,in,0.323,Q2 10:38,0.0,12523,Jimmy Horn,WR,1.5,0.0,0.98,0.98,0.93,1.02,0.323,1.0,0.98,,0.0,0
2026-10-02 01:08:47Z,CLE,in,0.323,Q2 10:38,0.0,11617,Malachi Corley,WR,0.5,0.0,0.33,0.33,0.31,0.34,0.323,1.0,0.33,,0.0,0
2026-10-02 01:08:47Z,PIT,in,0.323,Q2 10:38,0.0,9479,Darnell Washington,TE,4.9,2.6,3.48,6.08,6.09,5.92,0.016,1.0,6.08,,0.0,0
2026-10-02 01:08:47Z,CLE,in,0.323,Q2 10:38,0.0,CLE,Cleveland Browns D/ST,DST,7.0,7.0,-0.5,6.5,12.54,11.74,0.059,1.0,6.5,,0.0,0
2026-10-02 01:08:47Z,PIT,in,0.323,Q2 10:38,0.0,1945,Chris Boswell,K,8.1,1.0,5.21,6.21,6.21,6.49,0.122,1.0,6.21,,0.0,0
2026-10-02 01:08:47Z,CLE,in,0.323,Q2 10:38,0.0,12512,Quinshon Judkins,RB,11.8,2.9,7.75,10.65,10.74,10.89,0.041,1.0,10.65,,0.0,0
2026-10-02 01:08:47Z,PIT,in,0.323,Q2 10:38,0.0,7600,Pat Freiermuth,TE,7.8,1.5,5.25,6.75,6.61,6.78,0.016,1.0,6.75,,0.0,0
2026-10-02 01:08:47Z,PIT,in,0.323,Q2 10:38,0.0,8228,Jaylen Warren,RB,13.6,7.5,9.94,17.44,17.24,16.71,0.073,1.0,17.44,,0.0,0
2026-10-02 01:08:47Z,CLE,in,0.323,Q2 10:38,0.0,12503,Isaiah Bond,WR,1.6,1.2,1.17,2.37,2.4,2.28,0.302,1.0,2.37,,0.0,0
2026-10-02 01:08:47Z,PIT,in,0.323,Q2 10:38,0.0,13274,Germie Bernard,WR,4.5,0.0,2.94,2.94,2.8,3.05,0.323,1.0,2.94,,0.0,0
2026-10-02 01:08:47Z,CLE,in,0.323,Q2 10:38,0.0,12506,Harold Fannin,TE,10.6,2.3,7.17,9.47,9.29,9.48,0.041,1.0,9.47,,0.0,0
2026-10-02 01:08:47Z,CLE,in,0.323,Q2 10:38,0.0,13346,Denzel Boston,WR,9.4,1.5,6.3,7.8,7.61,7.87,0.312,1.0,7.8,,0.0,0
2026-10-02 01:08:47Z,CLE,in,0.323,Q2 10:38,0.0,4017,Deshaun Watson,QB,14.0,2.12,9.54,11.66,11.19,11.6,0.041,1.0,11.66,,0.0,0
2026-10-02 01:08:47Z,PIT,in,0.323,Q2 10:38,0.0,13289,Drew Allar,QB,0.5,0.0,0.32,0.32,0.31,0.34,0.323,0.3,0.1,,0.0,0
2026-10-02 01:08:47Z,CLE,in,0.323,Q2 10:38,0.0,13298,KC Concepcion,WR,9.9,3.1,6.79,9.89,9.79,9.8,0.112,1.0,9.89,,0.0,0
2026-10-02 01:08:47Z,PIT,in,0.323,Q2 10:38,0.0,6819,Michael Pittman,WR,9.7,1.9,6.54,8.44,8.26,8.47,0.169,1.0,8.44,,0.0,0
2026-10-02 01:08:47Z,PIT,in,0.323,Q2 10:38,0.0,5846,DK Metcalf,WR,11.2,4.2,7.76,11.96,11.88,11.78,0.201,1.0,11.96,,0.0,0
2026-10-02 01:09:48Z,CLE,in,0.323,Q2 10:38,0.0,6783,Jerry Jeudy,WR,4.8,0.0,3.13,3.13,2.99,3.25,0.323,1.0,3.13,,0.0,0
2026-10-02 01:09:48Z,PIT,in,0.323,Q2 10:38,0.0,PIT,Pittsburgh Steelers D/ST,DST,8.1,4.0,0.72,4.72,9.72,9.49,0.027,1.0,4.72,,0.0,0
2026-10-02 01:09:48Z,PIT,in,0.323,Q2 10:38,0.0,96,Aaron Rodgers,QB,15.4,5.96,11.39,17.35,16.56,16.39,0.016,1.0,17.35,,0.0,0
2026-10-02 01:09:48Z,CLE,in,0.323,Q2 10:38,0.0,11261,Andre Szmyt,K,6.9,1.0,4.47,5.47,5.47,5.67,0.027,1.0,5.47,,0.0,0
2026-10-02 01:09:48Z,PIT,in,0.323,Q2 10:38,0.0,7021,Rico Dowdle,RB,8.4,0.0,5.02,5.02,5.23,5.69,0.323,1.0,5.02,,0.0,0
2026-10-02 01:09:48Z,PIT,in,0.323,Q2 10:38,0.0,11630,Roman Wilson,WR,5.7,8.2,4.59,12.79,13.14,12.06,0.122,1.0,12.79,,0.0,0
2026-10-02 01:09:48Z,CLE,in,0.323,Q2 10:38,0.0,12523,Jimmy Horn,WR,1.5,0.0,0.98,0.98,0.93,1.02,0.323,1.0,0.98,,0.0,0
2026-10-02 01:09:48Z,CLE,in,0.323,Q2 10:38,0.0,11617,Malachi Corley,WR,0.5,0.0,0.33,0.33,0.31,0.34,0.323,1.0,0.33,,0.0,0
2026-10-02 01:09:48Z,PIT,in,0.323,Q2 10:38,0.0,9479,Darnell Washington,TE,4.9,2.6,3.48,6.08,6.09,5.92,0.016,1.0,6.08,,0.0,0
2026-10-02 01:09:48Z,CLE,in,0.323,Q2 10:38,0.0,CLE,Cleveland Browns D/ST,DST,7.0,7.0,-0.5,6.5,12.54,11.74,0.059,1.0,6.5,,0.0,0
2026-10-02 01:09:48Z,PIT,in,0.323,Q2 10:38,0.0,1945,Chris Boswell,K,8.1,1.0,5.21,6.21,6.21,6.49,0.122,1.0,6.21,,0.0,0
2026-10-02 01:09:48Z,CLE,in,0.323,Q2 10:38,0.0,12512,Quinshon Judkins,RB,11.8,2.9,7.75,10.65,10.74,10.89,0.041,1.0,10.65,,0.0,0
2026-10-02 01:09:48Z,PIT,in,0.323,Q2 10:38,0.0,7600,Pat Freiermuth,TE,7.8,1.5,5.25,6.75,6.61,6.78,0.016,1.0,6.75,,0.0,0
2026-10-02 01:09:48Z,PIT,in,0.323,Q2 10:38,0.0,8228,Jaylen Warren,RB,13.6,7.5,9.94,17.44,17.24,16.71,0.073,1.0,17.44,,0.0,0
2026-10-02 01:09:48Z,CLE,in,0.323,Q2 10:38,0.0,12503,Isaiah Bond,WR,1.6,1.2,1.17,2.37,2.4,2.28,0.302,1.0,2.37,,0.0,0
2026-10-02 01:09:48Z,PIT,in,0.323,Q2 10:38,0.0,13274,Germie Bernard,WR,4.5,0.0,2.94,2.94,2.8,3.05,0.323,1.0,2.94,,0.0,0
2026-10-02 01:09:48Z,CLE,in,0.323,Q2 10:38,0.0,12506,Harold Fannin,TE,10.6,2.3,7.17,9.47,9.29,9.48,0.041,1.0,9.47,,0.0,0
2026-10-02 01:09:48Z,CLE,in,0.323,Q2 10:38,0.0,13346,Denzel Boston,WR,9.4,1.5,6.3,7.8,7.61,7.87,0.312,1.0,7.8,,0.0,0
2026-10-02 01:09:48Z,CLE,in,0.323,Q2 10:38,0.0,4017,Deshaun Watson,QB,14.0,2.12,9.54,11.66,11.19,11.6,0.041,1.0,11.66,,0.0,0
2026-10-02 01:09:48Z,PIT,in,0.323,Q2 10:38,0.0,13289,Drew Allar,QB,0.5,0.0,0.32,0.32,0.31,0.34,0.323,0.3,0.1,,0.0,0
2026-10-02 01:09:48Z,CLE,in,0.323,Q2 10:38,0.0,13298,KC Concepcion,WR,9.9,3.1,6.79,9.89,9.79,9.8,0.112,1.0,9.89,,0.0,0
2026-10-02 01:09:48Z,PIT,in,0.323,Q2 10:38,0.0,6819,Michael Pittman,WR,9.7,1.9,6.54,8.44,8.26,8.47,0.169,1.0,8.44,,0.0,0
2026-10-02 01:09:48Z,PIT,in,0.323,Q2 10:38,0.0,5846,DK Metcalf,WR,11.2,4.2,7.76,11.96,11.88,11.78,0.201,1.0,11.96,,0.0,0
2026-10-02 01:10:48Z,CLE,in,0.336,Q2 9:50,0.0,6783,Jerry Jeudy,WR,4.8,0.0,3.07,3.07,2.92,3.19,0.336,1.0,3.07,,0.0,0
2026-10-02 01:10:48Z,PIT,in,0.336,Q2 9:50,0.0,PIT,Pittsburgh Steelers D/ST,DST,8.1,4.0,0.73,4.73,9.59,9.38,0.04,1.0,4.73,,0.0,0
2026-10-02 01:10:48Z,PIT,in,0.336,Q2 9:50,0.0,96,Aaron Rodgers,QB,15.4,5.96,11.14,17.1,16.31,16.18,0.029,1.0,17.1,,0.0,0
2026-10-02 01:10:48Z,CLE,in,0.336,Q2 9:50,0.0,11261,Andre Szmyt,K,6.9,1.0,4.36,5.36,5.36,5.58,0.04,1.0,5.36,,0.0,0
2026-10-02 01:10:48Z,PIT,in,0.336,Q2 9:50,0.0,7021,Rico Dowdle,RB,8.4,0.0,4.91,4.91,5.11,5.58,0.336,1.0,4.91,,0.0,0
2026-10-02 01:10:48Z,PIT,in,0.336,Q2 9:50,0.0,11630,Roman Wilson,WR,5.7,8.2,4.51,12.71,13.03,11.98,0.136,1.0,12.71,,0.0,0
2026-10-02 01:10:48Z,CLE,in,0.336,Q2 9:50,0.0,12523,Jimmy Horn,WR,1.5,0.0,0.96,0.96,0.91,1.0,0.336,1.0,0.96,,0.0,0
2026-10-02 01:10:48Z,CLE,in,0.336,Q2 9:50,0.0,11617,Malachi Corley,WR,0.5,0.0,0.32,0.32,0.3,0.33,0.336,1.0,0.32,,0.0,0
2026-10-02 01:10:48Z,PIT,in,0.336,Q2 9:50,0.0,9479,Darnell Washington,TE,4.9,2.6,3.41,6.01,6.01,5.85,0.029,1.0,6.01,,0.0,0
2026-10-02 01:10:48Z,CLE,in,0.336,Q2 9:50,0.0,CLE,Cleveland Browns D/ST,DST,7.0,7.0,-0.47,6.53,12.42,11.65,0.073,1.0,6.53,,0.0,0
2026-10-02 01:10:48Z,PIT,in,0.336,Q2 9:50,0.0,1945,Chris Boswell,K,8.1,1.0,5.09,6.09,6.09,6.38,0.136,1.0,6.09,,0.0,0
2026-10-02 01:10:48Z,CLE,in,0.336,Q2 9:50,0.0,12512,Quinshon Judkins,RB,11.8,2.9,7.59,10.49,10.56,10.73,0.055,1.0,10.49,,0.0,0
2026-10-02 01:10:48Z,PIT,in,0.336,Q2 9:50,0.0,7600,Pat Freiermuth,TE,7.8,1.5,5.15,6.65,6.49,6.68,0.029,1.0,6.65,,0.0,0
2026-10-02 01:10:48Z,PIT,in,0.336,Q2 9:50,0.0,8228,Jaylen Warren,RB,13.6,7.5,9.72,17.22,17.02,16.53,0.086,1.0,17.22,,0.0,0
2026-10-02 01:10:48Z,CLE,in,0.336,Q2 9:50,0.0,12503,Isaiah Bond,WR,1.6,1.2,1.15,2.35,2.37,2.26,0.315,1.0,2.35,,0.0,0
2026-10-02 01:10:48Z,PIT,in,0.336,Q2 9:50,0.0,13274,Germie Bernard,WR,4.5,0.0,2.88,2.88,2.74,2.99,0.336,1.0,2.88,,0.0,0
2026-10-02 01:10:48Z,CLE,in,0.336,Q2 9:50,0.0,12506,Harold Fannin,TE,10.6,2.3,7.03,9.33,9.13,9.34,0.055,1.0,9.33,,0.0,0
2026-10-02 01:10:48Z,CLE,in,0.336,Q2 9:50,0.0,13346,Denzel Boston,WR,9.4,8.6,6.93,15.53,15.74,14.84,0.0,1.0,15.53,,0.0,0
2026-10-02 01:10:48Z,CLE,in,0.336,Q2 9:50,0.0,4017,Deshaun Watson,QB,14.0,4.56,9.92,14.48,13.83,13.85,0.0,1.0,14.48,,0.0,0
2026-10-02 01:10:48Z,PIT,in,0.336,Q2 9:50,0.0,13289,Drew Allar,QB,0.5,0.0,0.32,0.32,0.3,0.33,0.336,0.3,0.09,,0.0,0
2026-10-02 01:10:48Z,CLE,in,0.336,Q2 9:50,0.0,13298,KC Concepcion,WR,9.9,3.1,6.67,9.77,9.63,9.67,0.125,1.0,9.77,,0.0,0
2026-10-02 01:10:48Z,PIT,in,0.336,Q2 9:50,0.0,6819,Michael Pittman,WR,9.7,1.9,6.41,8.31,8.11,8.34,0.183,1.0,8.31,,0.0,0
2026-10-02 01:10:48Z,PIT,in,0.336,Q2 9:50,0.0,5846,DK Metcalf,WR,11.2,4.2,7.62,11.82,11.71,11.64,0.214,1.0,11.82,,0.0,0
2026-10-02 01:11:48Z,CLE,in,0.336,Q2 9:50,0.0,6783,Jerry Jeudy,WR,4.8,0.0,3.07,3.07,2.92,3.19,0.336,1.0,3.07,,0.0,0
2026-10-02 01:11:48Z,PIT,in,0.336,Q2 9:50,0.0,PIT,Pittsburgh Steelers D/ST,DST,8.1,4.0,0.73,4.73,9.59,9.38,0.04,1.0,4.73,,0.0,0
2026-10-02 01:11:48Z,PIT,in,0.336,Q2 9:50,0.0,96,Aaron Rodgers,QB,15.4,5.96,11.14,17.1,16.31,16.18,0.029,1.0,17.1,,0.0,0
2026-10-02 01:11:48Z,CLE,in,0.336,Q2 9:50,0.0,11261,Andre Szmyt,K,6.9,1.0,4.36,5.36,5.36,5.58,0.04,1.0,5.36,,0.0,0
2026-10-02 01:11:48Z,PIT,in,0.336,Q2 9:50,0.0,7021,Rico Dowdle,RB,8.4,0.0,4.91,4.91,5.11,5.58,0.336,1.0,4.91,,0.0,0
2026-10-02 01:11:48Z,PIT,in,0.336,Q2 9:50,0.0,11630,Roman Wilson,WR,5.7,8.2,4.51,12.71,13.03,11.98,0.136,1.0,12.71,,0.0,0
2026-10-02 01:11:48Z,CLE,in,0.336,Q2 9:50,0.0,12523,Jimmy Horn,WR,1.5,0.0,0.96,0.96,0.91,1.0,0.336,1.0,0.96,,0.0,0
2026-10-02 01:11:48Z,CLE,in,0.336,Q2 9:50,0.0,11617,Malachi Corley,WR,0.5,0.0,0.32,0.32,0.3,0.33,0.336,1.0,0.32,,0.0,0
2026-10-02 01:11:48Z,PIT,in,0.336,Q2 9:50,0.0,9479,Darnell Washington,TE,4.9,2.6,3.41,6.01,6.01,5.85,0.029,1.0,6.01,,0.0,0
2026-10-02 01:11:48Z,CLE,in,0.336,Q2 9:50,0.0,CLE,Cleveland Browns D/ST,DST,7.0,7.0,-0.47,6.53,12.42,11.65,0.073,1.0,6.53,,0.0,0
2026-10-02 01:11:48Z,PIT,in,0.336,Q2 9:50,0.0,1945,Chris Boswell,K,8.1,1.0,5.09,6.09,6.09,6.38,0.136,1.0,6.09,,0.0,0
2026-10-02 01:11:48Z,CLE,in,0.336,Q2 9:50,0.0,12512,Quinshon Judkins,RB,11.8,2.9,7.59,10.49,10.56,10.73,0.055,1.0,10.49,,0.0,0
2026-10-02 01:11:48Z,PIT,in,0.336,Q2 9:50,0.0,7600,Pat Freiermuth,TE,7.8,1.5,5.15,6.65,6.49,6.68,0.029,1.0,6.65,,0.0,0
2026-10-02 01:11:48Z,PIT,in,0.336,Q2 9:50,0.0,8228,Jaylen Warren,RB,13.6,7.5,9.72,17.22,17.02,16.53,0.086,1.0,17.22,,0.0,0
2026-10-02 01:11:48Z,CLE,in,0.336,Q2 9:50,0.0,12503,Isaiah Bond,WR,1.6,1.2,1.15,2.35,2.37,2.26,0.315,1.0,2.35,,0.0,0
2026-10-02 01:11:48Z,PIT,in,0.336,Q2 9:50,0.0,13274,Germie Bernard,WR,4.5,0.0,2.88,2.88,2.74,2.99,0.336,1.0,2.88,,0.0,0
2026-10-02 01:11:48Z,CLE,in,0.336,Q2 9:50,0.0,12506,Harold Fannin,TE,10.6,2.3,7.03,9.33,9.13,9.34,0.055,1.0,9.33,,0.0,0
2026-10-02 01:11:48Z,CLE,in,0.336,Q2 9:50,0.0,13346,Denzel Boston,WR,9.4,8.5,6.92,15.42,15.63,14.74,0.0,1.0,15.42,,0.0,0
2026-10-02 01:11:48Z,CLE,in,0.336,Q2 9:50,0.0,4017,Deshaun Watson,QB,14.0,4.72,9.96,14.68,14.02,14.01,0.0,1.0,14.68,,0.0,0
2026-10-02 01:11:48Z,PIT,in,0.336,Q2 9:50,0.0,13289,Drew Allar,QB,0.5,0.0,0.32,0.32,0.3,0.33,0.336,0.3,0.09,,0.0,0
2026-10-02 01:11:48Z,CLE,in,0.336,Q2 9:50,0.0,13298,KC Concepcion,WR,9.9,4.6,6.83,11.43,11.38,11.17,0.0,1.0,11.43,,0.0,0
2026-10-02 01:11:48Z,PIT,in,0.336,Q2 9:50,0.0,6819,Michael Pittman,WR,9.7,1.9,6.41,8.31,8.11,8.34,0.183,1.0,8.31,,0.0,0
2026-10-02 01:11:48Z,PIT,in,0.336,Q2 9:50,0.0,5846,DK Metcalf,WR,11.2,4.2,7.62,11.82,11.71,11.64,0.214,1.0,11.82,,0.0,0
2026-10-02 01:12:49Z,CLE,in,0.347,Q2 9:12,0.0,6783,Jerry Jeudy,WR,4.8,0.0,3.03,3.03,2.86,3.14,0.347,1.0,3.03,,0.0,0
2026-10-02 01:12:49Z,PIT,in,0.347,Q2 9:12,0.0,PIT,Pittsburgh Steelers D/ST,DST,8.1,4.0,0.74,4.74,9.49,9.29,0.051,1.0,4.74,,0.0,0
2026-10-02 01:12:49Z,PIT,in,0.347,Q2 9:12,0.0,96,Aaron Rodgers,QB,15.4,5.96,10.94,16.9,16.12,16.02,0.039,1.0,16.9,,0.0,0
2026-10-02 01:12:49Z,CLE,in,0.347,Q2 9:12,0.0,11261,Andre Szmyt,K,6.9,1.0,4.28,5.28,5.28,5.51,0.051,1.0,5.28,,0.0,0
2026-10-02 01:12:49Z,PIT,in,0.347,Q2 9:12,0.0,7021,Rico Dowdle,RB,8.4,0.0,4.83,4.83,5.01,5.49,0.347,1.0,4.83,,0.0,0
2026-10-02 01:12:49Z,PIT,in,0.347,Q2 9:12,0.0,11630,Roman Wilson,WR,5.7,8.2,4.45,12.65,12.94,11.92,0.146,1.0,12.65,,0.0,0
2026-10-02 01:12:49Z,CLE,in,0.347,Q2 9:12,0.0,12523,Jimmy Horn,WR,1.5,0.0,0.95,0.95,0.9,0.98,0.347,1.0,0.95,,0.0,0
2026-10-02 01:12:49Z,CLE,in,0.347,Q2 9:12,0.0,11617,Malachi Corley,WR,0.5,0.0,0.32,0.32,0.3,0.33,0.347,1.0,0.32,,0.0,0
2026-10-02 01:12:49Z,PIT,in,0.347,Q2 9:12,0.0,9479,Darnell Washington,TE,4.9,2.6,3.36,5.96,5.95,5.8,0.039,1.0,5.96,,0.0,0
2026-10-02 01:12:49Z,CLE,in,0.347,Q2 9:12,0.0,CLE,Cleveland Browns D/ST,DST,7.0,7.0,-0.44,6.56,12.32,11.57,0.083,1.0,6.56,,0.0,0
2026-10-02 01:12:49Z,PIT,in,0.347,Q2 9:12,0.0,1945,Chris Boswell,K,8.1,1.0,5.0,6.0,6.0,6.29,0.146,1.0,6.0,,0.0,0
2026-10-02 01:12:49Z,CLE,in,0.347,Q2 9:12,0.0,12512,Quinshon Judkins,RB,11.8,4.7,7.87,12.57,12.51,12.41,0.0,1.0,12.57,,0.0,0
2026-10-02 01:12:49Z,PIT,in,0.347,Q2 9:12,0.0,7600,Pat Freiermuth,TE,7.8,1.5,5.08,6.58,6.4,6.6,0.039,1.0,6.58,,0.0,0
2026-10-02 01:12:49Z,PIT,in,0.347,Q2 9:12,0.0,8228,Jaylen Warren,RB,13.6,7.5,9.55,17.05,16.84,16.39,0.097,1.0,17.05,,0.0,0
2026-10-02 01:12:49Z,CLE,in,0.347,Q2 9:12,0.0,12503,Isaiah Bond,WR,1.6,1.2,1.13,2.33,2.35,2.25,0.326,1.0,2.33,,0.0,0
2026-10-02 01:12:49Z,PIT,in,0.347,Q2 9:12,0.0,13274,Germie Bernard,WR,4.5,0.0,2.84,2.84,2.69,2.94,0.347,1.0,2.84,,0.0,0
2026-10-02 01:12:49Z,CLE,in,0.347,Q2 9:12,0.0,12506,Harold Fannin,TE,10.6,2.3,6.92,9.22,9.0,9.23,0.065,1.0,9.22,,0.0,0
2026-10-02 01:12:49Z,CLE,in,0.347,Q2 9:12,0.0,13346,Denzel Boston,WR,9.4,8.5,6.82,15.32,15.5,14.64,0.011,1.0,15.32,,0.0,0
2026-10-02 01:12:49Z,CLE,in,0.347,Q2 9:12,0.0,4017,Deshaun Watson,QB,14.0,5.04,9.86,14.9,14.22,14.19,0.0,1.0,14.9,,0.0,0
2026-10-02 01:12:49Z,PIT,in,0.347,Q2 9:12,0.0,13289,Drew Allar,QB,0.5,0.0,0.31,0.31,0.3,0.33,0.347,0.3,0.09,,0.0,0
2026-10-02 01:12:49Z,CLE,in,0.347,Q2 9:12,0.0,13298,KC Concepcion,WR,9.9,4.6,6.72,11.32,11.26,11.07,0.011,1.0,11.32,,0.0,0
2026-10-02 01:12:49Z,PIT,in,0.347,Q2 9:12,0.0,6819,Michael Pittman,WR,9.7,1.9,6.32,8.22,8.0,8.24,0.193,1.0,8.22,,0.0,0
2026-10-02 01:12:49Z,PIT,in,0.347,Q2 9:12,0.0,5846,DK Metcalf,WR,11.2,4.2,7.5,11.7,11.57,11.52,0.225,1.0,11.7,,0.0,0
2026-10-02 01:13:49Z,CLE,in,0.359,Q2 8:28,7.0,6783,Jerry Jeudy,WR,4.8,0.0,2.66,2.66,2.8,3.08,0.359,1.0,2.66,,0.0,0
2026-10-02 01:13:49Z,PIT,in,0.359,Q2 8:28,-7.0,PIT,Pittsburgh Steelers D/ST,DST,8.1,1.0,1.47,2.47,5.89,6.19,0.0,1.0,2.47,,0.0,0
2026-10-02 01:13:49Z,PIT,in,0.359,Q2 8:28,-7.0,96,Aaron Rodgers,QB,15.4,5.96,12.08,18.04,15.9,15.83,0.052,1.0,18.04,,0.0,0
2026-10-02 01:13:49Z,CLE,in,0.359,Q2 8:28,7.0,11261,Andre Szmyt,K,6.9,2.0,4.35,6.35,6.35,6.42,0.0,1.0,6.35,,0.0,0
2026-10-02 01:13:49Z,PIT,in,0.359,Q2 8:28,-7.0,7021,Rico Dowdle,RB,8.4,0.0,4.95,4.95,4.9,5.39,0.359,1.0,4.95,,0.0,0
2026-10-02 01:13:49Z,PIT,in,0.359,Q2 8:28,-7.0,11630,Roman Wilson,WR,5.7,8.2,4.75,12.95,12.84,11.85,0.159,1.0,12.95,,0.0,0
2026-10-02 01:13:49Z,CLE,in,0.359,Q2 8:28,7.0,12523,Jimmy Horn,WR,1.5,0.0,0.83,0.83,0.88,0.96,0.359,1.0,0.83,,0.0,0
2026-10-02 01:13:49Z,CLE,in,0.359,Q2 8:28,7.0,11617,Malachi Corley,WR,0.5,0.0,0.28,0.28,0.29,0.32,0.359,1.0,0.28,,0.0,0
2026-10-02 01:13:49Z,PIT,in,0.359,Q2 8:28,-7.0,9479,Darnell Washington,TE,4.9,2.6,3.62,6.22,5.88,5.74,0.052,1.0,6.22,,0.0,0
2026-10-02 01:13:49Z,CLE,in,0.359,Q2 8:28,7.0,CLE,Cleveland Browns D/ST,DST,7.0,7.0,-0.01,6.99,12.21,11.49,0.095,1.0,6.99,,0.0,0
2026-10-02 01:13:49Z,PIT,in,0.359,Q2 8:28,-7.0,1945,Chris Boswell,K,8.1,1.0,4.89,5.89,5.89,6.19,0.159,1.0,5.89,,0.0,0
2026-10-02 01:13:49Z,CLE,in,0.359,Q2 8:28,7.0,12512,Quinshon Judkins,RB,11.8,10.8,8.78,19.58,19.42,18.37,0.0,1.0,19.58,,0.0,0
2026-10-02 01:13:49Z,PIT,in,0.359,Q2 8:28,-7.0,7600,Pat Freiermuth,TE,7.8,1.5,5.49,6.99,6.29,6.5,0.052,1.0,6.99,,0.0,0
2026-10-02 01:13:49Z,PIT,in,0.359,Q2 8:28,-7.0,8228,Jaylen Warren,RB,13.6,7.5,9.72,17.22,16.64,16.22,0.109,1.0,17.22,,0.0,0
2026-10-02 01:13:49Z,CLE,in,0.359,Q2 8:28,7.0,12503,Isaiah Bond,WR,1.6,1.2,1.01,2.21,2.33,2.23,0.338,1.0,2.21,,0.0,0
2026-10-02 01:13:49Z,PIT,in,0.359,Q2 8:28,-7.0,13274,Germie Bernard,WR,4.5,0.0,3.08,3.08,2.63,2.89,0.359,1.0,3.08,,0.0,0
2026-10-02 01:13:49Z,CLE,in,0.359,Q2 8:28,7.0,12506,Harold Fannin,TE,10.6,2.3,6.11,8.41,8.85,9.1,0.077,1.0,8.41,,0.0,0
2026-10-02 01:13:49Z,CLE,in,0.359,Q2 8:28,7.0,13346,Denzel Boston,WR,9.4,8.5,6.09,14.59,15.35,14.53,0.023,1.0,14.59,,0.0,0
2026-10-02 01:13:49Z,CLE,in,0.359,Q2 8:28,7.0,4017,Deshaun Watson,QB,14.0,5.04,8.41,13.45,14.02,14.02,0.012,1.0,13.45,,0.0,0
2026-10-02 01:13:49Z,PIT,in,0.359,Q2 8:28,-7.0,13289,Drew Allar,QB,0.5,0.0,0.35,0.35,0.29,0.32,0.359,0.3,0.1,,0.0,0
2026-10-02 01:13:49Z,CLE,in,0.359,Q2 8:28,7.0,13298,KC Concepcion,WR,9.9,4.6,5.96,10.56,11.11,10.95,0.023,1.0,10.56,,0.0,0
2026-10-02 01:13:49Z,PIT,in,0.359,Q2 8:28,-7.0,6819,Michael Pittman,WR,9.7,1.9,6.84,8.74,7.87,8.12,0.206,1.0,8.74,,0.0,0
2026-10-02 01:13:49Z,PIT,in,0.359,Q2 8:28,-7.0,5846,DK Metcalf,WR,11.2,4.2,8.1,12.3,11.41,11.38,0.237,1.0,12.3,,0.0,0
2026-10-02 01:14:49Z,CLE,in,0.359,Q2 8:28,7.0,6783,Jerry Jeudy,WR,4.8,0.0,2.66,2.66,2.8,3.08,0.359,1.0,2.66,,0.0,0
2026-10-02 01:14:49Z,PIT,in,0.359,Q2 8:28,-7.0,PIT,Pittsburgh Steelers D/ST,DST,8.1,1.0,1.47,2.47,5.89,6.19,0.0,1.0,2.47,,0.0,0
2026-10-02 01:14:49Z,PIT,in,0.359,Q2 8:28,-7.0,96,Aaron Rodgers,QB,15.4,5.96,12.08,18.04,15.9,15.83,0.052,1.0,18.04,,0.0,0
2026-10-02 01:14:49Z,CLE,in,0.359,Q2 8:28,7.0,11261,Andre Szmyt,K,6.9,2.0,4.35,6.35,6.35,6.42,0.0,1.0,6.35,,0.0,0
2026-10-02 01:14:49Z,PIT,in,0.359,Q2 8:28,-7.0,7021,Rico Dowdle,RB,8.4,0.0,4.95,4.95,4.9,5.39,0.359,1.0,4.95,,0.0,0
2026-10-02 01:14:49Z,PIT,in,0.359,Q2 8:28,-7.0,11630,Roman Wilson,WR,5.7,8.2,4.75,12.95,12.84,11.85,0.159,1.0,12.95,,0.0,0
2026-10-02 01:14:49Z,CLE,in,0.359,Q2 8:28,7.0,12523,Jimmy Horn,WR,1.5,0.0,0.83,0.83,0.88,0.96,0.359,1.0,0.83,,0.0,0
2026-10-02 01:14:49Z,CLE,in,0.359,Q2 8:28,7.0,11617,Malachi Corley,WR,0.5,0.0,0.28,0.28,0.29,0.32,0.359,1.0,0.28,,0.0,0
2026-10-02 01:14:49Z,PIT,in,0.359,Q2 8:28,-7.0,9479,Darnell Washington,TE,4.9,2.6,3.62,6.22,5.88,5.74,0.052,1.0,6.22,,0.0,0
2026-10-02 01:14:49Z,CLE,in,0.359,Q2 8:28,7.0,CLE,Cleveland Browns D/ST,DST,7.0,7.0,-0.01,6.99,12.21,11.49,0.095,1.0,6.99,,0.0,0
2026-10-02 01:14:49Z,PIT,in,0.359,Q2 8:28,-7.0,1945,Chris Boswell,K,8.1,1.0,4.89,5.89,5.89,6.19,0.159,1.0,5.89,,0.0,0
2026-10-02 01:14:49Z,CLE,in,0.359,Q2 8:28,7.0,12512,Quinshon Judkins,RB,11.8,10.7,8.76,19.46,19.3,18.27,0.0,1.0,19.46,,0.0,0
2026-10-02 01:14:49Z,PIT,in,0.359,Q2 8:28,-7.0,7600,Pat Freiermuth,TE,7.8,1.5,5.49,6.99,6.29,6.5,0.052,1.0,6.99,,0.0,0
2026-10-02 01:14:49Z,PIT,in,0.359,Q2 8:28,-7.0,8228,Jaylen Warren,RB,13.6,7.5,9.72,17.22,16.64,16.22,0.109,1.0,17.22,,0.0,0
2026-10-02 01:14:49Z,CLE,in,0.359,Q2 8:28,7.0,12503,Isaiah Bond,WR,1.6,1.2,1.01,2.21,2.33,2.23,0.338,1.0,2.21,,0.0,0
2026-10-02 01:14:49Z,PIT,in,0.359,Q2 8:28,-7.0,13274,Germie Bernard,WR,4.5,0.0,3.08,3.08,2.63,2.89,0.359,1.0,3.08,,0.0,0
2026-10-02 01:14:49Z,CLE,in,0.359,Q2 8:28,7.0,12506,Harold Fannin,TE,10.6,2.3,6.11,8.41,8.85,9.1,0.077,1.0,8.41,,0.0,0
2026-10-02 01:14:49Z,CLE,in,0.359,Q2 8:28,7.0,13346,Denzel Boston,WR,9.4,8.5,6.09,14.59,15.35,14.53,0.023,1.0,14.59,,0.0,0
2026-10-02 01:14:49Z,CLE,in,0.359,Q2 8:28,7.0,4017,Deshaun Watson,QB,14.0,5.0,8.4,13.4,13.97,13.98,0.0,1.0,13.4,,0.0,0
2026-10-02 01:14:49Z,PIT,in,0.359,Q2 8:28,-7.0,13289,Drew Allar,QB,0.5,0.0,0.35,0.35,0.29,0.32,0.359,0.3,0.1,,0.0,0
2026-10-02 01:14:49Z,CLE,in,0.359,Q2 8:28,7.0,13298,KC Concepcion,WR,9.9,4.6,5.96,10.56,11.11,10.95,0.023,1.0,10.56,,0.0,0
2026-10-02 01:14:49Z,PIT,in,0.359,Q2 8:28,-7.0,6819,Michael Pittman,WR,9.7,1.9,6.84,8.74,7.87,8.12,0.206,1.0,8.74,,0.0,0
2026-10-02 01:14:49Z,PIT,in,0.359,Q2 8:28,-7.0,5846,DK Metcalf,WR,11.2,4.2,8.1,12.3,11.41,11.38,0.237,1.0,12.3,,0.0,0
2026-10-02 01:15:50Z,CLE,in,0.359,Q2 8:28,7.0,6783,Jerry Jeudy,WR,4.8,0.0,2.66,2.66,2.8,3.08,0.359,1.0,2.66,,0.0,0
2026-10-02 01:15:50Z,PIT,in,0.359,Q2 8:28,-7.0,PIT,Pittsburgh Steelers D/ST,DST,8.1,1.0,1.47,2.47,5.89,6.19,0.0,1.0,2.47,,0.0,0
2026-10-02 01:15:50Z,PIT,in,0.359,Q2 8:28,-7.0,96,Aaron Rodgers,QB,15.4,5.96,12.08,18.04,15.9,15.83,0.052,1.0,18.04,,0.0,0
2026-10-02 01:15:50Z,CLE,in,0.359,Q2 8:28,7.0,11261,Andre Szmyt,K,6.9,2.0,4.35,6.35,6.35,6.42,0.0,1.0,6.35,,0.0,0
2026-10-02 01:15:50Z,PIT,in,0.359,Q2 8:28,-7.0,7021,Rico Dowdle,RB,8.4,0.0,4.95,4.95,4.9,5.39,0.359,1.0,4.95,,0.0,0
2026-10-02 01:15:50Z,PIT,in,0.359,Q2 8:28,-7.0,11630,Roman Wilson,WR,5.7,8.2,4.75,12.95,12.84,11.85,0.159,1.0,12.95,,0.0,0
2026-10-02 01:15:50Z,CLE,in,0.359,Q2 8:28,7.0,12523,Jimmy Horn,WR,1.5,0.0,0.83,0.83,0.88,0.96,0.359,1.0,0.83,,0.0,0
2026-10-02 01:15:50Z,CLE,in,0.359,Q2 8:28,7.0,11617,Malachi Corley,WR,0.5,0.0,0.28,0.28,0.29,0.32,0.359,1.0,0.28,,0.0,0
2026-10-02 01:15:50Z,PIT,in,0.359,Q2 8:28,-7.0,9479,Darnell Washington,TE,4.9,2.6,3.62,6.22,5.88,5.74,0.052,1.0,6.22,,0.0,0
2026-10-02 01:15:50Z,CLE,in,0.359,Q2 8:28,7.0,CLE,Cleveland Browns D/ST,DST,7.0,7.0,-0.01,6.99,12.21,11.49,0.095,1.0,6.99,,0.0,0
2026-10-02 01:15:50Z,PIT,in,0.359,Q2 8:28,-7.0,1945,Chris Boswell,K,8.1,1.0,4.89,5.89,5.89,6.19,0.159,1.0,5.89,,0.0,0
2026-10-02 01:15:50Z,CLE,in,0.359,Q2 8:28,7.0,12512,Quinshon Judkins,RB,11.8,10.8,8.78,19.58,19.42,18.37,0.0,1.0,19.58,,0.0,0
2026-10-02 01:15:50Z,PIT,in,0.359,Q2 8:28,-7.0,7600,Pat Freiermuth,TE,7.8,1.5,5.49,6.99,6.29,6.5,0.052,1.0,6.99,,0.0,0
2026-10-02 01:15:50Z,PIT,in,0.359,Q2 8:28,-7.0,8228,Jaylen Warren,RB,13.6,7.5,9.72,17.22,16.64,16.22,0.109,1.0,17.22,,0.0,0
2026-10-02 01:15:50Z,CLE,in,0.359,Q2 8:28,7.0,12503,Isaiah Bond,WR,1.6,1.2,1.01,2.21,2.33,2.23,0.338,1.0,2.21,,0.0,0
2026-10-02 01:15:50Z,PIT,in,0.359,Q2 8:28,-7.0,13274,Germie Bernard,WR,4.5,0.0,3.08,3.08,2.63,2.89,0.359,1.0,3.08,,0.0,0
2026-10-02 01:15:50Z,CLE,in,0.359,Q2 8:28,7.0,12506,Harold Fannin,TE,10.6,2.3,6.11,8.41,8.85,9.1,0.077,1.0,8.41,,0.0,0
2026-10-02 01:15:50Z,CLE,in,0.359,Q2 8:28,7.0,13346,Denzel Boston,WR,9.4,8.5,6.09,14.59,15.35,14.53,0.023,1.0,14.59,,0.0,0
2026-10-02 01:15:50Z,CLE,in,0.359,Q2 8:28,7.0,4017,Deshaun Watson,QB,14.0,5.0,8.4,13.4,13.97,13.98,0.0,1.0,13.4,,0.0,0
2026-10-02 01:15:50Z,PIT,in,0.359,Q2 8:28,-7.0,13289,Drew Allar,QB,0.5,0.0,0.35,0.35,0.29,0.32,0.359,0.3,0.1,,0.0,0
2026-10-02 01:15:50Z,CLE,in,0.359,Q2 8:28,7.0,13298,KC Concepcion,WR,9.9,4.6,5.96,10.56,11.11,10.95,0.023,1.0,10.56,,0.0,0
2026-10-02 01:15:50Z,PIT,in,0.359,Q2 8:28,-7.0,6819,Michael Pittman,WR,9.7,1.9,6.84,8.74,7.87,8.12,0.206,1.0,8.74,,0.0,0
2026-10-02 01:15:50Z,PIT,in,0.359,Q2 8:28,-7.0,5846,DK Metcalf,WR,11.2,4.2,8.1,12.3,11.41,11.38,0.237,1.0,12.3,,0.0,0
2026-10-02 01:16:50Z,CLE,in,0.359,Q2 8:28,7.0,6783,Jerry Jeudy,WR,4.8,0.0,2.66,2.66,2.8,3.08,0.359,1.0,2.66,,0.0,0
2026-10-02 01:16:50Z,PIT,in,0.359,Q2 8:28,-7.0,PIT,Pittsburgh Steelers D/ST,DST,8.1,1.0,1.47,2.47,5.89,6.19,0.0,1.0,2.47,,0.0,0
2026-10-02 01:16:50Z,PIT,in,0.359,Q2 8:28,-7.0,96,Aaron Rodgers,QB,15.4,5.96,12.08,18.04,15.9,15.83,0.052,1.0,18.04,,0.0,0
2026-10-02 01:16:50Z,CLE,in,0.359,Q2 8:28,7.0,11261,Andre Szmyt,K,6.9,2.0,4.35,6.35,6.35,6.42,0.0,1.0,6.35,,0.0,0
2026-10-02 01:16:50Z,PIT,in,0.359,Q2 8:28,-7.0,7021,Rico Dowdle,RB,8.4,0.0,4.95,4.95,4.9,5.39,0.359,1.0,4.95,,0.0,0
2026-10-02 01:16:50Z,PIT,in,0.359,Q2 8:28,-7.0,11630,Roman Wilson,WR,5.7,8.2,4.75,12.95,12.84,11.85,0.159,1.0,12.95,,0.0,0
2026-10-02 01:16:50Z,CLE,in,0.359,Q2 8:28,7.0,12523,Jimmy Horn,WR,1.5,0.0,0.83,0.83,0.88,0.96,0.359,1.0,0.83,,0.0,0
2026-10-02 01:16:50Z,CLE,in,0.359,Q2 8:28,7.0,11617,Malachi Corley,WR,0.5,0.0,0.28,0.28,0.29,0.32,0.359,1.0,0.28,,0.0,0
2026-10-02 01:16:50Z,PIT,in,0.359,Q2 8:28,-7.0,9479,Darnell Washington,TE,4.9,2.6,3.62,6.22,5.88,5.74,0.052,1.0,6.22,,0.0,0
2026-10-02 01:16:50Z,CLE,in,0.359,Q2 8:28,7.0,CLE,Cleveland Browns D/ST,DST,7.0,7.0,-0.01,6.99,12.21,11.49,0.095,1.0,6.99,,0.0,0
2026-10-02 01:16:50Z,PIT,in,0.359,Q2 8:28,-7.0,1945,Chris Boswell,K,8.1,1.0,4.89,5.89,5.89,6.19,0.159,1.0,5.89,,0.0,0
2026-10-02 01:16:50Z,CLE,in,0.359,Q2 8:28,7.0,12512,Quinshon Judkins,RB,11.8,10.8,8.78,19.58,19.42,18.37,0.0,1.0,19.58,,0.0,0
2026-10-02 01:16:50Z,PIT,in,0.359,Q2 8:28,-7.0,7600,Pat Freiermuth,TE,7.8,1.5,5.49,6.99,6.29,6.5,0.052,1.0,6.99,,0.0,0
2026-10-02 01:16:50Z,PIT,in,0.359,Q2 8:28,-7.0,8228,Jaylen Warren,RB,13.6,7.5,9.72,17.22,16.64,16.22,0.109,1.0,17.22,,0.0,0
2026-10-02 01:16:50Z,CLE,in,0.359,Q2 8:28,7.0,12503,Isaiah Bond,WR,1.6,1.2,1.01,2.21,2.33,2.23,0.338,1.0,2.21,,0.0,0
2026-10-02 01:16:50Z,PIT,in,0.359,Q2 8:28,-7.0,13274,Germie Bernard,WR,4.5,0.0,3.08,3.08,2.63,2.89,0.359,1.0,3.08,,0.0,0
2026-10-02 01:16:50Z,CLE,in,0.359,Q2 8:28,7.0,12506,Harold Fannin,TE,10.6,2.3,6.11,8.41,8.85,9.1,0.077,1.0,8.41,,0.0,0
2026-10-02 01:16:50Z,CLE,in,0.359,Q2 8:28,7.0,13346,Denzel Boston,WR,9.4,8.5,6.09,14.59,15.35,14.53,0.023,1.0,14.59,,0.0,0
2026-10-02 01:16:50Z,CLE,in,0.359,Q2 8:28,7.0,4017,Deshaun Watson,QB,14.0,5.0,8.4,13.4,13.97,13.98,0.0,1.0,13.4,,0.0,0
2026-10-02 01:16:50Z,PIT,in,0.359,Q2 8:28,-7.0,13289,Drew Allar,QB,0.5,0.0,0.35,0.35,0.29,0.32,0.359,0.3,0.1,,0.0,0
2026-10-02 01:16:50Z,CLE,in,0.359,Q2 8:28,7.0,13298,KC Concepcion,WR,9.9,4.6,5.96,10.56,11.11,10.95,0.023,1.0,10.56,,0.0,0
2026-10-02 01:16:50Z,PIT,in,0.359,Q2 8:28,-7.0,6819,Michael Pittman,WR,9.7,1.9,6.84,8.74,7.87,8.12,0.206,1.0,8.74,,0.0,0
2026-10-02 01:16:50Z,PIT,in,0.359,Q2 8:28,-7.0,5846,DK Metcalf,WR,11.2,4.2,8.1,12.3,11.41,11.38,0.237,1.0,12.3,,0.0,0
2026-10-02 01:17:50Z,CLE,in,0.359,Q2 8:28,7.0,6783,Jerry Jeudy,WR,4.8,0.0,2.66,2.66,2.8,3.08,0.359,1.0,2.66,,0.0,0
2026-10-02 01:17:50Z,PIT,in,0.359,Q2 8:28,-7.0,PIT,Pittsburgh Steelers D/ST,DST,8.1,1.0,1.47,2.47,5.89,6.19,0.0,1.0,2.47,,0.0,0
2026-10-02 01:17:50Z,PIT,in,0.359,Q2 8:28,-7.0,96,Aaron Rodgers,QB,15.4,5.96,12.08,18.04,15.9,15.83,0.052,1.0,18.04,,0.0,0
2026-10-02 01:17:50Z,CLE,in,0.359,Q2 8:28,7.0,11261,Andre Szmyt,K,6.9,2.0,4.35,6.35,6.35,6.42,0.0,1.0,6.35,,0.0,0
2026-10-02 01:17:50Z,PIT,in,0.359,Q2 8:28,-7.0,7021,Rico Dowdle,RB,8.4,0.0,4.95,4.95,4.9,5.39,0.359,1.0,4.95,,0.0,0
2026-10-02 01:17:50Z,PIT,in,0.359,Q2 8:28,-7.0,11630,Roman Wilson,WR,5.7,8.2,4.75,12.95,12.84,11.85,0.159,1.0,12.95,,0.0,0
2026-10-02 01:17:50Z,CLE,in,0.359,Q2 8:28,7.0,12523,Jimmy Horn,WR,1.5,0.0,0.83,0.83,0.88,0.96,0.359,1.0,0.83,,0.0,0
2026-10-02 01:17:50Z,CLE,in,0.359,Q2 8:28,7.0,11617,Malachi Corley,WR,0.5,0.0,0.28,0.28,0.29,0.32,0.359,1.0,0.28,,0.0,0
2026-10-02 01:17:50Z,PIT,in,0.359,Q2 8:28,-7.0,9479,Darnell Washington,TE,4.9,2.6,3.62,6.22,5.88,5.74,0.052,1.0,6.22,,0.0,0
2026-10-02 01:17:50Z,CLE,in,0.359,Q2 8:28,7.0,CLE,Cleveland Browns D/ST,DST,7.0,7.0,-0.01,6.99,12.21,11.49,0.095,1.0,6.99,,0.0,0
2026-10-02 01:17:50Z,PIT,in,0.359,Q2 8:28,-7.0,1945,Chris Boswell,K,8.1,1.0,4.89,5.89,5.89,6.19,0.159,1.0,5.89,,0.0,0
2026-10-02 01:17:50Z,CLE,in,0.359,Q2 8:28,7.0,12512,Quinshon Judkins,RB,11.8,10.8,8.78,19.58,19.42,18.37,0.0,1.0,19.58,,0.0,0
2026-10-02 01:17:50Z,PIT,in,0.359,Q2 8:28,-7.0,7600,Pat Freiermuth,TE,7.8,1.5,5.49,6.99,6.29,6.5,0.052,1.0,6.99,,0.0,0
2026-10-02 01:17:50Z,PIT,in,0.359,Q2 8:28,-7.0,8228,Jaylen Warren,RB,13.6,7.5,9.72,17.22,16.64,16.22,0.109,1.0,17.22,,0.0,0
2026-10-02 01:17:50Z,CLE,in,0.359,Q2 8:28,7.0,12503,Isaiah Bond,WR,1.6,1.2,1.01,2.21,2.33,2.23,0.338,1.0,2.21,,0.0,0
2026-10-02 01:17:50Z,PIT,in,0.359,Q2 8:28,-7.0,13274,Germie Bernard,WR,4.5,0.0,3.08,3.08,2.63,2.89,0.359,1.0,3.08,,0.0,0
2026-10-02 01:17:50Z,CLE,in,0.359,Q2 8:28,7.0,12506,Harold Fannin,TE,10.6,2.3,6.11,8.41,8.85,9.1,0.077,1.0,8.41,,0.0,0
2026-10-02 01:17:50Z,CLE,in,0.359,Q2 8:28,7.0,13346,Denzel Boston,WR,9.4,8.5,6.09,14.59,15.35,14.53,0.023,1.0,14.59,,0.0,0
2026-10-02 01:17:50Z,CLE,in,0.359,Q2 8:28,7.0,4017,Deshaun Watson,QB,14.0,5.0,8.4,13.4,13.97,13.98,0.0,1.0,13.4,,0.0,0
2026-10-02 01:17:50Z,PIT,in,0.359,Q2 8:28,-7.0,13289,Drew Allar,QB,0.5,0.0,0.35,0.35,0.29,0.32,0.359,0.3,0.1,,0.0,0
2026-10-02 01:17:50Z,CLE,in,0.359,Q2 8:28,7.0,13298,KC Concepcion,WR,9.9,4.6,5.96,10.56,11.11,10.95,0.023,1.0,10.56,,0.0,0
2026-10-02 01:17:50Z,PIT,in,0.359,Q2 8:28,-7.0,6819,Michael Pittman,WR,9.7,1.9,6.84,8.74,7.87,8.12,0.206,1.0,8.74,,0.0,0
2026-10-02 01:17:50Z,PIT,in,0.359,Q2 8:28,-7.0,5846,DK Metcalf,WR,11.2,4.2,8.1,12.3,11.41,11.38,0.237,1.0,12.3,,0.0,0
2026-10-02 01:18:51Z,CLE,in,0.369,Q2 7:50,7.0,6783,Jerry Jeudy,WR,4.8,0.0,2.61,2.61,2.75,3.03,0.369,1.0,2.61,,0.0,0
2026-10-02 01:18:51Z,PIT,in,0.369,Q2 7:50,-7.0,PIT,Pittsburgh Steelers D/ST,DST,8.1,1.0,1.43,2.43,5.79,6.11,0.011,1.0,2.43,,0.0,0
2026-10-02 01:18:51Z,PIT,in,0.369,Q2 7:50,-7.0,96,Aaron Rodgers,QB,15.4,6.32,11.95,18.27,16.13,16.03,0.0,1.0,18.27,,0.0,0
2026-10-02 01:18:51Z,CLE,in,0.369,Q2 7:50,7.0,11261,Andre Szmyt,K,6.9,2.0,4.26,6.26,6.26,6.35,0.011,1.0,6.26,,0.0,0
2026-10-02 01:18:51Z,PIT,in,0.369,Q2 7:50,-7.0,7021,Rico Dowdle,RB,8.4,0.0,4.86,4.86,4.81,5.3,0.369,1.0,4.86,,0.0,0
2026-10-02 01:18:51Z,PIT,in,0.369,Q2 7:50,-7.0,11630,Roman Wilson,WR,5.7,8.2,4.69,12.89,12.75,11.79,0.169,1.0,12.89,,0.0,0
2026-10-02 01:18:51Z,CLE,in,0.369,Q2 7:50,7.0,12523,Jimmy Horn,WR,1.5,0.0,0.82,0.82,0.86,0.95,0.369,1.0,0.82,,0.0,0
2026-10-02 01:18:51Z,CLE,in,0.369,Q2 7:50,7.0,11617,Malachi Corley,WR,0.5,0.0,0.27,0.27,0.29,0.32,0.369,1.0,0.27,,0.0,0
2026-10-02 01:18:51Z,PIT,in,0.369,Q2 7:50,-7.0,9479,Darnell Washington,TE,4.9,2.6,3.57,6.17,5.81,5.69,0.062,1.0,6.17,,0.0,0
2026-10-02 01:18:51Z,CLE,in,0.369,Q2 7:50,7.0,CLE,Cleveland Browns D/ST,DST,7.0,7.0,0.02,7.02,12.11,11.41,0.106,1.0,7.02,,0.0,0
2026-10-02 01:18:51Z,PIT,in,0.369,Q2 7:50,-7.0,1945,Chris Boswell,K,8.1,1.0,4.79,5.79,5.79,6.11,0.169,1.0,5.79,,0.0,0
2026-10-02 01:18:51Z,CLE,in,0.369,Q2 7:50,7.0,12512,Quinshon Judkins,RB,11.8,10.8,8.62,19.42,19.26,18.24,0.011,1.0,19.42,,0.0,0
2026-10-02 01:18:51Z,PIT,in,0.369,Q2 7:50,-7.0,7600,Pat Freiermuth,TE,7.8,3.4,5.61,9.01,8.4,8.32,0.0,1.0,9.01,,0.0,0
2026-10-02 01:18:51Z,PIT,in,0.369,Q2 7:50,-7.0,8228,Jaylen Warren,RB,13.6,7.7,9.59,17.29,16.7,16.28,0.0,1.0,17.29,,0.0,0
2026-10-02 01:18:51Z,CLE,in,0.369,Q2 7:50,7.0,12503,Isaiah Bond,WR,1.6,1.2,0.99,2.19,2.3,2.21,0.348,1.0,2.19,,0.0,0
2026-10-02 01:18:51Z,PIT,in,0.369,Q2 7:50,-7.0,13274,Germie Bernard,WR,4.5,0.0,3.04,3.04,2.58,2.84,0.369,1.0,3.04,,0.0,0
2026-10-02 01:18:51Z,CLE,in,0.369,Q2 7:50,7.0,12506,Harold Fannin,TE,10.6,2.3,6.0,8.3,8.73,8.98,0.088,1.0,8.3,,0.0,0
2026-10-02 01:18:51Z,CLE,in,0.369,Q2 7:50,7.0,13346,Denzel Boston,WR,9.4,8.5,5.99,14.49,15.22,14.43,0.033,1.0,14.49,,0.0,0
2026-10-02 01:18:51Z,CLE,in,0.369,Q2 7:50,7.0,4017,Deshaun Watson,QB,14.0,5.0,8.24,13.24,13.8,13.83,0.011,1.0,13.24,,0.0,0
2026-10-02 01:18:51Z,PIT,in,0.369,Q2 7:50,-7.0,13289,Drew Allar,QB,0.5,0.0,0.34,0.34,0.29,0.32,0.369,0.3,0.1,,0.0,0
2026-10-02 01:18:51Z,CLE,in,0.369,Q2 7:50,7.0,13298,KC Concepcion,WR,9.9,4.6,5.86,10.46,10.99,10.84,0.033,1.0,10.46,,0.0,0
2026-10-02 01:18:51Z,PIT,in,0.369,Q2 7:50,-7.0,6819,Michael Pittman,WR,9.7,1.9,6.74,8.64,7.75,8.02,0.216,1.0,8.64,,0.0,0
2026-10-02 01:18:51Z,PIT,in,0.369,Q2 7:50,-7.0,5846,DK Metcalf,WR,11.2,4.2,7.99,12.19,11.27,11.26,0.248,1.0,12.19,,0.0,0
2026-10-02 01:19:51Z,CLE,in,0.387,Q2 6:46,7.0,6783,Jerry Jeudy,WR,4.8,0.0,2.53,2.53,2.66,2.94,0.387,1.0,2.53,,0.0,0
2026-10-02 01:19:51Z,PIT,in,0.387,Q2 6:46,-7.0,PIT,Pittsburgh Steelers D/ST,DST,8.1,1.0,1.37,2.37,5.64,5.96,0.028,1.0,2.37,,0.0,0
2026-10-02 01:19:51Z,PIT,in,0.387,Q2 6:46,-7.0,96,Aaron Rodgers,QB,15.4,6.32,11.59,17.91,15.81,15.76,0.018,1.0,17.91,,0.0,0
2026-10-02 01:19:51Z,CLE,in,0.387,Q2 6:46,7.0,11261,Andre Szmyt,K,6.9,2.0,4.13,6.13,6.13,6.23,0.028,1.0,6.13,,0.0,0
2026-10-02 01:19:51Z,PIT,in,0.387,Q2 6:46,-7.0,7021,Rico Dowdle,RB,8.4,0.0,4.72,4.72,4.65,5.15,0.387,1.0,4.72,,0.0,0
2026-10-02 01:19:51Z,PIT,in,0.387,Q2 6:46,-7.0,11630,Roman Wilson,WR,5.7,8.2,4.58,12.78,12.61,11.69,0.187,1.0,12.78,,0.0,0
2026-10-02 01:19:51Z,CLE,in,0.387,Q2 6:46,7.0,12523,Jimmy Horn,WR,1.5,0.0,0.79,0.79,0.83,0.92,0.387,1.0,0.79,,0.0,0
2026-10-02 01:19:51Z,CLE,in,0.387,Q2 6:46,7.0,11617,Malachi Corley,WR,0.5,0.0,0.26,0.26,0.28,0.31,0.387,1.0,0.26,,0.0,0
2026-10-02 01:19:51Z,PIT,in,0.387,Q2 6:46,-7.0,9479,Darnell Washington,TE,4.9,2.6,3.49,6.09,5.71,5.6,0.08,1.0,6.09,,0.0,0
2026-10-02 01:19:51Z,CLE,in,0.387,Q2 6:46,7.0,CLE,Cleveland Browns D/ST,DST,7.0,7.0,0.07,7.07,11.95,11.29,0.124,1.0,7.07,,0.0,0
2026-10-02 01:19:51Z,PIT,in,0.387,Q2 6:46,-7.0,1945,Chris Boswell,K,8.1,1.0,4.64,5.64,5.64,5.96,0.187,1.0,5.64,,0.0,0
2026-10-02 01:19:51Z,CLE,in,0.387,Q2 6:46,7.0,12512,Quinshon Judkins,RB,11.8,10.8,8.36,19.16,18.99,18.03,0.028,1.0,19.16,,0.0,0
2026-10-02 01:19:51Z,PIT,in,0.387,Q2 6:46,-7.0,7600,Pat Freiermuth,TE,7.8,3.4,5.47,8.87,8.24,8.18,0.018,1.0,8.87,,0.0,0
2026-10-02 01:19:51Z,PIT,in,0.387,Q2 6:46,-7.0,8228,Jaylen Warren,RB,13.6,10.1,9.8,19.9,19.17,18.43,0.0,1.0,19.9,,0.0,0
2026-10-02 01:19:51Z,CLE,in,0.387,Q2 6:46,7.0,12503,Isaiah Bond,WR,1.6,1.2,0.96,2.16,2.27,2.18,0.366,1.0,2.16,,0.0,0
2026-10-02 01:19:51Z,PIT,in,0.387,Q2 6:46,-7.0,13274,Germie Bernard,WR,4.5,0.0,2.96,2.96,2.49,2.76,0.387,1.0,2.96,,0.0,0
2026-10-02 01:19:51Z,CLE,in,0.387,Q2 6:46,7.0,12506,Harold Fannin,TE,10.6,2.3,5.82,8.12,8.52,8.8,0.106,1.0,8.12,,0.0,0
2026-10-02 01:19:51Z,CLE,in,0.387,Q2 6:46,7.0,13346,Denzel Boston,WR,9.4,8.5,5.81,14.31,15.0,14.26,0.051,1.0,14.31,,0.0,0
2026-10-02 01:19:51Z,CLE,in,0.387,Q2 6:46,7.0,4017,Deshaun Watson,QB,14.0,5.0,7.98,12.98,13.51,13.58,0.028,1.0,12.98,,0.0,0
2026-10-02 01:19:51Z,PIT,in,0.387,Q2 6:46,-7.0,13289,Drew Allar,QB,0.5,0.0,0.33,0.33,0.28,0.31,0.387,0.3,0.1,,0.0,0
2026-10-02 01:19:51Z,CLE,in,0.387,Q2 6:46,7.0,13298,KC Concepcion,WR,9.9,4.6,5.68,10.28,10.78,10.67,0.051,1.0,10.28,,0.0,0
2026-10-02 01:19:51Z,PIT,in,0.387,Q2 6:46,-7.0,6819,Michael Pittman,WR,9.7,1.9,6.57,8.47,7.56,7.84,0.234,1.0,8.47,,0.0,0
2026-10-02 01:19:51Z,PIT,in,0.387,Q2 6:46,-7.0,5846,DK Metcalf,WR,11.2,4.2,7.79,11.99,11.04,11.06,0.265,1.0,11.99,,0.0,0
2026-10-02 01:20:52Z,CLE,in,0.388,Q2 6:43,7.0,6783,Jerry Jeudy,WR,4.8,0.0,2.53,2.53,2.65,2.94,0.388,1.0,2.53,,0.0,0
2026-10-02 01:20:52Z,PIT,in,0.388,Q2 6:43,-7.0,PIT,Pittsburgh Steelers D/ST,DST,8.1,1.0,1.37,2.37,5.63,5.96,0.029,1.0,2.37,,0.0,0
2026-10-02 01:20:52Z,PIT,in,0.388,Q2 6:43,-7.0,96,Aaron Rodgers,QB,15.4,6.56,11.62,18.18,16.07,15.98,0.0,1.0,18.18,,0.0,0
2026-10-02 01:20:52Z,CLE,in,0.388,Q2 6:43,7.0,11261,Andre Szmyt,K,6.9,2.0,4.12,6.12,6.12,6.22,0.029,1.0,6.12,,0.0,0
2026-10-02 01:20:52Z,PIT,in,0.388,Q2 6:43,-7.0,7021,Rico Dowdle,RB,8.4,0.0,4.71,4.71,4.64,5.14,0.388,1.0,4.71,,0.0,0
2026-10-02 01:20:52Z,PIT,in,0.388,Q2 6:43,-7.0,11630,Roman Wilson,WR,5.7,8.2,4.57,12.77,12.6,11.69,0.188,1.0,12.77,,0.0,0
2026-10-02 01:20:52Z,CLE,in,0.388,Q2 6:43,7.0,12523,Jimmy Horn,WR,1.5,0.0,0.79,0.79,0.83,0.92,0.388,1.0,0.79,,0.0,0
2026-10-02 01:20:52Z,CLE,in,0.388,Q2 6:43,7.0,11617,Malachi Corley,WR,0.5,0.0,0.26,0.26,0.28,0.31,0.388,1.0,0.26,,0.0,0
2026-10-02 01:20:52Z,PIT,in,0.388,Q2 6:43,-7.0,9479,Darnell Washington,TE,4.9,2.6,3.48,6.08,5.71,5.6,0.081,1.0,6.08,,0.0,0
2026-10-02 01:20:52Z,CLE,in,0.388,Q2 6:43,7.0,CLE,Cleveland Browns D/ST,DST,7.0,7.0,0.07,7.07,11.94,11.28,0.124,1.0,7.07,,0.0,0
2026-10-02 01:20:52Z,PIT,in,0.388,Q2 6:43,-7.0,1945,Chris Boswell,K,8.1,1.0,4.63,5.63,5.63,5.96,0.188,1.0,5.63,,0.0,0
2026-10-02 01:20:52Z,CLE,in,0.388,Q2 6:43,7.0,12512,Quinshon Judkins,RB,11.8,10.8,8.35,19.15,18.97,18.02,0.029,1.0,19.15,,0.0,0
2026-10-02 01:20:52Z,PIT,in,0.388,Q2 6:43,-7.0,7600,Pat Freiermuth,TE,7.8,3.4,5.47,8.87,8.23,8.17,0.019,1.0,8.87,,0.0,0
2026-10-02 01:20:52Z,PIT,in,0.388,Q2 6:43,-7.0,8228,Jaylen Warren,RB,13.6,10.1,9.79,19.89,19.16,18.42,0.001,1.0,19.89,,0.0,0
2026-10-02 01:20:52Z,CLE,in,0.388,Q2 6:43,7.0,12503,Isaiah Bond,WR,1.6,1.2,0.96,2.16,2.27,2.18,0.367,1.0,2.16,,0.0,0
2026-10-02 01:20:52Z,PIT,in,0.388,Q2 6:43,-7.0,13274,Germie Bernard,WR,4.5,0.0,2.96,2.96,2.49,2.75,0.388,1.0,2.96,,0.0,0
2026-10-02 01:20:52Z,CLE,in,0.388,Q2 6:43,7.0,12506,Harold Fannin,TE,10.6,2.3,5.81,8.11,8.51,8.79,0.107,1.0,8.11,,0.0,0
2026-10-02 01:20:52Z,CLE,in,0.388,Q2 6:43,7.0,13346,Denzel Boston,WR,9.4,8.5,5.81,14.31,14.99,14.25,0.052,1.0,14.31,,0.0,0
2026-10-02 01:20:52Z,CLE,in,0.388,Q2 6:43,7.0,4017,Deshaun Watson,QB,14.0,5.0,7.97,12.97,13.5,13.57,0.029,1.0,12.97,,0.0,0
2026-10-02 01:20:52Z,PIT,in,0.388,Q2 6:43,-7.0,13289,Drew Allar,QB,0.5,0.0,0.33,0.33,0.28,0.31,0.388,0.3,0.1,,0.0,0
2026-10-02 01:20:52Z,CLE,in,0.388,Q2 6:43,7.0,13298,KC Concepcion,WR,9.9,4.6,5.68,10.28,10.77,10.66,0.052,1.0,10.28,,0.0,0
2026-10-02 01:20:52Z,PIT,in,0.388,Q2 6:43,-7.0,6819,Michael Pittman,WR,9.7,3.5,6.73,10.23,9.4,9.44,0.0,1.0,10.23,,0.0,0
2026-10-02 01:20:52Z,PIT,in,0.388,Q2 6:43,-7.0,5846,DK Metcalf,WR,11.2,4.2,7.78,11.98,11.03,11.05,0.266,1.0,11.98,,0.0,0
2026-10-02 01:21:52Z,CLE,in,0.411,Q2 5:21,7.0,6783,Jerry Jeudy,WR,4.8,0.0,2.4,2.4,2.54,2.83,0.411,1.0,2.4,,0.0,0
2026-10-02 01:21:52Z,PIT,in,0.411,Q2 5:21,-7.0,PIT,Pittsburgh Steelers D/ST,DST,8.1,1.0,1.28,2.28,5.43,5.77,0.052,1.0,2.28,,0.0,0
2026-10-02 01:21:52Z,PIT,in,0.411,Q2 5:21,-7.0,96,Aaron Rodgers,QB,15.4,6.56,11.04,17.6,15.67,15.63,0.023,1.0,17.6,,0.0,0
2026-10-02 01:21:52Z,CLE,in,0.411,Q2 5:21,7.0,11261,Andre Szmyt,K,6.9,2.0,3.94,5.94,5.94,6.07,0.052,1.0,5.94,,0.0,0
2026-10-02 01:21:52Z,PIT,in,0.411,Q2 5:21,-7.0,7021,Rico Dowdle,RB,8.4,0.0,4.48,4.48,4.44,4.95,0.411,1.0,4.48,,0.0,0
2026-10-02 01:21:52Z,PIT,in,0.411,Q2 5:21,-7.0,11630,Roman Wilson,WR,5.7,8.2,4.37,12.57,12.42,11.56,0.211,1.0,12.57,,0.0,0
2026-10-02 01:21:52Z,CLE,in,0.411,Q2 5:21,7.0,12523,Jimmy Horn,WR,1.5,0.0,0.75,0.75,0.79,0.88,0.411,1.0,0.75,,0.0,0
2026-10-02 01:21:52Z,CLE,in,0.411,Q2 5:21,7.0,11617,Malachi Corley,WR,0.5,0.0,0.25,0.25,0.26,0.29,0.411,1.0,0.25,,0.0,0
2026-10-02 01:21:52Z,PIT,in,0.411,Q2 5:21,-7.0,9479,Darnell Washington,TE,4.9,2.6,3.33,5.93,5.57,5.49,0.104,1.0,5.93,,0.0,0
2026-10-02 01:21:52Z,CLE,in,0.411,Q2 5:21,7.0,CLE,Cleveland Browns D/ST,DST,7.0,8.0,-0.12,7.88,12.88,12.12,0.0,1.0,7.88,,0.0,0
2026-10-02 01:21:52Z,PIT,in,0.411,Q2 5:21,-7.0,1945,Chris Boswell,K,8.1,0.0,4.28,4.28,4.28,4.77,0.0,1.0,4.28,,0.0,0
2026-10-02 01:21:52Z,CLE,in,0.411,Q2 5:21,7.0,12512,Quinshon Judkins,RB,11.8,10.8,7.96,18.76,18.63,17.75,0.052,1.0,18.76,,0.0,0
2026-10-02 01:21:52Z,PIT,in,0.411,Q2 5:21,-7.0,7600,Pat Freiermuth,TE,7.8,3.4,5.22,8.62,8.02,8.0,0.041,1.0,8.62,,0.0,0
2026-10-02 01:21:52Z,PIT,in,0.411,Q2 5:21,-7.0,8228,Jaylen Warren,RB,13.6,10.1,9.32,19.42,18.78,18.11,0.024,1.0,19.42,,0.0,0
2026-10-02 01:21:52Z,CLE,in,0.411,Q2 5:21,7.0,12503,Isaiah Bond,WR,1.6,1.2,0.92,2.12,2.22,2.14,0.39,1.0,2.12,,0.0,0
2026-10-02 01:21:52Z,PIT,in,0.411,Q2 5:21,-7.0,13274,Germie Bernard,WR,4.5,0.0,2.82,2.82,2.38,2.65,0.411,1.0,2.82,,0.0,0
2026-10-02 01:21:52Z,CLE,in,0.411,Q2 5:21,7.0,12506,Harold Fannin,TE,10.6,2.3,5.52,7.82,8.24,8.55,0.129,1.0,7.82,,0.0,0
2026-10-02 01:21:52Z,CLE,in,0.411,Q2 5:21,7.0,13346,Denzel Boston,WR,9.4,8.5,5.52,14.02,14.72,14.04,0.075,1.0,14.02,,0.0,0
2026-10-02 01:21:52Z,CLE,in,0.411,Q2 5:21,7.0,4017,Deshaun Watson,QB,14.0,5.0,7.54,12.54,13.14,13.25,0.052,1.0,12.54,,0.0,0
2026-10-02 01:21:52Z,PIT,in,0.411,Q2 5:21,-7.0,13289,Drew Allar,QB,0.5,0.0,0.32,0.32,0.26,0.29,0.411,0.3,0.1,,0.0,0
2026-10-02 01:21:52Z,CLE,in,0.411,Q2 5:21,7.0,13298,KC Concepcion,WR,9.9,4.6,5.39,9.99,10.51,10.43,0.075,1.0,9.99,,0.0,0
2026-10-02 01:21:52Z,PIT,in,0.411,Q2 5:21,-7.0,6819,Michael Pittman,WR,9.7,3.5,6.43,9.93,9.14,9.21,0.023,1.0,9.93,,0.0,0
2026-10-02 01:21:52Z,PIT,in,0.411,Q2 5:21,-7.0,5846,DK Metcalf,WR,11.2,4.2,7.43,11.63,10.74,10.8,0.289,1.0,11.63,,0.0,0
2026-10-02 01:22:52Z,CLE,in,0.411,Q2 5:21,7.0,6783,Jerry Jeudy,WR,4.8,0.0,2.4,2.4,2.54,2.83,0.411,1.0,2.4,,0.0,0
2026-10-02 01:22:52Z,PIT,in,0.411,Q2 5:21,-7.0,PIT,Pittsburgh Steelers D/ST,DST,8.1,1.0,1.28,2.28,5.43,5.77,0.052,1.0,2.28,,0.0,0
2026-10-02 01:22:52Z,PIT,in,0.411,Q2 5:21,-7.0,96,Aaron Rodgers,QB,15.4,6.56,11.04,17.6,15.67,15.63,0.023,1.0,17.6,,0.0,0
2026-10-02 01:22:52Z,CLE,in,0.411,Q2 5:21,7.0,11261,Andre Szmyt,K,6.9,2.0,3.94,5.94,5.94,6.07,0.052,1.0,5.94,,0.0,0
2026-10-02 01:22:52Z,PIT,in,0.411,Q2 5:21,-7.0,7021,Rico Dowdle,RB,8.4,0.0,4.48,4.48,4.44,4.95,0.411,1.0,4.48,,0.0,0
2026-10-02 01:22:52Z,PIT,in,0.411,Q2 5:21,-7.0,11630,Roman Wilson,WR,5.7,8.2,4.37,12.57,12.42,11.56,0.211,1.0,12.57,,0.0,0
2026-10-02 01:22:52Z,CLE,in,0.411,Q2 5:21,7.0,12523,Jimmy Horn,WR,1.5,0.0,0.75,0.75,0.79,0.88,0.411,1.0,0.75,,0.0,0
2026-10-02 01:22:52Z,CLE,in,0.411,Q2 5:21,7.0,11617,Malachi Corley,WR,0.5,0.0,0.25,0.25,0.26,0.29,0.411,1.0,0.25,,0.0,0
2026-10-02 01:22:52Z,PIT,in,0.411,Q2 5:21,-7.0,9479,Darnell Washington,TE,4.9,2.6,3.33,5.93,5.57,5.49,0.104,1.0,5.93,,0.0,0
2026-10-02 01:22:52Z,CLE,in,0.411,Q2 5:21,7.0,CLE,Cleveland Browns D/ST,DST,7.0,8.0,-0.12,7.88,12.88,12.12,0.0,1.0,7.88,,0.0,0
2026-10-02 01:22:52Z,PIT,in,0.411,Q2 5:21,-7.0,1945,Chris Boswell,K,8.1,0.0,4.28,4.28,4.28,4.77,0.0,1.0,4.28,,0.0,0
2026-10-02 01:22:52Z,CLE,in,0.411,Q2 5:21,7.0,12512,Quinshon Judkins,RB,11.8,10.8,7.96,18.76,18.63,17.75,0.052,1.0,18.76,,0.0,0
2026-10-02 01:22:52Z,PIT,in,0.411,Q2 5:21,-7.0,7600,Pat Freiermuth,TE,7.8,3.4,5.22,8.62,8.02,8.0,0.041,1.0,8.62,,0.0,0
2026-10-02 01:22:52Z,PIT,in,0.411,Q2 5:21,-7.0,8228,Jaylen Warren,RB,13.6,10.1,9.32,19.42,18.78,18.11,0.024,1.0,19.42,,0.0,0
2026-10-02 01:22:52Z,CLE,in,0.411,Q2 5:21,7.0,12503,Isaiah Bond,WR,1.6,1.2,0.92,2.12,2.22,2.14,0.39,1.0,2.12,,0.0,0
2026-10-02 01:22:52Z,PIT,in,0.411,Q2 5:21,-7.0,13274,Germie Bernard,WR,4.5,0.0,2.82,2.82,2.38,2.65,0.411,1.0,2.82,,0.0,0
2026-10-02 01:22:52Z,CLE,in,0.411,Q2 5:21,7.0,12506,Harold Fannin,TE,10.6,2.3,5.52,7.82,8.24,8.55,0.129,1.0,7.82,,0.0,0
2026-10-02 01:22:52Z,CLE,in,0.411,Q2 5:21,7.0,13346,Denzel Boston,WR,9.4,8.5,5.52,14.02,14.72,14.04,0.075,1.0,14.02,,0.0,0
2026-10-02 01:22:52Z,CLE,in,0.411,Q2 5:21,7.0,4017,Deshaun Watson,QB,14.0,5.0,7.54,12.54,13.14,13.25,0.052,1.0,12.54,,0.0,0
2026-10-02 01:22:52Z,PIT,in,0.411,Q2 5:21,-7.0,13289,Drew Allar,QB,0.5,0.0,0.32,0.32,0.26,0.29,0.411,0.3,0.1,,0.0,0
2026-10-02 01:22:52Z,CLE,in,0.411,Q2 5:21,7.0,13298,KC Concepcion,WR,9.9,4.6,5.39,9.99,10.51,10.43,0.075,1.0,9.99,,0.0,0
2026-10-02 01:22:52Z,PIT,in,0.411,Q2 5:21,-7.0,6819,Michael Pittman,WR,9.7,3.5,6.43,9.93,9.14,9.21,0.023,1.0,9.93,,0.0,0
2026-10-02 01:22:52Z,PIT,in,0.411,Q2 5:21,-7.0,5846,DK Metcalf,WR,11.2,4.2,7.43,11.63,10.74,10.8,0.289,1.0,11.63,,0.0,0
2026-10-02 01:23:53Z,CLE,in,0.411,Q2 5:21,7.0,6783,Jerry Jeudy,WR,4.8,0.0,2.4,2.4,2.54,2.83,0.411,1.0,2.4,,0.0,0
2026-10-02 01:23:53Z,PIT,in,0.411,Q2 5:21,-7.0,PIT,Pittsburgh Steelers D/ST,DST,8.1,1.0,1.28,2.28,5.43,5.77,0.052,1.0,2.28,,0.0,0
2026-10-02 01:23:53Z,PIT,in,0.411,Q2 5:21,-7.0,96,Aaron Rodgers,QB,15.4,6.56,11.04,17.6,15.67,15.63,0.023,1.0,17.6,,0.0,0
2026-10-02 01:23:53Z,CLE,in,0.411,Q2 5:21,7.0,11261,Andre Szmyt,K,6.9,2.0,3.94,5.94,5.94,6.07,0.052,1.0,5.94,,0.0,0
2026-10-02 01:23:53Z,PIT,in,0.411,Q2 5:21,-7.0,7021,Rico Dowdle,RB,8.4,0.0,4.48,4.48,4.44,4.95,0.411,1.0,4.48,,0.0,0
2026-10-02 01:23:53Z,PIT,in,0.411,Q2 5:21,-7.0,11630,Roman Wilson,WR,5.7,8.2,4.37,12.57,12.42,11.56,0.211,1.0,12.57,,0.0,0
2026-10-02 01:23:53Z,CLE,in,0.411,Q2 5:21,7.0,12523,Jimmy Horn,WR,1.5,0.0,0.75,0.75,0.79,0.88,0.411,1.0,0.75,,0.0,0
2026-10-02 01:23:53Z,CLE,in,0.411,Q2 5:21,7.0,11617,Malachi Corley,WR,0.5,0.0,0.25,0.25,0.26,0.29,0.411,1.0,0.25,,0.0,0
2026-10-02 01:23:53Z,PIT,in,0.411,Q2 5:21,-7.0,9479,Darnell Washington,TE,4.9,2.6,3.33,5.93,5.57,5.49,0.104,1.0,5.93,,0.0,0
2026-10-02 01:23:53Z,CLE,in,0.411,Q2 5:21,7.0,CLE,Cleveland Browns D/ST,DST,7.0,8.0,-0.12,7.88,12.88,12.12,0.0,1.0,7.88,,0.0,0
2026-10-02 01:23:53Z,PIT,in,0.411,Q2 5:21,-7.0,1945,Chris Boswell,K,8.1,0.0,4.28,4.28,4.28,4.77,0.0,1.0,4.28,,0.0,0
2026-10-02 01:23:53Z,CLE,in,0.411,Q2 5:21,7.0,12512,Quinshon Judkins,RB,11.8,10.7,7.94,18.64,18.51,17.65,0.0,1.0,18.64,,0.0,0
2026-10-02 01:23:53Z,PIT,in,0.411,Q2 5:21,-7.0,7600,Pat Freiermuth,TE,7.8,3.4,5.22,8.62,8.02,8.0,0.041,1.0,8.62,,0.0,0
2026-10-02 01:23:53Z,PIT,in,0.411,Q2 5:21,-7.0,8228,Jaylen Warren,RB,13.6,10.1,9.32,19.42,18.78,18.11,0.024,1.0,19.42,,0.0,0
2026-10-02 01:23:53Z,CLE,in,0.411,Q2 5:21,7.0,12503,Isaiah Bond,WR,1.6,1.2,0.92,2.12,2.22,2.14,0.39,1.0,2.12,,0.0,0
2026-10-02 01:23:53Z,PIT,in,0.411,Q2 5:21,-7.0,13274,Germie Bernard,WR,4.5,0.0,2.82,2.82,2.38,2.65,0.411,1.0,2.82,,0.0,0
2026-10-02 01:23:53Z,CLE,in,0.411,Q2 5:21,7.0,12506,Harold Fannin,TE,10.6,2.3,5.52,7.82,8.24,8.55,0.129,1.0,7.82,,0.0,0
2026-10-02 01:23:53Z,CLE,in,0.411,Q2 5:21,7.0,13346,Denzel Boston,WR,9.4,8.5,5.52,14.02,14.72,14.04,0.075,1.0,14.02,,0.0,0
2026-10-02 01:23:53Z,CLE,in,0.411,Q2 5:21,7.0,4017,Deshaun Watson,QB,14.0,5.0,7.54,12.54,13.14,13.25,0.052,1.0,12.54,,0.0,0
2026-10-02 01:23:53Z,PIT,in,0.411,Q2 5:21,-7.0,13289,Drew Allar,QB,0.5,0.0,0.32,0.32,0.26,0.29,0.411,0.3,0.1,,0.0,0
2026-10-02 01:23:53Z,CLE,in,0.411,Q2 5:21,7.0,13298,KC Concepcion,WR,9.9,4.6,5.39,9.99,10.51,10.43,0.075,1.0,9.99,,0.0,0
2026-10-02 01:23:53Z,PIT,in,0.411,Q2 5:21,-7.0,6819,Michael Pittman,WR,9.7,3.5,6.43,9.93,9.14,9.21,0.023,1.0,9.93,,0.0,0
2026-10-02 01:23:53Z,PIT,in,0.411,Q2 5:21,-7.0,5846,DK Metcalf,WR,11.2,4.2,7.43,11.63,10.74,10.8,0.289,1.0,11.63,,0.0,0
2026-10-02 01:24:53Z,CLE,in,0.411,Q2 5:21,7.0,6783,Jerry Jeudy,WR,4.8,0.0,2.4,2.4,2.54,2.83,0.411,1.0,2.4,,0.0,0
2026-10-02 01:24:53Z,PIT,in,0.411,Q2 5:21,-7.0,PIT,Pittsburgh Steelers D/ST,DST,8.1,1.0,1.28,2.28,5.43,5.77,0.052,1.0,2.28,,0.0,0
2026-10-02 01:24:53Z,PIT,in,0.411,Q2 5:21,-7.0,96,Aaron Rodgers,QB,15.4,6.56,11.04,17.6,15.67,15.63,0.023,1.0,17.6,,0.0,0
2026-10-02 01:24:53Z,CLE,in,0.411,Q2 5:21,7.0,11261,Andre Szmyt,K,6.9,2.0,3.94,5.94,5.94,6.07,0.052,1.0,5.94,,0.0,0
2026-10-02 01:24:53Z,PIT,in,0.411,Q2 5:21,-7.0,7021,Rico Dowdle,RB,8.4,0.0,4.48,4.48,4.44,4.95,0.411,1.0,4.48,,0.0,0
2026-10-02 01:24:53Z,PIT,in,0.411,Q2 5:21,-7.0,11630,Roman Wilson,WR,5.7,8.2,4.37,12.57,12.42,11.56,0.211,1.0,12.57,,0.0,0
2026-10-02 01:24:53Z,CLE,in,0.411,Q2 5:21,7.0,12523,Jimmy Horn,WR,1.5,0.0,0.75,0.75,0.79,0.88,0.411,1.0,0.75,,0.0,0
2026-10-02 01:24:53Z,CLE,in,0.411,Q2 5:21,7.0,11617,Malachi Corley,WR,0.5,0.0,0.25,0.25,0.26,0.29,0.411,1.0,0.25,,0.0,0
2026-10-02 01:24:53Z,PIT,in,0.411,Q2 5:21,-7.0,9479,Darnell Washington,TE,4.9,2.6,3.33,5.93,5.57,5.49,0.104,1.0,5.93,,0.0,0
2026-10-02 01:24:53Z,CLE,in,0.411,Q2 5:21,7.0,CLE,Cleveland Browns D/ST,DST,7.0,8.0,-0.12,7.88,12.88,12.12,0.0,1.0,7.88,,0.0,0
2026-10-02 01:24:53Z,PIT,in,0.411,Q2 5:21,-7.0,1945,Chris Boswell,K,8.1,0.0,4.28,4.28,4.28,4.77,0.0,1.0,4.28,,0.0,0
2026-10-02 01:24:53Z,CLE,in,0.411,Q2 5:21,7.0,12512,Quinshon Judkins,RB,11.8,10.7,7.94,18.64,18.51,17.65,0.0,1.0,18.64,,0.0,0
2026-10-02 01:24:53Z,PIT,in,0.411,Q2 5:21,-7.0,7600,Pat Freiermuth,TE,7.8,3.4,5.22,8.62,8.02,8.0,0.041,1.0,8.62,,0.0,0
2026-10-02 01:24:53Z,PIT,in,0.411,Q2 5:21,-7.0,8228,Jaylen Warren,RB,13.6,10.1,9.32,19.42,18.78,18.11,0.024,1.0,19.42,,0.0,0
2026-10-02 01:24:53Z,CLE,in,0.411,Q2 5:21,7.0,12503,Isaiah Bond,WR,1.6,1.2,0.92,2.12,2.22,2.14,0.39,1.0,2.12,,0.0,0
2026-10-02 01:24:53Z,PIT,in,0.411,Q2 5:21,-7.0,13274,Germie Bernard,WR,4.5,0.0,2.82,2.82,2.38,2.65,0.411,1.0,2.82,,0.0,0
2026-10-02 01:24:53Z,CLE,in,0.411,Q2 5:21,7.0,12506,Harold Fannin,TE,10.6,2.3,5.52,7.82,8.24,8.55,0.129,1.0,7.82,,0.0,0
2026-10-02 01:24:53Z,CLE,in,0.411,Q2 5:21,7.0,13346,Denzel Boston,WR,9.4,8.5,5.52,14.02,14.72,14.04,0.075,1.0,14.02,,0.0,0
2026-10-02 01:24:53Z,CLE,in,0.411,Q2 5:21,7.0,4017,Deshaun Watson,QB,14.0,5.28,7.59,12.87,13.46,13.53,0.0,1.0,12.87,,0.0,0
2026-10-02 01:24:53Z,PIT,in,0.411,Q2 5:21,-7.0,13289,Drew Allar,QB,0.5,0.0,0.32,0.32,0.26,0.29,0.411,0.3,0.1,,0.0,0
2026-10-02 01:24:53Z,CLE,in,0.411,Q2 5:21,7.0,13298,KC Concepcion,WR,9.9,6.3,5.56,11.86,12.46,12.13,0.0,1.0,11.86,,0.0,0
2026-10-02 01:24:53Z,PIT,in,0.411,Q2 5:21,-7.0,6819,Michael Pittman,WR,9.7,3.5,6.43,9.93,9.14,9.21,0.023,1.0,9.93,,0.0,0
2026-10-02 01:24:53Z,PIT,in,0.411,Q2 5:21,-7.0,5846,DK Metcalf,WR,11.2,4.2,7.43,11.63,10.74,10.8,0.289,1.0,11.63,,0.0,0
2026-10-02 01:25:53Z,CLE,in,0.419,Q2 4:53,7.0,6783,Jerry Jeudy,WR,4.8,0.0,2.34,2.34,2.5,2.79,0.419,1.0,2.34,,0.0,0
2026-10-02 01:25:53Z,PIT,in,0.419,Q2 4:53,-7.0,PIT,Pittsburgh Steelers D/ST,DST,8.1,1.0,1.24,2.24,5.36,5.71,0.06,1.0,2.24,,0.0,0
2026-10-02 01:25:53Z,PIT,in,0.419,Q2 4:53,-7.0,96,Aaron Rodgers,QB,15.4,6.56,10.8,17.36,15.53,15.51,0.031,1.0,17.36,,0.0,0
2026-10-02 01:25:53Z,CLE,in,0.419,Q2 4:53,7.0,11261,Andre Szmyt,K,6.9,2.0,3.88,5.88,5.88,6.01,0.06,1.0,5.88,,0.0,0
2026-10-02 01:25:53Z,PIT,in,0.419,Q2 4:53,-7.0,7021,Rico Dowdle,RB,8.4,0.0,4.39,4.39,4.37,4.88,0.419,1.0,4.39,,0.0,0
2026-10-02 01:25:53Z,PIT,in,0.419,Q2 4:53,-7.0,11630,Roman Wilson,WR,5.7,8.2,4.29,12.49,12.36,11.51,0.218,1.0,12.49,,0.0,0
2026-10-02 01:25:53Z,CLE,in,0.419,Q2 4:53,7.0,12523,Jimmy Horn,WR,1.5,0.0,0.73,0.73,0.78,0.87,0.419,1.0,0.73,,0.0,0
2026-10-02 01:25:53Z,CLE,in,0.419,Q2 4:53,7.0,11617,Malachi Corley,WR,0.5,0.0,0.24,0.24,0.26,0.29,0.419,1.0,0.24,,0.0,0
2026-10-02 01:25:53Z,PIT,in,0.419,Q2 4:53,-7.0,9479,Darnell Washington,TE,4.9,2.6,3.26,5.86,5.53,5.45,0.111,1.0,5.86,,0.0,0
2026-10-02 01:25:53Z,CLE,in,0.419,Q2 4:53,7.0,CLE,Cleveland Browns D/ST,DST,7.0,8.0,-0.08,7.92,12.81,12.07,0.008,1.0,7.92,,0.0,0
2026-10-02 01:25:53Z,PIT,in,0.419,Q2 4:53,-7.0,1945,Chris Boswell,K,8.1,0.0,4.22,4.22,4.22,4.71,0.008,1.0,4.22,,0.0,0
2026-10-02 01:25:53Z,CLE,in,0.419,Q2 4:53,7.0,12512,Quinshon Judkins,RB,11.8,10.7,7.79,18.49,18.4,17.56,0.008,1.0,18.49,,0.0,0
2026-10-02 01:25:53Z,PIT,in,0.419,Q2 4:53,-7.0,7600,Pat Freiermuth,TE,7.8,3.4,5.12,8.52,7.95,7.93,0.049,1.0,8.52,,0.0,0
2026-10-02 01:25:53Z,PIT,in,0.419,Q2 4:53,-7.0,8228,Jaylen Warren,RB,13.6,10.1,9.14,19.24,18.65,18.01,0.031,1.0,19.24,,0.0,0
2026-10-02 01:25:53Z,CLE,in,0.419,Q2 4:53,7.0,12503,Isaiah Bond,WR,1.6,1.2,0.9,2.1,2.21,2.13,0.397,1.0,2.1,,0.0,0
2026-10-02 01:25:53Z,PIT,in,0.419,Q2 4:53,-7.0,13274,Germie Bernard,WR,4.5,0.0,2.76,2.76,2.34,2.62,0.419,1.0,2.76,,0.0,0
2026-10-02 01:25:53Z,CLE,in,0.419,Q2 4:53,7.0,12506,Harold Fannin,TE,10.6,2.3,5.39,7.69,8.15,8.46,0.137,1.0,7.69,,0.0,0
2026-10-02 01:25:53Z,CLE,in,0.419,Q2 4:53,7.0,13346,Denzel Boston,WR,9.4,8.5,5.4,13.9,14.63,13.97,0.082,1.0,13.9,,0.0,0
2026-10-02 01:25:53Z,CLE,in,0.419,Q2 4:53,7.0,4017,Deshaun Watson,QB,14.0,5.28,7.41,12.69,13.34,13.42,0.008,1.0,12.69,,0.0,0
2026-10-02 01:25:53Z,PIT,in,0.419,Q2 4:53,-7.0,13289,Drew Allar,QB,0.5,0.0,0.31,0.31,0.26,0.29,0.419,0.3,0.09,,0.0,0
2026-10-02 01:25:53Z,CLE,in,0.419,Q2 4:53,7.0,13298,KC Concepcion,WR,9.9,6.3,5.43,11.73,12.37,12.06,0.008,1.0,11.73,,0.0,0
2026-10-02 01:25:53Z,PIT,in,0.419,Q2 4:53,-7.0,6819,Michael Pittman,WR,9.7,3.5,6.29,9.79,9.06,9.14,0.031,1.0,9.79,,0.0,0
2026-10-02 01:25:53Z,PIT,in,0.419,Q2 4:53,-7.0,5846,DK Metcalf,WR,11.2,4.2,7.28,11.48,10.64,10.71,0.297,1.0,11.48,,0.0,0
2026-10-02 01:26:53Z,CLE,in,0.427,Q2 4:22,7.0,6783,Jerry Jeudy,WR,4.8,0.0,2.28,2.28,2.46,2.75,0.427,1.0,2.28,,0.0,0
2026-10-02 01:26:53Z,PIT,in,0.427,Q2 4:22,-7.0,PIT,Pittsburgh Steelers D/ST,DST,8.1,1.0,1.2,2.2,5.29,5.64,0.068,1.0,2.2,,0.0,0
2026-10-02 01:26:53Z,PIT,in,0.427,Q2 4:22,-7.0,96,Aaron Rodgers,QB,15.4,6.56,10.54,17.1,15.38,15.38,0.039,1.0,17.1,,0.0,0
2026-10-02 01:26:53Z,CLE,in,0.427,Q2 4:22,7.0,11261,Andre Szmyt,K,6.9,2.0,3.82,5.82,5.82,5.95,0.068,1.0,5.82,,0.0,0
2026-10-02 01:26:53Z,PIT,in,0.427,Q2 4:22,-7.0,7021,Rico Dowdle,RB,8.4,0.0,4.29,4.29,4.3,4.81,0.427,1.0,4.29,,0.0,0
2026-10-02 01:26:53Z,PIT,in,0.427,Q2 4:22,-7.0,11630,Roman Wilson,WR,5.7,8.2,4.19,12.39,12.29,11.46,0.227,1.0,12.39,,0.0,0
2026-10-02 01:26:53Z,CLE,in,0.427,Q2 4:22,7.0,12523,Jimmy Horn,WR,1.5,0.0,0.71,0.71,0.77,0.86,0.427,1.0,0.71,,0.0,0
2026-10-02 01:26:53Z,CLE,in,0.427,Q2 4:22,7.0,11617,Malachi Corley,WR,0.5,0.0,0.24,0.24,0.26,0.29,0.427,1.0,0.24,,0.0,0
2026-10-02 01:26:53Z,PIT,in,0.427,Q2 4:22,-7.0,9479,Darnell Washington,TE,4.9,2.6,3.18,5.78,5.48,5.41,0.12,1.0,5.78,,0.0,0
2026-10-02 01:26:53Z,CLE,in,0.427,Q2 4:22,7.0,CLE,Cleveland Browns D/ST,DST,7.0,8.0,-0.04,7.96,12.73,12.01,0.016,1.0,7.96,,0.0,0
2026-10-02 01:26:53Z,PIT,in,0.427,Q2 4:22,-7.0,1945,Chris Boswell,K,8.1,0.0,4.14,4.14,4.14,4.64,0.016,1.0,4.14,,0.0,0
2026-10-02 01:26:53Z,CLE,in,0.427,Q2 4:22,7.0,12512,Quinshon Judkins,RB,11.8,10.9,7.66,18.56,18.5,17.66,0.0,1.0,18.56,,0.0,0
2026-10-02 01:26:53Z,PIT,in,0.427,Q2 4:22,-7.0,7600,Pat Freiermuth,TE,7.8,3.4,5.0,8.4,7.88,7.87,0.058,1.0,8.4,,0.0,0
2026-10-02 01:26:53Z,PIT,in,0.427,Q2 4:22,-7.0,8228,Jaylen Warren,RB,13.6,10.1,8.94,19.04,18.5,17.89,0.04,1.0,19.04,,0.0,0
2026-10-02 01:26:53Z,CLE,in,0.427,Q2 4:22,7.0,12503,Isaiah Bond,WR,1.6,1.2,0.87,2.07,2.19,2.12,0.406,1.0,2.07,,0.0,0
2026-10-02 01:26:53Z,PIT,in,0.427,Q2 4:22,-7.0,13274,Germie Bernard,WR,4.5,0.0,2.7,2.7,2.3,2.58,0.427,1.0,2.7,,0.0,0
2026-10-02 01:26:53Z,CLE,in,0.427,Q2 4:22,7.0,12506,Harold Fannin,TE,10.6,2.3,5.26,7.56,8.05,8.37,0.146,1.0,7.56,,0.0,0
2026-10-02 01:26:53Z,CLE,in,0.427,Q2 4:22,7.0,13346,Denzel Boston,WR,9.4,8.5,5.27,13.77,14.53,13.88,0.091,1.0,13.77,,0.0,0
2026-10-02 01:26:53Z,CLE,in,0.427,Q2 4:22,7.0,4017,Deshaun Watson,QB,14.0,5.28,7.21,12.49,13.2,13.3,0.016,1.0,12.49,,0.0,0
2026-10-02 01:26:53Z,PIT,in,0.427,Q2 4:22,-7.0,13289,Drew Allar,QB,0.5,0.0,0.3,0.3,0.26,0.29,0.427,0.3,0.09,,0.0,0
2026-10-02 01:26:53Z,CLE,in,0.427,Q2 4:22,7.0,13298,KC Concepcion,WR,9.9,6.3,5.3,11.6,12.27,11.97,0.016,1.0,11.6,,0.0,0
2026-10-02 01:26:53Z,PIT,in,0.427,Q2 4:22,-7.0,6819,Michael Pittman,WR,9.7,3.5,6.15,9.65,8.96,9.06,0.039,1.0,9.65,,0.0,0
2026-10-02 01:26:53Z,PIT,in,0.427,Q2 4:22,-7.0,5846,DK Metcalf,WR,11.2,4.2,7.12,11.32,10.53,10.62,0.305,1.0,11.32,,0.0,0
2026-10-02 01:27:54Z,CLE,in,0.433,Q2 4:00,7.0,6783,Jerry Jeudy,WR,4.8,0.0,2.24,2.24,2.43,2.72,0.433,1.0,2.24,,0.0,0
2026-10-02 01:27:54Z,PIT,in,0.433,Q2 4:00,-7.0,PIT,Pittsburgh Steelers D/ST,DST,8.1,1.0,1.17,2.17,5.23,5.59,0.074,1.0,2.17,,0.0,0
2026-10-02 01:27:54Z,PIT,in,0.433,Q2 4:00,-7.0,96,Aaron Rodgers,QB,15.4,6.56,10.35,16.91,15.27,15.29,0.045,1.0,16.91,,0.0,0
2026-10-02 01:27:54Z,CLE,in,0.433,Q2 4:00,7.0,11261,Andre Szmyt,K,6.9,2.0,3.77,5.77,5.77,5.91,0.074,1.0,5.77,,0.0,0
2026-10-02 01:27:54Z,PIT,in,0.433,Q2 4:00,-7.0,7021,Rico Dowdle,RB,8.4,0.0,4.22,4.22,4.24,4.76,0.433,1.0,4.22,,0.0,0
2026-10-02 01:27:54Z,PIT,in,0.433,Q2 4:00,-7.0,11630,Roman Wilson,WR,5.7,8.2,4.13,12.33,12.24,11.43,0.233,1.0,12.33,,0.0,0
2026-10-02 01:27:54Z,CLE,in,0.433,Q2 4:00,7.0,12523,Jimmy Horn,WR,1.5,0.0,0.7,0.7,0.76,0.85,0.433,1.0,0.7,,0.0,0
2026-10-02 01:27:54Z,CLE,in,0.433,Q2 4:00,7.0,11617,Malachi Corley,WR,0.5,0.0,0.23,0.23,0.25,0.28,0.433,1.0,0.23,,0.0,0
2026-10-02 01:27:54Z,PIT,in,0.433,Q2 4:00,-7.0,9479,Darnell Washington,TE,4.9,2.6,3.13,5.73,5.44,5.38,0.126,1.0,5.73,,0.0,0
2026-10-02 01:27:54Z,CLE,in,0.433,Q2 4:00,7.0,CLE,Cleveland Browns D/ST,DST,7.0,8.0,-0.02,7.98,12.67,11.97,0.023,1.0,7.98,,0.0,0
2026-10-02 01:27:54Z,PIT,in,0.433,Q2 4:00,-7.0,1945,Chris Boswell,K,8.1,0.0,4.09,4.09,4.09,4.59,0.023,1.0,4.09,,0.0,0
2026-10-02 01:27:54Z,CLE,in,0.433,Q2 4:00,7.0,12512,Quinshon Judkins,RB,11.8,10.9,7.55,18.45,18.41,17.59,0.006,1.0,18.45,,0.0,0
2026-10-02 01:27:54Z,PIT,in,0.433,Q2 4:00,-7.0,7600,Pat Freiermuth,TE,7.8,3.4,4.92,8.32,7.82,7.82,0.064,1.0,8.32,,0.0,0
2026-10-02 01:27:54Z,PIT,in,0.433,Q2 4:00,-7.0,8228,Jaylen Warren,RB,13.6,10.1,8.8,18.9,18.4,17.81,0.046,1.0,18.9,,0.0,0
2026-10-02 01:27:54Z,CLE,in,0.433,Q2 4:00,7.0,12503,Isaiah Bond,WR,1.6,1.2,0.86,2.06,2.18,2.11,0.412,1.0,2.06,,0.0,0
2026-10-02 01:27:54Z,PIT,in,0.433,Q2 4:00,-7.0,13274,Germie Bernard,WR,4.5,0.0,2.65,2.65,2.27,2.55,0.433,1.0,2.65,,0.0,0
2026-10-02 01:27:54Z,CLE,in,0.433,Q2 4:00,7.0,12506,Harold Fannin,TE,10.6,2.3,5.16,7.46,7.98,8.31,0.152,1.0,7.46,,0.0,0
2026-10-02 01:27:54Z,CLE,in,0.433,Q2 4:00,7.0,13346,Denzel Boston,WR,9.4,10.4,5.35,15.75,16.62,15.73,0.0,1.0,15.75,,0.0,0
2026-10-02 01:27:54Z,CLE,in,0.433,Q2 4:00,7.0,4017,Deshaun Watson,QB,14.0,5.64,7.14,12.78,13.51,13.57,0.0,1.0,12.78,,0.0,0
2026-10-02 01:27:54Z,PIT,in,0.433,Q2 4:00,-7.0,13289,Drew Allar,QB,0.5,0.0,0.3,0.3,0.25,0.28,0.433,0.3,0.09,,0.0,0
2026-10-02 01:27:54Z,CLE,in,0.433,Q2 4:00,7.0,13298,KC Concepcion,WR,9.9,6.3,5.21,11.51,12.19,11.91,0.023,1.0,11.51,,0.0,0
2026-10-02 01:27:54Z,PIT,in,0.433,Q2 4:00,-7.0,6819,Michael Pittman,WR,9.7,3.5,6.05,9.55,8.9,9.0,0.045,1.0,9.55,,0.0,0
2026-10-02 01:27:54Z,PIT,in,0.433,Q2 4:00,-7.0,5846,DK Metcalf,WR,11.2,4.2,7.0,11.2,10.45,10.55,0.311,1.0,11.2,,0.0,0
2026-10-02 01:28:54Z,CLE,in,0.446,Q2 3:13,7.0,6783,Jerry Jeudy,WR,4.8,0.0,2.15,2.15,2.36,2.66,0.446,1.0,2.15,,0.0,0
2026-10-02 01:28:54Z,PIT,in,0.446,Q2 3:13,-7.0,PIT,Pittsburgh Steelers D/ST,DST,8.1,1.0,1.11,2.11,5.12,5.48,0.088,1.0,2.11,,0.0,0
2026-10-02 01:28:54Z,PIT,in,0.446,Q2 3:13,-7.0,96,Aaron Rodgers,QB,15.4,6.56,9.96,16.52,15.04,15.09,0.058,1.0,16.52,,0.0,0
2026-10-02 01:28:54Z,CLE,in,0.446,Q2 3:13,7.0,11261,Andre Szmyt,K,6.9,2.0,3.67,5.67,5.67,5.82,0.088,1.0,5.67,,0.0,0
2026-10-02 01:28:54Z,PIT,in,0.446,Q2 3:13,-7.0,7021,Rico Dowdle,RB,8.4,0.0,4.07,4.07,4.13,4.65,0.446,1.0,4.07,,0.0,0
2026-10-02 01:28:54Z,PIT,in,0.446,Q2 3:13,-7.0,11630,Roman Wilson,WR,5.7,8.2,3.99,12.19,12.14,11.36,0.246,1.0,12.19,,0.0,0
2026-10-02 01:28:54Z,CLE,in,0.446,Q2 3:13,7.0,12523,Jimmy Horn,WR,1.5,0.0,0.67,0.67,0.74,0.83,0.446,1.0,0.67,,0.0,0
2026-10-02 01:28:54Z,CLE,in,0.446,Q2 3:13,7.0,11617,Malachi Corley,WR,0.5,0.0,0.22,0.22,0.25,0.28,0.446,1.0,0.22,,0.0,0
2026-10-02 01:28:54Z,PIT,in,0.446,Q2 3:13,-7.0,9479,Darnell Washington,TE,4.9,2.6,3.02,5.62,5.37,5.31,0.139,1.0,5.62,,0.0,0
2026-10-02 01:28:54Z,CLE,in,0.446,Q2 3:13,7.0,CLE,Cleveland Browns D/ST,DST,7.0,8.0,0.03,8.03,12.55,11.88,0.036,1.0,8.03,,0.0,0
2026-10-02 01:28:54Z,PIT,in,0.446,Q2 3:13,-7.0,1945,Chris Boswell,K,8.1,0.0,3.98,3.98,3.98,4.48,0.036,1.0,3.98,,0.0,0
2026-10-02 01:28:54Z,CLE,in,0.446,Q2 3:13,7.0,12512,Quinshon Judkins,RB,11.8,10.9,7.3,18.2,18.21,17.43,0.019,1.0,18.2,,0.0,0
2026-10-02 01:28:54Z,PIT,in,0.446,Q2 3:13,-7.0,7600,Pat Freiermuth,TE,7.8,3.4,4.74,8.14,7.71,7.72,0.077,1.0,8.14,,0.0,0
2026-10-02 01:28:54Z,PIT,in,0.446,Q2 3:13,-7.0,8228,Jaylen Warren,RB,13.6,10.1,8.5,18.6,18.19,17.63,0.059,1.0,18.6,,0.0,0
2026-10-02 01:28:54Z,CLE,in,0.446,Q2 3:13,7.0,12503,Isaiah Bond,WR,1.6,1.2,0.83,2.03,2.15,2.09,0.425,1.0,2.03,,0.0,0
2026-10-02 01:28:54Z,PIT,in,0.446,Q2 3:13,-7.0,13274,Germie Bernard,WR,4.5,0.0,2.56,2.56,2.21,2.49,0.446,1.0,2.56,,0.0,0
2026-10-02 01:28:54Z,CLE,in,0.446,Q2 3:13,7.0,12506,Harold Fannin,TE,10.6,2.3,4.96,7.26,7.83,8.17,0.165,1.0,7.26,,0.0,0
2026-10-02 01:28:54Z,CLE,in,0.446,Q2 3:13,7.0,13346,Denzel Boston,WR,9.4,10.4,5.16,15.56,16.46,15.6,0.013,1.0,15.56,,0.0,0
2026-10-02 01:28:54Z,CLE,in,0.446,Q2 3:13,7.0,4017,Deshaun Watson,QB,14.0,5.64,6.84,12.48,13.31,13.39,0.013,1.0,12.48,,0.0,0
2026-10-02 01:28:54Z,PIT,in,0.446,Q2 3:13,-7.0,13289,Drew Allar,QB,0.5,0.0,0.29,0.29,0.25,0.28,0.446,0.3,0.09,,0.0,0
2026-10-02 01:28:54Z,CLE,in,0.446,Q2 3:13,7.0,13298,KC Concepcion,WR,9.9,6.3,5.01,11.31,12.04,11.78,0.036,1.0,11.31,,0.0,0
2026-10-02 01:28:54Z,PIT,in,0.446,Q2 3:13,-7.0,6819,Michael Pittman,WR,9.7,3.5,5.83,9.33,8.76,8.87,0.058,1.0,9.33,,0.0,0
2026-10-02 01:28:54Z,PIT,in,0.446,Q2 3:13,-7.0,5846,DK Metcalf,WR,11.2,4.2,6.75,10.95,10.29,10.4,0.324,1.0,10.95,,0.0,0
2026-10-02 01:29:55Z,CLE,in,0.467,Q2 2:00,7.0,6783,Jerry Jeudy,WR,4.8,0.0,2.02,2.02,2.26,2.56,0.467,1.0,2.02,,0.0,0
2026-10-02 01:29:55Z,PIT,in,0.467,Q2 2:00,-7.0,PIT,Pittsburgh Steelers D/ST,DST,8.1,1.0,1.02,2.02,4.95,5.32,0.108,1.0,2.02,,0.0,0
2026-10-02 01:29:55Z,PIT,in,0.467,Q2 2:00,-7.0,96,Aaron Rodgers,QB,15.4,6.56,9.37,15.93,14.69,14.77,0.079,1.0,15.93,,0.0,0
2026-10-02 01:29:55Z,CLE,in,0.467,Q2 2:00,7.0,11261,Andre Szmyt,K,6.9,2.0,3.52,5.52,5.52,5.68,0.108,1.0,5.52,,0.0,0
2026-10-02 01:29:55Z,PIT,in,0.467,Q2 2:00,-7.0,7021,Rico Dowdle,RB,8.4,0.0,3.85,3.85,3.96,4.48,0.467,1.0,3.85,,0.0,0
2026-10-02 01:29:55Z,PIT,in,0.467,Q2 2:00,-7.0,11630,Roman Wilson,WR,5.7,8.2,3.77,11.97,11.98,11.24,0.266,1.0,11.97,,0.0,0
2026-10-02 01:29:55Z,CLE,in,0.467,Q2 2:00,7.0,12523,Jimmy Horn,WR,1.5,0.0,0.63,0.63,0.71,0.8,0.467,1.0,0.63,,0.0,0
2026-10-02 01:29:55Z,CLE,in,0.467,Q2 2:00,7.0,11617,Malachi Corley,WR,0.5,0.0,0.21,0.21,0.24,0.27,0.467,1.0,0.21,,0.0,0
2026-10-02 01:29:55Z,PIT,in,0.467,Q2 2:00,-7.0,9479,Darnell Washington,TE,4.9,2.6,2.86,5.46,5.26,5.21,0.159,1.0,5.46,,0.0,0
2026-10-02 01:29:55Z,CLE,in,0.467,Q2 2:00,7.0,CLE,Cleveland Browns D/ST,DST,7.0,8.0,0.1,8.1,12.36,11.73,0.056,1.0,8.1,,0.0,0
2026-10-02 01:29:55Z,PIT,in,0.467,Q2 2:00,-7.0,1945,Chris Boswell,K,8.1,0.0,3.82,3.82,3.82,4.32,0.056,1.0,3.82,,0.0,0
2026-10-02 01:29:55Z,CLE,in,0.467,Q2 2:00,7.0,12512,Quinshon Judkins,RB,11.8,11.0,6.95,17.95,18.03,17.29,0.0,1.0,17.95,,0.0,0
2026-10-02 01:29:55Z,PIT,in,0.467,Q2 2:00,-7.0,7600,Pat Freiermuth,TE,7.8,3.4,4.48,7.88,7.53,7.56,0.097,1.0,7.88,,0.0,0
2026-10-02 01:29:55Z,PIT,in,0.467,Q2 2:00,-7.0,8228,Jaylen Warren,RB,13.6,10.1,8.05,18.15,17.85,17.35,0.079,1.0,18.15,,0.0,0
2026-10-02 01:29:55Z,CLE,in,0.467,Q2 2:00,7.0,12503,Isaiah Bond,WR,1.6,1.2,0.78,1.98,2.11,2.05,0.446,1.0,1.98,,0.0,0
2026-10-02 01:29:55Z,PIT,in,0.467,Q2 2:00,-7.0,13274,Germie Bernard,WR,4.5,0.0,2.41,2.41,2.12,2.4,0.467,1.0,2.41,,0.0,0
2026-10-02 01:29:55Z,CLE,in,0.467,Q2 2:00,7.0,12506,Harold Fannin,TE,10.6,2.3,4.65,6.95,7.6,7.95,0.185,1.0,6.95,,0.0,0
2026-10-02 01:29:55Z,CLE,in,0.467,Q2 2:00,7.0,13346,Denzel Boston,WR,9.4,10.4,4.85,15.25,16.22,15.41,0.033,1.0,15.25,,0.0,0
2026-10-02 01:29:55Z,CLE,in,0.467,Q2 2:00,7.0,4017,Deshaun Watson,QB,14.0,6.64,6.56,13.2,14.12,14.11,0.0,1.0,13.2,,0.0,0
2026-10-02 01:29:55Z,PIT,in,0.467,Q2 2:00,-7.0,13289,Drew Allar,QB,0.5,0.0,0.27,0.27,0.24,0.27,0.467,0.3,0.08,,0.0,0
2026-10-02 01:29:55Z,CLE,in,0.467,Q2 2:00,7.0,13298,KC Concepcion,WR,9.9,9.8,5.01,14.81,15.77,15.08,0.0,1.0,14.81,,0.0,0
2026-10-02 01:29:55Z,PIT,in,0.467,Q2 2:00,-7.0,6819,Michael Pittman,WR,9.7,3.5,5.51,9.01,8.54,8.67,0.079,1.0,9.01,,0.0,0
2026-10-02 01:29:55Z,PIT,in,0.467,Q2 2:00,-7.0,5846,DK Metcalf,WR,11.2,4.2,6.37,10.57,10.04,10.17,0.345,1.0,10.57,,0.0,0
2026-10-02 01:30:55Z,CLE,in,0.467,Q2 2:00,7.0,6783,Jerry Jeudy,WR,4.8,0.0,2.02,2.02,2.26,2.56,0.467,1.0,2.02,,0.0,0
2026-10-02 01:30:55Z,PIT,in,0.467,Q2 2:00,-7.0,PIT,Pittsburgh Steelers D/ST,DST,8.1,1.0,1.02,2.02,4.95,5.32,0.108,1.0,2.02,,0.0,0
2026-10-02 01:30:55Z,PIT,in,0.467,Q2 2:00,-7.0,96,Aaron Rodgers,QB,15.4,6.56,9.37,15.93,14.69,14.77,0.079,1.0,15.93,,0.0,0
2026-10-02 01:30:55Z,CLE,in,0.467,Q2 2:00,7.0,11261,Andre Szmyt,K,6.9,2.0,3.52,5.52,5.52,5.68,0.108,1.0,5.52,,0.0,0
2026-10-02 01:30:55Z,PIT,in,0.467,Q2 2:00,-7.0,7021,Rico Dowdle,RB,8.4,0.0,3.85,3.85,3.96,4.48,0.467,1.0,3.85,,0.0,0
2026-10-02 01:30:55Z,PIT,in,0.467,Q2 2:00,-7.0,11630,Roman Wilson,WR,5.7,8.2,3.77,11.97,11.98,11.24,0.266,1.0,11.97,,0.0,0
2026-10-02 01:30:55Z,CLE,in,0.467,Q2 2:00,7.0,12523,Jimmy Horn,WR,1.5,0.0,0.63,0.63,0.71,0.8,0.467,1.0,0.63,,0.0,0
2026-10-02 01:30:55Z,CLE,in,0.467,Q2 2:00,7.0,11617,Malachi Corley,WR,0.5,0.0,0.21,0.21,0.24,0.27,0.467,1.0,0.21,,0.0,0
2026-10-02 01:30:55Z,PIT,in,0.467,Q2 2:00,-7.0,9479,Darnell Washington,TE,4.9,2.6,2.86,5.46,5.26,5.21,0.159,1.0,5.46,,0.0,0
2026-10-02 01:30:55Z,CLE,in,0.467,Q2 2:00,7.0,CLE,Cleveland Browns D/ST,DST,7.0,8.0,0.1,8.1,12.36,11.73,0.056,1.0,8.1,,0.0,0
2026-10-02 01:30:55Z,PIT,in,0.467,Q2 2:00,-7.0,1945,Chris Boswell,K,8.1,0.0,3.82,3.82,3.82,4.32,0.056,1.0,3.82,,0.0,0
2026-10-02 01:30:55Z,CLE,in,0.467,Q2 2:00,7.0,12512,Quinshon Judkins,RB,11.8,11.0,6.95,17.95,18.03,17.29,0.0,1.0,17.95,,0.0,0
2026-10-02 01:30:55Z,PIT,in,0.467,Q2 2:00,-7.0,7600,Pat Freiermuth,TE,7.8,3.4,4.48,7.88,7.53,7.56,0.097,1.0,7.88,,0.0,0
2026-10-02 01:30:55Z,PIT,in,0.467,Q2 2:00,-7.0,8228,Jaylen Warren,RB,13.6,10.1,8.05,18.15,17.85,17.35,0.079,1.0,18.15,,0.0,0
2026-10-02 01:30:55Z,CLE,in,0.467,Q2 2:00,7.0,12503,Isaiah Bond,WR,1.6,1.2,0.78,1.98,2.11,2.05,0.446,1.0,1.98,,0.0,0
2026-10-02 01:30:55Z,PIT,in,0.467,Q2 2:00,-7.0,13274,Germie Bernard,WR,4.5,0.0,2.41,2.41,2.12,2.4,0.467,1.0,2.41,,0.0,0
2026-10-02 01:30:55Z,CLE,in,0.467,Q2 2:00,7.0,12506,Harold Fannin,TE,10.6,2.3,4.65,6.95,7.6,7.95,0.185,1.0,6.95,,0.0,0
2026-10-02 01:30:55Z,CLE,in,0.467,Q2 2:00,7.0,13346,Denzel Boston,WR,9.4,10.4,4.85,15.25,16.22,15.41,0.033,1.0,15.25,,0.0,0
2026-10-02 01:30:55Z,CLE,in,0.467,Q2 2:00,7.0,4017,Deshaun Watson,QB,14.0,6.64,6.56,13.2,14.12,14.11,0.0,1.0,13.2,,0.0,0
2026-10-02 01:30:55Z,PIT,in,0.467,Q2 2:00,-7.0,13289,Drew Allar,QB,0.5,0.0,0.27,0.27,0.24,0.27,0.467,0.3,0.08,,0.0,0
2026-10-02 01:30:55Z,CLE,in,0.467,Q2 2:00,7.0,13298,KC Concepcion,WR,9.9,9.8,5.01,14.81,15.77,15.08,0.0,1.0,14.81,,0.0,0
2026-10-02 01:30:55Z,PIT,in,0.467,Q2 2:00,-7.0,6819,Michael Pittman,WR,9.7,3.5,5.51,9.01,8.54,8.67,0.079,1.0,9.01,,0.0,0
2026-10-02 01:30:55Z,PIT,in,0.467,Q2 2:00,-7.0,5846,DK Metcalf,WR,11.2,4.2,6.37,10.57,10.04,10.17,0.345,1.0,10.57,,0.0,0
2026-10-02 01:31:55Z,CLE,in,0.467,Q2 2:00,7.0,6783,Jerry Jeudy,WR,4.8,0.0,2.02,2.02,2.26,2.56,0.467,1.0,2.02,,0.0,0
2026-10-02 01:31:55Z,PIT,in,0.467,Q2 2:00,-7.0,PIT,Pittsburgh Steelers D/ST,DST,8.1,1.0,1.02,2.02,4.95,5.32,0.108,1.0,2.02,,0.0,0
2026-10-02 01:31:55Z,PIT,in,0.467,Q2 2:00,-7.0,96,Aaron Rodgers,QB,15.4,6.56,9.37,15.93,14.69,14.77,0.079,1.0,15.93,,0.0,0
2026-10-02 01:31:55Z,CLE,in,0.467,Q2 2:00,7.0,11261,Andre Szmyt,K,6.9,2.0,3.52,5.52,5.52,5.68,0.108,1.0,5.52,,0.0,0
2026-10-02 01:31:55Z,PIT,in,0.467,Q2 2:00,-7.0,7021,Rico Dowdle,RB,8.4,0.0,3.85,3.85,3.96,4.48,0.467,1.0,3.85,,0.0,0
2026-10-02 01:31:55Z,PIT,in,0.467,Q2 2:00,-7.0,11630,Roman Wilson,WR,5.7,8.2,3.77,11.97,11.98,11.24,0.266,1.0,11.97,,0.0,0
2026-10-02 01:31:55Z,CLE,in,0.467,Q2 2:00,7.0,12523,Jimmy Horn,WR,1.5,0.0,0.63,0.63,0.71,0.8,0.467,1.0,0.63,,0.0,0
2026-10-02 01:31:55Z,CLE,in,0.467,Q2 2:00,7.0,11617,Malachi Corley,WR,0.5,0.0,0.21,0.21,0.24,0.27,0.467,1.0,0.21,,0.0,0
2026-10-02 01:31:55Z,PIT,in,0.467,Q2 2:00,-7.0,9479,Darnell Washington,TE,4.9,2.6,2.86,5.46,5.26,5.21,0.159,1.0,5.46,,0.0,0
2026-10-02 01:31:55Z,CLE,in,0.467,Q2 2:00,7.0,CLE,Cleveland Browns D/ST,DST,7.0,8.0,0.1,8.1,12.36,11.73,0.056,1.0,8.1,,0.0,0
2026-10-02 01:31:55Z,PIT,in,0.467,Q2 2:00,-7.0,1945,Chris Boswell,K,8.1,0.0,3.82,3.82,3.82,4.32,0.056,1.0,3.82,,0.0,0
2026-10-02 01:31:55Z,CLE,in,0.467,Q2 2:00,7.0,12512,Quinshon Judkins,RB,11.8,11.0,6.95,17.95,18.03,17.29,0.0,1.0,17.95,,0.0,0
2026-10-02 01:31:55Z,PIT,in,0.467,Q2 2:00,-7.0,7600,Pat Freiermuth,TE,7.8,3.4,4.48,7.88,7.53,7.56,0.097,1.0,7.88,,0.0,0
2026-10-02 01:31:55Z,PIT,in,0.467,Q2 2:00,-7.0,8228,Jaylen Warren,RB,13.6,10.1,8.05,18.15,17.85,17.35,0.079,1.0,18.15,,0.0,0
2026-10-02 01:31:55Z,CLE,in,0.467,Q2 2:00,7.0,12503,Isaiah Bond,WR,1.6,1.2,0.78,1.98,2.11,2.05,0.446,1.0,1.98,,0.0,0
2026-10-02 01:31:55Z,PIT,in,0.467,Q2 2:00,-7.0,13274,Germie Bernard,WR,4.5,0.0,2.41,2.41,2.12,2.4,0.467,1.0,2.41,,0.0,0
2026-10-02 01:31:55Z,CLE,in,0.467,Q2 2:00,7.0,12506,Harold Fannin,TE,10.6,2.3,4.65,6.95,7.6,7.95,0.185,1.0,6.95,,0.0,0
2026-10-02 01:31:55Z,CLE,in,0.467,Q2 2:00,7.0,13346,Denzel Boston,WR,9.4,10.4,4.85,15.25,16.22,15.41,0.033,1.0,15.25,,0.0,0
2026-10-02 01:31:55Z,CLE,in,0.467,Q2 2:00,7.0,4017,Deshaun Watson,QB,14.0,6.64,6.56,13.2,14.12,14.11,0.0,1.0,13.2,,0.0,0
2026-10-02 01:31:55Z,PIT,in,0.467,Q2 2:00,-7.0,13289,Drew Allar,QB,0.5,0.0,0.27,0.27,0.24,0.27,0.467,0.3,0.08,,0.0,0
2026-10-02 01:31:55Z,CLE,in,0.467,Q2 2:00,7.0,13298,KC Concepcion,WR,9.9,9.8,5.01,14.81,15.77,15.08,0.0,1.0,14.81,,0.0,0
2026-10-02 01:31:55Z,PIT,in,0.467,Q2 2:00,-7.0,6819,Michael Pittman,WR,9.7,3.5,5.51,9.01,8.54,8.67,0.079,1.0,9.01,,0.0,0
2026-10-02 01:31:55Z,PIT,in,0.467,Q2 2:00,-7.0,5846,DK Metcalf,WR,11.2,4.2,6.37,10.57,10.04,10.17,0.345,1.0,10.57,,0.0,0
2026-10-02 01:32:56Z,CLE,in,0.467,Q2 2:00,7.0,6783,Jerry Jeudy,WR,4.8,0.0,2.02,2.02,2.26,2.56,0.467,1.0,2.02,,0.0,0
2026-10-02 01:32:56Z,PIT,in,0.467,Q2 2:00,-7.0,PIT,Pittsburgh Steelers D/ST,DST,8.1,1.0,1.02,2.02,4.95,5.32,0.108,1.0,2.02,,0.0,0
2026-10-02 01:32:56Z,PIT,in,0.467,Q2 2:00,-7.0,96,Aaron Rodgers,QB,15.4,6.56,9.37,15.93,14.69,14.77,0.079,1.0,15.93,,0.0,0
2026-10-02 01:32:56Z,CLE,in,0.467,Q2 2:00,7.0,11261,Andre Szmyt,K,6.9,2.0,3.52,5.52,5.52,5.68,0.108,1.0,5.52,,0.0,0
2026-10-02 01:32:56Z,PIT,in,0.467,Q2 2:00,-7.0,7021,Rico Dowdle,RB,8.4,0.0,3.85,3.85,3.96,4.48,0.467,1.0,3.85,,0.0,0
2026-10-02 01:32:56Z,PIT,in,0.467,Q2 2:00,-7.0,11630,Roman Wilson,WR,5.7,8.2,3.77,11.97,11.98,11.24,0.266,1.0,11.97,,0.0,0
2026-10-02 01:32:56Z,CLE,in,0.467,Q2 2:00,7.0,12523,Jimmy Horn,WR,1.5,0.0,0.63,0.63,0.71,0.8,0.467,1.0,0.63,,0.0,0
2026-10-02 01:32:56Z,CLE,in,0.467,Q2 2:00,7.0,11617,Malachi Corley,WR,0.5,0.0,0.21,0.21,0.24,0.27,0.467,1.0,0.21,,0.0,0
2026-10-02 01:32:56Z,PIT,in,0.467,Q2 2:00,-7.0,9479,Darnell Washington,TE,4.9,2.6,2.86,5.46,5.26,5.21,0.159,1.0,5.46,,0.0,0
2026-10-02 01:32:56Z,CLE,in,0.467,Q2 2:00,7.0,CLE,Cleveland Browns D/ST,DST,7.0,8.0,0.1,8.1,12.36,11.73,0.056,1.0,8.1,,0.0,0
2026-10-02 01:32:56Z,PIT,in,0.467,Q2 2:00,-7.0,1945,Chris Boswell,K,8.1,0.0,3.82,3.82,3.82,4.32,0.056,1.0,3.82,,0.0,0
2026-10-02 01:32:56Z,CLE,in,0.467,Q2 2:00,7.0,12512,Quinshon Judkins,RB,11.8,12.8,7.27,20.07,20.07,19.09,0.0,1.0,20.07,,0.0,0
2026-10-02 01:32:56Z,PIT,in,0.467,Q2 2:00,-7.0,7600,Pat Freiermuth,TE,7.8,3.4,4.48,7.88,7.53,7.56,0.097,1.0,7.88,,0.0,0
2026-10-02 01:32:56Z,PIT,in,0.467,Q2 2:00,-7.0,8228,Jaylen Warren,RB,13.6,10.1,8.05,18.15,17.85,17.35,0.079,1.0,18.15,,0.0,0
2026-10-02 01:32:56Z,CLE,in,0.467,Q2 2:00,7.0,12503,Isaiah Bond,WR,1.6,1.2,0.78,1.98,2.11,2.05,0.446,1.0,1.98,,0.0,0
2026-10-02 01:32:56Z,PIT,in,0.467,Q2 2:00,-7.0,13274,Germie Bernard,WR,4.5,0.0,2.41,2.41,2.12,2.4,0.467,1.0,2.41,,0.0,0
2026-10-02 01:32:56Z,CLE,in,0.467,Q2 2:00,7.0,12506,Harold Fannin,TE,10.6,2.3,4.65,6.95,7.6,7.95,0.185,1.0,6.95,,0.0,0
2026-10-02 01:32:56Z,CLE,in,0.467,Q2 2:00,7.0,13346,Denzel Boston,WR,9.4,10.4,4.85,15.25,16.22,15.41,0.033,1.0,15.25,,0.0,0
2026-10-02 01:32:56Z,CLE,in,0.467,Q2 2:00,7.0,4017,Deshaun Watson,QB,14.0,6.96,6.61,13.57,14.48,14.43,0.0,1.0,13.57,,0.0,0
2026-10-02 01:32:56Z,PIT,in,0.467,Q2 2:00,-7.0,13289,Drew Allar,QB,0.5,0.0,0.27,0.27,0.24,0.27,0.467,0.3,0.08,,0.0,0
2026-10-02 01:32:56Z,CLE,in,0.467,Q2 2:00,7.0,13298,KC Concepcion,WR,9.9,9.8,5.01,14.81,15.77,15.08,0.0,1.0,14.81,,0.0,0
2026-10-02 01:32:56Z,PIT,in,0.467,Q2 2:00,-7.0,6819,Michael Pittman,WR,9.7,3.5,5.51,9.01,8.54,8.67,0.079,1.0,9.01,,0.0,0
2026-10-02 01:32:56Z,PIT,in,0.467,Q2 2:00,-7.0,5846,DK Metcalf,WR,11.2,4.2,6.37,10.57,10.04,10.17,0.345,1.0,10.57,,0.0,0
2026-10-02 01:33:56Z,CLE,in,0.47,Q2 1:47,7.0,6783,Jerry Jeudy,WR,4.8,0.0,1.99,1.99,2.24,2.54,0.47,1.0,1.99,,0.0,0
2026-10-02 01:33:56Z,PIT,in,0.47,Q2 1:47,-7.0,PIT,Pittsburgh Steelers D/ST,DST,8.1,1.0,1.0,2.0,4.92,5.29,0.111,1.0,2.0,,0.0,0
2026-10-02 01:33:56Z,PIT,in,0.47,Q2 1:47,-7.0,96,Aaron Rodgers,QB,15.4,6.56,9.27,15.83,14.63,14.72,0.082,1.0,15.83,,0.0,0
2026-10-02 01:33:56Z,CLE,in,0.47,Q2 1:47,7.0,11261,Andre Szmyt,K,6.9,2.0,3.49,5.49,5.49,5.66,0.111,1.0,5.49,,0.0,0
2026-10-02 01:33:56Z,PIT,in,0.47,Q2 1:47,-7.0,7021,Rico Dowdle,RB,8.4,0.0,3.81,3.81,3.93,4.45,0.47,1.0,3.81,,0.0,0
2026-10-02 01:33:56Z,PIT,in,0.47,Q2 1:47,-7.0,11630,Roman Wilson,WR,5.7,8.2,3.73,11.93,11.95,11.22,0.27,1.0,11.93,,0.0,0
2026-10-02 01:33:56Z,CLE,in,0.47,Q2 1:47,7.0,12523,Jimmy Horn,WR,1.5,0.0,0.62,0.62,0.7,0.79,0.47,1.0,0.62,,0.0,0
2026-10-02 01:33:56Z,CLE,in,0.47,Q2 1:47,7.0,11617,Malachi Corley,WR,0.5,0.0,0.21,0.21,0.23,0.26,0.47,1.0,0.21,,0.0,0
2026-10-02 01:33:56Z,PIT,in,0.47,Q2 1:47,-7.0,9479,Darnell Washington,TE,4.9,2.6,2.83,5.43,5.23,5.2,0.163,1.0,5.43,,0.0,0
2026-10-02 01:33:56Z,CLE,in,0.47,Q2 1:47,7.0,CLE,Cleveland Browns D/ST,DST,7.0,8.0,0.11,8.11,12.33,11.71,0.059,1.0,8.11,,0.0,0
2026-10-02 01:33:56Z,PIT,in,0.47,Q2 1:47,-7.0,1945,Chris Boswell,K,8.1,0.0,3.79,3.79,3.79,4.29,0.059,1.0,3.79,,0.0,0
2026-10-02 01:33:56Z,CLE,in,0.47,Q2 1:47,7.0,12512,Quinshon Judkins,RB,11.8,13.3,7.29,20.59,20.58,19.55,0.0,1.0,20.59,,0.0,0
2026-10-02 01:33:56Z,PIT,in,0.47,Q2 1:47,-7.0,7600,Pat Freiermuth,TE,7.8,3.4,4.43,7.83,7.5,7.53,0.101,1.0,7.83,,0.0,0
2026-10-02 01:33:56Z,PIT,in,0.47,Q2 1:47,-7.0,8228,Jaylen Warren,RB,13.6,10.1,7.98,18.08,17.79,17.3,0.083,1.0,18.08,,0.0,0
2026-10-02 01:33:56Z,CLE,in,0.47,Q2 1:47,7.0,12503,Isaiah Bond,WR,1.6,1.2,0.77,1.97,2.11,2.05,0.449,1.0,1.97,,0.0,0
2026-10-02 01:33:56Z,PIT,in,0.47,Q2 1:47,-7.0,13274,Germie Bernard,WR,4.5,0.0,2.39,2.39,2.1,2.38,0.47,1.0,2.39,,0.0,0
2026-10-02 01:33:56Z,CLE,in,0.47,Q2 1:47,7.0,12506,Harold Fannin,TE,10.6,2.3,4.6,6.9,7.56,7.92,0.189,1.0,6.9,,0.0,0
2026-10-02 01:33:56Z,CLE,in,0.47,Q2 1:47,7.0,13346,Denzel Boston,WR,9.4,10.4,4.8,15.2,16.17,15.38,0.037,1.0,15.2,,0.0,0
2026-10-02 01:33:56Z,CLE,in,0.47,Q2 1:47,7.0,4017,Deshaun Watson,QB,14.0,7.0,6.53,13.53,14.47,14.42,0.0,1.0,13.53,,0.0,0
2026-10-02 01:33:56Z,PIT,in,0.47,Q2 1:47,-7.0,13289,Drew Allar,QB,0.5,0.0,0.27,0.27,0.23,0.26,0.47,0.3,0.08,,0.0,0
2026-10-02 01:33:56Z,CLE,in,0.47,Q2 1:47,7.0,13298,KC Concepcion,WR,9.9,9.8,4.96,14.76,15.73,15.04,0.004,1.0,14.76,,0.0,0
2026-10-02 01:33:56Z,PIT,in,0.47,Q2 1:47,-7.0,6819,Michael Pittman,WR,9.7,3.5,5.45,8.95,8.5,8.64,0.082,1.0,8.95,,0.0,0
2026-10-02 01:33:56Z,PIT,in,0.47,Q2 1:47,-7.0,5846,DK Metcalf,WR,11.2,4.2,6.31,10.51,9.99,10.13,0.348,1.0,10.51,,0.0,0
2026-10-02 01:34:56Z,CLE,in,0.47,Q2 1:47,7.0,6783,Jerry Jeudy,WR,4.8,0.0,1.99,1.99,2.24,2.54,0.47,1.0,1.99,,0.0,0
2026-10-02 01:34:56Z,PIT,in,0.47,Q2 1:47,-7.0,PIT,Pittsburgh Steelers D/ST,DST,8.1,1.0,1.0,2.0,4.92,5.29,0.111,1.0,2.0,,0.0,0
2026-10-02 01:34:56Z,PIT,in,0.47,Q2 1:47,-7.0,96,Aaron Rodgers,QB,15.4,6.56,9.27,15.83,14.63,14.72,0.082,1.0,15.83,,0.0,0
2026-10-02 01:34:56Z,CLE,in,0.47,Q2 1:47,7.0,11261,Andre Szmyt,K,6.9,2.0,3.49,5.49,5.49,5.66,0.111,1.0,5.49,,0.0,0
2026-10-02 01:34:56Z,PIT,in,0.47,Q2 1:47,-7.0,7021,Rico Dowdle,RB,8.4,0.0,3.81,3.81,3.93,4.45,0.47,1.0,3.81,,0.0,0
2026-10-02 01:34:56Z,PIT,in,0.47,Q2 1:47,-7.0,11630,Roman Wilson,WR,5.7,8.2,3.73,11.93,11.95,11.22,0.27,1.0,11.93,,0.0,0
2026-10-02 01:34:56Z,CLE,in,0.47,Q2 1:47,7.0,12523,Jimmy Horn,WR,1.5,0.0,0.62,0.62,0.7,0.79,0.47,1.0,0.62,,0.0,0
2026-10-02 01:34:56Z,CLE,in,0.47,Q2 1:47,7.0,11617,Malachi Corley,WR,0.5,0.0,0.21,0.21,0.23,0.26,0.47,1.0,0.21,,0.0,0
2026-10-02 01:34:56Z,PIT,in,0.47,Q2 1:47,-7.0,9479,Darnell Washington,TE,4.9,2.6,2.83,5.43,5.23,5.2,0.163,1.0,5.43,,0.0,0
2026-10-02 01:34:56Z,CLE,in,0.47,Q2 1:47,7.0,CLE,Cleveland Browns D/ST,DST,7.0,8.0,0.11,8.11,12.33,11.71,0.059,1.0,8.11,,0.0,0
2026-10-02 01:34:56Z,PIT,in,0.47,Q2 1:47,-7.0,1945,Chris Boswell,K,8.1,0.0,3.79,3.79,3.79,4.29,0.059,1.0,3.79,,0.0,0
2026-10-02 01:34:56Z,CLE,in,0.47,Q2 1:47,7.0,12512,Quinshon Judkins,RB,11.8,13.3,7.29,20.59,20.58,19.55,0.0,1.0,20.59,,0.0,0
2026-10-02 01:34:56Z,PIT,in,0.47,Q2 1:47,-7.0,7600,Pat Freiermuth,TE,7.8,3.4,4.43,7.83,7.5,7.53,0.101,1.0,7.83,,0.0,0
2026-10-02 01:34:56Z,PIT,in,0.47,Q2 1:47,-7.0,8228,Jaylen Warren,RB,13.6,10.1,7.98,18.08,17.79,17.3,0.083,1.0,18.08,,0.0,0
2026-10-02 01:34:56Z,CLE,in,0.47,Q2 1:47,7.0,12503,Isaiah Bond,WR,1.6,1.2,0.77,1.97,2.11,2.05,0.449,1.0,1.97,,0.0,0
2026-10-02 01:34:56Z,PIT,in,0.47,Q2 1:47,-7.0,13274,Germie Bernard,WR,4.5,0.0,2.39,2.39,2.1,2.38,0.47,1.0,2.39,,0.0,0
2026-10-02 01:34:56Z,CLE,in,0.47,Q2 1:47,7.0,12506,Harold Fannin,TE,10.6,2.3,4.6,6.9,7.56,7.92,0.189,1.0,6.9,,0.0,0
2026-10-02 01:34:56Z,CLE,in,0.47,Q2 1:47,7.0,13346,Denzel Boston,WR,9.4,10.4,4.8,15.2,16.17,15.38,0.037,1.0,15.2,,0.0,0
2026-10-02 01:34:56Z,CLE,in,0.47,Q2 1:47,7.0,4017,Deshaun Watson,QB,14.0,7.0,6.53,13.53,14.47,14.42,0.0,1.0,13.53,,0.0,0
2026-10-02 01:34:56Z,PIT,in,0.47,Q2 1:47,-7.0,13289,Drew Allar,QB,0.5,0.0,0.27,0.27,0.23,0.26,0.47,0.3,0.08,,0.0,0
2026-10-02 01:34:56Z,CLE,in,0.47,Q2 1:47,7.0,13298,KC Concepcion,WR,9.9,9.8,4.96,14.76,15.73,15.04,0.004,1.0,14.76,,0.0,0
2026-10-02 01:34:56Z,PIT,in,0.47,Q2 1:47,-7.0,6819,Michael Pittman,WR,9.7,3.5,5.45,8.95,8.5,8.64,0.082,1.0,8.95,,0.0,0
2026-10-02 01:34:56Z,PIT,in,0.47,Q2 1:47,-7.0,5846,DK Metcalf,WR,11.2,4.2,6.31,10.51,9.99,10.13,0.348,1.0,10.51,,0.0,0
2026-10-02 01:35:57Z,CLE,in,0.47,Q2 1:47,7.0,6783,Jerry Jeudy,WR,4.8,0.0,1.99,1.99,2.24,2.54,0.47,1.0,1.99,,0.0,0
2026-10-02 01:35:57Z,PIT,in,0.47,Q2 1:47,-7.0,PIT,Pittsburgh Steelers D/ST,DST,8.1,1.0,1.0,2.0,4.92,5.29,0.111,1.0,2.0,,0.0,0
2026-10-02 01:35:57Z,PIT,in,0.47,Q2 1:47,-7.0,96,Aaron Rodgers,QB,15.4,6.56,9.27,15.83,14.63,14.72,0.082,1.0,15.83,,0.0,0
2026-10-02 01:35:57Z,CLE,in,0.47,Q2 1:47,7.0,11261,Andre Szmyt,K,6.9,2.0,3.49,5.49,5.49,5.66,0.111,1.0,5.49,,0.0,0
2026-10-02 01:35:57Z,PIT,in,0.47,Q2 1:47,-7.0,7021,Rico Dowdle,RB,8.4,0.0,3.81,3.81,3.93,4.45,0.47,1.0,3.81,,0.0,0
2026-10-02 01:35:57Z,PIT,in,0.47,Q2 1:47,-7.0,11630,Roman Wilson,WR,5.7,8.2,3.73,11.93,11.95,11.22,0.27,1.0,11.93,,0.0,0
2026-10-02 01:35:57Z,CLE,in,0.47,Q2 1:47,7.0,12523,Jimmy Horn,WR,1.5,0.0,0.62,0.62,0.7,0.79,0.47,1.0,0.62,,0.0,0
2026-10-02 01:35:57Z,CLE,in,0.47,Q2 1:47,7.0,11617,Malachi Corley,WR,0.5,0.0,0.21,0.21,0.23,0.26,0.47,1.0,0.21,,0.0,0
2026-10-02 01:35:57Z,PIT,in,0.47,Q2 1:47,-7.0,9479,Darnell Washington,TE,4.9,2.6,2.83,5.43,5.23,5.2,0.163,1.0,5.43,,0.0,0
2026-10-02 01:35:57Z,CLE,in,0.47,Q2 1:47,7.0,CLE,Cleveland Browns D/ST,DST,7.0,8.0,0.11,8.11,12.33,11.71,0.059,1.0,8.11,,0.0,0
2026-10-02 01:35:57Z,PIT,in,0.47,Q2 1:47,-7.0,1945,Chris Boswell,K,8.1,0.0,3.79,3.79,3.79,4.29,0.059,1.0,3.79,,0.0,0
2026-10-02 01:35:57Z,CLE,in,0.47,Q2 1:47,7.0,12512,Quinshon Judkins,RB,11.8,13.3,7.29,20.59,20.58,19.55,0.0,1.0,20.59,,0.0,0
2026-10-02 01:35:57Z,PIT,in,0.47,Q2 1:47,-7.0,7600,Pat Freiermuth,TE,7.8,3.4,4.43,7.83,7.5,7.53,0.101,1.0,7.83,,0.0,0
2026-10-02 01:35:57Z,PIT,in,0.47,Q2 1:47,-7.0,8228,Jaylen Warren,RB,13.6,10.1,7.98,18.08,17.79,17.3,0.083,1.0,18.08,,0.0,0
2026-10-02 01:35:57Z,CLE,in,0.47,Q2 1:47,7.0,12503,Isaiah Bond,WR,1.6,1.2,0.77,1.97,2.11,2.05,0.449,1.0,1.97,,0.0,0
2026-10-02 01:35:57Z,PIT,in,0.47,Q2 1:47,-7.0,13274,Germie Bernard,WR,4.5,0.0,2.39,2.39,2.1,2.38,0.47,1.0,2.39,,0.0,0
2026-10-02 01:35:57Z,CLE,in,0.47,Q2 1:47,7.0,12506,Harold Fannin,TE,10.6,2.3,4.6,6.9,7.56,7.92,0.189,1.0,6.9,,0.0,0
2026-10-02 01:35:57Z,CLE,in,0.47,Q2 1:47,7.0,13346,Denzel Boston,WR,9.4,12.0,4.94,16.94,17.98,16.98,0.0,1.0,16.94,,0.0,0
2026-10-02 01:35:57Z,CLE,in,0.47,Q2 1:47,7.0,4017,Deshaun Watson,QB,14.0,7.24,6.57,13.81,14.74,14.66,0.0,1.0,13.81,,0.0,0
2026-10-02 01:35:57Z,PIT,in,0.47,Q2 1:47,-7.0,13289,Drew Allar,QB,0.5,0.0,0.27,0.27,0.23,0.26,0.47,0.3,0.08,,0.0,0
2026-10-02 01:35:57Z,CLE,in,0.47,Q2 1:47,7.0,13298,KC Concepcion,WR,9.9,9.8,4.96,14.76,15.73,15.04,0.004,1.0,14.76,,0.0,0
2026-10-02 01:35:57Z,PIT,in,0.47,Q2 1:47,-7.0,6819,Michael Pittman,WR,9.7,3.5,5.45,8.95,8.5,8.64,0.082,1.0,8.95,,0.0,0
2026-10-02 01:35:57Z,PIT,in,0.47,Q2 1:47,-7.0,5846,DK Metcalf,WR,11.2,4.2,6.31,10.51,9.99,10.13,0.348,1.0,10.51,,0.0,0
2026-10-02 01:36:57Z,CLE,in,0.47,Q2 1:47,7.0,6783,Jerry Jeudy,WR,4.8,0.0,1.99,1.99,2.24,2.54,0.47,1.0,1.99,,0.0,0
2026-10-02 01:36:57Z,PIT,in,0.47,Q2 1:47,-7.0,PIT,Pittsburgh Steelers D/ST,DST,8.1,1.0,1.0,2.0,4.92,5.29,0.111,1.0,2.0,,0.0,0
2026-10-02 01:36:57Z,PIT,in,0.47,Q2 1:47,-7.0,96,Aaron Rodgers,QB,15.4,6.56,9.27,15.83,14.63,14.72,0.082,1.0,15.83,,0.0,0
2026-10-02 01:36:57Z,CLE,in,0.47,Q2 1:47,7.0,11261,Andre Szmyt,K,6.9,2.0,3.49,5.49,5.49,5.66,0.111,1.0,5.49,,0.0,0
2026-10-02 01:36:57Z,PIT,in,0.47,Q2 1:47,-7.0,7021,Rico Dowdle,RB,8.4,0.0,3.81,3.81,3.93,4.45,0.47,1.0,3.81,,0.0,0
2026-10-02 01:36:57Z,PIT,in,0.47,Q2 1:47,-7.0,11630,Roman Wilson,WR,5.7,8.2,3.73,11.93,11.95,11.22,0.27,1.0,11.93,,0.0,0
2026-10-02 01:36:57Z,CLE,in,0.47,Q2 1:47,7.0,12523,Jimmy Horn,WR,1.5,0.0,0.62,0.62,0.7,0.79,0.47,1.0,0.62,,0.0,0
2026-10-02 01:36:57Z,CLE,in,0.47,Q2 1:47,7.0,11617,Malachi Corley,WR,0.5,0.0,0.21,0.21,0.23,0.26,0.47,1.0,0.21,,0.0,0
2026-10-02 01:36:57Z,PIT,in,0.47,Q2 1:47,-7.0,9479,Darnell Washington,TE,4.9,2.6,2.83,5.43,5.23,5.2,0.163,1.0,5.43,,0.0,0
2026-10-02 01:36:57Z,CLE,in,0.47,Q2 1:47,7.0,CLE,Cleveland Browns D/ST,DST,7.0,8.0,0.11,8.11,12.33,11.71,0.059,1.0,8.11,,0.0,0
2026-10-02 01:36:57Z,PIT,in,0.47,Q2 1:47,-7.0,1945,Chris Boswell,K,8.1,0.0,3.79,3.79,3.79,4.29,0.059,1.0,3.79,,0.0,0
2026-10-02 01:36:57Z,CLE,in,0.47,Q2 1:47,7.0,12512,Quinshon Judkins,RB,11.8,13.3,7.29,20.59,20.58,19.55,0.0,1.0,20.59,,0.0,0
2026-10-02 01:36:57Z,PIT,in,0.47,Q2 1:47,-7.0,7600,Pat Freiermuth,TE,7.8,3.4,4.43,7.83,7.5,7.53,0.101,1.0,7.83,,0.0,0
2026-10-02 01:36:57Z,PIT,in,0.47,Q2 1:47,-7.0,8228,Jaylen Warren,RB,13.6,10.1,7.98,18.08,17.79,17.3,0.083,1.0,18.08,,0.0,0
2026-10-02 01:36:57Z,CLE,in,0.47,Q2 1:47,7.0,12503,Isaiah Bond,WR,1.6,1.2,0.77,1.97,2.11,2.05,0.449,1.0,1.97,,0.0,0
2026-10-02 01:36:57Z,PIT,in,0.47,Q2 1:47,-7.0,13274,Germie Bernard,WR,4.5,0.0,2.39,2.39,2.1,2.38,0.47,1.0,2.39,,0.0,0
2026-10-02 01:36:57Z,CLE,in,0.47,Q2 1:47,7.0,12506,Harold Fannin,TE,10.6,2.3,4.6,6.9,7.56,7.92,0.189,1.0,6.9,,0.0,0
2026-10-02 01:36:57Z,CLE,in,0.47,Q2 1:47,7.0,13346,Denzel Boston,WR,9.4,10.4,4.8,15.2,16.17,15.38,0.0,1.0,15.2,,0.0,0
2026-10-02 01:36:57Z,CLE,in,0.47,Q2 1:47,7.0,4017,Deshaun Watson,QB,14.0,7.0,6.53,13.53,14.47,14.42,0.0,1.0,13.53,,0.0,0
2026-10-02 01:36:57Z,PIT,in,0.47,Q2 1:47,-7.0,13289,Drew Allar,QB,0.5,0.0,0.27,0.27,0.23,0.26,0.47,0.3,0.08,,0.0,0
2026-10-02 01:36:57Z,CLE,in,0.47,Q2 1:47,7.0,13298,KC Concepcion,WR,9.9,9.8,4.96,14.76,15.73,15.04,0.004,1.0,14.76,,0.0,0
2026-10-02 01:36:57Z,PIT,in,0.47,Q2 1:47,-7.0,6819,Michael Pittman,WR,9.7,3.5,5.45,8.95,8.5,8.64,0.082,1.0,8.95,,0.0,0
2026-10-02 01:36:57Z,PIT,in,0.47,Q2 1:47,-7.0,5846,DK Metcalf,WR,11.2,4.2,6.31,10.51,9.99,10.13,0.348,1.0,10.51,,0.0,0
2026-10-02 01:37:58Z,CLE,in,0.475,Q2 1:29,7.0,6783,Jerry Jeudy,WR,4.8,0.0,1.96,1.96,2.22,2.52,0.475,1.0,1.96,,0.0,0
2026-10-02 01:37:58Z,PIT,in,0.475,Q2 1:29,-7.0,PIT,Pittsburgh Steelers D/ST,DST,8.1,1.0,0.98,1.98,4.88,5.25,0.116,1.0,1.98,,0.0,0
2026-10-02 01:37:58Z,PIT,in,0.475,Q2 1:29,-7.0,96,Aaron Rodgers,QB,15.4,6.56,9.13,15.69,14.54,14.64,0.087,1.0,15.69,,0.0,0
2026-10-02 01:37:58Z,CLE,in,0.475,Q2 1:29,7.0,11261,Andre Szmyt,K,6.9,2.0,3.45,5.45,5.45,5.62,0.116,1.0,5.45,,0.0,0
2026-10-02 01:37:58Z,PIT,in,0.475,Q2 1:29,-7.0,7021,Rico Dowdle,RB,8.4,0.0,3.75,3.75,3.88,4.41,0.475,1.0,3.75,,0.0,0
2026-10-02 01:37:58Z,PIT,in,0.475,Q2 1:29,-7.0,11630,Roman Wilson,WR,5.7,8.2,3.68,11.88,11.91,11.19,0.275,1.0,11.88,,0.0,0
2026-10-02 01:37:58Z,CLE,in,0.475,Q2 1:29,7.0,12523,Jimmy Horn,WR,1.5,0.0,0.61,0.61,0.69,0.79,0.475,1.0,0.61,,0.0,0
2026-10-02 01:37:58Z,CLE,in,0.475,Q2 1:29,7.0,11617,Malachi Corley,WR,0.5,0.0,0.2,0.2,0.23,0.26,0.475,1.0,0.2,,0.0,0
2026-10-02 01:37:58Z,PIT,in,0.475,Q2 1:29,-7.0,9479,Darnell Washington,TE,4.9,2.6,2.79,5.39,5.21,5.17,0.168,1.0,5.39,,0.0,0
2026-10-02 01:37:58Z,CLE,in,0.475,Q2 1:29,7.0,CLE,Cleveland Browns D/ST,DST,7.0,8.0,0.12,8.12,12.29,11.67,0.064,1.0,8.12,,0.0,0
2026-10-02 01:37:58Z,PIT,in,0.475,Q2 1:29,-7.0,1945,Chris Boswell,K,8.1,0.0,3.75,3.75,3.75,4.25,0.064,1.0,3.75,,0.0,0
2026-10-02 01:37:58Z,CLE,in,0.475,Q2 1:29,7.0,12512,Quinshon Judkins,RB,11.8,14.7,7.45,22.15,22.08,20.89,0.0,1.0,22.15,,0.0,0
2026-10-02 01:37:58Z,PIT,in,0.475,Q2 1:29,-7.0,7600,Pat Freiermuth,TE,7.8,3.4,4.37,7.77,7.45,7.49,0.106,1.0,7.77,,0.0,0
2026-10-02 01:37:58Z,PIT,in,0.475,Q2 1:29,-7.0,8228,Jaylen Warren,RB,13.6,10.1,7.87,17.97,17.71,17.24,0.088,1.0,17.97,,0.0,0
2026-10-02 01:37:58Z,CLE,in,0.475,Q2 1:29,7.0,12503,Isaiah Bond,WR,1.6,1.2,0.76,1.96,2.1,2.04,0.454,1.0,1.96,,0.0,0
2026-10-02 01:37:58Z,PIT,in,0.475,Q2 1:29,-7.0,13274,Germie Bernard,WR,4.5,0.0,2.35,2.35,2.08,2.36,0.475,1.0,2.35,,0.0,0
2026-10-02 01:37:58Z,CLE,in,0.475,Q2 1:29,7.0,12506,Harold Fannin,TE,10.6,2.3,4.53,6.83,7.5,7.86,0.194,1.0,6.83,,0.0,0
2026-10-02 01:37:58Z,CLE,in,0.475,Q2 1:29,7.0,13346,Denzel Boston,WR,9.4,10.4,4.73,15.13,16.11,15.33,0.005,1.0,15.13,,0.0,0
2026-10-02 01:37:58Z,CLE,in,0.475,Q2 1:29,7.0,4017,Deshaun Watson,QB,14.0,7.16,6.45,13.61,14.57,14.51,0.0,1.0,13.61,,0.0,0
2026-10-02 01:37:58Z,PIT,in,0.475,Q2 1:29,-7.0,13289,Drew Allar,QB,0.5,0.0,0.26,0.26,0.23,0.26,0.475,0.3,0.08,,0.0,0
2026-10-02 01:37:58Z,CLE,in,0.475,Q2 1:29,7.0,13298,KC Concepcion,WR,9.9,9.8,4.88,14.68,15.66,14.99,0.009,1.0,14.68,,0.0,0
2026-10-02 01:37:58Z,PIT,in,0.475,Q2 1:29,-7.0,6819,Michael Pittman,WR,9.7,3.5,5.37,8.87,8.44,8.59,0.087,1.0,8.87,,0.0,0
2026-10-02 01:37:58Z,PIT,in,0.475,Q2 1:29,-7.0,5846,DK Metcalf,WR,11.2,4.2,6.22,10.42,9.93,10.08,0.353,1.0,10.42,,0.0,0
2026-10-02 01:38:58Z,CLE,in,0.476,Q2 1:25,7.0,6783,Jerry Jeudy,WR,4.8,0.0,1.95,1.95,2.21,2.51,0.476,1.0,1.95,,0.0,0
2026-10-02 01:38:58Z,PIT,in,0.476,Q2 1:25,-7.0,PIT,Pittsburgh Steelers D/ST,DST,8.1,1.0,0.98,1.98,4.87,5.24,0.117,1.0,1.98,,0.0,0
2026-10-02 01:38:58Z,PIT,in,0.476,Q2 1:25,-7.0,96,Aaron Rodgers,QB,15.4,6.56,9.1,15.66,14.52,14.62,0.088,1.0,15.66,,0.0,0
2026-10-02 01:38:58Z,CLE,in,0.476,Q2 1:25,7.0,11261,Andre Szmyt,K,6.9,2.0,3.44,5.44,5.44,5.61,0.117,1.0,5.44,,0.0,0
2026-10-02 01:38:58Z,PIT,in,0.476,Q2 1:25,-7.0,7021,Rico Dowdle,RB,8.4,0.0,3.74,3.74,3.87,4.4,0.476,1.0,3.74,,0.0,0
2026-10-02 01:38:58Z,PIT,in,0.476,Q2 1:25,-7.0,11630,Roman Wilson,WR,5.7,8.2,3.67,11.87,11.9,11.18,0.276,1.0,11.87,,0.0,0
2026-10-02 01:38:58Z,CLE,in,0.476,Q2 1:25,7.0,12523,Jimmy Horn,WR,1.5,0.0,0.61,0.61,0.69,0.79,0.476,1.0,0.61,,0.0,0
2026-10-02 01:38:58Z,CLE,in,0.476,Q2 1:25,7.0,11617,Malachi Corley,WR,0.5,0.0,0.2,0.2,0.23,0.26,0.476,1.0,0.2,,0.0,0
2026-10-02 01:38:58Z,PIT,in,0.476,Q2 1:25,-7.0,9479,Darnell Washington,TE,4.9,2.6,2.78,5.38,5.2,5.17,0.169,1.0,5.38,,0.0,0
2026-10-02 01:38:58Z,CLE,in,0.476,Q2 1:25,7.0,CLE,Cleveland Browns D/ST,DST,7.0,8.0,0.13,8.13,12.28,11.67,0.066,1.0,8.13,,0.0,0
2026-10-02 01:38:58Z,PIT,in,0.476,Q2 1:25,-7.0,1945,Chris Boswell,K,8.1,0.0,3.74,3.74,3.74,4.24,0.066,1.0,3.74,,0.0,0
2026-10-02 01:38:58Z,CLE,in,0.476,Q2 1:25,7.0,12512,Quinshon Judkins,RB,11.8,14.6,7.41,22.01,21.95,20.78,0.0,1.0,22.01,,0.0,0
2026-10-02 01:38:58Z,PIT,in,0.476,Q2 1:25,-7.0,7600,Pat Freiermuth,TE,7.8,3.4,4.36,7.76,7.44,7.48,0.107,1.0,7.76,,0.0,0
2026-10-02 01:38:58Z,PIT,in,0.476,Q2 1:25,-7.0,8228,Jaylen Warren,RB,13.6,10.1,7.84,17.94,17.7,17.22,0.089,1.0,17.94,,0.0,0
2026-10-02 01:38:58Z,CLE,in,0.476,Q2 1:25,7.0,12503,Isaiah Bond,WR,1.6,1.2,0.75,1.95,2.1,2.04,0.455,1.0,1.95,,0.0,0
2026-10-02 01:38:58Z,PIT,in,0.476,Q2 1:25,-7.0,13274,Germie Bernard,WR,4.5,0.0,2.35,2.35,2.08,2.36,0.476,1.0,2.35,,0.0,0
2026-10-02 01:38:58Z,CLE,in,0.476,Q2 1:25,7.0,12506,Harold Fannin,TE,10.6,2.3,4.51,6.81,7.49,7.85,0.195,1.0,6.81,,0.0,0
2026-10-02 01:38:58Z,CLE,in,0.476,Q2 1:25,7.0,13346,Denzel Boston,WR,9.4,10.4,4.71,15.11,16.1,15.32,0.006,1.0,15.11,,0.0,0
2026-10-02 01:38:58Z,CLE,in,0.476,Q2 1:25,7.0,4017,Deshaun Watson,QB,14.0,7.16,6.42,13.58,14.55,14.49,0.001,1.0,13.58,,0.0,0
2026-10-02 01:38:58Z,PIT,in,0.476,Q2 1:25,-7.0,13289,Drew Allar,QB,0.5,0.0,0.26,0.26,0.23,0.26,0.476,0.3,0.08,,0.0,0
2026-10-02 01:38:58Z,CLE,in,0.476,Q2 1:25,7.0,13298,KC Concepcion,WR,9.9,9.8,4.87,14.67,15.65,14.98,0.01,1.0,14.67,,0.0,0
2026-10-02 01:38:58Z,PIT,in,0.476,Q2 1:25,-7.0,6819,Michael Pittman,WR,9.7,3.5,5.36,8.86,8.43,8.58,0.088,1.0,8.86,,0.0,0
2026-10-02 01:38:58Z,PIT,in,0.476,Q2 1:25,-7.0,5846,DK Metcalf,WR,11.2,4.2,6.2,10.4,9.92,10.06,0.354,1.0,10.4,,0.0,0
2026-10-02 01:39:58Z,CLE,in,0.477,Q2 1:22,14.0,6783,Jerry Jeudy,WR,4.8,0.0,1.67,1.67,2.21,2.51,0.477,1.0,1.67,,0.0,0
2026-10-02 01:39:58Z,PIT,in,0.477,Q2 1:22,-14.0,PIT,Pittsburgh Steelers D/ST,DST,8.1,1.0,0.62,1.62,4.86,5.23,0.118,1.0,1.62,,0.0,0
2026-10-02 01:39:58Z,PIT,in,0.477,Q2 1:22,-14.0,96,Aaron Rodgers,QB,15.4,6.56,10.19,16.75,14.51,14.61,0.089,1.0,16.75,,0.0,0
2026-10-02 01:39:58Z,CLE,in,0.477,Q2 1:22,14.0,11261,Andre Szmyt,K,6.9,2.0,3.44,5.44,5.44,5.61,0.118,1.0,5.44,,0.0,0
2026-10-02 01:39:58Z,PIT,in,0.477,Q2 1:22,-14.0,7021,Rico Dowdle,RB,8.4,0.0,3.88,3.88,3.87,4.39,0.477,1.0,3.88,,0.0,0
2026-10-02 01:39:58Z,PIT,in,0.477,Q2 1:22,-14.0,11630,Roman Wilson,WR,5.7,8.2,3.99,12.19,11.9,11.18,0.277,1.0,12.19,,0.0,0
2026-10-02 01:39:58Z,CLE,in,0.477,Q2 1:22,14.0,12523,Jimmy Horn,WR,1.5,0.0,0.52,0.52,0.69,0.78,0.477,1.0,0.52,,0.0,0
2026-10-02 01:39:58Z,CLE,in,0.477,Q2 1:22,14.0,11617,Malachi Corley,WR,0.5,0.0,0.17,0.17,0.23,0.26,0.477,1.0,0.17,,0.0,0
2026-10-02 01:39:58Z,PIT,in,0.477,Q2 1:22,-14.0,9479,Darnell Washington,TE,4.9,2.6,3.05,5.65,5.2,5.16,0.17,1.0,5.65,,0.0,0
2026-10-02 01:39:58Z,CLE,in,0.477,Q2 1:22,14.0,CLE,Cleveland Browns D/ST,DST,7.0,8.0,0.51,8.51,12.27,11.66,0.066,1.0,8.51,,0.0,0
2026-10-02 01:39:58Z,PIT,in,0.477,Q2 1:22,-14.0,1945,Chris Boswell,K,8.1,0.0,3.73,3.73,3.73,4.23,0.066,1.0,3.73,,0.0,0
2026-10-02 01:39:58Z,CLE,in,0.477,Q2 1:22,14.0,12512,Quinshon Judkins,RB,11.8,14.6,7.18,21.78,21.94,20.77,0.001,1.0,21.78,,0.0,0
2026-10-02 01:39:58Z,PIT,in,0.477,Q2 1:22,-14.0,7600,Pat Freiermuth,TE,7.8,3.4,4.79,8.19,7.44,7.48,0.108,1.0,8.19,,0.0,0
2026-10-02 01:39:58Z,PIT,in,0.477,Q2 1:22,-14.0,8228,Jaylen Warren,RB,13.6,10.1,8.07,18.17,17.68,17.21,0.09,1.0,18.17,,0.0,0
2026-10-02 01:39:58Z,CLE,in,0.477,Q2 1:22,14.0,12503,Isaiah Bond,WR,1.6,1.2,0.66,1.86,2.09,2.04,0.456,1.0,1.86,,0.0,0
2026-10-02 01:39:58Z,PIT,in,0.477,Q2 1:22,-14.0,13274,Germie Bernard,WR,4.5,0.0,2.6,2.6,2.07,2.35,0.477,1.0,2.6,,0.0,0
2026-10-02 01:39:58Z,CLE,in,0.477,Q2 1:22,14.0,12506,Harold Fannin,TE,10.6,9.5,4.51,14.01,15.62,15.04,0.0,1.0,14.01,,0.0,0
2026-10-02 01:39:58Z,CLE,in,0.477,Q2 1:22,14.0,13346,Denzel Boston,WR,9.4,10.4,4.16,14.56,16.09,15.31,0.007,1.0,14.56,,0.0,0
2026-10-02 01:39:58Z,CLE,in,0.477,Q2 1:22,14.0,4017,Deshaun Watson,QB,14.0,11.24,6.03,17.27,19.15,18.56,0.0,1.0,17.27,,0.0,0
2026-10-02 01:39:58Z,PIT,in,0.477,Q2 1:22,-14.0,13289,Drew Allar,QB,0.5,0.0,0.3,0.3,0.23,0.26,0.477,0.3,0.09,,0.0,0
2026-10-02 01:39:58Z,CLE,in,0.477,Q2 1:22,14.0,13298,KC Concepcion,WR,9.9,9.8,4.29,14.09,15.64,14.98,0.011,1.0,14.09,,0.0,0
2026-10-02 01:39:58Z,PIT,in,0.477,Q2 1:22,-14.0,6819,Michael Pittman,WR,9.7,3.5,5.9,9.4,8.42,8.57,0.089,1.0,9.4,,0.0,0
2026-10-02 01:39:58Z,PIT,in,0.477,Q2 1:22,-14.0,5846,DK Metcalf,WR,11.2,4.2,6.82,11.02,9.91,10.06,0.355,1.0,11.02,,0.0,0
2026-10-02 01:40:59Z,CLE,in,0.477,Q2 1:22,14.0,6783,Jerry Jeudy,WR,4.8,0.0,1.67,1.67,2.21,2.51,0.477,1.0,1.67,,0.0,0
2026-10-02 01:40:59Z,PIT,in,0.477,Q2 1:22,-14.0,PIT,Pittsburgh Steelers D/ST,DST,8.1,0.0,0.82,0.82,3.73,4.23,0.0,1.0,0.82,,0.0,0
2026-10-02 01:40:59Z,PIT,in,0.477,Q2 1:22,-14.0,96,Aaron Rodgers,QB,15.4,6.56,10.19,16.75,14.51,14.61,0.089,1.0,16.75,,0.0,0
2026-10-02 01:40:59Z,CLE,in,0.477,Q2 1:22,14.0,11261,Andre Szmyt,K,6.9,3.0,3.57,6.57,6.57,6.61,0.0,1.0,6.57,,0.0,0
2026-10-02 01:40:59Z,PIT,in,0.477,Q2 1:22,-14.0,7021,Rico Dowdle,RB,8.4,0.0,3.88,3.88,3.87,4.39,0.477,1.0,3.88,,0.0,0
2026-10-02 01:40:59Z,PIT,in,0.477,Q2 1:22,-14.0,11630,Roman Wilson,WR,5.7,8.2,3.99,12.19,11.9,11.18,0.277,1.0,12.19,,0.0,0
2026-10-02 01:40:59Z,CLE,in,0.477,Q2 1:22,14.0,12523,Jimmy Horn,WR,1.5,0.0,0.52,0.52,0.69,0.78,0.477,1.0,0.52,,0.0,0
2026-10-02 01:40:59Z,CLE,in,0.477,Q2 1:22,14.0,11617,Malachi Corley,WR,0.5,0.0,0.17,0.17,0.23,0.26,0.477,1.0,0.17,,0.0,0
2026-10-02 01:40:59Z,PIT,in,0.477,Q2 1:22,-14.0,9479,Darnell Washington,TE,4.9,2.6,3.05,5.65,5.2,5.16,0.17,1.0,5.65,,0.0,0
2026-10-02 01:40:59Z,CLE,in,0.477,Q2 1:22,14.0,CLE,Cleveland Browns D/ST,DST,7.0,8.0,0.51,8.51,12.27,11.66,0.066,1.0,8.51,,0.0,0
2026-10-02 01:40:59Z,PIT,in,0.477,Q2 1:22,-14.0,1945,Chris Boswell,K,8.1,0.0,3.73,3.73,3.73,4.23,0.066,1.0,3.73,,0.0,0
2026-10-02 01:40:59Z,CLE,in,0.477,Q2 1:22,14.0,12512,Quinshon Judkins,RB,11.8,14.6,7.18,21.78,21.94,20.77,0.001,1.0,21.78,,0.0,0
2026-10-02 01:40:59Z,PIT,in,0.477,Q2 1:22,-14.0,7600,Pat Freiermuth,TE,7.8,3.4,4.79,8.19,7.44,7.48,0.108,1.0,8.19,,0.0,0
2026-10-02 01:40:59Z,PIT,in,0.477,Q2 1:22,-14.0,8228,Jaylen Warren,RB,13.6,10.1,8.07,18.17,17.68,17.21,0.09,1.0,18.17,,0.0,0
2026-10-02 01:40:59Z,CLE,in,0.477,Q2 1:22,14.0,12503,Isaiah Bond,WR,1.6,1.2,0.66,1.86,2.09,2.04,0.456,1.0,1.86,,0.0,0
2026-10-02 01:40:59Z,PIT,in,0.477,Q2 1:22,-14.0,13274,Germie Bernard,WR,4.5,0.0,2.6,2.6,2.07,2.35,0.477,1.0,2.6,,0.0,0
2026-10-02 01:40:59Z,CLE,in,0.477,Q2 1:22,14.0,12506,Harold Fannin,TE,10.6,9.5,4.51,14.01,15.62,15.04,0.0,1.0,14.01,,0.0,0
2026-10-02 01:40:59Z,CLE,in,0.477,Q2 1:22,14.0,13346,Denzel Boston,WR,9.4,10.4,4.16,14.56,16.09,15.31,0.007,1.0,14.56,,0.0,0
2026-10-02 01:40:59Z,CLE,in,0.477,Q2 1:22,14.0,4017,Deshaun Watson,QB,14.0,11.24,6.03,17.27,19.15,18.56,0.0,1.0,17.27,,0.0,0
2026-10-02 01:40:59Z,PIT,in,0.477,Q2 1:22,-14.0,13289,Drew Allar,QB,0.5,0.0,0.3,0.3,0.23,0.26,0.477,0.3,0.09,,0.0,0
2026-10-02 01:40:59Z,CLE,in,0.477,Q2 1:22,14.0,13298,KC Concepcion,WR,9.9,9.8,4.29,14.09,15.64,14.98,0.011,1.0,14.09,,0.0,0
2026-10-02 01:40:59Z,PIT,in,0.477,Q2 1:22,-14.0,6819,Michael Pittman,WR,9.7,3.5,5.9,9.4,8.42,8.57,0.089,1.0,9.4,,0.0,0
2026-10-02 01:40:59Z,PIT,in,0.477,Q2 1:22,-14.0,5846,DK Metcalf,WR,11.2,4.2,6.82,11.02,9.91,10.06,0.355,1.0,11.02,,0.0,0
2026-10-02 01:41:59Z,CLE,in,0.477,Q2 1:22,14.0,6783,Jerry Jeudy,WR,4.8,0.0,1.67,1.67,2.21,2.51,0.477,1.0,1.67,,0.0,0
2026-10-02 01:41:59Z,PIT,in,0.477,Q2 1:22,-14.0,PIT,Pittsburgh Steelers D/ST,DST,8.1,0.0,0.82,0.82,3.73,4.23,0.0,1.0,0.82,,0.0,0
2026-10-02 01:41:59Z,PIT,in,0.477,Q2 1:22,-14.0,96,Aaron Rodgers,QB,15.4,6.56,10.19,16.75,14.51,14.61,0.089,1.0,16.75,,0.0,0
2026-10-02 01:41:59Z,CLE,in,0.477,Q2 1:22,14.0,11261,Andre Szmyt,K,6.9,3.0,3.57,6.57,6.57,6.61,0.0,1.0,6.57,,0.0,0
2026-10-02 01:41:59Z,PIT,in,0.477,Q2 1:22,-14.0,7021,Rico Dowdle,RB,8.4,0.0,3.88,3.88,3.87,4.39,0.477,1.0,3.88,,0.0,0
2026-10-02 01:41:59Z,PIT,in,0.477,Q2 1:22,-14.0,11630,Roman Wilson,WR,5.7,8.2,3.99,12.19,11.9,11.18,0.277,1.0,12.19,,0.0,0
2026-10-02 01:41:59Z,CLE,in,0.477,Q2 1:22,14.0,12523,Jimmy Horn,WR,1.5,0.0,0.52,0.52,0.69,0.78,0.477,1.0,0.52,,0.0,0
2026-10-02 01:41:59Z,CLE,in,0.477,Q2 1:22,14.0,11617,Malachi Corley,WR,0.5,0.0,0.17,0.17,0.23,0.26,0.477,1.0,0.17,,0.0,0
2026-10-02 01:41:59Z,PIT,in,0.477,Q2 1:22,-14.0,9479,Darnell Washington,TE,4.9,2.6,3.05,5.65,5.2,5.16,0.17,1.0,5.65,,0.0,0
2026-10-02 01:41:59Z,CLE,in,0.477,Q2 1:22,14.0,CLE,Cleveland Browns D/ST,DST,7.0,8.0,0.51,8.51,12.27,11.66,0.066,1.0,8.51,,0.0,0
2026-10-02 01:41:59Z,PIT,in,0.477,Q2 1:22,-14.0,1945,Chris Boswell,K,8.1,0.0,3.73,3.73,3.73,4.23,0.066,1.0,3.73,,0.0,0
2026-10-02 01:41:59Z,CLE,in,0.477,Q2 1:22,14.0,12512,Quinshon Judkins,RB,11.8,14.6,7.18,21.78,21.94,20.77,0.001,1.0,21.78,,0.0,0
2026-10-02 01:41:59Z,PIT,in,0.477,Q2 1:22,-14.0,7600,Pat Freiermuth,TE,7.8,3.4,4.79,8.19,7.44,7.48,0.108,1.0,8.19,,0.0,0
2026-10-02 01:41:59Z,PIT,in,0.477,Q2 1:22,-14.0,8228,Jaylen Warren,RB,13.6,10.1,8.07,18.17,17.68,17.21,0.09,1.0,18.17,,0.0,0
2026-10-02 01:41:59Z,CLE,in,0.477,Q2 1:22,14.0,12503,Isaiah Bond,WR,1.6,1.2,0.66,1.86,2.09,2.04,0.456,1.0,1.86,,0.0,0
2026-10-02 01:41:59Z,PIT,in,0.477,Q2 1:22,-14.0,13274,Germie Bernard,WR,4.5,0.0,2.6,2.6,2.07,2.35,0.477,1.0,2.6,,0.0,0
2026-10-02 01:41:59Z,CLE,in,0.477,Q2 1:22,14.0,12506,Harold Fannin,TE,10.6,9.5,4.51,14.01,15.62,15.04,0.0,1.0,14.01,,0.0,0
2026-10-02 01:41:59Z,CLE,in,0.477,Q2 1:22,14.0,13346,Denzel Boston,WR,9.4,10.4,4.16,14.56,16.09,15.31,0.007,1.0,14.56,,0.0,0
2026-10-02 01:41:59Z,CLE,in,0.477,Q2 1:22,14.0,4017,Deshaun Watson,QB,14.0,11.24,6.03,17.27,19.15,18.56,0.0,1.0,17.27,,0.0,0
2026-10-02 01:41:59Z,PIT,in,0.477,Q2 1:22,-14.0,13289,Drew Allar,QB,0.5,0.0,0.3,0.3,0.23,0.26,0.477,0.3,0.09,,0.0,0
2026-10-02 01:41:59Z,CLE,in,0.477,Q2 1:22,14.0,13298,KC Concepcion,WR,9.9,9.8,4.29,14.09,15.64,14.98,0.011,1.0,14.09,,0.0,0
2026-10-02 01:41:59Z,PIT,in,0.477,Q2 1:22,-14.0,6819,Michael Pittman,WR,9.7,3.5,5.9,9.4,8.42,8.57,0.089,1.0,9.4,,0.0,0
2026-10-02 01:41:59Z,PIT,in,0.477,Q2 1:22,-14.0,5846,DK Metcalf,WR,11.2,4.2,6.82,11.02,9.91,10.06,0.355,1.0,11.02,,0.0,0
2026-10-02 01:42:59Z,CLE,in,0.477,Q2 1:22,14.0,6783,Jerry Jeudy,WR,4.8,0.0,1.67,1.67,2.21,2.51,0.477,1.0,1.67,,0.0,0
2026-10-02 01:42:59Z,PIT,in,0.477,Q2 1:22,-14.0,PIT,Pittsburgh Steelers D/ST,DST,8.1,0.0,0.82,0.82,3.73,4.23,0.0,1.0,0.82,,0.0,0
2026-10-02 01:42:59Z,PIT,in,0.477,Q2 1:22,-14.0,96,Aaron Rodgers,QB,15.4,6.56,10.19,16.75,14.51,14.61,0.089,1.0,16.75,,0.0,0
2026-10-02 01:42:59Z,CLE,in,0.477,Q2 1:22,14.0,11261,Andre Szmyt,K,6.9,3.0,3.57,6.57,6.57,6.61,0.0,1.0,6.57,,0.0,0
2026-10-02 01:42:59Z,PIT,in,0.477,Q2 1:22,-14.0,7021,Rico Dowdle,RB,8.4,0.0,3.88,3.88,3.87,4.39,0.477,1.0,3.88,,0.0,0
2026-10-02 01:42:59Z,PIT,in,0.477,Q2 1:22,-14.0,11630,Roman Wilson,WR,5.7,8.2,3.99,12.19,11.9,11.18,0.277,1.0,12.19,,0.0,0
2026-10-02 01:42:59Z,CLE,in,0.477,Q2 1:22,14.0,12523,Jimmy Horn,WR,1.5,0.0,0.52,0.52,0.69,0.78,0.477,1.0,0.52,,0.0,0
2026-10-02 01:42:59Z,CLE,in,0.477,Q2 1:22,14.0,11617,Malachi Corley,WR,0.5,0.0,0.17,0.17,0.23,0.26,0.477,1.0,0.17,,0.0,0
2026-10-02 01:42:59Z,PIT,in,0.477,Q2 1:22,-14.0,9479,Darnell Washington,TE,4.9,2.6,3.05,5.65,5.2,5.16,0.17,1.0,5.65,,0.0,0
2026-10-02 01:42:59Z,CLE,in,0.477,Q2 1:22,14.0,CLE,Cleveland Browns D/ST,DST,7.0,8.0,0.51,8.51,12.27,11.66,0.066,1.0,8.51,,0.0,0
2026-10-02 01:42:59Z,PIT,in,0.477,Q2 1:22,-14.0,1945,Chris Boswell,K,8.1,0.0,3.73,3.73,3.73,4.23,0.066,1.0,3.73,,0.0,0
2026-10-02 01:42:59Z,CLE,in,0.477,Q2 1:22,14.0,12512,Quinshon Judkins,RB,11.8,14.6,7.18,21.78,21.94,20.77,0.001,1.0,21.78,,0.0,0
2026-10-02 01:42:59Z,PIT,in,0.477,Q2 1:22,-14.0,7600,Pat Freiermuth,TE,7.8,3.4,4.79,8.19,7.44,7.48,0.108,1.0,8.19,,0.0,0
2026-10-02 01:42:59Z,PIT,in,0.477,Q2 1:22,-14.0,8228,Jaylen Warren,RB,13.6,10.1,8.07,18.17,17.68,17.21,0.09,1.0,18.17,,0.0,0
2026-10-02 01:42:59Z,CLE,in,0.477,Q2 1:22,14.0,12503,Isaiah Bond,WR,1.6,1.2,0.66,1.86,2.09,2.04,0.456,1.0,1.86,,0.0,0
2026-10-02 01:42:59Z,PIT,in,0.477,Q2 1:22,-14.0,13274,Germie Bernard,WR,4.5,0.0,2.6,2.6,2.07,2.35,0.477,1.0,2.6,,0.0,0
2026-10-02 01:42:59Z,CLE,in,0.477,Q2 1:22,14.0,12506,Harold Fannin,TE,10.6,9.5,4.51,14.01,15.62,15.04,0.0,1.0,14.01,,0.0,0
2026-10-02 01:42:59Z,CLE,in,0.477,Q2 1:22,14.0,13346,Denzel Boston,WR,9.4,10.4,4.16,14.56,16.09,15.31,0.007,1.0,14.56,,0.0,0
2026-10-02 01:42:59Z,CLE,in,0.477,Q2 1:22,14.0,4017,Deshaun Watson,QB,14.0,11.24,6.03,17.27,19.15,18.56,0.0,1.0,17.27,,0.0,0
2026-10-02 01:42:59Z,PIT,in,0.477,Q2 1:22,-14.0,13289,Drew Allar,QB,0.5,0.0,0.3,0.3,0.23,0.26,0.477,0.3,0.09,,0.0,0
2026-10-02 01:42:59Z,CLE,in,0.477,Q2 1:22,14.0,13298,KC Concepcion,WR,9.9,9.8,4.29,14.09,15.64,14.98,0.011,1.0,14.09,,0.0,0
2026-10-02 01:42:59Z,PIT,in,0.477,Q2 1:22,-14.0,6819,Michael Pittman,WR,9.7,3.5,5.9,9.4,8.42,8.57,0.089,1.0,9.4,,0.0,0
2026-10-02 01:42:59Z,PIT,in,0.477,Q2 1:22,-14.0,5846,DK Metcalf,WR,11.2,4.2,6.82,11.02,9.91,10.06,0.355,1.0,11.02,,0.0,0
2026-10-02 01:44:00Z,CLE,in,0.479,Q2 1:14,14.0,6783,Jerry Jeudy,WR,4.8,0.0,1.66,1.66,2.2,2.5,0.479,1.0,1.66,,0.0,0
2026-10-02 01:44:00Z,PIT,in,0.479,Q2 1:14,-14.0,PIT,Pittsburgh Steelers D/ST,DST,8.1,0.0,0.81,0.81,3.71,4.22,0.002,1.0,0.81,,0.0,0
2026-10-02 01:44:00Z,PIT,in,0.479,Q2 1:14,-14.0,96,Aaron Rodgers,QB,15.4,6.56,10.12,16.68,14.47,14.58,0.091,1.0,16.68,,0.0,0
2026-10-02 01:44:00Z,CLE,in,0.479,Q2 1:14,14.0,11261,Andre Szmyt,K,6.9,3.0,3.55,6.55,6.55,6.59,0.002,1.0,6.55,,0.0,0
2026-10-02 01:44:00Z,PIT,in,0.479,Q2 1:14,-14.0,7021,Rico Dowdle,RB,8.4,0.0,3.86,3.86,3.85,4.37,0.479,1.0,3.86,,0.0,0
2026-10-02 01:44:00Z,PIT,in,0.479,Q2 1:14,-14.0,11630,Roman Wilson,WR,5.7,8.2,3.96,12.16,11.88,11.17,0.279,1.0,12.16,,0.0,0
2026-10-02 01:44:00Z,CLE,in,0.479,Q2 1:14,14.0,12523,Jimmy Horn,WR,1.5,0.0,0.52,0.52,0.69,0.78,0.479,1.0,0.52,,0.0,0
2026-10-02 01:44:00Z,CLE,in,0.479,Q2 1:14,14.0,11617,Malachi Corley,WR,0.5,0.0,0.17,0.17,0.23,0.26,0.479,1.0,0.17,,0.0,0
2026-10-02 01:44:00Z,PIT,in,0.479,Q2 1:14,-14.0,9479,Darnell Washington,TE,4.9,2.6,3.03,5.63,5.18,5.15,0.172,1.0,5.63,,0.0,0
2026-10-02 01:44:00Z,CLE,in,0.479,Q2 1:14,14.0,CLE,Cleveland Browns D/ST,DST,7.0,8.0,0.51,8.51,12.25,11.64,0.069,1.0,8.51,,0.0,0
2026-10-02 01:44:00Z,PIT,in,0.479,Q2 1:14,-14.0,1945,Chris Boswell,K,8.1,0.0,3.71,3.71,3.71,4.22,0.069,1.0,3.71,,0.0,0
2026-10-02 01:44:00Z,CLE,in,0.479,Q2 1:14,14.0,12512,Quinshon Judkins,RB,11.8,14.6,7.14,21.74,21.91,20.74,0.003,1.0,21.74,,0.0,0
2026-10-02 01:44:00Z,PIT,in,0.479,Q2 1:14,-14.0,7600,Pat Freiermuth,TE,7.8,3.4,4.76,8.16,7.42,7.46,0.11,1.0,8.16,,0.0,0
2026-10-02 01:44:00Z,PIT,in,0.479,Q2 1:14,-14.0,8228,Jaylen Warren,RB,13.6,10.1,8.02,18.12,17.65,17.18,0.092,1.0,18.12,,0.0,0
2026-10-02 01:44:00Z,CLE,in,0.479,Q2 1:14,14.0,12503,Isaiah Bond,WR,1.6,1.2,0.66,1.86,2.09,2.03,0.458,1.0,1.86,,0.0,0
2026-10-02 01:44:00Z,PIT,in,0.479,Q2 1:14,-14.0,13274,Germie Bernard,WR,4.5,0.0,2.58,2.58,2.06,2.34,0.479,1.0,2.58,,0.0,0
2026-10-02 01:44:00Z,CLE,in,0.479,Q2 1:14,14.0,12506,Harold Fannin,TE,10.6,9.5,4.47,13.97,15.59,15.02,0.002,1.0,13.97,,0.0,0
2026-10-02 01:44:00Z,CLE,in,0.479,Q2 1:14,14.0,13346,Denzel Boston,WR,9.4,10.4,4.13,14.53,16.06,15.29,0.009,1.0,14.53,,0.0,0
2026-10-02 01:44:00Z,CLE,in,0.479,Q2 1:14,14.0,4017,Deshaun Watson,QB,14.0,11.24,5.98,17.22,19.12,18.53,0.002,1.0,17.22,,0.0,0
2026-10-02 01:44:00Z,PIT,in,0.479,Q2 1:14,-14.0,13289,Drew Allar,QB,0.5,0.0,0.3,0.3,0.23,0.26,0.479,0.3,0.09,,0.0,0
2026-10-02 01:44:00Z,CLE,in,0.479,Q2 1:14,14.0,13298,KC Concepcion,WR,9.9,9.8,4.26,14.06,15.61,14.95,0.013,1.0,14.06,,0.0,0
2026-10-02 01:44:00Z,PIT,in,0.479,Q2 1:14,-14.0,6819,Michael Pittman,WR,9.7,3.5,5.86,9.36,8.4,8.55,0.091,1.0,9.36,,0.0,0
2026-10-02 01:44:00Z,PIT,in,0.479,Q2 1:14,-14.0,5846,DK Metcalf,WR,11.2,4.2,6.78,10.98,9.88,10.03,0.358,1.0,10.98,,0.0,0
2026-10-02 01:45:00Z,CLE,in,0.482,Q2 1:06,14.0,6783,Jerry Jeudy,WR,4.8,0.0,1.65,1.65,2.19,2.49,0.482,1.0,1.65,,0.0,0
2026-10-02 01:45:00Z,PIT,in,0.482,Q2 1:06,-14.0,PIT,Pittsburgh Steelers D/ST,DST,8.1,0.0,0.8,0.8,3.69,4.2,0.004,1.0,0.8,,0.0,0
2026-10-02 01:45:00Z,PIT,in,0.482,Q2 1:06,-14.0,96,Aaron Rodgers,QB,15.4,6.56,10.06,16.62,14.43,14.54,0.094,1.0,16.62,,0.0,0
2026-10-02 01:45:00Z,CLE,in,0.482,Q2 1:06,14.0,11261,Andre Szmyt,K,6.9,3.0,3.53,6.53,6.53,6.58,0.004,1.0,6.53,,0.0,0
2026-10-02 01:45:00Z,PIT,in,0.482,Q2 1:06,-14.0,7021,Rico Dowdle,RB,8.4,0.0,3.83,3.83,3.83,4.35,0.482,1.0,3.83,,0.0,0
2026-10-02 01:45:00Z,PIT,in,0.482,Q2 1:06,-14.0,11630,Roman Wilson,WR,5.7,8.2,3.94,12.14,11.86,11.15,0.281,1.0,12.14,,0.0,0
2026-10-02 01:45:00Z,CLE,in,0.482,Q2 1:06,14.0,12523,Jimmy Horn,WR,1.5,0.0,0.52,0.52,0.68,0.78,0.482,1.0,0.52,,0.0,0
2026-10-02 01:45:00Z,CLE,in,0.482,Q2 1:06,14.0,11617,Malachi Corley,WR,0.5,0.0,0.17,0.17,0.23,0.26,0.482,1.0,0.17,,0.0,0
2026-10-02 01:45:00Z,PIT,in,0.482,Q2 1:06,-14.0,9479,Darnell Washington,TE,4.9,2.6,3.01,5.61,5.17,5.14,0.174,1.0,5.61,,0.0,0
2026-10-02 01:45:00Z,CLE,in,0.482,Q2 1:06,14.0,CLE,Cleveland Browns D/ST,DST,7.0,8.0,0.51,8.51,12.23,11.63,0.071,1.0,8.51,,0.0,0
2026-10-02 01:45:00Z,PIT,in,0.482,Q2 1:06,-14.0,1945,Chris Boswell,K,8.1,0.0,3.69,3.69,3.69,4.2,0.071,1.0,3.69,,0.0,0
2026-10-02 01:45:00Z,CLE,in,0.482,Q2 1:06,14.0,12512,Quinshon Judkins,RB,11.8,14.6,7.09,21.69,21.87,20.72,0.005,1.0,21.69,,0.0,0
2026-10-02 01:45:00Z,PIT,in,0.482,Q2 1:06,-14.0,7600,Pat Freiermuth,TE,7.8,3.4,4.73,8.13,7.4,7.44,0.112,1.0,8.13,,0.0,0
2026-10-02 01:45:00Z,PIT,in,0.482,Q2 1:06,-14.0,8228,Jaylen Warren,RB,13.6,10.1,7.97,18.07,17.61,17.15,0.094,1.0,18.07,,0.0,0
2026-10-02 01:45:00Z,CLE,in,0.482,Q2 1:06,14.0,12503,Isaiah Bond,WR,1.6,1.2,0.65,1.85,2.08,2.03,0.461,1.0,1.85,,0.0,0
2026-10-02 01:45:00Z,PIT,in,0.482,Q2 1:06,-14.0,13274,Germie Bernard,WR,4.5,0.0,2.56,2.56,2.05,2.33,0.482,1.0,2.56,,0.0,0
2026-10-02 01:45:00Z,CLE,in,0.482,Q2 1:06,14.0,12506,Harold Fannin,TE,10.6,9.5,4.44,13.94,15.56,14.99,0.004,1.0,13.94,,0.0,0
2026-10-02 01:45:00Z,CLE,in,0.482,Q2 1:06,14.0,13346,Denzel Boston,WR,9.4,10.4,4.1,14.5,16.03,15.27,0.011,1.0,14.5,,0.0,0
2026-10-02 01:45:00Z,CLE,in,0.482,Q2 1:06,14.0,4017,Deshaun Watson,QB,14.0,11.24,5.93,17.17,19.08,18.5,0.004,1.0,17.17,,0.0,0
2026-10-02 01:45:00Z,PIT,in,0.482,Q2 1:06,-14.0,13289,Drew Allar,QB,0.5,0.0,0.29,0.29,0.23,0.26,0.482,0.3,0.09,,0.0,0
2026-10-02 01:45:00Z,CLE,in,0.482,Q2 1:06,14.0,13298,KC Concepcion,WR,9.9,9.8,4.23,14.03,15.58,14.93,0.015,1.0,14.03,,0.0,0
2026-10-02 01:45:00Z,PIT,in,0.482,Q2 1:06,-14.0,6819,Michael Pittman,WR,9.7,3.5,5.82,9.32,8.38,8.53,0.094,1.0,9.32,,0.0,0
2026-10-02 01:45:00Z,PIT,in,0.482,Q2 1:06,-14.0,5846,DK Metcalf,WR,11.2,4.2,6.74,10.94,9.85,10.01,0.36,1.0,10.94,,0.0,0
2026-10-02 01:46:01Z,CLE,in,0.482,Q2 1:06,14.0,6783,Jerry Jeudy,WR,4.8,0.0,1.65,1.65,2.19,2.49,0.482,1.0,1.65,,0.0,0
2026-10-02 01:46:01Z,PIT,in,0.482,Q2 1:06,-14.0,PIT,Pittsburgh Steelers D/ST,DST,8.1,0.0,0.8,0.8,3.69,4.2,0.004,1.0,0.8,,0.0,0
2026-10-02 01:46:01Z,PIT,in,0.482,Q2 1:06,-14.0,96,Aaron Rodgers,QB,15.4,6.56,10.06,16.62,14.43,14.54,0.094,1.0,16.62,,0.0,0
2026-10-02 01:46:01Z,CLE,in,0.482,Q2 1:06,14.0,11261,Andre Szmyt,K,6.9,3.0,3.53,6.53,6.53,6.58,0.004,1.0,6.53,,0.0,0
2026-10-02 01:46:01Z,PIT,in,0.482,Q2 1:06,-14.0,7021,Rico Dowdle,RB,8.4,0.0,3.83,3.83,3.83,4.35,0.482,1.0,3.83,,0.0,0
2026-10-02 01:46:01Z,PIT,in,0.482,Q2 1:06,-14.0,11630,Roman Wilson,WR,5.7,8.2,3.94,12.14,11.86,11.15,0.281,1.0,12.14,,0.0,0
2026-10-02 01:46:01Z,CLE,in,0.482,Q2 1:06,14.0,12523,Jimmy Horn,WR,1.5,0.0,0.52,0.52,0.68,0.78,0.482,1.0,0.52,,0.0,0
2026-10-02 01:46:01Z,CLE,in,0.482,Q2 1:06,14.0,11617,Malachi Corley,WR,0.5,0.0,0.17,0.17,0.23,0.26,0.482,1.0,0.17,,0.0,0
2026-10-02 01:46:01Z,PIT,in,0.482,Q2 1:06,-14.0,9479,Darnell Washington,TE,4.9,2.6,3.01,5.61,5.17,5.14,0.174,1.0,5.61,,0.0,0
2026-10-02 01:46:01Z,CLE,in,0.482,Q2 1:06,14.0,CLE,Cleveland Browns D/ST,DST,7.0,8.0,0.51,8.51,12.23,11.63,0.071,1.0,8.51,,0.0,0
2026-10-02 01:46:01Z,PIT,in,0.482,Q2 1:06,-14.0,1945,Chris Boswell,K,8.1,0.0,3.69,3.69,3.69,4.2,0.071,1.0,3.69,,0.0,0
2026-10-02 01:46:01Z,CLE,in,0.482,Q2 1:06,14.0,12512,Quinshon Judkins,RB,11.8,14.6,7.09,21.69,21.87,20.72,0.005,1.0,21.69,,0.0,0
2026-10-02 01:46:01Z,PIT,in,0.482,Q2 1:06,-14.0,7600,Pat Freiermuth,TE,7.8,3.4,4.73,8.13,7.4,7.44,0.112,1.0,8.13,,0.0,0
2026-10-02 01:46:01Z,PIT,in,0.482,Q2 1:06,-14.0,8228,Jaylen Warren,RB,13.6,10.1,7.97,18.07,17.61,17.15,0.094,1.0,18.07,,0.0,0
2026-10-02 01:46:01Z,CLE,in,0.482,Q2 1:06,14.0,12503,Isaiah Bond,WR,1.6,1.2,0.65,1.85,2.08,2.03,0.461,1.0,1.85,,0.0,0
2026-10-02 01:46:01Z,PIT,in,0.482,Q2 1:06,-14.0,13274,Germie Bernard,WR,4.5,0.0,2.56,2.56,2.05,2.33,0.482,1.0,2.56,,0.0,0
2026-10-02 01:46:01Z,CLE,in,0.482,Q2 1:06,14.0,12506,Harold Fannin,TE,10.6,9.5,4.44,13.94,15.56,14.99,0.004,1.0,13.94,,0.0,0
2026-10-02 01:46:01Z,CLE,in,0.482,Q2 1:06,14.0,13346,Denzel Boston,WR,9.4,10.4,4.1,14.5,16.03,15.27,0.011,1.0,14.5,,0.0,0
2026-10-02 01:46:01Z,CLE,in,0.482,Q2 1:06,14.0,4017,Deshaun Watson,QB,14.0,11.24,5.93,17.17,19.08,18.5,0.004,1.0,17.17,,0.0,0
2026-10-02 01:46:01Z,PIT,in,0.482,Q2 1:06,-14.0,13289,Drew Allar,QB,0.5,0.0,0.29,0.29,0.23,0.26,0.482,0.3,0.09,,0.0,0
2026-10-02 01:46:01Z,CLE,in,0.482,Q2 1:06,14.0,13298,KC Concepcion,WR,9.9,9.8,4.23,14.03,15.58,14.93,0.015,1.0,14.03,,0.0,0
2026-10-02 01:46:01Z,PIT,in,0.482,Q2 1:06,-14.0,6819,Michael Pittman,WR,9.7,3.5,5.82,9.32,8.38,8.53,0.094,1.0,9.32,,0.0,0
2026-10-02 01:46:01Z,PIT,in,0.482,Q2 1:06,-14.0,5846,DK Metcalf,WR,11.2,4.2,6.74,10.94,9.85,10.01,0.36,1.0,10.94,,0.0,0
2026-10-02 01:47:01Z,CLE,in,0.49,Q2 0:37,14.0,6783,Jerry Jeudy,WR,4.8,0.0,1.6,1.6,2.15,2.45,0.49,1.0,1.6,,0.0,0
2026-10-02 01:47:01Z,PIT,in,0.49,Q2 0:37,-14.0,PIT,Pittsburgh Steelers D/ST,DST,8.1,0.0,0.75,0.75,3.63,4.13,0.013,1.0,0.75,,0.0,0
2026-10-02 01:47:01Z,PIT,in,0.49,Q2 0:37,-14.0,96,Aaron Rodgers,QB,15.4,8.56,10.11,18.67,16.55,16.42,0.0,1.0,18.67,,0.0,0
2026-10-02 01:47:01Z,CLE,in,0.49,Q2 0:37,14.0,11261,Andre Szmyt,K,6.9,3.0,3.47,6.47,6.47,6.52,0.013,1.0,6.47,,0.0,0
2026-10-02 01:47:01Z,PIT,in,0.49,Q2 0:37,-14.0,7021,Rico Dowdle,RB,8.4,0.0,3.74,3.74,3.76,4.29,0.49,1.0,3.74,,0.0,0
2026-10-02 01:47:01Z,PIT,in,0.49,Q2 0:37,-14.0,11630,Roman Wilson,WR,5.7,14.2,4.35,18.55,18.56,17.11,0.0,1.0,18.55,,0.0,0
2026-10-02 01:47:01Z,CLE,in,0.49,Q2 0:37,14.0,12523,Jimmy Horn,WR,1.5,0.0,0.5,0.5,0.67,0.77,0.49,1.0,0.5,,0.0,0
2026-10-02 01:47:01Z,CLE,in,0.49,Q2 0:37,14.0,11617,Malachi Corley,WR,0.5,0.0,0.17,0.17,0.22,0.26,0.49,1.0,0.17,,0.0,0
2026-10-02 01:47:01Z,PIT,in,0.49,Q2 0:37,-14.0,9479,Darnell Washington,TE,4.9,2.6,2.94,5.54,5.13,5.1,0.182,1.0,5.54,,0.0,0
2026-10-02 01:47:01Z,CLE,in,0.49,Q2 0:37,14.0,CLE,Cleveland Browns D/ST,DST,7.0,8.0,0.53,8.53,12.16,11.57,0.079,1.0,8.53,,0.0,0
2026-10-02 01:47:01Z,PIT,in,0.49,Q2 0:37,-14.0,1945,Chris Boswell,K,8.1,0.0,3.63,3.63,3.63,4.13,0.079,1.0,3.63,,0.0,0
2026-10-02 01:47:01Z,CLE,in,0.49,Q2 0:37,14.0,12512,Quinshon Judkins,RB,11.8,14.6,6.95,21.55,21.75,20.62,0.013,1.0,21.55,,0.0,0
2026-10-02 01:47:01Z,PIT,in,0.49,Q2 0:37,-14.0,7600,Pat Freiermuth,TE,7.8,3.4,4.62,8.02,7.33,7.38,0.12,1.0,8.02,,0.0,0
2026-10-02 01:47:01Z,PIT,in,0.49,Q2 0:37,-14.0,8228,Jaylen Warren,RB,13.6,10.1,7.79,17.89,17.48,17.04,0.102,1.0,17.89,,0.0,0
2026-10-02 01:47:01Z,CLE,in,0.49,Q2 0:37,14.0,12503,Isaiah Bond,WR,1.6,1.2,0.63,1.83,2.07,2.02,0.469,1.0,1.83,,0.0,0
2026-10-02 01:47:01Z,PIT,in,0.49,Q2 0:37,-14.0,13274,Germie Bernard,WR,4.5,0.0,2.51,2.51,2.02,2.3,0.49,1.0,2.51,,0.0,0
2026-10-02 01:47:01Z,CLE,in,0.49,Q2 0:37,14.0,12506,Harold Fannin,TE,10.6,9.5,4.32,13.82,15.46,14.91,0.013,1.0,13.82,,0.0,0
2026-10-02 01:47:01Z,CLE,in,0.49,Q2 0:37,14.0,13346,Denzel Boston,WR,9.4,10.4,4.0,14.4,15.94,15.2,0.019,1.0,14.4,,0.0,0
2026-10-02 01:47:01Z,CLE,in,0.49,Q2 0:37,14.0,4017,Deshaun Watson,QB,14.0,11.24,5.76,17.0,18.94,18.38,0.013,1.0,17.0,,0.0,0
2026-10-02 01:47:01Z,PIT,in,0.49,Q2 0:37,-14.0,13289,Drew Allar,QB,0.5,0.0,0.29,0.29,0.22,0.26,0.49,0.3,0.09,,0.0,0
2026-10-02 01:47:01Z,CLE,in,0.49,Q2 0:37,14.0,13298,KC Concepcion,WR,9.9,9.8,4.11,13.91,15.48,14.85,0.023,1.0,13.91,,0.0,0
2026-10-02 01:47:01Z,PIT,in,0.49,Q2 0:37,-14.0,6819,Michael Pittman,WR,9.7,3.5,5.69,9.19,8.29,8.45,0.102,1.0,9.19,,0.0,0
2026-10-02 01:47:01Z,PIT,in,0.49,Q2 0:37,-14.0,5846,DK Metcalf,WR,11.2,4.2,6.58,10.78,9.75,9.92,0.368,1.0,10.78,,0.0,0
2026-10-02 01:48:01Z,CLE,in,0.49,Q2 0:37,14.0,6783,Jerry Jeudy,WR,4.8,0.0,1.6,1.6,2.15,2.45,0.49,1.0,1.6,,0.0,0
2026-10-02 01:48:01Z,PIT,in,0.49,Q2 0:37,-14.0,PIT,Pittsburgh Steelers D/ST,DST,8.1,0.0,0.75,0.75,3.63,4.13,0.013,1.0,0.75,,0.0,0
2026-10-02 01:48:01Z,PIT,in,0.49,Q2 0:37,-14.0,96,Aaron Rodgers,QB,15.4,8.52,10.11,18.63,16.5,16.38,0.0,1.0,18.63,,0.0,0
2026-10-02 01:48:01Z,CLE,in,0.49,Q2 0:37,14.0,11261,Andre Szmyt,K,6.9,3.0,3.47,6.47,6.47,6.52,0.013,1.0,6.47,,0.0,0
2026-10-02 01:48:01Z,PIT,in,0.49,Q2 0:37,-14.0,7021,Rico Dowdle,RB,8.4,0.0,3.74,3.74,3.76,4.29,0.49,1.0,3.74,,0.0,0
2026-10-02 01:48:01Z,PIT,in,0.49,Q2 0:37,-14.0,11630,Roman Wilson,WR,5.7,14.1,4.34,18.44,18.45,17.01,0.0,1.0,18.44,,0.0,0
2026-10-02 01:48:01Z,CLE,in,0.49,Q2 0:37,14.0,12523,Jimmy Horn,WR,1.5,0.0,0.5,0.5,0.67,0.77,0.49,1.0,0.5,,0.0,0
2026-10-02 01:48:01Z,CLE,in,0.49,Q2 0:37,14.0,11617,Malachi Corley,WR,0.5,0.0,0.17,0.17,0.22,0.26,0.49,1.0,0.17,,0.0,0
2026-10-02 01:48:01Z,PIT,in,0.49,Q2 0:37,-14.0,9479,Darnell Washington,TE,4.9,2.6,2.94,5.54,5.13,5.1,0.182,1.0,5.54,,0.0,0
2026-10-02 01:48:01Z,CLE,in,0.49,Q2 0:37,14.0,CLE,Cleveland Browns D/ST,DST,7.0,8.0,0.53,8.53,12.16,11.57,0.079,1.0,8.53,,0.0,0
2026-10-02 01:48:01Z,PIT,in,0.49,Q2 0:37,-14.0,1945,Chris Boswell,K,8.1,0.0,3.63,3.63,3.63,4.13,0.079,1.0,3.63,,0.0,0
2026-10-02 01:48:01Z,CLE,in,0.49,Q2 0:37,14.0,12512,Quinshon Judkins,RB,11.8,14.6,6.95,21.55,21.75,20.62,0.013,1.0,21.55,,0.0,0
2026-10-02 01:48:01Z,PIT,in,0.49,Q2 0:37,-14.0,7600,Pat Freiermuth,TE,7.8,3.4,4.62,8.02,7.33,7.38,0.12,1.0,8.02,,0.0,0
2026-10-02 01:48:01Z,PIT,in,0.49,Q2 0:37,-14.0,8228,Jaylen Warren,RB,13.6,10.1,7.79,17.89,17.48,17.04,0.102,1.0,17.89,,0.0,0
2026-10-02 01:48:01Z,CLE,in,0.49,Q2 0:37,14.0,12503,Isaiah Bond,WR,1.6,1.2,0.63,1.83,2.07,2.02,0.469,1.0,1.83,,0.0,0
2026-10-02 01:48:01Z,PIT,in,0.49,Q2 0:37,-14.0,13274,Germie Bernard,WR,4.5,0.0,2.51,2.51,2.02,2.3,0.49,1.0,2.51,,0.0,0
2026-10-02 01:48:01Z,CLE,in,0.49,Q2 0:37,14.0,12506,Harold Fannin,TE,10.6,9.5,4.32,13.82,15.46,14.91,0.013,1.0,13.82,,0.0,0
2026-10-02 01:48:01Z,CLE,in,0.49,Q2 0:37,14.0,13346,Denzel Boston,WR,9.4,10.4,4.0,14.4,15.94,15.2,0.019,1.0,14.4,,0.0,0
2026-10-02 01:48:01Z,CLE,in,0.49,Q2 0:37,14.0,4017,Deshaun Watson,QB,14.0,11.24,5.76,17.0,18.94,18.38,0.013,1.0,17.0,,0.0,0
2026-10-02 01:48:01Z,PIT,in,0.49,Q2 0:37,-14.0,13289,Drew Allar,QB,0.5,0.0,0.29,0.29,0.22,0.26,0.49,0.3,0.09,,0.0,0
2026-10-02 01:48:01Z,CLE,in,0.49,Q2 0:37,14.0,13298,KC Concepcion,WR,9.9,9.8,4.11,13.91,15.48,14.85,0.023,1.0,13.91,,0.0,0
2026-10-02 01:48:01Z,PIT,in,0.49,Q2 0:37,-14.0,6819,Michael Pittman,WR,9.7,3.5,5.69,9.19,8.29,8.45,0.102,1.0,9.19,,0.0,0
2026-10-02 01:48:01Z,PIT,in,0.49,Q2 0:37,-14.0,5846,DK Metcalf,WR,11.2,4.2,6.58,10.78,9.75,9.92,0.368,1.0,10.78,,0.0,0
2026-10-02 01:49:02Z,CLE,in,0.491,Q2 0:32,14.0,6783,Jerry Jeudy,WR,4.8,0.0,1.59,1.59,2.14,2.44,0.491,1.0,1.59,,0.0,0
2026-10-02 01:49:02Z,PIT,in,0.491,Q2 0:32,-14.0,PIT,Pittsburgh Steelers D/ST,DST,8.1,0.0,0.74,0.74,3.62,4.12,0.014,1.0,0.74,,0.0,0
2026-10-02 01:49:02Z,PIT,in,0.491,Q2 0:32,-14.0,96,Aaron Rodgers,QB,15.4,8.52,10.06,18.58,16.48,16.36,0.001,1.0,18.58,,0.0,0
2026-10-02 01:49:02Z,CLE,in,0.491,Q2 0:32,14.0,11261,Andre Szmyt,K,6.9,3.0,3.46,6.46,6.46,6.51,0.014,1.0,6.46,,0.0,0
2026-10-02 01:49:02Z,PIT,in,0.491,Q2 0:32,-14.0,7021,Rico Dowdle,RB,8.4,0.0,3.73,3.73,3.75,4.27,0.491,1.0,3.73,,0.0,0
2026-10-02 01:49:02Z,PIT,in,0.491,Q2 0:32,-14.0,11630,Roman Wilson,WR,5.7,14.1,4.33,18.43,18.44,17.0,0.001,1.0,18.43,,0.0,0
2026-10-02 01:49:02Z,CLE,in,0.491,Q2 0:32,14.0,12523,Jimmy Horn,WR,1.5,0.0,0.5,0.5,0.67,0.76,0.491,1.0,0.5,,0.0,0
2026-10-02 01:49:02Z,CLE,in,0.491,Q2 0:32,14.0,11617,Malachi Corley,WR,0.5,0.0,0.17,0.17,0.22,0.25,0.491,1.0,0.17,,0.0,0
2026-10-02 01:49:02Z,PIT,in,0.491,Q2 0:32,-14.0,9479,Darnell Washington,TE,4.9,2.6,2.93,5.53,5.12,5.09,0.184,1.0,5.53,,0.0,0
2026-10-02 01:49:02Z,CLE,in,0.491,Q2 0:32,14.0,CLE,Cleveland Browns D/ST,DST,7.0,8.0,0.53,8.53,12.14,11.56,0.08,1.0,8.53,,0.0,0
2026-10-02 01:49:02Z,PIT,in,0.491,Q2 0:32,-14.0,1945,Chris Boswell,K,8.1,0.0,3.62,3.62,3.62,4.12,0.08,1.0,3.62,,0.0,0
2026-10-02 01:49:02Z,CLE,in,0.491,Q2 0:32,14.0,12512,Quinshon Judkins,RB,11.8,14.6,6.92,21.52,21.73,20.6,0.015,1.0,21.52,,0.0,0
2026-10-02 01:49:02Z,PIT,in,0.491,Q2 0:32,-14.0,7600,Pat Freiermuth,TE,7.8,3.4,4.61,8.01,7.31,7.37,0.122,1.0,8.01,,0.0,0
2026-10-02 01:49:02Z,PIT,in,0.491,Q2 0:32,-14.0,8228,Jaylen Warren,RB,13.6,10.1,7.76,17.86,17.46,17.02,0.104,1.0,17.86,,0.0,0
2026-10-02 01:49:02Z,CLE,in,0.491,Q2 0:32,14.0,12503,Isaiah Bond,WR,1.6,1.2,0.63,1.83,2.07,2.01,0.47,1.0,1.83,,0.0,0
2026-10-02 01:49:02Z,PIT,in,0.491,Q2 0:32,-14.0,13274,Germie Bernard,WR,4.5,0.0,2.5,2.5,2.01,2.29,0.491,1.0,2.5,,0.0,0
2026-10-02 01:49:02Z,CLE,in,0.491,Q2 0:32,14.0,12506,Harold Fannin,TE,10.6,9.5,4.3,13.8,15.44,14.89,0.014,1.0,13.8,,0.0,0
2026-10-02 01:49:02Z,CLE,in,0.491,Q2 0:32,14.0,13346,Denzel Boston,WR,9.4,10.4,3.98,14.38,15.92,15.18,0.021,1.0,14.38,,0.0,0
2026-10-02 01:49:02Z,CLE,in,0.491,Q2 0:32,14.0,4017,Deshaun Watson,QB,14.0,11.24,5.73,16.97,18.92,18.36,0.014,1.0,16.97,,0.0,0
2026-10-02 01:49:02Z,PIT,in,0.491,Q2 0:32,-14.0,13289,Drew Allar,QB,0.5,0.0,0.29,0.29,0.22,0.25,0.491,0.3,0.09,,0.0,0
2026-10-02 01:49:02Z,CLE,in,0.491,Q2 0:32,14.0,13298,KC Concepcion,WR,9.9,9.8,4.1,13.9,15.47,14.84,0.024,1.0,13.9,,0.0,0
2026-10-02 01:49:02Z,PIT,in,0.491,Q2 0:32,-14.0,6819,Michael Pittman,WR,9.7,3.5,5.67,9.17,8.28,8.44,0.103,1.0,9.17,,0.0,0
2026-10-02 01:49:02Z,PIT,in,0.491,Q2 0:32,-14.0,5846,DK Metcalf,WR,11.2,4.2,6.56,10.76,9.73,9.9,0.369,1.0,10.76,,0.0,0
2026-10-02 01:50:02Z,CLE,in,0.494,Q2 0:22,14.0,6783,Jerry Jeudy,WR,4.8,0.0,1.58,1.58,2.13,2.43,0.494,1.0,1.58,,0.0,0
2026-10-02 01:50:02Z,PIT,in,0.494,Q2 0:22,-14.0,PIT,Pittsburgh Steelers D/ST,DST,8.1,0.0,0.73,0.73,3.59,4.1,0.017,1.0,0.73,,0.0,0
2026-10-02 01:50:02Z,PIT,in,0.494,Q2 0:22,-14.0,96,Aaron Rodgers,QB,15.4,8.52,9.98,18.5,16.43,16.31,0.004,1.0,18.5,,0.0,0
2026-10-02 01:50:02Z,CLE,in,0.494,Q2 0:22,14.0,11261,Andre Szmyt,K,6.9,3.0,3.44,6.44,6.44,6.49,0.017,1.0,6.44,,0.0,0
2026-10-02 01:50:02Z,PIT,in,0.494,Q2 0:22,-14.0,7021,Rico Dowdle,RB,8.4,0.0,3.7,3.7,3.73,4.25,0.494,1.0,3.7,,0.0,0
2026-10-02 01:50:02Z,PIT,in,0.494,Q2 0:22,-14.0,11630,Roman Wilson,WR,5.7,14.1,4.29,18.39,18.41,16.98,0.004,1.0,18.39,,0.0,0
2026-10-02 01:50:02Z,CLE,in,0.494,Q2 0:22,14.0,12523,Jimmy Horn,WR,1.5,0.0,0.49,0.49,0.67,0.76,0.494,1.0,0.49,,0.0,0
2026-10-02 01:50:02Z,CLE,in,0.494,Q2 0:22,14.0,11617,Malachi Corley,WR,0.5,0.0,0.16,0.16,0.22,0.25,0.494,1.0,0.16,,0.0,0
2026-10-02 01:50:02Z,PIT,in,0.494,Q2 0:22,-14.0,9479,Darnell Washington,TE,4.9,2.6,2.91,5.51,5.1,5.08,0.187,1.0,5.51,,0.0,0
2026-10-02 01:50:02Z,CLE,in,0.494,Q2 0:22,14.0,CLE,Cleveland Browns D/ST,DST,7.0,8.0,0.53,8.53,12.12,11.54,0.083,1.0,8.53,,0.0,0
2026-10-02 01:50:02Z,PIT,in,0.494,Q2 0:22,-14.0,1945,Chris Boswell,K,8.1,0.0,3.59,3.59,3.59,4.1,0.083,1.0,3.59,,0.0,0
2026-10-02 01:50:02Z,CLE,in,0.494,Q2 0:22,14.0,12512,Quinshon Judkins,RB,11.8,14.6,6.87,21.47,21.68,20.57,0.018,1.0,21.47,,0.0,0
2026-10-02 01:50:02Z,PIT,in,0.494,Q2 0:22,-14.0,7600,Pat Freiermuth,TE,7.8,3.4,4.57,7.97,7.29,7.35,0.124,1.0,7.97,,0.0,0
2026-10-02 01:50:02Z,PIT,in,0.494,Q2 0:22,-14.0,8228,Jaylen Warren,RB,13.6,10.1,7.7,17.8,17.41,16.98,0.107,1.0,17.8,,0.0,0
2026-10-02 01:50:02Z,CLE,in,0.494,Q2 0:22,14.0,12503,Isaiah Bond,WR,1.6,1.2,0.62,1.82,2.06,2.01,0.473,1.0,1.82,,0.0,0
2026-10-02 01:50:02Z,PIT,in,0.494,Q2 0:22,-14.0,13274,Germie Bernard,WR,4.5,0.0,2.48,2.48,2.0,2.28,0.494,1.0,2.48,,0.0,0
2026-10-02 01:50:02Z,CLE,in,0.494,Q2 0:22,14.0,12506,Harold Fannin,TE,10.6,9.5,4.26,13.76,15.4,14.86,0.017,1.0,13.76,,0.0,0
2026-10-02 01:50:02Z,CLE,in,0.494,Q2 0:22,14.0,13346,Denzel Boston,WR,9.4,10.4,3.94,14.34,15.89,15.16,0.024,1.0,14.34,,0.0,0
2026-10-02 01:50:02Z,CLE,in,0.494,Q2 0:22,14.0,4017,Deshaun Watson,QB,14.0,11.24,5.67,16.91,18.87,18.33,0.017,1.0,16.91,,0.0,0
2026-10-02 01:50:02Z,PIT,in,0.494,Q2 0:22,-14.0,13289,Drew Allar,QB,0.5,0.0,0.28,0.28,0.22,0.25,0.494,0.3,0.08,,0.0,0
2026-10-02 01:50:02Z,CLE,in,0.494,Q2 0:22,14.0,13298,KC Concepcion,WR,9.9,9.8,4.06,13.86,15.43,14.81,0.027,1.0,13.86,,0.0,0
2026-10-02 01:50:02Z,PIT,in,0.494,Q2 0:22,-14.0,6819,Michael Pittman,WR,9.7,3.5,5.62,9.12,8.25,8.41,0.106,1.0,9.12,,0.0,0
2026-10-02 01:50:02Z,PIT,in,0.494,Q2 0:22,-14.0,5846,DK Metcalf,WR,11.2,4.2,6.51,10.71,9.7,9.87,0.372,1.0,10.71,,0.0,0
2026-10-02 01:51:02Z,CLE,in,0.496,Q2 0:16,14.0,6783,Jerry Jeudy,WR,4.8,0.0,1.57,1.57,2.12,2.42,0.496,1.0,1.57,,0.0,0
2026-10-02 01:51:02Z,PIT,in,0.496,Q2 0:16,-14.0,PIT,Pittsburgh Steelers D/ST,DST,8.1,0.0,0.72,0.72,3.58,4.09,0.018,1.0,0.72,,0.0,0
2026-10-02 01:51:02Z,PIT,in,0.496,Q2 0:16,-14.0,96,Aaron Rodgers,QB,15.4,8.52,9.93,18.45,16.4,16.29,0.006,1.0,18.45,,0.0,0
2026-10-02 01:51:02Z,CLE,in,0.496,Q2 0:16,14.0,11261,Andre Szmyt,K,6.9,3.0,3.43,6.43,6.43,6.48,0.018,1.0,6.43,,0.0,0
2026-10-02 01:51:02Z,PIT,in,0.496,Q2 0:16,-14.0,7021,Rico Dowdle,RB,8.4,0.0,3.68,3.68,3.71,4.24,0.496,1.0,3.68,,0.0,0
2026-10-02 01:51:02Z,PIT,in,0.496,Q2 0:16,-14.0,11630,Roman Wilson,WR,5.7,14.1,4.27,18.37,18.4,16.98,0.006,1.0,18.37,,0.0,0
2026-10-02 01:51:02Z,CLE,in,0.496,Q2 0:16,14.0,12523,Jimmy Horn,WR,1.5,0.0,0.49,0.49,0.66,0.76,0.496,1.0,0.49,,0.0,0
2026-10-02 01:51:02Z,CLE,in,0.496,Q2 0:16,14.0,11617,Malachi Corley,WR,0.5,0.0,0.16,0.16,0.22,0.25,0.496,1.0,0.16,,0.0,0
2026-10-02 01:51:02Z,PIT,in,0.496,Q2 0:16,-14.0,9479,Darnell Washington,TE,4.9,2.6,2.89,5.49,5.09,5.07,0.188,1.0,5.49,,0.0,0
2026-10-02 01:51:02Z,CLE,in,0.496,Q2 0:16,14.0,CLE,Cleveland Browns D/ST,DST,7.0,8.0,0.54,8.54,12.1,11.53,0.085,1.0,8.54,,0.0,0
2026-10-02 01:51:02Z,PIT,in,0.496,Q2 0:16,-14.0,1945,Chris Boswell,K,8.1,0.0,3.58,3.58,3.58,4.09,0.085,1.0,3.58,,0.0,0
2026-10-02 01:51:02Z,CLE,in,0.496,Q2 0:16,14.0,12512,Quinshon Judkins,RB,11.8,14.6,6.84,21.44,21.66,20.55,0.019,1.0,21.44,,0.0,0
2026-10-02 01:51:02Z,PIT,in,0.496,Q2 0:16,-14.0,7600,Pat Freiermuth,TE,7.8,3.4,4.55,7.95,7.28,7.33,0.126,1.0,7.95,,0.0,0
2026-10-02 01:51:02Z,PIT,in,0.496,Q2 0:16,-14.0,8228,Jaylen Warren,RB,13.6,10.1,7.66,17.76,17.38,16.96,0.108,1.0,17.76,,0.0,0
2026-10-02 01:51:02Z,CLE,in,0.496,Q2 0:16,14.0,12503,Isaiah Bond,WR,1.6,1.2,0.62,1.82,2.06,2.01,0.474,1.0,1.82,,0.0,0
2026-10-02 01:51:02Z,PIT,in,0.496,Q2 0:16,-14.0,13274,Germie Bernard,WR,4.5,0.0,2.46,2.46,1.99,2.27,0.496,1.0,2.46,,0.0,0
2026-10-02 01:51:02Z,CLE,in,0.496,Q2 0:16,14.0,12506,Harold Fannin,TE,10.6,9.5,4.24,13.74,15.38,14.85,0.018,1.0,13.74,,0.0,0
2026-10-02 01:51:02Z,CLE,in,0.496,Q2 0:16,14.0,13346,Denzel Boston,WR,9.4,10.4,3.92,14.32,15.87,15.14,0.025,1.0,14.32,,0.0,0
2026-10-02 01:51:02Z,CLE,in,0.496,Q2 0:16,14.0,4017,Deshaun Watson,QB,14.0,11.24,5.64,16.88,18.84,18.3,0.018,1.0,16.88,,0.0,0
2026-10-02 01:51:02Z,PIT,in,0.496,Q2 0:16,-14.0,13289,Drew Allar,QB,0.5,0.0,0.28,0.28,0.22,0.25,0.496,0.3,0.08,,0.0,0
2026-10-02 01:51:02Z,CLE,in,0.496,Q2 0:16,14.0,13298,KC Concepcion,WR,9.9,9.8,4.04,13.84,15.41,14.79,0.029,1.0,13.84,,0.0,0
2026-10-02 01:51:02Z,PIT,in,0.496,Q2 0:16,-14.0,6819,Michael Pittman,WR,9.7,3.5,5.6,9.1,8.23,8.39,0.108,1.0,9.1,,0.0,0
2026-10-02 01:51:02Z,PIT,in,0.496,Q2 0:16,-14.0,5846,DK Metcalf,WR,11.2,4.2,6.47,10.67,9.68,9.85,0.374,1.0,10.67,,0.0,0
2026-10-02 01:52:03Z,CLE,in,0.498,Q2 0:08,11.0,6783,Jerry Jeudy,WR,4.8,0.0,1.67,1.67,2.11,2.41,0.498,1.0,1.67,,0.0,0
2026-10-02 01:52:03Z,PIT,in,0.498,Q2 0:08,-11.0,PIT,Pittsburgh Steelers D/ST,DST,8.1,0.0,0.89,0.89,3.56,4.07,0.021,1.0,0.89,,0.0,0
2026-10-02 01:52:03Z,PIT,in,0.498,Q2 0:08,-11.0,96,Aaron Rodgers,QB,15.4,8.52,9.4,17.92,16.36,16.25,0.008,1.0,17.92,,0.0,0
2026-10-02 01:52:03Z,CLE,in,0.498,Q2 0:08,11.0,11261,Andre Szmyt,K,6.9,3.0,3.41,6.41,6.41,6.47,0.021,1.0,6.41,,0.0,0
2026-10-02 01:52:03Z,PIT,in,0.498,Q2 0:08,-11.0,7021,Rico Dowdle,RB,8.4,0.0,3.59,3.59,3.69,4.22,0.498,1.0,3.59,,0.0,0
2026-10-02 01:52:03Z,PIT,in,0.498,Q2 0:08,-11.0,11630,Roman Wilson,WR,5.7,14.1,4.11,18.21,18.38,16.96,0.008,1.0,18.21,,0.0,0
2026-10-02 01:52:03Z,CLE,in,0.498,Q2 0:08,11.0,12523,Jimmy Horn,WR,1.5,0.0,0.52,0.52,0.66,0.75,0.498,1.0,0.52,,0.0,0
2026-10-02 01:52:03Z,CLE,in,0.498,Q2 0:08,11.0,11617,Malachi Corley,WR,0.5,0.0,0.17,0.17,0.22,0.25,0.498,1.0,0.17,,0.0,0
2026-10-02 01:52:03Z,PIT,in,0.498,Q2 0:08,-11.0,9479,Darnell Washington,TE,4.9,2.6,2.76,5.36,5.08,5.06,0.191,1.0,5.36,,0.0,0
2026-10-02 01:52:03Z,CLE,in,0.498,Q2 0:08,11.0,CLE,Cleveland Browns D/ST,DST,7.0,8.0,0.41,8.41,12.08,11.52,0.087,1.0,8.41,,0.0,0
2026-10-02 01:52:03Z,PIT,in,0.498,Q2 0:08,-11.0,1945,Chris Boswell,K,8.1,3.0,3.94,6.94,6.94,7.07,0.0,1.0,6.94,,0.0,0
2026-10-02 01:52:03Z,CLE,in,0.498,Q2 0:08,11.0,12512,Quinshon Judkins,RB,11.8,14.6,6.88,21.48,21.62,20.53,0.021,1.0,21.48,,0.0,0
2026-10-02 01:52:03Z,PIT,in,0.498,Q2 0:08,-11.0,7600,Pat Freiermuth,TE,7.8,3.4,4.33,7.73,7.26,7.32,0.128,1.0,7.73,,0.0,0
2026-10-02 01:52:03Z,PIT,in,0.498,Q2 0:08,-11.0,8228,Jaylen Warren,RB,13.6,10.1,7.52,17.62,17.35,16.93,0.111,1.0,17.62,,0.0,0
2026-10-02 01:52:03Z,CLE,in,0.498,Q2 0:08,11.0,12503,Isaiah Bond,WR,1.6,1.2,0.65,1.85,2.05,2.0,0.477,1.0,1.85,,0.0,0
2026-10-02 01:52:03Z,PIT,in,0.498,Q2 0:08,-11.0,13274,Germie Bernard,WR,4.5,0.0,2.34,2.34,1.98,2.26,0.498,1.0,2.34,,0.0,0
2026-10-02 01:52:03Z,CLE,in,0.498,Q2 0:08,11.0,12506,Harold Fannin,TE,10.6,9.5,4.46,13.96,15.35,14.82,0.021,1.0,13.96,,0.0,0
2026-10-02 01:52:03Z,CLE,in,0.498,Q2 0:08,11.0,13346,Denzel Boston,WR,9.4,10.4,4.11,14.51,15.84,15.12,0.027,1.0,14.51,,0.0,0
2026-10-02 01:52:03Z,CLE,in,0.498,Q2 0:08,11.0,4017,Deshaun Watson,QB,14.0,11.24,6.01,17.25,18.81,18.27,0.021,1.0,17.25,,0.0,0
2026-10-02 01:52:03Z,PIT,in,0.498,Q2 0:08,-11.0,13289,Drew Allar,QB,0.5,0.0,0.26,0.26,0.22,0.25,0.498,0.3,0.08,,0.0,0
2026-10-02 01:52:03Z,CLE,in,0.498,Q2 0:08,11.0,13298,KC Concepcion,WR,9.9,9.8,4.24,14.04,15.38,14.77,0.031,1.0,14.04,,0.0,0
2026-10-02 01:52:03Z,PIT,in,0.498,Q2 0:08,-11.0,6819,Michael Pittman,WR,9.7,3.5,5.33,8.83,8.2,8.37,0.11,1.0,8.83,,0.0,0
2026-10-02 01:52:03Z,PIT,in,0.498,Q2 0:08,-11.0,5846,DK Metcalf,WR,11.2,4.2,6.17,10.37,9.65,9.82,0.376,1.0,10.37,,0.0,0
2026-10-02 01:53:03Z,CLE,in,0.498,Q2 0:08,11.0,6783,Jerry Jeudy,WR,4.8,0.0,1.67,1.67,2.11,2.41,0.498,1.0,1.67,,0.0,0
2026-10-02 01:53:03Z,PIT,in,0.498,Q2 0:08,-11.0,PIT,Pittsburgh Steelers D/ST,DST,8.1,0.0,0.89,0.89,3.56,4.07,0.021,1.0,0.89,,0.0,0
2026-10-02 01:53:03Z,PIT,in,0.498,Q2 0:08,-11.0,96,Aaron Rodgers,QB,15.4,8.52,9.4,17.92,16.36,16.25,0.008,1.0,17.92,,0.0,0
2026-10-02 01:53:03Z,CLE,in,0.498,Q2 0:08,11.0,11261,Andre Szmyt,K,6.9,3.0,3.41,6.41,6.41,6.47,0.021,1.0,6.41,,0.0,0
2026-10-02 01:53:03Z,PIT,in,0.498,Q2 0:08,-11.0,7021,Rico Dowdle,RB,8.4,0.0,3.59,3.59,3.69,4.22,0.498,1.0,3.59,,0.0,0
2026-10-02 01:53:03Z,PIT,in,0.498,Q2 0:08,-11.0,11630,Roman Wilson,WR,5.7,14.1,4.11,18.21,18.38,16.96,0.008,1.0,18.21,,0.0,0
2026-10-02 01:53:03Z,CLE,in,0.498,Q2 0:08,11.0,12523,Jimmy Horn,WR,1.5,0.0,0.52,0.52,0.66,0.75,0.498,1.0,0.52,,0.0,0
2026-10-02 01:53:03Z,CLE,in,0.498,Q2 0:08,11.0,11617,Malachi Corley,WR,0.5,0.0,0.17,0.17,0.22,0.25,0.498,1.0,0.17,,0.0,0
2026-10-02 01:53:03Z,PIT,in,0.498,Q2 0:08,-11.0,9479,Darnell Washington,TE,4.9,2.6,2.76,5.36,5.08,5.06,0.191,1.0,5.36,,0.0,0
2026-10-02 01:53:03Z,CLE,in,0.498,Q2 0:08,11.0,CLE,Cleveland Browns D/ST,DST,7.0,8.0,0.41,8.41,12.08,11.52,0.087,1.0,8.41,,0.0,0
2026-10-02 01:53:03Z,PIT,in,0.498,Q2 0:08,-11.0,1945,Chris Boswell,K,8.1,3.0,3.94,6.94,6.94,7.07,0.0,1.0,6.94,,0.0,0
2026-10-02 01:53:03Z,CLE,in,0.498,Q2 0:08,11.0,12512,Quinshon Judkins,RB,11.8,14.6,6.88,21.48,21.62,20.53,0.021,1.0,21.48,,0.0,0
2026-10-02 01:53:03Z,PIT,in,0.498,Q2 0:08,-11.0,7600,Pat Freiermuth,TE,7.8,3.4,4.33,7.73,7.26,7.32,0.128,1.0,7.73,,0.0,0
2026-10-02 01:53:03Z,PIT,in,0.498,Q2 0:08,-11.0,8228,Jaylen Warren,RB,13.6,10.1,7.52,17.62,17.35,16.93,0.111,1.0,17.62,,0.0,0
2026-10-02 01:53:03Z,CLE,in,0.498,Q2 0:08,11.0,12503,Isaiah Bond,WR,1.6,1.2,0.65,1.85,2.05,2.0,0.477,1.0,1.85,,0.0,0
2026-10-02 01:53:03Z,PIT,in,0.498,Q2 0:08,-11.0,13274,Germie Bernard,WR,4.5,0.0,2.34,2.34,1.98,2.26,0.498,1.0,2.34,,0.0,0
2026-10-02 01:53:03Z,CLE,in,0.498,Q2 0:08,11.0,12506,Harold Fannin,TE,10.6,9.5,4.46,13.96,15.35,14.82,0.021,1.0,13.96,,0.0,0
2026-10-02 01:53:03Z,CLE,in,0.498,Q2 0:08,11.0,13346,Denzel Boston,WR,9.4,10.4,4.11,14.51,15.84,15.12,0.027,1.0,14.51,,0.0,0
2026-10-02 01:53:03Z,CLE,in,0.498,Q2 0:08,11.0,4017,Deshaun Watson,QB,14.0,11.24,6.01,17.25,18.81,18.27,0.021,1.0,17.25,,0.0,0
2026-10-02 01:53:03Z,PIT,in,0.498,Q2 0:08,-11.0,13289,Drew Allar,QB,0.5,0.0,0.26,0.26,0.22,0.25,0.498,0.3,0.08,,0.0,0
2026-10-02 01:53:03Z,CLE,in,0.498,Q2 0:08,11.0,13298,KC Concepcion,WR,9.9,9.8,4.24,14.04,15.38,14.77,0.031,1.0,14.04,,0.0,0
2026-10-02 01:53:03Z,PIT,in,0.498,Q2 0:08,-11.0,6819,Michael Pittman,WR,9.7,3.5,5.33,8.83,8.2,8.37,0.11,1.0,8.83,,0.0,0
2026-10-02 01:53:03Z,PIT,in,0.498,Q2 0:08,-11.0,5846,DK Metcalf,WR,11.2,4.2,6.17,10.37,9.65,9.82,0.376,1.0,10.37,,0.0,0
2026-10-02 01:54:03Z,CLE,in,0.5,HALF,11.0,6783,Jerry Jeudy,WR,4.8,0.0,1.66,1.66,2.1,2.4,0.5,1.0,1.66,,0.0,0
2026-10-02 01:54:03Z,PIT,in,0.5,HALF,-11.0,PIT,Pittsburgh Steelers D/ST,DST,8.1,0.0,0.87,0.87,3.54,4.05,0.023,1.0,0.87,,0.0,0
2026-10-02 01:54:03Z,PIT,in,0.5,HALF,-11.0,96,Aaron Rodgers,QB,15.4,8.52,9.34,17.86,16.32,16.22,0.01,1.0,17.86,,0.0,0
2026-10-02 01:54:03Z,CLE,in,0.5,HALF,11.0,11261,Andre Szmyt,K,6.9,3.0,3.39,6.39,6.39,6.45,0.023,1.0,6.39,,0.0,0
2026-10-02 01:54:03Z,PIT,in,0.5,HALF,-11.0,7021,Rico Dowdle,RB,8.4,0.0,3.57,3.57,3.68,4.2,0.5,1.0,3.57,,0.0,0
2026-10-02 01:54:03Z,PIT,in,0.5,HALF,-11.0,11630,Roman Wilson,WR,5.7,14.1,4.09,18.19,18.36,16.95,0.01,1.0,18.19,,0.0,0
2026-10-02 01:54:03Z,CLE,in,0.5,HALF,11.0,12523,Jimmy Horn,WR,1.5,0.0,0.52,0.52,0.66,0.75,0.5,1.0,0.52,,0.0,0
2026-10-02 01:54:03Z,CLE,in,0.5,HALF,11.0,11617,Malachi Corley,WR,0.5,0.0,0.17,0.17,0.22,0.25,0.5,1.0,0.17,,0.0,0
2026-10-02 01:54:03Z,PIT,in,0.5,HALF,-11.0,9479,Darnell Washington,TE,4.9,2.6,2.74,5.34,5.07,5.05,0.193,1.0,5.34,,0.0,0
2026-10-02 01:54:03Z,CLE,in,0.5,HALF,11.0,CLE,Cleveland Browns D/ST,DST,7.0,8.0,0.41,8.41,12.06,11.5,0.089,1.0,8.41,,0.0,0
2026-10-02 01:54:03Z,PIT,in,0.5,HALF,-11.0,1945,Chris Boswell,K,8.1,3.0,3.92,6.92,6.92,7.05,0.002,1.0,6.92,,0.0,0
2026-10-02 01:54:03Z,CLE,in,0.5,HALF,11.0,12512,Quinshon Judkins,RB,11.8,14.6,6.84,21.44,21.59,20.5,0.024,1.0,21.44,,0.0,0
2026-10-02 01:54:03Z,PIT,in,0.5,HALF,-11.0,7600,Pat Freiermuth,TE,7.8,3.4,4.31,7.71,7.24,7.3,0.131,1.0,7.71,,0.0,0
2026-10-02 01:54:03Z,PIT,in,0.5,HALF,-11.0,8228,Jaylen Warren,RB,13.6,10.1,7.47,17.57,17.31,16.9,0.113,1.0,17.57,,0.0,0
2026-10-02 01:54:03Z,CLE,in,0.5,HALF,11.0,12503,Isaiah Bond,WR,1.6,1.2,0.65,1.85,2.05,2.0,0.479,1.0,1.85,,0.0,0
2026-10-02 01:54:03Z,PIT,in,0.5,HALF,-11.0,13274,Germie Bernard,WR,4.5,0.0,2.33,2.33,1.97,2.25,0.5,1.0,2.33,,0.0,0
2026-10-02 01:54:03Z,CLE,in,0.5,HALF,11.0,12506,Harold Fannin,TE,10.6,9.5,4.42,13.92,15.32,14.8,0.023,1.0,13.92,,0.0,0
2026-10-02 01:54:03Z,CLE,in,0.5,HALF,11.0,13346,Denzel Boston,WR,9.4,10.4,4.08,14.48,15.81,15.1,0.03,1.0,14.48,,0.0,0
2026-10-02 01:54:03Z,CLE,in,0.5,HALF,11.0,4017,Deshaun Watson,QB,14.0,11.14,5.94,17.08,18.66,18.14,0.0,1.0,17.08,,0.0,0
2026-10-02 01:54:03Z,PIT,in,0.5,HALF,-11.0,13289,Drew Allar,QB,0.5,0.0,0.26,0.26,0.22,0.25,0.5,0.3,0.08,,0.0,0
2026-10-02 01:54:03Z,CLE,in,0.5,HALF,11.0,13298,KC Concepcion,WR,9.9,9.8,4.21,14.01,15.36,14.75,0.033,1.0,14.01,,0.0,0
2026-10-02 01:54:03Z,PIT,in,0.5,HALF,-11.0,6819,Michael Pittman,WR,9.7,3.5,5.3,8.8,8.18,8.35,0.112,1.0,8.8,,0.0,0
2026-10-02 01:54:03Z,PIT,in,0.5,HALF,-11.0,5846,DK Metcalf,WR,11.2,4.2,6.13,10.33,9.62,9.8,0.378,1.0,10.33,,0.0,0
2026-10-02 01:55:04Z,CLE,in,0.5,HALF,11.0,6783,Jerry Jeudy,WR,4.8,0.0,1.66,1.66,2.1,2.4,0.5,1.0,1.66,,0.0,0
2026-10-02 01:55:04Z,PIT,in,0.5,HALF,-11.0,PIT,Pittsburgh Steelers D/ST,DST,8.1,0.0,0.87,0.87,3.54,4.05,0.023,1.0,0.87,,0.0,0
2026-10-02 01:55:04Z,PIT,in,0.5,HALF,-11.0,96,Aaron Rodgers,QB,15.4,8.52,9.34,17.86,16.32,16.22,0.01,1.0,17.86,,0.0,0
2026-10-02 01:55:04Z,CLE,in,0.5,HALF,11.0,11261,Andre Szmyt,K,6.9,3.0,3.39,6.39,6.39,6.45,0.023,1.0,6.39,,0.0,0
2026-10-02 01:55:04Z,PIT,in,0.5,HALF,-11.0,7021,Rico Dowdle,RB,8.4,0.0,3.57,3.57,3.68,4.2,0.5,1.0,3.57,,0.0,0
2026-10-02 01:55:04Z,PIT,in,0.5,HALF,-11.0,11630,Roman Wilson,WR,5.7,14.1,4.09,18.19,18.36,16.95,0.01,1.0,18.19,,0.0,0
2026-10-02 01:55:04Z,CLE,in,0.5,HALF,11.0,12523,Jimmy Horn,WR,1.5,0.0,0.52,0.52,0.66,0.75,0.5,1.0,0.52,,0.0,0
2026-10-02 01:55:04Z,CLE,in,0.5,HALF,11.0,11617,Malachi Corley,WR,0.5,0.0,0.17,0.17,0.22,0.25,0.5,1.0,0.17,,0.0,0
2026-10-02 01:55:04Z,PIT,in,0.5,HALF,-11.0,9479,Darnell Washington,TE,4.9,2.6,2.74,5.34,5.07,5.05,0.193,1.0,5.34,,0.0,0
2026-10-02 01:55:04Z,CLE,in,0.5,HALF,11.0,CLE,Cleveland Browns D/ST,DST,7.0,8.0,0.41,8.41,12.06,11.5,0.089,1.0,8.41,,0.0,0
2026-10-02 01:55:04Z,PIT,in,0.5,HALF,-11.0,1945,Chris Boswell,K,8.1,3.0,3.92,6.92,6.92,7.05,0.002,1.0,6.92,,0.0,0
2026-10-02 01:55:04Z,CLE,in,0.5,HALF,11.0,12512,Quinshon Judkins,RB,11.8,14.6,6.84,21.44,21.59,20.5,0.024,1.0,21.44,,0.0,0
2026-10-02 01:55:04Z,PIT,in,0.5,HALF,-11.0,7600,Pat Freiermuth,TE,7.8,3.4,4.31,7.71,7.24,7.3,0.131,1.0,7.71,,0.0,0
2026-10-02 01:55:04Z,PIT,in,0.5,HALF,-11.0,8228,Jaylen Warren,RB,13.6,10.1,7.47,17.57,17.31,16.9,0.113,1.0,17.57,,0.0,0
2026-10-02 01:55:04Z,CLE,in,0.5,HALF,11.0,12503,Isaiah Bond,WR,1.6,1.2,0.65,1.85,2.05,2.0,0.479,1.0,1.85,,0.0,0
2026-10-02 01:55:04Z,PIT,in,0.5,HALF,-11.0,13274,Germie Bernard,WR,4.5,0.0,2.33,2.33,1.97,2.25,0.5,1.0,2.33,,0.0,0
2026-10-02 01:55:04Z,CLE,in,0.5,HALF,11.0,12506,Harold Fannin,TE,10.6,9.5,4.42,13.92,15.32,14.8,0.023,1.0,13.92,,0.0,0
2026-10-02 01:55:04Z,CLE,in,0.5,HALF,11.0,13346,Denzel Boston,WR,9.4,10.4,4.08,14.48,15.81,15.1,0.03,1.0,14.48,,0.0,0
2026-10-02 01:55:04Z,CLE,in,0.5,HALF,11.0,4017,Deshaun Watson,QB,14.0,11.14,5.94,17.08,18.66,18.14,0.0,1.0,17.08,,0.0,0
2026-10-02 01:55:04Z,PIT,in,0.5,HALF,-11.0,13289,Drew Allar,QB,0.5,0.0,0.26,0.26,0.22,0.25,0.5,0.3,0.08,,0.0,0
2026-10-02 01:55:04Z,CLE,in,0.5,HALF,11.0,13298,KC Concepcion,WR,9.9,9.8,4.21,14.01,15.36,14.75,0.033,1.0,14.01,,0.0,0
2026-10-02 01:55:04Z,PIT,in,0.5,HALF,-11.0,6819,Michael Pittman,WR,9.7,3.5,5.3,8.8,8.18,8.35,0.112,1.0,8.8,,0.0,0
2026-10-02 01:55:04Z,PIT,in,0.5,HALF,-11.0,5846,DK Metcalf,WR,11.2,4.2,6.13,10.33,9.62,9.8,0.378,1.0,10.33,,0.0,0
2026-10-02 01:56:04Z,CLE,in,0.5,HALF,11.0,6783,Jerry Jeudy,WR,4.8,0.0,1.66,1.66,2.1,2.4,0.5,1.0,1.66,,0.0,0
2026-10-02 01:56:04Z,PIT,in,0.5,HALF,-11.0,PIT,Pittsburgh Steelers D/ST,DST,8.1,0.0,0.87,0.87,3.54,4.05,0.023,1.0,0.87,,0.0,0
2026-10-02 01:56:04Z,PIT,in,0.5,HALF,-11.0,96,Aaron Rodgers,QB,15.4,8.52,9.34,17.86,16.32,16.22,0.01,1.0,17.86,,0.0,0
2026-10-02 01:56:04Z,CLE,in,0.5,HALF,11.0,11261,Andre Szmyt,K,6.9,3.0,3.39,6.39,6.39,6.45,0.023,1.0,6.39,,0.0,0
2026-10-02 01:56:04Z,PIT,in,0.5,HALF,-11.0,7021,Rico Dowdle,RB,8.4,0.0,3.57,3.57,3.68,4.2,0.5,1.0,3.57,,0.0,0
2026-10-02 01:56:04Z,PIT,in,0.5,HALF,-11.0,11630,Roman Wilson,WR,5.7,14.1,4.09,18.19,18.36,16.95,0.01,1.0,18.19,,0.0,0
2026-10-02 01:56:04Z,CLE,in,0.5,HALF,11.0,12523,Jimmy Horn,WR,1.5,0.0,0.52,0.52,0.66,0.75,0.5,1.0,0.52,,0.0,0
2026-10-02 01:56:04Z,CLE,in,0.5,HALF,11.0,11617,Malachi Corley,WR,0.5,0.0,0.17,0.17,0.22,0.25,0.5,1.0,0.17,,0.0,0
2026-10-02 01:56:04Z,PIT,in,0.5,HALF,-11.0,9479,Darnell Washington,TE,4.9,2.6,2.74,5.34,5.07,5.05,0.193,1.0,5.34,,0.0,0
2026-10-02 01:56:04Z,CLE,in,0.5,HALF,11.0,CLE,Cleveland Browns D/ST,DST,7.0,8.0,0.41,8.41,12.06,11.5,0.089,1.0,8.41,,0.0,0
2026-10-02 01:56:04Z,PIT,in,0.5,HALF,-11.0,1945,Chris Boswell,K,8.1,3.0,3.92,6.92,6.92,7.05,0.002,1.0,6.92,,0.0,0
2026-10-02 01:56:04Z,CLE,in,0.5,HALF,11.0,12512,Quinshon Judkins,RB,11.8,14.6,6.84,21.44,21.59,20.5,0.024,1.0,21.44,,0.0,0
2026-10-02 01:56:04Z,PIT,in,0.5,HALF,-11.0,7600,Pat Freiermuth,TE,7.8,3.4,4.31,7.71,7.24,7.3,0.131,1.0,7.71,,0.0,0
2026-10-02 01:56:04Z,PIT,in,0.5,HALF,-11.0,8228,Jaylen Warren,RB,13.6,10.1,7.47,17.57,17.31,16.9,0.113,1.0,17.57,,0.0,0
2026-10-02 01:56:04Z,CLE,in,0.5,HALF,11.0,12503,Isaiah Bond,WR,1.6,1.2,0.65,1.85,2.05,2.0,0.479,1.0,1.85,,0.0,0
2026-10-02 01:56:04Z,PIT,in,0.5,HALF,-11.0,13274,Germie Bernard,WR,4.5,0.0,2.33,2.33,1.97,2.25,0.5,1.0,2.33,,0.0,0
2026-10-02 01:56:04Z,CLE,in,0.5,HALF,11.0,12506,Harold Fannin,TE,10.6,9.5,4.42,13.92,15.32,14.8,0.023,1.0,13.92,,0.0,0
2026-10-02 01:56:04Z,CLE,in,0.5,HALF,11.0,13346,Denzel Boston,WR,9.4,10.4,4.08,14.48,15.81,15.1,0.03,1.0,14.48,,0.0,0
2026-10-02 01:56:04Z,CLE,in,0.5,HALF,11.0,4017,Deshaun Watson,QB,14.0,11.14,5.94,17.08,18.66,18.14,0.0,1.0,17.08,,0.0,0
2026-10-02 01:56:04Z,PIT,in,0.5,HALF,-11.0,13289,Drew Allar,QB,0.5,0.0,0.26,0.26,0.22,0.25,0.5,0.3,0.08,,0.0,0
2026-10-02 01:56:04Z,CLE,in,0.5,HALF,11.0,13298,KC Concepcion,WR,9.9,9.8,4.21,14.01,15.36,14.75,0.033,1.0,14.01,,0.0,0
2026-10-02 01:56:04Z,PIT,in,0.5,HALF,-11.0,6819,Michael Pittman,WR,9.7,3.5,5.3,8.8,8.18,8.35,0.112,1.0,8.8,,0.0,0
2026-10-02 01:56:04Z,PIT,in,0.5,HALF,-11.0,5846,DK Metcalf,WR,11.2,4.2,6.13,10.33,9.62,9.8,0.378,1.0,10.33,,0.0,0
2026-10-02 01:57:04Z,CLE,in,0.5,HALF,11.0,6783,Jerry Jeudy,WR,4.8,0.0,1.66,1.66,2.1,2.4,0.5,1.0,1.66,,0.0,0
2026-10-02 01:57:04Z,PIT,in,0.5,HALF,-11.0,PIT,Pittsburgh Steelers D/ST,DST,8.1,0.0,0.87,0.87,3.54,4.05,0.023,1.0,0.87,,0.0,0
2026-10-02 01:57:04Z,PIT,in,0.5,HALF,-11.0,96,Aaron Rodgers,QB,15.4,8.52,9.34,17.86,16.32,16.22,0.01,1.0,17.86,,0.0,0
2026-10-02 01:57:04Z,CLE,in,0.5,HALF,11.0,11261,Andre Szmyt,K,6.9,3.0,3.39,6.39,6.39,6.45,0.023,1.0,6.39,,0.0,0
2026-10-02 01:57:04Z,PIT,in,0.5,HALF,-11.0,7021,Rico Dowdle,RB,8.4,0.0,3.57,3.57,3.68,4.2,0.5,1.0,3.57,,0.0,0
2026-10-02 01:57:04Z,PIT,in,0.5,HALF,-11.0,11630,Roman Wilson,WR,5.7,14.1,4.09,18.19,18.36,16.95,0.01,1.0,18.19,,0.0,0
2026-10-02 01:57:04Z,CLE,in,0.5,HALF,11.0,12523,Jimmy Horn,WR,1.5,0.0,0.52,0.52,0.66,0.75,0.5,1.0,0.52,,0.0,0
2026-10-02 01:57:04Z,CLE,in,0.5,HALF,11.0,11617,Malachi Corley,WR,0.5,0.0,0.17,0.17,0.22,0.25,0.5,1.0,0.17,,0.0,0
2026-10-02 01:57:04Z,PIT,in,0.5,HALF,-11.0,9479,Darnell Washington,TE,4.9,2.6,2.74,5.34,5.07,5.05,0.193,1.0,5.34,,0.0,0
2026-10-02 01:57:04Z,CLE,in,0.5,HALF,11.0,CLE,Cleveland Browns D/ST,DST,7.0,8.0,0.41,8.41,12.06,11.5,0.089,1.0,8.41,,0.0,0
2026-10-02 01:57:04Z,PIT,in,0.5,HALF,-11.0,1945,Chris Boswell,K,8.1,3.0,3.92,6.92,6.92,7.05,0.002,1.0,6.92,,0.0,0
2026-10-02 01:57:04Z,CLE,in,0.5,HALF,11.0,12512,Quinshon Judkins,RB,11.8,14.6,6.84,21.44,21.59,20.5,0.024,1.0,21.44,,0.0,0
2026-10-02 01:57:04Z,PIT,in,0.5,HALF,-11.0,7600,Pat Freiermuth,TE,7.8,3.4,4.31,7.71,7.24,7.3,0.131,1.0,7.71,,0.0,0
2026-10-02 01:57:04Z,PIT,in,0.5,HALF,-11.0,8228,Jaylen Warren,RB,13.6,10.1,7.47,17.57,17.31,16.9,0.113,1.0,17.57,,0.0,0
2026-10-02 01:57:04Z,CLE,in,0.5,HALF,11.0,12503,Isaiah Bond,WR,1.6,1.2,0.65,1.85,2.05,2.0,0.479,1.0,1.85,,0.0,0
2026-10-02 01:57:04Z,PIT,in,0.5,HALF,-11.0,13274,Germie Bernard,WR,4.5,0.0,2.33,2.33,1.97,2.25,0.5,1.0,2.33,,0.0,0
2026-10-02 01:57:04Z,CLE,in,0.5,HALF,11.0,12506,Harold Fannin,TE,10.6,9.5,4.42,13.92,15.32,14.8,0.023,1.0,13.92,,0.0,0
2026-10-02 01:57:04Z,CLE,in,0.5,HALF,11.0,13346,Denzel Boston,WR,9.4,10.4,4.08,14.48,15.81,15.1,0.03,1.0,14.48,,0.0,0
2026-10-02 01:57:04Z,CLE,in,0.5,HALF,11.0,4017,Deshaun Watson,QB,14.0,11.14,5.94,17.08,18.66,18.14,0.0,1.0,17.08,,0.0,0
2026-10-02 01:57:04Z,PIT,in,0.5,HALF,-11.0,13289,Drew Allar,QB,0.5,0.0,0.26,0.26,0.22,0.25,0.5,0.3,0.08,,0.0,0
2026-10-02 01:57:04Z,CLE,in,0.5,HALF,11.0,13298,KC Concepcion,WR,9.9,9.8,4.21,14.01,15.36,14.75,0.033,1.0,14.01,,0.0,0
2026-10-02 01:57:04Z,PIT,in,0.5,HALF,-11.0,6819,Michael Pittman,WR,9.7,3.5,5.3,8.8,8.18,8.35,0.112,1.0,8.8,,0.0,0
2026-10-02 01:57:04Z,PIT,in,0.5,HALF,-11.0,5846,DK Metcalf,WR,11.2,4.2,6.13,10.33,9.62,9.8,0.378,1.0,10.33,,0.0,0
2026-10-02 01:58:05Z,CLE,in,0.5,HALF,11.0,6783,Jerry Jeudy,WR,4.8,0.0,1.66,1.66,2.1,2.4,0.5,1.0,1.66,,0.0,0
2026-10-02 01:58:05Z,PIT,in,0.5,HALF,-11.0,PIT,Pittsburgh Steelers D/ST,DST,8.1,0.0,0.87,0.87,3.54,4.05,0.023,1.0,0.87,,0.0,0
2026-10-02 01:58:05Z,PIT,in,0.5,HALF,-11.0,96,Aaron Rodgers,QB,15.4,8.52,9.34,17.86,16.32,16.22,0.01,1.0,17.86,,0.0,0
2026-10-02 01:58:05Z,CLE,in,0.5,HALF,11.0,11261,Andre Szmyt,K,6.9,3.0,3.39,6.39,6.39,6.45,0.023,1.0,6.39,,0.0,0
2026-10-02 01:58:05Z,PIT,in,0.5,HALF,-11.0,7021,Rico Dowdle,RB,8.4,0.0,3.57,3.57,3.68,4.2,0.5,1.0,3.57,,0.0,0
2026-10-02 01:58:05Z,PIT,in,0.5,HALF,-11.0,11630,Roman Wilson,WR,5.7,14.1,4.09,18.19,18.36,16.95,0.01,1.0,18.19,,0.0,0
2026-10-02 01:58:05Z,CLE,in,0.5,HALF,11.0,12523,Jimmy Horn,WR,1.5,0.0,0.52,0.52,0.66,0.75,0.5,1.0,0.52,,0.0,0
2026-10-02 01:58:05Z,CLE,in,0.5,HALF,11.0,11617,Malachi Corley,WR,0.5,0.0,0.17,0.17,0.22,0.25,0.5,1.0,0.17,,0.0,0
2026-10-02 01:58:05Z,PIT,in,0.5,HALF,-11.0,9479,Darnell Washington,TE,4.9,2.6,2.74,5.34,5.07,5.05,0.193,1.0,5.34,,0.0,0
2026-10-02 01:58:05Z,CLE,in,0.5,HALF,11.0,CLE,Cleveland Browns D/ST,DST,7.0,8.0,0.41,8.41,12.06,11.5,0.089,1.0,8.41,,0.0,0
2026-10-02 01:58:05Z,PIT,in,0.5,HALF,-11.0,1945,Chris Boswell,K,8.1,3.0,3.92,6.92,6.92,7.05,0.002,1.0,6.92,,0.0,0
2026-10-02 01:58:05Z,CLE,in,0.5,HALF,11.0,12512,Quinshon Judkins,RB,11.8,14.6,6.84,21.44,21.59,20.5,0.024,1.0,21.44,,0.0,0
2026-10-02 01:58:05Z,PIT,in,0.5,HALF,-11.0,7600,Pat Freiermuth,TE,7.8,3.4,4.31,7.71,7.24,7.3,0.131,1.0,7.71,,0.0,0
2026-10-02 01:58:05Z,PIT,in,0.5,HALF,-11.0,8228,Jaylen Warren,RB,13.6,10.1,7.47,17.57,17.31,16.9,0.113,1.0,17.57,,0.0,0
2026-10-02 01:58:05Z,CLE,in,0.5,HALF,11.0,12503,Isaiah Bond,WR,1.6,1.2,0.65,1.85,2.05,2.0,0.479,1.0,1.85,,0.0,0
2026-10-02 01:58:05Z,PIT,in,0.5,HALF,-11.0,13274,Germie Bernard,WR,4.5,0.0,2.33,2.33,1.97,2.25,0.5,1.0,2.33,,0.0,0
2026-10-02 01:58:05Z,CLE,in,0.5,HALF,11.0,12506,Harold Fannin,TE,10.6,9.5,4.42,13.92,15.32,14.8,0.023,1.0,13.92,,0.0,0
2026-10-02 01:58:05Z,CLE,in,0.5,HALF,11.0,13346,Denzel Boston,WR,9.4,10.4,4.08,14.48,15.81,15.1,0.03,1.0,14.48,,0.0,0
2026-10-02 01:58:05Z,CLE,in,0.5,HALF,11.0,4017,Deshaun Watson,QB,14.0,11.14,5.94,17.08,18.66,18.14,0.0,1.0,17.08,,0.0,0
2026-10-02 01:58:05Z,PIT,in,0.5,HALF,-11.0,13289,Drew Allar,QB,0.5,0.0,0.26,0.26,0.22,0.25,0.5,0.3,0.08,,0.0,0
2026-10-02 01:58:05Z,CLE,in,0.5,HALF,11.0,13298,KC Concepcion,WR,9.9,9.8,4.21,14.01,15.36,14.75,0.033,1.0,14.01,,0.0,0
2026-10-02 01:58:05Z,PIT,in,0.5,HALF,-11.0,6819,Michael Pittman,WR,9.7,3.5,5.3,8.8,8.18,8.35,0.112,1.0,8.8,,0.0,0
2026-10-02 01:58:05Z,PIT,in,0.5,HALF,-11.0,5846,DK Metcalf,WR,11.2,4.2,6.13,10.33,9.62,9.8,0.378,1.0,10.33,,0.0,0
2026-10-02 01:59:05Z,CLE,in,0.5,HALF,11.0,6783,Jerry Jeudy,WR,4.8,0.0,1.66,1.66,2.1,2.4,0.5,1.0,1.66,,0.0,0
2026-10-02 01:59:05Z,PIT,in,0.5,HALF,-11.0,PIT,Pittsburgh Steelers D/ST,DST,8.1,0.0,0.87,0.87,3.54,4.05,0.023,1.0,0.87,,0.0,0
2026-10-02 01:59:05Z,PIT,in,0.5,HALF,-11.0,96,Aaron Rodgers,QB,15.4,8.52,9.34,17.86,16.32,16.22,0.01,1.0,17.86,,0.0,0
2026-10-02 01:59:05Z,CLE,in,0.5,HALF,11.0,11261,Andre Szmyt,K,6.9,3.0,3.39,6.39,6.39,6.45,0.023,1.0,6.39,,0.0,0
2026-10-02 01:59:05Z,PIT,in,0.5,HALF,-11.0,7021,Rico Dowdle,RB,8.4,0.0,3.57,3.57,3.68,4.2,0.5,1.0,3.57,,0.0,0
2026-10-02 01:59:05Z,PIT,in,0.5,HALF,-11.0,11630,Roman Wilson,WR,5.7,14.1,4.09,18.19,18.36,16.95,0.01,1.0,18.19,,0.0,0
2026-10-02 01:59:05Z,CLE,in,0.5,HALF,11.0,12523,Jimmy Horn,WR,1.5,0.0,0.52,0.52,0.66,0.75,0.5,1.0,0.52,,0.0,0
2026-10-02 01:59:05Z,CLE,in,0.5,HALF,11.0,11617,Malachi Corley,WR,0.5,0.0,0.17,0.17,0.22,0.25,0.5,1.0,0.17,,0.0,0
2026-10-02 01:59:05Z,PIT,in,0.5,HALF,-11.0,9479,Darnell Washington,TE,4.9,2.6,2.74,5.34,5.07,5.05,0.193,1.0,5.34,,0.0,0
2026-10-02 01:59:05Z,CLE,in,0.5,HALF,11.0,CLE,Cleveland Browns D/ST,DST,7.0,8.0,0.41,8.41,12.06,11.5,0.089,1.0,8.41,,0.0,0
2026-10-02 01:59:05Z,PIT,in,0.5,HALF,-11.0,1945,Chris Boswell,K,8.1,3.0,3.92,6.92,6.92,7.05,0.002,1.0,6.92,,0.0,0
2026-10-02 01:59:05Z,CLE,in,0.5,HALF,11.0,12512,Quinshon Judkins,RB,11.8,14.6,6.84,21.44,21.59,20.5,0.024,1.0,21.44,,0.0,0
2026-10-02 01:59:05Z,PIT,in,0.5,HALF,-11.0,7600,Pat Freiermuth,TE,7.8,3.4,4.31,7.71,7.24,7.3,0.131,1.0,7.71,,0.0,0
2026-10-02 01:59:05Z,PIT,in,0.5,HALF,-11.0,8228,Jaylen Warren,RB,13.6,10.1,7.47,17.57,17.31,16.9,0.113,1.0,17.57,,0.0,0
2026-10-02 01:59:05Z,CLE,in,0.5,HALF,11.0,12503,Isaiah Bond,WR,1.6,1.2,0.65,1.85,2.05,2.0,0.479,1.0,1.85,,0.0,0
2026-10-02 01:59:05Z,PIT,in,0.5,HALF,-11.0,13274,Germie Bernard,WR,4.5,0.0,2.33,2.33,1.97,2.25,0.5,1.0,2.33,,0.0,0
2026-10-02 01:59:05Z,CLE,in,0.5,HALF,11.0,12506,Harold Fannin,TE,10.6,9.5,4.42,13.92,15.32,14.8,0.023,1.0,13.92,,0.0,0
2026-10-02 01:59:05Z,CLE,in,0.5,HALF,11.0,13346,Denzel Boston,WR,9.4,10.4,4.08,14.48,15.81,15.1,0.03,1.0,14.48,,0.0,0
2026-10-02 01:59:05Z,CLE,in,0.5,HALF,11.0,4017,Deshaun Watson,QB,14.0,11.14,5.94,17.08,18.66,18.14,0.0,1.0,17.08,,0.0,0
2026-10-02 01:59:05Z,PIT,in,0.5,HALF,-11.0,13289,Drew Allar,QB,0.5,0.0,0.26,0.26,0.22,0.25,0.5,0.3,0.08,,0.0,0
2026-10-02 01:59:05Z,CLE,in,0.5,HALF,11.0,13298,KC Concepcion,WR,9.9,9.8,4.21,14.01,15.36,14.75,0.033,1.0,14.01,,0.0,0
2026-10-02 01:59:05Z,PIT,in,0.5,HALF,-11.0,6819,Michael Pittman,WR,9.7,3.5,5.3,8.8,8.18,8.35,0.112,1.0,8.8,,0.0,0
2026-10-02 01:59:05Z,PIT,in,0.5,HALF,-11.0,5846,DK Metcalf,WR,11.2,4.2,6.13,10.33,9.62,9.8,0.378,1.0,10.33,,0.0,0
2026-10-02 02:00:06Z,CLE,in,0.5,HALF,11.0,6783,Jerry Jeudy,WR,4.8,0.0,1.66,1.66,2.1,2.4,0.5,1.0,1.66,,0.0,0
2026-10-02 02:00:06Z,PIT,in,0.5,HALF,-11.0,PIT,Pittsburgh Steelers D/ST,DST,8.1,0.0,0.87,0.87,3.54,4.05,0.023,1.0,0.87,,0.0,0
2026-10-02 02:00:06Z,PIT,in,0.5,HALF,-11.0,96,Aaron Rodgers,QB,15.4,8.52,9.34,17.86,16.32,16.22,0.01,1.0,17.86,,0.0,0
2026-10-02 02:00:06Z,CLE,in,0.5,HALF,11.0,11261,Andre Szmyt,K,6.9,3.0,3.39,6.39,6.39,6.45,0.023,1.0,6.39,,0.0,0
2026-10-02 02:00:06Z,PIT,in,0.5,HALF,-11.0,7021,Rico Dowdle,RB,8.4,0.0,3.57,3.57,3.68,4.2,0.5,1.0,3.57,,0.0,0
2026-10-02 02:00:06Z,PIT,in,0.5,HALF,-11.0,11630,Roman Wilson,WR,5.7,14.1,4.09,18.19,18.36,16.95,0.01,1.0,18.19,,0.0,0
2026-10-02 02:00:06Z,CLE,in,0.5,HALF,11.0,12523,Jimmy Horn,WR,1.5,0.0,0.52,0.52,0.66,0.75,0.5,1.0,0.52,,0.0,0
2026-10-02 02:00:06Z,CLE,in,0.5,HALF,11.0,11617,Malachi Corley,WR,0.5,0.0,0.17,0.17,0.22,0.25,0.5,1.0,0.17,,0.0,0
2026-10-02 02:00:06Z,PIT,in,0.5,HALF,-11.0,9479,Darnell Washington,TE,4.9,2.6,2.74,5.34,5.07,5.05,0.193,1.0,5.34,,0.0,0
2026-10-02 02:00:06Z,CLE,in,0.5,HALF,11.0,CLE,Cleveland Browns D/ST,DST,7.0,8.0,0.41,8.41,12.06,11.5,0.089,1.0,8.41,,0.0,0
2026-10-02 02:00:06Z,PIT,in,0.5,HALF,-11.0,1945,Chris Boswell,K,8.1,3.0,3.92,6.92,6.92,7.05,0.002,1.0,6.92,,0.0,0
2026-10-02 02:00:06Z,CLE,in,0.5,HALF,11.0,12512,Quinshon Judkins,RB,11.8,14.6,6.84,21.44,21.59,20.5,0.024,1.0,21.44,,0.0,0
2026-10-02 02:00:06Z,PIT,in,0.5,HALF,-11.0,7600,Pat Freiermuth,TE,7.8,3.4,4.31,7.71,7.24,7.3,0.131,1.0,7.71,,0.0,0
2026-10-02 02:00:06Z,PIT,in,0.5,HALF,-11.0,8228,Jaylen Warren,RB,13.6,10.1,7.47,17.57,17.31,16.9,0.113,1.0,17.57,,0.0,0
2026-10-02 02:00:06Z,CLE,in,0.5,HALF,11.0,12503,Isaiah Bond,WR,1.6,1.2,0.65,1.85,2.05,2.0,0.479,1.0,1.85,,0.0,0
2026-10-02 02:00:06Z,PIT,in,0.5,HALF,-11.0,13274,Germie Bernard,WR,4.5,0.0,2.33,2.33,1.97,2.25,0.5,1.0,2.33,,0.0,0
2026-10-02 02:00:06Z,CLE,in,0.5,HALF,11.0,12506,Harold Fannin,TE,10.6,9.5,4.42,13.92,15.32,14.8,0.023,1.0,13.92,,0.0,0
2026-10-02 02:00:06Z,CLE,in,0.5,HALF,11.0,13346,Denzel Boston,WR,9.4,10.4,4.08,14.48,15.81,15.1,0.03,1.0,14.48,,0.0,0
2026-10-02 02:00:06Z,CLE,in,0.5,HALF,11.0,4017,Deshaun Watson,QB,14.0,11.14,5.94,17.08,18.66,18.14,0.0,1.0,17.08,,0.0,0
2026-10-02 02:00:06Z,PIT,in,0.5,HALF,-11.0,13289,Drew Allar,QB,0.5,0.0,0.26,0.26,0.22,0.25,0.5,0.3,0.08,,0.0,0
2026-10-02 02:00:06Z,CLE,in,0.5,HALF,11.0,13298,KC Concepcion,WR,9.9,9.8,4.21,14.01,15.36,14.75,0.033,1.0,14.01,,0.0,0
2026-10-02 02:00:06Z,PIT,in,0.5,HALF,-11.0,6819,Michael Pittman,WR,9.7,3.5,5.3,8.8,8.18,8.35,0.112,1.0,8.8,,0.0,0
2026-10-02 02:00:06Z,PIT,in,0.5,HALF,-11.0,5846,DK Metcalf,WR,11.2,4.2,6.13,10.33,9.62,9.8,0.378,1.0,10.33,,0.0,0
2026-10-02 02:01:06Z,CLE,in,0.5,HALF,11.0,6783,Jerry Jeudy,WR,4.8,0.0,1.66,1.66,2.1,2.4,0.5,1.0,1.66,,0.0,0
2026-10-02 02:01:06Z,PIT,in,0.5,HALF,-11.0,PIT,Pittsburgh Steelers D/ST,DST,8.1,0.0,0.87,0.87,3.54,4.05,0.023,1.0,0.87,,0.0,0
2026-10-02 02:01:06Z,PIT,in,0.5,HALF,-11.0,96,Aaron Rodgers,QB,15.4,8.52,9.34,17.86,16.32,16.22,0.01,1.0,17.86,,0.0,0
2026-10-02 02:01:06Z,CLE,in,0.5,HALF,11.0,11261,Andre Szmyt,K,6.9,3.0,3.39,6.39,6.39,6.45,0.023,1.0,6.39,,0.0,0
2026-10-02 02:01:06Z,PIT,in,0.5,HALF,-11.0,7021,Rico Dowdle,RB,8.4,0.0,3.57,3.57,3.68,4.2,0.5,1.0,3.57,,0.0,0
2026-10-02 02:01:06Z,PIT,in,0.5,HALF,-11.0,11630,Roman Wilson,WR,5.7,14.1,4.09,18.19,18.36,16.95,0.01,1.0,18.19,,0.0,0
2026-10-02 02:01:06Z,CLE,in,0.5,HALF,11.0,12523,Jimmy Horn,WR,1.5,0.0,0.52,0.52,0.66,0.75,0.5,1.0,0.52,,0.0,0
2026-10-02 02:01:06Z,CLE,in,0.5,HALF,11.0,11617,Malachi Corley,WR,0.5,0.0,0.17,0.17,0.22,0.25,0.5,1.0,0.17,,0.0,0
2026-10-02 02:01:06Z,PIT,in,0.5,HALF,-11.0,9479,Darnell Washington,TE,4.9,2.6,2.74,5.34,5.07,5.05,0.193,1.0,5.34,,0.0,0
2026-10-02 02:01:06Z,CLE,in,0.5,HALF,11.0,CLE,Cleveland Browns D/ST,DST,7.0,8.0,0.41,8.41,12.06,11.5,0.089,1.0,8.41,,0.0,0
2026-10-02 02:01:06Z,PIT,in,0.5,HALF,-11.0,1945,Chris Boswell,K,8.1,3.0,3.92,6.92,6.92,7.05,0.002,1.0,6.92,,0.0,0
2026-10-02 02:01:06Z,CLE,in,0.5,HALF,11.0,12512,Quinshon Judkins,RB,11.8,14.6,6.84,21.44,21.59,20.5,0.024,1.0,21.44,,0.0,0
2026-10-02 02:01:06Z,PIT,in,0.5,HALF,-11.0,7600,Pat Freiermuth,TE,7.8,3.4,4.31,7.71,7.24,7.3,0.131,1.0,7.71,,0.0,0
2026-10-02 02:01:06Z,PIT,in,0.5,HALF,-11.0,8228,Jaylen Warren,RB,13.6,10.1,7.47,17.57,17.31,16.9,0.113,1.0,17.57,,0.0,0
2026-10-02 02:01:06Z,CLE,in,0.5,HALF,11.0,12503,Isaiah Bond,WR,1.6,1.2,0.65,1.85,2.05,2.0,0.479,1.0,1.85,,0.0,0
2026-10-02 02:01:06Z,PIT,in,0.5,HALF,-11.0,13274,Germie Bernard,WR,4.5,0.0,2.33,2.33,1.97,2.25,0.5,1.0,2.33,,0.0,0
2026-10-02 02:01:06Z,CLE,in,0.5,HALF,11.0,12506,Harold Fannin,TE,10.6,9.5,4.42,13.92,15.32,14.8,0.023,1.0,13.92,,0.0,0
2026-10-02 02:01:06Z,CLE,in,0.5,HALF,11.0,13346,Denzel Boston,WR,9.4,10.4,4.08,14.48,15.81,15.1,0.03,1.0,14.48,,0.0,0
2026-10-02 02:01:06Z,CLE,in,0.5,HALF,11.0,4017,Deshaun Watson,QB,14.0,11.14,5.94,17.08,18.66,18.14,0.0,1.0,17.08,,0.0,0
2026-10-02 02:01:06Z,PIT,in,0.5,HALF,-11.0,13289,Drew Allar,QB,0.5,0.0,0.26,0.26,0.22,0.25,0.5,0.3,0.08,,0.0,0
2026-10-02 02:01:06Z,CLE,in,0.5,HALF,11.0,13298,KC Concepcion,WR,9.9,9.8,4.21,14.01,15.36,14.75,0.033,1.0,14.01,,0.0,0
2026-10-02 02:01:06Z,PIT,in,0.5,HALF,-11.0,6819,Michael Pittman,WR,9.7,3.5,5.3,8.8,8.18,8.35,0.112,1.0,8.8,,0.0,0
2026-10-02 02:01:06Z,PIT,in,0.5,HALF,-11.0,5846,DK Metcalf,WR,11.2,4.2,6.13,10.33,9.62,9.8,0.378,1.0,10.33,,0.0,0
2026-10-02 02:02:07Z,CLE,in,0.5,HALF,11.0,6783,Jerry Jeudy,WR,4.8,0.0,1.66,1.66,2.1,2.4,0.5,1.0,1.66,,0.0,0
2026-10-02 02:02:07Z,PIT,in,0.5,HALF,-11.0,PIT,Pittsburgh Steelers D/ST,DST,8.1,0.0,0.87,0.87,3.54,4.05,0.023,1.0,0.87,,0.0,0
2026-10-02 02:02:07Z,PIT,in,0.5,HALF,-11.0,96,Aaron Rodgers,QB,15.4,8.52,9.34,17.86,16.32,16.22,0.01,1.0,17.86,,0.0,0
2026-10-02 02:02:07Z,CLE,in,0.5,HALF,11.0,11261,Andre Szmyt,K,6.9,3.0,3.39,6.39,6.39,6.45,0.023,1.0,6.39,,0.0,0
2026-10-02 02:02:07Z,PIT,in,0.5,HALF,-11.0,7021,Rico Dowdle,RB,8.4,0.0,3.57,3.57,3.68,4.2,0.5,1.0,3.57,,0.0,0
2026-10-02 02:02:07Z,PIT,in,0.5,HALF,-11.0,11630,Roman Wilson,WR,5.7,14.1,4.09,18.19,18.36,16.95,0.01,1.0,18.19,,0.0,0
2026-10-02 02:02:07Z,CLE,in,0.5,HALF,11.0,12523,Jimmy Horn,WR,1.5,0.0,0.52,0.52,0.66,0.75,0.5,1.0,0.52,,0.0,0
2026-10-02 02:02:07Z,CLE,in,0.5,HALF,11.0,11617,Malachi Corley,WR,0.5,0.0,0.17,0.17,0.22,0.25,0.5,1.0,0.17,,0.0,0
2026-10-02 02:02:07Z,PIT,in,0.5,HALF,-11.0,9479,Darnell Washington,TE,4.9,2.6,2.74,5.34,5.07,5.05,0.193,1.0,5.34,,0.0,0
2026-10-02 02:02:07Z,CLE,in,0.5,HALF,11.0,CLE,Cleveland Browns D/ST,DST,7.0,8.0,0.41,8.41,12.06,11.5,0.089,1.0,8.41,,0.0,0
2026-10-02 02:02:07Z,PIT,in,0.5,HALF,-11.0,1945,Chris Boswell,K,8.1,3.0,3.92,6.92,6.92,7.05,0.002,1.0,6.92,,0.0,0
2026-10-02 02:02:07Z,CLE,in,0.5,HALF,11.0,12512,Quinshon Judkins,RB,11.8,14.6,6.84,21.44,21.59,20.5,0.024,1.0,21.44,,0.0,0
2026-10-02 02:02:07Z,PIT,in,0.5,HALF,-11.0,7600,Pat Freiermuth,TE,7.8,3.4,4.31,7.71,7.24,7.3,0.131,1.0,7.71,,0.0,0
2026-10-02 02:02:07Z,PIT,in,0.5,HALF,-11.0,8228,Jaylen Warren,RB,13.6,10.1,7.47,17.57,17.31,16.9,0.113,1.0,17.57,,0.0,0
2026-10-02 02:02:07Z,CLE,in,0.5,HALF,11.0,12503,Isaiah Bond,WR,1.6,1.2,0.65,1.85,2.05,2.0,0.479,1.0,1.85,,0.0,0
2026-10-02 02:02:07Z,PIT,in,0.5,HALF,-11.0,13274,Germie Bernard,WR,4.5,0.0,2.33,2.33,1.97,2.25,0.5,1.0,2.33,,0.0,0
2026-10-02 02:02:07Z,CLE,in,0.5,HALF,11.0,12506,Harold Fannin,TE,10.6,9.5,4.42,13.92,15.32,14.8,0.023,1.0,13.92,,0.0,0
2026-10-02 02:02:07Z,CLE,in,0.5,HALF,11.0,13346,Denzel Boston,WR,9.4,10.4,4.08,14.48,15.81,15.1,0.03,1.0,14.48,,0.0,0
2026-10-02 02:02:07Z,CLE,in,0.5,HALF,11.0,4017,Deshaun Watson,QB,14.0,11.14,5.94,17.08,18.66,18.14,0.0,1.0,17.08,,0.0,0
2026-10-02 02:02:07Z,PIT,in,0.5,HALF,-11.0,13289,Drew Allar,QB,0.5,0.0,0.26,0.26,0.22,0.25,0.5,0.3,0.08,,0.0,0
2026-10-02 02:02:07Z,CLE,in,0.5,HALF,11.0,13298,KC Concepcion,WR,9.9,9.8,4.21,14.01,15.36,14.75,0.033,1.0,14.01,,0.0,0
2026-10-02 02:02:07Z,PIT,in,0.5,HALF,-11.0,6819,Michael Pittman,WR,9.7,3.5,5.3,8.8,8.18,8.35,0.112,1.0,8.8,,0.0,0
2026-10-02 02:02:07Z,PIT,in,0.5,HALF,-11.0,5846,DK Metcalf,WR,11.2,4.2,6.13,10.33,9.62,9.8,0.378,1.0,10.33,,0.0,0
2026-10-02 02:03:07Z,CLE,in,0.5,HALF,11.0,6783,Jerry Jeudy,WR,4.8,0.0,1.66,1.66,2.1,2.4,0.5,1.0,1.66,,0.0,0
2026-10-02 02:03:07Z,PIT,in,0.5,HALF,-11.0,PIT,Pittsburgh Steelers D/ST,DST,8.1,0.0,0.87,0.87,3.54,4.05,0.023,1.0,0.87,,0.0,0
2026-10-02 02:03:07Z,PIT,in,0.5,HALF,-11.0,96,Aaron Rodgers,QB,15.4,8.52,9.34,17.86,16.32,16.22,0.01,1.0,17.86,,0.0,0
2026-10-02 02:03:07Z,CLE,in,0.5,HALF,11.0,11261,Andre Szmyt,K,6.9,3.0,3.39,6.39,6.39,6.45,0.023,1.0,6.39,,0.0,0
2026-10-02 02:03:07Z,PIT,in,0.5,HALF,-11.0,7021,Rico Dowdle,RB,8.4,0.0,3.57,3.57,3.68,4.2,0.5,1.0,3.57,,0.0,0
2026-10-02 02:03:07Z,PIT,in,0.5,HALF,-11.0,11630,Roman Wilson,WR,5.7,14.1,4.09,18.19,18.36,16.95,0.01,1.0,18.19,,0.0,0
2026-10-02 02:03:07Z,CLE,in,0.5,HALF,11.0,12523,Jimmy Horn,WR,1.5,0.0,0.52,0.52,0.66,0.75,0.5,1.0,0.52,,0.0,0
2026-10-02 02:03:07Z,CLE,in,0.5,HALF,11.0,11617,Malachi Corley,WR,0.5,0.0,0.17,0.17,0.22,0.25,0.5,1.0,0.17,,0.0,0
2026-10-02 02:03:07Z,PIT,in,0.5,HALF,-11.0,9479,Darnell Washington,TE,4.9,2.6,2.74,5.34,5.07,5.05,0.193,1.0,5.34,,0.0,0
2026-10-02 02:03:07Z,CLE,in,0.5,HALF,11.0,CLE,Cleveland Browns D/ST,DST,7.0,8.0,0.41,8.41,12.06,11.5,0.089,1.0,8.41,,0.0,0
2026-10-02 02:03:07Z,PIT,in,0.5,HALF,-11.0,1945,Chris Boswell,K,8.1,3.0,3.92,6.92,6.92,7.05,0.002,1.0,6.92,,0.0,0
2026-10-02 02:03:07Z,CLE,in,0.5,HALF,11.0,12512,Quinshon Judkins,RB,11.8,14.6,6.84,21.44,21.59,20.5,0.024,1.0,21.44,,0.0,0
2026-10-02 02:03:07Z,PIT,in,0.5,HALF,-11.0,7600,Pat Freiermuth,TE,7.8,3.4,4.31,7.71,7.24,7.3,0.131,1.0,7.71,,0.0,0
2026-10-02 02:03:07Z,PIT,in,0.5,HALF,-11.0,8228,Jaylen Warren,RB,13.6,10.1,7.47,17.57,17.31,16.9,0.113,1.0,17.57,,0.0,0
2026-10-02 02:03:07Z,CLE,in,0.5,HALF,11.0,12503,Isaiah Bond,WR,1.6,1.2,0.65,1.85,2.05,2.0,0.479,1.0,1.85,,0.0,0
2026-10-02 02:03:07Z,PIT,in,0.5,HALF,-11.0,13274,Germie Bernard,WR,4.5,0.0,2.33,2.33,1.97,2.25,0.5,1.0,2.33,,0.0,0
2026-10-02 02:03:07Z,CLE,in,0.5,HALF,11.0,12506,Harold Fannin,TE,10.6,9.5,4.42,13.92,15.32,14.8,0.023,1.0,13.92,,0.0,0
2026-10-02 02:03:07Z,CLE,in,0.5,HALF,11.0,13346,Denzel Boston,WR,9.4,10.4,4.08,14.48,15.81,15.1,0.03,1.0,14.48,,0.0,0
2026-10-02 02:03:07Z,CLE,in,0.5,HALF,11.0,4017,Deshaun Watson,QB,14.0,11.14,5.94,17.08,18.66,18.14,0.0,1.0,17.08,,0.0,0
2026-10-02 02:03:07Z,PIT,in,0.5,HALF,-11.0,13289,Drew Allar,QB,0.5,0.0,0.26,0.26,0.22,0.25,0.5,0.3,0.08,,0.0,0
2026-10-02 02:03:07Z,CLE,in,0.5,HALF,11.0,13298,KC Concepcion,WR,9.9,9.8,4.21,14.01,15.36,14.75,0.033,1.0,14.01,,0.0,0
2026-10-02 02:03:07Z,PIT,in,0.5,HALF,-11.0,6819,Michael Pittman,WR,9.7,3.5,5.3,8.8,8.18,8.35,0.112,1.0,8.8,,0.0,0
2026-10-02 02:03:07Z,PIT,in,0.5,HALF,-11.0,5846,DK Metcalf,WR,11.2,4.2,6.13,10.33,9.62,9.8,0.378,1.0,10.33,,0.0,0
2026-10-02 02:04:07Z,CLE,in,0.5,HALF,11.0,6783,Jerry Jeudy,WR,4.8,0.0,1.66,1.66,2.1,2.4,0.5,1.0,1.66,,0.0,0
2026-10-02 02:04:07Z,PIT,in,0.5,HALF,-11.0,PIT,Pittsburgh Steelers D/ST,DST,8.1,0.0,0.87,0.87,3.54,4.05,0.023,1.0,0.87,,0.0,0
2026-10-02 02:04:07Z,PIT,in,0.5,HALF,-11.0,96,Aaron Rodgers,QB,15.4,8.52,9.34,17.86,16.32,16.22,0.01,1.0,17.86,,0.0,0
2026-10-02 02:04:07Z,CLE,in,0.5,HALF,11.0,11261,Andre Szmyt,K,6.9,3.0,3.39,6.39,6.39,6.45,0.023,1.0,6.39,,0.0,0
2026-10-02 02:04:07Z,PIT,in,0.5,HALF,-11.0,7021,Rico Dowdle,RB,8.4,0.0,3.57,3.57,3.68,4.2,0.5,1.0,3.57,,0.0,0
2026-10-02 02:04:07Z,PIT,in,0.5,HALF,-11.0,11630,Roman Wilson,WR,5.7,14.1,4.09,18.19,18.36,16.95,0.01,1.0,18.19,,0.0,0
2026-10-02 02:04:07Z,CLE,in,0.5,HALF,11.0,12523,Jimmy Horn,WR,1.5,0.0,0.52,0.52,0.66,0.75,0.5,1.0,0.52,,0.0,0
2026-10-02 02:04:07Z,CLE,in,0.5,HALF,11.0,11617,Malachi Corley,WR,0.5,0.0,0.17,0.17,0.22,0.25,0.5,1.0,0.17,,0.0,0
2026-10-02 02:04:07Z,PIT,in,0.5,HALF,-11.0,9479,Darnell Washington,TE,4.9,2.6,2.74,5.34,5.07,5.05,0.193,1.0,5.34,,0.0,0
2026-10-02 02:04:07Z,CLE,in,0.5,HALF,11.0,CLE,Cleveland Browns D/ST,DST,7.0,8.0,0.41,8.41,12.06,11.5,0.089,1.0,8.41,,0.0,0
2026-10-02 02:04:07Z,PIT,in,0.5,HALF,-11.0,1945,Chris Boswell,K,8.1,3.0,3.92,6.92,6.92,7.05,0.002,1.0,6.92,,0.0,0
2026-10-02 02:04:07Z,CLE,in,0.5,HALF,11.0,12512,Quinshon Judkins,RB,11.8,14.6,6.84,21.44,21.59,20.5,0.024,1.0,21.44,,0.0,0
2026-10-02 02:04:07Z,PIT,in,0.5,HALF,-11.0,7600,Pat Freiermuth,TE,7.8,3.4,4.31,7.71,7.24,7.3,0.131,1.0,7.71,,0.0,0
2026-10-02 02:04:07Z,PIT,in,0.5,HALF,-11.0,8228,Jaylen Warren,RB,13.6,10.1,7.47,17.57,17.31,16.9,0.113,1.0,17.57,,0.0,0
2026-10-02 02:04:07Z,CLE,in,0.5,HALF,11.0,12503,Isaiah Bond,WR,1.6,1.2,0.65,1.85,2.05,2.0,0.479,1.0,1.85,,0.0,0
2026-10-02 02:04:07Z,PIT,in,0.5,HALF,-11.0,13274,Germie Bernard,WR,4.5,0.0,2.33,2.33,1.97,2.25,0.5,1.0,2.33,,0.0,0
2026-10-02 02:04:07Z,CLE,in,0.5,HALF,11.0,12506,Harold Fannin,TE,10.6,9.5,4.42,13.92,15.32,14.8,0.023,1.0,13.92,,0.0,0
2026-10-02 02:04:07Z,CLE,in,0.5,HALF,11.0,13346,Denzel Boston,WR,9.4,10.4,4.08,14.48,15.81,15.1,0.03,1.0,14.48,,0.0,0
2026-10-02 02:04:07Z,CLE,in,0.5,HALF,11.0,4017,Deshaun Watson,QB,14.0,11.14,5.94,17.08,18.66,18.14,0.0,1.0,17.08,,0.0,0
2026-10-02 02:04:07Z,PIT,in,0.5,HALF,-11.0,13289,Drew Allar,QB,0.5,0.0,0.26,0.26,0.22,0.25,0.5,0.3,0.08,,0.0,0
2026-10-02 02:04:07Z,CLE,in,0.5,HALF,11.0,13298,KC Concepcion,WR,9.9,9.8,4.21,14.01,15.36,14.75,0.033,1.0,14.01,,0.0,0
2026-10-02 02:04:07Z,PIT,in,0.5,HALF,-11.0,6819,Michael Pittman,WR,9.7,3.5,5.3,8.8,8.18,8.35,0.112,1.0,8.8,,0.0,0
2026-10-02 02:04:07Z,PIT,in,0.5,HALF,-11.0,5846,DK Metcalf,WR,11.2,4.2,6.13,10.33,9.62,9.8,0.378,1.0,10.33,,0.0,0
2026-10-02 02:05:07Z,CLE,in,0.5,HALF,11.0,6783,Jerry Jeudy,WR,4.8,0.0,1.66,1.66,2.1,2.4,0.5,1.0,1.66,,0.0,0
2026-10-02 02:05:07Z,PIT,in,0.5,HALF,-11.0,PIT,Pittsburgh Steelers D/ST,DST,8.1,0.0,0.87,0.87,3.54,4.05,0.023,1.0,0.87,,0.0,0
2026-10-02 02:05:07Z,PIT,in,0.5,HALF,-11.0,96,Aaron Rodgers,QB,15.4,8.52,9.34,17.86,16.32,16.22,0.01,1.0,17.86,,0.0,0
2026-10-02 02:05:07Z,CLE,in,0.5,HALF,11.0,11261,Andre Szmyt,K,6.9,3.0,3.39,6.39,6.39,6.45,0.023,1.0,6.39,,0.0,0
2026-10-02 02:05:07Z,PIT,in,0.5,HALF,-11.0,7021,Rico Dowdle,RB,8.4,0.0,3.57,3.57,3.68,4.2,0.5,1.0,3.57,,0.0,0
2026-10-02 02:05:07Z,PIT,in,0.5,HALF,-11.0,11630,Roman Wilson,WR,5.7,14.1,4.09,18.19,18.36,16.95,0.01,1.0,18.19,,0.0,0
2026-10-02 02:05:07Z,CLE,in,0.5,HALF,11.0,12523,Jimmy Horn,WR,1.5,0.0,0.52,0.52,0.66,0.75,0.5,1.0,0.52,,0.0,0
2026-10-02 02:05:07Z,CLE,in,0.5,HALF,11.0,11617,Malachi Corley,WR,0.5,0.0,0.17,0.17,0.22,0.25,0.5,1.0,0.17,,0.0,0
2026-10-02 02:05:07Z,PIT,in,0.5,HALF,-11.0,9479,Darnell Washington,TE,4.9,2.6,2.74,5.34,5.07,5.05,0.193,1.0,5.34,,0.0,0
2026-10-02 02:05:07Z,CLE,in,0.5,HALF,11.0,CLE,Cleveland Browns D/ST,DST,7.0,8.0,0.41,8.41,12.06,11.5,0.089,1.0,8.41,,0.0,0
2026-10-02 02:05:07Z,PIT,in,0.5,HALF,-11.0,1945,Chris Boswell,K,8.1,3.0,3.92,6.92,6.92,7.05,0.002,1.0,6.92,,0.0,0
2026-10-02 02:05:07Z,CLE,in,0.5,HALF,11.0,12512,Quinshon Judkins,RB,11.8,14.6,6.84,21.44,21.59,20.5,0.024,1.0,21.44,,0.0,0
2026-10-02 02:05:07Z,PIT,in,0.5,HALF,-11.0,7600,Pat Freiermuth,TE,7.8,3.4,4.31,7.71,7.24,7.3,0.131,1.0,7.71,,0.0,0
2026-10-02 02:05:07Z,PIT,in,0.5,HALF,-11.0,8228,Jaylen Warren,RB,13.6,10.1,7.47,17.57,17.31,16.9,0.113,1.0,17.57,,0.0,0
2026-10-02 02:05:07Z,CLE,in,0.5,HALF,11.0,12503,Isaiah Bond,WR,1.6,1.2,0.65,1.85,2.05,2.0,0.479,1.0,1.85,,0.0,0
2026-10-02 02:05:07Z,PIT,in,0.5,HALF,-11.0,13274,Germie Bernard,WR,4.5,0.0,2.33,2.33,1.97,2.25,0.5,1.0,2.33,,0.0,0
2026-10-02 02:05:07Z,CLE,in,0.5,HALF,11.0,12506,Harold Fannin,TE,10.6,9.5,4.42,13.92,15.32,14.8,0.023,1.0,13.92,,0.0,0
2026-10-02 02:05:07Z,CLE,in,0.5,HALF,11.0,13346,Denzel Boston,WR,9.4,10.4,4.08,14.48,15.81,15.1,0.03,1.0,14.48,,0.0,0
2026-10-02 02:05:07Z,CLE,in,0.5,HALF,11.0,4017,Deshaun Watson,QB,14.0,11.14,5.94,17.08,18.66,18.14,0.0,1.0,17.08,,0.0,0
2026-10-02 02:05:07Z,PIT,in,0.5,HALF,-11.0,13289,Drew Allar,QB,0.5,0.0,0.26,0.26,0.22,0.25,0.5,0.3,0.08,,0.0,0
2026-10-02 02:05:07Z,CLE,in,0.5,HALF,11.0,13298,KC Concepcion,WR,9.9,9.8,4.21,14.01,15.36,14.75,0.033,1.0,14.01,,0.0,0
2026-10-02 02:05:07Z,PIT,in,0.5,HALF,-11.0,6819,Michael Pittman,WR,9.7,3.5,5.3,8.8,8.18,8.35,0.112,1.0,8.8,,0.0,0
2026-10-02 02:05:07Z,PIT,in,0.5,HALF,-11.0,5846,DK Metcalf,WR,11.2,4.2,6.13,10.33,9.62,9.8,0.378,1.0,10.33,,0.0,0
2026-10-02 02:06:08Z,CLE,in,0.5,HALF,11.0,6783,Jerry Jeudy,WR,4.8,0.0,1.66,1.66,2.1,2.4,0.5,1.0,1.66,,0.0,0
2026-10-02 02:06:08Z,PIT,in,0.5,HALF,-11.0,PIT,Pittsburgh Steelers D/ST,DST,8.1,0.0,0.87,0.87,3.54,4.05,0.023,1.0,0.87,,0.0,0
2026-10-02 02:06:08Z,PIT,in,0.5,HALF,-11.0,96,Aaron Rodgers,QB,15.4,8.52,9.34,17.86,16.32,16.22,0.01,1.0,17.86,,0.0,0
2026-10-02 02:06:08Z,CLE,in,0.5,HALF,11.0,11261,Andre Szmyt,K,6.9,3.0,3.39,6.39,6.39,6.45,0.023,1.0,6.39,,0.0,0
2026-10-02 02:06:08Z,PIT,in,0.5,HALF,-11.0,7021,Rico Dowdle,RB,8.4,0.0,3.57,3.57,3.68,4.2,0.5,1.0,3.57,,0.0,0
2026-10-02 02:06:08Z,PIT,in,0.5,HALF,-11.0,11630,Roman Wilson,WR,5.7,14.1,4.09,18.19,18.36,16.95,0.01,1.0,18.19,,0.0,0
2026-10-02 02:06:08Z,CLE,in,0.5,HALF,11.0,12523,Jimmy Horn,WR,1.5,0.0,0.52,0.52,0.66,0.75,0.5,1.0,0.52,,0.0,0
2026-10-02 02:06:08Z,CLE,in,0.5,HALF,11.0,11617,Malachi Corley,WR,0.5,0.0,0.17,0.17,0.22,0.25,0.5,1.0,0.17,,0.0,0
2026-10-02 02:06:08Z,PIT,in,0.5,HALF,-11.0,9479,Darnell Washington,TE,4.9,2.6,2.74,5.34,5.07,5.05,0.193,1.0,5.34,,0.0,0
2026-10-02 02:06:08Z,CLE,in,0.5,HALF,11.0,CLE,Cleveland Browns D/ST,DST,7.0,8.0,0.41,8.41,12.06,11.5,0.089,1.0,8.41,,0.0,0
2026-10-02 02:06:08Z,PIT,in,0.5,HALF,-11.0,1945,Chris Boswell,K,8.1,3.0,3.92,6.92,6.92,7.05,0.002,1.0,6.92,,0.0,0
2026-10-02 02:06:08Z,CLE,in,0.5,HALF,11.0,12512,Quinshon Judkins,RB,11.8,14.6,6.84,21.44,21.59,20.5,0.024,1.0,21.44,,0.0,0
2026-10-02 02:06:08Z,PIT,in,0.5,HALF,-11.0,7600,Pat Freiermuth,TE,7.8,3.4,4.31,7.71,7.24,7.3,0.131,1.0,7.71,,0.0,0
2026-10-02 02:06:08Z,PIT,in,0.5,HALF,-11.0,8228,Jaylen Warren,RB,13.6,10.1,7.47,17.57,17.31,16.9,0.113,1.0,17.57,,0.0,0
2026-10-02 02:06:08Z,CLE,in,0.5,HALF,11.0,12503,Isaiah Bond,WR,1.6,1.2,0.65,1.85,2.05,2.0,0.479,1.0,1.85,,0.0,0
2026-10-02 02:06:08Z,PIT,in,0.5,HALF,-11.0,13274,Germie Bernard,WR,4.5,0.0,2.33,2.33,1.97,2.25,0.5,1.0,2.33,,0.0,0
2026-10-02 02:06:08Z,CLE,in,0.5,HALF,11.0,12506,Harold Fannin,TE,10.6,9.5,4.42,13.92,15.32,14.8,0.023,1.0,13.92,,0.0,0
2026-10-02 02:06:08Z,CLE,in,0.5,HALF,11.0,13346,Denzel Boston,WR,9.4,10.4,4.08,14.48,15.81,15.1,0.03,1.0,14.48,,0.0,0
2026-10-02 02:06:08Z,CLE,in,0.5,HALF,11.0,4017,Deshaun Watson,QB,14.0,11.14,5.94,17.08,18.66,18.14,0.0,1.0,17.08,,0.0,0
2026-10-02 02:06:08Z,PIT,in,0.5,HALF,-11.0,13289,Drew Allar,QB,0.5,0.0,0.26,0.26,0.22,0.25,0.5,0.3,0.08,,0.0,0
2026-10-02 02:06:08Z,CLE,in,0.5,HALF,11.0,13298,KC Concepcion,WR,9.9,9.8,4.21,14.01,15.36,14.75,0.033,1.0,14.01,,0.0,0
2026-10-02 02:06:08Z,PIT,in,0.5,HALF,-11.0,6819,Michael Pittman,WR,9.7,3.5,5.3,8.8,8.18,8.35,0.112,1.0,8.8,,0.0,0
2026-10-02 02:06:08Z,PIT,in,0.5,HALF,-11.0,5846,DK Metcalf,WR,11.2,4.2,6.13,10.33,9.62,9.8,0.378,1.0,10.33,,0.0,0
2026-10-02 02:07:08Z,CLE,in,0.5,HALF,11.0,6783,Jerry Jeudy,WR,4.8,0.0,1.66,1.66,2.1,2.4,0.5,1.0,1.66,,0.0,0
2026-10-02 02:07:08Z,PIT,in,0.5,HALF,-11.0,PIT,Pittsburgh Steelers D/ST,DST,8.1,0.0,0.87,0.87,3.54,4.05,0.023,1.0,0.87,,0.0,0
2026-10-02 02:07:08Z,PIT,in,0.5,HALF,-11.0,96,Aaron Rodgers,QB,15.4,8.52,9.34,17.86,16.32,16.22,0.01,1.0,17.86,,0.0,0
2026-10-02 02:07:08Z,CLE,in,0.5,HALF,11.0,11261,Andre Szmyt,K,6.9,3.0,3.39,6.39,6.39,6.45,0.023,1.0,6.39,,0.0,0
2026-10-02 02:07:08Z,PIT,in,0.5,HALF,-11.0,7021,Rico Dowdle,RB,8.4,0.0,3.57,3.57,3.68,4.2,0.5,1.0,3.57,,0.0,0
2026-10-02 02:07:08Z,PIT,in,0.5,HALF,-11.0,11630,Roman Wilson,WR,5.7,14.1,4.09,18.19,18.36,16.95,0.01,1.0,18.19,,0.0,0
2026-10-02 02:07:08Z,CLE,in,0.5,HALF,11.0,12523,Jimmy Horn,WR,1.5,0.0,0.52,0.52,0.66,0.75,0.5,1.0,0.52,,0.0,0
2026-10-02 02:07:08Z,CLE,in,0.5,HALF,11.0,11617,Malachi Corley,WR,0.5,0.0,0.17,0.17,0.22,0.25,0.5,1.0,0.17,,0.0,0
2026-10-02 02:07:08Z,PIT,in,0.5,HALF,-11.0,9479,Darnell Washington,TE,4.9,2.6,2.74,5.34,5.07,5.05,0.193,1.0,5.34,,0.0,0
2026-10-02 02:07:08Z,CLE,in,0.5,HALF,11.0,CLE,Cleveland Browns D/ST,DST,7.0,8.0,0.41,8.41,12.06,11.5,0.089,1.0,8.41,,0.0,0
2026-10-02 02:07:08Z,PIT,in,0.5,HALF,-11.0,1945,Chris Boswell,K,8.1,3.0,3.92,6.92,6.92,7.05,0.002,1.0,6.92,,0.0,0
2026-10-02 02:07:08Z,CLE,in,0.5,HALF,11.0,12512,Quinshon Judkins,RB,11.8,14.6,6.84,21.44,21.59,20.5,0.024,1.0,21.44,,0.0,0
2026-10-02 02:07:08Z,PIT,in,0.5,HALF,-11.0,7600,Pat Freiermuth,TE,7.8,3.4,4.31,7.71,7.24,7.3,0.131,1.0,7.71,,0.0,0
2026-10-02 02:07:08Z,PIT,in,0.5,HALF,-11.0,8228,Jaylen Warren,RB,13.6,10.1,7.47,17.57,17.31,16.9,0.113,1.0,17.57,,0.0,0
2026-10-02 02:07:08Z,CLE,in,0.5,HALF,11.0,12503,Isaiah Bond,WR,1.6,1.2,0.65,1.85,2.05,2.0,0.479,1.0,1.85,,0.0,0
2026-10-02 02:07:08Z,PIT,in,0.5,HALF,-11.0,13274,Germie Bernard,WR,4.5,0.0,2.33,2.33,1.97,2.25,0.5,1.0,2.33,,0.0,0
2026-10-02 02:07:08Z,CLE,in,0.5,HALF,11.0,12506,Harold Fannin,TE,10.6,9.5,4.42,13.92,15.32,14.8,0.023,1.0,13.92,,0.0,0
2026-10-02 02:07:08Z,CLE,in,0.5,HALF,11.0,13346,Denzel Boston,WR,9.4,10.4,4.08,14.48,15.81,15.1,0.03,1.0,14.48,,0.0,0
2026-10-02 02:07:08Z,CLE,in,0.5,HALF,11.0,4017,Deshaun Watson,QB,14.0,11.14,5.94,17.08,18.66,18.14,0.0,1.0,17.08,,0.0,0
2026-10-02 02:07:08Z,PIT,in,0.5,HALF,-11.0,13289,Drew Allar,QB,0.5,0.0,0.26,0.26,0.22,0.25,0.5,0.3,0.08,,0.0,0
2026-10-02 02:07:08Z,CLE,in,0.5,HALF,11.0,13298,KC Concepcion,WR,9.9,9.8,4.21,14.01,15.36,14.75,0.033,1.0,14.01,,0.0,0
2026-10-02 02:07:08Z,PIT,in,0.5,HALF,-11.0,6819,Michael Pittman,WR,9.7,3.5,5.3,8.8,8.18,8.35,0.112,1.0,8.8,,0.0,0
2026-10-02 02:07:08Z,PIT,in,0.5,HALF,-11.0,5846,DK Metcalf,WR,11.2,4.2,6.13,10.33,9.62,9.8,0.378,1.0,10.33,,0.0,0
2026-10-02 02:08:09Z,CLE,in,0.5,Q3 15:00,11.0,6783,Jerry Jeudy,WR,4.8,0.0,1.66,1.66,2.1,2.4,0.5,1.0,1.66,,0.0,0
2026-10-02 02:08:09Z,PIT,in,0.5,Q3 15:00,-11.0,PIT,Pittsburgh Steelers D/ST,DST,8.1,0.0,0.87,0.87,3.54,4.05,0.023,1.0,0.87,,0.0,0
2026-10-02 02:08:09Z,PIT,in,0.5,Q3 15:00,-11.0,96,Aaron Rodgers,QB,15.4,8.52,9.34,17.86,16.32,16.22,0.01,1.0,17.86,,0.0,0
2026-10-02 02:08:09Z,CLE,in,0.5,Q3 15:00,11.0,11261,Andre Szmyt,K,6.9,3.0,3.39,6.39,6.39,6.45,0.023,1.0,6.39,,0.0,0
2026-10-02 02:08:09Z,PIT,in,0.5,Q3 15:00,-11.0,7021,Rico Dowdle,RB,8.4,0.0,3.57,3.57,3.68,4.2,0.5,1.0,3.57,,0.0,0
2026-10-02 02:08:09Z,PIT,in,0.5,Q3 15:00,-11.0,11630,Roman Wilson,WR,5.7,14.1,4.09,18.19,18.36,16.95,0.01,1.0,18.19,,0.0,0
2026-10-02 02:08:09Z,CLE,in,0.5,Q3 15:00,11.0,12523,Jimmy Horn,WR,1.5,0.0,0.52,0.52,0.66,0.75,0.5,1.0,0.52,,0.0,0
2026-10-02 02:08:09Z,CLE,in,0.5,Q3 15:00,11.0,11617,Malachi Corley,WR,0.5,0.0,0.17,0.17,0.22,0.25,0.5,1.0,0.17,,0.0,0
2026-10-02 02:08:09Z,PIT,in,0.5,Q3 15:00,-11.0,9479,Darnell Washington,TE,4.9,2.6,2.74,5.34,5.07,5.05,0.193,1.0,5.34,,0.0,0
2026-10-02 02:08:09Z,CLE,in,0.5,Q3 15:00,11.0,CLE,Cleveland Browns D/ST,DST,7.0,8.0,0.41,8.41,12.06,11.5,0.089,1.0,8.41,,0.0,0
2026-10-02 02:08:09Z,PIT,in,0.5,Q3 15:00,-11.0,1945,Chris Boswell,K,8.1,3.0,3.92,6.92,6.92,7.05,0.002,1.0,6.92,,0.0,0
2026-10-02 02:08:09Z,CLE,in,0.5,Q3 15:00,11.0,12512,Quinshon Judkins,RB,11.8,14.6,6.84,21.44,21.59,20.5,0.024,1.0,21.44,,0.0,0
2026-10-02 02:08:09Z,PIT,in,0.5,Q3 15:00,-11.0,7600,Pat Freiermuth,TE,7.8,3.4,4.31,7.71,7.24,7.3,0.131,1.0,7.71,,0.0,0
2026-10-02 02:08:09Z,PIT,in,0.5,Q3 15:00,-11.0,8228,Jaylen Warren,RB,13.6,10.1,7.47,17.57,17.31,16.9,0.113,1.0,17.57,,0.0,0
2026-10-02 02:08:09Z,CLE,in,0.5,Q3 15:00,11.0,12503,Isaiah Bond,WR,1.6,1.2,0.65,1.85,2.05,2.0,0.479,1.0,1.85,,0.0,0
2026-10-02 02:08:09Z,PIT,in,0.5,Q3 15:00,-11.0,13274,Germie Bernard,WR,4.5,0.0,2.33,2.33,1.97,2.25,0.5,1.0,2.33,,0.0,0
2026-10-02 02:08:09Z,CLE,in,0.5,Q3 15:00,11.0,12506,Harold Fannin,TE,10.6,9.5,4.42,13.92,15.32,14.8,0.023,1.0,13.92,,0.0,0
2026-10-02 02:08:09Z,CLE,in,0.5,Q3 15:00,11.0,13346,Denzel Boston,WR,9.4,10.4,4.08,14.48,15.81,15.1,0.03,1.0,14.48,,0.0,0
2026-10-02 02:08:09Z,CLE,in,0.5,Q3 15:00,11.0,4017,Deshaun Watson,QB,14.0,11.14,5.94,17.08,18.66,18.14,0.0,1.0,17.08,,0.0,0
2026-10-02 02:08:09Z,PIT,in,0.5,Q3 15:00,-11.0,13289,Drew Allar,QB,0.5,0.0,0.26,0.26,0.22,0.25,0.5,0.3,0.08,,0.0,0
2026-10-02 02:08:09Z,CLE,in,0.5,Q3 15:00,11.0,13298,KC Concepcion,WR,9.9,9.8,4.21,14.01,15.36,14.75,0.033,1.0,14.01,,0.0,0
2026-10-02 02:08:09Z,PIT,in,0.5,Q3 15:00,-11.0,6819,Michael Pittman,WR,9.7,3.5,5.3,8.8,8.18,8.35,0.112,1.0,8.8,,0.0,0
2026-10-02 02:08:09Z,PIT,in,0.5,Q3 15:00,-11.0,5846,DK Metcalf,WR,11.2,4.2,6.13,10.33,9.62,9.8,0.378,1.0,10.33,,0.0,0
2026-10-02 02:09:09Z,CLE,in,0.51,Q3 14:23,11.0,6783,Jerry Jeudy,WR,4.8,0.0,1.62,1.62,2.05,2.35,0.51,1.0,1.62,,0.0,0
2026-10-02 02:09:09Z,PIT,in,0.51,Q3 14:23,-11.0,PIT,Pittsburgh Steelers D/ST,DST,8.1,0.0,0.84,0.84,3.46,3.97,0.033,1.0,0.84,,0.0,0
2026-10-02 02:09:09Z,PIT,in,0.51,Q3 14:23,-11.0,96,Aaron Rodgers,QB,15.4,8.52,9.2,17.72,16.14,16.06,0.021,1.0,17.72,,0.0,0
2026-10-02 02:09:09Z,CLE,in,0.51,Q3 14:23,11.0,11261,Andre Szmyt,K,6.9,3.0,3.32,6.32,6.32,6.38,0.033,1.0,6.32,,0.0,0
2026-10-02 02:09:09Z,PIT,in,0.51,Q3 14:23,-11.0,7021,Rico Dowdle,RB,8.4,0.0,3.48,3.48,3.59,4.11,0.51,1.0,3.48,,0.0,0
2026-10-02 02:09:09Z,PIT,in,0.51,Q3 14:23,-11.0,11630,Roman Wilson,WR,5.7,14.1,4.02,18.12,18.26,16.89,0.021,1.0,18.12,,0.0,0
2026-10-02 02:09:09Z,CLE,in,0.51,Q3 14:23,11.0,12523,Jimmy Horn,WR,1.5,0.0,0.51,0.51,0.64,0.73,0.51,1.0,0.51,,0.0,0
2026-10-02 02:09:09Z,CLE,in,0.51,Q3 14:23,11.0,11617,Malachi Corley,WR,0.5,0.0,0.17,0.17,0.21,0.24,0.51,1.0,0.17,,0.0,0
2026-10-02 02:09:09Z,PIT,in,0.51,Q3 14:23,-11.0,9479,Darnell Washington,TE,4.9,2.6,2.7,5.3,5.01,5.0,0.203,1.0,5.3,,0.0,0
2026-10-02 02:09:09Z,CLE,in,0.51,Q3 14:23,11.0,CLE,Cleveland Browns D/ST,DST,7.0,8.0,0.4,8.4,11.97,11.43,0.099,1.0,8.4,,0.0,0
2026-10-02 02:09:09Z,PIT,in,0.51,Q3 14:23,-11.0,1945,Chris Boswell,K,8.1,3.0,3.83,6.83,6.83,6.97,0.013,1.0,6.83,,0.0,0
2026-10-02 02:09:09Z,CLE,in,0.51,Q3 14:23,11.0,12512,Quinshon Judkins,RB,11.8,14.6,6.68,21.28,21.43,20.38,0.034,1.0,21.28,,0.0,0
2026-10-02 02:09:09Z,PIT,in,0.51,Q3 14:23,-11.0,7600,Pat Freiermuth,TE,7.8,3.4,4.23,7.63,7.15,7.22,0.141,1.0,7.63,,0.0,0
2026-10-02 02:09:09Z,PIT,in,0.51,Q3 14:23,-11.0,8228,Jaylen Warren,RB,13.6,10.1,7.29,17.39,17.15,16.76,0.123,1.0,17.39,,0.0,0
2026-10-02 02:09:09Z,CLE,in,0.51,Q3 14:23,11.0,12503,Isaiah Bond,WR,1.6,1.2,0.63,1.83,2.03,1.98,0.489,1.0,1.83,,0.0,0
2026-10-02 02:09:09Z,PIT,in,0.51,Q3 14:23,-11.0,13274,Germie Bernard,WR,4.5,0.0,2.29,2.29,1.92,2.2,0.51,1.0,2.29,,0.0,0
2026-10-02 02:09:09Z,CLE,in,0.51,Q3 14:23,11.0,12506,Harold Fannin,TE,10.6,9.5,4.33,13.83,15.19,14.69,0.033,1.0,13.83,,0.0,0
2026-10-02 02:09:09Z,CLE,in,0.51,Q3 14:23,11.0,13346,Denzel Boston,WR,9.4,10.4,4.0,14.4,15.69,15.0,0.04,1.0,14.4,,0.0,0
2026-10-02 02:09:09Z,CLE,in,0.51,Q3 14:23,11.0,4017,Deshaun Watson,QB,14.0,11.14,5.82,16.96,18.49,18.0,0.01,1.0,16.96,,0.0,0
2026-10-02 02:09:09Z,PIT,in,0.51,Q3 14:23,-11.0,13289,Drew Allar,QB,0.5,0.0,0.26,0.26,0.21,0.24,0.51,0.3,0.08,,0.0,0
2026-10-02 02:09:09Z,CLE,in,0.51,Q3 14:23,11.0,13298,KC Concepcion,WR,9.9,9.8,4.12,13.92,15.23,14.65,0.044,1.0,13.92,,0.0,0
2026-10-02 02:09:09Z,PIT,in,0.51,Q3 14:23,-11.0,6819,Michael Pittman,WR,9.7,3.5,5.21,8.71,8.07,8.25,0.122,1.0,8.71,,0.0,0
2026-10-02 02:09:09Z,PIT,in,0.51,Q3 14:23,-11.0,5846,DK Metcalf,WR,11.2,4.2,6.03,10.23,9.5,9.68,0.388,1.0,10.23,,0.0,0
2026-10-02 02:10:09Z,CLE,in,0.522,Q3 13:40,11.0,6783,Jerry Jeudy,WR,4.8,0.0,1.58,1.58,1.99,2.29,0.522,1.0,1.58,,0.0,0
2026-10-02 02:10:09Z,PIT,in,0.522,Q3 13:40,-11.0,PIT,Pittsburgh Steelers D/ST,DST,8.1,0.0,0.8,0.8,3.36,3.87,0.045,1.0,0.8,,0.0,0
2026-10-02 02:10:09Z,PIT,in,0.522,Q3 13:40,-11.0,96,Aaron Rodgers,QB,15.4,8.52,9.03,17.55,15.93,15.88,0.033,1.0,17.55,,0.0,0
2026-10-02 02:10:09Z,CLE,in,0.522,Q3 13:40,11.0,11261,Andre Szmyt,K,6.9,3.0,3.22,6.22,6.22,6.3,0.045,1.0,6.22,,0.0,0
2026-10-02 02:10:09Z,PIT,in,0.522,Q3 13:40,-11.0,7021,Rico Dowdle,RB,8.4,0.0,3.39,3.39,3.49,4.01,0.522,1.0,3.39,,0.0,0
2026-10-02 02:10:09Z,PIT,in,0.522,Q3 13:40,-11.0,11630,Roman Wilson,WR,5.7,14.1,3.93,18.03,18.15,16.82,0.033,1.0,18.03,,0.0,0
2026-10-02 02:10:09Z,CLE,in,0.522,Q3 13:40,11.0,12523,Jimmy Horn,WR,1.5,0.0,0.49,0.49,0.62,0.72,0.522,1.0,0.49,,0.0,0
2026-10-02 02:10:09Z,CLE,in,0.522,Q3 13:40,11.0,11617,Malachi Corley,WR,0.5,0.0,0.16,0.16,0.21,0.24,0.522,1.0,0.16,,0.0,0
2026-10-02 02:10:09Z,PIT,in,0.522,Q3 13:40,-11.0,9479,Darnell Washington,TE,4.9,2.6,2.64,5.24,4.95,4.94,0.215,1.0,5.24,,0.0,0
2026-10-02 02:10:09Z,CLE,in,0.522,Q3 13:40,11.0,CLE,Cleveland Browns D/ST,DST,7.0,8.0,0.39,8.39,11.86,11.34,0.111,1.0,8.39,,0.0,0
2026-10-02 02:10:09Z,PIT,in,0.522,Q3 13:40,-11.0,1945,Chris Boswell,K,8.1,3.0,3.72,6.72,6.72,6.87,0.024,1.0,6.72,,0.0,0
2026-10-02 02:10:09Z,CLE,in,0.522,Q3 13:40,11.0,12512,Quinshon Judkins,RB,11.8,14.6,6.48,21.08,21.25,20.24,0.046,1.0,21.08,,0.0,0
2026-10-02 02:10:09Z,PIT,in,0.522,Q3 13:40,-11.0,7600,Pat Freiermuth,TE,7.8,3.4,4.15,7.55,7.05,7.13,0.153,1.0,7.55,,0.0,0
2026-10-02 02:10:09Z,PIT,in,0.522,Q3 13:40,-11.0,8228,Jaylen Warren,RB,13.6,10.1,7.09,17.19,16.96,16.6,0.135,1.0,17.19,,0.0,0
2026-10-02 02:10:09Z,CLE,in,0.522,Q3 13:40,11.0,12503,Isaiah Bond,WR,1.6,1.2,0.62,1.82,2.01,1.96,0.501,1.0,1.82,,0.0,0
2026-10-02 02:10:09Z,PIT,in,0.522,Q3 13:40,-11.0,13274,Germie Bernard,WR,4.5,0.0,2.24,2.24,1.87,2.15,0.522,1.0,2.24,,0.0,0
2026-10-02 02:10:09Z,CLE,in,0.522,Q3 13:40,11.0,12506,Harold Fannin,TE,10.6,9.5,4.22,13.72,15.04,14.56,0.045,1.0,13.72,,0.0,0
2026-10-02 02:10:09Z,CLE,in,0.522,Q3 13:40,11.0,13346,Denzel Boston,WR,9.4,10.4,3.89,14.29,15.55,14.89,0.052,1.0,14.29,,0.0,0
2026-10-02 02:10:09Z,CLE,in,0.522,Q3 13:40,11.0,4017,Deshaun Watson,QB,14.0,11.14,5.67,16.81,18.29,17.83,0.022,1.0,16.81,,0.0,0
2026-10-02 02:10:09Z,PIT,in,0.522,Q3 13:40,-11.0,13289,Drew Allar,QB,0.5,0.0,0.25,0.25,0.21,0.24,0.522,0.3,0.08,,0.0,0
2026-10-02 02:10:09Z,CLE,in,0.522,Q3 13:40,11.0,13298,KC Concepcion,WR,9.9,9.8,4.01,13.81,15.08,14.53,0.056,1.0,13.81,,0.0,0
2026-10-02 02:10:09Z,PIT,in,0.522,Q3 13:40,-11.0,6819,Michael Pittman,WR,9.7,3.5,5.1,8.6,7.95,8.13,0.134,1.0,8.6,,0.0,0
2026-10-02 02:10:09Z,PIT,in,0.522,Q3 13:40,-11.0,5846,DK Metcalf,WR,11.2,4.2,5.91,10.11,9.35,9.55,0.4,1.0,10.11,,0.0,0
2026-10-02 02:11:10Z,CLE,in,0.522,Q3 13:40,11.0,6783,Jerry Jeudy,WR,4.8,0.0,1.58,1.58,1.99,2.29,0.522,1.0,1.58,,0.0,0
2026-10-02 02:11:10Z,PIT,in,0.522,Q3 13:40,-11.0,PIT,Pittsburgh Steelers D/ST,DST,8.1,0.0,0.8,0.8,3.36,3.87,0.045,1.0,0.8,,0.0,0
2026-10-02 02:11:10Z,PIT,in,0.522,Q3 13:40,-11.0,96,Aaron Rodgers,QB,15.4,8.52,9.03,17.55,15.93,15.88,0.033,1.0,17.55,,0.0,0
2026-10-02 02:11:10Z,CLE,in,0.522,Q3 13:40,11.0,11261,Andre Szmyt,K,6.9,3.0,3.22,6.22,6.22,6.3,0.045,1.0,6.22,,0.0,0
2026-10-02 02:11:10Z,PIT,in,0.522,Q3 13:40,-11.0,7021,Rico Dowdle,RB,8.4,0.0,3.39,3.39,3.49,4.01,0.522,1.0,3.39,,0.0,0
2026-10-02 02:11:10Z,PIT,in,0.522,Q3 13:40,-11.0,11630,Roman Wilson,WR,5.7,14.1,3.93,18.03,18.15,16.82,0.033,1.0,18.03,,0.0,0
2026-10-02 02:11:10Z,CLE,in,0.522,Q3 13:40,11.0,12523,Jimmy Horn,WR,1.5,0.0,0.49,0.49,0.62,0.72,0.522,1.0,0.49,,0.0,0
2026-10-02 02:11:10Z,CLE,in,0.522,Q3 13:40,11.0,11617,Malachi Corley,WR,0.5,0.0,0.16,0.16,0.21,0.24,0.522,1.0,0.16,,0.0,0
2026-10-02 02:11:10Z,PIT,in,0.522,Q3 13:40,-11.0,9479,Darnell Washington,TE,4.9,2.6,2.64,5.24,4.95,4.94,0.215,1.0,5.24,,0.0,0
2026-10-02 02:11:10Z,CLE,in,0.522,Q3 13:40,11.0,CLE,Cleveland Browns D/ST,DST,7.0,8.0,0.39,8.39,11.86,11.34,0.111,1.0,8.39,,0.0,0
2026-10-02 02:11:10Z,PIT,in,0.522,Q3 13:40,-11.0,1945,Chris Boswell,K,8.1,3.0,3.72,6.72,6.72,6.87,0.024,1.0,6.72,,0.0,0
2026-10-02 02:11:10Z,CLE,in,0.522,Q3 13:40,11.0,12512,Quinshon Judkins,RB,11.8,14.6,6.48,21.08,21.25,20.24,0.046,1.0,21.08,,0.0,0
2026-10-02 02:11:10Z,PIT,in,0.522,Q3 13:40,-11.0,7600,Pat Freiermuth,TE,7.8,3.4,4.15,7.55,7.05,7.13,0.153,1.0,7.55,,0.0,0
2026-10-02 02:11:10Z,PIT,in,0.522,Q3 13:40,-11.0,8228,Jaylen Warren,RB,13.6,10.1,7.09,17.19,16.96,16.6,0.135,1.0,17.19,,0.0,0
2026-10-02 02:11:10Z,CLE,in,0.522,Q3 13:40,11.0,12503,Isaiah Bond,WR,1.6,1.2,0.62,1.82,2.01,1.96,0.501,1.0,1.82,,0.0,0
2026-10-02 02:11:10Z,PIT,in,0.522,Q3 13:40,-11.0,13274,Germie Bernard,WR,4.5,0.0,2.24,2.24,1.87,2.15,0.522,1.0,2.24,,0.0,0
2026-10-02 02:11:10Z,CLE,in,0.522,Q3 13:40,11.0,12506,Harold Fannin,TE,10.6,9.5,4.22,13.72,15.04,14.56,0.045,1.0,13.72,,0.0,0
2026-10-02 02:11:10Z,CLE,in,0.522,Q3 13:40,11.0,13346,Denzel Boston,WR,9.4,10.4,3.89,14.29,15.55,14.89,0.052,1.0,14.29,,0.0,0
2026-10-02 02:11:10Z,CLE,in,0.522,Q3 13:40,11.0,4017,Deshaun Watson,QB,14.0,11.14,5.67,16.81,18.29,17.83,0.022,1.0,16.81,,0.0,0
2026-10-02 02:11:10Z,PIT,in,0.522,Q3 13:40,-11.0,13289,Drew Allar,QB,0.5,0.0,0.25,0.25,0.21,0.24,0.522,0.3,0.08,,0.0,0
2026-10-02 02:11:10Z,CLE,in,0.522,Q3 13:40,11.0,13298,KC Concepcion,WR,9.9,9.8,4.01,13.81,15.08,14.53,0.056,1.0,13.81,,0.0,0
2026-10-02 02:11:10Z,PIT,in,0.522,Q3 13:40,-11.0,6819,Michael Pittman,WR,9.7,3.5,5.1,8.6,7.95,8.13,0.134,1.0,8.6,,0.0,0
2026-10-02 02:11:10Z,PIT,in,0.522,Q3 13:40,-11.0,5846,DK Metcalf,WR,11.2,4.2,5.91,10.11,9.35,9.55,0.4,1.0,10.11,,0.0,0
2026-10-02 02:12:10Z,CLE,in,0.527,Q3 13:22,11.0,6783,Jerry Jeudy,WR,4.8,0.0,1.56,1.56,1.97,2.27,0.527,1.0,1.56,,0.0,0
2026-10-02 02:12:10Z,PIT,in,0.527,Q3 13:22,-11.0,PIT,Pittsburgh Steelers D/ST,DST,8.1,0.0,0.79,0.79,3.32,3.83,0.05,1.0,0.79,,0.0,0
2026-10-02 02:12:10Z,PIT,in,0.527,Q3 13:22,-11.0,96,Aaron Rodgers,QB,15.4,8.52,8.96,17.48,15.85,15.8,0.038,1.0,17.48,,0.0,0
2026-10-02 02:12:10Z,CLE,in,0.527,Q3 13:22,11.0,11261,Andre Szmyt,K,6.9,3.0,3.19,6.19,6.19,6.26,0.05,1.0,6.19,,0.0,0
2026-10-02 02:12:10Z,PIT,in,0.527,Q3 13:22,-11.0,7021,Rico Dowdle,RB,8.4,0.0,3.35,3.35,3.45,3.97,0.527,1.0,3.35,,0.0,0
2026-10-02 02:12:10Z,PIT,in,0.527,Q3 13:22,-11.0,11630,Roman Wilson,WR,5.7,14.1,3.9,18.0,18.11,16.79,0.038,1.0,18.0,,0.0,0
2026-10-02 02:12:10Z,CLE,in,0.527,Q3 13:22,11.0,12523,Jimmy Horn,WR,1.5,0.0,0.49,0.49,0.62,0.71,0.527,1.0,0.49,,0.0,0
2026-10-02 02:12:10Z,CLE,in,0.527,Q3 13:22,11.0,11617,Malachi Corley,WR,0.5,0.0,0.16,0.16,0.21,0.24,0.527,1.0,0.16,,0.0,0
2026-10-02 02:12:10Z,PIT,in,0.527,Q3 13:22,-11.0,9479,Darnell Washington,TE,4.9,2.6,2.62,5.22,4.92,4.92,0.22,1.0,5.22,,0.0,0
2026-10-02 02:12:10Z,CLE,in,0.527,Q3 13:22,11.0,CLE,Cleveland Browns D/ST,DST,7.0,8.0,0.39,8.39,11.82,11.31,0.116,1.0,8.39,,0.0,0
2026-10-02 02:12:10Z,PIT,in,0.527,Q3 13:22,-11.0,1945,Chris Boswell,K,8.1,3.0,3.68,6.68,6.68,6.83,0.029,1.0,6.68,,0.0,0
2026-10-02 02:12:10Z,CLE,in,0.527,Q3 13:22,11.0,12512,Quinshon Judkins,RB,11.8,14.6,6.4,21.0,21.17,20.18,0.051,1.0,21.0,,0.0,0
2026-10-02 02:12:10Z,PIT,in,0.527,Q3 13:22,-11.0,7600,Pat Freiermuth,TE,7.8,3.4,4.11,7.51,7.0,7.09,0.158,1.0,7.51,,0.0,0
2026-10-02 02:12:10Z,PIT,in,0.527,Q3 13:22,-11.0,8228,Jaylen Warren,RB,13.6,10.1,7.01,17.11,16.88,16.53,0.14,1.0,17.11,,0.0,0
2026-10-02 02:12:10Z,CLE,in,0.527,Q3 13:22,11.0,12503,Isaiah Bond,WR,1.6,1.2,0.61,1.81,2.0,1.96,0.506,1.0,1.81,,0.0,0
2026-10-02 02:12:10Z,PIT,in,0.527,Q3 13:22,-11.0,13274,Germie Bernard,WR,4.5,0.0,2.22,2.22,1.85,2.13,0.527,1.0,2.22,,0.0,0
2026-10-02 02:12:10Z,CLE,in,0.527,Q3 13:22,11.0,12506,Harold Fannin,TE,10.6,9.5,4.17,13.67,14.97,14.51,0.05,1.0,13.67,,0.0,0
2026-10-02 02:12:10Z,CLE,in,0.527,Q3 13:22,11.0,13346,Denzel Boston,WR,9.4,10.4,3.85,14.25,15.49,14.84,0.057,1.0,14.25,,0.0,0
2026-10-02 02:12:10Z,CLE,in,0.527,Q3 13:22,11.0,4017,Deshaun Watson,QB,14.0,11.14,5.61,16.75,18.2,17.76,0.027,1.0,16.75,,0.0,0
2026-10-02 02:12:10Z,PIT,in,0.527,Q3 13:22,-11.0,13289,Drew Allar,QB,0.5,0.0,0.25,0.25,0.21,0.24,0.527,0.3,0.08,,0.0,0
2026-10-02 02:12:10Z,CLE,in,0.527,Q3 13:22,11.0,13298,KC Concepcion,WR,9.9,9.8,3.97,13.77,15.02,14.48,0.061,1.0,13.77,,0.0,0
2026-10-02 02:12:10Z,PIT,in,0.527,Q3 13:22,-11.0,6819,Michael Pittman,WR,9.7,3.5,5.06,8.56,7.9,8.09,0.139,1.0,8.56,,0.0,0
2026-10-02 02:12:10Z,PIT,in,0.527,Q3 13:22,-11.0,5846,DK Metcalf,WR,11.2,4.2,5.85,10.05,9.29,9.5,0.405,1.0,10.05,,0.0,0
2026-10-02 02:13:11Z,CLE,in,0.534,Q3 12:57,11.0,6783,Jerry Jeudy,WR,4.8,0.0,1.53,1.53,1.94,2.24,0.534,1.0,1.53,,0.0,0
2026-10-02 02:13:11Z,PIT,in,0.534,Q3 12:57,-11.0,PIT,Pittsburgh Steelers D/ST,DST,8.1,0.0,0.77,0.77,3.27,3.77,0.057,1.0,0.77,,0.0,0
2026-10-02 02:13:11Z,PIT,in,0.534,Q3 12:57,-11.0,96,Aaron Rodgers,QB,15.4,8.52,8.87,17.39,15.73,15.69,0.044,1.0,17.39,,0.0,0
2026-10-02 02:13:11Z,CLE,in,0.534,Q3 12:57,11.0,11261,Andre Szmyt,K,6.9,3.0,3.13,6.13,6.13,6.21,0.057,1.0,6.13,,0.0,0
2026-10-02 02:13:11Z,PIT,in,0.534,Q3 12:57,-11.0,7021,Rico Dowdle,RB,8.4,0.0,3.29,3.29,3.39,3.91,0.534,1.0,3.29,,0.0,0
2026-10-02 02:13:11Z,PIT,in,0.534,Q3 12:57,-11.0,11630,Roman Wilson,WR,5.7,14.1,3.85,17.95,18.04,16.76,0.044,1.0,17.95,,0.0,0
2026-10-02 02:13:11Z,CLE,in,0.534,Q3 12:57,11.0,12523,Jimmy Horn,WR,1.5,0.0,0.48,0.48,0.61,0.7,0.534,1.0,0.48,,0.0,0
2026-10-02 02:13:11Z,CLE,in,0.534,Q3 12:57,11.0,11617,Malachi Corley,WR,0.5,0.0,0.16,0.16,0.2,0.23,0.534,1.0,0.16,,0.0,0
2026-10-02 02:13:11Z,PIT,in,0.534,Q3 12:57,-11.0,9479,Darnell Washington,TE,4.9,2.6,2.59,5.19,4.88,4.88,0.227,1.0,5.19,,0.0,0
2026-10-02 02:13:11Z,CLE,in,0.534,Q3 12:57,11.0,CLE,Cleveland Browns D/ST,DST,7.0,8.0,0.38,8.38,11.76,11.26,0.123,1.0,8.38,,0.0,0
2026-10-02 02:13:11Z,PIT,in,0.534,Q3 12:57,-11.0,1945,Chris Boswell,K,8.1,3.0,3.62,6.62,6.62,6.77,0.036,1.0,6.62,,0.0,0
2026-10-02 02:13:11Z,CLE,in,0.534,Q3 12:57,11.0,12512,Quinshon Judkins,RB,11.8,14.7,6.31,21.01,21.17,20.2,0.0,1.0,21.01,,0.0,0
2026-10-02 02:13:11Z,PIT,in,0.534,Q3 12:57,-11.0,7600,Pat Freiermuth,TE,7.8,3.4,4.06,7.46,6.94,7.03,0.165,1.0,7.46,,0.0,0
2026-10-02 02:13:11Z,PIT,in,0.534,Q3 12:57,-11.0,8228,Jaylen Warren,RB,13.6,10.1,6.89,16.99,16.77,16.44,0.147,1.0,16.99,,0.0,0
2026-10-02 02:13:11Z,CLE,in,0.534,Q3 12:57,11.0,12503,Isaiah Bond,WR,1.6,1.2,0.6,1.8,1.99,1.95,0.513,1.0,1.8,,0.0,0
2026-10-02 02:13:11Z,PIT,in,0.534,Q3 12:57,-11.0,13274,Germie Bernard,WR,4.5,0.0,2.2,2.2,1.82,2.1,0.534,1.0,2.2,,0.0,0
2026-10-02 02:13:11Z,CLE,in,0.534,Q3 12:57,11.0,12506,Harold Fannin,TE,10.6,9.5,4.11,13.61,14.88,14.44,0.057,1.0,13.61,,0.0,0
2026-10-02 02:13:11Z,CLE,in,0.534,Q3 12:57,11.0,13346,Denzel Boston,WR,9.4,10.4,3.79,14.19,15.41,14.78,0.064,1.0,14.19,,0.0,0
2026-10-02 02:13:11Z,CLE,in,0.534,Q3 12:57,11.0,4017,Deshaun Watson,QB,14.0,11.14,5.52,16.66,18.09,17.66,0.034,1.0,16.66,,0.0,0
2026-10-02 02:13:11Z,PIT,in,0.534,Q3 12:57,-11.0,13289,Drew Allar,QB,0.5,0.0,0.25,0.25,0.2,0.23,0.534,0.3,0.07,,0.0,0
2026-10-02 02:13:11Z,CLE,in,0.534,Q3 12:57,11.0,13298,KC Concepcion,WR,9.9,9.8,3.91,13.71,14.94,14.41,0.068,1.0,13.71,,0.0,0
2026-10-02 02:13:11Z,PIT,in,0.534,Q3 12:57,-11.0,6819,Michael Pittman,WR,9.7,3.5,5.0,8.5,7.82,8.02,0.146,1.0,8.5,,0.0,0
2026-10-02 02:13:11Z,PIT,in,0.534,Q3 12:57,-11.0,5846,DK Metcalf,WR,11.2,4.2,5.78,9.98,9.21,9.42,0.412,1.0,9.98,,0.0,0
2026-10-02 02:14:11Z,CLE,in,0.544,Q3 12:20,11.0,6783,Jerry Jeudy,WR,4.8,0.0,1.5,1.5,1.89,2.19,0.544,1.0,1.5,,0.0,0
2026-10-02 02:14:11Z,PIT,in,0.544,Q3 12:20,-11.0,PIT,Pittsburgh Steelers D/ST,DST,8.1,0.0,0.74,0.74,3.19,3.69,0.067,1.0,0.74,,0.0,0
2026-10-02 02:14:11Z,PIT,in,0.544,Q3 12:20,-11.0,96,Aaron Rodgers,QB,15.4,8.52,8.72,17.24,15.55,15.54,0.055,1.0,17.24,,0.0,0
2026-10-02 02:14:11Z,CLE,in,0.544,Q3 12:20,11.0,11261,Andre Szmyt,K,6.9,3.0,3.06,6.06,6.06,6.14,0.067,1.0,6.06,,0.0,0
2026-10-02 02:14:11Z,PIT,in,0.544,Q3 12:20,-11.0,7021,Rico Dowdle,RB,8.4,0.0,3.21,3.21,3.31,3.83,0.544,1.0,3.21,,0.0,0
2026-10-02 02:14:11Z,PIT,in,0.544,Q3 12:20,-11.0,11630,Roman Wilson,WR,5.7,14.1,3.78,17.88,17.95,16.7,0.055,1.0,17.88,,0.0,0
2026-10-02 02:14:11Z,CLE,in,0.544,Q3 12:20,11.0,12523,Jimmy Horn,WR,1.5,0.0,0.47,0.47,0.59,0.68,0.544,1.0,0.47,,0.0,0
2026-10-02 02:14:11Z,CLE,in,0.544,Q3 12:20,11.0,11617,Malachi Corley,WR,0.5,0.0,0.16,0.16,0.2,0.23,0.544,1.0,0.16,,0.0,0
2026-10-02 02:14:11Z,PIT,in,0.544,Q3 12:20,-11.0,9479,Darnell Washington,TE,4.9,2.6,2.54,5.14,4.82,4.83,0.237,1.0,5.14,,0.0,0
2026-10-02 02:14:11Z,CLE,in,0.544,Q3 12:20,11.0,CLE,Cleveland Browns D/ST,DST,7.0,8.0,0.37,8.37,11.67,11.19,0.134,1.0,8.37,,0.0,0
2026-10-02 02:14:11Z,PIT,in,0.544,Q3 12:20,-11.0,1945,Chris Boswell,K,8.1,3.0,3.53,6.53,6.53,6.69,0.047,1.0,6.53,,0.0,0
2026-10-02 02:14:11Z,CLE,in,0.544,Q3 12:20,11.0,12512,Quinshon Judkins,RB,11.8,14.7,6.15,20.85,21.02,20.08,0.01,1.0,20.85,,0.0,0
2026-10-02 02:14:11Z,PIT,in,0.544,Q3 12:20,-11.0,7600,Pat Freiermuth,TE,7.8,3.4,3.99,7.39,6.86,6.95,0.175,1.0,7.39,,0.0,0
2026-10-02 02:14:11Z,PIT,in,0.544,Q3 12:20,-11.0,8228,Jaylen Warren,RB,13.6,10.1,6.72,16.82,16.6,16.3,0.157,1.0,16.82,,0.0,0
2026-10-02 02:14:11Z,CLE,in,0.544,Q3 12:20,11.0,12503,Isaiah Bond,WR,1.6,1.2,0.59,1.79,1.97,1.93,0.523,1.0,1.79,,0.0,0
2026-10-02 02:14:11Z,PIT,in,0.544,Q3 12:20,-11.0,13274,Germie Bernard,WR,4.5,0.0,2.16,2.16,1.77,2.05,0.544,1.0,2.16,,0.0,0
2026-10-02 02:14:11Z,CLE,in,0.544,Q3 12:20,11.0,12506,Harold Fannin,TE,10.6,9.5,4.01,13.51,14.75,14.33,0.067,1.0,13.51,,0.0,0
2026-10-02 02:14:11Z,CLE,in,0.544,Q3 12:20,11.0,13346,Denzel Boston,WR,9.4,10.4,3.7,14.1,15.28,14.68,0.074,1.0,14.1,,0.0,0
2026-10-02 02:14:11Z,CLE,in,0.544,Q3 12:20,11.0,4017,Deshaun Watson,QB,14.0,11.34,5.42,16.76,18.14,17.72,0.0,1.0,16.76,,0.0,0
2026-10-02 02:14:11Z,PIT,in,0.544,Q3 12:20,-11.0,13289,Drew Allar,QB,0.5,0.0,0.24,0.24,0.2,0.23,0.544,0.3,0.07,,0.0,0
2026-10-02 02:14:11Z,CLE,in,0.544,Q3 12:20,11.0,13298,KC Concepcion,WR,9.9,9.8,3.82,13.62,14.81,14.31,0.078,1.0,13.62,,0.0,0
2026-10-02 02:14:11Z,PIT,in,0.544,Q3 12:20,-11.0,6819,Michael Pittman,WR,9.7,3.5,4.91,8.41,7.72,7.92,0.156,1.0,8.41,,0.0,0
2026-10-02 02:14:11Z,PIT,in,0.544,Q3 12:20,-11.0,5846,DK Metcalf,WR,11.2,4.2,5.68,9.88,9.09,9.3,0.422,1.0,9.88,,0.0,0
2026-10-02 02:15:11Z,CLE,in,0.558,Q3 11:30,11.0,6783,Jerry Jeudy,WR,4.8,0.0,1.45,1.45,1.82,2.12,0.558,1.0,1.45,,0.0,0
2026-10-02 02:15:11Z,PIT,in,0.558,Q3 11:30,-11.0,PIT,Pittsburgh Steelers D/ST,DST,8.1,0.0,0.7,0.7,3.08,3.58,0.081,1.0,0.7,,0.0,0
2026-10-02 02:15:11Z,PIT,in,0.558,Q3 11:30,-11.0,96,Aaron Rodgers,QB,15.4,8.52,8.51,17.03,15.31,15.32,0.069,1.0,17.03,,0.0,0
2026-10-02 02:15:11Z,CLE,in,0.558,Q3 11:30,11.0,11261,Andre Szmyt,K,6.9,3.0,2.95,5.95,5.95,6.05,0.081,1.0,5.95,,0.0,0
2026-10-02 02:15:11Z,PIT,in,0.558,Q3 11:30,-11.0,7021,Rico Dowdle,RB,8.4,0.0,3.1,3.1,3.19,3.71,0.558,1.0,3.1,,0.0,0
2026-10-02 02:15:11Z,PIT,in,0.558,Q3 11:30,-11.0,11630,Roman Wilson,WR,5.7,14.1,3.68,17.78,17.82,16.62,0.069,1.0,17.78,,0.0,0
2026-10-02 02:15:11Z,CLE,in,0.558,Q3 11:30,11.0,12523,Jimmy Horn,WR,1.5,0.0,0.45,0.45,0.57,0.66,0.558,1.0,0.45,,0.0,0
2026-10-02 02:15:11Z,CLE,in,0.558,Q3 11:30,11.0,11617,Malachi Corley,WR,0.5,0.0,0.15,0.15,0.19,0.22,0.558,1.0,0.15,,0.0,0
2026-10-02 02:15:11Z,PIT,in,0.558,Q3 11:30,-11.0,9479,Darnell Washington,TE,4.9,2.6,2.48,5.08,4.75,4.76,0.251,1.0,5.08,,0.0,0
2026-10-02 02:15:11Z,CLE,in,0.558,Q3 11:30,11.0,CLE,Cleveland Browns D/ST,DST,7.0,8.0,0.35,8.35,11.54,11.09,0.148,1.0,8.35,,0.0,0
2026-10-02 02:15:11Z,PIT,in,0.558,Q3 11:30,-11.0,1945,Chris Boswell,K,8.1,3.0,3.41,6.41,6.41,6.58,0.061,1.0,6.41,,0.0,0
2026-10-02 02:15:11Z,CLE,in,0.558,Q3 11:30,11.0,12512,Quinshon Judkins,RB,11.8,14.7,5.93,20.63,20.81,19.91,0.024,1.0,20.63,,0.0,0
2026-10-02 02:15:11Z,PIT,in,0.558,Q3 11:30,-11.0,7600,Pat Freiermuth,TE,7.8,3.4,3.89,7.29,6.74,6.84,0.189,1.0,7.29,,0.0,0
2026-10-02 02:15:11Z,PIT,in,0.558,Q3 11:30,-11.0,8228,Jaylen Warren,RB,13.6,10.1,6.49,16.59,16.38,16.11,0.171,1.0,16.59,,0.0,0
2026-10-02 02:15:11Z,CLE,in,0.558,Q3 11:30,11.0,12503,Isaiah Bond,WR,1.6,1.2,0.57,1.77,1.94,1.91,0.537,1.0,1.77,,0.0,0
2026-10-02 02:15:11Z,PIT,in,0.558,Q3 11:30,-11.0,13274,Germie Bernard,WR,4.5,0.0,2.1,2.1,1.71,1.99,0.558,1.0,2.1,,0.0,0
2026-10-02 02:15:11Z,CLE,in,0.558,Q3 11:30,11.0,12506,Harold Fannin,TE,10.6,9.5,3.88,13.38,14.58,14.18,0.081,1.0,13.38,,0.0,0
2026-10-02 02:15:11Z,CLE,in,0.558,Q3 11:30,11.0,13346,Denzel Boston,WR,9.4,10.4,3.59,13.99,15.12,14.55,0.088,1.0,13.99,,0.0,0
2026-10-02 02:15:11Z,CLE,in,0.558,Q3 11:30,11.0,4017,Deshaun Watson,QB,14.0,11.34,5.24,16.58,17.91,17.52,0.014,1.0,16.58,,0.0,0
2026-10-02 02:15:11Z,PIT,in,0.558,Q3 11:30,-11.0,13289,Drew Allar,QB,0.5,0.0,0.24,0.24,0.19,0.22,0.558,0.3,0.07,,0.0,0
2026-10-02 02:15:11Z,CLE,in,0.558,Q3 11:30,11.0,13298,KC Concepcion,WR,9.9,9.8,3.69,13.49,14.64,14.17,0.092,1.0,13.49,,0.0,0
2026-10-02 02:15:11Z,PIT,in,0.558,Q3 11:30,-11.0,6819,Michael Pittman,WR,9.7,3.5,4.78,8.28,7.57,7.78,0.17,1.0,8.28,,0.0,0
2026-10-02 02:15:11Z,PIT,in,0.558,Q3 11:30,-11.0,5846,DK Metcalf,WR,11.2,4.2,5.53,9.73,8.92,9.15,0.436,1.0,9.73,,0.0,0
2026-10-02 02:16:12Z,CLE,in,0.572,Q3 10:41,11.0,6783,Jerry Jeudy,WR,4.8,0.0,1.4,1.4,1.76,2.05,0.572,1.0,1.4,,0.0,0
2026-10-02 02:16:12Z,PIT,in,0.572,Q3 10:41,-11.0,PIT,Pittsburgh Steelers D/ST,DST,8.1,0.0,0.66,0.66,2.97,3.47,0.095,1.0,0.66,,0.0,0
2026-10-02 02:16:12Z,PIT,in,0.572,Q3 10:41,-11.0,96,Aaron Rodgers,QB,15.4,8.52,8.31,16.83,15.08,15.11,0.082,1.0,16.83,,0.0,0
2026-10-02 02:16:12Z,CLE,in,0.572,Q3 10:41,11.0,11261,Andre Szmyt,K,6.9,3.0,2.85,5.85,5.85,5.95,0.095,1.0,5.85,,0.0,0
2026-10-02 02:16:12Z,PIT,in,0.572,Q3 10:41,-11.0,7021,Rico Dowdle,RB,8.4,0.0,2.99,2.99,3.08,3.6,0.572,1.0,2.99,,0.0,0
2026-10-02 02:16:12Z,PIT,in,0.572,Q3 10:41,-11.0,11630,Roman Wilson,WR,5.7,14.1,3.58,17.68,17.7,16.54,0.082,1.0,17.68,,0.0,0
2026-10-02 02:16:12Z,CLE,in,0.572,Q3 10:41,11.0,12523,Jimmy Horn,WR,1.5,0.0,0.44,0.44,0.55,0.64,0.572,1.0,0.44,,0.0,0
2026-10-02 02:16:12Z,CLE,in,0.572,Q3 10:41,11.0,11617,Malachi Corley,WR,0.5,0.0,0.15,0.15,0.18,0.21,0.572,1.0,0.15,,0.0,0
2026-10-02 02:16:12Z,PIT,in,0.572,Q3 10:41,-11.0,9479,Darnell Washington,TE,4.9,2.6,2.41,5.01,4.68,4.7,0.265,1.0,5.01,,0.0,0
2026-10-02 02:16:12Z,CLE,in,0.572,Q3 10:41,11.0,CLE,Cleveland Browns D/ST,DST,7.0,8.0,0.34,8.34,11.42,11.0,0.161,1.0,8.34,,0.0,0
2026-10-02 02:16:12Z,PIT,in,0.572,Q3 10:41,-11.0,1945,Chris Boswell,K,8.1,3.0,3.29,6.29,6.29,6.47,0.074,1.0,6.29,,0.0,0
2026-10-02 02:16:12Z,CLE,in,0.572,Q3 10:41,11.0,12512,Quinshon Judkins,RB,11.8,14.7,5.72,20.42,20.6,19.75,0.038,1.0,20.42,,0.0,0
2026-10-02 02:16:12Z,PIT,in,0.572,Q3 10:41,-11.0,7600,Pat Freiermuth,TE,7.8,3.4,3.79,7.19,6.63,6.74,0.203,1.0,7.19,,0.0,0
2026-10-02 02:16:12Z,PIT,in,0.572,Q3 10:41,-11.0,8228,Jaylen Warren,RB,13.6,10.1,6.26,16.36,16.17,15.92,0.185,1.0,16.36,,0.0,0
2026-10-02 02:16:12Z,CLE,in,0.572,Q3 10:41,11.0,12503,Isaiah Bond,WR,1.6,1.2,0.55,1.75,1.92,1.88,0.551,1.0,1.75,,0.0,0
2026-10-02 02:16:12Z,PIT,in,0.572,Q3 10:41,-11.0,13274,Germie Bernard,WR,4.5,0.0,2.05,2.05,1.65,1.93,0.572,1.0,2.05,,0.0,0
2026-10-02 02:16:12Z,CLE,in,0.572,Q3 10:41,11.0,12506,Harold Fannin,TE,10.6,9.5,3.76,13.26,14.41,14.04,0.095,1.0,13.26,,0.0,0
2026-10-02 02:16:12Z,CLE,in,0.572,Q3 10:41,11.0,13346,Denzel Boston,WR,9.4,10.4,3.47,13.87,14.96,14.42,0.102,1.0,13.87,,0.0,0
2026-10-02 02:16:12Z,CLE,in,0.572,Q3 10:41,11.0,4017,Deshaun Watson,QB,14.0,11.42,5.08,16.5,17.78,17.41,0.0,1.0,16.5,,0.0,0
2026-10-02 02:16:12Z,PIT,in,0.572,Q3 10:41,-11.0,13289,Drew Allar,QB,0.5,0.0,0.23,0.23,0.18,0.21,0.572,0.3,0.07,,0.0,0
2026-10-02 02:16:12Z,CLE,in,0.572,Q3 10:41,11.0,13298,KC Concepcion,WR,9.9,9.8,3.57,13.37,14.48,14.04,0.105,1.0,13.37,,0.0,0
2026-10-02 02:16:12Z,PIT,in,0.572,Q3 10:41,-11.0,6819,Michael Pittman,WR,9.7,3.5,4.66,8.16,7.43,7.65,0.184,1.0,8.16,,0.0,0
2026-10-02 02:16:12Z,PIT,in,0.572,Q3 10:41,-11.0,5846,DK Metcalf,WR,11.2,4.2,5.39,9.59,8.76,8.99,0.45,1.0,9.59,,0.0,0
2026-10-02 02:17:12Z,CLE,in,0.577,Q3 10:24,11.0,6783,Jerry Jeudy,WR,4.8,0.0,1.38,1.38,1.74,2.03,0.577,1.0,1.38,,0.0,0
2026-10-02 02:17:12Z,PIT,in,0.577,Q3 10:24,-11.0,PIT,Pittsburgh Steelers D/ST,DST,8.1,0.0,0.65,0.65,2.93,3.43,0.099,1.0,0.65,,0.0,0
2026-10-02 02:17:12Z,PIT,in,0.577,Q3 10:24,-11.0,96,Aaron Rodgers,QB,15.4,8.52,8.24,16.76,15.0,15.04,0.087,1.0,16.76,,0.0,0
2026-10-02 02:17:12Z,CLE,in,0.577,Q3 10:24,11.0,11261,Andre Szmyt,K,6.9,3.0,2.82,5.82,5.82,5.92,0.099,1.0,5.82,,0.0,0
2026-10-02 02:17:12Z,PIT,in,0.577,Q3 10:24,-11.0,7021,Rico Dowdle,RB,8.4,0.0,2.95,2.95,3.04,3.56,0.577,1.0,2.95,,0.0,0
2026-10-02 02:17:12Z,PIT,in,0.577,Q3 10:24,-11.0,11630,Roman Wilson,WR,5.7,14.1,3.55,17.65,17.66,16.51,0.087,1.0,17.65,,0.0,0
2026-10-02 02:17:12Z,CLE,in,0.577,Q3 10:24,11.0,12523,Jimmy Horn,WR,1.5,0.0,0.43,0.43,0.54,0.64,0.577,1.0,0.43,,0.0,0
2026-10-02 02:17:12Z,CLE,in,0.577,Q3 10:24,11.0,11617,Malachi Corley,WR,0.5,0.0,0.14,0.14,0.18,0.21,0.577,1.0,0.14,,0.0,0
2026-10-02 02:17:12Z,PIT,in,0.577,Q3 10:24,-11.0,9479,Darnell Washington,TE,4.9,2.6,2.39,4.99,4.65,4.67,0.269,1.0,4.99,,0.0,0
2026-10-02 02:17:12Z,CLE,in,0.577,Q3 10:24,11.0,CLE,Cleveland Browns D/ST,DST,7.0,8.0,0.33,8.33,11.38,10.96,0.166,1.0,8.33,,0.0,0
2026-10-02 02:17:12Z,PIT,in,0.577,Q3 10:24,-11.0,1945,Chris Boswell,K,8.1,3.0,3.25,6.25,6.25,6.43,0.079,1.0,6.25,,0.0,0
2026-10-02 02:17:12Z,CLE,in,0.577,Q3 10:24,11.0,12512,Quinshon Judkins,RB,11.8,14.7,5.64,20.34,20.53,19.7,0.042,1.0,20.34,,0.0,0
2026-10-02 02:17:12Z,PIT,in,0.577,Q3 10:24,-11.0,7600,Pat Freiermuth,TE,7.8,3.4,3.75,7.15,6.59,6.7,0.207,1.0,7.15,,0.0,0
2026-10-02 02:17:12Z,PIT,in,0.577,Q3 10:24,-11.0,8228,Jaylen Warren,RB,13.6,10.1,6.19,16.29,16.1,15.86,0.189,1.0,16.29,,0.0,0
2026-10-02 02:17:12Z,CLE,in,0.577,Q3 10:24,11.0,12503,Isaiah Bond,WR,1.6,1.2,0.54,1.74,1.91,1.88,0.556,1.0,1.74,,0.0,0
2026-10-02 02:17:12Z,PIT,in,0.577,Q3 10:24,-11.0,13274,Germie Bernard,WR,4.5,0.0,2.03,2.03,1.63,1.91,0.577,1.0,2.03,,0.0,0
2026-10-02 02:17:12Z,CLE,in,0.577,Q3 10:24,11.0,12506,Harold Fannin,TE,10.6,9.5,3.71,13.21,14.35,13.99,0.099,1.0,13.21,,0.0,0
2026-10-02 02:17:12Z,CLE,in,0.577,Q3 10:24,11.0,13346,Denzel Boston,WR,9.4,10.4,3.43,13.83,14.91,14.38,0.106,1.0,13.83,,0.0,0
2026-10-02 02:17:12Z,CLE,in,0.577,Q3 10:24,11.0,4017,Deshaun Watson,QB,14.0,11.42,5.02,16.44,17.7,17.35,0.005,1.0,16.44,,0.0,0
2026-10-02 02:17:12Z,PIT,in,0.577,Q3 10:24,-11.0,13289,Drew Allar,QB,0.5,0.0,0.23,0.23,0.18,0.21,0.577,0.3,0.07,,0.0,0
2026-10-02 02:17:12Z,CLE,in,0.577,Q3 10:24,11.0,13298,KC Concepcion,WR,9.9,9.8,3.53,13.33,14.42,13.99,0.11,1.0,13.33,,0.0,0
2026-10-02 02:17:12Z,PIT,in,0.577,Q3 10:24,-11.0,6819,Michael Pittman,WR,9.7,3.5,4.62,8.12,7.38,7.61,0.189,1.0,8.12,,0.0,0
2026-10-02 02:17:12Z,PIT,in,0.577,Q3 10:24,-11.0,5846,DK Metcalf,WR,11.2,4.2,5.34,9.54,8.7,8.94,0.455,1.0,9.54,,0.0,0
2026-10-02 02:18:12Z,CLE,in,0.581,Q3 10:10,11.0,6783,Jerry Jeudy,WR,4.8,0.0,1.37,1.37,1.72,2.01,0.581,1.0,1.37,,0.0,0
2026-10-02 02:18:12Z,PIT,in,0.581,Q3 10:10,-11.0,PIT,Pittsburgh Steelers D/ST,DST,8.1,0.0,0.64,0.64,2.9,3.4,0.103,1.0,0.64,,0.0,0
2026-10-02 02:18:12Z,PIT,in,0.581,Q3 10:10,-11.0,96,Aaron Rodgers,QB,15.4,8.52,8.18,16.7,14.94,14.98,0.091,1.0,16.7,,0.0,0
2026-10-02 02:18:12Z,CLE,in,0.581,Q3 10:10,11.0,11261,Andre Szmyt,K,6.9,3.0,2.79,5.79,5.79,5.89,0.103,1.0,5.79,,0.0,0
2026-10-02 02:18:12Z,PIT,in,0.581,Q3 10:10,-11.0,7021,Rico Dowdle,RB,8.4,0.0,2.92,2.92,3.01,3.52,0.581,1.0,2.92,,0.0,0
2026-10-02 02:18:12Z,PIT,in,0.581,Q3 10:10,-11.0,11630,Roman Wilson,WR,5.7,14.1,3.52,17.62,17.62,16.49,0.091,1.0,17.62,,0.0,0
2026-10-02 02:18:12Z,CLE,in,0.581,Q3 10:10,11.0,12523,Jimmy Horn,WR,1.5,0.0,0.43,0.43,0.54,0.63,0.581,1.0,0.43,,0.0,0
2026-10-02 02:18:12Z,CLE,in,0.581,Q3 10:10,11.0,11617,Malachi Corley,WR,0.5,0.0,0.14,0.14,0.18,0.21,0.581,1.0,0.14,,0.0,0
2026-10-02 02:18:12Z,PIT,in,0.581,Q3 10:10,-11.0,9479,Darnell Washington,TE,4.9,2.6,2.37,4.97,4.63,4.66,0.273,1.0,4.97,,0.0,0
2026-10-02 02:18:12Z,CLE,in,0.581,Q3 10:10,11.0,CLE,Cleveland Browns D/ST,DST,7.0,8.0,0.33,8.33,11.35,10.94,0.17,1.0,8.33,,0.0,0
2026-10-02 02:18:12Z,PIT,in,0.581,Q3 10:10,-11.0,1945,Chris Boswell,K,8.1,3.0,3.22,6.22,6.22,6.4,0.083,1.0,6.22,,0.0,0
2026-10-02 02:18:12Z,CLE,in,0.581,Q3 10:10,11.0,12512,Quinshon Judkins,RB,11.8,14.7,5.58,20.28,20.47,19.65,0.046,1.0,20.28,,0.0,0
2026-10-02 02:18:12Z,PIT,in,0.581,Q3 10:10,-11.0,7600,Pat Freiermuth,TE,7.8,3.4,3.72,7.12,6.55,6.67,0.211,1.0,7.12,,0.0,0
2026-10-02 02:18:12Z,PIT,in,0.581,Q3 10:10,-11.0,8228,Jaylen Warren,RB,13.6,10.1,6.12,16.22,16.04,15.8,0.193,1.0,16.22,,0.0,0
2026-10-02 02:18:12Z,CLE,in,0.581,Q3 10:10,11.0,12503,Isaiah Bond,WR,1.6,1.2,0.54,1.74,1.9,1.87,0.559,1.0,1.74,,0.0,0
2026-10-02 02:18:12Z,PIT,in,0.581,Q3 10:10,-11.0,13274,Germie Bernard,WR,4.5,0.0,2.01,2.01,1.61,1.89,0.581,1.0,2.01,,0.0,0
2026-10-02 02:18:12Z,CLE,in,0.581,Q3 10:10,11.0,12506,Harold Fannin,TE,10.6,9.5,3.68,13.18,14.3,13.95,0.103,1.0,13.18,,0.0,0
2026-10-02 02:18:12Z,CLE,in,0.581,Q3 10:10,11.0,13346,Denzel Boston,WR,9.4,10.4,3.4,13.8,14.86,14.34,0.11,1.0,13.8,,0.0,0
2026-10-02 02:18:12Z,CLE,in,0.581,Q3 10:10,11.0,4017,Deshaun Watson,QB,14.0,11.42,4.97,16.39,17.64,17.29,0.009,1.0,16.39,,0.0,0
2026-10-02 02:18:12Z,PIT,in,0.581,Q3 10:10,-11.0,13289,Drew Allar,QB,0.5,0.0,0.23,0.23,0.18,0.21,0.581,0.3,0.07,,0.0,0
2026-10-02 02:18:12Z,CLE,in,0.581,Q3 10:10,11.0,13298,KC Concepcion,WR,9.9,9.8,3.5,13.3,14.38,13.95,0.114,1.0,13.3,,0.0,0
2026-10-02 02:18:12Z,PIT,in,0.581,Q3 10:10,-11.0,6819,Michael Pittman,WR,9.7,3.5,4.58,8.08,7.35,7.57,0.193,1.0,8.08,,0.0,0
2026-10-02 02:18:12Z,PIT,in,0.581,Q3 10:10,-11.0,5846,DK Metcalf,WR,11.2,4.2,5.3,9.5,8.66,8.9,0.459,1.0,9.5,,0.0,0
2026-10-02 02:19:13Z,CLE,in,0.581,Q3 10:10,11.0,6783,Jerry Jeudy,WR,4.8,0.0,1.37,1.37,1.72,2.01,0.581,1.0,1.37,,0.0,0
2026-10-02 02:19:13Z,PIT,in,0.581,Q3 10:10,-11.0,PIT,Pittsburgh Steelers D/ST,DST,8.1,0.0,0.64,0.64,2.9,3.4,0.103,1.0,0.64,,0.0,0
2026-10-02 02:19:13Z,PIT,in,0.581,Q3 10:10,-11.0,96,Aaron Rodgers,QB,15.4,8.52,8.18,16.7,14.94,14.98,0.091,1.0,16.7,,0.0,0
2026-10-02 02:19:13Z,CLE,in,0.581,Q3 10:10,11.0,11261,Andre Szmyt,K,6.9,3.0,2.79,5.79,5.79,5.89,0.103,1.0,5.79,,0.0,0
2026-10-02 02:19:13Z,PIT,in,0.581,Q3 10:10,-11.0,7021,Rico Dowdle,RB,8.4,0.0,2.92,2.92,3.01,3.52,0.581,1.0,2.92,,0.0,0
2026-10-02 02:19:13Z,PIT,in,0.581,Q3 10:10,-11.0,11630,Roman Wilson,WR,5.7,14.1,3.52,17.62,17.62,16.49,0.091,1.0,17.62,,0.0,0
2026-10-02 02:19:13Z,CLE,in,0.581,Q3 10:10,11.0,12523,Jimmy Horn,WR,1.5,0.0,0.43,0.43,0.54,0.63,0.581,1.0,0.43,,0.0,0
2026-10-02 02:19:13Z,CLE,in,0.581,Q3 10:10,11.0,11617,Malachi Corley,WR,0.5,0.0,0.14,0.14,0.18,0.21,0.581,1.0,0.14,,0.0,0
2026-10-02 02:19:13Z,PIT,in,0.581,Q3 10:10,-11.0,9479,Darnell Washington,TE,4.9,2.6,2.37,4.97,4.63,4.66,0.273,1.0,4.97,,0.0,0
2026-10-02 02:19:13Z,CLE,in,0.581,Q3 10:10,11.0,CLE,Cleveland Browns D/ST,DST,7.0,8.0,0.33,8.33,11.35,10.94,0.17,1.0,8.33,,0.0,0
2026-10-02 02:19:13Z,PIT,in,0.581,Q3 10:10,-11.0,1945,Chris Boswell,K,8.1,3.0,3.22,6.22,6.22,6.4,0.083,1.0,6.22,,0.0,0
2026-10-02 02:19:13Z,CLE,in,0.581,Q3 10:10,11.0,12512,Quinshon Judkins,RB,11.8,14.7,5.58,20.28,20.47,19.65,0.046,1.0,20.28,,0.0,0
2026-10-02 02:19:13Z,PIT,in,0.581,Q3 10:10,-11.0,7600,Pat Freiermuth,TE,7.8,3.4,3.72,7.12,6.55,6.67,0.211,1.0,7.12,,0.0,0
2026-10-02 02:19:13Z,PIT,in,0.581,Q3 10:10,-11.0,8228,Jaylen Warren,RB,13.6,10.1,6.12,16.22,16.04,15.8,0.193,1.0,16.22,,0.0,0
2026-10-02 02:19:13Z,CLE,in,0.581,Q3 10:10,11.0,12503,Isaiah Bond,WR,1.6,1.2,0.54,1.74,1.9,1.87,0.559,1.0,1.74,,0.0,0
2026-10-02 02:19:13Z,PIT,in,0.581,Q3 10:10,-11.0,13274,Germie Bernard,WR,4.5,0.0,2.01,2.01,1.61,1.89,0.581,1.0,2.01,,0.0,0
2026-10-02 02:19:13Z,CLE,in,0.581,Q3 10:10,11.0,12506,Harold Fannin,TE,10.6,9.5,3.68,13.18,14.3,13.95,0.103,1.0,13.18,,0.0,0
2026-10-02 02:19:13Z,CLE,in,0.581,Q3 10:10,11.0,13346,Denzel Boston,WR,9.4,10.4,3.4,13.8,14.86,14.34,0.11,1.0,13.8,,0.0,0
2026-10-02 02:19:13Z,CLE,in,0.581,Q3 10:10,11.0,4017,Deshaun Watson,QB,14.0,11.42,4.97,16.39,17.64,17.29,0.009,1.0,16.39,,0.0,0
2026-10-02 02:19:13Z,PIT,in,0.581,Q3 10:10,-11.0,13289,Drew Allar,QB,0.5,0.0,0.23,0.23,0.18,0.21,0.581,0.3,0.07,,0.0,0
2026-10-02 02:19:13Z,CLE,in,0.581,Q3 10:10,11.0,13298,KC Concepcion,WR,9.9,9.8,3.5,13.3,14.38,13.95,0.114,1.0,13.3,,0.0,0
2026-10-02 02:19:13Z,PIT,in,0.581,Q3 10:10,-11.0,6819,Michael Pittman,WR,9.7,3.5,4.58,8.08,7.35,7.57,0.193,1.0,8.08,,0.0,0
2026-10-02 02:19:13Z,PIT,in,0.581,Q3 10:10,-11.0,5846,DK Metcalf,WR,11.2,4.2,5.3,9.5,8.66,8.9,0.459,1.0,9.5,,0.0,0
2026-10-02 02:20:13Z,CLE,in,0.581,Q3 10:10,11.0,6783,Jerry Jeudy,WR,4.8,0.0,1.37,1.37,1.72,2.01,0.581,1.0,1.37,,0.0,0
2026-10-02 02:20:13Z,PIT,in,0.581,Q3 10:10,-11.0,PIT,Pittsburgh Steelers D/ST,DST,8.1,0.0,0.64,0.64,2.9,3.4,0.103,1.0,0.64,,0.0,0
2026-10-02 02:20:13Z,PIT,in,0.581,Q3 10:10,-11.0,96,Aaron Rodgers,QB,15.4,8.52,8.18,16.7,14.94,14.98,0.091,1.0,16.7,,0.0,0
2026-10-02 02:20:13Z,CLE,in,0.581,Q3 10:10,11.0,11261,Andre Szmyt,K,6.9,3.0,2.79,5.79,5.79,5.89,0.103,1.0,5.79,,0.0,0
2026-10-02 02:20:13Z,PIT,in,0.581,Q3 10:10,-11.0,7021,Rico Dowdle,RB,8.4,0.0,2.92,2.92,3.01,3.52,0.581,1.0,2.92,,0.0,0
2026-10-02 02:20:13Z,PIT,in,0.581,Q3 10:10,-11.0,11630,Roman Wilson,WR,5.7,14.1,3.52,17.62,17.62,16.49,0.091,1.0,17.62,,0.0,0
2026-10-02 02:20:13Z,CLE,in,0.581,Q3 10:10,11.0,12523,Jimmy Horn,WR,1.5,0.0,0.43,0.43,0.54,0.63,0.581,1.0,0.43,,0.0,0
2026-10-02 02:20:13Z,CLE,in,0.581,Q3 10:10,11.0,11617,Malachi Corley,WR,0.5,0.0,0.14,0.14,0.18,0.21,0.581,1.0,0.14,,0.0,0
2026-10-02 02:20:13Z,PIT,in,0.581,Q3 10:10,-11.0,9479,Darnell Washington,TE,4.9,2.6,2.37,4.97,4.63,4.66,0.273,1.0,4.97,,0.0,0
2026-10-02 02:20:13Z,CLE,in,0.581,Q3 10:10,11.0,CLE,Cleveland Browns D/ST,DST,7.0,8.0,0.33,8.33,11.35,10.94,0.17,1.0,8.33,,0.0,0
2026-10-02 02:20:13Z,PIT,in,0.581,Q3 10:10,-11.0,1945,Chris Boswell,K,8.1,3.0,3.22,6.22,6.22,6.4,0.083,1.0,6.22,,0.0,0
2026-10-02 02:20:13Z,CLE,in,0.581,Q3 10:10,11.0,12512,Quinshon Judkins,RB,11.8,14.7,5.58,20.28,20.47,19.65,0.046,1.0,20.28,,0.0,0
2026-10-02 02:20:13Z,PIT,in,0.581,Q3 10:10,-11.0,7600,Pat Freiermuth,TE,7.8,3.4,3.72,7.12,6.55,6.67,0.211,1.0,7.12,,0.0,0
2026-10-02 02:20:13Z,PIT,in,0.581,Q3 10:10,-11.0,8228,Jaylen Warren,RB,13.6,10.1,6.12,16.22,16.04,15.8,0.193,1.0,16.22,,0.0,0
2026-10-02 02:20:13Z,CLE,in,0.581,Q3 10:10,11.0,12503,Isaiah Bond,WR,1.6,1.2,0.54,1.74,1.9,1.87,0.559,1.0,1.74,,0.0,0
2026-10-02 02:20:13Z,PIT,in,0.581,Q3 10:10,-11.0,13274,Germie Bernard,WR,4.5,0.0,2.01,2.01,1.61,1.89,0.581,1.0,2.01,,0.0,0
2026-10-02 02:20:13Z,CLE,in,0.581,Q3 10:10,11.0,12506,Harold Fannin,TE,10.6,9.5,3.68,13.18,14.3,13.95,0.103,1.0,13.18,,0.0,0
2026-10-02 02:20:13Z,CLE,in,0.581,Q3 10:10,11.0,13346,Denzel Boston,WR,9.4,10.4,3.4,13.8,14.86,14.34,0.11,1.0,13.8,,0.0,0
2026-10-02 02:20:13Z,CLE,in,0.581,Q3 10:10,11.0,4017,Deshaun Watson,QB,14.0,11.42,4.97,16.39,17.64,17.29,0.009,1.0,16.39,,0.0,0
2026-10-02 02:20:13Z,PIT,in,0.581,Q3 10:10,-11.0,13289,Drew Allar,QB,0.5,0.0,0.23,0.23,0.18,0.21,0.581,0.3,0.07,,0.0,0
2026-10-02 02:20:13Z,CLE,in,0.581,Q3 10:10,11.0,13298,KC Concepcion,WR,9.9,9.8,3.5,13.3,14.38,13.95,0.114,1.0,13.3,,0.0,0
2026-10-02 02:20:13Z,PIT,in,0.581,Q3 10:10,-11.0,6819,Michael Pittman,WR,9.7,3.5,4.58,8.08,7.35,7.57,0.193,1.0,8.08,,0.0,0
2026-10-02 02:20:13Z,PIT,in,0.581,Q3 10:10,-11.0,5846,DK Metcalf,WR,11.2,4.2,5.3,9.5,8.66,8.9,0.459,1.0,9.5,,0.0,0
2026-10-02 02:21:13Z,CLE,in,0.581,Q3 10:10,11.0,6783,Jerry Jeudy,WR,4.8,0.0,1.37,1.37,1.72,2.01,0.581,1.0,1.37,,0.0,0
2026-10-02 02:21:13Z,PIT,in,0.581,Q3 10:10,-11.0,PIT,Pittsburgh Steelers D/ST,DST,8.1,0.0,0.64,0.64,2.9,3.4,0.103,1.0,0.64,,0.0,0
2026-10-02 02:21:13Z,PIT,in,0.581,Q3 10:10,-11.0,96,Aaron Rodgers,QB,15.4,8.52,8.18,16.7,14.94,14.98,0.091,1.0,16.7,,0.0,0
2026-10-02 02:21:13Z,CLE,in,0.581,Q3 10:10,11.0,11261,Andre Szmyt,K,6.9,3.0,2.79,5.79,5.79,5.89,0.103,1.0,5.79,,0.0,0
2026-10-02 02:21:13Z,PIT,in,0.581,Q3 10:10,-11.0,7021,Rico Dowdle,RB,8.4,0.0,2.92,2.92,3.01,3.52,0.581,1.0,2.92,,0.0,0
2026-10-02 02:21:13Z,PIT,in,0.581,Q3 10:10,-11.0,11630,Roman Wilson,WR,5.7,14.1,3.52,17.62,17.62,16.49,0.091,1.0,17.62,,0.0,0
2026-10-02 02:21:13Z,CLE,in,0.581,Q3 10:10,11.0,12523,Jimmy Horn,WR,1.5,0.0,0.43,0.43,0.54,0.63,0.581,1.0,0.43,,0.0,0
2026-10-02 02:21:13Z,CLE,in,0.581,Q3 10:10,11.0,11617,Malachi Corley,WR,0.5,0.0,0.14,0.14,0.18,0.21,0.581,1.0,0.14,,0.0,0
2026-10-02 02:21:13Z,PIT,in,0.581,Q3 10:10,-11.0,9479,Darnell Washington,TE,4.9,2.6,2.37,4.97,4.63,4.66,0.273,1.0,4.97,,0.0,0
2026-10-02 02:21:13Z,CLE,in,0.581,Q3 10:10,11.0,CLE,Cleveland Browns D/ST,DST,7.0,8.0,0.33,8.33,11.35,10.94,0.17,1.0,8.33,,0.0,0
2026-10-02 02:21:13Z,PIT,in,0.581,Q3 10:10,-11.0,1945,Chris Boswell,K,8.1,3.0,3.22,6.22,6.22,6.4,0.083,1.0,6.22,,0.0,0
2026-10-02 02:21:13Z,CLE,in,0.581,Q3 10:10,11.0,12512,Quinshon Judkins,RB,11.8,14.7,5.58,20.28,20.47,19.65,0.046,1.0,20.28,,0.0,0
2026-10-02 02:21:13Z,PIT,in,0.581,Q3 10:10,-11.0,7600,Pat Freiermuth,TE,7.8,3.4,3.72,7.12,6.55,6.67,0.211,1.0,7.12,,0.0,0
2026-10-02 02:21:13Z,PIT,in,0.581,Q3 10:10,-11.0,8228,Jaylen Warren,RB,13.6,10.6,6.19,16.79,16.59,16.3,0.0,1.0,16.79,,0.0,0
2026-10-02 02:21:13Z,CLE,in,0.581,Q3 10:10,11.0,12503,Isaiah Bond,WR,1.6,1.2,0.54,1.74,1.9,1.87,0.559,1.0,1.74,,0.0,0
2026-10-02 02:21:13Z,PIT,in,0.581,Q3 10:10,-11.0,13274,Germie Bernard,WR,4.5,0.0,2.01,2.01,1.61,1.89,0.581,1.0,2.01,,0.0,0
2026-10-02 02:21:13Z,CLE,in,0.581,Q3 10:10,11.0,12506,Harold Fannin,TE,10.6,9.5,3.68,13.18,14.3,13.95,0.103,1.0,13.18,,0.0,0
2026-10-02 02:21:13Z,CLE,in,0.581,Q3 10:10,11.0,13346,Denzel Boston,WR,9.4,10.4,3.4,13.8,14.86,14.34,0.11,1.0,13.8,,0.0,0
2026-10-02 02:21:13Z,CLE,in,0.581,Q3 10:10,11.0,4017,Deshaun Watson,QB,14.0,11.42,4.97,16.39,17.64,17.29,0.009,1.0,16.39,,0.0,0
2026-10-02 02:21:13Z,PIT,in,0.581,Q3 10:10,-11.0,13289,Drew Allar,QB,0.5,0.0,0.23,0.23,0.18,0.21,0.581,0.3,0.07,,0.0,0
2026-10-02 02:21:13Z,CLE,in,0.581,Q3 10:10,11.0,13298,KC Concepcion,WR,9.9,9.8,3.5,13.3,14.38,13.95,0.114,1.0,13.3,,0.0,0
2026-10-02 02:21:13Z,PIT,in,0.581,Q3 10:10,-11.0,6819,Michael Pittman,WR,9.7,3.5,4.58,8.08,7.35,7.57,0.193,1.0,8.08,,0.0,0
2026-10-02 02:21:13Z,PIT,in,0.581,Q3 10:10,-11.0,5846,DK Metcalf,WR,11.2,4.2,5.3,9.5,8.66,8.9,0.459,1.0,9.5,,0.0,0
2026-10-02 02:22:14Z,CLE,in,0.591,Q3 9:33,11.0,6783,Jerry Jeudy,WR,4.8,0.0,1.33,1.33,1.67,1.96,0.591,1.0,1.33,,0.0,0
2026-10-02 02:22:14Z,PIT,in,0.591,Q3 9:33,-11.0,PIT,Pittsburgh Steelers D/ST,DST,8.1,0.0,0.61,0.61,2.82,3.31,0.114,1.0,0.61,,0.0,0
2026-10-02 02:22:14Z,PIT,in,0.591,Q3 9:33,-11.0,96,Aaron Rodgers,QB,15.4,8.52,8.02,16.54,14.76,14.82,0.101,1.0,16.54,,0.0,0
2026-10-02 02:22:14Z,CLE,in,0.591,Q3 9:33,11.0,11261,Andre Szmyt,K,6.9,3.0,2.71,5.71,5.71,5.82,0.114,1.0,5.71,,0.0,0
2026-10-02 02:22:14Z,PIT,in,0.591,Q3 9:33,-11.0,7021,Rico Dowdle,RB,8.4,0.0,2.84,2.84,2.93,3.44,0.591,1.0,2.84,,0.0,0
2026-10-02 02:22:14Z,PIT,in,0.591,Q3 9:33,-11.0,11630,Roman Wilson,WR,5.7,14.1,3.44,17.54,17.53,16.43,0.101,1.0,17.54,,0.0,0
2026-10-02 02:22:14Z,CLE,in,0.591,Q3 9:33,11.0,12523,Jimmy Horn,WR,1.5,0.0,0.42,0.42,0.52,0.61,0.591,1.0,0.42,,0.0,0
2026-10-02 02:22:14Z,CLE,in,0.591,Q3 9:33,11.0,11617,Malachi Corley,WR,0.5,0.0,0.14,0.14,0.17,0.2,0.591,1.0,0.14,,0.0,0
2026-10-02 02:22:14Z,PIT,in,0.591,Q3 9:33,-11.0,9479,Darnell Washington,TE,4.9,2.6,2.32,4.92,4.57,4.6,0.284,1.0,4.92,,0.0,0
2026-10-02 02:22:14Z,CLE,in,0.591,Q3 9:33,11.0,CLE,Cleveland Browns D/ST,DST,7.0,8.0,0.32,8.32,11.26,10.86,0.18,1.0,8.32,,0.0,0
2026-10-02 02:22:14Z,PIT,in,0.591,Q3 9:33,-11.0,1945,Chris Boswell,K,8.1,3.0,3.13,6.13,6.13,6.31,0.093,1.0,6.13,,0.0,0
2026-10-02 02:22:14Z,CLE,in,0.591,Q3 9:33,11.0,12512,Quinshon Judkins,RB,11.8,14.7,5.43,20.13,20.32,19.53,0.057,1.0,20.13,,0.0,0
2026-10-02 02:22:14Z,PIT,in,0.591,Q3 9:33,-11.0,7600,Pat Freiermuth,TE,7.8,3.4,3.65,7.05,6.47,6.59,0.221,1.0,7.05,,0.0,0
2026-10-02 02:22:14Z,PIT,in,0.591,Q3 9:33,-11.0,8228,Jaylen Warren,RB,13.6,10.6,6.02,16.62,16.43,16.16,0.01,1.0,16.62,,0.0,0
2026-10-02 02:22:14Z,CLE,in,0.591,Q3 9:33,11.0,12503,Isaiah Bond,WR,1.6,1.2,0.53,1.73,1.88,1.85,0.57,1.0,1.73,,0.0,0
2026-10-02 02:22:14Z,PIT,in,0.591,Q3 9:33,-11.0,13274,Germie Bernard,WR,4.5,0.0,1.97,1.97,1.57,1.84,0.591,1.0,1.97,,0.0,0
2026-10-02 02:22:14Z,CLE,in,0.591,Q3 9:33,11.0,12506,Harold Fannin,TE,10.6,9.5,3.58,13.08,14.17,13.84,0.114,1.0,13.08,,0.0,0
2026-10-02 02:22:14Z,CLE,in,0.591,Q3 9:33,11.0,13346,Denzel Boston,WR,9.4,10.4,3.31,13.71,14.74,14.25,0.121,1.0,13.71,,0.0,0
2026-10-02 02:22:14Z,CLE,in,0.591,Q3 9:33,11.0,4017,Deshaun Watson,QB,14.0,11.42,4.84,16.26,17.47,17.15,0.019,1.0,16.26,,0.0,0
2026-10-02 02:22:14Z,PIT,in,0.591,Q3 9:33,-11.0,13289,Drew Allar,QB,0.5,0.0,0.22,0.22,0.17,0.2,0.591,0.3,0.07,,0.0,0
2026-10-02 02:22:14Z,CLE,in,0.591,Q3 9:33,11.0,13298,KC Concepcion,WR,9.9,9.8,3.41,13.21,14.25,13.85,0.124,1.0,13.21,,0.0,0
2026-10-02 02:22:14Z,PIT,in,0.591,Q3 9:33,-11.0,6819,Michael Pittman,WR,9.7,3.5,4.48,7.98,7.24,7.47,0.203,1.0,7.98,,0.0,0
2026-10-02 02:22:14Z,PIT,in,0.591,Q3 9:33,-11.0,5846,DK Metcalf,WR,11.2,4.2,5.19,9.39,8.54,8.78,0.469,1.0,9.39,,0.0,0
2026-10-02 02:23:14Z,CLE,in,0.606,Q3 8:38,11.0,6783,Jerry Jeudy,WR,4.8,0.0,1.28,1.28,1.6,1.89,0.606,1.0,1.28,,0.0,0
2026-10-02 02:23:14Z,PIT,in,0.606,Q3 8:38,-11.0,PIT,Pittsburgh Steelers D/ST,DST,8.1,0.0,0.58,0.58,2.71,3.19,0.129,1.0,0.58,,0.0,0
2026-10-02 02:23:14Z,PIT,in,0.606,Q3 8:38,-11.0,96,Aaron Rodgers,QB,15.4,8.52,7.78,16.3,14.51,14.59,0.116,1.0,16.3,,0.0,0
2026-10-02 02:23:14Z,CLE,in,0.606,Q3 8:38,11.0,11261,Andre Szmyt,K,6.9,3.0,2.6,5.6,5.6,5.72,0.129,1.0,5.6,,0.0,0
2026-10-02 02:23:14Z,PIT,in,0.606,Q3 8:38,-11.0,7021,Rico Dowdle,RB,8.4,0.0,2.73,2.73,2.81,3.31,0.606,1.0,2.73,,0.0,0
2026-10-02 02:23:14Z,PIT,in,0.606,Q3 8:38,-11.0,11630,Roman Wilson,WR,5.7,14.1,3.34,17.44,17.39,16.35,0.116,1.0,17.44,,0.0,0
2026-10-02 02:23:14Z,CLE,in,0.606,Q3 8:38,11.0,12523,Jimmy Horn,WR,1.5,0.0,0.4,0.4,0.5,0.59,0.606,1.0,0.4,,0.0,0
2026-10-02 02:23:14Z,CLE,in,0.606,Q3 8:38,11.0,11617,Malachi Corley,WR,0.5,0.0,0.13,0.13,0.17,0.2,0.606,1.0,0.13,,0.0,0
2026-10-02 02:23:14Z,PIT,in,0.606,Q3 8:38,-11.0,9479,Darnell Washington,TE,4.9,2.6,2.25,4.85,4.49,4.53,0.299,1.0,4.85,,0.0,0
2026-10-02 02:23:14Z,CLE,in,0.606,Q3 8:38,11.0,CLE,Cleveland Browns D/ST,DST,7.0,9.0,0.18,9.18,12.23,11.76,0.0,1.0,9.18,,0.0,0
2026-10-02 02:23:14Z,PIT,in,0.606,Q3 8:38,-11.0,1945,Chris Boswell,K,8.1,3.0,3.0,6.0,6.0,6.19,0.108,1.0,6.0,,0.0,0
2026-10-02 02:23:14Z,CLE,in,0.606,Q3 8:38,11.0,12512,Quinshon Judkins,RB,11.8,14.7,5.2,19.9,20.09,19.35,0.072,1.0,19.9,,0.0,0
2026-10-02 02:23:14Z,PIT,in,0.606,Q3 8:38,-11.0,7600,Pat Freiermuth,TE,7.8,3.4,3.53,6.93,6.34,6.47,0.237,1.0,6.93,,0.0,0
2026-10-02 02:23:14Z,PIT,in,0.606,Q3 8:38,-11.0,8228,Jaylen Warren,RB,13.6,10.6,5.78,16.38,16.19,15.96,0.026,1.0,16.38,,0.0,0
2026-10-02 02:23:14Z,CLE,in,0.606,Q3 8:38,11.0,12503,Isaiah Bond,WR,1.6,1.2,0.5,1.7,1.85,1.83,0.585,1.0,1.7,,0.0,0
2026-10-02 02:23:14Z,PIT,in,0.606,Q3 8:38,-11.0,13274,Germie Bernard,WR,4.5,0.0,1.91,1.91,1.5,1.77,0.606,1.0,1.91,,0.0,0
2026-10-02 02:23:14Z,CLE,in,0.606,Q3 8:38,11.0,12506,Harold Fannin,TE,10.6,9.5,3.44,12.94,13.98,13.68,0.129,1.0,12.94,,0.0,0
2026-10-02 02:23:14Z,CLE,in,0.606,Q3 8:38,11.0,13346,Denzel Boston,WR,9.4,10.4,3.18,13.58,14.57,14.1,0.136,1.0,13.58,,0.0,0
2026-10-02 02:23:14Z,CLE,in,0.606,Q3 8:38,11.0,4017,Deshaun Watson,QB,14.0,11.42,4.65,16.07,17.22,16.93,0.034,1.0,16.07,,0.0,0
2026-10-02 02:23:14Z,PIT,in,0.606,Q3 8:38,-11.0,13289,Drew Allar,QB,0.5,0.0,0.22,0.22,0.17,0.2,0.606,0.3,0.07,,0.0,0
2026-10-02 02:23:14Z,CLE,in,0.606,Q3 8:38,11.0,13298,KC Concepcion,WR,9.9,9.8,3.28,13.08,14.07,13.7,0.139,1.0,13.08,,0.0,0
2026-10-02 02:23:14Z,PIT,in,0.606,Q3 8:38,-11.0,6819,Michael Pittman,WR,9.7,3.5,4.35,7.85,7.09,7.32,0.218,1.0,7.85,,0.0,0
2026-10-02 02:23:14Z,PIT,in,0.606,Q3 8:38,-11.0,5846,DK Metcalf,WR,11.2,4.2,5.03,9.23,8.36,8.61,0.484,1.0,9.23,,0.0,0
2026-10-02 02:24:14Z,CLE,in,0.606,Q3 8:38,11.0,6783,Jerry Jeudy,WR,4.8,0.0,1.28,1.28,1.6,1.89,0.606,1.0,1.28,,0.0,0
2026-10-02 02:24:14Z,PIT,in,0.606,Q3 8:38,-11.0,PIT,Pittsburgh Steelers D/ST,DST,8.1,0.0,0.58,0.58,2.71,3.19,0.129,1.0,0.58,,0.0,0
2026-10-02 02:24:14Z,PIT,in,0.606,Q3 8:38,-11.0,96,Aaron Rodgers,QB,15.4,8.52,7.78,16.3,14.51,14.59,0.116,1.0,16.3,,0.0,0
2026-10-02 02:24:14Z,CLE,in,0.606,Q3 8:38,11.0,11261,Andre Szmyt,K,6.9,3.0,2.6,5.6,5.6,5.72,0.129,1.0,5.6,,0.0,0
2026-10-02 02:24:14Z,PIT,in,0.606,Q3 8:38,-11.0,7021,Rico Dowdle,RB,8.4,0.0,2.73,2.73,2.81,3.31,0.606,1.0,2.73,,0.0,0
2026-10-02 02:24:14Z,PIT,in,0.606,Q3 8:38,-11.0,11630,Roman Wilson,WR,5.7,14.1,3.34,17.44,17.39,16.35,0.116,1.0,17.44,,0.0,0
2026-10-02 02:24:14Z,CLE,in,0.606,Q3 8:38,11.0,12523,Jimmy Horn,WR,1.5,0.0,0.4,0.4,0.5,0.59,0.606,1.0,0.4,,0.0,0
2026-10-02 02:24:14Z,CLE,in,0.606,Q3 8:38,11.0,11617,Malachi Corley,WR,0.5,0.0,0.13,0.13,0.17,0.2,0.606,1.0,0.13,,0.0,0
2026-10-02 02:24:14Z,PIT,in,0.606,Q3 8:38,-11.0,9479,Darnell Washington,TE,4.9,2.6,2.25,4.85,4.49,4.53,0.299,1.0,4.85,,0.0,0
2026-10-02 02:24:14Z,CLE,in,0.606,Q3 8:38,11.0,CLE,Cleveland Browns D/ST,DST,7.0,9.0,0.18,9.18,12.23,11.76,0.0,1.0,9.18,,0.0,0
2026-10-02 02:24:14Z,PIT,in,0.606,Q3 8:38,-11.0,1945,Chris Boswell,K,8.1,3.0,3.0,6.0,6.0,6.19,0.108,1.0,6.0,,0.0,0
2026-10-02 02:24:14Z,CLE,in,0.606,Q3 8:38,11.0,12512,Quinshon Judkins,RB,11.8,14.7,5.2,19.9,20.09,19.35,0.072,1.0,19.9,,0.0,0
2026-10-02 02:24:14Z,PIT,in,0.606,Q3 8:38,-11.0,7600,Pat Freiermuth,TE,7.8,3.4,3.53,6.93,6.34,6.47,0.237,1.0,6.93,,0.0,0
2026-10-02 02:24:14Z,PIT,in,0.606,Q3 8:38,-11.0,8228,Jaylen Warren,RB,13.6,10.6,5.78,16.38,16.19,15.96,0.026,1.0,16.38,,0.0,0
2026-10-02 02:24:14Z,CLE,in,0.606,Q3 8:38,11.0,12503,Isaiah Bond,WR,1.6,1.2,0.5,1.7,1.85,1.83,0.585,1.0,1.7,,0.0,0
2026-10-02 02:24:14Z,PIT,in,0.606,Q3 8:38,-11.0,13274,Germie Bernard,WR,4.5,0.0,1.91,1.91,1.5,1.77,0.606,1.0,1.91,,0.0,0
2026-10-02 02:24:14Z,CLE,in,0.606,Q3 8:38,11.0,12506,Harold Fannin,TE,10.6,9.5,3.44,12.94,13.98,13.68,0.129,1.0,12.94,,0.0,0
2026-10-02 02:24:14Z,CLE,in,0.606,Q3 8:38,11.0,13346,Denzel Boston,WR,9.4,10.4,3.18,13.58,14.57,14.1,0.136,1.0,13.58,,0.0,0
2026-10-02 02:24:14Z,CLE,in,0.606,Q3 8:38,11.0,4017,Deshaun Watson,QB,14.0,11.42,4.65,16.07,17.22,16.93,0.034,1.0,16.07,,0.0,0
2026-10-02 02:24:14Z,PIT,in,0.606,Q3 8:38,-11.0,13289,Drew Allar,QB,0.5,0.0,0.22,0.22,0.17,0.2,0.606,0.3,0.07,,0.0,0
2026-10-02 02:24:14Z,CLE,in,0.606,Q3 8:38,11.0,13298,KC Concepcion,WR,9.9,9.8,3.28,13.08,14.07,13.7,0.139,1.0,13.08,,0.0,0
2026-10-02 02:24:14Z,PIT,in,0.606,Q3 8:38,-11.0,6819,Michael Pittman,WR,9.7,3.5,4.35,7.85,7.09,7.32,0.218,1.0,7.85,,0.0,0
2026-10-02 02:24:14Z,PIT,in,0.606,Q3 8:38,-11.0,5846,DK Metcalf,WR,11.2,4.2,5.03,9.23,8.36,8.61,0.484,1.0,9.23,,0.0,0
2026-10-02 02:25:15Z,CLE,in,0.606,Q3 8:38,11.0,6783,Jerry Jeudy,WR,4.8,0.0,1.28,1.28,1.6,1.89,0.606,1.0,1.28,,0.0,0
2026-10-02 02:25:15Z,PIT,in,0.606,Q3 8:38,-11.0,PIT,Pittsburgh Steelers D/ST,DST,8.1,0.0,0.58,0.58,2.71,3.19,0.129,1.0,0.58,,0.0,0
2026-10-02 02:25:15Z,PIT,in,0.606,Q3 8:38,-11.0,96,Aaron Rodgers,QB,15.4,8.52,7.78,16.3,14.51,14.59,0.116,1.0,16.3,,0.0,0
2026-10-02 02:25:15Z,CLE,in,0.606,Q3 8:38,11.0,11261,Andre Szmyt,K,6.9,3.0,2.6,5.6,5.6,5.72,0.129,1.0,5.6,,0.0,0
2026-10-02 02:25:15Z,PIT,in,0.606,Q3 8:38,-11.0,7021,Rico Dowdle,RB,8.4,0.0,2.73,2.73,2.81,3.31,0.606,1.0,2.73,,0.0,0
2026-10-02 02:25:15Z,PIT,in,0.606,Q3 8:38,-11.0,11630,Roman Wilson,WR,5.7,14.1,3.34,17.44,17.39,16.35,0.116,1.0,17.44,,0.0,0
2026-10-02 02:25:15Z,CLE,in,0.606,Q3 8:38,11.0,12523,Jimmy Horn,WR,1.5,0.0,0.4,0.4,0.5,0.59,0.606,1.0,0.4,,0.0,0
2026-10-02 02:25:15Z,CLE,in,0.606,Q3 8:38,11.0,11617,Malachi Corley,WR,0.5,0.0,0.13,0.13,0.17,0.2,0.606,1.0,0.13,,0.0,0
2026-10-02 02:25:15Z,PIT,in,0.606,Q3 8:38,-11.0,9479,Darnell Washington,TE,4.9,2.6,2.25,4.85,4.49,4.53,0.299,1.0,4.85,,0.0,0
2026-10-02 02:25:15Z,CLE,in,0.606,Q3 8:38,11.0,CLE,Cleveland Browns D/ST,DST,7.0,9.0,0.18,9.18,12.23,11.76,0.0,1.0,9.18,,0.0,0
2026-10-02 02:25:15Z,PIT,in,0.606,Q3 8:38,-11.0,1945,Chris Boswell,K,8.1,3.0,3.0,6.0,6.0,6.19,0.108,1.0,6.0,,0.0,0
2026-10-02 02:25:15Z,CLE,in,0.606,Q3 8:38,11.0,12512,Quinshon Judkins,RB,11.8,14.7,5.2,19.9,20.09,19.35,0.072,1.0,19.9,,0.0,0
2026-10-02 02:25:15Z,PIT,in,0.606,Q3 8:38,-11.0,7600,Pat Freiermuth,TE,7.8,3.4,3.53,6.93,6.34,6.47,0.237,1.0,6.93,,0.0,0
2026-10-02 02:25:15Z,PIT,in,0.606,Q3 8:38,-11.0,8228,Jaylen Warren,RB,13.6,10.6,5.78,16.38,16.19,15.96,0.026,1.0,16.38,,0.0,0
2026-10-02 02:25:15Z,CLE,in,0.606,Q3 8:38,11.0,12503,Isaiah Bond,WR,1.6,1.2,0.5,1.7,1.85,1.83,0.585,1.0,1.7,,0.0,0
2026-10-02 02:25:15Z,PIT,in,0.606,Q3 8:38,-11.0,13274,Germie Bernard,WR,4.5,0.0,1.91,1.91,1.5,1.77,0.606,1.0,1.91,,0.0,0
2026-10-02 02:25:15Z,CLE,in,0.606,Q3 8:38,11.0,12506,Harold Fannin,TE,10.6,9.5,3.44,12.94,13.98,13.68,0.129,1.0,12.94,,0.0,0
2026-10-02 02:25:15Z,CLE,in,0.606,Q3 8:38,11.0,13346,Denzel Boston,WR,9.4,10.4,3.18,13.58,14.57,14.1,0.136,1.0,13.58,,0.0,0
2026-10-02 02:25:15Z,CLE,in,0.606,Q3 8:38,11.0,4017,Deshaun Watson,QB,14.0,11.42,4.65,16.07,17.22,16.93,0.034,1.0,16.07,,0.0,0
2026-10-02 02:25:15Z,PIT,in,0.606,Q3 8:38,-11.0,13289,Drew Allar,QB,0.5,0.0,0.22,0.22,0.17,0.2,0.606,0.3,0.07,,0.0,0
2026-10-02 02:25:15Z,CLE,in,0.606,Q3 8:38,11.0,13298,KC Concepcion,WR,9.9,9.8,3.28,13.08,14.07,13.7,0.139,1.0,13.08,,0.0,0
2026-10-02 02:25:15Z,PIT,in,0.606,Q3 8:38,-11.0,6819,Michael Pittman,WR,9.7,3.5,4.35,7.85,7.09,7.32,0.218,1.0,7.85,,0.0,0
2026-10-02 02:25:15Z,PIT,in,0.606,Q3 8:38,-11.0,5846,DK Metcalf,WR,11.2,4.2,5.03,9.23,8.36,8.61,0.484,1.0,9.23,,0.0,0
2026-10-02 02:26:15Z,CLE,in,0.606,Q3 8:38,11.0,6783,Jerry Jeudy,WR,4.8,0.0,1.28,1.28,1.6,1.89,0.606,1.0,1.28,,0.0,0
2026-10-02 02:26:15Z,PIT,in,0.606,Q3 8:38,-11.0,PIT,Pittsburgh Steelers D/ST,DST,8.1,0.0,0.58,0.58,2.71,3.19,0.129,1.0,0.58,,0.0,0
2026-10-02 02:26:15Z,PIT,in,0.606,Q3 8:38,-11.0,96,Aaron Rodgers,QB,15.4,8.52,7.78,16.3,14.51,14.59,0.116,1.0,16.3,,0.0,0
2026-10-02 02:26:15Z,CLE,in,0.606,Q3 8:38,11.0,11261,Andre Szmyt,K,6.9,3.0,2.6,5.6,5.6,5.72,0.129,1.0,5.6,,0.0,0
2026-10-02 02:26:15Z,PIT,in,0.606,Q3 8:38,-11.0,7021,Rico Dowdle,RB,8.4,0.0,2.73,2.73,2.81,3.31,0.606,1.0,2.73,,0.0,0
2026-10-02 02:26:15Z,PIT,in,0.606,Q3 8:38,-11.0,11630,Roman Wilson,WR,5.7,14.1,3.34,17.44,17.39,16.35,0.116,1.0,17.44,,0.0,0
2026-10-02 02:26:15Z,CLE,in,0.606,Q3 8:38,11.0,12523,Jimmy Horn,WR,1.5,0.0,0.4,0.4,0.5,0.59,0.606,1.0,0.4,,0.0,0
2026-10-02 02:26:15Z,CLE,in,0.606,Q3 8:38,11.0,11617,Malachi Corley,WR,0.5,0.0,0.13,0.13,0.17,0.2,0.606,1.0,0.13,,0.0,0
2026-10-02 02:26:15Z,PIT,in,0.606,Q3 8:38,-11.0,9479,Darnell Washington,TE,4.9,2.6,2.25,4.85,4.49,4.53,0.299,1.0,4.85,,0.0,0
2026-10-02 02:26:15Z,CLE,in,0.606,Q3 8:38,11.0,CLE,Cleveland Browns D/ST,DST,7.0,9.0,0.18,9.18,12.23,11.76,0.0,1.0,9.18,,0.0,0
2026-10-02 02:26:15Z,PIT,in,0.606,Q3 8:38,-11.0,1945,Chris Boswell,K,8.1,3.0,3.0,6.0,6.0,6.19,0.108,1.0,6.0,,0.0,0
2026-10-02 02:26:15Z,CLE,in,0.606,Q3 8:38,11.0,12512,Quinshon Judkins,RB,11.8,14.7,5.2,19.9,20.09,19.35,0.072,1.0,19.9,,0.0,0
2026-10-02 02:26:15Z,PIT,in,0.606,Q3 8:38,-11.0,7600,Pat Freiermuth,TE,7.8,3.4,3.53,6.93,6.34,6.47,0.237,1.0,6.93,,0.0,0
2026-10-02 02:26:15Z,PIT,in,0.606,Q3 8:38,-11.0,8228,Jaylen Warren,RB,13.6,10.6,5.78,16.38,16.19,15.96,0.026,1.0,16.38,,0.0,0
2026-10-02 02:26:15Z,CLE,in,0.606,Q3 8:38,11.0,12503,Isaiah Bond,WR,1.6,1.2,0.5,1.7,1.85,1.83,0.585,1.0,1.7,,0.0,0
2026-10-02 02:26:15Z,PIT,in,0.606,Q3 8:38,-11.0,13274,Germie Bernard,WR,4.5,0.0,1.91,1.91,1.5,1.77,0.606,1.0,1.91,,0.0,0
2026-10-02 02:26:15Z,CLE,in,0.606,Q3 8:38,11.0,12506,Harold Fannin,TE,10.6,9.5,3.44,12.94,13.98,13.68,0.129,1.0,12.94,,0.0,0
2026-10-02 02:26:15Z,CLE,in,0.606,Q3 8:38,11.0,13346,Denzel Boston,WR,9.4,10.4,3.18,13.58,14.57,14.1,0.136,1.0,13.58,,0.0,0
2026-10-02 02:26:15Z,CLE,in,0.606,Q3 8:38,11.0,4017,Deshaun Watson,QB,14.0,12.22,4.75,16.97,18.1,17.73,0.0,1.0,16.97,,0.0,0
2026-10-02 02:26:15Z,PIT,in,0.606,Q3 8:38,-11.0,13289,Drew Allar,QB,0.5,0.0,0.22,0.22,0.17,0.2,0.606,0.3,0.07,,0.0,0
2026-10-02 02:26:15Z,CLE,in,0.606,Q3 8:38,11.0,13298,KC Concepcion,WR,9.9,9.8,3.28,13.08,14.07,13.7,0.139,1.0,13.08,,0.0,0
2026-10-02 02:26:15Z,PIT,in,0.606,Q3 8:38,-11.0,6819,Michael Pittman,WR,9.7,3.5,4.35,7.85,7.09,7.32,0.218,1.0,7.85,,0.0,0
2026-10-02 02:26:15Z,PIT,in,0.606,Q3 8:38,-11.0,5846,DK Metcalf,WR,11.2,4.2,5.03,9.23,8.36,8.61,0.484,1.0,9.23,,0.0,0
2026-10-02 02:27:15Z,CLE,in,0.616,Q3 8:03,11.0,6783,Jerry Jeudy,WR,4.8,0.0,1.24,1.24,1.56,1.84,0.616,1.0,1.24,,0.0,0
2026-10-02 02:27:15Z,PIT,in,0.616,Q3 8:03,-11.0,PIT,Pittsburgh Steelers D/ST,DST,8.1,0.0,0.57,0.57,2.63,3.11,0.139,1.0,0.57,,0.0,0
2026-10-02 02:27:15Z,PIT,in,0.616,Q3 8:03,-11.0,96,Aaron Rodgers,QB,15.4,8.52,7.62,16.14,14.34,14.44,0.126,1.0,16.14,,0.0,0
2026-10-02 02:27:15Z,CLE,in,0.616,Q3 8:03,11.0,11261,Andre Szmyt,K,6.9,3.0,2.53,5.53,5.53,5.65,0.139,1.0,5.53,,0.0,0
2026-10-02 02:27:15Z,PIT,in,0.616,Q3 8:03,-11.0,7021,Rico Dowdle,RB,8.4,0.0,2.66,2.66,2.73,3.23,0.616,1.0,2.66,,0.0,0
2026-10-02 02:27:15Z,PIT,in,0.616,Q3 8:03,-11.0,11630,Roman Wilson,WR,5.7,14.1,3.29,17.39,17.31,16.29,0.126,1.0,17.39,,0.0,0
2026-10-02 02:27:15Z,CLE,in,0.616,Q3 8:03,11.0,12523,Jimmy Horn,WR,1.5,0.0,0.39,0.39,0.49,0.58,0.616,1.0,0.39,,0.0,0
2026-10-02 02:27:15Z,CLE,in,0.616,Q3 8:03,11.0,11617,Malachi Corley,WR,0.5,0.0,0.13,0.13,0.16,0.19,0.616,1.0,0.13,,0.0,0
2026-10-02 02:27:15Z,PIT,in,0.616,Q3 8:03,-11.0,9479,Darnell Washington,TE,4.9,2.6,2.21,4.81,4.44,4.48,0.309,1.0,4.81,,0.0,0
2026-10-02 02:27:15Z,CLE,in,0.616,Q3 8:03,11.0,CLE,Cleveland Browns D/ST,DST,7.0,9.0,0.2,9.2,12.14,11.69,0.01,1.0,9.2,,0.0,0
2026-10-02 02:27:15Z,PIT,in,0.616,Q3 8:03,-11.0,1945,Chris Boswell,K,8.1,3.0,2.92,5.92,5.92,6.11,0.118,1.0,5.92,,0.0,0
2026-10-02 02:27:15Z,CLE,in,0.616,Q3 8:03,11.0,12512,Quinshon Judkins,RB,11.8,15.6,5.17,20.77,20.93,20.13,0.0,1.0,20.77,,0.0,0
2026-10-02 02:27:15Z,PIT,in,0.616,Q3 8:03,-11.0,7600,Pat Freiermuth,TE,7.8,3.4,3.47,6.87,6.26,6.4,0.246,1.0,6.87,,0.0,0
2026-10-02 02:27:15Z,PIT,in,0.616,Q3 8:03,-11.0,8228,Jaylen Warren,RB,13.6,10.6,5.64,16.24,16.04,15.82,0.035,1.0,16.24,,0.0,0
2026-10-02 02:27:15Z,CLE,in,0.616,Q3 8:03,11.0,12503,Isaiah Bond,WR,1.6,1.2,0.49,1.69,1.84,1.81,0.595,1.0,1.69,,0.0,0
2026-10-02 02:27:15Z,PIT,in,0.616,Q3 8:03,-11.0,13274,Germie Bernard,WR,4.5,0.0,1.87,1.87,1.46,1.73,0.616,1.0,1.87,,0.0,0
2026-10-02 02:27:15Z,CLE,in,0.616,Q3 8:03,11.0,12506,Harold Fannin,TE,10.6,9.5,3.35,12.85,13.86,13.57,0.139,1.0,12.85,,0.0,0
2026-10-02 02:27:15Z,CLE,in,0.616,Q3 8:03,11.0,13346,Denzel Boston,WR,9.4,10.4,3.1,13.5,14.45,14.01,0.146,1.0,13.5,,0.0,0
2026-10-02 02:27:15Z,CLE,in,0.616,Q3 8:03,11.0,4017,Deshaun Watson,QB,14.0,12.12,4.6,16.72,17.83,17.5,0.0,1.0,16.72,,0.0,0
2026-10-02 02:27:15Z,PIT,in,0.616,Q3 8:03,-11.0,13289,Drew Allar,QB,0.5,0.0,0.21,0.21,0.16,0.19,0.616,0.3,0.06,,0.0,0
2026-10-02 02:27:15Z,CLE,in,0.616,Q3 8:03,11.0,13298,KC Concepcion,WR,9.9,9.8,3.19,12.99,13.96,13.6,0.149,1.0,12.99,,0.0,0
2026-10-02 02:27:15Z,PIT,in,0.616,Q3 8:03,-11.0,6819,Michael Pittman,WR,9.7,3.5,4.27,7.77,6.99,7.23,0.228,1.0,7.77,,0.0,0
2026-10-02 02:27:15Z,PIT,in,0.616,Q3 8:03,-11.0,5846,DK Metcalf,WR,11.2,4.2,4.94,9.14,8.24,8.5,0.494,1.0,9.14,,0.0,0
2026-10-02 02:28:16Z,CLE,in,0.637,Q3 6:46,11.0,6783,Jerry Jeudy,WR,4.8,0.0,1.16,1.16,1.46,1.74,0.637,1.0,1.16,,0.0,0
2026-10-02 02:28:16Z,PIT,in,0.637,Q3 6:46,-11.0,PIT,Pittsburgh Steelers D/ST,DST,8.1,0.0,0.55,0.55,2.47,2.94,0.16,1.0,0.55,,0.0,0
2026-10-02 02:28:16Z,PIT,in,0.637,Q3 6:46,-11.0,96,Aaron Rodgers,QB,15.4,8.52,7.27,15.79,13.99,14.11,0.148,1.0,15.79,,0.0,0
2026-10-02 02:28:16Z,CLE,in,0.637,Q3 6:46,11.0,11261,Andre Szmyt,K,6.9,3.0,2.38,5.38,5.38,5.5,0.16,1.0,5.38,,0.0,0
2026-10-02 02:28:16Z,PIT,in,0.637,Q3 6:46,-11.0,7021,Rico Dowdle,RB,8.4,0.0,2.52,2.52,2.56,3.05,0.637,1.0,2.52,,0.0,0
2026-10-02 02:28:16Z,PIT,in,0.637,Q3 6:46,-11.0,11630,Roman Wilson,WR,5.7,14.1,3.16,17.26,17.12,16.17,0.148,1.0,17.26,,0.0,0
2026-10-02 02:28:16Z,CLE,in,0.637,Q3 6:46,11.0,12523,Jimmy Horn,WR,1.5,0.0,0.36,0.36,0.46,0.54,0.637,1.0,0.36,,0.0,0
2026-10-02 02:28:16Z,CLE,in,0.637,Q3 6:46,11.0,11617,Malachi Corley,WR,0.5,0.0,0.12,0.12,0.15,0.18,0.637,1.0,0.12,,0.0,0
2026-10-02 02:28:16Z,PIT,in,0.637,Q3 6:46,-11.0,9479,Darnell Washington,TE,4.9,2.6,2.11,4.71,4.33,4.38,0.33,1.0,4.71,,0.0,0
2026-10-02 02:28:16Z,CLE,in,0.637,Q3 6:46,11.0,CLE,Cleveland Browns D/ST,DST,7.0,9.0,0.23,9.23,11.95,11.54,0.031,1.0,9.23,,0.0,0
2026-10-02 02:28:16Z,PIT,in,0.637,Q3 6:46,-11.0,1945,Chris Boswell,K,8.1,3.0,2.74,5.74,5.74,5.94,0.139,1.0,5.74,,0.0,0
2026-10-02 02:28:16Z,CLE,in,0.637,Q3 6:46,11.0,12512,Quinshon Judkins,RB,11.8,16.5,4.96,21.46,21.6,20.78,0.0,1.0,21.46,,0.0,0
2026-10-02 02:28:16Z,PIT,in,0.637,Q3 6:46,-11.0,7600,Pat Freiermuth,TE,7.8,3.4,3.32,6.72,6.09,6.23,0.268,1.0,6.72,,0.0,0
2026-10-02 02:28:16Z,PIT,in,0.637,Q3 6:46,-11.0,8228,Jaylen Warren,RB,13.6,10.6,5.33,15.93,15.71,15.53,0.057,1.0,15.93,,0.0,0
2026-10-02 02:28:16Z,CLE,in,0.637,Q3 6:46,11.0,12503,Isaiah Bond,WR,1.6,1.2,0.46,1.66,1.8,1.78,0.616,1.0,1.66,,0.0,0
2026-10-02 02:28:16Z,PIT,in,0.637,Q3 6:46,-11.0,13274,Germie Bernard,WR,4.5,0.0,1.79,1.79,1.37,1.63,0.637,1.0,1.79,,0.0,0
2026-10-02 02:28:16Z,CLE,in,0.637,Q3 6:46,11.0,12506,Harold Fannin,TE,10.6,9.5,3.15,12.65,13.59,13.35,0.16,1.0,12.65,,0.0,0
2026-10-02 02:28:16Z,CLE,in,0.637,Q3 6:46,11.0,13346,Denzel Boston,WR,9.4,10.4,2.92,13.32,14.21,13.81,0.167,1.0,13.32,,0.0,0
2026-10-02 02:28:16Z,CLE,in,0.637,Q3 6:46,11.0,4017,Deshaun Watson,QB,14.0,12.12,4.32,16.44,17.49,17.2,0.021,1.0,16.44,,0.0,0
2026-10-02 02:28:16Z,PIT,in,0.637,Q3 6:46,-11.0,13289,Drew Allar,QB,0.5,0.0,0.2,0.2,0.15,0.18,0.637,0.3,0.06,,0.0,0
2026-10-02 02:28:16Z,CLE,in,0.637,Q3 6:46,11.0,13298,KC Concepcion,WR,9.9,9.8,3.0,12.8,13.71,13.39,0.171,1.0,12.8,,0.0,0
2026-10-02 02:28:16Z,PIT,in,0.637,Q3 6:46,-11.0,6819,Michael Pittman,WR,9.7,3.5,4.08,7.58,6.78,7.02,0.249,1.0,7.58,,0.0,0
2026-10-02 02:28:16Z,PIT,in,0.637,Q3 6:46,-11.0,5846,DK Metcalf,WR,11.2,4.2,4.72,8.92,8.0,8.26,0.515,1.0,8.92,,0.0,0
2026-10-02 02:29:16Z,CLE,in,0.658,Q3 5:30,11.0,6783,Jerry Jeudy,WR,4.8,1.9,1.19,3.09,3.43,3.54,0.0,1.0,3.09,,0.0,0
2026-10-02 02:29:16Z,PIT,in,0.658,Q3 5:30,-11.0,PIT,Pittsburgh Steelers D/ST,DST,8.1,0.0,0.53,0.53,2.31,2.77,0.181,1.0,0.53,,0.0,0
2026-10-02 02:29:16Z,PIT,in,0.658,Q3 5:30,-11.0,96,Aaron Rodgers,QB,15.4,8.52,6.91,15.43,13.64,13.78,0.169,0.944,15.05,,0.0,0
2026-10-02 02:29:16Z,CLE,in,0.658,Q3 5:30,11.0,11261,Andre Szmyt,K,6.9,3.0,2.23,5.23,5.23,5.36,0.181,1.0,5.23,,0.0,0
2026-10-02 02:29:16Z,PIT,in,0.658,Q3 5:30,-11.0,7021,Rico Dowdle,RB,8.4,0.0,2.38,2.38,2.4,2.87,0.658,1.0,2.38,,0.0,0
2026-10-02 02:29:16Z,PIT,in,0.658,Q3 5:30,-11.0,11630,Roman Wilson,WR,5.7,14.1,3.02,17.12,16.93,16.05,0.169,1.0,17.12,,0.0,0
2026-10-02 02:29:16Z,CLE,in,0.658,Q3 5:30,11.0,12523,Jimmy Horn,WR,1.5,0.0,0.34,0.34,0.43,0.51,0.658,1.0,0.34,,0.0,0
2026-10-02 02:29:16Z,CLE,in,0.658,Q3 5:30,11.0,11617,Malachi Corley,WR,0.5,0.0,0.11,0.11,0.14,0.17,0.658,1.0,0.11,,0.0,0
2026-10-02 02:29:16Z,PIT,in,0.658,Q3 5:30,-11.0,9479,Darnell Washington,TE,4.9,2.6,2.02,4.62,4.22,4.27,0.351,1.0,4.62,,0.0,0
2026-10-02 02:29:16Z,CLE,in,0.658,Q3 5:30,11.0,CLE,Cleveland Browns D/ST,DST,7.0,9.0,0.25,9.25,11.77,11.39,0.052,1.0,9.25,,0.0,0
2026-10-02 02:29:16Z,PIT,in,0.658,Q3 5:30,-11.0,1945,Chris Boswell,K,8.1,3.0,2.57,5.57,5.57,5.77,0.161,1.0,5.57,,0.0,0
2026-10-02 02:29:16Z,CLE,in,0.658,Q3 5:30,11.0,12512,Quinshon Judkins,RB,11.8,16.8,4.68,21.48,21.6,20.83,0.0,1.0,21.48,,0.0,0
2026-10-02 02:29:16Z,PIT,in,0.658,Q3 5:30,-11.0,7600,Pat Freiermuth,TE,7.8,3.4,3.17,6.57,5.92,6.06,0.289,1.0,6.57,,0.0,0
2026-10-02 02:29:16Z,PIT,in,0.658,Q3 5:30,-11.0,8228,Jaylen Warren,RB,13.6,10.6,5.02,15.62,15.39,15.25,0.078,1.0,15.62,,0.0,0
2026-10-02 02:29:16Z,CLE,in,0.658,Q3 5:30,11.0,12503,Isaiah Bond,WR,1.6,1.2,0.43,1.63,1.76,1.75,0.637,1.0,1.63,,0.0,0
2026-10-02 02:29:16Z,PIT,in,0.658,Q3 5:30,-11.0,13274,Germie Bernard,WR,4.5,0.0,1.71,1.71,1.28,1.54,0.658,1.0,1.71,,0.0,0
2026-10-02 02:29:16Z,CLE,in,0.658,Q3 5:30,11.0,12506,Harold Fannin,TE,10.6,9.5,2.96,12.46,13.34,13.12,0.181,1.0,12.46,,0.0,0
2026-10-02 02:29:16Z,CLE,in,0.658,Q3 5:30,11.0,13346,Denzel Boston,WR,9.4,10.4,2.74,13.14,13.97,13.61,0.188,1.0,13.14,,0.0,0
2026-10-02 02:29:16Z,CLE,in,0.658,Q3 5:30,11.0,4017,Deshaun Watson,QB,14.0,12.48,4.08,16.56,17.54,17.26,0.0,1.0,16.56,,0.0,0
2026-10-02 02:29:16Z,PIT,in,0.658,Q3 5:30,-11.0,13289,Drew Allar,QB,0.5,0.0,0.19,0.19,0.14,0.17,0.658,0.3,0.06,,0.0,0
2026-10-02 02:29:16Z,CLE,in,0.658,Q3 5:30,11.0,13298,KC Concepcion,WR,9.9,9.8,2.82,12.62,13.46,13.18,0.192,1.0,12.62,,0.0,0
2026-10-02 02:29:16Z,PIT,in,0.658,Q3 5:30,-11.0,6819,Michael Pittman,WR,9.7,3.5,3.89,7.39,6.57,6.81,0.27,1.0,7.39,,0.0,0
2026-10-02 02:29:16Z,PIT,in,0.658,Q3 5:30,-11.0,5846,DK Metcalf,WR,11.2,4.2,4.5,8.7,7.76,8.03,0.536,1.0,8.7,,0.0,0
2026-10-02 02:30:16Z,CLE,in,0.678,Q3 4:19,11.0,6783,Jerry Jeudy,WR,4.8,1.9,1.12,3.02,3.34,3.45,0.02,1.0,3.02,,0.0,0
2026-10-02 02:30:16Z,PIT,in,0.678,Q3 4:19,-11.0,PIT,Pittsburgh Steelers D/ST,DST,8.1,0.0,0.51,0.51,2.17,2.61,0.201,1.0,0.51,,0.0,0
2026-10-02 02:30:16Z,PIT,in,0.678,Q3 4:19,-11.0,96,Aaron Rodgers,QB,15.4,8.52,6.57,15.09,13.32,13.48,0.188,0.885,14.34,,0.0,0
2026-10-02 02:30:16Z,CLE,in,0.678,Q3 4:19,11.0,11261,Andre Szmyt,K,6.9,3.0,2.09,5.09,5.09,5.22,0.201,1.0,5.09,,0.0,0
2026-10-02 02:30:16Z,PIT,in,0.678,Q3 4:19,-11.0,7021,Rico Dowdle,RB,8.4,0.0,2.24,2.24,2.25,2.7,0.678,1.0,2.24,,0.0,0
2026-10-02 02:30:16Z,PIT,in,0.678,Q3 4:19,-11.0,11630,Roman Wilson,WR,5.7,14.1,2.89,16.99,16.76,15.94,0.188,1.0,16.99,,0.0,0
2026-10-02 02:30:16Z,CLE,in,0.678,Q3 4:19,11.0,12523,Jimmy Horn,WR,1.5,0.0,0.31,0.31,0.4,0.48,0.678,1.0,0.31,,0.0,0
2026-10-02 02:30:16Z,CLE,in,0.678,Q3 4:19,11.0,11617,Malachi Corley,WR,0.5,0.0,0.1,0.1,0.13,0.16,0.678,1.0,0.1,,0.0,0
2026-10-02 02:30:16Z,PIT,in,0.678,Q3 4:19,-11.0,9479,Darnell Washington,TE,4.9,2.6,1.92,4.52,4.12,4.18,0.371,1.0,4.52,,0.0,0
2026-10-02 02:30:16Z,CLE,in,0.678,Q3 4:19,11.0,CLE,Cleveland Browns D/ST,DST,7.0,9.0,0.27,9.27,11.6,11.25,0.072,1.0,9.27,,0.0,0
2026-10-02 02:30:16Z,PIT,in,0.678,Q3 4:19,-11.0,1945,Chris Boswell,K,8.1,3.0,2.41,5.41,5.41,5.61,0.18,1.0,5.41,,0.0,0
2026-10-02 02:30:16Z,CLE,in,0.678,Q3 4:19,11.0,12512,Quinshon Judkins,RB,11.8,16.8,4.38,21.18,21.31,20.6,0.02,1.0,21.18,,0.0,0
2026-10-02 02:30:16Z,PIT,in,0.678,Q3 4:19,-11.0,7600,Pat Freiermuth,TE,7.8,3.4,3.02,6.42,5.76,5.91,0.309,1.0,6.42,,0.0,0
2026-10-02 02:30:16Z,PIT,in,0.678,Q3 4:19,-11.0,8228,Jaylen Warren,RB,13.6,10.6,4.73,15.33,15.09,14.98,0.097,1.0,15.33,,0.0,0
2026-10-02 02:30:16Z,CLE,in,0.678,Q3 4:19,11.0,12503,Isaiah Bond,WR,1.6,1.2,0.41,1.61,1.72,1.72,0.657,1.0,1.61,,0.0,0
2026-10-02 02:30:16Z,PIT,in,0.678,Q3 4:19,-11.0,13274,Germie Bernard,WR,4.5,0.0,1.63,1.63,1.2,1.45,0.678,1.0,1.63,,0.0,0
2026-10-02 02:30:16Z,CLE,in,0.678,Q3 4:19,11.0,12506,Harold Fannin,TE,10.6,9.5,2.77,12.27,13.1,12.91,0.201,1.0,12.27,,0.0,0
2026-10-02 02:30:16Z,CLE,in,0.678,Q3 4:19,11.0,13346,Denzel Boston,WR,9.4,10.4,2.58,12.98,13.75,13.43,0.208,1.0,12.98,,0.0,0
2026-10-02 02:30:16Z,CLE,in,0.678,Q3 4:19,11.0,4017,Deshaun Watson,QB,14.0,12.48,3.81,16.29,17.23,16.99,0.02,1.0,16.29,,0.0,0
2026-10-02 02:30:16Z,PIT,in,0.678,Q3 4:19,-11.0,13289,Drew Allar,QB,0.5,0.0,0.18,0.18,0.13,0.16,0.678,0.3,0.06,,0.0,0
2026-10-02 02:30:16Z,CLE,in,0.678,Q3 4:19,11.0,13298,KC Concepcion,WR,9.9,9.8,2.65,12.45,13.24,12.99,0.211,1.0,12.45,,0.0,0
2026-10-02 02:30:16Z,PIT,in,0.678,Q3 4:19,-11.0,6819,Michael Pittman,WR,9.7,3.5,3.71,7.21,6.38,6.62,0.29,1.0,7.21,,0.0,0
2026-10-02 02:30:16Z,PIT,in,0.678,Q3 4:19,-11.0,5846,DK Metcalf,WR,11.2,4.2,4.29,8.49,7.53,7.81,0.556,1.0,8.49,,0.0,0
2026-10-02 02:31:17Z,CLE,in,0.68,Q3 4:13,11.0,6783,Jerry Jeudy,WR,4.8,1.9,1.11,3.01,3.33,3.44,0.021,1.0,3.01,,0.0,0
2026-10-02 02:31:17Z,PIT,in,0.68,Q3 4:13,-11.0,PIT,Pittsburgh Steelers D/ST,DST,8.1,3.0,0.22,3.22,5.39,5.59,0.0,1.0,3.22,,0.0,0
2026-10-02 02:31:17Z,PIT,in,0.68,Q3 4:13,-11.0,96,Aaron Rodgers,QB,15.4,8.52,6.54,15.06,13.3,13.45,0.19,0.88,14.28,,0.0,0
2026-10-02 02:31:17Z,CLE,in,0.68,Q3 4:13,11.0,11261,Andre Szmyt,K,6.9,3.0,2.07,5.07,5.07,5.21,0.203,1.0,5.07,,0.0,0
2026-10-02 02:31:17Z,PIT,in,0.68,Q3 4:13,-11.0,7021,Rico Dowdle,RB,8.4,0.0,2.23,2.23,2.23,2.69,0.68,1.0,2.23,,0.0,0
2026-10-02 02:31:17Z,PIT,in,0.68,Q3 4:13,-11.0,11630,Roman Wilson,WR,5.7,14.1,2.87,16.97,16.74,15.93,0.19,1.0,16.97,,0.0,0
2026-10-02 02:31:17Z,CLE,in,0.68,Q3 4:13,11.0,12523,Jimmy Horn,WR,1.5,0.0,0.31,0.31,0.4,0.48,0.68,1.0,0.31,,0.0,0
2026-10-02 02:31:17Z,CLE,in,0.68,Q3 4:13,11.0,11617,Malachi Corley,WR,0.5,0.0,0.1,0.1,0.13,0.16,0.68,1.0,0.1,,0.0,0
2026-10-02 02:31:17Z,PIT,in,0.68,Q3 4:13,-11.0,9479,Darnell Washington,TE,4.9,2.6,1.91,4.51,4.11,4.17,0.372,1.0,4.51,,0.0,0
2026-10-02 02:31:17Z,CLE,in,0.68,Q3 4:13,11.0,CLE,Cleveland Browns D/ST,DST,7.0,9.0,0.27,9.27,11.58,11.24,0.074,1.0,9.27,,0.0,0
2026-10-02 02:31:17Z,PIT,in,0.68,Q3 4:13,-11.0,1945,Chris Boswell,K,8.1,3.0,2.39,5.39,5.39,5.59,0.182,1.0,5.39,,0.0,0
2026-10-02 02:31:17Z,CLE,in,0.68,Q3 4:13,11.0,12512,Quinshon Judkins,RB,11.8,16.8,4.36,21.16,21.28,20.58,0.021,1.0,21.16,,0.0,0
2026-10-02 02:31:17Z,PIT,in,0.68,Q3 4:13,-11.0,7600,Pat Freiermuth,TE,7.8,3.4,3.0,6.4,5.75,5.9,0.31,1.0,6.4,,0.0,0
2026-10-02 02:31:17Z,PIT,in,0.68,Q3 4:13,-11.0,8228,Jaylen Warren,RB,13.6,10.6,4.71,15.31,15.06,14.96,0.099,1.0,15.31,,0.0,0
2026-10-02 02:31:17Z,CLE,in,0.68,Q3 4:13,11.0,12503,Isaiah Bond,WR,1.6,1.2,0.4,1.6,1.72,1.71,0.659,1.0,1.6,,0.0,0
2026-10-02 02:31:17Z,PIT,in,0.68,Q3 4:13,-11.0,13274,Germie Bernard,WR,4.5,0.0,1.62,1.62,1.2,1.44,0.68,1.0,1.62,,0.0,0
2026-10-02 02:31:17Z,CLE,in,0.68,Q3 4:13,11.0,12506,Harold Fannin,TE,10.6,9.5,2.76,12.26,13.08,12.89,0.203,1.0,12.26,,0.0,0
2026-10-02 02:31:17Z,CLE,in,0.68,Q3 4:13,11.0,13346,Denzel Boston,WR,9.4,10.4,2.56,12.96,13.73,13.41,0.209,1.0,12.96,,0.0,0
2026-10-02 02:31:17Z,CLE,in,0.68,Q3 4:13,11.0,4017,Deshaun Watson,QB,14.0,9.78,3.5,13.28,14.29,14.26,0.0,1.0,13.28,,0.0,0
2026-10-02 02:31:17Z,PIT,in,0.68,Q3 4:13,-11.0,13289,Drew Allar,QB,0.5,0.0,0.18,0.18,0.13,0.16,0.68,0.3,0.05,,0.0,0
2026-10-02 02:31:17Z,CLE,in,0.68,Q3 4:13,11.0,13298,KC Concepcion,WR,9.9,9.8,2.63,12.43,13.22,12.97,0.213,1.0,12.43,,0.0,0
2026-10-02 02:31:17Z,PIT,in,0.68,Q3 4:13,-11.0,6819,Michael Pittman,WR,9.7,3.5,3.69,7.19,6.36,6.61,0.292,1.0,7.19,,0.0,0
2026-10-02 02:31:17Z,PIT,in,0.68,Q3 4:13,-11.0,5846,DK Metcalf,WR,11.2,4.2,4.27,8.47,7.51,7.79,0.558,1.0,8.47,,0.0,0
2026-10-02 02:32:17Z,CLE,in,0.68,Q3 4:13,11.0,6783,Jerry Jeudy,WR,4.8,1.9,1.11,3.01,3.33,3.44,0.021,1.0,3.01,,0.0,0
2026-10-02 02:32:17Z,PIT,in,0.68,Q3 4:13,-11.0,PIT,Pittsburgh Steelers D/ST,DST,8.1,3.0,0.22,3.22,5.39,5.59,0.0,1.0,3.22,,0.0,0
2026-10-02 02:32:17Z,PIT,in,0.68,Q3 4:13,-11.0,96,Aaron Rodgers,QB,15.4,8.52,6.54,15.06,13.3,13.45,0.19,0.88,14.28,,0.0,0
2026-10-02 02:32:17Z,CLE,in,0.68,Q3 4:13,11.0,11261,Andre Szmyt,K,6.9,3.0,2.07,5.07,5.07,5.21,0.203,1.0,5.07,,0.0,0
2026-10-02 02:32:17Z,PIT,in,0.68,Q3 4:13,-11.0,7021,Rico Dowdle,RB,8.4,0.0,2.23,2.23,2.23,2.69,0.68,1.0,2.23,,0.0,0
2026-10-02 02:32:17Z,PIT,in,0.68,Q3 4:13,-11.0,11630,Roman Wilson,WR,5.7,14.1,2.87,16.97,16.74,15.93,0.19,1.0,16.97,,0.0,0
2026-10-02 02:32:17Z,CLE,in,0.68,Q3 4:13,11.0,12523,Jimmy Horn,WR,1.5,0.0,0.31,0.31,0.4,0.48,0.68,1.0,0.31,,0.0,0
2026-10-02 02:32:17Z,CLE,in,0.68,Q3 4:13,11.0,11617,Malachi Corley,WR,0.5,0.0,0.1,0.1,0.13,0.16,0.68,1.0,0.1,,0.0,0
2026-10-02 02:32:17Z,PIT,in,0.68,Q3 4:13,-11.0,9479,Darnell Washington,TE,4.9,2.6,1.91,4.51,4.11,4.17,0.372,1.0,4.51,,0.0,0
2026-10-02 02:32:17Z,CLE,in,0.68,Q3 4:13,11.0,CLE,Cleveland Browns D/ST,DST,7.0,9.0,0.27,9.27,11.58,11.24,0.074,1.0,9.27,,0.0,0
2026-10-02 02:32:17Z,PIT,in,0.68,Q3 4:13,-11.0,1945,Chris Boswell,K,8.1,3.0,2.39,5.39,5.39,5.59,0.182,1.0,5.39,,0.0,0
2026-10-02 02:32:17Z,CLE,in,0.68,Q3 4:13,11.0,12512,Quinshon Judkins,RB,11.8,16.8,4.36,21.16,21.28,20.58,0.021,1.0,21.16,,0.0,0
2026-10-02 02:32:17Z,PIT,in,0.68,Q3 4:13,-11.0,7600,Pat Freiermuth,TE,7.8,3.4,3.0,6.4,5.75,5.9,0.31,1.0,6.4,,0.0,0
2026-10-02 02:32:17Z,PIT,in,0.68,Q3 4:13,-11.0,8228,Jaylen Warren,RB,13.6,10.6,4.71,15.31,15.06,14.96,0.099,1.0,15.31,,0.0,0
2026-10-02 02:32:17Z,CLE,in,0.68,Q3 4:13,11.0,12503,Isaiah Bond,WR,1.6,1.2,0.4,1.6,1.72,1.71,0.659,1.0,1.6,,0.0,0
2026-10-02 02:32:17Z,PIT,in,0.68,Q3 4:13,-11.0,13274,Germie Bernard,WR,4.5,0.0,1.62,1.62,1.2,1.44,0.68,1.0,1.62,,0.0,0
2026-10-02 02:32:17Z,CLE,in,0.68,Q3 4:13,11.0,12506,Harold Fannin,TE,10.6,9.5,2.76,12.26,13.08,12.89,0.203,1.0,12.26,,0.0,0
2026-10-02 02:32:17Z,CLE,in,0.68,Q3 4:13,11.0,13346,Denzel Boston,WR,9.4,10.4,2.56,12.96,13.73,13.41,0.209,1.0,12.96,,0.0,0
2026-10-02 02:32:17Z,CLE,in,0.68,Q3 4:13,11.0,4017,Deshaun Watson,QB,14.0,9.78,3.5,13.28,14.29,14.26,0.0,1.0,13.28,,0.0,0
2026-10-02 02:32:17Z,PIT,in,0.68,Q3 4:13,-11.0,13289,Drew Allar,QB,0.5,0.0,0.18,0.18,0.13,0.16,0.68,0.3,0.05,,0.0,0
2026-10-02 02:32:17Z,CLE,in,0.68,Q3 4:13,11.0,13298,KC Concepcion,WR,9.9,9.8,2.63,12.43,13.22,12.97,0.213,1.0,12.43,,0.0,0
2026-10-02 02:32:17Z,PIT,in,0.68,Q3 4:13,-11.0,6819,Michael Pittman,WR,9.7,3.5,3.69,7.19,6.36,6.61,0.292,1.0,7.19,,0.0,0
2026-10-02 02:32:17Z,PIT,in,0.68,Q3 4:13,-11.0,5846,DK Metcalf,WR,11.2,4.2,4.27,8.47,7.51,7.79,0.558,1.0,8.47,,0.0,0
2026-10-02 02:33:17Z,CLE,in,0.68,Q3 4:13,11.0,6783,Jerry Jeudy,WR,4.8,1.9,1.11,3.01,3.33,3.44,0.021,1.0,3.01,,0.0,0
2026-10-02 02:33:17Z,PIT,in,0.68,Q3 4:13,-11.0,PIT,Pittsburgh Steelers D/ST,DST,8.1,3.0,0.22,3.22,5.39,5.59,0.0,1.0,3.22,,0.0,0
2026-10-02 02:33:17Z,PIT,in,0.68,Q3 4:13,-11.0,96,Aaron Rodgers,QB,15.4,8.52,6.54,15.06,13.3,13.45,0.19,0.88,14.28,,0.0,0
2026-10-02 02:33:17Z,CLE,in,0.68,Q3 4:13,11.0,11261,Andre Szmyt,K,6.9,3.0,2.07,5.07,5.07,5.21,0.203,1.0,5.07,,0.0,0
2026-10-02 02:33:17Z,PIT,in,0.68,Q3 4:13,-11.0,7021,Rico Dowdle,RB,8.4,0.0,2.23,2.23,2.23,2.69,0.68,1.0,2.23,,0.0,0
2026-10-02 02:33:17Z,PIT,in,0.68,Q3 4:13,-11.0,11630,Roman Wilson,WR,5.7,14.1,2.87,16.97,16.74,15.93,0.19,1.0,16.97,,0.0,0
2026-10-02 02:33:17Z,CLE,in,0.68,Q3 4:13,11.0,12523,Jimmy Horn,WR,1.5,0.0,0.31,0.31,0.4,0.48,0.68,1.0,0.31,,0.0,0
2026-10-02 02:33:17Z,CLE,in,0.68,Q3 4:13,11.0,11617,Malachi Corley,WR,0.5,0.0,0.1,0.1,0.13,0.16,0.68,1.0,0.1,,0.0,0
2026-10-02 02:33:17Z,PIT,in,0.68,Q3 4:13,-11.0,9479,Darnell Washington,TE,4.9,2.6,1.91,4.51,4.11,4.17,0.372,1.0,4.51,,0.0,0
2026-10-02 02:33:17Z,CLE,in,0.68,Q3 4:13,11.0,CLE,Cleveland Browns D/ST,DST,7.0,9.0,0.27,9.27,11.58,11.24,0.074,1.0,9.27,,0.0,0
2026-10-02 02:33:17Z,PIT,in,0.68,Q3 4:13,-11.0,1945,Chris Boswell,K,8.1,3.0,2.39,5.39,5.39,5.59,0.182,1.0,5.39,,0.0,0
2026-10-02 02:33:17Z,CLE,in,0.68,Q3 4:13,11.0,12512,Quinshon Judkins,RB,11.8,16.8,4.36,21.16,21.28,20.58,0.021,1.0,21.16,,0.0,0
2026-10-02 02:33:17Z,PIT,in,0.68,Q3 4:13,-11.0,7600,Pat Freiermuth,TE,7.8,3.4,3.0,6.4,5.75,5.9,0.31,1.0,6.4,,0.0,0
2026-10-02 02:33:17Z,PIT,in,0.68,Q3 4:13,-11.0,8228,Jaylen Warren,RB,13.6,10.6,4.71,15.31,15.06,14.96,0.099,1.0,15.31,,0.0,0
2026-10-02 02:33:17Z,CLE,in,0.68,Q3 4:13,11.0,12503,Isaiah Bond,WR,1.6,1.2,0.4,1.6,1.72,1.71,0.659,1.0,1.6,,0.0,0
2026-10-02 02:33:17Z,PIT,in,0.68,Q3 4:13,-11.0,13274,Germie Bernard,WR,4.5,0.0,1.62,1.62,1.2,1.44,0.68,1.0,1.62,,0.0,0
2026-10-02 02:33:17Z,CLE,in,0.68,Q3 4:13,11.0,12506,Harold Fannin,TE,10.6,9.5,2.76,12.26,13.08,12.89,0.203,1.0,12.26,,0.0,0
2026-10-02 02:33:17Z,CLE,in,0.68,Q3 4:13,11.0,13346,Denzel Boston,WR,9.4,10.4,2.56,12.96,13.73,13.41,0.209,1.0,12.96,,0.0,0
2026-10-02 02:33:17Z,CLE,in,0.68,Q3 4:13,11.0,4017,Deshaun Watson,QB,14.0,9.88,3.51,13.39,14.39,14.36,0.0,1.0,13.39,,0.0,0
2026-10-02 02:33:17Z,PIT,in,0.68,Q3 4:13,-11.0,13289,Drew Allar,QB,0.5,0.0,0.18,0.18,0.13,0.16,0.68,0.3,0.05,,0.0,0
2026-10-02 02:33:17Z,CLE,in,0.68,Q3 4:13,11.0,13298,KC Concepcion,WR,9.9,9.8,2.63,12.43,13.22,12.97,0.213,1.0,12.43,,0.0,0
2026-10-02 02:33:17Z,PIT,in,0.68,Q3 4:13,-11.0,6819,Michael Pittman,WR,9.7,3.5,3.69,7.19,6.36,6.61,0.292,1.0,7.19,,0.0,0
2026-10-02 02:33:17Z,PIT,in,0.68,Q3 4:13,-11.0,5846,DK Metcalf,WR,11.2,4.2,4.27,8.47,7.51,7.79,0.558,1.0,8.47,,0.0,0
2026-10-02 02:34:18Z,CLE,in,0.68,Q3 4:13,11.0,6783,Jerry Jeudy,WR,4.8,1.9,1.11,3.01,3.33,3.44,0.021,1.0,3.01,,0.0,0
2026-10-02 02:34:18Z,PIT,in,0.68,Q3 4:13,-11.0,PIT,Pittsburgh Steelers D/ST,DST,8.1,3.0,0.22,3.22,5.39,5.59,0.0,1.0,3.22,,0.0,0
2026-10-02 02:34:18Z,PIT,in,0.68,Q3 4:13,-11.0,96,Aaron Rodgers,QB,15.4,8.8,6.57,15.37,13.6,13.73,0.0,1.0,15.37,,0.0,0
2026-10-02 02:34:18Z,CLE,in,0.68,Q3 4:13,11.0,11261,Andre Szmyt,K,6.9,3.0,2.07,5.07,5.07,5.21,0.203,1.0,5.07,,0.0,0
2026-10-02 02:34:18Z,PIT,in,0.68,Q3 4:13,-11.0,7021,Rico Dowdle,RB,8.4,0.0,2.23,2.23,2.23,2.69,0.68,1.0,2.23,,0.0,0
2026-10-02 02:34:18Z,PIT,in,0.68,Q3 4:13,-11.0,11630,Roman Wilson,WR,5.7,14.1,2.87,16.97,16.74,15.93,0.19,1.0,16.97,,0.0,0
2026-10-02 02:34:18Z,CLE,in,0.68,Q3 4:13,11.0,12523,Jimmy Horn,WR,1.5,0.0,0.31,0.31,0.4,0.48,0.68,1.0,0.31,,0.0,0
2026-10-02 02:34:18Z,CLE,in,0.68,Q3 4:13,11.0,11617,Malachi Corley,WR,0.5,0.0,0.1,0.1,0.13,0.16,0.68,1.0,0.1,,0.0,0
2026-10-02 02:34:18Z,PIT,in,0.68,Q3 4:13,-11.0,9479,Darnell Washington,TE,4.9,2.6,1.91,4.51,4.11,4.17,0.372,1.0,4.51,,0.0,0
2026-10-02 02:34:18Z,CLE,in,0.68,Q3 4:13,11.0,CLE,Cleveland Browns D/ST,DST,7.0,9.0,0.27,9.27,11.58,11.24,0.074,1.0,9.27,,0.0,0
2026-10-02 02:34:18Z,PIT,in,0.68,Q3 4:13,-11.0,1945,Chris Boswell,K,8.1,3.0,2.39,5.39,5.39,5.59,0.182,1.0,5.39,,0.0,0
2026-10-02 02:34:18Z,CLE,in,0.68,Q3 4:13,11.0,12512,Quinshon Judkins,RB,11.8,16.8,4.36,21.16,21.28,20.58,0.021,1.0,21.16,,0.0,0
2026-10-02 02:34:18Z,PIT,in,0.68,Q3 4:13,-11.0,7600,Pat Freiermuth,TE,7.8,3.4,3.0,6.4,5.75,5.9,0.31,1.0,6.4,,0.0,0
2026-10-02 02:34:18Z,PIT,in,0.68,Q3 4:13,-11.0,8228,Jaylen Warren,RB,13.6,10.6,4.71,15.31,15.06,14.96,0.099,1.0,15.31,,0.0,0
2026-10-02 02:34:18Z,CLE,in,0.68,Q3 4:13,11.0,12503,Isaiah Bond,WR,1.6,1.2,0.4,1.6,1.72,1.71,0.659,1.0,1.6,,0.0,0
2026-10-02 02:34:18Z,PIT,in,0.68,Q3 4:13,-11.0,13274,Germie Bernard,WR,4.5,0.0,1.62,1.62,1.2,1.44,0.68,1.0,1.62,,0.0,0
2026-10-02 02:34:18Z,CLE,in,0.68,Q3 4:13,11.0,12506,Harold Fannin,TE,10.6,9.5,2.76,12.26,13.08,12.89,0.203,1.0,12.26,,0.0,0
2026-10-02 02:34:18Z,CLE,in,0.68,Q3 4:13,11.0,13346,Denzel Boston,WR,9.4,10.4,2.56,12.96,13.73,13.41,0.209,1.0,12.96,,0.0,0
2026-10-02 02:34:18Z,CLE,in,0.68,Q3 4:13,11.0,4017,Deshaun Watson,QB,14.0,9.88,3.51,13.39,14.39,14.36,0.0,1.0,13.39,,0.0,0
2026-10-02 02:34:18Z,PIT,in,0.68,Q3 4:13,-11.0,13289,Drew Allar,QB,0.5,0.0,0.18,0.18,0.13,0.16,0.68,0.3,0.05,,0.0,0
2026-10-02 02:34:18Z,CLE,in,0.68,Q3 4:13,11.0,13298,KC Concepcion,WR,9.9,9.8,2.63,12.43,13.22,12.97,0.213,1.0,12.43,,0.0,0
2026-10-02 02:34:18Z,PIT,in,0.68,Q3 4:13,-11.0,6819,Michael Pittman,WR,9.7,3.5,3.69,7.19,6.36,6.61,0.292,1.0,7.19,,0.0,0
2026-10-02 02:34:18Z,PIT,in,0.68,Q3 4:13,-11.0,5846,DK Metcalf,WR,11.2,4.2,4.27,8.47,7.51,7.79,0.558,1.0,8.47,,0.0,0
2026-10-02 02:35:18Z,CLE,in,0.707,Q3 2:36,11.0,6783,Jerry Jeudy,WR,4.8,1.9,1.01,2.91,3.2,3.31,0.048,1.0,2.91,,0.0,0
2026-10-02 02:35:18Z,PIT,in,0.707,Q3 2:36,-11.0,PIT,Pittsburgh Steelers D/ST,DST,8.1,3.0,0.22,3.22,5.18,5.38,0.027,1.0,3.22,,0.0,0
2026-10-02 02:35:18Z,PIT,in,0.707,Q3 2:36,-11.0,96,Aaron Rodgers,QB,15.4,8.8,6.09,14.89,13.16,13.32,0.027,1.0,14.89,,0.0,0
2026-10-02 02:35:18Z,CLE,in,0.707,Q3 2:36,11.0,11261,Andre Szmyt,K,6.9,3.0,1.89,4.89,4.89,5.02,0.229,1.0,4.89,,0.0,0
2026-10-02 02:35:18Z,PIT,in,0.707,Q3 2:36,-11.0,7021,Rico Dowdle,RB,8.4,0.0,2.04,2.04,2.03,2.46,0.707,1.0,2.04,,0.0,0
2026-10-02 02:35:18Z,PIT,in,0.707,Q3 2:36,-11.0,11630,Roman Wilson,WR,5.7,14.1,2.68,16.78,16.51,15.77,0.217,1.0,16.78,,0.0,0
2026-10-02 02:35:18Z,CLE,in,0.707,Q3 2:36,11.0,12523,Jimmy Horn,WR,1.5,0.0,0.28,0.28,0.36,0.44,0.707,1.0,0.28,,0.0,0
2026-10-02 02:35:18Z,CLE,in,0.707,Q3 2:36,11.0,11617,Malachi Corley,WR,0.5,0.0,0.09,0.09,0.12,0.15,0.707,1.0,0.09,,0.0,0
2026-10-02 02:35:18Z,PIT,in,0.707,Q3 2:36,-11.0,9479,Darnell Washington,TE,4.9,2.6,1.78,4.38,3.97,4.04,0.399,1.0,4.38,,0.0,0
2026-10-02 02:35:18Z,CLE,in,0.707,Q3 2:36,11.0,CLE,Cleveland Browns D/ST,DST,7.0,9.0,0.29,9.29,11.35,11.05,0.101,1.0,9.29,,0.0,0
2026-10-02 02:35:18Z,PIT,in,0.707,Q3 2:36,-11.0,1945,Chris Boswell,K,8.1,3.0,2.18,5.18,5.18,5.38,0.209,1.0,5.18,,0.0,0
2026-10-02 02:35:18Z,CLE,in,0.707,Q3 2:36,11.0,12512,Quinshon Judkins,RB,11.8,16.8,3.96,20.76,20.88,20.26,0.048,1.0,20.76,,0.0,0
2026-10-02 02:35:18Z,PIT,in,0.707,Q3 2:36,-11.0,7600,Pat Freiermuth,TE,7.8,3.4,2.8,6.2,5.53,5.69,0.337,1.0,6.2,,0.0,0
2026-10-02 02:35:18Z,PIT,in,0.707,Q3 2:36,-11.0,8228,Jaylen Warren,RB,13.6,11.9,4.43,16.33,16.06,15.89,0.0,1.0,16.33,,0.0,0
2026-10-02 02:35:18Z,CLE,in,0.707,Q3 2:36,11.0,12503,Isaiah Bond,WR,1.6,1.2,0.37,1.57,1.67,1.67,0.686,1.0,1.57,,0.0,0
2026-10-02 02:35:18Z,PIT,in,0.707,Q3 2:36,-11.0,13274,Germie Bernard,WR,4.5,0.0,1.51,1.51,1.09,1.32,0.707,1.0,1.51,,0.0,0
2026-10-02 02:35:18Z,CLE,in,0.707,Q3 2:36,11.0,12506,Harold Fannin,TE,10.6,9.5,2.51,12.01,12.76,12.61,0.229,1.0,12.01,,0.0,0
2026-10-02 02:35:18Z,CLE,in,0.707,Q3 2:36,11.0,13346,Denzel Boston,WR,9.4,10.4,2.34,12.74,13.43,13.16,0.236,1.0,12.74,,0.0,0
2026-10-02 02:35:18Z,CLE,in,0.707,Q3 2:36,11.0,4017,Deshaun Watson,QB,14.0,9.88,3.17,13.05,13.99,13.99,0.027,1.0,13.05,,0.0,0
2026-10-02 02:35:18Z,PIT,in,0.707,Q3 2:36,-11.0,13289,Drew Allar,QB,0.5,0.0,0.17,0.17,0.12,0.15,0.707,0.3,0.05,,0.0,0
2026-10-02 02:35:18Z,CLE,in,0.707,Q3 2:36,11.0,13298,KC Concepcion,WR,9.9,9.8,2.4,12.2,12.91,12.7,0.24,1.0,12.2,,0.0,0
2026-10-02 02:35:18Z,PIT,in,0.707,Q3 2:36,-11.0,6819,Michael Pittman,WR,9.7,3.5,3.44,6.94,6.1,6.35,0.319,1.0,6.94,,0.0,0
2026-10-02 02:35:18Z,PIT,in,0.707,Q3 2:36,-11.0,5846,DK Metcalf,WR,11.2,4.2,3.98,8.18,7.21,7.49,0.585,1.0,8.18,,0.0,0
2026-10-02 02:36:19Z,CLE,in,0.712,Q3 2:16,11.0,6783,Jerry Jeudy,WR,4.8,1.9,0.99,2.89,3.17,3.28,0.054,1.0,2.89,,0.0,0
2026-10-02 02:36:19Z,PIT,in,0.712,Q3 2:16,-11.0,PIT,Pittsburgh Steelers D/ST,DST,8.1,3.0,0.22,3.22,5.13,5.33,0.032,1.0,3.22,,0.0,0
2026-10-02 02:36:19Z,PIT,in,0.712,Q3 2:16,-11.0,96,Aaron Rodgers,QB,15.4,8.8,5.99,14.79,13.08,13.23,0.032,1.0,14.79,,0.0,0
2026-10-02 02:36:19Z,CLE,in,0.712,Q3 2:16,11.0,11261,Andre Szmyt,K,6.9,3.0,1.85,4.85,4.85,4.99,0.235,1.0,4.85,,0.0,0
2026-10-02 02:36:19Z,PIT,in,0.712,Q3 2:16,-11.0,7021,Rico Dowdle,RB,8.4,0.0,2.0,2.0,1.99,2.42,0.712,1.0,2.0,,0.0,0
2026-10-02 02:36:19Z,PIT,in,0.712,Q3 2:16,-11.0,11630,Roman Wilson,WR,5.7,14.1,2.64,16.74,16.46,15.74,0.222,1.0,16.74,,0.0,0
2026-10-02 02:36:19Z,CLE,in,0.712,Q3 2:16,11.0,12523,Jimmy Horn,WR,1.5,0.0,0.28,0.28,0.35,0.43,0.712,1.0,0.28,,0.0,0
2026-10-02 02:36:19Z,CLE,in,0.712,Q3 2:16,11.0,11617,Malachi Corley,WR,0.5,0.0,0.09,0.09,0.12,0.14,0.712,1.0,0.09,,0.0,0
2026-10-02 02:36:19Z,PIT,in,0.712,Q3 2:16,-11.0,9479,Darnell Washington,TE,4.9,2.6,1.75,4.35,3.95,4.01,0.405,1.0,4.35,,0.0,0
2026-10-02 02:36:19Z,CLE,in,0.712,Q3 2:16,11.0,CLE,Cleveland Browns D/ST,DST,7.0,9.0,0.3,9.3,11.3,11.01,0.106,1.0,9.3,,0.0,0
2026-10-02 02:36:19Z,PIT,in,0.712,Q3 2:16,-11.0,1945,Chris Boswell,K,8.1,3.0,2.13,5.13,5.13,5.33,0.214,1.0,5.13,,0.0,0
2026-10-02 02:36:19Z,CLE,in,0.712,Q3 2:16,11.0,12512,Quinshon Judkins,RB,11.8,16.8,3.87,20.67,20.8,20.2,0.054,1.0,20.67,,0.0,0
2026-10-02 02:36:19Z,PIT,in,0.712,Q3 2:16,-11.0,7600,Pat Freiermuth,TE,7.8,3.4,2.75,6.15,5.49,5.64,0.343,1.0,6.15,,0.0,0
2026-10-02 02:36:19Z,PIT,in,0.712,Q3 2:16,-11.0,8228,Jaylen Warren,RB,13.6,11.9,4.34,16.24,15.97,15.81,0.006,1.0,16.24,,0.0,0
2026-10-02 02:36:19Z,CLE,in,0.712,Q3 2:16,11.0,12503,Isaiah Bond,WR,1.6,1.2,0.36,1.56,1.66,1.66,0.691,1.0,1.56,,0.0,0
2026-10-02 02:36:19Z,PIT,in,0.712,Q3 2:16,-11.0,13274,Germie Bernard,WR,4.5,0.0,1.48,1.48,1.06,1.3,0.712,1.0,1.48,,0.0,0
2026-10-02 02:36:19Z,CLE,in,0.712,Q3 2:16,11.0,12506,Harold Fannin,TE,10.6,9.5,2.46,11.96,12.69,12.55,0.235,1.0,11.96,,0.0,0
2026-10-02 02:36:19Z,CLE,in,0.712,Q3 2:16,11.0,13346,Denzel Boston,WR,9.4,10.4,2.29,12.69,13.37,13.11,0.242,1.0,12.69,,0.0,0
2026-10-02 02:36:19Z,CLE,in,0.712,Q3 2:16,11.0,4017,Deshaun Watson,QB,14.0,9.88,3.1,12.98,13.9,13.91,0.032,1.0,12.98,,0.0,0
2026-10-02 02:36:19Z,PIT,in,0.712,Q3 2:16,-11.0,13289,Drew Allar,QB,0.5,0.0,0.17,0.17,0.12,0.14,0.712,0.3,0.05,,0.0,0
2026-10-02 02:36:19Z,CLE,in,0.712,Q3 2:16,11.0,13298,KC Concepcion,WR,9.9,9.8,2.35,12.15,12.85,12.65,0.246,1.0,12.15,,0.0,0
2026-10-02 02:36:19Z,PIT,in,0.712,Q3 2:16,-11.0,6819,Michael Pittman,WR,9.7,3.5,3.38,6.88,6.05,6.29,0.324,1.0,6.88,,0.0,0
2026-10-02 02:36:19Z,PIT,in,0.712,Q3 2:16,-11.0,5846,DK Metcalf,WR,11.2,4.2,3.92,8.12,7.15,7.42,0.59,1.0,8.12,,0.0,0
2026-10-02 02:37:19Z,CLE,in,0.713,Q3 2:12,11.0,6783,Jerry Jeudy,WR,4.8,1.9,0.98,2.88,3.17,3.28,0.055,1.0,2.88,,0.0,0
2026-10-02 02:37:19Z,PIT,in,0.713,Q3 2:12,-11.0,PIT,Pittsburgh Steelers D/ST,DST,8.1,3.0,0.22,3.22,5.12,5.32,0.034,1.0,3.22,,0.0,0
2026-10-02 02:37:19Z,PIT,in,0.713,Q3 2:12,-11.0,96,Aaron Rodgers,QB,15.4,8.8,5.97,14.77,13.06,13.21,0.034,1.0,14.77,,0.0,0
2026-10-02 02:37:19Z,CLE,in,0.713,Q3 2:12,11.0,11261,Andre Szmyt,K,6.9,3.0,1.84,4.84,4.84,4.98,0.236,1.0,4.84,,0.0,0
2026-10-02 02:37:19Z,PIT,in,0.713,Q3 2:12,-11.0,7021,Rico Dowdle,RB,8.4,0.0,2.0,2.0,1.98,2.41,0.713,1.0,2.0,,0.0,0
2026-10-02 02:37:19Z,PIT,in,0.713,Q3 2:12,-11.0,11630,Roman Wilson,WR,5.7,14.1,2.63,16.73,16.45,15.73,0.224,1.0,16.73,,0.0,0
2026-10-02 02:37:19Z,CLE,in,0.713,Q3 2:12,11.0,12523,Jimmy Horn,WR,1.5,0.0,0.27,0.27,0.35,0.43,0.713,1.0,0.27,,0.0,0
2026-10-02 02:37:19Z,CLE,in,0.713,Q3 2:12,11.0,11617,Malachi Corley,WR,0.5,0.0,0.09,0.09,0.12,0.14,0.713,1.0,0.09,,0.0,0
2026-10-02 02:37:19Z,PIT,in,0.713,Q3 2:12,-11.0,9479,Darnell Washington,TE,4.9,2.6,1.75,4.35,3.94,4.0,0.406,1.0,4.35,,0.0,0
2026-10-02 02:37:19Z,CLE,in,0.713,Q3 2:12,11.0,CLE,Cleveland Browns D/ST,DST,7.0,9.0,0.3,9.3,11.29,11.01,0.107,1.0,9.3,,0.0,0
2026-10-02 02:37:19Z,PIT,in,0.713,Q3 2:12,-11.0,1945,Chris Boswell,K,8.1,3.0,2.12,5.12,5.12,5.32,0.216,1.0,5.12,,0.0,0
2026-10-02 02:37:19Z,CLE,in,0.713,Q3 2:12,11.0,12512,Quinshon Judkins,RB,11.8,16.8,3.85,20.65,20.78,20.18,0.055,1.0,20.65,,0.0,0
2026-10-02 02:37:19Z,PIT,in,0.713,Q3 2:12,-11.0,7600,Pat Freiermuth,TE,7.8,3.4,2.74,6.14,5.48,5.64,0.344,1.0,6.14,,0.0,0
2026-10-02 02:37:19Z,PIT,in,0.713,Q3 2:12,-11.0,8228,Jaylen Warren,RB,13.6,11.9,4.32,16.22,15.96,15.8,0.007,1.0,16.22,,0.0,0
2026-10-02 02:37:19Z,CLE,in,0.713,Q3 2:12,11.0,12503,Isaiah Bond,WR,1.6,1.2,0.36,1.56,1.66,1.66,0.692,1.0,1.56,,0.0,0
2026-10-02 02:37:19Z,PIT,in,0.713,Q3 2:12,-11.0,13274,Germie Bernard,WR,4.5,0.0,1.48,1.48,1.06,1.29,0.713,1.0,1.48,,0.0,0
2026-10-02 02:37:19Z,CLE,in,0.713,Q3 2:12,11.0,12506,Harold Fannin,TE,10.6,9.5,2.45,11.95,12.68,12.54,0.236,1.0,11.95,,0.0,0
2026-10-02 02:37:19Z,CLE,in,0.713,Q3 2:12,11.0,13346,Denzel Boston,WR,9.4,10.4,2.28,12.68,13.36,13.09,0.243,1.0,12.68,,0.0,0
2026-10-02 02:37:19Z,CLE,in,0.713,Q3 2:12,11.0,4017,Deshaun Watson,QB,14.0,9.88,3.09,12.97,13.89,13.89,0.034,1.0,12.97,,0.0,0
2026-10-02 02:37:19Z,PIT,in,0.713,Q3 2:12,-11.0,13289,Drew Allar,QB,0.5,0.0,0.17,0.17,0.12,0.14,0.713,0.3,0.05,,0.0,0
2026-10-02 02:37:19Z,CLE,in,0.713,Q3 2:12,11.0,13298,KC Concepcion,WR,9.9,9.8,2.34,12.14,12.83,12.64,0.247,1.0,12.14,,0.0,0
2026-10-02 02:37:19Z,PIT,in,0.713,Q3 2:12,-11.0,6819,Michael Pittman,WR,9.7,3.5,3.37,6.87,6.04,6.28,0.325,1.0,6.87,,0.0,0
2026-10-02 02:37:19Z,PIT,in,0.713,Q3 2:12,-11.0,5846,DK Metcalf,WR,11.2,4.2,3.9,8.1,7.14,7.41,0.591,1.0,8.1,,0.0,0
2026-10-02 02:38:19Z,CLE,in,0.716,Q3 2:04,11.0,6783,Jerry Jeudy,WR,4.8,1.9,0.97,2.87,3.16,3.27,0.057,1.0,2.87,,0.0,0
2026-10-02 02:38:19Z,PIT,in,0.716,Q3 2:04,-11.0,PIT,Pittsburgh Steelers D/ST,DST,8.1,3.0,0.22,3.22,5.11,5.3,0.036,1.0,3.22,,0.0,0
2026-10-02 02:38:19Z,PIT,in,0.716,Q3 2:04,-11.0,96,Aaron Rodgers,QB,15.4,8.8,5.93,14.73,13.02,13.18,0.036,1.0,14.73,,0.0,0
2026-10-02 02:38:19Z,CLE,in,0.716,Q3 2:04,11.0,11261,Andre Szmyt,K,6.9,3.0,1.82,4.82,4.82,4.96,0.238,1.0,4.82,,0.0,0
2026-10-02 02:38:19Z,PIT,in,0.716,Q3 2:04,-11.0,7021,Rico Dowdle,RB,8.4,0.0,1.98,1.98,1.96,2.39,0.716,1.0,1.98,,0.0,0
2026-10-02 02:38:19Z,PIT,in,0.716,Q3 2:04,-11.0,11630,Roman Wilson,WR,5.7,14.1,2.62,16.72,16.43,15.72,0.226,1.0,16.72,,0.0,0
2026-10-02 02:38:19Z,CLE,in,0.716,Q3 2:04,11.0,12523,Jimmy Horn,WR,1.5,0.0,0.27,0.27,0.35,0.43,0.716,1.0,0.27,,0.0,0
2026-10-02 02:38:19Z,CLE,in,0.716,Q3 2:04,11.0,11617,Malachi Corley,WR,0.5,0.0,0.09,0.09,0.12,0.14,0.716,1.0,0.09,,0.0,0
2026-10-02 02:38:19Z,PIT,in,0.716,Q3 2:04,-11.0,9479,Darnell Washington,TE,4.9,2.6,1.74,4.34,3.93,3.99,0.408,1.0,4.34,,0.0,0
2026-10-02 02:38:19Z,CLE,in,0.716,Q3 2:04,11.0,CLE,Cleveland Browns D/ST,DST,7.0,10.0,0.22,10.22,12.35,11.99,0.0,1.0,10.22,,0.0,0
2026-10-02 02:38:19Z,PIT,in,0.716,Q3 2:04,-11.0,1945,Chris Boswell,K,8.1,3.0,2.11,5.11,5.11,5.3,0.218,1.0,5.11,,0.0,0
2026-10-02 02:38:19Z,CLE,in,0.716,Q3 2:04,11.0,12512,Quinshon Judkins,RB,11.8,16.8,3.82,20.62,20.75,20.16,0.057,1.0,20.62,,0.0,0
2026-10-02 02:38:19Z,PIT,in,0.716,Q3 2:04,-11.0,7600,Pat Freiermuth,TE,7.8,3.4,2.73,6.13,5.46,5.62,0.346,1.0,6.13,,0.0,0
2026-10-02 02:38:19Z,PIT,in,0.716,Q3 2:04,-11.0,8228,Jaylen Warren,RB,13.6,11.9,4.29,16.19,15.92,15.77,0.009,1.0,16.19,,0.0,0
2026-10-02 02:38:19Z,CLE,in,0.716,Q3 2:04,11.0,12503,Isaiah Bond,WR,1.6,1.2,0.35,1.55,1.66,1.66,0.694,1.0,1.55,,0.0,0
2026-10-02 02:38:19Z,PIT,in,0.716,Q3 2:04,-11.0,13274,Germie Bernard,WR,4.5,0.0,1.47,1.47,1.05,1.28,0.716,1.0,1.47,,0.0,0
2026-10-02 02:38:19Z,CLE,in,0.716,Q3 2:04,11.0,12506,Harold Fannin,TE,10.6,9.5,2.43,11.93,12.65,12.52,0.238,1.0,11.93,,0.0,0
2026-10-02 02:38:19Z,CLE,in,0.716,Q3 2:04,11.0,13346,Denzel Boston,WR,9.4,10.4,2.26,12.66,13.34,13.07,0.245,1.0,12.66,,0.0,0
2026-10-02 02:38:19Z,CLE,in,0.716,Q3 2:04,11.0,4017,Deshaun Watson,QB,14.0,9.88,3.06,12.94,13.85,13.86,0.036,1.0,12.94,,0.0,0
2026-10-02 02:38:19Z,PIT,in,0.716,Q3 2:04,-11.0,13289,Drew Allar,QB,0.5,0.0,0.16,0.16,0.12,0.14,0.716,0.3,0.05,,0.0,0
2026-10-02 02:38:19Z,CLE,in,0.716,Q3 2:04,11.0,13298,KC Concepcion,WR,9.9,9.8,2.32,12.12,12.81,12.62,0.249,1.0,12.12,,0.0,0
2026-10-02 02:38:19Z,PIT,in,0.716,Q3 2:04,-11.0,6819,Michael Pittman,WR,9.7,3.5,3.35,6.85,6.01,6.26,0.327,1.0,6.85,,0.0,0
2026-10-02 02:38:19Z,PIT,in,0.716,Q3 2:04,-11.0,5846,DK Metcalf,WR,11.2,4.2,3.88,8.08,7.11,7.39,0.594,1.0,8.08,,0.0,0
2026-10-02 02:39:20Z,CLE,in,0.73,Q3 1:13,11.0,6783,Jerry Jeudy,WR,4.8,1.9,0.92,2.82,3.09,3.2,0.071,1.0,2.82,,0.0,0
2026-10-02 02:39:20Z,PIT,in,0.73,Q3 1:13,-11.0,PIT,Pittsburgh Steelers D/ST,DST,8.1,3.0,0.21,3.21,4.99,5.19,0.05,1.0,3.21,,0.0,0
2026-10-02 02:39:20Z,PIT,in,0.73,Q3 1:13,-11.0,96,Aaron Rodgers,QB,15.4,8.8,5.67,14.47,12.8,12.96,0.05,1.0,14.47,,0.0,0
2026-10-02 02:39:20Z,CLE,in,0.73,Q3 1:13,11.0,11261,Andre Szmyt,K,6.9,3.0,1.73,4.73,4.73,4.86,0.253,1.0,4.73,,0.0,0
2026-10-02 02:39:20Z,PIT,in,0.73,Q3 1:13,-11.0,7021,Rico Dowdle,RB,8.4,0.0,1.88,1.88,1.86,2.27,0.73,1.0,1.88,,0.0,0
2026-10-02 02:39:20Z,PIT,in,0.73,Q3 1:13,-11.0,11630,Roman Wilson,WR,5.7,14.1,2.51,16.61,16.31,15.64,0.24,1.0,16.61,,0.0,0
2026-10-02 02:39:20Z,CLE,in,0.73,Q3 1:13,11.0,12523,Jimmy Horn,WR,1.5,0.0,0.26,0.26,0.33,0.41,0.73,1.0,0.26,,0.0,0
2026-10-02 02:39:20Z,CLE,in,0.73,Q3 1:13,11.0,11617,Malachi Corley,WR,0.5,0.0,0.09,0.09,0.11,0.14,0.73,1.0,0.09,,0.0,0
2026-10-02 02:39:20Z,PIT,in,0.73,Q3 1:13,-11.0,9479,Darnell Washington,TE,4.9,2.6,1.67,4.27,3.86,3.92,0.423,1.0,4.27,,0.0,0
2026-10-02 02:39:20Z,CLE,in,0.73,Q3 1:13,11.0,CLE,Cleveland Browns D/ST,DST,7.0,10.0,0.24,10.24,12.22,11.89,0.014,1.0,10.24,,0.0,0
2026-10-02 02:39:20Z,PIT,in,0.73,Q3 1:13,-11.0,1945,Chris Boswell,K,8.1,3.0,1.99,4.99,4.99,5.19,0.232,1.0,4.99,,0.0,0
2026-10-02 02:39:20Z,CLE,in,0.73,Q3 1:13,11.0,12512,Quinshon Judkins,RB,11.8,16.8,3.6,20.4,20.54,19.99,0.071,1.0,20.4,,0.0,0
2026-10-02 02:39:20Z,PIT,in,0.73,Q3 1:13,-11.0,7600,Pat Freiermuth,TE,7.8,3.4,2.61,6.01,5.35,5.51,0.36,1.0,6.01,,0.0,0
2026-10-02 02:39:20Z,PIT,in,0.73,Q3 1:13,-11.0,8228,Jaylen Warren,RB,13.6,11.9,4.06,15.96,15.71,15.58,0.023,1.0,15.96,,0.0,0
2026-10-02 02:39:20Z,CLE,in,0.73,Q3 1:13,11.0,12503,Isaiah Bond,WR,1.6,1.2,0.34,1.54,1.63,1.63,0.709,1.0,1.54,,0.0,0
2026-10-02 02:39:20Z,PIT,in,0.73,Q3 1:13,-11.0,13274,Germie Bernard,WR,4.5,0.0,1.41,1.41,0.99,1.22,0.73,1.0,1.41,,0.0,0
2026-10-02 02:39:20Z,CLE,in,0.73,Q3 1:13,11.0,12506,Harold Fannin,TE,10.6,9.5,2.31,11.81,12.48,12.36,0.253,1.0,11.81,,0.0,0
2026-10-02 02:39:20Z,CLE,in,0.73,Q3 1:13,11.0,13346,Denzel Boston,WR,9.4,10.4,2.15,12.55,13.18,12.94,0.259,1.0,12.55,,0.0,0
2026-10-02 02:39:20Z,CLE,in,0.73,Q3 1:13,11.0,4017,Deshaun Watson,QB,14.0,9.88,2.88,12.76,13.64,13.66,0.05,1.0,12.76,,0.0,0
2026-10-02 02:39:20Z,PIT,in,0.73,Q3 1:13,-11.0,13289,Drew Allar,QB,0.5,0.0,0.16,0.16,0.11,0.14,0.73,0.3,0.05,,0.0,0
2026-10-02 02:39:20Z,CLE,in,0.73,Q3 1:13,11.0,13298,KC Concepcion,WR,9.9,9.8,2.2,12.0,12.65,12.48,0.263,1.0,12.0,,0.0,0
2026-10-02 02:39:20Z,PIT,in,0.73,Q3 1:13,-11.0,6819,Michael Pittman,WR,9.7,3.5,3.21,6.71,5.88,6.12,0.342,1.0,6.71,,0.0,0
2026-10-02 02:39:20Z,PIT,in,0.73,Q3 1:13,-11.0,5846,DK Metcalf,WR,11.2,4.2,3.72,7.92,6.96,7.23,0.608,1.0,7.92,,0.0,0
2026-10-02 02:40:20Z,CLE,in,0.73,Q3 1:13,11.0,6783,Jerry Jeudy,WR,4.8,1.9,0.92,2.82,3.09,3.2,0.071,1.0,2.82,,0.0,0
2026-10-02 02:40:20Z,PIT,in,0.73,Q3 1:13,-11.0,PIT,Pittsburgh Steelers D/ST,DST,8.1,3.0,0.21,3.21,4.99,5.19,0.05,1.0,3.21,,0.0,0
2026-10-02 02:40:20Z,PIT,in,0.73,Q3 1:13,-11.0,96,Aaron Rodgers,QB,15.4,8.8,5.67,14.47,12.8,12.96,0.05,1.0,14.47,,0.0,0
2026-10-02 02:40:20Z,CLE,in,0.73,Q3 1:13,11.0,11261,Andre Szmyt,K,6.9,3.0,1.73,4.73,4.73,4.86,0.253,1.0,4.73,,0.0,0
2026-10-02 02:40:20Z,PIT,in,0.73,Q3 1:13,-11.0,7021,Rico Dowdle,RB,8.4,0.0,1.88,1.88,1.86,2.27,0.73,1.0,1.88,,0.0,0
2026-10-02 02:40:20Z,PIT,in,0.73,Q3 1:13,-11.0,11630,Roman Wilson,WR,5.7,14.1,2.51,16.61,16.31,15.64,0.24,1.0,16.61,,0.0,0
2026-10-02 02:40:20Z,CLE,in,0.73,Q3 1:13,11.0,12523,Jimmy Horn,WR,1.5,0.0,0.26,0.26,0.33,0.41,0.73,1.0,0.26,,0.0,0
2026-10-02 02:40:20Z,CLE,in,0.73,Q3 1:13,11.0,11617,Malachi Corley,WR,0.5,0.0,0.09,0.09,0.11,0.14,0.73,1.0,0.09,,0.0,0
2026-10-02 02:40:20Z,PIT,in,0.73,Q3 1:13,-11.0,9479,Darnell Washington,TE,4.9,2.6,1.67,4.27,3.86,3.92,0.423,1.0,4.27,,0.0,0
2026-10-02 02:40:20Z,CLE,in,0.73,Q3 1:13,11.0,CLE,Cleveland Browns D/ST,DST,7.0,10.0,0.24,10.24,12.22,11.89,0.014,1.0,10.24,,0.0,0
2026-10-02 02:40:20Z,PIT,in,0.73,Q3 1:13,-11.0,1945,Chris Boswell,K,8.1,3.0,1.99,4.99,4.99,5.19,0.232,1.0,4.99,,0.0,0
2026-10-02 02:40:20Z,CLE,in,0.73,Q3 1:13,11.0,12512,Quinshon Judkins,RB,11.8,16.8,3.6,20.4,20.54,19.99,0.071,1.0,20.4,,0.0,0
2026-10-02 02:40:20Z,PIT,in,0.73,Q3 1:13,-11.0,7600,Pat Freiermuth,TE,7.8,3.4,2.61,6.01,5.35,5.51,0.36,1.0,6.01,,0.0,0
2026-10-02 02:40:20Z,PIT,in,0.73,Q3 1:13,-11.0,8228,Jaylen Warren,RB,13.6,11.9,4.06,15.96,15.71,15.58,0.023,1.0,15.96,,0.0,0
2026-10-02 02:40:20Z,CLE,in,0.73,Q3 1:13,11.0,12503,Isaiah Bond,WR,1.6,1.2,0.34,1.54,1.63,1.63,0.709,1.0,1.54,,0.0,0
2026-10-02 02:40:20Z,PIT,in,0.73,Q3 1:13,-11.0,13274,Germie Bernard,WR,4.5,0.0,1.41,1.41,0.99,1.22,0.73,1.0,1.41,,0.0,0
2026-10-02 02:40:20Z,CLE,in,0.73,Q3 1:13,11.0,12506,Harold Fannin,TE,10.6,9.5,2.31,11.81,12.48,12.36,0.253,1.0,11.81,,0.0,0
2026-10-02 02:40:20Z,CLE,in,0.73,Q3 1:13,11.0,13346,Denzel Boston,WR,9.4,10.4,2.15,12.55,13.18,12.94,0.259,1.0,12.55,,0.0,0
2026-10-02 02:40:20Z,CLE,in,0.73,Q3 1:13,11.0,4017,Deshaun Watson,QB,14.0,9.88,2.88,12.76,13.64,13.66,0.05,1.0,12.76,,0.0,0
2026-10-02 02:40:20Z,PIT,in,0.73,Q3 1:13,-11.0,13289,Drew Allar,QB,0.5,0.0,0.16,0.16,0.11,0.14,0.73,0.3,0.05,,0.0,0
2026-10-02 02:40:20Z,CLE,in,0.73,Q3 1:13,11.0,13298,KC Concepcion,WR,9.9,9.8,2.2,12.0,12.65,12.48,0.263,1.0,12.0,,0.0,0
2026-10-02 02:40:20Z,PIT,in,0.73,Q3 1:13,-11.0,6819,Michael Pittman,WR,9.7,3.5,3.21,6.71,5.88,6.12,0.342,1.0,6.71,,0.0,0
2026-10-02 02:40:20Z,PIT,in,0.73,Q3 1:13,-11.0,5846,DK Metcalf,WR,11.2,4.2,3.72,7.92,6.96,7.23,0.608,1.0,7.92,,0.0,0
2026-10-02 02:41:20Z,CLE,in,0.73,Q3 1:13,11.0,6783,Jerry Jeudy,WR,4.8,1.9,0.92,2.82,3.09,3.2,0.071,1.0,2.82,,0.0,0
2026-10-02 02:41:20Z,PIT,in,0.73,Q3 1:13,-11.0,PIT,Pittsburgh Steelers D/ST,DST,8.1,3.0,0.21,3.21,4.99,5.19,0.05,1.0,3.21,,0.0,0
2026-10-02 02:41:20Z,PIT,in,0.73,Q3 1:13,-11.0,96,Aaron Rodgers,QB,15.4,8.8,5.67,14.47,12.8,12.96,0.05,1.0,14.47,,0.0,0
2026-10-02 02:41:20Z,CLE,in,0.73,Q3 1:13,11.0,11261,Andre Szmyt,K,6.9,3.0,1.73,4.73,4.73,4.86,0.253,1.0,4.73,,0.0,0
2026-10-02 02:41:20Z,PIT,in,0.73,Q3 1:13,-11.0,7021,Rico Dowdle,RB,8.4,0.0,1.88,1.88,1.86,2.27,0.73,1.0,1.88,,0.0,0
2026-10-02 02:41:20Z,PIT,in,0.73,Q3 1:13,-11.0,11630,Roman Wilson,WR,5.7,14.1,2.51,16.61,16.31,15.64,0.24,1.0,16.61,,0.0,0
2026-10-02 02:41:20Z,CLE,in,0.73,Q3 1:13,11.0,12523,Jimmy Horn,WR,1.5,0.0,0.26,0.26,0.33,0.41,0.73,1.0,0.26,,0.0,0
2026-10-02 02:41:20Z,CLE,in,0.73,Q3 1:13,11.0,11617,Malachi Corley,WR,0.5,0.0,0.09,0.09,0.11,0.14,0.73,1.0,0.09,,0.0,0
2026-10-02 02:41:20Z,PIT,in,0.73,Q3 1:13,-11.0,9479,Darnell Washington,TE,4.9,2.6,1.67,4.27,3.86,3.92,0.423,1.0,4.27,,0.0,0
2026-10-02 02:41:20Z,CLE,in,0.73,Q3 1:13,11.0,CLE,Cleveland Browns D/ST,DST,7.0,10.0,0.24,10.24,12.22,11.89,0.014,1.0,10.24,,0.0,0
2026-10-02 02:41:20Z,PIT,in,0.73,Q3 1:13,-11.0,1945,Chris Boswell,K,8.1,3.0,1.99,4.99,4.99,5.19,0.232,1.0,4.99,,0.0,0
2026-10-02 02:41:20Z,CLE,in,0.73,Q3 1:13,11.0,12512,Quinshon Judkins,RB,11.8,16.8,3.6,20.4,20.54,19.99,0.071,1.0,20.4,,0.0,0
2026-10-02 02:41:20Z,PIT,in,0.73,Q3 1:13,-11.0,7600,Pat Freiermuth,TE,7.8,3.4,2.61,6.01,5.35,5.51,0.36,1.0,6.01,,0.0,0
2026-10-02 02:41:20Z,PIT,in,0.73,Q3 1:13,-11.0,8228,Jaylen Warren,RB,13.6,11.9,4.06,15.96,15.71,15.58,0.023,1.0,15.96,,0.0,0
2026-10-02 02:41:20Z,CLE,in,0.73,Q3 1:13,11.0,12503,Isaiah Bond,WR,1.6,1.2,0.34,1.54,1.63,1.63,0.709,1.0,1.54,,0.0,0
2026-10-02 02:41:20Z,PIT,in,0.73,Q3 1:13,-11.0,13274,Germie Bernard,WR,4.5,0.0,1.41,1.41,0.99,1.22,0.73,1.0,1.41,,0.0,0
2026-10-02 02:41:20Z,CLE,in,0.73,Q3 1:13,11.0,12506,Harold Fannin,TE,10.6,9.5,2.31,11.81,12.48,12.36,0.253,1.0,11.81,,0.0,0
2026-10-02 02:41:20Z,CLE,in,0.73,Q3 1:13,11.0,13346,Denzel Boston,WR,9.4,10.4,2.15,12.55,13.18,12.94,0.259,1.0,12.55,,0.0,0
2026-10-02 02:41:20Z,CLE,in,0.73,Q3 1:13,11.0,4017,Deshaun Watson,QB,14.0,9.88,2.88,12.76,13.64,13.66,0.05,1.0,12.76,,0.0,0
2026-10-02 02:41:20Z,PIT,in,0.73,Q3 1:13,-11.0,13289,Drew Allar,QB,0.5,0.0,0.16,0.16,0.11,0.14,0.73,0.3,0.05,,0.0,0
2026-10-02 02:41:20Z,CLE,in,0.73,Q3 1:13,11.0,13298,KC Concepcion,WR,9.9,9.8,2.2,12.0,12.65,12.48,0.263,1.0,12.0,,0.0,0
2026-10-02 02:41:20Z,PIT,in,0.73,Q3 1:13,-11.0,6819,Michael Pittman,WR,9.7,3.5,3.21,6.71,5.88,6.12,0.342,1.0,6.71,,0.0,0
2026-10-02 02:41:20Z,PIT,in,0.73,Q3 1:13,-11.0,5846,DK Metcalf,WR,11.2,4.2,3.72,7.92,6.96,7.23,0.608,1.0,7.92,,0.0,0
2026-10-02 02:42:21Z,CLE,in,0.739,Q3 0:38,11.0,6783,Jerry Jeudy,WR,4.8,1.9,0.89,2.79,3.04,3.15,0.081,1.0,2.79,,0.0,0
2026-10-02 02:42:21Z,PIT,in,0.739,Q3 0:38,-11.0,PIT,Pittsburgh Steelers D/ST,DST,8.1,3.0,0.21,3.21,4.92,5.11,0.06,1.0,3.21,,0.0,0
2026-10-02 02:42:21Z,PIT,in,0.739,Q3 0:38,-11.0,96,Aaron Rodgers,QB,15.4,8.8,5.49,14.29,12.64,12.81,0.06,1.0,14.29,,0.0,0
2026-10-02 02:42:21Z,CLE,in,0.739,Q3 0:38,11.0,11261,Andre Szmyt,K,6.9,3.0,1.66,4.66,4.66,4.8,0.262,1.0,4.66,,0.0,0
2026-10-02 02:42:21Z,PIT,in,0.739,Q3 0:38,-11.0,7021,Rico Dowdle,RB,8.4,0.0,1.81,1.81,1.78,2.19,0.739,1.0,1.81,,0.0,0
2026-10-02 02:42:21Z,PIT,in,0.739,Q3 0:38,-11.0,11630,Roman Wilson,WR,5.7,14.1,2.43,16.53,16.23,15.59,0.25,1.0,16.53,,0.0,0
2026-10-02 02:42:21Z,CLE,in,0.739,Q3 0:38,11.0,12523,Jimmy Horn,WR,1.5,0.0,0.25,0.25,0.32,0.39,0.739,1.0,0.25,,0.0,0
2026-10-02 02:42:21Z,CLE,in,0.739,Q3 0:38,11.0,11617,Malachi Corley,WR,0.5,0.0,0.08,0.08,0.11,0.13,0.739,1.0,0.08,,0.0,0
2026-10-02 02:42:21Z,PIT,in,0.739,Q3 0:38,-11.0,9479,Darnell Washington,TE,4.9,2.6,1.61,4.21,3.81,3.88,0.432,1.0,4.21,,0.0,0
2026-10-02 02:42:21Z,CLE,in,0.739,Q3 0:38,11.0,CLE,Cleveland Browns D/ST,DST,7.0,10.0,0.25,10.25,12.14,11.82,0.024,1.0,10.25,,0.0,0
2026-10-02 02:42:21Z,PIT,in,0.739,Q3 0:38,-11.0,1945,Chris Boswell,K,8.1,3.0,1.92,4.92,4.92,5.11,0.242,1.0,4.92,,0.0,0
2026-10-02 02:42:21Z,CLE,in,0.739,Q3 0:38,11.0,12512,Quinshon Judkins,RB,11.8,17.5,3.51,21.01,21.15,20.57,0.0,1.0,21.01,,0.0,0
2026-10-02 02:42:21Z,PIT,in,0.739,Q3 0:38,-11.0,7600,Pat Freiermuth,TE,7.8,3.4,2.53,5.93,5.28,5.43,0.37,1.0,5.93,,0.0,0
2026-10-02 02:42:21Z,PIT,in,0.739,Q3 0:38,-11.0,8228,Jaylen Warren,RB,13.6,11.9,3.9,15.8,15.56,15.44,0.033,1.0,15.8,,0.0,0
2026-10-02 02:42:21Z,CLE,in,0.739,Q3 0:38,11.0,12503,Isaiah Bond,WR,1.6,1.2,0.32,1.52,1.62,1.62,0.718,1.0,1.52,,0.0,0
2026-10-02 02:42:21Z,PIT,in,0.739,Q3 0:38,-11.0,13274,Germie Bernard,WR,4.5,0.0,1.36,1.36,0.96,1.17,0.739,1.0,1.36,,0.0,0
2026-10-02 02:42:21Z,CLE,in,0.739,Q3 0:38,11.0,12506,Harold Fannin,TE,10.6,9.5,2.22,11.72,12.37,12.26,0.262,1.0,11.72,,0.0,0
2026-10-02 02:42:21Z,CLE,in,0.739,Q3 0:38,11.0,13346,Denzel Boston,WR,9.4,10.4,2.07,12.47,13.07,12.85,0.269,1.0,12.47,,0.0,0
2026-10-02 02:42:21Z,CLE,in,0.739,Q3 0:38,11.0,4017,Deshaun Watson,QB,14.0,9.88,2.76,12.64,13.5,13.53,0.06,1.0,12.64,,0.0,0
2026-10-02 02:42:21Z,PIT,in,0.739,Q3 0:38,-11.0,13289,Drew Allar,QB,0.5,0.0,0.15,0.15,0.11,0.13,0.739,0.3,0.05,,0.0,0
2026-10-02 02:42:21Z,CLE,in,0.739,Q3 0:38,11.0,13298,KC Concepcion,WR,9.9,9.8,2.12,11.92,12.54,12.38,0.273,1.0,11.92,,0.0,0
2026-10-02 02:42:21Z,PIT,in,0.739,Q3 0:38,-11.0,6819,Michael Pittman,WR,9.7,3.5,3.11,6.61,5.79,6.03,0.351,1.0,6.61,,0.0,0
2026-10-02 02:42:21Z,PIT,in,0.739,Q3 0:38,-11.0,5846,DK Metcalf,WR,11.2,4.2,3.6,7.8,6.85,7.12,0.618,1.0,7.8,,0.0,0
2026-10-02 02:43:21Z,CLE,in,0.75,Q4 15:00,11.0,6783,Jerry Jeudy,WR,4.8,1.9,0.85,2.75,2.99,3.1,0.092,1.0,2.75,,0.0,0
2026-10-02 02:43:21Z,PIT,in,0.75,Q4 15:00,-11.0,PIT,Pittsburgh Steelers D/ST,DST,8.1,3.0,0.2,3.2,4.83,5.03,0.07,1.0,3.2,,0.0,0
2026-10-02 02:43:21Z,PIT,in,0.75,Q4 15:00,-11.0,96,Aaron Rodgers,QB,15.4,8.8,5.29,14.09,12.48,12.65,0.07,1.0,14.09,,0.0,0
2026-10-02 02:43:21Z,CLE,in,0.75,Q4 15:00,11.0,11261,Andre Szmyt,K,6.9,3.0,1.59,4.59,4.59,4.72,0.273,1.0,4.59,,0.0,0
2026-10-02 02:43:21Z,PIT,in,0.75,Q4 15:00,-11.0,7021,Rico Dowdle,RB,8.4,0.0,1.73,1.73,1.71,2.1,0.75,1.0,1.73,,0.0,0
2026-10-02 02:43:21Z,PIT,in,0.75,Q4 15:00,-11.0,11630,Roman Wilson,WR,5.7,14.1,2.35,16.45,16.14,15.53,0.26,1.0,16.45,,0.0,0
2026-10-02 02:43:21Z,CLE,in,0.75,Q4 15:00,11.0,12523,Jimmy Horn,WR,1.5,0.0,0.24,0.24,0.3,0.38,0.75,1.0,0.24,,0.0,0
2026-10-02 02:43:21Z,CLE,in,0.75,Q4 15:00,11.0,11617,Malachi Corley,WR,0.5,0.0,0.08,0.08,0.1,0.12,0.75,1.0,0.08,,0.0,0
2026-10-02 02:43:21Z,PIT,in,0.75,Q4 15:00,-11.0,9479,Darnell Washington,TE,4.9,2.6,1.56,4.16,3.76,3.83,0.443,1.0,4.16,,0.0,0
2026-10-02 02:43:21Z,CLE,in,0.75,Q4 15:00,11.0,CLE,Cleveland Browns D/ST,DST,7.0,10.0,0.26,10.26,12.05,11.75,0.034,1.0,10.26,,0.0,0
2026-10-02 02:43:21Z,PIT,in,0.75,Q4 15:00,-11.0,1945,Chris Boswell,K,8.1,3.0,1.83,4.83,4.83,5.03,0.252,1.0,4.83,,0.0,0
2026-10-02 02:43:21Z,CLE,in,0.75,Q4 15:00,11.0,12512,Quinshon Judkins,RB,11.8,17.5,3.35,20.85,20.99,20.45,0.011,1.0,20.85,,0.0,0
2026-10-02 02:43:21Z,PIT,in,0.75,Q4 15:00,-11.0,7600,Pat Freiermuth,TE,7.8,3.4,2.45,5.85,5.2,5.35,0.381,1.0,5.85,,0.0,0
2026-10-02 02:43:21Z,PIT,in,0.75,Q4 15:00,-11.0,8228,Jaylen Warren,RB,13.6,11.9,3.73,15.63,15.41,15.3,0.043,1.0,15.63,,0.0,0
2026-10-02 02:43:21Z,CLE,in,0.75,Q4 15:00,11.0,12503,Isaiah Bond,WR,1.6,1.2,0.31,1.51,1.6,1.6,0.729,1.0,1.51,,0.0,0
2026-10-02 02:43:21Z,PIT,in,0.75,Q4 15:00,-11.0,13274,Germie Bernard,WR,4.5,0.0,1.32,1.32,0.91,1.12,0.75,1.0,1.32,,0.0,0
2026-10-02 02:43:21Z,CLE,in,0.75,Q4 15:00,11.0,12506,Harold Fannin,TE,10.6,9.5,2.13,11.63,12.25,12.15,0.273,1.0,11.63,,0.0,0
2026-10-02 02:43:21Z,CLE,in,0.75,Q4 15:00,11.0,13346,Denzel Boston,WR,9.4,10.4,1.98,12.38,12.96,12.75,0.28,1.0,12.38,,0.0,0
2026-10-02 02:43:21Z,CLE,in,0.75,Q4 15:00,11.0,4017,Deshaun Watson,QB,14.0,9.88,2.63,12.51,13.34,13.38,0.07,1.0,12.51,,0.0,0
2026-10-02 02:43:21Z,PIT,in,0.75,Q4 15:00,-11.0,13289,Drew Allar,QB,0.5,0.0,0.15,0.15,0.1,0.12,0.75,0.3,0.04,,0.0,0
2026-10-02 02:43:21Z,CLE,in,0.75,Q4 15:00,11.0,13298,KC Concepcion,WR,9.9,9.8,2.03,11.83,12.42,12.28,0.283,1.0,11.83,,0.0,0
2026-10-02 02:43:21Z,PIT,in,0.75,Q4 15:00,-11.0,6819,Michael Pittman,WR,9.7,3.5,3.01,6.51,5.69,5.92,0.362,1.0,6.51,,0.0,0
2026-10-02 02:43:21Z,PIT,in,0.75,Q4 15:00,-11.0,5846,DK Metcalf,WR,11.2,4.2,3.48,7.68,6.74,7.0,0.628,1.0,7.68,,0.0,0
2026-10-02 02:44:21Z,CLE,in,0.75,Q4 15:00,11.0,6783,Jerry Jeudy,WR,4.8,1.9,0.85,2.75,2.99,3.1,0.092,1.0,2.75,,0.0,0
2026-10-02 02:44:21Z,PIT,in,0.75,Q4 15:00,-11.0,PIT,Pittsburgh Steelers D/ST,DST,8.1,3.0,0.2,3.2,4.83,5.03,0.07,1.0,3.2,,0.0,0
2026-10-02 02:44:21Z,PIT,in,0.75,Q4 15:00,-11.0,96,Aaron Rodgers,QB,15.4,8.8,5.29,14.09,12.48,12.65,0.07,1.0,14.09,,0.0,0
2026-10-02 02:44:21Z,CLE,in,0.75,Q4 15:00,11.0,11261,Andre Szmyt,K,6.9,3.0,1.59,4.59,4.59,4.72,0.273,1.0,4.59,,0.0,0
2026-10-02 02:44:21Z,PIT,in,0.75,Q4 15:00,-11.0,7021,Rico Dowdle,RB,8.4,0.0,1.73,1.73,1.71,2.1,0.75,1.0,1.73,,0.0,0
2026-10-02 02:44:21Z,PIT,in,0.75,Q4 15:00,-11.0,11630,Roman Wilson,WR,5.7,14.1,2.35,16.45,16.14,15.53,0.26,1.0,16.45,,0.0,0
2026-10-02 02:44:21Z,CLE,in,0.75,Q4 15:00,11.0,12523,Jimmy Horn,WR,1.5,0.0,0.24,0.24,0.3,0.38,0.75,1.0,0.24,,0.0,0
2026-10-02 02:44:21Z,CLE,in,0.75,Q4 15:00,11.0,11617,Malachi Corley,WR,0.5,0.0,0.08,0.08,0.1,0.12,0.75,1.0,0.08,,0.0,0
2026-10-02 02:44:21Z,PIT,in,0.75,Q4 15:00,-11.0,9479,Darnell Washington,TE,4.9,2.6,1.56,4.16,3.76,3.83,0.443,1.0,4.16,,0.0,0
2026-10-02 02:44:21Z,CLE,in,0.75,Q4 15:00,11.0,CLE,Cleveland Browns D/ST,DST,7.0,10.0,0.26,10.26,12.05,11.75,0.034,1.0,10.26,,0.0,0
2026-10-02 02:44:21Z,PIT,in,0.75,Q4 15:00,-11.0,1945,Chris Boswell,K,8.1,3.0,1.83,4.83,4.83,5.03,0.252,1.0,4.83,,0.0,0
2026-10-02 02:44:21Z,CLE,in,0.75,Q4 15:00,11.0,12512,Quinshon Judkins,RB,11.8,17.5,3.35,20.85,20.99,20.45,0.011,1.0,20.85,,0.0,0
2026-10-02 02:44:21Z,PIT,in,0.75,Q4 15:00,-11.0,7600,Pat Freiermuth,TE,7.8,3.4,2.45,5.85,5.2,5.35,0.381,1.0,5.85,,0.0,0
2026-10-02 02:44:21Z,PIT,in,0.75,Q4 15:00,-11.0,8228,Jaylen Warren,RB,13.6,11.9,3.73,15.63,15.41,15.3,0.043,1.0,15.63,,0.0,0
2026-10-02 02:44:21Z,CLE,in,0.75,Q4 15:00,11.0,12503,Isaiah Bond,WR,1.6,1.2,0.31,1.51,1.6,1.6,0.729,1.0,1.51,,0.0,0
2026-10-02 02:44:21Z,PIT,in,0.75,Q4 15:00,-11.0,13274,Germie Bernard,WR,4.5,0.0,1.32,1.32,0.91,1.12,0.75,1.0,1.32,,0.0,0
2026-10-02 02:44:21Z,CLE,in,0.75,Q4 15:00,11.0,12506,Harold Fannin,TE,10.6,9.5,2.13,11.63,12.25,12.15,0.273,1.0,11.63,,0.0,0
2026-10-02 02:44:21Z,CLE,in,0.75,Q4 15:00,11.0,13346,Denzel Boston,WR,9.4,10.4,1.98,12.38,12.96,12.75,0.28,1.0,12.38,,0.0,0
2026-10-02 02:44:21Z,CLE,in,0.75,Q4 15:00,11.0,4017,Deshaun Watson,QB,14.0,9.88,2.63,12.51,13.34,13.38,0.07,1.0,12.51,,0.0,0
2026-10-02 02:44:21Z,PIT,in,0.75,Q4 15:00,-11.0,13289,Drew Allar,QB,0.5,0.0,0.15,0.15,0.1,0.12,0.75,0.3,0.04,,0.0,0
2026-10-02 02:44:21Z,CLE,in,0.75,Q4 15:00,11.0,13298,KC Concepcion,WR,9.9,9.8,2.03,11.83,12.42,12.28,0.283,1.0,11.83,,0.0,0
2026-10-02 02:44:21Z,PIT,in,0.75,Q4 15:00,-11.0,6819,Michael Pittman,WR,9.7,3.5,3.01,6.51,5.69,5.92,0.362,1.0,6.51,,0.0,0
2026-10-02 02:44:21Z,PIT,in,0.75,Q4 15:00,-11.0,5846,DK Metcalf,WR,11.2,4.2,3.48,7.68,6.74,7.0,0.628,1.0,7.68,,0.0,0
2026-10-02 02:45:22Z,CLE,in,0.75,Q4 15:00,11.0,6783,Jerry Jeudy,WR,4.8,1.9,0.85,2.75,2.99,3.1,0.092,1.0,2.75,,0.0,0
2026-10-02 02:45:22Z,PIT,in,0.75,Q4 15:00,-11.0,PIT,Pittsburgh Steelers D/ST,DST,8.1,3.0,0.2,3.2,4.83,5.03,0.07,1.0,3.2,,0.0,0
2026-10-02 02:45:22Z,PIT,in,0.75,Q4 15:00,-11.0,96,Aaron Rodgers,QB,15.4,8.8,5.29,14.09,12.48,12.65,0.07,1.0,14.09,,0.0,0
2026-10-02 02:45:22Z,CLE,in,0.75,Q4 15:00,11.0,11261,Andre Szmyt,K,6.9,3.0,1.59,4.59,4.59,4.72,0.273,1.0,4.59,,0.0,0
2026-10-02 02:45:22Z,PIT,in,0.75,Q4 15:00,-11.0,7021,Rico Dowdle,RB,8.4,0.0,1.73,1.73,1.71,2.1,0.75,1.0,1.73,,0.0,0
2026-10-02 02:45:22Z,PIT,in,0.75,Q4 15:00,-11.0,11630,Roman Wilson,WR,5.7,14.1,2.35,16.45,16.14,15.53,0.26,1.0,16.45,,0.0,0
2026-10-02 02:45:22Z,CLE,in,0.75,Q4 15:00,11.0,12523,Jimmy Horn,WR,1.5,0.0,0.24,0.24,0.3,0.38,0.75,1.0,0.24,,0.0,0
2026-10-02 02:45:22Z,CLE,in,0.75,Q4 15:00,11.0,11617,Malachi Corley,WR,0.5,0.0,0.08,0.08,0.1,0.12,0.75,1.0,0.08,,0.0,0
2026-10-02 02:45:22Z,PIT,in,0.75,Q4 15:00,-11.0,9479,Darnell Washington,TE,4.9,2.6,1.56,4.16,3.76,3.83,0.443,1.0,4.16,,0.0,0
2026-10-02 02:45:22Z,CLE,in,0.75,Q4 15:00,11.0,CLE,Cleveland Browns D/ST,DST,7.0,10.0,0.26,10.26,12.05,11.75,0.034,1.0,10.26,,0.0,0
2026-10-02 02:45:22Z,PIT,in,0.75,Q4 15:00,-11.0,1945,Chris Boswell,K,8.1,3.0,1.83,4.83,4.83,5.03,0.252,1.0,4.83,,0.0,0
2026-10-02 02:45:22Z,CLE,in,0.75,Q4 15:00,11.0,12512,Quinshon Judkins,RB,11.8,17.6,3.35,20.95,21.1,20.55,0.0,1.0,20.95,,0.0,0
2026-10-02 02:45:22Z,PIT,in,0.75,Q4 15:00,-11.0,7600,Pat Freiermuth,TE,7.8,3.4,2.45,5.85,5.2,5.35,0.381,1.0,5.85,,0.0,0
2026-10-02 02:45:22Z,PIT,in,0.75,Q4 15:00,-11.0,8228,Jaylen Warren,RB,13.6,11.9,3.73,15.63,15.41,15.3,0.043,1.0,15.63,,0.0,0
2026-10-02 02:45:22Z,CLE,in,0.75,Q4 15:00,11.0,12503,Isaiah Bond,WR,1.6,1.2,0.31,1.51,1.6,1.6,0.729,1.0,1.51,,0.0,0
2026-10-02 02:45:22Z,PIT,in,0.75,Q4 15:00,-11.0,13274,Germie Bernard,WR,4.5,0.0,1.32,1.32,0.91,1.12,0.75,1.0,1.32,,0.0,0
2026-10-02 02:45:22Z,CLE,in,0.75,Q4 15:00,11.0,12506,Harold Fannin,TE,10.6,9.5,2.13,11.63,12.25,12.15,0.273,1.0,11.63,,0.0,0
2026-10-02 02:45:22Z,CLE,in,0.75,Q4 15:00,11.0,13346,Denzel Boston,WR,9.4,10.4,1.98,12.38,12.96,12.75,0.28,1.0,12.38,,0.0,0
2026-10-02 02:45:22Z,CLE,in,0.75,Q4 15:00,11.0,4017,Deshaun Watson,QB,14.0,9.88,2.63,12.51,13.34,13.38,0.07,1.0,12.51,,0.0,0
2026-10-02 02:45:22Z,PIT,in,0.75,Q4 15:00,-11.0,13289,Drew Allar,QB,0.5,0.0,0.15,0.15,0.1,0.12,0.75,0.3,0.04,,0.0,0
2026-10-02 02:45:22Z,CLE,in,0.75,Q4 15:00,11.0,13298,KC Concepcion,WR,9.9,9.8,2.03,11.83,12.42,12.28,0.283,1.0,11.83,,0.0,0
2026-10-02 02:45:22Z,PIT,in,0.75,Q4 15:00,-11.0,6819,Michael Pittman,WR,9.7,3.5,3.01,6.51,5.69,5.92,0.362,1.0,6.51,,0.0,0
2026-10-02 02:45:22Z,PIT,in,0.75,Q4 15:00,-11.0,5846,DK Metcalf,WR,11.2,4.2,3.48,7.68,6.74,7.0,0.628,1.0,7.68,,0.0,0
2026-10-02 02:46:22Z,CLE,in,0.75,Q4 15:00,11.0,6783,Jerry Jeudy,WR,4.8,1.9,0.85,2.75,2.99,3.1,0.092,1.0,2.75,,0.0,0
2026-10-02 02:46:22Z,PIT,in,0.75,Q4 15:00,-11.0,PIT,Pittsburgh Steelers D/ST,DST,8.1,3.0,0.2,3.2,4.83,5.03,0.07,1.0,3.2,,0.0,0
2026-10-02 02:46:22Z,PIT,in,0.75,Q4 15:00,-11.0,96,Aaron Rodgers,QB,15.4,8.8,5.29,14.09,12.48,12.65,0.07,1.0,14.09,,0.0,0
2026-10-02 02:46:22Z,CLE,in,0.75,Q4 15:00,11.0,11261,Andre Szmyt,K,6.9,3.0,1.59,4.59,4.59,4.72,0.273,1.0,4.59,,0.0,0
2026-10-02 02:46:22Z,PIT,in,0.75,Q4 15:00,-11.0,7021,Rico Dowdle,RB,8.4,0.0,1.73,1.73,1.71,2.1,0.75,1.0,1.73,,0.0,0
2026-10-02 02:46:22Z,PIT,in,0.75,Q4 15:00,-11.0,11630,Roman Wilson,WR,5.7,14.1,2.35,16.45,16.14,15.53,0.26,1.0,16.45,,0.0,0
2026-10-02 02:46:22Z,CLE,in,0.75,Q4 15:00,11.0,12523,Jimmy Horn,WR,1.5,0.0,0.24,0.24,0.3,0.38,0.75,1.0,0.24,,0.0,0
2026-10-02 02:46:22Z,CLE,in,0.75,Q4 15:00,11.0,11617,Malachi Corley,WR,0.5,0.0,0.08,0.08,0.1,0.12,0.75,1.0,0.08,,0.0,0
2026-10-02 02:46:22Z,PIT,in,0.75,Q4 15:00,-11.0,9479,Darnell Washington,TE,4.9,2.6,1.56,4.16,3.76,3.83,0.443,1.0,4.16,,0.0,0
2026-10-02 02:46:22Z,CLE,in,0.75,Q4 15:00,11.0,CLE,Cleveland Browns D/ST,DST,7.0,10.0,0.26,10.26,12.05,11.75,0.034,1.0,10.26,,0.0,0
2026-10-02 02:46:22Z,PIT,in,0.75,Q4 15:00,-11.0,1945,Chris Boswell,K,8.1,3.0,1.83,4.83,4.83,5.03,0.252,1.0,4.83,,0.0,0
2026-10-02 02:46:22Z,CLE,in,0.75,Q4 15:00,11.0,12512,Quinshon Judkins,RB,11.8,18.3,3.41,21.71,21.84,21.25,0.0,1.0,21.71,,0.0,0
2026-10-02 02:46:22Z,PIT,in,0.75,Q4 15:00,-11.0,7600,Pat Freiermuth,TE,7.8,3.4,2.45,5.85,5.2,5.35,0.381,1.0,5.85,,0.0,0
2026-10-02 02:46:22Z,PIT,in,0.75,Q4 15:00,-11.0,8228,Jaylen Warren,RB,13.6,11.9,3.73,15.63,15.41,15.3,0.043,1.0,15.63,,0.0,0
2026-10-02 02:46:22Z,CLE,in,0.75,Q4 15:00,11.0,12503,Isaiah Bond,WR,1.6,1.2,0.31,1.51,1.6,1.6,0.729,1.0,1.51,,0.0,0
2026-10-02 02:46:22Z,PIT,in,0.75,Q4 15:00,-11.0,13274,Germie Bernard,WR,4.5,0.0,1.32,1.32,0.91,1.12,0.75,1.0,1.32,,0.0,0
2026-10-02 02:46:22Z,CLE,in,0.75,Q4 15:00,11.0,12506,Harold Fannin,TE,10.6,9.5,2.13,11.63,12.25,12.15,0.273,1.0,11.63,,0.0,0
2026-10-02 02:46:22Z,CLE,in,0.75,Q4 15:00,11.0,13346,Denzel Boston,WR,9.4,10.4,1.98,12.38,12.96,12.75,0.28,1.0,12.38,,0.0,0
2026-10-02 02:46:22Z,CLE,in,0.75,Q4 15:00,11.0,4017,Deshaun Watson,QB,14.0,9.28,2.58,11.86,12.7,12.78,0.0,1.0,11.86,,0.0,0
2026-10-02 02:46:22Z,PIT,in,0.75,Q4 15:00,-11.0,13289,Drew Allar,QB,0.5,0.0,0.15,0.15,0.1,0.12,0.75,0.3,0.04,,0.0,0
2026-10-02 02:46:22Z,CLE,in,0.75,Q4 15:00,11.0,13298,KC Concepcion,WR,9.9,9.8,2.03,11.83,12.42,12.28,0.283,1.0,11.83,,0.0,0
2026-10-02 02:46:22Z,PIT,in,0.75,Q4 15:00,-11.0,6819,Michael Pittman,WR,9.7,3.5,3.01,6.51,5.69,5.92,0.362,1.0,6.51,,0.0,0
2026-10-02 02:46:22Z,PIT,in,0.75,Q4 15:00,-11.0,5846,DK Metcalf,WR,11.2,4.2,3.48,7.68,6.74,7.0,0.628,1.0,7.68,,0.0,0
2026-10-02 02:47:22Z,CLE,in,0.75,Q4 15:00,11.0,6783,Jerry Jeudy,WR,4.8,1.9,0.85,2.75,2.99,3.1,0.092,1.0,2.75,,0.0,0
2026-10-02 02:47:22Z,PIT,in,0.75,Q4 15:00,-11.0,PIT,Pittsburgh Steelers D/ST,DST,8.1,3.0,0.2,3.2,4.83,5.03,0.07,1.0,3.2,,0.0,0
2026-10-02 02:47:22Z,PIT,in,0.75,Q4 15:00,-11.0,96,Aaron Rodgers,QB,15.4,8.8,5.29,14.09,12.48,12.65,0.07,1.0,14.09,,0.0,0
2026-10-02 02:47:22Z,CLE,in,0.75,Q4 15:00,11.0,11261,Andre Szmyt,K,6.9,3.0,1.59,4.59,4.59,4.72,0.273,1.0,4.59,,0.0,0
2026-10-02 02:47:22Z,PIT,in,0.75,Q4 15:00,-11.0,7021,Rico Dowdle,RB,8.4,0.0,1.73,1.73,1.71,2.1,0.75,1.0,1.73,,0.0,0
2026-10-02 02:47:22Z,PIT,in,0.75,Q4 15:00,-11.0,11630,Roman Wilson,WR,5.7,14.1,2.35,16.45,16.14,15.53,0.26,1.0,16.45,,0.0,0
2026-10-02 02:47:22Z,CLE,in,0.75,Q4 15:00,11.0,12523,Jimmy Horn,WR,1.5,0.0,0.24,0.24,0.3,0.38,0.75,1.0,0.24,,0.0,0
2026-10-02 02:47:22Z,CLE,in,0.75,Q4 15:00,11.0,11617,Malachi Corley,WR,0.5,0.0,0.08,0.08,0.1,0.12,0.75,1.0,0.08,,0.0,0
2026-10-02 02:47:22Z,PIT,in,0.75,Q4 15:00,-11.0,9479,Darnell Washington,TE,4.9,2.6,1.56,4.16,3.76,3.83,0.443,1.0,4.16,,0.0,0
2026-10-02 02:47:22Z,CLE,in,0.75,Q4 15:00,11.0,CLE,Cleveland Browns D/ST,DST,7.0,10.0,0.26,10.26,12.05,11.75,0.034,1.0,10.26,,0.0,0
2026-10-02 02:47:22Z,PIT,in,0.75,Q4 15:00,-11.0,1945,Chris Boswell,K,8.1,3.0,1.83,4.83,4.83,5.03,0.252,1.0,4.83,,0.0,0
2026-10-02 02:47:22Z,CLE,in,0.75,Q4 15:00,11.0,12512,Quinshon Judkins,RB,11.8,18.3,3.41,21.71,21.84,21.25,0.0,1.0,21.71,,0.0,0
2026-10-02 02:47:22Z,PIT,in,0.75,Q4 15:00,-11.0,7600,Pat Freiermuth,TE,7.8,3.4,2.45,5.85,5.2,5.35,0.381,1.0,5.85,,0.0,0
2026-10-02 02:47:22Z,PIT,in,0.75,Q4 15:00,-11.0,8228,Jaylen Warren,RB,13.6,11.9,3.73,15.63,15.41,15.3,0.043,1.0,15.63,,0.0,0
2026-10-02 02:47:22Z,CLE,in,0.75,Q4 15:00,11.0,12503,Isaiah Bond,WR,1.6,1.2,0.31,1.51,1.6,1.6,0.729,1.0,1.51,,0.0,0
2026-10-02 02:47:22Z,PIT,in,0.75,Q4 15:00,-11.0,13274,Germie Bernard,WR,4.5,0.0,1.32,1.32,0.91,1.12,0.75,1.0,1.32,,0.0,0
2026-10-02 02:47:22Z,CLE,in,0.75,Q4 15:00,11.0,12506,Harold Fannin,TE,10.6,9.5,2.13,11.63,12.25,12.15,0.273,1.0,11.63,,0.0,0
2026-10-02 02:47:22Z,CLE,in,0.75,Q4 15:00,11.0,13346,Denzel Boston,WR,9.4,10.4,1.98,12.38,12.96,12.75,0.28,1.0,12.38,,0.0,0
2026-10-02 02:47:22Z,CLE,in,0.75,Q4 15:00,11.0,4017,Deshaun Watson,QB,14.0,9.28,2.58,11.86,12.7,12.78,0.0,1.0,11.86,,0.0,0
2026-10-02 02:47:22Z,PIT,in,0.75,Q4 15:00,-11.0,13289,Drew Allar,QB,0.5,0.0,0.15,0.15,0.1,0.12,0.75,0.3,0.04,,0.0,0
2026-10-02 02:47:22Z,CLE,in,0.75,Q4 15:00,11.0,13298,KC Concepcion,WR,9.9,9.8,2.03,11.83,12.42,12.28,0.283,1.0,11.83,,0.0,0
2026-10-02 02:47:22Z,PIT,in,0.75,Q4 15:00,-11.0,6819,Michael Pittman,WR,9.7,3.5,3.01,6.51,5.69,5.92,0.362,1.0,6.51,,0.0,0
2026-10-02 02:47:22Z,PIT,in,0.75,Q4 15:00,-11.0,5846,DK Metcalf,WR,11.2,4.2,3.48,7.68,6.74,7.0,0.628,1.0,7.68,,0.0,0
2026-10-02 02:48:23Z,CLE,in,0.761,Q4 14:19,11.0,6783,Jerry Jeudy,WR,4.8,1.9,0.81,2.71,2.94,3.05,0.103,1.0,2.71,,0.0,0
2026-10-02 02:48:23Z,PIT,in,0.761,Q4 14:19,-11.0,PIT,Pittsburgh Steelers D/ST,DST,8.1,3.0,0.2,3.2,4.74,4.93,0.082,1.0,3.2,,0.0,0
2026-10-02 02:48:23Z,PIT,in,0.761,Q4 14:19,-11.0,96,Aaron Rodgers,QB,15.4,8.8,5.07,13.87,12.3,12.47,0.082,1.0,13.87,,0.0,0
2026-10-02 02:48:23Z,CLE,in,0.761,Q4 14:19,11.0,11261,Andre Szmyt,K,6.9,3.0,1.51,4.51,4.51,4.65,0.284,1.0,4.51,,0.0,0
2026-10-02 02:48:23Z,PIT,in,0.761,Q4 14:19,-11.0,7021,Rico Dowdle,RB,8.4,0.0,1.65,1.65,1.62,2.0,0.761,1.0,1.65,,0.0,0
2026-10-02 02:48:23Z,PIT,in,0.761,Q4 14:19,-11.0,11630,Roman Wilson,WR,5.7,14.1,2.26,16.36,16.04,15.46,0.272,1.0,16.36,,0.0,0
2026-10-02 02:48:23Z,CLE,in,0.761,Q4 14:19,11.0,12523,Jimmy Horn,WR,1.5,0.0,0.22,0.22,0.29,0.36,0.761,1.0,0.22,,0.0,0
2026-10-02 02:48:23Z,CLE,in,0.761,Q4 14:19,11.0,11617,Malachi Corley,WR,0.5,0.0,0.07,0.07,0.1,0.12,0.761,1.0,0.07,,0.0,0
2026-10-02 02:48:23Z,PIT,in,0.761,Q4 14:19,-11.0,9479,Darnell Washington,TE,4.9,2.6,1.5,4.1,3.7,3.77,0.454,1.0,4.1,,0.0,0
2026-10-02 02:48:23Z,CLE,in,0.761,Q4 14:19,11.0,CLE,Cleveland Browns D/ST,DST,7.0,10.0,0.27,10.27,11.95,11.67,0.046,1.0,10.27,,0.0,0
2026-10-02 02:48:23Z,PIT,in,0.761,Q4 14:19,-11.0,1945,Chris Boswell,K,8.1,3.0,1.74,4.74,4.74,4.93,0.264,1.0,4.74,,0.0,0
2026-10-02 02:48:23Z,CLE,in,0.761,Q4 14:19,11.0,12512,Quinshon Judkins,RB,11.8,18.3,3.23,21.53,21.67,21.12,0.011,1.0,21.53,,0.0,0
2026-10-02 02:48:23Z,PIT,in,0.761,Q4 14:19,-11.0,7600,Pat Freiermuth,TE,7.8,3.4,2.35,5.75,5.11,5.26,0.392,1.0,5.75,,0.0,0
2026-10-02 02:48:23Z,PIT,in,0.761,Q4 14:19,-11.0,8228,Jaylen Warren,RB,13.6,11.9,3.55,15.45,15.24,15.15,0.055,1.0,15.45,,0.0,0
2026-10-02 02:48:23Z,CLE,in,0.761,Q4 14:19,11.0,12503,Isaiah Bond,WR,1.6,1.2,0.3,1.5,1.58,1.58,0.74,1.0,1.5,,0.0,0
2026-10-02 02:48:23Z,PIT,in,0.761,Q4 14:19,-11.0,13274,Germie Bernard,WR,4.5,0.0,1.26,1.26,0.87,1.07,0.761,1.0,1.26,,0.0,0
2026-10-02 02:48:23Z,CLE,in,0.761,Q4 14:19,11.0,12506,Harold Fannin,TE,10.6,9.5,2.03,11.53,12.11,12.03,0.284,1.0,11.53,,0.0,0
2026-10-02 02:48:23Z,CLE,in,0.761,Q4 14:19,11.0,13346,Denzel Boston,WR,9.4,10.4,1.89,12.29,12.84,12.64,0.291,1.0,12.29,,0.0,0
2026-10-02 02:48:23Z,CLE,in,0.761,Q4 14:19,11.0,4017,Deshaun Watson,QB,14.0,9.28,2.44,11.72,12.54,12.62,0.011,1.0,11.72,,0.0,0
2026-10-02 02:48:23Z,PIT,in,0.761,Q4 14:19,-11.0,13289,Drew Allar,QB,0.5,0.0,0.14,0.14,0.1,0.12,0.761,0.3,0.04,,0.0,0
2026-10-02 02:48:23Z,CLE,in,0.761,Q4 14:19,11.0,13298,KC Concepcion,WR,9.9,9.8,1.94,11.74,12.3,12.16,0.295,1.0,11.74,,0.0,0
2026-10-02 02:48:23Z,PIT,in,0.761,Q4 14:19,-11.0,6819,Michael Pittman,WR,9.7,3.5,2.89,6.39,5.58,5.81,0.373,1.0,6.39,,0.0,0
2026-10-02 02:48:23Z,PIT,in,0.761,Q4 14:19,-11.0,5846,DK Metcalf,WR,11.2,4.2,3.34,7.54,6.61,6.87,0.639,1.0,7.54,,0.0,0
2026-10-02 02:49:23Z,CLE,in,0.761,Q4 14:19,11.0,6783,Jerry Jeudy,WR,4.8,1.9,0.81,2.71,2.94,3.05,0.103,1.0,2.71,,0.0,0
2026-10-02 02:49:23Z,PIT,in,0.761,Q4 14:19,-11.0,PIT,Pittsburgh Steelers D/ST,DST,8.1,3.0,0.2,3.2,4.74,4.93,0.082,1.0,3.2,,0.0,0
2026-10-02 02:49:23Z,PIT,in,0.761,Q4 14:19,-11.0,96,Aaron Rodgers,QB,15.4,8.8,5.07,13.87,12.3,12.47,0.082,1.0,13.87,,0.0,0
2026-10-02 02:49:23Z,CLE,in,0.761,Q4 14:19,11.0,11261,Andre Szmyt,K,6.9,3.0,1.51,4.51,4.51,4.65,0.284,1.0,4.51,,0.0,0
2026-10-02 02:49:23Z,PIT,in,0.761,Q4 14:19,-11.0,7021,Rico Dowdle,RB,8.4,0.0,1.65,1.65,1.62,2.0,0.761,1.0,1.65,,0.0,0
2026-10-02 02:49:23Z,PIT,in,0.761,Q4 14:19,-11.0,11630,Roman Wilson,WR,5.7,14.1,2.26,16.36,16.04,15.46,0.272,1.0,16.36,,0.0,0
2026-10-02 02:49:23Z,CLE,in,0.761,Q4 14:19,11.0,12523,Jimmy Horn,WR,1.5,0.0,0.22,0.22,0.29,0.36,0.761,1.0,0.22,,0.0,0
2026-10-02 02:49:23Z,CLE,in,0.761,Q4 14:19,11.0,11617,Malachi Corley,WR,0.5,0.0,0.07,0.07,0.1,0.12,0.761,1.0,0.07,,0.0,0
2026-10-02 02:49:23Z,PIT,in,0.761,Q4 14:19,-11.0,9479,Darnell Washington,TE,4.9,2.6,1.5,4.1,3.7,3.77,0.454,1.0,4.1,,0.0,0
2026-10-02 02:49:23Z,CLE,in,0.761,Q4 14:19,11.0,CLE,Cleveland Browns D/ST,DST,7.0,10.0,0.27,10.27,11.95,11.67,0.046,1.0,10.27,,0.0,0
2026-10-02 02:49:23Z,PIT,in,0.761,Q4 14:19,-11.0,1945,Chris Boswell,K,8.1,3.0,1.74,4.74,4.74,4.93,0.264,1.0,4.74,,0.0,0
2026-10-02 02:49:23Z,CLE,in,0.761,Q4 14:19,11.0,12512,Quinshon Judkins,RB,11.8,18.3,3.23,21.53,21.67,21.12,0.011,1.0,21.53,,0.0,0
2026-10-02 02:49:23Z,PIT,in,0.761,Q4 14:19,-11.0,7600,Pat Freiermuth,TE,7.8,3.4,2.35,5.75,5.11,5.26,0.392,1.0,5.75,,0.0,0
2026-10-02 02:49:23Z,PIT,in,0.761,Q4 14:19,-11.0,8228,Jaylen Warren,RB,13.6,11.9,3.55,15.45,15.24,15.15,0.055,1.0,15.45,,0.0,0
2026-10-02 02:49:23Z,CLE,in,0.761,Q4 14:19,11.0,12503,Isaiah Bond,WR,1.6,1.2,0.3,1.5,1.58,1.58,0.74,1.0,1.5,,0.0,0
2026-10-02 02:49:23Z,PIT,in,0.761,Q4 14:19,-11.0,13274,Germie Bernard,WR,4.5,0.0,1.26,1.26,0.87,1.07,0.761,1.0,1.26,,0.0,0
2026-10-02 02:49:23Z,CLE,in,0.761,Q4 14:19,11.0,12506,Harold Fannin,TE,10.6,9.5,2.03,11.53,12.11,12.03,0.284,1.0,11.53,,0.0,0
2026-10-02 02:49:23Z,CLE,in,0.761,Q4 14:19,11.0,13346,Denzel Boston,WR,9.4,10.4,1.89,12.29,12.84,12.64,0.291,1.0,12.29,,0.0,0
2026-10-02 02:49:23Z,CLE,in,0.761,Q4 14:19,11.0,4017,Deshaun Watson,QB,14.0,9.28,2.44,11.72,12.54,12.62,0.011,1.0,11.72,,0.0,0
2026-10-02 02:49:23Z,PIT,in,0.761,Q4 14:19,-11.0,13289,Drew Allar,QB,0.5,0.0,0.14,0.14,0.1,0.12,0.761,0.3,0.04,,0.0,0
2026-10-02 02:49:23Z,CLE,in,0.761,Q4 14:19,11.0,13298,KC Concepcion,WR,9.9,9.8,1.94,11.74,12.3,12.16,0.295,1.0,11.74,,0.0,0
2026-10-02 02:49:23Z,PIT,in,0.761,Q4 14:19,-11.0,6819,Michael Pittman,WR,9.7,3.5,2.89,6.39,5.58,5.81,0.373,1.0,6.39,,0.0,0
2026-10-02 02:49:23Z,PIT,in,0.761,Q4 14:19,-11.0,5846,DK Metcalf,WR,11.2,4.2,3.34,7.54,6.61,6.87,0.639,1.0,7.54,,0.0,0
2026-10-02 02:50:23Z,CLE,in,0.761,Q4 14:19,11.0,6783,Jerry Jeudy,WR,4.8,1.9,0.81,2.71,2.94,3.05,0.103,1.0,2.71,,0.0,0
2026-10-02 02:50:23Z,PIT,in,0.761,Q4 14:19,-11.0,PIT,Pittsburgh Steelers D/ST,DST,8.1,5.0,0.09,5.09,6.86,6.93,0.0,1.0,5.09,,0.0,0
2026-10-02 02:50:23Z,PIT,in,0.761,Q4 14:19,-11.0,96,Aaron Rodgers,QB,15.4,8.8,5.07,13.87,12.3,12.47,0.082,1.0,13.87,,0.0,0
2026-10-02 02:50:23Z,CLE,in,0.761,Q4 14:19,11.0,11261,Andre Szmyt,K,6.9,3.0,1.51,4.51,4.51,4.65,0.284,1.0,4.51,,0.0,0
2026-10-02 02:50:23Z,PIT,in,0.761,Q4 14:19,-11.0,7021,Rico Dowdle,RB,8.4,0.0,1.65,1.65,1.62,2.0,0.761,1.0,1.65,,0.0,0
2026-10-02 02:50:23Z,PIT,in,0.761,Q4 14:19,-11.0,11630,Roman Wilson,WR,5.7,14.1,2.26,16.36,16.04,15.46,0.272,1.0,16.36,,0.0,0
2026-10-02 02:50:23Z,CLE,in,0.761,Q4 14:19,11.0,12523,Jimmy Horn,WR,1.5,0.0,0.22,0.22,0.29,0.36,0.761,1.0,0.22,,0.0,0
2026-10-02 02:50:23Z,CLE,in,0.761,Q4 14:19,11.0,11617,Malachi Corley,WR,0.5,0.0,0.07,0.07,0.1,0.12,0.761,1.0,0.07,,0.0,0
2026-10-02 02:50:23Z,PIT,in,0.761,Q4 14:19,-11.0,9479,Darnell Washington,TE,4.9,2.6,1.5,4.1,3.7,3.77,0.454,1.0,4.1,,0.0,0
2026-10-02 02:50:23Z,CLE,in,0.761,Q4 14:19,11.0,CLE,Cleveland Browns D/ST,DST,7.0,10.0,0.27,10.27,11.95,11.67,0.046,1.0,10.27,,0.0,0
2026-10-02 02:50:23Z,PIT,in,0.761,Q4 14:19,-11.0,1945,Chris Boswell,K,8.1,3.0,1.74,4.74,4.74,4.93,0.264,1.0,4.74,,0.0,0
2026-10-02 02:50:23Z,CLE,in,0.761,Q4 14:19,11.0,12512,Quinshon Judkins,RB,11.8,18.3,3.23,21.53,21.67,21.12,0.011,1.0,21.53,,0.0,0
2026-10-02 02:50:23Z,PIT,in,0.761,Q4 14:19,-11.0,7600,Pat Freiermuth,TE,7.8,3.4,2.35,5.75,5.11,5.26,0.392,1.0,5.75,,0.0,0
2026-10-02 02:50:23Z,PIT,in,0.761,Q4 14:19,-11.0,8228,Jaylen Warren,RB,13.6,11.9,3.55,15.45,15.24,15.15,0.055,1.0,15.45,,0.0,0
2026-10-02 02:50:23Z,CLE,in,0.761,Q4 14:19,11.0,12503,Isaiah Bond,WR,1.6,1.2,0.3,1.5,1.58,1.58,0.74,1.0,1.5,,0.0,0
2026-10-02 02:50:23Z,PIT,in,0.761,Q4 14:19,-11.0,13274,Germie Bernard,WR,4.5,0.0,1.26,1.26,0.87,1.07,0.761,1.0,1.26,,0.0,0
2026-10-02 02:50:23Z,CLE,in,0.761,Q4 14:19,11.0,12506,Harold Fannin,TE,10.6,9.5,2.03,11.53,12.11,12.03,0.284,1.0,11.53,,0.0,0
2026-10-02 02:50:23Z,CLE,in,0.761,Q4 14:19,11.0,13346,Denzel Boston,WR,9.4,10.4,1.89,12.29,12.84,12.64,0.291,1.0,12.29,,0.0,0
2026-10-02 02:50:23Z,CLE,in,0.761,Q4 14:19,11.0,4017,Deshaun Watson,QB,14.0,8.28,2.36,10.64,11.48,11.62,0.0,1.0,10.64,,0.0,0
2026-10-02 02:50:23Z,PIT,in,0.761,Q4 14:19,-11.0,13289,Drew Allar,QB,0.5,0.0,0.14,0.14,0.1,0.12,0.761,0.3,0.04,,0.0,0
2026-10-02 02:50:23Z,CLE,in,0.761,Q4 14:19,11.0,13298,KC Concepcion,WR,9.9,9.8,1.94,11.74,12.3,12.16,0.295,1.0,11.74,,0.0,0
2026-10-02 02:50:23Z,PIT,in,0.761,Q4 14:19,-11.0,6819,Michael Pittman,WR,9.7,3.5,2.89,6.39,5.58,5.81,0.373,1.0,6.39,,0.0,0
2026-10-02 02:50:23Z,PIT,in,0.761,Q4 14:19,-11.0,5846,DK Metcalf,WR,11.2,4.2,3.34,7.54,6.61,6.87,0.639,1.0,7.54,,0.0,0
2026-10-02 02:51:24Z,CLE,in,0.764,Q4 14:11,11.0,6783,Jerry Jeudy,WR,4.8,1.9,0.8,2.7,2.93,3.03,0.105,1.0,2.7,,0.0,0
2026-10-02 02:51:24Z,PIT,in,0.764,Q4 14:11,-11.0,PIT,Pittsburgh Steelers D/ST,DST,8.1,5.0,0.09,5.09,6.84,6.91,0.002,1.0,5.09,,0.0,0
2026-10-02 02:51:24Z,PIT,in,0.764,Q4 14:11,-11.0,96,Aaron Rodgers,QB,15.4,8.8,5.03,13.83,12.27,12.44,0.084,1.0,13.83,,0.0,0
2026-10-02 02:51:24Z,CLE,in,0.764,Q4 14:11,11.0,11261,Andre Szmyt,K,6.9,3.0,1.5,4.5,4.5,4.63,0.286,1.0,4.5,,0.0,0
2026-10-02 02:51:24Z,PIT,in,0.764,Q4 14:11,-11.0,7021,Rico Dowdle,RB,8.4,0.0,1.63,1.63,1.61,1.99,0.764,1.0,1.63,,0.0,0
2026-10-02 02:51:24Z,PIT,in,0.764,Q4 14:11,-11.0,11630,Roman Wilson,WR,5.7,14.1,2.24,16.34,16.02,15.45,0.274,1.0,16.34,,0.0,0
2026-10-02 02:51:24Z,CLE,in,0.764,Q4 14:11,11.0,12523,Jimmy Horn,WR,1.5,0.0,0.22,0.22,0.29,0.35,0.764,1.0,0.22,,0.0,0
2026-10-02 02:51:24Z,CLE,in,0.764,Q4 14:11,11.0,11617,Malachi Corley,WR,0.5,0.0,0.07,0.07,0.1,0.12,0.764,1.0,0.07,,0.0,0
2026-10-02 02:51:24Z,PIT,in,0.764,Q4 14:11,-11.0,9479,Darnell Washington,TE,4.9,2.6,1.49,4.09,3.69,3.76,0.456,1.0,4.09,,0.0,0
2026-10-02 02:51:24Z,CLE,in,0.764,Q4 14:11,11.0,CLE,Cleveland Browns D/ST,DST,7.0,10.0,0.27,10.27,11.93,11.65,0.048,1.0,10.27,,0.0,0
2026-10-02 02:51:24Z,PIT,in,0.764,Q4 14:11,-11.0,1945,Chris Boswell,K,8.1,3.0,1.73,4.73,4.73,4.91,0.266,1.0,4.73,,0.0,0
2026-10-02 02:51:24Z,CLE,in,0.764,Q4 14:11,11.0,12512,Quinshon Judkins,RB,11.8,18.3,3.2,21.5,21.64,21.09,0.014,1.0,21.5,,0.0,0
2026-10-02 02:51:24Z,PIT,in,0.764,Q4 14:11,-11.0,7600,Pat Freiermuth,TE,7.8,3.4,2.33,5.73,5.09,5.24,0.394,1.0,5.73,,0.0,0
2026-10-02 02:51:24Z,PIT,in,0.764,Q4 14:11,-11.0,8228,Jaylen Warren,RB,13.6,12.6,3.57,16.17,15.95,15.81,0.0,1.0,16.17,,0.0,0
2026-10-02 02:51:24Z,CLE,in,0.764,Q4 14:11,11.0,12503,Isaiah Bond,WR,1.6,1.2,0.29,1.49,1.58,1.58,0.743,1.0,1.49,,0.0,0
2026-10-02 02:51:24Z,PIT,in,0.764,Q4 14:11,-11.0,13274,Germie Bernard,WR,4.5,0.0,1.25,1.25,0.86,1.06,0.764,1.0,1.25,,0.0,0
2026-10-02 02:51:24Z,CLE,in,0.764,Q4 14:11,11.0,12506,Harold Fannin,TE,10.6,9.5,2.01,11.51,12.09,12.01,0.286,1.0,11.51,,0.0,0
2026-10-02 02:51:24Z,CLE,in,0.764,Q4 14:11,11.0,13346,Denzel Boston,WR,9.4,10.4,1.87,12.27,12.81,12.62,0.293,1.0,12.27,,0.0,0
2026-10-02 02:51:24Z,CLE,in,0.764,Q4 14:11,11.0,4017,Deshaun Watson,QB,14.0,8.28,2.33,10.61,11.45,11.59,0.002,1.0,10.61,,0.0,0
2026-10-02 02:51:24Z,PIT,in,0.764,Q4 14:11,-11.0,13289,Drew Allar,QB,0.5,0.0,0.14,0.14,0.1,0.12,0.764,0.3,0.04,,0.0,0
2026-10-02 02:51:24Z,CLE,in,0.764,Q4 14:11,11.0,13298,KC Concepcion,WR,9.9,9.8,1.92,11.72,12.27,12.14,0.297,1.0,11.72,,0.0,0
2026-10-02 02:51:24Z,PIT,in,0.764,Q4 14:11,-11.0,6819,Michael Pittman,WR,9.7,3.5,2.87,6.37,5.56,5.79,0.376,1.0,6.37,,0.0,0
2026-10-02 02:51:24Z,PIT,in,0.764,Q4 14:11,-11.0,5846,DK Metcalf,WR,11.2,4.2,3.32,7.52,6.59,6.85,0.642,1.0,7.52,,0.0,0
2026-10-02 02:52:24Z,CLE,in,0.781,Q4 13:07,11.0,6783,Jerry Jeudy,WR,4.8,1.9,0.73,2.63,2.85,2.95,0.123,1.0,2.63,,0.0,0
2026-10-02 02:52:24Z,PIT,in,0.781,Q4 13:07,-11.0,PIT,Pittsburgh Steelers D/ST,DST,8.1,5.0,0.09,5.09,6.7,6.77,0.02,1.0,5.09,,0.0,0
2026-10-02 02:52:24Z,PIT,in,0.781,Q4 13:07,-11.0,96,Aaron Rodgers,QB,15.4,8.8,4.68,13.48,11.99,12.17,0.102,1.0,13.48,,0.0,0
2026-10-02 02:52:24Z,CLE,in,0.781,Q4 13:07,11.0,11261,Andre Szmyt,K,6.9,3.0,1.38,4.38,4.38,4.51,0.304,1.0,4.38,,0.0,0
2026-10-02 02:52:24Z,PIT,in,0.781,Q4 13:07,-11.0,7021,Rico Dowdle,RB,8.4,0.0,1.51,1.51,1.48,1.84,0.781,1.0,1.51,,0.0,0
2026-10-02 02:52:24Z,PIT,in,0.781,Q4 13:07,-11.0,11630,Roman Wilson,WR,5.7,14.1,2.09,16.19,15.87,15.35,0.292,1.0,16.19,,0.0,0
2026-10-02 02:52:24Z,CLE,in,0.781,Q4 13:07,11.0,12523,Jimmy Horn,WR,1.5,0.0,0.2,0.2,0.26,0.33,0.781,1.0,0.2,,0.0,0
2026-10-02 02:52:24Z,CLE,in,0.781,Q4 13:07,11.0,11617,Malachi Corley,WR,0.5,0.0,0.07,0.07,0.09,0.11,0.781,1.0,0.07,,0.0,0
2026-10-02 02:52:24Z,PIT,in,0.781,Q4 13:07,-11.0,9479,Darnell Washington,TE,4.9,2.6,1.39,3.99,3.6,3.67,0.474,1.0,3.99,,0.0,0
2026-10-02 02:52:24Z,CLE,in,0.781,Q4 13:07,11.0,CLE,Cleveland Browns D/ST,DST,7.0,10.0,0.28,10.28,11.78,11.53,0.066,1.0,10.28,,0.0,0
2026-10-02 02:52:24Z,PIT,in,0.781,Q4 13:07,-11.0,1945,Chris Boswell,K,8.1,3.0,1.59,4.59,4.59,4.77,0.284,1.0,4.59,,0.0,0
2026-10-02 02:52:24Z,CLE,in,0.781,Q4 13:07,11.0,12512,Quinshon Judkins,RB,11.8,18.3,2.93,21.23,21.38,20.88,0.031,1.0,21.23,,0.0,0
2026-10-02 02:52:24Z,PIT,in,0.781,Q4 13:07,-11.0,7600,Pat Freiermuth,TE,7.8,3.4,2.18,5.58,4.96,5.11,0.412,1.0,5.58,,0.0,0
2026-10-02 02:52:24Z,PIT,in,0.781,Q4 13:07,-11.0,8228,Jaylen Warren,RB,13.6,12.6,3.28,15.88,15.68,15.57,0.018,1.0,15.88,,0.0,0
2026-10-02 02:52:24Z,CLE,in,0.781,Q4 13:07,11.0,12503,Isaiah Bond,WR,1.6,1.2,0.27,1.47,1.55,1.55,0.76,1.0,1.47,,0.0,0
2026-10-02 02:52:24Z,PIT,in,0.781,Q4 13:07,-11.0,13274,Germie Bernard,WR,4.5,0.0,1.17,1.17,0.79,0.98,0.781,1.0,1.17,,0.0,0
2026-10-02 02:52:24Z,CLE,in,0.781,Q4 13:07,11.0,12506,Harold Fannin,TE,10.6,9.5,1.85,11.35,11.88,11.82,0.304,1.0,11.35,,0.0,0
2026-10-02 02:52:24Z,CLE,in,0.781,Q4 13:07,11.0,13346,Denzel Boston,WR,9.4,10.4,1.73,12.13,12.62,12.45,0.311,1.0,12.13,,0.0,0
2026-10-02 02:52:24Z,CLE,in,0.781,Q4 13:07,11.0,4017,Deshaun Watson,QB,14.0,8.28,2.13,10.41,11.2,11.34,0.02,1.0,10.41,,0.0,0
2026-10-02 02:52:24Z,PIT,in,0.781,Q4 13:07,-11.0,13289,Drew Allar,QB,0.5,0.0,0.13,0.13,0.09,0.11,0.781,0.3,0.04,,0.0,0
2026-10-02 02:52:24Z,CLE,in,0.781,Q4 13:07,11.0,13298,KC Concepcion,WR,9.9,9.8,1.77,11.57,12.08,11.96,0.315,1.0,11.57,,0.0,0
2026-10-02 02:52:24Z,PIT,in,0.781,Q4 13:07,-11.0,6819,Michael Pittman,WR,9.7,3.5,2.68,6.18,5.4,5.62,0.393,1.0,6.18,,0.0,0
2026-10-02 02:52:24Z,PIT,in,0.781,Q4 13:07,-11.0,5846,DK Metcalf,WR,11.2,4.2,3.1,7.3,6.4,6.65,0.659,1.0,7.3,,0.0,0
2026-10-02 02:53:24Z,CLE,in,0.792,Q4 12:27,11.0,6783,Jerry Jeudy,WR,4.8,1.9,0.7,2.6,2.8,2.9,0.134,1.0,2.6,,0.0,0
2026-10-02 02:53:24Z,PIT,in,0.792,Q4 12:27,-11.0,PIT,Pittsburgh Steelers D/ST,DST,8.1,5.0,0.09,5.09,6.61,6.68,0.031,1.0,5.09,,0.0,0
2026-10-02 02:53:24Z,PIT,in,0.792,Q4 12:27,-11.0,96,Aaron Rodgers,QB,15.4,10.52,4.59,15.11,13.63,13.72,0.0,1.0,15.11,,0.0,0
2026-10-02 02:53:24Z,CLE,in,0.792,Q4 12:27,11.0,11261,Andre Szmyt,K,6.9,3.0,1.3,4.3,4.3,4.43,0.315,1.0,4.3,,0.0,0
2026-10-02 02:53:24Z,PIT,in,0.792,Q4 12:27,-11.0,7021,Rico Dowdle,RB,8.4,0.0,1.43,1.43,1.4,1.74,0.792,1.0,1.43,,0.0,0
2026-10-02 02:53:24Z,PIT,in,0.792,Q4 12:27,-11.0,11630,Roman Wilson,WR,5.7,14.1,2.0,16.1,15.78,15.28,0.303,1.0,16.1,,0.0,0
2026-10-02 02:53:24Z,CLE,in,0.792,Q4 12:27,11.0,12523,Jimmy Horn,WR,1.5,0.0,0.19,0.19,0.25,0.31,0.792,1.0,0.19,,0.0,0
2026-10-02 02:53:24Z,CLE,in,0.792,Q4 12:27,11.0,11617,Malachi Corley,WR,0.5,0.0,0.06,0.06,0.08,0.1,0.792,1.0,0.06,,0.0,0
2026-10-02 02:53:24Z,PIT,in,0.792,Q4 12:27,-11.0,9479,Darnell Washington,TE,4.9,2.6,1.33,3.93,3.55,3.62,0.485,1.0,3.93,,0.0,0
2026-10-02 02:53:24Z,CLE,in,0.792,Q4 12:27,11.0,CLE,Cleveland Browns D/ST,DST,7.0,11.0,0.23,11.23,12.74,12.45,0.0,1.0,11.23,,0.0,0
2026-10-02 02:53:24Z,PIT,in,0.792,Q4 12:27,-11.0,1945,Chris Boswell,K,8.1,3.0,1.5,4.5,4.5,4.68,0.295,1.0,4.5,,0.0,0
2026-10-02 02:53:24Z,CLE,in,0.792,Q4 12:27,11.0,12512,Quinshon Judkins,RB,11.8,18.3,2.76,21.06,21.21,20.75,0.042,1.0,21.06,,0.0,0
2026-10-02 02:53:24Z,PIT,in,0.792,Q4 12:27,-11.0,7600,Pat Freiermuth,TE,7.8,3.4,2.08,5.48,4.87,5.02,0.423,1.0,5.48,,0.0,0
2026-10-02 02:53:24Z,PIT,in,0.792,Q4 12:27,-11.0,8228,Jaylen Warren,RB,13.6,12.6,3.11,15.71,15.52,15.42,0.029,1.0,15.71,,0.0,0
2026-10-02 02:53:24Z,CLE,in,0.792,Q4 12:27,11.0,12503,Isaiah Bond,WR,1.6,1.2,0.26,1.46,1.53,1.53,0.771,1.0,1.46,,0.0,0
2026-10-02 02:53:24Z,PIT,in,0.792,Q4 12:27,-11.0,13274,Germie Bernard,WR,4.5,0.0,1.12,1.12,0.75,0.93,0.792,1.0,1.12,,0.0,0
2026-10-02 02:53:24Z,CLE,in,0.792,Q4 12:27,11.0,12506,Harold Fannin,TE,10.6,9.5,1.75,11.25,11.76,11.7,0.315,1.0,11.25,,0.0,0
2026-10-02 02:53:24Z,CLE,in,0.792,Q4 12:27,11.0,13346,Denzel Boston,WR,9.4,10.4,1.64,12.04,12.5,12.35,0.322,1.0,12.04,,0.0,0
2026-10-02 02:53:24Z,CLE,in,0.792,Q4 12:27,11.0,4017,Deshaun Watson,QB,14.0,8.28,2.01,10.29,11.04,11.18,0.031,1.0,10.29,,0.0,0
2026-10-02 02:53:24Z,PIT,in,0.792,Q4 12:27,-11.0,13289,Drew Allar,QB,0.5,0.0,0.12,0.12,0.08,0.1,0.792,0.3,0.04,,0.0,0
2026-10-02 02:53:24Z,CLE,in,0.792,Q4 12:27,11.0,13298,KC Concepcion,WR,9.9,9.8,1.68,11.48,11.96,11.85,0.326,1.0,11.48,,0.0,0
2026-10-02 02:53:24Z,PIT,in,0.792,Q4 12:27,-11.0,6819,Michael Pittman,WR,9.7,3.5,2.56,6.06,5.3,5.51,0.404,1.0,6.06,,0.0,0
2026-10-02 02:53:24Z,PIT,in,0.792,Q4 12:27,-11.0,5846,DK Metcalf,WR,11.2,9.5,3.18,12.68,11.86,11.82,0.0,1.0,12.68,,0.0,0
2026-10-02 02:54:25Z,CLE,in,0.805,Q4 11:42,11.0,6783,Jerry Jeudy,WR,4.8,1.9,0.65,2.55,2.74,2.84,0.147,1.0,2.55,,0.0,0
2026-10-02 02:54:25Z,PIT,in,0.805,Q4 11:42,-11.0,PIT,Pittsburgh Steelers D/ST,DST,8.1,5.0,0.1,5.1,6.51,6.58,0.044,1.0,5.1,,0.0,0
2026-10-02 02:54:25Z,PIT,in,0.805,Q4 11:42,-11.0,96,Aaron Rodgers,QB,15.4,11.04,4.41,15.45,13.98,14.04,0.0,1.0,15.45,,0.0,0
2026-10-02 02:54:25Z,CLE,in,0.805,Q4 11:42,11.0,11261,Andre Szmyt,K,6.9,3.0,1.22,4.22,4.22,4.35,0.328,1.0,4.22,,0.0,0
2026-10-02 02:54:25Z,PIT,in,0.805,Q4 11:42,-11.0,7021,Rico Dowdle,RB,8.4,0.0,1.34,1.34,1.31,1.64,0.805,1.0,1.34,,0.0,0
2026-10-02 02:54:25Z,PIT,in,0.805,Q4 11:42,-11.0,11630,Roman Wilson,WR,5.7,14.1,1.91,16.01,15.68,15.21,0.315,1.0,16.01,,0.0,0
2026-10-02 02:54:25Z,CLE,in,0.805,Q4 11:42,11.0,12523,Jimmy Horn,WR,1.5,0.0,0.18,0.18,0.23,0.29,0.805,1.0,0.18,,0.0,0
2026-10-02 02:54:25Z,CLE,in,0.805,Q4 11:42,11.0,11617,Malachi Corley,WR,0.5,0.0,0.06,0.06,0.08,0.1,0.805,1.0,0.06,,0.0,0
2026-10-02 02:54:25Z,PIT,in,0.805,Q4 11:42,-11.0,9479,Darnell Washington,TE,4.9,2.6,1.26,3.86,3.49,3.56,0.498,1.0,3.86,,0.0,0
2026-10-02 02:54:25Z,CLE,in,0.805,Q4 11:42,11.0,CLE,Cleveland Browns D/ST,DST,7.0,11.0,0.24,11.24,12.63,12.37,0.013,1.0,11.24,,0.0,0
2026-10-02 02:54:25Z,PIT,in,0.805,Q4 11:42,-11.0,1945,Chris Boswell,K,8.1,3.0,1.41,4.41,4.41,4.58,0.307,1.0,4.41,,0.0,0
2026-10-02 02:54:25Z,CLE,in,0.805,Q4 11:42,11.0,12512,Quinshon Judkins,RB,11.8,18.3,2.6,20.9,21.03,20.6,0.055,1.0,20.9,,0.0,0
2026-10-02 02:54:25Z,PIT,in,0.805,Q4 11:42,-11.0,7600,Pat Freiermuth,TE,7.8,3.4,1.98,5.38,4.78,4.92,0.436,1.0,5.38,,0.0,0
2026-10-02 02:54:25Z,PIT,in,0.805,Q4 11:42,-11.0,8228,Jaylen Warren,RB,13.6,14.9,3.07,17.97,17.74,17.55,0.0,1.0,17.97,,0.0,0
2026-10-02 02:54:25Z,CLE,in,0.805,Q4 11:42,11.0,12503,Isaiah Bond,WR,1.6,1.2,0.24,1.44,1.51,1.51,0.784,1.0,1.44,,0.0,0
2026-10-02 02:54:25Z,PIT,in,0.805,Q4 11:42,-11.0,13274,Germie Bernard,WR,4.5,0.0,1.07,1.07,0.7,0.88,0.805,1.0,1.07,,0.0,0
2026-10-02 02:54:25Z,CLE,in,0.805,Q4 11:42,11.0,12506,Harold Fannin,TE,10.6,9.5,1.65,11.15,11.61,11.57,0.328,1.0,11.15,,0.0,0
2026-10-02 02:54:25Z,CLE,in,0.805,Q4 11:42,11.0,13346,Denzel Boston,WR,9.4,10.4,1.55,11.95,12.37,12.23,0.335,1.0,11.95,,0.0,0
2026-10-02 02:54:25Z,CLE,in,0.805,Q4 11:42,11.0,4017,Deshaun Watson,QB,14.0,8.28,1.87,10.15,10.86,11.01,0.044,1.0,10.15,,0.0,0
2026-10-02 02:54:25Z,PIT,in,0.805,Q4 11:42,-11.0,13289,Drew Allar,QB,0.5,0.0,0.12,0.12,0.08,0.1,0.805,0.3,0.04,,0.0,0
2026-10-02 02:54:25Z,CLE,in,0.805,Q4 11:42,11.0,13298,KC Concepcion,WR,9.9,9.8,1.58,11.38,11.82,11.73,0.338,1.0,11.38,,0.0,0
2026-10-02 02:54:25Z,PIT,in,0.805,Q4 11:42,-11.0,6819,Michael Pittman,WR,9.7,3.5,2.44,5.94,5.18,5.39,0.417,1.0,5.94,,0.0,0
2026-10-02 02:54:25Z,PIT,in,0.805,Q4 11:42,-11.0,5846,DK Metcalf,WR,11.2,9.5,3.03,12.53,11.71,11.68,0.013,1.0,12.53,,0.0,0
2026-10-02 02:55:25Z,CLE,in,0.818,Q4 10:57,11.0,6783,Jerry Jeudy,WR,4.8,1.9,0.61,2.51,2.68,2.78,0.159,1.0,2.51,,0.0,0
2026-10-02 02:55:25Z,PIT,in,0.818,Q4 10:57,-11.0,PIT,Pittsburgh Steelers D/ST,DST,8.1,5.0,0.1,5.1,6.4,6.48,0.056,1.0,5.1,,0.0,0
2026-10-02 02:55:25Z,PIT,in,0.818,Q4 10:57,-11.0,96,Aaron Rodgers,QB,15.4,11.04,4.22,15.26,13.78,13.85,0.012,1.0,15.26,,0.0,0
2026-10-02 02:55:25Z,CLE,in,0.818,Q4 10:57,11.0,11261,Andre Szmyt,K,6.9,3.0,1.14,4.14,4.14,4.26,0.34,1.0,4.14,,0.0,0
2026-10-02 02:55:25Z,PIT,in,0.818,Q4 10:57,-11.0,7021,Rico Dowdle,RB,8.4,0.0,1.26,1.26,1.22,1.53,0.818,1.0,1.26,,0.0,0
2026-10-02 02:55:25Z,PIT,in,0.818,Q4 10:57,-11.0,11630,Roman Wilson,WR,5.7,14.1,1.85,15.95,15.57,15.14,0.328,1.0,15.95,,0.0,0
2026-10-02 02:55:25Z,CLE,in,0.818,Q4 10:57,11.0,12523,Jimmy Horn,WR,1.5,0.0,0.17,0.17,0.22,0.27,0.818,1.0,0.17,,0.0,0
2026-10-02 02:55:25Z,CLE,in,0.818,Q4 10:57,11.0,11617,Malachi Corley,WR,0.5,0.0,0.06,0.06,0.07,0.09,0.818,1.0,0.06,,0.0,0
2026-10-02 02:55:25Z,PIT,in,0.818,Q4 10:57,-11.0,9479,Darnell Washington,TE,4.9,2.6,1.21,3.81,3.43,3.49,0.51,1.0,3.81,,0.0,0
2026-10-02 02:55:25Z,CLE,in,0.818,Q4 10:57,11.0,CLE,Cleveland Browns D/ST,DST,7.0,11.0,0.25,11.25,12.52,12.28,0.025,1.0,11.25,,0.0,0
2026-10-02 02:55:25Z,PIT,in,0.818,Q4 10:57,-11.0,1945,Chris Boswell,K,8.1,3.0,1.31,4.31,4.31,4.48,0.32,1.0,4.31,,0.0,0
2026-10-02 02:55:25Z,CLE,in,0.818,Q4 10:57,11.0,12512,Quinshon Judkins,RB,11.8,18.3,2.46,20.76,20.85,20.45,0.068,1.0,20.76,,0.0,0
2026-10-02 02:55:25Z,PIT,in,0.818,Q4 10:57,-11.0,7600,Pat Freiermuth,TE,7.8,3.4,1.9,5.3,4.69,4.82,0.448,1.0,5.3,,0.0,0
2026-10-02 02:55:25Z,PIT,in,0.818,Q4 10:57,-11.0,8228,Jaylen Warren,RB,13.6,15.2,2.93,18.13,17.87,17.68,0.0,1.0,18.13,,0.0,0
2026-10-02 02:55:25Z,CLE,in,0.818,Q4 10:57,11.0,12503,Isaiah Bond,WR,1.6,1.2,0.23,1.43,1.49,1.49,0.796,1.0,1.43,,0.0,0
2026-10-02 02:55:25Z,PIT,in,0.818,Q4 10:57,-11.0,13274,Germie Bernard,WR,4.5,0.0,1.02,1.02,0.65,0.82,0.818,1.0,1.02,,0.0,0
2026-10-02 02:55:25Z,CLE,in,0.818,Q4 10:57,11.0,12506,Harold Fannin,TE,10.6,9.5,1.56,11.06,11.47,11.43,0.34,1.0,11.06,,0.0,0
2026-10-02 02:55:25Z,CLE,in,0.818,Q4 10:57,11.0,13346,Denzel Boston,WR,9.4,10.4,1.46,11.86,12.24,12.12,0.347,1.0,11.86,,0.0,0
2026-10-02 02:55:25Z,CLE,in,0.818,Q4 10:57,11.0,4017,Deshaun Watson,QB,14.0,8.28,1.74,10.02,10.69,10.83,0.056,1.0,10.02,,0.0,0
2026-10-02 02:55:25Z,PIT,in,0.818,Q4 10:57,-11.0,13289,Drew Allar,QB,0.5,0.0,0.11,0.11,0.07,0.09,0.818,0.3,0.03,,0.0,0
2026-10-02 02:55:25Z,CLE,in,0.818,Q4 10:57,11.0,13298,KC Concepcion,WR,9.9,9.8,1.5,11.3,11.68,11.61,0.351,1.0,11.3,,0.0,0
2026-10-02 02:55:25Z,PIT,in,0.818,Q4 10:57,-11.0,6819,Michael Pittman,WR,9.7,3.5,2.33,5.83,5.07,5.27,0.429,1.0,5.83,,0.0,0
2026-10-02 02:55:25Z,PIT,in,0.818,Q4 10:57,-11.0,5846,DK Metcalf,WR,11.2,9.5,2.91,12.41,11.56,11.54,0.025,1.0,12.41,,0.0,0
2026-10-02 02:56:25Z,CLE,in,0.829,Q4 10:16,11.0,6783,Jerry Jeudy,WR,4.8,1.9,0.57,2.47,2.63,2.72,0.171,1.0,2.47,,0.0,0
2026-10-02 02:56:25Z,PIT,in,0.829,Q4 10:16,-11.0,PIT,Pittsburgh Steelers D/ST,DST,8.1,5.0,0.09,5.09,6.31,6.39,0.068,1.0,5.09,,0.0,0
2026-10-02 02:56:25Z,PIT,in,0.829,Q4 10:16,-11.0,96,Aaron Rodgers,QB,15.4,11.04,4.04,15.08,13.6,13.68,0.024,1.0,15.08,,0.0,0
2026-10-02 02:56:25Z,CLE,in,0.829,Q4 10:16,11.0,11261,Andre Szmyt,K,6.9,3.0,1.06,4.06,4.06,4.18,0.352,1.0,4.06,,0.0,0
2026-10-02 02:56:25Z,PIT,in,0.829,Q4 10:16,-11.0,7021,Rico Dowdle,RB,8.4,0.0,1.18,1.18,1.14,1.44,0.829,1.0,1.18,,0.0,0
2026-10-02 02:56:25Z,PIT,in,0.829,Q4 10:16,-11.0,11630,Roman Wilson,WR,5.7,14.1,1.78,15.88,15.48,15.08,0.339,1.0,15.88,,0.0,0
2026-10-02 02:56:25Z,CLE,in,0.829,Q4 10:16,11.0,12523,Jimmy Horn,WR,1.5,0.0,0.16,0.16,0.2,0.26,0.829,1.0,0.16,,0.0,0
2026-10-02 02:56:25Z,CLE,in,0.829,Q4 10:16,11.0,11617,Malachi Corley,WR,0.5,0.0,0.05,0.05,0.07,0.09,0.829,1.0,0.05,,0.0,0
2026-10-02 02:56:25Z,PIT,in,0.829,Q4 10:16,-11.0,9479,Darnell Washington,TE,4.9,2.6,1.16,3.76,3.38,3.44,0.522,1.0,3.76,,0.0,0
2026-10-02 02:56:25Z,CLE,in,0.829,Q4 10:16,11.0,CLE,Cleveland Browns D/ST,DST,7.0,11.0,0.26,11.26,12.42,12.2,0.036,1.0,11.26,,0.0,0
2026-10-02 02:56:25Z,PIT,in,0.829,Q4 10:16,-11.0,1945,Chris Boswell,K,8.1,3.0,1.23,4.23,4.23,4.39,0.331,1.0,4.23,,0.0,0
2026-10-02 02:56:25Z,CLE,in,0.829,Q4 10:16,11.0,12512,Quinshon Judkins,RB,11.8,18.3,2.33,20.63,20.68,20.32,0.079,1.0,20.63,,0.0,0
2026-10-02 02:56:25Z,PIT,in,0.829,Q4 10:16,-11.0,7600,Pat Freiermuth,TE,7.8,3.4,1.82,5.22,4.6,4.73,0.459,1.0,5.22,,0.0,0
2026-10-02 02:56:25Z,PIT,in,0.829,Q4 10:16,-11.0,8228,Jaylen Warren,RB,13.6,15.1,2.78,17.88,17.59,17.43,0.0,1.0,17.88,,0.0,0
2026-10-02 02:56:25Z,CLE,in,0.829,Q4 10:16,11.0,12503,Isaiah Bond,WR,1.6,1.2,0.21,1.41,1.47,1.47,0.808,1.0,1.41,,0.0,0
2026-10-02 02:56:25Z,PIT,in,0.829,Q4 10:16,-11.0,13274,Germie Bernard,WR,4.5,0.0,0.97,0.97,0.61,0.77,0.829,1.0,0.97,,0.0,0
2026-10-02 02:56:25Z,CLE,in,0.829,Q4 10:16,11.0,12506,Harold Fannin,TE,10.6,9.5,1.48,10.98,11.34,11.31,0.352,1.0,10.98,,0.0,0
2026-10-02 02:56:25Z,CLE,in,0.829,Q4 10:16,11.0,13346,Denzel Boston,WR,9.4,10.4,1.39,11.79,12.12,12.01,0.359,1.0,11.79,,0.0,0
2026-10-02 02:56:25Z,CLE,in,0.829,Q4 10:16,11.0,4017,Deshaun Watson,QB,14.0,8.28,1.63,9.91,10.53,10.68,0.068,1.0,9.91,,0.0,0
2026-10-02 02:56:25Z,PIT,in,0.829,Q4 10:16,-11.0,13289,Drew Allar,QB,0.5,0.0,0.11,0.11,0.07,0.09,0.829,0.3,0.03,,0.0,0
2026-10-02 02:56:25Z,CLE,in,0.829,Q4 10:16,11.0,13298,KC Concepcion,WR,9.9,9.8,1.42,11.22,11.56,11.49,0.362,1.0,11.22,,0.0,0
2026-10-02 02:56:25Z,PIT,in,0.829,Q4 10:16,-11.0,6819,Michael Pittman,WR,9.7,3.5,2.23,5.73,4.97,5.16,0.441,1.0,5.73,,0.0,0
2026-10-02 02:56:25Z,PIT,in,0.829,Q4 10:16,-11.0,5846,DK Metcalf,WR,11.2,9.5,2.79,12.29,11.43,11.42,0.036,1.0,12.29,,0.0,0
2026-10-02 02:57:26Z,CLE,in,0.831,Q4 10:10,5.0,6783,Jerry Jeudy,WR,4.8,1.9,0.71,2.61,2.62,2.71,0.172,1.0,2.61,,0.0,0
2026-10-02 02:57:26Z,PIT,in,0.831,Q4 10:10,-5.0,PIT,Pittsburgh Steelers D/ST,DST,8.1,5.0,0.22,5.22,6.3,6.37,0.069,1.0,5.22,,0.0,0
2026-10-02 02:57:26Z,PIT,in,0.831,Q4 10:10,-5.0,96,Aaron Rodgers,QB,15.4,15.88,3.76,19.64,18.62,18.49,0.0,1.0,19.64,,0.0,0
2026-10-02 02:57:26Z,CLE,in,0.831,Q4 10:10,5.0,11261,Andre Szmyt,K,6.9,3.0,1.05,4.05,4.05,4.17,0.353,1.0,4.05,,0.0,0
2026-10-02 02:57:26Z,PIT,in,0.831,Q4 10:10,-5.0,7021,Rico Dowdle,RB,8.4,0.0,1.1,1.1,1.13,1.42,0.831,1.0,1.1,,0.0,0
2026-10-02 02:57:26Z,PIT,in,0.831,Q4 10:10,-5.0,11630,Roman Wilson,WR,5.7,14.1,1.6,15.7,15.46,15.07,0.341,1.0,15.7,,0.0,0
2026-10-02 02:57:26Z,CLE,in,0.831,Q4 10:10,5.0,12523,Jimmy Horn,WR,1.5,0.0,0.2,0.2,0.2,0.25,0.831,1.0,0.2,,0.0,0
2026-10-02 02:57:26Z,CLE,in,0.831,Q4 10:10,5.0,11617,Malachi Corley,WR,0.5,0.0,0.07,0.07,0.07,0.08,0.831,1.0,0.07,,0.0,0
2026-10-02 02:57:26Z,PIT,in,0.831,Q4 10:10,-5.0,9479,Darnell Washington,TE,4.9,11.7,1.36,13.06,12.85,12.53,0.0,1.0,13.06,,0.0,0
2026-10-02 02:57:26Z,CLE,in,0.831,Q4 10:10,5.0,CLE,Cleveland Browns D/ST,DST,7.0,8.0,0.25,8.25,9.28,9.19,0.0,1.0,8.25,,0.0,0
2026-10-02 02:57:26Z,PIT,in,0.831,Q4 10:10,-5.0,1945,Chris Boswell,K,8.1,3.0,1.21,4.21,4.21,4.37,0.333,1.0,4.21,,0.0,0
2026-10-02 02:57:26Z,CLE,in,0.831,Q4 10:10,5.0,12512,Quinshon Judkins,RB,11.8,18.3,2.42,20.72,20.66,20.3,0.081,1.0,20.72,,0.0,0
2026-10-02 02:57:26Z,PIT,in,0.831,Q4 10:10,-5.0,7600,Pat Freiermuth,TE,7.8,3.4,1.57,4.97,4.59,4.72,0.461,1.0,4.97,,0.0,0
2026-10-02 02:57:26Z,PIT,in,0.831,Q4 10:10,-5.0,8228,Jaylen Warren,RB,13.6,15.1,2.64,17.74,17.57,17.4,0.002,1.0,17.74,,0.0,0
2026-10-02 02:57:26Z,CLE,in,0.831,Q4 10:10,5.0,12503,Isaiah Bond,WR,1.6,1.2,0.26,1.46,1.47,1.47,0.809,1.0,1.46,,0.0,0
2026-10-02 02:57:26Z,PIT,in,0.831,Q4 10:10,-5.0,13274,Germie Bernard,WR,4.5,0.0,0.83,0.83,0.6,0.76,0.831,1.0,0.83,,0.0,0
2026-10-02 02:57:26Z,CLE,in,0.831,Q4 10:10,5.0,12506,Harold Fannin,TE,10.6,9.5,1.79,11.29,11.33,11.3,0.353,1.0,11.29,,0.0,0
2026-10-02 02:57:26Z,CLE,in,0.831,Q4 10:10,5.0,13346,Denzel Boston,WR,9.4,10.4,1.66,12.06,12.1,11.99,0.36,1.0,12.06,,0.0,0
2026-10-02 02:57:26Z,CLE,in,0.831,Q4 10:10,5.0,4017,Deshaun Watson,QB,14.0,8.28,2.13,10.41,10.51,10.65,0.069,1.0,10.41,,0.0,0
2026-10-02 02:57:26Z,PIT,in,0.831,Q4 10:10,-5.0,13289,Drew Allar,QB,0.5,0.0,0.09,0.09,0.07,0.08,0.831,0.3,0.03,,0.0,0
2026-10-02 02:57:26Z,CLE,in,0.831,Q4 10:10,5.0,13298,KC Concepcion,WR,9.9,9.8,1.7,11.5,11.54,11.48,0.364,1.0,11.5,,0.0,0
2026-10-02 02:57:26Z,PIT,in,0.831,Q4 10:10,-5.0,6819,Michael Pittman,WR,9.7,3.5,1.92,5.42,4.95,5.14,0.443,1.0,5.42,,0.0,0
2026-10-02 02:57:26Z,PIT,in,0.831,Q4 10:10,-5.0,5846,DK Metcalf,WR,11.2,9.5,2.43,11.93,11.41,11.4,0.038,1.0,11.93,,0.0,0
2026-10-02 02:58:26Z,CLE,in,0.831,Q4 10:10,5.0,6783,Jerry Jeudy,WR,4.8,1.9,0.71,2.61,2.62,2.71,0.172,1.0,2.61,,0.0,0
2026-10-02 02:58:26Z,PIT,in,0.831,Q4 10:10,-5.0,PIT,Pittsburgh Steelers D/ST,DST,8.1,5.0,0.22,5.22,6.3,6.37,0.069,1.0,5.22,,0.0,0
2026-10-02 02:58:26Z,PIT,in,0.831,Q4 10:10,-5.0,96,Aaron Rodgers,QB,15.4,15.88,3.76,19.64,18.62,18.49,0.0,1.0,19.64,,0.0,0
2026-10-02 02:58:26Z,CLE,in,0.831,Q4 10:10,5.0,11261,Andre Szmyt,K,6.9,3.0,1.05,4.05,4.05,4.17,0.353,1.0,4.05,,0.0,0
2026-10-02 02:58:26Z,PIT,in,0.831,Q4 10:10,-5.0,7021,Rico Dowdle,RB,8.4,0.0,1.1,1.1,1.13,1.42,0.831,1.0,1.1,,0.0,0
2026-10-02 02:58:26Z,PIT,in,0.831,Q4 10:10,-5.0,11630,Roman Wilson,WR,5.7,14.1,1.6,15.7,15.46,15.07,0.341,1.0,15.7,,0.0,0
2026-10-02 02:58:26Z,CLE,in,0.831,Q4 10:10,5.0,12523,Jimmy Horn,WR,1.5,0.0,0.2,0.2,0.2,0.25,0.831,1.0,0.2,,0.0,0
2026-10-02 02:58:26Z,CLE,in,0.831,Q4 10:10,5.0,11617,Malachi Corley,WR,0.5,0.0,0.07,0.07,0.07,0.08,0.831,1.0,0.07,,0.0,0
2026-10-02 02:58:26Z,PIT,in,0.831,Q4 10:10,-5.0,9479,Darnell Washington,TE,4.9,11.7,1.36,13.06,12.85,12.53,0.0,1.0,13.06,,0.0,0
2026-10-02 02:58:26Z,CLE,in,0.831,Q4 10:10,5.0,CLE,Cleveland Browns D/ST,DST,7.0,8.0,0.25,8.25,9.28,9.19,0.0,1.0,8.25,,0.0,0
2026-10-02 02:58:26Z,PIT,in,0.831,Q4 10:10,-5.0,1945,Chris Boswell,K,8.1,3.0,1.21,4.21,4.21,4.37,0.333,1.0,4.21,,0.0,0
2026-10-02 02:58:26Z,CLE,in,0.831,Q4 10:10,5.0,12512,Quinshon Judkins,RB,11.8,18.3,2.42,20.72,20.66,20.3,0.081,1.0,20.72,,0.0,0
2026-10-02 02:58:26Z,PIT,in,0.831,Q4 10:10,-5.0,7600,Pat Freiermuth,TE,7.8,3.4,1.57,4.97,4.59,4.72,0.461,1.0,4.97,,0.0,0
2026-10-02 02:58:26Z,PIT,in,0.831,Q4 10:10,-5.0,8228,Jaylen Warren,RB,13.6,15.1,2.64,17.74,17.57,17.4,0.002,1.0,17.74,,0.0,0
2026-10-02 02:58:26Z,CLE,in,0.831,Q4 10:10,5.0,12503,Isaiah Bond,WR,1.6,1.2,0.26,1.46,1.47,1.47,0.809,1.0,1.46,,0.0,0
2026-10-02 02:58:26Z,PIT,in,0.831,Q4 10:10,-5.0,13274,Germie Bernard,WR,4.5,0.0,0.83,0.83,0.6,0.76,0.831,1.0,0.83,,0.0,0
2026-10-02 02:58:26Z,CLE,in,0.831,Q4 10:10,5.0,12506,Harold Fannin,TE,10.6,9.5,1.79,11.29,11.33,11.3,0.353,1.0,11.29,,0.0,0
2026-10-02 02:58:26Z,CLE,in,0.831,Q4 10:10,5.0,13346,Denzel Boston,WR,9.4,10.4,1.66,12.06,12.1,11.99,0.36,1.0,12.06,,0.0,0
2026-10-02 02:58:26Z,CLE,in,0.831,Q4 10:10,5.0,4017,Deshaun Watson,QB,14.0,8.28,2.13,10.41,10.51,10.65,0.069,1.0,10.41,,0.0,0
2026-10-02 02:58:26Z,PIT,in,0.831,Q4 10:10,-5.0,13289,Drew Allar,QB,0.5,0.0,0.09,0.09,0.07,0.08,0.831,0.3,0.03,,0.0,0
2026-10-02 02:58:26Z,CLE,in,0.831,Q4 10:10,5.0,13298,KC Concepcion,WR,9.9,9.8,1.7,11.5,11.54,11.48,0.364,1.0,11.5,,0.0,0
2026-10-02 02:58:26Z,PIT,in,0.831,Q4 10:10,-5.0,6819,Michael Pittman,WR,9.7,3.5,1.92,5.42,4.95,5.14,0.443,1.0,5.42,,0.0,0
2026-10-02 02:58:26Z,PIT,in,0.831,Q4 10:10,-5.0,5846,DK Metcalf,WR,11.2,9.5,2.43,11.93,11.41,11.4,0.038,1.0,11.93,,0.0,0
2026-10-02 02:59:27Z,CLE,in,0.831,Q4 10:10,5.0,6783,Jerry Jeudy,WR,4.8,1.9,0.71,2.61,2.62,2.71,0.172,1.0,2.61,,0.0,0
2026-10-02 02:59:27Z,PIT,in,0.831,Q4 10:10,-5.0,PIT,Pittsburgh Steelers D/ST,DST,8.1,5.0,0.22,5.22,6.3,6.37,0.069,1.0,5.22,,0.0,0
2026-10-02 02:59:27Z,PIT,in,0.831,Q4 10:10,-5.0,96,Aaron Rodgers,QB,15.4,15.88,3.76,19.64,18.62,18.49,0.0,1.0,19.64,,0.0,0
2026-10-02 02:59:27Z,CLE,in,0.831,Q4 10:10,5.0,11261,Andre Szmyt,K,6.9,3.0,1.05,4.05,4.05,4.17,0.353,1.0,4.05,,0.0,0
2026-10-02 02:59:27Z,PIT,in,0.831,Q4 10:10,-5.0,7021,Rico Dowdle,RB,8.4,0.0,1.1,1.1,1.13,1.42,0.831,1.0,1.1,,0.0,0
2026-10-02 02:59:27Z,PIT,in,0.831,Q4 10:10,-5.0,11630,Roman Wilson,WR,5.7,14.1,1.6,15.7,15.46,15.07,0.341,1.0,15.7,,0.0,0
2026-10-02 02:59:27Z,CLE,in,0.831,Q4 10:10,5.0,12523,Jimmy Horn,WR,1.5,0.0,0.2,0.2,0.2,0.25,0.831,1.0,0.2,,0.0,0
2026-10-02 02:59:27Z,CLE,in,0.831,Q4 10:10,5.0,11617,Malachi Corley,WR,0.5,0.0,0.07,0.07,0.07,0.08,0.831,1.0,0.07,,0.0,0
2026-10-02 02:59:27Z,PIT,in,0.831,Q4 10:10,-5.0,9479,Darnell Washington,TE,4.9,11.7,1.36,13.06,12.85,12.53,0.0,1.0,13.06,,0.0,0
2026-10-02 02:59:27Z,CLE,in,0.831,Q4 10:10,5.0,CLE,Cleveland Browns D/ST,DST,7.0,8.0,0.25,8.25,9.28,9.19,0.0,1.0,8.25,,0.0,0
2026-10-02 02:59:27Z,PIT,in,0.831,Q4 10:10,-5.0,1945,Chris Boswell,K,8.1,3.0,1.21,4.21,4.21,4.37,0.333,1.0,4.21,,0.0,0
2026-10-02 02:59:27Z,CLE,in,0.831,Q4 10:10,5.0,12512,Quinshon Judkins,RB,11.8,18.3,2.42,20.72,20.66,20.3,0.081,1.0,20.72,,0.0,0
2026-10-02 02:59:27Z,PIT,in,0.831,Q4 10:10,-5.0,7600,Pat Freiermuth,TE,7.8,3.4,1.57,4.97,4.59,4.72,0.461,1.0,4.97,,0.0,0
2026-10-02 02:59:27Z,PIT,in,0.831,Q4 10:10,-5.0,8228,Jaylen Warren,RB,13.6,15.1,2.64,17.74,17.57,17.4,0.002,1.0,17.74,,0.0,0
2026-10-02 02:59:27Z,CLE,in,0.831,Q4 10:10,5.0,12503,Isaiah Bond,WR,1.6,1.2,0.26,1.46,1.47,1.47,0.809,1.0,1.46,,0.0,0
2026-10-02 02:59:27Z,PIT,in,0.831,Q4 10:10,-5.0,13274,Germie Bernard,WR,4.5,0.0,0.83,0.83,0.6,0.76,0.831,1.0,0.83,,0.0,0
2026-10-02 02:59:27Z,CLE,in,0.831,Q4 10:10,5.0,12506,Harold Fannin,TE,10.6,9.5,1.79,11.29,11.33,11.3,0.353,1.0,11.29,,0.0,0
2026-10-02 02:59:27Z,CLE,in,0.831,Q4 10:10,5.0,13346,Denzel Boston,WR,9.4,10.4,1.66,12.06,12.1,11.99,0.36,1.0,12.06,,0.0,0
2026-10-02 02:59:27Z,CLE,in,0.831,Q4 10:10,5.0,4017,Deshaun Watson,QB,14.0,8.28,2.13,10.41,10.51,10.65,0.069,1.0,10.41,,0.0,0
2026-10-02 02:59:27Z,PIT,in,0.831,Q4 10:10,-5.0,13289,Drew Allar,QB,0.5,0.0,0.09,0.09,0.07,0.08,0.831,0.3,0.03,,0.0,0
2026-10-02 02:59:27Z,CLE,in,0.831,Q4 10:10,5.0,13298,KC Concepcion,WR,9.9,9.8,1.7,11.5,11.54,11.48,0.364,1.0,11.5,,0.0,0
2026-10-02 02:59:27Z,PIT,in,0.831,Q4 10:10,-5.0,6819,Michael Pittman,WR,9.7,3.5,1.92,5.42,4.95,5.14,0.443,1.0,5.42,,0.0,0
2026-10-02 02:59:27Z,PIT,in,0.831,Q4 10:10,-5.0,5846,DK Metcalf,WR,11.2,9.5,2.43,11.93,11.41,11.4,0.038,1.0,11.93,,0.0,0
2026-10-02 03:00:27Z,CLE,in,0.831,Q4 10:10,5.0,6783,Jerry Jeudy,WR,4.8,1.9,0.71,2.61,2.62,2.71,0.172,1.0,2.61,,0.0,0
2026-10-02 03:00:27Z,PIT,in,0.831,Q4 10:10,-5.0,PIT,Pittsburgh Steelers D/ST,DST,8.1,5.0,0.22,5.22,6.3,6.37,0.069,1.0,5.22,,0.0,0
2026-10-02 03:00:27Z,PIT,in,0.831,Q4 10:10,-5.0,96,Aaron Rodgers,QB,15.4,15.88,3.76,19.64,18.62,18.49,0.0,1.0,19.64,,0.0,0
2026-10-02 03:00:27Z,CLE,in,0.831,Q4 10:10,5.0,11261,Andre Szmyt,K,6.9,3.0,1.05,4.05,4.05,4.17,0.353,1.0,4.05,,0.0,0
2026-10-02 03:00:27Z,PIT,in,0.831,Q4 10:10,-5.0,7021,Rico Dowdle,RB,8.4,0.0,1.1,1.1,1.13,1.42,0.831,1.0,1.1,,0.0,0
2026-10-02 03:00:27Z,PIT,in,0.831,Q4 10:10,-5.0,11630,Roman Wilson,WR,5.7,14.1,1.6,15.7,15.46,15.07,0.341,1.0,15.7,,0.0,0
2026-10-02 03:00:27Z,CLE,in,0.831,Q4 10:10,5.0,12523,Jimmy Horn,WR,1.5,0.0,0.2,0.2,0.2,0.25,0.831,1.0,0.2,,0.0,0
2026-10-02 03:00:27Z,CLE,in,0.831,Q4 10:10,5.0,11617,Malachi Corley,WR,0.5,0.0,0.07,0.07,0.07,0.08,0.831,1.0,0.07,,0.0,0
2026-10-02 03:00:27Z,PIT,in,0.831,Q4 10:10,-5.0,9479,Darnell Washington,TE,4.9,11.7,1.36,13.06,12.85,12.53,0.0,1.0,13.06,,0.0,0
2026-10-02 03:00:27Z,CLE,in,0.831,Q4 10:10,5.0,CLE,Cleveland Browns D/ST,DST,7.0,8.0,0.25,8.25,9.28,9.19,0.0,1.0,8.25,,0.0,0
2026-10-02 03:00:27Z,PIT,in,0.831,Q4 10:10,-5.0,1945,Chris Boswell,K,8.1,3.0,1.21,4.21,4.21,4.37,0.333,1.0,4.21,,0.0,0
2026-10-02 03:00:27Z,CLE,in,0.831,Q4 10:10,5.0,12512,Quinshon Judkins,RB,11.8,18.3,2.42,20.72,20.66,20.3,0.081,1.0,20.72,,0.0,0
2026-10-02 03:00:27Z,PIT,in,0.831,Q4 10:10,-5.0,7600,Pat Freiermuth,TE,7.8,3.4,1.57,4.97,4.59,4.72,0.461,1.0,4.97,,0.0,0
2026-10-02 03:00:27Z,PIT,in,0.831,Q4 10:10,-5.0,8228,Jaylen Warren,RB,13.6,15.1,2.64,17.74,17.57,17.4,0.002,1.0,17.74,,0.0,0
2026-10-02 03:00:27Z,CLE,in,0.831,Q4 10:10,5.0,12503,Isaiah Bond,WR,1.6,1.2,0.26,1.46,1.47,1.47,0.809,1.0,1.46,,0.0,0
2026-10-02 03:00:27Z,PIT,in,0.831,Q4 10:10,-5.0,13274,Germie Bernard,WR,4.5,0.0,0.83,0.83,0.6,0.76,0.831,1.0,0.83,,0.0,0
2026-10-02 03:00:27Z,CLE,in,0.831,Q4 10:10,5.0,12506,Harold Fannin,TE,10.6,9.5,1.79,11.29,11.33,11.3,0.353,1.0,11.29,,0.0,0
2026-10-02 03:00:27Z,CLE,in,0.831,Q4 10:10,5.0,13346,Denzel Boston,WR,9.4,10.4,1.66,12.06,12.1,11.99,0.36,1.0,12.06,,0.0,0
2026-10-02 03:00:27Z,CLE,in,0.831,Q4 10:10,5.0,4017,Deshaun Watson,QB,14.0,8.28,2.13,10.41,10.51,10.65,0.069,1.0,10.41,,0.0,0
2026-10-02 03:00:27Z,PIT,in,0.831,Q4 10:10,-5.0,13289,Drew Allar,QB,0.5,0.0,0.09,0.09,0.07,0.08,0.831,0.3,0.03,,0.0,0
2026-10-02 03:00:27Z,CLE,in,0.831,Q4 10:10,5.0,13298,KC Concepcion,WR,9.9,9.8,1.7,11.5,11.54,11.48,0.364,1.0,11.5,,0.0,0
2026-10-02 03:00:27Z,PIT,in,0.831,Q4 10:10,-5.0,6819,Michael Pittman,WR,9.7,3.5,1.92,5.42,4.95,5.14,0.443,1.0,5.42,,0.0,0
2026-10-02 03:00:27Z,PIT,in,0.831,Q4 10:10,-5.0,5846,DK Metcalf,WR,11.2,9.5,2.43,11.93,11.41,11.4,0.038,1.0,11.93,,0.0,0
2026-10-02 03:01:27Z,CLE,in,0.843,Q4 9:26,5.0,6783,Jerry Jeudy,WR,4.8,1.9,0.67,2.57,2.57,2.65,0.184,1.0,2.57,,0.0,0
2026-10-02 03:01:27Z,PIT,in,0.843,Q4 9:26,-5.0,PIT,Pittsburgh Steelers D/ST,DST,8.1,6.0,0.19,6.19,7.24,7.27,0.0,1.0,6.19,,0.0,0
2026-10-02 03:01:27Z,PIT,in,0.843,Q4 9:26,-5.0,96,Aaron Rodgers,QB,15.4,15.88,3.56,19.44,18.42,18.3,0.012,1.0,19.44,,0.0,0
2026-10-02 03:01:27Z,CLE,in,0.843,Q4 9:26,5.0,11261,Andre Szmyt,K,6.9,3.0,0.97,3.97,3.97,4.08,0.366,1.0,3.97,,0.0,0
2026-10-02 03:01:27Z,PIT,in,0.843,Q4 9:26,-5.0,7021,Rico Dowdle,RB,8.4,0.0,1.02,1.02,1.04,1.32,0.843,1.0,1.02,,0.0,0
2026-10-02 03:01:27Z,PIT,in,0.843,Q4 9:26,-5.0,11630,Roman Wilson,WR,5.7,14.1,1.53,15.63,15.36,15.0,0.353,1.0,15.63,,0.0,0
2026-10-02 03:01:27Z,CLE,in,0.843,Q4 9:26,5.0,12523,Jimmy Horn,WR,1.5,0.0,0.19,0.19,0.19,0.24,0.843,1.0,0.19,,0.0,0
2026-10-02 03:01:27Z,CLE,in,0.843,Q4 9:26,5.0,11617,Malachi Corley,WR,0.5,0.0,0.06,0.06,0.06,0.08,0.843,1.0,0.06,,0.0,0
2026-10-02 03:01:27Z,PIT,in,0.843,Q4 9:26,-5.0,9479,Darnell Washington,TE,4.9,11.7,1.3,13.0,12.77,12.47,0.012,1.0,13.0,,0.0,0
2026-10-02 03:01:27Z,CLE,in,0.843,Q4 9:26,5.0,CLE,Cleveland Browns D/ST,DST,7.0,8.0,0.25,8.25,9.18,9.1,0.012,1.0,8.25,,0.0,0
2026-10-02 03:01:27Z,PIT,in,0.843,Q4 9:26,-5.0,1945,Chris Boswell,K,8.1,3.0,1.12,4.12,4.12,4.27,0.345,1.0,4.12,,0.0,0
2026-10-02 03:01:27Z,CLE,in,0.843,Q4 9:26,5.0,12512,Quinshon Judkins,RB,11.8,18.3,2.27,20.57,20.48,20.16,0.093,1.0,20.57,,0.0,0
2026-10-02 03:01:27Z,PIT,in,0.843,Q4 9:26,-5.0,7600,Pat Freiermuth,TE,7.8,3.4,1.48,4.88,4.5,4.63,0.473,1.0,4.88,,0.0,0
2026-10-02 03:01:27Z,PIT,in,0.843,Q4 9:26,-5.0,8228,Jaylen Warren,RB,13.6,15.1,2.48,17.58,17.38,17.24,0.014,1.0,17.58,,0.0,0
2026-10-02 03:01:27Z,CLE,in,0.843,Q4 9:26,5.0,12503,Isaiah Bond,WR,1.6,1.2,0.24,1.44,1.45,1.45,0.822,1.0,1.44,,0.0,0
2026-10-02 03:01:27Z,PIT,in,0.843,Q4 9:26,-5.0,13274,Germie Bernard,WR,4.5,0.0,0.78,0.78,0.56,0.71,0.843,1.0,0.78,,0.0,0
2026-10-02 03:01:27Z,CLE,in,0.843,Q4 9:26,5.0,12506,Harold Fannin,TE,10.6,9.5,1.68,11.18,11.19,11.17,0.366,1.0,11.18,,0.0,0
2026-10-02 03:01:27Z,CLE,in,0.843,Q4 9:26,5.0,13346,Denzel Boston,WR,9.4,10.4,1.57,11.97,11.98,11.88,0.372,1.0,11.97,,0.0,0
2026-10-02 03:01:27Z,CLE,in,0.843,Q4 9:26,5.0,4017,Deshaun Watson,QB,14.0,8.28,1.99,10.27,10.34,10.48,0.081,1.0,10.27,,0.0,0
2026-10-02 03:01:27Z,PIT,in,0.843,Q4 9:26,-5.0,13289,Drew Allar,QB,0.5,0.0,0.08,0.08,0.06,0.08,0.843,0.3,0.02,,0.0,0
2026-10-02 03:01:27Z,CLE,in,0.843,Q4 9:26,5.0,13298,KC Concepcion,WR,9.9,9.8,1.61,11.41,11.41,11.36,0.376,1.0,11.41,,0.0,0
2026-10-02 03:01:27Z,PIT,in,0.843,Q4 9:26,-5.0,6819,Michael Pittman,WR,9.7,3.5,1.81,5.31,4.84,5.03,0.455,1.0,5.31,,0.0,0
2026-10-02 03:01:27Z,PIT,in,0.843,Q4 9:26,-5.0,5846,DK Metcalf,WR,11.2,9.5,2.3,11.8,11.26,11.26,0.05,1.0,11.8,,0.0,0
2026-10-02 03:02:28Z,CLE,in,0.854,Q4 8:45,5.0,6783,Jerry Jeudy,WR,4.8,1.9,0.63,2.53,2.52,2.6,0.196,1.0,2.53,,0.0,0
2026-10-02 03:02:28Z,PIT,in,0.854,Q4 8:45,-5.0,PIT,Pittsburgh Steelers D/ST,DST,8.1,6.0,0.18,6.18,7.15,7.18,0.011,1.0,6.18,,0.0,0
2026-10-02 03:02:28Z,PIT,in,0.854,Q4 8:45,-5.0,96,Aaron Rodgers,QB,15.4,15.88,3.36,19.24,18.23,18.13,0.024,1.0,19.24,,0.0,0
2026-10-02 03:02:28Z,CLE,in,0.854,Q4 8:45,5.0,11261,Andre Szmyt,K,6.9,3.0,0.9,3.9,3.9,4.01,0.377,1.0,3.9,,0.0,0
2026-10-02 03:02:28Z,PIT,in,0.854,Q4 8:45,-5.0,7021,Rico Dowdle,RB,8.4,0.0,0.94,0.94,0.96,1.23,0.854,1.0,0.94,,0.0,0
2026-10-02 03:02:28Z,PIT,in,0.854,Q4 8:45,-5.0,11630,Roman Wilson,WR,5.7,14.1,1.45,15.55,15.27,14.93,0.364,1.0,15.55,,0.0,0
2026-10-02 03:02:28Z,CLE,in,0.854,Q4 8:45,5.0,12523,Jimmy Horn,WR,1.5,0.0,0.17,0.17,0.17,0.22,0.854,1.0,0.17,,0.0,0
2026-10-02 03:02:28Z,CLE,in,0.854,Q4 8:45,5.0,11617,Malachi Corley,WR,0.5,0.0,0.06,0.06,0.06,0.07,0.854,1.0,0.06,,0.0,0
2026-10-02 03:02:28Z,PIT,in,0.854,Q4 8:45,-5.0,9479,Darnell Washington,TE,4.9,11.7,1.23,12.93,12.69,12.41,0.024,1.0,12.93,,0.0,0
2026-10-02 03:02:28Z,CLE,in,0.854,Q4 8:45,5.0,CLE,Cleveland Browns D/ST,DST,7.0,8.0,0.25,8.25,9.09,9.02,0.024,1.0,8.25,,0.0,0
2026-10-02 03:02:28Z,PIT,in,0.854,Q4 8:45,-5.0,1945,Chris Boswell,K,8.1,3.0,1.04,4.04,4.04,4.18,0.356,1.0,4.04,,0.0,0
2026-10-02 03:02:28Z,CLE,in,0.854,Q4 8:45,5.0,12512,Quinshon Judkins,RB,11.8,20.3,2.23,22.53,22.39,22.02,0.0,1.0,22.53,,0.0,0
2026-10-02 03:02:28Z,PIT,in,0.854,Q4 8:45,-5.0,7600,Pat Freiermuth,TE,7.8,3.4,1.4,4.8,4.42,4.54,0.485,1.0,4.8,,0.0,0
2026-10-02 03:02:28Z,PIT,in,0.854,Q4 8:45,-5.0,8228,Jaylen Warren,RB,13.6,15.1,2.32,17.42,17.21,17.08,0.025,1.0,17.42,,0.0,0
2026-10-02 03:02:28Z,CLE,in,0.854,Q4 8:45,5.0,12503,Isaiah Bond,WR,1.6,1.2,0.23,1.43,1.43,1.43,0.833,1.0,1.43,,0.0,0
2026-10-02 03:02:28Z,PIT,in,0.854,Q4 8:45,-5.0,13274,Germie Bernard,WR,4.5,0.0,0.73,0.73,0.52,0.66,0.854,1.0,0.73,,0.0,0
2026-10-02 03:02:28Z,CLE,in,0.854,Q4 8:45,5.0,12506,Harold Fannin,TE,10.6,9.5,1.58,11.08,11.06,11.05,0.377,1.0,11.08,,0.0,0
2026-10-02 03:02:28Z,CLE,in,0.854,Q4 8:45,5.0,13346,Denzel Boston,WR,9.4,10.4,1.47,11.87,11.86,11.77,0.384,1.0,11.87,,0.0,0
2026-10-02 03:02:28Z,CLE,in,0.854,Q4 8:45,5.0,4017,Deshaun Watson,QB,14.0,8.68,1.89,10.57,10.6,10.72,0.0,1.0,10.57,,0.0,0
2026-10-02 03:02:28Z,PIT,in,0.854,Q4 8:45,-5.0,13289,Drew Allar,QB,0.5,0.0,0.08,0.08,0.06,0.07,0.854,0.3,0.02,,0.0,0
2026-10-02 03:02:28Z,CLE,in,0.854,Q4 8:45,5.0,13298,KC Concepcion,WR,9.9,9.8,1.51,11.31,11.29,11.24,0.387,1.0,11.31,,0.0,0
2026-10-02 03:02:28Z,PIT,in,0.854,Q4 8:45,-5.0,6819,Michael Pittman,WR,9.7,3.5,1.71,5.21,4.74,4.91,0.466,1.0,5.21,,0.0,0
2026-10-02 03:02:28Z,PIT,in,0.854,Q4 8:45,-5.0,5846,DK Metcalf,WR,11.2,9.5,2.18,11.68,11.13,11.13,0.062,1.0,11.68,,0.0,0
2026-10-02 03:03:28Z,CLE,in,0.861,Q4 8:19,5.0,6783,Jerry Jeudy,WR,4.8,1.9,0.6,2.5,2.49,2.57,0.203,1.0,2.5,,0.0,0
2026-10-02 03:03:28Z,PIT,in,0.861,Q4 8:19,-5.0,PIT,Pittsburgh Steelers D/ST,DST,8.1,6.0,0.18,6.18,7.09,7.12,0.019,1.0,6.18,,0.0,0
2026-10-02 03:03:28Z,PIT,in,0.861,Q4 8:19,-5.0,96,Aaron Rodgers,QB,15.4,15.88,3.23,19.11,18.11,18.01,0.031,1.0,19.11,,0.0,0
2026-10-02 03:03:28Z,CLE,in,0.861,Q4 8:19,5.0,11261,Andre Szmyt,K,6.9,3.0,0.85,3.85,3.85,3.96,0.384,1.0,3.85,,0.0,0
2026-10-02 03:03:28Z,PIT,in,0.861,Q4 8:19,-5.0,7021,Rico Dowdle,RB,8.4,0.0,0.9,0.9,0.91,1.16,0.861,1.0,0.9,,0.0,0
2026-10-02 03:03:28Z,PIT,in,0.861,Q4 8:19,-5.0,11630,Roman Wilson,WR,5.7,14.1,1.4,15.5,15.21,14.89,0.372,1.0,15.5,,0.0,0
2026-10-02 03:03:28Z,CLE,in,0.861,Q4 8:19,5.0,12523,Jimmy Horn,WR,1.5,0.0,0.17,0.17,0.16,0.21,0.861,1.0,0.17,,0.0,0
2026-10-02 03:03:28Z,CLE,in,0.861,Q4 8:19,5.0,11617,Malachi Corley,WR,0.5,0.0,0.06,0.06,0.05,0.07,0.861,1.0,0.06,,0.0,0
2026-10-02 03:03:28Z,PIT,in,0.861,Q4 8:19,-5.0,9479,Darnell Washington,TE,4.9,11.7,1.19,12.89,12.64,12.38,0.031,1.0,12.89,,0.0,0
2026-10-02 03:03:28Z,CLE,in,0.861,Q4 8:19,5.0,CLE,Cleveland Browns D/ST,DST,7.0,8.0,0.25,8.25,9.04,8.97,0.031,1.0,8.25,,0.0,0
2026-10-02 03:03:28Z,PIT,in,0.861,Q4 8:19,-5.0,1945,Chris Boswell,K,8.1,3.0,0.98,3.98,3.98,4.12,0.364,1.0,3.98,,0.0,0
2026-10-02 03:03:28Z,CLE,in,0.861,Q4 8:19,5.0,12512,Quinshon Judkins,RB,11.8,20.3,2.14,22.44,22.29,21.94,0.007,1.0,22.44,,0.0,0
2026-10-02 03:03:28Z,PIT,in,0.861,Q4 8:19,-5.0,7600,Pat Freiermuth,TE,7.8,3.4,1.34,4.74,4.37,4.48,0.492,1.0,4.74,,0.0,0
2026-10-02 03:03:28Z,PIT,in,0.861,Q4 8:19,-5.0,8228,Jaylen Warren,RB,13.6,15.1,2.22,17.32,17.1,16.99,0.032,1.0,17.32,,0.0,0
2026-10-02 03:03:28Z,CLE,in,0.861,Q4 8:19,5.0,12503,Isaiah Bond,WR,1.6,1.2,0.22,1.42,1.42,1.42,0.84,1.0,1.42,,0.0,0
2026-10-02 03:03:28Z,PIT,in,0.861,Q4 8:19,-5.0,13274,Germie Bernard,WR,4.5,0.0,0.7,0.7,0.49,0.62,0.861,1.0,0.7,,0.0,0
2026-10-02 03:03:28Z,CLE,in,0.861,Q4 8:19,5.0,12506,Harold Fannin,TE,10.6,9.5,1.51,11.01,10.98,10.97,0.384,1.0,11.01,,0.0,0
2026-10-02 03:03:28Z,CLE,in,0.861,Q4 8:19,5.0,13346,Denzel Boston,WR,9.4,10.4,1.41,11.81,11.78,11.7,0.391,1.0,11.81,,0.0,0
2026-10-02 03:03:28Z,CLE,in,0.861,Q4 8:19,5.0,4017,Deshaun Watson,QB,14.0,10.88,1.93,12.81,12.78,12.82,0.0,1.0,12.81,,0.0,0
2026-10-02 03:03:28Z,PIT,in,0.861,Q4 8:19,-5.0,13289,Drew Allar,QB,0.5,0.0,0.07,0.07,0.05,0.07,0.861,0.3,0.02,,0.0,0
2026-10-02 03:03:28Z,CLE,in,0.861,Q4 8:19,5.0,13298,KC Concepcion,WR,9.9,9.8,1.45,11.25,11.22,11.17,0.395,1.0,11.25,,0.0,0
2026-10-02 03:03:28Z,PIT,in,0.861,Q4 8:19,-5.0,6819,Michael Pittman,WR,9.7,3.5,1.64,5.14,4.68,4.84,0.473,1.0,5.14,,0.0,0
2026-10-02 03:03:28Z,PIT,in,0.861,Q4 8:19,-5.0,5846,DK Metcalf,WR,11.2,9.5,2.09,11.59,11.05,11.05,0.069,1.0,11.59,,0.0,0
2026-10-02 03:04:28Z,CLE,in,0.873,Q4 7:39,5.0,6783,Jerry Jeudy,WR,4.8,1.9,0.56,2.46,2.44,2.51,0.214,1.0,2.46,,0.0,0
2026-10-02 03:04:28Z,PIT,in,0.873,Q4 7:39,-5.0,PIT,Pittsburgh Steelers D/ST,DST,8.1,6.0,0.18,6.18,7.0,7.03,0.03,1.0,6.18,,0.0,0
2026-10-02 03:04:28Z,PIT,in,0.873,Q4 7:39,-5.0,96,Aaron Rodgers,QB,15.4,15.88,3.02,18.9,17.92,17.84,0.042,1.0,18.9,,0.0,0
2026-10-02 03:04:28Z,CLE,in,0.873,Q4 7:39,5.0,11261,Andre Szmyt,K,6.9,3.0,0.78,3.78,3.78,3.88,0.395,1.0,3.78,,0.0,0
2026-10-02 03:04:28Z,PIT,in,0.873,Q4 7:39,-5.0,7021,Rico Dowdle,RB,8.4,0.0,0.82,0.82,0.84,1.07,0.873,1.0,0.82,,0.0,0
2026-10-02 03:04:28Z,PIT,in,0.873,Q4 7:39,-5.0,11630,Roman Wilson,WR,5.7,14.1,1.32,15.42,15.12,14.83,0.383,1.0,15.42,,0.0,0
2026-10-02 03:04:28Z,CLE,in,0.873,Q4 7:39,5.0,12523,Jimmy Horn,WR,1.5,0.0,0.15,0.15,0.15,0.19,0.873,1.0,0.15,,0.0,0
2026-10-02 03:04:28Z,CLE,in,0.873,Q4 7:39,5.0,11617,Malachi Corley,WR,0.5,0.0,0.05,0.05,0.05,0.06,0.873,1.0,0.05,,0.0,0
2026-10-02 03:04:28Z,PIT,in,0.873,Q4 7:39,-5.0,9479,Darnell Washington,TE,4.9,11.7,1.12,12.82,12.56,12.32,0.042,1.0,12.82,,0.0,0
2026-10-02 03:04:28Z,CLE,in,0.873,Q4 7:39,5.0,CLE,Cleveland Browns D/ST,DST,7.0,8.0,0.24,8.24,8.95,8.89,0.042,1.0,8.24,,0.0,0
2026-10-02 03:04:28Z,PIT,in,0.873,Q4 7:39,-5.0,1945,Chris Boswell,K,8.1,3.0,0.9,3.9,3.9,4.03,0.375,1.0,3.9,,0.0,0
2026-10-02 03:04:28Z,CLE,in,0.873,Q4 7:39,5.0,12512,Quinshon Judkins,RB,11.8,20.4,1.99,22.39,22.23,21.9,0.0,1.0,22.39,,0.0,0
2026-10-02 03:04:28Z,PIT,in,0.873,Q4 7:39,-5.0,7600,Pat Freiermuth,TE,7.8,3.4,1.25,4.65,4.29,4.39,0.503,1.0,4.65,,0.0,0
2026-10-02 03:04:28Z,PIT,in,0.873,Q4 7:39,-5.0,8228,Jaylen Warren,RB,13.6,15.1,2.06,17.16,16.94,16.83,0.044,1.0,17.16,,0.0,0
2026-10-02 03:04:28Z,CLE,in,0.873,Q4 7:39,5.0,12503,Isaiah Bond,WR,1.6,1.2,0.2,1.4,1.4,1.4,0.851,1.0,1.4,,0.0,0
2026-10-02 03:04:28Z,PIT,in,0.873,Q4 7:39,-5.0,13274,Germie Bernard,WR,4.5,0.0,0.65,0.65,0.45,0.57,0.873,1.0,0.65,,0.0,0
2026-10-02 03:04:28Z,CLE,in,0.873,Q4 7:39,5.0,12506,Harold Fannin,TE,10.6,9.5,1.41,10.91,10.86,10.85,0.395,1.0,10.91,,0.0,0
2026-10-02 03:04:28Z,CLE,in,0.873,Q4 7:39,5.0,13346,Denzel Boston,WR,9.4,10.4,1.32,11.72,11.67,11.6,0.402,1.0,11.72,,0.0,0
2026-10-02 03:04:28Z,CLE,in,0.873,Q4 7:39,5.0,4017,Deshaun Watson,QB,14.0,10.78,1.78,12.56,12.52,12.56,0.0,1.0,12.56,,0.0,0
2026-10-02 03:04:28Z,PIT,in,0.873,Q4 7:39,-5.0,13289,Drew Allar,QB,0.5,0.0,0.07,0.07,0.05,0.06,0.873,0.3,0.02,,0.0,0
2026-10-02 03:04:28Z,CLE,in,0.873,Q4 7:39,5.0,13298,KC Concepcion,WR,9.9,9.8,1.35,11.15,11.1,11.06,0.406,1.0,11.15,,0.0,0
2026-10-02 03:04:28Z,PIT,in,0.873,Q4 7:39,-5.0,6819,Michael Pittman,WR,9.7,3.5,1.53,5.03,4.58,4.74,0.484,1.0,5.03,,0.0,0
2026-10-02 03:04:28Z,PIT,in,0.873,Q4 7:39,-5.0,5846,DK Metcalf,WR,11.2,9.5,1.96,11.46,10.92,10.93,0.08,1.0,11.46,,0.0,0
2026-10-02 03:05:29Z,CLE,in,0.873,Q4 7:39,5.0,6783,Jerry Jeudy,WR,4.8,1.9,0.56,2.46,2.44,2.51,0.214,1.0,2.46,,0.0,0
2026-10-02 03:05:29Z,PIT,in,0.873,Q4 7:39,-5.0,PIT,Pittsburgh Steelers D/ST,DST,8.1,6.0,0.18,6.18,7.0,7.03,0.03,1.0,6.18,,0.0,0
2026-10-02 03:05:29Z,PIT,in,0.873,Q4 7:39,-5.0,96,Aaron Rodgers,QB,15.4,15.88,3.02,18.9,17.92,17.84,0.042,1.0,18.9,,0.0,0
2026-10-02 03:05:29Z,CLE,in,0.873,Q4 7:39,5.0,11261,Andre Szmyt,K,6.9,3.0,0.78,3.78,3.78,3.88,0.395,1.0,3.78,,0.0,0
2026-10-02 03:05:29Z,PIT,in,0.873,Q4 7:39,-5.0,7021,Rico Dowdle,RB,8.4,0.0,0.82,0.82,0.84,1.07,0.873,1.0,0.82,,0.0,0
2026-10-02 03:05:29Z,PIT,in,0.873,Q4 7:39,-5.0,11630,Roman Wilson,WR,5.7,14.1,1.32,15.42,15.12,14.83,0.383,1.0,15.42,,0.0,0
2026-10-02 03:05:29Z,CLE,in,0.873,Q4 7:39,5.0,12523,Jimmy Horn,WR,1.5,0.0,0.15,0.15,0.15,0.19,0.873,1.0,0.15,,0.0,0
2026-10-02 03:05:29Z,CLE,in,0.873,Q4 7:39,5.0,11617,Malachi Corley,WR,0.5,0.0,0.05,0.05,0.05,0.06,0.873,1.0,0.05,,0.0,0
2026-10-02 03:05:29Z,PIT,in,0.873,Q4 7:39,-5.0,9479,Darnell Washington,TE,4.9,11.7,1.12,12.82,12.56,12.32,0.042,1.0,12.82,,0.0,0
2026-10-02 03:05:29Z,CLE,in,0.873,Q4 7:39,5.0,CLE,Cleveland Browns D/ST,DST,7.0,8.0,0.24,8.24,8.95,8.89,0.042,1.0,8.24,,0.0,0
2026-10-02 03:05:29Z,PIT,in,0.873,Q4 7:39,-5.0,1945,Chris Boswell,K,8.1,3.0,0.9,3.9,3.9,4.03,0.375,1.0,3.9,,0.0,0
2026-10-02 03:05:29Z,CLE,in,0.873,Q4 7:39,5.0,12512,Quinshon Judkins,RB,11.8,20.4,1.99,22.39,22.23,21.9,0.0,1.0,22.39,,0.0,0
2026-10-02 03:05:29Z,PIT,in,0.873,Q4 7:39,-5.0,7600,Pat Freiermuth,TE,7.8,3.4,1.25,4.65,4.29,4.39,0.503,1.0,4.65,,0.0,0
2026-10-02 03:05:29Z,PIT,in,0.873,Q4 7:39,-5.0,8228,Jaylen Warren,RB,13.6,15.1,2.06,17.16,16.94,16.83,0.044,1.0,17.16,,0.0,0
2026-10-02 03:05:29Z,CLE,in,0.873,Q4 7:39,5.0,12503,Isaiah Bond,WR,1.6,1.2,0.2,1.4,1.4,1.4,0.851,1.0,1.4,,0.0,0
2026-10-02 03:05:29Z,PIT,in,0.873,Q4 7:39,-5.0,13274,Germie Bernard,WR,4.5,0.0,0.65,0.65,0.45,0.57,0.873,1.0,0.65,,0.0,0
2026-10-02 03:05:29Z,CLE,in,0.873,Q4 7:39,5.0,12506,Harold Fannin,TE,10.6,9.5,1.41,10.91,10.86,10.85,0.395,1.0,10.91,,0.0,0
2026-10-02 03:05:29Z,CLE,in,0.873,Q4 7:39,5.0,13346,Denzel Boston,WR,9.4,10.4,1.32,11.72,11.67,11.6,0.402,1.0,11.72,,0.0,0
2026-10-02 03:05:29Z,CLE,in,0.873,Q4 7:39,5.0,4017,Deshaun Watson,QB,14.0,10.78,1.78,12.56,12.52,12.56,0.0,1.0,12.56,,0.0,0
2026-10-02 03:05:29Z,PIT,in,0.873,Q4 7:39,-5.0,13289,Drew Allar,QB,0.5,0.0,0.07,0.07,0.05,0.06,0.873,0.3,0.02,,0.0,0
2026-10-02 03:05:29Z,CLE,in,0.873,Q4 7:39,5.0,13298,KC Concepcion,WR,9.9,9.8,1.35,11.15,11.1,11.06,0.406,1.0,11.15,,0.0,0
2026-10-02 03:05:29Z,PIT,in,0.873,Q4 7:39,-5.0,6819,Michael Pittman,WR,9.7,3.5,1.53,5.03,4.58,4.74,0.484,1.0,5.03,,0.0,0
2026-10-02 03:05:29Z,PIT,in,0.873,Q4 7:39,-5.0,5846,DK Metcalf,WR,11.2,9.5,1.96,11.46,10.92,10.93,0.08,1.0,11.46,,0.0,0
2026-10-02 03:06:29Z,CLE,in,0.89,Q4 6:37,8.0,6783,Jerry Jeudy,WR,4.8,1.9,0.43,2.33,2.36,2.43,0.231,1.0,2.33,,0.0,0
2026-10-02 03:06:29Z,PIT,in,0.89,Q4 6:37,-8.0,PIT,Pittsburgh Steelers D/ST,DST,8.1,7.0,0.09,7.09,7.89,7.89,0.0,1.0,7.09,,0.0,0
2026-10-02 03:06:29Z,PIT,in,0.89,Q4 6:37,-8.0,96,Aaron Rodgers,QB,15.4,15.88,2.9,18.78,17.64,17.58,0.059,1.0,18.78,,0.0,0
2026-10-02 03:06:29Z,CLE,in,0.89,Q4 6:37,8.0,11261,Andre Szmyt,K,6.9,7.0,0.78,7.78,7.78,7.76,0.0,1.0,7.78,,0.0,0
2026-10-02 03:06:29Z,PIT,in,0.89,Q4 6:37,-8.0,7021,Rico Dowdle,RB,8.4,0.0,0.74,0.74,0.72,0.93,0.89,1.0,0.74,,0.0,0
2026-10-02 03:06:29Z,PIT,in,0.89,Q4 6:37,-8.0,11630,Roman Wilson,WR,5.7,14.1,1.25,15.35,14.98,14.73,0.4,1.0,15.35,,0.0,0
2026-10-02 03:06:29Z,CLE,in,0.89,Q4 6:37,8.0,12523,Jimmy Horn,WR,1.5,0.0,0.12,0.12,0.13,0.17,0.89,1.0,0.12,,0.0,0
2026-10-02 03:06:29Z,CLE,in,0.89,Q4 6:37,8.0,11617,Malachi Corley,WR,0.5,0.0,0.04,0.04,0.04,0.06,0.89,1.0,0.04,,0.0,0
2026-10-02 03:06:29Z,PIT,in,0.89,Q4 6:37,-8.0,9479,Darnell Washington,TE,4.9,11.7,1.06,12.76,12.44,12.24,0.059,1.0,12.76,,0.0,0
2026-10-02 03:06:29Z,CLE,in,0.89,Q4 6:37,8.0,CLE,Cleveland Browns D/ST,DST,7.0,8.0,0.27,8.27,8.82,8.77,0.059,1.0,8.27,,0.0,0
2026-10-02 03:06:29Z,PIT,in,0.89,Q4 6:37,-8.0,1945,Chris Boswell,K,8.1,3.0,0.78,3.78,3.78,3.89,0.392,1.0,3.78,,0.0,0
2026-10-02 03:06:29Z,CLE,in,0.89,Q4 6:37,8.0,12512,Quinshon Judkins,RB,11.8,20.4,1.71,22.11,21.97,21.7,0.017,1.0,22.11,,0.0,0
2026-10-02 03:06:29Z,PIT,in,0.89,Q4 6:37,-8.0,7600,Pat Freiermuth,TE,7.8,3.4,1.2,4.6,4.16,4.26,0.52,1.0,4.6,,0.0,0
2026-10-02 03:06:29Z,PIT,in,0.89,Q4 6:37,-8.0,8228,Jaylen Warren,RB,13.6,15.1,1.86,16.96,16.68,16.6,0.061,1.0,16.96,,0.0,0
2026-10-02 03:06:29Z,CLE,in,0.89,Q4 6:37,8.0,12503,Isaiah Bond,WR,1.6,1.2,0.16,1.36,1.37,1.38,0.869,1.0,1.36,,0.0,0
2026-10-02 03:06:29Z,PIT,in,0.89,Q4 6:37,-8.0,13274,Germie Bernard,WR,4.5,0.0,0.63,0.63,0.39,0.5,0.89,1.0,0.63,,0.0,0
2026-10-02 03:06:29Z,CLE,in,0.89,Q4 6:37,8.0,12506,Harold Fannin,TE,10.6,9.5,1.12,10.62,10.67,10.67,0.412,1.0,10.62,,0.0,0
2026-10-02 03:06:29Z,CLE,in,0.89,Q4 6:37,8.0,13346,Denzel Boston,WR,9.4,10.4,1.05,11.45,11.49,11.44,0.419,1.0,11.45,,0.0,0
2026-10-02 03:06:29Z,CLE,in,0.89,Q4 6:37,8.0,4017,Deshaun Watson,QB,14.0,11.38,1.38,12.76,12.89,12.92,0.0,1.0,12.76,,0.0,0
2026-10-02 03:06:29Z,PIT,in,0.89,Q4 6:37,-8.0,13289,Drew Allar,QB,0.5,0.0,0.07,0.07,0.04,0.06,0.89,0.3,0.02,,0.0,0
2026-10-02 03:06:29Z,CLE,in,0.89,Q4 6:37,8.0,13298,KC Concepcion,WR,9.9,9.8,1.07,10.87,10.92,10.89,0.423,1.0,10.87,,0.0,0
2026-10-02 03:06:29Z,PIT,in,0.89,Q4 6:37,-8.0,6819,Michael Pittman,WR,9.7,3.5,1.47,4.97,4.43,4.57,0.502,1.0,4.97,,0.0,0
2026-10-02 03:06:29Z,PIT,in,0.89,Q4 6:37,-8.0,5846,DK Metcalf,WR,11.2,9.5,1.87,11.37,10.72,10.74,0.097,1.0,11.37,,0.0,0
2026-10-02 03:07:29Z,CLE,in,0.89,Q4 6:37,8.0,6783,Jerry Jeudy,WR,4.8,1.9,0.43,2.33,2.36,2.43,0.231,1.0,2.33,,0.0,0
2026-10-02 03:07:29Z,PIT,in,0.89,Q4 6:37,-8.0,PIT,Pittsburgh Steelers D/ST,DST,8.1,7.0,0.09,7.09,7.89,7.89,0.0,1.0,7.09,,0.0,0
2026-10-02 03:07:29Z,PIT,in,0.89,Q4 6:37,-8.0,96,Aaron Rodgers,QB,15.4,15.88,2.9,18.78,17.64,17.58,0.059,1.0,18.78,,0.0,0
2026-10-02 03:07:29Z,CLE,in,0.89,Q4 6:37,8.0,11261,Andre Szmyt,K,6.9,7.0,0.78,7.78,7.78,7.76,0.0,1.0,7.78,,0.0,0
2026-10-02 03:07:29Z,PIT,in,0.89,Q4 6:37,-8.0,7021,Rico Dowdle,RB,8.4,0.0,0.74,0.74,0.72,0.93,0.89,1.0,0.74,,0.0,0
2026-10-02 03:07:29Z,PIT,in,0.89,Q4 6:37,-8.0,11630,Roman Wilson,WR,5.7,14.1,1.25,15.35,14.98,14.73,0.4,1.0,15.35,,0.0,0
2026-10-02 03:07:29Z,CLE,in,0.89,Q4 6:37,8.0,12523,Jimmy Horn,WR,1.5,0.0,0.12,0.12,0.13,0.17,0.89,1.0,0.12,,0.0,0
2026-10-02 03:07:29Z,CLE,in,0.89,Q4 6:37,8.0,11617,Malachi Corley,WR,0.5,0.0,0.04,0.04,0.04,0.06,0.89,1.0,0.04,,0.0,0
2026-10-02 03:07:29Z,PIT,in,0.89,Q4 6:37,-8.0,9479,Darnell Washington,TE,4.9,11.7,1.06,12.76,12.44,12.24,0.059,1.0,12.76,,0.0,0
2026-10-02 03:07:29Z,CLE,in,0.89,Q4 6:37,8.0,CLE,Cleveland Browns D/ST,DST,7.0,8.0,0.27,8.27,8.82,8.77,0.059,1.0,8.27,,0.0,0
2026-10-02 03:07:29Z,PIT,in,0.89,Q4 6:37,-8.0,1945,Chris Boswell,K,8.1,3.0,0.78,3.78,3.78,3.89,0.392,1.0,3.78,,0.0,0
2026-10-02 03:07:29Z,CLE,in,0.89,Q4 6:37,8.0,12512,Quinshon Judkins,RB,11.8,20.4,1.71,22.11,21.97,21.7,0.017,1.0,22.11,,0.0,0
2026-10-02 03:07:29Z,PIT,in,0.89,Q4 6:37,-8.0,7600,Pat Freiermuth,TE,7.8,3.4,1.2,4.6,4.16,4.26,0.52,1.0,4.6,,0.0,0
2026-10-02 03:07:29Z,PIT,in,0.89,Q4 6:37,-8.0,8228,Jaylen Warren,RB,13.6,15.1,1.86,16.96,16.68,16.6,0.061,1.0,16.96,,0.0,0
2026-10-02 03:07:29Z,CLE,in,0.89,Q4 6:37,8.0,12503,Isaiah Bond,WR,1.6,1.2,0.16,1.36,1.37,1.38,0.869,1.0,1.36,,0.0,0
2026-10-02 03:07:29Z,PIT,in,0.89,Q4 6:37,-8.0,13274,Germie Bernard,WR,4.5,0.0,0.63,0.63,0.39,0.5,0.89,1.0,0.63,,0.0,0
2026-10-02 03:07:29Z,CLE,in,0.89,Q4 6:37,8.0,12506,Harold Fannin,TE,10.6,9.5,1.12,10.62,10.67,10.67,0.412,1.0,10.62,,0.0,0
2026-10-02 03:07:29Z,CLE,in,0.89,Q4 6:37,8.0,13346,Denzel Boston,WR,9.4,10.4,1.05,11.45,11.49,11.44,0.419,1.0,11.45,,0.0,0
2026-10-02 03:07:29Z,CLE,in,0.89,Q4 6:37,8.0,4017,Deshaun Watson,QB,14.0,11.38,1.38,12.76,12.89,12.92,0.0,1.0,12.76,,0.0,0
2026-10-02 03:07:29Z,PIT,in,0.89,Q4 6:37,-8.0,13289,Drew Allar,QB,0.5,0.0,0.07,0.07,0.04,0.06,0.89,0.3,0.02,,0.0,0
2026-10-02 03:07:29Z,CLE,in,0.89,Q4 6:37,8.0,13298,KC Concepcion,WR,9.9,9.8,1.07,10.87,10.92,10.89,0.423,1.0,10.87,,0.0,0
2026-10-02 03:07:29Z,PIT,in,0.89,Q4 6:37,-8.0,6819,Michael Pittman,WR,9.7,3.5,1.47,4.97,4.43,4.57,0.502,1.0,4.97,,0.0,0
2026-10-02 03:07:29Z,PIT,in,0.89,Q4 6:37,-8.0,5846,DK Metcalf,WR,11.2,9.5,1.87,11.37,10.72,10.74,0.097,1.0,11.37,,0.0,0
2026-10-02 03:08:30Z,CLE,in,0.89,Q4 6:37,8.0,6783,Jerry Jeudy,WR,4.8,1.9,0.43,2.33,2.36,2.43,0.231,1.0,2.33,,0.0,0
2026-10-02 03:08:30Z,PIT,in,0.89,Q4 6:37,-8.0,PIT,Pittsburgh Steelers D/ST,DST,8.1,7.0,0.09,7.09,7.89,7.89,0.0,1.0,7.09,,0.0,0
2026-10-02 03:08:30Z,PIT,in,0.89,Q4 6:37,-8.0,96,Aaron Rodgers,QB,15.4,15.88,2.9,18.78,17.64,17.58,0.059,1.0,18.78,,0.0,0
2026-10-02 03:08:30Z,CLE,in,0.89,Q4 6:37,8.0,11261,Andre Szmyt,K,6.9,7.0,0.78,7.78,7.78,7.76,0.0,1.0,7.78,,0.0,0
2026-10-02 03:08:30Z,PIT,in,0.89,Q4 6:37,-8.0,7021,Rico Dowdle,RB,8.4,0.0,0.74,0.74,0.72,0.93,0.89,1.0,0.74,,0.0,0
2026-10-02 03:08:30Z,PIT,in,0.89,Q4 6:37,-8.0,11630,Roman Wilson,WR,5.7,14.1,1.25,15.35,14.98,14.73,0.4,1.0,15.35,,0.0,0
2026-10-02 03:08:30Z,CLE,in,0.89,Q4 6:37,8.0,12523,Jimmy Horn,WR,1.5,0.0,0.12,0.12,0.13,0.17,0.89,1.0,0.12,,0.0,0
2026-10-02 03:08:30Z,CLE,in,0.89,Q4 6:37,8.0,11617,Malachi Corley,WR,0.5,0.0,0.04,0.04,0.04,0.06,0.89,1.0,0.04,,0.0,0
2026-10-02 03:08:30Z,PIT,in,0.89,Q4 6:37,-8.0,9479,Darnell Washington,TE,4.9,11.7,1.06,12.76,12.44,12.24,0.059,1.0,12.76,,0.0,0
2026-10-02 03:08:30Z,CLE,in,0.89,Q4 6:37,8.0,CLE,Cleveland Browns D/ST,DST,7.0,8.0,0.27,8.27,8.82,8.77,0.059,1.0,8.27,,0.0,0
2026-10-02 03:08:30Z,PIT,in,0.89,Q4 6:37,-8.0,1945,Chris Boswell,K,8.1,3.0,0.78,3.78,3.78,3.89,0.392,1.0,3.78,,0.0,0
2026-10-02 03:08:30Z,CLE,in,0.89,Q4 6:37,8.0,12512,Quinshon Judkins,RB,11.8,20.4,1.71,22.11,21.97,21.7,0.017,1.0,22.11,,0.0,0
2026-10-02 03:08:30Z,PIT,in,0.89,Q4 6:37,-8.0,7600,Pat Freiermuth,TE,7.8,3.4,1.2,4.6,4.16,4.26,0.52,1.0,4.6,,0.0,0
2026-10-02 03:08:30Z,PIT,in,0.89,Q4 6:37,-8.0,8228,Jaylen Warren,RB,13.6,15.1,1.86,16.96,16.68,16.6,0.061,1.0,16.96,,0.0,0
2026-10-02 03:08:30Z,CLE,in,0.89,Q4 6:37,8.0,12503,Isaiah Bond,WR,1.6,1.2,0.16,1.36,1.37,1.38,0.869,1.0,1.36,,0.0,0
2026-10-02 03:08:30Z,PIT,in,0.89,Q4 6:37,-8.0,13274,Germie Bernard,WR,4.5,0.0,0.63,0.63,0.39,0.5,0.89,1.0,0.63,,0.0,0
2026-10-02 03:08:30Z,CLE,in,0.89,Q4 6:37,8.0,12506,Harold Fannin,TE,10.6,9.5,1.12,10.62,10.67,10.67,0.412,1.0,10.62,,0.0,0
2026-10-02 03:08:30Z,CLE,in,0.89,Q4 6:37,8.0,13346,Denzel Boston,WR,9.4,10.4,1.05,11.45,11.49,11.44,0.419,1.0,11.45,,0.0,0
2026-10-02 03:08:30Z,CLE,in,0.89,Q4 6:37,8.0,4017,Deshaun Watson,QB,14.0,11.38,1.38,12.76,12.89,12.92,0.0,1.0,12.76,,0.0,0
2026-10-02 03:08:30Z,PIT,in,0.89,Q4 6:37,-8.0,13289,Drew Allar,QB,0.5,0.0,0.07,0.07,0.04,0.06,0.89,0.3,0.02,,0.0,0
2026-10-02 03:08:30Z,CLE,in,0.89,Q4 6:37,8.0,13298,KC Concepcion,WR,9.9,9.8,1.07,10.87,10.92,10.89,0.423,1.0,10.87,,0.0,0
2026-10-02 03:08:30Z,PIT,in,0.89,Q4 6:37,-8.0,6819,Michael Pittman,WR,9.7,3.5,1.47,4.97,4.43,4.57,0.502,1.0,4.97,,0.0,0
2026-10-02 03:08:30Z,PIT,in,0.89,Q4 6:37,-8.0,5846,DK Metcalf,WR,11.2,9.5,1.87,11.37,10.72,10.74,0.097,1.0,11.37,,0.0,0
2026-10-02 03:09:30Z,CLE,in,0.89,Q4 6:37,8.0,6783,Jerry Jeudy,WR,4.8,1.9,0.43,2.33,2.36,2.43,0.231,1.0,2.33,,0.0,0
2026-10-02 03:09:30Z,PIT,in,0.89,Q4 6:37,-8.0,PIT,Pittsburgh Steelers D/ST,DST,8.1,7.0,0.09,7.09,7.89,7.89,0.0,1.0,7.09,,0.0,0
2026-10-02 03:09:30Z,PIT,in,0.89,Q4 6:37,-8.0,96,Aaron Rodgers,QB,15.4,15.88,2.9,18.78,17.64,17.58,0.059,1.0,18.78,,0.0,0
2026-10-02 03:09:30Z,CLE,in,0.89,Q4 6:37,8.0,11261,Andre Szmyt,K,6.9,7.0,0.78,7.78,7.78,7.76,0.0,1.0,7.78,,0.0,0
2026-10-02 03:09:30Z,PIT,in,0.89,Q4 6:37,-8.0,7021,Rico Dowdle,RB,8.4,0.0,0.74,0.74,0.72,0.93,0.89,1.0,0.74,,0.0,0
2026-10-02 03:09:30Z,PIT,in,0.89,Q4 6:37,-8.0,11630,Roman Wilson,WR,5.7,14.1,1.25,15.35,14.98,14.73,0.4,1.0,15.35,,0.0,0
2026-10-02 03:09:30Z,CLE,in,0.89,Q4 6:37,8.0,12523,Jimmy Horn,WR,1.5,0.0,0.12,0.12,0.13,0.17,0.89,1.0,0.12,,0.0,0
2026-10-02 03:09:30Z,CLE,in,0.89,Q4 6:37,8.0,11617,Malachi Corley,WR,0.5,0.0,0.04,0.04,0.04,0.06,0.89,1.0,0.04,,0.0,0
2026-10-02 03:09:30Z,PIT,in,0.89,Q4 6:37,-8.0,9479,Darnell Washington,TE,4.9,11.7,1.06,12.76,12.44,12.24,0.059,1.0,12.76,,0.0,0
2026-10-02 03:09:30Z,CLE,in,0.89,Q4 6:37,8.0,CLE,Cleveland Browns D/ST,DST,7.0,8.0,0.27,8.27,8.82,8.77,0.059,1.0,8.27,,0.0,0
2026-10-02 03:09:30Z,PIT,in,0.89,Q4 6:37,-8.0,1945,Chris Boswell,K,8.1,3.0,0.78,3.78,3.78,3.89,0.392,1.0,3.78,,0.0,0
2026-10-02 03:09:30Z,CLE,in,0.89,Q4 6:37,8.0,12512,Quinshon Judkins,RB,11.8,20.4,1.71,22.11,21.97,21.7,0.017,1.0,22.11,,0.0,0
2026-10-02 03:09:30Z,PIT,in,0.89,Q4 6:37,-8.0,7600,Pat Freiermuth,TE,7.8,3.4,1.2,4.6,4.16,4.26,0.52,1.0,4.6,,0.0,0
2026-10-02 03:09:30Z,PIT,in,0.89,Q4 6:37,-8.0,8228,Jaylen Warren,RB,13.6,15.1,1.86,16.96,16.68,16.6,0.061,1.0,16.96,,0.0,0
2026-10-02 03:09:30Z,CLE,in,0.89,Q4 6:37,8.0,12503,Isaiah Bond,WR,1.6,1.2,0.16,1.36,1.37,1.38,0.869,1.0,1.36,,0.0,0
2026-10-02 03:09:30Z,PIT,in,0.89,Q4 6:37,-8.0,13274,Germie Bernard,WR,4.5,0.0,0.63,0.63,0.39,0.5,0.89,1.0,0.63,,0.0,0
2026-10-02 03:09:30Z,CLE,in,0.89,Q4 6:37,8.0,12506,Harold Fannin,TE,10.6,9.5,1.12,10.62,10.67,10.67,0.412,1.0,10.62,,0.0,0
2026-10-02 03:09:30Z,CLE,in,0.89,Q4 6:37,8.0,13346,Denzel Boston,WR,9.4,10.4,1.05,11.45,11.49,11.44,0.419,1.0,11.45,,0.0,0
2026-10-02 03:09:30Z,CLE,in,0.89,Q4 6:37,8.0,4017,Deshaun Watson,QB,14.0,11.48,1.39,12.87,13.0,13.02,0.0,1.0,12.87,,0.0,0
2026-10-02 03:09:30Z,PIT,in,0.89,Q4 6:37,-8.0,13289,Drew Allar,QB,0.5,0.0,0.07,0.07,0.04,0.06,0.89,0.3,0.02,,0.0,0
2026-10-02 03:09:30Z,CLE,in,0.89,Q4 6:37,8.0,13298,KC Concepcion,WR,9.9,9.8,1.07,10.87,10.92,10.89,0.423,1.0,10.87,,0.0,0
2026-10-02 03:09:30Z,PIT,in,0.89,Q4 6:37,-8.0,6819,Michael Pittman,WR,9.7,3.5,1.47,4.97,4.43,4.57,0.502,1.0,4.97,,0.0,0
2026-10-02 03:09:30Z,PIT,in,0.89,Q4 6:37,-8.0,5846,DK Metcalf,WR,11.2,9.5,1.87,11.37,10.72,10.74,0.097,1.0,11.37,,0.0,0
2026-10-02 03:10:30Z,CLE,in,0.891,Q4 6:33,8.0,6783,Jerry Jeudy,WR,4.8,1.9,0.43,2.33,2.36,2.42,0.233,1.0,2.33,,0.0,0
2026-10-02 03:10:30Z,PIT,in,0.891,Q4 6:33,-8.0,PIT,Pittsburgh Steelers D/ST,DST,8.1,7.0,0.09,7.09,7.88,7.88,0.001,1.0,7.09,,0.0,0
2026-10-02 03:10:30Z,PIT,in,0.891,Q4 6:33,-8.0,96,Aaron Rodgers,QB,15.4,15.88,2.88,18.76,17.62,17.56,0.06,1.0,18.76,,0.0,0
2026-10-02 03:10:30Z,CLE,in,0.891,Q4 6:33,8.0,11261,Andre Szmyt,K,6.9,7.0,0.78,7.78,7.78,7.75,0.001,1.0,7.78,,0.0,0
2026-10-02 03:10:30Z,PIT,in,0.891,Q4 6:33,-8.0,7021,Rico Dowdle,RB,8.4,0.0,0.73,0.73,0.71,0.92,0.891,1.0,0.73,,0.0,0
2026-10-02 03:10:30Z,PIT,in,0.891,Q4 6:33,-8.0,11630,Roman Wilson,WR,5.7,14.1,1.24,15.34,14.97,14.72,0.401,1.0,15.34,,0.0,0
2026-10-02 03:10:30Z,CLE,in,0.891,Q4 6:33,8.0,12523,Jimmy Horn,WR,1.5,0.0,0.11,0.11,0.13,0.16,0.891,1.0,0.11,,0.0,0
2026-10-02 03:10:30Z,CLE,in,0.891,Q4 6:33,8.0,11617,Malachi Corley,WR,0.5,0.0,0.04,0.04,0.04,0.05,0.891,1.0,0.04,,0.0,0
2026-10-02 03:10:30Z,PIT,in,0.891,Q4 6:33,-8.0,9479,Darnell Washington,TE,4.9,11.7,1.05,12.75,12.44,12.23,0.06,1.0,12.75,,0.0,0
2026-10-02 03:10:30Z,CLE,in,0.891,Q4 6:33,8.0,CLE,Cleveland Browns D/ST,DST,7.0,8.0,0.27,8.27,8.81,8.76,0.06,1.0,8.27,,0.0,0
2026-10-02 03:10:30Z,PIT,in,0.891,Q4 6:33,-8.0,1945,Chris Boswell,K,8.1,3.0,0.77,3.77,3.77,3.88,0.393,1.0,3.77,,0.0,0
2026-10-02 03:10:30Z,CLE,in,0.891,Q4 6:33,8.0,12512,Quinshon Judkins,RB,11.8,20.4,1.69,22.09,21.96,21.69,0.018,1.0,22.09,,0.0,0
2026-10-02 03:10:30Z,PIT,in,0.891,Q4 6:33,-8.0,7600,Pat Freiermuth,TE,7.8,3.4,1.19,4.59,4.15,4.25,0.521,1.0,4.59,,0.0,0
2026-10-02 03:10:30Z,PIT,in,0.891,Q4 6:33,-8.0,8228,Jaylen Warren,RB,13.6,15.6,1.86,17.46,17.18,17.08,0.0,1.0,17.46,,0.0,0
2026-10-02 03:10:30Z,CLE,in,0.891,Q4 6:33,8.0,12503,Isaiah Bond,WR,1.6,1.2,0.16,1.36,1.37,1.37,0.87,1.0,1.36,,0.0,0
2026-10-02 03:10:30Z,PIT,in,0.891,Q4 6:33,-8.0,13274,Germie Bernard,WR,4.5,0.0,0.63,0.63,0.38,0.49,0.891,1.0,0.63,,0.0,0
2026-10-02 03:10:30Z,CLE,in,0.891,Q4 6:33,8.0,12506,Harold Fannin,TE,10.6,9.5,1.11,10.61,10.66,10.66,0.414,1.0,10.61,,0.0,0
2026-10-02 03:10:30Z,CLE,in,0.891,Q4 6:33,8.0,13346,Denzel Boston,WR,9.4,10.4,1.04,11.44,11.48,11.43,0.421,1.0,11.44,,0.0,0
2026-10-02 03:10:30Z,CLE,in,0.891,Q4 6:33,8.0,4017,Deshaun Watson,QB,14.0,11.48,1.37,12.85,12.98,13.01,0.001,1.0,12.85,,0.0,0
2026-10-02 03:10:30Z,PIT,in,0.891,Q4 6:33,-8.0,13289,Drew Allar,QB,0.5,0.0,0.07,0.07,0.04,0.05,0.891,0.3,0.02,,0.0,0
2026-10-02 03:10:30Z,CLE,in,0.891,Q4 6:33,8.0,13298,KC Concepcion,WR,9.9,9.8,1.06,10.86,10.91,10.88,0.424,1.0,10.86,,0.0,0
2026-10-02 03:10:30Z,PIT,in,0.891,Q4 6:33,-8.0,6819,Michael Pittman,WR,9.7,3.5,1.46,4.96,4.42,4.56,0.503,1.0,4.96,,0.0,0
2026-10-02 03:10:30Z,PIT,in,0.891,Q4 6:33,-8.0,5846,DK Metcalf,WR,11.2,9.5,1.85,11.35,10.71,10.72,0.098,1.0,11.35,,0.0,0
2026-10-02 03:11:31Z,CLE,in,0.905,Q4 5:43,8.0,6783,Jerry Jeudy,WR,4.8,1.9,0.37,2.27,2.3,2.36,0.246,1.0,2.27,,0.0,0
2026-10-02 03:11:31Z,PIT,in,0.905,Q4 5:43,-8.0,PIT,Pittsburgh Steelers D/ST,DST,8.1,7.0,0.09,7.09,7.76,7.77,0.015,1.0,7.09,,0.0,0
2026-10-02 03:11:31Z,PIT,in,0.905,Q4 5:43,-8.0,96,Aaron Rodgers,QB,15.4,15.88,2.54,18.42,17.39,17.35,0.074,1.0,18.42,,0.0,0
2026-10-02 03:11:31Z,CLE,in,0.905,Q4 5:43,8.0,11261,Andre Szmyt,K,6.9,7.0,0.68,7.68,7.68,7.66,0.015,1.0,7.68,,0.0,0
2026-10-02 03:11:31Z,PIT,in,0.905,Q4 5:43,-8.0,7021,Rico Dowdle,RB,8.4,0.0,0.64,0.64,0.62,0.8,0.905,1.0,0.64,,0.0,0
2026-10-02 03:11:31Z,PIT,in,0.905,Q4 5:43,-8.0,11630,Roman Wilson,WR,5.7,14.1,1.09,15.19,14.86,14.64,0.415,1.0,15.19,,0.0,0
2026-10-02 03:11:31Z,CLE,in,0.905,Q4 5:43,8.0,12523,Jimmy Horn,WR,1.5,0.0,0.1,0.1,0.11,0.14,0.905,1.0,0.1,,0.0,0
2026-10-02 03:11:31Z,CLE,in,0.905,Q4 5:43,8.0,11617,Malachi Corley,WR,0.5,0.0,0.03,0.03,0.04,0.05,0.905,1.0,0.03,,0.0,0
2026-10-02 03:11:31Z,PIT,in,0.905,Q4 5:43,-8.0,9479,Darnell Washington,TE,4.9,11.7,0.93,12.63,12.34,12.17,0.074,1.0,12.63,,0.0,0
2026-10-02 03:11:31Z,CLE,in,0.905,Q4 5:43,8.0,CLE,Cleveland Browns D/ST,DST,7.0,8.0,0.25,8.25,8.71,8.67,0.074,1.0,8.25,,0.0,0
2026-10-02 03:11:31Z,PIT,in,0.905,Q4 5:43,-8.0,1945,Chris Boswell,K,8.1,3.0,0.67,3.67,3.67,3.77,0.407,1.0,3.67,,0.0,0
2026-10-02 03:11:31Z,CLE,in,0.905,Q4 5:43,8.0,12512,Quinshon Judkins,RB,11.8,20.4,1.49,21.89,21.76,21.52,0.032,1.0,21.89,,0.0,0
2026-10-02 03:11:31Z,PIT,in,0.905,Q4 5:43,-8.0,7600,Pat Freiermuth,TE,7.8,3.4,1.05,4.45,4.06,4.14,0.535,1.0,4.45,,0.0,0
2026-10-02 03:11:31Z,PIT,in,0.905,Q4 5:43,-8.0,8228,Jaylen Warren,RB,13.6,15.6,1.64,17.24,16.97,16.9,0.014,1.0,17.24,,0.0,0
2026-10-02 03:11:31Z,CLE,in,0.905,Q4 5:43,8.0,12503,Isaiah Bond,WR,1.6,1.2,0.14,1.34,1.35,1.35,0.884,1.0,1.34,,0.0,0
2026-10-02 03:11:31Z,PIT,in,0.905,Q4 5:43,-8.0,13274,Germie Bernard,WR,4.5,0.0,0.55,0.55,0.33,0.43,0.905,1.0,0.55,,0.0,0
2026-10-02 03:11:31Z,CLE,in,0.905,Q4 5:43,8.0,12506,Harold Fannin,TE,10.6,9.5,0.97,10.47,10.51,10.51,0.427,1.0,10.47,,0.0,0
2026-10-02 03:11:31Z,CLE,in,0.905,Q4 5:43,8.0,13346,Denzel Boston,WR,9.4,10.4,0.92,11.32,11.34,11.3,0.434,1.0,11.32,,0.0,0
2026-10-02 03:11:31Z,CLE,in,0.905,Q4 5:43,8.0,4017,Deshaun Watson,QB,14.0,11.48,1.2,12.68,12.79,12.81,0.015,1.0,12.68,,0.0,0
2026-10-02 03:11:31Z,PIT,in,0.905,Q4 5:43,-8.0,13289,Drew Allar,QB,0.5,0.0,0.06,0.06,0.04,0.05,0.905,0.3,0.02,,0.0,0
2026-10-02 03:11:31Z,CLE,in,0.905,Q4 5:43,8.0,13298,KC Concepcion,WR,9.9,9.8,0.93,10.73,10.76,10.74,0.438,1.0,10.73,,0.0,0
2026-10-02 03:11:31Z,PIT,in,0.905,Q4 5:43,-8.0,6819,Michael Pittman,WR,9.7,3.5,1.29,4.79,4.3,4.42,0.517,1.0,4.79,,0.0,0
2026-10-02 03:11:31Z,PIT,in,0.905,Q4 5:43,-8.0,5846,DK Metcalf,WR,11.2,9.5,1.64,11.14,10.55,10.57,0.112,1.0,11.14,,0.0,0
2026-10-02 03:12:31Z,CLE,in,0.908,Q4 5:31,8.0,6783,Jerry Jeudy,WR,4.8,1.9,0.36,2.26,2.28,2.34,0.25,1.0,2.26,,0.0,0
2026-10-02 03:12:31Z,PIT,in,0.908,Q4 5:31,-8.0,PIT,Pittsburgh Steelers D/ST,DST,8.1,7.0,0.08,7.08,7.74,7.74,0.018,1.0,7.08,,0.0,0
2026-10-02 03:12:31Z,PIT,in,0.908,Q4 5:31,-8.0,96,Aaron Rodgers,QB,15.4,15.88,2.45,18.33,17.34,17.3,0.077,1.0,18.33,,0.0,0
2026-10-02 03:12:31Z,CLE,in,0.908,Q4 5:31,8.0,11261,Andre Szmyt,K,6.9,7.0,0.65,7.65,7.65,7.63,0.018,1.0,7.65,,0.0,0
2026-10-02 03:12:31Z,PIT,in,0.908,Q4 5:31,-8.0,7021,Rico Dowdle,RB,8.4,0.0,0.62,0.62,0.6,0.77,0.908,1.0,0.62,,0.0,0
2026-10-02 03:12:31Z,PIT,in,0.908,Q4 5:31,-8.0,11630,Roman Wilson,WR,5.7,14.1,1.05,15.15,14.83,14.62,0.418,1.0,15.15,,0.0,0
2026-10-02 03:12:31Z,CLE,in,0.908,Q4 5:31,8.0,12523,Jimmy Horn,WR,1.5,0.0,0.1,0.1,0.11,0.14,0.908,1.0,0.1,,0.0,0
2026-10-02 03:12:31Z,CLE,in,0.908,Q4 5:31,8.0,11617,Malachi Corley,WR,0.5,0.0,0.03,0.03,0.04,0.05,0.908,1.0,0.03,,0.0,0
2026-10-02 03:12:31Z,PIT,in,0.908,Q4 5:31,-8.0,9479,Darnell Washington,TE,4.9,11.7,0.9,12.6,12.32,12.15,0.077,1.0,12.6,,0.0,0
2026-10-02 03:12:31Z,CLE,in,0.908,Q4 5:31,8.0,CLE,Cleveland Browns D/ST,DST,7.0,8.0,0.24,8.24,8.68,8.64,0.077,1.0,8.24,,0.0,0
2026-10-02 03:12:31Z,PIT,in,0.908,Q4 5:31,-8.0,1945,Chris Boswell,K,8.1,3.0,0.64,3.64,3.64,3.74,0.41,1.0,3.64,,0.0,0
2026-10-02 03:12:31Z,CLE,in,0.908,Q4 5:31,8.0,12512,Quinshon Judkins,RB,11.8,20.4,1.43,21.83,21.71,21.48,0.036,1.0,21.83,,0.0,0
2026-10-02 03:12:31Z,PIT,in,0.908,Q4 5:31,-8.0,7600,Pat Freiermuth,TE,7.8,3.4,1.01,4.41,4.03,4.12,0.539,1.0,4.41,,0.0,0
2026-10-02 03:12:31Z,PIT,in,0.908,Q4 5:31,-8.0,8228,Jaylen Warren,RB,13.6,15.6,1.58,17.18,16.93,16.85,0.017,1.0,17.18,,0.0,0
2026-10-02 03:12:31Z,CLE,in,0.908,Q4 5:31,8.0,12503,Isaiah Bond,WR,1.6,1.2,0.13,1.33,1.34,1.35,0.887,1.0,1.33,,0.0,0
2026-10-02 03:12:31Z,PIT,in,0.908,Q4 5:31,-8.0,13274,Germie Bernard,WR,4.5,0.0,0.53,0.53,0.32,0.41,0.908,1.0,0.53,,0.0,0
2026-10-02 03:12:31Z,CLE,in,0.908,Q4 5:31,8.0,12506,Harold Fannin,TE,10.6,9.5,0.94,10.44,10.47,10.47,0.431,1.0,10.44,,0.0,0
2026-10-02 03:12:31Z,CLE,in,0.908,Q4 5:31,8.0,13346,Denzel Boston,WR,9.4,10.4,0.88,11.28,11.31,11.26,0.438,1.0,11.28,,0.0,0
2026-10-02 03:12:31Z,CLE,in,0.908,Q4 5:31,8.0,4017,Deshaun Watson,QB,14.0,11.48,1.15,12.63,12.74,12.77,0.018,1.0,12.63,,0.0,0
2026-10-02 03:12:31Z,PIT,in,0.908,Q4 5:31,-8.0,13289,Drew Allar,QB,0.5,0.0,0.06,0.06,0.04,0.05,0.908,0.3,0.02,,0.0,0
2026-10-02 03:12:31Z,CLE,in,0.908,Q4 5:31,8.0,13298,KC Concepcion,WR,9.9,9.8,0.9,10.7,10.73,10.71,0.441,1.0,10.7,,0.0,0
2026-10-02 03:12:31Z,PIT,in,0.908,Q4 5:31,-8.0,6819,Michael Pittman,WR,9.7,3.5,1.24,4.74,4.27,4.39,0.52,1.0,4.74,,0.0,0
2026-10-02 03:12:31Z,PIT,in,0.908,Q4 5:31,-8.0,5846,DK Metcalf,WR,11.2,9.5,1.58,11.08,10.51,10.53,0.116,1.0,11.08,,0.0,0
2026-10-02 03:13:31Z,CLE,in,0.908,Q4 5:30,8.0,6783,Jerry Jeudy,WR,4.8,1.9,0.36,2.26,2.28,2.34,0.25,1.0,2.26,,0.0,0
2026-10-02 03:13:31Z,PIT,in,0.908,Q4 5:30,-8.0,PIT,Pittsburgh Steelers D/ST,DST,8.1,7.0,0.08,7.08,7.73,7.74,0.019,1.0,7.08,,0.0,0
2026-10-02 03:13:31Z,PIT,in,0.908,Q4 5:30,-8.0,96,Aaron Rodgers,QB,15.4,15.88,2.44,18.32,17.34,17.29,0.078,1.0,18.32,,0.0,0
2026-10-02 03:13:31Z,CLE,in,0.908,Q4 5:30,8.0,11261,Andre Szmyt,K,6.9,7.0,0.65,7.65,7.65,7.63,0.019,1.0,7.65,,0.0,0
2026-10-02 03:13:31Z,PIT,in,0.908,Q4 5:30,-8.0,7021,Rico Dowdle,RB,8.4,0.0,0.62,0.62,0.6,0.77,0.908,1.0,0.62,,0.0,0
2026-10-02 03:13:31Z,PIT,in,0.908,Q4 5:30,-8.0,11630,Roman Wilson,WR,5.7,14.1,1.05,15.15,14.83,14.62,0.419,1.0,15.15,,0.0,0
2026-10-02 03:13:31Z,CLE,in,0.908,Q4 5:30,8.0,12523,Jimmy Horn,WR,1.5,0.0,0.1,0.1,0.11,0.14,0.908,1.0,0.1,,0.0,0
2026-10-02 03:13:31Z,CLE,in,0.908,Q4 5:30,8.0,11617,Malachi Corley,WR,0.5,0.0,0.03,0.03,0.04,0.05,0.908,1.0,0.03,,0.0,0
2026-10-02 03:13:31Z,PIT,in,0.908,Q4 5:30,-8.0,9479,Darnell Washington,TE,4.9,11.7,0.89,12.59,12.32,12.15,0.078,1.0,12.59,,0.0,0
2026-10-02 03:13:31Z,CLE,in,0.908,Q4 5:30,8.0,CLE,Cleveland Browns D/ST,DST,7.0,8.0,0.24,8.24,8.68,8.64,0.078,1.0,8.24,,0.0,0
2026-10-02 03:13:31Z,PIT,in,0.908,Q4 5:30,-8.0,1945,Chris Boswell,K,8.1,3.0,0.64,3.64,3.64,3.74,0.411,1.0,3.64,,0.0,0
2026-10-02 03:13:31Z,CLE,in,0.908,Q4 5:30,8.0,12512,Quinshon Judkins,RB,11.8,20.4,1.43,21.83,21.7,21.48,0.036,1.0,21.83,,0.0,0
2026-10-02 03:13:31Z,PIT,in,0.908,Q4 5:30,-8.0,7600,Pat Freiermuth,TE,7.8,3.4,1.01,4.41,4.03,4.12,0.539,1.0,4.41,,0.0,0
2026-10-02 03:13:31Z,PIT,in,0.908,Q4 5:30,-8.0,8228,Jaylen Warren,RB,13.6,15.6,1.57,17.17,16.92,16.85,0.017,1.0,17.17,,0.0,0
2026-10-02 03:13:31Z,CLE,in,0.908,Q4 5:30,8.0,12503,Isaiah Bond,WR,1.6,1.2,0.13,1.33,1.34,1.35,0.887,1.0,1.33,,0.0,0
2026-10-02 03:13:31Z,PIT,in,0.908,Q4 5:30,-8.0,13274,Germie Bernard,WR,4.5,0.0,0.53,0.53,0.32,0.41,0.908,1.0,0.53,,0.0,0
2026-10-02 03:13:31Z,CLE,in,0.908,Q4 5:30,8.0,12506,Harold Fannin,TE,10.6,9.5,0.93,10.43,10.47,10.47,0.431,1.0,10.43,,0.0,0
2026-10-02 03:13:31Z,CLE,in,0.908,Q4 5:30,8.0,13346,Denzel Boston,WR,9.4,10.4,0.88,11.28,11.3,11.26,0.438,1.0,11.28,,0.0,0
2026-10-02 03:13:31Z,CLE,in,0.908,Q4 5:30,8.0,4017,Deshaun Watson,QB,14.0,11.48,1.15,12.63,12.73,12.76,0.019,1.0,12.63,,0.0,0
2026-10-02 03:13:31Z,PIT,in,0.908,Q4 5:30,-8.0,13289,Drew Allar,QB,0.5,0.0,0.06,0.06,0.04,0.05,0.908,0.3,0.02,,0.0,0
2026-10-02 03:13:31Z,CLE,in,0.908,Q4 5:30,8.0,13298,KC Concepcion,WR,9.9,9.8,0.9,10.7,10.73,10.71,0.442,1.0,10.7,,0.0,0
2026-10-02 03:13:31Z,PIT,in,0.908,Q4 5:30,-8.0,6819,Michael Pittman,WR,9.7,3.5,1.24,4.74,4.27,4.39,0.52,1.0,4.74,,0.0,0
2026-10-02 03:13:31Z,PIT,in,0.908,Q4 5:30,-8.0,5846,DK Metcalf,WR,11.2,9.5,1.58,11.08,10.51,10.53,0.116,1.0,11.08,,0.0,0
2026-10-02 03:14:32Z,CLE,in,0.908,Q4 5:30,8.0,6783,Jerry Jeudy,WR,4.8,1.9,0.36,2.26,2.28,2.34,0.25,1.0,2.26,,0.0,0
2026-10-02 03:14:32Z,PIT,in,0.908,Q4 5:30,-8.0,PIT,Pittsburgh Steelers D/ST,DST,8.1,7.0,0.08,7.08,7.73,7.74,0.019,1.0,7.08,,0.0,0
2026-10-02 03:14:32Z,PIT,in,0.908,Q4 5:30,-8.0,96,Aaron Rodgers,QB,15.4,15.88,2.44,18.32,17.34,17.29,0.078,1.0,18.32,,0.0,0
2026-10-02 03:14:32Z,CLE,in,0.908,Q4 5:30,8.0,11261,Andre Szmyt,K,6.9,7.0,0.65,7.65,7.65,7.63,0.019,1.0,7.65,,0.0,0
2026-10-02 03:14:32Z,PIT,in,0.908,Q4 5:30,-8.0,7021,Rico Dowdle,RB,8.4,0.0,0.62,0.62,0.6,0.77,0.908,1.0,0.62,,0.0,0
2026-10-02 03:14:32Z,PIT,in,0.908,Q4 5:30,-8.0,11630,Roman Wilson,WR,5.7,14.1,1.05,15.15,14.83,14.62,0.419,1.0,15.15,,0.0,0
2026-10-02 03:14:32Z,CLE,in,0.908,Q4 5:30,8.0,12523,Jimmy Horn,WR,1.5,0.0,0.1,0.1,0.11,0.14,0.908,1.0,0.1,,0.0,0
2026-10-02 03:14:32Z,CLE,in,0.908,Q4 5:30,8.0,11617,Malachi Corley,WR,0.5,0.0,0.03,0.03,0.04,0.05,0.908,1.0,0.03,,0.0,0
2026-10-02 03:14:32Z,PIT,in,0.908,Q4 5:30,-8.0,9479,Darnell Washington,TE,4.9,11.7,0.89,12.59,12.32,12.15,0.078,1.0,12.59,,0.0,0
2026-10-02 03:14:32Z,CLE,in,0.908,Q4 5:30,8.0,CLE,Cleveland Browns D/ST,DST,7.0,8.0,0.24,8.24,8.68,8.64,0.078,1.0,8.24,,0.0,0
2026-10-02 03:14:32Z,PIT,in,0.908,Q4 5:30,-8.0,1945,Chris Boswell,K,8.1,3.0,0.64,3.64,3.64,3.74,0.411,1.0,3.64,,0.0,0
2026-10-02 03:14:32Z,CLE,in,0.908,Q4 5:30,8.0,12512,Quinshon Judkins,RB,11.8,20.4,1.43,21.83,21.7,21.48,0.036,1.0,21.83,,0.0,0
2026-10-02 03:14:32Z,PIT,in,0.908,Q4 5:30,-8.0,7600,Pat Freiermuth,TE,7.8,3.4,1.01,4.41,4.03,4.12,0.539,1.0,4.41,,0.0,0
2026-10-02 03:14:32Z,PIT,in,0.908,Q4 5:30,-8.0,8228,Jaylen Warren,RB,13.6,15.6,1.57,17.17,16.92,16.85,0.017,1.0,17.17,,0.0,0
2026-10-02 03:14:32Z,CLE,in,0.908,Q4 5:30,8.0,12503,Isaiah Bond,WR,1.6,1.2,0.13,1.33,1.34,1.35,0.887,1.0,1.33,,0.0,0
2026-10-02 03:14:32Z,PIT,in,0.908,Q4 5:30,-8.0,13274,Germie Bernard,WR,4.5,0.0,0.53,0.53,0.32,0.41,0.908,1.0,0.53,,0.0,0
2026-10-02 03:14:32Z,CLE,in,0.908,Q4 5:30,8.0,12506,Harold Fannin,TE,10.6,9.5,0.93,10.43,10.47,10.47,0.431,1.0,10.43,,0.0,0
2026-10-02 03:14:32Z,CLE,in,0.908,Q4 5:30,8.0,13346,Denzel Boston,WR,9.4,10.4,0.88,11.28,11.3,11.26,0.438,1.0,11.28,,0.0,0
2026-10-02 03:14:32Z,CLE,in,0.908,Q4 5:30,8.0,4017,Deshaun Watson,QB,14.0,11.48,1.15,12.63,12.73,12.76,0.019,1.0,12.63,,0.0,0
2026-10-02 03:14:32Z,PIT,in,0.908,Q4 5:30,-8.0,13289,Drew Allar,QB,0.5,0.0,0.06,0.06,0.04,0.05,0.908,0.3,0.02,,0.0,0
2026-10-02 03:14:32Z,CLE,in,0.908,Q4 5:30,8.0,13298,KC Concepcion,WR,9.9,9.8,0.9,10.7,10.73,10.71,0.442,1.0,10.7,,0.0,0
2026-10-02 03:14:32Z,PIT,in,0.908,Q4 5:30,-8.0,6819,Michael Pittman,WR,9.7,3.5,1.24,4.74,4.27,4.39,0.52,1.0,4.74,,0.0,0
2026-10-02 03:14:32Z,PIT,in,0.908,Q4 5:30,-8.0,5846,DK Metcalf,WR,11.2,9.5,1.58,11.08,10.51,10.53,0.116,1.0,11.08,,0.0,0
2026-10-02 03:15:32Z,CLE,in,0.923,Q4 4:38,8.0,6783,Jerry Jeudy,WR,4.8,1.9,0.3,2.2,2.22,2.27,0.264,1.0,2.2,,0.0,0
2026-10-02 03:15:32Z,PIT,in,0.923,Q4 4:38,-8.0,PIT,Pittsburgh Steelers D/ST,DST,8.1,7.0,0.07,7.07,7.62,7.63,0.033,1.0,7.07,,0.0,0
2026-10-02 03:15:32Z,PIT,in,0.923,Q4 4:38,-8.0,96,Aaron Rodgers,QB,15.4,15.88,2.05,17.93,17.1,17.07,0.092,1.0,17.93,,0.0,0
2026-10-02 03:15:32Z,CLE,in,0.923,Q4 4:38,8.0,11261,Andre Szmyt,K,6.9,7.0,0.55,7.55,7.55,7.53,0.033,1.0,7.55,,0.0,0
2026-10-02 03:15:32Z,PIT,in,0.923,Q4 4:38,-8.0,7021,Rico Dowdle,RB,8.4,0.0,0.52,0.52,0.5,0.65,0.923,1.0,0.52,,0.0,0
2026-10-02 03:15:32Z,PIT,in,0.923,Q4 4:38,-8.0,11630,Roman Wilson,WR,5.7,14.1,0.88,14.98,14.71,14.54,0.433,1.0,14.98,,0.0,0
2026-10-02 03:15:32Z,CLE,in,0.923,Q4 4:38,8.0,12523,Jimmy Horn,WR,1.5,0.0,0.08,0.08,0.09,0.12,0.923,1.0,0.08,,0.0,0
2026-10-02 03:15:32Z,CLE,in,0.923,Q4 4:38,8.0,11617,Malachi Corley,WR,0.5,0.0,0.03,0.03,0.03,0.04,0.923,1.0,0.03,,0.0,0
2026-10-02 03:15:32Z,PIT,in,0.923,Q4 4:38,-8.0,9479,Darnell Washington,TE,4.9,11.7,0.75,12.45,12.22,12.08,0.092,1.0,12.45,,0.0,0
2026-10-02 03:15:32Z,CLE,in,0.923,Q4 4:38,8.0,CLE,Cleveland Browns D/ST,DST,7.0,8.0,0.2,8.2,8.57,8.54,0.092,1.0,8.2,,0.0,0
2026-10-02 03:15:32Z,PIT,in,0.923,Q4 4:38,-8.0,1945,Chris Boswell,K,8.1,3.0,0.54,3.54,3.54,3.63,0.425,1.0,3.54,,0.0,0
2026-10-02 03:15:32Z,CLE,in,0.923,Q4 4:38,8.0,12512,Quinshon Judkins,RB,11.8,20.4,1.19,21.59,21.49,21.31,0.05,1.0,21.59,,0.0,0
2026-10-02 03:15:32Z,PIT,in,0.923,Q4 4:38,-8.0,7600,Pat Freiermuth,TE,7.8,3.4,0.85,4.25,3.93,4.0,0.553,1.0,4.25,,0.0,0
2026-10-02 03:15:32Z,PIT,in,0.923,Q4 4:38,-8.0,8228,Jaylen Warren,RB,13.6,15.6,1.32,16.92,16.71,16.65,0.032,1.0,16.92,,0.0,0
2026-10-02 03:15:32Z,CLE,in,0.923,Q4 4:38,8.0,12503,Isaiah Bond,WR,1.6,1.2,0.11,1.31,1.32,1.32,0.902,1.0,1.31,,0.0,0
2026-10-02 03:15:32Z,PIT,in,0.923,Q4 4:38,-8.0,13274,Germie Bernard,WR,4.5,0.0,0.45,0.45,0.27,0.35,0.923,1.0,0.45,,0.0,0
2026-10-02 03:15:32Z,CLE,in,0.923,Q4 4:38,8.0,12506,Harold Fannin,TE,10.6,9.5,0.78,10.28,10.31,10.32,0.446,1.0,10.28,,0.0,0
2026-10-02 03:15:32Z,CLE,in,0.923,Q4 4:38,8.0,13346,Denzel Boston,WR,9.4,12.9,0.79,13.69,13.71,13.63,0.0,1.0,13.69,,0.0,0
2026-10-02 03:15:32Z,CLE,in,0.923,Q4 4:38,8.0,4017,Deshaun Watson,QB,14.0,12.08,0.98,13.06,13.14,13.16,0.0,1.0,13.06,,0.0,0
2026-10-02 03:15:32Z,PIT,in,0.923,Q4 4:38,-8.0,13289,Drew Allar,QB,0.5,0.0,0.05,0.05,0.03,0.04,0.923,0.3,0.01,,0.0,0
2026-10-02 03:15:32Z,CLE,in,0.923,Q4 4:38,8.0,13298,KC Concepcion,WR,9.9,9.8,0.75,10.55,10.58,10.56,0.456,1.0,10.55,,0.0,0
2026-10-02 03:15:32Z,PIT,in,0.923,Q4 4:38,-8.0,6819,Michael Pittman,WR,9.7,3.5,1.04,4.54,4.14,4.25,0.535,1.0,4.54,,0.0,0
2026-10-02 03:15:32Z,PIT,in,0.923,Q4 4:38,-8.0,5846,DK Metcalf,WR,11.2,9.5,1.33,10.83,10.35,10.36,0.13,1.0,10.83,,0.0,0
2026-10-02 03:16:34Z,CLE,in,0.937,Q4 3:47,8.0,6783,Jerry Jeudy,WR,4.8,1.9,0.25,2.15,2.16,2.2,0.279,1.0,2.15,,0.0,0
2026-10-02 03:16:34Z,PIT,in,0.937,Q4 3:47,-8.0,PIT,Pittsburgh Steelers D/ST,DST,8.1,7.0,0.06,7.06,7.5,7.51,0.047,1.0,7.06,,0.0,0
2026-10-02 03:16:34Z,PIT,in,0.937,Q4 3:47,-8.0,96,Aaron Rodgers,QB,15.4,15.88,1.67,17.55,16.87,16.85,0.106,1.0,17.55,,0.0,0
2026-10-02 03:16:34Z,CLE,in,0.937,Q4 3:47,8.0,11261,Andre Szmyt,K,6.9,7.0,0.44,7.44,7.44,7.44,0.047,1.0,7.44,,0.0,0
2026-10-02 03:16:34Z,PIT,in,0.937,Q4 3:47,-8.0,7021,Rico Dowdle,RB,8.4,0.0,0.42,0.42,0.41,0.53,0.937,1.0,0.42,,0.0,0
2026-10-02 03:16:34Z,PIT,in,0.937,Q4 3:47,-8.0,11630,Roman Wilson,WR,5.7,14.1,0.72,14.82,14.6,14.46,0.447,1.0,14.82,,0.0,0
2026-10-02 03:16:34Z,CLE,in,0.937,Q4 3:47,8.0,12523,Jimmy Horn,WR,1.5,0.0,0.07,0.07,0.07,0.09,0.937,1.0,0.07,,0.0,0
2026-10-02 03:16:34Z,CLE,in,0.937,Q4 3:47,8.0,11617,Malachi Corley,WR,0.5,0.0,0.02,0.02,0.02,0.03,0.937,1.0,0.02,,0.0,0
2026-10-02 03:16:34Z,PIT,in,0.937,Q4 3:47,-8.0,9479,Darnell Washington,TE,4.9,11.7,0.61,12.31,12.12,12.01,0.106,1.0,12.31,,0.0,0
2026-10-02 03:16:34Z,CLE,in,0.937,Q4 3:47,8.0,CLE,Cleveland Browns D/ST,DST,7.0,8.0,0.17,8.17,8.46,8.44,0.106,1.0,8.17,,0.0,0
2026-10-02 03:16:34Z,PIT,in,0.937,Q4 3:47,-8.0,1945,Chris Boswell,K,8.1,3.0,0.44,3.44,3.44,3.51,0.439,1.0,3.44,,0.0,0
2026-10-02 03:16:34Z,CLE,in,0.937,Q4 3:47,8.0,12512,Quinshon Judkins,RB,11.8,21.6,0.99,22.59,22.51,22.34,0.0,1.0,22.59,,0.0,0
2026-10-02 03:16:34Z,PIT,in,0.937,Q4 3:47,-8.0,7600,Pat Freiermuth,TE,7.8,3.4,0.69,4.09,3.83,3.89,0.568,1.0,4.09,,0.0,0
2026-10-02 03:16:34Z,PIT,in,0.937,Q4 3:47,-8.0,8228,Jaylen Warren,RB,13.6,15.6,1.07,16.67,16.5,16.46,0.046,1.0,16.67,,0.0,0
2026-10-02 03:16:34Z,CLE,in,0.937,Q4 3:47,8.0,12503,Isaiah Bond,WR,1.6,1.2,0.09,1.29,1.3,1.3,0.916,1.0,1.29,,0.0,0
2026-10-02 03:16:34Z,PIT,in,0.937,Q4 3:47,-8.0,13274,Germie Bernard,WR,4.5,0.0,0.37,0.37,0.22,0.28,0.937,1.0,0.37,,0.0,0
2026-10-02 03:16:34Z,CLE,in,0.937,Q4 3:47,8.0,12506,Harold Fannin,TE,10.6,9.5,0.64,10.14,10.16,10.17,0.46,1.0,10.14,,0.0,0
2026-10-02 03:16:34Z,CLE,in,0.937,Q4 3:47,8.0,13346,Denzel Boston,WR,9.4,12.9,0.64,13.54,13.56,13.49,0.014,1.0,13.54,,0.0,0
2026-10-02 03:16:34Z,CLE,in,0.937,Q4 3:47,8.0,4017,Deshaun Watson,QB,14.0,12.22,0.8,13.02,13.09,13.1,0.0,1.0,13.02,,0.0,0
2026-10-02 03:16:34Z,PIT,in,0.937,Q4 3:47,-8.0,13289,Drew Allar,QB,0.5,0.0,0.04,0.04,0.02,0.03,0.937,0.3,0.01,,0.0,0
2026-10-02 03:16:34Z,CLE,in,0.937,Q4 3:47,8.0,13298,KC Concepcion,WR,9.9,9.8,0.61,10.41,10.43,10.42,0.47,1.0,10.41,,0.0,0
2026-10-02 03:16:34Z,PIT,in,0.937,Q4 3:47,-8.0,6819,Michael Pittman,WR,9.7,3.5,0.85,4.35,4.02,4.11,0.549,1.0,4.35,,0.0,0
2026-10-02 03:16:34Z,PIT,in,0.937,Q4 3:47,-8.0,5846,DK Metcalf,WR,11.2,9.5,1.08,10.58,10.19,10.21,0.144,1.0,10.58,,0.0,0
2026-10-02 03:17:35Z,CLE,in,0.937,Q4 3:47,8.0,6783,Jerry Jeudy,WR,4.8,1.9,0.25,2.15,2.16,2.2,0.279,1.0,2.15,,0.0,0
2026-10-02 03:17:35Z,PIT,in,0.937,Q4 3:47,-8.0,PIT,Pittsburgh Steelers D/ST,DST,8.1,7.0,0.06,7.06,7.5,7.51,0.047,1.0,7.06,,0.0,0
2026-10-02 03:17:35Z,PIT,in,0.937,Q4 3:47,-8.0,96,Aaron Rodgers,QB,15.4,15.88,1.67,17.55,16.87,16.85,0.106,1.0,17.55,,0.0,0
2026-10-02 03:17:35Z,CLE,in,0.937,Q4 3:47,8.0,11261,Andre Szmyt,K,6.9,7.0,0.44,7.44,7.44,7.44,0.047,1.0,7.44,,0.0,0
2026-10-02 03:17:35Z,PIT,in,0.937,Q4 3:47,-8.0,7021,Rico Dowdle,RB,8.4,0.0,0.42,0.42,0.41,0.53,0.937,1.0,0.42,,0.0,0
2026-10-02 03:17:35Z,PIT,in,0.937,Q4 3:47,-8.0,11630,Roman Wilson,WR,5.7,14.1,0.72,14.82,14.6,14.46,0.447,1.0,14.82,,0.0,0
2026-10-02 03:17:35Z,CLE,in,0.937,Q4 3:47,8.0,12523,Jimmy Horn,WR,1.5,0.0,0.07,0.07,0.07,0.09,0.937,1.0,0.07,,0.0,0
2026-10-02 03:17:35Z,CLE,in,0.937,Q4 3:47,8.0,11617,Malachi Corley,WR,0.5,0.0,0.02,0.02,0.02,0.03,0.937,1.0,0.02,,0.0,0
2026-10-02 03:17:35Z,PIT,in,0.937,Q4 3:47,-8.0,9479,Darnell Washington,TE,4.9,11.7,0.61,12.31,12.12,12.01,0.106,1.0,12.31,,0.0,0
2026-10-02 03:17:35Z,CLE,in,0.937,Q4 3:47,8.0,CLE,Cleveland Browns D/ST,DST,7.0,8.0,0.17,8.17,8.46,8.44,0.106,1.0,8.17,,0.0,0
2026-10-02 03:17:35Z,PIT,in,0.937,Q4 3:47,-8.0,1945,Chris Boswell,K,8.1,3.0,0.44,3.44,3.44,3.51,0.439,1.0,3.44,,0.0,0
2026-10-02 03:17:35Z,CLE,in,0.937,Q4 3:47,8.0,12512,Quinshon Judkins,RB,11.8,21.6,0.99,22.59,22.51,22.34,0.0,1.0,22.59,,0.0,0
2026-10-02 03:17:35Z,PIT,in,0.937,Q4 3:47,-8.0,7600,Pat Freiermuth,TE,7.8,3.4,0.69,4.09,3.83,3.89,0.568,1.0,4.09,,0.0,0
2026-10-02 03:17:35Z,PIT,in,0.937,Q4 3:47,-8.0,8228,Jaylen Warren,RB,13.6,15.6,1.07,16.67,16.5,16.46,0.046,1.0,16.67,,0.0,0
2026-10-02 03:17:35Z,CLE,in,0.937,Q4 3:47,8.0,12503,Isaiah Bond,WR,1.6,1.2,0.09,1.29,1.3,1.3,0.916,1.0,1.29,,0.0,0
2026-10-02 03:17:35Z,PIT,in,0.937,Q4 3:47,-8.0,13274,Germie Bernard,WR,4.5,0.0,0.37,0.37,0.22,0.28,0.937,1.0,0.37,,0.0,0
2026-10-02 03:17:35Z,CLE,in,0.937,Q4 3:47,8.0,12506,Harold Fannin,TE,10.6,9.5,0.64,10.14,10.16,10.17,0.46,1.0,10.14,,0.0,0
2026-10-02 03:17:35Z,CLE,in,0.937,Q4 3:47,8.0,13346,Denzel Boston,WR,9.4,12.9,0.64,13.54,13.56,13.49,0.014,1.0,13.54,,0.0,0
2026-10-02 03:17:35Z,CLE,in,0.937,Q4 3:47,8.0,4017,Deshaun Watson,QB,14.0,12.22,0.8,13.02,13.09,13.1,0.0,1.0,13.02,,0.0,0
2026-10-02 03:17:35Z,PIT,in,0.937,Q4 3:47,-8.0,13289,Drew Allar,QB,0.5,0.0,0.04,0.04,0.02,0.03,0.937,0.3,0.01,,0.0,0
2026-10-02 03:17:35Z,CLE,in,0.937,Q4 3:47,8.0,13298,KC Concepcion,WR,9.9,9.8,0.61,10.41,10.43,10.42,0.47,1.0,10.41,,0.0,0
2026-10-02 03:17:35Z,PIT,in,0.937,Q4 3:47,-8.0,6819,Michael Pittman,WR,9.7,3.5,0.85,4.35,4.02,4.11,0.549,1.0,4.35,,0.0,0
2026-10-02 03:17:35Z,PIT,in,0.937,Q4 3:47,-8.0,5846,DK Metcalf,WR,11.2,9.5,1.08,10.58,10.19,10.21,0.144,1.0,10.58,,0.0,0
2026-10-02 03:18:35Z,CLE,in,0.941,Q4 3:32,8.0,6783,Jerry Jeudy,WR,4.8,1.9,0.23,2.13,2.14,2.18,0.283,1.0,2.13,,0.0,0
2026-10-02 03:18:35Z,PIT,in,0.941,Q4 3:32,-8.0,PIT,Pittsburgh Steelers D/ST,DST,8.1,7.0,0.06,7.06,7.47,7.48,0.051,1.0,7.06,,0.0,0
2026-10-02 03:18:35Z,PIT,in,0.941,Q4 3:32,-8.0,96,Aaron Rodgers,QB,15.4,15.88,1.55,17.43,16.81,16.79,0.111,1.0,17.43,,0.0,0
2026-10-02 03:18:35Z,CLE,in,0.941,Q4 3:32,8.0,11261,Andre Szmyt,K,6.9,7.0,0.41,7.41,7.41,7.41,0.051,1.0,7.41,,0.0,0
2026-10-02 03:18:35Z,PIT,in,0.941,Q4 3:32,-8.0,7021,Rico Dowdle,RB,8.4,0.0,0.4,0.4,0.38,0.49,0.941,1.0,0.4,,0.0,0
2026-10-02 03:18:35Z,PIT,in,0.941,Q4 3:32,-8.0,11630,Roman Wilson,WR,5.7,14.1,0.67,14.77,14.56,14.44,0.451,1.0,14.77,,0.0,0
2026-10-02 03:18:35Z,CLE,in,0.941,Q4 3:32,8.0,12523,Jimmy Horn,WR,1.5,0.0,0.06,0.06,0.07,0.09,0.941,1.0,0.06,,0.0,0
2026-10-02 03:18:35Z,CLE,in,0.941,Q4 3:32,8.0,11617,Malachi Corley,WR,0.5,0.0,0.02,0.02,0.02,0.03,0.941,1.0,0.02,,0.0,0
2026-10-02 03:18:35Z,PIT,in,0.941,Q4 3:32,-8.0,9479,Darnell Washington,TE,4.9,11.7,0.57,12.27,12.09,11.99,0.111,1.0,12.27,,0.0,0
2026-10-02 03:18:35Z,CLE,in,0.941,Q4 3:32,8.0,CLE,Cleveland Browns D/ST,DST,7.0,8.0,0.16,8.16,8.43,8.41,0.111,1.0,8.16,,0.0,0
2026-10-02 03:18:35Z,PIT,in,0.941,Q4 3:32,-8.0,1945,Chris Boswell,K,8.1,3.0,0.41,3.41,3.41,3.48,0.443,1.0,3.41,,0.0,0
2026-10-02 03:18:35Z,CLE,in,0.941,Q4 3:32,8.0,12512,Quinshon Judkins,RB,11.8,21.6,0.93,22.53,22.45,22.29,0.004,1.0,22.53,,0.0,0
2026-10-02 03:18:35Z,PIT,in,0.941,Q4 3:32,-8.0,7600,Pat Freiermuth,TE,7.8,3.4,0.65,4.05,3.8,3.86,0.572,1.0,4.05,,0.0,0
2026-10-02 03:18:35Z,PIT,in,0.941,Q4 3:32,-8.0,8228,Jaylen Warren,RB,13.6,15.6,1.0,16.6,16.44,16.4,0.05,1.0,16.6,,0.0,0
2026-10-02 03:18:35Z,CLE,in,0.941,Q4 3:32,8.0,12503,Isaiah Bond,WR,1.6,1.2,0.09,1.29,1.29,1.29,0.92,1.0,1.29,,0.0,0
2026-10-02 03:18:35Z,PIT,in,0.941,Q4 3:32,-8.0,13274,Germie Bernard,WR,4.5,0.0,0.34,0.34,0.2,0.26,0.941,1.0,0.34,,0.0,0
2026-10-02 03:18:35Z,CLE,in,0.941,Q4 3:32,8.0,12506,Harold Fannin,TE,10.6,9.5,0.59,10.09,10.12,10.12,0.464,1.0,10.09,,0.0,0
2026-10-02 03:18:35Z,CLE,in,0.941,Q4 3:32,8.0,13346,Denzel Boston,WR,9.4,12.9,0.6,13.5,13.51,13.45,0.018,1.0,13.5,,0.0,0
2026-10-02 03:18:35Z,CLE,in,0.941,Q4 3:32,8.0,4017,Deshaun Watson,QB,14.0,12.22,0.75,12.97,13.03,13.04,0.004,1.0,12.97,,0.0,0
2026-10-02 03:18:35Z,PIT,in,0.941,Q4 3:32,-8.0,13289,Drew Allar,QB,0.5,0.0,0.04,0.04,0.02,0.03,0.941,0.3,0.01,,0.0,0
2026-10-02 03:18:35Z,CLE,in,0.941,Q4 3:32,8.0,13298,KC Concepcion,WR,9.9,9.8,0.57,10.37,10.39,10.38,0.474,1.0,10.37,,0.0,0
2026-10-02 03:18:35Z,PIT,in,0.941,Q4 3:32,-8.0,6819,Michael Pittman,WR,9.7,3.5,0.79,4.29,3.99,4.07,0.553,1.0,4.29,,0.0,0
2026-10-02 03:18:35Z,PIT,in,0.941,Q4 3:32,-8.0,5846,DK Metcalf,WR,11.2,9.5,1.01,10.51,10.14,10.16,0.149,1.0,10.51,,0.0,0
2026-10-02 03:19:35Z,CLE,in,0.941,Q4 3:32,8.0,6783,Jerry Jeudy,WR,4.8,1.9,0.23,2.13,2.14,2.18,0.283,1.0,2.13,,0.0,0
2026-10-02 03:19:35Z,PIT,in,0.941,Q4 3:32,-8.0,PIT,Pittsburgh Steelers D/ST,DST,8.1,7.0,0.06,7.06,7.47,7.48,0.051,1.0,7.06,,0.0,0
2026-10-02 03:19:35Z,PIT,in,0.941,Q4 3:32,-8.0,96,Aaron Rodgers,QB,15.4,16.4,1.57,17.97,17.33,17.31,0.0,1.0,17.97,,0.0,0
2026-10-02 03:19:35Z,CLE,in,0.941,Q4 3:32,8.0,11261,Andre Szmyt,K,6.9,7.0,0.41,7.41,7.41,7.41,0.051,1.0,7.41,,0.0,0
2026-10-02 03:19:35Z,PIT,in,0.941,Q4 3:32,-8.0,7021,Rico Dowdle,RB,8.4,0.0,0.4,0.4,0.38,0.49,0.941,1.0,0.4,,0.0,0
2026-10-02 03:19:35Z,PIT,in,0.941,Q4 3:32,-8.0,11630,Roman Wilson,WR,5.7,16.4,0.71,17.11,16.9,16.74,0.0,1.0,17.11,,0.0,0
2026-10-02 03:19:35Z,CLE,in,0.941,Q4 3:32,8.0,12523,Jimmy Horn,WR,1.5,0.0,0.06,0.06,0.07,0.09,0.941,1.0,0.06,,0.0,0
2026-10-02 03:19:35Z,CLE,in,0.941,Q4 3:32,8.0,11617,Malachi Corley,WR,0.5,0.0,0.02,0.02,0.02,0.03,0.941,1.0,0.02,,0.0,0
2026-10-02 03:19:35Z,PIT,in,0.941,Q4 3:32,-8.0,9479,Darnell Washington,TE,4.9,11.7,0.57,12.27,12.09,11.99,0.111,1.0,12.27,,0.0,0
2026-10-02 03:19:35Z,CLE,in,0.941,Q4 3:32,8.0,CLE,Cleveland Browns D/ST,DST,7.0,8.0,0.16,8.16,8.43,8.41,0.111,1.0,8.16,,0.0,0
2026-10-02 03:19:35Z,PIT,in,0.941,Q4 3:32,-8.0,1945,Chris Boswell,K,8.1,3.0,0.41,3.41,3.41,3.48,0.443,1.0,3.41,,0.0,0
2026-10-02 03:19:35Z,CLE,in,0.941,Q4 3:32,8.0,12512,Quinshon Judkins,RB,11.8,21.6,0.93,22.53,22.45,22.29,0.004,1.0,22.53,,0.0,0
2026-10-02 03:19:35Z,PIT,in,0.941,Q4 3:32,-8.0,7600,Pat Freiermuth,TE,7.8,3.4,0.65,4.05,3.8,3.86,0.572,1.0,4.05,,0.0,0
2026-10-02 03:19:35Z,PIT,in,0.941,Q4 3:32,-8.0,8228,Jaylen Warren,RB,13.6,15.6,1.0,16.6,16.44,16.4,0.05,1.0,16.6,,0.0,0
2026-10-02 03:19:35Z,CLE,in,0.941,Q4 3:32,8.0,12503,Isaiah Bond,WR,1.6,1.2,0.09,1.29,1.29,1.29,0.92,1.0,1.29,,0.0,0
2026-10-02 03:19:35Z,PIT,in,0.941,Q4 3:32,-8.0,13274,Germie Bernard,WR,4.5,0.0,0.34,0.34,0.2,0.26,0.941,1.0,0.34,,0.0,0
2026-10-02 03:19:35Z,CLE,in,0.941,Q4 3:32,8.0,12506,Harold Fannin,TE,10.6,9.5,0.59,10.09,10.12,10.12,0.464,1.0,10.09,,0.0,0
2026-10-02 03:19:35Z,CLE,in,0.941,Q4 3:32,8.0,13346,Denzel Boston,WR,9.4,12.9,0.6,13.5,13.51,13.45,0.018,1.0,13.5,,0.0,0
2026-10-02 03:19:35Z,CLE,in,0.941,Q4 3:32,8.0,4017,Deshaun Watson,QB,14.0,12.22,0.75,12.97,13.03,13.04,0.004,1.0,12.97,,0.0,0
2026-10-02 03:19:35Z,PIT,in,0.941,Q4 3:32,-8.0,13289,Drew Allar,QB,0.5,0.0,0.04,0.04,0.02,0.03,0.941,0.3,0.01,,0.0,0
2026-10-02 03:19:35Z,CLE,in,0.941,Q4 3:32,8.0,13298,KC Concepcion,WR,9.9,9.8,0.57,10.37,10.39,10.38,0.474,1.0,10.37,,0.0,0
2026-10-02 03:19:35Z,PIT,in,0.941,Q4 3:32,-8.0,6819,Michael Pittman,WR,9.7,3.5,0.79,4.29,3.99,4.07,0.553,1.0,4.29,,0.0,0
2026-10-02 03:19:35Z,PIT,in,0.941,Q4 3:32,-8.0,5846,DK Metcalf,WR,11.2,9.5,1.01,10.51,10.14,10.16,0.149,1.0,10.51,,0.0,0
2026-10-02 03:20:36Z,CLE,in,0.954,Q4 2:46,8.0,6783,Jerry Jeudy,WR,4.8,1.9,0.18,2.08,2.09,2.12,0.296,1.0,2.08,,0.0,0
2026-10-02 03:20:36Z,PIT,in,0.954,Q4 2:46,-8.0,PIT,Pittsburgh Steelers D/ST,DST,8.1,7.0,0.05,7.05,7.37,7.37,0.064,1.0,7.05,,0.0,0
2026-10-02 03:20:36Z,PIT,in,0.954,Q4 2:46,-8.0,96,Aaron Rodgers,QB,15.4,17.24,1.24,18.48,17.98,17.95,0.0,1.0,18.48,,0.0,0
2026-10-02 03:20:36Z,CLE,in,0.954,Q4 2:46,8.0,11261,Andre Szmyt,K,6.9,7.0,0.32,7.32,7.32,7.32,0.064,1.0,7.32,,0.0,0
2026-10-02 03:20:36Z,PIT,in,0.954,Q4 2:46,-8.0,7021,Rico Dowdle,RB,8.4,0.0,0.31,0.31,0.29,0.39,0.954,1.0,0.31,,0.0,0
2026-10-02 03:20:36Z,PIT,in,0.954,Q4 2:46,-8.0,11630,Roman Wilson,WR,5.7,16.4,0.55,16.95,16.79,16.66,0.013,1.0,16.95,,0.0,0
2026-10-02 03:20:36Z,CLE,in,0.954,Q4 2:46,8.0,12523,Jimmy Horn,WR,1.5,0.0,0.05,0.05,0.05,0.07,0.954,1.0,0.05,,0.0,0
2026-10-02 03:20:36Z,CLE,in,0.954,Q4 2:46,8.0,11617,Malachi Corley,WR,0.5,0.0,0.02,0.02,0.02,0.02,0.954,1.0,0.02,,0.0,0
2026-10-02 03:20:36Z,PIT,in,0.954,Q4 2:46,-8.0,9479,Darnell Washington,TE,4.9,11.7,0.44,12.14,12.01,11.93,0.123,1.0,12.14,,0.0,0
2026-10-02 03:20:36Z,CLE,in,0.954,Q4 2:46,8.0,CLE,Cleveland Browns D/ST,DST,7.0,8.0,0.12,8.12,8.34,8.32,0.123,1.0,8.12,,0.0,0
2026-10-02 03:20:36Z,PIT,in,0.954,Q4 2:46,-8.0,1945,Chris Boswell,K,8.1,3.0,0.32,3.32,3.32,3.37,0.456,1.0,3.32,,0.0,0
2026-10-02 03:20:36Z,CLE,in,0.954,Q4 2:46,8.0,12512,Quinshon Judkins,RB,11.8,21.6,0.72,22.32,22.26,22.14,0.017,1.0,22.32,,0.0,0
2026-10-02 03:20:36Z,PIT,in,0.954,Q4 2:46,-8.0,7600,Pat Freiermuth,TE,7.8,3.4,0.51,3.91,3.71,3.76,0.584,1.0,3.91,,0.0,0
2026-10-02 03:20:36Z,PIT,in,0.954,Q4 2:46,-8.0,8228,Jaylen Warren,RB,13.6,15.6,0.78,16.38,16.26,16.23,0.063,1.0,16.38,,0.0,0
2026-10-02 03:20:36Z,CLE,in,0.954,Q4 2:46,8.0,12503,Isaiah Bond,WR,1.6,1.2,0.07,1.27,1.27,1.27,0.933,1.0,1.27,,0.0,0
2026-10-02 03:20:36Z,PIT,in,0.954,Q4 2:46,-8.0,13274,Germie Bernard,WR,4.5,0.0,0.27,0.27,0.16,0.21,0.954,1.0,0.27,,0.0,0
2026-10-02 03:20:36Z,CLE,in,0.954,Q4 2:46,8.0,12506,Harold Fannin,TE,10.6,9.5,0.46,9.96,9.98,9.99,0.477,1.0,9.96,,0.0,0
2026-10-02 03:20:36Z,CLE,in,0.954,Q4 2:46,8.0,13346,Denzel Boston,WR,9.4,12.9,0.47,13.37,13.38,13.33,0.031,1.0,13.37,,0.0,0
2026-10-02 03:20:36Z,CLE,in,0.954,Q4 2:46,8.0,4017,Deshaun Watson,QB,14.0,12.22,0.58,12.8,12.85,12.87,0.017,1.0,12.8,,0.0,0
2026-10-02 03:20:36Z,PIT,in,0.954,Q4 2:46,-8.0,13289,Drew Allar,QB,0.5,0.0,0.03,0.03,0.02,0.02,0.954,0.3,0.01,,0.0,0
2026-10-02 03:20:36Z,CLE,in,0.954,Q4 2:46,8.0,13298,KC Concepcion,WR,9.9,9.8,0.44,10.24,10.26,10.26,0.487,1.0,10.24,,0.0,0
2026-10-02 03:20:36Z,PIT,in,0.954,Q4 2:46,-8.0,6819,Michael Pittman,WR,9.7,3.5,0.62,4.12,3.88,3.95,0.566,1.0,4.12,,0.0,0
2026-10-02 03:20:36Z,PIT,in,0.954,Q4 2:46,-8.0,5846,DK Metcalf,WR,11.2,12.6,0.83,13.43,13.14,13.12,0.0,1.0,13.43,,0.0,0
2026-10-02 03:21:36Z,CLE,in,0.956,Q4 2:39,8.0,6783,Jerry Jeudy,WR,4.8,1.9,0.17,2.07,2.08,2.11,0.297,1.0,2.07,,0.0,0
2026-10-02 03:21:36Z,PIT,in,0.956,Q4 2:39,-8.0,PIT,Pittsburgh Steelers D/ST,DST,8.1,7.0,0.04,7.04,7.35,7.36,0.066,1.0,7.04,,0.0,0
2026-10-02 03:21:36Z,PIT,in,0.956,Q4 2:39,-8.0,96,Aaron Rodgers,QB,15.4,18.64,1.21,19.85,19.36,19.32,0.0,1.0,19.85,,0.0,0
2026-10-02 03:21:36Z,CLE,in,0.956,Q4 2:39,8.0,11261,Andre Szmyt,K,6.9,7.0,0.31,7.31,7.31,7.3,0.066,1.0,7.31,,0.0,0
2026-10-02 03:21:36Z,PIT,in,0.956,Q4 2:39,-8.0,7021,Rico Dowdle,RB,8.4,0.0,0.3,0.3,0.28,0.37,0.956,1.0,0.3,,0.0,0
2026-10-02 03:21:36Z,PIT,in,0.956,Q4 2:39,-8.0,11630,Roman Wilson,WR,5.7,16.4,0.53,16.93,16.77,16.65,0.015,1.0,16.93,,0.0,0
2026-10-02 03:21:36Z,CLE,in,0.956,Q4 2:39,8.0,12523,Jimmy Horn,WR,1.5,0.0,0.05,0.05,0.05,0.07,0.956,1.0,0.05,,0.0,0
2026-10-02 03:21:36Z,CLE,in,0.956,Q4 2:39,8.0,11617,Malachi Corley,WR,0.5,0.0,0.02,0.02,0.02,0.02,0.956,1.0,0.02,,0.0,0
2026-10-02 03:21:36Z,PIT,in,0.956,Q4 2:39,-8.0,9479,Darnell Washington,TE,4.9,11.7,0.42,12.12,11.99,11.92,0.125,1.0,12.12,,0.0,0
2026-10-02 03:21:36Z,CLE,in,0.956,Q4 2:39,8.0,CLE,Cleveland Browns D/ST,DST,7.0,8.0,0.12,8.12,8.32,8.31,0.125,1.0,8.12,,0.0,0
2026-10-02 03:21:36Z,PIT,in,0.956,Q4 2:39,-8.0,1945,Chris Boswell,K,8.1,3.0,0.31,3.31,3.31,3.36,0.458,1.0,3.31,,0.0,0
2026-10-02 03:21:36Z,CLE,in,0.956,Q4 2:39,8.0,12512,Quinshon Judkins,RB,11.8,21.6,0.69,22.29,22.24,22.12,0.019,1.0,22.29,,0.0,0
2026-10-02 03:21:36Z,PIT,in,0.956,Q4 2:39,-8.0,7600,Pat Freiermuth,TE,7.8,3.4,0.49,3.89,3.7,3.74,0.586,1.0,3.89,,0.0,0
2026-10-02 03:21:36Z,PIT,in,0.956,Q4 2:39,-8.0,8228,Jaylen Warren,RB,13.6,15.6,0.74,16.34,16.23,16.2,0.065,1.0,16.34,,0.0,0
2026-10-02 03:21:36Z,CLE,in,0.956,Q4 2:39,8.0,12503,Isaiah Bond,WR,1.6,1.2,0.06,1.26,1.27,1.27,0.935,1.0,1.26,,0.0,0
2026-10-02 03:21:36Z,PIT,in,0.956,Q4 2:39,-8.0,13274,Germie Bernard,WR,4.5,1.6,0.28,1.88,1.77,1.8,0.0,1.0,1.88,,0.0,0
2026-10-02 03:21:36Z,CLE,in,0.956,Q4 2:39,8.0,12506,Harold Fannin,TE,10.6,9.5,0.44,9.94,9.96,9.97,0.479,1.0,9.94,,0.0,0
2026-10-02 03:21:36Z,CLE,in,0.956,Q4 2:39,8.0,13346,Denzel Boston,WR,9.4,12.9,0.45,13.35,13.36,13.32,0.033,1.0,13.35,,0.0,0
2026-10-02 03:21:36Z,CLE,in,0.956,Q4 2:39,8.0,4017,Deshaun Watson,QB,14.0,12.22,0.56,12.78,12.83,12.84,0.019,1.0,12.78,,0.0,0
2026-10-02 03:21:36Z,PIT,in,0.956,Q4 2:39,-8.0,13289,Drew Allar,QB,0.5,0.0,0.03,0.03,0.02,0.02,0.956,0.3,0.01,,0.0,0
2026-10-02 03:21:36Z,CLE,in,0.956,Q4 2:39,8.0,13298,KC Concepcion,WR,9.9,9.8,0.43,10.23,10.24,10.24,0.489,1.0,10.23,,0.0,0
2026-10-02 03:21:36Z,PIT,in,0.956,Q4 2:39,-8.0,6819,Michael Pittman,WR,9.7,3.5,0.59,4.09,3.86,3.93,0.568,1.0,4.09,,0.0,0
2026-10-02 03:21:36Z,PIT,in,0.956,Q4 2:39,-8.0,5846,DK Metcalf,WR,11.2,16.5,0.84,17.34,17.06,16.99,0.0,1.0,17.34,,0.0,0
2026-10-02 03:22:36Z,CLE,in,0.963,Q4 2:14,8.0,6783,Jerry Jeudy,WR,4.8,1.9,0.14,2.04,2.05,2.08,0.304,1.0,2.04,,0.0,0
2026-10-02 03:22:36Z,PIT,in,0.963,Q4 2:14,-8.0,PIT,Pittsburgh Steelers D/ST,DST,8.1,7.0,0.04,7.04,7.29,7.3,0.073,1.0,7.04,,0.0,0
2026-10-02 03:22:36Z,PIT,in,0.963,Q4 2:14,-8.0,96,Aaron Rodgers,QB,15.4,18.6,1.02,19.62,19.21,19.17,0.0,1.0,19.62,,0.0,0
2026-10-02 03:22:36Z,CLE,in,0.963,Q4 2:14,8.0,11261,Andre Szmyt,K,6.9,7.0,0.26,7.26,7.26,7.26,0.073,1.0,7.26,,0.0,0
2026-10-02 03:22:36Z,PIT,in,0.963,Q4 2:14,-8.0,7021,Rico Dowdle,RB,8.4,0.0,0.25,0.25,0.24,0.31,0.963,1.0,0.25,,0.0,0
2026-10-02 03:22:36Z,PIT,in,0.963,Q4 2:14,-8.0,11630,Roman Wilson,WR,5.7,16.4,0.44,16.84,16.71,16.61,0.022,1.0,16.84,,0.0,0
2026-10-02 03:22:36Z,CLE,in,0.963,Q4 2:14,8.0,12523,Jimmy Horn,WR,1.5,0.0,0.04,0.04,0.04,0.06,0.963,1.0,0.04,,0.0,0
2026-10-02 03:22:36Z,CLE,in,0.963,Q4 2:14,8.0,11617,Malachi Corley,WR,0.5,0.0,0.01,0.01,0.01,0.02,0.963,1.0,0.01,,0.0,0
2026-10-02 03:22:36Z,PIT,in,0.963,Q4 2:14,-8.0,9479,Darnell Washington,TE,4.9,11.7,0.36,12.06,11.95,11.88,0.132,1.0,12.06,,0.0,0
2026-10-02 03:22:36Z,CLE,in,0.963,Q4 2:14,8.0,CLE,Cleveland Browns D/ST,DST,7.0,8.0,0.1,8.1,8.27,8.26,0.132,1.0,8.1,,0.0,0
2026-10-02 03:22:36Z,PIT,in,0.963,Q4 2:14,-8.0,1945,Chris Boswell,K,8.1,3.0,0.26,3.26,3.26,3.3,0.465,1.0,3.26,,0.0,0
2026-10-02 03:22:36Z,CLE,in,0.963,Q4 2:14,8.0,12512,Quinshon Judkins,RB,11.8,21.6,0.58,22.18,22.13,22.04,0.026,1.0,22.18,,0.0,0
2026-10-02 03:22:36Z,PIT,in,0.963,Q4 2:14,-8.0,7600,Pat Freiermuth,TE,7.8,3.4,0.41,3.81,3.65,3.69,0.593,1.0,3.81,,0.0,0
2026-10-02 03:22:36Z,PIT,in,0.963,Q4 2:14,-8.0,8228,Jaylen Warren,RB,13.6,15.6,0.63,16.23,16.13,16.11,0.072,1.0,16.23,,0.0,0
2026-10-02 03:22:36Z,CLE,in,0.963,Q4 2:14,8.0,12503,Isaiah Bond,WR,1.6,1.2,0.05,1.25,1.26,1.26,0.942,1.0,1.25,,0.0,0
2026-10-02 03:22:36Z,PIT,in,0.963,Q4 2:14,-8.0,13274,Germie Bernard,WR,4.5,1.6,0.23,1.83,1.74,1.77,0.007,1.0,1.83,,0.0,0
2026-10-02 03:22:36Z,CLE,in,0.963,Q4 2:14,8.0,12506,Harold Fannin,TE,10.6,9.5,0.37,9.87,9.89,9.89,0.486,1.0,9.87,,0.0,0
2026-10-02 03:22:36Z,CLE,in,0.963,Q4 2:14,8.0,13346,Denzel Boston,WR,9.4,12.9,0.38,13.28,13.29,13.25,0.04,1.0,13.28,,0.0,0
2026-10-02 03:22:36Z,CLE,in,0.963,Q4 2:14,8.0,4017,Deshaun Watson,QB,14.0,12.22,0.47,12.69,12.73,12.74,0.026,1.0,12.69,,0.0,0
2026-10-02 03:22:36Z,PIT,in,0.963,Q4 2:14,-8.0,13289,Drew Allar,QB,0.5,0.0,0.02,0.02,0.01,0.02,0.963,0.3,0.01,,0.0,0
2026-10-02 03:22:36Z,CLE,in,0.963,Q4 2:14,8.0,13298,KC Concepcion,WR,9.9,9.8,0.36,10.16,10.17,10.17,0.496,1.0,10.16,,0.0,0
2026-10-02 03:22:36Z,PIT,in,0.963,Q4 2:14,-8.0,6819,Michael Pittman,WR,9.7,3.5,0.5,4.0,3.81,3.86,0.575,1.0,4.0,,0.0,0
2026-10-02 03:22:36Z,PIT,in,0.963,Q4 2:14,-8.0,5846,DK Metcalf,WR,11.2,16.4,0.71,17.11,16.87,16.82,0.0,1.0,17.11,,0.0,0
2026-10-02 03:23:37Z,CLE,in,0.963,Q4 2:14,8.0,6783,Jerry Jeudy,WR,4.8,1.9,0.14,2.04,2.05,2.08,0.304,1.0,2.04,,0.0,0
2026-10-02 03:23:37Z,PIT,in,0.963,Q4 2:14,-8.0,PIT,Pittsburgh Steelers D/ST,DST,8.1,7.0,0.04,7.04,7.29,7.3,0.073,1.0,7.04,,0.0,0
2026-10-02 03:23:37Z,PIT,in,0.963,Q4 2:14,-8.0,96,Aaron Rodgers,QB,15.4,18.6,1.02,19.62,19.21,19.17,0.0,1.0,19.62,,0.0,0
2026-10-02 03:23:37Z,CLE,in,0.963,Q4 2:14,8.0,11261,Andre Szmyt,K,6.9,7.0,0.26,7.26,7.26,7.26,0.073,1.0,7.26,,0.0,0
2026-10-02 03:23:37Z,PIT,in,0.963,Q4 2:14,-8.0,7021,Rico Dowdle,RB,8.4,0.0,0.25,0.25,0.24,0.31,0.963,1.0,0.25,,0.0,0
2026-10-02 03:23:37Z,PIT,in,0.963,Q4 2:14,-8.0,11630,Roman Wilson,WR,5.7,16.4,0.44,16.84,16.71,16.61,0.022,1.0,16.84,,0.0,0
2026-10-02 03:23:37Z,CLE,in,0.963,Q4 2:14,8.0,12523,Jimmy Horn,WR,1.5,0.0,0.04,0.04,0.04,0.06,0.963,1.0,0.04,,0.0,0
2026-10-02 03:23:37Z,CLE,in,0.963,Q4 2:14,8.0,11617,Malachi Corley,WR,0.5,0.0,0.01,0.01,0.01,0.02,0.963,1.0,0.01,,0.0,0
2026-10-02 03:23:37Z,PIT,in,0.963,Q4 2:14,-8.0,9479,Darnell Washington,TE,4.9,11.7,0.36,12.06,11.95,11.88,0.132,1.0,12.06,,0.0,0
2026-10-02 03:23:37Z,CLE,in,0.963,Q4 2:14,8.0,CLE,Cleveland Browns D/ST,DST,7.0,8.0,0.1,8.1,8.27,8.26,0.132,1.0,8.1,,0.0,0
2026-10-02 03:23:37Z,PIT,in,0.963,Q4 2:14,-8.0,1945,Chris Boswell,K,8.1,3.0,0.26,3.26,3.26,3.3,0.465,1.0,3.26,,0.0,0
2026-10-02 03:23:37Z,CLE,in,0.963,Q4 2:14,8.0,12512,Quinshon Judkins,RB,11.8,21.6,0.58,22.18,22.13,22.04,0.026,1.0,22.18,,0.0,0
2026-10-02 03:23:37Z,PIT,in,0.963,Q4 2:14,-8.0,7600,Pat Freiermuth,TE,7.8,3.4,0.41,3.81,3.65,3.69,0.593,1.0,3.81,,0.0,0
2026-10-02 03:23:37Z,PIT,in,0.963,Q4 2:14,-8.0,8228,Jaylen Warren,RB,13.6,15.6,0.63,16.23,16.13,16.11,0.072,1.0,16.23,,0.0,0
2026-10-02 03:23:37Z,CLE,in,0.963,Q4 2:14,8.0,12503,Isaiah Bond,WR,1.6,1.2,0.05,1.25,1.26,1.26,0.942,1.0,1.25,,0.0,0
2026-10-02 03:23:37Z,PIT,in,0.963,Q4 2:14,-8.0,13274,Germie Bernard,WR,4.5,1.6,0.23,1.83,1.74,1.77,0.007,1.0,1.83,,0.0,0
2026-10-02 03:23:37Z,CLE,in,0.963,Q4 2:14,8.0,12506,Harold Fannin,TE,10.6,9.5,0.37,9.87,9.89,9.89,0.486,1.0,9.87,,0.0,0
2026-10-02 03:23:37Z,CLE,in,0.963,Q4 2:14,8.0,13346,Denzel Boston,WR,9.4,12.9,0.38,13.28,13.29,13.25,0.04,1.0,13.28,,0.0,0
2026-10-02 03:23:37Z,CLE,in,0.963,Q4 2:14,8.0,4017,Deshaun Watson,QB,14.0,12.22,0.47,12.69,12.73,12.74,0.026,1.0,12.69,,0.0,0
2026-10-02 03:23:37Z,PIT,in,0.963,Q4 2:14,-8.0,13289,Drew Allar,QB,0.5,0.0,0.02,0.02,0.01,0.02,0.963,0.3,0.01,,0.0,0
2026-10-02 03:23:37Z,CLE,in,0.963,Q4 2:14,8.0,13298,KC Concepcion,WR,9.9,9.8,0.36,10.16,10.17,10.17,0.496,1.0,10.16,,0.0,0
2026-10-02 03:23:37Z,PIT,in,0.963,Q4 2:14,-8.0,6819,Michael Pittman,WR,9.7,3.5,0.5,4.0,3.81,3.86,0.575,1.0,4.0,,0.0,0
2026-10-02 03:23:37Z,PIT,in,0.963,Q4 2:14,-8.0,5846,DK Metcalf,WR,11.2,16.4,0.71,17.11,16.87,16.82,0.0,1.0,17.11,,0.0,0
2026-10-02 03:24:37Z,CLE,in,0.964,Q4 2:09,8.0,6783,Jerry Jeudy,WR,4.8,1.9,0.14,2.04,2.05,2.07,0.306,1.0,2.04,,0.0,0
2026-10-02 03:24:37Z,PIT,in,0.964,Q4 2:09,-8.0,PIT,Pittsburgh Steelers D/ST,DST,8.1,7.0,0.04,7.04,7.28,7.29,0.074,1.0,7.04,,0.0,0
2026-10-02 03:24:37Z,PIT,in,0.964,Q4 2:09,-8.0,96,Aaron Rodgers,QB,15.4,18.64,0.98,19.62,19.23,19.19,0.0,1.0,19.62,,0.0,0
2026-10-02 03:24:37Z,CLE,in,0.964,Q4 2:09,8.0,11261,Andre Szmyt,K,6.9,7.0,0.25,7.25,7.25,7.25,0.074,1.0,7.25,,0.0,0
2026-10-02 03:24:37Z,PIT,in,0.964,Q4 2:09,-8.0,7021,Rico Dowdle,RB,8.4,0.0,0.24,0.24,0.23,0.3,0.964,1.0,0.24,,0.0,0
2026-10-02 03:24:37Z,PIT,in,0.964,Q4 2:09,-8.0,11630,Roman Wilson,WR,5.7,16.4,0.43,16.83,16.7,16.6,0.023,1.0,16.83,,0.0,0
2026-10-02 03:24:37Z,CLE,in,0.964,Q4 2:09,8.0,12523,Jimmy Horn,WR,1.5,0.0,0.04,0.04,0.04,0.05,0.964,1.0,0.04,,0.0,0
2026-10-02 03:24:37Z,CLE,in,0.964,Q4 2:09,8.0,11617,Malachi Corley,WR,0.5,0.0,0.01,0.01,0.01,0.02,0.964,1.0,0.01,,0.0,0
2026-10-02 03:24:37Z,PIT,in,0.964,Q4 2:09,-8.0,9479,Darnell Washington,TE,4.9,11.7,0.34,12.04,11.94,11.88,0.134,1.0,12.04,,0.0,0
2026-10-02 03:24:37Z,CLE,in,0.964,Q4 2:09,8.0,CLE,Cleveland Browns D/ST,DST,7.0,8.0,0.1,8.1,8.26,8.25,0.134,1.0,8.1,,0.0,0
2026-10-02 03:24:37Z,PIT,in,0.964,Q4 2:09,-8.0,1945,Chris Boswell,K,8.1,3.0,0.25,3.25,3.25,3.29,0.466,1.0,3.25,,0.0,0
2026-10-02 03:24:37Z,CLE,in,0.964,Q4 2:09,8.0,12512,Quinshon Judkins,RB,11.8,21.6,0.56,22.16,22.11,22.02,0.027,1.0,22.16,,0.0,0
2026-10-02 03:24:37Z,PIT,in,0.964,Q4 2:09,-8.0,7600,Pat Freiermuth,TE,7.8,3.4,0.39,3.79,3.64,3.68,0.595,1.0,3.79,,0.0,0
2026-10-02 03:24:37Z,PIT,in,0.964,Q4 2:09,-8.0,8228,Jaylen Warren,RB,13.6,15.6,0.6,16.2,16.11,16.09,0.073,1.0,16.2,,0.0,0
2026-10-02 03:24:37Z,CLE,in,0.964,Q4 2:09,8.0,12503,Isaiah Bond,WR,1.6,1.2,0.05,1.25,1.25,1.26,0.943,1.0,1.25,,0.0,0
2026-10-02 03:24:37Z,PIT,in,0.964,Q4 2:09,-8.0,13274,Germie Bernard,WR,4.5,1.6,0.22,1.82,1.74,1.76,0.008,1.0,1.82,,0.0,0
2026-10-02 03:24:37Z,CLE,in,0.964,Q4 2:09,8.0,12506,Harold Fannin,TE,10.6,9.5,0.36,9.86,9.87,9.88,0.487,1.0,9.86,,0.0,0
2026-10-02 03:24:37Z,CLE,in,0.964,Q4 2:09,8.0,13346,Denzel Boston,WR,9.4,12.9,0.36,13.26,13.27,13.24,0.041,1.0,13.26,,0.0,0
2026-10-02 03:24:37Z,CLE,in,0.964,Q4 2:09,8.0,4017,Deshaun Watson,QB,14.0,12.22,0.45,12.67,12.71,12.72,0.027,1.0,12.67,,0.0,0
2026-10-02 03:24:37Z,PIT,in,0.964,Q4 2:09,-8.0,13289,Drew Allar,QB,0.5,0.0,0.02,0.02,0.01,0.02,0.964,0.3,0.01,,0.0,0
2026-10-02 03:24:37Z,CLE,in,0.964,Q4 2:09,8.0,13298,KC Concepcion,WR,9.9,9.8,0.34,10.14,10.16,10.15,0.497,1.0,10.14,,0.0,0
2026-10-02 03:24:37Z,PIT,in,0.964,Q4 2:09,-8.0,6819,Michael Pittman,WR,9.7,3.5,0.48,3.98,3.8,3.85,0.576,1.0,3.98,,0.0,0
2026-10-02 03:24:37Z,PIT,in,0.964,Q4 2:09,-8.0,5846,DK Metcalf,WR,11.2,16.5,0.68,17.18,16.95,16.9,0.0,1.0,17.18,,0.0,0
2026-10-02 03:25:38Z,CLE,in,0.967,Q4 2:00,8.0,6783,Jerry Jeudy,WR,4.8,1.9,0.13,2.03,2.04,2.06,0.308,1.0,2.03,,0.0,0
2026-10-02 03:25:38Z,PIT,in,0.967,Q4 2:00,-8.0,PIT,Pittsburgh Steelers D/ST,DST,8.1,7.0,0.03,7.03,7.26,7.27,0.077,1.0,7.03,,0.0,0
2026-10-02 03:25:38Z,PIT,in,0.967,Q4 2:00,-8.0,96,Aaron Rodgers,QB,15.4,18.84,0.92,19.76,19.39,19.35,0.0,1.0,19.76,,0.0,0
2026-10-02 03:25:38Z,CLE,in,0.967,Q4 2:00,8.0,11261,Andre Szmyt,K,6.9,7.0,0.23,7.23,7.23,7.23,0.077,1.0,7.23,,0.0,0
2026-10-02 03:25:38Z,PIT,in,0.967,Q4 2:00,-8.0,7021,Rico Dowdle,RB,8.4,0.0,0.22,0.22,0.21,0.28,0.967,1.0,0.22,,0.0,0
2026-10-02 03:25:38Z,PIT,in,0.967,Q4 2:00,-8.0,11630,Roman Wilson,WR,5.7,16.4,0.4,16.8,16.68,16.59,0.026,1.0,16.8,,0.0,0
2026-10-02 03:25:38Z,CLE,in,0.967,Q4 2:00,8.0,12523,Jimmy Horn,WR,1.5,0.0,0.03,0.03,0.04,0.05,0.967,1.0,0.03,,0.0,0
2026-10-02 03:25:38Z,CLE,in,0.967,Q4 2:00,8.0,11617,Malachi Corley,WR,0.5,0.0,0.01,0.01,0.01,0.02,0.967,1.0,0.01,,0.0,0
2026-10-02 03:25:38Z,PIT,in,0.967,Q4 2:00,-8.0,9479,Darnell Washington,TE,4.9,11.7,0.32,12.02,11.92,11.86,0.136,1.0,12.02,,0.0,0
2026-10-02 03:25:38Z,CLE,in,0.967,Q4 2:00,8.0,CLE,Cleveland Browns D/ST,DST,7.0,8.0,0.09,8.09,8.24,8.23,0.136,1.0,8.09,,0.0,0
2026-10-02 03:25:38Z,PIT,in,0.967,Q4 2:00,-8.0,1945,Chris Boswell,K,8.1,3.0,0.23,3.23,3.23,3.27,0.469,1.0,3.23,,0.0,0
2026-10-02 03:25:38Z,CLE,in,0.967,Q4 2:00,8.0,12512,Quinshon Judkins,RB,11.8,21.6,0.52,22.12,22.08,21.99,0.03,1.0,22.12,,0.0,0
2026-10-02 03:25:38Z,PIT,in,0.967,Q4 2:00,-8.0,7600,Pat Freiermuth,TE,7.8,3.4,0.37,3.77,3.63,3.66,0.597,1.0,3.77,,0.0,0
2026-10-02 03:25:38Z,PIT,in,0.967,Q4 2:00,-8.0,8228,Jaylen Warren,RB,13.6,15.6,0.56,16.16,16.07,16.05,0.076,1.0,16.16,,0.0,0
2026-10-02 03:25:38Z,CLE,in,0.967,Q4 2:00,8.0,12503,Isaiah Bond,WR,1.6,1.2,0.05,1.25,1.25,1.25,0.946,1.0,1.25,,0.0,0
2026-10-02 03:25:38Z,PIT,in,0.967,Q4 2:00,-8.0,13274,Germie Bernard,WR,4.5,3.1,0.22,3.32,3.24,3.25,0.0,1.0,3.32,,0.0,0
2026-10-02 03:25:38Z,CLE,in,0.967,Q4 2:00,8.0,12506,Harold Fannin,TE,10.6,9.5,0.33,9.83,9.85,9.85,0.489,1.0,9.83,,0.0,0
2026-10-02 03:25:38Z,CLE,in,0.967,Q4 2:00,8.0,13346,Denzel Boston,WR,9.4,12.9,0.34,13.24,13.25,13.21,0.044,1.0,13.24,,0.0,0
2026-10-02 03:25:38Z,CLE,in,0.967,Q4 2:00,8.0,4017,Deshaun Watson,QB,14.0,12.22,0.42,12.64,12.68,12.69,0.03,1.0,12.64,,0.0,0
2026-10-02 03:25:38Z,PIT,in,0.967,Q4 2:00,-8.0,13289,Drew Allar,QB,0.5,0.0,0.02,0.02,0.01,0.02,0.967,0.3,0.01,,0.0,0
2026-10-02 03:25:38Z,CLE,in,0.967,Q4 2:00,8.0,13298,KC Concepcion,WR,9.9,9.8,0.32,10.12,10.13,10.13,0.5,1.0,10.12,,0.0,0
2026-10-02 03:25:38Z,PIT,in,0.967,Q4 2:00,-8.0,6819,Michael Pittman,WR,9.7,3.5,0.45,3.95,3.77,3.82,0.579,1.0,3.95,,0.0,0
2026-10-02 03:25:38Z,PIT,in,0.967,Q4 2:00,-8.0,5846,DK Metcalf,WR,11.2,16.5,0.63,17.13,16.92,16.87,0.003,1.0,17.13,,0.0,0
2026-10-02 03:26:38Z,CLE,in,0.967,Q4 2:00,8.0,6783,Jerry Jeudy,WR,4.8,1.9,0.13,2.03,2.04,2.06,0.308,1.0,2.03,,0.0,0
2026-10-02 03:26:38Z,PIT,in,0.967,Q4 2:00,-8.0,PIT,Pittsburgh Steelers D/ST,DST,8.1,7.0,0.03,7.03,7.26,7.27,0.077,1.0,7.03,,0.0,0
2026-10-02 03:26:38Z,PIT,in,0.967,Q4 2:00,-8.0,96,Aaron Rodgers,QB,15.4,18.84,0.92,19.76,19.39,19.35,0.0,1.0,19.76,,0.0,0
2026-10-02 03:26:38Z,CLE,in,0.967,Q4 2:00,8.0,11261,Andre Szmyt,K,6.9,7.0,0.23,7.23,7.23,7.23,0.077,1.0,7.23,,0.0,0
2026-10-02 03:26:38Z,PIT,in,0.967,Q4 2:00,-8.0,7021,Rico Dowdle,RB,8.4,0.0,0.22,0.22,0.21,0.28,0.967,1.0,0.22,,0.0,0
2026-10-02 03:26:38Z,PIT,in,0.967,Q4 2:00,-8.0,11630,Roman Wilson,WR,5.7,16.4,0.4,16.8,16.68,16.59,0.026,1.0,16.8,,0.0,0
2026-10-02 03:26:38Z,CLE,in,0.967,Q4 2:00,8.0,12523,Jimmy Horn,WR,1.5,0.0,0.03,0.03,0.04,0.05,0.967,1.0,0.03,,0.0,0
2026-10-02 03:26:38Z,CLE,in,0.967,Q4 2:00,8.0,11617,Malachi Corley,WR,0.5,0.0,0.01,0.01,0.01,0.02,0.967,1.0,0.01,,0.0,0
2026-10-02 03:26:38Z,PIT,in,0.967,Q4 2:00,-8.0,9479,Darnell Washington,TE,4.9,11.7,0.32,12.02,11.92,11.86,0.136,1.0,12.02,,0.0,0
2026-10-02 03:26:38Z,CLE,in,0.967,Q4 2:00,8.0,CLE,Cleveland Browns D/ST,DST,7.0,8.0,0.09,8.09,8.24,8.23,0.136,1.0,8.09,,0.0,0
2026-10-02 03:26:38Z,PIT,in,0.967,Q4 2:00,-8.0,1945,Chris Boswell,K,8.1,3.0,0.23,3.23,3.23,3.27,0.469,1.0,3.23,,0.0,0
2026-10-02 03:26:38Z,CLE,in,0.967,Q4 2:00,8.0,12512,Quinshon Judkins,RB,11.8,21.6,0.52,22.12,22.08,21.99,0.03,1.0,22.12,,0.0,0
2026-10-02 03:26:38Z,PIT,in,0.967,Q4 2:00,-8.0,7600,Pat Freiermuth,TE,7.8,3.4,0.37,3.77,3.63,3.66,0.597,1.0,3.77,,0.0,0
2026-10-02 03:26:38Z,PIT,in,0.967,Q4 2:00,-8.0,8228,Jaylen Warren,RB,13.6,15.6,0.56,16.16,16.07,16.05,0.076,1.0,16.16,,0.0,0
2026-10-02 03:26:38Z,CLE,in,0.967,Q4 2:00,8.0,12503,Isaiah Bond,WR,1.6,1.2,0.05,1.25,1.25,1.25,0.946,1.0,1.25,,0.0,0
2026-10-02 03:26:38Z,PIT,in,0.967,Q4 2:00,-8.0,13274,Germie Bernard,WR,4.5,3.1,0.22,3.32,3.24,3.25,0.0,1.0,3.32,,0.0,0
2026-10-02 03:26:38Z,CLE,in,0.967,Q4 2:00,8.0,12506,Harold Fannin,TE,10.6,9.5,0.33,9.83,9.85,9.85,0.489,1.0,9.83,,0.0,0
2026-10-02 03:26:38Z,CLE,in,0.967,Q4 2:00,8.0,13346,Denzel Boston,WR,9.4,12.9,0.34,13.24,13.25,13.21,0.044,1.0,13.24,,0.0,0
2026-10-02 03:26:38Z,CLE,in,0.967,Q4 2:00,8.0,4017,Deshaun Watson,QB,14.0,12.22,0.42,12.64,12.68,12.69,0.03,1.0,12.64,,0.0,0
2026-10-02 03:26:38Z,PIT,in,0.967,Q4 2:00,-8.0,13289,Drew Allar,QB,0.5,0.0,0.02,0.02,0.01,0.02,0.967,0.3,0.01,,0.0,0
2026-10-02 03:26:38Z,CLE,in,0.967,Q4 2:00,8.0,13298,KC Concepcion,WR,9.9,9.8,0.32,10.12,10.13,10.13,0.5,1.0,10.12,,0.0,0
2026-10-02 03:26:38Z,PIT,in,0.967,Q4 2:00,-8.0,6819,Michael Pittman,WR,9.7,3.5,0.45,3.95,3.77,3.82,0.579,1.0,3.95,,0.0,0
2026-10-02 03:26:38Z,PIT,in,0.967,Q4 2:00,-8.0,5846,DK Metcalf,WR,11.2,16.5,0.63,17.13,16.92,16.87,0.003,1.0,17.13,,0.0,0
2026-10-02 03:27:39Z,CLE,in,0.968,Q4 1:55,8.0,6783,Jerry Jeudy,WR,4.8,1.9,0.12,2.02,2.03,2.05,0.31,1.0,2.02,,0.0,0
2026-10-02 03:27:39Z,PIT,in,0.968,Q4 1:55,-8.0,PIT,Pittsburgh Steelers D/ST,DST,8.1,7.0,0.03,7.03,7.25,7.26,0.078,1.0,7.03,,0.0,0
2026-10-02 03:27:39Z,PIT,in,0.968,Q4 1:55,-8.0,96,Aaron Rodgers,QB,15.4,18.84,0.88,19.72,19.36,19.33,0.001,1.0,19.72,,0.0,0
2026-10-02 03:27:39Z,CLE,in,0.968,Q4 1:55,8.0,11261,Andre Szmyt,K,6.9,7.0,0.22,7.22,7.22,7.22,0.078,1.0,7.22,,0.0,0
2026-10-02 03:27:39Z,PIT,in,0.968,Q4 1:55,-8.0,7021,Rico Dowdle,RB,8.4,0.0,0.21,0.21,0.2,0.27,0.968,1.0,0.21,,0.0,0
2026-10-02 03:27:39Z,PIT,in,0.968,Q4 1:55,-8.0,11630,Roman Wilson,WR,5.7,16.4,0.38,16.78,16.67,16.58,0.027,1.0,16.78,,0.0,0
2026-10-02 03:27:39Z,CLE,in,0.968,Q4 1:55,8.0,12523,Jimmy Horn,WR,1.5,0.0,0.03,0.03,0.04,0.05,0.968,1.0,0.03,,0.0,0
2026-10-02 03:27:39Z,CLE,in,0.968,Q4 1:55,8.0,11617,Malachi Corley,WR,0.5,0.0,0.01,0.01,0.01,0.02,0.968,1.0,0.01,,0.0,0
2026-10-02 03:27:39Z,PIT,in,0.968,Q4 1:55,-8.0,9479,Darnell Washington,TE,4.9,11.7,0.3,12.0,11.91,11.86,0.137,1.0,12.0,,0.0,0
2026-10-02 03:27:39Z,CLE,in,0.968,Q4 1:55,8.0,CLE,Cleveland Browns D/ST,DST,7.0,8.0,0.09,8.09,8.23,8.22,0.137,1.0,8.09,,0.0,0
2026-10-02 03:27:39Z,PIT,in,0.968,Q4 1:55,-8.0,1945,Chris Boswell,K,8.1,3.0,0.22,3.22,3.22,3.26,0.47,1.0,3.22,,0.0,0
2026-10-02 03:27:39Z,CLE,in,0.968,Q4 1:55,8.0,12512,Quinshon Judkins,RB,11.8,21.6,0.5,22.1,22.06,21.98,0.031,1.0,22.1,,0.0,0
2026-10-02 03:27:39Z,PIT,in,0.968,Q4 1:55,-8.0,7600,Pat Freiermuth,TE,7.8,3.4,0.35,3.75,3.62,3.65,0.599,1.0,3.75,,0.0,0
2026-10-02 03:27:39Z,PIT,in,0.968,Q4 1:55,-8.0,8228,Jaylen Warren,RB,13.6,15.6,0.54,16.14,16.05,16.03,0.077,1.0,16.14,,0.0,0
2026-10-02 03:27:39Z,CLE,in,0.968,Q4 1:55,8.0,12503,Isaiah Bond,WR,1.6,1.2,0.05,1.25,1.25,1.25,0.947,1.0,1.25,,0.0,0
2026-10-02 03:27:39Z,PIT,in,0.968,Q4 1:55,-8.0,13274,Germie Bernard,WR,4.5,3.1,0.21,3.31,3.23,3.24,0.001,1.0,3.31,,0.0,0
2026-10-02 03:27:39Z,CLE,in,0.968,Q4 1:55,8.0,12506,Harold Fannin,TE,10.6,9.5,0.32,9.82,9.83,9.84,0.491,1.0,9.82,,0.0,0
2026-10-02 03:27:39Z,CLE,in,0.968,Q4 1:55,8.0,13346,Denzel Boston,WR,9.4,12.9,0.32,13.22,13.23,13.2,0.045,1.0,13.22,,0.0,0
2026-10-02 03:27:39Z,CLE,in,0.968,Q4 1:55,8.0,4017,Deshaun Watson,QB,14.0,12.22,0.4,12.62,12.66,12.67,0.031,1.0,12.62,,0.0,0
2026-10-02 03:27:39Z,PIT,in,0.968,Q4 1:55,-8.0,13289,Drew Allar,QB,0.5,0.0,0.02,0.02,0.01,0.02,0.968,0.3,0.01,,0.0,0
2026-10-02 03:27:39Z,CLE,in,0.968,Q4 1:55,8.0,13298,KC Concepcion,WR,9.9,9.8,0.31,10.11,10.12,10.12,0.501,1.0,10.11,,0.0,0
2026-10-02 03:27:39Z,PIT,in,0.968,Q4 1:55,-8.0,6819,Michael Pittman,WR,9.7,3.5,0.43,3.93,3.76,3.81,0.58,1.0,3.93,,0.0,0
2026-10-02 03:27:39Z,PIT,in,0.968,Q4 1:55,-8.0,5846,DK Metcalf,WR,11.2,16.5,0.61,17.11,16.9,16.86,0.004,1.0,17.11,,0.0,0
2026-10-02 03:28:39Z,CLE,in,0.969,Q4 1:51,8.0,6783,Jerry Jeudy,WR,4.8,1.9,0.12,2.02,2.03,2.05,0.311,1.0,2.02,,0.0,0
2026-10-02 03:28:39Z,PIT,in,0.969,Q4 1:51,-8.0,PIT,Pittsburgh Steelers D/ST,DST,8.1,7.0,0.03,7.03,7.24,7.25,0.079,1.0,7.03,,0.0,0
2026-10-02 03:28:39Z,PIT,in,0.969,Q4 1:51,-8.0,96,Aaron Rodgers,QB,15.4,18.84,0.85,19.69,19.35,19.31,0.002,1.0,19.69,,0.0,0
2026-10-02 03:28:39Z,CLE,in,0.969,Q4 1:51,8.0,11261,Andre Szmyt,K,6.9,7.0,0.22,7.22,7.22,7.21,0.079,1.0,7.22,,0.0,0
2026-10-02 03:28:39Z,PIT,in,0.969,Q4 1:51,-8.0,7021,Rico Dowdle,RB,8.4,0.0,0.21,0.21,0.2,0.26,0.969,1.0,0.21,,0.0,0
2026-10-02 03:28:39Z,PIT,in,0.969,Q4 1:51,-8.0,11630,Roman Wilson,WR,5.7,16.4,0.37,16.77,16.66,16.58,0.028,1.0,16.77,,0.0,0
2026-10-02 03:28:39Z,CLE,in,0.969,Q4 1:51,8.0,12523,Jimmy Horn,WR,1.5,0.0,0.03,0.03,0.04,0.05,0.969,1.0,0.03,,0.0,0
2026-10-02 03:28:39Z,CLE,in,0.969,Q4 1:51,8.0,11617,Malachi Corley,WR,0.5,0.0,0.01,0.01,0.01,0.02,0.969,1.0,0.01,,0.0,0
2026-10-02 03:28:39Z,PIT,in,0.969,Q4 1:51,-8.0,9479,Darnell Washington,TE,4.9,11.7,0.29,11.99,11.9,11.85,0.139,1.0,11.99,,0.0,0
2026-10-02 03:28:39Z,CLE,in,0.969,Q4 1:51,8.0,CLE,Cleveland Browns D/ST,DST,7.0,8.0,0.08,8.08,8.23,8.22,0.139,1.0,8.08,,0.0,0
2026-10-02 03:28:39Z,PIT,in,0.969,Q4 1:51,-8.0,1945,Chris Boswell,K,8.1,3.0,0.21,3.21,3.21,3.25,0.471,1.0,3.21,,0.0,0
2026-10-02 03:28:39Z,CLE,in,0.969,Q4 1:51,8.0,12512,Quinshon Judkins,RB,11.8,21.6,0.48,22.08,22.04,21.96,0.032,1.0,22.08,,0.0,0
2026-10-02 03:28:39Z,PIT,in,0.969,Q4 1:51,-8.0,7600,Pat Freiermuth,TE,7.8,3.4,0.34,3.74,3.61,3.64,0.6,1.0,3.74,,0.0,0
2026-10-02 03:28:39Z,PIT,in,0.969,Q4 1:51,-8.0,8228,Jaylen Warren,RB,13.6,15.6,0.52,16.12,16.04,16.02,0.078,1.0,16.12,,0.0,0
2026-10-02 03:28:39Z,CLE,in,0.969,Q4 1:51,8.0,12503,Isaiah Bond,WR,1.6,1.2,0.04,1.24,1.25,1.25,0.948,1.0,1.24,,0.0,0
2026-10-02 03:28:39Z,PIT,in,0.969,Q4 1:51,-8.0,13274,Germie Bernard,WR,4.5,3.1,0.2,3.3,3.23,3.24,0.002,1.0,3.3,,0.0,0
2026-10-02 03:28:39Z,CLE,in,0.969,Q4 1:51,8.0,12506,Harold Fannin,TE,10.6,9.5,0.31,9.81,9.82,9.83,0.492,1.0,9.81,,0.0,0
2026-10-02 03:28:39Z,CLE,in,0.969,Q4 1:51,8.0,13346,Denzel Boston,WR,9.4,12.9,0.31,13.21,13.22,13.19,0.046,1.0,13.21,,0.0,0
2026-10-02 03:28:39Z,CLE,in,0.969,Q4 1:51,8.0,4017,Deshaun Watson,QB,14.0,12.22,0.39,12.61,12.64,12.65,0.032,1.0,12.61,,0.0,0
2026-10-02 03:28:39Z,PIT,in,0.969,Q4 1:51,-8.0,13289,Drew Allar,QB,0.5,0.0,0.02,0.02,0.01,0.02,0.969,0.3,0.01,,0.0,0
2026-10-02 03:28:39Z,CLE,in,0.969,Q4 1:51,8.0,13298,KC Concepcion,WR,9.9,9.8,0.3,10.1,10.11,10.11,0.502,1.0,10.1,,0.0,0
2026-10-02 03:28:39Z,PIT,in,0.969,Q4 1:51,-8.0,6819,Michael Pittman,WR,9.7,3.5,0.41,3.91,3.75,3.8,0.581,1.0,3.91,,0.0,0
2026-10-02 03:28:39Z,PIT,in,0.969,Q4 1:51,-8.0,5846,DK Metcalf,WR,11.2,16.5,0.58,17.08,16.89,16.85,0.005,1.0,17.08,,0.0,0
2026-10-02 03:29:39Z,CLE,in,0.969,Q4 1:51,8.0,6783,Jerry Jeudy,WR,4.8,1.9,0.12,2.02,2.03,2.05,0.311,1.0,2.02,,0.0,0
2026-10-02 03:29:39Z,PIT,in,0.969,Q4 1:51,-8.0,PIT,Pittsburgh Steelers D/ST,DST,8.1,7.0,0.03,7.03,7.24,7.25,0.079,1.0,7.03,,0.0,0
2026-10-02 03:29:39Z,PIT,in,0.969,Q4 1:51,-8.0,96,Aaron Rodgers,QB,15.4,18.84,0.85,19.69,19.35,19.31,0.002,1.0,19.69,,0.0,0
2026-10-02 03:29:39Z,CLE,in,0.969,Q4 1:51,8.0,11261,Andre Szmyt,K,6.9,7.0,0.22,7.22,7.22,7.21,0.079,1.0,7.22,,0.0,0
2026-10-02 03:29:39Z,PIT,in,0.969,Q4 1:51,-8.0,7021,Rico Dowdle,RB,8.4,0.0,0.21,0.21,0.2,0.26,0.969,1.0,0.21,,0.0,0
2026-10-02 03:29:39Z,PIT,in,0.969,Q4 1:51,-8.0,11630,Roman Wilson,WR,5.7,16.4,0.37,16.77,16.66,16.58,0.028,1.0,16.77,,0.0,0
2026-10-02 03:29:39Z,CLE,in,0.969,Q4 1:51,8.0,12523,Jimmy Horn,WR,1.5,0.0,0.03,0.03,0.04,0.05,0.969,1.0,0.03,,0.0,0
2026-10-02 03:29:39Z,CLE,in,0.969,Q4 1:51,8.0,11617,Malachi Corley,WR,0.5,0.0,0.01,0.01,0.01,0.02,0.969,1.0,0.01,,0.0,0
2026-10-02 03:29:39Z,PIT,in,0.969,Q4 1:51,-8.0,9479,Darnell Washington,TE,4.9,11.7,0.29,11.99,11.9,11.85,0.139,1.0,11.99,,0.0,0
2026-10-02 03:29:39Z,CLE,in,0.969,Q4 1:51,8.0,CLE,Cleveland Browns D/ST,DST,7.0,8.0,0.08,8.08,8.23,8.22,0.139,1.0,8.08,,0.0,0
2026-10-02 03:29:39Z,PIT,in,0.969,Q4 1:51,-8.0,1945,Chris Boswell,K,8.1,3.0,0.21,3.21,3.21,3.25,0.471,1.0,3.21,,0.0,0
2026-10-02 03:29:39Z,CLE,in,0.969,Q4 1:51,8.0,12512,Quinshon Judkins,RB,11.8,21.6,0.48,22.08,22.04,21.96,0.032,1.0,22.08,,0.0,0
2026-10-02 03:29:39Z,PIT,in,0.969,Q4 1:51,-8.0,7600,Pat Freiermuth,TE,7.8,3.4,0.34,3.74,3.61,3.64,0.6,1.0,3.74,,0.0,0
2026-10-02 03:29:39Z,PIT,in,0.969,Q4 1:51,-8.0,8228,Jaylen Warren,RB,13.6,15.6,0.52,16.12,16.04,16.02,0.078,1.0,16.12,,0.0,0
2026-10-02 03:29:39Z,CLE,in,0.969,Q4 1:51,8.0,12503,Isaiah Bond,WR,1.6,1.2,0.04,1.24,1.25,1.25,0.948,1.0,1.24,,0.0,0
2026-10-02 03:29:39Z,PIT,in,0.969,Q4 1:51,-8.0,13274,Germie Bernard,WR,4.5,3.1,0.2,3.3,3.23,3.24,0.002,1.0,3.3,,0.0,0
2026-10-02 03:29:39Z,CLE,in,0.969,Q4 1:51,8.0,12506,Harold Fannin,TE,10.6,9.5,0.31,9.81,9.82,9.83,0.492,1.0,9.81,,0.0,0
2026-10-02 03:29:39Z,CLE,in,0.969,Q4 1:51,8.0,13346,Denzel Boston,WR,9.4,12.9,0.31,13.21,13.22,13.19,0.046,1.0,13.21,,0.0,0
2026-10-02 03:29:39Z,CLE,in,0.969,Q4 1:51,8.0,4017,Deshaun Watson,QB,14.0,12.22,0.39,12.61,12.64,12.65,0.032,1.0,12.61,,0.0,0
2026-10-02 03:29:39Z,PIT,in,0.969,Q4 1:51,-8.0,13289,Drew Allar,QB,0.5,0.0,0.02,0.02,0.01,0.02,0.969,0.3,0.01,,0.0,0
2026-10-02 03:29:39Z,CLE,in,0.969,Q4 1:51,8.0,13298,KC Concepcion,WR,9.9,9.8,0.3,10.1,10.11,10.11,0.502,1.0,10.1,,0.0,0
2026-10-02 03:29:39Z,PIT,in,0.969,Q4 1:51,-8.0,6819,Michael Pittman,WR,9.7,3.5,0.41,3.91,3.75,3.8,0.581,1.0,3.91,,0.0,0
2026-10-02 03:29:39Z,PIT,in,0.969,Q4 1:51,-8.0,5846,DK Metcalf,WR,11.2,16.5,0.58,17.08,16.89,16.85,0.005,1.0,17.08,,0.0,0
2026-10-02 03:30:40Z,CLE,in,0.972,Q4 1:42,2.0,6783,Jerry Jeudy,WR,4.8,1.9,0.14,2.04,2.02,2.04,0.313,1.0,2.04,,0.0,0
2026-10-02 03:30:40Z,PIT,in,0.972,Q4 1:42,-2.0,PIT,Pittsburgh Steelers D/ST,DST,8.1,7.0,0.06,7.06,7.22,7.23,0.082,1.0,7.06,,0.0,0
2026-10-02 03:30:40Z,PIT,in,0.972,Q4 1:42,-2.0,96,Aaron Rodgers,QB,15.4,22.96,0.71,23.67,23.45,23.4,0.0,1.0,23.67,,0.0,0
2026-10-02 03:30:40Z,CLE,in,0.972,Q4 1:42,2.0,11261,Andre Szmyt,K,6.9,7.0,0.2,7.2,7.2,7.2,0.082,1.0,7.2,,0.0,0
2026-10-02 03:30:40Z,PIT,in,0.972,Q4 1:42,-2.0,7021,Rico Dowdle,RB,8.4,0.0,0.17,0.17,0.18,0.24,0.972,1.0,0.17,,0.0,0
2026-10-02 03:30:40Z,PIT,in,0.972,Q4 1:42,-2.0,11630,Roman Wilson,WR,5.7,16.4,0.3,16.7,16.64,16.56,0.031,1.0,16.7,,0.0,0
2026-10-02 03:30:40Z,CLE,in,0.972,Q4 1:42,2.0,12523,Jimmy Horn,WR,1.5,0.0,0.04,0.04,0.03,0.04,0.972,1.0,0.04,,0.0,0
2026-10-02 03:30:40Z,CLE,in,0.972,Q4 1:42,2.0,11617,Malachi Corley,WR,0.5,0.0,0.01,0.01,0.01,0.01,0.972,1.0,0.01,,0.0,0
2026-10-02 03:30:40Z,PIT,in,0.972,Q4 1:42,-2.0,9479,Darnell Washington,TE,4.9,11.7,0.24,11.94,11.89,11.84,0.141,1.0,11.94,,0.0,0
2026-10-02 03:30:40Z,CLE,in,0.972,Q4 1:42,2.0,CLE,Cleveland Browns D/ST,DST,7.0,7.0,0.06,7.06,7.2,7.2,0.0,1.0,7.06,,0.0,0
2026-10-02 03:30:40Z,PIT,in,0.972,Q4 1:42,-2.0,1945,Chris Boswell,K,8.1,3.0,0.2,3.2,3.2,3.23,0.474,1.0,3.2,,0.0,0
2026-10-02 03:30:40Z,CLE,in,0.972,Q4 1:42,2.0,12512,Quinshon Judkins,RB,11.8,21.6,0.46,22.06,22.01,21.93,0.035,1.0,22.06,,0.0,0
2026-10-02 03:30:40Z,PIT,in,0.972,Q4 1:42,-2.0,7600,Pat Freiermuth,TE,7.8,10.7,0.32,11.02,10.94,10.92,0.0,1.0,11.02,,0.0,0
2026-10-02 03:30:40Z,PIT,in,0.972,Q4 1:42,-2.0,8228,Jaylen Warren,RB,13.6,15.6,0.45,16.05,16.0,15.99,0.081,1.0,16.05,,0.0,0
2026-10-02 03:30:40Z,CLE,in,0.972,Q4 1:42,2.0,12503,Isaiah Bond,WR,1.6,1.2,0.05,1.25,1.24,1.25,0.951,1.0,1.25,,0.0,0
2026-10-02 03:30:40Z,PIT,in,0.972,Q4 1:42,-2.0,13274,Germie Bernard,WR,4.5,3.1,0.16,3.26,3.22,3.23,0.005,1.0,3.26,,0.0,0
2026-10-02 03:30:40Z,CLE,in,0.972,Q4 1:42,2.0,12506,Harold Fannin,TE,10.6,9.5,0.35,9.85,9.79,9.8,0.494,1.0,9.85,,0.0,0
2026-10-02 03:30:40Z,CLE,in,0.972,Q4 1:42,2.0,13346,Denzel Boston,WR,9.4,12.9,0.34,13.24,13.19,13.17,0.049,1.0,13.24,,0.0,0
2026-10-02 03:30:40Z,CLE,in,0.972,Q4 1:42,2.0,4017,Deshaun Watson,QB,14.0,12.22,0.46,12.68,12.61,12.62,0.035,1.0,12.68,,0.0,0
2026-10-02 03:30:40Z,PIT,in,0.972,Q4 1:42,-2.0,13289,Drew Allar,QB,0.5,0.0,0.01,0.01,0.01,0.01,0.972,0.3,0.0,,0.0,0
2026-10-02 03:30:40Z,CLE,in,0.972,Q4 1:42,2.0,13298,KC Concepcion,WR,9.9,9.8,0.33,10.13,10.08,10.08,0.505,1.0,10.13,,0.0,0
2026-10-02 03:30:40Z,PIT,in,0.972,Q4 1:42,-2.0,6819,Michael Pittman,WR,9.7,3.5,0.32,3.82,3.73,3.77,0.584,1.0,3.82,,0.0,0
2026-10-02 03:30:40Z,PIT,in,0.972,Q4 1:42,-2.0,5846,DK Metcalf,WR,11.2,16.5,0.47,16.97,16.86,16.82,0.008,1.0,16.97,,0.0,0
2026-10-02 03:31:40Z,CLE,in,0.972,Q4 1:42,2.0,6783,Jerry Jeudy,WR,4.8,1.9,0.14,2.04,2.02,2.04,0.313,1.0,2.04,,0.0,0
2026-10-02 03:31:40Z,PIT,in,0.972,Q4 1:42,-2.0,PIT,Pittsburgh Steelers D/ST,DST,8.1,7.0,0.06,7.06,7.22,7.23,0.082,1.0,7.06,,0.0,0
2026-10-02 03:31:40Z,PIT,in,0.972,Q4 1:42,-2.0,96,Aaron Rodgers,QB,15.4,22.96,0.71,23.67,23.45,23.4,0.0,1.0,23.67,,0.0,0
2026-10-02 03:31:40Z,CLE,in,0.972,Q4 1:42,2.0,11261,Andre Szmyt,K,6.9,7.0,0.2,7.2,7.2,7.2,0.082,1.0,7.2,,0.0,0
2026-10-02 03:31:40Z,PIT,in,0.972,Q4 1:42,-2.0,7021,Rico Dowdle,RB,8.4,0.0,0.17,0.17,0.18,0.24,0.972,1.0,0.17,,0.0,0
2026-10-02 03:31:40Z,PIT,in,0.972,Q4 1:42,-2.0,11630,Roman Wilson,WR,5.7,16.4,0.3,16.7,16.64,16.56,0.031,1.0,16.7,,0.0,0
2026-10-02 03:31:40Z,CLE,in,0.972,Q4 1:42,2.0,12523,Jimmy Horn,WR,1.5,0.0,0.04,0.04,0.03,0.04,0.972,1.0,0.04,,0.0,0
2026-10-02 03:31:40Z,CLE,in,0.972,Q4 1:42,2.0,11617,Malachi Corley,WR,0.5,0.0,0.01,0.01,0.01,0.01,0.972,1.0,0.01,,0.0,0
2026-10-02 03:31:40Z,PIT,in,0.972,Q4 1:42,-2.0,9479,Darnell Washington,TE,4.9,11.7,0.24,11.94,11.89,11.84,0.141,1.0,11.94,,0.0,0
2026-10-02 03:31:40Z,CLE,in,0.972,Q4 1:42,2.0,CLE,Cleveland Browns D/ST,DST,7.0,7.0,0.06,7.06,7.2,7.2,0.0,1.0,7.06,,0.0,0
2026-10-02 03:31:40Z,PIT,in,0.972,Q4 1:42,-2.0,1945,Chris Boswell,K,8.1,3.0,0.2,3.2,3.2,3.23,0.474,1.0,3.2,,0.0,0
2026-10-02 03:31:40Z,CLE,in,0.972,Q4 1:42,2.0,12512,Quinshon Judkins,RB,11.8,21.6,0.46,22.06,22.01,21.93,0.035,1.0,22.06,,0.0,0
2026-10-02 03:31:40Z,PIT,in,0.972,Q4 1:42,-2.0,7600,Pat Freiermuth,TE,7.8,10.7,0.32,11.02,10.94,10.92,0.0,1.0,11.02,,0.0,0
2026-10-02 03:31:40Z,PIT,in,0.972,Q4 1:42,-2.0,8228,Jaylen Warren,RB,13.6,15.6,0.45,16.05,16.0,15.99,0.081,1.0,16.05,,0.0,0
2026-10-02 03:31:40Z,CLE,in,0.972,Q4 1:42,2.0,12503,Isaiah Bond,WR,1.6,1.2,0.05,1.25,1.24,1.25,0.951,1.0,1.25,,0.0,0
2026-10-02 03:31:40Z,PIT,in,0.972,Q4 1:42,-2.0,13274,Germie Bernard,WR,4.5,3.1,0.16,3.26,3.22,3.23,0.005,1.0,3.26,,0.0,0
2026-10-02 03:31:40Z,CLE,in,0.972,Q4 1:42,2.0,12506,Harold Fannin,TE,10.6,9.5,0.35,9.85,9.79,9.8,0.494,1.0,9.85,,0.0,0
2026-10-02 03:31:40Z,CLE,in,0.972,Q4 1:42,2.0,13346,Denzel Boston,WR,9.4,12.9,0.34,13.24,13.19,13.17,0.049,1.0,13.24,,0.0,0
2026-10-02 03:31:40Z,CLE,in,0.972,Q4 1:42,2.0,4017,Deshaun Watson,QB,14.0,12.22,0.46,12.68,12.61,12.62,0.035,1.0,12.68,,0.0,0
2026-10-02 03:31:40Z,PIT,in,0.972,Q4 1:42,-2.0,13289,Drew Allar,QB,0.5,0.0,0.01,0.01,0.01,0.01,0.972,0.3,0.0,,0.0,0
2026-10-02 03:31:40Z,CLE,in,0.972,Q4 1:42,2.0,13298,KC Concepcion,WR,9.9,9.8,0.33,10.13,10.08,10.08,0.505,1.0,10.13,,0.0,0
2026-10-02 03:31:40Z,PIT,in,0.972,Q4 1:42,-2.0,6819,Michael Pittman,WR,9.7,3.5,0.32,3.82,3.73,3.77,0.584,1.0,3.82,,0.0,0
2026-10-02 03:31:40Z,PIT,in,0.972,Q4 1:42,-2.0,5846,DK Metcalf,WR,11.2,16.5,0.47,16.97,16.86,16.82,0.008,1.0,16.97,,0.0,0
2026-10-02 03:32:40Z,CLE,in,0.972,Q4 1:42,0.0,6783,Jerry Jeudy,WR,4.8,1.9,0.15,2.05,2.02,2.04,0.313,1.0,2.05,,0.0,0
2026-10-02 03:32:40Z,PIT,in,0.972,Q4 1:42,0.0,PIT,Pittsburgh Steelers D/ST,DST,8.1,7.0,0.07,7.07,7.22,7.23,0.082,1.0,7.07,,0.0,0
2026-10-02 03:32:40Z,PIT,in,0.972,Q4 1:42,0.0,96,Aaron Rodgers,QB,15.4,24.96,0.69,25.65,25.47,25.4,0.0,1.0,25.65,,0.0,0
2026-10-02 03:32:40Z,CLE,in,0.972,Q4 1:42,0.0,11261,Andre Szmyt,K,6.9,7.0,0.2,7.2,7.2,7.2,0.082,1.0,7.2,,0.0,0
2026-10-02 03:32:40Z,PIT,in,0.972,Q4 1:42,0.0,7021,Rico Dowdle,RB,8.4,0.0,0.17,0.17,0.18,0.24,0.972,1.0,0.17,,0.0,0
2026-10-02 03:32:40Z,PIT,in,0.972,Q4 1:42,0.0,11630,Roman Wilson,WR,5.7,16.4,0.29,16.69,16.64,16.56,0.031,1.0,16.69,,0.0,0
2026-10-02 03:32:40Z,CLE,in,0.972,Q4 1:42,0.0,12523,Jimmy Horn,WR,1.5,0.0,0.04,0.04,0.03,0.04,0.972,1.0,0.04,,0.0,0
2026-10-02 03:32:40Z,CLE,in,0.972,Q4 1:42,0.0,11617,Malachi Corley,WR,0.5,0.0,0.01,0.01,0.01,0.01,0.972,1.0,0.01,,0.0,0
2026-10-02 03:32:40Z,PIT,in,0.972,Q4 1:42,0.0,9479,Darnell Washington,TE,4.9,11.7,0.23,11.93,11.89,11.84,0.141,1.0,11.93,,0.0,0
2026-10-02 03:32:40Z,CLE,in,0.972,Q4 1:42,0.0,CLE,Cleveland Browns D/ST,DST,7.0,7.0,0.05,7.05,7.2,7.2,0.0,1.0,7.05,,0.0,0
2026-10-02 03:32:40Z,PIT,in,0.972,Q4 1:42,0.0,1945,Chris Boswell,K,8.1,3.0,0.2,3.2,3.2,3.23,0.474,1.0,3.2,,0.0,0
2026-10-02 03:32:40Z,CLE,in,0.972,Q4 1:42,0.0,12512,Quinshon Judkins,RB,11.8,21.6,0.47,22.07,22.01,21.93,0.035,1.0,22.07,,0.0,0
2026-10-02 03:32:40Z,PIT,in,0.972,Q4 1:42,0.0,7600,Pat Freiermuth,TE,7.8,10.7,0.3,11.0,10.94,10.92,0.0,1.0,11.0,,0.0,0
2026-10-02 03:32:40Z,PIT,in,0.972,Q4 1:42,0.0,8228,Jaylen Warren,RB,13.6,15.6,0.44,16.04,16.0,15.99,0.081,1.0,16.04,,0.0,0
2026-10-02 03:32:40Z,CLE,in,0.972,Q4 1:42,0.0,12503,Isaiah Bond,WR,1.6,1.2,0.05,1.25,1.24,1.25,0.951,1.0,1.25,,0.0,0
2026-10-02 03:32:40Z,PIT,in,0.972,Q4 1:42,0.0,13274,Germie Bernard,WR,4.5,3.1,0.15,3.25,3.22,3.23,0.005,1.0,3.25,,0.0,0
2026-10-02 03:32:40Z,CLE,in,0.972,Q4 1:42,0.0,12506,Harold Fannin,TE,10.6,9.5,0.37,9.87,9.79,9.8,0.494,1.0,9.87,,0.0,0
2026-10-02 03:32:40Z,CLE,in,0.972,Q4 1:42,0.0,13346,Denzel Boston,WR,9.4,12.9,0.36,13.26,13.19,13.17,0.049,1.0,13.26,,0.0,0
2026-10-02 03:32:40Z,CLE,in,0.972,Q4 1:42,0.0,4017,Deshaun Watson,QB,14.0,12.22,0.5,12.72,12.61,12.62,0.035,1.0,12.72,,0.0,0
2026-10-02 03:32:40Z,PIT,in,0.972,Q4 1:42,0.0,13289,Drew Allar,QB,0.5,0.0,0.01,0.01,0.01,0.01,0.972,0.3,0.0,,0.0,0
2026-10-02 03:32:40Z,CLE,in,0.972,Q4 1:42,0.0,13298,KC Concepcion,WR,9.9,9.8,0.35,10.15,10.08,10.08,0.505,1.0,10.15,,0.0,0
2026-10-02 03:32:40Z,PIT,in,0.972,Q4 1:42,0.0,6819,Michael Pittman,WR,9.7,3.5,0.3,3.8,3.73,3.77,0.584,1.0,3.8,,0.0,0
2026-10-02 03:32:40Z,PIT,in,0.972,Q4 1:42,0.0,5846,DK Metcalf,WR,11.2,16.5,0.44,16.94,16.86,16.82,0.008,1.0,16.94,,0.0,0
2026-10-02 03:33:41Z,CLE,in,0.972,Q4 1:42,0.0,6783,Jerry Jeudy,WR,4.8,1.9,0.15,2.05,2.02,2.04,0.313,1.0,2.05,,0.0,0
2026-10-02 03:33:41Z,PIT,in,0.972,Q4 1:42,0.0,PIT,Pittsburgh Steelers D/ST,DST,8.1,7.0,0.07,7.07,7.22,7.23,0.082,1.0,7.07,,0.0,0
2026-10-02 03:33:41Z,PIT,in,0.972,Q4 1:42,0.0,96,Aaron Rodgers,QB,15.4,24.96,0.69,25.65,25.47,25.4,0.0,1.0,25.65,,0.0,0
2026-10-02 03:33:41Z,CLE,in,0.972,Q4 1:42,0.0,11261,Andre Szmyt,K,6.9,7.0,0.2,7.2,7.2,7.2,0.082,1.0,7.2,,0.0,0
2026-10-02 03:33:41Z,PIT,in,0.972,Q4 1:42,0.0,7021,Rico Dowdle,RB,8.4,0.0,0.17,0.17,0.18,0.24,0.972,1.0,0.17,,0.0,0
2026-10-02 03:33:41Z,PIT,in,0.972,Q4 1:42,0.0,11630,Roman Wilson,WR,5.7,16.4,0.29,16.69,16.64,16.56,0.031,1.0,16.69,,0.0,0
2026-10-02 03:33:41Z,CLE,in,0.972,Q4 1:42,0.0,12523,Jimmy Horn,WR,1.5,0.0,0.04,0.04,0.03,0.04,0.972,1.0,0.04,,0.0,0
2026-10-02 03:33:41Z,CLE,in,0.972,Q4 1:42,0.0,11617,Malachi Corley,WR,0.5,0.0,0.01,0.01,0.01,0.01,0.972,1.0,0.01,,0.0,0
2026-10-02 03:33:41Z,PIT,in,0.972,Q4 1:42,0.0,9479,Darnell Washington,TE,4.9,11.7,0.23,11.93,11.89,11.84,0.141,1.0,11.93,,0.0,0
2026-10-02 03:33:41Z,CLE,in,0.972,Q4 1:42,0.0,CLE,Cleveland Browns D/ST,DST,7.0,7.0,0.05,7.05,7.2,7.2,0.0,1.0,7.05,,0.0,0
2026-10-02 03:33:41Z,PIT,in,0.972,Q4 1:42,0.0,1945,Chris Boswell,K,8.1,3.0,0.2,3.2,3.2,3.23,0.474,1.0,3.2,,0.0,0
2026-10-02 03:33:41Z,CLE,in,0.972,Q4 1:42,0.0,12512,Quinshon Judkins,RB,11.8,21.6,0.47,22.07,22.01,21.93,0.035,1.0,22.07,,0.0,0
2026-10-02 03:33:41Z,PIT,in,0.972,Q4 1:42,0.0,7600,Pat Freiermuth,TE,7.8,10.7,0.3,11.0,10.94,10.92,0.0,1.0,11.0,,0.0,0
2026-10-02 03:33:41Z,PIT,in,0.972,Q4 1:42,0.0,8228,Jaylen Warren,RB,13.6,15.6,0.44,16.04,16.0,15.99,0.081,1.0,16.04,,0.0,0
2026-10-02 03:33:41Z,CLE,in,0.972,Q4 1:42,0.0,12503,Isaiah Bond,WR,1.6,1.2,0.05,1.25,1.24,1.25,0.951,1.0,1.25,,0.0,0
2026-10-02 03:33:41Z,PIT,in,0.972,Q4 1:42,0.0,13274,Germie Bernard,WR,4.5,3.1,0.15,3.25,3.22,3.23,0.005,1.0,3.25,,0.0,0
2026-10-02 03:33:41Z,CLE,in,0.972,Q4 1:42,0.0,12506,Harold Fannin,TE,10.6,9.5,0.37,9.87,9.79,9.8,0.494,1.0,9.87,,0.0,0
2026-10-02 03:33:41Z,CLE,in,0.972,Q4 1:42,0.0,13346,Denzel Boston,WR,9.4,12.9,0.36,13.26,13.19,13.17,0.049,1.0,13.26,,0.0,0
2026-10-02 03:33:41Z,CLE,in,0.972,Q4 1:42,0.0,4017,Deshaun Watson,QB,14.0,12.22,0.5,12.72,12.61,12.62,0.035,1.0,12.72,,0.0,0
2026-10-02 03:33:41Z,PIT,in,0.972,Q4 1:42,0.0,13289,Drew Allar,QB,0.5,0.0,0.01,0.01,0.01,0.01,0.972,0.3,0.0,,0.0,0
2026-10-02 03:33:41Z,CLE,in,0.972,Q4 1:42,0.0,13298,KC Concepcion,WR,9.9,9.8,0.35,10.15,10.08,10.08,0.505,1.0,10.15,,0.0,0
2026-10-02 03:33:41Z,PIT,in,0.972,Q4 1:42,0.0,6819,Michael Pittman,WR,9.7,3.5,0.3,3.8,3.73,3.77,0.584,1.0,3.8,,0.0,0
2026-10-02 03:33:41Z,PIT,in,0.972,Q4 1:42,0.0,5846,DK Metcalf,WR,11.2,16.5,0.44,16.94,16.86,16.82,0.008,1.0,16.94,,0.0,0
2026-10-02 03:34:41Z,CLE,in,0.98,Q4 1:11,0.0,6783,Jerry Jeudy,WR,4.8,4.6,0.12,4.72,4.69,4.69,0.0,1.0,4.72,,0.0,0
2026-10-02 03:34:41Z,PIT,in,0.98,Q4 1:11,0.0,PIT,Pittsburgh Steelers D/ST,DST,8.1,7.0,0.05,7.05,7.16,7.16,0.091,1.0,7.05,,0.0,0
2026-10-02 03:34:41Z,PIT,in,0.98,Q4 1:11,0.0,96,Aaron Rodgers,QB,15.4,24.96,0.48,25.44,25.31,25.26,0.009,1.0,25.44,,0.0,0
2026-10-02 03:34:41Z,CLE,in,0.98,Q4 1:11,0.0,11261,Andre Szmyt,K,6.9,7.0,0.14,7.14,7.14,7.14,0.091,1.0,7.14,,0.0,0
2026-10-02 03:34:41Z,PIT,in,0.98,Q4 1:11,0.0,7021,Rico Dowdle,RB,8.4,0.0,0.12,0.12,0.13,0.17,0.98,1.0,0.12,,0.0,0
2026-10-02 03:34:41Z,PIT,in,0.98,Q4 1:11,0.0,11630,Roman Wilson,WR,5.7,16.4,0.2,16.6,16.57,16.51,0.039,1.0,16.6,,0.0,0
2026-10-02 03:34:41Z,CLE,in,0.98,Q4 1:11,0.0,12523,Jimmy Horn,WR,1.5,0.0,0.03,0.03,0.02,0.03,0.98,1.0,0.03,,0.0,0
2026-10-02 03:34:41Z,CLE,in,0.98,Q4 1:11,0.0,11617,Malachi Corley,WR,0.5,0.0,0.01,0.01,0.01,0.01,0.98,1.0,0.01,,0.0,0
2026-10-02 03:34:41Z,PIT,in,0.98,Q4 1:11,0.0,9479,Darnell Washington,TE,4.9,11.7,0.16,11.86,11.83,11.8,0.15,1.0,11.86,,0.0,0
2026-10-02 03:34:41Z,CLE,in,0.98,Q4 1:11,0.0,CLE,Cleveland Browns D/ST,DST,7.0,7.0,0.04,7.04,7.14,7.14,0.009,1.0,7.04,,0.0,0
2026-10-02 03:34:41Z,PIT,in,0.98,Q4 1:11,0.0,1945,Chris Boswell,K,8.1,3.0,0.14,3.14,3.14,3.16,0.483,1.0,3.14,,0.0,0
2026-10-02 03:34:41Z,CLE,in,0.98,Q4 1:11,0.0,12512,Quinshon Judkins,RB,11.8,21.6,0.32,21.92,21.88,21.83,0.043,1.0,21.92,,0.0,0
2026-10-02 03:34:41Z,PIT,in,0.98,Q4 1:11,0.0,7600,Pat Freiermuth,TE,7.8,10.7,0.21,10.91,10.87,10.85,0.009,1.0,10.91,,0.0,0
2026-10-02 03:34:41Z,PIT,in,0.98,Q4 1:11,0.0,8228,Jaylen Warren,RB,13.6,15.6,0.31,15.91,15.88,15.87,0.089,1.0,15.91,,0.0,0
2026-10-02 03:34:41Z,CLE,in,0.98,Q4 1:11,0.0,12503,Isaiah Bond,WR,1.6,1.2,0.04,1.24,1.23,1.23,0.959,1.0,1.24,,0.0,0
2026-10-02 03:34:41Z,PIT,in,0.98,Q4 1:11,0.0,13274,Germie Bernard,WR,4.5,3.1,0.1,3.2,3.18,3.19,0.014,1.0,3.2,,0.0,0
2026-10-02 03:34:41Z,CLE,in,0.98,Q4 1:11,0.0,12506,Harold Fannin,TE,10.6,9.5,0.26,9.76,9.7,9.71,0.503,1.0,9.76,,0.0,0
2026-10-02 03:34:41Z,CLE,in,0.98,Q4 1:11,0.0,13346,Denzel Boston,WR,9.4,12.9,0.25,13.15,13.1,13.09,0.057,1.0,13.15,,0.0,0
2026-10-02 03:34:41Z,CLE,in,0.98,Q4 1:11,0.0,4017,Deshaun Watson,QB,14.0,12.9,0.35,13.25,13.17,13.18,0.0,1.0,13.25,,0.0,0
2026-10-02 03:34:41Z,PIT,in,0.98,Q4 1:11,0.0,13289,Drew Allar,QB,0.5,0.0,0.01,0.01,0.01,0.01,0.98,0.3,0.0,,0.0,0
2026-10-02 03:34:41Z,CLE,in,0.98,Q4 1:11,0.0,13298,KC Concepcion,WR,9.9,9.8,0.25,10.05,10.0,10.0,0.514,1.0,10.05,,0.0,0
2026-10-02 03:34:41Z,PIT,in,0.98,Q4 1:11,0.0,6819,Michael Pittman,WR,9.7,3.5,0.21,3.71,3.66,3.69,0.592,1.0,3.71,,0.0,0
2026-10-02 03:34:41Z,PIT,in,0.98,Q4 1:11,0.0,5846,DK Metcalf,WR,11.2,16.5,0.31,16.81,16.75,16.72,0.016,1.0,16.81,,0.0,0
2026-10-02 03:35:41Z,CLE,in,0.983,Q4 1:02,0.0,6783,Jerry Jeudy,WR,4.8,4.6,0.1,4.7,4.68,4.68,0.002,1.0,4.7,,0.0,0
2026-10-02 03:35:41Z,PIT,in,0.983,Q4 1:02,0.0,PIT,Pittsburgh Steelers D/ST,DST,8.1,7.0,0.04,7.04,7.14,7.14,0.093,1.0,7.04,,0.0,0
2026-10-02 03:35:41Z,PIT,in,0.983,Q4 1:02,0.0,96,Aaron Rodgers,QB,15.4,24.96,0.42,25.38,25.27,25.23,0.011,1.0,25.38,,0.0,0
2026-10-02 03:35:41Z,CLE,in,0.983,Q4 1:02,0.0,11261,Andre Szmyt,K,6.9,7.0,0.12,7.12,7.12,7.12,0.093,1.0,7.12,,0.0,0
2026-10-02 03:35:41Z,PIT,in,0.983,Q4 1:02,0.0,7021,Rico Dowdle,RB,8.4,0.0,0.1,0.1,0.11,0.14,0.983,1.0,0.1,,0.0,0
2026-10-02 03:35:41Z,PIT,in,0.983,Q4 1:02,0.0,11630,Roman Wilson,WR,5.7,16.4,0.17,16.57,16.54,16.5,0.042,1.0,16.57,,0.0,0
2026-10-02 03:35:41Z,CLE,in,0.983,Q4 1:02,0.0,12523,Jimmy Horn,WR,1.5,0.0,0.03,0.03,0.02,0.03,0.983,1.0,0.03,,0.0,0
2026-10-02 03:35:41Z,CLE,in,0.983,Q4 1:02,0.0,11617,Malachi Corley,WR,0.5,0.0,0.01,0.01,0.01,0.01,0.983,1.0,0.01,,0.0,0
2026-10-02 03:35:41Z,PIT,in,0.983,Q4 1:02,0.0,9479,Darnell Washington,TE,4.9,11.7,0.14,11.84,11.81,11.78,0.152,1.0,11.84,,0.0,0
2026-10-02 03:35:41Z,CLE,in,0.983,Q4 1:02,0.0,CLE,Cleveland Browns D/ST,DST,7.0,7.0,0.03,7.03,7.12,7.12,0.011,1.0,7.03,,0.0,0
2026-10-02 03:35:41Z,PIT,in,0.983,Q4 1:02,0.0,1945,Chris Boswell,K,8.1,3.0,0.12,3.12,3.12,3.14,0.485,1.0,3.12,,0.0,0
2026-10-02 03:35:41Z,CLE,in,0.983,Q4 1:02,0.0,12512,Quinshon Judkins,RB,11.8,21.6,0.28,21.88,21.85,21.8,0.046,1.0,21.88,,0.0,0
2026-10-02 03:35:41Z,PIT,in,0.983,Q4 1:02,0.0,7600,Pat Freiermuth,TE,7.8,10.7,0.18,10.88,10.85,10.83,0.011,1.0,10.88,,0.0,0
2026-10-02 03:35:41Z,PIT,in,0.983,Q4 1:02,0.0,8228,Jaylen Warren,RB,13.6,15.6,0.27,15.87,15.84,15.83,0.092,1.0,15.87,,0.0,0
2026-10-02 03:35:41Z,CLE,in,0.983,Q4 1:02,0.0,12503,Isaiah Bond,WR,1.6,1.2,0.03,1.23,1.23,1.23,0.962,1.0,1.23,,0.0,0
2026-10-02 03:35:41Z,PIT,in,0.983,Q4 1:02,0.0,13274,Germie Bernard,WR,4.5,3.1,0.09,3.19,3.17,3.18,0.016,1.0,3.19,,0.0,0
2026-10-02 03:35:41Z,CLE,in,0.983,Q4 1:02,0.0,12506,Harold Fannin,TE,10.6,9.5,0.23,9.73,9.68,9.68,0.506,1.0,9.73,,0.0,0
2026-10-02 03:35:41Z,CLE,in,0.983,Q4 1:02,0.0,13346,Denzel Boston,WR,9.4,12.9,0.22,13.12,13.08,13.06,0.06,1.0,13.12,,0.0,0
2026-10-02 03:35:41Z,CLE,in,0.983,Q4 1:02,0.0,4017,Deshaun Watson,QB,14.0,12.9,0.31,13.21,13.14,13.14,0.002,1.0,13.21,,0.0,0
2026-10-02 03:35:41Z,PIT,in,0.983,Q4 1:02,0.0,13289,Drew Allar,QB,0.5,0.0,0.01,0.01,0.01,0.01,0.983,0.3,0.0,,0.0,0
2026-10-02 03:35:41Z,CLE,in,0.983,Q4 1:02,0.0,13298,KC Concepcion,WR,9.9,9.8,0.21,10.01,9.97,9.97,0.516,1.0,10.01,,0.0,0
2026-10-02 03:35:41Z,PIT,in,0.983,Q4 1:02,0.0,6819,Michael Pittman,WR,9.7,3.5,0.18,3.68,3.64,3.67,0.595,1.0,3.68,,0.0,0
2026-10-02 03:35:41Z,PIT,in,0.983,Q4 1:02,0.0,5846,DK Metcalf,WR,11.2,16.5,0.27,16.77,16.72,16.69,0.019,1.0,16.77,,0.0,0
2026-10-02 03:36:42Z,CLE,in,0.985,Q4 0:55,0.0,6783,Jerry Jeudy,WR,4.8,6.5,0.1,6.6,6.58,6.57,0.0,1.0,6.6,,0.0,0
2026-10-02 03:36:42Z,PIT,in,0.985,Q4 0:55,0.0,PIT,Pittsburgh Steelers D/ST,DST,8.1,7.0,0.04,7.04,7.12,7.12,0.095,1.0,7.04,,0.0,0
2026-10-02 03:36:42Z,PIT,in,0.985,Q4 0:55,0.0,96,Aaron Rodgers,QB,15.4,24.96,0.37,25.33,25.23,25.2,0.013,1.0,25.33,,0.0,0
2026-10-02 03:36:42Z,CLE,in,0.985,Q4 0:55,0.0,11261,Andre Szmyt,K,6.9,7.0,0.11,7.11,7.11,7.11,0.095,1.0,7.11,,0.0,0
2026-10-02 03:36:42Z,PIT,in,0.985,Q4 0:55,0.0,7021,Rico Dowdle,RB,8.4,0.0,0.09,0.09,0.1,0.13,0.985,1.0,0.09,,0.0,0
2026-10-02 03:36:42Z,PIT,in,0.985,Q4 0:55,0.0,11630,Roman Wilson,WR,5.7,16.4,0.15,16.55,16.53,16.49,0.044,1.0,16.55,,0.0,0
2026-10-02 03:36:42Z,CLE,in,0.985,Q4 0:55,0.0,12523,Jimmy Horn,WR,1.5,0.0,0.02,0.02,0.02,0.02,0.985,1.0,0.02,,0.0,0
2026-10-02 03:36:42Z,CLE,in,0.985,Q4 0:55,0.0,11617,Malachi Corley,WR,0.5,0.0,0.01,0.01,0.01,0.01,0.985,1.0,0.01,,0.0,0
2026-10-02 03:36:42Z,PIT,in,0.985,Q4 0:55,0.0,9479,Darnell Washington,TE,4.9,11.7,0.12,11.82,11.8,11.77,0.154,1.0,11.82,,0.0,0
2026-10-02 03:36:42Z,CLE,in,0.985,Q4 0:55,0.0,CLE,Cleveland Browns D/ST,DST,7.0,7.0,0.03,7.03,7.11,7.11,0.013,1.0,7.03,,0.0,0
2026-10-02 03:36:42Z,PIT,in,0.985,Q4 0:55,0.0,1945,Chris Boswell,K,8.1,3.0,0.1,3.1,3.1,3.12,0.487,1.0,3.1,,0.0,0
2026-10-02 03:36:42Z,CLE,in,0.985,Q4 0:55,0.0,12512,Quinshon Judkins,RB,11.8,21.6,0.25,21.85,21.82,21.78,0.048,1.0,21.85,,0.0,0
2026-10-02 03:36:42Z,PIT,in,0.985,Q4 0:55,0.0,7600,Pat Freiermuth,TE,7.8,10.7,0.16,10.86,10.83,10.82,0.013,1.0,10.86,,0.0,0
2026-10-02 03:36:42Z,PIT,in,0.985,Q4 0:55,0.0,8228,Jaylen Warren,RB,13.6,15.6,0.24,15.84,15.82,15.81,0.094,1.0,15.84,,0.0,0
2026-10-02 03:36:42Z,CLE,in,0.985,Q4 0:55,0.0,12503,Isaiah Bond,WR,1.6,1.2,0.03,1.23,1.22,1.22,0.964,1.0,1.23,,0.0,0
2026-10-02 03:36:42Z,PIT,in,0.985,Q4 0:55,0.0,13274,Germie Bernard,WR,4.5,3.1,0.08,3.18,3.16,3.17,0.018,1.0,3.18,,0.0,0
2026-10-02 03:36:42Z,CLE,in,0.985,Q4 0:55,0.0,12506,Harold Fannin,TE,10.6,11.7,0.21,11.91,11.87,11.86,0.0,1.0,11.91,,0.0,0
2026-10-02 03:36:42Z,CLE,in,0.985,Q4 0:55,0.0,13346,Denzel Boston,WR,9.4,12.9,0.2,13.1,13.06,13.04,0.062,1.0,13.1,,0.0,0
2026-10-02 03:36:42Z,CLE,in,0.985,Q4 0:55,0.0,4017,Deshaun Watson,QB,14.0,13.74,0.28,14.02,13.95,13.95,0.0,1.0,14.02,,0.0,0
2026-10-02 03:36:42Z,PIT,in,0.985,Q4 0:55,0.0,13289,Drew Allar,QB,0.5,0.0,0.01,0.01,0.01,0.01,0.985,0.3,0.0,,0.0,0
2026-10-02 03:36:42Z,CLE,in,0.985,Q4 0:55,0.0,13298,KC Concepcion,WR,9.9,9.8,0.19,9.99,9.95,9.95,0.518,1.0,9.99,,0.0,0
2026-10-02 03:36:42Z,PIT,in,0.985,Q4 0:55,0.0,6819,Michael Pittman,WR,9.7,3.5,0.16,3.66,3.63,3.65,0.597,1.0,3.66,,0.0,0
2026-10-02 03:36:42Z,PIT,in,0.985,Q4 0:55,0.0,5846,DK Metcalf,WR,11.2,16.5,0.24,16.74,16.69,16.67,0.021,1.0,16.74,,0.0,0
2026-10-02 03:37:42Z,CLE,in,0.989,Q4 0:38,0.0,6783,Jerry Jeudy,WR,4.8,6.6,0.07,6.67,6.66,6.65,0.0,1.0,6.67,,0.0,0
2026-10-02 03:37:42Z,PIT,in,0.989,Q4 0:38,0.0,PIT,Pittsburgh Steelers D/ST,DST,8.1,7.0,0.02,7.02,7.08,7.09,0.1,1.0,7.02,,0.0,0
2026-10-02 03:37:42Z,PIT,in,0.989,Q4 0:38,0.0,96,Aaron Rodgers,QB,15.4,24.96,0.26,25.22,25.15,25.12,0.018,1.0,25.22,,0.0,0
2026-10-02 03:37:42Z,CLE,in,0.989,Q4 0:38,0.0,11261,Andre Szmyt,K,6.9,7.0,0.07,7.07,7.07,7.07,0.1,1.0,7.07,,0.0,0
2026-10-02 03:37:42Z,PIT,in,0.989,Q4 0:38,0.0,7021,Rico Dowdle,RB,8.4,0.0,0.06,0.06,0.07,0.09,0.989,1.0,0.06,,0.0,0
2026-10-02 03:37:42Z,PIT,in,0.989,Q4 0:38,0.0,11630,Roman Wilson,WR,5.7,16.4,0.11,16.51,16.49,16.46,0.048,1.0,16.51,,0.0,0
2026-10-02 03:37:42Z,CLE,in,0.989,Q4 0:38,0.0,12523,Jimmy Horn,WR,1.5,0.0,0.02,0.02,0.01,0.02,0.989,1.0,0.02,,0.0,0
2026-10-02 03:37:42Z,CLE,in,0.989,Q4 0:38,0.0,11617,Malachi Corley,WR,0.5,0.0,0.01,0.01,0.0,0.01,0.989,1.0,0.01,,0.0,0
2026-10-02 03:37:42Z,PIT,in,0.989,Q4 0:38,0.0,9479,Darnell Washington,TE,4.9,11.7,0.08,11.78,11.77,11.75,0.159,1.0,11.78,,0.0,0
2026-10-02 03:37:42Z,CLE,in,0.989,Q4 0:38,0.0,CLE,Cleveland Browns D/ST,DST,7.0,7.0,0.02,7.02,7.07,7.07,0.018,1.0,7.02,,0.0,0
2026-10-02 03:37:42Z,PIT,in,0.989,Q4 0:38,0.0,1945,Chris Boswell,K,8.1,3.0,0.07,3.07,3.07,3.09,0.492,1.0,3.07,,0.0,0
2026-10-02 03:37:42Z,CLE,in,0.989,Q4 0:38,0.0,12512,Quinshon Judkins,RB,11.8,21.6,0.17,21.77,21.75,21.72,0.052,1.0,21.77,,0.0,0
2026-10-02 03:37:42Z,PIT,in,0.989,Q4 0:38,0.0,7600,Pat Freiermuth,TE,7.8,10.7,0.11,10.81,10.79,10.78,0.018,1.0,10.81,,0.0,0
2026-10-02 03:37:42Z,PIT,in,0.989,Q4 0:38,0.0,8228,Jaylen Warren,RB,13.6,15.6,0.16,15.76,15.75,15.74,0.099,1.0,15.76,,0.0,0
2026-10-02 03:37:42Z,CLE,in,0.989,Q4 0:38,0.0,12503,Isaiah Bond,WR,1.6,1.2,0.02,1.22,1.22,1.22,0.968,1.0,1.22,,0.0,0
2026-10-02 03:37:42Z,PIT,in,0.989,Q4 0:38,0.0,13274,Germie Bernard,WR,4.5,3.1,0.06,3.16,3.14,3.15,0.023,1.0,3.16,,0.0,0
2026-10-02 03:37:42Z,CLE,in,0.989,Q4 0:38,0.0,12506,Harold Fannin,TE,10.6,11.7,0.14,11.84,11.82,11.81,0.005,1.0,11.84,,0.0,0
2026-10-02 03:37:42Z,CLE,in,0.989,Q4 0:38,0.0,13346,Denzel Boston,WR,9.4,12.9,0.14,13.04,13.01,13.0,0.067,1.0,13.04,,0.0,0
2026-10-02 03:37:42Z,CLE,in,0.989,Q4 0:38,0.0,4017,Deshaun Watson,QB,14.0,13.98,0.19,14.17,14.13,14.13,0.0,1.0,14.17,,0.0,0
2026-10-02 03:37:42Z,PIT,in,0.989,Q4 0:38,0.0,13289,Drew Allar,QB,0.5,0.0,0.0,0.0,0.0,0.01,0.989,0.3,0.0,,0.0,0
2026-10-02 03:37:42Z,CLE,in,0.989,Q4 0:38,0.0,13298,KC Concepcion,WR,9.9,11.3,0.14,11.44,11.41,11.4,0.0,1.0,11.44,,0.0,0
2026-10-02 03:37:42Z,PIT,in,0.989,Q4 0:38,0.0,6819,Michael Pittman,WR,9.7,3.5,0.11,3.61,3.59,3.6,0.601,1.0,3.61,,0.0,0
2026-10-02 03:37:42Z,PIT,in,0.989,Q4 0:38,0.0,5846,DK Metcalf,WR,11.2,16.5,0.16,16.66,16.63,16.62,0.025,1.0,16.66,,0.0,0
2026-10-02 03:38:42Z,CLE,in,0.99,Q4 0:19,0.0,6783,Jerry Jeudy,WR,4.8,6.6,0.07,6.67,6.65,6.65,0.001,1.0,6.67,,0.0,0
2026-10-02 03:38:42Z,PIT,in,0.99,Q4 0:19,0.0,PIT,Pittsburgh Steelers D/ST,DST,8.1,8.0,0.02,8.02,8.08,8.08,0.0,1.0,8.02,,0.0,0
2026-10-02 03:38:42Z,PIT,in,0.99,Q4 0:19,0.0,96,Aaron Rodgers,QB,15.4,24.96,0.24,25.2,25.14,25.11,0.018,1.0,25.2,,0.0,0
2026-10-02 03:38:42Z,CLE,in,0.99,Q4 0:19,0.0,11261,Andre Szmyt,K,6.9,7.0,0.07,7.07,7.07,7.07,0.1,1.0,7.07,,0.0,0
2026-10-02 03:38:42Z,PIT,in,0.99,Q4 0:19,0.0,7021,Rico Dowdle,RB,8.4,0.0,0.06,0.06,0.06,0.08,0.99,1.0,0.06,,0.0,0
2026-10-02 03:38:42Z,PIT,in,0.99,Q4 0:19,0.0,11630,Roman Wilson,WR,5.7,16.4,0.1,16.5,16.48,16.46,0.049,1.0,16.5,,0.0,0
2026-10-02 03:38:42Z,CLE,in,0.99,Q4 0:19,0.0,12523,Jimmy Horn,WR,1.5,0.0,0.01,0.01,0.01,0.02,0.99,1.0,0.01,,0.0,0
2026-10-02 03:38:42Z,CLE,in,0.99,Q4 0:19,0.0,11617,Malachi Corley,WR,0.5,0.0,0.0,0.0,0.0,0.01,0.99,1.0,0.0,,0.0,0
2026-10-02 03:38:42Z,PIT,in,0.99,Q4 0:19,0.0,9479,Darnell Washington,TE,4.9,11.7,0.08,11.78,11.77,11.75,0.159,1.0,11.78,,0.0,0
2026-10-02 03:38:42Z,CLE,in,0.99,Q4 0:19,0.0,CLE,Cleveland Browns D/ST,DST,7.0,7.0,0.02,7.02,7.07,7.07,0.018,1.0,7.02,,0.0,0
2026-10-02 03:38:42Z,PIT,in,0.99,Q4 0:19,0.0,1945,Chris Boswell,K,8.1,3.0,0.07,3.07,3.07,3.08,0.492,1.0,3.07,,0.0,0
2026-10-02 03:38:42Z,CLE,in,0.99,Q4 0:19,0.0,12512,Quinshon Judkins,RB,11.8,21.6,0.16,21.76,21.74,21.72,0.053,1.0,21.76,,0.0,0
2026-10-02 03:38:42Z,PIT,in,0.99,Q4 0:19,0.0,7600,Pat Freiermuth,TE,7.8,10.7,0.11,10.81,10.79,10.78,0.018,1.0,10.81,,0.0,0
2026-10-02 03:38:42Z,PIT,in,0.99,Q4 0:19,0.0,8228,Jaylen Warren,RB,13.6,15.6,0.15,15.75,15.74,15.74,0.099,1.0,15.75,,0.0,0
2026-10-02 03:38:42Z,CLE,in,0.99,Q4 0:19,0.0,12503,Isaiah Bond,WR,1.6,1.2,0.02,1.22,1.22,1.22,0.969,1.0,1.22,,0.0,0
2026-10-02 03:38:42Z,PIT,in,0.99,Q4 0:19,0.0,13274,Germie Bernard,WR,4.5,3.1,0.05,3.15,3.14,3.15,0.023,1.0,3.15,,0.0,0
2026-10-02 03:38:42Z,CLE,in,0.99,Q4 0:19,0.0,12506,Harold Fannin,TE,10.6,11.7,0.14,11.84,11.81,11.81,0.005,1.0,11.84,,0.0,0
2026-10-02 03:38:42Z,CLE,in,0.99,Q4 0:19,0.0,13346,Denzel Boston,WR,9.4,12.9,0.13,13.03,13.0,12.99,0.067,1.0,13.03,,0.0,0
2026-10-02 03:38:42Z,CLE,in,0.99,Q4 0:19,0.0,4017,Deshaun Watson,QB,14.0,13.98,0.18,14.16,14.12,14.12,0.001,1.0,14.16,,0.0,0
2026-10-02 03:38:42Z,PIT,in,0.99,Q4 0:19,0.0,13289,Drew Allar,QB,0.5,0.0,0.0,0.0,0.0,0.01,0.99,0.3,0.0,,0.0,0
2026-10-02 03:38:42Z,CLE,in,0.99,Q4 0:19,0.0,13298,KC Concepcion,WR,9.9,11.3,0.13,11.43,11.4,11.4,0.001,1.0,11.43,,0.0,0
2026-10-02 03:38:42Z,PIT,in,0.99,Q4 0:19,0.0,6819,Michael Pittman,WR,9.7,3.5,0.11,3.61,3.58,3.6,0.602,1.0,3.61,,0.0,0
2026-10-02 03:38:42Z,PIT,in,0.99,Q4 0:19,0.0,5846,DK Metcalf,WR,11.2,16.5,0.16,16.66,16.63,16.61,0.026,1.0,16.66,,0.0,0
2026-10-02 03:39:43Z,CLE,in,0.99,Q4 0:19,0.0,6783,Jerry Jeudy,WR,4.8,6.6,0.07,6.67,6.65,6.65,0.001,1.0,6.67,,0.0,0
2026-10-02 03:39:43Z,PIT,in,0.99,Q4 0:19,0.0,PIT,Pittsburgh Steelers D/ST,DST,8.1,8.0,0.02,8.02,8.08,8.08,0.0,1.0,8.02,,0.0,0
2026-10-02 03:39:43Z,PIT,in,0.99,Q4 0:19,0.0,96,Aaron Rodgers,QB,15.4,24.96,0.24,25.2,25.14,25.11,0.018,1.0,25.2,,0.0,0
2026-10-02 03:39:43Z,CLE,in,0.99,Q4 0:19,0.0,11261,Andre Szmyt,K,6.9,7.0,0.07,7.07,7.07,7.07,0.1,1.0,7.07,,0.0,0
2026-10-02 03:39:43Z,PIT,in,0.99,Q4 0:19,0.0,7021,Rico Dowdle,RB,8.4,0.0,0.06,0.06,0.06,0.08,0.99,1.0,0.06,,0.0,0
2026-10-02 03:39:43Z,PIT,in,0.99,Q4 0:19,0.0,11630,Roman Wilson,WR,5.7,16.4,0.1,16.5,16.48,16.46,0.049,1.0,16.5,,0.0,0
2026-10-02 03:39:43Z,CLE,in,0.99,Q4 0:19,0.0,12523,Jimmy Horn,WR,1.5,0.0,0.01,0.01,0.01,0.02,0.99,1.0,0.01,,0.0,0
2026-10-02 03:39:43Z,CLE,in,0.99,Q4 0:19,0.0,11617,Malachi Corley,WR,0.5,0.0,0.0,0.0,0.0,0.01,0.99,1.0,0.0,,0.0,0
2026-10-02 03:39:43Z,PIT,in,0.99,Q4 0:19,0.0,9479,Darnell Washington,TE,4.9,11.7,0.08,11.78,11.77,11.75,0.159,1.0,11.78,,0.0,0
2026-10-02 03:39:43Z,CLE,in,0.99,Q4 0:19,0.0,CLE,Cleveland Browns D/ST,DST,7.0,7.0,0.02,7.02,7.07,7.07,0.018,1.0,7.02,,0.0,0
2026-10-02 03:39:43Z,PIT,in,0.99,Q4 0:19,0.0,1945,Chris Boswell,K,8.1,3.0,0.07,3.07,3.07,3.08,0.492,1.0,3.07,,0.0,0
2026-10-02 03:39:43Z,CLE,in,0.99,Q4 0:19,0.0,12512,Quinshon Judkins,RB,11.8,21.6,0.16,21.76,21.74,21.72,0.053,1.0,21.76,,0.0,0
2026-10-02 03:39:43Z,PIT,in,0.99,Q4 0:19,0.0,7600,Pat Freiermuth,TE,7.8,10.7,0.11,10.81,10.79,10.78,0.018,1.0,10.81,,0.0,0
2026-10-02 03:39:43Z,PIT,in,0.99,Q4 0:19,0.0,8228,Jaylen Warren,RB,13.6,15.6,0.15,15.75,15.74,15.74,0.099,1.0,15.75,,0.0,0
2026-10-02 03:39:43Z,CLE,in,0.99,Q4 0:19,0.0,12503,Isaiah Bond,WR,1.6,1.2,0.02,1.22,1.22,1.22,0.969,1.0,1.22,,0.0,0
2026-10-02 03:39:43Z,PIT,in,0.99,Q4 0:19,0.0,13274,Germie Bernard,WR,4.5,3.1,0.05,3.15,3.14,3.15,0.023,1.0,3.15,,0.0,0
2026-10-02 03:39:43Z,CLE,in,0.99,Q4 0:19,0.0,12506,Harold Fannin,TE,10.6,11.7,0.14,11.84,11.81,11.81,0.005,1.0,11.84,,0.0,0
2026-10-02 03:39:43Z,CLE,in,0.99,Q4 0:19,0.0,13346,Denzel Boston,WR,9.4,12.9,0.13,13.03,13.0,12.99,0.067,1.0,13.03,,0.0,0
2026-10-02 03:39:43Z,CLE,in,0.99,Q4 0:19,0.0,4017,Deshaun Watson,QB,14.0,13.98,0.18,14.16,14.12,14.12,0.001,1.0,14.16,,0.0,0
2026-10-02 03:39:43Z,PIT,in,0.99,Q4 0:19,0.0,13289,Drew Allar,QB,0.5,0.0,0.0,0.0,0.0,0.01,0.99,0.3,0.0,,0.0,0
2026-10-02 03:39:43Z,CLE,in,0.99,Q4 0:19,0.0,13298,KC Concepcion,WR,9.9,11.3,0.13,11.43,11.4,11.4,0.001,1.0,11.43,,0.0,0
2026-10-02 03:39:43Z,PIT,in,0.99,Q4 0:19,0.0,6819,Michael Pittman,WR,9.7,3.5,0.11,3.61,3.58,3.6,0.602,1.0,3.61,,0.0,0
2026-10-02 03:39:43Z,PIT,in,0.99,Q4 0:19,0.0,5846,DK Metcalf,WR,11.2,16.5,0.16,16.66,16.63,16.61,0.026,1.0,16.66,,0.0,0
2026-10-02 03:40:43Z,CLE,in,0.99,Q4 0:10,3.0,6783,Jerry Jeudy,WR,4.8,6.6,0.06,6.66,6.65,6.65,0.001,1.0,6.66,,0.0,0
2026-10-02 03:40:43Z,PIT,in,0.99,Q4 0:10,-3.0,PIT,Pittsburgh Steelers D/ST,DST,8.1,8.0,0.02,8.02,8.08,8.08,0.0,1.0,8.02,,0.0,0
2026-10-02 03:40:43Z,PIT,in,0.99,Q4 0:10,-3.0,96,Aaron Rodgers,QB,15.4,24.96,0.26,25.22,25.14,25.11,0.018,1.0,25.22,,0.0,0
2026-10-02 03:40:43Z,CLE,in,0.99,Q4 0:10,3.0,11261,Andre Szmyt,K,6.9,12.0,0.08,12.08,12.08,12.07,0.0,1.0,12.08,,0.0,0
2026-10-02 03:40:43Z,PIT,in,0.99,Q4 0:10,-3.0,7021,Rico Dowdle,RB,8.4,0.0,0.06,0.06,0.06,0.08,0.99,1.0,0.06,,0.0,0
2026-10-02 03:40:43Z,PIT,in,0.99,Q4 0:10,-3.0,11630,Roman Wilson,WR,5.7,16.4,0.11,16.51,16.48,16.46,0.049,1.0,16.51,,0.0,0
2026-10-02 03:40:43Z,CLE,in,0.99,Q4 0:10,3.0,12523,Jimmy Horn,WR,1.5,0.0,0.01,0.01,0.01,0.02,0.99,1.0,0.01,,0.0,0
2026-10-02 03:40:43Z,CLE,in,0.99,Q4 0:10,3.0,11617,Malachi Corley,WR,0.5,0.0,0.0,0.0,0.0,0.01,0.99,1.0,0.0,,0.0,0
2026-10-02 03:40:43Z,PIT,in,0.99,Q4 0:10,-3.0,9479,Darnell Washington,TE,4.9,11.7,0.09,11.79,11.77,11.75,0.159,1.0,11.79,,0.0,0
2026-10-02 03:40:43Z,CLE,in,0.99,Q4 0:10,3.0,CLE,Cleveland Browns D/ST,DST,7.0,7.0,0.02,7.02,7.07,7.07,0.018,1.0,7.02,,0.0,0
2026-10-02 03:40:43Z,PIT,in,0.99,Q4 0:10,-3.0,1945,Chris Boswell,K,8.1,3.0,0.07,3.07,3.07,3.08,0.492,1.0,3.07,,0.0,0
2026-10-02 03:40:43Z,CLE,in,0.99,Q4 0:10,3.0,12512,Quinshon Judkins,RB,11.8,21.6,0.16,21.76,21.74,21.72,0.053,1.0,21.76,,0.0,0
2026-10-02 03:40:43Z,PIT,in,0.99,Q4 0:10,-3.0,7600,Pat Freiermuth,TE,7.8,10.7,0.11,10.81,10.79,10.78,0.018,1.0,10.81,,0.0,0
2026-10-02 03:40:43Z,PIT,in,0.99,Q4 0:10,-3.0,8228,Jaylen Warren,RB,13.6,15.6,0.16,15.76,15.74,15.74,0.099,1.0,15.76,,0.0,0
2026-10-02 03:40:43Z,CLE,in,0.99,Q4 0:10,3.0,12503,Isaiah Bond,WR,1.6,1.2,0.02,1.22,1.22,1.22,0.969,1.0,1.22,,0.0,0
2026-10-02 03:40:43Z,PIT,in,0.99,Q4 0:10,-3.0,13274,Germie Bernard,WR,4.5,3.1,0.06,3.16,3.14,3.15,0.023,1.0,3.16,,0.0,0
2026-10-02 03:40:43Z,CLE,in,0.99,Q4 0:10,3.0,12506,Harold Fannin,TE,10.6,11.7,0.12,11.82,11.81,11.81,0.005,1.0,11.82,,0.0,0
2026-10-02 03:40:43Z,CLE,in,0.99,Q4 0:10,3.0,13346,Denzel Boston,WR,9.4,12.9,0.12,13.02,13.0,12.99,0.067,1.0,13.02,,0.0,0
2026-10-02 03:40:43Z,CLE,in,0.99,Q4 0:10,3.0,4017,Deshaun Watson,QB,14.0,13.98,0.16,14.14,14.12,14.12,0.001,1.0,14.14,,0.0,0
2026-10-02 03:40:43Z,PIT,in,0.99,Q4 0:10,-3.0,13289,Drew Allar,QB,0.5,0.0,0.01,0.01,0.0,0.01,0.99,0.3,0.0,,0.0,0
2026-10-02 03:40:43Z,CLE,in,0.99,Q4 0:10,3.0,13298,KC Concepcion,WR,9.9,11.3,0.12,11.42,11.4,11.4,0.001,1.0,11.42,,0.0,0
2026-10-02 03:40:43Z,PIT,in,0.99,Q4 0:10,-3.0,6819,Michael Pittman,WR,9.7,3.5,0.12,3.62,3.58,3.6,0.602,1.0,3.62,,0.0,0
2026-10-02 03:40:43Z,PIT,in,0.99,Q4 0:10,-3.0,5846,DK Metcalf,WR,11.2,16.5,0.17,16.67,16.63,16.61,0.026,1.0,16.67,,0.0,0
2026-10-02 03:41:43Z,CLE,in,0.99,Q4 0:10,3.0,6783,Jerry Jeudy,WR,4.8,6.6,0.06,6.66,6.65,6.65,0.001,1.0,6.66,,0.0,0
2026-10-02 03:41:43Z,PIT,in,0.99,Q4 0:10,-3.0,PIT,Pittsburgh Steelers D/ST,DST,8.1,8.0,0.02,8.02,8.08,8.08,0.0,1.0,8.02,,0.0,0
2026-10-02 03:41:43Z,PIT,in,0.99,Q4 0:10,-3.0,96,Aaron Rodgers,QB,15.4,24.96,0.26,25.22,25.14,25.11,0.018,1.0,25.22,,0.0,0
2026-10-02 03:41:43Z,CLE,in,0.99,Q4 0:10,3.0,11261,Andre Szmyt,K,6.9,12.0,0.08,12.08,12.08,12.07,0.0,1.0,12.08,,0.0,0
2026-10-02 03:41:43Z,PIT,in,0.99,Q4 0:10,-3.0,7021,Rico Dowdle,RB,8.4,0.0,0.06,0.06,0.06,0.08,0.99,1.0,0.06,,0.0,0
2026-10-02 03:41:43Z,PIT,in,0.99,Q4 0:10,-3.0,11630,Roman Wilson,WR,5.7,16.4,0.11,16.51,16.48,16.46,0.049,1.0,16.51,,0.0,0
2026-10-02 03:41:43Z,CLE,in,0.99,Q4 0:10,3.0,12523,Jimmy Horn,WR,1.5,0.0,0.01,0.01,0.01,0.02,0.99,1.0,0.01,,0.0,0
2026-10-02 03:41:43Z,CLE,in,0.99,Q4 0:10,3.0,11617,Malachi Corley,WR,0.5,0.0,0.0,0.0,0.0,0.01,0.99,1.0,0.0,,0.0,0
2026-10-02 03:41:43Z,PIT,in,0.99,Q4 0:10,-3.0,9479,Darnell Washington,TE,4.9,11.7,0.09,11.79,11.77,11.75,0.159,1.0,11.79,,0.0,0
2026-10-02 03:41:43Z,CLE,in,0.99,Q4 0:10,3.0,CLE,Cleveland Browns D/ST,DST,7.0,7.0,0.02,7.02,7.07,7.07,0.018,1.0,7.02,,0.0,0
2026-10-02 03:41:43Z,PIT,in,0.99,Q4 0:10,-3.0,1945,Chris Boswell,K,8.1,3.0,0.07,3.07,3.07,3.08,0.492,1.0,3.07,,0.0,0
2026-10-02 03:41:43Z,CLE,in,0.99,Q4 0:10,3.0,12512,Quinshon Judkins,RB,11.8,21.6,0.16,21.76,21.74,21.72,0.053,1.0,21.76,,0.0,0
2026-10-02 03:41:43Z,PIT,in,0.99,Q4 0:10,-3.0,7600,Pat Freiermuth,TE,7.8,10.7,0.11,10.81,10.79,10.78,0.018,1.0,10.81,,0.0,0
2026-10-02 03:41:43Z,PIT,in,0.99,Q4 0:10,-3.0,8228,Jaylen Warren,RB,13.6,15.6,0.16,15.76,15.74,15.74,0.099,1.0,15.76,,0.0,0
2026-10-02 03:41:43Z,CLE,in,0.99,Q4 0:10,3.0,12503,Isaiah Bond,WR,1.6,1.2,0.02,1.22,1.22,1.22,0.969,1.0,1.22,,0.0,0
2026-10-02 03:41:43Z,PIT,in,0.99,Q4 0:10,-3.0,13274,Germie Bernard,WR,4.5,3.1,0.06,3.16,3.14,3.15,0.023,1.0,3.16,,0.0,0
2026-10-02 03:41:43Z,CLE,in,0.99,Q4 0:10,3.0,12506,Harold Fannin,TE,10.6,11.7,0.12,11.82,11.81,11.81,0.005,1.0,11.82,,0.0,0
2026-10-02 03:41:43Z,CLE,in,0.99,Q4 0:10,3.0,13346,Denzel Boston,WR,9.4,12.9,0.12,13.02,13.0,12.99,0.067,1.0,13.02,,0.0,0
2026-10-02 03:41:43Z,CLE,in,0.99,Q4 0:10,3.0,4017,Deshaun Watson,QB,14.0,14.02,0.16,14.18,14.16,14.16,0.0,1.0,14.18,,0.0,0
2026-10-02 03:41:43Z,PIT,in,0.99,Q4 0:10,-3.0,13289,Drew Allar,QB,0.5,0.0,0.01,0.01,0.0,0.01,0.99,0.3,0.0,,0.0,0
2026-10-02 03:41:43Z,CLE,in,0.99,Q4 0:10,3.0,13298,KC Concepcion,WR,9.9,11.4,0.12,11.52,11.5,11.5,0.0,1.0,11.52,,0.0,0
2026-10-02 03:41:43Z,PIT,in,0.99,Q4 0:10,-3.0,6819,Michael Pittman,WR,9.7,3.5,0.12,3.62,3.58,3.6,0.602,1.0,3.62,,0.0,0
2026-10-02 03:41:43Z,PIT,in,0.99,Q4 0:10,-3.0,5846,DK Metcalf,WR,11.2,16.5,0.17,16.67,16.63,16.61,0.026,1.0,16.67,,0.0,0
2026-10-02 03:42:44Z,CLE,in,0.99,Q4 0:10,3.0,6783,Jerry Jeudy,WR,4.8,6.6,0.06,6.66,6.65,6.65,0.001,1.0,6.66,,0.0,0
2026-10-02 03:42:44Z,PIT,in,0.99,Q4 0:10,-3.0,PIT,Pittsburgh Steelers D/ST,DST,8.1,8.0,0.02,8.02,8.08,8.08,0.0,1.0,8.02,,0.0,0
2026-10-02 03:42:44Z,PIT,in,0.99,Q4 0:10,-3.0,96,Aaron Rodgers,QB,15.4,24.96,0.26,25.22,25.14,25.11,0.018,1.0,25.22,,0.0,0
2026-10-02 03:42:44Z,CLE,in,0.99,Q4 0:10,3.0,11261,Andre Szmyt,K,6.9,12.0,0.08,12.08,12.08,12.07,0.0,1.0,12.08,,0.0,0
2026-10-02 03:42:44Z,PIT,in,0.99,Q4 0:10,-3.0,7021,Rico Dowdle,RB,8.4,0.0,0.06,0.06,0.06,0.08,0.99,1.0,0.06,,0.0,0
2026-10-02 03:42:44Z,PIT,in,0.99,Q4 0:10,-3.0,11630,Roman Wilson,WR,5.7,16.4,0.11,16.51,16.48,16.46,0.049,1.0,16.51,,0.0,0
2026-10-02 03:42:44Z,CLE,in,0.99,Q4 0:10,3.0,12523,Jimmy Horn,WR,1.5,0.0,0.01,0.01,0.01,0.02,0.99,1.0,0.01,,0.0,0
2026-10-02 03:42:44Z,CLE,in,0.99,Q4 0:10,3.0,11617,Malachi Corley,WR,0.5,0.0,0.0,0.0,0.0,0.01,0.99,1.0,0.0,,0.0,0
2026-10-02 03:42:44Z,PIT,in,0.99,Q4 0:10,-3.0,9479,Darnell Washington,TE,4.9,11.7,0.09,11.79,11.77,11.75,0.159,1.0,11.79,,0.0,0
2026-10-02 03:42:44Z,CLE,in,0.99,Q4 0:10,3.0,CLE,Cleveland Browns D/ST,DST,7.0,7.0,0.02,7.02,7.07,7.07,0.018,1.0,7.02,,0.0,0
2026-10-02 03:42:44Z,PIT,in,0.99,Q4 0:10,-3.0,1945,Chris Boswell,K,8.1,3.0,0.07,3.07,3.07,3.08,0.492,1.0,3.07,,0.0,0
2026-10-02 03:42:44Z,CLE,in,0.99,Q4 0:10,3.0,12512,Quinshon Judkins,RB,11.8,21.6,0.16,21.76,21.74,21.72,0.053,1.0,21.76,,0.0,0
2026-10-02 03:42:44Z,PIT,in,0.99,Q4 0:10,-3.0,7600,Pat Freiermuth,TE,7.8,10.7,0.11,10.81,10.79,10.78,0.018,1.0,10.81,,0.0,0
2026-10-02 03:42:44Z,PIT,in,0.99,Q4 0:10,-3.0,8228,Jaylen Warren,RB,13.6,15.6,0.16,15.76,15.74,15.74,0.099,1.0,15.76,,0.0,0
2026-10-02 03:42:44Z,CLE,in,0.99,Q4 0:10,3.0,12503,Isaiah Bond,WR,1.6,1.2,0.02,1.22,1.22,1.22,0.969,1.0,1.22,,0.0,0
2026-10-02 03:42:44Z,PIT,in,0.99,Q4 0:10,-3.0,13274,Germie Bernard,WR,4.5,3.1,0.06,3.16,3.14,3.15,0.023,1.0,3.16,,0.0,0
2026-10-02 03:42:44Z,CLE,in,0.99,Q4 0:10,3.0,12506,Harold Fannin,TE,10.6,11.7,0.12,11.82,11.81,11.81,0.005,1.0,11.82,,0.0,0
2026-10-02 03:42:44Z,CLE,in,0.99,Q4 0:10,3.0,13346,Denzel Boston,WR,9.4,12.9,0.12,13.02,13.0,12.99,0.067,1.0,13.02,,0.0,0
2026-10-02 03:42:44Z,CLE,in,0.99,Q4 0:10,3.0,4017,Deshaun Watson,QB,14.0,14.02,0.16,14.18,14.16,14.16,0.0,1.0,14.18,,0.0,0
2026-10-02 03:42:44Z,PIT,in,0.99,Q4 0:10,-3.0,13289,Drew Allar,QB,0.5,0.0,0.01,0.01,0.0,0.01,0.99,0.3,0.0,,0.0,0
2026-10-02 03:42:44Z,CLE,in,0.99,Q4 0:10,3.0,13298,KC Concepcion,WR,9.9,11.4,0.12,11.52,11.5,11.5,0.0,1.0,11.52,,0.0,0
2026-10-02 03:42:44Z,PIT,in,0.99,Q4 0:10,-3.0,6819,Michael Pittman,WR,9.7,3.5,0.12,3.62,3.58,3.6,0.602,1.0,3.62,,0.0,0
2026-10-02 03:42:44Z,PIT,in,0.99,Q4 0:10,-3.0,5846,DK Metcalf,WR,11.2,16.5,0.17,16.67,16.63,16.61,0.026,1.0,16.67,,0.0,0
2026-10-02 03:43:44Z,CLE,in,0.99,Q4 0:01,3.0,6783,Jerry Jeudy,WR,4.8,6.6,0.06,6.66,6.65,6.65,0.001,1.0,6.66,,0.0,0
2026-10-02 03:43:44Z,PIT,in,0.99,Q4 0:01,-3.0,PIT,Pittsburgh Steelers D/ST,DST,8.1,8.0,0.02,8.02,8.08,8.08,0.0,1.0,8.02,,0.0,0
2026-10-02 03:43:44Z,PIT,in,0.99,Q4 0:01,-3.0,96,Aaron Rodgers,QB,15.4,23.96,0.26,24.22,24.14,24.11,0.0,1.0,24.22,,0.0,0
2026-10-02 03:43:44Z,CLE,in,0.99,Q4 0:01,3.0,11261,Andre Szmyt,K,6.9,12.0,0.08,12.08,12.08,12.07,0.0,1.0,12.08,,0.0,0
2026-10-02 03:43:44Z,PIT,in,0.99,Q4 0:01,-3.0,7021,Rico Dowdle,RB,8.4,0.0,0.06,0.06,0.06,0.08,0.99,1.0,0.06,,0.0,0
2026-10-02 03:43:44Z,PIT,in,0.99,Q4 0:01,-3.0,11630,Roman Wilson,WR,5.7,16.4,0.11,16.51,16.48,16.46,0.049,1.0,16.51,,0.0,0
2026-10-02 03:43:44Z,CLE,in,0.99,Q4 0:01,3.0,12523,Jimmy Horn,WR,1.5,0.0,0.01,0.01,0.01,0.02,0.99,1.0,0.01,,0.0,0
2026-10-02 03:43:44Z,CLE,in,0.99,Q4 0:01,3.0,11617,Malachi Corley,WR,0.5,0.0,0.0,0.0,0.0,0.01,0.99,1.0,0.0,,0.0,0
2026-10-02 03:43:44Z,PIT,in,0.99,Q4 0:01,-3.0,9479,Darnell Washington,TE,4.9,11.7,0.09,11.79,11.77,11.75,0.159,1.0,11.79,,0.0,0
2026-10-02 03:43:44Z,CLE,in,0.99,Q4 0:01,3.0,CLE,Cleveland Browns D/ST,DST,7.0,9.0,0.02,9.02,9.08,9.07,0.0,1.0,9.02,,0.0,0
2026-10-02 03:43:44Z,PIT,in,0.99,Q4 0:01,-3.0,1945,Chris Boswell,K,8.1,3.0,0.07,3.07,3.07,3.08,0.492,1.0,3.07,,0.0,0
2026-10-02 03:43:44Z,CLE,in,0.99,Q4 0:01,3.0,12512,Quinshon Judkins,RB,11.8,21.6,0.16,21.76,21.74,21.72,0.053,1.0,21.76,,0.0,0
2026-10-02 03:43:44Z,PIT,in,0.99,Q4 0:01,-3.0,7600,Pat Freiermuth,TE,7.8,10.7,0.11,10.81,10.79,10.78,0.018,1.0,10.81,,0.0,0
2026-10-02 03:43:44Z,PIT,in,0.99,Q4 0:01,-3.0,8228,Jaylen Warren,RB,13.6,15.6,0.16,15.76,15.74,15.74,0.099,1.0,15.76,,0.0,0
2026-10-02 03:43:44Z,CLE,in,0.99,Q4 0:01,3.0,12503,Isaiah Bond,WR,1.6,1.2,0.02,1.22,1.22,1.22,0.969,1.0,1.22,,0.0,0
2026-10-02 03:43:44Z,PIT,in,0.99,Q4 0:01,-3.0,13274,Germie Bernard,WR,4.5,3.1,0.06,3.16,3.14,3.15,0.023,1.0,3.16,,0.0,0
2026-10-02 03:43:44Z,CLE,in,0.99,Q4 0:01,3.0,12506,Harold Fannin,TE,10.6,11.7,0.12,11.82,11.81,11.81,0.005,1.0,11.82,,0.0,0
2026-10-02 03:43:44Z,CLE,in,0.99,Q4 0:01,3.0,13346,Denzel Boston,WR,9.4,12.9,0.12,13.02,13.0,12.99,0.067,1.0,13.02,,0.0,0
2026-10-02 03:43:44Z,CLE,in,0.99,Q4 0:01,3.0,4017,Deshaun Watson,QB,14.0,14.02,0.16,14.18,14.16,14.16,0.0,1.0,14.18,,0.0,0
2026-10-02 03:43:44Z,PIT,in,0.99,Q4 0:01,-3.0,13289,Drew Allar,QB,0.5,0.0,0.01,0.01,0.0,0.01,0.99,0.3,0.0,,0.0,0
2026-10-02 03:43:44Z,CLE,in,0.99,Q4 0:01,3.0,13298,KC Concepcion,WR,9.9,11.4,0.12,11.52,11.5,11.5,0.0,1.0,11.52,,0.0,0
2026-10-02 03:43:44Z,PIT,in,0.99,Q4 0:01,-3.0,6819,Michael Pittman,WR,9.7,3.5,0.12,3.62,3.58,3.6,0.602,1.0,3.62,,0.0,0
2026-10-02 03:43:44Z,PIT,in,0.99,Q4 0:01,-3.0,5846,DK Metcalf,WR,11.2,16.5,0.17,16.67,16.63,16.61,0.026,1.0,16.67,,0.0,0
2026-10-02 03:44:45Z,CLE,post,1.0,FINAL,3.0,6783,Jerry Jeudy,WR,4.8,6.6,0.0,6.6,6.6,6.6,0.0,1.0,6.6,,0.0,0
2026-10-02 03:44:45Z,PIT,post,1.0,FINAL,-3.0,PIT,Pittsburgh Steelers D/ST,DST,8.1,8.0,0.0,8.0,8.0,8.0,0.0,1.0,8.0,,0.0,0
2026-10-02 03:44:45Z,PIT,post,1.0,FINAL,-3.0,96,Aaron Rodgers,QB,15.4,23.96,0.0,23.96,23.96,23.96,0.0,1.0,23.96,,0.0,0
2026-10-02 03:44:45Z,CLE,post,1.0,FINAL,3.0,11261,Andre Szmyt,K,6.9,12.0,0.0,12.0,12.0,12.0,0.0,1.0,12.0,,0.0,0
2026-10-02 03:44:45Z,PIT,post,1.0,FINAL,-3.0,7021,Rico Dowdle,RB,8.4,0.0,0.0,0.0,0.0,0.0,0.0,1.0,0.0,,0.0,0
2026-10-02 03:44:45Z,PIT,post,1.0,FINAL,-3.0,11630,Roman Wilson,WR,5.7,16.4,0.0,16.4,16.4,16.4,0.0,1.0,16.4,,0.0,0
2026-10-02 03:44:45Z,CLE,post,1.0,FINAL,3.0,12523,Jimmy Horn,WR,1.5,0.0,0.0,0.0,0.0,0.0,0.0,1.0,0.0,,0.0,0
2026-10-02 03:44:45Z,CLE,post,1.0,FINAL,3.0,11617,Malachi Corley,WR,0.5,0.0,0.0,0.0,0.0,0.0,0.0,1.0,0.0,,0.0,0
2026-10-02 03:44:45Z,PIT,post,1.0,FINAL,-3.0,9479,Darnell Washington,TE,4.9,11.7,0.0,11.7,11.7,11.7,0.0,1.0,11.7,,0.0,0
2026-10-02 03:44:45Z,CLE,post,1.0,FINAL,3.0,CLE,Cleveland Browns D/ST,DST,7.0,9.0,0.0,9.0,9.0,9.0,0.0,1.0,9.0,,0.0,0
2026-10-02 03:44:45Z,PIT,post,1.0,FINAL,-3.0,1945,Chris Boswell,K,8.1,3.0,0.0,3.0,3.0,3.0,0.0,1.0,3.0,,0.0,0
2026-10-02 03:44:45Z,CLE,post,1.0,FINAL,3.0,12512,Quinshon Judkins,RB,11.8,21.6,0.0,21.6,21.6,21.6,0.0,1.0,21.6,,0.0,0
2026-10-02 03:44:45Z,PIT,post,1.0,FINAL,-3.0,7600,Pat Freiermuth,TE,7.8,10.7,0.0,10.7,10.7,10.7,0.0,1.0,10.7,,0.0,0
2026-10-02 03:44:45Z,PIT,post,1.0,FINAL,-3.0,8228,Jaylen Warren,RB,13.6,15.6,0.0,15.6,15.6,15.6,0.0,1.0,15.6,,0.0,0
2026-10-02 03:44:45Z,CLE,post,1.0,FINAL,3.0,12503,Isaiah Bond,WR,1.6,1.2,0.0,1.2,1.2,1.2,0.0,1.0,1.2,,0.0,0
2026-10-02 03:44:45Z,PIT,post,1.0,FINAL,-3.0,13274,Germie Bernard,WR,4.5,3.1,0.0,3.1,3.1,3.1,0.0,1.0,3.1,,0.0,0
2026-10-02 03:44:45Z,CLE,post,1.0,FINAL,3.0,12506,Harold Fannin,TE,10.6,11.7,0.0,11.7,11.7,11.7,0.0,1.0,11.7,,0.0,0
2026-10-02 03:44:45Z,CLE,post,1.0,FINAL,3.0,13346,Denzel Boston,WR,9.4,12.9,0.0,12.9,12.9,12.9,0.0,1.0,12.9,,0.0,0
2026-10-02 03:44:45Z,CLE,post,1.0,FINAL,3.0,4017,Deshaun Watson,QB,14.0,13.92,0.0,13.92,13.92,13.92,0.0,1.0,13.92,,0.0,0
2026-10-02 03:44:45Z,PIT,post,1.0,FINAL,-3.0,13289,Drew Allar,QB,0.5,0.0,0.0,0.0,0.0,0.0,0.0,1.0,0.0,,0.0,0
2026-10-02 03:44:45Z,CLE,post,1.0,FINAL,3.0,13298,KC Concepcion,WR,9.9,11.4,0.0,11.4,11.4,11.4,0.0,1.0,11.4,,0.0,0
2026-10-02 03:44:45Z,PIT,post,1.0,FINAL,-3.0,6819,Michael Pittman,WR,9.7,3.5,0.0,3.5,3.5,3.5,0.0,1.0,3.5,,0.0,0
2026-10-02 03:44:45Z,PIT,post,1.0,FINAL,-3.0,5846,DK Metcalf,WR,11.2,16.5,0.0,16.5,16.5,16.5,0.0,1.0,16.5,,0.0,0
