ts,team,st,f,tag,margin,sid,name,pos,proj,actual,rem_fit,live_fit,live_v1,live_naive,stale,xmult,live_fitx,role,f_in,frozen
2026-10-08 22:15:18Z,DAL,pre,0.0,PRE,0,11533,Brandon Aubrey,K,9.8,0.0,9.8,9.8,9.8,9.8,0.0,1.0,9.8,,0.0,0
2026-10-08 22:15:18Z,DAL,pre,0.0,PRE,0,6786,CeeDee Lamb,WR,19.6,0.0,19.6,19.6,19.6,19.6,0.0,1.0,19.6,,0.0,0
2026-10-08 22:15:18Z,TB,pre,0.0,PRE,0,11584,Bucky Irving,RB,11.1,0.0,11.1,11.1,11.1,11.1,0.0,1.0,11.1,,0.0,0
2026-10-08 22:15:18Z,DAL,pre,0.0,PRE,0,3294,Dak Prescott,QB,22.1,0.0,22.1,22.1,22.1,22.1,0.0,1.0,22.1,,0.0,0
2026-10-08 22:15:18Z,TB,pre,0.0,PRE,0,8111,Cade Otton,TE,7.9,0.0,7.9,7.9,7.9,7.9,0.0,1.0,7.9,,0.0,0
2026-10-08 22:15:18Z,TB,pre,0.0,PRE,0,4037,Chris Godwin,WR,8.0,0.0,8.0,8.0,8.0,8.0,0.0,1.0,8.0,,0.0,0
2026-10-08 22:15:18Z,DAL,pre,0.0,PRE,0,8110,Jake Ferguson,TE,8.8,0.0,8.8,8.8,8.8,8.8,0.0,1.0,8.8,,0.0,0
2026-10-08 22:15:18Z,TB,pre,0.0,PRE,0,6650,Chase McLaughlin,K,6.7,0.0,6.7,6.7,6.7,6.7,0.0,1.0,6.7,,0.0,0
2026-10-08 22:15:18Z,TB,pre,0.0,PRE,0,9506,Sean Tucker,RB,2.4,0.0,2.4,2.4,2.4,2.4,0.0,1.0,2.4,,0.0,0
2026-10-08 22:15:18Z,TB,pre,0.0,PRE,0,12514,Emeka Egbuka,WR,9.1,0.0,9.1,9.1,9.1,9.1,0.0,1.0,9.1,,0.0,0
2026-10-08 22:15:18Z,DAL,pre,0.0,PRE,0,DAL,Dallas Cowboys D/ST,DST,7.3,0.0,7.3,7.3,7.3,7.3,0.0,1.0,7.3,,0.0,0
2026-10-08 22:15:18Z,DAL,pre,0.0,PRE,0,8137,George Pickens,WR,14.8,0.0,14.8,14.8,14.8,14.8,0.0,1.0,14.8,,0.0,0
2026-10-08 22:15:18Z,TB,pre,0.0,PRE,0,TB,Tampa Bay Buccaneers D/ST,DST,3.1,0.0,3.1,3.1,3.1,3.1,0.0,1.0,3.1,,0.0,0
2026-10-08 22:15:18Z,DAL,pre,0.0,PRE,0,8917,KaVontae Turpin,WR,2.0,0.0,2.0,2.0,2.0,2.0,0.0,1.0,2.0,,0.0,0
2026-10-08 22:15:18Z,TB,pre,0.0,PRE,0,10227,Payne Durham,TE,1.1,0.0,1.1,1.1,1.1,1.1,0.0,1.0,1.1,,0.0,0
2026-10-08 22:15:18Z,DAL,pre,0.0,PRE,0,11593,Brevyn Spann-Ford,TE,0.6,0.0,0.6,0.6,0.6,0.6,0.0,1.0,0.6,,0.0,0
2026-10-08 22:15:18Z,TB,pre,0.0,PRE,0,13425,Jalon Daniels,QB,15.0,0.0,15.0,15.0,15.0,15.0,0.0,1.0,15.0,,0.0,0
2026-10-08 22:15:18Z,DAL,pre,0.0,PRE,0,11199,Emari Demercado,RB,3.7,0.0,3.7,3.7,3.7,3.7,0.0,1.0,3.7,,0.0,0
2026-10-08 22:15:18Z,DAL,pre,0.0,PRE,0,8162,Sam Howell,QB,0.9,0.0,0.9,0.9,0.9,0.9,0.0,1.0,0.9,,0.0,0
2026-10-08 22:15:18Z,DAL,pre,0.0,PRE,0,11783,Ryan Flournoy,WR,8.3,0.0,8.3,8.3,8.3,8.3,0.0,1.0,8.3,,0.0,0
2026-10-08 22:15:18Z,DAL,pre,0.0,PRE,0,10871,Luke Schoonmaker,TE,1.9,0.0,1.9,1.9,1.9,1.9,0.0,1.0,1.9,,0.0,0
2026-10-08 22:15:18Z,TB,pre,0.0,PRE,0,13317,Ted Hurst,WR,4.5,0.0,4.5,4.5,4.5,4.5,0.0,1.0,4.5,,0.0,0
2026-10-08 22:15:18Z,TB,pre,0.0,PRE,0,12485,Tez Johnson,WR,4.2,0.0,4.2,4.2,4.2,4.2,0.0,1.0,4.2,,0.0,0
2026-10-08 22:15:18Z,DAL,pre,0.0,PRE,0,7588,Javonte Williams,RB,18.2,0.0,18.2,18.2,18.2,18.2,0.0,1.0,18.2,,0.0,0
2026-10-08 22:17:18Z,DAL,pre,0.0,PRE,0,11533,Brandon Aubrey,K,9.8,0.0,9.8,9.8,9.8,9.8,0.0,1.0,9.8,,0.0,0
2026-10-08 22:17:18Z,DAL,pre,0.0,PRE,0,6786,CeeDee Lamb,WR,19.6,0.0,19.6,19.6,19.6,19.6,0.0,1.0,19.6,,0.0,0
2026-10-08 22:17:18Z,TB,pre,0.0,PRE,0,11584,Bucky Irving,RB,11.1,0.0,11.1,11.1,11.1,11.1,0.0,1.0,11.1,,0.0,0
2026-10-08 22:17:18Z,DAL,pre,0.0,PRE,0,3294,Dak Prescott,QB,22.1,0.0,22.1,22.1,22.1,22.1,0.0,1.0,22.1,,0.0,0
2026-10-08 22:17:18Z,TB,pre,0.0,PRE,0,8111,Cade Otton,TE,7.9,0.0,7.9,7.9,7.9,7.9,0.0,1.0,7.9,,0.0,0
2026-10-08 22:17:18Z,TB,pre,0.0,PRE,0,4037,Chris Godwin,WR,8.0,0.0,8.0,8.0,8.0,8.0,0.0,1.0,8.0,,0.0,0
2026-10-08 22:17:18Z,DAL,pre,0.0,PRE,0,8110,Jake Ferguson,TE,8.8,0.0,8.8,8.8,8.8,8.8,0.0,1.0,8.8,,0.0,0
2026-10-08 22:17:18Z,TB,pre,0.0,PRE,0,6650,Chase McLaughlin,K,6.7,0.0,6.7,6.7,6.7,6.7,0.0,1.0,6.7,,0.0,0
2026-10-08 22:17:18Z,TB,pre,0.0,PRE,0,9506,Sean Tucker,RB,2.4,0.0,2.4,2.4,2.4,2.4,0.0,1.0,2.4,,0.0,0
2026-10-08 22:17:18Z,TB,pre,0.0,PRE,0,12514,Emeka Egbuka,WR,9.1,0.0,9.1,9.1,9.1,9.1,0.0,1.0,9.1,,0.0,0
2026-10-08 22:17:18Z,DAL,pre,0.0,PRE,0,DAL,Dallas Cowboys D/ST,DST,7.3,0.0,7.3,7.3,7.3,7.3,0.0,1.0,7.3,,0.0,0
2026-10-08 22:17:18Z,DAL,pre,0.0,PRE,0,8137,George Pickens,WR,14.8,0.0,14.8,14.8,14.8,14.8,0.0,1.0,14.8,,0.0,0
2026-10-08 22:17:18Z,TB,pre,0.0,PRE,0,TB,Tampa Bay Buccaneers D/ST,DST,3.1,0.0,3.1,3.1,3.1,3.1,0.0,1.0,3.1,,0.0,0
2026-10-08 22:17:18Z,DAL,pre,0.0,PRE,0,8917,KaVontae Turpin,WR,2.0,0.0,2.0,2.0,2.0,2.0,0.0,1.0,2.0,,0.0,0
2026-10-08 22:17:18Z,TB,pre,0.0,PRE,0,10227,Payne Durham,TE,1.1,0.0,1.1,1.1,1.1,1.1,0.0,1.0,1.1,,0.0,0
2026-10-08 22:17:18Z,DAL,pre,0.0,PRE,0,11593,Brevyn Spann-Ford,TE,0.6,0.0,0.6,0.6,0.6,0.6,0.0,1.0,0.6,,0.0,0
2026-10-08 22:17:18Z,TB,pre,0.0,PRE,0,13425,Jalon Daniels,QB,15.0,0.0,15.0,15.0,15.0,15.0,0.0,1.0,15.0,,0.0,0
2026-10-08 22:17:18Z,DAL,pre,0.0,PRE,0,11199,Emari Demercado,RB,3.7,0.0,3.7,3.7,3.7,3.7,0.0,1.0,3.7,,0.0,0
2026-10-08 22:17:18Z,DAL,pre,0.0,PRE,0,8162,Sam Howell,QB,0.9,0.0,0.9,0.9,0.9,0.9,0.0,1.0,0.9,,0.0,0
2026-10-08 22:17:18Z,DAL,pre,0.0,PRE,0,11783,Ryan Flournoy,WR,8.3,0.0,8.3,8.3,8.3,8.3,0.0,1.0,8.3,,0.0,0
2026-10-08 22:17:18Z,DAL,pre,0.0,PRE,0,10871,Luke Schoonmaker,TE,1.9,0.0,1.9,1.9,1.9,1.9,0.0,1.0,1.9,,0.0,0
2026-10-08 22:17:18Z,TB,pre,0.0,PRE,0,13317,Ted Hurst,WR,4.5,0.0,4.5,4.5,4.5,4.5,0.0,1.0,4.5,,0.0,0
2026-10-08 22:17:18Z,TB,pre,0.0,PRE,0,12485,Tez Johnson,WR,4.2,0.0,4.2,4.2,4.2,4.2,0.0,1.0,4.2,,0.0,0
2026-10-08 22:17:18Z,DAL,pre,0.0,PRE,0,7588,Javonte Williams,RB,18.2,0.0,18.2,18.2,18.2,18.2,0.0,1.0,18.2,,0.0,0
2026-10-08 22:19:18Z,DAL,pre,0.0,PRE,0,11533,Brandon Aubrey,K,9.8,0.0,9.8,9.8,9.8,9.8,0.0,1.0,9.8,,0.0,0
2026-10-08 22:19:18Z,DAL,pre,0.0,PRE,0,6786,CeeDee Lamb,WR,19.6,0.0,19.6,19.6,19.6,19.6,0.0,1.0,19.6,,0.0,0
2026-10-08 22:19:18Z,TB,pre,0.0,PRE,0,11584,Bucky Irving,RB,11.1,0.0,11.1,11.1,11.1,11.1,0.0,1.0,11.1,,0.0,0
2026-10-08 22:19:18Z,DAL,pre,0.0,PRE,0,3294,Dak Prescott,QB,22.1,0.0,22.1,22.1,22.1,22.1,0.0,1.0,22.1,,0.0,0
2026-10-08 22:19:18Z,TB,pre,0.0,PRE,0,8111,Cade Otton,TE,7.9,0.0,7.9,7.9,7.9,7.9,0.0,1.0,7.9,,0.0,0
2026-10-08 22:19:18Z,TB,pre,0.0,PRE,0,4037,Chris Godwin,WR,8.0,0.0,8.0,8.0,8.0,8.0,0.0,1.0,8.0,,0.0,0
2026-10-08 22:19:18Z,DAL,pre,0.0,PRE,0,8110,Jake Ferguson,TE,8.8,0.0,8.8,8.8,8.8,8.8,0.0,1.0,8.8,,0.0,0
2026-10-08 22:19:18Z,TB,pre,0.0,PRE,0,6650,Chase McLaughlin,K,6.7,0.0,6.7,6.7,6.7,6.7,0.0,1.0,6.7,,0.0,0
2026-10-08 22:19:18Z,TB,pre,0.0,PRE,0,9506,Sean Tucker,RB,2.4,0.0,2.4,2.4,2.4,2.4,0.0,1.0,2.4,,0.0,0
2026-10-08 22:19:18Z,TB,pre,0.0,PRE,0,12514,Emeka Egbuka,WR,9.1,0.0,9.1,9.1,9.1,9.1,0.0,1.0,9.1,,0.0,0
2026-10-08 22:19:18Z,DAL,pre,0.0,PRE,0,DAL,Dallas Cowboys D/ST,DST,7.3,0.0,7.3,7.3,7.3,7.3,0.0,1.0,7.3,,0.0,0
2026-10-08 22:19:18Z,DAL,pre,0.0,PRE,0,8137,George Pickens,WR,14.8,0.0,14.8,14.8,14.8,14.8,0.0,1.0,14.8,,0.0,0
2026-10-08 22:19:18Z,TB,pre,0.0,PRE,0,TB,Tampa Bay Buccaneers D/ST,DST,3.1,0.0,3.1,3.1,3.1,3.1,0.0,1.0,3.1,,0.0,0
2026-10-08 22:19:18Z,DAL,pre,0.0,PRE,0,8917,KaVontae Turpin,WR,2.0,0.0,2.0,2.0,2.0,2.0,0.0,1.0,2.0,,0.0,0
2026-10-08 22:19:18Z,TB,pre,0.0,PRE,0,10227,Payne Durham,TE,1.1,0.0,1.1,1.1,1.1,1.1,0.0,1.0,1.1,,0.0,0
2026-10-08 22:19:18Z,DAL,pre,0.0,PRE,0,11593,Brevyn Spann-Ford,TE,0.6,0.0,0.6,0.6,0.6,0.6,0.0,1.0,0.6,,0.0,0
2026-10-08 22:19:18Z,TB,pre,0.0,PRE,0,13425,Jalon Daniels,QB,15.0,0.0,15.0,15.0,15.0,15.0,0.0,1.0,15.0,,0.0,0
2026-10-08 22:19:18Z,DAL,pre,0.0,PRE,0,11199,Emari Demercado,RB,3.7,0.0,3.7,3.7,3.7,3.7,0.0,1.0,3.7,,0.0,0
2026-10-08 22:19:18Z,DAL,pre,0.0,PRE,0,8162,Sam Howell,QB,0.9,0.0,0.9,0.9,0.9,0.9,0.0,1.0,0.9,,0.0,0
2026-10-08 22:19:18Z,DAL,pre,0.0,PRE,0,11783,Ryan Flournoy,WR,8.3,0.0,8.3,8.3,8.3,8.3,0.0,1.0,8.3,,0.0,0
2026-10-08 22:19:18Z,DAL,pre,0.0,PRE,0,10871,Luke Schoonmaker,TE,1.9,0.0,1.9,1.9,1.9,1.9,0.0,1.0,1.9,,0.0,0
2026-10-08 22:19:18Z,TB,pre,0.0,PRE,0,13317,Ted Hurst,WR,4.5,0.0,4.5,4.5,4.5,4.5,0.0,1.0,4.5,,0.0,0
2026-10-08 22:19:18Z,TB,pre,0.0,PRE,0,12485,Tez Johnson,WR,4.2,0.0,4.2,4.2,4.2,4.2,0.0,1.0,4.2,,0.0,0
2026-10-08 22:19:18Z,DAL,pre,0.0,PRE,0,7588,Javonte Williams,RB,18.2,0.0,18.2,18.2,18.2,18.2,0.0,1.0,18.2,,0.0,0
2026-10-08 22:21:19Z,DAL,pre,0.0,PRE,0,11533,Brandon Aubrey,K,9.8,0.0,9.8,9.8,9.8,9.8,0.0,1.0,9.8,,0.0,0
2026-10-08 22:21:19Z,DAL,pre,0.0,PRE,0,6786,CeeDee Lamb,WR,19.6,0.0,19.6,19.6,19.6,19.6,0.0,1.0,19.6,,0.0,0
2026-10-08 22:21:19Z,TB,pre,0.0,PRE,0,11584,Bucky Irving,RB,11.1,0.0,11.1,11.1,11.1,11.1,0.0,1.0,11.1,,0.0,0
2026-10-08 22:21:19Z,DAL,pre,0.0,PRE,0,3294,Dak Prescott,QB,22.1,0.0,22.1,22.1,22.1,22.1,0.0,1.0,22.1,,0.0,0
2026-10-08 22:21:19Z,TB,pre,0.0,PRE,0,8111,Cade Otton,TE,7.9,0.0,7.9,7.9,7.9,7.9,0.0,1.0,7.9,,0.0,0
2026-10-08 22:21:19Z,TB,pre,0.0,PRE,0,4037,Chris Godwin,WR,8.0,0.0,8.0,8.0,8.0,8.0,0.0,1.0,8.0,,0.0,0
2026-10-08 22:21:19Z,DAL,pre,0.0,PRE,0,8110,Jake Ferguson,TE,8.8,0.0,8.8,8.8,8.8,8.8,0.0,1.0,8.8,,0.0,0
2026-10-08 22:21:19Z,TB,pre,0.0,PRE,0,6650,Chase McLaughlin,K,6.7,0.0,6.7,6.7,6.7,6.7,0.0,1.0,6.7,,0.0,0
2026-10-08 22:21:19Z,TB,pre,0.0,PRE,0,9506,Sean Tucker,RB,2.4,0.0,2.4,2.4,2.4,2.4,0.0,1.0,2.4,,0.0,0
2026-10-08 22:21:19Z,TB,pre,0.0,PRE,0,12514,Emeka Egbuka,WR,9.1,0.0,9.1,9.1,9.1,9.1,0.0,1.0,9.1,,0.0,0
2026-10-08 22:21:19Z,DAL,pre,0.0,PRE,0,DAL,Dallas Cowboys D/ST,DST,7.3,0.0,7.3,7.3,7.3,7.3,0.0,1.0,7.3,,0.0,0
2026-10-08 22:21:19Z,DAL,pre,0.0,PRE,0,8137,George Pickens,WR,14.8,0.0,14.8,14.8,14.8,14.8,0.0,1.0,14.8,,0.0,0
2026-10-08 22:21:19Z,TB,pre,0.0,PRE,0,TB,Tampa Bay Buccaneers D/ST,DST,3.1,0.0,3.1,3.1,3.1,3.1,0.0,1.0,3.1,,0.0,0
2026-10-08 22:21:19Z,DAL,pre,0.0,PRE,0,8917,KaVontae Turpin,WR,2.0,0.0,2.0,2.0,2.0,2.0,0.0,1.0,2.0,,0.0,0
2026-10-08 22:21:19Z,TB,pre,0.0,PRE,0,10227,Payne Durham,TE,1.1,0.0,1.1,1.1,1.1,1.1,0.0,1.0,1.1,,0.0,0
2026-10-08 22:21:19Z,DAL,pre,0.0,PRE,0,11593,Brevyn Spann-Ford,TE,0.6,0.0,0.6,0.6,0.6,0.6,0.0,1.0,0.6,,0.0,0
2026-10-08 22:21:19Z,TB,pre,0.0,PRE,0,13425,Jalon Daniels,QB,15.0,0.0,15.0,15.0,15.0,15.0,0.0,1.0,15.0,,0.0,0
2026-10-08 22:21:19Z,DAL,pre,0.0,PRE,0,11199,Emari Demercado,RB,3.7,0.0,3.7,3.7,3.7,3.7,0.0,1.0,3.7,,0.0,0
2026-10-08 22:21:19Z,DAL,pre,0.0,PRE,0,8162,Sam Howell,QB,0.9,0.0,0.9,0.9,0.9,0.9,0.0,1.0,0.9,,0.0,0
2026-10-08 22:21:19Z,DAL,pre,0.0,PRE,0,11783,Ryan Flournoy,WR,8.3,0.0,8.3,8.3,8.3,8.3,0.0,1.0,8.3,,0.0,0
2026-10-08 22:21:19Z,DAL,pre,0.0,PRE,0,10871,Luke Schoonmaker,TE,1.9,0.0,1.9,1.9,1.9,1.9,0.0,1.0,1.9,,0.0,0
2026-10-08 22:21:19Z,TB,pre,0.0,PRE,0,13317,Ted Hurst,WR,4.5,0.0,4.5,4.5,4.5,4.5,0.0,1.0,4.5,,0.0,0
2026-10-08 22:21:19Z,TB,pre,0.0,PRE,0,12485,Tez Johnson,WR,4.2,0.0,4.2,4.2,4.2,4.2,0.0,1.0,4.2,,0.0,0
2026-10-08 22:21:19Z,DAL,pre,0.0,PRE,0,7588,Javonte Williams,RB,18.2,0.0,18.2,18.2,18.2,18.2,0.0,1.0,18.2,,0.0,0
2026-10-08 22:23:19Z,DAL,pre,0.0,PRE,0,11533,Brandon Aubrey,K,9.8,0.0,9.8,9.8,9.8,9.8,0.0,1.0,9.8,,0.0,0
2026-10-08 22:23:19Z,DAL,pre,0.0,PRE,0,6786,CeeDee Lamb,WR,19.6,0.0,19.6,19.6,19.6,19.6,0.0,1.0,19.6,,0.0,0
2026-10-08 22:23:19Z,TB,pre,0.0,PRE,0,11584,Bucky Irving,RB,11.1,0.0,11.1,11.1,11.1,11.1,0.0,1.0,11.1,,0.0,0
2026-10-08 22:23:19Z,DAL,pre,0.0,PRE,0,3294,Dak Prescott,QB,22.1,0.0,22.1,22.1,22.1,22.1,0.0,1.0,22.1,,0.0,0
2026-10-08 22:23:19Z,TB,pre,0.0,PRE,0,8111,Cade Otton,TE,7.9,0.0,7.9,7.9,7.9,7.9,0.0,1.0,7.9,,0.0,0
2026-10-08 22:23:19Z,TB,pre,0.0,PRE,0,4037,Chris Godwin,WR,8.0,0.0,8.0,8.0,8.0,8.0,0.0,1.0,8.0,,0.0,0
2026-10-08 22:23:19Z,DAL,pre,0.0,PRE,0,8110,Jake Ferguson,TE,8.8,0.0,8.8,8.8,8.8,8.8,0.0,1.0,8.8,,0.0,0
2026-10-08 22:23:19Z,TB,pre,0.0,PRE,0,6650,Chase McLaughlin,K,6.7,0.0,6.7,6.7,6.7,6.7,0.0,1.0,6.7,,0.0,0
2026-10-08 22:23:19Z,TB,pre,0.0,PRE,0,9506,Sean Tucker,RB,2.4,0.0,2.4,2.4,2.4,2.4,0.0,1.0,2.4,,0.0,0
2026-10-08 22:23:19Z,TB,pre,0.0,PRE,0,12514,Emeka Egbuka,WR,9.1,0.0,9.1,9.1,9.1,9.1,0.0,1.0,9.1,,0.0,0
2026-10-08 22:23:19Z,DAL,pre,0.0,PRE,0,DAL,Dallas Cowboys D/ST,DST,7.3,0.0,7.3,7.3,7.3,7.3,0.0,1.0,7.3,,0.0,0
2026-10-08 22:23:19Z,DAL,pre,0.0,PRE,0,8137,George Pickens,WR,14.8,0.0,14.8,14.8,14.8,14.8,0.0,1.0,14.8,,0.0,0
2026-10-08 22:23:19Z,TB,pre,0.0,PRE,0,TB,Tampa Bay Buccaneers D/ST,DST,3.1,0.0,3.1,3.1,3.1,3.1,0.0,1.0,3.1,,0.0,0
2026-10-08 22:23:19Z,DAL,pre,0.0,PRE,0,8917,KaVontae Turpin,WR,2.0,0.0,2.0,2.0,2.0,2.0,0.0,1.0,2.0,,0.0,0
2026-10-08 22:23:19Z,TB,pre,0.0,PRE,0,10227,Payne Durham,TE,1.1,0.0,1.1,1.1,1.1,1.1,0.0,1.0,1.1,,0.0,0
2026-10-08 22:23:19Z,DAL,pre,0.0,PRE,0,11593,Brevyn Spann-Ford,TE,0.6,0.0,0.6,0.6,0.6,0.6,0.0,1.0,0.6,,0.0,0
2026-10-08 22:23:19Z,TB,pre,0.0,PRE,0,13425,Jalon Daniels,QB,15.0,0.0,15.0,15.0,15.0,15.0,0.0,1.0,15.0,,0.0,0
2026-10-08 22:23:19Z,DAL,pre,0.0,PRE,0,11199,Emari Demercado,RB,3.7,0.0,3.7,3.7,3.7,3.7,0.0,1.0,3.7,,0.0,0
2026-10-08 22:23:19Z,DAL,pre,0.0,PRE,0,8162,Sam Howell,QB,0.9,0.0,0.9,0.9,0.9,0.9,0.0,1.0,0.9,,0.0,0
2026-10-08 22:23:19Z,DAL,pre,0.0,PRE,0,11783,Ryan Flournoy,WR,8.3,0.0,8.3,8.3,8.3,8.3,0.0,1.0,8.3,,0.0,0
2026-10-08 22:23:19Z,DAL,pre,0.0,PRE,0,10871,Luke Schoonmaker,TE,1.9,0.0,1.9,1.9,1.9,1.9,0.0,1.0,1.9,,0.0,0
2026-10-08 22:23:19Z,TB,pre,0.0,PRE,0,13317,Ted Hurst,WR,4.5,0.0,4.5,4.5,4.5,4.5,0.0,1.0,4.5,,0.0,0
2026-10-08 22:23:19Z,TB,pre,0.0,PRE,0,12485,Tez Johnson,WR,4.2,0.0,4.2,4.2,4.2,4.2,0.0,1.0,4.2,,0.0,0
2026-10-08 22:23:19Z,DAL,pre,0.0,PRE,0,7588,Javonte Williams,RB,18.2,0.0,18.2,18.2,18.2,18.2,0.0,1.0,18.2,,0.0,0
2026-10-08 22:25:19Z,DAL,pre,0.0,PRE,0,11533,Brandon Aubrey,K,9.8,0.0,9.8,9.8,9.8,9.8,0.0,1.0,9.8,,0.0,0
2026-10-08 22:25:19Z,DAL,pre,0.0,PRE,0,6786,CeeDee Lamb,WR,19.6,0.0,19.6,19.6,19.6,19.6,0.0,1.0,19.6,,0.0,0
2026-10-08 22:25:19Z,TB,pre,0.0,PRE,0,11584,Bucky Irving,RB,11.1,0.0,11.1,11.1,11.1,11.1,0.0,1.0,11.1,,0.0,0
2026-10-08 22:25:19Z,DAL,pre,0.0,PRE,0,3294,Dak Prescott,QB,22.1,0.0,22.1,22.1,22.1,22.1,0.0,1.0,22.1,,0.0,0
2026-10-08 22:25:19Z,TB,pre,0.0,PRE,0,8111,Cade Otton,TE,7.9,0.0,7.9,7.9,7.9,7.9,0.0,1.0,7.9,,0.0,0
2026-10-08 22:25:19Z,TB,pre,0.0,PRE,0,4037,Chris Godwin,WR,8.0,0.0,8.0,8.0,8.0,8.0,0.0,1.0,8.0,,0.0,0
2026-10-08 22:25:19Z,DAL,pre,0.0,PRE,0,8110,Jake Ferguson,TE,8.8,0.0,8.8,8.8,8.8,8.8,0.0,1.0,8.8,,0.0,0
2026-10-08 22:25:19Z,TB,pre,0.0,PRE,0,6650,Chase McLaughlin,K,6.7,0.0,6.7,6.7,6.7,6.7,0.0,1.0,6.7,,0.0,0
2026-10-08 22:25:19Z,TB,pre,0.0,PRE,0,9506,Sean Tucker,RB,2.4,0.0,2.4,2.4,2.4,2.4,0.0,1.0,2.4,,0.0,0
2026-10-08 22:25:19Z,TB,pre,0.0,PRE,0,12514,Emeka Egbuka,WR,9.1,0.0,9.1,9.1,9.1,9.1,0.0,1.0,9.1,,0.0,0
2026-10-08 22:25:19Z,DAL,pre,0.0,PRE,0,DAL,Dallas Cowboys D/ST,DST,7.3,0.0,7.3,7.3,7.3,7.3,0.0,1.0,7.3,,0.0,0
2026-10-08 22:25:19Z,DAL,pre,0.0,PRE,0,8137,George Pickens,WR,14.8,0.0,14.8,14.8,14.8,14.8,0.0,1.0,14.8,,0.0,0
2026-10-08 22:25:19Z,TB,pre,0.0,PRE,0,TB,Tampa Bay Buccaneers D/ST,DST,3.1,0.0,3.1,3.1,3.1,3.1,0.0,1.0,3.1,,0.0,0
2026-10-08 22:25:19Z,DAL,pre,0.0,PRE,0,8917,KaVontae Turpin,WR,2.0,0.0,2.0,2.0,2.0,2.0,0.0,1.0,2.0,,0.0,0
2026-10-08 22:25:19Z,TB,pre,0.0,PRE,0,10227,Payne Durham,TE,1.1,0.0,1.1,1.1,1.1,1.1,0.0,1.0,1.1,,0.0,0
2026-10-08 22:25:19Z,DAL,pre,0.0,PRE,0,11593,Brevyn Spann-Ford,TE,0.6,0.0,0.6,0.6,0.6,0.6,0.0,1.0,0.6,,0.0,0
2026-10-08 22:25:19Z,TB,pre,0.0,PRE,0,13425,Jalon Daniels,QB,15.0,0.0,15.0,15.0,15.0,15.0,0.0,1.0,15.0,,0.0,0
2026-10-08 22:25:19Z,DAL,pre,0.0,PRE,0,11199,Emari Demercado,RB,3.7,0.0,3.7,3.7,3.7,3.7,0.0,1.0,3.7,,0.0,0
2026-10-08 22:25:19Z,DAL,pre,0.0,PRE,0,8162,Sam Howell,QB,0.9,0.0,0.9,0.9,0.9,0.9,0.0,1.0,0.9,,0.0,0
2026-10-08 22:25:19Z,DAL,pre,0.0,PRE,0,11783,Ryan Flournoy,WR,8.3,0.0,8.3,8.3,8.3,8.3,0.0,1.0,8.3,,0.0,0
2026-10-08 22:25:19Z,DAL,pre,0.0,PRE,0,10871,Luke Schoonmaker,TE,1.9,0.0,1.9,1.9,1.9,1.9,0.0,1.0,1.9,,0.0,0
2026-10-08 22:25:19Z,TB,pre,0.0,PRE,0,13317,Ted Hurst,WR,4.5,0.0,4.5,4.5,4.5,4.5,0.0,1.0,4.5,,0.0,0
2026-10-08 22:25:19Z,TB,pre,0.0,PRE,0,12485,Tez Johnson,WR,4.2,0.0,4.2,4.2,4.2,4.2,0.0,1.0,4.2,,0.0,0
2026-10-08 22:25:19Z,DAL,pre,0.0,PRE,0,7588,Javonte Williams,RB,18.2,0.0,18.2,18.2,18.2,18.2,0.0,1.0,18.2,,0.0,0
2026-10-08 22:27:20Z,DAL,pre,0.0,PRE,0,11533,Brandon Aubrey,K,9.8,0.0,9.8,9.8,9.8,9.8,0.0,1.0,9.8,,0.0,0
2026-10-08 22:27:20Z,DAL,pre,0.0,PRE,0,6786,CeeDee Lamb,WR,19.6,0.0,19.6,19.6,19.6,19.6,0.0,1.0,19.6,,0.0,0
2026-10-08 22:27:20Z,TB,pre,0.0,PRE,0,11584,Bucky Irving,RB,11.1,0.0,11.1,11.1,11.1,11.1,0.0,1.0,11.1,,0.0,0
2026-10-08 22:27:20Z,DAL,pre,0.0,PRE,0,3294,Dak Prescott,QB,22.1,0.0,22.1,22.1,22.1,22.1,0.0,1.0,22.1,,0.0,0
2026-10-08 22:27:20Z,TB,pre,0.0,PRE,0,8111,Cade Otton,TE,7.9,0.0,7.9,7.9,7.9,7.9,0.0,1.0,7.9,,0.0,0
2026-10-08 22:27:20Z,TB,pre,0.0,PRE,0,4037,Chris Godwin,WR,8.0,0.0,8.0,8.0,8.0,8.0,0.0,1.0,8.0,,0.0,0
2026-10-08 22:27:20Z,DAL,pre,0.0,PRE,0,8110,Jake Ferguson,TE,8.8,0.0,8.8,8.8,8.8,8.8,0.0,1.0,8.8,,0.0,0
2026-10-08 22:27:20Z,TB,pre,0.0,PRE,0,6650,Chase McLaughlin,K,6.7,0.0,6.7,6.7,6.7,6.7,0.0,1.0,6.7,,0.0,0
2026-10-08 22:27:20Z,TB,pre,0.0,PRE,0,9506,Sean Tucker,RB,2.4,0.0,2.4,2.4,2.4,2.4,0.0,1.0,2.4,,0.0,0
2026-10-08 22:27:20Z,TB,pre,0.0,PRE,0,12514,Emeka Egbuka,WR,9.1,0.0,9.1,9.1,9.1,9.1,0.0,1.0,9.1,,0.0,0
2026-10-08 22:27:20Z,DAL,pre,0.0,PRE,0,DAL,Dallas Cowboys D/ST,DST,7.3,0.0,7.3,7.3,7.3,7.3,0.0,1.0,7.3,,0.0,0
2026-10-08 22:27:20Z,DAL,pre,0.0,PRE,0,8137,George Pickens,WR,14.8,0.0,14.8,14.8,14.8,14.8,0.0,1.0,14.8,,0.0,0
2026-10-08 22:27:20Z,TB,pre,0.0,PRE,0,TB,Tampa Bay Buccaneers D/ST,DST,3.1,0.0,3.1,3.1,3.1,3.1,0.0,1.0,3.1,,0.0,0
2026-10-08 22:27:20Z,DAL,pre,0.0,PRE,0,8917,KaVontae Turpin,WR,2.0,0.0,2.0,2.0,2.0,2.0,0.0,1.0,2.0,,0.0,0
2026-10-08 22:27:20Z,TB,pre,0.0,PRE,0,10227,Payne Durham,TE,1.1,0.0,1.1,1.1,1.1,1.1,0.0,1.0,1.1,,0.0,0
2026-10-08 22:27:20Z,DAL,pre,0.0,PRE,0,11593,Brevyn Spann-Ford,TE,0.6,0.0,0.6,0.6,0.6,0.6,0.0,1.0,0.6,,0.0,0
2026-10-08 22:27:20Z,TB,pre,0.0,PRE,0,13425,Jalon Daniels,QB,15.0,0.0,15.0,15.0,15.0,15.0,0.0,1.0,15.0,,0.0,0
2026-10-08 22:27:20Z,DAL,pre,0.0,PRE,0,11199,Emari Demercado,RB,3.7,0.0,3.7,3.7,3.7,3.7,0.0,1.0,3.7,,0.0,0
2026-10-08 22:27:20Z,DAL,pre,0.0,PRE,0,8162,Sam Howell,QB,0.9,0.0,0.9,0.9,0.9,0.9,0.0,1.0,0.9,,0.0,0
2026-10-08 22:27:20Z,DAL,pre,0.0,PRE,0,11783,Ryan Flournoy,WR,8.3,0.0,8.3,8.3,8.3,8.3,0.0,1.0,8.3,,0.0,0
2026-10-08 22:27:20Z,DAL,pre,0.0,PRE,0,10871,Luke Schoonmaker,TE,1.9,0.0,1.9,1.9,1.9,1.9,0.0,1.0,1.9,,0.0,0
2026-10-08 22:27:20Z,TB,pre,0.0,PRE,0,13317,Ted Hurst,WR,4.5,0.0,4.5,4.5,4.5,4.5,0.0,1.0,4.5,,0.0,0
2026-10-08 22:27:20Z,TB,pre,0.0,PRE,0,12485,Tez Johnson,WR,4.2,0.0,4.2,4.2,4.2,4.2,0.0,1.0,4.2,,0.0,0
2026-10-08 22:27:20Z,DAL,pre,0.0,PRE,0,7588,Javonte Williams,RB,18.2,0.0,18.2,18.2,18.2,18.2,0.0,1.0,18.2,,0.0,0
2026-10-08 22:29:20Z,DAL,pre,0.0,PRE,0,11533,Brandon Aubrey,K,9.8,0.0,9.8,9.8,9.8,9.8,0.0,1.0,9.8,,0.0,0
2026-10-08 22:29:20Z,DAL,pre,0.0,PRE,0,6786,CeeDee Lamb,WR,19.6,0.0,19.6,19.6,19.6,19.6,0.0,1.0,19.6,,0.0,0
2026-10-08 22:29:20Z,TB,pre,0.0,PRE,0,11584,Bucky Irving,RB,11.1,0.0,11.1,11.1,11.1,11.1,0.0,1.0,11.1,,0.0,0
2026-10-08 22:29:20Z,DAL,pre,0.0,PRE,0,3294,Dak Prescott,QB,22.1,0.0,22.1,22.1,22.1,22.1,0.0,1.0,22.1,,0.0,0
2026-10-08 22:29:20Z,TB,pre,0.0,PRE,0,8111,Cade Otton,TE,7.9,0.0,7.9,7.9,7.9,7.9,0.0,1.0,7.9,,0.0,0
2026-10-08 22:29:20Z,TB,pre,0.0,PRE,0,4037,Chris Godwin,WR,8.0,0.0,8.0,8.0,8.0,8.0,0.0,1.0,8.0,,0.0,0
2026-10-08 22:29:20Z,DAL,pre,0.0,PRE,0,8110,Jake Ferguson,TE,8.8,0.0,8.8,8.8,8.8,8.8,0.0,1.0,8.8,,0.0,0
2026-10-08 22:29:20Z,TB,pre,0.0,PRE,0,6650,Chase McLaughlin,K,6.7,0.0,6.7,6.7,6.7,6.7,0.0,1.0,6.7,,0.0,0
2026-10-08 22:29:20Z,TB,pre,0.0,PRE,0,9506,Sean Tucker,RB,2.4,0.0,2.4,2.4,2.4,2.4,0.0,1.0,2.4,,0.0,0
2026-10-08 22:29:20Z,TB,pre,0.0,PRE,0,12514,Emeka Egbuka,WR,9.1,0.0,9.1,9.1,9.1,9.1,0.0,1.0,9.1,,0.0,0
2026-10-08 22:29:20Z,DAL,pre,0.0,PRE,0,DAL,Dallas Cowboys D/ST,DST,7.3,0.0,7.3,7.3,7.3,7.3,0.0,1.0,7.3,,0.0,0
2026-10-08 22:29:20Z,DAL,pre,0.0,PRE,0,8137,George Pickens,WR,14.8,0.0,14.8,14.8,14.8,14.8,0.0,1.0,14.8,,0.0,0
2026-10-08 22:29:20Z,TB,pre,0.0,PRE,0,TB,Tampa Bay Buccaneers D/ST,DST,3.1,0.0,3.1,3.1,3.1,3.1,0.0,1.0,3.1,,0.0,0
2026-10-08 22:29:20Z,DAL,pre,0.0,PRE,0,8917,KaVontae Turpin,WR,2.0,0.0,2.0,2.0,2.0,2.0,0.0,1.0,2.0,,0.0,0
2026-10-08 22:29:20Z,TB,pre,0.0,PRE,0,10227,Payne Durham,TE,1.1,0.0,1.1,1.1,1.1,1.1,0.0,1.0,1.1,,0.0,0
2026-10-08 22:29:20Z,DAL,pre,0.0,PRE,0,11593,Brevyn Spann-Ford,TE,0.6,0.0,0.6,0.6,0.6,0.6,0.0,1.0,0.6,,0.0,0
2026-10-08 22:29:20Z,TB,pre,0.0,PRE,0,13425,Jalon Daniels,QB,15.0,0.0,15.0,15.0,15.0,15.0,0.0,1.0,15.0,,0.0,0
2026-10-08 22:29:20Z,DAL,pre,0.0,PRE,0,11199,Emari Demercado,RB,3.7,0.0,3.7,3.7,3.7,3.7,0.0,1.0,3.7,,0.0,0
2026-10-08 22:29:20Z,DAL,pre,0.0,PRE,0,8162,Sam Howell,QB,0.9,0.0,0.9,0.9,0.9,0.9,0.0,1.0,0.9,,0.0,0
2026-10-08 22:29:20Z,DAL,pre,0.0,PRE,0,11783,Ryan Flournoy,WR,8.3,0.0,8.3,8.3,8.3,8.3,0.0,1.0,8.3,,0.0,0
2026-10-08 22:29:20Z,DAL,pre,0.0,PRE,0,10871,Luke Schoonmaker,TE,1.9,0.0,1.9,1.9,1.9,1.9,0.0,1.0,1.9,,0.0,0
2026-10-08 22:29:20Z,TB,pre,0.0,PRE,0,13317,Ted Hurst,WR,4.5,0.0,4.5,4.5,4.5,4.5,0.0,1.0,4.5,,0.0,0
2026-10-08 22:29:20Z,TB,pre,0.0,PRE,0,12485,Tez Johnson,WR,4.2,0.0,4.2,4.2,4.2,4.2,0.0,1.0,4.2,,0.0,0
2026-10-08 22:29:20Z,DAL,pre,0.0,PRE,0,7588,Javonte Williams,RB,18.2,0.0,18.2,18.2,18.2,18.2,0.0,1.0,18.2,,0.0,0
2026-10-08 22:31:20Z,DAL,pre,0.0,PRE,0,11533,Brandon Aubrey,K,9.8,0.0,9.8,9.8,9.8,9.8,0.0,1.0,9.8,,0.0,0
2026-10-08 22:31:20Z,DAL,pre,0.0,PRE,0,6786,CeeDee Lamb,WR,19.6,0.0,19.6,19.6,19.6,19.6,0.0,1.0,19.6,,0.0,0
2026-10-08 22:31:20Z,TB,pre,0.0,PRE,0,11584,Bucky Irving,RB,11.1,0.0,11.1,11.1,11.1,11.1,0.0,1.0,11.1,,0.0,0
2026-10-08 22:31:20Z,DAL,pre,0.0,PRE,0,3294,Dak Prescott,QB,22.1,0.0,22.1,22.1,22.1,22.1,0.0,1.0,22.1,,0.0,0
2026-10-08 22:31:20Z,TB,pre,0.0,PRE,0,8111,Cade Otton,TE,7.9,0.0,7.9,7.9,7.9,7.9,0.0,1.0,7.9,,0.0,0
2026-10-08 22:31:20Z,TB,pre,0.0,PRE,0,4037,Chris Godwin,WR,8.0,0.0,8.0,8.0,8.0,8.0,0.0,1.0,8.0,,0.0,0
2026-10-08 22:31:20Z,DAL,pre,0.0,PRE,0,8110,Jake Ferguson,TE,8.8,0.0,8.8,8.8,8.8,8.8,0.0,1.0,8.8,,0.0,0
2026-10-08 22:31:20Z,TB,pre,0.0,PRE,0,6650,Chase McLaughlin,K,6.7,0.0,6.7,6.7,6.7,6.7,0.0,1.0,6.7,,0.0,0
2026-10-08 22:31:20Z,TB,pre,0.0,PRE,0,9506,Sean Tucker,RB,2.4,0.0,2.4,2.4,2.4,2.4,0.0,1.0,2.4,,0.0,0
2026-10-08 22:31:20Z,TB,pre,0.0,PRE,0,12514,Emeka Egbuka,WR,9.1,0.0,9.1,9.1,9.1,9.1,0.0,1.0,9.1,,0.0,0
2026-10-08 22:31:20Z,DAL,pre,0.0,PRE,0,DAL,Dallas Cowboys D/ST,DST,7.3,0.0,7.3,7.3,7.3,7.3,0.0,1.0,7.3,,0.0,0
2026-10-08 22:31:20Z,DAL,pre,0.0,PRE,0,8137,George Pickens,WR,14.8,0.0,14.8,14.8,14.8,14.8,0.0,1.0,14.8,,0.0,0
2026-10-08 22:31:20Z,TB,pre,0.0,PRE,0,TB,Tampa Bay Buccaneers D/ST,DST,3.1,0.0,3.1,3.1,3.1,3.1,0.0,1.0,3.1,,0.0,0
2026-10-08 22:31:20Z,DAL,pre,0.0,PRE,0,8917,KaVontae Turpin,WR,2.0,0.0,2.0,2.0,2.0,2.0,0.0,1.0,2.0,,0.0,0
2026-10-08 22:31:20Z,TB,pre,0.0,PRE,0,10227,Payne Durham,TE,1.1,0.0,1.1,1.1,1.1,1.1,0.0,1.0,1.1,,0.0,0
2026-10-08 22:31:20Z,DAL,pre,0.0,PRE,0,11593,Brevyn Spann-Ford,TE,0.6,0.0,0.6,0.6,0.6,0.6,0.0,1.0,0.6,,0.0,0
2026-10-08 22:31:20Z,TB,pre,0.0,PRE,0,13425,Jalon Daniels,QB,15.0,0.0,15.0,15.0,15.0,15.0,0.0,1.0,15.0,,0.0,0
2026-10-08 22:31:20Z,DAL,pre,0.0,PRE,0,11199,Emari Demercado,RB,3.7,0.0,3.7,3.7,3.7,3.7,0.0,1.0,3.7,,0.0,0
2026-10-08 22:31:20Z,DAL,pre,0.0,PRE,0,8162,Sam Howell,QB,0.9,0.0,0.9,0.9,0.9,0.9,0.0,1.0,0.9,,0.0,0
2026-10-08 22:31:20Z,DAL,pre,0.0,PRE,0,11783,Ryan Flournoy,WR,8.3,0.0,8.3,8.3,8.3,8.3,0.0,1.0,8.3,,0.0,0
2026-10-08 22:31:20Z,DAL,pre,0.0,PRE,0,10871,Luke Schoonmaker,TE,1.9,0.0,1.9,1.9,1.9,1.9,0.0,1.0,1.9,,0.0,0
2026-10-08 22:31:20Z,TB,pre,0.0,PRE,0,13317,Ted Hurst,WR,4.5,0.0,4.5,4.5,4.5,4.5,0.0,1.0,4.5,,0.0,0
2026-10-08 22:31:20Z,TB,pre,0.0,PRE,0,12485,Tez Johnson,WR,4.2,0.0,4.2,4.2,4.2,4.2,0.0,1.0,4.2,,0.0,0
2026-10-08 22:31:20Z,DAL,pre,0.0,PRE,0,7588,Javonte Williams,RB,18.2,0.0,18.2,18.2,18.2,18.2,0.0,1.0,18.2,,0.0,0
2026-10-08 22:33:21Z,DAL,pre,0.0,PRE,0,11533,Brandon Aubrey,K,9.8,0.0,9.8,9.8,9.8,9.8,0.0,1.0,9.8,,0.0,0
2026-10-08 22:33:21Z,DAL,pre,0.0,PRE,0,6786,CeeDee Lamb,WR,19.6,0.0,19.6,19.6,19.6,19.6,0.0,1.0,19.6,,0.0,0
2026-10-08 22:33:21Z,TB,pre,0.0,PRE,0,11584,Bucky Irving,RB,11.1,0.0,11.1,11.1,11.1,11.1,0.0,1.0,11.1,,0.0,0
2026-10-08 22:33:21Z,DAL,pre,0.0,PRE,0,3294,Dak Prescott,QB,22.1,0.0,22.1,22.1,22.1,22.1,0.0,1.0,22.1,,0.0,0
2026-10-08 22:33:21Z,TB,pre,0.0,PRE,0,8111,Cade Otton,TE,7.9,0.0,7.9,7.9,7.9,7.9,0.0,1.0,7.9,,0.0,0
2026-10-08 22:33:21Z,TB,pre,0.0,PRE,0,4037,Chris Godwin,WR,8.0,0.0,8.0,8.0,8.0,8.0,0.0,1.0,8.0,,0.0,0
2026-10-08 22:33:21Z,DAL,pre,0.0,PRE,0,8110,Jake Ferguson,TE,8.8,0.0,8.8,8.8,8.8,8.8,0.0,1.0,8.8,,0.0,0
2026-10-08 22:33:21Z,TB,pre,0.0,PRE,0,6650,Chase McLaughlin,K,6.7,0.0,6.7,6.7,6.7,6.7,0.0,1.0,6.7,,0.0,0
2026-10-08 22:33:21Z,TB,pre,0.0,PRE,0,9506,Sean Tucker,RB,2.4,0.0,2.4,2.4,2.4,2.4,0.0,1.0,2.4,,0.0,0
2026-10-08 22:33:21Z,TB,pre,0.0,PRE,0,12514,Emeka Egbuka,WR,9.1,0.0,9.1,9.1,9.1,9.1,0.0,1.0,9.1,,0.0,0
2026-10-08 22:33:21Z,DAL,pre,0.0,PRE,0,DAL,Dallas Cowboys D/ST,DST,7.3,0.0,7.3,7.3,7.3,7.3,0.0,1.0,7.3,,0.0,0
2026-10-08 22:33:21Z,DAL,pre,0.0,PRE,0,8137,George Pickens,WR,14.8,0.0,14.8,14.8,14.8,14.8,0.0,1.0,14.8,,0.0,0
2026-10-08 22:33:21Z,TB,pre,0.0,PRE,0,TB,Tampa Bay Buccaneers D/ST,DST,3.1,0.0,3.1,3.1,3.1,3.1,0.0,1.0,3.1,,0.0,0
2026-10-08 22:33:21Z,DAL,pre,0.0,PRE,0,8917,KaVontae Turpin,WR,2.0,0.0,2.0,2.0,2.0,2.0,0.0,1.0,2.0,,0.0,0
2026-10-08 22:33:21Z,TB,pre,0.0,PRE,0,10227,Payne Durham,TE,1.1,0.0,1.1,1.1,1.1,1.1,0.0,1.0,1.1,,0.0,0
2026-10-08 22:33:21Z,DAL,pre,0.0,PRE,0,11593,Brevyn Spann-Ford,TE,0.6,0.0,0.6,0.6,0.6,0.6,0.0,1.0,0.6,,0.0,0
2026-10-08 22:33:21Z,TB,pre,0.0,PRE,0,13425,Jalon Daniels,QB,15.0,0.0,15.0,15.0,15.0,15.0,0.0,1.0,15.0,,0.0,0
2026-10-08 22:33:21Z,DAL,pre,0.0,PRE,0,11199,Emari Demercado,RB,3.7,0.0,3.7,3.7,3.7,3.7,0.0,1.0,3.7,,0.0,0
2026-10-08 22:33:21Z,DAL,pre,0.0,PRE,0,8162,Sam Howell,QB,0.9,0.0,0.9,0.9,0.9,0.9,0.0,1.0,0.9,,0.0,0
2026-10-08 22:33:21Z,DAL,pre,0.0,PRE,0,11783,Ryan Flournoy,WR,8.3,0.0,8.3,8.3,8.3,8.3,0.0,1.0,8.3,,0.0,0
2026-10-08 22:33:21Z,DAL,pre,0.0,PRE,0,10871,Luke Schoonmaker,TE,1.9,0.0,1.9,1.9,1.9,1.9,0.0,1.0,1.9,,0.0,0
2026-10-08 22:33:21Z,TB,pre,0.0,PRE,0,13317,Ted Hurst,WR,4.5,0.0,4.5,4.5,4.5,4.5,0.0,1.0,4.5,,0.0,0
2026-10-08 22:33:21Z,TB,pre,0.0,PRE,0,12485,Tez Johnson,WR,4.2,0.0,4.2,4.2,4.2,4.2,0.0,1.0,4.2,,0.0,0
2026-10-08 22:33:21Z,DAL,pre,0.0,PRE,0,7588,Javonte Williams,RB,18.2,0.0,18.2,18.2,18.2,18.2,0.0,1.0,18.2,,0.0,0
2026-10-08 22:35:21Z,DAL,pre,0.0,PRE,0,11533,Brandon Aubrey,K,9.8,0.0,9.8,9.8,9.8,9.8,0.0,1.0,9.8,,0.0,0
2026-10-08 22:35:21Z,DAL,pre,0.0,PRE,0,6786,CeeDee Lamb,WR,19.6,0.0,19.6,19.6,19.6,19.6,0.0,1.0,19.6,,0.0,0
2026-10-08 22:35:21Z,TB,pre,0.0,PRE,0,11584,Bucky Irving,RB,11.1,0.0,11.1,11.1,11.1,11.1,0.0,1.0,11.1,,0.0,0
2026-10-08 22:35:21Z,DAL,pre,0.0,PRE,0,3294,Dak Prescott,QB,22.1,0.0,22.1,22.1,22.1,22.1,0.0,1.0,22.1,,0.0,0
2026-10-08 22:35:21Z,TB,pre,0.0,PRE,0,8111,Cade Otton,TE,7.9,0.0,7.9,7.9,7.9,7.9,0.0,1.0,7.9,,0.0,0
2026-10-08 22:35:21Z,TB,pre,0.0,PRE,0,4037,Chris Godwin,WR,8.0,0.0,8.0,8.0,8.0,8.0,0.0,1.0,8.0,,0.0,0
2026-10-08 22:35:21Z,DAL,pre,0.0,PRE,0,8110,Jake Ferguson,TE,8.8,0.0,8.8,8.8,8.8,8.8,0.0,1.0,8.8,,0.0,0
2026-10-08 22:35:21Z,TB,pre,0.0,PRE,0,6650,Chase McLaughlin,K,6.7,0.0,6.7,6.7,6.7,6.7,0.0,1.0,6.7,,0.0,0
2026-10-08 22:35:21Z,TB,pre,0.0,PRE,0,9506,Sean Tucker,RB,2.4,0.0,2.4,2.4,2.4,2.4,0.0,1.0,2.4,,0.0,0
2026-10-08 22:35:21Z,TB,pre,0.0,PRE,0,12514,Emeka Egbuka,WR,9.1,0.0,9.1,9.1,9.1,9.1,0.0,1.0,9.1,,0.0,0
2026-10-08 22:35:21Z,DAL,pre,0.0,PRE,0,DAL,Dallas Cowboys D/ST,DST,7.3,0.0,7.3,7.3,7.3,7.3,0.0,1.0,7.3,,0.0,0
2026-10-08 22:35:21Z,DAL,pre,0.0,PRE,0,8137,George Pickens,WR,14.8,0.0,14.8,14.8,14.8,14.8,0.0,1.0,14.8,,0.0,0
2026-10-08 22:35:21Z,TB,pre,0.0,PRE,0,TB,Tampa Bay Buccaneers D/ST,DST,3.1,0.0,3.1,3.1,3.1,3.1,0.0,1.0,3.1,,0.0,0
2026-10-08 22:35:21Z,DAL,pre,0.0,PRE,0,8917,KaVontae Turpin,WR,2.0,0.0,2.0,2.0,2.0,2.0,0.0,1.0,2.0,,0.0,0
2026-10-08 22:35:21Z,TB,pre,0.0,PRE,0,10227,Payne Durham,TE,1.1,0.0,1.1,1.1,1.1,1.1,0.0,1.0,1.1,,0.0,0
2026-10-08 22:35:21Z,DAL,pre,0.0,PRE,0,11593,Brevyn Spann-Ford,TE,0.6,0.0,0.6,0.6,0.6,0.6,0.0,1.0,0.6,,0.0,0
2026-10-08 22:35:21Z,TB,pre,0.0,PRE,0,13425,Jalon Daniels,QB,15.0,0.0,15.0,15.0,15.0,15.0,0.0,1.0,15.0,,0.0,0
2026-10-08 22:35:21Z,DAL,pre,0.0,PRE,0,11199,Emari Demercado,RB,3.7,0.0,3.7,3.7,3.7,3.7,0.0,1.0,3.7,,0.0,0
2026-10-08 22:35:21Z,DAL,pre,0.0,PRE,0,8162,Sam Howell,QB,0.9,0.0,0.9,0.9,0.9,0.9,0.0,1.0,0.9,,0.0,0
2026-10-08 22:35:21Z,DAL,pre,0.0,PRE,0,11783,Ryan Flournoy,WR,8.3,0.0,8.3,8.3,8.3,8.3,0.0,1.0,8.3,,0.0,0
2026-10-08 22:35:21Z,DAL,pre,0.0,PRE,0,10871,Luke Schoonmaker,TE,1.9,0.0,1.9,1.9,1.9,1.9,0.0,1.0,1.9,,0.0,0
2026-10-08 22:35:21Z,TB,pre,0.0,PRE,0,13317,Ted Hurst,WR,4.5,0.0,4.5,4.5,4.5,4.5,0.0,1.0,4.5,,0.0,0
2026-10-08 22:35:21Z,TB,pre,0.0,PRE,0,12485,Tez Johnson,WR,4.2,0.0,4.2,4.2,4.2,4.2,0.0,1.0,4.2,,0.0,0
2026-10-08 22:35:21Z,DAL,pre,0.0,PRE,0,7588,Javonte Williams,RB,18.2,0.0,18.2,18.2,18.2,18.2,0.0,1.0,18.2,,0.0,0
2026-10-08 22:37:21Z,DAL,pre,0.0,PRE,0,11533,Brandon Aubrey,K,9.8,0.0,9.8,9.8,9.8,9.8,0.0,1.0,9.8,,0.0,0
2026-10-08 22:37:21Z,DAL,pre,0.0,PRE,0,6786,CeeDee Lamb,WR,19.6,0.0,19.6,19.6,19.6,19.6,0.0,1.0,19.6,,0.0,0
2026-10-08 22:37:21Z,TB,pre,0.0,PRE,0,11584,Bucky Irving,RB,11.1,0.0,11.1,11.1,11.1,11.1,0.0,1.0,11.1,,0.0,0
2026-10-08 22:37:21Z,DAL,pre,0.0,PRE,0,3294,Dak Prescott,QB,22.1,0.0,22.1,22.1,22.1,22.1,0.0,1.0,22.1,,0.0,0
2026-10-08 22:37:21Z,TB,pre,0.0,PRE,0,8111,Cade Otton,TE,7.9,0.0,7.9,7.9,7.9,7.9,0.0,1.0,7.9,,0.0,0
2026-10-08 22:37:21Z,TB,pre,0.0,PRE,0,4037,Chris Godwin,WR,8.0,0.0,8.0,8.0,8.0,8.0,0.0,1.0,8.0,,0.0,0
2026-10-08 22:37:21Z,DAL,pre,0.0,PRE,0,8110,Jake Ferguson,TE,8.8,0.0,8.8,8.8,8.8,8.8,0.0,1.0,8.8,,0.0,0
2026-10-08 22:37:21Z,TB,pre,0.0,PRE,0,6650,Chase McLaughlin,K,6.7,0.0,6.7,6.7,6.7,6.7,0.0,1.0,6.7,,0.0,0
2026-10-08 22:37:21Z,TB,pre,0.0,PRE,0,9506,Sean Tucker,RB,2.4,0.0,2.4,2.4,2.4,2.4,0.0,1.0,2.4,,0.0,0
2026-10-08 22:37:21Z,TB,pre,0.0,PRE,0,12514,Emeka Egbuka,WR,9.1,0.0,9.1,9.1,9.1,9.1,0.0,1.0,9.1,,0.0,0
2026-10-08 22:37:21Z,DAL,pre,0.0,PRE,0,DAL,Dallas Cowboys D/ST,DST,7.3,0.0,7.3,7.3,7.3,7.3,0.0,1.0,7.3,,0.0,0
2026-10-08 22:37:21Z,DAL,pre,0.0,PRE,0,8137,George Pickens,WR,14.8,0.0,14.8,14.8,14.8,14.8,0.0,1.0,14.8,,0.0,0
2026-10-08 22:37:21Z,TB,pre,0.0,PRE,0,TB,Tampa Bay Buccaneers D/ST,DST,3.1,0.0,3.1,3.1,3.1,3.1,0.0,1.0,3.1,,0.0,0
2026-10-08 22:37:21Z,DAL,pre,0.0,PRE,0,8917,KaVontae Turpin,WR,2.0,0.0,2.0,2.0,2.0,2.0,0.0,1.0,2.0,,0.0,0
2026-10-08 22:37:21Z,TB,pre,0.0,PRE,0,10227,Payne Durham,TE,1.1,0.0,1.1,1.1,1.1,1.1,0.0,1.0,1.1,,0.0,0
2026-10-08 22:37:21Z,DAL,pre,0.0,PRE,0,11593,Brevyn Spann-Ford,TE,0.6,0.0,0.6,0.6,0.6,0.6,0.0,1.0,0.6,,0.0,0
2026-10-08 22:37:21Z,TB,pre,0.0,PRE,0,13425,Jalon Daniels,QB,15.0,0.0,15.0,15.0,15.0,15.0,0.0,1.0,15.0,,0.0,0
2026-10-08 22:37:21Z,DAL,pre,0.0,PRE,0,11199,Emari Demercado,RB,3.7,0.0,3.7,3.7,3.7,3.7,0.0,1.0,3.7,,0.0,0
2026-10-08 22:37:21Z,DAL,pre,0.0,PRE,0,8162,Sam Howell,QB,0.9,0.0,0.9,0.9,0.9,0.9,0.0,1.0,0.9,,0.0,0
2026-10-08 22:37:21Z,DAL,pre,0.0,PRE,0,11783,Ryan Flournoy,WR,8.3,0.0,8.3,8.3,8.3,8.3,0.0,1.0,8.3,,0.0,0
2026-10-08 22:37:21Z,DAL,pre,0.0,PRE,0,10871,Luke Schoonmaker,TE,1.9,0.0,1.9,1.9,1.9,1.9,0.0,1.0,1.9,,0.0,0
2026-10-08 22:37:21Z,TB,pre,0.0,PRE,0,13317,Ted Hurst,WR,4.5,0.0,4.5,4.5,4.5,4.5,0.0,1.0,4.5,,0.0,0
2026-10-08 22:37:21Z,TB,pre,0.0,PRE,0,12485,Tez Johnson,WR,4.2,0.0,4.2,4.2,4.2,4.2,0.0,1.0,4.2,,0.0,0
2026-10-08 22:37:21Z,DAL,pre,0.0,PRE,0,7588,Javonte Williams,RB,18.2,0.0,18.2,18.2,18.2,18.2,0.0,1.0,18.2,,0.0,0
2026-10-08 22:39:22Z,DAL,pre,0.0,PRE,0,11533,Brandon Aubrey,K,9.8,0.0,9.8,9.8,9.8,9.8,0.0,1.0,9.8,,0.0,0
2026-10-08 22:39:22Z,DAL,pre,0.0,PRE,0,6786,CeeDee Lamb,WR,19.6,0.0,19.6,19.6,19.6,19.6,0.0,1.0,19.6,,0.0,0
2026-10-08 22:39:22Z,TB,pre,0.0,PRE,0,11584,Bucky Irving,RB,11.1,0.0,11.1,11.1,11.1,11.1,0.0,1.0,11.1,,0.0,0
2026-10-08 22:39:22Z,DAL,pre,0.0,PRE,0,3294,Dak Prescott,QB,22.1,0.0,22.1,22.1,22.1,22.1,0.0,1.0,22.1,,0.0,0
2026-10-08 22:39:22Z,TB,pre,0.0,PRE,0,8111,Cade Otton,TE,7.9,0.0,7.9,7.9,7.9,7.9,0.0,1.0,7.9,,0.0,0
2026-10-08 22:39:22Z,TB,pre,0.0,PRE,0,4037,Chris Godwin,WR,8.0,0.0,8.0,8.0,8.0,8.0,0.0,1.0,8.0,,0.0,0
2026-10-08 22:39:22Z,DAL,pre,0.0,PRE,0,8110,Jake Ferguson,TE,8.8,0.0,8.8,8.8,8.8,8.8,0.0,1.0,8.8,,0.0,0
2026-10-08 22:39:22Z,TB,pre,0.0,PRE,0,6650,Chase McLaughlin,K,6.7,0.0,6.7,6.7,6.7,6.7,0.0,1.0,6.7,,0.0,0
2026-10-08 22:39:22Z,TB,pre,0.0,PRE,0,9506,Sean Tucker,RB,2.4,0.0,2.4,2.4,2.4,2.4,0.0,1.0,2.4,,0.0,0
2026-10-08 22:39:22Z,TB,pre,0.0,PRE,0,12514,Emeka Egbuka,WR,9.1,0.0,9.1,9.1,9.1,9.1,0.0,1.0,9.1,,0.0,0
2026-10-08 22:39:22Z,DAL,pre,0.0,PRE,0,DAL,Dallas Cowboys D/ST,DST,7.3,0.0,7.3,7.3,7.3,7.3,0.0,1.0,7.3,,0.0,0
2026-10-08 22:39:22Z,DAL,pre,0.0,PRE,0,8137,George Pickens,WR,14.8,0.0,14.8,14.8,14.8,14.8,0.0,1.0,14.8,,0.0,0
2026-10-08 22:39:22Z,TB,pre,0.0,PRE,0,TB,Tampa Bay Buccaneers D/ST,DST,3.1,0.0,3.1,3.1,3.1,3.1,0.0,1.0,3.1,,0.0,0
2026-10-08 22:39:22Z,DAL,pre,0.0,PRE,0,8917,KaVontae Turpin,WR,2.0,0.0,2.0,2.0,2.0,2.0,0.0,1.0,2.0,,0.0,0
2026-10-08 22:39:22Z,TB,pre,0.0,PRE,0,10227,Payne Durham,TE,1.1,0.0,1.1,1.1,1.1,1.1,0.0,1.0,1.1,,0.0,0
2026-10-08 22:39:22Z,DAL,pre,0.0,PRE,0,11593,Brevyn Spann-Ford,TE,0.6,0.0,0.6,0.6,0.6,0.6,0.0,1.0,0.6,,0.0,0
2026-10-08 22:39:22Z,TB,pre,0.0,PRE,0,13425,Jalon Daniels,QB,15.0,0.0,15.0,15.0,15.0,15.0,0.0,1.0,15.0,,0.0,0
2026-10-08 22:39:22Z,DAL,pre,0.0,PRE,0,11199,Emari Demercado,RB,3.7,0.0,3.7,3.7,3.7,3.7,0.0,1.0,3.7,,0.0,0
2026-10-08 22:39:22Z,DAL,pre,0.0,PRE,0,8162,Sam Howell,QB,0.9,0.0,0.9,0.9,0.9,0.9,0.0,1.0,0.9,,0.0,0
2026-10-08 22:39:22Z,DAL,pre,0.0,PRE,0,11783,Ryan Flournoy,WR,8.3,0.0,8.3,8.3,8.3,8.3,0.0,1.0,8.3,,0.0,0
2026-10-08 22:39:22Z,DAL,pre,0.0,PRE,0,10871,Luke Schoonmaker,TE,1.9,0.0,1.9,1.9,1.9,1.9,0.0,1.0,1.9,,0.0,0
2026-10-08 22:39:22Z,TB,pre,0.0,PRE,0,13317,Ted Hurst,WR,4.5,0.0,4.5,4.5,4.5,4.5,0.0,1.0,4.5,,0.0,0
2026-10-08 22:39:22Z,TB,pre,0.0,PRE,0,12485,Tez Johnson,WR,4.2,0.0,4.2,4.2,4.2,4.2,0.0,1.0,4.2,,0.0,0
2026-10-08 22:39:22Z,DAL,pre,0.0,PRE,0,7588,Javonte Williams,RB,18.2,0.0,18.2,18.2,18.2,18.2,0.0,1.0,18.2,,0.0,0
2026-10-08 22:41:22Z,DAL,pre,0.0,PRE,0,11533,Brandon Aubrey,K,9.8,0.0,9.8,9.8,9.8,9.8,0.0,1.0,9.8,,0.0,0
2026-10-08 22:41:22Z,DAL,pre,0.0,PRE,0,6786,CeeDee Lamb,WR,19.6,0.0,19.6,19.6,19.6,19.6,0.0,1.0,19.6,,0.0,0
2026-10-08 22:41:22Z,TB,pre,0.0,PRE,0,11584,Bucky Irving,RB,11.1,0.0,11.1,11.1,11.1,11.1,0.0,1.0,11.1,,0.0,0
2026-10-08 22:41:22Z,DAL,pre,0.0,PRE,0,3294,Dak Prescott,QB,22.1,0.0,22.1,22.1,22.1,22.1,0.0,1.0,22.1,,0.0,0
2026-10-08 22:41:22Z,TB,pre,0.0,PRE,0,8111,Cade Otton,TE,7.9,0.0,7.9,7.9,7.9,7.9,0.0,1.0,7.9,,0.0,0
2026-10-08 22:41:22Z,TB,pre,0.0,PRE,0,4037,Chris Godwin,WR,8.0,0.0,8.0,8.0,8.0,8.0,0.0,1.0,8.0,,0.0,0
2026-10-08 22:41:22Z,DAL,pre,0.0,PRE,0,8110,Jake Ferguson,TE,8.8,0.0,8.8,8.8,8.8,8.8,0.0,1.0,8.8,,0.0,0
2026-10-08 22:41:22Z,TB,pre,0.0,PRE,0,6650,Chase McLaughlin,K,6.7,0.0,6.7,6.7,6.7,6.7,0.0,1.0,6.7,,0.0,0
2026-10-08 22:41:22Z,TB,pre,0.0,PRE,0,9506,Sean Tucker,RB,2.4,0.0,2.4,2.4,2.4,2.4,0.0,1.0,2.4,,0.0,0
2026-10-08 22:41:22Z,TB,pre,0.0,PRE,0,12514,Emeka Egbuka,WR,9.1,0.0,9.1,9.1,9.1,9.1,0.0,1.0,9.1,,0.0,0
2026-10-08 22:41:22Z,DAL,pre,0.0,PRE,0,DAL,Dallas Cowboys D/ST,DST,7.3,0.0,7.3,7.3,7.3,7.3,0.0,1.0,7.3,,0.0,0
2026-10-08 22:41:22Z,DAL,pre,0.0,PRE,0,8137,George Pickens,WR,14.8,0.0,14.8,14.8,14.8,14.8,0.0,1.0,14.8,,0.0,0
2026-10-08 22:41:22Z,TB,pre,0.0,PRE,0,TB,Tampa Bay Buccaneers D/ST,DST,3.1,0.0,3.1,3.1,3.1,3.1,0.0,1.0,3.1,,0.0,0
2026-10-08 22:41:22Z,DAL,pre,0.0,PRE,0,8917,KaVontae Turpin,WR,2.0,0.0,2.0,2.0,2.0,2.0,0.0,1.0,2.0,,0.0,0
2026-10-08 22:41:22Z,TB,pre,0.0,PRE,0,10227,Payne Durham,TE,1.1,0.0,1.1,1.1,1.1,1.1,0.0,1.0,1.1,,0.0,0
2026-10-08 22:41:22Z,DAL,pre,0.0,PRE,0,11593,Brevyn Spann-Ford,TE,0.6,0.0,0.6,0.6,0.6,0.6,0.0,1.0,0.6,,0.0,0
2026-10-08 22:41:22Z,TB,pre,0.0,PRE,0,13425,Jalon Daniels,QB,15.0,0.0,15.0,15.0,15.0,15.0,0.0,1.0,15.0,,0.0,0
2026-10-08 22:41:22Z,DAL,pre,0.0,PRE,0,11199,Emari Demercado,RB,3.7,0.0,3.7,3.7,3.7,3.7,0.0,1.0,3.7,,0.0,0
2026-10-08 22:41:22Z,DAL,pre,0.0,PRE,0,8162,Sam Howell,QB,0.9,0.0,0.9,0.9,0.9,0.9,0.0,1.0,0.9,,0.0,0
2026-10-08 22:41:22Z,DAL,pre,0.0,PRE,0,11783,Ryan Flournoy,WR,8.3,0.0,8.3,8.3,8.3,8.3,0.0,1.0,8.3,,0.0,0
2026-10-08 22:41:22Z,DAL,pre,0.0,PRE,0,10871,Luke Schoonmaker,TE,1.9,0.0,1.9,1.9,1.9,1.9,0.0,1.0,1.9,,0.0,0
2026-10-08 22:41:22Z,TB,pre,0.0,PRE,0,13317,Ted Hurst,WR,4.5,0.0,4.5,4.5,4.5,4.5,0.0,1.0,4.5,,0.0,0
2026-10-08 22:41:22Z,TB,pre,0.0,PRE,0,12485,Tez Johnson,WR,4.2,0.0,4.2,4.2,4.2,4.2,0.0,1.0,4.2,,0.0,0
2026-10-08 22:41:22Z,DAL,pre,0.0,PRE,0,7588,Javonte Williams,RB,18.2,0.0,18.2,18.2,18.2,18.2,0.0,1.0,18.2,,0.0,0
2026-10-08 22:43:22Z,DAL,pre,0.0,PRE,0,11533,Brandon Aubrey,K,9.8,0.0,9.8,9.8,9.8,9.8,0.0,1.0,9.8,,0.0,0
2026-10-08 22:43:22Z,DAL,pre,0.0,PRE,0,6786,CeeDee Lamb,WR,19.6,0.0,19.6,19.6,19.6,19.6,0.0,1.0,19.6,,0.0,0
2026-10-08 22:43:22Z,TB,pre,0.0,PRE,0,11584,Bucky Irving,RB,11.1,0.0,11.1,11.1,11.1,11.1,0.0,1.0,11.1,,0.0,0
2026-10-08 22:43:22Z,DAL,pre,0.0,PRE,0,3294,Dak Prescott,QB,22.1,0.0,22.1,22.1,22.1,22.1,0.0,1.0,22.1,,0.0,0
2026-10-08 22:43:22Z,TB,pre,0.0,PRE,0,8111,Cade Otton,TE,7.9,0.0,7.9,7.9,7.9,7.9,0.0,1.0,7.9,,0.0,0
2026-10-08 22:43:22Z,TB,pre,0.0,PRE,0,4037,Chris Godwin,WR,8.0,0.0,8.0,8.0,8.0,8.0,0.0,1.0,8.0,,0.0,0
2026-10-08 22:43:22Z,DAL,pre,0.0,PRE,0,8110,Jake Ferguson,TE,8.8,0.0,8.8,8.8,8.8,8.8,0.0,1.0,8.8,,0.0,0
2026-10-08 22:43:22Z,TB,pre,0.0,PRE,0,6650,Chase McLaughlin,K,6.7,0.0,6.7,6.7,6.7,6.7,0.0,1.0,6.7,,0.0,0
2026-10-08 22:43:22Z,TB,pre,0.0,PRE,0,9506,Sean Tucker,RB,2.4,0.0,2.4,2.4,2.4,2.4,0.0,1.0,2.4,,0.0,0
2026-10-08 22:43:22Z,TB,pre,0.0,PRE,0,12514,Emeka Egbuka,WR,9.1,0.0,9.1,9.1,9.1,9.1,0.0,1.0,9.1,,0.0,0
2026-10-08 22:43:22Z,DAL,pre,0.0,PRE,0,DAL,Dallas Cowboys D/ST,DST,7.3,0.0,7.3,7.3,7.3,7.3,0.0,1.0,7.3,,0.0,0
2026-10-08 22:43:22Z,DAL,pre,0.0,PRE,0,8137,George Pickens,WR,14.8,0.0,14.8,14.8,14.8,14.8,0.0,1.0,14.8,,0.0,0
2026-10-08 22:43:22Z,TB,pre,0.0,PRE,0,TB,Tampa Bay Buccaneers D/ST,DST,3.1,0.0,3.1,3.1,3.1,3.1,0.0,1.0,3.1,,0.0,0
2026-10-08 22:43:22Z,DAL,pre,0.0,PRE,0,8917,KaVontae Turpin,WR,2.0,0.0,2.0,2.0,2.0,2.0,0.0,1.0,2.0,,0.0,0
2026-10-08 22:43:22Z,TB,pre,0.0,PRE,0,10227,Payne Durham,TE,1.1,0.0,1.1,1.1,1.1,1.1,0.0,1.0,1.1,,0.0,0
2026-10-08 22:43:22Z,DAL,pre,0.0,PRE,0,11593,Brevyn Spann-Ford,TE,0.6,0.0,0.6,0.6,0.6,0.6,0.0,1.0,0.6,,0.0,0
2026-10-08 22:43:22Z,TB,pre,0.0,PRE,0,13425,Jalon Daniels,QB,15.0,0.0,15.0,15.0,15.0,15.0,0.0,1.0,15.0,,0.0,0
2026-10-08 22:43:22Z,DAL,pre,0.0,PRE,0,11199,Emari Demercado,RB,3.7,0.0,3.7,3.7,3.7,3.7,0.0,1.0,3.7,,0.0,0
2026-10-08 22:43:22Z,DAL,pre,0.0,PRE,0,8162,Sam Howell,QB,0.9,0.0,0.9,0.9,0.9,0.9,0.0,1.0,0.9,,0.0,0
2026-10-08 22:43:22Z,DAL,pre,0.0,PRE,0,11783,Ryan Flournoy,WR,8.3,0.0,8.3,8.3,8.3,8.3,0.0,1.0,8.3,,0.0,0
2026-10-08 22:43:22Z,DAL,pre,0.0,PRE,0,10871,Luke Schoonmaker,TE,1.9,0.0,1.9,1.9,1.9,1.9,0.0,1.0,1.9,,0.0,0
2026-10-08 22:43:22Z,TB,pre,0.0,PRE,0,13317,Ted Hurst,WR,4.5,0.0,4.5,4.5,4.5,4.5,0.0,1.0,4.5,,0.0,0
2026-10-08 22:43:22Z,TB,pre,0.0,PRE,0,12485,Tez Johnson,WR,4.2,0.0,4.2,4.2,4.2,4.2,0.0,1.0,4.2,,0.0,0
2026-10-08 22:43:22Z,DAL,pre,0.0,PRE,0,7588,Javonte Williams,RB,18.2,0.0,18.2,18.2,18.2,18.2,0.0,1.0,18.2,,0.0,0
2026-10-08 22:45:23Z,DAL,pre,0.0,PRE,0,11533,Brandon Aubrey,K,9.8,0.0,9.8,9.8,9.8,9.8,0.0,1.0,9.8,,0.0,0
2026-10-08 22:45:23Z,DAL,pre,0.0,PRE,0,6786,CeeDee Lamb,WR,19.6,0.0,19.6,19.6,19.6,19.6,0.0,1.0,19.6,,0.0,0
2026-10-08 22:45:23Z,TB,pre,0.0,PRE,0,11584,Bucky Irving,RB,11.1,0.0,11.1,11.1,11.1,11.1,0.0,1.0,11.1,,0.0,0
2026-10-08 22:45:23Z,DAL,pre,0.0,PRE,0,3294,Dak Prescott,QB,22.1,0.0,22.1,22.1,22.1,22.1,0.0,1.0,22.1,,0.0,0
2026-10-08 22:45:23Z,TB,pre,0.0,PRE,0,8111,Cade Otton,TE,7.9,0.0,7.9,7.9,7.9,7.9,0.0,1.0,7.9,,0.0,0
2026-10-08 22:45:23Z,TB,pre,0.0,PRE,0,4037,Chris Godwin,WR,8.0,0.0,8.0,8.0,8.0,8.0,0.0,1.0,8.0,,0.0,0
2026-10-08 22:45:23Z,DAL,pre,0.0,PRE,0,8110,Jake Ferguson,TE,8.8,0.0,8.8,8.8,8.8,8.8,0.0,1.0,8.8,,0.0,0
2026-10-08 22:45:23Z,TB,pre,0.0,PRE,0,6650,Chase McLaughlin,K,6.7,0.0,6.7,6.7,6.7,6.7,0.0,1.0,6.7,,0.0,0
2026-10-08 22:45:23Z,TB,pre,0.0,PRE,0,9506,Sean Tucker,RB,2.4,0.0,2.4,2.4,2.4,2.4,0.0,1.0,2.4,,0.0,0
2026-10-08 22:45:23Z,TB,pre,0.0,PRE,0,12514,Emeka Egbuka,WR,9.1,0.0,9.1,9.1,9.1,9.1,0.0,1.0,9.1,,0.0,0
2026-10-08 22:45:23Z,DAL,pre,0.0,PRE,0,DAL,Dallas Cowboys D/ST,DST,7.3,0.0,7.3,7.3,7.3,7.3,0.0,1.0,7.3,,0.0,0
2026-10-08 22:45:23Z,DAL,pre,0.0,PRE,0,8137,George Pickens,WR,14.8,0.0,14.8,14.8,14.8,14.8,0.0,1.0,14.8,,0.0,0
2026-10-08 22:45:23Z,TB,pre,0.0,PRE,0,TB,Tampa Bay Buccaneers D/ST,DST,3.1,0.0,3.1,3.1,3.1,3.1,0.0,1.0,3.1,,0.0,0
2026-10-08 22:45:23Z,DAL,pre,0.0,PRE,0,8917,KaVontae Turpin,WR,2.0,0.0,2.0,2.0,2.0,2.0,0.0,1.0,2.0,,0.0,0
2026-10-08 22:45:23Z,TB,pre,0.0,PRE,0,10227,Payne Durham,TE,1.1,0.0,1.1,1.1,1.1,1.1,0.0,1.0,1.1,,0.0,0
2026-10-08 22:45:23Z,DAL,pre,0.0,PRE,0,11593,Brevyn Spann-Ford,TE,0.6,0.0,0.6,0.6,0.6,0.6,0.0,1.0,0.6,,0.0,0
2026-10-08 22:45:23Z,TB,pre,0.0,PRE,0,13425,Jalon Daniels,QB,15.0,0.0,15.0,15.0,15.0,15.0,0.0,1.0,15.0,,0.0,0
2026-10-08 22:45:23Z,DAL,pre,0.0,PRE,0,11199,Emari Demercado,RB,3.7,0.0,3.7,3.7,3.7,3.7,0.0,1.0,3.7,,0.0,0
2026-10-08 22:45:23Z,DAL,pre,0.0,PRE,0,8162,Sam Howell,QB,0.9,0.0,0.9,0.9,0.9,0.9,0.0,1.0,0.9,,0.0,0
2026-10-08 22:45:23Z,DAL,pre,0.0,PRE,0,11783,Ryan Flournoy,WR,8.3,0.0,8.3,8.3,8.3,8.3,0.0,1.0,8.3,,0.0,0
2026-10-08 22:45:23Z,DAL,pre,0.0,PRE,0,10871,Luke Schoonmaker,TE,1.9,0.0,1.9,1.9,1.9,1.9,0.0,1.0,1.9,,0.0,0
2026-10-08 22:45:23Z,TB,pre,0.0,PRE,0,13317,Ted Hurst,WR,4.5,0.0,4.5,4.5,4.5,4.5,0.0,1.0,4.5,,0.0,0
2026-10-08 22:45:23Z,TB,pre,0.0,PRE,0,12485,Tez Johnson,WR,4.2,0.0,4.2,4.2,4.2,4.2,0.0,1.0,4.2,,0.0,0
2026-10-08 22:45:23Z,DAL,pre,0.0,PRE,0,7588,Javonte Williams,RB,18.2,0.0,18.2,18.2,18.2,18.2,0.0,1.0,18.2,,0.0,0
2026-10-08 22:47:23Z,DAL,pre,0.0,PRE,0,11533,Brandon Aubrey,K,9.8,0.0,9.8,9.8,9.8,9.8,0.0,1.0,9.8,,0.0,0
2026-10-08 22:47:23Z,DAL,pre,0.0,PRE,0,6786,CeeDee Lamb,WR,19.6,0.0,19.6,19.6,19.6,19.6,0.0,1.0,19.6,,0.0,0
2026-10-08 22:47:23Z,TB,pre,0.0,PRE,0,11584,Bucky Irving,RB,11.1,0.0,11.1,11.1,11.1,11.1,0.0,1.0,11.1,,0.0,0
2026-10-08 22:47:23Z,DAL,pre,0.0,PRE,0,3294,Dak Prescott,QB,22.1,0.0,22.1,22.1,22.1,22.1,0.0,1.0,22.1,,0.0,0
2026-10-08 22:47:23Z,TB,pre,0.0,PRE,0,8111,Cade Otton,TE,7.9,0.0,7.9,7.9,7.9,7.9,0.0,1.0,7.9,,0.0,0
2026-10-08 22:47:23Z,TB,pre,0.0,PRE,0,4037,Chris Godwin,WR,8.0,0.0,8.0,8.0,8.0,8.0,0.0,1.0,8.0,,0.0,0
2026-10-08 22:47:23Z,DAL,pre,0.0,PRE,0,8110,Jake Ferguson,TE,8.8,0.0,8.8,8.8,8.8,8.8,0.0,1.0,8.8,,0.0,0
2026-10-08 22:47:23Z,TB,pre,0.0,PRE,0,6650,Chase McLaughlin,K,6.7,0.0,6.7,6.7,6.7,6.7,0.0,1.0,6.7,,0.0,0
2026-10-08 22:47:23Z,TB,pre,0.0,PRE,0,9506,Sean Tucker,RB,2.4,0.0,2.4,2.4,2.4,2.4,0.0,1.0,2.4,,0.0,0
2026-10-08 22:47:23Z,TB,pre,0.0,PRE,0,12514,Emeka Egbuka,WR,9.1,0.0,9.1,9.1,9.1,9.1,0.0,1.0,9.1,,0.0,0
2026-10-08 22:47:23Z,DAL,pre,0.0,PRE,0,DAL,Dallas Cowboys D/ST,DST,7.3,0.0,7.3,7.3,7.3,7.3,0.0,1.0,7.3,,0.0,0
2026-10-08 22:47:23Z,DAL,pre,0.0,PRE,0,8137,George Pickens,WR,14.8,0.0,14.8,14.8,14.8,14.8,0.0,1.0,14.8,,0.0,0
2026-10-08 22:47:23Z,TB,pre,0.0,PRE,0,TB,Tampa Bay Buccaneers D/ST,DST,3.1,0.0,3.1,3.1,3.1,3.1,0.0,1.0,3.1,,0.0,0
2026-10-08 22:47:23Z,DAL,pre,0.0,PRE,0,8917,KaVontae Turpin,WR,2.0,0.0,2.0,2.0,2.0,2.0,0.0,1.0,2.0,,0.0,0
2026-10-08 22:47:23Z,TB,pre,0.0,PRE,0,10227,Payne Durham,TE,1.1,0.0,1.1,1.1,1.1,1.1,0.0,1.0,1.1,,0.0,0
2026-10-08 22:47:23Z,DAL,pre,0.0,PRE,0,11593,Brevyn Spann-Ford,TE,0.6,0.0,0.6,0.6,0.6,0.6,0.0,1.0,0.6,,0.0,0
2026-10-08 22:47:23Z,TB,pre,0.0,PRE,0,13425,Jalon Daniels,QB,15.0,0.0,15.0,15.0,15.0,15.0,0.0,1.0,15.0,,0.0,0
2026-10-08 22:47:23Z,DAL,pre,0.0,PRE,0,11199,Emari Demercado,RB,3.7,0.0,3.7,3.7,3.7,3.7,0.0,1.0,3.7,,0.0,0
2026-10-08 22:47:23Z,DAL,pre,0.0,PRE,0,8162,Sam Howell,QB,0.9,0.0,0.9,0.9,0.9,0.9,0.0,1.0,0.9,,0.0,0
2026-10-08 22:47:23Z,DAL,pre,0.0,PRE,0,11783,Ryan Flournoy,WR,8.3,0.0,8.3,8.3,8.3,8.3,0.0,1.0,8.3,,0.0,0
2026-10-08 22:47:23Z,DAL,pre,0.0,PRE,0,10871,Luke Schoonmaker,TE,1.9,0.0,1.9,1.9,1.9,1.9,0.0,1.0,1.9,,0.0,0
2026-10-08 22:47:23Z,TB,pre,0.0,PRE,0,13317,Ted Hurst,WR,4.5,0.0,4.5,4.5,4.5,4.5,0.0,1.0,4.5,,0.0,0
2026-10-08 22:47:23Z,TB,pre,0.0,PRE,0,12485,Tez Johnson,WR,4.2,0.0,4.2,4.2,4.2,4.2,0.0,1.0,4.2,,0.0,0
2026-10-08 22:47:23Z,DAL,pre,0.0,PRE,0,7588,Javonte Williams,RB,18.2,0.0,18.2,18.2,18.2,18.2,0.0,1.0,18.2,,0.0,0
2026-10-08 22:49:23Z,DAL,pre,0.0,PRE,0,11533,Brandon Aubrey,K,9.8,0.0,9.8,9.8,9.8,9.8,0.0,1.0,9.8,,0.0,0
2026-10-08 22:49:23Z,DAL,pre,0.0,PRE,0,6786,CeeDee Lamb,WR,19.6,0.0,19.6,19.6,19.6,19.6,0.0,1.0,19.6,,0.0,0
2026-10-08 22:49:23Z,TB,pre,0.0,PRE,0,11584,Bucky Irving,RB,11.1,0.0,11.1,11.1,11.1,11.1,0.0,1.0,11.1,,0.0,0
2026-10-08 22:49:23Z,DAL,pre,0.0,PRE,0,3294,Dak Prescott,QB,22.1,0.0,22.1,22.1,22.1,22.1,0.0,1.0,22.1,,0.0,0
2026-10-08 22:49:23Z,TB,pre,0.0,PRE,0,8111,Cade Otton,TE,7.9,0.0,7.9,7.9,7.9,7.9,0.0,1.0,7.9,,0.0,0
2026-10-08 22:49:23Z,TB,pre,0.0,PRE,0,4037,Chris Godwin,WR,8.0,0.0,8.0,8.0,8.0,8.0,0.0,1.0,8.0,,0.0,0
2026-10-08 22:49:23Z,DAL,pre,0.0,PRE,0,8110,Jake Ferguson,TE,8.8,0.0,8.8,8.8,8.8,8.8,0.0,1.0,8.8,,0.0,0
2026-10-08 22:49:23Z,TB,pre,0.0,PRE,0,6650,Chase McLaughlin,K,6.7,0.0,6.7,6.7,6.7,6.7,0.0,1.0,6.7,,0.0,0
2026-10-08 22:49:23Z,TB,pre,0.0,PRE,0,9506,Sean Tucker,RB,2.4,0.0,2.4,2.4,2.4,2.4,0.0,1.0,2.4,,0.0,0
2026-10-08 22:49:23Z,TB,pre,0.0,PRE,0,12514,Emeka Egbuka,WR,9.1,0.0,9.1,9.1,9.1,9.1,0.0,1.0,9.1,,0.0,0
2026-10-08 22:49:23Z,DAL,pre,0.0,PRE,0,DAL,Dallas Cowboys D/ST,DST,7.3,0.0,7.3,7.3,7.3,7.3,0.0,1.0,7.3,,0.0,0
2026-10-08 22:49:23Z,DAL,pre,0.0,PRE,0,8137,George Pickens,WR,14.8,0.0,14.8,14.8,14.8,14.8,0.0,1.0,14.8,,0.0,0
2026-10-08 22:49:23Z,TB,pre,0.0,PRE,0,TB,Tampa Bay Buccaneers D/ST,DST,3.1,0.0,3.1,3.1,3.1,3.1,0.0,1.0,3.1,,0.0,0
2026-10-08 22:49:23Z,DAL,pre,0.0,PRE,0,8917,KaVontae Turpin,WR,2.0,0.0,2.0,2.0,2.0,2.0,0.0,1.0,2.0,,0.0,0
2026-10-08 22:49:23Z,TB,pre,0.0,PRE,0,10227,Payne Durham,TE,1.1,0.0,1.1,1.1,1.1,1.1,0.0,1.0,1.1,,0.0,0
2026-10-08 22:49:23Z,DAL,pre,0.0,PRE,0,11593,Brevyn Spann-Ford,TE,0.6,0.0,0.6,0.6,0.6,0.6,0.0,1.0,0.6,,0.0,0
2026-10-08 22:49:23Z,TB,pre,0.0,PRE,0,13425,Jalon Daniels,QB,15.0,0.0,15.0,15.0,15.0,15.0,0.0,1.0,15.0,,0.0,0
2026-10-08 22:49:23Z,DAL,pre,0.0,PRE,0,11199,Emari Demercado,RB,3.7,0.0,3.7,3.7,3.7,3.7,0.0,1.0,3.7,,0.0,0
2026-10-08 22:49:23Z,DAL,pre,0.0,PRE,0,8162,Sam Howell,QB,0.9,0.0,0.9,0.9,0.9,0.9,0.0,1.0,0.9,,0.0,0
2026-10-08 22:49:23Z,DAL,pre,0.0,PRE,0,11783,Ryan Flournoy,WR,8.3,0.0,8.3,8.3,8.3,8.3,0.0,1.0,8.3,,0.0,0
2026-10-08 22:49:23Z,DAL,pre,0.0,PRE,0,10871,Luke Schoonmaker,TE,1.9,0.0,1.9,1.9,1.9,1.9,0.0,1.0,1.9,,0.0,0
2026-10-08 22:49:23Z,TB,pre,0.0,PRE,0,13317,Ted Hurst,WR,4.5,0.0,4.5,4.5,4.5,4.5,0.0,1.0,4.5,,0.0,0
2026-10-08 22:49:23Z,TB,pre,0.0,PRE,0,12485,Tez Johnson,WR,4.2,0.0,4.2,4.2,4.2,4.2,0.0,1.0,4.2,,0.0,0
2026-10-08 22:49:23Z,DAL,pre,0.0,PRE,0,7588,Javonte Williams,RB,18.2,0.0,18.2,18.2,18.2,18.2,0.0,1.0,18.2,,0.0,0
2026-10-08 22:51:24Z,DAL,pre,0.0,PRE,0,11533,Brandon Aubrey,K,9.8,0.0,9.8,9.8,9.8,9.8,0.0,1.0,9.8,,0.0,0
2026-10-08 22:51:24Z,DAL,pre,0.0,PRE,0,6786,CeeDee Lamb,WR,19.6,0.0,19.6,19.6,19.6,19.6,0.0,1.0,19.6,,0.0,0
2026-10-08 22:51:24Z,TB,pre,0.0,PRE,0,11584,Bucky Irving,RB,11.1,0.0,11.1,11.1,11.1,11.1,0.0,1.0,11.1,,0.0,0
2026-10-08 22:51:24Z,DAL,pre,0.0,PRE,0,3294,Dak Prescott,QB,22.1,0.0,22.1,22.1,22.1,22.1,0.0,1.0,22.1,,0.0,0
2026-10-08 22:51:24Z,TB,pre,0.0,PRE,0,8111,Cade Otton,TE,7.9,0.0,7.9,7.9,7.9,7.9,0.0,1.0,7.9,,0.0,0
2026-10-08 22:51:24Z,TB,pre,0.0,PRE,0,4037,Chris Godwin,WR,8.0,0.0,8.0,8.0,8.0,8.0,0.0,1.0,8.0,,0.0,0
2026-10-08 22:51:24Z,DAL,pre,0.0,PRE,0,8110,Jake Ferguson,TE,8.8,0.0,8.8,8.8,8.8,8.8,0.0,1.0,8.8,,0.0,0
2026-10-08 22:51:24Z,TB,pre,0.0,PRE,0,6650,Chase McLaughlin,K,6.7,0.0,6.7,6.7,6.7,6.7,0.0,1.0,6.7,,0.0,0
2026-10-08 22:51:24Z,TB,pre,0.0,PRE,0,9506,Sean Tucker,RB,2.4,0.0,2.4,2.4,2.4,2.4,0.0,1.0,2.4,,0.0,0
2026-10-08 22:51:24Z,TB,pre,0.0,PRE,0,12514,Emeka Egbuka,WR,9.1,0.0,9.1,9.1,9.1,9.1,0.0,1.0,9.1,,0.0,0
2026-10-08 22:51:24Z,DAL,pre,0.0,PRE,0,DAL,Dallas Cowboys D/ST,DST,7.3,0.0,7.3,7.3,7.3,7.3,0.0,1.0,7.3,,0.0,0
2026-10-08 22:51:24Z,DAL,pre,0.0,PRE,0,8137,George Pickens,WR,14.8,0.0,14.8,14.8,14.8,14.8,0.0,1.0,14.8,,0.0,0
2026-10-08 22:51:24Z,TB,pre,0.0,PRE,0,TB,Tampa Bay Buccaneers D/ST,DST,3.1,0.0,3.1,3.1,3.1,3.1,0.0,1.0,3.1,,0.0,0
2026-10-08 22:51:24Z,DAL,pre,0.0,PRE,0,8917,KaVontae Turpin,WR,2.0,0.0,2.0,2.0,2.0,2.0,0.0,1.0,2.0,,0.0,0
2026-10-08 22:51:24Z,TB,pre,0.0,PRE,0,10227,Payne Durham,TE,1.1,0.0,1.1,1.1,1.1,1.1,0.0,1.0,1.1,,0.0,0
2026-10-08 22:51:24Z,DAL,pre,0.0,PRE,0,11593,Brevyn Spann-Ford,TE,0.6,0.0,0.6,0.6,0.6,0.6,0.0,1.0,0.6,,0.0,0
2026-10-08 22:51:24Z,TB,pre,0.0,PRE,0,13425,Jalon Daniels,QB,15.0,0.0,15.0,15.0,15.0,15.0,0.0,1.0,15.0,,0.0,0
2026-10-08 22:51:24Z,DAL,pre,0.0,PRE,0,11199,Emari Demercado,RB,3.7,0.0,3.7,3.7,3.7,3.7,0.0,1.0,3.7,,0.0,0
2026-10-08 22:51:24Z,DAL,pre,0.0,PRE,0,8162,Sam Howell,QB,0.9,0.0,0.9,0.9,0.9,0.9,0.0,1.0,0.9,,0.0,0
2026-10-08 22:51:24Z,DAL,pre,0.0,PRE,0,11783,Ryan Flournoy,WR,8.3,0.0,8.3,8.3,8.3,8.3,0.0,1.0,8.3,,0.0,0
2026-10-08 22:51:24Z,DAL,pre,0.0,PRE,0,10871,Luke Schoonmaker,TE,1.9,0.0,1.9,1.9,1.9,1.9,0.0,1.0,1.9,,0.0,0
2026-10-08 22:51:24Z,TB,pre,0.0,PRE,0,13317,Ted Hurst,WR,4.5,0.0,4.5,4.5,4.5,4.5,0.0,1.0,4.5,,0.0,0
2026-10-08 22:51:24Z,TB,pre,0.0,PRE,0,12485,Tez Johnson,WR,4.2,0.0,4.2,4.2,4.2,4.2,0.0,1.0,4.2,,0.0,0
2026-10-08 22:51:24Z,DAL,pre,0.0,PRE,0,7588,Javonte Williams,RB,18.2,0.0,18.2,18.2,18.2,18.2,0.0,1.0,18.2,,0.0,0
2026-10-08 22:53:24Z,DAL,pre,0.0,PRE,0,11533,Brandon Aubrey,K,9.8,0.0,9.8,9.8,9.8,9.8,0.0,1.0,9.8,,0.0,0
2026-10-08 22:53:24Z,DAL,pre,0.0,PRE,0,6786,CeeDee Lamb,WR,19.6,0.0,19.6,19.6,19.6,19.6,0.0,1.0,19.6,,0.0,0
2026-10-08 22:53:24Z,TB,pre,0.0,PRE,0,11584,Bucky Irving,RB,11.1,0.0,11.1,11.1,11.1,11.1,0.0,1.0,11.1,,0.0,0
2026-10-08 22:53:24Z,DAL,pre,0.0,PRE,0,3294,Dak Prescott,QB,22.1,0.0,22.1,22.1,22.1,22.1,0.0,1.0,22.1,,0.0,0
2026-10-08 22:53:24Z,TB,pre,0.0,PRE,0,8111,Cade Otton,TE,7.9,0.0,7.9,7.9,7.9,7.9,0.0,1.0,7.9,,0.0,0
2026-10-08 22:53:24Z,TB,pre,0.0,PRE,0,4037,Chris Godwin,WR,8.0,0.0,8.0,8.0,8.0,8.0,0.0,1.0,8.0,,0.0,0
2026-10-08 22:53:24Z,DAL,pre,0.0,PRE,0,8110,Jake Ferguson,TE,8.8,0.0,8.8,8.8,8.8,8.8,0.0,1.0,8.8,,0.0,0
2026-10-08 22:53:24Z,TB,pre,0.0,PRE,0,6650,Chase McLaughlin,K,6.7,0.0,6.7,6.7,6.7,6.7,0.0,1.0,6.7,,0.0,0
2026-10-08 22:53:24Z,TB,pre,0.0,PRE,0,9506,Sean Tucker,RB,2.4,0.0,2.4,2.4,2.4,2.4,0.0,1.0,2.4,,0.0,0
2026-10-08 22:53:24Z,TB,pre,0.0,PRE,0,12514,Emeka Egbuka,WR,9.1,0.0,9.1,9.1,9.1,9.1,0.0,1.0,9.1,,0.0,0
2026-10-08 22:53:24Z,DAL,pre,0.0,PRE,0,DAL,Dallas Cowboys D/ST,DST,7.3,0.0,7.3,7.3,7.3,7.3,0.0,1.0,7.3,,0.0,0
2026-10-08 22:53:24Z,DAL,pre,0.0,PRE,0,8137,George Pickens,WR,14.8,0.0,14.8,14.8,14.8,14.8,0.0,1.0,14.8,,0.0,0
2026-10-08 22:53:24Z,TB,pre,0.0,PRE,0,TB,Tampa Bay Buccaneers D/ST,DST,3.1,0.0,3.1,3.1,3.1,3.1,0.0,1.0,3.1,,0.0,0
2026-10-08 22:53:24Z,DAL,pre,0.0,PRE,0,8917,KaVontae Turpin,WR,2.0,0.0,2.0,2.0,2.0,2.0,0.0,1.0,2.0,,0.0,0
2026-10-08 22:53:24Z,TB,pre,0.0,PRE,0,10227,Payne Durham,TE,1.1,0.0,1.1,1.1,1.1,1.1,0.0,1.0,1.1,,0.0,0
2026-10-08 22:53:24Z,DAL,pre,0.0,PRE,0,11593,Brevyn Spann-Ford,TE,0.6,0.0,0.6,0.6,0.6,0.6,0.0,1.0,0.6,,0.0,0
2026-10-08 22:53:24Z,TB,pre,0.0,PRE,0,13425,Jalon Daniels,QB,15.0,0.0,15.0,15.0,15.0,15.0,0.0,1.0,15.0,,0.0,0
2026-10-08 22:53:24Z,DAL,pre,0.0,PRE,0,11199,Emari Demercado,RB,3.7,0.0,3.7,3.7,3.7,3.7,0.0,1.0,3.7,,0.0,0
2026-10-08 22:53:24Z,DAL,pre,0.0,PRE,0,8162,Sam Howell,QB,0.9,0.0,0.9,0.9,0.9,0.9,0.0,1.0,0.9,,0.0,0
2026-10-08 22:53:24Z,DAL,pre,0.0,PRE,0,11783,Ryan Flournoy,WR,8.3,0.0,8.3,8.3,8.3,8.3,0.0,1.0,8.3,,0.0,0
2026-10-08 22:53:24Z,DAL,pre,0.0,PRE,0,10871,Luke Schoonmaker,TE,1.9,0.0,1.9,1.9,1.9,1.9,0.0,1.0,1.9,,0.0,0
2026-10-08 22:53:24Z,TB,pre,0.0,PRE,0,13317,Ted Hurst,WR,4.5,0.0,4.5,4.5,4.5,4.5,0.0,1.0,4.5,,0.0,0
2026-10-08 22:53:24Z,TB,pre,0.0,PRE,0,12485,Tez Johnson,WR,4.2,0.0,4.2,4.2,4.2,4.2,0.0,1.0,4.2,,0.0,0
2026-10-08 22:53:24Z,DAL,pre,0.0,PRE,0,7588,Javonte Williams,RB,18.2,0.0,18.2,18.2,18.2,18.2,0.0,1.0,18.2,,0.0,0
2026-10-08 22:55:24Z,DAL,pre,0.0,PRE,0,11533,Brandon Aubrey,K,9.8,0.0,9.8,9.8,9.8,9.8,0.0,1.0,9.8,,0.0,0
2026-10-08 22:55:24Z,DAL,pre,0.0,PRE,0,6786,CeeDee Lamb,WR,19.6,0.0,19.6,19.6,19.6,19.6,0.0,1.0,19.6,,0.0,0
2026-10-08 22:55:24Z,TB,pre,0.0,PRE,0,11584,Bucky Irving,RB,11.1,0.0,11.1,11.1,11.1,11.1,0.0,1.0,11.1,,0.0,0
2026-10-08 22:55:24Z,DAL,pre,0.0,PRE,0,3294,Dak Prescott,QB,22.1,0.0,22.1,22.1,22.1,22.1,0.0,1.0,22.1,,0.0,0
2026-10-08 22:55:24Z,TB,pre,0.0,PRE,0,8111,Cade Otton,TE,7.9,0.0,7.9,7.9,7.9,7.9,0.0,1.0,7.9,,0.0,0
2026-10-08 22:55:24Z,TB,pre,0.0,PRE,0,4037,Chris Godwin,WR,8.0,0.0,8.0,8.0,8.0,8.0,0.0,1.0,8.0,,0.0,0
2026-10-08 22:55:24Z,DAL,pre,0.0,PRE,0,8110,Jake Ferguson,TE,8.8,0.0,8.8,8.8,8.8,8.8,0.0,1.0,8.8,,0.0,0
2026-10-08 22:55:24Z,TB,pre,0.0,PRE,0,6650,Chase McLaughlin,K,6.7,0.0,6.7,6.7,6.7,6.7,0.0,1.0,6.7,,0.0,0
2026-10-08 22:55:24Z,TB,pre,0.0,PRE,0,9506,Sean Tucker,RB,2.4,0.0,2.4,2.4,2.4,2.4,0.0,1.0,2.4,,0.0,0
2026-10-08 22:55:24Z,TB,pre,0.0,PRE,0,12514,Emeka Egbuka,WR,9.1,0.0,9.1,9.1,9.1,9.1,0.0,1.0,9.1,,0.0,0
2026-10-08 22:55:24Z,DAL,pre,0.0,PRE,0,DAL,Dallas Cowboys D/ST,DST,7.3,0.0,7.3,7.3,7.3,7.3,0.0,1.0,7.3,,0.0,0
2026-10-08 22:55:24Z,DAL,pre,0.0,PRE,0,8137,George Pickens,WR,14.8,0.0,14.8,14.8,14.8,14.8,0.0,1.0,14.8,,0.0,0
2026-10-08 22:55:24Z,TB,pre,0.0,PRE,0,TB,Tampa Bay Buccaneers D/ST,DST,3.1,0.0,3.1,3.1,3.1,3.1,0.0,1.0,3.1,,0.0,0
2026-10-08 22:55:24Z,DAL,pre,0.0,PRE,0,8917,KaVontae Turpin,WR,2.0,0.0,2.0,2.0,2.0,2.0,0.0,1.0,2.0,,0.0,0
2026-10-08 22:55:24Z,TB,pre,0.0,PRE,0,10227,Payne Durham,TE,1.1,0.0,1.1,1.1,1.1,1.1,0.0,1.0,1.1,,0.0,0
2026-10-08 22:55:24Z,DAL,pre,0.0,PRE,0,11593,Brevyn Spann-Ford,TE,0.6,0.0,0.6,0.6,0.6,0.6,0.0,1.0,0.6,,0.0,0
2026-10-08 22:55:24Z,TB,pre,0.0,PRE,0,13425,Jalon Daniels,QB,15.0,0.0,15.0,15.0,15.0,15.0,0.0,1.0,15.0,,0.0,0
2026-10-08 22:55:24Z,DAL,pre,0.0,PRE,0,11199,Emari Demercado,RB,3.7,0.0,3.7,3.7,3.7,3.7,0.0,1.0,3.7,,0.0,0
2026-10-08 22:55:24Z,DAL,pre,0.0,PRE,0,8162,Sam Howell,QB,0.9,0.0,0.9,0.9,0.9,0.9,0.0,1.0,0.9,,0.0,0
2026-10-08 22:55:24Z,DAL,pre,0.0,PRE,0,11783,Ryan Flournoy,WR,8.3,0.0,8.3,8.3,8.3,8.3,0.0,1.0,8.3,,0.0,0
2026-10-08 22:55:24Z,DAL,pre,0.0,PRE,0,10871,Luke Schoonmaker,TE,1.9,0.0,1.9,1.9,1.9,1.9,0.0,1.0,1.9,,0.0,0
2026-10-08 22:55:24Z,TB,pre,0.0,PRE,0,13317,Ted Hurst,WR,4.5,0.0,4.5,4.5,4.5,4.5,0.0,1.0,4.5,,0.0,0
2026-10-08 22:55:24Z,TB,pre,0.0,PRE,0,12485,Tez Johnson,WR,4.2,0.0,4.2,4.2,4.2,4.2,0.0,1.0,4.2,,0.0,0
2026-10-08 22:55:24Z,DAL,pre,0.0,PRE,0,7588,Javonte Williams,RB,18.2,0.0,18.2,18.2,18.2,18.2,0.0,1.0,18.2,,0.0,0
2026-10-08 22:57:24Z,DAL,pre,0.0,PRE,0,11533,Brandon Aubrey,K,9.8,0.0,9.8,9.8,9.8,9.8,0.0,1.0,9.8,,0.0,0
2026-10-08 22:57:24Z,DAL,pre,0.0,PRE,0,6786,CeeDee Lamb,WR,19.6,0.0,19.6,19.6,19.6,19.6,0.0,1.0,19.6,,0.0,0
2026-10-08 22:57:24Z,TB,pre,0.0,PRE,0,11584,Bucky Irving,RB,11.1,0.0,11.1,11.1,11.1,11.1,0.0,1.0,11.1,,0.0,0
2026-10-08 22:57:24Z,DAL,pre,0.0,PRE,0,3294,Dak Prescott,QB,22.1,0.0,22.1,22.1,22.1,22.1,0.0,1.0,22.1,,0.0,0
2026-10-08 22:57:24Z,TB,pre,0.0,PRE,0,8111,Cade Otton,TE,7.9,0.0,7.9,7.9,7.9,7.9,0.0,1.0,7.9,,0.0,0
2026-10-08 22:57:24Z,TB,pre,0.0,PRE,0,4037,Chris Godwin,WR,8.0,0.0,8.0,8.0,8.0,8.0,0.0,1.0,8.0,,0.0,0
2026-10-08 22:57:24Z,DAL,pre,0.0,PRE,0,8110,Jake Ferguson,TE,8.8,0.0,8.8,8.8,8.8,8.8,0.0,1.0,8.8,,0.0,0
2026-10-08 22:57:24Z,TB,pre,0.0,PRE,0,6650,Chase McLaughlin,K,6.7,0.0,6.7,6.7,6.7,6.7,0.0,1.0,6.7,,0.0,0
2026-10-08 22:57:24Z,TB,pre,0.0,PRE,0,9506,Sean Tucker,RB,2.4,0.0,2.4,2.4,2.4,2.4,0.0,1.0,2.4,,0.0,0
2026-10-08 22:57:24Z,TB,pre,0.0,PRE,0,12514,Emeka Egbuka,WR,9.1,0.0,9.1,9.1,9.1,9.1,0.0,1.0,9.1,,0.0,0
2026-10-08 22:57:24Z,DAL,pre,0.0,PRE,0,DAL,Dallas Cowboys D/ST,DST,7.3,0.0,7.3,7.3,7.3,7.3,0.0,1.0,7.3,,0.0,0
2026-10-08 22:57:24Z,DAL,pre,0.0,PRE,0,8137,George Pickens,WR,14.8,0.0,14.8,14.8,14.8,14.8,0.0,1.0,14.8,,0.0,0
2026-10-08 22:57:24Z,TB,pre,0.0,PRE,0,TB,Tampa Bay Buccaneers D/ST,DST,3.1,0.0,3.1,3.1,3.1,3.1,0.0,1.0,3.1,,0.0,0
2026-10-08 22:57:24Z,DAL,pre,0.0,PRE,0,8917,KaVontae Turpin,WR,2.0,0.0,2.0,2.0,2.0,2.0,0.0,1.0,2.0,,0.0,0
2026-10-08 22:57:24Z,TB,pre,0.0,PRE,0,10227,Payne Durham,TE,1.1,0.0,1.1,1.1,1.1,1.1,0.0,1.0,1.1,,0.0,0
2026-10-08 22:57:24Z,DAL,pre,0.0,PRE,0,11593,Brevyn Spann-Ford,TE,0.6,0.0,0.6,0.6,0.6,0.6,0.0,1.0,0.6,,0.0,0
2026-10-08 22:57:24Z,TB,pre,0.0,PRE,0,13425,Jalon Daniels,QB,15.0,0.0,15.0,15.0,15.0,15.0,0.0,1.0,15.0,,0.0,0
2026-10-08 22:57:24Z,DAL,pre,0.0,PRE,0,11199,Emari Demercado,RB,3.7,0.0,3.7,3.7,3.7,3.7,0.0,1.0,3.7,,0.0,0
2026-10-08 22:57:24Z,DAL,pre,0.0,PRE,0,8162,Sam Howell,QB,0.9,0.0,0.9,0.9,0.9,0.9,0.0,1.0,0.9,,0.0,0
2026-10-08 22:57:24Z,DAL,pre,0.0,PRE,0,11783,Ryan Flournoy,WR,8.3,0.0,8.3,8.3,8.3,8.3,0.0,1.0,8.3,,0.0,0
2026-10-08 22:57:24Z,DAL,pre,0.0,PRE,0,10871,Luke Schoonmaker,TE,1.9,0.0,1.9,1.9,1.9,1.9,0.0,1.0,1.9,,0.0,0
2026-10-08 22:57:24Z,TB,pre,0.0,PRE,0,13317,Ted Hurst,WR,4.5,0.0,4.5,4.5,4.5,4.5,0.0,1.0,4.5,,0.0,0
2026-10-08 22:57:24Z,TB,pre,0.0,PRE,0,12485,Tez Johnson,WR,4.2,0.0,4.2,4.2,4.2,4.2,0.0,1.0,4.2,,0.0,0
2026-10-08 22:57:24Z,DAL,pre,0.0,PRE,0,7588,Javonte Williams,RB,18.2,0.0,18.2,18.2,18.2,18.2,0.0,1.0,18.2,,0.0,0
2026-10-08 22:59:25Z,DAL,pre,0.0,PRE,0,11533,Brandon Aubrey,K,9.8,0.0,9.8,9.8,9.8,9.8,0.0,1.0,9.8,,0.0,0
2026-10-08 22:59:25Z,DAL,pre,0.0,PRE,0,6786,CeeDee Lamb,WR,19.6,0.0,19.6,19.6,19.6,19.6,0.0,1.0,19.6,,0.0,0
2026-10-08 22:59:25Z,TB,pre,0.0,PRE,0,11584,Bucky Irving,RB,11.1,0.0,11.1,11.1,11.1,11.1,0.0,1.0,11.1,,0.0,0
2026-10-08 22:59:25Z,DAL,pre,0.0,PRE,0,3294,Dak Prescott,QB,22.1,0.0,22.1,22.1,22.1,22.1,0.0,1.0,22.1,,0.0,0
2026-10-08 22:59:25Z,TB,pre,0.0,PRE,0,8111,Cade Otton,TE,7.9,0.0,7.9,7.9,7.9,7.9,0.0,1.0,7.9,,0.0,0
2026-10-08 22:59:25Z,TB,pre,0.0,PRE,0,4037,Chris Godwin,WR,8.0,0.0,8.0,8.0,8.0,8.0,0.0,1.0,8.0,,0.0,0
2026-10-08 22:59:25Z,DAL,pre,0.0,PRE,0,8110,Jake Ferguson,TE,8.8,0.0,8.8,8.8,8.8,8.8,0.0,1.0,8.8,,0.0,0
2026-10-08 22:59:25Z,TB,pre,0.0,PRE,0,6650,Chase McLaughlin,K,6.7,0.0,6.7,6.7,6.7,6.7,0.0,1.0,6.7,,0.0,0
2026-10-08 22:59:25Z,TB,pre,0.0,PRE,0,9506,Sean Tucker,RB,2.4,0.0,2.4,2.4,2.4,2.4,0.0,1.0,2.4,,0.0,0
2026-10-08 22:59:25Z,TB,pre,0.0,PRE,0,12514,Emeka Egbuka,WR,9.1,0.0,9.1,9.1,9.1,9.1,0.0,1.0,9.1,,0.0,0
2026-10-08 22:59:25Z,DAL,pre,0.0,PRE,0,DAL,Dallas Cowboys D/ST,DST,7.3,0.0,7.3,7.3,7.3,7.3,0.0,1.0,7.3,,0.0,0
2026-10-08 22:59:25Z,DAL,pre,0.0,PRE,0,8137,George Pickens,WR,14.8,0.0,14.8,14.8,14.8,14.8,0.0,1.0,14.8,,0.0,0
2026-10-08 22:59:25Z,TB,pre,0.0,PRE,0,TB,Tampa Bay Buccaneers D/ST,DST,3.1,0.0,3.1,3.1,3.1,3.1,0.0,1.0,3.1,,0.0,0
2026-10-08 22:59:25Z,DAL,pre,0.0,PRE,0,8917,KaVontae Turpin,WR,2.0,0.0,2.0,2.0,2.0,2.0,0.0,1.0,2.0,,0.0,0
2026-10-08 22:59:25Z,TB,pre,0.0,PRE,0,10227,Payne Durham,TE,1.1,0.0,1.1,1.1,1.1,1.1,0.0,1.0,1.1,,0.0,0
2026-10-08 22:59:25Z,DAL,pre,0.0,PRE,0,11593,Brevyn Spann-Ford,TE,0.6,0.0,0.6,0.6,0.6,0.6,0.0,1.0,0.6,,0.0,0
2026-10-08 22:59:25Z,TB,pre,0.0,PRE,0,13425,Jalon Daniels,QB,15.0,0.0,15.0,15.0,15.0,15.0,0.0,1.0,15.0,,0.0,0
2026-10-08 22:59:25Z,DAL,pre,0.0,PRE,0,11199,Emari Demercado,RB,3.7,0.0,3.7,3.7,3.7,3.7,0.0,1.0,3.7,,0.0,0
2026-10-08 22:59:25Z,DAL,pre,0.0,PRE,0,8162,Sam Howell,QB,0.9,0.0,0.9,0.9,0.9,0.9,0.0,1.0,0.9,,0.0,0
2026-10-08 22:59:25Z,DAL,pre,0.0,PRE,0,11783,Ryan Flournoy,WR,8.3,0.0,8.3,8.3,8.3,8.3,0.0,1.0,8.3,,0.0,0
2026-10-08 22:59:25Z,DAL,pre,0.0,PRE,0,10871,Luke Schoonmaker,TE,1.9,0.0,1.9,1.9,1.9,1.9,0.0,1.0,1.9,,0.0,0
2026-10-08 22:59:25Z,TB,pre,0.0,PRE,0,13317,Ted Hurst,WR,4.5,0.0,4.5,4.5,4.5,4.5,0.0,1.0,4.5,,0.0,0
2026-10-08 22:59:25Z,TB,pre,0.0,PRE,0,12485,Tez Johnson,WR,4.2,0.0,4.2,4.2,4.2,4.2,0.0,1.0,4.2,,0.0,0
2026-10-08 22:59:25Z,DAL,pre,0.0,PRE,0,7588,Javonte Williams,RB,18.2,0.0,18.2,18.2,18.2,18.2,0.0,1.0,18.2,,0.0,0
2026-10-08 23:01:25Z,DAL,pre,0.0,PRE,0,11533,Brandon Aubrey,K,9.8,0.0,9.8,9.8,9.8,9.8,0.0,1.0,9.8,,0.0,0
2026-10-08 23:01:25Z,DAL,pre,0.0,PRE,0,6786,CeeDee Lamb,WR,19.6,0.0,19.6,19.6,19.6,19.6,0.0,1.0,19.6,,0.0,0
2026-10-08 23:01:25Z,TB,pre,0.0,PRE,0,11584,Bucky Irving,RB,11.1,0.0,11.1,11.1,11.1,11.1,0.0,1.0,11.1,,0.0,0
2026-10-08 23:01:25Z,DAL,pre,0.0,PRE,0,3294,Dak Prescott,QB,22.1,0.0,22.1,22.1,22.1,22.1,0.0,1.0,22.1,,0.0,0
2026-10-08 23:01:25Z,TB,pre,0.0,PRE,0,8111,Cade Otton,TE,7.9,0.0,7.9,7.9,7.9,7.9,0.0,1.0,7.9,,0.0,0
2026-10-08 23:01:25Z,TB,pre,0.0,PRE,0,4037,Chris Godwin,WR,8.0,0.0,8.0,8.0,8.0,8.0,0.0,1.0,8.0,,0.0,0
2026-10-08 23:01:25Z,DAL,pre,0.0,PRE,0,8110,Jake Ferguson,TE,8.8,0.0,8.8,8.8,8.8,8.8,0.0,1.0,8.8,,0.0,0
2026-10-08 23:01:25Z,TB,pre,0.0,PRE,0,6650,Chase McLaughlin,K,6.7,0.0,6.7,6.7,6.7,6.7,0.0,1.0,6.7,,0.0,0
2026-10-08 23:01:25Z,TB,pre,0.0,PRE,0,9506,Sean Tucker,RB,2.4,0.0,2.4,2.4,2.4,2.4,0.0,1.0,2.4,,0.0,0
2026-10-08 23:01:25Z,TB,pre,0.0,PRE,0,12514,Emeka Egbuka,WR,9.1,0.0,9.1,9.1,9.1,9.1,0.0,1.0,9.1,,0.0,0
2026-10-08 23:01:25Z,DAL,pre,0.0,PRE,0,DAL,Dallas Cowboys D/ST,DST,7.3,0.0,7.3,7.3,7.3,7.3,0.0,1.0,7.3,,0.0,0
2026-10-08 23:01:25Z,DAL,pre,0.0,PRE,0,8137,George Pickens,WR,14.8,0.0,14.8,14.8,14.8,14.8,0.0,1.0,14.8,,0.0,0
2026-10-08 23:01:25Z,TB,pre,0.0,PRE,0,TB,Tampa Bay Buccaneers D/ST,DST,3.1,0.0,3.1,3.1,3.1,3.1,0.0,1.0,3.1,,0.0,0
2026-10-08 23:01:25Z,DAL,pre,0.0,PRE,0,8917,KaVontae Turpin,WR,2.0,0.0,2.0,2.0,2.0,2.0,0.0,1.0,2.0,,0.0,0
2026-10-08 23:01:25Z,TB,pre,0.0,PRE,0,10227,Payne Durham,TE,1.1,0.0,1.1,1.1,1.1,1.1,0.0,1.0,1.1,,0.0,0
2026-10-08 23:01:25Z,DAL,pre,0.0,PRE,0,11593,Brevyn Spann-Ford,TE,0.6,0.0,0.6,0.6,0.6,0.6,0.0,1.0,0.6,,0.0,0
2026-10-08 23:01:25Z,TB,pre,0.0,PRE,0,13425,Jalon Daniels,QB,15.0,0.0,15.0,15.0,15.0,15.0,0.0,1.0,15.0,,0.0,0
2026-10-08 23:01:25Z,DAL,pre,0.0,PRE,0,11199,Emari Demercado,RB,3.7,0.0,3.7,3.7,3.7,3.7,0.0,1.0,3.7,,0.0,0
2026-10-08 23:01:25Z,DAL,pre,0.0,PRE,0,8162,Sam Howell,QB,0.9,0.0,0.9,0.9,0.9,0.9,0.0,1.0,0.9,,0.0,0
2026-10-08 23:01:25Z,DAL,pre,0.0,PRE,0,11783,Ryan Flournoy,WR,8.3,0.0,8.3,8.3,8.3,8.3,0.0,1.0,8.3,,0.0,0
2026-10-08 23:01:25Z,DAL,pre,0.0,PRE,0,10871,Luke Schoonmaker,TE,1.9,0.0,1.9,1.9,1.9,1.9,0.0,1.0,1.9,,0.0,0
2026-10-08 23:01:25Z,TB,pre,0.0,PRE,0,13317,Ted Hurst,WR,4.5,0.0,4.5,4.5,4.5,4.5,0.0,1.0,4.5,,0.0,0
2026-10-08 23:01:25Z,TB,pre,0.0,PRE,0,12485,Tez Johnson,WR,4.2,0.0,4.2,4.2,4.2,4.2,0.0,1.0,4.2,,0.0,0
2026-10-08 23:01:25Z,DAL,pre,0.0,PRE,0,7588,Javonte Williams,RB,18.2,0.0,18.2,18.2,18.2,18.2,0.0,1.0,18.2,,0.0,0
2026-10-08 23:03:25Z,DAL,pre,0.0,PRE,0,11533,Brandon Aubrey,K,9.8,0.0,9.8,9.8,9.8,9.8,0.0,1.0,9.8,,0.0,0
2026-10-08 23:03:25Z,DAL,pre,0.0,PRE,0,6786,CeeDee Lamb,WR,19.6,0.0,19.6,19.6,19.6,19.6,0.0,1.0,19.6,,0.0,0
2026-10-08 23:03:25Z,TB,pre,0.0,PRE,0,11584,Bucky Irving,RB,11.1,0.0,11.1,11.1,11.1,11.1,0.0,1.0,11.1,,0.0,0
2026-10-08 23:03:25Z,DAL,pre,0.0,PRE,0,3294,Dak Prescott,QB,22.1,0.0,22.1,22.1,22.1,22.1,0.0,1.0,22.1,,0.0,0
2026-10-08 23:03:25Z,TB,pre,0.0,PRE,0,8111,Cade Otton,TE,7.9,0.0,7.9,7.9,7.9,7.9,0.0,1.0,7.9,,0.0,0
2026-10-08 23:03:25Z,TB,pre,0.0,PRE,0,4037,Chris Godwin,WR,8.0,0.0,8.0,8.0,8.0,8.0,0.0,1.0,8.0,,0.0,0
2026-10-08 23:03:25Z,DAL,pre,0.0,PRE,0,8110,Jake Ferguson,TE,8.8,0.0,8.8,8.8,8.8,8.8,0.0,1.0,8.8,,0.0,0
2026-10-08 23:03:25Z,TB,pre,0.0,PRE,0,6650,Chase McLaughlin,K,6.7,0.0,6.7,6.7,6.7,6.7,0.0,1.0,6.7,,0.0,0
2026-10-08 23:03:25Z,TB,pre,0.0,PRE,0,9506,Sean Tucker,RB,2.4,0.0,2.4,2.4,2.4,2.4,0.0,1.0,2.4,,0.0,0
2026-10-08 23:03:25Z,TB,pre,0.0,PRE,0,12514,Emeka Egbuka,WR,9.1,0.0,9.1,9.1,9.1,9.1,0.0,1.0,9.1,,0.0,0
2026-10-08 23:03:25Z,DAL,pre,0.0,PRE,0,DAL,Dallas Cowboys D/ST,DST,7.3,0.0,7.3,7.3,7.3,7.3,0.0,1.0,7.3,,0.0,0
2026-10-08 23:03:25Z,DAL,pre,0.0,PRE,0,8137,George Pickens,WR,14.8,0.0,14.8,14.8,14.8,14.8,0.0,1.0,14.8,,0.0,0
2026-10-08 23:03:25Z,TB,pre,0.0,PRE,0,TB,Tampa Bay Buccaneers D/ST,DST,3.1,0.0,3.1,3.1,3.1,3.1,0.0,1.0,3.1,,0.0,0
2026-10-08 23:03:25Z,DAL,pre,0.0,PRE,0,8917,KaVontae Turpin,WR,2.0,0.0,2.0,2.0,2.0,2.0,0.0,1.0,2.0,,0.0,0
2026-10-08 23:03:25Z,TB,pre,0.0,PRE,0,10227,Payne Durham,TE,1.1,0.0,1.1,1.1,1.1,1.1,0.0,1.0,1.1,,0.0,0
2026-10-08 23:03:25Z,DAL,pre,0.0,PRE,0,11593,Brevyn Spann-Ford,TE,0.6,0.0,0.6,0.6,0.6,0.6,0.0,1.0,0.6,,0.0,0
2026-10-08 23:03:25Z,TB,pre,0.0,PRE,0,13425,Jalon Daniels,QB,15.0,0.0,15.0,15.0,15.0,15.0,0.0,1.0,15.0,,0.0,0
2026-10-08 23:03:25Z,DAL,pre,0.0,PRE,0,11199,Emari Demercado,RB,3.7,0.0,3.7,3.7,3.7,3.7,0.0,1.0,3.7,,0.0,0
2026-10-08 23:03:25Z,DAL,pre,0.0,PRE,0,8162,Sam Howell,QB,0.9,0.0,0.9,0.9,0.9,0.9,0.0,1.0,0.9,,0.0,0
2026-10-08 23:03:25Z,DAL,pre,0.0,PRE,0,11783,Ryan Flournoy,WR,8.3,0.0,8.3,8.3,8.3,8.3,0.0,1.0,8.3,,0.0,0
2026-10-08 23:03:25Z,DAL,pre,0.0,PRE,0,10871,Luke Schoonmaker,TE,1.9,0.0,1.9,1.9,1.9,1.9,0.0,1.0,1.9,,0.0,0
2026-10-08 23:03:25Z,TB,pre,0.0,PRE,0,13317,Ted Hurst,WR,4.5,0.0,4.5,4.5,4.5,4.5,0.0,1.0,4.5,,0.0,0
2026-10-08 23:03:25Z,TB,pre,0.0,PRE,0,12485,Tez Johnson,WR,4.2,0.0,4.2,4.2,4.2,4.2,0.0,1.0,4.2,,0.0,0
2026-10-08 23:03:25Z,DAL,pre,0.0,PRE,0,7588,Javonte Williams,RB,18.2,0.0,18.2,18.2,18.2,18.2,0.0,1.0,18.2,,0.0,0
2026-10-08 23:05:26Z,DAL,pre,0.0,PRE,0,11533,Brandon Aubrey,K,9.8,0.0,9.8,9.8,9.8,9.8,0.0,1.0,9.8,,0.0,0
2026-10-08 23:05:26Z,DAL,pre,0.0,PRE,0,6786,CeeDee Lamb,WR,19.6,0.0,19.6,19.6,19.6,19.6,0.0,1.0,19.6,,0.0,0
2026-10-08 23:05:26Z,TB,pre,0.0,PRE,0,11584,Bucky Irving,RB,11.1,0.0,11.1,11.1,11.1,11.1,0.0,1.0,11.1,,0.0,0
2026-10-08 23:05:26Z,DAL,pre,0.0,PRE,0,3294,Dak Prescott,QB,22.1,0.0,22.1,22.1,22.1,22.1,0.0,1.0,22.1,,0.0,0
2026-10-08 23:05:26Z,TB,pre,0.0,PRE,0,8111,Cade Otton,TE,7.9,0.0,7.9,7.9,7.9,7.9,0.0,1.0,7.9,,0.0,0
2026-10-08 23:05:26Z,TB,pre,0.0,PRE,0,4037,Chris Godwin,WR,8.0,0.0,8.0,8.0,8.0,8.0,0.0,1.0,8.0,,0.0,0
2026-10-08 23:05:26Z,DAL,pre,0.0,PRE,0,8110,Jake Ferguson,TE,8.8,0.0,8.8,8.8,8.8,8.8,0.0,1.0,8.8,,0.0,0
2026-10-08 23:05:26Z,TB,pre,0.0,PRE,0,6650,Chase McLaughlin,K,6.7,0.0,6.7,6.7,6.7,6.7,0.0,1.0,6.7,,0.0,0
2026-10-08 23:05:26Z,TB,pre,0.0,PRE,0,9506,Sean Tucker,RB,2.4,0.0,2.4,2.4,2.4,2.4,0.0,1.0,2.4,,0.0,0
2026-10-08 23:05:26Z,TB,pre,0.0,PRE,0,12514,Emeka Egbuka,WR,9.1,0.0,9.1,9.1,9.1,9.1,0.0,1.0,9.1,,0.0,0
2026-10-08 23:05:26Z,DAL,pre,0.0,PRE,0,DAL,Dallas Cowboys D/ST,DST,7.3,0.0,7.3,7.3,7.3,7.3,0.0,1.0,7.3,,0.0,0
2026-10-08 23:05:26Z,DAL,pre,0.0,PRE,0,8137,George Pickens,WR,14.8,0.0,14.8,14.8,14.8,14.8,0.0,1.0,14.8,,0.0,0
2026-10-08 23:05:26Z,TB,pre,0.0,PRE,0,TB,Tampa Bay Buccaneers D/ST,DST,3.1,0.0,3.1,3.1,3.1,3.1,0.0,1.0,3.1,,0.0,0
2026-10-08 23:05:26Z,DAL,pre,0.0,PRE,0,8917,KaVontae Turpin,WR,2.0,0.0,2.0,2.0,2.0,2.0,0.0,1.0,2.0,,0.0,0
2026-10-08 23:05:26Z,TB,pre,0.0,PRE,0,10227,Payne Durham,TE,1.1,0.0,1.1,1.1,1.1,1.1,0.0,1.0,1.1,,0.0,0
2026-10-08 23:05:26Z,DAL,pre,0.0,PRE,0,11593,Brevyn Spann-Ford,TE,0.6,0.0,0.6,0.6,0.6,0.6,0.0,1.0,0.6,,0.0,0
2026-10-08 23:05:26Z,TB,pre,0.0,PRE,0,13425,Jalon Daniels,QB,15.0,0.0,15.0,15.0,15.0,15.0,0.0,1.0,15.0,,0.0,0
2026-10-08 23:05:26Z,DAL,pre,0.0,PRE,0,11199,Emari Demercado,RB,3.7,0.0,3.7,3.7,3.7,3.7,0.0,1.0,3.7,,0.0,0
2026-10-08 23:05:26Z,DAL,pre,0.0,PRE,0,8162,Sam Howell,QB,0.9,0.0,0.9,0.9,0.9,0.9,0.0,1.0,0.9,,0.0,0
2026-10-08 23:05:26Z,DAL,pre,0.0,PRE,0,11783,Ryan Flournoy,WR,8.3,0.0,8.3,8.3,8.3,8.3,0.0,1.0,8.3,,0.0,0
2026-10-08 23:05:26Z,DAL,pre,0.0,PRE,0,10871,Luke Schoonmaker,TE,1.9,0.0,1.9,1.9,1.9,1.9,0.0,1.0,1.9,,0.0,0
2026-10-08 23:05:26Z,TB,pre,0.0,PRE,0,13317,Ted Hurst,WR,4.5,0.0,4.5,4.5,4.5,4.5,0.0,1.0,4.5,,0.0,0
2026-10-08 23:05:26Z,TB,pre,0.0,PRE,0,12485,Tez Johnson,WR,4.2,0.0,4.2,4.2,4.2,4.2,0.0,1.0,4.2,,0.0,0
2026-10-08 23:05:26Z,DAL,pre,0.0,PRE,0,7588,Javonte Williams,RB,18.2,0.0,18.2,18.2,18.2,18.2,0.0,1.0,18.2,,0.0,0
2026-10-08 23:07:26Z,DAL,pre,0.0,PRE,0,11533,Brandon Aubrey,K,9.8,0.0,9.8,9.8,9.8,9.8,0.0,1.0,9.8,,0.0,0
2026-10-08 23:07:26Z,DAL,pre,0.0,PRE,0,6786,CeeDee Lamb,WR,19.6,0.0,19.6,19.6,19.6,19.6,0.0,1.0,19.6,,0.0,0
2026-10-08 23:07:26Z,TB,pre,0.0,PRE,0,11584,Bucky Irving,RB,11.1,0.0,11.1,11.1,11.1,11.1,0.0,1.0,11.1,,0.0,0
2026-10-08 23:07:26Z,DAL,pre,0.0,PRE,0,3294,Dak Prescott,QB,22.1,0.0,22.1,22.1,22.1,22.1,0.0,1.0,22.1,,0.0,0
2026-10-08 23:07:26Z,TB,pre,0.0,PRE,0,8111,Cade Otton,TE,7.9,0.0,7.9,7.9,7.9,7.9,0.0,1.0,7.9,,0.0,0
2026-10-08 23:07:26Z,TB,pre,0.0,PRE,0,4037,Chris Godwin,WR,8.0,0.0,8.0,8.0,8.0,8.0,0.0,1.0,8.0,,0.0,0
2026-10-08 23:07:26Z,DAL,pre,0.0,PRE,0,8110,Jake Ferguson,TE,8.8,0.0,8.8,8.8,8.8,8.8,0.0,1.0,8.8,,0.0,0
2026-10-08 23:07:26Z,TB,pre,0.0,PRE,0,6650,Chase McLaughlin,K,6.7,0.0,6.7,6.7,6.7,6.7,0.0,1.0,6.7,,0.0,0
2026-10-08 23:07:26Z,TB,pre,0.0,PRE,0,9506,Sean Tucker,RB,2.4,0.0,2.4,2.4,2.4,2.4,0.0,1.0,2.4,,0.0,0
2026-10-08 23:07:26Z,TB,pre,0.0,PRE,0,12514,Emeka Egbuka,WR,9.1,0.0,9.1,9.1,9.1,9.1,0.0,1.0,9.1,,0.0,0
2026-10-08 23:07:26Z,DAL,pre,0.0,PRE,0,DAL,Dallas Cowboys D/ST,DST,7.3,0.0,7.3,7.3,7.3,7.3,0.0,1.0,7.3,,0.0,0
2026-10-08 23:07:26Z,DAL,pre,0.0,PRE,0,8137,George Pickens,WR,14.8,0.0,14.8,14.8,14.8,14.8,0.0,1.0,14.8,,0.0,0
2026-10-08 23:07:26Z,TB,pre,0.0,PRE,0,TB,Tampa Bay Buccaneers D/ST,DST,3.1,0.0,3.1,3.1,3.1,3.1,0.0,1.0,3.1,,0.0,0
2026-10-08 23:07:26Z,DAL,pre,0.0,PRE,0,8917,KaVontae Turpin,WR,2.0,0.0,2.0,2.0,2.0,2.0,0.0,1.0,2.0,,0.0,0
2026-10-08 23:07:26Z,TB,pre,0.0,PRE,0,10227,Payne Durham,TE,1.1,0.0,1.1,1.1,1.1,1.1,0.0,1.0,1.1,,0.0,0
2026-10-08 23:07:26Z,DAL,pre,0.0,PRE,0,11593,Brevyn Spann-Ford,TE,0.6,0.0,0.6,0.6,0.6,0.6,0.0,1.0,0.6,,0.0,0
2026-10-08 23:07:26Z,TB,pre,0.0,PRE,0,13425,Jalon Daniels,QB,15.0,0.0,15.0,15.0,15.0,15.0,0.0,1.0,15.0,,0.0,0
2026-10-08 23:07:26Z,DAL,pre,0.0,PRE,0,11199,Emari Demercado,RB,3.7,0.0,3.7,3.7,3.7,3.7,0.0,1.0,3.7,,0.0,0
2026-10-08 23:07:26Z,DAL,pre,0.0,PRE,0,8162,Sam Howell,QB,0.9,0.0,0.9,0.9,0.9,0.9,0.0,1.0,0.9,,0.0,0
2026-10-08 23:07:26Z,DAL,pre,0.0,PRE,0,11783,Ryan Flournoy,WR,8.3,0.0,8.3,8.3,8.3,8.3,0.0,1.0,8.3,,0.0,0
2026-10-08 23:07:26Z,DAL,pre,0.0,PRE,0,10871,Luke Schoonmaker,TE,1.9,0.0,1.9,1.9,1.9,1.9,0.0,1.0,1.9,,0.0,0
2026-10-08 23:07:26Z,TB,pre,0.0,PRE,0,13317,Ted Hurst,WR,4.5,0.0,4.5,4.5,4.5,4.5,0.0,1.0,4.5,,0.0,0
2026-10-08 23:07:26Z,TB,pre,0.0,PRE,0,12485,Tez Johnson,WR,4.2,0.0,4.2,4.2,4.2,4.2,0.0,1.0,4.2,,0.0,0
2026-10-08 23:07:26Z,DAL,pre,0.0,PRE,0,7588,Javonte Williams,RB,18.2,0.0,18.2,18.2,18.2,18.2,0.0,1.0,18.2,,0.0,0
2026-10-08 23:09:26Z,DAL,pre,0.0,PRE,0,11533,Brandon Aubrey,K,9.8,0.0,9.8,9.8,9.8,9.8,0.0,1.0,9.8,,0.0,0
2026-10-08 23:09:26Z,DAL,pre,0.0,PRE,0,6786,CeeDee Lamb,WR,19.6,0.0,19.6,19.6,19.6,19.6,0.0,1.0,19.6,,0.0,0
2026-10-08 23:09:26Z,TB,pre,0.0,PRE,0,11584,Bucky Irving,RB,11.1,0.0,11.1,11.1,11.1,11.1,0.0,1.0,11.1,,0.0,0
2026-10-08 23:09:26Z,DAL,pre,0.0,PRE,0,3294,Dak Prescott,QB,22.1,0.0,22.1,22.1,22.1,22.1,0.0,1.0,22.1,,0.0,0
2026-10-08 23:09:26Z,TB,pre,0.0,PRE,0,8111,Cade Otton,TE,7.9,0.0,7.9,7.9,7.9,7.9,0.0,1.0,7.9,,0.0,0
2026-10-08 23:09:26Z,TB,pre,0.0,PRE,0,4037,Chris Godwin,WR,8.0,0.0,8.0,8.0,8.0,8.0,0.0,1.0,8.0,,0.0,0
2026-10-08 23:09:26Z,DAL,pre,0.0,PRE,0,8110,Jake Ferguson,TE,8.8,0.0,8.8,8.8,8.8,8.8,0.0,1.0,8.8,,0.0,0
2026-10-08 23:09:26Z,TB,pre,0.0,PRE,0,6650,Chase McLaughlin,K,6.7,0.0,6.7,6.7,6.7,6.7,0.0,1.0,6.7,,0.0,0
2026-10-08 23:09:26Z,TB,pre,0.0,PRE,0,9506,Sean Tucker,RB,2.4,0.0,2.4,2.4,2.4,2.4,0.0,1.0,2.4,,0.0,0
2026-10-08 23:09:26Z,TB,pre,0.0,PRE,0,12514,Emeka Egbuka,WR,9.1,0.0,9.1,9.1,9.1,9.1,0.0,1.0,9.1,,0.0,0
2026-10-08 23:09:26Z,DAL,pre,0.0,PRE,0,DAL,Dallas Cowboys D/ST,DST,7.3,0.0,7.3,7.3,7.3,7.3,0.0,1.0,7.3,,0.0,0
2026-10-08 23:09:26Z,DAL,pre,0.0,PRE,0,8137,George Pickens,WR,14.8,0.0,14.8,14.8,14.8,14.8,0.0,1.0,14.8,,0.0,0
2026-10-08 23:09:26Z,TB,pre,0.0,PRE,0,TB,Tampa Bay Buccaneers D/ST,DST,3.1,0.0,3.1,3.1,3.1,3.1,0.0,1.0,3.1,,0.0,0
2026-10-08 23:09:26Z,DAL,pre,0.0,PRE,0,8917,KaVontae Turpin,WR,2.0,0.0,2.0,2.0,2.0,2.0,0.0,1.0,2.0,,0.0,0
2026-10-08 23:09:26Z,TB,pre,0.0,PRE,0,10227,Payne Durham,TE,1.1,0.0,1.1,1.1,1.1,1.1,0.0,1.0,1.1,,0.0,0
2026-10-08 23:09:26Z,DAL,pre,0.0,PRE,0,11593,Brevyn Spann-Ford,TE,0.6,0.0,0.6,0.6,0.6,0.6,0.0,1.0,0.6,,0.0,0
2026-10-08 23:09:26Z,TB,pre,0.0,PRE,0,13425,Jalon Daniels,QB,15.0,0.0,15.0,15.0,15.0,15.0,0.0,1.0,15.0,,0.0,0
2026-10-08 23:09:26Z,DAL,pre,0.0,PRE,0,11199,Emari Demercado,RB,3.7,0.0,3.7,3.7,3.7,3.7,0.0,1.0,3.7,,0.0,0
2026-10-08 23:09:26Z,DAL,pre,0.0,PRE,0,8162,Sam Howell,QB,0.9,0.0,0.9,0.9,0.9,0.9,0.0,1.0,0.9,,0.0,0
2026-10-08 23:09:26Z,DAL,pre,0.0,PRE,0,11783,Ryan Flournoy,WR,8.3,0.0,8.3,8.3,8.3,8.3,0.0,1.0,8.3,,0.0,0
2026-10-08 23:09:26Z,DAL,pre,0.0,PRE,0,10871,Luke Schoonmaker,TE,1.9,0.0,1.9,1.9,1.9,1.9,0.0,1.0,1.9,,0.0,0
2026-10-08 23:09:26Z,TB,pre,0.0,PRE,0,13317,Ted Hurst,WR,4.5,0.0,4.5,4.5,4.5,4.5,0.0,1.0,4.5,,0.0,0
2026-10-08 23:09:26Z,TB,pre,0.0,PRE,0,12485,Tez Johnson,WR,4.2,0.0,4.2,4.2,4.2,4.2,0.0,1.0,4.2,,0.0,0
2026-10-08 23:09:26Z,DAL,pre,0.0,PRE,0,7588,Javonte Williams,RB,18.2,0.0,18.2,18.2,18.2,18.2,0.0,1.0,18.2,,0.0,0
2026-10-08 23:11:27Z,DAL,pre,0.0,PRE,0,11533,Brandon Aubrey,K,9.8,0.0,9.8,9.8,9.8,9.8,0.0,1.0,9.8,,0.0,0
2026-10-08 23:11:27Z,DAL,pre,0.0,PRE,0,6786,CeeDee Lamb,WR,19.6,0.0,19.6,19.6,19.6,19.6,0.0,1.0,19.6,,0.0,0
2026-10-08 23:11:27Z,TB,pre,0.0,PRE,0,11584,Bucky Irving,RB,11.1,0.0,11.1,11.1,11.1,11.1,0.0,1.0,11.1,,0.0,0
2026-10-08 23:11:27Z,DAL,pre,0.0,PRE,0,3294,Dak Prescott,QB,22.1,0.0,22.1,22.1,22.1,22.1,0.0,1.0,22.1,,0.0,0
2026-10-08 23:11:27Z,TB,pre,0.0,PRE,0,8111,Cade Otton,TE,7.9,0.0,7.9,7.9,7.9,7.9,0.0,1.0,7.9,,0.0,0
2026-10-08 23:11:27Z,TB,pre,0.0,PRE,0,4037,Chris Godwin,WR,8.0,0.0,8.0,8.0,8.0,8.0,0.0,1.0,8.0,,0.0,0
2026-10-08 23:11:27Z,DAL,pre,0.0,PRE,0,8110,Jake Ferguson,TE,8.8,0.0,8.8,8.8,8.8,8.8,0.0,1.0,8.8,,0.0,0
2026-10-08 23:11:27Z,TB,pre,0.0,PRE,0,6650,Chase McLaughlin,K,6.7,0.0,6.7,6.7,6.7,6.7,0.0,1.0,6.7,,0.0,0
2026-10-08 23:11:27Z,TB,pre,0.0,PRE,0,9506,Sean Tucker,RB,2.4,0.0,2.4,2.4,2.4,2.4,0.0,1.0,2.4,,0.0,0
2026-10-08 23:11:27Z,TB,pre,0.0,PRE,0,12514,Emeka Egbuka,WR,9.1,0.0,9.1,9.1,9.1,9.1,0.0,1.0,9.1,,0.0,0
2026-10-08 23:11:27Z,DAL,pre,0.0,PRE,0,DAL,Dallas Cowboys D/ST,DST,7.3,0.0,7.3,7.3,7.3,7.3,0.0,1.0,7.3,,0.0,0
2026-10-08 23:11:27Z,DAL,pre,0.0,PRE,0,8137,George Pickens,WR,14.8,0.0,14.8,14.8,14.8,14.8,0.0,1.0,14.8,,0.0,0
2026-10-08 23:11:27Z,TB,pre,0.0,PRE,0,TB,Tampa Bay Buccaneers D/ST,DST,3.1,0.0,3.1,3.1,3.1,3.1,0.0,1.0,3.1,,0.0,0
2026-10-08 23:11:27Z,DAL,pre,0.0,PRE,0,8917,KaVontae Turpin,WR,2.0,0.0,2.0,2.0,2.0,2.0,0.0,1.0,2.0,,0.0,0
2026-10-08 23:11:27Z,TB,pre,0.0,PRE,0,10227,Payne Durham,TE,1.1,0.0,1.1,1.1,1.1,1.1,0.0,1.0,1.1,,0.0,0
2026-10-08 23:11:27Z,DAL,pre,0.0,PRE,0,11593,Brevyn Spann-Ford,TE,0.6,0.0,0.6,0.6,0.6,0.6,0.0,1.0,0.6,,0.0,0
2026-10-08 23:11:27Z,TB,pre,0.0,PRE,0,13425,Jalon Daniels,QB,15.0,0.0,15.0,15.0,15.0,15.0,0.0,1.0,15.0,,0.0,0
2026-10-08 23:11:27Z,DAL,pre,0.0,PRE,0,11199,Emari Demercado,RB,3.7,0.0,3.7,3.7,3.7,3.7,0.0,1.0,3.7,,0.0,0
2026-10-08 23:11:27Z,DAL,pre,0.0,PRE,0,8162,Sam Howell,QB,0.9,0.0,0.9,0.9,0.9,0.9,0.0,1.0,0.9,,0.0,0
2026-10-08 23:11:27Z,DAL,pre,0.0,PRE,0,11783,Ryan Flournoy,WR,8.3,0.0,8.3,8.3,8.3,8.3,0.0,1.0,8.3,,0.0,0
2026-10-08 23:11:27Z,DAL,pre,0.0,PRE,0,10871,Luke Schoonmaker,TE,1.9,0.0,1.9,1.9,1.9,1.9,0.0,1.0,1.9,,0.0,0
2026-10-08 23:11:27Z,TB,pre,0.0,PRE,0,13317,Ted Hurst,WR,4.5,0.0,4.5,4.5,4.5,4.5,0.0,1.0,4.5,,0.0,0
2026-10-08 23:11:27Z,TB,pre,0.0,PRE,0,12485,Tez Johnson,WR,4.2,0.0,4.2,4.2,4.2,4.2,0.0,1.0,4.2,,0.0,0
2026-10-08 23:11:27Z,DAL,pre,0.0,PRE,0,7588,Javonte Williams,RB,18.2,0.0,18.2,18.2,18.2,18.2,0.0,1.0,18.2,,0.0,0
2026-10-08 23:13:27Z,DAL,pre,0.0,PRE,0,11533,Brandon Aubrey,K,9.8,0.0,9.8,9.8,9.8,9.8,0.0,1.0,9.8,,0.0,0
2026-10-08 23:13:27Z,DAL,pre,0.0,PRE,0,6786,CeeDee Lamb,WR,19.6,0.0,19.6,19.6,19.6,19.6,0.0,1.0,19.6,,0.0,0
2026-10-08 23:13:27Z,TB,pre,0.0,PRE,0,11584,Bucky Irving,RB,11.1,0.0,11.1,11.1,11.1,11.1,0.0,1.0,11.1,,0.0,0
2026-10-08 23:13:27Z,DAL,pre,0.0,PRE,0,3294,Dak Prescott,QB,22.1,0.0,22.1,22.1,22.1,22.1,0.0,1.0,22.1,,0.0,0
2026-10-08 23:13:27Z,TB,pre,0.0,PRE,0,8111,Cade Otton,TE,7.9,0.0,7.9,7.9,7.9,7.9,0.0,1.0,7.9,,0.0,0
2026-10-08 23:13:27Z,TB,pre,0.0,PRE,0,4037,Chris Godwin,WR,8.0,0.0,8.0,8.0,8.0,8.0,0.0,1.0,8.0,,0.0,0
2026-10-08 23:13:27Z,DAL,pre,0.0,PRE,0,8110,Jake Ferguson,TE,8.8,0.0,8.8,8.8,8.8,8.8,0.0,1.0,8.8,,0.0,0
2026-10-08 23:13:27Z,TB,pre,0.0,PRE,0,6650,Chase McLaughlin,K,6.7,0.0,6.7,6.7,6.7,6.7,0.0,1.0,6.7,,0.0,0
2026-10-08 23:13:27Z,TB,pre,0.0,PRE,0,9506,Sean Tucker,RB,2.4,0.0,2.4,2.4,2.4,2.4,0.0,1.0,2.4,,0.0,0
2026-10-08 23:13:27Z,TB,pre,0.0,PRE,0,12514,Emeka Egbuka,WR,9.1,0.0,9.1,9.1,9.1,9.1,0.0,1.0,9.1,,0.0,0
2026-10-08 23:13:27Z,DAL,pre,0.0,PRE,0,DAL,Dallas Cowboys D/ST,DST,7.3,0.0,7.3,7.3,7.3,7.3,0.0,1.0,7.3,,0.0,0
2026-10-08 23:13:27Z,DAL,pre,0.0,PRE,0,8137,George Pickens,WR,14.8,0.0,14.8,14.8,14.8,14.8,0.0,1.0,14.8,,0.0,0
2026-10-08 23:13:27Z,TB,pre,0.0,PRE,0,TB,Tampa Bay Buccaneers D/ST,DST,3.1,0.0,3.1,3.1,3.1,3.1,0.0,1.0,3.1,,0.0,0
2026-10-08 23:13:27Z,DAL,pre,0.0,PRE,0,8917,KaVontae Turpin,WR,2.0,0.0,2.0,2.0,2.0,2.0,0.0,1.0,2.0,,0.0,0
2026-10-08 23:13:27Z,TB,pre,0.0,PRE,0,10227,Payne Durham,TE,1.1,0.0,1.1,1.1,1.1,1.1,0.0,1.0,1.1,,0.0,0
2026-10-08 23:13:27Z,DAL,pre,0.0,PRE,0,11593,Brevyn Spann-Ford,TE,0.6,0.0,0.6,0.6,0.6,0.6,0.0,1.0,0.6,,0.0,0
2026-10-08 23:13:27Z,TB,pre,0.0,PRE,0,13425,Jalon Daniels,QB,15.0,0.0,15.0,15.0,15.0,15.0,0.0,1.0,15.0,,0.0,0
2026-10-08 23:13:27Z,DAL,pre,0.0,PRE,0,11199,Emari Demercado,RB,3.7,0.0,3.7,3.7,3.7,3.7,0.0,1.0,3.7,,0.0,0
2026-10-08 23:13:27Z,DAL,pre,0.0,PRE,0,8162,Sam Howell,QB,0.9,0.0,0.9,0.9,0.9,0.9,0.0,1.0,0.9,,0.0,0
2026-10-08 23:13:27Z,DAL,pre,0.0,PRE,0,11783,Ryan Flournoy,WR,8.3,0.0,8.3,8.3,8.3,8.3,0.0,1.0,8.3,,0.0,0
2026-10-08 23:13:27Z,DAL,pre,0.0,PRE,0,10871,Luke Schoonmaker,TE,1.9,0.0,1.9,1.9,1.9,1.9,0.0,1.0,1.9,,0.0,0
2026-10-08 23:13:27Z,TB,pre,0.0,PRE,0,13317,Ted Hurst,WR,4.5,0.0,4.5,4.5,4.5,4.5,0.0,1.0,4.5,,0.0,0
2026-10-08 23:13:27Z,TB,pre,0.0,PRE,0,12485,Tez Johnson,WR,4.2,0.0,4.2,4.2,4.2,4.2,0.0,1.0,4.2,,0.0,0
2026-10-08 23:13:27Z,DAL,pre,0.0,PRE,0,7588,Javonte Williams,RB,18.2,0.0,18.2,18.2,18.2,18.2,0.0,1.0,18.2,,0.0,0
2026-10-08 23:15:27Z,DAL,pre,0.0,PRE,0,11533,Brandon Aubrey,K,9.8,0.0,9.8,9.8,9.8,9.8,0.0,1.0,9.8,,0.0,0
2026-10-08 23:15:27Z,DAL,pre,0.0,PRE,0,6786,CeeDee Lamb,WR,19.6,0.0,19.6,19.6,19.6,19.6,0.0,1.0,19.6,,0.0,0
2026-10-08 23:15:27Z,TB,pre,0.0,PRE,0,11584,Bucky Irving,RB,11.1,0.0,11.1,11.1,11.1,11.1,0.0,1.0,11.1,,0.0,0
2026-10-08 23:15:27Z,DAL,pre,0.0,PRE,0,3294,Dak Prescott,QB,22.1,0.0,22.1,22.1,22.1,22.1,0.0,1.0,22.1,,0.0,0
2026-10-08 23:15:27Z,TB,pre,0.0,PRE,0,8111,Cade Otton,TE,7.9,0.0,7.9,7.9,7.9,7.9,0.0,1.0,7.9,,0.0,0
2026-10-08 23:15:27Z,TB,pre,0.0,PRE,0,4037,Chris Godwin,WR,8.0,0.0,8.0,8.0,8.0,8.0,0.0,1.0,8.0,,0.0,0
2026-10-08 23:15:27Z,DAL,pre,0.0,PRE,0,8110,Jake Ferguson,TE,8.8,0.0,8.8,8.8,8.8,8.8,0.0,1.0,8.8,,0.0,0
2026-10-08 23:15:27Z,TB,pre,0.0,PRE,0,6650,Chase McLaughlin,K,6.7,0.0,6.7,6.7,6.7,6.7,0.0,1.0,6.7,,0.0,0
2026-10-08 23:15:27Z,TB,pre,0.0,PRE,0,9506,Sean Tucker,RB,2.4,0.0,2.4,2.4,2.4,2.4,0.0,1.0,2.4,,0.0,0
2026-10-08 23:15:27Z,TB,pre,0.0,PRE,0,12514,Emeka Egbuka,WR,9.1,0.0,9.1,9.1,9.1,9.1,0.0,1.0,9.1,,0.0,0
2026-10-08 23:15:27Z,DAL,pre,0.0,PRE,0,DAL,Dallas Cowboys D/ST,DST,7.3,0.0,7.3,7.3,7.3,7.3,0.0,1.0,7.3,,0.0,0
2026-10-08 23:15:27Z,DAL,pre,0.0,PRE,0,8137,George Pickens,WR,14.8,0.0,14.8,14.8,14.8,14.8,0.0,1.0,14.8,,0.0,0
2026-10-08 23:15:27Z,TB,pre,0.0,PRE,0,TB,Tampa Bay Buccaneers D/ST,DST,3.1,0.0,3.1,3.1,3.1,3.1,0.0,1.0,3.1,,0.0,0
2026-10-08 23:15:27Z,DAL,pre,0.0,PRE,0,8917,KaVontae Turpin,WR,2.0,0.0,2.0,2.0,2.0,2.0,0.0,1.0,2.0,,0.0,0
2026-10-08 23:15:27Z,TB,pre,0.0,PRE,0,10227,Payne Durham,TE,1.1,0.0,1.1,1.1,1.1,1.1,0.0,1.0,1.1,,0.0,0
2026-10-08 23:15:27Z,DAL,pre,0.0,PRE,0,11593,Brevyn Spann-Ford,TE,0.6,0.0,0.6,0.6,0.6,0.6,0.0,1.0,0.6,,0.0,0
2026-10-08 23:15:27Z,TB,pre,0.0,PRE,0,13425,Jalon Daniels,QB,15.0,0.0,15.0,15.0,15.0,15.0,0.0,1.0,15.0,,0.0,0
2026-10-08 23:15:27Z,DAL,pre,0.0,PRE,0,11199,Emari Demercado,RB,3.7,0.0,3.7,3.7,3.7,3.7,0.0,1.0,3.7,,0.0,0
2026-10-08 23:15:27Z,DAL,pre,0.0,PRE,0,8162,Sam Howell,QB,0.9,0.0,0.9,0.9,0.9,0.9,0.0,1.0,0.9,,0.0,0
2026-10-08 23:15:27Z,DAL,pre,0.0,PRE,0,11783,Ryan Flournoy,WR,8.3,0.0,8.3,8.3,8.3,8.3,0.0,1.0,8.3,,0.0,0
2026-10-08 23:15:27Z,DAL,pre,0.0,PRE,0,10871,Luke Schoonmaker,TE,1.9,0.0,1.9,1.9,1.9,1.9,0.0,1.0,1.9,,0.0,0
2026-10-08 23:15:27Z,TB,pre,0.0,PRE,0,13317,Ted Hurst,WR,4.5,0.0,4.5,4.5,4.5,4.5,0.0,1.0,4.5,,0.0,0
2026-10-08 23:15:27Z,TB,pre,0.0,PRE,0,12485,Tez Johnson,WR,4.2,0.0,4.2,4.2,4.2,4.2,0.0,1.0,4.2,,0.0,0
2026-10-08 23:15:27Z,DAL,pre,0.0,PRE,0,7588,Javonte Williams,RB,18.2,0.0,18.2,18.2,18.2,18.2,0.0,1.0,18.2,,0.0,0
2026-10-08 23:17:28Z,DAL,pre,0.0,PRE,0,11533,Brandon Aubrey,K,9.8,0.0,9.8,9.8,9.8,9.8,0.0,1.0,9.8,,0.0,0
2026-10-08 23:17:28Z,DAL,pre,0.0,PRE,0,6786,CeeDee Lamb,WR,19.6,0.0,19.6,19.6,19.6,19.6,0.0,1.0,19.6,,0.0,0
2026-10-08 23:17:28Z,TB,pre,0.0,PRE,0,11584,Bucky Irving,RB,11.1,0.0,11.1,11.1,11.1,11.1,0.0,1.0,11.1,,0.0,0
2026-10-08 23:17:28Z,DAL,pre,0.0,PRE,0,3294,Dak Prescott,QB,22.1,0.0,22.1,22.1,22.1,22.1,0.0,1.0,22.1,,0.0,0
2026-10-08 23:17:28Z,TB,pre,0.0,PRE,0,8111,Cade Otton,TE,7.9,0.0,7.9,7.9,7.9,7.9,0.0,1.0,7.9,,0.0,0
2026-10-08 23:17:28Z,TB,pre,0.0,PRE,0,4037,Chris Godwin,WR,8.0,0.0,8.0,8.0,8.0,8.0,0.0,1.0,8.0,,0.0,0
2026-10-08 23:17:28Z,DAL,pre,0.0,PRE,0,8110,Jake Ferguson,TE,8.8,0.0,8.8,8.8,8.8,8.8,0.0,1.0,8.8,,0.0,0
2026-10-08 23:17:28Z,TB,pre,0.0,PRE,0,6650,Chase McLaughlin,K,6.7,0.0,6.7,6.7,6.7,6.7,0.0,1.0,6.7,,0.0,0
2026-10-08 23:17:28Z,TB,pre,0.0,PRE,0,9506,Sean Tucker,RB,2.4,0.0,2.4,2.4,2.4,2.4,0.0,1.0,2.4,,0.0,0
2026-10-08 23:17:28Z,TB,pre,0.0,PRE,0,12514,Emeka Egbuka,WR,9.1,0.0,9.1,9.1,9.1,9.1,0.0,1.0,9.1,,0.0,0
2026-10-08 23:17:28Z,DAL,pre,0.0,PRE,0,DAL,Dallas Cowboys D/ST,DST,7.3,0.0,7.3,7.3,7.3,7.3,0.0,1.0,7.3,,0.0,0
2026-10-08 23:17:28Z,DAL,pre,0.0,PRE,0,8137,George Pickens,WR,14.8,0.0,14.8,14.8,14.8,14.8,0.0,1.0,14.8,,0.0,0
2026-10-08 23:17:28Z,TB,pre,0.0,PRE,0,TB,Tampa Bay Buccaneers D/ST,DST,3.1,0.0,3.1,3.1,3.1,3.1,0.0,1.0,3.1,,0.0,0
2026-10-08 23:17:28Z,DAL,pre,0.0,PRE,0,8917,KaVontae Turpin,WR,2.0,0.0,2.0,2.0,2.0,2.0,0.0,1.0,2.0,,0.0,0
2026-10-08 23:17:28Z,TB,pre,0.0,PRE,0,10227,Payne Durham,TE,1.1,0.0,1.1,1.1,1.1,1.1,0.0,1.0,1.1,,0.0,0
2026-10-08 23:17:28Z,DAL,pre,0.0,PRE,0,11593,Brevyn Spann-Ford,TE,0.6,0.0,0.6,0.6,0.6,0.6,0.0,1.0,0.6,,0.0,0
2026-10-08 23:17:28Z,TB,pre,0.0,PRE,0,13425,Jalon Daniels,QB,15.0,0.0,15.0,15.0,15.0,15.0,0.0,1.0,15.0,,0.0,0
2026-10-08 23:17:28Z,DAL,pre,0.0,PRE,0,11199,Emari Demercado,RB,3.7,0.0,3.7,3.7,3.7,3.7,0.0,1.0,3.7,,0.0,0
2026-10-08 23:17:28Z,DAL,pre,0.0,PRE,0,8162,Sam Howell,QB,0.9,0.0,0.9,0.9,0.9,0.9,0.0,1.0,0.9,,0.0,0
2026-10-08 23:17:28Z,DAL,pre,0.0,PRE,0,11783,Ryan Flournoy,WR,8.3,0.0,8.3,8.3,8.3,8.3,0.0,1.0,8.3,,0.0,0
2026-10-08 23:17:28Z,DAL,pre,0.0,PRE,0,10871,Luke Schoonmaker,TE,1.9,0.0,1.9,1.9,1.9,1.9,0.0,1.0,1.9,,0.0,0
2026-10-08 23:17:28Z,TB,pre,0.0,PRE,0,13317,Ted Hurst,WR,4.5,0.0,4.5,4.5,4.5,4.5,0.0,1.0,4.5,,0.0,0
2026-10-08 23:17:28Z,TB,pre,0.0,PRE,0,12485,Tez Johnson,WR,4.2,0.0,4.2,4.2,4.2,4.2,0.0,1.0,4.2,,0.0,0
2026-10-08 23:17:28Z,DAL,pre,0.0,PRE,0,7588,Javonte Williams,RB,18.2,0.0,18.2,18.2,18.2,18.2,0.0,1.0,18.2,,0.0,0
2026-10-08 23:19:28Z,DAL,pre,0.0,PRE,0,11533,Brandon Aubrey,K,9.8,0.0,9.8,9.8,9.8,9.8,0.0,1.0,9.8,,0.0,0
2026-10-08 23:19:28Z,DAL,pre,0.0,PRE,0,6786,CeeDee Lamb,WR,19.6,0.0,19.6,19.6,19.6,19.6,0.0,1.0,19.6,,0.0,0
2026-10-08 23:19:28Z,TB,pre,0.0,PRE,0,11584,Bucky Irving,RB,11.1,0.0,11.1,11.1,11.1,11.1,0.0,1.0,11.1,,0.0,0
2026-10-08 23:19:28Z,DAL,pre,0.0,PRE,0,3294,Dak Prescott,QB,22.1,0.0,22.1,22.1,22.1,22.1,0.0,1.0,22.1,,0.0,0
2026-10-08 23:19:28Z,TB,pre,0.0,PRE,0,8111,Cade Otton,TE,7.9,0.0,7.9,7.9,7.9,7.9,0.0,1.0,7.9,,0.0,0
2026-10-08 23:19:28Z,TB,pre,0.0,PRE,0,4037,Chris Godwin,WR,8.0,0.0,8.0,8.0,8.0,8.0,0.0,1.0,8.0,,0.0,0
2026-10-08 23:19:28Z,DAL,pre,0.0,PRE,0,8110,Jake Ferguson,TE,8.8,0.0,8.8,8.8,8.8,8.8,0.0,1.0,8.8,,0.0,0
2026-10-08 23:19:28Z,TB,pre,0.0,PRE,0,6650,Chase McLaughlin,K,6.7,0.0,6.7,6.7,6.7,6.7,0.0,1.0,6.7,,0.0,0
2026-10-08 23:19:28Z,TB,pre,0.0,PRE,0,9506,Sean Tucker,RB,2.4,0.0,2.4,2.4,2.4,2.4,0.0,1.0,2.4,,0.0,0
2026-10-08 23:19:28Z,TB,pre,0.0,PRE,0,12514,Emeka Egbuka,WR,9.1,0.0,9.1,9.1,9.1,9.1,0.0,1.0,9.1,,0.0,0
2026-10-08 23:19:28Z,DAL,pre,0.0,PRE,0,DAL,Dallas Cowboys D/ST,DST,7.3,0.0,7.3,7.3,7.3,7.3,0.0,1.0,7.3,,0.0,0
2026-10-08 23:19:28Z,DAL,pre,0.0,PRE,0,8137,George Pickens,WR,14.8,0.0,14.8,14.8,14.8,14.8,0.0,1.0,14.8,,0.0,0
2026-10-08 23:19:28Z,TB,pre,0.0,PRE,0,TB,Tampa Bay Buccaneers D/ST,DST,3.1,0.0,3.1,3.1,3.1,3.1,0.0,1.0,3.1,,0.0,0
2026-10-08 23:19:28Z,DAL,pre,0.0,PRE,0,8917,KaVontae Turpin,WR,2.0,0.0,2.0,2.0,2.0,2.0,0.0,1.0,2.0,,0.0,0
2026-10-08 23:19:28Z,TB,pre,0.0,PRE,0,10227,Payne Durham,TE,1.1,0.0,1.1,1.1,1.1,1.1,0.0,1.0,1.1,,0.0,0
2026-10-08 23:19:28Z,DAL,pre,0.0,PRE,0,11593,Brevyn Spann-Ford,TE,0.6,0.0,0.6,0.6,0.6,0.6,0.0,1.0,0.6,,0.0,0
2026-10-08 23:19:28Z,TB,pre,0.0,PRE,0,13425,Jalon Daniels,QB,15.0,0.0,15.0,15.0,15.0,15.0,0.0,1.0,15.0,,0.0,0
2026-10-08 23:19:28Z,DAL,pre,0.0,PRE,0,11199,Emari Demercado,RB,3.7,0.0,3.7,3.7,3.7,3.7,0.0,1.0,3.7,,0.0,0
2026-10-08 23:19:28Z,DAL,pre,0.0,PRE,0,8162,Sam Howell,QB,0.9,0.0,0.9,0.9,0.9,0.9,0.0,1.0,0.9,,0.0,0
2026-10-08 23:19:28Z,DAL,pre,0.0,PRE,0,11783,Ryan Flournoy,WR,8.3,0.0,8.3,8.3,8.3,8.3,0.0,1.0,8.3,,0.0,0
2026-10-08 23:19:28Z,DAL,pre,0.0,PRE,0,10871,Luke Schoonmaker,TE,1.9,0.0,1.9,1.9,1.9,1.9,0.0,1.0,1.9,,0.0,0
2026-10-08 23:19:28Z,TB,pre,0.0,PRE,0,13317,Ted Hurst,WR,4.5,0.0,4.5,4.5,4.5,4.5,0.0,1.0,4.5,,0.0,0
2026-10-08 23:19:28Z,TB,pre,0.0,PRE,0,12485,Tez Johnson,WR,4.2,0.0,4.2,4.2,4.2,4.2,0.0,1.0,4.2,,0.0,0
2026-10-08 23:19:28Z,DAL,pre,0.0,PRE,0,7588,Javonte Williams,RB,18.2,0.0,18.2,18.2,18.2,18.2,0.0,1.0,18.2,,0.0,0
2026-10-08 23:21:28Z,DAL,pre,0.0,PRE,0,11533,Brandon Aubrey,K,9.8,0.0,9.8,9.8,9.8,9.8,0.0,1.0,9.8,,0.0,0
2026-10-08 23:21:28Z,DAL,pre,0.0,PRE,0,6786,CeeDee Lamb,WR,19.6,0.0,19.6,19.6,19.6,19.6,0.0,1.0,19.6,,0.0,0
2026-10-08 23:21:28Z,TB,pre,0.0,PRE,0,11584,Bucky Irving,RB,11.1,0.0,11.1,11.1,11.1,11.1,0.0,1.0,11.1,,0.0,0
2026-10-08 23:21:28Z,DAL,pre,0.0,PRE,0,3294,Dak Prescott,QB,22.1,0.0,22.1,22.1,22.1,22.1,0.0,1.0,22.1,,0.0,0
2026-10-08 23:21:28Z,TB,pre,0.0,PRE,0,8111,Cade Otton,TE,7.9,0.0,7.9,7.9,7.9,7.9,0.0,1.0,7.9,,0.0,0
2026-10-08 23:21:28Z,TB,pre,0.0,PRE,0,4037,Chris Godwin,WR,8.0,0.0,8.0,8.0,8.0,8.0,0.0,1.0,8.0,,0.0,0
2026-10-08 23:21:28Z,DAL,pre,0.0,PRE,0,8110,Jake Ferguson,TE,8.8,0.0,8.8,8.8,8.8,8.8,0.0,1.0,8.8,,0.0,0
2026-10-08 23:21:28Z,TB,pre,0.0,PRE,0,6650,Chase McLaughlin,K,6.7,0.0,6.7,6.7,6.7,6.7,0.0,1.0,6.7,,0.0,0
2026-10-08 23:21:28Z,TB,pre,0.0,PRE,0,9506,Sean Tucker,RB,2.4,0.0,2.4,2.4,2.4,2.4,0.0,1.0,2.4,,0.0,0
2026-10-08 23:21:28Z,TB,pre,0.0,PRE,0,12514,Emeka Egbuka,WR,9.1,0.0,9.1,9.1,9.1,9.1,0.0,1.0,9.1,,0.0,0
2026-10-08 23:21:28Z,DAL,pre,0.0,PRE,0,DAL,Dallas Cowboys D/ST,DST,7.3,0.0,7.3,7.3,7.3,7.3,0.0,1.0,7.3,,0.0,0
2026-10-08 23:21:28Z,DAL,pre,0.0,PRE,0,8137,George Pickens,WR,14.8,0.0,14.8,14.8,14.8,14.8,0.0,1.0,14.8,,0.0,0
2026-10-08 23:21:28Z,TB,pre,0.0,PRE,0,TB,Tampa Bay Buccaneers D/ST,DST,3.1,0.0,3.1,3.1,3.1,3.1,0.0,1.0,3.1,,0.0,0
2026-10-08 23:21:28Z,DAL,pre,0.0,PRE,0,8917,KaVontae Turpin,WR,2.0,0.0,2.0,2.0,2.0,2.0,0.0,1.0,2.0,,0.0,0
2026-10-08 23:21:28Z,TB,pre,0.0,PRE,0,10227,Payne Durham,TE,1.1,0.0,1.1,1.1,1.1,1.1,0.0,1.0,1.1,,0.0,0
2026-10-08 23:21:28Z,DAL,pre,0.0,PRE,0,11593,Brevyn Spann-Ford,TE,0.6,0.0,0.6,0.6,0.6,0.6,0.0,1.0,0.6,,0.0,0
2026-10-08 23:21:28Z,TB,pre,0.0,PRE,0,13425,Jalon Daniels,QB,15.0,0.0,15.0,15.0,15.0,15.0,0.0,1.0,15.0,,0.0,0
2026-10-08 23:21:28Z,DAL,pre,0.0,PRE,0,11199,Emari Demercado,RB,3.7,0.0,3.7,3.7,3.7,3.7,0.0,1.0,3.7,,0.0,0
2026-10-08 23:21:28Z,DAL,pre,0.0,PRE,0,8162,Sam Howell,QB,0.9,0.0,0.9,0.9,0.9,0.9,0.0,1.0,0.9,,0.0,0
2026-10-08 23:21:28Z,DAL,pre,0.0,PRE,0,11783,Ryan Flournoy,WR,8.3,0.0,8.3,8.3,8.3,8.3,0.0,1.0,8.3,,0.0,0
2026-10-08 23:21:28Z,DAL,pre,0.0,PRE,0,10871,Luke Schoonmaker,TE,1.9,0.0,1.9,1.9,1.9,1.9,0.0,1.0,1.9,,0.0,0
2026-10-08 23:21:28Z,TB,pre,0.0,PRE,0,13317,Ted Hurst,WR,4.5,0.0,4.5,4.5,4.5,4.5,0.0,1.0,4.5,,0.0,0
2026-10-08 23:21:28Z,TB,pre,0.0,PRE,0,12485,Tez Johnson,WR,4.2,0.0,4.2,4.2,4.2,4.2,0.0,1.0,4.2,,0.0,0
2026-10-08 23:21:28Z,DAL,pre,0.0,PRE,0,7588,Javonte Williams,RB,18.2,0.0,18.2,18.2,18.2,18.2,0.0,1.0,18.2,,0.0,0
2026-10-08 23:23:29Z,DAL,pre,0.0,PRE,0,11533,Brandon Aubrey,K,9.8,0.0,9.8,9.8,9.8,9.8,0.0,1.0,9.8,,0.0,0
2026-10-08 23:23:29Z,DAL,pre,0.0,PRE,0,6786,CeeDee Lamb,WR,19.6,0.0,19.6,19.6,19.6,19.6,0.0,1.0,19.6,,0.0,0
2026-10-08 23:23:29Z,TB,pre,0.0,PRE,0,11584,Bucky Irving,RB,11.1,0.0,11.1,11.1,11.1,11.1,0.0,1.0,11.1,,0.0,0
2026-10-08 23:23:29Z,DAL,pre,0.0,PRE,0,3294,Dak Prescott,QB,22.1,0.0,22.1,22.1,22.1,22.1,0.0,1.0,22.1,,0.0,0
2026-10-08 23:23:29Z,TB,pre,0.0,PRE,0,8111,Cade Otton,TE,7.9,0.0,7.9,7.9,7.9,7.9,0.0,1.0,7.9,,0.0,0
2026-10-08 23:23:29Z,TB,pre,0.0,PRE,0,4037,Chris Godwin,WR,8.0,0.0,8.0,8.0,8.0,8.0,0.0,1.0,8.0,,0.0,0
2026-10-08 23:23:29Z,DAL,pre,0.0,PRE,0,8110,Jake Ferguson,TE,8.8,0.0,8.8,8.8,8.8,8.8,0.0,1.0,8.8,,0.0,0
2026-10-08 23:23:29Z,TB,pre,0.0,PRE,0,6650,Chase McLaughlin,K,6.7,0.0,6.7,6.7,6.7,6.7,0.0,1.0,6.7,,0.0,0
2026-10-08 23:23:29Z,TB,pre,0.0,PRE,0,9506,Sean Tucker,RB,2.4,0.0,2.4,2.4,2.4,2.4,0.0,1.0,2.4,,0.0,0
2026-10-08 23:23:29Z,TB,pre,0.0,PRE,0,12514,Emeka Egbuka,WR,9.1,0.0,9.1,9.1,9.1,9.1,0.0,1.0,9.1,,0.0,0
2026-10-08 23:23:29Z,DAL,pre,0.0,PRE,0,DAL,Dallas Cowboys D/ST,DST,7.3,0.0,7.3,7.3,7.3,7.3,0.0,1.0,7.3,,0.0,0
2026-10-08 23:23:29Z,DAL,pre,0.0,PRE,0,8137,George Pickens,WR,14.8,0.0,14.8,14.8,14.8,14.8,0.0,1.0,14.8,,0.0,0
2026-10-08 23:23:29Z,TB,pre,0.0,PRE,0,TB,Tampa Bay Buccaneers D/ST,DST,3.1,0.0,3.1,3.1,3.1,3.1,0.0,1.0,3.1,,0.0,0
2026-10-08 23:23:29Z,DAL,pre,0.0,PRE,0,8917,KaVontae Turpin,WR,2.0,0.0,2.0,2.0,2.0,2.0,0.0,1.0,2.0,,0.0,0
2026-10-08 23:23:29Z,TB,pre,0.0,PRE,0,10227,Payne Durham,TE,1.1,0.0,1.1,1.1,1.1,1.1,0.0,1.0,1.1,,0.0,0
2026-10-08 23:23:29Z,DAL,pre,0.0,PRE,0,11593,Brevyn Spann-Ford,TE,0.6,0.0,0.6,0.6,0.6,0.6,0.0,1.0,0.6,,0.0,0
2026-10-08 23:23:29Z,TB,pre,0.0,PRE,0,13425,Jalon Daniels,QB,15.0,0.0,15.0,15.0,15.0,15.0,0.0,1.0,15.0,,0.0,0
2026-10-08 23:23:29Z,DAL,pre,0.0,PRE,0,11199,Emari Demercado,RB,3.7,0.0,3.7,3.7,3.7,3.7,0.0,1.0,3.7,,0.0,0
2026-10-08 23:23:29Z,DAL,pre,0.0,PRE,0,8162,Sam Howell,QB,0.9,0.0,0.9,0.9,0.9,0.9,0.0,1.0,0.9,,0.0,0
2026-10-08 23:23:29Z,DAL,pre,0.0,PRE,0,11783,Ryan Flournoy,WR,8.3,0.0,8.3,8.3,8.3,8.3,0.0,1.0,8.3,,0.0,0
2026-10-08 23:23:29Z,DAL,pre,0.0,PRE,0,10871,Luke Schoonmaker,TE,1.9,0.0,1.9,1.9,1.9,1.9,0.0,1.0,1.9,,0.0,0
2026-10-08 23:23:29Z,TB,pre,0.0,PRE,0,13317,Ted Hurst,WR,4.5,0.0,4.5,4.5,4.5,4.5,0.0,1.0,4.5,,0.0,0
2026-10-08 23:23:29Z,TB,pre,0.0,PRE,0,12485,Tez Johnson,WR,4.2,0.0,4.2,4.2,4.2,4.2,0.0,1.0,4.2,,0.0,0
2026-10-08 23:23:29Z,DAL,pre,0.0,PRE,0,7588,Javonte Williams,RB,18.2,0.0,18.2,18.2,18.2,18.2,0.0,1.0,18.2,,0.0,0
2026-10-08 23:25:29Z,DAL,pre,0.0,PRE,0,11533,Brandon Aubrey,K,9.8,0.0,9.8,9.8,9.8,9.8,0.0,1.0,9.8,,0.0,0
2026-10-08 23:25:29Z,DAL,pre,0.0,PRE,0,6786,CeeDee Lamb,WR,19.6,0.0,19.6,19.6,19.6,19.6,0.0,1.0,19.6,,0.0,0
2026-10-08 23:25:29Z,TB,pre,0.0,PRE,0,11584,Bucky Irving,RB,11.1,0.0,11.1,11.1,11.1,11.1,0.0,1.0,11.1,,0.0,0
2026-10-08 23:25:29Z,DAL,pre,0.0,PRE,0,3294,Dak Prescott,QB,22.1,0.0,22.1,22.1,22.1,22.1,0.0,1.0,22.1,,0.0,0
2026-10-08 23:25:29Z,TB,pre,0.0,PRE,0,8111,Cade Otton,TE,7.9,0.0,7.9,7.9,7.9,7.9,0.0,1.0,7.9,,0.0,0
2026-10-08 23:25:29Z,TB,pre,0.0,PRE,0,4037,Chris Godwin,WR,8.0,0.0,8.0,8.0,8.0,8.0,0.0,1.0,8.0,,0.0,0
2026-10-08 23:25:29Z,DAL,pre,0.0,PRE,0,8110,Jake Ferguson,TE,8.8,0.0,8.8,8.8,8.8,8.8,0.0,1.0,8.8,,0.0,0
2026-10-08 23:25:29Z,TB,pre,0.0,PRE,0,6650,Chase McLaughlin,K,6.7,0.0,6.7,6.7,6.7,6.7,0.0,1.0,6.7,,0.0,0
2026-10-08 23:25:29Z,TB,pre,0.0,PRE,0,9506,Sean Tucker,RB,2.4,0.0,2.4,2.4,2.4,2.4,0.0,1.0,2.4,,0.0,0
2026-10-08 23:25:29Z,TB,pre,0.0,PRE,0,12514,Emeka Egbuka,WR,9.1,0.0,9.1,9.1,9.1,9.1,0.0,1.0,9.1,,0.0,0
2026-10-08 23:25:29Z,DAL,pre,0.0,PRE,0,DAL,Dallas Cowboys D/ST,DST,7.3,0.0,7.3,7.3,7.3,7.3,0.0,1.0,7.3,,0.0,0
2026-10-08 23:25:29Z,DAL,pre,0.0,PRE,0,8137,George Pickens,WR,14.8,0.0,14.8,14.8,14.8,14.8,0.0,1.0,14.8,,0.0,0
2026-10-08 23:25:29Z,TB,pre,0.0,PRE,0,TB,Tampa Bay Buccaneers D/ST,DST,3.1,0.0,3.1,3.1,3.1,3.1,0.0,1.0,3.1,,0.0,0
2026-10-08 23:25:29Z,DAL,pre,0.0,PRE,0,8917,KaVontae Turpin,WR,2.0,0.0,2.0,2.0,2.0,2.0,0.0,1.0,2.0,,0.0,0
2026-10-08 23:25:29Z,TB,pre,0.0,PRE,0,10227,Payne Durham,TE,1.1,0.0,1.1,1.1,1.1,1.1,0.0,1.0,1.1,,0.0,0
2026-10-08 23:25:29Z,DAL,pre,0.0,PRE,0,11593,Brevyn Spann-Ford,TE,0.6,0.0,0.6,0.6,0.6,0.6,0.0,1.0,0.6,,0.0,0
2026-10-08 23:25:29Z,TB,pre,0.0,PRE,0,13425,Jalon Daniels,QB,15.0,0.0,15.0,15.0,15.0,15.0,0.0,1.0,15.0,,0.0,0
2026-10-08 23:25:29Z,DAL,pre,0.0,PRE,0,11199,Emari Demercado,RB,3.7,0.0,3.7,3.7,3.7,3.7,0.0,1.0,3.7,,0.0,0
2026-10-08 23:25:29Z,DAL,pre,0.0,PRE,0,8162,Sam Howell,QB,0.9,0.0,0.9,0.9,0.9,0.9,0.0,1.0,0.9,,0.0,0
2026-10-08 23:25:29Z,DAL,pre,0.0,PRE,0,11783,Ryan Flournoy,WR,8.3,0.0,8.3,8.3,8.3,8.3,0.0,1.0,8.3,,0.0,0
2026-10-08 23:25:29Z,DAL,pre,0.0,PRE,0,10871,Luke Schoonmaker,TE,1.9,0.0,1.9,1.9,1.9,1.9,0.0,1.0,1.9,,0.0,0
2026-10-08 23:25:29Z,TB,pre,0.0,PRE,0,13317,Ted Hurst,WR,4.5,0.0,4.5,4.5,4.5,4.5,0.0,1.0,4.5,,0.0,0
2026-10-08 23:25:29Z,TB,pre,0.0,PRE,0,12485,Tez Johnson,WR,4.2,0.0,4.2,4.2,4.2,4.2,0.0,1.0,4.2,,0.0,0
2026-10-08 23:25:29Z,DAL,pre,0.0,PRE,0,7588,Javonte Williams,RB,18.2,0.0,18.2,18.2,18.2,18.2,0.0,1.0,18.2,,0.0,0
2026-10-08 23:27:29Z,DAL,pre,0.0,PRE,0,11533,Brandon Aubrey,K,9.8,0.0,9.8,9.8,9.8,9.8,0.0,1.0,9.8,,0.0,0
2026-10-08 23:27:29Z,DAL,pre,0.0,PRE,0,6786,CeeDee Lamb,WR,19.6,0.0,19.6,19.6,19.6,19.6,0.0,1.0,19.6,,0.0,0
2026-10-08 23:27:29Z,TB,pre,0.0,PRE,0,11584,Bucky Irving,RB,11.1,0.0,11.1,11.1,11.1,11.1,0.0,1.0,11.1,,0.0,0
2026-10-08 23:27:29Z,DAL,pre,0.0,PRE,0,3294,Dak Prescott,QB,22.1,0.0,22.1,22.1,22.1,22.1,0.0,1.0,22.1,,0.0,0
2026-10-08 23:27:29Z,TB,pre,0.0,PRE,0,8111,Cade Otton,TE,7.9,0.0,7.9,7.9,7.9,7.9,0.0,1.0,7.9,,0.0,0
2026-10-08 23:27:29Z,TB,pre,0.0,PRE,0,4037,Chris Godwin,WR,8.0,0.0,8.0,8.0,8.0,8.0,0.0,1.0,8.0,,0.0,0
2026-10-08 23:27:29Z,DAL,pre,0.0,PRE,0,8110,Jake Ferguson,TE,8.8,0.0,8.8,8.8,8.8,8.8,0.0,1.0,8.8,,0.0,0
2026-10-08 23:27:29Z,TB,pre,0.0,PRE,0,6650,Chase McLaughlin,K,6.7,0.0,6.7,6.7,6.7,6.7,0.0,1.0,6.7,,0.0,0
2026-10-08 23:27:29Z,TB,pre,0.0,PRE,0,9506,Sean Tucker,RB,2.4,0.0,2.4,2.4,2.4,2.4,0.0,1.0,2.4,,0.0,0
2026-10-08 23:27:29Z,TB,pre,0.0,PRE,0,12514,Emeka Egbuka,WR,9.1,0.0,9.1,9.1,9.1,9.1,0.0,1.0,9.1,,0.0,0
2026-10-08 23:27:29Z,DAL,pre,0.0,PRE,0,DAL,Dallas Cowboys D/ST,DST,7.3,0.0,7.3,7.3,7.3,7.3,0.0,1.0,7.3,,0.0,0
2026-10-08 23:27:29Z,DAL,pre,0.0,PRE,0,8137,George Pickens,WR,14.8,0.0,14.8,14.8,14.8,14.8,0.0,1.0,14.8,,0.0,0
2026-10-08 23:27:29Z,TB,pre,0.0,PRE,0,TB,Tampa Bay Buccaneers D/ST,DST,3.1,0.0,3.1,3.1,3.1,3.1,0.0,1.0,3.1,,0.0,0
2026-10-08 23:27:29Z,DAL,pre,0.0,PRE,0,8917,KaVontae Turpin,WR,2.0,0.0,2.0,2.0,2.0,2.0,0.0,1.0,2.0,,0.0,0
2026-10-08 23:27:29Z,TB,pre,0.0,PRE,0,10227,Payne Durham,TE,1.1,0.0,1.1,1.1,1.1,1.1,0.0,1.0,1.1,,0.0,0
2026-10-08 23:27:29Z,DAL,pre,0.0,PRE,0,11593,Brevyn Spann-Ford,TE,0.6,0.0,0.6,0.6,0.6,0.6,0.0,1.0,0.6,,0.0,0
2026-10-08 23:27:29Z,TB,pre,0.0,PRE,0,13425,Jalon Daniels,QB,15.0,0.0,15.0,15.0,15.0,15.0,0.0,1.0,15.0,,0.0,0
2026-10-08 23:27:29Z,DAL,pre,0.0,PRE,0,11199,Emari Demercado,RB,3.7,0.0,3.7,3.7,3.7,3.7,0.0,1.0,3.7,,0.0,0
2026-10-08 23:27:29Z,DAL,pre,0.0,PRE,0,8162,Sam Howell,QB,0.9,0.0,0.9,0.9,0.9,0.9,0.0,1.0,0.9,,0.0,0
2026-10-08 23:27:29Z,DAL,pre,0.0,PRE,0,11783,Ryan Flournoy,WR,8.3,0.0,8.3,8.3,8.3,8.3,0.0,1.0,8.3,,0.0,0
2026-10-08 23:27:29Z,DAL,pre,0.0,PRE,0,10871,Luke Schoonmaker,TE,1.9,0.0,1.9,1.9,1.9,1.9,0.0,1.0,1.9,,0.0,0
2026-10-08 23:27:29Z,TB,pre,0.0,PRE,0,13317,Ted Hurst,WR,4.5,0.0,4.5,4.5,4.5,4.5,0.0,1.0,4.5,,0.0,0
2026-10-08 23:27:29Z,TB,pre,0.0,PRE,0,12485,Tez Johnson,WR,4.2,0.0,4.2,4.2,4.2,4.2,0.0,1.0,4.2,,0.0,0
2026-10-08 23:27:29Z,DAL,pre,0.0,PRE,0,7588,Javonte Williams,RB,18.2,0.0,18.2,18.2,18.2,18.2,0.0,1.0,18.2,,0.0,0
2026-10-08 23:29:30Z,DAL,pre,0.0,PRE,0,11533,Brandon Aubrey,K,9.8,0.0,9.8,9.8,9.8,9.8,0.0,1.0,9.8,,0.0,0
2026-10-08 23:29:30Z,DAL,pre,0.0,PRE,0,6786,CeeDee Lamb,WR,19.6,0.0,19.6,19.6,19.6,19.6,0.0,1.0,19.6,,0.0,0
2026-10-08 23:29:30Z,TB,pre,0.0,PRE,0,11584,Bucky Irving,RB,11.1,0.0,11.1,11.1,11.1,11.1,0.0,1.0,11.1,,0.0,0
2026-10-08 23:29:30Z,DAL,pre,0.0,PRE,0,3294,Dak Prescott,QB,22.1,0.0,22.1,22.1,22.1,22.1,0.0,1.0,22.1,,0.0,0
2026-10-08 23:29:30Z,TB,pre,0.0,PRE,0,8111,Cade Otton,TE,7.9,0.0,7.9,7.9,7.9,7.9,0.0,1.0,7.9,,0.0,0
2026-10-08 23:29:30Z,TB,pre,0.0,PRE,0,4037,Chris Godwin,WR,8.0,0.0,8.0,8.0,8.0,8.0,0.0,1.0,8.0,,0.0,0
2026-10-08 23:29:30Z,DAL,pre,0.0,PRE,0,8110,Jake Ferguson,TE,8.8,0.0,8.8,8.8,8.8,8.8,0.0,1.0,8.8,,0.0,0
2026-10-08 23:29:30Z,TB,pre,0.0,PRE,0,6650,Chase McLaughlin,K,6.7,0.0,6.7,6.7,6.7,6.7,0.0,1.0,6.7,,0.0,0
2026-10-08 23:29:30Z,TB,pre,0.0,PRE,0,9506,Sean Tucker,RB,2.4,0.0,2.4,2.4,2.4,2.4,0.0,1.0,2.4,,0.0,0
2026-10-08 23:29:30Z,TB,pre,0.0,PRE,0,12514,Emeka Egbuka,WR,9.1,0.0,9.1,9.1,9.1,9.1,0.0,1.0,9.1,,0.0,0
2026-10-08 23:29:30Z,DAL,pre,0.0,PRE,0,DAL,Dallas Cowboys D/ST,DST,7.3,0.0,7.3,7.3,7.3,7.3,0.0,1.0,7.3,,0.0,0
2026-10-08 23:29:30Z,DAL,pre,0.0,PRE,0,8137,George Pickens,WR,14.8,0.0,14.8,14.8,14.8,14.8,0.0,1.0,14.8,,0.0,0
2026-10-08 23:29:30Z,TB,pre,0.0,PRE,0,TB,Tampa Bay Buccaneers D/ST,DST,3.1,0.0,3.1,3.1,3.1,3.1,0.0,1.0,3.1,,0.0,0
2026-10-08 23:29:30Z,DAL,pre,0.0,PRE,0,8917,KaVontae Turpin,WR,2.0,0.0,2.0,2.0,2.0,2.0,0.0,1.0,2.0,,0.0,0
2026-10-08 23:29:30Z,TB,pre,0.0,PRE,0,10227,Payne Durham,TE,1.1,0.0,1.1,1.1,1.1,1.1,0.0,1.0,1.1,,0.0,0
2026-10-08 23:29:30Z,DAL,pre,0.0,PRE,0,11593,Brevyn Spann-Ford,TE,0.6,0.0,0.6,0.6,0.6,0.6,0.0,1.0,0.6,,0.0,0
2026-10-08 23:29:30Z,TB,pre,0.0,PRE,0,13425,Jalon Daniels,QB,15.0,0.0,15.0,15.0,15.0,15.0,0.0,1.0,15.0,,0.0,0
2026-10-08 23:29:30Z,DAL,pre,0.0,PRE,0,11199,Emari Demercado,RB,3.7,0.0,3.7,3.7,3.7,3.7,0.0,1.0,3.7,,0.0,0
2026-10-08 23:29:30Z,DAL,pre,0.0,PRE,0,8162,Sam Howell,QB,0.9,0.0,0.9,0.9,0.9,0.9,0.0,1.0,0.9,,0.0,0
2026-10-08 23:29:30Z,DAL,pre,0.0,PRE,0,11783,Ryan Flournoy,WR,8.3,0.0,8.3,8.3,8.3,8.3,0.0,1.0,8.3,,0.0,0
2026-10-08 23:29:30Z,DAL,pre,0.0,PRE,0,10871,Luke Schoonmaker,TE,1.9,0.0,1.9,1.9,1.9,1.9,0.0,1.0,1.9,,0.0,0
2026-10-08 23:29:30Z,TB,pre,0.0,PRE,0,13317,Ted Hurst,WR,4.5,0.0,4.5,4.5,4.5,4.5,0.0,1.0,4.5,,0.0,0
2026-10-08 23:29:30Z,TB,pre,0.0,PRE,0,12485,Tez Johnson,WR,4.2,0.0,4.2,4.2,4.2,4.2,0.0,1.0,4.2,,0.0,0
2026-10-08 23:29:30Z,DAL,pre,0.0,PRE,0,7588,Javonte Williams,RB,18.2,0.0,18.2,18.2,18.2,18.2,0.0,1.0,18.2,,0.0,0
2026-10-08 23:31:30Z,DAL,pre,0.0,PRE,0,11533,Brandon Aubrey,K,9.8,0.0,9.8,9.8,9.8,9.8,0.0,1.0,9.8,,0.0,0
2026-10-08 23:31:30Z,DAL,pre,0.0,PRE,0,6786,CeeDee Lamb,WR,19.6,0.0,19.6,19.6,19.6,19.6,0.0,1.0,19.6,,0.0,0
2026-10-08 23:31:30Z,TB,pre,0.0,PRE,0,11584,Bucky Irving,RB,11.1,0.0,11.1,11.1,11.1,11.1,0.0,1.0,11.1,,0.0,0
2026-10-08 23:31:30Z,DAL,pre,0.0,PRE,0,3294,Dak Prescott,QB,22.1,0.0,22.1,22.1,22.1,22.1,0.0,1.0,22.1,,0.0,0
2026-10-08 23:31:30Z,TB,pre,0.0,PRE,0,8111,Cade Otton,TE,7.9,0.0,7.9,7.9,7.9,7.9,0.0,1.0,7.9,,0.0,0
2026-10-08 23:31:30Z,TB,pre,0.0,PRE,0,4037,Chris Godwin,WR,8.0,0.0,8.0,8.0,8.0,8.0,0.0,1.0,8.0,,0.0,0
2026-10-08 23:31:30Z,DAL,pre,0.0,PRE,0,8110,Jake Ferguson,TE,8.8,0.0,8.8,8.8,8.8,8.8,0.0,1.0,8.8,,0.0,0
2026-10-08 23:31:30Z,TB,pre,0.0,PRE,0,6650,Chase McLaughlin,K,6.7,0.0,6.7,6.7,6.7,6.7,0.0,1.0,6.7,,0.0,0
2026-10-08 23:31:30Z,TB,pre,0.0,PRE,0,9506,Sean Tucker,RB,2.4,0.0,2.4,2.4,2.4,2.4,0.0,1.0,2.4,,0.0,0
2026-10-08 23:31:30Z,TB,pre,0.0,PRE,0,12514,Emeka Egbuka,WR,9.1,0.0,9.1,9.1,9.1,9.1,0.0,1.0,9.1,,0.0,0
2026-10-08 23:31:30Z,DAL,pre,0.0,PRE,0,DAL,Dallas Cowboys D/ST,DST,7.3,0.0,7.3,7.3,7.3,7.3,0.0,1.0,7.3,,0.0,0
2026-10-08 23:31:30Z,DAL,pre,0.0,PRE,0,8137,George Pickens,WR,14.8,0.0,14.8,14.8,14.8,14.8,0.0,1.0,14.8,,0.0,0
2026-10-08 23:31:30Z,TB,pre,0.0,PRE,0,TB,Tampa Bay Buccaneers D/ST,DST,3.1,0.0,3.1,3.1,3.1,3.1,0.0,1.0,3.1,,0.0,0
2026-10-08 23:31:30Z,DAL,pre,0.0,PRE,0,8917,KaVontae Turpin,WR,2.0,0.0,2.0,2.0,2.0,2.0,0.0,1.0,2.0,,0.0,0
2026-10-08 23:31:30Z,TB,pre,0.0,PRE,0,10227,Payne Durham,TE,1.1,0.0,1.1,1.1,1.1,1.1,0.0,1.0,1.1,,0.0,0
2026-10-08 23:31:30Z,DAL,pre,0.0,PRE,0,11593,Brevyn Spann-Ford,TE,0.6,0.0,0.6,0.6,0.6,0.6,0.0,1.0,0.6,,0.0,0
2026-10-08 23:31:30Z,TB,pre,0.0,PRE,0,13425,Jalon Daniels,QB,15.0,0.0,15.0,15.0,15.0,15.0,0.0,1.0,15.0,,0.0,0
2026-10-08 23:31:30Z,DAL,pre,0.0,PRE,0,11199,Emari Demercado,RB,3.7,0.0,3.7,3.7,3.7,3.7,0.0,1.0,3.7,,0.0,0
2026-10-08 23:31:30Z,DAL,pre,0.0,PRE,0,8162,Sam Howell,QB,0.9,0.0,0.9,0.9,0.9,0.9,0.0,1.0,0.9,,0.0,0
2026-10-08 23:31:30Z,DAL,pre,0.0,PRE,0,11783,Ryan Flournoy,WR,8.3,0.0,8.3,8.3,8.3,8.3,0.0,1.0,8.3,,0.0,0
2026-10-08 23:31:30Z,DAL,pre,0.0,PRE,0,10871,Luke Schoonmaker,TE,1.9,0.0,1.9,1.9,1.9,1.9,0.0,1.0,1.9,,0.0,0
2026-10-08 23:31:30Z,TB,pre,0.0,PRE,0,13317,Ted Hurst,WR,4.5,0.0,4.5,4.5,4.5,4.5,0.0,1.0,4.5,,0.0,0
2026-10-08 23:31:30Z,TB,pre,0.0,PRE,0,12485,Tez Johnson,WR,4.2,0.0,4.2,4.2,4.2,4.2,0.0,1.0,4.2,,0.0,0
2026-10-08 23:31:30Z,DAL,pre,0.0,PRE,0,7588,Javonte Williams,RB,18.2,0.0,18.2,18.2,18.2,18.2,0.0,1.0,18.2,,0.0,0
2026-10-08 23:33:30Z,DAL,pre,0.0,PRE,0,11533,Brandon Aubrey,K,9.8,0.0,9.8,9.8,9.8,9.8,0.0,1.0,9.8,,0.0,0
2026-10-08 23:33:30Z,DAL,pre,0.0,PRE,0,6786,CeeDee Lamb,WR,19.6,0.0,19.6,19.6,19.6,19.6,0.0,1.0,19.6,,0.0,0
2026-10-08 23:33:30Z,TB,pre,0.0,PRE,0,11584,Bucky Irving,RB,11.1,0.0,11.1,11.1,11.1,11.1,0.0,1.0,11.1,,0.0,0
2026-10-08 23:33:30Z,DAL,pre,0.0,PRE,0,3294,Dak Prescott,QB,22.1,0.0,22.1,22.1,22.1,22.1,0.0,1.0,22.1,,0.0,0
2026-10-08 23:33:30Z,TB,pre,0.0,PRE,0,8111,Cade Otton,TE,7.9,0.0,7.9,7.9,7.9,7.9,0.0,1.0,7.9,,0.0,0
2026-10-08 23:33:30Z,TB,pre,0.0,PRE,0,4037,Chris Godwin,WR,8.0,0.0,8.0,8.0,8.0,8.0,0.0,1.0,8.0,,0.0,0
2026-10-08 23:33:30Z,DAL,pre,0.0,PRE,0,8110,Jake Ferguson,TE,8.8,0.0,8.8,8.8,8.8,8.8,0.0,1.0,8.8,,0.0,0
2026-10-08 23:33:30Z,TB,pre,0.0,PRE,0,6650,Chase McLaughlin,K,6.7,0.0,6.7,6.7,6.7,6.7,0.0,1.0,6.7,,0.0,0
2026-10-08 23:33:30Z,TB,pre,0.0,PRE,0,9506,Sean Tucker,RB,2.4,0.0,2.4,2.4,2.4,2.4,0.0,1.0,2.4,,0.0,0
2026-10-08 23:33:30Z,TB,pre,0.0,PRE,0,12514,Emeka Egbuka,WR,9.1,0.0,9.1,9.1,9.1,9.1,0.0,1.0,9.1,,0.0,0
2026-10-08 23:33:30Z,DAL,pre,0.0,PRE,0,DAL,Dallas Cowboys D/ST,DST,7.3,0.0,7.3,7.3,7.3,7.3,0.0,1.0,7.3,,0.0,0
2026-10-08 23:33:30Z,DAL,pre,0.0,PRE,0,8137,George Pickens,WR,14.8,0.0,14.8,14.8,14.8,14.8,0.0,1.0,14.8,,0.0,0
2026-10-08 23:33:30Z,TB,pre,0.0,PRE,0,TB,Tampa Bay Buccaneers D/ST,DST,3.1,0.0,3.1,3.1,3.1,3.1,0.0,1.0,3.1,,0.0,0
2026-10-08 23:33:30Z,DAL,pre,0.0,PRE,0,8917,KaVontae Turpin,WR,2.0,0.0,2.0,2.0,2.0,2.0,0.0,1.0,2.0,,0.0,0
2026-10-08 23:33:30Z,TB,pre,0.0,PRE,0,10227,Payne Durham,TE,1.1,0.0,1.1,1.1,1.1,1.1,0.0,1.0,1.1,,0.0,0
2026-10-08 23:33:30Z,DAL,pre,0.0,PRE,0,11593,Brevyn Spann-Ford,TE,0.6,0.0,0.6,0.6,0.6,0.6,0.0,1.0,0.6,,0.0,0
2026-10-08 23:33:30Z,TB,pre,0.0,PRE,0,13425,Jalon Daniels,QB,15.0,0.0,15.0,15.0,15.0,15.0,0.0,1.0,15.0,,0.0,0
2026-10-08 23:33:30Z,DAL,pre,0.0,PRE,0,11199,Emari Demercado,RB,3.7,0.0,3.7,3.7,3.7,3.7,0.0,1.0,3.7,,0.0,0
2026-10-08 23:33:30Z,DAL,pre,0.0,PRE,0,8162,Sam Howell,QB,0.9,0.0,0.9,0.9,0.9,0.9,0.0,1.0,0.9,,0.0,0
2026-10-08 23:33:30Z,DAL,pre,0.0,PRE,0,11783,Ryan Flournoy,WR,8.3,0.0,8.3,8.3,8.3,8.3,0.0,1.0,8.3,,0.0,0
2026-10-08 23:33:30Z,DAL,pre,0.0,PRE,0,10871,Luke Schoonmaker,TE,1.9,0.0,1.9,1.9,1.9,1.9,0.0,1.0,1.9,,0.0,0
2026-10-08 23:33:30Z,TB,pre,0.0,PRE,0,13317,Ted Hurst,WR,4.5,0.0,4.5,4.5,4.5,4.5,0.0,1.0,4.5,,0.0,0
2026-10-08 23:33:30Z,TB,pre,0.0,PRE,0,12485,Tez Johnson,WR,4.2,0.0,4.2,4.2,4.2,4.2,0.0,1.0,4.2,,0.0,0
2026-10-08 23:33:30Z,DAL,pre,0.0,PRE,0,7588,Javonte Williams,RB,18.2,0.0,18.2,18.2,18.2,18.2,0.0,1.0,18.2,,0.0,0
2026-10-08 23:35:31Z,DAL,pre,0.0,PRE,0,11533,Brandon Aubrey,K,9.8,0.0,9.8,9.8,9.8,9.8,0.0,1.0,9.8,,0.0,0
2026-10-08 23:35:31Z,DAL,pre,0.0,PRE,0,6786,CeeDee Lamb,WR,19.6,0.0,19.6,19.6,19.6,19.6,0.0,1.0,19.6,,0.0,0
2026-10-08 23:35:31Z,TB,pre,0.0,PRE,0,11584,Bucky Irving,RB,11.1,0.0,11.1,11.1,11.1,11.1,0.0,1.0,11.1,,0.0,0
2026-10-08 23:35:31Z,DAL,pre,0.0,PRE,0,3294,Dak Prescott,QB,22.1,0.0,22.1,22.1,22.1,22.1,0.0,1.0,22.1,,0.0,0
2026-10-08 23:35:31Z,TB,pre,0.0,PRE,0,8111,Cade Otton,TE,7.9,0.0,7.9,7.9,7.9,7.9,0.0,1.0,7.9,,0.0,0
2026-10-08 23:35:31Z,TB,pre,0.0,PRE,0,4037,Chris Godwin,WR,8.0,0.0,8.0,8.0,8.0,8.0,0.0,1.0,8.0,,0.0,0
2026-10-08 23:35:31Z,DAL,pre,0.0,PRE,0,8110,Jake Ferguson,TE,8.8,0.0,8.8,8.8,8.8,8.8,0.0,1.0,8.8,,0.0,0
2026-10-08 23:35:31Z,TB,pre,0.0,PRE,0,6650,Chase McLaughlin,K,6.7,0.0,6.7,6.7,6.7,6.7,0.0,1.0,6.7,,0.0,0
2026-10-08 23:35:31Z,TB,pre,0.0,PRE,0,9506,Sean Tucker,RB,2.4,0.0,2.4,2.4,2.4,2.4,0.0,1.0,2.4,,0.0,0
2026-10-08 23:35:31Z,TB,pre,0.0,PRE,0,12514,Emeka Egbuka,WR,9.1,0.0,9.1,9.1,9.1,9.1,0.0,1.0,9.1,,0.0,0
2026-10-08 23:35:31Z,DAL,pre,0.0,PRE,0,DAL,Dallas Cowboys D/ST,DST,7.3,0.0,7.3,7.3,7.3,7.3,0.0,1.0,7.3,,0.0,0
2026-10-08 23:35:31Z,DAL,pre,0.0,PRE,0,8137,George Pickens,WR,14.8,0.0,14.8,14.8,14.8,14.8,0.0,1.0,14.8,,0.0,0
2026-10-08 23:35:31Z,TB,pre,0.0,PRE,0,TB,Tampa Bay Buccaneers D/ST,DST,3.1,0.0,3.1,3.1,3.1,3.1,0.0,1.0,3.1,,0.0,0
2026-10-08 23:35:31Z,DAL,pre,0.0,PRE,0,8917,KaVontae Turpin,WR,2.0,0.0,2.0,2.0,2.0,2.0,0.0,1.0,2.0,,0.0,0
2026-10-08 23:35:31Z,TB,pre,0.0,PRE,0,10227,Payne Durham,TE,1.1,0.0,1.1,1.1,1.1,1.1,0.0,1.0,1.1,,0.0,0
2026-10-08 23:35:31Z,DAL,pre,0.0,PRE,0,11593,Brevyn Spann-Ford,TE,0.6,0.0,0.6,0.6,0.6,0.6,0.0,1.0,0.6,,0.0,0
2026-10-08 23:35:31Z,TB,pre,0.0,PRE,0,13425,Jalon Daniels,QB,15.0,0.0,15.0,15.0,15.0,15.0,0.0,1.0,15.0,,0.0,0
2026-10-08 23:35:31Z,DAL,pre,0.0,PRE,0,11199,Emari Demercado,RB,3.7,0.0,3.7,3.7,3.7,3.7,0.0,1.0,3.7,,0.0,0
2026-10-08 23:35:31Z,DAL,pre,0.0,PRE,0,8162,Sam Howell,QB,0.9,0.0,0.9,0.9,0.9,0.9,0.0,1.0,0.9,,0.0,0
2026-10-08 23:35:31Z,DAL,pre,0.0,PRE,0,11783,Ryan Flournoy,WR,8.3,0.0,8.3,8.3,8.3,8.3,0.0,1.0,8.3,,0.0,0
2026-10-08 23:35:31Z,DAL,pre,0.0,PRE,0,10871,Luke Schoonmaker,TE,1.9,0.0,1.9,1.9,1.9,1.9,0.0,1.0,1.9,,0.0,0
2026-10-08 23:35:31Z,TB,pre,0.0,PRE,0,13317,Ted Hurst,WR,4.5,0.0,4.5,4.5,4.5,4.5,0.0,1.0,4.5,,0.0,0
2026-10-08 23:35:31Z,TB,pre,0.0,PRE,0,12485,Tez Johnson,WR,4.2,0.0,4.2,4.2,4.2,4.2,0.0,1.0,4.2,,0.0,0
2026-10-08 23:35:31Z,DAL,pre,0.0,PRE,0,7588,Javonte Williams,RB,18.2,0.0,18.2,18.2,18.2,18.2,0.0,1.0,18.2,,0.0,0
2026-10-08 23:37:31Z,DAL,pre,0.0,PRE,0,11533,Brandon Aubrey,K,9.8,0.0,9.8,9.8,9.8,9.8,0.0,1.0,9.8,,0.0,0
2026-10-08 23:37:31Z,DAL,pre,0.0,PRE,0,6786,CeeDee Lamb,WR,19.6,0.0,19.6,19.6,19.6,19.6,0.0,1.0,19.6,,0.0,0
2026-10-08 23:37:31Z,TB,pre,0.0,PRE,0,11584,Bucky Irving,RB,11.1,0.0,11.1,11.1,11.1,11.1,0.0,1.0,11.1,,0.0,0
2026-10-08 23:37:31Z,DAL,pre,0.0,PRE,0,3294,Dak Prescott,QB,22.1,0.0,22.1,22.1,22.1,22.1,0.0,1.0,22.1,,0.0,0
2026-10-08 23:37:31Z,TB,pre,0.0,PRE,0,8111,Cade Otton,TE,7.9,0.0,7.9,7.9,7.9,7.9,0.0,1.0,7.9,,0.0,0
2026-10-08 23:37:31Z,TB,pre,0.0,PRE,0,4037,Chris Godwin,WR,8.0,0.0,8.0,8.0,8.0,8.0,0.0,1.0,8.0,,0.0,0
2026-10-08 23:37:31Z,DAL,pre,0.0,PRE,0,8110,Jake Ferguson,TE,8.8,0.0,8.8,8.8,8.8,8.8,0.0,1.0,8.8,,0.0,0
2026-10-08 23:37:31Z,TB,pre,0.0,PRE,0,6650,Chase McLaughlin,K,6.7,0.0,6.7,6.7,6.7,6.7,0.0,1.0,6.7,,0.0,0
2026-10-08 23:37:31Z,TB,pre,0.0,PRE,0,9506,Sean Tucker,RB,2.4,0.0,2.4,2.4,2.4,2.4,0.0,1.0,2.4,,0.0,0
2026-10-08 23:37:31Z,TB,pre,0.0,PRE,0,12514,Emeka Egbuka,WR,9.1,0.0,9.1,9.1,9.1,9.1,0.0,1.0,9.1,,0.0,0
2026-10-08 23:37:31Z,DAL,pre,0.0,PRE,0,DAL,Dallas Cowboys D/ST,DST,7.3,0.0,7.3,7.3,7.3,7.3,0.0,1.0,7.3,,0.0,0
2026-10-08 23:37:31Z,DAL,pre,0.0,PRE,0,8137,George Pickens,WR,14.8,0.0,14.8,14.8,14.8,14.8,0.0,1.0,14.8,,0.0,0
2026-10-08 23:37:31Z,TB,pre,0.0,PRE,0,TB,Tampa Bay Buccaneers D/ST,DST,3.1,0.0,3.1,3.1,3.1,3.1,0.0,1.0,3.1,,0.0,0
2026-10-08 23:37:31Z,DAL,pre,0.0,PRE,0,8917,KaVontae Turpin,WR,2.0,0.0,2.0,2.0,2.0,2.0,0.0,1.0,2.0,,0.0,0
2026-10-08 23:37:31Z,TB,pre,0.0,PRE,0,10227,Payne Durham,TE,1.1,0.0,1.1,1.1,1.1,1.1,0.0,1.0,1.1,,0.0,0
2026-10-08 23:37:31Z,DAL,pre,0.0,PRE,0,11593,Brevyn Spann-Ford,TE,0.6,0.0,0.6,0.6,0.6,0.6,0.0,1.0,0.6,,0.0,0
2026-10-08 23:37:31Z,TB,pre,0.0,PRE,0,13425,Jalon Daniels,QB,15.0,0.0,15.0,15.0,15.0,15.0,0.0,1.0,15.0,,0.0,0
2026-10-08 23:37:31Z,DAL,pre,0.0,PRE,0,11199,Emari Demercado,RB,3.7,0.0,3.7,3.7,3.7,3.7,0.0,1.0,3.7,,0.0,0
2026-10-08 23:37:31Z,DAL,pre,0.0,PRE,0,8162,Sam Howell,QB,0.9,0.0,0.9,0.9,0.9,0.9,0.0,1.0,0.9,,0.0,0
2026-10-08 23:37:31Z,DAL,pre,0.0,PRE,0,11783,Ryan Flournoy,WR,8.3,0.0,8.3,8.3,8.3,8.3,0.0,1.0,8.3,,0.0,0
2026-10-08 23:37:31Z,DAL,pre,0.0,PRE,0,10871,Luke Schoonmaker,TE,1.9,0.0,1.9,1.9,1.9,1.9,0.0,1.0,1.9,,0.0,0
2026-10-08 23:37:31Z,TB,pre,0.0,PRE,0,13317,Ted Hurst,WR,4.5,0.0,4.5,4.5,4.5,4.5,0.0,1.0,4.5,,0.0,0
2026-10-08 23:37:31Z,TB,pre,0.0,PRE,0,12485,Tez Johnson,WR,4.2,0.0,4.2,4.2,4.2,4.2,0.0,1.0,4.2,,0.0,0
2026-10-08 23:37:31Z,DAL,pre,0.0,PRE,0,7588,Javonte Williams,RB,18.2,0.0,18.2,18.2,18.2,18.2,0.0,1.0,18.2,,0.0,0
2026-10-08 23:39:31Z,DAL,pre,0.0,PRE,0,11533,Brandon Aubrey,K,9.8,0.0,9.8,9.8,9.8,9.8,0.0,1.0,9.8,,0.0,0
2026-10-08 23:39:31Z,DAL,pre,0.0,PRE,0,6786,CeeDee Lamb,WR,19.6,0.0,19.6,19.6,19.6,19.6,0.0,1.0,19.6,,0.0,0
2026-10-08 23:39:31Z,TB,pre,0.0,PRE,0,11584,Bucky Irving,RB,11.1,0.0,11.1,11.1,11.1,11.1,0.0,1.0,11.1,,0.0,0
2026-10-08 23:39:31Z,DAL,pre,0.0,PRE,0,3294,Dak Prescott,QB,22.1,0.0,22.1,22.1,22.1,22.1,0.0,1.0,22.1,,0.0,0
2026-10-08 23:39:31Z,TB,pre,0.0,PRE,0,8111,Cade Otton,TE,7.9,0.0,7.9,7.9,7.9,7.9,0.0,1.0,7.9,,0.0,0
2026-10-08 23:39:31Z,TB,pre,0.0,PRE,0,4037,Chris Godwin,WR,8.0,0.0,8.0,8.0,8.0,8.0,0.0,1.0,8.0,,0.0,0
2026-10-08 23:39:31Z,DAL,pre,0.0,PRE,0,8110,Jake Ferguson,TE,8.8,0.0,8.8,8.8,8.8,8.8,0.0,1.0,8.8,,0.0,0
2026-10-08 23:39:31Z,TB,pre,0.0,PRE,0,6650,Chase McLaughlin,K,6.7,0.0,6.7,6.7,6.7,6.7,0.0,1.0,6.7,,0.0,0
2026-10-08 23:39:31Z,TB,pre,0.0,PRE,0,9506,Sean Tucker,RB,2.4,0.0,2.4,2.4,2.4,2.4,0.0,1.0,2.4,,0.0,0
2026-10-08 23:39:31Z,TB,pre,0.0,PRE,0,12514,Emeka Egbuka,WR,9.1,0.0,9.1,9.1,9.1,9.1,0.0,1.0,9.1,,0.0,0
2026-10-08 23:39:31Z,DAL,pre,0.0,PRE,0,DAL,Dallas Cowboys D/ST,DST,7.3,0.0,7.3,7.3,7.3,7.3,0.0,1.0,7.3,,0.0,0
2026-10-08 23:39:31Z,DAL,pre,0.0,PRE,0,8137,George Pickens,WR,14.8,0.0,14.8,14.8,14.8,14.8,0.0,1.0,14.8,,0.0,0
2026-10-08 23:39:31Z,TB,pre,0.0,PRE,0,TB,Tampa Bay Buccaneers D/ST,DST,3.1,0.0,3.1,3.1,3.1,3.1,0.0,1.0,3.1,,0.0,0
2026-10-08 23:39:31Z,DAL,pre,0.0,PRE,0,8917,KaVontae Turpin,WR,2.0,0.0,2.0,2.0,2.0,2.0,0.0,1.0,2.0,,0.0,0
2026-10-08 23:39:31Z,TB,pre,0.0,PRE,0,10227,Payne Durham,TE,1.1,0.0,1.1,1.1,1.1,1.1,0.0,1.0,1.1,,0.0,0
2026-10-08 23:39:31Z,DAL,pre,0.0,PRE,0,11593,Brevyn Spann-Ford,TE,0.6,0.0,0.6,0.6,0.6,0.6,0.0,1.0,0.6,,0.0,0
2026-10-08 23:39:31Z,TB,pre,0.0,PRE,0,13425,Jalon Daniels,QB,15.0,0.0,15.0,15.0,15.0,15.0,0.0,1.0,15.0,,0.0,0
2026-10-08 23:39:31Z,DAL,pre,0.0,PRE,0,11199,Emari Demercado,RB,3.7,0.0,3.7,3.7,3.7,3.7,0.0,1.0,3.7,,0.0,0
2026-10-08 23:39:31Z,DAL,pre,0.0,PRE,0,8162,Sam Howell,QB,0.9,0.0,0.9,0.9,0.9,0.9,0.0,1.0,0.9,,0.0,0
2026-10-08 23:39:31Z,DAL,pre,0.0,PRE,0,11783,Ryan Flournoy,WR,8.3,0.0,8.3,8.3,8.3,8.3,0.0,1.0,8.3,,0.0,0
2026-10-08 23:39:31Z,DAL,pre,0.0,PRE,0,10871,Luke Schoonmaker,TE,1.9,0.0,1.9,1.9,1.9,1.9,0.0,1.0,1.9,,0.0,0
2026-10-08 23:39:31Z,TB,pre,0.0,PRE,0,13317,Ted Hurst,WR,4.5,0.0,4.5,4.5,4.5,4.5,0.0,1.0,4.5,,0.0,0
2026-10-08 23:39:31Z,TB,pre,0.0,PRE,0,12485,Tez Johnson,WR,4.2,0.0,4.2,4.2,4.2,4.2,0.0,1.0,4.2,,0.0,0
2026-10-08 23:39:31Z,DAL,pre,0.0,PRE,0,7588,Javonte Williams,RB,18.2,0.0,18.2,18.2,18.2,18.2,0.0,1.0,18.2,,0.0,0
2026-10-08 23:41:31Z,DAL,pre,0.0,PRE,0,11533,Brandon Aubrey,K,9.8,0.0,9.8,9.8,9.8,9.8,0.0,1.0,9.8,,0.0,0
2026-10-08 23:41:31Z,DAL,pre,0.0,PRE,0,6786,CeeDee Lamb,WR,19.6,0.0,19.6,19.6,19.6,19.6,0.0,1.0,19.6,,0.0,0
2026-10-08 23:41:31Z,TB,pre,0.0,PRE,0,11584,Bucky Irving,RB,11.1,0.0,11.1,11.1,11.1,11.1,0.0,1.0,11.1,,0.0,0
2026-10-08 23:41:31Z,DAL,pre,0.0,PRE,0,3294,Dak Prescott,QB,22.1,0.0,22.1,22.1,22.1,22.1,0.0,1.0,22.1,,0.0,0
2026-10-08 23:41:31Z,TB,pre,0.0,PRE,0,8111,Cade Otton,TE,7.9,0.0,7.9,7.9,7.9,7.9,0.0,1.0,7.9,,0.0,0
2026-10-08 23:41:31Z,TB,pre,0.0,PRE,0,4037,Chris Godwin,WR,8.0,0.0,8.0,8.0,8.0,8.0,0.0,1.0,8.0,,0.0,0
2026-10-08 23:41:31Z,DAL,pre,0.0,PRE,0,8110,Jake Ferguson,TE,8.8,0.0,8.8,8.8,8.8,8.8,0.0,1.0,8.8,,0.0,0
2026-10-08 23:41:31Z,TB,pre,0.0,PRE,0,6650,Chase McLaughlin,K,6.7,0.0,6.7,6.7,6.7,6.7,0.0,1.0,6.7,,0.0,0
2026-10-08 23:41:31Z,TB,pre,0.0,PRE,0,9506,Sean Tucker,RB,2.4,0.0,2.4,2.4,2.4,2.4,0.0,1.0,2.4,,0.0,0
2026-10-08 23:41:31Z,TB,pre,0.0,PRE,0,12514,Emeka Egbuka,WR,9.1,0.0,9.1,9.1,9.1,9.1,0.0,1.0,9.1,,0.0,0
2026-10-08 23:41:31Z,DAL,pre,0.0,PRE,0,DAL,Dallas Cowboys D/ST,DST,7.3,0.0,7.3,7.3,7.3,7.3,0.0,1.0,7.3,,0.0,0
2026-10-08 23:41:31Z,DAL,pre,0.0,PRE,0,8137,George Pickens,WR,14.8,0.0,14.8,14.8,14.8,14.8,0.0,1.0,14.8,,0.0,0
2026-10-08 23:41:31Z,TB,pre,0.0,PRE,0,TB,Tampa Bay Buccaneers D/ST,DST,3.1,0.0,3.1,3.1,3.1,3.1,0.0,1.0,3.1,,0.0,0
2026-10-08 23:41:31Z,DAL,pre,0.0,PRE,0,8917,KaVontae Turpin,WR,2.0,0.0,2.0,2.0,2.0,2.0,0.0,1.0,2.0,,0.0,0
2026-10-08 23:41:31Z,TB,pre,0.0,PRE,0,10227,Payne Durham,TE,1.1,0.0,1.1,1.1,1.1,1.1,0.0,1.0,1.1,,0.0,0
2026-10-08 23:41:31Z,DAL,pre,0.0,PRE,0,11593,Brevyn Spann-Ford,TE,0.6,0.0,0.6,0.6,0.6,0.6,0.0,1.0,0.6,,0.0,0
2026-10-08 23:41:31Z,TB,pre,0.0,PRE,0,13425,Jalon Daniels,QB,15.0,0.0,15.0,15.0,15.0,15.0,0.0,1.0,15.0,,0.0,0
2026-10-08 23:41:31Z,DAL,pre,0.0,PRE,0,11199,Emari Demercado,RB,3.7,0.0,3.7,3.7,3.7,3.7,0.0,1.0,3.7,,0.0,0
2026-10-08 23:41:31Z,DAL,pre,0.0,PRE,0,8162,Sam Howell,QB,0.9,0.0,0.9,0.9,0.9,0.9,0.0,1.0,0.9,,0.0,0
2026-10-08 23:41:31Z,DAL,pre,0.0,PRE,0,11783,Ryan Flournoy,WR,8.3,0.0,8.3,8.3,8.3,8.3,0.0,1.0,8.3,,0.0,0
2026-10-08 23:41:31Z,DAL,pre,0.0,PRE,0,10871,Luke Schoonmaker,TE,1.9,0.0,1.9,1.9,1.9,1.9,0.0,1.0,1.9,,0.0,0
2026-10-08 23:41:31Z,TB,pre,0.0,PRE,0,13317,Ted Hurst,WR,4.5,0.0,4.5,4.5,4.5,4.5,0.0,1.0,4.5,,0.0,0
2026-10-08 23:41:31Z,TB,pre,0.0,PRE,0,12485,Tez Johnson,WR,4.2,0.0,4.2,4.2,4.2,4.2,0.0,1.0,4.2,,0.0,0
2026-10-08 23:41:31Z,DAL,pre,0.0,PRE,0,7588,Javonte Williams,RB,18.2,0.0,18.2,18.2,18.2,18.2,0.0,1.0,18.2,,0.0,0
2026-10-08 23:43:32Z,DAL,pre,0.0,PRE,0,11533,Brandon Aubrey,K,9.8,0.0,9.8,9.8,9.8,9.8,0.0,1.0,9.8,,0.0,0
2026-10-08 23:43:32Z,DAL,pre,0.0,PRE,0,6786,CeeDee Lamb,WR,19.6,0.0,19.6,19.6,19.6,19.6,0.0,1.0,19.6,,0.0,0
2026-10-08 23:43:32Z,TB,pre,0.0,PRE,0,11584,Bucky Irving,RB,11.1,0.0,11.1,11.1,11.1,11.1,0.0,1.0,11.1,,0.0,0
2026-10-08 23:43:32Z,DAL,pre,0.0,PRE,0,3294,Dak Prescott,QB,22.1,0.0,22.1,22.1,22.1,22.1,0.0,1.0,22.1,,0.0,0
2026-10-08 23:43:32Z,TB,pre,0.0,PRE,0,8111,Cade Otton,TE,7.9,0.0,7.9,7.9,7.9,7.9,0.0,1.0,7.9,,0.0,0
2026-10-08 23:43:32Z,TB,pre,0.0,PRE,0,4037,Chris Godwin,WR,8.0,0.0,8.0,8.0,8.0,8.0,0.0,1.0,8.0,,0.0,0
2026-10-08 23:43:32Z,DAL,pre,0.0,PRE,0,8110,Jake Ferguson,TE,8.8,0.0,8.8,8.8,8.8,8.8,0.0,1.0,8.8,,0.0,0
2026-10-08 23:43:32Z,TB,pre,0.0,PRE,0,6650,Chase McLaughlin,K,6.7,0.0,6.7,6.7,6.7,6.7,0.0,1.0,6.7,,0.0,0
2026-10-08 23:43:32Z,TB,pre,0.0,PRE,0,9506,Sean Tucker,RB,2.4,0.0,2.4,2.4,2.4,2.4,0.0,1.0,2.4,,0.0,0
2026-10-08 23:43:32Z,TB,pre,0.0,PRE,0,12514,Emeka Egbuka,WR,9.1,0.0,9.1,9.1,9.1,9.1,0.0,1.0,9.1,,0.0,0
2026-10-08 23:43:32Z,DAL,pre,0.0,PRE,0,DAL,Dallas Cowboys D/ST,DST,7.3,0.0,7.3,7.3,7.3,7.3,0.0,1.0,7.3,,0.0,0
2026-10-08 23:43:32Z,DAL,pre,0.0,PRE,0,8137,George Pickens,WR,14.8,0.0,14.8,14.8,14.8,14.8,0.0,1.0,14.8,,0.0,0
2026-10-08 23:43:32Z,TB,pre,0.0,PRE,0,TB,Tampa Bay Buccaneers D/ST,DST,3.1,0.0,3.1,3.1,3.1,3.1,0.0,1.0,3.1,,0.0,0
2026-10-08 23:43:32Z,DAL,pre,0.0,PRE,0,8917,KaVontae Turpin,WR,2.0,0.0,2.0,2.0,2.0,2.0,0.0,1.0,2.0,,0.0,0
2026-10-08 23:43:32Z,TB,pre,0.0,PRE,0,10227,Payne Durham,TE,1.1,0.0,1.1,1.1,1.1,1.1,0.0,1.0,1.1,,0.0,0
2026-10-08 23:43:32Z,DAL,pre,0.0,PRE,0,11593,Brevyn Spann-Ford,TE,0.6,0.0,0.6,0.6,0.6,0.6,0.0,1.0,0.6,,0.0,0
2026-10-08 23:43:32Z,TB,pre,0.0,PRE,0,13425,Jalon Daniels,QB,15.0,0.0,15.0,15.0,15.0,15.0,0.0,1.0,15.0,,0.0,0
2026-10-08 23:43:32Z,DAL,pre,0.0,PRE,0,11199,Emari Demercado,RB,3.7,0.0,3.7,3.7,3.7,3.7,0.0,1.0,3.7,,0.0,0
2026-10-08 23:43:32Z,DAL,pre,0.0,PRE,0,8162,Sam Howell,QB,0.9,0.0,0.9,0.9,0.9,0.9,0.0,1.0,0.9,,0.0,0
2026-10-08 23:43:32Z,DAL,pre,0.0,PRE,0,11783,Ryan Flournoy,WR,8.3,0.0,8.3,8.3,8.3,8.3,0.0,1.0,8.3,,0.0,0
2026-10-08 23:43:32Z,DAL,pre,0.0,PRE,0,10871,Luke Schoonmaker,TE,1.9,0.0,1.9,1.9,1.9,1.9,0.0,1.0,1.9,,0.0,0
2026-10-08 23:43:32Z,TB,pre,0.0,PRE,0,13317,Ted Hurst,WR,4.5,0.0,4.5,4.5,4.5,4.5,0.0,1.0,4.5,,0.0,0
2026-10-08 23:43:32Z,TB,pre,0.0,PRE,0,12485,Tez Johnson,WR,4.2,0.0,4.2,4.2,4.2,4.2,0.0,1.0,4.2,,0.0,0
2026-10-08 23:43:32Z,DAL,pre,0.0,PRE,0,7588,Javonte Williams,RB,18.2,0.0,18.2,18.2,18.2,18.2,0.0,1.0,18.2,,0.0,0
2026-10-08 23:45:32Z,DAL,pre,0.0,PRE,0,11533,Brandon Aubrey,K,9.8,0.0,9.8,9.8,9.8,9.8,0.0,1.0,9.8,,0.0,0
2026-10-08 23:45:32Z,DAL,pre,0.0,PRE,0,6786,CeeDee Lamb,WR,19.6,0.0,19.6,19.6,19.6,19.6,0.0,1.0,19.6,,0.0,0
2026-10-08 23:45:32Z,TB,pre,0.0,PRE,0,11584,Bucky Irving,RB,11.1,0.0,11.1,11.1,11.1,11.1,0.0,1.0,11.1,,0.0,0
2026-10-08 23:45:32Z,DAL,pre,0.0,PRE,0,3294,Dak Prescott,QB,22.1,0.0,22.1,22.1,22.1,22.1,0.0,1.0,22.1,,0.0,0
2026-10-08 23:45:32Z,TB,pre,0.0,PRE,0,8111,Cade Otton,TE,7.9,0.0,7.9,7.9,7.9,7.9,0.0,1.0,7.9,,0.0,0
2026-10-08 23:45:32Z,TB,pre,0.0,PRE,0,4037,Chris Godwin,WR,8.0,0.0,8.0,8.0,8.0,8.0,0.0,1.0,8.0,,0.0,0
2026-10-08 23:45:32Z,DAL,pre,0.0,PRE,0,8110,Jake Ferguson,TE,8.8,0.0,8.8,8.8,8.8,8.8,0.0,1.0,8.8,,0.0,0
2026-10-08 23:45:32Z,TB,pre,0.0,PRE,0,6650,Chase McLaughlin,K,6.7,0.0,6.7,6.7,6.7,6.7,0.0,1.0,6.7,,0.0,0
2026-10-08 23:45:32Z,TB,pre,0.0,PRE,0,9506,Sean Tucker,RB,2.4,0.0,2.4,2.4,2.4,2.4,0.0,1.0,2.4,,0.0,0
2026-10-08 23:45:32Z,TB,pre,0.0,PRE,0,12514,Emeka Egbuka,WR,9.1,0.0,9.1,9.1,9.1,9.1,0.0,1.0,9.1,,0.0,0
2026-10-08 23:45:32Z,DAL,pre,0.0,PRE,0,DAL,Dallas Cowboys D/ST,DST,7.3,0.0,7.3,7.3,7.3,7.3,0.0,1.0,7.3,,0.0,0
2026-10-08 23:45:32Z,DAL,pre,0.0,PRE,0,8137,George Pickens,WR,14.8,0.0,14.8,14.8,14.8,14.8,0.0,1.0,14.8,,0.0,0
2026-10-08 23:45:32Z,TB,pre,0.0,PRE,0,TB,Tampa Bay Buccaneers D/ST,DST,3.1,0.0,3.1,3.1,3.1,3.1,0.0,1.0,3.1,,0.0,0
2026-10-08 23:45:32Z,DAL,pre,0.0,PRE,0,8917,KaVontae Turpin,WR,2.0,0.0,2.0,2.0,2.0,2.0,0.0,1.0,2.0,,0.0,0
2026-10-08 23:45:32Z,TB,pre,0.0,PRE,0,10227,Payne Durham,TE,1.1,0.0,1.1,1.1,1.1,1.1,0.0,1.0,1.1,,0.0,0
2026-10-08 23:45:32Z,DAL,pre,0.0,PRE,0,11593,Brevyn Spann-Ford,TE,0.6,0.0,0.6,0.6,0.6,0.6,0.0,1.0,0.6,,0.0,0
2026-10-08 23:45:32Z,TB,pre,0.0,PRE,0,13425,Jalon Daniels,QB,15.0,0.0,15.0,15.0,15.0,15.0,0.0,1.0,15.0,,0.0,0
2026-10-08 23:45:32Z,DAL,pre,0.0,PRE,0,11199,Emari Demercado,RB,3.7,0.0,3.7,3.7,3.7,3.7,0.0,1.0,3.7,,0.0,0
2026-10-08 23:45:32Z,DAL,pre,0.0,PRE,0,8162,Sam Howell,QB,0.9,0.0,0.9,0.9,0.9,0.9,0.0,1.0,0.9,,0.0,0
2026-10-08 23:45:32Z,DAL,pre,0.0,PRE,0,11783,Ryan Flournoy,WR,8.3,0.0,8.3,8.3,8.3,8.3,0.0,1.0,8.3,,0.0,0
2026-10-08 23:45:32Z,DAL,pre,0.0,PRE,0,10871,Luke Schoonmaker,TE,1.9,0.0,1.9,1.9,1.9,1.9,0.0,1.0,1.9,,0.0,0
2026-10-08 23:45:32Z,TB,pre,0.0,PRE,0,13317,Ted Hurst,WR,4.5,0.0,4.5,4.5,4.5,4.5,0.0,1.0,4.5,,0.0,0
2026-10-08 23:45:32Z,TB,pre,0.0,PRE,0,12485,Tez Johnson,WR,4.2,0.0,4.2,4.2,4.2,4.2,0.0,1.0,4.2,,0.0,0
2026-10-08 23:45:32Z,DAL,pre,0.0,PRE,0,7588,Javonte Williams,RB,18.2,0.0,18.2,18.2,18.2,18.2,0.0,1.0,18.2,,0.0,0
2026-10-08 23:47:32Z,DAL,pre,0.0,PRE,0,11533,Brandon Aubrey,K,9.8,0.0,9.8,9.8,9.8,9.8,0.0,1.0,9.8,,0.0,0
2026-10-08 23:47:32Z,DAL,pre,0.0,PRE,0,6786,CeeDee Lamb,WR,19.6,0.0,19.6,19.6,19.6,19.6,0.0,1.0,19.6,,0.0,0
2026-10-08 23:47:32Z,TB,pre,0.0,PRE,0,11584,Bucky Irving,RB,11.1,0.0,11.1,11.1,11.1,11.1,0.0,1.0,11.1,,0.0,0
2026-10-08 23:47:32Z,DAL,pre,0.0,PRE,0,3294,Dak Prescott,QB,22.1,0.0,22.1,22.1,22.1,22.1,0.0,1.0,22.1,,0.0,0
2026-10-08 23:47:32Z,TB,pre,0.0,PRE,0,8111,Cade Otton,TE,7.9,0.0,7.9,7.9,7.9,7.9,0.0,1.0,7.9,,0.0,0
2026-10-08 23:47:32Z,TB,pre,0.0,PRE,0,4037,Chris Godwin,WR,8.0,0.0,8.0,8.0,8.0,8.0,0.0,1.0,8.0,,0.0,0
2026-10-08 23:47:32Z,DAL,pre,0.0,PRE,0,8110,Jake Ferguson,TE,8.8,0.0,8.8,8.8,8.8,8.8,0.0,1.0,8.8,,0.0,0
2026-10-08 23:47:32Z,TB,pre,0.0,PRE,0,6650,Chase McLaughlin,K,6.7,0.0,6.7,6.7,6.7,6.7,0.0,1.0,6.7,,0.0,0
2026-10-08 23:47:32Z,TB,pre,0.0,PRE,0,9506,Sean Tucker,RB,2.4,0.0,2.4,2.4,2.4,2.4,0.0,1.0,2.4,,0.0,0
2026-10-08 23:47:32Z,TB,pre,0.0,PRE,0,12514,Emeka Egbuka,WR,9.1,0.0,9.1,9.1,9.1,9.1,0.0,1.0,9.1,,0.0,0
2026-10-08 23:47:32Z,DAL,pre,0.0,PRE,0,DAL,Dallas Cowboys D/ST,DST,7.3,0.0,7.3,7.3,7.3,7.3,0.0,1.0,7.3,,0.0,0
2026-10-08 23:47:32Z,DAL,pre,0.0,PRE,0,8137,George Pickens,WR,14.8,0.0,14.8,14.8,14.8,14.8,0.0,1.0,14.8,,0.0,0
2026-10-08 23:47:32Z,TB,pre,0.0,PRE,0,TB,Tampa Bay Buccaneers D/ST,DST,3.1,0.0,3.1,3.1,3.1,3.1,0.0,1.0,3.1,,0.0,0
2026-10-08 23:47:32Z,DAL,pre,0.0,PRE,0,8917,KaVontae Turpin,WR,2.0,0.0,2.0,2.0,2.0,2.0,0.0,1.0,2.0,,0.0,0
2026-10-08 23:47:32Z,TB,pre,0.0,PRE,0,10227,Payne Durham,TE,1.1,0.0,1.1,1.1,1.1,1.1,0.0,1.0,1.1,,0.0,0
2026-10-08 23:47:32Z,DAL,pre,0.0,PRE,0,11593,Brevyn Spann-Ford,TE,0.6,0.0,0.6,0.6,0.6,0.6,0.0,1.0,0.6,,0.0,0
2026-10-08 23:47:32Z,TB,pre,0.0,PRE,0,13425,Jalon Daniels,QB,15.0,0.0,15.0,15.0,15.0,15.0,0.0,1.0,15.0,,0.0,0
2026-10-08 23:47:32Z,DAL,pre,0.0,PRE,0,11199,Emari Demercado,RB,3.7,0.0,3.7,3.7,3.7,3.7,0.0,1.0,3.7,,0.0,0
2026-10-08 23:47:32Z,DAL,pre,0.0,PRE,0,8162,Sam Howell,QB,0.9,0.0,0.9,0.9,0.9,0.9,0.0,1.0,0.9,,0.0,0
2026-10-08 23:47:32Z,DAL,pre,0.0,PRE,0,11783,Ryan Flournoy,WR,8.3,0.0,8.3,8.3,8.3,8.3,0.0,1.0,8.3,,0.0,0
2026-10-08 23:47:32Z,DAL,pre,0.0,PRE,0,10871,Luke Schoonmaker,TE,1.9,0.0,1.9,1.9,1.9,1.9,0.0,1.0,1.9,,0.0,0
2026-10-08 23:47:32Z,TB,pre,0.0,PRE,0,13317,Ted Hurst,WR,4.5,0.0,4.5,4.5,4.5,4.5,0.0,1.0,4.5,,0.0,0
2026-10-08 23:47:32Z,TB,pre,0.0,PRE,0,12485,Tez Johnson,WR,4.2,0.0,4.2,4.2,4.2,4.2,0.0,1.0,4.2,,0.0,0
2026-10-08 23:47:32Z,DAL,pre,0.0,PRE,0,7588,Javonte Williams,RB,18.2,0.0,18.2,18.2,18.2,18.2,0.0,1.0,18.2,,0.0,0
2026-10-08 23:49:33Z,DAL,pre,0.0,PRE,0,11533,Brandon Aubrey,K,9.8,0.0,9.8,9.8,9.8,9.8,0.0,1.0,9.8,,0.0,0
2026-10-08 23:49:33Z,DAL,pre,0.0,PRE,0,6786,CeeDee Lamb,WR,19.6,0.0,19.6,19.6,19.6,19.6,0.0,1.0,19.6,,0.0,0
2026-10-08 23:49:33Z,TB,pre,0.0,PRE,0,11584,Bucky Irving,RB,11.1,0.0,11.1,11.1,11.1,11.1,0.0,1.0,11.1,,0.0,0
2026-10-08 23:49:33Z,DAL,pre,0.0,PRE,0,3294,Dak Prescott,QB,22.1,0.0,22.1,22.1,22.1,22.1,0.0,1.0,22.1,,0.0,0
2026-10-08 23:49:33Z,TB,pre,0.0,PRE,0,8111,Cade Otton,TE,7.9,0.0,7.9,7.9,7.9,7.9,0.0,1.0,7.9,,0.0,0
2026-10-08 23:49:33Z,TB,pre,0.0,PRE,0,4037,Chris Godwin,WR,8.0,0.0,8.0,8.0,8.0,8.0,0.0,1.0,8.0,,0.0,0
2026-10-08 23:49:33Z,DAL,pre,0.0,PRE,0,8110,Jake Ferguson,TE,8.8,0.0,8.8,8.8,8.8,8.8,0.0,1.0,8.8,,0.0,0
2026-10-08 23:49:33Z,TB,pre,0.0,PRE,0,6650,Chase McLaughlin,K,6.7,0.0,6.7,6.7,6.7,6.7,0.0,1.0,6.7,,0.0,0
2026-10-08 23:49:33Z,TB,pre,0.0,PRE,0,9506,Sean Tucker,RB,2.4,0.0,2.4,2.4,2.4,2.4,0.0,1.0,2.4,,0.0,0
2026-10-08 23:49:33Z,TB,pre,0.0,PRE,0,12514,Emeka Egbuka,WR,9.1,0.0,9.1,9.1,9.1,9.1,0.0,1.0,9.1,,0.0,0
2026-10-08 23:49:33Z,DAL,pre,0.0,PRE,0,DAL,Dallas Cowboys D/ST,DST,7.3,0.0,7.3,7.3,7.3,7.3,0.0,1.0,7.3,,0.0,0
2026-10-08 23:49:33Z,DAL,pre,0.0,PRE,0,8137,George Pickens,WR,14.8,0.0,14.8,14.8,14.8,14.8,0.0,1.0,14.8,,0.0,0
2026-10-08 23:49:33Z,TB,pre,0.0,PRE,0,TB,Tampa Bay Buccaneers D/ST,DST,3.1,0.0,3.1,3.1,3.1,3.1,0.0,1.0,3.1,,0.0,0
2026-10-08 23:49:33Z,DAL,pre,0.0,PRE,0,8917,KaVontae Turpin,WR,2.0,0.0,2.0,2.0,2.0,2.0,0.0,1.0,2.0,,0.0,0
2026-10-08 23:49:33Z,TB,pre,0.0,PRE,0,10227,Payne Durham,TE,1.1,0.0,1.1,1.1,1.1,1.1,0.0,1.0,1.1,,0.0,0
2026-10-08 23:49:33Z,DAL,pre,0.0,PRE,0,11593,Brevyn Spann-Ford,TE,0.6,0.0,0.6,0.6,0.6,0.6,0.0,1.0,0.6,,0.0,0
2026-10-08 23:49:33Z,TB,pre,0.0,PRE,0,13425,Jalon Daniels,QB,15.0,0.0,15.0,15.0,15.0,15.0,0.0,1.0,15.0,,0.0,0
2026-10-08 23:49:33Z,DAL,pre,0.0,PRE,0,11199,Emari Demercado,RB,3.7,0.0,3.7,3.7,3.7,3.7,0.0,1.0,3.7,,0.0,0
2026-10-08 23:49:33Z,DAL,pre,0.0,PRE,0,8162,Sam Howell,QB,0.9,0.0,0.9,0.9,0.9,0.9,0.0,1.0,0.9,,0.0,0
2026-10-08 23:49:33Z,DAL,pre,0.0,PRE,0,11783,Ryan Flournoy,WR,8.3,0.0,8.3,8.3,8.3,8.3,0.0,1.0,8.3,,0.0,0
2026-10-08 23:49:33Z,DAL,pre,0.0,PRE,0,10871,Luke Schoonmaker,TE,1.9,0.0,1.9,1.9,1.9,1.9,0.0,1.0,1.9,,0.0,0
2026-10-08 23:49:33Z,TB,pre,0.0,PRE,0,13317,Ted Hurst,WR,4.5,0.0,4.5,4.5,4.5,4.5,0.0,1.0,4.5,,0.0,0
2026-10-08 23:49:33Z,TB,pre,0.0,PRE,0,12485,Tez Johnson,WR,4.2,0.0,4.2,4.2,4.2,4.2,0.0,1.0,4.2,,0.0,0
2026-10-08 23:49:33Z,DAL,pre,0.0,PRE,0,7588,Javonte Williams,RB,18.2,0.0,18.2,18.2,18.2,18.2,0.0,1.0,18.2,,0.0,0
2026-10-08 23:51:33Z,DAL,pre,0.0,PRE,0,11533,Brandon Aubrey,K,9.8,0.0,9.8,9.8,9.8,9.8,0.0,1.0,9.8,,0.0,0
2026-10-08 23:51:33Z,DAL,pre,0.0,PRE,0,6786,CeeDee Lamb,WR,19.6,0.0,19.6,19.6,19.6,19.6,0.0,1.0,19.6,,0.0,0
2026-10-08 23:51:33Z,TB,pre,0.0,PRE,0,11584,Bucky Irving,RB,11.1,0.0,11.1,11.1,11.1,11.1,0.0,1.0,11.1,,0.0,0
2026-10-08 23:51:33Z,DAL,pre,0.0,PRE,0,3294,Dak Prescott,QB,22.1,0.0,22.1,22.1,22.1,22.1,0.0,1.0,22.1,,0.0,0
2026-10-08 23:51:33Z,TB,pre,0.0,PRE,0,8111,Cade Otton,TE,7.9,0.0,7.9,7.9,7.9,7.9,0.0,1.0,7.9,,0.0,0
2026-10-08 23:51:33Z,TB,pre,0.0,PRE,0,4037,Chris Godwin,WR,8.0,0.0,8.0,8.0,8.0,8.0,0.0,1.0,8.0,,0.0,0
2026-10-08 23:51:33Z,DAL,pre,0.0,PRE,0,8110,Jake Ferguson,TE,8.8,0.0,8.8,8.8,8.8,8.8,0.0,1.0,8.8,,0.0,0
2026-10-08 23:51:33Z,TB,pre,0.0,PRE,0,6650,Chase McLaughlin,K,6.7,0.0,6.7,6.7,6.7,6.7,0.0,1.0,6.7,,0.0,0
2026-10-08 23:51:33Z,TB,pre,0.0,PRE,0,9506,Sean Tucker,RB,2.4,0.0,2.4,2.4,2.4,2.4,0.0,1.0,2.4,,0.0,0
2026-10-08 23:51:33Z,TB,pre,0.0,PRE,0,12514,Emeka Egbuka,WR,9.1,0.0,9.1,9.1,9.1,9.1,0.0,1.0,9.1,,0.0,0
2026-10-08 23:51:33Z,DAL,pre,0.0,PRE,0,DAL,Dallas Cowboys D/ST,DST,7.3,0.0,7.3,7.3,7.3,7.3,0.0,1.0,7.3,,0.0,0
2026-10-08 23:51:33Z,DAL,pre,0.0,PRE,0,8137,George Pickens,WR,14.8,0.0,14.8,14.8,14.8,14.8,0.0,1.0,14.8,,0.0,0
2026-10-08 23:51:33Z,TB,pre,0.0,PRE,0,TB,Tampa Bay Buccaneers D/ST,DST,3.1,0.0,3.1,3.1,3.1,3.1,0.0,1.0,3.1,,0.0,0
2026-10-08 23:51:33Z,DAL,pre,0.0,PRE,0,8917,KaVontae Turpin,WR,2.0,0.0,2.0,2.0,2.0,2.0,0.0,1.0,2.0,,0.0,0
2026-10-08 23:51:33Z,TB,pre,0.0,PRE,0,10227,Payne Durham,TE,1.1,0.0,1.1,1.1,1.1,1.1,0.0,1.0,1.1,,0.0,0
2026-10-08 23:51:33Z,DAL,pre,0.0,PRE,0,11593,Brevyn Spann-Ford,TE,0.6,0.0,0.6,0.6,0.6,0.6,0.0,1.0,0.6,,0.0,0
2026-10-08 23:51:33Z,TB,pre,0.0,PRE,0,13425,Jalon Daniels,QB,15.0,0.0,15.0,15.0,15.0,15.0,0.0,1.0,15.0,,0.0,0
2026-10-08 23:51:33Z,DAL,pre,0.0,PRE,0,11199,Emari Demercado,RB,3.7,0.0,3.7,3.7,3.7,3.7,0.0,1.0,3.7,,0.0,0
2026-10-08 23:51:33Z,DAL,pre,0.0,PRE,0,8162,Sam Howell,QB,0.9,0.0,0.9,0.9,0.9,0.9,0.0,1.0,0.9,,0.0,0
2026-10-08 23:51:33Z,DAL,pre,0.0,PRE,0,11783,Ryan Flournoy,WR,8.3,0.0,8.3,8.3,8.3,8.3,0.0,1.0,8.3,,0.0,0
2026-10-08 23:51:33Z,DAL,pre,0.0,PRE,0,10871,Luke Schoonmaker,TE,1.9,0.0,1.9,1.9,1.9,1.9,0.0,1.0,1.9,,0.0,0
2026-10-08 23:51:33Z,TB,pre,0.0,PRE,0,13317,Ted Hurst,WR,4.5,0.0,4.5,4.5,4.5,4.5,0.0,1.0,4.5,,0.0,0
2026-10-08 23:51:33Z,TB,pre,0.0,PRE,0,12485,Tez Johnson,WR,4.2,0.0,4.2,4.2,4.2,4.2,0.0,1.0,4.2,,0.0,0
2026-10-08 23:51:33Z,DAL,pre,0.0,PRE,0,7588,Javonte Williams,RB,18.2,0.0,18.2,18.2,18.2,18.2,0.0,1.0,18.2,,0.0,0
2026-10-08 23:53:34Z,DAL,pre,0.0,PRE,0,11533,Brandon Aubrey,K,9.8,0.0,9.8,9.8,9.8,9.8,0.0,1.0,9.8,,0.0,0
2026-10-08 23:53:34Z,DAL,pre,0.0,PRE,0,6786,CeeDee Lamb,WR,19.6,0.0,19.6,19.6,19.6,19.6,0.0,1.0,19.6,,0.0,0
2026-10-08 23:53:34Z,TB,pre,0.0,PRE,0,11584,Bucky Irving,RB,11.1,0.0,11.1,11.1,11.1,11.1,0.0,1.0,11.1,,0.0,0
2026-10-08 23:53:34Z,DAL,pre,0.0,PRE,0,3294,Dak Prescott,QB,22.1,0.0,22.1,22.1,22.1,22.1,0.0,1.0,22.1,,0.0,0
2026-10-08 23:53:34Z,TB,pre,0.0,PRE,0,8111,Cade Otton,TE,7.9,0.0,7.9,7.9,7.9,7.9,0.0,1.0,7.9,,0.0,0
2026-10-08 23:53:34Z,TB,pre,0.0,PRE,0,4037,Chris Godwin,WR,8.0,0.0,8.0,8.0,8.0,8.0,0.0,1.0,8.0,,0.0,0
2026-10-08 23:53:34Z,DAL,pre,0.0,PRE,0,8110,Jake Ferguson,TE,8.8,0.0,8.8,8.8,8.8,8.8,0.0,1.0,8.8,,0.0,0
2026-10-08 23:53:34Z,TB,pre,0.0,PRE,0,6650,Chase McLaughlin,K,6.7,0.0,6.7,6.7,6.7,6.7,0.0,1.0,6.7,,0.0,0
2026-10-08 23:53:34Z,TB,pre,0.0,PRE,0,9506,Sean Tucker,RB,2.4,0.0,2.4,2.4,2.4,2.4,0.0,1.0,2.4,,0.0,0
2026-10-08 23:53:34Z,TB,pre,0.0,PRE,0,12514,Emeka Egbuka,WR,9.1,0.0,9.1,9.1,9.1,9.1,0.0,1.0,9.1,,0.0,0
2026-10-08 23:53:34Z,DAL,pre,0.0,PRE,0,DAL,Dallas Cowboys D/ST,DST,7.3,0.0,7.3,7.3,7.3,7.3,0.0,1.0,7.3,,0.0,0
2026-10-08 23:53:34Z,DAL,pre,0.0,PRE,0,8137,George Pickens,WR,14.8,0.0,14.8,14.8,14.8,14.8,0.0,1.0,14.8,,0.0,0
2026-10-08 23:53:34Z,TB,pre,0.0,PRE,0,TB,Tampa Bay Buccaneers D/ST,DST,3.1,0.0,3.1,3.1,3.1,3.1,0.0,1.0,3.1,,0.0,0
2026-10-08 23:53:34Z,DAL,pre,0.0,PRE,0,8917,KaVontae Turpin,WR,2.0,0.0,2.0,2.0,2.0,2.0,0.0,1.0,2.0,,0.0,0
2026-10-08 23:53:34Z,TB,pre,0.0,PRE,0,10227,Payne Durham,TE,1.1,0.0,1.1,1.1,1.1,1.1,0.0,1.0,1.1,,0.0,0
2026-10-08 23:53:34Z,DAL,pre,0.0,PRE,0,11593,Brevyn Spann-Ford,TE,0.6,0.0,0.6,0.6,0.6,0.6,0.0,1.0,0.6,,0.0,0
2026-10-08 23:53:34Z,TB,pre,0.0,PRE,0,13425,Jalon Daniels,QB,15.0,0.0,15.0,15.0,15.0,15.0,0.0,1.0,15.0,,0.0,0
2026-10-08 23:53:34Z,DAL,pre,0.0,PRE,0,11199,Emari Demercado,RB,3.7,0.0,3.7,3.7,3.7,3.7,0.0,1.0,3.7,,0.0,0
2026-10-08 23:53:34Z,DAL,pre,0.0,PRE,0,8162,Sam Howell,QB,0.9,0.0,0.9,0.9,0.9,0.9,0.0,1.0,0.9,,0.0,0
2026-10-08 23:53:34Z,DAL,pre,0.0,PRE,0,11783,Ryan Flournoy,WR,8.3,0.0,8.3,8.3,8.3,8.3,0.0,1.0,8.3,,0.0,0
2026-10-08 23:53:34Z,DAL,pre,0.0,PRE,0,10871,Luke Schoonmaker,TE,1.9,0.0,1.9,1.9,1.9,1.9,0.0,1.0,1.9,,0.0,0
2026-10-08 23:53:34Z,TB,pre,0.0,PRE,0,13317,Ted Hurst,WR,4.5,0.0,4.5,4.5,4.5,4.5,0.0,1.0,4.5,,0.0,0
2026-10-08 23:53:34Z,TB,pre,0.0,PRE,0,12485,Tez Johnson,WR,4.2,0.0,4.2,4.2,4.2,4.2,0.0,1.0,4.2,,0.0,0
2026-10-08 23:53:34Z,DAL,pre,0.0,PRE,0,7588,Javonte Williams,RB,18.2,0.0,18.2,18.2,18.2,18.2,0.0,1.0,18.2,,0.0,0
2026-10-08 23:55:34Z,DAL,pre,0.0,PRE,0,11533,Brandon Aubrey,K,9.8,0.0,9.8,9.8,9.8,9.8,0.0,1.0,9.8,,0.0,0
2026-10-08 23:55:34Z,DAL,pre,0.0,PRE,0,6786,CeeDee Lamb,WR,19.6,0.0,19.6,19.6,19.6,19.6,0.0,1.0,19.6,,0.0,0
2026-10-08 23:55:34Z,TB,pre,0.0,PRE,0,11584,Bucky Irving,RB,11.1,0.0,11.1,11.1,11.1,11.1,0.0,1.0,11.1,,0.0,0
2026-10-08 23:55:34Z,DAL,pre,0.0,PRE,0,3294,Dak Prescott,QB,22.1,0.0,22.1,22.1,22.1,22.1,0.0,1.0,22.1,,0.0,0
2026-10-08 23:55:34Z,TB,pre,0.0,PRE,0,8111,Cade Otton,TE,7.9,0.0,7.9,7.9,7.9,7.9,0.0,1.0,7.9,,0.0,0
2026-10-08 23:55:34Z,TB,pre,0.0,PRE,0,4037,Chris Godwin,WR,8.0,0.0,8.0,8.0,8.0,8.0,0.0,1.0,8.0,,0.0,0
2026-10-08 23:55:34Z,DAL,pre,0.0,PRE,0,8110,Jake Ferguson,TE,8.8,0.0,8.8,8.8,8.8,8.8,0.0,1.0,8.8,,0.0,0
2026-10-08 23:55:34Z,TB,pre,0.0,PRE,0,6650,Chase McLaughlin,K,6.7,0.0,6.7,6.7,6.7,6.7,0.0,1.0,6.7,,0.0,0
2026-10-08 23:55:34Z,TB,pre,0.0,PRE,0,9506,Sean Tucker,RB,2.4,0.0,2.4,2.4,2.4,2.4,0.0,1.0,2.4,,0.0,0
2026-10-08 23:55:34Z,TB,pre,0.0,PRE,0,12514,Emeka Egbuka,WR,9.1,0.0,9.1,9.1,9.1,9.1,0.0,1.0,9.1,,0.0,0
2026-10-08 23:55:34Z,DAL,pre,0.0,PRE,0,DAL,Dallas Cowboys D/ST,DST,7.3,0.0,7.3,7.3,7.3,7.3,0.0,1.0,7.3,,0.0,0
2026-10-08 23:55:34Z,DAL,pre,0.0,PRE,0,8137,George Pickens,WR,14.8,0.0,14.8,14.8,14.8,14.8,0.0,1.0,14.8,,0.0,0
2026-10-08 23:55:34Z,TB,pre,0.0,PRE,0,TB,Tampa Bay Buccaneers D/ST,DST,3.1,0.0,3.1,3.1,3.1,3.1,0.0,1.0,3.1,,0.0,0
2026-10-08 23:55:34Z,DAL,pre,0.0,PRE,0,8917,KaVontae Turpin,WR,2.0,0.0,2.0,2.0,2.0,2.0,0.0,1.0,2.0,,0.0,0
2026-10-08 23:55:34Z,TB,pre,0.0,PRE,0,10227,Payne Durham,TE,1.1,0.0,1.1,1.1,1.1,1.1,0.0,1.0,1.1,,0.0,0
2026-10-08 23:55:34Z,DAL,pre,0.0,PRE,0,11593,Brevyn Spann-Ford,TE,0.6,0.0,0.6,0.6,0.6,0.6,0.0,1.0,0.6,,0.0,0
2026-10-08 23:55:34Z,TB,pre,0.0,PRE,0,13425,Jalon Daniels,QB,15.0,0.0,15.0,15.0,15.0,15.0,0.0,1.0,15.0,,0.0,0
2026-10-08 23:55:34Z,DAL,pre,0.0,PRE,0,11199,Emari Demercado,RB,3.7,0.0,3.7,3.7,3.7,3.7,0.0,1.0,3.7,,0.0,0
2026-10-08 23:55:34Z,DAL,pre,0.0,PRE,0,8162,Sam Howell,QB,0.9,0.0,0.9,0.9,0.9,0.9,0.0,1.0,0.9,,0.0,0
2026-10-08 23:55:34Z,DAL,pre,0.0,PRE,0,11783,Ryan Flournoy,WR,8.3,0.0,8.3,8.3,8.3,8.3,0.0,1.0,8.3,,0.0,0
2026-10-08 23:55:34Z,DAL,pre,0.0,PRE,0,10871,Luke Schoonmaker,TE,1.9,0.0,1.9,1.9,1.9,1.9,0.0,1.0,1.9,,0.0,0
2026-10-08 23:55:34Z,TB,pre,0.0,PRE,0,13317,Ted Hurst,WR,4.5,0.0,4.5,4.5,4.5,4.5,0.0,1.0,4.5,,0.0,0
2026-10-08 23:55:34Z,TB,pre,0.0,PRE,0,12485,Tez Johnson,WR,4.2,0.0,4.2,4.2,4.2,4.2,0.0,1.0,4.2,,0.0,0
2026-10-08 23:55:34Z,DAL,pre,0.0,PRE,0,7588,Javonte Williams,RB,18.2,0.0,18.2,18.2,18.2,18.2,0.0,1.0,18.2,,0.0,0
2026-10-08 23:57:34Z,DAL,pre,0.0,PRE,0,11533,Brandon Aubrey,K,9.8,0.0,9.8,9.8,9.8,9.8,0.0,1.0,9.8,,0.0,0
2026-10-08 23:57:34Z,DAL,pre,0.0,PRE,0,6786,CeeDee Lamb,WR,19.6,0.0,19.6,19.6,19.6,19.6,0.0,1.0,19.6,,0.0,0
2026-10-08 23:57:34Z,TB,pre,0.0,PRE,0,11584,Bucky Irving,RB,11.1,0.0,11.1,11.1,11.1,11.1,0.0,1.0,11.1,,0.0,0
2026-10-08 23:57:34Z,DAL,pre,0.0,PRE,0,3294,Dak Prescott,QB,22.1,0.0,22.1,22.1,22.1,22.1,0.0,1.0,22.1,,0.0,0
2026-10-08 23:57:34Z,TB,pre,0.0,PRE,0,8111,Cade Otton,TE,7.9,0.0,7.9,7.9,7.9,7.9,0.0,1.0,7.9,,0.0,0
2026-10-08 23:57:34Z,TB,pre,0.0,PRE,0,4037,Chris Godwin,WR,8.0,0.0,8.0,8.0,8.0,8.0,0.0,1.0,8.0,,0.0,0
2026-10-08 23:57:34Z,DAL,pre,0.0,PRE,0,8110,Jake Ferguson,TE,8.8,0.0,8.8,8.8,8.8,8.8,0.0,1.0,8.8,,0.0,0
2026-10-08 23:57:34Z,TB,pre,0.0,PRE,0,6650,Chase McLaughlin,K,6.7,0.0,6.7,6.7,6.7,6.7,0.0,1.0,6.7,,0.0,0
2026-10-08 23:57:34Z,TB,pre,0.0,PRE,0,9506,Sean Tucker,RB,2.4,0.0,2.4,2.4,2.4,2.4,0.0,1.0,2.4,,0.0,0
2026-10-08 23:57:34Z,TB,pre,0.0,PRE,0,12514,Emeka Egbuka,WR,9.1,0.0,9.1,9.1,9.1,9.1,0.0,1.0,9.1,,0.0,0
2026-10-08 23:57:34Z,DAL,pre,0.0,PRE,0,DAL,Dallas Cowboys D/ST,DST,7.3,0.0,7.3,7.3,7.3,7.3,0.0,1.0,7.3,,0.0,0
2026-10-08 23:57:34Z,DAL,pre,0.0,PRE,0,8137,George Pickens,WR,14.8,0.0,14.8,14.8,14.8,14.8,0.0,1.0,14.8,,0.0,0
2026-10-08 23:57:34Z,TB,pre,0.0,PRE,0,TB,Tampa Bay Buccaneers D/ST,DST,3.1,0.0,3.1,3.1,3.1,3.1,0.0,1.0,3.1,,0.0,0
2026-10-08 23:57:34Z,DAL,pre,0.0,PRE,0,8917,KaVontae Turpin,WR,2.0,0.0,2.0,2.0,2.0,2.0,0.0,1.0,2.0,,0.0,0
2026-10-08 23:57:34Z,TB,pre,0.0,PRE,0,10227,Payne Durham,TE,1.1,0.0,1.1,1.1,1.1,1.1,0.0,1.0,1.1,,0.0,0
2026-10-08 23:57:34Z,DAL,pre,0.0,PRE,0,11593,Brevyn Spann-Ford,TE,0.6,0.0,0.6,0.6,0.6,0.6,0.0,1.0,0.6,,0.0,0
2026-10-08 23:57:34Z,TB,pre,0.0,PRE,0,13425,Jalon Daniels,QB,15.0,0.0,15.0,15.0,15.0,15.0,0.0,1.0,15.0,,0.0,0
2026-10-08 23:57:34Z,DAL,pre,0.0,PRE,0,11199,Emari Demercado,RB,3.7,0.0,3.7,3.7,3.7,3.7,0.0,1.0,3.7,,0.0,0
2026-10-08 23:57:34Z,DAL,pre,0.0,PRE,0,8162,Sam Howell,QB,0.9,0.0,0.9,0.9,0.9,0.9,0.0,1.0,0.9,,0.0,0
2026-10-08 23:57:34Z,DAL,pre,0.0,PRE,0,11783,Ryan Flournoy,WR,8.3,0.0,8.3,8.3,8.3,8.3,0.0,1.0,8.3,,0.0,0
2026-10-08 23:57:34Z,DAL,pre,0.0,PRE,0,10871,Luke Schoonmaker,TE,1.9,0.0,1.9,1.9,1.9,1.9,0.0,1.0,1.9,,0.0,0
2026-10-08 23:57:34Z,TB,pre,0.0,PRE,0,13317,Ted Hurst,WR,4.5,0.0,4.5,4.5,4.5,4.5,0.0,1.0,4.5,,0.0,0
2026-10-08 23:57:34Z,TB,pre,0.0,PRE,0,12485,Tez Johnson,WR,4.2,0.0,4.2,4.2,4.2,4.2,0.0,1.0,4.2,,0.0,0
2026-10-08 23:57:34Z,DAL,pre,0.0,PRE,0,7588,Javonte Williams,RB,18.2,0.0,18.2,18.2,18.2,18.2,0.0,1.0,18.2,,0.0,0
2026-10-08 23:59:34Z,DAL,pre,0.0,PRE,0,11533,Brandon Aubrey,K,9.8,0.0,9.8,9.8,9.8,9.8,0.0,1.0,9.8,,0.0,0
2026-10-08 23:59:34Z,DAL,pre,0.0,PRE,0,6786,CeeDee Lamb,WR,19.6,0.0,19.6,19.6,19.6,19.6,0.0,1.0,19.6,,0.0,0
2026-10-08 23:59:34Z,TB,pre,0.0,PRE,0,11584,Bucky Irving,RB,11.1,0.0,11.1,11.1,11.1,11.1,0.0,1.0,11.1,,0.0,0
2026-10-08 23:59:34Z,DAL,pre,0.0,PRE,0,3294,Dak Prescott,QB,22.1,0.0,22.1,22.1,22.1,22.1,0.0,1.0,22.1,,0.0,0
2026-10-08 23:59:34Z,TB,pre,0.0,PRE,0,8111,Cade Otton,TE,7.9,0.0,7.9,7.9,7.9,7.9,0.0,1.0,7.9,,0.0,0
2026-10-08 23:59:34Z,TB,pre,0.0,PRE,0,4037,Chris Godwin,WR,8.0,0.0,8.0,8.0,8.0,8.0,0.0,1.0,8.0,,0.0,0
2026-10-08 23:59:34Z,DAL,pre,0.0,PRE,0,8110,Jake Ferguson,TE,8.8,0.0,8.8,8.8,8.8,8.8,0.0,1.0,8.8,,0.0,0
2026-10-08 23:59:34Z,TB,pre,0.0,PRE,0,6650,Chase McLaughlin,K,6.7,0.0,6.7,6.7,6.7,6.7,0.0,1.0,6.7,,0.0,0
2026-10-08 23:59:34Z,TB,pre,0.0,PRE,0,9506,Sean Tucker,RB,2.4,0.0,2.4,2.4,2.4,2.4,0.0,1.0,2.4,,0.0,0
2026-10-08 23:59:34Z,TB,pre,0.0,PRE,0,12514,Emeka Egbuka,WR,9.1,0.0,9.1,9.1,9.1,9.1,0.0,1.0,9.1,,0.0,0
2026-10-08 23:59:34Z,DAL,pre,0.0,PRE,0,DAL,Dallas Cowboys D/ST,DST,7.3,0.0,7.3,7.3,7.3,7.3,0.0,1.0,7.3,,0.0,0
2026-10-08 23:59:34Z,DAL,pre,0.0,PRE,0,8137,George Pickens,WR,14.8,0.0,14.8,14.8,14.8,14.8,0.0,1.0,14.8,,0.0,0
2026-10-08 23:59:34Z,TB,pre,0.0,PRE,0,TB,Tampa Bay Buccaneers D/ST,DST,3.1,0.0,3.1,3.1,3.1,3.1,0.0,1.0,3.1,,0.0,0
2026-10-08 23:59:34Z,DAL,pre,0.0,PRE,0,8917,KaVontae Turpin,WR,2.0,0.0,2.0,2.0,2.0,2.0,0.0,1.0,2.0,,0.0,0
2026-10-08 23:59:34Z,TB,pre,0.0,PRE,0,10227,Payne Durham,TE,1.1,0.0,1.1,1.1,1.1,1.1,0.0,1.0,1.1,,0.0,0
2026-10-08 23:59:34Z,DAL,pre,0.0,PRE,0,11593,Brevyn Spann-Ford,TE,0.6,0.0,0.6,0.6,0.6,0.6,0.0,1.0,0.6,,0.0,0
2026-10-08 23:59:34Z,TB,pre,0.0,PRE,0,13425,Jalon Daniels,QB,15.0,0.0,15.0,15.0,15.0,15.0,0.0,1.0,15.0,,0.0,0
2026-10-08 23:59:34Z,DAL,pre,0.0,PRE,0,11199,Emari Demercado,RB,3.7,0.0,3.7,3.7,3.7,3.7,0.0,1.0,3.7,,0.0,0
2026-10-08 23:59:34Z,DAL,pre,0.0,PRE,0,8162,Sam Howell,QB,0.9,0.0,0.9,0.9,0.9,0.9,0.0,1.0,0.9,,0.0,0
2026-10-08 23:59:34Z,DAL,pre,0.0,PRE,0,11783,Ryan Flournoy,WR,8.3,0.0,8.3,8.3,8.3,8.3,0.0,1.0,8.3,,0.0,0
2026-10-08 23:59:34Z,DAL,pre,0.0,PRE,0,10871,Luke Schoonmaker,TE,1.9,0.0,1.9,1.9,1.9,1.9,0.0,1.0,1.9,,0.0,0
2026-10-08 23:59:34Z,TB,pre,0.0,PRE,0,13317,Ted Hurst,WR,4.5,0.0,4.5,4.5,4.5,4.5,0.0,1.0,4.5,,0.0,0
2026-10-08 23:59:34Z,TB,pre,0.0,PRE,0,12485,Tez Johnson,WR,4.2,0.0,4.2,4.2,4.2,4.2,0.0,1.0,4.2,,0.0,0
2026-10-08 23:59:34Z,DAL,pre,0.0,PRE,0,7588,Javonte Williams,RB,18.2,0.0,18.2,18.2,18.2,18.2,0.0,1.0,18.2,,0.0,0
2026-10-09 00:01:35Z,DAL,pre,0.0,PRE,0,11533,Brandon Aubrey,K,9.8,0.0,9.8,9.8,9.8,9.8,0.0,1.0,9.8,,0.0,0
2026-10-09 00:01:35Z,DAL,pre,0.0,PRE,0,6786,CeeDee Lamb,WR,19.6,0.0,19.6,19.6,19.6,19.6,0.0,1.0,19.6,,0.0,0
2026-10-09 00:01:35Z,TB,pre,0.0,PRE,0,11584,Bucky Irving,RB,11.1,0.0,11.1,11.1,11.1,11.1,0.0,1.0,11.1,,0.0,0
2026-10-09 00:01:35Z,DAL,pre,0.0,PRE,0,3294,Dak Prescott,QB,22.1,0.0,22.1,22.1,22.1,22.1,0.0,1.0,22.1,,0.0,0
2026-10-09 00:01:35Z,TB,pre,0.0,PRE,0,8111,Cade Otton,TE,7.9,0.0,7.9,7.9,7.9,7.9,0.0,1.0,7.9,,0.0,0
2026-10-09 00:01:35Z,TB,pre,0.0,PRE,0,4037,Chris Godwin,WR,8.0,0.0,8.0,8.0,8.0,8.0,0.0,1.0,8.0,,0.0,0
2026-10-09 00:01:35Z,DAL,pre,0.0,PRE,0,8110,Jake Ferguson,TE,8.8,0.0,8.8,8.8,8.8,8.8,0.0,1.0,8.8,,0.0,0
2026-10-09 00:01:35Z,TB,pre,0.0,PRE,0,6650,Chase McLaughlin,K,6.7,0.0,6.7,6.7,6.7,6.7,0.0,1.0,6.7,,0.0,0
2026-10-09 00:01:35Z,TB,pre,0.0,PRE,0,9506,Sean Tucker,RB,2.4,0.0,2.4,2.4,2.4,2.4,0.0,1.0,2.4,,0.0,0
2026-10-09 00:01:35Z,TB,pre,0.0,PRE,0,12514,Emeka Egbuka,WR,9.1,0.0,9.1,9.1,9.1,9.1,0.0,1.0,9.1,,0.0,0
2026-10-09 00:01:35Z,DAL,pre,0.0,PRE,0,DAL,Dallas Cowboys D/ST,DST,7.3,0.0,7.3,7.3,7.3,7.3,0.0,1.0,7.3,,0.0,0
2026-10-09 00:01:35Z,DAL,pre,0.0,PRE,0,8137,George Pickens,WR,14.8,0.0,14.8,14.8,14.8,14.8,0.0,1.0,14.8,,0.0,0
2026-10-09 00:01:35Z,TB,pre,0.0,PRE,0,TB,Tampa Bay Buccaneers D/ST,DST,3.1,0.0,3.1,3.1,3.1,3.1,0.0,1.0,3.1,,0.0,0
2026-10-09 00:01:35Z,DAL,pre,0.0,PRE,0,8917,KaVontae Turpin,WR,2.0,0.0,2.0,2.0,2.0,2.0,0.0,1.0,2.0,,0.0,0
2026-10-09 00:01:35Z,TB,pre,0.0,PRE,0,10227,Payne Durham,TE,1.1,0.0,1.1,1.1,1.1,1.1,0.0,1.0,1.1,,0.0,0
2026-10-09 00:01:35Z,DAL,pre,0.0,PRE,0,11593,Brevyn Spann-Ford,TE,0.6,0.0,0.6,0.6,0.6,0.6,0.0,1.0,0.6,,0.0,0
2026-10-09 00:01:35Z,TB,pre,0.0,PRE,0,13425,Jalon Daniels,QB,15.0,0.0,15.0,15.0,15.0,15.0,0.0,1.0,15.0,,0.0,0
2026-10-09 00:01:35Z,DAL,pre,0.0,PRE,0,11199,Emari Demercado,RB,3.7,0.0,3.7,3.7,3.7,3.7,0.0,1.0,3.7,,0.0,0
2026-10-09 00:01:35Z,DAL,pre,0.0,PRE,0,8162,Sam Howell,QB,0.9,0.0,0.9,0.9,0.9,0.9,0.0,1.0,0.9,,0.0,0
2026-10-09 00:01:35Z,DAL,pre,0.0,PRE,0,11783,Ryan Flournoy,WR,8.3,0.0,8.3,8.3,8.3,8.3,0.0,1.0,8.3,,0.0,0
2026-10-09 00:01:35Z,DAL,pre,0.0,PRE,0,10871,Luke Schoonmaker,TE,1.9,0.0,1.9,1.9,1.9,1.9,0.0,1.0,1.9,,0.0,0
2026-10-09 00:01:35Z,TB,pre,0.0,PRE,0,13317,Ted Hurst,WR,4.5,0.0,4.5,4.5,4.5,4.5,0.0,1.0,4.5,,0.0,0
2026-10-09 00:01:35Z,TB,pre,0.0,PRE,0,12485,Tez Johnson,WR,4.2,0.0,4.2,4.2,4.2,4.2,0.0,1.0,4.2,,0.0,0
2026-10-09 00:01:35Z,DAL,pre,0.0,PRE,0,7588,Javonte Williams,RB,18.2,0.0,18.2,18.2,18.2,18.2,0.0,1.0,18.2,,0.0,0
2026-10-09 00:03:35Z,DAL,pre,0.0,PRE,0,11533,Brandon Aubrey,K,9.8,0.0,9.8,9.8,9.8,9.8,0.0,1.0,9.8,,0.0,0
2026-10-09 00:03:35Z,DAL,pre,0.0,PRE,0,6786,CeeDee Lamb,WR,19.6,0.0,19.6,19.6,19.6,19.6,0.0,1.0,19.6,,0.0,0
2026-10-09 00:03:35Z,TB,pre,0.0,PRE,0,11584,Bucky Irving,RB,11.1,0.0,11.1,11.1,11.1,11.1,0.0,1.0,11.1,,0.0,0
2026-10-09 00:03:35Z,DAL,pre,0.0,PRE,0,3294,Dak Prescott,QB,22.1,0.0,22.1,22.1,22.1,22.1,0.0,1.0,22.1,,0.0,0
2026-10-09 00:03:35Z,TB,pre,0.0,PRE,0,8111,Cade Otton,TE,7.9,0.0,7.9,7.9,7.9,7.9,0.0,1.0,7.9,,0.0,0
2026-10-09 00:03:35Z,TB,pre,0.0,PRE,0,4037,Chris Godwin,WR,8.0,0.0,8.0,8.0,8.0,8.0,0.0,1.0,8.0,,0.0,0
2026-10-09 00:03:35Z,DAL,pre,0.0,PRE,0,8110,Jake Ferguson,TE,8.8,0.0,8.8,8.8,8.8,8.8,0.0,1.0,8.8,,0.0,0
2026-10-09 00:03:35Z,TB,pre,0.0,PRE,0,6650,Chase McLaughlin,K,6.7,0.0,6.7,6.7,6.7,6.7,0.0,1.0,6.7,,0.0,0
2026-10-09 00:03:35Z,TB,pre,0.0,PRE,0,9506,Sean Tucker,RB,2.4,0.0,2.4,2.4,2.4,2.4,0.0,1.0,2.4,,0.0,0
2026-10-09 00:03:35Z,TB,pre,0.0,PRE,0,12514,Emeka Egbuka,WR,9.1,0.0,9.1,9.1,9.1,9.1,0.0,1.0,9.1,,0.0,0
2026-10-09 00:03:35Z,DAL,pre,0.0,PRE,0,DAL,Dallas Cowboys D/ST,DST,7.3,0.0,7.3,7.3,7.3,7.3,0.0,1.0,7.3,,0.0,0
2026-10-09 00:03:35Z,DAL,pre,0.0,PRE,0,8137,George Pickens,WR,14.8,0.0,14.8,14.8,14.8,14.8,0.0,1.0,14.8,,0.0,0
2026-10-09 00:03:35Z,TB,pre,0.0,PRE,0,TB,Tampa Bay Buccaneers D/ST,DST,3.1,0.0,3.1,3.1,3.1,3.1,0.0,1.0,3.1,,0.0,0
2026-10-09 00:03:35Z,DAL,pre,0.0,PRE,0,8917,KaVontae Turpin,WR,2.0,0.0,2.0,2.0,2.0,2.0,0.0,1.0,2.0,,0.0,0
2026-10-09 00:03:35Z,TB,pre,0.0,PRE,0,10227,Payne Durham,TE,1.1,0.0,1.1,1.1,1.1,1.1,0.0,1.0,1.1,,0.0,0
2026-10-09 00:03:35Z,DAL,pre,0.0,PRE,0,11593,Brevyn Spann-Ford,TE,0.6,0.0,0.6,0.6,0.6,0.6,0.0,1.0,0.6,,0.0,0
2026-10-09 00:03:35Z,TB,pre,0.0,PRE,0,13425,Jalon Daniels,QB,15.0,0.0,15.0,15.0,15.0,15.0,0.0,1.0,15.0,,0.0,0
2026-10-09 00:03:35Z,DAL,pre,0.0,PRE,0,11199,Emari Demercado,RB,3.7,0.0,3.7,3.7,3.7,3.7,0.0,1.0,3.7,,0.0,0
2026-10-09 00:03:35Z,DAL,pre,0.0,PRE,0,8162,Sam Howell,QB,0.9,0.0,0.9,0.9,0.9,0.9,0.0,1.0,0.9,,0.0,0
2026-10-09 00:03:35Z,DAL,pre,0.0,PRE,0,11783,Ryan Flournoy,WR,8.3,0.0,8.3,8.3,8.3,8.3,0.0,1.0,8.3,,0.0,0
2026-10-09 00:03:35Z,DAL,pre,0.0,PRE,0,10871,Luke Schoonmaker,TE,1.9,0.0,1.9,1.9,1.9,1.9,0.0,1.0,1.9,,0.0,0
2026-10-09 00:03:35Z,TB,pre,0.0,PRE,0,13317,Ted Hurst,WR,4.5,0.0,4.5,4.5,4.5,4.5,0.0,1.0,4.5,,0.0,0
2026-10-09 00:03:35Z,TB,pre,0.0,PRE,0,12485,Tez Johnson,WR,4.2,0.0,4.2,4.2,4.2,4.2,0.0,1.0,4.2,,0.0,0
2026-10-09 00:03:35Z,DAL,pre,0.0,PRE,0,7588,Javonte Williams,RB,18.2,0.0,18.2,18.2,18.2,18.2,0.0,1.0,18.2,,0.0,0
2026-10-09 00:05:35Z,DAL,pre,0.0,PRE,0,11533,Brandon Aubrey,K,9.8,0.0,9.8,9.8,9.8,9.8,0.0,1.0,9.8,,0.0,0
2026-10-09 00:05:35Z,DAL,pre,0.0,PRE,0,6786,CeeDee Lamb,WR,19.6,0.0,19.6,19.6,19.6,19.6,0.0,1.0,19.6,,0.0,0
2026-10-09 00:05:35Z,TB,pre,0.0,PRE,0,11584,Bucky Irving,RB,11.1,0.0,11.1,11.1,11.1,11.1,0.0,1.0,11.1,,0.0,0
2026-10-09 00:05:35Z,DAL,pre,0.0,PRE,0,3294,Dak Prescott,QB,22.1,0.0,22.1,22.1,22.1,22.1,0.0,1.0,22.1,,0.0,0
2026-10-09 00:05:35Z,TB,pre,0.0,PRE,0,8111,Cade Otton,TE,7.9,0.0,7.9,7.9,7.9,7.9,0.0,1.0,7.9,,0.0,0
2026-10-09 00:05:35Z,TB,pre,0.0,PRE,0,4037,Chris Godwin,WR,8.0,0.0,8.0,8.0,8.0,8.0,0.0,1.0,8.0,,0.0,0
2026-10-09 00:05:35Z,DAL,pre,0.0,PRE,0,8110,Jake Ferguson,TE,8.8,0.0,8.8,8.8,8.8,8.8,0.0,1.0,8.8,,0.0,0
2026-10-09 00:05:35Z,TB,pre,0.0,PRE,0,6650,Chase McLaughlin,K,6.7,0.0,6.7,6.7,6.7,6.7,0.0,1.0,6.7,,0.0,0
2026-10-09 00:05:35Z,TB,pre,0.0,PRE,0,9506,Sean Tucker,RB,2.4,0.0,2.4,2.4,2.4,2.4,0.0,1.0,2.4,,0.0,0
2026-10-09 00:05:35Z,TB,pre,0.0,PRE,0,12514,Emeka Egbuka,WR,9.1,0.0,9.1,9.1,9.1,9.1,0.0,1.0,9.1,,0.0,0
2026-10-09 00:05:35Z,DAL,pre,0.0,PRE,0,DAL,Dallas Cowboys D/ST,DST,7.3,0.0,7.3,7.3,7.3,7.3,0.0,1.0,7.3,,0.0,0
2026-10-09 00:05:35Z,DAL,pre,0.0,PRE,0,8137,George Pickens,WR,14.8,0.0,14.8,14.8,14.8,14.8,0.0,1.0,14.8,,0.0,0
2026-10-09 00:05:35Z,TB,pre,0.0,PRE,0,TB,Tampa Bay Buccaneers D/ST,DST,3.1,0.0,3.1,3.1,3.1,3.1,0.0,1.0,3.1,,0.0,0
2026-10-09 00:05:35Z,DAL,pre,0.0,PRE,0,8917,KaVontae Turpin,WR,2.0,0.0,2.0,2.0,2.0,2.0,0.0,1.0,2.0,,0.0,0
2026-10-09 00:05:35Z,TB,pre,0.0,PRE,0,10227,Payne Durham,TE,1.1,0.0,1.1,1.1,1.1,1.1,0.0,1.0,1.1,,0.0,0
2026-10-09 00:05:35Z,DAL,pre,0.0,PRE,0,11593,Brevyn Spann-Ford,TE,0.6,0.0,0.6,0.6,0.6,0.6,0.0,1.0,0.6,,0.0,0
2026-10-09 00:05:35Z,TB,pre,0.0,PRE,0,13425,Jalon Daniels,QB,15.0,0.0,15.0,15.0,15.0,15.0,0.0,1.0,15.0,,0.0,0
2026-10-09 00:05:35Z,DAL,pre,0.0,PRE,0,11199,Emari Demercado,RB,3.7,0.0,3.7,3.7,3.7,3.7,0.0,1.0,3.7,,0.0,0
2026-10-09 00:05:35Z,DAL,pre,0.0,PRE,0,8162,Sam Howell,QB,0.9,0.0,0.9,0.9,0.9,0.9,0.0,1.0,0.9,,0.0,0
2026-10-09 00:05:35Z,DAL,pre,0.0,PRE,0,11783,Ryan Flournoy,WR,8.3,0.0,8.3,8.3,8.3,8.3,0.0,1.0,8.3,,0.0,0
2026-10-09 00:05:35Z,DAL,pre,0.0,PRE,0,10871,Luke Schoonmaker,TE,1.9,0.0,1.9,1.9,1.9,1.9,0.0,1.0,1.9,,0.0,0
2026-10-09 00:05:35Z,TB,pre,0.0,PRE,0,13317,Ted Hurst,WR,4.5,0.0,4.5,4.5,4.5,4.5,0.0,1.0,4.5,,0.0,0
2026-10-09 00:05:35Z,TB,pre,0.0,PRE,0,12485,Tez Johnson,WR,4.2,0.0,4.2,4.2,4.2,4.2,0.0,1.0,4.2,,0.0,0
2026-10-09 00:05:35Z,DAL,pre,0.0,PRE,0,7588,Javonte Williams,RB,18.2,0.0,18.2,18.2,18.2,18.2,0.0,1.0,18.2,,0.0,0
2026-10-09 00:07:36Z,DAL,pre,0.0,PRE,0,11533,Brandon Aubrey,K,9.8,0.0,9.8,9.8,9.8,9.8,0.0,1.0,9.8,,0.0,0
2026-10-09 00:07:36Z,DAL,pre,0.0,PRE,0,6786,CeeDee Lamb,WR,19.6,0.0,19.6,19.6,19.6,19.6,0.0,1.0,19.6,,0.0,0
2026-10-09 00:07:36Z,TB,pre,0.0,PRE,0,11584,Bucky Irving,RB,11.1,0.0,11.1,11.1,11.1,11.1,0.0,1.0,11.1,,0.0,0
2026-10-09 00:07:36Z,DAL,pre,0.0,PRE,0,3294,Dak Prescott,QB,22.1,0.0,22.1,22.1,22.1,22.1,0.0,1.0,22.1,,0.0,0
2026-10-09 00:07:36Z,TB,pre,0.0,PRE,0,8111,Cade Otton,TE,7.9,0.0,7.9,7.9,7.9,7.9,0.0,1.0,7.9,,0.0,0
2026-10-09 00:07:36Z,TB,pre,0.0,PRE,0,4037,Chris Godwin,WR,8.0,0.0,8.0,8.0,8.0,8.0,0.0,1.0,8.0,,0.0,0
2026-10-09 00:07:36Z,DAL,pre,0.0,PRE,0,8110,Jake Ferguson,TE,8.8,0.0,8.8,8.8,8.8,8.8,0.0,1.0,8.8,,0.0,0
2026-10-09 00:07:36Z,TB,pre,0.0,PRE,0,6650,Chase McLaughlin,K,6.7,0.0,6.7,6.7,6.7,6.7,0.0,1.0,6.7,,0.0,0
2026-10-09 00:07:36Z,TB,pre,0.0,PRE,0,9506,Sean Tucker,RB,2.4,0.0,2.4,2.4,2.4,2.4,0.0,1.0,2.4,,0.0,0
2026-10-09 00:07:36Z,TB,pre,0.0,PRE,0,12514,Emeka Egbuka,WR,9.1,0.0,9.1,9.1,9.1,9.1,0.0,1.0,9.1,,0.0,0
2026-10-09 00:07:36Z,DAL,pre,0.0,PRE,0,DAL,Dallas Cowboys D/ST,DST,7.3,0.0,7.3,7.3,7.3,7.3,0.0,1.0,7.3,,0.0,0
2026-10-09 00:07:36Z,DAL,pre,0.0,PRE,0,8137,George Pickens,WR,14.8,0.0,14.8,14.8,14.8,14.8,0.0,1.0,14.8,,0.0,0
2026-10-09 00:07:36Z,TB,pre,0.0,PRE,0,TB,Tampa Bay Buccaneers D/ST,DST,3.1,0.0,3.1,3.1,3.1,3.1,0.0,1.0,3.1,,0.0,0
2026-10-09 00:07:36Z,DAL,pre,0.0,PRE,0,8917,KaVontae Turpin,WR,2.0,0.0,2.0,2.0,2.0,2.0,0.0,1.0,2.0,,0.0,0
2026-10-09 00:07:36Z,TB,pre,0.0,PRE,0,10227,Payne Durham,TE,1.1,0.0,1.1,1.1,1.1,1.1,0.0,1.0,1.1,,0.0,0
2026-10-09 00:07:36Z,DAL,pre,0.0,PRE,0,11593,Brevyn Spann-Ford,TE,0.6,0.0,0.6,0.6,0.6,0.6,0.0,1.0,0.6,,0.0,0
2026-10-09 00:07:36Z,TB,pre,0.0,PRE,0,13425,Jalon Daniels,QB,15.0,0.0,15.0,15.0,15.0,15.0,0.0,1.0,15.0,,0.0,0
2026-10-09 00:07:36Z,DAL,pre,0.0,PRE,0,11199,Emari Demercado,RB,3.7,0.0,3.7,3.7,3.7,3.7,0.0,1.0,3.7,,0.0,0
2026-10-09 00:07:36Z,DAL,pre,0.0,PRE,0,8162,Sam Howell,QB,0.9,0.0,0.9,0.9,0.9,0.9,0.0,1.0,0.9,,0.0,0
2026-10-09 00:07:36Z,DAL,pre,0.0,PRE,0,11783,Ryan Flournoy,WR,8.3,0.0,8.3,8.3,8.3,8.3,0.0,1.0,8.3,,0.0,0
2026-10-09 00:07:36Z,DAL,pre,0.0,PRE,0,10871,Luke Schoonmaker,TE,1.9,0.0,1.9,1.9,1.9,1.9,0.0,1.0,1.9,,0.0,0
2026-10-09 00:07:36Z,TB,pre,0.0,PRE,0,13317,Ted Hurst,WR,4.5,0.0,4.5,4.5,4.5,4.5,0.0,1.0,4.5,,0.0,0
2026-10-09 00:07:36Z,TB,pre,0.0,PRE,0,12485,Tez Johnson,WR,4.2,0.0,4.2,4.2,4.2,4.2,0.0,1.0,4.2,,0.0,0
2026-10-09 00:07:36Z,DAL,pre,0.0,PRE,0,7588,Javonte Williams,RB,18.2,0.0,18.2,18.2,18.2,18.2,0.0,1.0,18.2,,0.0,0
2026-10-09 00:09:36Z,DAL,pre,0.0,PRE,0,11533,Brandon Aubrey,K,9.8,0.0,9.8,9.8,9.8,9.8,0.0,1.0,9.8,,0.0,0
2026-10-09 00:09:36Z,DAL,pre,0.0,PRE,0,6786,CeeDee Lamb,WR,19.6,0.0,19.6,19.6,19.6,19.6,0.0,1.0,19.6,,0.0,0
2026-10-09 00:09:36Z,TB,pre,0.0,PRE,0,11584,Bucky Irving,RB,11.1,0.0,11.1,11.1,11.1,11.1,0.0,1.0,11.1,,0.0,0
2026-10-09 00:09:36Z,DAL,pre,0.0,PRE,0,3294,Dak Prescott,QB,22.1,0.0,22.1,22.1,22.1,22.1,0.0,1.0,22.1,,0.0,0
2026-10-09 00:09:36Z,TB,pre,0.0,PRE,0,8111,Cade Otton,TE,7.9,0.0,7.9,7.9,7.9,7.9,0.0,1.0,7.9,,0.0,0
2026-10-09 00:09:36Z,TB,pre,0.0,PRE,0,4037,Chris Godwin,WR,8.0,0.0,8.0,8.0,8.0,8.0,0.0,1.0,8.0,,0.0,0
2026-10-09 00:09:36Z,DAL,pre,0.0,PRE,0,8110,Jake Ferguson,TE,8.8,0.0,8.8,8.8,8.8,8.8,0.0,1.0,8.8,,0.0,0
2026-10-09 00:09:36Z,TB,pre,0.0,PRE,0,6650,Chase McLaughlin,K,6.7,0.0,6.7,6.7,6.7,6.7,0.0,1.0,6.7,,0.0,0
2026-10-09 00:09:36Z,TB,pre,0.0,PRE,0,9506,Sean Tucker,RB,2.4,0.0,2.4,2.4,2.4,2.4,0.0,1.0,2.4,,0.0,0
2026-10-09 00:09:36Z,TB,pre,0.0,PRE,0,12514,Emeka Egbuka,WR,9.1,0.0,9.1,9.1,9.1,9.1,0.0,1.0,9.1,,0.0,0
2026-10-09 00:09:36Z,DAL,pre,0.0,PRE,0,DAL,Dallas Cowboys D/ST,DST,7.3,0.0,7.3,7.3,7.3,7.3,0.0,1.0,7.3,,0.0,0
2026-10-09 00:09:36Z,DAL,pre,0.0,PRE,0,8137,George Pickens,WR,14.8,0.0,14.8,14.8,14.8,14.8,0.0,1.0,14.8,,0.0,0
2026-10-09 00:09:36Z,TB,pre,0.0,PRE,0,TB,Tampa Bay Buccaneers D/ST,DST,3.1,0.0,3.1,3.1,3.1,3.1,0.0,1.0,3.1,,0.0,0
2026-10-09 00:09:36Z,DAL,pre,0.0,PRE,0,8917,KaVontae Turpin,WR,2.0,0.0,2.0,2.0,2.0,2.0,0.0,1.0,2.0,,0.0,0
2026-10-09 00:09:36Z,TB,pre,0.0,PRE,0,10227,Payne Durham,TE,1.1,0.0,1.1,1.1,1.1,1.1,0.0,1.0,1.1,,0.0,0
2026-10-09 00:09:36Z,DAL,pre,0.0,PRE,0,11593,Brevyn Spann-Ford,TE,0.6,0.0,0.6,0.6,0.6,0.6,0.0,1.0,0.6,,0.0,0
2026-10-09 00:09:36Z,TB,pre,0.0,PRE,0,13425,Jalon Daniels,QB,15.0,0.0,15.0,15.0,15.0,15.0,0.0,1.0,15.0,,0.0,0
2026-10-09 00:09:36Z,DAL,pre,0.0,PRE,0,11199,Emari Demercado,RB,3.7,0.0,3.7,3.7,3.7,3.7,0.0,1.0,3.7,,0.0,0
2026-10-09 00:09:36Z,DAL,pre,0.0,PRE,0,8162,Sam Howell,QB,0.9,0.0,0.9,0.9,0.9,0.9,0.0,1.0,0.9,,0.0,0
2026-10-09 00:09:36Z,DAL,pre,0.0,PRE,0,11783,Ryan Flournoy,WR,8.3,0.0,8.3,8.3,8.3,8.3,0.0,1.0,8.3,,0.0,0
2026-10-09 00:09:36Z,DAL,pre,0.0,PRE,0,10871,Luke Schoonmaker,TE,1.9,0.0,1.9,1.9,1.9,1.9,0.0,1.0,1.9,,0.0,0
2026-10-09 00:09:36Z,TB,pre,0.0,PRE,0,13317,Ted Hurst,WR,4.5,0.0,4.5,4.5,4.5,4.5,0.0,1.0,4.5,,0.0,0
2026-10-09 00:09:36Z,TB,pre,0.0,PRE,0,12485,Tez Johnson,WR,4.2,0.0,4.2,4.2,4.2,4.2,0.0,1.0,4.2,,0.0,0
2026-10-09 00:09:36Z,DAL,pre,0.0,PRE,0,7588,Javonte Williams,RB,18.2,0.0,18.2,18.2,18.2,18.2,0.0,1.0,18.2,,0.0,0
2026-10-09 00:11:37Z,DAL,pre,0.0,PRE,0,11533,Brandon Aubrey,K,9.8,0.0,9.8,9.8,9.8,9.8,0.0,1.0,9.8,,0.0,0
2026-10-09 00:11:37Z,DAL,pre,0.0,PRE,0,6786,CeeDee Lamb,WR,19.6,0.0,19.6,19.6,19.6,19.6,0.0,1.0,19.6,,0.0,0
2026-10-09 00:11:37Z,TB,pre,0.0,PRE,0,11584,Bucky Irving,RB,11.1,0.0,11.1,11.1,11.1,11.1,0.0,1.0,11.1,,0.0,0
2026-10-09 00:11:37Z,DAL,pre,0.0,PRE,0,3294,Dak Prescott,QB,22.1,0.0,22.1,22.1,22.1,22.1,0.0,1.0,22.1,,0.0,0
2026-10-09 00:11:37Z,TB,pre,0.0,PRE,0,8111,Cade Otton,TE,7.9,0.0,7.9,7.9,7.9,7.9,0.0,1.0,7.9,,0.0,0
2026-10-09 00:11:37Z,TB,pre,0.0,PRE,0,4037,Chris Godwin,WR,8.0,0.0,8.0,8.0,8.0,8.0,0.0,1.0,8.0,,0.0,0
2026-10-09 00:11:37Z,DAL,pre,0.0,PRE,0,8110,Jake Ferguson,TE,8.8,0.0,8.8,8.8,8.8,8.8,0.0,1.0,8.8,,0.0,0
2026-10-09 00:11:37Z,TB,pre,0.0,PRE,0,6650,Chase McLaughlin,K,6.7,0.0,6.7,6.7,6.7,6.7,0.0,1.0,6.7,,0.0,0
2026-10-09 00:11:37Z,TB,pre,0.0,PRE,0,9506,Sean Tucker,RB,2.4,0.0,2.4,2.4,2.4,2.4,0.0,1.0,2.4,,0.0,0
2026-10-09 00:11:37Z,TB,pre,0.0,PRE,0,12514,Emeka Egbuka,WR,9.1,0.0,9.1,9.1,9.1,9.1,0.0,1.0,9.1,,0.0,0
2026-10-09 00:11:37Z,DAL,pre,0.0,PRE,0,DAL,Dallas Cowboys D/ST,DST,7.3,0.0,7.3,7.3,7.3,7.3,0.0,1.0,7.3,,0.0,0
2026-10-09 00:11:37Z,DAL,pre,0.0,PRE,0,8137,George Pickens,WR,14.8,0.0,14.8,14.8,14.8,14.8,0.0,1.0,14.8,,0.0,0
2026-10-09 00:11:37Z,TB,pre,0.0,PRE,0,TB,Tampa Bay Buccaneers D/ST,DST,3.1,0.0,3.1,3.1,3.1,3.1,0.0,1.0,3.1,,0.0,0
2026-10-09 00:11:37Z,DAL,pre,0.0,PRE,0,8917,KaVontae Turpin,WR,2.0,0.0,2.0,2.0,2.0,2.0,0.0,1.0,2.0,,0.0,0
2026-10-09 00:11:37Z,TB,pre,0.0,PRE,0,10227,Payne Durham,TE,1.1,0.0,1.1,1.1,1.1,1.1,0.0,1.0,1.1,,0.0,0
2026-10-09 00:11:37Z,DAL,pre,0.0,PRE,0,11593,Brevyn Spann-Ford,TE,0.6,0.0,0.6,0.6,0.6,0.6,0.0,1.0,0.6,,0.0,0
2026-10-09 00:11:37Z,TB,pre,0.0,PRE,0,13425,Jalon Daniels,QB,15.0,0.0,15.0,15.0,15.0,15.0,0.0,1.0,15.0,,0.0,0
2026-10-09 00:11:37Z,DAL,pre,0.0,PRE,0,11199,Emari Demercado,RB,3.7,0.0,3.7,3.7,3.7,3.7,0.0,1.0,3.7,,0.0,0
2026-10-09 00:11:37Z,DAL,pre,0.0,PRE,0,8162,Sam Howell,QB,0.9,0.0,0.9,0.9,0.9,0.9,0.0,1.0,0.9,,0.0,0
2026-10-09 00:11:37Z,DAL,pre,0.0,PRE,0,11783,Ryan Flournoy,WR,8.3,0.0,8.3,8.3,8.3,8.3,0.0,1.0,8.3,,0.0,0
2026-10-09 00:11:37Z,DAL,pre,0.0,PRE,0,10871,Luke Schoonmaker,TE,1.9,0.0,1.9,1.9,1.9,1.9,0.0,1.0,1.9,,0.0,0
2026-10-09 00:11:37Z,TB,pre,0.0,PRE,0,13317,Ted Hurst,WR,4.5,0.0,4.5,4.5,4.5,4.5,0.0,1.0,4.5,,0.0,0
2026-10-09 00:11:37Z,TB,pre,0.0,PRE,0,12485,Tez Johnson,WR,4.2,0.0,4.2,4.2,4.2,4.2,0.0,1.0,4.2,,0.0,0
2026-10-09 00:11:37Z,DAL,pre,0.0,PRE,0,7588,Javonte Williams,RB,18.2,0.0,18.2,18.2,18.2,18.2,0.0,1.0,18.2,,0.0,0
2026-10-09 00:13:37Z,DAL,pre,0.0,PRE,0,11533,Brandon Aubrey,K,9.8,0.0,9.8,9.8,9.8,9.8,0.0,1.0,9.8,,0.0,0
2026-10-09 00:13:37Z,DAL,pre,0.0,PRE,0,6786,CeeDee Lamb,WR,19.6,0.0,19.6,19.6,19.6,19.6,0.0,1.0,19.6,,0.0,0
2026-10-09 00:13:37Z,TB,pre,0.0,PRE,0,11584,Bucky Irving,RB,11.1,0.0,11.1,11.1,11.1,11.1,0.0,1.0,11.1,,0.0,0
2026-10-09 00:13:37Z,DAL,pre,0.0,PRE,0,3294,Dak Prescott,QB,22.1,0.0,22.1,22.1,22.1,22.1,0.0,1.0,22.1,,0.0,0
2026-10-09 00:13:37Z,TB,pre,0.0,PRE,0,8111,Cade Otton,TE,7.9,0.0,7.9,7.9,7.9,7.9,0.0,1.0,7.9,,0.0,0
2026-10-09 00:13:37Z,TB,pre,0.0,PRE,0,4037,Chris Godwin,WR,8.0,0.0,8.0,8.0,8.0,8.0,0.0,1.0,8.0,,0.0,0
2026-10-09 00:13:37Z,DAL,pre,0.0,PRE,0,8110,Jake Ferguson,TE,8.8,0.0,8.8,8.8,8.8,8.8,0.0,1.0,8.8,,0.0,0
2026-10-09 00:13:37Z,TB,pre,0.0,PRE,0,6650,Chase McLaughlin,K,6.7,0.0,6.7,6.7,6.7,6.7,0.0,1.0,6.7,,0.0,0
2026-10-09 00:13:37Z,TB,pre,0.0,PRE,0,9506,Sean Tucker,RB,2.4,0.0,2.4,2.4,2.4,2.4,0.0,1.0,2.4,,0.0,0
2026-10-09 00:13:37Z,TB,pre,0.0,PRE,0,12514,Emeka Egbuka,WR,9.1,0.0,9.1,9.1,9.1,9.1,0.0,1.0,9.1,,0.0,0
2026-10-09 00:13:37Z,DAL,pre,0.0,PRE,0,DAL,Dallas Cowboys D/ST,DST,7.3,0.0,7.3,7.3,7.3,7.3,0.0,1.0,7.3,,0.0,0
2026-10-09 00:13:37Z,DAL,pre,0.0,PRE,0,8137,George Pickens,WR,14.8,0.0,14.8,14.8,14.8,14.8,0.0,1.0,14.8,,0.0,0
2026-10-09 00:13:37Z,TB,pre,0.0,PRE,0,TB,Tampa Bay Buccaneers D/ST,DST,3.1,0.0,3.1,3.1,3.1,3.1,0.0,1.0,3.1,,0.0,0
2026-10-09 00:13:37Z,DAL,pre,0.0,PRE,0,8917,KaVontae Turpin,WR,2.0,0.0,2.0,2.0,2.0,2.0,0.0,1.0,2.0,,0.0,0
2026-10-09 00:13:37Z,TB,pre,0.0,PRE,0,10227,Payne Durham,TE,1.1,0.0,1.1,1.1,1.1,1.1,0.0,1.0,1.1,,0.0,0
2026-10-09 00:13:37Z,DAL,pre,0.0,PRE,0,11593,Brevyn Spann-Ford,TE,0.6,0.0,0.6,0.6,0.6,0.6,0.0,1.0,0.6,,0.0,0
2026-10-09 00:13:37Z,TB,pre,0.0,PRE,0,13425,Jalon Daniels,QB,15.0,0.0,15.0,15.0,15.0,15.0,0.0,1.0,15.0,,0.0,0
2026-10-09 00:13:37Z,DAL,pre,0.0,PRE,0,11199,Emari Demercado,RB,3.7,0.0,3.7,3.7,3.7,3.7,0.0,1.0,3.7,,0.0,0
2026-10-09 00:13:37Z,DAL,pre,0.0,PRE,0,8162,Sam Howell,QB,0.9,0.0,0.9,0.9,0.9,0.9,0.0,1.0,0.9,,0.0,0
2026-10-09 00:13:37Z,DAL,pre,0.0,PRE,0,11783,Ryan Flournoy,WR,8.3,0.0,8.3,8.3,8.3,8.3,0.0,1.0,8.3,,0.0,0
2026-10-09 00:13:37Z,DAL,pre,0.0,PRE,0,10871,Luke Schoonmaker,TE,1.9,0.0,1.9,1.9,1.9,1.9,0.0,1.0,1.9,,0.0,0
2026-10-09 00:13:37Z,TB,pre,0.0,PRE,0,13317,Ted Hurst,WR,4.5,0.0,4.5,4.5,4.5,4.5,0.0,1.0,4.5,,0.0,0
2026-10-09 00:13:37Z,TB,pre,0.0,PRE,0,12485,Tez Johnson,WR,4.2,0.0,4.2,4.2,4.2,4.2,0.0,1.0,4.2,,0.0,0
2026-10-09 00:13:37Z,DAL,pre,0.0,PRE,0,7588,Javonte Williams,RB,18.2,0.0,18.2,18.2,18.2,18.2,0.0,1.0,18.2,,0.0,0
2026-10-09 00:15:37Z,DAL,pre,0.0,PRE,0,11533,Brandon Aubrey,K,9.8,0.0,9.8,9.8,9.8,9.8,0.0,1.0,9.8,,0.0,0
2026-10-09 00:15:37Z,DAL,pre,0.0,PRE,0,6786,CeeDee Lamb,WR,19.6,0.0,19.6,19.6,19.6,19.6,0.0,1.0,19.6,,0.0,0
2026-10-09 00:15:37Z,TB,pre,0.0,PRE,0,11584,Bucky Irving,RB,11.1,0.0,11.1,11.1,11.1,11.1,0.0,1.0,11.1,,0.0,0
2026-10-09 00:15:37Z,DAL,pre,0.0,PRE,0,3294,Dak Prescott,QB,22.1,0.0,22.1,22.1,22.1,22.1,0.0,1.0,22.1,,0.0,0
2026-10-09 00:15:37Z,TB,pre,0.0,PRE,0,8111,Cade Otton,TE,7.9,0.0,7.9,7.9,7.9,7.9,0.0,1.0,7.9,,0.0,0
2026-10-09 00:15:37Z,TB,pre,0.0,PRE,0,4037,Chris Godwin,WR,8.0,0.0,8.0,8.0,8.0,8.0,0.0,1.0,8.0,,0.0,0
2026-10-09 00:15:37Z,DAL,pre,0.0,PRE,0,8110,Jake Ferguson,TE,8.8,0.0,8.8,8.8,8.8,8.8,0.0,1.0,8.8,,0.0,0
2026-10-09 00:15:37Z,TB,pre,0.0,PRE,0,6650,Chase McLaughlin,K,6.7,0.0,6.7,6.7,6.7,6.7,0.0,1.0,6.7,,0.0,0
2026-10-09 00:15:37Z,TB,pre,0.0,PRE,0,9506,Sean Tucker,RB,2.4,0.0,2.4,2.4,2.4,2.4,0.0,1.0,2.4,,0.0,0
2026-10-09 00:15:37Z,TB,pre,0.0,PRE,0,12514,Emeka Egbuka,WR,9.1,0.0,9.1,9.1,9.1,9.1,0.0,1.0,9.1,,0.0,0
2026-10-09 00:15:37Z,DAL,pre,0.0,PRE,0,DAL,Dallas Cowboys D/ST,DST,7.3,0.0,7.3,7.3,7.3,7.3,0.0,1.0,7.3,,0.0,0
2026-10-09 00:15:37Z,DAL,pre,0.0,PRE,0,8137,George Pickens,WR,14.8,0.0,14.8,14.8,14.8,14.8,0.0,1.0,14.8,,0.0,0
2026-10-09 00:15:37Z,TB,pre,0.0,PRE,0,TB,Tampa Bay Buccaneers D/ST,DST,3.1,0.0,3.1,3.1,3.1,3.1,0.0,1.0,3.1,,0.0,0
2026-10-09 00:15:37Z,DAL,pre,0.0,PRE,0,8917,KaVontae Turpin,WR,2.0,0.0,2.0,2.0,2.0,2.0,0.0,1.0,2.0,,0.0,0
2026-10-09 00:15:37Z,TB,pre,0.0,PRE,0,10227,Payne Durham,TE,1.1,0.0,1.1,1.1,1.1,1.1,0.0,1.0,1.1,,0.0,0
2026-10-09 00:15:37Z,DAL,pre,0.0,PRE,0,11593,Brevyn Spann-Ford,TE,0.6,0.0,0.6,0.6,0.6,0.6,0.0,1.0,0.6,,0.0,0
2026-10-09 00:15:37Z,TB,pre,0.0,PRE,0,13425,Jalon Daniels,QB,15.0,0.0,15.0,15.0,15.0,15.0,0.0,1.0,15.0,,0.0,0
2026-10-09 00:15:37Z,DAL,pre,0.0,PRE,0,11199,Emari Demercado,RB,3.7,0.0,3.7,3.7,3.7,3.7,0.0,1.0,3.7,,0.0,0
2026-10-09 00:15:37Z,DAL,pre,0.0,PRE,0,8162,Sam Howell,QB,0.9,0.0,0.9,0.9,0.9,0.9,0.0,1.0,0.9,,0.0,0
2026-10-09 00:15:37Z,DAL,pre,0.0,PRE,0,11783,Ryan Flournoy,WR,8.3,0.0,8.3,8.3,8.3,8.3,0.0,1.0,8.3,,0.0,0
2026-10-09 00:15:37Z,DAL,pre,0.0,PRE,0,10871,Luke Schoonmaker,TE,1.9,0.0,1.9,1.9,1.9,1.9,0.0,1.0,1.9,,0.0,0
2026-10-09 00:15:37Z,TB,pre,0.0,PRE,0,13317,Ted Hurst,WR,4.5,0.0,4.5,4.5,4.5,4.5,0.0,1.0,4.5,,0.0,0
2026-10-09 00:15:37Z,TB,pre,0.0,PRE,0,12485,Tez Johnson,WR,4.2,0.0,4.2,4.2,4.2,4.2,0.0,1.0,4.2,,0.0,0
2026-10-09 00:15:37Z,DAL,pre,0.0,PRE,0,7588,Javonte Williams,RB,18.2,0.0,18.2,18.2,18.2,18.2,0.0,1.0,18.2,,0.0,0
2026-10-09 00:17:38Z,DAL,in,0.01,Q1 14:54,0,11533,Brandon Aubrey,K,9.8,0.0,9.7,9.7,9.7,9.7,0.01,1.0,9.7,,0.0,0
2026-10-09 00:17:38Z,DAL,in,0.01,Q1 14:54,0,6786,CeeDee Lamb,WR,19.6,0.0,18.6,18.6,19.4,19.4,0.01,1.0,18.6,,0.0,0
2026-10-09 00:17:38Z,TB,in,0.01,Q1 14:54,0,11584,Bucky Irving,RB,11.1,0.0,10.34,10.34,10.99,10.99,0.01,1.0,10.34,,0.0,0
2026-10-09 00:17:38Z,DAL,in,0.01,Q1 14:54,0,3294,Dak Prescott,QB,22.1,0.0,21.7,21.7,21.88,21.88,0.01,1.0,21.7,,0.0,0
2026-10-09 00:17:38Z,TB,in,0.01,Q1 14:54,0,8111,Cade Otton,TE,7.9,0.0,7.5,7.5,7.82,7.82,0.01,1.0,7.5,,0.0,0
2026-10-09 00:17:38Z,TB,in,0.01,Q1 14:54,0,4037,Chris Godwin,WR,8.0,0.0,7.59,7.59,7.92,7.92,0.01,1.0,7.59,,0.0,0
2026-10-09 00:17:38Z,DAL,in,0.01,Q1 14:54,0,8110,Jake Ferguson,TE,8.8,0.0,8.35,8.35,8.71,8.71,0.01,1.0,8.35,,0.0,0
2026-10-09 00:17:38Z,TB,in,0.01,Q1 14:54,0,6650,Chase McLaughlin,K,6.7,0.0,6.63,6.63,6.63,6.63,0.01,1.0,6.63,,0.0,0
2026-10-09 00:17:38Z,TB,in,0.01,Q1 14:54,0,9506,Sean Tucker,RB,2.4,0.0,2.24,2.24,2.38,2.38,0.01,1.0,2.24,,0.0,0
2026-10-09 00:17:38Z,TB,in,0.01,Q1 14:54,0,12514,Emeka Egbuka,WR,9.1,0.0,8.64,8.64,9.01,9.01,0.01,1.0,8.64,,0.0,0
2026-10-09 00:17:38Z,DAL,in,0.01,Q1 14:54,0,DAL,Dallas Cowboys D/ST,DST,7.3,10.0,-3.39,6.61,17.23,17.23,0.0,1.0,6.61,,0.0,0
2026-10-09 00:17:38Z,DAL,in,0.01,Q1 14:54,0,8137,George Pickens,WR,14.8,0.0,14.05,14.05,14.65,14.65,0.01,1.0,14.05,,0.0,0
2026-10-09 00:17:38Z,TB,in,0.01,Q1 14:54,0,TB,Tampa Bay Buccaneers D/ST,DST,3.1,10.0,-4.89,5.11,13.07,13.07,0.0,1.0,5.11,,0.0,0
2026-10-09 00:17:38Z,DAL,in,0.01,Q1 14:54,0,8917,KaVontae Turpin,WR,2.0,0.0,1.9,1.9,1.98,1.98,0.01,1.0,1.9,,0.0,0
2026-10-09 00:17:38Z,TB,in,0.01,Q1 14:54,0,10227,Payne Durham,TE,1.1,0.0,1.04,1.04,1.09,1.09,0.01,1.0,1.04,,0.0,0
2026-10-09 00:17:38Z,DAL,in,0.01,Q1 14:54,0,11593,Brevyn Spann-Ford,TE,0.6,0.0,0.57,0.57,0.59,0.59,0.01,1.0,0.57,,0.0,0
2026-10-09 00:17:38Z,TB,in,0.01,Q1 14:54,0,13425,Jalon Daniels,QB,15.0,0.0,14.73,14.73,14.85,14.85,0.01,1.0,14.73,,0.0,0
2026-10-09 00:17:38Z,DAL,in,0.01,Q1 14:54,0,11199,Emari Demercado,RB,3.7,0.0,3.45,3.45,3.66,3.66,0.01,1.0,3.45,,0.0,0
2026-10-09 00:17:38Z,DAL,in,0.01,Q1 14:54,0,8162,Sam Howell,QB,0.9,0.0,0.88,0.88,0.89,0.89,0.01,1.0,0.88,,0.0,0
2026-10-09 00:17:38Z,DAL,in,0.01,Q1 14:54,0,11783,Ryan Flournoy,WR,8.3,0.0,7.88,7.88,8.22,8.22,0.01,1.0,7.88,,0.0,0
2026-10-09 00:17:38Z,DAL,in,0.01,Q1 14:54,0,10871,Luke Schoonmaker,TE,1.9,0.0,1.8,1.8,1.88,1.88,0.01,1.0,1.8,,0.0,0
2026-10-09 00:17:38Z,TB,in,0.01,Q1 14:54,0,13317,Ted Hurst,WR,4.5,0.0,4.27,4.27,4.46,4.46,0.01,1.0,4.27,,0.0,0
2026-10-09 00:17:38Z,TB,in,0.01,Q1 14:54,0,12485,Tez Johnson,WR,4.2,0.0,3.99,3.99,4.16,4.16,0.01,1.0,3.99,,0.0,0
2026-10-09 00:17:38Z,DAL,in,0.01,Q1 14:54,0,7588,Javonte Williams,RB,18.2,0.0,16.95,16.95,18.02,18.02,0.01,1.0,16.95,,0.0,0
2026-10-09 00:18:38Z,DAL,in,0.019,Q1 13:53,0,11533,Brandon Aubrey,K,9.8,0.0,9.62,9.62,9.62,9.62,0.019,1.0,9.62,,0.0,0
2026-10-09 00:18:38Z,DAL,in,0.019,Q1 13:53,0,6786,CeeDee Lamb,WR,19.6,0.0,18.44,18.44,19.24,19.24,0.019,1.0,18.44,,0.0,0
2026-10-09 00:18:38Z,TB,in,0.019,Q1 13:53,0,11584,Bucky Irving,RB,11.1,0.0,10.25,10.25,10.89,10.89,0.019,1.0,10.25,,0.0,0
2026-10-09 00:18:38Z,DAL,in,0.019,Q1 13:53,0,3294,Dak Prescott,QB,22.1,0.64,21.68,22.32,22.33,22.33,0.0,1.0,22.32,,0.0,0
2026-10-09 00:18:38Z,TB,in,0.019,Q1 13:53,0,8111,Cade Otton,TE,7.9,0.0,7.43,7.43,7.75,7.75,0.019,1.0,7.43,,0.0,0
2026-10-09 00:18:38Z,TB,in,0.019,Q1 13:53,0,4037,Chris Godwin,WR,8.0,0.0,7.53,7.53,7.85,7.85,0.019,1.0,7.53,,0.0,0
2026-10-09 00:18:38Z,DAL,in,0.019,Q1 13:53,0,8110,Jake Ferguson,TE,8.8,0.0,8.28,8.28,8.64,8.64,0.019,1.0,8.28,,0.0,0
2026-10-09 00:18:38Z,TB,in,0.019,Q1 13:53,0,6650,Chase McLaughlin,K,6.7,0.0,6.58,6.58,6.58,6.58,0.019,1.0,6.58,,0.0,0
2026-10-09 00:18:38Z,TB,in,0.019,Q1 13:53,0,9506,Sean Tucker,RB,2.4,0.0,2.22,2.22,2.36,2.36,0.019,1.0,2.22,,0.0,0
2026-10-09 00:18:38Z,TB,in,0.019,Q1 13:53,0,12514,Emeka Egbuka,WR,9.1,0.0,8.56,8.56,8.93,8.93,0.019,1.0,8.56,,0.0,0
2026-10-09 00:18:38Z,DAL,in,0.019,Q1 13:53,0,DAL,Dallas Cowboys D/ST,DST,7.3,10.0,-3.36,6.64,17.16,17.16,0.009,1.0,6.64,,0.0,0
2026-10-09 00:18:38Z,DAL,in,0.019,Q1 13:53,0,8137,George Pickens,WR,14.8,1.8,14.23,16.03,16.32,16.32,0.0,1.0,16.03,,0.0,0
2026-10-09 00:18:38Z,TB,in,0.019,Q1 13:53,0,TB,Tampa Bay Buccaneers D/ST,DST,3.1,10.0,-4.85,5.15,13.04,13.04,0.009,1.0,5.15,,0.0,0
2026-10-09 00:18:38Z,DAL,in,0.019,Q1 13:53,0,8917,KaVontae Turpin,WR,2.0,0.0,1.88,1.88,1.96,1.96,0.019,1.0,1.88,,0.0,0
2026-10-09 00:18:38Z,TB,in,0.019,Q1 13:53,0,10227,Payne Durham,TE,1.1,0.0,1.03,1.03,1.08,1.08,0.019,1.0,1.03,,0.0,0
2026-10-09 00:18:38Z,DAL,in,0.019,Q1 13:53,0,11593,Brevyn Spann-Ford,TE,0.6,0.0,0.56,0.56,0.59,0.59,0.019,1.0,0.56,,0.0,0
2026-10-09 00:18:38Z,TB,in,0.019,Q1 13:53,0,13425,Jalon Daniels,QB,15.0,0.0,14.6,14.6,14.72,14.72,0.019,1.0,14.6,,0.0,0
2026-10-09 00:18:38Z,DAL,in,0.019,Q1 13:53,0,11199,Emari Demercado,RB,3.7,0.0,3.42,3.42,3.63,3.63,0.019,1.0,3.42,,0.0,0
2026-10-09 00:18:38Z,DAL,in,0.019,Q1 13:53,0,8162,Sam Howell,QB,0.9,0.0,0.88,0.88,0.88,0.88,0.019,1.0,0.88,,0.0,0
2026-10-09 00:18:38Z,DAL,in,0.019,Q1 13:53,0,11783,Ryan Flournoy,WR,8.3,0.0,7.81,7.81,8.15,8.15,0.019,1.0,7.81,,0.0,0
2026-10-09 00:18:38Z,DAL,in,0.019,Q1 13:53,0,10871,Luke Schoonmaker,TE,1.9,0.0,1.79,1.79,1.86,1.86,0.019,1.0,1.79,,0.0,0
2026-10-09 00:18:38Z,TB,in,0.019,Q1 13:53,0,13317,Ted Hurst,WR,4.5,0.0,4.23,4.23,4.42,4.42,0.019,1.0,4.23,,0.0,0
2026-10-09 00:18:38Z,TB,in,0.019,Q1 13:53,0,12485,Tez Johnson,WR,4.2,0.0,3.95,3.95,4.12,4.12,0.019,1.0,3.95,,0.0,0
2026-10-09 00:18:38Z,DAL,in,0.019,Q1 13:53,0,7588,Javonte Williams,RB,18.2,2.1,17.47,19.57,19.96,19.96,0.0,1.0,19.57,,0.0,0
2026-10-09 00:19:38Z,DAL,in,0.028,Q1 13:19,0,11533,Brandon Aubrey,K,9.8,0.0,9.53,9.53,9.53,9.53,0.028,1.0,9.53,,0.0,0
2026-10-09 00:19:38Z,DAL,in,0.028,Q1 13:19,0,6786,CeeDee Lamb,WR,19.6,0.0,18.26,18.26,19.05,19.05,0.028,1.0,18.26,,0.0,0
2026-10-09 00:19:38Z,TB,in,0.028,Q1 13:19,0,11584,Bucky Irving,RB,11.1,0.0,10.15,10.15,10.79,10.79,0.028,1.0,10.15,,0.0,0
2026-10-09 00:19:38Z,DAL,in,0.028,Q1 13:19,0,3294,Dak Prescott,QB,22.1,0.64,21.47,22.11,22.12,22.12,0.009,1.0,22.11,,0.0,0
2026-10-09 00:19:38Z,TB,in,0.028,Q1 13:19,0,8111,Cade Otton,TE,7.9,0.0,7.36,7.36,7.68,7.68,0.028,1.0,7.36,,0.0,0
2026-10-09 00:19:38Z,TB,in,0.028,Q1 13:19,0,4037,Chris Godwin,WR,8.0,0.0,7.45,7.45,7.78,7.78,0.028,1.0,7.45,,0.0,0
2026-10-09 00:19:38Z,DAL,in,0.028,Q1 13:19,0,8110,Jake Ferguson,TE,8.8,0.0,8.2,8.2,8.55,8.55,0.028,1.0,8.2,,0.0,0
2026-10-09 00:19:38Z,TB,in,0.028,Q1 13:19,0,6650,Chase McLaughlin,K,6.7,0.0,6.51,6.51,6.51,6.51,0.028,1.0,6.51,,0.0,0
2026-10-09 00:19:38Z,TB,in,0.028,Q1 13:19,0,9506,Sean Tucker,RB,2.4,0.0,2.2,2.2,2.33,2.33,0.028,1.0,2.2,,0.0,0
2026-10-09 00:19:38Z,TB,in,0.028,Q1 13:19,0,12514,Emeka Egbuka,WR,9.1,0.0,8.48,8.48,8.84,8.84,0.028,1.0,8.48,,0.0,0
2026-10-09 00:19:38Z,DAL,in,0.028,Q1 13:19,0,DAL,Dallas Cowboys D/ST,DST,7.3,10.0,-3.33,6.67,17.1,17.1,0.018,1.0,6.67,,0.0,0
2026-10-09 00:19:38Z,DAL,in,0.028,Q1 13:19,0,8137,George Pickens,WR,14.8,1.8,14.1,15.9,16.18,16.18,0.009,1.0,15.9,,0.0,0
2026-10-09 00:19:38Z,TB,in,0.028,Q1 13:19,0,TB,Tampa Bay Buccaneers D/ST,DST,3.1,10.0,-4.8,5.2,13.01,13.01,0.018,1.0,5.2,,0.0,0
2026-10-09 00:19:38Z,DAL,in,0.028,Q1 13:19,0,8917,KaVontae Turpin,WR,2.0,0.0,1.86,1.86,1.94,1.94,0.028,1.0,1.86,,0.0,0
2026-10-09 00:19:38Z,TB,in,0.028,Q1 13:19,0,10227,Payne Durham,TE,1.1,0.0,1.02,1.02,1.07,1.07,0.028,1.0,1.02,,0.0,0
2026-10-09 00:19:38Z,DAL,in,0.028,Q1 13:19,0,11593,Brevyn Spann-Ford,TE,0.6,0.0,0.56,0.56,0.58,0.58,0.028,1.0,0.56,,0.0,0
2026-10-09 00:19:38Z,TB,in,0.028,Q1 13:19,0,13425,Jalon Daniels,QB,15.0,0.0,14.46,14.46,14.58,14.58,0.028,1.0,14.46,,0.0,0
2026-10-09 00:19:38Z,DAL,in,0.028,Q1 13:19,0,11199,Emari Demercado,RB,3.7,0.0,3.38,3.38,3.6,3.6,0.028,1.0,3.38,,0.0,0
2026-10-09 00:19:38Z,DAL,in,0.028,Q1 13:19,0,8162,Sam Howell,QB,0.9,0.0,0.87,0.87,0.87,0.87,0.028,1.0,0.87,,0.0,0
2026-10-09 00:19:38Z,DAL,in,0.028,Q1 13:19,0,11783,Ryan Flournoy,WR,8.3,0.0,7.73,7.73,8.07,8.07,0.028,1.0,7.73,,0.0,0
2026-10-09 00:19:38Z,DAL,in,0.028,Q1 13:19,0,10871,Luke Schoonmaker,TE,1.9,0.0,1.77,1.77,1.85,1.85,0.028,1.0,1.77,,0.0,0
2026-10-09 00:19:38Z,TB,in,0.028,Q1 13:19,0,13317,Ted Hurst,WR,4.5,0.0,4.19,4.19,4.37,4.37,0.028,1.0,4.19,,0.0,0
2026-10-09 00:19:38Z,TB,in,0.028,Q1 13:19,0,12485,Tez Johnson,WR,4.2,0.0,3.91,3.91,4.08,4.08,0.028,1.0,3.91,,0.0,0
2026-10-09 00:19:38Z,DAL,in,0.028,Q1 13:19,0,7588,Javonte Williams,RB,18.2,4.3,17.98,22.28,21.99,21.99,0.0,1.0,22.28,,0.0,0
2026-10-09 00:20:38Z,DAL,in,0.051,Q1 11:56,0,11533,Brandon Aubrey,K,9.8,0.0,9.3,9.3,9.3,9.3,0.051,1.0,9.3,,0.0,0
2026-10-09 00:20:38Z,DAL,in,0.051,Q1 11:56,0,6786,CeeDee Lamb,WR,19.6,0.0,17.83,17.83,18.6,18.6,0.051,1.0,17.83,,0.0,0
2026-10-09 00:20:38Z,TB,in,0.051,Q1 11:56,0,11584,Bucky Irving,RB,11.1,0.0,9.91,9.91,10.53,10.53,0.051,1.0,9.91,,0.0,0
2026-10-09 00:20:38Z,DAL,in,0.051,Q1 11:56,0,3294,Dak Prescott,QB,22.1,1.48,21.17,22.65,22.45,22.45,0.0,1.0,22.65,,0.0,0
2026-10-09 00:20:38Z,TB,in,0.051,Q1 11:56,0,8111,Cade Otton,TE,7.9,0.0,7.19,7.19,7.5,7.5,0.051,1.0,7.19,,0.0,0
2026-10-09 00:20:38Z,TB,in,0.051,Q1 11:56,0,4037,Chris Godwin,WR,8.0,0.0,7.28,7.28,7.59,7.59,0.051,1.0,7.28,,0.0,0
2026-10-09 00:20:38Z,DAL,in,0.051,Q1 11:56,0,8110,Jake Ferguson,TE,8.8,0.0,8.01,8.01,8.35,8.35,0.051,1.0,8.01,,0.0,0
2026-10-09 00:20:38Z,TB,in,0.051,Q1 11:56,0,6650,Chase McLaughlin,K,6.7,0.0,6.36,6.36,6.36,6.36,0.051,1.0,6.36,,0.0,0
2026-10-09 00:20:38Z,TB,in,0.051,Q1 11:56,0,9506,Sean Tucker,RB,2.4,0.0,2.14,2.14,2.28,2.28,0.051,1.0,2.14,,0.0,0
2026-10-09 00:20:38Z,TB,in,0.051,Q1 11:56,0,12514,Emeka Egbuka,WR,9.1,0.0,8.28,8.28,8.63,8.63,0.051,1.0,8.28,,0.0,0
2026-10-09 00:20:38Z,DAL,in,0.051,Q1 11:56,0,DAL,Dallas Cowboys D/ST,DST,7.3,10.0,-3.25,6.75,16.93,16.93,0.041,1.0,6.75,,0.0,0
2026-10-09 00:20:38Z,DAL,in,0.051,Q1 11:56,0,8137,George Pickens,WR,14.8,4.9,14.27,19.17,18.94,18.94,0.0,1.0,19.17,,0.0,0
2026-10-09 00:20:38Z,TB,in,0.051,Q1 11:56,0,TB,Tampa Bay Buccaneers D/ST,DST,3.1,10.0,-4.69,5.31,12.94,12.94,0.041,1.0,5.31,,0.0,0
2026-10-09 00:20:38Z,DAL,in,0.051,Q1 11:56,0,8917,KaVontae Turpin,WR,2.0,0.0,1.82,1.82,1.9,1.9,0.051,1.0,1.82,,0.0,0
2026-10-09 00:20:38Z,TB,in,0.051,Q1 11:56,0,10227,Payne Durham,TE,1.1,0.0,1.0,1.0,1.04,1.04,0.051,1.0,1.0,,0.0,0
2026-10-09 00:20:38Z,DAL,in,0.051,Q1 11:56,0,11593,Brevyn Spann-Ford,TE,0.6,0.0,0.55,0.55,0.57,0.57,0.051,1.0,0.55,,0.0,0
2026-10-09 00:20:38Z,TB,in,0.051,Q1 11:56,0,13425,Jalon Daniels,QB,15.0,0.0,14.12,14.12,14.23,14.23,0.051,1.0,14.12,,0.0,0
2026-10-09 00:20:38Z,DAL,in,0.051,Q1 11:56,0,11199,Emari Demercado,RB,3.7,0.0,3.3,3.3,3.51,3.51,0.051,1.0,3.3,,0.0,0
2026-10-09 00:20:38Z,DAL,in,0.051,Q1 11:56,0,8162,Sam Howell,QB,0.9,0.0,0.85,0.85,0.85,0.85,0.051,1.0,0.85,,0.0,0
2026-10-09 00:20:38Z,DAL,in,0.051,Q1 11:56,0,11783,Ryan Flournoy,WR,8.3,0.0,7.55,7.55,7.88,7.88,0.051,1.0,7.55,,0.0,0
2026-10-09 00:20:38Z,DAL,in,0.051,Q1 11:56,0,10871,Luke Schoonmaker,TE,1.9,0.0,1.73,1.73,1.8,1.8,0.051,1.0,1.73,,0.0,0
2026-10-09 00:20:38Z,TB,in,0.051,Q1 11:56,0,13317,Ted Hurst,WR,4.5,0.0,4.09,4.09,4.27,4.27,0.051,1.0,4.09,,0.0,0
2026-10-09 00:20:38Z,TB,in,0.051,Q1 11:56,0,12485,Tez Johnson,WR,4.2,0.0,3.82,3.82,3.99,3.99,0.051,1.0,3.82,,0.0,0
2026-10-09 00:20:38Z,DAL,in,0.051,Q1 11:56,0,7588,Javonte Williams,RB,18.2,4.4,17.59,21.99,21.67,21.67,0.0,1.0,21.99,,0.0,0
2026-10-09 00:21:39Z,DAL,in,0.056,Q1 11:37,0,11533,Brandon Aubrey,K,9.8,0.0,9.25,9.25,9.25,9.25,0.056,1.0,9.25,,0.0,0
2026-10-09 00:21:39Z,DAL,in,0.056,Q1 11:37,0,6786,CeeDee Lamb,WR,19.6,0.0,17.73,17.73,18.49,18.49,0.056,1.0,17.73,,0.0,0
2026-10-09 00:21:39Z,TB,in,0.056,Q1 11:37,0,11584,Bucky Irving,RB,11.1,0.0,9.86,9.86,10.47,10.47,0.056,1.0,9.86,,0.0,0
2026-10-09 00:21:39Z,DAL,in,0.056,Q1 11:37,0,3294,Dak Prescott,QB,22.1,1.48,21.05,22.53,22.33,22.33,0.005,1.0,22.53,,0.0,0
2026-10-09 00:21:39Z,TB,in,0.056,Q1 11:37,0,8111,Cade Otton,TE,7.9,0.0,7.15,7.15,7.45,7.45,0.056,1.0,7.15,,0.0,0
2026-10-09 00:21:39Z,TB,in,0.056,Q1 11:37,0,4037,Chris Godwin,WR,8.0,0.0,7.24,7.24,7.55,7.55,0.056,1.0,7.24,,0.0,0
2026-10-09 00:21:39Z,DAL,in,0.056,Q1 11:37,0,8110,Jake Ferguson,TE,8.8,0.0,7.96,7.96,8.3,8.3,0.056,1.0,7.96,,0.0,0
2026-10-09 00:21:39Z,TB,in,0.056,Q1 11:37,0,6650,Chase McLaughlin,K,6.7,0.0,6.32,6.32,6.32,6.32,0.056,1.0,6.32,,0.0,0
2026-10-09 00:21:39Z,TB,in,0.056,Q1 11:37,0,9506,Sean Tucker,RB,2.4,0.0,2.13,2.13,2.26,2.26,0.056,1.0,2.13,,0.0,0
2026-10-09 00:21:39Z,TB,in,0.056,Q1 11:37,0,12514,Emeka Egbuka,WR,9.1,0.0,8.23,8.23,8.59,8.59,0.056,1.0,8.23,,0.0,0
2026-10-09 00:21:39Z,DAL,in,0.056,Q1 11:37,0,DAL,Dallas Cowboys D/ST,DST,7.3,10.0,-3.23,6.77,16.89,16.89,0.046,1.0,6.77,,0.0,0
2026-10-09 00:21:39Z,DAL,in,0.056,Q1 11:37,0,8137,George Pickens,WR,14.8,4.9,14.19,19.09,18.87,18.87,0.005,1.0,19.09,,0.0,0
2026-10-09 00:21:39Z,TB,in,0.056,Q1 11:37,0,TB,Tampa Bay Buccaneers D/ST,DST,3.1,10.0,-4.66,5.34,12.93,12.93,0.046,1.0,5.34,,0.0,0
2026-10-09 00:21:39Z,DAL,in,0.056,Q1 11:37,0,8917,KaVontae Turpin,WR,2.0,0.0,1.81,1.81,1.89,1.89,0.056,1.0,1.81,,0.0,0
2026-10-09 00:21:39Z,TB,in,0.056,Q1 11:37,0,10227,Payne Durham,TE,1.1,0.0,1.0,1.0,1.04,1.04,0.056,1.0,1.0,,0.0,0
2026-10-09 00:21:39Z,DAL,in,0.056,Q1 11:37,0,11593,Brevyn Spann-Ford,TE,0.6,0.0,0.54,0.54,0.57,0.57,0.056,1.0,0.54,,0.0,0
2026-10-09 00:21:39Z,TB,in,0.056,Q1 11:37,0,13425,Jalon Daniels,QB,15.0,0.0,14.04,14.04,14.15,14.15,0.056,1.0,14.04,,0.0,0
2026-10-09 00:21:39Z,DAL,in,0.056,Q1 11:37,0,11199,Emari Demercado,RB,3.7,0.0,3.29,3.29,3.49,3.49,0.056,1.0,3.29,,0.0,0
2026-10-09 00:21:39Z,DAL,in,0.056,Q1 11:37,0,8162,Sam Howell,QB,0.9,0.0,0.84,0.84,0.85,0.85,0.056,1.0,0.84,,0.0,0
2026-10-09 00:21:39Z,DAL,in,0.056,Q1 11:37,0,11783,Ryan Flournoy,WR,8.3,0.0,7.51,7.51,7.83,7.83,0.056,1.0,7.51,,0.0,0
2026-10-09 00:21:39Z,DAL,in,0.056,Q1 11:37,0,10871,Luke Schoonmaker,TE,1.9,0.0,1.72,1.72,1.79,1.79,0.056,1.0,1.72,,0.0,0
2026-10-09 00:21:39Z,TB,in,0.056,Q1 11:37,0,13317,Ted Hurst,WR,4.5,0.0,4.07,4.07,4.25,4.25,0.056,1.0,4.07,,0.0,0
2026-10-09 00:21:39Z,TB,in,0.056,Q1 11:37,0,12485,Tez Johnson,WR,4.2,0.0,3.8,3.8,3.96,3.96,0.056,1.0,3.8,,0.0,0
2026-10-09 00:21:39Z,DAL,in,0.056,Q1 11:37,0,7588,Javonte Williams,RB,18.2,4.3,17.46,21.76,21.47,21.47,0.0,1.0,21.76,,0.0,0
2026-10-09 00:22:39Z,DAL,in,0.066,Q1 11:02,0,11533,Brandon Aubrey,K,9.8,0.0,9.15,9.15,9.15,9.15,0.066,1.0,9.15,,0.0,0
2026-10-09 00:22:39Z,DAL,in,0.066,Q1 11:02,0,6786,CeeDee Lamb,WR,19.6,0.0,17.55,17.55,18.3,18.3,0.066,1.0,17.55,,0.0,0
2026-10-09 00:22:39Z,TB,in,0.066,Q1 11:02,0,11584,Bucky Irving,RB,11.1,0.0,9.75,9.75,10.37,10.37,0.066,1.0,9.75,,0.0,0
2026-10-09 00:22:39Z,DAL,in,0.066,Q1 11:02,0,3294,Dak Prescott,QB,22.1,1.48,20.84,22.32,22.12,22.12,0.015,1.0,22.32,,0.0,0
2026-10-09 00:22:39Z,TB,in,0.066,Q1 11:02,0,8111,Cade Otton,TE,7.9,0.0,7.07,7.07,7.38,7.38,0.066,1.0,7.07,,0.0,0
2026-10-09 00:22:39Z,TB,in,0.066,Q1 11:02,0,4037,Chris Godwin,WR,8.0,0.0,7.16,7.16,7.47,7.47,0.066,1.0,7.16,,0.0,0
2026-10-09 00:22:39Z,DAL,in,0.066,Q1 11:02,0,8110,Jake Ferguson,TE,8.8,0.0,7.88,7.88,8.22,8.22,0.066,1.0,7.88,,0.0,0
2026-10-09 00:22:39Z,TB,in,0.066,Q1 11:02,0,6650,Chase McLaughlin,K,6.7,0.0,6.26,6.26,6.26,6.26,0.066,1.0,6.26,,0.0,0
2026-10-09 00:22:39Z,TB,in,0.066,Q1 11:02,0,9506,Sean Tucker,RB,2.4,0.0,2.11,2.11,2.24,2.24,0.066,1.0,2.11,,0.0,0
2026-10-09 00:22:39Z,TB,in,0.066,Q1 11:02,0,12514,Emeka Egbuka,WR,9.1,0.0,8.15,8.15,8.5,8.5,0.066,1.0,8.15,,0.0,0
2026-10-09 00:22:39Z,DAL,in,0.066,Q1 11:02,0,DAL,Dallas Cowboys D/ST,DST,7.3,10.0,-3.2,6.8,16.82,16.82,0.056,1.0,6.8,,0.0,0
2026-10-09 00:22:39Z,DAL,in,0.066,Q1 11:02,0,8137,George Pickens,WR,14.8,4.9,14.05,18.95,18.72,18.72,0.015,1.0,18.95,,0.0,0
2026-10-09 00:22:39Z,TB,in,0.066,Q1 11:02,0,TB,Tampa Bay Buccaneers D/ST,DST,3.1,10.0,-4.61,5.39,12.9,12.9,0.056,1.0,5.39,,0.0,0
2026-10-09 00:22:39Z,DAL,in,0.066,Q1 11:02,0,8917,KaVontae Turpin,WR,2.0,0.0,1.79,1.79,1.87,1.87,0.066,1.0,1.79,,0.0,0
2026-10-09 00:22:39Z,TB,in,0.066,Q1 11:02,0,10227,Payne Durham,TE,1.1,0.0,0.98,0.98,1.03,1.03,0.066,1.0,0.98,,0.0,0
2026-10-09 00:22:39Z,DAL,in,0.066,Q1 11:02,0,11593,Brevyn Spann-Ford,TE,0.6,0.0,0.54,0.54,0.56,0.56,0.066,1.0,0.54,,0.0,0
2026-10-09 00:22:39Z,TB,in,0.066,Q1 11:02,0,13425,Jalon Daniels,QB,15.0,0.0,13.89,13.89,14.01,14.01,0.066,1.0,13.89,,0.0,0
2026-10-09 00:22:39Z,DAL,in,0.066,Q1 11:02,0,11199,Emari Demercado,RB,3.7,0.0,3.25,3.25,3.46,3.46,0.066,1.0,3.25,,0.0,0
2026-10-09 00:22:39Z,DAL,in,0.066,Q1 11:02,0,8162,Sam Howell,QB,0.9,0.0,0.83,0.83,0.84,0.84,0.066,1.0,0.83,,0.0,0
2026-10-09 00:22:39Z,DAL,in,0.066,Q1 11:02,0,11783,Ryan Flournoy,WR,8.3,0.0,7.43,7.43,7.75,7.75,0.066,1.0,7.43,,0.0,0
2026-10-09 00:22:39Z,DAL,in,0.066,Q1 11:02,0,10871,Luke Schoonmaker,TE,1.9,0.0,1.7,1.7,1.77,1.77,0.066,1.0,1.7,,0.0,0
2026-10-09 00:22:39Z,TB,in,0.066,Q1 11:02,0,13317,Ted Hurst,WR,4.5,0.0,4.03,4.03,4.2,4.2,0.066,1.0,4.03,,0.0,0
2026-10-09 00:22:39Z,TB,in,0.066,Q1 11:02,0,12485,Tez Johnson,WR,4.2,0.0,3.76,3.76,3.92,3.92,0.066,1.0,3.76,,0.0,0
2026-10-09 00:22:39Z,DAL,in,0.066,Q1 11:02,0,7588,Javonte Williams,RB,18.2,4.3,17.28,21.58,21.3,21.3,0.01,1.0,21.58,,0.0,0
2026-10-09 00:23:39Z,DAL,in,0.069,Q1 10:51,6.0,11533,Brandon Aubrey,K,9.8,0.0,9.12,9.12,9.12,9.12,0.069,1.0,9.12,,0.0,0
2026-10-09 00:23:39Z,DAL,in,0.069,Q1 10:51,6.0,6786,CeeDee Lamb,WR,19.6,0.0,15.88,15.88,18.24,18.24,0.069,1.0,15.88,,0.0,0
2026-10-09 00:23:39Z,TB,in,0.069,Q1 10:51,-6.0,11584,Bucky Irving,RB,11.1,0.0,10.06,10.06,10.33,10.33,0.069,1.0,10.06,,0.0,0
2026-10-09 00:23:39Z,DAL,in,0.069,Q1 10:51,6.0,3294,Dak Prescott,QB,22.1,1.48,18.55,20.03,22.05,22.05,0.018,1.0,20.03,,0.0,0
2026-10-09 00:23:39Z,TB,in,0.069,Q1 10:51,-6.0,8111,Cade Otton,TE,7.9,0.0,7.7,7.7,7.35,7.35,0.069,1.0,7.7,,0.0,0
2026-10-09 00:23:39Z,TB,in,0.069,Q1 10:51,-6.0,4037,Chris Godwin,WR,8.0,0.0,7.8,7.8,7.45,7.45,0.069,1.0,7.8,,0.0,0
2026-10-09 00:23:39Z,DAL,in,0.069,Q1 10:51,6.0,8110,Jake Ferguson,TE,8.8,0.0,7.13,7.13,8.19,8.19,0.069,1.0,7.13,,0.0,0
2026-10-09 00:23:39Z,TB,in,0.069,Q1 10:51,-6.0,6650,Chase McLaughlin,K,6.7,0.0,6.24,6.24,6.24,6.24,0.069,1.0,6.24,,0.0,0
2026-10-09 00:23:39Z,TB,in,0.069,Q1 10:51,-6.0,9506,Sean Tucker,RB,2.4,0.0,2.17,2.17,2.23,2.23,0.069,1.0,2.17,,0.0,0
2026-10-09 00:23:39Z,TB,in,0.069,Q1 10:51,-6.0,12514,Emeka Egbuka,WR,9.1,0.0,8.87,8.87,8.47,8.47,0.069,1.0,8.87,,0.0,0
2026-10-09 00:23:39Z,DAL,in,0.069,Q1 10:51,6.0,DAL,Dallas Cowboys D/ST,DST,7.3,10.0,-2.52,7.48,16.8,16.8,0.059,1.0,7.48,,0.0,0
2026-10-09 00:23:39Z,DAL,in,0.069,Q1 10:51,6.0,8137,George Pickens,WR,14.8,4.9,12.78,17.68,18.68,18.68,0.018,1.0,17.68,,0.0,0
2026-10-09 00:23:39Z,TB,in,0.069,Q1 10:51,-6.0,TB,Tampa Bay Buccaneers D/ST,DST,3.1,7.0,-2.43,4.57,9.89,9.89,0.0,1.0,4.57,,0.0,0
2026-10-09 00:23:39Z,DAL,in,0.069,Q1 10:51,6.0,8917,KaVontae Turpin,WR,2.0,0.0,1.62,1.62,1.86,1.86,0.069,1.0,1.62,,0.0,0
2026-10-09 00:23:39Z,TB,in,0.069,Q1 10:51,-6.0,10227,Payne Durham,TE,1.1,0.0,1.07,1.07,1.02,1.02,0.069,1.0,1.07,,0.0,0
2026-10-09 00:23:39Z,DAL,in,0.069,Q1 10:51,6.0,11593,Brevyn Spann-Ford,TE,0.6,0.0,0.49,0.49,0.56,0.56,0.069,1.0,0.49,,0.0,0
2026-10-09 00:23:39Z,TB,in,0.069,Q1 10:51,-6.0,13425,Jalon Daniels,QB,15.0,0.0,15.36,15.36,13.96,13.96,0.069,1.0,15.36,,0.0,0
2026-10-09 00:23:39Z,DAL,in,0.069,Q1 10:51,6.0,11199,Emari Demercado,RB,3.7,0.0,3.13,3.13,3.44,3.44,0.069,1.0,3.13,,0.0,0
2026-10-09 00:23:39Z,DAL,in,0.069,Q1 10:51,6.0,8162,Sam Howell,QB,0.9,0.0,0.74,0.74,0.84,0.84,0.069,1.0,0.74,,0.0,0
2026-10-09 00:23:39Z,DAL,in,0.069,Q1 10:51,6.0,11783,Ryan Flournoy,WR,8.3,0.0,6.72,6.72,7.73,7.73,0.069,1.0,6.72,,0.0,0
2026-10-09 00:23:39Z,DAL,in,0.069,Q1 10:51,6.0,10871,Luke Schoonmaker,TE,1.9,0.0,1.54,1.54,1.77,1.77,0.069,1.0,1.54,,0.0,0
2026-10-09 00:23:39Z,TB,in,0.069,Q1 10:51,-6.0,13317,Ted Hurst,WR,4.5,0.0,4.39,4.39,4.19,4.19,0.069,1.0,4.39,,0.0,0
2026-10-09 00:23:39Z,TB,in,0.069,Q1 10:51,-6.0,12485,Tez Johnson,WR,4.2,0.0,4.09,4.09,3.91,3.91,0.069,1.0,4.09,,0.0,0
2026-10-09 00:23:39Z,DAL,in,0.069,Q1 10:51,6.0,7588,Javonte Williams,RB,18.2,10.4,18.49,28.89,27.34,27.34,0.0,1.0,28.89,,0.0,0
2026-10-09 00:24:40Z,DAL,in,0.069,Q1 10:51,7.0,11533,Brandon Aubrey,K,9.8,1.0,9.12,10.12,10.12,10.12,0.0,1.0,10.12,,0.0,0
2026-10-09 00:24:40Z,DAL,in,0.069,Q1 10:51,7.0,6786,CeeDee Lamb,WR,19.6,0.0,15.61,15.61,18.24,18.24,0.069,1.0,15.61,,0.0,0
2026-10-09 00:24:40Z,TB,in,0.069,Q1 10:51,-7.0,11584,Bucky Irving,RB,11.1,0.0,10.11,10.11,10.33,10.33,0.069,1.0,10.11,,0.0,0
2026-10-09 00:24:40Z,DAL,in,0.069,Q1 10:51,7.0,3294,Dak Prescott,QB,22.1,1.48,18.18,19.66,22.05,22.05,0.018,1.0,19.66,,0.0,0
2026-10-09 00:24:40Z,TB,in,0.069,Q1 10:51,-7.0,8111,Cade Otton,TE,7.9,0.0,7.81,7.81,7.35,7.35,0.069,1.0,7.81,,0.0,0
2026-10-09 00:24:40Z,TB,in,0.069,Q1 10:51,-7.0,4037,Chris Godwin,WR,8.0,0.0,7.91,7.91,7.45,7.45,0.069,1.0,7.91,,0.0,0
2026-10-09 00:24:40Z,DAL,in,0.069,Q1 10:51,7.0,8110,Jake Ferguson,TE,8.8,0.0,7.01,7.01,8.19,8.19,0.069,1.0,7.01,,0.0,0
2026-10-09 00:24:40Z,TB,in,0.069,Q1 10:51,-7.0,6650,Chase McLaughlin,K,6.7,0.0,6.24,6.24,6.24,6.24,0.069,1.0,6.24,,0.0,0
2026-10-09 00:24:40Z,TB,in,0.069,Q1 10:51,-7.0,9506,Sean Tucker,RB,2.4,0.0,2.19,2.19,2.23,2.23,0.069,1.0,2.19,,0.0,0
2026-10-09 00:24:40Z,TB,in,0.069,Q1 10:51,-7.0,12514,Emeka Egbuka,WR,9.1,0.0,9.0,9.0,8.47,8.47,0.069,1.0,9.0,,0.0,0
2026-10-09 00:24:40Z,DAL,in,0.069,Q1 10:51,7.0,DAL,Dallas Cowboys D/ST,DST,7.3,10.0,-2.4,7.6,16.8,16.8,0.059,1.0,7.6,,0.0,0
2026-10-09 00:24:40Z,DAL,in,0.069,Q1 10:51,7.0,8137,George Pickens,WR,14.8,4.9,12.58,17.48,18.68,18.68,0.018,1.0,17.48,,0.0,0
2026-10-09 00:24:40Z,TB,in,0.069,Q1 10:51,-7.0,TB,Tampa Bay Buccaneers D/ST,DST,3.1,4.0,-0.66,3.34,6.89,6.89,0.0,1.0,3.34,,0.0,0
2026-10-09 00:24:40Z,DAL,in,0.069,Q1 10:51,7.0,8917,KaVontae Turpin,WR,2.0,0.0,1.59,1.59,1.86,1.86,0.069,1.0,1.59,,0.0,0
2026-10-09 00:24:40Z,TB,in,0.069,Q1 10:51,-7.0,10227,Payne Durham,TE,1.1,0.0,1.09,1.09,1.02,1.02,0.069,1.0,1.09,,0.0,0
2026-10-09 00:24:40Z,DAL,in,0.069,Q1 10:51,7.0,11593,Brevyn Spann-Ford,TE,0.6,0.0,0.48,0.48,0.56,0.56,0.069,1.0,0.48,,0.0,0
2026-10-09 00:24:40Z,TB,in,0.069,Q1 10:51,-7.0,13425,Jalon Daniels,QB,15.0,0.0,15.61,15.61,13.96,13.96,0.069,1.0,15.61,,0.0,0
2026-10-09 00:24:40Z,DAL,in,0.069,Q1 10:51,7.0,11199,Emari Demercado,RB,3.7,0.0,3.11,3.11,3.44,3.44,0.069,1.0,3.11,,0.0,0
2026-10-09 00:24:40Z,DAL,in,0.069,Q1 10:51,7.0,8162,Sam Howell,QB,0.9,0.0,0.73,0.73,0.84,0.84,0.069,1.0,0.73,,0.0,0
2026-10-09 00:24:40Z,DAL,in,0.069,Q1 10:51,7.0,11783,Ryan Flournoy,WR,8.3,0.0,6.61,6.61,7.73,7.73,0.069,1.0,6.61,,0.0,0
2026-10-09 00:24:40Z,DAL,in,0.069,Q1 10:51,7.0,10871,Luke Schoonmaker,TE,1.9,0.0,1.51,1.51,1.77,1.77,0.069,1.0,1.51,,0.0,0
2026-10-09 00:24:40Z,TB,in,0.069,Q1 10:51,-7.0,13317,Ted Hurst,WR,4.5,0.0,4.45,4.45,4.19,4.19,0.069,1.0,4.45,,0.0,0
2026-10-09 00:24:40Z,TB,in,0.069,Q1 10:51,-7.0,12485,Tez Johnson,WR,4.2,0.0,4.15,4.15,3.91,3.91,0.069,1.0,4.15,,0.0,0
2026-10-09 00:24:40Z,DAL,in,0.069,Q1 10:51,7.0,7588,Javonte Williams,RB,18.2,10.4,18.4,28.8,27.34,27.34,0.0,1.0,28.8,,0.0,0
2026-10-09 00:25:40Z,DAL,in,0.069,Q1 10:51,7.0,11533,Brandon Aubrey,K,9.8,1.0,9.12,10.12,10.12,10.12,0.0,1.0,10.12,,0.0,0
2026-10-09 00:25:40Z,DAL,in,0.069,Q1 10:51,7.0,6786,CeeDee Lamb,WR,19.6,0.0,15.61,15.61,18.24,18.24,0.069,1.0,15.61,,0.0,0
2026-10-09 00:25:40Z,TB,in,0.069,Q1 10:51,-7.0,11584,Bucky Irving,RB,11.1,0.0,10.11,10.11,10.33,10.33,0.069,1.0,10.11,,0.0,0
2026-10-09 00:25:40Z,DAL,in,0.069,Q1 10:51,7.0,3294,Dak Prescott,QB,22.1,1.48,18.18,19.66,22.05,22.05,0.018,1.0,19.66,,0.0,0
2026-10-09 00:25:40Z,TB,in,0.069,Q1 10:51,-7.0,8111,Cade Otton,TE,7.9,0.0,7.81,7.81,7.35,7.35,0.069,1.0,7.81,,0.0,0
2026-10-09 00:25:40Z,TB,in,0.069,Q1 10:51,-7.0,4037,Chris Godwin,WR,8.0,0.0,7.91,7.91,7.45,7.45,0.069,1.0,7.91,,0.0,0
2026-10-09 00:25:40Z,DAL,in,0.069,Q1 10:51,7.0,8110,Jake Ferguson,TE,8.8,0.0,7.01,7.01,8.19,8.19,0.069,1.0,7.01,,0.0,0
2026-10-09 00:25:40Z,TB,in,0.069,Q1 10:51,-7.0,6650,Chase McLaughlin,K,6.7,0.0,6.24,6.24,6.24,6.24,0.069,1.0,6.24,,0.0,0
2026-10-09 00:25:40Z,TB,in,0.069,Q1 10:51,-7.0,9506,Sean Tucker,RB,2.4,0.0,2.19,2.19,2.23,2.23,0.069,1.0,2.19,,0.0,0
2026-10-09 00:25:40Z,TB,in,0.069,Q1 10:51,-7.0,12514,Emeka Egbuka,WR,9.1,0.0,9.0,9.0,8.47,8.47,0.069,1.0,9.0,,0.0,0
2026-10-09 00:25:40Z,DAL,in,0.069,Q1 10:51,7.0,DAL,Dallas Cowboys D/ST,DST,7.3,10.0,-2.4,7.6,16.8,16.8,0.059,1.0,7.6,,0.0,0
2026-10-09 00:25:40Z,DAL,in,0.069,Q1 10:51,7.0,8137,George Pickens,WR,14.8,4.9,12.58,17.48,18.68,18.68,0.018,1.0,17.48,,0.0,0
2026-10-09 00:25:40Z,TB,in,0.069,Q1 10:51,-7.0,TB,Tampa Bay Buccaneers D/ST,DST,3.1,4.0,-0.66,3.34,6.89,6.89,0.0,1.0,3.34,,0.0,0
2026-10-09 00:25:40Z,DAL,in,0.069,Q1 10:51,7.0,8917,KaVontae Turpin,WR,2.0,0.0,1.59,1.59,1.86,1.86,0.069,1.0,1.59,,0.0,0
2026-10-09 00:25:40Z,TB,in,0.069,Q1 10:51,-7.0,10227,Payne Durham,TE,1.1,0.0,1.09,1.09,1.02,1.02,0.069,1.0,1.09,,0.0,0
2026-10-09 00:25:40Z,DAL,in,0.069,Q1 10:51,7.0,11593,Brevyn Spann-Ford,TE,0.6,0.0,0.48,0.48,0.56,0.56,0.069,1.0,0.48,,0.0,0
2026-10-09 00:25:40Z,TB,in,0.069,Q1 10:51,-7.0,13425,Jalon Daniels,QB,15.0,0.0,15.61,15.61,13.96,13.96,0.069,1.0,15.61,,0.0,0
2026-10-09 00:25:40Z,DAL,in,0.069,Q1 10:51,7.0,11199,Emari Demercado,RB,3.7,0.0,3.11,3.11,3.44,3.44,0.069,1.0,3.11,,0.0,0
2026-10-09 00:25:40Z,DAL,in,0.069,Q1 10:51,7.0,8162,Sam Howell,QB,0.9,0.0,0.73,0.73,0.84,0.84,0.069,1.0,0.73,,0.0,0
2026-10-09 00:25:40Z,DAL,in,0.069,Q1 10:51,7.0,11783,Ryan Flournoy,WR,8.3,0.0,6.61,6.61,7.73,7.73,0.069,1.0,6.61,,0.0,0
2026-10-09 00:25:40Z,DAL,in,0.069,Q1 10:51,7.0,10871,Luke Schoonmaker,TE,1.9,0.0,1.51,1.51,1.77,1.77,0.069,1.0,1.51,,0.0,0
2026-10-09 00:25:40Z,TB,in,0.069,Q1 10:51,-7.0,13317,Ted Hurst,WR,4.5,0.0,4.45,4.45,4.19,4.19,0.069,1.0,4.45,,0.0,0
2026-10-09 00:25:40Z,TB,in,0.069,Q1 10:51,-7.0,12485,Tez Johnson,WR,4.2,0.0,4.15,4.15,3.91,3.91,0.069,1.0,4.15,,0.0,0
2026-10-09 00:25:40Z,DAL,in,0.069,Q1 10:51,7.0,7588,Javonte Williams,RB,18.2,10.4,18.4,28.8,27.34,27.34,0.0,1.0,28.8,,0.0,0
2026-10-09 00:26:40Z,DAL,in,0.069,Q1 10:51,7.0,11533,Brandon Aubrey,K,9.8,1.0,9.12,10.12,10.12,10.12,0.0,1.0,10.12,,0.0,0
2026-10-09 00:26:40Z,DAL,in,0.069,Q1 10:51,7.0,6786,CeeDee Lamb,WR,19.6,0.0,15.61,15.61,18.24,18.24,0.069,1.0,15.61,,0.0,0
2026-10-09 00:26:40Z,TB,in,0.069,Q1 10:51,-7.0,11584,Bucky Irving,RB,11.1,0.0,10.11,10.11,10.33,10.33,0.069,1.0,10.11,,0.0,0
2026-10-09 00:26:40Z,DAL,in,0.069,Q1 10:51,7.0,3294,Dak Prescott,QB,22.1,1.48,18.18,19.66,22.05,22.05,0.018,1.0,19.66,,0.0,0
2026-10-09 00:26:40Z,TB,in,0.069,Q1 10:51,-7.0,8111,Cade Otton,TE,7.9,0.0,7.81,7.81,7.35,7.35,0.069,1.0,7.81,,0.0,0
2026-10-09 00:26:40Z,TB,in,0.069,Q1 10:51,-7.0,4037,Chris Godwin,WR,8.0,0.0,7.91,7.91,7.45,7.45,0.069,1.0,7.91,,0.0,0
2026-10-09 00:26:40Z,DAL,in,0.069,Q1 10:51,7.0,8110,Jake Ferguson,TE,8.8,0.0,7.01,7.01,8.19,8.19,0.069,1.0,7.01,,0.0,0
2026-10-09 00:26:40Z,TB,in,0.069,Q1 10:51,-7.0,6650,Chase McLaughlin,K,6.7,0.0,6.24,6.24,6.24,6.24,0.069,1.0,6.24,,0.0,0
2026-10-09 00:26:40Z,TB,in,0.069,Q1 10:51,-7.0,9506,Sean Tucker,RB,2.4,0.0,2.19,2.19,2.23,2.23,0.069,1.0,2.19,,0.0,0
2026-10-09 00:26:40Z,TB,in,0.069,Q1 10:51,-7.0,12514,Emeka Egbuka,WR,9.1,0.0,9.0,9.0,8.47,8.47,0.069,1.0,9.0,,0.0,0
2026-10-09 00:26:40Z,DAL,in,0.069,Q1 10:51,7.0,DAL,Dallas Cowboys D/ST,DST,7.3,10.0,-2.4,7.6,16.8,16.8,0.059,1.0,7.6,,0.0,0
2026-10-09 00:26:40Z,DAL,in,0.069,Q1 10:51,7.0,8137,George Pickens,WR,14.8,4.9,12.58,17.48,18.68,18.68,0.018,1.0,17.48,,0.0,0
2026-10-09 00:26:40Z,TB,in,0.069,Q1 10:51,-7.0,TB,Tampa Bay Buccaneers D/ST,DST,3.1,4.0,-0.66,3.34,6.89,6.89,0.0,1.0,3.34,,0.0,0
2026-10-09 00:26:40Z,DAL,in,0.069,Q1 10:51,7.0,8917,KaVontae Turpin,WR,2.0,0.0,1.59,1.59,1.86,1.86,0.069,1.0,1.59,,0.0,0
2026-10-09 00:26:40Z,TB,in,0.069,Q1 10:51,-7.0,10227,Payne Durham,TE,1.1,0.0,1.09,1.09,1.02,1.02,0.069,1.0,1.09,,0.0,0
2026-10-09 00:26:40Z,DAL,in,0.069,Q1 10:51,7.0,11593,Brevyn Spann-Ford,TE,0.6,0.0,0.48,0.48,0.56,0.56,0.069,1.0,0.48,,0.0,0
2026-10-09 00:26:40Z,TB,in,0.069,Q1 10:51,-7.0,13425,Jalon Daniels,QB,15.0,0.0,15.61,15.61,13.96,13.96,0.069,1.0,15.61,,0.0,0
2026-10-09 00:26:40Z,DAL,in,0.069,Q1 10:51,7.0,11199,Emari Demercado,RB,3.7,0.0,3.11,3.11,3.44,3.44,0.069,1.0,3.11,,0.0,0
2026-10-09 00:26:40Z,DAL,in,0.069,Q1 10:51,7.0,8162,Sam Howell,QB,0.9,0.0,0.73,0.73,0.84,0.84,0.069,1.0,0.73,,0.0,0
2026-10-09 00:26:40Z,DAL,in,0.069,Q1 10:51,7.0,11783,Ryan Flournoy,WR,8.3,0.0,6.61,6.61,7.73,7.73,0.069,1.0,6.61,,0.0,0
2026-10-09 00:26:40Z,DAL,in,0.069,Q1 10:51,7.0,10871,Luke Schoonmaker,TE,1.9,0.0,1.51,1.51,1.77,1.77,0.069,1.0,1.51,,0.0,0
2026-10-09 00:26:40Z,TB,in,0.069,Q1 10:51,-7.0,13317,Ted Hurst,WR,4.5,0.0,4.45,4.45,4.19,4.19,0.069,1.0,4.45,,0.0,0
2026-10-09 00:26:40Z,TB,in,0.069,Q1 10:51,-7.0,12485,Tez Johnson,WR,4.2,0.0,4.15,4.15,3.91,3.91,0.069,1.0,4.15,,0.0,0
2026-10-09 00:26:40Z,DAL,in,0.069,Q1 10:51,7.0,7588,Javonte Williams,RB,18.2,10.4,18.4,28.8,27.34,27.34,0.0,1.0,28.8,,0.0,0
2026-10-09 00:27:40Z,DAL,in,0.071,Q1 10:44,7.0,11533,Brandon Aubrey,K,9.8,1.0,9.1,10.1,10.1,10.1,0.002,1.0,10.1,,0.0,0
2026-10-09 00:27:40Z,DAL,in,0.071,Q1 10:44,7.0,6786,CeeDee Lamb,WR,19.6,0.0,15.57,15.57,18.21,18.21,0.071,1.0,15.57,,0.0,0
2026-10-09 00:27:40Z,TB,in,0.071,Q1 10:44,-7.0,11584,Bucky Irving,RB,11.1,0.0,10.09,10.09,10.31,10.31,0.071,1.0,10.09,,0.0,0
2026-10-09 00:27:40Z,DAL,in,0.071,Q1 10:44,7.0,3294,Dak Prescott,QB,22.1,1.48,18.14,19.62,22.01,22.01,0.02,1.0,19.62,,0.0,0
2026-10-09 00:27:40Z,TB,in,0.071,Q1 10:44,-7.0,8111,Cade Otton,TE,7.9,0.0,7.79,7.79,7.34,7.34,0.071,1.0,7.79,,0.0,0
2026-10-09 00:27:40Z,TB,in,0.071,Q1 10:44,-7.0,4037,Chris Godwin,WR,8.0,0.0,7.89,7.89,7.43,7.43,0.071,1.0,7.89,,0.0,0
2026-10-09 00:27:40Z,DAL,in,0.071,Q1 10:44,7.0,8110,Jake Ferguson,TE,8.8,0.0,6.99,6.99,8.17,8.17,0.071,1.0,6.99,,0.0,0
2026-10-09 00:27:40Z,TB,in,0.071,Q1 10:44,-7.0,6650,Chase McLaughlin,K,6.7,0.0,6.22,6.22,6.22,6.22,0.071,1.0,6.22,,0.0,0
2026-10-09 00:27:40Z,TB,in,0.071,Q1 10:44,-7.0,9506,Sean Tucker,RB,2.4,0.0,2.18,2.18,2.23,2.23,0.071,1.0,2.18,,0.0,0
2026-10-09 00:27:40Z,TB,in,0.071,Q1 10:44,-7.0,12514,Emeka Egbuka,WR,9.1,0.0,8.98,8.98,8.45,8.45,0.071,1.0,8.98,,0.0,0
2026-10-09 00:27:40Z,DAL,in,0.071,Q1 10:44,7.0,DAL,Dallas Cowboys D/ST,DST,7.3,10.0,-2.4,7.6,16.78,16.78,0.061,1.0,7.6,,0.0,0
2026-10-09 00:27:40Z,DAL,in,0.071,Q1 10:44,7.0,8137,George Pickens,WR,14.8,4.9,12.55,17.45,18.65,18.65,0.02,1.0,17.45,,0.0,0
2026-10-09 00:27:40Z,TB,in,0.071,Q1 10:44,-7.0,TB,Tampa Bay Buccaneers D/ST,DST,3.1,4.0,-0.66,3.34,6.88,6.88,0.002,1.0,3.34,,0.0,0
2026-10-09 00:27:40Z,DAL,in,0.071,Q1 10:44,7.0,8917,KaVontae Turpin,WR,2.0,0.0,1.59,1.59,1.86,1.86,0.071,1.0,1.59,,0.0,0
2026-10-09 00:27:40Z,TB,in,0.071,Q1 10:44,-7.0,10227,Payne Durham,TE,1.1,0.0,1.09,1.09,1.02,1.02,0.071,1.0,1.09,,0.0,0
2026-10-09 00:27:40Z,DAL,in,0.071,Q1 10:44,7.0,11593,Brevyn Spann-Ford,TE,0.6,0.0,0.48,0.48,0.56,0.56,0.071,1.0,0.48,,0.0,0
2026-10-09 00:27:40Z,TB,in,0.071,Q1 10:44,-7.0,13425,Jalon Daniels,QB,15.0,0.0,15.58,15.58,13.93,13.93,0.071,1.0,15.58,,0.0,0
2026-10-09 00:27:40Z,DAL,in,0.071,Q1 10:44,7.0,11199,Emari Demercado,RB,3.7,0.0,3.1,3.1,3.44,3.44,0.071,1.0,3.1,,0.0,0
2026-10-09 00:27:40Z,DAL,in,0.071,Q1 10:44,7.0,8162,Sam Howell,QB,0.9,0.0,0.72,0.72,0.84,0.84,0.071,1.0,0.72,,0.0,0
2026-10-09 00:27:40Z,DAL,in,0.071,Q1 10:44,7.0,11783,Ryan Flournoy,WR,8.3,0.0,6.59,6.59,7.71,7.71,0.071,1.0,6.59,,0.0,0
2026-10-09 00:27:40Z,DAL,in,0.071,Q1 10:44,7.0,10871,Luke Schoonmaker,TE,1.9,0.0,1.51,1.51,1.76,1.76,0.071,1.0,1.51,,0.0,0
2026-10-09 00:27:40Z,TB,in,0.071,Q1 10:44,-7.0,13317,Ted Hurst,WR,4.5,0.0,4.44,4.44,4.18,4.18,0.071,1.0,4.44,,0.0,0
2026-10-09 00:27:40Z,TB,in,0.071,Q1 10:44,-7.0,12485,Tez Johnson,WR,4.2,0.0,4.14,4.14,3.9,3.9,0.071,1.0,4.14,,0.0,0
2026-10-09 00:27:40Z,DAL,in,0.071,Q1 10:44,7.0,7588,Javonte Williams,RB,18.2,10.4,18.36,28.76,27.31,27.31,0.002,1.0,28.76,,0.0,0
2026-10-09 00:28:41Z,DAL,in,0.08,Q1 10:12,7.0,11533,Brandon Aubrey,K,9.8,1.0,9.02,10.02,10.02,10.02,0.011,1.0,10.02,,0.0,0
2026-10-09 00:28:41Z,DAL,in,0.08,Q1 10:12,7.0,6786,CeeDee Lamb,WR,19.6,0.0,15.42,15.42,18.03,18.03,0.08,1.0,15.42,,0.0,0
2026-10-09 00:28:41Z,TB,in,0.08,Q1 10:12,-7.0,11584,Bucky Irving,RB,11.1,0.0,10.0,10.0,10.21,10.21,0.08,1.0,10.0,,0.0,0
2026-10-09 00:28:41Z,DAL,in,0.08,Q1 10:12,7.0,3294,Dak Prescott,QB,22.1,1.48,17.96,19.44,21.81,21.81,0.029,1.0,19.44,,0.0,0
2026-10-09 00:28:41Z,TB,in,0.08,Q1 10:12,-7.0,8111,Cade Otton,TE,7.9,0.0,7.72,7.72,7.27,7.27,0.08,1.0,7.72,,0.0,0
2026-10-09 00:28:41Z,TB,in,0.08,Q1 10:12,-7.0,4037,Chris Godwin,WR,8.0,0.3,7.86,8.16,7.66,7.66,0.0,1.0,8.16,,0.0,0
2026-10-09 00:28:41Z,DAL,in,0.08,Q1 10:12,7.0,8110,Jake Ferguson,TE,8.8,0.0,6.93,6.93,8.1,8.1,0.08,1.0,6.93,,0.0,0
2026-10-09 00:28:41Z,TB,in,0.08,Q1 10:12,-7.0,6650,Chase McLaughlin,K,6.7,0.0,6.16,6.16,6.16,6.16,0.08,1.0,6.16,,0.0,0
2026-10-09 00:28:41Z,TB,in,0.08,Q1 10:12,-7.0,9506,Sean Tucker,RB,2.4,0.0,2.16,2.16,2.21,2.21,0.08,1.0,2.16,,0.0,0
2026-10-09 00:28:41Z,TB,in,0.08,Q1 10:12,-7.0,12514,Emeka Egbuka,WR,9.1,1.3,9.1,10.4,9.67,9.67,0.0,1.0,10.4,,0.0,0
2026-10-09 00:28:41Z,DAL,in,0.08,Q1 10:12,7.0,DAL,Dallas Cowboys D/ST,DST,7.3,10.0,-2.38,7.62,16.72,16.72,0.07,1.0,7.62,,0.0,0
2026-10-09 00:28:41Z,DAL,in,0.08,Q1 10:12,7.0,8137,George Pickens,WR,14.8,4.9,12.43,17.33,18.52,18.52,0.029,1.0,17.33,,0.0,0
2026-10-09 00:28:41Z,TB,in,0.08,Q1 10:12,-7.0,TB,Tampa Bay Buccaneers D/ST,DST,3.1,4.0,-0.65,3.35,6.85,6.85,0.011,1.0,3.35,,0.0,0
2026-10-09 00:28:41Z,DAL,in,0.08,Q1 10:12,7.0,8917,KaVontae Turpin,WR,2.0,0.0,1.57,1.57,1.84,1.84,0.08,1.0,1.57,,0.0,0
2026-10-09 00:28:41Z,TB,in,0.08,Q1 10:12,-7.0,10227,Payne Durham,TE,1.1,0.0,1.07,1.07,1.01,1.01,0.08,1.0,1.07,,0.0,0
2026-10-09 00:28:41Z,DAL,in,0.08,Q1 10:12,7.0,11593,Brevyn Spann-Ford,TE,0.6,0.0,0.47,0.47,0.55,0.55,0.08,1.0,0.47,,0.0,0
2026-10-09 00:28:41Z,TB,in,0.08,Q1 10:12,-7.0,13425,Jalon Daniels,QB,15.0,0.12,15.46,15.58,13.92,13.92,0.0,1.0,15.58,,0.0,0
2026-10-09 00:28:41Z,DAL,in,0.08,Q1 10:12,7.0,11199,Emari Demercado,RB,3.7,0.0,3.07,3.07,3.4,3.4,0.08,1.0,3.07,,0.0,0
2026-10-09 00:28:41Z,DAL,in,0.08,Q1 10:12,7.0,8162,Sam Howell,QB,0.9,0.0,0.72,0.72,0.83,0.83,0.08,1.0,0.72,,0.0,0
2026-10-09 00:28:41Z,DAL,in,0.08,Q1 10:12,7.0,11783,Ryan Flournoy,WR,8.3,0.0,6.53,6.53,7.64,7.64,0.08,1.0,6.53,,0.0,0
2026-10-09 00:28:41Z,DAL,in,0.08,Q1 10:12,7.0,10871,Luke Schoonmaker,TE,1.9,0.0,1.5,1.5,1.75,1.75,0.08,1.0,1.5,,0.0,0
2026-10-09 00:28:41Z,TB,in,0.08,Q1 10:12,-7.0,13317,Ted Hurst,WR,4.5,0.0,4.4,4.4,4.14,4.14,0.08,1.0,4.4,,0.0,0
2026-10-09 00:28:41Z,TB,in,0.08,Q1 10:12,-7.0,12485,Tez Johnson,WR,4.2,0.0,4.1,4.1,3.86,3.86,0.08,1.0,4.1,,0.0,0
2026-10-09 00:28:41Z,DAL,in,0.08,Q1 10:12,7.0,7588,Javonte Williams,RB,18.2,10.4,18.18,28.58,27.14,27.14,0.011,1.0,28.58,,0.0,0
2026-10-09 00:29:41Z,DAL,in,0.091,Q1 9:33,7.0,11533,Brandon Aubrey,K,9.8,1.0,8.91,9.91,9.91,9.91,0.022,1.0,9.91,,0.0,0
2026-10-09 00:29:41Z,DAL,in,0.091,Q1 9:33,7.0,6786,CeeDee Lamb,WR,19.6,0.0,15.24,15.24,17.82,17.82,0.091,1.0,15.24,,0.0,0
2026-10-09 00:29:41Z,TB,in,0.091,Q1 9:33,-7.0,11584,Bucky Irving,RB,11.1,0.0,9.88,9.88,10.09,10.09,0.091,1.0,9.88,,0.0,0
2026-10-09 00:29:41Z,DAL,in,0.091,Q1 9:33,7.0,3294,Dak Prescott,QB,22.1,1.48,17.75,19.23,21.57,21.57,0.04,1.0,19.23,,0.0,0
2026-10-09 00:29:41Z,TB,in,0.091,Q1 9:33,-7.0,8111,Cade Otton,TE,7.9,0.0,7.63,7.63,7.18,7.18,0.091,1.0,7.63,,0.0,0
2026-10-09 00:29:41Z,TB,in,0.091,Q1 9:33,-7.0,4037,Chris Godwin,WR,8.0,0.3,7.77,8.07,7.57,7.57,0.011,1.0,8.07,,0.0,0
2026-10-09 00:29:41Z,DAL,in,0.091,Q1 9:33,7.0,8110,Jake Ferguson,TE,8.8,0.0,6.84,6.84,8.0,8.0,0.091,1.0,6.84,,0.0,0
2026-10-09 00:29:41Z,TB,in,0.091,Q1 9:33,-7.0,6650,Chase McLaughlin,K,6.7,0.0,6.09,6.09,6.09,6.09,0.091,1.0,6.09,,0.0,0
2026-10-09 00:29:41Z,TB,in,0.091,Q1 9:33,-7.0,9506,Sean Tucker,RB,2.4,0.0,2.14,2.14,2.18,2.18,0.091,1.0,2.14,,0.0,0
2026-10-09 00:29:41Z,TB,in,0.091,Q1 9:33,-7.0,12514,Emeka Egbuka,WR,9.1,1.3,8.99,10.29,9.57,9.57,0.011,1.0,10.29,,0.0,0
2026-10-09 00:29:41Z,DAL,in,0.091,Q1 9:33,7.0,DAL,Dallas Cowboys D/ST,DST,7.3,10.0,-2.35,7.65,16.64,16.64,0.081,1.0,7.65,,0.0,0
2026-10-09 00:29:41Z,DAL,in,0.091,Q1 9:33,7.0,8137,George Pickens,WR,14.8,4.9,12.28,17.18,18.36,18.36,0.04,1.0,17.18,,0.0,0
2026-10-09 00:29:41Z,TB,in,0.091,Q1 9:33,-7.0,TB,Tampa Bay Buccaneers D/ST,DST,3.1,4.0,-0.64,3.36,6.82,6.82,0.022,1.0,3.36,,0.0,0
2026-10-09 00:29:41Z,DAL,in,0.091,Q1 9:33,7.0,8917,KaVontae Turpin,WR,2.0,0.0,1.56,1.56,1.82,1.82,0.091,1.0,1.56,,0.0,0
2026-10-09 00:29:41Z,TB,in,0.091,Q1 9:33,-7.0,10227,Payne Durham,TE,1.1,0.0,1.06,1.06,1.0,1.0,0.091,1.0,1.06,,0.0,0
2026-10-09 00:29:41Z,DAL,in,0.091,Q1 9:33,7.0,11593,Brevyn Spann-Ford,TE,0.6,0.0,0.47,0.47,0.55,0.55,0.091,1.0,0.47,,0.0,0
2026-10-09 00:29:41Z,TB,in,0.091,Q1 9:33,-7.0,13425,Jalon Daniels,QB,15.0,0.52,15.37,15.89,14.16,14.16,0.0,1.0,15.89,,0.0,0
2026-10-09 00:29:41Z,DAL,in,0.091,Q1 9:33,7.0,11199,Emari Demercado,RB,3.7,0.0,3.04,3.04,3.36,3.36,0.091,1.0,3.04,,0.0,0
2026-10-09 00:29:41Z,DAL,in,0.091,Q1 9:33,7.0,8162,Sam Howell,QB,0.9,0.0,0.71,0.71,0.82,0.82,0.091,1.0,0.71,,0.0,0
2026-10-09 00:29:41Z,DAL,in,0.091,Q1 9:33,7.0,11783,Ryan Flournoy,WR,8.3,0.0,6.45,6.45,7.55,7.55,0.091,1.0,6.45,,0.0,0
2026-10-09 00:29:41Z,DAL,in,0.091,Q1 9:33,7.0,10871,Luke Schoonmaker,TE,1.9,0.0,1.48,1.48,1.73,1.73,0.091,1.0,1.48,,0.0,0
2026-10-09 00:29:41Z,TB,in,0.091,Q1 9:33,-7.0,13317,Ted Hurst,WR,4.5,0.0,4.34,4.34,4.09,4.09,0.091,1.0,4.34,,0.0,0
2026-10-09 00:29:41Z,TB,in,0.091,Q1 9:33,-7.0,12485,Tez Johnson,WR,4.2,0.0,4.06,4.06,3.82,3.82,0.091,1.0,4.06,,0.0,0
2026-10-09 00:29:41Z,DAL,in,0.091,Q1 9:33,7.0,7588,Javonte Williams,RB,18.2,10.4,17.97,28.37,26.95,26.95,0.022,1.0,28.37,,0.0,0
2026-10-09 00:30:41Z,DAL,in,0.114,Q1 8:08,7.0,11533,Brandon Aubrey,K,9.8,1.0,8.68,9.68,9.68,9.68,0.045,1.0,9.68,,0.0,0
2026-10-09 00:30:41Z,DAL,in,0.114,Q1 8:08,7.0,6786,CeeDee Lamb,WR,19.6,0.0,14.86,14.86,17.36,17.36,0.114,1.0,14.86,,0.0,0
2026-10-09 00:30:41Z,TB,in,0.114,Q1 8:08,-7.0,11584,Bucky Irving,RB,11.1,0.3,9.68,9.98,10.13,10.13,0.0,1.0,9.98,,0.0,0
2026-10-09 00:30:41Z,DAL,in,0.114,Q1 8:08,7.0,3294,Dak Prescott,QB,22.1,1.48,17.27,18.75,21.05,21.05,0.063,1.0,18.75,,0.0,0
2026-10-09 00:30:41Z,TB,in,0.114,Q1 8:08,-7.0,8111,Cade Otton,TE,7.9,2.0,7.73,9.73,9.0,9.0,0.0,1.0,9.73,,0.0,0
2026-10-09 00:30:41Z,TB,in,0.114,Q1 8:08,-7.0,4037,Chris Godwin,WR,8.0,0.3,7.57,7.87,7.38,7.38,0.034,1.0,7.87,,0.0,0
2026-10-09 00:30:41Z,DAL,in,0.114,Q1 8:08,7.0,8110,Jake Ferguson,TE,8.8,0.0,6.67,6.67,7.79,7.79,0.114,1.0,6.67,,0.0,0
2026-10-09 00:30:41Z,TB,in,0.114,Q1 8:08,-7.0,6650,Chase McLaughlin,K,6.7,0.0,5.93,5.93,5.93,5.93,0.114,1.0,5.93,,0.0,0
2026-10-09 00:30:41Z,TB,in,0.114,Q1 8:08,-7.0,9506,Sean Tucker,RB,2.4,0.0,2.08,2.08,2.13,2.13,0.114,1.0,2.08,,0.0,0
2026-10-09 00:30:41Z,TB,in,0.114,Q1 8:08,-7.0,12514,Emeka Egbuka,WR,9.1,1.3,8.76,10.06,9.36,9.36,0.034,1.0,10.06,,0.0,0
2026-10-09 00:30:41Z,DAL,in,0.114,Q1 8:08,7.0,DAL,Dallas Cowboys D/ST,DST,7.3,10.0,-2.2,7.8,16.46,16.46,0.104,1.0,7.8,,0.0,0
2026-10-09 00:30:41Z,DAL,in,0.114,Q1 8:08,7.0,8137,George Pickens,WR,14.8,4.9,11.96,16.86,18.01,18.01,0.063,1.0,16.86,,0.0,0
2026-10-09 00:30:41Z,TB,in,0.114,Q1 8:08,-7.0,TB,Tampa Bay Buccaneers D/ST,DST,3.1,4.0,-0.6,3.4,6.75,6.75,0.045,1.0,3.4,,0.0,0
2026-10-09 00:30:41Z,DAL,in,0.114,Q1 8:08,7.0,8917,KaVontae Turpin,WR,2.0,0.0,1.52,1.52,1.77,1.77,0.114,1.0,1.52,,0.0,0
2026-10-09 00:30:41Z,TB,in,0.114,Q1 8:08,-7.0,10227,Payne Durham,TE,1.1,0.0,1.03,1.03,0.97,0.97,0.114,1.0,1.03,,0.0,0
2026-10-09 00:30:41Z,DAL,in,0.114,Q1 8:08,7.0,11593,Brevyn Spann-Ford,TE,0.6,0.0,0.45,0.45,0.53,0.53,0.114,1.0,0.45,,0.0,0
2026-10-09 00:30:41Z,TB,in,0.114,Q1 8:08,-7.0,13425,Jalon Daniels,QB,15.0,1.02,15.07,16.09,14.3,14.3,0.0,1.0,16.09,,0.0,0
2026-10-09 00:30:41Z,DAL,in,0.114,Q1 8:08,7.0,11199,Emari Demercado,RB,3.7,0.0,2.94,2.94,3.28,3.28,0.114,1.0,2.94,,0.0,0
2026-10-09 00:30:41Z,DAL,in,0.114,Q1 8:08,7.0,8162,Sam Howell,QB,0.9,0.0,0.69,0.69,0.8,0.8,0.114,1.0,0.69,,0.0,0
2026-10-09 00:30:41Z,DAL,in,0.114,Q1 8:08,7.0,11783,Ryan Flournoy,WR,8.3,0.0,6.29,6.29,7.35,7.35,0.114,1.0,6.29,,0.0,0
2026-10-09 00:30:41Z,DAL,in,0.114,Q1 8:08,7.0,10871,Luke Schoonmaker,TE,1.9,0.0,1.44,1.44,1.68,1.68,0.114,1.0,1.44,,0.0,0
2026-10-09 00:30:41Z,TB,in,0.114,Q1 8:08,-7.0,13317,Ted Hurst,WR,4.5,0.0,4.23,4.23,3.98,3.98,0.114,1.0,4.23,,0.0,0
2026-10-09 00:30:41Z,TB,in,0.114,Q1 8:08,-7.0,12485,Tez Johnson,WR,4.2,0.0,3.95,3.95,3.72,3.72,0.114,1.0,3.95,,0.0,0
2026-10-09 00:30:41Z,DAL,in,0.114,Q1 8:08,7.0,7588,Javonte Williams,RB,18.2,10.4,17.46,27.86,26.52,26.52,0.045,1.0,27.86,,0.0,0
2026-10-09 00:31:42Z,DAL,in,0.127,Q1 7:22,7.0,11533,Brandon Aubrey,K,9.8,1.0,8.55,9.55,9.55,9.55,0.058,1.0,9.55,,0.0,0
2026-10-09 00:31:42Z,DAL,in,0.127,Q1 7:22,7.0,6786,CeeDee Lamb,WR,19.6,0.0,14.66,14.66,17.11,17.11,0.127,1.0,14.66,,0.0,0
2026-10-09 00:31:42Z,TB,in,0.127,Q1 7:22,-7.0,11584,Bucky Irving,RB,11.1,0.2,9.5,9.7,9.89,9.89,0.0,1.0,9.7,,0.0,0
2026-10-09 00:31:42Z,DAL,in,0.127,Q1 7:22,7.0,3294,Dak Prescott,QB,22.1,1.48,17.0,18.48,20.77,20.77,0.076,1.0,18.48,,0.0,0
2026-10-09 00:31:42Z,TB,in,0.127,Q1 7:22,-7.0,8111,Cade Otton,TE,7.9,2.0,7.62,9.62,8.89,8.89,0.013,1.0,9.62,,0.0,0
2026-10-09 00:31:42Z,TB,in,0.127,Q1 7:22,-7.0,4037,Chris Godwin,WR,8.0,0.3,7.46,7.76,7.28,7.28,0.047,1.0,7.76,,0.0,0
2026-10-09 00:31:42Z,DAL,in,0.127,Q1 7:22,7.0,8110,Jake Ferguson,TE,8.8,0.0,6.58,6.58,7.68,7.68,0.127,1.0,6.58,,0.0,0
2026-10-09 00:31:42Z,TB,in,0.127,Q1 7:22,-7.0,6650,Chase McLaughlin,K,6.7,0.0,5.85,5.85,5.85,5.85,0.127,1.0,5.85,,0.0,0
2026-10-09 00:31:42Z,TB,in,0.127,Q1 7:22,-7.0,9506,Sean Tucker,RB,2.4,0.0,2.04,2.04,2.09,2.09,0.127,1.0,2.04,,0.0,0
2026-10-09 00:31:42Z,TB,in,0.127,Q1 7:22,-7.0,12514,Emeka Egbuka,WR,9.1,1.3,8.63,9.93,9.24,9.24,0.047,1.0,9.93,,0.0,0
2026-10-09 00:31:42Z,DAL,in,0.127,Q1 7:22,7.0,DAL,Dallas Cowboys D/ST,DST,7.3,10.0,-2.11,7.89,16.37,16.37,0.117,1.0,7.89,,0.0,0
2026-10-09 00:31:42Z,DAL,in,0.127,Q1 7:22,7.0,8137,George Pickens,WR,14.8,4.9,11.79,16.69,17.82,17.82,0.076,1.0,16.69,,0.0,0
2026-10-09 00:31:42Z,TB,in,0.127,Q1 7:22,-7.0,TB,Tampa Bay Buccaneers D/ST,DST,3.1,4.0,-0.57,3.43,6.71,6.71,0.058,1.0,3.43,,0.0,0
2026-10-09 00:31:42Z,DAL,in,0.127,Q1 7:22,7.0,8917,KaVontae Turpin,WR,2.0,0.0,1.5,1.5,1.75,1.75,0.127,1.0,1.5,,0.0,0
2026-10-09 00:31:42Z,TB,in,0.127,Q1 7:22,-7.0,10227,Payne Durham,TE,1.1,0.0,1.02,1.02,0.96,0.96,0.127,1.0,1.02,,0.0,0
2026-10-09 00:31:42Z,DAL,in,0.127,Q1 7:22,7.0,11593,Brevyn Spann-Ford,TE,0.6,0.0,0.45,0.45,0.52,0.52,0.127,1.0,0.45,,0.0,0
2026-10-09 00:31:42Z,TB,in,0.127,Q1 7:22,-7.0,13425,Jalon Daniels,QB,15.0,1.62,14.98,16.6,14.71,14.71,0.0,1.0,16.6,,0.0,0
2026-10-09 00:31:42Z,DAL,in,0.127,Q1 7:22,7.0,11199,Emari Demercado,RB,3.7,0.0,2.89,2.89,3.23,3.23,0.127,1.0,2.89,,0.0,0
2026-10-09 00:31:42Z,DAL,in,0.127,Q1 7:22,7.0,8162,Sam Howell,QB,0.9,0.0,0.68,0.68,0.79,0.79,0.127,1.0,0.68,,0.0,0
2026-10-09 00:31:42Z,DAL,in,0.127,Q1 7:22,7.0,11783,Ryan Flournoy,WR,8.3,0.0,6.21,6.21,7.24,7.24,0.127,1.0,6.21,,0.0,0
2026-10-09 00:31:42Z,DAL,in,0.127,Q1 7:22,7.0,10871,Luke Schoonmaker,TE,1.9,0.0,1.42,1.42,1.66,1.66,0.127,1.0,1.42,,0.0,0
2026-10-09 00:31:42Z,TB,in,0.127,Q1 7:22,-7.0,13317,Ted Hurst,WR,4.5,0.0,4.17,4.17,3.93,3.93,0.127,1.0,4.17,,0.0,0
2026-10-09 00:31:42Z,TB,in,0.127,Q1 7:22,-7.0,12485,Tez Johnson,WR,4.2,0.0,3.89,3.89,3.67,3.67,0.127,1.0,3.89,,0.0,0
2026-10-09 00:31:42Z,DAL,in,0.127,Q1 7:22,7.0,7588,Javonte Williams,RB,18.2,10.4,17.17,27.57,26.28,26.28,0.058,1.0,27.57,,0.0,0
2026-10-09 00:32:42Z,DAL,in,0.153,Q1 5:50,7.0,11533,Brandon Aubrey,K,9.8,1.0,8.2,9.2,9.2,9.3,0.084,1.0,9.2,,0.0,0
2026-10-09 00:32:42Z,DAL,in,0.153,Q1 5:50,7.0,6786,CeeDee Lamb,WR,19.6,0.0,14.25,14.25,15.97,16.61,0.153,1.0,14.25,,0.0,0
2026-10-09 00:32:42Z,TB,in,0.153,Q1 5:50,-7.0,11584,Bucky Irving,RB,11.1,0.2,9.18,9.38,9.29,9.6,0.026,1.0,9.38,,0.0,0
2026-10-09 00:32:42Z,DAL,in,0.153,Q1 5:50,7.0,3294,Dak Prescott,QB,22.1,1.48,16.47,17.95,19.8,20.2,0.102,1.0,17.95,,0.0,0
2026-10-09 00:32:42Z,TB,in,0.153,Q1 5:50,-7.0,8111,Cade Otton,TE,7.9,3.4,7.59,10.99,10.56,10.09,0.0,1.0,10.99,,0.0,0
2026-10-09 00:32:42Z,TB,in,0.153,Q1 5:50,-7.0,4037,Chris Godwin,WR,8.0,0.3,7.24,7.54,6.88,7.08,0.073,1.0,7.54,,0.0,0
2026-10-09 00:32:42Z,DAL,in,0.153,Q1 5:50,7.0,8110,Jake Ferguson,TE,8.8,0.0,6.4,6.4,7.17,7.46,0.153,1.0,6.4,,0.0,0
2026-10-09 00:32:42Z,TB,in,0.153,Q1 5:50,-7.0,6650,Chase McLaughlin,K,6.7,0.0,5.46,5.46,5.46,5.68,0.153,1.0,5.46,,0.0,0
2026-10-09 00:32:42Z,TB,in,0.153,Q1 5:50,-7.0,9506,Sean Tucker,RB,2.4,0.0,1.97,1.97,1.96,2.03,0.153,1.0,1.97,,0.0,0
2026-10-09 00:32:42Z,TB,in,0.153,Q1 5:50,-7.0,12514,Emeka Egbuka,WR,9.1,1.3,8.37,9.67,8.99,9.01,0.073,1.0,9.67,,0.0,0
2026-10-09 00:32:42Z,DAL,in,0.153,Q1 5:50,7.0,DAL,Dallas Cowboys D/ST,DST,7.3,10.0,-2.01,7.99,18.07,16.18,0.143,1.0,7.99,,0.0,0
2026-10-09 00:32:42Z,DAL,in,0.153,Q1 5:50,7.0,8137,George Pickens,WR,14.8,4.9,11.45,16.35,18.0,17.44,0.102,1.0,16.35,,0.0,0
2026-10-09 00:32:42Z,TB,in,0.153,Q1 5:50,-7.0,TB,Tampa Bay Buccaneers D/ST,DST,3.1,4.0,-0.55,3.45,7.37,6.63,0.084,1.0,3.45,,0.0,0
2026-10-09 00:32:42Z,DAL,in,0.153,Q1 5:50,7.0,8917,KaVontae Turpin,WR,2.0,0.0,1.45,1.45,1.63,1.69,0.153,1.0,1.45,,0.0,0
2026-10-09 00:32:42Z,TB,in,0.153,Q1 5:50,-7.0,10227,Payne Durham,TE,1.1,0.0,0.99,0.99,0.9,0.93,0.153,1.0,0.99,,0.0,0
2026-10-09 00:32:42Z,DAL,in,0.153,Q1 5:50,7.0,11593,Brevyn Spann-Ford,TE,0.6,0.0,0.44,0.44,0.49,0.51,0.153,1.0,0.44,,0.0,0
2026-10-09 00:32:42Z,TB,in,0.153,Q1 5:50,-7.0,13425,Jalon Daniels,QB,15.0,1.78,14.54,16.32,14.38,14.49,0.0,1.0,16.32,,0.0,0
2026-10-09 00:32:42Z,DAL,in,0.153,Q1 5:50,7.0,11199,Emari Demercado,RB,3.7,0.0,2.77,2.77,3.01,3.13,0.153,1.0,2.77,,0.0,0
2026-10-09 00:32:42Z,DAL,in,0.153,Q1 5:50,7.0,8162,Sam Howell,QB,0.9,0.0,0.66,0.66,0.73,0.76,0.153,0.992,0.65,,0.0,0
2026-10-09 00:32:42Z,DAL,in,0.153,Q1 5:50,7.0,11783,Ryan Flournoy,WR,8.3,0.0,6.03,6.03,6.76,7.03,0.153,1.0,6.03,,0.0,0
2026-10-09 00:32:42Z,DAL,in,0.153,Q1 5:50,7.0,10871,Luke Schoonmaker,TE,1.9,0.0,1.38,1.38,1.55,1.61,0.153,1.0,1.38,,0.0,0
2026-10-09 00:32:42Z,TB,in,0.153,Q1 5:50,-7.0,13317,Ted Hurst,WR,4.5,0.0,4.05,4.05,3.67,3.81,0.153,1.0,4.05,,0.0,0
2026-10-09 00:32:42Z,TB,in,0.153,Q1 5:50,-7.0,12485,Tez Johnson,WR,4.2,0.0,3.78,3.78,3.42,3.56,0.153,1.0,3.78,,0.0,0
2026-10-09 00:32:42Z,DAL,in,0.153,Q1 5:50,7.0,7588,Javonte Williams,RB,18.2,10.4,16.57,26.97,27.43,25.82,0.084,1.0,26.97,,0.0,0
2026-10-09 00:33:42Z,DAL,in,0.164,Q1 5:08,7.0,11533,Brandon Aubrey,K,9.8,1.0,8.06,9.06,9.06,9.19,0.095,1.0,9.06,,0.0,0
2026-10-09 00:33:42Z,DAL,in,0.164,Q1 5:08,7.0,6786,CeeDee Lamb,WR,19.6,0.0,14.06,14.06,15.7,16.38,0.164,1.0,14.06,,0.0,0
2026-10-09 00:33:42Z,TB,in,0.164,Q1 5:08,-7.0,11584,Bucky Irving,RB,11.1,0.4,9.09,9.49,9.38,9.67,0.0,1.0,9.49,,0.0,0
2026-10-09 00:33:42Z,DAL,in,0.164,Q1 5:08,7.0,3294,Dak Prescott,QB,22.1,1.48,16.22,17.7,19.5,19.95,0.113,1.0,17.7,,0.0,0
2026-10-09 00:33:42Z,TB,in,0.164,Q1 5:08,-7.0,8111,Cade Otton,TE,7.9,3.4,7.48,10.88,10.44,10.0,0.012,1.0,10.88,,0.0,0
2026-10-09 00:33:42Z,TB,in,0.164,Q1 5:08,-7.0,4037,Chris Godwin,WR,8.0,0.3,7.14,7.44,6.77,6.98,0.084,1.0,7.44,,0.0,0
2026-10-09 00:33:42Z,DAL,in,0.164,Q1 5:08,7.0,8110,Jake Ferguson,TE,8.8,0.0,6.31,6.31,7.05,7.35,0.164,1.0,6.31,,0.0,0
2026-10-09 00:33:42Z,TB,in,0.164,Q1 5:08,-7.0,6650,Chase McLaughlin,K,6.7,0.0,5.37,5.37,5.37,5.6,0.164,1.0,5.37,,0.0,0
2026-10-09 00:33:42Z,TB,in,0.164,Q1 5:08,-7.0,9506,Sean Tucker,RB,2.4,0.0,1.94,1.94,1.92,2.01,0.164,1.0,1.94,,0.0,0
2026-10-09 00:33:42Z,TB,in,0.164,Q1 5:08,-7.0,12514,Emeka Egbuka,WR,9.1,2.6,8.44,11.04,10.43,10.2,0.0,1.0,11.04,,0.0,0
2026-10-09 00:33:42Z,DAL,in,0.164,Q1 5:08,7.0,DAL,Dallas Cowboys D/ST,DST,7.3,10.0,-1.98,8.02,17.94,16.1,0.154,1.0,8.02,,0.0,0
2026-10-09 00:33:42Z,DAL,in,0.164,Q1 5:08,7.0,8137,George Pickens,WR,14.8,4.9,11.29,16.19,17.78,17.27,0.113,1.0,16.19,,0.0,0
2026-10-09 00:33:42Z,TB,in,0.164,Q1 5:08,-7.0,TB,Tampa Bay Buccaneers D/ST,DST,3.1,4.0,-0.55,3.45,7.32,6.59,0.095,1.0,3.45,,0.0,0
2026-10-09 00:33:42Z,DAL,in,0.164,Q1 5:08,7.0,8917,KaVontae Turpin,WR,2.0,0.0,1.43,1.43,1.6,1.67,0.164,1.0,1.43,,0.0,0
2026-10-09 00:33:42Z,TB,in,0.164,Q1 5:08,-7.0,10227,Payne Durham,TE,1.1,0.0,0.98,0.98,0.88,0.92,0.164,1.0,0.98,,0.0,0
2026-10-09 00:33:42Z,DAL,in,0.164,Q1 5:08,7.0,11593,Brevyn Spann-Ford,TE,0.6,0.0,0.43,0.43,0.48,0.5,0.164,1.0,0.43,,0.0,0
2026-10-09 00:33:42Z,TB,in,0.164,Q1 5:08,-7.0,13425,Jalon Daniels,QB,15.0,1.9,14.35,16.25,14.31,14.43,0.0,1.0,16.25,,0.0,0
2026-10-09 00:33:42Z,DAL,in,0.164,Q1 5:08,7.0,11199,Emari Demercado,RB,3.7,0.0,2.72,2.72,2.96,3.09,0.164,1.0,2.72,,0.0,0
2026-10-09 00:33:42Z,DAL,in,0.164,Q1 5:08,7.0,8162,Sam Howell,QB,0.9,0.0,0.65,0.65,0.72,0.75,0.164,0.957,0.62,,0.0,0
2026-10-09 00:33:42Z,DAL,in,0.164,Q1 5:08,7.0,11783,Ryan Flournoy,WR,8.3,0.0,5.95,5.95,6.65,6.94,0.164,1.0,5.95,,0.0,0
2026-10-09 00:33:42Z,DAL,in,0.164,Q1 5:08,7.0,10871,Luke Schoonmaker,TE,1.9,0.0,1.36,1.36,1.52,1.59,0.164,1.0,1.36,,0.0,0
2026-10-09 00:33:42Z,TB,in,0.164,Q1 5:08,-7.0,13317,Ted Hurst,WR,4.5,0.0,3.99,3.99,3.61,3.76,0.164,1.0,3.99,,0.0,0
2026-10-09 00:33:42Z,TB,in,0.164,Q1 5:08,-7.0,12485,Tez Johnson,WR,4.2,0.0,3.73,3.73,3.37,3.51,0.164,1.0,3.73,,0.0,0
2026-10-09 00:33:42Z,DAL,in,0.164,Q1 5:08,7.0,7588,Javonte Williams,RB,18.2,10.4,16.29,26.69,27.15,25.61,0.095,1.0,26.69,,0.0,0
2026-10-09 00:34:42Z,DAL,in,0.176,Q1 4:27,7.0,11533,Brandon Aubrey,K,9.8,1.0,7.93,8.93,8.93,9.08,0.107,1.0,8.93,,0.0,0
2026-10-09 00:34:42Z,DAL,in,0.176,Q1 4:27,7.0,6786,CeeDee Lamb,WR,19.6,0.0,13.88,13.88,15.44,16.15,0.176,1.0,13.88,,0.0,0
2026-10-09 00:34:42Z,TB,in,0.176,Q1 4:27,-7.0,11584,Bucky Irving,RB,11.1,0.4,8.95,9.35,9.23,9.55,0.011,1.0,9.35,,0.0,0
2026-10-09 00:34:42Z,DAL,in,0.176,Q1 4:27,7.0,3294,Dak Prescott,QB,22.1,1.48,15.98,17.46,19.2,19.69,0.125,1.0,17.46,,0.0,0
2026-10-09 00:34:42Z,TB,in,0.176,Q1 4:27,-7.0,8111,Cade Otton,TE,7.9,3.4,7.38,10.78,10.33,9.91,0.023,1.0,10.78,,0.0,0
2026-10-09 00:34:42Z,TB,in,0.176,Q1 4:27,-7.0,4037,Chris Godwin,WR,8.0,0.3,7.04,7.34,6.67,6.89,0.096,1.0,7.34,,0.0,0
2026-10-09 00:34:42Z,DAL,in,0.176,Q1 4:27,7.0,8110,Jake Ferguson,TE,8.8,0.0,6.23,6.23,6.93,7.25,0.176,1.0,6.23,,0.0,0
2026-10-09 00:34:42Z,TB,in,0.176,Q1 4:27,-7.0,6650,Chase McLaughlin,K,6.7,0.0,5.28,5.28,5.28,5.52,0.176,1.0,5.28,,0.0,0
2026-10-09 00:34:42Z,TB,in,0.176,Q1 4:27,-7.0,9506,Sean Tucker,RB,2.4,0.0,1.91,1.91,1.89,1.98,0.176,1.0,1.91,,0.0,0
2026-10-09 00:34:42Z,TB,in,0.176,Q1 4:27,-7.0,12514,Emeka Egbuka,WR,9.1,2.6,8.32,10.92,10.31,10.1,0.011,1.0,10.92,,0.0,0
2026-10-09 00:34:42Z,DAL,in,0.176,Q1 4:27,7.0,DAL,Dallas Cowboys D/ST,DST,7.3,10.0,-1.95,8.05,17.81,16.02,0.166,1.0,8.05,,0.0,0
2026-10-09 00:34:42Z,DAL,in,0.176,Q1 4:27,7.0,8137,George Pickens,WR,14.8,4.9,11.14,16.04,17.57,17.1,0.125,1.0,16.04,,0.0,0
2026-10-09 00:34:42Z,TB,in,0.176,Q1 4:27,-7.0,TB,Tampa Bay Buccaneers D/ST,DST,3.1,4.0,-0.55,3.45,7.27,6.55,0.107,1.0,3.45,,0.0,0
2026-10-09 00:34:42Z,DAL,in,0.176,Q1 4:27,7.0,8917,KaVontae Turpin,WR,2.0,0.0,1.42,1.42,1.58,1.65,0.176,1.0,1.42,,0.0,0
2026-10-09 00:34:42Z,TB,in,0.176,Q1 4:27,-7.0,10227,Payne Durham,TE,1.1,0.0,0.96,0.96,0.87,0.91,0.176,1.0,0.96,,0.0,0
2026-10-09 00:34:42Z,DAL,in,0.176,Q1 4:27,7.0,11593,Brevyn Spann-Ford,TE,0.6,0.0,0.42,0.42,0.47,0.49,0.176,1.0,0.42,,0.0,0
2026-10-09 00:34:42Z,TB,in,0.176,Q1 4:27,-7.0,13425,Jalon Daniels,QB,15.0,1.9,14.14,16.04,14.11,14.26,0.011,1.0,16.04,,0.0,0
2026-10-09 00:34:42Z,DAL,in,0.176,Q1 4:27,7.0,11199,Emari Demercado,RB,3.7,0.0,2.67,2.67,2.92,3.05,0.176,1.0,2.67,,0.0,0
2026-10-09 00:34:42Z,DAL,in,0.176,Q1 4:27,7.0,8162,Sam Howell,QB,0.9,0.0,0.64,0.64,0.71,0.74,0.176,0.922,0.59,,0.0,0
2026-10-09 00:34:42Z,DAL,in,0.176,Q1 4:27,7.0,11783,Ryan Flournoy,WR,8.3,0.0,5.88,5.88,6.54,6.84,0.176,1.0,5.88,,0.0,0
2026-10-09 00:34:42Z,DAL,in,0.176,Q1 4:27,7.0,10871,Luke Schoonmaker,TE,1.9,0.0,1.35,1.35,1.5,1.57,0.176,1.0,1.35,,0.0,0
2026-10-09 00:34:42Z,TB,in,0.176,Q1 4:27,-7.0,13317,Ted Hurst,WR,4.5,0.0,3.94,3.94,3.55,3.71,0.176,1.0,3.94,,0.0,0
2026-10-09 00:34:42Z,TB,in,0.176,Q1 4:27,-7.0,12485,Tez Johnson,WR,4.2,0.0,3.68,3.68,3.31,3.46,0.176,1.0,3.68,,0.0,0
2026-10-09 00:34:42Z,DAL,in,0.176,Q1 4:27,7.0,7588,Javonte Williams,RB,18.2,10.4,16.02,26.42,26.88,25.4,0.107,1.0,26.42,,0.0,0
2026-10-09 00:35:43Z,DAL,in,0.186,Q1 3:52,7.0,11533,Brandon Aubrey,K,9.8,1.0,7.81,8.81,8.81,8.98,0.116,1.0,8.81,,0.0,0
2026-10-09 00:35:43Z,DAL,in,0.186,Q1 3:52,7.0,6786,CeeDee Lamb,WR,19.6,0.0,13.72,13.72,15.22,15.96,0.186,1.0,13.72,,0.0,0
2026-10-09 00:35:43Z,TB,in,0.186,Q1 3:52,-7.0,11584,Bucky Irving,RB,11.1,0.4,8.83,9.23,9.1,9.44,0.021,1.0,9.23,,0.0,0
2026-10-09 00:35:43Z,DAL,in,0.186,Q1 3:52,7.0,3294,Dak Prescott,QB,22.1,1.48,15.78,17.26,18.95,19.48,0.134,1.0,17.26,,0.0,0
2026-10-09 00:35:43Z,TB,in,0.186,Q1 3:52,-7.0,8111,Cade Otton,TE,7.9,3.4,7.29,10.69,10.23,9.83,0.033,1.0,10.69,,0.0,0
2026-10-09 00:35:43Z,TB,in,0.186,Q1 3:52,-7.0,4037,Chris Godwin,WR,8.0,0.3,6.96,7.26,6.57,6.82,0.106,1.0,7.26,,0.0,0
2026-10-09 00:35:43Z,DAL,in,0.186,Q1 3:52,7.0,8110,Jake Ferguson,TE,8.8,0.0,6.16,6.16,6.83,7.17,0.186,1.0,6.16,,0.0,0
2026-10-09 00:35:43Z,TB,in,0.186,Q1 3:52,-7.0,6650,Chase McLaughlin,K,6.7,0.0,5.2,5.2,5.2,5.46,0.186,1.0,5.2,,0.0,0
2026-10-09 00:35:43Z,TB,in,0.186,Q1 3:52,-7.0,9506,Sean Tucker,RB,2.4,0.0,1.89,1.89,1.86,1.95,0.186,1.0,1.89,,0.0,0
2026-10-09 00:35:43Z,TB,in,0.186,Q1 3:52,-7.0,12514,Emeka Egbuka,WR,9.1,2.6,8.22,10.82,10.2,10.01,0.021,1.0,10.82,,0.0,0
2026-10-09 00:35:43Z,DAL,in,0.186,Q1 3:52,7.0,DAL,Dallas Cowboys D/ST,DST,7.3,10.0,-1.94,8.06,17.71,15.95,0.176,1.0,8.06,,0.0,0
2026-10-09 00:35:43Z,DAL,in,0.186,Q1 3:52,7.0,8137,George Pickens,WR,14.8,4.9,11.02,15.92,17.39,16.95,0.134,1.0,15.92,,0.0,0
2026-10-09 00:35:43Z,TB,in,0.186,Q1 3:52,-7.0,TB,Tampa Bay Buccaneers D/ST,DST,3.1,4.0,-0.55,3.45,7.22,6.52,0.116,1.0,3.45,,0.0,0
2026-10-09 00:35:43Z,DAL,in,0.186,Q1 3:52,7.0,8917,KaVontae Turpin,WR,2.0,0.0,1.4,1.4,1.55,1.63,0.186,1.0,1.4,,0.0,0
2026-10-09 00:35:43Z,TB,in,0.186,Q1 3:52,-7.0,10227,Payne Durham,TE,1.1,0.0,0.95,0.95,0.85,0.9,0.186,1.0,0.95,,0.0,0
2026-10-09 00:35:43Z,DAL,in,0.186,Q1 3:52,7.0,11593,Brevyn Spann-Ford,TE,0.6,0.0,0.42,0.42,0.47,0.49,0.186,1.0,0.42,,0.0,0
2026-10-09 00:35:43Z,TB,in,0.186,Q1 3:52,-7.0,13425,Jalon Daniels,QB,15.0,1.9,13.96,15.86,13.94,14.12,0.021,1.0,15.86,,0.0,0
2026-10-09 00:35:43Z,DAL,in,0.186,Q1 3:52,7.0,11199,Emari Demercado,RB,3.7,0.0,2.63,2.63,2.87,3.01,0.186,1.0,2.63,,0.0,0
2026-10-09 00:35:43Z,DAL,in,0.186,Q1 3:52,7.0,8162,Sam Howell,QB,0.9,0.0,0.63,0.63,0.7,0.73,0.186,0.893,0.56,,0.0,0
2026-10-09 00:35:43Z,DAL,in,0.186,Q1 3:52,7.0,11783,Ryan Flournoy,WR,8.3,0.0,5.81,5.81,6.45,6.76,0.186,1.0,5.81,,0.0,0
2026-10-09 00:35:43Z,DAL,in,0.186,Q1 3:52,7.0,10871,Luke Schoonmaker,TE,1.9,0.0,1.33,1.33,1.48,1.55,0.186,1.0,1.33,,0.0,0
2026-10-09 00:35:43Z,TB,in,0.186,Q1 3:52,-7.0,13317,Ted Hurst,WR,4.5,0.0,3.89,3.89,3.49,3.67,0.186,1.0,3.89,,0.0,0
2026-10-09 00:35:43Z,TB,in,0.186,Q1 3:52,-7.0,12485,Tez Johnson,WR,4.2,0.0,3.63,3.63,3.26,3.42,0.186,1.0,3.63,,0.0,0
2026-10-09 00:35:43Z,DAL,in,0.186,Q1 3:52,7.0,7588,Javonte Williams,RB,18.2,10.4,15.79,26.19,26.65,25.22,0.116,1.0,26.19,,0.0,0
2026-10-09 00:36:43Z,DAL,in,0.194,Q1 3:23,7.0,11533,Brandon Aubrey,K,9.8,1.0,7.72,8.72,8.72,8.9,0.124,1.0,8.72,,0.0,0
2026-10-09 00:36:43Z,DAL,in,0.194,Q1 3:23,7.0,6786,CeeDee Lamb,WR,19.6,0.0,13.59,13.59,15.04,15.81,0.194,1.0,13.59,,0.0,0
2026-10-09 00:36:43Z,TB,in,0.194,Q1 3:23,-7.0,11584,Bucky Irving,RB,11.1,0.4,8.73,9.13,9.0,9.35,0.029,1.0,9.13,,0.0,0
2026-10-09 00:36:43Z,DAL,in,0.194,Q1 3:23,7.0,3294,Dak Prescott,QB,22.1,1.48,15.61,17.09,18.74,19.3,0.143,1.0,17.09,,0.0,0
2026-10-09 00:36:43Z,TB,in,0.194,Q1 3:23,-7.0,8111,Cade Otton,TE,7.9,3.4,7.21,10.61,10.15,9.77,0.041,1.0,10.61,,0.0,0
2026-10-09 00:36:43Z,TB,in,0.194,Q1 3:23,-7.0,4037,Chris Godwin,WR,8.0,0.3,6.89,7.19,6.5,6.75,0.114,1.0,7.19,,0.0,0
2026-10-09 00:36:43Z,DAL,in,0.194,Q1 3:23,7.0,8110,Jake Ferguson,TE,8.8,0.0,6.1,6.1,6.75,7.1,0.194,1.0,6.1,,0.0,0
2026-10-09 00:36:43Z,TB,in,0.194,Q1 3:23,-7.0,6650,Chase McLaughlin,K,6.7,0.0,5.14,5.14,5.14,5.4,0.194,1.0,5.14,,0.0,0
2026-10-09 00:36:43Z,TB,in,0.194,Q1 3:23,-7.0,9506,Sean Tucker,RB,2.4,0.0,1.86,1.86,1.84,1.94,0.194,1.0,1.86,,0.0,0
2026-10-09 00:36:43Z,TB,in,0.194,Q1 3:23,-7.0,12514,Emeka Egbuka,WR,9.1,2.6,8.14,10.74,10.11,9.94,0.029,1.0,10.74,,0.0,0
2026-10-09 00:36:43Z,DAL,in,0.194,Q1 3:23,7.0,DAL,Dallas Cowboys D/ST,DST,7.3,10.0,-1.93,8.07,17.62,15.89,0.184,1.0,8.07,,0.0,0
2026-10-09 00:36:43Z,DAL,in,0.194,Q1 3:23,7.0,8137,George Pickens,WR,14.8,4.9,10.91,15.81,17.24,16.83,0.143,1.0,15.81,,0.0,0
2026-10-09 00:36:43Z,TB,in,0.194,Q1 3:23,-7.0,TB,Tampa Bay Buccaneers D/ST,DST,3.1,4.0,-0.55,3.45,7.19,6.5,0.124,1.0,3.45,,0.0,0
2026-10-09 00:36:43Z,DAL,in,0.194,Q1 3:23,7.0,8917,KaVontae Turpin,WR,2.0,0.0,1.39,1.39,1.53,1.61,0.194,1.0,1.39,,0.0,0
2026-10-09 00:36:43Z,TB,in,0.194,Q1 3:23,-7.0,10227,Payne Durham,TE,1.1,0.0,0.94,0.94,0.84,0.89,0.194,1.0,0.94,,0.0,0
2026-10-09 00:36:43Z,DAL,in,0.194,Q1 3:23,7.0,11593,Brevyn Spann-Ford,TE,0.6,0.0,0.42,0.42,0.46,0.48,0.194,1.0,0.42,,0.0,0
2026-10-09 00:36:43Z,TB,in,0.194,Q1 3:23,-7.0,13425,Jalon Daniels,QB,15.0,1.9,13.81,15.71,13.79,14.0,0.029,1.0,15.71,,0.0,0
2026-10-09 00:36:43Z,DAL,in,0.194,Q1 3:23,7.0,11199,Emari Demercado,RB,3.7,0.0,2.6,2.6,2.84,2.98,0.194,1.0,2.6,,0.0,0
2026-10-09 00:36:43Z,DAL,in,0.194,Q1 3:23,7.0,8162,Sam Howell,QB,0.9,0.0,0.62,0.62,0.69,0.73,0.194,0.869,0.54,,0.0,0
2026-10-09 00:36:43Z,DAL,in,0.194,Q1 3:23,7.0,11783,Ryan Flournoy,WR,8.3,0.0,5.76,5.76,6.37,6.69,0.194,1.0,5.76,,0.0,0
2026-10-09 00:36:43Z,DAL,in,0.194,Q1 3:23,7.0,10871,Luke Schoonmaker,TE,1.9,0.0,1.32,1.32,1.46,1.53,0.194,1.0,1.32,,0.0,0
2026-10-09 00:36:43Z,TB,in,0.194,Q1 3:23,-7.0,13317,Ted Hurst,WR,4.5,0.0,3.85,3.85,3.45,3.63,0.194,1.0,3.85,,0.0,0
2026-10-09 00:36:43Z,TB,in,0.194,Q1 3:23,-7.0,12485,Tez Johnson,WR,4.2,0.0,3.6,3.6,3.22,3.39,0.194,1.0,3.6,,0.0,0
2026-10-09 00:36:43Z,DAL,in,0.194,Q1 3:23,7.0,7588,Javonte Williams,RB,18.2,10.4,15.6,26.0,26.46,25.08,0.124,1.0,26.0,,0.0,0
2026-10-09 00:37:43Z,DAL,in,0.197,Q1 3:12,7.0,11533,Brandon Aubrey,K,9.8,1.0,7.69,8.69,8.69,8.87,0.128,1.0,8.69,,0.0,0
2026-10-09 00:37:43Z,DAL,in,0.197,Q1 3:12,7.0,6786,CeeDee Lamb,WR,19.6,0.0,13.55,13.55,14.97,15.75,0.197,1.0,13.55,,0.0,0
2026-10-09 00:37:43Z,TB,in,0.197,Q1 3:12,-7.0,11584,Bucky Irving,RB,11.1,0.4,8.7,9.1,8.96,9.32,0.032,1.0,9.1,,0.0,0
2026-10-09 00:37:43Z,DAL,in,0.197,Q1 3:12,7.0,3294,Dak Prescott,QB,22.1,1.48,15.55,17.03,18.66,19.23,0.146,1.0,17.03,,0.0,0
2026-10-09 00:37:43Z,TB,in,0.197,Q1 3:12,-7.0,8111,Cade Otton,TE,7.9,3.4,7.19,10.59,10.12,9.75,0.044,1.0,10.59,,0.0,0
2026-10-09 00:37:43Z,TB,in,0.197,Q1 3:12,-7.0,4037,Chris Godwin,WR,8.0,2.7,7.18,9.88,9.35,9.13,0.0,1.0,9.88,,0.0,0
2026-10-09 00:37:43Z,DAL,in,0.197,Q1 3:12,7.0,8110,Jake Ferguson,TE,8.8,0.0,6.08,6.08,6.72,7.07,0.197,1.0,6.08,,0.0,0
2026-10-09 00:37:43Z,TB,in,0.197,Q1 3:12,-7.0,6650,Chase McLaughlin,K,6.7,0.0,5.12,5.12,5.12,5.38,0.197,1.0,5.12,,0.0,0
2026-10-09 00:37:43Z,TB,in,0.197,Q1 3:12,-7.0,9506,Sean Tucker,RB,2.4,0.0,1.86,1.86,1.83,1.93,0.197,1.0,1.86,,0.0,0
2026-10-09 00:37:43Z,TB,in,0.197,Q1 3:12,-7.0,12514,Emeka Egbuka,WR,9.1,2.6,8.11,10.71,10.07,9.91,0.032,1.0,10.71,,0.0,0
2026-10-09 00:37:43Z,DAL,in,0.197,Q1 3:12,7.0,DAL,Dallas Cowboys D/ST,DST,7.3,10.0,-1.92,8.08,17.58,15.86,0.187,1.0,8.08,,0.0,0
2026-10-09 00:37:43Z,DAL,in,0.197,Q1 3:12,7.0,8137,George Pickens,WR,14.8,4.9,10.87,15.77,17.19,16.79,0.146,1.0,15.77,,0.0,0
2026-10-09 00:37:43Z,TB,in,0.197,Q1 3:12,-7.0,TB,Tampa Bay Buccaneers D/ST,DST,3.1,4.0,-0.55,3.45,7.17,6.49,0.128,1.0,3.45,,0.0,0
2026-10-09 00:37:43Z,DAL,in,0.197,Q1 3:12,7.0,8917,KaVontae Turpin,WR,2.0,0.0,1.38,1.38,1.53,1.61,0.197,1.0,1.38,,0.0,0
2026-10-09 00:37:43Z,TB,in,0.197,Q1 3:12,-7.0,10227,Payne Durham,TE,1.1,0.0,0.94,0.94,0.84,0.88,0.197,1.0,0.94,,0.0,0
2026-10-09 00:37:43Z,DAL,in,0.197,Q1 3:12,7.0,11593,Brevyn Spann-Ford,TE,0.6,0.0,0.41,0.41,0.46,0.48,0.197,1.0,0.41,,0.0,0
2026-10-09 00:37:43Z,TB,in,0.197,Q1 3:12,-7.0,13425,Jalon Daniels,QB,15.0,2.46,13.88,16.34,14.41,14.51,0.0,1.0,16.34,,0.0,0
2026-10-09 00:37:43Z,DAL,in,0.197,Q1 3:12,7.0,11199,Emari Demercado,RB,3.7,0.0,2.58,2.58,2.83,2.97,0.197,1.0,2.58,,0.0,0
2026-10-09 00:37:43Z,DAL,in,0.197,Q1 3:12,7.0,8162,Sam Howell,QB,0.9,0.0,0.62,0.62,0.69,0.72,0.197,0.86,0.53,,0.0,0
2026-10-09 00:37:43Z,DAL,in,0.197,Q1 3:12,7.0,11783,Ryan Flournoy,WR,8.3,0.0,5.74,5.74,6.34,6.67,0.197,1.0,5.74,,0.0,0
2026-10-09 00:37:43Z,DAL,in,0.197,Q1 3:12,7.0,10871,Luke Schoonmaker,TE,1.9,0.0,1.31,1.31,1.45,1.53,0.197,1.0,1.31,,0.0,0
2026-10-09 00:37:43Z,TB,in,0.197,Q1 3:12,-7.0,13317,Ted Hurst,WR,4.5,0.0,3.84,3.84,3.44,3.62,0.197,1.0,3.84,,0.0,0
2026-10-09 00:37:43Z,TB,in,0.197,Q1 3:12,-7.0,12485,Tez Johnson,WR,4.2,0.0,3.58,3.58,3.21,3.37,0.197,1.0,3.58,,0.0,0
2026-10-09 00:37:43Z,DAL,in,0.197,Q1 3:12,7.0,7588,Javonte Williams,RB,18.2,10.4,15.53,25.93,26.39,25.02,0.128,1.0,25.93,,0.0,0
2026-10-09 00:38:44Z,DAL,in,0.208,Q1 2:30,7.0,11533,Brandon Aubrey,K,9.8,1.0,7.55,8.55,8.55,8.76,0.139,1.0,8.55,,0.0,0
2026-10-09 00:38:44Z,DAL,in,0.208,Q1 2:30,7.0,6786,CeeDee Lamb,WR,19.6,0.0,13.37,13.37,14.71,15.52,0.208,1.0,13.37,,0.0,0
2026-10-09 00:38:44Z,TB,in,0.208,Q1 2:30,-7.0,11584,Bucky Irving,RB,11.1,0.6,8.59,9.19,9.05,9.39,0.0,1.0,9.19,,0.0,0
2026-10-09 00:38:44Z,DAL,in,0.208,Q1 2:30,7.0,3294,Dak Prescott,QB,22.1,1.48,15.27,16.75,18.36,18.98,0.157,0.978,16.42,,0.0,0
2026-10-09 00:38:44Z,TB,in,0.208,Q1 2:30,-7.0,8111,Cade Otton,TE,7.9,3.4,7.07,10.47,10.0,9.65,0.056,1.0,10.47,,0.0,0
2026-10-09 00:38:44Z,TB,in,0.208,Q1 2:30,-7.0,4037,Chris Godwin,WR,8.0,2.7,7.07,9.77,9.24,9.03,0.012,1.0,9.77,,0.0,0
2026-10-09 00:38:44Z,DAL,in,0.208,Q1 2:30,7.0,8110,Jake Ferguson,TE,8.8,0.0,6.0,6.0,6.6,6.97,0.208,1.0,6.0,,0.0,0
2026-10-09 00:38:44Z,TB,in,0.208,Q1 2:30,-7.0,6650,Chase McLaughlin,K,6.7,0.0,5.03,5.03,5.03,5.3,0.208,1.0,5.03,,0.0,0
2026-10-09 00:38:44Z,TB,in,0.208,Q1 2:30,-7.0,9506,Sean Tucker,RB,2.4,0.0,1.82,1.82,1.8,1.9,0.208,1.0,1.82,,0.0,0
2026-10-09 00:38:44Z,TB,in,0.208,Q1 2:30,-7.0,12514,Emeka Egbuka,WR,9.1,2.6,7.98,10.58,9.94,9.8,0.044,1.0,10.58,,0.0,0
2026-10-09 00:38:44Z,DAL,in,0.208,Q1 2:30,7.0,DAL,Dallas Cowboys D/ST,DST,7.3,10.0,-1.87,8.13,17.46,15.78,0.198,1.0,8.13,,0.0,0
2026-10-09 00:38:44Z,DAL,in,0.208,Q1 2:30,7.0,8137,George Pickens,WR,14.8,4.9,10.72,15.62,16.98,16.62,0.157,1.0,15.62,,0.0,0
2026-10-09 00:38:44Z,TB,in,0.208,Q1 2:30,-7.0,TB,Tampa Bay Buccaneers D/ST,DST,3.1,4.0,-0.55,3.45,7.12,6.45,0.139,1.0,3.45,,0.0,0
2026-10-09 00:38:44Z,DAL,in,0.208,Q1 2:30,7.0,8917,KaVontae Turpin,WR,2.0,0.0,1.36,1.36,1.5,1.58,0.208,1.0,1.36,,0.0,0
2026-10-09 00:38:44Z,TB,in,0.208,Q1 2:30,-7.0,10227,Payne Durham,TE,1.1,0.0,0.92,0.92,0.83,0.87,0.208,1.0,0.92,,0.0,0
2026-10-09 00:38:44Z,DAL,in,0.208,Q1 2:30,7.0,11593,Brevyn Spann-Ford,TE,0.6,0.0,0.41,0.41,0.45,0.47,0.208,1.0,0.41,,0.0,0
2026-10-09 00:38:44Z,TB,in,0.208,Q1 2:30,-7.0,13425,Jalon Daniels,QB,15.0,2.46,13.68,16.14,14.2,14.34,0.012,1.0,16.14,,0.0,0
2026-10-09 00:38:44Z,DAL,in,0.208,Q1 2:30,7.0,11199,Emari Demercado,RB,3.7,0.0,2.54,2.54,2.78,2.93,0.208,1.0,2.54,,0.0,0
2026-10-09 00:38:44Z,DAL,in,0.208,Q1 2:30,7.0,8162,Sam Howell,QB,0.9,0.0,0.61,0.61,0.68,0.71,0.208,0.825,0.5,,0.0,0
2026-10-09 00:38:44Z,DAL,in,0.208,Q1 2:30,7.0,11783,Ryan Flournoy,WR,8.3,0.0,5.66,5.66,6.23,6.57,0.208,1.0,5.66,,0.0,0
2026-10-09 00:38:44Z,DAL,in,0.208,Q1 2:30,7.0,10871,Luke Schoonmaker,TE,1.9,0.0,1.3,1.3,1.43,1.5,0.208,1.0,1.3,,0.0,0
2026-10-09 00:38:44Z,TB,in,0.208,Q1 2:30,-7.0,13317,Ted Hurst,WR,4.5,0.0,3.78,3.78,3.38,3.56,0.208,1.0,3.78,,0.0,0
2026-10-09 00:38:44Z,TB,in,0.208,Q1 2:30,-7.0,12485,Tez Johnson,WR,4.2,0.0,3.53,3.53,3.15,3.33,0.208,1.0,3.53,,0.0,0
2026-10-09 00:38:44Z,DAL,in,0.208,Q1 2:30,7.0,7588,Javonte Williams,RB,18.2,10.4,15.28,25.68,26.12,24.81,0.139,1.0,25.68,,0.0,0
2026-10-09 00:39:44Z,DAL,in,0.231,Q1 1:07,7.0,11533,Brandon Aubrey,K,9.8,1.0,7.29,8.29,8.29,8.53,0.162,1.0,8.29,,0.0,0
2026-10-09 00:39:44Z,DAL,in,0.231,Q1 1:07,7.0,6786,CeeDee Lamb,WR,19.6,0.0,13.01,13.01,14.19,15.06,0.231,1.0,13.01,,0.0,0
2026-10-09 00:39:44Z,TB,in,0.231,Q1 1:07,-7.0,11584,Bucky Irving,RB,11.1,0.6,8.28,8.88,8.75,9.13,0.023,1.0,8.88,,0.0,0
2026-10-09 00:39:44Z,DAL,in,0.231,Q1 1:07,7.0,3294,Dak Prescott,QB,22.1,1.48,14.69,16.17,17.77,18.47,0.18,0.909,14.83,,0.0,0
2026-10-09 00:39:44Z,TB,in,0.231,Q1 1:07,-7.0,8111,Cade Otton,TE,7.9,3.4,6.85,10.25,9.77,9.47,0.079,1.0,10.25,,0.0,0
2026-10-09 00:39:44Z,TB,in,0.231,Q1 1:07,-7.0,4037,Chris Godwin,WR,8.0,4.1,7.02,11.12,10.68,10.25,0.0,1.0,11.12,,0.0,0
2026-10-09 00:39:44Z,DAL,in,0.231,Q1 1:07,7.0,8110,Jake Ferguson,TE,8.8,0.0,5.84,5.84,6.37,6.76,0.231,1.0,5.84,,0.0,0
2026-10-09 00:39:44Z,TB,in,0.231,Q1 1:07,-7.0,6650,Chase McLaughlin,K,6.7,0.0,4.85,4.85,4.85,5.15,0.231,1.0,4.85,,0.0,0
2026-10-09 00:39:44Z,TB,in,0.231,Q1 1:07,-7.0,9506,Sean Tucker,RB,2.4,0.0,1.76,1.76,1.74,1.84,0.231,1.0,1.76,,0.0,0
2026-10-09 00:39:44Z,TB,in,0.231,Q1 1:07,-7.0,12514,Emeka Egbuka,WR,9.1,2.6,7.73,10.33,9.69,9.59,0.067,1.0,10.33,,0.0,0
2026-10-09 00:39:44Z,DAL,in,0.231,Q1 1:07,7.0,DAL,Dallas Cowboys D/ST,DST,7.3,10.0,-1.76,8.24,17.21,15.61,0.221,1.0,8.24,,0.0,0
2026-10-09 00:39:44Z,DAL,in,0.231,Q1 1:07,7.0,8137,George Pickens,WR,14.8,4.9,10.42,15.32,16.56,16.28,0.18,1.0,15.32,,0.0,0
2026-10-09 00:39:44Z,TB,in,0.231,Q1 1:07,-7.0,TB,Tampa Bay Buccaneers D/ST,DST,3.1,4.0,-0.53,3.47,7.01,6.38,0.162,1.0,3.47,,0.0,0
2026-10-09 00:39:44Z,DAL,in,0.231,Q1 1:07,7.0,8917,KaVontae Turpin,WR,2.0,0.0,1.33,1.33,1.45,1.54,0.231,1.0,1.33,,0.0,0
2026-10-09 00:39:44Z,TB,in,0.231,Q1 1:07,-7.0,10227,Payne Durham,TE,1.1,0.0,0.9,0.9,0.8,0.85,0.231,1.0,0.9,,0.0,0
2026-10-09 00:39:44Z,DAL,in,0.231,Q1 1:07,7.0,11593,Brevyn Spann-Ford,TE,0.6,0.0,0.4,0.4,0.43,0.46,0.231,1.0,0.4,,0.0,0
2026-10-09 00:39:44Z,TB,in,0.231,Q1 1:07,-7.0,13425,Jalon Daniels,QB,15.0,2.62,13.33,15.95,13.99,14.15,0.0,1.0,15.95,,0.0,0
2026-10-09 00:39:44Z,DAL,in,0.231,Q1 1:07,7.0,11199,Emari Demercado,RB,3.7,0.0,2.45,2.45,2.68,2.84,0.231,1.0,2.45,,0.0,0
2026-10-09 00:39:44Z,DAL,in,0.231,Q1 1:07,7.0,8162,Sam Howell,QB,0.9,0.0,0.58,0.58,0.65,0.69,0.231,0.756,0.44,,0.0,0
2026-10-09 00:39:44Z,DAL,in,0.231,Q1 1:07,7.0,11783,Ryan Flournoy,WR,8.3,0.0,5.51,5.51,6.01,6.38,0.231,1.0,5.51,,0.0,0
2026-10-09 00:39:44Z,DAL,in,0.231,Q1 1:07,7.0,10871,Luke Schoonmaker,TE,1.9,0.0,1.26,1.26,1.38,1.46,0.231,1.0,1.26,,0.0,0
2026-10-09 00:39:44Z,TB,in,0.231,Q1 1:07,-7.0,13317,Ted Hurst,WR,4.5,0.0,3.67,3.67,3.26,3.46,0.231,1.0,3.67,,0.0,0
2026-10-09 00:39:44Z,TB,in,0.231,Q1 1:07,-7.0,12485,Tez Johnson,WR,4.2,0.0,3.42,3.42,3.04,3.23,0.231,1.0,3.42,,0.0,0
2026-10-09 00:39:44Z,DAL,in,0.231,Q1 1:07,7.0,7588,Javonte Williams,RB,18.2,10.4,14.8,25.2,25.58,24.39,0.162,1.0,25.2,,0.0,0
2026-10-09 00:40:44Z,DAL,in,0.231,Q1 1:07,7.0,11533,Brandon Aubrey,K,9.8,1.0,7.29,8.29,8.29,8.53,0.162,1.0,8.29,,0.0,0
2026-10-09 00:40:44Z,DAL,in,0.231,Q1 1:07,7.0,6786,CeeDee Lamb,WR,19.6,0.0,13.01,13.01,14.19,15.06,0.231,1.0,13.01,,0.0,0
2026-10-09 00:40:44Z,TB,in,0.231,Q1 1:07,-7.0,11584,Bucky Irving,RB,11.1,0.6,8.28,8.88,8.75,9.13,0.023,1.0,8.88,,0.0,0
2026-10-09 00:40:44Z,DAL,in,0.231,Q1 1:07,7.0,3294,Dak Prescott,QB,22.1,1.48,14.69,16.17,17.77,18.47,0.18,0.909,14.83,,0.0,0
2026-10-09 00:40:44Z,TB,in,0.231,Q1 1:07,-7.0,8111,Cade Otton,TE,7.9,3.4,6.85,10.25,9.77,9.47,0.079,1.0,10.25,,0.0,0
2026-10-09 00:40:44Z,TB,in,0.231,Q1 1:07,-7.0,4037,Chris Godwin,WR,8.0,4.1,7.02,11.12,10.68,10.25,0.0,1.0,11.12,,0.0,0
2026-10-09 00:40:44Z,DAL,in,0.231,Q1 1:07,7.0,8110,Jake Ferguson,TE,8.8,0.0,5.84,5.84,6.37,6.76,0.231,1.0,5.84,,0.0,0
2026-10-09 00:40:44Z,TB,in,0.231,Q1 1:07,-7.0,6650,Chase McLaughlin,K,6.7,0.0,4.85,4.85,4.85,5.15,0.231,1.0,4.85,,0.0,0
2026-10-09 00:40:44Z,TB,in,0.231,Q1 1:07,-7.0,9506,Sean Tucker,RB,2.4,0.0,1.76,1.76,1.74,1.84,0.231,1.0,1.76,,0.0,0
2026-10-09 00:40:44Z,TB,in,0.231,Q1 1:07,-7.0,12514,Emeka Egbuka,WR,9.1,2.6,7.73,10.33,9.69,9.59,0.067,1.0,10.33,,0.0,0
2026-10-09 00:40:44Z,DAL,in,0.231,Q1 1:07,7.0,DAL,Dallas Cowboys D/ST,DST,7.3,10.0,-1.76,8.24,17.21,15.61,0.221,1.0,8.24,,0.0,0
2026-10-09 00:40:44Z,DAL,in,0.231,Q1 1:07,7.0,8137,George Pickens,WR,14.8,4.9,10.42,15.32,16.56,16.28,0.18,1.0,15.32,,0.0,0
2026-10-09 00:40:44Z,TB,in,0.231,Q1 1:07,-7.0,TB,Tampa Bay Buccaneers D/ST,DST,3.1,4.0,-0.53,3.47,7.01,6.38,0.162,1.0,3.47,,0.0,0
2026-10-09 00:40:44Z,DAL,in,0.231,Q1 1:07,7.0,8917,KaVontae Turpin,WR,2.0,0.0,1.33,1.33,1.45,1.54,0.231,1.0,1.33,,0.0,0
2026-10-09 00:40:44Z,TB,in,0.231,Q1 1:07,-7.0,10227,Payne Durham,TE,1.1,0.0,0.9,0.9,0.8,0.85,0.231,1.0,0.9,,0.0,0
2026-10-09 00:40:44Z,DAL,in,0.231,Q1 1:07,7.0,11593,Brevyn Spann-Ford,TE,0.6,0.0,0.4,0.4,0.43,0.46,0.231,1.0,0.4,,0.0,0
2026-10-09 00:40:44Z,TB,in,0.231,Q1 1:07,-7.0,13425,Jalon Daniels,QB,15.0,2.62,13.33,15.95,13.99,14.15,0.0,1.0,15.95,,0.0,0
2026-10-09 00:40:44Z,DAL,in,0.231,Q1 1:07,7.0,11199,Emari Demercado,RB,3.7,0.0,2.45,2.45,2.68,2.84,0.231,1.0,2.45,,0.0,0
2026-10-09 00:40:44Z,DAL,in,0.231,Q1 1:07,7.0,8162,Sam Howell,QB,0.9,0.0,0.58,0.58,0.65,0.69,0.231,0.756,0.44,,0.0,0
2026-10-09 00:40:44Z,DAL,in,0.231,Q1 1:07,7.0,11783,Ryan Flournoy,WR,8.3,0.0,5.51,5.51,6.01,6.38,0.231,1.0,5.51,,0.0,0
2026-10-09 00:40:44Z,DAL,in,0.231,Q1 1:07,7.0,10871,Luke Schoonmaker,TE,1.9,0.0,1.26,1.26,1.38,1.46,0.231,1.0,1.26,,0.0,0
2026-10-09 00:40:44Z,TB,in,0.231,Q1 1:07,-7.0,13317,Ted Hurst,WR,4.5,0.0,3.67,3.67,3.26,3.46,0.231,1.0,3.67,,0.0,0
2026-10-09 00:40:44Z,TB,in,0.231,Q1 1:07,-7.0,12485,Tez Johnson,WR,4.2,0.0,3.42,3.42,3.04,3.23,0.231,1.0,3.42,,0.0,0
2026-10-09 00:40:44Z,DAL,in,0.231,Q1 1:07,7.0,7588,Javonte Williams,RB,18.2,10.4,14.8,25.2,25.58,24.39,0.162,1.0,25.2,,0.0,0
2026-10-09 00:41:45Z,DAL,in,0.243,Q1 0:26,7.0,11533,Brandon Aubrey,K,9.8,1.0,7.16,8.16,8.16,8.42,0.174,1.0,8.16,,0.0,0
2026-10-09 00:41:45Z,DAL,in,0.243,Q1 0:26,7.0,6786,CeeDee Lamb,WR,19.6,0.0,12.84,12.84,13.94,14.84,0.243,1.0,12.84,,0.0,0
2026-10-09 00:41:45Z,TB,in,0.243,Q1 0:26,-7.0,11584,Bucky Irving,RB,11.1,0.6,8.12,8.72,8.61,9.01,0.034,1.0,8.72,,0.0,0
2026-10-09 00:41:45Z,DAL,in,0.243,Q1 0:26,7.0,3294,Dak Prescott,QB,22.1,1.48,14.4,15.88,17.48,18.21,0.192,0.875,14.08,,0.0,0
2026-10-09 00:41:45Z,TB,in,0.243,Q1 0:26,-7.0,8111,Cade Otton,TE,7.9,3.4,6.74,10.14,9.66,9.38,0.09,1.0,10.14,,0.0,0
2026-10-09 00:41:45Z,TB,in,0.243,Q1 0:26,-7.0,4037,Chris Godwin,WR,8.0,4.1,6.91,11.01,10.57,10.16,0.011,1.0,11.01,,0.0,0
2026-10-09 00:41:45Z,DAL,in,0.243,Q1 0:26,7.0,8110,Jake Ferguson,TE,8.8,0.0,5.76,5.76,6.26,6.66,0.243,1.0,5.76,,0.0,0
2026-10-09 00:41:45Z,TB,in,0.243,Q1 0:26,-7.0,6650,Chase McLaughlin,K,6.7,0.0,4.77,4.77,4.77,5.07,0.243,1.0,4.77,,0.0,0
2026-10-09 00:41:45Z,TB,in,0.243,Q1 0:26,-7.0,9506,Sean Tucker,RB,2.4,0.0,1.72,1.72,1.71,1.82,0.243,1.0,1.72,,0.0,0
2026-10-09 00:41:45Z,TB,in,0.243,Q1 0:26,-7.0,12514,Emeka Egbuka,WR,9.1,4.2,7.8,12.0,11.47,11.09,0.0,1.0,12.0,,0.0,0
2026-10-09 00:41:45Z,DAL,in,0.243,Q1 0:26,7.0,DAL,Dallas Cowboys D/ST,DST,7.3,10.0,-1.71,8.29,17.09,15.53,0.233,1.0,8.29,,0.0,0
2026-10-09 00:41:45Z,DAL,in,0.243,Q1 0:26,7.0,8137,George Pickens,WR,14.8,4.9,10.28,15.18,16.35,16.11,0.192,1.0,15.18,,0.0,0
2026-10-09 00:41:45Z,TB,in,0.243,Q1 0:26,-7.0,TB,Tampa Bay Buccaneers D/ST,DST,3.1,4.0,-0.53,3.47,6.96,6.35,0.174,1.0,3.47,,0.0,0
2026-10-09 00:41:45Z,DAL,in,0.243,Q1 0:26,7.0,8917,KaVontae Turpin,WR,2.0,0.0,1.31,1.31,1.42,1.51,0.243,1.0,1.31,,0.0,0
2026-10-09 00:41:45Z,TB,in,0.243,Q1 0:26,-7.0,10227,Payne Durham,TE,1.1,0.0,0.88,0.88,0.78,0.83,0.243,1.0,0.88,,0.0,0
2026-10-09 00:41:45Z,DAL,in,0.243,Q1 0:26,7.0,11593,Brevyn Spann-Ford,TE,0.6,0.0,0.39,0.39,0.43,0.45,0.243,1.0,0.39,,0.0,0
2026-10-09 00:41:45Z,TB,in,0.243,Q1 0:26,-7.0,13425,Jalon Daniels,QB,15.0,2.86,13.19,16.05,14.07,14.22,0.0,1.0,16.05,,0.0,0
2026-10-09 00:41:45Z,DAL,in,0.243,Q1 0:26,7.0,11199,Emari Demercado,RB,3.7,0.0,2.4,2.4,2.63,2.8,0.243,1.0,2.4,,0.0,0
2026-10-09 00:41:45Z,DAL,in,0.243,Q1 0:26,7.0,8162,Sam Howell,QB,0.9,0.0,0.57,0.57,0.64,0.68,0.243,0.722,0.41,,0.0,0
2026-10-09 00:41:45Z,DAL,in,0.243,Q1 0:26,7.0,11783,Ryan Flournoy,WR,8.3,0.0,5.44,5.44,5.9,6.28,0.243,1.0,5.44,,0.0,0
2026-10-09 00:41:45Z,DAL,in,0.243,Q1 0:26,7.0,10871,Luke Schoonmaker,TE,1.9,0.0,1.24,1.24,1.35,1.44,0.243,1.0,1.24,,0.0,0
2026-10-09 00:41:45Z,TB,in,0.243,Q1 0:26,-7.0,13317,Ted Hurst,WR,4.5,0.0,3.61,3.61,3.2,3.41,0.243,1.0,3.61,,0.0,0
2026-10-09 00:41:45Z,TB,in,0.243,Q1 0:26,-7.0,12485,Tez Johnson,WR,4.2,0.0,3.37,3.37,2.99,3.18,0.243,1.0,3.37,,0.0,0
2026-10-09 00:41:45Z,DAL,in,0.243,Q1 0:26,7.0,7588,Javonte Williams,RB,18.2,10.4,14.56,24.96,25.31,24.18,0.174,1.0,24.96,,0.0,0
2026-10-09 00:42:45Z,DAL,in,0.25,Q2 15:00,7.0,11533,Brandon Aubrey,K,9.8,1.0,7.08,8.08,8.08,8.35,0.181,1.0,8.08,,0.0,0
2026-10-09 00:42:45Z,DAL,in,0.25,Q2 15:00,7.0,6786,CeeDee Lamb,WR,19.6,0.0,12.73,12.73,13.78,14.7,0.25,1.0,12.73,,0.0,0
2026-10-09 00:42:45Z,TB,in,0.25,Q2 15:00,-7.0,11584,Bucky Irving,RB,11.1,0.5,8.0,8.5,8.4,8.82,0.0,1.0,8.5,,0.0,0
2026-10-09 00:42:45Z,DAL,in,0.25,Q2 15:00,7.0,3294,Dak Prescott,QB,22.1,1.48,14.22,15.7,17.3,18.06,0.199,0.853,13.62,,0.0,0
2026-10-09 00:42:45Z,TB,in,0.25,Q2 15:00,-7.0,8111,Cade Otton,TE,7.9,3.4,6.67,10.07,9.59,9.33,0.097,1.0,10.07,,0.0,0
2026-10-09 00:42:45Z,TB,in,0.25,Q2 15:00,-7.0,4037,Chris Godwin,WR,8.0,4.1,6.83,10.93,10.49,10.1,0.019,1.0,10.93,,0.0,0
2026-10-09 00:42:45Z,DAL,in,0.25,Q2 15:00,7.0,8110,Jake Ferguson,TE,8.8,0.0,5.71,5.71,6.19,6.6,0.25,1.0,5.71,,0.0,0
2026-10-09 00:42:45Z,TB,in,0.25,Q2 15:00,-7.0,6650,Chase McLaughlin,K,6.7,0.0,4.71,4.71,4.71,5.03,0.25,1.0,4.71,,0.0,0
2026-10-09 00:42:45Z,TB,in,0.25,Q2 15:00,-7.0,9506,Sean Tucker,RB,2.4,0.0,1.7,1.7,1.69,1.8,0.25,1.0,1.7,,0.0,0
2026-10-09 00:42:45Z,TB,in,0.25,Q2 15:00,-7.0,12514,Emeka Egbuka,WR,9.1,4.2,7.72,11.92,11.39,11.02,0.007,1.0,11.92,,0.0,0
2026-10-09 00:42:45Z,DAL,in,0.25,Q2 15:00,7.0,DAL,Dallas Cowboys D/ST,DST,7.3,10.0,-1.68,8.32,17.01,15.47,0.24,1.0,8.32,,0.0,0
2026-10-09 00:42:45Z,DAL,in,0.25,Q2 15:00,7.0,8137,George Pickens,WR,14.8,4.9,10.19,15.09,16.23,16.0,0.199,1.0,15.09,,0.0,0
2026-10-09 00:42:45Z,TB,in,0.25,Q2 15:00,-7.0,TB,Tampa Bay Buccaneers D/ST,DST,3.1,4.0,-0.52,3.48,6.93,6.33,0.181,1.0,3.48,,0.0,0
2026-10-09 00:42:45Z,DAL,in,0.25,Q2 15:00,7.0,8917,KaVontae Turpin,WR,2.0,0.0,1.3,1.3,1.41,1.5,0.25,1.0,1.3,,0.0,0
2026-10-09 00:42:45Z,TB,in,0.25,Q2 15:00,-7.0,10227,Payne Durham,TE,1.1,0.0,0.87,0.87,0.77,0.83,0.25,1.0,0.87,,0.0,0
2026-10-09 00:42:45Z,DAL,in,0.25,Q2 15:00,7.0,11593,Brevyn Spann-Ford,TE,0.6,0.0,0.39,0.39,0.42,0.45,0.25,1.0,0.39,,0.0,0
2026-10-09 00:42:45Z,TB,in,0.25,Q2 15:00,-7.0,13425,Jalon Daniels,QB,15.0,2.86,13.06,15.92,13.94,14.11,0.007,1.0,15.92,,0.0,0
2026-10-09 00:42:45Z,DAL,in,0.25,Q2 15:00,7.0,11199,Emari Demercado,RB,3.7,0.0,2.37,2.37,2.6,2.78,0.25,1.0,2.37,,0.0,0
2026-10-09 00:42:45Z,DAL,in,0.25,Q2 15:00,7.0,8162,Sam Howell,QB,0.9,0.0,0.56,0.56,0.63,0.68,0.25,0.7,0.39,,0.0,0
2026-10-09 00:42:45Z,DAL,in,0.25,Q2 15:00,7.0,11783,Ryan Flournoy,WR,8.3,0.0,5.39,5.39,5.84,6.23,0.25,1.0,5.39,,0.0,0
2026-10-09 00:42:45Z,DAL,in,0.25,Q2 15:00,7.0,10871,Luke Schoonmaker,TE,1.9,0.0,1.23,1.23,1.34,1.42,0.25,1.0,1.23,,0.0,0
2026-10-09 00:42:45Z,TB,in,0.25,Q2 15:00,-7.0,13317,Ted Hurst,WR,4.5,0.0,3.57,3.57,3.16,3.38,0.25,1.0,3.57,,0.0,0
2026-10-09 00:42:45Z,TB,in,0.25,Q2 15:00,-7.0,12485,Tez Johnson,WR,4.2,0.0,3.34,3.34,2.95,3.15,0.25,1.0,3.34,,0.0,0
2026-10-09 00:42:45Z,DAL,in,0.25,Q2 15:00,7.0,7588,Javonte Williams,RB,18.2,10.4,14.41,24.81,25.15,24.05,0.181,1.0,24.81,,0.0,0
2026-10-09 00:43:45Z,DAL,in,0.25,Q2 15:00,7.0,11533,Brandon Aubrey,K,9.8,1.0,7.08,8.08,8.08,8.35,0.181,1.0,8.08,,0.0,0
2026-10-09 00:43:45Z,DAL,in,0.25,Q2 15:00,7.0,6786,CeeDee Lamb,WR,19.6,0.0,12.73,12.73,13.78,14.7,0.25,1.0,12.73,,0.0,0
2026-10-09 00:43:45Z,TB,in,0.25,Q2 15:00,-7.0,11584,Bucky Irving,RB,11.1,0.5,8.0,8.5,8.4,8.82,0.0,1.0,8.5,,0.0,0
2026-10-09 00:43:45Z,DAL,in,0.25,Q2 15:00,7.0,3294,Dak Prescott,QB,22.1,1.48,14.22,15.7,17.3,18.06,0.199,0.853,13.62,,0.0,0
2026-10-09 00:43:45Z,TB,in,0.25,Q2 15:00,-7.0,8111,Cade Otton,TE,7.9,3.4,6.67,10.07,9.59,9.33,0.097,1.0,10.07,,0.0,0
2026-10-09 00:43:45Z,TB,in,0.25,Q2 15:00,-7.0,4037,Chris Godwin,WR,8.0,4.1,6.83,10.93,10.49,10.1,0.019,1.0,10.93,,0.0,0
2026-10-09 00:43:45Z,DAL,in,0.25,Q2 15:00,7.0,8110,Jake Ferguson,TE,8.8,0.0,5.71,5.71,6.19,6.6,0.25,1.0,5.71,,0.0,0
2026-10-09 00:43:45Z,TB,in,0.25,Q2 15:00,-7.0,6650,Chase McLaughlin,K,6.7,0.0,4.71,4.71,4.71,5.03,0.25,1.0,4.71,,0.0,0
2026-10-09 00:43:45Z,TB,in,0.25,Q2 15:00,-7.0,9506,Sean Tucker,RB,2.4,0.0,1.7,1.7,1.69,1.8,0.25,1.0,1.7,,0.0,0
2026-10-09 00:43:45Z,TB,in,0.25,Q2 15:00,-7.0,12514,Emeka Egbuka,WR,9.1,4.2,7.72,11.92,11.39,11.02,0.007,1.0,11.92,,0.0,0
2026-10-09 00:43:45Z,DAL,in,0.25,Q2 15:00,7.0,DAL,Dallas Cowboys D/ST,DST,7.3,10.0,-1.68,8.32,17.01,15.47,0.24,1.0,8.32,,0.0,0
2026-10-09 00:43:45Z,DAL,in,0.25,Q2 15:00,7.0,8137,George Pickens,WR,14.8,4.9,10.19,15.09,16.23,16.0,0.199,1.0,15.09,,0.0,0
2026-10-09 00:43:45Z,TB,in,0.25,Q2 15:00,-7.0,TB,Tampa Bay Buccaneers D/ST,DST,3.1,4.0,-0.52,3.48,6.93,6.33,0.181,1.0,3.48,,0.0,0
2026-10-09 00:43:45Z,DAL,in,0.25,Q2 15:00,7.0,8917,KaVontae Turpin,WR,2.0,0.0,1.3,1.3,1.41,1.5,0.25,1.0,1.3,,0.0,0
2026-10-09 00:43:45Z,TB,in,0.25,Q2 15:00,-7.0,10227,Payne Durham,TE,1.1,0.0,0.87,0.87,0.77,0.83,0.25,1.0,0.87,,0.0,0
2026-10-09 00:43:45Z,DAL,in,0.25,Q2 15:00,7.0,11593,Brevyn Spann-Ford,TE,0.6,0.0,0.39,0.39,0.42,0.45,0.25,1.0,0.39,,0.0,0
2026-10-09 00:43:45Z,TB,in,0.25,Q2 15:00,-7.0,13425,Jalon Daniels,QB,15.0,2.86,13.06,15.92,13.94,14.11,0.007,1.0,15.92,,0.0,0
2026-10-09 00:43:45Z,DAL,in,0.25,Q2 15:00,7.0,11199,Emari Demercado,RB,3.7,0.0,2.37,2.37,2.6,2.78,0.25,1.0,2.37,,0.0,0
2026-10-09 00:43:45Z,DAL,in,0.25,Q2 15:00,7.0,8162,Sam Howell,QB,0.9,0.0,0.56,0.56,0.63,0.68,0.25,0.7,0.39,,0.0,0
2026-10-09 00:43:45Z,DAL,in,0.25,Q2 15:00,7.0,11783,Ryan Flournoy,WR,8.3,0.0,5.39,5.39,5.84,6.23,0.25,1.0,5.39,,0.0,0
2026-10-09 00:43:45Z,DAL,in,0.25,Q2 15:00,7.0,10871,Luke Schoonmaker,TE,1.9,0.0,1.23,1.23,1.34,1.42,0.25,1.0,1.23,,0.0,0
2026-10-09 00:43:45Z,TB,in,0.25,Q2 15:00,-7.0,13317,Ted Hurst,WR,4.5,0.0,3.57,3.57,3.16,3.38,0.25,1.0,3.57,,0.0,0
2026-10-09 00:43:45Z,TB,in,0.25,Q2 15:00,-7.0,12485,Tez Johnson,WR,4.2,0.0,3.34,3.34,2.95,3.15,0.25,1.0,3.34,,0.0,0
2026-10-09 00:43:45Z,DAL,in,0.25,Q2 15:00,7.0,7588,Javonte Williams,RB,18.2,10.4,14.41,24.81,25.15,24.05,0.181,1.0,24.81,,0.0,0
2026-10-09 00:44:46Z,DAL,in,0.25,Q2 15:00,7.0,11533,Brandon Aubrey,K,9.8,1.0,7.08,8.08,8.08,8.35,0.181,1.0,8.08,,0.0,0
2026-10-09 00:44:46Z,DAL,in,0.25,Q2 15:00,7.0,6786,CeeDee Lamb,WR,19.6,0.0,12.73,12.73,13.78,14.7,0.25,1.0,12.73,,0.0,0
2026-10-09 00:44:46Z,TB,in,0.25,Q2 15:00,-7.0,11584,Bucky Irving,RB,11.1,0.5,8.0,8.5,8.4,8.82,0.0,1.0,8.5,,0.0,0
2026-10-09 00:44:46Z,DAL,in,0.25,Q2 15:00,7.0,3294,Dak Prescott,QB,22.1,1.48,14.22,15.7,17.3,18.06,0.199,0.853,13.62,,0.0,0
2026-10-09 00:44:46Z,TB,in,0.25,Q2 15:00,-7.0,8111,Cade Otton,TE,7.9,3.4,6.67,10.07,9.59,9.33,0.097,1.0,10.07,,0.0,0
2026-10-09 00:44:46Z,TB,in,0.25,Q2 15:00,-7.0,4037,Chris Godwin,WR,8.0,4.1,6.83,10.93,10.49,10.1,0.019,1.0,10.93,,0.0,0
2026-10-09 00:44:46Z,DAL,in,0.25,Q2 15:00,7.0,8110,Jake Ferguson,TE,8.8,0.0,5.71,5.71,6.19,6.6,0.25,1.0,5.71,,0.0,0
2026-10-09 00:44:46Z,TB,in,0.25,Q2 15:00,-7.0,6650,Chase McLaughlin,K,6.7,0.0,4.71,4.71,4.71,5.03,0.25,1.0,4.71,,0.0,0
2026-10-09 00:44:46Z,TB,in,0.25,Q2 15:00,-7.0,9506,Sean Tucker,RB,2.4,0.0,1.7,1.7,1.69,1.8,0.25,1.0,1.7,,0.0,0
2026-10-09 00:44:46Z,TB,in,0.25,Q2 15:00,-7.0,12514,Emeka Egbuka,WR,9.1,4.2,7.72,11.92,11.39,11.02,0.007,1.0,11.92,,0.0,0
2026-10-09 00:44:46Z,DAL,in,0.25,Q2 15:00,7.0,DAL,Dallas Cowboys D/ST,DST,7.3,10.0,-1.68,8.32,17.01,15.47,0.24,1.0,8.32,,0.0,0
2026-10-09 00:44:46Z,DAL,in,0.25,Q2 15:00,7.0,8137,George Pickens,WR,14.8,4.9,10.19,15.09,16.23,16.0,0.199,1.0,15.09,,0.0,0
2026-10-09 00:44:46Z,TB,in,0.25,Q2 15:00,-7.0,TB,Tampa Bay Buccaneers D/ST,DST,3.1,4.0,-0.52,3.48,6.93,6.33,0.181,1.0,3.48,,0.0,0
2026-10-09 00:44:46Z,DAL,in,0.25,Q2 15:00,7.0,8917,KaVontae Turpin,WR,2.0,0.0,1.3,1.3,1.41,1.5,0.25,1.0,1.3,,0.0,0
2026-10-09 00:44:46Z,TB,in,0.25,Q2 15:00,-7.0,10227,Payne Durham,TE,1.1,0.0,0.87,0.87,0.77,0.83,0.25,1.0,0.87,,0.0,0
2026-10-09 00:44:46Z,DAL,in,0.25,Q2 15:00,7.0,11593,Brevyn Spann-Ford,TE,0.6,0.0,0.39,0.39,0.42,0.45,0.25,1.0,0.39,,0.0,0
2026-10-09 00:44:46Z,TB,in,0.25,Q2 15:00,-7.0,13425,Jalon Daniels,QB,15.0,2.86,13.06,15.92,13.94,14.11,0.007,1.0,15.92,,0.0,0
2026-10-09 00:44:46Z,DAL,in,0.25,Q2 15:00,7.0,11199,Emari Demercado,RB,3.7,0.0,2.37,2.37,2.6,2.78,0.25,1.0,2.37,,0.0,0
2026-10-09 00:44:46Z,DAL,in,0.25,Q2 15:00,7.0,8162,Sam Howell,QB,0.9,0.0,0.56,0.56,0.63,0.68,0.25,0.7,0.39,,0.0,0
2026-10-09 00:44:46Z,DAL,in,0.25,Q2 15:00,7.0,11783,Ryan Flournoy,WR,8.3,0.0,5.39,5.39,5.84,6.23,0.25,1.0,5.39,,0.0,0
2026-10-09 00:44:46Z,DAL,in,0.25,Q2 15:00,7.0,10871,Luke Schoonmaker,TE,1.9,0.0,1.23,1.23,1.34,1.42,0.25,1.0,1.23,,0.0,0
2026-10-09 00:44:46Z,TB,in,0.25,Q2 15:00,-7.0,13317,Ted Hurst,WR,4.5,0.0,3.57,3.57,3.16,3.38,0.25,1.0,3.57,,0.0,0
2026-10-09 00:44:46Z,TB,in,0.25,Q2 15:00,-7.0,12485,Tez Johnson,WR,4.2,0.0,3.34,3.34,2.95,3.15,0.25,1.0,3.34,,0.0,0
2026-10-09 00:44:46Z,DAL,in,0.25,Q2 15:00,7.0,7588,Javonte Williams,RB,18.2,10.4,14.41,24.81,25.15,24.05,0.181,1.0,24.81,,0.0,0
2026-10-09 00:45:46Z,DAL,in,0.25,Q2 15:00,7.0,11533,Brandon Aubrey,K,9.8,1.0,7.08,8.08,8.08,8.35,0.181,1.0,8.08,,0.0,0
2026-10-09 00:45:46Z,DAL,in,0.25,Q2 15:00,7.0,6786,CeeDee Lamb,WR,19.6,0.0,12.73,12.73,13.78,14.7,0.25,1.0,12.73,,0.0,0
2026-10-09 00:45:46Z,TB,in,0.25,Q2 15:00,-7.0,11584,Bucky Irving,RB,11.1,0.5,8.0,8.5,8.4,8.82,0.0,1.0,8.5,,0.0,0
2026-10-09 00:45:46Z,DAL,in,0.25,Q2 15:00,7.0,3294,Dak Prescott,QB,22.1,1.48,14.22,15.7,17.3,18.06,0.199,0.853,13.62,,0.0,0
2026-10-09 00:45:46Z,TB,in,0.25,Q2 15:00,-7.0,8111,Cade Otton,TE,7.9,3.4,6.67,10.07,9.59,9.33,0.097,1.0,10.07,,0.0,0
2026-10-09 00:45:46Z,TB,in,0.25,Q2 15:00,-7.0,4037,Chris Godwin,WR,8.0,4.1,6.83,10.93,10.49,10.1,0.019,1.0,10.93,,0.0,0
2026-10-09 00:45:46Z,DAL,in,0.25,Q2 15:00,7.0,8110,Jake Ferguson,TE,8.8,0.0,5.71,5.71,6.19,6.6,0.25,1.0,5.71,,0.0,0
2026-10-09 00:45:46Z,TB,in,0.25,Q2 15:00,-7.0,6650,Chase McLaughlin,K,6.7,0.0,4.71,4.71,4.71,5.03,0.25,1.0,4.71,,0.0,0
2026-10-09 00:45:46Z,TB,in,0.25,Q2 15:00,-7.0,9506,Sean Tucker,RB,2.4,0.0,1.7,1.7,1.69,1.8,0.25,1.0,1.7,,0.0,0
2026-10-09 00:45:46Z,TB,in,0.25,Q2 15:00,-7.0,12514,Emeka Egbuka,WR,9.1,4.2,7.72,11.92,11.39,11.02,0.007,1.0,11.92,,0.0,0
2026-10-09 00:45:46Z,DAL,in,0.25,Q2 15:00,7.0,DAL,Dallas Cowboys D/ST,DST,7.3,10.0,-1.68,8.32,17.01,15.47,0.24,1.0,8.32,,0.0,0
2026-10-09 00:45:46Z,DAL,in,0.25,Q2 15:00,7.0,8137,George Pickens,WR,14.8,4.9,10.19,15.09,16.23,16.0,0.199,1.0,15.09,,0.0,0
2026-10-09 00:45:46Z,TB,in,0.25,Q2 15:00,-7.0,TB,Tampa Bay Buccaneers D/ST,DST,3.1,4.0,-0.52,3.48,6.93,6.33,0.181,1.0,3.48,,0.0,0
2026-10-09 00:45:46Z,DAL,in,0.25,Q2 15:00,7.0,8917,KaVontae Turpin,WR,2.0,0.0,1.3,1.3,1.41,1.5,0.25,1.0,1.3,,0.0,0
2026-10-09 00:45:46Z,TB,in,0.25,Q2 15:00,-7.0,10227,Payne Durham,TE,1.1,0.0,0.87,0.87,0.77,0.83,0.25,1.0,0.87,,0.0,0
2026-10-09 00:45:46Z,DAL,in,0.25,Q2 15:00,7.0,11593,Brevyn Spann-Ford,TE,0.6,0.0,0.39,0.39,0.42,0.45,0.25,1.0,0.39,,0.0,0
2026-10-09 00:45:46Z,TB,in,0.25,Q2 15:00,-7.0,13425,Jalon Daniels,QB,15.0,2.86,13.06,15.92,13.94,14.11,0.007,1.0,15.92,,0.0,0
2026-10-09 00:45:46Z,DAL,in,0.25,Q2 15:00,7.0,11199,Emari Demercado,RB,3.7,0.0,2.37,2.37,2.6,2.78,0.25,1.0,2.37,,0.0,0
2026-10-09 00:45:46Z,DAL,in,0.25,Q2 15:00,7.0,8162,Sam Howell,QB,0.9,0.0,0.56,0.56,0.63,0.68,0.25,0.7,0.39,,0.0,0
2026-10-09 00:45:46Z,DAL,in,0.25,Q2 15:00,7.0,11783,Ryan Flournoy,WR,8.3,0.0,5.39,5.39,5.84,6.23,0.25,1.0,5.39,,0.0,0
2026-10-09 00:45:46Z,DAL,in,0.25,Q2 15:00,7.0,10871,Luke Schoonmaker,TE,1.9,0.0,1.23,1.23,1.34,1.42,0.25,1.0,1.23,,0.0,0
2026-10-09 00:45:46Z,TB,in,0.25,Q2 15:00,-7.0,13317,Ted Hurst,WR,4.5,0.0,3.57,3.57,3.16,3.38,0.25,1.0,3.57,,0.0,0
2026-10-09 00:45:46Z,TB,in,0.25,Q2 15:00,-7.0,12485,Tez Johnson,WR,4.2,0.0,3.34,3.34,2.95,3.15,0.25,1.0,3.34,,0.0,0
2026-10-09 00:45:46Z,DAL,in,0.25,Q2 15:00,7.0,7588,Javonte Williams,RB,18.2,10.4,14.41,24.81,25.15,24.05,0.181,1.0,24.81,,0.0,0
2026-10-09 00:46:46Z,DAL,in,0.252,Q2 14:53,1.0,11533,Brandon Aubrey,K,9.8,1.0,7.06,8.06,8.06,8.33,0.183,1.0,8.06,,0.0,0
2026-10-09 00:46:46Z,DAL,in,0.252,Q2 14:53,1.0,6786,CeeDee Lamb,WR,19.6,0.0,13.91,13.91,13.74,14.66,0.252,1.0,13.91,,0.0,0
2026-10-09 00:46:46Z,TB,in,0.252,Q2 14:53,-1.0,11584,Bucky Irving,RB,11.1,8.0,9.62,17.62,17.28,16.3,0.0,1.0,17.62,,0.0,0
2026-10-09 00:46:46Z,DAL,in,0.252,Q2 14:53,1.0,3294,Dak Prescott,QB,22.1,1.48,16.03,17.51,17.25,18.01,0.201,0.847,15.06,,0.0,0
2026-10-09 00:46:46Z,TB,in,0.252,Q2 14:53,-1.0,8111,Cade Otton,TE,7.9,3.4,6.17,9.57,9.57,9.31,0.099,1.0,9.57,,0.0,0
2026-10-09 00:46:46Z,TB,in,0.252,Q2 14:53,-1.0,4037,Chris Godwin,WR,8.0,4.1,6.32,10.42,10.47,10.08,0.021,1.0,10.42,,0.0,0
2026-10-09 00:46:46Z,DAL,in,0.252,Q2 14:53,1.0,8110,Jake Ferguson,TE,8.8,0.0,6.24,6.24,6.17,6.58,0.252,1.0,6.24,,0.0,0
2026-10-09 00:46:46Z,TB,in,0.252,Q2 14:53,-1.0,6650,Chase McLaughlin,K,6.7,0.0,4.7,4.7,4.7,5.01,0.252,1.0,4.7,,0.0,0
2026-10-09 00:46:46Z,TB,in,0.252,Q2 14:53,-1.0,9506,Sean Tucker,RB,2.4,0.0,1.63,1.63,1.68,1.8,0.252,1.0,1.63,,0.0,0
2026-10-09 00:46:46Z,TB,in,0.252,Q2 14:53,-1.0,12514,Emeka Egbuka,WR,9.1,4.2,7.14,11.34,11.36,11.01,0.009,1.0,11.34,,0.0,0
2026-10-09 00:46:46Z,DAL,in,0.252,Q2 14:53,1.0,DAL,Dallas Cowboys D/ST,DST,7.3,7.0,-0.52,6.48,13.43,12.46,0.0,1.0,6.48,,0.0,0
2026-10-09 00:46:46Z,DAL,in,0.252,Q2 14:53,1.0,8137,George Pickens,WR,14.8,4.9,11.08,15.98,16.19,15.97,0.201,1.0,15.98,,0.0,0
2026-10-09 00:46:46Z,TB,in,0.252,Q2 14:53,-1.0,TB,Tampa Bay Buccaneers D/ST,DST,3.1,4.0,-0.34,3.66,6.92,6.32,0.183,1.0,3.66,,0.0,0
2026-10-09 00:46:46Z,DAL,in,0.252,Q2 14:53,1.0,8917,KaVontae Turpin,WR,2.0,0.0,1.42,1.42,1.4,1.5,0.252,1.0,1.42,,0.0,0
2026-10-09 00:46:46Z,TB,in,0.252,Q2 14:53,-1.0,10227,Payne Durham,TE,1.1,0.0,0.8,0.8,0.77,0.82,0.252,1.0,0.8,,0.0,0
2026-10-09 00:46:46Z,DAL,in,0.252,Q2 14:53,1.0,11593,Brevyn Spann-Ford,TE,0.6,0.0,0.43,0.43,0.42,0.45,0.252,1.0,0.43,,0.0,0
2026-10-09 00:46:46Z,TB,in,0.252,Q2 14:53,-1.0,13425,Jalon Daniels,QB,15.0,7.06,12.84,19.9,18.89,18.28,0.0,1.0,19.9,,0.0,0
2026-10-09 00:46:46Z,DAL,in,0.252,Q2 14:53,1.0,11199,Emari Demercado,RB,3.7,0.0,2.47,2.47,2.59,2.77,0.252,1.0,2.47,,0.0,0
2026-10-09 00:46:46Z,DAL,in,0.252,Q2 14:53,1.0,8162,Sam Howell,QB,0.9,0.0,0.64,0.64,0.63,0.67,0.252,0.694,0.44,,0.0,0
2026-10-09 00:46:46Z,DAL,in,0.252,Q2 14:53,1.0,11783,Ryan Flournoy,WR,8.3,0.0,5.89,5.89,5.82,6.21,0.252,1.0,5.89,,0.0,0
2026-10-09 00:46:46Z,DAL,in,0.252,Q2 14:53,1.0,10871,Luke Schoonmaker,TE,1.9,0.0,1.35,1.35,1.33,1.42,0.252,1.0,1.35,,0.0,0
2026-10-09 00:46:46Z,TB,in,0.252,Q2 14:53,-1.0,13317,Ted Hurst,WR,4.5,0.0,3.29,3.29,3.15,3.37,0.252,1.0,3.29,,0.0,0
2026-10-09 00:46:46Z,TB,in,0.252,Q2 14:53,-1.0,12485,Tez Johnson,WR,4.2,0.0,3.07,3.07,2.94,3.14,0.252,1.0,3.07,,0.0,0
2026-10-09 00:46:46Z,DAL,in,0.252,Q2 14:53,1.0,7588,Javonte Williams,RB,18.2,10.4,14.89,25.29,25.1,24.01,0.183,1.0,25.29,,0.0,0
2026-10-09 00:47:47Z,DAL,in,0.252,Q2 14:53,0.0,11533,Brandon Aubrey,K,9.8,1.0,7.06,8.06,8.06,8.33,0.183,1.0,8.06,,0.0,0
2026-10-09 00:47:47Z,DAL,in,0.252,Q2 14:53,0.0,6786,CeeDee Lamb,WR,19.6,0.0,14.11,14.11,13.74,14.66,0.252,1.0,14.11,,0.0,0
2026-10-09 00:47:47Z,TB,in,0.252,Q2 14:53,0.0,11584,Bucky Irving,RB,11.1,8.0,9.57,17.57,17.28,16.3,0.0,1.0,17.57,,0.0,0
2026-10-09 00:47:47Z,DAL,in,0.252,Q2 14:53,0.0,3294,Dak Prescott,QB,22.1,1.48,16.34,17.82,17.25,18.01,0.201,0.847,15.33,,0.0,0
2026-10-09 00:47:47Z,TB,in,0.252,Q2 14:53,0.0,8111,Cade Otton,TE,7.9,3.4,6.09,9.49,9.57,9.31,0.099,1.0,9.49,,0.0,0
2026-10-09 00:47:47Z,TB,in,0.252,Q2 14:53,0.0,4037,Chris Godwin,WR,8.0,4.1,6.24,10.34,10.47,10.08,0.021,1.0,10.34,,0.0,0
2026-10-09 00:47:47Z,DAL,in,0.252,Q2 14:53,0.0,8110,Jake Ferguson,TE,8.8,0.0,6.33,6.33,6.17,6.58,0.252,1.0,6.33,,0.0,0
2026-10-09 00:47:47Z,TB,in,0.252,Q2 14:53,0.0,6650,Chase McLaughlin,K,6.7,1.0,4.88,5.88,5.88,6.01,0.0,1.0,5.88,,0.0,0
2026-10-09 00:47:47Z,TB,in,0.252,Q2 14:53,0.0,9506,Sean Tucker,RB,2.4,0.0,1.61,1.61,1.68,1.8,0.252,1.0,1.61,,0.0,0
2026-10-09 00:47:47Z,TB,in,0.252,Q2 14:53,0.0,12514,Emeka Egbuka,WR,9.1,4.2,7.04,11.24,11.36,11.01,0.009,1.0,11.24,,0.0,0
2026-10-09 00:47:47Z,DAL,in,0.252,Q2 14:53,0.0,DAL,Dallas Cowboys D/ST,DST,7.3,4.0,0.62,4.62,9.86,9.46,0.0,1.0,4.62,,0.0,0
2026-10-09 00:47:47Z,DAL,in,0.252,Q2 14:53,0.0,8137,George Pickens,WR,14.8,4.9,11.23,16.13,16.19,15.97,0.201,1.0,16.13,,0.0,0
2026-10-09 00:47:47Z,TB,in,0.252,Q2 14:53,0.0,TB,Tampa Bay Buccaneers D/ST,DST,3.1,4.0,-0.31,3.69,6.92,6.32,0.183,1.0,3.69,,0.0,0
2026-10-09 00:47:47Z,DAL,in,0.252,Q2 14:53,0.0,8917,KaVontae Turpin,WR,2.0,0.0,1.44,1.44,1.4,1.5,0.252,1.0,1.44,,0.0,0
2026-10-09 00:47:47Z,TB,in,0.252,Q2 14:53,0.0,10227,Payne Durham,TE,1.1,0.0,0.79,0.79,0.77,0.82,0.252,1.0,0.79,,0.0,0
2026-10-09 00:47:47Z,DAL,in,0.252,Q2 14:53,0.0,11593,Brevyn Spann-Ford,TE,0.6,0.0,0.43,0.43,0.42,0.45,0.252,1.0,0.43,,0.0,0
2026-10-09 00:47:47Z,TB,in,0.252,Q2 14:53,0.0,13425,Jalon Daniels,QB,15.0,7.06,12.63,19.69,18.89,18.28,0.0,1.0,19.69,,0.0,0
2026-10-09 00:47:47Z,DAL,in,0.252,Q2 14:53,0.0,11199,Emari Demercado,RB,3.7,0.0,2.49,2.49,2.59,2.77,0.252,1.0,2.49,,0.0,0
2026-10-09 00:47:47Z,DAL,in,0.252,Q2 14:53,0.0,8162,Sam Howell,QB,0.9,0.0,0.65,0.65,0.63,0.67,0.252,0.694,0.45,,0.0,0
2026-10-09 00:47:47Z,DAL,in,0.252,Q2 14:53,0.0,11783,Ryan Flournoy,WR,8.3,0.0,5.98,5.98,5.82,6.21,0.252,1.0,5.98,,0.0,0
2026-10-09 00:47:47Z,DAL,in,0.252,Q2 14:53,0.0,10871,Luke Schoonmaker,TE,1.9,0.0,1.37,1.37,1.33,1.42,0.252,1.0,1.37,,0.0,0
2026-10-09 00:47:47Z,TB,in,0.252,Q2 14:53,0.0,13317,Ted Hurst,WR,4.5,0.0,3.24,3.24,3.15,3.37,0.252,1.0,3.24,,0.0,0
2026-10-09 00:47:47Z,TB,in,0.252,Q2 14:53,0.0,12485,Tez Johnson,WR,4.2,0.0,3.02,3.02,2.94,3.14,0.252,1.0,3.02,,0.0,0
2026-10-09 00:47:47Z,DAL,in,0.252,Q2 14:53,0.0,7588,Javonte Williams,RB,18.2,10.4,14.98,25.38,25.1,24.01,0.183,1.0,25.38,,0.0,0
2026-10-09 00:48:47Z,DAL,in,0.252,Q2 14:53,0.0,11533,Brandon Aubrey,K,9.8,1.0,7.06,8.06,8.06,8.33,0.183,1.0,8.06,,0.0,0
2026-10-09 00:48:47Z,DAL,in,0.252,Q2 14:53,0.0,6786,CeeDee Lamb,WR,19.6,0.0,14.11,14.11,13.74,14.66,0.252,1.0,14.11,,0.0,0
2026-10-09 00:48:47Z,TB,in,0.252,Q2 14:53,0.0,11584,Bucky Irving,RB,11.1,8.0,9.57,17.57,17.28,16.3,0.0,1.0,17.57,,0.0,0
2026-10-09 00:48:47Z,DAL,in,0.252,Q2 14:53,0.0,3294,Dak Prescott,QB,22.1,1.48,16.34,17.82,17.25,18.01,0.201,0.847,15.33,,0.0,0
2026-10-09 00:48:47Z,TB,in,0.252,Q2 14:53,0.0,8111,Cade Otton,TE,7.9,3.4,6.09,9.49,9.57,9.31,0.099,1.0,9.49,,0.0,0
2026-10-09 00:48:47Z,TB,in,0.252,Q2 14:53,0.0,4037,Chris Godwin,WR,8.0,4.1,6.24,10.34,10.47,10.08,0.021,1.0,10.34,,0.0,0
2026-10-09 00:48:47Z,DAL,in,0.252,Q2 14:53,0.0,8110,Jake Ferguson,TE,8.8,0.0,6.33,6.33,6.17,6.58,0.252,1.0,6.33,,0.0,0
2026-10-09 00:48:47Z,TB,in,0.252,Q2 14:53,0.0,6650,Chase McLaughlin,K,6.7,1.0,4.88,5.88,5.88,6.01,0.0,1.0,5.88,,0.0,0
2026-10-09 00:48:47Z,TB,in,0.252,Q2 14:53,0.0,9506,Sean Tucker,RB,2.4,0.0,1.61,1.61,1.68,1.8,0.252,1.0,1.61,,0.0,0
2026-10-09 00:48:47Z,TB,in,0.252,Q2 14:53,0.0,12514,Emeka Egbuka,WR,9.1,4.2,7.04,11.24,11.36,11.01,0.009,1.0,11.24,,0.0,0
2026-10-09 00:48:47Z,DAL,in,0.252,Q2 14:53,0.0,DAL,Dallas Cowboys D/ST,DST,7.3,4.0,0.62,4.62,9.86,9.46,0.0,1.0,4.62,,0.0,0
2026-10-09 00:48:47Z,DAL,in,0.252,Q2 14:53,0.0,8137,George Pickens,WR,14.8,4.9,11.23,16.13,16.19,15.97,0.201,1.0,16.13,,0.0,0
2026-10-09 00:48:47Z,TB,in,0.252,Q2 14:53,0.0,TB,Tampa Bay Buccaneers D/ST,DST,3.1,4.0,-0.31,3.69,6.92,6.32,0.183,1.0,3.69,,0.0,0
2026-10-09 00:48:47Z,DAL,in,0.252,Q2 14:53,0.0,8917,KaVontae Turpin,WR,2.0,0.0,1.44,1.44,1.4,1.5,0.252,1.0,1.44,,0.0,0
2026-10-09 00:48:47Z,TB,in,0.252,Q2 14:53,0.0,10227,Payne Durham,TE,1.1,0.0,0.79,0.79,0.77,0.82,0.252,1.0,0.79,,0.0,0
2026-10-09 00:48:47Z,DAL,in,0.252,Q2 14:53,0.0,11593,Brevyn Spann-Ford,TE,0.6,0.0,0.43,0.43,0.42,0.45,0.252,1.0,0.43,,0.0,0
2026-10-09 00:48:47Z,TB,in,0.252,Q2 14:53,0.0,13425,Jalon Daniels,QB,15.0,7.06,12.63,19.69,18.89,18.28,0.0,1.0,19.69,,0.0,0
2026-10-09 00:48:47Z,DAL,in,0.252,Q2 14:53,0.0,11199,Emari Demercado,RB,3.7,0.0,2.49,2.49,2.59,2.77,0.252,1.0,2.49,,0.0,0
2026-10-09 00:48:47Z,DAL,in,0.252,Q2 14:53,0.0,8162,Sam Howell,QB,0.9,0.0,0.65,0.65,0.63,0.67,0.252,0.694,0.45,,0.0,0
2026-10-09 00:48:47Z,DAL,in,0.252,Q2 14:53,0.0,11783,Ryan Flournoy,WR,8.3,0.0,5.98,5.98,5.82,6.21,0.252,1.0,5.98,,0.0,0
2026-10-09 00:48:47Z,DAL,in,0.252,Q2 14:53,0.0,10871,Luke Schoonmaker,TE,1.9,0.0,1.37,1.37,1.33,1.42,0.252,1.0,1.37,,0.0,0
2026-10-09 00:48:47Z,TB,in,0.252,Q2 14:53,0.0,13317,Ted Hurst,WR,4.5,0.0,3.24,3.24,3.15,3.37,0.252,1.0,3.24,,0.0,0
2026-10-09 00:48:47Z,TB,in,0.252,Q2 14:53,0.0,12485,Tez Johnson,WR,4.2,0.0,3.02,3.02,2.94,3.14,0.252,1.0,3.02,,0.0,0
2026-10-09 00:48:47Z,DAL,in,0.252,Q2 14:53,0.0,7588,Javonte Williams,RB,18.2,10.4,14.98,25.38,25.1,24.01,0.183,1.0,25.38,,0.0,0
2026-10-09 00:49:47Z,DAL,in,0.252,Q2 14:53,0.0,11533,Brandon Aubrey,K,9.8,1.0,7.06,8.06,8.06,8.33,0.183,1.0,8.06,,0.0,0
2026-10-09 00:49:47Z,DAL,in,0.252,Q2 14:53,0.0,6786,CeeDee Lamb,WR,19.6,0.0,14.11,14.11,13.74,14.66,0.252,1.0,14.11,,0.0,0
2026-10-09 00:49:47Z,TB,in,0.252,Q2 14:53,0.0,11584,Bucky Irving,RB,11.1,8.0,9.57,17.57,17.28,16.3,0.0,1.0,17.57,,0.0,0
2026-10-09 00:49:47Z,DAL,in,0.252,Q2 14:53,0.0,3294,Dak Prescott,QB,22.1,1.48,16.34,17.82,17.25,18.01,0.201,0.847,15.33,,0.0,0
2026-10-09 00:49:47Z,TB,in,0.252,Q2 14:53,0.0,8111,Cade Otton,TE,7.9,3.4,6.09,9.49,9.57,9.31,0.099,1.0,9.49,,0.0,0
2026-10-09 00:49:47Z,TB,in,0.252,Q2 14:53,0.0,4037,Chris Godwin,WR,8.0,4.1,6.24,10.34,10.47,10.08,0.021,1.0,10.34,,0.0,0
2026-10-09 00:49:47Z,DAL,in,0.252,Q2 14:53,0.0,8110,Jake Ferguson,TE,8.8,0.0,6.33,6.33,6.17,6.58,0.252,1.0,6.33,,0.0,0
2026-10-09 00:49:47Z,TB,in,0.252,Q2 14:53,0.0,6650,Chase McLaughlin,K,6.7,1.0,4.88,5.88,5.88,6.01,0.0,1.0,5.88,,0.0,0
2026-10-09 00:49:47Z,TB,in,0.252,Q2 14:53,0.0,9506,Sean Tucker,RB,2.4,0.0,1.61,1.61,1.68,1.8,0.252,1.0,1.61,,0.0,0
2026-10-09 00:49:47Z,TB,in,0.252,Q2 14:53,0.0,12514,Emeka Egbuka,WR,9.1,4.2,7.04,11.24,11.36,11.01,0.009,1.0,11.24,,0.0,0
2026-10-09 00:49:47Z,DAL,in,0.252,Q2 14:53,0.0,DAL,Dallas Cowboys D/ST,DST,7.3,4.0,0.62,4.62,9.86,9.46,0.0,1.0,4.62,,0.0,0
2026-10-09 00:49:47Z,DAL,in,0.252,Q2 14:53,0.0,8137,George Pickens,WR,14.8,4.9,11.23,16.13,16.19,15.97,0.201,1.0,16.13,,0.0,0
2026-10-09 00:49:47Z,TB,in,0.252,Q2 14:53,0.0,TB,Tampa Bay Buccaneers D/ST,DST,3.1,4.0,-0.31,3.69,6.92,6.32,0.183,1.0,3.69,,0.0,0
2026-10-09 00:49:47Z,DAL,in,0.252,Q2 14:53,0.0,8917,KaVontae Turpin,WR,2.0,0.0,1.44,1.44,1.4,1.5,0.252,1.0,1.44,,0.0,0
2026-10-09 00:49:47Z,TB,in,0.252,Q2 14:53,0.0,10227,Payne Durham,TE,1.1,0.0,0.79,0.79,0.77,0.82,0.252,1.0,0.79,,0.0,0
2026-10-09 00:49:47Z,DAL,in,0.252,Q2 14:53,0.0,11593,Brevyn Spann-Ford,TE,0.6,0.0,0.43,0.43,0.42,0.45,0.252,1.0,0.43,,0.0,0
2026-10-09 00:49:47Z,TB,in,0.252,Q2 14:53,0.0,13425,Jalon Daniels,QB,15.0,7.06,12.63,19.69,18.89,18.28,0.0,1.0,19.69,,0.0,0
2026-10-09 00:49:47Z,DAL,in,0.252,Q2 14:53,0.0,11199,Emari Demercado,RB,3.7,0.0,2.49,2.49,2.59,2.77,0.252,1.0,2.49,,0.0,0
2026-10-09 00:49:47Z,DAL,in,0.252,Q2 14:53,0.0,8162,Sam Howell,QB,0.9,0.0,0.65,0.65,0.63,0.67,0.252,0.694,0.45,,0.0,0
2026-10-09 00:49:47Z,DAL,in,0.252,Q2 14:53,0.0,11783,Ryan Flournoy,WR,8.3,0.0,5.98,5.98,5.82,6.21,0.252,1.0,5.98,,0.0,0
2026-10-09 00:49:47Z,DAL,in,0.252,Q2 14:53,0.0,10871,Luke Schoonmaker,TE,1.9,0.0,1.37,1.37,1.33,1.42,0.252,1.0,1.37,,0.0,0
2026-10-09 00:49:47Z,TB,in,0.252,Q2 14:53,0.0,13317,Ted Hurst,WR,4.5,0.0,3.24,3.24,3.15,3.37,0.252,1.0,3.24,,0.0,0
2026-10-09 00:49:47Z,TB,in,0.252,Q2 14:53,0.0,12485,Tez Johnson,WR,4.2,0.0,3.02,3.02,2.94,3.14,0.252,1.0,3.02,,0.0,0
2026-10-09 00:49:47Z,DAL,in,0.252,Q2 14:53,0.0,7588,Javonte Williams,RB,18.2,10.4,14.98,25.38,25.1,24.01,0.183,1.0,25.38,,0.0,0
2026-10-09 00:50:47Z,DAL,in,0.253,Q2 14:48,0.0,11533,Brandon Aubrey,K,9.8,1.0,7.04,8.04,8.04,8.32,0.184,1.0,8.04,,0.0,0
2026-10-09 00:50:47Z,DAL,in,0.253,Q2 14:48,0.0,6786,CeeDee Lamb,WR,19.6,0.0,14.08,14.08,13.71,14.63,0.253,1.0,14.08,,0.0,0
2026-10-09 00:50:47Z,TB,in,0.253,Q2 14:48,0.0,11584,Bucky Irving,RB,11.1,8.0,9.55,17.55,17.26,16.29,0.001,1.0,17.55,,0.0,0
2026-10-09 00:50:47Z,DAL,in,0.253,Q2 14:48,0.0,3294,Dak Prescott,QB,22.1,1.48,16.3,17.78,17.21,17.98,0.202,0.843,15.23,,0.0,0
2026-10-09 00:50:47Z,TB,in,0.253,Q2 14:48,0.0,8111,Cade Otton,TE,7.9,3.4,6.07,9.47,9.56,9.3,0.101,1.0,9.47,,0.0,0
2026-10-09 00:50:47Z,TB,in,0.253,Q2 14:48,0.0,4037,Chris Godwin,WR,8.0,4.1,6.23,10.33,10.46,10.07,0.022,1.0,10.33,,0.0,0
2026-10-09 00:50:47Z,DAL,in,0.253,Q2 14:48,0.0,8110,Jake Ferguson,TE,8.8,0.0,6.32,6.32,6.15,6.57,0.253,1.0,6.32,,0.0,0
2026-10-09 00:50:47Z,TB,in,0.253,Q2 14:48,0.0,6650,Chase McLaughlin,K,6.7,1.0,4.87,5.87,5.87,6.0,0.001,1.0,5.87,,0.0,0
2026-10-09 00:50:47Z,TB,in,0.253,Q2 14:48,0.0,9506,Sean Tucker,RB,2.4,0.0,1.61,1.61,1.68,1.79,0.253,1.0,1.61,,0.0,0
2026-10-09 00:50:47Z,TB,in,0.253,Q2 14:48,0.0,12514,Emeka Egbuka,WR,9.1,4.2,7.03,11.23,11.35,10.99,0.011,1.0,11.23,,0.0,0
2026-10-09 00:50:47Z,DAL,in,0.253,Q2 14:48,0.0,DAL,Dallas Cowboys D/ST,DST,7.3,4.0,0.62,4.62,9.85,9.45,0.001,1.0,4.62,,0.0,0
2026-10-09 00:50:47Z,DAL,in,0.253,Q2 14:48,0.0,8137,George Pickens,WR,14.8,4.9,11.21,16.11,16.17,15.95,0.202,1.0,16.11,,0.0,0
2026-10-09 00:50:47Z,TB,in,0.253,Q2 14:48,0.0,TB,Tampa Bay Buccaneers D/ST,DST,3.1,4.0,-0.31,3.69,6.91,6.31,0.184,1.0,3.69,,0.0,0
2026-10-09 00:50:47Z,DAL,in,0.253,Q2 14:48,0.0,8917,KaVontae Turpin,WR,2.0,0.0,1.44,1.44,1.4,1.49,0.253,1.0,1.44,,0.0,0
2026-10-09 00:50:47Z,TB,in,0.253,Q2 14:48,0.0,10227,Payne Durham,TE,1.1,0.0,0.79,0.79,0.77,0.82,0.253,1.0,0.79,,0.0,0
2026-10-09 00:50:47Z,DAL,in,0.253,Q2 14:48,0.0,11593,Brevyn Spann-Ford,TE,0.6,0.0,0.43,0.43,0.42,0.45,0.253,1.0,0.43,,0.0,0
2026-10-09 00:50:47Z,TB,in,0.253,Q2 14:48,0.0,13425,Jalon Daniels,QB,15.0,7.06,12.61,19.67,18.87,18.26,0.001,1.0,19.67,,0.0,0
2026-10-09 00:50:47Z,DAL,in,0.253,Q2 14:48,0.0,11199,Emari Demercado,RB,3.7,0.0,2.48,2.48,2.59,2.76,0.253,1.0,2.48,,0.0,0
2026-10-09 00:50:47Z,DAL,in,0.253,Q2 14:48,0.0,8162,Sam Howell,QB,0.9,0.0,0.65,0.65,0.63,0.67,0.253,0.69,0.45,,0.0,0
2026-10-09 00:50:47Z,DAL,in,0.253,Q2 14:48,0.0,11783,Ryan Flournoy,WR,8.3,0.0,5.96,5.96,5.8,6.2,0.253,1.0,5.96,,0.0,0
2026-10-09 00:50:47Z,DAL,in,0.253,Q2 14:48,0.0,10871,Luke Schoonmaker,TE,1.9,0.0,1.37,1.37,1.33,1.42,0.253,1.0,1.37,,0.0,0
2026-10-09 00:50:47Z,TB,in,0.253,Q2 14:48,0.0,13317,Ted Hurst,WR,4.5,0.0,3.23,3.23,3.15,3.36,0.253,1.0,3.23,,0.0,0
2026-10-09 00:50:47Z,TB,in,0.253,Q2 14:48,0.0,12485,Tez Johnson,WR,4.2,0.0,3.02,3.02,2.94,3.14,0.253,1.0,3.02,,0.0,0
2026-10-09 00:50:47Z,DAL,in,0.253,Q2 14:48,0.0,7588,Javonte Williams,RB,18.2,10.4,14.95,25.35,25.07,23.99,0.184,1.0,25.35,,0.0,0
2026-10-09 00:51:48Z,DAL,in,0.263,Q2 14:15,0.0,11533,Brandon Aubrey,K,9.8,1.0,6.94,7.94,7.94,8.23,0.193,1.0,7.94,,0.0,0
2026-10-09 00:51:48Z,DAL,in,0.263,Q2 14:15,0.0,6786,CeeDee Lamb,WR,19.6,0.0,13.91,13.91,13.51,14.46,0.263,1.0,13.91,,0.0,0
2026-10-09 00:51:48Z,TB,in,0.263,Q2 14:15,0.0,11584,Bucky Irving,RB,11.1,8.0,9.42,17.42,17.12,16.19,0.011,1.0,17.42,,0.0,0
2026-10-09 00:51:48Z,DAL,in,0.263,Q2 14:15,0.0,3294,Dak Prescott,QB,22.1,1.76,16.14,17.9,17.31,18.06,0.0,1.0,17.9,,0.0,0
2026-10-09 00:51:48Z,TB,in,0.263,Q2 14:15,0.0,8111,Cade Otton,TE,7.9,3.4,6.0,9.4,9.47,9.23,0.11,1.0,9.4,,0.0,0
2026-10-09 00:51:48Z,TB,in,0.263,Q2 14:15,0.0,4037,Chris Godwin,WR,8.0,4.1,6.15,10.25,10.37,10.0,0.031,1.0,10.25,,0.0,0
2026-10-09 00:51:48Z,DAL,in,0.263,Q2 14:15,0.0,8110,Jake Ferguson,TE,8.8,0.0,6.25,6.25,6.06,6.49,0.263,1.0,6.25,,0.0,0
2026-10-09 00:51:48Z,TB,in,0.263,Q2 14:15,0.0,6650,Chase McLaughlin,K,6.7,1.0,4.8,5.8,5.8,5.94,0.011,1.0,5.8,,0.0,0
2026-10-09 00:51:48Z,TB,in,0.263,Q2 14:15,0.0,9506,Sean Tucker,RB,2.4,0.0,1.59,1.59,1.65,1.77,0.263,1.0,1.59,,0.0,0
2026-10-09 00:51:48Z,TB,in,0.263,Q2 14:15,0.0,12514,Emeka Egbuka,WR,9.1,4.2,6.94,11.14,11.25,10.91,0.02,1.0,11.14,,0.0,0
2026-10-09 00:51:48Z,DAL,in,0.263,Q2 14:15,0.0,DAL,Dallas Cowboys D/ST,DST,7.3,4.0,0.6,4.6,9.77,9.38,0.011,1.0,4.6,,0.0,0
2026-10-09 00:51:48Z,DAL,in,0.263,Q2 14:15,0.0,8137,George Pickens,WR,14.8,4.9,11.07,15.97,16.0,15.82,0.211,1.0,15.97,,0.0,0
2026-10-09 00:51:48Z,TB,in,0.263,Q2 14:15,0.0,TB,Tampa Bay Buccaneers D/ST,DST,3.1,4.0,-0.32,3.68,6.87,6.29,0.193,1.0,3.68,,0.0,0
2026-10-09 00:51:48Z,DAL,in,0.263,Q2 14:15,0.0,8917,KaVontae Turpin,WR,2.0,1.7,1.61,3.31,3.39,3.17,0.0,1.0,3.31,,0.0,0
2026-10-09 00:51:48Z,TB,in,0.263,Q2 14:15,0.0,10227,Payne Durham,TE,1.1,0.0,0.78,0.78,0.76,0.81,0.263,1.0,0.78,,0.0,0
2026-10-09 00:51:48Z,DAL,in,0.263,Q2 14:15,0.0,11593,Brevyn Spann-Ford,TE,0.6,0.0,0.43,0.43,0.41,0.44,0.263,1.0,0.43,,0.0,0
2026-10-09 00:51:48Z,TB,in,0.263,Q2 14:15,0.0,13425,Jalon Daniels,QB,15.0,7.06,12.47,19.53,18.7,18.12,0.011,1.0,19.53,,0.0,0
2026-10-09 00:51:48Z,DAL,in,0.263,Q2 14:15,0.0,11199,Emari Demercado,RB,3.7,0.0,2.45,2.45,2.55,2.73,0.263,1.0,2.45,,0.0,0
2026-10-09 00:51:48Z,DAL,in,0.263,Q2 14:15,0.0,8162,Sam Howell,QB,0.9,0.0,0.64,0.64,0.62,0.66,0.263,0.662,0.42,,0.0,0
2026-10-09 00:51:48Z,DAL,in,0.263,Q2 14:15,0.0,11783,Ryan Flournoy,WR,8.3,0.0,5.89,5.89,5.72,6.12,0.263,1.0,5.89,,0.0,0
2026-10-09 00:51:48Z,DAL,in,0.263,Q2 14:15,0.0,10871,Luke Schoonmaker,TE,1.9,0.0,1.35,1.35,1.31,1.4,0.263,1.0,1.35,,0.0,0
2026-10-09 00:51:48Z,TB,in,0.263,Q2 14:15,0.0,13317,Ted Hurst,WR,4.5,0.0,3.19,3.19,3.1,3.32,0.263,1.0,3.19,,0.0,0
2026-10-09 00:51:48Z,TB,in,0.263,Q2 14:15,0.0,12485,Tez Johnson,WR,4.2,0.0,2.98,2.98,2.89,3.1,0.263,1.0,2.98,,0.0,0
2026-10-09 00:51:48Z,DAL,in,0.263,Q2 14:15,0.0,7588,Javonte Williams,RB,18.2,10.9,14.87,25.77,25.45,24.32,0.0,1.0,25.77,,0.0,0
2026-10-09 00:52:48Z,DAL,in,0.278,Q2 13:20,0.0,11533,Brandon Aubrey,K,9.8,1.0,6.77,7.77,7.77,8.08,0.209,1.0,7.77,,0.0,0
2026-10-09 00:52:48Z,DAL,in,0.278,Q2 13:20,0.0,6786,CeeDee Lamb,WR,19.6,0.0,13.63,13.63,13.17,14.16,0.278,1.0,13.63,,0.0,0
2026-10-09 00:52:48Z,TB,in,0.278,Q2 13:20,0.0,11584,Bucky Irving,RB,11.1,8.0,9.21,17.21,16.9,16.02,0.026,1.0,17.21,,0.0,0
2026-10-09 00:52:48Z,DAL,in,0.278,Q2 13:20,0.0,3294,Dak Prescott,QB,22.1,1.84,15.77,17.61,17.02,17.8,0.0,1.0,17.61,,0.0,0
2026-10-09 00:52:48Z,TB,in,0.278,Q2 13:20,0.0,8111,Cade Otton,TE,7.9,3.4,5.87,9.27,9.32,9.11,0.125,1.0,9.27,,0.0,0
2026-10-09 00:52:48Z,TB,in,0.278,Q2 13:20,0.0,4037,Chris Godwin,WR,8.0,4.1,6.02,10.12,10.22,9.88,0.046,1.0,10.12,,0.0,0
2026-10-09 00:52:48Z,DAL,in,0.278,Q2 13:20,0.0,8110,Jake Ferguson,TE,8.8,1.2,6.25,7.45,7.33,7.56,0.0,1.0,7.45,,0.0,0
2026-10-09 00:52:48Z,TB,in,0.278,Q2 13:20,0.0,6650,Chase McLaughlin,K,6.7,1.0,4.68,5.68,5.68,5.84,0.026,1.0,5.68,,0.0,0
2026-10-09 00:52:48Z,TB,in,0.278,Q2 13:20,0.0,9506,Sean Tucker,RB,2.4,0.0,1.55,1.55,1.61,1.73,0.278,1.0,1.55,,0.0,0
2026-10-09 00:52:48Z,TB,in,0.278,Q2 13:20,0.0,12514,Emeka Egbuka,WR,9.1,4.2,6.8,11.0,11.07,10.77,0.035,1.0,11.0,,0.0,0
2026-10-09 00:52:48Z,DAL,in,0.278,Q2 13:20,0.0,DAL,Dallas Cowboys D/ST,DST,7.3,4.0,0.57,4.57,9.63,9.27,0.026,1.0,4.57,,0.0,0
2026-10-09 00:52:48Z,DAL,in,0.278,Q2 13:20,0.0,8137,George Pickens,WR,14.8,4.9,10.84,15.74,15.73,15.59,0.227,1.0,15.74,,0.0,0
2026-10-09 00:52:48Z,TB,in,0.278,Q2 13:20,0.0,TB,Tampa Bay Buccaneers D/ST,DST,3.1,4.0,-0.33,3.67,6.81,6.24,0.209,1.0,3.67,,0.0,0
2026-10-09 00:52:48Z,DAL,in,0.278,Q2 13:20,0.0,8917,KaVontae Turpin,WR,2.0,1.7,1.58,3.28,3.35,3.14,0.015,1.0,3.28,,0.0,0
2026-10-09 00:52:48Z,TB,in,0.278,Q2 13:20,0.0,10227,Payne Durham,TE,1.1,0.0,0.76,0.76,0.74,0.79,0.278,1.0,0.76,,0.0,0
2026-10-09 00:52:48Z,DAL,in,0.278,Q2 13:20,0.0,11593,Brevyn Spann-Ford,TE,0.6,0.0,0.42,0.42,0.4,0.43,0.278,1.0,0.42,,0.0,0
2026-10-09 00:52:48Z,TB,in,0.278,Q2 13:20,0.0,13425,Jalon Daniels,QB,15.0,7.06,12.22,19.28,18.42,17.89,0.026,1.0,19.28,,0.0,0
2026-10-09 00:52:48Z,DAL,in,0.278,Q2 13:20,0.0,11199,Emari Demercado,RB,3.7,0.0,2.38,2.38,2.49,2.67,0.278,1.0,2.38,,0.0,0
2026-10-09 00:52:48Z,DAL,in,0.278,Q2 13:20,0.0,8162,Sam Howell,QB,0.9,0.0,0.62,0.62,0.6,0.65,0.278,0.617,0.38,,0.0,0
2026-10-09 00:52:48Z,DAL,in,0.278,Q2 13:20,0.0,11783,Ryan Flournoy,WR,8.3,0.0,5.77,5.77,5.58,5.99,0.278,1.0,5.77,,0.0,0
2026-10-09 00:52:48Z,DAL,in,0.278,Q2 13:20,0.0,10871,Luke Schoonmaker,TE,1.9,0.0,1.32,1.32,1.28,1.37,0.278,1.0,1.32,,0.0,0
2026-10-09 00:52:48Z,TB,in,0.278,Q2 13:20,0.0,13317,Ted Hurst,WR,4.5,0.0,3.13,3.13,3.02,3.25,0.278,1.0,3.13,,0.0,0
2026-10-09 00:52:48Z,TB,in,0.278,Q2 13:20,0.0,12485,Tez Johnson,WR,4.2,0.0,2.92,2.92,2.82,3.03,0.278,1.0,2.92,,0.0,0
2026-10-09 00:52:48Z,DAL,in,0.278,Q2 13:20,0.0,7588,Javonte Williams,RB,18.2,10.7,14.47,25.17,24.86,23.84,0.0,1.0,25.17,,0.0,0
2026-10-09 00:53:48Z,DAL,in,0.29,Q2 12:36,0.0,11533,Brandon Aubrey,K,9.8,1.0,6.63,7.63,7.63,7.96,0.221,1.0,7.63,,0.0,0
2026-10-09 00:53:48Z,DAL,in,0.29,Q2 12:36,0.0,6786,CeeDee Lamb,WR,19.6,0.0,13.4,13.4,12.91,13.92,0.29,1.0,13.4,,0.0,0
2026-10-09 00:53:48Z,TB,in,0.29,Q2 12:36,0.0,11584,Bucky Irving,RB,11.1,8.0,9.03,17.03,16.73,15.88,0.038,1.0,17.03,,0.0,0
2026-10-09 00:53:48Z,DAL,in,0.29,Q2 12:36,0.0,3294,Dak Prescott,QB,22.1,1.84,15.45,17.29,16.72,17.53,0.012,1.0,17.29,,0.0,0
2026-10-09 00:53:48Z,TB,in,0.29,Q2 12:36,0.0,8111,Cade Otton,TE,7.9,3.4,5.77,9.17,9.21,9.01,0.137,1.0,9.17,,0.0,0
2026-10-09 00:53:48Z,TB,in,0.29,Q2 12:36,0.0,4037,Chris Godwin,WR,8.0,4.1,5.92,10.02,10.1,9.78,0.059,1.0,10.02,,0.0,0
2026-10-09 00:53:48Z,DAL,in,0.29,Q2 12:36,0.0,8110,Jake Ferguson,TE,8.8,1.2,6.15,7.35,7.21,7.45,0.012,1.0,7.35,,0.0,0
2026-10-09 00:53:48Z,TB,in,0.29,Q2 12:36,0.0,6650,Chase McLaughlin,K,6.7,1.0,4.59,5.59,5.59,5.76,0.038,1.0,5.59,,0.0,0
2026-10-09 00:53:48Z,TB,in,0.29,Q2 12:36,0.0,9506,Sean Tucker,RB,2.4,0.0,1.51,1.51,1.58,1.7,0.29,1.0,1.51,,0.0,0
2026-10-09 00:53:48Z,TB,in,0.29,Q2 12:36,0.0,12514,Emeka Egbuka,WR,9.1,4.2,6.68,10.88,10.94,10.66,0.047,1.0,10.88,,0.0,0
2026-10-09 00:53:48Z,DAL,in,0.29,Q2 12:36,0.0,DAL,Dallas Cowboys D/ST,DST,7.3,4.0,0.54,4.54,9.52,9.18,0.038,1.0,4.54,,0.0,0
2026-10-09 00:53:48Z,DAL,in,0.29,Q2 12:36,0.0,8137,George Pickens,WR,14.8,4.9,10.65,15.55,15.52,15.41,0.239,1.0,15.55,,0.0,0
2026-10-09 00:53:48Z,TB,in,0.29,Q2 12:36,0.0,TB,Tampa Bay Buccaneers D/ST,DST,3.1,4.0,-0.35,3.65,6.75,6.2,0.221,1.0,3.65,,0.0,0
2026-10-09 00:53:48Z,DAL,in,0.29,Q2 12:36,0.0,8917,KaVontae Turpin,WR,2.0,1.7,1.55,3.25,3.32,3.12,0.027,1.0,3.25,,0.0,0
2026-10-09 00:53:48Z,TB,in,0.29,Q2 12:36,0.0,10227,Payne Durham,TE,1.1,0.0,0.75,0.75,0.72,0.78,0.29,1.0,0.75,,0.0,0
2026-10-09 00:53:48Z,DAL,in,0.29,Q2 12:36,0.0,11593,Brevyn Spann-Ford,TE,0.6,0.0,0.41,0.41,0.4,0.43,0.29,1.0,0.41,,0.0,0
2026-10-09 00:53:48Z,TB,in,0.29,Q2 12:36,0.0,13425,Jalon Daniels,QB,15.0,7.06,12.02,19.08,18.19,17.71,0.038,1.0,19.08,,0.0,0
2026-10-09 00:53:48Z,DAL,in,0.29,Q2 12:36,0.0,11199,Emari Demercado,RB,3.7,0.0,2.33,2.33,2.44,2.63,0.29,1.0,2.33,,0.0,0
2026-10-09 00:53:48Z,DAL,in,0.29,Q2 12:36,0.0,8162,Sam Howell,QB,0.9,0.0,0.61,0.61,0.59,0.64,0.29,0.58,0.35,,0.0,0
2026-10-09 00:53:48Z,DAL,in,0.29,Q2 12:36,0.0,11783,Ryan Flournoy,WR,8.3,0.0,5.68,5.68,5.47,5.89,0.29,1.0,5.68,,0.0,0
2026-10-09 00:53:48Z,DAL,in,0.29,Q2 12:36,0.0,10871,Luke Schoonmaker,TE,1.9,0.0,1.3,1.3,1.25,1.35,0.29,1.0,1.3,,0.0,0
2026-10-09 00:53:48Z,TB,in,0.29,Q2 12:36,0.0,13317,Ted Hurst,WR,4.5,0.0,3.08,3.08,2.96,3.19,0.29,1.0,3.08,,0.0,0
2026-10-09 00:53:48Z,TB,in,0.29,Q2 12:36,0.0,12485,Tez Johnson,WR,4.2,0.0,2.87,2.87,2.77,2.98,0.29,1.0,2.87,,0.0,0
2026-10-09 00:53:48Z,DAL,in,0.29,Q2 12:36,0.0,7588,Javonte Williams,RB,18.2,10.7,14.19,24.89,24.58,23.62,0.012,1.0,24.89,,0.0,0
2026-10-09 00:54:49Z,DAL,in,0.293,Q2 12:26,0.0,11533,Brandon Aubrey,K,9.8,1.0,6.6,7.6,7.6,7.93,0.224,1.0,7.6,,0.0,0
2026-10-09 00:54:49Z,DAL,in,0.293,Q2 12:26,0.0,6786,CeeDee Lamb,WR,19.6,0.0,13.35,13.35,12.85,13.86,0.293,1.0,13.35,,0.0,0
2026-10-09 00:54:49Z,TB,in,0.293,Q2 12:26,0.0,11584,Bucky Irving,RB,11.1,8.0,8.99,16.99,16.69,15.85,0.041,1.0,16.99,,0.0,0
2026-10-09 00:54:49Z,DAL,in,0.293,Q2 12:26,0.0,3294,Dak Prescott,QB,22.1,1.84,15.38,17.22,16.65,17.47,0.015,1.0,17.22,,0.0,0
2026-10-09 00:54:49Z,TB,in,0.293,Q2 12:26,0.0,8111,Cade Otton,TE,7.9,3.4,5.75,9.15,9.18,8.99,0.14,1.0,9.15,,0.0,0
2026-10-09 00:54:49Z,TB,in,0.293,Q2 12:26,0.0,4037,Chris Godwin,WR,8.0,4.1,5.89,9.99,10.07,9.76,0.061,1.0,9.99,,0.0,0
2026-10-09 00:54:49Z,DAL,in,0.293,Q2 12:26,0.0,8110,Jake Ferguson,TE,8.8,1.2,6.12,7.32,7.18,7.42,0.015,1.0,7.32,,0.0,0
2026-10-09 00:54:49Z,TB,in,0.293,Q2 12:26,0.0,6650,Chase McLaughlin,K,6.7,1.0,4.57,5.57,5.57,5.74,0.041,1.0,5.57,,0.0,0
2026-10-09 00:54:49Z,TB,in,0.293,Q2 12:26,0.0,9506,Sean Tucker,RB,2.4,0.0,1.51,1.51,1.57,1.7,0.293,1.0,1.51,,0.0,0
2026-10-09 00:54:49Z,TB,in,0.293,Q2 12:26,0.0,12514,Emeka Egbuka,WR,9.1,4.2,6.65,10.85,10.91,10.64,0.05,1.0,10.85,,0.0,0
2026-10-09 00:54:49Z,DAL,in,0.293,Q2 12:26,0.0,DAL,Dallas Cowboys D/ST,DST,7.3,4.0,0.54,4.54,9.49,9.16,0.041,1.0,4.54,,0.0,0
2026-10-09 00:54:49Z,DAL,in,0.293,Q2 12:26,0.0,8137,George Pickens,WR,14.8,4.9,10.61,15.51,15.47,15.37,0.242,1.0,15.51,,0.0,0
2026-10-09 00:54:49Z,TB,in,0.293,Q2 12:26,0.0,TB,Tampa Bay Buccaneers D/ST,DST,3.1,4.0,-0.35,3.65,6.74,6.19,0.224,1.0,3.65,,0.0,0
2026-10-09 00:54:49Z,DAL,in,0.293,Q2 12:26,0.0,8917,KaVontae Turpin,WR,2.0,1.7,1.55,3.25,3.31,3.11,0.03,1.0,3.25,,0.0,0
2026-10-09 00:54:49Z,TB,in,0.293,Q2 12:26,0.0,10227,Payne Durham,TE,1.1,0.0,0.75,0.75,0.72,0.78,0.293,1.0,0.75,,0.0,0
2026-10-09 00:54:49Z,DAL,in,0.293,Q2 12:26,0.0,11593,Brevyn Spann-Ford,TE,0.6,0.0,0.41,0.41,0.39,0.42,0.293,1.0,0.41,,0.0,0
2026-10-09 00:54:49Z,TB,in,0.293,Q2 12:26,0.0,13425,Jalon Daniels,QB,15.0,7.06,11.97,19.03,18.14,17.67,0.041,1.0,19.03,,0.0,0
2026-10-09 00:54:49Z,DAL,in,0.293,Q2 12:26,0.0,11199,Emari Demercado,RB,3.7,0.0,2.32,2.32,2.43,2.62,0.293,1.0,2.32,,0.0,0
2026-10-09 00:54:49Z,DAL,in,0.293,Q2 12:26,0.0,8162,Sam Howell,QB,0.9,0.0,0.61,0.61,0.59,0.64,0.293,0.572,0.35,,0.0,0
2026-10-09 00:54:49Z,DAL,in,0.293,Q2 12:26,0.0,11783,Ryan Flournoy,WR,8.3,0.0,5.65,5.65,5.44,5.87,0.293,1.0,5.65,,0.0,0
2026-10-09 00:54:49Z,DAL,in,0.293,Q2 12:26,0.0,10871,Luke Schoonmaker,TE,1.9,0.0,1.29,1.29,1.25,1.34,0.293,1.0,1.29,,0.0,0
2026-10-09 00:54:49Z,TB,in,0.293,Q2 12:26,0.0,13317,Ted Hurst,WR,4.5,0.0,3.06,3.06,2.95,3.18,0.293,1.0,3.06,,0.0,0
2026-10-09 00:54:49Z,TB,in,0.293,Q2 12:26,0.0,12485,Tez Johnson,WR,4.2,0.0,2.86,2.86,2.75,2.97,0.293,1.0,2.86,,0.0,0
2026-10-09 00:54:49Z,DAL,in,0.293,Q2 12:26,0.0,7588,Javonte Williams,RB,18.2,10.7,14.13,24.83,24.52,23.57,0.015,1.0,24.83,,0.0,0
2026-10-09 00:55:49Z,DAL,in,0.293,Q2 12:26,0.0,11533,Brandon Aubrey,K,9.8,1.0,6.6,7.6,7.6,7.93,0.224,1.0,7.6,,0.0,0
2026-10-09 00:55:49Z,DAL,in,0.293,Q2 12:26,0.0,6786,CeeDee Lamb,WR,19.6,0.0,13.35,13.35,12.85,13.86,0.293,1.0,13.35,,0.0,0
2026-10-09 00:55:49Z,TB,in,0.293,Q2 12:26,0.0,11584,Bucky Irving,RB,11.1,8.0,8.99,16.99,16.69,15.85,0.041,1.0,16.99,,0.0,0
2026-10-09 00:55:49Z,DAL,in,0.293,Q2 12:26,0.0,3294,Dak Prescott,QB,22.1,1.84,15.38,17.22,16.65,17.47,0.015,1.0,17.22,,0.0,0
2026-10-09 00:55:49Z,TB,in,0.293,Q2 12:26,0.0,8111,Cade Otton,TE,7.9,3.4,5.75,9.15,9.18,8.99,0.14,1.0,9.15,,0.0,0
2026-10-09 00:55:49Z,TB,in,0.293,Q2 12:26,0.0,4037,Chris Godwin,WR,8.0,4.1,5.89,9.99,10.07,9.76,0.061,1.0,9.99,,0.0,0
2026-10-09 00:55:49Z,DAL,in,0.293,Q2 12:26,0.0,8110,Jake Ferguson,TE,8.8,1.2,6.12,7.32,7.18,7.42,0.015,1.0,7.32,,0.0,0
2026-10-09 00:55:49Z,TB,in,0.293,Q2 12:26,0.0,6650,Chase McLaughlin,K,6.7,1.0,4.57,5.57,5.57,5.74,0.041,1.0,5.57,,0.0,0
2026-10-09 00:55:49Z,TB,in,0.293,Q2 12:26,0.0,9506,Sean Tucker,RB,2.4,0.0,1.51,1.51,1.57,1.7,0.293,1.0,1.51,,0.0,0
2026-10-09 00:55:49Z,TB,in,0.293,Q2 12:26,0.0,12514,Emeka Egbuka,WR,9.1,4.2,6.65,10.85,10.91,10.64,0.05,1.0,10.85,,0.0,0
2026-10-09 00:55:49Z,DAL,in,0.293,Q2 12:26,0.0,DAL,Dallas Cowboys D/ST,DST,7.3,4.0,0.54,4.54,9.49,9.16,0.041,1.0,4.54,,0.0,0
2026-10-09 00:55:49Z,DAL,in,0.293,Q2 12:26,0.0,8137,George Pickens,WR,14.8,4.9,10.61,15.51,15.47,15.37,0.242,1.0,15.51,,0.0,0
2026-10-09 00:55:49Z,TB,in,0.293,Q2 12:26,0.0,TB,Tampa Bay Buccaneers D/ST,DST,3.1,4.0,-0.35,3.65,6.74,6.19,0.224,1.0,3.65,,0.0,0
2026-10-09 00:55:49Z,DAL,in,0.293,Q2 12:26,0.0,8917,KaVontae Turpin,WR,2.0,1.7,1.55,3.25,3.31,3.11,0.03,1.0,3.25,,0.0,0
2026-10-09 00:55:49Z,TB,in,0.293,Q2 12:26,0.0,10227,Payne Durham,TE,1.1,0.0,0.75,0.75,0.72,0.78,0.293,1.0,0.75,,0.0,0
2026-10-09 00:55:49Z,DAL,in,0.293,Q2 12:26,0.0,11593,Brevyn Spann-Ford,TE,0.6,0.0,0.41,0.41,0.39,0.42,0.293,1.0,0.41,,0.0,0
2026-10-09 00:55:49Z,TB,in,0.293,Q2 12:26,0.0,13425,Jalon Daniels,QB,15.0,7.06,11.97,19.03,18.14,17.67,0.041,1.0,19.03,,0.0,0
2026-10-09 00:55:49Z,DAL,in,0.293,Q2 12:26,0.0,11199,Emari Demercado,RB,3.7,0.0,2.32,2.32,2.43,2.62,0.293,1.0,2.32,,0.0,0
2026-10-09 00:55:49Z,DAL,in,0.293,Q2 12:26,0.0,8162,Sam Howell,QB,0.9,0.0,0.61,0.61,0.59,0.64,0.293,0.572,0.35,,0.0,0
2026-10-09 00:55:49Z,DAL,in,0.293,Q2 12:26,0.0,11783,Ryan Flournoy,WR,8.3,0.0,5.65,5.65,5.44,5.87,0.293,1.0,5.65,,0.0,0
2026-10-09 00:55:49Z,DAL,in,0.293,Q2 12:26,0.0,10871,Luke Schoonmaker,TE,1.9,0.0,1.29,1.29,1.25,1.34,0.293,1.0,1.29,,0.0,0
2026-10-09 00:55:49Z,TB,in,0.293,Q2 12:26,0.0,13317,Ted Hurst,WR,4.5,0.0,3.06,3.06,2.95,3.18,0.293,1.0,3.06,,0.0,0
2026-10-09 00:55:49Z,TB,in,0.293,Q2 12:26,0.0,12485,Tez Johnson,WR,4.2,0.0,2.86,2.86,2.75,2.97,0.293,1.0,2.86,,0.0,0
2026-10-09 00:55:49Z,DAL,in,0.293,Q2 12:26,0.0,7588,Javonte Williams,RB,18.2,10.7,14.13,24.83,24.52,23.57,0.015,1.0,24.83,,0.0,0
2026-10-09 00:56:49Z,DAL,in,0.293,Q2 12:26,0.0,11533,Brandon Aubrey,K,9.8,1.0,6.6,7.6,7.6,7.93,0.224,1.0,7.6,,0.0,0
2026-10-09 00:56:49Z,DAL,in,0.293,Q2 12:26,0.0,6786,CeeDee Lamb,WR,19.6,0.0,13.35,13.35,12.85,13.86,0.293,1.0,13.35,,0.0,0
2026-10-09 00:56:49Z,TB,in,0.293,Q2 12:26,0.0,11584,Bucky Irving,RB,11.1,8.0,8.99,16.99,16.69,15.85,0.041,1.0,16.99,,0.0,0
2026-10-09 00:56:49Z,DAL,in,0.293,Q2 12:26,0.0,3294,Dak Prescott,QB,22.1,1.84,15.38,17.22,16.65,17.47,0.015,1.0,17.22,,0.0,0
2026-10-09 00:56:49Z,TB,in,0.293,Q2 12:26,0.0,8111,Cade Otton,TE,7.9,3.4,5.75,9.15,9.18,8.99,0.14,1.0,9.15,,0.0,0
2026-10-09 00:56:49Z,TB,in,0.293,Q2 12:26,0.0,4037,Chris Godwin,WR,8.0,4.1,5.89,9.99,10.07,9.76,0.061,1.0,9.99,,0.0,0
2026-10-09 00:56:49Z,DAL,in,0.293,Q2 12:26,0.0,8110,Jake Ferguson,TE,8.8,1.2,6.12,7.32,7.18,7.42,0.015,1.0,7.32,,0.0,0
2026-10-09 00:56:49Z,TB,in,0.293,Q2 12:26,0.0,6650,Chase McLaughlin,K,6.7,1.0,4.57,5.57,5.57,5.74,0.041,1.0,5.57,,0.0,0
2026-10-09 00:56:49Z,TB,in,0.293,Q2 12:26,0.0,9506,Sean Tucker,RB,2.4,0.0,1.51,1.51,1.57,1.7,0.293,1.0,1.51,,0.0,0
2026-10-09 00:56:49Z,TB,in,0.293,Q2 12:26,0.0,12514,Emeka Egbuka,WR,9.1,4.2,6.65,10.85,10.91,10.64,0.05,1.0,10.85,,0.0,0
2026-10-09 00:56:49Z,DAL,in,0.293,Q2 12:26,0.0,DAL,Dallas Cowboys D/ST,DST,7.3,4.0,0.54,4.54,9.49,9.16,0.041,1.0,4.54,,0.0,0
2026-10-09 00:56:49Z,DAL,in,0.293,Q2 12:26,0.0,8137,George Pickens,WR,14.8,4.9,10.61,15.51,15.47,15.37,0.242,1.0,15.51,,0.0,0
2026-10-09 00:56:49Z,TB,in,0.293,Q2 12:26,0.0,TB,Tampa Bay Buccaneers D/ST,DST,3.1,4.0,-0.35,3.65,6.74,6.19,0.224,1.0,3.65,,0.0,0
2026-10-09 00:56:49Z,DAL,in,0.293,Q2 12:26,0.0,8917,KaVontae Turpin,WR,2.0,1.7,1.55,3.25,3.31,3.11,0.03,1.0,3.25,,0.0,0
2026-10-09 00:56:49Z,TB,in,0.293,Q2 12:26,0.0,10227,Payne Durham,TE,1.1,0.0,0.75,0.75,0.72,0.78,0.293,1.0,0.75,,0.0,0
2026-10-09 00:56:49Z,DAL,in,0.293,Q2 12:26,0.0,11593,Brevyn Spann-Ford,TE,0.6,0.0,0.41,0.41,0.39,0.42,0.293,1.0,0.41,,0.0,0
2026-10-09 00:56:49Z,TB,in,0.293,Q2 12:26,0.0,13425,Jalon Daniels,QB,15.0,7.06,11.97,19.03,18.14,17.67,0.041,1.0,19.03,,0.0,0
2026-10-09 00:56:49Z,DAL,in,0.293,Q2 12:26,0.0,11199,Emari Demercado,RB,3.7,0.0,2.32,2.32,2.43,2.62,0.293,1.0,2.32,,0.0,0
2026-10-09 00:56:49Z,DAL,in,0.293,Q2 12:26,0.0,8162,Sam Howell,QB,0.9,0.0,0.61,0.61,0.59,0.64,0.293,0.572,0.35,,0.0,0
2026-10-09 00:56:49Z,DAL,in,0.293,Q2 12:26,0.0,11783,Ryan Flournoy,WR,8.3,0.0,5.65,5.65,5.44,5.87,0.293,1.0,5.65,,0.0,0
2026-10-09 00:56:49Z,DAL,in,0.293,Q2 12:26,0.0,10871,Luke Schoonmaker,TE,1.9,0.0,1.29,1.29,1.25,1.34,0.293,1.0,1.29,,0.0,0
2026-10-09 00:56:49Z,TB,in,0.293,Q2 12:26,0.0,13317,Ted Hurst,WR,4.5,0.0,3.06,3.06,2.95,3.18,0.293,1.0,3.06,,0.0,0
2026-10-09 00:56:49Z,TB,in,0.293,Q2 12:26,0.0,12485,Tez Johnson,WR,4.2,0.0,2.86,2.86,2.75,2.97,0.293,1.0,2.86,,0.0,0
2026-10-09 00:56:49Z,DAL,in,0.293,Q2 12:26,0.0,7588,Javonte Williams,RB,18.2,10.7,14.13,24.83,24.52,23.57,0.015,1.0,24.83,,0.0,0
2026-10-09 00:57:50Z,DAL,in,0.294,Q2 12:21,0.0,11533,Brandon Aubrey,K,9.8,1.0,6.58,7.58,7.58,7.92,0.225,1.0,7.58,,0.0,0
2026-10-09 00:57:50Z,DAL,in,0.294,Q2 12:21,0.0,6786,CeeDee Lamb,WR,19.6,0.0,13.32,13.32,12.82,13.83,0.294,1.0,13.32,,0.0,0
2026-10-09 00:57:50Z,TB,in,0.294,Q2 12:21,0.0,11584,Bucky Irving,RB,11.1,8.2,9.02,17.22,16.91,16.03,0.0,1.0,17.22,,0.0,0
2026-10-09 00:57:50Z,DAL,in,0.294,Q2 12:21,0.0,3294,Dak Prescott,QB,22.1,1.84,15.35,17.19,16.62,17.44,0.016,1.0,17.19,,0.0,0
2026-10-09 00:57:50Z,TB,in,0.294,Q2 12:21,0.0,8111,Cade Otton,TE,7.9,3.4,5.74,9.14,9.17,8.98,0.141,1.0,9.14,,0.0,0
2026-10-09 00:57:50Z,TB,in,0.294,Q2 12:21,0.0,4037,Chris Godwin,WR,8.0,4.1,5.88,9.98,10.05,9.75,0.063,1.0,9.98,,0.0,0
2026-10-09 00:57:50Z,DAL,in,0.294,Q2 12:21,0.0,8110,Jake Ferguson,TE,8.8,1.2,6.11,7.31,7.17,7.41,0.016,1.0,7.31,,0.0,0
2026-10-09 00:57:50Z,TB,in,0.294,Q2 12:21,0.0,6650,Chase McLaughlin,K,6.7,1.0,4.56,5.56,5.56,5.73,0.042,1.0,5.56,,0.0,0
2026-10-09 00:57:50Z,TB,in,0.294,Q2 12:21,0.0,9506,Sean Tucker,RB,2.4,0.0,1.5,1.5,1.57,1.69,0.294,1.0,1.5,,0.0,0
2026-10-09 00:57:50Z,TB,in,0.294,Q2 12:21,0.0,12514,Emeka Egbuka,WR,9.1,4.2,6.64,10.84,10.89,10.62,0.051,1.0,10.84,,0.0,0
2026-10-09 00:57:50Z,DAL,in,0.294,Q2 12:21,0.0,DAL,Dallas Cowboys D/ST,DST,7.3,4.0,0.53,4.53,9.48,9.15,0.042,1.0,4.53,,0.0,0
2026-10-09 00:57:50Z,DAL,in,0.294,Q2 12:21,0.0,8137,George Pickens,WR,14.8,4.9,10.59,15.49,15.44,15.35,0.243,1.0,15.49,,0.0,0
2026-10-09 00:57:50Z,TB,in,0.294,Q2 12:21,0.0,TB,Tampa Bay Buccaneers D/ST,DST,3.1,4.0,-0.35,3.65,6.73,6.19,0.225,1.0,3.65,,0.0,0
2026-10-09 00:57:50Z,DAL,in,0.294,Q2 12:21,0.0,8917,KaVontae Turpin,WR,2.0,1.7,1.54,3.24,3.31,3.11,0.032,1.0,3.24,,0.0,0
2026-10-09 00:57:50Z,TB,in,0.294,Q2 12:21,0.0,10227,Payne Durham,TE,1.1,0.0,0.75,0.75,0.72,0.78,0.294,1.0,0.75,,0.0,0
2026-10-09 00:57:50Z,DAL,in,0.294,Q2 12:21,0.0,11593,Brevyn Spann-Ford,TE,0.6,0.0,0.41,0.41,0.39,0.42,0.294,1.0,0.41,,0.0,0
2026-10-09 00:57:50Z,TB,in,0.294,Q2 12:21,0.0,13425,Jalon Daniels,QB,15.0,7.06,11.95,19.01,18.11,17.65,0.042,1.0,19.01,,0.0,0
2026-10-09 00:57:50Z,DAL,in,0.294,Q2 12:21,0.0,11199,Emari Demercado,RB,3.7,0.0,2.32,2.32,2.42,2.61,0.294,1.0,2.32,,0.0,0
2026-10-09 00:57:50Z,DAL,in,0.294,Q2 12:21,0.0,8162,Sam Howell,QB,0.9,0.0,0.61,0.61,0.59,0.64,0.294,0.567,0.34,,0.0,0
2026-10-09 00:57:50Z,DAL,in,0.294,Q2 12:21,0.0,11783,Ryan Flournoy,WR,8.3,0.0,5.64,5.64,5.43,5.86,0.294,1.0,5.64,,0.0,0
2026-10-09 00:57:50Z,DAL,in,0.294,Q2 12:21,0.0,10871,Luke Schoonmaker,TE,1.9,0.0,1.29,1.29,1.24,1.34,0.294,1.0,1.29,,0.0,0
2026-10-09 00:57:50Z,TB,in,0.294,Q2 12:21,0.0,13317,Ted Hurst,WR,4.5,0.0,3.06,3.06,2.94,3.18,0.294,1.0,3.06,,0.0,0
2026-10-09 00:57:50Z,TB,in,0.294,Q2 12:21,0.0,12485,Tez Johnson,WR,4.2,0.0,2.86,2.86,2.75,2.96,0.294,1.0,2.86,,0.0,0
2026-10-09 00:57:50Z,DAL,in,0.294,Q2 12:21,0.0,7588,Javonte Williams,RB,18.2,10.7,14.1,24.8,24.49,23.55,0.016,1.0,24.8,,0.0,0
2026-10-09 00:58:50Z,DAL,in,0.306,Q2 11:40,0.0,11533,Brandon Aubrey,K,9.8,1.0,6.46,7.46,7.46,7.81,0.236,1.0,7.46,,0.0,0
2026-10-09 00:58:50Z,DAL,in,0.306,Q2 11:40,0.0,6786,CeeDee Lamb,WR,19.6,0.0,13.11,13.11,12.57,13.61,0.306,1.0,13.11,,0.0,0
2026-10-09 00:58:50Z,TB,in,0.306,Q2 11:40,0.0,11584,Bucky Irving,RB,11.1,8.2,8.86,17.06,16.74,15.91,0.011,1.0,17.06,,0.0,0
2026-10-09 00:58:50Z,DAL,in,0.306,Q2 11:40,0.0,3294,Dak Prescott,QB,22.1,1.84,15.07,16.91,16.33,17.19,0.028,1.0,16.91,,0.0,0
2026-10-09 00:58:50Z,TB,in,0.306,Q2 11:40,0.0,8111,Cade Otton,TE,7.9,3.4,5.65,9.05,9.06,8.89,0.153,1.0,9.05,,0.0,0
2026-10-09 00:58:50Z,TB,in,0.306,Q2 11:40,0.0,4037,Chris Godwin,WR,8.0,4.1,5.79,9.89,9.94,9.66,0.074,1.0,9.89,,0.0,0
2026-10-09 00:58:50Z,DAL,in,0.306,Q2 11:40,0.0,8110,Jake Ferguson,TE,8.8,1.2,6.02,7.22,7.05,7.31,0.028,1.0,7.22,,0.0,0
2026-10-09 00:58:50Z,TB,in,0.306,Q2 11:40,0.0,6650,Chase McLaughlin,K,6.7,1.0,4.47,5.47,5.47,5.65,0.054,1.0,5.47,,0.0,0
2026-10-09 00:58:50Z,TB,in,0.306,Q2 11:40,0.0,9506,Sean Tucker,RB,2.4,0.0,1.47,1.47,1.54,1.67,0.306,1.0,1.47,,0.0,0
2026-10-09 00:58:50Z,TB,in,0.306,Q2 11:40,0.0,12514,Emeka Egbuka,WR,9.1,5.5,6.68,12.18,12.29,11.82,0.0,1.0,12.18,,0.0,0
2026-10-09 00:58:50Z,DAL,in,0.306,Q2 11:40,0.0,DAL,Dallas Cowboys D/ST,DST,7.3,4.0,0.53,4.53,9.38,9.07,0.054,1.0,4.53,,0.0,0
2026-10-09 00:58:50Z,DAL,in,0.306,Q2 11:40,0.0,8137,George Pickens,WR,14.8,4.9,10.43,15.33,15.24,15.18,0.254,1.0,15.33,,0.0,0
2026-10-09 00:58:50Z,TB,in,0.306,Q2 11:40,0.0,TB,Tampa Bay Buccaneers D/ST,DST,3.1,4.0,-0.35,3.65,6.68,6.15,0.236,1.0,3.65,,0.0,0
2026-10-09 00:58:50Z,DAL,in,0.306,Q2 11:40,0.0,8917,KaVontae Turpin,WR,2.0,1.7,1.52,3.22,3.28,3.09,0.043,1.0,3.22,,0.0,0
2026-10-09 00:58:50Z,TB,in,0.306,Q2 11:40,0.0,10227,Payne Durham,TE,1.1,0.0,0.74,0.74,0.71,0.76,0.306,1.0,0.74,,0.0,0
2026-10-09 00:58:50Z,DAL,in,0.306,Q2 11:40,0.0,11593,Brevyn Spann-Ford,TE,0.6,0.0,0.4,0.4,0.38,0.42,0.306,1.0,0.4,,0.0,0
2026-10-09 00:58:50Z,TB,in,0.306,Q2 11:40,0.0,13425,Jalon Daniels,QB,15.0,7.18,11.77,18.95,18.05,17.6,0.0,1.0,18.95,,0.0,0
2026-10-09 00:58:50Z,DAL,in,0.306,Q2 11:40,0.0,11199,Emari Demercado,RB,3.7,0.0,2.27,2.27,2.37,2.57,0.306,1.0,2.27,,0.0,0
2026-10-09 00:58:50Z,DAL,in,0.306,Q2 11:40,0.0,8162,Sam Howell,QB,0.9,0.0,0.59,0.59,0.58,0.62,0.306,0.533,0.32,,0.0,0
2026-10-09 00:58:50Z,DAL,in,0.306,Q2 11:40,0.0,11783,Ryan Flournoy,WR,8.3,0.0,5.55,5.55,5.32,5.76,0.306,1.0,5.55,,0.0,0
2026-10-09 00:58:50Z,DAL,in,0.306,Q2 11:40,0.0,10871,Luke Schoonmaker,TE,1.9,0.0,1.27,1.27,1.22,1.32,0.306,1.0,1.27,,0.0,0
2026-10-09 00:58:50Z,TB,in,0.306,Q2 11:40,0.0,13317,Ted Hurst,WR,4.5,0.0,3.01,3.01,2.89,3.12,0.306,1.0,3.01,,0.0,0
2026-10-09 00:58:50Z,TB,in,0.306,Q2 11:40,0.0,12485,Tez Johnson,WR,4.2,0.0,2.81,2.81,2.69,2.92,0.306,1.0,2.81,,0.0,0
2026-10-09 00:58:50Z,DAL,in,0.306,Q2 11:40,0.0,7588,Javonte Williams,RB,18.2,10.7,13.84,24.54,24.23,23.34,0.028,1.0,24.54,,0.0,0
2026-10-09 00:59:50Z,DAL,in,0.317,Q2 11:00,0.0,11533,Brandon Aubrey,K,9.8,1.0,6.34,7.34,7.34,7.7,0.247,1.0,7.34,,0.0,0
2026-10-09 00:59:50Z,DAL,in,0.317,Q2 11:00,0.0,6786,CeeDee Lamb,WR,19.6,0.0,12.91,12.91,12.33,13.39,0.317,1.0,12.91,,0.0,0
2026-10-09 00:59:50Z,TB,in,0.317,Q2 11:00,0.0,11584,Bucky Irving,RB,11.1,8.0,8.65,16.65,16.35,15.59,0.0,1.0,16.65,,0.0,0
2026-10-09 00:59:50Z,DAL,in,0.317,Q2 11:00,0.0,3294,Dak Prescott,QB,22.1,1.84,14.82,16.66,16.06,16.94,0.039,1.0,16.66,,0.0,0
2026-10-09 00:59:50Z,TB,in,0.317,Q2 11:00,0.0,8111,Cade Otton,TE,7.9,3.4,5.57,8.97,8.95,8.8,0.164,1.0,8.97,,0.0,0
2026-10-09 00:59:50Z,TB,in,0.317,Q2 11:00,0.0,4037,Chris Godwin,WR,8.0,4.1,5.71,9.81,9.83,9.57,0.085,1.0,9.81,,0.0,0
2026-10-09 00:59:50Z,DAL,in,0.317,Q2 11:00,0.0,8110,Jake Ferguson,TE,8.8,1.2,5.92,7.12,6.94,7.21,0.039,1.0,7.12,,0.0,0
2026-10-09 00:59:50Z,TB,in,0.317,Q2 11:00,0.0,6650,Chase McLaughlin,K,6.7,1.0,4.39,5.39,5.39,5.58,0.065,1.0,5.39,,0.0,0
2026-10-09 00:59:50Z,TB,in,0.317,Q2 11:00,0.0,9506,Sean Tucker,RB,2.4,0.0,1.45,1.45,1.51,1.64,0.317,1.0,1.45,,0.0,0
2026-10-09 00:59:50Z,TB,in,0.317,Q2 11:00,0.0,12514,Emeka Egbuka,WR,9.1,5.5,6.58,12.08,12.17,11.72,0.011,1.0,12.08,,0.0,0
2026-10-09 00:59:50Z,DAL,in,0.317,Q2 11:00,0.0,DAL,Dallas Cowboys D/ST,DST,7.3,4.0,0.54,4.54,9.28,8.99,0.065,1.0,4.54,,0.0,0
2026-10-09 00:59:50Z,DAL,in,0.317,Q2 11:00,0.0,8137,George Pickens,WR,14.8,4.9,10.27,15.17,15.05,15.01,0.266,1.0,15.17,,0.0,0
2026-10-09 00:59:50Z,TB,in,0.317,Q2 11:00,0.0,TB,Tampa Bay Buccaneers D/ST,DST,3.1,4.0,-0.35,3.65,6.63,6.12,0.247,1.0,3.65,,0.0,0
2026-10-09 00:59:50Z,DAL,in,0.317,Q2 11:00,0.0,8917,KaVontae Turpin,WR,2.0,1.7,1.5,3.2,3.25,3.07,0.054,1.0,3.2,,0.0,0
2026-10-09 00:59:50Z,TB,in,0.317,Q2 11:00,0.0,10227,Payne Durham,TE,1.1,0.0,0.72,0.72,0.69,0.75,0.317,1.0,0.72,,0.0,0
2026-10-09 00:59:50Z,DAL,in,0.317,Q2 11:00,0.0,11593,Brevyn Spann-Ford,TE,0.6,0.0,0.4,0.4,0.38,0.41,0.317,1.0,0.4,,0.0,0
2026-10-09 00:59:50Z,TB,in,0.317,Q2 11:00,0.0,13425,Jalon Daniels,QB,15.0,7.18,11.55,18.73,17.85,17.43,0.011,1.0,18.73,,0.0,0
2026-10-09 00:59:50Z,DAL,in,0.317,Q2 11:00,0.0,11199,Emari Demercado,RB,3.7,0.0,2.23,2.23,2.33,2.53,0.317,1.0,2.23,,0.0,0
2026-10-09 00:59:50Z,DAL,in,0.317,Q2 11:00,0.0,8162,Sam Howell,QB,0.9,0.0,0.58,0.58,0.57,0.61,0.317,0.5,0.29,,0.0,0
2026-10-09 00:59:50Z,DAL,in,0.317,Q2 11:00,0.0,11783,Ryan Flournoy,WR,8.3,0.0,5.47,5.47,5.22,5.67,0.317,1.0,5.47,,0.0,0
2026-10-09 00:59:50Z,DAL,in,0.317,Q2 11:00,0.0,10871,Luke Schoonmaker,TE,1.9,0.0,1.25,1.25,1.2,1.3,0.317,1.0,1.25,,0.0,0
2026-10-09 00:59:50Z,TB,in,0.317,Q2 11:00,0.0,13317,Ted Hurst,WR,4.5,0.0,2.96,2.96,2.83,3.08,0.317,1.0,2.96,,0.0,0
2026-10-09 00:59:50Z,TB,in,0.317,Q2 11:00,0.0,12485,Tez Johnson,WR,4.2,0.0,2.77,2.77,2.64,2.87,0.317,1.0,2.77,,0.0,0
2026-10-09 00:59:50Z,DAL,in,0.317,Q2 11:00,0.0,7588,Javonte Williams,RB,18.2,10.7,13.6,24.3,23.98,23.14,0.039,1.0,24.3,,0.0,0
2026-10-09 01:00:51Z,DAL,in,0.317,Q2 11:00,0.0,11533,Brandon Aubrey,K,9.8,1.0,6.34,7.34,7.34,7.7,0.247,1.0,7.34,,0.0,0
2026-10-09 01:00:51Z,DAL,in,0.317,Q2 11:00,0.0,6786,CeeDee Lamb,WR,19.6,0.0,12.91,12.91,12.33,13.39,0.317,1.0,12.91,,0.0,0
2026-10-09 01:00:51Z,TB,in,0.317,Q2 11:00,0.0,11584,Bucky Irving,RB,11.1,8.0,8.65,16.65,16.35,15.59,0.0,1.0,16.65,,0.0,0
2026-10-09 01:00:51Z,DAL,in,0.317,Q2 11:00,0.0,3294,Dak Prescott,QB,22.1,1.84,14.82,16.66,16.06,16.94,0.039,1.0,16.66,,0.0,0
2026-10-09 01:00:51Z,TB,in,0.317,Q2 11:00,0.0,8111,Cade Otton,TE,7.9,3.4,5.57,8.97,8.95,8.8,0.164,1.0,8.97,,0.0,0
2026-10-09 01:00:51Z,TB,in,0.317,Q2 11:00,0.0,4037,Chris Godwin,WR,8.0,4.1,5.71,9.81,9.83,9.57,0.085,1.0,9.81,,0.0,0
2026-10-09 01:00:51Z,DAL,in,0.317,Q2 11:00,0.0,8110,Jake Ferguson,TE,8.8,1.2,5.92,7.12,6.94,7.21,0.039,1.0,7.12,,0.0,0
2026-10-09 01:00:51Z,TB,in,0.317,Q2 11:00,0.0,6650,Chase McLaughlin,K,6.7,1.0,4.39,5.39,5.39,5.58,0.065,1.0,5.39,,0.0,0
2026-10-09 01:00:51Z,TB,in,0.317,Q2 11:00,0.0,9506,Sean Tucker,RB,2.4,0.0,1.45,1.45,1.51,1.64,0.317,1.0,1.45,,0.0,0
2026-10-09 01:00:51Z,TB,in,0.317,Q2 11:00,0.0,12514,Emeka Egbuka,WR,9.1,5.5,6.58,12.08,12.17,11.72,0.011,1.0,12.08,,0.0,0
2026-10-09 01:00:51Z,DAL,in,0.317,Q2 11:00,0.0,DAL,Dallas Cowboys D/ST,DST,7.3,4.0,0.54,4.54,9.28,8.99,0.065,1.0,4.54,,0.0,0
2026-10-09 01:00:51Z,DAL,in,0.317,Q2 11:00,0.0,8137,George Pickens,WR,14.8,4.9,10.27,15.17,15.05,15.01,0.266,1.0,15.17,,0.0,0
2026-10-09 01:00:51Z,TB,in,0.317,Q2 11:00,0.0,TB,Tampa Bay Buccaneers D/ST,DST,3.1,4.0,-0.35,3.65,6.63,6.12,0.247,1.0,3.65,,0.0,0
2026-10-09 01:00:51Z,DAL,in,0.317,Q2 11:00,0.0,8917,KaVontae Turpin,WR,2.0,1.7,1.5,3.2,3.25,3.07,0.054,1.0,3.2,,0.0,0
2026-10-09 01:00:51Z,TB,in,0.317,Q2 11:00,0.0,10227,Payne Durham,TE,1.1,0.0,0.72,0.72,0.69,0.75,0.317,1.0,0.72,,0.0,0
2026-10-09 01:00:51Z,DAL,in,0.317,Q2 11:00,0.0,11593,Brevyn Spann-Ford,TE,0.6,0.0,0.4,0.4,0.38,0.41,0.317,1.0,0.4,,0.0,0
2026-10-09 01:00:51Z,TB,in,0.317,Q2 11:00,0.0,13425,Jalon Daniels,QB,15.0,7.18,11.55,18.73,17.85,17.43,0.011,1.0,18.73,,0.0,0
2026-10-09 01:00:51Z,DAL,in,0.317,Q2 11:00,0.0,11199,Emari Demercado,RB,3.7,0.0,2.23,2.23,2.33,2.53,0.317,1.0,2.23,,0.0,0
2026-10-09 01:00:51Z,DAL,in,0.317,Q2 11:00,0.0,8162,Sam Howell,QB,0.9,0.0,0.58,0.58,0.57,0.61,0.317,0.5,0.29,,0.0,0
2026-10-09 01:00:51Z,DAL,in,0.317,Q2 11:00,0.0,11783,Ryan Flournoy,WR,8.3,0.0,5.47,5.47,5.22,5.67,0.317,1.0,5.47,,0.0,0
2026-10-09 01:00:51Z,DAL,in,0.317,Q2 11:00,0.0,10871,Luke Schoonmaker,TE,1.9,0.0,1.25,1.25,1.2,1.3,0.317,1.0,1.25,,0.0,0
2026-10-09 01:00:51Z,TB,in,0.317,Q2 11:00,0.0,13317,Ted Hurst,WR,4.5,0.0,2.96,2.96,2.83,3.08,0.317,1.0,2.96,,0.0,0
2026-10-09 01:00:51Z,TB,in,0.317,Q2 11:00,0.0,12485,Tez Johnson,WR,4.2,0.0,2.77,2.77,2.64,2.87,0.317,1.0,2.77,,0.0,0
2026-10-09 01:00:51Z,DAL,in,0.317,Q2 11:00,0.0,7588,Javonte Williams,RB,18.2,10.7,13.6,24.3,23.98,23.14,0.039,1.0,24.3,,0.0,0
2026-10-09 01:01:51Z,DAL,in,0.317,Q2 11:00,0.0,11533,Brandon Aubrey,K,9.8,1.0,6.34,7.34,7.34,7.7,0.247,1.0,7.34,,0.0,0
2026-10-09 01:01:51Z,DAL,in,0.317,Q2 11:00,0.0,6786,CeeDee Lamb,WR,19.6,0.0,12.91,12.91,12.33,13.39,0.317,1.0,12.91,,0.0,0
2026-10-09 01:01:51Z,TB,in,0.317,Q2 11:00,0.0,11584,Bucky Irving,RB,11.1,8.0,8.65,16.65,16.35,15.59,0.0,1.0,16.65,,0.0,0
2026-10-09 01:01:51Z,DAL,in,0.317,Q2 11:00,0.0,3294,Dak Prescott,QB,22.1,1.84,14.82,16.66,16.06,16.94,0.039,1.0,16.66,,0.0,0
2026-10-09 01:01:51Z,TB,in,0.317,Q2 11:00,0.0,8111,Cade Otton,TE,7.9,3.4,5.57,8.97,8.95,8.8,0.164,1.0,8.97,,0.0,0
2026-10-09 01:01:51Z,TB,in,0.317,Q2 11:00,0.0,4037,Chris Godwin,WR,8.0,4.1,5.71,9.81,9.83,9.57,0.085,1.0,9.81,,0.0,0
2026-10-09 01:01:51Z,DAL,in,0.317,Q2 11:00,0.0,8110,Jake Ferguson,TE,8.8,1.2,5.92,7.12,6.94,7.21,0.039,1.0,7.12,,0.0,0
2026-10-09 01:01:51Z,TB,in,0.317,Q2 11:00,0.0,6650,Chase McLaughlin,K,6.7,1.0,4.39,5.39,5.39,5.58,0.065,1.0,5.39,,0.0,0
2026-10-09 01:01:51Z,TB,in,0.317,Q2 11:00,0.0,9506,Sean Tucker,RB,2.4,0.0,1.45,1.45,1.51,1.64,0.317,1.0,1.45,,0.0,0
2026-10-09 01:01:51Z,TB,in,0.317,Q2 11:00,0.0,12514,Emeka Egbuka,WR,9.1,5.5,6.58,12.08,12.17,11.72,0.011,1.0,12.08,,0.0,0
2026-10-09 01:01:51Z,DAL,in,0.317,Q2 11:00,0.0,DAL,Dallas Cowboys D/ST,DST,7.3,4.0,0.54,4.54,9.28,8.99,0.065,1.0,4.54,,0.0,0
2026-10-09 01:01:51Z,DAL,in,0.317,Q2 11:00,0.0,8137,George Pickens,WR,14.8,4.9,10.27,15.17,15.05,15.01,0.266,1.0,15.17,,0.0,0
2026-10-09 01:01:51Z,TB,in,0.317,Q2 11:00,0.0,TB,Tampa Bay Buccaneers D/ST,DST,3.1,4.0,-0.35,3.65,6.63,6.12,0.247,1.0,3.65,,0.0,0
2026-10-09 01:01:51Z,DAL,in,0.317,Q2 11:00,0.0,8917,KaVontae Turpin,WR,2.0,1.7,1.5,3.2,3.25,3.07,0.054,1.0,3.2,,0.0,0
2026-10-09 01:01:51Z,TB,in,0.317,Q2 11:00,0.0,10227,Payne Durham,TE,1.1,0.0,0.72,0.72,0.69,0.75,0.317,1.0,0.72,,0.0,0
2026-10-09 01:01:51Z,DAL,in,0.317,Q2 11:00,0.0,11593,Brevyn Spann-Ford,TE,0.6,0.0,0.4,0.4,0.38,0.41,0.317,1.0,0.4,,0.0,0
2026-10-09 01:01:51Z,TB,in,0.317,Q2 11:00,0.0,13425,Jalon Daniels,QB,15.0,7.18,11.55,18.73,17.85,17.43,0.011,1.0,18.73,,0.0,0
2026-10-09 01:01:51Z,DAL,in,0.317,Q2 11:00,0.0,11199,Emari Demercado,RB,3.7,0.0,2.23,2.23,2.33,2.53,0.317,1.0,2.23,,0.0,0
2026-10-09 01:01:51Z,DAL,in,0.317,Q2 11:00,0.0,8162,Sam Howell,QB,0.9,0.0,0.58,0.58,0.57,0.61,0.317,0.5,0.29,,0.0,0
2026-10-09 01:01:51Z,DAL,in,0.317,Q2 11:00,0.0,11783,Ryan Flournoy,WR,8.3,0.0,5.47,5.47,5.22,5.67,0.317,1.0,5.47,,0.0,0
2026-10-09 01:01:51Z,DAL,in,0.317,Q2 11:00,0.0,10871,Luke Schoonmaker,TE,1.9,0.0,1.25,1.25,1.2,1.3,0.317,1.0,1.25,,0.0,0
2026-10-09 01:01:51Z,TB,in,0.317,Q2 11:00,0.0,13317,Ted Hurst,WR,4.5,0.0,2.96,2.96,2.83,3.08,0.317,1.0,2.96,,0.0,0
2026-10-09 01:01:51Z,TB,in,0.317,Q2 11:00,0.0,12485,Tez Johnson,WR,4.2,0.0,2.77,2.77,2.64,2.87,0.317,1.0,2.77,,0.0,0
2026-10-09 01:01:51Z,DAL,in,0.317,Q2 11:00,0.0,7588,Javonte Williams,RB,18.2,10.7,13.6,24.3,23.98,23.14,0.039,1.0,24.3,,0.0,0
2026-10-09 01:02:51Z,DAL,in,0.317,Q2 11:00,0.0,11533,Brandon Aubrey,K,9.8,1.0,6.34,7.34,7.34,7.7,0.247,1.0,7.34,,0.0,0
2026-10-09 01:02:51Z,DAL,in,0.317,Q2 11:00,0.0,6786,CeeDee Lamb,WR,19.6,0.0,12.91,12.91,12.33,13.39,0.317,1.0,12.91,,0.0,0
2026-10-09 01:02:51Z,TB,in,0.317,Q2 11:00,0.0,11584,Bucky Irving,RB,11.1,8.0,8.65,16.65,16.35,15.59,0.0,1.0,16.65,,0.0,0
2026-10-09 01:02:51Z,DAL,in,0.317,Q2 11:00,0.0,3294,Dak Prescott,QB,22.1,2.2,14.91,17.11,16.48,17.3,0.0,1.0,17.11,,0.0,0
2026-10-09 01:02:51Z,TB,in,0.317,Q2 11:00,0.0,8111,Cade Otton,TE,7.9,3.4,5.57,8.97,8.95,8.8,0.164,1.0,8.97,,0.0,0
2026-10-09 01:02:51Z,TB,in,0.317,Q2 11:00,0.0,4037,Chris Godwin,WR,8.0,4.1,5.71,9.81,9.83,9.57,0.085,1.0,9.81,,0.0,0
2026-10-09 01:02:51Z,DAL,in,0.317,Q2 11:00,0.0,8110,Jake Ferguson,TE,8.8,1.2,5.92,7.12,6.94,7.21,0.039,1.0,7.12,,0.0,0
2026-10-09 01:02:51Z,TB,in,0.317,Q2 11:00,0.0,6650,Chase McLaughlin,K,6.7,1.0,4.39,5.39,5.39,5.58,0.065,1.0,5.39,,0.0,0
2026-10-09 01:02:51Z,TB,in,0.317,Q2 11:00,0.0,9506,Sean Tucker,RB,2.4,0.0,1.45,1.45,1.51,1.64,0.317,1.0,1.45,,0.0,0
2026-10-09 01:02:51Z,TB,in,0.317,Q2 11:00,0.0,12514,Emeka Egbuka,WR,9.1,5.5,6.58,12.08,12.17,11.72,0.011,1.0,12.08,,0.0,0
2026-10-09 01:02:51Z,DAL,in,0.317,Q2 11:00,0.0,DAL,Dallas Cowboys D/ST,DST,7.3,4.0,0.54,4.54,9.28,8.99,0.065,1.0,4.54,,0.0,0
2026-10-09 01:02:51Z,DAL,in,0.317,Q2 11:00,0.0,8137,George Pickens,WR,14.8,4.9,10.27,15.17,15.05,15.01,0.266,1.0,15.17,,0.0,0
2026-10-09 01:02:51Z,TB,in,0.317,Q2 11:00,0.0,TB,Tampa Bay Buccaneers D/ST,DST,3.1,4.0,-0.35,3.65,6.63,6.12,0.247,1.0,3.65,,0.0,0
2026-10-09 01:02:51Z,DAL,in,0.317,Q2 11:00,0.0,8917,KaVontae Turpin,WR,2.0,1.7,1.5,3.2,3.25,3.07,0.054,1.0,3.2,,0.0,0
2026-10-09 01:02:51Z,TB,in,0.317,Q2 11:00,0.0,10227,Payne Durham,TE,1.1,0.0,0.72,0.72,0.69,0.75,0.317,1.0,0.72,,0.0,0
2026-10-09 01:02:51Z,DAL,in,0.317,Q2 11:00,0.0,11593,Brevyn Spann-Ford,TE,0.6,0.0,0.4,0.4,0.38,0.41,0.317,1.0,0.4,,0.0,0
2026-10-09 01:02:51Z,TB,in,0.317,Q2 11:00,0.0,13425,Jalon Daniels,QB,15.0,7.18,11.55,18.73,17.85,17.43,0.011,1.0,18.73,,0.0,0
2026-10-09 01:02:51Z,DAL,in,0.317,Q2 11:00,0.0,11199,Emari Demercado,RB,3.7,0.0,2.23,2.23,2.33,2.53,0.317,1.0,2.23,,0.0,0
2026-10-09 01:02:51Z,DAL,in,0.317,Q2 11:00,0.0,8162,Sam Howell,QB,0.9,0.0,0.58,0.58,0.57,0.61,0.317,0.3,0.18,,0.0,0
2026-10-09 01:02:51Z,DAL,in,0.317,Q2 11:00,0.0,11783,Ryan Flournoy,WR,8.3,0.0,5.47,5.47,5.22,5.67,0.317,1.0,5.47,,0.0,0
2026-10-09 01:02:51Z,DAL,in,0.317,Q2 11:00,0.0,10871,Luke Schoonmaker,TE,1.9,0.0,1.25,1.25,1.2,1.3,0.317,1.0,1.25,,0.0,0
2026-10-09 01:02:51Z,TB,in,0.317,Q2 11:00,0.0,13317,Ted Hurst,WR,4.5,0.0,2.96,2.96,2.83,3.08,0.317,1.0,2.96,,0.0,0
2026-10-09 01:02:51Z,TB,in,0.317,Q2 11:00,0.0,12485,Tez Johnson,WR,4.2,0.0,2.77,2.77,2.64,2.87,0.317,1.0,2.77,,0.0,0
2026-10-09 01:02:51Z,DAL,in,0.317,Q2 11:00,0.0,7588,Javonte Williams,RB,18.2,12.8,14.11,26.91,26.44,25.24,0.0,1.0,26.91,,0.0,0
2026-10-09 01:03:51Z,DAL,in,0.34,Q2 9:37,0.0,11533,Brandon Aubrey,K,9.8,1.0,6.09,7.09,7.09,7.47,0.271,1.0,7.09,,0.0,0
2026-10-09 01:03:51Z,DAL,in,0.34,Q2 9:37,0.0,6786,CeeDee Lamb,WR,19.6,0.0,12.49,12.49,11.84,12.94,0.34,1.0,12.49,,0.0,0
2026-10-09 01:03:51Z,TB,in,0.34,Q2 9:37,0.0,11584,Bucky Irving,RB,11.1,8.0,8.33,16.33,16.03,15.33,0.023,1.0,16.33,,0.0,0
2026-10-09 01:03:51Z,DAL,in,0.34,Q2 9:37,0.0,3294,Dak Prescott,QB,22.1,2.2,14.38,16.58,15.92,16.79,0.023,1.0,16.58,,0.0,0
2026-10-09 01:03:51Z,TB,in,0.34,Q2 9:37,0.0,8111,Cade Otton,TE,7.9,3.4,5.39,8.79,8.73,8.62,0.187,1.0,8.79,,0.0,0
2026-10-09 01:03:51Z,TB,in,0.34,Q2 9:37,0.0,4037,Chris Godwin,WR,8.0,4.1,5.53,9.63,9.61,9.38,0.108,1.0,9.63,,0.0,0
2026-10-09 01:03:51Z,DAL,in,0.34,Q2 9:37,0.0,8110,Jake Ferguson,TE,8.8,1.2,5.73,6.93,6.72,7.01,0.062,1.0,6.93,,0.0,0
2026-10-09 01:03:51Z,TB,in,0.34,Q2 9:37,0.0,6650,Chase McLaughlin,K,6.7,1.0,4.21,5.21,5.21,5.42,0.088,1.0,5.21,,0.0,0
2026-10-09 01:03:51Z,TB,in,0.34,Q2 9:37,0.0,9506,Sean Tucker,RB,2.4,0.0,1.4,1.4,1.45,1.58,0.34,1.0,1.4,,0.0,0
2026-10-09 01:03:51Z,TB,in,0.34,Q2 9:37,0.0,12514,Emeka Egbuka,WR,9.1,5.5,6.38,11.88,11.91,11.51,0.034,1.0,11.88,,0.0,0
2026-10-09 01:03:51Z,DAL,in,0.34,Q2 9:37,0.0,DAL,Dallas Cowboys D/ST,DST,7.3,4.0,0.56,4.56,9.07,8.82,0.088,1.0,4.56,,0.0,0
2026-10-09 01:03:51Z,DAL,in,0.34,Q2 9:37,0.0,8137,George Pickens,WR,14.8,4.9,9.94,14.84,14.65,14.67,0.289,1.0,14.84,,0.0,0
2026-10-09 01:03:51Z,TB,in,0.34,Q2 9:37,0.0,TB,Tampa Bay Buccaneers D/ST,DST,3.1,4.0,-0.33,3.67,6.53,6.05,0.271,1.0,3.67,,0.0,0
2026-10-09 01:03:51Z,DAL,in,0.34,Q2 9:37,0.0,8917,KaVontae Turpin,WR,2.0,1.7,1.45,3.15,3.19,3.02,0.077,1.0,3.15,,0.0,0
2026-10-09 01:03:51Z,TB,in,0.34,Q2 9:37,0.0,10227,Payne Durham,TE,1.1,0.0,0.7,0.7,0.66,0.73,0.34,1.0,0.7,,0.0,0
2026-10-09 01:03:51Z,DAL,in,0.34,Q2 9:37,0.0,11593,Brevyn Spann-Ford,TE,0.6,0.0,0.38,0.38,0.36,0.4,0.34,1.0,0.38,,0.0,0
2026-10-09 01:03:51Z,TB,in,0.34,Q2 9:37,0.0,13425,Jalon Daniels,QB,15.0,7.18,11.11,18.29,17.43,17.08,0.034,1.0,18.29,,0.0,0
2026-10-09 01:03:51Z,DAL,in,0.34,Q2 9:37,0.0,11199,Emari Demercado,RB,3.7,0.0,2.15,2.15,2.24,2.44,0.34,1.0,2.15,,0.0,0
2026-10-09 01:03:51Z,DAL,in,0.34,Q2 9:37,0.0,8162,Sam Howell,QB,0.9,0.0,0.56,0.56,0.54,0.59,0.34,0.3,0.17,,0.0,0
2026-10-09 01:03:51Z,DAL,in,0.34,Q2 9:37,0.0,11783,Ryan Flournoy,WR,8.3,0.0,5.29,5.29,5.01,5.48,0.34,1.0,5.29,,0.0,0
2026-10-09 01:03:51Z,DAL,in,0.34,Q2 9:37,0.0,10871,Luke Schoonmaker,TE,1.9,0.0,1.21,1.21,1.15,1.25,0.34,1.0,1.21,,0.0,0
2026-10-09 01:03:51Z,TB,in,0.34,Q2 9:37,0.0,13317,Ted Hurst,WR,4.5,0.0,2.87,2.87,2.72,2.97,0.34,1.0,2.87,,0.0,0
2026-10-09 01:03:51Z,TB,in,0.34,Q2 9:37,0.0,12485,Tez Johnson,WR,4.2,0.0,2.68,2.68,2.54,2.77,0.34,1.0,2.68,,0.0,0
2026-10-09 01:03:51Z,DAL,in,0.34,Q2 9:37,0.0,7588,Javonte Williams,RB,18.2,12.9,13.61,26.51,26.03,24.92,0.0,1.0,26.51,,0.0,0
2026-10-09 01:04:52Z,DAL,in,0.34,Q2 9:37,0.0,11533,Brandon Aubrey,K,9.8,1.0,6.09,7.09,7.09,7.47,0.271,1.0,7.09,,0.0,0
2026-10-09 01:04:52Z,DAL,in,0.34,Q2 9:37,0.0,6786,CeeDee Lamb,WR,19.6,0.0,12.49,12.49,11.84,12.94,0.34,1.0,12.49,,0.0,0
2026-10-09 01:04:52Z,TB,in,0.34,Q2 9:37,0.0,11584,Bucky Irving,RB,11.1,8.0,8.33,16.33,16.03,15.33,0.023,1.0,16.33,,0.0,0
2026-10-09 01:04:52Z,DAL,in,0.34,Q2 9:37,0.0,3294,Dak Prescott,QB,22.1,2.2,14.38,16.58,15.92,16.79,0.023,1.0,16.58,,0.0,0
2026-10-09 01:04:52Z,TB,in,0.34,Q2 9:37,0.0,8111,Cade Otton,TE,7.9,3.4,5.39,8.79,8.73,8.62,0.187,1.0,8.79,,0.0,0
2026-10-09 01:04:52Z,TB,in,0.34,Q2 9:37,0.0,4037,Chris Godwin,WR,8.0,4.1,5.53,9.63,9.61,9.38,0.108,1.0,9.63,,0.0,0
2026-10-09 01:04:52Z,DAL,in,0.34,Q2 9:37,0.0,8110,Jake Ferguson,TE,8.8,1.2,5.73,6.93,6.72,7.01,0.062,1.0,6.93,,0.0,0
2026-10-09 01:04:52Z,TB,in,0.34,Q2 9:37,0.0,6650,Chase McLaughlin,K,6.7,1.0,4.21,5.21,5.21,5.42,0.088,1.0,5.21,,0.0,0
2026-10-09 01:04:52Z,TB,in,0.34,Q2 9:37,0.0,9506,Sean Tucker,RB,2.4,0.0,1.4,1.4,1.45,1.58,0.34,1.0,1.4,,0.0,0
2026-10-09 01:04:52Z,TB,in,0.34,Q2 9:37,0.0,12514,Emeka Egbuka,WR,9.1,5.5,6.38,11.88,11.91,11.51,0.034,1.0,11.88,,0.0,0
2026-10-09 01:04:52Z,DAL,in,0.34,Q2 9:37,0.0,DAL,Dallas Cowboys D/ST,DST,7.3,4.0,0.56,4.56,9.07,8.82,0.088,1.0,4.56,,0.0,0
2026-10-09 01:04:52Z,DAL,in,0.34,Q2 9:37,0.0,8137,George Pickens,WR,14.8,4.9,9.94,14.84,14.65,14.67,0.289,1.0,14.84,,0.0,0
2026-10-09 01:04:52Z,TB,in,0.34,Q2 9:37,0.0,TB,Tampa Bay Buccaneers D/ST,DST,3.1,4.0,-0.33,3.67,6.53,6.05,0.271,1.0,3.67,,0.0,0
2026-10-09 01:04:52Z,DAL,in,0.34,Q2 9:37,0.0,8917,KaVontae Turpin,WR,2.0,1.7,1.45,3.15,3.19,3.02,0.077,1.0,3.15,,0.0,0
2026-10-09 01:04:52Z,TB,in,0.34,Q2 9:37,0.0,10227,Payne Durham,TE,1.1,0.0,0.7,0.7,0.66,0.73,0.34,1.0,0.7,,0.0,0
2026-10-09 01:04:52Z,DAL,in,0.34,Q2 9:37,0.0,11593,Brevyn Spann-Ford,TE,0.6,0.0,0.38,0.38,0.36,0.4,0.34,1.0,0.38,,0.0,0
2026-10-09 01:04:52Z,TB,in,0.34,Q2 9:37,0.0,13425,Jalon Daniels,QB,15.0,7.18,11.11,18.29,17.43,17.08,0.034,1.0,18.29,,0.0,0
2026-10-09 01:04:52Z,DAL,in,0.34,Q2 9:37,0.0,11199,Emari Demercado,RB,3.7,0.0,2.15,2.15,2.24,2.44,0.34,1.0,2.15,,0.0,0
2026-10-09 01:04:52Z,DAL,in,0.34,Q2 9:37,0.0,8162,Sam Howell,QB,0.9,0.0,0.56,0.56,0.54,0.59,0.34,0.3,0.17,,0.0,0
2026-10-09 01:04:52Z,DAL,in,0.34,Q2 9:37,0.0,11783,Ryan Flournoy,WR,8.3,0.0,5.29,5.29,5.01,5.48,0.34,1.0,5.29,,0.0,0
2026-10-09 01:04:52Z,DAL,in,0.34,Q2 9:37,0.0,10871,Luke Schoonmaker,TE,1.9,0.0,1.21,1.21,1.15,1.25,0.34,1.0,1.21,,0.0,0
2026-10-09 01:04:52Z,TB,in,0.34,Q2 9:37,0.0,13317,Ted Hurst,WR,4.5,0.0,2.87,2.87,2.72,2.97,0.34,1.0,2.87,,0.0,0
2026-10-09 01:04:52Z,TB,in,0.34,Q2 9:37,0.0,12485,Tez Johnson,WR,4.2,0.0,2.68,2.68,2.54,2.77,0.34,1.0,2.68,,0.0,0
2026-10-09 01:04:52Z,DAL,in,0.34,Q2 9:37,0.0,7588,Javonte Williams,RB,18.2,12.9,13.61,26.51,26.03,24.92,0.0,1.0,26.51,,0.0,0
2026-10-09 01:05:52Z,DAL,in,0.341,Q2 9:32,0.0,11533,Brandon Aubrey,K,9.8,1.0,6.07,7.07,7.07,7.46,0.272,1.0,7.07,,0.0,0
2026-10-09 01:05:52Z,DAL,in,0.341,Q2 9:32,0.0,6786,CeeDee Lamb,WR,19.6,0.0,12.46,12.46,11.81,12.91,0.341,1.0,12.46,,0.0,0
2026-10-09 01:05:52Z,TB,in,0.341,Q2 9:32,0.0,11584,Bucky Irving,RB,11.1,8.0,8.31,16.31,16.01,15.31,0.024,1.0,16.31,,0.0,0
2026-10-09 01:05:52Z,DAL,in,0.341,Q2 9:32,0.0,3294,Dak Prescott,QB,22.1,2.2,14.35,16.55,15.88,16.76,0.024,1.0,16.55,,0.0,0
2026-10-09 01:05:52Z,TB,in,0.341,Q2 9:32,0.0,8111,Cade Otton,TE,7.9,3.4,5.38,8.78,8.72,8.61,0.188,1.0,8.78,,0.0,0
2026-10-09 01:05:52Z,TB,in,0.341,Q2 9:32,0.0,4037,Chris Godwin,WR,8.0,4.1,5.52,9.62,9.6,9.37,0.11,1.0,9.62,,0.0,0
2026-10-09 01:05:52Z,DAL,in,0.341,Q2 9:32,0.0,8110,Jake Ferguson,TE,8.8,1.2,5.72,6.92,6.7,7.0,0.063,1.0,6.92,,0.0,0
2026-10-09 01:05:52Z,TB,in,0.341,Q2 9:32,0.0,6650,Chase McLaughlin,K,6.7,1.0,4.2,5.2,5.2,5.41,0.089,1.0,5.2,,0.0,0
2026-10-09 01:05:52Z,TB,in,0.341,Q2 9:32,0.0,9506,Sean Tucker,RB,2.4,0.0,1.39,1.39,1.45,1.58,0.341,1.0,1.39,,0.0,0
2026-10-09 01:05:52Z,TB,in,0.341,Q2 9:32,0.0,12514,Emeka Egbuka,WR,9.1,5.5,6.36,11.86,11.89,11.5,0.036,1.0,11.86,,0.0,0
2026-10-09 01:05:52Z,DAL,in,0.341,Q2 9:32,0.0,DAL,Dallas Cowboys D/ST,DST,7.3,4.0,0.56,4.56,9.06,8.81,0.089,1.0,4.56,,0.0,0
2026-10-09 01:05:52Z,DAL,in,0.341,Q2 9:32,0.0,8137,George Pickens,WR,14.8,4.9,9.92,14.82,14.63,14.65,0.29,1.0,14.82,,0.0,0
2026-10-09 01:05:52Z,TB,in,0.341,Q2 9:32,0.0,TB,Tampa Bay Buccaneers D/ST,DST,3.1,4.0,-0.33,3.67,6.53,6.04,0.272,1.0,3.67,,0.0,0
2026-10-09 01:05:52Z,DAL,in,0.341,Q2 9:32,0.0,8917,KaVontae Turpin,WR,2.0,1.7,1.45,3.15,3.19,3.02,0.079,1.0,3.15,,0.0,0
2026-10-09 01:05:52Z,TB,in,0.341,Q2 9:32,0.0,10227,Payne Durham,TE,1.1,0.0,0.7,0.7,0.66,0.72,0.341,1.0,0.7,,0.0,0
2026-10-09 01:05:52Z,DAL,in,0.341,Q2 9:32,0.0,11593,Brevyn Spann-Ford,TE,0.6,0.0,0.38,0.38,0.36,0.4,0.341,1.0,0.38,,0.0,0
2026-10-09 01:05:52Z,TB,in,0.341,Q2 9:32,0.0,13425,Jalon Daniels,QB,15.0,7.18,11.08,18.26,17.4,17.06,0.036,1.0,18.26,,0.0,0
2026-10-09 01:05:52Z,DAL,in,0.341,Q2 9:32,0.0,11199,Emari Demercado,RB,3.7,0.0,2.15,2.15,2.23,2.44,0.341,1.0,2.15,,0.0,0
2026-10-09 01:05:52Z,DAL,in,0.341,Q2 9:32,0.0,8162,Sam Howell,QB,0.9,0.0,0.56,0.56,0.54,0.59,0.341,0.3,0.17,,0.0,0
2026-10-09 01:05:52Z,DAL,in,0.341,Q2 9:32,0.0,11783,Ryan Flournoy,WR,8.3,0.0,5.28,5.28,5.0,5.47,0.341,1.0,5.28,,0.0,0
2026-10-09 01:05:52Z,DAL,in,0.341,Q2 9:32,0.0,10871,Luke Schoonmaker,TE,1.9,0.0,1.21,1.21,1.15,1.25,0.341,1.0,1.21,,0.0,0
2026-10-09 01:05:52Z,TB,in,0.341,Q2 9:32,0.0,13317,Ted Hurst,WR,4.5,0.0,2.86,2.86,2.71,2.96,0.341,1.0,2.86,,0.0,0
2026-10-09 01:05:52Z,TB,in,0.341,Q2 9:32,0.0,12485,Tez Johnson,WR,4.2,0.0,2.67,2.67,2.53,2.77,0.341,1.0,2.67,,0.0,0
2026-10-09 01:05:52Z,DAL,in,0.341,Q2 9:32,0.0,7588,Javonte Williams,RB,18.2,12.9,13.57,26.47,25.99,24.89,0.001,1.0,26.47,,0.0,0
2026-10-09 01:06:53Z,DAL,in,0.346,Q2 9:13,0.0,11533,Brandon Aubrey,K,9.8,1.0,6.01,7.01,7.01,7.41,0.277,1.0,7.01,,0.0,0
2026-10-09 01:06:53Z,DAL,in,0.346,Q2 9:13,0.0,6786,CeeDee Lamb,WR,19.6,0.0,12.37,12.37,11.7,12.81,0.346,1.0,12.37,,0.0,0
2026-10-09 01:06:53Z,TB,in,0.346,Q2 9:13,0.0,11584,Bucky Irving,RB,11.1,8.0,8.24,16.24,15.93,15.26,0.03,1.0,16.24,,0.0,0
2026-10-09 01:06:53Z,DAL,in,0.346,Q2 9:13,0.0,3294,Dak Prescott,QB,22.1,2.2,14.23,16.43,15.75,16.64,0.03,1.0,16.43,,0.0,0
2026-10-09 01:06:53Z,TB,in,0.346,Q2 9:13,0.0,8111,Cade Otton,TE,7.9,3.4,5.34,8.74,8.67,8.56,0.194,1.0,8.74,,0.0,0
2026-10-09 01:06:53Z,TB,in,0.346,Q2 9:13,0.0,4037,Chris Godwin,WR,8.0,4.1,5.48,9.58,9.55,9.33,0.115,1.0,9.58,,0.0,0
2026-10-09 01:06:53Z,DAL,in,0.346,Q2 9:13,0.0,8110,Jake Ferguson,TE,8.8,1.2,5.68,6.88,6.65,6.95,0.069,1.0,6.88,,0.0,0
2026-10-09 01:06:53Z,TB,in,0.346,Q2 9:13,0.0,6650,Chase McLaughlin,K,6.7,1.0,4.16,5.16,5.16,5.38,0.094,1.0,5.16,,0.0,0
2026-10-09 01:06:53Z,TB,in,0.346,Q2 9:13,0.0,9506,Sean Tucker,RB,2.4,0.0,1.38,1.38,1.43,1.57,0.346,1.0,1.38,,0.0,0
2026-10-09 01:06:53Z,TB,in,0.346,Q2 9:13,0.0,12514,Emeka Egbuka,WR,9.1,5.5,6.32,11.82,11.83,11.45,0.041,1.0,11.82,,0.0,0
2026-10-09 01:06:53Z,DAL,in,0.346,Q2 9:13,0.0,DAL,Dallas Cowboys D/ST,DST,7.3,4.0,0.57,4.57,9.01,8.77,0.094,1.0,4.57,,0.0,0
2026-10-09 01:06:53Z,DAL,in,0.346,Q2 9:13,0.0,8137,George Pickens,WR,14.8,4.9,9.85,14.75,14.54,14.57,0.295,1.0,14.75,,0.0,0
2026-10-09 01:06:53Z,TB,in,0.346,Q2 9:13,0.0,TB,Tampa Bay Buccaneers D/ST,DST,3.1,4.0,-0.33,3.67,6.5,6.03,0.277,1.0,3.67,,0.0,0
2026-10-09 01:06:53Z,DAL,in,0.346,Q2 9:13,0.0,8917,KaVontae Turpin,WR,2.0,1.7,1.44,3.14,3.17,3.01,0.084,1.0,3.14,,0.0,0
2026-10-09 01:06:53Z,TB,in,0.346,Q2 9:13,0.0,10227,Payne Durham,TE,1.1,0.0,0.69,0.69,0.66,0.72,0.346,1.0,0.69,,0.0,0
2026-10-09 01:06:53Z,DAL,in,0.346,Q2 9:13,0.0,11593,Brevyn Spann-Ford,TE,0.6,0.0,0.38,0.38,0.36,0.39,0.346,1.0,0.38,,0.0,0
2026-10-09 01:06:53Z,TB,in,0.346,Q2 9:13,0.0,13425,Jalon Daniels,QB,15.0,7.18,10.98,18.16,17.31,16.98,0.041,1.0,18.16,,0.0,0
2026-10-09 01:06:53Z,DAL,in,0.346,Q2 9:13,0.0,11199,Emari Demercado,RB,3.7,0.0,2.13,2.13,2.21,2.42,0.346,1.0,2.13,,0.0,0
2026-10-09 01:06:53Z,DAL,in,0.346,Q2 9:13,0.0,8162,Sam Howell,QB,0.9,0.0,0.56,0.56,0.54,0.59,0.346,0.3,0.17,,0.0,0
2026-10-09 01:06:53Z,DAL,in,0.346,Q2 9:13,0.0,11783,Ryan Flournoy,WR,8.3,0.0,5.24,5.24,4.96,5.42,0.346,1.0,5.24,,0.0,0
2026-10-09 01:06:53Z,DAL,in,0.346,Q2 9:13,0.0,10871,Luke Schoonmaker,TE,1.9,0.0,1.2,1.2,1.13,1.24,0.346,1.0,1.2,,0.0,0
2026-10-09 01:06:53Z,TB,in,0.346,Q2 9:13,0.0,13317,Ted Hurst,WR,4.5,0.0,2.84,2.84,2.69,2.94,0.346,1.0,2.84,,0.0,0
2026-10-09 01:06:53Z,TB,in,0.346,Q2 9:13,0.0,12485,Tez Johnson,WR,4.2,0.0,2.65,2.65,2.51,2.75,0.346,1.0,2.65,,0.0,0
2026-10-09 01:06:53Z,DAL,in,0.346,Q2 9:13,0.0,7588,Javonte Williams,RB,18.2,12.9,13.45,26.35,25.87,24.8,0.007,1.0,26.35,,0.0,0
2026-10-09 01:07:53Z,DAL,in,0.346,Q2 9:13,0.0,11533,Brandon Aubrey,K,9.8,1.0,6.01,7.01,7.01,7.41,0.277,1.0,7.01,,0.0,0
2026-10-09 01:07:53Z,DAL,in,0.346,Q2 9:13,0.0,6786,CeeDee Lamb,WR,19.6,0.0,12.37,12.37,11.7,12.81,0.346,1.0,12.37,,0.0,0
2026-10-09 01:07:53Z,TB,in,0.346,Q2 9:13,0.0,11584,Bucky Irving,RB,11.1,8.0,8.24,16.24,15.93,15.26,0.03,1.0,16.24,,0.0,0
2026-10-09 01:07:53Z,DAL,in,0.346,Q2 9:13,0.0,3294,Dak Prescott,QB,22.1,2.2,14.23,16.43,15.75,16.64,0.03,1.0,16.43,,0.0,0
2026-10-09 01:07:53Z,TB,in,0.346,Q2 9:13,0.0,8111,Cade Otton,TE,7.9,3.4,5.34,8.74,8.67,8.56,0.194,1.0,8.74,,0.0,0
2026-10-09 01:07:53Z,TB,in,0.346,Q2 9:13,0.0,4037,Chris Godwin,WR,8.0,4.1,5.48,9.58,9.55,9.33,0.115,1.0,9.58,,0.0,0
2026-10-09 01:07:53Z,DAL,in,0.346,Q2 9:13,0.0,8110,Jake Ferguson,TE,8.8,1.2,5.68,6.88,6.65,6.95,0.069,1.0,6.88,,0.0,0
2026-10-09 01:07:53Z,TB,in,0.346,Q2 9:13,0.0,6650,Chase McLaughlin,K,6.7,1.0,4.16,5.16,5.16,5.38,0.094,1.0,5.16,,0.0,0
2026-10-09 01:07:53Z,TB,in,0.346,Q2 9:13,0.0,9506,Sean Tucker,RB,2.4,0.0,1.38,1.38,1.43,1.57,0.346,1.0,1.38,,0.0,0
2026-10-09 01:07:53Z,TB,in,0.346,Q2 9:13,0.0,12514,Emeka Egbuka,WR,9.1,5.5,6.32,11.82,11.83,11.45,0.041,1.0,11.82,,0.0,0
2026-10-09 01:07:53Z,DAL,in,0.346,Q2 9:13,0.0,DAL,Dallas Cowboys D/ST,DST,7.3,4.0,0.57,4.57,9.01,8.77,0.094,1.0,4.57,,0.0,0
2026-10-09 01:07:53Z,DAL,in,0.346,Q2 9:13,0.0,8137,George Pickens,WR,14.8,4.9,9.85,14.75,14.54,14.57,0.295,1.0,14.75,,0.0,0
2026-10-09 01:07:53Z,TB,in,0.346,Q2 9:13,0.0,TB,Tampa Bay Buccaneers D/ST,DST,3.1,4.0,-0.33,3.67,6.5,6.03,0.277,1.0,3.67,,0.0,0
2026-10-09 01:07:53Z,DAL,in,0.346,Q2 9:13,0.0,8917,KaVontae Turpin,WR,2.0,1.7,1.44,3.14,3.17,3.01,0.084,1.0,3.14,,0.0,0
2026-10-09 01:07:53Z,TB,in,0.346,Q2 9:13,0.0,10227,Payne Durham,TE,1.1,0.0,0.69,0.69,0.66,0.72,0.346,1.0,0.69,,0.0,0
2026-10-09 01:07:53Z,DAL,in,0.346,Q2 9:13,0.0,11593,Brevyn Spann-Ford,TE,0.6,0.0,0.38,0.38,0.36,0.39,0.346,1.0,0.38,,0.0,0
2026-10-09 01:07:53Z,TB,in,0.346,Q2 9:13,0.0,13425,Jalon Daniels,QB,15.0,7.18,10.98,18.16,17.31,16.98,0.041,1.0,18.16,,0.0,0
2026-10-09 01:07:53Z,DAL,in,0.346,Q2 9:13,0.0,11199,Emari Demercado,RB,3.7,0.0,2.13,2.13,2.21,2.42,0.346,1.0,2.13,,0.0,0
2026-10-09 01:07:53Z,DAL,in,0.346,Q2 9:13,0.0,8162,Sam Howell,QB,0.9,0.0,0.56,0.56,0.54,0.59,0.346,0.3,0.17,,0.0,0
2026-10-09 01:07:53Z,DAL,in,0.346,Q2 9:13,0.0,11783,Ryan Flournoy,WR,8.3,0.0,5.24,5.24,4.96,5.42,0.346,1.0,5.24,,0.0,0
2026-10-09 01:07:53Z,DAL,in,0.346,Q2 9:13,0.0,10871,Luke Schoonmaker,TE,1.9,0.0,1.2,1.2,1.13,1.24,0.346,1.0,1.2,,0.0,0
2026-10-09 01:07:53Z,TB,in,0.346,Q2 9:13,0.0,13317,Ted Hurst,WR,4.5,0.0,2.84,2.84,2.69,2.94,0.346,1.0,2.84,,0.0,0
2026-10-09 01:07:53Z,TB,in,0.346,Q2 9:13,0.0,12485,Tez Johnson,WR,4.2,0.0,2.65,2.65,2.51,2.75,0.346,1.0,2.65,,0.0,0
2026-10-09 01:07:53Z,DAL,in,0.346,Q2 9:13,0.0,7588,Javonte Williams,RB,18.2,12.9,13.45,26.35,25.87,24.8,0.007,1.0,26.35,,0.0,0
2026-10-09 01:08:53Z,DAL,in,0.346,Q2 9:13,0.0,11533,Brandon Aubrey,K,9.8,1.0,6.01,7.01,7.01,7.41,0.277,1.0,7.01,,0.0,0
2026-10-09 01:08:53Z,DAL,in,0.346,Q2 9:13,0.0,6786,CeeDee Lamb,WR,19.6,0.0,12.37,12.37,11.7,12.81,0.346,1.0,12.37,,0.0,0
2026-10-09 01:08:53Z,TB,in,0.346,Q2 9:13,0.0,11584,Bucky Irving,RB,11.1,8.0,8.24,16.24,15.93,15.26,0.03,1.0,16.24,,0.0,0
2026-10-09 01:08:53Z,DAL,in,0.346,Q2 9:13,0.0,3294,Dak Prescott,QB,22.1,2.2,14.23,16.43,15.75,16.64,0.03,1.0,16.43,,0.0,0
2026-10-09 01:08:53Z,TB,in,0.346,Q2 9:13,0.0,8111,Cade Otton,TE,7.9,3.4,5.34,8.74,8.67,8.56,0.194,1.0,8.74,,0.0,0
2026-10-09 01:08:53Z,TB,in,0.346,Q2 9:13,0.0,4037,Chris Godwin,WR,8.0,4.1,5.48,9.58,9.55,9.33,0.115,1.0,9.58,,0.0,0
2026-10-09 01:08:53Z,DAL,in,0.346,Q2 9:13,0.0,8110,Jake Ferguson,TE,8.8,1.2,5.68,6.88,6.65,6.95,0.069,1.0,6.88,,0.0,0
2026-10-09 01:08:53Z,TB,in,0.346,Q2 9:13,0.0,6650,Chase McLaughlin,K,6.7,1.0,4.16,5.16,5.16,5.38,0.094,1.0,5.16,,0.0,0
2026-10-09 01:08:53Z,TB,in,0.346,Q2 9:13,0.0,9506,Sean Tucker,RB,2.4,0.0,1.38,1.38,1.43,1.57,0.346,1.0,1.38,,0.0,0
2026-10-09 01:08:53Z,TB,in,0.346,Q2 9:13,0.0,12514,Emeka Egbuka,WR,9.1,5.5,6.32,11.82,11.83,11.45,0.041,1.0,11.82,,0.0,0
2026-10-09 01:08:53Z,DAL,in,0.346,Q2 9:13,0.0,DAL,Dallas Cowboys D/ST,DST,7.3,4.0,0.57,4.57,9.01,8.77,0.094,1.0,4.57,,0.0,0
2026-10-09 01:08:53Z,DAL,in,0.346,Q2 9:13,0.0,8137,George Pickens,WR,14.8,4.9,9.85,14.75,14.54,14.57,0.295,1.0,14.75,,0.0,0
2026-10-09 01:08:53Z,TB,in,0.346,Q2 9:13,0.0,TB,Tampa Bay Buccaneers D/ST,DST,3.1,4.0,-0.33,3.67,6.5,6.03,0.277,1.0,3.67,,0.0,0
2026-10-09 01:08:53Z,DAL,in,0.346,Q2 9:13,0.0,8917,KaVontae Turpin,WR,2.0,1.7,1.44,3.14,3.17,3.01,0.084,1.0,3.14,,0.0,0
2026-10-09 01:08:53Z,TB,in,0.346,Q2 9:13,0.0,10227,Payne Durham,TE,1.1,0.0,0.69,0.69,0.66,0.72,0.346,1.0,0.69,,0.0,0
2026-10-09 01:08:53Z,DAL,in,0.346,Q2 9:13,0.0,11593,Brevyn Spann-Ford,TE,0.6,0.0,0.38,0.38,0.36,0.39,0.346,1.0,0.38,,0.0,0
2026-10-09 01:08:53Z,TB,in,0.346,Q2 9:13,0.0,13425,Jalon Daniels,QB,15.0,7.18,10.98,18.16,17.31,16.98,0.041,1.0,18.16,,0.0,0
2026-10-09 01:08:53Z,DAL,in,0.346,Q2 9:13,0.0,11199,Emari Demercado,RB,3.7,0.0,2.13,2.13,2.21,2.42,0.346,1.0,2.13,,0.0,0
2026-10-09 01:08:53Z,DAL,in,0.346,Q2 9:13,0.0,8162,Sam Howell,QB,0.9,0.0,0.56,0.56,0.54,0.59,0.346,0.3,0.17,,0.0,0
2026-10-09 01:08:53Z,DAL,in,0.346,Q2 9:13,0.0,11783,Ryan Flournoy,WR,8.3,0.0,5.24,5.24,4.96,5.42,0.346,1.0,5.24,,0.0,0
2026-10-09 01:08:53Z,DAL,in,0.346,Q2 9:13,0.0,10871,Luke Schoonmaker,TE,1.9,0.0,1.2,1.2,1.13,1.24,0.346,1.0,1.2,,0.0,0
2026-10-09 01:08:53Z,TB,in,0.346,Q2 9:13,0.0,13317,Ted Hurst,WR,4.5,0.0,2.84,2.84,2.69,2.94,0.346,1.0,2.84,,0.0,0
2026-10-09 01:08:53Z,TB,in,0.346,Q2 9:13,0.0,12485,Tez Johnson,WR,4.2,0.0,2.65,2.65,2.51,2.75,0.346,1.0,2.65,,0.0,0
2026-10-09 01:08:53Z,DAL,in,0.346,Q2 9:13,0.0,7588,Javonte Williams,RB,18.2,12.9,13.45,26.35,25.87,24.8,0.007,1.0,26.35,,0.0,0
2026-10-09 01:09:53Z,DAL,in,0.346,Q2 9:13,0.0,11533,Brandon Aubrey,K,9.8,1.0,6.01,7.01,7.01,7.41,0.277,1.0,7.01,,0.0,0
2026-10-09 01:09:53Z,DAL,in,0.346,Q2 9:13,0.0,6786,CeeDee Lamb,WR,19.6,0.0,12.37,12.37,11.7,12.81,0.346,1.0,12.37,,0.0,0
2026-10-09 01:09:53Z,TB,in,0.346,Q2 9:13,0.0,11584,Bucky Irving,RB,11.1,8.0,8.24,16.24,15.93,15.26,0.03,1.0,16.24,,0.0,0
2026-10-09 01:09:53Z,DAL,in,0.346,Q2 9:13,0.0,3294,Dak Prescott,QB,22.1,2.2,14.23,16.43,15.75,16.64,0.03,1.0,16.43,,0.0,0
2026-10-09 01:09:53Z,TB,in,0.346,Q2 9:13,0.0,8111,Cade Otton,TE,7.9,3.4,5.34,8.74,8.67,8.56,0.194,1.0,8.74,,0.0,0
2026-10-09 01:09:53Z,TB,in,0.346,Q2 9:13,0.0,4037,Chris Godwin,WR,8.0,4.1,5.48,9.58,9.55,9.33,0.115,1.0,9.58,,0.0,0
2026-10-09 01:09:53Z,DAL,in,0.346,Q2 9:13,0.0,8110,Jake Ferguson,TE,8.8,1.2,5.68,6.88,6.65,6.95,0.069,1.0,6.88,,0.0,0
2026-10-09 01:09:53Z,TB,in,0.346,Q2 9:13,0.0,6650,Chase McLaughlin,K,6.7,1.0,4.16,5.16,5.16,5.38,0.094,1.0,5.16,,0.0,0
2026-10-09 01:09:53Z,TB,in,0.346,Q2 9:13,0.0,9506,Sean Tucker,RB,2.4,0.0,1.38,1.38,1.43,1.57,0.346,1.0,1.38,,0.0,0
2026-10-09 01:09:53Z,TB,in,0.346,Q2 9:13,0.0,12514,Emeka Egbuka,WR,9.1,5.5,6.32,11.82,11.83,11.45,0.041,1.0,11.82,,0.0,0
2026-10-09 01:09:53Z,DAL,in,0.346,Q2 9:13,0.0,DAL,Dallas Cowboys D/ST,DST,7.3,4.0,0.57,4.57,9.01,8.77,0.094,1.0,4.57,,0.0,0
2026-10-09 01:09:53Z,DAL,in,0.346,Q2 9:13,0.0,8137,George Pickens,WR,14.8,4.9,9.85,14.75,14.54,14.57,0.295,1.0,14.75,,0.0,0
2026-10-09 01:09:53Z,TB,in,0.346,Q2 9:13,0.0,TB,Tampa Bay Buccaneers D/ST,DST,3.1,4.0,-0.33,3.67,6.5,6.03,0.277,1.0,3.67,,0.0,0
2026-10-09 01:09:53Z,DAL,in,0.346,Q2 9:13,0.0,8917,KaVontae Turpin,WR,2.0,1.7,1.44,3.14,3.17,3.01,0.084,1.0,3.14,,0.0,0
2026-10-09 01:09:53Z,TB,in,0.346,Q2 9:13,0.0,10227,Payne Durham,TE,1.1,0.0,0.69,0.69,0.66,0.72,0.346,1.0,0.69,,0.0,0
2026-10-09 01:09:53Z,DAL,in,0.346,Q2 9:13,0.0,11593,Brevyn Spann-Ford,TE,0.6,0.0,0.38,0.38,0.36,0.39,0.346,1.0,0.38,,0.0,0
2026-10-09 01:09:53Z,TB,in,0.346,Q2 9:13,0.0,13425,Jalon Daniels,QB,15.0,7.18,10.98,18.16,17.31,16.98,0.041,1.0,18.16,,0.0,0
2026-10-09 01:09:53Z,DAL,in,0.346,Q2 9:13,0.0,11199,Emari Demercado,RB,3.7,0.0,2.13,2.13,2.21,2.42,0.346,1.0,2.13,,0.0,0
2026-10-09 01:09:53Z,DAL,in,0.346,Q2 9:13,0.0,8162,Sam Howell,QB,0.9,0.0,0.56,0.56,0.54,0.59,0.346,0.3,0.17,,0.0,0
2026-10-09 01:09:53Z,DAL,in,0.346,Q2 9:13,0.0,11783,Ryan Flournoy,WR,8.3,0.0,5.24,5.24,4.96,5.42,0.346,1.0,5.24,,0.0,0
2026-10-09 01:09:53Z,DAL,in,0.346,Q2 9:13,0.0,10871,Luke Schoonmaker,TE,1.9,0.0,1.2,1.2,1.13,1.24,0.346,1.0,1.2,,0.0,0
2026-10-09 01:09:53Z,TB,in,0.346,Q2 9:13,0.0,13317,Ted Hurst,WR,4.5,0.0,2.84,2.84,2.69,2.94,0.346,1.0,2.84,,0.0,0
2026-10-09 01:09:53Z,TB,in,0.346,Q2 9:13,0.0,12485,Tez Johnson,WR,4.2,0.0,2.65,2.65,2.51,2.75,0.346,1.0,2.65,,0.0,0
2026-10-09 01:09:53Z,DAL,in,0.346,Q2 9:13,0.0,7588,Javonte Williams,RB,18.2,12.9,13.45,26.35,25.87,24.8,0.007,1.0,26.35,,0.0,0
2026-10-09 01:10:54Z,DAL,in,0.354,Q2 8:47,0.0,11533,Brandon Aubrey,K,9.8,1.0,5.94,6.94,6.94,7.33,0.284,1.0,6.94,,0.0,0
2026-10-09 01:10:54Z,DAL,in,0.354,Q2 8:47,0.0,6786,CeeDee Lamb,WR,19.6,0.0,12.23,12.23,11.55,12.67,0.354,1.0,12.23,,0.0,0
2026-10-09 01:10:54Z,TB,in,0.354,Q2 8:47,0.0,11584,Bucky Irving,RB,11.1,8.3,8.2,16.5,16.18,15.47,0.0,1.0,16.5,,0.0,0
2026-10-09 01:10:54Z,DAL,in,0.354,Q2 8:47,0.0,3294,Dak Prescott,QB,22.1,2.2,14.07,16.27,15.58,16.49,0.037,1.0,16.27,,0.0,0
2026-10-09 01:10:54Z,TB,in,0.354,Q2 8:47,0.0,8111,Cade Otton,TE,7.9,3.4,5.28,8.68,8.6,8.51,0.201,1.0,8.68,,0.0,0
2026-10-09 01:10:54Z,TB,in,0.354,Q2 8:47,0.0,4037,Chris Godwin,WR,8.0,4.1,5.42,9.52,9.48,9.27,0.122,1.0,9.52,,0.0,0
2026-10-09 01:10:54Z,DAL,in,0.354,Q2 8:47,0.0,8110,Jake Ferguson,TE,8.8,1.2,5.62,6.82,6.58,6.89,0.076,1.0,6.82,,0.0,0
2026-10-09 01:10:54Z,TB,in,0.354,Q2 8:47,0.0,6650,Chase McLaughlin,K,6.7,1.0,4.11,5.11,5.11,5.33,0.102,1.0,5.11,,0.0,0
2026-10-09 01:10:54Z,TB,in,0.354,Q2 8:47,0.0,9506,Sean Tucker,RB,2.4,0.0,1.36,1.36,1.41,1.55,0.354,1.0,1.36,,0.0,0
2026-10-09 01:10:54Z,TB,in,0.354,Q2 8:47,0.0,12514,Emeka Egbuka,WR,9.1,5.5,6.25,11.75,11.75,11.38,0.048,1.0,11.75,,0.0,0
2026-10-09 01:10:54Z,DAL,in,0.354,Q2 8:47,0.0,DAL,Dallas Cowboys D/ST,DST,7.3,4.0,0.58,4.58,8.95,8.72,0.102,1.0,4.58,,0.0,0
2026-10-09 01:10:54Z,DAL,in,0.354,Q2 8:47,0.0,8137,George Pickens,WR,14.8,4.9,9.75,14.65,14.41,14.47,0.302,1.0,14.65,,0.0,0
2026-10-09 01:10:54Z,TB,in,0.354,Q2 8:47,0.0,TB,Tampa Bay Buccaneers D/ST,DST,3.1,4.0,-0.32,3.68,6.47,6.0,0.284,1.0,3.68,,0.0,0
2026-10-09 01:10:54Z,DAL,in,0.354,Q2 8:47,0.0,8917,KaVontae Turpin,WR,2.0,1.7,1.42,3.12,3.15,2.99,0.091,1.0,3.12,,0.0,0
2026-10-09 01:10:54Z,TB,in,0.354,Q2 8:47,0.0,10227,Payne Durham,TE,1.1,0.0,0.69,0.69,0.65,0.71,0.354,1.0,0.69,,0.0,0
2026-10-09 01:10:54Z,DAL,in,0.354,Q2 8:47,0.0,11593,Brevyn Spann-Ford,TE,0.6,0.0,0.37,0.37,0.35,0.39,0.354,1.0,0.37,,0.0,0
2026-10-09 01:10:54Z,TB,in,0.354,Q2 8:47,0.0,13425,Jalon Daniels,QB,15.0,7.18,10.84,18.02,17.18,16.88,0.048,1.0,18.02,,0.0,0
2026-10-09 01:10:54Z,DAL,in,0.354,Q2 8:47,0.0,11199,Emari Demercado,RB,3.7,0.0,2.1,2.1,2.18,2.39,0.354,1.0,2.1,,0.0,0
2026-10-09 01:10:54Z,DAL,in,0.354,Q2 8:47,0.0,8162,Sam Howell,QB,0.9,0.0,0.55,0.55,0.53,0.58,0.354,0.3,0.17,,0.0,0
2026-10-09 01:10:54Z,DAL,in,0.354,Q2 8:47,0.0,11783,Ryan Flournoy,WR,8.3,0.0,5.18,5.18,4.89,5.37,0.354,1.0,5.18,,0.0,0
2026-10-09 01:10:54Z,DAL,in,0.354,Q2 8:47,0.0,10871,Luke Schoonmaker,TE,1.9,0.0,1.19,1.19,1.12,1.23,0.354,1.0,1.19,,0.0,0
2026-10-09 01:10:54Z,TB,in,0.354,Q2 8:47,0.0,13317,Ted Hurst,WR,4.5,0.0,2.81,2.81,2.65,2.91,0.354,1.0,2.81,,0.0,0
2026-10-09 01:10:54Z,TB,in,0.354,Q2 8:47,0.0,12485,Tez Johnson,WR,4.2,0.0,2.62,2.62,2.47,2.71,0.354,1.0,2.62,,0.0,0
2026-10-09 01:10:54Z,DAL,in,0.354,Q2 8:47,0.0,7588,Javonte Williams,RB,18.2,12.9,13.29,26.19,25.71,24.66,0.014,1.0,26.19,,0.0,0
2026-10-09 01:11:54Z,DAL,in,0.361,Q2 8:19,0.0,11533,Brandon Aubrey,K,9.8,1.0,5.85,6.85,6.85,7.26,0.292,1.0,6.85,,0.0,0
2026-10-09 01:11:54Z,DAL,in,0.361,Q2 8:19,0.0,6786,CeeDee Lamb,WR,19.6,0.0,12.09,12.09,11.39,12.52,0.361,1.0,12.09,,0.0,0
2026-10-09 01:11:54Z,TB,in,0.361,Q2 8:19,0.0,11584,Bucky Irving,RB,11.1,8.7,8.19,16.89,16.54,15.79,0.0,1.0,16.89,,0.0,0
2026-10-09 01:11:54Z,DAL,in,0.361,Q2 8:19,0.0,3294,Dak Prescott,QB,22.1,2.2,13.89,16.09,15.39,16.31,0.045,1.0,16.09,,0.0,0
2026-10-09 01:11:54Z,TB,in,0.361,Q2 8:19,0.0,8111,Cade Otton,TE,7.9,3.4,5.22,8.62,8.53,8.45,0.209,1.0,8.62,,0.0,0
2026-10-09 01:11:54Z,TB,in,0.361,Q2 8:19,0.0,4037,Chris Godwin,WR,8.0,4.1,5.36,9.46,9.4,9.21,0.13,1.0,9.46,,0.0,0
2026-10-09 01:11:54Z,DAL,in,0.361,Q2 8:19,0.0,8110,Jake Ferguson,TE,8.8,1.2,5.55,6.75,6.5,6.82,0.084,1.0,6.75,,0.0,0
2026-10-09 01:11:54Z,TB,in,0.361,Q2 8:19,0.0,6650,Chase McLaughlin,K,6.7,1.0,4.05,5.05,5.05,5.28,0.109,1.0,5.05,,0.0,0
2026-10-09 01:11:54Z,TB,in,0.361,Q2 8:19,0.0,9506,Sean Tucker,RB,2.4,0.0,1.35,1.35,1.39,1.53,0.361,1.0,1.35,,0.0,0
2026-10-09 01:11:54Z,TB,in,0.361,Q2 8:19,0.0,12514,Emeka Egbuka,WR,9.1,5.5,6.18,11.68,11.66,11.31,0.056,1.0,11.68,,0.0,0
2026-10-09 01:11:54Z,DAL,in,0.361,Q2 8:19,0.0,DAL,Dallas Cowboys D/ST,DST,7.3,4.0,0.58,4.58,8.88,8.66,0.109,1.0,4.58,,0.0,0
2026-10-09 01:11:54Z,DAL,in,0.361,Q2 8:19,0.0,8137,George Pickens,WR,14.8,4.9,9.64,14.54,14.28,14.35,0.31,1.0,14.54,,0.0,0
2026-10-09 01:11:54Z,TB,in,0.361,Q2 8:19,0.0,TB,Tampa Bay Buccaneers D/ST,DST,3.1,4.0,-0.32,3.68,6.44,5.98,0.292,1.0,3.68,,0.0,0
2026-10-09 01:11:54Z,DAL,in,0.361,Q2 8:19,0.0,8917,KaVontae Turpin,WR,2.0,1.7,1.41,3.11,3.13,2.98,0.099,1.0,3.11,,0.0,0
2026-10-09 01:11:54Z,TB,in,0.361,Q2 8:19,0.0,10227,Payne Durham,TE,1.1,1.5,0.83,2.33,2.38,2.2,0.0,1.0,2.33,,0.0,0
2026-10-09 01:11:54Z,DAL,in,0.361,Q2 8:19,0.0,11593,Brevyn Spann-Ford,TE,0.6,0.0,0.37,0.37,0.35,0.38,0.361,1.0,0.37,,0.0,0
2026-10-09 01:11:54Z,TB,in,0.361,Q2 8:19,0.0,13425,Jalon Daniels,QB,15.0,7.38,10.74,18.12,17.27,16.96,0.0,1.0,18.12,,0.0,0
2026-10-09 01:11:54Z,DAL,in,0.361,Q2 8:19,0.0,11199,Emari Demercado,RB,3.7,0.0,2.08,2.08,2.15,2.36,0.361,1.0,2.08,,0.0,0
2026-10-09 01:11:54Z,DAL,in,0.361,Q2 8:19,0.0,8162,Sam Howell,QB,0.9,0.0,0.55,0.55,0.52,0.57,0.361,0.3,0.16,,0.0,0
2026-10-09 01:11:54Z,DAL,in,0.361,Q2 8:19,0.0,11783,Ryan Flournoy,WR,8.3,0.0,5.12,5.12,4.82,5.3,0.361,1.0,5.12,,0.0,0
2026-10-09 01:11:54Z,DAL,in,0.361,Q2 8:19,0.0,10871,Luke Schoonmaker,TE,1.9,0.0,1.17,1.17,1.1,1.21,0.361,1.0,1.17,,0.0,0
2026-10-09 01:11:54Z,TB,in,0.361,Q2 8:19,0.0,13317,Ted Hurst,WR,4.5,0.0,2.78,2.78,2.61,2.87,0.361,1.0,2.78,,0.0,0
2026-10-09 01:11:54Z,TB,in,0.361,Q2 8:19,0.0,12485,Tez Johnson,WR,4.2,0.0,2.59,2.59,2.44,2.68,0.361,1.0,2.59,,0.0,0
2026-10-09 01:11:54Z,DAL,in,0.361,Q2 8:19,0.0,7588,Javonte Williams,RB,18.2,12.9,13.12,26.02,25.53,24.52,0.022,1.0,26.02,,0.0,0
2026-10-09 01:12:54Z,DAL,in,0.385,Q2 6:55,0.0,11533,Brandon Aubrey,K,9.8,1.0,5.6,6.6,6.6,7.03,0.316,1.0,6.6,,0.0,0
2026-10-09 01:12:54Z,DAL,in,0.385,Q2 6:55,0.0,6786,CeeDee Lamb,WR,19.6,0.0,11.66,11.66,10.9,12.06,0.385,1.0,11.66,,0.0,0
2026-10-09 01:12:54Z,TB,in,0.385,Q2 6:55,0.0,11584,Bucky Irving,RB,11.1,8.6,7.84,16.44,16.1,15.43,0.0,1.0,16.44,,0.0,0
2026-10-09 01:12:54Z,DAL,in,0.385,Q2 6:55,0.0,3294,Dak Prescott,QB,22.1,2.2,13.37,15.57,14.83,15.8,0.068,1.0,15.57,,0.0,0
2026-10-09 01:12:54Z,TB,in,0.385,Q2 6:55,0.0,8111,Cade Otton,TE,7.9,3.4,5.04,8.44,8.32,8.26,0.232,1.0,8.44,,0.0,0
2026-10-09 01:12:54Z,TB,in,0.385,Q2 6:55,0.0,4037,Chris Godwin,WR,8.0,4.1,5.17,9.27,9.18,9.02,0.153,1.0,9.27,,0.0,0
2026-10-09 01:12:54Z,DAL,in,0.385,Q2 6:55,0.0,8110,Jake Ferguson,TE,8.8,1.2,5.36,6.56,6.28,6.61,0.107,1.0,6.56,,0.0,0
2026-10-09 01:12:54Z,TB,in,0.385,Q2 6:55,0.0,6650,Chase McLaughlin,K,6.7,1.0,3.88,4.88,4.88,5.12,0.133,1.0,4.88,,0.0,0
2026-10-09 01:12:54Z,TB,in,0.385,Q2 6:55,0.0,9506,Sean Tucker,RB,2.4,0.5,1.4,1.9,1.91,1.98,0.0,1.0,1.9,,0.0,0
2026-10-09 01:12:54Z,TB,in,0.385,Q2 6:55,0.0,12514,Emeka Egbuka,WR,9.1,5.5,5.97,11.47,11.41,11.1,0.079,1.0,11.47,,0.0,0
2026-10-09 01:12:54Z,DAL,in,0.385,Q2 6:55,0.0,DAL,Dallas Cowboys D/ST,DST,7.3,4.0,0.6,4.6,8.67,8.49,0.133,1.0,4.6,,0.0,0
2026-10-09 01:12:54Z,DAL,in,0.385,Q2 6:55,0.0,8137,George Pickens,WR,14.8,4.9,9.3,14.2,13.88,14.01,0.334,1.0,14.2,,0.0,0
2026-10-09 01:12:54Z,TB,in,0.385,Q2 6:55,0.0,TB,Tampa Bay Buccaneers D/ST,DST,3.1,4.0,-0.3,3.7,6.34,5.91,0.316,1.0,3.7,,0.0,0
2026-10-09 01:12:54Z,DAL,in,0.385,Q2 6:55,0.0,8917,KaVontae Turpin,WR,2.0,1.7,1.36,3.06,3.07,2.93,0.122,1.0,3.06,,0.0,0
2026-10-09 01:12:54Z,TB,in,0.385,Q2 6:55,0.0,10227,Payne Durham,TE,1.1,1.5,0.81,2.31,2.34,2.18,0.023,1.0,2.31,,0.0,0
2026-10-09 01:12:54Z,DAL,in,0.385,Q2 6:55,0.0,11593,Brevyn Spann-Ford,TE,0.6,0.0,0.36,0.36,0.33,0.37,0.385,1.0,0.36,,0.0,0
2026-10-09 01:12:54Z,TB,in,0.385,Q2 6:55,0.0,13425,Jalon Daniels,QB,15.0,7.38,10.3,17.68,16.86,16.61,0.023,1.0,17.68,,0.0,0
2026-10-09 01:12:54Z,DAL,in,0.385,Q2 6:55,0.0,11199,Emari Demercado,RB,3.7,0.0,1.99,1.99,2.06,2.28,0.385,1.0,1.99,,0.0,0
2026-10-09 01:12:54Z,DAL,in,0.385,Q2 6:55,0.0,8162,Sam Howell,QB,0.9,0.0,0.53,0.53,0.5,0.55,0.385,0.3,0.16,,0.0,0
2026-10-09 01:12:54Z,DAL,in,0.385,Q2 6:55,0.0,11783,Ryan Flournoy,WR,8.3,0.0,4.94,4.94,4.62,5.11,0.385,1.0,4.94,,0.0,0
2026-10-09 01:12:54Z,DAL,in,0.385,Q2 6:55,0.0,10871,Luke Schoonmaker,TE,1.9,0.0,1.13,1.13,1.06,1.17,0.385,1.0,1.13,,0.0,0
2026-10-09 01:12:54Z,TB,in,0.385,Q2 6:55,0.0,13317,Ted Hurst,WR,4.5,0.0,2.68,2.68,2.5,2.77,0.385,1.0,2.68,,0.0,0
2026-10-09 01:12:54Z,TB,in,0.385,Q2 6:55,0.0,12485,Tez Johnson,WR,4.2,0.0,2.5,2.5,2.34,2.58,0.385,1.0,2.5,,0.0,0
2026-10-09 01:12:54Z,DAL,in,0.385,Q2 6:55,0.0,7588,Javonte Williams,RB,18.2,12.9,12.59,25.49,25.01,24.1,0.045,1.0,25.49,,0.0,0
2026-10-09 01:13:55Z,DAL,in,0.397,Q2 6:10,0.0,11533,Brandon Aubrey,K,9.8,1.0,5.47,6.47,6.47,6.91,0.328,1.0,6.47,,0.0,0
2026-10-09 01:13:55Z,DAL,in,0.397,Q2 6:10,0.0,6786,CeeDee Lamb,WR,19.6,0.0,11.43,11.43,10.64,11.81,0.397,1.0,11.43,,0.0,0
2026-10-09 01:13:55Z,TB,in,0.397,Q2 6:10,0.0,11584,Bucky Irving,RB,11.1,9.9,7.94,17.84,17.42,16.59,0.0,1.0,17.84,,0.0,0
2026-10-09 01:13:55Z,DAL,in,0.397,Q2 6:10,0.0,3294,Dak Prescott,QB,22.1,2.2,13.09,15.29,14.53,15.52,0.081,1.0,15.29,,0.0,0
2026-10-09 01:13:55Z,TB,in,0.397,Q2 6:10,0.0,8111,Cade Otton,TE,7.9,3.4,4.95,8.35,8.2,8.16,0.244,1.0,8.35,,0.0,0
2026-10-09 01:13:55Z,TB,in,0.397,Q2 6:10,0.0,4037,Chris Godwin,WR,8.0,4.1,5.07,9.17,9.06,8.92,0.166,1.0,9.17,,0.0,0
2026-10-09 01:13:55Z,DAL,in,0.397,Q2 6:10,0.0,8110,Jake Ferguson,TE,8.8,1.2,5.25,6.45,6.16,6.5,0.119,1.0,6.45,,0.0,0
2026-10-09 01:13:55Z,TB,in,0.397,Q2 6:10,0.0,6650,Chase McLaughlin,K,6.7,1.0,3.79,4.79,4.79,5.04,0.145,1.0,4.79,,0.0,0
2026-10-09 01:13:55Z,TB,in,0.397,Q2 6:10,0.0,9506,Sean Tucker,RB,2.4,0.5,1.37,1.87,1.88,1.95,0.012,1.0,1.87,,0.0,0
2026-10-09 01:13:55Z,TB,in,0.397,Q2 6:10,0.0,12514,Emeka Egbuka,WR,9.1,5.5,5.86,11.36,11.27,10.99,0.092,1.0,11.36,,0.0,0
2026-10-09 01:13:55Z,DAL,in,0.397,Q2 6:10,0.0,DAL,Dallas Cowboys D/ST,DST,7.3,4.0,0.6,4.6,8.57,8.4,0.145,1.0,4.6,,0.0,0
2026-10-09 01:13:55Z,DAL,in,0.397,Q2 6:10,0.0,8137,George Pickens,WR,14.8,4.9,9.12,14.02,13.67,13.82,0.346,1.0,14.02,,0.0,0
2026-10-09 01:13:55Z,TB,in,0.397,Q2 6:10,0.0,TB,Tampa Bay Buccaneers D/ST,DST,3.1,4.0,-0.3,3.7,6.29,5.87,0.328,1.0,3.7,,0.0,0
2026-10-09 01:13:55Z,DAL,in,0.397,Q2 6:10,0.0,8917,KaVontae Turpin,WR,2.0,1.7,1.34,3.04,3.04,2.91,0.135,1.0,3.04,,0.0,0
2026-10-09 01:13:55Z,TB,in,0.397,Q2 6:10,0.0,10227,Payne Durham,TE,1.1,1.5,0.79,2.29,2.32,2.16,0.036,1.0,2.29,,0.0,0
2026-10-09 01:13:55Z,DAL,in,0.397,Q2 6:10,0.0,11593,Brevyn Spann-Ford,TE,0.6,0.0,0.35,0.35,0.33,0.36,0.397,1.0,0.35,,0.0,0
2026-10-09 01:13:55Z,TB,in,0.397,Q2 6:10,0.0,13425,Jalon Daniels,QB,15.0,7.38,10.07,17.45,16.64,16.42,0.036,1.0,17.45,,0.0,0
2026-10-09 01:13:55Z,DAL,in,0.397,Q2 6:10,0.0,11199,Emari Demercado,RB,3.7,0.0,1.95,1.95,2.01,2.23,0.397,1.0,1.95,,0.0,0
2026-10-09 01:13:55Z,DAL,in,0.397,Q2 6:10,0.0,8162,Sam Howell,QB,0.9,0.0,0.51,0.51,0.49,0.54,0.397,0.3,0.15,,0.0,0
2026-10-09 01:13:55Z,DAL,in,0.397,Q2 6:10,0.0,11783,Ryan Flournoy,WR,8.3,0.0,4.84,4.84,4.51,5.0,0.397,1.0,4.84,,0.0,0
2026-10-09 01:13:55Z,DAL,in,0.397,Q2 6:10,0.0,10871,Luke Schoonmaker,TE,1.9,0.0,1.11,1.11,1.03,1.15,0.397,1.0,1.11,,0.0,0
2026-10-09 01:13:55Z,TB,in,0.397,Q2 6:10,0.0,13317,Ted Hurst,WR,4.5,0.0,2.62,2.62,2.44,2.71,0.397,1.0,2.62,,0.0,0
2026-10-09 01:13:55Z,TB,in,0.397,Q2 6:10,0.0,12485,Tez Johnson,WR,4.2,0.0,2.45,2.45,2.28,2.53,0.397,1.0,2.45,,0.0,0
2026-10-09 01:13:55Z,DAL,in,0.397,Q2 6:10,0.0,7588,Javonte Williams,RB,18.2,12.9,12.31,25.21,24.73,23.87,0.057,1.0,25.21,,0.0,0
2026-10-09 01:14:55Z,DAL,in,0.415,Q2 5:07,0.0,11533,Brandon Aubrey,K,9.8,1.0,5.29,6.29,6.29,6.74,0.346,1.0,6.29,,0.0,0
2026-10-09 01:14:55Z,DAL,in,0.415,Q2 5:07,0.0,6786,CeeDee Lamb,WR,19.6,0.0,10.92,10.92,10.28,11.47,0.415,1.0,10.92,,0.0,0
2026-10-09 01:14:55Z,TB,in,0.415,Q2 5:07,0.0,11584,Bucky Irving,RB,11.1,9.9,7.62,17.52,17.17,16.4,0.018,1.0,17.52,,0.0,0
2026-10-09 01:14:55Z,DAL,in,0.415,Q2 5:07,0.0,3294,Dak Prescott,QB,22.1,2.2,12.48,14.68,14.12,15.13,0.098,1.0,14.68,,0.0,0
2026-10-09 01:14:55Z,TB,in,0.415,Q2 5:07,0.0,8111,Cade Otton,TE,7.9,3.4,4.73,8.13,8.04,8.02,0.262,1.0,8.13,,0.0,0
2026-10-09 01:14:55Z,TB,in,0.415,Q2 5:07,0.0,4037,Chris Godwin,WR,8.0,4.1,4.85,8.95,8.9,8.78,0.183,1.0,8.95,,0.0,0
2026-10-09 01:14:55Z,DAL,in,0.415,Q2 5:07,0.0,8110,Jake Ferguson,TE,8.8,1.2,5.02,6.22,5.99,6.35,0.137,1.0,6.22,,0.0,0
2026-10-09 01:14:55Z,TB,in,0.415,Q2 5:07,0.0,6650,Chase McLaughlin,K,6.7,1.0,3.66,4.66,4.66,4.92,0.163,1.0,4.66,,0.0,0
2026-10-09 01:14:55Z,TB,in,0.415,Q2 5:07,0.0,9506,Sean Tucker,RB,2.4,0.5,1.31,1.81,1.83,1.9,0.03,1.0,1.81,,0.0,0
2026-10-09 01:14:55Z,TB,in,0.415,Q2 5:07,0.0,12514,Emeka Egbuka,WR,9.1,5.5,5.6,11.1,11.08,10.83,0.109,1.0,11.1,,0.0,0
2026-10-09 01:14:55Z,DAL,in,0.415,Q2 5:07,0.0,DAL,Dallas Cowboys D/ST,DST,7.3,4.0,0.61,4.61,8.41,8.27,0.163,1.0,4.61,,0.0,0
2026-10-09 01:14:55Z,DAL,in,0.415,Q2 5:07,0.0,8137,George Pickens,WR,14.8,4.9,8.72,13.62,13.38,13.56,0.364,1.0,13.62,,0.0,0
2026-10-09 01:14:55Z,TB,in,0.415,Q2 5:07,0.0,TB,Tampa Bay Buccaneers D/ST,DST,3.1,4.0,-0.26,3.74,6.21,5.81,0.346,1.0,3.74,,0.0,0
2026-10-09 01:14:55Z,DAL,in,0.415,Q2 5:07,0.0,8917,KaVontae Turpin,WR,2.0,1.7,1.28,2.98,3.0,2.87,0.152,1.0,2.98,,0.0,0
2026-10-09 01:14:55Z,TB,in,0.415,Q2 5:07,0.0,10227,Payne Durham,TE,1.1,1.5,0.76,2.26,2.3,2.14,0.053,1.0,2.26,,0.0,0
2026-10-09 01:14:55Z,DAL,in,0.415,Q2 5:07,0.0,11593,Brevyn Spann-Ford,TE,0.6,0.0,0.33,0.33,0.31,0.35,0.415,1.0,0.33,,0.0,0
2026-10-09 01:14:55Z,TB,in,0.415,Q2 5:07,0.0,13425,Jalon Daniels,QB,15.0,7.38,9.6,16.98,16.33,16.16,0.053,1.0,16.98,,0.0,0
2026-10-09 01:14:55Z,DAL,in,0.415,Q2 5:07,0.0,11199,Emari Demercado,RB,3.7,0.0,1.87,1.87,1.94,2.17,0.415,1.0,1.87,,0.0,0
2026-10-09 01:14:55Z,DAL,in,0.415,Q2 5:07,0.0,8162,Sam Howell,QB,0.9,0.0,0.49,0.49,0.47,0.53,0.415,0.3,0.15,,0.0,0
2026-10-09 01:14:55Z,DAL,in,0.415,Q2 5:07,0.0,11783,Ryan Flournoy,WR,8.3,0.0,4.62,4.62,4.35,4.86,0.415,1.0,4.62,,0.0,0
2026-10-09 01:14:55Z,DAL,in,0.415,Q2 5:07,0.0,10871,Luke Schoonmaker,TE,1.9,0.0,1.06,1.06,1.0,1.11,0.415,1.0,1.06,,0.0,0
2026-10-09 01:14:55Z,TB,in,0.415,Q2 5:07,0.0,13317,Ted Hurst,WR,4.5,0.0,2.51,2.51,2.36,2.63,0.415,1.0,2.51,,0.0,0
2026-10-09 01:14:55Z,TB,in,0.415,Q2 5:07,0.0,12485,Tez Johnson,WR,4.2,0.0,2.34,2.34,2.2,2.46,0.415,1.0,2.34,,0.0,0
2026-10-09 01:14:55Z,DAL,in,0.415,Q2 5:07,0.0,7588,Javonte Williams,RB,18.2,12.9,11.81,24.71,24.34,23.55,0.075,1.0,24.71,,0.0,0
2026-10-09 01:15:55Z,DAL,in,0.421,Q2 4:43,0.0,11533,Brandon Aubrey,K,9.8,1.0,5.22,6.22,6.22,6.67,0.352,1.0,6.22,,0.0,0
2026-10-09 01:15:55Z,DAL,in,0.421,Q2 4:43,0.0,6786,CeeDee Lamb,WR,19.6,0.0,10.72,10.72,10.15,11.34,0.421,1.0,10.72,,0.0,0
2026-10-09 01:15:55Z,TB,in,0.421,Q2 4:43,0.0,11584,Bucky Irving,RB,11.1,9.9,7.49,17.39,17.08,16.32,0.024,1.0,17.39,,0.0,0
2026-10-09 01:15:55Z,DAL,in,0.421,Q2 4:43,0.0,3294,Dak Prescott,QB,22.1,2.2,12.24,14.44,13.96,14.99,0.105,1.0,14.44,,0.0,0
2026-10-09 01:15:55Z,TB,in,0.421,Q2 4:43,0.0,8111,Cade Otton,TE,7.9,3.4,4.64,8.04,7.98,7.97,0.269,1.0,8.04,,0.0,0
2026-10-09 01:15:55Z,TB,in,0.421,Q2 4:43,0.0,4037,Chris Godwin,WR,8.0,4.1,4.76,8.86,8.83,8.73,0.19,1.0,8.86,,0.0,0
2026-10-09 01:15:55Z,DAL,in,0.421,Q2 4:43,0.0,8110,Jake Ferguson,TE,8.8,1.2,4.93,6.13,5.93,6.29,0.144,1.0,6.13,,0.0,0
2026-10-09 01:15:55Z,TB,in,0.421,Q2 4:43,0.0,6650,Chase McLaughlin,K,6.7,1.0,3.61,4.61,4.61,4.88,0.169,1.0,4.61,,0.0,0
2026-10-09 01:15:55Z,TB,in,0.421,Q2 4:43,0.0,9506,Sean Tucker,RB,2.4,0.5,1.29,1.79,1.81,1.89,0.037,1.0,1.79,,0.0,0
2026-10-09 01:15:55Z,TB,in,0.421,Q2 4:43,0.0,12514,Emeka Egbuka,WR,9.1,5.5,5.5,11.0,11.01,10.77,0.116,1.0,11.0,,0.0,0
2026-10-09 01:15:55Z,DAL,in,0.421,Q2 4:43,0.0,DAL,Dallas Cowboys D/ST,DST,7.3,4.0,0.61,4.61,8.36,8.22,0.169,1.0,4.61,,0.0,0
2026-10-09 01:15:55Z,DAL,in,0.421,Q2 4:43,0.0,8137,George Pickens,WR,14.8,4.9,8.56,13.46,13.27,13.46,0.37,1.0,13.46,,0.0,0
2026-10-09 01:15:55Z,TB,in,0.421,Q2 4:43,0.0,TB,Tampa Bay Buccaneers D/ST,DST,3.1,4.0,-0.24,3.76,6.18,5.79,0.352,1.0,3.76,,0.0,0
2026-10-09 01:15:55Z,DAL,in,0.421,Q2 4:43,0.0,8917,KaVontae Turpin,WR,2.0,1.7,1.26,2.96,2.98,2.86,0.159,1.0,2.96,,0.0,0
2026-10-09 01:15:55Z,TB,in,0.421,Q2 4:43,0.0,10227,Payne Durham,TE,1.1,1.5,0.74,2.24,2.29,2.14,0.06,1.0,2.24,,0.0,0
2026-10-09 01:15:55Z,DAL,in,0.421,Q2 4:43,0.0,11593,Brevyn Spann-Ford,TE,0.6,0.0,0.33,0.33,0.31,0.35,0.421,1.0,0.33,,0.0,0
2026-10-09 01:15:55Z,TB,in,0.421,Q2 4:43,0.0,13425,Jalon Daniels,QB,15.0,7.48,9.43,16.91,16.33,16.16,0.0,1.0,16.91,,0.0,0
2026-10-09 01:15:55Z,DAL,in,0.421,Q2 4:43,0.0,11199,Emari Demercado,RB,3.7,0.0,1.84,1.84,1.92,2.14,0.421,1.0,1.84,,0.0,0
2026-10-09 01:15:55Z,DAL,in,0.421,Q2 4:43,0.0,8162,Sam Howell,QB,0.9,0.0,0.48,0.48,0.47,0.52,0.421,0.3,0.14,,0.0,0
2026-10-09 01:15:55Z,DAL,in,0.421,Q2 4:43,0.0,11783,Ryan Flournoy,WR,8.3,0.0,4.54,4.54,4.3,4.8,0.421,1.0,4.54,,0.0,0
2026-10-09 01:15:55Z,DAL,in,0.421,Q2 4:43,0.0,10871,Luke Schoonmaker,TE,1.9,0.0,1.04,1.04,0.98,1.1,0.421,1.0,1.04,,0.0,0
2026-10-09 01:15:55Z,TB,in,0.421,Q2 4:43,0.0,13317,Ted Hurst,WR,4.5,0.0,2.46,2.46,2.33,2.6,0.421,1.0,2.46,,0.0,0
2026-10-09 01:15:55Z,TB,in,0.421,Q2 4:43,0.0,12485,Tez Johnson,WR,4.2,0.0,2.3,2.3,2.17,2.43,0.421,1.0,2.3,,0.0,0
2026-10-09 01:15:55Z,DAL,in,0.421,Q2 4:43,0.0,7588,Javonte Williams,RB,18.2,12.9,11.61,24.51,24.19,23.43,0.082,1.0,24.51,,0.0,0
2026-10-09 01:16:56Z,DAL,in,0.435,Q2 3:54,0.0,11533,Brandon Aubrey,K,9.8,1.0,5.08,6.08,6.08,6.54,0.366,1.0,6.08,,0.0,0
2026-10-09 01:16:56Z,DAL,in,0.435,Q2 3:54,0.0,6786,CeeDee Lamb,WR,19.6,0.0,10.3,10.3,9.87,11.07,0.435,1.0,10.3,,0.0,0
2026-10-09 01:16:56Z,TB,in,0.435,Q2 3:54,0.0,11584,Bucky Irving,RB,11.1,9.9,7.24,17.14,16.89,16.17,0.038,1.0,17.14,,0.0,0
2026-10-09 01:16:56Z,DAL,in,0.435,Q2 3:54,0.0,3294,Dak Prescott,QB,22.1,2.2,11.75,13.95,13.64,14.69,0.118,1.0,13.95,,0.0,0
2026-10-09 01:16:56Z,TB,in,0.435,Q2 3:54,0.0,8111,Cade Otton,TE,7.9,3.4,4.47,7.87,7.86,7.86,0.282,1.0,7.87,,0.0,0
2026-10-09 01:16:56Z,TB,in,0.435,Q2 3:54,0.0,4037,Chris Godwin,WR,8.0,4.1,4.59,8.69,8.71,8.62,0.204,1.0,8.69,,0.0,0
2026-10-09 01:16:56Z,DAL,in,0.435,Q2 3:54,0.0,8110,Jake Ferguson,TE,8.8,1.2,4.74,5.94,5.8,6.17,0.157,1.0,5.94,,0.0,0
2026-10-09 01:16:56Z,TB,in,0.435,Q2 3:54,0.0,6650,Chase McLaughlin,K,6.7,1.0,3.52,4.52,4.52,4.79,0.183,1.0,4.52,,0.0,0
2026-10-09 01:16:56Z,TB,in,0.435,Q2 3:54,0.0,9506,Sean Tucker,RB,2.4,0.5,1.25,1.75,1.78,1.86,0.05,1.0,1.75,,0.0,0
2026-10-09 01:16:56Z,TB,in,0.435,Q2 3:54,0.0,12514,Emeka Egbuka,WR,9.1,5.5,5.29,10.79,10.86,10.64,0.129,1.0,10.79,,0.0,0
2026-10-09 01:16:56Z,DAL,in,0.435,Q2 3:54,0.0,DAL,Dallas Cowboys D/ST,DST,7.3,4.0,0.61,4.61,8.24,8.12,0.183,1.0,4.61,,0.0,0
2026-10-09 01:16:56Z,DAL,in,0.435,Q2 3:54,0.0,8137,George Pickens,WR,14.8,4.9,8.24,13.14,13.04,13.26,0.384,1.0,13.14,,0.0,0
2026-10-09 01:16:56Z,TB,in,0.435,Q2 3:54,0.0,TB,Tampa Bay Buccaneers D/ST,DST,3.1,4.0,-0.22,3.78,6.13,5.75,0.366,1.0,3.78,,0.0,0
2026-10-09 01:16:56Z,DAL,in,0.435,Q2 3:54,0.0,8917,KaVontae Turpin,WR,2.0,1.7,1.21,2.91,2.95,2.83,0.172,1.0,2.91,,0.0,0
2026-10-09 01:16:56Z,TB,in,0.435,Q2 3:54,0.0,10227,Payne Durham,TE,1.1,1.5,0.72,2.22,2.27,2.12,0.074,1.0,2.22,,0.0,0
2026-10-09 01:16:56Z,DAL,in,0.435,Q2 3:54,0.0,11593,Brevyn Spann-Ford,TE,0.6,0.0,0.32,0.32,0.3,0.34,0.435,1.0,0.32,,0.0,0
2026-10-09 01:16:56Z,TB,in,0.435,Q2 3:54,0.0,13425,Jalon Daniels,QB,15.0,7.48,9.04,16.52,16.09,15.96,0.014,1.0,16.52,,0.0,0
2026-10-09 01:16:56Z,DAL,in,0.435,Q2 3:54,0.0,11199,Emari Demercado,RB,3.7,0.0,1.77,1.77,1.86,2.09,0.435,1.0,1.77,,0.0,0
2026-10-09 01:16:56Z,DAL,in,0.435,Q2 3:54,0.0,8162,Sam Howell,QB,0.9,0.0,0.46,0.46,0.45,0.51,0.435,0.3,0.14,,0.0,0
2026-10-09 01:16:56Z,DAL,in,0.435,Q2 3:54,0.0,11783,Ryan Flournoy,WR,8.3,0.0,4.36,4.36,4.18,4.69,0.435,1.0,4.36,,0.0,0
2026-10-09 01:16:56Z,DAL,in,0.435,Q2 3:54,0.0,10871,Luke Schoonmaker,TE,1.9,0.0,1.0,1.0,0.96,1.07,0.435,1.0,1.0,,0.0,0
2026-10-09 01:16:56Z,TB,in,0.435,Q2 3:54,0.0,13317,Ted Hurst,WR,4.5,0.0,2.37,2.37,2.27,2.54,0.435,1.0,2.37,,0.0,0
2026-10-09 01:16:56Z,TB,in,0.435,Q2 3:54,0.0,12485,Tez Johnson,WR,4.2,0.0,2.21,2.21,2.11,2.37,0.435,1.0,2.21,,0.0,0
2026-10-09 01:16:56Z,DAL,in,0.435,Q2 3:54,0.0,7588,Javonte Williams,RB,18.2,12.9,11.22,24.12,23.89,23.18,0.095,1.0,24.12,,0.0,0
2026-10-09 01:17:56Z,DAL,in,0.439,Q2 3:40,0.0,11533,Brandon Aubrey,K,9.8,1.0,5.04,6.04,6.04,6.5,0.37,1.0,6.04,,0.0,0
2026-10-09 01:17:56Z,DAL,in,0.439,Q2 3:40,0.0,6786,CeeDee Lamb,WR,19.6,0.0,10.19,10.19,9.79,11.0,0.439,1.0,10.19,,0.0,0
2026-10-09 01:17:56Z,TB,in,0.439,Q2 3:40,0.0,11584,Bucky Irving,RB,11.1,9.9,7.16,17.06,16.83,16.13,0.042,1.0,17.06,,0.0,0
2026-10-09 01:17:56Z,DAL,in,0.439,Q2 3:40,0.0,3294,Dak Prescott,QB,22.1,2.2,11.61,13.81,13.55,14.6,0.122,1.0,13.81,,0.0,0
2026-10-09 01:17:56Z,TB,in,0.439,Q2 3:40,0.0,8111,Cade Otton,TE,7.9,3.4,4.42,7.82,7.82,7.83,0.286,1.0,7.82,,0.0,0
2026-10-09 01:17:56Z,TB,in,0.439,Q2 3:40,0.0,4037,Chris Godwin,WR,8.0,4.1,4.54,8.64,8.67,8.59,0.207,1.0,8.64,,0.0,0
2026-10-09 01:17:56Z,DAL,in,0.439,Q2 3:40,0.0,8110,Jake Ferguson,TE,8.8,1.2,4.68,5.88,5.76,6.14,0.161,1.0,5.88,,0.0,0
2026-10-09 01:17:56Z,TB,in,0.439,Q2 3:40,0.0,6650,Chase McLaughlin,K,6.7,1.0,3.49,4.49,4.49,4.76,0.187,1.0,4.49,,0.0,0
2026-10-09 01:17:56Z,TB,in,0.439,Q2 3:40,0.0,9506,Sean Tucker,RB,2.4,0.5,1.23,1.73,1.77,1.85,0.054,1.0,1.73,,0.0,0
2026-10-09 01:17:56Z,TB,in,0.439,Q2 3:40,0.0,12514,Emeka Egbuka,WR,9.1,5.5,5.24,10.74,10.82,10.61,0.133,1.0,10.74,,0.0,0
2026-10-09 01:17:56Z,DAL,in,0.439,Q2 3:40,0.0,DAL,Dallas Cowboys D/ST,DST,7.3,4.0,0.61,4.61,8.21,8.1,0.187,1.0,4.61,,0.0,0
2026-10-09 01:17:56Z,DAL,in,0.439,Q2 3:40,0.0,8137,George Pickens,WR,14.8,4.9,8.14,13.04,12.98,13.2,0.388,1.0,13.04,,0.0,0
2026-10-09 01:17:56Z,TB,in,0.439,Q2 3:40,0.0,TB,Tampa Bay Buccaneers D/ST,DST,3.1,4.0,-0.21,3.79,6.11,5.74,0.37,1.0,3.79,,0.0,0
2026-10-09 01:17:56Z,DAL,in,0.439,Q2 3:40,0.0,8917,KaVontae Turpin,WR,2.0,1.7,1.2,2.9,2.94,2.82,0.176,1.0,2.9,,0.0,0
2026-10-09 01:17:56Z,TB,in,0.439,Q2 3:40,0.0,10227,Payne Durham,TE,1.1,1.5,0.71,2.21,2.26,2.12,0.078,1.0,2.21,,0.0,0
2026-10-09 01:17:56Z,DAL,in,0.439,Q2 3:40,0.0,11593,Brevyn Spann-Ford,TE,0.6,0.0,0.31,0.31,0.3,0.34,0.439,1.0,0.31,,0.0,0
2026-10-09 01:17:56Z,TB,in,0.439,Q2 3:40,0.0,13425,Jalon Daniels,QB,15.0,7.48,8.94,16.42,16.02,15.9,0.018,1.0,16.42,,0.0,0
2026-10-09 01:17:56Z,DAL,in,0.439,Q2 3:40,0.0,11199,Emari Demercado,RB,3.7,0.0,1.75,1.75,1.85,2.08,0.439,1.0,1.75,,0.0,0
2026-10-09 01:17:56Z,DAL,in,0.439,Q2 3:40,0.0,8162,Sam Howell,QB,0.9,0.0,0.46,0.46,0.45,0.51,0.439,0.3,0.14,,0.0,0
2026-10-09 01:17:56Z,DAL,in,0.439,Q2 3:40,0.0,11783,Ryan Flournoy,WR,8.3,0.0,4.31,4.31,4.15,4.66,0.439,1.0,4.31,,0.0,0
2026-10-09 01:17:56Z,DAL,in,0.439,Q2 3:40,0.0,10871,Luke Schoonmaker,TE,1.9,0.0,0.99,0.99,0.95,1.07,0.439,1.0,0.99,,0.0,0
2026-10-09 01:17:56Z,TB,in,0.439,Q2 3:40,0.0,13317,Ted Hurst,WR,4.5,0.0,2.34,2.34,2.25,2.52,0.439,1.0,2.34,,0.0,0
2026-10-09 01:17:56Z,TB,in,0.439,Q2 3:40,0.0,12485,Tez Johnson,WR,4.2,0.0,2.18,2.18,2.1,2.36,0.439,1.0,2.18,,0.0,0
2026-10-09 01:17:56Z,DAL,in,0.439,Q2 3:40,0.0,7588,Javonte Williams,RB,18.2,12.9,11.11,24.01,23.8,23.11,0.099,1.0,24.01,,0.0,0
2026-10-09 01:18:56Z,DAL,in,0.439,Q2 3:40,0.0,11533,Brandon Aubrey,K,9.8,1.0,5.04,6.04,6.04,6.5,0.37,1.0,6.04,,0.0,0
2026-10-09 01:18:56Z,DAL,in,0.439,Q2 3:40,0.0,6786,CeeDee Lamb,WR,19.6,0.0,10.19,10.19,9.79,11.0,0.439,1.0,10.19,,0.0,0
2026-10-09 01:18:56Z,TB,in,0.439,Q2 3:40,0.0,11584,Bucky Irving,RB,11.1,9.9,7.16,17.06,16.83,16.13,0.042,1.0,17.06,,0.0,0
2026-10-09 01:18:56Z,DAL,in,0.439,Q2 3:40,0.0,3294,Dak Prescott,QB,22.1,2.2,11.61,13.81,13.55,14.6,0.122,1.0,13.81,,0.0,0
2026-10-09 01:18:56Z,TB,in,0.439,Q2 3:40,0.0,8111,Cade Otton,TE,7.9,3.4,4.42,7.82,7.82,7.83,0.286,1.0,7.82,,0.0,0
2026-10-09 01:18:56Z,TB,in,0.439,Q2 3:40,0.0,4037,Chris Godwin,WR,8.0,4.1,4.54,8.64,8.67,8.59,0.207,1.0,8.64,,0.0,0
2026-10-09 01:18:56Z,DAL,in,0.439,Q2 3:40,0.0,8110,Jake Ferguson,TE,8.8,1.2,4.68,5.88,5.76,6.14,0.161,1.0,5.88,,0.0,0
2026-10-09 01:18:56Z,TB,in,0.439,Q2 3:40,0.0,6650,Chase McLaughlin,K,6.7,1.0,3.49,4.49,4.49,4.76,0.187,1.0,4.49,,0.0,0
2026-10-09 01:18:56Z,TB,in,0.439,Q2 3:40,0.0,9506,Sean Tucker,RB,2.4,0.5,1.23,1.73,1.77,1.85,0.054,1.0,1.73,,0.0,0
2026-10-09 01:18:56Z,TB,in,0.439,Q2 3:40,0.0,12514,Emeka Egbuka,WR,9.1,5.5,5.24,10.74,10.82,10.61,0.133,1.0,10.74,,0.0,0
2026-10-09 01:18:56Z,DAL,in,0.439,Q2 3:40,0.0,DAL,Dallas Cowboys D/ST,DST,7.3,4.0,0.61,4.61,8.21,8.1,0.187,1.0,4.61,,0.0,0
2026-10-09 01:18:56Z,DAL,in,0.439,Q2 3:40,0.0,8137,George Pickens,WR,14.8,4.9,8.14,13.04,12.98,13.2,0.388,1.0,13.04,,0.0,0
2026-10-09 01:18:56Z,TB,in,0.439,Q2 3:40,0.0,TB,Tampa Bay Buccaneers D/ST,DST,3.1,4.0,-0.21,3.79,6.11,5.74,0.37,1.0,3.79,,0.0,0
2026-10-09 01:18:56Z,DAL,in,0.439,Q2 3:40,0.0,8917,KaVontae Turpin,WR,2.0,1.7,1.2,2.9,2.94,2.82,0.176,1.0,2.9,,0.0,0
2026-10-09 01:18:56Z,TB,in,0.439,Q2 3:40,0.0,10227,Payne Durham,TE,1.1,1.5,0.71,2.21,2.26,2.12,0.078,1.0,2.21,,0.0,0
2026-10-09 01:18:56Z,DAL,in,0.439,Q2 3:40,0.0,11593,Brevyn Spann-Ford,TE,0.6,0.0,0.31,0.31,0.3,0.34,0.439,1.0,0.31,,0.0,0
2026-10-09 01:18:56Z,TB,in,0.439,Q2 3:40,0.0,13425,Jalon Daniels,QB,15.0,7.48,8.94,16.42,16.02,15.9,0.018,1.0,16.42,,0.0,0
2026-10-09 01:18:56Z,DAL,in,0.439,Q2 3:40,0.0,11199,Emari Demercado,RB,3.7,0.0,1.75,1.75,1.85,2.08,0.439,1.0,1.75,,0.0,0
2026-10-09 01:18:56Z,DAL,in,0.439,Q2 3:40,0.0,8162,Sam Howell,QB,0.9,0.0,0.46,0.46,0.45,0.51,0.439,0.3,0.14,,0.0,0
2026-10-09 01:18:56Z,DAL,in,0.439,Q2 3:40,0.0,11783,Ryan Flournoy,WR,8.3,0.0,4.31,4.31,4.15,4.66,0.439,1.0,4.31,,0.0,0
2026-10-09 01:18:56Z,DAL,in,0.439,Q2 3:40,0.0,10871,Luke Schoonmaker,TE,1.9,0.0,0.99,0.99,0.95,1.07,0.439,1.0,0.99,,0.0,0
2026-10-09 01:18:56Z,TB,in,0.439,Q2 3:40,0.0,13317,Ted Hurst,WR,4.5,0.0,2.34,2.34,2.25,2.52,0.439,1.0,2.34,,0.0,0
2026-10-09 01:18:56Z,TB,in,0.439,Q2 3:40,0.0,12485,Tez Johnson,WR,4.2,0.0,2.18,2.18,2.1,2.36,0.439,1.0,2.18,,0.0,0
2026-10-09 01:18:56Z,DAL,in,0.439,Q2 3:40,0.0,7588,Javonte Williams,RB,18.2,12.9,11.11,24.01,23.8,23.11,0.099,1.0,24.01,,0.0,0
2026-10-09 01:19:56Z,DAL,in,0.439,Q2 3:40,0.0,11533,Brandon Aubrey,K,9.8,1.0,5.04,6.04,6.04,6.5,0.37,1.0,6.04,,0.0,0
2026-10-09 01:19:56Z,DAL,in,0.439,Q2 3:40,0.0,6786,CeeDee Lamb,WR,19.6,0.0,10.19,10.19,9.79,11.0,0.439,1.0,10.19,,0.0,0
2026-10-09 01:19:56Z,TB,in,0.439,Q2 3:40,0.0,11584,Bucky Irving,RB,11.1,9.9,7.16,17.06,16.83,16.13,0.042,1.0,17.06,,0.0,0
2026-10-09 01:19:56Z,DAL,in,0.439,Q2 3:40,0.0,3294,Dak Prescott,QB,22.1,2.2,11.61,13.81,13.55,14.6,0.122,1.0,13.81,,0.0,0
2026-10-09 01:19:56Z,TB,in,0.439,Q2 3:40,0.0,8111,Cade Otton,TE,7.9,3.4,4.42,7.82,7.82,7.83,0.286,1.0,7.82,,0.0,0
2026-10-09 01:19:56Z,TB,in,0.439,Q2 3:40,0.0,4037,Chris Godwin,WR,8.0,4.1,4.54,8.64,8.67,8.59,0.207,1.0,8.64,,0.0,0
2026-10-09 01:19:56Z,DAL,in,0.439,Q2 3:40,0.0,8110,Jake Ferguson,TE,8.8,1.2,4.68,5.88,5.76,6.14,0.161,1.0,5.88,,0.0,0
2026-10-09 01:19:56Z,TB,in,0.439,Q2 3:40,0.0,6650,Chase McLaughlin,K,6.7,1.0,3.49,4.49,4.49,4.76,0.187,1.0,4.49,,0.0,0
2026-10-09 01:19:56Z,TB,in,0.439,Q2 3:40,0.0,9506,Sean Tucker,RB,2.4,0.5,1.23,1.73,1.77,1.85,0.054,1.0,1.73,,0.0,0
2026-10-09 01:19:56Z,TB,in,0.439,Q2 3:40,0.0,12514,Emeka Egbuka,WR,9.1,5.5,5.24,10.74,10.82,10.61,0.133,1.0,10.74,,0.0,0
2026-10-09 01:19:56Z,DAL,in,0.439,Q2 3:40,0.0,DAL,Dallas Cowboys D/ST,DST,7.3,4.0,0.61,4.61,8.21,8.1,0.187,1.0,4.61,,0.0,0
2026-10-09 01:19:56Z,DAL,in,0.439,Q2 3:40,0.0,8137,George Pickens,WR,14.8,4.9,8.14,13.04,12.98,13.2,0.388,1.0,13.04,,0.0,0
2026-10-09 01:19:56Z,TB,in,0.439,Q2 3:40,0.0,TB,Tampa Bay Buccaneers D/ST,DST,3.1,4.0,-0.21,3.79,6.11,5.74,0.37,1.0,3.79,,0.0,0
2026-10-09 01:19:56Z,DAL,in,0.439,Q2 3:40,0.0,8917,KaVontae Turpin,WR,2.0,1.7,1.2,2.9,2.94,2.82,0.176,1.0,2.9,,0.0,0
2026-10-09 01:19:56Z,TB,in,0.439,Q2 3:40,0.0,10227,Payne Durham,TE,1.1,1.5,0.71,2.21,2.26,2.12,0.078,1.0,2.21,,0.0,0
2026-10-09 01:19:56Z,DAL,in,0.439,Q2 3:40,0.0,11593,Brevyn Spann-Ford,TE,0.6,0.0,0.31,0.31,0.3,0.34,0.439,1.0,0.31,,0.0,0
2026-10-09 01:19:56Z,TB,in,0.439,Q2 3:40,0.0,13425,Jalon Daniels,QB,15.0,7.48,8.94,16.42,16.02,15.9,0.018,1.0,16.42,,0.0,0
2026-10-09 01:19:56Z,DAL,in,0.439,Q2 3:40,0.0,11199,Emari Demercado,RB,3.7,0.0,1.75,1.75,1.85,2.08,0.439,1.0,1.75,,0.0,0
2026-10-09 01:19:56Z,DAL,in,0.439,Q2 3:40,0.0,8162,Sam Howell,QB,0.9,0.0,0.46,0.46,0.45,0.51,0.439,0.3,0.14,,0.0,0
2026-10-09 01:19:56Z,DAL,in,0.439,Q2 3:40,0.0,11783,Ryan Flournoy,WR,8.3,0.0,4.31,4.31,4.15,4.66,0.439,1.0,4.31,,0.0,0
2026-10-09 01:19:56Z,DAL,in,0.439,Q2 3:40,0.0,10871,Luke Schoonmaker,TE,1.9,0.0,0.99,0.99,0.95,1.07,0.439,1.0,0.99,,0.0,0
2026-10-09 01:19:56Z,TB,in,0.439,Q2 3:40,0.0,13317,Ted Hurst,WR,4.5,0.0,2.34,2.34,2.25,2.52,0.439,1.0,2.34,,0.0,0
2026-10-09 01:19:56Z,TB,in,0.439,Q2 3:40,0.0,12485,Tez Johnson,WR,4.2,0.0,2.18,2.18,2.1,2.36,0.439,1.0,2.18,,0.0,0
2026-10-09 01:19:56Z,DAL,in,0.439,Q2 3:40,0.0,7588,Javonte Williams,RB,18.2,12.9,11.11,24.01,23.8,23.11,0.099,1.0,24.01,,0.0,0
2026-10-09 01:20:57Z,DAL,in,0.439,Q2 3:40,0.0,11533,Brandon Aubrey,K,9.8,1.0,5.04,6.04,6.04,6.5,0.37,1.0,6.04,,0.0,0
2026-10-09 01:20:57Z,DAL,in,0.439,Q2 3:40,0.0,6786,CeeDee Lamb,WR,19.6,0.0,10.19,10.19,9.79,11.0,0.439,1.0,10.19,,0.0,0
2026-10-09 01:20:57Z,TB,in,0.439,Q2 3:40,0.0,11584,Bucky Irving,RB,11.1,9.9,7.16,17.06,16.83,16.13,0.042,1.0,17.06,,0.0,0
2026-10-09 01:20:57Z,DAL,in,0.439,Q2 3:40,0.0,3294,Dak Prescott,QB,22.1,2.2,11.61,13.81,13.55,14.6,0.122,1.0,13.81,,0.0,0
2026-10-09 01:20:57Z,TB,in,0.439,Q2 3:40,0.0,8111,Cade Otton,TE,7.9,3.4,4.42,7.82,7.82,7.83,0.286,1.0,7.82,,0.0,0
2026-10-09 01:20:57Z,TB,in,0.439,Q2 3:40,0.0,4037,Chris Godwin,WR,8.0,4.1,4.54,8.64,8.67,8.59,0.207,1.0,8.64,,0.0,0
2026-10-09 01:20:57Z,DAL,in,0.439,Q2 3:40,0.0,8110,Jake Ferguson,TE,8.8,1.2,4.68,5.88,5.76,6.14,0.161,1.0,5.88,,0.0,0
2026-10-09 01:20:57Z,TB,in,0.439,Q2 3:40,0.0,6650,Chase McLaughlin,K,6.7,1.0,3.49,4.49,4.49,4.76,0.187,1.0,4.49,,0.0,0
2026-10-09 01:20:57Z,TB,in,0.439,Q2 3:40,0.0,9506,Sean Tucker,RB,2.4,0.5,1.23,1.73,1.77,1.85,0.054,1.0,1.73,,0.0,0
2026-10-09 01:20:57Z,TB,in,0.439,Q2 3:40,0.0,12514,Emeka Egbuka,WR,9.1,5.5,5.24,10.74,10.82,10.61,0.133,1.0,10.74,,0.0,0
2026-10-09 01:20:57Z,DAL,in,0.439,Q2 3:40,0.0,DAL,Dallas Cowboys D/ST,DST,7.3,4.0,0.61,4.61,8.21,8.1,0.187,1.0,4.61,,0.0,0
2026-10-09 01:20:57Z,DAL,in,0.439,Q2 3:40,0.0,8137,George Pickens,WR,14.8,4.9,8.14,13.04,12.98,13.2,0.388,1.0,13.04,,0.0,0
2026-10-09 01:20:57Z,TB,in,0.439,Q2 3:40,0.0,TB,Tampa Bay Buccaneers D/ST,DST,3.1,4.0,-0.21,3.79,6.11,5.74,0.37,1.0,3.79,,0.0,0
2026-10-09 01:20:57Z,DAL,in,0.439,Q2 3:40,0.0,8917,KaVontae Turpin,WR,2.0,1.7,1.2,2.9,2.94,2.82,0.176,1.0,2.9,,0.0,0
2026-10-09 01:20:57Z,TB,in,0.439,Q2 3:40,0.0,10227,Payne Durham,TE,1.1,1.5,0.71,2.21,2.26,2.12,0.078,1.0,2.21,,0.0,0
2026-10-09 01:20:57Z,DAL,in,0.439,Q2 3:40,0.0,11593,Brevyn Spann-Ford,TE,0.6,0.0,0.31,0.31,0.3,0.34,0.439,1.0,0.31,,0.0,0
2026-10-09 01:20:57Z,TB,in,0.439,Q2 3:40,0.0,13425,Jalon Daniels,QB,15.0,7.48,8.94,16.42,16.02,15.9,0.018,1.0,16.42,,0.0,0
2026-10-09 01:20:57Z,DAL,in,0.439,Q2 3:40,0.0,11199,Emari Demercado,RB,3.7,0.0,1.75,1.75,1.85,2.08,0.439,1.0,1.75,,0.0,0
2026-10-09 01:20:57Z,DAL,in,0.439,Q2 3:40,0.0,8162,Sam Howell,QB,0.9,0.0,0.46,0.46,0.45,0.51,0.439,0.3,0.14,,0.0,0
2026-10-09 01:20:57Z,DAL,in,0.439,Q2 3:40,0.0,11783,Ryan Flournoy,WR,8.3,0.0,4.31,4.31,4.15,4.66,0.439,1.0,4.31,,0.0,0
2026-10-09 01:20:57Z,DAL,in,0.439,Q2 3:40,0.0,10871,Luke Schoonmaker,TE,1.9,0.0,0.99,0.99,0.95,1.07,0.439,1.0,0.99,,0.0,0
2026-10-09 01:20:57Z,TB,in,0.439,Q2 3:40,0.0,13317,Ted Hurst,WR,4.5,0.0,2.34,2.34,2.25,2.52,0.439,1.0,2.34,,0.0,0
2026-10-09 01:20:57Z,TB,in,0.439,Q2 3:40,0.0,12485,Tez Johnson,WR,4.2,0.0,2.18,2.18,2.1,2.36,0.439,1.0,2.18,,0.0,0
2026-10-09 01:20:57Z,DAL,in,0.439,Q2 3:40,0.0,7588,Javonte Williams,RB,18.2,12.9,11.11,24.01,23.8,23.11,0.099,1.0,24.01,,0.0,0
2026-10-09 01:21:57Z,DAL,in,0.444,Q2 3:23,0.0,11533,Brandon Aubrey,K,9.8,1.0,4.99,5.99,5.99,6.45,0.374,1.0,5.99,,0.0,0
2026-10-09 01:21:57Z,DAL,in,0.444,Q2 3:23,0.0,6786,CeeDee Lamb,WR,19.6,0.0,10.05,10.05,9.7,10.91,0.444,1.0,10.05,,0.0,0
2026-10-09 01:21:57Z,TB,in,0.444,Q2 3:23,0.0,11584,Bucky Irving,RB,11.1,9.9,7.08,16.98,16.77,16.08,0.046,1.0,16.98,,0.0,0
2026-10-09 01:21:57Z,DAL,in,0.444,Q2 3:23,0.0,3294,Dak Prescott,QB,22.1,2.2,11.44,13.64,13.44,14.5,0.127,1.0,13.64,,0.0,0
2026-10-09 01:21:57Z,TB,in,0.444,Q2 3:23,0.0,8111,Cade Otton,TE,7.9,3.4,4.36,7.76,7.78,7.8,0.291,1.0,7.76,,0.0,0
2026-10-09 01:21:57Z,TB,in,0.444,Q2 3:23,0.0,4037,Chris Godwin,WR,8.0,4.1,4.48,8.58,8.63,8.55,0.212,1.0,8.58,,0.0,0
2026-10-09 01:21:57Z,DAL,in,0.444,Q2 3:23,0.0,8110,Jake Ferguson,TE,8.8,1.2,4.62,5.82,5.72,6.1,0.166,1.0,5.82,,0.0,0
2026-10-09 01:21:57Z,TB,in,0.444,Q2 3:23,0.0,6650,Chase McLaughlin,K,6.7,1.0,3.45,4.45,4.45,4.73,0.192,1.0,4.45,,0.0,0
2026-10-09 01:21:57Z,TB,in,0.444,Q2 3:23,0.0,9506,Sean Tucker,RB,2.4,0.5,1.22,1.72,1.76,1.84,0.059,1.0,1.72,,0.0,0
2026-10-09 01:21:57Z,TB,in,0.444,Q2 3:23,0.0,12514,Emeka Egbuka,WR,9.1,5.5,5.17,10.67,10.77,10.56,0.138,1.0,10.67,,0.0,0
2026-10-09 01:21:57Z,DAL,in,0.444,Q2 3:23,0.0,DAL,Dallas Cowboys D/ST,DST,7.3,4.0,0.61,4.61,8.17,8.06,0.192,1.0,4.61,,0.0,0
2026-10-09 01:21:57Z,DAL,in,0.444,Q2 3:23,0.0,8137,George Pickens,WR,14.8,4.9,8.03,12.93,12.9,13.13,0.393,1.0,12.93,,0.0,0
2026-10-09 01:21:57Z,TB,in,0.444,Q2 3:23,0.0,TB,Tampa Bay Buccaneers D/ST,DST,3.1,4.0,-0.2,3.8,6.09,5.72,0.374,1.0,3.8,,0.0,0
2026-10-09 01:21:57Z,DAL,in,0.444,Q2 3:23,0.0,8917,KaVontae Turpin,WR,2.0,1.7,1.18,2.88,2.93,2.81,0.181,1.0,2.88,,0.0,0
2026-10-09 01:21:57Z,TB,in,0.444,Q2 3:23,0.0,10227,Payne Durham,TE,1.1,1.5,0.7,2.2,2.25,2.11,0.082,1.0,2.2,,0.0,0
2026-10-09 01:21:57Z,DAL,in,0.444,Q2 3:23,0.0,11593,Brevyn Spann-Ford,TE,0.6,0.0,0.31,0.31,0.3,0.33,0.444,1.0,0.31,,0.0,0
2026-10-09 01:21:57Z,TB,in,0.444,Q2 3:23,0.0,13425,Jalon Daniels,QB,15.0,7.48,8.81,16.29,15.94,15.83,0.022,1.0,16.29,,0.0,0
2026-10-09 01:21:57Z,DAL,in,0.444,Q2 3:23,0.0,11199,Emari Demercado,RB,3.7,0.0,1.73,1.73,1.83,2.06,0.444,1.0,1.73,,0.0,0
2026-10-09 01:21:57Z,DAL,in,0.444,Q2 3:23,0.0,8162,Sam Howell,QB,0.9,0.0,0.45,0.45,0.45,0.5,0.444,0.3,0.14,,0.0,0
2026-10-09 01:21:57Z,DAL,in,0.444,Q2 3:23,0.0,11783,Ryan Flournoy,WR,8.3,0.0,4.25,4.25,4.11,4.62,0.444,1.0,4.25,,0.0,0
2026-10-09 01:21:57Z,DAL,in,0.444,Q2 3:23,0.0,10871,Luke Schoonmaker,TE,1.9,0.0,0.97,0.97,0.94,1.06,0.444,1.0,0.97,,0.0,0
2026-10-09 01:21:57Z,TB,in,0.444,Q2 3:23,0.0,13317,Ted Hurst,WR,4.5,0.0,2.31,2.31,2.23,2.5,0.444,1.0,2.31,,0.0,0
2026-10-09 01:21:57Z,TB,in,0.444,Q2 3:23,0.0,12485,Tez Johnson,WR,4.2,0.0,2.15,2.15,2.08,2.34,0.444,1.0,2.15,,0.0,0
2026-10-09 01:21:57Z,DAL,in,0.444,Q2 3:23,0.0,7588,Javonte Williams,RB,18.2,12.9,10.97,23.87,23.7,23.03,0.104,1.0,23.87,,0.0,0
2026-10-09 01:22:57Z,DAL,in,0.444,Q2 3:20,0.0,11533,Brandon Aubrey,K,9.8,1.0,4.98,5.98,5.98,6.44,0.375,1.0,5.98,,0.0,0
2026-10-09 01:22:57Z,DAL,in,0.444,Q2 3:20,0.0,6786,CeeDee Lamb,WR,19.6,0.0,10.02,10.02,9.68,10.89,0.444,1.0,10.02,,0.0,0
2026-10-09 01:22:57Z,TB,in,0.444,Q2 3:20,0.0,11584,Bucky Irving,RB,11.1,9.9,7.06,16.96,16.76,16.07,0.047,1.0,16.96,,0.0,0
2026-10-09 01:22:57Z,DAL,in,0.444,Q2 3:20,0.0,3294,Dak Prescott,QB,22.1,2.2,11.41,13.61,13.42,14.48,0.128,1.0,13.61,,0.0,0
2026-10-09 01:22:57Z,TB,in,0.444,Q2 3:20,0.0,8111,Cade Otton,TE,7.9,3.4,4.35,7.75,7.77,7.79,0.292,1.0,7.75,,0.0,0
2026-10-09 01:22:57Z,TB,in,0.444,Q2 3:20,0.0,4037,Chris Godwin,WR,8.0,4.1,4.46,8.56,8.62,8.54,0.213,1.0,8.56,,0.0,0
2026-10-09 01:22:57Z,DAL,in,0.444,Q2 3:20,0.0,8110,Jake Ferguson,TE,8.8,1.2,4.61,5.81,5.71,6.09,0.167,1.0,5.81,,0.0,0
2026-10-09 01:22:57Z,TB,in,0.444,Q2 3:20,0.0,6650,Chase McLaughlin,K,6.7,1.0,3.45,4.45,4.45,4.72,0.192,1.0,4.45,,0.0,0
2026-10-09 01:22:57Z,TB,in,0.444,Q2 3:20,0.0,9506,Sean Tucker,RB,2.4,0.5,1.22,1.72,1.75,1.83,0.06,1.0,1.72,,0.0,0
2026-10-09 01:22:57Z,TB,in,0.444,Q2 3:20,0.0,12514,Emeka Egbuka,WR,9.1,5.5,5.15,10.65,10.76,10.56,0.139,1.0,10.65,,0.0,0
2026-10-09 01:22:57Z,DAL,in,0.444,Q2 3:20,0.0,DAL,Dallas Cowboys D/ST,DST,7.3,4.0,0.61,4.61,8.16,8.06,0.192,1.0,4.61,,0.0,0
2026-10-09 01:22:57Z,DAL,in,0.444,Q2 3:20,0.0,8137,George Pickens,WR,14.8,4.9,8.01,12.91,12.89,13.12,0.393,1.0,12.91,,0.0,0
2026-10-09 01:22:57Z,TB,in,0.444,Q2 3:20,0.0,TB,Tampa Bay Buccaneers D/ST,DST,3.1,4.0,-0.2,3.8,6.09,5.72,0.375,1.0,3.8,,0.0,0
2026-10-09 01:22:57Z,DAL,in,0.444,Q2 3:20,0.0,8917,KaVontae Turpin,WR,2.0,1.7,1.18,2.88,2.92,2.81,0.182,1.0,2.88,,0.0,0
2026-10-09 01:22:57Z,TB,in,0.444,Q2 3:20,0.0,10227,Payne Durham,TE,1.1,1.5,0.7,2.2,2.25,2.11,0.083,1.0,2.2,,0.0,0
2026-10-09 01:22:57Z,DAL,in,0.444,Q2 3:20,0.0,11593,Brevyn Spann-Ford,TE,0.6,0.0,0.31,0.31,0.3,0.33,0.444,1.0,0.31,,0.0,0
2026-10-09 01:22:57Z,TB,in,0.444,Q2 3:20,0.0,13425,Jalon Daniels,QB,15.0,7.48,8.79,16.27,15.93,15.81,0.023,1.0,16.27,,0.0,0
2026-10-09 01:22:57Z,DAL,in,0.444,Q2 3:20,0.0,11199,Emari Demercado,RB,3.7,0.0,1.73,1.73,1.83,2.06,0.444,1.0,1.73,,0.0,0
2026-10-09 01:22:57Z,DAL,in,0.444,Q2 3:20,0.0,8162,Sam Howell,QB,0.9,0.0,0.45,0.45,0.44,0.5,0.444,0.3,0.13,,0.0,0
2026-10-09 01:22:57Z,DAL,in,0.444,Q2 3:20,0.0,11783,Ryan Flournoy,WR,8.3,0.0,4.24,4.24,4.1,4.61,0.444,1.0,4.24,,0.0,0
2026-10-09 01:22:57Z,DAL,in,0.444,Q2 3:20,0.0,10871,Luke Schoonmaker,TE,1.9,0.0,0.97,0.97,0.94,1.06,0.444,1.0,0.97,,0.0,0
2026-10-09 01:22:57Z,TB,in,0.444,Q2 3:20,0.0,13317,Ted Hurst,WR,4.5,0.0,2.3,2.3,2.22,2.5,0.444,1.0,2.3,,0.0,0
2026-10-09 01:22:57Z,TB,in,0.444,Q2 3:20,0.0,12485,Tez Johnson,WR,4.2,0.0,2.15,2.15,2.07,2.33,0.444,1.0,2.15,,0.0,0
2026-10-09 01:22:57Z,DAL,in,0.444,Q2 3:20,0.0,7588,Javonte Williams,RB,18.2,12.9,10.95,23.85,23.68,23.01,0.105,1.0,23.85,,0.0,0
2026-10-09 01:23:57Z,DAL,in,0.449,Q2 3:03,0.0,11533,Brandon Aubrey,K,9.8,1.0,4.93,5.93,5.93,6.4,0.38,1.0,5.93,,0.0,0
2026-10-09 01:23:57Z,DAL,in,0.449,Q2 3:03,0.0,6786,CeeDee Lamb,WR,19.6,0.0,9.88,9.88,9.58,10.8,0.449,1.0,9.88,,0.0,0
2026-10-09 01:23:57Z,TB,in,0.449,Q2 3:03,0.0,11584,Bucky Irving,RB,11.1,9.9,6.98,16.88,16.69,16.01,0.052,1.0,16.88,,0.0,0
2026-10-09 01:23:57Z,DAL,in,0.449,Q2 3:03,0.0,3294,Dak Prescott,QB,22.1,2.2,11.25,13.45,13.31,14.37,0.133,1.0,13.45,,0.0,0
2026-10-09 01:23:57Z,TB,in,0.449,Q2 3:03,0.0,8111,Cade Otton,TE,7.9,3.4,4.29,7.69,7.73,7.75,0.296,1.0,7.69,,0.0,0
2026-10-09 01:23:57Z,TB,in,0.449,Q2 3:03,0.0,4037,Chris Godwin,WR,8.0,4.1,4.4,8.5,8.58,8.51,0.218,1.0,8.5,,0.0,0
2026-10-09 01:23:57Z,DAL,in,0.449,Q2 3:03,0.0,8110,Jake Ferguson,TE,8.8,1.2,4.55,5.75,5.67,6.05,0.171,1.0,5.75,,0.0,0
2026-10-09 01:23:57Z,TB,in,0.449,Q2 3:03,0.0,6650,Chase McLaughlin,K,6.7,1.0,3.41,4.41,4.41,4.69,0.197,1.0,4.41,,0.0,0
2026-10-09 01:23:57Z,TB,in,0.449,Q2 3:03,0.0,9506,Sean Tucker,RB,2.4,0.5,1.2,1.7,1.74,1.82,0.064,1.0,1.7,,0.0,0
2026-10-09 01:23:57Z,TB,in,0.449,Q2 3:03,0.0,12514,Emeka Egbuka,WR,9.1,5.5,5.08,10.58,10.71,10.51,0.144,1.0,10.58,,0.0,0
2026-10-09 01:23:57Z,DAL,in,0.449,Q2 3:03,0.0,DAL,Dallas Cowboys D/ST,DST,7.3,4.0,0.61,4.61,8.12,8.02,0.197,1.0,4.61,,0.0,0
2026-10-09 01:23:57Z,DAL,in,0.449,Q2 3:03,0.0,8137,George Pickens,WR,14.8,4.9,7.91,12.81,12.81,13.05,0.398,1.0,12.81,,0.0,0
2026-10-09 01:23:57Z,TB,in,0.449,Q2 3:03,0.0,TB,Tampa Bay Buccaneers D/ST,DST,3.1,4.0,-0.19,3.81,6.07,5.71,0.38,1.0,3.81,,0.0,0
2026-10-09 01:23:57Z,DAL,in,0.449,Q2 3:03,0.0,8917,KaVontae Turpin,WR,2.0,1.7,1.16,2.86,2.91,2.8,0.187,1.0,2.86,,0.0,0
2026-10-09 01:23:57Z,TB,in,0.449,Q2 3:03,0.0,10227,Payne Durham,TE,1.1,1.5,0.69,2.19,2.24,2.11,0.088,1.0,2.19,,0.0,0
2026-10-09 01:23:57Z,DAL,in,0.449,Q2 3:03,0.0,11593,Brevyn Spann-Ford,TE,0.6,0.0,0.3,0.3,0.29,0.33,0.449,1.0,0.3,,0.0,0
2026-10-09 01:23:57Z,TB,in,0.449,Q2 3:03,0.0,13425,Jalon Daniels,QB,15.0,7.48,8.66,16.14,15.84,15.74,0.028,1.0,16.14,,0.0,0
2026-10-09 01:23:57Z,DAL,in,0.449,Q2 3:03,0.0,11199,Emari Demercado,RB,3.7,0.0,1.7,1.7,1.81,2.04,0.449,1.0,1.7,,0.0,0
2026-10-09 01:23:57Z,DAL,in,0.449,Q2 3:03,0.0,8162,Sam Howell,QB,0.9,0.0,0.44,0.44,0.44,0.5,0.449,0.3,0.13,,0.0,0
2026-10-09 01:23:57Z,DAL,in,0.449,Q2 3:03,0.0,11783,Ryan Flournoy,WR,8.3,0.0,4.19,4.19,4.06,4.57,0.449,1.0,4.19,,0.0,0
2026-10-09 01:23:57Z,DAL,in,0.449,Q2 3:03,0.0,10871,Luke Schoonmaker,TE,1.9,0.0,0.96,0.96,0.93,1.05,0.449,1.0,0.96,,0.0,0
2026-10-09 01:23:57Z,TB,in,0.449,Q2 3:03,0.0,13317,Ted Hurst,WR,4.5,0.0,2.27,2.27,2.2,2.48,0.449,1.0,2.27,,0.0,0
2026-10-09 01:23:57Z,TB,in,0.449,Q2 3:03,0.0,12485,Tez Johnson,WR,4.2,0.0,2.12,2.12,2.05,2.31,0.449,1.0,2.12,,0.0,0
2026-10-09 01:23:57Z,DAL,in,0.449,Q2 3:03,0.0,7588,Javonte Williams,RB,18.2,12.9,10.81,23.71,23.58,22.93,0.109,1.0,23.71,,0.0,0
2026-10-09 01:24:58Z,DAL,in,0.449,Q2 3:03,0.0,11533,Brandon Aubrey,K,9.8,1.0,4.93,5.93,5.93,6.4,0.38,1.0,5.93,,0.0,0
2026-10-09 01:24:58Z,DAL,in,0.449,Q2 3:03,0.0,6786,CeeDee Lamb,WR,19.6,0.0,9.88,9.88,9.58,10.8,0.449,1.0,9.88,,0.0,0
2026-10-09 01:24:58Z,TB,in,0.449,Q2 3:03,0.0,11584,Bucky Irving,RB,11.1,9.9,6.98,16.88,16.69,16.01,0.052,1.0,16.88,,0.0,0
2026-10-09 01:24:58Z,DAL,in,0.449,Q2 3:03,0.0,3294,Dak Prescott,QB,22.1,2.2,11.25,13.45,13.31,14.37,0.133,1.0,13.45,,0.0,0
2026-10-09 01:24:58Z,TB,in,0.449,Q2 3:03,0.0,8111,Cade Otton,TE,7.9,3.4,4.29,7.69,7.73,7.75,0.296,1.0,7.69,,0.0,0
2026-10-09 01:24:58Z,TB,in,0.449,Q2 3:03,0.0,4037,Chris Godwin,WR,8.0,4.1,4.4,8.5,8.58,8.51,0.218,1.0,8.5,,0.0,0
2026-10-09 01:24:58Z,DAL,in,0.449,Q2 3:03,0.0,8110,Jake Ferguson,TE,8.8,1.2,4.55,5.75,5.67,6.05,0.171,1.0,5.75,,0.0,0
2026-10-09 01:24:58Z,TB,in,0.449,Q2 3:03,0.0,6650,Chase McLaughlin,K,6.7,1.0,3.41,4.41,4.41,4.69,0.197,1.0,4.41,,0.0,0
2026-10-09 01:24:58Z,TB,in,0.449,Q2 3:03,0.0,9506,Sean Tucker,RB,2.4,0.5,1.2,1.7,1.74,1.82,0.064,1.0,1.7,,0.0,0
2026-10-09 01:24:58Z,TB,in,0.449,Q2 3:03,0.0,12514,Emeka Egbuka,WR,9.1,5.5,5.08,10.58,10.71,10.51,0.144,1.0,10.58,,0.0,0
2026-10-09 01:24:58Z,DAL,in,0.449,Q2 3:03,0.0,DAL,Dallas Cowboys D/ST,DST,7.3,4.0,0.61,4.61,8.12,8.02,0.197,1.0,4.61,,0.0,0
2026-10-09 01:24:58Z,DAL,in,0.449,Q2 3:03,0.0,8137,George Pickens,WR,14.8,4.9,7.91,12.81,12.81,13.05,0.398,1.0,12.81,,0.0,0
2026-10-09 01:24:58Z,TB,in,0.449,Q2 3:03,0.0,TB,Tampa Bay Buccaneers D/ST,DST,3.1,4.0,-0.19,3.81,6.07,5.71,0.38,1.0,3.81,,0.0,0
2026-10-09 01:24:58Z,DAL,in,0.449,Q2 3:03,0.0,8917,KaVontae Turpin,WR,2.0,1.7,1.16,2.86,2.91,2.8,0.187,1.0,2.86,,0.0,0
2026-10-09 01:24:58Z,TB,in,0.449,Q2 3:03,0.0,10227,Payne Durham,TE,1.1,1.5,0.69,2.19,2.24,2.11,0.088,1.0,2.19,,0.0,0
2026-10-09 01:24:58Z,DAL,in,0.449,Q2 3:03,0.0,11593,Brevyn Spann-Ford,TE,0.6,0.0,0.3,0.3,0.29,0.33,0.449,1.0,0.3,,0.0,0
2026-10-09 01:24:58Z,TB,in,0.449,Q2 3:03,0.0,13425,Jalon Daniels,QB,15.0,7.48,8.66,16.14,15.84,15.74,0.028,1.0,16.14,,0.0,0
2026-10-09 01:24:58Z,DAL,in,0.449,Q2 3:03,0.0,11199,Emari Demercado,RB,3.7,0.0,1.7,1.7,1.81,2.04,0.449,1.0,1.7,,0.0,0
2026-10-09 01:24:58Z,DAL,in,0.449,Q2 3:03,0.0,8162,Sam Howell,QB,0.9,0.0,0.44,0.44,0.44,0.5,0.449,0.3,0.13,,0.0,0
2026-10-09 01:24:58Z,DAL,in,0.449,Q2 3:03,0.0,11783,Ryan Flournoy,WR,8.3,0.0,4.19,4.19,4.06,4.57,0.449,1.0,4.19,,0.0,0
2026-10-09 01:24:58Z,DAL,in,0.449,Q2 3:03,0.0,10871,Luke Schoonmaker,TE,1.9,0.0,0.96,0.96,0.93,1.05,0.449,1.0,0.96,,0.0,0
2026-10-09 01:24:58Z,TB,in,0.449,Q2 3:03,0.0,13317,Ted Hurst,WR,4.5,0.0,2.27,2.27,2.2,2.48,0.449,1.0,2.27,,0.0,0
2026-10-09 01:24:58Z,TB,in,0.449,Q2 3:03,0.0,12485,Tez Johnson,WR,4.2,0.0,2.12,2.12,2.05,2.31,0.449,1.0,2.12,,0.0,0
2026-10-09 01:24:58Z,DAL,in,0.449,Q2 3:03,0.0,7588,Javonte Williams,RB,18.2,12.9,10.81,23.71,23.58,22.93,0.109,1.0,23.71,,0.0,0
2026-10-09 01:25:58Z,DAL,in,0.451,Q2 2:56,0.0,11533,Brandon Aubrey,K,9.8,1.0,4.91,5.91,5.91,6.38,0.382,1.0,5.91,,0.0,0
2026-10-09 01:25:58Z,DAL,in,0.451,Q2 2:56,0.0,6786,CeeDee Lamb,WR,19.6,0.0,9.83,9.83,9.54,10.76,0.451,1.0,9.83,,0.0,0
2026-10-09 01:25:58Z,TB,in,0.451,Q2 2:56,0.0,11584,Bucky Irving,RB,11.1,11.0,7.15,18.15,17.91,17.09,0.0,1.0,18.15,,0.0,0
2026-10-09 01:25:58Z,DAL,in,0.451,Q2 2:56,0.0,3294,Dak Prescott,QB,22.1,2.2,11.18,13.38,13.26,14.33,0.134,1.0,13.38,,0.0,0
2026-10-09 01:25:58Z,TB,in,0.451,Q2 2:56,0.0,8111,Cade Otton,TE,7.9,3.4,4.27,7.67,7.71,7.74,0.298,1.0,7.67,,0.0,0
2026-10-09 01:25:58Z,TB,in,0.451,Q2 2:56,0.0,4037,Chris Godwin,WR,8.0,4.1,4.38,8.48,8.56,8.49,0.22,1.0,8.48,,0.0,0
2026-10-09 01:25:58Z,DAL,in,0.451,Q2 2:56,0.0,8110,Jake Ferguson,TE,8.8,1.2,4.52,5.72,5.65,6.03,0.173,1.0,5.72,,0.0,0
2026-10-09 01:25:58Z,TB,in,0.451,Q2 2:56,0.0,6650,Chase McLaughlin,K,6.7,1.0,3.4,4.4,4.4,4.68,0.199,1.0,4.4,,0.0,0
2026-10-09 01:25:58Z,TB,in,0.451,Q2 2:56,0.0,9506,Sean Tucker,RB,2.4,0.5,1.19,1.69,1.74,1.82,0.066,1.0,1.69,,0.0,0
2026-10-09 01:25:58Z,TB,in,0.451,Q2 2:56,0.0,12514,Emeka Egbuka,WR,9.1,5.5,5.06,10.56,10.69,10.49,0.146,1.0,10.56,,0.0,0
2026-10-09 01:25:58Z,DAL,in,0.451,Q2 2:56,0.0,DAL,Dallas Cowboys D/ST,DST,7.3,4.0,0.61,4.61,8.1,8.01,0.199,1.0,4.61,,0.0,0
2026-10-09 01:25:58Z,DAL,in,0.451,Q2 2:56,0.0,8137,George Pickens,WR,14.8,4.9,7.86,12.76,12.78,13.02,0.4,1.0,12.76,,0.0,0
2026-10-09 01:25:58Z,TB,in,0.451,Q2 2:56,0.0,TB,Tampa Bay Buccaneers D/ST,DST,3.1,4.0,-0.19,3.81,6.06,5.7,0.382,1.0,3.81,,0.0,0
2026-10-09 01:25:58Z,DAL,in,0.451,Q2 2:56,0.0,8917,KaVontae Turpin,WR,2.0,1.7,1.16,2.86,2.91,2.8,0.189,1.0,2.86,,0.0,0
2026-10-09 01:25:58Z,TB,in,0.451,Q2 2:56,0.0,10227,Payne Durham,TE,1.1,1.5,0.69,2.19,2.24,2.1,0.09,1.0,2.19,,0.0,0
2026-10-09 01:25:58Z,DAL,in,0.451,Q2 2:56,0.0,11593,Brevyn Spann-Ford,TE,0.6,0.0,0.3,0.3,0.29,0.33,0.451,1.0,0.3,,0.0,0
2026-10-09 01:25:58Z,TB,in,0.451,Q2 2:56,0.0,13425,Jalon Daniels,QB,15.0,7.48,8.61,16.09,15.81,15.71,0.03,1.0,16.09,,0.0,0
2026-10-09 01:25:58Z,DAL,in,0.451,Q2 2:56,0.0,11199,Emari Demercado,RB,3.7,0.0,1.7,1.7,1.8,2.03,0.451,1.0,1.7,,0.0,0
2026-10-09 01:25:58Z,DAL,in,0.451,Q2 2:56,0.0,8162,Sam Howell,QB,0.9,0.0,0.44,0.44,0.44,0.49,0.451,0.3,0.13,,0.0,0
2026-10-09 01:25:58Z,DAL,in,0.451,Q2 2:56,0.0,11783,Ryan Flournoy,WR,8.3,0.0,4.16,4.16,4.04,4.56,0.451,1.0,4.16,,0.0,0
2026-10-09 01:25:58Z,DAL,in,0.451,Q2 2:56,0.0,10871,Luke Schoonmaker,TE,1.9,0.0,0.95,0.95,0.93,1.04,0.451,1.0,0.95,,0.0,0
2026-10-09 01:25:58Z,TB,in,0.451,Q2 2:56,0.0,13317,Ted Hurst,WR,4.5,0.0,2.26,2.26,2.19,2.47,0.451,1.0,2.26,,0.0,0
2026-10-09 01:25:58Z,TB,in,0.451,Q2 2:56,0.0,12485,Tez Johnson,WR,4.2,0.0,2.11,2.11,2.05,2.31,0.451,1.0,2.11,,0.0,0
2026-10-09 01:25:58Z,DAL,in,0.451,Q2 2:56,0.0,7588,Javonte Williams,RB,18.2,12.9,10.76,23.66,23.53,22.89,0.111,1.0,23.66,,0.0,0
2026-10-09 01:26:58Z,DAL,in,0.463,Q2 2:14,0.0,11533,Brandon Aubrey,K,9.8,1.0,4.79,5.79,5.79,6.26,0.394,1.0,5.79,,0.0,0
2026-10-09 01:26:58Z,DAL,in,0.463,Q2 2:14,0.0,6786,CeeDee Lamb,WR,19.6,0.0,9.49,9.49,9.31,10.53,0.463,1.0,9.49,,0.0,0
2026-10-09 01:26:58Z,TB,in,0.463,Q2 2:14,0.0,11584,Bucky Irving,RB,11.1,11.0,6.93,17.93,17.75,16.96,0.012,1.0,17.93,,0.0,0
2026-10-09 01:26:58Z,DAL,in,0.463,Q2 2:14,0.0,3294,Dak Prescott,QB,22.1,2.2,10.78,12.98,12.99,14.07,0.146,1.0,12.98,,0.0,0
2026-10-09 01:26:58Z,TB,in,0.463,Q2 2:14,0.0,8111,Cade Otton,TE,7.9,3.4,4.12,7.52,7.61,7.64,0.31,1.0,7.52,,0.0,0
2026-10-09 01:26:58Z,TB,in,0.463,Q2 2:14,0.0,4037,Chris Godwin,WR,8.0,4.1,4.23,8.33,8.45,8.4,0.231,1.0,8.33,,0.0,0
2026-10-09 01:26:58Z,DAL,in,0.463,Q2 2:14,0.0,8110,Jake Ferguson,TE,8.8,1.2,4.37,5.57,5.54,5.93,0.185,1.0,5.57,,0.0,0
2026-10-09 01:26:58Z,TB,in,0.463,Q2 2:14,0.0,6650,Chase McLaughlin,K,6.7,1.0,3.32,4.32,4.32,4.6,0.211,1.0,4.32,,0.0,0
2026-10-09 01:26:58Z,TB,in,0.463,Q2 2:14,0.0,9506,Sean Tucker,RB,2.4,0.5,1.16,1.66,1.71,1.79,0.078,1.0,1.66,,0.0,0
2026-10-09 01:26:58Z,TB,in,0.463,Q2 2:14,0.0,12514,Emeka Egbuka,WR,9.1,5.5,4.89,10.39,10.56,10.39,0.157,1.0,10.39,,0.0,0
2026-10-09 01:26:58Z,DAL,in,0.463,Q2 2:14,0.0,DAL,Dallas Cowboys D/ST,DST,7.3,4.0,0.6,4.6,8.01,7.92,0.211,1.0,4.6,,0.0,0
2026-10-09 01:26:58Z,DAL,in,0.463,Q2 2:14,0.0,8137,George Pickens,WR,14.8,4.9,7.59,12.49,12.59,12.85,0.412,1.0,12.49,,0.0,0
2026-10-09 01:26:58Z,TB,in,0.463,Q2 2:14,0.0,TB,Tampa Bay Buccaneers D/ST,DST,3.1,4.0,-0.17,3.83,6.01,5.67,0.394,1.0,3.83,,0.0,0
2026-10-09 01:26:58Z,DAL,in,0.463,Q2 2:14,0.0,8917,KaVontae Turpin,WR,2.0,1.7,1.12,2.82,2.88,2.77,0.2,1.0,2.82,,0.0,0
2026-10-09 01:26:58Z,TB,in,0.463,Q2 2:14,0.0,10227,Payne Durham,TE,1.1,1.5,0.66,2.16,2.22,2.09,0.101,1.0,2.16,,0.0,0
2026-10-09 01:26:58Z,DAL,in,0.463,Q2 2:14,0.0,11593,Brevyn Spann-Ford,TE,0.6,0.0,0.29,0.29,0.29,0.32,0.463,1.0,0.29,,0.0,0
2026-10-09 01:26:58Z,TB,in,0.463,Q2 2:14,0.0,13425,Jalon Daniels,QB,15.0,7.48,8.3,15.78,15.61,15.54,0.041,1.0,15.78,,0.0,0
2026-10-09 01:26:58Z,DAL,in,0.463,Q2 2:14,0.0,11199,Emari Demercado,RB,3.7,0.0,1.64,1.64,1.76,1.99,0.463,1.0,1.64,,0.0,0
2026-10-09 01:26:58Z,DAL,in,0.463,Q2 2:14,0.0,8162,Sam Howell,QB,0.9,0.0,0.42,0.42,0.43,0.48,0.463,0.3,0.13,,0.0,0
2026-10-09 01:26:58Z,DAL,in,0.463,Q2 2:14,0.0,11783,Ryan Flournoy,WR,8.3,0.0,4.02,4.02,3.94,4.46,0.463,1.0,4.02,,0.0,0
2026-10-09 01:26:58Z,DAL,in,0.463,Q2 2:14,0.0,10871,Luke Schoonmaker,TE,1.9,0.0,0.92,0.92,0.9,1.02,0.463,1.0,0.92,,0.0,0
2026-10-09 01:26:58Z,TB,in,0.463,Q2 2:14,0.0,13317,Ted Hurst,WR,4.5,0.0,2.18,2.18,2.14,2.42,0.463,1.0,2.18,,0.0,0
2026-10-09 01:26:58Z,TB,in,0.463,Q2 2:14,0.0,12485,Tez Johnson,WR,4.2,0.0,2.03,2.03,2.0,2.26,0.463,1.0,2.03,,0.0,0
2026-10-09 01:26:58Z,DAL,in,0.463,Q2 2:14,0.0,7588,Javonte Williams,RB,18.2,12.9,10.43,23.33,23.28,22.68,0.123,1.0,23.33,,0.0,0
2026-10-09 01:27:59Z,DAL,in,0.467,Q2 2:00,0.0,11533,Brandon Aubrey,K,9.8,1.0,4.75,5.75,5.75,6.23,0.398,1.0,5.75,,0.0,0
2026-10-09 01:27:59Z,DAL,in,0.467,Q2 2:00,0.0,6786,CeeDee Lamb,WR,19.6,0.0,9.38,9.38,9.23,10.45,0.467,1.0,9.38,,0.0,0
2026-10-09 01:27:59Z,TB,in,0.467,Q2 2:00,0.0,11584,Bucky Irving,RB,11.1,11.0,6.86,17.86,17.7,16.92,0.016,1.0,17.86,,0.0,0
2026-10-09 01:27:59Z,DAL,in,0.467,Q2 2:00,0.0,3294,Dak Prescott,QB,22.1,2.2,10.65,12.85,12.9,13.99,0.15,1.0,12.85,,0.0,0
2026-10-09 01:27:59Z,TB,in,0.467,Q2 2:00,0.0,8111,Cade Otton,TE,7.9,3.4,4.07,7.47,7.58,7.61,0.314,1.0,7.47,,0.0,0
2026-10-09 01:27:59Z,TB,in,0.467,Q2 2:00,0.0,4037,Chris Godwin,WR,8.0,4.1,4.18,8.28,8.42,8.37,0.235,1.0,8.28,,0.0,0
2026-10-09 01:27:59Z,DAL,in,0.467,Q2 2:00,0.0,8110,Jake Ferguson,TE,8.8,1.2,4.31,5.51,5.51,5.89,0.189,1.0,5.51,,0.0,0
2026-10-09 01:27:59Z,TB,in,0.467,Q2 2:00,0.0,6650,Chase McLaughlin,K,6.7,1.0,3.29,4.29,4.29,4.57,0.215,1.0,4.29,,0.0,0
2026-10-09 01:27:59Z,TB,in,0.467,Q2 2:00,0.0,9506,Sean Tucker,RB,2.4,0.5,1.14,1.64,1.7,1.78,0.082,1.0,1.64,,0.0,0
2026-10-09 01:27:59Z,TB,in,0.467,Q2 2:00,0.0,12514,Emeka Egbuka,WR,9.1,5.5,4.83,10.33,10.52,10.35,0.161,1.0,10.33,,0.0,0
2026-10-09 01:27:59Z,DAL,in,0.467,Q2 2:00,0.0,DAL,Dallas Cowboys D/ST,DST,7.3,4.0,0.6,4.6,7.97,7.89,0.215,1.0,4.6,,0.0,0
2026-10-09 01:27:59Z,DAL,in,0.467,Q2 2:00,0.0,8137,George Pickens,WR,14.8,4.9,7.51,12.41,12.53,12.79,0.416,1.0,12.41,,0.0,0
2026-10-09 01:27:59Z,TB,in,0.467,Q2 2:00,0.0,TB,Tampa Bay Buccaneers D/ST,DST,3.1,4.0,-0.17,3.83,5.99,5.65,0.398,1.0,3.83,,0.0,0
2026-10-09 01:27:59Z,DAL,in,0.467,Q2 2:00,0.0,8917,KaVontae Turpin,WR,2.0,1.7,1.1,2.8,2.87,2.77,0.204,1.0,2.8,,0.0,0
2026-10-09 01:27:59Z,TB,in,0.467,Q2 2:00,0.0,10227,Payne Durham,TE,1.1,1.5,0.66,2.16,2.22,2.09,0.105,1.0,2.16,,0.0,0
2026-10-09 01:27:59Z,DAL,in,0.467,Q2 2:00,0.0,11593,Brevyn Spann-Ford,TE,0.6,0.0,0.29,0.29,0.28,0.32,0.467,1.0,0.29,,0.0,0
2026-10-09 01:27:59Z,TB,in,0.467,Q2 2:00,0.0,13425,Jalon Daniels,QB,15.0,7.48,8.19,15.67,15.54,15.48,0.045,1.0,15.67,,0.0,0
2026-10-09 01:27:59Z,DAL,in,0.467,Q2 2:00,0.0,11199,Emari Demercado,RB,3.7,0.0,1.62,1.62,1.74,1.97,0.467,1.0,1.62,,0.0,0
2026-10-09 01:27:59Z,DAL,in,0.467,Q2 2:00,0.0,8162,Sam Howell,QB,0.9,0.0,0.42,0.42,0.42,0.48,0.467,0.3,0.13,,0.0,0
2026-10-09 01:27:59Z,DAL,in,0.467,Q2 2:00,0.0,11783,Ryan Flournoy,WR,8.3,0.0,3.97,3.97,3.91,4.43,0.467,1.0,3.97,,0.0,0
2026-10-09 01:27:59Z,DAL,in,0.467,Q2 2:00,0.0,10871,Luke Schoonmaker,TE,1.9,0.0,0.91,0.91,0.9,1.01,0.467,1.0,0.91,,0.0,0
2026-10-09 01:27:59Z,TB,in,0.467,Q2 2:00,0.0,13317,Ted Hurst,WR,4.5,0.0,2.15,2.15,2.12,2.4,0.467,1.0,2.15,,0.0,0
2026-10-09 01:27:59Z,TB,in,0.467,Q2 2:00,0.0,12485,Tez Johnson,WR,4.2,0.0,2.01,2.01,1.98,2.24,0.467,1.0,2.01,,0.0,0
2026-10-09 01:27:59Z,DAL,in,0.467,Q2 2:00,0.0,7588,Javonte Williams,RB,18.2,12.9,10.32,23.22,23.19,22.61,0.127,1.0,23.22,,0.0,0
2026-10-09 01:28:59Z,DAL,in,0.467,Q2 2:00,0.0,11533,Brandon Aubrey,K,9.8,1.0,4.75,5.75,5.75,6.23,0.398,1.0,5.75,,0.0,0
2026-10-09 01:28:59Z,DAL,in,0.467,Q2 2:00,0.0,6786,CeeDee Lamb,WR,19.6,0.0,9.38,9.38,9.23,10.45,0.467,1.0,9.38,,0.0,0
2026-10-09 01:28:59Z,TB,in,0.467,Q2 2:00,0.0,11584,Bucky Irving,RB,11.1,11.0,6.86,17.86,17.7,16.92,0.016,1.0,17.86,,0.0,0
2026-10-09 01:28:59Z,DAL,in,0.467,Q2 2:00,0.0,3294,Dak Prescott,QB,22.1,2.2,10.65,12.85,12.9,13.99,0.15,1.0,12.85,,0.0,0
2026-10-09 01:28:59Z,TB,in,0.467,Q2 2:00,0.0,8111,Cade Otton,TE,7.9,3.4,4.07,7.47,7.58,7.61,0.314,1.0,7.47,,0.0,0
2026-10-09 01:28:59Z,TB,in,0.467,Q2 2:00,0.0,4037,Chris Godwin,WR,8.0,4.1,4.18,8.28,8.42,8.37,0.235,1.0,8.28,,0.0,0
2026-10-09 01:28:59Z,DAL,in,0.467,Q2 2:00,0.0,8110,Jake Ferguson,TE,8.8,1.2,4.31,5.51,5.51,5.89,0.189,1.0,5.51,,0.0,0
2026-10-09 01:28:59Z,TB,in,0.467,Q2 2:00,0.0,6650,Chase McLaughlin,K,6.7,1.0,3.29,4.29,4.29,4.57,0.215,1.0,4.29,,0.0,0
2026-10-09 01:28:59Z,TB,in,0.467,Q2 2:00,0.0,9506,Sean Tucker,RB,2.4,0.5,1.14,1.64,1.7,1.78,0.082,1.0,1.64,,0.0,0
2026-10-09 01:28:59Z,TB,in,0.467,Q2 2:00,0.0,12514,Emeka Egbuka,WR,9.1,5.5,4.83,10.33,10.52,10.35,0.161,1.0,10.33,,0.0,0
2026-10-09 01:28:59Z,DAL,in,0.467,Q2 2:00,0.0,DAL,Dallas Cowboys D/ST,DST,7.3,4.0,0.6,4.6,7.97,7.89,0.215,1.0,4.6,,0.0,0
2026-10-09 01:28:59Z,DAL,in,0.467,Q2 2:00,0.0,8137,George Pickens,WR,14.8,4.9,7.51,12.41,12.53,12.79,0.416,1.0,12.41,,0.0,0
2026-10-09 01:28:59Z,TB,in,0.467,Q2 2:00,0.0,TB,Tampa Bay Buccaneers D/ST,DST,3.1,4.0,-0.17,3.83,5.99,5.65,0.398,1.0,3.83,,0.0,0
2026-10-09 01:28:59Z,DAL,in,0.467,Q2 2:00,0.0,8917,KaVontae Turpin,WR,2.0,1.7,1.1,2.8,2.87,2.77,0.204,1.0,2.8,,0.0,0
2026-10-09 01:28:59Z,TB,in,0.467,Q2 2:00,0.0,10227,Payne Durham,TE,1.1,1.5,0.66,2.16,2.22,2.09,0.105,1.0,2.16,,0.0,0
2026-10-09 01:28:59Z,DAL,in,0.467,Q2 2:00,0.0,11593,Brevyn Spann-Ford,TE,0.6,0.0,0.29,0.29,0.28,0.32,0.467,1.0,0.29,,0.0,0
2026-10-09 01:28:59Z,TB,in,0.467,Q2 2:00,0.0,13425,Jalon Daniels,QB,15.0,7.48,8.19,15.67,15.54,15.48,0.045,1.0,15.67,,0.0,0
2026-10-09 01:28:59Z,DAL,in,0.467,Q2 2:00,0.0,11199,Emari Demercado,RB,3.7,0.0,1.62,1.62,1.74,1.97,0.467,1.0,1.62,,0.0,0
2026-10-09 01:28:59Z,DAL,in,0.467,Q2 2:00,0.0,8162,Sam Howell,QB,0.9,0.0,0.42,0.42,0.42,0.48,0.467,0.3,0.13,,0.0,0
2026-10-09 01:28:59Z,DAL,in,0.467,Q2 2:00,0.0,11783,Ryan Flournoy,WR,8.3,0.0,3.97,3.97,3.91,4.43,0.467,1.0,3.97,,0.0,0
2026-10-09 01:28:59Z,DAL,in,0.467,Q2 2:00,0.0,10871,Luke Schoonmaker,TE,1.9,0.0,0.91,0.91,0.9,1.01,0.467,1.0,0.91,,0.0,0
2026-10-09 01:28:59Z,TB,in,0.467,Q2 2:00,0.0,13317,Ted Hurst,WR,4.5,0.0,2.15,2.15,2.12,2.4,0.467,1.0,2.15,,0.0,0
2026-10-09 01:28:59Z,TB,in,0.467,Q2 2:00,0.0,12485,Tez Johnson,WR,4.2,0.0,2.01,2.01,1.98,2.24,0.467,1.0,2.01,,0.0,0
2026-10-09 01:28:59Z,DAL,in,0.467,Q2 2:00,0.0,7588,Javonte Williams,RB,18.2,12.9,10.32,23.22,23.19,22.61,0.127,1.0,23.22,,0.0,0
2026-10-09 01:29:59Z,DAL,in,0.467,Q2 2:00,0.0,11533,Brandon Aubrey,K,9.8,1.0,4.75,5.75,5.75,6.23,0.398,1.0,5.75,,0.0,0
2026-10-09 01:29:59Z,DAL,in,0.467,Q2 2:00,0.0,6786,CeeDee Lamb,WR,19.6,0.0,9.38,9.38,9.23,10.45,0.467,1.0,9.38,,0.0,0
2026-10-09 01:29:59Z,TB,in,0.467,Q2 2:00,0.0,11584,Bucky Irving,RB,11.1,11.0,6.86,17.86,17.7,16.92,0.016,1.0,17.86,,0.0,0
2026-10-09 01:29:59Z,DAL,in,0.467,Q2 2:00,0.0,3294,Dak Prescott,QB,22.1,2.2,10.65,12.85,12.9,13.99,0.15,1.0,12.85,,0.0,0
2026-10-09 01:29:59Z,TB,in,0.467,Q2 2:00,0.0,8111,Cade Otton,TE,7.9,3.4,4.07,7.47,7.58,7.61,0.314,1.0,7.47,,0.0,0
2026-10-09 01:29:59Z,TB,in,0.467,Q2 2:00,0.0,4037,Chris Godwin,WR,8.0,4.1,4.18,8.28,8.42,8.37,0.235,1.0,8.28,,0.0,0
2026-10-09 01:29:59Z,DAL,in,0.467,Q2 2:00,0.0,8110,Jake Ferguson,TE,8.8,1.2,4.31,5.51,5.51,5.89,0.189,1.0,5.51,,0.0,0
2026-10-09 01:29:59Z,TB,in,0.467,Q2 2:00,0.0,6650,Chase McLaughlin,K,6.7,1.0,3.29,4.29,4.29,4.57,0.215,1.0,4.29,,0.0,0
2026-10-09 01:29:59Z,TB,in,0.467,Q2 2:00,0.0,9506,Sean Tucker,RB,2.4,0.5,1.14,1.64,1.7,1.78,0.082,1.0,1.64,,0.0,0
2026-10-09 01:29:59Z,TB,in,0.467,Q2 2:00,0.0,12514,Emeka Egbuka,WR,9.1,5.5,4.83,10.33,10.52,10.35,0.161,1.0,10.33,,0.0,0
2026-10-09 01:29:59Z,DAL,in,0.467,Q2 2:00,0.0,DAL,Dallas Cowboys D/ST,DST,7.3,4.0,0.6,4.6,7.97,7.89,0.215,1.0,4.6,,0.0,0
2026-10-09 01:29:59Z,DAL,in,0.467,Q2 2:00,0.0,8137,George Pickens,WR,14.8,4.9,7.51,12.41,12.53,12.79,0.416,1.0,12.41,,0.0,0
2026-10-09 01:29:59Z,TB,in,0.467,Q2 2:00,0.0,TB,Tampa Bay Buccaneers D/ST,DST,3.1,4.0,-0.17,3.83,5.99,5.65,0.398,1.0,3.83,,0.0,0
2026-10-09 01:29:59Z,DAL,in,0.467,Q2 2:00,0.0,8917,KaVontae Turpin,WR,2.0,1.7,1.1,2.8,2.87,2.77,0.204,1.0,2.8,,0.0,0
2026-10-09 01:29:59Z,TB,in,0.467,Q2 2:00,0.0,10227,Payne Durham,TE,1.1,1.5,0.66,2.16,2.22,2.09,0.105,1.0,2.16,,0.0,0
2026-10-09 01:29:59Z,DAL,in,0.467,Q2 2:00,0.0,11593,Brevyn Spann-Ford,TE,0.6,0.0,0.29,0.29,0.28,0.32,0.467,1.0,0.29,,0.0,0
2026-10-09 01:29:59Z,TB,in,0.467,Q2 2:00,0.0,13425,Jalon Daniels,QB,15.0,7.48,8.19,15.67,15.54,15.48,0.045,1.0,15.67,,0.0,0
2026-10-09 01:29:59Z,DAL,in,0.467,Q2 2:00,0.0,11199,Emari Demercado,RB,3.7,0.0,1.62,1.62,1.74,1.97,0.467,1.0,1.62,,0.0,0
2026-10-09 01:29:59Z,DAL,in,0.467,Q2 2:00,0.0,8162,Sam Howell,QB,0.9,0.0,0.42,0.42,0.42,0.48,0.467,0.3,0.13,,0.0,0
2026-10-09 01:29:59Z,DAL,in,0.467,Q2 2:00,0.0,11783,Ryan Flournoy,WR,8.3,0.0,3.97,3.97,3.91,4.43,0.467,1.0,3.97,,0.0,0
2026-10-09 01:29:59Z,DAL,in,0.467,Q2 2:00,0.0,10871,Luke Schoonmaker,TE,1.9,0.0,0.91,0.91,0.9,1.01,0.467,1.0,0.91,,0.0,0
2026-10-09 01:29:59Z,TB,in,0.467,Q2 2:00,0.0,13317,Ted Hurst,WR,4.5,0.0,2.15,2.15,2.12,2.4,0.467,1.0,2.15,,0.0,0
2026-10-09 01:29:59Z,TB,in,0.467,Q2 2:00,0.0,12485,Tez Johnson,WR,4.2,0.0,2.01,2.01,1.98,2.24,0.467,1.0,2.01,,0.0,0
2026-10-09 01:29:59Z,DAL,in,0.467,Q2 2:00,0.0,7588,Javonte Williams,RB,18.2,12.9,10.32,23.22,23.19,22.61,0.127,1.0,23.22,,0.0,0
2026-10-09 01:31:00Z,DAL,in,0.469,Q2 1:52,0.0,11533,Brandon Aubrey,K,9.8,1.0,4.73,5.73,5.73,6.2,0.4,1.0,5.73,,0.0,0
2026-10-09 01:31:00Z,DAL,in,0.469,Q2 1:52,0.0,6786,CeeDee Lamb,WR,19.6,0.0,9.31,9.31,9.19,10.41,0.469,1.0,9.31,,0.0,0
2026-10-09 01:31:00Z,TB,in,0.469,Q2 1:52,0.0,11584,Bucky Irving,RB,11.1,11.0,6.82,17.82,17.66,16.9,0.018,1.0,17.82,,0.0,0
2026-10-09 01:31:00Z,DAL,in,0.469,Q2 1:52,0.0,3294,Dak Prescott,QB,22.1,2.2,10.57,12.77,12.85,13.94,0.152,0.993,12.7,,0.0,0
2026-10-09 01:31:00Z,TB,in,0.469,Q2 1:52,0.0,8111,Cade Otton,TE,7.9,3.4,4.05,7.45,7.56,7.6,0.316,1.0,7.45,,0.0,0
2026-10-09 01:31:00Z,TB,in,0.469,Q2 1:52,0.0,4037,Chris Godwin,WR,8.0,4.1,4.16,8.26,8.4,8.35,0.238,1.0,8.26,,0.0,0
2026-10-09 01:31:00Z,DAL,in,0.469,Q2 1:52,0.0,8110,Jake Ferguson,TE,8.8,1.2,4.28,5.48,5.49,5.87,0.191,1.0,5.48,,0.0,0
2026-10-09 01:31:00Z,TB,in,0.469,Q2 1:52,0.0,6650,Chase McLaughlin,K,6.7,1.0,3.27,4.27,4.27,4.56,0.217,1.0,4.27,,0.0,0
2026-10-09 01:31:00Z,TB,in,0.469,Q2 1:52,0.0,9506,Sean Tucker,RB,2.4,0.5,1.14,1.64,1.69,1.77,0.084,1.0,1.64,,0.0,0
2026-10-09 01:31:00Z,TB,in,0.469,Q2 1:52,0.0,12514,Emeka Egbuka,WR,9.1,5.5,4.8,10.3,10.5,10.33,0.163,1.0,10.3,,0.0,0
2026-10-09 01:31:00Z,DAL,in,0.469,Q2 1:52,0.0,DAL,Dallas Cowboys D/ST,DST,7.3,4.0,0.6,4.6,7.95,7.88,0.217,1.0,4.6,,0.0,0
2026-10-09 01:31:00Z,DAL,in,0.469,Q2 1:52,0.0,8137,George Pickens,WR,14.8,4.9,7.46,12.36,12.49,12.76,0.418,1.0,12.36,,0.0,0
2026-10-09 01:31:00Z,TB,in,0.469,Q2 1:52,0.0,TB,Tampa Bay Buccaneers D/ST,DST,3.1,4.0,-0.16,3.84,5.98,5.65,0.4,1.0,3.84,,0.0,0
2026-10-09 01:31:00Z,DAL,in,0.469,Q2 1:52,0.0,8917,KaVontae Turpin,WR,2.0,1.7,1.1,2.8,2.86,2.76,0.206,1.0,2.8,,0.0,0
2026-10-09 01:31:00Z,TB,in,0.469,Q2 1:52,0.0,10227,Payne Durham,TE,1.1,1.5,0.65,2.15,2.21,2.08,0.108,1.0,2.15,,0.0,0
2026-10-09 01:31:00Z,DAL,in,0.469,Q2 1:52,0.0,11593,Brevyn Spann-Ford,TE,0.6,0.0,0.29,0.29,0.28,0.32,0.469,1.0,0.29,,0.0,0
2026-10-09 01:31:00Z,TB,in,0.469,Q2 1:52,0.0,13425,Jalon Daniels,QB,15.0,7.48,8.14,15.62,15.51,15.45,0.048,1.0,15.62,,0.0,0
2026-10-09 01:31:00Z,DAL,in,0.469,Q2 1:52,0.0,11199,Emari Demercado,RB,3.7,0.0,1.61,1.61,1.73,1.97,0.469,1.0,1.61,,0.0,0
2026-10-09 01:31:00Z,DAL,in,0.469,Q2 1:52,0.0,8162,Sam Howell,QB,0.9,0.0,0.42,0.42,0.42,0.48,0.469,0.3,0.12,,0.0,0
2026-10-09 01:31:00Z,DAL,in,0.469,Q2 1:52,0.0,11783,Ryan Flournoy,WR,8.3,0.0,3.94,3.94,3.89,4.41,0.469,1.0,3.94,,0.0,0
2026-10-09 01:31:00Z,DAL,in,0.469,Q2 1:52,0.0,10871,Luke Schoonmaker,TE,1.9,0.0,0.9,0.9,0.89,1.01,0.469,1.0,0.9,,0.0,0
2026-10-09 01:31:00Z,TB,in,0.469,Q2 1:52,0.0,13317,Ted Hurst,WR,4.5,0.0,2.14,2.14,2.11,2.39,0.469,1.0,2.14,,0.0,0
2026-10-09 01:31:00Z,TB,in,0.469,Q2 1:52,0.0,12485,Tez Johnson,WR,4.2,0.0,2.0,2.0,1.97,2.23,0.469,1.0,2.0,,0.0,0
2026-10-09 01:31:00Z,DAL,in,0.469,Q2 1:52,0.0,7588,Javonte Williams,RB,18.2,12.9,10.26,23.16,23.15,22.57,0.129,1.0,23.16,,0.0,0
2026-10-09 01:32:00Z,DAL,in,0.469,Q2 1:52,0.0,11533,Brandon Aubrey,K,9.8,1.0,4.73,5.73,5.73,6.2,0.4,1.0,5.73,,0.0,0
2026-10-09 01:32:00Z,DAL,in,0.469,Q2 1:52,0.0,6786,CeeDee Lamb,WR,19.6,0.0,9.31,9.31,9.19,10.41,0.469,1.0,9.31,,0.0,0
2026-10-09 01:32:00Z,TB,in,0.469,Q2 1:52,0.0,11584,Bucky Irving,RB,11.1,11.0,6.82,17.82,17.66,16.9,0.018,1.0,17.82,,0.0,0
2026-10-09 01:32:00Z,DAL,in,0.469,Q2 1:52,0.0,3294,Dak Prescott,QB,22.1,4.12,10.88,15.0,15.03,15.86,0.0,1.0,15.0,,0.0,0
2026-10-09 01:32:00Z,TB,in,0.469,Q2 1:52,0.0,8111,Cade Otton,TE,7.9,3.4,4.05,7.45,7.56,7.6,0.316,1.0,7.45,,0.0,0
2026-10-09 01:32:00Z,TB,in,0.469,Q2 1:52,0.0,4037,Chris Godwin,WR,8.0,4.1,4.16,8.26,8.4,8.35,0.238,1.0,8.26,,0.0,0
2026-10-09 01:32:00Z,DAL,in,0.469,Q2 1:52,0.0,8110,Jake Ferguson,TE,8.8,1.2,4.28,5.48,5.49,5.87,0.191,1.0,5.48,,0.0,0
2026-10-09 01:32:00Z,TB,in,0.469,Q2 1:52,0.0,6650,Chase McLaughlin,K,6.7,1.0,3.27,4.27,4.27,4.56,0.217,1.0,4.27,,0.0,0
2026-10-09 01:32:00Z,TB,in,0.469,Q2 1:52,0.0,9506,Sean Tucker,RB,2.4,0.5,1.14,1.64,1.69,1.77,0.084,1.0,1.64,,0.0,0
2026-10-09 01:32:00Z,TB,in,0.469,Q2 1:52,0.0,12514,Emeka Egbuka,WR,9.1,5.5,4.8,10.3,10.5,10.33,0.163,1.0,10.3,,0.0,0
2026-10-09 01:32:00Z,DAL,in,0.469,Q2 1:52,0.0,DAL,Dallas Cowboys D/ST,DST,7.3,4.0,0.6,4.6,7.95,7.88,0.217,1.0,4.6,,0.0,0
2026-10-09 01:32:00Z,DAL,in,0.469,Q2 1:52,0.0,8137,George Pickens,WR,14.8,4.9,7.46,12.36,12.49,12.76,0.418,1.0,12.36,,0.0,0
2026-10-09 01:32:00Z,TB,in,0.469,Q2 1:52,0.0,TB,Tampa Bay Buccaneers D/ST,DST,3.1,4.0,-0.16,3.84,5.98,5.65,0.4,1.0,3.84,,0.0,0
2026-10-09 01:32:00Z,DAL,in,0.469,Q2 1:52,0.0,8917,KaVontae Turpin,WR,2.0,1.7,1.1,2.8,2.86,2.76,0.206,1.0,2.8,,0.0,0
2026-10-09 01:32:00Z,TB,in,0.469,Q2 1:52,0.0,10227,Payne Durham,TE,1.1,1.5,0.65,2.15,2.21,2.08,0.108,1.0,2.15,,0.0,0
2026-10-09 01:32:00Z,DAL,in,0.469,Q2 1:52,0.0,11593,Brevyn Spann-Ford,TE,0.6,0.0,0.29,0.29,0.28,0.32,0.469,1.0,0.29,,0.0,0
2026-10-09 01:32:00Z,TB,in,0.469,Q2 1:52,0.0,13425,Jalon Daniels,QB,15.0,7.48,8.14,15.62,15.51,15.45,0.048,1.0,15.62,,0.0,0
2026-10-09 01:32:00Z,DAL,in,0.469,Q2 1:52,0.0,11199,Emari Demercado,RB,3.7,0.0,1.61,1.61,1.73,1.97,0.469,1.0,1.61,,0.0,0
2026-10-09 01:32:00Z,DAL,in,0.469,Q2 1:52,0.0,8162,Sam Howell,QB,0.9,0.0,0.42,0.42,0.42,0.48,0.469,0.3,0.12,,0.0,0
2026-10-09 01:32:00Z,DAL,in,0.469,Q2 1:52,0.0,11783,Ryan Flournoy,WR,8.3,5.8,4.45,10.25,10.46,10.21,0.0,1.0,10.25,,0.0,0
2026-10-09 01:32:00Z,DAL,in,0.469,Q2 1:52,0.0,10871,Luke Schoonmaker,TE,1.9,0.0,0.9,0.9,0.89,1.01,0.469,1.0,0.9,,0.0,0
2026-10-09 01:32:00Z,TB,in,0.469,Q2 1:52,0.0,13317,Ted Hurst,WR,4.5,0.0,2.14,2.14,2.11,2.39,0.469,1.0,2.14,,0.0,0
2026-10-09 01:32:00Z,TB,in,0.469,Q2 1:52,0.0,12485,Tez Johnson,WR,4.2,0.0,2.0,2.0,1.97,2.23,0.469,1.0,2.0,,0.0,0
2026-10-09 01:32:00Z,DAL,in,0.469,Q2 1:52,0.0,7588,Javonte Williams,RB,18.2,12.9,10.26,23.16,23.15,22.57,0.129,1.0,23.16,,0.0,0
2026-10-09 01:33:00Z,DAL,in,0.484,Q2 0:58,0.0,11533,Brandon Aubrey,K,9.8,1.0,4.58,5.58,5.58,6.06,0.415,1.0,5.58,,0.0,0
2026-10-09 01:33:00Z,DAL,in,0.484,Q2 0:58,0.0,6786,CeeDee Lamb,WR,19.6,0.0,8.89,8.89,8.89,10.12,0.484,1.0,8.89,,0.0,0
2026-10-09 01:33:00Z,TB,in,0.484,Q2 0:58,0.0,11584,Bucky Irving,RB,11.1,11.0,6.55,17.55,17.46,16.73,0.033,1.0,17.55,,0.0,0
2026-10-09 01:33:00Z,DAL,in,0.484,Q2 0:58,0.0,3294,Dak Prescott,QB,22.1,4.4,10.41,14.81,14.99,15.81,0.0,1.0,14.81,,0.0,0
2026-10-09 01:33:00Z,TB,in,0.484,Q2 0:58,0.0,8111,Cade Otton,TE,7.9,3.4,3.87,7.27,7.42,7.48,0.331,1.0,7.27,,0.0,0
2026-10-09 01:33:00Z,TB,in,0.484,Q2 0:58,0.0,4037,Chris Godwin,WR,8.0,4.1,3.97,8.07,8.26,8.23,0.252,1.0,8.07,,0.0,0
2026-10-09 01:33:00Z,DAL,in,0.484,Q2 0:58,0.0,8110,Jake Ferguson,TE,8.8,1.2,4.09,5.29,5.35,5.74,0.206,1.0,5.29,,0.0,0
2026-10-09 01:33:00Z,TB,in,0.484,Q2 0:58,0.0,6650,Chase McLaughlin,K,6.7,1.0,3.17,4.17,4.17,4.46,0.232,1.0,4.17,,0.0,0
2026-10-09 01:33:00Z,TB,in,0.484,Q2 0:58,0.0,9506,Sean Tucker,RB,2.4,0.5,1.09,1.59,1.65,1.74,0.099,1.0,1.59,,0.0,0
2026-10-09 01:33:00Z,TB,in,0.484,Q2 0:58,0.0,12514,Emeka Egbuka,WR,9.1,5.5,4.59,10.09,10.34,10.2,0.178,1.0,10.09,,0.0,0
2026-10-09 01:33:00Z,DAL,in,0.484,Q2 0:58,0.0,DAL,Dallas Cowboys D/ST,DST,7.3,4.0,0.59,4.59,7.83,7.77,0.232,1.0,4.59,,0.0,0
2026-10-09 01:33:00Z,DAL,in,0.484,Q2 0:58,0.0,8137,George Pickens,WR,14.8,6.6,7.27,13.87,14.17,14.24,0.0,1.0,13.87,,0.0,0
2026-10-09 01:33:00Z,TB,in,0.484,Q2 0:58,0.0,TB,Tampa Bay Buccaneers D/ST,DST,3.1,4.0,-0.14,3.86,5.92,5.6,0.415,1.0,3.86,,0.0,0
2026-10-09 01:33:00Z,DAL,in,0.484,Q2 0:58,0.0,8917,KaVontae Turpin,WR,2.0,1.7,1.05,2.75,2.83,2.73,0.221,1.0,2.75,,0.0,0
2026-10-09 01:33:00Z,TB,in,0.484,Q2 0:58,0.0,10227,Payne Durham,TE,1.1,1.5,0.62,2.12,2.19,2.07,0.122,1.0,2.12,,0.0,0
2026-10-09 01:33:00Z,DAL,in,0.484,Q2 0:58,0.0,11593,Brevyn Spann-Ford,TE,0.6,0.0,0.27,0.27,0.27,0.31,0.484,1.0,0.27,,0.0,0
2026-10-09 01:33:00Z,TB,in,0.484,Q2 0:58,0.0,13425,Jalon Daniels,QB,15.0,7.48,7.75,15.23,15.25,15.22,0.062,1.0,15.23,,0.0,0
2026-10-09 01:33:00Z,DAL,in,0.484,Q2 0:58,0.0,11199,Emari Demercado,RB,3.7,0.0,1.55,1.55,1.68,1.91,0.484,1.0,1.55,,0.0,0
2026-10-09 01:33:00Z,DAL,in,0.484,Q2 0:58,0.0,8162,Sam Howell,QB,0.9,0.0,0.4,0.4,0.41,0.46,0.484,0.3,0.12,,0.0,0
2026-10-09 01:33:00Z,DAL,in,0.484,Q2 0:58,0.0,11783,Ryan Flournoy,WR,8.3,5.8,4.25,10.05,10.31,10.08,0.015,1.0,10.05,,0.0,0
2026-10-09 01:33:00Z,DAL,in,0.484,Q2 0:58,0.0,10871,Luke Schoonmaker,TE,1.9,0.0,0.86,0.86,0.86,0.98,0.484,1.0,0.86,,0.0,0
2026-10-09 01:33:00Z,TB,in,0.484,Q2 0:58,0.0,13317,Ted Hurst,WR,4.5,0.0,2.04,2.04,2.04,2.32,0.484,1.0,2.04,,0.0,0
2026-10-09 01:33:00Z,TB,in,0.484,Q2 0:58,0.0,12485,Tez Johnson,WR,4.2,0.0,1.9,1.9,1.91,2.17,0.484,1.0,1.9,,0.0,0
2026-10-09 01:33:00Z,DAL,in,0.484,Q2 0:58,0.0,7588,Javonte Williams,RB,18.2,12.9,9.85,22.75,22.82,22.29,0.144,1.0,22.75,,0.0,0
2026-10-09 01:34:00Z,DAL,in,0.484,Q2 0:58,0.0,11533,Brandon Aubrey,K,9.8,1.0,4.58,5.58,5.58,6.06,0.415,1.0,5.58,,0.0,0
2026-10-09 01:34:00Z,DAL,in,0.484,Q2 0:58,0.0,6786,CeeDee Lamb,WR,19.6,0.0,8.89,8.89,8.89,10.12,0.484,1.0,8.89,,0.0,0
2026-10-09 01:34:00Z,TB,in,0.484,Q2 0:58,0.0,11584,Bucky Irving,RB,11.1,11.0,6.55,17.55,17.46,16.73,0.033,1.0,17.55,,0.0,0
2026-10-09 01:34:00Z,DAL,in,0.484,Q2 0:58,0.0,3294,Dak Prescott,QB,22.1,4.4,10.41,14.81,14.99,15.81,0.0,1.0,14.81,,0.0,0
2026-10-09 01:34:00Z,TB,in,0.484,Q2 0:58,0.0,8111,Cade Otton,TE,7.9,3.4,3.87,7.27,7.42,7.48,0.331,1.0,7.27,,0.0,0
2026-10-09 01:34:00Z,TB,in,0.484,Q2 0:58,0.0,4037,Chris Godwin,WR,8.0,4.1,3.97,8.07,8.26,8.23,0.252,1.0,8.07,,0.0,0
2026-10-09 01:34:00Z,DAL,in,0.484,Q2 0:58,0.0,8110,Jake Ferguson,TE,8.8,1.2,4.09,5.29,5.35,5.74,0.206,1.0,5.29,,0.0,0
2026-10-09 01:34:00Z,TB,in,0.484,Q2 0:58,0.0,6650,Chase McLaughlin,K,6.7,1.0,3.17,4.17,4.17,4.46,0.232,1.0,4.17,,0.0,0
2026-10-09 01:34:00Z,TB,in,0.484,Q2 0:58,0.0,9506,Sean Tucker,RB,2.4,0.5,1.09,1.59,1.65,1.74,0.099,1.0,1.59,,0.0,0
2026-10-09 01:34:00Z,TB,in,0.484,Q2 0:58,0.0,12514,Emeka Egbuka,WR,9.1,5.5,4.59,10.09,10.34,10.2,0.178,1.0,10.09,,0.0,0
2026-10-09 01:34:00Z,DAL,in,0.484,Q2 0:58,0.0,DAL,Dallas Cowboys D/ST,DST,7.3,4.0,0.59,4.59,7.83,7.77,0.232,1.0,4.59,,0.0,0
2026-10-09 01:34:00Z,DAL,in,0.484,Q2 0:58,0.0,8137,George Pickens,WR,14.8,6.6,7.27,13.87,14.17,14.24,0.0,1.0,13.87,,0.0,0
2026-10-09 01:34:00Z,TB,in,0.484,Q2 0:58,0.0,TB,Tampa Bay Buccaneers D/ST,DST,3.1,4.0,-0.14,3.86,5.92,5.6,0.415,1.0,3.86,,0.0,0
2026-10-09 01:34:00Z,DAL,in,0.484,Q2 0:58,0.0,8917,KaVontae Turpin,WR,2.0,1.7,1.05,2.75,2.83,2.73,0.221,1.0,2.75,,0.0,0
2026-10-09 01:34:00Z,TB,in,0.484,Q2 0:58,0.0,10227,Payne Durham,TE,1.1,1.5,0.62,2.12,2.19,2.07,0.122,1.0,2.12,,0.0,0
2026-10-09 01:34:00Z,DAL,in,0.484,Q2 0:58,0.0,11593,Brevyn Spann-Ford,TE,0.6,0.0,0.27,0.27,0.27,0.31,0.484,1.0,0.27,,0.0,0
2026-10-09 01:34:00Z,TB,in,0.484,Q2 0:58,0.0,13425,Jalon Daniels,QB,15.0,7.48,7.75,15.23,15.25,15.22,0.062,1.0,15.23,,0.0,0
2026-10-09 01:34:00Z,DAL,in,0.484,Q2 0:58,0.0,11199,Emari Demercado,RB,3.7,0.0,1.55,1.55,1.68,1.91,0.484,1.0,1.55,,0.0,0
2026-10-09 01:34:00Z,DAL,in,0.484,Q2 0:58,0.0,8162,Sam Howell,QB,0.9,0.0,0.4,0.4,0.41,0.46,0.484,0.3,0.12,,0.0,0
2026-10-09 01:34:00Z,DAL,in,0.484,Q2 0:58,0.0,11783,Ryan Flournoy,WR,8.3,5.8,4.25,10.05,10.31,10.08,0.015,1.0,10.05,,0.0,0
2026-10-09 01:34:00Z,DAL,in,0.484,Q2 0:58,0.0,10871,Luke Schoonmaker,TE,1.9,0.0,0.86,0.86,0.86,0.98,0.484,1.0,0.86,,0.0,0
2026-10-09 01:34:00Z,TB,in,0.484,Q2 0:58,0.0,13317,Ted Hurst,WR,4.5,0.0,2.04,2.04,2.04,2.32,0.484,1.0,2.04,,0.0,0
2026-10-09 01:34:00Z,TB,in,0.484,Q2 0:58,0.0,12485,Tez Johnson,WR,4.2,0.0,1.9,1.9,1.91,2.17,0.484,1.0,1.9,,0.0,0
2026-10-09 01:34:00Z,DAL,in,0.484,Q2 0:58,0.0,7588,Javonte Williams,RB,18.2,12.9,9.85,22.75,22.82,22.29,0.144,1.0,22.75,,0.0,0
2026-10-09 01:35:01Z,DAL,in,0.492,Q2 0:30,0.0,11533,Brandon Aubrey,K,9.8,1.0,4.5,5.5,5.5,5.98,0.422,1.0,5.5,,0.0,0
2026-10-09 01:35:01Z,DAL,in,0.492,Q2 0:30,0.0,6786,CeeDee Lamb,WR,19.6,1.4,8.79,10.19,10.32,11.36,0.0,1.0,10.19,,0.0,0
2026-10-09 01:35:01Z,TB,in,0.492,Q2 0:30,0.0,11584,Bucky Irving,RB,11.1,11.0,6.41,17.41,17.35,16.64,0.041,1.0,17.41,,0.0,0
2026-10-09 01:35:01Z,DAL,in,0.492,Q2 0:30,0.0,3294,Dak Prescott,QB,22.1,4.56,10.17,14.73,14.99,15.79,0.0,1.0,14.73,,0.0,0
2026-10-09 01:35:01Z,TB,in,0.492,Q2 0:30,0.0,8111,Cade Otton,TE,7.9,3.4,3.78,7.18,7.35,7.42,0.339,1.0,7.18,,0.0,0
2026-10-09 01:35:01Z,TB,in,0.492,Q2 0:30,0.0,4037,Chris Godwin,WR,8.0,4.1,3.88,7.98,8.19,8.17,0.26,1.0,7.98,,0.0,0
2026-10-09 01:35:01Z,DAL,in,0.492,Q2 0:30,0.0,8110,Jake Ferguson,TE,8.8,1.2,3.99,5.19,5.28,5.67,0.214,1.0,5.19,,0.0,0
2026-10-09 01:35:01Z,TB,in,0.492,Q2 0:30,0.0,6650,Chase McLaughlin,K,6.7,1.0,3.11,4.11,4.11,4.41,0.24,1.0,4.11,,0.0,0
2026-10-09 01:35:01Z,TB,in,0.492,Q2 0:30,0.0,9506,Sean Tucker,RB,2.4,0.5,1.07,1.57,1.63,1.72,0.107,1.0,1.57,,0.0,0
2026-10-09 01:35:01Z,TB,in,0.492,Q2 0:30,0.0,12514,Emeka Egbuka,WR,9.1,5.5,4.48,9.98,10.26,10.13,0.186,1.0,9.98,,0.0,0
2026-10-09 01:35:01Z,DAL,in,0.492,Q2 0:30,0.0,DAL,Dallas Cowboys D/ST,DST,7.3,4.0,0.58,4.58,7.76,7.71,0.24,1.0,4.58,,0.0,0
2026-10-09 01:35:01Z,DAL,in,0.492,Q2 0:30,0.0,8137,George Pickens,WR,14.8,6.6,7.09,13.69,14.04,14.12,0.008,1.0,13.69,,0.0,0
2026-10-09 01:35:01Z,TB,in,0.492,Q2 0:30,0.0,TB,Tampa Bay Buccaneers D/ST,DST,3.1,4.0,-0.14,3.86,5.89,5.58,0.422,1.0,3.86,,0.0,0
2026-10-09 01:35:01Z,DAL,in,0.492,Q2 0:30,0.0,8917,KaVontae Turpin,WR,2.0,1.7,1.03,2.73,2.81,2.72,0.229,1.0,2.73,,0.0,0
2026-10-09 01:35:01Z,TB,in,0.492,Q2 0:30,0.0,10227,Payne Durham,TE,1.1,1.5,0.61,2.11,2.18,2.06,0.13,1.0,2.11,,0.0,0
2026-10-09 01:35:01Z,DAL,in,0.492,Q2 0:30,0.0,11593,Brevyn Spann-Ford,TE,0.6,0.0,0.27,0.27,0.27,0.3,0.492,1.0,0.27,,0.0,0
2026-10-09 01:35:01Z,TB,in,0.492,Q2 0:30,0.0,13425,Jalon Daniels,QB,15.0,7.48,7.56,15.04,15.12,15.11,0.07,1.0,15.04,,0.0,0
2026-10-09 01:35:01Z,DAL,in,0.492,Q2 0:30,0.0,11199,Emari Demercado,RB,3.7,0.0,1.51,1.51,1.65,1.88,0.492,1.0,1.51,,0.0,0
2026-10-09 01:35:01Z,DAL,in,0.492,Q2 0:30,0.0,8162,Sam Howell,QB,0.9,0.0,0.39,0.39,0.4,0.46,0.492,0.3,0.12,,0.0,0
2026-10-09 01:35:01Z,DAL,in,0.492,Q2 0:30,0.0,11783,Ryan Flournoy,WR,8.3,5.8,4.15,9.95,10.24,10.02,0.023,1.0,9.95,,0.0,0
2026-10-09 01:35:01Z,DAL,in,0.492,Q2 0:30,0.0,10871,Luke Schoonmaker,TE,1.9,0.0,0.84,0.84,0.85,0.97,0.492,1.0,0.84,,0.0,0
2026-10-09 01:35:01Z,TB,in,0.492,Q2 0:30,0.0,13317,Ted Hurst,WR,4.5,0.0,1.99,1.99,2.01,2.29,0.492,1.0,1.99,,0.0,0
2026-10-09 01:35:01Z,TB,in,0.492,Q2 0:30,0.0,12485,Tez Johnson,WR,4.2,0.0,1.86,1.86,1.87,2.13,0.492,1.0,1.86,,0.0,0
2026-10-09 01:35:01Z,DAL,in,0.492,Q2 0:30,0.0,7588,Javonte Williams,RB,18.2,12.9,9.64,22.54,22.65,22.15,0.152,1.0,22.54,,0.0,0
2026-10-09 01:36:01Z,DAL,in,0.494,Q2 0:21,3.0,11533,Brandon Aubrey,K,9.8,5.0,4.98,9.98,9.98,9.96,0.0,1.0,9.98,,0.0,0
2026-10-09 01:36:01Z,DAL,in,0.494,Q2 0:21,3.0,6786,CeeDee Lamb,WR,19.6,1.4,8.25,9.65,10.27,11.31,0.003,1.0,9.65,,0.0,0
2026-10-09 01:36:01Z,TB,in,0.494,Q2 0:21,-3.0,11584,Bucky Irving,RB,11.1,11.0,6.45,17.45,17.31,16.61,0.043,1.0,17.45,,0.0,0
2026-10-09 01:36:01Z,DAL,in,0.494,Q2 0:21,3.0,3294,Dak Prescott,QB,22.1,4.56,9.43,13.99,14.93,15.74,0.003,1.0,13.99,,0.0,0
2026-10-09 01:36:01Z,TB,in,0.494,Q2 0:21,-3.0,8111,Cade Otton,TE,7.9,3.4,3.93,7.33,7.33,7.4,0.341,1.0,7.33,,0.0,0
2026-10-09 01:36:01Z,TB,in,0.494,Q2 0:21,-3.0,4037,Chris Godwin,WR,8.0,4.1,4.04,8.14,8.17,8.15,0.263,1.0,8.14,,0.0,0
2026-10-09 01:36:01Z,DAL,in,0.494,Q2 0:21,3.0,8110,Jake Ferguson,TE,8.8,1.2,3.75,4.95,5.25,5.65,0.216,1.0,4.95,,0.0,0
2026-10-09 01:36:01Z,TB,in,0.494,Q2 0:21,-3.0,6650,Chase McLaughlin,K,6.7,1.0,3.1,4.1,4.1,4.39,0.242,1.0,4.1,,0.0,0
2026-10-09 01:36:01Z,TB,in,0.494,Q2 0:21,-3.0,9506,Sean Tucker,RB,2.4,0.5,1.08,1.58,1.63,1.71,0.109,1.0,1.58,,0.0,0
2026-10-09 01:36:01Z,TB,in,0.494,Q2 0:21,-3.0,12514,Emeka Egbuka,WR,9.1,5.5,4.66,10.16,10.23,10.1,0.189,1.0,10.16,,0.0,0
2026-10-09 01:36:01Z,DAL,in,0.494,Q2 0:21,3.0,DAL,Dallas Cowboys D/ST,DST,7.3,4.0,0.74,4.74,7.74,7.69,0.242,1.0,4.74,,0.0,0
2026-10-09 01:36:01Z,DAL,in,0.494,Q2 0:21,3.0,8137,George Pickens,WR,14.8,6.6,6.69,13.29,14.0,14.09,0.01,1.0,13.29,,0.0,0
2026-10-09 01:36:01Z,TB,in,0.494,Q2 0:21,-3.0,TB,Tampa Bay Buccaneers D/ST,DST,3.1,4.0,-0.17,3.83,5.88,5.57,0.425,1.0,3.83,,0.0,0
2026-10-09 01:36:01Z,DAL,in,0.494,Q2 0:21,3.0,8917,KaVontae Turpin,WR,2.0,1.7,0.97,2.67,2.8,2.71,0.232,1.0,2.67,,0.0,0
2026-10-09 01:36:01Z,TB,in,0.494,Q2 0:21,-3.0,10227,Payne Durham,TE,1.1,1.5,0.63,2.13,2.18,2.06,0.133,1.0,2.13,,0.0,0
2026-10-09 01:36:01Z,DAL,in,0.494,Q2 0:21,3.0,11593,Brevyn Spann-Ford,TE,0.6,0.0,0.25,0.25,0.27,0.3,0.494,1.0,0.25,,0.0,0
2026-10-09 01:36:01Z,TB,in,0.494,Q2 0:21,-3.0,13425,Jalon Daniels,QB,15.0,7.48,7.94,15.42,15.08,15.07,0.073,1.0,15.42,,0.0,0
2026-10-09 01:36:01Z,DAL,in,0.494,Q2 0:21,3.0,11199,Emari Demercado,RB,3.7,0.0,1.47,1.47,1.64,1.87,0.494,1.0,1.47,,0.0,0
2026-10-09 01:36:01Z,DAL,in,0.494,Q2 0:21,3.0,8162,Sam Howell,QB,0.9,0.0,0.36,0.36,0.4,0.46,0.494,0.3,0.11,,0.0,0
2026-10-09 01:36:01Z,DAL,in,0.494,Q2 0:21,3.0,11783,Ryan Flournoy,WR,8.3,5.8,3.92,9.72,10.21,10.0,0.025,1.0,9.72,,0.0,0
2026-10-09 01:36:01Z,DAL,in,0.494,Q2 0:21,3.0,10871,Luke Schoonmaker,TE,1.9,0.0,0.79,0.79,0.84,0.96,0.494,1.0,0.79,,0.0,0
2026-10-09 01:36:01Z,TB,in,0.494,Q2 0:21,-3.0,13317,Ted Hurst,WR,4.5,0.0,2.08,2.08,2.0,2.28,0.494,1.0,2.08,,0.0,0
2026-10-09 01:36:01Z,TB,in,0.494,Q2 0:21,-3.0,12485,Tez Johnson,WR,4.2,0.0,1.94,1.94,1.86,2.12,0.494,1.0,1.94,,0.0,0
2026-10-09 01:36:01Z,DAL,in,0.494,Q2 0:21,3.0,7588,Javonte Williams,RB,18.2,12.9,9.44,22.34,22.6,22.11,0.154,1.0,22.34,,0.0,0
2026-10-09 01:37:02Z,DAL,in,0.496,Q2 0:15,3.0,11533,Brandon Aubrey,K,9.8,5.0,4.96,9.96,9.96,9.94,0.002,1.0,9.96,,0.0,0
2026-10-09 01:37:02Z,DAL,in,0.496,Q2 0:15,3.0,6786,CeeDee Lamb,WR,19.6,1.4,8.21,9.61,10.23,11.28,0.004,1.0,9.61,,0.0,0
2026-10-09 01:37:02Z,TB,in,0.496,Q2 0:15,-3.0,11584,Bucky Irving,RB,11.1,11.0,6.42,17.42,17.29,16.6,0.045,1.0,17.42,,0.0,0
2026-10-09 01:37:02Z,DAL,in,0.496,Q2 0:15,3.0,3294,Dak Prescott,QB,22.1,4.56,9.37,13.93,14.9,15.7,0.004,1.0,13.93,,0.0,0
2026-10-09 01:37:02Z,TB,in,0.496,Q2 0:15,-3.0,8111,Cade Otton,TE,7.9,3.4,3.91,7.31,7.32,7.38,0.343,1.0,7.31,,0.0,0
2026-10-09 01:37:02Z,TB,in,0.496,Q2 0:15,-3.0,4037,Chris Godwin,WR,8.0,4.1,4.02,8.12,8.15,8.13,0.264,1.0,8.12,,0.0,0
2026-10-09 01:37:02Z,DAL,in,0.496,Q2 0:15,3.0,8110,Jake Ferguson,TE,8.8,1.2,3.73,4.93,5.24,5.64,0.218,1.0,4.93,,0.0,0
2026-10-09 01:37:02Z,TB,in,0.496,Q2 0:15,-3.0,6650,Chase McLaughlin,K,6.7,1.0,3.09,4.09,4.09,4.38,0.244,1.0,4.09,,0.0,0
2026-10-09 01:37:02Z,TB,in,0.496,Q2 0:15,-3.0,9506,Sean Tucker,RB,2.4,0.5,1.07,1.57,1.62,1.71,0.111,1.0,1.57,,0.0,0
2026-10-09 01:37:02Z,TB,in,0.496,Q2 0:15,-3.0,12514,Emeka Egbuka,WR,9.1,5.5,4.64,10.14,10.21,10.09,0.19,1.0,10.14,,0.0,0
2026-10-09 01:37:02Z,DAL,in,0.496,Q2 0:15,3.0,DAL,Dallas Cowboys D/ST,DST,7.3,4.0,0.74,4.74,7.73,7.68,0.244,1.0,4.74,,0.0,0
2026-10-09 01:37:02Z,DAL,in,0.496,Q2 0:15,3.0,8137,George Pickens,WR,14.8,6.6,6.65,13.25,13.97,14.06,0.012,1.0,13.25,,0.0,0
2026-10-09 01:37:02Z,TB,in,0.496,Q2 0:15,-3.0,TB,Tampa Bay Buccaneers D/ST,DST,3.1,4.0,-0.17,3.83,5.87,5.56,0.427,1.0,3.83,,0.0,0
2026-10-09 01:37:02Z,DAL,in,0.496,Q2 0:15,3.0,8917,KaVontae Turpin,WR,2.0,1.7,0.96,2.66,2.8,2.71,0.233,1.0,2.66,,0.0,0
2026-10-09 01:37:02Z,TB,in,0.496,Q2 0:15,-3.0,10227,Payne Durham,TE,1.1,1.5,0.63,2.13,2.17,2.05,0.134,1.0,2.13,,0.0,0
2026-10-09 01:37:02Z,DAL,in,0.496,Q2 0:15,3.0,11593,Brevyn Spann-Ford,TE,0.6,0.0,0.25,0.25,0.27,0.3,0.496,1.0,0.25,,0.0,0
2026-10-09 01:37:02Z,TB,in,0.496,Q2 0:15,-3.0,13425,Jalon Daniels,QB,15.0,7.48,7.9,15.38,15.05,15.04,0.074,1.0,15.38,,0.0,0
2026-10-09 01:37:02Z,DAL,in,0.496,Q2 0:15,3.0,11199,Emari Demercado,RB,3.7,0.0,1.47,1.47,1.63,1.87,0.496,1.0,1.47,,0.0,0
2026-10-09 01:37:02Z,DAL,in,0.496,Q2 0:15,3.0,8162,Sam Howell,QB,0.9,0.0,0.35,0.35,0.4,0.45,0.496,0.3,0.11,,0.0,0
2026-10-09 01:37:02Z,DAL,in,0.496,Q2 0:15,3.0,11783,Ryan Flournoy,WR,8.3,5.8,3.9,9.7,10.2,9.98,0.027,1.0,9.7,,0.0,0
2026-10-09 01:37:02Z,DAL,in,0.496,Q2 0:15,3.0,10871,Luke Schoonmaker,TE,1.9,0.0,0.78,0.78,0.84,0.96,0.496,1.0,0.78,,0.0,0
2026-10-09 01:37:02Z,TB,in,0.496,Q2 0:15,-3.0,13317,Ted Hurst,WR,4.5,0.0,2.07,2.07,1.99,2.27,0.496,1.0,2.07,,0.0,0
2026-10-09 01:37:02Z,TB,in,0.496,Q2 0:15,-3.0,12485,Tez Johnson,WR,4.2,0.0,1.93,1.93,1.86,2.12,0.496,1.0,1.93,,0.0,0
2026-10-09 01:37:02Z,DAL,in,0.496,Q2 0:15,3.0,7588,Javonte Williams,RB,18.2,12.9,9.4,22.3,22.56,22.08,0.156,1.0,22.3,,0.0,0
2026-10-09 01:38:02Z,DAL,in,0.496,Q2 0:15,3.0,11533,Brandon Aubrey,K,9.8,5.0,4.96,9.96,9.96,9.94,0.002,1.0,9.96,,0.0,0
2026-10-09 01:38:02Z,DAL,in,0.496,Q2 0:15,3.0,6786,CeeDee Lamb,WR,19.6,1.4,8.21,9.61,10.23,11.28,0.004,1.0,9.61,,0.0,0
2026-10-09 01:38:02Z,TB,in,0.496,Q2 0:15,-3.0,11584,Bucky Irving,RB,11.1,11.0,6.42,17.42,17.29,16.6,0.045,1.0,17.42,,0.0,0
2026-10-09 01:38:02Z,DAL,in,0.496,Q2 0:15,3.0,3294,Dak Prescott,QB,22.1,4.56,9.37,13.93,14.9,15.7,0.004,1.0,13.93,,0.0,0
2026-10-09 01:38:02Z,TB,in,0.496,Q2 0:15,-3.0,8111,Cade Otton,TE,7.9,3.4,3.91,7.31,7.32,7.38,0.343,1.0,7.31,,0.0,0
2026-10-09 01:38:02Z,TB,in,0.496,Q2 0:15,-3.0,4037,Chris Godwin,WR,8.0,4.1,4.02,8.12,8.15,8.13,0.264,1.0,8.12,,0.0,0
2026-10-09 01:38:02Z,DAL,in,0.496,Q2 0:15,3.0,8110,Jake Ferguson,TE,8.8,1.2,3.73,4.93,5.24,5.64,0.218,1.0,4.93,,0.0,0
2026-10-09 01:38:02Z,TB,in,0.496,Q2 0:15,-3.0,6650,Chase McLaughlin,K,6.7,1.0,3.09,4.09,4.09,4.38,0.244,1.0,4.09,,0.0,0
2026-10-09 01:38:02Z,TB,in,0.496,Q2 0:15,-3.0,9506,Sean Tucker,RB,2.4,0.5,1.07,1.57,1.62,1.71,0.111,1.0,1.57,,0.0,0
2026-10-09 01:38:02Z,TB,in,0.496,Q2 0:15,-3.0,12514,Emeka Egbuka,WR,9.1,5.5,4.64,10.14,10.21,10.09,0.19,1.0,10.14,,0.0,0
2026-10-09 01:38:02Z,DAL,in,0.496,Q2 0:15,3.0,DAL,Dallas Cowboys D/ST,DST,7.3,4.0,0.74,4.74,7.73,7.68,0.244,1.0,4.74,,0.0,0
2026-10-09 01:38:02Z,DAL,in,0.496,Q2 0:15,3.0,8137,George Pickens,WR,14.8,6.6,6.65,13.25,13.97,14.06,0.012,1.0,13.25,,0.0,0
2026-10-09 01:38:02Z,TB,in,0.496,Q2 0:15,-3.0,TB,Tampa Bay Buccaneers D/ST,DST,3.1,4.0,-0.17,3.83,5.87,5.56,0.427,1.0,3.83,,0.0,0
2026-10-09 01:38:02Z,DAL,in,0.496,Q2 0:15,3.0,8917,KaVontae Turpin,WR,2.0,1.7,0.96,2.66,2.8,2.71,0.233,1.0,2.66,,0.0,0
2026-10-09 01:38:02Z,TB,in,0.496,Q2 0:15,-3.0,10227,Payne Durham,TE,1.1,1.5,0.63,2.13,2.17,2.05,0.134,1.0,2.13,,0.0,0
2026-10-09 01:38:02Z,DAL,in,0.496,Q2 0:15,3.0,11593,Brevyn Spann-Ford,TE,0.6,0.0,0.25,0.25,0.27,0.3,0.496,1.0,0.25,,0.0,0
2026-10-09 01:38:02Z,TB,in,0.496,Q2 0:15,-3.0,13425,Jalon Daniels,QB,15.0,7.48,7.9,15.38,15.05,15.04,0.074,1.0,15.38,,0.0,0
2026-10-09 01:38:02Z,DAL,in,0.496,Q2 0:15,3.0,11199,Emari Demercado,RB,3.7,0.0,1.47,1.47,1.63,1.87,0.496,1.0,1.47,,0.0,0
2026-10-09 01:38:02Z,DAL,in,0.496,Q2 0:15,3.0,8162,Sam Howell,QB,0.9,0.0,0.35,0.35,0.4,0.45,0.496,0.3,0.11,,0.0,0
2026-10-09 01:38:02Z,DAL,in,0.496,Q2 0:15,3.0,11783,Ryan Flournoy,WR,8.3,5.8,3.9,9.7,10.2,9.98,0.027,1.0,9.7,,0.0,0
2026-10-09 01:38:02Z,DAL,in,0.496,Q2 0:15,3.0,10871,Luke Schoonmaker,TE,1.9,0.0,0.78,0.78,0.84,0.96,0.496,1.0,0.78,,0.0,0
2026-10-09 01:38:02Z,TB,in,0.496,Q2 0:15,-3.0,13317,Ted Hurst,WR,4.5,0.0,2.07,2.07,1.99,2.27,0.496,1.0,2.07,,0.0,0
2026-10-09 01:38:02Z,TB,in,0.496,Q2 0:15,-3.0,12485,Tez Johnson,WR,4.2,0.0,1.93,1.93,1.86,2.12,0.496,1.0,1.93,,0.0,0
2026-10-09 01:38:02Z,DAL,in,0.496,Q2 0:15,3.0,7588,Javonte Williams,RB,18.2,12.9,9.4,22.3,22.56,22.08,0.156,1.0,22.3,,0.0,0
2026-10-09 01:39:02Z,DAL,in,0.5,Q2 0:01,3.0,11533,Brandon Aubrey,K,9.8,5.0,4.92,9.92,9.92,9.9,0.006,1.0,9.92,,0.0,0
2026-10-09 01:39:02Z,DAL,in,0.5,Q2 0:01,3.0,6786,CeeDee Lamb,WR,19.6,1.4,8.1,9.5,10.16,11.21,0.008,1.0,9.5,,0.0,0
2026-10-09 01:39:02Z,TB,in,0.5,Q2 0:01,-3.0,11584,Bucky Irving,RB,11.1,11.0,6.35,17.35,17.24,16.55,0.049,1.0,17.35,,0.0,0
2026-10-09 01:39:02Z,DAL,in,0.5,Q2 0:01,3.0,3294,Dak Prescott,QB,22.1,4.56,9.25,13.81,14.81,15.62,0.008,1.0,13.81,,0.0,0
2026-10-09 01:39:02Z,TB,in,0.5,Q2 0:01,-3.0,8111,Cade Otton,TE,7.9,3.4,3.87,7.27,7.28,7.35,0.347,1.0,7.27,,0.0,0
2026-10-09 01:39:02Z,TB,in,0.5,Q2 0:01,-3.0,4037,Chris Godwin,WR,8.0,4.1,3.97,8.07,8.12,8.1,0.268,1.0,8.07,,0.0,0
2026-10-09 01:39:02Z,DAL,in,0.5,Q2 0:01,3.0,8110,Jake Ferguson,TE,8.8,1.2,3.69,4.89,5.2,5.6,0.222,1.0,4.89,,0.0,0
2026-10-09 01:39:02Z,TB,in,0.5,Q2 0:01,-3.0,6650,Chase McLaughlin,K,6.7,1.0,3.06,4.06,4.06,4.35,0.248,1.0,4.06,,0.0,0
2026-10-09 01:39:02Z,TB,in,0.5,Q2 0:01,-3.0,9506,Sean Tucker,RB,2.4,0.5,1.06,1.56,1.61,1.7,0.115,1.0,1.56,,0.0,0
2026-10-09 01:39:02Z,TB,in,0.5,Q2 0:01,-3.0,12514,Emeka Egbuka,WR,9.1,5.5,4.58,10.08,10.17,10.05,0.194,1.0,10.08,,0.0,0
2026-10-09 01:39:02Z,DAL,in,0.5,Q2 0:01,3.0,DAL,Dallas Cowboys D/ST,DST,7.3,4.0,0.73,4.73,7.7,7.65,0.248,1.0,4.73,,0.0,0
2026-10-09 01:39:02Z,DAL,in,0.5,Q2 0:01,3.0,8137,George Pickens,WR,14.8,6.6,6.57,13.17,13.9,14.0,0.016,1.0,13.17,,0.0,0
2026-10-09 01:39:02Z,TB,in,0.5,Q2 0:01,-3.0,TB,Tampa Bay Buccaneers D/ST,DST,3.1,4.0,-0.17,3.83,5.86,5.55,0.431,1.0,3.83,,0.0,0
2026-10-09 01:39:02Z,DAL,in,0.5,Q2 0:01,3.0,8917,KaVontae Turpin,WR,2.0,1.7,0.95,2.65,2.79,2.7,0.237,1.0,2.65,,0.0,0
2026-10-09 01:39:02Z,TB,in,0.5,Q2 0:01,-3.0,10227,Payne Durham,TE,1.1,1.5,0.62,2.12,2.17,2.05,0.138,1.0,2.12,,0.0,0
2026-10-09 01:39:02Z,DAL,in,0.5,Q2 0:01,3.0,11593,Brevyn Spann-Ford,TE,0.6,0.0,0.24,0.24,0.26,0.3,0.5,1.0,0.24,,0.0,0
2026-10-09 01:39:02Z,TB,in,0.5,Q2 0:01,-3.0,13425,Jalon Daniels,QB,15.0,8.08,7.89,15.97,15.66,15.58,0.0,1.0,15.97,,0.0,0
2026-10-09 01:39:02Z,DAL,in,0.5,Q2 0:01,3.0,11199,Emari Demercado,RB,3.7,0.0,1.45,1.45,1.62,1.85,0.5,1.0,1.45,,0.0,0
2026-10-09 01:39:02Z,DAL,in,0.5,Q2 0:01,3.0,8162,Sam Howell,QB,0.9,0.0,0.35,0.35,0.39,0.45,0.5,0.3,0.1,,0.0,0
2026-10-09 01:39:02Z,DAL,in,0.5,Q2 0:01,3.0,11783,Ryan Flournoy,WR,8.3,5.8,3.85,9.65,10.16,9.95,0.031,1.0,9.65,,0.0,0
2026-10-09 01:39:02Z,DAL,in,0.5,Q2 0:01,3.0,10871,Luke Schoonmaker,TE,1.9,0.0,0.77,0.77,0.83,0.95,0.5,1.0,0.77,,0.0,0
2026-10-09 01:39:02Z,TB,in,0.5,Q2 0:01,-3.0,13317,Ted Hurst,WR,4.5,0.0,2.05,2.05,1.97,2.25,0.5,1.0,2.05,,0.0,0
2026-10-09 01:39:02Z,TB,in,0.5,Q2 0:01,-3.0,12485,Tez Johnson,WR,4.2,0.0,1.91,1.91,1.84,2.1,0.5,1.0,1.91,,0.0,0
2026-10-09 01:39:02Z,DAL,in,0.5,Q2 0:01,3.0,7588,Javonte Williams,RB,18.2,12.9,9.3,22.2,22.48,22.01,0.16,1.0,22.2,,0.0,0
2026-10-09 01:40:03Z,DAL,in,0.5,Q2 0:01,3.0,11533,Brandon Aubrey,K,9.8,5.0,4.92,9.92,9.92,9.9,0.006,1.0,9.92,,0.0,0
2026-10-09 01:40:03Z,DAL,in,0.5,Q2 0:01,3.0,6786,CeeDee Lamb,WR,19.6,1.4,8.1,9.5,10.16,11.21,0.008,1.0,9.5,,0.0,0
2026-10-09 01:40:03Z,TB,in,0.5,Q2 0:01,-3.0,11584,Bucky Irving,RB,11.1,11.0,6.35,17.35,17.24,16.55,0.049,1.0,17.35,,0.0,0
2026-10-09 01:40:03Z,DAL,in,0.5,Q2 0:01,3.0,3294,Dak Prescott,QB,22.1,4.56,9.25,13.81,14.81,15.62,0.008,1.0,13.81,,0.0,0
2026-10-09 01:40:03Z,TB,in,0.5,Q2 0:01,-3.0,8111,Cade Otton,TE,7.9,3.4,3.87,7.27,7.28,7.35,0.347,1.0,7.27,,0.0,0
2026-10-09 01:40:03Z,TB,in,0.5,Q2 0:01,-3.0,4037,Chris Godwin,WR,8.0,4.1,3.97,8.07,8.12,8.1,0.268,1.0,8.07,,0.0,0
2026-10-09 01:40:03Z,DAL,in,0.5,Q2 0:01,3.0,8110,Jake Ferguson,TE,8.8,1.2,3.69,4.89,5.2,5.6,0.222,1.0,4.89,,0.0,0
2026-10-09 01:40:03Z,TB,in,0.5,Q2 0:01,-3.0,6650,Chase McLaughlin,K,6.7,1.0,3.06,4.06,4.06,4.35,0.248,1.0,4.06,,0.0,0
2026-10-09 01:40:03Z,TB,in,0.5,Q2 0:01,-3.0,9506,Sean Tucker,RB,2.4,0.5,1.06,1.56,1.61,1.7,0.115,1.0,1.56,,0.0,0
2026-10-09 01:40:03Z,TB,in,0.5,Q2 0:01,-3.0,12514,Emeka Egbuka,WR,9.1,5.5,4.58,10.08,10.17,10.05,0.194,1.0,10.08,,0.0,0
2026-10-09 01:40:03Z,DAL,in,0.5,Q2 0:01,3.0,DAL,Dallas Cowboys D/ST,DST,7.3,4.0,0.73,4.73,7.7,7.65,0.248,1.0,4.73,,0.0,0
2026-10-09 01:40:03Z,DAL,in,0.5,Q2 0:01,3.0,8137,George Pickens,WR,14.8,6.6,6.57,13.17,13.9,14.0,0.016,1.0,13.17,,0.0,0
2026-10-09 01:40:03Z,TB,in,0.5,Q2 0:01,-3.0,TB,Tampa Bay Buccaneers D/ST,DST,3.1,4.0,-0.17,3.83,5.86,5.55,0.431,1.0,3.83,,0.0,0
2026-10-09 01:40:03Z,DAL,in,0.5,Q2 0:01,3.0,8917,KaVontae Turpin,WR,2.0,1.7,0.95,2.65,2.79,2.7,0.237,1.0,2.65,,0.0,0
2026-10-09 01:40:03Z,TB,in,0.5,Q2 0:01,-3.0,10227,Payne Durham,TE,1.1,1.5,0.62,2.12,2.17,2.05,0.138,1.0,2.12,,0.0,0
2026-10-09 01:40:03Z,DAL,in,0.5,Q2 0:01,3.0,11593,Brevyn Spann-Ford,TE,0.6,0.0,0.24,0.24,0.26,0.3,0.5,1.0,0.24,,0.0,0
2026-10-09 01:40:03Z,TB,in,0.5,Q2 0:01,-3.0,13425,Jalon Daniels,QB,15.0,8.08,7.89,15.97,15.66,15.58,0.0,1.0,15.97,,0.0,0
2026-10-09 01:40:03Z,DAL,in,0.5,Q2 0:01,3.0,11199,Emari Demercado,RB,3.7,0.0,1.45,1.45,1.62,1.85,0.5,1.0,1.45,,0.0,0
2026-10-09 01:40:03Z,DAL,in,0.5,Q2 0:01,3.0,8162,Sam Howell,QB,0.9,0.0,0.35,0.35,0.39,0.45,0.5,0.3,0.1,,0.0,0
2026-10-09 01:40:03Z,DAL,in,0.5,Q2 0:01,3.0,11783,Ryan Flournoy,WR,8.3,5.8,3.85,9.65,10.16,9.95,0.031,1.0,9.65,,0.0,0
2026-10-09 01:40:03Z,DAL,in,0.5,Q2 0:01,3.0,10871,Luke Schoonmaker,TE,1.9,0.0,0.77,0.77,0.83,0.95,0.5,1.0,0.77,,0.0,0
2026-10-09 01:40:03Z,TB,in,0.5,Q2 0:01,-3.0,13317,Ted Hurst,WR,4.5,0.0,2.05,2.05,1.97,2.25,0.5,1.0,2.05,,0.0,0
2026-10-09 01:40:03Z,TB,in,0.5,Q2 0:01,-3.0,12485,Tez Johnson,WR,4.2,0.0,1.91,1.91,1.84,2.1,0.5,1.0,1.91,,0.0,0
2026-10-09 01:40:03Z,DAL,in,0.5,Q2 0:01,3.0,7588,Javonte Williams,RB,18.2,12.9,9.3,22.2,22.48,22.01,0.16,1.0,22.2,,0.0,0
2026-10-09 01:41:03Z,DAL,in,0.5,HALF,3.0,11533,Brandon Aubrey,K,9.8,5.0,4.91,9.91,9.91,9.9,0.006,1.0,9.91,,0.0,0
2026-10-09 01:41:03Z,DAL,in,0.5,HALF,3.0,6786,CeeDee Lamb,WR,19.6,1.4,8.1,9.5,10.15,11.2,0.008,1.0,9.5,,0.0,0
2026-10-09 01:41:03Z,TB,in,0.5,HALF,-3.0,11584,Bucky Irving,RB,11.1,11.0,6.35,17.35,17.23,16.55,0.049,1.0,17.35,,0.0,0
2026-10-09 01:41:03Z,DAL,in,0.5,HALF,3.0,3294,Dak Prescott,QB,22.1,4.56,9.24,13.8,14.8,15.61,0.008,1.0,13.8,,0.0,0
2026-10-09 01:41:03Z,TB,in,0.5,HALF,-3.0,8111,Cade Otton,TE,7.9,3.4,3.86,7.26,7.28,7.35,0.347,1.0,7.26,,0.0,0
2026-10-09 01:41:03Z,TB,in,0.5,HALF,-3.0,4037,Chris Godwin,WR,8.0,6.9,4.19,11.09,11.26,10.9,0.0,1.0,11.09,,0.0,0
2026-10-09 01:41:03Z,DAL,in,0.5,HALF,3.0,8110,Jake Ferguson,TE,8.8,1.2,3.68,4.88,5.2,5.6,0.222,1.0,4.88,,0.0,0
2026-10-09 01:41:03Z,TB,in,0.5,HALF,-3.0,6650,Chase McLaughlin,K,6.7,1.0,3.06,4.06,4.06,4.35,0.248,1.0,4.06,,0.0,0
2026-10-09 01:41:03Z,TB,in,0.5,HALF,-3.0,9506,Sean Tucker,RB,2.4,0.5,1.06,1.56,1.61,1.7,0.115,1.0,1.56,,0.0,0
2026-10-09 01:41:03Z,TB,in,0.5,HALF,-3.0,12514,Emeka Egbuka,WR,9.1,5.5,4.58,10.08,10.17,10.05,0.194,1.0,10.08,,0.0,0
2026-10-09 01:41:03Z,DAL,in,0.5,HALF,3.0,DAL,Dallas Cowboys D/ST,DST,7.3,4.0,0.73,4.73,7.69,7.65,0.248,1.0,4.73,,0.0,0
2026-10-09 01:41:03Z,DAL,in,0.5,HALF,3.0,8137,George Pickens,WR,14.8,6.6,6.56,13.16,13.9,14.0,0.016,1.0,13.16,,0.0,0
2026-10-09 01:41:03Z,TB,in,0.5,HALF,-3.0,TB,Tampa Bay Buccaneers D/ST,DST,3.1,4.0,-0.17,3.83,5.86,5.55,0.431,1.0,3.83,,0.0,0
2026-10-09 01:41:03Z,DAL,in,0.5,HALF,3.0,8917,KaVontae Turpin,WR,2.0,1.7,0.95,2.65,2.79,2.7,0.237,1.0,2.65,,0.0,0
2026-10-09 01:41:03Z,TB,in,0.5,HALF,-3.0,10227,Payne Durham,TE,1.1,1.5,0.62,2.12,2.17,2.05,0.139,1.0,2.12,,0.0,0
2026-10-09 01:41:03Z,DAL,in,0.5,HALF,3.0,11593,Brevyn Spann-Ford,TE,0.6,0.0,0.24,0.24,0.26,0.3,0.5,1.0,0.24,,0.0,0
2026-10-09 01:41:03Z,TB,in,0.5,HALF,-3.0,13425,Jalon Daniels,QB,15.0,8.8,7.98,16.78,16.46,16.3,0.0,1.0,16.78,,0.0,0
2026-10-09 01:41:03Z,DAL,in,0.5,HALF,3.0,11199,Emari Demercado,RB,3.7,0.0,1.45,1.45,1.62,1.85,0.5,1.0,1.45,,0.0,0
2026-10-09 01:41:03Z,DAL,in,0.5,HALF,3.0,8162,Sam Howell,QB,0.9,0.0,0.35,0.35,0.39,0.45,0.5,0.3,0.1,,0.0,0
2026-10-09 01:41:03Z,DAL,in,0.5,HALF,3.0,11783,Ryan Flournoy,WR,8.3,5.8,3.85,9.65,10.16,9.95,0.031,1.0,9.65,,0.0,0
2026-10-09 01:41:03Z,DAL,in,0.5,HALF,3.0,10871,Luke Schoonmaker,TE,1.9,0.0,0.77,0.77,0.83,0.95,0.5,1.0,0.77,,0.0,0
2026-10-09 01:41:03Z,TB,in,0.5,HALF,-3.0,13317,Ted Hurst,WR,4.5,0.0,2.04,2.04,1.97,2.25,0.5,1.0,2.04,,0.0,0
2026-10-09 01:41:03Z,TB,in,0.5,HALF,-3.0,12485,Tez Johnson,WR,4.2,0.0,1.91,1.91,1.84,2.1,0.5,1.0,1.91,,0.0,0
2026-10-09 01:41:03Z,DAL,in,0.5,HALF,3.0,7588,Javonte Williams,RB,18.2,12.9,9.29,22.19,22.48,22.0,0.16,1.0,22.19,,0.0,0
2026-10-09 01:42:04Z,DAL,in,0.5,HALF,3.0,11533,Brandon Aubrey,K,9.8,5.0,4.91,9.91,9.91,9.9,0.006,1.0,9.91,,0.0,0
2026-10-09 01:42:04Z,DAL,in,0.5,HALF,3.0,6786,CeeDee Lamb,WR,19.6,1.4,8.1,9.5,10.15,11.2,0.008,1.0,9.5,,0.0,0
2026-10-09 01:42:04Z,TB,in,0.5,HALF,-3.0,11584,Bucky Irving,RB,11.1,11.0,6.35,17.35,17.23,16.55,0.049,1.0,17.35,,0.0,0
2026-10-09 01:42:04Z,DAL,in,0.5,HALF,3.0,3294,Dak Prescott,QB,22.1,4.56,9.24,13.8,14.8,15.61,0.008,1.0,13.8,,0.0,0
2026-10-09 01:42:04Z,TB,in,0.5,HALF,-3.0,8111,Cade Otton,TE,7.9,3.4,3.86,7.26,7.28,7.35,0.347,1.0,7.26,,0.0,0
2026-10-09 01:42:04Z,TB,in,0.5,HALF,-3.0,4037,Chris Godwin,WR,8.0,6.9,4.19,11.09,11.26,10.9,0.0,1.0,11.09,,0.0,0
2026-10-09 01:42:04Z,DAL,in,0.5,HALF,3.0,8110,Jake Ferguson,TE,8.8,1.2,3.68,4.88,5.2,5.6,0.222,1.0,4.88,,0.0,0
2026-10-09 01:42:04Z,TB,in,0.5,HALF,-3.0,6650,Chase McLaughlin,K,6.7,1.0,3.06,4.06,4.06,4.35,0.248,1.0,4.06,,0.0,0
2026-10-09 01:42:04Z,TB,in,0.5,HALF,-3.0,9506,Sean Tucker,RB,2.4,0.5,1.06,1.56,1.61,1.7,0.115,1.0,1.56,,0.0,0
2026-10-09 01:42:04Z,TB,in,0.5,HALF,-3.0,12514,Emeka Egbuka,WR,9.1,5.5,4.58,10.08,10.17,10.05,0.194,1.0,10.08,,0.0,0
2026-10-09 01:42:04Z,DAL,in,0.5,HALF,3.0,DAL,Dallas Cowboys D/ST,DST,7.3,4.0,0.73,4.73,7.69,7.65,0.248,1.0,4.73,,0.0,0
2026-10-09 01:42:04Z,DAL,in,0.5,HALF,3.0,8137,George Pickens,WR,14.8,6.6,6.56,13.16,13.9,14.0,0.016,1.0,13.16,,0.0,0
2026-10-09 01:42:04Z,TB,in,0.5,HALF,-3.0,TB,Tampa Bay Buccaneers D/ST,DST,3.1,4.0,-0.17,3.83,5.86,5.55,0.431,1.0,3.83,,0.0,0
2026-10-09 01:42:04Z,DAL,in,0.5,HALF,3.0,8917,KaVontae Turpin,WR,2.0,1.7,0.95,2.65,2.79,2.7,0.237,1.0,2.65,,0.0,0
2026-10-09 01:42:04Z,TB,in,0.5,HALF,-3.0,10227,Payne Durham,TE,1.1,1.5,0.62,2.12,2.17,2.05,0.139,1.0,2.12,,0.0,0
2026-10-09 01:42:04Z,DAL,in,0.5,HALF,3.0,11593,Brevyn Spann-Ford,TE,0.6,0.0,0.24,0.24,0.26,0.3,0.5,1.0,0.24,,0.0,0
2026-10-09 01:42:04Z,TB,in,0.5,HALF,-3.0,13425,Jalon Daniels,QB,15.0,8.8,7.98,16.78,16.46,16.3,0.0,1.0,16.78,,0.0,0
2026-10-09 01:42:04Z,DAL,in,0.5,HALF,3.0,11199,Emari Demercado,RB,3.7,0.0,1.45,1.45,1.62,1.85,0.5,1.0,1.45,,0.0,0
2026-10-09 01:42:04Z,DAL,in,0.5,HALF,3.0,8162,Sam Howell,QB,0.9,0.0,0.35,0.35,0.39,0.45,0.5,0.3,0.1,,0.0,0
2026-10-09 01:42:04Z,DAL,in,0.5,HALF,3.0,11783,Ryan Flournoy,WR,8.3,5.8,3.85,9.65,10.16,9.95,0.031,1.0,9.65,,0.0,0
2026-10-09 01:42:04Z,DAL,in,0.5,HALF,3.0,10871,Luke Schoonmaker,TE,1.9,0.0,0.77,0.77,0.83,0.95,0.5,1.0,0.77,,0.0,0
2026-10-09 01:42:04Z,TB,in,0.5,HALF,-3.0,13317,Ted Hurst,WR,4.5,0.0,2.04,2.04,1.97,2.25,0.5,1.0,2.04,,0.0,0
2026-10-09 01:42:04Z,TB,in,0.5,HALF,-3.0,12485,Tez Johnson,WR,4.2,0.0,1.91,1.91,1.84,2.1,0.5,1.0,1.91,,0.0,0
2026-10-09 01:42:04Z,DAL,in,0.5,HALF,3.0,7588,Javonte Williams,RB,18.2,12.9,9.29,22.19,22.48,22.0,0.16,1.0,22.19,,0.0,0
2026-10-09 01:43:04Z,DAL,in,0.5,HALF,3.0,11533,Brandon Aubrey,K,9.8,5.0,4.91,9.91,9.91,9.9,0.006,1.0,9.91,,0.0,0
2026-10-09 01:43:04Z,DAL,in,0.5,HALF,3.0,6786,CeeDee Lamb,WR,19.6,1.4,8.1,9.5,10.15,11.2,0.008,1.0,9.5,,0.0,0
2026-10-09 01:43:04Z,TB,in,0.5,HALF,-3.0,11584,Bucky Irving,RB,11.1,11.0,6.35,17.35,17.23,16.55,0.049,1.0,17.35,,0.0,0
2026-10-09 01:43:04Z,DAL,in,0.5,HALF,3.0,3294,Dak Prescott,QB,22.1,4.56,9.24,13.8,14.8,15.61,0.008,1.0,13.8,,0.0,0
2026-10-09 01:43:04Z,TB,in,0.5,HALF,-3.0,8111,Cade Otton,TE,7.9,3.4,3.86,7.26,7.28,7.35,0.347,1.0,7.26,,0.0,0
2026-10-09 01:43:04Z,TB,in,0.5,HALF,-3.0,4037,Chris Godwin,WR,8.0,6.9,4.19,11.09,11.26,10.9,0.0,1.0,11.09,,0.0,0
2026-10-09 01:43:04Z,DAL,in,0.5,HALF,3.0,8110,Jake Ferguson,TE,8.8,1.2,3.68,4.88,5.2,5.6,0.222,1.0,4.88,,0.0,0
2026-10-09 01:43:04Z,TB,in,0.5,HALF,-3.0,6650,Chase McLaughlin,K,6.7,1.0,3.06,4.06,4.06,4.35,0.248,1.0,4.06,,0.0,0
2026-10-09 01:43:04Z,TB,in,0.5,HALF,-3.0,9506,Sean Tucker,RB,2.4,0.5,1.06,1.56,1.61,1.7,0.115,1.0,1.56,,0.0,0
2026-10-09 01:43:04Z,TB,in,0.5,HALF,-3.0,12514,Emeka Egbuka,WR,9.1,5.5,4.58,10.08,10.17,10.05,0.194,1.0,10.08,,0.0,0
2026-10-09 01:43:04Z,DAL,in,0.5,HALF,3.0,DAL,Dallas Cowboys D/ST,DST,7.3,4.0,0.73,4.73,7.69,7.65,0.248,1.0,4.73,,0.0,0
2026-10-09 01:43:04Z,DAL,in,0.5,HALF,3.0,8137,George Pickens,WR,14.8,6.6,6.56,13.16,13.9,14.0,0.016,1.0,13.16,,0.0,0
2026-10-09 01:43:04Z,TB,in,0.5,HALF,-3.0,TB,Tampa Bay Buccaneers D/ST,DST,3.1,4.0,-0.17,3.83,5.86,5.55,0.431,1.0,3.83,,0.0,0
2026-10-09 01:43:04Z,DAL,in,0.5,HALF,3.0,8917,KaVontae Turpin,WR,2.0,1.7,0.95,2.65,2.79,2.7,0.237,1.0,2.65,,0.0,0
2026-10-09 01:43:04Z,TB,in,0.5,HALF,-3.0,10227,Payne Durham,TE,1.1,1.5,0.62,2.12,2.17,2.05,0.139,1.0,2.12,,0.0,0
2026-10-09 01:43:04Z,DAL,in,0.5,HALF,3.0,11593,Brevyn Spann-Ford,TE,0.6,0.0,0.24,0.24,0.26,0.3,0.5,1.0,0.24,,0.0,0
2026-10-09 01:43:04Z,TB,in,0.5,HALF,-3.0,13425,Jalon Daniels,QB,15.0,8.8,7.98,16.78,16.46,16.3,0.0,1.0,16.78,,0.0,0
2026-10-09 01:43:04Z,DAL,in,0.5,HALF,3.0,11199,Emari Demercado,RB,3.7,0.0,1.45,1.45,1.62,1.85,0.5,1.0,1.45,,0.0,0
2026-10-09 01:43:04Z,DAL,in,0.5,HALF,3.0,8162,Sam Howell,QB,0.9,0.0,0.35,0.35,0.39,0.45,0.5,0.3,0.1,,0.0,0
2026-10-09 01:43:04Z,DAL,in,0.5,HALF,3.0,11783,Ryan Flournoy,WR,8.3,5.8,3.85,9.65,10.16,9.95,0.031,1.0,9.65,,0.0,0
2026-10-09 01:43:04Z,DAL,in,0.5,HALF,3.0,10871,Luke Schoonmaker,TE,1.9,0.0,0.77,0.77,0.83,0.95,0.5,1.0,0.77,,0.0,0
2026-10-09 01:43:04Z,TB,in,0.5,HALF,-3.0,13317,Ted Hurst,WR,4.5,0.0,2.04,2.04,1.97,2.25,0.5,1.0,2.04,,0.0,0
2026-10-09 01:43:04Z,TB,in,0.5,HALF,-3.0,12485,Tez Johnson,WR,4.2,0.0,1.91,1.91,1.84,2.1,0.5,1.0,1.91,,0.0,0
2026-10-09 01:43:04Z,DAL,in,0.5,HALF,3.0,7588,Javonte Williams,RB,18.2,12.9,9.29,22.19,22.48,22.0,0.16,1.0,22.19,,0.0,0
2026-10-09 01:44:04Z,DAL,in,0.5,HALF,3.0,11533,Brandon Aubrey,K,9.8,5.0,4.91,9.91,9.91,9.9,0.006,1.0,9.91,,0.0,0
2026-10-09 01:44:04Z,DAL,in,0.5,HALF,3.0,6786,CeeDee Lamb,WR,19.6,1.4,8.1,9.5,10.15,11.2,0.008,1.0,9.5,,0.0,0
2026-10-09 01:44:04Z,TB,in,0.5,HALF,-3.0,11584,Bucky Irving,RB,11.1,11.0,6.35,17.35,17.23,16.55,0.049,1.0,17.35,,0.0,0
2026-10-09 01:44:04Z,DAL,in,0.5,HALF,3.0,3294,Dak Prescott,QB,22.1,4.56,9.24,13.8,14.8,15.61,0.008,1.0,13.8,,0.0,0
2026-10-09 01:44:04Z,TB,in,0.5,HALF,-3.0,8111,Cade Otton,TE,7.9,3.4,3.86,7.26,7.28,7.35,0.347,1.0,7.26,,0.0,0
2026-10-09 01:44:04Z,TB,in,0.5,HALF,-3.0,4037,Chris Godwin,WR,8.0,6.9,4.19,11.09,11.26,10.9,0.0,1.0,11.09,,0.0,0
2026-10-09 01:44:04Z,DAL,in,0.5,HALF,3.0,8110,Jake Ferguson,TE,8.8,1.2,3.68,4.88,5.2,5.6,0.222,1.0,4.88,,0.0,0
2026-10-09 01:44:04Z,TB,in,0.5,HALF,-3.0,6650,Chase McLaughlin,K,6.7,1.0,3.06,4.06,4.06,4.35,0.248,1.0,4.06,,0.0,0
2026-10-09 01:44:04Z,TB,in,0.5,HALF,-3.0,9506,Sean Tucker,RB,2.4,0.5,1.06,1.56,1.61,1.7,0.115,1.0,1.56,,0.0,0
2026-10-09 01:44:04Z,TB,in,0.5,HALF,-3.0,12514,Emeka Egbuka,WR,9.1,5.5,4.58,10.08,10.17,10.05,0.194,1.0,10.08,,0.0,0
2026-10-09 01:44:04Z,DAL,in,0.5,HALF,3.0,DAL,Dallas Cowboys D/ST,DST,7.3,4.0,0.73,4.73,7.69,7.65,0.248,1.0,4.73,,0.0,0
2026-10-09 01:44:04Z,DAL,in,0.5,HALF,3.0,8137,George Pickens,WR,14.8,6.6,6.56,13.16,13.9,14.0,0.016,1.0,13.16,,0.0,0
2026-10-09 01:44:04Z,TB,in,0.5,HALF,-3.0,TB,Tampa Bay Buccaneers D/ST,DST,3.1,4.0,-0.17,3.83,5.86,5.55,0.431,1.0,3.83,,0.0,0
2026-10-09 01:44:04Z,DAL,in,0.5,HALF,3.0,8917,KaVontae Turpin,WR,2.0,1.7,0.95,2.65,2.79,2.7,0.237,1.0,2.65,,0.0,0
2026-10-09 01:44:04Z,TB,in,0.5,HALF,-3.0,10227,Payne Durham,TE,1.1,1.5,0.62,2.12,2.17,2.05,0.139,1.0,2.12,,0.0,0
2026-10-09 01:44:04Z,DAL,in,0.5,HALF,3.0,11593,Brevyn Spann-Ford,TE,0.6,0.0,0.24,0.24,0.26,0.3,0.5,1.0,0.24,,0.0,0
2026-10-09 01:44:04Z,TB,in,0.5,HALF,-3.0,13425,Jalon Daniels,QB,15.0,8.8,7.98,16.78,16.46,16.3,0.0,1.0,16.78,,0.0,0
2026-10-09 01:44:04Z,DAL,in,0.5,HALF,3.0,11199,Emari Demercado,RB,3.7,0.0,1.45,1.45,1.62,1.85,0.5,1.0,1.45,,0.0,0
2026-10-09 01:44:04Z,DAL,in,0.5,HALF,3.0,8162,Sam Howell,QB,0.9,0.0,0.35,0.35,0.39,0.45,0.5,0.3,0.1,,0.0,0
2026-10-09 01:44:04Z,DAL,in,0.5,HALF,3.0,11783,Ryan Flournoy,WR,8.3,5.8,3.85,9.65,10.16,9.95,0.031,1.0,9.65,,0.0,0
2026-10-09 01:44:04Z,DAL,in,0.5,HALF,3.0,10871,Luke Schoonmaker,TE,1.9,0.0,0.77,0.77,0.83,0.95,0.5,1.0,0.77,,0.0,0
2026-10-09 01:44:04Z,TB,in,0.5,HALF,-3.0,13317,Ted Hurst,WR,4.5,0.0,2.04,2.04,1.97,2.25,0.5,1.0,2.04,,0.0,0
2026-10-09 01:44:04Z,TB,in,0.5,HALF,-3.0,12485,Tez Johnson,WR,4.2,0.0,1.91,1.91,1.84,2.1,0.5,1.0,1.91,,0.0,0
2026-10-09 01:44:04Z,DAL,in,0.5,HALF,3.0,7588,Javonte Williams,RB,18.2,12.9,9.29,22.19,22.48,22.0,0.16,1.0,22.19,,0.0,0
2026-10-09 01:45:04Z,DAL,in,0.5,HALF,3.0,11533,Brandon Aubrey,K,9.8,5.0,4.91,9.91,9.91,9.9,0.006,1.0,9.91,,0.0,0
2026-10-09 01:45:04Z,DAL,in,0.5,HALF,3.0,6786,CeeDee Lamb,WR,19.6,1.4,8.1,9.5,10.15,11.2,0.008,1.0,9.5,,0.0,0
2026-10-09 01:45:04Z,TB,in,0.5,HALF,-3.0,11584,Bucky Irving,RB,11.1,11.0,6.35,17.35,17.23,16.55,0.049,1.0,17.35,,0.0,0
2026-10-09 01:45:04Z,DAL,in,0.5,HALF,3.0,3294,Dak Prescott,QB,22.1,4.56,9.24,13.8,14.8,15.61,0.008,1.0,13.8,,0.0,0
2026-10-09 01:45:04Z,TB,in,0.5,HALF,-3.0,8111,Cade Otton,TE,7.9,3.4,3.86,7.26,7.28,7.35,0.347,1.0,7.26,,0.0,0
2026-10-09 01:45:04Z,TB,in,0.5,HALF,-3.0,4037,Chris Godwin,WR,8.0,6.9,4.19,11.09,11.26,10.9,0.0,1.0,11.09,,0.0,0
2026-10-09 01:45:04Z,DAL,in,0.5,HALF,3.0,8110,Jake Ferguson,TE,8.8,1.2,3.68,4.88,5.2,5.6,0.222,1.0,4.88,,0.0,0
2026-10-09 01:45:04Z,TB,in,0.5,HALF,-3.0,6650,Chase McLaughlin,K,6.7,1.0,3.06,4.06,4.06,4.35,0.248,1.0,4.06,,0.0,0
2026-10-09 01:45:04Z,TB,in,0.5,HALF,-3.0,9506,Sean Tucker,RB,2.4,0.5,1.06,1.56,1.61,1.7,0.115,1.0,1.56,,0.0,0
2026-10-09 01:45:04Z,TB,in,0.5,HALF,-3.0,12514,Emeka Egbuka,WR,9.1,5.5,4.58,10.08,10.17,10.05,0.194,1.0,10.08,,0.0,0
2026-10-09 01:45:04Z,DAL,in,0.5,HALF,3.0,DAL,Dallas Cowboys D/ST,DST,7.3,4.0,0.73,4.73,7.69,7.65,0.248,1.0,4.73,,0.0,0
2026-10-09 01:45:04Z,DAL,in,0.5,HALF,3.0,8137,George Pickens,WR,14.8,6.6,6.56,13.16,13.9,14.0,0.016,1.0,13.16,,0.0,0
2026-10-09 01:45:04Z,TB,in,0.5,HALF,-3.0,TB,Tampa Bay Buccaneers D/ST,DST,3.1,4.0,-0.17,3.83,5.86,5.55,0.431,1.0,3.83,,0.0,0
2026-10-09 01:45:04Z,DAL,in,0.5,HALF,3.0,8917,KaVontae Turpin,WR,2.0,1.7,0.95,2.65,2.79,2.7,0.237,1.0,2.65,,0.0,0
2026-10-09 01:45:04Z,TB,in,0.5,HALF,-3.0,10227,Payne Durham,TE,1.1,1.5,0.62,2.12,2.17,2.05,0.139,1.0,2.12,,0.0,0
2026-10-09 01:45:04Z,DAL,in,0.5,HALF,3.0,11593,Brevyn Spann-Ford,TE,0.6,0.0,0.24,0.24,0.26,0.3,0.5,1.0,0.24,,0.0,0
2026-10-09 01:45:04Z,TB,in,0.5,HALF,-3.0,13425,Jalon Daniels,QB,15.0,8.8,7.98,16.78,16.46,16.3,0.0,1.0,16.78,,0.0,0
2026-10-09 01:45:04Z,DAL,in,0.5,HALF,3.0,11199,Emari Demercado,RB,3.7,0.0,1.45,1.45,1.62,1.85,0.5,1.0,1.45,,0.0,0
2026-10-09 01:45:04Z,DAL,in,0.5,HALF,3.0,8162,Sam Howell,QB,0.9,0.0,0.35,0.35,0.39,0.45,0.5,0.3,0.1,,0.0,0
2026-10-09 01:45:04Z,DAL,in,0.5,HALF,3.0,11783,Ryan Flournoy,WR,8.3,5.8,3.85,9.65,10.16,9.95,0.031,1.0,9.65,,0.0,0
2026-10-09 01:45:04Z,DAL,in,0.5,HALF,3.0,10871,Luke Schoonmaker,TE,1.9,0.0,0.77,0.77,0.83,0.95,0.5,1.0,0.77,,0.0,0
2026-10-09 01:45:04Z,TB,in,0.5,HALF,-3.0,13317,Ted Hurst,WR,4.5,0.0,2.04,2.04,1.97,2.25,0.5,1.0,2.04,,0.0,0
2026-10-09 01:45:04Z,TB,in,0.5,HALF,-3.0,12485,Tez Johnson,WR,4.2,0.0,1.91,1.91,1.84,2.1,0.5,1.0,1.91,,0.0,0
2026-10-09 01:45:04Z,DAL,in,0.5,HALF,3.0,7588,Javonte Williams,RB,18.2,12.9,9.29,22.19,22.48,22.0,0.16,1.0,22.19,,0.0,0
2026-10-09 01:46:05Z,DAL,in,0.5,HALF,3.0,11533,Brandon Aubrey,K,9.8,5.0,4.91,9.91,9.91,9.9,0.006,1.0,9.91,,0.0,0
2026-10-09 01:46:05Z,DAL,in,0.5,HALF,3.0,6786,CeeDee Lamb,WR,19.6,1.4,8.1,9.5,10.15,11.2,0.008,1.0,9.5,,0.0,0
2026-10-09 01:46:05Z,TB,in,0.5,HALF,-3.0,11584,Bucky Irving,RB,11.1,11.0,6.35,17.35,17.23,16.55,0.049,1.0,17.35,,0.0,0
2026-10-09 01:46:05Z,DAL,in,0.5,HALF,3.0,3294,Dak Prescott,QB,22.1,4.56,9.24,13.8,14.8,15.61,0.008,1.0,13.8,,0.0,0
2026-10-09 01:46:05Z,TB,in,0.5,HALF,-3.0,8111,Cade Otton,TE,7.9,3.4,3.86,7.26,7.28,7.35,0.347,1.0,7.26,,0.0,0
2026-10-09 01:46:05Z,TB,in,0.5,HALF,-3.0,4037,Chris Godwin,WR,8.0,6.9,4.19,11.09,11.26,10.9,0.0,1.0,11.09,,0.0,0
2026-10-09 01:46:05Z,DAL,in,0.5,HALF,3.0,8110,Jake Ferguson,TE,8.8,1.2,3.68,4.88,5.2,5.6,0.222,1.0,4.88,,0.0,0
2026-10-09 01:46:05Z,TB,in,0.5,HALF,-3.0,6650,Chase McLaughlin,K,6.7,1.0,3.06,4.06,4.06,4.35,0.248,1.0,4.06,,0.0,0
2026-10-09 01:46:05Z,TB,in,0.5,HALF,-3.0,9506,Sean Tucker,RB,2.4,0.5,1.06,1.56,1.61,1.7,0.115,1.0,1.56,,0.0,0
2026-10-09 01:46:05Z,TB,in,0.5,HALF,-3.0,12514,Emeka Egbuka,WR,9.1,5.5,4.58,10.08,10.17,10.05,0.194,1.0,10.08,,0.0,0
2026-10-09 01:46:05Z,DAL,in,0.5,HALF,3.0,DAL,Dallas Cowboys D/ST,DST,7.3,4.0,0.73,4.73,7.69,7.65,0.248,1.0,4.73,,0.0,0
2026-10-09 01:46:05Z,DAL,in,0.5,HALF,3.0,8137,George Pickens,WR,14.8,6.6,6.56,13.16,13.9,14.0,0.016,1.0,13.16,,0.0,0
2026-10-09 01:46:05Z,TB,in,0.5,HALF,-3.0,TB,Tampa Bay Buccaneers D/ST,DST,3.1,4.0,-0.17,3.83,5.86,5.55,0.431,1.0,3.83,,0.0,0
2026-10-09 01:46:05Z,DAL,in,0.5,HALF,3.0,8917,KaVontae Turpin,WR,2.0,1.7,0.95,2.65,2.79,2.7,0.237,1.0,2.65,,0.0,0
2026-10-09 01:46:05Z,TB,in,0.5,HALF,-3.0,10227,Payne Durham,TE,1.1,1.5,0.62,2.12,2.17,2.05,0.139,1.0,2.12,,0.0,0
2026-10-09 01:46:05Z,DAL,in,0.5,HALF,3.0,11593,Brevyn Spann-Ford,TE,0.6,0.0,0.24,0.24,0.26,0.3,0.5,1.0,0.24,,0.0,0
2026-10-09 01:46:05Z,TB,in,0.5,HALF,-3.0,13425,Jalon Daniels,QB,15.0,8.8,7.98,16.78,16.46,16.3,0.0,1.0,16.78,,0.0,0
2026-10-09 01:46:05Z,DAL,in,0.5,HALF,3.0,11199,Emari Demercado,RB,3.7,0.0,1.45,1.45,1.62,1.85,0.5,1.0,1.45,,0.0,0
2026-10-09 01:46:05Z,DAL,in,0.5,HALF,3.0,8162,Sam Howell,QB,0.9,0.0,0.35,0.35,0.39,0.45,0.5,0.3,0.1,,0.0,0
2026-10-09 01:46:05Z,DAL,in,0.5,HALF,3.0,11783,Ryan Flournoy,WR,8.3,5.8,3.85,9.65,10.16,9.95,0.031,1.0,9.65,,0.0,0
2026-10-09 01:46:05Z,DAL,in,0.5,HALF,3.0,10871,Luke Schoonmaker,TE,1.9,0.0,0.77,0.77,0.83,0.95,0.5,1.0,0.77,,0.0,0
2026-10-09 01:46:05Z,TB,in,0.5,HALF,-3.0,13317,Ted Hurst,WR,4.5,0.0,2.04,2.04,1.97,2.25,0.5,1.0,2.04,,0.0,0
2026-10-09 01:46:05Z,TB,in,0.5,HALF,-3.0,12485,Tez Johnson,WR,4.2,0.0,1.91,1.91,1.84,2.1,0.5,1.0,1.91,,0.0,0
2026-10-09 01:46:05Z,DAL,in,0.5,HALF,3.0,7588,Javonte Williams,RB,18.2,12.9,9.29,22.19,22.48,22.0,0.16,1.0,22.19,,0.0,0
2026-10-09 01:47:05Z,DAL,in,0.5,HALF,3.0,11533,Brandon Aubrey,K,9.8,5.0,4.91,9.91,9.91,9.9,0.006,1.0,9.91,,0.0,0
2026-10-09 01:47:05Z,DAL,in,0.5,HALF,3.0,6786,CeeDee Lamb,WR,19.6,1.4,8.1,9.5,10.15,11.2,0.008,1.0,9.5,,0.0,0
2026-10-09 01:47:05Z,TB,in,0.5,HALF,-3.0,11584,Bucky Irving,RB,11.1,11.0,6.35,17.35,17.23,16.55,0.049,1.0,17.35,,0.0,0
2026-10-09 01:47:05Z,DAL,in,0.5,HALF,3.0,3294,Dak Prescott,QB,22.1,4.56,9.24,13.8,14.8,15.61,0.008,1.0,13.8,,0.0,0
2026-10-09 01:47:05Z,TB,in,0.5,HALF,-3.0,8111,Cade Otton,TE,7.9,3.4,3.86,7.26,7.28,7.35,0.347,1.0,7.26,,0.0,0
2026-10-09 01:47:05Z,TB,in,0.5,HALF,-3.0,4037,Chris Godwin,WR,8.0,7.0,4.2,11.2,11.38,11.0,0.0,1.0,11.2,,0.0,0
2026-10-09 01:47:05Z,DAL,in,0.5,HALF,3.0,8110,Jake Ferguson,TE,8.8,1.2,3.68,4.88,5.2,5.6,0.222,1.0,4.88,,0.0,0
2026-10-09 01:47:05Z,TB,in,0.5,HALF,-3.0,6650,Chase McLaughlin,K,6.7,1.0,3.06,4.06,4.06,4.35,0.248,1.0,4.06,,0.0,0
2026-10-09 01:47:05Z,TB,in,0.5,HALF,-3.0,9506,Sean Tucker,RB,2.4,0.5,1.06,1.56,1.61,1.7,0.115,1.0,1.56,,0.0,0
2026-10-09 01:47:05Z,TB,in,0.5,HALF,-3.0,12514,Emeka Egbuka,WR,9.1,5.5,4.58,10.08,10.17,10.05,0.194,1.0,10.08,,0.0,0
2026-10-09 01:47:05Z,DAL,in,0.5,HALF,3.0,DAL,Dallas Cowboys D/ST,DST,7.3,4.0,0.73,4.73,7.69,7.65,0.248,1.0,4.73,,0.0,0
2026-10-09 01:47:05Z,DAL,in,0.5,HALF,3.0,8137,George Pickens,WR,14.8,6.6,6.56,13.16,13.9,14.0,0.016,1.0,13.16,,0.0,0
2026-10-09 01:47:05Z,TB,in,0.5,HALF,-3.0,TB,Tampa Bay Buccaneers D/ST,DST,3.1,4.0,-0.17,3.83,5.86,5.55,0.431,1.0,3.83,,0.0,0
2026-10-09 01:47:05Z,DAL,in,0.5,HALF,3.0,8917,KaVontae Turpin,WR,2.0,1.7,0.95,2.65,2.79,2.7,0.237,1.0,2.65,,0.0,0
2026-10-09 01:47:05Z,TB,in,0.5,HALF,-3.0,10227,Payne Durham,TE,1.1,1.5,0.62,2.12,2.17,2.05,0.139,1.0,2.12,,0.0,0
2026-10-09 01:47:05Z,DAL,in,0.5,HALF,3.0,11593,Brevyn Spann-Ford,TE,0.6,0.0,0.24,0.24,0.26,0.3,0.5,1.0,0.24,,0.0,0
2026-10-09 01:47:05Z,TB,in,0.5,HALF,-3.0,13425,Jalon Daniels,QB,15.0,8.84,7.99,16.83,16.51,16.34,0.0,1.0,16.83,,0.0,0
2026-10-09 01:47:05Z,DAL,in,0.5,HALF,3.0,11199,Emari Demercado,RB,3.7,0.0,1.45,1.45,1.62,1.85,0.5,1.0,1.45,,0.0,0
2026-10-09 01:47:05Z,DAL,in,0.5,HALF,3.0,8162,Sam Howell,QB,0.9,0.0,0.35,0.35,0.39,0.45,0.5,0.3,0.1,,0.0,0
2026-10-09 01:47:05Z,DAL,in,0.5,HALF,3.0,11783,Ryan Flournoy,WR,8.3,5.8,3.85,9.65,10.16,9.95,0.031,1.0,9.65,,0.0,0
2026-10-09 01:47:05Z,DAL,in,0.5,HALF,3.0,10871,Luke Schoonmaker,TE,1.9,0.0,0.77,0.77,0.83,0.95,0.5,1.0,0.77,,0.0,0
2026-10-09 01:47:05Z,TB,in,0.5,HALF,-3.0,13317,Ted Hurst,WR,4.5,0.0,2.04,2.04,1.97,2.25,0.5,1.0,2.04,,0.0,0
2026-10-09 01:47:05Z,TB,in,0.5,HALF,-3.0,12485,Tez Johnson,WR,4.2,0.0,1.91,1.91,1.84,2.1,0.5,1.0,1.91,,0.0,0
2026-10-09 01:47:05Z,DAL,in,0.5,HALF,3.0,7588,Javonte Williams,RB,18.2,12.9,9.29,22.19,22.48,22.0,0.16,1.0,22.19,,0.0,0
2026-10-09 01:48:06Z,DAL,in,0.5,HALF,3.0,11533,Brandon Aubrey,K,9.8,5.0,4.91,9.91,9.91,9.9,0.006,1.0,9.91,,0.0,0
2026-10-09 01:48:06Z,DAL,in,0.5,HALF,3.0,6786,CeeDee Lamb,WR,19.6,1.4,8.1,9.5,10.15,11.2,0.008,1.0,9.5,,0.0,0
2026-10-09 01:48:06Z,TB,in,0.5,HALF,-3.0,11584,Bucky Irving,RB,11.1,11.0,6.35,17.35,17.23,16.55,0.049,1.0,17.35,,0.0,0
2026-10-09 01:48:06Z,DAL,in,0.5,HALF,3.0,3294,Dak Prescott,QB,22.1,4.56,9.24,13.8,14.8,15.61,0.008,1.0,13.8,,0.0,0
2026-10-09 01:48:06Z,TB,in,0.5,HALF,-3.0,8111,Cade Otton,TE,7.9,3.4,3.86,7.26,7.28,7.35,0.347,1.0,7.26,,0.0,0
2026-10-09 01:48:06Z,TB,in,0.5,HALF,-3.0,4037,Chris Godwin,WR,8.0,7.0,4.2,11.2,11.38,11.0,0.0,1.0,11.2,,0.0,0
2026-10-09 01:48:06Z,DAL,in,0.5,HALF,3.0,8110,Jake Ferguson,TE,8.8,1.2,3.68,4.88,5.2,5.6,0.222,1.0,4.88,,0.0,0
2026-10-09 01:48:06Z,TB,in,0.5,HALF,-3.0,6650,Chase McLaughlin,K,6.7,1.0,3.06,4.06,4.06,4.35,0.248,1.0,4.06,,0.0,0
2026-10-09 01:48:06Z,TB,in,0.5,HALF,-3.0,9506,Sean Tucker,RB,2.4,0.5,1.06,1.56,1.61,1.7,0.115,1.0,1.56,,0.0,0
2026-10-09 01:48:06Z,TB,in,0.5,HALF,-3.0,12514,Emeka Egbuka,WR,9.1,5.5,4.58,10.08,10.17,10.05,0.194,1.0,10.08,,0.0,0
2026-10-09 01:48:06Z,DAL,in,0.5,HALF,3.0,DAL,Dallas Cowboys D/ST,DST,7.3,4.0,0.73,4.73,7.69,7.65,0.248,1.0,4.73,,0.0,0
2026-10-09 01:48:06Z,DAL,in,0.5,HALF,3.0,8137,George Pickens,WR,14.8,6.6,6.56,13.16,13.9,14.0,0.016,1.0,13.16,,0.0,0
2026-10-09 01:48:06Z,TB,in,0.5,HALF,-3.0,TB,Tampa Bay Buccaneers D/ST,DST,3.1,4.0,-0.17,3.83,5.86,5.55,0.431,1.0,3.83,,0.0,0
2026-10-09 01:48:06Z,DAL,in,0.5,HALF,3.0,8917,KaVontae Turpin,WR,2.0,1.7,0.95,2.65,2.79,2.7,0.237,1.0,2.65,,0.0,0
2026-10-09 01:48:06Z,TB,in,0.5,HALF,-3.0,10227,Payne Durham,TE,1.1,1.5,0.62,2.12,2.17,2.05,0.139,1.0,2.12,,0.0,0
2026-10-09 01:48:06Z,DAL,in,0.5,HALF,3.0,11593,Brevyn Spann-Ford,TE,0.6,0.0,0.24,0.24,0.26,0.3,0.5,1.0,0.24,,0.0,0
2026-10-09 01:48:06Z,TB,in,0.5,HALF,-3.0,13425,Jalon Daniels,QB,15.0,8.84,7.99,16.83,16.51,16.34,0.0,1.0,16.83,,0.0,0
2026-10-09 01:48:06Z,DAL,in,0.5,HALF,3.0,11199,Emari Demercado,RB,3.7,0.0,1.45,1.45,1.62,1.85,0.5,1.0,1.45,,0.0,0
2026-10-09 01:48:06Z,DAL,in,0.5,HALF,3.0,8162,Sam Howell,QB,0.9,0.0,0.35,0.35,0.39,0.45,0.5,0.3,0.1,,0.0,0
2026-10-09 01:48:06Z,DAL,in,0.5,HALF,3.0,11783,Ryan Flournoy,WR,8.3,5.8,3.85,9.65,10.16,9.95,0.031,1.0,9.65,,0.0,0
2026-10-09 01:48:06Z,DAL,in,0.5,HALF,3.0,10871,Luke Schoonmaker,TE,1.9,0.0,0.77,0.77,0.83,0.95,0.5,1.0,0.77,,0.0,0
2026-10-09 01:48:06Z,TB,in,0.5,HALF,-3.0,13317,Ted Hurst,WR,4.5,0.0,2.04,2.04,1.97,2.25,0.5,1.0,2.04,,0.0,0
2026-10-09 01:48:06Z,TB,in,0.5,HALF,-3.0,12485,Tez Johnson,WR,4.2,0.0,1.91,1.91,1.84,2.1,0.5,1.0,1.91,,0.0,0
2026-10-09 01:48:06Z,DAL,in,0.5,HALF,3.0,7588,Javonte Williams,RB,18.2,12.9,9.29,22.19,22.48,22.0,0.16,1.0,22.19,,0.0,0
2026-10-09 01:49:06Z,DAL,in,0.5,HALF,3.0,11533,Brandon Aubrey,K,9.8,5.0,4.91,9.91,9.91,9.9,0.006,1.0,9.91,,0.0,0
2026-10-09 01:49:06Z,DAL,in,0.5,HALF,3.0,6786,CeeDee Lamb,WR,19.6,1.4,8.1,9.5,10.15,11.2,0.008,1.0,9.5,,0.0,0
2026-10-09 01:49:06Z,TB,in,0.5,HALF,-3.0,11584,Bucky Irving,RB,11.1,11.0,6.35,17.35,17.23,16.55,0.049,1.0,17.35,,0.0,0
2026-10-09 01:49:06Z,DAL,in,0.5,HALF,3.0,3294,Dak Prescott,QB,22.1,4.56,9.24,13.8,14.8,15.61,0.008,1.0,13.8,,0.0,0
2026-10-09 01:49:06Z,TB,in,0.5,HALF,-3.0,8111,Cade Otton,TE,7.9,3.4,3.86,7.26,7.28,7.35,0.347,1.0,7.26,,0.0,0
2026-10-09 01:49:06Z,TB,in,0.5,HALF,-3.0,4037,Chris Godwin,WR,8.0,7.0,4.2,11.2,11.38,11.0,0.0,1.0,11.2,,0.0,0
2026-10-09 01:49:06Z,DAL,in,0.5,HALF,3.0,8110,Jake Ferguson,TE,8.8,1.2,3.68,4.88,5.2,5.6,0.222,1.0,4.88,,0.0,0
2026-10-09 01:49:06Z,TB,in,0.5,HALF,-3.0,6650,Chase McLaughlin,K,6.7,1.0,3.06,4.06,4.06,4.35,0.248,1.0,4.06,,0.0,0
2026-10-09 01:49:06Z,TB,in,0.5,HALF,-3.0,9506,Sean Tucker,RB,2.4,0.5,1.06,1.56,1.61,1.7,0.115,1.0,1.56,,0.0,0
2026-10-09 01:49:06Z,TB,in,0.5,HALF,-3.0,12514,Emeka Egbuka,WR,9.1,5.5,4.58,10.08,10.17,10.05,0.194,1.0,10.08,,0.0,0
2026-10-09 01:49:06Z,DAL,in,0.5,HALF,3.0,DAL,Dallas Cowboys D/ST,DST,7.3,4.0,0.73,4.73,7.69,7.65,0.248,1.0,4.73,,0.0,0
2026-10-09 01:49:06Z,DAL,in,0.5,HALF,3.0,8137,George Pickens,WR,14.8,6.6,6.56,13.16,13.9,14.0,0.016,1.0,13.16,,0.0,0
2026-10-09 01:49:06Z,TB,in,0.5,HALF,-3.0,TB,Tampa Bay Buccaneers D/ST,DST,3.1,4.0,-0.17,3.83,5.86,5.55,0.431,1.0,3.83,,0.0,0
2026-10-09 01:49:06Z,DAL,in,0.5,HALF,3.0,8917,KaVontae Turpin,WR,2.0,1.7,0.95,2.65,2.79,2.7,0.237,1.0,2.65,,0.0,0
2026-10-09 01:49:06Z,TB,in,0.5,HALF,-3.0,10227,Payne Durham,TE,1.1,1.5,0.62,2.12,2.17,2.05,0.139,1.0,2.12,,0.0,0
2026-10-09 01:49:06Z,DAL,in,0.5,HALF,3.0,11593,Brevyn Spann-Ford,TE,0.6,0.0,0.24,0.24,0.26,0.3,0.5,1.0,0.24,,0.0,0
2026-10-09 01:49:06Z,TB,in,0.5,HALF,-3.0,13425,Jalon Daniels,QB,15.0,8.84,7.99,16.83,16.51,16.34,0.0,1.0,16.83,,0.0,0
2026-10-09 01:49:06Z,DAL,in,0.5,HALF,3.0,11199,Emari Demercado,RB,3.7,0.0,1.45,1.45,1.62,1.85,0.5,1.0,1.45,,0.0,0
2026-10-09 01:49:06Z,DAL,in,0.5,HALF,3.0,8162,Sam Howell,QB,0.9,0.0,0.35,0.35,0.39,0.45,0.5,0.3,0.1,,0.0,0
2026-10-09 01:49:06Z,DAL,in,0.5,HALF,3.0,11783,Ryan Flournoy,WR,8.3,5.8,3.85,9.65,10.16,9.95,0.031,1.0,9.65,,0.0,0
2026-10-09 01:49:06Z,DAL,in,0.5,HALF,3.0,10871,Luke Schoonmaker,TE,1.9,0.0,0.77,0.77,0.83,0.95,0.5,1.0,0.77,,0.0,0
2026-10-09 01:49:06Z,TB,in,0.5,HALF,-3.0,13317,Ted Hurst,WR,4.5,0.0,2.04,2.04,1.97,2.25,0.5,1.0,2.04,,0.0,0
2026-10-09 01:49:06Z,TB,in,0.5,HALF,-3.0,12485,Tez Johnson,WR,4.2,0.0,1.91,1.91,1.84,2.1,0.5,1.0,1.91,,0.0,0
2026-10-09 01:49:06Z,DAL,in,0.5,HALF,3.0,7588,Javonte Williams,RB,18.2,12.9,9.29,22.19,22.48,22.0,0.16,1.0,22.19,,0.0,0
2026-10-09 01:50:06Z,DAL,in,0.5,HALF,3.0,11533,Brandon Aubrey,K,9.8,5.0,4.91,9.91,9.91,9.9,0.006,1.0,9.91,,0.0,0
2026-10-09 01:50:06Z,DAL,in,0.5,HALF,3.0,6786,CeeDee Lamb,WR,19.6,1.4,8.1,9.5,10.15,11.2,0.008,1.0,9.5,,0.0,0
2026-10-09 01:50:06Z,TB,in,0.5,HALF,-3.0,11584,Bucky Irving,RB,11.1,11.0,6.35,17.35,17.23,16.55,0.049,1.0,17.35,,0.0,0
2026-10-09 01:50:06Z,DAL,in,0.5,HALF,3.0,3294,Dak Prescott,QB,22.1,4.56,9.24,13.8,14.8,15.61,0.008,1.0,13.8,,0.0,0
2026-10-09 01:50:06Z,TB,in,0.5,HALF,-3.0,8111,Cade Otton,TE,7.9,3.4,3.86,7.26,7.28,7.35,0.347,1.0,7.26,,0.0,0
2026-10-09 01:50:06Z,TB,in,0.5,HALF,-3.0,4037,Chris Godwin,WR,8.0,7.0,4.2,11.2,11.38,11.0,0.0,1.0,11.2,,0.0,0
2026-10-09 01:50:06Z,DAL,in,0.5,HALF,3.0,8110,Jake Ferguson,TE,8.8,1.2,3.68,4.88,5.2,5.6,0.222,1.0,4.88,,0.0,0
2026-10-09 01:50:06Z,TB,in,0.5,HALF,-3.0,6650,Chase McLaughlin,K,6.7,1.0,3.06,4.06,4.06,4.35,0.248,1.0,4.06,,0.0,0
2026-10-09 01:50:06Z,TB,in,0.5,HALF,-3.0,9506,Sean Tucker,RB,2.4,0.5,1.06,1.56,1.61,1.7,0.115,1.0,1.56,,0.0,0
2026-10-09 01:50:06Z,TB,in,0.5,HALF,-3.0,12514,Emeka Egbuka,WR,9.1,5.5,4.58,10.08,10.17,10.05,0.194,1.0,10.08,,0.0,0
2026-10-09 01:50:06Z,DAL,in,0.5,HALF,3.0,DAL,Dallas Cowboys D/ST,DST,7.3,4.0,0.73,4.73,7.69,7.65,0.248,1.0,4.73,,0.0,0
2026-10-09 01:50:06Z,DAL,in,0.5,HALF,3.0,8137,George Pickens,WR,14.8,6.6,6.56,13.16,13.9,14.0,0.016,1.0,13.16,,0.0,0
2026-10-09 01:50:06Z,TB,in,0.5,HALF,-3.0,TB,Tampa Bay Buccaneers D/ST,DST,3.1,4.0,-0.17,3.83,5.86,5.55,0.431,1.0,3.83,,0.0,0
2026-10-09 01:50:06Z,DAL,in,0.5,HALF,3.0,8917,KaVontae Turpin,WR,2.0,1.7,0.95,2.65,2.79,2.7,0.237,1.0,2.65,,0.0,0
2026-10-09 01:50:06Z,TB,in,0.5,HALF,-3.0,10227,Payne Durham,TE,1.1,1.5,0.62,2.12,2.17,2.05,0.139,1.0,2.12,,0.0,0
2026-10-09 01:50:06Z,DAL,in,0.5,HALF,3.0,11593,Brevyn Spann-Ford,TE,0.6,0.0,0.24,0.24,0.26,0.3,0.5,1.0,0.24,,0.0,0
2026-10-09 01:50:06Z,TB,in,0.5,HALF,-3.0,13425,Jalon Daniels,QB,15.0,8.84,7.99,16.83,16.51,16.34,0.0,1.0,16.83,,0.0,0
2026-10-09 01:50:06Z,DAL,in,0.5,HALF,3.0,11199,Emari Demercado,RB,3.7,0.0,1.45,1.45,1.62,1.85,0.5,1.0,1.45,,0.0,0
2026-10-09 01:50:06Z,DAL,in,0.5,HALF,3.0,8162,Sam Howell,QB,0.9,0.0,0.35,0.35,0.39,0.45,0.5,0.3,0.1,,0.0,0
2026-10-09 01:50:06Z,DAL,in,0.5,HALF,3.0,11783,Ryan Flournoy,WR,8.3,5.8,3.85,9.65,10.16,9.95,0.031,1.0,9.65,,0.0,0
2026-10-09 01:50:06Z,DAL,in,0.5,HALF,3.0,10871,Luke Schoonmaker,TE,1.9,0.0,0.77,0.77,0.83,0.95,0.5,1.0,0.77,,0.0,0
2026-10-09 01:50:06Z,TB,in,0.5,HALF,-3.0,13317,Ted Hurst,WR,4.5,0.0,2.04,2.04,1.97,2.25,0.5,1.0,2.04,,0.0,0
2026-10-09 01:50:06Z,TB,in,0.5,HALF,-3.0,12485,Tez Johnson,WR,4.2,0.0,1.91,1.91,1.84,2.1,0.5,1.0,1.91,,0.0,0
2026-10-09 01:50:06Z,DAL,in,0.5,HALF,3.0,7588,Javonte Williams,RB,18.2,12.9,9.29,22.19,22.48,22.0,0.16,1.0,22.19,,0.0,0
2026-10-09 01:51:07Z,DAL,in,0.5,HALF,3.0,11533,Brandon Aubrey,K,9.8,5.0,4.91,9.91,9.91,9.9,0.006,1.0,9.91,,0.0,0
2026-10-09 01:51:07Z,DAL,in,0.5,HALF,3.0,6786,CeeDee Lamb,WR,19.6,1.4,8.1,9.5,10.15,11.2,0.008,1.0,9.5,,0.0,0
2026-10-09 01:51:07Z,TB,in,0.5,HALF,-3.0,11584,Bucky Irving,RB,11.1,11.0,6.35,17.35,17.23,16.55,0.049,1.0,17.35,,0.0,0
2026-10-09 01:51:07Z,DAL,in,0.5,HALF,3.0,3294,Dak Prescott,QB,22.1,4.56,9.24,13.8,14.8,15.61,0.008,1.0,13.8,,0.0,0
2026-10-09 01:51:07Z,TB,in,0.5,HALF,-3.0,8111,Cade Otton,TE,7.9,3.4,3.86,7.26,7.28,7.35,0.347,1.0,7.26,,0.0,0
2026-10-09 01:51:07Z,TB,in,0.5,HALF,-3.0,4037,Chris Godwin,WR,8.0,7.0,4.2,11.2,11.38,11.0,0.0,1.0,11.2,,0.0,0
2026-10-09 01:51:07Z,DAL,in,0.5,HALF,3.0,8110,Jake Ferguson,TE,8.8,1.2,3.68,4.88,5.2,5.6,0.222,1.0,4.88,,0.0,0
2026-10-09 01:51:07Z,TB,in,0.5,HALF,-3.0,6650,Chase McLaughlin,K,6.7,1.0,3.06,4.06,4.06,4.35,0.248,1.0,4.06,,0.0,0
2026-10-09 01:51:07Z,TB,in,0.5,HALF,-3.0,9506,Sean Tucker,RB,2.4,0.5,1.06,1.56,1.61,1.7,0.115,1.0,1.56,,0.0,0
2026-10-09 01:51:07Z,TB,in,0.5,HALF,-3.0,12514,Emeka Egbuka,WR,9.1,5.5,4.58,10.08,10.17,10.05,0.194,1.0,10.08,,0.0,0
2026-10-09 01:51:07Z,DAL,in,0.5,HALF,3.0,DAL,Dallas Cowboys D/ST,DST,7.3,4.0,0.73,4.73,7.69,7.65,0.248,1.0,4.73,,0.0,0
2026-10-09 01:51:07Z,DAL,in,0.5,HALF,3.0,8137,George Pickens,WR,14.8,6.6,6.56,13.16,13.9,14.0,0.016,1.0,13.16,,0.0,0
2026-10-09 01:51:07Z,TB,in,0.5,HALF,-3.0,TB,Tampa Bay Buccaneers D/ST,DST,3.1,4.0,-0.17,3.83,5.86,5.55,0.431,1.0,3.83,,0.0,0
2026-10-09 01:51:07Z,DAL,in,0.5,HALF,3.0,8917,KaVontae Turpin,WR,2.0,1.7,0.95,2.65,2.79,2.7,0.237,1.0,2.65,,0.0,0
2026-10-09 01:51:07Z,TB,in,0.5,HALF,-3.0,10227,Payne Durham,TE,1.1,1.5,0.62,2.12,2.17,2.05,0.139,1.0,2.12,,0.0,0
2026-10-09 01:51:07Z,DAL,in,0.5,HALF,3.0,11593,Brevyn Spann-Ford,TE,0.6,0.0,0.24,0.24,0.26,0.3,0.5,1.0,0.24,,0.0,0
2026-10-09 01:51:07Z,TB,in,0.5,HALF,-3.0,13425,Jalon Daniels,QB,15.0,8.84,7.99,16.83,16.51,16.34,0.0,1.0,16.83,,0.0,0
2026-10-09 01:51:07Z,DAL,in,0.5,HALF,3.0,11199,Emari Demercado,RB,3.7,0.0,1.45,1.45,1.62,1.85,0.5,1.0,1.45,,0.0,0
2026-10-09 01:51:07Z,DAL,in,0.5,HALF,3.0,8162,Sam Howell,QB,0.9,0.0,0.35,0.35,0.39,0.45,0.5,0.3,0.1,,0.0,0
2026-10-09 01:51:07Z,DAL,in,0.5,HALF,3.0,11783,Ryan Flournoy,WR,8.3,5.8,3.85,9.65,10.16,9.95,0.031,1.0,9.65,,0.0,0
2026-10-09 01:51:07Z,DAL,in,0.5,HALF,3.0,10871,Luke Schoonmaker,TE,1.9,0.0,0.77,0.77,0.83,0.95,0.5,1.0,0.77,,0.0,0
2026-10-09 01:51:07Z,TB,in,0.5,HALF,-3.0,13317,Ted Hurst,WR,4.5,0.0,2.04,2.04,1.97,2.25,0.5,1.0,2.04,,0.0,0
2026-10-09 01:51:07Z,TB,in,0.5,HALF,-3.0,12485,Tez Johnson,WR,4.2,0.0,1.91,1.91,1.84,2.1,0.5,1.0,1.91,,0.0,0
2026-10-09 01:51:07Z,DAL,in,0.5,HALF,3.0,7588,Javonte Williams,RB,18.2,12.9,9.29,22.19,22.48,22.0,0.16,1.0,22.19,,0.0,0
2026-10-09 01:52:07Z,DAL,in,0.5,HALF,3.0,11533,Brandon Aubrey,K,9.8,5.0,4.91,9.91,9.91,9.9,0.006,1.0,9.91,,0.0,0
2026-10-09 01:52:07Z,DAL,in,0.5,HALF,3.0,6786,CeeDee Lamb,WR,19.6,1.4,8.1,9.5,10.15,11.2,0.008,1.0,9.5,,0.0,0
2026-10-09 01:52:07Z,TB,in,0.5,HALF,-3.0,11584,Bucky Irving,RB,11.1,11.0,6.35,17.35,17.23,16.55,0.049,1.0,17.35,,0.0,0
2026-10-09 01:52:07Z,DAL,in,0.5,HALF,3.0,3294,Dak Prescott,QB,22.1,4.56,9.24,13.8,14.8,15.61,0.008,1.0,13.8,,0.0,0
2026-10-09 01:52:07Z,TB,in,0.5,HALF,-3.0,8111,Cade Otton,TE,7.9,3.4,3.86,7.26,7.28,7.35,0.347,1.0,7.26,,0.0,0
2026-10-09 01:52:07Z,TB,in,0.5,HALF,-3.0,4037,Chris Godwin,WR,8.0,7.0,4.2,11.2,11.38,11.0,0.0,1.0,11.2,,0.0,0
2026-10-09 01:52:07Z,DAL,in,0.5,HALF,3.0,8110,Jake Ferguson,TE,8.8,1.2,3.68,4.88,5.2,5.6,0.222,1.0,4.88,,0.0,0
2026-10-09 01:52:07Z,TB,in,0.5,HALF,-3.0,6650,Chase McLaughlin,K,6.7,1.0,3.06,4.06,4.06,4.35,0.248,1.0,4.06,,0.0,0
2026-10-09 01:52:07Z,TB,in,0.5,HALF,-3.0,9506,Sean Tucker,RB,2.4,0.5,1.06,1.56,1.61,1.7,0.115,1.0,1.56,,0.0,0
2026-10-09 01:52:07Z,TB,in,0.5,HALF,-3.0,12514,Emeka Egbuka,WR,9.1,5.5,4.58,10.08,10.17,10.05,0.194,1.0,10.08,,0.0,0
2026-10-09 01:52:07Z,DAL,in,0.5,HALF,3.0,DAL,Dallas Cowboys D/ST,DST,7.3,4.0,0.73,4.73,7.69,7.65,0.248,1.0,4.73,,0.0,0
2026-10-09 01:52:07Z,DAL,in,0.5,HALF,3.0,8137,George Pickens,WR,14.8,6.6,6.56,13.16,13.9,14.0,0.016,1.0,13.16,,0.0,0
2026-10-09 01:52:07Z,TB,in,0.5,HALF,-3.0,TB,Tampa Bay Buccaneers D/ST,DST,3.1,4.0,-0.17,3.83,5.86,5.55,0.431,1.0,3.83,,0.0,0
2026-10-09 01:52:07Z,DAL,in,0.5,HALF,3.0,8917,KaVontae Turpin,WR,2.0,1.7,0.95,2.65,2.79,2.7,0.237,1.0,2.65,,0.0,0
2026-10-09 01:52:07Z,TB,in,0.5,HALF,-3.0,10227,Payne Durham,TE,1.1,1.5,0.62,2.12,2.17,2.05,0.139,1.0,2.12,,0.0,0
2026-10-09 01:52:07Z,DAL,in,0.5,HALF,3.0,11593,Brevyn Spann-Ford,TE,0.6,0.0,0.24,0.24,0.26,0.3,0.5,1.0,0.24,,0.0,0
2026-10-09 01:52:07Z,TB,in,0.5,HALF,-3.0,13425,Jalon Daniels,QB,15.0,8.84,7.99,16.83,16.51,16.34,0.0,1.0,16.83,,0.0,0
2026-10-09 01:52:07Z,DAL,in,0.5,HALF,3.0,11199,Emari Demercado,RB,3.7,0.0,1.45,1.45,1.62,1.85,0.5,1.0,1.45,,0.0,0
2026-10-09 01:52:07Z,DAL,in,0.5,HALF,3.0,8162,Sam Howell,QB,0.9,0.0,0.35,0.35,0.39,0.45,0.5,0.3,0.1,,0.0,0
2026-10-09 01:52:07Z,DAL,in,0.5,HALF,3.0,11783,Ryan Flournoy,WR,8.3,5.8,3.85,9.65,10.16,9.95,0.031,1.0,9.65,,0.0,0
2026-10-09 01:52:07Z,DAL,in,0.5,HALF,3.0,10871,Luke Schoonmaker,TE,1.9,0.0,0.77,0.77,0.83,0.95,0.5,1.0,0.77,,0.0,0
2026-10-09 01:52:07Z,TB,in,0.5,HALF,-3.0,13317,Ted Hurst,WR,4.5,0.0,2.04,2.04,1.97,2.25,0.5,1.0,2.04,,0.0,0
2026-10-09 01:52:07Z,TB,in,0.5,HALF,-3.0,12485,Tez Johnson,WR,4.2,0.0,1.91,1.91,1.84,2.1,0.5,1.0,1.91,,0.0,0
2026-10-09 01:52:07Z,DAL,in,0.5,HALF,3.0,7588,Javonte Williams,RB,18.2,12.9,9.29,22.19,22.48,22.0,0.16,1.0,22.19,,0.0,0
2026-10-09 01:53:37Z,DAL,in,0.5,HALF,3.0,11533,Brandon Aubrey,K,9.8,0.0,4.29,4.29,4.29,4.9,0.0,1.0,4.29,,0.0,0
2026-10-09 01:53:37Z,DAL,in,0.5,HALF,3.0,6786,CeeDee Lamb,WR,19.6,0.0,7.98,7.98,8.58,9.8,0.0,1.0,7.98,,0.0,0
2026-10-09 01:53:37Z,TB,in,0.5,HALF,-3.0,11584,Bucky Irving,RB,11.1,0.0,4.51,4.51,4.86,5.55,0.0,1.0,4.51,,0.0,0
2026-10-09 01:53:37Z,DAL,in,0.5,HALF,3.0,3294,Dak Prescott,QB,22.1,0.0,8.58,8.58,9.67,11.05,0.0,1.0,8.58,,0.0,0
2026-10-09 01:53:37Z,TB,in,0.5,HALF,-3.0,8111,Cade Otton,TE,7.9,0.0,3.59,3.59,3.46,3.95,0.0,1.0,3.59,,0.0,0
2026-10-09 01:53:37Z,TB,in,0.5,HALF,-3.0,4037,Chris Godwin,WR,8.0,0.0,3.63,3.63,3.5,4.0,0.0,1.0,3.63,,0.0,0
2026-10-09 01:53:37Z,DAL,in,0.5,HALF,3.0,8110,Jake Ferguson,TE,8.8,0.0,3.58,3.58,3.85,4.4,0.0,1.0,3.58,,0.0,0
2026-10-09 01:53:37Z,TB,in,0.5,HALF,-3.0,6650,Chase McLaughlin,K,6.7,0.0,2.93,2.93,2.93,3.35,0.0,1.0,2.93,,0.0,0
2026-10-09 01:53:37Z,TB,in,0.5,HALF,-3.0,9506,Sean Tucker,RB,2.4,0.0,0.97,0.97,1.05,1.2,0.0,1.0,0.97,,0.0,0
2026-10-09 01:53:37Z,TB,in,0.5,HALF,-3.0,12514,Emeka Egbuka,WR,9.1,0.0,4.13,4.13,3.98,4.55,0.0,1.0,4.13,,0.0,0
2026-10-09 01:53:37Z,DAL,in,0.5,HALF,3.0,DAL,Dallas Cowboys D/ST,DST,7.3,0.0,1.44,1.44,3.19,3.65,0.0,1.0,1.44,,0.0,0
2026-10-09 01:53:37Z,DAL,in,0.5,HALF,3.0,8137,George Pickens,WR,14.8,0.0,6.03,6.03,6.48,7.4,0.0,1.0,6.03,,0.0,0
2026-10-09 01:53:37Z,TB,in,0.5,HALF,-3.0,TB,Tampa Bay Buccaneers D/ST,DST,3.1,0.0,0.53,0.53,1.36,1.55,0.0,1.0,0.53,,0.0,0
2026-10-09 01:53:37Z,DAL,in,0.5,HALF,3.0,8917,KaVontae Turpin,WR,2.0,0.0,0.81,0.81,0.88,1.0,0.0,1.0,0.81,,0.0,0
2026-10-09 01:53:37Z,TB,in,0.5,HALF,-3.0,10227,Payne Durham,TE,1.1,0.0,0.5,0.5,0.48,0.55,0.0,1.0,0.5,,0.0,0
2026-10-09 01:53:37Z,DAL,in,0.5,HALF,3.0,11593,Brevyn Spann-Ford,TE,0.6,0.0,0.24,0.24,0.26,0.3,0.5,1.0,0.24,,0.0,0
2026-10-09 01:53:37Z,TB,in,0.5,HALF,-3.0,13425,Jalon Daniels,QB,15.0,0.0,6.71,6.71,6.56,7.5,0.0,1.0,6.71,,0.0,0
2026-10-09 01:53:37Z,DAL,in,0.5,HALF,3.0,11199,Emari Demercado,RB,3.7,0.0,1.45,1.45,1.62,1.85,0.5,1.0,1.45,,0.0,0
2026-10-09 01:53:37Z,DAL,in,0.5,HALF,3.0,8162,Sam Howell,QB,0.9,0.0,0.35,0.35,0.39,0.45,0.5,0.4,0.14,,0.0,0
2026-10-09 01:53:37Z,DAL,in,0.5,HALF,3.0,11783,Ryan Flournoy,WR,8.3,0.0,3.38,3.38,3.63,4.15,0.0,1.0,3.38,,0.0,0
2026-10-09 01:53:37Z,DAL,in,0.5,HALF,3.0,10871,Luke Schoonmaker,TE,1.9,0.0,0.77,0.77,0.83,0.95,0.5,1.0,0.77,,0.0,0
2026-10-09 01:53:37Z,TB,in,0.5,HALF,-3.0,13317,Ted Hurst,WR,4.5,0.0,2.04,2.04,1.97,2.25,0.5,1.0,2.04,,0.0,0
2026-10-09 01:53:37Z,TB,in,0.5,HALF,-3.0,12485,Tez Johnson,WR,4.2,0.0,1.91,1.91,1.84,2.1,0.5,1.0,1.91,,0.0,0
2026-10-09 01:53:37Z,DAL,in,0.5,HALF,3.0,7588,Javonte Williams,RB,18.2,0.0,7.13,7.13,7.96,9.1,0.0,1.0,7.13,,0.0,0
2026-10-09 01:54:38Z,DAL,in,0.5,HALF,3.0,11533,Brandon Aubrey,K,9.8,5.0,4.91,9.91,9.91,9.9,0.0,1.0,9.91,,0.0,0
2026-10-09 01:54:38Z,DAL,in,0.5,HALF,3.0,6786,CeeDee Lamb,WR,19.6,1.4,8.1,9.5,10.15,11.2,0.0,1.0,9.5,,0.0,0
2026-10-09 01:54:38Z,TB,in,0.5,HALF,-3.0,11584,Bucky Irving,RB,11.1,11.0,6.35,17.35,17.23,16.55,0.0,1.0,17.35,,0.0,0
2026-10-09 01:54:38Z,DAL,in,0.5,HALF,3.0,3294,Dak Prescott,QB,22.1,4.56,9.24,13.8,14.8,15.61,0.0,1.0,13.8,,0.0,0
2026-10-09 01:54:38Z,TB,in,0.5,HALF,-3.0,8111,Cade Otton,TE,7.9,3.4,3.86,7.26,7.28,7.35,0.0,1.0,7.26,,0.0,0
2026-10-09 01:54:38Z,TB,in,0.5,HALF,-3.0,4037,Chris Godwin,WR,8.0,7.0,4.2,11.2,11.38,11.0,0.0,1.0,11.2,,0.0,0
2026-10-09 01:54:38Z,DAL,in,0.5,HALF,3.0,8110,Jake Ferguson,TE,8.8,1.2,3.68,4.88,5.2,5.6,0.0,1.0,4.88,,0.0,0
2026-10-09 01:54:38Z,TB,in,0.5,HALF,-3.0,6650,Chase McLaughlin,K,6.7,1.0,3.06,4.06,4.06,4.35,0.0,1.0,4.06,,0.0,0
2026-10-09 01:54:38Z,TB,in,0.5,HALF,-3.0,9506,Sean Tucker,RB,2.4,0.5,1.06,1.56,1.61,1.7,0.0,1.0,1.56,,0.0,0
2026-10-09 01:54:38Z,TB,in,0.5,HALF,-3.0,12514,Emeka Egbuka,WR,9.1,5.5,4.58,10.08,10.17,10.05,0.0,1.0,10.08,,0.0,0
2026-10-09 01:54:38Z,DAL,in,0.5,HALF,3.0,DAL,Dallas Cowboys D/ST,DST,7.3,4.0,0.73,4.73,7.69,7.65,0.0,1.0,4.73,,0.0,0
2026-10-09 01:54:38Z,DAL,in,0.5,HALF,3.0,8137,George Pickens,WR,14.8,6.6,6.56,13.16,13.9,14.0,0.0,1.0,13.16,,0.0,0
2026-10-09 01:54:38Z,TB,in,0.5,HALF,-3.0,TB,Tampa Bay Buccaneers D/ST,DST,3.1,4.0,-0.17,3.83,5.86,5.55,0.0,1.0,3.83,,0.0,0
2026-10-09 01:54:38Z,DAL,in,0.5,HALF,3.0,8917,KaVontae Turpin,WR,2.0,1.7,0.95,2.65,2.79,2.7,0.0,1.0,2.65,,0.0,0
2026-10-09 01:54:38Z,TB,in,0.5,HALF,-3.0,10227,Payne Durham,TE,1.1,1.5,0.62,2.12,2.17,2.05,0.0,1.0,2.12,,0.0,0
2026-10-09 01:54:38Z,DAL,in,0.5,HALF,3.0,11593,Brevyn Spann-Ford,TE,0.6,0.0,0.24,0.24,0.26,0.3,0.5,1.0,0.24,,0.0,0
2026-10-09 01:54:38Z,TB,in,0.5,HALF,-3.0,13425,Jalon Daniels,QB,15.0,8.84,7.99,16.83,16.51,16.34,0.0,1.0,16.83,,0.0,0
2026-10-09 01:54:38Z,DAL,in,0.5,HALF,3.0,11199,Emari Demercado,RB,3.7,0.0,1.45,1.45,1.62,1.85,0.5,1.0,1.45,,0.0,0
2026-10-09 01:54:38Z,DAL,in,0.5,HALF,3.0,8162,Sam Howell,QB,0.9,0.0,0.35,0.35,0.39,0.45,0.5,0.3,0.1,,0.0,0
2026-10-09 01:54:38Z,DAL,in,0.5,HALF,3.0,11783,Ryan Flournoy,WR,8.3,5.8,3.85,9.65,10.16,9.95,0.0,1.0,9.65,,0.0,0
2026-10-09 01:54:38Z,DAL,in,0.5,HALF,3.0,10871,Luke Schoonmaker,TE,1.9,0.0,0.77,0.77,0.83,0.95,0.5,1.0,0.77,,0.0,0
2026-10-09 01:54:38Z,TB,in,0.5,HALF,-3.0,13317,Ted Hurst,WR,4.5,0.0,2.04,2.04,1.97,2.25,0.5,1.0,2.04,,0.0,0
2026-10-09 01:54:38Z,TB,in,0.5,HALF,-3.0,12485,Tez Johnson,WR,4.2,0.0,1.91,1.91,1.84,2.1,0.5,1.0,1.91,,0.0,0
2026-10-09 01:54:38Z,DAL,in,0.5,HALF,3.0,7588,Javonte Williams,RB,18.2,12.9,9.29,22.19,22.48,22.0,0.0,1.0,22.19,,0.0,0
2026-10-09 01:55:38Z,DAL,in,0.502,Q3 14:54,3.0,11533,Brandon Aubrey,K,9.8,5.0,4.89,9.89,9.89,9.88,0.002,1.0,9.89,,0.0,0
2026-10-09 01:55:38Z,DAL,in,0.502,Q3 14:54,3.0,6786,CeeDee Lamb,WR,19.6,1.4,8.07,9.47,10.12,11.17,0.002,1.0,9.47,,0.0,0
2026-10-09 01:55:38Z,TB,in,0.502,Q3 14:54,-3.0,11584,Bucky Irving,RB,11.1,11.0,6.32,17.32,17.21,16.53,0.002,1.0,17.32,,0.0,0
2026-10-09 01:55:38Z,DAL,in,0.502,Q3 14:54,3.0,3294,Dak Prescott,QB,22.1,4.56,9.21,13.77,14.76,15.57,0.002,1.0,13.77,,0.0,0
2026-10-09 01:55:38Z,TB,in,0.502,Q3 14:54,-3.0,8111,Cade Otton,TE,7.9,3.4,3.85,7.25,7.27,7.34,0.002,1.0,7.25,,0.0,0
2026-10-09 01:55:38Z,TB,in,0.502,Q3 14:54,-3.0,4037,Chris Godwin,WR,8.0,7.0,4.19,11.19,11.36,10.99,0.002,1.0,11.19,,0.0,0
2026-10-09 01:55:38Z,DAL,in,0.502,Q3 14:54,3.0,8110,Jake Ferguson,TE,8.8,1.2,3.67,4.87,5.18,5.59,0.002,1.0,4.87,,0.0,0
2026-10-09 01:55:38Z,TB,in,0.502,Q3 14:54,-3.0,6650,Chase McLaughlin,K,6.7,1.0,3.04,4.04,4.04,4.34,0.002,1.0,4.04,,0.0,0
2026-10-09 01:55:38Z,TB,in,0.502,Q3 14:54,-3.0,9506,Sean Tucker,RB,2.4,0.5,1.05,1.55,1.61,1.7,0.002,1.0,1.55,,0.0,0
2026-10-09 01:55:38Z,TB,in,0.502,Q3 14:54,-3.0,12514,Emeka Egbuka,WR,9.1,5.5,4.57,10.07,10.15,10.03,0.002,1.0,10.07,,0.0,0
2026-10-09 01:55:38Z,DAL,in,0.502,Q3 14:54,3.0,DAL,Dallas Cowboys D/ST,DST,7.3,4.0,0.73,4.73,7.68,7.64,0.002,1.0,4.73,,0.0,0
2026-10-09 01:55:38Z,DAL,in,0.502,Q3 14:54,3.0,8137,George Pickens,WR,14.8,6.6,6.54,13.14,13.87,13.98,0.002,1.0,13.14,,0.0,0
2026-10-09 01:55:38Z,TB,in,0.502,Q3 14:54,-3.0,TB,Tampa Bay Buccaneers D/ST,DST,3.1,4.0,-0.17,3.83,5.85,5.54,0.002,1.0,3.83,,0.0,0
2026-10-09 01:55:38Z,DAL,in,0.502,Q3 14:54,3.0,8917,KaVontae Turpin,WR,2.0,1.7,0.95,2.65,2.78,2.7,0.002,1.0,2.65,,0.0,0
2026-10-09 01:55:38Z,TB,in,0.502,Q3 14:54,-3.0,10227,Payne Durham,TE,1.1,1.5,0.62,2.12,2.17,2.05,0.002,1.0,2.12,,0.0,0
2026-10-09 01:55:38Z,DAL,in,0.502,Q3 14:54,3.0,11593,Brevyn Spann-Ford,TE,0.6,0.0,0.24,0.24,0.26,0.3,0.502,1.0,0.24,,0.0,0
2026-10-09 01:55:38Z,TB,in,0.502,Q3 14:54,-3.0,13425,Jalon Daniels,QB,15.0,8.84,7.97,16.81,16.48,16.31,0.002,1.0,16.81,,0.0,0
2026-10-09 01:55:38Z,DAL,in,0.502,Q3 14:54,3.0,11199,Emari Demercado,RB,3.7,0.0,1.44,1.44,1.61,1.84,0.502,1.0,1.44,,0.0,0
2026-10-09 01:55:38Z,DAL,in,0.502,Q3 14:54,3.0,8162,Sam Howell,QB,0.9,0.0,0.35,0.35,0.39,0.45,0.502,0.3,0.1,,0.0,0
2026-10-09 01:55:38Z,DAL,in,0.502,Q3 14:54,3.0,11783,Ryan Flournoy,WR,8.3,5.8,3.84,9.64,10.14,9.94,0.002,1.0,9.64,,0.0,0
2026-10-09 01:55:38Z,DAL,in,0.502,Q3 14:54,3.0,10871,Luke Schoonmaker,TE,1.9,0.0,0.77,0.77,0.83,0.95,0.502,1.0,0.77,,0.0,0
2026-10-09 01:55:38Z,TB,in,0.502,Q3 14:54,-3.0,13317,Ted Hurst,WR,4.5,0.0,2.04,2.04,1.96,2.24,0.502,1.0,2.04,,0.0,0
2026-10-09 01:55:38Z,TB,in,0.502,Q3 14:54,-3.0,12485,Tez Johnson,WR,4.2,0.0,1.9,1.9,1.83,2.09,0.502,1.0,1.9,,0.0,0
2026-10-09 01:55:38Z,DAL,in,0.502,Q3 14:54,3.0,7588,Javonte Williams,RB,18.2,12.9,9.25,22.15,22.44,21.97,0.002,1.0,22.15,,0.0,0
2026-10-09 01:56:38Z,DAL,in,0.517,Q3 14:00,-3.0,11533,Brandon Aubrey,K,9.8,5.0,4.73,9.73,9.73,9.74,0.017,1.0,9.73,,0.0,0
2026-10-09 01:56:38Z,DAL,in,0.517,Q3 14:00,-3.0,6786,CeeDee Lamb,WR,19.6,1.4,8.75,10.15,9.82,10.87,0.017,1.0,10.15,,0.0,0
2026-10-09 01:56:38Z,TB,in,0.517,Q3 14:00,3.0,11584,Bucky Irving,RB,11.1,18.2,7.11,25.31,25.07,23.56,0.0,1.0,25.31,,0.0,0
2026-10-09 01:56:38Z,DAL,in,0.517,Q3 14:00,-3.0,3294,Dak Prescott,QB,22.1,4.56,10.24,14.8,14.41,15.24,0.017,1.0,14.8,,0.0,0
2026-10-09 01:56:38Z,TB,in,0.517,Q3 14:00,3.0,8111,Cade Otton,TE,7.9,3.4,3.38,6.78,7.14,7.22,0.017,1.0,6.78,,0.0,0
2026-10-09 01:56:38Z,TB,in,0.517,Q3 14:00,3.0,4037,Chris Godwin,WR,8.0,7.0,3.7,10.7,11.21,10.87,0.017,1.0,10.7,,0.0,0
2026-10-09 01:56:38Z,DAL,in,0.517,Q3 14:00,-3.0,8110,Jake Ferguson,TE,8.8,1.2,3.97,5.17,5.05,5.45,0.017,1.0,5.17,,0.0,0
2026-10-09 01:56:38Z,TB,in,0.517,Q3 14:00,3.0,6650,Chase McLaughlin,K,6.7,1.0,2.94,3.94,3.94,4.24,0.017,1.0,3.94,,0.0,0
2026-10-09 01:56:38Z,TB,in,0.517,Q3 14:00,3.0,9506,Sean Tucker,RB,2.4,0.5,0.98,1.48,1.57,1.66,0.017,1.0,1.48,,0.0,0
2026-10-09 01:56:38Z,TB,in,0.517,Q3 14:00,3.0,12514,Emeka Egbuka,WR,9.1,5.5,4.02,9.52,9.99,9.9,0.017,1.0,9.52,,0.0,0
2026-10-09 01:56:38Z,DAL,in,0.517,Q3 14:00,-3.0,DAL,Dallas Cowboys D/ST,DST,7.3,4.0,0.43,4.43,7.56,7.53,0.017,1.0,4.43,,0.0,0
2026-10-09 01:56:38Z,DAL,in,0.517,Q3 14:00,-3.0,8137,George Pickens,WR,14.8,6.6,7.04,13.64,13.63,13.75,0.017,1.0,13.64,,0.0,0
2026-10-09 01:56:38Z,TB,in,0.517,Q3 14:00,3.0,TB,Tampa Bay Buccaneers D/ST,DST,3.1,4.0,-0.03,3.97,5.79,5.5,0.017,1.0,3.97,,0.0,0
2026-10-09 01:56:38Z,DAL,in,0.517,Q3 14:00,-3.0,8917,KaVontae Turpin,WR,2.0,1.7,1.02,2.72,2.75,2.67,0.017,1.0,2.72,,0.0,0
2026-10-09 01:56:38Z,TB,in,0.517,Q3 14:00,3.0,10227,Payne Durham,TE,1.1,1.5,0.55,2.05,2.14,2.03,0.017,1.0,2.05,,0.0,0
2026-10-09 01:56:38Z,DAL,in,0.517,Q3 14:00,-3.0,11593,Brevyn Spann-Ford,TE,0.6,0.0,0.26,0.26,0.25,0.29,0.517,1.0,0.26,,0.0,0
2026-10-09 01:56:38Z,TB,in,0.517,Q3 14:00,3.0,13425,Jalon Daniels,QB,15.0,8.84,6.89,15.73,16.22,16.09,0.017,1.0,15.73,,0.0,0
2026-10-09 01:56:38Z,DAL,in,0.517,Q3 14:00,-3.0,11199,Emari Demercado,RB,3.7,0.0,1.44,1.44,1.56,1.79,0.517,1.0,1.44,,0.0,0
2026-10-09 01:56:38Z,DAL,in,0.517,Q3 14:00,-3.0,8162,Sam Howell,QB,0.9,0.0,0.39,0.39,0.38,0.43,0.517,0.3,0.12,,0.0,0
2026-10-09 01:56:38Z,DAL,in,0.517,Q3 14:00,-3.0,11783,Ryan Flournoy,WR,8.3,5.8,4.11,9.91,9.99,9.81,0.017,1.0,9.91,,0.0,0
2026-10-09 01:56:38Z,DAL,in,0.517,Q3 14:00,-3.0,10871,Luke Schoonmaker,TE,1.9,0.0,0.84,0.84,0.8,0.92,0.517,1.0,0.84,,0.0,0
2026-10-09 01:56:38Z,TB,in,0.517,Q3 14:00,3.0,13317,Ted Hurst,WR,4.5,0.0,1.77,1.77,1.89,2.17,0.517,1.0,1.77,,0.0,0
2026-10-09 01:56:38Z,TB,in,0.517,Q3 14:00,3.0,12485,Tez Johnson,WR,4.2,0.0,1.66,1.66,1.77,2.03,0.517,1.0,1.66,,0.0,0
2026-10-09 01:56:38Z,DAL,in,0.517,Q3 14:00,-3.0,7588,Javonte Williams,RB,18.2,12.9,9.18,22.08,22.12,21.7,0.017,1.0,22.08,,0.0,0
2026-10-09 01:57:39Z,DAL,in,0.517,Q3 14:00,-4.0,11533,Brandon Aubrey,K,9.8,5.0,4.73,9.73,9.73,9.74,0.017,1.0,9.73,,0.0,0
2026-10-09 01:57:39Z,DAL,in,0.517,Q3 14:00,-4.0,6786,CeeDee Lamb,WR,19.6,1.4,8.9,10.3,9.82,10.87,0.017,1.0,10.3,,0.0,0
2026-10-09 01:57:39Z,TB,in,0.517,Q3 14:00,4.0,11584,Bucky Irving,RB,11.1,18.2,7.08,25.28,25.07,23.56,0.0,1.0,25.28,,0.0,0
2026-10-09 01:57:39Z,DAL,in,0.517,Q3 14:00,-4.0,3294,Dak Prescott,QB,22.1,4.56,10.46,15.02,14.41,15.24,0.017,1.0,15.02,,0.0,0
2026-10-09 01:57:39Z,TB,in,0.517,Q3 14:00,4.0,8111,Cade Otton,TE,7.9,3.4,3.32,6.72,7.14,7.22,0.017,1.0,6.72,,0.0,0
2026-10-09 01:57:39Z,TB,in,0.517,Q3 14:00,4.0,4037,Chris Godwin,WR,8.0,7.0,3.64,10.64,11.21,10.87,0.017,1.0,10.64,,0.0,0
2026-10-09 01:57:39Z,DAL,in,0.517,Q3 14:00,-4.0,8110,Jake Ferguson,TE,8.8,1.2,4.04,5.24,5.05,5.45,0.017,1.0,5.24,,0.0,0
2026-10-09 01:57:39Z,TB,in,0.517,Q3 14:00,4.0,6650,Chase McLaughlin,K,6.7,2.0,3.06,5.06,5.06,5.24,0.0,1.0,5.06,,0.0,0
2026-10-09 01:57:39Z,TB,in,0.517,Q3 14:00,4.0,9506,Sean Tucker,RB,2.4,0.5,0.98,1.48,1.57,1.66,0.017,1.0,1.48,,0.0,0
2026-10-09 01:57:39Z,TB,in,0.517,Q3 14:00,4.0,12514,Emeka Egbuka,WR,9.1,12.9,4.53,17.43,18.29,17.3,0.0,1.0,17.43,,0.0,0
2026-10-09 01:57:39Z,DAL,in,0.517,Q3 14:00,-4.0,DAL,Dallas Cowboys D/ST,DST,7.3,1.0,0.9,1.9,4.19,4.53,0.0,1.0,1.9,,0.0,0
2026-10-09 01:57:39Z,DAL,in,0.517,Q3 14:00,-4.0,8137,George Pickens,WR,14.8,6.6,7.16,13.76,13.63,13.75,0.017,1.0,13.76,,0.0,0
2026-10-09 01:57:39Z,TB,in,0.517,Q3 14:00,4.0,TB,Tampa Bay Buccaneers D/ST,DST,3.1,4.0,-0.01,3.99,5.79,5.5,0.017,1.0,3.99,,0.0,0
2026-10-09 01:57:39Z,DAL,in,0.517,Q3 14:00,-4.0,8917,KaVontae Turpin,WR,2.0,1.7,1.03,2.73,2.75,2.67,0.017,1.0,2.73,,0.0,0
2026-10-09 01:57:39Z,TB,in,0.517,Q3 14:00,4.0,10227,Payne Durham,TE,1.1,1.5,0.54,2.04,2.14,2.03,0.017,1.0,2.04,,0.0,0
2026-10-09 01:57:39Z,DAL,in,0.517,Q3 14:00,-4.0,11593,Brevyn Spann-Ford,TE,0.6,0.0,0.27,0.27,0.25,0.29,0.517,1.0,0.27,,0.0,0
2026-10-09 01:57:39Z,TB,in,0.517,Q3 14:00,4.0,13425,Jalon Daniels,QB,15.0,8.84,6.74,15.58,16.22,16.09,0.017,1.0,15.58,,0.0,0
2026-10-09 01:57:39Z,DAL,in,0.517,Q3 14:00,-4.0,11199,Emari Demercado,RB,3.7,0.0,1.45,1.45,1.56,1.79,0.517,1.0,1.45,,0.0,0
2026-10-09 01:57:39Z,DAL,in,0.517,Q3 14:00,-4.0,8162,Sam Howell,QB,0.9,0.0,0.4,0.4,0.38,0.43,0.517,0.3,0.12,,0.0,0
2026-10-09 01:57:39Z,DAL,in,0.517,Q3 14:00,-4.0,11783,Ryan Flournoy,WR,8.3,5.8,4.18,9.98,9.99,9.81,0.017,1.0,9.98,,0.0,0
2026-10-09 01:57:39Z,DAL,in,0.517,Q3 14:00,-4.0,10871,Luke Schoonmaker,TE,1.9,0.0,0.85,0.85,0.8,0.92,0.517,1.0,0.85,,0.0,0
2026-10-09 01:57:39Z,TB,in,0.517,Q3 14:00,4.0,13317,Ted Hurst,WR,4.5,0.0,1.74,1.74,1.89,2.17,0.517,1.0,1.74,,0.0,0
2026-10-09 01:57:39Z,TB,in,0.517,Q3 14:00,4.0,12485,Tez Johnson,WR,4.2,0.0,1.62,1.62,1.77,2.03,0.517,1.0,1.62,,0.0,0
2026-10-09 01:57:39Z,DAL,in,0.517,Q3 14:00,-4.0,7588,Javonte Williams,RB,18.2,12.9,9.22,22.12,22.12,21.7,0.017,1.0,22.12,,0.0,0
2026-10-09 01:58:39Z,DAL,in,0.517,Q3 14:00,-4.0,11533,Brandon Aubrey,K,9.8,5.0,4.73,9.73,9.73,9.74,0.017,1.0,9.73,,0.0,0
2026-10-09 01:58:39Z,DAL,in,0.517,Q3 14:00,-4.0,6786,CeeDee Lamb,WR,19.6,1.4,8.9,10.3,9.82,10.87,0.017,1.0,10.3,,0.0,0
2026-10-09 01:58:39Z,TB,in,0.517,Q3 14:00,4.0,11584,Bucky Irving,RB,11.1,18.2,7.08,25.28,25.07,23.56,0.0,1.0,25.28,,0.0,0
2026-10-09 01:58:39Z,DAL,in,0.517,Q3 14:00,-4.0,3294,Dak Prescott,QB,22.1,4.56,10.46,15.02,14.41,15.24,0.017,1.0,15.02,,0.0,0
2026-10-09 01:58:39Z,TB,in,0.517,Q3 14:00,4.0,8111,Cade Otton,TE,7.9,3.4,3.32,6.72,7.14,7.22,0.017,1.0,6.72,,0.0,0
2026-10-09 01:58:39Z,TB,in,0.517,Q3 14:00,4.0,4037,Chris Godwin,WR,8.0,7.0,3.64,10.64,11.21,10.87,0.017,1.0,10.64,,0.0,0
2026-10-09 01:58:39Z,DAL,in,0.517,Q3 14:00,-4.0,8110,Jake Ferguson,TE,8.8,1.2,4.04,5.24,5.05,5.45,0.017,1.0,5.24,,0.0,0
2026-10-09 01:58:39Z,TB,in,0.517,Q3 14:00,4.0,6650,Chase McLaughlin,K,6.7,2.0,3.06,5.06,5.06,5.24,0.0,1.0,5.06,,0.0,0
2026-10-09 01:58:39Z,TB,in,0.517,Q3 14:00,4.0,9506,Sean Tucker,RB,2.4,0.5,0.98,1.48,1.57,1.66,0.017,1.0,1.48,,0.0,0
2026-10-09 01:58:39Z,TB,in,0.517,Q3 14:00,4.0,12514,Emeka Egbuka,WR,9.1,12.9,4.53,17.43,18.29,17.3,0.0,1.0,17.43,,0.0,0
2026-10-09 01:58:39Z,DAL,in,0.517,Q3 14:00,-4.0,DAL,Dallas Cowboys D/ST,DST,7.3,1.0,0.9,1.9,4.19,4.53,0.0,1.0,1.9,,0.0,0
2026-10-09 01:58:39Z,DAL,in,0.517,Q3 14:00,-4.0,8137,George Pickens,WR,14.8,6.6,7.16,13.76,13.63,13.75,0.017,1.0,13.76,,0.0,0
2026-10-09 01:58:39Z,TB,in,0.517,Q3 14:00,4.0,TB,Tampa Bay Buccaneers D/ST,DST,3.1,4.0,-0.01,3.99,5.79,5.5,0.017,1.0,3.99,,0.0,0
2026-10-09 01:58:39Z,DAL,in,0.517,Q3 14:00,-4.0,8917,KaVontae Turpin,WR,2.0,1.7,1.03,2.73,2.75,2.67,0.017,1.0,2.73,,0.0,0
2026-10-09 01:58:39Z,TB,in,0.517,Q3 14:00,4.0,10227,Payne Durham,TE,1.1,1.5,0.54,2.04,2.14,2.03,0.017,1.0,2.04,,0.0,0
2026-10-09 01:58:39Z,DAL,in,0.517,Q3 14:00,-4.0,11593,Brevyn Spann-Ford,TE,0.6,0.0,0.27,0.27,0.25,0.29,0.517,1.0,0.27,,0.0,0
2026-10-09 01:58:39Z,TB,in,0.517,Q3 14:00,4.0,13425,Jalon Daniels,QB,15.0,8.84,6.74,15.58,16.22,16.09,0.017,1.0,15.58,,0.0,0
2026-10-09 01:58:39Z,DAL,in,0.517,Q3 14:00,-4.0,11199,Emari Demercado,RB,3.7,0.0,1.45,1.45,1.56,1.79,0.517,1.0,1.45,,0.0,0
2026-10-09 01:58:39Z,DAL,in,0.517,Q3 14:00,-4.0,8162,Sam Howell,QB,0.9,0.0,0.4,0.4,0.38,0.43,0.517,0.3,0.12,,0.0,0
2026-10-09 01:58:39Z,DAL,in,0.517,Q3 14:00,-4.0,11783,Ryan Flournoy,WR,8.3,5.8,4.18,9.98,9.99,9.81,0.017,1.0,9.98,,0.0,0
2026-10-09 01:58:39Z,DAL,in,0.517,Q3 14:00,-4.0,10871,Luke Schoonmaker,TE,1.9,0.0,0.85,0.85,0.8,0.92,0.517,1.0,0.85,,0.0,0
2026-10-09 01:58:39Z,TB,in,0.517,Q3 14:00,4.0,13317,Ted Hurst,WR,4.5,0.0,1.74,1.74,1.89,2.17,0.517,1.0,1.74,,0.0,0
2026-10-09 01:58:39Z,TB,in,0.517,Q3 14:00,4.0,12485,Tez Johnson,WR,4.2,0.0,1.62,1.62,1.77,2.03,0.517,1.0,1.62,,0.0,0
2026-10-09 01:58:39Z,DAL,in,0.517,Q3 14:00,-4.0,7588,Javonte Williams,RB,18.2,12.9,9.22,22.12,22.12,21.7,0.017,1.0,22.12,,0.0,0
2026-10-09 01:59:39Z,DAL,in,0.517,Q3 14:00,-4.0,11533,Brandon Aubrey,K,9.8,5.0,4.73,9.73,9.73,9.74,0.017,1.0,9.73,,0.0,0
2026-10-09 01:59:39Z,DAL,in,0.517,Q3 14:00,-4.0,6786,CeeDee Lamb,WR,19.6,1.4,8.9,10.3,9.82,10.87,0.017,1.0,10.3,,0.0,0
2026-10-09 01:59:39Z,TB,in,0.517,Q3 14:00,4.0,11584,Bucky Irving,RB,11.1,18.2,7.08,25.28,25.07,23.56,0.0,1.0,25.28,,0.0,0
2026-10-09 01:59:39Z,DAL,in,0.517,Q3 14:00,-4.0,3294,Dak Prescott,QB,22.1,4.56,10.46,15.02,14.41,15.24,0.017,1.0,15.02,,0.0,0
2026-10-09 01:59:39Z,TB,in,0.517,Q3 14:00,4.0,8111,Cade Otton,TE,7.9,3.4,3.32,6.72,7.14,7.22,0.017,1.0,6.72,,0.0,0
2026-10-09 01:59:39Z,TB,in,0.517,Q3 14:00,4.0,4037,Chris Godwin,WR,8.0,7.0,3.64,10.64,11.21,10.87,0.017,1.0,10.64,,0.0,0
2026-10-09 01:59:39Z,DAL,in,0.517,Q3 14:00,-4.0,8110,Jake Ferguson,TE,8.8,1.2,4.04,5.24,5.05,5.45,0.017,1.0,5.24,,0.0,0
2026-10-09 01:59:39Z,TB,in,0.517,Q3 14:00,4.0,6650,Chase McLaughlin,K,6.7,2.0,3.06,5.06,5.06,5.24,0.0,1.0,5.06,,0.0,0
2026-10-09 01:59:39Z,TB,in,0.517,Q3 14:00,4.0,9506,Sean Tucker,RB,2.4,0.5,0.98,1.48,1.57,1.66,0.017,1.0,1.48,,0.0,0
2026-10-09 01:59:39Z,TB,in,0.517,Q3 14:00,4.0,12514,Emeka Egbuka,WR,9.1,12.9,4.53,17.43,18.29,17.3,0.0,1.0,17.43,,0.0,0
2026-10-09 01:59:39Z,DAL,in,0.517,Q3 14:00,-4.0,DAL,Dallas Cowboys D/ST,DST,7.3,1.0,0.9,1.9,4.19,4.53,0.0,1.0,1.9,,0.0,0
2026-10-09 01:59:39Z,DAL,in,0.517,Q3 14:00,-4.0,8137,George Pickens,WR,14.8,6.6,7.16,13.76,13.63,13.75,0.017,1.0,13.76,,0.0,0
2026-10-09 01:59:39Z,TB,in,0.517,Q3 14:00,4.0,TB,Tampa Bay Buccaneers D/ST,DST,3.1,4.0,-0.01,3.99,5.79,5.5,0.017,1.0,3.99,,0.0,0
2026-10-09 01:59:39Z,DAL,in,0.517,Q3 14:00,-4.0,8917,KaVontae Turpin,WR,2.0,1.7,1.03,2.73,2.75,2.67,0.017,1.0,2.73,,0.0,0
2026-10-09 01:59:39Z,TB,in,0.517,Q3 14:00,4.0,10227,Payne Durham,TE,1.1,1.5,0.54,2.04,2.14,2.03,0.017,1.0,2.04,,0.0,0
2026-10-09 01:59:39Z,DAL,in,0.517,Q3 14:00,-4.0,11593,Brevyn Spann-Ford,TE,0.6,0.0,0.27,0.27,0.25,0.29,0.517,1.0,0.27,,0.0,0
2026-10-09 01:59:39Z,TB,in,0.517,Q3 14:00,4.0,13425,Jalon Daniels,QB,15.0,8.84,6.74,15.58,16.22,16.09,0.017,1.0,15.58,,0.0,0
2026-10-09 01:59:39Z,DAL,in,0.517,Q3 14:00,-4.0,11199,Emari Demercado,RB,3.7,0.0,1.45,1.45,1.56,1.79,0.517,1.0,1.45,,0.0,0
2026-10-09 01:59:39Z,DAL,in,0.517,Q3 14:00,-4.0,8162,Sam Howell,QB,0.9,0.0,0.4,0.4,0.38,0.43,0.517,0.3,0.12,,0.0,0
2026-10-09 01:59:39Z,DAL,in,0.517,Q3 14:00,-4.0,11783,Ryan Flournoy,WR,8.3,5.8,4.18,9.98,9.99,9.81,0.017,1.0,9.98,,0.0,0
2026-10-09 01:59:39Z,DAL,in,0.517,Q3 14:00,-4.0,10871,Luke Schoonmaker,TE,1.9,0.0,0.85,0.85,0.8,0.92,0.517,1.0,0.85,,0.0,0
2026-10-09 01:59:39Z,TB,in,0.517,Q3 14:00,4.0,13317,Ted Hurst,WR,4.5,0.0,1.74,1.74,1.89,2.17,0.517,1.0,1.74,,0.0,0
2026-10-09 01:59:39Z,TB,in,0.517,Q3 14:00,4.0,12485,Tez Johnson,WR,4.2,0.0,1.62,1.62,1.77,2.03,0.517,1.0,1.62,,0.0,0
2026-10-09 01:59:39Z,DAL,in,0.517,Q3 14:00,-4.0,7588,Javonte Williams,RB,18.2,12.9,9.22,22.12,22.12,21.7,0.017,1.0,22.12,,0.0,0
2026-10-09 02:00:39Z,DAL,in,0.517,Q3 14:00,-4.0,11533,Brandon Aubrey,K,9.8,5.0,4.73,9.73,9.73,9.74,0.017,1.0,9.73,,0.0,0
2026-10-09 02:00:39Z,DAL,in,0.517,Q3 14:00,-4.0,6786,CeeDee Lamb,WR,19.6,1.4,8.9,10.3,9.82,10.87,0.017,1.0,10.3,,0.0,0
2026-10-09 02:00:39Z,TB,in,0.517,Q3 14:00,4.0,11584,Bucky Irving,RB,11.1,18.2,7.08,25.28,25.07,23.56,0.0,1.0,25.28,,0.0,0
2026-10-09 02:00:39Z,DAL,in,0.517,Q3 14:00,-4.0,3294,Dak Prescott,QB,22.1,4.56,10.46,15.02,14.41,15.24,0.017,1.0,15.02,,0.0,0
2026-10-09 02:00:39Z,TB,in,0.517,Q3 14:00,4.0,8111,Cade Otton,TE,7.9,3.4,3.32,6.72,7.14,7.22,0.017,1.0,6.72,,0.0,0
2026-10-09 02:00:39Z,TB,in,0.517,Q3 14:00,4.0,4037,Chris Godwin,WR,8.0,7.0,3.64,10.64,11.21,10.87,0.017,1.0,10.64,,0.0,0
2026-10-09 02:00:39Z,DAL,in,0.517,Q3 14:00,-4.0,8110,Jake Ferguson,TE,8.8,1.2,4.04,5.24,5.05,5.45,0.017,1.0,5.24,,0.0,0
2026-10-09 02:00:39Z,TB,in,0.517,Q3 14:00,4.0,6650,Chase McLaughlin,K,6.7,2.0,3.06,5.06,5.06,5.24,0.0,1.0,5.06,,0.0,0
2026-10-09 02:00:39Z,TB,in,0.517,Q3 14:00,4.0,9506,Sean Tucker,RB,2.4,0.5,0.98,1.48,1.57,1.66,0.017,1.0,1.48,,0.0,0
2026-10-09 02:00:39Z,TB,in,0.517,Q3 14:00,4.0,12514,Emeka Egbuka,WR,9.1,12.9,4.53,17.43,18.29,17.3,0.0,1.0,17.43,,0.0,0
2026-10-09 02:00:39Z,DAL,in,0.517,Q3 14:00,-4.0,DAL,Dallas Cowboys D/ST,DST,7.3,1.0,0.9,1.9,4.19,4.53,0.0,1.0,1.9,,0.0,0
2026-10-09 02:00:39Z,DAL,in,0.517,Q3 14:00,-4.0,8137,George Pickens,WR,14.8,6.6,7.16,13.76,13.63,13.75,0.017,1.0,13.76,,0.0,0
2026-10-09 02:00:39Z,TB,in,0.517,Q3 14:00,4.0,TB,Tampa Bay Buccaneers D/ST,DST,3.1,4.0,-0.01,3.99,5.79,5.5,0.017,1.0,3.99,,0.0,0
2026-10-09 02:00:39Z,DAL,in,0.517,Q3 14:00,-4.0,8917,KaVontae Turpin,WR,2.0,1.7,1.03,2.73,2.75,2.67,0.017,1.0,2.73,,0.0,0
2026-10-09 02:00:39Z,TB,in,0.517,Q3 14:00,4.0,10227,Payne Durham,TE,1.1,1.5,0.54,2.04,2.14,2.03,0.017,1.0,2.04,,0.0,0
2026-10-09 02:00:39Z,DAL,in,0.517,Q3 14:00,-4.0,11593,Brevyn Spann-Ford,TE,0.6,0.0,0.27,0.27,0.25,0.29,0.517,1.0,0.27,,0.0,0
2026-10-09 02:00:39Z,TB,in,0.517,Q3 14:00,4.0,13425,Jalon Daniels,QB,15.0,8.84,6.74,15.58,16.22,16.09,0.017,1.0,15.58,,0.0,0
2026-10-09 02:00:39Z,DAL,in,0.517,Q3 14:00,-4.0,11199,Emari Demercado,RB,3.7,0.0,1.45,1.45,1.56,1.79,0.517,1.0,1.45,,0.0,0
2026-10-09 02:00:39Z,DAL,in,0.517,Q3 14:00,-4.0,8162,Sam Howell,QB,0.9,0.0,0.4,0.4,0.38,0.43,0.517,0.3,0.12,,0.0,0
2026-10-09 02:00:39Z,DAL,in,0.517,Q3 14:00,-4.0,11783,Ryan Flournoy,WR,8.3,5.8,4.18,9.98,9.99,9.81,0.017,1.0,9.98,,0.0,0
2026-10-09 02:00:39Z,DAL,in,0.517,Q3 14:00,-4.0,10871,Luke Schoonmaker,TE,1.9,0.0,0.85,0.85,0.8,0.92,0.517,1.0,0.85,,0.0,0
2026-10-09 02:00:39Z,TB,in,0.517,Q3 14:00,4.0,13317,Ted Hurst,WR,4.5,0.0,1.74,1.74,1.89,2.17,0.517,1.0,1.74,,0.0,0
2026-10-09 02:00:39Z,TB,in,0.517,Q3 14:00,4.0,12485,Tez Johnson,WR,4.2,0.0,1.62,1.62,1.77,2.03,0.517,1.0,1.62,,0.0,0
2026-10-09 02:00:39Z,DAL,in,0.517,Q3 14:00,-4.0,7588,Javonte Williams,RB,18.2,12.9,9.22,22.12,22.12,21.7,0.017,1.0,22.12,,0.0,0
2026-10-09 02:01:40Z,DAL,in,0.518,Q3 13:55,-4.0,11533,Brandon Aubrey,K,9.8,5.0,4.71,9.71,9.71,9.72,0.018,1.0,9.71,,0.0,0
2026-10-09 02:01:40Z,DAL,in,0.518,Q3 13:55,-4.0,6786,CeeDee Lamb,WR,19.6,1.4,8.88,10.28,9.79,10.85,0.018,1.0,10.28,,0.0,0
2026-10-09 02:01:40Z,TB,in,0.518,Q3 13:55,4.0,11584,Bucky Irving,RB,11.1,18.2,7.06,25.26,25.05,23.55,0.001,1.0,25.26,,0.0,0
2026-10-09 02:01:40Z,DAL,in,0.518,Q3 13:55,-4.0,3294,Dak Prescott,QB,22.1,4.56,10.43,14.99,14.38,15.21,0.018,1.0,14.99,,0.0,0
2026-10-09 02:01:40Z,TB,in,0.518,Q3 13:55,4.0,8111,Cade Otton,TE,7.9,3.4,3.31,6.71,7.12,7.21,0.018,1.0,6.71,,0.0,0
2026-10-09 02:01:40Z,TB,in,0.518,Q3 13:55,4.0,4037,Chris Godwin,WR,8.0,7.0,3.63,10.63,11.2,10.86,0.018,1.0,10.63,,0.0,0
2026-10-09 02:01:40Z,DAL,in,0.518,Q3 13:55,-4.0,8110,Jake Ferguson,TE,8.8,1.2,4.03,5.23,5.04,5.44,0.018,1.0,5.23,,0.0,0
2026-10-09 02:01:40Z,TB,in,0.518,Q3 13:55,4.0,6650,Chase McLaughlin,K,6.7,2.0,3.05,5.05,5.05,5.23,0.001,1.0,5.05,,0.0,0
2026-10-09 02:01:40Z,TB,in,0.518,Q3 13:55,4.0,9506,Sean Tucker,RB,2.4,0.5,0.97,1.47,1.57,1.66,0.018,1.0,1.47,,0.0,0
2026-10-09 02:01:40Z,TB,in,0.518,Q3 13:55,4.0,12514,Emeka Egbuka,WR,9.1,12.9,4.52,17.42,18.27,17.29,0.001,1.0,17.42,,0.0,0
2026-10-09 02:01:40Z,DAL,in,0.518,Q3 13:55,-4.0,DAL,Dallas Cowboys D/ST,DST,7.3,1.0,0.89,1.89,4.18,4.52,0.001,1.0,1.89,,0.0,0
2026-10-09 02:01:40Z,DAL,in,0.518,Q3 13:55,-4.0,8137,George Pickens,WR,14.8,6.6,7.14,13.74,13.6,13.73,0.018,1.0,13.74,,0.0,0
2026-10-09 02:01:40Z,TB,in,0.518,Q3 13:55,4.0,TB,Tampa Bay Buccaneers D/ST,DST,3.1,4.0,-0.01,3.99,5.78,5.49,0.018,1.0,3.99,,0.0,0
2026-10-09 02:01:40Z,DAL,in,0.518,Q3 13:55,-4.0,8917,KaVontae Turpin,WR,2.0,1.7,1.03,2.73,2.74,2.66,0.018,1.0,2.73,,0.0,0
2026-10-09 02:01:40Z,TB,in,0.518,Q3 13:55,4.0,10227,Payne Durham,TE,1.1,1.5,0.54,2.04,2.14,2.03,0.018,1.0,2.04,,0.0,0
2026-10-09 02:01:40Z,DAL,in,0.518,Q3 13:55,-4.0,11593,Brevyn Spann-Ford,TE,0.6,0.0,0.27,0.27,0.25,0.29,0.518,1.0,0.27,,0.0,0
2026-10-09 02:01:40Z,TB,in,0.518,Q3 13:55,4.0,13425,Jalon Daniels,QB,15.0,8.84,6.72,15.56,16.2,16.07,0.018,1.0,15.56,,0.0,0
2026-10-09 02:01:40Z,DAL,in,0.518,Q3 13:55,-4.0,11199,Emari Demercado,RB,3.7,0.0,1.45,1.45,1.55,1.78,0.518,1.0,1.45,,0.0,0
2026-10-09 02:01:40Z,DAL,in,0.518,Q3 13:55,-4.0,8162,Sam Howell,QB,0.9,0.0,0.4,0.4,0.38,0.43,0.518,0.3,0.12,,0.0,0
2026-10-09 02:01:40Z,DAL,in,0.518,Q3 13:55,-4.0,11783,Ryan Flournoy,WR,8.3,5.8,4.17,9.97,9.98,9.8,0.018,1.0,9.97,,0.0,0
2026-10-09 02:01:40Z,DAL,in,0.518,Q3 13:55,-4.0,10871,Luke Schoonmaker,TE,1.9,0.0,0.85,0.85,0.8,0.92,0.518,1.0,0.85,,0.0,0
2026-10-09 02:01:40Z,TB,in,0.518,Q3 13:55,4.0,13317,Ted Hurst,WR,4.5,0.0,1.73,1.73,1.89,2.17,0.518,1.0,1.73,,0.0,0
2026-10-09 02:01:40Z,TB,in,0.518,Q3 13:55,4.0,12485,Tez Johnson,WR,4.2,0.0,1.62,1.62,1.76,2.02,0.518,1.0,1.62,,0.0,0
2026-10-09 02:01:40Z,DAL,in,0.518,Q3 13:55,-4.0,7588,Javonte Williams,RB,18.2,12.7,9.16,21.86,21.87,21.47,0.0,1.0,21.86,,0.0,0
2026-10-09 02:02:40Z,DAL,in,0.537,Q3 12:45,-4.0,11533,Brandon Aubrey,K,9.8,5.0,4.5,9.5,9.5,9.53,0.037,1.0,9.5,,0.0,0
2026-10-09 02:02:40Z,DAL,in,0.537,Q3 12:45,-4.0,6786,CeeDee Lamb,WR,19.6,1.4,8.56,9.96,9.41,10.47,0.037,1.0,9.96,,0.0,0
2026-10-09 02:02:40Z,TB,in,0.537,Q3 12:45,4.0,11584,Bucky Irving,RB,11.1,18.2,6.73,24.93,24.75,23.33,0.021,1.0,24.93,,0.0,0
2026-10-09 02:02:40Z,DAL,in,0.537,Q3 12:45,-4.0,3294,Dak Prescott,QB,22.1,6.04,10.28,16.32,15.59,16.26,0.0,1.0,16.32,,0.0,0
2026-10-09 02:02:40Z,TB,in,0.537,Q3 12:45,4.0,8111,Cade Otton,TE,7.9,3.4,3.18,6.58,6.96,7.05,0.037,1.0,6.58,,0.0,0
2026-10-09 02:02:40Z,TB,in,0.537,Q3 12:45,4.0,4037,Chris Godwin,WR,8.0,7.0,3.49,10.49,11.01,10.7,0.037,1.0,10.49,,0.0,0
2026-10-09 02:02:40Z,DAL,in,0.537,Q3 12:45,-4.0,8110,Jake Ferguson,TE,8.8,1.2,3.89,5.09,4.86,5.27,0.037,1.0,5.09,,0.0,0
2026-10-09 02:02:40Z,TB,in,0.537,Q3 12:45,4.0,6650,Chase McLaughlin,K,6.7,2.0,2.91,4.91,4.91,5.1,0.021,1.0,4.91,,0.0,0
2026-10-09 02:02:40Z,TB,in,0.537,Q3 12:45,4.0,9506,Sean Tucker,RB,2.4,0.5,0.93,1.43,1.52,1.61,0.037,1.0,1.43,,0.0,0
2026-10-09 02:02:40Z,TB,in,0.537,Q3 12:45,4.0,12514,Emeka Egbuka,WR,9.1,12.9,4.34,17.24,18.03,17.11,0.021,1.0,17.24,,0.0,0
2026-10-09 02:02:40Z,DAL,in,0.537,Q3 12:45,-4.0,DAL,Dallas Cowboys D/ST,DST,7.3,1.0,0.84,1.84,4.04,4.38,0.021,1.0,1.84,,0.0,0
2026-10-09 02:02:40Z,DAL,in,0.537,Q3 12:45,-4.0,8137,George Pickens,WR,14.8,10.4,7.17,17.57,17.53,17.25,0.0,1.0,17.57,,0.0,0
2026-10-09 02:02:40Z,TB,in,0.537,Q3 12:45,4.0,TB,Tampa Bay Buccaneers D/ST,DST,3.1,4.0,-0.02,3.98,5.7,5.43,0.037,1.0,3.98,,0.0,0
2026-10-09 02:02:40Z,DAL,in,0.537,Q3 12:45,-4.0,8917,KaVontae Turpin,WR,2.0,1.7,0.99,2.69,2.7,2.62,0.037,1.0,2.69,,0.0,0
2026-10-09 02:02:40Z,TB,in,0.537,Q3 12:45,4.0,10227,Payne Durham,TE,1.1,1.5,0.52,2.02,2.11,2.01,0.037,1.0,2.02,,0.0,0
2026-10-09 02:02:40Z,DAL,in,0.537,Q3 12:45,-4.0,11593,Brevyn Spann-Ford,TE,0.6,0.0,0.26,0.26,0.24,0.28,0.537,1.0,0.26,,0.0,0
2026-10-09 02:02:40Z,TB,in,0.537,Q3 12:45,4.0,13425,Jalon Daniels,QB,15.0,8.84,6.46,15.3,15.87,15.78,0.037,1.0,15.3,,0.0,0
2026-10-09 02:02:40Z,DAL,in,0.537,Q3 12:45,-4.0,11199,Emari Demercado,RB,3.7,0.0,1.38,1.38,1.48,1.71,0.537,1.0,1.38,,0.0,0
2026-10-09 02:02:40Z,DAL,in,0.537,Q3 12:45,-4.0,8162,Sam Howell,QB,0.9,0.0,0.38,0.38,0.36,0.42,0.537,0.3,0.12,,0.0,0
2026-10-09 02:02:40Z,DAL,in,0.537,Q3 12:45,-4.0,11783,Ryan Flournoy,WR,8.3,5.8,4.02,9.82,9.79,9.64,0.037,1.0,9.82,,0.0,0
2026-10-09 02:02:40Z,DAL,in,0.537,Q3 12:45,-4.0,10871,Luke Schoonmaker,TE,1.9,1.9,0.96,2.86,2.88,2.78,0.0,1.0,2.86,,0.0,0
2026-10-09 02:02:40Z,TB,in,0.537,Q3 12:45,4.0,13317,Ted Hurst,WR,4.5,0.0,1.67,1.67,1.8,2.08,0.537,1.0,1.67,,0.0,0
2026-10-09 02:02:40Z,TB,in,0.537,Q3 12:45,4.0,12485,Tez Johnson,WR,4.2,0.0,1.56,1.56,1.68,1.94,0.537,1.0,1.56,,0.0,0
2026-10-09 02:02:40Z,DAL,in,0.537,Q3 12:45,-4.0,7588,Javonte Williams,RB,18.2,12.7,8.73,21.43,21.45,21.12,0.019,1.0,21.43,,0.0,0
2026-10-09 02:03:40Z,DAL,in,0.558,Q3 11:32,-4.0,11533,Brandon Aubrey,K,9.8,5.0,4.28,9.28,9.28,9.33,0.058,1.0,9.28,,0.0,0
2026-10-09 02:03:40Z,DAL,in,0.558,Q3 11:32,-4.0,6786,CeeDee Lamb,WR,19.6,1.4,8.23,9.63,9.01,10.07,0.058,1.0,9.63,,0.0,0
2026-10-09 02:03:40Z,TB,in,0.558,Q3 11:32,4.0,11584,Bucky Irving,RB,11.1,18.2,6.39,24.59,24.44,23.11,0.041,1.0,24.59,,0.0,0
2026-10-09 02:03:40Z,DAL,in,0.558,Q3 11:32,-4.0,3294,Dak Prescott,QB,22.1,6.04,9.88,15.92,15.12,15.81,0.02,1.0,15.92,,0.0,0
2026-10-09 02:03:40Z,TB,in,0.558,Q3 11:32,4.0,8111,Cade Otton,TE,7.9,3.4,3.05,6.45,6.78,6.89,0.058,1.0,6.45,,0.0,0
2026-10-09 02:03:40Z,TB,in,0.558,Q3 11:32,4.0,4037,Chris Godwin,WR,8.0,7.0,3.34,10.34,10.82,10.54,0.058,1.0,10.34,,0.0,0
2026-10-09 02:03:40Z,DAL,in,0.558,Q3 11:32,-4.0,8110,Jake Ferguson,TE,8.8,1.2,3.74,4.94,4.68,5.09,0.058,1.0,4.94,,0.0,0
2026-10-09 02:03:40Z,TB,in,0.558,Q3 11:32,4.0,6650,Chase McLaughlin,K,6.7,2.0,2.77,4.77,4.77,4.96,0.041,1.0,4.77,,0.0,0
2026-10-09 02:03:40Z,TB,in,0.558,Q3 11:32,4.0,9506,Sean Tucker,RB,2.4,0.5,0.88,1.38,1.47,1.56,0.058,1.0,1.38,,0.0,0
2026-10-09 02:03:40Z,TB,in,0.558,Q3 11:32,4.0,12514,Emeka Egbuka,WR,9.1,12.9,4.16,17.06,17.79,16.92,0.041,1.0,17.06,,0.0,0
2026-10-09 02:03:40Z,DAL,in,0.558,Q3 11:32,-4.0,DAL,Dallas Cowboys D/ST,DST,7.3,1.0,0.79,1.79,3.89,4.23,0.041,1.0,1.79,,0.0,0
2026-10-09 02:03:40Z,DAL,in,0.558,Q3 11:32,-4.0,8137,George Pickens,WR,14.8,10.4,6.89,17.29,17.18,16.94,0.02,1.0,17.29,,0.0,0
2026-10-09 02:03:40Z,TB,in,0.558,Q3 11:32,4.0,TB,Tampa Bay Buccaneers D/ST,DST,3.1,4.0,-0.02,3.98,5.62,5.37,0.058,1.0,3.98,,0.0,0
2026-10-09 02:03:40Z,DAL,in,0.558,Q3 11:32,-4.0,8917,KaVontae Turpin,WR,2.0,1.7,0.95,2.65,2.65,2.58,0.058,1.0,2.65,,0.0,0
2026-10-09 02:03:40Z,TB,in,0.558,Q3 11:32,4.0,10227,Payne Durham,TE,1.1,1.5,0.5,2.0,2.08,1.99,0.058,1.0,2.0,,0.0,0
2026-10-09 02:03:40Z,DAL,in,0.558,Q3 11:32,-4.0,11593,Brevyn Spann-Ford,TE,0.6,0.0,0.25,0.25,0.23,0.27,0.558,1.0,0.25,,0.0,0
2026-10-09 02:03:40Z,TB,in,0.558,Q3 11:32,4.0,13425,Jalon Daniels,QB,15.0,8.84,6.19,15.03,15.53,15.47,0.058,1.0,15.03,,0.0,0
2026-10-09 02:03:40Z,DAL,in,0.558,Q3 11:32,-4.0,11199,Emari Demercado,RB,3.7,0.0,1.31,1.31,1.41,1.64,0.558,1.0,1.31,,0.0,0
2026-10-09 02:03:40Z,DAL,in,0.558,Q3 11:32,-4.0,8162,Sam Howell,QB,0.9,0.0,0.37,0.37,0.34,0.4,0.558,0.3,0.11,,0.0,0
2026-10-09 02:03:40Z,DAL,in,0.558,Q3 11:32,-4.0,11783,Ryan Flournoy,WR,8.3,5.8,3.86,9.66,9.6,9.47,0.058,1.0,9.66,,0.0,0
2026-10-09 02:03:40Z,DAL,in,0.558,Q3 11:32,-4.0,10871,Luke Schoonmaker,TE,1.9,1.9,0.93,2.83,2.83,2.74,0.02,1.0,2.83,,0.0,0
2026-10-09 02:03:40Z,TB,in,0.558,Q3 11:32,4.0,13317,Ted Hurst,WR,4.5,0.0,1.6,1.6,1.71,1.99,0.558,1.0,1.6,,0.0,0
2026-10-09 02:03:40Z,TB,in,0.558,Q3 11:32,4.0,12485,Tez Johnson,WR,4.2,0.0,1.49,1.49,1.6,1.86,0.558,1.0,1.49,,0.0,0
2026-10-09 02:03:40Z,DAL,in,0.558,Q3 11:32,-4.0,7588,Javonte Williams,RB,18.2,12.9,8.33,21.23,21.25,20.95,0.0,1.0,21.23,,0.0,0
2026-10-09 02:04:41Z,DAL,in,0.571,Q3 10:43,-4.0,11533,Brandon Aubrey,K,9.8,5.0,4.14,9.14,9.14,9.2,0.071,1.0,9.14,,0.0,0
2026-10-09 02:04:41Z,DAL,in,0.571,Q3 10:43,-4.0,6786,CeeDee Lamb,WR,19.6,2.9,8.11,11.01,10.41,11.3,0.0,1.0,11.01,,0.0,0
2026-10-09 02:04:41Z,TB,in,0.571,Q3 10:43,4.0,11584,Bucky Irving,RB,11.1,18.2,6.17,24.37,24.23,22.96,0.055,1.0,24.37,,0.0,0
2026-10-09 02:04:41Z,DAL,in,0.571,Q3 10:43,-4.0,3294,Dak Prescott,QB,22.1,5.2,9.5,14.7,13.88,14.67,0.0,1.0,14.7,,0.0,0
2026-10-09 02:04:41Z,TB,in,0.571,Q3 10:43,4.0,8111,Cade Otton,TE,7.9,3.4,2.96,6.36,6.67,6.79,0.071,1.0,6.36,,0.0,0
2026-10-09 02:04:41Z,TB,in,0.571,Q3 10:43,4.0,4037,Chris Godwin,WR,8.0,7.0,3.24,10.24,10.69,10.43,0.071,1.0,10.24,,0.0,0
2026-10-09 02:04:41Z,DAL,in,0.571,Q3 10:43,-4.0,8110,Jake Ferguson,TE,8.8,1.2,3.63,4.83,4.56,4.97,0.071,1.0,4.83,,0.0,0
2026-10-09 02:04:41Z,TB,in,0.571,Q3 10:43,4.0,6650,Chase McLaughlin,K,6.7,2.0,2.68,4.68,4.68,4.87,0.055,1.0,4.68,,0.0,0
2026-10-09 02:04:41Z,TB,in,0.571,Q3 10:43,4.0,9506,Sean Tucker,RB,2.4,0.5,0.85,1.35,1.44,1.53,0.071,1.0,1.35,,0.0,0
2026-10-09 02:04:41Z,TB,in,0.571,Q3 10:43,4.0,12514,Emeka Egbuka,WR,9.1,12.9,4.04,16.94,17.63,16.8,0.055,1.0,16.94,,0.0,0
2026-10-09 02:04:41Z,DAL,in,0.571,Q3 10:43,-4.0,DAL,Dallas Cowboys D/ST,DST,7.3,1.0,0.75,1.75,3.79,4.13,0.055,1.0,1.75,,0.0,0
2026-10-09 02:04:41Z,DAL,in,0.571,Q3 10:43,-4.0,8137,George Pickens,WR,14.8,10.3,6.69,16.99,16.84,16.64,0.0,1.0,16.99,,0.0,0
2026-10-09 02:04:41Z,TB,in,0.571,Q3 10:43,4.0,TB,Tampa Bay Buccaneers D/ST,DST,3.1,6.0,-0.32,5.68,7.78,7.33,0.0,1.0,5.68,,0.0,0
2026-10-09 02:04:41Z,DAL,in,0.571,Q3 10:43,-4.0,8917,KaVontae Turpin,WR,2.0,1.7,0.93,2.63,2.62,2.56,0.071,1.0,2.63,,0.0,0
2026-10-09 02:04:41Z,TB,in,0.571,Q3 10:43,4.0,10227,Payne Durham,TE,1.1,1.5,0.48,1.98,2.06,1.97,0.071,1.0,1.98,,0.0,0
2026-10-09 02:04:41Z,DAL,in,0.571,Q3 10:43,-4.0,11593,Brevyn Spann-Ford,TE,0.6,0.0,0.24,0.24,0.22,0.26,0.571,1.0,0.24,,0.0,0
2026-10-09 02:04:41Z,TB,in,0.571,Q3 10:43,4.0,13425,Jalon Daniels,QB,15.0,8.84,6.01,14.85,15.3,15.27,0.071,1.0,14.85,,0.0,0
2026-10-09 02:04:41Z,DAL,in,0.571,Q3 10:43,-4.0,11199,Emari Demercado,RB,3.7,0.0,1.26,1.26,1.36,1.59,0.571,1.0,1.26,,0.0,0
2026-10-09 02:04:41Z,DAL,in,0.571,Q3 10:43,-4.0,8162,Sam Howell,QB,0.9,0.0,0.36,0.36,0.33,0.39,0.571,0.3,0.11,,0.0,0
2026-10-09 02:04:41Z,DAL,in,0.571,Q3 10:43,-4.0,11783,Ryan Flournoy,WR,8.3,5.8,3.76,9.56,9.47,9.36,0.071,1.0,9.56,,0.0,0
2026-10-09 02:04:41Z,DAL,in,0.571,Q3 10:43,-4.0,10871,Luke Schoonmaker,TE,1.9,1.9,0.9,2.8,2.8,2.71,0.034,1.0,2.8,,0.0,0
2026-10-09 02:04:41Z,TB,in,0.571,Q3 10:43,4.0,13317,Ted Hurst,WR,4.5,0.0,1.55,1.55,1.65,1.93,0.571,1.0,1.55,,0.0,0
2026-10-09 02:04:41Z,TB,in,0.571,Q3 10:43,4.0,12485,Tez Johnson,WR,4.2,0.0,1.44,1.44,1.54,1.8,0.571,1.0,1.44,,0.0,0
2026-10-09 02:04:41Z,DAL,in,0.571,Q3 10:43,-4.0,7588,Javonte Williams,RB,18.2,12.9,8.03,20.93,20.97,20.7,0.014,1.0,20.93,,0.0,0
2026-10-09 02:05:41Z,DAL,in,0.571,Q3 10:43,-4.0,11533,Brandon Aubrey,K,9.8,5.0,4.14,9.14,9.14,9.2,0.071,1.0,9.14,,0.0,0
2026-10-09 02:05:41Z,DAL,in,0.571,Q3 10:43,-4.0,6786,CeeDee Lamb,WR,19.6,2.9,8.11,11.01,10.41,11.3,0.0,1.0,11.01,,0.0,0
2026-10-09 02:05:41Z,TB,in,0.571,Q3 10:43,4.0,11584,Bucky Irving,RB,11.1,18.2,6.17,24.37,24.23,22.96,0.055,1.0,24.37,,0.0,0
2026-10-09 02:05:41Z,DAL,in,0.571,Q3 10:43,-4.0,3294,Dak Prescott,QB,22.1,5.2,9.5,14.7,13.88,14.67,0.0,1.0,14.7,,0.0,0
2026-10-09 02:05:41Z,TB,in,0.571,Q3 10:43,4.0,8111,Cade Otton,TE,7.9,3.4,2.96,6.36,6.67,6.79,0.071,1.0,6.36,,0.0,0
2026-10-09 02:05:41Z,TB,in,0.571,Q3 10:43,4.0,4037,Chris Godwin,WR,8.0,7.0,3.24,10.24,10.69,10.43,0.071,1.0,10.24,,0.0,0
2026-10-09 02:05:41Z,DAL,in,0.571,Q3 10:43,-4.0,8110,Jake Ferguson,TE,8.8,1.2,3.63,4.83,4.56,4.97,0.071,1.0,4.83,,0.0,0
2026-10-09 02:05:41Z,TB,in,0.571,Q3 10:43,4.0,6650,Chase McLaughlin,K,6.7,2.0,2.68,4.68,4.68,4.87,0.055,1.0,4.68,,0.0,0
2026-10-09 02:05:41Z,TB,in,0.571,Q3 10:43,4.0,9506,Sean Tucker,RB,2.4,0.5,0.85,1.35,1.44,1.53,0.071,1.0,1.35,,0.0,0
2026-10-09 02:05:41Z,TB,in,0.571,Q3 10:43,4.0,12514,Emeka Egbuka,WR,9.1,12.9,4.04,16.94,17.63,16.8,0.055,1.0,16.94,,0.0,0
2026-10-09 02:05:41Z,DAL,in,0.571,Q3 10:43,-4.0,DAL,Dallas Cowboys D/ST,DST,7.3,1.0,0.75,1.75,3.79,4.13,0.055,1.0,1.75,,0.0,0
2026-10-09 02:05:41Z,DAL,in,0.571,Q3 10:43,-4.0,8137,George Pickens,WR,14.8,10.3,6.69,16.99,16.84,16.64,0.0,1.0,16.99,,0.0,0
2026-10-09 02:05:41Z,TB,in,0.571,Q3 10:43,4.0,TB,Tampa Bay Buccaneers D/ST,DST,3.1,6.0,-0.32,5.68,7.78,7.33,0.0,1.0,5.68,,0.0,0
2026-10-09 02:05:41Z,DAL,in,0.571,Q3 10:43,-4.0,8917,KaVontae Turpin,WR,2.0,1.7,0.93,2.63,2.62,2.56,0.071,1.0,2.63,,0.0,0
2026-10-09 02:05:41Z,TB,in,0.571,Q3 10:43,4.0,10227,Payne Durham,TE,1.1,1.5,0.48,1.98,2.06,1.97,0.071,1.0,1.98,,0.0,0
2026-10-09 02:05:41Z,DAL,in,0.571,Q3 10:43,-4.0,11593,Brevyn Spann-Ford,TE,0.6,0.0,0.24,0.24,0.22,0.26,0.571,1.0,0.24,,0.0,0
2026-10-09 02:05:41Z,TB,in,0.571,Q3 10:43,4.0,13425,Jalon Daniels,QB,15.0,8.84,6.01,14.85,15.3,15.27,0.071,1.0,14.85,,0.0,0
2026-10-09 02:05:41Z,DAL,in,0.571,Q3 10:43,-4.0,11199,Emari Demercado,RB,3.7,0.0,1.26,1.26,1.36,1.59,0.571,1.0,1.26,,0.0,0
2026-10-09 02:05:41Z,DAL,in,0.571,Q3 10:43,-4.0,8162,Sam Howell,QB,0.9,0.0,0.36,0.36,0.33,0.39,0.571,0.3,0.11,,0.0,0
2026-10-09 02:05:41Z,DAL,in,0.571,Q3 10:43,-4.0,11783,Ryan Flournoy,WR,8.3,5.8,3.76,9.56,9.47,9.36,0.071,1.0,9.56,,0.0,0
2026-10-09 02:05:41Z,DAL,in,0.571,Q3 10:43,-4.0,10871,Luke Schoonmaker,TE,1.9,1.9,0.9,2.8,2.8,2.71,0.034,1.0,2.8,,0.0,0
2026-10-09 02:05:41Z,TB,in,0.571,Q3 10:43,4.0,13317,Ted Hurst,WR,4.5,0.0,1.55,1.55,1.65,1.93,0.571,1.0,1.55,,0.0,0
2026-10-09 02:05:41Z,TB,in,0.571,Q3 10:43,4.0,12485,Tez Johnson,WR,4.2,0.0,1.44,1.44,1.54,1.8,0.571,1.0,1.44,,0.0,0
2026-10-09 02:05:41Z,DAL,in,0.571,Q3 10:43,-4.0,7588,Javonte Williams,RB,18.2,12.9,8.03,20.93,20.97,20.7,0.014,1.0,20.93,,0.0,0
2026-10-09 02:06:42Z,DAL,in,0.571,Q3 10:43,-4.0,11533,Brandon Aubrey,K,9.8,5.0,4.14,9.14,9.14,9.2,0.071,1.0,9.14,,0.0,0
2026-10-09 02:06:42Z,DAL,in,0.571,Q3 10:43,-4.0,6786,CeeDee Lamb,WR,19.6,2.9,8.11,11.01,10.41,11.3,0.0,1.0,11.01,,0.0,0
2026-10-09 02:06:42Z,TB,in,0.571,Q3 10:43,4.0,11584,Bucky Irving,RB,11.1,18.2,6.17,24.37,24.23,22.96,0.055,1.0,24.37,,0.0,0
2026-10-09 02:06:42Z,DAL,in,0.571,Q3 10:43,-4.0,3294,Dak Prescott,QB,22.1,5.2,9.5,14.7,13.88,14.67,0.0,1.0,14.7,,0.0,0
2026-10-09 02:06:42Z,TB,in,0.571,Q3 10:43,4.0,8111,Cade Otton,TE,7.9,3.4,2.96,6.36,6.67,6.79,0.071,1.0,6.36,,0.0,0
2026-10-09 02:06:42Z,TB,in,0.571,Q3 10:43,4.0,4037,Chris Godwin,WR,8.0,7.0,3.24,10.24,10.69,10.43,0.071,1.0,10.24,,0.0,0
2026-10-09 02:06:42Z,DAL,in,0.571,Q3 10:43,-4.0,8110,Jake Ferguson,TE,8.8,1.2,3.63,4.83,4.56,4.97,0.071,1.0,4.83,,0.0,0
2026-10-09 02:06:42Z,TB,in,0.571,Q3 10:43,4.0,6650,Chase McLaughlin,K,6.7,2.0,2.68,4.68,4.68,4.87,0.055,1.0,4.68,,0.0,0
2026-10-09 02:06:42Z,TB,in,0.571,Q3 10:43,4.0,9506,Sean Tucker,RB,2.4,0.5,0.85,1.35,1.44,1.53,0.071,1.0,1.35,,0.0,0
2026-10-09 02:06:42Z,TB,in,0.571,Q3 10:43,4.0,12514,Emeka Egbuka,WR,9.1,12.9,4.04,16.94,17.63,16.8,0.055,1.0,16.94,,0.0,0
2026-10-09 02:06:42Z,DAL,in,0.571,Q3 10:43,-4.0,DAL,Dallas Cowboys D/ST,DST,7.3,1.0,0.75,1.75,3.79,4.13,0.055,1.0,1.75,,0.0,0
2026-10-09 02:06:42Z,DAL,in,0.571,Q3 10:43,-4.0,8137,George Pickens,WR,14.8,10.3,6.69,16.99,16.84,16.64,0.0,1.0,16.99,,0.0,0
2026-10-09 02:06:42Z,TB,in,0.571,Q3 10:43,4.0,TB,Tampa Bay Buccaneers D/ST,DST,3.1,6.0,-0.32,5.68,7.78,7.33,0.0,1.0,5.68,,0.0,0
2026-10-09 02:06:42Z,DAL,in,0.571,Q3 10:43,-4.0,8917,KaVontae Turpin,WR,2.0,1.7,0.93,2.63,2.62,2.56,0.071,1.0,2.63,,0.0,0
2026-10-09 02:06:42Z,TB,in,0.571,Q3 10:43,4.0,10227,Payne Durham,TE,1.1,1.5,0.48,1.98,2.06,1.97,0.071,1.0,1.98,,0.0,0
2026-10-09 02:06:42Z,DAL,in,0.571,Q3 10:43,-4.0,11593,Brevyn Spann-Ford,TE,0.6,0.0,0.24,0.24,0.22,0.26,0.571,1.0,0.24,,0.0,0
2026-10-09 02:06:42Z,TB,in,0.571,Q3 10:43,4.0,13425,Jalon Daniels,QB,15.0,8.84,6.01,14.85,15.3,15.27,0.071,1.0,14.85,,0.0,0
2026-10-09 02:06:42Z,DAL,in,0.571,Q3 10:43,-4.0,11199,Emari Demercado,RB,3.7,0.0,1.26,1.26,1.36,1.59,0.571,1.0,1.26,,0.0,0
2026-10-09 02:06:42Z,DAL,in,0.571,Q3 10:43,-4.0,8162,Sam Howell,QB,0.9,0.0,0.36,0.36,0.33,0.39,0.571,0.3,0.11,,0.0,0
2026-10-09 02:06:42Z,DAL,in,0.571,Q3 10:43,-4.0,11783,Ryan Flournoy,WR,8.3,5.8,3.76,9.56,9.47,9.36,0.071,1.0,9.56,,0.0,0
2026-10-09 02:06:42Z,DAL,in,0.571,Q3 10:43,-4.0,10871,Luke Schoonmaker,TE,1.9,1.9,0.9,2.8,2.8,2.71,0.034,1.0,2.8,,0.0,0
2026-10-09 02:06:42Z,TB,in,0.571,Q3 10:43,4.0,13317,Ted Hurst,WR,4.5,0.0,1.55,1.55,1.65,1.93,0.571,1.0,1.55,,0.0,0
2026-10-09 02:06:42Z,TB,in,0.571,Q3 10:43,4.0,12485,Tez Johnson,WR,4.2,0.0,1.44,1.44,1.54,1.8,0.571,1.0,1.44,,0.0,0
2026-10-09 02:06:42Z,DAL,in,0.571,Q3 10:43,-4.0,7588,Javonte Williams,RB,18.2,12.9,8.03,20.93,20.97,20.7,0.014,1.0,20.93,,0.0,0
2026-10-09 02:07:42Z,DAL,in,0.571,Q3 10:43,-4.0,11533,Brandon Aubrey,K,9.8,5.0,4.14,9.14,9.14,9.2,0.071,1.0,9.14,,0.0,0
2026-10-09 02:07:42Z,DAL,in,0.571,Q3 10:43,-4.0,6786,CeeDee Lamb,WR,19.6,2.9,8.11,11.01,10.41,11.3,0.0,1.0,11.01,,0.0,0
2026-10-09 02:07:42Z,TB,in,0.571,Q3 10:43,4.0,11584,Bucky Irving,RB,11.1,18.2,6.17,24.37,24.23,22.96,0.055,1.0,24.37,,0.0,0
2026-10-09 02:07:42Z,DAL,in,0.571,Q3 10:43,-4.0,3294,Dak Prescott,QB,22.1,5.2,9.5,14.7,13.88,14.67,0.0,1.0,14.7,,0.0,0
2026-10-09 02:07:42Z,TB,in,0.571,Q3 10:43,4.0,8111,Cade Otton,TE,7.9,3.4,2.96,6.36,6.67,6.79,0.071,1.0,6.36,,0.0,0
2026-10-09 02:07:42Z,TB,in,0.571,Q3 10:43,4.0,4037,Chris Godwin,WR,8.0,7.0,3.24,10.24,10.69,10.43,0.071,1.0,10.24,,0.0,0
2026-10-09 02:07:42Z,DAL,in,0.571,Q3 10:43,-4.0,8110,Jake Ferguson,TE,8.8,1.2,3.63,4.83,4.56,4.97,0.071,1.0,4.83,,0.0,0
2026-10-09 02:07:42Z,TB,in,0.571,Q3 10:43,4.0,6650,Chase McLaughlin,K,6.7,2.0,2.68,4.68,4.68,4.87,0.055,1.0,4.68,,0.0,0
2026-10-09 02:07:42Z,TB,in,0.571,Q3 10:43,4.0,9506,Sean Tucker,RB,2.4,0.5,0.85,1.35,1.44,1.53,0.071,1.0,1.35,,0.0,0
2026-10-09 02:07:42Z,TB,in,0.571,Q3 10:43,4.0,12514,Emeka Egbuka,WR,9.1,12.9,4.04,16.94,17.63,16.8,0.055,1.0,16.94,,0.0,0
2026-10-09 02:07:42Z,DAL,in,0.571,Q3 10:43,-4.0,DAL,Dallas Cowboys D/ST,DST,7.3,1.0,0.75,1.75,3.79,4.13,0.055,1.0,1.75,,0.0,0
2026-10-09 02:07:42Z,DAL,in,0.571,Q3 10:43,-4.0,8137,George Pickens,WR,14.8,10.3,6.69,16.99,16.84,16.64,0.0,1.0,16.99,,0.0,0
2026-10-09 02:07:42Z,TB,in,0.571,Q3 10:43,4.0,TB,Tampa Bay Buccaneers D/ST,DST,3.1,6.0,-0.32,5.68,7.78,7.33,0.0,1.0,5.68,,0.0,0
2026-10-09 02:07:42Z,DAL,in,0.571,Q3 10:43,-4.0,8917,KaVontae Turpin,WR,2.0,1.7,0.93,2.63,2.62,2.56,0.071,1.0,2.63,,0.0,0
2026-10-09 02:07:42Z,TB,in,0.571,Q3 10:43,4.0,10227,Payne Durham,TE,1.1,1.5,0.48,1.98,2.06,1.97,0.071,1.0,1.98,,0.0,0
2026-10-09 02:07:42Z,DAL,in,0.571,Q3 10:43,-4.0,11593,Brevyn Spann-Ford,TE,0.6,0.0,0.24,0.24,0.22,0.26,0.571,1.0,0.24,,0.0,0
2026-10-09 02:07:42Z,TB,in,0.571,Q3 10:43,4.0,13425,Jalon Daniels,QB,15.0,8.84,6.01,14.85,15.3,15.27,0.071,1.0,14.85,,0.0,0
2026-10-09 02:07:42Z,DAL,in,0.571,Q3 10:43,-4.0,11199,Emari Demercado,RB,3.7,0.0,1.26,1.26,1.36,1.59,0.571,1.0,1.26,,0.0,0
2026-10-09 02:07:42Z,DAL,in,0.571,Q3 10:43,-4.0,8162,Sam Howell,QB,0.9,0.0,0.36,0.36,0.33,0.39,0.571,0.3,0.11,,0.0,0
2026-10-09 02:07:42Z,DAL,in,0.571,Q3 10:43,-4.0,11783,Ryan Flournoy,WR,8.3,5.8,3.76,9.56,9.47,9.36,0.071,1.0,9.56,,0.0,0
2026-10-09 02:07:42Z,DAL,in,0.571,Q3 10:43,-4.0,10871,Luke Schoonmaker,TE,1.9,1.9,0.9,2.8,2.8,2.71,0.034,1.0,2.8,,0.0,0
2026-10-09 02:07:42Z,TB,in,0.571,Q3 10:43,4.0,13317,Ted Hurst,WR,4.5,0.0,1.55,1.55,1.65,1.93,0.571,1.0,1.55,,0.0,0
2026-10-09 02:07:42Z,TB,in,0.571,Q3 10:43,4.0,12485,Tez Johnson,WR,4.2,0.0,1.44,1.44,1.54,1.8,0.571,1.0,1.44,,0.0,0
2026-10-09 02:07:42Z,DAL,in,0.571,Q3 10:43,-4.0,7588,Javonte Williams,RB,18.2,12.9,8.03,20.93,20.97,20.7,0.014,1.0,20.93,,0.0,0
2026-10-09 02:08:42Z,DAL,in,0.579,Q3 10:17,-4.0,11533,Brandon Aubrey,K,9.8,5.0,4.06,9.06,9.06,9.13,0.079,1.0,9.06,,0.0,0
2026-10-09 02:08:42Z,DAL,in,0.579,Q3 10:17,-4.0,6786,CeeDee Lamb,WR,19.6,2.9,7.99,10.89,10.27,11.16,0.007,1.0,10.89,,0.0,0
2026-10-09 02:08:42Z,TB,in,0.579,Q3 10:17,4.0,11584,Bucky Irving,RB,11.1,18.2,6.05,24.25,24.12,22.88,0.062,1.0,24.25,,0.0,0
2026-10-09 02:08:42Z,DAL,in,0.579,Q3 10:17,-4.0,3294,Dak Prescott,QB,22.1,5.2,9.36,14.56,13.71,14.51,0.007,1.0,14.56,,0.0,0
2026-10-09 02:08:42Z,TB,in,0.579,Q3 10:17,4.0,8111,Cade Otton,TE,7.9,3.4,2.91,6.31,6.61,6.73,0.079,1.0,6.31,,0.0,0
2026-10-09 02:08:42Z,TB,in,0.579,Q3 10:17,4.0,4037,Chris Godwin,WR,8.0,7.0,3.19,10.19,10.62,10.37,0.079,1.0,10.19,,0.0,0
2026-10-09 02:08:42Z,DAL,in,0.579,Q3 10:17,-4.0,8110,Jake Ferguson,TE,8.8,1.2,3.58,4.78,4.5,4.91,0.079,1.0,4.78,,0.0,0
2026-10-09 02:08:42Z,TB,in,0.579,Q3 10:17,4.0,6650,Chase McLaughlin,K,6.7,2.0,2.63,4.63,4.63,4.82,0.062,1.0,4.63,,0.0,0
2026-10-09 02:08:42Z,TB,in,0.579,Q3 10:17,4.0,9506,Sean Tucker,RB,2.4,0.5,0.83,1.33,1.42,1.51,0.079,1.0,1.33,,0.0,0
2026-10-09 02:08:42Z,TB,in,0.579,Q3 10:17,4.0,12514,Emeka Egbuka,WR,9.1,12.9,3.97,16.87,17.54,16.73,0.062,1.0,16.87,,0.0,0
2026-10-09 02:08:42Z,DAL,in,0.579,Q3 10:17,-4.0,DAL,Dallas Cowboys D/ST,DST,7.3,1.0,0.73,1.73,3.74,4.08,0.062,1.0,1.73,,0.0,0
2026-10-09 02:08:42Z,DAL,in,0.579,Q3 10:17,-4.0,8137,George Pickens,WR,14.8,10.3,6.59,16.89,16.72,16.54,0.007,1.0,16.89,,0.0,0
2026-10-09 02:08:42Z,TB,in,0.579,Q3 10:17,4.0,TB,Tampa Bay Buccaneers D/ST,DST,3.1,6.0,-0.31,5.69,7.75,7.31,0.007,1.0,5.69,,0.0,0
2026-10-09 02:08:42Z,DAL,in,0.579,Q3 10:17,-4.0,8917,KaVontae Turpin,WR,2.0,1.7,0.91,2.61,2.6,2.54,0.079,1.0,2.61,,0.0,0
2026-10-09 02:08:42Z,TB,in,0.579,Q3 10:17,4.0,10227,Payne Durham,TE,1.1,1.5,0.48,1.98,2.05,1.96,0.079,1.0,1.98,,0.0,0
2026-10-09 02:08:42Z,DAL,in,0.579,Q3 10:17,-4.0,11593,Brevyn Spann-Ford,TE,0.6,0.0,0.24,0.24,0.22,0.25,0.579,1.0,0.24,,0.0,0
2026-10-09 02:08:42Z,TB,in,0.579,Q3 10:17,4.0,13425,Jalon Daniels,QB,15.0,8.84,5.91,14.75,15.18,15.16,0.079,1.0,14.75,,0.0,0
2026-10-09 02:08:42Z,DAL,in,0.579,Q3 10:17,-4.0,11199,Emari Demercado,RB,3.7,0.0,1.24,1.24,1.33,1.56,0.579,1.0,1.24,,0.0,0
2026-10-09 02:08:42Z,DAL,in,0.579,Q3 10:17,-4.0,8162,Sam Howell,QB,0.9,0.0,0.35,0.35,0.32,0.38,0.579,0.3,0.11,,0.0,0
2026-10-09 02:08:42Z,DAL,in,0.579,Q3 10:17,-4.0,11783,Ryan Flournoy,WR,8.3,5.8,3.7,9.5,9.4,9.3,0.079,1.0,9.5,,0.0,0
2026-10-09 02:08:42Z,DAL,in,0.579,Q3 10:17,-4.0,10871,Luke Schoonmaker,TE,1.9,1.9,0.89,2.79,2.78,2.7,0.041,1.0,2.79,,0.0,0
2026-10-09 02:08:42Z,TB,in,0.579,Q3 10:17,4.0,13317,Ted Hurst,WR,4.5,0.0,1.52,1.52,1.62,1.9,0.579,1.0,1.52,,0.0,0
2026-10-09 02:08:42Z,TB,in,0.579,Q3 10:17,4.0,12485,Tez Johnson,WR,4.2,0.0,1.42,1.42,1.51,1.77,0.579,1.0,1.42,,0.0,0
2026-10-09 02:08:42Z,DAL,in,0.579,Q3 10:17,-4.0,7588,Javonte Williams,RB,18.2,12.9,7.88,20.78,20.82,20.57,0.021,1.0,20.78,,0.0,0
2026-10-09 02:09:43Z,DAL,in,0.601,Q3 8:56,-4.0,11533,Brandon Aubrey,K,9.8,5.0,3.82,8.82,8.82,8.91,0.101,1.0,8.82,,0.0,0
2026-10-09 02:09:43Z,DAL,in,0.601,Q3 8:56,-4.0,6786,CeeDee Lamb,WR,19.6,2.9,7.61,10.51,9.83,10.72,0.03,1.0,10.51,,0.0,0
2026-10-09 02:09:43Z,TB,in,0.601,Q3 8:56,4.0,11584,Bucky Irving,RB,11.1,18.2,5.69,23.89,23.78,22.63,0.084,1.0,23.89,,0.0,0
2026-10-09 02:09:43Z,DAL,in,0.601,Q3 8:56,-4.0,3294,Dak Prescott,QB,22.1,5.2,8.92,14.12,13.21,14.02,0.03,1.0,14.12,,0.0,0
2026-10-09 02:09:43Z,TB,in,0.601,Q3 8:56,4.0,8111,Cade Otton,TE,7.9,3.4,2.76,6.16,6.42,6.55,0.101,1.0,6.16,,0.0,0
2026-10-09 02:09:43Z,TB,in,0.601,Q3 8:56,4.0,4037,Chris Godwin,WR,8.0,7.0,3.03,10.03,10.41,10.19,0.101,1.0,10.03,,0.0,0
2026-10-09 02:09:43Z,DAL,in,0.601,Q3 8:56,-4.0,8110,Jake Ferguson,TE,8.8,1.2,3.41,4.61,4.3,4.71,0.101,1.0,4.61,,0.0,0
2026-10-09 02:09:43Z,TB,in,0.601,Q3 8:56,4.0,6650,Chase McLaughlin,K,6.7,2.0,2.47,4.47,4.47,4.67,0.084,1.0,4.47,,0.0,0
2026-10-09 02:09:43Z,TB,in,0.601,Q3 8:56,4.0,9506,Sean Tucker,RB,2.4,0.5,0.78,1.28,1.36,1.46,0.101,1.0,1.28,,0.0,0
2026-10-09 02:09:43Z,TB,in,0.601,Q3 8:56,4.0,12514,Emeka Egbuka,WR,9.1,12.9,3.77,16.67,17.27,16.53,0.084,1.0,16.67,,0.0,0
2026-10-09 02:09:43Z,DAL,in,0.601,Q3 8:56,-4.0,DAL,Dallas Cowboys D/ST,DST,7.3,1.0,0.68,1.68,3.57,3.91,0.084,1.0,1.68,,0.0,0
2026-10-09 02:09:43Z,DAL,in,0.601,Q3 8:56,-4.0,8137,George Pickens,WR,14.8,10.3,6.28,16.58,16.34,16.2,0.03,1.0,16.58,,0.0,0
2026-10-09 02:09:43Z,TB,in,0.601,Q3 8:56,4.0,TB,Tampa Bay Buccaneers D/ST,DST,3.1,6.0,-0.3,5.7,7.65,7.24,0.03,1.0,5.7,,0.0,0
2026-10-09 02:09:43Z,DAL,in,0.601,Q3 8:56,-4.0,8917,KaVontae Turpin,WR,2.0,1.7,0.87,2.57,2.55,2.5,0.101,1.0,2.57,,0.0,0
2026-10-09 02:09:43Z,TB,in,0.601,Q3 8:56,4.0,10227,Payne Durham,TE,1.1,1.5,0.45,1.95,2.02,1.94,0.101,1.0,1.95,,0.0,0
2026-10-09 02:09:43Z,DAL,in,0.601,Q3 8:56,-4.0,11593,Brevyn Spann-Ford,TE,0.6,0.0,0.23,0.23,0.2,0.24,0.601,1.0,0.23,,0.0,0
2026-10-09 02:09:43Z,TB,in,0.601,Q3 8:56,4.0,13425,Jalon Daniels,QB,15.0,11.4,5.93,17.33,17.62,17.38,0.0,1.0,17.33,,0.0,0
2026-10-09 02:09:43Z,DAL,in,0.601,Q3 8:56,-4.0,11199,Emari Demercado,RB,3.7,0.0,1.16,1.16,1.25,1.48,0.601,1.0,1.16,,0.0,0
2026-10-09 02:09:43Z,DAL,in,0.601,Q3 8:56,-4.0,8162,Sam Howell,QB,0.9,0.0,0.34,0.34,0.31,0.36,0.601,0.3,0.1,,0.0,0
2026-10-09 02:09:43Z,DAL,in,0.601,Q3 8:56,-4.0,11783,Ryan Flournoy,WR,8.3,5.8,3.52,9.32,9.19,9.11,0.101,1.0,9.32,,0.0,0
2026-10-09 02:09:43Z,DAL,in,0.601,Q3 8:56,-4.0,10871,Luke Schoonmaker,TE,1.9,1.9,0.84,2.74,2.73,2.66,0.064,1.0,2.74,,0.0,0
2026-10-09 02:09:43Z,TB,in,0.601,Q3 8:56,4.0,13317,Ted Hurst,WR,4.5,0.0,1.44,1.44,1.53,1.79,0.601,1.0,1.44,,0.0,0
2026-10-09 02:09:43Z,TB,in,0.601,Q3 8:56,4.0,12485,Tez Johnson,WR,4.2,7.4,1.83,9.23,9.56,9.08,0.0,1.0,9.23,,0.0,0
2026-10-09 02:09:43Z,DAL,in,0.601,Q3 8:56,-4.0,7588,Javonte Williams,RB,18.2,12.9,7.41,20.31,20.36,20.16,0.043,1.0,20.31,,0.0,0
2026-10-09 02:10:43Z,DAL,in,0.601,Q3 8:56,-4.0,11533,Brandon Aubrey,K,9.8,5.0,3.82,8.82,8.82,8.91,0.101,1.0,8.82,,0.0,0
2026-10-09 02:10:43Z,DAL,in,0.601,Q3 8:56,-4.0,6786,CeeDee Lamb,WR,19.6,2.9,7.61,10.51,9.83,10.72,0.03,1.0,10.51,,0.0,0
2026-10-09 02:10:43Z,TB,in,0.601,Q3 8:56,4.0,11584,Bucky Irving,RB,11.1,19.1,5.81,24.91,24.77,23.53,0.0,1.0,24.91,,0.0,0
2026-10-09 02:10:43Z,DAL,in,0.601,Q3 8:56,-4.0,3294,Dak Prescott,QB,22.1,5.2,8.92,14.12,13.21,14.02,0.03,1.0,14.12,,0.0,0
2026-10-09 02:10:43Z,TB,in,0.601,Q3 8:56,4.0,8111,Cade Otton,TE,7.9,3.4,2.76,6.16,6.42,6.55,0.101,1.0,6.16,,0.0,0
2026-10-09 02:10:43Z,TB,in,0.601,Q3 8:56,4.0,4037,Chris Godwin,WR,8.0,7.0,3.03,10.03,10.41,10.19,0.101,1.0,10.03,,0.0,0
2026-10-09 02:10:43Z,DAL,in,0.601,Q3 8:56,-4.0,8110,Jake Ferguson,TE,8.8,1.2,3.41,4.61,4.3,4.71,0.101,1.0,4.61,,0.0,0
2026-10-09 02:10:43Z,TB,in,0.601,Q3 8:56,4.0,6650,Chase McLaughlin,K,6.7,2.0,2.47,4.47,4.47,4.67,0.084,1.0,4.47,,0.0,0
2026-10-09 02:10:43Z,TB,in,0.601,Q3 8:56,4.0,9506,Sean Tucker,RB,2.4,0.5,0.78,1.28,1.36,1.46,0.101,1.0,1.28,,0.0,0
2026-10-09 02:10:43Z,TB,in,0.601,Q3 8:56,4.0,12514,Emeka Egbuka,WR,9.1,12.9,3.77,16.67,17.27,16.53,0.084,1.0,16.67,,0.0,0
2026-10-09 02:10:43Z,DAL,in,0.601,Q3 8:56,-4.0,DAL,Dallas Cowboys D/ST,DST,7.3,1.0,0.68,1.68,3.57,3.91,0.084,1.0,1.68,,0.0,0
2026-10-09 02:10:43Z,DAL,in,0.601,Q3 8:56,-4.0,8137,George Pickens,WR,14.8,10.3,6.28,16.58,16.34,16.2,0.03,1.0,16.58,,0.0,0
2026-10-09 02:10:43Z,TB,in,0.601,Q3 8:56,4.0,TB,Tampa Bay Buccaneers D/ST,DST,3.1,6.0,-0.3,5.7,7.65,7.24,0.03,1.0,5.7,,0.0,0
2026-10-09 02:10:43Z,DAL,in,0.601,Q3 8:56,-4.0,8917,KaVontae Turpin,WR,2.0,1.7,0.87,2.57,2.55,2.5,0.101,1.0,2.57,,0.0,0
2026-10-09 02:10:43Z,TB,in,0.601,Q3 8:56,4.0,10227,Payne Durham,TE,1.1,1.5,0.45,1.95,2.02,1.94,0.101,1.0,1.95,,0.0,0
2026-10-09 02:10:43Z,DAL,in,0.601,Q3 8:56,-4.0,11593,Brevyn Spann-Ford,TE,0.6,0.0,0.23,0.23,0.2,0.24,0.601,1.0,0.23,,0.0,0
2026-10-09 02:10:43Z,TB,in,0.601,Q3 8:56,4.0,13425,Jalon Daniels,QB,15.0,11.4,5.93,17.33,17.62,17.38,0.0,1.0,17.33,,0.0,0
2026-10-09 02:10:43Z,DAL,in,0.601,Q3 8:56,-4.0,11199,Emari Demercado,RB,3.7,0.0,1.16,1.16,1.25,1.48,0.601,1.0,1.16,,0.0,0
2026-10-09 02:10:43Z,DAL,in,0.601,Q3 8:56,-4.0,8162,Sam Howell,QB,0.9,0.0,0.34,0.34,0.31,0.36,0.601,0.3,0.1,,0.0,0
2026-10-09 02:10:43Z,DAL,in,0.601,Q3 8:56,-4.0,11783,Ryan Flournoy,WR,8.3,5.8,3.52,9.32,9.19,9.11,0.101,1.0,9.32,,0.0,0
2026-10-09 02:10:43Z,DAL,in,0.601,Q3 8:56,-4.0,10871,Luke Schoonmaker,TE,1.9,1.9,0.84,2.74,2.73,2.66,0.064,1.0,2.74,,0.0,0
2026-10-09 02:10:43Z,TB,in,0.601,Q3 8:56,4.0,13317,Ted Hurst,WR,4.5,0.0,1.44,1.44,1.53,1.79,0.601,1.0,1.44,,0.0,0
2026-10-09 02:10:43Z,TB,in,0.601,Q3 8:56,4.0,12485,Tez Johnson,WR,4.2,7.4,1.83,9.23,9.56,9.08,0.0,1.0,9.23,,0.0,0
2026-10-09 02:10:43Z,DAL,in,0.601,Q3 8:56,-4.0,7588,Javonte Williams,RB,18.2,12.9,7.41,20.31,20.36,20.16,0.043,1.0,20.31,,0.0,0
2026-10-09 02:11:44Z,DAL,in,0.625,Q3 7:31,-10.0,11533,Brandon Aubrey,K,9.8,5.0,3.57,8.57,8.57,8.68,0.125,1.0,8.57,,0.0,0
2026-10-09 02:11:44Z,DAL,in,0.625,Q3 7:31,-10.0,6786,CeeDee Lamb,WR,19.6,2.9,8.06,10.96,9.38,10.26,0.053,1.0,10.96,,0.0,0
2026-10-09 02:11:44Z,TB,in,0.625,Q3 7:31,10.0,11584,Bucky Irving,RB,11.1,25.7,6.11,31.81,31.63,29.87,0.0,1.0,31.81,,0.0,0
2026-10-09 02:11:44Z,DAL,in,0.625,Q3 7:31,-10.0,3294,Dak Prescott,QB,22.1,5.2,9.66,14.86,12.69,13.49,0.053,1.0,14.86,,0.0,0
2026-10-09 02:11:44Z,TB,in,0.625,Q3 7:31,10.0,8111,Cade Otton,TE,7.9,3.4,2.26,5.66,6.22,6.36,0.125,1.0,5.66,,0.0,0
2026-10-09 02:11:44Z,TB,in,0.625,Q3 7:31,10.0,4037,Chris Godwin,WR,8.0,7.0,2.51,9.51,10.19,10.0,0.125,1.0,9.51,,0.0,0
2026-10-09 02:11:44Z,DAL,in,0.625,Q3 7:31,-10.0,8110,Jake Ferguson,TE,8.8,1.2,3.61,4.81,4.1,4.5,0.125,1.0,4.81,,0.0,0
2026-10-09 02:11:44Z,TB,in,0.625,Q3 7:31,10.0,6650,Chase McLaughlin,K,6.7,2.0,2.31,4.31,4.31,4.51,0.108,1.0,4.31,,0.0,0
2026-10-09 02:11:44Z,TB,in,0.625,Q3 7:31,10.0,9506,Sean Tucker,RB,2.4,0.5,0.7,1.2,1.31,1.4,0.125,1.0,1.2,,0.0,0
2026-10-09 02:11:44Z,TB,in,0.625,Q3 7:31,10.0,12514,Emeka Egbuka,WR,9.1,12.9,3.18,16.08,16.99,16.32,0.108,1.0,16.08,,0.0,0
2026-10-09 02:11:44Z,DAL,in,0.625,Q3 7:31,-10.0,DAL,Dallas Cowboys D/ST,DST,7.3,1.0,0.43,1.43,3.41,3.74,0.108,1.0,1.43,,0.0,0
2026-10-09 02:11:44Z,DAL,in,0.625,Q3 7:31,-10.0,8137,George Pickens,WR,14.8,10.3,6.6,16.9,15.95,15.85,0.053,1.0,16.9,,0.0,0
2026-10-09 02:11:44Z,TB,in,0.625,Q3 7:31,10.0,TB,Tampa Bay Buccaneers D/ST,DST,3.1,6.0,-0.15,5.85,7.54,7.16,0.053,1.0,5.85,,0.0,0
2026-10-09 02:11:44Z,DAL,in,0.625,Q3 7:31,-10.0,8917,KaVontae Turpin,WR,2.0,1.7,0.91,2.61,2.49,2.45,0.125,1.0,2.61,,0.0,0
2026-10-09 02:11:44Z,TB,in,0.625,Q3 7:31,10.0,10227,Payne Durham,TE,1.1,1.5,0.38,1.88,1.99,1.91,0.125,1.0,1.88,,0.0,0
2026-10-09 02:11:44Z,DAL,in,0.625,Q3 7:31,-10.0,11593,Brevyn Spann-Ford,TE,0.6,0.0,0.24,0.24,0.19,0.23,0.625,1.0,0.24,,0.0,0
2026-10-09 02:11:44Z,TB,in,0.625,Q3 7:31,10.0,13425,Jalon Daniels,QB,15.0,11.4,4.75,16.15,17.22,17.03,0.024,1.0,16.15,,0.0,0
2026-10-09 02:11:44Z,DAL,in,0.625,Q3 7:31,-10.0,11199,Emari Demercado,RB,3.7,0.0,1.14,1.14,1.17,1.39,0.625,1.0,1.14,,0.0,0
2026-10-09 02:11:44Z,DAL,in,0.625,Q3 7:31,-10.0,8162,Sam Howell,QB,0.9,0.0,0.37,0.37,0.29,0.34,0.625,0.3,0.11,,0.0,0
2026-10-09 02:11:44Z,DAL,in,0.625,Q3 7:31,-10.0,11783,Ryan Flournoy,WR,8.3,5.8,3.71,9.51,8.97,8.91,0.125,1.0,9.51,,0.0,0
2026-10-09 02:11:44Z,DAL,in,0.625,Q3 7:31,-10.0,10871,Luke Schoonmaker,TE,1.9,1.9,0.88,2.78,2.68,2.61,0.087,1.0,2.78,,0.0,0
2026-10-09 02:11:44Z,TB,in,0.625,Q3 7:31,10.0,13317,Ted Hurst,WR,4.5,0.0,1.16,1.16,1.43,1.69,0.625,1.0,1.16,,0.0,0
2026-10-09 02:11:44Z,TB,in,0.625,Q3 7:31,10.0,12485,Tez Johnson,WR,4.2,7.4,1.56,8.96,9.42,8.98,0.024,1.0,8.96,,0.0,0
2026-10-09 02:11:44Z,DAL,in,0.625,Q3 7:31,-10.0,7588,Javonte Williams,RB,18.2,12.9,7.18,20.08,19.87,19.73,0.067,1.0,20.08,,0.0,0
2026-10-09 02:12:44Z,DAL,in,0.625,Q3 7:31,-11.0,11533,Brandon Aubrey,K,9.8,5.0,3.57,8.57,8.57,8.68,0.125,1.0,8.57,,0.0,0
2026-10-09 02:12:44Z,DAL,in,0.625,Q3 7:31,-11.0,6786,CeeDee Lamb,WR,19.6,2.9,8.2,11.1,9.38,10.26,0.053,1.0,11.1,,0.0,0
2026-10-09 02:12:44Z,TB,in,0.625,Q3 7:31,11.0,11584,Bucky Irving,RB,11.1,25.7,6.09,31.79,31.63,29.87,0.0,1.0,31.79,,0.0,0
2026-10-09 02:12:44Z,DAL,in,0.625,Q3 7:31,-11.0,3294,Dak Prescott,QB,22.1,5.2,9.87,15.07,12.69,13.49,0.053,1.0,15.07,,0.0,0
2026-10-09 02:12:44Z,TB,in,0.625,Q3 7:31,11.0,8111,Cade Otton,TE,7.9,3.4,2.2,5.6,6.22,6.36,0.125,1.0,5.6,,0.0,0
2026-10-09 02:12:44Z,TB,in,0.625,Q3 7:31,11.0,4037,Chris Godwin,WR,8.0,7.0,2.46,9.46,10.19,10.0,0.125,1.0,9.46,,0.0,0
2026-10-09 02:12:44Z,DAL,in,0.625,Q3 7:31,-11.0,8110,Jake Ferguson,TE,8.8,1.2,3.67,4.87,4.1,4.5,0.125,1.0,4.87,,0.0,0
2026-10-09 02:12:44Z,TB,in,0.625,Q3 7:31,11.0,6650,Chase McLaughlin,K,6.7,3.0,2.4,5.4,5.4,5.51,0.0,1.0,5.4,,0.0,0
2026-10-09 02:12:44Z,TB,in,0.625,Q3 7:31,11.0,9506,Sean Tucker,RB,2.4,0.5,0.7,1.2,1.31,1.4,0.125,1.0,1.2,,0.0,0
2026-10-09 02:12:44Z,TB,in,0.625,Q3 7:31,11.0,12514,Emeka Egbuka,WR,9.1,12.9,3.11,16.01,16.99,16.32,0.108,1.0,16.01,,0.0,0
2026-10-09 02:12:44Z,DAL,in,0.625,Q3 7:31,-11.0,DAL,Dallas Cowboys D/ST,DST,7.3,0.0,0.52,0.52,2.31,2.74,0.0,1.0,0.52,,0.0,0
2026-10-09 02:12:44Z,DAL,in,0.625,Q3 7:31,-11.0,8137,George Pickens,WR,14.8,10.3,6.71,17.01,15.95,15.85,0.053,1.0,17.01,,0.0,0
2026-10-09 02:12:44Z,TB,in,0.625,Q3 7:31,11.0,TB,Tampa Bay Buccaneers D/ST,DST,3.1,6.0,-0.13,5.87,7.54,7.16,0.053,1.0,5.87,,0.0,0
2026-10-09 02:12:44Z,DAL,in,0.625,Q3 7:31,-11.0,8917,KaVontae Turpin,WR,2.0,1.7,0.93,2.63,2.49,2.45,0.125,1.0,2.63,,0.0,0
2026-10-09 02:12:44Z,TB,in,0.625,Q3 7:31,11.0,10227,Payne Durham,TE,1.1,1.5,0.37,1.87,1.99,1.91,0.125,1.0,1.87,,0.0,0
2026-10-09 02:12:44Z,DAL,in,0.625,Q3 7:31,-11.0,11593,Brevyn Spann-Ford,TE,0.6,0.0,0.25,0.25,0.19,0.23,0.625,1.0,0.25,,0.0,0
2026-10-09 02:12:44Z,TB,in,0.625,Q3 7:31,11.0,13425,Jalon Daniels,QB,15.0,11.4,4.61,16.01,17.22,17.03,0.024,1.0,16.01,,0.0,0
2026-10-09 02:12:44Z,DAL,in,0.625,Q3 7:31,-11.0,11199,Emari Demercado,RB,3.7,0.0,1.15,1.15,1.17,1.39,0.625,1.0,1.15,,0.0,0
2026-10-09 02:12:44Z,DAL,in,0.625,Q3 7:31,-11.0,8162,Sam Howell,QB,0.9,0.0,0.38,0.38,0.29,0.34,0.625,0.3,0.11,,0.0,0
2026-10-09 02:12:44Z,DAL,in,0.625,Q3 7:31,-11.0,11783,Ryan Flournoy,WR,8.3,5.8,3.76,9.56,8.97,8.91,0.125,1.0,9.56,,0.0,0
2026-10-09 02:12:44Z,DAL,in,0.625,Q3 7:31,-11.0,10871,Luke Schoonmaker,TE,1.9,1.9,0.9,2.8,2.68,2.61,0.087,1.0,2.8,,0.0,0
2026-10-09 02:12:44Z,TB,in,0.625,Q3 7:31,11.0,13317,Ted Hurst,WR,4.5,0.0,1.13,1.13,1.43,1.69,0.625,1.0,1.13,,0.0,0
2026-10-09 02:12:44Z,TB,in,0.625,Q3 7:31,11.0,12485,Tez Johnson,WR,4.2,7.4,1.53,8.93,9.42,8.98,0.024,1.0,8.93,,0.0,0
2026-10-09 02:12:44Z,DAL,in,0.625,Q3 7:31,-11.0,7588,Javonte Williams,RB,18.2,12.9,7.22,20.12,19.87,19.73,0.067,1.0,20.12,,0.0,0
2026-10-09 02:13:44Z,DAL,in,0.625,Q3 7:31,-11.0,11533,Brandon Aubrey,K,9.8,5.0,3.57,8.57,8.57,8.68,0.125,1.0,8.57,,0.0,0
2026-10-09 02:13:44Z,DAL,in,0.625,Q3 7:31,-11.0,6786,CeeDee Lamb,WR,19.6,2.9,8.2,11.1,9.38,10.26,0.053,1.0,11.1,,0.0,0
2026-10-09 02:13:44Z,TB,in,0.625,Q3 7:31,11.0,11584,Bucky Irving,RB,11.1,25.7,6.09,31.79,31.63,29.87,0.0,1.0,31.79,,0.0,0
2026-10-09 02:13:44Z,DAL,in,0.625,Q3 7:31,-11.0,3294,Dak Prescott,QB,22.1,5.2,9.87,15.07,12.69,13.49,0.053,1.0,15.07,,0.0,0
2026-10-09 02:13:44Z,TB,in,0.625,Q3 7:31,11.0,8111,Cade Otton,TE,7.9,3.4,2.2,5.6,6.22,6.36,0.125,1.0,5.6,,0.0,0
2026-10-09 02:13:44Z,TB,in,0.625,Q3 7:31,11.0,4037,Chris Godwin,WR,8.0,7.0,2.46,9.46,10.19,10.0,0.125,1.0,9.46,,0.0,0
2026-10-09 02:13:44Z,DAL,in,0.625,Q3 7:31,-11.0,8110,Jake Ferguson,TE,8.8,1.2,3.67,4.87,4.1,4.5,0.125,1.0,4.87,,0.0,0
2026-10-09 02:13:44Z,TB,in,0.625,Q3 7:31,11.0,6650,Chase McLaughlin,K,6.7,3.0,2.4,5.4,5.4,5.51,0.0,1.0,5.4,,0.0,0
2026-10-09 02:13:44Z,TB,in,0.625,Q3 7:31,11.0,9506,Sean Tucker,RB,2.4,0.5,0.7,1.2,1.31,1.4,0.125,1.0,1.2,,0.0,0
2026-10-09 02:13:44Z,TB,in,0.625,Q3 7:31,11.0,12514,Emeka Egbuka,WR,9.1,12.9,3.11,16.01,16.99,16.32,0.108,1.0,16.01,,0.0,0
2026-10-09 02:13:44Z,DAL,in,0.625,Q3 7:31,-11.0,DAL,Dallas Cowboys D/ST,DST,7.3,0.0,0.52,0.52,2.31,2.74,0.0,1.0,0.52,,0.0,0
2026-10-09 02:13:44Z,DAL,in,0.625,Q3 7:31,-11.0,8137,George Pickens,WR,14.8,10.3,6.71,17.01,15.95,15.85,0.053,1.0,17.01,,0.0,0
2026-10-09 02:13:44Z,TB,in,0.625,Q3 7:31,11.0,TB,Tampa Bay Buccaneers D/ST,DST,3.1,6.0,-0.13,5.87,7.54,7.16,0.053,1.0,5.87,,0.0,0
2026-10-09 02:13:44Z,DAL,in,0.625,Q3 7:31,-11.0,8917,KaVontae Turpin,WR,2.0,1.7,0.93,2.63,2.49,2.45,0.125,1.0,2.63,,0.0,0
2026-10-09 02:13:44Z,TB,in,0.625,Q3 7:31,11.0,10227,Payne Durham,TE,1.1,1.5,0.37,1.87,1.99,1.91,0.125,1.0,1.87,,0.0,0
2026-10-09 02:13:44Z,DAL,in,0.625,Q3 7:31,-11.0,11593,Brevyn Spann-Ford,TE,0.6,0.0,0.25,0.25,0.19,0.23,0.625,1.0,0.25,,0.0,0
2026-10-09 02:13:44Z,TB,in,0.625,Q3 7:31,11.0,13425,Jalon Daniels,QB,15.0,11.4,4.61,16.01,17.22,17.03,0.024,1.0,16.01,,0.0,0
2026-10-09 02:13:44Z,DAL,in,0.625,Q3 7:31,-11.0,11199,Emari Demercado,RB,3.7,0.0,1.15,1.15,1.17,1.39,0.625,1.0,1.15,,0.0,0
2026-10-09 02:13:44Z,DAL,in,0.625,Q3 7:31,-11.0,8162,Sam Howell,QB,0.9,0.0,0.38,0.38,0.29,0.34,0.625,0.3,0.11,,0.0,0
2026-10-09 02:13:44Z,DAL,in,0.625,Q3 7:31,-11.0,11783,Ryan Flournoy,WR,8.3,5.8,3.76,9.56,8.97,8.91,0.125,1.0,9.56,,0.0,0
2026-10-09 02:13:44Z,DAL,in,0.625,Q3 7:31,-11.0,10871,Luke Schoonmaker,TE,1.9,1.9,0.9,2.8,2.68,2.61,0.087,1.0,2.8,,0.0,0
2026-10-09 02:13:44Z,TB,in,0.625,Q3 7:31,11.0,13317,Ted Hurst,WR,4.5,0.0,1.13,1.13,1.43,1.69,0.625,1.0,1.13,,0.0,0
2026-10-09 02:13:44Z,TB,in,0.625,Q3 7:31,11.0,12485,Tez Johnson,WR,4.2,7.4,1.53,8.93,9.42,8.98,0.024,1.0,8.93,,0.0,0
2026-10-09 02:13:44Z,DAL,in,0.625,Q3 7:31,-11.0,7588,Javonte Williams,RB,18.2,12.9,7.22,20.12,19.87,19.73,0.067,1.0,20.12,,0.0,0
2026-10-09 02:14:45Z,DAL,in,0.625,Q3 7:31,-11.0,11533,Brandon Aubrey,K,9.8,5.0,3.57,8.57,8.57,8.68,0.125,1.0,8.57,,0.0,0
2026-10-09 02:14:45Z,DAL,in,0.625,Q3 7:31,-11.0,6786,CeeDee Lamb,WR,19.6,2.9,8.2,11.1,9.38,10.26,0.053,1.0,11.1,,0.0,0
2026-10-09 02:14:45Z,TB,in,0.625,Q3 7:31,11.0,11584,Bucky Irving,RB,11.1,25.7,6.09,31.79,31.63,29.87,0.0,1.0,31.79,,0.0,0
2026-10-09 02:14:45Z,DAL,in,0.625,Q3 7:31,-11.0,3294,Dak Prescott,QB,22.1,5.2,9.87,15.07,12.69,13.49,0.053,1.0,15.07,,0.0,0
2026-10-09 02:14:45Z,TB,in,0.625,Q3 7:31,11.0,8111,Cade Otton,TE,7.9,3.4,2.2,5.6,6.22,6.36,0.125,1.0,5.6,,0.0,0
2026-10-09 02:14:45Z,TB,in,0.625,Q3 7:31,11.0,4037,Chris Godwin,WR,8.0,7.0,2.46,9.46,10.19,10.0,0.125,1.0,9.46,,0.0,0
2026-10-09 02:14:45Z,DAL,in,0.625,Q3 7:31,-11.0,8110,Jake Ferguson,TE,8.8,1.2,3.67,4.87,4.1,4.5,0.125,1.0,4.87,,0.0,0
2026-10-09 02:14:45Z,TB,in,0.625,Q3 7:31,11.0,6650,Chase McLaughlin,K,6.7,3.0,2.4,5.4,5.4,5.51,0.0,1.0,5.4,,0.0,0
2026-10-09 02:14:45Z,TB,in,0.625,Q3 7:31,11.0,9506,Sean Tucker,RB,2.4,0.5,0.7,1.2,1.31,1.4,0.125,1.0,1.2,,0.0,0
2026-10-09 02:14:45Z,TB,in,0.625,Q3 7:31,11.0,12514,Emeka Egbuka,WR,9.1,12.9,3.11,16.01,16.99,16.32,0.108,1.0,16.01,,0.0,0
2026-10-09 02:14:45Z,DAL,in,0.625,Q3 7:31,-11.0,DAL,Dallas Cowboys D/ST,DST,7.3,0.0,0.52,0.52,2.31,2.74,0.0,1.0,0.52,,0.0,0
2026-10-09 02:14:45Z,DAL,in,0.625,Q3 7:31,-11.0,8137,George Pickens,WR,14.8,10.3,6.71,17.01,15.95,15.85,0.053,1.0,17.01,,0.0,0
2026-10-09 02:14:45Z,TB,in,0.625,Q3 7:31,11.0,TB,Tampa Bay Buccaneers D/ST,DST,3.1,6.0,-0.13,5.87,7.54,7.16,0.053,1.0,5.87,,0.0,0
2026-10-09 02:14:45Z,DAL,in,0.625,Q3 7:31,-11.0,8917,KaVontae Turpin,WR,2.0,1.7,0.93,2.63,2.49,2.45,0.125,1.0,2.63,,0.0,0
2026-10-09 02:14:45Z,TB,in,0.625,Q3 7:31,11.0,10227,Payne Durham,TE,1.1,1.5,0.37,1.87,1.99,1.91,0.125,1.0,1.87,,0.0,0
2026-10-09 02:14:45Z,DAL,in,0.625,Q3 7:31,-11.0,11593,Brevyn Spann-Ford,TE,0.6,0.0,0.25,0.25,0.19,0.23,0.625,1.0,0.25,,0.0,0
2026-10-09 02:14:45Z,TB,in,0.625,Q3 7:31,11.0,13425,Jalon Daniels,QB,15.0,11.4,4.61,16.01,17.22,17.03,0.024,1.0,16.01,,0.0,0
2026-10-09 02:14:45Z,DAL,in,0.625,Q3 7:31,-11.0,11199,Emari Demercado,RB,3.7,0.0,1.15,1.15,1.17,1.39,0.625,1.0,1.15,,0.0,0
2026-10-09 02:14:45Z,DAL,in,0.625,Q3 7:31,-11.0,8162,Sam Howell,QB,0.9,0.0,0.38,0.38,0.29,0.34,0.625,0.3,0.11,,0.0,0
2026-10-09 02:14:45Z,DAL,in,0.625,Q3 7:31,-11.0,11783,Ryan Flournoy,WR,8.3,5.8,3.76,9.56,8.97,8.91,0.125,1.0,9.56,,0.0,0
2026-10-09 02:14:45Z,DAL,in,0.625,Q3 7:31,-11.0,10871,Luke Schoonmaker,TE,1.9,1.9,0.9,2.8,2.68,2.61,0.087,1.0,2.8,,0.0,0
2026-10-09 02:14:45Z,TB,in,0.625,Q3 7:31,11.0,13317,Ted Hurst,WR,4.5,0.0,1.13,1.13,1.43,1.69,0.625,1.0,1.13,,0.0,0
2026-10-09 02:14:45Z,TB,in,0.625,Q3 7:31,11.0,12485,Tez Johnson,WR,4.2,7.4,1.53,8.93,9.42,8.98,0.024,1.0,8.93,,0.0,0
2026-10-09 02:14:45Z,DAL,in,0.625,Q3 7:31,-11.0,7588,Javonte Williams,RB,18.2,12.9,7.22,20.12,19.87,19.73,0.067,1.0,20.12,,0.0,0
2026-10-09 02:15:45Z,DAL,in,0.625,Q3 7:31,-11.0,11533,Brandon Aubrey,K,9.8,5.0,3.57,8.57,8.57,8.68,0.125,1.0,8.57,,0.0,0
2026-10-09 02:15:45Z,DAL,in,0.625,Q3 7:31,-11.0,6786,CeeDee Lamb,WR,19.6,2.9,8.2,11.1,9.38,10.26,0.053,1.0,11.1,,0.0,0
2026-10-09 02:15:45Z,TB,in,0.625,Q3 7:31,11.0,11584,Bucky Irving,RB,11.1,25.7,6.09,31.79,31.63,29.87,0.0,1.0,31.79,,0.0,0
2026-10-09 02:15:45Z,DAL,in,0.625,Q3 7:31,-11.0,3294,Dak Prescott,QB,22.1,5.2,9.87,15.07,12.69,13.49,0.053,1.0,15.07,,0.0,0
2026-10-09 02:15:45Z,TB,in,0.625,Q3 7:31,11.0,8111,Cade Otton,TE,7.9,3.4,2.2,5.6,6.22,6.36,0.125,1.0,5.6,,0.0,0
2026-10-09 02:15:45Z,TB,in,0.625,Q3 7:31,11.0,4037,Chris Godwin,WR,8.0,7.0,2.46,9.46,10.19,10.0,0.125,1.0,9.46,,0.0,0
2026-10-09 02:15:45Z,DAL,in,0.625,Q3 7:31,-11.0,8110,Jake Ferguson,TE,8.8,1.2,3.67,4.87,4.1,4.5,0.125,1.0,4.87,,0.0,0
2026-10-09 02:15:45Z,TB,in,0.625,Q3 7:31,11.0,6650,Chase McLaughlin,K,6.7,3.0,2.4,5.4,5.4,5.51,0.0,1.0,5.4,,0.0,0
2026-10-09 02:15:45Z,TB,in,0.625,Q3 7:31,11.0,9506,Sean Tucker,RB,2.4,0.5,0.7,1.2,1.31,1.4,0.125,1.0,1.2,,0.0,0
2026-10-09 02:15:45Z,TB,in,0.625,Q3 7:31,11.0,12514,Emeka Egbuka,WR,9.1,12.9,3.11,16.01,16.99,16.32,0.108,1.0,16.01,,0.0,0
2026-10-09 02:15:45Z,DAL,in,0.625,Q3 7:31,-11.0,DAL,Dallas Cowboys D/ST,DST,7.3,0.0,0.52,0.52,2.31,2.74,0.0,1.0,0.52,,0.0,0
2026-10-09 02:15:45Z,DAL,in,0.625,Q3 7:31,-11.0,8137,George Pickens,WR,14.8,10.3,6.71,17.01,15.95,15.85,0.053,1.0,17.01,,0.0,0
2026-10-09 02:15:45Z,TB,in,0.625,Q3 7:31,11.0,TB,Tampa Bay Buccaneers D/ST,DST,3.1,6.0,-0.13,5.87,7.54,7.16,0.053,1.0,5.87,,0.0,0
2026-10-09 02:15:45Z,DAL,in,0.625,Q3 7:31,-11.0,8917,KaVontae Turpin,WR,2.0,1.7,0.93,2.63,2.49,2.45,0.125,1.0,2.63,,0.0,0
2026-10-09 02:15:45Z,TB,in,0.625,Q3 7:31,11.0,10227,Payne Durham,TE,1.1,1.5,0.37,1.87,1.99,1.91,0.125,1.0,1.87,,0.0,0
2026-10-09 02:15:45Z,DAL,in,0.625,Q3 7:31,-11.0,11593,Brevyn Spann-Ford,TE,0.6,0.0,0.25,0.25,0.19,0.23,0.625,1.0,0.25,,0.0,0
2026-10-09 02:15:45Z,TB,in,0.625,Q3 7:31,11.0,13425,Jalon Daniels,QB,15.0,11.4,4.61,16.01,17.22,17.03,0.024,1.0,16.01,,0.0,0
2026-10-09 02:15:45Z,DAL,in,0.625,Q3 7:31,-11.0,11199,Emari Demercado,RB,3.7,0.0,1.15,1.15,1.17,1.39,0.625,1.0,1.15,,0.0,0
2026-10-09 02:15:45Z,DAL,in,0.625,Q3 7:31,-11.0,8162,Sam Howell,QB,0.9,0.0,0.38,0.38,0.29,0.34,0.625,0.3,0.11,,0.0,0
2026-10-09 02:15:45Z,DAL,in,0.625,Q3 7:31,-11.0,11783,Ryan Flournoy,WR,8.3,5.8,3.76,9.56,8.97,8.91,0.125,1.0,9.56,,0.0,0
2026-10-09 02:15:45Z,DAL,in,0.625,Q3 7:31,-11.0,10871,Luke Schoonmaker,TE,1.9,1.9,0.9,2.8,2.68,2.61,0.087,1.0,2.8,,0.0,0
2026-10-09 02:15:45Z,TB,in,0.625,Q3 7:31,11.0,13317,Ted Hurst,WR,4.5,0.0,1.13,1.13,1.43,1.69,0.625,1.0,1.13,,0.0,0
2026-10-09 02:15:45Z,TB,in,0.625,Q3 7:31,11.0,12485,Tez Johnson,WR,4.2,7.4,1.53,8.93,9.42,8.98,0.024,1.0,8.93,,0.0,0
2026-10-09 02:15:45Z,DAL,in,0.625,Q3 7:31,-11.0,7588,Javonte Williams,RB,18.2,12.9,7.22,20.12,19.87,19.73,0.067,1.0,20.12,,0.0,0
2026-10-09 02:16:46Z,DAL,in,0.627,Q3 7:24,-11.0,11533,Brandon Aubrey,K,9.8,5.0,3.55,8.55,8.55,8.66,0.127,1.0,8.55,,0.0,0
2026-10-09 02:16:46Z,DAL,in,0.627,Q3 7:24,-11.0,6786,CeeDee Lamb,WR,19.6,2.9,8.17,11.07,9.34,10.22,0.055,1.0,11.07,,0.0,0
2026-10-09 02:16:46Z,TB,in,0.627,Q3 7:24,11.0,11584,Bucky Irving,RB,11.1,25.7,6.05,31.75,31.59,29.84,0.002,1.0,31.75,,0.0,0
2026-10-09 02:16:46Z,DAL,in,0.627,Q3 7:24,-11.0,3294,Dak Prescott,QB,22.1,5.2,9.82,15.02,12.64,13.45,0.055,1.0,15.02,,0.0,0
2026-10-09 02:16:46Z,TB,in,0.627,Q3 7:24,11.0,8111,Cade Otton,TE,7.9,3.4,2.19,5.59,6.2,6.35,0.127,1.0,5.59,,0.0,0
2026-10-09 02:16:46Z,TB,in,0.627,Q3 7:24,11.0,4037,Chris Godwin,WR,8.0,7.0,2.44,9.44,10.17,9.99,0.127,1.0,9.44,,0.0,0
2026-10-09 02:16:46Z,DAL,in,0.627,Q3 7:24,-11.0,8110,Jake Ferguson,TE,8.8,1.2,3.66,4.86,4.08,4.49,0.127,1.0,4.86,,0.0,0
2026-10-09 02:16:46Z,TB,in,0.627,Q3 7:24,11.0,6650,Chase McLaughlin,K,6.7,3.0,2.39,5.39,5.39,5.5,0.002,1.0,5.39,,0.0,0
2026-10-09 02:16:46Z,TB,in,0.627,Q3 7:24,11.0,9506,Sean Tucker,RB,2.4,0.5,0.69,1.19,1.3,1.4,0.127,1.0,1.19,,0.0,0
2026-10-09 02:16:46Z,TB,in,0.627,Q3 7:24,11.0,12514,Emeka Egbuka,WR,9.1,12.9,3.09,15.99,16.97,16.3,0.11,1.0,15.99,,0.0,0
2026-10-09 02:16:46Z,DAL,in,0.627,Q3 7:24,-11.0,DAL,Dallas Cowboys D/ST,DST,7.3,0.0,0.51,0.51,2.3,2.73,0.002,1.0,0.51,,0.0,0
2026-10-09 02:16:46Z,DAL,in,0.627,Q3 7:24,-11.0,8137,George Pickens,WR,14.8,10.3,6.68,16.98,15.92,15.83,0.055,1.0,16.98,,0.0,0
2026-10-09 02:16:46Z,TB,in,0.627,Q3 7:24,11.0,TB,Tampa Bay Buccaneers D/ST,DST,3.1,8.0,-0.38,7.62,9.72,9.16,0.0,1.0,7.62,,0.0,0
2026-10-09 02:16:46Z,DAL,in,0.627,Q3 7:24,-11.0,8917,KaVontae Turpin,WR,2.0,-0.3,0.8,0.5,0.3,0.45,0.0,1.0,0.5,,0.0,0
2026-10-09 02:16:46Z,TB,in,0.627,Q3 7:24,11.0,10227,Payne Durham,TE,1.1,1.5,0.37,1.87,1.99,1.91,0.127,1.0,1.87,,0.0,0
2026-10-09 02:16:46Z,DAL,in,0.627,Q3 7:24,-11.0,11593,Brevyn Spann-Ford,TE,0.6,0.0,0.24,0.24,0.19,0.22,0.627,1.0,0.24,,0.0,0
2026-10-09 02:16:46Z,TB,in,0.627,Q3 7:24,11.0,13425,Jalon Daniels,QB,15.0,11.4,4.58,15.98,17.19,17.0,0.026,1.0,15.98,,0.0,0
2026-10-09 02:16:46Z,DAL,in,0.627,Q3 7:24,-11.0,11199,Emari Demercado,RB,3.7,0.0,1.14,1.14,1.16,1.38,0.627,1.0,1.14,,0.0,0
2026-10-09 02:16:46Z,DAL,in,0.627,Q3 7:24,-11.0,8162,Sam Howell,QB,0.9,0.0,0.37,0.37,0.28,0.34,0.627,0.3,0.11,,0.0,0
2026-10-09 02:16:46Z,DAL,in,0.627,Q3 7:24,-11.0,11783,Ryan Flournoy,WR,8.3,5.8,3.75,9.55,8.95,8.9,0.127,1.0,9.55,,0.0,0
2026-10-09 02:16:46Z,DAL,in,0.627,Q3 7:24,-11.0,10871,Luke Schoonmaker,TE,1.9,1.9,0.89,2.79,2.68,2.61,0.089,1.0,2.79,,0.0,0
2026-10-09 02:16:46Z,TB,in,0.627,Q3 7:24,11.0,13317,Ted Hurst,WR,4.5,0.0,1.12,1.12,1.42,1.68,0.627,1.0,1.12,,0.0,0
2026-10-09 02:16:46Z,TB,in,0.627,Q3 7:24,11.0,12485,Tez Johnson,WR,4.2,7.4,1.52,8.92,9.41,8.97,0.026,1.0,8.92,,0.0,0
2026-10-09 02:16:46Z,DAL,in,0.627,Q3 7:24,-11.0,7588,Javonte Williams,RB,18.2,12.9,7.18,20.08,19.83,19.69,0.069,1.0,20.08,,0.0,0
2026-10-09 02:17:46Z,DAL,in,0.64,Q3 6:36,-11.0,11533,Brandon Aubrey,K,9.8,5.0,3.41,8.41,8.41,8.53,0.14,1.0,8.41,,0.0,0
2026-10-09 02:17:46Z,DAL,in,0.64,Q3 6:36,-11.0,6786,CeeDee Lamb,WR,19.6,2.9,7.94,10.84,9.09,9.96,0.069,1.0,10.84,,0.0,0
2026-10-09 02:17:46Z,TB,in,0.64,Q3 6:36,11.0,11584,Bucky Irving,RB,11.1,25.7,5.82,31.52,31.37,29.7,0.015,1.0,31.52,,0.0,0
2026-10-09 02:17:46Z,DAL,in,0.64,Q3 6:36,-11.0,3294,Dak Prescott,QB,22.1,5.2,9.53,14.73,12.35,13.16,0.069,1.0,14.73,,0.0,0
2026-10-09 02:17:46Z,TB,in,0.64,Q3 6:36,11.0,8111,Cade Otton,TE,7.9,3.4,2.1,5.5,6.09,6.24,0.14,1.0,5.5,,0.0,0
2026-10-09 02:17:46Z,TB,in,0.64,Q3 6:36,11.0,4037,Chris Godwin,WR,8.0,7.0,2.35,9.35,10.05,9.88,0.14,1.0,9.35,,0.0,0
2026-10-09 02:17:46Z,DAL,in,0.64,Q3 6:36,-11.0,8110,Jake Ferguson,TE,8.8,1.2,3.56,4.76,3.97,4.37,0.14,1.0,4.76,,0.0,0
2026-10-09 02:17:46Z,TB,in,0.64,Q3 6:36,11.0,6650,Chase McLaughlin,K,6.7,3.0,2.3,5.3,5.3,5.41,0.015,1.0,5.3,,0.0,0
2026-10-09 02:17:46Z,TB,in,0.64,Q3 6:36,11.0,9506,Sean Tucker,RB,2.4,0.5,0.67,1.17,1.27,1.36,0.14,1.0,1.17,,0.0,0
2026-10-09 02:17:46Z,TB,in,0.64,Q3 6:36,11.0,12514,Emeka Egbuka,WR,9.1,12.9,2.98,15.88,16.81,16.18,0.123,1.0,15.88,,0.0,0
2026-10-09 02:17:46Z,DAL,in,0.64,Q3 6:36,-11.0,DAL,Dallas Cowboys D/ST,DST,7.3,1.0,0.38,1.38,3.3,3.63,0.0,1.0,1.38,,0.0,0
2026-10-09 02:17:46Z,DAL,in,0.64,Q3 6:36,-11.0,8137,George Pickens,WR,14.8,10.3,6.5,16.8,15.7,15.63,0.069,1.0,16.8,,0.0,0
2026-10-09 02:17:46Z,TB,in,0.64,Q3 6:36,11.0,TB,Tampa Bay Buccaneers D/ST,DST,3.1,8.0,-0.35,7.65,9.66,9.12,0.013,1.0,7.65,,0.0,0
2026-10-09 02:17:46Z,DAL,in,0.64,Q3 6:36,-11.0,8917,KaVontae Turpin,WR,2.0,-0.3,0.77,0.47,0.28,0.42,0.013,1.0,0.47,,0.0,0
2026-10-09 02:17:46Z,TB,in,0.64,Q3 6:36,11.0,10227,Payne Durham,TE,1.1,1.5,0.36,1.86,1.97,1.9,0.14,1.0,1.86,,0.0,0
2026-10-09 02:17:46Z,DAL,in,0.64,Q3 6:36,-11.0,11593,Brevyn Spann-Ford,TE,0.6,0.0,0.24,0.24,0.18,0.22,0.64,1.0,0.24,,0.0,0
2026-10-09 02:17:46Z,TB,in,0.64,Q3 6:36,11.0,13425,Jalon Daniels,QB,15.0,11.4,4.4,15.8,16.96,16.8,0.039,1.0,15.8,,0.0,0
2026-10-09 02:17:46Z,DAL,in,0.64,Q3 6:36,-11.0,11199,Emari Demercado,RB,3.7,0.0,1.1,1.1,1.12,1.33,0.64,1.0,1.1,,0.0,0
2026-10-09 02:17:46Z,DAL,in,0.64,Q3 6:36,-11.0,8162,Sam Howell,QB,0.9,0.0,0.36,0.36,0.27,0.32,0.64,0.3,0.11,,0.0,0
2026-10-09 02:17:46Z,DAL,in,0.64,Q3 6:36,-11.0,11783,Ryan Flournoy,WR,8.3,5.8,3.65,9.45,8.83,8.79,0.14,1.0,9.45,,0.0,0
2026-10-09 02:17:46Z,DAL,in,0.64,Q3 6:36,-11.0,10871,Luke Schoonmaker,TE,1.9,1.9,0.87,2.77,2.65,2.58,0.103,1.0,2.77,,0.0,0
2026-10-09 02:17:46Z,TB,in,0.64,Q3 6:36,11.0,13317,Ted Hurst,WR,4.5,0.0,1.07,1.07,1.36,1.62,0.64,1.0,1.07,,0.0,0
2026-10-09 02:17:46Z,TB,in,0.64,Q3 6:36,11.0,12485,Tez Johnson,WR,4.2,7.4,1.47,8.87,9.34,8.91,0.039,1.0,8.87,,0.0,0
2026-10-09 02:17:46Z,DAL,in,0.64,Q3 6:36,-11.0,7588,Javonte Williams,RB,18.2,12.9,6.93,19.83,19.56,19.45,0.082,1.0,19.83,,0.0,0
2026-10-09 02:18:46Z,DAL,in,0.641,Q3 6:31,-11.0,11533,Brandon Aubrey,K,9.8,5.0,3.4,8.4,8.4,8.51,0.141,1.0,8.4,,0.0,0
2026-10-09 02:18:46Z,DAL,in,0.641,Q3 6:31,-11.0,6786,CeeDee Lamb,WR,19.6,2.9,7.91,10.81,9.06,9.93,0.07,1.0,10.81,,0.0,0
2026-10-09 02:18:46Z,TB,in,0.641,Q3 6:31,11.0,11584,Bucky Irving,RB,11.1,25.7,5.79,31.49,31.35,29.68,0.017,1.0,31.49,,0.0,0
2026-10-09 02:18:46Z,DAL,in,0.641,Q3 6:31,-11.0,3294,Dak Prescott,QB,22.1,5.2,9.5,14.7,12.32,13.13,0.07,1.0,14.7,,0.0,0
2026-10-09 02:18:46Z,TB,in,0.641,Q3 6:31,11.0,8111,Cade Otton,TE,7.9,3.4,2.09,5.49,6.08,6.23,0.141,1.0,5.49,,0.0,0
2026-10-09 02:18:46Z,TB,in,0.641,Q3 6:31,11.0,4037,Chris Godwin,WR,8.0,7.0,2.34,9.34,10.04,9.87,0.141,1.0,9.34,,0.0,0
2026-10-09 02:18:46Z,DAL,in,0.641,Q3 6:31,-11.0,8110,Jake Ferguson,TE,8.8,1.2,3.55,4.75,3.96,4.36,0.141,1.0,4.75,,0.0,0
2026-10-09 02:18:46Z,TB,in,0.641,Q3 6:31,11.0,6650,Chase McLaughlin,K,6.7,3.0,2.29,5.29,5.29,5.4,0.017,1.0,5.29,,0.0,0
2026-10-09 02:18:46Z,TB,in,0.641,Q3 6:31,11.0,9506,Sean Tucker,RB,2.4,0.5,0.66,1.16,1.27,1.36,0.141,1.0,1.16,,0.0,0
2026-10-09 02:18:46Z,TB,in,0.641,Q3 6:31,11.0,12514,Emeka Egbuka,WR,9.1,16.0,3.16,19.16,20.17,19.26,0.0,1.0,19.16,,0.0,0
2026-10-09 02:18:46Z,DAL,in,0.641,Q3 6:31,-11.0,DAL,Dallas Cowboys D/ST,DST,7.3,1.0,0.38,1.38,3.29,3.62,0.001,1.0,1.38,,0.0,0
2026-10-09 02:18:46Z,DAL,in,0.641,Q3 6:31,-11.0,8137,George Pickens,WR,14.8,10.3,6.48,16.78,15.68,15.61,0.07,1.0,16.78,,0.0,0
2026-10-09 02:18:46Z,TB,in,0.641,Q3 6:31,11.0,TB,Tampa Bay Buccaneers D/ST,DST,3.1,8.0,-0.34,7.66,9.65,9.11,0.015,1.0,7.66,,0.0,0
2026-10-09 02:18:46Z,DAL,in,0.641,Q3 6:31,-11.0,8917,KaVontae Turpin,WR,2.0,-0.3,0.77,0.47,0.28,0.42,0.015,1.0,0.47,,0.0,0
2026-10-09 02:18:46Z,TB,in,0.641,Q3 6:31,11.0,10227,Payne Durham,TE,1.1,1.5,0.36,1.86,1.97,1.89,0.141,1.0,1.86,,0.0,0
2026-10-09 02:18:46Z,DAL,in,0.641,Q3 6:31,-11.0,11593,Brevyn Spann-Ford,TE,0.6,0.0,0.24,0.24,0.18,0.22,0.641,1.0,0.24,,0.0,0
2026-10-09 02:18:46Z,TB,in,0.641,Q3 6:31,11.0,13425,Jalon Daniels,QB,15.0,12.24,4.48,16.72,17.85,17.62,0.0,1.0,16.72,,0.0,0
2026-10-09 02:18:46Z,DAL,in,0.641,Q3 6:31,-11.0,11199,Emari Demercado,RB,3.7,0.0,1.1,1.1,1.11,1.33,0.641,1.0,1.1,,0.0,0
2026-10-09 02:18:46Z,DAL,in,0.641,Q3 6:31,-11.0,8162,Sam Howell,QB,0.9,0.0,0.36,0.36,0.27,0.32,0.641,0.3,0.11,,0.0,0
2026-10-09 02:18:46Z,DAL,in,0.641,Q3 6:31,-11.0,11783,Ryan Flournoy,WR,8.3,5.8,3.64,9.44,8.82,8.78,0.141,1.0,9.44,,0.0,0
2026-10-09 02:18:46Z,DAL,in,0.641,Q3 6:31,-11.0,10871,Luke Schoonmaker,TE,1.9,1.9,0.87,2.77,2.64,2.58,0.104,1.0,2.77,,0.0,0
2026-10-09 02:18:46Z,TB,in,0.641,Q3 6:31,11.0,13317,Ted Hurst,WR,4.5,0.0,1.07,1.07,1.35,1.61,0.641,1.0,1.07,,0.0,0
2026-10-09 02:18:46Z,TB,in,0.641,Q3 6:31,11.0,12485,Tez Johnson,WR,4.2,7.4,1.46,8.86,9.33,8.91,0.04,1.0,8.86,,0.0,0
2026-10-09 02:18:46Z,DAL,in,0.641,Q3 6:31,-11.0,7588,Javonte Williams,RB,18.2,12.9,6.9,19.8,19.54,19.43,0.084,1.0,19.8,,0.0,0
2026-10-09 02:19:47Z,DAL,in,0.65,Q3 6:01,-11.0,11533,Brandon Aubrey,K,9.8,5.0,3.31,8.31,8.31,8.43,0.15,1.0,8.31,,0.0,0
2026-10-09 02:19:47Z,DAL,in,0.65,Q3 6:01,-11.0,6786,CeeDee Lamb,WR,19.6,2.9,7.76,10.66,8.9,9.77,0.078,1.0,10.66,,0.0,0
2026-10-09 02:19:47Z,TB,in,0.65,Q3 6:01,11.0,11584,Bucky Irving,RB,11.1,25.7,5.65,31.35,31.21,29.59,0.025,1.0,31.35,,0.0,0
2026-10-09 02:19:47Z,DAL,in,0.65,Q3 6:01,-11.0,3294,Dak Prescott,QB,22.1,5.2,9.31,14.51,12.14,12.94,0.078,1.0,14.51,,0.0,0
2026-10-09 02:19:47Z,TB,in,0.65,Q3 6:01,11.0,8111,Cade Otton,TE,7.9,5.4,2.16,7.56,8.19,8.17,0.0,1.0,7.56,,0.0,0
2026-10-09 02:19:47Z,TB,in,0.65,Q3 6:01,11.0,4037,Chris Godwin,WR,8.0,7.0,2.28,9.28,9.96,9.8,0.15,1.0,9.28,,0.0,0
2026-10-09 02:19:47Z,DAL,in,0.65,Q3 6:01,-11.0,8110,Jake Ferguson,TE,8.8,1.2,3.48,4.68,3.89,4.28,0.15,1.0,4.68,,0.0,0
2026-10-09 02:19:47Z,TB,in,0.65,Q3 6:01,11.0,6650,Chase McLaughlin,K,6.7,3.0,2.23,5.23,5.23,5.35,0.025,1.0,5.23,,0.0,0
2026-10-09 02:19:47Z,TB,in,0.65,Q3 6:01,11.0,9506,Sean Tucker,RB,2.4,0.5,0.65,1.15,1.25,1.34,0.15,1.0,1.15,,0.0,0
2026-10-09 02:19:47Z,TB,in,0.65,Q3 6:01,11.0,12514,Emeka Egbuka,WR,9.1,16.0,3.09,19.09,20.07,19.19,0.008,1.0,19.09,,0.0,0
2026-10-09 02:19:47Z,DAL,in,0.65,Q3 6:01,-11.0,DAL,Dallas Cowboys D/ST,DST,7.3,1.0,0.38,1.38,3.23,3.56,0.01,1.0,1.38,,0.0,0
2026-10-09 02:19:47Z,DAL,in,0.65,Q3 6:01,-11.0,8137,George Pickens,WR,14.8,10.3,6.36,16.66,15.54,15.48,0.078,1.0,16.66,,0.0,0
2026-10-09 02:19:47Z,TB,in,0.65,Q3 6:01,11.0,TB,Tampa Bay Buccaneers D/ST,DST,3.1,8.0,-0.33,7.67,9.61,9.09,0.023,1.0,7.67,,0.0,0
2026-10-09 02:19:47Z,DAL,in,0.65,Q3 6:01,-11.0,8917,KaVontae Turpin,WR,2.0,-0.3,0.76,0.46,0.26,0.4,0.023,1.0,0.46,,0.0,0
2026-10-09 02:19:47Z,TB,in,0.65,Q3 6:01,11.0,10227,Payne Durham,TE,1.1,1.5,0.35,1.85,1.95,1.89,0.15,1.0,1.85,,0.0,0
2026-10-09 02:19:47Z,DAL,in,0.65,Q3 6:01,-11.0,11593,Brevyn Spann-Ford,TE,0.6,0.0,0.23,0.23,0.18,0.21,0.65,1.0,0.23,,0.0,0
2026-10-09 02:19:47Z,TB,in,0.65,Q3 6:01,11.0,13425,Jalon Daniels,QB,15.0,12.64,4.41,17.05,18.15,17.89,0.0,1.0,17.05,,0.0,0
2026-10-09 02:19:47Z,DAL,in,0.65,Q3 6:01,-11.0,11199,Emari Demercado,RB,3.7,0.0,1.07,1.07,1.09,1.3,0.65,1.0,1.07,,0.0,0
2026-10-09 02:19:47Z,DAL,in,0.65,Q3 6:01,-11.0,8162,Sam Howell,QB,0.9,0.0,0.35,0.35,0.26,0.32,0.65,0.3,0.11,,0.0,0
2026-10-09 02:19:47Z,DAL,in,0.65,Q3 6:01,-11.0,11783,Ryan Flournoy,WR,8.3,5.8,3.57,9.37,8.74,8.71,0.15,1.0,9.37,,0.0,0
2026-10-09 02:19:47Z,DAL,in,0.65,Q3 6:01,-11.0,10871,Luke Schoonmaker,TE,1.9,1.9,0.85,2.75,2.62,2.57,0.112,1.0,2.75,,0.0,0
2026-10-09 02:19:47Z,TB,in,0.65,Q3 6:01,11.0,13317,Ted Hurst,WR,4.5,0.0,1.04,1.04,1.32,1.58,0.65,1.0,1.04,,0.0,0
2026-10-09 02:19:47Z,TB,in,0.65,Q3 6:01,11.0,12485,Tez Johnson,WR,4.2,7.4,1.43,8.83,9.28,8.87,0.049,1.0,8.83,,0.0,0
2026-10-09 02:19:47Z,DAL,in,0.65,Q3 6:01,-11.0,7588,Javonte Williams,RB,18.2,12.9,6.74,19.64,19.37,19.28,0.092,1.0,19.64,,0.0,0
2026-10-09 02:20:47Z,DAL,in,0.656,Q3 5:40,-11.0,11533,Brandon Aubrey,K,9.8,5.0,3.25,8.25,8.25,8.38,0.156,1.0,8.25,,0.0,0
2026-10-09 02:20:47Z,DAL,in,0.656,Q3 5:40,-11.0,6786,CeeDee Lamb,WR,19.6,2.9,7.66,10.56,8.79,9.65,0.084,1.0,10.56,,0.0,0
2026-10-09 02:20:47Z,TB,in,0.656,Q3 5:40,11.0,11584,Bucky Irving,RB,11.1,25.7,5.54,31.24,31.11,29.52,0.031,1.0,31.24,,0.0,0
2026-10-09 02:20:47Z,DAL,in,0.656,Q3 5:40,-11.0,3294,Dak Prescott,QB,22.1,5.2,9.18,14.38,12.01,12.81,0.084,1.0,14.38,,0.0,0
2026-10-09 02:20:47Z,TB,in,0.656,Q3 5:40,11.0,8111,Cade Otton,TE,7.9,5.5,2.13,7.63,8.25,8.22,0.0,1.0,7.63,,0.0,0
2026-10-09 02:20:47Z,TB,in,0.656,Q3 5:40,11.0,4037,Chris Godwin,WR,8.0,7.0,2.24,9.24,9.91,9.76,0.156,1.0,9.24,,0.0,0
2026-10-09 02:20:47Z,DAL,in,0.656,Q3 5:40,-11.0,8110,Jake Ferguson,TE,8.8,1.2,3.43,4.63,3.84,4.23,0.156,1.0,4.63,,0.0,0
2026-10-09 02:20:47Z,TB,in,0.656,Q3 5:40,11.0,6650,Chase McLaughlin,K,6.7,3.0,2.19,5.19,5.19,5.31,0.031,1.0,5.19,,0.0,0
2026-10-09 02:20:47Z,TB,in,0.656,Q3 5:40,11.0,9506,Sean Tucker,RB,2.4,0.5,0.63,1.13,1.23,1.33,0.156,1.0,1.13,,0.0,0
2026-10-09 02:20:47Z,TB,in,0.656,Q3 5:40,11.0,12514,Emeka Egbuka,WR,9.1,16.0,3.04,19.04,20.0,19.13,0.014,1.0,19.04,,0.0,0
2026-10-09 02:20:47Z,DAL,in,0.656,Q3 5:40,-11.0,DAL,Dallas Cowboys D/ST,DST,7.3,1.0,0.38,1.38,3.19,3.51,0.016,1.0,1.38,,0.0,0
2026-10-09 02:20:47Z,DAL,in,0.656,Q3 5:40,-11.0,8137,George Pickens,WR,14.8,10.3,6.28,16.58,15.45,15.4,0.084,1.0,16.58,,0.0,0
2026-10-09 02:20:47Z,TB,in,0.656,Q3 5:40,11.0,TB,Tampa Bay Buccaneers D/ST,DST,3.1,8.0,-0.31,7.69,9.58,9.07,0.029,1.0,7.69,,0.0,0
2026-10-09 02:20:47Z,DAL,in,0.656,Q3 5:40,-11.0,8917,KaVontae Turpin,WR,2.0,-0.3,0.75,0.45,0.25,0.39,0.029,1.0,0.45,,0.0,0
2026-10-09 02:20:47Z,TB,in,0.656,Q3 5:40,11.0,10227,Payne Durham,TE,1.1,1.5,0.34,1.84,1.95,1.88,0.156,1.0,1.84,,0.0,0
2026-10-09 02:20:47Z,DAL,in,0.656,Q3 5:40,-11.0,11593,Brevyn Spann-Ford,TE,0.6,0.0,0.23,0.23,0.17,0.21,0.656,1.0,0.23,,0.0,0
2026-10-09 02:20:47Z,TB,in,0.656,Q3 5:40,11.0,13425,Jalon Daniels,QB,15.0,12.68,4.33,17.01,18.09,17.85,0.0,1.0,17.01,,0.0,0
2026-10-09 02:20:47Z,DAL,in,0.656,Q3 5:40,-11.0,11199,Emari Demercado,RB,3.7,0.0,1.05,1.05,1.07,1.27,0.656,1.0,1.05,,0.0,0
2026-10-09 02:20:47Z,DAL,in,0.656,Q3 5:40,-11.0,8162,Sam Howell,QB,0.9,0.0,0.35,0.35,0.26,0.31,0.656,0.3,0.1,,0.0,0
2026-10-09 02:20:47Z,DAL,in,0.656,Q3 5:40,-11.0,11783,Ryan Flournoy,WR,8.3,5.8,3.52,9.32,8.69,8.66,0.156,1.0,9.32,,0.0,0
2026-10-09 02:20:47Z,DAL,in,0.656,Q3 5:40,-11.0,10871,Luke Schoonmaker,TE,1.9,1.9,0.84,2.74,2.61,2.55,0.118,1.0,2.74,,0.0,0
2026-10-09 02:20:47Z,TB,in,0.656,Q3 5:40,11.0,13317,Ted Hurst,WR,4.5,0.0,1.02,1.02,1.3,1.55,0.656,1.0,1.02,,0.0,0
2026-10-09 02:20:47Z,TB,in,0.656,Q3 5:40,11.0,12485,Tez Johnson,WR,4.2,7.4,1.4,8.8,9.25,8.85,0.054,1.0,8.8,,0.0,0
2026-10-09 02:20:47Z,DAL,in,0.656,Q3 5:40,-11.0,7588,Javonte Williams,RB,18.2,12.9,6.63,19.53,19.25,19.17,0.098,1.0,19.53,,0.0,0
2026-10-09 02:21:47Z,DAL,in,0.656,Q3 5:40,-11.0,11533,Brandon Aubrey,K,9.8,5.0,3.25,8.25,8.25,8.38,0.156,1.0,8.25,,0.0,0
2026-10-09 02:21:47Z,DAL,in,0.656,Q3 5:40,-11.0,6786,CeeDee Lamb,WR,19.6,2.9,7.66,10.56,8.79,9.65,0.084,1.0,10.56,,0.0,0
2026-10-09 02:21:47Z,TB,in,0.656,Q3 5:40,11.0,11584,Bucky Irving,RB,11.1,25.7,5.54,31.24,31.11,29.52,0.031,1.0,31.24,,0.0,0
2026-10-09 02:21:47Z,DAL,in,0.656,Q3 5:40,-11.0,3294,Dak Prescott,QB,22.1,5.2,9.18,14.38,12.01,12.81,0.084,1.0,14.38,,0.0,0
2026-10-09 02:21:47Z,TB,in,0.656,Q3 5:40,11.0,8111,Cade Otton,TE,7.9,5.5,2.13,7.63,8.25,8.22,0.0,1.0,7.63,,0.0,0
2026-10-09 02:21:47Z,TB,in,0.656,Q3 5:40,11.0,4037,Chris Godwin,WR,8.0,7.0,2.24,9.24,9.91,9.76,0.156,1.0,9.24,,0.0,0
2026-10-09 02:21:47Z,DAL,in,0.656,Q3 5:40,-11.0,8110,Jake Ferguson,TE,8.8,1.2,3.43,4.63,3.84,4.23,0.156,1.0,4.63,,0.0,0
2026-10-09 02:21:47Z,TB,in,0.656,Q3 5:40,11.0,6650,Chase McLaughlin,K,6.7,3.0,2.19,5.19,5.19,5.31,0.031,1.0,5.19,,0.0,0
2026-10-09 02:21:47Z,TB,in,0.656,Q3 5:40,11.0,9506,Sean Tucker,RB,2.4,0.5,0.63,1.13,1.23,1.33,0.156,1.0,1.13,,0.0,0
2026-10-09 02:21:47Z,TB,in,0.656,Q3 5:40,11.0,12514,Emeka Egbuka,WR,9.1,16.0,3.04,19.04,20.0,19.13,0.014,1.0,19.04,,0.0,0
2026-10-09 02:21:47Z,DAL,in,0.656,Q3 5:40,-11.0,DAL,Dallas Cowboys D/ST,DST,7.3,1.0,0.38,1.38,3.19,3.51,0.016,1.0,1.38,,0.0,0
2026-10-09 02:21:47Z,DAL,in,0.656,Q3 5:40,-11.0,8137,George Pickens,WR,14.8,10.3,6.28,16.58,15.45,15.4,0.084,1.0,16.58,,0.0,0
2026-10-09 02:21:47Z,TB,in,0.656,Q3 5:40,11.0,TB,Tampa Bay Buccaneers D/ST,DST,3.1,8.0,-0.31,7.69,9.58,9.07,0.029,1.0,7.69,,0.0,0
2026-10-09 02:21:47Z,DAL,in,0.656,Q3 5:40,-11.0,8917,KaVontae Turpin,WR,2.0,-0.3,0.75,0.45,0.25,0.39,0.029,1.0,0.45,,0.0,0
2026-10-09 02:21:47Z,TB,in,0.656,Q3 5:40,11.0,10227,Payne Durham,TE,1.1,1.5,0.34,1.84,1.95,1.88,0.156,1.0,1.84,,0.0,0
2026-10-09 02:21:47Z,DAL,in,0.656,Q3 5:40,-11.0,11593,Brevyn Spann-Ford,TE,0.6,0.0,0.23,0.23,0.17,0.21,0.656,1.0,0.23,,0.0,0
2026-10-09 02:21:47Z,TB,in,0.656,Q3 5:40,11.0,13425,Jalon Daniels,QB,15.0,12.68,4.33,17.01,18.09,17.85,0.0,1.0,17.01,,0.0,0
2026-10-09 02:21:47Z,DAL,in,0.656,Q3 5:40,-11.0,11199,Emari Demercado,RB,3.7,0.0,1.05,1.05,1.07,1.27,0.656,1.0,1.05,,0.0,0
2026-10-09 02:21:47Z,DAL,in,0.656,Q3 5:40,-11.0,8162,Sam Howell,QB,0.9,0.0,0.35,0.35,0.26,0.31,0.656,0.3,0.1,,0.0,0
2026-10-09 02:21:47Z,DAL,in,0.656,Q3 5:40,-11.0,11783,Ryan Flournoy,WR,8.3,5.8,3.52,9.32,8.69,8.66,0.156,1.0,9.32,,0.0,0
2026-10-09 02:21:47Z,DAL,in,0.656,Q3 5:40,-11.0,10871,Luke Schoonmaker,TE,1.9,1.9,0.84,2.74,2.61,2.55,0.118,1.0,2.74,,0.0,0
2026-10-09 02:21:47Z,TB,in,0.656,Q3 5:40,11.0,13317,Ted Hurst,WR,4.5,0.0,1.02,1.02,1.3,1.55,0.656,1.0,1.02,,0.0,0
2026-10-09 02:21:47Z,TB,in,0.656,Q3 5:40,11.0,12485,Tez Johnson,WR,4.2,7.4,1.4,8.8,9.25,8.85,0.054,1.0,8.8,,0.0,0
2026-10-09 02:21:47Z,DAL,in,0.656,Q3 5:40,-11.0,7588,Javonte Williams,RB,18.2,12.9,6.63,19.53,19.25,19.17,0.098,1.0,19.53,,0.0,0
2026-10-09 02:22:47Z,DAL,in,0.656,Q3 5:40,-11.0,11533,Brandon Aubrey,K,9.8,5.0,3.25,8.25,8.25,8.38,0.156,1.0,8.25,,0.0,0
2026-10-09 02:22:47Z,DAL,in,0.656,Q3 5:40,-11.0,6786,CeeDee Lamb,WR,19.6,2.9,7.66,10.56,8.79,9.65,0.084,1.0,10.56,,0.0,0
2026-10-09 02:22:47Z,TB,in,0.656,Q3 5:40,11.0,11584,Bucky Irving,RB,11.1,25.7,5.54,31.24,31.11,29.52,0.031,1.0,31.24,,0.0,0
2026-10-09 02:22:47Z,DAL,in,0.656,Q3 5:40,-11.0,3294,Dak Prescott,QB,22.1,5.2,9.18,14.38,12.01,12.81,0.084,1.0,14.38,,0.0,0
2026-10-09 02:22:47Z,TB,in,0.656,Q3 5:40,11.0,8111,Cade Otton,TE,7.9,5.5,2.13,7.63,8.25,8.22,0.0,1.0,7.63,,0.0,0
2026-10-09 02:22:47Z,TB,in,0.656,Q3 5:40,11.0,4037,Chris Godwin,WR,8.0,7.0,2.24,9.24,9.91,9.76,0.156,1.0,9.24,,0.0,0
2026-10-09 02:22:47Z,DAL,in,0.656,Q3 5:40,-11.0,8110,Jake Ferguson,TE,8.8,1.2,3.43,4.63,3.84,4.23,0.156,1.0,4.63,,0.0,0
2026-10-09 02:22:47Z,TB,in,0.656,Q3 5:40,11.0,6650,Chase McLaughlin,K,6.7,3.0,2.19,5.19,5.19,5.31,0.031,1.0,5.19,,0.0,0
2026-10-09 02:22:47Z,TB,in,0.656,Q3 5:40,11.0,9506,Sean Tucker,RB,2.4,0.5,0.63,1.13,1.23,1.33,0.156,1.0,1.13,,0.0,0
2026-10-09 02:22:47Z,TB,in,0.656,Q3 5:40,11.0,12514,Emeka Egbuka,WR,9.1,16.0,3.04,19.04,20.0,19.13,0.014,1.0,19.04,,0.0,0
2026-10-09 02:22:47Z,DAL,in,0.656,Q3 5:40,-11.0,DAL,Dallas Cowboys D/ST,DST,7.3,1.0,0.38,1.38,3.19,3.51,0.016,1.0,1.38,,0.0,0
2026-10-09 02:22:47Z,DAL,in,0.656,Q3 5:40,-11.0,8137,George Pickens,WR,14.8,10.3,6.28,16.58,15.45,15.4,0.084,1.0,16.58,,0.0,0
2026-10-09 02:22:47Z,TB,in,0.656,Q3 5:40,11.0,TB,Tampa Bay Buccaneers D/ST,DST,3.1,8.0,-0.31,7.69,9.58,9.07,0.029,1.0,7.69,,0.0,0
2026-10-09 02:22:47Z,DAL,in,0.656,Q3 5:40,-11.0,8917,KaVontae Turpin,WR,2.0,-0.3,0.75,0.45,0.25,0.39,0.029,1.0,0.45,,0.0,0
2026-10-09 02:22:47Z,TB,in,0.656,Q3 5:40,11.0,10227,Payne Durham,TE,1.1,1.5,0.34,1.84,1.95,1.88,0.156,1.0,1.84,,0.0,0
2026-10-09 02:22:47Z,DAL,in,0.656,Q3 5:40,-11.0,11593,Brevyn Spann-Ford,TE,0.6,0.0,0.23,0.23,0.17,0.21,0.656,1.0,0.23,,0.0,0
2026-10-09 02:22:47Z,TB,in,0.656,Q3 5:40,11.0,13425,Jalon Daniels,QB,15.0,12.68,4.33,17.01,18.09,17.85,0.0,1.0,17.01,,0.0,0
2026-10-09 02:22:47Z,DAL,in,0.656,Q3 5:40,-11.0,11199,Emari Demercado,RB,3.7,0.0,1.05,1.05,1.07,1.27,0.656,1.0,1.05,,0.0,0
2026-10-09 02:22:47Z,DAL,in,0.656,Q3 5:40,-11.0,8162,Sam Howell,QB,0.9,0.0,0.35,0.35,0.26,0.31,0.656,0.3,0.1,,0.0,0
2026-10-09 02:22:47Z,DAL,in,0.656,Q3 5:40,-11.0,11783,Ryan Flournoy,WR,8.3,5.8,3.52,9.32,8.69,8.66,0.156,1.0,9.32,,0.0,0
2026-10-09 02:22:47Z,DAL,in,0.656,Q3 5:40,-11.0,10871,Luke Schoonmaker,TE,1.9,1.9,0.84,2.74,2.61,2.55,0.118,1.0,2.74,,0.0,0
2026-10-09 02:22:47Z,TB,in,0.656,Q3 5:40,11.0,13317,Ted Hurst,WR,4.5,0.0,1.02,1.02,1.3,1.55,0.656,1.0,1.02,,0.0,0
2026-10-09 02:22:47Z,TB,in,0.656,Q3 5:40,11.0,12485,Tez Johnson,WR,4.2,7.4,1.4,8.8,9.25,8.85,0.054,1.0,8.8,,0.0,0
2026-10-09 02:22:47Z,DAL,in,0.656,Q3 5:40,-11.0,7588,Javonte Williams,RB,18.2,12.9,6.63,19.53,19.25,19.17,0.098,1.0,19.53,,0.0,0
2026-10-09 02:23:48Z,DAL,in,0.664,Q3 5:09,-11.0,11533,Brandon Aubrey,K,9.8,5.0,3.16,8.16,8.16,8.29,0.164,1.0,8.16,,0.0,0
2026-10-09 02:23:48Z,DAL,in,0.664,Q3 5:09,-11.0,6786,CeeDee Lamb,WR,19.6,2.9,7.51,10.41,8.63,9.48,0.093,1.0,10.41,,0.0,0
2026-10-09 02:23:48Z,TB,in,0.664,Q3 5:09,11.0,11584,Bucky Irving,RB,11.1,25.7,5.39,31.09,30.97,29.43,0.039,1.0,31.09,,0.0,0
2026-10-09 02:23:48Z,DAL,in,0.664,Q3 5:09,-11.0,3294,Dak Prescott,QB,22.1,5.2,8.99,14.19,11.83,12.62,0.093,1.0,14.19,,0.0,0
2026-10-09 02:23:48Z,TB,in,0.664,Q3 5:09,11.0,8111,Cade Otton,TE,7.9,5.5,2.07,7.57,8.17,8.15,0.009,1.0,7.57,,0.0,0
2026-10-09 02:23:48Z,TB,in,0.664,Q3 5:09,11.0,4037,Chris Godwin,WR,8.0,7.0,2.18,9.18,9.83,9.69,0.164,1.0,9.18,,0.0,0
2026-10-09 02:23:48Z,DAL,in,0.664,Q3 5:09,-11.0,8110,Jake Ferguson,TE,8.8,1.2,3.36,4.56,3.77,4.16,0.164,1.0,4.56,,0.0,0
2026-10-09 02:23:48Z,TB,in,0.664,Q3 5:09,11.0,6650,Chase McLaughlin,K,6.7,3.0,2.13,5.13,5.13,5.25,0.039,1.0,5.13,,0.0,0
2026-10-09 02:23:48Z,TB,in,0.664,Q3 5:09,11.0,9506,Sean Tucker,RB,2.4,0.5,0.62,1.12,1.21,1.31,0.164,1.0,1.12,,0.0,0
2026-10-09 02:23:48Z,TB,in,0.664,Q3 5:09,11.0,12514,Emeka Egbuka,WR,9.1,16.0,2.96,18.96,19.89,19.06,0.023,1.0,18.96,,0.0,0
2026-10-09 02:23:48Z,DAL,in,0.664,Q3 5:09,-11.0,DAL,Dallas Cowboys D/ST,DST,7.3,1.0,0.37,1.37,3.13,3.45,0.024,1.0,1.37,,0.0,0
2026-10-09 02:23:48Z,DAL,in,0.664,Q3 5:09,-11.0,8137,George Pickens,WR,14.8,10.3,6.16,16.46,15.31,15.27,0.093,1.0,16.46,,0.0,0
2026-10-09 02:23:48Z,TB,in,0.664,Q3 5:09,11.0,TB,Tampa Bay Buccaneers D/ST,DST,3.1,8.0,-0.3,7.7,9.54,9.04,0.037,1.0,7.7,,0.0,0
2026-10-09 02:23:48Z,DAL,in,0.664,Q3 5:09,-11.0,8917,KaVontae Turpin,WR,2.0,-0.3,0.73,0.43,0.23,0.37,0.037,1.0,0.43,,0.0,0
2026-10-09 02:23:48Z,TB,in,0.664,Q3 5:09,11.0,10227,Payne Durham,TE,1.1,1.5,0.33,1.83,1.93,1.87,0.164,1.0,1.83,,0.0,0
2026-10-09 02:23:48Z,DAL,in,0.664,Q3 5:09,-11.0,11593,Brevyn Spann-Ford,TE,0.6,0.0,0.22,0.22,0.17,0.2,0.664,1.0,0.22,,0.0,0
2026-10-09 02:23:48Z,TB,in,0.664,Q3 5:09,11.0,13425,Jalon Daniels,QB,15.0,12.48,4.18,16.66,17.73,17.52,0.0,1.0,16.66,,0.0,0
2026-10-09 02:23:48Z,DAL,in,0.664,Q3 5:09,-11.0,11199,Emari Demercado,RB,3.7,0.0,1.03,1.03,1.04,1.24,0.664,1.0,1.03,,0.0,0
2026-10-09 02:23:48Z,DAL,in,0.664,Q3 5:09,-11.0,8162,Sam Howell,QB,0.9,0.0,0.34,0.34,0.25,0.3,0.664,0.3,0.1,,0.0,0
2026-10-09 02:23:48Z,DAL,in,0.664,Q3 5:09,-11.0,11783,Ryan Flournoy,WR,8.3,5.8,3.45,9.25,8.61,8.59,0.164,1.0,9.25,,0.0,0
2026-10-09 02:23:48Z,DAL,in,0.664,Q3 5:09,-11.0,10871,Luke Schoonmaker,TE,1.9,1.9,0.83,2.73,2.59,2.54,0.127,1.0,2.73,,0.0,0
2026-10-09 02:23:48Z,TB,in,0.664,Q3 5:09,11.0,13317,Ted Hurst,WR,4.5,0.0,0.99,0.99,1.26,1.51,0.664,1.0,0.99,,0.0,0
2026-10-09 02:23:48Z,TB,in,0.664,Q3 5:09,11.0,12485,Tez Johnson,WR,4.2,7.4,1.37,8.77,9.2,8.81,0.063,1.0,8.77,,0.0,0
2026-10-09 02:23:48Z,DAL,in,0.664,Q3 5:09,-11.0,7588,Javonte Williams,RB,18.2,12.9,6.47,19.37,19.08,19.01,0.106,1.0,19.37,,0.0,0
2026-10-09 02:24:48Z,DAL,in,0.676,Q3 4:25,-11.0,11533,Brandon Aubrey,K,9.8,5.0,3.04,8.04,8.04,8.17,0.176,1.0,8.04,,0.0,0
2026-10-09 02:24:48Z,DAL,in,0.676,Q3 4:25,-11.0,6786,CeeDee Lamb,WR,19.6,2.9,7.28,10.18,8.4,9.24,0.105,1.0,10.18,,0.0,0
2026-10-09 02:24:48Z,TB,in,0.676,Q3 4:25,11.0,11584,Bucky Irving,RB,11.1,25.7,5.18,30.88,30.76,29.29,0.052,1.0,30.88,,0.0,0
2026-10-09 02:24:48Z,DAL,in,0.676,Q3 4:25,-11.0,3294,Dak Prescott,QB,22.1,5.2,8.71,13.91,11.56,12.35,0.105,1.0,13.91,,0.0,0
2026-10-09 02:24:48Z,TB,in,0.676,Q3 4:25,11.0,8111,Cade Otton,TE,7.9,5.5,1.99,7.49,8.07,8.06,0.021,1.0,7.49,,0.0,0
2026-10-09 02:24:48Z,TB,in,0.676,Q3 4:25,11.0,4037,Chris Godwin,WR,8.0,7.0,2.1,9.1,9.72,9.59,0.176,1.0,9.1,,0.0,0
2026-10-09 02:24:48Z,DAL,in,0.676,Q3 4:25,-11.0,8110,Jake Ferguson,TE,8.8,1.2,3.26,4.46,3.66,4.05,0.176,1.0,4.46,,0.0,0
2026-10-09 02:24:48Z,TB,in,0.676,Q3 4:25,11.0,6650,Chase McLaughlin,K,6.7,3.0,2.04,5.04,5.04,5.17,0.052,1.0,5.04,,0.0,0
2026-10-09 02:24:48Z,TB,in,0.676,Q3 4:25,11.0,9506,Sean Tucker,RB,2.4,0.5,0.59,1.09,1.19,1.28,0.176,1.0,1.09,,0.0,0
2026-10-09 02:24:48Z,TB,in,0.676,Q3 4:25,11.0,12514,Emeka Egbuka,WR,9.1,16.0,2.86,18.86,19.74,18.94,0.035,1.0,18.86,,0.0,0
2026-10-09 02:24:48Z,DAL,in,0.676,Q3 4:25,-11.0,DAL,Dallas Cowboys D/ST,DST,7.3,1.0,0.36,1.36,3.04,3.36,0.036,1.0,1.36,,0.0,0
2026-10-09 02:24:48Z,DAL,in,0.676,Q3 4:25,-11.0,8137,George Pickens,WR,14.8,10.3,5.98,16.28,15.11,15.09,0.105,1.0,16.28,,0.0,0
2026-10-09 02:24:48Z,TB,in,0.676,Q3 4:25,11.0,TB,Tampa Bay Buccaneers D/ST,DST,3.1,8.0,-0.28,7.72,9.48,9.0,0.05,1.0,7.72,,0.0,0
2026-10-09 02:24:48Z,DAL,in,0.676,Q3 4:25,-11.0,8917,KaVontae Turpin,WR,2.0,-0.3,0.71,0.41,0.21,0.35,0.05,1.0,0.41,,0.0,0
2026-10-09 02:24:48Z,TB,in,0.676,Q3 4:25,11.0,10227,Payne Durham,TE,1.1,1.5,0.32,1.82,1.92,1.86,0.176,1.0,1.82,,0.0,0
2026-10-09 02:24:48Z,DAL,in,0.676,Q3 4:25,-11.0,11593,Brevyn Spann-Ford,TE,0.6,0.0,0.22,0.22,0.16,0.19,0.676,1.0,0.22,,0.0,0
2026-10-09 02:24:48Z,TB,in,0.676,Q3 4:25,11.0,13425,Jalon Daniels,QB,15.0,12.48,4.01,16.49,17.52,17.33,0.012,1.0,16.49,,0.0,0
2026-10-09 02:24:48Z,DAL,in,0.676,Q3 4:25,-11.0,11199,Emari Demercado,RB,3.7,0.0,0.99,0.99,0.99,1.2,0.676,1.0,0.99,,0.0,0
2026-10-09 02:24:48Z,DAL,in,0.676,Q3 4:25,-11.0,8162,Sam Howell,QB,0.9,0.0,0.33,0.33,0.24,0.29,0.676,0.3,0.1,,0.0,0
2026-10-09 02:24:48Z,DAL,in,0.676,Q3 4:25,-11.0,11783,Ryan Flournoy,WR,8.3,5.8,3.35,9.15,8.5,8.49,0.176,1.0,9.15,,0.0,0
2026-10-09 02:24:48Z,DAL,in,0.676,Q3 4:25,-11.0,10871,Luke Schoonmaker,TE,1.9,1.9,0.8,2.7,2.56,2.51,0.139,1.0,2.7,,0.0,0
2026-10-09 02:24:48Z,TB,in,0.676,Q3 4:25,11.0,13317,Ted Hurst,WR,4.5,0.0,0.95,0.95,1.21,1.46,0.676,1.0,0.95,,0.0,0
2026-10-09 02:24:48Z,TB,in,0.676,Q3 4:25,11.0,12485,Tez Johnson,WR,4.2,7.4,1.32,8.72,9.13,8.76,0.075,1.0,8.72,,0.0,0
2026-10-09 02:24:48Z,DAL,in,0.676,Q3 4:25,-11.0,7588,Javonte Williams,RB,18.2,12.9,6.23,19.13,18.84,18.79,0.119,1.0,19.13,,0.0,0
2026-10-09 02:25:48Z,DAL,in,0.701,Q3 2:58,-14.0,11533,Brandon Aubrey,K,9.8,5.0,2.79,7.79,7.79,7.93,0.201,1.0,7.79,,0.0,0
2026-10-09 02:25:48Z,DAL,in,0.701,Q3 2:58,-14.0,6786,CeeDee Lamb,WR,19.6,2.9,7.23,10.13,7.96,8.77,0.129,1.0,10.13,,0.0,0
2026-10-09 02:25:48Z,TB,in,0.701,Q3 2:58,14.0,11584,Bucky Irving,RB,11.1,25.7,4.7,30.4,30.37,29.02,0.076,1.0,30.4,,0.0,0
2026-10-09 02:25:48Z,DAL,in,0.701,Q3 2:58,-14.0,3294,Dak Prescott,QB,22.1,5.2,8.7,13.9,11.05,11.82,0.129,1.0,13.9,,0.0,0
2026-10-09 02:25:48Z,TB,in,0.701,Q3 2:58,14.0,8111,Cade Otton,TE,7.9,5.5,1.67,7.17,7.86,7.87,0.045,1.0,7.17,,0.0,0
2026-10-09 02:25:48Z,TB,in,0.701,Q3 2:58,14.0,4037,Chris Godwin,WR,8.0,7.0,1.77,8.77,9.5,9.4,0.201,1.0,8.77,,0.0,0
2026-10-09 02:25:48Z,DAL,in,0.701,Q3 2:58,-14.0,8110,Jake Ferguson,TE,8.8,1.2,3.24,4.44,3.46,3.84,0.201,1.0,4.44,,0.0,0
2026-10-09 02:25:48Z,TB,in,0.701,Q3 2:58,14.0,6650,Chase McLaughlin,K,6.7,3.0,1.88,4.88,4.88,5.01,0.076,1.0,4.88,,0.0,0
2026-10-09 02:25:48Z,TB,in,0.701,Q3 2:58,14.0,9506,Sean Tucker,RB,2.4,0.5,0.53,1.03,1.13,1.22,0.201,0.999,1.03,,0.0,0
2026-10-09 02:25:48Z,TB,in,0.701,Q3 2:58,14.0,12514,Emeka Egbuka,WR,9.1,16.0,2.46,18.46,19.45,18.72,0.059,1.0,18.46,,0.0,0
2026-10-09 02:25:48Z,DAL,in,0.701,Q3 2:58,-14.0,DAL,Dallas Cowboys D/ST,DST,7.3,1.0,0.25,1.25,2.88,3.19,0.061,1.0,1.25,,0.0,0
2026-10-09 02:25:48Z,DAL,in,0.701,Q3 2:58,-14.0,8137,George Pickens,WR,14.8,10.3,5.91,16.21,14.73,14.73,0.129,1.0,16.21,,0.0,0
2026-10-09 02:25:48Z,TB,in,0.701,Q3 2:58,14.0,TB,Tampa Bay Buccaneers D/ST,DST,3.1,8.0,-0.19,7.81,9.36,8.93,0.074,1.0,7.81,,0.0,0
2026-10-09 02:25:48Z,DAL,in,0.701,Q3 2:58,-14.0,8917,KaVontae Turpin,WR,2.0,-0.3,0.7,0.4,0.17,0.3,0.074,1.0,0.4,,0.0,0
2026-10-09 02:25:48Z,TB,in,0.701,Q3 2:58,14.0,10227,Payne Durham,TE,1.1,1.5,0.27,1.77,1.88,1.83,0.201,1.0,1.77,,0.0,0
2026-10-09 02:25:48Z,DAL,in,0.701,Q3 2:58,-14.0,11593,Brevyn Spann-Ford,TE,0.6,0.0,0.22,0.22,0.15,0.18,0.701,1.0,0.22,,0.0,0
2026-10-09 02:25:48Z,TB,in,0.701,Q3 2:58,14.0,13425,Jalon Daniels,QB,15.0,12.48,3.3,15.78,17.12,16.97,0.036,1.0,15.78,,0.0,0
2026-10-09 02:25:48Z,DAL,in,0.701,Q3 2:58,-14.0,11199,Emari Demercado,RB,3.7,0.0,0.94,0.94,0.91,1.11,0.701,1.0,0.94,,0.0,0
2026-10-09 02:25:48Z,DAL,in,0.701,Q3 2:58,-14.0,8162,Sam Howell,QB,0.9,0.0,0.33,0.33,0.22,0.27,0.701,0.3,0.1,,0.0,0
2026-10-09 02:25:48Z,DAL,in,0.701,Q3 2:58,-14.0,11783,Ryan Flournoy,WR,8.3,5.8,3.32,9.12,8.28,8.29,0.201,1.0,9.12,,0.0,0
2026-10-09 02:25:48Z,DAL,in,0.701,Q3 2:58,-14.0,10871,Luke Schoonmaker,TE,1.9,1.9,0.79,2.69,2.51,2.47,0.163,1.0,2.69,,0.0,0
2026-10-09 02:25:48Z,TB,in,0.701,Q3 2:58,14.0,13317,Ted Hurst,WR,4.5,0.0,0.77,0.77,1.11,1.35,0.701,1.0,0.77,,0.0,0
2026-10-09 02:25:48Z,TB,in,0.701,Q3 2:58,14.0,12485,Tez Johnson,WR,4.2,7.4,1.14,8.54,8.99,8.66,0.099,1.0,8.54,,0.0,0
2026-10-09 02:25:48Z,DAL,in,0.701,Q3 2:58,-14.0,7588,Javonte Williams,RB,18.2,12.9,5.88,18.78,18.36,18.35,0.143,1.0,18.78,,0.0,0
2026-10-09 02:26:49Z,DAL,in,0.701,Q3 2:58,-14.0,11533,Brandon Aubrey,K,9.8,5.0,2.79,7.79,7.79,7.93,0.201,1.0,7.79,,0.0,0
2026-10-09 02:26:49Z,DAL,in,0.701,Q3 2:58,-14.0,6786,CeeDee Lamb,WR,19.6,2.9,7.23,10.13,7.96,8.77,0.129,1.0,10.13,,0.0,0
2026-10-09 02:26:49Z,TB,in,0.701,Q3 2:58,14.0,11584,Bucky Irving,RB,11.1,25.7,4.7,30.4,30.37,29.02,0.076,1.0,30.4,,0.0,0
2026-10-09 02:26:49Z,DAL,in,0.701,Q3 2:58,-14.0,3294,Dak Prescott,QB,22.1,5.2,8.7,13.9,11.05,11.82,0.129,1.0,13.9,,0.0,0
2026-10-09 02:26:49Z,TB,in,0.701,Q3 2:58,14.0,8111,Cade Otton,TE,7.9,5.5,1.67,7.17,7.86,7.87,0.045,1.0,7.17,,0.0,0
2026-10-09 02:26:49Z,TB,in,0.701,Q3 2:58,14.0,4037,Chris Godwin,WR,8.0,7.0,1.77,8.77,9.5,9.4,0.201,1.0,8.77,,0.0,0
2026-10-09 02:26:49Z,DAL,in,0.701,Q3 2:58,-14.0,8110,Jake Ferguson,TE,8.8,1.2,3.24,4.44,3.46,3.84,0.201,1.0,4.44,,0.0,0
2026-10-09 02:26:49Z,TB,in,0.701,Q3 2:58,14.0,6650,Chase McLaughlin,K,6.7,7.0,2.18,9.18,9.18,9.01,0.0,1.0,9.18,,0.0,0
2026-10-09 02:26:49Z,TB,in,0.701,Q3 2:58,14.0,9506,Sean Tucker,RB,2.4,0.5,0.53,1.03,1.13,1.22,0.201,0.999,1.03,,0.0,0
2026-10-09 02:26:49Z,TB,in,0.701,Q3 2:58,14.0,12514,Emeka Egbuka,WR,9.1,16.0,2.46,18.46,19.45,18.72,0.059,1.0,18.46,,0.0,0
2026-10-09 02:26:49Z,DAL,in,0.701,Q3 2:58,-14.0,DAL,Dallas Cowboys D/ST,DST,7.3,1.0,0.25,1.25,2.88,3.19,0.061,1.0,1.25,,0.0,0
2026-10-09 02:26:49Z,DAL,in,0.701,Q3 2:58,-14.0,8137,George Pickens,WR,14.8,10.3,5.91,16.21,14.73,14.73,0.129,1.0,16.21,,0.0,0
2026-10-09 02:26:49Z,TB,in,0.701,Q3 2:58,14.0,TB,Tampa Bay Buccaneers D/ST,DST,3.1,8.0,-0.19,7.81,9.36,8.93,0.074,1.0,7.81,,0.0,0
2026-10-09 02:26:49Z,DAL,in,0.701,Q3 2:58,-14.0,8917,KaVontae Turpin,WR,2.0,-0.3,0.7,0.4,0.17,0.3,0.074,1.0,0.4,,0.0,0
2026-10-09 02:26:49Z,TB,in,0.701,Q3 2:58,14.0,10227,Payne Durham,TE,1.1,1.5,0.27,1.77,1.88,1.83,0.201,1.0,1.77,,0.0,0
2026-10-09 02:26:49Z,DAL,in,0.701,Q3 2:58,-14.0,11593,Brevyn Spann-Ford,TE,0.6,0.0,0.22,0.22,0.15,0.18,0.701,1.0,0.22,,0.0,0
2026-10-09 02:26:49Z,TB,in,0.701,Q3 2:58,14.0,13425,Jalon Daniels,QB,15.0,12.48,3.3,15.78,17.12,16.97,0.036,1.0,15.78,,0.0,0
2026-10-09 02:26:49Z,DAL,in,0.701,Q3 2:58,-14.0,11199,Emari Demercado,RB,3.7,0.0,0.94,0.94,0.91,1.11,0.701,1.0,0.94,,0.0,0
2026-10-09 02:26:49Z,DAL,in,0.701,Q3 2:58,-14.0,8162,Sam Howell,QB,0.9,0.0,0.33,0.33,0.22,0.27,0.701,0.3,0.1,,0.0,0
2026-10-09 02:26:49Z,DAL,in,0.701,Q3 2:58,-14.0,11783,Ryan Flournoy,WR,8.3,5.8,3.32,9.12,8.28,8.29,0.201,1.0,9.12,,0.0,0
2026-10-09 02:26:49Z,DAL,in,0.701,Q3 2:58,-14.0,10871,Luke Schoonmaker,TE,1.9,1.9,0.79,2.69,2.51,2.47,0.163,1.0,2.69,,0.0,0
2026-10-09 02:26:49Z,TB,in,0.701,Q3 2:58,14.0,13317,Ted Hurst,WR,4.5,0.0,0.77,0.77,1.11,1.35,0.701,1.0,0.77,,0.0,0
2026-10-09 02:26:49Z,TB,in,0.701,Q3 2:58,14.0,12485,Tez Johnson,WR,4.2,7.4,1.14,8.54,8.99,8.66,0.099,1.0,8.54,,0.0,0
2026-10-09 02:26:49Z,DAL,in,0.701,Q3 2:58,-14.0,7588,Javonte Williams,RB,18.2,12.9,5.88,18.78,18.36,18.35,0.143,1.0,18.78,,0.0,0
2026-10-09 02:27:49Z,DAL,in,0.701,Q3 2:58,-14.0,11533,Brandon Aubrey,K,9.8,5.0,2.79,7.79,7.79,7.93,0.201,1.0,7.79,,0.0,0
2026-10-09 02:27:49Z,DAL,in,0.701,Q3 2:58,-14.0,6786,CeeDee Lamb,WR,19.6,2.9,7.23,10.13,7.96,8.77,0.129,1.0,10.13,,0.0,0
2026-10-09 02:27:49Z,TB,in,0.701,Q3 2:58,14.0,11584,Bucky Irving,RB,11.1,25.7,4.7,30.4,30.37,29.02,0.076,1.0,30.4,,0.0,0
2026-10-09 02:27:49Z,DAL,in,0.701,Q3 2:58,-14.0,3294,Dak Prescott,QB,22.1,5.2,8.7,13.9,11.05,11.82,0.129,1.0,13.9,,0.0,0
2026-10-09 02:27:49Z,TB,in,0.701,Q3 2:58,14.0,8111,Cade Otton,TE,7.9,5.5,1.67,7.17,7.86,7.87,0.045,1.0,7.17,,0.0,0
2026-10-09 02:27:49Z,TB,in,0.701,Q3 2:58,14.0,4037,Chris Godwin,WR,8.0,7.0,1.77,8.77,9.5,9.4,0.201,1.0,8.77,,0.0,0
2026-10-09 02:27:49Z,DAL,in,0.701,Q3 2:58,-14.0,8110,Jake Ferguson,TE,8.8,1.2,3.24,4.44,3.46,3.84,0.201,1.0,4.44,,0.0,0
2026-10-09 02:27:49Z,TB,in,0.701,Q3 2:58,14.0,6650,Chase McLaughlin,K,6.7,7.0,2.18,9.18,9.18,9.01,0.0,1.0,9.18,,0.0,0
2026-10-09 02:27:49Z,TB,in,0.701,Q3 2:58,14.0,9506,Sean Tucker,RB,2.4,0.5,0.53,1.03,1.13,1.22,0.201,0.999,1.03,,0.0,0
2026-10-09 02:27:49Z,TB,in,0.701,Q3 2:58,14.0,12514,Emeka Egbuka,WR,9.1,16.0,2.46,18.46,19.45,18.72,0.059,1.0,18.46,,0.0,0
2026-10-09 02:27:49Z,DAL,in,0.701,Q3 2:58,-14.0,DAL,Dallas Cowboys D/ST,DST,7.3,1.0,0.25,1.25,2.88,3.19,0.061,1.0,1.25,,0.0,0
2026-10-09 02:27:49Z,DAL,in,0.701,Q3 2:58,-14.0,8137,George Pickens,WR,14.8,10.3,5.91,16.21,14.73,14.73,0.129,1.0,16.21,,0.0,0
2026-10-09 02:27:49Z,TB,in,0.701,Q3 2:58,14.0,TB,Tampa Bay Buccaneers D/ST,DST,3.1,8.0,-0.19,7.81,9.36,8.93,0.074,1.0,7.81,,0.0,0
2026-10-09 02:27:49Z,DAL,in,0.701,Q3 2:58,-14.0,8917,KaVontae Turpin,WR,2.0,-0.3,0.7,0.4,0.17,0.3,0.074,1.0,0.4,,0.0,0
2026-10-09 02:27:49Z,TB,in,0.701,Q3 2:58,14.0,10227,Payne Durham,TE,1.1,1.5,0.27,1.77,1.88,1.83,0.201,1.0,1.77,,0.0,0
2026-10-09 02:27:49Z,DAL,in,0.701,Q3 2:58,-14.0,11593,Brevyn Spann-Ford,TE,0.6,0.0,0.22,0.22,0.15,0.18,0.701,1.0,0.22,,0.0,0
2026-10-09 02:27:49Z,TB,in,0.701,Q3 2:58,14.0,13425,Jalon Daniels,QB,15.0,12.48,3.3,15.78,17.12,16.97,0.036,1.0,15.78,,0.0,0
2026-10-09 02:27:49Z,DAL,in,0.701,Q3 2:58,-14.0,11199,Emari Demercado,RB,3.7,0.0,0.94,0.94,0.91,1.11,0.701,1.0,0.94,,0.0,0
2026-10-09 02:27:49Z,DAL,in,0.701,Q3 2:58,-14.0,8162,Sam Howell,QB,0.9,0.0,0.33,0.33,0.22,0.27,0.701,0.3,0.1,,0.0,0
2026-10-09 02:27:49Z,DAL,in,0.701,Q3 2:58,-14.0,11783,Ryan Flournoy,WR,8.3,5.8,3.32,9.12,8.28,8.29,0.201,1.0,9.12,,0.0,0
2026-10-09 02:27:49Z,DAL,in,0.701,Q3 2:58,-14.0,10871,Luke Schoonmaker,TE,1.9,1.9,0.79,2.69,2.51,2.47,0.163,1.0,2.69,,0.0,0
2026-10-09 02:27:49Z,TB,in,0.701,Q3 2:58,14.0,13317,Ted Hurst,WR,4.5,0.0,0.77,0.77,1.11,1.35,0.701,1.0,0.77,,0.0,0
2026-10-09 02:27:49Z,TB,in,0.701,Q3 2:58,14.0,12485,Tez Johnson,WR,4.2,7.4,1.14,8.54,8.99,8.66,0.099,1.0,8.54,,0.0,0
2026-10-09 02:27:49Z,DAL,in,0.701,Q3 2:58,-14.0,7588,Javonte Williams,RB,18.2,12.9,5.88,18.78,18.36,18.35,0.143,1.0,18.78,,0.0,0
2026-10-09 02:28:49Z,DAL,in,0.701,Q3 2:58,-14.0,11533,Brandon Aubrey,K,9.8,5.0,2.79,7.79,7.79,7.93,0.201,1.0,7.79,,0.0,0
2026-10-09 02:28:49Z,DAL,in,0.701,Q3 2:58,-14.0,6786,CeeDee Lamb,WR,19.6,2.9,7.23,10.13,7.96,8.77,0.129,1.0,10.13,,0.0,0
2026-10-09 02:28:49Z,TB,in,0.701,Q3 2:58,14.0,11584,Bucky Irving,RB,11.1,25.7,4.7,30.4,30.37,29.02,0.076,1.0,30.4,,0.0,0
2026-10-09 02:28:49Z,DAL,in,0.701,Q3 2:58,-14.0,3294,Dak Prescott,QB,22.1,5.2,8.7,13.9,11.05,11.82,0.129,1.0,13.9,,0.0,0
2026-10-09 02:28:49Z,TB,in,0.701,Q3 2:58,14.0,8111,Cade Otton,TE,7.9,5.5,1.67,7.17,7.86,7.87,0.045,1.0,7.17,,0.0,0
2026-10-09 02:28:49Z,TB,in,0.701,Q3 2:58,14.0,4037,Chris Godwin,WR,8.0,7.0,1.77,8.77,9.5,9.4,0.201,1.0,8.77,,0.0,0
2026-10-09 02:28:49Z,DAL,in,0.701,Q3 2:58,-14.0,8110,Jake Ferguson,TE,8.8,1.2,3.24,4.44,3.46,3.84,0.201,1.0,4.44,,0.0,0
2026-10-09 02:28:49Z,TB,in,0.701,Q3 2:58,14.0,6650,Chase McLaughlin,K,6.7,7.0,2.18,9.18,9.18,9.01,0.0,1.0,9.18,,0.0,0
2026-10-09 02:28:49Z,TB,in,0.701,Q3 2:58,14.0,9506,Sean Tucker,RB,2.4,0.5,0.53,1.03,1.13,1.22,0.201,0.999,1.03,,0.0,0
2026-10-09 02:28:49Z,TB,in,0.701,Q3 2:58,14.0,12514,Emeka Egbuka,WR,9.1,16.0,2.46,18.46,19.45,18.72,0.059,1.0,18.46,,0.0,0
2026-10-09 02:28:49Z,DAL,in,0.701,Q3 2:58,-14.0,DAL,Dallas Cowboys D/ST,DST,7.3,1.0,0.25,1.25,2.88,3.19,0.061,1.0,1.25,,0.0,0
2026-10-09 02:28:49Z,DAL,in,0.701,Q3 2:58,-14.0,8137,George Pickens,WR,14.8,10.3,5.91,16.21,14.73,14.73,0.129,1.0,16.21,,0.0,0
2026-10-09 02:28:49Z,TB,in,0.701,Q3 2:58,14.0,TB,Tampa Bay Buccaneers D/ST,DST,3.1,8.0,-0.19,7.81,9.36,8.93,0.074,1.0,7.81,,0.0,0
2026-10-09 02:28:49Z,DAL,in,0.701,Q3 2:58,-14.0,8917,KaVontae Turpin,WR,2.0,-0.3,0.7,0.4,0.17,0.3,0.074,1.0,0.4,,0.0,0
2026-10-09 02:28:49Z,TB,in,0.701,Q3 2:58,14.0,10227,Payne Durham,TE,1.1,1.5,0.27,1.77,1.88,1.83,0.201,1.0,1.77,,0.0,0
2026-10-09 02:28:49Z,DAL,in,0.701,Q3 2:58,-14.0,11593,Brevyn Spann-Ford,TE,0.6,0.0,0.22,0.22,0.15,0.18,0.701,1.0,0.22,,0.0,0
2026-10-09 02:28:49Z,TB,in,0.701,Q3 2:58,14.0,13425,Jalon Daniels,QB,15.0,12.48,3.3,15.78,17.12,16.97,0.036,1.0,15.78,,0.0,0
2026-10-09 02:28:49Z,DAL,in,0.701,Q3 2:58,-14.0,11199,Emari Demercado,RB,3.7,0.0,0.94,0.94,0.91,1.11,0.701,1.0,0.94,,0.0,0
2026-10-09 02:28:49Z,DAL,in,0.701,Q3 2:58,-14.0,8162,Sam Howell,QB,0.9,0.0,0.33,0.33,0.22,0.27,0.701,0.3,0.1,,0.0,0
2026-10-09 02:28:49Z,DAL,in,0.701,Q3 2:58,-14.0,11783,Ryan Flournoy,WR,8.3,5.8,3.32,9.12,8.28,8.29,0.201,1.0,9.12,,0.0,0
2026-10-09 02:28:49Z,DAL,in,0.701,Q3 2:58,-14.0,10871,Luke Schoonmaker,TE,1.9,1.9,0.79,2.69,2.51,2.47,0.163,1.0,2.69,,0.0,0
2026-10-09 02:28:49Z,TB,in,0.701,Q3 2:58,14.0,13317,Ted Hurst,WR,4.5,0.0,0.77,0.77,1.11,1.35,0.701,1.0,0.77,,0.0,0
2026-10-09 02:28:49Z,TB,in,0.701,Q3 2:58,14.0,12485,Tez Johnson,WR,4.2,7.4,1.14,8.54,8.99,8.66,0.099,1.0,8.54,,0.0,0
2026-10-09 02:28:49Z,DAL,in,0.701,Q3 2:58,-14.0,7588,Javonte Williams,RB,18.2,12.9,5.88,18.78,18.36,18.35,0.143,1.0,18.78,,0.0,0
2026-10-09 02:29:50Z,DAL,in,0.702,Q3 2:52,-14.0,11533,Brandon Aubrey,K,9.8,5.0,2.78,7.78,7.78,7.92,0.202,1.0,7.78,,0.0,0
2026-10-09 02:29:50Z,DAL,in,0.702,Q3 2:52,-14.0,6786,CeeDee Lamb,WR,19.6,2.9,7.19,10.09,7.93,8.74,0.131,1.0,10.09,,0.0,0
2026-10-09 02:29:50Z,TB,in,0.702,Q3 2:52,14.0,11584,Bucky Irving,RB,11.1,25.7,4.67,30.37,30.34,29.01,0.078,1.0,30.37,,0.0,0
2026-10-09 02:29:50Z,DAL,in,0.702,Q3 2:52,-14.0,3294,Dak Prescott,QB,22.1,5.2,8.66,13.86,11.01,11.78,0.131,1.0,13.86,,0.0,0
2026-10-09 02:29:50Z,TB,in,0.702,Q3 2:52,14.0,8111,Cade Otton,TE,7.9,5.5,1.66,7.16,7.85,7.85,0.047,1.0,7.16,,0.0,0
2026-10-09 02:29:50Z,TB,in,0.702,Q3 2:52,14.0,4037,Chris Godwin,WR,8.0,7.0,1.76,8.76,9.49,9.38,0.202,1.0,8.76,,0.0,0
2026-10-09 02:29:50Z,DAL,in,0.702,Q3 2:52,-14.0,8110,Jake Ferguson,TE,8.8,1.2,3.22,4.42,3.45,3.82,0.202,1.0,4.42,,0.0,0
2026-10-09 02:29:50Z,TB,in,0.702,Q3 2:52,14.0,6650,Chase McLaughlin,K,6.7,7.0,2.17,9.17,9.17,9.0,0.002,1.0,9.17,,0.0,0
2026-10-09 02:29:50Z,TB,in,0.702,Q3 2:52,14.0,9506,Sean Tucker,RB,2.4,0.5,0.52,1.02,1.13,1.21,0.202,0.997,1.02,,0.0,0
2026-10-09 02:29:50Z,TB,in,0.702,Q3 2:52,14.0,12514,Emeka Egbuka,WR,9.1,16.0,2.44,18.44,19.43,18.71,0.061,1.0,18.44,,0.0,0
2026-10-09 02:29:50Z,DAL,in,0.702,Q3 2:52,-14.0,DAL,Dallas Cowboys D/ST,DST,7.3,1.0,0.25,1.25,2.87,3.17,0.062,1.0,1.25,,0.0,0
2026-10-09 02:29:50Z,DAL,in,0.702,Q3 2:52,-14.0,8137,George Pickens,WR,14.8,10.3,5.88,16.18,14.7,14.71,0.131,1.0,16.18,,0.0,0
2026-10-09 02:29:50Z,TB,in,0.702,Q3 2:52,14.0,TB,Tampa Bay Buccaneers D/ST,DST,3.1,8.0,-0.19,7.81,9.36,8.92,0.076,1.0,7.81,,0.0,0
2026-10-09 02:29:50Z,DAL,in,0.702,Q3 2:52,-14.0,8917,KaVontae Turpin,WR,2.0,-0.3,0.7,0.4,0.17,0.3,0.076,1.0,0.4,,0.0,0
2026-10-09 02:29:50Z,TB,in,0.702,Q3 2:52,14.0,10227,Payne Durham,TE,1.1,1.5,0.27,1.77,1.88,1.83,0.202,1.0,1.77,,0.0,0
2026-10-09 02:29:50Z,DAL,in,0.702,Q3 2:52,-14.0,11593,Brevyn Spann-Ford,TE,0.6,0.0,0.22,0.22,0.15,0.18,0.702,1.0,0.22,,0.0,0
2026-10-09 02:29:50Z,TB,in,0.702,Q3 2:52,14.0,13425,Jalon Daniels,QB,15.0,12.48,3.28,15.76,17.09,16.95,0.038,1.0,15.76,,0.0,0
2026-10-09 02:29:50Z,DAL,in,0.702,Q3 2:52,-14.0,11199,Emari Demercado,RB,3.7,0.0,0.94,0.94,0.91,1.1,0.702,1.0,0.94,,0.0,0
2026-10-09 02:29:50Z,DAL,in,0.702,Q3 2:52,-14.0,8162,Sam Howell,QB,0.9,0.0,0.33,0.33,0.22,0.27,0.702,0.3,0.1,,0.0,0
2026-10-09 02:29:50Z,DAL,in,0.702,Q3 2:52,-14.0,11783,Ryan Flournoy,WR,8.3,5.8,3.3,9.1,8.27,8.27,0.202,1.0,9.1,,0.0,0
2026-10-09 02:29:50Z,DAL,in,0.702,Q3 2:52,-14.0,10871,Luke Schoonmaker,TE,1.9,1.9,0.79,2.69,2.51,2.47,0.165,1.0,2.69,,0.0,0
2026-10-09 02:29:50Z,TB,in,0.702,Q3 2:52,14.0,13317,Ted Hurst,WR,4.5,0.0,0.77,0.77,1.1,1.34,0.702,1.0,0.77,,0.0,0
2026-10-09 02:29:50Z,TB,in,0.702,Q3 2:52,14.0,12485,Tez Johnson,WR,4.2,7.4,1.13,8.53,8.98,8.65,0.101,1.0,8.53,,0.0,0
2026-10-09 02:29:50Z,DAL,in,0.702,Q3 2:52,-14.0,7588,Javonte Williams,RB,18.2,12.9,5.84,18.74,18.33,18.32,0.144,1.0,18.74,,0.0,0
2026-10-09 02:30:50Z,DAL,in,0.717,Q3 1:58,-14.0,11533,Brandon Aubrey,K,9.8,5.0,2.63,7.63,7.63,7.77,0.217,1.0,7.63,,0.0,0
2026-10-09 02:30:50Z,DAL,in,0.717,Q3 1:58,-14.0,6786,CeeDee Lamb,WR,19.6,2.9,6.9,9.8,7.65,8.44,0.146,1.0,9.8,,0.0,0
2026-10-09 02:30:50Z,TB,in,0.717,Q3 1:58,14.0,11584,Bucky Irving,RB,11.1,25.7,4.4,30.1,30.09,28.84,0.093,1.0,30.1,,0.0,0
2026-10-09 02:30:50Z,DAL,in,0.717,Q3 1:58,-14.0,3294,Dak Prescott,QB,22.1,5.64,8.32,13.96,11.17,11.89,0.0,1.0,13.96,,0.0,0
2026-10-09 02:30:50Z,TB,in,0.717,Q3 1:58,14.0,8111,Cade Otton,TE,7.9,5.5,1.56,7.06,7.72,7.73,0.062,1.0,7.06,,0.0,0
2026-10-09 02:30:50Z,TB,in,0.717,Q3 1:58,14.0,4037,Chris Godwin,WR,8.0,7.0,1.66,8.66,9.35,9.26,0.217,1.0,8.66,,0.0,0
2026-10-09 02:30:50Z,DAL,in,0.717,Q3 1:58,-14.0,8110,Jake Ferguson,TE,8.8,3.3,3.21,6.51,5.58,5.79,0.0,1.0,6.51,,0.0,0
2026-10-09 02:30:50Z,TB,in,0.717,Q3 1:58,14.0,6650,Chase McLaughlin,K,6.7,7.0,2.05,9.05,9.05,8.89,0.017,1.0,9.05,,0.0,0
2026-10-09 02:30:50Z,TB,in,0.717,Q3 1:58,14.0,9506,Sean Tucker,RB,2.4,0.5,0.49,0.99,1.09,1.18,0.217,0.974,0.98,,0.0,0
2026-10-09 02:30:50Z,TB,in,0.717,Q3 1:58,14.0,12514,Emeka Egbuka,WR,9.1,16.0,2.32,18.32,19.24,18.57,0.076,1.0,18.32,,0.0,0
2026-10-09 02:30:50Z,DAL,in,0.717,Q3 1:58,-14.0,DAL,Dallas Cowboys D/ST,DST,7.3,1.0,0.24,1.24,2.76,3.06,0.077,1.0,1.24,,0.0,0
2026-10-09 02:30:50Z,DAL,in,0.717,Q3 1:58,-14.0,8137,George Pickens,WR,14.8,10.3,5.64,15.94,14.46,14.49,0.146,1.0,15.94,,0.0,0
2026-10-09 02:30:50Z,TB,in,0.717,Q3 1:58,14.0,TB,Tampa Bay Buccaneers D/ST,DST,3.1,8.0,-0.15,7.85,9.28,8.88,0.091,1.0,7.85,,0.0,0
2026-10-09 02:30:50Z,DAL,in,0.717,Q3 1:58,-14.0,8917,KaVontae Turpin,WR,2.0,-0.3,0.67,0.37,0.14,0.27,0.091,1.0,0.37,,0.0,0
2026-10-09 02:30:50Z,TB,in,0.717,Q3 1:58,14.0,10227,Payne Durham,TE,1.1,1.5,0.26,1.76,1.86,1.81,0.217,1.0,1.76,,0.0,0
2026-10-09 02:30:50Z,DAL,in,0.717,Q3 1:58,-14.0,11593,Brevyn Spann-Ford,TE,0.6,0.0,0.21,0.21,0.14,0.17,0.717,1.0,0.21,,0.0,0
2026-10-09 02:30:50Z,TB,in,0.717,Q3 1:58,14.0,13425,Jalon Daniels,QB,15.0,12.48,3.07,15.55,16.84,16.72,0.053,1.0,15.55,,0.0,0
2026-10-09 02:30:50Z,DAL,in,0.717,Q3 1:58,-14.0,11199,Emari Demercado,RB,3.7,0.0,0.89,0.89,0.86,1.05,0.717,1.0,0.89,,0.0,0
2026-10-09 02:30:50Z,DAL,in,0.717,Q3 1:58,-14.0,8162,Sam Howell,QB,0.9,0.0,0.32,0.32,0.21,0.25,0.717,0.3,0.09,,0.0,0
2026-10-09 02:30:50Z,DAL,in,0.717,Q3 1:58,-14.0,11783,Ryan Flournoy,WR,8.3,5.8,3.17,8.97,8.14,8.15,0.217,1.0,8.97,,0.0,0
2026-10-09 02:30:50Z,DAL,in,0.717,Q3 1:58,-14.0,10871,Luke Schoonmaker,TE,1.9,1.9,0.76,2.66,2.48,2.44,0.18,1.0,2.66,,0.0,0
2026-10-09 02:30:50Z,TB,in,0.717,Q3 1:58,14.0,13317,Ted Hurst,WR,4.5,0.0,0.72,0.72,1.04,1.27,0.717,1.0,0.72,,0.0,0
2026-10-09 02:30:50Z,TB,in,0.717,Q3 1:58,14.0,12485,Tez Johnson,WR,4.2,7.4,1.07,8.47,8.9,8.59,0.116,1.0,8.47,,0.0,0
2026-10-09 02:30:50Z,DAL,in,0.717,Q3 1:58,-14.0,7588,Javonte Williams,RB,18.2,13.6,5.59,19.19,18.79,18.75,0.0,1.0,19.19,,0.0,0
2026-10-09 02:31:51Z,DAL,in,0.721,Q3 1:46,-14.0,11533,Brandon Aubrey,K,9.8,5.0,2.59,7.59,7.59,7.74,0.221,1.0,7.59,,0.0,0
2026-10-09 02:31:51Z,DAL,in,0.721,Q3 1:46,-14.0,6786,CeeDee Lamb,WR,19.6,2.9,6.83,9.73,7.59,8.38,0.149,1.0,9.73,,0.0,0
2026-10-09 02:31:51Z,TB,in,0.721,Q3 1:46,14.0,11584,Bucky Irving,RB,11.1,25.7,4.33,30.03,30.04,28.8,0.096,1.0,30.03,,0.0,0
2026-10-09 02:31:51Z,DAL,in,0.721,Q3 1:46,-14.0,3294,Dak Prescott,QB,22.1,5.64,8.24,13.88,11.1,11.82,0.003,1.0,13.88,,0.0,0
2026-10-09 02:31:51Z,TB,in,0.721,Q3 1:46,14.0,8111,Cade Otton,TE,7.9,5.5,1.54,7.04,7.69,7.71,0.065,1.0,7.04,,0.0,0
2026-10-09 02:31:51Z,TB,in,0.721,Q3 1:46,14.0,4037,Chris Godwin,WR,8.0,7.0,1.64,8.64,9.32,9.24,0.221,1.0,8.64,,0.0,0
2026-10-09 02:31:51Z,DAL,in,0.721,Q3 1:46,-14.0,8110,Jake Ferguson,TE,8.8,3.3,3.17,6.47,5.55,5.76,0.003,1.0,6.47,,0.0,0
2026-10-09 02:31:51Z,TB,in,0.721,Q3 1:46,14.0,6650,Chase McLaughlin,K,6.7,7.0,2.02,9.02,9.02,8.87,0.02,1.0,9.02,,0.0,0
2026-10-09 02:31:51Z,TB,in,0.721,Q3 1:46,14.0,9506,Sean Tucker,RB,2.4,0.5,0.49,0.99,1.08,1.17,0.221,0.969,0.97,,0.0,0
2026-10-09 02:31:51Z,TB,in,0.721,Q3 1:46,14.0,12514,Emeka Egbuka,WR,9.1,16.0,2.29,18.29,19.2,18.54,0.079,1.0,18.29,,0.0,0
2026-10-09 02:31:51Z,DAL,in,0.721,Q3 1:46,-14.0,DAL,Dallas Cowboys D/ST,DST,7.3,1.0,0.23,1.23,2.74,3.04,0.081,1.0,1.23,,0.0,0
2026-10-09 02:31:51Z,DAL,in,0.721,Q3 1:46,-14.0,8137,George Pickens,WR,14.8,10.3,5.59,15.89,14.41,14.44,0.149,1.0,15.89,,0.0,0
2026-10-09 02:31:51Z,TB,in,0.721,Q3 1:46,14.0,TB,Tampa Bay Buccaneers D/ST,DST,3.1,8.0,-0.14,7.86,9.27,8.87,0.094,1.0,7.86,,0.0,0
2026-10-09 02:31:51Z,DAL,in,0.721,Q3 1:46,-14.0,8917,KaVontae Turpin,WR,2.0,-0.3,0.67,0.37,0.14,0.26,0.094,1.0,0.37,,0.0,0
2026-10-09 02:31:51Z,TB,in,0.721,Q3 1:46,14.0,10227,Payne Durham,TE,1.1,1.5,0.25,1.75,1.86,1.81,0.221,1.0,1.75,,0.0,0
2026-10-09 02:31:51Z,DAL,in,0.721,Q3 1:46,-14.0,11593,Brevyn Spann-Ford,TE,0.6,0.0,0.2,0.2,0.14,0.17,0.721,1.0,0.2,,0.0,0
2026-10-09 02:31:51Z,TB,in,0.721,Q3 1:46,14.0,13425,Jalon Daniels,QB,15.0,12.48,3.03,15.51,16.79,16.67,0.056,1.0,15.51,,0.0,0
2026-10-09 02:31:51Z,DAL,in,0.721,Q3 1:46,-14.0,11199,Emari Demercado,RB,3.7,0.0,0.88,0.88,0.85,1.03,0.721,1.0,0.88,,0.0,0
2026-10-09 02:31:51Z,DAL,in,0.721,Q3 1:46,-14.0,8162,Sam Howell,QB,0.9,0.0,0.31,0.31,0.21,0.25,0.721,0.3,0.09,,0.0,0
2026-10-09 02:31:51Z,DAL,in,0.721,Q3 1:46,-14.0,11783,Ryan Flournoy,WR,8.3,5.8,3.14,8.94,8.11,8.12,0.221,1.0,8.94,,0.0,0
2026-10-09 02:31:51Z,DAL,in,0.721,Q3 1:46,-14.0,10871,Luke Schoonmaker,TE,1.9,1.9,0.75,2.65,2.47,2.43,0.183,1.0,2.65,,0.0,0
2026-10-09 02:31:51Z,TB,in,0.721,Q3 1:46,14.0,13317,Ted Hurst,WR,4.5,0.0,0.71,0.71,1.03,1.26,0.721,1.0,0.71,,0.0,0
2026-10-09 02:31:51Z,TB,in,0.721,Q3 1:46,14.0,12485,Tez Johnson,WR,4.2,7.4,1.06,8.46,8.88,8.57,0.119,1.0,8.46,,0.0,0
2026-10-09 02:31:51Z,DAL,in,0.721,Q3 1:46,-14.0,7588,Javonte Williams,RB,18.2,13.6,5.52,19.12,18.72,18.69,0.003,1.0,19.12,,0.0,0
2026-10-09 02:32:51Z,DAL,in,0.721,Q3 1:46,-14.0,11533,Brandon Aubrey,K,9.8,5.0,2.59,7.59,7.59,7.74,0.221,1.0,7.59,,0.0,0
2026-10-09 02:32:51Z,DAL,in,0.721,Q3 1:46,-14.0,6786,CeeDee Lamb,WR,19.6,2.9,6.83,9.73,7.59,8.38,0.149,1.0,9.73,,0.0,0
2026-10-09 02:32:51Z,TB,in,0.721,Q3 1:46,14.0,11584,Bucky Irving,RB,11.1,25.7,4.33,30.03,30.04,28.8,0.096,1.0,30.03,,0.0,0
2026-10-09 02:32:51Z,DAL,in,0.721,Q3 1:46,-14.0,3294,Dak Prescott,QB,22.1,5.64,8.24,13.88,11.1,11.82,0.003,1.0,13.88,,0.0,0
2026-10-09 02:32:51Z,TB,in,0.721,Q3 1:46,14.0,8111,Cade Otton,TE,7.9,5.5,1.54,7.04,7.69,7.71,0.065,1.0,7.04,,0.0,0
2026-10-09 02:32:51Z,TB,in,0.721,Q3 1:46,14.0,4037,Chris Godwin,WR,8.0,7.0,1.64,8.64,9.32,9.24,0.221,1.0,8.64,,0.0,0
2026-10-09 02:32:51Z,DAL,in,0.721,Q3 1:46,-14.0,8110,Jake Ferguson,TE,8.8,3.3,3.17,6.47,5.55,5.76,0.003,1.0,6.47,,0.0,0
2026-10-09 02:32:51Z,TB,in,0.721,Q3 1:46,14.0,6650,Chase McLaughlin,K,6.7,7.0,2.02,9.02,9.02,8.87,0.02,1.0,9.02,,0.0,0
2026-10-09 02:32:51Z,TB,in,0.721,Q3 1:46,14.0,9506,Sean Tucker,RB,2.4,0.5,0.49,0.99,1.08,1.17,0.221,0.969,0.97,,0.0,0
2026-10-09 02:32:51Z,TB,in,0.721,Q3 1:46,14.0,12514,Emeka Egbuka,WR,9.1,16.0,2.29,18.29,19.2,18.54,0.079,1.0,18.29,,0.0,0
2026-10-09 02:32:51Z,DAL,in,0.721,Q3 1:46,-14.0,DAL,Dallas Cowboys D/ST,DST,7.3,1.0,0.23,1.23,2.74,3.04,0.081,1.0,1.23,,0.0,0
2026-10-09 02:32:51Z,DAL,in,0.721,Q3 1:46,-14.0,8137,George Pickens,WR,14.8,10.3,5.59,15.89,14.41,14.44,0.149,1.0,15.89,,0.0,0
2026-10-09 02:32:51Z,TB,in,0.721,Q3 1:46,14.0,TB,Tampa Bay Buccaneers D/ST,DST,3.1,8.0,-0.14,7.86,9.27,8.87,0.094,1.0,7.86,,0.0,0
2026-10-09 02:32:51Z,DAL,in,0.721,Q3 1:46,-14.0,8917,KaVontae Turpin,WR,2.0,-0.3,0.67,0.37,0.14,0.26,0.094,1.0,0.37,,0.0,0
2026-10-09 02:32:51Z,TB,in,0.721,Q3 1:46,14.0,10227,Payne Durham,TE,1.1,1.5,0.25,1.75,1.86,1.81,0.221,1.0,1.75,,0.0,0
2026-10-09 02:32:51Z,DAL,in,0.721,Q3 1:46,-14.0,11593,Brevyn Spann-Ford,TE,0.6,0.0,0.2,0.2,0.14,0.17,0.721,1.0,0.2,,0.0,0
2026-10-09 02:32:51Z,TB,in,0.721,Q3 1:46,14.0,13425,Jalon Daniels,QB,15.0,12.48,3.03,15.51,16.79,16.67,0.056,1.0,15.51,,0.0,0
2026-10-09 02:32:51Z,DAL,in,0.721,Q3 1:46,-14.0,11199,Emari Demercado,RB,3.7,0.0,0.88,0.88,0.85,1.03,0.721,1.0,0.88,,0.0,0
2026-10-09 02:32:51Z,DAL,in,0.721,Q3 1:46,-14.0,8162,Sam Howell,QB,0.9,0.0,0.31,0.31,0.21,0.25,0.721,0.3,0.09,,0.0,0
2026-10-09 02:32:51Z,DAL,in,0.721,Q3 1:46,-14.0,11783,Ryan Flournoy,WR,8.3,5.8,3.14,8.94,8.11,8.12,0.221,1.0,8.94,,0.0,0
2026-10-09 02:32:51Z,DAL,in,0.721,Q3 1:46,-14.0,10871,Luke Schoonmaker,TE,1.9,1.9,0.75,2.65,2.47,2.43,0.183,1.0,2.65,,0.0,0
2026-10-09 02:32:51Z,TB,in,0.721,Q3 1:46,14.0,13317,Ted Hurst,WR,4.5,0.0,0.71,0.71,1.03,1.26,0.721,1.0,0.71,,0.0,0
2026-10-09 02:32:51Z,TB,in,0.721,Q3 1:46,14.0,12485,Tez Johnson,WR,4.2,7.4,1.06,8.46,8.88,8.57,0.119,1.0,8.46,,0.0,0
2026-10-09 02:32:51Z,DAL,in,0.721,Q3 1:46,-14.0,7588,Javonte Williams,RB,18.2,13.6,5.52,19.12,18.72,18.69,0.003,1.0,19.12,,0.0,0
2026-10-09 02:33:51Z,DAL,in,0.721,Q3 1:46,-14.0,11533,Brandon Aubrey,K,9.8,5.0,2.59,7.59,7.59,7.74,0.221,1.0,7.59,,0.0,0
2026-10-09 02:33:51Z,DAL,in,0.721,Q3 1:46,-14.0,6786,CeeDee Lamb,WR,19.6,2.9,6.83,9.73,7.59,8.38,0.149,1.0,9.73,,0.0,0
2026-10-09 02:33:51Z,TB,in,0.721,Q3 1:46,14.0,11584,Bucky Irving,RB,11.1,25.7,4.33,30.03,30.04,28.8,0.096,1.0,30.03,,0.0,0
2026-10-09 02:33:51Z,DAL,in,0.721,Q3 1:46,-14.0,3294,Dak Prescott,QB,22.1,5.64,8.24,13.88,11.1,11.82,0.003,1.0,13.88,,0.0,0
2026-10-09 02:33:51Z,TB,in,0.721,Q3 1:46,14.0,8111,Cade Otton,TE,7.9,5.5,1.54,7.04,7.69,7.71,0.065,1.0,7.04,,0.0,0
2026-10-09 02:33:51Z,TB,in,0.721,Q3 1:46,14.0,4037,Chris Godwin,WR,8.0,7.0,1.64,8.64,9.32,9.24,0.221,1.0,8.64,,0.0,0
2026-10-09 02:33:51Z,DAL,in,0.721,Q3 1:46,-14.0,8110,Jake Ferguson,TE,8.8,3.3,3.17,6.47,5.55,5.76,0.003,1.0,6.47,,0.0,0
2026-10-09 02:33:51Z,TB,in,0.721,Q3 1:46,14.0,6650,Chase McLaughlin,K,6.7,7.0,2.02,9.02,9.02,8.87,0.02,1.0,9.02,,0.0,0
2026-10-09 02:33:51Z,TB,in,0.721,Q3 1:46,14.0,9506,Sean Tucker,RB,2.4,0.5,0.49,0.99,1.08,1.17,0.221,0.969,0.97,,0.0,0
2026-10-09 02:33:51Z,TB,in,0.721,Q3 1:46,14.0,12514,Emeka Egbuka,WR,9.1,16.0,2.29,18.29,19.2,18.54,0.079,1.0,18.29,,0.0,0
2026-10-09 02:33:51Z,DAL,in,0.721,Q3 1:46,-14.0,DAL,Dallas Cowboys D/ST,DST,7.3,1.0,0.23,1.23,2.74,3.04,0.081,1.0,1.23,,0.0,0
2026-10-09 02:33:51Z,DAL,in,0.721,Q3 1:46,-14.0,8137,George Pickens,WR,14.8,10.3,5.59,15.89,14.41,14.44,0.149,1.0,15.89,,0.0,0
2026-10-09 02:33:51Z,TB,in,0.721,Q3 1:46,14.0,TB,Tampa Bay Buccaneers D/ST,DST,3.1,8.0,-0.14,7.86,9.27,8.87,0.094,1.0,7.86,,0.0,0
2026-10-09 02:33:51Z,DAL,in,0.721,Q3 1:46,-14.0,8917,KaVontae Turpin,WR,2.0,-0.3,0.67,0.37,0.14,0.26,0.094,1.0,0.37,,0.0,0
2026-10-09 02:33:51Z,TB,in,0.721,Q3 1:46,14.0,10227,Payne Durham,TE,1.1,1.5,0.25,1.75,1.86,1.81,0.221,1.0,1.75,,0.0,0
2026-10-09 02:33:51Z,DAL,in,0.721,Q3 1:46,-14.0,11593,Brevyn Spann-Ford,TE,0.6,0.0,0.2,0.2,0.14,0.17,0.721,1.0,0.2,,0.0,0
2026-10-09 02:33:51Z,TB,in,0.721,Q3 1:46,14.0,13425,Jalon Daniels,QB,15.0,12.48,3.03,15.51,16.79,16.67,0.056,1.0,15.51,,0.0,0
2026-10-09 02:33:51Z,DAL,in,0.721,Q3 1:46,-14.0,11199,Emari Demercado,RB,3.7,0.0,0.88,0.88,0.85,1.03,0.721,1.0,0.88,,0.0,0
2026-10-09 02:33:51Z,DAL,in,0.721,Q3 1:46,-14.0,8162,Sam Howell,QB,0.9,0.0,0.31,0.31,0.21,0.25,0.721,0.3,0.09,,0.0,0
2026-10-09 02:33:51Z,DAL,in,0.721,Q3 1:46,-14.0,11783,Ryan Flournoy,WR,8.3,5.8,3.14,8.94,8.11,8.12,0.221,1.0,8.94,,0.0,0
2026-10-09 02:33:51Z,DAL,in,0.721,Q3 1:46,-14.0,10871,Luke Schoonmaker,TE,1.9,1.9,0.75,2.65,2.47,2.43,0.183,1.0,2.65,,0.0,0
2026-10-09 02:33:51Z,TB,in,0.721,Q3 1:46,14.0,13317,Ted Hurst,WR,4.5,0.0,0.71,0.71,1.03,1.26,0.721,1.0,0.71,,0.0,0
2026-10-09 02:33:51Z,TB,in,0.721,Q3 1:46,14.0,12485,Tez Johnson,WR,4.2,7.4,1.06,8.46,8.88,8.57,0.119,1.0,8.46,,0.0,0
2026-10-09 02:33:51Z,DAL,in,0.721,Q3 1:46,-14.0,7588,Javonte Williams,RB,18.2,13.6,5.52,19.12,18.72,18.69,0.003,1.0,19.12,,0.0,0
2026-10-09 02:34:52Z,DAL,in,0.721,Q3 1:46,-14.0,11533,Brandon Aubrey,K,9.8,5.0,2.59,7.59,7.59,7.74,0.221,1.0,7.59,,0.0,0
2026-10-09 02:34:52Z,DAL,in,0.721,Q3 1:46,-14.0,6786,CeeDee Lamb,WR,19.6,2.9,6.83,9.73,7.59,8.38,0.149,1.0,9.73,,0.0,0
2026-10-09 02:34:52Z,TB,in,0.721,Q3 1:46,14.0,11584,Bucky Irving,RB,11.1,25.7,4.33,30.03,30.04,28.8,0.096,1.0,30.03,,0.0,0
2026-10-09 02:34:52Z,DAL,in,0.721,Q3 1:46,-14.0,3294,Dak Prescott,QB,22.1,5.64,8.24,13.88,11.1,11.82,0.003,1.0,13.88,,0.0,0
2026-10-09 02:34:52Z,TB,in,0.721,Q3 1:46,14.0,8111,Cade Otton,TE,7.9,5.5,1.54,7.04,7.69,7.71,0.065,1.0,7.04,,0.0,0
2026-10-09 02:34:52Z,TB,in,0.721,Q3 1:46,14.0,4037,Chris Godwin,WR,8.0,7.0,1.64,8.64,9.32,9.24,0.221,1.0,8.64,,0.0,0
2026-10-09 02:34:52Z,DAL,in,0.721,Q3 1:46,-14.0,8110,Jake Ferguson,TE,8.8,3.3,3.17,6.47,5.55,5.76,0.003,1.0,6.47,,0.0,0
2026-10-09 02:34:52Z,TB,in,0.721,Q3 1:46,14.0,6650,Chase McLaughlin,K,6.7,7.0,2.02,9.02,9.02,8.87,0.02,1.0,9.02,,0.0,0
2026-10-09 02:34:52Z,TB,in,0.721,Q3 1:46,14.0,9506,Sean Tucker,RB,2.4,0.5,0.49,0.99,1.08,1.17,0.221,0.969,0.97,,0.0,0
2026-10-09 02:34:52Z,TB,in,0.721,Q3 1:46,14.0,12514,Emeka Egbuka,WR,9.1,16.0,2.29,18.29,19.2,18.54,0.079,1.0,18.29,,0.0,0
2026-10-09 02:34:52Z,DAL,in,0.721,Q3 1:46,-14.0,DAL,Dallas Cowboys D/ST,DST,7.3,1.0,0.23,1.23,2.74,3.04,0.081,1.0,1.23,,0.0,0
2026-10-09 02:34:52Z,DAL,in,0.721,Q3 1:46,-14.0,8137,George Pickens,WR,14.8,10.3,5.59,15.89,14.41,14.44,0.149,1.0,15.89,,0.0,0
2026-10-09 02:34:52Z,TB,in,0.721,Q3 1:46,14.0,TB,Tampa Bay Buccaneers D/ST,DST,3.1,8.0,-0.14,7.86,9.27,8.87,0.094,1.0,7.86,,0.0,0
2026-10-09 02:34:52Z,DAL,in,0.721,Q3 1:46,-14.0,8917,KaVontae Turpin,WR,2.0,-0.3,0.67,0.37,0.14,0.26,0.094,1.0,0.37,,0.0,0
2026-10-09 02:34:52Z,TB,in,0.721,Q3 1:46,14.0,10227,Payne Durham,TE,1.1,1.5,0.25,1.75,1.86,1.81,0.221,1.0,1.75,,0.0,0
2026-10-09 02:34:52Z,DAL,in,0.721,Q3 1:46,-14.0,11593,Brevyn Spann-Ford,TE,0.6,0.0,0.2,0.2,0.14,0.17,0.721,1.0,0.2,,0.0,0
2026-10-09 02:34:52Z,TB,in,0.721,Q3 1:46,14.0,13425,Jalon Daniels,QB,15.0,12.48,3.03,15.51,16.79,16.67,0.056,1.0,15.51,,0.0,0
2026-10-09 02:34:52Z,DAL,in,0.721,Q3 1:46,-14.0,11199,Emari Demercado,RB,3.7,0.0,0.88,0.88,0.85,1.03,0.721,1.0,0.88,,0.0,0
2026-10-09 02:34:52Z,DAL,in,0.721,Q3 1:46,-14.0,8162,Sam Howell,QB,0.9,0.0,0.31,0.31,0.21,0.25,0.721,0.3,0.09,,0.0,0
2026-10-09 02:34:52Z,DAL,in,0.721,Q3 1:46,-14.0,11783,Ryan Flournoy,WR,8.3,5.8,3.14,8.94,8.11,8.12,0.221,1.0,8.94,,0.0,0
2026-10-09 02:34:52Z,DAL,in,0.721,Q3 1:46,-14.0,10871,Luke Schoonmaker,TE,1.9,1.9,0.75,2.65,2.47,2.43,0.183,1.0,2.65,,0.0,0
2026-10-09 02:34:52Z,TB,in,0.721,Q3 1:46,14.0,13317,Ted Hurst,WR,4.5,0.0,0.71,0.71,1.03,1.26,0.721,1.0,0.71,,0.0,0
2026-10-09 02:34:52Z,TB,in,0.721,Q3 1:46,14.0,12485,Tez Johnson,WR,4.2,7.4,1.06,8.46,8.88,8.57,0.119,1.0,8.46,,0.0,0
2026-10-09 02:34:52Z,DAL,in,0.721,Q3 1:46,-14.0,7588,Javonte Williams,RB,18.2,13.6,5.52,19.12,18.72,18.69,0.003,1.0,19.12,,0.0,0
2026-10-09 02:35:52Z,DAL,in,0.721,Q3 1:46,-14.0,11533,Brandon Aubrey,K,9.8,5.0,2.59,7.59,7.59,7.74,0.221,1.0,7.59,,0.0,0
2026-10-09 02:35:52Z,DAL,in,0.721,Q3 1:46,-14.0,6786,CeeDee Lamb,WR,19.6,2.9,6.83,9.73,7.59,8.38,0.149,1.0,9.73,,0.0,0
2026-10-09 02:35:52Z,TB,in,0.721,Q3 1:46,14.0,11584,Bucky Irving,RB,11.1,25.7,4.33,30.03,30.04,28.8,0.096,1.0,30.03,,0.0,0
2026-10-09 02:35:52Z,DAL,in,0.721,Q3 1:46,-14.0,3294,Dak Prescott,QB,22.1,5.64,8.24,13.88,11.1,11.82,0.003,1.0,13.88,,0.0,0
2026-10-09 02:35:52Z,TB,in,0.721,Q3 1:46,14.0,8111,Cade Otton,TE,7.9,5.5,1.54,7.04,7.69,7.71,0.065,1.0,7.04,,0.0,0
2026-10-09 02:35:52Z,TB,in,0.721,Q3 1:46,14.0,4037,Chris Godwin,WR,8.0,7.0,1.64,8.64,9.32,9.24,0.221,1.0,8.64,,0.0,0
2026-10-09 02:35:52Z,DAL,in,0.721,Q3 1:46,-14.0,8110,Jake Ferguson,TE,8.8,3.3,3.17,6.47,5.55,5.76,0.003,1.0,6.47,,0.0,0
2026-10-09 02:35:52Z,TB,in,0.721,Q3 1:46,14.0,6650,Chase McLaughlin,K,6.7,7.0,2.02,9.02,9.02,8.87,0.02,1.0,9.02,,0.0,0
2026-10-09 02:35:52Z,TB,in,0.721,Q3 1:46,14.0,9506,Sean Tucker,RB,2.4,1.1,0.54,1.64,1.73,1.77,0.0,1.0,1.64,,0.0,0
2026-10-09 02:35:52Z,TB,in,0.721,Q3 1:46,14.0,12514,Emeka Egbuka,WR,9.1,16.0,2.29,18.29,19.2,18.54,0.079,1.0,18.29,,0.0,0
2026-10-09 02:35:52Z,DAL,in,0.721,Q3 1:46,-14.0,DAL,Dallas Cowboys D/ST,DST,7.3,1.0,0.23,1.23,2.74,3.04,0.081,1.0,1.23,,0.0,0
2026-10-09 02:35:52Z,DAL,in,0.721,Q3 1:46,-14.0,8137,George Pickens,WR,14.8,10.3,5.59,15.89,14.41,14.44,0.149,1.0,15.89,,0.0,0
2026-10-09 02:35:52Z,TB,in,0.721,Q3 1:46,14.0,TB,Tampa Bay Buccaneers D/ST,DST,3.1,8.0,-0.14,7.86,9.27,8.87,0.094,1.0,7.86,,0.0,0
2026-10-09 02:35:52Z,DAL,in,0.721,Q3 1:46,-14.0,8917,KaVontae Turpin,WR,2.0,-0.3,0.67,0.37,0.14,0.26,0.094,1.0,0.37,,0.0,0
2026-10-09 02:35:52Z,TB,in,0.721,Q3 1:46,14.0,10227,Payne Durham,TE,1.1,1.5,0.25,1.75,1.86,1.81,0.221,1.0,1.75,,0.0,0
2026-10-09 02:35:52Z,DAL,in,0.721,Q3 1:46,-14.0,11593,Brevyn Spann-Ford,TE,0.6,0.0,0.2,0.2,0.14,0.17,0.721,1.0,0.2,,0.0,0
2026-10-09 02:35:52Z,TB,in,0.721,Q3 1:46,14.0,13425,Jalon Daniels,QB,15.0,12.48,3.03,15.51,16.79,16.67,0.056,1.0,15.51,,0.0,0
2026-10-09 02:35:52Z,DAL,in,0.721,Q3 1:46,-14.0,11199,Emari Demercado,RB,3.7,0.0,0.88,0.88,0.85,1.03,0.721,1.0,0.88,,0.0,0
2026-10-09 02:35:52Z,DAL,in,0.721,Q3 1:46,-14.0,8162,Sam Howell,QB,0.9,0.0,0.31,0.31,0.21,0.25,0.721,0.3,0.09,,0.0,0
2026-10-09 02:35:52Z,DAL,in,0.721,Q3 1:46,-14.0,11783,Ryan Flournoy,WR,8.3,5.8,3.14,8.94,8.11,8.12,0.221,1.0,8.94,,0.0,0
2026-10-09 02:35:52Z,DAL,in,0.721,Q3 1:46,-14.0,10871,Luke Schoonmaker,TE,1.9,1.9,0.75,2.65,2.47,2.43,0.183,1.0,2.65,,0.0,0
2026-10-09 02:35:52Z,TB,in,0.721,Q3 1:46,14.0,13317,Ted Hurst,WR,4.5,0.0,0.71,0.71,1.03,1.26,0.721,1.0,0.71,,0.0,0
2026-10-09 02:35:52Z,TB,in,0.721,Q3 1:46,14.0,12485,Tez Johnson,WR,4.2,7.4,1.06,8.46,8.88,8.57,0.119,1.0,8.46,,0.0,0
2026-10-09 02:35:52Z,DAL,in,0.721,Q3 1:46,-14.0,7588,Javonte Williams,RB,18.2,13.6,5.52,19.12,18.72,18.69,0.003,1.0,19.12,,0.0,0
2026-10-09 02:36:53Z,DAL,in,0.74,Q3 0:37,-14.0,11533,Brandon Aubrey,K,9.8,5.0,2.4,7.4,7.4,7.55,0.24,1.0,7.4,,0.0,0
2026-10-09 02:36:53Z,DAL,in,0.74,Q3 0:37,-14.0,6786,CeeDee Lamb,WR,19.6,2.9,6.45,9.35,7.25,8.0,0.168,1.0,9.35,,0.0,0
2026-10-09 02:36:53Z,TB,in,0.74,Q3 0:37,14.0,11584,Bucky Irving,RB,11.1,25.7,3.99,29.69,29.73,28.59,0.115,1.0,29.69,,0.0,0
2026-10-09 02:36:53Z,DAL,in,0.74,Q3 0:37,-14.0,3294,Dak Prescott,QB,22.1,5.64,7.75,13.39,10.7,11.39,0.022,1.0,13.39,,0.0,0
2026-10-09 02:36:53Z,TB,in,0.74,Q3 0:37,14.0,8111,Cade Otton,TE,7.9,5.5,1.43,6.93,7.53,7.56,0.084,1.0,6.93,,0.0,0
2026-10-09 02:36:53Z,TB,in,0.74,Q3 0:37,14.0,4037,Chris Godwin,WR,8.0,7.0,1.52,8.52,9.15,9.08,0.24,1.0,8.52,,0.0,0
2026-10-09 02:36:53Z,DAL,in,0.74,Q3 0:37,-14.0,8110,Jake Ferguson,TE,8.8,3.3,2.99,6.29,5.38,5.59,0.022,1.0,6.29,,0.0,0
2026-10-09 02:36:53Z,TB,in,0.74,Q3 0:37,14.0,6650,Chase McLaughlin,K,6.7,7.0,1.88,8.88,8.88,8.74,0.039,1.0,8.88,,0.0,0
2026-10-09 02:36:53Z,TB,in,0.74,Q3 0:37,14.0,9506,Sean Tucker,RB,2.4,1.3,0.51,1.81,1.89,1.92,0.0,1.0,1.81,,0.0,0
2026-10-09 02:36:53Z,TB,in,0.74,Q3 0:37,14.0,12514,Emeka Egbuka,WR,9.1,16.0,2.13,18.13,18.97,18.37,0.098,1.0,18.13,,0.0,0
2026-10-09 02:36:53Z,DAL,in,0.74,Q3 0:37,-14.0,DAL,Dallas Cowboys D/ST,DST,7.3,1.0,0.22,1.22,2.61,2.9,0.1,1.0,1.22,,0.0,0
2026-10-09 02:36:53Z,DAL,in,0.74,Q3 0:37,-14.0,8137,George Pickens,WR,14.8,10.3,5.27,15.57,14.11,14.15,0.168,1.0,15.57,,0.0,0
2026-10-09 02:36:53Z,TB,in,0.74,Q3 0:37,14.0,TB,Tampa Bay Buccaneers D/ST,DST,3.1,8.0,-0.09,7.91,9.18,8.81,0.113,1.0,7.91,,0.0,0
2026-10-09 02:36:53Z,DAL,in,0.74,Q3 0:37,-14.0,8917,KaVontae Turpin,WR,2.0,-0.3,0.63,0.33,0.1,0.22,0.113,1.0,0.33,,0.0,0
2026-10-09 02:36:53Z,TB,in,0.74,Q3 0:37,14.0,10227,Payne Durham,TE,1.1,1.5,0.24,1.74,1.83,1.79,0.24,1.0,1.74,,0.0,0
2026-10-09 02:36:53Z,DAL,in,0.74,Q3 0:37,-14.0,11593,Brevyn Spann-Ford,TE,0.6,0.0,0.19,0.19,0.13,0.16,0.74,1.0,0.19,,0.0,0
2026-10-09 02:36:53Z,TB,in,0.74,Q3 0:37,14.0,13425,Jalon Daniels,QB,15.0,12.48,2.78,15.26,16.47,16.38,0.076,1.0,15.26,,0.0,0
2026-10-09 02:36:53Z,DAL,in,0.74,Q3 0:37,-14.0,11199,Emari Demercado,RB,3.7,0.0,0.82,0.82,0.78,0.96,0.74,1.0,0.82,,0.0,0
2026-10-09 02:36:53Z,DAL,in,0.74,Q3 0:37,-14.0,8162,Sam Howell,QB,0.9,0.0,0.29,0.29,0.19,0.23,0.74,0.3,0.09,,0.0,0
2026-10-09 02:36:53Z,DAL,in,0.74,Q3 0:37,-14.0,11783,Ryan Flournoy,WR,8.3,5.8,2.96,8.76,7.94,7.96,0.24,1.0,8.76,,0.0,0
2026-10-09 02:36:53Z,DAL,in,0.74,Q3 0:37,-14.0,10871,Luke Schoonmaker,TE,1.9,1.9,0.71,2.61,2.43,2.39,0.202,1.0,2.61,,0.0,0
2026-10-09 02:36:53Z,TB,in,0.74,Q3 0:37,14.0,13317,Ted Hurst,WR,4.5,0.0,0.66,0.66,0.95,1.17,0.74,1.0,0.66,,0.0,0
2026-10-09 02:36:53Z,TB,in,0.74,Q3 0:37,14.0,12485,Tez Johnson,WR,4.2,7.4,0.98,8.38,8.77,8.49,0.139,1.0,8.38,,0.0,0
2026-10-09 02:36:53Z,DAL,in,0.74,Q3 0:37,-14.0,7588,Javonte Williams,RB,18.2,13.6,5.12,18.72,18.35,18.34,0.022,1.0,18.72,,0.0,0
2026-10-09 02:37:53Z,DAL,in,0.75,Q4 15:00,-14.0,11533,Brandon Aubrey,K,9.8,5.0,2.3,7.3,7.3,7.45,0.25,1.0,7.3,,0.0,0
2026-10-09 02:37:53Z,DAL,in,0.75,Q4 15:00,-14.0,6786,CeeDee Lamb,WR,19.6,2.9,6.24,9.14,7.06,7.8,0.179,1.0,9.14,,0.0,0
2026-10-09 02:37:53Z,TB,in,0.75,Q4 15:00,14.0,11584,Bucky Irving,RB,11.1,25.7,3.81,29.51,29.56,28.47,0.125,1.0,29.51,,0.0,0
2026-10-09 02:37:53Z,DAL,in,0.75,Q4 15:00,-14.0,3294,Dak Prescott,QB,22.1,5.64,7.48,13.12,10.48,11.16,0.033,1.0,13.12,,0.0,0
2026-10-09 02:37:53Z,TB,in,0.75,Q4 15:00,14.0,8111,Cade Otton,TE,7.9,5.5,1.36,6.86,7.45,7.47,0.094,1.0,6.86,,0.0,0
2026-10-09 02:37:53Z,TB,in,0.75,Q4 15:00,14.0,4037,Chris Godwin,WR,8.0,7.0,1.45,8.45,9.06,9.0,0.25,1.0,8.45,,0.0,0
2026-10-09 02:37:53Z,DAL,in,0.75,Q4 15:00,-14.0,8110,Jake Ferguson,TE,8.8,3.3,2.9,6.2,5.29,5.5,0.033,1.0,6.2,,0.0,0
2026-10-09 02:37:53Z,TB,in,0.75,Q4 15:00,14.0,6650,Chase McLaughlin,K,6.7,7.0,1.8,8.8,8.8,8.68,0.049,1.0,8.8,,0.0,0
2026-10-09 02:37:53Z,TB,in,0.75,Q4 15:00,14.0,9506,Sean Tucker,RB,2.4,1.2,0.48,1.68,1.76,1.8,0.0,1.0,1.68,,0.0,0
2026-10-09 02:37:53Z,TB,in,0.75,Q4 15:00,14.0,12514,Emeka Egbuka,WR,9.1,16.0,2.04,18.04,18.85,18.27,0.109,1.0,18.04,,0.0,0
2026-10-09 02:37:53Z,DAL,in,0.75,Q4 15:00,-14.0,DAL,Dallas Cowboys D/ST,DST,7.3,1.0,0.21,1.21,2.55,2.83,0.11,1.0,1.21,,0.0,0
2026-10-09 02:37:53Z,DAL,in,0.75,Q4 15:00,-14.0,8137,George Pickens,WR,14.8,10.3,5.1,15.4,13.95,14.0,0.179,1.0,15.4,,0.0,0
2026-10-09 02:37:53Z,TB,in,0.75,Q4 15:00,14.0,TB,Tampa Bay Buccaneers D/ST,DST,3.1,8.0,-0.07,7.93,9.13,8.78,0.123,1.0,7.93,,0.0,0
2026-10-09 02:37:53Z,DAL,in,0.75,Q4 15:00,-14.0,8917,KaVontae Turpin,WR,2.0,-0.3,0.61,0.31,0.09,0.2,0.123,1.0,0.31,,0.0,0
2026-10-09 02:37:53Z,TB,in,0.75,Q4 15:00,14.0,10227,Payne Durham,TE,1.1,1.5,0.23,1.73,1.82,1.77,0.25,1.0,1.73,,0.0,0
2026-10-09 02:37:53Z,DAL,in,0.75,Q4 15:00,-14.0,11593,Brevyn Spann-Ford,TE,0.6,0.0,0.19,0.19,0.12,0.15,0.75,1.0,0.19,,0.0,0
2026-10-09 02:37:53Z,TB,in,0.75,Q4 15:00,14.0,13425,Jalon Daniels,QB,15.0,12.48,2.64,15.12,16.31,16.23,0.086,1.0,15.12,,0.0,0
2026-10-09 02:37:53Z,DAL,in,0.75,Q4 15:00,-14.0,11199,Emari Demercado,RB,3.7,0.0,0.78,0.78,0.75,0.93,0.75,1.0,0.78,,0.0,0
2026-10-09 02:37:53Z,DAL,in,0.75,Q4 15:00,-14.0,8162,Sam Howell,QB,0.9,0.0,0.28,0.28,0.18,0.23,0.75,0.3,0.09,,0.0,0
2026-10-09 02:37:53Z,DAL,in,0.75,Q4 15:00,-14.0,11783,Ryan Flournoy,WR,8.3,5.8,2.86,8.66,7.85,7.88,0.25,1.0,8.66,,0.0,0
2026-10-09 02:37:53Z,DAL,in,0.75,Q4 15:00,-14.0,10871,Luke Schoonmaker,TE,1.9,1.9,0.68,2.58,2.4,2.38,0.213,1.0,2.58,,0.0,0
2026-10-09 02:37:53Z,TB,in,0.75,Q4 15:00,14.0,13317,Ted Hurst,WR,4.5,0.0,0.63,0.63,0.91,1.12,0.75,1.0,0.63,,0.0,0
2026-10-09 02:37:53Z,TB,in,0.75,Q4 15:00,14.0,12485,Tez Johnson,WR,4.2,7.4,0.94,8.34,8.72,8.45,0.149,1.0,8.34,,0.0,0
2026-10-09 02:37:53Z,DAL,in,0.75,Q4 15:00,-14.0,7588,Javonte Williams,RB,18.2,13.6,4.91,18.51,18.15,18.15,0.033,1.0,18.51,,0.0,0
2026-10-09 02:38:53Z,DAL,in,0.75,Q4 15:00,-14.0,11533,Brandon Aubrey,K,9.8,5.0,2.3,7.3,7.3,7.45,0.25,1.0,7.3,,0.0,0
2026-10-09 02:38:53Z,DAL,in,0.75,Q4 15:00,-14.0,6786,CeeDee Lamb,WR,19.6,2.9,6.24,9.14,7.06,7.8,0.179,1.0,9.14,,0.0,0
2026-10-09 02:38:53Z,TB,in,0.75,Q4 15:00,14.0,11584,Bucky Irving,RB,11.1,25.7,3.81,29.51,29.56,28.47,0.125,1.0,29.51,,0.0,0
2026-10-09 02:38:53Z,DAL,in,0.75,Q4 15:00,-14.0,3294,Dak Prescott,QB,22.1,5.64,7.48,13.12,10.48,11.16,0.033,1.0,13.12,,0.0,0
2026-10-09 02:38:53Z,TB,in,0.75,Q4 15:00,14.0,8111,Cade Otton,TE,7.9,5.5,1.36,6.86,7.45,7.47,0.094,1.0,6.86,,0.0,0
2026-10-09 02:38:53Z,TB,in,0.75,Q4 15:00,14.0,4037,Chris Godwin,WR,8.0,7.0,1.45,8.45,9.06,9.0,0.25,1.0,8.45,,0.0,0
2026-10-09 02:38:53Z,DAL,in,0.75,Q4 15:00,-14.0,8110,Jake Ferguson,TE,8.8,3.3,2.9,6.2,5.29,5.5,0.033,1.0,6.2,,0.0,0
2026-10-09 02:38:53Z,TB,in,0.75,Q4 15:00,14.0,6650,Chase McLaughlin,K,6.7,7.0,1.8,8.8,8.8,8.68,0.049,1.0,8.8,,0.0,0
2026-10-09 02:38:53Z,TB,in,0.75,Q4 15:00,14.0,9506,Sean Tucker,RB,2.4,1.2,0.48,1.68,1.76,1.8,0.0,1.0,1.68,,0.0,0
2026-10-09 02:38:53Z,TB,in,0.75,Q4 15:00,14.0,12514,Emeka Egbuka,WR,9.1,16.0,2.04,18.04,18.85,18.27,0.109,1.0,18.04,,0.0,0
2026-10-09 02:38:53Z,DAL,in,0.75,Q4 15:00,-14.0,DAL,Dallas Cowboys D/ST,DST,7.3,1.0,0.21,1.21,2.55,2.83,0.11,1.0,1.21,,0.0,0
2026-10-09 02:38:53Z,DAL,in,0.75,Q4 15:00,-14.0,8137,George Pickens,WR,14.8,10.3,5.1,15.4,13.95,14.0,0.179,1.0,15.4,,0.0,0
2026-10-09 02:38:53Z,TB,in,0.75,Q4 15:00,14.0,TB,Tampa Bay Buccaneers D/ST,DST,3.1,8.0,-0.07,7.93,9.13,8.78,0.123,1.0,7.93,,0.0,0
2026-10-09 02:38:53Z,DAL,in,0.75,Q4 15:00,-14.0,8917,KaVontae Turpin,WR,2.0,-0.3,0.61,0.31,0.09,0.2,0.123,1.0,0.31,,0.0,0
2026-10-09 02:38:53Z,TB,in,0.75,Q4 15:00,14.0,10227,Payne Durham,TE,1.1,1.5,0.23,1.73,1.82,1.77,0.25,1.0,1.73,,0.0,0
2026-10-09 02:38:53Z,DAL,in,0.75,Q4 15:00,-14.0,11593,Brevyn Spann-Ford,TE,0.6,0.0,0.19,0.19,0.12,0.15,0.75,1.0,0.19,,0.0,0
2026-10-09 02:38:53Z,TB,in,0.75,Q4 15:00,14.0,13425,Jalon Daniels,QB,15.0,12.48,2.64,15.12,16.31,16.23,0.086,1.0,15.12,,0.0,0
2026-10-09 02:38:53Z,DAL,in,0.75,Q4 15:00,-14.0,11199,Emari Demercado,RB,3.7,0.0,0.78,0.78,0.75,0.93,0.75,1.0,0.78,,0.0,0
2026-10-09 02:38:53Z,DAL,in,0.75,Q4 15:00,-14.0,8162,Sam Howell,QB,0.9,0.0,0.28,0.28,0.18,0.23,0.75,0.3,0.09,,0.0,0
2026-10-09 02:38:53Z,DAL,in,0.75,Q4 15:00,-14.0,11783,Ryan Flournoy,WR,8.3,5.8,2.86,8.66,7.85,7.88,0.25,1.0,8.66,,0.0,0
2026-10-09 02:38:53Z,DAL,in,0.75,Q4 15:00,-14.0,10871,Luke Schoonmaker,TE,1.9,1.9,0.68,2.58,2.4,2.38,0.213,1.0,2.58,,0.0,0
2026-10-09 02:38:53Z,TB,in,0.75,Q4 15:00,14.0,13317,Ted Hurst,WR,4.5,0.0,0.63,0.63,0.91,1.12,0.75,1.0,0.63,,0.0,0
2026-10-09 02:38:53Z,TB,in,0.75,Q4 15:00,14.0,12485,Tez Johnson,WR,4.2,7.4,0.94,8.34,8.72,8.45,0.149,1.0,8.34,,0.0,0
2026-10-09 02:38:53Z,DAL,in,0.75,Q4 15:00,-14.0,7588,Javonte Williams,RB,18.2,13.6,4.91,18.51,18.15,18.15,0.033,1.0,18.51,,0.0,0
2026-10-09 02:39:54Z,DAL,in,0.75,Q4 15:00,-14.0,11533,Brandon Aubrey,K,9.8,5.0,2.3,7.3,7.3,7.45,0.25,1.0,7.3,,0.0,0
2026-10-09 02:39:54Z,DAL,in,0.75,Q4 15:00,-14.0,6786,CeeDee Lamb,WR,19.6,2.9,6.24,9.14,7.06,7.8,0.179,1.0,9.14,,0.0,0
2026-10-09 02:39:54Z,TB,in,0.75,Q4 15:00,14.0,11584,Bucky Irving,RB,11.1,25.7,3.81,29.51,29.56,28.47,0.125,1.0,29.51,,0.0,0
2026-10-09 02:39:54Z,DAL,in,0.75,Q4 15:00,-14.0,3294,Dak Prescott,QB,22.1,5.64,7.48,13.12,10.48,11.16,0.033,1.0,13.12,,0.0,0
2026-10-09 02:39:54Z,TB,in,0.75,Q4 15:00,14.0,8111,Cade Otton,TE,7.9,5.5,1.36,6.86,7.45,7.47,0.094,1.0,6.86,,0.0,0
2026-10-09 02:39:54Z,TB,in,0.75,Q4 15:00,14.0,4037,Chris Godwin,WR,8.0,7.0,1.45,8.45,9.06,9.0,0.25,1.0,8.45,,0.0,0
2026-10-09 02:39:54Z,DAL,in,0.75,Q4 15:00,-14.0,8110,Jake Ferguson,TE,8.8,3.3,2.9,6.2,5.29,5.5,0.033,1.0,6.2,,0.0,0
2026-10-09 02:39:54Z,TB,in,0.75,Q4 15:00,14.0,6650,Chase McLaughlin,K,6.7,7.0,1.8,8.8,8.8,8.68,0.049,1.0,8.8,,0.0,0
2026-10-09 02:39:54Z,TB,in,0.75,Q4 15:00,14.0,9506,Sean Tucker,RB,2.4,1.2,0.48,1.68,1.76,1.8,0.0,1.0,1.68,,0.0,0
2026-10-09 02:39:54Z,TB,in,0.75,Q4 15:00,14.0,12514,Emeka Egbuka,WR,9.1,16.0,2.04,18.04,18.85,18.27,0.109,1.0,18.04,,0.0,0
2026-10-09 02:39:54Z,DAL,in,0.75,Q4 15:00,-14.0,DAL,Dallas Cowboys D/ST,DST,7.3,1.0,0.21,1.21,2.55,2.83,0.11,1.0,1.21,,0.0,0
2026-10-09 02:39:54Z,DAL,in,0.75,Q4 15:00,-14.0,8137,George Pickens,WR,14.8,10.3,5.1,15.4,13.95,14.0,0.179,1.0,15.4,,0.0,0
2026-10-09 02:39:54Z,TB,in,0.75,Q4 15:00,14.0,TB,Tampa Bay Buccaneers D/ST,DST,3.1,8.0,-0.07,7.93,9.13,8.78,0.123,1.0,7.93,,0.0,0
2026-10-09 02:39:54Z,DAL,in,0.75,Q4 15:00,-14.0,8917,KaVontae Turpin,WR,2.0,-0.3,0.61,0.31,0.09,0.2,0.123,1.0,0.31,,0.0,0
2026-10-09 02:39:54Z,TB,in,0.75,Q4 15:00,14.0,10227,Payne Durham,TE,1.1,1.5,0.23,1.73,1.82,1.77,0.25,1.0,1.73,,0.0,0
2026-10-09 02:39:54Z,DAL,in,0.75,Q4 15:00,-14.0,11593,Brevyn Spann-Ford,TE,0.6,0.0,0.19,0.19,0.12,0.15,0.75,1.0,0.19,,0.0,0
2026-10-09 02:39:54Z,TB,in,0.75,Q4 15:00,14.0,13425,Jalon Daniels,QB,15.0,12.48,2.64,15.12,16.31,16.23,0.086,1.0,15.12,,0.0,0
2026-10-09 02:39:54Z,DAL,in,0.75,Q4 15:00,-14.0,11199,Emari Demercado,RB,3.7,0.0,0.78,0.78,0.75,0.93,0.75,1.0,0.78,,0.0,0
2026-10-09 02:39:54Z,DAL,in,0.75,Q4 15:00,-14.0,8162,Sam Howell,QB,0.9,0.0,0.28,0.28,0.18,0.23,0.75,0.3,0.09,,0.0,0
2026-10-09 02:39:54Z,DAL,in,0.75,Q4 15:00,-14.0,11783,Ryan Flournoy,WR,8.3,5.8,2.86,8.66,7.85,7.88,0.25,1.0,8.66,,0.0,0
2026-10-09 02:39:54Z,DAL,in,0.75,Q4 15:00,-14.0,10871,Luke Schoonmaker,TE,1.9,1.9,0.68,2.58,2.4,2.38,0.213,1.0,2.58,,0.0,0
2026-10-09 02:39:54Z,TB,in,0.75,Q4 15:00,14.0,13317,Ted Hurst,WR,4.5,0.0,0.63,0.63,0.91,1.12,0.75,1.0,0.63,,0.0,0
2026-10-09 02:39:54Z,TB,in,0.75,Q4 15:00,14.0,12485,Tez Johnson,WR,4.2,7.4,0.94,8.34,8.72,8.45,0.149,1.0,8.34,,0.0,0
2026-10-09 02:39:54Z,DAL,in,0.75,Q4 15:00,-14.0,7588,Javonte Williams,RB,18.2,13.6,4.91,18.51,18.15,18.15,0.033,1.0,18.51,,0.0,0
2026-10-09 02:40:54Z,DAL,in,0.75,Q4 15:00,-14.0,11533,Brandon Aubrey,K,9.8,5.0,2.3,7.3,7.3,7.45,0.25,1.0,7.3,,0.0,0
2026-10-09 02:40:54Z,DAL,in,0.75,Q4 15:00,-14.0,6786,CeeDee Lamb,WR,19.6,2.9,6.24,9.14,7.06,7.8,0.179,1.0,9.14,,0.0,0
2026-10-09 02:40:54Z,TB,in,0.75,Q4 15:00,14.0,11584,Bucky Irving,RB,11.1,25.7,3.81,29.51,29.56,28.47,0.125,1.0,29.51,,0.0,0
2026-10-09 02:40:54Z,DAL,in,0.75,Q4 15:00,-14.0,3294,Dak Prescott,QB,22.1,5.64,7.48,13.12,10.48,11.16,0.033,1.0,13.12,,0.0,0
2026-10-09 02:40:54Z,TB,in,0.75,Q4 15:00,14.0,8111,Cade Otton,TE,7.9,5.5,1.36,6.86,7.45,7.47,0.094,1.0,6.86,,0.0,0
2026-10-09 02:40:54Z,TB,in,0.75,Q4 15:00,14.0,4037,Chris Godwin,WR,8.0,7.0,1.45,8.45,9.06,9.0,0.25,1.0,8.45,,0.0,0
2026-10-09 02:40:54Z,DAL,in,0.75,Q4 15:00,-14.0,8110,Jake Ferguson,TE,8.8,3.3,2.9,6.2,5.29,5.5,0.033,1.0,6.2,,0.0,0
2026-10-09 02:40:54Z,TB,in,0.75,Q4 15:00,14.0,6650,Chase McLaughlin,K,6.7,7.0,1.8,8.8,8.8,8.68,0.049,1.0,8.8,,0.0,0
2026-10-09 02:40:54Z,TB,in,0.75,Q4 15:00,14.0,9506,Sean Tucker,RB,2.4,1.2,0.48,1.68,1.76,1.8,0.0,1.0,1.68,,0.0,0
2026-10-09 02:40:54Z,TB,in,0.75,Q4 15:00,14.0,12514,Emeka Egbuka,WR,9.1,16.0,2.04,18.04,18.85,18.27,0.109,1.0,18.04,,0.0,0
2026-10-09 02:40:54Z,DAL,in,0.75,Q4 15:00,-14.0,DAL,Dallas Cowboys D/ST,DST,7.3,1.0,0.21,1.21,2.55,2.83,0.11,1.0,1.21,,0.0,0
2026-10-09 02:40:54Z,DAL,in,0.75,Q4 15:00,-14.0,8137,George Pickens,WR,14.8,10.3,5.1,15.4,13.95,14.0,0.179,1.0,15.4,,0.0,0
2026-10-09 02:40:54Z,TB,in,0.75,Q4 15:00,14.0,TB,Tampa Bay Buccaneers D/ST,DST,3.1,8.0,-0.07,7.93,9.13,8.78,0.123,1.0,7.93,,0.0,0
2026-10-09 02:40:54Z,DAL,in,0.75,Q4 15:00,-14.0,8917,KaVontae Turpin,WR,2.0,-0.3,0.61,0.31,0.09,0.2,0.123,1.0,0.31,,0.0,0
2026-10-09 02:40:54Z,TB,in,0.75,Q4 15:00,14.0,10227,Payne Durham,TE,1.1,1.5,0.23,1.73,1.82,1.77,0.25,1.0,1.73,,0.0,0
2026-10-09 02:40:54Z,DAL,in,0.75,Q4 15:00,-14.0,11593,Brevyn Spann-Ford,TE,0.6,0.0,0.19,0.19,0.12,0.15,0.75,1.0,0.19,,0.0,0
2026-10-09 02:40:54Z,TB,in,0.75,Q4 15:00,14.0,13425,Jalon Daniels,QB,15.0,12.48,2.64,15.12,16.31,16.23,0.086,1.0,15.12,,0.0,0
2026-10-09 02:40:54Z,DAL,in,0.75,Q4 15:00,-14.0,11199,Emari Demercado,RB,3.7,0.0,0.78,0.78,0.75,0.93,0.75,1.0,0.78,,0.0,0
2026-10-09 02:40:54Z,DAL,in,0.75,Q4 15:00,-14.0,8162,Sam Howell,QB,0.9,0.0,0.28,0.28,0.18,0.23,0.75,0.3,0.09,,0.0,0
2026-10-09 02:40:54Z,DAL,in,0.75,Q4 15:00,-14.0,11783,Ryan Flournoy,WR,8.3,5.8,2.86,8.66,7.85,7.88,0.25,1.0,8.66,,0.0,0
2026-10-09 02:40:54Z,DAL,in,0.75,Q4 15:00,-14.0,10871,Luke Schoonmaker,TE,1.9,1.9,0.68,2.58,2.4,2.38,0.213,1.0,2.58,,0.0,0
2026-10-09 02:40:54Z,TB,in,0.75,Q4 15:00,14.0,13317,Ted Hurst,WR,4.5,0.0,0.63,0.63,0.91,1.12,0.75,1.0,0.63,,0.0,0
2026-10-09 02:40:54Z,TB,in,0.75,Q4 15:00,14.0,12485,Tez Johnson,WR,4.2,7.4,0.94,8.34,8.72,8.45,0.149,1.0,8.34,,0.0,0
2026-10-09 02:40:54Z,DAL,in,0.75,Q4 15:00,-14.0,7588,Javonte Williams,RB,18.2,13.6,4.91,18.51,18.15,18.15,0.033,1.0,18.51,,0.0,0
2026-10-09 02:41:54Z,DAL,in,0.751,Q4 14:56,-14.0,11533,Brandon Aubrey,K,9.8,5.0,2.29,7.29,7.29,7.44,0.251,1.0,7.29,,0.0,0
2026-10-09 02:41:54Z,DAL,in,0.751,Q4 14:56,-14.0,6786,CeeDee Lamb,WR,19.6,2.9,6.21,9.11,7.04,7.78,0.18,1.0,9.11,,0.0,0
2026-10-09 02:41:54Z,TB,in,0.751,Q4 14:56,14.0,11584,Bucky Irving,RB,11.1,25.7,3.79,29.49,29.54,28.46,0.126,1.0,29.49,,0.0,0
2026-10-09 02:41:54Z,DAL,in,0.751,Q4 14:56,-14.0,3294,Dak Prescott,QB,22.1,5.64,7.45,13.09,10.46,11.14,0.034,1.0,13.09,,0.0,0
2026-10-09 02:41:54Z,TB,in,0.751,Q4 14:56,14.0,8111,Cade Otton,TE,7.9,5.5,1.36,6.86,7.44,7.47,0.096,1.0,6.86,,0.0,0
2026-10-09 02:41:54Z,TB,in,0.751,Q4 14:56,14.0,4037,Chris Godwin,WR,8.0,7.0,1.44,8.44,9.05,8.99,0.251,1.0,8.44,,0.0,0
2026-10-09 02:41:54Z,DAL,in,0.751,Q4 14:56,-14.0,8110,Jake Ferguson,TE,8.8,3.3,2.89,6.19,5.28,5.49,0.034,1.0,6.19,,0.0,0
2026-10-09 02:41:54Z,TB,in,0.751,Q4 14:56,14.0,6650,Chase McLaughlin,K,6.7,7.0,1.79,8.79,8.79,8.67,0.051,1.0,8.79,,0.0,0
2026-10-09 02:41:54Z,TB,in,0.751,Q4 14:56,14.0,9506,Sean Tucker,RB,2.4,1.2,0.48,1.68,1.76,1.8,0.001,1.0,1.68,,0.0,0
2026-10-09 02:41:54Z,TB,in,0.751,Q4 14:56,14.0,12514,Emeka Egbuka,WR,9.1,16.0,2.03,18.03,18.84,18.26,0.11,1.0,18.03,,0.0,0
2026-10-09 02:41:54Z,DAL,in,0.751,Q4 14:56,-14.0,DAL,Dallas Cowboys D/ST,DST,7.3,1.0,0.21,1.21,2.54,2.82,0.111,1.0,1.21,,0.0,0
2026-10-09 02:41:54Z,DAL,in,0.751,Q4 14:56,-14.0,8137,George Pickens,WR,14.8,10.3,5.08,15.38,13.93,13.98,0.18,1.0,15.38,,0.0,0
2026-10-09 02:41:54Z,TB,in,0.751,Q4 14:56,14.0,TB,Tampa Bay Buccaneers D/ST,DST,3.1,8.0,-0.07,7.93,9.12,8.77,0.124,1.0,7.93,,0.0,0
2026-10-09 02:41:54Z,DAL,in,0.751,Q4 14:56,-14.0,8917,KaVontae Turpin,WR,2.0,-0.3,0.61,0.31,0.09,0.2,0.124,1.0,0.31,,0.0,0
2026-10-09 02:41:54Z,TB,in,0.751,Q4 14:56,14.0,10227,Payne Durham,TE,1.1,1.5,0.22,1.72,1.82,1.77,0.251,1.0,1.72,,0.0,0
2026-10-09 02:41:54Z,DAL,in,0.751,Q4 14:56,-14.0,11593,Brevyn Spann-Ford,TE,0.6,0.0,0.19,0.19,0.12,0.15,0.751,1.0,0.19,,0.0,0
2026-10-09 02:41:54Z,TB,in,0.751,Q4 14:56,14.0,13425,Jalon Daniels,QB,15.0,12.48,2.63,15.11,16.29,16.21,0.087,1.0,15.11,,0.0,0
2026-10-09 02:41:54Z,DAL,in,0.751,Q4 14:56,-14.0,11199,Emari Demercado,RB,3.7,0.0,0.78,0.78,0.75,0.92,0.751,1.0,0.78,,0.0,0
2026-10-09 02:41:54Z,DAL,in,0.751,Q4 14:56,-14.0,8162,Sam Howell,QB,0.9,0.0,0.28,0.28,0.18,0.22,0.751,0.3,0.08,,0.0,0
2026-10-09 02:41:54Z,DAL,in,0.751,Q4 14:56,-14.0,11783,Ryan Flournoy,WR,8.3,5.8,2.85,8.65,7.84,7.87,0.251,1.0,8.65,,0.0,0
2026-10-09 02:41:54Z,DAL,in,0.751,Q4 14:56,-14.0,10871,Luke Schoonmaker,TE,1.9,1.9,0.68,2.58,2.4,2.37,0.214,1.0,2.58,,0.0,0
2026-10-09 02:41:54Z,TB,in,0.751,Q4 14:56,14.0,13317,Ted Hurst,WR,4.5,0.0,0.62,0.62,0.91,1.12,0.751,1.0,0.62,,0.0,0
2026-10-09 02:41:54Z,TB,in,0.751,Q4 14:56,14.0,12485,Tez Johnson,WR,4.2,7.4,0.94,8.34,8.71,8.45,0.15,1.0,8.34,,0.0,0
2026-10-09 02:41:54Z,DAL,in,0.751,Q4 14:56,-14.0,7588,Javonte Williams,RB,18.2,13.6,4.89,18.49,18.13,18.13,0.034,1.0,18.49,,0.0,0
2026-10-09 02:42:55Z,DAL,in,0.764,Q4 14:08,-14.0,11533,Brandon Aubrey,K,9.8,5.0,2.16,7.16,7.16,7.31,0.264,1.0,7.16,,0.0,0
2026-10-09 02:42:55Z,DAL,in,0.764,Q4 14:08,-14.0,6786,CeeDee Lamb,WR,19.6,2.9,5.93,8.83,6.81,7.52,0.193,1.0,8.83,,0.0,0
2026-10-09 02:42:55Z,TB,in,0.764,Q4 14:08,14.0,11584,Bucky Irving,RB,11.1,25.7,3.56,29.26,29.33,28.31,0.14,1.0,29.26,,0.0,0
2026-10-09 02:42:55Z,DAL,in,0.764,Q4 14:08,-14.0,3294,Dak Prescott,QB,22.1,5.64,7.09,12.73,10.18,10.85,0.047,1.0,12.73,,0.0,0
2026-10-09 02:42:55Z,TB,in,0.764,Q4 14:08,14.0,8111,Cade Otton,TE,7.9,5.5,1.28,6.78,7.33,7.36,0.109,1.0,6.78,,0.0,0
2026-10-09 02:42:55Z,TB,in,0.764,Q4 14:08,14.0,4037,Chris Godwin,WR,8.0,7.0,1.36,8.36,8.94,8.88,0.264,1.0,8.36,,0.0,0
2026-10-09 02:42:55Z,DAL,in,0.764,Q4 14:08,-14.0,8110,Jake Ferguson,TE,8.8,3.3,2.75,6.05,5.17,5.37,0.047,1.0,6.05,,0.0,0
2026-10-09 02:42:55Z,TB,in,0.764,Q4 14:08,14.0,6650,Chase McLaughlin,K,6.7,7.0,1.69,8.69,8.69,8.58,0.064,1.0,8.69,,0.0,0
2026-10-09 02:42:55Z,TB,in,0.764,Q4 14:08,14.0,9506,Sean Tucker,RB,2.4,1.8,0.5,2.3,2.36,2.37,0.0,1.0,2.3,,0.0,0
2026-10-09 02:42:55Z,TB,in,0.764,Q4 14:08,14.0,12514,Emeka Egbuka,WR,9.1,16.0,1.92,17.92,18.68,18.14,0.123,1.0,17.92,,0.0,0
2026-10-09 02:42:55Z,DAL,in,0.764,Q4 14:08,-14.0,DAL,Dallas Cowboys D/ST,DST,7.3,1.0,0.19,1.19,2.45,2.72,0.124,1.0,1.19,,0.0,0
2026-10-09 02:42:55Z,DAL,in,0.764,Q4 14:08,-14.0,8137,George Pickens,WR,14.8,10.3,4.85,15.15,13.73,13.79,0.193,1.0,15.15,,0.0,0
2026-10-09 02:42:55Z,TB,in,0.764,Q4 14:08,14.0,TB,Tampa Bay Buccaneers D/ST,DST,3.1,8.0,-0.05,7.95,9.06,8.73,0.138,1.0,7.95,,0.0,0
2026-10-09 02:42:55Z,DAL,in,0.764,Q4 14:08,-14.0,8917,KaVontae Turpin,WR,2.0,-0.3,0.58,0.28,0.06,0.17,0.138,1.0,0.28,,0.0,0
2026-10-09 02:42:55Z,TB,in,0.764,Q4 14:08,14.0,10227,Payne Durham,TE,1.1,1.5,0.21,1.71,1.8,1.76,0.264,1.0,1.71,,0.0,0
2026-10-09 02:42:55Z,DAL,in,0.764,Q4 14:08,-14.0,11593,Brevyn Spann-Ford,TE,0.6,0.0,0.18,0.18,0.11,0.14,0.764,1.0,0.18,,0.0,0
2026-10-09 02:42:55Z,TB,in,0.764,Q4 14:08,14.0,13425,Jalon Daniels,QB,15.0,12.48,2.46,14.94,16.07,16.01,0.1,1.0,14.94,,0.0,0
2026-10-09 02:42:55Z,DAL,in,0.764,Q4 14:08,-14.0,11199,Emari Demercado,RB,3.7,0.0,0.74,0.74,0.7,0.87,0.764,1.0,0.74,,0.0,0
2026-10-09 02:42:55Z,DAL,in,0.764,Q4 14:08,-14.0,8162,Sam Howell,QB,0.9,0.0,0.27,0.27,0.17,0.21,0.764,0.3,0.08,,0.0,0
2026-10-09 02:42:55Z,DAL,in,0.764,Q4 14:08,-14.0,11783,Ryan Flournoy,WR,8.3,5.8,2.72,8.52,7.72,7.76,0.264,1.0,8.52,,0.0,0
2026-10-09 02:42:55Z,DAL,in,0.764,Q4 14:08,-14.0,10871,Luke Schoonmaker,TE,1.9,1.9,0.65,2.55,2.37,2.35,0.227,1.0,2.55,,0.0,0
2026-10-09 02:42:55Z,TB,in,0.764,Q4 14:08,14.0,13317,Ted Hurst,WR,4.5,0.0,0.58,0.58,0.86,1.06,0.764,1.0,0.58,,0.0,0
2026-10-09 02:42:55Z,TB,in,0.764,Q4 14:08,14.0,12485,Tez Johnson,WR,4.2,7.4,0.89,8.29,8.64,8.39,0.163,1.0,8.29,,0.0,0
2026-10-09 02:42:55Z,DAL,in,0.764,Q4 14:08,-14.0,7588,Javonte Williams,RB,18.2,13.6,4.61,18.21,17.87,17.89,0.047,1.0,18.21,,0.0,0
2026-10-09 02:43:55Z,DAL,in,0.777,Q4 13:24,-14.0,11533,Brandon Aubrey,K,9.8,5.0,2.04,7.04,7.04,7.19,0.277,1.0,7.04,,0.0,0
2026-10-09 02:43:55Z,DAL,in,0.777,Q4 13:24,-14.0,6786,CeeDee Lamb,WR,19.6,2.9,5.67,8.57,6.59,7.28,0.205,1.0,8.57,,0.0,0
2026-10-09 02:43:55Z,TB,in,0.777,Q4 13:24,14.0,11584,Bucky Irving,RB,11.1,27.2,3.45,30.65,30.72,29.68,0.0,1.0,30.65,,0.0,0
2026-10-09 02:43:55Z,DAL,in,0.777,Q4 13:24,-14.0,3294,Dak Prescott,QB,22.1,5.64,6.77,12.41,9.93,10.58,0.059,1.0,12.41,,0.0,0
2026-10-09 02:43:55Z,TB,in,0.777,Q4 13:24,14.0,8111,Cade Otton,TE,7.9,5.5,1.21,6.71,7.23,7.26,0.121,1.0,6.71,,0.0,0
2026-10-09 02:43:55Z,TB,in,0.777,Q4 13:24,14.0,4037,Chris Godwin,WR,8.0,7.0,1.28,8.28,8.83,8.79,0.277,1.0,8.28,,0.0,0
2026-10-09 02:43:55Z,DAL,in,0.777,Q4 13:24,-14.0,8110,Jake Ferguson,TE,8.8,3.3,2.63,5.93,5.07,5.27,0.059,1.0,5.93,,0.0,0
2026-10-09 02:43:55Z,TB,in,0.777,Q4 13:24,14.0,6650,Chase McLaughlin,K,6.7,7.0,1.6,8.6,8.6,8.5,0.076,1.0,8.6,,0.0,0
2026-10-09 02:43:55Z,TB,in,0.777,Q4 13:24,14.0,9506,Sean Tucker,RB,2.4,1.8,0.47,2.27,2.33,2.34,0.012,1.0,2.27,,0.0,0
2026-10-09 02:43:55Z,TB,in,0.777,Q4 13:24,14.0,12514,Emeka Egbuka,WR,9.1,16.0,1.81,17.81,18.53,18.03,0.135,1.0,17.81,,0.0,0
2026-10-09 02:43:55Z,DAL,in,0.777,Q4 13:24,-14.0,DAL,Dallas Cowboys D/ST,DST,7.3,1.0,0.18,1.18,2.37,2.63,0.137,1.0,1.18,,0.0,0
2026-10-09 02:43:55Z,DAL,in,0.777,Q4 13:24,-14.0,8137,George Pickens,WR,14.8,10.3,4.64,14.94,13.54,13.61,0.205,1.0,14.94,,0.0,0
2026-10-09 02:43:55Z,TB,in,0.777,Q4 13:24,14.0,TB,Tampa Bay Buccaneers D/ST,DST,3.1,8.0,-0.03,7.97,9.0,8.69,0.15,1.0,7.97,,0.0,0
2026-10-09 02:43:55Z,DAL,in,0.777,Q4 13:24,-14.0,8917,KaVontae Turpin,WR,2.0,-0.3,0.55,0.25,0.04,0.15,0.15,1.0,0.25,,0.0,0
2026-10-09 02:43:55Z,TB,in,0.777,Q4 13:24,14.0,10227,Payne Durham,TE,1.1,1.5,0.2,1.7,1.78,1.75,0.277,1.0,1.7,,0.0,0
2026-10-09 02:43:55Z,DAL,in,0.777,Q4 13:24,-14.0,11593,Brevyn Spann-Ford,TE,0.6,0.0,0.17,0.17,0.11,0.13,0.777,1.0,0.17,,0.0,0
2026-10-09 02:43:55Z,TB,in,0.777,Q4 13:24,14.0,13425,Jalon Daniels,QB,15.0,12.68,2.32,15.0,16.09,16.03,0.0,1.0,15.0,,0.0,0
2026-10-09 02:43:55Z,DAL,in,0.777,Q4 13:24,-14.0,11199,Emari Demercado,RB,3.7,0.0,0.7,0.7,0.67,0.83,0.777,1.0,0.7,,0.0,0
2026-10-09 02:43:55Z,DAL,in,0.777,Q4 13:24,-14.0,8162,Sam Howell,QB,0.9,0.0,0.26,0.26,0.16,0.2,0.777,0.3,0.08,,0.0,0
2026-10-09 02:43:55Z,DAL,in,0.777,Q4 13:24,-14.0,11783,Ryan Flournoy,WR,8.3,5.8,2.6,8.4,7.62,7.65,0.277,1.0,8.4,,0.0,0
2026-10-09 02:43:55Z,DAL,in,0.777,Q4 13:24,-14.0,10871,Luke Schoonmaker,TE,1.9,1.9,0.62,2.52,2.35,2.32,0.239,1.0,2.52,,0.0,0
2026-10-09 02:43:55Z,TB,in,0.777,Q4 13:24,14.0,13317,Ted Hurst,WR,4.5,0.0,0.55,0.55,0.81,1.01,0.777,1.0,0.55,,0.0,0
2026-10-09 02:43:55Z,TB,in,0.777,Q4 13:24,14.0,12485,Tez Johnson,WR,4.2,7.4,0.84,8.24,8.57,8.34,0.176,1.0,8.24,,0.0,0
2026-10-09 02:43:55Z,DAL,in,0.777,Q4 13:24,-14.0,7588,Javonte Williams,RB,18.2,13.6,4.36,17.96,17.63,17.66,0.059,1.0,17.96,,0.0,0
2026-10-09 02:44:56Z,DAL,in,0.787,Q4 12:45,-14.0,11533,Brandon Aubrey,K,9.8,5.0,1.94,6.94,6.94,7.08,0.287,1.0,6.94,,0.0,0
2026-10-09 02:44:56Z,DAL,in,0.787,Q4 12:45,-14.0,6786,CeeDee Lamb,WR,19.6,2.9,5.43,8.33,6.4,7.07,0.216,1.0,8.33,,0.0,0
2026-10-09 02:44:56Z,TB,in,0.787,Q4 12:45,14.0,11584,Bucky Irving,RB,11.1,27.9,3.31,31.21,31.28,30.26,0.0,1.0,31.21,,0.0,0
2026-10-09 02:44:56Z,DAL,in,0.787,Q4 12:45,-14.0,3294,Dak Prescott,QB,22.1,5.64,6.47,12.11,9.71,10.34,0.07,1.0,12.11,,0.0,0
2026-10-09 02:44:56Z,TB,in,0.787,Q4 12:45,14.0,8111,Cade Otton,TE,7.9,5.5,1.14,6.64,7.14,7.18,0.132,1.0,6.64,,0.0,0
2026-10-09 02:44:56Z,TB,in,0.787,Q4 12:45,14.0,4037,Chris Godwin,WR,8.0,7.0,1.22,8.22,8.74,8.7,0.287,1.0,8.22,,0.0,0
2026-10-09 02:44:56Z,DAL,in,0.787,Q4 12:45,-14.0,8110,Jake Ferguson,TE,8.8,3.3,2.52,5.82,4.98,5.17,0.07,1.0,5.82,,0.0,0
2026-10-09 02:44:56Z,TB,in,0.787,Q4 12:45,14.0,6650,Chase McLaughlin,K,6.7,7.0,1.52,8.52,8.52,8.42,0.087,1.0,8.52,,0.0,0
2026-10-09 02:44:56Z,TB,in,0.787,Q4 12:45,14.0,9506,Sean Tucker,RB,2.4,1.8,0.44,2.24,2.31,2.31,0.023,1.0,2.24,,0.0,0
2026-10-09 02:44:56Z,TB,in,0.787,Q4 12:45,14.0,12514,Emeka Egbuka,WR,9.1,16.0,1.72,17.72,18.4,17.93,0.146,1.0,17.72,,0.0,0
2026-10-09 02:44:56Z,DAL,in,0.787,Q4 12:45,-14.0,DAL,Dallas Cowboys D/ST,DST,7.3,1.0,0.17,1.17,2.3,2.55,0.147,1.0,1.17,,0.0,0
2026-10-09 02:44:56Z,DAL,in,0.787,Q4 12:45,-14.0,8137,George Pickens,WR,14.8,10.3,4.44,14.74,13.37,13.45,0.216,1.0,14.74,,0.0,0
2026-10-09 02:44:56Z,TB,in,0.787,Q4 12:45,14.0,TB,Tampa Bay Buccaneers D/ST,DST,3.1,8.0,-0.01,7.99,8.95,8.66,0.161,1.0,7.99,,0.0,0
2026-10-09 02:44:56Z,DAL,in,0.787,Q4 12:45,-14.0,8917,KaVontae Turpin,WR,2.0,-0.3,0.53,0.23,0.03,0.13,0.161,1.0,0.23,,0.0,0
2026-10-09 02:44:56Z,TB,in,0.787,Q4 12:45,14.0,10227,Payne Durham,TE,1.1,1.5,0.19,1.69,1.77,1.73,0.287,1.0,1.69,,0.0,0
2026-10-09 02:44:56Z,DAL,in,0.787,Q4 12:45,-14.0,11593,Brevyn Spann-Ford,TE,0.6,0.0,0.16,0.16,0.1,0.13,0.787,1.0,0.16,,0.0,0
2026-10-09 02:44:56Z,TB,in,0.787,Q4 12:45,14.0,13425,Jalon Daniels,QB,15.0,13.58,2.26,15.84,16.86,16.77,0.0,1.0,15.84,,0.0,0
2026-10-09 02:44:56Z,DAL,in,0.787,Q4 12:45,-14.0,11199,Emari Demercado,RB,3.7,0.0,0.66,0.66,0.63,0.79,0.787,1.0,0.66,,0.0,0
2026-10-09 02:44:56Z,DAL,in,0.787,Q4 12:45,-14.0,8162,Sam Howell,QB,0.9,0.0,0.25,0.25,0.15,0.19,0.787,0.3,0.07,,0.0,0
2026-10-09 02:44:56Z,DAL,in,0.787,Q4 12:45,-14.0,11783,Ryan Flournoy,WR,8.3,5.8,2.49,8.29,7.52,7.56,0.287,1.0,8.29,,0.0,0
2026-10-09 02:44:56Z,DAL,in,0.787,Q4 12:45,-14.0,10871,Luke Schoonmaker,TE,1.9,1.9,0.59,2.49,2.33,2.3,0.25,1.0,2.49,,0.0,0
2026-10-09 02:44:56Z,TB,in,0.787,Q4 12:45,14.0,13317,Ted Hurst,WR,4.5,0.0,0.52,0.52,0.77,0.96,0.787,1.0,0.52,,0.0,0
2026-10-09 02:44:56Z,TB,in,0.787,Q4 12:45,14.0,12485,Tez Johnson,WR,4.2,7.4,0.8,8.2,8.51,8.29,0.186,1.0,8.2,,0.0,0
2026-10-09 02:44:56Z,DAL,in,0.787,Q4 12:45,-14.0,7588,Javonte Williams,RB,18.2,13.6,4.14,17.74,17.43,17.47,0.07,1.0,17.74,,0.0,0
2026-10-09 02:45:56Z,DAL,in,0.809,Q4 11:26,-14.0,11533,Brandon Aubrey,K,9.8,5.0,1.73,6.73,6.73,6.87,0.309,1.0,6.73,,0.0,0
2026-10-09 02:45:56Z,DAL,in,0.809,Q4 11:26,-14.0,6786,CeeDee Lamb,WR,19.6,2.9,4.99,7.89,6.02,6.63,0.238,1.0,7.89,,0.0,0
2026-10-09 02:45:56Z,TB,in,0.809,Q4 11:26,14.0,11584,Bucky Irving,RB,11.1,28.1,3.0,31.1,31.13,30.22,0.0,1.0,31.1,,0.0,0
2026-10-09 02:45:56Z,DAL,in,0.809,Q4 11:26,-14.0,3294,Dak Prescott,QB,22.1,5.64,5.94,11.58,9.27,9.85,0.092,1.0,11.58,,0.0,0
2026-10-09 02:45:56Z,TB,in,0.809,Q4 11:26,14.0,8111,Cade Otton,TE,7.9,5.5,1.02,6.52,6.96,7.01,0.154,1.0,6.52,,0.0,0
2026-10-09 02:45:56Z,TB,in,0.809,Q4 11:26,14.0,4037,Chris Godwin,WR,8.0,7.0,1.09,8.09,8.55,8.52,0.309,1.0,8.09,,0.0,0
2026-10-09 02:45:56Z,DAL,in,0.809,Q4 11:26,-14.0,8110,Jake Ferguson,TE,8.8,3.3,2.32,5.62,4.79,4.98,0.092,1.0,5.62,,0.0,0
2026-10-09 02:45:56Z,TB,in,0.809,Q4 11:26,14.0,6650,Chase McLaughlin,K,6.7,7.0,1.35,8.35,8.35,8.28,0.109,1.0,8.35,,0.0,0
2026-10-09 02:45:56Z,TB,in,0.809,Q4 11:26,14.0,9506,Sean Tucker,RB,2.4,1.8,0.39,2.19,2.25,2.26,0.045,1.0,2.19,,0.0,0
2026-10-09 02:45:56Z,TB,in,0.809,Q4 11:26,14.0,12514,Emeka Egbuka,WR,9.1,16.0,1.56,17.56,18.15,17.73,0.168,1.0,17.56,,0.0,0
2026-10-09 02:45:56Z,DAL,in,0.809,Q4 11:26,-14.0,DAL,Dallas Cowboys D/ST,DST,7.3,1.0,0.16,1.16,2.16,2.39,0.169,1.0,1.16,,0.0,0
2026-10-09 02:45:56Z,DAL,in,0.809,Q4 11:26,-14.0,8137,George Pickens,WR,14.8,10.3,4.09,14.39,13.04,13.12,0.238,1.0,14.39,,0.0,0
2026-10-09 02:45:56Z,TB,in,0.809,Q4 11:26,14.0,TB,Tampa Bay Buccaneers D/ST,DST,3.1,8.0,0.02,8.02,8.85,8.59,0.183,1.0,8.02,,0.0,0
2026-10-09 02:45:56Z,DAL,in,0.809,Q4 11:26,-14.0,8917,KaVontae Turpin,WR,2.0,-0.3,0.49,0.19,-0.01,0.08,0.183,1.0,0.19,,0.0,0
2026-10-09 02:45:56Z,TB,in,0.809,Q4 11:26,14.0,10227,Payne Durham,TE,1.1,1.5,0.17,1.67,1.74,1.71,0.309,1.0,1.67,,0.0,0
2026-10-09 02:45:56Z,DAL,in,0.809,Q4 11:26,-14.0,11593,Brevyn Spann-Ford,TE,0.6,0.0,0.15,0.15,0.09,0.11,0.809,1.0,0.15,,0.0,0
2026-10-09 02:45:56Z,TB,in,0.809,Q4 11:26,14.0,13425,Jalon Daniels,QB,15.0,13.58,2.0,15.58,16.51,16.44,0.022,1.0,15.58,,0.0,0
2026-10-09 02:45:56Z,DAL,in,0.809,Q4 11:26,-14.0,11199,Emari Demercado,RB,3.7,0.0,0.59,0.59,0.56,0.71,0.809,1.0,0.59,,0.0,0
2026-10-09 02:45:56Z,DAL,in,0.809,Q4 11:26,-14.0,8162,Sam Howell,QB,0.9,0.0,0.23,0.23,0.14,0.17,0.809,0.3,0.07,,0.0,0
2026-10-09 02:45:56Z,DAL,in,0.809,Q4 11:26,-14.0,11783,Ryan Flournoy,WR,8.3,5.8,2.3,8.1,7.34,7.38,0.309,1.0,8.1,,0.0,0
2026-10-09 02:45:56Z,DAL,in,0.809,Q4 11:26,-14.0,10871,Luke Schoonmaker,TE,1.9,1.9,0.55,2.45,2.28,2.26,0.272,1.0,2.45,,0.0,0
2026-10-09 02:45:56Z,TB,in,0.809,Q4 11:26,14.0,13317,Ted Hurst,WR,4.5,0.0,0.46,0.46,0.68,0.86,0.809,1.0,0.46,,0.0,0
2026-10-09 02:45:56Z,TB,in,0.809,Q4 11:26,14.0,12485,Tez Johnson,WR,4.2,7.4,0.72,8.12,8.39,8.2,0.208,1.0,8.12,,0.0,0
2026-10-09 02:45:56Z,DAL,in,0.809,Q4 11:26,-14.0,7588,Javonte Williams,RB,18.2,13.6,3.74,17.34,17.01,17.07,0.092,1.0,17.34,,0.0,0
2026-10-09 02:46:56Z,DAL,in,0.821,Q4 10:43,-14.0,11533,Brandon Aubrey,K,9.8,5.0,1.61,6.61,6.61,6.75,0.321,1.0,6.61,,0.0,0
2026-10-09 02:46:56Z,DAL,in,0.821,Q4 10:43,-14.0,6786,CeeDee Lamb,WR,19.6,2.9,4.78,7.68,5.81,6.4,0.25,1.0,7.68,,0.0,0
2026-10-09 02:46:56Z,TB,in,0.821,Q4 10:43,14.0,11584,Bucky Irving,RB,11.1,28.8,2.91,31.71,31.66,30.78,0.0,1.0,31.71,,0.0,0
2026-10-09 02:46:56Z,DAL,in,0.821,Q4 10:43,-14.0,3294,Dak Prescott,QB,22.1,5.64,5.7,11.34,9.03,9.59,0.104,1.0,11.34,,0.0,0
2026-10-09 02:46:56Z,TB,in,0.821,Q4 10:43,14.0,8111,Cade Otton,TE,7.9,5.5,0.96,6.46,6.87,6.91,0.166,1.0,6.46,,0.0,0
2026-10-09 02:46:56Z,TB,in,0.821,Q4 10:43,14.0,4037,Chris Godwin,WR,8.0,7.0,1.03,8.03,8.45,8.43,0.321,1.0,8.03,,0.0,0
2026-10-09 02:46:56Z,DAL,in,0.821,Q4 10:43,-14.0,8110,Jake Ferguson,TE,8.8,3.3,2.23,5.53,4.7,4.87,0.104,1.0,5.53,,0.0,0
2026-10-09 02:46:56Z,TB,in,0.821,Q4 10:43,14.0,6650,Chase McLaughlin,K,6.7,7.0,1.26,8.26,8.26,8.2,0.121,1.0,8.26,,0.0,0
2026-10-09 02:46:56Z,TB,in,0.821,Q4 10:43,14.0,9506,Sean Tucker,RB,2.4,1.8,0.37,2.17,2.22,2.23,0.057,1.0,2.17,,0.0,0
2026-10-09 02:46:56Z,TB,in,0.821,Q4 10:43,14.0,12514,Emeka Egbuka,WR,9.1,16.0,1.49,17.49,18.01,17.63,0.18,1.0,17.49,,0.0,0
2026-10-09 02:46:56Z,DAL,in,0.821,Q4 10:43,-14.0,DAL,Dallas Cowboys D/ST,DST,7.3,1.0,0.15,1.15,2.08,2.3,0.181,1.0,1.15,,0.0,0
2026-10-09 02:46:56Z,DAL,in,0.821,Q4 10:43,-14.0,8137,George Pickens,WR,14.8,10.3,3.93,14.23,12.86,12.94,0.25,1.0,14.23,,0.0,0
2026-10-09 02:46:56Z,TB,in,0.821,Q4 10:43,14.0,TB,Tampa Bay Buccaneers D/ST,DST,3.1,8.0,0.03,8.03,8.8,8.55,0.195,1.0,8.03,,0.0,0
2026-10-09 02:46:56Z,DAL,in,0.821,Q4 10:43,-14.0,8917,KaVontae Turpin,WR,2.0,-0.3,0.46,0.16,-0.03,0.06,0.195,1.0,0.16,,0.0,0
2026-10-09 02:46:56Z,TB,in,0.821,Q4 10:43,14.0,10227,Payne Durham,TE,1.1,1.5,0.16,1.66,1.72,1.7,0.321,1.0,1.66,,0.0,0
2026-10-09 02:46:56Z,DAL,in,0.821,Q4 10:43,-14.0,11593,Brevyn Spann-Ford,TE,0.6,0.0,0.14,0.14,0.09,0.11,0.821,1.0,0.14,,0.0,0
2026-10-09 02:46:56Z,TB,in,0.821,Q4 10:43,14.0,13425,Jalon Daniels,QB,15.0,13.58,1.86,15.44,16.32,16.26,0.034,1.0,15.44,,0.0,0
2026-10-09 02:46:56Z,DAL,in,0.821,Q4 10:43,-14.0,11199,Emari Demercado,RB,3.7,0.0,0.56,0.56,0.53,0.66,0.821,1.0,0.56,,0.0,0
2026-10-09 02:46:56Z,DAL,in,0.821,Q4 10:43,-14.0,8162,Sam Howell,QB,0.9,0.0,0.22,0.22,0.13,0.16,0.821,0.3,0.06,,0.0,0
2026-10-09 02:46:56Z,DAL,in,0.821,Q4 10:43,-14.0,11783,Ryan Flournoy,WR,8.3,5.8,2.21,8.01,7.24,7.28,0.321,1.0,8.01,,0.0,0
2026-10-09 02:46:56Z,DAL,in,0.821,Q4 10:43,-14.0,10871,Luke Schoonmaker,TE,1.9,1.9,0.53,2.43,2.25,2.24,0.284,1.0,2.43,,0.0,0
2026-10-09 02:46:56Z,TB,in,0.821,Q4 10:43,14.0,13317,Ted Hurst,WR,4.5,0.0,0.42,0.42,0.64,0.8,0.821,1.0,0.42,,0.0,0
2026-10-09 02:46:56Z,TB,in,0.821,Q4 10:43,14.0,12485,Tez Johnson,WR,4.2,7.4,0.69,8.09,8.33,8.15,0.22,1.0,8.09,,0.0,0
2026-10-09 02:46:56Z,DAL,in,0.821,Q4 10:43,-14.0,7588,Javonte Williams,RB,18.2,13.6,3.55,17.15,16.79,16.85,0.104,1.0,17.15,,0.0,0
2026-10-09 02:47:56Z,DAL,in,0.833,Q4 10:02,-14.0,11533,Brandon Aubrey,K,9.8,5.0,1.51,6.51,6.51,6.64,0.333,1.0,6.51,,0.0,0
2026-10-09 02:47:56Z,DAL,in,0.833,Q4 10:02,-14.0,6786,CeeDee Lamb,WR,19.6,2.9,4.56,7.46,5.62,6.18,0.261,1.0,7.46,,0.0,0
2026-10-09 02:47:56Z,TB,in,0.833,Q4 10:02,14.0,11584,Bucky Irving,RB,11.1,28.8,2.76,31.56,31.47,30.66,0.011,1.0,31.56,,0.0,0
2026-10-09 02:47:56Z,DAL,in,0.833,Q4 10:02,-14.0,3294,Dak Prescott,QB,22.1,5.64,5.45,11.09,8.8,9.34,0.116,1.0,11.09,,0.0,0
2026-10-09 02:47:56Z,TB,in,0.833,Q4 10:02,14.0,8111,Cade Otton,TE,7.9,5.5,0.9,6.4,6.78,6.82,0.177,1.0,6.4,,0.0,0
2026-10-09 02:47:56Z,TB,in,0.833,Q4 10:02,14.0,4037,Chris Godwin,WR,8.0,7.0,0.97,7.97,8.35,8.34,0.333,1.0,7.97,,0.0,0
2026-10-09 02:47:56Z,DAL,in,0.833,Q4 10:02,-14.0,8110,Jake Ferguson,TE,8.8,3.3,2.13,5.43,4.6,4.77,0.116,1.0,5.43,,0.0,0
2026-10-09 02:47:56Z,TB,in,0.833,Q4 10:02,14.0,6650,Chase McLaughlin,K,6.7,7.0,1.18,8.18,8.18,8.12,0.132,1.0,8.18,,0.0,0
2026-10-09 02:47:56Z,TB,in,0.833,Q4 10:02,14.0,9506,Sean Tucker,RB,2.4,1.8,0.35,2.15,2.19,2.2,0.068,1.0,2.15,,0.0,0
2026-10-09 02:47:56Z,TB,in,0.833,Q4 10:02,14.0,12514,Emeka Egbuka,WR,9.1,16.0,1.41,17.41,17.87,17.52,0.191,1.0,17.41,,0.0,0
2026-10-09 02:47:56Z,DAL,in,0.833,Q4 10:02,-14.0,DAL,Dallas Cowboys D/ST,DST,7.3,1.0,0.15,1.15,2.01,2.22,0.193,1.0,1.15,,0.0,0
2026-10-09 02:47:56Z,DAL,in,0.833,Q4 10:02,-14.0,8137,George Pickens,WR,14.8,10.3,3.76,14.06,12.69,12.77,0.261,1.0,14.06,,0.0,0
2026-10-09 02:47:56Z,TB,in,0.833,Q4 10:02,14.0,TB,Tampa Bay Buccaneers D/ST,DST,3.1,8.0,0.04,8.04,8.74,8.52,0.206,1.0,8.04,,0.0,0
2026-10-09 02:47:56Z,DAL,in,0.833,Q4 10:02,-14.0,8917,KaVontae Turpin,WR,2.0,-0.3,0.44,0.14,-0.05,0.03,0.206,1.0,0.14,,0.0,0
2026-10-09 02:47:56Z,TB,in,0.833,Q4 10:02,14.0,10227,Payne Durham,TE,1.1,1.5,0.15,1.65,1.71,1.68,0.333,1.0,1.65,,0.0,0
2026-10-09 02:47:56Z,DAL,in,0.833,Q4 10:02,-14.0,11593,Brevyn Spann-Ford,TE,0.6,0.0,0.14,0.14,0.08,0.1,0.833,1.0,0.14,,0.0,0
2026-10-09 02:47:56Z,TB,in,0.833,Q4 10:02,14.0,13425,Jalon Daniels,QB,15.0,13.88,1.75,15.63,16.45,16.39,0.0,1.0,15.63,,0.0,0
2026-10-09 02:47:56Z,DAL,in,0.833,Q4 10:02,-14.0,11199,Emari Demercado,RB,3.7,0.0,0.53,0.53,0.49,0.62,0.833,1.0,0.53,,0.0,0
2026-10-09 02:47:56Z,DAL,in,0.833,Q4 10:02,-14.0,8162,Sam Howell,QB,0.9,0.0,0.21,0.21,0.12,0.15,0.833,0.3,0.06,,0.0,0
2026-10-09 02:47:56Z,DAL,in,0.833,Q4 10:02,-14.0,11783,Ryan Flournoy,WR,8.3,5.8,2.11,7.91,7.14,7.19,0.333,1.0,7.91,,0.0,0
2026-10-09 02:47:56Z,DAL,in,0.833,Q4 10:02,-14.0,10871,Luke Schoonmaker,TE,1.9,1.9,0.51,2.41,2.23,2.22,0.295,1.0,2.41,,0.0,0
2026-10-09 02:47:56Z,TB,in,0.833,Q4 10:02,14.0,13317,Ted Hurst,WR,4.5,0.0,0.39,0.39,0.6,0.75,0.833,1.0,0.39,,0.0,0
2026-10-09 02:47:56Z,TB,in,0.833,Q4 10:02,14.0,12485,Tez Johnson,WR,4.2,7.4,0.65,8.05,8.27,8.1,0.232,1.0,8.05,,0.0,0
2026-10-09 02:47:56Z,DAL,in,0.833,Q4 10:02,-14.0,7588,Javonte Williams,RB,18.2,13.6,3.36,16.96,16.58,16.64,0.116,1.0,16.96,,0.0,0
2026-10-09 02:48:57Z,DAL,in,0.857,Q4 8:36,-14.0,11533,Brandon Aubrey,K,9.8,5.0,1.28,6.28,6.28,6.4,0.357,1.0,6.28,,0.0,0
2026-10-09 02:48:57Z,DAL,in,0.857,Q4 8:36,-14.0,6786,CeeDee Lamb,WR,19.6,2.9,4.07,6.97,5.21,5.71,0.285,1.0,6.97,,0.0,0
2026-10-09 02:48:57Z,TB,in,0.857,Q4 8:36,14.0,11584,Bucky Irving,RB,11.1,28.8,2.44,31.24,31.08,30.39,0.035,1.0,31.24,,0.0,0
2026-10-09 02:48:57Z,DAL,in,0.857,Q4 8:36,-14.0,3294,Dak Prescott,QB,22.1,5.64,4.87,10.51,8.33,8.81,0.139,1.0,10.51,,0.0,0
2026-10-09 02:48:57Z,TB,in,0.857,Q4 8:36,14.0,8111,Cade Otton,TE,7.9,5.5,0.77,6.27,6.59,6.63,0.201,1.0,6.27,,0.0,0
2026-10-09 02:48:57Z,TB,in,0.857,Q4 8:36,14.0,4037,Chris Godwin,WR,8.0,7.0,0.83,7.83,8.15,8.15,0.357,1.0,7.83,,0.0,0
2026-10-09 02:48:57Z,DAL,in,0.857,Q4 8:36,-14.0,8110,Jake Ferguson,TE,8.8,3.3,1.9,5.2,4.41,4.56,0.139,1.0,5.2,,0.0,0
2026-10-09 02:48:57Z,TB,in,0.857,Q4 8:36,14.0,6650,Chase McLaughlin,K,6.7,7.0,1.01,8.01,8.01,7.96,0.156,1.0,8.01,,0.0,0
2026-10-09 02:48:57Z,TB,in,0.857,Q4 8:36,14.0,9506,Sean Tucker,RB,2.4,1.8,0.3,2.1,2.13,2.14,0.092,1.0,2.1,,0.0,0
2026-10-09 02:48:57Z,TB,in,0.857,Q4 8:36,14.0,12514,Emeka Egbuka,WR,9.1,17.2,1.29,18.49,18.84,18.5,0.0,1.0,18.49,,0.0,0
2026-10-09 02:48:57Z,DAL,in,0.857,Q4 8:36,-14.0,DAL,Dallas Cowboys D/ST,DST,7.3,1.0,0.14,1.14,1.86,2.05,0.217,1.0,1.14,,0.0,0
2026-10-09 02:48:57Z,DAL,in,0.857,Q4 8:36,-14.0,8137,George Pickens,WR,14.8,10.3,3.37,13.67,12.34,12.42,0.285,1.0,13.67,,0.0,0
2026-10-09 02:48:57Z,TB,in,0.857,Q4 8:36,14.0,TB,Tampa Bay Buccaneers D/ST,DST,3.1,8.0,0.06,8.06,8.64,8.44,0.23,1.0,8.06,,0.0,0
2026-10-09 02:48:57Z,DAL,in,0.857,Q4 8:36,-14.0,8917,KaVontae Turpin,WR,2.0,-0.3,0.39,0.09,-0.09,-0.01,0.23,1.0,0.09,,0.0,0
2026-10-09 02:48:57Z,TB,in,0.857,Q4 8:36,14.0,10227,Payne Durham,TE,1.1,1.5,0.13,1.63,1.68,1.66,0.357,1.0,1.63,,0.0,0
2026-10-09 02:48:57Z,DAL,in,0.857,Q4 8:36,-14.0,11593,Brevyn Spann-Ford,TE,0.6,0.0,0.12,0.12,0.07,0.09,0.857,1.0,0.12,,0.0,0
2026-10-09 02:48:57Z,TB,in,0.857,Q4 8:36,14.0,13425,Jalon Daniels,QB,15.0,14.06,1.5,15.56,16.25,16.21,0.0,1.0,15.56,,0.0,0
2026-10-09 02:48:57Z,DAL,in,0.857,Q4 8:36,-14.0,11199,Emari Demercado,RB,3.7,0.0,0.45,0.45,0.42,0.53,0.857,1.0,0.45,,0.0,0
2026-10-09 02:48:57Z,DAL,in,0.857,Q4 8:36,-14.0,8162,Sam Howell,QB,0.9,0.0,0.18,0.18,0.1,0.13,0.857,0.3,0.06,,0.0,0
2026-10-09 02:48:57Z,DAL,in,0.857,Q4 8:36,-14.0,11783,Ryan Flournoy,WR,8.3,5.8,1.89,7.69,6.94,6.99,0.357,1.0,7.69,,0.0,0
2026-10-09 02:48:57Z,DAL,in,0.857,Q4 8:36,-14.0,10871,Luke Schoonmaker,TE,1.9,1.9,0.45,2.35,2.18,2.17,0.319,1.0,2.35,,0.0,0
2026-10-09 02:48:57Z,TB,in,0.857,Q4 8:36,14.0,13317,Ted Hurst,WR,4.5,0.0,0.32,0.32,0.51,0.64,0.857,1.0,0.32,,0.0,0
2026-10-09 02:48:57Z,TB,in,0.857,Q4 8:36,14.0,12485,Tez Johnson,WR,4.2,7.4,0.58,7.98,8.14,8.0,0.256,1.0,7.98,,0.0,0
2026-10-09 02:48:57Z,DAL,in,0.857,Q4 8:36,-14.0,7588,Javonte Williams,RB,18.2,13.6,2.94,16.54,16.14,16.21,0.139,1.0,16.54,,0.0,0
2026-10-09 02:49:57Z,DAL,in,0.857,Q4 8:36,-14.0,11533,Brandon Aubrey,K,9.8,5.0,1.28,6.28,6.28,6.4,0.357,1.0,6.28,,0.0,0
2026-10-09 02:49:57Z,DAL,in,0.857,Q4 8:36,-14.0,6786,CeeDee Lamb,WR,19.6,2.9,4.07,6.97,5.21,5.71,0.285,1.0,6.97,,0.0,0
2026-10-09 02:49:57Z,TB,in,0.857,Q4 8:36,14.0,11584,Bucky Irving,RB,11.1,28.8,2.44,31.24,31.08,30.39,0.035,1.0,31.24,,0.0,0
2026-10-09 02:49:57Z,DAL,in,0.857,Q4 8:36,-14.0,3294,Dak Prescott,QB,22.1,5.64,4.87,10.51,8.33,8.81,0.139,1.0,10.51,,0.0,0
2026-10-09 02:49:57Z,TB,in,0.857,Q4 8:36,14.0,8111,Cade Otton,TE,7.9,5.5,0.77,6.27,6.59,6.63,0.201,1.0,6.27,,0.0,0
2026-10-09 02:49:57Z,TB,in,0.857,Q4 8:36,14.0,4037,Chris Godwin,WR,8.0,7.0,0.83,7.83,8.15,8.15,0.357,1.0,7.83,,0.0,0
2026-10-09 02:49:57Z,DAL,in,0.857,Q4 8:36,-14.0,8110,Jake Ferguson,TE,8.8,3.3,1.9,5.2,4.41,4.56,0.139,1.0,5.2,,0.0,0
2026-10-09 02:49:57Z,TB,in,0.857,Q4 8:36,14.0,6650,Chase McLaughlin,K,6.7,7.0,1.01,8.01,8.01,7.96,0.156,1.0,8.01,,0.0,0
2026-10-09 02:49:57Z,TB,in,0.857,Q4 8:36,14.0,9506,Sean Tucker,RB,2.4,1.8,0.3,2.1,2.13,2.14,0.092,1.0,2.1,,0.0,0
2026-10-09 02:49:57Z,TB,in,0.857,Q4 8:36,14.0,12514,Emeka Egbuka,WR,9.1,17.2,1.29,18.49,18.84,18.5,0.0,1.0,18.49,,0.0,0
2026-10-09 02:49:57Z,DAL,in,0.857,Q4 8:36,-14.0,DAL,Dallas Cowboys D/ST,DST,7.3,1.0,0.14,1.14,1.86,2.05,0.217,1.0,1.14,,0.0,0
2026-10-09 02:49:57Z,DAL,in,0.857,Q4 8:36,-14.0,8137,George Pickens,WR,14.8,10.3,3.37,13.67,12.34,12.42,0.285,1.0,13.67,,0.0,0
2026-10-09 02:49:57Z,TB,in,0.857,Q4 8:36,14.0,TB,Tampa Bay Buccaneers D/ST,DST,3.1,8.0,0.06,8.06,8.64,8.44,0.23,1.0,8.06,,0.0,0
2026-10-09 02:49:57Z,DAL,in,0.857,Q4 8:36,-14.0,8917,KaVontae Turpin,WR,2.0,-0.3,0.39,0.09,-0.09,-0.01,0.23,1.0,0.09,,0.0,0
2026-10-09 02:49:57Z,TB,in,0.857,Q4 8:36,14.0,10227,Payne Durham,TE,1.1,1.5,0.13,1.63,1.68,1.66,0.357,1.0,1.63,,0.0,0
2026-10-09 02:49:57Z,DAL,in,0.857,Q4 8:36,-14.0,11593,Brevyn Spann-Ford,TE,0.6,0.0,0.12,0.12,0.07,0.09,0.857,1.0,0.12,,0.0,0
2026-10-09 02:49:57Z,TB,in,0.857,Q4 8:36,14.0,13425,Jalon Daniels,QB,15.0,14.06,1.5,15.56,16.25,16.21,0.0,1.0,15.56,,0.0,0
2026-10-09 02:49:57Z,DAL,in,0.857,Q4 8:36,-14.0,11199,Emari Demercado,RB,3.7,0.0,0.45,0.45,0.42,0.53,0.857,1.0,0.45,,0.0,0
2026-10-09 02:49:57Z,DAL,in,0.857,Q4 8:36,-14.0,8162,Sam Howell,QB,0.9,0.0,0.18,0.18,0.1,0.13,0.857,0.3,0.06,,0.0,0
2026-10-09 02:49:57Z,DAL,in,0.857,Q4 8:36,-14.0,11783,Ryan Flournoy,WR,8.3,5.8,1.89,7.69,6.94,6.99,0.357,1.0,7.69,,0.0,0
2026-10-09 02:49:57Z,DAL,in,0.857,Q4 8:36,-14.0,10871,Luke Schoonmaker,TE,1.9,1.9,0.45,2.35,2.18,2.17,0.319,1.0,2.35,,0.0,0
2026-10-09 02:49:57Z,TB,in,0.857,Q4 8:36,14.0,13317,Ted Hurst,WR,4.5,0.0,0.32,0.32,0.51,0.64,0.857,1.0,0.32,,0.0,0
2026-10-09 02:49:57Z,TB,in,0.857,Q4 8:36,14.0,12485,Tez Johnson,WR,4.2,7.4,0.58,7.98,8.14,8.0,0.256,1.0,7.98,,0.0,0
2026-10-09 02:49:57Z,DAL,in,0.857,Q4 8:36,-14.0,7588,Javonte Williams,RB,18.2,13.6,2.94,16.54,16.14,16.21,0.139,1.0,16.54,,0.0,0
2026-10-09 02:50:57Z,DAL,in,0.858,Q4 8:32,-14.0,11533,Brandon Aubrey,K,9.8,5.0,1.27,6.27,6.27,6.39,0.358,1.0,6.27,,0.0,0
2026-10-09 02:50:57Z,DAL,in,0.858,Q4 8:32,-14.0,6786,CeeDee Lamb,WR,19.6,2.9,4.05,6.95,5.19,5.69,0.286,1.0,6.95,,0.0,0
2026-10-09 02:50:57Z,TB,in,0.858,Q4 8:32,14.0,11584,Bucky Irving,RB,11.1,28.8,2.43,31.23,31.06,30.38,0.036,1.0,31.23,,0.0,0
2026-10-09 02:50:57Z,DAL,in,0.858,Q4 8:32,-14.0,3294,Dak Prescott,QB,22.1,5.64,4.84,10.48,8.31,8.78,0.141,1.0,10.48,,0.0,0
2026-10-09 02:50:57Z,TB,in,0.858,Q4 8:32,14.0,8111,Cade Otton,TE,7.9,5.5,0.77,6.27,6.58,6.62,0.202,1.0,6.27,,0.0,0
2026-10-09 02:50:57Z,TB,in,0.858,Q4 8:32,14.0,4037,Chris Godwin,WR,8.0,7.0,0.83,7.83,8.14,8.14,0.358,1.0,7.83,,0.0,0
2026-10-09 02:50:57Z,DAL,in,0.858,Q4 8:32,-14.0,8110,Jake Ferguson,TE,8.8,3.3,1.89,5.19,4.4,4.55,0.141,1.0,5.19,,0.0,0
2026-10-09 02:50:57Z,TB,in,0.858,Q4 8:32,14.0,6650,Chase McLaughlin,K,6.7,7.0,1.0,8.0,8.0,7.95,0.157,1.0,8.0,,0.0,0
2026-10-09 02:50:57Z,TB,in,0.858,Q4 8:32,14.0,9506,Sean Tucker,RB,2.4,1.8,0.29,2.09,2.13,2.14,0.093,1.0,2.09,,0.0,0
2026-10-09 02:50:57Z,TB,in,0.858,Q4 8:32,14.0,12514,Emeka Egbuka,WR,9.1,17.2,1.28,18.48,18.83,18.49,0.001,1.0,18.48,,0.0,0
2026-10-09 02:50:57Z,DAL,in,0.858,Q4 8:32,-14.0,DAL,Dallas Cowboys D/ST,DST,7.3,1.0,0.13,1.13,1.85,2.04,0.218,1.0,1.13,,0.0,0
2026-10-09 02:50:57Z,DAL,in,0.858,Q4 8:32,-14.0,8137,George Pickens,WR,14.8,10.3,3.35,13.65,12.32,12.4,0.286,1.0,13.65,,0.0,0
2026-10-09 02:50:57Z,TB,in,0.858,Q4 8:32,14.0,TB,Tampa Bay Buccaneers D/ST,DST,3.1,8.0,0.06,8.06,8.63,8.44,0.231,1.0,8.06,,0.0,0
2026-10-09 02:50:57Z,DAL,in,0.858,Q4 8:32,-14.0,8917,KaVontae Turpin,WR,2.0,-0.3,0.39,0.09,-0.09,-0.02,0.231,1.0,0.09,,0.0,0
2026-10-09 02:50:57Z,TB,in,0.858,Q4 8:32,14.0,10227,Payne Durham,TE,1.1,1.5,0.13,1.63,1.68,1.66,0.358,1.0,1.63,,0.0,0
2026-10-09 02:50:57Z,DAL,in,0.858,Q4 8:32,-14.0,11593,Brevyn Spann-Ford,TE,0.6,0.0,0.12,0.12,0.07,0.09,0.858,1.0,0.12,,0.0,0
2026-10-09 02:50:57Z,TB,in,0.858,Q4 8:32,14.0,13425,Jalon Daniels,QB,15.0,14.06,1.48,15.54,16.24,16.19,0.001,1.0,15.54,,0.0,0
2026-10-09 02:50:57Z,DAL,in,0.858,Q4 8:32,-14.0,11199,Emari Demercado,RB,3.7,0.0,0.45,0.45,0.41,0.53,0.858,1.0,0.45,,0.0,0
2026-10-09 02:50:57Z,DAL,in,0.858,Q4 8:32,-14.0,8162,Sam Howell,QB,0.9,0.0,0.18,0.18,0.1,0.13,0.858,0.3,0.06,,0.0,0
2026-10-09 02:50:57Z,DAL,in,0.858,Q4 8:32,-14.0,11783,Ryan Flournoy,WR,8.3,5.8,1.88,7.68,6.93,6.98,0.358,1.0,7.68,,0.0,0
2026-10-09 02:50:57Z,DAL,in,0.858,Q4 8:32,-14.0,10871,Luke Schoonmaker,TE,1.9,1.9,0.45,2.35,2.18,2.17,0.32,1.0,2.35,,0.0,0
2026-10-09 02:50:57Z,TB,in,0.858,Q4 8:32,14.0,13317,Ted Hurst,WR,4.5,0.0,0.32,0.32,0.5,0.64,0.858,1.0,0.32,,0.0,0
2026-10-09 02:50:57Z,TB,in,0.858,Q4 8:32,14.0,12485,Tez Johnson,WR,4.2,7.4,0.57,7.97,8.13,8.0,0.257,1.0,7.97,,0.0,0
2026-10-09 02:50:57Z,DAL,in,0.858,Q4 8:32,-14.0,7588,Javonte Williams,RB,18.2,13.6,2.92,16.52,16.12,16.19,0.141,1.0,16.52,,0.0,0
2026-10-09 02:51:58Z,DAL,in,0.858,Q4 8:32,-14.0,11533,Brandon Aubrey,K,9.8,5.0,1.27,6.27,6.27,6.39,0.358,1.0,6.27,,0.0,0
2026-10-09 02:51:58Z,DAL,in,0.858,Q4 8:32,-14.0,6786,CeeDee Lamb,WR,19.6,2.9,4.05,6.95,5.19,5.69,0.286,1.0,6.95,,0.0,0
2026-10-09 02:51:58Z,TB,in,0.858,Q4 8:32,14.0,11584,Bucky Irving,RB,11.1,28.8,2.43,31.23,31.06,30.38,0.036,1.0,31.23,,0.0,0
2026-10-09 02:51:58Z,DAL,in,0.858,Q4 8:32,-14.0,3294,Dak Prescott,QB,22.1,5.64,4.84,10.48,8.31,8.78,0.141,1.0,10.48,,0.0,0
2026-10-09 02:51:58Z,TB,in,0.858,Q4 8:32,14.0,8111,Cade Otton,TE,7.9,5.5,0.77,6.27,6.58,6.62,0.202,1.0,6.27,,0.0,0
2026-10-09 02:51:58Z,TB,in,0.858,Q4 8:32,14.0,4037,Chris Godwin,WR,8.0,7.0,0.83,7.83,8.14,8.14,0.358,1.0,7.83,,0.0,0
2026-10-09 02:51:58Z,DAL,in,0.858,Q4 8:32,-14.0,8110,Jake Ferguson,TE,8.8,3.3,1.89,5.19,4.4,4.55,0.141,1.0,5.19,,0.0,0
2026-10-09 02:51:58Z,TB,in,0.858,Q4 8:32,14.0,6650,Chase McLaughlin,K,6.7,7.0,1.0,8.0,8.0,7.95,0.157,1.0,8.0,,0.0,0
2026-10-09 02:51:58Z,TB,in,0.858,Q4 8:32,14.0,9506,Sean Tucker,RB,2.4,1.8,0.29,2.09,2.13,2.14,0.093,1.0,2.09,,0.0,0
2026-10-09 02:51:58Z,TB,in,0.858,Q4 8:32,14.0,12514,Emeka Egbuka,WR,9.1,17.2,1.28,18.48,18.83,18.49,0.001,1.0,18.48,,0.0,0
2026-10-09 02:51:58Z,DAL,in,0.858,Q4 8:32,-14.0,DAL,Dallas Cowboys D/ST,DST,7.3,1.0,0.13,1.13,1.85,2.04,0.218,1.0,1.13,,0.0,0
2026-10-09 02:51:58Z,DAL,in,0.858,Q4 8:32,-14.0,8137,George Pickens,WR,14.8,10.3,3.35,13.65,12.32,12.4,0.286,1.0,13.65,,0.0,0
2026-10-09 02:51:58Z,TB,in,0.858,Q4 8:32,14.0,TB,Tampa Bay Buccaneers D/ST,DST,3.1,8.0,0.06,8.06,8.63,8.44,0.231,1.0,8.06,,0.0,0
2026-10-09 02:51:58Z,DAL,in,0.858,Q4 8:32,-14.0,8917,KaVontae Turpin,WR,2.0,-0.3,0.39,0.09,-0.09,-0.02,0.231,1.0,0.09,,0.0,0
2026-10-09 02:51:58Z,TB,in,0.858,Q4 8:32,14.0,10227,Payne Durham,TE,1.1,1.5,0.13,1.63,1.68,1.66,0.358,1.0,1.63,,0.0,0
2026-10-09 02:51:58Z,DAL,in,0.858,Q4 8:32,-14.0,11593,Brevyn Spann-Ford,TE,0.6,0.0,0.12,0.12,0.07,0.09,0.858,1.0,0.12,,0.0,0
2026-10-09 02:51:58Z,TB,in,0.858,Q4 8:32,14.0,13425,Jalon Daniels,QB,15.0,14.06,1.48,15.54,16.24,16.19,0.001,1.0,15.54,,0.0,0
2026-10-09 02:51:58Z,DAL,in,0.858,Q4 8:32,-14.0,11199,Emari Demercado,RB,3.7,0.0,0.45,0.45,0.41,0.53,0.858,1.0,0.45,,0.0,0
2026-10-09 02:51:58Z,DAL,in,0.858,Q4 8:32,-14.0,8162,Sam Howell,QB,0.9,0.0,0.18,0.18,0.1,0.13,0.858,0.3,0.06,,0.0,0
2026-10-09 02:51:58Z,DAL,in,0.858,Q4 8:32,-14.0,11783,Ryan Flournoy,WR,8.3,5.8,1.88,7.68,6.93,6.98,0.358,1.0,7.68,,0.0,0
2026-10-09 02:51:58Z,DAL,in,0.858,Q4 8:32,-14.0,10871,Luke Schoonmaker,TE,1.9,1.9,0.45,2.35,2.18,2.17,0.32,1.0,2.35,,0.0,0
2026-10-09 02:51:58Z,TB,in,0.858,Q4 8:32,14.0,13317,Ted Hurst,WR,4.5,0.0,0.32,0.32,0.5,0.64,0.858,1.0,0.32,,0.0,0
2026-10-09 02:51:58Z,TB,in,0.858,Q4 8:32,14.0,12485,Tez Johnson,WR,4.2,7.4,0.57,7.97,8.13,8.0,0.257,1.0,7.97,,0.0,0
2026-10-09 02:51:58Z,DAL,in,0.858,Q4 8:32,-14.0,7588,Javonte Williams,RB,18.2,13.6,2.92,16.52,16.12,16.19,0.141,1.0,16.52,,0.0,0
2026-10-09 02:52:58Z,DAL,in,0.858,Q4 8:32,-14.0,11533,Brandon Aubrey,K,9.8,5.0,1.27,6.27,6.27,6.39,0.358,1.0,6.27,,0.0,0
2026-10-09 02:52:58Z,DAL,in,0.858,Q4 8:32,-14.0,6786,CeeDee Lamb,WR,19.6,2.9,4.05,6.95,5.19,5.69,0.286,1.0,6.95,,0.0,0
2026-10-09 02:52:58Z,TB,in,0.858,Q4 8:32,14.0,11584,Bucky Irving,RB,11.1,28.8,2.43,31.23,31.06,30.38,0.036,1.0,31.23,,0.0,0
2026-10-09 02:52:58Z,DAL,in,0.858,Q4 8:32,-14.0,3294,Dak Prescott,QB,22.1,5.64,4.84,10.48,8.31,8.78,0.141,1.0,10.48,,0.0,0
2026-10-09 02:52:58Z,TB,in,0.858,Q4 8:32,14.0,8111,Cade Otton,TE,7.9,5.5,0.77,6.27,6.58,6.62,0.202,1.0,6.27,,0.0,0
2026-10-09 02:52:58Z,TB,in,0.858,Q4 8:32,14.0,4037,Chris Godwin,WR,8.0,7.0,0.83,7.83,8.14,8.14,0.358,1.0,7.83,,0.0,0
2026-10-09 02:52:58Z,DAL,in,0.858,Q4 8:32,-14.0,8110,Jake Ferguson,TE,8.8,3.3,1.89,5.19,4.4,4.55,0.141,1.0,5.19,,0.0,0
2026-10-09 02:52:58Z,TB,in,0.858,Q4 8:32,14.0,6650,Chase McLaughlin,K,6.7,7.0,1.0,8.0,8.0,7.95,0.157,1.0,8.0,,0.0,0
2026-10-09 02:52:58Z,TB,in,0.858,Q4 8:32,14.0,9506,Sean Tucker,RB,2.4,1.8,0.29,2.09,2.13,2.14,0.093,1.0,2.09,,0.0,0
2026-10-09 02:52:58Z,TB,in,0.858,Q4 8:32,14.0,12514,Emeka Egbuka,WR,9.1,17.2,1.28,18.48,18.83,18.49,0.001,1.0,18.48,,0.0,0
2026-10-09 02:52:58Z,DAL,in,0.858,Q4 8:32,-14.0,DAL,Dallas Cowboys D/ST,DST,7.3,1.0,0.13,1.13,1.85,2.04,0.218,1.0,1.13,,0.0,0
2026-10-09 02:52:58Z,DAL,in,0.858,Q4 8:32,-14.0,8137,George Pickens,WR,14.8,10.3,3.35,13.65,12.32,12.4,0.286,1.0,13.65,,0.0,0
2026-10-09 02:52:58Z,TB,in,0.858,Q4 8:32,14.0,TB,Tampa Bay Buccaneers D/ST,DST,3.1,8.0,0.06,8.06,8.63,8.44,0.231,1.0,8.06,,0.0,0
2026-10-09 02:52:58Z,DAL,in,0.858,Q4 8:32,-14.0,8917,KaVontae Turpin,WR,2.0,-0.3,0.39,0.09,-0.09,-0.02,0.231,1.0,0.09,,0.0,0
2026-10-09 02:52:58Z,TB,in,0.858,Q4 8:32,14.0,10227,Payne Durham,TE,1.1,1.5,0.13,1.63,1.68,1.66,0.358,1.0,1.63,,0.0,0
2026-10-09 02:52:58Z,DAL,in,0.858,Q4 8:32,-14.0,11593,Brevyn Spann-Ford,TE,0.6,0.0,0.12,0.12,0.07,0.09,0.858,1.0,0.12,,0.0,0
2026-10-09 02:52:58Z,TB,in,0.858,Q4 8:32,14.0,13425,Jalon Daniels,QB,15.0,14.06,1.48,15.54,16.24,16.19,0.001,1.0,15.54,,0.0,0
2026-10-09 02:52:58Z,DAL,in,0.858,Q4 8:32,-14.0,11199,Emari Demercado,RB,3.7,0.0,0.45,0.45,0.41,0.53,0.858,1.0,0.45,,0.0,0
2026-10-09 02:52:58Z,DAL,in,0.858,Q4 8:32,-14.0,8162,Sam Howell,QB,0.9,0.0,0.18,0.18,0.1,0.13,0.858,0.3,0.06,,0.0,0
2026-10-09 02:52:58Z,DAL,in,0.858,Q4 8:32,-14.0,11783,Ryan Flournoy,WR,8.3,5.8,1.88,7.68,6.93,6.98,0.358,1.0,7.68,,0.0,0
2026-10-09 02:52:58Z,DAL,in,0.858,Q4 8:32,-14.0,10871,Luke Schoonmaker,TE,1.9,1.9,0.45,2.35,2.18,2.17,0.32,1.0,2.35,,0.0,0
2026-10-09 02:52:58Z,TB,in,0.858,Q4 8:32,14.0,13317,Ted Hurst,WR,4.5,0.0,0.32,0.32,0.5,0.64,0.858,1.0,0.32,,0.0,0
2026-10-09 02:52:58Z,TB,in,0.858,Q4 8:32,14.0,12485,Tez Johnson,WR,4.2,7.4,0.57,7.97,8.13,8.0,0.257,1.0,7.97,,0.0,0
2026-10-09 02:52:58Z,DAL,in,0.858,Q4 8:32,-14.0,7588,Javonte Williams,RB,18.2,13.6,2.92,16.52,16.12,16.19,0.141,1.0,16.52,,0.0,0
2026-10-09 02:53:59Z,DAL,in,0.858,Q4 8:32,-14.0,11533,Brandon Aubrey,K,9.8,5.0,1.27,6.27,6.27,6.39,0.358,1.0,6.27,,0.0,0
2026-10-09 02:53:59Z,DAL,in,0.858,Q4 8:32,-14.0,6786,CeeDee Lamb,WR,19.6,2.9,4.05,6.95,5.19,5.69,0.286,1.0,6.95,,0.0,0
2026-10-09 02:53:59Z,TB,in,0.858,Q4 8:32,14.0,11584,Bucky Irving,RB,11.1,28.8,2.43,31.23,31.06,30.38,0.036,1.0,31.23,,0.0,0
2026-10-09 02:53:59Z,DAL,in,0.858,Q4 8:32,-14.0,3294,Dak Prescott,QB,22.1,6.24,4.88,11.12,8.93,9.38,0.0,1.0,11.12,,0.0,0
2026-10-09 02:53:59Z,TB,in,0.858,Q4 8:32,14.0,8111,Cade Otton,TE,7.9,5.5,0.77,6.27,6.58,6.62,0.202,1.0,6.27,,0.0,0
2026-10-09 02:53:59Z,TB,in,0.858,Q4 8:32,14.0,4037,Chris Godwin,WR,8.0,7.0,0.83,7.83,8.14,8.14,0.358,1.0,7.83,,0.0,0
2026-10-09 02:53:59Z,DAL,in,0.858,Q4 8:32,-14.0,8110,Jake Ferguson,TE,8.8,3.3,1.89,5.19,4.4,4.55,0.141,1.0,5.19,,0.0,0
2026-10-09 02:53:59Z,TB,in,0.858,Q4 8:32,14.0,6650,Chase McLaughlin,K,6.7,7.0,1.0,8.0,8.0,7.95,0.157,1.0,8.0,,0.0,0
2026-10-09 02:53:59Z,TB,in,0.858,Q4 8:32,14.0,9506,Sean Tucker,RB,2.4,1.8,0.29,2.09,2.13,2.14,0.093,1.0,2.09,,0.0,0
2026-10-09 02:53:59Z,TB,in,0.858,Q4 8:32,14.0,12514,Emeka Egbuka,WR,9.1,17.2,1.28,18.48,18.83,18.49,0.001,1.0,18.48,,0.0,0
2026-10-09 02:53:59Z,DAL,in,0.858,Q4 8:32,-14.0,DAL,Dallas Cowboys D/ST,DST,7.3,1.0,0.13,1.13,1.85,2.04,0.218,1.0,1.13,,0.0,0
2026-10-09 02:53:59Z,DAL,in,0.858,Q4 8:32,-14.0,8137,George Pickens,WR,14.8,10.3,3.35,13.65,12.32,12.4,0.286,1.0,13.65,,0.0,0
2026-10-09 02:53:59Z,TB,in,0.858,Q4 8:32,14.0,TB,Tampa Bay Buccaneers D/ST,DST,3.1,8.0,0.06,8.06,8.63,8.44,0.231,1.0,8.06,,0.0,0
2026-10-09 02:53:59Z,DAL,in,0.858,Q4 8:32,-14.0,8917,KaVontae Turpin,WR,2.0,-0.3,0.39,0.09,-0.09,-0.02,0.231,1.0,0.09,,0.0,0
2026-10-09 02:53:59Z,TB,in,0.858,Q4 8:32,14.0,10227,Payne Durham,TE,1.1,1.5,0.13,1.63,1.68,1.66,0.358,1.0,1.63,,0.0,0
2026-10-09 02:53:59Z,DAL,in,0.858,Q4 8:32,-14.0,11593,Brevyn Spann-Ford,TE,0.6,0.0,0.12,0.12,0.07,0.09,0.858,1.0,0.12,,0.0,0
2026-10-09 02:53:59Z,TB,in,0.858,Q4 8:32,14.0,13425,Jalon Daniels,QB,15.0,14.06,1.48,15.54,16.24,16.19,0.001,1.0,15.54,,0.0,0
2026-10-09 02:53:59Z,DAL,in,0.858,Q4 8:32,-14.0,11199,Emari Demercado,RB,3.7,0.0,0.45,0.45,0.41,0.53,0.858,1.0,0.45,,0.0,0
2026-10-09 02:53:59Z,DAL,in,0.858,Q4 8:32,-14.0,8162,Sam Howell,QB,0.9,0.0,0.18,0.18,0.1,0.13,0.858,0.3,0.06,,0.0,0
2026-10-09 02:53:59Z,DAL,in,0.858,Q4 8:32,-14.0,11783,Ryan Flournoy,WR,8.3,8.3,1.97,10.27,9.52,9.48,0.0,1.0,10.27,,0.0,0
2026-10-09 02:53:59Z,DAL,in,0.858,Q4 8:32,-14.0,10871,Luke Schoonmaker,TE,1.9,1.9,0.45,2.35,2.18,2.17,0.32,1.0,2.35,,0.0,0
2026-10-09 02:53:59Z,TB,in,0.858,Q4 8:32,14.0,13317,Ted Hurst,WR,4.5,0.0,0.32,0.32,0.5,0.64,0.858,1.0,0.32,,0.0,0
2026-10-09 02:53:59Z,TB,in,0.858,Q4 8:32,14.0,12485,Tez Johnson,WR,4.2,7.4,0.57,7.97,8.13,8.0,0.257,1.0,7.97,,0.0,0
2026-10-09 02:53:59Z,DAL,in,0.858,Q4 8:32,-14.0,7588,Javonte Williams,RB,18.2,13.6,2.92,16.52,16.12,16.19,0.141,1.0,16.52,,0.0,0
2026-10-09 02:54:59Z,DAL,in,0.88,Q4 7:13,-14.0,11533,Brandon Aubrey,K,9.8,5.0,1.07,6.07,6.07,6.18,0.38,1.0,6.07,,0.0,0
2026-10-09 02:54:59Z,DAL,in,0.88,Q4 7:13,-14.0,6786,CeeDee Lamb,WR,19.6,2.9,3.55,6.45,4.83,5.26,0.308,1.0,6.45,,0.0,0
2026-10-09 02:54:59Z,TB,in,0.88,Q4 7:13,14.0,11584,Bucky Irving,RB,11.1,28.8,2.1,30.9,30.71,30.14,0.058,1.0,30.9,,0.0,0
2026-10-09 02:54:59Z,DAL,in,0.88,Q4 7:13,-14.0,3294,Dak Prescott,QB,22.1,7.4,4.34,11.74,9.7,10.06,0.0,1.0,11.74,,0.0,0
2026-10-09 02:54:59Z,TB,in,0.88,Q4 7:13,14.0,8111,Cade Otton,TE,7.9,5.5,0.65,6.15,6.41,6.45,0.224,1.0,6.15,,0.0,0
2026-10-09 02:54:59Z,TB,in,0.88,Q4 7:13,14.0,4037,Chris Godwin,WR,8.0,7.0,0.7,7.7,7.96,7.96,0.38,1.0,7.7,,0.0,0
2026-10-09 02:54:59Z,DAL,in,0.88,Q4 7:13,-14.0,8110,Jake Ferguson,TE,8.8,3.3,1.66,4.96,4.22,4.36,0.162,1.0,4.96,,0.0,0
2026-10-09 02:54:59Z,TB,in,0.88,Q4 7:13,14.0,6650,Chase McLaughlin,K,6.7,7.0,0.84,7.84,7.84,7.81,0.179,1.0,7.84,,0.0,0
2026-10-09 02:54:59Z,TB,in,0.88,Q4 7:13,14.0,9506,Sean Tucker,RB,2.4,1.8,0.25,2.05,2.08,2.09,0.115,1.0,2.05,,0.0,0
2026-10-09 02:54:59Z,TB,in,0.88,Q4 7:13,14.0,12514,Emeka Egbuka,WR,9.1,17.2,1.11,18.31,18.57,18.29,0.023,1.0,18.31,,0.0,0
2026-10-09 02:54:59Z,DAL,in,0.88,Q4 7:13,-14.0,DAL,Dallas Cowboys D/ST,DST,7.3,1.0,0.12,1.12,1.71,1.88,0.24,1.0,1.12,,0.0,0
2026-10-09 02:54:59Z,DAL,in,0.88,Q4 7:13,-14.0,8137,George Pickens,WR,14.8,12.6,3.03,15.63,14.37,14.38,0.0,1.0,15.63,,0.0,0
2026-10-09 02:54:59Z,TB,in,0.88,Q4 7:13,14.0,TB,Tampa Bay Buccaneers D/ST,DST,3.1,8.0,0.07,8.07,8.53,8.37,0.253,1.0,8.07,,0.0,0
2026-10-09 02:54:59Z,DAL,in,0.88,Q4 7:13,-14.0,8917,KaVontae Turpin,WR,2.0,2.2,0.43,2.63,2.45,2.44,0.0,1.0,2.63,,0.0,0
2026-10-09 02:54:59Z,TB,in,0.88,Q4 7:13,14.0,10227,Payne Durham,TE,1.1,1.5,0.11,1.61,1.65,1.63,0.38,1.0,1.61,,0.0,0
2026-10-09 02:54:59Z,DAL,in,0.88,Q4 7:13,-14.0,11593,Brevyn Spann-Ford,TE,0.6,0.0,0.11,0.11,0.06,0.07,0.88,1.0,0.11,,0.0,0
2026-10-09 02:54:59Z,TB,in,0.88,Q4 7:13,14.0,13425,Jalon Daniels,QB,15.0,14.06,1.24,15.3,15.89,15.86,0.023,1.0,15.3,,0.0,0
2026-10-09 02:54:59Z,DAL,in,0.88,Q4 7:13,-14.0,11199,Emari Demercado,RB,3.7,0.0,0.38,0.38,0.35,0.45,0.88,1.0,0.38,,0.0,0
2026-10-09 02:54:59Z,DAL,in,0.88,Q4 7:13,-14.0,8162,Sam Howell,QB,0.9,0.0,0.16,0.16,0.08,0.11,0.88,0.3,0.05,,0.0,0
2026-10-09 02:54:59Z,DAL,in,0.88,Q4 7:13,-14.0,11783,Ryan Flournoy,WR,8.3,8.4,1.74,10.14,9.43,9.4,0.0,1.0,10.14,,0.0,0
2026-10-09 02:54:59Z,DAL,in,0.88,Q4 7:13,-14.0,10871,Luke Schoonmaker,TE,1.9,1.9,0.4,2.3,2.14,2.13,0.342,1.0,2.3,,0.0,0
2026-10-09 02:54:59Z,TB,in,0.88,Q4 7:13,14.0,13317,Ted Hurst,WR,4.5,0.0,0.26,0.26,0.42,0.54,0.88,1.0,0.26,,0.0,0
2026-10-09 02:54:59Z,TB,in,0.88,Q4 7:13,14.0,12485,Tez Johnson,WR,4.2,7.4,0.49,7.89,8.02,7.91,0.279,1.0,7.89,,0.0,0
2026-10-09 02:54:59Z,DAL,in,0.88,Q4 7:13,-14.0,7588,Javonte Williams,RB,18.2,13.6,2.52,16.12,15.72,15.79,0.162,1.0,16.12,,0.0,0
2026-10-09 02:55:59Z,DAL,in,0.895,Q4 6:19,-14.0,11533,Brandon Aubrey,K,9.8,5.0,0.93,5.93,5.93,6.03,0.395,1.0,5.93,,0.0,0
2026-10-09 02:55:59Z,DAL,in,0.895,Q4 6:19,-14.0,6786,CeeDee Lamb,WR,19.6,2.9,3.18,6.08,4.58,4.96,0.323,1.0,6.08,,0.0,0
2026-10-09 02:55:59Z,TB,in,0.895,Q4 6:19,14.0,11584,Bucky Irving,RB,11.1,28.8,1.87,30.67,30.47,29.97,0.073,1.0,30.67,,0.0,0
2026-10-09 02:55:59Z,DAL,in,0.895,Q4 6:19,-14.0,3294,Dak Prescott,QB,22.1,8.2,3.93,12.13,10.22,10.53,0.0,1.0,12.13,,0.0,0
2026-10-09 02:55:59Z,TB,in,0.895,Q4 6:19,14.0,8111,Cade Otton,TE,7.9,5.5,0.57,6.07,6.29,6.33,0.239,1.0,6.07,,0.0,0
2026-10-09 02:55:59Z,TB,in,0.895,Q4 6:19,14.0,4037,Chris Godwin,WR,8.0,7.0,0.62,7.62,7.84,7.84,0.395,1.0,7.62,,0.0,0
2026-10-09 02:55:59Z,DAL,in,0.895,Q4 6:19,-14.0,8110,Jake Ferguson,TE,8.8,3.3,1.49,4.79,4.11,4.23,0.177,1.0,4.79,,0.0,0
2026-10-09 02:55:59Z,TB,in,0.895,Q4 6:19,14.0,6650,Chase McLaughlin,K,6.7,7.0,0.73,7.73,7.73,7.71,0.194,1.0,7.73,,0.0,0
2026-10-09 02:55:59Z,TB,in,0.895,Q4 6:19,14.0,9506,Sean Tucker,RB,2.4,1.8,0.22,2.02,2.04,2.05,0.13,1.0,2.02,,0.0,0
2026-10-09 02:55:59Z,TB,in,0.895,Q4 6:19,14.0,12514,Emeka Egbuka,WR,9.1,17.2,0.99,18.19,18.4,18.16,0.038,1.0,18.19,,0.0,0
2026-10-09 02:55:59Z,DAL,in,0.895,Q4 6:19,-14.0,DAL,Dallas Cowboys D/ST,DST,7.3,1.0,0.11,1.11,1.62,1.77,0.255,1.0,1.11,,0.0,0
2026-10-09 02:55:59Z,DAL,in,0.895,Q4 6:19,-14.0,8137,George Pickens,WR,14.8,15.6,2.81,18.41,17.22,17.16,0.0,1.0,18.41,,0.0,0
2026-10-09 02:55:59Z,TB,in,0.895,Q4 6:19,14.0,TB,Tampa Bay Buccaneers D/ST,DST,3.1,8.0,0.07,8.07,8.46,8.33,0.268,1.0,8.07,,0.0,0
2026-10-09 02:55:59Z,DAL,in,0.895,Q4 6:19,-14.0,8917,KaVontae Turpin,WR,2.0,2.2,0.38,2.58,2.42,2.41,0.015,1.0,2.58,,0.0,0
2026-10-09 02:55:59Z,TB,in,0.895,Q4 6:19,14.0,10227,Payne Durham,TE,1.1,1.5,0.1,1.6,1.63,1.62,0.395,1.0,1.6,,0.0,0
2026-10-09 02:55:59Z,DAL,in,0.895,Q4 6:19,-14.0,11593,Brevyn Spann-Ford,TE,0.6,0.0,0.09,0.09,0.05,0.06,0.895,1.0,0.09,,0.0,0
2026-10-09 02:55:59Z,TB,in,0.895,Q4 6:19,14.0,13425,Jalon Daniels,QB,15.0,14.06,1.07,15.13,15.66,15.64,0.038,1.0,15.13,,0.0,0
2026-10-09 02:55:59Z,DAL,in,0.895,Q4 6:19,-14.0,11199,Emari Demercado,RB,3.7,0.0,0.34,0.34,0.3,0.39,0.895,1.0,0.34,,0.0,0
2026-10-09 02:55:59Z,DAL,in,0.895,Q4 6:19,-14.0,8162,Sam Howell,QB,0.9,0.0,0.14,0.14,0.07,0.09,0.895,0.3,0.04,,0.0,0
2026-10-09 02:55:59Z,DAL,in,0.895,Q4 6:19,-14.0,11783,Ryan Flournoy,WR,8.3,8.4,1.57,9.97,9.3,9.27,0.015,1.0,9.97,,0.0,0
2026-10-09 02:55:59Z,DAL,in,0.895,Q4 6:19,-14.0,10871,Luke Schoonmaker,TE,1.9,1.9,0.36,2.26,2.11,2.1,0.357,1.0,2.26,,0.0,0
2026-10-09 02:55:59Z,TB,in,0.895,Q4 6:19,14.0,13317,Ted Hurst,WR,4.5,0.0,0.23,0.23,0.37,0.47,0.895,1.0,0.23,,0.0,0
2026-10-09 02:55:59Z,TB,in,0.895,Q4 6:19,14.0,12485,Tez Johnson,WR,4.2,7.4,0.44,7.84,7.94,7.84,0.294,1.0,7.84,,0.0,0
2026-10-09 02:55:59Z,DAL,in,0.895,Q4 6:19,-14.0,7588,Javonte Williams,RB,18.2,14.0,2.25,16.25,15.86,15.92,0.0,1.0,16.25,,0.0,0
2026-10-09 02:56:59Z,DAL,in,0.901,Q4 5:56,-14.0,11533,Brandon Aubrey,K,9.8,5.0,0.87,5.87,5.87,5.97,0.401,1.0,5.87,,0.0,0
2026-10-09 02:56:59Z,DAL,in,0.901,Q4 5:56,-14.0,6786,CeeDee Lamb,WR,19.6,2.9,3.01,5.91,4.47,4.84,0.33,1.0,5.91,,0.0,0
2026-10-09 02:56:59Z,TB,in,0.901,Q4 5:56,14.0,11584,Bucky Irving,RB,11.1,28.8,1.77,30.57,30.36,29.9,0.08,1.0,30.57,,0.0,0
2026-10-09 02:56:59Z,DAL,in,0.901,Q4 5:56,-14.0,3294,Dak Prescott,QB,22.1,8.52,3.74,12.26,10.42,10.71,0.0,1.0,12.26,,0.0,0
2026-10-09 02:56:59Z,TB,in,0.901,Q4 5:56,14.0,8111,Cade Otton,TE,7.9,5.5,0.53,6.03,6.24,6.28,0.246,1.0,6.03,,0.0,0
2026-10-09 02:56:59Z,TB,in,0.901,Q4 5:56,14.0,4037,Chris Godwin,WR,8.0,7.0,0.58,7.58,7.79,7.79,0.401,1.0,7.58,,0.0,0
2026-10-09 02:56:59Z,DAL,in,0.901,Q4 5:56,-14.0,8110,Jake Ferguson,TE,8.8,3.3,1.41,4.71,4.06,4.17,0.184,1.0,4.71,,0.0,0
2026-10-09 02:56:59Z,TB,in,0.901,Q4 5:56,14.0,6650,Chase McLaughlin,K,6.7,7.0,0.69,7.69,7.69,7.66,0.201,1.0,7.69,,0.0,0
2026-10-09 02:56:59Z,TB,in,0.901,Q4 5:56,14.0,9506,Sean Tucker,RB,2.4,1.8,0.2,2.0,2.03,2.04,0.137,1.0,2.0,,0.0,0
2026-10-09 02:56:59Z,TB,in,0.901,Q4 5:56,14.0,12514,Emeka Egbuka,WR,9.1,17.2,0.93,18.13,18.32,18.1,0.044,1.0,18.13,,0.0,0
2026-10-09 02:56:59Z,DAL,in,0.901,Q4 5:56,-14.0,DAL,Dallas Cowboys D/ST,DST,7.3,1.0,0.1,1.1,1.58,1.72,0.261,1.0,1.1,,0.0,0
2026-10-09 02:56:59Z,DAL,in,0.901,Q4 5:56,-14.0,8137,George Pickens,WR,14.8,15.6,2.66,18.26,17.12,17.06,0.006,1.0,18.26,,0.0,0
2026-10-09 02:56:59Z,TB,in,0.901,Q4 5:56,14.0,TB,Tampa Bay Buccaneers D/ST,DST,3.1,8.0,0.07,8.07,8.44,8.31,0.274,1.0,8.07,,0.0,0
2026-10-09 02:56:59Z,DAL,in,0.901,Q4 5:56,-14.0,8917,KaVontae Turpin,WR,2.0,2.2,0.36,2.56,2.41,2.4,0.021,1.0,2.56,,0.0,0
2026-10-09 02:56:59Z,TB,in,0.901,Q4 5:56,14.0,10227,Payne Durham,TE,1.1,1.5,0.1,1.6,1.62,1.61,0.401,1.0,1.6,,0.0,0
2026-10-09 02:56:59Z,DAL,in,0.901,Q4 5:56,-14.0,11593,Brevyn Spann-Ford,TE,0.6,0.0,0.09,0.09,0.05,0.06,0.901,1.0,0.09,,0.0,0
2026-10-09 02:56:59Z,TB,in,0.901,Q4 5:56,14.0,13425,Jalon Daniels,QB,15.0,14.06,1.01,15.07,15.56,15.54,0.044,1.0,15.07,,0.0,0
2026-10-09 02:56:59Z,DAL,in,0.901,Q4 5:56,-14.0,11199,Emari Demercado,RB,3.7,0.0,0.32,0.32,0.28,0.37,0.901,1.0,0.32,,0.0,0
2026-10-09 02:56:59Z,DAL,in,0.901,Q4 5:56,-14.0,8162,Sam Howell,QB,0.9,0.0,0.14,0.14,0.07,0.09,0.901,0.3,0.04,,0.0,0
2026-10-09 02:56:59Z,DAL,in,0.901,Q4 5:56,-14.0,11783,Ryan Flournoy,WR,8.3,8.4,1.48,9.88,9.24,9.22,0.021,1.0,9.88,,0.0,0
2026-10-09 02:56:59Z,DAL,in,0.901,Q4 5:56,-14.0,10871,Luke Schoonmaker,TE,1.9,1.9,0.34,2.24,2.09,2.09,0.364,1.0,2.24,,0.0,0
2026-10-09 02:56:59Z,TB,in,0.901,Q4 5:56,14.0,13317,Ted Hurst,WR,4.5,0.0,0.21,0.21,0.34,0.45,0.901,1.0,0.21,,0.0,0
2026-10-09 02:56:59Z,TB,in,0.901,Q4 5:56,14.0,12485,Tez Johnson,WR,4.2,7.4,0.41,7.81,7.9,7.82,0.3,1.0,7.81,,0.0,0
2026-10-09 02:56:59Z,DAL,in,0.901,Q4 5:56,-14.0,7588,Javonte Williams,RB,18.2,14.0,2.12,16.12,15.74,15.8,0.006,1.0,16.12,,0.0,0
2026-10-09 02:58:00Z,DAL,in,0.908,Q4 5:30,-14.0,11533,Brandon Aubrey,K,9.8,5.0,0.81,5.81,5.81,5.9,0.408,1.0,5.81,,0.0,0
2026-10-09 02:58:00Z,DAL,in,0.908,Q4 5:30,-14.0,6786,CeeDee Lamb,WR,19.6,2.9,2.79,5.69,4.36,4.7,0.337,1.0,5.69,,0.0,0
2026-10-09 02:58:00Z,TB,in,0.908,Q4 5:30,14.0,11584,Bucky Irving,RB,11.1,28.8,1.63,30.43,30.25,29.82,0.087,1.0,30.43,,0.0,0
2026-10-09 02:58:00Z,DAL,in,0.908,Q4 5:30,-14.0,3294,Dak Prescott,QB,22.1,8.52,3.47,11.99,10.28,10.55,0.007,1.0,11.99,,0.0,0
2026-10-09 02:58:00Z,TB,in,0.908,Q4 5:30,14.0,8111,Cade Otton,TE,7.9,5.5,0.49,5.99,6.19,6.22,0.253,1.0,5.99,,0.0,0
2026-10-09 02:58:00Z,TB,in,0.908,Q4 5:30,14.0,4037,Chris Godwin,WR,8.0,7.0,0.54,7.54,7.73,7.73,0.408,1.0,7.54,,0.0,0
2026-10-09 02:58:00Z,DAL,in,0.908,Q4 5:30,-14.0,8110,Jake Ferguson,TE,8.8,3.3,1.31,4.61,4.0,4.11,0.191,1.0,4.61,,0.0,0
2026-10-09 02:58:00Z,TB,in,0.908,Q4 5:30,14.0,6650,Chase McLaughlin,K,6.7,7.0,0.64,7.64,7.64,7.61,0.208,1.0,7.64,,0.0,0
2026-10-09 02:58:00Z,TB,in,0.908,Q4 5:30,14.0,9506,Sean Tucker,RB,2.4,1.8,0.19,1.99,2.01,2.02,0.144,1.0,1.99,,0.0,0
2026-10-09 02:58:00Z,TB,in,0.908,Q4 5:30,14.0,12514,Emeka Egbuka,WR,9.1,17.2,0.86,18.06,18.24,18.03,0.052,1.0,18.06,,0.0,0
2026-10-09 02:58:00Z,DAL,in,0.908,Q4 5:30,-14.0,DAL,Dallas Cowboys D/ST,DST,7.3,1.0,0.1,1.1,1.54,1.67,0.268,1.0,1.1,,0.0,0
2026-10-09 02:58:00Z,DAL,in,0.908,Q4 5:30,-14.0,8137,George Pickens,WR,14.8,15.6,2.47,18.07,17.01,16.96,0.014,1.0,18.07,,0.0,0
2026-10-09 02:58:00Z,TB,in,0.908,Q4 5:30,14.0,TB,Tampa Bay Buccaneers D/ST,DST,3.1,8.0,0.06,8.06,8.4,8.28,0.282,1.0,8.06,,0.0,0
2026-10-09 02:58:00Z,DAL,in,0.908,Q4 5:30,-14.0,8917,KaVontae Turpin,WR,2.0,2.2,0.34,2.54,2.39,2.38,0.029,1.0,2.54,,0.0,0
2026-10-09 02:58:00Z,TB,in,0.908,Q4 5:30,14.0,10227,Payne Durham,TE,1.1,1.5,0.09,1.59,1.61,1.6,0.408,1.0,1.59,,0.0,0
2026-10-09 02:58:00Z,DAL,in,0.908,Q4 5:30,-14.0,11593,Brevyn Spann-Ford,TE,0.6,0.0,0.08,0.08,0.04,0.06,0.908,1.0,0.08,,0.0,0
2026-10-09 02:58:00Z,TB,in,0.908,Q4 5:30,14.0,13425,Jalon Daniels,QB,15.0,14.06,0.93,14.99,15.44,15.44,0.052,1.0,14.99,,0.0,0
2026-10-09 02:58:00Z,DAL,in,0.908,Q4 5:30,-14.0,11199,Emari Demercado,RB,3.7,0.0,0.29,0.29,0.26,0.34,0.908,1.0,0.29,,0.0,0
2026-10-09 02:58:00Z,DAL,in,0.908,Q4 5:30,-14.0,8162,Sam Howell,QB,0.9,0.0,0.13,0.13,0.06,0.08,0.908,0.3,0.04,,0.0,0
2026-10-09 02:58:00Z,DAL,in,0.908,Q4 5:30,-14.0,11783,Ryan Flournoy,WR,8.3,8.4,1.37,9.77,9.18,9.16,0.029,1.0,9.77,,0.0,0
2026-10-09 02:58:00Z,DAL,in,0.908,Q4 5:30,-14.0,10871,Luke Schoonmaker,TE,1.9,1.9,0.31,2.21,2.08,2.07,0.371,1.0,2.21,,0.0,0
2026-10-09 02:58:00Z,TB,in,0.908,Q4 5:30,14.0,13317,Ted Hurst,WR,4.5,0.0,0.2,0.2,0.32,0.41,0.908,1.0,0.2,,0.0,0
2026-10-09 02:58:00Z,TB,in,0.908,Q4 5:30,14.0,12485,Tez Johnson,WR,4.2,7.4,0.38,7.78,7.87,7.79,0.307,1.0,7.78,,0.0,0
2026-10-09 02:58:00Z,DAL,in,0.908,Q4 5:30,-14.0,7588,Javonte Williams,RB,18.2,14.0,1.96,15.96,15.61,15.67,0.014,1.0,15.96,,0.0,0
2026-10-09 02:59:00Z,DAL,in,0.909,Q4 5:26,-8.0,11533,Brandon Aubrey,K,9.8,5.0,0.8,5.8,5.8,5.89,0.409,1.0,5.8,,0.0,0
2026-10-09 02:59:00Z,DAL,in,0.909,Q4 5:26,-8.0,6786,CeeDee Lamb,WR,19.6,2.9,2.36,5.26,4.34,4.67,0.338,1.0,5.26,,0.0,0
2026-10-09 02:59:00Z,TB,in,0.909,Q4 5:26,8.0,11584,Bucky Irving,RB,11.1,28.8,1.67,30.47,30.23,29.81,0.088,1.0,30.47,,0.0,0
2026-10-09 02:59:00Z,DAL,in,0.909,Q4 5:26,-8.0,3294,Dak Prescott,QB,22.1,13.2,3.06,16.26,15.05,15.2,0.0,1.0,16.26,,0.0,0
2026-10-09 02:59:00Z,TB,in,0.909,Q4 5:26,8.0,8111,Cade Otton,TE,7.9,5.5,0.64,6.14,6.18,6.22,0.254,1.0,6.14,,0.0,0
2026-10-09 02:59:00Z,TB,in,0.909,Q4 5:26,8.0,4037,Chris Godwin,WR,8.0,7.0,0.69,7.69,7.72,7.72,0.409,1.0,7.69,,0.0,0
2026-10-09 02:59:00Z,DAL,in,0.909,Q4 5:26,-8.0,8110,Jake Ferguson,TE,8.8,3.3,1.11,4.41,3.99,4.1,0.192,1.0,4.41,,0.0,0
2026-10-09 02:59:00Z,TB,in,0.909,Q4 5:26,8.0,6650,Chase McLaughlin,K,6.7,7.0,0.63,7.63,7.63,7.61,0.209,1.0,7.63,,0.0,0
2026-10-09 02:59:00Z,TB,in,0.909,Q4 5:26,8.0,9506,Sean Tucker,RB,2.4,1.8,0.2,2.0,2.01,2.02,0.145,1.0,2.0,,0.0,0
2026-10-09 02:59:00Z,TB,in,0.909,Q4 5:26,8.0,12514,Emeka Egbuka,WR,9.1,17.2,1.03,18.23,18.23,18.02,0.053,1.0,18.23,,0.0,0
2026-10-09 02:59:00Z,DAL,in,0.909,Q4 5:26,-8.0,DAL,Dallas Cowboys D/ST,DST,7.3,1.0,0.18,1.18,1.53,1.66,0.269,1.0,1.18,,0.0,0
2026-10-09 02:59:00Z,DAL,in,0.909,Q4 5:26,-8.0,8137,George Pickens,WR,14.8,24.3,2.37,26.67,25.89,25.64,0.0,1.0,26.67,,0.0,0
2026-10-09 02:59:00Z,TB,in,0.909,Q4 5:26,8.0,TB,Tampa Bay Buccaneers D/ST,DST,3.1,5.0,0.1,5.1,5.33,5.28,0.0,1.0,5.1,,0.0,0
2026-10-09 02:59:00Z,DAL,in,0.909,Q4 5:26,-8.0,8917,KaVontae Turpin,WR,2.0,2.2,0.29,2.49,2.39,2.38,0.03,1.0,2.49,,0.0,0
2026-10-09 02:59:00Z,TB,in,0.909,Q4 5:26,8.0,10227,Payne Durham,TE,1.1,1.5,0.11,1.61,1.61,1.6,0.409,1.0,1.61,,0.0,0
2026-10-09 02:59:00Z,DAL,in,0.909,Q4 5:26,-8.0,11593,Brevyn Spann-Ford,TE,0.6,0.0,0.07,0.07,0.04,0.05,0.909,1.0,0.07,,0.0,0
2026-10-09 02:59:00Z,TB,in,0.909,Q4 5:26,8.0,13425,Jalon Daniels,QB,15.0,14.06,1.29,15.35,15.43,15.42,0.053,1.0,15.35,,0.0,0
2026-10-09 02:59:00Z,DAL,in,0.909,Q4 5:26,-8.0,11199,Emari Demercado,RB,3.7,0.0,0.27,0.27,0.26,0.34,0.909,1.0,0.27,,0.0,0
2026-10-09 02:59:00Z,DAL,in,0.909,Q4 5:26,-8.0,8162,Sam Howell,QB,0.9,0.0,0.1,0.1,0.06,0.08,0.909,0.3,0.03,,0.0,0
2026-10-09 02:59:00Z,DAL,in,0.909,Q4 5:26,-8.0,11783,Ryan Flournoy,WR,8.3,8.4,1.19,9.59,9.17,9.15,0.03,1.0,9.59,,0.0,0
2026-10-09 02:59:00Z,DAL,in,0.909,Q4 5:26,-8.0,10871,Luke Schoonmaker,TE,1.9,1.9,0.27,2.17,2.08,2.07,0.372,1.0,2.17,,0.0,0
2026-10-09 02:59:00Z,TB,in,0.909,Q4 5:26,8.0,13317,Ted Hurst,WR,4.5,0.0,0.28,0.28,0.31,0.41,0.909,1.0,0.28,,0.0,0
2026-10-09 02:59:00Z,TB,in,0.909,Q4 5:26,8.0,12485,Tez Johnson,WR,4.2,7.4,0.46,7.86,7.86,7.78,0.308,1.0,7.86,,0.0,0
2026-10-09 02:59:00Z,DAL,in,0.909,Q4 5:26,-8.0,7588,Javonte Williams,RB,18.2,14.0,1.83,15.83,15.59,15.65,0.015,1.0,15.83,,0.0,0
2026-10-09 03:00:01Z,DAL,in,0.909,Q4 5:26,-8.0,11533,Brandon Aubrey,K,9.8,5.0,0.8,5.8,5.8,5.89,0.409,1.0,5.8,,0.0,0
2026-10-09 03:00:01Z,DAL,in,0.909,Q4 5:26,-8.0,6786,CeeDee Lamb,WR,19.6,2.9,2.36,5.26,4.34,4.67,0.338,1.0,5.26,,0.0,0
2026-10-09 03:00:01Z,TB,in,0.909,Q4 5:26,8.0,11584,Bucky Irving,RB,11.1,28.8,1.67,30.47,30.23,29.81,0.088,1.0,30.47,,0.0,0
2026-10-09 03:00:01Z,DAL,in,0.909,Q4 5:26,-8.0,3294,Dak Prescott,QB,22.1,13.2,3.06,16.26,15.05,15.2,0.0,1.0,16.26,,0.0,0
2026-10-09 03:00:01Z,TB,in,0.909,Q4 5:26,8.0,8111,Cade Otton,TE,7.9,5.5,0.64,6.14,6.18,6.22,0.254,1.0,6.14,,0.0,0
2026-10-09 03:00:01Z,TB,in,0.909,Q4 5:26,8.0,4037,Chris Godwin,WR,8.0,7.0,0.69,7.69,7.72,7.72,0.409,1.0,7.69,,0.0,0
2026-10-09 03:00:01Z,DAL,in,0.909,Q4 5:26,-8.0,8110,Jake Ferguson,TE,8.8,3.3,1.11,4.41,3.99,4.1,0.192,1.0,4.41,,0.0,0
2026-10-09 03:00:01Z,TB,in,0.909,Q4 5:26,8.0,6650,Chase McLaughlin,K,6.7,7.0,0.63,7.63,7.63,7.61,0.209,1.0,7.63,,0.0,0
2026-10-09 03:00:01Z,TB,in,0.909,Q4 5:26,8.0,9506,Sean Tucker,RB,2.4,1.8,0.2,2.0,2.01,2.02,0.145,1.0,2.0,,0.0,0
2026-10-09 03:00:01Z,TB,in,0.909,Q4 5:26,8.0,12514,Emeka Egbuka,WR,9.1,17.2,1.03,18.23,18.23,18.02,0.053,1.0,18.23,,0.0,0
2026-10-09 03:00:01Z,DAL,in,0.909,Q4 5:26,-8.0,DAL,Dallas Cowboys D/ST,DST,7.3,1.0,0.18,1.18,1.53,1.66,0.269,1.0,1.18,,0.0,0
2026-10-09 03:00:01Z,DAL,in,0.909,Q4 5:26,-8.0,8137,George Pickens,WR,14.8,24.3,2.37,26.67,25.89,25.64,0.0,1.0,26.67,,0.0,0
2026-10-09 03:00:01Z,TB,in,0.909,Q4 5:26,8.0,TB,Tampa Bay Buccaneers D/ST,DST,3.1,5.0,0.1,5.1,5.33,5.28,0.0,1.0,5.1,,0.0,0
2026-10-09 03:00:01Z,DAL,in,0.909,Q4 5:26,-8.0,8917,KaVontae Turpin,WR,2.0,2.2,0.29,2.49,2.39,2.38,0.03,1.0,2.49,,0.0,0
2026-10-09 03:00:01Z,TB,in,0.909,Q4 5:26,8.0,10227,Payne Durham,TE,1.1,1.5,0.11,1.61,1.61,1.6,0.409,1.0,1.61,,0.0,0
2026-10-09 03:00:01Z,DAL,in,0.909,Q4 5:26,-8.0,11593,Brevyn Spann-Ford,TE,0.6,0.0,0.07,0.07,0.04,0.05,0.909,1.0,0.07,,0.0,0
2026-10-09 03:00:01Z,TB,in,0.909,Q4 5:26,8.0,13425,Jalon Daniels,QB,15.0,14.06,1.29,15.35,15.43,15.42,0.053,1.0,15.35,,0.0,0
2026-10-09 03:00:01Z,DAL,in,0.909,Q4 5:26,-8.0,11199,Emari Demercado,RB,3.7,0.0,0.27,0.27,0.26,0.34,0.909,1.0,0.27,,0.0,0
2026-10-09 03:00:01Z,DAL,in,0.909,Q4 5:26,-8.0,8162,Sam Howell,QB,0.9,0.0,0.1,0.1,0.06,0.08,0.909,0.3,0.03,,0.0,0
2026-10-09 03:00:01Z,DAL,in,0.909,Q4 5:26,-8.0,11783,Ryan Flournoy,WR,8.3,8.4,1.19,9.59,9.17,9.15,0.03,1.0,9.59,,0.0,0
2026-10-09 03:00:01Z,DAL,in,0.909,Q4 5:26,-8.0,10871,Luke Schoonmaker,TE,1.9,1.9,0.27,2.17,2.08,2.07,0.372,1.0,2.17,,0.0,0
2026-10-09 03:00:01Z,TB,in,0.909,Q4 5:26,8.0,13317,Ted Hurst,WR,4.5,0.0,0.28,0.28,0.31,0.41,0.909,1.0,0.28,,0.0,0
2026-10-09 03:00:01Z,TB,in,0.909,Q4 5:26,8.0,12485,Tez Johnson,WR,4.2,7.4,0.46,7.86,7.86,7.78,0.308,1.0,7.86,,0.0,0
2026-10-09 03:00:01Z,DAL,in,0.909,Q4 5:26,-8.0,7588,Javonte Williams,RB,18.2,14.0,1.83,15.83,15.59,15.65,0.015,1.0,15.83,,0.0,0
2026-10-09 03:01:01Z,DAL,in,0.909,Q4 5:26,-8.0,11533,Brandon Aubrey,K,9.8,5.0,0.8,5.8,5.8,5.89,0.409,1.0,5.8,,0.0,0
2026-10-09 03:01:01Z,DAL,in,0.909,Q4 5:26,-8.0,6786,CeeDee Lamb,WR,19.6,2.9,2.36,5.26,4.34,4.67,0.338,1.0,5.26,,0.0,0
2026-10-09 03:01:01Z,TB,in,0.909,Q4 5:26,8.0,11584,Bucky Irving,RB,11.1,28.8,1.67,30.47,30.23,29.81,0.088,1.0,30.47,,0.0,0
2026-10-09 03:01:01Z,DAL,in,0.909,Q4 5:26,-8.0,3294,Dak Prescott,QB,22.1,13.2,3.06,16.26,15.05,15.2,0.0,1.0,16.26,,0.0,0
2026-10-09 03:01:01Z,TB,in,0.909,Q4 5:26,8.0,8111,Cade Otton,TE,7.9,5.5,0.64,6.14,6.18,6.22,0.254,1.0,6.14,,0.0,0
2026-10-09 03:01:01Z,TB,in,0.909,Q4 5:26,8.0,4037,Chris Godwin,WR,8.0,7.0,0.69,7.69,7.72,7.72,0.409,1.0,7.69,,0.0,0
2026-10-09 03:01:01Z,DAL,in,0.909,Q4 5:26,-8.0,8110,Jake Ferguson,TE,8.8,3.3,1.11,4.41,3.99,4.1,0.192,1.0,4.41,,0.0,0
2026-10-09 03:01:01Z,TB,in,0.909,Q4 5:26,8.0,6650,Chase McLaughlin,K,6.7,7.0,0.63,7.63,7.63,7.61,0.209,1.0,7.63,,0.0,0
2026-10-09 03:01:01Z,TB,in,0.909,Q4 5:26,8.0,9506,Sean Tucker,RB,2.4,1.8,0.2,2.0,2.01,2.02,0.145,1.0,2.0,,0.0,0
2026-10-09 03:01:01Z,TB,in,0.909,Q4 5:26,8.0,12514,Emeka Egbuka,WR,9.1,17.2,1.03,18.23,18.23,18.02,0.053,1.0,18.23,,0.0,0
2026-10-09 03:01:01Z,DAL,in,0.909,Q4 5:26,-8.0,DAL,Dallas Cowboys D/ST,DST,7.3,1.0,0.18,1.18,1.53,1.66,0.269,1.0,1.18,,0.0,0
2026-10-09 03:01:01Z,DAL,in,0.909,Q4 5:26,-8.0,8137,George Pickens,WR,14.8,24.3,2.37,26.67,25.89,25.64,0.0,1.0,26.67,,0.0,0
2026-10-09 03:01:01Z,TB,in,0.909,Q4 5:26,8.0,TB,Tampa Bay Buccaneers D/ST,DST,3.1,5.0,0.1,5.1,5.33,5.28,0.0,1.0,5.1,,0.0,0
2026-10-09 03:01:01Z,DAL,in,0.909,Q4 5:26,-8.0,8917,KaVontae Turpin,WR,2.0,2.2,0.29,2.49,2.39,2.38,0.03,1.0,2.49,,0.0,0
2026-10-09 03:01:01Z,TB,in,0.909,Q4 5:26,8.0,10227,Payne Durham,TE,1.1,1.5,0.11,1.61,1.61,1.6,0.409,1.0,1.61,,0.0,0
2026-10-09 03:01:01Z,DAL,in,0.909,Q4 5:26,-8.0,11593,Brevyn Spann-Ford,TE,0.6,0.0,0.07,0.07,0.04,0.05,0.909,1.0,0.07,,0.0,0
2026-10-09 03:01:01Z,TB,in,0.909,Q4 5:26,8.0,13425,Jalon Daniels,QB,15.0,14.06,1.29,15.35,15.43,15.42,0.053,1.0,15.35,,0.0,0
2026-10-09 03:01:01Z,DAL,in,0.909,Q4 5:26,-8.0,11199,Emari Demercado,RB,3.7,0.0,0.27,0.27,0.26,0.34,0.909,1.0,0.27,,0.0,0
2026-10-09 03:01:01Z,DAL,in,0.909,Q4 5:26,-8.0,8162,Sam Howell,QB,0.9,0.0,0.1,0.1,0.06,0.08,0.909,0.3,0.03,,0.0,0
2026-10-09 03:01:01Z,DAL,in,0.909,Q4 5:26,-8.0,11783,Ryan Flournoy,WR,8.3,8.4,1.19,9.59,9.17,9.15,0.03,1.0,9.59,,0.0,0
2026-10-09 03:01:01Z,DAL,in,0.909,Q4 5:26,-8.0,10871,Luke Schoonmaker,TE,1.9,1.9,0.27,2.17,2.08,2.07,0.372,1.0,2.17,,0.0,0
2026-10-09 03:01:01Z,TB,in,0.909,Q4 5:26,8.0,13317,Ted Hurst,WR,4.5,0.0,0.28,0.28,0.31,0.41,0.909,1.0,0.28,,0.0,0
2026-10-09 03:01:01Z,TB,in,0.909,Q4 5:26,8.0,12485,Tez Johnson,WR,4.2,7.4,0.46,7.86,7.86,7.78,0.308,1.0,7.86,,0.0,0
2026-10-09 03:01:01Z,DAL,in,0.909,Q4 5:26,-8.0,7588,Javonte Williams,RB,18.2,14.0,1.83,15.83,15.59,15.65,0.015,1.0,15.83,,0.0,0
2026-10-09 03:02:01Z,DAL,in,0.909,Q4 5:26,-8.0,11533,Brandon Aubrey,K,9.8,5.0,0.8,5.8,5.8,5.89,0.409,1.0,5.8,,0.0,0
2026-10-09 03:02:01Z,DAL,in,0.909,Q4 5:26,-8.0,6786,CeeDee Lamb,WR,19.6,2.9,2.36,5.26,4.34,4.67,0.338,1.0,5.26,,0.0,0
2026-10-09 03:02:01Z,TB,in,0.909,Q4 5:26,8.0,11584,Bucky Irving,RB,11.1,28.8,1.67,30.47,30.23,29.81,0.088,1.0,30.47,,0.0,0
2026-10-09 03:02:01Z,DAL,in,0.909,Q4 5:26,-8.0,3294,Dak Prescott,QB,22.1,13.2,3.06,16.26,15.05,15.2,0.0,1.0,16.26,,0.0,0
2026-10-09 03:02:01Z,TB,in,0.909,Q4 5:26,8.0,8111,Cade Otton,TE,7.9,5.5,0.64,6.14,6.18,6.22,0.254,1.0,6.14,,0.0,0
2026-10-09 03:02:01Z,TB,in,0.909,Q4 5:26,8.0,4037,Chris Godwin,WR,8.0,7.0,0.69,7.69,7.72,7.72,0.409,1.0,7.69,,0.0,0
2026-10-09 03:02:01Z,DAL,in,0.909,Q4 5:26,-8.0,8110,Jake Ferguson,TE,8.8,3.3,1.11,4.41,3.99,4.1,0.192,1.0,4.41,,0.0,0
2026-10-09 03:02:01Z,TB,in,0.909,Q4 5:26,8.0,6650,Chase McLaughlin,K,6.7,7.0,0.63,7.63,7.63,7.61,0.209,1.0,7.63,,0.0,0
2026-10-09 03:02:01Z,TB,in,0.909,Q4 5:26,8.0,9506,Sean Tucker,RB,2.4,1.8,0.2,2.0,2.01,2.02,0.145,1.0,2.0,,0.0,0
2026-10-09 03:02:01Z,TB,in,0.909,Q4 5:26,8.0,12514,Emeka Egbuka,WR,9.1,17.2,1.03,18.23,18.23,18.02,0.053,1.0,18.23,,0.0,0
2026-10-09 03:02:01Z,DAL,in,0.909,Q4 5:26,-8.0,DAL,Dallas Cowboys D/ST,DST,7.3,1.0,0.18,1.18,1.53,1.66,0.269,1.0,1.18,,0.0,0
2026-10-09 03:02:01Z,DAL,in,0.909,Q4 5:26,-8.0,8137,George Pickens,WR,14.8,24.3,2.37,26.67,25.89,25.64,0.0,1.0,26.67,,0.0,0
2026-10-09 03:02:01Z,TB,in,0.909,Q4 5:26,8.0,TB,Tampa Bay Buccaneers D/ST,DST,3.1,5.0,0.1,5.1,5.33,5.28,0.0,1.0,5.1,,0.0,0
2026-10-09 03:02:01Z,DAL,in,0.909,Q4 5:26,-8.0,8917,KaVontae Turpin,WR,2.0,2.2,0.29,2.49,2.39,2.38,0.03,1.0,2.49,,0.0,0
2026-10-09 03:02:01Z,TB,in,0.909,Q4 5:26,8.0,10227,Payne Durham,TE,1.1,1.5,0.11,1.61,1.61,1.6,0.409,1.0,1.61,,0.0,0
2026-10-09 03:02:01Z,DAL,in,0.909,Q4 5:26,-8.0,11593,Brevyn Spann-Ford,TE,0.6,0.0,0.07,0.07,0.04,0.05,0.909,1.0,0.07,,0.0,0
2026-10-09 03:02:01Z,TB,in,0.909,Q4 5:26,8.0,13425,Jalon Daniels,QB,15.0,14.06,1.29,15.35,15.43,15.42,0.053,1.0,15.35,,0.0,0
2026-10-09 03:02:01Z,DAL,in,0.909,Q4 5:26,-8.0,11199,Emari Demercado,RB,3.7,0.0,0.27,0.27,0.26,0.34,0.909,1.0,0.27,,0.0,0
2026-10-09 03:02:01Z,DAL,in,0.909,Q4 5:26,-8.0,8162,Sam Howell,QB,0.9,0.0,0.1,0.1,0.06,0.08,0.909,0.3,0.03,,0.0,0
2026-10-09 03:02:01Z,DAL,in,0.909,Q4 5:26,-8.0,11783,Ryan Flournoy,WR,8.3,8.4,1.19,9.59,9.17,9.15,0.03,1.0,9.59,,0.0,0
2026-10-09 03:02:01Z,DAL,in,0.909,Q4 5:26,-8.0,10871,Luke Schoonmaker,TE,1.9,1.9,0.27,2.17,2.08,2.07,0.372,1.0,2.17,,0.0,0
2026-10-09 03:02:01Z,TB,in,0.909,Q4 5:26,8.0,13317,Ted Hurst,WR,4.5,0.0,0.28,0.28,0.31,0.41,0.909,1.0,0.28,,0.0,0
2026-10-09 03:02:01Z,TB,in,0.909,Q4 5:26,8.0,12485,Tez Johnson,WR,4.2,7.4,0.46,7.86,7.86,7.78,0.308,1.0,7.86,,0.0,0
2026-10-09 03:02:01Z,DAL,in,0.909,Q4 5:26,-8.0,7588,Javonte Williams,RB,18.2,14.0,1.83,15.83,15.59,15.65,0.015,1.0,15.83,,0.0,0
2026-10-09 03:03:01Z,DAL,in,0.909,Q4 5:26,-8.0,11533,Brandon Aubrey,K,9.8,5.0,0.8,5.8,5.8,5.89,0.409,1.0,5.8,,0.0,0
2026-10-09 03:03:01Z,DAL,in,0.909,Q4 5:26,-8.0,6786,CeeDee Lamb,WR,19.6,2.9,2.36,5.26,4.34,4.67,0.338,1.0,5.26,,0.0,0
2026-10-09 03:03:01Z,TB,in,0.909,Q4 5:26,8.0,11584,Bucky Irving,RB,11.1,28.8,1.67,30.47,30.23,29.81,0.088,1.0,30.47,,0.0,0
2026-10-09 03:03:01Z,DAL,in,0.909,Q4 5:26,-8.0,3294,Dak Prescott,QB,22.1,13.2,3.06,16.26,15.05,15.2,0.0,1.0,16.26,,0.0,0
2026-10-09 03:03:01Z,TB,in,0.909,Q4 5:26,8.0,8111,Cade Otton,TE,7.9,5.5,0.64,6.14,6.18,6.22,0.254,1.0,6.14,,0.0,0
2026-10-09 03:03:01Z,TB,in,0.909,Q4 5:26,8.0,4037,Chris Godwin,WR,8.0,7.0,0.69,7.69,7.72,7.72,0.409,1.0,7.69,,0.0,0
2026-10-09 03:03:01Z,DAL,in,0.909,Q4 5:26,-8.0,8110,Jake Ferguson,TE,8.8,3.3,1.11,4.41,3.99,4.1,0.192,1.0,4.41,,0.0,0
2026-10-09 03:03:01Z,TB,in,0.909,Q4 5:26,8.0,6650,Chase McLaughlin,K,6.7,7.0,0.63,7.63,7.63,7.61,0.209,1.0,7.63,,0.0,0
2026-10-09 03:03:01Z,TB,in,0.909,Q4 5:26,8.0,9506,Sean Tucker,RB,2.4,1.8,0.2,2.0,2.01,2.02,0.145,1.0,2.0,,0.0,0
2026-10-09 03:03:01Z,TB,in,0.909,Q4 5:26,8.0,12514,Emeka Egbuka,WR,9.1,17.2,1.03,18.23,18.23,18.02,0.053,1.0,18.23,,0.0,0
2026-10-09 03:03:01Z,DAL,in,0.909,Q4 5:26,-8.0,DAL,Dallas Cowboys D/ST,DST,7.3,1.0,0.18,1.18,1.53,1.66,0.269,1.0,1.18,,0.0,0
2026-10-09 03:03:01Z,DAL,in,0.909,Q4 5:26,-8.0,8137,George Pickens,WR,14.8,24.3,2.37,26.67,25.89,25.64,0.0,1.0,26.67,,0.0,0
2026-10-09 03:03:01Z,TB,in,0.909,Q4 5:26,8.0,TB,Tampa Bay Buccaneers D/ST,DST,3.1,5.0,0.1,5.1,5.33,5.28,0.0,1.0,5.1,,0.0,0
2026-10-09 03:03:01Z,DAL,in,0.909,Q4 5:26,-8.0,8917,KaVontae Turpin,WR,2.0,2.2,0.29,2.49,2.39,2.38,0.03,1.0,2.49,,0.0,0
2026-10-09 03:03:01Z,TB,in,0.909,Q4 5:26,8.0,10227,Payne Durham,TE,1.1,1.5,0.11,1.61,1.61,1.6,0.409,1.0,1.61,,0.0,0
2026-10-09 03:03:01Z,DAL,in,0.909,Q4 5:26,-8.0,11593,Brevyn Spann-Ford,TE,0.6,0.0,0.07,0.07,0.04,0.05,0.909,1.0,0.07,,0.0,0
2026-10-09 03:03:01Z,TB,in,0.909,Q4 5:26,8.0,13425,Jalon Daniels,QB,15.0,14.06,1.29,15.35,15.43,15.42,0.053,1.0,15.35,,0.0,0
2026-10-09 03:03:01Z,DAL,in,0.909,Q4 5:26,-8.0,11199,Emari Demercado,RB,3.7,0.0,0.27,0.27,0.26,0.34,0.909,1.0,0.27,,0.0,0
2026-10-09 03:03:01Z,DAL,in,0.909,Q4 5:26,-8.0,8162,Sam Howell,QB,0.9,0.0,0.1,0.1,0.06,0.08,0.909,0.3,0.03,,0.0,0
2026-10-09 03:03:01Z,DAL,in,0.909,Q4 5:26,-8.0,11783,Ryan Flournoy,WR,8.3,8.4,1.19,9.59,9.17,9.15,0.03,1.0,9.59,,0.0,0
2026-10-09 03:03:01Z,DAL,in,0.909,Q4 5:26,-8.0,10871,Luke Schoonmaker,TE,1.9,1.9,0.27,2.17,2.08,2.07,0.372,1.0,2.17,,0.0,0
2026-10-09 03:03:01Z,TB,in,0.909,Q4 5:26,8.0,13317,Ted Hurst,WR,4.5,0.0,0.28,0.28,0.31,0.41,0.909,1.0,0.28,,0.0,0
2026-10-09 03:03:01Z,TB,in,0.909,Q4 5:26,8.0,12485,Tez Johnson,WR,4.2,7.4,0.46,7.86,7.86,7.78,0.308,1.0,7.86,,0.0,0
2026-10-09 03:03:01Z,DAL,in,0.909,Q4 5:26,-8.0,7588,Javonte Williams,RB,18.2,14.0,1.83,15.83,15.59,15.65,0.015,1.0,15.83,,0.0,0
2026-10-09 03:04:02Z,DAL,in,0.909,Q4 5:26,-8.0,11533,Brandon Aubrey,K,9.8,5.0,0.8,5.8,5.8,5.89,0.409,1.0,5.8,,0.0,0
2026-10-09 03:04:02Z,DAL,in,0.909,Q4 5:26,-8.0,6786,CeeDee Lamb,WR,19.6,2.9,2.36,5.26,4.34,4.67,0.338,1.0,5.26,,0.0,0
2026-10-09 03:04:02Z,TB,in,0.909,Q4 5:26,8.0,11584,Bucky Irving,RB,11.1,28.9,1.68,30.58,30.33,29.91,0.0,1.0,30.58,,0.0,0
2026-10-09 03:04:02Z,DAL,in,0.909,Q4 5:26,-8.0,3294,Dak Prescott,QB,22.1,13.2,3.06,16.26,15.05,15.2,0.0,1.0,16.26,,0.0,0
2026-10-09 03:04:02Z,TB,in,0.909,Q4 5:26,8.0,8111,Cade Otton,TE,7.9,5.5,0.64,6.14,6.18,6.22,0.254,1.0,6.14,,0.0,0
2026-10-09 03:04:02Z,TB,in,0.909,Q4 5:26,8.0,4037,Chris Godwin,WR,8.0,7.0,0.69,7.69,7.72,7.72,0.409,1.0,7.69,,0.0,0
2026-10-09 03:04:02Z,DAL,in,0.909,Q4 5:26,-8.0,8110,Jake Ferguson,TE,8.8,3.3,1.11,4.41,3.99,4.1,0.192,1.0,4.41,,0.0,0
2026-10-09 03:04:02Z,TB,in,0.909,Q4 5:26,8.0,6650,Chase McLaughlin,K,6.7,7.0,0.63,7.63,7.63,7.61,0.209,1.0,7.63,,0.0,0
2026-10-09 03:04:02Z,TB,in,0.909,Q4 5:26,8.0,9506,Sean Tucker,RB,2.4,1.8,0.2,2.0,2.01,2.02,0.145,1.0,2.0,,0.0,0
2026-10-09 03:04:02Z,TB,in,0.909,Q4 5:26,8.0,12514,Emeka Egbuka,WR,9.1,17.2,1.03,18.23,18.23,18.02,0.053,1.0,18.23,,0.0,0
2026-10-09 03:04:02Z,DAL,in,0.909,Q4 5:26,-8.0,DAL,Dallas Cowboys D/ST,DST,7.3,1.0,0.18,1.18,1.53,1.66,0.269,1.0,1.18,,0.0,0
2026-10-09 03:04:02Z,DAL,in,0.909,Q4 5:26,-8.0,8137,George Pickens,WR,14.8,24.3,2.37,26.67,25.89,25.64,0.0,1.0,26.67,,0.0,0
2026-10-09 03:04:02Z,TB,in,0.909,Q4 5:26,8.0,TB,Tampa Bay Buccaneers D/ST,DST,3.1,5.0,0.1,5.1,5.33,5.28,0.0,1.0,5.1,,0.0,0
2026-10-09 03:04:02Z,DAL,in,0.909,Q4 5:26,-8.0,8917,KaVontae Turpin,WR,2.0,2.2,0.29,2.49,2.39,2.38,0.03,1.0,2.49,,0.0,0
2026-10-09 03:04:02Z,TB,in,0.909,Q4 5:26,8.0,10227,Payne Durham,TE,1.1,1.5,0.11,1.61,1.61,1.6,0.409,1.0,1.61,,0.0,0
2026-10-09 03:04:02Z,DAL,in,0.909,Q4 5:26,-8.0,11593,Brevyn Spann-Ford,TE,0.6,0.0,0.07,0.07,0.04,0.05,0.909,1.0,0.07,,0.0,0
2026-10-09 03:04:02Z,TB,in,0.909,Q4 5:26,8.0,13425,Jalon Daniels,QB,15.0,14.06,1.29,15.35,15.43,15.42,0.053,1.0,15.35,,0.0,0
2026-10-09 03:04:02Z,DAL,in,0.909,Q4 5:26,-8.0,11199,Emari Demercado,RB,3.7,0.0,0.27,0.27,0.26,0.34,0.909,1.0,0.27,,0.0,0
2026-10-09 03:04:02Z,DAL,in,0.909,Q4 5:26,-8.0,8162,Sam Howell,QB,0.9,0.0,0.1,0.1,0.06,0.08,0.909,0.3,0.03,,0.0,0
2026-10-09 03:04:02Z,DAL,in,0.909,Q4 5:26,-8.0,11783,Ryan Flournoy,WR,8.3,8.4,1.19,9.59,9.17,9.15,0.03,1.0,9.59,,0.0,0
2026-10-09 03:04:02Z,DAL,in,0.909,Q4 5:26,-8.0,10871,Luke Schoonmaker,TE,1.9,1.9,0.27,2.17,2.08,2.07,0.372,1.0,2.17,,0.0,0
2026-10-09 03:04:02Z,TB,in,0.909,Q4 5:26,8.0,13317,Ted Hurst,WR,4.5,0.0,0.28,0.28,0.31,0.41,0.909,1.0,0.28,,0.0,0
2026-10-09 03:04:02Z,TB,in,0.909,Q4 5:26,8.0,12485,Tez Johnson,WR,4.2,7.4,0.46,7.86,7.86,7.78,0.308,1.0,7.86,,0.0,0
2026-10-09 03:04:02Z,DAL,in,0.909,Q4 5:26,-8.0,7588,Javonte Williams,RB,18.2,14.0,1.83,15.83,15.59,15.65,0.015,1.0,15.83,,0.0,0
2026-10-09 03:05:02Z,DAL,in,0.909,Q4 5:26,-8.0,11533,Brandon Aubrey,K,9.8,5.0,0.8,5.8,5.8,5.89,0.409,1.0,5.8,,0.0,0
2026-10-09 03:05:02Z,DAL,in,0.909,Q4 5:26,-8.0,6786,CeeDee Lamb,WR,19.6,2.9,2.36,5.26,4.34,4.67,0.338,1.0,5.26,,0.0,0
2026-10-09 03:05:02Z,TB,in,0.909,Q4 5:26,8.0,11584,Bucky Irving,RB,11.1,28.9,1.68,30.58,30.33,29.91,0.0,1.0,30.58,,0.0,0
2026-10-09 03:05:02Z,DAL,in,0.909,Q4 5:26,-8.0,3294,Dak Prescott,QB,22.1,13.2,3.06,16.26,15.05,15.2,0.0,1.0,16.26,,0.0,0
2026-10-09 03:05:02Z,TB,in,0.909,Q4 5:26,8.0,8111,Cade Otton,TE,7.9,5.5,0.64,6.14,6.18,6.22,0.254,1.0,6.14,,0.0,0
2026-10-09 03:05:02Z,TB,in,0.909,Q4 5:26,8.0,4037,Chris Godwin,WR,8.0,7.0,0.69,7.69,7.72,7.72,0.409,1.0,7.69,,0.0,0
2026-10-09 03:05:02Z,DAL,in,0.909,Q4 5:26,-8.0,8110,Jake Ferguson,TE,8.8,3.3,1.11,4.41,3.99,4.1,0.192,1.0,4.41,,0.0,0
2026-10-09 03:05:02Z,TB,in,0.909,Q4 5:26,8.0,6650,Chase McLaughlin,K,6.7,7.0,0.63,7.63,7.63,7.61,0.209,1.0,7.63,,0.0,0
2026-10-09 03:05:02Z,TB,in,0.909,Q4 5:26,8.0,9506,Sean Tucker,RB,2.4,1.8,0.2,2.0,2.01,2.02,0.145,1.0,2.0,,0.0,0
2026-10-09 03:05:02Z,TB,in,0.909,Q4 5:26,8.0,12514,Emeka Egbuka,WR,9.1,17.2,1.03,18.23,18.23,18.02,0.053,1.0,18.23,,0.0,0
2026-10-09 03:05:02Z,DAL,in,0.909,Q4 5:26,-8.0,DAL,Dallas Cowboys D/ST,DST,7.3,1.0,0.18,1.18,1.53,1.66,0.269,1.0,1.18,,0.0,0
2026-10-09 03:05:02Z,DAL,in,0.909,Q4 5:26,-8.0,8137,George Pickens,WR,14.8,24.3,2.37,26.67,25.89,25.64,0.0,1.0,26.67,,0.0,0
2026-10-09 03:05:02Z,TB,in,0.909,Q4 5:26,8.0,TB,Tampa Bay Buccaneers D/ST,DST,3.1,5.0,0.1,5.1,5.33,5.28,0.0,1.0,5.1,,0.0,0
2026-10-09 03:05:02Z,DAL,in,0.909,Q4 5:26,-8.0,8917,KaVontae Turpin,WR,2.0,2.2,0.29,2.49,2.39,2.38,0.03,1.0,2.49,,0.0,0
2026-10-09 03:05:02Z,TB,in,0.909,Q4 5:26,8.0,10227,Payne Durham,TE,1.1,1.5,0.11,1.61,1.61,1.6,0.409,1.0,1.61,,0.0,0
2026-10-09 03:05:02Z,DAL,in,0.909,Q4 5:26,-8.0,11593,Brevyn Spann-Ford,TE,0.6,0.0,0.07,0.07,0.04,0.05,0.909,1.0,0.07,,0.0,0
2026-10-09 03:05:02Z,TB,in,0.909,Q4 5:26,8.0,13425,Jalon Daniels,QB,15.0,14.06,1.29,15.35,15.43,15.42,0.053,1.0,15.35,,0.0,0
2026-10-09 03:05:02Z,DAL,in,0.909,Q4 5:26,-8.0,11199,Emari Demercado,RB,3.7,0.0,0.27,0.27,0.26,0.34,0.909,1.0,0.27,,0.0,0
2026-10-09 03:05:02Z,DAL,in,0.909,Q4 5:26,-8.0,8162,Sam Howell,QB,0.9,0.0,0.1,0.1,0.06,0.08,0.909,0.3,0.03,,0.0,0
2026-10-09 03:05:02Z,DAL,in,0.909,Q4 5:26,-8.0,11783,Ryan Flournoy,WR,8.3,8.4,1.19,9.59,9.17,9.15,0.03,1.0,9.59,,0.0,0
2026-10-09 03:05:02Z,DAL,in,0.909,Q4 5:26,-8.0,10871,Luke Schoonmaker,TE,1.9,1.9,0.27,2.17,2.08,2.07,0.372,1.0,2.17,,0.0,0
2026-10-09 03:05:02Z,TB,in,0.909,Q4 5:26,8.0,13317,Ted Hurst,WR,4.5,0.0,0.28,0.28,0.31,0.41,0.909,1.0,0.28,,0.0,0
2026-10-09 03:05:02Z,TB,in,0.909,Q4 5:26,8.0,12485,Tez Johnson,WR,4.2,7.4,0.46,7.86,7.86,7.78,0.308,1.0,7.86,,0.0,0
2026-10-09 03:05:02Z,DAL,in,0.909,Q4 5:26,-8.0,7588,Javonte Williams,RB,18.2,14.0,1.83,15.83,15.59,15.65,0.015,1.0,15.83,,0.0,0
2026-10-09 03:06:02Z,DAL,in,0.934,Q4 3:58,-8.0,11533,Brandon Aubrey,K,9.8,5.0,0.58,5.58,5.58,5.65,0.434,1.0,5.58,,0.0,0
2026-10-09 03:06:02Z,DAL,in,0.934,Q4 3:58,-8.0,6786,CeeDee Lamb,WR,19.6,2.9,1.72,4.62,3.94,4.2,0.363,1.0,4.62,,0.0,0
2026-10-09 03:06:02Z,TB,in,0.934,Q4 3:58,8.0,11584,Bucky Irving,RB,11.1,29.4,1.22,30.62,30.45,30.13,0.0,1.0,30.62,,0.0,0
2026-10-09 03:06:02Z,DAL,in,0.934,Q4 3:58,-8.0,3294,Dak Prescott,QB,22.1,13.2,2.23,15.43,14.54,14.66,0.024,1.0,15.43,,0.0,0
2026-10-09 03:06:02Z,TB,in,0.934,Q4 3:58,8.0,8111,Cade Otton,TE,7.9,5.5,0.47,5.97,5.99,6.02,0.278,1.0,5.97,,0.0,0
2026-10-09 03:06:02Z,TB,in,0.934,Q4 3:58,8.0,4037,Chris Godwin,WR,8.0,7.0,0.5,7.5,7.52,7.53,0.434,1.0,7.5,,0.0,0
2026-10-09 03:06:02Z,DAL,in,0.934,Q4 3:58,-8.0,8110,Jake Ferguson,TE,8.8,3.3,0.81,4.11,3.8,3.88,0.217,1.0,4.11,,0.0,0
2026-10-09 03:06:02Z,TB,in,0.934,Q4 3:58,8.0,6650,Chase McLaughlin,K,6.7,7.0,0.46,7.46,7.46,7.44,0.233,1.0,7.46,,0.0,0
2026-10-09 03:06:02Z,TB,in,0.934,Q4 3:58,8.0,9506,Sean Tucker,RB,2.4,1.8,0.15,1.95,1.95,1.96,0.169,1.0,1.95,,0.0,0
2026-10-09 03:06:02Z,TB,in,0.934,Q4 3:58,8.0,12514,Emeka Egbuka,WR,9.1,17.2,0.74,17.94,17.95,17.8,0.077,1.0,17.94,,0.0,0
2026-10-09 03:06:02Z,DAL,in,0.934,Q4 3:58,-8.0,DAL,Dallas Cowboys D/ST,DST,7.3,1.0,0.13,1.13,1.39,1.48,0.294,1.0,1.13,,0.0,0
2026-10-09 03:06:02Z,DAL,in,0.934,Q4 3:58,-8.0,8137,George Pickens,WR,14.8,24.3,1.72,26.02,25.45,25.28,0.024,1.0,26.02,,0.0,0
2026-10-09 03:06:02Z,TB,in,0.934,Q4 3:58,8.0,TB,Tampa Bay Buccaneers D/ST,DST,3.1,5.0,0.07,5.07,5.24,5.2,0.024,1.0,5.07,,0.0,0
2026-10-09 03:06:02Z,DAL,in,0.934,Q4 3:58,-8.0,8917,KaVontae Turpin,WR,2.0,2.2,0.21,2.41,2.34,2.33,0.054,1.0,2.41,,0.0,0
2026-10-09 03:06:02Z,TB,in,0.934,Q4 3:58,8.0,10227,Payne Durham,TE,1.1,1.5,0.08,1.58,1.58,1.57,0.434,1.0,1.58,,0.0,0
2026-10-09 03:06:02Z,DAL,in,0.934,Q4 3:58,-8.0,11593,Brevyn Spann-Ford,TE,0.6,0.0,0.05,0.05,0.03,0.04,0.934,1.0,0.05,,0.0,0
2026-10-09 03:06:02Z,TB,in,0.934,Q4 3:58,8.0,13425,Jalon Daniels,QB,15.0,14.06,0.93,14.99,15.05,15.05,0.077,1.0,14.99,,0.0,0
2026-10-09 03:06:02Z,DAL,in,0.934,Q4 3:58,-8.0,11199,Emari Demercado,RB,3.7,0.0,0.2,0.2,0.19,0.24,0.934,1.0,0.2,,0.0,0
2026-10-09 03:06:02Z,DAL,in,0.934,Q4 3:58,-8.0,8162,Sam Howell,QB,0.9,0.0,0.07,0.07,0.05,0.06,0.934,0.3,0.02,,0.0,0
2026-10-09 03:06:02Z,DAL,in,0.934,Q4 3:58,-8.0,11783,Ryan Flournoy,WR,8.3,8.4,0.86,9.26,8.96,8.95,0.054,1.0,9.26,,0.0,0
2026-10-09 03:06:02Z,DAL,in,0.934,Q4 3:58,-8.0,10871,Luke Schoonmaker,TE,1.9,1.9,0.2,2.1,2.03,2.03,0.396,1.0,2.1,,0.0,0
2026-10-09 03:06:02Z,TB,in,0.934,Q4 3:58,8.0,13317,Ted Hurst,WR,4.5,0.0,0.21,0.21,0.23,0.3,0.934,1.0,0.21,,0.0,0
2026-10-09 03:06:02Z,TB,in,0.934,Q4 3:58,8.0,12485,Tez Johnson,WR,4.2,7.4,0.33,7.73,7.74,7.68,0.333,1.0,7.73,,0.0,0
2026-10-09 03:06:02Z,DAL,in,0.934,Q4 3:58,-8.0,7588,Javonte Williams,RB,18.2,14.0,1.32,15.32,15.15,15.2,0.039,1.0,15.32,,0.0,0
2026-10-09 03:07:03Z,DAL,in,0.938,Q4 3:42,-8.0,11533,Brandon Aubrey,K,9.8,5.0,0.54,5.54,5.54,5.6,0.438,1.0,5.54,,0.0,0
2026-10-09 03:07:03Z,DAL,in,0.938,Q4 3:42,-8.0,6786,CeeDee Lamb,WR,19.6,2.9,1.61,4.51,3.87,4.11,0.367,1.0,4.51,,0.0,0
2026-10-09 03:07:03Z,TB,in,0.938,Q4 3:42,8.0,11584,Bucky Irving,RB,11.1,29.5,1.13,30.63,30.48,30.18,0.0,1.0,30.63,,0.0,0
2026-10-09 03:07:03Z,DAL,in,0.938,Q4 3:42,-8.0,3294,Dak Prescott,QB,22.1,13.2,2.08,15.28,14.45,14.56,0.029,1.0,15.28,,0.0,0
2026-10-09 03:07:03Z,TB,in,0.938,Q4 3:42,8.0,8111,Cade Otton,TE,7.9,5.5,0.44,5.94,5.96,5.99,0.283,1.0,5.94,,0.0,0
2026-10-09 03:07:03Z,TB,in,0.938,Q4 3:42,8.0,4037,Chris Godwin,WR,8.0,7.0,0.47,7.47,7.49,7.49,0.438,1.0,7.47,,0.0,0
2026-10-09 03:07:03Z,DAL,in,0.938,Q4 3:42,-8.0,8110,Jake Ferguson,TE,8.8,3.3,0.76,4.06,3.77,3.84,0.221,1.0,4.06,,0.0,0
2026-10-09 03:07:03Z,TB,in,0.938,Q4 3:42,8.0,6650,Chase McLaughlin,K,6.7,7.0,0.42,7.42,7.42,7.41,0.238,1.0,7.42,,0.0,0
2026-10-09 03:07:03Z,TB,in,0.938,Q4 3:42,8.0,9506,Sean Tucker,RB,2.4,1.8,0.14,1.94,1.94,1.95,0.174,1.0,1.94,,0.0,0
2026-10-09 03:07:03Z,TB,in,0.938,Q4 3:42,8.0,12514,Emeka Egbuka,WR,9.1,17.2,0.69,17.89,17.89,17.76,0.082,1.0,17.89,,0.0,0
2026-10-09 03:07:03Z,DAL,in,0.938,Q4 3:42,-8.0,DAL,Dallas Cowboys D/ST,DST,7.3,1.0,0.12,1.12,1.36,1.45,0.298,1.0,1.12,,0.0,0
2026-10-09 03:07:03Z,DAL,in,0.938,Q4 3:42,-8.0,8137,George Pickens,WR,14.8,24.3,1.6,25.9,25.37,25.21,0.029,1.0,25.9,,0.0,0
2026-10-09 03:07:03Z,TB,in,0.938,Q4 3:42,8.0,TB,Tampa Bay Buccaneers D/ST,DST,3.1,5.0,0.07,5.07,5.22,5.19,0.029,1.0,5.07,,0.0,0
2026-10-09 03:07:03Z,DAL,in,0.938,Q4 3:42,-8.0,8917,KaVontae Turpin,WR,2.0,2.2,0.2,2.4,2.33,2.32,0.059,1.0,2.4,,0.0,0
2026-10-09 03:07:03Z,TB,in,0.938,Q4 3:42,8.0,10227,Payne Durham,TE,1.1,1.5,0.07,1.57,1.58,1.57,0.438,1.0,1.57,,0.0,0
2026-10-09 03:07:03Z,DAL,in,0.938,Q4 3:42,-8.0,11593,Brevyn Spann-Ford,TE,0.6,0.0,0.05,0.05,0.03,0.04,0.938,1.0,0.05,,0.0,0
2026-10-09 03:07:03Z,TB,in,0.938,Q4 3:42,8.0,13425,Jalon Daniels,QB,15.0,14.06,0.87,14.93,14.98,14.98,0.082,1.0,14.93,,0.0,0
2026-10-09 03:07:03Z,DAL,in,0.938,Q4 3:42,-8.0,11199,Emari Demercado,RB,3.7,0.0,0.18,0.18,0.17,0.23,0.938,1.0,0.18,,0.0,0
2026-10-09 03:07:03Z,DAL,in,0.938,Q4 3:42,-8.0,8162,Sam Howell,QB,0.9,0.0,0.07,0.07,0.04,0.06,0.938,0.3,0.02,,0.0,0
2026-10-09 03:07:03Z,DAL,in,0.938,Q4 3:42,-8.0,11783,Ryan Flournoy,WR,8.3,8.4,0.81,9.21,8.92,8.91,0.059,1.0,9.21,,0.0,0
2026-10-09 03:07:03Z,DAL,in,0.938,Q4 3:42,-8.0,10871,Luke Schoonmaker,TE,1.9,1.9,0.18,2.08,2.02,2.02,0.401,1.0,2.08,,0.0,0
2026-10-09 03:07:03Z,TB,in,0.938,Q4 3:42,8.0,13317,Ted Hurst,WR,4.5,0.0,0.19,0.19,0.21,0.28,0.938,1.0,0.19,,0.0,0
2026-10-09 03:07:03Z,TB,in,0.938,Q4 3:42,8.0,12485,Tez Johnson,WR,4.2,7.4,0.31,7.71,7.71,7.66,0.337,1.0,7.71,,0.0,0
2026-10-09 03:07:03Z,DAL,in,0.938,Q4 3:42,-8.0,7588,Javonte Williams,RB,18.2,14.0,1.23,15.23,15.07,15.12,0.044,1.0,15.23,,0.0,0
2026-10-09 03:08:03Z,DAL,in,0.938,Q4 3:42,-8.0,11533,Brandon Aubrey,K,9.8,5.0,0.54,5.54,5.54,5.6,0.438,1.0,5.54,,0.0,0
2026-10-09 03:08:03Z,DAL,in,0.938,Q4 3:42,-8.0,6786,CeeDee Lamb,WR,19.6,2.9,1.61,4.51,3.87,4.11,0.367,1.0,4.51,,0.0,0
2026-10-09 03:08:03Z,TB,in,0.938,Q4 3:42,8.0,11584,Bucky Irving,RB,11.1,29.5,1.13,30.63,30.48,30.18,0.0,1.0,30.63,,0.0,0
2026-10-09 03:08:03Z,DAL,in,0.938,Q4 3:42,-8.0,3294,Dak Prescott,QB,22.1,13.2,2.08,15.28,14.45,14.56,0.029,1.0,15.28,,0.0,0
2026-10-09 03:08:03Z,TB,in,0.938,Q4 3:42,8.0,8111,Cade Otton,TE,7.9,5.5,0.44,5.94,5.96,5.99,0.283,1.0,5.94,,0.0,0
2026-10-09 03:08:03Z,TB,in,0.938,Q4 3:42,8.0,4037,Chris Godwin,WR,8.0,7.0,0.47,7.47,7.49,7.49,0.438,1.0,7.47,,0.0,0
2026-10-09 03:08:03Z,DAL,in,0.938,Q4 3:42,-8.0,8110,Jake Ferguson,TE,8.8,3.3,0.76,4.06,3.77,3.84,0.221,1.0,4.06,,0.0,0
2026-10-09 03:08:03Z,TB,in,0.938,Q4 3:42,8.0,6650,Chase McLaughlin,K,6.7,7.0,0.42,7.42,7.42,7.41,0.238,1.0,7.42,,0.0,0
2026-10-09 03:08:03Z,TB,in,0.938,Q4 3:42,8.0,9506,Sean Tucker,RB,2.4,1.8,0.14,1.94,1.94,1.95,0.174,1.0,1.94,,0.0,0
2026-10-09 03:08:03Z,TB,in,0.938,Q4 3:42,8.0,12514,Emeka Egbuka,WR,9.1,17.2,0.69,17.89,17.89,17.76,0.082,1.0,17.89,,0.0,0
2026-10-09 03:08:03Z,DAL,in,0.938,Q4 3:42,-8.0,DAL,Dallas Cowboys D/ST,DST,7.3,1.0,0.12,1.12,1.36,1.45,0.298,1.0,1.12,,0.0,0
2026-10-09 03:08:03Z,DAL,in,0.938,Q4 3:42,-8.0,8137,George Pickens,WR,14.8,24.3,1.6,25.9,25.37,25.21,0.029,1.0,25.9,,0.0,0
2026-10-09 03:08:03Z,TB,in,0.938,Q4 3:42,8.0,TB,Tampa Bay Buccaneers D/ST,DST,3.1,5.0,0.07,5.07,5.22,5.19,0.029,1.0,5.07,,0.0,0
2026-10-09 03:08:03Z,DAL,in,0.938,Q4 3:42,-8.0,8917,KaVontae Turpin,WR,2.0,2.2,0.2,2.4,2.33,2.32,0.059,1.0,2.4,,0.0,0
2026-10-09 03:08:03Z,TB,in,0.938,Q4 3:42,8.0,10227,Payne Durham,TE,1.1,1.5,0.07,1.57,1.58,1.57,0.438,1.0,1.57,,0.0,0
2026-10-09 03:08:03Z,DAL,in,0.938,Q4 3:42,-8.0,11593,Brevyn Spann-Ford,TE,0.6,0.0,0.05,0.05,0.03,0.04,0.938,1.0,0.05,,0.0,0
2026-10-09 03:08:03Z,TB,in,0.938,Q4 3:42,8.0,13425,Jalon Daniels,QB,15.0,14.06,0.87,14.93,14.98,14.98,0.082,1.0,14.93,,0.0,0
2026-10-09 03:08:03Z,DAL,in,0.938,Q4 3:42,-8.0,11199,Emari Demercado,RB,3.7,0.0,0.18,0.18,0.17,0.23,0.938,1.0,0.18,,0.0,0
2026-10-09 03:08:03Z,DAL,in,0.938,Q4 3:42,-8.0,8162,Sam Howell,QB,0.9,0.0,0.07,0.07,0.04,0.06,0.938,0.3,0.02,,0.0,0
2026-10-09 03:08:03Z,DAL,in,0.938,Q4 3:42,-8.0,11783,Ryan Flournoy,WR,8.3,8.4,0.81,9.21,8.92,8.91,0.059,1.0,9.21,,0.0,0
2026-10-09 03:08:03Z,DAL,in,0.938,Q4 3:42,-8.0,10871,Luke Schoonmaker,TE,1.9,1.9,0.18,2.08,2.02,2.02,0.401,1.0,2.08,,0.0,0
2026-10-09 03:08:03Z,TB,in,0.938,Q4 3:42,8.0,13317,Ted Hurst,WR,4.5,0.0,0.19,0.19,0.21,0.28,0.938,1.0,0.19,,0.0,0
2026-10-09 03:08:03Z,TB,in,0.938,Q4 3:42,8.0,12485,Tez Johnson,WR,4.2,7.4,0.31,7.71,7.71,7.66,0.337,1.0,7.71,,0.0,0
2026-10-09 03:08:03Z,DAL,in,0.938,Q4 3:42,-8.0,7588,Javonte Williams,RB,18.2,14.0,1.23,15.23,15.07,15.12,0.044,1.0,15.23,,0.0,0
2026-10-09 03:09:03Z,DAL,in,0.938,Q4 3:42,-8.0,11533,Brandon Aubrey,K,9.8,5.0,0.54,5.54,5.54,5.6,0.438,1.0,5.54,,0.0,0
2026-10-09 03:09:03Z,DAL,in,0.938,Q4 3:42,-8.0,6786,CeeDee Lamb,WR,19.6,2.9,1.61,4.51,3.87,4.11,0.367,1.0,4.51,,0.0,0
2026-10-09 03:09:03Z,TB,in,0.938,Q4 3:42,8.0,11584,Bucky Irving,RB,11.1,29.5,1.13,30.63,30.48,30.18,0.0,1.0,30.63,,0.0,0
2026-10-09 03:09:03Z,DAL,in,0.938,Q4 3:42,-8.0,3294,Dak Prescott,QB,22.1,13.24,2.08,15.32,14.49,14.6,0.0,1.0,15.32,,0.0,0
2026-10-09 03:09:03Z,TB,in,0.938,Q4 3:42,8.0,8111,Cade Otton,TE,7.9,5.5,0.44,5.94,5.96,5.99,0.283,1.0,5.94,,0.0,0
2026-10-09 03:09:03Z,TB,in,0.938,Q4 3:42,8.0,4037,Chris Godwin,WR,8.0,7.0,0.47,7.47,7.49,7.49,0.438,1.0,7.47,,0.0,0
2026-10-09 03:09:03Z,DAL,in,0.938,Q4 3:42,-8.0,8110,Jake Ferguson,TE,8.8,3.3,0.76,4.06,3.77,3.84,0.221,1.0,4.06,,0.0,0
2026-10-09 03:09:03Z,TB,in,0.938,Q4 3:42,8.0,6650,Chase McLaughlin,K,6.7,7.0,0.42,7.42,7.42,7.41,0.238,1.0,7.42,,0.0,0
2026-10-09 03:09:03Z,TB,in,0.938,Q4 3:42,8.0,9506,Sean Tucker,RB,2.4,1.8,0.14,1.94,1.94,1.95,0.174,1.0,1.94,,0.0,0
2026-10-09 03:09:03Z,TB,in,0.938,Q4 3:42,8.0,12514,Emeka Egbuka,WR,9.1,17.2,0.69,17.89,17.89,17.76,0.082,1.0,17.89,,0.0,0
2026-10-09 03:09:03Z,DAL,in,0.938,Q4 3:42,-8.0,DAL,Dallas Cowboys D/ST,DST,7.3,1.0,0.12,1.12,1.36,1.45,0.298,1.0,1.12,,0.0,0
2026-10-09 03:09:03Z,DAL,in,0.938,Q4 3:42,-8.0,8137,George Pickens,WR,14.8,24.4,1.6,26.0,25.47,25.31,0.0,1.0,26.0,,0.0,0
2026-10-09 03:09:03Z,TB,in,0.938,Q4 3:42,8.0,TB,Tampa Bay Buccaneers D/ST,DST,3.1,5.0,0.07,5.07,5.22,5.19,0.029,1.0,5.07,,0.0,0
2026-10-09 03:09:03Z,DAL,in,0.938,Q4 3:42,-8.0,8917,KaVontae Turpin,WR,2.0,2.2,0.2,2.4,2.33,2.32,0.059,1.0,2.4,,0.0,0
2026-10-09 03:09:03Z,TB,in,0.938,Q4 3:42,8.0,10227,Payne Durham,TE,1.1,1.5,0.07,1.57,1.58,1.57,0.438,1.0,1.57,,0.0,0
2026-10-09 03:09:03Z,DAL,in,0.938,Q4 3:42,-8.0,11593,Brevyn Spann-Ford,TE,0.6,0.0,0.05,0.05,0.03,0.04,0.938,1.0,0.05,,0.0,0
2026-10-09 03:09:03Z,TB,in,0.938,Q4 3:42,8.0,13425,Jalon Daniels,QB,15.0,14.06,0.87,14.93,14.98,14.98,0.082,1.0,14.93,,0.0,0
2026-10-09 03:09:03Z,DAL,in,0.938,Q4 3:42,-8.0,11199,Emari Demercado,RB,3.7,0.0,0.18,0.18,0.17,0.23,0.938,1.0,0.18,,0.0,0
2026-10-09 03:09:03Z,DAL,in,0.938,Q4 3:42,-8.0,8162,Sam Howell,QB,0.9,0.0,0.07,0.07,0.04,0.06,0.938,0.3,0.02,,0.0,0
2026-10-09 03:09:03Z,DAL,in,0.938,Q4 3:42,-8.0,11783,Ryan Flournoy,WR,8.3,8.4,0.81,9.21,8.92,8.91,0.059,1.0,9.21,,0.0,0
2026-10-09 03:09:03Z,DAL,in,0.938,Q4 3:42,-8.0,10871,Luke Schoonmaker,TE,1.9,1.9,0.18,2.08,2.02,2.02,0.401,1.0,2.08,,0.0,0
2026-10-09 03:09:03Z,TB,in,0.938,Q4 3:42,8.0,13317,Ted Hurst,WR,4.5,0.0,0.19,0.19,0.21,0.28,0.938,1.0,0.19,,0.0,0
2026-10-09 03:09:03Z,TB,in,0.938,Q4 3:42,8.0,12485,Tez Johnson,WR,4.2,7.4,0.31,7.71,7.71,7.66,0.337,1.0,7.71,,0.0,0
2026-10-09 03:09:03Z,DAL,in,0.938,Q4 3:42,-8.0,7588,Javonte Williams,RB,18.2,14.0,1.23,15.23,15.07,15.12,0.044,1.0,15.23,,0.0,0
2026-10-09 03:10:04Z,DAL,in,0.938,Q4 3:42,-8.0,11533,Brandon Aubrey,K,9.8,5.0,0.54,5.54,5.54,5.6,0.438,1.0,5.54,,0.0,0
2026-10-09 03:10:04Z,DAL,in,0.938,Q4 3:42,-8.0,6786,CeeDee Lamb,WR,19.6,2.9,1.61,4.51,3.87,4.11,0.367,1.0,4.51,,0.0,0
2026-10-09 03:10:04Z,TB,in,0.938,Q4 3:42,8.0,11584,Bucky Irving,RB,11.1,29.5,1.13,30.63,30.48,30.18,0.0,1.0,30.63,,0.0,0
2026-10-09 03:10:04Z,DAL,in,0.938,Q4 3:42,-8.0,3294,Dak Prescott,QB,22.1,13.48,2.08,15.56,14.73,14.84,0.0,1.0,15.56,,0.0,0
2026-10-09 03:10:04Z,TB,in,0.938,Q4 3:42,8.0,8111,Cade Otton,TE,7.9,5.5,0.44,5.94,5.96,5.99,0.283,1.0,5.94,,0.0,0
2026-10-09 03:10:04Z,TB,in,0.938,Q4 3:42,8.0,4037,Chris Godwin,WR,8.0,7.0,0.47,7.47,7.49,7.49,0.438,1.0,7.47,,0.0,0
2026-10-09 03:10:04Z,DAL,in,0.938,Q4 3:42,-8.0,8110,Jake Ferguson,TE,8.8,4.9,0.78,5.68,5.39,5.44,0.0,1.0,5.68,,0.0,0
2026-10-09 03:10:04Z,TB,in,0.938,Q4 3:42,8.0,6650,Chase McLaughlin,K,6.7,7.0,0.42,7.42,7.42,7.41,0.238,1.0,7.42,,0.0,0
2026-10-09 03:10:04Z,TB,in,0.938,Q4 3:42,8.0,9506,Sean Tucker,RB,2.4,1.8,0.14,1.94,1.94,1.95,0.174,1.0,1.94,,0.0,0
2026-10-09 03:10:04Z,TB,in,0.938,Q4 3:42,8.0,12514,Emeka Egbuka,WR,9.1,17.2,0.69,17.89,17.89,17.76,0.082,1.0,17.89,,0.0,0
2026-10-09 03:10:04Z,DAL,in,0.938,Q4 3:42,-8.0,DAL,Dallas Cowboys D/ST,DST,7.3,1.0,0.12,1.12,1.36,1.45,0.298,1.0,1.12,,0.0,0
2026-10-09 03:10:04Z,DAL,in,0.938,Q4 3:42,-8.0,8137,George Pickens,WR,14.8,24.4,1.6,26.0,25.47,25.31,0.0,1.0,26.0,,0.0,0
2026-10-09 03:10:04Z,TB,in,0.938,Q4 3:42,8.0,TB,Tampa Bay Buccaneers D/ST,DST,3.1,5.0,0.07,5.07,5.22,5.19,0.029,1.0,5.07,,0.0,0
2026-10-09 03:10:04Z,DAL,in,0.938,Q4 3:42,-8.0,8917,KaVontae Turpin,WR,2.0,2.2,0.2,2.4,2.33,2.32,0.059,1.0,2.4,,0.0,0
2026-10-09 03:10:04Z,TB,in,0.938,Q4 3:42,8.0,10227,Payne Durham,TE,1.1,1.5,0.07,1.57,1.58,1.57,0.438,1.0,1.57,,0.0,0
2026-10-09 03:10:04Z,DAL,in,0.938,Q4 3:42,-8.0,11593,Brevyn Spann-Ford,TE,0.6,0.0,0.05,0.05,0.03,0.04,0.938,1.0,0.05,,0.0,0
2026-10-09 03:10:04Z,TB,in,0.938,Q4 3:42,8.0,13425,Jalon Daniels,QB,15.0,14.06,0.87,14.93,14.98,14.98,0.082,1.0,14.93,,0.0,0
2026-10-09 03:10:04Z,DAL,in,0.938,Q4 3:42,-8.0,11199,Emari Demercado,RB,3.7,0.0,0.18,0.18,0.17,0.23,0.938,1.0,0.18,,0.0,0
2026-10-09 03:10:04Z,DAL,in,0.938,Q4 3:42,-8.0,8162,Sam Howell,QB,0.9,0.0,0.07,0.07,0.04,0.06,0.938,0.3,0.02,,0.0,0
2026-10-09 03:10:04Z,DAL,in,0.938,Q4 3:42,-8.0,11783,Ryan Flournoy,WR,8.3,8.4,0.81,9.21,8.92,8.91,0.059,1.0,9.21,,0.0,0
2026-10-09 03:10:04Z,DAL,in,0.938,Q4 3:42,-8.0,10871,Luke Schoonmaker,TE,1.9,1.9,0.18,2.08,2.02,2.02,0.401,1.0,2.08,,0.0,0
2026-10-09 03:10:04Z,TB,in,0.938,Q4 3:42,8.0,13317,Ted Hurst,WR,4.5,0.0,0.19,0.19,0.21,0.28,0.938,1.0,0.19,,0.0,0
2026-10-09 03:10:04Z,TB,in,0.938,Q4 3:42,8.0,12485,Tez Johnson,WR,4.2,7.4,0.31,7.71,7.71,7.66,0.337,1.0,7.71,,0.0,0
2026-10-09 03:10:04Z,DAL,in,0.938,Q4 3:42,-8.0,7588,Javonte Williams,RB,18.2,14.0,1.23,15.23,15.07,15.12,0.044,1.0,15.23,,0.0,0
2026-10-09 03:11:04Z,DAL,in,0.953,Q4 2:50,-8.0,11533,Brandon Aubrey,K,9.8,5.0,0.41,5.41,5.41,5.46,0.453,1.0,5.41,,0.0,0
2026-10-09 03:11:04Z,DAL,in,0.953,Q4 2:50,-8.0,6786,CeeDee Lamb,WR,19.6,2.9,1.23,4.13,3.64,3.83,0.381,1.0,4.13,,0.0,0
2026-10-09 03:11:04Z,TB,in,0.953,Q4 2:50,8.0,11584,Bucky Irving,RB,11.1,29.5,0.86,30.36,30.25,30.02,0.014,1.0,30.36,,0.0,0
2026-10-09 03:11:04Z,DAL,in,0.953,Q4 2:50,-8.0,3294,Dak Prescott,QB,22.1,14.52,1.61,16.13,15.49,15.56,0.0,1.0,16.13,,0.0,0
2026-10-09 03:11:04Z,TB,in,0.953,Q4 2:50,8.0,8111,Cade Otton,TE,7.9,5.5,0.33,5.83,5.85,5.87,0.297,1.0,5.83,,0.0,0
2026-10-09 03:11:04Z,TB,in,0.953,Q4 2:50,8.0,4037,Chris Godwin,WR,8.0,7.0,0.36,7.36,7.37,7.38,0.453,1.0,7.36,,0.0,0
2026-10-09 03:11:04Z,DAL,in,0.953,Q4 2:50,-8.0,8110,Jake Ferguson,TE,8.8,4.9,0.6,5.5,5.27,5.32,0.014,1.0,5.5,,0.0,0
2026-10-09 03:11:04Z,TB,in,0.953,Q4 2:50,8.0,6650,Chase McLaughlin,K,6.7,7.0,0.32,7.32,7.32,7.32,0.252,1.0,7.32,,0.0,0
2026-10-09 03:11:04Z,TB,in,0.953,Q4 2:50,8.0,9506,Sean Tucker,RB,2.4,1.8,0.1,1.9,1.91,1.91,0.188,1.0,1.9,,0.0,0
2026-10-09 03:11:04Z,TB,in,0.953,Q4 2:50,8.0,12514,Emeka Egbuka,WR,9.1,17.2,0.53,17.73,17.73,17.63,0.096,1.0,17.73,,0.0,0
2026-10-09 03:11:04Z,DAL,in,0.953,Q4 2:50,-8.0,DAL,Dallas Cowboys D/ST,DST,7.3,1.0,0.09,1.09,1.27,1.34,0.313,1.0,1.09,,0.0,0
2026-10-09 03:11:04Z,DAL,in,0.953,Q4 2:50,-8.0,8137,George Pickens,WR,14.8,24.4,1.22,25.62,25.22,25.1,0.014,1.0,25.62,,0.0,0
2026-10-09 03:11:04Z,TB,in,0.953,Q4 2:50,8.0,TB,Tampa Bay Buccaneers D/ST,DST,3.1,5.0,0.05,5.05,5.17,5.15,0.043,1.0,5.05,,0.0,0
2026-10-09 03:11:04Z,DAL,in,0.953,Q4 2:50,-8.0,8917,KaVontae Turpin,WR,2.0,2.2,0.15,2.35,2.3,2.29,0.073,1.0,2.35,,0.0,0
2026-10-09 03:11:04Z,TB,in,0.953,Q4 2:50,8.0,10227,Payne Durham,TE,1.1,1.5,0.06,1.56,1.56,1.55,0.453,1.0,1.56,,0.0,0
2026-10-09 03:11:04Z,DAL,in,0.953,Q4 2:50,-8.0,11593,Brevyn Spann-Ford,TE,0.6,0.0,0.04,0.04,0.02,0.03,0.953,1.0,0.04,,0.0,0
2026-10-09 03:11:04Z,TB,in,0.953,Q4 2:50,8.0,13425,Jalon Daniels,QB,15.0,14.06,0.66,14.72,14.77,14.77,0.096,1.0,14.72,,0.0,0
2026-10-09 03:11:04Z,DAL,in,0.953,Q4 2:50,-8.0,11199,Emari Demercado,RB,3.7,0.0,0.14,0.14,0.13,0.17,0.953,1.0,0.14,,0.0,0
2026-10-09 03:11:04Z,DAL,in,0.953,Q4 2:50,-8.0,8162,Sam Howell,QB,0.9,0.0,0.05,0.05,0.03,0.04,0.953,0.3,0.02,,0.0,0
2026-10-09 03:11:04Z,DAL,in,0.953,Q4 2:50,-8.0,11783,Ryan Flournoy,WR,8.3,12.0,0.66,12.66,12.44,12.39,0.0,1.0,12.66,,0.0,0
2026-10-09 03:11:04Z,DAL,in,0.953,Q4 2:50,-8.0,10871,Luke Schoonmaker,TE,1.9,1.9,0.14,2.04,1.99,1.99,0.415,1.0,2.04,,0.0,0
2026-10-09 03:11:04Z,TB,in,0.953,Q4 2:50,8.0,13317,Ted Hurst,WR,4.5,0.0,0.15,0.15,0.16,0.21,0.953,1.0,0.15,,0.0,0
2026-10-09 03:11:04Z,TB,in,0.953,Q4 2:50,8.0,12485,Tez Johnson,WR,4.2,7.4,0.24,7.64,7.64,7.6,0.352,1.0,7.64,,0.0,0
2026-10-09 03:11:04Z,DAL,in,0.953,Q4 2:50,-8.0,7588,Javonte Williams,RB,18.2,14.0,0.94,14.94,14.82,14.86,0.058,1.0,14.94,,0.0,0
2026-10-09 03:12:05Z,DAL,in,0.962,Q4 2:17,-8.0,11533,Brandon Aubrey,K,9.8,5.0,0.33,5.33,5.33,5.37,0.462,1.0,5.33,,0.0,0
2026-10-09 03:12:05Z,DAL,in,0.962,Q4 2:17,-8.0,6786,CeeDee Lamb,WR,19.6,2.9,0.99,3.89,3.49,3.65,0.391,1.0,3.89,,0.0,0
2026-10-09 03:12:05Z,TB,in,0.962,Q4 2:17,8.0,11584,Bucky Irving,RB,11.1,29.5,0.69,30.19,30.1,29.92,0.024,1.0,30.19,,0.0,0
2026-10-09 03:12:05Z,DAL,in,0.962,Q4 2:17,-8.0,3294,Dak Prescott,QB,22.1,14.8,1.3,16.1,15.58,15.64,0.0,1.0,16.1,,0.0,0
2026-10-09 03:12:05Z,TB,in,0.962,Q4 2:17,8.0,8111,Cade Otton,TE,7.9,5.5,0.27,5.77,5.78,5.8,0.306,1.0,5.77,,0.0,0
2026-10-09 03:12:05Z,TB,in,0.962,Q4 2:17,8.0,4037,Chris Godwin,WR,8.0,7.0,0.29,7.29,7.3,7.3,0.462,1.0,7.29,,0.0,0
2026-10-09 03:12:05Z,DAL,in,0.962,Q4 2:17,-8.0,8110,Jake Ferguson,TE,8.8,4.9,0.48,5.38,5.2,5.23,0.024,1.0,5.38,,0.0,0
2026-10-09 03:12:05Z,TB,in,0.962,Q4 2:17,8.0,6650,Chase McLaughlin,K,6.7,7.0,0.26,7.26,7.26,7.25,0.261,1.0,7.26,,0.0,0
2026-10-09 03:12:05Z,TB,in,0.962,Q4 2:17,8.0,9506,Sean Tucker,RB,2.4,1.8,0.08,1.88,1.89,1.89,0.198,1.0,1.88,,0.0,0
2026-10-09 03:12:05Z,TB,in,0.962,Q4 2:17,8.0,12514,Emeka Egbuka,WR,9.1,17.2,0.42,17.62,17.63,17.55,0.105,1.0,17.62,,0.0,0
2026-10-09 03:12:05Z,DAL,in,0.962,Q4 2:17,-8.0,DAL,Dallas Cowboys D/ST,DST,7.3,1.0,0.07,1.07,1.22,1.28,0.322,1.0,1.07,,0.0,0
2026-10-09 03:12:05Z,DAL,in,0.962,Q4 2:17,-8.0,8137,George Pickens,WR,14.8,26.1,1.0,27.1,26.78,26.66,0.0,1.0,27.1,,0.0,0
2026-10-09 03:12:05Z,TB,in,0.962,Q4 2:17,8.0,TB,Tampa Bay Buccaneers D/ST,DST,3.1,5.0,0.04,5.04,5.14,5.12,0.052,1.0,5.04,,0.0,0
2026-10-09 03:12:05Z,DAL,in,0.962,Q4 2:17,-8.0,8917,KaVontae Turpin,WR,2.0,2.2,0.12,2.32,2.28,2.28,0.082,1.0,2.32,,0.0,0
2026-10-09 03:12:05Z,TB,in,0.962,Q4 2:17,8.0,10227,Payne Durham,TE,1.1,1.5,0.04,1.54,1.55,1.54,0.462,1.0,1.54,,0.0,0
2026-10-09 03:12:05Z,DAL,in,0.962,Q4 2:17,-8.0,11593,Brevyn Spann-Ford,TE,0.6,0.0,0.03,0.03,0.02,0.02,0.962,1.0,0.03,,0.0,0
2026-10-09 03:12:05Z,TB,in,0.962,Q4 2:17,8.0,13425,Jalon Daniels,QB,15.0,14.06,0.53,14.59,14.63,14.63,0.105,1.0,14.59,,0.0,0
2026-10-09 03:12:05Z,DAL,in,0.962,Q4 2:17,-8.0,11199,Emari Demercado,RB,3.7,0.0,0.11,0.11,0.11,0.14,0.962,1.0,0.11,,0.0,0
2026-10-09 03:12:05Z,DAL,in,0.962,Q4 2:17,-8.0,8162,Sam Howell,QB,0.9,0.0,0.04,0.04,0.03,0.03,0.962,0.3,0.01,,0.0,0
2026-10-09 03:12:05Z,DAL,in,0.962,Q4 2:17,-8.0,11783,Ryan Flournoy,WR,8.3,12.0,0.53,12.53,12.35,12.32,0.009,1.0,12.53,,0.0,0
2026-10-09 03:12:05Z,DAL,in,0.962,Q4 2:17,-8.0,10871,Luke Schoonmaker,TE,1.9,1.9,0.11,2.01,1.97,1.97,0.424,1.0,2.01,,0.0,0
2026-10-09 03:12:05Z,TB,in,0.962,Q4 2:17,8.0,13317,Ted Hurst,WR,4.5,0.0,0.12,0.12,0.13,0.17,0.962,1.0,0.12,,0.0,0
2026-10-09 03:12:05Z,TB,in,0.962,Q4 2:17,8.0,12485,Tez Johnson,WR,4.2,7.4,0.19,7.59,7.59,7.56,0.361,1.0,7.59,,0.0,0
2026-10-09 03:12:05Z,DAL,in,0.962,Q4 2:17,-8.0,7588,Javonte Williams,RB,18.2,14.0,0.76,14.76,14.66,14.69,0.067,1.0,14.76,,0.0,0
2026-10-09 03:13:05Z,DAL,in,0.967,Q4 2:00,-8.0,11533,Brandon Aubrey,K,9.8,5.0,0.29,5.29,5.29,5.33,0.467,1.0,5.29,,0.0,0
2026-10-09 03:13:05Z,DAL,in,0.967,Q4 2:00,-8.0,6786,CeeDee Lamb,WR,19.6,2.9,0.87,3.77,3.42,3.55,0.395,1.0,3.77,,0.0,0
2026-10-09 03:13:05Z,TB,in,0.967,Q4 2:00,8.0,11584,Bucky Irving,RB,11.1,29.5,0.6,30.1,30.03,29.87,0.028,1.0,30.1,,0.0,0
2026-10-09 03:13:05Z,DAL,in,0.967,Q4 2:00,-8.0,3294,Dak Prescott,QB,22.1,15.28,1.15,16.43,15.97,16.02,0.0,1.0,16.43,,0.0,0
2026-10-09 03:13:05Z,TB,in,0.967,Q4 2:00,8.0,8111,Cade Otton,TE,7.9,5.5,0.23,5.73,5.75,5.76,0.311,1.0,5.73,,0.0,0
2026-10-09 03:13:05Z,TB,in,0.967,Q4 2:00,8.0,4037,Chris Godwin,WR,8.0,7.0,0.25,7.25,7.26,7.27,0.467,1.0,7.25,,0.0,0
2026-10-09 03:13:05Z,DAL,in,0.967,Q4 2:00,-8.0,8110,Jake Ferguson,TE,8.8,4.9,0.42,5.32,5.16,5.19,0.028,1.0,5.32,,0.0,0
2026-10-09 03:13:05Z,TB,in,0.967,Q4 2:00,8.0,6650,Chase McLaughlin,K,6.7,7.0,0.23,7.23,7.23,7.22,0.266,1.0,7.23,,0.0,0
2026-10-09 03:13:05Z,TB,in,0.967,Q4 2:00,8.0,9506,Sean Tucker,RB,2.4,1.8,0.07,1.87,1.88,1.88,0.202,0.997,1.87,,0.0,0
2026-10-09 03:13:05Z,TB,in,0.967,Q4 2:00,8.0,12514,Emeka Egbuka,WR,9.1,17.2,0.37,17.57,17.57,17.5,0.11,1.0,17.57,,0.0,0
2026-10-09 03:13:05Z,DAL,in,0.967,Q4 2:00,-8.0,DAL,Dallas Cowboys D/ST,DST,7.3,1.0,0.07,1.07,1.19,1.24,0.327,1.0,1.07,,0.0,0
2026-10-09 03:13:05Z,DAL,in,0.967,Q4 2:00,-8.0,8137,George Pickens,WR,14.8,26.1,0.87,26.97,26.69,26.59,0.005,1.0,26.97,,0.0,0
2026-10-09 03:13:05Z,TB,in,0.967,Q4 2:00,8.0,TB,Tampa Bay Buccaneers D/ST,DST,3.1,5.0,0.04,5.04,5.12,5.1,0.057,1.0,5.04,,0.0,0
2026-10-09 03:13:05Z,DAL,in,0.967,Q4 2:00,-8.0,8917,KaVontae Turpin,WR,2.0,2.2,0.11,2.31,2.27,2.27,0.087,1.0,2.31,,0.0,0
2026-10-09 03:13:05Z,TB,in,0.967,Q4 2:00,8.0,10227,Payne Durham,TE,1.1,1.5,0.04,1.54,1.54,1.54,0.467,1.0,1.54,,0.0,0
2026-10-09 03:13:05Z,DAL,in,0.967,Q4 2:00,-8.0,11593,Brevyn Spann-Ford,TE,0.6,0.0,0.03,0.03,0.02,0.02,0.967,1.0,0.03,,0.0,0
2026-10-09 03:13:05Z,TB,in,0.967,Q4 2:00,8.0,13425,Jalon Daniels,QB,15.0,14.06,0.46,14.52,14.56,14.56,0.11,1.0,14.52,,0.0,0
2026-10-09 03:13:05Z,DAL,in,0.967,Q4 2:00,-8.0,11199,Emari Demercado,RB,3.7,0.0,0.1,0.1,0.09,0.12,0.967,1.0,0.1,,0.0,0
2026-10-09 03:13:05Z,DAL,in,0.967,Q4 2:00,-8.0,8162,Sam Howell,QB,0.9,0.0,0.04,0.04,0.02,0.03,0.967,0.3,0.01,,0.0,0
2026-10-09 03:13:05Z,DAL,in,0.967,Q4 2:00,-8.0,11783,Ryan Flournoy,WR,8.3,12.0,0.47,12.47,12.31,12.28,0.014,1.0,12.47,,0.0,0
2026-10-09 03:13:05Z,DAL,in,0.967,Q4 2:00,-8.0,10871,Luke Schoonmaker,TE,1.9,1.9,0.1,2.0,1.96,1.96,0.429,1.0,2.0,,0.0,0
2026-10-09 03:13:05Z,TB,in,0.967,Q4 2:00,8.0,13317,Ted Hurst,WR,4.5,0.0,0.1,0.1,0.11,0.15,0.967,1.0,0.1,,0.0,0
2026-10-09 03:13:05Z,TB,in,0.967,Q4 2:00,8.0,12485,Tez Johnson,WR,4.2,7.4,0.17,7.57,7.57,7.54,0.366,1.0,7.57,,0.0,0
2026-10-09 03:13:05Z,DAL,in,0.967,Q4 2:00,-8.0,7588,Javonte Williams,RB,18.2,14.0,0.66,14.66,14.58,14.61,0.072,1.0,14.66,,0.0,0
2026-10-09 03:14:05Z,DAL,in,0.967,Q4 2:00,-8.0,11533,Brandon Aubrey,K,9.8,5.0,0.29,5.29,5.29,5.33,0.467,1.0,5.29,,0.0,0
2026-10-09 03:14:05Z,DAL,in,0.967,Q4 2:00,-8.0,6786,CeeDee Lamb,WR,19.6,2.9,0.87,3.77,3.42,3.55,0.395,1.0,3.77,,0.0,0
2026-10-09 03:14:05Z,TB,in,0.967,Q4 2:00,8.0,11584,Bucky Irving,RB,11.1,29.5,0.6,30.1,30.03,29.87,0.028,1.0,30.1,,0.0,0
2026-10-09 03:14:05Z,DAL,in,0.967,Q4 2:00,-8.0,3294,Dak Prescott,QB,22.1,15.28,1.15,16.43,15.97,16.02,0.0,1.0,16.43,,0.0,0
2026-10-09 03:14:05Z,TB,in,0.967,Q4 2:00,8.0,8111,Cade Otton,TE,7.9,5.5,0.23,5.73,5.75,5.76,0.311,1.0,5.73,,0.0,0
2026-10-09 03:14:05Z,TB,in,0.967,Q4 2:00,8.0,4037,Chris Godwin,WR,8.0,7.0,0.25,7.25,7.26,7.27,0.467,1.0,7.25,,0.0,0
2026-10-09 03:14:05Z,DAL,in,0.967,Q4 2:00,-8.0,8110,Jake Ferguson,TE,8.8,4.9,0.42,5.32,5.16,5.19,0.028,1.0,5.32,,0.0,0
2026-10-09 03:14:05Z,TB,in,0.967,Q4 2:00,8.0,6650,Chase McLaughlin,K,6.7,7.0,0.23,7.23,7.23,7.22,0.266,1.0,7.23,,0.0,0
2026-10-09 03:14:05Z,TB,in,0.967,Q4 2:00,8.0,9506,Sean Tucker,RB,2.4,1.8,0.07,1.87,1.88,1.88,0.202,0.997,1.87,,0.0,0
2026-10-09 03:14:05Z,TB,in,0.967,Q4 2:00,8.0,12514,Emeka Egbuka,WR,9.1,17.2,0.37,17.57,17.57,17.5,0.11,1.0,17.57,,0.0,0
2026-10-09 03:14:05Z,DAL,in,0.967,Q4 2:00,-8.0,DAL,Dallas Cowboys D/ST,DST,7.3,1.0,0.07,1.07,1.19,1.24,0.327,1.0,1.07,,0.0,0
2026-10-09 03:14:05Z,DAL,in,0.967,Q4 2:00,-8.0,8137,George Pickens,WR,14.8,26.1,0.87,26.97,26.69,26.59,0.005,1.0,26.97,,0.0,0
2026-10-09 03:14:05Z,TB,in,0.967,Q4 2:00,8.0,TB,Tampa Bay Buccaneers D/ST,DST,3.1,5.0,0.04,5.04,5.12,5.1,0.057,1.0,5.04,,0.0,0
2026-10-09 03:14:05Z,DAL,in,0.967,Q4 2:00,-8.0,8917,KaVontae Turpin,WR,2.0,2.2,0.11,2.31,2.27,2.27,0.087,1.0,2.31,,0.0,0
2026-10-09 03:14:05Z,TB,in,0.967,Q4 2:00,8.0,10227,Payne Durham,TE,1.1,1.5,0.04,1.54,1.54,1.54,0.467,1.0,1.54,,0.0,0
2026-10-09 03:14:05Z,DAL,in,0.967,Q4 2:00,-8.0,11593,Brevyn Spann-Ford,TE,0.6,0.0,0.03,0.03,0.02,0.02,0.967,1.0,0.03,,0.0,0
2026-10-09 03:14:05Z,TB,in,0.967,Q4 2:00,8.0,13425,Jalon Daniels,QB,15.0,14.06,0.46,14.52,14.56,14.56,0.11,1.0,14.52,,0.0,0
2026-10-09 03:14:05Z,DAL,in,0.967,Q4 2:00,-8.0,11199,Emari Demercado,RB,3.7,0.0,0.1,0.1,0.09,0.12,0.967,1.0,0.1,,0.0,0
2026-10-09 03:14:05Z,DAL,in,0.967,Q4 2:00,-8.0,8162,Sam Howell,QB,0.9,0.0,0.04,0.04,0.02,0.03,0.967,0.3,0.01,,0.0,0
2026-10-09 03:14:05Z,DAL,in,0.967,Q4 2:00,-8.0,11783,Ryan Flournoy,WR,8.3,12.0,0.47,12.47,12.31,12.28,0.014,1.0,12.47,,0.0,0
2026-10-09 03:14:05Z,DAL,in,0.967,Q4 2:00,-8.0,10871,Luke Schoonmaker,TE,1.9,1.9,0.1,2.0,1.96,1.96,0.429,1.0,2.0,,0.0,0
2026-10-09 03:14:05Z,TB,in,0.967,Q4 2:00,8.0,13317,Ted Hurst,WR,4.5,0.0,0.1,0.1,0.11,0.15,0.967,1.0,0.1,,0.0,0
2026-10-09 03:14:05Z,TB,in,0.967,Q4 2:00,8.0,12485,Tez Johnson,WR,4.2,7.4,0.17,7.57,7.57,7.54,0.366,1.0,7.57,,0.0,0
2026-10-09 03:14:05Z,DAL,in,0.967,Q4 2:00,-8.0,7588,Javonte Williams,RB,18.2,14.2,0.66,14.86,14.78,14.81,0.0,1.0,14.86,,0.0,0
2026-10-09 03:15:05Z,DAL,in,0.977,Q4 1:22,-8.0,11533,Brandon Aubrey,K,9.8,5.0,0.2,5.2,5.2,5.22,0.477,1.0,5.2,,0.0,0
2026-10-09 03:15:05Z,DAL,in,0.977,Q4 1:22,-8.0,6786,CeeDee Lamb,WR,19.6,2.9,0.59,3.49,3.25,3.35,0.406,1.0,3.49,,0.0,0
2026-10-09 03:15:05Z,TB,in,0.977,Q4 1:22,8.0,11584,Bucky Irving,RB,11.1,29.5,0.41,29.91,29.86,29.75,0.039,1.0,29.91,,0.0,0
2026-10-09 03:15:05Z,DAL,in,0.977,Q4 1:22,-8.0,3294,Dak Prescott,QB,22.1,15.64,0.78,16.42,16.11,16.14,0.0,1.0,16.42,,0.0,0
2026-10-09 03:15:05Z,TB,in,0.977,Q4 1:22,8.0,8111,Cade Otton,TE,7.9,5.5,0.16,5.66,5.67,5.68,0.322,1.0,5.66,,0.0,0
2026-10-09 03:15:05Z,TB,in,0.977,Q4 1:22,8.0,4037,Chris Godwin,WR,8.0,7.0,0.17,7.17,7.18,7.18,0.477,1.0,7.17,,0.0,0
2026-10-09 03:15:05Z,DAL,in,0.977,Q4 1:22,-8.0,8110,Jake Ferguson,TE,8.8,4.9,0.29,5.19,5.08,5.1,0.039,1.0,5.19,,0.0,0
2026-10-09 03:15:05Z,TB,in,0.977,Q4 1:22,8.0,6650,Chase McLaughlin,K,6.7,7.0,0.16,7.16,7.16,7.15,0.277,1.0,7.16,,0.0,0
2026-10-09 03:15:05Z,TB,in,0.977,Q4 1:22,8.0,9506,Sean Tucker,RB,2.4,1.8,0.05,1.85,1.85,1.85,0.213,0.981,1.85,,0.0,0
2026-10-09 03:15:05Z,TB,in,0.977,Q4 1:22,8.0,12514,Emeka Egbuka,WR,9.1,17.2,0.25,17.45,17.45,17.41,0.121,1.0,17.45,,0.0,0
2026-10-09 03:15:05Z,DAL,in,0.977,Q4 1:22,-8.0,DAL,Dallas Cowboys D/ST,DST,7.3,1.0,0.04,1.04,1.13,1.17,0.337,1.0,1.04,,0.0,0
2026-10-09 03:15:05Z,DAL,in,0.977,Q4 1:22,-8.0,8137,George Pickens,WR,14.8,28.0,0.61,28.61,28.41,28.34,0.0,1.0,28.61,,0.0,0
2026-10-09 03:15:05Z,TB,in,0.977,Q4 1:22,8.0,TB,Tampa Bay Buccaneers D/ST,DST,3.1,5.0,0.03,5.03,5.08,5.07,0.068,1.0,5.03,,0.0,0
2026-10-09 03:15:05Z,DAL,in,0.977,Q4 1:22,-8.0,8917,KaVontae Turpin,WR,2.0,2.2,0.07,2.27,2.25,2.25,0.098,1.0,2.27,,0.0,0
2026-10-09 03:15:05Z,TB,in,0.977,Q4 1:22,8.0,10227,Payne Durham,TE,1.1,1.5,0.03,1.53,1.53,1.53,0.477,1.0,1.53,,0.0,0
2026-10-09 03:15:05Z,DAL,in,0.977,Q4 1:22,-8.0,11593,Brevyn Spann-Ford,TE,0.6,0.0,0.02,0.02,0.01,0.01,0.977,1.0,0.02,,0.0,0
2026-10-09 03:15:05Z,TB,in,0.977,Q4 1:22,8.0,13425,Jalon Daniels,QB,15.0,14.06,0.31,14.37,14.4,14.4,0.121,1.0,14.37,,0.0,0
2026-10-09 03:15:05Z,DAL,in,0.977,Q4 1:22,-8.0,11199,Emari Demercado,RB,3.7,0.0,0.07,0.07,0.06,0.08,0.977,1.0,0.07,,0.0,0
2026-10-09 03:15:05Z,DAL,in,0.977,Q4 1:22,-8.0,8162,Sam Howell,QB,0.9,0.0,0.03,0.03,0.02,0.02,0.977,0.3,0.01,,0.0,0
2026-10-09 03:15:05Z,DAL,in,0.977,Q4 1:22,-8.0,11783,Ryan Flournoy,WR,8.3,12.0,0.32,12.32,12.21,12.19,0.024,1.0,12.32,,0.0,0
2026-10-09 03:15:05Z,DAL,in,0.977,Q4 1:22,-8.0,10871,Luke Schoonmaker,TE,1.9,1.9,0.07,1.97,1.94,1.94,0.44,1.0,1.97,,0.0,0
2026-10-09 03:15:05Z,TB,in,0.977,Q4 1:22,8.0,13317,Ted Hurst,WR,4.5,0.0,0.07,0.07,0.08,0.1,0.977,1.0,0.07,,0.0,0
2026-10-09 03:15:05Z,TB,in,0.977,Q4 1:22,8.0,12485,Tez Johnson,WR,4.2,7.4,0.11,7.51,7.51,7.5,0.376,1.0,7.51,,0.0,0
2026-10-09 03:15:05Z,DAL,in,0.977,Q4 1:22,-8.0,7588,Javonte Williams,RB,18.2,14.2,0.45,14.65,14.59,14.61,0.011,1.0,14.65,,0.0,0
2026-10-09 03:16:06Z,DAL,in,0.98,Q4 1:11,-8.0,11533,Brandon Aubrey,K,9.8,5.0,0.17,5.17,5.17,5.19,0.48,1.0,5.17,,0.0,0
2026-10-09 03:16:06Z,DAL,in,0.98,Q4 1:11,-8.0,6786,CeeDee Lamb,WR,19.6,2.9,0.51,3.41,3.21,3.29,0.409,1.0,3.41,,0.0,0
2026-10-09 03:16:06Z,TB,in,0.98,Q4 1:11,8.0,11584,Bucky Irving,RB,11.1,29.3,0.35,29.65,29.61,29.52,0.0,1.0,29.65,,0.0,0
2026-10-09 03:16:06Z,DAL,in,0.98,Q4 1:11,-8.0,3294,Dak Prescott,QB,22.1,14.64,0.67,15.31,15.04,15.08,0.0,1.0,15.31,,0.0,0
2026-10-09 03:16:06Z,TB,in,0.98,Q4 1:11,8.0,8111,Cade Otton,TE,7.9,5.5,0.14,5.64,5.64,5.66,0.325,1.0,5.64,,0.0,0
2026-10-09 03:16:06Z,TB,in,0.98,Q4 1:11,8.0,4037,Chris Godwin,WR,8.0,7.0,0.15,7.15,7.15,7.16,0.48,1.0,7.15,,0.0,0
2026-10-09 03:16:06Z,DAL,in,0.98,Q4 1:11,-8.0,8110,Jake Ferguson,TE,8.8,4.9,0.25,5.15,5.06,5.07,0.042,1.0,5.15,,0.0,0
2026-10-09 03:16:06Z,TB,in,0.98,Q4 1:11,8.0,6650,Chase McLaughlin,K,6.7,7.0,0.13,7.13,7.13,7.13,0.28,1.0,7.13,,0.0,0
2026-10-09 03:16:06Z,TB,in,0.98,Q4 1:11,8.0,9506,Sean Tucker,RB,2.4,1.8,0.04,1.84,1.84,1.85,0.216,0.976,1.84,,0.0,0
2026-10-09 03:16:06Z,TB,in,0.98,Q4 1:11,8.0,12514,Emeka Egbuka,WR,9.1,17.2,0.22,17.42,17.42,17.38,0.124,1.0,17.42,,0.0,0
2026-10-09 03:16:06Z,DAL,in,0.98,Q4 1:11,-8.0,DAL,Dallas Cowboys D/ST,DST,7.3,1.0,0.04,1.04,1.11,1.14,0.34,1.0,1.04,,0.0,0
2026-10-09 03:16:06Z,DAL,in,0.98,Q4 1:11,-8.0,8137,George Pickens,WR,14.8,28.0,0.53,28.53,28.36,28.29,0.003,1.0,28.53,,0.0,0
2026-10-09 03:16:06Z,TB,in,0.98,Q4 1:11,8.0,TB,Tampa Bay Buccaneers D/ST,DST,3.1,7.0,0.01,7.01,7.08,7.06,0.0,1.0,7.01,,0.0,0
2026-10-09 03:16:06Z,DAL,in,0.98,Q4 1:11,-8.0,8917,KaVontae Turpin,WR,2.0,2.2,0.06,2.26,2.24,2.24,0.101,1.0,2.26,,0.0,0
2026-10-09 03:16:06Z,TB,in,0.98,Q4 1:11,8.0,10227,Payne Durham,TE,1.1,1.5,0.02,1.52,1.52,1.52,0.48,1.0,1.52,,0.0,0
2026-10-09 03:16:06Z,DAL,in,0.98,Q4 1:11,-8.0,11593,Brevyn Spann-Ford,TE,0.6,0.0,0.02,0.02,0.01,0.01,0.98,1.0,0.02,,0.0,0
2026-10-09 03:16:06Z,TB,in,0.98,Q4 1:11,8.0,13425,Jalon Daniels,QB,15.0,14.06,0.27,14.33,14.35,14.36,0.124,1.0,14.33,,0.0,0
2026-10-09 03:16:06Z,DAL,in,0.98,Q4 1:11,-8.0,11199,Emari Demercado,RB,3.7,0.0,0.06,0.06,0.06,0.07,0.98,1.0,0.06,,0.0,0
2026-10-09 03:16:06Z,DAL,in,0.98,Q4 1:11,-8.0,8162,Sam Howell,QB,0.9,0.0,0.02,0.02,0.01,0.02,0.98,0.3,0.01,,0.0,0
2026-10-09 03:16:06Z,DAL,in,0.98,Q4 1:11,-8.0,11783,Ryan Flournoy,WR,8.3,12.0,0.28,12.28,12.18,12.16,0.028,1.0,12.28,,0.0,0
2026-10-09 03:16:06Z,DAL,in,0.98,Q4 1:11,-8.0,10871,Luke Schoonmaker,TE,1.9,1.9,0.06,1.96,1.94,1.94,0.443,1.0,1.96,,0.0,0
2026-10-09 03:16:06Z,TB,in,0.98,Q4 1:11,8.0,13317,Ted Hurst,WR,4.5,0.0,0.06,0.06,0.07,0.09,0.98,1.0,0.06,,0.0,0
2026-10-09 03:16:06Z,TB,in,0.98,Q4 1:11,8.0,12485,Tez Johnson,WR,4.2,7.4,0.1,7.5,7.5,7.48,0.379,1.0,7.5,,0.0,0
2026-10-09 03:16:06Z,DAL,in,0.98,Q4 1:11,-8.0,7588,Javonte Williams,RB,18.2,14.2,0.39,14.59,14.54,14.56,0.014,1.0,14.59,,0.0,0
2026-10-09 03:17:06Z,DAL,in,0.98,Q4 1:11,-8.0,11533,Brandon Aubrey,K,9.8,5.0,0.17,5.17,5.17,5.19,0.48,1.0,5.17,,0.0,0
2026-10-09 03:17:06Z,DAL,in,0.98,Q4 1:11,-8.0,6786,CeeDee Lamb,WR,19.6,2.9,0.51,3.41,3.21,3.29,0.409,1.0,3.41,,0.0,0
2026-10-09 03:17:06Z,TB,in,0.98,Q4 1:11,8.0,11584,Bucky Irving,RB,11.1,29.3,0.35,29.65,29.61,29.52,0.0,1.0,29.65,,0.0,0
2026-10-09 03:17:06Z,DAL,in,0.98,Q4 1:11,-8.0,3294,Dak Prescott,QB,22.1,14.64,0.67,15.31,15.04,15.08,0.0,1.0,15.31,,0.0,0
2026-10-09 03:17:06Z,TB,in,0.98,Q4 1:11,8.0,8111,Cade Otton,TE,7.9,5.5,0.14,5.64,5.64,5.66,0.325,1.0,5.64,,0.0,0
2026-10-09 03:17:06Z,TB,in,0.98,Q4 1:11,8.0,4037,Chris Godwin,WR,8.0,7.0,0.15,7.15,7.15,7.16,0.48,1.0,7.15,,0.0,0
2026-10-09 03:17:06Z,DAL,in,0.98,Q4 1:11,-8.0,8110,Jake Ferguson,TE,8.8,4.9,0.25,5.15,5.06,5.07,0.042,1.0,5.15,,0.0,0
2026-10-09 03:17:06Z,TB,in,0.98,Q4 1:11,8.0,6650,Chase McLaughlin,K,6.7,7.0,0.13,7.13,7.13,7.13,0.28,1.0,7.13,,0.0,0
2026-10-09 03:17:06Z,TB,in,0.98,Q4 1:11,8.0,9506,Sean Tucker,RB,2.4,1.8,0.04,1.84,1.84,1.85,0.216,0.976,1.84,,0.0,0
2026-10-09 03:17:06Z,TB,in,0.98,Q4 1:11,8.0,12514,Emeka Egbuka,WR,9.1,17.2,0.22,17.42,17.42,17.38,0.124,1.0,17.42,,0.0,0
2026-10-09 03:17:06Z,DAL,in,0.98,Q4 1:11,-8.0,DAL,Dallas Cowboys D/ST,DST,7.3,1.0,0.04,1.04,1.11,1.14,0.34,1.0,1.04,,0.0,0
2026-10-09 03:17:06Z,DAL,in,0.98,Q4 1:11,-8.0,8137,George Pickens,WR,14.8,28.0,0.53,28.53,28.36,28.29,0.003,1.0,28.53,,0.0,0
2026-10-09 03:17:06Z,TB,in,0.98,Q4 1:11,8.0,TB,Tampa Bay Buccaneers D/ST,DST,3.1,7.0,0.01,7.01,7.08,7.06,0.0,1.0,7.01,,0.0,0
2026-10-09 03:17:06Z,DAL,in,0.98,Q4 1:11,-8.0,8917,KaVontae Turpin,WR,2.0,2.2,0.06,2.26,2.24,2.24,0.101,1.0,2.26,,0.0,0
2026-10-09 03:17:06Z,TB,in,0.98,Q4 1:11,8.0,10227,Payne Durham,TE,1.1,1.5,0.02,1.52,1.52,1.52,0.48,1.0,1.52,,0.0,0
2026-10-09 03:17:06Z,DAL,in,0.98,Q4 1:11,-8.0,11593,Brevyn Spann-Ford,TE,0.6,0.0,0.02,0.02,0.01,0.01,0.98,1.0,0.02,,0.0,0
2026-10-09 03:17:06Z,TB,in,0.98,Q4 1:11,8.0,13425,Jalon Daniels,QB,15.0,14.06,0.27,14.33,14.35,14.36,0.124,1.0,14.33,,0.0,0
2026-10-09 03:17:06Z,DAL,in,0.98,Q4 1:11,-8.0,11199,Emari Demercado,RB,3.7,0.0,0.06,0.06,0.06,0.07,0.98,1.0,0.06,,0.0,0
2026-10-09 03:17:06Z,DAL,in,0.98,Q4 1:11,-8.0,8162,Sam Howell,QB,0.9,0.0,0.02,0.02,0.01,0.02,0.98,0.3,0.01,,0.0,0
2026-10-09 03:17:06Z,DAL,in,0.98,Q4 1:11,-8.0,11783,Ryan Flournoy,WR,8.3,12.0,0.28,12.28,12.18,12.16,0.028,1.0,12.28,,0.0,0
2026-10-09 03:17:06Z,DAL,in,0.98,Q4 1:11,-8.0,10871,Luke Schoonmaker,TE,1.9,1.9,0.06,1.96,1.94,1.94,0.443,1.0,1.96,,0.0,0
2026-10-09 03:17:06Z,TB,in,0.98,Q4 1:11,8.0,13317,Ted Hurst,WR,4.5,0.0,0.06,0.06,0.07,0.09,0.98,1.0,0.06,,0.0,0
2026-10-09 03:17:06Z,TB,in,0.98,Q4 1:11,8.0,12485,Tez Johnson,WR,4.2,7.4,0.1,7.5,7.5,7.48,0.379,1.0,7.5,,0.0,0
2026-10-09 03:17:06Z,DAL,in,0.98,Q4 1:11,-8.0,7588,Javonte Williams,RB,18.2,14.2,0.39,14.59,14.54,14.56,0.014,1.0,14.59,,0.0,0
2026-10-09 03:18:06Z,DAL,in,0.982,Q4 1:04,-8.0,11533,Brandon Aubrey,K,9.8,5.0,0.15,5.15,5.15,5.17,0.482,1.0,5.15,,0.0,0
2026-10-09 03:18:06Z,DAL,in,0.982,Q4 1:04,-8.0,6786,CeeDee Lamb,WR,19.6,2.9,0.46,3.36,3.18,3.25,0.411,1.0,3.36,,0.0,0
2026-10-09 03:18:06Z,TB,in,0.982,Q4 1:04,8.0,11584,Bucky Irving,RB,11.1,31.5,0.33,31.83,31.79,31.7,0.0,1.0,31.83,,0.0,0
2026-10-09 03:18:06Z,DAL,in,0.982,Q4 1:04,-8.0,3294,Dak Prescott,QB,22.1,14.64,0.6,15.24,15.0,15.03,0.002,1.0,15.24,,0.0,0
2026-10-09 03:18:06Z,TB,in,0.982,Q4 1:04,8.0,8111,Cade Otton,TE,7.9,5.5,0.12,5.62,5.63,5.64,0.327,1.0,5.62,,0.0,0
2026-10-09 03:18:06Z,TB,in,0.982,Q4 1:04,8.0,4037,Chris Godwin,WR,8.0,7.0,0.13,7.13,7.14,7.14,0.482,1.0,7.13,,0.0,0
2026-10-09 03:18:06Z,DAL,in,0.982,Q4 1:04,-8.0,8110,Jake Ferguson,TE,8.8,4.9,0.23,5.13,5.04,5.06,0.044,1.0,5.13,,0.0,0
2026-10-09 03:18:06Z,TB,in,0.982,Q4 1:04,8.0,6650,Chase McLaughlin,K,6.7,7.0,0.12,7.12,7.12,7.12,0.282,1.0,7.12,,0.0,0
2026-10-09 03:18:06Z,TB,in,0.982,Q4 1:04,8.0,9506,Sean Tucker,RB,2.4,1.8,0.04,1.84,1.84,1.84,0.218,0.973,1.84,,0.0,0
2026-10-09 03:18:06Z,TB,in,0.982,Q4 1:04,8.0,12514,Emeka Egbuka,WR,9.1,17.2,0.2,17.4,17.4,17.36,0.126,1.0,17.4,,0.0,0
2026-10-09 03:18:06Z,DAL,in,0.982,Q4 1:04,-8.0,DAL,Dallas Cowboys D/ST,DST,7.3,1.0,0.03,1.03,1.1,1.13,0.342,1.0,1.03,,0.0,0
2026-10-09 03:18:06Z,DAL,in,0.982,Q4 1:04,-8.0,8137,George Pickens,WR,14.8,28.0,0.47,28.47,28.32,28.26,0.005,1.0,28.47,,0.0,0
2026-10-09 03:18:06Z,TB,in,0.982,Q4 1:04,8.0,TB,Tampa Bay Buccaneers D/ST,DST,3.1,7.0,0.01,7.01,7.07,7.06,0.002,1.0,7.01,,0.0,0
2026-10-09 03:18:06Z,DAL,in,0.982,Q4 1:04,-8.0,8917,KaVontae Turpin,WR,2.0,2.2,0.06,2.26,2.24,2.24,0.103,1.0,2.26,,0.0,0
2026-10-09 03:18:06Z,TB,in,0.982,Q4 1:04,8.0,10227,Payne Durham,TE,1.1,1.5,0.02,1.52,1.52,1.52,0.482,1.0,1.52,,0.0,0
2026-10-09 03:18:06Z,DAL,in,0.982,Q4 1:04,-8.0,11593,Brevyn Spann-Ford,TE,0.6,0.0,0.01,0.01,0.01,0.01,0.982,1.0,0.01,,0.0,0
2026-10-09 03:18:06Z,TB,in,0.982,Q4 1:04,8.0,13425,Jalon Daniels,QB,15.0,14.06,0.24,14.3,14.32,14.33,0.126,1.0,14.3,,0.0,0
2026-10-09 03:18:06Z,DAL,in,0.982,Q4 1:04,-8.0,11199,Emari Demercado,RB,3.7,0.0,0.05,0.05,0.05,0.07,0.982,1.0,0.05,,0.0,0
2026-10-09 03:18:06Z,DAL,in,0.982,Q4 1:04,-8.0,8162,Sam Howell,QB,0.9,0.0,0.02,0.02,0.01,0.02,0.982,0.3,0.01,,0.0,0
2026-10-09 03:18:06Z,DAL,in,0.982,Q4 1:04,-8.0,11783,Ryan Flournoy,WR,8.3,12.0,0.25,12.25,12.16,12.15,0.029,1.0,12.25,,0.0,0
2026-10-09 03:18:06Z,DAL,in,0.982,Q4 1:04,-8.0,10871,Luke Schoonmaker,TE,1.9,1.9,0.05,1.95,1.93,1.93,0.445,1.0,1.95,,0.0,0
2026-10-09 03:18:06Z,TB,in,0.982,Q4 1:04,8.0,13317,Ted Hurst,WR,4.5,0.0,0.06,0.06,0.06,0.08,0.982,1.0,0.06,,0.0,0
2026-10-09 03:18:06Z,TB,in,0.982,Q4 1:04,8.0,12485,Tez Johnson,WR,4.2,7.4,0.09,7.49,7.49,7.47,0.381,1.0,7.49,,0.0,0
2026-10-09 03:18:06Z,DAL,in,0.982,Q4 1:04,-8.0,7588,Javonte Williams,RB,18.2,14.2,0.35,14.55,14.51,14.52,0.016,1.0,14.55,,0.0,0
2026-10-09 03:19:07Z,DAL,in,0.99,Q4 0:31,-8.0,11533,Brandon Aubrey,K,9.8,5.0,0.09,5.09,5.09,5.1,0.49,1.0,5.09,,0.0,0
2026-10-09 03:19:07Z,DAL,in,0.99,Q4 0:31,-8.0,6786,CeeDee Lamb,WR,19.6,2.9,0.26,3.16,3.05,3.1,0.419,1.0,3.16,,0.0,0
2026-10-09 03:19:07Z,TB,in,0.99,Q4 0:31,8.0,11584,Bucky Irving,RB,11.1,31.5,0.19,31.69,31.66,31.61,0.008,1.0,31.69,,0.0,0
2026-10-09 03:19:07Z,DAL,in,0.99,Q4 0:31,-8.0,3294,Dak Prescott,QB,22.1,14.64,0.34,14.98,14.84,14.86,0.01,1.0,14.98,,0.0,0
2026-10-09 03:19:07Z,TB,in,0.99,Q4 0:31,8.0,8111,Cade Otton,TE,7.9,5.5,0.07,5.57,5.57,5.58,0.334,1.0,5.57,,0.0,0
2026-10-09 03:19:07Z,TB,in,0.99,Q4 0:31,8.0,4037,Chris Godwin,WR,8.0,7.0,0.07,7.07,7.08,7.08,0.49,1.0,7.07,,0.0,0
2026-10-09 03:19:07Z,DAL,in,0.99,Q4 0:31,-8.0,8110,Jake Ferguson,TE,8.8,4.9,0.13,5.03,4.98,4.99,0.052,1.0,5.03,,0.0,0
2026-10-09 03:19:07Z,TB,in,0.99,Q4 0:31,8.0,6650,Chase McLaughlin,K,6.7,7.0,0.07,7.07,7.07,7.07,0.289,1.0,7.07,,0.0,0
2026-10-09 03:19:07Z,TB,in,0.99,Q4 0:31,8.0,9506,Sean Tucker,RB,2.4,1.8,0.02,1.82,1.82,1.82,0.226,0.962,1.82,,0.0,0
2026-10-09 03:19:07Z,TB,in,0.99,Q4 0:31,8.0,12514,Emeka Egbuka,WR,9.1,17.2,0.11,17.31,17.31,17.29,0.133,1.0,17.31,,0.0,0
2026-10-09 03:19:07Z,DAL,in,0.99,Q4 0:31,-8.0,DAL,Dallas Cowboys D/ST,DST,7.3,1.0,0.02,1.02,1.06,1.07,0.35,1.0,1.02,,0.0,0
2026-10-09 03:19:07Z,DAL,in,0.99,Q4 0:31,-8.0,8137,George Pickens,WR,14.8,28.0,0.27,28.27,28.18,28.15,0.013,1.0,28.27,,0.0,0
2026-10-09 03:19:07Z,TB,in,0.99,Q4 0:31,8.0,TB,Tampa Bay Buccaneers D/ST,DST,3.1,7.0,0.01,7.01,7.04,7.03,0.01,1.0,7.01,,0.0,0
2026-10-09 03:19:07Z,DAL,in,0.99,Q4 0:31,-8.0,8917,KaVontae Turpin,WR,2.0,2.2,0.03,2.23,2.22,2.22,0.11,1.0,2.23,,0.0,0
2026-10-09 03:19:07Z,TB,in,0.99,Q4 0:31,8.0,10227,Payne Durham,TE,1.1,1.5,0.01,1.51,1.51,1.51,0.49,1.0,1.51,,0.0,0
2026-10-09 03:19:07Z,DAL,in,0.99,Q4 0:31,-8.0,11593,Brevyn Spann-Ford,TE,0.6,0.0,0.01,0.01,0.0,0.01,0.99,1.0,0.01,,0.0,0
2026-10-09 03:19:07Z,TB,in,0.99,Q4 0:31,8.0,13425,Jalon Daniels,QB,15.0,13.86,0.14,14.0,14.01,14.01,0.0,1.0,14.0,,0.0,0
2026-10-09 03:19:07Z,DAL,in,0.99,Q4 0:31,-8.0,11199,Emari Demercado,RB,3.7,0.0,0.03,0.03,0.03,0.04,0.99,1.0,0.03,,0.0,0
2026-10-09 03:19:07Z,DAL,in,0.99,Q4 0:31,-8.0,8162,Sam Howell,QB,0.9,0.0,0.01,0.01,0.01,0.01,0.99,0.3,0.0,,0.0,0
2026-10-09 03:19:07Z,DAL,in,0.99,Q4 0:31,-8.0,11783,Ryan Flournoy,WR,8.3,12.0,0.14,12.14,12.09,12.08,0.037,1.0,12.14,,0.0,0
2026-10-09 03:19:07Z,DAL,in,0.99,Q4 0:31,-8.0,10871,Luke Schoonmaker,TE,1.9,1.9,0.03,1.93,1.92,1.92,0.453,1.0,1.93,,0.0,0
2026-10-09 03:19:07Z,TB,in,0.99,Q4 0:31,8.0,13317,Ted Hurst,WR,4.5,0.0,0.03,0.03,0.03,0.05,0.99,1.0,0.03,,0.0,0
2026-10-09 03:19:07Z,TB,in,0.99,Q4 0:31,8.0,12485,Tez Johnson,WR,4.2,7.4,0.05,7.45,7.45,7.44,0.389,1.0,7.45,,0.0,0
2026-10-09 03:19:07Z,DAL,in,0.99,Q4 0:31,-8.0,7588,Javonte Williams,RB,18.2,14.2,0.2,14.4,14.37,14.38,0.023,1.0,14.4,,0.0,0
2026-10-09 03:20:07Z,DAL,post,1.0,FINAL,-8.0,11533,Brandon Aubrey,K,9.8,5.0,0.0,5.0,5.0,5.0,0.0,1.0,5.0,,0.0,0
2026-10-09 03:20:07Z,DAL,post,1.0,FINAL,-8.0,6786,CeeDee Lamb,WR,19.6,2.9,0.0,2.9,2.9,2.9,0.0,1.0,2.9,,0.0,0
2026-10-09 03:20:07Z,TB,post,1.0,FINAL,8.0,11584,Bucky Irving,RB,11.1,31.5,0.0,31.5,31.5,31.5,0.0,1.0,31.5,,0.0,0
2026-10-09 03:20:07Z,DAL,post,1.0,FINAL,-8.0,3294,Dak Prescott,QB,22.1,14.64,0.0,14.64,14.64,14.64,0.0,1.0,14.64,,0.0,0
2026-10-09 03:20:07Z,TB,post,1.0,FINAL,8.0,8111,Cade Otton,TE,7.9,5.5,0.0,5.5,5.5,5.5,0.0,1.0,5.5,,0.0,0
2026-10-09 03:20:07Z,TB,post,1.0,FINAL,8.0,4037,Chris Godwin,WR,8.0,7.0,0.0,7.0,7.0,7.0,0.0,1.0,7.0,,0.0,0
2026-10-09 03:20:07Z,DAL,post,1.0,FINAL,-8.0,8110,Jake Ferguson,TE,8.8,4.9,0.0,4.9,4.9,4.9,0.0,1.0,4.9,,0.0,0
2026-10-09 03:20:07Z,TB,post,1.0,FINAL,8.0,6650,Chase McLaughlin,K,6.7,7.0,0.0,7.0,7.0,7.0,0.0,1.0,7.0,,0.0,0
2026-10-09 03:20:07Z,TB,post,1.0,FINAL,8.0,9506,Sean Tucker,RB,2.4,1.8,0.0,1.8,1.8,1.8,0.0,1.0,1.8,,0.0,0
2026-10-09 03:20:07Z,TB,post,1.0,FINAL,8.0,12514,Emeka Egbuka,WR,9.1,17.2,0.0,17.2,17.2,17.2,0.0,1.0,17.2,,0.0,0
2026-10-09 03:20:07Z,DAL,post,1.0,FINAL,-8.0,DAL,Dallas Cowboys D/ST,DST,7.3,1.0,0.0,1.0,1.0,1.0,0.0,1.0,1.0,,0.0,0
2026-10-09 03:20:07Z,DAL,post,1.0,FINAL,-8.0,8137,George Pickens,WR,14.8,28.0,0.0,28.0,28.0,28.0,0.0,1.0,28.0,,0.0,0
2026-10-09 03:20:07Z,TB,post,1.0,FINAL,8.0,TB,Tampa Bay Buccaneers D/ST,DST,3.1,7.0,0.0,7.0,7.0,7.0,0.0,1.0,7.0,,0.0,0
2026-10-09 03:20:07Z,DAL,post,1.0,FINAL,-8.0,8917,KaVontae Turpin,WR,2.0,2.2,0.0,2.2,2.2,2.2,0.0,1.0,2.2,,0.0,0
2026-10-09 03:20:07Z,TB,post,1.0,FINAL,8.0,10227,Payne Durham,TE,1.1,1.5,0.0,1.5,1.5,1.5,0.0,1.0,1.5,,0.0,0
2026-10-09 03:20:07Z,DAL,post,1.0,FINAL,-8.0,11593,Brevyn Spann-Ford,TE,0.6,0.0,0.0,0.0,0.0,0.0,0.0,1.0,0.0,,0.0,0
2026-10-09 03:20:07Z,TB,post,1.0,FINAL,8.0,13425,Jalon Daniels,QB,15.0,13.86,0.0,13.86,13.86,13.86,0.0,1.0,13.86,,0.0,0
2026-10-09 03:20:07Z,DAL,post,1.0,FINAL,-8.0,11199,Emari Demercado,RB,3.7,0.0,0.0,0.0,0.0,0.0,0.0,1.0,0.0,,0.0,0
2026-10-09 03:20:07Z,DAL,post,1.0,FINAL,-8.0,8162,Sam Howell,QB,0.9,0.0,0.0,0.0,0.0,0.0,0.0,1.0,0.0,,0.0,0
2026-10-09 03:20:07Z,DAL,post,1.0,FINAL,-8.0,11783,Ryan Flournoy,WR,8.3,12.0,0.0,12.0,12.0,12.0,0.0,1.0,12.0,,0.0,0
2026-10-09 03:20:07Z,DAL,post,1.0,FINAL,-8.0,10871,Luke Schoonmaker,TE,1.9,1.9,0.0,1.9,1.9,1.9,0.0,1.0,1.9,,0.0,0
2026-10-09 03:20:07Z,TB,post,1.0,FINAL,8.0,13317,Ted Hurst,WR,4.5,0.0,0.0,0.0,0.0,0.0,0.0,1.0,0.0,,0.0,0
2026-10-09 03:20:07Z,TB,post,1.0,FINAL,8.0,12485,Tez Johnson,WR,4.2,7.4,0.0,7.4,7.4,7.4,0.0,1.0,7.4,,0.0,0
2026-10-09 03:20:07Z,DAL,post,1.0,FINAL,-8.0,7588,Javonte Williams,RB,18.2,14.2,0.0,14.2,14.2,14.2,0.0,1.0,14.2,,0.0,0
