ts,team,st,f,tag,margin,sid,name,pos,proj,actual,rem_fit,live_fit,live_v1,live_naive,stale,xmult,live_fitx,role,f_in,frozen
2026-09-13 23:06:42Z,DAL,pre,0.0,PRE,0,11533,Brandon Aubrey,K,9.6,0.0,9.6,9.6,9.6,9.6,0.0,1.0,9.6,,0.0,0
2026-09-13 23:06:42Z,DAL,pre,0.0,PRE,0,6786,CeeDee Lamb,WR,18.3,0.0,18.3,18.3,18.3,18.3,0.0,1.0,18.3,,0.0,0
2026-09-13 23:06:42Z,DAL,pre,0.0,PRE,0,3294,Dak Prescott,QB,18.5,0.0,18.5,18.5,18.5,18.5,0.0,1.0,18.5,,0.0,0
2026-09-13 23:06:42Z,NYG,pre,0.0,PRE,0,13833,Dominic Zvada,K,8.2,0.0,8.2,8.2,8.2,8.2,0.0,1.0,8.2,,0.0,0
2026-09-13 23:06:42Z,DAL,pre,0.0,PRE,0,8110,Jake Ferguson,TE,9.3,0.0,9.3,9.3,9.3,9.3,0.0,1.0,9.3,,0.0,0
2026-09-13 23:06:42Z,NYG,pre,0.0,PRE,0,8131,Isaiah Likely,TE,10.7,0.0,10.7,10.7,10.7,10.7,0.0,1.0,10.7,,0.0,0
2026-09-13 23:06:42Z,DAL,pre,0.0,PRE,0,DAL,Dallas Cowboys D/ST,DST,6.5,0.0,6.5,6.5,6.5,6.5,0.0,1.0,6.5,,0.0,0
2026-09-13 23:06:42Z,DAL,pre,0.0,PRE,0,8137,George Pickens,WR,15.2,0.0,15.2,15.2,15.2,15.2,0.0,1.0,15.2,,0.0,0
2026-09-13 23:06:42Z,NYG,pre,0.0,PRE,0,11597,Theo Johnson,TE,4.3,0.0,4.3,4.3,4.3,4.3,0.0,1.0,4.3,,0.0,0
2026-09-13 23:06:42Z,NYG,pre,0.0,PRE,0,12508,Jaxson Dart,QB,20.5,0.0,20.5,20.5,20.5,20.5,0.0,1.0,20.5,,0.0,0
2026-09-13 23:06:42Z,NYG,pre,0.0,PRE,0,13285,Malachi Fields,WR,6.2,0.0,6.2,6.2,6.2,6.2,0.0,1.0,6.2,,0.0,0
2026-09-13 23:06:42Z,DAL,pre,0.0,PRE,0,8917,KaVontae Turpin,WR,4.3,0.0,4.3,4.3,4.3,4.3,0.0,1.0,4.3,,0.0,0
2026-09-13 23:06:42Z,NYG,pre,0.0,PRE,0,11655,Tyrone Tracy,RB,2.4,0.0,2.4,2.4,2.4,2.4,0.0,1.0,2.4,,0.0,0
2026-09-13 23:06:42Z,NYG,pre,0.0,PRE,0,11632,Malik Nabers,WR,16.5,0.0,16.5,16.5,16.5,16.5,0.0,1.0,16.5,,0.0,0
2026-09-13 23:06:42Z,NYG,pre,0.0,PRE,0,7090,Darnell Mooney,WR,5.6,0.0,5.6,5.6,5.6,5.6,0.0,1.0,5.6,,0.0,0
2026-09-13 23:06:42Z,NYG,pre,0.0,PRE,0,2306,Jameis Winston,QB,0.5,0.0,0.5,0.5,0.5,0.5,0.0,1.0,0.5,,0.0,0
2026-09-13 23:06:42Z,DAL,pre,0.0,PRE,0,11593,Brevyn Spann-Ford,TE,0.5,0.0,0.5,0.5,0.5,0.5,0.0,1.0,0.5,,0.0,0
2026-09-13 23:06:42Z,NYG,pre,0.0,PRE,0,2078,Odell Beckham,WR,4.3,0.0,4.3,4.3,4.3,4.3,0.0,1.0,4.3,,0.0,0
2026-09-13 23:06:42Z,NYG,pre,0.0,PRE,0,12481,Cam Skattebo,RB,14.1,0.0,14.1,14.1,14.1,14.1,0.0,1.0,14.1,,0.0,0
2026-09-13 23:06:42Z,DAL,pre,0.0,PRE,0,11199,Emari Demercado,RB,1.8,0.0,1.8,1.8,1.8,1.8,0.0,1.0,1.8,,0.0,0
2026-09-13 23:06:42Z,NYG,pre,0.0,PRE,0,NYG,New York Giants D/ST,DST,5.2,0.0,5.2,5.2,5.2,5.2,0.0,1.0,5.2,,0.0,0
2026-09-13 23:06:42Z,NYG,pre,0.0,PRE,0,7528,Najee Harris,RB,4.2,0.0,4.2,4.2,4.2,4.2,0.0,1.0,4.2,,0.0,0
2026-09-13 23:06:42Z,DAL,pre,0.0,PRE,0,8162,Sam Howell,QB,0.6,0.0,0.6,0.6,0.6,0.6,0.0,1.0,0.6,,0.0,0
2026-09-13 23:06:42Z,DAL,pre,0.0,PRE,0,11783,Ryan Flournoy,WR,7.4,0.0,7.4,7.4,7.4,7.4,0.0,1.0,7.4,,0.0,0
2026-09-13 23:06:42Z,DAL,pre,0.0,PRE,0,10871,Luke Schoonmaker,TE,1.7,0.0,1.7,1.7,1.7,1.7,0.0,1.0,1.7,,0.0,0
2026-09-13 23:06:42Z,DAL,pre,0.0,PRE,0,7588,Javonte Williams,RB,16.9,0.0,16.9,16.9,16.9,16.9,0.0,1.0,16.9,,0.0,0
2026-09-13 23:08:43Z,DAL,pre,0.0,PRE,0,11533,Brandon Aubrey,K,9.6,0.0,9.6,9.6,9.6,9.6,0.0,1.0,9.6,,0.0,0
2026-09-13 23:08:43Z,DAL,pre,0.0,PRE,0,6786,CeeDee Lamb,WR,18.3,0.0,18.3,18.3,18.3,18.3,0.0,1.0,18.3,,0.0,0
2026-09-13 23:08:43Z,DAL,pre,0.0,PRE,0,3294,Dak Prescott,QB,18.5,0.0,18.5,18.5,18.5,18.5,0.0,1.0,18.5,,0.0,0
2026-09-13 23:08:43Z,NYG,pre,0.0,PRE,0,13833,Dominic Zvada,K,8.2,0.0,8.2,8.2,8.2,8.2,0.0,1.0,8.2,,0.0,0
2026-09-13 23:08:43Z,DAL,pre,0.0,PRE,0,8110,Jake Ferguson,TE,9.3,0.0,9.3,9.3,9.3,9.3,0.0,1.0,9.3,,0.0,0
2026-09-13 23:08:43Z,NYG,pre,0.0,PRE,0,8131,Isaiah Likely,TE,10.7,0.0,10.7,10.7,10.7,10.7,0.0,1.0,10.7,,0.0,0
2026-09-13 23:08:43Z,DAL,pre,0.0,PRE,0,DAL,Dallas Cowboys D/ST,DST,6.5,0.0,6.5,6.5,6.5,6.5,0.0,1.0,6.5,,0.0,0
2026-09-13 23:08:43Z,DAL,pre,0.0,PRE,0,8137,George Pickens,WR,15.2,0.0,15.2,15.2,15.2,15.2,0.0,1.0,15.2,,0.0,0
2026-09-13 23:08:43Z,NYG,pre,0.0,PRE,0,11597,Theo Johnson,TE,4.3,0.0,4.3,4.3,4.3,4.3,0.0,1.0,4.3,,0.0,0
2026-09-13 23:08:43Z,NYG,pre,0.0,PRE,0,12508,Jaxson Dart,QB,20.5,0.0,20.5,20.5,20.5,20.5,0.0,1.0,20.5,,0.0,0
2026-09-13 23:08:43Z,NYG,pre,0.0,PRE,0,13285,Malachi Fields,WR,6.2,0.0,6.2,6.2,6.2,6.2,0.0,1.0,6.2,,0.0,0
2026-09-13 23:08:43Z,DAL,pre,0.0,PRE,0,8917,KaVontae Turpin,WR,4.3,0.0,4.3,4.3,4.3,4.3,0.0,1.0,4.3,,0.0,0
2026-09-13 23:08:43Z,NYG,pre,0.0,PRE,0,11655,Tyrone Tracy,RB,2.4,0.0,2.4,2.4,2.4,2.4,0.0,1.0,2.4,,0.0,0
2026-09-13 23:08:43Z,NYG,pre,0.0,PRE,0,11632,Malik Nabers,WR,16.5,0.0,16.5,16.5,16.5,16.5,0.0,1.0,16.5,,0.0,0
2026-09-13 23:08:43Z,NYG,pre,0.0,PRE,0,7090,Darnell Mooney,WR,5.6,0.0,5.6,5.6,5.6,5.6,0.0,1.0,5.6,,0.0,0
2026-09-13 23:08:43Z,NYG,pre,0.0,PRE,0,2306,Jameis Winston,QB,0.5,0.0,0.5,0.5,0.5,0.5,0.0,1.0,0.5,,0.0,0
2026-09-13 23:08:43Z,DAL,pre,0.0,PRE,0,11593,Brevyn Spann-Ford,TE,0.5,0.0,0.5,0.5,0.5,0.5,0.0,1.0,0.5,,0.0,0
2026-09-13 23:08:43Z,NYG,pre,0.0,PRE,0,2078,Odell Beckham,WR,4.3,0.0,4.3,4.3,4.3,4.3,0.0,1.0,4.3,,0.0,0
2026-09-13 23:08:43Z,NYG,pre,0.0,PRE,0,12481,Cam Skattebo,RB,14.1,0.0,14.1,14.1,14.1,14.1,0.0,1.0,14.1,,0.0,0
2026-09-13 23:08:43Z,DAL,pre,0.0,PRE,0,11199,Emari Demercado,RB,1.8,0.0,1.8,1.8,1.8,1.8,0.0,1.0,1.8,,0.0,0
2026-09-13 23:08:43Z,NYG,pre,0.0,PRE,0,NYG,New York Giants D/ST,DST,5.2,0.0,5.2,5.2,5.2,5.2,0.0,1.0,5.2,,0.0,0
2026-09-13 23:08:43Z,NYG,pre,0.0,PRE,0,7528,Najee Harris,RB,4.2,0.0,4.2,4.2,4.2,4.2,0.0,1.0,4.2,,0.0,0
2026-09-13 23:08:43Z,DAL,pre,0.0,PRE,0,8162,Sam Howell,QB,0.6,0.0,0.6,0.6,0.6,0.6,0.0,1.0,0.6,,0.0,0
2026-09-13 23:08:43Z,DAL,pre,0.0,PRE,0,11783,Ryan Flournoy,WR,7.4,0.0,7.4,7.4,7.4,7.4,0.0,1.0,7.4,,0.0,0
2026-09-13 23:08:43Z,DAL,pre,0.0,PRE,0,10871,Luke Schoonmaker,TE,1.7,0.0,1.7,1.7,1.7,1.7,0.0,1.0,1.7,,0.0,0
2026-09-13 23:08:43Z,DAL,pre,0.0,PRE,0,7588,Javonte Williams,RB,16.9,0.0,16.9,16.9,16.9,16.9,0.0,1.0,16.9,,0.0,0
2026-09-13 23:10:43Z,DAL,pre,0.0,PRE,0,11533,Brandon Aubrey,K,9.6,0.0,9.6,9.6,9.6,9.6,0.0,1.0,9.6,,0.0,0
2026-09-13 23:10:43Z,DAL,pre,0.0,PRE,0,6786,CeeDee Lamb,WR,18.3,0.0,18.3,18.3,18.3,18.3,0.0,1.0,18.3,,0.0,0
2026-09-13 23:10:43Z,DAL,pre,0.0,PRE,0,3294,Dak Prescott,QB,18.5,0.0,18.5,18.5,18.5,18.5,0.0,1.0,18.5,,0.0,0
2026-09-13 23:10:43Z,NYG,pre,0.0,PRE,0,13833,Dominic Zvada,K,8.2,0.0,8.2,8.2,8.2,8.2,0.0,1.0,8.2,,0.0,0
2026-09-13 23:10:43Z,DAL,pre,0.0,PRE,0,8110,Jake Ferguson,TE,9.3,0.0,9.3,9.3,9.3,9.3,0.0,1.0,9.3,,0.0,0
2026-09-13 23:10:43Z,NYG,pre,0.0,PRE,0,8131,Isaiah Likely,TE,10.7,0.0,10.7,10.7,10.7,10.7,0.0,1.0,10.7,,0.0,0
2026-09-13 23:10:43Z,DAL,pre,0.0,PRE,0,DAL,Dallas Cowboys D/ST,DST,6.5,0.0,6.5,6.5,6.5,6.5,0.0,1.0,6.5,,0.0,0
2026-09-13 23:10:43Z,DAL,pre,0.0,PRE,0,8137,George Pickens,WR,15.2,0.0,15.2,15.2,15.2,15.2,0.0,1.0,15.2,,0.0,0
2026-09-13 23:10:43Z,NYG,pre,0.0,PRE,0,11597,Theo Johnson,TE,4.3,0.0,4.3,4.3,4.3,4.3,0.0,1.0,4.3,,0.0,0
2026-09-13 23:10:43Z,NYG,pre,0.0,PRE,0,12508,Jaxson Dart,QB,20.5,0.0,20.5,20.5,20.5,20.5,0.0,1.0,20.5,,0.0,0
2026-09-13 23:10:43Z,NYG,pre,0.0,PRE,0,13285,Malachi Fields,WR,6.2,0.0,6.2,6.2,6.2,6.2,0.0,1.0,6.2,,0.0,0
2026-09-13 23:10:43Z,DAL,pre,0.0,PRE,0,8917,KaVontae Turpin,WR,4.3,0.0,4.3,4.3,4.3,4.3,0.0,1.0,4.3,,0.0,0
2026-09-13 23:10:43Z,NYG,pre,0.0,PRE,0,11655,Tyrone Tracy,RB,2.4,0.0,2.4,2.4,2.4,2.4,0.0,1.0,2.4,,0.0,0
2026-09-13 23:10:43Z,NYG,pre,0.0,PRE,0,11632,Malik Nabers,WR,16.5,0.0,16.5,16.5,16.5,16.5,0.0,1.0,16.5,,0.0,0
2026-09-13 23:10:43Z,NYG,pre,0.0,PRE,0,7090,Darnell Mooney,WR,5.6,0.0,5.6,5.6,5.6,5.6,0.0,1.0,5.6,,0.0,0
2026-09-13 23:10:43Z,NYG,pre,0.0,PRE,0,2306,Jameis Winston,QB,0.5,0.0,0.5,0.5,0.5,0.5,0.0,1.0,0.5,,0.0,0
2026-09-13 23:10:43Z,DAL,pre,0.0,PRE,0,11593,Brevyn Spann-Ford,TE,0.5,0.0,0.5,0.5,0.5,0.5,0.0,1.0,0.5,,0.0,0
2026-09-13 23:10:43Z,NYG,pre,0.0,PRE,0,2078,Odell Beckham,WR,4.3,0.0,4.3,4.3,4.3,4.3,0.0,1.0,4.3,,0.0,0
2026-09-13 23:10:43Z,NYG,pre,0.0,PRE,0,12481,Cam Skattebo,RB,14.1,0.0,14.1,14.1,14.1,14.1,0.0,1.0,14.1,,0.0,0
2026-09-13 23:10:43Z,DAL,pre,0.0,PRE,0,11199,Emari Demercado,RB,1.8,0.0,1.8,1.8,1.8,1.8,0.0,1.0,1.8,,0.0,0
2026-09-13 23:10:43Z,NYG,pre,0.0,PRE,0,NYG,New York Giants D/ST,DST,5.2,0.0,5.2,5.2,5.2,5.2,0.0,1.0,5.2,,0.0,0
2026-09-13 23:10:43Z,NYG,pre,0.0,PRE,0,7528,Najee Harris,RB,4.2,0.0,4.2,4.2,4.2,4.2,0.0,1.0,4.2,,0.0,0
2026-09-13 23:10:43Z,DAL,pre,0.0,PRE,0,8162,Sam Howell,QB,0.6,0.0,0.6,0.6,0.6,0.6,0.0,1.0,0.6,,0.0,0
2026-09-13 23:10:43Z,DAL,pre,0.0,PRE,0,11783,Ryan Flournoy,WR,7.4,0.0,7.4,7.4,7.4,7.4,0.0,1.0,7.4,,0.0,0
2026-09-13 23:10:43Z,DAL,pre,0.0,PRE,0,10871,Luke Schoonmaker,TE,1.7,0.0,1.7,1.7,1.7,1.7,0.0,1.0,1.7,,0.0,0
2026-09-13 23:10:43Z,DAL,pre,0.0,PRE,0,7588,Javonte Williams,RB,16.9,0.0,16.9,16.9,16.9,16.9,0.0,1.0,16.9,,0.0,0
2026-09-13 23:12:43Z,DAL,pre,0.0,PRE,0,11533,Brandon Aubrey,K,9.6,0.0,9.6,9.6,9.6,9.6,0.0,1.0,9.6,,0.0,0
2026-09-13 23:12:43Z,DAL,pre,0.0,PRE,0,6786,CeeDee Lamb,WR,18.3,0.0,18.3,18.3,18.3,18.3,0.0,1.0,18.3,,0.0,0
2026-09-13 23:12:43Z,DAL,pre,0.0,PRE,0,3294,Dak Prescott,QB,18.5,0.0,18.5,18.5,18.5,18.5,0.0,1.0,18.5,,0.0,0
2026-09-13 23:12:43Z,NYG,pre,0.0,PRE,0,13833,Dominic Zvada,K,8.2,0.0,8.2,8.2,8.2,8.2,0.0,1.0,8.2,,0.0,0
2026-09-13 23:12:43Z,DAL,pre,0.0,PRE,0,8110,Jake Ferguson,TE,9.3,0.0,9.3,9.3,9.3,9.3,0.0,1.0,9.3,,0.0,0
2026-09-13 23:12:43Z,NYG,pre,0.0,PRE,0,8131,Isaiah Likely,TE,10.7,0.0,10.7,10.7,10.7,10.7,0.0,1.0,10.7,,0.0,0
2026-09-13 23:12:43Z,DAL,pre,0.0,PRE,0,DAL,Dallas Cowboys D/ST,DST,6.5,0.0,6.5,6.5,6.5,6.5,0.0,1.0,6.5,,0.0,0
2026-09-13 23:12:43Z,DAL,pre,0.0,PRE,0,8137,George Pickens,WR,15.2,0.0,15.2,15.2,15.2,15.2,0.0,1.0,15.2,,0.0,0
2026-09-13 23:12:43Z,NYG,pre,0.0,PRE,0,11597,Theo Johnson,TE,4.3,0.0,4.3,4.3,4.3,4.3,0.0,1.0,4.3,,0.0,0
2026-09-13 23:12:43Z,NYG,pre,0.0,PRE,0,12508,Jaxson Dart,QB,20.5,0.0,20.5,20.5,20.5,20.5,0.0,1.0,20.5,,0.0,0
2026-09-13 23:12:43Z,NYG,pre,0.0,PRE,0,13285,Malachi Fields,WR,6.2,0.0,6.2,6.2,6.2,6.2,0.0,1.0,6.2,,0.0,0
2026-09-13 23:12:43Z,DAL,pre,0.0,PRE,0,8917,KaVontae Turpin,WR,4.3,0.0,4.3,4.3,4.3,4.3,0.0,1.0,4.3,,0.0,0
2026-09-13 23:12:43Z,NYG,pre,0.0,PRE,0,11655,Tyrone Tracy,RB,2.4,0.0,2.4,2.4,2.4,2.4,0.0,1.0,2.4,,0.0,0
2026-09-13 23:12:43Z,NYG,pre,0.0,PRE,0,11632,Malik Nabers,WR,16.5,0.0,16.5,16.5,16.5,16.5,0.0,1.0,16.5,,0.0,0
2026-09-13 23:12:43Z,NYG,pre,0.0,PRE,0,7090,Darnell Mooney,WR,5.6,0.0,5.6,5.6,5.6,5.6,0.0,1.0,5.6,,0.0,0
2026-09-13 23:12:43Z,NYG,pre,0.0,PRE,0,2306,Jameis Winston,QB,0.5,0.0,0.5,0.5,0.5,0.5,0.0,1.0,0.5,,0.0,0
2026-09-13 23:12:43Z,DAL,pre,0.0,PRE,0,11593,Brevyn Spann-Ford,TE,0.5,0.0,0.5,0.5,0.5,0.5,0.0,1.0,0.5,,0.0,0
2026-09-13 23:12:43Z,NYG,pre,0.0,PRE,0,2078,Odell Beckham,WR,4.3,0.0,4.3,4.3,4.3,4.3,0.0,1.0,4.3,,0.0,0
2026-09-13 23:12:43Z,NYG,pre,0.0,PRE,0,12481,Cam Skattebo,RB,14.1,0.0,14.1,14.1,14.1,14.1,0.0,1.0,14.1,,0.0,0
2026-09-13 23:12:43Z,DAL,pre,0.0,PRE,0,11199,Emari Demercado,RB,1.8,0.0,1.8,1.8,1.8,1.8,0.0,1.0,1.8,,0.0,0
2026-09-13 23:12:43Z,NYG,pre,0.0,PRE,0,NYG,New York Giants D/ST,DST,5.2,0.0,5.2,5.2,5.2,5.2,0.0,1.0,5.2,,0.0,0
2026-09-13 23:12:43Z,NYG,pre,0.0,PRE,0,7528,Najee Harris,RB,4.2,0.0,4.2,4.2,4.2,4.2,0.0,1.0,4.2,,0.0,0
2026-09-13 23:12:43Z,DAL,pre,0.0,PRE,0,8162,Sam Howell,QB,0.6,0.0,0.6,0.6,0.6,0.6,0.0,1.0,0.6,,0.0,0
2026-09-13 23:12:43Z,DAL,pre,0.0,PRE,0,11783,Ryan Flournoy,WR,7.4,0.0,7.4,7.4,7.4,7.4,0.0,1.0,7.4,,0.0,0
2026-09-13 23:12:43Z,DAL,pre,0.0,PRE,0,10871,Luke Schoonmaker,TE,1.7,0.0,1.7,1.7,1.7,1.7,0.0,1.0,1.7,,0.0,0
2026-09-13 23:12:43Z,DAL,pre,0.0,PRE,0,7588,Javonte Williams,RB,16.9,0.0,16.9,16.9,16.9,16.9,0.0,1.0,16.9,,0.0,0
2026-09-13 23:14:44Z,DAL,pre,0.0,PRE,0,11533,Brandon Aubrey,K,9.6,0.0,9.6,9.6,9.6,9.6,0.0,1.0,9.6,,0.0,0
2026-09-13 23:14:44Z,DAL,pre,0.0,PRE,0,6786,CeeDee Lamb,WR,18.3,0.0,18.3,18.3,18.3,18.3,0.0,1.0,18.3,,0.0,0
2026-09-13 23:14:44Z,DAL,pre,0.0,PRE,0,3294,Dak Prescott,QB,18.5,0.0,18.5,18.5,18.5,18.5,0.0,1.0,18.5,,0.0,0
2026-09-13 23:14:44Z,NYG,pre,0.0,PRE,0,13833,Dominic Zvada,K,8.2,0.0,8.2,8.2,8.2,8.2,0.0,1.0,8.2,,0.0,0
2026-09-13 23:14:44Z,DAL,pre,0.0,PRE,0,8110,Jake Ferguson,TE,9.3,0.0,9.3,9.3,9.3,9.3,0.0,1.0,9.3,,0.0,0
2026-09-13 23:14:44Z,NYG,pre,0.0,PRE,0,8131,Isaiah Likely,TE,10.7,0.0,10.7,10.7,10.7,10.7,0.0,1.0,10.7,,0.0,0
2026-09-13 23:14:44Z,DAL,pre,0.0,PRE,0,DAL,Dallas Cowboys D/ST,DST,6.5,0.0,6.5,6.5,6.5,6.5,0.0,1.0,6.5,,0.0,0
2026-09-13 23:14:44Z,DAL,pre,0.0,PRE,0,8137,George Pickens,WR,15.2,0.0,15.2,15.2,15.2,15.2,0.0,1.0,15.2,,0.0,0
2026-09-13 23:14:44Z,NYG,pre,0.0,PRE,0,11597,Theo Johnson,TE,4.3,0.0,4.3,4.3,4.3,4.3,0.0,1.0,4.3,,0.0,0
2026-09-13 23:14:44Z,NYG,pre,0.0,PRE,0,12508,Jaxson Dart,QB,20.5,0.0,20.5,20.5,20.5,20.5,0.0,1.0,20.5,,0.0,0
2026-09-13 23:14:44Z,NYG,pre,0.0,PRE,0,13285,Malachi Fields,WR,6.2,0.0,6.2,6.2,6.2,6.2,0.0,1.0,6.2,,0.0,0
2026-09-13 23:14:44Z,DAL,pre,0.0,PRE,0,8917,KaVontae Turpin,WR,4.3,0.0,4.3,4.3,4.3,4.3,0.0,1.0,4.3,,0.0,0
2026-09-13 23:14:44Z,NYG,pre,0.0,PRE,0,11655,Tyrone Tracy,RB,2.4,0.0,2.4,2.4,2.4,2.4,0.0,1.0,2.4,,0.0,0
2026-09-13 23:14:44Z,NYG,pre,0.0,PRE,0,11632,Malik Nabers,WR,16.5,0.0,16.5,16.5,16.5,16.5,0.0,1.0,16.5,,0.0,0
2026-09-13 23:14:44Z,NYG,pre,0.0,PRE,0,7090,Darnell Mooney,WR,5.6,0.0,5.6,5.6,5.6,5.6,0.0,1.0,5.6,,0.0,0
2026-09-13 23:14:44Z,NYG,pre,0.0,PRE,0,2306,Jameis Winston,QB,0.5,0.0,0.5,0.5,0.5,0.5,0.0,1.0,0.5,,0.0,0
2026-09-13 23:14:44Z,DAL,pre,0.0,PRE,0,11593,Brevyn Spann-Ford,TE,0.5,0.0,0.5,0.5,0.5,0.5,0.0,1.0,0.5,,0.0,0
2026-09-13 23:14:44Z,NYG,pre,0.0,PRE,0,2078,Odell Beckham,WR,4.3,0.0,4.3,4.3,4.3,4.3,0.0,1.0,4.3,,0.0,0
2026-09-13 23:14:44Z,NYG,pre,0.0,PRE,0,12481,Cam Skattebo,RB,14.1,0.0,14.1,14.1,14.1,14.1,0.0,1.0,14.1,,0.0,0
2026-09-13 23:14:44Z,DAL,pre,0.0,PRE,0,11199,Emari Demercado,RB,1.8,0.0,1.8,1.8,1.8,1.8,0.0,1.0,1.8,,0.0,0
2026-09-13 23:14:44Z,NYG,pre,0.0,PRE,0,NYG,New York Giants D/ST,DST,5.2,0.0,5.2,5.2,5.2,5.2,0.0,1.0,5.2,,0.0,0
2026-09-13 23:14:44Z,NYG,pre,0.0,PRE,0,7528,Najee Harris,RB,4.2,0.0,4.2,4.2,4.2,4.2,0.0,1.0,4.2,,0.0,0
2026-09-13 23:14:44Z,DAL,pre,0.0,PRE,0,8162,Sam Howell,QB,0.6,0.0,0.6,0.6,0.6,0.6,0.0,1.0,0.6,,0.0,0
2026-09-13 23:14:44Z,DAL,pre,0.0,PRE,0,11783,Ryan Flournoy,WR,7.4,0.0,7.4,7.4,7.4,7.4,0.0,1.0,7.4,,0.0,0
2026-09-13 23:14:44Z,DAL,pre,0.0,PRE,0,10871,Luke Schoonmaker,TE,1.7,0.0,1.7,1.7,1.7,1.7,0.0,1.0,1.7,,0.0,0
2026-09-13 23:14:44Z,DAL,pre,0.0,PRE,0,7588,Javonte Williams,RB,16.9,0.0,16.9,16.9,16.9,16.9,0.0,1.0,16.9,,0.0,0
2026-09-13 23:16:44Z,DAL,pre,0.0,PRE,0,11533,Brandon Aubrey,K,9.6,0.0,9.6,9.6,9.6,9.6,0.0,1.0,9.6,,0.0,0
2026-09-13 23:16:44Z,DAL,pre,0.0,PRE,0,6786,CeeDee Lamb,WR,18.3,0.0,18.3,18.3,18.3,18.3,0.0,1.0,18.3,,0.0,0
2026-09-13 23:16:44Z,DAL,pre,0.0,PRE,0,3294,Dak Prescott,QB,18.5,0.0,18.5,18.5,18.5,18.5,0.0,1.0,18.5,,0.0,0
2026-09-13 23:16:44Z,NYG,pre,0.0,PRE,0,13833,Dominic Zvada,K,8.2,0.0,8.2,8.2,8.2,8.2,0.0,1.0,8.2,,0.0,0
2026-09-13 23:16:44Z,DAL,pre,0.0,PRE,0,8110,Jake Ferguson,TE,9.3,0.0,9.3,9.3,9.3,9.3,0.0,1.0,9.3,,0.0,0
2026-09-13 23:16:44Z,NYG,pre,0.0,PRE,0,8131,Isaiah Likely,TE,10.7,0.0,10.7,10.7,10.7,10.7,0.0,1.0,10.7,,0.0,0
2026-09-13 23:16:44Z,DAL,pre,0.0,PRE,0,DAL,Dallas Cowboys D/ST,DST,6.5,0.0,6.5,6.5,6.5,6.5,0.0,1.0,6.5,,0.0,0
2026-09-13 23:16:44Z,DAL,pre,0.0,PRE,0,8137,George Pickens,WR,15.2,0.0,15.2,15.2,15.2,15.2,0.0,1.0,15.2,,0.0,0
2026-09-13 23:16:44Z,NYG,pre,0.0,PRE,0,11597,Theo Johnson,TE,4.3,0.0,4.3,4.3,4.3,4.3,0.0,1.0,4.3,,0.0,0
2026-09-13 23:16:44Z,NYG,pre,0.0,PRE,0,12508,Jaxson Dart,QB,20.5,0.0,20.5,20.5,20.5,20.5,0.0,1.0,20.5,,0.0,0
2026-09-13 23:16:44Z,NYG,pre,0.0,PRE,0,13285,Malachi Fields,WR,6.2,0.0,6.2,6.2,6.2,6.2,0.0,1.0,6.2,,0.0,0
2026-09-13 23:16:44Z,DAL,pre,0.0,PRE,0,8917,KaVontae Turpin,WR,4.3,0.0,4.3,4.3,4.3,4.3,0.0,1.0,4.3,,0.0,0
2026-09-13 23:16:44Z,NYG,pre,0.0,PRE,0,11655,Tyrone Tracy,RB,2.4,0.0,2.4,2.4,2.4,2.4,0.0,1.0,2.4,,0.0,0
2026-09-13 23:16:44Z,NYG,pre,0.0,PRE,0,11632,Malik Nabers,WR,16.5,0.0,16.5,16.5,16.5,16.5,0.0,1.0,16.5,,0.0,0
2026-09-13 23:16:44Z,NYG,pre,0.0,PRE,0,7090,Darnell Mooney,WR,5.6,0.0,5.6,5.6,5.6,5.6,0.0,1.0,5.6,,0.0,0
2026-09-13 23:16:44Z,NYG,pre,0.0,PRE,0,2306,Jameis Winston,QB,0.5,0.0,0.5,0.5,0.5,0.5,0.0,1.0,0.5,,0.0,0
2026-09-13 23:16:44Z,DAL,pre,0.0,PRE,0,11593,Brevyn Spann-Ford,TE,0.5,0.0,0.5,0.5,0.5,0.5,0.0,1.0,0.5,,0.0,0
2026-09-13 23:16:44Z,NYG,pre,0.0,PRE,0,2078,Odell Beckham,WR,4.3,0.0,4.3,4.3,4.3,4.3,0.0,1.0,4.3,,0.0,0
2026-09-13 23:16:44Z,NYG,pre,0.0,PRE,0,12481,Cam Skattebo,RB,14.1,0.0,14.1,14.1,14.1,14.1,0.0,1.0,14.1,,0.0,0
2026-09-13 23:16:44Z,DAL,pre,0.0,PRE,0,11199,Emari Demercado,RB,1.8,0.0,1.8,1.8,1.8,1.8,0.0,1.0,1.8,,0.0,0
2026-09-13 23:16:44Z,NYG,pre,0.0,PRE,0,NYG,New York Giants D/ST,DST,5.2,0.0,5.2,5.2,5.2,5.2,0.0,1.0,5.2,,0.0,0
2026-09-13 23:16:44Z,NYG,pre,0.0,PRE,0,7528,Najee Harris,RB,4.2,0.0,4.2,4.2,4.2,4.2,0.0,1.0,4.2,,0.0,0
2026-09-13 23:16:44Z,DAL,pre,0.0,PRE,0,8162,Sam Howell,QB,0.6,0.0,0.6,0.6,0.6,0.6,0.0,1.0,0.6,,0.0,0
2026-09-13 23:16:44Z,DAL,pre,0.0,PRE,0,11783,Ryan Flournoy,WR,7.4,0.0,7.4,7.4,7.4,7.4,0.0,1.0,7.4,,0.0,0
2026-09-13 23:16:44Z,DAL,pre,0.0,PRE,0,10871,Luke Schoonmaker,TE,1.7,0.0,1.7,1.7,1.7,1.7,0.0,1.0,1.7,,0.0,0
2026-09-13 23:16:44Z,DAL,pre,0.0,PRE,0,7588,Javonte Williams,RB,16.9,0.0,16.9,16.9,16.9,16.9,0.0,1.0,16.9,,0.0,0
2026-09-13 23:18:45Z,DAL,pre,0.0,PRE,0,11533,Brandon Aubrey,K,9.6,0.0,9.6,9.6,9.6,9.6,0.0,1.0,9.6,,0.0,0
2026-09-13 23:18:45Z,DAL,pre,0.0,PRE,0,6786,CeeDee Lamb,WR,18.3,0.0,18.3,18.3,18.3,18.3,0.0,1.0,18.3,,0.0,0
2026-09-13 23:18:45Z,DAL,pre,0.0,PRE,0,3294,Dak Prescott,QB,18.5,0.0,18.5,18.5,18.5,18.5,0.0,1.0,18.5,,0.0,0
2026-09-13 23:18:45Z,NYG,pre,0.0,PRE,0,13833,Dominic Zvada,K,8.2,0.0,8.2,8.2,8.2,8.2,0.0,1.0,8.2,,0.0,0
2026-09-13 23:18:45Z,DAL,pre,0.0,PRE,0,8110,Jake Ferguson,TE,9.3,0.0,9.3,9.3,9.3,9.3,0.0,1.0,9.3,,0.0,0
2026-09-13 23:18:45Z,NYG,pre,0.0,PRE,0,8131,Isaiah Likely,TE,10.7,0.0,10.7,10.7,10.7,10.7,0.0,1.0,10.7,,0.0,0
2026-09-13 23:18:45Z,DAL,pre,0.0,PRE,0,DAL,Dallas Cowboys D/ST,DST,6.5,0.0,6.5,6.5,6.5,6.5,0.0,1.0,6.5,,0.0,0
2026-09-13 23:18:45Z,DAL,pre,0.0,PRE,0,8137,George Pickens,WR,15.2,0.0,15.2,15.2,15.2,15.2,0.0,1.0,15.2,,0.0,0
2026-09-13 23:18:45Z,NYG,pre,0.0,PRE,0,11597,Theo Johnson,TE,4.3,0.0,4.3,4.3,4.3,4.3,0.0,1.0,4.3,,0.0,0
2026-09-13 23:18:45Z,NYG,pre,0.0,PRE,0,12508,Jaxson Dart,QB,20.5,0.0,20.5,20.5,20.5,20.5,0.0,1.0,20.5,,0.0,0
2026-09-13 23:18:45Z,NYG,pre,0.0,PRE,0,13285,Malachi Fields,WR,6.2,0.0,6.2,6.2,6.2,6.2,0.0,1.0,6.2,,0.0,0
2026-09-13 23:18:45Z,DAL,pre,0.0,PRE,0,8917,KaVontae Turpin,WR,4.3,0.0,4.3,4.3,4.3,4.3,0.0,1.0,4.3,,0.0,0
2026-09-13 23:18:45Z,NYG,pre,0.0,PRE,0,11655,Tyrone Tracy,RB,2.4,0.0,2.4,2.4,2.4,2.4,0.0,1.0,2.4,,0.0,0
2026-09-13 23:18:45Z,NYG,pre,0.0,PRE,0,11632,Malik Nabers,WR,16.5,0.0,16.5,16.5,16.5,16.5,0.0,1.0,16.5,,0.0,0
2026-09-13 23:18:45Z,NYG,pre,0.0,PRE,0,7090,Darnell Mooney,WR,5.6,0.0,5.6,5.6,5.6,5.6,0.0,1.0,5.6,,0.0,0
2026-09-13 23:18:45Z,NYG,pre,0.0,PRE,0,2306,Jameis Winston,QB,0.5,0.0,0.5,0.5,0.5,0.5,0.0,1.0,0.5,,0.0,0
2026-09-13 23:18:45Z,DAL,pre,0.0,PRE,0,11593,Brevyn Spann-Ford,TE,0.5,0.0,0.5,0.5,0.5,0.5,0.0,1.0,0.5,,0.0,0
2026-09-13 23:18:45Z,NYG,pre,0.0,PRE,0,2078,Odell Beckham,WR,4.3,0.0,4.3,4.3,4.3,4.3,0.0,1.0,4.3,,0.0,0
2026-09-13 23:18:45Z,NYG,pre,0.0,PRE,0,12481,Cam Skattebo,RB,14.1,0.0,14.1,14.1,14.1,14.1,0.0,1.0,14.1,,0.0,0
2026-09-13 23:18:45Z,DAL,pre,0.0,PRE,0,11199,Emari Demercado,RB,1.8,0.0,1.8,1.8,1.8,1.8,0.0,1.0,1.8,,0.0,0
2026-09-13 23:18:45Z,NYG,pre,0.0,PRE,0,NYG,New York Giants D/ST,DST,5.2,0.0,5.2,5.2,5.2,5.2,0.0,1.0,5.2,,0.0,0
2026-09-13 23:18:45Z,NYG,pre,0.0,PRE,0,7528,Najee Harris,RB,4.2,0.0,4.2,4.2,4.2,4.2,0.0,1.0,4.2,,0.0,0
2026-09-13 23:18:45Z,DAL,pre,0.0,PRE,0,8162,Sam Howell,QB,0.6,0.0,0.6,0.6,0.6,0.6,0.0,1.0,0.6,,0.0,0
2026-09-13 23:18:45Z,DAL,pre,0.0,PRE,0,11783,Ryan Flournoy,WR,7.4,0.0,7.4,7.4,7.4,7.4,0.0,1.0,7.4,,0.0,0
2026-09-13 23:18:45Z,DAL,pre,0.0,PRE,0,10871,Luke Schoonmaker,TE,1.7,0.0,1.7,1.7,1.7,1.7,0.0,1.0,1.7,,0.0,0
2026-09-13 23:18:45Z,DAL,pre,0.0,PRE,0,7588,Javonte Williams,RB,16.9,0.0,16.9,16.9,16.9,16.9,0.0,1.0,16.9,,0.0,0
2026-09-13 23:20:45Z,DAL,pre,0.0,PRE,0,11533,Brandon Aubrey,K,9.6,0.0,9.6,9.6,9.6,9.6,0.0,1.0,9.6,,0.0,0
2026-09-13 23:20:45Z,DAL,pre,0.0,PRE,0,6786,CeeDee Lamb,WR,18.3,0.0,18.3,18.3,18.3,18.3,0.0,1.0,18.3,,0.0,0
2026-09-13 23:20:45Z,DAL,pre,0.0,PRE,0,3294,Dak Prescott,QB,18.5,0.0,18.5,18.5,18.5,18.5,0.0,1.0,18.5,,0.0,0
2026-09-13 23:20:45Z,NYG,pre,0.0,PRE,0,13833,Dominic Zvada,K,8.2,0.0,8.2,8.2,8.2,8.2,0.0,1.0,8.2,,0.0,0
2026-09-13 23:20:45Z,DAL,pre,0.0,PRE,0,8110,Jake Ferguson,TE,9.3,0.0,9.3,9.3,9.3,9.3,0.0,1.0,9.3,,0.0,0
2026-09-13 23:20:45Z,NYG,pre,0.0,PRE,0,8131,Isaiah Likely,TE,10.7,0.0,10.7,10.7,10.7,10.7,0.0,1.0,10.7,,0.0,0
2026-09-13 23:20:45Z,DAL,pre,0.0,PRE,0,DAL,Dallas Cowboys D/ST,DST,6.5,0.0,6.5,6.5,6.5,6.5,0.0,1.0,6.5,,0.0,0
2026-09-13 23:20:45Z,DAL,pre,0.0,PRE,0,8137,George Pickens,WR,15.2,0.0,15.2,15.2,15.2,15.2,0.0,1.0,15.2,,0.0,0
2026-09-13 23:20:45Z,NYG,pre,0.0,PRE,0,11597,Theo Johnson,TE,4.3,0.0,4.3,4.3,4.3,4.3,0.0,1.0,4.3,,0.0,0
2026-09-13 23:20:45Z,NYG,pre,0.0,PRE,0,12508,Jaxson Dart,QB,20.5,0.0,20.5,20.5,20.5,20.5,0.0,1.0,20.5,,0.0,0
2026-09-13 23:20:45Z,NYG,pre,0.0,PRE,0,13285,Malachi Fields,WR,6.2,0.0,6.2,6.2,6.2,6.2,0.0,1.0,6.2,,0.0,0
2026-09-13 23:20:45Z,DAL,pre,0.0,PRE,0,8917,KaVontae Turpin,WR,4.3,0.0,4.3,4.3,4.3,4.3,0.0,1.0,4.3,,0.0,0
2026-09-13 23:20:45Z,NYG,pre,0.0,PRE,0,11655,Tyrone Tracy,RB,2.4,0.0,2.4,2.4,2.4,2.4,0.0,1.0,2.4,,0.0,0
2026-09-13 23:20:45Z,NYG,pre,0.0,PRE,0,11632,Malik Nabers,WR,16.5,0.0,16.5,16.5,16.5,16.5,0.0,1.0,16.5,,0.0,0
2026-09-13 23:20:45Z,NYG,pre,0.0,PRE,0,7090,Darnell Mooney,WR,5.6,0.0,5.6,5.6,5.6,5.6,0.0,1.0,5.6,,0.0,0
2026-09-13 23:20:45Z,NYG,pre,0.0,PRE,0,2306,Jameis Winston,QB,0.5,0.0,0.5,0.5,0.5,0.5,0.0,1.0,0.5,,0.0,0
2026-09-13 23:20:45Z,DAL,pre,0.0,PRE,0,11593,Brevyn Spann-Ford,TE,0.5,0.0,0.5,0.5,0.5,0.5,0.0,1.0,0.5,,0.0,0
2026-09-13 23:20:45Z,NYG,pre,0.0,PRE,0,2078,Odell Beckham,WR,4.3,0.0,4.3,4.3,4.3,4.3,0.0,1.0,4.3,,0.0,0
2026-09-13 23:20:45Z,NYG,pre,0.0,PRE,0,12481,Cam Skattebo,RB,14.1,0.0,14.1,14.1,14.1,14.1,0.0,1.0,14.1,,0.0,0
2026-09-13 23:20:45Z,DAL,pre,0.0,PRE,0,11199,Emari Demercado,RB,1.8,0.0,1.8,1.8,1.8,1.8,0.0,1.0,1.8,,0.0,0
2026-09-13 23:20:45Z,NYG,pre,0.0,PRE,0,NYG,New York Giants D/ST,DST,5.2,0.0,5.2,5.2,5.2,5.2,0.0,1.0,5.2,,0.0,0
2026-09-13 23:20:45Z,NYG,pre,0.0,PRE,0,7528,Najee Harris,RB,4.2,0.0,4.2,4.2,4.2,4.2,0.0,1.0,4.2,,0.0,0
2026-09-13 23:20:45Z,DAL,pre,0.0,PRE,0,8162,Sam Howell,QB,0.6,0.0,0.6,0.6,0.6,0.6,0.0,1.0,0.6,,0.0,0
2026-09-13 23:20:45Z,DAL,pre,0.0,PRE,0,11783,Ryan Flournoy,WR,7.4,0.0,7.4,7.4,7.4,7.4,0.0,1.0,7.4,,0.0,0
2026-09-13 23:20:45Z,DAL,pre,0.0,PRE,0,10871,Luke Schoonmaker,TE,1.7,0.0,1.7,1.7,1.7,1.7,0.0,1.0,1.7,,0.0,0
2026-09-13 23:20:45Z,DAL,pre,0.0,PRE,0,7588,Javonte Williams,RB,16.9,0.0,16.9,16.9,16.9,16.9,0.0,1.0,16.9,,0.0,0
2026-09-13 23:22:45Z,DAL,pre,0.0,PRE,0,11533,Brandon Aubrey,K,9.6,0.0,9.6,9.6,9.6,9.6,0.0,1.0,9.6,,0.0,0
2026-09-13 23:22:45Z,DAL,pre,0.0,PRE,0,6786,CeeDee Lamb,WR,18.3,0.0,18.3,18.3,18.3,18.3,0.0,1.0,18.3,,0.0,0
2026-09-13 23:22:45Z,DAL,pre,0.0,PRE,0,3294,Dak Prescott,QB,18.5,0.0,18.5,18.5,18.5,18.5,0.0,1.0,18.5,,0.0,0
2026-09-13 23:22:45Z,NYG,pre,0.0,PRE,0,13833,Dominic Zvada,K,8.2,0.0,8.2,8.2,8.2,8.2,0.0,1.0,8.2,,0.0,0
2026-09-13 23:22:45Z,DAL,pre,0.0,PRE,0,8110,Jake Ferguson,TE,9.3,0.0,9.3,9.3,9.3,9.3,0.0,1.0,9.3,,0.0,0
2026-09-13 23:22:45Z,NYG,pre,0.0,PRE,0,8131,Isaiah Likely,TE,10.7,0.0,10.7,10.7,10.7,10.7,0.0,1.0,10.7,,0.0,0
2026-09-13 23:22:45Z,DAL,pre,0.0,PRE,0,DAL,Dallas Cowboys D/ST,DST,6.5,0.0,6.5,6.5,6.5,6.5,0.0,1.0,6.5,,0.0,0
2026-09-13 23:22:45Z,DAL,pre,0.0,PRE,0,8137,George Pickens,WR,15.2,0.0,15.2,15.2,15.2,15.2,0.0,1.0,15.2,,0.0,0
2026-09-13 23:22:45Z,NYG,pre,0.0,PRE,0,11597,Theo Johnson,TE,4.3,0.0,4.3,4.3,4.3,4.3,0.0,1.0,4.3,,0.0,0
2026-09-13 23:22:45Z,NYG,pre,0.0,PRE,0,12508,Jaxson Dart,QB,20.5,0.0,20.5,20.5,20.5,20.5,0.0,1.0,20.5,,0.0,0
2026-09-13 23:22:45Z,NYG,pre,0.0,PRE,0,13285,Malachi Fields,WR,6.2,0.0,6.2,6.2,6.2,6.2,0.0,1.0,6.2,,0.0,0
2026-09-13 23:22:45Z,DAL,pre,0.0,PRE,0,8917,KaVontae Turpin,WR,4.3,0.0,4.3,4.3,4.3,4.3,0.0,1.0,4.3,,0.0,0
2026-09-13 23:22:45Z,NYG,pre,0.0,PRE,0,11655,Tyrone Tracy,RB,2.4,0.0,2.4,2.4,2.4,2.4,0.0,1.0,2.4,,0.0,0
2026-09-13 23:22:45Z,NYG,pre,0.0,PRE,0,11632,Malik Nabers,WR,16.5,0.0,16.5,16.5,16.5,16.5,0.0,1.0,16.5,,0.0,0
2026-09-13 23:22:45Z,NYG,pre,0.0,PRE,0,7090,Darnell Mooney,WR,5.6,0.0,5.6,5.6,5.6,5.6,0.0,1.0,5.6,,0.0,0
2026-09-13 23:22:45Z,NYG,pre,0.0,PRE,0,2306,Jameis Winston,QB,0.5,0.0,0.5,0.5,0.5,0.5,0.0,1.0,0.5,,0.0,0
2026-09-13 23:22:45Z,DAL,pre,0.0,PRE,0,11593,Brevyn Spann-Ford,TE,0.5,0.0,0.5,0.5,0.5,0.5,0.0,1.0,0.5,,0.0,0
2026-09-13 23:22:45Z,NYG,pre,0.0,PRE,0,2078,Odell Beckham,WR,4.3,0.0,4.3,4.3,4.3,4.3,0.0,1.0,4.3,,0.0,0
2026-09-13 23:22:45Z,NYG,pre,0.0,PRE,0,12481,Cam Skattebo,RB,14.1,0.0,14.1,14.1,14.1,14.1,0.0,1.0,14.1,,0.0,0
2026-09-13 23:22:45Z,DAL,pre,0.0,PRE,0,11199,Emari Demercado,RB,1.8,0.0,1.8,1.8,1.8,1.8,0.0,1.0,1.8,,0.0,0
2026-09-13 23:22:45Z,NYG,pre,0.0,PRE,0,NYG,New York Giants D/ST,DST,5.2,0.0,5.2,5.2,5.2,5.2,0.0,1.0,5.2,,0.0,0
2026-09-13 23:22:45Z,NYG,pre,0.0,PRE,0,7528,Najee Harris,RB,4.2,0.0,4.2,4.2,4.2,4.2,0.0,1.0,4.2,,0.0,0
2026-09-13 23:22:45Z,DAL,pre,0.0,PRE,0,8162,Sam Howell,QB,0.6,0.0,0.6,0.6,0.6,0.6,0.0,1.0,0.6,,0.0,0
2026-09-13 23:22:45Z,DAL,pre,0.0,PRE,0,11783,Ryan Flournoy,WR,7.4,0.0,7.4,7.4,7.4,7.4,0.0,1.0,7.4,,0.0,0
2026-09-13 23:22:45Z,DAL,pre,0.0,PRE,0,10871,Luke Schoonmaker,TE,1.7,0.0,1.7,1.7,1.7,1.7,0.0,1.0,1.7,,0.0,0
2026-09-13 23:22:45Z,DAL,pre,0.0,PRE,0,7588,Javonte Williams,RB,16.9,0.0,16.9,16.9,16.9,16.9,0.0,1.0,16.9,,0.0,0
2026-09-13 23:24:46Z,DAL,pre,0.0,PRE,0,11533,Brandon Aubrey,K,9.6,0.0,9.6,9.6,9.6,9.6,0.0,1.0,9.6,,0.0,0
2026-09-13 23:24:46Z,DAL,pre,0.0,PRE,0,6786,CeeDee Lamb,WR,18.3,0.0,18.3,18.3,18.3,18.3,0.0,1.0,18.3,,0.0,0
2026-09-13 23:24:46Z,DAL,pre,0.0,PRE,0,3294,Dak Prescott,QB,18.5,0.0,18.5,18.5,18.5,18.5,0.0,1.0,18.5,,0.0,0
2026-09-13 23:24:46Z,NYG,pre,0.0,PRE,0,13833,Dominic Zvada,K,8.2,0.0,8.2,8.2,8.2,8.2,0.0,1.0,8.2,,0.0,0
2026-09-13 23:24:46Z,DAL,pre,0.0,PRE,0,8110,Jake Ferguson,TE,9.3,0.0,9.3,9.3,9.3,9.3,0.0,1.0,9.3,,0.0,0
2026-09-13 23:24:46Z,NYG,pre,0.0,PRE,0,8131,Isaiah Likely,TE,10.7,0.0,10.7,10.7,10.7,10.7,0.0,1.0,10.7,,0.0,0
2026-09-13 23:24:46Z,DAL,pre,0.0,PRE,0,DAL,Dallas Cowboys D/ST,DST,6.5,0.0,6.5,6.5,6.5,6.5,0.0,1.0,6.5,,0.0,0
2026-09-13 23:24:46Z,DAL,pre,0.0,PRE,0,8137,George Pickens,WR,15.2,0.0,15.2,15.2,15.2,15.2,0.0,1.0,15.2,,0.0,0
2026-09-13 23:24:46Z,NYG,pre,0.0,PRE,0,11597,Theo Johnson,TE,4.3,0.0,4.3,4.3,4.3,4.3,0.0,1.0,4.3,,0.0,0
2026-09-13 23:24:46Z,NYG,pre,0.0,PRE,0,12508,Jaxson Dart,QB,20.5,0.0,20.5,20.5,20.5,20.5,0.0,1.0,20.5,,0.0,0
2026-09-13 23:24:46Z,NYG,pre,0.0,PRE,0,13285,Malachi Fields,WR,6.2,0.0,6.2,6.2,6.2,6.2,0.0,1.0,6.2,,0.0,0
2026-09-13 23:24:46Z,DAL,pre,0.0,PRE,0,8917,KaVontae Turpin,WR,4.3,0.0,4.3,4.3,4.3,4.3,0.0,1.0,4.3,,0.0,0
2026-09-13 23:24:46Z,NYG,pre,0.0,PRE,0,11655,Tyrone Tracy,RB,2.4,0.0,2.4,2.4,2.4,2.4,0.0,1.0,2.4,,0.0,0
2026-09-13 23:24:46Z,NYG,pre,0.0,PRE,0,11632,Malik Nabers,WR,16.5,0.0,16.5,16.5,16.5,16.5,0.0,1.0,16.5,,0.0,0
2026-09-13 23:24:46Z,NYG,pre,0.0,PRE,0,7090,Darnell Mooney,WR,5.6,0.0,5.6,5.6,5.6,5.6,0.0,1.0,5.6,,0.0,0
2026-09-13 23:24:46Z,NYG,pre,0.0,PRE,0,2306,Jameis Winston,QB,0.5,0.0,0.5,0.5,0.5,0.5,0.0,1.0,0.5,,0.0,0
2026-09-13 23:24:46Z,DAL,pre,0.0,PRE,0,11593,Brevyn Spann-Ford,TE,0.5,0.0,0.5,0.5,0.5,0.5,0.0,1.0,0.5,,0.0,0
2026-09-13 23:24:46Z,NYG,pre,0.0,PRE,0,2078,Odell Beckham,WR,4.3,0.0,4.3,4.3,4.3,4.3,0.0,1.0,4.3,,0.0,0
2026-09-13 23:24:46Z,NYG,pre,0.0,PRE,0,12481,Cam Skattebo,RB,14.1,0.0,14.1,14.1,14.1,14.1,0.0,1.0,14.1,,0.0,0
2026-09-13 23:24:46Z,DAL,pre,0.0,PRE,0,11199,Emari Demercado,RB,1.8,0.0,1.8,1.8,1.8,1.8,0.0,1.0,1.8,,0.0,0
2026-09-13 23:24:46Z,NYG,pre,0.0,PRE,0,NYG,New York Giants D/ST,DST,5.2,0.0,5.2,5.2,5.2,5.2,0.0,1.0,5.2,,0.0,0
2026-09-13 23:24:46Z,NYG,pre,0.0,PRE,0,7528,Najee Harris,RB,4.2,0.0,4.2,4.2,4.2,4.2,0.0,1.0,4.2,,0.0,0
2026-09-13 23:24:46Z,DAL,pre,0.0,PRE,0,8162,Sam Howell,QB,0.6,0.0,0.6,0.6,0.6,0.6,0.0,1.0,0.6,,0.0,0
2026-09-13 23:24:46Z,DAL,pre,0.0,PRE,0,11783,Ryan Flournoy,WR,7.4,0.0,7.4,7.4,7.4,7.4,0.0,1.0,7.4,,0.0,0
2026-09-13 23:24:46Z,DAL,pre,0.0,PRE,0,10871,Luke Schoonmaker,TE,1.7,0.0,1.7,1.7,1.7,1.7,0.0,1.0,1.7,,0.0,0
2026-09-13 23:24:46Z,DAL,pre,0.0,PRE,0,7588,Javonte Williams,RB,16.9,0.0,16.9,16.9,16.9,16.9,0.0,1.0,16.9,,0.0,0
2026-09-13 23:26:46Z,DAL,pre,0.0,PRE,0,11533,Brandon Aubrey,K,9.6,0.0,9.6,9.6,9.6,9.6,0.0,1.0,9.6,,0.0,0
2026-09-13 23:26:46Z,DAL,pre,0.0,PRE,0,6786,CeeDee Lamb,WR,18.3,0.0,18.3,18.3,18.3,18.3,0.0,1.0,18.3,,0.0,0
2026-09-13 23:26:46Z,DAL,pre,0.0,PRE,0,3294,Dak Prescott,QB,18.5,0.0,18.5,18.5,18.5,18.5,0.0,1.0,18.5,,0.0,0
2026-09-13 23:26:46Z,NYG,pre,0.0,PRE,0,13833,Dominic Zvada,K,8.2,0.0,8.2,8.2,8.2,8.2,0.0,1.0,8.2,,0.0,0
2026-09-13 23:26:46Z,DAL,pre,0.0,PRE,0,8110,Jake Ferguson,TE,9.3,0.0,9.3,9.3,9.3,9.3,0.0,1.0,9.3,,0.0,0
2026-09-13 23:26:46Z,NYG,pre,0.0,PRE,0,8131,Isaiah Likely,TE,10.7,0.0,10.7,10.7,10.7,10.7,0.0,1.0,10.7,,0.0,0
2026-09-13 23:26:46Z,DAL,pre,0.0,PRE,0,DAL,Dallas Cowboys D/ST,DST,6.5,0.0,6.5,6.5,6.5,6.5,0.0,1.0,6.5,,0.0,0
2026-09-13 23:26:46Z,DAL,pre,0.0,PRE,0,8137,George Pickens,WR,15.2,0.0,15.2,15.2,15.2,15.2,0.0,1.0,15.2,,0.0,0
2026-09-13 23:26:46Z,NYG,pre,0.0,PRE,0,11597,Theo Johnson,TE,4.3,0.0,4.3,4.3,4.3,4.3,0.0,1.0,4.3,,0.0,0
2026-09-13 23:26:46Z,NYG,pre,0.0,PRE,0,12508,Jaxson Dart,QB,20.5,0.0,20.5,20.5,20.5,20.5,0.0,1.0,20.5,,0.0,0
2026-09-13 23:26:46Z,NYG,pre,0.0,PRE,0,13285,Malachi Fields,WR,6.2,0.0,6.2,6.2,6.2,6.2,0.0,1.0,6.2,,0.0,0
2026-09-13 23:26:46Z,DAL,pre,0.0,PRE,0,8917,KaVontae Turpin,WR,4.3,0.0,4.3,4.3,4.3,4.3,0.0,1.0,4.3,,0.0,0
2026-09-13 23:26:46Z,NYG,pre,0.0,PRE,0,11655,Tyrone Tracy,RB,2.4,0.0,2.4,2.4,2.4,2.4,0.0,1.0,2.4,,0.0,0
2026-09-13 23:26:46Z,NYG,pre,0.0,PRE,0,11632,Malik Nabers,WR,16.5,0.0,16.5,16.5,16.5,16.5,0.0,1.0,16.5,,0.0,0
2026-09-13 23:26:46Z,NYG,pre,0.0,PRE,0,7090,Darnell Mooney,WR,5.6,0.0,5.6,5.6,5.6,5.6,0.0,1.0,5.6,,0.0,0
2026-09-13 23:26:46Z,NYG,pre,0.0,PRE,0,2306,Jameis Winston,QB,0.5,0.0,0.5,0.5,0.5,0.5,0.0,1.0,0.5,,0.0,0
2026-09-13 23:26:46Z,DAL,pre,0.0,PRE,0,11593,Brevyn Spann-Ford,TE,0.5,0.0,0.5,0.5,0.5,0.5,0.0,1.0,0.5,,0.0,0
2026-09-13 23:26:46Z,NYG,pre,0.0,PRE,0,2078,Odell Beckham,WR,4.3,0.0,4.3,4.3,4.3,4.3,0.0,1.0,4.3,,0.0,0
2026-09-13 23:26:46Z,NYG,pre,0.0,PRE,0,12481,Cam Skattebo,RB,14.1,0.0,14.1,14.1,14.1,14.1,0.0,1.0,14.1,,0.0,0
2026-09-13 23:26:46Z,DAL,pre,0.0,PRE,0,11199,Emari Demercado,RB,1.8,0.0,1.8,1.8,1.8,1.8,0.0,1.0,1.8,,0.0,0
2026-09-13 23:26:46Z,NYG,pre,0.0,PRE,0,NYG,New York Giants D/ST,DST,5.2,0.0,5.2,5.2,5.2,5.2,0.0,1.0,5.2,,0.0,0
2026-09-13 23:26:46Z,NYG,pre,0.0,PRE,0,7528,Najee Harris,RB,4.2,0.0,4.2,4.2,4.2,4.2,0.0,1.0,4.2,,0.0,0
2026-09-13 23:26:46Z,DAL,pre,0.0,PRE,0,8162,Sam Howell,QB,0.6,0.0,0.6,0.6,0.6,0.6,0.0,1.0,0.6,,0.0,0
2026-09-13 23:26:46Z,DAL,pre,0.0,PRE,0,11783,Ryan Flournoy,WR,7.4,0.0,7.4,7.4,7.4,7.4,0.0,1.0,7.4,,0.0,0
2026-09-13 23:26:46Z,DAL,pre,0.0,PRE,0,10871,Luke Schoonmaker,TE,1.7,0.0,1.7,1.7,1.7,1.7,0.0,1.0,1.7,,0.0,0
2026-09-13 23:26:46Z,DAL,pre,0.0,PRE,0,7588,Javonte Williams,RB,16.9,0.0,16.9,16.9,16.9,16.9,0.0,1.0,16.9,,0.0,0
2026-09-13 23:28:46Z,DAL,pre,0.0,PRE,0,11533,Brandon Aubrey,K,9.6,0.0,9.6,9.6,9.6,9.6,0.0,1.0,9.6,,0.0,0
2026-09-13 23:28:46Z,DAL,pre,0.0,PRE,0,6786,CeeDee Lamb,WR,18.3,0.0,18.3,18.3,18.3,18.3,0.0,1.0,18.3,,0.0,0
2026-09-13 23:28:46Z,DAL,pre,0.0,PRE,0,3294,Dak Prescott,QB,18.5,0.0,18.5,18.5,18.5,18.5,0.0,1.0,18.5,,0.0,0
2026-09-13 23:28:46Z,NYG,pre,0.0,PRE,0,13833,Dominic Zvada,K,8.2,0.0,8.2,8.2,8.2,8.2,0.0,1.0,8.2,,0.0,0
2026-09-13 23:28:46Z,DAL,pre,0.0,PRE,0,8110,Jake Ferguson,TE,9.3,0.0,9.3,9.3,9.3,9.3,0.0,1.0,9.3,,0.0,0
2026-09-13 23:28:46Z,NYG,pre,0.0,PRE,0,8131,Isaiah Likely,TE,10.7,0.0,10.7,10.7,10.7,10.7,0.0,1.0,10.7,,0.0,0
2026-09-13 23:28:46Z,DAL,pre,0.0,PRE,0,DAL,Dallas Cowboys D/ST,DST,6.5,0.0,6.5,6.5,6.5,6.5,0.0,1.0,6.5,,0.0,0
2026-09-13 23:28:46Z,DAL,pre,0.0,PRE,0,8137,George Pickens,WR,15.2,0.0,15.2,15.2,15.2,15.2,0.0,1.0,15.2,,0.0,0
2026-09-13 23:28:46Z,NYG,pre,0.0,PRE,0,11597,Theo Johnson,TE,4.3,0.0,4.3,4.3,4.3,4.3,0.0,1.0,4.3,,0.0,0
2026-09-13 23:28:46Z,NYG,pre,0.0,PRE,0,12508,Jaxson Dart,QB,20.5,0.0,20.5,20.5,20.5,20.5,0.0,1.0,20.5,,0.0,0
2026-09-13 23:28:46Z,NYG,pre,0.0,PRE,0,13285,Malachi Fields,WR,6.2,0.0,6.2,6.2,6.2,6.2,0.0,1.0,6.2,,0.0,0
2026-09-13 23:28:46Z,DAL,pre,0.0,PRE,0,8917,KaVontae Turpin,WR,4.3,0.0,4.3,4.3,4.3,4.3,0.0,1.0,4.3,,0.0,0
2026-09-13 23:28:46Z,NYG,pre,0.0,PRE,0,11655,Tyrone Tracy,RB,2.4,0.0,2.4,2.4,2.4,2.4,0.0,1.0,2.4,,0.0,0
2026-09-13 23:28:46Z,NYG,pre,0.0,PRE,0,11632,Malik Nabers,WR,16.5,0.0,16.5,16.5,16.5,16.5,0.0,1.0,16.5,,0.0,0
2026-09-13 23:28:46Z,NYG,pre,0.0,PRE,0,7090,Darnell Mooney,WR,5.6,0.0,5.6,5.6,5.6,5.6,0.0,1.0,5.6,,0.0,0
2026-09-13 23:28:46Z,NYG,pre,0.0,PRE,0,2306,Jameis Winston,QB,0.5,0.0,0.5,0.5,0.5,0.5,0.0,1.0,0.5,,0.0,0
2026-09-13 23:28:46Z,DAL,pre,0.0,PRE,0,11593,Brevyn Spann-Ford,TE,0.5,0.0,0.5,0.5,0.5,0.5,0.0,1.0,0.5,,0.0,0
2026-09-13 23:28:46Z,NYG,pre,0.0,PRE,0,2078,Odell Beckham,WR,4.3,0.0,4.3,4.3,4.3,4.3,0.0,1.0,4.3,,0.0,0
2026-09-13 23:28:46Z,NYG,pre,0.0,PRE,0,12481,Cam Skattebo,RB,14.1,0.0,14.1,14.1,14.1,14.1,0.0,1.0,14.1,,0.0,0
2026-09-13 23:28:46Z,DAL,pre,0.0,PRE,0,11199,Emari Demercado,RB,1.8,0.0,1.8,1.8,1.8,1.8,0.0,1.0,1.8,,0.0,0
2026-09-13 23:28:46Z,NYG,pre,0.0,PRE,0,NYG,New York Giants D/ST,DST,5.2,0.0,5.2,5.2,5.2,5.2,0.0,1.0,5.2,,0.0,0
2026-09-13 23:28:46Z,NYG,pre,0.0,PRE,0,7528,Najee Harris,RB,4.2,0.0,4.2,4.2,4.2,4.2,0.0,1.0,4.2,,0.0,0
2026-09-13 23:28:46Z,DAL,pre,0.0,PRE,0,8162,Sam Howell,QB,0.6,0.0,0.6,0.6,0.6,0.6,0.0,1.0,0.6,,0.0,0
2026-09-13 23:28:46Z,DAL,pre,0.0,PRE,0,11783,Ryan Flournoy,WR,7.4,0.0,7.4,7.4,7.4,7.4,0.0,1.0,7.4,,0.0,0
2026-09-13 23:28:46Z,DAL,pre,0.0,PRE,0,10871,Luke Schoonmaker,TE,1.7,0.0,1.7,1.7,1.7,1.7,0.0,1.0,1.7,,0.0,0
2026-09-13 23:28:46Z,DAL,pre,0.0,PRE,0,7588,Javonte Williams,RB,16.9,0.0,16.9,16.9,16.9,16.9,0.0,1.0,16.9,,0.0,0
2026-09-13 23:30:47Z,DAL,pre,0.0,PRE,0,11533,Brandon Aubrey,K,9.6,0.0,9.6,9.6,9.6,9.6,0.0,1.0,9.6,,0.0,0
2026-09-13 23:30:47Z,DAL,pre,0.0,PRE,0,6786,CeeDee Lamb,WR,18.3,0.0,18.3,18.3,18.3,18.3,0.0,1.0,18.3,,0.0,0
2026-09-13 23:30:47Z,DAL,pre,0.0,PRE,0,3294,Dak Prescott,QB,18.5,0.0,18.5,18.5,18.5,18.5,0.0,1.0,18.5,,0.0,0
2026-09-13 23:30:47Z,NYG,pre,0.0,PRE,0,13833,Dominic Zvada,K,8.2,0.0,8.2,8.2,8.2,8.2,0.0,1.0,8.2,,0.0,0
2026-09-13 23:30:47Z,DAL,pre,0.0,PRE,0,8110,Jake Ferguson,TE,9.3,0.0,9.3,9.3,9.3,9.3,0.0,1.0,9.3,,0.0,0
2026-09-13 23:30:47Z,NYG,pre,0.0,PRE,0,8131,Isaiah Likely,TE,10.7,0.0,10.7,10.7,10.7,10.7,0.0,1.0,10.7,,0.0,0
2026-09-13 23:30:47Z,DAL,pre,0.0,PRE,0,DAL,Dallas Cowboys D/ST,DST,6.5,0.0,6.5,6.5,6.5,6.5,0.0,1.0,6.5,,0.0,0
2026-09-13 23:30:47Z,DAL,pre,0.0,PRE,0,8137,George Pickens,WR,15.2,0.0,15.2,15.2,15.2,15.2,0.0,1.0,15.2,,0.0,0
2026-09-13 23:30:47Z,NYG,pre,0.0,PRE,0,11597,Theo Johnson,TE,4.3,0.0,4.3,4.3,4.3,4.3,0.0,1.0,4.3,,0.0,0
2026-09-13 23:30:47Z,NYG,pre,0.0,PRE,0,12508,Jaxson Dart,QB,20.5,0.0,20.5,20.5,20.5,20.5,0.0,1.0,20.5,,0.0,0
2026-09-13 23:30:47Z,NYG,pre,0.0,PRE,0,13285,Malachi Fields,WR,6.2,0.0,6.2,6.2,6.2,6.2,0.0,1.0,6.2,,0.0,0
2026-09-13 23:30:47Z,DAL,pre,0.0,PRE,0,8917,KaVontae Turpin,WR,4.3,0.0,4.3,4.3,4.3,4.3,0.0,1.0,4.3,,0.0,0
2026-09-13 23:30:47Z,NYG,pre,0.0,PRE,0,11655,Tyrone Tracy,RB,2.4,0.0,2.4,2.4,2.4,2.4,0.0,1.0,2.4,,0.0,0
2026-09-13 23:30:47Z,NYG,pre,0.0,PRE,0,11632,Malik Nabers,WR,16.5,0.0,16.5,16.5,16.5,16.5,0.0,1.0,16.5,,0.0,0
2026-09-13 23:30:47Z,NYG,pre,0.0,PRE,0,7090,Darnell Mooney,WR,5.6,0.0,5.6,5.6,5.6,5.6,0.0,1.0,5.6,,0.0,0
2026-09-13 23:30:47Z,NYG,pre,0.0,PRE,0,2306,Jameis Winston,QB,0.5,0.0,0.5,0.5,0.5,0.5,0.0,1.0,0.5,,0.0,0
2026-09-13 23:30:47Z,DAL,pre,0.0,PRE,0,11593,Brevyn Spann-Ford,TE,0.5,0.0,0.5,0.5,0.5,0.5,0.0,1.0,0.5,,0.0,0
2026-09-13 23:30:47Z,NYG,pre,0.0,PRE,0,2078,Odell Beckham,WR,4.3,0.0,4.3,4.3,4.3,4.3,0.0,1.0,4.3,,0.0,0
2026-09-13 23:30:47Z,NYG,pre,0.0,PRE,0,12481,Cam Skattebo,RB,14.1,0.0,14.1,14.1,14.1,14.1,0.0,1.0,14.1,,0.0,0
2026-09-13 23:30:47Z,DAL,pre,0.0,PRE,0,11199,Emari Demercado,RB,1.8,0.0,1.8,1.8,1.8,1.8,0.0,1.0,1.8,,0.0,0
2026-09-13 23:30:47Z,NYG,pre,0.0,PRE,0,NYG,New York Giants D/ST,DST,5.2,0.0,5.2,5.2,5.2,5.2,0.0,1.0,5.2,,0.0,0
2026-09-13 23:30:47Z,NYG,pre,0.0,PRE,0,7528,Najee Harris,RB,4.2,0.0,4.2,4.2,4.2,4.2,0.0,1.0,4.2,,0.0,0
2026-09-13 23:30:47Z,DAL,pre,0.0,PRE,0,8162,Sam Howell,QB,0.6,0.0,0.6,0.6,0.6,0.6,0.0,1.0,0.6,,0.0,0
2026-09-13 23:30:47Z,DAL,pre,0.0,PRE,0,11783,Ryan Flournoy,WR,7.4,0.0,7.4,7.4,7.4,7.4,0.0,1.0,7.4,,0.0,0
2026-09-13 23:30:47Z,DAL,pre,0.0,PRE,0,10871,Luke Schoonmaker,TE,1.7,0.0,1.7,1.7,1.7,1.7,0.0,1.0,1.7,,0.0,0
2026-09-13 23:30:47Z,DAL,pre,0.0,PRE,0,7588,Javonte Williams,RB,16.9,0.0,16.9,16.9,16.9,16.9,0.0,1.0,16.9,,0.0,0
2026-09-13 23:32:47Z,DAL,pre,0.0,PRE,0,11533,Brandon Aubrey,K,9.6,0.0,9.6,9.6,9.6,9.6,0.0,1.0,9.6,,0.0,0
2026-09-13 23:32:47Z,DAL,pre,0.0,PRE,0,6786,CeeDee Lamb,WR,18.3,0.0,18.3,18.3,18.3,18.3,0.0,1.0,18.3,,0.0,0
2026-09-13 23:32:47Z,DAL,pre,0.0,PRE,0,3294,Dak Prescott,QB,18.5,0.0,18.5,18.5,18.5,18.5,0.0,1.0,18.5,,0.0,0
2026-09-13 23:32:47Z,NYG,pre,0.0,PRE,0,13833,Dominic Zvada,K,8.2,0.0,8.2,8.2,8.2,8.2,0.0,1.0,8.2,,0.0,0
2026-09-13 23:32:47Z,DAL,pre,0.0,PRE,0,8110,Jake Ferguson,TE,9.3,0.0,9.3,9.3,9.3,9.3,0.0,1.0,9.3,,0.0,0
2026-09-13 23:32:47Z,NYG,pre,0.0,PRE,0,8131,Isaiah Likely,TE,10.7,0.0,10.7,10.7,10.7,10.7,0.0,1.0,10.7,,0.0,0
2026-09-13 23:32:47Z,DAL,pre,0.0,PRE,0,DAL,Dallas Cowboys D/ST,DST,6.5,0.0,6.5,6.5,6.5,6.5,0.0,1.0,6.5,,0.0,0
2026-09-13 23:32:47Z,DAL,pre,0.0,PRE,0,8137,George Pickens,WR,15.2,0.0,15.2,15.2,15.2,15.2,0.0,1.0,15.2,,0.0,0
2026-09-13 23:32:47Z,NYG,pre,0.0,PRE,0,11597,Theo Johnson,TE,4.3,0.0,4.3,4.3,4.3,4.3,0.0,1.0,4.3,,0.0,0
2026-09-13 23:32:47Z,NYG,pre,0.0,PRE,0,12508,Jaxson Dart,QB,20.5,0.0,20.5,20.5,20.5,20.5,0.0,1.0,20.5,,0.0,0
2026-09-13 23:32:47Z,NYG,pre,0.0,PRE,0,13285,Malachi Fields,WR,6.2,0.0,6.2,6.2,6.2,6.2,0.0,1.0,6.2,,0.0,0
2026-09-13 23:32:47Z,DAL,pre,0.0,PRE,0,8917,KaVontae Turpin,WR,4.3,0.0,4.3,4.3,4.3,4.3,0.0,1.0,4.3,,0.0,0
2026-09-13 23:32:47Z,NYG,pre,0.0,PRE,0,11655,Tyrone Tracy,RB,2.4,0.0,2.4,2.4,2.4,2.4,0.0,1.0,2.4,,0.0,0
2026-09-13 23:32:47Z,NYG,pre,0.0,PRE,0,11632,Malik Nabers,WR,16.5,0.0,16.5,16.5,16.5,16.5,0.0,1.0,16.5,,0.0,0
2026-09-13 23:32:47Z,NYG,pre,0.0,PRE,0,7090,Darnell Mooney,WR,5.6,0.0,5.6,5.6,5.6,5.6,0.0,1.0,5.6,,0.0,0
2026-09-13 23:32:47Z,NYG,pre,0.0,PRE,0,2306,Jameis Winston,QB,0.5,0.0,0.5,0.5,0.5,0.5,0.0,1.0,0.5,,0.0,0
2026-09-13 23:32:47Z,DAL,pre,0.0,PRE,0,11593,Brevyn Spann-Ford,TE,0.5,0.0,0.5,0.5,0.5,0.5,0.0,1.0,0.5,,0.0,0
2026-09-13 23:32:47Z,NYG,pre,0.0,PRE,0,2078,Odell Beckham,WR,4.3,0.0,4.3,4.3,4.3,4.3,0.0,1.0,4.3,,0.0,0
2026-09-13 23:32:47Z,NYG,pre,0.0,PRE,0,12481,Cam Skattebo,RB,14.1,0.0,14.1,14.1,14.1,14.1,0.0,1.0,14.1,,0.0,0
2026-09-13 23:32:47Z,DAL,pre,0.0,PRE,0,11199,Emari Demercado,RB,1.8,0.0,1.8,1.8,1.8,1.8,0.0,1.0,1.8,,0.0,0
2026-09-13 23:32:47Z,NYG,pre,0.0,PRE,0,NYG,New York Giants D/ST,DST,5.2,0.0,5.2,5.2,5.2,5.2,0.0,1.0,5.2,,0.0,0
2026-09-13 23:32:47Z,NYG,pre,0.0,PRE,0,7528,Najee Harris,RB,4.2,0.0,4.2,4.2,4.2,4.2,0.0,1.0,4.2,,0.0,0
2026-09-13 23:32:47Z,DAL,pre,0.0,PRE,0,8162,Sam Howell,QB,0.6,0.0,0.6,0.6,0.6,0.6,0.0,1.0,0.6,,0.0,0
2026-09-13 23:32:47Z,DAL,pre,0.0,PRE,0,11783,Ryan Flournoy,WR,7.4,0.0,7.4,7.4,7.4,7.4,0.0,1.0,7.4,,0.0,0
2026-09-13 23:32:47Z,DAL,pre,0.0,PRE,0,10871,Luke Schoonmaker,TE,1.7,0.0,1.7,1.7,1.7,1.7,0.0,1.0,1.7,,0.0,0
2026-09-13 23:32:47Z,DAL,pre,0.0,PRE,0,7588,Javonte Williams,RB,16.9,0.0,16.9,16.9,16.9,16.9,0.0,1.0,16.9,,0.0,0
2026-09-13 23:34:48Z,DAL,pre,0.0,PRE,0,11533,Brandon Aubrey,K,9.6,0.0,9.6,9.6,9.6,9.6,0.0,1.0,9.6,,0.0,0
2026-09-13 23:34:48Z,DAL,pre,0.0,PRE,0,6786,CeeDee Lamb,WR,18.3,0.0,18.3,18.3,18.3,18.3,0.0,1.0,18.3,,0.0,0
2026-09-13 23:34:48Z,DAL,pre,0.0,PRE,0,3294,Dak Prescott,QB,18.5,0.0,18.5,18.5,18.5,18.5,0.0,1.0,18.5,,0.0,0
2026-09-13 23:34:48Z,NYG,pre,0.0,PRE,0,13833,Dominic Zvada,K,8.2,0.0,8.2,8.2,8.2,8.2,0.0,1.0,8.2,,0.0,0
2026-09-13 23:34:48Z,DAL,pre,0.0,PRE,0,8110,Jake Ferguson,TE,9.3,0.0,9.3,9.3,9.3,9.3,0.0,1.0,9.3,,0.0,0
2026-09-13 23:34:48Z,NYG,pre,0.0,PRE,0,8131,Isaiah Likely,TE,10.7,0.0,10.7,10.7,10.7,10.7,0.0,1.0,10.7,,0.0,0
2026-09-13 23:34:48Z,DAL,pre,0.0,PRE,0,DAL,Dallas Cowboys D/ST,DST,6.5,0.0,6.5,6.5,6.5,6.5,0.0,1.0,6.5,,0.0,0
2026-09-13 23:34:48Z,DAL,pre,0.0,PRE,0,8137,George Pickens,WR,15.2,0.0,15.2,15.2,15.2,15.2,0.0,1.0,15.2,,0.0,0
2026-09-13 23:34:48Z,NYG,pre,0.0,PRE,0,11597,Theo Johnson,TE,4.3,0.0,4.3,4.3,4.3,4.3,0.0,1.0,4.3,,0.0,0
2026-09-13 23:34:48Z,NYG,pre,0.0,PRE,0,12508,Jaxson Dart,QB,20.5,0.0,20.5,20.5,20.5,20.5,0.0,1.0,20.5,,0.0,0
2026-09-13 23:34:48Z,NYG,pre,0.0,PRE,0,13285,Malachi Fields,WR,6.2,0.0,6.2,6.2,6.2,6.2,0.0,1.0,6.2,,0.0,0
2026-09-13 23:34:48Z,DAL,pre,0.0,PRE,0,8917,KaVontae Turpin,WR,4.3,0.0,4.3,4.3,4.3,4.3,0.0,1.0,4.3,,0.0,0
2026-09-13 23:34:48Z,NYG,pre,0.0,PRE,0,11655,Tyrone Tracy,RB,2.4,0.0,2.4,2.4,2.4,2.4,0.0,1.0,2.4,,0.0,0
2026-09-13 23:34:48Z,NYG,pre,0.0,PRE,0,11632,Malik Nabers,WR,16.5,0.0,16.5,16.5,16.5,16.5,0.0,1.0,16.5,,0.0,0
2026-09-13 23:34:48Z,NYG,pre,0.0,PRE,0,7090,Darnell Mooney,WR,5.6,0.0,5.6,5.6,5.6,5.6,0.0,1.0,5.6,,0.0,0
2026-09-13 23:34:48Z,NYG,pre,0.0,PRE,0,2306,Jameis Winston,QB,0.5,0.0,0.5,0.5,0.5,0.5,0.0,1.0,0.5,,0.0,0
2026-09-13 23:34:48Z,DAL,pre,0.0,PRE,0,11593,Brevyn Spann-Ford,TE,0.5,0.0,0.5,0.5,0.5,0.5,0.0,1.0,0.5,,0.0,0
2026-09-13 23:34:48Z,NYG,pre,0.0,PRE,0,2078,Odell Beckham,WR,4.3,0.0,4.3,4.3,4.3,4.3,0.0,1.0,4.3,,0.0,0
2026-09-13 23:34:48Z,NYG,pre,0.0,PRE,0,12481,Cam Skattebo,RB,14.1,0.0,14.1,14.1,14.1,14.1,0.0,1.0,14.1,,0.0,0
2026-09-13 23:34:48Z,DAL,pre,0.0,PRE,0,11199,Emari Demercado,RB,1.8,0.0,1.8,1.8,1.8,1.8,0.0,1.0,1.8,,0.0,0
2026-09-13 23:34:48Z,NYG,pre,0.0,PRE,0,NYG,New York Giants D/ST,DST,5.2,0.0,5.2,5.2,5.2,5.2,0.0,1.0,5.2,,0.0,0
2026-09-13 23:34:48Z,NYG,pre,0.0,PRE,0,7528,Najee Harris,RB,4.2,0.0,4.2,4.2,4.2,4.2,0.0,1.0,4.2,,0.0,0
2026-09-13 23:34:48Z,DAL,pre,0.0,PRE,0,8162,Sam Howell,QB,0.6,0.0,0.6,0.6,0.6,0.6,0.0,1.0,0.6,,0.0,0
2026-09-13 23:34:48Z,DAL,pre,0.0,PRE,0,11783,Ryan Flournoy,WR,7.4,0.0,7.4,7.4,7.4,7.4,0.0,1.0,7.4,,0.0,0
2026-09-13 23:34:48Z,DAL,pre,0.0,PRE,0,10871,Luke Schoonmaker,TE,1.7,0.0,1.7,1.7,1.7,1.7,0.0,1.0,1.7,,0.0,0
2026-09-13 23:34:48Z,DAL,pre,0.0,PRE,0,7588,Javonte Williams,RB,16.9,0.0,16.9,16.9,16.9,16.9,0.0,1.0,16.9,,0.0,0
2026-09-13 23:36:48Z,DAL,pre,0.0,PRE,0,11533,Brandon Aubrey,K,9.6,0.0,9.6,9.6,9.6,9.6,0.0,1.0,9.6,,0.0,0
2026-09-13 23:36:48Z,DAL,pre,0.0,PRE,0,6786,CeeDee Lamb,WR,18.3,0.0,18.3,18.3,18.3,18.3,0.0,1.0,18.3,,0.0,0
2026-09-13 23:36:48Z,DAL,pre,0.0,PRE,0,3294,Dak Prescott,QB,18.5,0.0,18.5,18.5,18.5,18.5,0.0,1.0,18.5,,0.0,0
2026-09-13 23:36:48Z,NYG,pre,0.0,PRE,0,13833,Dominic Zvada,K,8.2,0.0,8.2,8.2,8.2,8.2,0.0,1.0,8.2,,0.0,0
2026-09-13 23:36:48Z,DAL,pre,0.0,PRE,0,8110,Jake Ferguson,TE,9.3,0.0,9.3,9.3,9.3,9.3,0.0,1.0,9.3,,0.0,0
2026-09-13 23:36:48Z,NYG,pre,0.0,PRE,0,8131,Isaiah Likely,TE,10.7,0.0,10.7,10.7,10.7,10.7,0.0,1.0,10.7,,0.0,0
2026-09-13 23:36:48Z,DAL,pre,0.0,PRE,0,DAL,Dallas Cowboys D/ST,DST,6.5,0.0,6.5,6.5,6.5,6.5,0.0,1.0,6.5,,0.0,0
2026-09-13 23:36:48Z,DAL,pre,0.0,PRE,0,8137,George Pickens,WR,15.2,0.0,15.2,15.2,15.2,15.2,0.0,1.0,15.2,,0.0,0
2026-09-13 23:36:48Z,NYG,pre,0.0,PRE,0,11597,Theo Johnson,TE,4.3,0.0,4.3,4.3,4.3,4.3,0.0,1.0,4.3,,0.0,0
2026-09-13 23:36:48Z,NYG,pre,0.0,PRE,0,12508,Jaxson Dart,QB,20.5,0.0,20.5,20.5,20.5,20.5,0.0,1.0,20.5,,0.0,0
2026-09-13 23:36:48Z,NYG,pre,0.0,PRE,0,13285,Malachi Fields,WR,6.2,0.0,6.2,6.2,6.2,6.2,0.0,1.0,6.2,,0.0,0
2026-09-13 23:36:48Z,DAL,pre,0.0,PRE,0,8917,KaVontae Turpin,WR,4.3,0.0,4.3,4.3,4.3,4.3,0.0,1.0,4.3,,0.0,0
2026-09-13 23:36:48Z,NYG,pre,0.0,PRE,0,11655,Tyrone Tracy,RB,2.4,0.0,2.4,2.4,2.4,2.4,0.0,1.0,2.4,,0.0,0
2026-09-13 23:36:48Z,NYG,pre,0.0,PRE,0,11632,Malik Nabers,WR,16.5,0.0,16.5,16.5,16.5,16.5,0.0,1.0,16.5,,0.0,0
2026-09-13 23:36:48Z,NYG,pre,0.0,PRE,0,7090,Darnell Mooney,WR,5.6,0.0,5.6,5.6,5.6,5.6,0.0,1.0,5.6,,0.0,0
2026-09-13 23:36:48Z,NYG,pre,0.0,PRE,0,2306,Jameis Winston,QB,0.5,0.0,0.5,0.5,0.5,0.5,0.0,1.0,0.5,,0.0,0
2026-09-13 23:36:48Z,DAL,pre,0.0,PRE,0,11593,Brevyn Spann-Ford,TE,0.5,0.0,0.5,0.5,0.5,0.5,0.0,1.0,0.5,,0.0,0
2026-09-13 23:36:48Z,NYG,pre,0.0,PRE,0,2078,Odell Beckham,WR,4.3,0.0,4.3,4.3,4.3,4.3,0.0,1.0,4.3,,0.0,0
2026-09-13 23:36:48Z,NYG,pre,0.0,PRE,0,12481,Cam Skattebo,RB,14.1,0.0,14.1,14.1,14.1,14.1,0.0,1.0,14.1,,0.0,0
2026-09-13 23:36:48Z,DAL,pre,0.0,PRE,0,11199,Emari Demercado,RB,1.8,0.0,1.8,1.8,1.8,1.8,0.0,1.0,1.8,,0.0,0
2026-09-13 23:36:48Z,NYG,pre,0.0,PRE,0,NYG,New York Giants D/ST,DST,5.2,0.0,5.2,5.2,5.2,5.2,0.0,1.0,5.2,,0.0,0
2026-09-13 23:36:48Z,NYG,pre,0.0,PRE,0,7528,Najee Harris,RB,4.2,0.0,4.2,4.2,4.2,4.2,0.0,1.0,4.2,,0.0,0
2026-09-13 23:36:48Z,DAL,pre,0.0,PRE,0,8162,Sam Howell,QB,0.6,0.0,0.6,0.6,0.6,0.6,0.0,1.0,0.6,,0.0,0
2026-09-13 23:36:48Z,DAL,pre,0.0,PRE,0,11783,Ryan Flournoy,WR,7.4,0.0,7.4,7.4,7.4,7.4,0.0,1.0,7.4,,0.0,0
2026-09-13 23:36:48Z,DAL,pre,0.0,PRE,0,10871,Luke Schoonmaker,TE,1.7,0.0,1.7,1.7,1.7,1.7,0.0,1.0,1.7,,0.0,0
2026-09-13 23:36:48Z,DAL,pre,0.0,PRE,0,7588,Javonte Williams,RB,16.9,0.0,16.9,16.9,16.9,16.9,0.0,1.0,16.9,,0.0,0
2026-09-13 23:38:48Z,DAL,pre,0.0,PRE,0,11533,Brandon Aubrey,K,9.6,0.0,9.6,9.6,9.6,9.6,0.0,1.0,9.6,,0.0,0
2026-09-13 23:38:48Z,DAL,pre,0.0,PRE,0,6786,CeeDee Lamb,WR,18.3,0.0,18.3,18.3,18.3,18.3,0.0,1.0,18.3,,0.0,0
2026-09-13 23:38:48Z,DAL,pre,0.0,PRE,0,3294,Dak Prescott,QB,18.5,0.0,18.5,18.5,18.5,18.5,0.0,1.0,18.5,,0.0,0
2026-09-13 23:38:48Z,NYG,pre,0.0,PRE,0,13833,Dominic Zvada,K,8.2,0.0,8.2,8.2,8.2,8.2,0.0,1.0,8.2,,0.0,0
2026-09-13 23:38:48Z,DAL,pre,0.0,PRE,0,8110,Jake Ferguson,TE,9.3,0.0,9.3,9.3,9.3,9.3,0.0,1.0,9.3,,0.0,0
2026-09-13 23:38:48Z,NYG,pre,0.0,PRE,0,8131,Isaiah Likely,TE,10.7,0.0,10.7,10.7,10.7,10.7,0.0,1.0,10.7,,0.0,0
2026-09-13 23:38:48Z,DAL,pre,0.0,PRE,0,DAL,Dallas Cowboys D/ST,DST,6.5,0.0,6.5,6.5,6.5,6.5,0.0,1.0,6.5,,0.0,0
2026-09-13 23:38:48Z,DAL,pre,0.0,PRE,0,8137,George Pickens,WR,15.2,0.0,15.2,15.2,15.2,15.2,0.0,1.0,15.2,,0.0,0
2026-09-13 23:38:48Z,NYG,pre,0.0,PRE,0,11597,Theo Johnson,TE,4.3,0.0,4.3,4.3,4.3,4.3,0.0,1.0,4.3,,0.0,0
2026-09-13 23:38:48Z,NYG,pre,0.0,PRE,0,12508,Jaxson Dart,QB,20.5,0.0,20.5,20.5,20.5,20.5,0.0,1.0,20.5,,0.0,0
2026-09-13 23:38:48Z,NYG,pre,0.0,PRE,0,13285,Malachi Fields,WR,6.2,0.0,6.2,6.2,6.2,6.2,0.0,1.0,6.2,,0.0,0
2026-09-13 23:38:48Z,DAL,pre,0.0,PRE,0,8917,KaVontae Turpin,WR,4.3,0.0,4.3,4.3,4.3,4.3,0.0,1.0,4.3,,0.0,0
2026-09-13 23:38:48Z,NYG,pre,0.0,PRE,0,11655,Tyrone Tracy,RB,2.4,0.0,2.4,2.4,2.4,2.4,0.0,1.0,2.4,,0.0,0
2026-09-13 23:38:48Z,NYG,pre,0.0,PRE,0,11632,Malik Nabers,WR,16.5,0.0,16.5,16.5,16.5,16.5,0.0,1.0,16.5,,0.0,0
2026-09-13 23:38:48Z,NYG,pre,0.0,PRE,0,7090,Darnell Mooney,WR,5.6,0.0,5.6,5.6,5.6,5.6,0.0,1.0,5.6,,0.0,0
2026-09-13 23:38:48Z,NYG,pre,0.0,PRE,0,2306,Jameis Winston,QB,0.5,0.0,0.5,0.5,0.5,0.5,0.0,1.0,0.5,,0.0,0
2026-09-13 23:38:48Z,DAL,pre,0.0,PRE,0,11593,Brevyn Spann-Ford,TE,0.5,0.0,0.5,0.5,0.5,0.5,0.0,1.0,0.5,,0.0,0
2026-09-13 23:38:48Z,NYG,pre,0.0,PRE,0,2078,Odell Beckham,WR,4.3,0.0,4.3,4.3,4.3,4.3,0.0,1.0,4.3,,0.0,0
2026-09-13 23:38:48Z,NYG,pre,0.0,PRE,0,12481,Cam Skattebo,RB,14.1,0.0,14.1,14.1,14.1,14.1,0.0,1.0,14.1,,0.0,0
2026-09-13 23:38:48Z,DAL,pre,0.0,PRE,0,11199,Emari Demercado,RB,1.8,0.0,1.8,1.8,1.8,1.8,0.0,1.0,1.8,,0.0,0
2026-09-13 23:38:48Z,NYG,pre,0.0,PRE,0,NYG,New York Giants D/ST,DST,5.2,0.0,5.2,5.2,5.2,5.2,0.0,1.0,5.2,,0.0,0
2026-09-13 23:38:48Z,NYG,pre,0.0,PRE,0,7528,Najee Harris,RB,4.2,0.0,4.2,4.2,4.2,4.2,0.0,1.0,4.2,,0.0,0
2026-09-13 23:38:48Z,DAL,pre,0.0,PRE,0,8162,Sam Howell,QB,0.6,0.0,0.6,0.6,0.6,0.6,0.0,1.0,0.6,,0.0,0
2026-09-13 23:38:48Z,DAL,pre,0.0,PRE,0,11783,Ryan Flournoy,WR,7.4,0.0,7.4,7.4,7.4,7.4,0.0,1.0,7.4,,0.0,0
2026-09-13 23:38:48Z,DAL,pre,0.0,PRE,0,10871,Luke Schoonmaker,TE,1.7,0.0,1.7,1.7,1.7,1.7,0.0,1.0,1.7,,0.0,0
2026-09-13 23:38:48Z,DAL,pre,0.0,PRE,0,7588,Javonte Williams,RB,16.9,0.0,16.9,16.9,16.9,16.9,0.0,1.0,16.9,,0.0,0
2026-09-13 23:40:49Z,DAL,pre,0.0,PRE,0,11533,Brandon Aubrey,K,9.6,0.0,9.6,9.6,9.6,9.6,0.0,1.0,9.6,,0.0,0
2026-09-13 23:40:49Z,DAL,pre,0.0,PRE,0,6786,CeeDee Lamb,WR,18.3,0.0,18.3,18.3,18.3,18.3,0.0,1.0,18.3,,0.0,0
2026-09-13 23:40:49Z,DAL,pre,0.0,PRE,0,3294,Dak Prescott,QB,18.5,0.0,18.5,18.5,18.5,18.5,0.0,1.0,18.5,,0.0,0
2026-09-13 23:40:49Z,NYG,pre,0.0,PRE,0,13833,Dominic Zvada,K,8.2,0.0,8.2,8.2,8.2,8.2,0.0,1.0,8.2,,0.0,0
2026-09-13 23:40:49Z,DAL,pre,0.0,PRE,0,8110,Jake Ferguson,TE,9.3,0.0,9.3,9.3,9.3,9.3,0.0,1.0,9.3,,0.0,0
2026-09-13 23:40:49Z,NYG,pre,0.0,PRE,0,8131,Isaiah Likely,TE,10.7,0.0,10.7,10.7,10.7,10.7,0.0,1.0,10.7,,0.0,0
2026-09-13 23:40:49Z,DAL,pre,0.0,PRE,0,DAL,Dallas Cowboys D/ST,DST,6.5,0.0,6.5,6.5,6.5,6.5,0.0,1.0,6.5,,0.0,0
2026-09-13 23:40:49Z,DAL,pre,0.0,PRE,0,8137,George Pickens,WR,15.2,0.0,15.2,15.2,15.2,15.2,0.0,1.0,15.2,,0.0,0
2026-09-13 23:40:49Z,NYG,pre,0.0,PRE,0,11597,Theo Johnson,TE,4.3,0.0,4.3,4.3,4.3,4.3,0.0,1.0,4.3,,0.0,0
2026-09-13 23:40:49Z,NYG,pre,0.0,PRE,0,12508,Jaxson Dart,QB,20.5,0.0,20.5,20.5,20.5,20.5,0.0,1.0,20.5,,0.0,0
2026-09-13 23:40:49Z,NYG,pre,0.0,PRE,0,13285,Malachi Fields,WR,6.2,0.0,6.2,6.2,6.2,6.2,0.0,1.0,6.2,,0.0,0
2026-09-13 23:40:49Z,DAL,pre,0.0,PRE,0,8917,KaVontae Turpin,WR,4.3,0.0,4.3,4.3,4.3,4.3,0.0,1.0,4.3,,0.0,0
2026-09-13 23:40:49Z,NYG,pre,0.0,PRE,0,11655,Tyrone Tracy,RB,2.4,0.0,2.4,2.4,2.4,2.4,0.0,1.0,2.4,,0.0,0
2026-09-13 23:40:49Z,NYG,pre,0.0,PRE,0,11632,Malik Nabers,WR,16.5,0.0,16.5,16.5,16.5,16.5,0.0,1.0,16.5,,0.0,0
2026-09-13 23:40:49Z,NYG,pre,0.0,PRE,0,7090,Darnell Mooney,WR,5.6,0.0,5.6,5.6,5.6,5.6,0.0,1.0,5.6,,0.0,0
2026-09-13 23:40:49Z,NYG,pre,0.0,PRE,0,2306,Jameis Winston,QB,0.5,0.0,0.5,0.5,0.5,0.5,0.0,1.0,0.5,,0.0,0
2026-09-13 23:40:49Z,DAL,pre,0.0,PRE,0,11593,Brevyn Spann-Ford,TE,0.5,0.0,0.5,0.5,0.5,0.5,0.0,1.0,0.5,,0.0,0
2026-09-13 23:40:49Z,NYG,pre,0.0,PRE,0,2078,Odell Beckham,WR,4.3,0.0,4.3,4.3,4.3,4.3,0.0,1.0,4.3,,0.0,0
2026-09-13 23:40:49Z,NYG,pre,0.0,PRE,0,12481,Cam Skattebo,RB,14.1,0.0,14.1,14.1,14.1,14.1,0.0,1.0,14.1,,0.0,0
2026-09-13 23:40:49Z,DAL,pre,0.0,PRE,0,11199,Emari Demercado,RB,1.8,0.0,1.8,1.8,1.8,1.8,0.0,1.0,1.8,,0.0,0
2026-09-13 23:40:49Z,NYG,pre,0.0,PRE,0,NYG,New York Giants D/ST,DST,5.2,0.0,5.2,5.2,5.2,5.2,0.0,1.0,5.2,,0.0,0
2026-09-13 23:40:49Z,NYG,pre,0.0,PRE,0,7528,Najee Harris,RB,4.2,0.0,4.2,4.2,4.2,4.2,0.0,1.0,4.2,,0.0,0
2026-09-13 23:40:49Z,DAL,pre,0.0,PRE,0,8162,Sam Howell,QB,0.6,0.0,0.6,0.6,0.6,0.6,0.0,1.0,0.6,,0.0,0
2026-09-13 23:40:49Z,DAL,pre,0.0,PRE,0,11783,Ryan Flournoy,WR,7.4,0.0,7.4,7.4,7.4,7.4,0.0,1.0,7.4,,0.0,0
2026-09-13 23:40:49Z,DAL,pre,0.0,PRE,0,10871,Luke Schoonmaker,TE,1.7,0.0,1.7,1.7,1.7,1.7,0.0,1.0,1.7,,0.0,0
2026-09-13 23:40:49Z,DAL,pre,0.0,PRE,0,7588,Javonte Williams,RB,16.9,0.0,16.9,16.9,16.9,16.9,0.0,1.0,16.9,,0.0,0
2026-09-13 23:42:49Z,DAL,pre,0.0,PRE,0,11533,Brandon Aubrey,K,9.6,0.0,9.6,9.6,9.6,9.6,0.0,1.0,9.6,,0.0,0
2026-09-13 23:42:49Z,DAL,pre,0.0,PRE,0,6786,CeeDee Lamb,WR,18.3,0.0,18.3,18.3,18.3,18.3,0.0,1.0,18.3,,0.0,0
2026-09-13 23:42:49Z,DAL,pre,0.0,PRE,0,3294,Dak Prescott,QB,18.5,0.0,18.5,18.5,18.5,18.5,0.0,1.0,18.5,,0.0,0
2026-09-13 23:42:49Z,NYG,pre,0.0,PRE,0,13833,Dominic Zvada,K,8.2,0.0,8.2,8.2,8.2,8.2,0.0,1.0,8.2,,0.0,0
2026-09-13 23:42:49Z,DAL,pre,0.0,PRE,0,8110,Jake Ferguson,TE,9.3,0.0,9.3,9.3,9.3,9.3,0.0,1.0,9.3,,0.0,0
2026-09-13 23:42:49Z,NYG,pre,0.0,PRE,0,8131,Isaiah Likely,TE,10.7,0.0,10.7,10.7,10.7,10.7,0.0,1.0,10.7,,0.0,0
2026-09-13 23:42:49Z,DAL,pre,0.0,PRE,0,DAL,Dallas Cowboys D/ST,DST,6.5,0.0,6.5,6.5,6.5,6.5,0.0,1.0,6.5,,0.0,0
2026-09-13 23:42:49Z,DAL,pre,0.0,PRE,0,8137,George Pickens,WR,15.2,0.0,15.2,15.2,15.2,15.2,0.0,1.0,15.2,,0.0,0
2026-09-13 23:42:49Z,NYG,pre,0.0,PRE,0,11597,Theo Johnson,TE,4.3,0.0,4.3,4.3,4.3,4.3,0.0,1.0,4.3,,0.0,0
2026-09-13 23:42:49Z,NYG,pre,0.0,PRE,0,12508,Jaxson Dart,QB,20.5,0.0,20.5,20.5,20.5,20.5,0.0,1.0,20.5,,0.0,0
2026-09-13 23:42:49Z,NYG,pre,0.0,PRE,0,13285,Malachi Fields,WR,6.2,0.0,6.2,6.2,6.2,6.2,0.0,1.0,6.2,,0.0,0
2026-09-13 23:42:49Z,DAL,pre,0.0,PRE,0,8917,KaVontae Turpin,WR,4.3,0.0,4.3,4.3,4.3,4.3,0.0,1.0,4.3,,0.0,0
2026-09-13 23:42:49Z,NYG,pre,0.0,PRE,0,11655,Tyrone Tracy,RB,2.4,0.0,2.4,2.4,2.4,2.4,0.0,1.0,2.4,,0.0,0
2026-09-13 23:42:49Z,NYG,pre,0.0,PRE,0,11632,Malik Nabers,WR,16.5,0.0,16.5,16.5,16.5,16.5,0.0,1.0,16.5,,0.0,0
2026-09-13 23:42:49Z,NYG,pre,0.0,PRE,0,7090,Darnell Mooney,WR,5.6,0.0,5.6,5.6,5.6,5.6,0.0,1.0,5.6,,0.0,0
2026-09-13 23:42:49Z,NYG,pre,0.0,PRE,0,2306,Jameis Winston,QB,0.5,0.0,0.5,0.5,0.5,0.5,0.0,1.0,0.5,,0.0,0
2026-09-13 23:42:49Z,DAL,pre,0.0,PRE,0,11593,Brevyn Spann-Ford,TE,0.5,0.0,0.5,0.5,0.5,0.5,0.0,1.0,0.5,,0.0,0
2026-09-13 23:42:49Z,NYG,pre,0.0,PRE,0,2078,Odell Beckham,WR,4.3,0.0,4.3,4.3,4.3,4.3,0.0,1.0,4.3,,0.0,0
2026-09-13 23:42:49Z,NYG,pre,0.0,PRE,0,12481,Cam Skattebo,RB,14.1,0.0,14.1,14.1,14.1,14.1,0.0,1.0,14.1,,0.0,0
2026-09-13 23:42:49Z,DAL,pre,0.0,PRE,0,11199,Emari Demercado,RB,1.8,0.0,1.8,1.8,1.8,1.8,0.0,1.0,1.8,,0.0,0
2026-09-13 23:42:49Z,NYG,pre,0.0,PRE,0,NYG,New York Giants D/ST,DST,5.2,0.0,5.2,5.2,5.2,5.2,0.0,1.0,5.2,,0.0,0
2026-09-13 23:42:49Z,NYG,pre,0.0,PRE,0,7528,Najee Harris,RB,4.2,0.0,4.2,4.2,4.2,4.2,0.0,1.0,4.2,,0.0,0
2026-09-13 23:42:49Z,DAL,pre,0.0,PRE,0,8162,Sam Howell,QB,0.6,0.0,0.6,0.6,0.6,0.6,0.0,1.0,0.6,,0.0,0
2026-09-13 23:42:49Z,DAL,pre,0.0,PRE,0,11783,Ryan Flournoy,WR,7.4,0.0,7.4,7.4,7.4,7.4,0.0,1.0,7.4,,0.0,0
2026-09-13 23:42:49Z,DAL,pre,0.0,PRE,0,10871,Luke Schoonmaker,TE,1.7,0.0,1.7,1.7,1.7,1.7,0.0,1.0,1.7,,0.0,0
2026-09-13 23:42:49Z,DAL,pre,0.0,PRE,0,7588,Javonte Williams,RB,16.9,0.0,16.9,16.9,16.9,16.9,0.0,1.0,16.9,,0.0,0
2026-09-13 23:44:50Z,DAL,pre,0.0,PRE,0,11533,Brandon Aubrey,K,9.6,0.0,9.6,9.6,9.6,9.6,0.0,1.0,9.6,,0.0,0
2026-09-13 23:44:50Z,DAL,pre,0.0,PRE,0,6786,CeeDee Lamb,WR,18.3,0.0,18.3,18.3,18.3,18.3,0.0,1.0,18.3,,0.0,0
2026-09-13 23:44:50Z,DAL,pre,0.0,PRE,0,3294,Dak Prescott,QB,18.5,0.0,18.5,18.5,18.5,18.5,0.0,1.0,18.5,,0.0,0
2026-09-13 23:44:50Z,NYG,pre,0.0,PRE,0,13833,Dominic Zvada,K,8.2,0.0,8.2,8.2,8.2,8.2,0.0,1.0,8.2,,0.0,0
2026-09-13 23:44:50Z,DAL,pre,0.0,PRE,0,8110,Jake Ferguson,TE,9.3,0.0,9.3,9.3,9.3,9.3,0.0,1.0,9.3,,0.0,0
2026-09-13 23:44:50Z,NYG,pre,0.0,PRE,0,8131,Isaiah Likely,TE,10.7,0.0,10.7,10.7,10.7,10.7,0.0,1.0,10.7,,0.0,0
2026-09-13 23:44:50Z,DAL,pre,0.0,PRE,0,DAL,Dallas Cowboys D/ST,DST,6.5,0.0,6.5,6.5,6.5,6.5,0.0,1.0,6.5,,0.0,0
2026-09-13 23:44:50Z,DAL,pre,0.0,PRE,0,8137,George Pickens,WR,15.2,0.0,15.2,15.2,15.2,15.2,0.0,1.0,15.2,,0.0,0
2026-09-13 23:44:50Z,NYG,pre,0.0,PRE,0,11597,Theo Johnson,TE,4.3,0.0,4.3,4.3,4.3,4.3,0.0,1.0,4.3,,0.0,0
2026-09-13 23:44:50Z,NYG,pre,0.0,PRE,0,12508,Jaxson Dart,QB,20.5,0.0,20.5,20.5,20.5,20.5,0.0,1.0,20.5,,0.0,0
2026-09-13 23:44:50Z,NYG,pre,0.0,PRE,0,13285,Malachi Fields,WR,6.2,0.0,6.2,6.2,6.2,6.2,0.0,1.0,6.2,,0.0,0
2026-09-13 23:44:50Z,DAL,pre,0.0,PRE,0,8917,KaVontae Turpin,WR,4.3,0.0,4.3,4.3,4.3,4.3,0.0,1.0,4.3,,0.0,0
2026-09-13 23:44:50Z,NYG,pre,0.0,PRE,0,11655,Tyrone Tracy,RB,2.4,0.0,2.4,2.4,2.4,2.4,0.0,1.0,2.4,,0.0,0
2026-09-13 23:44:50Z,NYG,pre,0.0,PRE,0,11632,Malik Nabers,WR,16.5,0.0,16.5,16.5,16.5,16.5,0.0,1.0,16.5,,0.0,0
2026-09-13 23:44:50Z,NYG,pre,0.0,PRE,0,7090,Darnell Mooney,WR,5.6,0.0,5.6,5.6,5.6,5.6,0.0,1.0,5.6,,0.0,0
2026-09-13 23:44:50Z,NYG,pre,0.0,PRE,0,2306,Jameis Winston,QB,0.5,0.0,0.5,0.5,0.5,0.5,0.0,1.0,0.5,,0.0,0
2026-09-13 23:44:50Z,DAL,pre,0.0,PRE,0,11593,Brevyn Spann-Ford,TE,0.5,0.0,0.5,0.5,0.5,0.5,0.0,1.0,0.5,,0.0,0
2026-09-13 23:44:50Z,NYG,pre,0.0,PRE,0,2078,Odell Beckham,WR,4.3,0.0,4.3,4.3,4.3,4.3,0.0,1.0,4.3,,0.0,0
2026-09-13 23:44:50Z,NYG,pre,0.0,PRE,0,12481,Cam Skattebo,RB,14.1,0.0,14.1,14.1,14.1,14.1,0.0,1.0,14.1,,0.0,0
2026-09-13 23:44:50Z,DAL,pre,0.0,PRE,0,11199,Emari Demercado,RB,1.8,0.0,1.8,1.8,1.8,1.8,0.0,1.0,1.8,,0.0,0
2026-09-13 23:44:50Z,NYG,pre,0.0,PRE,0,NYG,New York Giants D/ST,DST,5.2,0.0,5.2,5.2,5.2,5.2,0.0,1.0,5.2,,0.0,0
2026-09-13 23:44:50Z,NYG,pre,0.0,PRE,0,7528,Najee Harris,RB,4.2,0.0,4.2,4.2,4.2,4.2,0.0,1.0,4.2,,0.0,0
2026-09-13 23:44:50Z,DAL,pre,0.0,PRE,0,8162,Sam Howell,QB,0.6,0.0,0.6,0.6,0.6,0.6,0.0,1.0,0.6,,0.0,0
2026-09-13 23:44:50Z,DAL,pre,0.0,PRE,0,11783,Ryan Flournoy,WR,7.4,0.0,7.4,7.4,7.4,7.4,0.0,1.0,7.4,,0.0,0
2026-09-13 23:44:50Z,DAL,pre,0.0,PRE,0,10871,Luke Schoonmaker,TE,1.7,0.0,1.7,1.7,1.7,1.7,0.0,1.0,1.7,,0.0,0
2026-09-13 23:44:50Z,DAL,pre,0.0,PRE,0,7588,Javonte Williams,RB,16.9,0.0,16.9,16.9,16.9,16.9,0.0,1.0,16.9,,0.0,0
2026-09-13 23:46:50Z,DAL,pre,0.0,PRE,0,11533,Brandon Aubrey,K,9.6,0.0,9.6,9.6,9.6,9.6,0.0,1.0,9.6,,0.0,0
2026-09-13 23:46:50Z,DAL,pre,0.0,PRE,0,6786,CeeDee Lamb,WR,18.3,0.0,18.3,18.3,18.3,18.3,0.0,1.0,18.3,,0.0,0
2026-09-13 23:46:50Z,DAL,pre,0.0,PRE,0,3294,Dak Prescott,QB,18.5,0.0,18.5,18.5,18.5,18.5,0.0,1.0,18.5,,0.0,0
2026-09-13 23:46:50Z,NYG,pre,0.0,PRE,0,13833,Dominic Zvada,K,8.2,0.0,8.2,8.2,8.2,8.2,0.0,1.0,8.2,,0.0,0
2026-09-13 23:46:50Z,DAL,pre,0.0,PRE,0,8110,Jake Ferguson,TE,9.3,0.0,9.3,9.3,9.3,9.3,0.0,1.0,9.3,,0.0,0
2026-09-13 23:46:50Z,NYG,pre,0.0,PRE,0,8131,Isaiah Likely,TE,10.7,0.0,10.7,10.7,10.7,10.7,0.0,1.0,10.7,,0.0,0
2026-09-13 23:46:50Z,DAL,pre,0.0,PRE,0,DAL,Dallas Cowboys D/ST,DST,6.5,0.0,6.5,6.5,6.5,6.5,0.0,1.0,6.5,,0.0,0
2026-09-13 23:46:50Z,DAL,pre,0.0,PRE,0,8137,George Pickens,WR,15.2,0.0,15.2,15.2,15.2,15.2,0.0,1.0,15.2,,0.0,0
2026-09-13 23:46:50Z,NYG,pre,0.0,PRE,0,11597,Theo Johnson,TE,4.3,0.0,4.3,4.3,4.3,4.3,0.0,1.0,4.3,,0.0,0
2026-09-13 23:46:50Z,NYG,pre,0.0,PRE,0,12508,Jaxson Dart,QB,20.5,0.0,20.5,20.5,20.5,20.5,0.0,1.0,20.5,,0.0,0
2026-09-13 23:46:50Z,NYG,pre,0.0,PRE,0,13285,Malachi Fields,WR,6.2,0.0,6.2,6.2,6.2,6.2,0.0,1.0,6.2,,0.0,0
2026-09-13 23:46:50Z,DAL,pre,0.0,PRE,0,8917,KaVontae Turpin,WR,4.3,0.0,4.3,4.3,4.3,4.3,0.0,1.0,4.3,,0.0,0
2026-09-13 23:46:50Z,NYG,pre,0.0,PRE,0,11655,Tyrone Tracy,RB,2.4,0.0,2.4,2.4,2.4,2.4,0.0,1.0,2.4,,0.0,0
2026-09-13 23:46:50Z,NYG,pre,0.0,PRE,0,11632,Malik Nabers,WR,16.5,0.0,16.5,16.5,16.5,16.5,0.0,1.0,16.5,,0.0,0
2026-09-13 23:46:50Z,NYG,pre,0.0,PRE,0,7090,Darnell Mooney,WR,5.6,0.0,5.6,5.6,5.6,5.6,0.0,1.0,5.6,,0.0,0
2026-09-13 23:46:50Z,NYG,pre,0.0,PRE,0,2306,Jameis Winston,QB,0.5,0.0,0.5,0.5,0.5,0.5,0.0,1.0,0.5,,0.0,0
2026-09-13 23:46:50Z,DAL,pre,0.0,PRE,0,11593,Brevyn Spann-Ford,TE,0.5,0.0,0.5,0.5,0.5,0.5,0.0,1.0,0.5,,0.0,0
2026-09-13 23:46:50Z,NYG,pre,0.0,PRE,0,2078,Odell Beckham,WR,4.3,0.0,4.3,4.3,4.3,4.3,0.0,1.0,4.3,,0.0,0
2026-09-13 23:46:50Z,NYG,pre,0.0,PRE,0,12481,Cam Skattebo,RB,14.1,0.0,14.1,14.1,14.1,14.1,0.0,1.0,14.1,,0.0,0
2026-09-13 23:46:50Z,DAL,pre,0.0,PRE,0,11199,Emari Demercado,RB,1.8,0.0,1.8,1.8,1.8,1.8,0.0,1.0,1.8,,0.0,0
2026-09-13 23:46:50Z,NYG,pre,0.0,PRE,0,NYG,New York Giants D/ST,DST,5.2,0.0,5.2,5.2,5.2,5.2,0.0,1.0,5.2,,0.0,0
2026-09-13 23:46:50Z,NYG,pre,0.0,PRE,0,7528,Najee Harris,RB,4.2,0.0,4.2,4.2,4.2,4.2,0.0,1.0,4.2,,0.0,0
2026-09-13 23:46:50Z,DAL,pre,0.0,PRE,0,8162,Sam Howell,QB,0.6,0.0,0.6,0.6,0.6,0.6,0.0,1.0,0.6,,0.0,0
2026-09-13 23:46:50Z,DAL,pre,0.0,PRE,0,11783,Ryan Flournoy,WR,7.4,0.0,7.4,7.4,7.4,7.4,0.0,1.0,7.4,,0.0,0
2026-09-13 23:46:50Z,DAL,pre,0.0,PRE,0,10871,Luke Schoonmaker,TE,1.7,0.0,1.7,1.7,1.7,1.7,0.0,1.0,1.7,,0.0,0
2026-09-13 23:46:50Z,DAL,pre,0.0,PRE,0,7588,Javonte Williams,RB,16.9,0.0,16.9,16.9,16.9,16.9,0.0,1.0,16.9,,0.0,0
2026-09-13 23:48:51Z,DAL,pre,0.0,PRE,0,11533,Brandon Aubrey,K,9.6,0.0,9.6,9.6,9.6,9.6,0.0,1.0,9.6,,0.0,0
2026-09-13 23:48:51Z,DAL,pre,0.0,PRE,0,6786,CeeDee Lamb,WR,18.3,0.0,18.3,18.3,18.3,18.3,0.0,1.0,18.3,,0.0,0
2026-09-13 23:48:51Z,DAL,pre,0.0,PRE,0,3294,Dak Prescott,QB,18.5,0.0,18.5,18.5,18.5,18.5,0.0,1.0,18.5,,0.0,0
2026-09-13 23:48:51Z,NYG,pre,0.0,PRE,0,13833,Dominic Zvada,K,8.2,0.0,8.2,8.2,8.2,8.2,0.0,1.0,8.2,,0.0,0
2026-09-13 23:48:51Z,DAL,pre,0.0,PRE,0,8110,Jake Ferguson,TE,9.3,0.0,9.3,9.3,9.3,9.3,0.0,1.0,9.3,,0.0,0
2026-09-13 23:48:51Z,NYG,pre,0.0,PRE,0,8131,Isaiah Likely,TE,10.7,0.0,10.7,10.7,10.7,10.7,0.0,1.0,10.7,,0.0,0
2026-09-13 23:48:51Z,DAL,pre,0.0,PRE,0,DAL,Dallas Cowboys D/ST,DST,6.5,0.0,6.5,6.5,6.5,6.5,0.0,1.0,6.5,,0.0,0
2026-09-13 23:48:51Z,DAL,pre,0.0,PRE,0,8137,George Pickens,WR,15.2,0.0,15.2,15.2,15.2,15.2,0.0,1.0,15.2,,0.0,0
2026-09-13 23:48:51Z,NYG,pre,0.0,PRE,0,11597,Theo Johnson,TE,4.3,0.0,4.3,4.3,4.3,4.3,0.0,1.0,4.3,,0.0,0
2026-09-13 23:48:51Z,NYG,pre,0.0,PRE,0,12508,Jaxson Dart,QB,20.5,0.0,20.5,20.5,20.5,20.5,0.0,1.0,20.5,,0.0,0
2026-09-13 23:48:51Z,NYG,pre,0.0,PRE,0,13285,Malachi Fields,WR,6.2,0.0,6.2,6.2,6.2,6.2,0.0,1.0,6.2,,0.0,0
2026-09-13 23:48:51Z,DAL,pre,0.0,PRE,0,8917,KaVontae Turpin,WR,4.3,0.0,4.3,4.3,4.3,4.3,0.0,1.0,4.3,,0.0,0
2026-09-13 23:48:51Z,NYG,pre,0.0,PRE,0,11655,Tyrone Tracy,RB,2.4,0.0,2.4,2.4,2.4,2.4,0.0,1.0,2.4,,0.0,0
2026-09-13 23:48:51Z,NYG,pre,0.0,PRE,0,11632,Malik Nabers,WR,16.5,0.0,16.5,16.5,16.5,16.5,0.0,1.0,16.5,,0.0,0
2026-09-13 23:48:51Z,NYG,pre,0.0,PRE,0,7090,Darnell Mooney,WR,5.6,0.0,5.6,5.6,5.6,5.6,0.0,1.0,5.6,,0.0,0
2026-09-13 23:48:51Z,NYG,pre,0.0,PRE,0,2306,Jameis Winston,QB,0.5,0.0,0.5,0.5,0.5,0.5,0.0,1.0,0.5,,0.0,0
2026-09-13 23:48:51Z,DAL,pre,0.0,PRE,0,11593,Brevyn Spann-Ford,TE,0.5,0.0,0.5,0.5,0.5,0.5,0.0,1.0,0.5,,0.0,0
2026-09-13 23:48:51Z,NYG,pre,0.0,PRE,0,2078,Odell Beckham,WR,4.3,0.0,4.3,4.3,4.3,4.3,0.0,1.0,4.3,,0.0,0
2026-09-13 23:48:51Z,NYG,pre,0.0,PRE,0,12481,Cam Skattebo,RB,14.1,0.0,14.1,14.1,14.1,14.1,0.0,1.0,14.1,,0.0,0
2026-09-13 23:48:51Z,DAL,pre,0.0,PRE,0,11199,Emari Demercado,RB,1.8,0.0,1.8,1.8,1.8,1.8,0.0,1.0,1.8,,0.0,0
2026-09-13 23:48:51Z,NYG,pre,0.0,PRE,0,NYG,New York Giants D/ST,DST,5.2,0.0,5.2,5.2,5.2,5.2,0.0,1.0,5.2,,0.0,0
2026-09-13 23:48:51Z,NYG,pre,0.0,PRE,0,7528,Najee Harris,RB,4.2,0.0,4.2,4.2,4.2,4.2,0.0,1.0,4.2,,0.0,0
2026-09-13 23:48:51Z,DAL,pre,0.0,PRE,0,8162,Sam Howell,QB,0.6,0.0,0.6,0.6,0.6,0.6,0.0,1.0,0.6,,0.0,0
2026-09-13 23:48:51Z,DAL,pre,0.0,PRE,0,11783,Ryan Flournoy,WR,7.4,0.0,7.4,7.4,7.4,7.4,0.0,1.0,7.4,,0.0,0
2026-09-13 23:48:51Z,DAL,pre,0.0,PRE,0,10871,Luke Schoonmaker,TE,1.7,0.0,1.7,1.7,1.7,1.7,0.0,1.0,1.7,,0.0,0
2026-09-13 23:48:51Z,DAL,pre,0.0,PRE,0,7588,Javonte Williams,RB,16.9,0.0,16.9,16.9,16.9,16.9,0.0,1.0,16.9,,0.0,0
2026-09-13 23:50:51Z,DAL,pre,0.0,PRE,0,11533,Brandon Aubrey,K,9.6,0.0,9.6,9.6,9.6,9.6,0.0,1.0,9.6,,0.0,0
2026-09-13 23:50:51Z,DAL,pre,0.0,PRE,0,6786,CeeDee Lamb,WR,18.3,0.0,18.3,18.3,18.3,18.3,0.0,1.0,18.3,,0.0,0
2026-09-13 23:50:51Z,DAL,pre,0.0,PRE,0,3294,Dak Prescott,QB,18.5,0.0,18.5,18.5,18.5,18.5,0.0,1.0,18.5,,0.0,0
2026-09-13 23:50:51Z,NYG,pre,0.0,PRE,0,13833,Dominic Zvada,K,8.2,0.0,8.2,8.2,8.2,8.2,0.0,1.0,8.2,,0.0,0
2026-09-13 23:50:51Z,DAL,pre,0.0,PRE,0,8110,Jake Ferguson,TE,9.3,0.0,9.3,9.3,9.3,9.3,0.0,1.0,9.3,,0.0,0
2026-09-13 23:50:51Z,NYG,pre,0.0,PRE,0,8131,Isaiah Likely,TE,10.7,0.0,10.7,10.7,10.7,10.7,0.0,1.0,10.7,,0.0,0
2026-09-13 23:50:51Z,DAL,pre,0.0,PRE,0,DAL,Dallas Cowboys D/ST,DST,6.5,0.0,6.5,6.5,6.5,6.5,0.0,1.0,6.5,,0.0,0
2026-09-13 23:50:51Z,DAL,pre,0.0,PRE,0,8137,George Pickens,WR,15.2,0.0,15.2,15.2,15.2,15.2,0.0,1.0,15.2,,0.0,0
2026-09-13 23:50:51Z,NYG,pre,0.0,PRE,0,11597,Theo Johnson,TE,4.3,0.0,4.3,4.3,4.3,4.3,0.0,1.0,4.3,,0.0,0
2026-09-13 23:50:51Z,NYG,pre,0.0,PRE,0,12508,Jaxson Dart,QB,20.5,0.0,20.5,20.5,20.5,20.5,0.0,1.0,20.5,,0.0,0
2026-09-13 23:50:51Z,NYG,pre,0.0,PRE,0,13285,Malachi Fields,WR,6.2,0.0,6.2,6.2,6.2,6.2,0.0,1.0,6.2,,0.0,0
2026-09-13 23:50:51Z,DAL,pre,0.0,PRE,0,8917,KaVontae Turpin,WR,4.3,0.0,4.3,4.3,4.3,4.3,0.0,1.0,4.3,,0.0,0
2026-09-13 23:50:51Z,NYG,pre,0.0,PRE,0,11655,Tyrone Tracy,RB,2.4,0.0,2.4,2.4,2.4,2.4,0.0,1.0,2.4,,0.0,0
2026-09-13 23:50:51Z,NYG,pre,0.0,PRE,0,11632,Malik Nabers,WR,16.5,0.0,16.5,16.5,16.5,16.5,0.0,1.0,16.5,,0.0,0
2026-09-13 23:50:51Z,NYG,pre,0.0,PRE,0,7090,Darnell Mooney,WR,5.6,0.0,5.6,5.6,5.6,5.6,0.0,1.0,5.6,,0.0,0
2026-09-13 23:50:51Z,NYG,pre,0.0,PRE,0,2306,Jameis Winston,QB,0.5,0.0,0.5,0.5,0.5,0.5,0.0,1.0,0.5,,0.0,0
2026-09-13 23:50:51Z,DAL,pre,0.0,PRE,0,11593,Brevyn Spann-Ford,TE,0.5,0.0,0.5,0.5,0.5,0.5,0.0,1.0,0.5,,0.0,0
2026-09-13 23:50:51Z,NYG,pre,0.0,PRE,0,2078,Odell Beckham,WR,4.3,0.0,4.3,4.3,4.3,4.3,0.0,1.0,4.3,,0.0,0
2026-09-13 23:50:51Z,NYG,pre,0.0,PRE,0,12481,Cam Skattebo,RB,14.1,0.0,14.1,14.1,14.1,14.1,0.0,1.0,14.1,,0.0,0
2026-09-13 23:50:51Z,DAL,pre,0.0,PRE,0,11199,Emari Demercado,RB,1.8,0.0,1.8,1.8,1.8,1.8,0.0,1.0,1.8,,0.0,0
2026-09-13 23:50:51Z,NYG,pre,0.0,PRE,0,NYG,New York Giants D/ST,DST,5.2,0.0,5.2,5.2,5.2,5.2,0.0,1.0,5.2,,0.0,0
2026-09-13 23:50:51Z,NYG,pre,0.0,PRE,0,7528,Najee Harris,RB,4.2,0.0,4.2,4.2,4.2,4.2,0.0,1.0,4.2,,0.0,0
2026-09-13 23:50:51Z,DAL,pre,0.0,PRE,0,8162,Sam Howell,QB,0.6,0.0,0.6,0.6,0.6,0.6,0.0,1.0,0.6,,0.0,0
2026-09-13 23:50:51Z,DAL,pre,0.0,PRE,0,11783,Ryan Flournoy,WR,7.4,0.0,7.4,7.4,7.4,7.4,0.0,1.0,7.4,,0.0,0
2026-09-13 23:50:51Z,DAL,pre,0.0,PRE,0,10871,Luke Schoonmaker,TE,1.7,0.0,1.7,1.7,1.7,1.7,0.0,1.0,1.7,,0.0,0
2026-09-13 23:50:51Z,DAL,pre,0.0,PRE,0,7588,Javonte Williams,RB,16.9,0.0,16.9,16.9,16.9,16.9,0.0,1.0,16.9,,0.0,0
2026-09-13 23:52:51Z,DAL,pre,0.0,PRE,0,11533,Brandon Aubrey,K,9.6,0.0,9.6,9.6,9.6,9.6,0.0,1.0,9.6,,0.0,0
2026-09-13 23:52:51Z,DAL,pre,0.0,PRE,0,6786,CeeDee Lamb,WR,18.3,0.0,18.3,18.3,18.3,18.3,0.0,1.0,18.3,,0.0,0
2026-09-13 23:52:51Z,DAL,pre,0.0,PRE,0,3294,Dak Prescott,QB,18.5,0.0,18.5,18.5,18.5,18.5,0.0,1.0,18.5,,0.0,0
2026-09-13 23:52:51Z,NYG,pre,0.0,PRE,0,13833,Dominic Zvada,K,8.2,0.0,8.2,8.2,8.2,8.2,0.0,1.0,8.2,,0.0,0
2026-09-13 23:52:51Z,DAL,pre,0.0,PRE,0,8110,Jake Ferguson,TE,9.3,0.0,9.3,9.3,9.3,9.3,0.0,1.0,9.3,,0.0,0
2026-09-13 23:52:51Z,NYG,pre,0.0,PRE,0,8131,Isaiah Likely,TE,10.7,0.0,10.7,10.7,10.7,10.7,0.0,1.0,10.7,,0.0,0
2026-09-13 23:52:51Z,DAL,pre,0.0,PRE,0,DAL,Dallas Cowboys D/ST,DST,6.5,0.0,6.5,6.5,6.5,6.5,0.0,1.0,6.5,,0.0,0
2026-09-13 23:52:51Z,DAL,pre,0.0,PRE,0,8137,George Pickens,WR,15.2,0.0,15.2,15.2,15.2,15.2,0.0,1.0,15.2,,0.0,0
2026-09-13 23:52:51Z,NYG,pre,0.0,PRE,0,11597,Theo Johnson,TE,4.3,0.0,4.3,4.3,4.3,4.3,0.0,1.0,4.3,,0.0,0
2026-09-13 23:52:51Z,NYG,pre,0.0,PRE,0,12508,Jaxson Dart,QB,20.5,0.0,20.5,20.5,20.5,20.5,0.0,1.0,20.5,,0.0,0
2026-09-13 23:52:51Z,NYG,pre,0.0,PRE,0,13285,Malachi Fields,WR,6.2,0.0,6.2,6.2,6.2,6.2,0.0,1.0,6.2,,0.0,0
2026-09-13 23:52:51Z,DAL,pre,0.0,PRE,0,8917,KaVontae Turpin,WR,4.3,0.0,4.3,4.3,4.3,4.3,0.0,1.0,4.3,,0.0,0
2026-09-13 23:52:51Z,NYG,pre,0.0,PRE,0,11655,Tyrone Tracy,RB,2.4,0.0,2.4,2.4,2.4,2.4,0.0,1.0,2.4,,0.0,0
2026-09-13 23:52:51Z,NYG,pre,0.0,PRE,0,11632,Malik Nabers,WR,16.5,0.0,16.5,16.5,16.5,16.5,0.0,1.0,16.5,,0.0,0
2026-09-13 23:52:51Z,NYG,pre,0.0,PRE,0,7090,Darnell Mooney,WR,5.6,0.0,5.6,5.6,5.6,5.6,0.0,1.0,5.6,,0.0,0
2026-09-13 23:52:51Z,NYG,pre,0.0,PRE,0,2306,Jameis Winston,QB,0.5,0.0,0.5,0.5,0.5,0.5,0.0,1.0,0.5,,0.0,0
2026-09-13 23:52:51Z,DAL,pre,0.0,PRE,0,11593,Brevyn Spann-Ford,TE,0.5,0.0,0.5,0.5,0.5,0.5,0.0,1.0,0.5,,0.0,0
2026-09-13 23:52:51Z,NYG,pre,0.0,PRE,0,2078,Odell Beckham,WR,4.3,0.0,4.3,4.3,4.3,4.3,0.0,1.0,4.3,,0.0,0
2026-09-13 23:52:51Z,NYG,pre,0.0,PRE,0,12481,Cam Skattebo,RB,14.1,0.0,14.1,14.1,14.1,14.1,0.0,1.0,14.1,,0.0,0
2026-09-13 23:52:51Z,DAL,pre,0.0,PRE,0,11199,Emari Demercado,RB,1.8,0.0,1.8,1.8,1.8,1.8,0.0,1.0,1.8,,0.0,0
2026-09-13 23:52:51Z,NYG,pre,0.0,PRE,0,NYG,New York Giants D/ST,DST,5.2,0.0,5.2,5.2,5.2,5.2,0.0,1.0,5.2,,0.0,0
2026-09-13 23:52:51Z,NYG,pre,0.0,PRE,0,7528,Najee Harris,RB,4.2,0.0,4.2,4.2,4.2,4.2,0.0,1.0,4.2,,0.0,0
2026-09-13 23:52:51Z,DAL,pre,0.0,PRE,0,8162,Sam Howell,QB,0.6,0.0,0.6,0.6,0.6,0.6,0.0,1.0,0.6,,0.0,0
2026-09-13 23:52:51Z,DAL,pre,0.0,PRE,0,11783,Ryan Flournoy,WR,7.4,0.0,7.4,7.4,7.4,7.4,0.0,1.0,7.4,,0.0,0
2026-09-13 23:52:51Z,DAL,pre,0.0,PRE,0,10871,Luke Schoonmaker,TE,1.7,0.0,1.7,1.7,1.7,1.7,0.0,1.0,1.7,,0.0,0
2026-09-13 23:52:51Z,DAL,pre,0.0,PRE,0,7588,Javonte Williams,RB,16.9,0.0,16.9,16.9,16.9,16.9,0.0,1.0,16.9,,0.0,0
2026-09-13 23:54:52Z,DAL,pre,0.0,PRE,0,11533,Brandon Aubrey,K,9.6,0.0,9.6,9.6,9.6,9.6,0.0,1.0,9.6,,0.0,0
2026-09-13 23:54:52Z,DAL,pre,0.0,PRE,0,6786,CeeDee Lamb,WR,18.3,0.0,18.3,18.3,18.3,18.3,0.0,1.0,18.3,,0.0,0
2026-09-13 23:54:52Z,DAL,pre,0.0,PRE,0,3294,Dak Prescott,QB,18.5,0.0,18.5,18.5,18.5,18.5,0.0,1.0,18.5,,0.0,0
2026-09-13 23:54:52Z,NYG,pre,0.0,PRE,0,13833,Dominic Zvada,K,8.2,0.0,8.2,8.2,8.2,8.2,0.0,1.0,8.2,,0.0,0
2026-09-13 23:54:52Z,DAL,pre,0.0,PRE,0,8110,Jake Ferguson,TE,9.3,0.0,9.3,9.3,9.3,9.3,0.0,1.0,9.3,,0.0,0
2026-09-13 23:54:52Z,NYG,pre,0.0,PRE,0,8131,Isaiah Likely,TE,10.7,0.0,10.7,10.7,10.7,10.7,0.0,1.0,10.7,,0.0,0
2026-09-13 23:54:52Z,DAL,pre,0.0,PRE,0,DAL,Dallas Cowboys D/ST,DST,6.5,0.0,6.5,6.5,6.5,6.5,0.0,1.0,6.5,,0.0,0
2026-09-13 23:54:52Z,DAL,pre,0.0,PRE,0,8137,George Pickens,WR,15.2,0.0,15.2,15.2,15.2,15.2,0.0,1.0,15.2,,0.0,0
2026-09-13 23:54:52Z,NYG,pre,0.0,PRE,0,11597,Theo Johnson,TE,4.3,0.0,4.3,4.3,4.3,4.3,0.0,1.0,4.3,,0.0,0
2026-09-13 23:54:52Z,NYG,pre,0.0,PRE,0,12508,Jaxson Dart,QB,20.5,0.0,20.5,20.5,20.5,20.5,0.0,1.0,20.5,,0.0,0
2026-09-13 23:54:52Z,NYG,pre,0.0,PRE,0,13285,Malachi Fields,WR,6.2,0.0,6.2,6.2,6.2,6.2,0.0,1.0,6.2,,0.0,0
2026-09-13 23:54:52Z,DAL,pre,0.0,PRE,0,8917,KaVontae Turpin,WR,4.3,0.0,4.3,4.3,4.3,4.3,0.0,1.0,4.3,,0.0,0
2026-09-13 23:54:52Z,NYG,pre,0.0,PRE,0,11655,Tyrone Tracy,RB,2.4,0.0,2.4,2.4,2.4,2.4,0.0,1.0,2.4,,0.0,0
2026-09-13 23:54:52Z,NYG,pre,0.0,PRE,0,11632,Malik Nabers,WR,16.5,0.0,16.5,16.5,16.5,16.5,0.0,1.0,16.5,,0.0,0
2026-09-13 23:54:52Z,NYG,pre,0.0,PRE,0,7090,Darnell Mooney,WR,5.6,0.0,5.6,5.6,5.6,5.6,0.0,1.0,5.6,,0.0,0
2026-09-13 23:54:52Z,NYG,pre,0.0,PRE,0,2306,Jameis Winston,QB,0.5,0.0,0.5,0.5,0.5,0.5,0.0,1.0,0.5,,0.0,0
2026-09-13 23:54:52Z,DAL,pre,0.0,PRE,0,11593,Brevyn Spann-Ford,TE,0.5,0.0,0.5,0.5,0.5,0.5,0.0,1.0,0.5,,0.0,0
2026-09-13 23:54:52Z,NYG,pre,0.0,PRE,0,2078,Odell Beckham,WR,4.3,0.0,4.3,4.3,4.3,4.3,0.0,1.0,4.3,,0.0,0
2026-09-13 23:54:52Z,NYG,pre,0.0,PRE,0,12481,Cam Skattebo,RB,14.1,0.0,14.1,14.1,14.1,14.1,0.0,1.0,14.1,,0.0,0
2026-09-13 23:54:52Z,DAL,pre,0.0,PRE,0,11199,Emari Demercado,RB,1.8,0.0,1.8,1.8,1.8,1.8,0.0,1.0,1.8,,0.0,0
2026-09-13 23:54:52Z,NYG,pre,0.0,PRE,0,NYG,New York Giants D/ST,DST,5.2,0.0,5.2,5.2,5.2,5.2,0.0,1.0,5.2,,0.0,0
2026-09-13 23:54:52Z,NYG,pre,0.0,PRE,0,7528,Najee Harris,RB,4.2,0.0,4.2,4.2,4.2,4.2,0.0,1.0,4.2,,0.0,0
2026-09-13 23:54:52Z,DAL,pre,0.0,PRE,0,8162,Sam Howell,QB,0.6,0.0,0.6,0.6,0.6,0.6,0.0,1.0,0.6,,0.0,0
2026-09-13 23:54:52Z,DAL,pre,0.0,PRE,0,11783,Ryan Flournoy,WR,7.4,0.0,7.4,7.4,7.4,7.4,0.0,1.0,7.4,,0.0,0
2026-09-13 23:54:52Z,DAL,pre,0.0,PRE,0,10871,Luke Schoonmaker,TE,1.7,0.0,1.7,1.7,1.7,1.7,0.0,1.0,1.7,,0.0,0
2026-09-13 23:54:52Z,DAL,pre,0.0,PRE,0,7588,Javonte Williams,RB,16.9,0.0,16.9,16.9,16.9,16.9,0.0,1.0,16.9,,0.0,0
2026-09-13 23:56:52Z,DAL,pre,0.0,PRE,0,11533,Brandon Aubrey,K,9.6,0.0,9.6,9.6,9.6,9.6,0.0,1.0,9.6,,0.0,0
2026-09-13 23:56:52Z,DAL,pre,0.0,PRE,0,6786,CeeDee Lamb,WR,18.3,0.0,18.3,18.3,18.3,18.3,0.0,1.0,18.3,,0.0,0
2026-09-13 23:56:52Z,DAL,pre,0.0,PRE,0,3294,Dak Prescott,QB,18.5,0.0,18.5,18.5,18.5,18.5,0.0,1.0,18.5,,0.0,0
2026-09-13 23:56:52Z,NYG,pre,0.0,PRE,0,13833,Dominic Zvada,K,8.2,0.0,8.2,8.2,8.2,8.2,0.0,1.0,8.2,,0.0,0
2026-09-13 23:56:52Z,DAL,pre,0.0,PRE,0,8110,Jake Ferguson,TE,9.3,0.0,9.3,9.3,9.3,9.3,0.0,1.0,9.3,,0.0,0
2026-09-13 23:56:52Z,NYG,pre,0.0,PRE,0,8131,Isaiah Likely,TE,10.7,0.0,10.7,10.7,10.7,10.7,0.0,1.0,10.7,,0.0,0
2026-09-13 23:56:52Z,DAL,pre,0.0,PRE,0,DAL,Dallas Cowboys D/ST,DST,6.5,0.0,6.5,6.5,6.5,6.5,0.0,1.0,6.5,,0.0,0
2026-09-13 23:56:52Z,DAL,pre,0.0,PRE,0,8137,George Pickens,WR,15.2,0.0,15.2,15.2,15.2,15.2,0.0,1.0,15.2,,0.0,0
2026-09-13 23:56:52Z,NYG,pre,0.0,PRE,0,11597,Theo Johnson,TE,4.3,0.0,4.3,4.3,4.3,4.3,0.0,1.0,4.3,,0.0,0
2026-09-13 23:56:52Z,NYG,pre,0.0,PRE,0,12508,Jaxson Dart,QB,20.5,0.0,20.5,20.5,20.5,20.5,0.0,1.0,20.5,,0.0,0
2026-09-13 23:56:52Z,NYG,pre,0.0,PRE,0,13285,Malachi Fields,WR,6.2,0.0,6.2,6.2,6.2,6.2,0.0,1.0,6.2,,0.0,0
2026-09-13 23:56:52Z,DAL,pre,0.0,PRE,0,8917,KaVontae Turpin,WR,4.3,0.0,4.3,4.3,4.3,4.3,0.0,1.0,4.3,,0.0,0
2026-09-13 23:56:52Z,NYG,pre,0.0,PRE,0,11655,Tyrone Tracy,RB,2.4,0.0,2.4,2.4,2.4,2.4,0.0,1.0,2.4,,0.0,0
2026-09-13 23:56:52Z,NYG,pre,0.0,PRE,0,11632,Malik Nabers,WR,16.5,0.0,16.5,16.5,16.5,16.5,0.0,1.0,16.5,,0.0,0
2026-09-13 23:56:52Z,NYG,pre,0.0,PRE,0,7090,Darnell Mooney,WR,5.6,0.0,5.6,5.6,5.6,5.6,0.0,1.0,5.6,,0.0,0
2026-09-13 23:56:52Z,NYG,pre,0.0,PRE,0,2306,Jameis Winston,QB,0.5,0.0,0.5,0.5,0.5,0.5,0.0,1.0,0.5,,0.0,0
2026-09-13 23:56:52Z,DAL,pre,0.0,PRE,0,11593,Brevyn Spann-Ford,TE,0.5,0.0,0.5,0.5,0.5,0.5,0.0,1.0,0.5,,0.0,0
2026-09-13 23:56:52Z,NYG,pre,0.0,PRE,0,2078,Odell Beckham,WR,4.3,0.0,4.3,4.3,4.3,4.3,0.0,1.0,4.3,,0.0,0
2026-09-13 23:56:52Z,NYG,pre,0.0,PRE,0,12481,Cam Skattebo,RB,14.1,0.0,14.1,14.1,14.1,14.1,0.0,1.0,14.1,,0.0,0
2026-09-13 23:56:52Z,DAL,pre,0.0,PRE,0,11199,Emari Demercado,RB,1.8,0.0,1.8,1.8,1.8,1.8,0.0,1.0,1.8,,0.0,0
2026-09-13 23:56:52Z,NYG,pre,0.0,PRE,0,NYG,New York Giants D/ST,DST,5.2,0.0,5.2,5.2,5.2,5.2,0.0,1.0,5.2,,0.0,0
2026-09-13 23:56:52Z,NYG,pre,0.0,PRE,0,7528,Najee Harris,RB,4.2,0.0,4.2,4.2,4.2,4.2,0.0,1.0,4.2,,0.0,0
2026-09-13 23:56:52Z,DAL,pre,0.0,PRE,0,8162,Sam Howell,QB,0.6,0.0,0.6,0.6,0.6,0.6,0.0,1.0,0.6,,0.0,0
2026-09-13 23:56:52Z,DAL,pre,0.0,PRE,0,11783,Ryan Flournoy,WR,7.4,0.0,7.4,7.4,7.4,7.4,0.0,1.0,7.4,,0.0,0
2026-09-13 23:56:52Z,DAL,pre,0.0,PRE,0,10871,Luke Schoonmaker,TE,1.7,0.0,1.7,1.7,1.7,1.7,0.0,1.0,1.7,,0.0,0
2026-09-13 23:56:52Z,DAL,pre,0.0,PRE,0,7588,Javonte Williams,RB,16.9,0.0,16.9,16.9,16.9,16.9,0.0,1.0,16.9,,0.0,0
2026-09-13 23:58:53Z,DAL,pre,0.0,PRE,0,11533,Brandon Aubrey,K,9.6,0.0,9.6,9.6,9.6,9.6,0.0,1.0,9.6,,0.0,0
2026-09-13 23:58:53Z,DAL,pre,0.0,PRE,0,6786,CeeDee Lamb,WR,18.3,0.0,18.3,18.3,18.3,18.3,0.0,1.0,18.3,,0.0,0
2026-09-13 23:58:53Z,DAL,pre,0.0,PRE,0,3294,Dak Prescott,QB,18.5,0.0,18.5,18.5,18.5,18.5,0.0,1.0,18.5,,0.0,0
2026-09-13 23:58:53Z,NYG,pre,0.0,PRE,0,13833,Dominic Zvada,K,8.2,0.0,8.2,8.2,8.2,8.2,0.0,1.0,8.2,,0.0,0
2026-09-13 23:58:53Z,DAL,pre,0.0,PRE,0,8110,Jake Ferguson,TE,9.3,0.0,9.3,9.3,9.3,9.3,0.0,1.0,9.3,,0.0,0
2026-09-13 23:58:53Z,NYG,pre,0.0,PRE,0,8131,Isaiah Likely,TE,10.7,0.0,10.7,10.7,10.7,10.7,0.0,1.0,10.7,,0.0,0
2026-09-13 23:58:53Z,DAL,pre,0.0,PRE,0,DAL,Dallas Cowboys D/ST,DST,6.5,0.0,6.5,6.5,6.5,6.5,0.0,1.0,6.5,,0.0,0
2026-09-13 23:58:53Z,DAL,pre,0.0,PRE,0,8137,George Pickens,WR,15.2,0.0,15.2,15.2,15.2,15.2,0.0,1.0,15.2,,0.0,0
2026-09-13 23:58:53Z,NYG,pre,0.0,PRE,0,11597,Theo Johnson,TE,4.3,0.0,4.3,4.3,4.3,4.3,0.0,1.0,4.3,,0.0,0
2026-09-13 23:58:53Z,NYG,pre,0.0,PRE,0,12508,Jaxson Dart,QB,20.5,0.0,20.5,20.5,20.5,20.5,0.0,1.0,20.5,,0.0,0
2026-09-13 23:58:53Z,NYG,pre,0.0,PRE,0,13285,Malachi Fields,WR,6.2,0.0,6.2,6.2,6.2,6.2,0.0,1.0,6.2,,0.0,0
2026-09-13 23:58:53Z,DAL,pre,0.0,PRE,0,8917,KaVontae Turpin,WR,4.3,0.0,4.3,4.3,4.3,4.3,0.0,1.0,4.3,,0.0,0
2026-09-13 23:58:53Z,NYG,pre,0.0,PRE,0,11655,Tyrone Tracy,RB,2.4,0.0,2.4,2.4,2.4,2.4,0.0,1.0,2.4,,0.0,0
2026-09-13 23:58:53Z,NYG,pre,0.0,PRE,0,11632,Malik Nabers,WR,16.5,0.0,16.5,16.5,16.5,16.5,0.0,1.0,16.5,,0.0,0
2026-09-13 23:58:53Z,NYG,pre,0.0,PRE,0,7090,Darnell Mooney,WR,5.6,0.0,5.6,5.6,5.6,5.6,0.0,1.0,5.6,,0.0,0
2026-09-13 23:58:53Z,NYG,pre,0.0,PRE,0,2306,Jameis Winston,QB,0.5,0.0,0.5,0.5,0.5,0.5,0.0,1.0,0.5,,0.0,0
2026-09-13 23:58:53Z,DAL,pre,0.0,PRE,0,11593,Brevyn Spann-Ford,TE,0.5,0.0,0.5,0.5,0.5,0.5,0.0,1.0,0.5,,0.0,0
2026-09-13 23:58:53Z,NYG,pre,0.0,PRE,0,2078,Odell Beckham,WR,4.3,0.0,4.3,4.3,4.3,4.3,0.0,1.0,4.3,,0.0,0
2026-09-13 23:58:53Z,NYG,pre,0.0,PRE,0,12481,Cam Skattebo,RB,14.1,0.0,14.1,14.1,14.1,14.1,0.0,1.0,14.1,,0.0,0
2026-09-13 23:58:53Z,DAL,pre,0.0,PRE,0,11199,Emari Demercado,RB,1.8,0.0,1.8,1.8,1.8,1.8,0.0,1.0,1.8,,0.0,0
2026-09-13 23:58:53Z,NYG,pre,0.0,PRE,0,NYG,New York Giants D/ST,DST,5.2,0.0,5.2,5.2,5.2,5.2,0.0,1.0,5.2,,0.0,0
2026-09-13 23:58:53Z,NYG,pre,0.0,PRE,0,7528,Najee Harris,RB,4.2,0.0,4.2,4.2,4.2,4.2,0.0,1.0,4.2,,0.0,0
2026-09-13 23:58:53Z,DAL,pre,0.0,PRE,0,8162,Sam Howell,QB,0.6,0.0,0.6,0.6,0.6,0.6,0.0,1.0,0.6,,0.0,0
2026-09-13 23:58:53Z,DAL,pre,0.0,PRE,0,11783,Ryan Flournoy,WR,7.4,0.0,7.4,7.4,7.4,7.4,0.0,1.0,7.4,,0.0,0
2026-09-13 23:58:53Z,DAL,pre,0.0,PRE,0,10871,Luke Schoonmaker,TE,1.7,0.0,1.7,1.7,1.7,1.7,0.0,1.0,1.7,,0.0,0
2026-09-13 23:58:53Z,DAL,pre,0.0,PRE,0,7588,Javonte Williams,RB,16.9,0.0,16.9,16.9,16.9,16.9,0.0,1.0,16.9,,0.0,0
2026-09-14 00:00:53Z,DAL,pre,0.0,PRE,0,11533,Brandon Aubrey,K,9.6,0.0,9.6,9.6,9.6,9.6,0.0,1.0,9.6,,0.0,0
2026-09-14 00:00:53Z,DAL,pre,0.0,PRE,0,6786,CeeDee Lamb,WR,18.3,0.0,18.3,18.3,18.3,18.3,0.0,1.0,18.3,,0.0,0
2026-09-14 00:00:53Z,DAL,pre,0.0,PRE,0,3294,Dak Prescott,QB,18.5,0.0,18.5,18.5,18.5,18.5,0.0,1.0,18.5,,0.0,0
2026-09-14 00:00:53Z,NYG,pre,0.0,PRE,0,13833,Dominic Zvada,K,8.2,0.0,8.2,8.2,8.2,8.2,0.0,1.0,8.2,,0.0,0
2026-09-14 00:00:53Z,DAL,pre,0.0,PRE,0,8110,Jake Ferguson,TE,9.3,0.0,9.3,9.3,9.3,9.3,0.0,1.0,9.3,,0.0,0
2026-09-14 00:00:53Z,NYG,pre,0.0,PRE,0,8131,Isaiah Likely,TE,10.7,0.0,10.7,10.7,10.7,10.7,0.0,1.0,10.7,,0.0,0
2026-09-14 00:00:53Z,DAL,pre,0.0,PRE,0,DAL,Dallas Cowboys D/ST,DST,6.5,0.0,6.5,6.5,6.5,6.5,0.0,1.0,6.5,,0.0,0
2026-09-14 00:00:53Z,DAL,pre,0.0,PRE,0,8137,George Pickens,WR,15.2,0.0,15.2,15.2,15.2,15.2,0.0,1.0,15.2,,0.0,0
2026-09-14 00:00:53Z,NYG,pre,0.0,PRE,0,11597,Theo Johnson,TE,4.3,0.0,4.3,4.3,4.3,4.3,0.0,1.0,4.3,,0.0,0
2026-09-14 00:00:53Z,NYG,pre,0.0,PRE,0,12508,Jaxson Dart,QB,20.5,0.0,20.5,20.5,20.5,20.5,0.0,1.0,20.5,,0.0,0
2026-09-14 00:00:53Z,NYG,pre,0.0,PRE,0,13285,Malachi Fields,WR,6.2,0.0,6.2,6.2,6.2,6.2,0.0,1.0,6.2,,0.0,0
2026-09-14 00:00:53Z,DAL,pre,0.0,PRE,0,8917,KaVontae Turpin,WR,4.3,0.0,4.3,4.3,4.3,4.3,0.0,1.0,4.3,,0.0,0
2026-09-14 00:00:53Z,NYG,pre,0.0,PRE,0,11655,Tyrone Tracy,RB,2.4,0.0,2.4,2.4,2.4,2.4,0.0,1.0,2.4,,0.0,0
2026-09-14 00:00:53Z,NYG,pre,0.0,PRE,0,11632,Malik Nabers,WR,16.5,0.0,16.5,16.5,16.5,16.5,0.0,1.0,16.5,,0.0,0
2026-09-14 00:00:53Z,NYG,pre,0.0,PRE,0,7090,Darnell Mooney,WR,5.6,0.0,5.6,5.6,5.6,5.6,0.0,1.0,5.6,,0.0,0
2026-09-14 00:00:53Z,NYG,pre,0.0,PRE,0,2306,Jameis Winston,QB,0.5,0.0,0.5,0.5,0.5,0.5,0.0,1.0,0.5,,0.0,0
2026-09-14 00:00:53Z,DAL,pre,0.0,PRE,0,11593,Brevyn Spann-Ford,TE,0.5,0.0,0.5,0.5,0.5,0.5,0.0,1.0,0.5,,0.0,0
2026-09-14 00:00:53Z,NYG,pre,0.0,PRE,0,2078,Odell Beckham,WR,4.3,0.0,4.3,4.3,4.3,4.3,0.0,1.0,4.3,,0.0,0
2026-09-14 00:00:53Z,NYG,pre,0.0,PRE,0,12481,Cam Skattebo,RB,14.1,0.0,14.1,14.1,14.1,14.1,0.0,1.0,14.1,,0.0,0
2026-09-14 00:00:53Z,DAL,pre,0.0,PRE,0,11199,Emari Demercado,RB,1.8,0.0,1.8,1.8,1.8,1.8,0.0,1.0,1.8,,0.0,0
2026-09-14 00:00:53Z,NYG,pre,0.0,PRE,0,NYG,New York Giants D/ST,DST,5.2,0.0,5.2,5.2,5.2,5.2,0.0,1.0,5.2,,0.0,0
2026-09-14 00:00:53Z,NYG,pre,0.0,PRE,0,7528,Najee Harris,RB,4.2,0.0,4.2,4.2,4.2,4.2,0.0,1.0,4.2,,0.0,0
2026-09-14 00:00:53Z,DAL,pre,0.0,PRE,0,8162,Sam Howell,QB,0.6,0.0,0.6,0.6,0.6,0.6,0.0,1.0,0.6,,0.0,0
2026-09-14 00:00:53Z,DAL,pre,0.0,PRE,0,11783,Ryan Flournoy,WR,7.4,0.0,7.4,7.4,7.4,7.4,0.0,1.0,7.4,,0.0,0
2026-09-14 00:00:53Z,DAL,pre,0.0,PRE,0,10871,Luke Schoonmaker,TE,1.7,0.0,1.7,1.7,1.7,1.7,0.0,1.0,1.7,,0.0,0
2026-09-14 00:00:53Z,DAL,pre,0.0,PRE,0,7588,Javonte Williams,RB,16.9,0.0,16.9,16.9,16.9,16.9,0.0,1.0,16.9,,0.0,0
2026-09-14 00:02:54Z,DAL,pre,0.0,PRE,0,11533,Brandon Aubrey,K,9.6,0.0,9.6,9.6,9.6,9.6,0.0,1.0,9.6,,0.0,0
2026-09-14 00:02:54Z,DAL,pre,0.0,PRE,0,6786,CeeDee Lamb,WR,18.3,0.0,18.3,18.3,18.3,18.3,0.0,1.0,18.3,,0.0,0
2026-09-14 00:02:54Z,DAL,pre,0.0,PRE,0,3294,Dak Prescott,QB,18.5,0.0,18.5,18.5,18.5,18.5,0.0,1.0,18.5,,0.0,0
2026-09-14 00:02:54Z,NYG,pre,0.0,PRE,0,13833,Dominic Zvada,K,8.2,0.0,8.2,8.2,8.2,8.2,0.0,1.0,8.2,,0.0,0
2026-09-14 00:02:54Z,DAL,pre,0.0,PRE,0,8110,Jake Ferguson,TE,9.3,0.0,9.3,9.3,9.3,9.3,0.0,1.0,9.3,,0.0,0
2026-09-14 00:02:54Z,NYG,pre,0.0,PRE,0,8131,Isaiah Likely,TE,10.7,0.0,10.7,10.7,10.7,10.7,0.0,1.0,10.7,,0.0,0
2026-09-14 00:02:54Z,DAL,pre,0.0,PRE,0,DAL,Dallas Cowboys D/ST,DST,6.5,0.0,6.5,6.5,6.5,6.5,0.0,1.0,6.5,,0.0,0
2026-09-14 00:02:54Z,DAL,pre,0.0,PRE,0,8137,George Pickens,WR,15.2,0.0,15.2,15.2,15.2,15.2,0.0,1.0,15.2,,0.0,0
2026-09-14 00:02:54Z,NYG,pre,0.0,PRE,0,11597,Theo Johnson,TE,4.3,0.0,4.3,4.3,4.3,4.3,0.0,1.0,4.3,,0.0,0
2026-09-14 00:02:54Z,NYG,pre,0.0,PRE,0,12508,Jaxson Dart,QB,20.5,0.0,20.5,20.5,20.5,20.5,0.0,1.0,20.5,,0.0,0
2026-09-14 00:02:54Z,NYG,pre,0.0,PRE,0,13285,Malachi Fields,WR,6.2,0.0,6.2,6.2,6.2,6.2,0.0,1.0,6.2,,0.0,0
2026-09-14 00:02:54Z,DAL,pre,0.0,PRE,0,8917,KaVontae Turpin,WR,4.3,0.0,4.3,4.3,4.3,4.3,0.0,1.0,4.3,,0.0,0
2026-09-14 00:02:54Z,NYG,pre,0.0,PRE,0,11655,Tyrone Tracy,RB,2.4,0.0,2.4,2.4,2.4,2.4,0.0,1.0,2.4,,0.0,0
2026-09-14 00:02:54Z,NYG,pre,0.0,PRE,0,11632,Malik Nabers,WR,16.5,0.0,16.5,16.5,16.5,16.5,0.0,1.0,16.5,,0.0,0
2026-09-14 00:02:54Z,NYG,pre,0.0,PRE,0,7090,Darnell Mooney,WR,5.6,0.0,5.6,5.6,5.6,5.6,0.0,1.0,5.6,,0.0,0
2026-09-14 00:02:54Z,NYG,pre,0.0,PRE,0,2306,Jameis Winston,QB,0.5,0.0,0.5,0.5,0.5,0.5,0.0,1.0,0.5,,0.0,0
2026-09-14 00:02:54Z,DAL,pre,0.0,PRE,0,11593,Brevyn Spann-Ford,TE,0.5,0.0,0.5,0.5,0.5,0.5,0.0,1.0,0.5,,0.0,0
2026-09-14 00:02:54Z,NYG,pre,0.0,PRE,0,2078,Odell Beckham,WR,4.3,0.0,4.3,4.3,4.3,4.3,0.0,1.0,4.3,,0.0,0
2026-09-14 00:02:54Z,NYG,pre,0.0,PRE,0,12481,Cam Skattebo,RB,14.1,0.0,14.1,14.1,14.1,14.1,0.0,1.0,14.1,,0.0,0
2026-09-14 00:02:54Z,DAL,pre,0.0,PRE,0,11199,Emari Demercado,RB,1.8,0.0,1.8,1.8,1.8,1.8,0.0,1.0,1.8,,0.0,0
2026-09-14 00:02:54Z,NYG,pre,0.0,PRE,0,NYG,New York Giants D/ST,DST,5.2,0.0,5.2,5.2,5.2,5.2,0.0,1.0,5.2,,0.0,0
2026-09-14 00:02:54Z,NYG,pre,0.0,PRE,0,7528,Najee Harris,RB,4.2,0.0,4.2,4.2,4.2,4.2,0.0,1.0,4.2,,0.0,0
2026-09-14 00:02:54Z,DAL,pre,0.0,PRE,0,8162,Sam Howell,QB,0.6,0.0,0.6,0.6,0.6,0.6,0.0,1.0,0.6,,0.0,0
2026-09-14 00:02:54Z,DAL,pre,0.0,PRE,0,11783,Ryan Flournoy,WR,7.4,0.0,7.4,7.4,7.4,7.4,0.0,1.0,7.4,,0.0,0
2026-09-14 00:02:54Z,DAL,pre,0.0,PRE,0,10871,Luke Schoonmaker,TE,1.7,0.0,1.7,1.7,1.7,1.7,0.0,1.0,1.7,,0.0,0
2026-09-14 00:02:54Z,DAL,pre,0.0,PRE,0,7588,Javonte Williams,RB,16.9,0.0,16.9,16.9,16.9,16.9,0.0,1.0,16.9,,0.0,0
2026-09-14 00:04:54Z,DAL,pre,0.0,PRE,0,11533,Brandon Aubrey,K,9.6,0.0,9.6,9.6,9.6,9.6,0.0,1.0,9.6,,0.0,0
2026-09-14 00:04:54Z,DAL,pre,0.0,PRE,0,6786,CeeDee Lamb,WR,18.3,0.0,18.3,18.3,18.3,18.3,0.0,1.0,18.3,,0.0,0
2026-09-14 00:04:54Z,DAL,pre,0.0,PRE,0,3294,Dak Prescott,QB,18.5,0.0,18.5,18.5,18.5,18.5,0.0,1.0,18.5,,0.0,0
2026-09-14 00:04:54Z,NYG,pre,0.0,PRE,0,13833,Dominic Zvada,K,8.2,0.0,8.2,8.2,8.2,8.2,0.0,1.0,8.2,,0.0,0
2026-09-14 00:04:54Z,DAL,pre,0.0,PRE,0,8110,Jake Ferguson,TE,9.3,0.0,9.3,9.3,9.3,9.3,0.0,1.0,9.3,,0.0,0
2026-09-14 00:04:54Z,NYG,pre,0.0,PRE,0,8131,Isaiah Likely,TE,10.7,0.0,10.7,10.7,10.7,10.7,0.0,1.0,10.7,,0.0,0
2026-09-14 00:04:54Z,DAL,pre,0.0,PRE,0,DAL,Dallas Cowboys D/ST,DST,6.5,0.0,6.5,6.5,6.5,6.5,0.0,1.0,6.5,,0.0,0
2026-09-14 00:04:54Z,DAL,pre,0.0,PRE,0,8137,George Pickens,WR,15.2,0.0,15.2,15.2,15.2,15.2,0.0,1.0,15.2,,0.0,0
2026-09-14 00:04:54Z,NYG,pre,0.0,PRE,0,11597,Theo Johnson,TE,4.3,0.0,4.3,4.3,4.3,4.3,0.0,1.0,4.3,,0.0,0
2026-09-14 00:04:54Z,NYG,pre,0.0,PRE,0,12508,Jaxson Dart,QB,20.5,0.0,20.5,20.5,20.5,20.5,0.0,1.0,20.5,,0.0,0
2026-09-14 00:04:54Z,NYG,pre,0.0,PRE,0,13285,Malachi Fields,WR,6.2,0.0,6.2,6.2,6.2,6.2,0.0,1.0,6.2,,0.0,0
2026-09-14 00:04:54Z,DAL,pre,0.0,PRE,0,8917,KaVontae Turpin,WR,4.3,0.0,4.3,4.3,4.3,4.3,0.0,1.0,4.3,,0.0,0
2026-09-14 00:04:54Z,NYG,pre,0.0,PRE,0,11655,Tyrone Tracy,RB,2.4,0.0,2.4,2.4,2.4,2.4,0.0,1.0,2.4,,0.0,0
2026-09-14 00:04:54Z,NYG,pre,0.0,PRE,0,11632,Malik Nabers,WR,16.5,0.0,16.5,16.5,16.5,16.5,0.0,1.0,16.5,,0.0,0
2026-09-14 00:04:54Z,NYG,pre,0.0,PRE,0,7090,Darnell Mooney,WR,5.6,0.0,5.6,5.6,5.6,5.6,0.0,1.0,5.6,,0.0,0
2026-09-14 00:04:54Z,NYG,pre,0.0,PRE,0,2306,Jameis Winston,QB,0.5,0.0,0.5,0.5,0.5,0.5,0.0,1.0,0.5,,0.0,0
2026-09-14 00:04:54Z,DAL,pre,0.0,PRE,0,11593,Brevyn Spann-Ford,TE,0.5,0.0,0.5,0.5,0.5,0.5,0.0,1.0,0.5,,0.0,0
2026-09-14 00:04:54Z,NYG,pre,0.0,PRE,0,2078,Odell Beckham,WR,4.3,0.0,4.3,4.3,4.3,4.3,0.0,1.0,4.3,,0.0,0
2026-09-14 00:04:54Z,NYG,pre,0.0,PRE,0,12481,Cam Skattebo,RB,14.1,0.0,14.1,14.1,14.1,14.1,0.0,1.0,14.1,,0.0,0
2026-09-14 00:04:54Z,DAL,pre,0.0,PRE,0,11199,Emari Demercado,RB,1.8,0.0,1.8,1.8,1.8,1.8,0.0,1.0,1.8,,0.0,0
2026-09-14 00:04:54Z,NYG,pre,0.0,PRE,0,NYG,New York Giants D/ST,DST,5.2,0.0,5.2,5.2,5.2,5.2,0.0,1.0,5.2,,0.0,0
2026-09-14 00:04:54Z,NYG,pre,0.0,PRE,0,7528,Najee Harris,RB,4.2,0.0,4.2,4.2,4.2,4.2,0.0,1.0,4.2,,0.0,0
2026-09-14 00:04:54Z,DAL,pre,0.0,PRE,0,8162,Sam Howell,QB,0.6,0.0,0.6,0.6,0.6,0.6,0.0,1.0,0.6,,0.0,0
2026-09-14 00:04:54Z,DAL,pre,0.0,PRE,0,11783,Ryan Flournoy,WR,7.4,0.0,7.4,7.4,7.4,7.4,0.0,1.0,7.4,,0.0,0
2026-09-14 00:04:54Z,DAL,pre,0.0,PRE,0,10871,Luke Schoonmaker,TE,1.7,0.0,1.7,1.7,1.7,1.7,0.0,1.0,1.7,,0.0,0
2026-09-14 00:04:54Z,DAL,pre,0.0,PRE,0,7588,Javonte Williams,RB,16.9,0.0,16.9,16.9,16.9,16.9,0.0,1.0,16.9,,0.0,0
2026-09-14 00:06:55Z,DAL,pre,0.0,PRE,0,11533,Brandon Aubrey,K,9.6,0.0,9.6,9.6,9.6,9.6,0.0,1.0,9.6,,0.0,0
2026-09-14 00:06:55Z,DAL,pre,0.0,PRE,0,6786,CeeDee Lamb,WR,18.3,0.0,18.3,18.3,18.3,18.3,0.0,1.0,18.3,,0.0,0
2026-09-14 00:06:55Z,DAL,pre,0.0,PRE,0,3294,Dak Prescott,QB,18.5,0.0,18.5,18.5,18.5,18.5,0.0,1.0,18.5,,0.0,0
2026-09-14 00:06:55Z,NYG,pre,0.0,PRE,0,13833,Dominic Zvada,K,8.2,0.0,8.2,8.2,8.2,8.2,0.0,1.0,8.2,,0.0,0
2026-09-14 00:06:55Z,DAL,pre,0.0,PRE,0,8110,Jake Ferguson,TE,9.3,0.0,9.3,9.3,9.3,9.3,0.0,1.0,9.3,,0.0,0
2026-09-14 00:06:55Z,NYG,pre,0.0,PRE,0,8131,Isaiah Likely,TE,10.7,0.0,10.7,10.7,10.7,10.7,0.0,1.0,10.7,,0.0,0
2026-09-14 00:06:55Z,DAL,pre,0.0,PRE,0,DAL,Dallas Cowboys D/ST,DST,6.5,0.0,6.5,6.5,6.5,6.5,0.0,1.0,6.5,,0.0,0
2026-09-14 00:06:55Z,DAL,pre,0.0,PRE,0,8137,George Pickens,WR,15.2,0.0,15.2,15.2,15.2,15.2,0.0,1.0,15.2,,0.0,0
2026-09-14 00:06:55Z,NYG,pre,0.0,PRE,0,11597,Theo Johnson,TE,4.3,0.0,4.3,4.3,4.3,4.3,0.0,1.0,4.3,,0.0,0
2026-09-14 00:06:55Z,NYG,pre,0.0,PRE,0,12508,Jaxson Dart,QB,20.5,0.0,20.5,20.5,20.5,20.5,0.0,1.0,20.5,,0.0,0
2026-09-14 00:06:55Z,NYG,pre,0.0,PRE,0,13285,Malachi Fields,WR,6.2,0.0,6.2,6.2,6.2,6.2,0.0,1.0,6.2,,0.0,0
2026-09-14 00:06:55Z,DAL,pre,0.0,PRE,0,8917,KaVontae Turpin,WR,4.3,0.0,4.3,4.3,4.3,4.3,0.0,1.0,4.3,,0.0,0
2026-09-14 00:06:55Z,NYG,pre,0.0,PRE,0,11655,Tyrone Tracy,RB,2.4,0.0,2.4,2.4,2.4,2.4,0.0,1.0,2.4,,0.0,0
2026-09-14 00:06:55Z,NYG,pre,0.0,PRE,0,11632,Malik Nabers,WR,16.5,0.0,16.5,16.5,16.5,16.5,0.0,1.0,16.5,,0.0,0
2026-09-14 00:06:55Z,NYG,pre,0.0,PRE,0,7090,Darnell Mooney,WR,5.6,0.0,5.6,5.6,5.6,5.6,0.0,1.0,5.6,,0.0,0
2026-09-14 00:06:55Z,NYG,pre,0.0,PRE,0,2306,Jameis Winston,QB,0.5,0.0,0.5,0.5,0.5,0.5,0.0,1.0,0.5,,0.0,0
2026-09-14 00:06:55Z,DAL,pre,0.0,PRE,0,11593,Brevyn Spann-Ford,TE,0.5,0.0,0.5,0.5,0.5,0.5,0.0,1.0,0.5,,0.0,0
2026-09-14 00:06:55Z,NYG,pre,0.0,PRE,0,2078,Odell Beckham,WR,4.3,0.0,4.3,4.3,4.3,4.3,0.0,1.0,4.3,,0.0,0
2026-09-14 00:06:55Z,NYG,pre,0.0,PRE,0,12481,Cam Skattebo,RB,14.1,0.0,14.1,14.1,14.1,14.1,0.0,1.0,14.1,,0.0,0
2026-09-14 00:06:55Z,DAL,pre,0.0,PRE,0,11199,Emari Demercado,RB,1.8,0.0,1.8,1.8,1.8,1.8,0.0,1.0,1.8,,0.0,0
2026-09-14 00:06:55Z,NYG,pre,0.0,PRE,0,NYG,New York Giants D/ST,DST,5.2,0.0,5.2,5.2,5.2,5.2,0.0,1.0,5.2,,0.0,0
2026-09-14 00:06:55Z,NYG,pre,0.0,PRE,0,7528,Najee Harris,RB,4.2,0.0,4.2,4.2,4.2,4.2,0.0,1.0,4.2,,0.0,0
2026-09-14 00:06:55Z,DAL,pre,0.0,PRE,0,8162,Sam Howell,QB,0.6,0.0,0.6,0.6,0.6,0.6,0.0,1.0,0.6,,0.0,0
2026-09-14 00:06:55Z,DAL,pre,0.0,PRE,0,11783,Ryan Flournoy,WR,7.4,0.0,7.4,7.4,7.4,7.4,0.0,1.0,7.4,,0.0,0
2026-09-14 00:06:55Z,DAL,pre,0.0,PRE,0,10871,Luke Schoonmaker,TE,1.7,0.0,1.7,1.7,1.7,1.7,0.0,1.0,1.7,,0.0,0
2026-09-14 00:06:55Z,DAL,pre,0.0,PRE,0,7588,Javonte Williams,RB,16.9,0.0,16.9,16.9,16.9,16.9,0.0,1.0,16.9,,0.0,0
2026-09-14 00:08:55Z,DAL,pre,0.0,PRE,0,11533,Brandon Aubrey,K,9.6,0.0,9.6,9.6,9.6,9.6,0.0,1.0,9.6,,0.0,0
2026-09-14 00:08:55Z,DAL,pre,0.0,PRE,0,6786,CeeDee Lamb,WR,18.3,0.0,18.3,18.3,18.3,18.3,0.0,1.0,18.3,,0.0,0
2026-09-14 00:08:55Z,DAL,pre,0.0,PRE,0,3294,Dak Prescott,QB,18.5,0.0,18.5,18.5,18.5,18.5,0.0,1.0,18.5,,0.0,0
2026-09-14 00:08:55Z,NYG,pre,0.0,PRE,0,13833,Dominic Zvada,K,8.2,0.0,8.2,8.2,8.2,8.2,0.0,1.0,8.2,,0.0,0
2026-09-14 00:08:55Z,DAL,pre,0.0,PRE,0,8110,Jake Ferguson,TE,9.3,0.0,9.3,9.3,9.3,9.3,0.0,1.0,9.3,,0.0,0
2026-09-14 00:08:55Z,NYG,pre,0.0,PRE,0,8131,Isaiah Likely,TE,10.7,0.0,10.7,10.7,10.7,10.7,0.0,1.0,10.7,,0.0,0
2026-09-14 00:08:55Z,DAL,pre,0.0,PRE,0,DAL,Dallas Cowboys D/ST,DST,6.5,0.0,6.5,6.5,6.5,6.5,0.0,1.0,6.5,,0.0,0
2026-09-14 00:08:55Z,DAL,pre,0.0,PRE,0,8137,George Pickens,WR,15.2,0.0,15.2,15.2,15.2,15.2,0.0,1.0,15.2,,0.0,0
2026-09-14 00:08:55Z,NYG,pre,0.0,PRE,0,11597,Theo Johnson,TE,4.3,0.0,4.3,4.3,4.3,4.3,0.0,1.0,4.3,,0.0,0
2026-09-14 00:08:55Z,NYG,pre,0.0,PRE,0,12508,Jaxson Dart,QB,20.5,0.0,20.5,20.5,20.5,20.5,0.0,1.0,20.5,,0.0,0
2026-09-14 00:08:55Z,NYG,pre,0.0,PRE,0,13285,Malachi Fields,WR,6.2,0.0,6.2,6.2,6.2,6.2,0.0,1.0,6.2,,0.0,0
2026-09-14 00:08:55Z,DAL,pre,0.0,PRE,0,8917,KaVontae Turpin,WR,4.3,0.0,4.3,4.3,4.3,4.3,0.0,1.0,4.3,,0.0,0
2026-09-14 00:08:55Z,NYG,pre,0.0,PRE,0,11655,Tyrone Tracy,RB,2.4,0.0,2.4,2.4,2.4,2.4,0.0,1.0,2.4,,0.0,0
2026-09-14 00:08:55Z,NYG,pre,0.0,PRE,0,11632,Malik Nabers,WR,16.5,0.0,16.5,16.5,16.5,16.5,0.0,1.0,16.5,,0.0,0
2026-09-14 00:08:55Z,NYG,pre,0.0,PRE,0,7090,Darnell Mooney,WR,5.6,0.0,5.6,5.6,5.6,5.6,0.0,1.0,5.6,,0.0,0
2026-09-14 00:08:55Z,NYG,pre,0.0,PRE,0,2306,Jameis Winston,QB,0.5,0.0,0.5,0.5,0.5,0.5,0.0,1.0,0.5,,0.0,0
2026-09-14 00:08:55Z,DAL,pre,0.0,PRE,0,11593,Brevyn Spann-Ford,TE,0.5,0.0,0.5,0.5,0.5,0.5,0.0,1.0,0.5,,0.0,0
2026-09-14 00:08:55Z,NYG,pre,0.0,PRE,0,2078,Odell Beckham,WR,4.3,0.0,4.3,4.3,4.3,4.3,0.0,1.0,4.3,,0.0,0
2026-09-14 00:08:55Z,NYG,pre,0.0,PRE,0,12481,Cam Skattebo,RB,14.1,0.0,14.1,14.1,14.1,14.1,0.0,1.0,14.1,,0.0,0
2026-09-14 00:08:55Z,DAL,pre,0.0,PRE,0,11199,Emari Demercado,RB,1.8,0.0,1.8,1.8,1.8,1.8,0.0,1.0,1.8,,0.0,0
2026-09-14 00:08:55Z,NYG,pre,0.0,PRE,0,NYG,New York Giants D/ST,DST,5.2,0.0,5.2,5.2,5.2,5.2,0.0,1.0,5.2,,0.0,0
2026-09-14 00:08:55Z,NYG,pre,0.0,PRE,0,7528,Najee Harris,RB,4.2,0.0,4.2,4.2,4.2,4.2,0.0,1.0,4.2,,0.0,0
2026-09-14 00:08:55Z,DAL,pre,0.0,PRE,0,8162,Sam Howell,QB,0.6,0.0,0.6,0.6,0.6,0.6,0.0,1.0,0.6,,0.0,0
2026-09-14 00:08:55Z,DAL,pre,0.0,PRE,0,11783,Ryan Flournoy,WR,7.4,0.0,7.4,7.4,7.4,7.4,0.0,1.0,7.4,,0.0,0
2026-09-14 00:08:55Z,DAL,pre,0.0,PRE,0,10871,Luke Schoonmaker,TE,1.7,0.0,1.7,1.7,1.7,1.7,0.0,1.0,1.7,,0.0,0
2026-09-14 00:08:55Z,DAL,pre,0.0,PRE,0,7588,Javonte Williams,RB,16.9,0.0,16.9,16.9,16.9,16.9,0.0,1.0,16.9,,0.0,0
2026-09-14 00:10:56Z,DAL,pre,0.0,PRE,0,11533,Brandon Aubrey,K,9.6,0.0,9.6,9.6,9.6,9.6,0.0,1.0,9.6,,0.0,0
2026-09-14 00:10:56Z,DAL,pre,0.0,PRE,0,6786,CeeDee Lamb,WR,18.3,0.0,18.3,18.3,18.3,18.3,0.0,1.0,18.3,,0.0,0
2026-09-14 00:10:56Z,DAL,pre,0.0,PRE,0,3294,Dak Prescott,QB,18.5,0.0,18.5,18.5,18.5,18.5,0.0,1.0,18.5,,0.0,0
2026-09-14 00:10:56Z,NYG,pre,0.0,PRE,0,13833,Dominic Zvada,K,8.2,0.0,8.2,8.2,8.2,8.2,0.0,1.0,8.2,,0.0,0
2026-09-14 00:10:56Z,DAL,pre,0.0,PRE,0,8110,Jake Ferguson,TE,9.3,0.0,9.3,9.3,9.3,9.3,0.0,1.0,9.3,,0.0,0
2026-09-14 00:10:56Z,NYG,pre,0.0,PRE,0,8131,Isaiah Likely,TE,10.7,0.0,10.7,10.7,10.7,10.7,0.0,1.0,10.7,,0.0,0
2026-09-14 00:10:56Z,DAL,pre,0.0,PRE,0,DAL,Dallas Cowboys D/ST,DST,6.5,0.0,6.5,6.5,6.5,6.5,0.0,1.0,6.5,,0.0,0
2026-09-14 00:10:56Z,DAL,pre,0.0,PRE,0,8137,George Pickens,WR,15.2,0.0,15.2,15.2,15.2,15.2,0.0,1.0,15.2,,0.0,0
2026-09-14 00:10:56Z,NYG,pre,0.0,PRE,0,11597,Theo Johnson,TE,4.3,0.0,4.3,4.3,4.3,4.3,0.0,1.0,4.3,,0.0,0
2026-09-14 00:10:56Z,NYG,pre,0.0,PRE,0,12508,Jaxson Dart,QB,20.5,0.0,20.5,20.5,20.5,20.5,0.0,1.0,20.5,,0.0,0
2026-09-14 00:10:56Z,NYG,pre,0.0,PRE,0,13285,Malachi Fields,WR,6.2,0.0,6.2,6.2,6.2,6.2,0.0,1.0,6.2,,0.0,0
2026-09-14 00:10:56Z,DAL,pre,0.0,PRE,0,8917,KaVontae Turpin,WR,4.3,0.0,4.3,4.3,4.3,4.3,0.0,1.0,4.3,,0.0,0
2026-09-14 00:10:56Z,NYG,pre,0.0,PRE,0,11655,Tyrone Tracy,RB,2.4,0.0,2.4,2.4,2.4,2.4,0.0,1.0,2.4,,0.0,0
2026-09-14 00:10:56Z,NYG,pre,0.0,PRE,0,11632,Malik Nabers,WR,16.5,0.0,16.5,16.5,16.5,16.5,0.0,1.0,16.5,,0.0,0
2026-09-14 00:10:56Z,NYG,pre,0.0,PRE,0,7090,Darnell Mooney,WR,5.6,0.0,5.6,5.6,5.6,5.6,0.0,1.0,5.6,,0.0,0
2026-09-14 00:10:56Z,NYG,pre,0.0,PRE,0,2306,Jameis Winston,QB,0.5,0.0,0.5,0.5,0.5,0.5,0.0,1.0,0.5,,0.0,0
2026-09-14 00:10:56Z,DAL,pre,0.0,PRE,0,11593,Brevyn Spann-Ford,TE,0.5,0.0,0.5,0.5,0.5,0.5,0.0,1.0,0.5,,0.0,0
2026-09-14 00:10:56Z,NYG,pre,0.0,PRE,0,2078,Odell Beckham,WR,4.3,0.0,4.3,4.3,4.3,4.3,0.0,1.0,4.3,,0.0,0
2026-09-14 00:10:56Z,NYG,pre,0.0,PRE,0,12481,Cam Skattebo,RB,14.1,0.0,14.1,14.1,14.1,14.1,0.0,1.0,14.1,,0.0,0
2026-09-14 00:10:56Z,DAL,pre,0.0,PRE,0,11199,Emari Demercado,RB,1.8,0.0,1.8,1.8,1.8,1.8,0.0,1.0,1.8,,0.0,0
2026-09-14 00:10:56Z,NYG,pre,0.0,PRE,0,NYG,New York Giants D/ST,DST,5.2,0.0,5.2,5.2,5.2,5.2,0.0,1.0,5.2,,0.0,0
2026-09-14 00:10:56Z,NYG,pre,0.0,PRE,0,7528,Najee Harris,RB,4.2,0.0,4.2,4.2,4.2,4.2,0.0,1.0,4.2,,0.0,0
2026-09-14 00:10:56Z,DAL,pre,0.0,PRE,0,8162,Sam Howell,QB,0.6,0.0,0.6,0.6,0.6,0.6,0.0,1.0,0.6,,0.0,0
2026-09-14 00:10:56Z,DAL,pre,0.0,PRE,0,11783,Ryan Flournoy,WR,7.4,0.0,7.4,7.4,7.4,7.4,0.0,1.0,7.4,,0.0,0
2026-09-14 00:10:56Z,DAL,pre,0.0,PRE,0,10871,Luke Schoonmaker,TE,1.7,0.0,1.7,1.7,1.7,1.7,0.0,1.0,1.7,,0.0,0
2026-09-14 00:10:56Z,DAL,pre,0.0,PRE,0,7588,Javonte Williams,RB,16.9,0.0,16.9,16.9,16.9,16.9,0.0,1.0,16.9,,0.0,0
2026-09-14 00:12:56Z,DAL,pre,0.0,PRE,0,11533,Brandon Aubrey,K,9.6,0.0,9.6,9.6,9.6,9.6,0.0,1.0,9.6,,0.0,0
2026-09-14 00:12:56Z,DAL,pre,0.0,PRE,0,6786,CeeDee Lamb,WR,18.3,0.0,18.3,18.3,18.3,18.3,0.0,1.0,18.3,,0.0,0
2026-09-14 00:12:56Z,DAL,pre,0.0,PRE,0,3294,Dak Prescott,QB,18.5,0.0,18.5,18.5,18.5,18.5,0.0,1.0,18.5,,0.0,0
2026-09-14 00:12:56Z,NYG,pre,0.0,PRE,0,13833,Dominic Zvada,K,8.2,0.0,8.2,8.2,8.2,8.2,0.0,1.0,8.2,,0.0,0
2026-09-14 00:12:56Z,DAL,pre,0.0,PRE,0,8110,Jake Ferguson,TE,9.3,0.0,9.3,9.3,9.3,9.3,0.0,1.0,9.3,,0.0,0
2026-09-14 00:12:56Z,NYG,pre,0.0,PRE,0,8131,Isaiah Likely,TE,10.7,0.0,10.7,10.7,10.7,10.7,0.0,1.0,10.7,,0.0,0
2026-09-14 00:12:56Z,DAL,pre,0.0,PRE,0,DAL,Dallas Cowboys D/ST,DST,6.5,0.0,6.5,6.5,6.5,6.5,0.0,1.0,6.5,,0.0,0
2026-09-14 00:12:56Z,DAL,pre,0.0,PRE,0,8137,George Pickens,WR,15.2,0.0,15.2,15.2,15.2,15.2,0.0,1.0,15.2,,0.0,0
2026-09-14 00:12:56Z,NYG,pre,0.0,PRE,0,11597,Theo Johnson,TE,4.3,0.0,4.3,4.3,4.3,4.3,0.0,1.0,4.3,,0.0,0
2026-09-14 00:12:56Z,NYG,pre,0.0,PRE,0,12508,Jaxson Dart,QB,20.5,0.0,20.5,20.5,20.5,20.5,0.0,1.0,20.5,,0.0,0
2026-09-14 00:12:56Z,NYG,pre,0.0,PRE,0,13285,Malachi Fields,WR,6.2,0.0,6.2,6.2,6.2,6.2,0.0,1.0,6.2,,0.0,0
2026-09-14 00:12:56Z,DAL,pre,0.0,PRE,0,8917,KaVontae Turpin,WR,4.3,0.0,4.3,4.3,4.3,4.3,0.0,1.0,4.3,,0.0,0
2026-09-14 00:12:56Z,NYG,pre,0.0,PRE,0,11655,Tyrone Tracy,RB,2.4,0.0,2.4,2.4,2.4,2.4,0.0,1.0,2.4,,0.0,0
2026-09-14 00:12:56Z,NYG,pre,0.0,PRE,0,11632,Malik Nabers,WR,16.5,0.0,16.5,16.5,16.5,16.5,0.0,1.0,16.5,,0.0,0
2026-09-14 00:12:56Z,NYG,pre,0.0,PRE,0,7090,Darnell Mooney,WR,5.6,0.0,5.6,5.6,5.6,5.6,0.0,1.0,5.6,,0.0,0
2026-09-14 00:12:56Z,NYG,pre,0.0,PRE,0,2306,Jameis Winston,QB,0.5,0.0,0.5,0.5,0.5,0.5,0.0,1.0,0.5,,0.0,0
2026-09-14 00:12:56Z,DAL,pre,0.0,PRE,0,11593,Brevyn Spann-Ford,TE,0.5,0.0,0.5,0.5,0.5,0.5,0.0,1.0,0.5,,0.0,0
2026-09-14 00:12:56Z,NYG,pre,0.0,PRE,0,2078,Odell Beckham,WR,4.3,0.0,4.3,4.3,4.3,4.3,0.0,1.0,4.3,,0.0,0
2026-09-14 00:12:56Z,NYG,pre,0.0,PRE,0,12481,Cam Skattebo,RB,14.1,0.0,14.1,14.1,14.1,14.1,0.0,1.0,14.1,,0.0,0
2026-09-14 00:12:56Z,DAL,pre,0.0,PRE,0,11199,Emari Demercado,RB,1.8,0.0,1.8,1.8,1.8,1.8,0.0,1.0,1.8,,0.0,0
2026-09-14 00:12:56Z,NYG,pre,0.0,PRE,0,NYG,New York Giants D/ST,DST,5.2,0.0,5.2,5.2,5.2,5.2,0.0,1.0,5.2,,0.0,0
2026-09-14 00:12:56Z,NYG,pre,0.0,PRE,0,7528,Najee Harris,RB,4.2,0.0,4.2,4.2,4.2,4.2,0.0,1.0,4.2,,0.0,0
2026-09-14 00:12:56Z,DAL,pre,0.0,PRE,0,8162,Sam Howell,QB,0.6,0.0,0.6,0.6,0.6,0.6,0.0,1.0,0.6,,0.0,0
2026-09-14 00:12:56Z,DAL,pre,0.0,PRE,0,11783,Ryan Flournoy,WR,7.4,0.0,7.4,7.4,7.4,7.4,0.0,1.0,7.4,,0.0,0
2026-09-14 00:12:56Z,DAL,pre,0.0,PRE,0,10871,Luke Schoonmaker,TE,1.7,0.0,1.7,1.7,1.7,1.7,0.0,1.0,1.7,,0.0,0
2026-09-14 00:12:56Z,DAL,pre,0.0,PRE,0,7588,Javonte Williams,RB,16.9,0.0,16.9,16.9,16.9,16.9,0.0,1.0,16.9,,0.0,0
2026-09-14 00:14:57Z,DAL,pre,0.0,PRE,0,11533,Brandon Aubrey,K,9.6,0.0,9.6,9.6,9.6,9.6,0.0,1.0,9.6,,0.0,0
2026-09-14 00:14:57Z,DAL,pre,0.0,PRE,0,6786,CeeDee Lamb,WR,18.3,0.0,18.3,18.3,18.3,18.3,0.0,1.0,18.3,,0.0,0
2026-09-14 00:14:57Z,DAL,pre,0.0,PRE,0,3294,Dak Prescott,QB,18.5,0.0,18.5,18.5,18.5,18.5,0.0,1.0,18.5,,0.0,0
2026-09-14 00:14:57Z,NYG,pre,0.0,PRE,0,13833,Dominic Zvada,K,8.2,0.0,8.2,8.2,8.2,8.2,0.0,1.0,8.2,,0.0,0
2026-09-14 00:14:57Z,DAL,pre,0.0,PRE,0,8110,Jake Ferguson,TE,9.3,0.0,9.3,9.3,9.3,9.3,0.0,1.0,9.3,,0.0,0
2026-09-14 00:14:57Z,NYG,pre,0.0,PRE,0,8131,Isaiah Likely,TE,10.7,0.0,10.7,10.7,10.7,10.7,0.0,1.0,10.7,,0.0,0
2026-09-14 00:14:57Z,DAL,pre,0.0,PRE,0,DAL,Dallas Cowboys D/ST,DST,6.5,0.0,6.5,6.5,6.5,6.5,0.0,1.0,6.5,,0.0,0
2026-09-14 00:14:57Z,DAL,pre,0.0,PRE,0,8137,George Pickens,WR,15.2,0.0,15.2,15.2,15.2,15.2,0.0,1.0,15.2,,0.0,0
2026-09-14 00:14:57Z,NYG,pre,0.0,PRE,0,11597,Theo Johnson,TE,4.3,0.0,4.3,4.3,4.3,4.3,0.0,1.0,4.3,,0.0,0
2026-09-14 00:14:57Z,NYG,pre,0.0,PRE,0,12508,Jaxson Dart,QB,20.5,0.0,20.5,20.5,20.5,20.5,0.0,1.0,20.5,,0.0,0
2026-09-14 00:14:57Z,NYG,pre,0.0,PRE,0,13285,Malachi Fields,WR,6.2,0.0,6.2,6.2,6.2,6.2,0.0,1.0,6.2,,0.0,0
2026-09-14 00:14:57Z,DAL,pre,0.0,PRE,0,8917,KaVontae Turpin,WR,4.3,0.0,4.3,4.3,4.3,4.3,0.0,1.0,4.3,,0.0,0
2026-09-14 00:14:57Z,NYG,pre,0.0,PRE,0,11655,Tyrone Tracy,RB,2.4,0.0,2.4,2.4,2.4,2.4,0.0,1.0,2.4,,0.0,0
2026-09-14 00:14:57Z,NYG,pre,0.0,PRE,0,11632,Malik Nabers,WR,16.5,0.0,16.5,16.5,16.5,16.5,0.0,1.0,16.5,,0.0,0
2026-09-14 00:14:57Z,NYG,pre,0.0,PRE,0,7090,Darnell Mooney,WR,5.6,0.0,5.6,5.6,5.6,5.6,0.0,1.0,5.6,,0.0,0
2026-09-14 00:14:57Z,NYG,pre,0.0,PRE,0,2306,Jameis Winston,QB,0.5,0.0,0.5,0.5,0.5,0.5,0.0,1.0,0.5,,0.0,0
2026-09-14 00:14:57Z,DAL,pre,0.0,PRE,0,11593,Brevyn Spann-Ford,TE,0.5,0.0,0.5,0.5,0.5,0.5,0.0,1.0,0.5,,0.0,0
2026-09-14 00:14:57Z,NYG,pre,0.0,PRE,0,2078,Odell Beckham,WR,4.3,0.0,4.3,4.3,4.3,4.3,0.0,1.0,4.3,,0.0,0
2026-09-14 00:14:57Z,NYG,pre,0.0,PRE,0,12481,Cam Skattebo,RB,14.1,0.0,14.1,14.1,14.1,14.1,0.0,1.0,14.1,,0.0,0
2026-09-14 00:14:57Z,DAL,pre,0.0,PRE,0,11199,Emari Demercado,RB,1.8,0.0,1.8,1.8,1.8,1.8,0.0,1.0,1.8,,0.0,0
2026-09-14 00:14:57Z,NYG,pre,0.0,PRE,0,NYG,New York Giants D/ST,DST,5.2,0.0,5.2,5.2,5.2,5.2,0.0,1.0,5.2,,0.0,0
2026-09-14 00:14:57Z,NYG,pre,0.0,PRE,0,7528,Najee Harris,RB,4.2,0.0,4.2,4.2,4.2,4.2,0.0,1.0,4.2,,0.0,0
2026-09-14 00:14:57Z,DAL,pre,0.0,PRE,0,8162,Sam Howell,QB,0.6,0.0,0.6,0.6,0.6,0.6,0.0,1.0,0.6,,0.0,0
2026-09-14 00:14:57Z,DAL,pre,0.0,PRE,0,11783,Ryan Flournoy,WR,7.4,0.0,7.4,7.4,7.4,7.4,0.0,1.0,7.4,,0.0,0
2026-09-14 00:14:57Z,DAL,pre,0.0,PRE,0,10871,Luke Schoonmaker,TE,1.7,0.0,1.7,1.7,1.7,1.7,0.0,1.0,1.7,,0.0,0
2026-09-14 00:14:57Z,DAL,pre,0.0,PRE,0,7588,Javonte Williams,RB,16.9,0.0,16.9,16.9,16.9,16.9,0.0,1.0,16.9,,0.0,0
2026-09-14 00:16:57Z,DAL,pre,0.0,PRE,0,11533,Brandon Aubrey,K,9.6,0.0,9.6,9.6,9.6,9.6,0.0,1.0,9.6,,0.0,0
2026-09-14 00:16:57Z,DAL,pre,0.0,PRE,0,6786,CeeDee Lamb,WR,18.3,0.0,18.3,18.3,18.3,18.3,0.0,1.0,18.3,,0.0,0
2026-09-14 00:16:57Z,DAL,pre,0.0,PRE,0,3294,Dak Prescott,QB,18.5,0.0,18.5,18.5,18.5,18.5,0.0,1.0,18.5,,0.0,0
2026-09-14 00:16:57Z,NYG,pre,0.0,PRE,0,13833,Dominic Zvada,K,8.2,0.0,8.2,8.2,8.2,8.2,0.0,1.0,8.2,,0.0,0
2026-09-14 00:16:57Z,DAL,pre,0.0,PRE,0,8110,Jake Ferguson,TE,9.3,0.0,9.3,9.3,9.3,9.3,0.0,1.0,9.3,,0.0,0
2026-09-14 00:16:57Z,NYG,pre,0.0,PRE,0,8131,Isaiah Likely,TE,10.7,0.0,10.7,10.7,10.7,10.7,0.0,1.0,10.7,,0.0,0
2026-09-14 00:16:57Z,DAL,pre,0.0,PRE,0,DAL,Dallas Cowboys D/ST,DST,6.5,0.0,6.5,6.5,6.5,6.5,0.0,1.0,6.5,,0.0,0
2026-09-14 00:16:57Z,DAL,pre,0.0,PRE,0,8137,George Pickens,WR,15.2,0.0,15.2,15.2,15.2,15.2,0.0,1.0,15.2,,0.0,0
2026-09-14 00:16:57Z,NYG,pre,0.0,PRE,0,11597,Theo Johnson,TE,4.3,0.0,4.3,4.3,4.3,4.3,0.0,1.0,4.3,,0.0,0
2026-09-14 00:16:57Z,NYG,pre,0.0,PRE,0,12508,Jaxson Dart,QB,20.5,0.0,20.5,20.5,20.5,20.5,0.0,1.0,20.5,,0.0,0
2026-09-14 00:16:57Z,NYG,pre,0.0,PRE,0,13285,Malachi Fields,WR,6.2,0.0,6.2,6.2,6.2,6.2,0.0,1.0,6.2,,0.0,0
2026-09-14 00:16:57Z,DAL,pre,0.0,PRE,0,8917,KaVontae Turpin,WR,4.3,0.0,4.3,4.3,4.3,4.3,0.0,1.0,4.3,,0.0,0
2026-09-14 00:16:57Z,NYG,pre,0.0,PRE,0,11655,Tyrone Tracy,RB,2.4,0.0,2.4,2.4,2.4,2.4,0.0,1.0,2.4,,0.0,0
2026-09-14 00:16:57Z,NYG,pre,0.0,PRE,0,11632,Malik Nabers,WR,16.5,0.0,16.5,16.5,16.5,16.5,0.0,1.0,16.5,,0.0,0
2026-09-14 00:16:57Z,NYG,pre,0.0,PRE,0,7090,Darnell Mooney,WR,5.6,0.0,5.6,5.6,5.6,5.6,0.0,1.0,5.6,,0.0,0
2026-09-14 00:16:57Z,NYG,pre,0.0,PRE,0,2306,Jameis Winston,QB,0.5,0.0,0.5,0.5,0.5,0.5,0.0,1.0,0.5,,0.0,0
2026-09-14 00:16:57Z,DAL,pre,0.0,PRE,0,11593,Brevyn Spann-Ford,TE,0.5,0.0,0.5,0.5,0.5,0.5,0.0,1.0,0.5,,0.0,0
2026-09-14 00:16:57Z,NYG,pre,0.0,PRE,0,2078,Odell Beckham,WR,4.3,0.0,4.3,4.3,4.3,4.3,0.0,1.0,4.3,,0.0,0
2026-09-14 00:16:57Z,NYG,pre,0.0,PRE,0,12481,Cam Skattebo,RB,14.1,0.0,14.1,14.1,14.1,14.1,0.0,1.0,14.1,,0.0,0
2026-09-14 00:16:57Z,DAL,pre,0.0,PRE,0,11199,Emari Demercado,RB,1.8,0.0,1.8,1.8,1.8,1.8,0.0,1.0,1.8,,0.0,0
2026-09-14 00:16:57Z,NYG,pre,0.0,PRE,0,NYG,New York Giants D/ST,DST,5.2,0.0,5.2,5.2,5.2,5.2,0.0,1.0,5.2,,0.0,0
2026-09-14 00:16:57Z,NYG,pre,0.0,PRE,0,7528,Najee Harris,RB,4.2,0.0,4.2,4.2,4.2,4.2,0.0,1.0,4.2,,0.0,0
2026-09-14 00:16:57Z,DAL,pre,0.0,PRE,0,8162,Sam Howell,QB,0.6,0.0,0.6,0.6,0.6,0.6,0.0,1.0,0.6,,0.0,0
2026-09-14 00:16:57Z,DAL,pre,0.0,PRE,0,11783,Ryan Flournoy,WR,7.4,0.0,7.4,7.4,7.4,7.4,0.0,1.0,7.4,,0.0,0
2026-09-14 00:16:57Z,DAL,pre,0.0,PRE,0,10871,Luke Schoonmaker,TE,1.7,0.0,1.7,1.7,1.7,1.7,0.0,1.0,1.7,,0.0,0
2026-09-14 00:16:57Z,DAL,pre,0.0,PRE,0,7588,Javonte Williams,RB,16.9,0.0,16.9,16.9,16.9,16.9,0.0,1.0,16.9,,0.0,0
2026-09-14 00:18:58Z,DAL,pre,0.0,PRE,0,11533,Brandon Aubrey,K,9.6,0.0,9.6,9.6,9.6,9.6,0.0,1.0,9.6,,0.0,0
2026-09-14 00:18:58Z,DAL,pre,0.0,PRE,0,6786,CeeDee Lamb,WR,18.3,0.0,18.3,18.3,18.3,18.3,0.0,1.0,18.3,,0.0,0
2026-09-14 00:18:58Z,DAL,pre,0.0,PRE,0,3294,Dak Prescott,QB,18.5,0.0,18.5,18.5,18.5,18.5,0.0,1.0,18.5,,0.0,0
2026-09-14 00:18:58Z,NYG,pre,0.0,PRE,0,13833,Dominic Zvada,K,8.2,0.0,8.2,8.2,8.2,8.2,0.0,1.0,8.2,,0.0,0
2026-09-14 00:18:58Z,DAL,pre,0.0,PRE,0,8110,Jake Ferguson,TE,9.3,0.0,9.3,9.3,9.3,9.3,0.0,1.0,9.3,,0.0,0
2026-09-14 00:18:58Z,NYG,pre,0.0,PRE,0,8131,Isaiah Likely,TE,10.7,0.0,10.7,10.7,10.7,10.7,0.0,1.0,10.7,,0.0,0
2026-09-14 00:18:58Z,DAL,pre,0.0,PRE,0,DAL,Dallas Cowboys D/ST,DST,6.5,0.0,6.5,6.5,6.5,6.5,0.0,1.0,6.5,,0.0,0
2026-09-14 00:18:58Z,DAL,pre,0.0,PRE,0,8137,George Pickens,WR,15.2,0.0,15.2,15.2,15.2,15.2,0.0,1.0,15.2,,0.0,0
2026-09-14 00:18:58Z,NYG,pre,0.0,PRE,0,11597,Theo Johnson,TE,4.3,0.0,4.3,4.3,4.3,4.3,0.0,1.0,4.3,,0.0,0
2026-09-14 00:18:58Z,NYG,pre,0.0,PRE,0,12508,Jaxson Dart,QB,20.5,0.0,20.5,20.5,20.5,20.5,0.0,1.0,20.5,,0.0,0
2026-09-14 00:18:58Z,NYG,pre,0.0,PRE,0,13285,Malachi Fields,WR,6.2,0.0,6.2,6.2,6.2,6.2,0.0,1.0,6.2,,0.0,0
2026-09-14 00:18:58Z,DAL,pre,0.0,PRE,0,8917,KaVontae Turpin,WR,4.3,0.0,4.3,4.3,4.3,4.3,0.0,1.0,4.3,,0.0,0
2026-09-14 00:18:58Z,NYG,pre,0.0,PRE,0,11655,Tyrone Tracy,RB,2.4,0.0,2.4,2.4,2.4,2.4,0.0,1.0,2.4,,0.0,0
2026-09-14 00:18:58Z,NYG,pre,0.0,PRE,0,11632,Malik Nabers,WR,16.5,0.0,16.5,16.5,16.5,16.5,0.0,1.0,16.5,,0.0,0
2026-09-14 00:18:58Z,NYG,pre,0.0,PRE,0,7090,Darnell Mooney,WR,5.6,0.0,5.6,5.6,5.6,5.6,0.0,1.0,5.6,,0.0,0
2026-09-14 00:18:58Z,NYG,pre,0.0,PRE,0,2306,Jameis Winston,QB,0.5,0.0,0.5,0.5,0.5,0.5,0.0,1.0,0.5,,0.0,0
2026-09-14 00:18:58Z,DAL,pre,0.0,PRE,0,11593,Brevyn Spann-Ford,TE,0.5,0.0,0.5,0.5,0.5,0.5,0.0,1.0,0.5,,0.0,0
2026-09-14 00:18:58Z,NYG,pre,0.0,PRE,0,2078,Odell Beckham,WR,4.3,0.0,4.3,4.3,4.3,4.3,0.0,1.0,4.3,,0.0,0
2026-09-14 00:18:58Z,NYG,pre,0.0,PRE,0,12481,Cam Skattebo,RB,14.1,0.0,14.1,14.1,14.1,14.1,0.0,1.0,14.1,,0.0,0
2026-09-14 00:18:58Z,DAL,pre,0.0,PRE,0,11199,Emari Demercado,RB,1.8,0.0,1.8,1.8,1.8,1.8,0.0,1.0,1.8,,0.0,0
2026-09-14 00:18:58Z,NYG,pre,0.0,PRE,0,NYG,New York Giants D/ST,DST,5.2,0.0,5.2,5.2,5.2,5.2,0.0,1.0,5.2,,0.0,0
2026-09-14 00:18:58Z,NYG,pre,0.0,PRE,0,7528,Najee Harris,RB,4.2,0.0,4.2,4.2,4.2,4.2,0.0,1.0,4.2,,0.0,0
2026-09-14 00:18:58Z,DAL,pre,0.0,PRE,0,8162,Sam Howell,QB,0.6,0.0,0.6,0.6,0.6,0.6,0.0,1.0,0.6,,0.0,0
2026-09-14 00:18:58Z,DAL,pre,0.0,PRE,0,11783,Ryan Flournoy,WR,7.4,0.0,7.4,7.4,7.4,7.4,0.0,1.0,7.4,,0.0,0
2026-09-14 00:18:58Z,DAL,pre,0.0,PRE,0,10871,Luke Schoonmaker,TE,1.7,0.0,1.7,1.7,1.7,1.7,0.0,1.0,1.7,,0.0,0
2026-09-14 00:18:58Z,DAL,pre,0.0,PRE,0,7588,Javonte Williams,RB,16.9,0.0,16.9,16.9,16.9,16.9,0.0,1.0,16.9,,0.0,0
2026-09-14 00:20:58Z,DAL,pre,0.0,PRE,0,11533,Brandon Aubrey,K,9.6,0.0,9.6,9.6,9.6,9.6,0.0,1.0,9.6,,0.0,0
2026-09-14 00:20:58Z,DAL,pre,0.0,PRE,0,6786,CeeDee Lamb,WR,18.3,0.0,18.3,18.3,18.3,18.3,0.0,1.0,18.3,,0.0,0
2026-09-14 00:20:58Z,DAL,pre,0.0,PRE,0,3294,Dak Prescott,QB,18.5,0.0,18.5,18.5,18.5,18.5,0.0,1.0,18.5,,0.0,0
2026-09-14 00:20:58Z,NYG,pre,0.0,PRE,0,13833,Dominic Zvada,K,8.2,0.0,8.2,8.2,8.2,8.2,0.0,1.0,8.2,,0.0,0
2026-09-14 00:20:58Z,DAL,pre,0.0,PRE,0,8110,Jake Ferguson,TE,9.3,0.0,9.3,9.3,9.3,9.3,0.0,1.0,9.3,,0.0,0
2026-09-14 00:20:58Z,NYG,pre,0.0,PRE,0,8131,Isaiah Likely,TE,10.7,0.0,10.7,10.7,10.7,10.7,0.0,1.0,10.7,,0.0,0
2026-09-14 00:20:58Z,DAL,pre,0.0,PRE,0,DAL,Dallas Cowboys D/ST,DST,6.5,0.0,6.5,6.5,6.5,6.5,0.0,1.0,6.5,,0.0,0
2026-09-14 00:20:58Z,DAL,pre,0.0,PRE,0,8137,George Pickens,WR,15.2,0.0,15.2,15.2,15.2,15.2,0.0,1.0,15.2,,0.0,0
2026-09-14 00:20:58Z,NYG,pre,0.0,PRE,0,11597,Theo Johnson,TE,4.3,0.0,4.3,4.3,4.3,4.3,0.0,1.0,4.3,,0.0,0
2026-09-14 00:20:58Z,NYG,pre,0.0,PRE,0,12508,Jaxson Dart,QB,20.5,0.0,20.5,20.5,20.5,20.5,0.0,1.0,20.5,,0.0,0
2026-09-14 00:20:58Z,NYG,pre,0.0,PRE,0,13285,Malachi Fields,WR,6.2,0.0,6.2,6.2,6.2,6.2,0.0,1.0,6.2,,0.0,0
2026-09-14 00:20:58Z,DAL,pre,0.0,PRE,0,8917,KaVontae Turpin,WR,4.3,0.0,4.3,4.3,4.3,4.3,0.0,1.0,4.3,,0.0,0
2026-09-14 00:20:58Z,NYG,pre,0.0,PRE,0,11655,Tyrone Tracy,RB,2.4,0.0,2.4,2.4,2.4,2.4,0.0,1.0,2.4,,0.0,0
2026-09-14 00:20:58Z,NYG,pre,0.0,PRE,0,11632,Malik Nabers,WR,16.5,0.0,16.5,16.5,16.5,16.5,0.0,1.0,16.5,,0.0,0
2026-09-14 00:20:58Z,NYG,pre,0.0,PRE,0,7090,Darnell Mooney,WR,5.6,0.0,5.6,5.6,5.6,5.6,0.0,1.0,5.6,,0.0,0
2026-09-14 00:20:58Z,NYG,pre,0.0,PRE,0,2306,Jameis Winston,QB,0.5,0.0,0.5,0.5,0.5,0.5,0.0,1.0,0.5,,0.0,0
2026-09-14 00:20:58Z,DAL,pre,0.0,PRE,0,11593,Brevyn Spann-Ford,TE,0.5,0.0,0.5,0.5,0.5,0.5,0.0,1.0,0.5,,0.0,0
2026-09-14 00:20:58Z,NYG,pre,0.0,PRE,0,2078,Odell Beckham,WR,4.3,0.0,4.3,4.3,4.3,4.3,0.0,1.0,4.3,,0.0,0
2026-09-14 00:20:58Z,NYG,pre,0.0,PRE,0,12481,Cam Skattebo,RB,14.1,0.0,14.1,14.1,14.1,14.1,0.0,1.0,14.1,,0.0,0
2026-09-14 00:20:58Z,DAL,pre,0.0,PRE,0,11199,Emari Demercado,RB,1.8,0.0,1.8,1.8,1.8,1.8,0.0,1.0,1.8,,0.0,0
2026-09-14 00:20:58Z,NYG,pre,0.0,PRE,0,NYG,New York Giants D/ST,DST,5.2,0.0,5.2,5.2,5.2,5.2,0.0,1.0,5.2,,0.0,0
2026-09-14 00:20:58Z,NYG,pre,0.0,PRE,0,7528,Najee Harris,RB,4.2,0.0,4.2,4.2,4.2,4.2,0.0,1.0,4.2,,0.0,0
2026-09-14 00:20:58Z,DAL,pre,0.0,PRE,0,8162,Sam Howell,QB,0.6,0.0,0.6,0.6,0.6,0.6,0.0,1.0,0.6,,0.0,0
2026-09-14 00:20:58Z,DAL,pre,0.0,PRE,0,11783,Ryan Flournoy,WR,7.4,0.0,7.4,7.4,7.4,7.4,0.0,1.0,7.4,,0.0,0
2026-09-14 00:20:58Z,DAL,pre,0.0,PRE,0,10871,Luke Schoonmaker,TE,1.7,0.0,1.7,1.7,1.7,1.7,0.0,1.0,1.7,,0.0,0
2026-09-14 00:20:58Z,DAL,pre,0.0,PRE,0,7588,Javonte Williams,RB,16.9,0.0,16.9,16.9,16.9,16.9,0.0,1.0,16.9,,0.0,0
2026-09-14 00:22:58Z,DAL,pre,0.0,PRE,0,11533,Brandon Aubrey,K,9.6,0.0,9.6,9.6,9.6,9.6,0.0,1.0,9.6,,0.0,0
2026-09-14 00:22:58Z,DAL,pre,0.0,PRE,0,6786,CeeDee Lamb,WR,18.3,0.0,18.3,18.3,18.3,18.3,0.0,1.0,18.3,,0.0,0
2026-09-14 00:22:58Z,DAL,pre,0.0,PRE,0,3294,Dak Prescott,QB,18.5,0.0,18.5,18.5,18.5,18.5,0.0,1.0,18.5,,0.0,0
2026-09-14 00:22:58Z,NYG,pre,0.0,PRE,0,13833,Dominic Zvada,K,8.2,0.0,8.2,8.2,8.2,8.2,0.0,1.0,8.2,,0.0,0
2026-09-14 00:22:58Z,DAL,pre,0.0,PRE,0,8110,Jake Ferguson,TE,9.3,0.0,9.3,9.3,9.3,9.3,0.0,1.0,9.3,,0.0,0
2026-09-14 00:22:58Z,NYG,pre,0.0,PRE,0,8131,Isaiah Likely,TE,10.7,0.0,10.7,10.7,10.7,10.7,0.0,1.0,10.7,,0.0,0
2026-09-14 00:22:58Z,DAL,pre,0.0,PRE,0,DAL,Dallas Cowboys D/ST,DST,6.5,0.0,6.5,6.5,6.5,6.5,0.0,1.0,6.5,,0.0,0
2026-09-14 00:22:58Z,DAL,pre,0.0,PRE,0,8137,George Pickens,WR,15.2,0.0,15.2,15.2,15.2,15.2,0.0,1.0,15.2,,0.0,0
2026-09-14 00:22:58Z,NYG,pre,0.0,PRE,0,11597,Theo Johnson,TE,4.3,0.0,4.3,4.3,4.3,4.3,0.0,1.0,4.3,,0.0,0
2026-09-14 00:22:58Z,NYG,pre,0.0,PRE,0,12508,Jaxson Dart,QB,20.5,0.0,20.5,20.5,20.5,20.5,0.0,1.0,20.5,,0.0,0
2026-09-14 00:22:58Z,NYG,pre,0.0,PRE,0,13285,Malachi Fields,WR,6.2,0.0,6.2,6.2,6.2,6.2,0.0,1.0,6.2,,0.0,0
2026-09-14 00:22:58Z,DAL,pre,0.0,PRE,0,8917,KaVontae Turpin,WR,4.3,0.0,4.3,4.3,4.3,4.3,0.0,1.0,4.3,,0.0,0
2026-09-14 00:22:58Z,NYG,pre,0.0,PRE,0,11655,Tyrone Tracy,RB,2.4,0.0,2.4,2.4,2.4,2.4,0.0,1.0,2.4,,0.0,0
2026-09-14 00:22:58Z,NYG,pre,0.0,PRE,0,11632,Malik Nabers,WR,16.5,0.0,16.5,16.5,16.5,16.5,0.0,1.0,16.5,,0.0,0
2026-09-14 00:22:58Z,NYG,pre,0.0,PRE,0,7090,Darnell Mooney,WR,5.6,0.0,5.6,5.6,5.6,5.6,0.0,1.0,5.6,,0.0,0
2026-09-14 00:22:58Z,NYG,pre,0.0,PRE,0,2306,Jameis Winston,QB,0.5,0.0,0.5,0.5,0.5,0.5,0.0,1.0,0.5,,0.0,0
2026-09-14 00:22:58Z,DAL,pre,0.0,PRE,0,11593,Brevyn Spann-Ford,TE,0.5,0.0,0.5,0.5,0.5,0.5,0.0,1.0,0.5,,0.0,0
2026-09-14 00:22:58Z,NYG,pre,0.0,PRE,0,2078,Odell Beckham,WR,4.3,0.0,4.3,4.3,4.3,4.3,0.0,1.0,4.3,,0.0,0
2026-09-14 00:22:58Z,NYG,pre,0.0,PRE,0,12481,Cam Skattebo,RB,14.1,0.0,14.1,14.1,14.1,14.1,0.0,1.0,14.1,,0.0,0
2026-09-14 00:22:58Z,DAL,pre,0.0,PRE,0,11199,Emari Demercado,RB,1.8,0.0,1.8,1.8,1.8,1.8,0.0,1.0,1.8,,0.0,0
2026-09-14 00:22:58Z,NYG,pre,0.0,PRE,0,NYG,New York Giants D/ST,DST,5.2,0.0,5.2,5.2,5.2,5.2,0.0,1.0,5.2,,0.0,0
2026-09-14 00:22:58Z,NYG,pre,0.0,PRE,0,7528,Najee Harris,RB,4.2,0.0,4.2,4.2,4.2,4.2,0.0,1.0,4.2,,0.0,0
2026-09-14 00:22:58Z,DAL,pre,0.0,PRE,0,8162,Sam Howell,QB,0.6,0.0,0.6,0.6,0.6,0.6,0.0,1.0,0.6,,0.0,0
2026-09-14 00:22:58Z,DAL,pre,0.0,PRE,0,11783,Ryan Flournoy,WR,7.4,0.0,7.4,7.4,7.4,7.4,0.0,1.0,7.4,,0.0,0
2026-09-14 00:22:58Z,DAL,pre,0.0,PRE,0,10871,Luke Schoonmaker,TE,1.7,0.0,1.7,1.7,1.7,1.7,0.0,1.0,1.7,,0.0,0
2026-09-14 00:22:58Z,DAL,pre,0.0,PRE,0,7588,Javonte Williams,RB,16.9,0.0,16.9,16.9,16.9,16.9,0.0,1.0,16.9,,0.0,0
2026-09-14 00:24:59Z,DAL,pre,0.0,PRE,0,11533,Brandon Aubrey,K,9.6,0.0,9.6,9.6,9.6,9.6,0.0,1.0,9.6,,0.0,0
2026-09-14 00:24:59Z,DAL,pre,0.0,PRE,0,6786,CeeDee Lamb,WR,18.3,0.0,18.3,18.3,18.3,18.3,0.0,1.0,18.3,,0.0,0
2026-09-14 00:24:59Z,DAL,pre,0.0,PRE,0,3294,Dak Prescott,QB,18.5,0.0,18.5,18.5,18.5,18.5,0.0,1.0,18.5,,0.0,0
2026-09-14 00:24:59Z,NYG,pre,0.0,PRE,0,13833,Dominic Zvada,K,8.2,0.0,8.2,8.2,8.2,8.2,0.0,1.0,8.2,,0.0,0
2026-09-14 00:24:59Z,DAL,pre,0.0,PRE,0,8110,Jake Ferguson,TE,9.3,0.0,9.3,9.3,9.3,9.3,0.0,1.0,9.3,,0.0,0
2026-09-14 00:24:59Z,NYG,pre,0.0,PRE,0,8131,Isaiah Likely,TE,10.7,0.0,10.7,10.7,10.7,10.7,0.0,1.0,10.7,,0.0,0
2026-09-14 00:24:59Z,DAL,pre,0.0,PRE,0,DAL,Dallas Cowboys D/ST,DST,6.5,10.0,6.5,6.5,6.5,6.5,0.0,1.0,6.5,,0.0,0
2026-09-14 00:24:59Z,DAL,pre,0.0,PRE,0,8137,George Pickens,WR,15.2,0.0,15.2,15.2,15.2,15.2,0.0,1.0,15.2,,0.0,0
2026-09-14 00:24:59Z,NYG,pre,0.0,PRE,0,11597,Theo Johnson,TE,4.3,0.0,4.3,4.3,4.3,4.3,0.0,1.0,4.3,,0.0,0
2026-09-14 00:24:59Z,NYG,pre,0.0,PRE,0,12508,Jaxson Dart,QB,20.5,0.0,20.5,20.5,20.5,20.5,0.0,1.0,20.5,,0.0,0
2026-09-14 00:24:59Z,NYG,pre,0.0,PRE,0,13285,Malachi Fields,WR,6.2,0.0,6.2,6.2,6.2,6.2,0.0,1.0,6.2,,0.0,0
2026-09-14 00:24:59Z,DAL,pre,0.0,PRE,0,8917,KaVontae Turpin,WR,4.3,0.0,4.3,4.3,4.3,4.3,0.0,1.0,4.3,,0.0,0
2026-09-14 00:24:59Z,NYG,pre,0.0,PRE,0,11655,Tyrone Tracy,RB,2.4,0.0,2.4,2.4,2.4,2.4,0.0,1.0,2.4,,0.0,0
2026-09-14 00:24:59Z,NYG,pre,0.0,PRE,0,11632,Malik Nabers,WR,16.5,0.0,16.5,16.5,16.5,16.5,0.0,1.0,16.5,,0.0,0
2026-09-14 00:24:59Z,NYG,pre,0.0,PRE,0,7090,Darnell Mooney,WR,5.6,0.0,5.6,5.6,5.6,5.6,0.0,1.0,5.6,,0.0,0
2026-09-14 00:24:59Z,NYG,pre,0.0,PRE,0,2306,Jameis Winston,QB,0.5,0.0,0.5,0.5,0.5,0.5,0.0,1.0,0.5,,0.0,0
2026-09-14 00:24:59Z,DAL,pre,0.0,PRE,0,11593,Brevyn Spann-Ford,TE,0.5,0.0,0.5,0.5,0.5,0.5,0.0,1.0,0.5,,0.0,0
2026-09-14 00:24:59Z,NYG,pre,0.0,PRE,0,2078,Odell Beckham,WR,4.3,0.0,4.3,4.3,4.3,4.3,0.0,1.0,4.3,,0.0,0
2026-09-14 00:24:59Z,NYG,pre,0.0,PRE,0,12481,Cam Skattebo,RB,14.1,0.0,14.1,14.1,14.1,14.1,0.0,1.0,14.1,,0.0,0
2026-09-14 00:24:59Z,DAL,pre,0.0,PRE,0,11199,Emari Demercado,RB,1.8,0.0,1.8,1.8,1.8,1.8,0.0,1.0,1.8,,0.0,0
2026-09-14 00:24:59Z,NYG,pre,0.0,PRE,0,NYG,New York Giants D/ST,DST,5.2,10.0,5.2,5.2,5.2,5.2,0.0,1.0,5.2,,0.0,0
2026-09-14 00:24:59Z,NYG,pre,0.0,PRE,0,7528,Najee Harris,RB,4.2,0.0,4.2,4.2,4.2,4.2,0.0,1.0,4.2,,0.0,0
2026-09-14 00:24:59Z,DAL,pre,0.0,PRE,0,8162,Sam Howell,QB,0.6,0.0,0.6,0.6,0.6,0.6,0.0,1.0,0.6,,0.0,0
2026-09-14 00:24:59Z,DAL,pre,0.0,PRE,0,11783,Ryan Flournoy,WR,7.4,0.0,7.4,7.4,7.4,7.4,0.0,1.0,7.4,,0.0,0
2026-09-14 00:24:59Z,DAL,pre,0.0,PRE,0,10871,Luke Schoonmaker,TE,1.7,0.0,1.7,1.7,1.7,1.7,0.0,1.0,1.7,,0.0,0
2026-09-14 00:24:59Z,DAL,pre,0.0,PRE,0,7588,Javonte Williams,RB,16.9,0.0,16.9,16.9,16.9,16.9,0.0,1.0,16.9,,0.0,0
2026-09-14 00:26:59Z,DAL,in,0.012,Q1 14:18,0,11533,Brandon Aubrey,K,9.6,0.0,9.49,9.49,9.49,9.49,0.012,1.0,9.49,,0.0,0
2026-09-14 00:26:59Z,DAL,in,0.012,Q1 14:18,0,6786,CeeDee Lamb,WR,18.3,0.0,17.34,17.34,18.09,18.09,0.012,1.0,17.34,,0.0,0
2026-09-14 00:26:59Z,DAL,in,0.012,Q1 14:18,0,3294,Dak Prescott,QB,18.5,0.0,18.14,18.14,18.28,18.28,0.012,1.0,18.14,,0.0,0
2026-09-14 00:26:59Z,NYG,in,0.012,Q1 14:18,0,13833,Dominic Zvada,K,8.2,0.0,8.1,8.1,8.1,8.1,0.012,1.0,8.1,,0.0,0
2026-09-14 00:26:59Z,DAL,in,0.012,Q1 14:18,0,8110,Jake Ferguson,TE,9.3,0.0,8.81,8.81,9.19,9.19,0.012,1.0,8.81,,0.0,0
2026-09-14 00:26:59Z,NYG,in,0.012,Q1 14:18,0,8131,Isaiah Likely,TE,10.7,0.0,10.14,10.14,10.58,10.58,0.012,1.0,10.14,,0.0,0
2026-09-14 00:26:59Z,DAL,in,0.012,Q1 14:18,0,DAL,Dallas Cowboys D/ST,DST,6.5,10.0,-3.67,6.33,16.42,16.42,0.012,1.0,6.33,,0.0,0
2026-09-14 00:26:59Z,DAL,in,0.012,Q1 14:18,0,8137,George Pickens,WR,15.2,0.0,14.4,14.4,15.02,15.02,0.012,1.0,14.4,,0.0,0
2026-09-14 00:26:59Z,NYG,in,0.012,Q1 14:18,0,11597,Theo Johnson,TE,4.3,0.0,4.07,4.07,4.25,4.25,0.012,1.0,4.07,,0.0,0
2026-09-14 00:26:59Z,NYG,in,0.012,Q1 14:18,0,12508,Jaxson Dart,QB,20.5,0.0,20.1,20.1,20.26,20.26,0.012,1.0,20.1,,0.0,0
2026-09-14 00:26:59Z,NYG,in,0.012,Q1 14:18,0,13285,Malachi Fields,WR,6.2,0.0,5.87,5.87,6.13,6.13,0.012,1.0,5.87,,0.0,0
2026-09-14 00:26:59Z,DAL,in,0.012,Q1 14:18,0,8917,KaVontae Turpin,WR,4.3,0.0,4.07,4.07,4.25,4.25,0.012,1.0,4.07,,0.0,0
2026-09-14 00:26:59Z,NYG,in,0.012,Q1 14:18,0,11655,Tyrone Tracy,RB,2.4,0.0,2.23,2.23,2.37,2.37,0.012,1.0,2.23,,0.0,0
2026-09-14 00:26:59Z,NYG,in,0.012,Q1 14:18,0,11632,Malik Nabers,WR,16.5,0.0,15.63,15.63,16.31,16.31,0.012,1.0,15.63,,0.0,0
2026-09-14 00:26:59Z,NYG,in,0.012,Q1 14:18,0,7090,Darnell Mooney,WR,5.6,0.0,5.31,5.31,5.53,5.53,0.012,1.0,5.31,,0.0,0
2026-09-14 00:26:59Z,NYG,in,0.012,Q1 14:18,0,2306,Jameis Winston,QB,0.5,0.0,0.49,0.49,0.49,0.49,0.012,1.0,0.49,,0.0,0
2026-09-14 00:26:59Z,DAL,in,0.012,Q1 14:18,0,11593,Brevyn Spann-Ford,TE,0.5,0.0,0.47,0.47,0.49,0.49,0.012,1.0,0.47,,0.0,0
2026-09-14 00:26:59Z,NYG,in,0.012,Q1 14:18,0,2078,Odell Beckham,WR,4.3,0.0,4.07,4.07,4.25,4.25,0.012,1.0,4.07,,0.0,0
2026-09-14 00:26:59Z,NYG,in,0.012,Q1 14:18,0,12481,Cam Skattebo,RB,14.1,0.0,13.11,13.11,13.94,13.94,0.012,1.0,13.11,,0.0,0
2026-09-14 00:26:59Z,DAL,in,0.012,Q1 14:18,0,11199,Emari Demercado,RB,1.8,0.0,1.67,1.67,1.78,1.78,0.012,1.0,1.67,,0.0,0
2026-09-14 00:26:59Z,NYG,in,0.012,Q1 14:18,0,NYG,New York Giants D/ST,DST,5.2,10.0,-4.13,5.87,15.14,15.14,0.012,1.0,5.87,,0.0,0
2026-09-14 00:26:59Z,NYG,in,0.012,Q1 14:18,0,7528,Najee Harris,RB,4.2,0.0,3.91,3.91,4.15,4.15,0.012,1.0,3.91,,0.0,0
2026-09-14 00:26:59Z,DAL,in,0.012,Q1 14:18,0,8162,Sam Howell,QB,0.6,0.0,0.59,0.59,0.59,0.59,0.012,1.0,0.59,,0.0,0
2026-09-14 00:26:59Z,DAL,in,0.012,Q1 14:18,0,11783,Ryan Flournoy,WR,7.4,0.0,7.01,7.01,7.31,7.31,0.012,1.0,7.01,,0.0,0
2026-09-14 00:26:59Z,DAL,in,0.012,Q1 14:18,0,10871,Luke Schoonmaker,TE,1.7,0.0,1.61,1.61,1.68,1.68,0.012,1.0,1.61,,0.0,0
2026-09-14 00:26:59Z,DAL,in,0.012,Q1 14:18,0,7588,Javonte Williams,RB,16.9,0.1,15.75,15.85,16.8,16.8,0.0,1.0,15.85,,0.0,0
2026-09-14 00:28:00Z,DAL,in,0.013,Q1 14:14,0,11533,Brandon Aubrey,K,9.6,0.0,9.48,9.48,9.48,9.48,0.013,1.0,9.48,,0.0,0
2026-09-14 00:28:00Z,DAL,in,0.013,Q1 14:14,0,6786,CeeDee Lamb,WR,18.3,0.0,17.32,17.32,18.07,18.07,0.013,1.0,17.32,,0.0,0
2026-09-14 00:28:00Z,DAL,in,0.013,Q1 14:14,0,3294,Dak Prescott,QB,18.5,0.4,18.22,18.62,18.66,18.66,0.0,1.0,18.62,,0.0,0
2026-09-14 00:28:00Z,NYG,in,0.013,Q1 14:14,0,13833,Dominic Zvada,K,8.2,0.0,8.1,8.1,8.1,8.1,0.013,1.0,8.1,,0.0,0
2026-09-14 00:28:00Z,DAL,in,0.013,Q1 14:14,0,8110,Jake Ferguson,TE,9.3,0.0,8.8,8.8,9.18,9.18,0.013,1.0,8.8,,0.0,0
2026-09-14 00:28:00Z,NYG,in,0.013,Q1 14:14,0,8131,Isaiah Likely,TE,10.7,0.0,10.13,10.13,10.56,10.56,0.013,1.0,10.13,,0.0,0
2026-09-14 00:28:00Z,DAL,in,0.013,Q1 14:14,0,DAL,Dallas Cowboys D/ST,DST,6.5,10.0,-3.66,6.34,16.42,16.42,0.013,1.0,6.34,,0.0,0
2026-09-14 00:28:00Z,DAL,in,0.013,Q1 14:14,0,8137,George Pickens,WR,15.2,2.0,14.73,16.73,17.01,17.01,0.0,1.0,16.73,,0.0,0
2026-09-14 00:28:00Z,NYG,in,0.013,Q1 14:14,0,11597,Theo Johnson,TE,4.3,0.0,4.07,4.07,4.25,4.25,0.013,1.0,4.07,,0.0,0
2026-09-14 00:28:00Z,NYG,in,0.013,Q1 14:14,0,12508,Jaxson Dart,QB,20.5,0.0,20.07,20.07,20.24,20.24,0.013,1.0,20.07,,0.0,0
2026-09-14 00:28:00Z,NYG,in,0.013,Q1 14:14,0,13285,Malachi Fields,WR,6.2,0.0,5.87,5.87,6.12,6.12,0.013,1.0,5.87,,0.0,0
2026-09-14 00:28:00Z,DAL,in,0.013,Q1 14:14,0,8917,KaVontae Turpin,WR,4.3,0.0,4.07,4.07,4.25,4.25,0.013,1.0,4.07,,0.0,0
2026-09-14 00:28:00Z,NYG,in,0.013,Q1 14:14,0,11655,Tyrone Tracy,RB,2.4,0.0,2.23,2.23,2.37,2.37,0.013,1.0,2.23,,0.0,0
2026-09-14 00:28:00Z,NYG,in,0.013,Q1 14:14,0,11632,Malik Nabers,WR,16.5,0.0,15.62,15.62,16.29,16.29,0.013,1.0,15.62,,0.0,0
2026-09-14 00:28:00Z,NYG,in,0.013,Q1 14:14,0,7090,Darnell Mooney,WR,5.6,0.0,5.3,5.3,5.53,5.53,0.013,1.0,5.3,,0.0,0
2026-09-14 00:28:00Z,NYG,in,0.013,Q1 14:14,0,2306,Jameis Winston,QB,0.5,0.0,0.49,0.49,0.49,0.49,0.013,1.0,0.49,,0.0,0
2026-09-14 00:28:00Z,DAL,in,0.013,Q1 14:14,0,11593,Brevyn Spann-Ford,TE,0.5,0.0,0.47,0.47,0.49,0.49,0.013,1.0,0.47,,0.0,0
2026-09-14 00:28:00Z,NYG,in,0.013,Q1 14:14,0,2078,Odell Beckham,WR,4.3,0.0,4.07,4.07,4.25,4.25,0.013,1.0,4.07,,0.0,0
2026-09-14 00:28:00Z,NYG,in,0.013,Q1 14:14,0,12481,Cam Skattebo,RB,14.1,0.0,13.1,13.1,13.92,13.92,0.013,1.0,13.1,,0.0,0
2026-09-14 00:28:00Z,DAL,in,0.013,Q1 14:14,0,11199,Emari Demercado,RB,1.8,0.0,1.67,1.67,1.78,1.78,0.013,1.0,1.67,,0.0,0
2026-09-14 00:28:00Z,NYG,in,0.013,Q1 14:14,0,NYG,New York Giants D/ST,DST,5.2,10.0,-4.13,5.87,15.13,15.13,0.013,1.0,5.87,,0.0,0
2026-09-14 00:28:00Z,NYG,in,0.013,Q1 14:14,0,7528,Najee Harris,RB,4.2,0.0,3.9,3.9,4.15,4.15,0.013,1.0,3.9,,0.0,0
2026-09-14 00:28:00Z,DAL,in,0.013,Q1 14:14,0,8162,Sam Howell,QB,0.6,0.0,0.59,0.59,0.59,0.59,0.013,1.0,0.59,,0.0,0
2026-09-14 00:28:00Z,DAL,in,0.013,Q1 14:14,0,11783,Ryan Flournoy,WR,7.4,0.0,7.0,7.0,7.31,7.31,0.013,1.0,7.0,,0.0,0
2026-09-14 00:28:00Z,DAL,in,0.013,Q1 14:14,0,10871,Luke Schoonmaker,TE,1.7,0.0,1.61,1.61,1.68,1.68,0.013,1.0,1.61,,0.0,0
2026-09-14 00:28:00Z,DAL,in,0.013,Q1 14:14,0,7588,Javonte Williams,RB,16.9,0.1,15.73,15.83,16.78,16.78,0.001,1.0,15.83,,0.0,0
2026-09-14 00:29:00Z,DAL,in,0.028,Q1 13:18,0,11533,Brandon Aubrey,K,9.6,0.0,9.33,9.33,9.33,9.33,0.028,1.0,9.33,,0.0,0
2026-09-14 00:29:00Z,DAL,in,0.028,Q1 13:18,0,6786,CeeDee Lamb,WR,18.3,0.0,17.05,17.05,17.78,17.78,0.028,1.0,17.05,,0.0,0
2026-09-14 00:29:00Z,DAL,in,0.028,Q1 13:18,0,3294,Dak Prescott,QB,18.5,0.32,17.91,18.23,18.3,18.3,0.0,1.0,18.23,,0.0,0
2026-09-14 00:29:00Z,NYG,in,0.028,Q1 13:18,0,13833,Dominic Zvada,K,8.2,0.0,7.97,7.97,7.97,7.97,0.028,1.0,7.97,,0.0,0
2026-09-14 00:29:00Z,DAL,in,0.028,Q1 13:18,0,8110,Jake Ferguson,TE,9.3,0.0,8.66,8.66,9.04,9.04,0.028,1.0,8.66,,0.0,0
2026-09-14 00:29:00Z,NYG,in,0.028,Q1 13:18,0,8131,Isaiah Likely,TE,10.7,0.0,9.97,9.97,10.4,10.4,0.028,1.0,9.97,,0.0,0
2026-09-14 00:29:00Z,DAL,in,0.028,Q1 13:18,0,DAL,Dallas Cowboys D/ST,DST,6.5,10.0,-3.61,6.39,16.32,16.32,0.028,1.0,6.39,,0.0,0
2026-09-14 00:29:00Z,DAL,in,0.028,Q1 13:18,0,8137,George Pickens,WR,15.2,1.8,14.46,16.26,16.57,16.57,0.0,1.0,16.26,,0.0,0
2026-09-14 00:29:00Z,NYG,in,0.028,Q1 13:18,0,11597,Theo Johnson,TE,4.3,0.0,4.01,4.01,4.18,4.18,0.028,1.0,4.01,,0.0,0
2026-09-14 00:29:00Z,NYG,in,0.028,Q1 13:18,0,12508,Jaxson Dart,QB,20.5,0.0,19.76,19.76,19.92,19.92,0.028,1.0,19.76,,0.0,0
2026-09-14 00:29:00Z,NYG,in,0.028,Q1 13:18,0,13285,Malachi Fields,WR,6.2,0.0,5.78,5.78,6.02,6.02,0.028,1.0,5.78,,0.0,0
2026-09-14 00:29:00Z,DAL,in,0.028,Q1 13:18,0,8917,KaVontae Turpin,WR,4.3,0.0,4.01,4.01,4.18,4.18,0.028,1.0,4.01,,0.0,0
2026-09-14 00:29:00Z,NYG,in,0.028,Q1 13:18,0,11655,Tyrone Tracy,RB,2.4,0.0,2.19,2.19,2.33,2.33,0.028,1.0,2.19,,0.0,0
2026-09-14 00:29:00Z,NYG,in,0.028,Q1 13:18,0,11632,Malik Nabers,WR,16.5,0.0,15.37,15.37,16.03,16.03,0.028,1.0,15.37,,0.0,0
2026-09-14 00:29:00Z,NYG,in,0.028,Q1 13:18,0,7090,Darnell Mooney,WR,5.6,0.0,5.22,5.22,5.44,5.44,0.028,1.0,5.22,,0.0,0
2026-09-14 00:29:00Z,NYG,in,0.028,Q1 13:18,0,2306,Jameis Winston,QB,0.5,0.0,0.48,0.48,0.49,0.49,0.028,1.0,0.48,,0.0,0
2026-09-14 00:29:00Z,DAL,in,0.028,Q1 13:18,0,11593,Brevyn Spann-Ford,TE,0.5,0.0,0.47,0.47,0.49,0.49,0.028,1.0,0.47,,0.0,0
2026-09-14 00:29:00Z,NYG,in,0.028,Q1 13:18,0,2078,Odell Beckham,WR,4.3,0.0,4.01,4.01,4.18,4.18,0.028,1.0,4.01,,0.0,0
2026-09-14 00:29:00Z,NYG,in,0.028,Q1 13:18,0,12481,Cam Skattebo,RB,14.1,0.0,12.89,12.89,13.7,13.7,0.028,1.0,12.89,,0.0,0
2026-09-14 00:29:00Z,DAL,in,0.028,Q1 13:18,0,11199,Emari Demercado,RB,1.8,0.0,1.65,1.65,1.75,1.75,0.028,1.0,1.65,,0.0,0
2026-09-14 00:29:00Z,NYG,in,0.028,Q1 13:18,0,NYG,New York Giants D/ST,DST,5.2,10.0,-4.06,5.94,15.05,15.05,0.028,1.0,5.94,,0.0,0
2026-09-14 00:29:00Z,NYG,in,0.028,Q1 13:18,0,7528,Najee Harris,RB,4.2,0.0,3.84,3.84,4.08,4.08,0.028,1.0,3.84,,0.0,0
2026-09-14 00:29:00Z,DAL,in,0.028,Q1 13:18,0,8162,Sam Howell,QB,0.6,0.0,0.58,0.58,0.58,0.58,0.028,1.0,0.58,,0.0,0
2026-09-14 00:29:00Z,DAL,in,0.028,Q1 13:18,0,11783,Ryan Flournoy,WR,7.4,0.0,6.89,6.89,7.19,7.19,0.028,1.0,6.89,,0.0,0
2026-09-14 00:29:00Z,DAL,in,0.028,Q1 13:18,0,10871,Luke Schoonmaker,TE,1.7,0.0,1.58,1.58,1.65,1.65,0.028,1.0,1.58,,0.0,0
2026-09-14 00:29:00Z,DAL,in,0.028,Q1 13:18,0,7588,Javonte Williams,RB,16.9,0.1,15.48,15.58,16.52,16.52,0.017,1.0,15.58,,0.0,0
2026-09-14 00:30:01Z,DAL,in,0.034,Q1 12:56,0,11533,Brandon Aubrey,K,9.6,0.0,9.27,9.27,9.27,9.27,0.034,1.0,9.27,,0.0,0
2026-09-14 00:30:01Z,DAL,in,0.034,Q1 12:56,0,6786,CeeDee Lamb,WR,18.3,0.0,16.94,16.94,17.67,17.67,0.034,1.0,16.94,,0.0,0
2026-09-14 00:30:01Z,DAL,in,0.034,Q1 12:56,0,3294,Dak Prescott,QB,18.5,0.32,17.8,18.12,18.18,18.18,0.006,1.0,18.12,,0.0,0
2026-09-14 00:30:01Z,NYG,in,0.034,Q1 12:56,0,13833,Dominic Zvada,K,8.2,0.0,7.92,7.92,7.92,7.92,0.034,1.0,7.92,,0.0,0
2026-09-14 00:30:01Z,DAL,in,0.034,Q1 12:56,0,8110,Jake Ferguson,TE,9.3,0.0,8.61,8.61,8.98,8.98,0.034,1.0,8.61,,0.0,0
2026-09-14 00:30:01Z,NYG,in,0.034,Q1 12:56,0,8131,Isaiah Likely,TE,10.7,0.0,9.9,9.9,10.33,10.33,0.034,1.0,9.9,,0.0,0
2026-09-14 00:30:01Z,DAL,in,0.034,Q1 12:56,0,DAL,Dallas Cowboys D/ST,DST,6.5,10.0,-3.58,6.42,16.28,16.28,0.034,1.0,6.42,,0.0,0
2026-09-14 00:30:01Z,DAL,in,0.034,Q1 12:56,0,8137,George Pickens,WR,15.2,1.8,14.37,16.17,16.48,16.48,0.006,1.0,16.17,,0.0,0
2026-09-14 00:30:01Z,NYG,in,0.034,Q1 12:56,0,11597,Theo Johnson,TE,4.3,0.0,3.98,3.98,4.15,4.15,0.034,1.0,3.98,,0.0,0
2026-09-14 00:30:01Z,NYG,in,0.034,Q1 12:56,0,12508,Jaxson Dart,QB,20.5,0.0,19.63,19.63,19.79,19.79,0.034,1.0,19.63,,0.0,0
2026-09-14 00:30:01Z,NYG,in,0.034,Q1 12:56,0,13285,Malachi Fields,WR,6.2,0.0,5.74,5.74,5.99,5.99,0.034,1.0,5.74,,0.0,0
2026-09-14 00:30:01Z,DAL,in,0.034,Q1 12:56,0,8917,KaVontae Turpin,WR,4.3,0.0,3.98,3.98,4.15,4.15,0.034,1.0,3.98,,0.0,0
2026-09-14 00:30:01Z,NYG,in,0.034,Q1 12:56,0,11655,Tyrone Tracy,RB,2.4,0.0,2.18,2.18,2.32,2.32,0.034,1.0,2.18,,0.0,0
2026-09-14 00:30:01Z,NYG,in,0.034,Q1 12:56,0,11632,Malik Nabers,WR,16.5,0.0,15.27,15.27,15.93,15.93,0.034,1.0,15.27,,0.0,0
2026-09-14 00:30:01Z,NYG,in,0.034,Q1 12:56,0,7090,Darnell Mooney,WR,5.6,0.0,5.18,5.18,5.41,5.41,0.034,1.0,5.18,,0.0,0
2026-09-14 00:30:01Z,NYG,in,0.034,Q1 12:56,0,2306,Jameis Winston,QB,0.5,0.0,0.48,0.48,0.48,0.48,0.034,1.0,0.48,,0.0,0
2026-09-14 00:30:01Z,DAL,in,0.034,Q1 12:56,0,11593,Brevyn Spann-Ford,TE,0.5,0.0,0.46,0.46,0.48,0.48,0.034,1.0,0.46,,0.0,0
2026-09-14 00:30:01Z,NYG,in,0.034,Q1 12:56,0,2078,Odell Beckham,WR,4.3,0.0,3.98,3.98,4.15,4.15,0.034,1.0,3.98,,0.0,0
2026-09-14 00:30:01Z,NYG,in,0.034,Q1 12:56,0,12481,Cam Skattebo,RB,14.1,0.0,12.81,12.81,13.61,13.61,0.034,1.0,12.81,,0.0,0
2026-09-14 00:30:01Z,DAL,in,0.034,Q1 12:56,0,11199,Emari Demercado,RB,1.8,0.0,1.64,1.64,1.74,1.74,0.034,1.0,1.64,,0.0,0
2026-09-14 00:30:01Z,NYG,in,0.034,Q1 12:56,0,NYG,New York Giants D/ST,DST,5.2,10.0,-4.04,5.96,15.02,15.02,0.034,1.0,5.96,,0.0,0
2026-09-14 00:30:01Z,NYG,in,0.034,Q1 12:56,0,7528,Najee Harris,RB,4.2,0.0,3.82,3.82,4.06,4.06,0.034,1.0,3.82,,0.0,0
2026-09-14 00:30:01Z,DAL,in,0.034,Q1 12:56,0,8162,Sam Howell,QB,0.6,0.0,0.57,0.57,0.58,0.58,0.034,1.0,0.57,,0.0,0
2026-09-14 00:30:01Z,DAL,in,0.034,Q1 12:56,0,11783,Ryan Flournoy,WR,7.4,0.0,6.85,6.85,7.15,7.15,0.034,1.0,6.85,,0.0,0
2026-09-14 00:30:01Z,DAL,in,0.034,Q1 12:56,0,10871,Luke Schoonmaker,TE,1.7,0.0,1.57,1.57,1.64,1.64,0.034,1.0,1.57,,0.0,0
2026-09-14 00:30:01Z,DAL,in,0.034,Q1 12:56,0,7588,Javonte Williams,RB,16.9,0.1,15.39,15.49,16.42,16.42,0.023,1.0,15.49,,0.0,0
2026-09-14 00:31:01Z,DAL,in,0.035,Q1 12:53,0,11533,Brandon Aubrey,K,9.6,0.0,9.26,9.26,9.26,9.26,0.035,1.0,9.26,,0.0,0
2026-09-14 00:31:01Z,DAL,in,0.035,Q1 12:53,0,6786,CeeDee Lamb,WR,18.3,0.0,16.93,16.93,17.65,17.65,0.035,1.0,16.93,,0.0,0
2026-09-14 00:31:01Z,DAL,in,0.035,Q1 12:53,0,3294,Dak Prescott,QB,18.5,0.32,17.78,18.1,18.17,18.17,0.007,1.0,18.1,,0.0,0
2026-09-14 00:31:01Z,NYG,in,0.035,Q1 12:53,0,13833,Dominic Zvada,K,8.2,0.0,7.91,7.91,7.91,7.91,0.035,1.0,7.91,,0.0,0
2026-09-14 00:31:01Z,DAL,in,0.035,Q1 12:53,0,8110,Jake Ferguson,TE,9.3,0.0,8.6,8.6,8.97,8.97,0.035,1.0,8.6,,0.0,0
2026-09-14 00:31:01Z,NYG,in,0.035,Q1 12:53,0,8131,Isaiah Likely,TE,10.7,0.0,9.9,9.9,10.32,10.32,0.035,1.0,9.9,,0.0,0
2026-09-14 00:31:01Z,DAL,in,0.035,Q1 12:53,0,DAL,Dallas Cowboys D/ST,DST,6.5,10.0,-3.58,6.42,16.27,16.27,0.035,1.0,6.42,,0.0,0
2026-09-14 00:31:01Z,DAL,in,0.035,Q1 12:53,0,8137,George Pickens,WR,15.2,1.8,14.36,16.16,16.46,16.46,0.007,1.0,16.16,,0.0,0
2026-09-14 00:31:01Z,NYG,in,0.035,Q1 12:53,0,11597,Theo Johnson,TE,4.3,0.0,3.98,3.98,4.15,4.15,0.035,1.0,3.98,,0.0,0
2026-09-14 00:31:01Z,NYG,in,0.035,Q1 12:53,0,12508,Jaxson Dart,QB,20.5,0.0,19.62,19.62,19.78,19.78,0.035,1.0,19.62,,0.0,0
2026-09-14 00:31:01Z,NYG,in,0.035,Q1 12:53,0,13285,Malachi Fields,WR,6.2,0.0,5.73,5.73,5.98,5.98,0.035,1.0,5.73,,0.0,0
2026-09-14 00:31:01Z,DAL,in,0.035,Q1 12:53,0,8917,KaVontae Turpin,WR,4.3,0.0,3.98,3.98,4.15,4.15,0.035,1.0,3.98,,0.0,0
2026-09-14 00:31:01Z,NYG,in,0.035,Q1 12:53,0,11655,Tyrone Tracy,RB,2.4,0.0,2.18,2.18,2.32,2.32,0.035,1.0,2.18,,0.0,0
2026-09-14 00:31:01Z,NYG,in,0.035,Q1 12:53,0,11632,Malik Nabers,WR,16.5,0.0,15.26,15.26,15.92,15.92,0.035,1.0,15.26,,0.0,0
2026-09-14 00:31:01Z,NYG,in,0.035,Q1 12:53,0,7090,Darnell Mooney,WR,5.6,0.0,5.18,5.18,5.4,5.4,0.035,1.0,5.18,,0.0,0
2026-09-14 00:31:01Z,NYG,in,0.035,Q1 12:53,0,2306,Jameis Winston,QB,0.5,0.0,0.48,0.48,0.48,0.48,0.035,1.0,0.48,,0.0,0
2026-09-14 00:31:01Z,DAL,in,0.035,Q1 12:53,0,11593,Brevyn Spann-Ford,TE,0.5,0.0,0.46,0.46,0.48,0.48,0.035,1.0,0.46,,0.0,0
2026-09-14 00:31:01Z,NYG,in,0.035,Q1 12:53,0,2078,Odell Beckham,WR,4.3,0.0,3.98,3.98,4.15,4.15,0.035,1.0,3.98,,0.0,0
2026-09-14 00:31:01Z,NYG,in,0.035,Q1 12:53,0,12481,Cam Skattebo,RB,14.1,0.5,12.95,13.45,14.1,14.1,0.0,1.0,13.45,,0.0,0
2026-09-14 00:31:01Z,DAL,in,0.035,Q1 12:53,0,11199,Emari Demercado,RB,1.8,0.0,1.63,1.63,1.74,1.74,0.035,1.0,1.63,,0.0,0
2026-09-14 00:31:01Z,NYG,in,0.035,Q1 12:53,0,NYG,New York Giants D/ST,DST,5.2,10.0,-4.03,5.97,15.02,15.02,0.035,1.0,5.97,,0.0,0
2026-09-14 00:31:01Z,NYG,in,0.035,Q1 12:53,0,7528,Najee Harris,RB,4.2,0.0,3.81,3.81,4.05,4.05,0.035,1.0,3.81,,0.0,0
2026-09-14 00:31:01Z,DAL,in,0.035,Q1 12:53,0,8162,Sam Howell,QB,0.6,0.0,0.57,0.57,0.58,0.58,0.035,1.0,0.57,,0.0,0
2026-09-14 00:31:01Z,DAL,in,0.035,Q1 12:53,0,11783,Ryan Flournoy,WR,7.4,0.0,6.84,6.84,7.14,7.14,0.035,1.0,6.84,,0.0,0
2026-09-14 00:31:01Z,DAL,in,0.035,Q1 12:53,0,10871,Luke Schoonmaker,TE,1.7,0.0,1.57,1.57,1.64,1.64,0.035,1.0,1.57,,0.0,0
2026-09-14 00:31:01Z,DAL,in,0.035,Q1 12:53,0,7588,Javonte Williams,RB,16.9,0.1,15.37,15.47,16.4,16.4,0.024,1.0,15.47,,0.0,0
2026-09-14 00:32:01Z,DAL,in,0.047,Q1 12:12,0,11533,Brandon Aubrey,K,9.6,0.0,9.15,9.15,9.15,9.15,0.047,1.0,9.15,,0.0,0
2026-09-14 00:32:01Z,DAL,in,0.047,Q1 12:12,0,6786,CeeDee Lamb,WR,18.3,0.0,16.73,16.73,17.45,17.45,0.047,1.0,16.73,,0.0,0
2026-09-14 00:32:01Z,DAL,in,0.047,Q1 12:12,0,3294,Dak Prescott,QB,18.5,0.32,17.57,17.89,17.96,17.96,0.018,1.0,17.89,,0.0,0
2026-09-14 00:32:01Z,NYG,in,0.047,Q1 12:12,0,13833,Dominic Zvada,K,8.2,0.0,7.82,7.82,7.82,7.82,0.047,1.0,7.82,,0.0,0
2026-09-14 00:32:01Z,DAL,in,0.047,Q1 12:12,0,8110,Jake Ferguson,TE,9.3,0.0,8.5,8.5,8.87,8.87,0.047,1.0,8.5,,0.0,0
2026-09-14 00:32:01Z,NYG,in,0.047,Q1 12:12,0,8131,Isaiah Likely,TE,10.7,0.0,9.78,9.78,10.2,10.2,0.047,1.0,9.78,,0.0,0
2026-09-14 00:32:01Z,DAL,in,0.047,Q1 12:12,0,DAL,Dallas Cowboys D/ST,DST,6.5,10.0,-3.54,6.46,16.2,16.2,0.047,1.0,6.46,,0.0,0
2026-09-14 00:32:01Z,DAL,in,0.047,Q1 12:12,0,8137,George Pickens,WR,15.2,1.8,14.19,15.99,16.29,16.29,0.018,1.0,15.99,,0.0,0
2026-09-14 00:32:01Z,NYG,in,0.047,Q1 12:12,0,11597,Theo Johnson,TE,4.3,0.0,3.93,3.93,4.1,4.1,0.047,1.0,3.93,,0.0,0
2026-09-14 00:32:01Z,NYG,in,0.047,Q1 12:12,0,12508,Jaxson Dart,QB,20.5,0.0,19.39,19.39,19.54,19.54,0.047,1.0,19.39,,0.0,0
2026-09-14 00:32:01Z,NYG,in,0.047,Q1 12:12,0,13285,Malachi Fields,WR,6.2,0.0,5.67,5.67,5.91,5.91,0.047,1.0,5.67,,0.0,0
2026-09-14 00:32:01Z,DAL,in,0.047,Q1 12:12,0,8917,KaVontae Turpin,WR,4.3,0.0,3.93,3.93,4.1,4.1,0.047,1.0,3.93,,0.0,0
2026-09-14 00:32:01Z,NYG,in,0.047,Q1 12:12,0,11655,Tyrone Tracy,RB,2.4,0.0,2.15,2.15,2.29,2.29,0.047,1.0,2.15,,0.0,0
2026-09-14 00:32:01Z,NYG,in,0.047,Q1 12:12,0,11632,Malik Nabers,WR,16.5,0.0,15.08,15.08,15.73,15.73,0.047,1.0,15.08,,0.0,0
2026-09-14 00:32:01Z,NYG,in,0.047,Q1 12:12,0,7090,Darnell Mooney,WR,5.6,0.0,5.12,5.12,5.34,5.34,0.047,1.0,5.12,,0.0,0
2026-09-14 00:32:01Z,NYG,in,0.047,Q1 12:12,0,2306,Jameis Winston,QB,0.5,0.0,0.47,0.47,0.48,0.48,0.047,1.0,0.47,,0.0,0
2026-09-14 00:32:01Z,DAL,in,0.047,Q1 12:12,0,11593,Brevyn Spann-Ford,TE,0.5,0.0,0.46,0.46,0.48,0.48,0.047,1.0,0.46,,0.0,0
2026-09-14 00:32:01Z,NYG,in,0.047,Q1 12:12,0,2078,Odell Beckham,WR,4.3,0.0,3.93,3.93,4.1,4.1,0.047,1.0,3.93,,0.0,0
2026-09-14 00:32:01Z,NYG,in,0.047,Q1 12:12,0,12481,Cam Skattebo,RB,14.1,0.5,12.8,13.3,13.94,13.94,0.011,1.0,13.3,,0.0,0
2026-09-14 00:32:01Z,DAL,in,0.047,Q1 12:12,0,11199,Emari Demercado,RB,1.8,0.0,1.61,1.61,1.72,1.72,0.047,1.0,1.61,,0.0,0
2026-09-14 00:32:01Z,NYG,in,0.047,Q1 12:12,0,NYG,New York Giants D/ST,DST,5.2,10.0,-3.99,6.01,14.96,14.96,0.047,1.0,6.01,,0.0,0
2026-09-14 00:32:01Z,NYG,in,0.047,Q1 12:12,0,7528,Najee Harris,RB,4.2,0.0,3.77,3.77,4.0,4.0,0.047,1.0,3.77,,0.0,0
2026-09-14 00:32:01Z,DAL,in,0.047,Q1 12:12,0,8162,Sam Howell,QB,0.6,0.0,0.57,0.57,0.57,0.57,0.047,1.0,0.57,,0.0,0
2026-09-14 00:32:01Z,DAL,in,0.047,Q1 12:12,0,11783,Ryan Flournoy,WR,7.4,0.0,6.76,6.76,7.05,7.05,0.047,1.0,6.76,,0.0,0
2026-09-14 00:32:01Z,DAL,in,0.047,Q1 12:12,0,10871,Luke Schoonmaker,TE,1.7,0.0,1.55,1.55,1.62,1.62,0.047,1.0,1.55,,0.0,0
2026-09-14 00:32:01Z,DAL,in,0.047,Q1 12:12,0,7588,Javonte Williams,RB,16.9,0.1,15.19,15.29,16.21,16.21,0.035,1.0,15.29,,0.0,0
2026-09-14 00:33:02Z,DAL,in,0.057,Q1 11:34,0,11533,Brandon Aubrey,K,9.6,0.0,9.05,9.05,9.05,9.05,0.057,1.0,9.05,,0.0,0
2026-09-14 00:33:02Z,DAL,in,0.057,Q1 11:34,0,6786,CeeDee Lamb,WR,18.3,0.0,16.54,16.54,17.25,17.25,0.057,1.0,16.54,,0.0,0
2026-09-14 00:33:02Z,DAL,in,0.057,Q1 11:34,0,3294,Dak Prescott,QB,18.5,0.32,17.38,17.7,17.76,17.76,0.029,1.0,17.7,,0.0,0
2026-09-14 00:33:02Z,NYG,in,0.057,Q1 11:34,0,13833,Dominic Zvada,K,8.2,0.0,7.73,7.73,7.73,7.73,0.057,1.0,7.73,,0.0,0
2026-09-14 00:33:02Z,DAL,in,0.057,Q1 11:34,0,8110,Jake Ferguson,TE,9.3,0.0,8.41,8.41,8.77,8.77,0.057,1.0,8.41,,0.0,0
2026-09-14 00:33:02Z,NYG,in,0.057,Q1 11:34,0,8131,Isaiah Likely,TE,10.7,0.0,9.67,9.67,10.09,10.09,0.057,1.0,9.67,,0.0,0
2026-09-14 00:33:02Z,DAL,in,0.057,Q1 11:34,0,DAL,Dallas Cowboys D/ST,DST,6.5,10.0,-3.5,6.5,16.13,16.13,0.057,1.0,6.5,,0.0,0
2026-09-14 00:33:02Z,DAL,in,0.057,Q1 11:34,0,8137,George Pickens,WR,15.2,1.8,14.03,15.83,16.13,16.13,0.029,1.0,15.83,,0.0,0
2026-09-14 00:33:02Z,NYG,in,0.057,Q1 11:34,0,11597,Theo Johnson,TE,4.3,0.0,3.89,3.89,4.05,4.05,0.057,1.0,3.89,,0.0,0
2026-09-14 00:33:02Z,NYG,in,0.057,Q1 11:34,0,12508,Jaxson Dart,QB,20.5,0.1,19.2,19.3,19.43,19.43,0.0,1.0,19.3,,0.0,0
2026-09-14 00:33:02Z,NYG,in,0.057,Q1 11:34,0,13285,Malachi Fields,WR,6.2,0.0,5.6,5.6,5.85,5.85,0.057,1.0,5.6,,0.0,0
2026-09-14 00:33:02Z,DAL,in,0.057,Q1 11:34,0,8917,KaVontae Turpin,WR,4.3,0.0,3.89,3.89,4.05,4.05,0.057,1.0,3.89,,0.0,0
2026-09-14 00:33:02Z,NYG,in,0.057,Q1 11:34,0,11655,Tyrone Tracy,RB,2.4,0.0,2.13,2.13,2.26,2.26,0.057,1.0,2.13,,0.0,0
2026-09-14 00:33:02Z,NYG,in,0.057,Q1 11:34,0,11632,Malik Nabers,WR,16.5,0.0,14.91,14.91,15.56,15.56,0.057,1.0,14.91,,0.0,0
2026-09-14 00:33:02Z,NYG,in,0.057,Q1 11:34,0,7090,Darnell Mooney,WR,5.6,0.0,5.06,5.06,5.28,5.28,0.057,1.0,5.06,,0.0,0
2026-09-14 00:33:02Z,NYG,in,0.057,Q1 11:34,0,2306,Jameis Winston,QB,0.5,0.0,0.47,0.47,0.47,0.47,0.057,1.0,0.47,,0.0,0
2026-09-14 00:33:02Z,DAL,in,0.057,Q1 11:34,0,11593,Brevyn Spann-Ford,TE,0.5,0.0,0.45,0.45,0.47,0.47,0.057,1.0,0.45,,0.0,0
2026-09-14 00:33:02Z,NYG,in,0.057,Q1 11:34,0,2078,Odell Beckham,WR,4.3,0.0,3.89,3.89,4.05,4.05,0.057,1.0,3.89,,0.0,0
2026-09-14 00:33:02Z,NYG,in,0.057,Q1 11:34,0,12481,Cam Skattebo,RB,14.1,0.5,12.66,13.16,13.79,13.79,0.022,1.0,13.16,,0.0,0
2026-09-14 00:33:02Z,DAL,in,0.057,Q1 11:34,0,11199,Emari Demercado,RB,1.8,0.0,1.6,1.6,1.7,1.7,0.057,1.0,1.6,,0.0,0
2026-09-14 00:33:02Z,NYG,in,0.057,Q1 11:34,0,NYG,New York Giants D/ST,DST,5.2,10.0,-3.94,6.06,14.9,14.9,0.057,1.0,6.06,,0.0,0
2026-09-14 00:33:02Z,NYG,in,0.057,Q1 11:34,0,7528,Najee Harris,RB,4.2,0.0,3.73,3.73,3.96,3.96,0.057,1.0,3.73,,0.0,0
2026-09-14 00:33:02Z,DAL,in,0.057,Q1 11:34,0,8162,Sam Howell,QB,0.6,0.0,0.56,0.56,0.57,0.57,0.057,1.0,0.56,,0.0,0
2026-09-14 00:33:02Z,DAL,in,0.057,Q1 11:34,0,11783,Ryan Flournoy,WR,7.4,0.0,6.69,6.69,6.98,6.98,0.057,1.0,6.69,,0.0,0
2026-09-14 00:33:02Z,DAL,in,0.057,Q1 11:34,0,10871,Luke Schoonmaker,TE,1.7,0.0,1.54,1.54,1.6,1.6,0.057,1.0,1.54,,0.0,0
2026-09-14 00:33:02Z,DAL,in,0.057,Q1 11:34,0,7588,Javonte Williams,RB,16.9,0.1,15.02,15.12,16.03,16.03,0.046,1.0,15.12,,0.0,0
2026-09-14 00:34:02Z,DAL,in,0.081,Q1 10:09,0,11533,Brandon Aubrey,K,9.6,0.0,8.82,8.82,8.82,8.82,0.081,1.0,8.82,,0.0,0
2026-09-14 00:34:02Z,DAL,in,0.081,Q1 10:09,0,6786,CeeDee Lamb,WR,18.3,0.0,16.13,16.13,16.82,16.82,0.081,1.0,16.13,,0.0,0
2026-09-14 00:34:02Z,DAL,in,0.081,Q1 10:09,0,3294,Dak Prescott,QB,18.5,0.32,16.94,17.26,17.32,17.32,0.052,1.0,17.26,,0.0,0
2026-09-14 00:34:02Z,NYG,in,0.081,Q1 10:09,0,13833,Dominic Zvada,K,8.2,0.0,7.54,7.54,7.54,7.54,0.081,1.0,7.54,,0.0,0
2026-09-14 00:34:02Z,DAL,in,0.081,Q1 10:09,0,8110,Jake Ferguson,TE,9.3,0.0,8.2,8.2,8.55,8.55,0.081,1.0,8.2,,0.0,0
2026-09-14 00:34:02Z,NYG,in,0.081,Q1 10:09,0,8131,Isaiah Likely,TE,10.7,0.0,9.43,9.43,9.84,9.84,0.081,1.0,9.43,,0.0,0
2026-09-14 00:34:02Z,DAL,in,0.081,Q1 10:09,0,DAL,Dallas Cowboys D/ST,DST,6.5,10.0,-3.41,6.59,15.97,15.97,0.081,1.0,6.59,,0.0,0
2026-09-14 00:34:02Z,DAL,in,0.081,Q1 10:09,0,8137,George Pickens,WR,15.2,1.8,13.68,15.48,15.77,15.77,0.052,1.0,15.48,,0.0,0
2026-09-14 00:34:02Z,NYG,in,0.081,Q1 10:09,0,11597,Theo Johnson,TE,4.3,0.0,3.79,3.79,3.95,3.95,0.081,1.0,3.79,,0.0,0
2026-09-14 00:34:02Z,NYG,in,0.081,Q1 10:09,0,12508,Jaxson Dart,QB,20.5,0.46,18.8,19.26,19.3,19.3,0.0,1.0,19.26,,0.0,0
2026-09-14 00:34:02Z,NYG,in,0.081,Q1 10:09,0,13285,Malachi Fields,WR,6.2,0.0,5.46,5.46,5.7,5.7,0.081,1.0,5.46,,0.0,0
2026-09-14 00:34:02Z,DAL,in,0.081,Q1 10:09,0,8917,KaVontae Turpin,WR,4.3,0.0,3.79,3.79,3.95,3.95,0.081,1.0,3.79,,0.0,0
2026-09-14 00:34:02Z,NYG,in,0.081,Q1 10:09,0,11655,Tyrone Tracy,RB,2.4,0.0,2.08,2.08,2.21,2.21,0.081,1.0,2.08,,0.0,0
2026-09-14 00:34:02Z,NYG,in,0.081,Q1 10:09,0,11632,Malik Nabers,WR,16.5,1.9,14.84,16.74,17.07,17.07,0.0,1.0,16.74,,0.0,0
2026-09-14 00:34:02Z,NYG,in,0.081,Q1 10:09,0,7090,Darnell Mooney,WR,5.6,0.0,4.93,4.93,5.15,5.15,0.081,1.0,4.93,,0.0,0
2026-09-14 00:34:02Z,NYG,in,0.081,Q1 10:09,0,2306,Jameis Winston,QB,0.5,0.0,0.46,0.46,0.46,0.46,0.081,1.0,0.46,,0.0,0
2026-09-14 00:34:02Z,DAL,in,0.081,Q1 10:09,0,11593,Brevyn Spann-Ford,TE,0.5,0.0,0.44,0.44,0.46,0.46,0.081,1.0,0.44,,0.0,0
2026-09-14 00:34:02Z,NYG,in,0.081,Q1 10:09,0,2078,Odell Beckham,WR,4.3,0.0,3.79,3.79,3.95,3.95,0.081,1.0,3.79,,0.0,0
2026-09-14 00:34:02Z,NYG,in,0.081,Q1 10:09,0,12481,Cam Skattebo,RB,14.1,0.5,12.34,12.84,13.46,13.46,0.046,1.0,12.84,,0.0,0
2026-09-14 00:34:02Z,DAL,in,0.081,Q1 10:09,0,11199,Emari Demercado,RB,1.8,0.0,1.56,1.56,1.65,1.65,0.081,1.0,1.56,,0.0,0
2026-09-14 00:34:02Z,NYG,in,0.081,Q1 10:09,0,NYG,New York Giants D/ST,DST,5.2,10.0,-3.84,6.16,14.78,14.78,0.081,1.0,6.16,,0.0,0
2026-09-14 00:34:02Z,NYG,in,0.081,Q1 10:09,0,7528,Najee Harris,RB,4.2,0.0,3.63,3.63,3.86,3.86,0.081,1.0,3.63,,0.0,0
2026-09-14 00:34:02Z,DAL,in,0.081,Q1 10:09,0,8162,Sam Howell,QB,0.6,0.0,0.55,0.55,0.55,0.55,0.081,1.0,0.55,,0.0,0
2026-09-14 00:34:02Z,DAL,in,0.081,Q1 10:09,0,11783,Ryan Flournoy,WR,7.4,0.0,6.52,6.52,6.8,6.8,0.081,1.0,6.52,,0.0,0
2026-09-14 00:34:02Z,DAL,in,0.081,Q1 10:09,0,10871,Luke Schoonmaker,TE,1.7,0.0,1.5,1.5,1.56,1.56,0.081,1.0,1.5,,0.0,0
2026-09-14 00:34:02Z,DAL,in,0.081,Q1 10:09,0,7588,Javonte Williams,RB,16.9,0.1,14.65,14.75,15.63,15.63,0.069,1.0,14.75,,0.0,0
2026-09-14 00:35:03Z,DAL,in,0.088,Q1 9:43,0,11533,Brandon Aubrey,K,9.6,0.0,8.75,8.75,8.75,8.75,0.088,1.0,8.75,,0.0,0
2026-09-14 00:35:03Z,DAL,in,0.088,Q1 9:43,0,6786,CeeDee Lamb,WR,18.3,0.0,16.0,16.0,16.69,16.69,0.088,1.0,16.0,,0.0,0
2026-09-14 00:35:03Z,DAL,in,0.088,Q1 9:43,0,3294,Dak Prescott,QB,18.5,0.32,16.81,17.13,17.19,17.19,0.06,1.0,17.13,,0.0,0
2026-09-14 00:35:03Z,NYG,in,0.088,Q1 9:43,0,13833,Dominic Zvada,K,8.2,0.0,7.48,7.48,7.48,7.48,0.088,1.0,7.48,,0.0,0
2026-09-14 00:35:03Z,DAL,in,0.088,Q1 9:43,0,8110,Jake Ferguson,TE,9.3,0.0,8.13,8.13,8.48,8.48,0.088,1.0,8.13,,0.0,0
2026-09-14 00:35:03Z,NYG,in,0.088,Q1 9:43,0,8131,Isaiah Likely,TE,10.7,0.0,9.35,9.35,9.76,9.76,0.088,1.0,9.35,,0.0,0
2026-09-14 00:35:03Z,DAL,in,0.088,Q1 9:43,0,DAL,Dallas Cowboys D/ST,DST,6.5,10.0,-3.38,6.62,15.93,15.93,0.088,1.0,6.62,,0.0,0
2026-09-14 00:35:03Z,DAL,in,0.088,Q1 9:43,0,8137,George Pickens,WR,15.2,1.8,13.57,15.37,15.66,15.66,0.06,1.0,15.37,,0.0,0
2026-09-14 00:35:03Z,NYG,in,0.088,Q1 9:43,0,11597,Theo Johnson,TE,4.3,0.0,3.76,3.76,3.92,3.92,0.088,1.0,3.76,,0.0,0
2026-09-14 00:35:03Z,NYG,in,0.088,Q1 9:43,0,12508,Jaxson Dart,QB,20.5,0.46,18.65,19.11,19.15,19.15,0.007,1.0,19.11,,0.0,0
2026-09-14 00:35:03Z,NYG,in,0.088,Q1 9:43,0,13285,Malachi Fields,WR,6.2,0.0,5.42,5.42,5.65,5.65,0.088,1.0,5.42,,0.0,0
2026-09-14 00:35:03Z,DAL,in,0.088,Q1 9:43,0,8917,KaVontae Turpin,WR,4.3,0.0,3.76,3.76,3.92,3.92,0.088,1.0,3.76,,0.0,0
2026-09-14 00:35:03Z,NYG,in,0.088,Q1 9:43,0,11655,Tyrone Tracy,RB,2.4,0.0,2.06,2.06,2.19,2.19,0.088,1.0,2.06,,0.0,0
2026-09-14 00:35:03Z,NYG,in,0.088,Q1 9:43,0,11632,Malik Nabers,WR,16.5,1.9,14.73,16.63,16.95,16.95,0.007,1.0,16.63,,0.0,0
2026-09-14 00:35:03Z,NYG,in,0.088,Q1 9:43,0,7090,Darnell Mooney,WR,5.6,0.0,4.9,4.9,5.11,5.11,0.088,1.0,4.9,,0.0,0
2026-09-14 00:35:03Z,NYG,in,0.088,Q1 9:43,0,2306,Jameis Winston,QB,0.5,0.0,0.45,0.45,0.46,0.46,0.088,1.0,0.45,,0.0,0
2026-09-14 00:35:03Z,DAL,in,0.088,Q1 9:43,0,11593,Brevyn Spann-Ford,TE,0.5,0.0,0.44,0.44,0.46,0.46,0.088,1.0,0.44,,0.0,0
2026-09-14 00:35:03Z,NYG,in,0.088,Q1 9:43,0,2078,Odell Beckham,WR,4.3,0.0,3.76,3.76,3.92,3.92,0.088,1.0,3.76,,0.0,0
2026-09-14 00:35:03Z,NYG,in,0.088,Q1 9:43,0,12481,Cam Skattebo,RB,14.1,0.5,12.25,12.75,13.36,13.36,0.053,1.0,12.75,,0.0,0
2026-09-14 00:35:03Z,DAL,in,0.088,Q1 9:43,0,11199,Emari Demercado,RB,1.8,0.0,1.54,1.54,1.64,1.64,0.088,1.0,1.54,,0.0,0
2026-09-14 00:35:03Z,NYG,in,0.088,Q1 9:43,0,NYG,New York Giants D/ST,DST,5.2,10.0,-3.81,6.19,14.74,14.74,0.088,1.0,6.19,,0.0,0
2026-09-14 00:35:03Z,NYG,in,0.088,Q1 9:43,0,7528,Najee Harris,RB,4.2,0.0,3.6,3.6,3.83,3.83,0.088,1.0,3.6,,0.0,0
2026-09-14 00:35:03Z,DAL,in,0.088,Q1 9:43,0,8162,Sam Howell,QB,0.6,0.0,0.54,0.54,0.55,0.55,0.088,1.0,0.54,,0.0,0
2026-09-14 00:35:03Z,DAL,in,0.088,Q1 9:43,0,11783,Ryan Flournoy,WR,7.4,0.0,6.47,6.47,6.75,6.75,0.088,1.0,6.47,,0.0,0
2026-09-14 00:35:03Z,DAL,in,0.088,Q1 9:43,0,10871,Luke Schoonmaker,TE,1.7,0.0,1.49,1.49,1.55,1.55,0.088,1.0,1.49,,0.0,0
2026-09-14 00:35:03Z,DAL,in,0.088,Q1 9:43,0,7588,Javonte Williams,RB,16.9,0.1,14.53,14.63,15.51,15.51,0.076,1.0,14.63,,0.0,0
2026-09-14 00:36:03Z,DAL,in,0.089,Q1 9:38,0,11533,Brandon Aubrey,K,9.6,0.0,8.74,8.74,8.74,8.74,0.089,1.0,8.74,,0.0,0
2026-09-14 00:36:03Z,DAL,in,0.089,Q1 9:38,0,6786,CeeDee Lamb,WR,18.3,0.0,15.97,15.97,16.66,16.66,0.089,1.0,15.97,,0.0,0
2026-09-14 00:36:03Z,DAL,in,0.089,Q1 9:38,0,3294,Dak Prescott,QB,18.5,0.32,16.79,17.11,17.17,17.17,0.061,1.0,17.11,,0.0,0
2026-09-14 00:36:03Z,NYG,in,0.089,Q1 9:38,0,13833,Dominic Zvada,K,8.2,0.0,7.47,7.47,7.47,7.47,0.089,1.0,7.47,,0.0,0
2026-09-14 00:36:03Z,DAL,in,0.089,Q1 9:38,0,8110,Jake Ferguson,TE,9.3,0.0,8.12,8.12,8.47,8.47,0.089,1.0,8.12,,0.0,0
2026-09-14 00:36:03Z,NYG,in,0.089,Q1 9:38,0,8131,Isaiah Likely,TE,10.7,0.0,9.34,9.34,9.74,9.74,0.089,1.0,9.34,,0.0,0
2026-09-14 00:36:03Z,DAL,in,0.089,Q1 9:38,0,DAL,Dallas Cowboys D/ST,DST,6.5,10.0,-3.38,6.62,15.92,15.92,0.089,1.0,6.62,,0.0,0
2026-09-14 00:36:03Z,DAL,in,0.089,Q1 9:38,0,8137,George Pickens,WR,15.2,1.8,13.55,15.35,15.64,15.64,0.061,1.0,15.35,,0.0,0
2026-09-14 00:36:03Z,NYG,in,0.089,Q1 9:38,0,11597,Theo Johnson,TE,4.3,0.0,3.75,3.75,3.92,3.92,0.089,1.0,3.75,,0.0,0
2026-09-14 00:36:03Z,NYG,in,0.089,Q1 9:38,0,12508,Jaxson Dart,QB,20.5,0.46,18.63,19.09,19.13,19.13,0.009,1.0,19.09,,0.0,0
2026-09-14 00:36:03Z,NYG,in,0.089,Q1 9:38,0,13285,Malachi Fields,WR,6.2,0.0,5.41,5.41,5.65,5.65,0.089,1.0,5.41,,0.0,0
2026-09-14 00:36:03Z,DAL,in,0.089,Q1 9:38,0,8917,KaVontae Turpin,WR,4.3,0.0,3.75,3.75,3.92,3.92,0.089,1.0,3.75,,0.0,0
2026-09-14 00:36:03Z,NYG,in,0.089,Q1 9:38,0,11655,Tyrone Tracy,RB,2.4,0.0,2.06,2.06,2.19,2.19,0.089,1.0,2.06,,0.0,0
2026-09-14 00:36:03Z,NYG,in,0.089,Q1 9:38,0,11632,Malik Nabers,WR,16.5,1.9,14.7,16.6,16.92,16.92,0.009,1.0,16.6,,0.0,0
2026-09-14 00:36:03Z,NYG,in,0.089,Q1 9:38,0,7090,Darnell Mooney,WR,5.6,0.0,4.89,4.89,5.1,5.1,0.089,1.0,4.89,,0.0,0
2026-09-14 00:36:03Z,NYG,in,0.089,Q1 9:38,0,2306,Jameis Winston,QB,0.5,0.0,0.45,0.45,0.46,0.46,0.089,1.0,0.45,,0.0,0
2026-09-14 00:36:03Z,DAL,in,0.089,Q1 9:38,0,11593,Brevyn Spann-Ford,TE,0.5,0.0,0.44,0.44,0.46,0.46,0.089,1.0,0.44,,0.0,0
2026-09-14 00:36:03Z,NYG,in,0.089,Q1 9:38,0,2078,Odell Beckham,WR,4.3,0.0,3.75,3.75,3.92,3.92,0.089,1.0,3.75,,0.0,0
2026-09-14 00:36:03Z,NYG,in,0.089,Q1 9:38,0,12481,Cam Skattebo,RB,14.1,0.5,12.23,12.73,13.34,13.34,0.054,1.0,12.73,,0.0,0
2026-09-14 00:36:03Z,DAL,in,0.089,Q1 9:38,0,11199,Emari Demercado,RB,1.8,0.0,1.54,1.54,1.64,1.64,0.089,1.0,1.54,,0.0,0
2026-09-14 00:36:03Z,NYG,in,0.089,Q1 9:38,0,NYG,New York Giants D/ST,DST,5.2,10.0,-3.81,6.19,14.73,14.73,0.089,1.0,6.19,,0.0,0
2026-09-14 00:36:03Z,NYG,in,0.089,Q1 9:38,0,7528,Najee Harris,RB,4.2,0.0,3.6,3.6,3.82,3.82,0.089,1.0,3.6,,0.0,0
2026-09-14 00:36:03Z,DAL,in,0.089,Q1 9:38,0,8162,Sam Howell,QB,0.6,0.0,0.54,0.54,0.55,0.55,0.089,1.0,0.54,,0.0,0
2026-09-14 00:36:03Z,DAL,in,0.089,Q1 9:38,0,11783,Ryan Flournoy,WR,7.4,0.0,6.46,6.46,6.74,6.74,0.089,1.0,6.46,,0.0,0
2026-09-14 00:36:03Z,DAL,in,0.089,Q1 9:38,0,10871,Luke Schoonmaker,TE,1.7,0.0,1.48,1.48,1.55,1.55,0.089,1.0,1.48,,0.0,0
2026-09-14 00:36:03Z,DAL,in,0.089,Q1 9:38,0,7588,Javonte Williams,RB,16.9,0.1,14.51,14.61,15.49,15.49,0.078,1.0,14.61,,0.0,0
2026-09-14 00:37:04Z,DAL,in,0.089,Q1 9:38,0,11533,Brandon Aubrey,K,9.6,0.0,8.74,8.74,8.74,8.74,0.089,1.0,8.74,,0.0,0
2026-09-14 00:37:04Z,DAL,in,0.089,Q1 9:38,0,6786,CeeDee Lamb,WR,18.3,0.0,15.97,15.97,16.66,16.66,0.089,1.0,15.97,,0.0,0
2026-09-14 00:37:04Z,DAL,in,0.089,Q1 9:38,0,3294,Dak Prescott,QB,18.5,0.32,16.79,17.11,17.17,17.17,0.061,1.0,17.11,,0.0,0
2026-09-14 00:37:04Z,NYG,in,0.089,Q1 9:38,0,13833,Dominic Zvada,K,8.2,0.0,7.47,7.47,7.47,7.47,0.089,1.0,7.47,,0.0,0
2026-09-14 00:37:04Z,DAL,in,0.089,Q1 9:38,0,8110,Jake Ferguson,TE,9.3,0.0,8.12,8.12,8.47,8.47,0.089,1.0,8.12,,0.0,0
2026-09-14 00:37:04Z,NYG,in,0.089,Q1 9:38,0,8131,Isaiah Likely,TE,10.7,0.0,9.34,9.34,9.74,9.74,0.089,1.0,9.34,,0.0,0
2026-09-14 00:37:04Z,DAL,in,0.089,Q1 9:38,0,DAL,Dallas Cowboys D/ST,DST,6.5,10.0,-3.38,6.62,15.92,15.92,0.089,1.0,6.62,,0.0,0
2026-09-14 00:37:04Z,DAL,in,0.089,Q1 9:38,0,8137,George Pickens,WR,15.2,1.8,13.55,15.35,15.64,15.64,0.061,1.0,15.35,,0.0,0
2026-09-14 00:37:04Z,NYG,in,0.089,Q1 9:38,0,11597,Theo Johnson,TE,4.3,0.0,3.75,3.75,3.92,3.92,0.089,1.0,3.75,,0.0,0
2026-09-14 00:37:04Z,NYG,in,0.089,Q1 9:38,0,12508,Jaxson Dart,QB,20.5,2.66,19.16,21.82,21.33,21.33,0.0,1.0,21.82,,0.0,0
2026-09-14 00:37:04Z,NYG,in,0.089,Q1 9:38,0,13285,Malachi Fields,WR,6.2,0.0,5.41,5.41,5.65,5.65,0.089,1.0,5.41,,0.0,0
2026-09-14 00:37:04Z,DAL,in,0.089,Q1 9:38,0,8917,KaVontae Turpin,WR,4.3,0.0,3.75,3.75,3.92,3.92,0.089,1.0,3.75,,0.0,0
2026-09-14 00:37:04Z,NYG,in,0.089,Q1 9:38,0,11655,Tyrone Tracy,RB,2.4,0.0,2.06,2.06,2.19,2.19,0.089,1.0,2.06,,0.0,0
2026-09-14 00:37:04Z,NYG,in,0.089,Q1 9:38,0,11632,Malik Nabers,WR,16.5,1.9,14.7,16.6,16.92,16.92,0.009,1.0,16.6,,0.0,0
2026-09-14 00:37:04Z,NYG,in,0.089,Q1 9:38,0,7090,Darnell Mooney,WR,5.6,0.0,4.89,4.89,5.1,5.1,0.089,1.0,4.89,,0.0,0
2026-09-14 00:37:04Z,NYG,in,0.089,Q1 9:38,0,2306,Jameis Winston,QB,0.5,0.0,0.45,0.45,0.46,0.46,0.089,1.0,0.45,,0.0,0
2026-09-14 00:37:04Z,DAL,in,0.089,Q1 9:38,0,11593,Brevyn Spann-Ford,TE,0.5,0.0,0.44,0.44,0.46,0.46,0.089,1.0,0.44,,0.0,0
2026-09-14 00:37:04Z,NYG,in,0.089,Q1 9:38,0,2078,Odell Beckham,WR,4.3,0.0,3.75,3.75,3.92,3.92,0.089,1.0,3.75,,0.0,0
2026-09-14 00:37:04Z,NYG,in,0.089,Q1 9:38,0,12481,Cam Skattebo,RB,14.1,0.5,12.23,12.73,13.34,13.34,0.054,1.0,12.73,,0.0,0
2026-09-14 00:37:04Z,DAL,in,0.089,Q1 9:38,0,11199,Emari Demercado,RB,1.8,0.0,1.54,1.54,1.64,1.64,0.089,1.0,1.54,,0.0,0
2026-09-14 00:37:04Z,NYG,in,0.089,Q1 9:38,0,NYG,New York Giants D/ST,DST,5.2,10.0,-3.81,6.19,14.73,14.73,0.089,1.0,6.19,,0.0,0
2026-09-14 00:37:04Z,NYG,in,0.089,Q1 9:38,0,7528,Najee Harris,RB,4.2,0.0,3.6,3.6,3.82,3.82,0.089,1.0,3.6,,0.0,0
2026-09-14 00:37:04Z,DAL,in,0.089,Q1 9:38,0,8162,Sam Howell,QB,0.6,0.0,0.54,0.54,0.55,0.55,0.089,1.0,0.54,,0.0,0
2026-09-14 00:37:04Z,DAL,in,0.089,Q1 9:38,0,11783,Ryan Flournoy,WR,7.4,0.0,6.46,6.46,6.74,6.74,0.089,1.0,6.46,,0.0,0
2026-09-14 00:37:04Z,DAL,in,0.089,Q1 9:38,0,10871,Luke Schoonmaker,TE,1.7,0.0,1.48,1.48,1.55,1.55,0.089,1.0,1.48,,0.0,0
2026-09-14 00:37:04Z,DAL,in,0.089,Q1 9:38,0,7588,Javonte Williams,RB,16.9,0.1,14.51,14.61,15.49,15.49,0.078,1.0,14.61,,0.0,0
2026-09-14 00:38:04Z,DAL,in,0.099,Q1 9:05,0,11533,Brandon Aubrey,K,9.6,0.0,8.65,8.65,8.65,8.65,0.099,1.0,8.65,,0.0,0
2026-09-14 00:38:04Z,DAL,in,0.099,Q1 9:05,0,6786,CeeDee Lamb,WR,18.3,0.0,15.81,15.81,16.5,16.5,0.099,1.0,15.81,,0.0,0
2026-09-14 00:38:04Z,DAL,in,0.099,Q1 9:05,0,3294,Dak Prescott,QB,18.5,0.32,16.62,16.94,17.0,17.0,0.07,1.0,16.94,,0.0,0
2026-09-14 00:38:04Z,NYG,in,0.099,Q1 9:05,0,13833,Dominic Zvada,K,8.2,0.0,7.39,7.39,7.39,7.39,0.099,1.0,7.39,,0.0,0
2026-09-14 00:38:04Z,DAL,in,0.099,Q1 9:05,0,8110,Jake Ferguson,TE,9.3,0.0,8.04,8.04,8.38,8.38,0.099,1.0,8.04,,0.0,0
2026-09-14 00:38:04Z,NYG,in,0.099,Q1 9:05,0,8131,Isaiah Likely,TE,10.7,0.0,9.25,9.25,9.64,9.64,0.099,1.0,9.25,,0.0,0
2026-09-14 00:38:04Z,DAL,in,0.099,Q1 9:05,0,DAL,Dallas Cowboys D/ST,DST,6.5,10.0,-3.35,6.65,15.86,15.86,0.099,1.0,6.65,,0.0,0
2026-09-14 00:38:04Z,DAL,in,0.099,Q1 9:05,0,8137,George Pickens,WR,15.2,1.8,13.42,15.22,15.5,15.5,0.07,1.0,15.22,,0.0,0
2026-09-14 00:38:04Z,NYG,in,0.099,Q1 9:05,0,11597,Theo Johnson,TE,4.3,0.0,3.72,3.72,3.88,3.88,0.099,1.0,3.72,,0.0,0
2026-09-14 00:38:04Z,NYG,in,0.099,Q1 9:05,0,12508,Jaxson Dart,QB,20.5,2.66,18.96,21.62,21.14,21.14,0.009,1.0,21.62,,0.0,0
2026-09-14 00:38:04Z,NYG,in,0.099,Q1 9:05,0,13285,Malachi Fields,WR,6.2,0.0,5.36,5.36,5.59,5.59,0.099,1.0,5.36,,0.0,0
2026-09-14 00:38:04Z,DAL,in,0.099,Q1 9:05,0,8917,KaVontae Turpin,WR,4.3,0.0,3.72,3.72,3.88,3.88,0.099,1.0,3.72,,0.0,0
2026-09-14 00:38:04Z,NYG,in,0.099,Q1 9:05,0,11655,Tyrone Tracy,RB,2.4,0.0,2.04,2.04,2.16,2.16,0.099,1.0,2.04,,0.0,0
2026-09-14 00:38:04Z,NYG,in,0.099,Q1 9:05,0,11632,Malik Nabers,WR,16.5,1.9,14.56,16.46,16.77,16.77,0.018,1.0,16.46,,0.0,0
2026-09-14 00:38:04Z,NYG,in,0.099,Q1 9:05,0,7090,Darnell Mooney,WR,5.6,0.0,4.84,4.84,5.05,5.05,0.099,1.0,4.84,,0.0,0
2026-09-14 00:38:04Z,NYG,in,0.099,Q1 9:05,0,2306,Jameis Winston,QB,0.5,0.0,0.45,0.45,0.45,0.45,0.099,1.0,0.45,,0.0,0
2026-09-14 00:38:04Z,DAL,in,0.099,Q1 9:05,0,11593,Brevyn Spann-Ford,TE,0.5,0.0,0.43,0.43,0.45,0.45,0.099,1.0,0.43,,0.0,0
2026-09-14 00:38:04Z,NYG,in,0.099,Q1 9:05,0,2078,Odell Beckham,WR,4.3,0.0,3.72,3.72,3.88,3.88,0.099,1.0,3.72,,0.0,0
2026-09-14 00:38:04Z,NYG,in,0.099,Q1 9:05,0,12481,Cam Skattebo,RB,14.1,0.5,12.1,12.6,13.21,13.21,0.063,1.0,12.6,,0.0,0
2026-09-14 00:38:04Z,DAL,in,0.099,Q1 9:05,0,11199,Emari Demercado,RB,1.8,0.0,1.53,1.53,1.62,1.62,0.099,1.0,1.53,,0.0,0
2026-09-14 00:38:04Z,NYG,in,0.099,Q1 9:05,0,NYG,New York Giants D/ST,DST,5.2,10.0,-3.77,6.23,14.69,14.69,0.099,1.0,6.23,,0.0,0
2026-09-14 00:38:04Z,NYG,in,0.099,Q1 9:05,0,7528,Najee Harris,RB,4.2,0.0,3.56,3.56,3.79,3.79,0.099,1.0,3.56,,0.0,0
2026-09-14 00:38:04Z,DAL,in,0.099,Q1 9:05,0,8162,Sam Howell,QB,0.6,0.0,0.54,0.54,0.54,0.54,0.099,1.0,0.54,,0.0,0
2026-09-14 00:38:04Z,DAL,in,0.099,Q1 9:05,0,11783,Ryan Flournoy,WR,7.4,0.0,6.39,6.39,6.67,6.67,0.099,1.0,6.39,,0.0,0
2026-09-14 00:38:04Z,DAL,in,0.099,Q1 9:05,0,10871,Luke Schoonmaker,TE,1.7,0.0,1.47,1.47,1.53,1.53,0.099,1.0,1.47,,0.0,0
2026-09-14 00:38:04Z,DAL,in,0.099,Q1 9:05,0,7588,Javonte Williams,RB,16.9,0.1,14.36,14.46,15.33,15.33,0.087,1.0,14.46,,0.0,0
2026-09-14 00:39:04Z,DAL,in,0.124,Q1 7:32,0,11533,Brandon Aubrey,K,9.6,0.0,8.41,8.41,8.41,8.41,0.124,1.0,8.41,,0.0,0
2026-09-14 00:39:04Z,DAL,in,0.124,Q1 7:32,0,6786,CeeDee Lamb,WR,18.3,0.0,15.37,15.37,16.02,16.02,0.124,1.0,15.37,,0.0,0
2026-09-14 00:39:04Z,DAL,in,0.124,Q1 7:32,0,3294,Dak Prescott,QB,18.5,0.32,16.1,16.42,16.52,16.52,0.096,1.0,16.42,,0.0,0
2026-09-14 00:39:04Z,NYG,in,0.124,Q1 7:32,0,13833,Dominic Zvada,K,8.2,0.0,7.18,7.18,7.18,7.18,0.124,1.0,7.18,,0.0,0
2026-09-14 00:39:04Z,DAL,in,0.124,Q1 7:32,0,8110,Jake Ferguson,TE,9.3,0.0,7.81,7.81,8.14,8.14,0.124,1.0,7.81,,0.0,0
2026-09-14 00:39:04Z,NYG,in,0.124,Q1 7:32,0,8131,Isaiah Likely,TE,10.7,0.0,8.99,8.99,9.37,9.37,0.124,1.0,8.99,,0.0,0
2026-09-14 00:39:04Z,DAL,in,0.124,Q1 7:32,0,DAL,Dallas Cowboys D/ST,DST,6.5,10.0,-3.1,6.9,15.69,15.69,0.124,1.0,6.9,,0.0,0
2026-09-14 00:39:04Z,DAL,in,0.124,Q1 7:32,0,8137,George Pickens,WR,15.2,1.8,13.03,14.83,15.11,15.11,0.096,1.0,14.83,,0.0,0
2026-09-14 00:39:04Z,NYG,in,0.124,Q1 7:32,0,11597,Theo Johnson,TE,4.3,0.0,3.61,3.61,3.76,3.76,0.124,1.0,3.61,,0.0,0
2026-09-14 00:39:04Z,NYG,in,0.124,Q1 7:32,0,12508,Jaxson Dart,QB,20.5,2.66,18.39,21.05,20.61,20.61,0.035,1.0,21.05,,0.0,0
2026-09-14 00:39:04Z,NYG,in,0.124,Q1 7:32,0,13285,Malachi Fields,WR,6.2,0.0,5.21,5.21,5.43,5.43,0.124,1.0,5.21,,0.0,0
2026-09-14 00:39:04Z,DAL,in,0.124,Q1 7:32,0,8917,KaVontae Turpin,WR,4.3,0.0,3.61,3.61,3.76,3.76,0.124,1.0,3.61,,0.0,0
2026-09-14 00:39:04Z,NYG,in,0.124,Q1 7:32,0,11655,Tyrone Tracy,RB,2.4,0.0,1.96,1.96,2.1,2.1,0.124,1.0,1.96,,0.0,0
2026-09-14 00:39:04Z,NYG,in,0.124,Q1 7:32,0,11632,Malik Nabers,WR,16.5,1.9,14.14,16.04,16.35,16.35,0.044,1.0,16.04,,0.0,0
2026-09-14 00:39:04Z,NYG,in,0.124,Q1 7:32,0,7090,Darnell Mooney,WR,5.6,0.0,4.7,4.7,4.9,4.9,0.124,1.0,4.7,,0.0,0
2026-09-14 00:39:04Z,NYG,in,0.124,Q1 7:32,0,2306,Jameis Winston,QB,0.5,0.0,0.43,0.43,0.44,0.44,0.124,0.3,0.13,,0.0,0
2026-09-14 00:39:04Z,DAL,in,0.124,Q1 7:32,0,11593,Brevyn Spann-Ford,TE,0.5,0.0,0.42,0.42,0.44,0.44,0.124,1.0,0.42,,0.0,0
2026-09-14 00:39:04Z,NYG,in,0.124,Q1 7:32,0,2078,Odell Beckham,WR,4.3,0.0,3.61,3.61,3.76,3.76,0.124,1.0,3.61,,0.0,0
2026-09-14 00:39:04Z,NYG,in,0.124,Q1 7:32,0,12481,Cam Skattebo,RB,14.1,0.9,11.8,12.7,13.25,13.25,0.0,1.0,12.7,,0.0,0
2026-09-14 00:39:04Z,DAL,in,0.124,Q1 7:32,0,11199,Emari Demercado,RB,1.8,0.0,1.47,1.47,1.58,1.58,0.124,1.0,1.47,,0.0,0
2026-09-14 00:39:04Z,NYG,in,0.124,Q1 7:32,0,NYG,New York Giants D/ST,DST,5.2,10.0,-3.49,6.51,14.55,14.55,0.124,1.0,6.51,,0.0,0
2026-09-14 00:39:04Z,NYG,in,0.124,Q1 7:32,0,7528,Najee Harris,RB,4.2,0.0,3.44,3.44,3.68,3.68,0.124,1.0,3.44,,0.0,0
2026-09-14 00:39:04Z,DAL,in,0.124,Q1 7:32,0,8162,Sam Howell,QB,0.6,0.0,0.52,0.52,0.53,0.53,0.124,1.0,0.52,,0.0,0
2026-09-14 00:39:04Z,DAL,in,0.124,Q1 7:32,0,11783,Ryan Flournoy,WR,7.4,0.0,6.22,6.22,6.48,6.48,0.124,1.0,6.22,,0.0,0
2026-09-14 00:39:04Z,DAL,in,0.124,Q1 7:32,0,10871,Luke Schoonmaker,TE,1.7,0.0,1.43,1.43,1.49,1.49,0.124,1.0,1.43,,0.0,0
2026-09-14 00:39:04Z,DAL,in,0.124,Q1 7:32,0,7588,Javonte Williams,RB,16.9,0.1,13.86,13.96,14.9,14.9,0.113,1.0,13.96,,0.0,0
2026-09-14 00:40:05Z,DAL,in,0.124,Q1 7:32,0,11533,Brandon Aubrey,K,9.6,0.0,8.41,8.41,8.41,8.41,0.124,1.0,8.41,,0.0,0
2026-09-14 00:40:05Z,DAL,in,0.124,Q1 7:32,0,6786,CeeDee Lamb,WR,18.3,0.0,15.37,15.37,16.02,16.02,0.124,1.0,15.37,,0.0,0
2026-09-14 00:40:05Z,DAL,in,0.124,Q1 7:32,0,3294,Dak Prescott,QB,18.5,0.32,16.1,16.42,16.52,16.52,0.096,1.0,16.42,,0.0,0
2026-09-14 00:40:05Z,NYG,in,0.124,Q1 7:32,0,13833,Dominic Zvada,K,8.2,0.0,7.18,7.18,7.18,7.18,0.124,1.0,7.18,,0.0,0
2026-09-14 00:40:05Z,DAL,in,0.124,Q1 7:32,0,8110,Jake Ferguson,TE,9.3,0.0,7.81,7.81,8.14,8.14,0.124,1.0,7.81,,0.0,0
2026-09-14 00:40:05Z,NYG,in,0.124,Q1 7:32,0,8131,Isaiah Likely,TE,10.7,2.2,9.31,11.51,11.57,11.57,0.0,1.0,11.51,,0.0,0
2026-09-14 00:40:05Z,DAL,in,0.124,Q1 7:32,0,DAL,Dallas Cowboys D/ST,DST,6.5,10.0,-3.1,6.9,15.69,15.69,0.124,1.0,6.9,,0.0,0
2026-09-14 00:40:05Z,DAL,in,0.124,Q1 7:32,0,8137,George Pickens,WR,15.2,1.8,13.03,14.83,15.11,15.11,0.096,1.0,14.83,,0.0,0
2026-09-14 00:40:05Z,NYG,in,0.124,Q1 7:32,0,11597,Theo Johnson,TE,4.3,0.0,3.61,3.61,3.76,3.76,0.124,1.0,3.61,,0.0,0
2026-09-14 00:40:05Z,NYG,in,0.124,Q1 7:32,0,12508,Jaxson Dart,QB,20.5,3.14,18.5,21.64,21.09,21.09,0.0,1.0,21.64,,0.0,0
2026-09-14 00:40:05Z,NYG,in,0.124,Q1 7:32,0,13285,Malachi Fields,WR,6.2,0.0,5.21,5.21,5.43,5.43,0.124,1.0,5.21,,0.0,0
2026-09-14 00:40:05Z,DAL,in,0.124,Q1 7:32,0,8917,KaVontae Turpin,WR,4.3,0.0,3.61,3.61,3.76,3.76,0.124,1.0,3.61,,0.0,0
2026-09-14 00:40:05Z,NYG,in,0.124,Q1 7:32,0,11655,Tyrone Tracy,RB,2.4,0.0,1.96,1.96,2.1,2.1,0.124,1.0,1.96,,0.0,0
2026-09-14 00:40:05Z,NYG,in,0.124,Q1 7:32,0,11632,Malik Nabers,WR,16.5,1.9,14.14,16.04,16.35,16.35,0.044,1.0,16.04,,0.0,0
2026-09-14 00:40:05Z,NYG,in,0.124,Q1 7:32,0,7090,Darnell Mooney,WR,5.6,0.0,4.7,4.7,4.9,4.9,0.124,1.0,4.7,,0.0,0
2026-09-14 00:40:05Z,NYG,in,0.124,Q1 7:32,0,2306,Jameis Winston,QB,0.5,0.0,0.43,0.43,0.44,0.44,0.124,0.3,0.13,,0.0,0
2026-09-14 00:40:05Z,DAL,in,0.124,Q1 7:32,0,11593,Brevyn Spann-Ford,TE,0.5,0.0,0.42,0.42,0.44,0.44,0.124,1.0,0.42,,0.0,0
2026-09-14 00:40:05Z,NYG,in,0.124,Q1 7:32,0,2078,Odell Beckham,WR,4.3,0.0,3.61,3.61,3.76,3.76,0.124,1.0,3.61,,0.0,0
2026-09-14 00:40:05Z,NYG,in,0.124,Q1 7:32,0,12481,Cam Skattebo,RB,14.1,0.9,11.8,12.7,13.25,13.25,0.0,1.0,12.7,,0.0,0
2026-09-14 00:40:05Z,DAL,in,0.124,Q1 7:32,0,11199,Emari Demercado,RB,1.8,0.0,1.47,1.47,1.58,1.58,0.124,1.0,1.47,,0.0,0
2026-09-14 00:40:05Z,NYG,in,0.124,Q1 7:32,0,NYG,New York Giants D/ST,DST,5.2,10.0,-3.49,6.51,14.55,14.55,0.124,1.0,6.51,,0.0,0
2026-09-14 00:40:05Z,NYG,in,0.124,Q1 7:32,0,7528,Najee Harris,RB,4.2,0.0,3.44,3.44,3.68,3.68,0.124,1.0,3.44,,0.0,0
2026-09-14 00:40:05Z,DAL,in,0.124,Q1 7:32,0,8162,Sam Howell,QB,0.6,0.0,0.52,0.52,0.53,0.53,0.124,1.0,0.52,,0.0,0
2026-09-14 00:40:05Z,DAL,in,0.124,Q1 7:32,0,11783,Ryan Flournoy,WR,7.4,0.0,6.22,6.22,6.48,6.48,0.124,1.0,6.22,,0.0,0
2026-09-14 00:40:05Z,DAL,in,0.124,Q1 7:32,0,10871,Luke Schoonmaker,TE,1.7,0.0,1.43,1.43,1.49,1.49,0.124,1.0,1.43,,0.0,0
2026-09-14 00:40:05Z,DAL,in,0.124,Q1 7:32,0,7588,Javonte Williams,RB,16.9,0.1,13.86,13.96,14.9,14.9,0.113,1.0,13.96,,0.0,0
2026-09-14 00:41:05Z,DAL,in,0.139,Q1 6:40,-6.0,11533,Brandon Aubrey,K,9.6,0.0,8.27,8.27,8.27,8.27,0.139,1.0,8.27,,0.0,0
2026-09-14 00:41:05Z,DAL,in,0.139,Q1 6:40,-6.0,6786,CeeDee Lamb,WR,18.3,0.0,16.51,16.51,15.76,15.76,0.139,1.0,16.51,,0.0,0
2026-09-14 00:41:05Z,DAL,in,0.139,Q1 6:40,-6.0,3294,Dak Prescott,QB,18.5,0.32,17.52,17.84,16.25,16.25,0.111,1.0,17.84,,0.0,0
2026-09-14 00:41:05Z,NYG,in,0.139,Q1 6:40,6.0,13833,Dominic Zvada,K,8.2,0.0,7.06,7.06,7.06,7.06,0.139,1.0,7.06,,0.0,0
2026-09-14 00:41:05Z,DAL,in,0.139,Q1 6:40,-6.0,8110,Jake Ferguson,TE,9.3,0.0,8.39,8.39,8.01,8.01,0.139,1.0,8.39,,0.0,0
2026-09-14 00:41:05Z,NYG,in,0.139,Q1 6:40,6.0,8131,Isaiah Likely,TE,10.7,2.2,8.35,10.55,11.41,11.41,0.014,1.0,10.55,,0.0,0
2026-09-14 00:41:05Z,DAL,in,0.139,Q1 6:40,-6.0,DAL,Dallas Cowboys D/ST,DST,6.5,7.0,-1.4,5.6,12.6,12.6,0.0,1.0,5.6,,0.0,0
2026-09-14 00:41:05Z,DAL,in,0.139,Q1 6:40,-6.0,8137,George Pickens,WR,15.2,1.8,13.97,15.77,14.89,14.89,0.111,1.0,15.77,,0.0,0
2026-09-14 00:41:05Z,NYG,in,0.139,Q1 6:40,6.0,11597,Theo Johnson,TE,4.3,0.0,3.23,3.23,3.7,3.7,0.139,1.0,3.23,,0.0,0
2026-09-14 00:41:05Z,NYG,in,0.139,Q1 6:40,6.0,12508,Jaxson Dart,QB,20.5,3.14,16.28,19.42,20.79,20.79,0.014,1.0,19.42,,0.0,0
2026-09-14 00:41:05Z,NYG,in,0.139,Q1 6:40,6.0,13285,Malachi Fields,WR,6.2,0.0,4.66,4.66,5.34,5.34,0.139,1.0,4.66,,0.0,0
2026-09-14 00:41:05Z,DAL,in,0.139,Q1 6:40,-6.0,8917,KaVontae Turpin,WR,4.3,0.0,3.88,3.88,3.7,3.7,0.139,1.0,3.88,,0.0,0
2026-09-14 00:41:05Z,NYG,in,0.139,Q1 6:40,6.0,11655,Tyrone Tracy,RB,2.4,0.0,1.85,1.85,2.07,2.07,0.139,1.0,1.85,,0.0,0
2026-09-14 00:41:05Z,NYG,in,0.139,Q1 6:40,6.0,11632,Malik Nabers,WR,16.5,1.9,12.66,14.56,16.11,16.11,0.058,1.0,14.56,,0.0,0
2026-09-14 00:41:05Z,NYG,in,0.139,Q1 6:40,6.0,7090,Darnell Mooney,WR,5.6,0.0,4.2,4.2,4.82,4.82,0.139,1.0,4.2,,0.0,0
2026-09-14 00:41:05Z,NYG,in,0.139,Q1 6:40,6.0,2306,Jameis Winston,QB,0.5,0.0,0.38,0.38,0.43,0.43,0.139,0.3,0.11,,0.0,0
2026-09-14 00:41:05Z,DAL,in,0.139,Q1 6:40,-6.0,11593,Brevyn Spann-Ford,TE,0.5,0.0,0.45,0.45,0.43,0.43,0.139,1.0,0.45,,0.0,0
2026-09-14 00:41:05Z,NYG,in,0.139,Q1 6:40,6.0,2078,Odell Beckham,WR,4.3,0.0,3.23,3.23,3.7,3.7,0.139,1.0,3.23,,0.0,0
2026-09-14 00:41:05Z,NYG,in,0.139,Q1 6:40,6.0,12481,Cam Skattebo,RB,14.1,7.2,12.92,20.12,19.34,19.34,0.0,1.0,20.12,,0.0,0
2026-09-14 00:41:05Z,DAL,in,0.139,Q1 6:40,-6.0,11199,Emari Demercado,RB,1.8,0.0,1.5,1.5,1.55,1.55,0.139,1.0,1.5,,0.0,0
2026-09-14 00:41:05Z,NYG,in,0.139,Q1 6:40,6.0,NYG,New York Giants D/ST,DST,5.2,10.0,-2.94,7.06,14.48,14.48,0.139,1.0,7.06,,0.0,0
2026-09-14 00:41:05Z,NYG,in,0.139,Q1 6:40,6.0,7528,Najee Harris,RB,4.2,0.0,3.24,3.24,3.62,3.62,0.139,1.0,3.24,,0.0,0
2026-09-14 00:41:05Z,DAL,in,0.139,Q1 6:40,-6.0,8162,Sam Howell,QB,0.6,0.0,0.57,0.57,0.52,0.52,0.139,1.0,0.57,,0.0,0
2026-09-14 00:41:05Z,DAL,in,0.139,Q1 6:40,-6.0,11783,Ryan Flournoy,WR,7.4,0.0,6.68,6.68,6.37,6.37,0.139,1.0,6.68,,0.0,0
2026-09-14 00:41:05Z,DAL,in,0.139,Q1 6:40,-6.0,10871,Luke Schoonmaker,TE,1.7,0.0,1.53,1.53,1.46,1.46,0.139,1.0,1.53,,0.0,0
2026-09-14 00:41:05Z,DAL,in,0.139,Q1 6:40,-6.0,7588,Javonte Williams,RB,16.9,0.1,14.1,14.2,14.65,14.65,0.127,1.0,14.2,,0.0,0
2026-09-14 00:42:06Z,DAL,in,0.139,Q1 6:40,-7.0,11533,Brandon Aubrey,K,9.6,0.0,8.27,8.27,8.27,8.27,0.139,1.0,8.27,,0.0,0
2026-09-14 00:42:06Z,DAL,in,0.139,Q1 6:40,-7.0,6786,CeeDee Lamb,WR,18.3,0.0,16.74,16.74,15.76,15.76,0.139,1.0,16.74,,0.0,0
2026-09-14 00:42:06Z,DAL,in,0.139,Q1 6:40,-7.0,3294,Dak Prescott,QB,18.5,0.32,17.81,18.13,16.25,16.25,0.111,1.0,18.13,,0.0,0
2026-09-14 00:42:06Z,NYG,in,0.139,Q1 6:40,7.0,13833,Dominic Zvada,K,8.2,1.0,7.06,8.06,8.06,8.06,0.0,1.0,8.06,,0.0,0
2026-09-14 00:42:06Z,DAL,in,0.139,Q1 6:40,-7.0,8110,Jake Ferguson,TE,9.3,0.0,8.51,8.51,8.01,8.01,0.139,1.0,8.51,,0.0,0
2026-09-14 00:42:06Z,NYG,in,0.139,Q1 6:40,7.0,8131,Isaiah Likely,TE,10.7,2.2,8.22,10.42,11.41,11.41,0.014,1.0,10.42,,0.0,0
2026-09-14 00:42:06Z,DAL,in,0.139,Q1 6:40,-7.0,DAL,Dallas Cowboys D/ST,DST,6.5,4.0,0.08,4.08,9.6,9.6,0.0,1.0,4.08,,0.0,0
2026-09-14 00:42:06Z,DAL,in,0.139,Q1 6:40,-7.0,8137,George Pickens,WR,15.2,1.8,14.16,15.96,14.89,14.89,0.111,1.0,15.96,,0.0,0
2026-09-14 00:42:06Z,NYG,in,0.139,Q1 6:40,7.0,11597,Theo Johnson,TE,4.3,0.0,3.17,3.17,3.7,3.7,0.139,1.0,3.17,,0.0,0
2026-09-14 00:42:06Z,NYG,in,0.139,Q1 6:40,7.0,12508,Jaxson Dart,QB,20.5,3.14,15.96,19.1,20.79,20.79,0.014,1.0,19.1,,0.0,0
2026-09-14 00:42:06Z,NYG,in,0.139,Q1 6:40,7.0,13285,Malachi Fields,WR,6.2,0.0,4.58,4.58,5.34,5.34,0.139,1.0,4.58,,0.0,0
2026-09-14 00:42:06Z,DAL,in,0.139,Q1 6:40,-7.0,8917,KaVontae Turpin,WR,4.3,0.0,3.93,3.93,3.7,3.7,0.139,1.0,3.93,,0.0,0
2026-09-14 00:42:06Z,NYG,in,0.139,Q1 6:40,7.0,11655,Tyrone Tracy,RB,2.4,0.0,1.84,1.84,2.07,2.07,0.139,1.0,1.84,,0.0,0
2026-09-14 00:42:06Z,NYG,in,0.139,Q1 6:40,7.0,11632,Malik Nabers,WR,16.5,1.9,12.46,14.36,16.11,16.11,0.058,1.0,14.36,,0.0,0
2026-09-14 00:42:06Z,NYG,in,0.139,Q1 6:40,7.0,7090,Darnell Mooney,WR,5.6,0.0,4.13,4.13,4.82,4.82,0.139,1.0,4.13,,0.0,0
2026-09-14 00:42:06Z,NYG,in,0.139,Q1 6:40,7.0,2306,Jameis Winston,QB,0.5,0.0,0.37,0.37,0.43,0.43,0.139,0.3,0.11,,0.0,0
2026-09-14 00:42:06Z,DAL,in,0.139,Q1 6:40,-7.0,11593,Brevyn Spann-Ford,TE,0.5,0.0,0.46,0.46,0.43,0.43,0.139,1.0,0.46,,0.0,0
2026-09-14 00:42:06Z,NYG,in,0.139,Q1 6:40,7.0,2078,Odell Beckham,WR,4.3,0.0,3.17,3.17,3.7,3.7,0.139,1.0,3.17,,0.0,0
2026-09-14 00:42:06Z,NYG,in,0.139,Q1 6:40,7.0,12481,Cam Skattebo,RB,14.1,7.2,12.84,20.04,19.34,19.34,0.0,1.0,20.04,,0.0,0
2026-09-14 00:42:06Z,DAL,in,0.139,Q1 6:40,-7.0,11199,Emari Demercado,RB,1.8,0.0,1.51,1.51,1.55,1.55,0.139,1.0,1.51,,0.0,0
2026-09-14 00:42:06Z,NYG,in,0.139,Q1 6:40,7.0,NYG,New York Giants D/ST,DST,5.2,10.0,-2.87,7.13,14.48,14.48,0.139,1.0,7.13,,0.0,0
2026-09-14 00:42:06Z,NYG,in,0.139,Q1 6:40,7.0,7528,Najee Harris,RB,4.2,0.0,3.22,3.22,3.62,3.62,0.139,1.0,3.22,,0.0,0
2026-09-14 00:42:06Z,DAL,in,0.139,Q1 6:40,-7.0,8162,Sam Howell,QB,0.6,0.0,0.58,0.58,0.52,0.52,0.139,1.0,0.58,,0.0,0
2026-09-14 00:42:06Z,DAL,in,0.139,Q1 6:40,-7.0,11783,Ryan Flournoy,WR,7.4,0.0,6.77,6.77,6.37,6.37,0.139,1.0,6.77,,0.0,0
2026-09-14 00:42:06Z,DAL,in,0.139,Q1 6:40,-7.0,10871,Luke Schoonmaker,TE,1.7,0.0,1.55,1.55,1.46,1.46,0.139,1.0,1.55,,0.0,0
2026-09-14 00:42:06Z,DAL,in,0.139,Q1 6:40,-7.0,7588,Javonte Williams,RB,16.9,0.1,14.18,14.28,14.65,14.65,0.127,1.0,14.28,,0.0,0
2026-09-14 00:43:06Z,DAL,in,0.139,Q1 6:40,-7.0,11533,Brandon Aubrey,K,9.6,0.0,8.27,8.27,8.27,8.27,0.139,1.0,8.27,,0.0,0
2026-09-14 00:43:06Z,DAL,in,0.139,Q1 6:40,-7.0,6786,CeeDee Lamb,WR,18.3,0.0,16.74,16.74,15.76,15.76,0.139,1.0,16.74,,0.0,0
2026-09-14 00:43:06Z,DAL,in,0.139,Q1 6:40,-7.0,3294,Dak Prescott,QB,18.5,0.32,17.81,18.13,16.25,16.25,0.111,1.0,18.13,,0.0,0
2026-09-14 00:43:06Z,NYG,in,0.139,Q1 6:40,7.0,13833,Dominic Zvada,K,8.2,1.0,7.06,8.06,8.06,8.06,0.0,1.0,8.06,,0.0,0
2026-09-14 00:43:06Z,DAL,in,0.139,Q1 6:40,-7.0,8110,Jake Ferguson,TE,9.3,0.0,8.51,8.51,8.01,8.01,0.139,1.0,8.51,,0.0,0
2026-09-14 00:43:06Z,NYG,in,0.139,Q1 6:40,7.0,8131,Isaiah Likely,TE,10.7,2.3,8.23,10.53,11.51,11.51,0.0,1.0,10.53,,0.0,0
2026-09-14 00:43:06Z,DAL,in,0.139,Q1 6:40,-7.0,DAL,Dallas Cowboys D/ST,DST,6.5,4.0,0.08,4.08,9.6,9.6,0.0,1.0,4.08,,0.0,0
2026-09-14 00:43:06Z,DAL,in,0.139,Q1 6:40,-7.0,8137,George Pickens,WR,15.2,1.8,14.16,15.96,14.89,14.89,0.111,1.0,15.96,,0.0,0
2026-09-14 00:43:06Z,NYG,in,0.139,Q1 6:40,7.0,11597,Theo Johnson,TE,4.3,0.0,3.17,3.17,3.7,3.7,0.139,1.0,3.17,,0.0,0
2026-09-14 00:43:06Z,NYG,in,0.139,Q1 6:40,7.0,12508,Jaxson Dart,QB,20.5,3.18,15.97,19.15,20.83,20.83,0.0,1.0,19.15,,0.0,0
2026-09-14 00:43:06Z,NYG,in,0.139,Q1 6:40,7.0,13285,Malachi Fields,WR,6.2,0.0,4.58,4.58,5.34,5.34,0.139,1.0,4.58,,0.0,0
2026-09-14 00:43:06Z,DAL,in,0.139,Q1 6:40,-7.0,8917,KaVontae Turpin,WR,4.3,0.0,3.93,3.93,3.7,3.7,0.139,1.0,3.93,,0.0,0
2026-09-14 00:43:06Z,NYG,in,0.139,Q1 6:40,7.0,11655,Tyrone Tracy,RB,2.4,0.0,1.84,1.84,2.07,2.07,0.139,1.0,1.84,,0.0,0
2026-09-14 00:43:06Z,NYG,in,0.139,Q1 6:40,7.0,11632,Malik Nabers,WR,16.5,1.9,12.46,14.36,16.11,16.11,0.058,1.0,14.36,,0.0,0
2026-09-14 00:43:06Z,NYG,in,0.139,Q1 6:40,7.0,7090,Darnell Mooney,WR,5.6,0.0,4.13,4.13,4.82,4.82,0.139,1.0,4.13,,0.0,0
2026-09-14 00:43:06Z,NYG,in,0.139,Q1 6:40,7.0,2306,Jameis Winston,QB,0.5,0.0,0.37,0.37,0.43,0.43,0.139,0.3,0.11,,0.0,0
2026-09-14 00:43:06Z,DAL,in,0.139,Q1 6:40,-7.0,11593,Brevyn Spann-Ford,TE,0.5,0.0,0.46,0.46,0.43,0.43,0.139,1.0,0.46,,0.0,0
2026-09-14 00:43:06Z,NYG,in,0.139,Q1 6:40,7.0,2078,Odell Beckham,WR,4.3,0.0,3.17,3.17,3.7,3.7,0.139,1.0,3.17,,0.0,0
2026-09-14 00:43:06Z,NYG,in,0.139,Q1 6:40,7.0,12481,Cam Skattebo,RB,14.1,7.2,12.84,20.04,19.34,19.34,0.0,1.0,20.04,,0.0,0
2026-09-14 00:43:06Z,DAL,in,0.139,Q1 6:40,-7.0,11199,Emari Demercado,RB,1.8,0.0,1.51,1.51,1.55,1.55,0.139,1.0,1.51,,0.0,0
2026-09-14 00:43:06Z,NYG,in,0.139,Q1 6:40,7.0,NYG,New York Giants D/ST,DST,5.2,10.0,-2.87,7.13,14.48,14.48,0.139,1.0,7.13,,0.0,0
2026-09-14 00:43:06Z,NYG,in,0.139,Q1 6:40,7.0,7528,Najee Harris,RB,4.2,0.0,3.22,3.22,3.62,3.62,0.139,1.0,3.22,,0.0,0
2026-09-14 00:43:06Z,DAL,in,0.139,Q1 6:40,-7.0,8162,Sam Howell,QB,0.6,0.0,0.58,0.58,0.52,0.52,0.139,1.0,0.58,,0.0,0
2026-09-14 00:43:06Z,DAL,in,0.139,Q1 6:40,-7.0,11783,Ryan Flournoy,WR,7.4,0.0,6.77,6.77,6.37,6.37,0.139,1.0,6.77,,0.0,0
2026-09-14 00:43:06Z,DAL,in,0.139,Q1 6:40,-7.0,10871,Luke Schoonmaker,TE,1.7,0.0,1.55,1.55,1.46,1.46,0.139,1.0,1.55,,0.0,0
2026-09-14 00:43:06Z,DAL,in,0.139,Q1 6:40,-7.0,7588,Javonte Williams,RB,16.9,0.1,14.18,14.28,14.65,14.65,0.127,1.0,14.28,,0.0,0
2026-09-14 00:44:07Z,DAL,in,0.139,Q1 6:40,-7.0,11533,Brandon Aubrey,K,9.6,0.0,8.27,8.27,8.27,8.27,0.139,1.0,8.27,,0.0,0
2026-09-14 00:44:07Z,DAL,in,0.139,Q1 6:40,-7.0,6786,CeeDee Lamb,WR,18.3,0.0,16.74,16.74,15.76,15.76,0.139,1.0,16.74,,0.0,0
2026-09-14 00:44:07Z,DAL,in,0.139,Q1 6:40,-7.0,3294,Dak Prescott,QB,18.5,0.32,17.81,18.13,16.25,16.25,0.111,1.0,18.13,,0.0,0
2026-09-14 00:44:07Z,NYG,in,0.139,Q1 6:40,7.0,13833,Dominic Zvada,K,8.2,1.0,7.06,8.06,8.06,8.06,0.0,1.0,8.06,,0.0,0
2026-09-14 00:44:07Z,DAL,in,0.139,Q1 6:40,-7.0,8110,Jake Ferguson,TE,9.3,0.0,8.51,8.51,8.01,8.01,0.139,1.0,8.51,,0.0,0
2026-09-14 00:44:07Z,NYG,in,0.139,Q1 6:40,7.0,8131,Isaiah Likely,TE,10.7,2.3,8.23,10.53,11.51,11.51,0.0,1.0,10.53,,0.0,0
2026-09-14 00:44:07Z,DAL,in,0.139,Q1 6:40,-7.0,DAL,Dallas Cowboys D/ST,DST,6.5,4.0,0.08,4.08,9.6,9.6,0.0,1.0,4.08,,0.0,0
2026-09-14 00:44:07Z,DAL,in,0.139,Q1 6:40,-7.0,8137,George Pickens,WR,15.2,1.8,14.16,15.96,14.89,14.89,0.111,1.0,15.96,,0.0,0
2026-09-14 00:44:07Z,NYG,in,0.139,Q1 6:40,7.0,11597,Theo Johnson,TE,4.3,0.0,3.17,3.17,3.7,3.7,0.139,1.0,3.17,,0.0,0
2026-09-14 00:44:07Z,NYG,in,0.139,Q1 6:40,7.0,12508,Jaxson Dart,QB,20.5,3.18,15.97,19.15,20.83,20.83,0.0,1.0,19.15,,0.0,0
2026-09-14 00:44:07Z,NYG,in,0.139,Q1 6:40,7.0,13285,Malachi Fields,WR,6.2,0.0,4.58,4.58,5.34,5.34,0.139,1.0,4.58,,0.0,0
2026-09-14 00:44:07Z,DAL,in,0.139,Q1 6:40,-7.0,8917,KaVontae Turpin,WR,4.3,0.0,3.93,3.93,3.7,3.7,0.139,1.0,3.93,,0.0,0
2026-09-14 00:44:07Z,NYG,in,0.139,Q1 6:40,7.0,11655,Tyrone Tracy,RB,2.4,0.0,1.84,1.84,2.07,2.07,0.139,1.0,1.84,,0.0,0
2026-09-14 00:44:07Z,NYG,in,0.139,Q1 6:40,7.0,11632,Malik Nabers,WR,16.5,1.9,12.46,14.36,16.11,16.11,0.058,1.0,14.36,,0.0,0
2026-09-14 00:44:07Z,NYG,in,0.139,Q1 6:40,7.0,7090,Darnell Mooney,WR,5.6,0.0,4.13,4.13,4.82,4.82,0.139,1.0,4.13,,0.0,0
2026-09-14 00:44:07Z,NYG,in,0.139,Q1 6:40,7.0,2306,Jameis Winston,QB,0.5,0.0,0.37,0.37,0.43,0.43,0.139,0.3,0.11,,0.0,0
2026-09-14 00:44:07Z,DAL,in,0.139,Q1 6:40,-7.0,11593,Brevyn Spann-Ford,TE,0.5,0.0,0.46,0.46,0.43,0.43,0.139,1.0,0.46,,0.0,0
2026-09-14 00:44:07Z,NYG,in,0.139,Q1 6:40,7.0,2078,Odell Beckham,WR,4.3,0.0,3.17,3.17,3.7,3.7,0.139,1.0,3.17,,0.0,0
2026-09-14 00:44:07Z,NYG,in,0.139,Q1 6:40,7.0,12481,Cam Skattebo,RB,14.1,7.1,12.82,19.92,19.24,19.24,0.0,1.0,19.92,,0.0,0
2026-09-14 00:44:07Z,DAL,in,0.139,Q1 6:40,-7.0,11199,Emari Demercado,RB,1.8,0.0,1.51,1.51,1.55,1.55,0.139,1.0,1.51,,0.0,0
2026-09-14 00:44:07Z,NYG,in,0.139,Q1 6:40,7.0,NYG,New York Giants D/ST,DST,5.2,10.0,-2.87,7.13,14.48,14.48,0.139,1.0,7.13,,0.0,0
2026-09-14 00:44:07Z,NYG,in,0.139,Q1 6:40,7.0,7528,Najee Harris,RB,4.2,0.0,3.22,3.22,3.62,3.62,0.139,1.0,3.22,,0.0,0
2026-09-14 00:44:07Z,DAL,in,0.139,Q1 6:40,-7.0,8162,Sam Howell,QB,0.6,0.0,0.58,0.58,0.52,0.52,0.139,1.0,0.58,,0.0,0
2026-09-14 00:44:07Z,DAL,in,0.139,Q1 6:40,-7.0,11783,Ryan Flournoy,WR,7.4,0.0,6.77,6.77,6.37,6.37,0.139,1.0,6.77,,0.0,0
2026-09-14 00:44:07Z,DAL,in,0.139,Q1 6:40,-7.0,10871,Luke Schoonmaker,TE,1.7,0.0,1.55,1.55,1.46,1.46,0.139,1.0,1.55,,0.0,0
2026-09-14 00:44:07Z,DAL,in,0.139,Q1 6:40,-7.0,7588,Javonte Williams,RB,16.9,0.1,14.18,14.28,14.65,14.65,0.127,1.0,14.28,,0.0,0
2026-09-14 00:45:07Z,DAL,in,0.139,Q1 6:40,-7.0,11533,Brandon Aubrey,K,9.6,0.0,8.27,8.27,8.27,8.27,0.139,1.0,8.27,,0.0,0
2026-09-14 00:45:07Z,DAL,in,0.139,Q1 6:40,-7.0,6786,CeeDee Lamb,WR,18.3,0.0,16.74,16.74,15.76,15.76,0.139,1.0,16.74,,0.0,0
2026-09-14 00:45:07Z,DAL,in,0.139,Q1 6:40,-7.0,3294,Dak Prescott,QB,18.5,0.32,17.81,18.13,16.25,16.25,0.111,1.0,18.13,,0.0,0
2026-09-14 00:45:07Z,NYG,in,0.139,Q1 6:40,7.0,13833,Dominic Zvada,K,8.2,1.0,7.06,8.06,8.06,8.06,0.0,1.0,8.06,,0.0,0
2026-09-14 00:45:07Z,DAL,in,0.139,Q1 6:40,-7.0,8110,Jake Ferguson,TE,9.3,0.0,8.51,8.51,8.01,8.01,0.139,1.0,8.51,,0.0,0
2026-09-14 00:45:07Z,NYG,in,0.139,Q1 6:40,7.0,8131,Isaiah Likely,TE,10.7,2.3,8.23,10.53,11.51,11.51,0.0,1.0,10.53,,0.0,0
2026-09-14 00:45:07Z,DAL,in,0.139,Q1 6:40,-7.0,DAL,Dallas Cowboys D/ST,DST,6.5,4.0,0.08,4.08,9.6,9.6,0.0,1.0,4.08,,0.0,0
2026-09-14 00:45:07Z,DAL,in,0.139,Q1 6:40,-7.0,8137,George Pickens,WR,15.2,1.8,14.16,15.96,14.89,14.89,0.111,1.0,15.96,,0.0,0
2026-09-14 00:45:07Z,NYG,in,0.139,Q1 6:40,7.0,11597,Theo Johnson,TE,4.3,0.0,3.17,3.17,3.7,3.7,0.139,1.0,3.17,,0.0,0
2026-09-14 00:45:07Z,NYG,in,0.139,Q1 6:40,7.0,12508,Jaxson Dart,QB,20.5,3.18,15.97,19.15,20.83,20.83,0.0,1.0,19.15,,0.0,0
2026-09-14 00:45:07Z,NYG,in,0.139,Q1 6:40,7.0,13285,Malachi Fields,WR,6.2,0.0,4.58,4.58,5.34,5.34,0.139,1.0,4.58,,0.0,0
2026-09-14 00:45:07Z,DAL,in,0.139,Q1 6:40,-7.0,8917,KaVontae Turpin,WR,4.3,0.0,3.93,3.93,3.7,3.7,0.139,1.0,3.93,,0.0,0
2026-09-14 00:45:07Z,NYG,in,0.139,Q1 6:40,7.0,11655,Tyrone Tracy,RB,2.4,0.0,1.84,1.84,2.07,2.07,0.139,1.0,1.84,,0.0,0
2026-09-14 00:45:07Z,NYG,in,0.139,Q1 6:40,7.0,11632,Malik Nabers,WR,16.5,1.9,12.46,14.36,16.11,16.11,0.058,1.0,14.36,,0.0,0
2026-09-14 00:45:07Z,NYG,in,0.139,Q1 6:40,7.0,7090,Darnell Mooney,WR,5.6,0.0,4.13,4.13,4.82,4.82,0.139,1.0,4.13,,0.0,0
2026-09-14 00:45:07Z,NYG,in,0.139,Q1 6:40,7.0,2306,Jameis Winston,QB,0.5,0.0,0.37,0.37,0.43,0.43,0.139,0.3,0.11,,0.0,0
2026-09-14 00:45:07Z,DAL,in,0.139,Q1 6:40,-7.0,11593,Brevyn Spann-Ford,TE,0.5,0.0,0.46,0.46,0.43,0.43,0.139,1.0,0.46,,0.0,0
2026-09-14 00:45:07Z,NYG,in,0.139,Q1 6:40,7.0,2078,Odell Beckham,WR,4.3,0.0,3.17,3.17,3.7,3.7,0.139,1.0,3.17,,0.0,0
2026-09-14 00:45:07Z,NYG,in,0.139,Q1 6:40,7.0,12481,Cam Skattebo,RB,14.1,7.1,12.82,19.92,19.24,19.24,0.0,1.0,19.92,,0.0,0
2026-09-14 00:45:07Z,DAL,in,0.139,Q1 6:40,-7.0,11199,Emari Demercado,RB,1.8,0.0,1.51,1.51,1.55,1.55,0.139,1.0,1.51,,0.0,0
2026-09-14 00:45:07Z,NYG,in,0.139,Q1 6:40,7.0,NYG,New York Giants D/ST,DST,5.2,10.0,-2.87,7.13,14.48,14.48,0.139,1.0,7.13,,0.0,0
2026-09-14 00:45:07Z,NYG,in,0.139,Q1 6:40,7.0,7528,Najee Harris,RB,4.2,0.0,3.22,3.22,3.62,3.62,0.139,1.0,3.22,,0.0,0
2026-09-14 00:45:07Z,DAL,in,0.139,Q1 6:40,-7.0,8162,Sam Howell,QB,0.6,0.0,0.58,0.58,0.52,0.52,0.139,1.0,0.58,,0.0,0
2026-09-14 00:45:07Z,DAL,in,0.139,Q1 6:40,-7.0,11783,Ryan Flournoy,WR,7.4,0.0,6.77,6.77,6.37,6.37,0.139,1.0,6.77,,0.0,0
2026-09-14 00:45:07Z,DAL,in,0.139,Q1 6:40,-7.0,10871,Luke Schoonmaker,TE,1.7,0.0,1.55,1.55,1.46,1.46,0.139,1.0,1.55,,0.0,0
2026-09-14 00:45:07Z,DAL,in,0.139,Q1 6:40,-7.0,7588,Javonte Williams,RB,16.9,0.1,14.18,14.28,14.65,14.65,0.127,1.0,14.28,,0.0,0
2026-09-14 00:46:07Z,DAL,in,0.14,Q1 6:35,-7.0,11533,Brandon Aubrey,K,9.6,0.0,8.25,8.25,8.25,8.25,0.14,1.0,8.25,,0.0,0
2026-09-14 00:46:07Z,DAL,in,0.14,Q1 6:35,-7.0,6786,CeeDee Lamb,WR,18.3,0.0,16.71,16.71,15.73,15.73,0.14,1.0,16.71,,0.0,0
2026-09-14 00:46:07Z,DAL,in,0.14,Q1 6:35,-7.0,3294,Dak Prescott,QB,18.5,0.32,17.78,18.1,16.22,16.22,0.112,1.0,18.1,,0.0,0
2026-09-14 00:46:07Z,NYG,in,0.14,Q1 6:35,7.0,13833,Dominic Zvada,K,8.2,1.0,7.05,8.05,8.05,8.05,0.001,1.0,8.05,,0.0,0
2026-09-14 00:46:07Z,DAL,in,0.14,Q1 6:35,-7.0,8110,Jake Ferguson,TE,9.3,0.0,8.49,8.49,8.0,8.0,0.14,1.0,8.49,,0.0,0
2026-09-14 00:46:07Z,NYG,in,0.14,Q1 6:35,7.0,8131,Isaiah Likely,TE,10.7,2.3,8.22,10.52,11.5,11.5,0.001,1.0,10.52,,0.0,0
2026-09-14 00:46:07Z,DAL,in,0.14,Q1 6:35,-7.0,DAL,Dallas Cowboys D/ST,DST,6.5,4.0,0.08,4.08,9.59,9.59,0.001,1.0,4.08,,0.0,0
2026-09-14 00:46:07Z,DAL,in,0.14,Q1 6:35,-7.0,8137,George Pickens,WR,15.2,1.8,14.14,15.94,14.87,14.87,0.112,1.0,15.94,,0.0,0
2026-09-14 00:46:07Z,NYG,in,0.14,Q1 6:35,7.0,11597,Theo Johnson,TE,4.3,0.0,3.17,3.17,3.7,3.7,0.14,1.0,3.17,,0.0,0
2026-09-14 00:46:07Z,NYG,in,0.14,Q1 6:35,7.0,12508,Jaxson Dart,QB,20.5,3.18,15.94,19.12,20.8,20.8,0.001,1.0,19.12,,0.0,0
2026-09-14 00:46:07Z,NYG,in,0.14,Q1 6:35,7.0,13285,Malachi Fields,WR,6.2,0.0,4.57,4.57,5.33,5.33,0.14,1.0,4.57,,0.0,0
2026-09-14 00:46:07Z,DAL,in,0.14,Q1 6:35,-7.0,8917,KaVontae Turpin,WR,4.3,0.0,3.93,3.93,3.7,3.7,0.14,1.0,3.93,,0.0,0
2026-09-14 00:46:07Z,NYG,in,0.14,Q1 6:35,7.0,11655,Tyrone Tracy,RB,2.4,0.0,1.83,1.83,2.06,2.06,0.14,1.0,1.83,,0.0,0
2026-09-14 00:46:07Z,NYG,in,0.14,Q1 6:35,7.0,11632,Malik Nabers,WR,16.5,1.9,12.44,14.34,16.09,16.09,0.059,1.0,14.34,,0.0,0
2026-09-14 00:46:07Z,NYG,in,0.14,Q1 6:35,7.0,7090,Darnell Mooney,WR,5.6,0.0,4.13,4.13,4.81,4.81,0.14,1.0,4.13,,0.0,0
2026-09-14 00:46:07Z,NYG,in,0.14,Q1 6:35,7.0,2306,Jameis Winston,QB,0.5,0.0,0.37,0.37,0.43,0.43,0.14,0.3,0.11,,0.0,0
2026-09-14 00:46:07Z,DAL,in,0.14,Q1 6:35,-7.0,11593,Brevyn Spann-Ford,TE,0.5,0.0,0.46,0.46,0.43,0.43,0.14,1.0,0.46,,0.0,0
2026-09-14 00:46:07Z,NYG,in,0.14,Q1 6:35,7.0,2078,Odell Beckham,WR,4.3,0.0,3.17,3.17,3.7,3.7,0.14,1.0,3.17,,0.0,0
2026-09-14 00:46:07Z,NYG,in,0.14,Q1 6:35,7.0,12481,Cam Skattebo,RB,14.1,7.1,12.79,19.89,19.22,19.22,0.001,1.0,19.89,,0.0,0
2026-09-14 00:46:07Z,DAL,in,0.14,Q1 6:35,-7.0,11199,Emari Demercado,RB,1.8,0.0,1.5,1.5,1.55,1.55,0.14,1.0,1.5,,0.0,0
2026-09-14 00:46:07Z,NYG,in,0.14,Q1 6:35,7.0,NYG,New York Giants D/ST,DST,5.2,10.0,-2.86,7.14,14.47,14.47,0.14,1.0,7.14,,0.0,0
2026-09-14 00:46:07Z,NYG,in,0.14,Q1 6:35,7.0,7528,Najee Harris,RB,4.2,0.0,3.21,3.21,3.61,3.61,0.14,1.0,3.21,,0.0,0
2026-09-14 00:46:07Z,DAL,in,0.14,Q1 6:35,-7.0,8162,Sam Howell,QB,0.6,0.0,0.57,0.57,0.52,0.52,0.14,1.0,0.57,,0.0,0
2026-09-14 00:46:07Z,DAL,in,0.14,Q1 6:35,-7.0,11783,Ryan Flournoy,WR,7.4,0.0,6.76,6.76,6.36,6.36,0.14,1.0,6.76,,0.0,0
2026-09-14 00:46:07Z,DAL,in,0.14,Q1 6:35,-7.0,10871,Luke Schoonmaker,TE,1.7,0.0,1.55,1.55,1.46,1.46,0.14,1.0,1.55,,0.0,0
2026-09-14 00:46:07Z,DAL,in,0.14,Q1 6:35,-7.0,7588,Javonte Williams,RB,16.9,0.1,14.16,14.26,14.63,14.63,0.129,1.0,14.26,,0.0,0
2026-09-14 00:47:08Z,DAL,in,0.16,Q1 5:23,-7.0,11533,Brandon Aubrey,K,9.6,0.0,7.74,7.74,7.74,8.06,0.16,1.0,7.74,,0.0,0
2026-09-14 00:47:08Z,DAL,in,0.16,Q1 5:23,-7.0,6786,CeeDee Lamb,WR,18.3,0.0,16.32,16.32,14.75,15.37,0.16,1.0,16.32,,0.0,0
2026-09-14 00:47:08Z,DAL,in,0.16,Q1 5:23,-7.0,3294,Dak Prescott,QB,18.5,0.32,17.33,17.65,15.3,15.85,0.132,1.0,17.65,,0.0,0
2026-09-14 00:47:08Z,NYG,in,0.16,Q1 5:23,7.0,13833,Dominic Zvada,K,8.2,1.0,6.82,7.82,7.82,7.89,0.021,1.0,7.82,,0.0,0
2026-09-14 00:47:08Z,DAL,in,0.16,Q1 5:23,-7.0,8110,Jake Ferguson,TE,9.3,0.0,8.3,8.3,7.5,7.81,0.16,1.0,8.3,,0.0,0
2026-09-14 00:47:08Z,NYG,in,0.16,Q1 5:23,7.0,8131,Isaiah Likely,TE,10.7,2.3,8.03,10.33,11.41,11.29,0.021,1.0,10.33,,0.0,0
2026-09-14 00:47:08Z,DAL,in,0.16,Q1 5:23,-7.0,DAL,Dallas Cowboys D/ST,DST,6.5,4.0,0.04,4.04,10.08,9.46,0.021,1.0,4.04,,0.0,0
2026-09-14 00:47:08Z,DAL,in,0.16,Q1 5:23,-7.0,8137,George Pickens,WR,15.2,1.8,13.81,15.61,14.43,14.56,0.132,1.0,15.61,,0.0,0
2026-09-14 00:47:08Z,NYG,in,0.16,Q1 5:23,7.0,11597,Theo Johnson,TE,4.3,0.0,3.1,3.1,3.47,3.61,0.16,1.0,3.1,,0.0,0
2026-09-14 00:47:08Z,NYG,in,0.16,Q1 5:23,7.0,12508,Jaxson Dart,QB,20.5,3.18,15.55,18.73,20.37,20.39,0.021,1.0,18.73,,0.0,0
2026-09-14 00:47:08Z,NYG,in,0.16,Q1 5:23,7.0,13285,Malachi Fields,WR,6.2,0.0,4.47,4.47,5.0,5.21,0.16,1.0,4.47,,0.0,0
2026-09-14 00:47:08Z,DAL,in,0.16,Q1 5:23,-7.0,8917,KaVontae Turpin,WR,4.3,0.0,3.84,3.84,3.47,3.61,0.16,1.0,3.84,,0.0,0
2026-09-14 00:47:08Z,NYG,in,0.16,Q1 5:23,7.0,11655,Tyrone Tracy,RB,2.4,0.0,1.78,1.78,1.93,2.02,0.16,1.0,1.78,,0.0,0
2026-09-14 00:47:08Z,NYG,in,0.16,Q1 5:23,7.0,11632,Malik Nabers,WR,16.5,1.9,12.16,14.06,15.6,15.76,0.079,1.0,14.06,,0.0,0
2026-09-14 00:47:08Z,NYG,in,0.16,Q1 5:23,7.0,7090,Darnell Mooney,WR,5.6,0.0,4.04,4.04,4.51,4.7,0.16,1.0,4.04,,0.0,0
2026-09-14 00:47:08Z,NYG,in,0.16,Q1 5:23,7.0,2306,Jameis Winston,QB,0.5,0.0,0.36,0.36,0.4,0.42,0.16,0.3,0.11,,0.0,0
2026-09-14 00:47:08Z,DAL,in,0.16,Q1 5:23,-7.0,11593,Brevyn Spann-Ford,TE,0.5,0.0,0.45,0.45,0.4,0.42,0.16,1.0,0.45,,0.0,0
2026-09-14 00:47:08Z,NYG,in,0.16,Q1 5:23,7.0,2078,Odell Beckham,WR,4.3,0.0,3.1,3.1,3.47,3.61,0.16,1.0,3.1,,0.0,0
2026-09-14 00:47:08Z,NYG,in,0.16,Q1 5:23,7.0,12481,Cam Skattebo,RB,14.1,7.1,12.43,19.53,19.96,18.94,0.021,1.0,19.53,,0.0,0
2026-09-14 00:47:08Z,DAL,in,0.16,Q1 5:23,-7.0,11199,Emari Demercado,RB,1.8,0.0,1.46,1.46,1.45,1.51,0.16,1.0,1.46,,0.0,0
2026-09-14 00:47:08Z,NYG,in,0.16,Q1 5:23,7.0,NYG,New York Giants D/ST,DST,5.2,10.0,-2.75,7.25,16.29,14.37,0.16,1.0,7.25,,0.0,0
2026-09-14 00:47:08Z,NYG,in,0.16,Q1 5:23,7.0,7528,Najee Harris,RB,4.2,0.0,3.11,3.11,3.39,3.53,0.16,1.0,3.11,,0.0,0
2026-09-14 00:47:08Z,DAL,in,0.16,Q1 5:23,-7.0,8162,Sam Howell,QB,0.6,0.0,0.56,0.56,0.48,0.5,0.16,0.969,0.54,,0.0,0
2026-09-14 00:47:08Z,DAL,in,0.16,Q1 5:23,-7.0,11783,Ryan Flournoy,WR,7.4,0.0,6.6,6.6,5.96,6.21,0.16,1.0,6.6,,0.0,0
2026-09-14 00:47:08Z,DAL,in,0.16,Q1 5:23,-7.0,10871,Luke Schoonmaker,TE,1.7,0.0,1.52,1.52,1.37,1.43,0.16,1.0,1.52,,0.0,0
2026-09-14 00:47:08Z,DAL,in,0.16,Q1 5:23,-7.0,7588,Javonte Williams,RB,16.9,0.6,13.92,14.52,14.35,14.79,0.0,1.0,14.52,,0.0,0
2026-09-14 00:48:08Z,DAL,in,0.17,Q1 4:48,-7.0,11533,Brandon Aubrey,K,9.6,0.0,7.63,7.63,7.63,7.97,0.17,1.0,7.63,,0.0,0
2026-09-14 00:48:08Z,DAL,in,0.17,Q1 4:48,-7.0,6786,CeeDee Lamb,WR,18.3,0.0,16.13,16.13,14.54,15.19,0.17,1.0,16.13,,0.0,0
2026-09-14 00:48:08Z,DAL,in,0.17,Q1 4:48,-7.0,3294,Dak Prescott,QB,18.5,1.0,17.27,18.27,15.91,16.35,0.0,1.0,18.27,,0.0,0
2026-09-14 00:48:08Z,NYG,in,0.17,Q1 4:48,7.0,13833,Dominic Zvada,K,8.2,1.0,6.72,7.72,7.72,7.81,0.031,1.0,7.72,,0.0,0
2026-09-14 00:48:08Z,DAL,in,0.17,Q1 4:48,-7.0,8110,Jake Ferguson,TE,9.3,0.0,8.2,8.2,7.39,7.72,0.17,1.0,8.2,,0.0,0
2026-09-14 00:48:08Z,NYG,in,0.17,Q1 4:48,7.0,8131,Isaiah Likely,TE,10.7,2.3,7.94,10.24,11.28,11.18,0.031,1.0,10.24,,0.0,0
2026-09-14 00:48:08Z,DAL,in,0.17,Q1 4:48,-7.0,DAL,Dallas Cowboys D/ST,DST,6.5,4.0,0.01,4.01,10.0,9.39,0.031,1.0,4.01,,0.0,0
2026-09-14 00:48:08Z,DAL,in,0.17,Q1 4:48,-7.0,8137,George Pickens,WR,15.2,3.7,13.91,17.61,16.55,16.32,0.0,1.0,17.61,,0.0,0
2026-09-14 00:48:08Z,NYG,in,0.17,Q1 4:48,7.0,11597,Theo Johnson,TE,4.3,0.0,3.07,3.07,3.42,3.57,0.17,1.0,3.07,,0.0,0
2026-09-14 00:48:08Z,NYG,in,0.17,Q1 4:48,7.0,12508,Jaxson Dart,QB,20.5,3.18,15.36,18.54,20.13,20.2,0.031,1.0,18.54,,0.0,0
2026-09-14 00:48:08Z,NYG,in,0.17,Q1 4:48,7.0,13285,Malachi Fields,WR,6.2,0.0,4.42,4.42,4.93,5.15,0.17,1.0,4.42,,0.0,0
2026-09-14 00:48:08Z,DAL,in,0.17,Q1 4:48,-7.0,8917,KaVontae Turpin,WR,4.3,0.0,3.79,3.79,3.42,3.57,0.17,1.0,3.79,,0.0,0
2026-09-14 00:48:08Z,NYG,in,0.17,Q1 4:48,7.0,11655,Tyrone Tracy,RB,2.4,0.0,1.75,1.75,1.91,1.99,0.17,1.0,1.75,,0.0,0
2026-09-14 00:48:08Z,NYG,in,0.17,Q1 4:48,7.0,11632,Malik Nabers,WR,16.5,1.9,12.02,13.92,15.41,15.59,0.089,1.0,13.92,,0.0,0
2026-09-14 00:48:08Z,NYG,in,0.17,Q1 4:48,7.0,7090,Darnell Mooney,WR,5.6,0.0,3.99,3.99,4.45,4.65,0.17,1.0,3.99,,0.0,0
2026-09-14 00:48:08Z,NYG,in,0.17,Q1 4:48,7.0,2306,Jameis Winston,QB,0.5,0.0,0.36,0.36,0.4,0.41,0.17,0.3,0.11,,0.0,0
2026-09-14 00:48:08Z,DAL,in,0.17,Q1 4:48,-7.0,11593,Brevyn Spann-Ford,TE,0.5,1.8,0.69,2.49,2.57,2.21,0.0,1.0,2.49,,0.0,0
2026-09-14 00:48:08Z,NYG,in,0.17,Q1 4:48,7.0,2078,Odell Beckham,WR,4.3,0.0,3.07,3.07,3.42,3.57,0.17,1.0,3.07,,0.0,0
2026-09-14 00:48:08Z,NYG,in,0.17,Q1 4:48,7.0,12481,Cam Skattebo,RB,14.1,7.1,12.25,19.35,19.78,18.8,0.031,1.0,19.35,,0.0,0
2026-09-14 00:48:08Z,DAL,in,0.17,Q1 4:48,-7.0,11199,Emari Demercado,RB,1.8,0.0,1.45,1.45,1.43,1.49,0.17,1.0,1.45,,0.0,0
2026-09-14 00:48:08Z,NYG,in,0.17,Q1 4:48,7.0,NYG,New York Giants D/ST,DST,5.2,10.0,-2.7,7.3,16.21,14.32,0.17,1.0,7.3,,0.0,0
2026-09-14 00:48:08Z,NYG,in,0.17,Q1 4:48,7.0,7528,Najee Harris,RB,4.2,0.0,3.06,3.06,3.34,3.49,0.17,1.0,3.06,,0.0,0
2026-09-14 00:48:08Z,DAL,in,0.17,Q1 4:48,-7.0,8162,Sam Howell,QB,0.6,0.0,0.55,0.55,0.48,0.5,0.17,0.94,0.52,,0.0,0
2026-09-14 00:48:08Z,DAL,in,0.17,Q1 4:48,-7.0,11783,Ryan Flournoy,WR,7.4,0.0,6.52,6.52,5.88,6.14,0.17,1.0,6.52,,0.0,0
2026-09-14 00:48:08Z,DAL,in,0.17,Q1 4:48,-7.0,10871,Luke Schoonmaker,TE,1.7,0.0,1.5,1.5,1.35,1.41,0.17,1.0,1.5,,0.0,0
2026-09-14 00:48:08Z,DAL,in,0.17,Q1 4:48,-7.0,7588,Javonte Williams,RB,16.9,0.6,13.74,14.34,14.16,14.63,0.01,1.0,14.34,,0.0,0
2026-09-14 00:49:09Z,DAL,in,0.192,Q1 3:28,-7.0,11533,Brandon Aubrey,K,9.6,0.0,7.38,7.38,7.38,7.75,0.192,1.0,7.38,,0.0,0
2026-09-14 00:49:09Z,DAL,in,0.192,Q1 3:28,-7.0,6786,CeeDee Lamb,WR,18.3,0.0,15.7,15.7,14.07,14.78,0.192,1.0,15.7,,0.0,0
2026-09-14 00:49:09Z,DAL,in,0.192,Q1 3:28,-7.0,3294,Dak Prescott,QB,18.5,1.0,16.76,17.76,15.43,15.94,0.022,1.0,17.76,,0.0,0
2026-09-14 00:49:09Z,NYG,in,0.192,Q1 3:28,7.0,13833,Dominic Zvada,K,8.2,1.0,6.51,7.51,7.51,7.62,0.053,1.0,7.51,,0.0,0
2026-09-14 00:49:09Z,DAL,in,0.192,Q1 3:28,-7.0,8110,Jake Ferguson,TE,9.3,0.0,7.98,7.98,7.15,7.51,0.192,1.0,7.98,,0.0,0
2026-09-14 00:49:09Z,NYG,in,0.192,Q1 3:28,7.0,8131,Isaiah Likely,TE,10.7,2.3,7.74,10.04,10.99,10.94,0.053,1.0,10.04,,0.0,0
2026-09-14 00:49:09Z,DAL,in,0.192,Q1 3:28,-7.0,DAL,Dallas Cowboys D/ST,DST,6.5,4.0,-0.05,3.95,9.81,9.25,0.053,1.0,3.95,,0.0,0
2026-09-14 00:49:09Z,DAL,in,0.192,Q1 3:28,-7.0,8137,George Pickens,WR,15.2,3.7,13.53,17.23,16.14,15.98,0.022,1.0,17.23,,0.0,0
2026-09-14 00:49:09Z,NYG,in,0.192,Q1 3:28,7.0,11597,Theo Johnson,TE,4.3,0.0,2.99,2.99,3.31,3.47,0.192,1.0,2.99,,0.0,0
2026-09-14 00:49:09Z,NYG,in,0.192,Q1 3:28,7.0,12508,Jaxson Dart,QB,20.5,3.18,14.92,18.1,19.59,19.74,0.053,1.0,18.1,,0.0,0
2026-09-14 00:49:09Z,NYG,in,0.192,Q1 3:28,7.0,13285,Malachi Fields,WR,6.2,0.0,4.31,4.31,4.77,5.01,0.192,1.0,4.31,,0.0,0
2026-09-14 00:49:09Z,DAL,in,0.192,Q1 3:28,-7.0,8917,KaVontae Turpin,WR,4.3,0.0,3.69,3.69,3.31,3.47,0.192,1.0,3.69,,0.0,0
2026-09-14 00:49:09Z,NYG,in,0.192,Q1 3:28,7.0,11655,Tyrone Tracy,RB,2.4,0.0,1.69,1.69,1.85,1.94,0.192,1.0,1.69,,0.0,0
2026-09-14 00:49:09Z,NYG,in,0.192,Q1 3:28,7.0,11632,Malik Nabers,WR,16.5,1.9,11.71,13.61,14.97,15.23,0.111,1.0,13.61,,0.0,0
2026-09-14 00:49:09Z,NYG,in,0.192,Q1 3:28,7.0,7090,Darnell Mooney,WR,5.6,0.0,3.89,3.89,4.31,4.52,0.192,1.0,3.89,,0.0,0
2026-09-14 00:49:09Z,NYG,in,0.192,Q1 3:28,7.0,2306,Jameis Winston,QB,0.5,0.0,0.35,0.35,0.38,0.4,0.192,0.3,0.1,,0.0,0
2026-09-14 00:49:09Z,DAL,in,0.192,Q1 3:28,-7.0,11593,Brevyn Spann-Ford,TE,0.5,1.8,0.67,2.47,2.55,2.2,0.022,1.0,2.47,,0.0,0
2026-09-14 00:49:09Z,NYG,in,0.192,Q1 3:28,7.0,2078,Odell Beckham,WR,4.3,0.0,2.99,2.99,3.31,3.47,0.192,1.0,2.99,,0.0,0
2026-09-14 00:49:09Z,NYG,in,0.192,Q1 3:28,7.0,12481,Cam Skattebo,RB,14.1,7.1,11.85,18.95,19.38,18.49,0.053,1.0,18.95,,0.0,0
2026-09-14 00:49:09Z,DAL,in,0.192,Q1 3:28,-7.0,11199,Emari Demercado,RB,1.8,0.0,1.4,1.4,1.38,1.45,0.192,1.0,1.4,,0.0,0
2026-09-14 00:49:09Z,NYG,in,0.192,Q1 3:28,7.0,NYG,New York Giants D/ST,DST,5.2,10.0,-2.62,7.38,16.02,14.2,0.192,1.0,7.38,,0.0,0
2026-09-14 00:49:09Z,NYG,in,0.192,Q1 3:28,7.0,7528,Najee Harris,RB,4.2,0.0,2.95,2.95,3.23,3.39,0.192,1.0,2.95,,0.0,0
2026-09-14 00:49:09Z,DAL,in,0.192,Q1 3:28,-7.0,8162,Sam Howell,QB,0.6,0.0,0.54,0.54,0.46,0.48,0.192,0.873,0.47,,0.0,0
2026-09-14 00:49:09Z,DAL,in,0.192,Q1 3:28,-7.0,11783,Ryan Flournoy,WR,7.4,0.0,6.35,6.35,5.69,5.98,0.192,1.0,6.35,,0.0,0
2026-09-14 00:49:09Z,DAL,in,0.192,Q1 3:28,-7.0,10871,Luke Schoonmaker,TE,1.7,0.0,1.46,1.46,1.31,1.37,0.192,1.0,1.46,,0.0,0
2026-09-14 00:49:09Z,DAL,in,0.192,Q1 3:28,-7.0,7588,Javonte Williams,RB,16.9,0.6,13.32,13.92,13.72,14.25,0.032,1.0,13.92,,0.0,0
2026-09-14 00:50:09Z,DAL,in,0.2,Q1 2:59,-7.0,11533,Brandon Aubrey,K,9.6,0.0,7.29,7.29,7.29,7.68,0.2,1.0,7.29,,0.0,0
2026-09-14 00:50:09Z,DAL,in,0.2,Q1 2:59,-7.0,6786,CeeDee Lamb,WR,18.3,0.0,15.55,15.55,13.9,14.63,0.2,1.0,15.55,,0.0,0
2026-09-14 00:50:09Z,DAL,in,0.2,Q1 2:59,-7.0,3294,Dak Prescott,QB,18.5,1.0,16.58,17.58,15.25,15.79,0.03,1.0,17.58,,0.0,0
2026-09-14 00:50:09Z,NYG,in,0.2,Q1 2:59,7.0,13833,Dominic Zvada,K,8.2,1.0,6.43,7.43,7.43,7.56,0.061,1.0,7.43,,0.0,0
2026-09-14 00:50:09Z,DAL,in,0.2,Q1 2:59,-7.0,8110,Jake Ferguson,TE,9.3,0.0,7.9,7.9,7.07,7.44,0.2,1.0,7.9,,0.0,0
2026-09-14 00:50:09Z,NYG,in,0.2,Q1 2:59,7.0,8131,Isaiah Likely,TE,10.7,2.3,7.66,9.96,10.89,10.86,0.061,1.0,9.96,,0.0,0
2026-09-14 00:50:09Z,DAL,in,0.2,Q1 2:59,-7.0,DAL,Dallas Cowboys D/ST,DST,6.5,4.0,-0.07,3.93,9.74,9.2,0.061,1.0,3.93,,0.0,0
2026-09-14 00:50:09Z,DAL,in,0.2,Q1 2:59,-7.0,8137,George Pickens,WR,15.2,3.7,13.39,17.09,15.99,15.86,0.03,1.0,17.09,,0.0,0
2026-09-14 00:50:09Z,NYG,in,0.2,Q1 2:59,7.0,11597,Theo Johnson,TE,4.3,0.0,2.96,2.96,3.27,3.44,0.2,1.0,2.96,,0.0,0
2026-09-14 00:50:09Z,NYG,in,0.2,Q1 2:59,7.0,12508,Jaxson Dart,QB,20.5,3.18,14.76,17.94,19.39,19.57,0.061,1.0,17.94,,0.0,0
2026-09-14 00:50:09Z,NYG,in,0.2,Q1 2:59,7.0,13285,Malachi Fields,WR,6.2,0.0,4.27,4.27,4.71,4.96,0.2,1.0,4.27,,0.0,0
2026-09-14 00:50:09Z,DAL,in,0.2,Q1 2:59,-7.0,8917,KaVontae Turpin,WR,4.3,0.0,3.65,3.65,3.27,3.44,0.2,1.0,3.65,,0.0,0
2026-09-14 00:50:09Z,NYG,in,0.2,Q1 2:59,7.0,11655,Tyrone Tracy,RB,2.4,0.0,1.67,1.67,1.82,1.92,0.2,1.0,1.67,,0.0,0
2026-09-14 00:50:09Z,NYG,in,0.2,Q1 2:59,7.0,11632,Malik Nabers,WR,16.5,1.9,11.6,13.5,14.81,15.1,0.119,1.0,13.5,,0.0,0
2026-09-14 00:50:09Z,NYG,in,0.2,Q1 2:59,7.0,7090,Darnell Mooney,WR,5.6,0.0,3.85,3.85,4.25,4.48,0.2,1.0,3.85,,0.0,0
2026-09-14 00:50:09Z,NYG,in,0.2,Q1 2:59,7.0,2306,Jameis Winston,QB,0.5,0.0,0.34,0.34,0.38,0.4,0.2,0.3,0.1,,0.0,0
2026-09-14 00:50:09Z,DAL,in,0.2,Q1 2:59,-7.0,11593,Brevyn Spann-Ford,TE,0.5,1.8,0.66,2.46,2.54,2.2,0.03,1.0,2.46,,0.0,0
2026-09-14 00:50:09Z,NYG,in,0.2,Q1 2:59,7.0,2078,Odell Beckham,WR,4.3,0.0,2.96,2.96,3.27,3.44,0.2,1.0,2.96,,0.0,0
2026-09-14 00:50:09Z,NYG,in,0.2,Q1 2:59,7.0,12481,Cam Skattebo,RB,14.1,7.1,11.7,18.8,19.23,18.38,0.061,1.0,18.8,,0.0,0
2026-09-14 00:50:09Z,DAL,in,0.2,Q1 2:59,-7.0,11199,Emari Demercado,RB,1.8,0.0,1.39,1.39,1.37,1.44,0.2,1.0,1.39,,0.0,0
2026-09-14 00:50:09Z,NYG,in,0.2,Q1 2:59,7.0,NYG,New York Giants D/ST,DST,5.2,10.0,-2.59,7.41,15.95,14.16,0.2,1.0,7.41,,0.0,0
2026-09-14 00:50:09Z,NYG,in,0.2,Q1 2:59,7.0,7528,Najee Harris,RB,4.2,0.0,2.92,2.92,3.19,3.36,0.2,1.0,2.92,,0.0,0
2026-09-14 00:50:09Z,DAL,in,0.2,Q1 2:59,-7.0,8162,Sam Howell,QB,0.6,0.0,0.53,0.53,0.46,0.48,0.2,0.849,0.45,,0.0,0
2026-09-14 00:50:09Z,DAL,in,0.2,Q1 2:59,-7.0,11783,Ryan Flournoy,WR,7.4,0.0,6.29,6.29,5.62,5.92,0.2,1.0,6.29,,0.0,0
2026-09-14 00:50:09Z,DAL,in,0.2,Q1 2:59,-7.0,10871,Luke Schoonmaker,TE,1.7,0.0,1.44,1.44,1.29,1.36,0.2,1.0,1.44,,0.0,0
2026-09-14 00:50:09Z,DAL,in,0.2,Q1 2:59,-7.0,7588,Javonte Williams,RB,16.9,1.0,13.28,14.28,14.04,14.52,0.0,1.0,14.28,,0.0,0
2026-09-14 00:51:10Z,DAL,in,0.214,Q1 2:11,-7.0,11533,Brandon Aubrey,K,9.6,0.0,7.15,7.15,7.15,7.55,0.214,1.0,7.15,,0.0,0
2026-09-14 00:51:10Z,DAL,in,0.214,Q1 2:11,-7.0,6786,CeeDee Lamb,WR,18.3,0.0,15.27,15.27,13.62,14.39,0.214,1.0,15.27,,0.0,0
2026-09-14 00:51:10Z,DAL,in,0.214,Q1 2:11,-7.0,3294,Dak Prescott,QB,18.5,1.24,16.34,17.58,15.26,15.79,0.0,1.0,17.58,,0.0,0
2026-09-14 00:51:10Z,NYG,in,0.214,Q1 2:11,7.0,13833,Dominic Zvada,K,8.2,1.0,6.3,7.3,7.3,7.45,0.075,1.0,7.3,,0.0,0
2026-09-14 00:51:10Z,DAL,in,0.214,Q1 2:11,-7.0,8110,Jake Ferguson,TE,9.3,0.0,7.76,7.76,6.92,7.31,0.214,1.0,7.76,,0.0,0
2026-09-14 00:51:10Z,NYG,in,0.214,Q1 2:11,7.0,8131,Isaiah Likely,TE,10.7,2.3,7.54,9.84,10.72,10.71,0.075,1.0,9.84,,0.0,0
2026-09-14 00:51:10Z,DAL,in,0.214,Q1 2:11,-7.0,DAL,Dallas Cowboys D/ST,DST,6.5,4.0,-0.05,3.95,9.62,9.11,0.075,1.0,3.95,,0.0,0
2026-09-14 00:51:10Z,DAL,in,0.214,Q1 2:11,-7.0,8137,George Pickens,WR,15.2,3.7,13.15,16.85,15.74,15.65,0.044,1.0,16.85,,0.0,0
2026-09-14 00:51:10Z,NYG,in,0.214,Q1 2:11,7.0,11597,Theo Johnson,TE,4.3,0.0,2.91,2.91,3.2,3.38,0.214,1.0,2.91,,0.0,0
2026-09-14 00:51:10Z,NYG,in,0.214,Q1 2:11,7.0,12508,Jaxson Dart,QB,20.5,3.18,14.46,17.64,19.07,19.3,0.075,1.0,17.64,,0.0,0
2026-09-14 00:51:10Z,NYG,in,0.214,Q1 2:11,7.0,13285,Malachi Fields,WR,6.2,0.0,4.2,4.2,4.62,4.88,0.214,1.0,4.2,,0.0,0
2026-09-14 00:51:10Z,DAL,in,0.214,Q1 2:11,-7.0,8917,KaVontae Turpin,WR,4.3,0.0,3.59,3.59,3.2,3.38,0.214,1.0,3.59,,0.0,0
2026-09-14 00:51:10Z,NYG,in,0.214,Q1 2:11,7.0,11655,Tyrone Tracy,RB,2.4,0.0,1.63,1.63,1.79,1.89,0.214,1.0,1.63,,0.0,0
2026-09-14 00:51:10Z,NYG,in,0.214,Q1 2:11,7.0,11632,Malik Nabers,WR,16.5,1.9,11.42,13.32,14.56,14.88,0.133,1.0,13.32,,0.0,0
2026-09-14 00:51:10Z,NYG,in,0.214,Q1 2:11,7.0,7090,Darnell Mooney,WR,5.6,0.0,3.8,3.8,4.17,4.4,0.214,1.0,3.8,,0.0,0
2026-09-14 00:51:10Z,NYG,in,0.214,Q1 2:11,7.0,2306,Jameis Winston,QB,0.5,0.0,0.33,0.33,0.37,0.39,0.214,0.3,0.1,,0.0,0
2026-09-14 00:51:10Z,DAL,in,0.214,Q1 2:11,-7.0,11593,Brevyn Spann-Ford,TE,0.5,3.4,0.85,4.25,4.44,3.79,0.0,1.0,4.25,,0.0,0
2026-09-14 00:51:10Z,NYG,in,0.214,Q1 2:11,7.0,2078,Odell Beckham,WR,4.3,0.0,2.91,2.91,3.2,3.38,0.214,1.0,2.91,,0.0,0
2026-09-14 00:51:10Z,NYG,in,0.214,Q1 2:11,7.0,12481,Cam Skattebo,RB,14.1,7.1,11.49,18.59,18.99,18.19,0.075,1.0,18.59,,0.0,0
2026-09-14 00:51:10Z,DAL,in,0.214,Q1 2:11,-7.0,11199,Emari Demercado,RB,1.8,0.0,1.36,1.36,1.34,1.42,0.214,1.0,1.36,,0.0,0
2026-09-14 00:51:10Z,NYG,in,0.214,Q1 2:11,7.0,NYG,New York Giants D/ST,DST,5.2,10.0,-2.5,7.5,15.84,14.09,0.214,1.0,7.5,,0.0,0
2026-09-14 00:51:10Z,NYG,in,0.214,Q1 2:11,7.0,7528,Najee Harris,RB,4.2,0.0,2.86,2.86,3.13,3.3,0.214,1.0,2.86,,0.0,0
2026-09-14 00:51:10Z,DAL,in,0.214,Q1 2:11,-7.0,8162,Sam Howell,QB,0.6,0.0,0.52,0.52,0.45,0.47,0.214,0.809,0.42,,0.0,0
2026-09-14 00:51:10Z,DAL,in,0.214,Q1 2:11,-7.0,11783,Ryan Flournoy,WR,7.4,0.0,6.18,6.18,5.51,5.82,0.214,1.0,6.18,,0.0,0
2026-09-14 00:51:10Z,DAL,in,0.214,Q1 2:11,-7.0,10871,Luke Schoonmaker,TE,1.7,0.0,1.42,1.42,1.27,1.34,0.214,1.0,1.42,,0.0,0
2026-09-14 00:51:10Z,DAL,in,0.214,Q1 2:11,-7.0,7588,Javonte Williams,RB,16.9,1.0,13.0,14.0,13.78,14.29,0.013,1.0,14.0,,0.0,0
2026-09-14 00:52:10Z,DAL,in,0.217,Q1 1:59,-7.0,11533,Brandon Aubrey,K,9.6,0.0,7.11,7.11,7.11,7.52,0.217,1.0,7.11,,0.0,0
2026-09-14 00:52:10Z,DAL,in,0.217,Q1 1:59,-7.0,6786,CeeDee Lamb,WR,18.3,0.0,15.21,15.21,13.55,14.33,0.217,1.0,15.21,,0.0,0
2026-09-14 00:52:10Z,DAL,in,0.217,Q1 1:59,-7.0,3294,Dak Prescott,QB,18.5,1.24,16.27,17.51,15.18,15.73,0.003,1.0,17.51,,0.0,0
2026-09-14 00:52:10Z,NYG,in,0.217,Q1 1:59,7.0,13833,Dominic Zvada,K,8.2,1.0,6.27,7.27,7.27,7.42,0.078,1.0,7.27,,0.0,0
2026-09-14 00:52:10Z,DAL,in,0.217,Q1 1:59,-7.0,8110,Jake Ferguson,TE,9.3,0.0,7.73,7.73,6.89,7.28,0.217,1.0,7.73,,0.0,0
2026-09-14 00:52:10Z,NYG,in,0.217,Q1 1:59,7.0,8131,Isaiah Likely,TE,10.7,2.3,7.51,9.81,10.67,10.68,0.078,1.0,9.81,,0.0,0
2026-09-14 00:52:10Z,DAL,in,0.217,Q1 1:59,-7.0,DAL,Dallas Cowboys D/ST,DST,6.5,4.0,-0.04,3.96,9.6,9.09,0.078,1.0,3.96,,0.0,0
2026-09-14 00:52:10Z,DAL,in,0.217,Q1 1:59,-7.0,8137,George Pickens,WR,15.2,3.7,13.09,16.79,15.68,15.6,0.047,1.0,16.79,,0.0,0
2026-09-14 00:52:10Z,NYG,in,0.217,Q1 1:59,7.0,11597,Theo Johnson,TE,4.3,0.0,2.9,2.9,3.18,3.37,0.217,1.0,2.9,,0.0,0
2026-09-14 00:52:10Z,NYG,in,0.217,Q1 1:59,7.0,12508,Jaxson Dart,QB,20.5,3.18,14.39,17.57,18.98,19.23,0.078,1.0,17.57,,0.0,0
2026-09-14 00:52:10Z,NYG,in,0.217,Q1 1:59,7.0,13285,Malachi Fields,WR,6.2,0.0,4.19,4.19,4.59,4.85,0.217,1.0,4.19,,0.0,0
2026-09-14 00:52:10Z,DAL,in,0.217,Q1 1:59,-7.0,8917,KaVontae Turpin,WR,4.3,0.0,3.57,3.57,3.18,3.37,0.217,1.0,3.57,,0.0,0
2026-09-14 00:52:10Z,NYG,in,0.217,Q1 1:59,7.0,11655,Tyrone Tracy,RB,2.4,0.0,1.62,1.62,1.78,1.88,0.217,1.0,1.62,,0.0,0
2026-09-14 00:52:10Z,NYG,in,0.217,Q1 1:59,7.0,11632,Malik Nabers,WR,16.5,1.9,11.38,13.28,14.49,14.82,0.136,1.0,13.28,,0.0,0
2026-09-14 00:52:10Z,NYG,in,0.217,Q1 1:59,7.0,7090,Darnell Mooney,WR,5.6,0.0,3.78,3.78,4.15,4.39,0.217,1.0,3.78,,0.0,0
2026-09-14 00:52:10Z,NYG,in,0.217,Q1 1:59,7.0,2306,Jameis Winston,QB,0.5,0.0,0.33,0.33,0.37,0.39,0.217,0.3,0.1,,0.0,0
2026-09-14 00:52:10Z,DAL,in,0.217,Q1 1:59,-7.0,11593,Brevyn Spann-Ford,TE,0.5,3.4,0.84,4.24,4.44,3.79,0.003,1.0,4.24,,0.0,0
2026-09-14 00:52:10Z,NYG,in,0.217,Q1 1:59,7.0,2078,Odell Beckham,WR,4.3,0.0,2.9,2.9,3.18,3.37,0.217,1.0,2.9,,0.0,0
2026-09-14 00:52:10Z,NYG,in,0.217,Q1 1:59,7.0,12481,Cam Skattebo,RB,14.1,7.1,11.44,18.54,18.93,18.14,0.078,1.0,18.54,,0.0,0
2026-09-14 00:52:10Z,DAL,in,0.217,Q1 1:59,-7.0,11199,Emari Demercado,RB,1.8,0.0,1.35,1.35,1.33,1.41,0.217,1.0,1.35,,0.0,0
2026-09-14 00:52:10Z,NYG,in,0.217,Q1 1:59,7.0,NYG,New York Giants D/ST,DST,5.2,10.0,-2.48,7.52,15.81,14.07,0.217,1.0,7.52,,0.0,0
2026-09-14 00:52:10Z,NYG,in,0.217,Q1 1:59,7.0,7528,Najee Harris,RB,4.2,0.0,2.84,2.84,3.11,3.29,0.217,1.0,2.84,,0.0,0
2026-09-14 00:52:10Z,DAL,in,0.217,Q1 1:59,-7.0,8162,Sam Howell,QB,0.6,0.0,0.52,0.52,0.44,0.47,0.217,0.799,0.41,,0.0,0
2026-09-14 00:52:10Z,DAL,in,0.217,Q1 1:59,-7.0,11783,Ryan Flournoy,WR,7.4,0.0,6.15,6.15,5.48,5.79,0.217,1.0,6.15,,0.0,0
2026-09-14 00:52:10Z,DAL,in,0.217,Q1 1:59,-7.0,10871,Luke Schoonmaker,TE,1.7,0.0,1.41,1.41,1.26,1.33,0.217,1.0,1.41,,0.0,0
2026-09-14 00:52:10Z,DAL,in,0.217,Q1 1:59,-7.0,7588,Javonte Williams,RB,16.9,1.0,12.93,13.93,13.71,14.23,0.017,1.0,13.93,,0.0,0
2026-09-14 00:53:11Z,DAL,in,0.217,Q1 1:59,-7.0,11533,Brandon Aubrey,K,9.6,0.0,7.11,7.11,7.11,7.52,0.217,1.0,7.11,,0.0,0
2026-09-14 00:53:11Z,DAL,in,0.217,Q1 1:59,-7.0,6786,CeeDee Lamb,WR,18.3,0.0,15.21,15.21,13.55,14.33,0.217,1.0,15.21,,0.0,0
2026-09-14 00:53:11Z,DAL,in,0.217,Q1 1:59,-7.0,3294,Dak Prescott,QB,18.5,1.24,16.27,17.51,15.18,15.73,0.003,1.0,17.51,,0.0,0
2026-09-14 00:53:11Z,NYG,in,0.217,Q1 1:59,7.0,13833,Dominic Zvada,K,8.2,1.0,6.27,7.27,7.27,7.42,0.078,1.0,7.27,,0.0,0
2026-09-14 00:53:11Z,DAL,in,0.217,Q1 1:59,-7.0,8110,Jake Ferguson,TE,9.3,0.0,7.73,7.73,6.89,7.28,0.217,1.0,7.73,,0.0,0
2026-09-14 00:53:11Z,NYG,in,0.217,Q1 1:59,7.0,8131,Isaiah Likely,TE,10.7,2.3,7.51,9.81,10.67,10.68,0.078,1.0,9.81,,0.0,0
2026-09-14 00:53:11Z,DAL,in,0.217,Q1 1:59,-7.0,DAL,Dallas Cowboys D/ST,DST,6.5,4.0,-0.04,3.96,9.6,9.09,0.078,1.0,3.96,,0.0,0
2026-09-14 00:53:11Z,DAL,in,0.217,Q1 1:59,-7.0,8137,George Pickens,WR,15.2,3.7,13.09,16.79,15.68,15.6,0.047,1.0,16.79,,0.0,0
2026-09-14 00:53:11Z,NYG,in,0.217,Q1 1:59,7.0,11597,Theo Johnson,TE,4.3,0.0,2.9,2.9,3.18,3.37,0.217,1.0,2.9,,0.0,0
2026-09-14 00:53:11Z,NYG,in,0.217,Q1 1:59,7.0,12508,Jaxson Dart,QB,20.5,3.18,14.39,17.57,18.98,19.23,0.078,1.0,17.57,,0.0,0
2026-09-14 00:53:11Z,NYG,in,0.217,Q1 1:59,7.0,13285,Malachi Fields,WR,6.2,0.0,4.19,4.19,4.59,4.85,0.217,1.0,4.19,,0.0,0
2026-09-14 00:53:11Z,DAL,in,0.217,Q1 1:59,-7.0,8917,KaVontae Turpin,WR,4.3,0.0,3.57,3.57,3.18,3.37,0.217,1.0,3.57,,0.0,0
2026-09-14 00:53:11Z,NYG,in,0.217,Q1 1:59,7.0,11655,Tyrone Tracy,RB,2.4,0.0,1.62,1.62,1.78,1.88,0.217,1.0,1.62,,0.0,0
2026-09-14 00:53:11Z,NYG,in,0.217,Q1 1:59,7.0,11632,Malik Nabers,WR,16.5,1.9,11.38,13.28,14.49,14.82,0.136,1.0,13.28,,0.0,0
2026-09-14 00:53:11Z,NYG,in,0.217,Q1 1:59,7.0,7090,Darnell Mooney,WR,5.6,0.0,3.78,3.78,4.15,4.39,0.217,1.0,3.78,,0.0,0
2026-09-14 00:53:11Z,NYG,in,0.217,Q1 1:59,7.0,2306,Jameis Winston,QB,0.5,0.0,0.33,0.33,0.37,0.39,0.217,0.3,0.1,,0.0,0
2026-09-14 00:53:11Z,DAL,in,0.217,Q1 1:59,-7.0,11593,Brevyn Spann-Ford,TE,0.5,3.4,0.84,4.24,4.44,3.79,0.003,1.0,4.24,,0.0,0
2026-09-14 00:53:11Z,NYG,in,0.217,Q1 1:59,7.0,2078,Odell Beckham,WR,4.3,0.0,2.9,2.9,3.18,3.37,0.217,1.0,2.9,,0.0,0
2026-09-14 00:53:11Z,NYG,in,0.217,Q1 1:59,7.0,12481,Cam Skattebo,RB,14.1,7.1,11.44,18.54,18.93,18.14,0.078,1.0,18.54,,0.0,0
2026-09-14 00:53:11Z,DAL,in,0.217,Q1 1:59,-7.0,11199,Emari Demercado,RB,1.8,0.0,1.35,1.35,1.33,1.41,0.217,1.0,1.35,,0.0,0
2026-09-14 00:53:11Z,NYG,in,0.217,Q1 1:59,7.0,NYG,New York Giants D/ST,DST,5.2,10.0,-2.48,7.52,15.81,14.07,0.217,1.0,7.52,,0.0,0
2026-09-14 00:53:11Z,NYG,in,0.217,Q1 1:59,7.0,7528,Najee Harris,RB,4.2,0.0,2.84,2.84,3.11,3.29,0.217,1.0,2.84,,0.0,0
2026-09-14 00:53:11Z,DAL,in,0.217,Q1 1:59,-7.0,8162,Sam Howell,QB,0.6,0.0,0.52,0.52,0.44,0.47,0.217,0.799,0.41,,0.0,0
2026-09-14 00:53:11Z,DAL,in,0.217,Q1 1:59,-7.0,11783,Ryan Flournoy,WR,7.4,0.0,6.15,6.15,5.48,5.79,0.217,1.0,6.15,,0.0,0
2026-09-14 00:53:11Z,DAL,in,0.217,Q1 1:59,-7.0,10871,Luke Schoonmaker,TE,1.7,0.0,1.41,1.41,1.26,1.33,0.217,1.0,1.41,,0.0,0
2026-09-14 00:53:11Z,DAL,in,0.217,Q1 1:59,-7.0,7588,Javonte Williams,RB,16.9,1.0,12.93,13.93,13.71,14.23,0.017,1.0,13.93,,0.0,0
2026-09-14 00:54:11Z,DAL,in,0.217,Q1 1:59,-7.0,11533,Brandon Aubrey,K,9.6,0.0,7.11,7.11,7.11,7.52,0.217,1.0,7.11,,0.0,0
2026-09-14 00:54:11Z,DAL,in,0.217,Q1 1:59,-7.0,6786,CeeDee Lamb,WR,18.3,0.0,15.21,15.21,13.55,14.33,0.217,1.0,15.21,,0.0,0
2026-09-14 00:54:11Z,DAL,in,0.217,Q1 1:59,-7.0,3294,Dak Prescott,QB,18.5,1.24,16.27,17.51,15.18,15.73,0.003,1.0,17.51,,0.0,0
2026-09-14 00:54:11Z,NYG,in,0.217,Q1 1:59,7.0,13833,Dominic Zvada,K,8.2,1.0,6.27,7.27,7.27,7.42,0.078,1.0,7.27,,0.0,0
2026-09-14 00:54:11Z,DAL,in,0.217,Q1 1:59,-7.0,8110,Jake Ferguson,TE,9.3,0.0,7.73,7.73,6.89,7.28,0.217,1.0,7.73,,0.0,0
2026-09-14 00:54:11Z,NYG,in,0.217,Q1 1:59,7.0,8131,Isaiah Likely,TE,10.7,2.3,7.51,9.81,10.67,10.68,0.078,1.0,9.81,,0.0,0
2026-09-14 00:54:11Z,DAL,in,0.217,Q1 1:59,-7.0,DAL,Dallas Cowboys D/ST,DST,6.5,4.0,-0.04,3.96,9.6,9.09,0.078,1.0,3.96,,0.0,0
2026-09-14 00:54:11Z,DAL,in,0.217,Q1 1:59,-7.0,8137,George Pickens,WR,15.2,3.7,13.09,16.79,15.68,15.6,0.047,1.0,16.79,,0.0,0
2026-09-14 00:54:11Z,NYG,in,0.217,Q1 1:59,7.0,11597,Theo Johnson,TE,4.3,0.0,2.9,2.9,3.18,3.37,0.217,1.0,2.9,,0.0,0
2026-09-14 00:54:11Z,NYG,in,0.217,Q1 1:59,7.0,12508,Jaxson Dart,QB,20.5,3.18,14.39,17.57,18.98,19.23,0.078,1.0,17.57,,0.0,0
2026-09-14 00:54:11Z,NYG,in,0.217,Q1 1:59,7.0,13285,Malachi Fields,WR,6.2,0.0,4.19,4.19,4.59,4.85,0.217,1.0,4.19,,0.0,0
2026-09-14 00:54:11Z,DAL,in,0.217,Q1 1:59,-7.0,8917,KaVontae Turpin,WR,4.3,0.0,3.57,3.57,3.18,3.37,0.217,1.0,3.57,,0.0,0
2026-09-14 00:54:11Z,NYG,in,0.217,Q1 1:59,7.0,11655,Tyrone Tracy,RB,2.4,0.0,1.62,1.62,1.78,1.88,0.217,1.0,1.62,,0.0,0
2026-09-14 00:54:11Z,NYG,in,0.217,Q1 1:59,7.0,11632,Malik Nabers,WR,16.5,1.9,11.38,13.28,14.49,14.82,0.136,1.0,13.28,,0.0,0
2026-09-14 00:54:11Z,NYG,in,0.217,Q1 1:59,7.0,7090,Darnell Mooney,WR,5.6,0.0,3.78,3.78,4.15,4.39,0.217,1.0,3.78,,0.0,0
2026-09-14 00:54:11Z,NYG,in,0.217,Q1 1:59,7.0,2306,Jameis Winston,QB,0.5,0.0,0.33,0.33,0.37,0.39,0.217,0.3,0.1,,0.0,0
2026-09-14 00:54:11Z,DAL,in,0.217,Q1 1:59,-7.0,11593,Brevyn Spann-Ford,TE,0.5,3.4,0.84,4.24,4.44,3.79,0.003,1.0,4.24,,0.0,0
2026-09-14 00:54:11Z,NYG,in,0.217,Q1 1:59,7.0,2078,Odell Beckham,WR,4.3,0.0,2.9,2.9,3.18,3.37,0.217,1.0,2.9,,0.0,0
2026-09-14 00:54:11Z,NYG,in,0.217,Q1 1:59,7.0,12481,Cam Skattebo,RB,14.1,7.1,11.44,18.54,18.93,18.14,0.078,1.0,18.54,,0.0,0
2026-09-14 00:54:11Z,DAL,in,0.217,Q1 1:59,-7.0,11199,Emari Demercado,RB,1.8,0.0,1.35,1.35,1.33,1.41,0.217,1.0,1.35,,0.0,0
2026-09-14 00:54:11Z,NYG,in,0.217,Q1 1:59,7.0,NYG,New York Giants D/ST,DST,5.2,10.0,-2.48,7.52,15.81,14.07,0.217,1.0,7.52,,0.0,0
2026-09-14 00:54:11Z,NYG,in,0.217,Q1 1:59,7.0,7528,Najee Harris,RB,4.2,0.0,2.84,2.84,3.11,3.29,0.217,1.0,2.84,,0.0,0
2026-09-14 00:54:11Z,DAL,in,0.217,Q1 1:59,-7.0,8162,Sam Howell,QB,0.6,0.0,0.52,0.52,0.44,0.47,0.217,0.799,0.41,,0.0,0
2026-09-14 00:54:11Z,DAL,in,0.217,Q1 1:59,-7.0,11783,Ryan Flournoy,WR,7.4,0.0,6.15,6.15,5.48,5.79,0.217,1.0,6.15,,0.0,0
2026-09-14 00:54:11Z,DAL,in,0.217,Q1 1:59,-7.0,10871,Luke Schoonmaker,TE,1.7,0.0,1.41,1.41,1.26,1.33,0.217,1.0,1.41,,0.0,0
2026-09-14 00:54:11Z,DAL,in,0.217,Q1 1:59,-7.0,7588,Javonte Williams,RB,16.9,1.0,12.93,13.93,13.71,14.23,0.017,1.0,13.93,,0.0,0
2026-09-14 00:55:11Z,DAL,in,0.217,Q1 1:59,-7.0,11533,Brandon Aubrey,K,9.6,0.0,7.11,7.11,7.11,7.52,0.217,1.0,7.11,,0.0,0
2026-09-14 00:55:11Z,DAL,in,0.217,Q1 1:59,-7.0,6786,CeeDee Lamb,WR,18.3,0.0,15.21,15.21,13.55,14.33,0.217,1.0,15.21,,0.0,0
2026-09-14 00:55:11Z,DAL,in,0.217,Q1 1:59,-7.0,3294,Dak Prescott,QB,18.5,1.24,16.27,17.51,15.18,15.73,0.003,1.0,17.51,,0.0,0
2026-09-14 00:55:11Z,NYG,in,0.217,Q1 1:59,7.0,13833,Dominic Zvada,K,8.2,1.0,6.27,7.27,7.27,7.42,0.078,1.0,7.27,,0.0,0
2026-09-14 00:55:11Z,DAL,in,0.217,Q1 1:59,-7.0,8110,Jake Ferguson,TE,9.3,0.0,7.73,7.73,6.89,7.28,0.217,1.0,7.73,,0.0,0
2026-09-14 00:55:11Z,NYG,in,0.217,Q1 1:59,7.0,8131,Isaiah Likely,TE,10.7,2.3,7.51,9.81,10.67,10.68,0.078,1.0,9.81,,0.0,0
2026-09-14 00:55:11Z,DAL,in,0.217,Q1 1:59,-7.0,DAL,Dallas Cowboys D/ST,DST,6.5,4.0,-0.04,3.96,9.6,9.09,0.078,1.0,3.96,,0.0,0
2026-09-14 00:55:11Z,DAL,in,0.217,Q1 1:59,-7.0,8137,George Pickens,WR,15.2,3.7,13.09,16.79,15.68,15.6,0.047,1.0,16.79,,0.0,0
2026-09-14 00:55:11Z,NYG,in,0.217,Q1 1:59,7.0,11597,Theo Johnson,TE,4.3,0.0,2.9,2.9,3.18,3.37,0.217,1.0,2.9,,0.0,0
2026-09-14 00:55:11Z,NYG,in,0.217,Q1 1:59,7.0,12508,Jaxson Dart,QB,20.5,3.18,14.39,17.57,18.98,19.23,0.078,1.0,17.57,,0.0,0
2026-09-14 00:55:11Z,NYG,in,0.217,Q1 1:59,7.0,13285,Malachi Fields,WR,6.2,0.0,4.19,4.19,4.59,4.85,0.217,1.0,4.19,,0.0,0
2026-09-14 00:55:11Z,DAL,in,0.217,Q1 1:59,-7.0,8917,KaVontae Turpin,WR,4.3,0.0,3.57,3.57,3.18,3.37,0.217,1.0,3.57,,0.0,0
2026-09-14 00:55:11Z,NYG,in,0.217,Q1 1:59,7.0,11655,Tyrone Tracy,RB,2.4,0.0,1.62,1.62,1.78,1.88,0.217,1.0,1.62,,0.0,0
2026-09-14 00:55:11Z,NYG,in,0.217,Q1 1:59,7.0,11632,Malik Nabers,WR,16.5,1.9,11.38,13.28,14.49,14.82,0.136,1.0,13.28,,0.0,0
2026-09-14 00:55:11Z,NYG,in,0.217,Q1 1:59,7.0,7090,Darnell Mooney,WR,5.6,0.0,3.78,3.78,4.15,4.39,0.217,1.0,3.78,,0.0,0
2026-09-14 00:55:11Z,NYG,in,0.217,Q1 1:59,7.0,2306,Jameis Winston,QB,0.5,0.0,0.33,0.33,0.37,0.39,0.217,0.3,0.1,,0.0,0
2026-09-14 00:55:11Z,DAL,in,0.217,Q1 1:59,-7.0,11593,Brevyn Spann-Ford,TE,0.5,3.4,0.84,4.24,4.44,3.79,0.003,1.0,4.24,,0.0,0
2026-09-14 00:55:11Z,NYG,in,0.217,Q1 1:59,7.0,2078,Odell Beckham,WR,4.3,0.0,2.9,2.9,3.18,3.37,0.217,1.0,2.9,,0.0,0
2026-09-14 00:55:11Z,NYG,in,0.217,Q1 1:59,7.0,12481,Cam Skattebo,RB,14.1,7.1,11.44,18.54,18.93,18.14,0.078,1.0,18.54,,0.0,0
2026-09-14 00:55:11Z,DAL,in,0.217,Q1 1:59,-7.0,11199,Emari Demercado,RB,1.8,0.0,1.35,1.35,1.33,1.41,0.217,1.0,1.35,,0.0,0
2026-09-14 00:55:11Z,NYG,in,0.217,Q1 1:59,7.0,NYG,New York Giants D/ST,DST,5.2,10.0,-2.48,7.52,15.81,14.07,0.217,1.0,7.52,,0.0,0
2026-09-14 00:55:11Z,NYG,in,0.217,Q1 1:59,7.0,7528,Najee Harris,RB,4.2,0.0,2.84,2.84,3.11,3.29,0.217,1.0,2.84,,0.0,0
2026-09-14 00:55:11Z,DAL,in,0.217,Q1 1:59,-7.0,8162,Sam Howell,QB,0.6,0.0,0.52,0.52,0.44,0.47,0.217,0.799,0.41,,0.0,0
2026-09-14 00:55:11Z,DAL,in,0.217,Q1 1:59,-7.0,11783,Ryan Flournoy,WR,7.4,0.0,6.15,6.15,5.48,5.79,0.217,1.0,6.15,,0.0,0
2026-09-14 00:55:11Z,DAL,in,0.217,Q1 1:59,-7.0,10871,Luke Schoonmaker,TE,1.7,0.0,1.41,1.41,1.26,1.33,0.217,1.0,1.41,,0.0,0
2026-09-14 00:55:11Z,DAL,in,0.217,Q1 1:59,-7.0,7588,Javonte Williams,RB,16.9,1.0,12.93,13.93,13.71,14.23,0.017,1.0,13.93,,0.0,0
2026-09-14 00:56:12Z,DAL,in,0.228,Q1 1:18,-7.0,11533,Brandon Aubrey,K,9.6,0.0,6.99,6.99,6.99,7.41,0.228,1.0,6.99,,0.0,0
2026-09-14 00:56:12Z,DAL,in,0.228,Q1 1:18,-7.0,6786,CeeDee Lamb,WR,18.3,0.0,14.97,14.97,13.32,14.12,0.228,1.0,14.97,,0.0,0
2026-09-14 00:56:12Z,DAL,in,0.228,Q1 1:18,-7.0,3294,Dak Prescott,QB,18.5,1.24,16.01,17.25,14.94,15.52,0.015,1.0,17.25,,0.0,0
2026-09-14 00:56:12Z,NYG,in,0.228,Q1 1:18,7.0,13833,Dominic Zvada,K,8.2,1.0,6.16,7.16,7.16,7.33,0.089,1.0,7.16,,0.0,0
2026-09-14 00:56:12Z,DAL,in,0.228,Q1 1:18,-7.0,8110,Jake Ferguson,TE,9.3,0.0,7.61,7.61,6.77,7.18,0.228,1.0,7.61,,0.0,0
2026-09-14 00:56:12Z,NYG,in,0.228,Q1 1:18,7.0,8131,Isaiah Likely,TE,10.7,2.3,7.41,9.71,10.53,10.56,0.089,1.0,9.71,,0.0,0
2026-09-14 00:56:12Z,DAL,in,0.228,Q1 1:18,-7.0,DAL,Dallas Cowboys D/ST,DST,6.5,4.0,-0.03,3.97,9.5,9.02,0.089,1.0,3.97,,0.0,0
2026-09-14 00:56:12Z,DAL,in,0.228,Q1 1:18,-7.0,8137,George Pickens,WR,15.2,3.7,12.89,16.59,15.47,15.43,0.058,1.0,16.59,,0.0,0
2026-09-14 00:56:12Z,NYG,in,0.228,Q1 1:18,7.0,11597,Theo Johnson,TE,4.3,0.0,2.87,2.87,3.13,3.32,0.228,1.0,2.87,,0.0,0
2026-09-14 00:56:12Z,NYG,in,0.228,Q1 1:18,7.0,12508,Jaxson Dart,QB,20.5,3.18,14.14,17.32,18.71,19.0,0.089,1.0,17.32,,0.0,0
2026-09-14 00:56:12Z,NYG,in,0.228,Q1 1:18,7.0,13285,Malachi Fields,WR,6.2,0.0,4.13,4.13,4.51,4.78,0.228,1.0,4.13,,0.0,0
2026-09-14 00:56:12Z,DAL,in,0.228,Q1 1:18,-7.0,8917,KaVontae Turpin,WR,4.3,0.0,3.52,3.52,3.13,3.32,0.228,1.0,3.52,,0.0,0
2026-09-14 00:56:12Z,NYG,in,0.228,Q1 1:18,7.0,11655,Tyrone Tracy,RB,2.4,0.6,1.75,2.35,2.46,2.45,0.0,1.0,2.35,,0.0,0
2026-09-14 00:56:12Z,NYG,in,0.228,Q1 1:18,7.0,11632,Malik Nabers,WR,16.5,1.9,11.23,13.13,14.27,14.63,0.148,1.0,13.13,,0.0,0
2026-09-14 00:56:12Z,NYG,in,0.228,Q1 1:18,7.0,7090,Darnell Mooney,WR,5.6,0.0,3.73,3.73,4.07,4.32,0.228,1.0,3.73,,0.0,0
2026-09-14 00:56:12Z,NYG,in,0.228,Q1 1:18,7.0,2306,Jameis Winston,QB,0.5,0.0,0.33,0.33,0.36,0.39,0.228,0.3,0.1,,0.0,0
2026-09-14 00:56:12Z,DAL,in,0.228,Q1 1:18,-7.0,11593,Brevyn Spann-Ford,TE,0.5,3.4,0.83,4.23,4.42,3.79,0.015,1.0,4.23,,0.0,0
2026-09-14 00:56:12Z,NYG,in,0.228,Q1 1:18,7.0,2078,Odell Beckham,WR,4.3,0.0,2.87,2.87,3.13,3.32,0.228,1.0,2.87,,0.0,0
2026-09-14 00:56:12Z,NYG,in,0.228,Q1 1:18,7.0,12481,Cam Skattebo,RB,14.1,7.6,11.39,18.99,19.33,18.48,0.0,1.0,18.99,,0.0,0
2026-09-14 00:56:12Z,DAL,in,0.228,Q1 1:18,-7.0,11199,Emari Demercado,RB,1.8,0.0,1.32,1.32,1.31,1.39,0.228,1.0,1.32,,0.0,0
2026-09-14 00:56:12Z,NYG,in,0.228,Q1 1:18,7.0,NYG,New York Giants D/ST,DST,5.2,10.0,-2.41,7.59,15.71,14.01,0.228,1.0,7.59,,0.0,0
2026-09-14 00:56:12Z,NYG,in,0.228,Q1 1:18,7.0,7528,Najee Harris,RB,4.2,0.0,2.79,2.79,3.06,3.24,0.228,1.0,2.79,,0.0,0
2026-09-14 00:56:12Z,DAL,in,0.228,Q1 1:18,-7.0,8162,Sam Howell,QB,0.6,0.0,0.51,0.51,0.44,0.46,0.228,0.765,0.39,,0.0,0
2026-09-14 00:56:12Z,DAL,in,0.228,Q1 1:18,-7.0,11783,Ryan Flournoy,WR,7.4,0.0,6.05,6.05,5.38,5.71,0.228,1.0,6.05,,0.0,0
2026-09-14 00:56:12Z,DAL,in,0.228,Q1 1:18,-7.0,10871,Luke Schoonmaker,TE,1.7,0.0,1.39,1.39,1.24,1.31,0.228,1.0,1.39,,0.0,0
2026-09-14 00:56:12Z,DAL,in,0.228,Q1 1:18,-7.0,7588,Javonte Williams,RB,16.9,1.0,12.69,13.69,13.49,14.04,0.028,1.0,13.69,,0.0,0
2026-09-14 00:57:12Z,DAL,in,0.242,Q1 0:28,-7.0,11533,Brandon Aubrey,K,9.6,0.0,6.83,6.83,6.83,7.27,0.242,1.0,6.83,,0.0,0
2026-09-14 00:57:12Z,DAL,in,0.242,Q1 0:28,-7.0,6786,CeeDee Lamb,WR,18.3,0.0,14.69,14.69,13.03,13.87,0.242,1.0,14.69,,0.0,0
2026-09-14 00:57:12Z,DAL,in,0.242,Q1 0:28,-7.0,3294,Dak Prescott,QB,18.5,1.24,15.7,16.94,14.64,15.26,0.029,1.0,16.94,,0.0,0
2026-09-14 00:57:12Z,NYG,in,0.242,Q1 0:28,7.0,13833,Dominic Zvada,K,8.2,1.0,6.03,7.03,7.03,7.21,0.103,1.0,7.03,,0.0,0
2026-09-14 00:57:12Z,DAL,in,0.242,Q1 0:28,-7.0,8110,Jake Ferguson,TE,9.3,0.0,7.47,7.47,6.62,7.05,0.242,1.0,7.47,,0.0,0
2026-09-14 00:57:12Z,NYG,in,0.242,Q1 0:28,7.0,8131,Isaiah Likely,TE,10.7,2.3,7.29,9.59,10.35,10.41,0.103,1.0,9.59,,0.0,0
2026-09-14 00:57:12Z,DAL,in,0.242,Q1 0:28,-7.0,DAL,Dallas Cowboys D/ST,DST,6.5,4.0,-0.02,3.98,9.39,8.93,0.103,1.0,3.98,,0.0,0
2026-09-14 00:57:12Z,DAL,in,0.242,Q1 0:28,-7.0,8137,George Pickens,WR,15.2,3.7,12.64,16.34,15.22,15.22,0.072,1.0,16.34,,0.0,0
2026-09-14 00:57:12Z,NYG,in,0.242,Q1 0:28,7.0,11597,Theo Johnson,TE,4.3,0.0,2.82,2.82,3.06,3.26,0.242,1.0,2.82,,0.0,0
2026-09-14 00:57:12Z,NYG,in,0.242,Q1 0:28,7.0,12508,Jaxson Dart,QB,20.5,3.18,13.83,17.01,18.38,18.71,0.103,1.0,17.01,,0.0,0
2026-09-14 00:57:12Z,NYG,in,0.242,Q1 0:28,7.0,13285,Malachi Fields,WR,6.2,0.0,4.06,4.06,4.41,4.7,0.242,1.0,4.06,,0.0,0
2026-09-14 00:57:12Z,DAL,in,0.242,Q1 0:28,-7.0,8917,KaVontae Turpin,WR,4.3,0.0,3.45,3.45,3.06,3.26,0.242,1.0,3.45,,0.0,0
2026-09-14 00:57:12Z,NYG,in,0.242,Q1 0:28,7.0,11655,Tyrone Tracy,RB,2.4,0.6,1.72,2.32,2.42,2.42,0.014,1.0,2.32,,0.0,0
2026-09-14 00:57:12Z,NYG,in,0.242,Q1 0:28,7.0,11632,Malik Nabers,WR,16.5,1.9,11.04,12.94,14.01,14.4,0.161,1.0,12.94,,0.0,0
2026-09-14 00:57:12Z,NYG,in,0.242,Q1 0:28,7.0,7090,Darnell Mooney,WR,5.6,0.0,3.67,3.67,3.99,4.24,0.242,1.0,3.67,,0.0,0
2026-09-14 00:57:12Z,NYG,in,0.242,Q1 0:28,7.0,2306,Jameis Winston,QB,0.5,0.0,0.32,0.32,0.36,0.38,0.242,0.3,0.1,,0.0,0
2026-09-14 00:57:12Z,DAL,in,0.242,Q1 0:28,-7.0,11593,Brevyn Spann-Ford,TE,0.5,3.4,0.81,4.21,4.4,3.78,0.029,1.0,4.21,,0.0,0
2026-09-14 00:57:12Z,NYG,in,0.242,Q1 0:28,7.0,2078,Odell Beckham,WR,4.3,0.0,2.82,2.82,3.06,3.26,0.242,1.0,2.82,,0.0,0
2026-09-14 00:57:12Z,NYG,in,0.242,Q1 0:28,7.0,12481,Cam Skattebo,RB,14.1,7.6,11.17,18.77,19.08,18.28,0.014,1.0,18.77,,0.0,0
2026-09-14 00:57:12Z,DAL,in,0.242,Q1 0:28,-7.0,11199,Emari Demercado,RB,1.8,0.0,1.29,1.29,1.28,1.36,0.242,1.0,1.29,,0.0,0
2026-09-14 00:57:12Z,NYG,in,0.242,Q1 0:28,7.0,NYG,New York Giants D/ST,DST,5.2,10.0,-2.33,7.67,15.6,13.94,0.242,1.0,7.67,,0.0,0
2026-09-14 00:57:12Z,NYG,in,0.242,Q1 0:28,7.0,7528,Najee Harris,RB,4.2,0.0,2.73,2.73,2.99,3.18,0.242,1.0,2.73,,0.0,0
2026-09-14 00:57:12Z,DAL,in,0.242,Q1 0:28,-7.0,8162,Sam Howell,QB,0.6,0.0,0.5,0.5,0.43,0.45,0.242,0.723,0.36,,0.0,0
2026-09-14 00:57:12Z,DAL,in,0.242,Q1 0:28,-7.0,11783,Ryan Flournoy,WR,7.4,0.0,5.94,5.94,5.27,5.61,0.242,1.0,5.94,,0.0,0
2026-09-14 00:57:12Z,DAL,in,0.242,Q1 0:28,-7.0,10871,Luke Schoonmaker,TE,1.7,0.0,1.36,1.36,1.21,1.29,0.242,1.0,1.36,,0.0,0
2026-09-14 00:57:12Z,DAL,in,0.242,Q1 0:28,-7.0,7588,Javonte Williams,RB,16.9,1.0,12.4,13.4,13.22,13.81,0.042,1.0,13.4,,0.0,0
2026-09-14 00:58:13Z,DAL,in,0.25,Q1 0:00,-7.0,11533,Brandon Aubrey,K,9.6,0.0,6.75,6.75,6.75,7.2,0.25,1.0,6.75,,0.0,0
2026-09-14 00:58:13Z,DAL,in,0.25,Q1 0:00,-7.0,6786,CeeDee Lamb,WR,18.3,0.0,14.53,14.53,12.87,13.73,0.25,1.0,14.53,,0.0,0
2026-09-14 00:58:13Z,DAL,in,0.25,Q1 0:00,-7.0,3294,Dak Prescott,QB,18.5,1.24,15.53,16.77,14.48,15.12,0.036,1.0,16.77,,0.0,0
2026-09-14 00:58:13Z,NYG,in,0.25,Q1 0:00,7.0,13833,Dominic Zvada,K,8.2,1.0,5.95,6.95,6.95,7.15,0.111,1.0,6.95,,0.0,0
2026-09-14 00:58:13Z,DAL,in,0.25,Q1 0:00,-7.0,8110,Jake Ferguson,TE,9.3,0.0,7.39,7.39,6.54,6.98,0.25,1.0,7.39,,0.0,0
2026-09-14 00:58:13Z,NYG,in,0.25,Q1 0:00,7.0,8131,Isaiah Likely,TE,10.7,4.1,7.43,11.53,12.39,12.12,0.0,1.0,11.53,,0.0,0
2026-09-14 00:58:13Z,DAL,in,0.25,Q1 0:00,-7.0,DAL,Dallas Cowboys D/ST,DST,6.5,5.0,-0.39,4.61,10.51,9.88,0.0,1.0,4.61,,0.0,0
2026-09-14 00:58:13Z,DAL,in,0.25,Q1 0:00,-7.0,8137,George Pickens,WR,15.2,3.7,12.51,16.21,15.08,15.1,0.08,1.0,16.21,,0.0,0
2026-09-14 00:58:13Z,NYG,in,0.25,Q1 0:00,7.0,11597,Theo Johnson,TE,4.3,0.0,2.79,2.79,3.02,3.22,0.25,1.0,2.79,,0.0,0
2026-09-14 00:58:13Z,NYG,in,0.25,Q1 0:00,7.0,12508,Jaxson Dart,QB,20.5,3.5,13.74,17.24,18.57,18.88,0.0,1.0,17.24,,0.0,0
2026-09-14 00:58:13Z,NYG,in,0.25,Q1 0:00,7.0,13285,Malachi Fields,WR,6.2,0.0,4.03,4.03,4.36,4.65,0.25,1.0,4.03,,0.0,0
2026-09-14 00:58:13Z,DAL,in,0.25,Q1 0:00,-7.0,8917,KaVontae Turpin,WR,4.3,0.0,3.41,3.41,3.02,3.22,0.25,1.0,3.41,,0.0,0
2026-09-14 00:58:13Z,NYG,in,0.25,Q1 0:00,7.0,11655,Tyrone Tracy,RB,2.4,0.6,1.7,2.3,2.4,2.4,0.022,1.0,2.3,,0.0,0
2026-09-14 00:58:13Z,NYG,in,0.25,Q1 0:00,7.0,11632,Malik Nabers,WR,16.5,1.9,10.94,12.84,13.86,14.28,0.169,1.0,12.84,,0.0,0
2026-09-14 00:58:13Z,NYG,in,0.25,Q1 0:00,7.0,7090,Darnell Mooney,WR,5.6,0.0,3.64,3.64,3.94,4.2,0.25,1.0,3.64,,0.0,0
2026-09-14 00:58:13Z,NYG,in,0.25,Q1 0:00,7.0,2306,Jameis Winston,QB,0.5,0.0,0.31,0.31,0.35,0.38,0.25,0.3,0.09,,0.0,0
2026-09-14 00:58:13Z,DAL,in,0.25,Q1 0:00,-7.0,11593,Brevyn Spann-Ford,TE,0.5,3.4,0.8,4.2,4.39,3.77,0.036,1.0,4.2,,0.0,0
2026-09-14 00:58:13Z,NYG,in,0.25,Q1 0:00,7.0,2078,Odell Beckham,WR,4.3,0.0,2.79,2.79,3.02,3.22,0.25,1.0,2.79,,0.0,0
2026-09-14 00:58:13Z,NYG,in,0.25,Q1 0:00,7.0,12481,Cam Skattebo,RB,14.1,7.6,11.04,18.64,18.94,18.17,0.022,1.0,18.64,,0.0,0
2026-09-14 00:58:13Z,DAL,in,0.25,Q1 0:00,-7.0,11199,Emari Demercado,RB,1.8,0.0,1.28,1.28,1.27,1.35,0.25,1.0,1.28,,0.0,0
2026-09-14 00:58:13Z,NYG,in,0.25,Q1 0:00,7.0,NYG,New York Giants D/ST,DST,5.2,10.0,-2.29,7.71,15.53,13.9,0.25,1.0,7.71,,0.0,0
2026-09-14 00:58:13Z,NYG,in,0.25,Q1 0:00,7.0,7528,Najee Harris,RB,4.2,0.0,2.69,2.69,2.95,3.15,0.25,1.0,2.69,,0.0,0
2026-09-14 00:58:13Z,DAL,in,0.25,Q1 0:00,-7.0,8162,Sam Howell,QB,0.6,0.0,0.49,0.49,0.42,0.45,0.25,0.7,0.35,,0.0,0
2026-09-14 00:58:13Z,DAL,in,0.25,Q1 0:00,-7.0,11783,Ryan Flournoy,WR,7.4,0.0,5.88,5.88,5.2,5.55,0.25,1.0,5.88,,0.0,0
2026-09-14 00:58:13Z,DAL,in,0.25,Q1 0:00,-7.0,10871,Luke Schoonmaker,TE,1.7,0.0,1.35,1.35,1.2,1.27,0.25,1.0,1.35,,0.0,0
2026-09-14 00:58:13Z,DAL,in,0.25,Q1 0:00,-7.0,7588,Javonte Williams,RB,16.9,1.0,12.24,13.24,13.07,13.67,0.05,1.0,13.24,,0.0,0
2026-09-14 00:59:13Z,DAL,in,0.25,Q2 15:00,-7.0,11533,Brandon Aubrey,K,9.6,0.0,6.75,6.75,6.75,7.2,0.25,1.0,6.75,,0.0,0
2026-09-14 00:59:13Z,DAL,in,0.25,Q2 15:00,-7.0,6786,CeeDee Lamb,WR,18.3,0.0,14.53,14.53,12.87,13.73,0.25,1.0,14.53,,0.0,0
2026-09-14 00:59:13Z,DAL,in,0.25,Q2 15:00,-7.0,3294,Dak Prescott,QB,18.5,1.24,15.53,16.77,14.48,15.12,0.036,1.0,16.77,,0.0,0
2026-09-14 00:59:13Z,NYG,in,0.25,Q2 15:00,7.0,13833,Dominic Zvada,K,8.2,1.0,5.95,6.95,6.95,7.15,0.111,1.0,6.95,,0.0,0
2026-09-14 00:59:13Z,DAL,in,0.25,Q2 15:00,-7.0,8110,Jake Ferguson,TE,9.3,0.0,7.39,7.39,6.54,6.98,0.25,1.0,7.39,,0.0,0
2026-09-14 00:59:13Z,NYG,in,0.25,Q2 15:00,7.0,8131,Isaiah Likely,TE,10.7,4.1,7.43,11.53,12.39,12.12,0.0,1.0,11.53,,0.0,0
2026-09-14 00:59:13Z,DAL,in,0.25,Q2 15:00,-7.0,DAL,Dallas Cowboys D/ST,DST,6.5,5.0,-0.39,4.61,10.51,9.88,0.0,1.0,4.61,,0.0,0
2026-09-14 00:59:13Z,DAL,in,0.25,Q2 15:00,-7.0,8137,George Pickens,WR,15.2,3.7,12.51,16.21,15.08,15.1,0.08,1.0,16.21,,0.0,0
2026-09-14 00:59:13Z,NYG,in,0.25,Q2 15:00,7.0,11597,Theo Johnson,TE,4.3,0.0,2.79,2.79,3.02,3.22,0.25,1.0,2.79,,0.0,0
2026-09-14 00:59:13Z,NYG,in,0.25,Q2 15:00,7.0,12508,Jaxson Dart,QB,20.5,3.5,13.74,17.24,18.57,18.88,0.0,1.0,17.24,,0.0,0
2026-09-14 00:59:13Z,NYG,in,0.25,Q2 15:00,7.0,13285,Malachi Fields,WR,6.2,0.0,4.03,4.03,4.36,4.65,0.25,1.0,4.03,,0.0,0
2026-09-14 00:59:13Z,DAL,in,0.25,Q2 15:00,-7.0,8917,KaVontae Turpin,WR,4.3,0.0,3.41,3.41,3.02,3.22,0.25,1.0,3.41,,0.0,0
2026-09-14 00:59:13Z,NYG,in,0.25,Q2 15:00,7.0,11655,Tyrone Tracy,RB,2.4,0.6,1.7,2.3,2.4,2.4,0.022,1.0,2.3,,0.0,0
2026-09-14 00:59:13Z,NYG,in,0.25,Q2 15:00,7.0,11632,Malik Nabers,WR,16.5,1.9,10.94,12.84,13.86,14.28,0.169,1.0,12.84,,0.0,0
2026-09-14 00:59:13Z,NYG,in,0.25,Q2 15:00,7.0,7090,Darnell Mooney,WR,5.6,0.0,3.64,3.64,3.94,4.2,0.25,1.0,3.64,,0.0,0
2026-09-14 00:59:13Z,NYG,in,0.25,Q2 15:00,7.0,2306,Jameis Winston,QB,0.5,0.0,0.31,0.31,0.35,0.38,0.25,0.3,0.09,,0.0,0
2026-09-14 00:59:13Z,DAL,in,0.25,Q2 15:00,-7.0,11593,Brevyn Spann-Ford,TE,0.5,3.4,0.8,4.2,4.39,3.77,0.036,1.0,4.2,,0.0,0
2026-09-14 00:59:13Z,NYG,in,0.25,Q2 15:00,7.0,2078,Odell Beckham,WR,4.3,0.0,2.79,2.79,3.02,3.22,0.25,1.0,2.79,,0.0,0
2026-09-14 00:59:13Z,NYG,in,0.25,Q2 15:00,7.0,12481,Cam Skattebo,RB,14.1,7.6,11.04,18.64,18.94,18.17,0.022,1.0,18.64,,0.0,0
2026-09-14 00:59:13Z,DAL,in,0.25,Q2 15:00,-7.0,11199,Emari Demercado,RB,1.8,0.0,1.28,1.28,1.27,1.35,0.25,1.0,1.28,,0.0,0
2026-09-14 00:59:13Z,NYG,in,0.25,Q2 15:00,7.0,NYG,New York Giants D/ST,DST,5.2,10.0,-2.29,7.71,15.53,13.9,0.25,1.0,7.71,,0.0,0
2026-09-14 00:59:13Z,NYG,in,0.25,Q2 15:00,7.0,7528,Najee Harris,RB,4.2,0.0,2.69,2.69,2.95,3.15,0.25,1.0,2.69,,0.0,0
2026-09-14 00:59:13Z,DAL,in,0.25,Q2 15:00,-7.0,8162,Sam Howell,QB,0.6,0.0,0.49,0.49,0.42,0.45,0.25,0.7,0.35,,0.0,0
2026-09-14 00:59:13Z,DAL,in,0.25,Q2 15:00,-7.0,11783,Ryan Flournoy,WR,7.4,0.0,5.88,5.88,5.2,5.55,0.25,1.0,5.88,,0.0,0
2026-09-14 00:59:13Z,DAL,in,0.25,Q2 15:00,-7.0,10871,Luke Schoonmaker,TE,1.7,0.0,1.35,1.35,1.2,1.27,0.25,1.0,1.35,,0.0,0
2026-09-14 00:59:13Z,DAL,in,0.25,Q2 15:00,-7.0,7588,Javonte Williams,RB,16.9,1.0,12.24,13.24,13.07,13.67,0.05,1.0,13.24,,0.0,0
2026-09-14 01:00:14Z,DAL,in,0.25,Q2 15:00,-7.0,11533,Brandon Aubrey,K,9.6,0.0,6.75,6.75,6.75,7.2,0.25,1.0,6.75,,0.0,0
2026-09-14 01:00:14Z,DAL,in,0.25,Q2 15:00,-7.0,6786,CeeDee Lamb,WR,18.3,0.0,14.53,14.53,12.87,13.73,0.25,1.0,14.53,,0.0,0
2026-09-14 01:00:14Z,DAL,in,0.25,Q2 15:00,-7.0,3294,Dak Prescott,QB,18.5,1.24,15.53,16.77,14.48,15.12,0.036,1.0,16.77,,0.0,0
2026-09-14 01:00:14Z,NYG,in,0.25,Q2 15:00,7.0,13833,Dominic Zvada,K,8.2,1.0,5.95,6.95,6.95,7.15,0.111,1.0,6.95,,0.0,0
2026-09-14 01:00:14Z,DAL,in,0.25,Q2 15:00,-7.0,8110,Jake Ferguson,TE,9.3,0.0,7.39,7.39,6.54,6.98,0.25,1.0,7.39,,0.0,0
2026-09-14 01:00:14Z,NYG,in,0.25,Q2 15:00,7.0,8131,Isaiah Likely,TE,10.7,4.1,7.43,11.53,12.39,12.12,0.0,1.0,11.53,,0.0,0
2026-09-14 01:00:14Z,DAL,in,0.25,Q2 15:00,-7.0,DAL,Dallas Cowboys D/ST,DST,6.5,5.0,-0.39,4.61,10.51,9.88,0.0,1.0,4.61,,0.0,0
2026-09-14 01:00:14Z,DAL,in,0.25,Q2 15:00,-7.0,8137,George Pickens,WR,15.2,3.7,12.51,16.21,15.08,15.1,0.08,1.0,16.21,,0.0,0
2026-09-14 01:00:14Z,NYG,in,0.25,Q2 15:00,7.0,11597,Theo Johnson,TE,4.3,0.0,2.79,2.79,3.02,3.22,0.25,1.0,2.79,,0.0,0
2026-09-14 01:00:14Z,NYG,in,0.25,Q2 15:00,7.0,12508,Jaxson Dart,QB,20.5,3.5,13.74,17.24,18.57,18.88,0.0,1.0,17.24,,0.0,0
2026-09-14 01:00:14Z,NYG,in,0.25,Q2 15:00,7.0,13285,Malachi Fields,WR,6.2,0.0,4.03,4.03,4.36,4.65,0.25,1.0,4.03,,0.0,0
2026-09-14 01:00:14Z,DAL,in,0.25,Q2 15:00,-7.0,8917,KaVontae Turpin,WR,4.3,0.0,3.41,3.41,3.02,3.22,0.25,1.0,3.41,,0.0,0
2026-09-14 01:00:14Z,NYG,in,0.25,Q2 15:00,7.0,11655,Tyrone Tracy,RB,2.4,0.6,1.7,2.3,2.4,2.4,0.022,1.0,2.3,,0.0,0
2026-09-14 01:00:14Z,NYG,in,0.25,Q2 15:00,7.0,11632,Malik Nabers,WR,16.5,1.9,10.94,12.84,13.86,14.28,0.169,1.0,12.84,,0.0,0
2026-09-14 01:00:14Z,NYG,in,0.25,Q2 15:00,7.0,7090,Darnell Mooney,WR,5.6,0.0,3.64,3.64,3.94,4.2,0.25,1.0,3.64,,0.0,0
2026-09-14 01:00:14Z,NYG,in,0.25,Q2 15:00,7.0,2306,Jameis Winston,QB,0.5,0.0,0.31,0.31,0.35,0.38,0.25,0.3,0.09,,0.0,0
2026-09-14 01:00:14Z,DAL,in,0.25,Q2 15:00,-7.0,11593,Brevyn Spann-Ford,TE,0.5,3.4,0.8,4.2,4.39,3.77,0.036,1.0,4.2,,0.0,0
2026-09-14 01:00:14Z,NYG,in,0.25,Q2 15:00,7.0,2078,Odell Beckham,WR,4.3,0.0,2.79,2.79,3.02,3.22,0.25,1.0,2.79,,0.0,0
2026-09-14 01:00:14Z,NYG,in,0.25,Q2 15:00,7.0,12481,Cam Skattebo,RB,14.1,7.6,11.04,18.64,18.94,18.17,0.022,1.0,18.64,,0.0,0
2026-09-14 01:00:14Z,DAL,in,0.25,Q2 15:00,-7.0,11199,Emari Demercado,RB,1.8,0.0,1.28,1.28,1.27,1.35,0.25,1.0,1.28,,0.0,0
2026-09-14 01:00:14Z,NYG,in,0.25,Q2 15:00,7.0,NYG,New York Giants D/ST,DST,5.2,10.0,-2.29,7.71,15.53,13.9,0.25,1.0,7.71,,0.0,0
2026-09-14 01:00:14Z,NYG,in,0.25,Q2 15:00,7.0,7528,Najee Harris,RB,4.2,0.0,2.69,2.69,2.95,3.15,0.25,1.0,2.69,,0.0,0
2026-09-14 01:00:14Z,DAL,in,0.25,Q2 15:00,-7.0,8162,Sam Howell,QB,0.6,0.0,0.49,0.49,0.42,0.45,0.25,0.7,0.35,,0.0,0
2026-09-14 01:00:14Z,DAL,in,0.25,Q2 15:00,-7.0,11783,Ryan Flournoy,WR,7.4,0.0,5.88,5.88,5.2,5.55,0.25,1.0,5.88,,0.0,0
2026-09-14 01:00:14Z,DAL,in,0.25,Q2 15:00,-7.0,10871,Luke Schoonmaker,TE,1.7,0.0,1.35,1.35,1.2,1.27,0.25,1.0,1.35,,0.0,0
2026-09-14 01:00:14Z,DAL,in,0.25,Q2 15:00,-7.0,7588,Javonte Williams,RB,16.9,1.0,12.24,13.24,13.07,13.67,0.05,1.0,13.24,,0.0,0
2026-09-14 01:01:14Z,DAL,in,0.25,Q2 15:00,-7.0,11533,Brandon Aubrey,K,9.6,0.0,6.75,6.75,6.75,7.2,0.25,1.0,6.75,,0.0,0
2026-09-14 01:01:14Z,DAL,in,0.25,Q2 15:00,-7.0,6786,CeeDee Lamb,WR,18.3,0.0,14.53,14.53,12.87,13.73,0.25,1.0,14.53,,0.0,0
2026-09-14 01:01:14Z,DAL,in,0.25,Q2 15:00,-7.0,3294,Dak Prescott,QB,18.5,1.24,15.53,16.77,14.48,15.12,0.036,1.0,16.77,,0.0,0
2026-09-14 01:01:14Z,NYG,in,0.25,Q2 15:00,7.0,13833,Dominic Zvada,K,8.2,1.0,5.95,6.95,6.95,7.15,0.111,1.0,6.95,,0.0,0
2026-09-14 01:01:14Z,DAL,in,0.25,Q2 15:00,-7.0,8110,Jake Ferguson,TE,9.3,0.0,7.39,7.39,6.54,6.98,0.25,1.0,7.39,,0.0,0
2026-09-14 01:01:14Z,NYG,in,0.25,Q2 15:00,7.0,8131,Isaiah Likely,TE,10.7,4.1,7.43,11.53,12.39,12.12,0.0,1.0,11.53,,0.0,0
2026-09-14 01:01:14Z,DAL,in,0.25,Q2 15:00,-7.0,DAL,Dallas Cowboys D/ST,DST,6.5,5.0,-0.39,4.61,10.51,9.88,0.0,1.0,4.61,,0.0,0
2026-09-14 01:01:14Z,DAL,in,0.25,Q2 15:00,-7.0,8137,George Pickens,WR,15.2,3.7,12.51,16.21,15.08,15.1,0.08,1.0,16.21,,0.0,0
2026-09-14 01:01:14Z,NYG,in,0.25,Q2 15:00,7.0,11597,Theo Johnson,TE,4.3,0.0,2.79,2.79,3.02,3.22,0.25,1.0,2.79,,0.0,0
2026-09-14 01:01:14Z,NYG,in,0.25,Q2 15:00,7.0,12508,Jaxson Dart,QB,20.5,3.5,13.74,17.24,18.57,18.88,0.0,1.0,17.24,,0.0,0
2026-09-14 01:01:14Z,NYG,in,0.25,Q2 15:00,7.0,13285,Malachi Fields,WR,6.2,0.0,4.03,4.03,4.36,4.65,0.25,1.0,4.03,,0.0,0
2026-09-14 01:01:14Z,DAL,in,0.25,Q2 15:00,-7.0,8917,KaVontae Turpin,WR,4.3,0.0,3.41,3.41,3.02,3.22,0.25,1.0,3.41,,0.0,0
2026-09-14 01:01:14Z,NYG,in,0.25,Q2 15:00,7.0,11655,Tyrone Tracy,RB,2.4,0.6,1.7,2.3,2.4,2.4,0.022,1.0,2.3,,0.0,0
2026-09-14 01:01:14Z,NYG,in,0.25,Q2 15:00,7.0,11632,Malik Nabers,WR,16.5,1.9,10.94,12.84,13.86,14.28,0.169,1.0,12.84,,0.0,0
2026-09-14 01:01:14Z,NYG,in,0.25,Q2 15:00,7.0,7090,Darnell Mooney,WR,5.6,0.0,3.64,3.64,3.94,4.2,0.25,1.0,3.64,,0.0,0
2026-09-14 01:01:14Z,NYG,in,0.25,Q2 15:00,7.0,2306,Jameis Winston,QB,0.5,0.0,0.31,0.31,0.35,0.38,0.25,0.3,0.09,,0.0,0
2026-09-14 01:01:14Z,DAL,in,0.25,Q2 15:00,-7.0,11593,Brevyn Spann-Ford,TE,0.5,3.4,0.8,4.2,4.39,3.77,0.036,1.0,4.2,,0.0,0
2026-09-14 01:01:14Z,NYG,in,0.25,Q2 15:00,7.0,2078,Odell Beckham,WR,4.3,0.0,2.79,2.79,3.02,3.22,0.25,1.0,2.79,,0.0,0
2026-09-14 01:01:14Z,NYG,in,0.25,Q2 15:00,7.0,12481,Cam Skattebo,RB,14.1,7.6,11.04,18.64,18.94,18.17,0.022,1.0,18.64,,0.0,0
2026-09-14 01:01:14Z,DAL,in,0.25,Q2 15:00,-7.0,11199,Emari Demercado,RB,1.8,0.0,1.28,1.28,1.27,1.35,0.25,1.0,1.28,,0.0,0
2026-09-14 01:01:14Z,NYG,in,0.25,Q2 15:00,7.0,NYG,New York Giants D/ST,DST,5.2,10.0,-2.29,7.71,15.53,13.9,0.25,1.0,7.71,,0.0,0
2026-09-14 01:01:14Z,NYG,in,0.25,Q2 15:00,7.0,7528,Najee Harris,RB,4.2,0.0,2.69,2.69,2.95,3.15,0.25,1.0,2.69,,0.0,0
2026-09-14 01:01:14Z,DAL,in,0.25,Q2 15:00,-7.0,8162,Sam Howell,QB,0.6,0.0,0.49,0.49,0.42,0.45,0.25,0.7,0.35,,0.0,0
2026-09-14 01:01:14Z,DAL,in,0.25,Q2 15:00,-7.0,11783,Ryan Flournoy,WR,7.4,0.0,5.88,5.88,5.2,5.55,0.25,1.0,5.88,,0.0,0
2026-09-14 01:01:14Z,DAL,in,0.25,Q2 15:00,-7.0,10871,Luke Schoonmaker,TE,1.7,0.0,1.35,1.35,1.2,1.27,0.25,1.0,1.35,,0.0,0
2026-09-14 01:01:14Z,DAL,in,0.25,Q2 15:00,-7.0,7588,Javonte Williams,RB,16.9,1.0,12.24,13.24,13.07,13.67,0.05,1.0,13.24,,0.0,0
2026-09-14 01:02:15Z,DAL,in,0.25,Q2 15:00,-7.0,11533,Brandon Aubrey,K,9.6,0.0,6.75,6.75,6.75,7.2,0.25,1.0,6.75,,0.0,0
2026-09-14 01:02:15Z,DAL,in,0.25,Q2 15:00,-7.0,6786,CeeDee Lamb,WR,18.3,0.0,14.53,14.53,12.87,13.73,0.25,1.0,14.53,,0.0,0
2026-09-14 01:02:15Z,DAL,in,0.25,Q2 15:00,-7.0,3294,Dak Prescott,QB,18.5,1.24,15.53,16.77,14.48,15.12,0.036,1.0,16.77,,0.0,0
2026-09-14 01:02:15Z,NYG,in,0.25,Q2 15:00,7.0,13833,Dominic Zvada,K,8.2,1.0,5.95,6.95,6.95,7.15,0.111,1.0,6.95,,0.0,0
2026-09-14 01:02:15Z,DAL,in,0.25,Q2 15:00,-7.0,8110,Jake Ferguson,TE,9.3,0.0,7.39,7.39,6.54,6.98,0.25,1.0,7.39,,0.0,0
2026-09-14 01:02:15Z,NYG,in,0.25,Q2 15:00,7.0,8131,Isaiah Likely,TE,10.7,4.1,7.43,11.53,12.39,12.12,0.0,1.0,11.53,,0.0,0
2026-09-14 01:02:15Z,DAL,in,0.25,Q2 15:00,-7.0,DAL,Dallas Cowboys D/ST,DST,6.5,5.0,-0.39,4.61,10.51,9.88,0.0,1.0,4.61,,0.0,0
2026-09-14 01:02:15Z,DAL,in,0.25,Q2 15:00,-7.0,8137,George Pickens,WR,15.2,3.7,12.51,16.21,15.08,15.1,0.08,1.0,16.21,,0.0,0
2026-09-14 01:02:15Z,NYG,in,0.25,Q2 15:00,7.0,11597,Theo Johnson,TE,4.3,0.0,2.79,2.79,3.02,3.22,0.25,1.0,2.79,,0.0,0
2026-09-14 01:02:15Z,NYG,in,0.25,Q2 15:00,7.0,12508,Jaxson Dart,QB,20.5,3.5,13.74,17.24,18.57,18.88,0.0,1.0,17.24,,0.0,0
2026-09-14 01:02:15Z,NYG,in,0.25,Q2 15:00,7.0,13285,Malachi Fields,WR,6.2,0.0,4.03,4.03,4.36,4.65,0.25,1.0,4.03,,0.0,0
2026-09-14 01:02:15Z,DAL,in,0.25,Q2 15:00,-7.0,8917,KaVontae Turpin,WR,4.3,0.0,3.41,3.41,3.02,3.22,0.25,1.0,3.41,,0.0,0
2026-09-14 01:02:15Z,NYG,in,0.25,Q2 15:00,7.0,11655,Tyrone Tracy,RB,2.4,0.6,1.7,2.3,2.4,2.4,0.022,1.0,2.3,,0.0,0
2026-09-14 01:02:15Z,NYG,in,0.25,Q2 15:00,7.0,11632,Malik Nabers,WR,16.5,1.9,10.94,12.84,13.86,14.28,0.169,1.0,12.84,,0.0,0
2026-09-14 01:02:15Z,NYG,in,0.25,Q2 15:00,7.0,7090,Darnell Mooney,WR,5.6,0.0,3.64,3.64,3.94,4.2,0.25,1.0,3.64,,0.0,0
2026-09-14 01:02:15Z,NYG,in,0.25,Q2 15:00,7.0,2306,Jameis Winston,QB,0.5,0.0,0.31,0.31,0.35,0.38,0.25,0.3,0.09,,0.0,0
2026-09-14 01:02:15Z,DAL,in,0.25,Q2 15:00,-7.0,11593,Brevyn Spann-Ford,TE,0.5,3.4,0.8,4.2,4.39,3.77,0.036,1.0,4.2,,0.0,0
2026-09-14 01:02:15Z,NYG,in,0.25,Q2 15:00,7.0,2078,Odell Beckham,WR,4.3,0.0,2.79,2.79,3.02,3.22,0.25,1.0,2.79,,0.0,0
2026-09-14 01:02:15Z,NYG,in,0.25,Q2 15:00,7.0,12481,Cam Skattebo,RB,14.1,7.7,11.07,18.77,19.06,18.27,0.0,1.0,18.77,,0.0,0
2026-09-14 01:02:15Z,DAL,in,0.25,Q2 15:00,-7.0,11199,Emari Demercado,RB,1.8,0.0,1.28,1.28,1.27,1.35,0.25,1.0,1.28,,0.0,0
2026-09-14 01:02:15Z,NYG,in,0.25,Q2 15:00,7.0,NYG,New York Giants D/ST,DST,5.2,10.0,-2.29,7.71,15.53,13.9,0.25,1.0,7.71,,0.0,0
2026-09-14 01:02:15Z,NYG,in,0.25,Q2 15:00,7.0,7528,Najee Harris,RB,4.2,0.0,2.69,2.69,2.95,3.15,0.25,1.0,2.69,,0.0,0
2026-09-14 01:02:15Z,DAL,in,0.25,Q2 15:00,-7.0,8162,Sam Howell,QB,0.6,0.0,0.49,0.49,0.42,0.45,0.25,0.7,0.35,,0.0,0
2026-09-14 01:02:15Z,DAL,in,0.25,Q2 15:00,-7.0,11783,Ryan Flournoy,WR,7.4,0.0,5.88,5.88,5.2,5.55,0.25,1.0,5.88,,0.0,0
2026-09-14 01:02:15Z,DAL,in,0.25,Q2 15:00,-7.0,10871,Luke Schoonmaker,TE,1.7,0.0,1.35,1.35,1.2,1.27,0.25,1.0,1.35,,0.0,0
2026-09-14 01:02:15Z,DAL,in,0.25,Q2 15:00,-7.0,7588,Javonte Williams,RB,16.9,1.0,12.24,13.24,13.07,13.67,0.05,1.0,13.24,,0.0,0
2026-09-14 01:03:15Z,DAL,in,0.263,Q2 14:13,-7.0,11533,Brandon Aubrey,K,9.6,0.0,6.61,6.61,6.61,7.07,0.263,1.0,6.61,,0.0,0
2026-09-14 01:03:15Z,DAL,in,0.263,Q2 14:13,-7.0,6786,CeeDee Lamb,WR,18.3,0.0,14.27,14.27,12.6,13.49,0.263,1.0,14.27,,0.0,0
2026-09-14 01:03:15Z,DAL,in,0.263,Q2 14:13,-7.0,3294,Dak Prescott,QB,18.5,1.24,15.24,16.48,14.21,14.87,0.049,1.0,16.48,,0.0,0
2026-09-14 01:03:15Z,NYG,in,0.263,Q2 14:13,7.0,13833,Dominic Zvada,K,8.2,1.0,5.83,6.83,6.83,7.04,0.124,1.0,6.83,,0.0,0
2026-09-14 01:03:15Z,DAL,in,0.263,Q2 14:13,-7.0,8110,Jake Ferguson,TE,9.3,0.0,7.25,7.25,6.4,6.85,0.263,1.0,7.25,,0.0,0
2026-09-14 01:03:15Z,NYG,in,0.263,Q2 14:13,7.0,8131,Isaiah Likely,TE,10.7,4.1,7.31,11.41,12.22,11.99,0.013,1.0,11.41,,0.0,0
2026-09-14 01:03:15Z,DAL,in,0.263,Q2 14:13,-7.0,DAL,Dallas Cowboys D/ST,DST,6.5,5.0,-0.37,4.63,10.4,9.79,0.013,1.0,4.63,,0.0,0
2026-09-14 01:03:15Z,DAL,in,0.263,Q2 14:13,-7.0,8137,George Pickens,WR,15.2,3.7,12.27,15.97,14.85,14.9,0.093,1.0,15.97,,0.0,0
2026-09-14 01:03:15Z,NYG,in,0.263,Q2 14:13,7.0,11597,Theo Johnson,TE,4.3,0.0,2.75,2.75,2.96,3.17,0.263,1.0,2.75,,0.0,0
2026-09-14 01:03:15Z,NYG,in,0.263,Q2 14:13,7.0,12508,Jaxson Dart,QB,20.5,3.78,13.52,17.3,18.59,18.89,0.0,1.0,17.3,,0.0,0
2026-09-14 01:03:15Z,NYG,in,0.263,Q2 14:13,7.0,13285,Malachi Fields,WR,6.2,0.0,3.96,3.96,4.27,4.57,0.263,1.0,3.96,,0.0,0
2026-09-14 01:03:15Z,DAL,in,0.263,Q2 14:13,-7.0,8917,KaVontae Turpin,WR,4.3,0.0,3.35,3.35,2.96,3.17,0.263,1.0,3.35,,0.0,0
2026-09-14 01:03:15Z,NYG,in,0.263,Q2 14:13,7.0,11655,Tyrone Tracy,RB,2.4,0.6,1.66,2.26,2.36,2.37,0.035,1.0,2.26,,0.0,0
2026-09-14 01:03:15Z,NYG,in,0.263,Q2 14:13,7.0,11632,Malik Nabers,WR,16.5,3.6,10.96,14.56,15.62,15.76,0.0,1.0,14.56,,0.0,0
2026-09-14 01:03:15Z,NYG,in,0.263,Q2 14:13,7.0,7090,Darnell Mooney,WR,5.6,0.0,3.58,3.58,3.86,4.13,0.263,1.0,3.58,,0.0,0
2026-09-14 01:03:15Z,NYG,in,0.263,Q2 14:13,7.0,2306,Jameis Winston,QB,0.5,0.0,0.31,0.31,0.34,0.37,0.263,0.3,0.09,,0.0,0
2026-09-14 01:03:15Z,DAL,in,0.263,Q2 14:13,-7.0,11593,Brevyn Spann-Ford,TE,0.5,3.4,0.78,4.18,4.37,3.77,0.049,1.0,4.18,,0.0,0
2026-09-14 01:03:15Z,NYG,in,0.263,Q2 14:13,7.0,2078,Odell Beckham,WR,4.3,0.0,2.75,2.75,2.96,3.17,0.263,1.0,2.75,,0.0,0
2026-09-14 01:03:15Z,NYG,in,0.263,Q2 14:13,7.0,12481,Cam Skattebo,RB,14.1,7.7,10.86,18.56,18.83,18.09,0.013,1.0,18.56,,0.0,0
2026-09-14 01:03:15Z,DAL,in,0.263,Q2 14:13,-7.0,11199,Emari Demercado,RB,1.8,0.0,1.25,1.25,1.24,1.33,0.263,1.0,1.25,,0.0,0
2026-09-14 01:03:15Z,NYG,in,0.263,Q2 14:13,7.0,NYG,New York Giants D/ST,DST,5.2,10.0,-2.23,7.77,15.42,13.83,0.263,1.0,7.77,,0.0,0
2026-09-14 01:03:15Z,NYG,in,0.263,Q2 14:13,7.0,7528,Najee Harris,RB,4.2,0.0,2.64,2.64,2.89,3.1,0.263,1.0,2.64,,0.0,0
2026-09-14 01:03:15Z,DAL,in,0.263,Q2 14:13,-7.0,8162,Sam Howell,QB,0.6,0.0,0.48,0.48,0.41,0.44,0.263,0.661,0.32,,0.0,0
2026-09-14 01:03:15Z,DAL,in,0.263,Q2 14:13,-7.0,11783,Ryan Flournoy,WR,7.4,0.0,5.77,5.77,5.09,5.45,0.263,1.0,5.77,,0.0,0
2026-09-14 01:03:15Z,DAL,in,0.263,Q2 14:13,-7.0,10871,Luke Schoonmaker,TE,1.7,0.0,1.33,1.33,1.17,1.25,0.263,1.0,1.33,,0.0,0
2026-09-14 01:03:15Z,DAL,in,0.263,Q2 14:13,-7.0,7588,Javonte Williams,RB,16.9,1.0,11.97,12.97,12.82,13.45,0.063,1.0,12.97,,0.0,0
2026-09-14 01:04:15Z,DAL,in,0.287,Q2 12:45,-7.0,11533,Brandon Aubrey,K,9.6,0.0,6.35,6.35,6.35,6.84,0.287,1.0,6.35,,0.0,0
2026-09-14 01:04:15Z,DAL,in,0.287,Q2 12:45,-7.0,6786,CeeDee Lamb,WR,18.3,0.0,13.77,13.77,12.1,13.04,0.287,1.0,13.77,,0.0,0
2026-09-14 01:04:15Z,DAL,in,0.287,Q2 12:45,-7.0,3294,Dak Prescott,QB,18.5,1.24,14.69,15.93,13.69,14.42,0.074,1.0,15.93,,0.0,0
2026-09-14 01:04:15Z,NYG,in,0.287,Q2 12:45,7.0,13833,Dominic Zvada,K,8.2,1.0,5.6,6.6,6.6,6.84,0.149,1.0,6.6,,0.0,0
2026-09-14 01:04:15Z,DAL,in,0.287,Q2 12:45,-7.0,8110,Jake Ferguson,TE,9.3,0.0,7.0,7.0,6.15,6.63,0.287,1.0,7.0,,0.0,0
2026-09-14 01:04:15Z,NYG,in,0.287,Q2 12:45,7.0,8131,Isaiah Likely,TE,10.7,4.1,7.08,11.18,11.91,11.72,0.037,1.0,11.18,,0.0,0
2026-09-14 01:04:15Z,DAL,in,0.287,Q2 12:45,-7.0,DAL,Dallas Cowboys D/ST,DST,6.5,5.0,-0.34,4.66,10.19,9.63,0.037,1.0,4.66,,0.0,0
2026-09-14 01:04:15Z,DAL,in,0.287,Q2 12:45,-7.0,8137,George Pickens,WR,15.2,3.7,11.84,15.54,14.41,14.53,0.117,1.0,15.54,,0.0,0
2026-09-14 01:04:15Z,NYG,in,0.287,Q2 12:45,7.0,11597,Theo Johnson,TE,4.3,0.0,2.66,2.66,2.84,3.06,0.287,1.0,2.66,,0.0,0
2026-09-14 01:04:15Z,NYG,in,0.287,Q2 12:45,7.0,12508,Jaxson Dart,QB,20.5,3.78,12.97,16.75,18.01,18.39,0.024,1.0,16.75,,0.0,0
2026-09-14 01:04:15Z,NYG,in,0.287,Q2 12:45,7.0,13285,Malachi Fields,WR,6.2,0.0,3.84,3.84,4.1,4.42,0.287,1.0,3.84,,0.0,0
2026-09-14 01:04:15Z,DAL,in,0.287,Q2 12:45,-7.0,8917,KaVontae Turpin,WR,4.3,0.0,3.24,3.24,2.84,3.06,0.287,1.0,3.24,,0.0,0
2026-09-14 01:04:15Z,NYG,in,0.287,Q2 12:45,7.0,11655,Tyrone Tracy,RB,2.4,0.6,1.6,2.2,2.29,2.31,0.059,1.0,2.2,,0.0,0
2026-09-14 01:04:15Z,NYG,in,0.287,Q2 12:45,7.0,11632,Malik Nabers,WR,16.5,3.6,10.62,14.22,15.15,15.36,0.024,1.0,14.22,,0.0,0
2026-09-14 01:04:15Z,NYG,in,0.287,Q2 12:45,7.0,7090,Darnell Mooney,WR,5.6,0.0,3.47,3.47,3.7,3.99,0.287,1.0,3.47,,0.0,0
2026-09-14 01:04:15Z,NYG,in,0.287,Q2 12:45,7.0,2306,Jameis Winston,QB,0.5,0.0,0.29,0.29,0.33,0.36,0.287,0.3,0.09,,0.0,0
2026-09-14 01:04:15Z,DAL,in,0.287,Q2 12:45,-7.0,11593,Brevyn Spann-Ford,TE,0.5,3.4,0.75,4.15,4.34,3.76,0.074,1.0,4.15,,0.0,0
2026-09-14 01:04:15Z,NYG,in,0.287,Q2 12:45,7.0,2078,Odell Beckham,WR,4.3,0.0,2.66,2.66,2.84,3.06,0.287,1.0,2.66,,0.0,0
2026-09-14 01:04:15Z,NYG,in,0.287,Q2 12:45,7.0,12481,Cam Skattebo,RB,14.1,7.7,10.46,18.16,18.4,17.75,0.037,1.0,18.16,,0.0,0
2026-09-14 01:04:15Z,DAL,in,0.287,Q2 12:45,-7.0,11199,Emari Demercado,RB,1.8,0.0,1.2,1.2,1.19,1.28,0.287,1.0,1.2,,0.0,0
2026-09-14 01:04:15Z,NYG,in,0.287,Q2 12:45,7.0,NYG,New York Giants D/ST,DST,5.2,10.0,-2.12,7.88,15.22,13.71,0.287,1.0,7.88,,0.0,0
2026-09-14 01:04:15Z,NYG,in,0.287,Q2 12:45,7.0,7528,Najee Harris,RB,4.2,0.0,2.53,2.53,2.78,2.99,0.287,1.0,2.53,,0.0,0
2026-09-14 01:04:15Z,DAL,in,0.287,Q2 12:45,-7.0,8162,Sam Howell,QB,0.6,0.0,0.47,0.47,0.4,0.43,0.287,0.588,0.27,,0.0,0
2026-09-14 01:04:15Z,DAL,in,0.287,Q2 12:45,-7.0,11783,Ryan Flournoy,WR,7.4,0.0,5.57,5.57,4.89,5.27,0.287,1.0,5.57,,0.0,0
2026-09-14 01:04:15Z,DAL,in,0.287,Q2 12:45,-7.0,10871,Luke Schoonmaker,TE,1.7,0.0,1.28,1.28,1.12,1.21,0.287,1.0,1.28,,0.0,0
2026-09-14 01:04:15Z,DAL,in,0.287,Q2 12:45,-7.0,7588,Javonte Williams,RB,16.9,1.0,11.48,12.48,12.35,13.04,0.087,1.0,12.48,,0.0,0
2026-09-14 01:05:16Z,DAL,in,0.292,Q2 12:28,-7.0,11533,Brandon Aubrey,K,9.6,0.0,6.3,6.3,6.3,6.79,0.292,1.0,6.3,,0.0,0
2026-09-14 01:05:16Z,DAL,in,0.292,Q2 12:28,-7.0,6786,CeeDee Lamb,WR,18.3,0.0,13.68,13.68,12.01,12.95,0.292,1.0,13.68,,0.0,0
2026-09-14 01:05:16Z,DAL,in,0.292,Q2 12:28,-7.0,3294,Dak Prescott,QB,18.5,1.24,14.58,15.82,13.6,14.33,0.079,1.0,15.82,,0.0,0
2026-09-14 01:05:16Z,NYG,in,0.292,Q2 12:28,7.0,13833,Dominic Zvada,K,8.2,1.0,5.56,6.56,6.56,6.8,0.153,1.0,6.56,,0.0,0
2026-09-14 01:05:16Z,DAL,in,0.292,Q2 12:28,-7.0,8110,Jake Ferguson,TE,9.3,0.0,6.95,6.95,6.1,6.58,0.292,1.0,6.95,,0.0,0
2026-09-14 01:05:16Z,NYG,in,0.292,Q2 12:28,7.0,8131,Isaiah Likely,TE,10.7,4.1,7.04,11.14,11.85,11.67,0.042,1.0,11.14,,0.0,0
2026-09-14 01:05:16Z,DAL,in,0.292,Q2 12:28,-7.0,DAL,Dallas Cowboys D/ST,DST,6.5,5.0,-0.33,4.67,10.15,9.6,0.042,1.0,4.67,,0.0,0
2026-09-14 01:05:16Z,DAL,in,0.292,Q2 12:28,-7.0,8137,George Pickens,WR,15.2,3.7,11.76,15.46,14.33,14.46,0.122,1.0,15.46,,0.0,0
2026-09-14 01:05:16Z,NYG,in,0.292,Q2 12:28,7.0,11597,Theo Johnson,TE,4.3,0.0,2.65,2.65,2.82,3.04,0.292,1.0,2.65,,0.0,0
2026-09-14 01:05:16Z,NYG,in,0.292,Q2 12:28,7.0,12508,Jaxson Dart,QB,20.5,3.78,12.86,16.64,17.9,18.29,0.029,1.0,16.64,,0.0,0
2026-09-14 01:05:16Z,NYG,in,0.292,Q2 12:28,7.0,13285,Malachi Fields,WR,6.2,0.0,3.82,3.82,4.07,4.39,0.292,1.0,3.82,,0.0,0
2026-09-14 01:05:16Z,DAL,in,0.292,Q2 12:28,-7.0,8917,KaVontae Turpin,WR,4.3,0.0,3.21,3.21,2.82,3.04,0.292,1.0,3.21,,0.0,0
2026-09-14 01:05:16Z,NYG,in,0.292,Q2 12:28,7.0,11655,Tyrone Tracy,RB,2.4,0.6,1.59,2.19,2.28,2.3,0.064,1.0,2.19,,0.0,0
2026-09-14 01:05:16Z,NYG,in,0.292,Q2 12:28,7.0,11632,Malik Nabers,WR,16.5,3.6,10.56,14.16,15.06,15.28,0.029,1.0,14.16,,0.0,0
2026-09-14 01:05:16Z,NYG,in,0.292,Q2 12:28,7.0,7090,Darnell Mooney,WR,5.6,0.0,3.45,3.45,3.67,3.96,0.292,1.0,3.45,,0.0,0
2026-09-14 01:05:16Z,NYG,in,0.292,Q2 12:28,7.0,2306,Jameis Winston,QB,0.5,0.0,0.29,0.29,0.33,0.35,0.292,0.3,0.09,,0.0,0
2026-09-14 01:05:16Z,DAL,in,0.292,Q2 12:28,-7.0,11593,Brevyn Spann-Ford,TE,0.5,3.4,0.74,4.14,4.33,3.75,0.079,1.0,4.14,,0.0,0
2026-09-14 01:05:16Z,NYG,in,0.292,Q2 12:28,7.0,2078,Odell Beckham,WR,4.3,0.0,2.65,2.65,2.82,3.04,0.292,1.0,2.65,,0.0,0
2026-09-14 01:05:16Z,NYG,in,0.292,Q2 12:28,7.0,12481,Cam Skattebo,RB,14.1,7.7,10.38,18.08,18.31,17.68,0.042,1.0,18.08,,0.0,0
2026-09-14 01:05:16Z,DAL,in,0.292,Q2 12:28,-7.0,11199,Emari Demercado,RB,1.8,0.0,1.19,1.19,1.18,1.27,0.292,1.0,1.19,,0.0,0
2026-09-14 01:05:16Z,NYG,in,0.292,Q2 12:28,7.0,NYG,New York Giants D/ST,DST,5.2,10.0,-2.1,7.9,15.18,13.68,0.292,1.0,7.9,,0.0,0
2026-09-14 01:05:16Z,NYG,in,0.292,Q2 12:28,7.0,7528,Najee Harris,RB,4.2,0.0,2.51,2.51,2.76,2.97,0.292,1.0,2.51,,0.0,0
2026-09-14 01:05:16Z,DAL,in,0.292,Q2 12:28,-7.0,8162,Sam Howell,QB,0.6,0.0,0.46,0.46,0.39,0.42,0.292,0.573,0.27,,0.0,0
2026-09-14 01:05:16Z,DAL,in,0.292,Q2 12:28,-7.0,11783,Ryan Flournoy,WR,7.4,0.0,5.53,5.53,4.85,5.24,0.292,1.0,5.53,,0.0,0
2026-09-14 01:05:16Z,DAL,in,0.292,Q2 12:28,-7.0,10871,Luke Schoonmaker,TE,1.7,0.0,1.27,1.27,1.12,1.2,0.292,1.0,1.27,,0.0,0
2026-09-14 01:05:16Z,DAL,in,0.292,Q2 12:28,-7.0,7588,Javonte Williams,RB,16.9,1.0,11.38,12.38,12.26,12.96,0.092,1.0,12.38,,0.0,0
2026-09-14 01:06:16Z,DAL,in,0.292,Q2 12:28,-7.0,11533,Brandon Aubrey,K,9.6,0.0,6.3,6.3,6.3,6.79,0.292,1.0,6.3,,0.0,0
2026-09-14 01:06:16Z,DAL,in,0.292,Q2 12:28,-7.0,6786,CeeDee Lamb,WR,18.3,0.0,13.68,13.68,12.01,12.95,0.292,1.0,13.68,,0.0,0
2026-09-14 01:06:16Z,DAL,in,0.292,Q2 12:28,-7.0,3294,Dak Prescott,QB,18.5,1.24,14.58,15.82,13.6,14.33,0.079,1.0,15.82,,0.0,0
2026-09-14 01:06:16Z,NYG,in,0.292,Q2 12:28,7.0,13833,Dominic Zvada,K,8.2,1.0,5.56,6.56,6.56,6.8,0.153,1.0,6.56,,0.0,0
2026-09-14 01:06:16Z,DAL,in,0.292,Q2 12:28,-7.0,8110,Jake Ferguson,TE,9.3,0.0,6.95,6.95,6.1,6.58,0.292,1.0,6.95,,0.0,0
2026-09-14 01:06:16Z,NYG,in,0.292,Q2 12:28,7.0,8131,Isaiah Likely,TE,10.7,4.1,7.04,11.14,11.85,11.67,0.042,1.0,11.14,,0.0,0
2026-09-14 01:06:16Z,DAL,in,0.292,Q2 12:28,-7.0,DAL,Dallas Cowboys D/ST,DST,6.5,5.0,-0.33,4.67,10.15,9.6,0.042,1.0,4.67,,0.0,0
2026-09-14 01:06:16Z,DAL,in,0.292,Q2 12:28,-7.0,8137,George Pickens,WR,15.2,3.7,11.76,15.46,14.33,14.46,0.122,1.0,15.46,,0.0,0
2026-09-14 01:06:16Z,NYG,in,0.292,Q2 12:28,7.0,11597,Theo Johnson,TE,4.3,0.0,2.65,2.65,2.82,3.04,0.292,1.0,2.65,,0.0,0
2026-09-14 01:06:16Z,NYG,in,0.292,Q2 12:28,7.0,12508,Jaxson Dart,QB,20.5,3.78,12.86,16.64,17.9,18.29,0.029,1.0,16.64,,0.0,0
2026-09-14 01:06:16Z,NYG,in,0.292,Q2 12:28,7.0,13285,Malachi Fields,WR,6.2,0.0,3.82,3.82,4.07,4.39,0.292,1.0,3.82,,0.0,0
2026-09-14 01:06:16Z,DAL,in,0.292,Q2 12:28,-7.0,8917,KaVontae Turpin,WR,4.3,0.0,3.21,3.21,2.82,3.04,0.292,1.0,3.21,,0.0,0
2026-09-14 01:06:16Z,NYG,in,0.292,Q2 12:28,7.0,11655,Tyrone Tracy,RB,2.4,0.6,1.59,2.19,2.28,2.3,0.064,1.0,2.19,,0.0,0
2026-09-14 01:06:16Z,NYG,in,0.292,Q2 12:28,7.0,11632,Malik Nabers,WR,16.5,3.6,10.56,14.16,15.06,15.28,0.029,1.0,14.16,,0.0,0
2026-09-14 01:06:16Z,NYG,in,0.292,Q2 12:28,7.0,7090,Darnell Mooney,WR,5.6,0.0,3.45,3.45,3.67,3.96,0.292,1.0,3.45,,0.0,0
2026-09-14 01:06:16Z,NYG,in,0.292,Q2 12:28,7.0,2306,Jameis Winston,QB,0.5,0.0,0.29,0.29,0.33,0.35,0.292,0.3,0.09,,0.0,0
2026-09-14 01:06:16Z,DAL,in,0.292,Q2 12:28,-7.0,11593,Brevyn Spann-Ford,TE,0.5,3.4,0.74,4.14,4.33,3.75,0.079,1.0,4.14,,0.0,0
2026-09-14 01:06:16Z,NYG,in,0.292,Q2 12:28,7.0,2078,Odell Beckham,WR,4.3,0.0,2.65,2.65,2.82,3.04,0.292,1.0,2.65,,0.0,0
2026-09-14 01:06:16Z,NYG,in,0.292,Q2 12:28,7.0,12481,Cam Skattebo,RB,14.1,7.7,10.38,18.08,18.31,17.68,0.042,1.0,18.08,,0.0,0
2026-09-14 01:06:16Z,DAL,in,0.292,Q2 12:28,-7.0,11199,Emari Demercado,RB,1.8,0.0,1.19,1.19,1.18,1.27,0.292,1.0,1.19,,0.0,0
2026-09-14 01:06:16Z,NYG,in,0.292,Q2 12:28,7.0,NYG,New York Giants D/ST,DST,5.2,10.0,-2.1,7.9,15.18,13.68,0.292,1.0,7.9,,0.0,0
2026-09-14 01:06:16Z,NYG,in,0.292,Q2 12:28,7.0,7528,Najee Harris,RB,4.2,0.0,2.51,2.51,2.76,2.97,0.292,1.0,2.51,,0.0,0
2026-09-14 01:06:16Z,DAL,in,0.292,Q2 12:28,-7.0,8162,Sam Howell,QB,0.6,0.0,0.46,0.46,0.39,0.42,0.292,0.573,0.27,,0.0,0
2026-09-14 01:06:16Z,DAL,in,0.292,Q2 12:28,-7.0,11783,Ryan Flournoy,WR,7.4,0.0,5.53,5.53,4.85,5.24,0.292,1.0,5.53,,0.0,0
2026-09-14 01:06:16Z,DAL,in,0.292,Q2 12:28,-7.0,10871,Luke Schoonmaker,TE,1.7,0.0,1.27,1.27,1.12,1.2,0.292,1.0,1.27,,0.0,0
2026-09-14 01:06:16Z,DAL,in,0.292,Q2 12:28,-7.0,7588,Javonte Williams,RB,16.9,1.0,11.38,12.38,12.26,12.96,0.092,1.0,12.38,,0.0,0
2026-09-14 01:07:17Z,DAL,in,0.292,Q2 12:28,-7.0,11533,Brandon Aubrey,K,9.6,0.0,6.3,6.3,6.3,6.79,0.292,1.0,6.3,,0.0,0
2026-09-14 01:07:17Z,DAL,in,0.292,Q2 12:28,-7.0,6786,CeeDee Lamb,WR,18.3,0.0,13.68,13.68,12.01,12.95,0.292,1.0,13.68,,0.0,0
2026-09-14 01:07:17Z,DAL,in,0.292,Q2 12:28,-7.0,3294,Dak Prescott,QB,18.5,1.24,14.58,15.82,13.6,14.33,0.079,1.0,15.82,,0.0,0
2026-09-14 01:07:17Z,NYG,in,0.292,Q2 12:28,7.0,13833,Dominic Zvada,K,8.2,1.0,5.56,6.56,6.56,6.8,0.153,1.0,6.56,,0.0,0
2026-09-14 01:07:17Z,DAL,in,0.292,Q2 12:28,-7.0,8110,Jake Ferguson,TE,9.3,0.0,6.95,6.95,6.1,6.58,0.292,1.0,6.95,,0.0,0
2026-09-14 01:07:17Z,NYG,in,0.292,Q2 12:28,7.0,8131,Isaiah Likely,TE,10.7,4.0,7.03,11.03,11.73,11.57,0.0,1.0,11.03,,0.0,0
2026-09-14 01:07:17Z,DAL,in,0.292,Q2 12:28,-7.0,DAL,Dallas Cowboys D/ST,DST,6.5,5.0,-0.33,4.67,10.15,9.6,0.042,1.0,4.67,,0.0,0
2026-09-14 01:07:17Z,DAL,in,0.292,Q2 12:28,-7.0,8137,George Pickens,WR,15.2,3.7,11.76,15.46,14.33,14.46,0.122,1.0,15.46,,0.0,0
2026-09-14 01:07:17Z,NYG,in,0.292,Q2 12:28,7.0,11597,Theo Johnson,TE,4.3,0.0,2.65,2.65,2.82,3.04,0.292,1.0,2.65,,0.0,0
2026-09-14 01:07:17Z,NYG,in,0.292,Q2 12:28,7.0,12508,Jaxson Dart,QB,20.5,3.74,12.85,16.59,17.85,18.25,0.0,1.0,16.59,,0.0,0
2026-09-14 01:07:17Z,NYG,in,0.292,Q2 12:28,7.0,13285,Malachi Fields,WR,6.2,0.0,3.82,3.82,4.07,4.39,0.292,1.0,3.82,,0.0,0
2026-09-14 01:07:17Z,DAL,in,0.292,Q2 12:28,-7.0,8917,KaVontae Turpin,WR,4.3,0.0,3.21,3.21,2.82,3.04,0.292,1.0,3.21,,0.0,0
2026-09-14 01:07:17Z,NYG,in,0.292,Q2 12:28,7.0,11655,Tyrone Tracy,RB,2.4,0.6,1.59,2.19,2.28,2.3,0.064,1.0,2.19,,0.0,0
2026-09-14 01:07:17Z,NYG,in,0.292,Q2 12:28,7.0,11632,Malik Nabers,WR,16.5,3.6,10.56,14.16,15.06,15.28,0.029,1.0,14.16,,0.0,0
2026-09-14 01:07:17Z,NYG,in,0.292,Q2 12:28,7.0,7090,Darnell Mooney,WR,5.6,0.0,3.45,3.45,3.67,3.96,0.292,1.0,3.45,,0.0,0
2026-09-14 01:07:17Z,NYG,in,0.292,Q2 12:28,7.0,2306,Jameis Winston,QB,0.5,0.0,0.29,0.29,0.33,0.35,0.292,0.3,0.09,,0.0,0
2026-09-14 01:07:17Z,DAL,in,0.292,Q2 12:28,-7.0,11593,Brevyn Spann-Ford,TE,0.5,3.4,0.74,4.14,4.33,3.75,0.079,1.0,4.14,,0.0,0
2026-09-14 01:07:17Z,NYG,in,0.292,Q2 12:28,7.0,2078,Odell Beckham,WR,4.3,0.0,2.65,2.65,2.82,3.04,0.292,1.0,2.65,,0.0,0
2026-09-14 01:07:17Z,NYG,in,0.292,Q2 12:28,7.0,12481,Cam Skattebo,RB,14.1,7.7,10.38,18.08,18.31,17.68,0.042,1.0,18.08,,0.0,0
2026-09-14 01:07:17Z,DAL,in,0.292,Q2 12:28,-7.0,11199,Emari Demercado,RB,1.8,0.0,1.19,1.19,1.18,1.27,0.292,1.0,1.19,,0.0,0
2026-09-14 01:07:17Z,NYG,in,0.292,Q2 12:28,7.0,NYG,New York Giants D/ST,DST,5.2,10.0,-2.1,7.9,15.18,13.68,0.292,1.0,7.9,,0.0,0
2026-09-14 01:07:17Z,NYG,in,0.292,Q2 12:28,7.0,7528,Najee Harris,RB,4.2,0.0,2.51,2.51,2.76,2.97,0.292,1.0,2.51,,0.0,0
2026-09-14 01:07:17Z,DAL,in,0.292,Q2 12:28,-7.0,8162,Sam Howell,QB,0.6,0.0,0.46,0.46,0.39,0.42,0.292,0.573,0.27,,0.0,0
2026-09-14 01:07:17Z,DAL,in,0.292,Q2 12:28,-7.0,11783,Ryan Flournoy,WR,7.4,0.0,5.53,5.53,4.85,5.24,0.292,1.0,5.53,,0.0,0
2026-09-14 01:07:17Z,DAL,in,0.292,Q2 12:28,-7.0,10871,Luke Schoonmaker,TE,1.7,0.0,1.27,1.27,1.12,1.2,0.292,1.0,1.27,,0.0,0
2026-09-14 01:07:17Z,DAL,in,0.292,Q2 12:28,-7.0,7588,Javonte Williams,RB,16.9,1.0,11.38,12.38,12.26,12.96,0.092,1.0,12.38,,0.0,0
2026-09-14 01:08:17Z,DAL,in,0.292,Q2 12:28,-7.0,11533,Brandon Aubrey,K,9.6,0.0,6.3,6.3,6.3,6.79,0.292,1.0,6.3,,0.0,0
2026-09-14 01:08:17Z,DAL,in,0.292,Q2 12:28,-7.0,6786,CeeDee Lamb,WR,18.3,0.0,13.68,13.68,12.01,12.95,0.292,1.0,13.68,,0.0,0
2026-09-14 01:08:17Z,DAL,in,0.292,Q2 12:28,-7.0,3294,Dak Prescott,QB,18.5,2.24,14.85,17.09,14.77,15.33,0.0,1.0,17.09,,0.0,0
2026-09-14 01:08:17Z,NYG,in,0.292,Q2 12:28,7.0,13833,Dominic Zvada,K,8.2,1.0,5.56,6.56,6.56,6.8,0.153,1.0,6.56,,0.0,0
2026-09-14 01:08:17Z,DAL,in,0.292,Q2 12:28,-7.0,8110,Jake Ferguson,TE,9.3,0.0,6.95,6.95,6.1,6.58,0.292,1.0,6.95,,0.0,0
2026-09-14 01:08:17Z,NYG,in,0.292,Q2 12:28,7.0,8131,Isaiah Likely,TE,10.7,4.0,7.03,11.03,11.73,11.57,0.0,1.0,11.03,,0.0,0
2026-09-14 01:08:17Z,DAL,in,0.292,Q2 12:28,-7.0,DAL,Dallas Cowboys D/ST,DST,6.5,5.0,-0.33,4.67,10.15,9.6,0.042,1.0,4.67,,0.0,0
2026-09-14 01:08:17Z,DAL,in,0.292,Q2 12:28,-7.0,8137,George Pickens,WR,15.2,3.7,11.76,15.46,14.33,14.46,0.122,1.0,15.46,,0.0,0
2026-09-14 01:08:17Z,NYG,in,0.292,Q2 12:28,7.0,11597,Theo Johnson,TE,4.3,0.0,2.65,2.65,2.82,3.04,0.292,1.0,2.65,,0.0,0
2026-09-14 01:08:17Z,NYG,in,0.292,Q2 12:28,7.0,12508,Jaxson Dart,QB,20.5,3.74,12.85,16.59,17.85,18.25,0.0,1.0,16.59,,0.0,0
2026-09-14 01:08:17Z,NYG,in,0.292,Q2 12:28,7.0,13285,Malachi Fields,WR,6.2,0.0,3.82,3.82,4.07,4.39,0.292,1.0,3.82,,0.0,0
2026-09-14 01:08:17Z,DAL,in,0.292,Q2 12:28,-7.0,8917,KaVontae Turpin,WR,4.3,0.0,3.21,3.21,2.82,3.04,0.292,1.0,3.21,,0.0,0
2026-09-14 01:08:17Z,NYG,in,0.292,Q2 12:28,7.0,11655,Tyrone Tracy,RB,2.4,0.6,1.59,2.19,2.28,2.3,0.064,1.0,2.19,,0.0,0
2026-09-14 01:08:17Z,NYG,in,0.292,Q2 12:28,7.0,11632,Malik Nabers,WR,16.5,3.6,10.56,14.16,15.06,15.28,0.029,1.0,14.16,,0.0,0
2026-09-14 01:08:17Z,NYG,in,0.292,Q2 12:28,7.0,7090,Darnell Mooney,WR,5.6,0.0,3.45,3.45,3.67,3.96,0.292,1.0,3.45,,0.0,0
2026-09-14 01:08:17Z,NYG,in,0.292,Q2 12:28,7.0,2306,Jameis Winston,QB,0.5,0.0,0.29,0.29,0.33,0.35,0.292,0.3,0.09,,0.0,0
2026-09-14 01:08:17Z,DAL,in,0.292,Q2 12:28,-7.0,11593,Brevyn Spann-Ford,TE,0.5,3.4,0.74,4.14,4.33,3.75,0.079,1.0,4.14,,0.0,0
2026-09-14 01:08:17Z,NYG,in,0.292,Q2 12:28,7.0,2078,Odell Beckham,WR,4.3,0.0,2.65,2.65,2.82,3.04,0.292,1.0,2.65,,0.0,0
2026-09-14 01:08:17Z,NYG,in,0.292,Q2 12:28,7.0,12481,Cam Skattebo,RB,14.1,7.7,10.38,18.08,18.31,17.68,0.042,1.0,18.08,,0.0,0
2026-09-14 01:08:17Z,DAL,in,0.292,Q2 12:28,-7.0,11199,Emari Demercado,RB,1.8,0.0,1.19,1.19,1.18,1.27,0.292,1.0,1.19,,0.0,0
2026-09-14 01:08:17Z,NYG,in,0.292,Q2 12:28,7.0,NYG,New York Giants D/ST,DST,5.2,10.0,-2.1,7.9,15.18,13.68,0.292,1.0,7.9,,0.0,0
2026-09-14 01:08:17Z,NYG,in,0.292,Q2 12:28,7.0,7528,Najee Harris,RB,4.2,0.0,2.51,2.51,2.76,2.97,0.292,1.0,2.51,,0.0,0
2026-09-14 01:08:17Z,DAL,in,0.292,Q2 12:28,-7.0,8162,Sam Howell,QB,0.6,0.0,0.46,0.46,0.39,0.42,0.292,0.3,0.14,,0.0,0
2026-09-14 01:08:17Z,DAL,in,0.292,Q2 12:28,-7.0,11783,Ryan Flournoy,WR,7.4,0.0,5.53,5.53,4.85,5.24,0.292,1.0,5.53,,0.0,0
2026-09-14 01:08:17Z,DAL,in,0.292,Q2 12:28,-7.0,10871,Luke Schoonmaker,TE,1.7,0.0,1.27,1.27,1.12,1.2,0.292,1.0,1.27,,0.0,0
2026-09-14 01:08:17Z,DAL,in,0.292,Q2 12:28,-7.0,7588,Javonte Williams,RB,16.9,1.0,11.38,12.38,12.26,12.96,0.092,1.0,12.38,,0.0,0
2026-09-14 01:09:18Z,DAL,in,0.315,Q2 11:06,-7.0,11533,Brandon Aubrey,K,9.6,0.0,6.06,6.06,6.06,6.58,0.315,1.0,6.06,,0.0,0
2026-09-14 01:09:18Z,DAL,in,0.315,Q2 11:06,-7.0,6786,CeeDee Lamb,WR,18.3,0.0,13.27,13.27,11.55,12.54,0.315,1.0,13.27,,0.0,0
2026-09-14 01:09:18Z,DAL,in,0.315,Q2 11:06,-7.0,3294,Dak Prescott,QB,18.5,2.64,14.45,17.09,14.77,15.31,0.0,1.0,17.09,,0.0,0
2026-09-14 01:09:18Z,NYG,in,0.315,Q2 11:06,7.0,13833,Dominic Zvada,K,8.2,1.0,5.35,6.35,6.35,6.62,0.176,1.0,6.35,,0.0,0
2026-09-14 01:09:18Z,DAL,in,0.315,Q2 11:06,-7.0,8110,Jake Ferguson,TE,9.3,0.0,6.74,6.74,5.87,6.37,0.315,1.0,6.74,,0.0,0
2026-09-14 01:09:18Z,NYG,in,0.315,Q2 11:06,7.0,8131,Isaiah Likely,TE,10.7,4.0,6.8,10.8,11.44,11.33,0.023,1.0,10.8,,0.0,0
2026-09-14 01:09:18Z,DAL,in,0.315,Q2 11:06,-7.0,DAL,Dallas Cowboys D/ST,DST,6.5,5.0,-0.31,4.69,9.96,9.45,0.065,1.0,4.69,,0.0,0
2026-09-14 01:09:18Z,DAL,in,0.315,Q2 11:06,-7.0,8137,George Pickens,WR,15.2,3.7,11.41,15.11,13.93,14.11,0.145,1.0,15.11,,0.0,0
2026-09-14 01:09:18Z,NYG,in,0.315,Q2 11:06,7.0,11597,Theo Johnson,TE,4.3,0.0,2.56,2.56,2.71,2.95,0.315,1.0,2.56,,0.0,0
2026-09-14 01:09:18Z,NYG,in,0.315,Q2 11:06,7.0,12508,Jaxson Dart,QB,20.5,3.74,12.37,16.11,17.32,17.78,0.023,1.0,16.11,,0.0,0
2026-09-14 01:09:18Z,NYG,in,0.315,Q2 11:06,7.0,13285,Malachi Fields,WR,6.2,0.0,3.69,3.69,3.91,4.25,0.315,1.0,3.69,,0.0,0
2026-09-14 01:09:18Z,DAL,in,0.315,Q2 11:06,-7.0,8917,KaVontae Turpin,WR,4.3,0.0,3.12,3.12,2.71,2.95,0.315,1.0,3.12,,0.0,0
2026-09-14 01:09:18Z,NYG,in,0.315,Q2 11:06,7.0,11655,Tyrone Tracy,RB,2.4,0.6,1.53,2.13,2.22,2.24,0.087,1.0,2.13,,0.0,0
2026-09-14 01:09:18Z,NYG,in,0.315,Q2 11:06,7.0,11632,Malik Nabers,WR,16.5,3.6,10.21,13.81,14.63,14.9,0.052,1.0,13.81,,0.0,0
2026-09-14 01:09:18Z,NYG,in,0.315,Q2 11:06,7.0,7090,Darnell Mooney,WR,5.6,0.0,3.33,3.33,3.53,3.84,0.315,1.0,3.33,,0.0,0
2026-09-14 01:09:18Z,NYG,in,0.315,Q2 11:06,7.0,2306,Jameis Winston,QB,0.5,0.0,0.28,0.28,0.32,0.34,0.315,0.3,0.08,,0.0,0
2026-09-14 01:09:18Z,DAL,in,0.315,Q2 11:06,-7.0,11593,Brevyn Spann-Ford,TE,0.5,3.4,0.72,4.12,4.3,3.74,0.101,1.0,4.12,,0.0,0
2026-09-14 01:09:18Z,NYG,in,0.315,Q2 11:06,7.0,2078,Odell Beckham,WR,4.3,0.0,2.56,2.56,2.71,2.95,0.315,1.0,2.56,,0.0,0
2026-09-14 01:09:18Z,NYG,in,0.315,Q2 11:06,7.0,12481,Cam Skattebo,RB,14.1,7.7,10.01,17.71,17.92,17.36,0.065,1.0,17.71,,0.0,0
2026-09-14 01:09:18Z,DAL,in,0.315,Q2 11:06,-7.0,11199,Emari Demercado,RB,1.8,0.0,1.14,1.14,1.14,1.23,0.315,1.0,1.14,,0.0,0
2026-09-14 01:09:18Z,NYG,in,0.315,Q2 11:06,7.0,NYG,New York Giants D/ST,DST,5.2,10.0,-1.96,8.04,14.99,13.56,0.315,1.0,8.04,,0.0,0
2026-09-14 01:09:18Z,NYG,in,0.315,Q2 11:06,7.0,7528,Najee Harris,RB,4.2,0.0,2.42,2.42,2.65,2.88,0.315,1.0,2.42,,0.0,0
2026-09-14 01:09:18Z,DAL,in,0.315,Q2 11:06,-7.0,8162,Sam Howell,QB,0.6,0.0,0.45,0.45,0.38,0.41,0.315,0.3,0.13,,0.0,0
2026-09-14 01:09:18Z,DAL,in,0.315,Q2 11:06,-7.0,11783,Ryan Flournoy,WR,7.4,0.0,5.36,5.36,4.67,5.07,0.315,1.0,5.36,,0.0,0
2026-09-14 01:09:18Z,DAL,in,0.315,Q2 11:06,-7.0,10871,Luke Schoonmaker,TE,1.7,0.0,1.23,1.23,1.07,1.16,0.315,1.0,1.23,,0.0,0
2026-09-14 01:09:18Z,DAL,in,0.315,Q2 11:06,-7.0,7588,Javonte Williams,RB,16.9,1.5,11.08,12.58,12.42,13.08,0.0,1.0,12.58,,0.0,0
2026-09-14 01:10:18Z,DAL,in,0.326,Q2 10:25,-7.0,11533,Brandon Aubrey,K,9.6,0.0,5.94,5.94,5.94,6.47,0.326,1.0,5.94,,0.0,0
2026-09-14 01:10:18Z,DAL,in,0.326,Q2 10:25,-7.0,6786,CeeDee Lamb,WR,18.3,0.0,13.08,13.08,11.32,12.33,0.326,1.0,13.08,,0.0,0
2026-09-14 01:10:18Z,DAL,in,0.326,Q2 10:25,-7.0,3294,Dak Prescott,QB,18.5,2.64,14.2,16.84,14.53,15.1,0.011,1.0,16.84,,0.0,0
2026-09-14 01:10:18Z,NYG,in,0.326,Q2 10:25,7.0,13833,Dominic Zvada,K,8.2,1.0,5.24,6.24,6.24,6.52,0.188,1.0,6.24,,0.0,0
2026-09-14 01:10:18Z,DAL,in,0.326,Q2 10:25,-7.0,8110,Jake Ferguson,TE,9.3,0.0,6.65,6.65,5.75,6.26,0.326,1.0,6.65,,0.0,0
2026-09-14 01:10:18Z,NYG,in,0.326,Q2 10:25,7.0,8131,Isaiah Likely,TE,10.7,4.0,6.68,10.68,11.29,11.21,0.034,1.0,10.68,,0.0,0
2026-09-14 01:10:18Z,DAL,in,0.326,Q2 10:25,-7.0,DAL,Dallas Cowboys D/ST,DST,6.5,5.0,-0.3,4.7,9.86,9.38,0.076,1.0,4.7,,0.0,0
2026-09-14 01:10:18Z,DAL,in,0.326,Q2 10:25,-7.0,8137,George Pickens,WR,15.2,3.7,11.25,14.95,13.73,13.94,0.156,1.0,14.95,,0.0,0
2026-09-14 01:10:18Z,NYG,in,0.326,Q2 10:25,7.0,11597,Theo Johnson,TE,4.3,0.0,2.51,2.51,2.66,2.9,0.326,1.0,2.51,,0.0,0
2026-09-14 01:10:18Z,NYG,in,0.326,Q2 10:25,7.0,12508,Jaxson Dart,QB,20.5,3.74,12.14,15.88,17.05,17.55,0.034,1.0,15.88,,0.0,0
2026-09-14 01:10:18Z,NYG,in,0.326,Q2 10:25,7.0,13285,Malachi Fields,WR,6.2,0.0,3.62,3.62,3.84,4.18,0.326,1.0,3.62,,0.0,0
2026-09-14 01:10:18Z,DAL,in,0.326,Q2 10:25,-7.0,8917,KaVontae Turpin,WR,4.3,0.0,3.07,3.07,2.66,2.9,0.326,1.0,3.07,,0.0,0
2026-09-14 01:10:18Z,NYG,in,0.326,Q2 10:25,7.0,11655,Tyrone Tracy,RB,2.4,0.6,1.5,2.1,2.19,2.22,0.098,1.0,2.1,,0.0,0
2026-09-14 01:10:18Z,NYG,in,0.326,Q2 10:25,7.0,11632,Malik Nabers,WR,16.5,3.6,10.03,13.63,14.41,14.71,0.063,1.0,13.63,,0.0,0
2026-09-14 01:10:18Z,NYG,in,0.326,Q2 10:25,7.0,7090,Darnell Mooney,WR,5.6,0.0,3.27,3.27,3.46,3.77,0.326,1.0,3.27,,0.0,0
2026-09-14 01:10:18Z,NYG,in,0.326,Q2 10:25,7.0,2306,Jameis Winston,QB,0.5,0.0,0.27,0.27,0.31,0.34,0.326,0.3,0.08,,0.0,0
2026-09-14 01:10:18Z,DAL,in,0.326,Q2 10:25,-7.0,11593,Brevyn Spann-Ford,TE,0.5,3.4,0.72,4.12,4.28,3.74,0.113,1.0,4.12,,0.0,0
2026-09-14 01:10:18Z,NYG,in,0.326,Q2 10:25,7.0,2078,Odell Beckham,WR,4.3,0.0,2.51,2.51,2.66,2.9,0.326,1.0,2.51,,0.0,0
2026-09-14 01:10:18Z,NYG,in,0.326,Q2 10:25,7.0,12481,Cam Skattebo,RB,14.1,7.7,9.83,17.53,17.72,17.2,0.076,1.0,17.53,,0.0,0
2026-09-14 01:10:18Z,DAL,in,0.326,Q2 10:25,-7.0,11199,Emari Demercado,RB,1.8,0.0,1.12,1.12,1.11,1.21,0.326,1.0,1.12,,0.0,0
2026-09-14 01:10:18Z,NYG,in,0.326,Q2 10:25,7.0,NYG,New York Giants D/ST,DST,5.2,10.0,-1.89,8.11,14.9,13.5,0.326,1.0,8.11,,0.0,0
2026-09-14 01:10:18Z,NYG,in,0.326,Q2 10:25,7.0,7528,Najee Harris,RB,4.2,0.0,2.38,2.38,2.6,2.83,0.326,1.0,2.38,,0.0,0
2026-09-14 01:10:18Z,DAL,in,0.326,Q2 10:25,-7.0,8162,Sam Howell,QB,0.6,0.0,0.44,0.44,0.37,0.4,0.326,0.3,0.13,,0.0,0
2026-09-14 01:10:18Z,DAL,in,0.326,Q2 10:25,-7.0,11783,Ryan Flournoy,WR,7.4,0.0,5.29,5.29,4.58,4.98,0.326,1.0,5.29,,0.0,0
2026-09-14 01:10:18Z,DAL,in,0.326,Q2 10:25,-7.0,10871,Luke Schoonmaker,TE,1.7,0.0,1.21,1.21,1.05,1.15,0.326,1.0,1.21,,0.0,0
2026-09-14 01:10:18Z,DAL,in,0.326,Q2 10:25,-7.0,7588,Javonte Williams,RB,16.9,1.5,10.88,12.38,12.21,12.88,0.011,1.0,12.38,,0.0,0
2026-09-14 01:11:19Z,DAL,in,0.334,Q2 9:57,-7.0,11533,Brandon Aubrey,K,9.6,0.0,5.86,5.86,5.86,6.39,0.334,1.0,5.86,,0.0,0
2026-09-14 01:11:19Z,DAL,in,0.334,Q2 9:57,-7.0,6786,CeeDee Lamb,WR,18.3,0.0,12.94,12.94,11.17,12.18,0.334,1.0,12.94,,0.0,0
2026-09-14 01:11:19Z,DAL,in,0.334,Q2 9:57,-7.0,3294,Dak Prescott,QB,18.5,2.64,14.04,16.68,14.37,14.96,0.019,1.0,16.68,,0.0,0
2026-09-14 01:11:19Z,NYG,in,0.334,Q2 9:57,7.0,13833,Dominic Zvada,K,8.2,1.0,5.17,6.17,6.17,6.46,0.195,1.0,6.17,,0.0,0
2026-09-14 01:11:19Z,DAL,in,0.334,Q2 9:57,-7.0,8110,Jake Ferguson,TE,9.3,0.0,6.58,6.58,5.67,6.19,0.334,1.0,6.58,,0.0,0
2026-09-14 01:11:19Z,NYG,in,0.334,Q2 9:57,7.0,8131,Isaiah Likely,TE,10.7,4.0,6.6,10.6,11.2,11.12,0.042,1.0,10.6,,0.0,0
2026-09-14 01:11:19Z,DAL,in,0.334,Q2 9:57,-7.0,DAL,Dallas Cowboys D/ST,DST,6.5,5.0,-0.29,4.71,9.8,9.33,0.084,1.0,4.71,,0.0,0
2026-09-14 01:11:19Z,DAL,in,0.334,Q2 9:57,-7.0,8137,George Pickens,WR,15.2,3.7,11.14,14.84,13.59,13.82,0.164,1.0,14.84,,0.0,0
2026-09-14 01:11:19Z,NYG,in,0.334,Q2 9:57,7.0,11597,Theo Johnson,TE,4.3,0.0,2.48,2.48,2.62,2.86,0.334,1.0,2.48,,0.0,0
2026-09-14 01:11:19Z,NYG,in,0.334,Q2 9:57,7.0,12508,Jaxson Dart,QB,20.5,3.74,11.99,15.73,16.87,17.39,0.042,1.0,15.73,,0.0,0
2026-09-14 01:11:19Z,NYG,in,0.334,Q2 9:57,7.0,13285,Malachi Fields,WR,6.2,0.0,3.58,3.58,3.78,4.13,0.334,1.0,3.58,,0.0,0
2026-09-14 01:11:19Z,DAL,in,0.334,Q2 9:57,-7.0,8917,KaVontae Turpin,WR,4.3,0.0,3.04,3.04,2.62,2.86,0.334,1.0,3.04,,0.0,0
2026-09-14 01:11:19Z,NYG,in,0.334,Q2 9:57,7.0,11655,Tyrone Tracy,RB,2.4,0.6,1.48,2.08,2.16,2.2,0.106,1.0,2.08,,0.0,0
2026-09-14 01:11:19Z,NYG,in,0.334,Q2 9:57,7.0,11632,Malik Nabers,WR,16.5,3.6,9.9,13.5,14.27,14.59,0.071,1.0,13.5,,0.0,0
2026-09-14 01:11:19Z,NYG,in,0.334,Q2 9:57,7.0,7090,Darnell Mooney,WR,5.6,0.0,3.23,3.23,3.42,3.73,0.334,1.0,3.23,,0.0,0
2026-09-14 01:11:19Z,NYG,in,0.334,Q2 9:57,7.0,2306,Jameis Winston,QB,0.5,0.0,0.27,0.27,0.31,0.33,0.334,0.3,0.08,,0.0,0
2026-09-14 01:11:19Z,DAL,in,0.334,Q2 9:57,-7.0,11593,Brevyn Spann-Ford,TE,0.5,3.4,0.71,4.11,4.27,3.73,0.121,1.0,4.11,,0.0,0
2026-09-14 01:11:19Z,NYG,in,0.334,Q2 9:57,7.0,2078,Odell Beckham,WR,4.3,0.0,2.48,2.48,2.62,2.86,0.334,1.0,2.48,,0.0,0
2026-09-14 01:11:19Z,NYG,in,0.334,Q2 9:57,7.0,12481,Cam Skattebo,RB,14.1,7.7,9.7,17.4,17.59,17.09,0.084,1.0,17.4,,0.0,0
2026-09-14 01:11:19Z,DAL,in,0.334,Q2 9:57,-7.0,11199,Emari Demercado,RB,1.8,0.0,1.11,1.11,1.1,1.2,0.334,1.0,1.11,,0.0,0
2026-09-14 01:11:19Z,NYG,in,0.334,Q2 9:57,7.0,NYG,New York Giants D/ST,DST,5.2,10.0,-1.84,8.16,14.84,13.46,0.334,1.0,8.16,,0.0,0
2026-09-14 01:11:19Z,NYG,in,0.334,Q2 9:57,7.0,7528,Najee Harris,RB,4.2,0.0,2.35,2.35,2.56,2.8,0.334,1.0,2.35,,0.0,0
2026-09-14 01:11:19Z,DAL,in,0.334,Q2 9:57,-7.0,8162,Sam Howell,QB,0.6,0.0,0.43,0.43,0.37,0.4,0.334,0.3,0.13,,0.0,0
2026-09-14 01:11:19Z,DAL,in,0.334,Q2 9:57,-7.0,11783,Ryan Flournoy,WR,7.4,0.0,5.23,5.23,4.52,4.93,0.334,1.0,5.23,,0.0,0
2026-09-14 01:11:19Z,DAL,in,0.334,Q2 9:57,-7.0,10871,Luke Schoonmaker,TE,1.7,0.0,1.2,1.2,1.04,1.13,0.334,1.0,1.2,,0.0,0
2026-09-14 01:11:19Z,DAL,in,0.334,Q2 9:57,-7.0,7588,Javonte Williams,RB,16.9,1.5,10.74,12.24,12.06,12.75,0.019,1.0,12.24,,0.0,0
2026-09-14 01:12:19Z,DAL,in,0.346,Q2 9:13,-7.0,11533,Brandon Aubrey,K,9.6,0.0,5.73,5.73,5.73,6.27,0.346,1.0,5.73,,0.0,0
2026-09-14 01:12:19Z,DAL,in,0.346,Q2 9:13,-7.0,6786,CeeDee Lamb,WR,18.3,0.0,12.74,12.74,10.93,11.96,0.346,1.0,12.74,,0.0,0
2026-09-14 01:12:19Z,DAL,in,0.346,Q2 9:13,-7.0,3294,Dak Prescott,QB,18.5,2.64,13.77,16.41,14.12,14.73,0.031,1.0,16.41,,0.0,0
2026-09-14 01:12:19Z,NYG,in,0.346,Q2 9:13,7.0,13833,Dominic Zvada,K,8.2,1.0,5.06,6.06,6.06,6.36,0.208,1.0,6.06,,0.0,0
2026-09-14 01:12:19Z,DAL,in,0.346,Q2 9:13,-7.0,8110,Jake Ferguson,TE,9.3,0.0,6.47,6.47,5.55,6.08,0.346,1.0,6.47,,0.0,0
2026-09-14 01:12:19Z,NYG,in,0.346,Q2 9:13,7.0,8131,Isaiah Likely,TE,10.7,4.0,6.47,10.47,11.04,10.99,0.054,1.0,10.47,,0.0,0
2026-09-14 01:12:19Z,DAL,in,0.346,Q2 9:13,-7.0,DAL,Dallas Cowboys D/ST,DST,6.5,5.0,-0.28,4.72,9.7,9.25,0.096,1.0,4.72,,0.0,0
2026-09-14 01:12:19Z,DAL,in,0.346,Q2 9:13,-7.0,8137,George Pickens,WR,15.2,3.7,10.97,14.67,13.38,13.63,0.176,1.0,14.67,,0.0,0
2026-09-14 01:12:19Z,NYG,in,0.346,Q2 9:13,7.0,11597,Theo Johnson,TE,4.3,0.0,2.43,2.43,2.57,2.81,0.346,1.0,2.43,,0.0,0
2026-09-14 01:12:19Z,NYG,in,0.346,Q2 9:13,7.0,12508,Jaxson Dart,QB,20.5,3.74,11.74,15.48,16.59,17.14,0.054,1.0,15.48,,0.0,0
2026-09-14 01:12:19Z,NYG,in,0.346,Q2 9:13,7.0,13285,Malachi Fields,WR,6.2,0.0,3.51,3.51,3.7,4.05,0.346,1.0,3.51,,0.0,0
2026-09-14 01:12:19Z,DAL,in,0.346,Q2 9:13,-7.0,8917,KaVontae Turpin,WR,4.3,0.0,2.99,2.99,2.57,2.81,0.346,1.0,2.99,,0.0,0
2026-09-14 01:12:19Z,NYG,in,0.346,Q2 9:13,7.0,11655,Tyrone Tracy,RB,2.4,0.6,1.45,2.05,2.13,2.17,0.118,1.0,2.05,,0.0,0
2026-09-14 01:12:19Z,NYG,in,0.346,Q2 9:13,7.0,11632,Malik Nabers,WR,16.5,3.6,9.71,13.31,14.04,14.38,0.083,1.0,13.31,,0.0,0
2026-09-14 01:12:19Z,NYG,in,0.346,Q2 9:13,7.0,7090,Darnell Mooney,WR,5.6,0.0,3.17,3.17,3.34,3.66,0.346,1.0,3.17,,0.0,0
2026-09-14 01:12:19Z,NYG,in,0.346,Q2 9:13,7.0,2306,Jameis Winston,QB,0.5,0.0,0.27,0.27,0.3,0.33,0.346,0.3,0.08,,0.0,0
2026-09-14 01:12:19Z,DAL,in,0.346,Q2 9:13,-7.0,11593,Brevyn Spann-Ford,TE,0.5,3.4,0.7,4.1,4.25,3.73,0.133,1.0,4.1,,0.0,0
2026-09-14 01:12:19Z,NYG,in,0.346,Q2 9:13,7.0,2078,Odell Beckham,WR,4.3,0.0,2.43,2.43,2.57,2.81,0.346,1.0,2.43,,0.0,0
2026-09-14 01:12:19Z,NYG,in,0.346,Q2 9:13,7.0,12481,Cam Skattebo,RB,14.1,7.7,9.51,17.21,17.38,16.92,0.096,1.0,17.21,,0.0,0
2026-09-14 01:12:19Z,DAL,in,0.346,Q2 9:13,-7.0,11199,Emari Demercado,RB,1.8,0.0,1.08,1.08,1.07,1.18,0.346,1.0,1.08,,0.0,0
2026-09-14 01:12:19Z,NYG,in,0.346,Q2 9:13,7.0,NYG,New York Giants D/ST,DST,5.2,10.0,-1.76,8.24,14.74,13.4,0.346,1.0,8.24,,0.0,0
2026-09-14 01:12:19Z,NYG,in,0.346,Q2 9:13,7.0,7528,Najee Harris,RB,4.2,0.0,2.3,2.3,2.51,2.75,0.346,1.0,2.3,,0.0,0
2026-09-14 01:12:19Z,DAL,in,0.346,Q2 9:13,-7.0,8162,Sam Howell,QB,0.6,0.0,0.43,0.43,0.36,0.39,0.346,0.3,0.13,,0.0,0
2026-09-14 01:12:19Z,DAL,in,0.346,Q2 9:13,-7.0,11783,Ryan Flournoy,WR,7.4,0.0,5.15,5.15,4.42,4.84,0.346,1.0,5.15,,0.0,0
2026-09-14 01:12:19Z,DAL,in,0.346,Q2 9:13,-7.0,10871,Luke Schoonmaker,TE,1.7,0.0,1.18,1.18,1.01,1.11,0.346,1.0,1.18,,0.0,0
2026-09-14 01:12:19Z,DAL,in,0.346,Q2 9:13,-7.0,7588,Javonte Williams,RB,16.9,1.9,10.62,12.52,12.3,12.95,0.0,1.0,12.52,,0.0,0
2026-09-14 01:13:20Z,DAL,in,0.357,Q2 8:33,-7.0,11533,Brandon Aubrey,K,9.6,0.0,5.62,5.62,5.62,6.17,0.357,1.0,5.62,,0.0,0
2026-09-14 01:13:20Z,DAL,in,0.357,Q2 8:33,-7.0,6786,CeeDee Lamb,WR,18.3,0.0,12.55,12.55,10.71,11.76,0.357,1.0,12.55,,0.0,0
2026-09-14 01:13:20Z,DAL,in,0.357,Q2 8:33,-7.0,3294,Dak Prescott,QB,18.5,2.92,13.6,16.52,14.21,14.81,0.0,1.0,16.52,,0.0,0
2026-09-14 01:13:20Z,NYG,in,0.357,Q2 8:33,7.0,13833,Dominic Zvada,K,8.2,1.0,4.96,5.96,5.96,6.27,0.219,1.0,5.96,,0.0,0
2026-09-14 01:13:20Z,DAL,in,0.357,Q2 8:33,-7.0,8110,Jake Ferguson,TE,9.3,0.0,6.38,6.38,5.44,5.98,0.357,1.0,6.38,,0.0,0
2026-09-14 01:13:20Z,NYG,in,0.357,Q2 8:33,7.0,8131,Isaiah Likely,TE,10.7,4.0,6.36,10.36,10.9,10.87,0.065,1.0,10.36,,0.0,0
2026-09-14 01:13:20Z,DAL,in,0.357,Q2 8:33,-7.0,DAL,Dallas Cowboys D/ST,DST,6.5,5.0,-0.27,4.73,9.61,9.18,0.107,1.0,4.73,,0.0,0
2026-09-14 01:13:20Z,DAL,in,0.357,Q2 8:33,-7.0,8137,George Pickens,WR,15.2,3.7,10.81,14.51,13.19,13.47,0.187,1.0,14.51,,0.0,0
2026-09-14 01:13:20Z,NYG,in,0.357,Q2 8:33,7.0,11597,Theo Johnson,TE,4.3,0.0,2.39,2.39,2.52,2.76,0.357,1.0,2.39,,0.0,0
2026-09-14 01:13:20Z,NYG,in,0.357,Q2 8:33,7.0,12508,Jaxson Dart,QB,20.5,3.74,11.52,15.26,16.33,16.91,0.065,1.0,15.26,,0.0,0
2026-09-14 01:13:20Z,NYG,in,0.357,Q2 8:33,7.0,13285,Malachi Fields,WR,6.2,0.0,3.44,3.44,3.63,3.98,0.357,1.0,3.44,,0.0,0
2026-09-14 01:13:20Z,DAL,in,0.357,Q2 8:33,-7.0,8917,KaVontae Turpin,WR,4.3,1.7,3.12,4.82,4.49,4.46,0.0,1.0,4.82,,0.0,0
2026-09-14 01:13:20Z,NYG,in,0.357,Q2 8:33,7.0,11655,Tyrone Tracy,RB,2.4,0.6,1.43,2.03,2.1,2.14,0.129,1.0,2.03,,0.0,0
2026-09-14 01:13:20Z,NYG,in,0.357,Q2 8:33,7.0,11632,Malik Nabers,WR,16.5,3.6,9.53,13.13,13.83,14.2,0.094,1.0,13.13,,0.0,0
2026-09-14 01:13:20Z,NYG,in,0.357,Q2 8:33,7.0,7090,Darnell Mooney,WR,5.6,0.0,3.11,3.11,3.28,3.6,0.357,1.0,3.11,,0.0,0
2026-09-14 01:13:20Z,NYG,in,0.357,Q2 8:33,7.0,2306,Jameis Winston,QB,0.5,0.0,0.26,0.26,0.29,0.32,0.357,0.3,0.08,,0.0,0
2026-09-14 01:13:20Z,DAL,in,0.357,Q2 8:33,-7.0,11593,Brevyn Spann-Ford,TE,0.5,3.4,0.69,4.09,4.24,3.72,0.144,1.0,4.09,,0.0,0
2026-09-14 01:13:20Z,NYG,in,0.357,Q2 8:33,7.0,2078,Odell Beckham,WR,4.3,0.0,2.39,2.39,2.52,2.76,0.357,1.0,2.39,,0.0,0
2026-09-14 01:13:20Z,NYG,in,0.357,Q2 8:33,7.0,12481,Cam Skattebo,RB,14.1,7.7,9.33,17.03,17.19,16.76,0.107,1.0,17.03,,0.0,0
2026-09-14 01:13:20Z,DAL,in,0.357,Q2 8:33,-7.0,11199,Emari Demercado,RB,1.8,0.4,1.15,1.55,1.52,1.56,0.0,1.0,1.55,,0.0,0
2026-09-14 01:13:20Z,NYG,in,0.357,Q2 8:33,7.0,NYG,New York Giants D/ST,DST,5.2,10.0,-1.69,8.31,14.65,13.34,0.357,1.0,8.31,,0.0,0
2026-09-14 01:13:20Z,NYG,in,0.357,Q2 8:33,7.0,7528,Najee Harris,RB,4.2,0.0,2.26,2.26,2.46,2.7,0.357,1.0,2.26,,0.0,0
2026-09-14 01:13:20Z,DAL,in,0.357,Q2 8:33,-7.0,8162,Sam Howell,QB,0.6,0.0,0.42,0.42,0.35,0.39,0.357,0.3,0.13,,0.0,0
2026-09-14 01:13:20Z,DAL,in,0.357,Q2 8:33,-7.0,11783,Ryan Flournoy,WR,7.4,0.0,5.07,5.07,4.33,4.75,0.357,1.0,5.07,,0.0,0
2026-09-14 01:13:20Z,DAL,in,0.357,Q2 8:33,-7.0,10871,Luke Schoonmaker,TE,1.7,0.0,1.17,1.17,0.99,1.09,0.357,1.0,1.17,,0.0,0
2026-09-14 01:13:20Z,DAL,in,0.357,Q2 8:33,-7.0,7588,Javonte Williams,RB,16.9,1.9,10.42,12.32,12.09,12.76,0.011,1.0,12.32,,0.0,0
2026-09-14 01:14:20Z,DAL,in,0.369,Q2 7:50,-7.0,11533,Brandon Aubrey,K,9.6,0.0,5.49,5.49,5.49,6.05,0.369,1.0,5.49,,0.0,0
2026-09-14 01:14:20Z,DAL,in,0.369,Q2 7:50,-7.0,6786,CeeDee Lamb,WR,18.3,0.0,12.34,12.34,10.47,11.54,0.369,1.0,12.34,,0.0,0
2026-09-14 01:14:20Z,DAL,in,0.369,Q2 7:50,-7.0,3294,Dak Prescott,QB,18.5,2.92,13.34,16.26,13.97,14.59,0.012,1.0,16.26,,0.0,0
2026-09-14 01:14:20Z,NYG,in,0.369,Q2 7:50,7.0,13833,Dominic Zvada,K,8.2,1.0,4.85,5.85,5.85,6.17,0.231,1.0,5.85,,0.0,0
2026-09-14 01:14:20Z,DAL,in,0.369,Q2 7:50,-7.0,8110,Jake Ferguson,TE,9.3,0.0,6.27,6.27,5.32,5.86,0.369,1.0,6.27,,0.0,0
2026-09-14 01:14:20Z,NYG,in,0.369,Q2 7:50,7.0,8131,Isaiah Likely,TE,10.7,4.0,6.23,10.23,10.75,10.75,0.077,1.0,10.23,,0.0,0
2026-09-14 01:14:20Z,DAL,in,0.369,Q2 7:50,-7.0,DAL,Dallas Cowboys D/ST,DST,6.5,5.0,-0.26,4.74,9.51,9.1,0.119,1.0,4.74,,0.0,0
2026-09-14 01:14:20Z,DAL,in,0.369,Q2 7:50,-7.0,8137,George Pickens,WR,15.2,3.7,10.63,14.33,12.98,13.28,0.199,1.0,14.33,,0.0,0
2026-09-14 01:14:20Z,NYG,in,0.369,Q2 7:50,7.0,11597,Theo Johnson,TE,4.3,0.0,2.34,2.34,2.46,2.71,0.369,1.0,2.34,,0.0,0
2026-09-14 01:14:20Z,NYG,in,0.369,Q2 7:50,7.0,12508,Jaxson Dart,QB,20.5,3.74,11.29,15.03,16.06,16.67,0.077,1.0,15.03,,0.0,0
2026-09-14 01:14:20Z,NYG,in,0.369,Q2 7:50,7.0,13285,Malachi Fields,WR,6.2,0.0,3.37,3.37,3.55,3.91,0.369,1.0,3.37,,0.0,0
2026-09-14 01:14:20Z,DAL,in,0.369,Q2 7:50,-7.0,8917,KaVontae Turpin,WR,4.3,1.7,3.07,4.77,4.43,4.41,0.012,1.0,4.77,,0.0,0
2026-09-14 01:14:20Z,NYG,in,0.369,Q2 7:50,7.0,11655,Tyrone Tracy,RB,2.4,0.6,1.4,2.0,2.07,2.11,0.141,1.0,2.0,,0.0,0
2026-09-14 01:14:20Z,NYG,in,0.369,Q2 7:50,7.0,11632,Malik Nabers,WR,16.5,3.6,9.35,12.95,13.61,14.0,0.106,1.0,12.95,,0.0,0
2026-09-14 01:14:20Z,NYG,in,0.369,Q2 7:50,7.0,7090,Darnell Mooney,WR,5.6,0.0,3.05,3.05,3.2,3.53,0.369,1.0,3.05,,0.0,0
2026-09-14 01:14:20Z,NYG,in,0.369,Q2 7:50,7.0,2306,Jameis Winston,QB,0.5,0.0,0.26,0.26,0.29,0.32,0.369,0.3,0.08,,0.0,0
2026-09-14 01:14:20Z,DAL,in,0.369,Q2 7:50,-7.0,11593,Brevyn Spann-Ford,TE,0.5,3.4,0.69,4.09,4.22,3.72,0.156,1.0,4.09,,0.0,0
2026-09-14 01:14:20Z,NYG,in,0.369,Q2 7:50,7.0,2078,Odell Beckham,WR,4.3,0.0,2.34,2.34,2.46,2.71,0.369,1.0,2.34,,0.0,0
2026-09-14 01:14:20Z,NYG,in,0.369,Q2 7:50,7.0,12481,Cam Skattebo,RB,14.1,7.7,9.15,16.85,16.98,16.59,0.119,1.0,16.85,,0.0,0
2026-09-14 01:14:20Z,DAL,in,0.369,Q2 7:50,-7.0,11199,Emari Demercado,RB,1.8,0.4,1.13,1.53,1.49,1.54,0.012,1.0,1.53,,0.0,0
2026-09-14 01:14:20Z,NYG,in,0.369,Q2 7:50,7.0,NYG,New York Giants D/ST,DST,5.2,10.0,-1.61,8.39,14.55,13.28,0.369,1.0,8.39,,0.0,0
2026-09-14 01:14:20Z,NYG,in,0.369,Q2 7:50,7.0,7528,Najee Harris,RB,4.2,0.0,2.22,2.22,2.4,2.65,0.369,1.0,2.22,,0.0,0
2026-09-14 01:14:20Z,DAL,in,0.369,Q2 7:50,-7.0,8162,Sam Howell,QB,0.6,0.0,0.41,0.41,0.34,0.38,0.369,0.3,0.12,,0.0,0
2026-09-14 01:14:20Z,DAL,in,0.369,Q2 7:50,-7.0,11783,Ryan Flournoy,WR,7.4,0.0,4.99,4.99,4.24,4.67,0.369,1.0,4.99,,0.0,0
2026-09-14 01:14:20Z,DAL,in,0.369,Q2 7:50,-7.0,10871,Luke Schoonmaker,TE,1.7,0.0,1.15,1.15,0.97,1.07,0.369,1.0,1.15,,0.0,0
2026-09-14 01:14:20Z,DAL,in,0.369,Q2 7:50,-7.0,7588,Javonte Williams,RB,16.9,1.9,10.21,12.11,11.87,12.56,0.023,1.0,12.11,,0.0,0
2026-09-14 01:15:21Z,DAL,in,0.376,Q2 7:26,-7.0,11533,Brandon Aubrey,K,9.6,0.0,5.43,5.43,5.43,5.99,0.376,1.0,5.43,,0.0,0
2026-09-14 01:15:21Z,DAL,in,0.376,Q2 7:26,-7.0,6786,CeeDee Lamb,WR,18.3,0.0,12.23,12.23,10.34,11.42,0.376,1.0,12.23,,0.0,0
2026-09-14 01:15:21Z,DAL,in,0.376,Q2 7:26,-7.0,3294,Dak Prescott,QB,18.5,3.2,13.25,16.45,14.16,14.74,0.0,1.0,16.45,,0.0,0
2026-09-14 01:15:21Z,NYG,in,0.376,Q2 7:26,7.0,13833,Dominic Zvada,K,8.2,1.0,4.79,5.79,5.79,6.12,0.237,1.0,5.79,,0.0,0
2026-09-14 01:15:21Z,DAL,in,0.376,Q2 7:26,-7.0,8110,Jake Ferguson,TE,9.3,0.0,6.21,6.21,5.26,5.8,0.376,1.0,6.21,,0.0,0
2026-09-14 01:15:21Z,NYG,in,0.376,Q2 7:26,7.0,8131,Isaiah Likely,TE,10.7,4.0,6.16,10.16,10.67,10.68,0.084,1.0,10.16,,0.0,0
2026-09-14 01:15:21Z,DAL,in,0.376,Q2 7:26,-7.0,DAL,Dallas Cowboys D/ST,DST,6.5,5.0,-0.26,4.74,9.45,9.06,0.126,1.0,4.74,,0.0,0
2026-09-14 01:15:21Z,DAL,in,0.376,Q2 7:26,-7.0,8137,George Pickens,WR,15.2,3.7,10.53,14.23,12.87,13.18,0.206,1.0,14.23,,0.0,0
2026-09-14 01:15:21Z,NYG,in,0.376,Q2 7:26,7.0,11597,Theo Johnson,TE,4.3,0.0,2.31,2.31,2.43,2.68,0.376,1.0,2.31,,0.0,0
2026-09-14 01:15:21Z,NYG,in,0.376,Q2 7:26,7.0,12508,Jaxson Dart,QB,20.5,3.74,11.16,14.9,15.91,16.53,0.084,1.0,14.9,,0.0,0
2026-09-14 01:15:21Z,NYG,in,0.376,Q2 7:26,7.0,13285,Malachi Fields,WR,6.2,0.0,3.33,3.33,3.5,3.87,0.376,1.0,3.33,,0.0,0
2026-09-14 01:15:21Z,DAL,in,0.376,Q2 7:26,-7.0,8917,KaVontae Turpin,WR,4.3,1.7,3.05,4.75,4.4,4.38,0.019,1.0,4.75,,0.0,0
2026-09-14 01:15:21Z,NYG,in,0.376,Q2 7:26,7.0,11655,Tyrone Tracy,RB,2.4,0.6,1.38,1.98,2.05,2.1,0.148,1.0,1.98,,0.0,0
2026-09-14 01:15:21Z,NYG,in,0.376,Q2 7:26,7.0,11632,Malik Nabers,WR,16.5,3.6,9.24,12.84,13.49,13.89,0.113,1.0,12.84,,0.0,0
2026-09-14 01:15:21Z,NYG,in,0.376,Q2 7:26,7.0,7090,Darnell Mooney,WR,5.6,0.0,3.01,3.01,3.17,3.49,0.376,1.0,3.01,,0.0,0
2026-09-14 01:15:21Z,NYG,in,0.376,Q2 7:26,7.0,2306,Jameis Winston,QB,0.5,0.0,0.25,0.25,0.28,0.31,0.376,0.3,0.08,,0.0,0
2026-09-14 01:15:21Z,DAL,in,0.376,Q2 7:26,-7.0,11593,Brevyn Spann-Ford,TE,0.5,3.4,0.68,4.08,4.21,3.71,0.163,1.0,4.08,,0.0,0
2026-09-14 01:15:21Z,NYG,in,0.376,Q2 7:26,7.0,2078,Odell Beckham,WR,4.3,0.0,2.31,2.31,2.43,2.68,0.376,1.0,2.31,,0.0,0
2026-09-14 01:15:21Z,NYG,in,0.376,Q2 7:26,7.0,12481,Cam Skattebo,RB,14.1,7.7,9.04,16.74,16.87,16.5,0.126,1.0,16.74,,0.0,0
2026-09-14 01:15:21Z,DAL,in,0.376,Q2 7:26,-7.0,11199,Emari Demercado,RB,1.8,0.4,1.12,1.52,1.48,1.52,0.019,1.0,1.52,,0.0,0
2026-09-14 01:15:21Z,NYG,in,0.376,Q2 7:26,7.0,NYG,New York Giants D/ST,DST,5.2,10.0,-1.57,8.43,14.5,13.24,0.376,1.0,8.43,,0.0,0
2026-09-14 01:15:21Z,NYG,in,0.376,Q2 7:26,7.0,7528,Najee Harris,RB,4.2,0.0,2.19,2.19,2.37,2.62,0.376,1.0,2.19,,0.0,0
2026-09-14 01:15:21Z,DAL,in,0.376,Q2 7:26,-7.0,8162,Sam Howell,QB,0.6,0.0,0.41,0.41,0.34,0.37,0.376,0.3,0.12,,0.0,0
2026-09-14 01:15:21Z,DAL,in,0.376,Q2 7:26,-7.0,11783,Ryan Flournoy,WR,7.4,0.0,4.95,4.95,4.18,4.62,0.376,1.0,4.95,,0.0,0
2026-09-14 01:15:21Z,DAL,in,0.376,Q2 7:26,-7.0,10871,Luke Schoonmaker,TE,1.7,1.7,1.31,3.01,2.93,2.76,0.0,1.0,3.01,,0.0,0
2026-09-14 01:15:21Z,DAL,in,0.376,Q2 7:26,-7.0,7588,Javonte Williams,RB,16.9,1.9,10.09,11.99,11.75,12.44,0.03,1.0,11.99,,0.0,0
2026-09-14 01:16:21Z,DAL,in,0.388,Q2 6:45,-7.0,11533,Brandon Aubrey,K,9.6,0.0,5.31,5.31,5.31,5.88,0.388,1.0,5.31,,0.0,0
2026-09-14 01:16:21Z,DAL,in,0.388,Q2 6:45,-7.0,6786,CeeDee Lamb,WR,18.3,0.0,12.03,12.03,10.12,11.21,0.388,1.0,12.03,,0.0,0
2026-09-14 01:16:21Z,DAL,in,0.388,Q2 6:45,-7.0,3294,Dak Prescott,QB,18.5,3.4,13.05,16.45,14.15,14.73,0.0,1.0,16.45,,0.0,0
2026-09-14 01:16:21Z,NYG,in,0.388,Q2 6:45,7.0,13833,Dominic Zvada,K,8.2,1.0,4.69,5.69,5.69,6.02,0.249,1.0,5.69,,0.0,0
2026-09-14 01:16:21Z,DAL,in,0.388,Q2 6:45,-7.0,8110,Jake Ferguson,TE,9.3,0.0,6.11,6.11,5.14,5.7,0.388,1.0,6.11,,0.0,0
2026-09-14 01:16:21Z,NYG,in,0.388,Q2 6:45,7.0,8131,Isaiah Likely,TE,10.7,4.0,6.04,10.04,10.53,10.55,0.095,1.0,10.04,,0.0,0
2026-09-14 01:16:21Z,DAL,in,0.388,Q2 6:45,-7.0,DAL,Dallas Cowboys D/ST,DST,6.5,5.0,-0.25,4.75,9.36,8.98,0.138,1.0,4.75,,0.0,0
2026-09-14 01:16:21Z,DAL,in,0.388,Q2 6:45,-7.0,8137,George Pickens,WR,15.2,3.7,10.37,14.07,12.67,13.01,0.217,1.0,14.07,,0.0,0
2026-09-14 01:16:21Z,NYG,in,0.388,Q2 6:45,7.0,11597,Theo Johnson,TE,4.3,0.0,2.27,2.27,2.38,2.63,0.388,1.0,2.27,,0.0,0
2026-09-14 01:16:21Z,NYG,in,0.388,Q2 6:45,7.0,12508,Jaxson Dart,QB,20.5,3.74,10.94,14.68,15.65,16.3,0.095,1.0,14.68,,0.0,0
2026-09-14 01:16:21Z,NYG,in,0.388,Q2 6:45,7.0,13285,Malachi Fields,WR,6.2,0.0,3.27,3.27,3.43,3.8,0.388,1.0,3.27,,0.0,0
2026-09-14 01:16:21Z,DAL,in,0.388,Q2 6:45,-7.0,8917,KaVontae Turpin,WR,4.3,1.7,3.0,4.7,4.34,4.33,0.03,1.0,4.7,,0.0,0
2026-09-14 01:16:21Z,NYG,in,0.388,Q2 6:45,7.0,11655,Tyrone Tracy,RB,2.4,0.6,1.36,1.96,2.02,2.07,0.159,1.0,1.96,,0.0,0
2026-09-14 01:16:21Z,NYG,in,0.388,Q2 6:45,7.0,11632,Malik Nabers,WR,16.5,3.6,9.06,12.66,13.28,13.71,0.124,1.0,12.66,,0.0,0
2026-09-14 01:16:21Z,NYG,in,0.388,Q2 6:45,7.0,7090,Darnell Mooney,WR,5.6,0.0,2.95,2.95,3.1,3.43,0.388,1.0,2.95,,0.0,0
2026-09-14 01:16:21Z,NYG,in,0.388,Q2 6:45,7.0,2306,Jameis Winston,QB,0.5,0.0,0.25,0.25,0.28,0.31,0.388,0.3,0.07,,0.0,0
2026-09-14 01:16:21Z,DAL,in,0.388,Q2 6:45,-7.0,11593,Brevyn Spann-Ford,TE,0.5,3.4,0.67,4.07,4.2,3.71,0.174,1.0,4.07,,0.0,0
2026-09-14 01:16:21Z,NYG,in,0.388,Q2 6:45,7.0,2078,Odell Beckham,WR,4.3,0.0,2.27,2.27,2.38,2.63,0.388,1.0,2.27,,0.0,0
2026-09-14 01:16:21Z,NYG,in,0.388,Q2 6:45,7.0,12481,Cam Skattebo,RB,14.1,7.7,8.86,16.56,16.68,16.34,0.138,1.0,16.56,,0.0,0
2026-09-14 01:16:21Z,DAL,in,0.388,Q2 6:45,-7.0,11199,Emari Demercado,RB,1.8,0.4,1.1,1.5,1.46,1.5,0.03,1.0,1.5,,0.0,0
2026-09-14 01:16:21Z,NYG,in,0.388,Q2 6:45,7.0,NYG,New York Giants D/ST,DST,5.2,10.0,-1.51,8.49,14.41,13.19,0.388,1.0,8.49,,0.0,0
2026-09-14 01:16:21Z,NYG,in,0.388,Q2 6:45,7.0,7528,Najee Harris,RB,4.2,0.0,2.15,2.15,2.32,2.57,0.388,1.0,2.15,,0.0,0
2026-09-14 01:16:21Z,DAL,in,0.388,Q2 6:45,-7.0,8162,Sam Howell,QB,0.6,0.0,0.4,0.4,0.33,0.37,0.388,0.3,0.12,,0.0,0
2026-09-14 01:16:21Z,DAL,in,0.388,Q2 6:45,-7.0,11783,Ryan Flournoy,WR,7.4,0.0,4.87,4.87,4.09,4.53,0.388,1.0,4.87,,0.0,0
2026-09-14 01:16:21Z,DAL,in,0.388,Q2 6:45,-7.0,10871,Luke Schoonmaker,TE,1.7,2.2,1.34,3.54,3.48,3.24,0.0,1.0,3.54,,0.0,0
2026-09-14 01:16:21Z,DAL,in,0.388,Q2 6:45,-7.0,7588,Javonte Williams,RB,16.9,1.9,9.89,11.79,11.54,12.25,0.041,1.0,11.79,,0.0,0
2026-09-14 01:17:21Z,DAL,in,0.4,Q2 5:59,-7.0,11533,Brandon Aubrey,K,9.6,0.0,5.18,5.18,5.18,5.76,0.4,1.0,5.18,,0.0,0
2026-09-14 01:17:21Z,DAL,in,0.4,Q2 5:59,-7.0,6786,CeeDee Lamb,WR,18.3,0.0,11.81,11.81,9.88,10.97,0.4,1.0,11.81,,0.0,0
2026-09-14 01:17:21Z,DAL,in,0.4,Q2 5:59,-7.0,3294,Dak Prescott,QB,18.5,3.4,12.77,16.17,13.89,14.49,0.013,1.0,16.17,,0.0,0
2026-09-14 01:17:21Z,NYG,in,0.4,Q2 5:59,7.0,13833,Dominic Zvada,K,8.2,1.0,4.58,5.58,5.58,5.92,0.261,1.0,5.58,,0.0,0
2026-09-14 01:17:21Z,DAL,in,0.4,Q2 5:59,-7.0,8110,Jake Ferguson,TE,9.3,0.0,6.0,6.0,5.02,5.58,0.4,1.0,6.0,,0.0,0
2026-09-14 01:17:21Z,NYG,in,0.4,Q2 5:59,7.0,8131,Isaiah Likely,TE,10.7,4.0,5.91,9.91,10.37,10.42,0.108,1.0,9.91,,0.0,0
2026-09-14 01:17:21Z,DAL,in,0.4,Q2 5:59,-7.0,DAL,Dallas Cowboys D/ST,DST,6.5,5.0,-0.24,4.76,9.26,8.9,0.15,1.0,4.76,,0.0,0
2026-09-14 01:17:21Z,DAL,in,0.4,Q2 5:59,-7.0,8137,George Pickens,WR,15.2,3.7,10.17,13.87,12.46,12.82,0.23,1.0,13.87,,0.0,0
2026-09-14 01:17:21Z,NYG,in,0.4,Q2 5:59,7.0,11597,Theo Johnson,TE,4.3,0.0,2.21,2.21,2.32,2.58,0.4,1.0,2.21,,0.0,0
2026-09-14 01:17:21Z,NYG,in,0.4,Q2 5:59,7.0,12508,Jaxson Dart,QB,20.5,3.74,10.69,14.43,15.36,16.03,0.108,1.0,14.43,,0.0,0
2026-09-14 01:17:21Z,NYG,in,0.4,Q2 5:59,7.0,13285,Malachi Fields,WR,6.2,0.0,3.19,3.19,3.35,3.72,0.4,1.0,3.19,,0.0,0
2026-09-14 01:17:21Z,DAL,in,0.4,Q2 5:59,-7.0,8917,KaVontae Turpin,WR,4.3,1.7,2.94,4.64,4.28,4.28,0.043,1.0,4.64,,0.0,0
2026-09-14 01:17:21Z,NYG,in,0.4,Q2 5:59,7.0,11655,Tyrone Tracy,RB,2.4,0.6,1.33,1.93,1.99,2.04,0.172,1.0,1.93,,0.0,0
2026-09-14 01:17:21Z,NYG,in,0.4,Q2 5:59,7.0,11632,Malik Nabers,WR,16.5,3.6,8.86,12.46,13.04,13.5,0.137,1.0,12.46,,0.0,0
2026-09-14 01:17:21Z,NYG,in,0.4,Q2 5:59,7.0,7090,Darnell Mooney,WR,5.6,0.0,2.88,2.88,3.02,3.36,0.4,1.0,2.88,,0.0,0
2026-09-14 01:17:21Z,NYG,in,0.4,Q2 5:59,7.0,2306,Jameis Winston,QB,0.5,0.0,0.24,0.24,0.27,0.3,0.4,0.3,0.07,,0.0,0
2026-09-14 01:17:21Z,DAL,in,0.4,Q2 5:59,-7.0,11593,Brevyn Spann-Ford,TE,0.5,3.4,0.66,4.06,4.18,3.7,0.187,1.0,4.06,,0.0,0
2026-09-14 01:17:21Z,NYG,in,0.4,Q2 5:59,7.0,2078,Odell Beckham,WR,4.3,0.0,2.21,2.21,2.32,2.58,0.4,1.0,2.21,,0.0,0
2026-09-14 01:17:21Z,NYG,in,0.4,Q2 5:59,7.0,12481,Cam Skattebo,RB,14.1,7.7,8.66,16.36,16.46,16.16,0.15,1.0,16.36,,0.0,0
2026-09-14 01:17:21Z,DAL,in,0.4,Q2 5:59,-7.0,11199,Emari Demercado,RB,1.8,0.4,1.07,1.47,1.43,1.48,0.043,1.0,1.47,,0.0,0
2026-09-14 01:17:21Z,NYG,in,0.4,Q2 5:59,7.0,NYG,New York Giants D/ST,DST,5.2,10.0,-1.43,8.57,14.31,13.12,0.4,1.0,8.57,,0.0,0
2026-09-14 01:17:21Z,NYG,in,0.4,Q2 5:59,7.0,7528,Najee Harris,RB,4.2,0.0,2.1,2.1,2.27,2.52,0.4,1.0,2.1,,0.0,0
2026-09-14 01:17:21Z,DAL,in,0.4,Q2 5:59,-7.0,8162,Sam Howell,QB,0.6,0.0,0.39,0.39,0.32,0.36,0.4,0.3,0.12,,0.0,0
2026-09-14 01:17:21Z,DAL,in,0.4,Q2 5:59,-7.0,11783,Ryan Flournoy,WR,7.4,0.0,4.77,4.77,3.99,4.44,0.4,1.0,4.77,,0.0,0
2026-09-14 01:17:21Z,DAL,in,0.4,Q2 5:59,-7.0,10871,Luke Schoonmaker,TE,1.7,2.2,1.32,3.52,3.45,3.22,0.013,1.0,3.52,,0.0,0
2026-09-14 01:17:21Z,DAL,in,0.4,Q2 5:59,-7.0,7588,Javonte Williams,RB,16.9,2.0,9.68,11.68,11.42,12.14,0.0,1.0,11.68,,0.0,0
2026-09-14 01:18:22Z,DAL,in,0.4,Q2 5:59,-7.0,11533,Brandon Aubrey,K,9.6,0.0,5.18,5.18,5.18,5.76,0.4,1.0,5.18,,0.0,0
2026-09-14 01:18:22Z,DAL,in,0.4,Q2 5:59,-7.0,6786,CeeDee Lamb,WR,18.3,0.0,11.81,11.81,9.88,10.97,0.4,1.0,11.81,,0.0,0
2026-09-14 01:18:22Z,DAL,in,0.4,Q2 5:59,-7.0,3294,Dak Prescott,QB,18.5,3.4,12.77,16.17,13.89,14.49,0.013,1.0,16.17,,0.0,0
2026-09-14 01:18:22Z,NYG,in,0.4,Q2 5:59,7.0,13833,Dominic Zvada,K,8.2,1.0,4.58,5.58,5.58,5.92,0.261,1.0,5.58,,0.0,0
2026-09-14 01:18:22Z,DAL,in,0.4,Q2 5:59,-7.0,8110,Jake Ferguson,TE,9.3,0.0,6.0,6.0,5.02,5.58,0.4,1.0,6.0,,0.0,0
2026-09-14 01:18:22Z,NYG,in,0.4,Q2 5:59,7.0,8131,Isaiah Likely,TE,10.7,4.0,5.91,9.91,10.37,10.42,0.108,1.0,9.91,,0.0,0
2026-09-14 01:18:22Z,DAL,in,0.4,Q2 5:59,-7.0,DAL,Dallas Cowboys D/ST,DST,6.5,5.0,-0.24,4.76,9.26,8.9,0.15,1.0,4.76,,0.0,0
2026-09-14 01:18:22Z,DAL,in,0.4,Q2 5:59,-7.0,8137,George Pickens,WR,15.2,3.7,10.17,13.87,12.46,12.82,0.23,1.0,13.87,,0.0,0
2026-09-14 01:18:22Z,NYG,in,0.4,Q2 5:59,7.0,11597,Theo Johnson,TE,4.3,0.0,2.21,2.21,2.32,2.58,0.4,1.0,2.21,,0.0,0
2026-09-14 01:18:22Z,NYG,in,0.4,Q2 5:59,7.0,12508,Jaxson Dart,QB,20.5,3.74,10.69,14.43,15.36,16.03,0.108,1.0,14.43,,0.0,0
2026-09-14 01:18:22Z,NYG,in,0.4,Q2 5:59,7.0,13285,Malachi Fields,WR,6.2,0.0,3.19,3.19,3.35,3.72,0.4,1.0,3.19,,0.0,0
2026-09-14 01:18:22Z,DAL,in,0.4,Q2 5:59,-7.0,8917,KaVontae Turpin,WR,4.3,1.7,2.94,4.64,4.28,4.28,0.043,1.0,4.64,,0.0,0
2026-09-14 01:18:22Z,NYG,in,0.4,Q2 5:59,7.0,11655,Tyrone Tracy,RB,2.4,0.6,1.33,1.93,1.99,2.04,0.172,1.0,1.93,,0.0,0
2026-09-14 01:18:22Z,NYG,in,0.4,Q2 5:59,7.0,11632,Malik Nabers,WR,16.5,3.6,8.86,12.46,13.04,13.5,0.137,1.0,12.46,,0.0,0
2026-09-14 01:18:22Z,NYG,in,0.4,Q2 5:59,7.0,7090,Darnell Mooney,WR,5.6,0.0,2.88,2.88,3.02,3.36,0.4,1.0,2.88,,0.0,0
2026-09-14 01:18:22Z,NYG,in,0.4,Q2 5:59,7.0,2306,Jameis Winston,QB,0.5,0.0,0.24,0.24,0.27,0.3,0.4,0.3,0.07,,0.0,0
2026-09-14 01:18:22Z,DAL,in,0.4,Q2 5:59,-7.0,11593,Brevyn Spann-Ford,TE,0.5,3.4,0.66,4.06,4.18,3.7,0.187,1.0,4.06,,0.0,0
2026-09-14 01:18:22Z,NYG,in,0.4,Q2 5:59,7.0,2078,Odell Beckham,WR,4.3,0.0,2.21,2.21,2.32,2.58,0.4,1.0,2.21,,0.0,0
2026-09-14 01:18:22Z,NYG,in,0.4,Q2 5:59,7.0,12481,Cam Skattebo,RB,14.1,7.7,8.66,16.36,16.46,16.16,0.15,1.0,16.36,,0.0,0
2026-09-14 01:18:22Z,DAL,in,0.4,Q2 5:59,-7.0,11199,Emari Demercado,RB,1.8,0.4,1.07,1.47,1.43,1.48,0.043,1.0,1.47,,0.0,0
2026-09-14 01:18:22Z,NYG,in,0.4,Q2 5:59,7.0,NYG,New York Giants D/ST,DST,5.2,10.0,-1.43,8.57,14.31,13.12,0.4,1.0,8.57,,0.0,0
2026-09-14 01:18:22Z,NYG,in,0.4,Q2 5:59,7.0,7528,Najee Harris,RB,4.2,0.0,2.1,2.1,2.27,2.52,0.4,1.0,2.1,,0.0,0
2026-09-14 01:18:22Z,DAL,in,0.4,Q2 5:59,-7.0,8162,Sam Howell,QB,0.6,0.0,0.39,0.39,0.32,0.36,0.4,0.3,0.12,,0.0,0
2026-09-14 01:18:22Z,DAL,in,0.4,Q2 5:59,-7.0,11783,Ryan Flournoy,WR,7.4,0.0,4.77,4.77,3.99,4.44,0.4,1.0,4.77,,0.0,0
2026-09-14 01:18:22Z,DAL,in,0.4,Q2 5:59,-7.0,10871,Luke Schoonmaker,TE,1.7,2.2,1.32,3.52,3.45,3.22,0.013,1.0,3.52,,0.0,0
2026-09-14 01:18:22Z,DAL,in,0.4,Q2 5:59,-7.0,7588,Javonte Williams,RB,16.9,2.0,9.68,11.68,11.42,12.14,0.0,1.0,11.68,,0.0,0
2026-09-14 01:19:22Z,DAL,in,0.401,Q2 5:55,-7.0,11533,Brandon Aubrey,K,9.6,0.0,5.17,5.17,5.17,5.75,0.401,1.0,5.17,,0.0,0
2026-09-14 01:19:22Z,DAL,in,0.401,Q2 5:55,-7.0,6786,CeeDee Lamb,WR,18.3,0.0,11.77,11.77,9.86,10.95,0.401,1.0,11.77,,0.0,0
2026-09-14 01:19:22Z,DAL,in,0.401,Q2 5:55,-7.0,3294,Dak Prescott,QB,18.5,3.4,12.73,16.13,13.87,14.47,0.014,1.0,16.13,,0.0,0
2026-09-14 01:19:22Z,NYG,in,0.401,Q2 5:55,7.0,13833,Dominic Zvada,K,8.2,1.0,4.57,5.57,5.57,5.91,0.263,1.0,5.57,,0.0,0
2026-09-14 01:19:22Z,DAL,in,0.401,Q2 5:55,-7.0,8110,Jake Ferguson,TE,9.3,0.0,5.98,5.98,5.01,5.57,0.401,1.0,5.98,,0.0,0
2026-09-14 01:19:22Z,NYG,in,0.401,Q2 5:55,7.0,8131,Isaiah Likely,TE,10.7,4.0,5.89,9.89,10.36,10.41,0.109,1.0,9.89,,0.0,0
2026-09-14 01:19:22Z,DAL,in,0.401,Q2 5:55,-7.0,DAL,Dallas Cowboys D/ST,DST,6.5,5.0,-0.24,4.76,9.25,8.89,0.151,1.0,4.76,,0.0,0
2026-09-14 01:19:22Z,DAL,in,0.401,Q2 5:55,-7.0,8137,George Pickens,WR,15.2,3.7,10.15,13.85,12.44,12.8,0.231,1.0,13.85,,0.0,0
2026-09-14 01:19:22Z,NYG,in,0.401,Q2 5:55,7.0,11597,Theo Johnson,TE,4.3,0.0,2.21,2.21,2.32,2.57,0.401,1.0,2.21,,0.0,0
2026-09-14 01:19:22Z,NYG,in,0.401,Q2 5:55,7.0,12508,Jaxson Dart,QB,20.5,3.74,10.65,14.39,15.34,16.01,0.109,1.0,14.39,,0.0,0
2026-09-14 01:19:22Z,NYG,in,0.401,Q2 5:55,7.0,13285,Malachi Fields,WR,6.2,0.0,3.18,3.18,3.34,3.71,0.401,1.0,3.18,,0.0,0
2026-09-14 01:19:22Z,DAL,in,0.401,Q2 5:55,-7.0,8917,KaVontae Turpin,WR,4.3,1.7,2.93,4.63,4.27,4.27,0.044,1.0,4.63,,0.0,0
2026-09-14 01:19:22Z,NYG,in,0.401,Q2 5:55,7.0,11655,Tyrone Tracy,RB,2.4,0.6,1.32,1.92,1.98,2.04,0.173,1.0,1.92,,0.0,0
2026-09-14 01:19:22Z,NYG,in,0.401,Q2 5:55,7.0,11632,Malik Nabers,WR,16.5,3.6,8.83,12.43,13.02,13.48,0.138,1.0,12.43,,0.0,0
2026-09-14 01:19:22Z,NYG,in,0.401,Q2 5:55,7.0,7090,Darnell Mooney,WR,5.6,0.0,2.87,2.87,3.02,3.35,0.401,1.0,2.87,,0.0,0
2026-09-14 01:19:22Z,NYG,in,0.401,Q2 5:55,7.0,2306,Jameis Winston,QB,0.5,0.0,0.24,0.24,0.27,0.3,0.401,0.3,0.07,,0.0,0
2026-09-14 01:19:22Z,DAL,in,0.401,Q2 5:55,-7.0,11593,Brevyn Spann-Ford,TE,0.5,3.4,0.66,4.06,4.18,3.7,0.188,1.0,4.06,,0.0,0
2026-09-14 01:19:22Z,NYG,in,0.401,Q2 5:55,7.0,2078,Odell Beckham,WR,4.3,0.0,2.21,2.21,2.32,2.57,0.401,1.0,2.21,,0.0,0
2026-09-14 01:19:22Z,NYG,in,0.401,Q2 5:55,7.0,12481,Cam Skattebo,RB,14.1,7.7,8.64,16.34,16.45,16.14,0.151,1.0,16.34,,0.0,0
2026-09-14 01:19:22Z,DAL,in,0.401,Q2 5:55,-7.0,11199,Emari Demercado,RB,1.8,0.4,1.07,1.47,1.43,1.48,0.044,1.0,1.47,,0.0,0
2026-09-14 01:19:22Z,NYG,in,0.401,Q2 5:55,7.0,NYG,New York Giants D/ST,DST,5.2,10.0,-1.42,8.58,14.3,13.11,0.401,1.0,8.58,,0.0,0
2026-09-14 01:19:22Z,NYG,in,0.401,Q2 5:55,7.0,7528,Najee Harris,RB,4.2,0.0,2.09,2.09,2.26,2.51,0.401,1.0,2.09,,0.0,0
2026-09-14 01:19:22Z,DAL,in,0.401,Q2 5:55,-7.0,8162,Sam Howell,QB,0.6,0.0,0.39,0.39,0.32,0.36,0.401,0.3,0.12,,0.0,0
2026-09-14 01:19:22Z,DAL,in,0.401,Q2 5:55,-7.0,11783,Ryan Flournoy,WR,7.4,0.0,4.76,4.76,3.99,4.43,0.401,1.0,4.76,,0.0,0
2026-09-14 01:19:22Z,DAL,in,0.401,Q2 5:55,-7.0,10871,Luke Schoonmaker,TE,1.7,2.2,1.31,3.51,3.44,3.22,0.014,1.0,3.51,,0.0,0
2026-09-14 01:19:22Z,DAL,in,0.401,Q2 5:55,-7.0,7588,Javonte Williams,RB,16.9,2.0,9.66,11.66,11.4,12.12,0.001,1.0,11.66,,0.0,0
2026-09-14 01:20:23Z,DAL,in,0.401,Q2 5:55,-7.0,11533,Brandon Aubrey,K,9.6,0.0,5.17,5.17,5.17,5.75,0.401,1.0,5.17,,0.0,0
2026-09-14 01:20:23Z,DAL,in,0.401,Q2 5:55,-7.0,6786,CeeDee Lamb,WR,18.3,0.0,11.77,11.77,9.86,10.95,0.401,1.0,11.77,,0.0,0
2026-09-14 01:20:23Z,DAL,in,0.401,Q2 5:55,-7.0,3294,Dak Prescott,QB,18.5,3.4,12.73,16.13,13.87,14.47,0.014,1.0,16.13,,0.0,0
2026-09-14 01:20:23Z,NYG,in,0.401,Q2 5:55,7.0,13833,Dominic Zvada,K,8.2,1.0,4.57,5.57,5.57,5.91,0.263,1.0,5.57,,0.0,0
2026-09-14 01:20:23Z,DAL,in,0.401,Q2 5:55,-7.0,8110,Jake Ferguson,TE,9.3,0.0,5.98,5.98,5.01,5.57,0.401,1.0,5.98,,0.0,0
2026-09-14 01:20:23Z,NYG,in,0.401,Q2 5:55,7.0,8131,Isaiah Likely,TE,10.7,4.0,5.89,9.89,10.36,10.41,0.109,1.0,9.89,,0.0,0
2026-09-14 01:20:23Z,DAL,in,0.401,Q2 5:55,-7.0,DAL,Dallas Cowboys D/ST,DST,6.5,5.0,-0.24,4.76,9.25,8.89,0.151,1.0,4.76,,0.0,0
2026-09-14 01:20:23Z,DAL,in,0.401,Q2 5:55,-7.0,8137,George Pickens,WR,15.2,3.7,10.15,13.85,12.44,12.8,0.231,1.0,13.85,,0.0,0
2026-09-14 01:20:23Z,NYG,in,0.401,Q2 5:55,7.0,11597,Theo Johnson,TE,4.3,0.0,2.21,2.21,2.32,2.57,0.401,1.0,2.21,,0.0,0
2026-09-14 01:20:23Z,NYG,in,0.401,Q2 5:55,7.0,12508,Jaxson Dart,QB,20.5,3.74,10.65,14.39,15.34,16.01,0.109,1.0,14.39,,0.0,0
2026-09-14 01:20:23Z,NYG,in,0.401,Q2 5:55,7.0,13285,Malachi Fields,WR,6.2,0.0,3.18,3.18,3.34,3.71,0.401,1.0,3.18,,0.0,0
2026-09-14 01:20:23Z,DAL,in,0.401,Q2 5:55,-7.0,8917,KaVontae Turpin,WR,4.3,1.7,2.93,4.63,4.27,4.27,0.044,1.0,4.63,,0.0,0
2026-09-14 01:20:23Z,NYG,in,0.401,Q2 5:55,7.0,11655,Tyrone Tracy,RB,2.4,0.6,1.32,1.92,1.98,2.04,0.173,1.0,1.92,,0.0,0
2026-09-14 01:20:23Z,NYG,in,0.401,Q2 5:55,7.0,11632,Malik Nabers,WR,16.5,3.6,8.83,12.43,13.02,13.48,0.138,1.0,12.43,,0.0,0
2026-09-14 01:20:23Z,NYG,in,0.401,Q2 5:55,7.0,7090,Darnell Mooney,WR,5.6,0.0,2.87,2.87,3.02,3.35,0.401,1.0,2.87,,0.0,0
2026-09-14 01:20:23Z,NYG,in,0.401,Q2 5:55,7.0,2306,Jameis Winston,QB,0.5,0.0,0.24,0.24,0.27,0.3,0.401,0.3,0.07,,0.0,0
2026-09-14 01:20:23Z,DAL,in,0.401,Q2 5:55,-7.0,11593,Brevyn Spann-Ford,TE,0.5,3.4,0.66,4.06,4.18,3.7,0.188,1.0,4.06,,0.0,0
2026-09-14 01:20:23Z,NYG,in,0.401,Q2 5:55,7.0,2078,Odell Beckham,WR,4.3,0.0,2.21,2.21,2.32,2.57,0.401,1.0,2.21,,0.0,0
2026-09-14 01:20:23Z,NYG,in,0.401,Q2 5:55,7.0,12481,Cam Skattebo,RB,14.1,7.7,8.64,16.34,16.45,16.14,0.151,1.0,16.34,,0.0,0
2026-09-14 01:20:23Z,DAL,in,0.401,Q2 5:55,-7.0,11199,Emari Demercado,RB,1.8,0.4,1.07,1.47,1.43,1.48,0.044,1.0,1.47,,0.0,0
2026-09-14 01:20:23Z,NYG,in,0.401,Q2 5:55,7.0,NYG,New York Giants D/ST,DST,5.2,10.0,-1.42,8.58,14.3,13.11,0.401,1.0,8.58,,0.0,0
2026-09-14 01:20:23Z,NYG,in,0.401,Q2 5:55,7.0,7528,Najee Harris,RB,4.2,0.0,2.09,2.09,2.26,2.51,0.401,1.0,2.09,,0.0,0
2026-09-14 01:20:23Z,DAL,in,0.401,Q2 5:55,-7.0,8162,Sam Howell,QB,0.6,0.0,0.39,0.39,0.32,0.36,0.401,0.3,0.12,,0.0,0
2026-09-14 01:20:23Z,DAL,in,0.401,Q2 5:55,-7.0,11783,Ryan Flournoy,WR,7.4,0.0,4.76,4.76,3.99,4.43,0.401,1.0,4.76,,0.0,0
2026-09-14 01:20:23Z,DAL,in,0.401,Q2 5:55,-7.0,10871,Luke Schoonmaker,TE,1.7,2.2,1.31,3.51,3.44,3.22,0.014,1.0,3.51,,0.0,0
2026-09-14 01:20:23Z,DAL,in,0.401,Q2 5:55,-7.0,7588,Javonte Williams,RB,16.9,2.0,9.66,11.66,11.4,12.12,0.001,1.0,11.66,,0.0,0
2026-09-14 01:21:23Z,DAL,in,0.404,Q2 5:44,0.0,11533,Brandon Aubrey,K,9.6,1.0,5.29,6.29,6.29,6.72,0.0,1.0,6.29,,0.0,0
2026-09-14 01:21:23Z,DAL,in,0.404,Q2 5:44,0.0,6786,CeeDee Lamb,WR,18.3,7.1,11.19,18.29,17.95,18.0,0.0,1.0,18.29,,0.0,0
2026-09-14 01:21:23Z,DAL,in,0.404,Q2 5:44,0.0,3294,Dak Prescott,QB,18.5,7.44,11.87,19.31,18.45,18.46,0.0,1.0,19.31,,0.0,0
2026-09-14 01:21:23Z,NYG,in,0.404,Q2 5:44,0.0,13833,Dominic Zvada,K,8.2,1.0,4.54,5.54,5.54,5.88,0.266,1.0,5.54,,0.0,0
2026-09-14 01:21:23Z,DAL,in,0.404,Q2 5:44,0.0,8110,Jake Ferguson,TE,9.3,0.0,5.33,5.33,4.98,5.54,0.404,1.0,5.33,,0.0,0
2026-09-14 01:21:23Z,NYG,in,0.404,Q2 5:44,0.0,8131,Isaiah Likely,TE,10.7,4.0,6.53,10.53,10.32,10.37,0.112,1.0,10.53,,0.0,0
2026-09-14 01:21:23Z,DAL,in,0.404,Q2 5:44,0.0,DAL,Dallas Cowboys D/ST,DST,6.5,5.0,0.16,5.16,9.22,8.87,0.154,1.0,5.16,,0.0,0
2026-09-14 01:21:23Z,DAL,in,0.404,Q2 5:44,0.0,8137,George Pickens,WR,15.2,3.7,9.08,12.78,12.39,12.75,0.234,1.0,12.78,,0.0,0
2026-09-14 01:21:23Z,NYG,in,0.404,Q2 5:44,0.0,11597,Theo Johnson,TE,4.3,0.0,2.47,2.47,2.3,2.56,0.404,1.0,2.47,,0.0,0
2026-09-14 01:21:23Z,NYG,in,0.404,Q2 5:44,0.0,12508,Jaxson Dart,QB,20.5,3.74,12.26,16.0,15.27,15.95,0.112,1.0,16.0,,0.0,0
2026-09-14 01:21:23Z,NYG,in,0.404,Q2 5:44,0.0,13285,Malachi Fields,WR,6.2,0.0,3.56,3.56,3.32,3.69,0.404,1.0,3.56,,0.0,0
2026-09-14 01:21:23Z,DAL,in,0.404,Q2 5:44,0.0,8917,KaVontae Turpin,WR,4.3,1.7,2.63,4.33,4.26,4.26,0.047,1.0,4.33,,0.0,0
2026-09-14 01:21:23Z,NYG,in,0.404,Q2 5:44,0.0,11655,Tyrone Tracy,RB,2.4,0.6,1.37,1.97,1.97,2.03,0.176,1.0,1.97,,0.0,0
2026-09-14 01:21:23Z,NYG,in,0.404,Q2 5:44,0.0,11632,Malik Nabers,WR,16.5,3.6,9.82,13.42,12.97,13.43,0.141,1.0,13.42,,0.0,0
2026-09-14 01:21:23Z,NYG,in,0.404,Q2 5:44,0.0,7090,Darnell Mooney,WR,5.6,0.0,3.21,3.21,3.0,3.34,0.404,1.0,3.21,,0.0,0
2026-09-14 01:21:23Z,NYG,in,0.404,Q2 5:44,0.0,2306,Jameis Winston,QB,0.5,0.0,0.28,0.28,0.27,0.3,0.404,0.3,0.08,,0.0,0
2026-09-14 01:21:23Z,DAL,in,0.404,Q2 5:44,0.0,11593,Brevyn Spann-Ford,TE,0.5,3.4,0.62,4.02,4.17,3.7,0.191,1.0,4.02,,0.0,0
2026-09-14 01:21:23Z,NYG,in,0.404,Q2 5:44,0.0,2078,Odell Beckham,WR,4.3,0.0,2.47,2.47,2.3,2.56,0.404,1.0,2.47,,0.0,0
2026-09-14 01:21:23Z,NYG,in,0.404,Q2 5:44,0.0,12481,Cam Skattebo,RB,14.1,7.7,8.91,16.61,16.39,16.1,0.154,1.0,16.61,,0.0,0
2026-09-14 01:21:23Z,DAL,in,0.404,Q2 5:44,0.0,11199,Emari Demercado,RB,1.8,0.4,1.02,1.42,1.42,1.47,0.047,1.0,1.42,,0.0,0
2026-09-14 01:21:23Z,NYG,in,0.404,Q2 5:44,0.0,NYG,New York Giants D/ST,DST,5.2,4.0,0.16,4.16,7.38,7.1,0.0,1.0,4.16,,0.0,0
2026-09-14 01:21:23Z,NYG,in,0.404,Q2 5:44,0.0,7528,Najee Harris,RB,4.2,0.0,2.18,2.18,2.25,2.5,0.404,1.0,2.18,,0.0,0
2026-09-14 01:21:23Z,DAL,in,0.404,Q2 5:44,0.0,8162,Sam Howell,QB,0.6,0.0,0.34,0.34,0.32,0.36,0.404,0.3,0.1,,0.0,0
2026-09-14 01:21:23Z,DAL,in,0.404,Q2 5:44,0.0,11783,Ryan Flournoy,WR,7.4,0.0,4.24,4.24,3.96,4.41,0.404,1.0,4.24,,0.0,0
2026-09-14 01:21:23Z,DAL,in,0.404,Q2 5:44,0.0,10871,Luke Schoonmaker,TE,1.7,2.2,1.19,3.39,3.44,3.21,0.017,1.0,3.39,,0.0,0
2026-09-14 01:21:23Z,DAL,in,0.404,Q2 5:44,0.0,7588,Javonte Williams,RB,16.9,2.0,9.18,11.18,11.34,12.06,0.004,1.0,11.18,,0.0,0
2026-09-14 01:22:23Z,DAL,in,0.404,Q2 5:44,0.0,11533,Brandon Aubrey,K,9.6,1.0,5.29,6.29,6.29,6.72,0.0,1.0,6.29,,0.0,0
2026-09-14 01:22:23Z,DAL,in,0.404,Q2 5:44,0.0,6786,CeeDee Lamb,WR,18.3,7.1,11.19,18.29,17.95,18.0,0.0,1.0,18.29,,0.0,0
2026-09-14 01:22:23Z,DAL,in,0.404,Q2 5:44,0.0,3294,Dak Prescott,QB,18.5,7.44,11.87,19.31,18.45,18.46,0.0,1.0,19.31,,0.0,0
2026-09-14 01:22:23Z,NYG,in,0.404,Q2 5:44,0.0,13833,Dominic Zvada,K,8.2,1.0,4.54,5.54,5.54,5.88,0.266,1.0,5.54,,0.0,0
2026-09-14 01:22:23Z,DAL,in,0.404,Q2 5:44,0.0,8110,Jake Ferguson,TE,9.3,0.0,5.33,5.33,4.98,5.54,0.404,1.0,5.33,,0.0,0
2026-09-14 01:22:23Z,NYG,in,0.404,Q2 5:44,0.0,8131,Isaiah Likely,TE,10.7,4.0,6.53,10.53,10.32,10.37,0.112,1.0,10.53,,0.0,0
2026-09-14 01:22:23Z,DAL,in,0.404,Q2 5:44,0.0,DAL,Dallas Cowboys D/ST,DST,6.5,5.0,0.16,5.16,9.22,8.87,0.154,1.0,5.16,,0.0,0
2026-09-14 01:22:23Z,DAL,in,0.404,Q2 5:44,0.0,8137,George Pickens,WR,15.2,3.7,9.08,12.78,12.39,12.75,0.234,1.0,12.78,,0.0,0
2026-09-14 01:22:23Z,NYG,in,0.404,Q2 5:44,0.0,11597,Theo Johnson,TE,4.3,0.0,2.47,2.47,2.3,2.56,0.404,1.0,2.47,,0.0,0
2026-09-14 01:22:23Z,NYG,in,0.404,Q2 5:44,0.0,12508,Jaxson Dart,QB,20.5,3.74,12.26,16.0,15.27,15.95,0.112,1.0,16.0,,0.0,0
2026-09-14 01:22:23Z,NYG,in,0.404,Q2 5:44,0.0,13285,Malachi Fields,WR,6.2,0.0,3.56,3.56,3.32,3.69,0.404,1.0,3.56,,0.0,0
2026-09-14 01:22:23Z,DAL,in,0.404,Q2 5:44,0.0,8917,KaVontae Turpin,WR,4.3,1.7,2.63,4.33,4.26,4.26,0.047,1.0,4.33,,0.0,0
2026-09-14 01:22:23Z,NYG,in,0.404,Q2 5:44,0.0,11655,Tyrone Tracy,RB,2.4,0.6,1.37,1.97,1.97,2.03,0.176,1.0,1.97,,0.0,0
2026-09-14 01:22:23Z,NYG,in,0.404,Q2 5:44,0.0,11632,Malik Nabers,WR,16.5,3.6,9.82,13.42,12.97,13.43,0.141,1.0,13.42,,0.0,0
2026-09-14 01:22:23Z,NYG,in,0.404,Q2 5:44,0.0,7090,Darnell Mooney,WR,5.6,0.0,3.21,3.21,3.0,3.34,0.404,1.0,3.21,,0.0,0
2026-09-14 01:22:23Z,NYG,in,0.404,Q2 5:44,0.0,2306,Jameis Winston,QB,0.5,0.0,0.28,0.28,0.27,0.3,0.404,0.3,0.08,,0.0,0
2026-09-14 01:22:23Z,DAL,in,0.404,Q2 5:44,0.0,11593,Brevyn Spann-Ford,TE,0.5,3.4,0.62,4.02,4.17,3.7,0.191,1.0,4.02,,0.0,0
2026-09-14 01:22:23Z,NYG,in,0.404,Q2 5:44,0.0,2078,Odell Beckham,WR,4.3,0.0,2.47,2.47,2.3,2.56,0.404,1.0,2.47,,0.0,0
2026-09-14 01:22:23Z,NYG,in,0.404,Q2 5:44,0.0,12481,Cam Skattebo,RB,14.1,7.7,8.91,16.61,16.39,16.1,0.154,1.0,16.61,,0.0,0
2026-09-14 01:22:23Z,DAL,in,0.404,Q2 5:44,0.0,11199,Emari Demercado,RB,1.8,0.4,1.02,1.42,1.42,1.47,0.047,1.0,1.42,,0.0,0
2026-09-14 01:22:23Z,NYG,in,0.404,Q2 5:44,0.0,NYG,New York Giants D/ST,DST,5.2,4.0,0.16,4.16,7.38,7.1,0.0,1.0,4.16,,0.0,0
2026-09-14 01:22:23Z,NYG,in,0.404,Q2 5:44,0.0,7528,Najee Harris,RB,4.2,0.0,2.18,2.18,2.25,2.5,0.404,1.0,2.18,,0.0,0
2026-09-14 01:22:23Z,DAL,in,0.404,Q2 5:44,0.0,8162,Sam Howell,QB,0.6,0.0,0.34,0.34,0.32,0.36,0.404,0.3,0.1,,0.0,0
2026-09-14 01:22:23Z,DAL,in,0.404,Q2 5:44,0.0,11783,Ryan Flournoy,WR,7.4,0.0,4.24,4.24,3.96,4.41,0.404,1.0,4.24,,0.0,0
2026-09-14 01:22:23Z,DAL,in,0.404,Q2 5:44,0.0,10871,Luke Schoonmaker,TE,1.7,2.2,1.19,3.39,3.44,3.21,0.017,1.0,3.39,,0.0,0
2026-09-14 01:22:23Z,DAL,in,0.404,Q2 5:44,0.0,7588,Javonte Williams,RB,16.9,2.0,9.18,11.18,11.34,12.06,0.004,1.0,11.18,,0.0,0
2026-09-14 01:23:24Z,DAL,in,0.404,Q2 5:44,0.0,11533,Brandon Aubrey,K,9.6,1.0,5.29,6.29,6.29,6.72,0.0,1.0,6.29,,0.0,0
2026-09-14 01:23:24Z,DAL,in,0.404,Q2 5:44,0.0,6786,CeeDee Lamb,WR,18.3,7.1,11.19,18.29,17.95,18.0,0.0,1.0,18.29,,0.0,0
2026-09-14 01:23:24Z,DAL,in,0.404,Q2 5:44,0.0,3294,Dak Prescott,QB,18.5,7.44,11.87,19.31,18.45,18.46,0.0,1.0,19.31,,0.0,0
2026-09-14 01:23:24Z,NYG,in,0.404,Q2 5:44,0.0,13833,Dominic Zvada,K,8.2,1.0,4.54,5.54,5.54,5.88,0.266,1.0,5.54,,0.0,0
2026-09-14 01:23:24Z,DAL,in,0.404,Q2 5:44,0.0,8110,Jake Ferguson,TE,9.3,0.0,5.33,5.33,4.98,5.54,0.404,1.0,5.33,,0.0,0
2026-09-14 01:23:24Z,NYG,in,0.404,Q2 5:44,0.0,8131,Isaiah Likely,TE,10.7,4.0,6.53,10.53,10.32,10.37,0.112,1.0,10.53,,0.0,0
2026-09-14 01:23:24Z,DAL,in,0.404,Q2 5:44,0.0,DAL,Dallas Cowboys D/ST,DST,6.5,5.0,0.16,5.16,9.22,8.87,0.154,1.0,5.16,,0.0,0
2026-09-14 01:23:24Z,DAL,in,0.404,Q2 5:44,0.0,8137,George Pickens,WR,15.2,3.7,9.08,12.78,12.39,12.75,0.234,1.0,12.78,,0.0,0
2026-09-14 01:23:24Z,NYG,in,0.404,Q2 5:44,0.0,11597,Theo Johnson,TE,4.3,0.0,2.47,2.47,2.3,2.56,0.404,1.0,2.47,,0.0,0
2026-09-14 01:23:24Z,NYG,in,0.404,Q2 5:44,0.0,12508,Jaxson Dart,QB,20.5,3.74,12.26,16.0,15.27,15.95,0.112,1.0,16.0,,0.0,0
2026-09-14 01:23:24Z,NYG,in,0.404,Q2 5:44,0.0,13285,Malachi Fields,WR,6.2,0.0,3.56,3.56,3.32,3.69,0.404,1.0,3.56,,0.0,0
2026-09-14 01:23:24Z,DAL,in,0.404,Q2 5:44,0.0,8917,KaVontae Turpin,WR,4.3,1.7,2.63,4.33,4.26,4.26,0.047,1.0,4.33,,0.0,0
2026-09-14 01:23:24Z,NYG,in,0.404,Q2 5:44,0.0,11655,Tyrone Tracy,RB,2.4,0.6,1.37,1.97,1.97,2.03,0.176,1.0,1.97,,0.0,0
2026-09-14 01:23:24Z,NYG,in,0.404,Q2 5:44,0.0,11632,Malik Nabers,WR,16.5,3.6,9.82,13.42,12.97,13.43,0.141,1.0,13.42,,0.0,0
2026-09-14 01:23:24Z,NYG,in,0.404,Q2 5:44,0.0,7090,Darnell Mooney,WR,5.6,0.0,3.21,3.21,3.0,3.34,0.404,1.0,3.21,,0.0,0
2026-09-14 01:23:24Z,NYG,in,0.404,Q2 5:44,0.0,2306,Jameis Winston,QB,0.5,0.0,0.28,0.28,0.27,0.3,0.404,0.3,0.08,,0.0,0
2026-09-14 01:23:24Z,DAL,in,0.404,Q2 5:44,0.0,11593,Brevyn Spann-Ford,TE,0.5,3.4,0.62,4.02,4.17,3.7,0.191,1.0,4.02,,0.0,0
2026-09-14 01:23:24Z,NYG,in,0.404,Q2 5:44,0.0,2078,Odell Beckham,WR,4.3,0.0,2.47,2.47,2.3,2.56,0.404,1.0,2.47,,0.0,0
2026-09-14 01:23:24Z,NYG,in,0.404,Q2 5:44,0.0,12481,Cam Skattebo,RB,14.1,7.7,8.91,16.61,16.39,16.1,0.154,1.0,16.61,,0.0,0
2026-09-14 01:23:24Z,DAL,in,0.404,Q2 5:44,0.0,11199,Emari Demercado,RB,1.8,0.4,1.02,1.42,1.42,1.47,0.047,1.0,1.42,,0.0,0
2026-09-14 01:23:24Z,NYG,in,0.404,Q2 5:44,0.0,NYG,New York Giants D/ST,DST,5.2,4.0,0.16,4.16,7.38,7.1,0.0,1.0,4.16,,0.0,0
2026-09-14 01:23:24Z,NYG,in,0.404,Q2 5:44,0.0,7528,Najee Harris,RB,4.2,0.0,2.18,2.18,2.25,2.5,0.404,1.0,2.18,,0.0,0
2026-09-14 01:23:24Z,DAL,in,0.404,Q2 5:44,0.0,8162,Sam Howell,QB,0.6,0.0,0.34,0.34,0.32,0.36,0.404,0.3,0.1,,0.0,0
2026-09-14 01:23:24Z,DAL,in,0.404,Q2 5:44,0.0,11783,Ryan Flournoy,WR,7.4,0.0,4.24,4.24,3.96,4.41,0.404,1.0,4.24,,0.0,0
2026-09-14 01:23:24Z,DAL,in,0.404,Q2 5:44,0.0,10871,Luke Schoonmaker,TE,1.7,2.2,1.19,3.39,3.44,3.21,0.017,1.0,3.39,,0.0,0
2026-09-14 01:23:24Z,DAL,in,0.404,Q2 5:44,0.0,7588,Javonte Williams,RB,16.9,2.0,9.18,11.18,11.34,12.06,0.004,1.0,11.18,,0.0,0
2026-09-14 01:24:24Z,DAL,in,0.404,Q2 5:44,0.0,11533,Brandon Aubrey,K,9.6,1.0,5.29,6.29,6.29,6.72,0.0,1.0,6.29,,0.0,0
2026-09-14 01:24:24Z,DAL,in,0.404,Q2 5:44,0.0,6786,CeeDee Lamb,WR,18.3,7.1,11.19,18.29,17.95,18.0,0.0,1.0,18.29,,0.0,0
2026-09-14 01:24:24Z,DAL,in,0.404,Q2 5:44,0.0,3294,Dak Prescott,QB,18.5,7.44,11.87,19.31,18.45,18.46,0.0,1.0,19.31,,0.0,0
2026-09-14 01:24:24Z,NYG,in,0.404,Q2 5:44,0.0,13833,Dominic Zvada,K,8.2,1.0,4.54,5.54,5.54,5.88,0.266,1.0,5.54,,0.0,0
2026-09-14 01:24:24Z,DAL,in,0.404,Q2 5:44,0.0,8110,Jake Ferguson,TE,9.3,0.0,5.33,5.33,4.98,5.54,0.404,1.0,5.33,,0.0,0
2026-09-14 01:24:24Z,NYG,in,0.404,Q2 5:44,0.0,8131,Isaiah Likely,TE,10.7,4.0,6.53,10.53,10.32,10.37,0.112,1.0,10.53,,0.0,0
2026-09-14 01:24:24Z,DAL,in,0.404,Q2 5:44,0.0,DAL,Dallas Cowboys D/ST,DST,6.5,5.0,0.16,5.16,9.22,8.87,0.154,1.0,5.16,,0.0,0
2026-09-14 01:24:24Z,DAL,in,0.404,Q2 5:44,0.0,8137,George Pickens,WR,15.2,3.7,9.08,12.78,12.39,12.75,0.234,1.0,12.78,,0.0,0
2026-09-14 01:24:24Z,NYG,in,0.404,Q2 5:44,0.0,11597,Theo Johnson,TE,4.3,0.0,2.47,2.47,2.3,2.56,0.404,1.0,2.47,,0.0,0
2026-09-14 01:24:24Z,NYG,in,0.404,Q2 5:44,0.0,12508,Jaxson Dart,QB,20.5,3.74,12.26,16.0,15.27,15.95,0.112,1.0,16.0,,0.0,0
2026-09-14 01:24:24Z,NYG,in,0.404,Q2 5:44,0.0,13285,Malachi Fields,WR,6.2,0.0,3.56,3.56,3.32,3.69,0.404,1.0,3.56,,0.0,0
2026-09-14 01:24:24Z,DAL,in,0.404,Q2 5:44,0.0,8917,KaVontae Turpin,WR,4.3,1.7,2.63,4.33,4.26,4.26,0.047,1.0,4.33,,0.0,0
2026-09-14 01:24:24Z,NYG,in,0.404,Q2 5:44,0.0,11655,Tyrone Tracy,RB,2.4,0.6,1.37,1.97,1.97,2.03,0.176,1.0,1.97,,0.0,0
2026-09-14 01:24:24Z,NYG,in,0.404,Q2 5:44,0.0,11632,Malik Nabers,WR,16.5,3.6,9.82,13.42,12.97,13.43,0.141,1.0,13.42,,0.0,0
2026-09-14 01:24:24Z,NYG,in,0.404,Q2 5:44,0.0,7090,Darnell Mooney,WR,5.6,0.0,3.21,3.21,3.0,3.34,0.404,1.0,3.21,,0.0,0
2026-09-14 01:24:24Z,NYG,in,0.404,Q2 5:44,0.0,2306,Jameis Winston,QB,0.5,0.0,0.28,0.28,0.27,0.3,0.404,0.3,0.08,,0.0,0
2026-09-14 01:24:24Z,DAL,in,0.404,Q2 5:44,0.0,11593,Brevyn Spann-Ford,TE,0.5,3.4,0.62,4.02,4.17,3.7,0.191,1.0,4.02,,0.0,0
2026-09-14 01:24:24Z,NYG,in,0.404,Q2 5:44,0.0,2078,Odell Beckham,WR,4.3,0.0,2.47,2.47,2.3,2.56,0.404,1.0,2.47,,0.0,0
2026-09-14 01:24:24Z,NYG,in,0.404,Q2 5:44,0.0,12481,Cam Skattebo,RB,14.1,7.7,8.91,16.61,16.39,16.1,0.154,1.0,16.61,,0.0,0
2026-09-14 01:24:24Z,DAL,in,0.404,Q2 5:44,0.0,11199,Emari Demercado,RB,1.8,0.4,1.02,1.42,1.42,1.47,0.047,1.0,1.42,,0.0,0
2026-09-14 01:24:24Z,NYG,in,0.404,Q2 5:44,0.0,NYG,New York Giants D/ST,DST,5.2,4.0,0.16,4.16,7.38,7.1,0.0,1.0,4.16,,0.0,0
2026-09-14 01:24:24Z,NYG,in,0.404,Q2 5:44,0.0,7528,Najee Harris,RB,4.2,0.0,2.18,2.18,2.25,2.5,0.404,1.0,2.18,,0.0,0
2026-09-14 01:24:24Z,DAL,in,0.404,Q2 5:44,0.0,8162,Sam Howell,QB,0.6,0.0,0.34,0.34,0.32,0.36,0.404,0.3,0.1,,0.0,0
2026-09-14 01:24:24Z,DAL,in,0.404,Q2 5:44,0.0,11783,Ryan Flournoy,WR,7.4,0.0,4.24,4.24,3.96,4.41,0.404,1.0,4.24,,0.0,0
2026-09-14 01:24:24Z,DAL,in,0.404,Q2 5:44,0.0,10871,Luke Schoonmaker,TE,1.7,2.2,1.19,3.39,3.44,3.21,0.017,1.0,3.39,,0.0,0
2026-09-14 01:24:24Z,DAL,in,0.404,Q2 5:44,0.0,7588,Javonte Williams,RB,16.9,2.0,9.18,11.18,11.34,12.06,0.004,1.0,11.18,,0.0,0
2026-09-14 01:25:25Z,DAL,in,0.404,Q2 5:44,0.0,11533,Brandon Aubrey,K,9.6,1.0,5.29,6.29,6.29,6.72,0.0,1.0,6.29,,0.0,0
2026-09-14 01:25:25Z,DAL,in,0.404,Q2 5:44,0.0,6786,CeeDee Lamb,WR,18.3,7.1,11.19,18.29,17.95,18.0,0.0,1.0,18.29,,0.0,0
2026-09-14 01:25:25Z,DAL,in,0.404,Q2 5:44,0.0,3294,Dak Prescott,QB,18.5,7.44,11.87,19.31,18.45,18.46,0.0,1.0,19.31,,0.0,0
2026-09-14 01:25:25Z,NYG,in,0.404,Q2 5:44,0.0,13833,Dominic Zvada,K,8.2,1.0,4.54,5.54,5.54,5.88,0.266,1.0,5.54,,0.0,0
2026-09-14 01:25:25Z,DAL,in,0.404,Q2 5:44,0.0,8110,Jake Ferguson,TE,9.3,0.0,5.33,5.33,4.98,5.54,0.404,1.0,5.33,,0.0,0
2026-09-14 01:25:25Z,NYG,in,0.404,Q2 5:44,0.0,8131,Isaiah Likely,TE,10.7,4.0,6.53,10.53,10.32,10.37,0.112,1.0,10.53,,0.0,0
2026-09-14 01:25:25Z,DAL,in,0.404,Q2 5:44,0.0,DAL,Dallas Cowboys D/ST,DST,6.5,5.0,0.16,5.16,9.22,8.87,0.154,1.0,5.16,,0.0,0
2026-09-14 01:25:25Z,DAL,in,0.404,Q2 5:44,0.0,8137,George Pickens,WR,15.2,3.7,9.08,12.78,12.39,12.75,0.234,1.0,12.78,,0.0,0
2026-09-14 01:25:25Z,NYG,in,0.404,Q2 5:44,0.0,11597,Theo Johnson,TE,4.3,0.0,2.47,2.47,2.3,2.56,0.404,1.0,2.47,,0.0,0
2026-09-14 01:25:25Z,NYG,in,0.404,Q2 5:44,0.0,12508,Jaxson Dart,QB,20.5,3.74,12.26,16.0,15.27,15.95,0.112,1.0,16.0,,0.0,0
2026-09-14 01:25:25Z,NYG,in,0.404,Q2 5:44,0.0,13285,Malachi Fields,WR,6.2,0.0,3.56,3.56,3.32,3.69,0.404,1.0,3.56,,0.0,0
2026-09-14 01:25:25Z,DAL,in,0.404,Q2 5:44,0.0,8917,KaVontae Turpin,WR,4.3,1.7,2.63,4.33,4.26,4.26,0.047,1.0,4.33,,0.0,0
2026-09-14 01:25:25Z,NYG,in,0.404,Q2 5:44,0.0,11655,Tyrone Tracy,RB,2.4,0.6,1.37,1.97,1.97,2.03,0.176,1.0,1.97,,0.0,0
2026-09-14 01:25:25Z,NYG,in,0.404,Q2 5:44,0.0,11632,Malik Nabers,WR,16.5,3.6,9.82,13.42,12.97,13.43,0.141,1.0,13.42,,0.0,0
2026-09-14 01:25:25Z,NYG,in,0.404,Q2 5:44,0.0,7090,Darnell Mooney,WR,5.6,0.0,3.21,3.21,3.0,3.34,0.404,1.0,3.21,,0.0,0
2026-09-14 01:25:25Z,NYG,in,0.404,Q2 5:44,0.0,2306,Jameis Winston,QB,0.5,0.0,0.28,0.28,0.27,0.3,0.404,0.3,0.08,,0.0,0
2026-09-14 01:25:25Z,DAL,in,0.404,Q2 5:44,0.0,11593,Brevyn Spann-Ford,TE,0.5,3.4,0.62,4.02,4.17,3.7,0.191,1.0,4.02,,0.0,0
2026-09-14 01:25:25Z,NYG,in,0.404,Q2 5:44,0.0,2078,Odell Beckham,WR,4.3,0.0,2.47,2.47,2.3,2.56,0.404,1.0,2.47,,0.0,0
2026-09-14 01:25:25Z,NYG,in,0.404,Q2 5:44,0.0,12481,Cam Skattebo,RB,14.1,7.7,8.91,16.61,16.39,16.1,0.154,1.0,16.61,,0.0,0
2026-09-14 01:25:25Z,DAL,in,0.404,Q2 5:44,0.0,11199,Emari Demercado,RB,1.8,0.4,1.02,1.42,1.42,1.47,0.047,1.0,1.42,,0.0,0
2026-09-14 01:25:25Z,NYG,in,0.404,Q2 5:44,0.0,NYG,New York Giants D/ST,DST,5.2,4.0,0.16,4.16,7.38,7.1,0.0,1.0,4.16,,0.0,0
2026-09-14 01:25:25Z,NYG,in,0.404,Q2 5:44,0.0,7528,Najee Harris,RB,4.2,0.0,2.18,2.18,2.25,2.5,0.404,1.0,2.18,,0.0,0
2026-09-14 01:25:25Z,DAL,in,0.404,Q2 5:44,0.0,8162,Sam Howell,QB,0.6,0.0,0.34,0.34,0.32,0.36,0.404,0.3,0.1,,0.0,0
2026-09-14 01:25:25Z,DAL,in,0.404,Q2 5:44,0.0,11783,Ryan Flournoy,WR,7.4,0.0,4.24,4.24,3.96,4.41,0.404,1.0,4.24,,0.0,0
2026-09-14 01:25:25Z,DAL,in,0.404,Q2 5:44,0.0,10871,Luke Schoonmaker,TE,1.7,2.2,1.19,3.39,3.44,3.21,0.017,1.0,3.39,,0.0,0
2026-09-14 01:25:25Z,DAL,in,0.404,Q2 5:44,0.0,7588,Javonte Williams,RB,16.9,2.0,9.18,11.18,11.34,12.06,0.004,1.0,11.18,,0.0,0
2026-09-14 01:26:25Z,DAL,in,0.416,Q2 5:01,0.0,11533,Brandon Aubrey,K,9.6,1.0,5.17,6.17,6.17,6.6,0.012,1.0,6.17,,0.0,0
2026-09-14 01:26:25Z,DAL,in,0.416,Q2 5:01,0.0,6786,CeeDee Lamb,WR,18.3,7.1,10.83,17.93,17.7,17.78,0.012,1.0,17.93,,0.0,0
2026-09-14 01:26:25Z,DAL,in,0.416,Q2 5:01,0.0,3294,Dak Prescott,QB,18.5,7.44,11.46,18.9,18.2,18.24,0.012,1.0,18.9,,0.0,0
2026-09-14 01:26:25Z,NYG,in,0.416,Q2 5:01,0.0,13833,Dominic Zvada,K,8.2,1.0,4.43,5.43,5.43,5.79,0.277,1.0,5.43,,0.0,0
2026-09-14 01:26:25Z,DAL,in,0.416,Q2 5:01,0.0,8110,Jake Ferguson,TE,9.3,0.0,5.16,5.16,4.86,5.43,0.416,1.0,5.16,,0.0,0
2026-09-14 01:26:25Z,NYG,in,0.416,Q2 5:01,0.0,8131,Isaiah Likely,TE,10.7,4.0,6.32,10.32,10.18,10.24,0.124,1.0,10.32,,0.0,0
2026-09-14 01:26:25Z,DAL,in,0.416,Q2 5:01,0.0,DAL,Dallas Cowboys D/ST,DST,6.5,5.0,0.18,5.18,9.13,8.79,0.166,1.0,5.18,,0.0,0
2026-09-14 01:26:25Z,DAL,in,0.416,Q2 5:01,0.0,8137,George Pickens,WR,15.2,3.7,8.79,12.49,12.19,12.57,0.246,1.0,12.49,,0.0,0
2026-09-14 01:26:25Z,NYG,in,0.416,Q2 5:01,0.0,11597,Theo Johnson,TE,4.3,0.0,2.38,2.38,2.25,2.51,0.416,1.0,2.38,,0.0,0
2026-09-14 01:26:25Z,NYG,in,0.416,Q2 5:01,0.0,12508,Jaxson Dart,QB,20.5,5.34,12.15,17.49,16.84,17.3,0.0,1.0,17.49,,0.0,0
2026-09-14 01:26:25Z,NYG,in,0.416,Q2 5:01,0.0,13285,Malachi Fields,WR,6.2,0.0,3.44,3.44,3.24,3.62,0.416,1.0,3.44,,0.0,0
2026-09-14 01:26:25Z,DAL,in,0.416,Q2 5:01,0.0,8917,KaVontae Turpin,WR,4.3,1.7,2.55,4.25,4.2,4.21,0.059,1.0,4.25,,0.0,0
2026-09-14 01:26:25Z,NYG,in,0.416,Q2 5:01,0.0,11655,Tyrone Tracy,RB,2.4,0.6,1.33,1.93,1.94,2.0,0.188,1.0,1.93,,0.0,0
2026-09-14 01:26:25Z,NYG,in,0.416,Q2 5:01,0.0,11632,Malik Nabers,WR,16.5,3.6,9.5,13.1,12.75,13.23,0.153,1.0,13.1,,0.0,0
2026-09-14 01:26:25Z,NYG,in,0.416,Q2 5:01,0.0,7090,Darnell Mooney,WR,5.6,0.0,3.11,3.11,2.93,3.27,0.416,1.0,3.11,,0.0,0
2026-09-14 01:26:25Z,NYG,in,0.416,Q2 5:01,0.0,2306,Jameis Winston,QB,0.5,0.0,0.27,0.27,0.26,0.29,0.416,0.3,0.08,,0.0,0
2026-09-14 01:26:25Z,DAL,in,0.416,Q2 5:01,0.0,11593,Brevyn Spann-Ford,TE,0.5,3.4,0.6,4.0,4.16,3.69,0.203,1.0,4.0,,0.0,0
2026-09-14 01:26:25Z,NYG,in,0.416,Q2 5:01,0.0,2078,Odell Beckham,WR,4.3,0.0,2.38,2.38,2.25,2.51,0.416,1.0,2.38,,0.0,0
2026-09-14 01:26:25Z,NYG,in,0.416,Q2 5:01,0.0,12481,Cam Skattebo,RB,14.1,7.7,8.65,16.35,16.2,15.93,0.166,1.0,16.35,,0.0,0
2026-09-14 01:26:25Z,DAL,in,0.416,Q2 5:01,0.0,11199,Emari Demercado,RB,1.8,0.4,0.99,1.39,1.4,1.45,0.059,1.0,1.39,,0.0,0
2026-09-14 01:26:25Z,NYG,in,0.416,Q2 5:01,0.0,NYG,New York Giants D/ST,DST,5.2,4.0,0.18,4.18,7.3,7.03,0.012,1.0,4.18,,0.0,0
2026-09-14 01:26:25Z,NYG,in,0.416,Q2 5:01,0.0,7528,Najee Harris,RB,4.2,0.0,2.11,2.11,2.2,2.45,0.416,1.0,2.11,,0.0,0
2026-09-14 01:26:25Z,DAL,in,0.416,Q2 5:01,0.0,8162,Sam Howell,QB,0.6,0.0,0.33,0.33,0.31,0.35,0.416,0.3,0.1,,0.0,0
2026-09-14 01:26:25Z,DAL,in,0.416,Q2 5:01,0.0,11783,Ryan Flournoy,WR,7.4,0.0,4.1,4.1,3.87,4.32,0.416,1.0,4.1,,0.0,0
2026-09-14 01:26:25Z,DAL,in,0.416,Q2 5:01,0.0,10871,Luke Schoonmaker,TE,1.7,2.2,1.15,3.35,3.41,3.19,0.029,1.0,3.35,,0.0,0
2026-09-14 01:26:25Z,DAL,in,0.416,Q2 5:01,0.0,7588,Javonte Williams,RB,16.9,2.0,8.9,10.9,11.13,11.86,0.016,1.0,10.9,,0.0,0
2026-09-14 01:27:26Z,DAL,in,0.428,Q2 4:19,0.0,11533,Brandon Aubrey,K,9.6,1.0,5.05,6.05,6.05,6.49,0.024,1.0,6.05,,0.0,0
2026-09-14 01:27:26Z,DAL,in,0.428,Q2 4:19,0.0,6786,CeeDee Lamb,WR,18.3,7.1,10.48,17.58,17.46,17.57,0.024,1.0,17.58,,0.0,0
2026-09-14 01:27:26Z,DAL,in,0.428,Q2 4:19,0.0,3294,Dak Prescott,QB,18.5,7.44,11.07,18.51,17.95,18.02,0.024,1.0,18.51,,0.0,0
2026-09-14 01:27:26Z,NYG,in,0.428,Q2 4:19,0.0,13833,Dominic Zvada,K,8.2,1.0,4.33,5.33,5.33,5.69,0.289,1.0,5.33,,0.0,0
2026-09-14 01:27:26Z,DAL,in,0.428,Q2 4:19,0.0,8110,Jake Ferguson,TE,9.3,0.0,4.99,4.99,4.75,5.32,0.428,1.0,4.99,,0.0,0
2026-09-14 01:27:26Z,NYG,in,0.428,Q2 4:19,0.0,8131,Isaiah Likely,TE,10.7,4.0,6.12,10.12,10.04,10.12,0.136,1.0,10.12,,0.0,0
2026-09-14 01:27:26Z,DAL,in,0.428,Q2 4:19,0.0,DAL,Dallas Cowboys D/ST,DST,6.5,5.0,0.2,5.2,9.03,8.72,0.178,1.0,5.2,,0.0,0
2026-09-14 01:27:26Z,DAL,in,0.428,Q2 4:19,0.0,8137,George Pickens,WR,15.2,3.7,8.5,12.2,11.99,12.39,0.258,1.0,12.2,,0.0,0
2026-09-14 01:27:26Z,NYG,in,0.428,Q2 4:19,0.0,11597,Theo Johnson,TE,4.3,0.0,2.31,2.31,2.2,2.46,0.428,1.0,2.31,,0.0,0
2026-09-14 01:27:26Z,NYG,in,0.428,Q2 4:19,0.0,12508,Jaxson Dart,QB,20.5,5.34,11.73,17.07,16.57,17.06,0.012,1.0,17.07,,0.0,0
2026-09-14 01:27:26Z,NYG,in,0.428,Q2 4:19,0.0,13285,Malachi Fields,WR,6.2,0.0,3.33,3.33,3.17,3.55,0.428,1.0,3.33,,0.0,0
2026-09-14 01:27:26Z,DAL,in,0.428,Q2 4:19,0.0,8917,KaVontae Turpin,WR,4.3,1.7,2.47,4.17,4.14,4.16,0.071,1.0,4.17,,0.0,0
2026-09-14 01:27:26Z,NYG,in,0.428,Q2 4:19,0.0,11655,Tyrone Tracy,RB,2.4,0.6,1.29,1.89,1.91,1.97,0.2,1.0,1.89,,0.0,0
2026-09-14 01:27:26Z,NYG,in,0.428,Q2 4:19,0.0,11632,Malik Nabers,WR,16.5,3.6,9.19,12.79,12.54,13.04,0.165,1.0,12.79,,0.0,0
2026-09-14 01:27:26Z,NYG,in,0.428,Q2 4:19,0.0,7090,Darnell Mooney,WR,5.6,0.0,3.0,3.0,2.86,3.2,0.428,1.0,3.0,,0.0,0
2026-09-14 01:27:26Z,NYG,in,0.428,Q2 4:19,0.0,2306,Jameis Winston,QB,0.5,0.0,0.26,0.26,0.26,0.29,0.428,0.3,0.08,,0.0,0
2026-09-14 01:27:26Z,DAL,in,0.428,Q2 4:19,0.0,11593,Brevyn Spann-Ford,TE,0.5,3.4,0.59,3.99,4.14,3.69,0.214,1.0,3.99,,0.0,0
2026-09-14 01:27:26Z,NYG,in,0.428,Q2 4:19,0.0,2078,Odell Beckham,WR,4.3,0.0,2.31,2.31,2.2,2.46,0.428,1.0,2.31,,0.0,0
2026-09-14 01:27:26Z,NYG,in,0.428,Q2 4:19,0.0,12481,Cam Skattebo,RB,14.1,7.7,8.39,16.09,16.0,15.76,0.178,1.0,16.09,,0.0,0
2026-09-14 01:27:26Z,DAL,in,0.428,Q2 4:19,0.0,11199,Emari Demercado,RB,1.8,0.4,0.96,1.36,1.38,1.43,0.071,1.0,1.36,,0.0,0
2026-09-14 01:27:26Z,NYG,in,0.428,Q2 4:19,0.0,NYG,New York Giants D/ST,DST,5.2,4.0,0.19,4.19,7.23,6.97,0.024,1.0,4.19,,0.0,0
2026-09-14 01:27:26Z,NYG,in,0.428,Q2 4:19,0.0,7528,Najee Harris,RB,4.2,0.0,2.05,2.05,2.15,2.4,0.428,1.0,2.05,,0.0,0
2026-09-14 01:27:26Z,DAL,in,0.428,Q2 4:19,0.0,8162,Sam Howell,QB,0.6,0.0,0.31,0.31,0.31,0.34,0.428,0.3,0.09,,0.0,0
2026-09-14 01:27:26Z,DAL,in,0.428,Q2 4:19,0.0,11783,Ryan Flournoy,WR,7.4,0.0,3.97,3.97,3.78,4.23,0.428,1.0,3.97,,0.0,0
2026-09-14 01:27:26Z,DAL,in,0.428,Q2 4:19,0.0,10871,Luke Schoonmaker,TE,1.7,2.2,1.12,3.32,3.38,3.17,0.041,1.0,3.32,,0.0,0
2026-09-14 01:27:26Z,DAL,in,0.428,Q2 4:19,0.0,7588,Javonte Williams,RB,16.9,2.0,8.64,10.64,10.92,11.67,0.028,1.0,10.64,,0.0,0
2026-09-14 01:28:26Z,DAL,in,0.429,Q2 4:14,0.0,11533,Brandon Aubrey,K,9.6,1.0,5.03,6.03,6.03,6.48,0.025,1.0,6.03,,0.0,0
2026-09-14 01:28:26Z,DAL,in,0.429,Q2 4:14,0.0,6786,CeeDee Lamb,WR,18.3,7.1,10.44,17.54,17.43,17.54,0.025,1.0,17.54,,0.0,0
2026-09-14 01:28:26Z,DAL,in,0.429,Q2 4:14,0.0,3294,Dak Prescott,QB,18.5,7.44,11.02,18.46,17.92,18.0,0.025,1.0,18.46,,0.0,0
2026-09-14 01:28:26Z,NYG,in,0.429,Q2 4:14,0.0,13833,Dominic Zvada,K,8.2,1.0,4.32,5.32,5.32,5.68,0.291,1.0,5.32,,0.0,0
2026-09-14 01:28:26Z,DAL,in,0.429,Q2 4:14,0.0,8110,Jake Ferguson,TE,9.3,0.0,4.97,4.97,4.74,5.31,0.429,1.0,4.97,,0.0,0
2026-09-14 01:28:26Z,NYG,in,0.429,Q2 4:14,0.0,8131,Isaiah Likely,TE,10.7,6.9,6.36,13.26,13.33,13.0,0.0,1.0,13.26,,0.0,0
2026-09-14 01:28:26Z,DAL,in,0.429,Q2 4:14,0.0,DAL,Dallas Cowboys D/ST,DST,6.5,5.0,0.2,5.2,9.02,8.71,0.179,1.0,5.2,,0.0,0
2026-09-14 01:28:26Z,DAL,in,0.429,Q2 4:14,0.0,8137,George Pickens,WR,15.2,3.7,8.47,12.17,11.97,12.37,0.259,1.0,12.17,,0.0,0
2026-09-14 01:28:26Z,NYG,in,0.429,Q2 4:14,0.0,11597,Theo Johnson,TE,4.3,0.0,2.3,2.3,2.19,2.45,0.429,1.0,2.3,,0.0,0
2026-09-14 01:28:26Z,NYG,in,0.429,Q2 4:14,0.0,12508,Jaxson Dart,QB,20.5,6.1,11.82,17.92,17.41,17.8,0.0,1.0,17.92,,0.0,0
2026-09-14 01:28:26Z,NYG,in,0.429,Q2 4:14,0.0,13285,Malachi Fields,WR,6.2,0.0,3.31,3.31,3.16,3.54,0.429,1.0,3.31,,0.0,0
2026-09-14 01:28:26Z,DAL,in,0.429,Q2 4:14,0.0,8917,KaVontae Turpin,WR,4.3,1.7,2.46,4.16,4.13,4.15,0.072,1.0,4.16,,0.0,0
2026-09-14 01:28:26Z,NYG,in,0.429,Q2 4:14,0.0,11655,Tyrone Tracy,RB,2.4,0.6,1.28,1.88,1.91,1.97,0.201,0.998,1.88,,0.0,0
2026-09-14 01:28:26Z,NYG,in,0.429,Q2 4:14,0.0,11632,Malik Nabers,WR,16.5,3.6,9.15,12.75,12.52,13.01,0.166,1.0,12.75,,0.0,0
2026-09-14 01:28:26Z,NYG,in,0.429,Q2 4:14,0.0,7090,Darnell Mooney,WR,5.6,0.0,2.99,2.99,2.85,3.2,0.429,1.0,2.99,,0.0,0
2026-09-14 01:28:26Z,NYG,in,0.429,Q2 4:14,0.0,2306,Jameis Winston,QB,0.5,0.0,0.26,0.26,0.25,0.29,0.429,0.3,0.08,,0.0,0
2026-09-14 01:28:26Z,DAL,in,0.429,Q2 4:14,0.0,11593,Brevyn Spann-Ford,TE,0.5,3.4,0.59,3.99,4.14,3.69,0.216,1.0,3.99,,0.0,0
2026-09-14 01:28:26Z,NYG,in,0.429,Q2 4:14,0.0,2078,Odell Beckham,WR,4.3,0.0,2.3,2.3,2.19,2.45,0.429,1.0,2.3,,0.0,0
2026-09-14 01:28:26Z,NYG,in,0.429,Q2 4:14,0.0,12481,Cam Skattebo,RB,14.1,7.7,8.36,16.06,15.98,15.74,0.179,1.0,16.06,,0.0,0
2026-09-14 01:28:26Z,DAL,in,0.429,Q2 4:14,0.0,11199,Emari Demercado,RB,1.8,0.4,0.95,1.35,1.37,1.43,0.072,1.0,1.35,,0.0,0
2026-09-14 01:28:26Z,NYG,in,0.429,Q2 4:14,0.0,NYG,New York Giants D/ST,DST,5.2,4.0,0.19,4.19,7.22,6.97,0.025,1.0,4.19,,0.0,0
2026-09-14 01:28:26Z,NYG,in,0.429,Q2 4:14,0.0,7528,Najee Harris,RB,4.2,0.0,2.04,2.04,2.14,2.4,0.429,1.0,2.04,,0.0,0
2026-09-14 01:28:26Z,DAL,in,0.429,Q2 4:14,0.0,8162,Sam Howell,QB,0.6,0.0,0.31,0.31,0.31,0.34,0.429,0.3,0.09,,0.0,0
2026-09-14 01:28:26Z,DAL,in,0.429,Q2 4:14,0.0,11783,Ryan Flournoy,WR,7.4,0.0,3.95,3.95,3.77,4.22,0.429,1.0,3.95,,0.0,0
2026-09-14 01:28:26Z,DAL,in,0.429,Q2 4:14,0.0,10871,Luke Schoonmaker,TE,1.7,2.2,1.11,3.31,3.38,3.17,0.042,1.0,3.31,,0.0,0
2026-09-14 01:28:26Z,DAL,in,0.429,Q2 4:14,0.0,7588,Javonte Williams,RB,16.9,2.0,8.6,10.6,10.89,11.64,0.029,1.0,10.6,,0.0,0
2026-09-14 01:29:27Z,DAL,in,0.45,Q2 3:01,0.0,11533,Brandon Aubrey,K,9.6,1.0,4.83,5.83,5.83,6.28,0.045,1.0,5.83,,0.0,0
2026-09-14 01:29:27Z,DAL,in,0.45,Q2 3:01,0.0,6786,CeeDee Lamb,WR,18.3,7.1,9.85,16.95,17.01,17.17,0.045,1.0,16.95,,0.0,0
2026-09-14 01:29:27Z,DAL,in,0.45,Q2 3:01,0.0,3294,Dak Prescott,QB,18.5,7.44,10.36,17.8,17.5,17.62,0.045,1.0,17.8,,0.0,0
2026-09-14 01:29:27Z,NYG,in,0.45,Q2 3:01,0.0,13833,Dominic Zvada,K,8.2,1.0,4.14,5.14,5.14,5.51,0.311,1.0,5.14,,0.0,0
2026-09-14 01:29:27Z,DAL,in,0.45,Q2 3:01,0.0,8110,Jake Ferguson,TE,9.3,0.0,4.68,4.68,4.54,5.12,0.45,1.0,4.68,,0.0,0
2026-09-14 01:29:27Z,NYG,in,0.45,Q2 3:01,0.0,8131,Isaiah Likely,TE,10.7,6.9,6.01,12.91,13.08,12.79,0.02,1.0,12.91,,0.0,0
2026-09-14 01:29:27Z,DAL,in,0.45,Q2 3:01,0.0,DAL,Dallas Cowboys D/ST,DST,6.5,5.0,0.23,5.23,8.86,8.58,0.2,1.0,5.23,,0.0,0
2026-09-14 01:29:27Z,DAL,in,0.45,Q2 3:01,0.0,8137,George Pickens,WR,15.2,3.7,7.99,11.69,11.63,12.06,0.28,1.0,11.69,,0.0,0
2026-09-14 01:29:27Z,NYG,in,0.45,Q2 3:01,0.0,11597,Theo Johnson,TE,4.3,0.0,2.16,2.16,2.1,2.37,0.45,1.0,2.16,,0.0,0
2026-09-14 01:29:27Z,NYG,in,0.45,Q2 3:01,0.0,12508,Jaxson Dart,QB,20.5,6.86,11.24,18.1,17.82,18.14,0.0,1.0,18.1,,0.0,0
2026-09-14 01:29:27Z,NYG,in,0.45,Q2 3:01,0.0,13285,Malachi Fields,WR,6.2,2.9,3.38,6.28,6.33,6.31,0.0,1.0,6.28,,0.0,0
2026-09-14 01:29:27Z,DAL,in,0.45,Q2 3:01,0.0,8917,KaVontae Turpin,WR,4.3,1.7,2.32,4.02,4.03,4.07,0.092,1.0,4.02,,0.0,0
2026-09-14 01:29:27Z,NYG,in,0.45,Q2 3:01,0.0,11655,Tyrone Tracy,RB,2.4,0.6,1.22,1.82,1.85,1.92,0.221,0.968,1.78,,0.0,0
2026-09-14 01:29:27Z,NYG,in,0.45,Q2 3:01,0.0,11632,Malik Nabers,WR,16.5,3.6,8.63,12.23,12.15,12.68,0.187,1.0,12.23,,0.0,0
2026-09-14 01:29:27Z,NYG,in,0.45,Q2 3:01,0.0,7090,Darnell Mooney,WR,5.6,0.0,2.82,2.82,2.74,3.08,0.45,1.0,2.82,,0.0,0
2026-09-14 01:29:27Z,NYG,in,0.45,Q2 3:01,0.0,2306,Jameis Winston,QB,0.5,0.0,0.25,0.25,0.24,0.28,0.45,0.3,0.07,,0.0,0
2026-09-14 01:29:27Z,DAL,in,0.45,Q2 3:01,0.0,11593,Brevyn Spann-Ford,TE,0.5,3.4,0.56,3.96,4.11,3.68,0.236,1.0,3.96,,0.0,0
2026-09-14 01:29:27Z,NYG,in,0.45,Q2 3:01,0.0,2078,Odell Beckham,WR,4.3,0.0,2.16,2.16,2.1,2.37,0.45,1.0,2.16,,0.0,0
2026-09-14 01:29:27Z,NYG,in,0.45,Q2 3:01,0.0,12481,Cam Skattebo,RB,14.1,7.7,7.93,15.63,15.65,15.46,0.2,1.0,15.63,,0.0,0
2026-09-14 01:29:27Z,DAL,in,0.45,Q2 3:01,0.0,11199,Emari Demercado,RB,1.8,0.4,0.9,1.3,1.33,1.39,0.092,1.0,1.3,,0.0,0
2026-09-14 01:29:27Z,NYG,in,0.45,Q2 3:01,0.0,NYG,New York Giants D/ST,DST,5.2,4.0,0.21,4.21,7.09,6.86,0.045,1.0,4.21,,0.0,0
2026-09-14 01:29:27Z,NYG,in,0.45,Q2 3:01,0.0,7528,Najee Harris,RB,4.2,0.0,1.93,1.93,2.05,2.31,0.45,1.0,1.93,,0.0,0
2026-09-14 01:29:27Z,DAL,in,0.45,Q2 3:01,0.0,8162,Sam Howell,QB,0.6,0.0,0.29,0.29,0.29,0.33,0.45,0.3,0.09,,0.0,0
2026-09-14 01:29:27Z,DAL,in,0.45,Q2 3:01,0.0,11783,Ryan Flournoy,WR,7.4,0.0,3.73,3.73,3.61,4.07,0.45,1.0,3.73,,0.0,0
2026-09-14 01:29:27Z,DAL,in,0.45,Q2 3:01,0.0,10871,Luke Schoonmaker,TE,1.7,2.2,1.05,3.25,3.33,3.14,0.062,1.0,3.25,,0.0,0
2026-09-14 01:29:27Z,DAL,in,0.45,Q2 3:01,0.0,7588,Javonte Williams,RB,16.9,2.0,8.15,10.15,10.53,11.3,0.049,1.0,10.15,,0.0,0
2026-09-14 01:30:27Z,DAL,in,0.457,Q2 2:36,0.0,11533,Brandon Aubrey,K,9.6,1.0,4.76,5.76,5.76,6.22,0.052,1.0,5.76,,0.0,0
2026-09-14 01:30:27Z,DAL,in,0.457,Q2 2:36,0.0,6786,CeeDee Lamb,WR,18.3,7.1,9.65,16.75,16.87,17.04,0.052,1.0,16.75,,0.0,0
2026-09-14 01:30:27Z,DAL,in,0.457,Q2 2:36,0.0,3294,Dak Prescott,QB,18.5,7.44,10.13,17.57,17.35,17.49,0.052,1.0,17.57,,0.0,0
2026-09-14 01:30:27Z,NYG,in,0.457,Q2 2:36,0.0,13833,Dominic Zvada,K,8.2,1.0,4.08,5.08,5.08,5.46,0.318,1.0,5.08,,0.0,0
2026-09-14 01:30:27Z,DAL,in,0.457,Q2 2:36,0.0,8110,Jake Ferguson,TE,9.3,0.0,4.59,4.59,4.48,5.05,0.457,1.0,4.59,,0.0,0
2026-09-14 01:30:27Z,NYG,in,0.457,Q2 2:36,0.0,8131,Isaiah Likely,TE,10.7,6.9,5.89,12.79,12.99,12.71,0.027,1.0,12.79,,0.0,0
2026-09-14 01:30:27Z,DAL,in,0.457,Q2 2:36,0.0,DAL,Dallas Cowboys D/ST,DST,6.5,7.0,-0.2,6.8,11.08,10.53,0.0,1.0,6.8,,0.0,0
2026-09-14 01:30:27Z,DAL,in,0.457,Q2 2:36,0.0,8137,George Pickens,WR,15.2,3.7,7.82,11.52,11.52,11.96,0.287,1.0,11.52,,0.0,0
2026-09-14 01:30:27Z,NYG,in,0.457,Q2 2:36,0.0,11597,Theo Johnson,TE,4.3,0.0,2.12,2.12,2.07,2.34,0.457,1.0,2.12,,0.0,0
2026-09-14 01:30:27Z,NYG,in,0.457,Q2 2:36,0.0,12508,Jaxson Dart,QB,20.5,6.86,11.0,17.86,17.66,18.0,0.007,1.0,17.86,,0.0,0
2026-09-14 01:30:27Z,NYG,in,0.457,Q2 2:36,0.0,13285,Malachi Fields,WR,6.2,2.9,3.31,6.21,6.28,6.27,0.007,1.0,6.21,,0.0,0
2026-09-14 01:30:27Z,DAL,in,0.457,Q2 2:36,0.0,8917,KaVontae Turpin,WR,4.3,1.7,2.27,3.97,4.0,4.04,0.099,1.0,3.97,,0.0,0
2026-09-14 01:30:27Z,NYG,in,0.457,Q2 2:36,0.0,11655,Tyrone Tracy,RB,2.4,0.6,1.19,1.79,1.84,1.9,0.228,0.958,1.74,,0.0,0
2026-09-14 01:30:27Z,NYG,in,0.457,Q2 2:36,0.0,11632,Malik Nabers,WR,16.5,3.6,8.46,12.06,12.03,12.56,0.194,1.0,12.06,,0.0,0
2026-09-14 01:30:27Z,NYG,in,0.457,Q2 2:36,0.0,7090,Darnell Mooney,WR,5.6,0.0,2.76,2.76,2.7,3.04,0.457,1.0,2.76,,0.0,0
2026-09-14 01:30:27Z,NYG,in,0.457,Q2 2:36,0.0,2306,Jameis Winston,QB,0.5,0.0,0.24,0.24,0.24,0.27,0.457,0.3,0.07,,0.0,0
2026-09-14 01:30:27Z,DAL,in,0.457,Q2 2:36,0.0,11593,Brevyn Spann-Ford,TE,0.5,3.4,0.55,3.95,4.1,3.67,0.243,1.0,3.95,,0.0,0
2026-09-14 01:30:27Z,NYG,in,0.457,Q2 2:36,0.0,2078,Odell Beckham,WR,4.3,0.0,2.12,2.12,2.07,2.34,0.457,1.0,2.12,,0.0,0
2026-09-14 01:30:27Z,NYG,in,0.457,Q2 2:36,0.0,12481,Cam Skattebo,RB,14.1,7.7,7.79,15.49,15.53,15.36,0.207,0.99,15.41,,0.0,0
2026-09-14 01:30:27Z,DAL,in,0.457,Q2 2:36,0.0,11199,Emari Demercado,RB,1.8,0.4,0.89,1.29,1.32,1.38,0.099,1.0,1.29,,0.0,0
2026-09-14 01:30:27Z,NYG,in,0.457,Q2 2:36,0.0,NYG,New York Giants D/ST,DST,5.2,4.0,0.21,4.21,7.05,6.83,0.052,1.0,4.21,,0.0,0
2026-09-14 01:30:27Z,NYG,in,0.457,Q2 2:36,0.0,7528,Najee Harris,RB,4.2,0.0,1.9,1.9,2.02,2.28,0.457,1.0,1.9,,0.0,0
2026-09-14 01:30:27Z,DAL,in,0.457,Q2 2:36,0.0,8162,Sam Howell,QB,0.6,0.0,0.29,0.29,0.29,0.33,0.457,0.3,0.09,,0.0,0
2026-09-14 01:30:27Z,DAL,in,0.457,Q2 2:36,0.0,11783,Ryan Flournoy,WR,7.4,0.0,3.65,3.65,3.56,4.02,0.457,1.0,3.65,,0.0,0
2026-09-14 01:30:27Z,DAL,in,0.457,Q2 2:36,0.0,10871,Luke Schoonmaker,TE,1.7,2.2,1.03,3.23,3.32,3.12,0.069,1.0,3.23,,0.0,0
2026-09-14 01:30:27Z,DAL,in,0.457,Q2 2:36,0.0,7588,Javonte Williams,RB,16.9,2.0,8.0,10.0,10.41,11.18,0.056,1.0,10.0,,0.0,0
2026-09-14 01:31:27Z,DAL,in,0.467,Q2 2:00,0.0,11533,Brandon Aubrey,K,9.6,1.0,4.66,5.66,5.66,6.12,0.062,1.0,5.66,,0.0,0
2026-09-14 01:31:27Z,DAL,in,0.467,Q2 2:00,0.0,6786,CeeDee Lamb,WR,18.3,7.1,9.37,16.47,16.67,16.86,0.062,1.0,16.47,,0.0,0
2026-09-14 01:31:27Z,DAL,in,0.467,Q2 2:00,0.0,3294,Dak Prescott,QB,18.5,7.44,9.82,17.26,17.15,17.31,0.062,1.0,17.26,,0.0,0
2026-09-14 01:31:27Z,NYG,in,0.467,Q2 2:00,0.0,13833,Dominic Zvada,K,8.2,1.0,4.0,5.0,5.0,5.37,0.328,1.0,5.0,,0.0,0
2026-09-14 01:31:27Z,DAL,in,0.467,Q2 2:00,0.0,8110,Jake Ferguson,TE,9.3,0.0,4.45,4.45,4.38,4.96,0.467,1.0,4.45,,0.0,0
2026-09-14 01:31:27Z,NYG,in,0.467,Q2 2:00,0.0,8131,Isaiah Likely,TE,10.7,6.9,5.72,12.62,12.86,12.61,0.037,1.0,12.62,,0.0,0
2026-09-14 01:31:27Z,DAL,in,0.467,Q2 2:00,0.0,DAL,Dallas Cowboys D/ST,DST,6.5,7.0,-0.17,6.83,11.0,10.47,0.01,1.0,6.83,,0.0,0
2026-09-14 01:31:27Z,DAL,in,0.467,Q2 2:00,0.0,8137,George Pickens,WR,15.2,3.7,7.59,11.29,11.35,11.81,0.297,1.0,11.29,,0.0,0
2026-09-14 01:31:27Z,NYG,in,0.467,Q2 2:00,0.0,11597,Theo Johnson,TE,4.3,0.0,2.06,2.06,2.03,2.29,0.467,1.0,2.06,,0.0,0
2026-09-14 01:31:27Z,NYG,in,0.467,Q2 2:00,0.0,12508,Jaxson Dart,QB,20.5,6.86,10.66,17.52,17.43,17.79,0.017,1.0,17.52,,0.0,0
2026-09-14 01:31:27Z,NYG,in,0.467,Q2 2:00,0.0,13285,Malachi Fields,WR,6.2,2.9,3.22,6.12,6.21,6.21,0.017,1.0,6.12,,0.0,0
2026-09-14 01:31:27Z,DAL,in,0.467,Q2 2:00,0.0,8917,KaVontae Turpin,WR,4.3,1.7,2.2,3.9,3.95,3.99,0.109,1.0,3.9,,0.0,0
2026-09-14 01:31:27Z,NYG,in,0.467,Q2 2:00,0.0,11655,Tyrone Tracy,RB,2.4,0.6,1.16,1.76,1.81,1.88,0.238,0.943,1.7,,0.0,0
2026-09-14 01:31:27Z,NYG,in,0.467,Q2 2:00,0.0,11632,Malik Nabers,WR,16.5,3.6,8.21,11.81,11.85,12.4,0.204,1.0,11.81,,0.0,0
2026-09-14 01:31:27Z,NYG,in,0.467,Q2 2:00,0.0,7090,Darnell Mooney,WR,5.6,0.0,2.68,2.68,2.64,2.99,0.467,1.0,2.68,,0.0,0
2026-09-14 01:31:27Z,NYG,in,0.467,Q2 2:00,0.0,2306,Jameis Winston,QB,0.5,0.0,0.23,0.23,0.24,0.27,0.467,0.3,0.07,,0.0,0
2026-09-14 01:31:27Z,DAL,in,0.467,Q2 2:00,0.0,11593,Brevyn Spann-Ford,TE,0.5,3.4,0.53,3.93,4.09,3.67,0.253,1.0,3.93,,0.0,0
2026-09-14 01:31:27Z,NYG,in,0.467,Q2 2:00,0.0,2078,Odell Beckham,WR,4.3,0.0,2.06,2.06,2.03,2.29,0.467,1.0,2.06,,0.0,0
2026-09-14 01:31:27Z,NYG,in,0.467,Q2 2:00,0.0,12481,Cam Skattebo,RB,14.1,7.7,7.58,15.28,15.37,15.22,0.217,0.975,15.09,,0.0,0
2026-09-14 01:31:27Z,DAL,in,0.467,Q2 2:00,0.0,11199,Emari Demercado,RB,1.8,0.4,0.86,1.26,1.3,1.36,0.109,1.0,1.26,,0.0,0
2026-09-14 01:31:27Z,NYG,in,0.467,Q2 2:00,0.0,NYG,New York Giants D/ST,DST,5.2,4.0,0.22,4.22,6.98,6.77,0.062,1.0,4.22,,0.0,0
2026-09-14 01:31:27Z,NYG,in,0.467,Q2 2:00,0.0,7528,Najee Harris,RB,4.2,0.0,1.84,1.84,1.98,2.24,0.467,1.0,1.84,,0.0,0
2026-09-14 01:31:27Z,DAL,in,0.467,Q2 2:00,0.0,8162,Sam Howell,QB,0.6,0.0,0.28,0.28,0.28,0.32,0.467,0.3,0.08,,0.0,0
2026-09-14 01:31:27Z,DAL,in,0.467,Q2 2:00,0.0,11783,Ryan Flournoy,WR,7.4,0.0,3.54,3.54,3.49,3.95,0.467,1.0,3.54,,0.0,0
2026-09-14 01:31:27Z,DAL,in,0.467,Q2 2:00,0.0,10871,Luke Schoonmaker,TE,1.7,2.2,1.0,3.2,3.29,3.11,0.079,1.0,3.2,,0.0,0
2026-09-14 01:31:27Z,DAL,in,0.467,Q2 2:00,0.0,7588,Javonte Williams,RB,16.9,2.0,7.78,9.78,10.23,11.01,0.066,1.0,9.78,,0.0,0
2026-09-14 01:32:28Z,DAL,in,0.467,Q2 2:00,0.0,11533,Brandon Aubrey,K,9.6,1.0,4.66,5.66,5.66,6.12,0.062,1.0,5.66,,0.0,0
2026-09-14 01:32:28Z,DAL,in,0.467,Q2 2:00,0.0,6786,CeeDee Lamb,WR,18.3,7.1,9.37,16.47,16.67,16.86,0.062,1.0,16.47,,0.0,0
2026-09-14 01:32:28Z,DAL,in,0.467,Q2 2:00,0.0,3294,Dak Prescott,QB,18.5,7.44,9.82,17.26,17.15,17.31,0.062,1.0,17.26,,0.0,0
2026-09-14 01:32:28Z,NYG,in,0.467,Q2 2:00,0.0,13833,Dominic Zvada,K,8.2,1.0,4.0,5.0,5.0,5.37,0.328,1.0,5.0,,0.0,0
2026-09-14 01:32:28Z,DAL,in,0.467,Q2 2:00,0.0,8110,Jake Ferguson,TE,9.3,0.0,4.45,4.45,4.38,4.96,0.467,1.0,4.45,,0.0,0
2026-09-14 01:32:28Z,NYG,in,0.467,Q2 2:00,0.0,8131,Isaiah Likely,TE,10.7,6.9,5.72,12.62,12.86,12.61,0.037,1.0,12.62,,0.0,0
2026-09-14 01:32:28Z,DAL,in,0.467,Q2 2:00,0.0,DAL,Dallas Cowboys D/ST,DST,6.5,7.0,-0.17,6.83,11.0,10.47,0.01,1.0,6.83,,0.0,0
2026-09-14 01:32:28Z,DAL,in,0.467,Q2 2:00,0.0,8137,George Pickens,WR,15.2,3.7,7.59,11.29,11.35,11.81,0.297,1.0,11.29,,0.0,0
2026-09-14 01:32:28Z,NYG,in,0.467,Q2 2:00,0.0,11597,Theo Johnson,TE,4.3,0.0,2.06,2.06,2.03,2.29,0.467,1.0,2.06,,0.0,0
2026-09-14 01:32:28Z,NYG,in,0.467,Q2 2:00,0.0,12508,Jaxson Dart,QB,20.5,6.86,10.66,17.52,17.43,17.79,0.017,1.0,17.52,,0.0,0
2026-09-14 01:32:28Z,NYG,in,0.467,Q2 2:00,0.0,13285,Malachi Fields,WR,6.2,2.9,3.22,6.12,6.21,6.21,0.017,1.0,6.12,,0.0,0
2026-09-14 01:32:28Z,DAL,in,0.467,Q2 2:00,0.0,8917,KaVontae Turpin,WR,4.3,1.7,2.2,3.9,3.95,3.99,0.109,1.0,3.9,,0.0,0
2026-09-14 01:32:28Z,NYG,in,0.467,Q2 2:00,0.0,11655,Tyrone Tracy,RB,2.4,0.6,1.16,1.76,1.81,1.88,0.238,0.943,1.7,,0.0,0
2026-09-14 01:32:28Z,NYG,in,0.467,Q2 2:00,0.0,11632,Malik Nabers,WR,16.5,3.6,8.21,11.81,11.85,12.4,0.204,1.0,11.81,,0.0,0
2026-09-14 01:32:28Z,NYG,in,0.467,Q2 2:00,0.0,7090,Darnell Mooney,WR,5.6,0.0,2.68,2.68,2.64,2.99,0.467,1.0,2.68,,0.0,0
2026-09-14 01:32:28Z,NYG,in,0.467,Q2 2:00,0.0,2306,Jameis Winston,QB,0.5,0.0,0.23,0.23,0.24,0.27,0.467,0.3,0.07,,0.0,0
2026-09-14 01:32:28Z,DAL,in,0.467,Q2 2:00,0.0,11593,Brevyn Spann-Ford,TE,0.5,3.4,0.53,3.93,4.09,3.67,0.253,1.0,3.93,,0.0,0
2026-09-14 01:32:28Z,NYG,in,0.467,Q2 2:00,0.0,2078,Odell Beckham,WR,4.3,0.0,2.06,2.06,2.03,2.29,0.467,1.0,2.06,,0.0,0
2026-09-14 01:32:28Z,NYG,in,0.467,Q2 2:00,0.0,12481,Cam Skattebo,RB,14.1,7.7,7.58,15.28,15.37,15.22,0.217,0.975,15.09,,0.0,0
2026-09-14 01:32:28Z,DAL,in,0.467,Q2 2:00,0.0,11199,Emari Demercado,RB,1.8,0.4,0.86,1.26,1.3,1.36,0.109,1.0,1.26,,0.0,0
2026-09-14 01:32:28Z,NYG,in,0.467,Q2 2:00,0.0,NYG,New York Giants D/ST,DST,5.2,4.0,0.22,4.22,6.98,6.77,0.062,1.0,4.22,,0.0,0
2026-09-14 01:32:28Z,NYG,in,0.467,Q2 2:00,0.0,7528,Najee Harris,RB,4.2,0.0,1.84,1.84,1.98,2.24,0.467,1.0,1.84,,0.0,0
2026-09-14 01:32:28Z,DAL,in,0.467,Q2 2:00,0.0,8162,Sam Howell,QB,0.6,0.0,0.28,0.28,0.28,0.32,0.467,0.3,0.08,,0.0,0
2026-09-14 01:32:28Z,DAL,in,0.467,Q2 2:00,0.0,11783,Ryan Flournoy,WR,7.4,0.0,3.54,3.54,3.49,3.95,0.467,1.0,3.54,,0.0,0
2026-09-14 01:32:28Z,DAL,in,0.467,Q2 2:00,0.0,10871,Luke Schoonmaker,TE,1.7,2.2,1.0,3.2,3.29,3.11,0.079,1.0,3.2,,0.0,0
2026-09-14 01:32:28Z,DAL,in,0.467,Q2 2:00,0.0,7588,Javonte Williams,RB,16.9,2.0,7.78,9.78,10.23,11.01,0.066,1.0,9.78,,0.0,0
2026-09-14 01:33:28Z,DAL,in,0.467,Q2 2:00,0.0,11533,Brandon Aubrey,K,9.6,1.0,4.66,5.66,5.66,6.12,0.062,1.0,5.66,,0.0,0
2026-09-14 01:33:28Z,DAL,in,0.467,Q2 2:00,0.0,6786,CeeDee Lamb,WR,18.3,7.1,9.37,16.47,16.67,16.86,0.062,1.0,16.47,,0.0,0
2026-09-14 01:33:28Z,DAL,in,0.467,Q2 2:00,0.0,3294,Dak Prescott,QB,18.5,7.44,9.82,17.26,17.15,17.31,0.062,1.0,17.26,,0.0,0
2026-09-14 01:33:28Z,NYG,in,0.467,Q2 2:00,0.0,13833,Dominic Zvada,K,8.2,1.0,4.0,5.0,5.0,5.37,0.328,1.0,5.0,,0.0,0
2026-09-14 01:33:28Z,DAL,in,0.467,Q2 2:00,0.0,8110,Jake Ferguson,TE,9.3,0.0,4.45,4.45,4.38,4.96,0.467,1.0,4.45,,0.0,0
2026-09-14 01:33:28Z,NYG,in,0.467,Q2 2:00,0.0,8131,Isaiah Likely,TE,10.7,6.9,5.72,12.62,12.86,12.61,0.037,1.0,12.62,,0.0,0
2026-09-14 01:33:28Z,DAL,in,0.467,Q2 2:00,0.0,DAL,Dallas Cowboys D/ST,DST,6.5,7.0,-0.17,6.83,11.0,10.47,0.01,1.0,6.83,,0.0,0
2026-09-14 01:33:28Z,DAL,in,0.467,Q2 2:00,0.0,8137,George Pickens,WR,15.2,3.7,7.59,11.29,11.35,11.81,0.297,1.0,11.29,,0.0,0
2026-09-14 01:33:28Z,NYG,in,0.467,Q2 2:00,0.0,11597,Theo Johnson,TE,4.3,0.0,2.06,2.06,2.03,2.29,0.467,1.0,2.06,,0.0,0
2026-09-14 01:33:28Z,NYG,in,0.467,Q2 2:00,0.0,12508,Jaxson Dart,QB,20.5,6.86,10.66,17.52,17.43,17.79,0.017,1.0,17.52,,0.0,0
2026-09-14 01:33:28Z,NYG,in,0.467,Q2 2:00,0.0,13285,Malachi Fields,WR,6.2,2.9,3.22,6.12,6.21,6.21,0.017,1.0,6.12,,0.0,0
2026-09-14 01:33:28Z,DAL,in,0.467,Q2 2:00,0.0,8917,KaVontae Turpin,WR,4.3,1.7,2.2,3.9,3.95,3.99,0.109,1.0,3.9,,0.0,0
2026-09-14 01:33:28Z,NYG,in,0.467,Q2 2:00,0.0,11655,Tyrone Tracy,RB,2.4,0.6,1.16,1.76,1.81,1.88,0.238,0.943,1.7,,0.0,0
2026-09-14 01:33:28Z,NYG,in,0.467,Q2 2:00,0.0,11632,Malik Nabers,WR,16.5,3.6,8.21,11.81,11.85,12.4,0.204,1.0,11.81,,0.0,0
2026-09-14 01:33:28Z,NYG,in,0.467,Q2 2:00,0.0,7090,Darnell Mooney,WR,5.6,0.0,2.68,2.68,2.64,2.99,0.467,1.0,2.68,,0.0,0
2026-09-14 01:33:28Z,NYG,in,0.467,Q2 2:00,0.0,2306,Jameis Winston,QB,0.5,0.0,0.23,0.23,0.24,0.27,0.467,0.3,0.07,,0.0,0
2026-09-14 01:33:28Z,DAL,in,0.467,Q2 2:00,0.0,11593,Brevyn Spann-Ford,TE,0.5,3.4,0.53,3.93,4.09,3.67,0.253,1.0,3.93,,0.0,0
2026-09-14 01:33:28Z,NYG,in,0.467,Q2 2:00,0.0,2078,Odell Beckham,WR,4.3,0.0,2.06,2.06,2.03,2.29,0.467,1.0,2.06,,0.0,0
2026-09-14 01:33:28Z,NYG,in,0.467,Q2 2:00,0.0,12481,Cam Skattebo,RB,14.1,7.7,7.58,15.28,15.37,15.22,0.217,0.975,15.09,,0.0,0
2026-09-14 01:33:28Z,DAL,in,0.467,Q2 2:00,0.0,11199,Emari Demercado,RB,1.8,0.4,0.86,1.26,1.3,1.36,0.109,1.0,1.26,,0.0,0
2026-09-14 01:33:28Z,NYG,in,0.467,Q2 2:00,0.0,NYG,New York Giants D/ST,DST,5.2,4.0,0.22,4.22,6.98,6.77,0.062,1.0,4.22,,0.0,0
2026-09-14 01:33:28Z,NYG,in,0.467,Q2 2:00,0.0,7528,Najee Harris,RB,4.2,0.0,1.84,1.84,1.98,2.24,0.467,1.0,1.84,,0.0,0
2026-09-14 01:33:28Z,DAL,in,0.467,Q2 2:00,0.0,8162,Sam Howell,QB,0.6,0.0,0.28,0.28,0.28,0.32,0.467,0.3,0.08,,0.0,0
2026-09-14 01:33:28Z,DAL,in,0.467,Q2 2:00,0.0,11783,Ryan Flournoy,WR,7.4,0.0,3.54,3.54,3.49,3.95,0.467,1.0,3.54,,0.0,0
2026-09-14 01:33:28Z,DAL,in,0.467,Q2 2:00,0.0,10871,Luke Schoonmaker,TE,1.7,2.2,1.0,3.2,3.29,3.11,0.079,1.0,3.2,,0.0,0
2026-09-14 01:33:28Z,DAL,in,0.467,Q2 2:00,0.0,7588,Javonte Williams,RB,16.9,2.0,7.78,9.78,10.23,11.01,0.066,1.0,9.78,,0.0,0
2026-09-14 01:34:29Z,DAL,in,0.467,Q2 2:00,0.0,11533,Brandon Aubrey,K,9.6,1.0,4.66,5.66,5.66,6.12,0.062,1.0,5.66,,0.0,0
2026-09-14 01:34:29Z,DAL,in,0.467,Q2 2:00,0.0,6786,CeeDee Lamb,WR,18.3,7.1,9.37,16.47,16.67,16.86,0.062,1.0,16.47,,0.0,0
2026-09-14 01:34:29Z,DAL,in,0.467,Q2 2:00,0.0,3294,Dak Prescott,QB,18.5,7.44,9.82,17.26,17.15,17.31,0.062,1.0,17.26,,0.0,0
2026-09-14 01:34:29Z,NYG,in,0.467,Q2 2:00,0.0,13833,Dominic Zvada,K,8.2,1.0,4.0,5.0,5.0,5.37,0.328,1.0,5.0,,0.0,0
2026-09-14 01:34:29Z,DAL,in,0.467,Q2 2:00,0.0,8110,Jake Ferguson,TE,9.3,0.0,4.45,4.45,4.38,4.96,0.467,1.0,4.45,,0.0,0
2026-09-14 01:34:29Z,NYG,in,0.467,Q2 2:00,0.0,8131,Isaiah Likely,TE,10.7,6.9,5.72,12.62,12.86,12.61,0.037,1.0,12.62,,0.0,0
2026-09-14 01:34:29Z,DAL,in,0.467,Q2 2:00,0.0,DAL,Dallas Cowboys D/ST,DST,6.5,10.0,-0.79,9.21,14.4,13.47,0.0,1.0,9.21,,0.0,0
2026-09-14 01:34:29Z,DAL,in,0.467,Q2 2:00,0.0,8137,George Pickens,WR,15.2,3.7,7.59,11.29,11.35,11.81,0.297,1.0,11.29,,0.0,0
2026-09-14 01:34:29Z,NYG,in,0.467,Q2 2:00,0.0,11597,Theo Johnson,TE,4.3,0.0,2.06,2.06,2.03,2.29,0.467,1.0,2.06,,0.0,0
2026-09-14 01:34:29Z,NYG,in,0.467,Q2 2:00,0.0,12508,Jaxson Dart,QB,20.5,6.86,10.66,17.52,17.43,17.79,0.017,1.0,17.52,,0.0,0
2026-09-14 01:34:29Z,NYG,in,0.467,Q2 2:00,0.0,13285,Malachi Fields,WR,6.2,2.9,3.22,6.12,6.21,6.21,0.017,1.0,6.12,,0.0,0
2026-09-14 01:34:29Z,DAL,in,0.467,Q2 2:00,0.0,8917,KaVontae Turpin,WR,4.3,1.7,2.2,3.9,3.95,3.99,0.109,1.0,3.9,,0.0,0
2026-09-14 01:34:29Z,NYG,in,0.467,Q2 2:00,0.0,11655,Tyrone Tracy,RB,2.4,-0.2,1.02,0.82,0.9,1.08,0.0,1.0,0.82,,0.0,0
2026-09-14 01:34:29Z,NYG,in,0.467,Q2 2:00,0.0,11632,Malik Nabers,WR,16.5,3.6,8.21,11.81,11.85,12.4,0.204,1.0,11.81,,0.0,0
2026-09-14 01:34:29Z,NYG,in,0.467,Q2 2:00,0.0,7090,Darnell Mooney,WR,5.6,0.0,2.68,2.68,2.64,2.99,0.467,1.0,2.68,,0.0,0
2026-09-14 01:34:29Z,NYG,in,0.467,Q2 2:00,0.0,2306,Jameis Winston,QB,0.5,0.0,0.23,0.23,0.24,0.27,0.467,0.3,0.07,,0.0,0
2026-09-14 01:34:29Z,DAL,in,0.467,Q2 2:00,0.0,11593,Brevyn Spann-Ford,TE,0.5,3.4,0.53,3.93,4.09,3.67,0.253,1.0,3.93,,0.0,0
2026-09-14 01:34:29Z,NYG,in,0.467,Q2 2:00,0.0,2078,Odell Beckham,WR,4.3,0.0,2.06,2.06,2.03,2.29,0.467,1.0,2.06,,0.0,0
2026-09-14 01:34:29Z,NYG,in,0.467,Q2 2:00,0.0,12481,Cam Skattebo,RB,14.1,7.7,7.58,15.28,15.37,15.22,0.217,0.975,15.09,,0.0,0
2026-09-14 01:34:29Z,DAL,in,0.467,Q2 2:00,0.0,11199,Emari Demercado,RB,1.8,0.4,0.86,1.26,1.3,1.36,0.109,1.0,1.26,,0.0,0
2026-09-14 01:34:29Z,NYG,in,0.467,Q2 2:00,0.0,NYG,New York Giants D/ST,DST,5.2,4.0,0.22,4.22,6.98,6.77,0.062,1.0,4.22,,0.0,0
2026-09-14 01:34:29Z,NYG,in,0.467,Q2 2:00,0.0,7528,Najee Harris,RB,4.2,0.0,1.84,1.84,1.98,2.24,0.467,1.0,1.84,,0.0,0
2026-09-14 01:34:29Z,DAL,in,0.467,Q2 2:00,0.0,8162,Sam Howell,QB,0.6,0.0,0.28,0.28,0.28,0.32,0.467,0.3,0.08,,0.0,0
2026-09-14 01:34:29Z,DAL,in,0.467,Q2 2:00,0.0,11783,Ryan Flournoy,WR,7.4,0.0,3.54,3.54,3.49,3.95,0.467,1.0,3.54,,0.0,0
2026-09-14 01:34:29Z,DAL,in,0.467,Q2 2:00,0.0,10871,Luke Schoonmaker,TE,1.7,2.2,1.0,3.2,3.29,3.11,0.079,1.0,3.2,,0.0,0
2026-09-14 01:34:29Z,DAL,in,0.467,Q2 2:00,0.0,7588,Javonte Williams,RB,16.9,2.0,7.78,9.78,10.23,11.01,0.066,1.0,9.78,,0.0,0
2026-09-14 01:35:29Z,DAL,in,0.469,Q2 1:50,0.0,11533,Brandon Aubrey,K,9.6,1.0,4.63,5.63,5.63,6.09,0.065,1.0,5.63,,0.0,0
2026-09-14 01:35:29Z,DAL,in,0.469,Q2 1:50,0.0,6786,CeeDee Lamb,WR,18.3,7.1,9.29,16.39,16.61,16.81,0.065,1.0,16.39,,0.0,0
2026-09-14 01:35:29Z,DAL,in,0.469,Q2 1:50,0.0,3294,Dak Prescott,QB,18.5,7.48,9.74,17.22,17.14,17.3,0.0,1.0,17.22,,0.0,0
2026-09-14 01:35:29Z,NYG,in,0.469,Q2 1:50,0.0,13833,Dominic Zvada,K,8.2,1.0,3.97,4.97,4.97,5.35,0.331,1.0,4.97,,0.0,0
2026-09-14 01:35:29Z,DAL,in,0.469,Q2 1:50,0.0,8110,Jake Ferguson,TE,9.3,0.0,4.41,4.41,4.36,4.93,0.469,1.0,4.41,,0.0,0
2026-09-14 01:35:29Z,NYG,in,0.469,Q2 1:50,0.0,8131,Isaiah Likely,TE,10.7,6.9,5.67,12.57,12.83,12.58,0.04,1.0,12.57,,0.0,0
2026-09-14 01:35:29Z,DAL,in,0.469,Q2 1:50,0.0,DAL,Dallas Cowboys D/ST,DST,6.5,10.0,-0.77,9.23,14.37,13.45,0.003,1.0,9.23,,0.0,0
2026-09-14 01:35:29Z,DAL,in,0.469,Q2 1:50,0.0,8137,George Pickens,WR,15.2,3.7,7.53,11.23,11.31,11.76,0.299,1.0,11.23,,0.0,0
2026-09-14 01:35:29Z,NYG,in,0.469,Q2 1:50,0.0,11597,Theo Johnson,TE,4.3,0.0,2.04,2.04,2.01,2.28,0.469,1.0,2.04,,0.0,0
2026-09-14 01:35:29Z,NYG,in,0.469,Q2 1:50,0.0,12508,Jaxson Dart,QB,20.5,6.86,10.56,17.42,17.37,17.74,0.02,1.0,17.42,,0.0,0
2026-09-14 01:35:29Z,NYG,in,0.469,Q2 1:50,0.0,13285,Malachi Fields,WR,6.2,2.9,3.19,6.09,6.19,6.19,0.02,1.0,6.09,,0.0,0
2026-09-14 01:35:29Z,DAL,in,0.469,Q2 1:50,0.0,8917,KaVontae Turpin,WR,4.3,1.8,2.2,4.0,4.05,4.08,0.0,1.0,4.0,,0.0,0
2026-09-14 01:35:29Z,NYG,in,0.469,Q2 1:50,0.0,11655,Tyrone Tracy,RB,2.4,-0.2,1.01,0.81,0.9,1.07,0.003,1.0,0.81,,0.0,0
2026-09-14 01:35:29Z,NYG,in,0.469,Q2 1:50,0.0,11632,Malik Nabers,WR,16.5,3.6,8.14,11.74,11.8,12.35,0.206,1.0,11.74,,0.0,0
2026-09-14 01:35:29Z,NYG,in,0.469,Q2 1:50,0.0,7090,Darnell Mooney,WR,5.6,0.0,2.66,2.66,2.62,2.97,0.469,1.0,2.66,,0.0,0
2026-09-14 01:35:29Z,NYG,in,0.469,Q2 1:50,0.0,2306,Jameis Winston,QB,0.5,0.0,0.23,0.23,0.23,0.27,0.469,0.3,0.07,,0.0,0
2026-09-14 01:35:29Z,DAL,in,0.469,Q2 1:50,0.0,11593,Brevyn Spann-Ford,TE,0.5,3.4,0.53,3.93,4.09,3.67,0.256,1.0,3.93,,0.0,0
2026-09-14 01:35:29Z,NYG,in,0.469,Q2 1:50,0.0,2078,Odell Beckham,WR,4.3,0.0,2.04,2.04,2.01,2.28,0.469,1.0,2.04,,0.0,0
2026-09-14 01:35:29Z,NYG,in,0.469,Q2 1:50,0.0,12481,Cam Skattebo,RB,14.1,7.7,7.53,15.23,15.32,15.18,0.219,0.971,15.01,,0.0,0
2026-09-14 01:35:29Z,DAL,in,0.469,Q2 1:50,0.0,11199,Emari Demercado,RB,1.8,0.4,0.86,1.26,1.3,1.35,0.112,1.0,1.26,,0.0,0
2026-09-14 01:35:29Z,NYG,in,0.469,Q2 1:50,0.0,NYG,New York Giants D/ST,DST,5.2,4.0,0.22,4.22,6.97,6.76,0.065,1.0,4.22,,0.0,0
2026-09-14 01:35:29Z,NYG,in,0.469,Q2 1:50,0.0,7528,Najee Harris,RB,4.2,0.0,1.83,1.83,1.97,2.23,0.469,1.0,1.83,,0.0,0
2026-09-14 01:35:29Z,DAL,in,0.469,Q2 1:50,0.0,8162,Sam Howell,QB,0.6,0.0,0.28,0.28,0.28,0.32,0.469,0.3,0.08,,0.0,0
2026-09-14 01:35:29Z,DAL,in,0.469,Q2 1:50,0.0,11783,Ryan Flournoy,WR,7.4,0.0,3.51,3.51,3.47,3.93,0.469,1.0,3.51,,0.0,0
2026-09-14 01:35:29Z,DAL,in,0.469,Q2 1:50,0.0,10871,Luke Schoonmaker,TE,1.7,2.2,1.0,3.2,3.29,3.1,0.082,1.0,3.2,,0.0,0
2026-09-14 01:35:29Z,DAL,in,0.469,Q2 1:50,0.0,7588,Javonte Williams,RB,16.9,1.9,7.7,9.6,10.07,10.87,0.0,1.0,9.6,,0.0,0
2026-09-14 01:36:30Z,DAL,in,0.469,Q2 1:50,0.0,11533,Brandon Aubrey,K,9.6,1.0,4.63,5.63,5.63,6.09,0.065,1.0,5.63,,0.0,0
2026-09-14 01:36:30Z,DAL,in,0.469,Q2 1:50,0.0,6786,CeeDee Lamb,WR,18.3,7.1,9.29,16.39,16.61,16.81,0.065,1.0,16.39,,0.0,0
2026-09-14 01:36:30Z,DAL,in,0.469,Q2 1:50,0.0,3294,Dak Prescott,QB,18.5,7.48,9.74,17.22,17.14,17.3,0.0,1.0,17.22,,0.0,0
2026-09-14 01:36:30Z,NYG,in,0.469,Q2 1:50,0.0,13833,Dominic Zvada,K,8.2,1.0,3.97,4.97,4.97,5.35,0.331,1.0,4.97,,0.0,0
2026-09-14 01:36:30Z,DAL,in,0.469,Q2 1:50,0.0,8110,Jake Ferguson,TE,9.3,0.0,4.41,4.41,4.36,4.93,0.469,1.0,4.41,,0.0,0
2026-09-14 01:36:30Z,NYG,in,0.469,Q2 1:50,0.0,8131,Isaiah Likely,TE,10.7,6.9,5.67,12.57,12.83,12.58,0.04,1.0,12.57,,0.0,0
2026-09-14 01:36:30Z,DAL,in,0.469,Q2 1:50,0.0,DAL,Dallas Cowboys D/ST,DST,6.5,10.0,-0.77,9.23,14.37,13.45,0.003,1.0,9.23,,0.0,0
2026-09-14 01:36:30Z,DAL,in,0.469,Q2 1:50,0.0,8137,George Pickens,WR,15.2,3.7,7.53,11.23,11.31,11.76,0.299,1.0,11.23,,0.0,0
2026-09-14 01:36:30Z,NYG,in,0.469,Q2 1:50,0.0,11597,Theo Johnson,TE,4.3,0.0,2.04,2.04,2.01,2.28,0.469,1.0,2.04,,0.0,0
2026-09-14 01:36:30Z,NYG,in,0.469,Q2 1:50,0.0,12508,Jaxson Dart,QB,20.5,6.86,10.56,17.42,17.37,17.74,0.02,1.0,17.42,,0.0,0
2026-09-14 01:36:30Z,NYG,in,0.469,Q2 1:50,0.0,13285,Malachi Fields,WR,6.2,2.9,3.19,6.09,6.19,6.19,0.02,1.0,6.09,,0.0,0
2026-09-14 01:36:30Z,DAL,in,0.469,Q2 1:50,0.0,8917,KaVontae Turpin,WR,4.3,1.8,2.2,4.0,4.05,4.08,0.0,1.0,4.0,,0.0,0
2026-09-14 01:36:30Z,NYG,in,0.469,Q2 1:50,0.0,11655,Tyrone Tracy,RB,2.4,-0.2,1.01,0.81,0.9,1.07,0.003,1.0,0.81,,0.0,0
2026-09-14 01:36:30Z,NYG,in,0.469,Q2 1:50,0.0,11632,Malik Nabers,WR,16.5,3.6,8.14,11.74,11.8,12.35,0.206,1.0,11.74,,0.0,0
2026-09-14 01:36:30Z,NYG,in,0.469,Q2 1:50,0.0,7090,Darnell Mooney,WR,5.6,0.0,2.66,2.66,2.62,2.97,0.469,1.0,2.66,,0.0,0
2026-09-14 01:36:30Z,NYG,in,0.469,Q2 1:50,0.0,2306,Jameis Winston,QB,0.5,0.0,0.23,0.23,0.23,0.27,0.469,0.3,0.07,,0.0,0
2026-09-14 01:36:30Z,DAL,in,0.469,Q2 1:50,0.0,11593,Brevyn Spann-Ford,TE,0.5,3.4,0.53,3.93,4.09,3.67,0.256,1.0,3.93,,0.0,0
2026-09-14 01:36:30Z,NYG,in,0.469,Q2 1:50,0.0,2078,Odell Beckham,WR,4.3,0.0,2.04,2.04,2.01,2.28,0.469,1.0,2.04,,0.0,0
2026-09-14 01:36:30Z,NYG,in,0.469,Q2 1:50,0.0,12481,Cam Skattebo,RB,14.1,7.7,7.53,15.23,15.32,15.18,0.219,0.971,15.01,,0.0,0
2026-09-14 01:36:30Z,DAL,in,0.469,Q2 1:50,0.0,11199,Emari Demercado,RB,1.8,0.4,0.86,1.26,1.3,1.35,0.112,1.0,1.26,,0.0,0
2026-09-14 01:36:30Z,NYG,in,0.469,Q2 1:50,0.0,NYG,New York Giants D/ST,DST,5.2,4.0,0.22,4.22,6.97,6.76,0.065,1.0,4.22,,0.0,0
2026-09-14 01:36:30Z,NYG,in,0.469,Q2 1:50,0.0,7528,Najee Harris,RB,4.2,0.0,1.83,1.83,1.97,2.23,0.469,1.0,1.83,,0.0,0
2026-09-14 01:36:30Z,DAL,in,0.469,Q2 1:50,0.0,8162,Sam Howell,QB,0.6,0.0,0.28,0.28,0.28,0.32,0.469,0.3,0.08,,0.0,0
2026-09-14 01:36:30Z,DAL,in,0.469,Q2 1:50,0.0,11783,Ryan Flournoy,WR,7.4,0.0,3.51,3.51,3.47,3.93,0.469,1.0,3.51,,0.0,0
2026-09-14 01:36:30Z,DAL,in,0.469,Q2 1:50,0.0,10871,Luke Schoonmaker,TE,1.7,2.2,1.0,3.2,3.29,3.1,0.082,1.0,3.2,,0.0,0
2026-09-14 01:36:30Z,DAL,in,0.469,Q2 1:50,0.0,7588,Javonte Williams,RB,16.9,1.9,7.7,9.6,10.07,10.87,0.0,1.0,9.6,,0.0,0
2026-09-14 01:37:30Z,DAL,in,0.477,Q2 1:24,0.0,11533,Brandon Aubrey,K,9.6,1.0,4.56,5.56,5.56,6.02,0.072,1.0,5.56,,0.0,0
2026-09-14 01:37:30Z,DAL,in,0.477,Q2 1:24,0.0,6786,CeeDee Lamb,WR,18.3,7.1,9.09,16.19,16.46,16.68,0.072,1.0,16.19,,0.0,0
2026-09-14 01:37:30Z,DAL,in,0.477,Q2 1:24,0.0,3294,Dak Prescott,QB,18.5,7.48,9.51,16.99,16.99,17.16,0.007,1.0,16.99,,0.0,0
2026-09-14 01:37:30Z,NYG,in,0.477,Q2 1:24,0.0,13833,Dominic Zvada,K,8.2,1.0,3.91,4.91,4.91,5.29,0.338,1.0,4.91,,0.0,0
2026-09-14 01:37:30Z,DAL,in,0.477,Q2 1:24,0.0,8110,Jake Ferguson,TE,9.3,0.0,4.31,4.31,4.29,4.87,0.477,1.0,4.31,,0.0,0
2026-09-14 01:37:30Z,NYG,in,0.477,Q2 1:24,0.0,8131,Isaiah Likely,TE,10.7,6.9,5.55,12.45,12.74,12.5,0.047,1.0,12.45,,0.0,0
2026-09-14 01:37:30Z,DAL,in,0.477,Q2 1:24,0.0,DAL,Dallas Cowboys D/ST,DST,6.5,10.0,-0.73,9.27,14.3,13.4,0.01,1.0,9.27,,0.0,0
2026-09-14 01:37:30Z,DAL,in,0.477,Q2 1:24,0.0,8137,George Pickens,WR,15.2,3.7,7.37,11.07,11.19,11.65,0.307,1.0,11.07,,0.0,0
2026-09-14 01:37:30Z,NYG,in,0.477,Q2 1:24,0.0,11597,Theo Johnson,TE,4.3,0.0,1.99,1.99,1.98,2.25,0.477,1.0,1.99,,0.0,0
2026-09-14 01:37:30Z,NYG,in,0.477,Q2 1:24,0.0,12508,Jaxson Dart,QB,20.5,6.86,10.32,17.18,17.21,17.59,0.027,1.0,17.18,,0.0,0
2026-09-14 01:37:30Z,NYG,in,0.477,Q2 1:24,0.0,13285,Malachi Fields,WR,6.2,2.9,3.12,6.02,6.14,6.14,0.027,1.0,6.02,,0.0,0
2026-09-14 01:37:30Z,DAL,in,0.477,Q2 1:24,0.0,8917,KaVontae Turpin,WR,4.3,1.8,2.15,3.95,4.02,4.05,0.007,1.0,3.95,,0.0,0
2026-09-14 01:37:30Z,NYG,in,0.477,Q2 1:24,0.0,11655,Tyrone Tracy,RB,2.4,-0.6,0.92,0.32,0.43,0.66,0.0,1.0,0.32,,0.0,0
2026-09-14 01:37:30Z,NYG,in,0.477,Q2 1:24,0.0,11632,Malik Nabers,WR,16.5,3.6,7.96,11.56,11.68,12.23,0.214,1.0,11.56,,0.0,0
2026-09-14 01:37:30Z,NYG,in,0.477,Q2 1:24,0.0,7090,Darnell Mooney,WR,5.6,0.0,2.6,2.6,2.58,2.93,0.477,1.0,2.6,,0.0,0
2026-09-14 01:37:30Z,NYG,in,0.477,Q2 1:24,0.0,2306,Jameis Winston,QB,0.5,0.0,0.23,0.23,0.23,0.26,0.477,0.3,0.07,,0.0,0
2026-09-14 01:37:30Z,DAL,in,0.477,Q2 1:24,0.0,11593,Brevyn Spann-Ford,TE,0.5,3.4,0.52,3.92,4.08,3.66,0.263,1.0,3.92,,0.0,0
2026-09-14 01:37:30Z,NYG,in,0.477,Q2 1:24,0.0,2078,Odell Beckham,WR,4.3,0.0,1.99,1.99,1.98,2.25,0.477,1.0,1.99,,0.0,0
2026-09-14 01:37:30Z,NYG,in,0.477,Q2 1:24,0.0,12481,Cam Skattebo,RB,14.1,7.7,7.38,15.08,15.21,15.08,0.227,0.96,14.78,,0.0,0
2026-09-14 01:37:30Z,DAL,in,0.477,Q2 1:24,0.0,11199,Emari Demercado,RB,1.8,0.4,0.84,1.24,1.28,1.34,0.119,1.0,1.24,,0.0,0
2026-09-14 01:37:30Z,NYG,in,0.477,Q2 1:24,0.0,NYG,New York Giants D/ST,DST,5.2,4.0,0.22,4.22,6.92,6.72,0.072,1.0,4.22,,0.0,0
2026-09-14 01:37:30Z,NYG,in,0.477,Q2 1:24,0.0,7528,Najee Harris,RB,4.2,0.0,1.79,1.79,1.94,2.2,0.477,1.0,1.79,,0.0,0
2026-09-14 01:37:30Z,DAL,in,0.477,Q2 1:24,0.0,8162,Sam Howell,QB,0.6,0.0,0.27,0.27,0.28,0.31,0.477,0.3,0.08,,0.0,0
2026-09-14 01:37:30Z,DAL,in,0.477,Q2 1:24,0.0,11783,Ryan Flournoy,WR,7.4,0.0,3.43,3.43,3.41,3.87,0.477,1.0,3.43,,0.0,0
2026-09-14 01:37:30Z,DAL,in,0.477,Q2 1:24,0.0,10871,Luke Schoonmaker,TE,1.7,2.2,0.98,3.18,3.27,3.09,0.089,1.0,3.18,,0.0,0
2026-09-14 01:37:30Z,DAL,in,0.477,Q2 1:24,0.0,7588,Javonte Williams,RB,16.9,2.9,7.72,10.62,11.07,11.74,0.0,1.0,10.62,,0.0,0
2026-09-14 01:38:31Z,DAL,in,0.478,Q2 1:18,0.0,11533,Brandon Aubrey,K,9.6,1.0,4.54,5.54,5.54,6.01,0.074,1.0,5.54,,0.0,0
2026-09-14 01:38:31Z,DAL,in,0.478,Q2 1:18,0.0,6786,CeeDee Lamb,WR,18.3,9.0,9.21,18.21,18.58,18.55,0.0,1.0,18.21,,0.0,0
2026-09-14 01:38:31Z,DAL,in,0.478,Q2 1:18,0.0,3294,Dak Prescott,QB,18.5,7.84,9.52,17.36,17.36,17.49,0.0,1.0,17.36,,0.0,0
2026-09-14 01:38:31Z,NYG,in,0.478,Q2 1:18,0.0,13833,Dominic Zvada,K,8.2,1.0,3.9,4.9,4.9,5.28,0.339,1.0,4.9,,0.0,0
2026-09-14 01:38:31Z,DAL,in,0.478,Q2 1:18,0.0,8110,Jake Ferguson,TE,9.3,0.0,4.29,4.29,4.27,4.85,0.478,1.0,4.29,,0.0,0
2026-09-14 01:38:31Z,NYG,in,0.478,Q2 1:18,0.0,8131,Isaiah Likely,TE,10.7,6.9,5.52,12.42,12.71,12.48,0.049,1.0,12.42,,0.0,0
2026-09-14 01:38:31Z,DAL,in,0.478,Q2 1:18,0.0,DAL,Dallas Cowboys D/ST,DST,6.5,10.0,-0.72,9.28,14.29,13.39,0.012,1.0,9.28,,0.0,0
2026-09-14 01:38:31Z,DAL,in,0.478,Q2 1:18,0.0,8137,George Pickens,WR,15.2,3.7,7.33,11.03,11.16,11.63,0.308,1.0,11.03,,0.0,0
2026-09-14 01:38:31Z,NYG,in,0.478,Q2 1:18,0.0,11597,Theo Johnson,TE,4.3,0.0,1.98,1.98,1.97,2.24,0.478,1.0,1.98,,0.0,0
2026-09-14 01:38:31Z,NYG,in,0.478,Q2 1:18,0.0,12508,Jaxson Dart,QB,20.5,6.86,10.26,17.12,17.17,17.55,0.029,1.0,17.12,,0.0,0
2026-09-14 01:38:31Z,NYG,in,0.478,Q2 1:18,0.0,13285,Malachi Fields,WR,6.2,2.9,3.11,6.01,6.13,6.13,0.029,1.0,6.01,,0.0,0
2026-09-14 01:38:31Z,DAL,in,0.478,Q2 1:18,0.0,8917,KaVontae Turpin,WR,4.3,1.8,2.14,3.94,4.01,4.04,0.009,1.0,3.94,,0.0,0
2026-09-14 01:38:31Z,NYG,in,0.478,Q2 1:18,0.0,11655,Tyrone Tracy,RB,2.4,-0.6,0.91,0.31,0.42,0.65,0.002,1.0,0.31,,0.0,0
2026-09-14 01:38:31Z,NYG,in,0.478,Q2 1:18,0.0,11632,Malik Nabers,WR,16.5,3.6,7.92,11.52,11.65,12.21,0.215,1.0,11.52,,0.0,0
2026-09-14 01:38:31Z,NYG,in,0.478,Q2 1:18,0.0,7090,Darnell Mooney,WR,5.6,0.0,2.58,2.58,2.57,2.92,0.478,1.0,2.58,,0.0,0
2026-09-14 01:38:31Z,NYG,in,0.478,Q2 1:18,0.0,2306,Jameis Winston,QB,0.5,0.0,0.22,0.22,0.23,0.26,0.478,0.3,0.07,,0.0,0
2026-09-14 01:38:31Z,DAL,in,0.478,Q2 1:18,0.0,11593,Brevyn Spann-Ford,TE,0.5,3.4,0.52,3.92,4.07,3.66,0.265,1.0,3.92,,0.0,0
2026-09-14 01:38:31Z,NYG,in,0.478,Q2 1:18,0.0,2078,Odell Beckham,WR,4.3,0.0,1.98,1.98,1.97,2.24,0.478,1.0,1.98,,0.0,0
2026-09-14 01:38:31Z,NYG,in,0.478,Q2 1:18,0.0,12481,Cam Skattebo,RB,14.1,7.7,7.34,15.04,15.18,15.06,0.228,0.958,14.73,,0.0,0
2026-09-14 01:38:31Z,DAL,in,0.478,Q2 1:18,0.0,11199,Emari Demercado,RB,1.8,0.4,0.83,1.23,1.28,1.34,0.121,1.0,1.23,,0.0,0
2026-09-14 01:38:31Z,NYG,in,0.478,Q2 1:18,0.0,NYG,New York Giants D/ST,DST,5.2,4.0,0.22,4.22,6.91,6.71,0.074,1.0,4.22,,0.0,0
2026-09-14 01:38:31Z,NYG,in,0.478,Q2 1:18,0.0,7528,Najee Harris,RB,4.2,0.0,1.78,1.78,1.93,2.19,0.478,1.0,1.78,,0.0,0
2026-09-14 01:38:31Z,DAL,in,0.478,Q2 1:18,0.0,8162,Sam Howell,QB,0.6,0.0,0.27,0.27,0.28,0.31,0.478,0.3,0.08,,0.0,0
2026-09-14 01:38:31Z,DAL,in,0.478,Q2 1:18,0.0,11783,Ryan Flournoy,WR,7.4,0.0,3.41,3.41,3.4,3.86,0.478,1.0,3.41,,0.0,0
2026-09-14 01:38:31Z,DAL,in,0.478,Q2 1:18,0.0,10871,Luke Schoonmaker,TE,1.7,2.2,0.97,3.17,3.27,3.09,0.091,1.0,3.17,,0.0,0
2026-09-14 01:38:31Z,DAL,in,0.478,Q2 1:18,0.0,7588,Javonte Williams,RB,16.9,2.5,7.62,10.12,10.59,11.32,0.0,1.0,10.12,,0.0,0
2026-09-14 01:39:31Z,DAL,in,0.481,Q2 1:07,0.0,11533,Brandon Aubrey,K,9.6,1.0,4.51,5.51,5.51,5.98,0.077,1.0,5.51,,0.0,0
2026-09-14 01:39:31Z,DAL,in,0.481,Q2 1:07,0.0,6786,CeeDee Lamb,WR,18.3,9.0,9.12,18.12,18.52,18.49,0.003,1.0,18.12,,0.0,0
2026-09-14 01:39:31Z,DAL,in,0.481,Q2 1:07,0.0,3294,Dak Prescott,QB,18.5,8.04,9.46,17.5,17.52,17.63,0.0,1.0,17.5,,0.0,0
2026-09-14 01:39:31Z,NYG,in,0.481,Q2 1:07,0.0,13833,Dominic Zvada,K,8.2,1.0,3.87,4.87,4.87,5.25,0.342,1.0,4.87,,0.0,0
2026-09-14 01:39:31Z,DAL,in,0.481,Q2 1:07,0.0,8110,Jake Ferguson,TE,9.3,0.0,4.25,4.25,4.24,4.82,0.481,1.0,4.25,,0.0,0
2026-09-14 01:39:31Z,NYG,in,0.481,Q2 1:07,0.0,8131,Isaiah Likely,TE,10.7,6.9,5.47,12.37,12.68,12.45,0.052,1.0,12.37,,0.0,0
2026-09-14 01:39:31Z,DAL,in,0.481,Q2 1:07,0.0,DAL,Dallas Cowboys D/ST,DST,6.5,10.0,-0.71,9.29,14.26,13.37,0.015,1.0,9.29,,0.0,0
2026-09-14 01:39:31Z,DAL,in,0.481,Q2 1:07,0.0,8137,George Pickens,WR,15.2,3.7,7.26,10.96,11.11,11.58,0.311,1.0,10.96,,0.0,0
2026-09-14 01:39:31Z,NYG,in,0.481,Q2 1:07,0.0,11597,Theo Johnson,TE,4.3,0.0,1.97,1.97,1.96,2.23,0.481,1.0,1.97,,0.0,0
2026-09-14 01:39:31Z,NYG,in,0.481,Q2 1:07,0.0,12508,Jaxson Dart,QB,20.5,6.86,10.16,17.02,17.1,17.49,0.032,1.0,17.02,,0.0,0
2026-09-14 01:39:31Z,NYG,in,0.481,Q2 1:07,0.0,13285,Malachi Fields,WR,6.2,2.9,3.08,5.98,6.1,6.12,0.032,1.0,5.98,,0.0,0
2026-09-14 01:39:31Z,DAL,in,0.481,Q2 1:07,0.0,8917,KaVontae Turpin,WR,4.3,1.8,2.12,3.92,4.0,4.03,0.012,1.0,3.92,,0.0,0
2026-09-14 01:39:31Z,NYG,in,0.481,Q2 1:07,0.0,11655,Tyrone Tracy,RB,2.4,-0.6,0.91,0.31,0.42,0.64,0.005,1.0,0.31,,0.0,0
2026-09-14 01:39:31Z,NYG,in,0.481,Q2 1:07,0.0,11632,Malik Nabers,WR,16.5,3.6,7.85,11.45,11.59,12.16,0.218,1.0,11.45,,0.0,0
2026-09-14 01:39:31Z,NYG,in,0.481,Q2 1:07,0.0,7090,Darnell Mooney,WR,5.6,0.0,2.56,2.56,2.55,2.9,0.481,1.0,2.56,,0.0,0
2026-09-14 01:39:31Z,NYG,in,0.481,Q2 1:07,0.0,2306,Jameis Winston,QB,0.5,0.0,0.22,0.22,0.23,0.26,0.481,0.3,0.07,,0.0,0
2026-09-14 01:39:31Z,DAL,in,0.481,Q2 1:07,0.0,11593,Brevyn Spann-Ford,TE,0.5,3.4,0.52,3.92,4.07,3.66,0.268,1.0,3.92,,0.0,0
2026-09-14 01:39:31Z,NYG,in,0.481,Q2 1:07,0.0,2078,Odell Beckham,WR,4.3,0.0,1.97,1.97,1.96,2.23,0.481,1.0,1.97,,0.0,0
2026-09-14 01:39:31Z,NYG,in,0.481,Q2 1:07,0.0,12481,Cam Skattebo,RB,14.1,7.7,7.28,14.98,15.13,15.01,0.231,0.953,14.64,,0.0,0
2026-09-14 01:39:31Z,DAL,in,0.481,Q2 1:07,0.0,11199,Emari Demercado,RB,1.8,0.4,0.83,1.23,1.27,1.33,0.124,1.0,1.23,,0.0,0
2026-09-14 01:39:31Z,NYG,in,0.481,Q2 1:07,0.0,NYG,New York Giants D/ST,DST,5.2,4.0,0.22,4.22,6.89,6.7,0.077,1.0,4.22,,0.0,0
2026-09-14 01:39:31Z,NYG,in,0.481,Q2 1:07,0.0,7528,Najee Harris,RB,4.2,0.0,1.77,1.77,1.92,2.18,0.481,1.0,1.77,,0.0,0
2026-09-14 01:39:31Z,DAL,in,0.481,Q2 1:07,0.0,8162,Sam Howell,QB,0.6,0.0,0.27,0.27,0.27,0.31,0.481,0.3,0.08,,0.0,0
2026-09-14 01:39:31Z,DAL,in,0.481,Q2 1:07,0.0,11783,Ryan Flournoy,WR,7.4,1.5,3.51,5.01,5.07,5.34,0.0,1.0,5.01,,0.0,0
2026-09-14 01:39:31Z,DAL,in,0.481,Q2 1:07,0.0,10871,Luke Schoonmaker,TE,1.7,2.2,0.96,3.16,3.26,3.08,0.094,1.0,3.16,,0.0,0
2026-09-14 01:39:31Z,DAL,in,0.481,Q2 1:07,0.0,7588,Javonte Williams,RB,16.9,2.5,7.55,10.05,10.53,11.26,0.003,1.0,10.05,,0.0,0
2026-09-14 01:40:32Z,DAL,in,0.484,Q2 0:58,0.0,11533,Brandon Aubrey,K,9.6,1.0,4.48,5.48,5.48,5.95,0.079,1.0,5.48,,0.0,0
2026-09-14 01:40:32Z,DAL,in,0.484,Q2 0:58,0.0,6786,CeeDee Lamb,WR,18.3,9.0,9.05,18.05,18.46,18.44,0.006,1.0,18.05,,0.0,0
2026-09-14 01:40:32Z,DAL,in,0.484,Q2 0:58,0.0,3294,Dak Prescott,QB,18.5,8.04,9.38,17.42,17.47,17.59,0.003,1.0,17.42,,0.0,0
2026-09-14 01:40:32Z,NYG,in,0.484,Q2 0:58,0.0,13833,Dominic Zvada,K,8.2,1.0,3.85,4.85,4.85,5.23,0.345,1.0,4.85,,0.0,0
2026-09-14 01:40:32Z,DAL,in,0.484,Q2 0:58,0.0,8110,Jake Ferguson,TE,9.3,0.0,4.22,4.22,4.22,4.8,0.484,1.0,4.22,,0.0,0
2026-09-14 01:40:32Z,NYG,in,0.484,Q2 0:58,0.0,8131,Isaiah Likely,TE,10.7,6.9,5.43,12.33,12.64,12.42,0.054,1.0,12.33,,0.0,0
2026-09-14 01:40:32Z,DAL,in,0.484,Q2 0:58,0.0,DAL,Dallas Cowboys D/ST,DST,6.5,10.0,-0.69,9.31,14.24,13.35,0.017,1.0,9.31,,0.0,0
2026-09-14 01:40:32Z,DAL,in,0.484,Q2 0:58,0.0,8137,George Pickens,WR,15.2,3.7,7.2,10.9,11.07,11.54,0.314,1.0,10.9,,0.0,0
2026-09-14 01:40:32Z,NYG,in,0.484,Q2 0:58,0.0,11597,Theo Johnson,TE,4.3,0.0,1.95,1.95,1.95,2.22,0.484,1.0,1.95,,0.0,0
2026-09-14 01:40:32Z,NYG,in,0.484,Q2 0:58,0.0,12508,Jaxson Dart,QB,20.5,6.86,10.08,16.94,17.05,17.44,0.034,1.0,16.94,,0.0,0
2026-09-14 01:40:32Z,NYG,in,0.484,Q2 0:58,0.0,13285,Malachi Fields,WR,6.2,2.9,3.05,5.95,6.09,6.1,0.034,1.0,5.95,,0.0,0
2026-09-14 01:40:32Z,DAL,in,0.484,Q2 0:58,0.0,8917,KaVontae Turpin,WR,4.3,1.8,2.1,3.9,3.98,4.02,0.014,1.0,3.9,,0.0,0
2026-09-14 01:40:32Z,NYG,in,0.484,Q2 0:58,0.0,11655,Tyrone Tracy,RB,2.4,-0.6,0.9,0.3,0.41,0.64,0.007,1.0,0.3,,0.0,0
2026-09-14 01:40:32Z,NYG,in,0.484,Q2 0:58,0.0,11632,Malik Nabers,WR,16.5,3.6,7.78,11.38,11.55,12.12,0.221,1.0,11.38,,0.0,0
2026-09-14 01:40:32Z,NYG,in,0.484,Q2 0:58,0.0,7090,Darnell Mooney,WR,5.6,0.0,2.54,2.54,2.54,2.89,0.484,1.0,2.54,,0.0,0
2026-09-14 01:40:32Z,NYG,in,0.484,Q2 0:58,0.0,2306,Jameis Winston,QB,0.5,0.0,0.22,0.22,0.23,0.26,0.484,0.3,0.07,,0.0,0
2026-09-14 01:40:32Z,DAL,in,0.484,Q2 0:58,0.0,11593,Brevyn Spann-Ford,TE,0.5,3.4,0.51,3.91,4.07,3.66,0.27,1.0,3.91,,0.0,0
2026-09-14 01:40:32Z,NYG,in,0.484,Q2 0:58,0.0,2078,Odell Beckham,WR,4.3,0.0,1.95,1.95,1.95,2.22,0.484,1.0,1.95,,0.0,0
2026-09-14 01:40:32Z,NYG,in,0.484,Q2 0:58,0.0,12481,Cam Skattebo,RB,14.1,7.7,7.23,14.93,15.09,14.98,0.234,0.949,14.56,,0.0,0
2026-09-14 01:40:32Z,DAL,in,0.484,Q2 0:58,0.0,11199,Emari Demercado,RB,1.8,0.4,0.82,1.22,1.27,1.33,0.126,1.0,1.22,,0.0,0
2026-09-14 01:40:32Z,NYG,in,0.484,Q2 0:58,0.0,NYG,New York Giants D/ST,DST,5.2,4.0,0.22,4.22,6.88,6.68,0.079,1.0,4.22,,0.0,0
2026-09-14 01:40:32Z,NYG,in,0.484,Q2 0:58,0.0,7528,Najee Harris,RB,4.2,0.0,1.76,1.76,1.91,2.17,0.484,1.0,1.76,,0.0,0
2026-09-14 01:40:32Z,DAL,in,0.484,Q2 0:58,0.0,8162,Sam Howell,QB,0.6,0.0,0.26,0.26,0.27,0.31,0.484,0.3,0.08,,0.0,0
2026-09-14 01:40:32Z,DAL,in,0.484,Q2 0:58,0.0,11783,Ryan Flournoy,WR,7.4,1.5,3.48,4.98,5.05,5.32,0.003,1.0,4.98,,0.0,0
2026-09-14 01:40:32Z,DAL,in,0.484,Q2 0:58,0.0,10871,Luke Schoonmaker,TE,1.7,2.2,0.96,3.16,3.26,3.08,0.096,1.0,3.16,,0.0,0
2026-09-14 01:40:32Z,DAL,in,0.484,Q2 0:58,0.0,7588,Javonte Williams,RB,16.9,2.5,7.5,10.0,10.49,11.22,0.006,1.0,10.0,,0.0,0
2026-09-14 01:41:32Z,DAL,in,0.486,Q2 0:49,0.0,11533,Brandon Aubrey,K,9.6,1.0,4.46,5.46,5.46,5.93,0.082,1.0,5.46,,0.0,0
2026-09-14 01:41:32Z,DAL,in,0.486,Q2 0:49,0.0,6786,CeeDee Lamb,WR,18.3,9.0,8.98,17.98,18.41,18.4,0.008,1.0,17.98,,0.0,0
2026-09-14 01:41:32Z,DAL,in,0.486,Q2 0:49,0.0,3294,Dak Prescott,QB,18.5,8.04,9.3,17.34,17.42,17.54,0.005,1.0,17.34,,0.0,0
2026-09-14 01:41:32Z,NYG,in,0.486,Q2 0:49,0.0,13833,Dominic Zvada,K,8.2,1.0,3.83,4.83,4.83,5.21,0.347,1.0,4.83,,0.0,0
2026-09-14 01:41:32Z,DAL,in,0.486,Q2 0:49,0.0,8110,Jake Ferguson,TE,9.3,0.0,4.18,4.18,4.2,4.78,0.486,1.0,4.18,,0.0,0
2026-09-14 01:41:32Z,NYG,in,0.486,Q2 0:49,0.0,8131,Isaiah Likely,TE,10.7,6.9,5.39,12.29,12.61,12.4,0.057,1.0,12.29,,0.0,0
2026-09-14 01:41:32Z,DAL,in,0.486,Q2 0:49,0.0,DAL,Dallas Cowboys D/ST,DST,6.5,10.0,-0.68,9.32,14.22,13.34,0.02,1.0,9.32,,0.0,0
2026-09-14 01:41:32Z,DAL,in,0.486,Q2 0:49,0.0,8137,George Pickens,WR,15.2,3.7,7.15,10.85,11.03,11.51,0.316,1.0,10.85,,0.0,0
2026-09-14 01:41:32Z,NYG,in,0.486,Q2 0:49,0.0,11597,Theo Johnson,TE,4.3,0.0,1.93,1.93,1.94,2.21,0.486,1.0,1.93,,0.0,0
2026-09-14 01:41:32Z,NYG,in,0.486,Q2 0:49,0.0,12508,Jaxson Dart,QB,20.5,6.86,10.0,16.86,16.99,17.39,0.037,1.0,16.86,,0.0,0
2026-09-14 01:41:32Z,NYG,in,0.486,Q2 0:49,0.0,13285,Malachi Fields,WR,6.2,2.9,3.03,5.93,6.07,6.08,0.037,1.0,5.93,,0.0,0
2026-09-14 01:41:32Z,DAL,in,0.486,Q2 0:49,0.0,8917,KaVontae Turpin,WR,4.3,1.8,2.08,3.88,3.97,4.01,0.017,1.0,3.88,,0.0,0
2026-09-14 01:41:32Z,NYG,in,0.486,Q2 0:49,0.0,11655,Tyrone Tracy,RB,2.4,-0.6,0.89,0.29,0.41,0.63,0.01,1.0,0.29,,0.0,0
2026-09-14 01:41:32Z,NYG,in,0.486,Q2 0:49,0.0,11632,Malik Nabers,WR,16.5,3.6,7.72,11.32,11.51,12.07,0.223,1.0,11.32,,0.0,0
2026-09-14 01:41:32Z,NYG,in,0.486,Q2 0:49,0.0,7090,Darnell Mooney,WR,5.6,0.0,2.52,2.52,2.53,2.88,0.486,1.0,2.52,,0.0,0
2026-09-14 01:41:32Z,NYG,in,0.486,Q2 0:49,0.0,2306,Jameis Winston,QB,0.5,0.0,0.22,0.22,0.23,0.26,0.486,0.3,0.07,,0.0,0
2026-09-14 01:41:32Z,DAL,in,0.486,Q2 0:49,0.0,11593,Brevyn Spann-Ford,TE,0.5,3.4,0.51,3.91,4.06,3.66,0.273,1.0,3.91,,0.0,0
2026-09-14 01:41:32Z,NYG,in,0.486,Q2 0:49,0.0,2078,Odell Beckham,WR,4.3,0.0,1.93,1.93,1.94,2.21,0.486,1.0,1.93,,0.0,0
2026-09-14 01:41:32Z,NYG,in,0.486,Q2 0:49,0.0,12481,Cam Skattebo,RB,14.1,7.7,7.18,14.88,15.05,14.94,0.236,0.945,14.49,,0.0,0
2026-09-14 01:41:32Z,DAL,in,0.486,Q2 0:49,0.0,11199,Emari Demercado,RB,1.8,0.4,0.82,1.22,1.26,1.32,0.129,1.0,1.22,,0.0,0
2026-09-14 01:41:32Z,NYG,in,0.486,Q2 0:49,0.0,NYG,New York Giants D/ST,DST,5.2,4.0,0.22,4.22,6.86,6.67,0.082,1.0,4.22,,0.0,0
2026-09-14 01:41:32Z,NYG,in,0.486,Q2 0:49,0.0,7528,Najee Harris,RB,4.2,0.0,1.74,1.74,1.89,2.16,0.486,1.0,1.74,,0.0,0
2026-09-14 01:41:32Z,DAL,in,0.486,Q2 0:49,0.0,8162,Sam Howell,QB,0.6,0.0,0.26,0.26,0.27,0.31,0.486,0.3,0.08,,0.0,0
2026-09-14 01:41:32Z,DAL,in,0.486,Q2 0:49,0.0,11783,Ryan Flournoy,WR,7.4,1.5,3.45,4.95,5.03,5.3,0.005,1.0,4.95,,0.0,0
2026-09-14 01:41:32Z,DAL,in,0.486,Q2 0:49,0.0,10871,Luke Schoonmaker,TE,1.7,2.2,0.95,3.15,3.25,3.07,0.099,1.0,3.15,,0.0,0
2026-09-14 01:41:32Z,DAL,in,0.486,Q2 0:49,0.0,7588,Javonte Williams,RB,16.9,2.5,7.45,9.95,10.45,11.18,0.008,1.0,9.95,,0.0,0
2026-09-14 01:42:33Z,DAL,in,0.486,Q2 0:49,0.0,11533,Brandon Aubrey,K,9.6,1.0,4.46,5.46,5.46,5.93,0.082,1.0,5.46,,0.0,0
2026-09-14 01:42:33Z,DAL,in,0.486,Q2 0:49,0.0,6786,CeeDee Lamb,WR,18.3,9.0,8.98,17.98,18.41,18.4,0.008,1.0,17.98,,0.0,0
2026-09-14 01:42:33Z,DAL,in,0.486,Q2 0:49,0.0,3294,Dak Prescott,QB,18.5,7.04,9.15,16.19,16.29,16.54,0.0,1.0,16.19,,0.0,0
2026-09-14 01:42:33Z,NYG,in,0.486,Q2 0:49,0.0,13833,Dominic Zvada,K,8.2,1.0,3.83,4.83,4.83,5.21,0.347,1.0,4.83,,0.0,0
2026-09-14 01:42:33Z,DAL,in,0.486,Q2 0:49,0.0,8110,Jake Ferguson,TE,9.3,0.0,4.18,4.18,4.2,4.78,0.486,1.0,4.18,,0.0,0
2026-09-14 01:42:33Z,NYG,in,0.486,Q2 0:49,0.0,8131,Isaiah Likely,TE,10.7,6.9,5.39,12.29,12.61,12.4,0.057,1.0,12.29,,0.0,0
2026-09-14 01:42:33Z,DAL,in,0.486,Q2 0:49,0.0,DAL,Dallas Cowboys D/ST,DST,6.5,10.0,-0.68,9.32,14.22,13.34,0.02,1.0,9.32,,0.0,0
2026-09-14 01:42:33Z,DAL,in,0.486,Q2 0:49,0.0,8137,George Pickens,WR,15.2,3.7,7.15,10.85,11.03,11.51,0.316,1.0,10.85,,0.0,0
2026-09-14 01:42:33Z,NYG,in,0.486,Q2 0:49,0.0,11597,Theo Johnson,TE,4.3,0.0,1.93,1.93,1.94,2.21,0.486,1.0,1.93,,0.0,0
2026-09-14 01:42:33Z,NYG,in,0.486,Q2 0:49,0.0,12508,Jaxson Dart,QB,20.5,6.86,10.0,16.86,16.99,17.39,0.037,1.0,16.86,,0.0,0
2026-09-14 01:42:33Z,NYG,in,0.486,Q2 0:49,0.0,13285,Malachi Fields,WR,6.2,2.9,3.03,5.93,6.07,6.08,0.037,1.0,5.93,,0.0,0
2026-09-14 01:42:33Z,DAL,in,0.486,Q2 0:49,0.0,8917,KaVontae Turpin,WR,4.3,1.8,2.08,3.88,3.97,4.01,0.017,1.0,3.88,,0.0,0
2026-09-14 01:42:33Z,NYG,in,0.486,Q2 0:49,0.0,11655,Tyrone Tracy,RB,2.4,-0.6,0.89,0.29,0.41,0.63,0.01,1.0,0.29,,0.0,0
2026-09-14 01:42:33Z,NYG,in,0.486,Q2 0:49,0.0,11632,Malik Nabers,WR,16.5,3.6,7.72,11.32,11.51,12.07,0.223,1.0,11.32,,0.0,0
2026-09-14 01:42:33Z,NYG,in,0.486,Q2 0:49,0.0,7090,Darnell Mooney,WR,5.6,0.0,2.52,2.52,2.53,2.88,0.486,1.0,2.52,,0.0,0
2026-09-14 01:42:33Z,NYG,in,0.486,Q2 0:49,0.0,2306,Jameis Winston,QB,0.5,0.0,0.22,0.22,0.23,0.26,0.486,0.3,0.07,,0.0,0
2026-09-14 01:42:33Z,DAL,in,0.486,Q2 0:49,0.0,11593,Brevyn Spann-Ford,TE,0.5,3.4,0.51,3.91,4.06,3.66,0.273,1.0,3.91,,0.0,0
2026-09-14 01:42:33Z,NYG,in,0.486,Q2 0:49,0.0,2078,Odell Beckham,WR,4.3,0.0,1.93,1.93,1.94,2.21,0.486,1.0,1.93,,0.0,0
2026-09-14 01:42:33Z,NYG,in,0.486,Q2 0:49,0.0,12481,Cam Skattebo,RB,14.1,7.7,7.18,14.88,15.05,14.94,0.236,0.945,14.49,,0.0,0
2026-09-14 01:42:33Z,DAL,in,0.486,Q2 0:49,0.0,11199,Emari Demercado,RB,1.8,0.4,0.82,1.22,1.26,1.32,0.129,1.0,1.22,,0.0,0
2026-09-14 01:42:33Z,NYG,in,0.486,Q2 0:49,0.0,NYG,New York Giants D/ST,DST,5.2,6.0,-0.15,5.85,9.12,8.67,0.0,1.0,5.85,,0.0,0
2026-09-14 01:42:33Z,NYG,in,0.486,Q2 0:49,0.0,7528,Najee Harris,RB,4.2,0.0,1.74,1.74,1.89,2.16,0.486,1.0,1.74,,0.0,0
2026-09-14 01:42:33Z,DAL,in,0.486,Q2 0:49,0.0,8162,Sam Howell,QB,0.6,0.0,0.26,0.26,0.27,0.31,0.486,0.3,0.08,,0.0,0
2026-09-14 01:42:33Z,DAL,in,0.486,Q2 0:49,0.0,11783,Ryan Flournoy,WR,7.4,1.5,3.45,4.95,5.03,5.3,0.005,1.0,4.95,,0.0,0
2026-09-14 01:42:33Z,DAL,in,0.486,Q2 0:49,0.0,10871,Luke Schoonmaker,TE,1.7,2.2,0.95,3.15,3.25,3.07,0.099,1.0,3.15,,0.0,0
2026-09-14 01:42:33Z,DAL,in,0.486,Q2 0:49,0.0,7588,Javonte Williams,RB,16.9,2.5,7.45,9.95,10.45,11.18,0.008,1.0,9.95,,0.0,0
2026-09-14 01:43:33Z,DAL,in,0.486,Q2 0:49,0.0,11533,Brandon Aubrey,K,9.6,1.0,4.46,5.46,5.46,5.93,0.082,1.0,5.46,,0.0,0
2026-09-14 01:43:33Z,DAL,in,0.486,Q2 0:49,0.0,6786,CeeDee Lamb,WR,18.3,9.0,8.98,17.98,18.41,18.4,0.008,1.0,17.98,,0.0,0
2026-09-14 01:43:33Z,DAL,in,0.486,Q2 0:49,0.0,3294,Dak Prescott,QB,18.5,7.04,9.15,16.19,16.29,16.54,0.0,1.0,16.19,,0.0,0
2026-09-14 01:43:33Z,NYG,in,0.486,Q2 0:49,0.0,13833,Dominic Zvada,K,8.2,1.0,3.83,4.83,4.83,5.21,0.347,1.0,4.83,,0.0,0
2026-09-14 01:43:33Z,DAL,in,0.486,Q2 0:49,0.0,8110,Jake Ferguson,TE,9.3,0.0,4.18,4.18,4.2,4.78,0.486,1.0,4.18,,0.0,0
2026-09-14 01:43:33Z,NYG,in,0.486,Q2 0:49,0.0,8131,Isaiah Likely,TE,10.7,6.9,5.39,12.29,12.61,12.4,0.057,1.0,12.29,,0.0,0
2026-09-14 01:43:33Z,DAL,in,0.486,Q2 0:49,0.0,DAL,Dallas Cowboys D/ST,DST,6.5,10.0,-0.68,9.32,14.22,13.34,0.02,1.0,9.32,,0.0,0
2026-09-14 01:43:33Z,DAL,in,0.486,Q2 0:49,0.0,8137,George Pickens,WR,15.2,3.7,7.15,10.85,11.03,11.51,0.316,1.0,10.85,,0.0,0
2026-09-14 01:43:33Z,NYG,in,0.486,Q2 0:49,0.0,11597,Theo Johnson,TE,4.3,0.0,1.93,1.93,1.94,2.21,0.486,1.0,1.93,,0.0,0
2026-09-14 01:43:33Z,NYG,in,0.486,Q2 0:49,0.0,12508,Jaxson Dart,QB,20.5,6.86,10.0,16.86,16.99,17.39,0.037,1.0,16.86,,0.0,0
2026-09-14 01:43:33Z,NYG,in,0.486,Q2 0:49,0.0,13285,Malachi Fields,WR,6.2,2.9,3.03,5.93,6.07,6.08,0.037,1.0,5.93,,0.0,0
2026-09-14 01:43:33Z,DAL,in,0.486,Q2 0:49,0.0,8917,KaVontae Turpin,WR,4.3,1.8,2.08,3.88,3.97,4.01,0.017,1.0,3.88,,0.0,0
2026-09-14 01:43:33Z,NYG,in,0.486,Q2 0:49,0.0,11655,Tyrone Tracy,RB,2.4,-0.6,0.89,0.29,0.41,0.63,0.01,1.0,0.29,,0.0,0
2026-09-14 01:43:33Z,NYG,in,0.486,Q2 0:49,0.0,11632,Malik Nabers,WR,16.5,3.6,7.72,11.32,11.51,12.07,0.223,1.0,11.32,,0.0,0
2026-09-14 01:43:33Z,NYG,in,0.486,Q2 0:49,0.0,7090,Darnell Mooney,WR,5.6,0.0,2.52,2.52,2.53,2.88,0.486,1.0,2.52,,0.0,0
2026-09-14 01:43:33Z,NYG,in,0.486,Q2 0:49,0.0,2306,Jameis Winston,QB,0.5,0.0,0.22,0.22,0.23,0.26,0.486,0.3,0.07,,0.0,0
2026-09-14 01:43:33Z,DAL,in,0.486,Q2 0:49,0.0,11593,Brevyn Spann-Ford,TE,0.5,3.4,0.51,3.91,4.06,3.66,0.273,1.0,3.91,,0.0,0
2026-09-14 01:43:33Z,NYG,in,0.486,Q2 0:49,0.0,2078,Odell Beckham,WR,4.3,0.0,1.93,1.93,1.94,2.21,0.486,1.0,1.93,,0.0,0
2026-09-14 01:43:33Z,NYG,in,0.486,Q2 0:49,0.0,12481,Cam Skattebo,RB,14.1,7.7,7.18,14.88,15.05,14.94,0.236,0.945,14.49,,0.0,0
2026-09-14 01:43:33Z,DAL,in,0.486,Q2 0:49,0.0,11199,Emari Demercado,RB,1.8,0.4,0.82,1.22,1.26,1.32,0.129,1.0,1.22,,0.0,0
2026-09-14 01:43:33Z,NYG,in,0.486,Q2 0:49,0.0,NYG,New York Giants D/ST,DST,5.2,6.0,-0.15,5.85,9.12,8.67,0.0,1.0,5.85,,0.0,0
2026-09-14 01:43:33Z,NYG,in,0.486,Q2 0:49,0.0,7528,Najee Harris,RB,4.2,0.0,1.74,1.74,1.89,2.16,0.486,1.0,1.74,,0.0,0
2026-09-14 01:43:33Z,DAL,in,0.486,Q2 0:49,0.0,8162,Sam Howell,QB,0.6,0.0,0.26,0.26,0.27,0.31,0.486,0.3,0.08,,0.0,0
2026-09-14 01:43:33Z,DAL,in,0.486,Q2 0:49,0.0,11783,Ryan Flournoy,WR,7.4,1.5,3.45,4.95,5.03,5.3,0.005,1.0,4.95,,0.0,0
2026-09-14 01:43:33Z,DAL,in,0.486,Q2 0:49,0.0,10871,Luke Schoonmaker,TE,1.7,2.2,0.95,3.15,3.25,3.07,0.099,1.0,3.15,,0.0,0
2026-09-14 01:43:33Z,DAL,in,0.486,Q2 0:49,0.0,7588,Javonte Williams,RB,16.9,2.5,7.45,9.95,10.45,11.18,0.008,1.0,9.95,,0.0,0
2026-09-14 01:44:34Z,DAL,in,0.486,Q2 0:49,0.0,11533,Brandon Aubrey,K,9.6,1.0,4.46,5.46,5.46,5.93,0.082,1.0,5.46,,0.0,0
2026-09-14 01:44:34Z,DAL,in,0.486,Q2 0:49,0.0,6786,CeeDee Lamb,WR,18.3,9.0,8.98,17.98,18.41,18.4,0.008,1.0,17.98,,0.0,0
2026-09-14 01:44:34Z,DAL,in,0.486,Q2 0:49,0.0,3294,Dak Prescott,QB,18.5,7.04,9.15,16.19,16.29,16.54,0.0,1.0,16.19,,0.0,0
2026-09-14 01:44:34Z,NYG,in,0.486,Q2 0:49,0.0,13833,Dominic Zvada,K,8.2,1.0,3.83,4.83,4.83,5.21,0.347,1.0,4.83,,0.0,0
2026-09-14 01:44:34Z,DAL,in,0.486,Q2 0:49,0.0,8110,Jake Ferguson,TE,9.3,0.0,4.18,4.18,4.2,4.78,0.486,1.0,4.18,,0.0,0
2026-09-14 01:44:34Z,NYG,in,0.486,Q2 0:49,0.0,8131,Isaiah Likely,TE,10.7,6.9,5.39,12.29,12.61,12.4,0.057,1.0,12.29,,0.0,0
2026-09-14 01:44:34Z,DAL,in,0.486,Q2 0:49,0.0,DAL,Dallas Cowboys D/ST,DST,6.5,10.0,-0.68,9.32,14.22,13.34,0.02,1.0,9.32,,0.0,0
2026-09-14 01:44:34Z,DAL,in,0.486,Q2 0:49,0.0,8137,George Pickens,WR,15.2,3.7,7.15,10.85,11.03,11.51,0.316,1.0,10.85,,0.0,0
2026-09-14 01:44:34Z,NYG,in,0.486,Q2 0:49,0.0,11597,Theo Johnson,TE,4.3,0.0,1.93,1.93,1.94,2.21,0.486,1.0,1.93,,0.0,0
2026-09-14 01:44:34Z,NYG,in,0.486,Q2 0:49,0.0,12508,Jaxson Dart,QB,20.5,6.86,10.0,16.86,16.99,17.39,0.037,1.0,16.86,,0.0,0
2026-09-14 01:44:34Z,NYG,in,0.486,Q2 0:49,0.0,13285,Malachi Fields,WR,6.2,2.9,3.03,5.93,6.07,6.08,0.037,1.0,5.93,,0.0,0
2026-09-14 01:44:34Z,DAL,in,0.486,Q2 0:49,0.0,8917,KaVontae Turpin,WR,4.3,1.8,2.08,3.88,3.97,4.01,0.017,1.0,3.88,,0.0,0
2026-09-14 01:44:34Z,NYG,in,0.486,Q2 0:49,0.0,11655,Tyrone Tracy,RB,2.4,-0.6,0.89,0.29,0.41,0.63,0.01,1.0,0.29,,0.0,0
2026-09-14 01:44:34Z,NYG,in,0.486,Q2 0:49,0.0,11632,Malik Nabers,WR,16.5,3.6,7.72,11.32,11.51,12.07,0.223,1.0,11.32,,0.0,0
2026-09-14 01:44:34Z,NYG,in,0.486,Q2 0:49,0.0,7090,Darnell Mooney,WR,5.6,0.0,2.52,2.52,2.53,2.88,0.486,1.0,2.52,,0.0,0
2026-09-14 01:44:34Z,NYG,in,0.486,Q2 0:49,0.0,2306,Jameis Winston,QB,0.5,0.0,0.22,0.22,0.23,0.26,0.486,0.3,0.07,,0.0,0
2026-09-14 01:44:34Z,DAL,in,0.486,Q2 0:49,0.0,11593,Brevyn Spann-Ford,TE,0.5,3.4,0.51,3.91,4.06,3.66,0.273,1.0,3.91,,0.0,0
2026-09-14 01:44:34Z,NYG,in,0.486,Q2 0:49,0.0,2078,Odell Beckham,WR,4.3,0.0,1.93,1.93,1.94,2.21,0.486,1.0,1.93,,0.0,0
2026-09-14 01:44:34Z,NYG,in,0.486,Q2 0:49,0.0,12481,Cam Skattebo,RB,14.1,7.7,7.18,14.88,15.05,14.94,0.236,0.945,14.49,,0.0,0
2026-09-14 01:44:34Z,DAL,in,0.486,Q2 0:49,0.0,11199,Emari Demercado,RB,1.8,0.4,0.82,1.22,1.26,1.32,0.129,1.0,1.22,,0.0,0
2026-09-14 01:44:34Z,NYG,in,0.486,Q2 0:49,0.0,NYG,New York Giants D/ST,DST,5.2,6.0,-0.15,5.85,9.12,8.67,0.0,1.0,5.85,,0.0,0
2026-09-14 01:44:34Z,NYG,in,0.486,Q2 0:49,0.0,7528,Najee Harris,RB,4.2,0.0,1.74,1.74,1.89,2.16,0.486,1.0,1.74,,0.0,0
2026-09-14 01:44:34Z,DAL,in,0.486,Q2 0:49,0.0,8162,Sam Howell,QB,0.6,0.0,0.26,0.26,0.27,0.31,0.486,0.3,0.08,,0.0,0
2026-09-14 01:44:34Z,DAL,in,0.486,Q2 0:49,0.0,11783,Ryan Flournoy,WR,7.4,1.5,3.45,4.95,5.03,5.3,0.005,1.0,4.95,,0.0,0
2026-09-14 01:44:34Z,DAL,in,0.486,Q2 0:49,0.0,10871,Luke Schoonmaker,TE,1.7,2.2,0.95,3.15,3.25,3.07,0.099,1.0,3.15,,0.0,0
2026-09-14 01:44:34Z,DAL,in,0.486,Q2 0:49,0.0,7588,Javonte Williams,RB,16.9,2.5,7.45,9.95,10.45,11.18,0.008,1.0,9.95,,0.0,0
2026-09-14 01:45:34Z,DAL,in,0.489,Q2 0:40,0.0,11533,Brandon Aubrey,K,9.6,1.0,4.43,5.43,5.43,5.91,0.084,1.0,5.43,,0.0,0
2026-09-14 01:45:34Z,DAL,in,0.489,Q2 0:40,0.0,6786,CeeDee Lamb,WR,18.3,9.0,8.92,17.92,18.36,18.35,0.011,1.0,17.92,,0.0,0
2026-09-14 01:45:34Z,DAL,in,0.489,Q2 0:40,0.0,3294,Dak Prescott,QB,18.5,7.04,9.08,16.12,16.24,16.5,0.003,1.0,16.12,,0.0,0
2026-09-14 01:45:34Z,NYG,in,0.489,Q2 0:40,0.0,13833,Dominic Zvada,K,8.2,1.0,3.81,4.81,4.81,5.19,0.35,1.0,4.81,,0.0,0
2026-09-14 01:45:34Z,DAL,in,0.489,Q2 0:40,0.0,8110,Jake Ferguson,TE,9.3,0.0,4.15,4.15,4.17,4.75,0.489,1.0,4.15,,0.0,0
2026-09-14 01:45:34Z,NYG,in,0.489,Q2 0:40,0.0,8131,Isaiah Likely,TE,10.7,6.9,5.35,12.25,12.58,12.37,0.059,1.0,12.25,,0.0,0
2026-09-14 01:45:34Z,DAL,in,0.489,Q2 0:40,0.0,DAL,Dallas Cowboys D/ST,DST,6.5,11.0,-0.86,10.14,15.32,14.32,0.0,1.0,10.14,,0.0,0
2026-09-14 01:45:34Z,DAL,in,0.489,Q2 0:40,0.0,8137,George Pickens,WR,15.2,3.7,7.09,10.79,10.99,11.47,0.319,1.0,10.79,,0.0,0
2026-09-14 01:45:34Z,NYG,in,0.489,Q2 0:40,0.0,11597,Theo Johnson,TE,4.3,0.0,1.92,1.92,1.93,2.2,0.489,1.0,1.92,,0.0,0
2026-09-14 01:45:34Z,NYG,in,0.489,Q2 0:40,0.0,12508,Jaxson Dart,QB,20.5,7.1,9.95,17.05,17.2,17.58,0.0,1.0,17.05,,0.0,0
2026-09-14 01:45:34Z,NYG,in,0.489,Q2 0:40,0.0,13285,Malachi Fields,WR,6.2,4.5,3.14,7.64,7.86,7.67,0.0,1.0,7.64,,0.0,0
2026-09-14 01:45:34Z,DAL,in,0.489,Q2 0:40,0.0,8917,KaVontae Turpin,WR,4.3,1.8,2.07,3.87,3.96,4.0,0.019,1.0,3.87,,0.0,0
2026-09-14 01:45:34Z,NYG,in,0.489,Q2 0:40,0.0,11655,Tyrone Tracy,RB,2.4,-0.6,0.89,0.29,0.4,0.63,0.012,1.0,0.29,,0.0,0
2026-09-14 01:45:34Z,NYG,in,0.489,Q2 0:40,0.0,11632,Malik Nabers,WR,16.5,3.6,7.66,11.26,11.46,12.03,0.226,1.0,11.26,,0.0,0
2026-09-14 01:45:34Z,NYG,in,0.489,Q2 0:40,0.0,7090,Darnell Mooney,WR,5.6,0.0,2.5,2.5,2.51,2.86,0.489,1.0,2.5,,0.0,0
2026-09-14 01:45:34Z,NYG,in,0.489,Q2 0:40,0.0,2306,Jameis Winston,QB,0.5,0.0,0.22,0.22,0.22,0.26,0.489,0.3,0.07,,0.0,0
2026-09-14 01:45:34Z,DAL,in,0.489,Q2 0:40,0.0,11593,Brevyn Spann-Ford,TE,0.5,3.4,0.51,3.91,4.06,3.66,0.275,1.0,3.91,,0.0,0
2026-09-14 01:45:34Z,NYG,in,0.489,Q2 0:40,0.0,2078,Odell Beckham,WR,4.3,0.0,1.92,1.92,1.93,2.2,0.489,1.0,1.92,,0.0,0
2026-09-14 01:45:34Z,NYG,in,0.489,Q2 0:40,0.0,12481,Cam Skattebo,RB,14.1,7.7,7.13,14.83,15.01,14.91,0.239,0.942,14.42,,0.0,0
2026-09-14 01:45:34Z,DAL,in,0.489,Q2 0:40,0.0,11199,Emari Demercado,RB,1.8,0.4,0.81,1.21,1.26,1.32,0.131,1.0,1.21,,0.0,0
2026-09-14 01:45:34Z,NYG,in,0.489,Q2 0:40,0.0,NYG,New York Giants D/ST,DST,5.2,6.0,-0.15,5.85,9.1,8.66,0.003,1.0,5.85,,0.0,0
2026-09-14 01:45:34Z,NYG,in,0.489,Q2 0:40,0.0,7528,Najee Harris,RB,4.2,0.0,1.73,1.73,1.88,2.15,0.489,1.0,1.73,,0.0,0
2026-09-14 01:45:34Z,DAL,in,0.489,Q2 0:40,0.0,8162,Sam Howell,QB,0.6,0.0,0.26,0.26,0.27,0.31,0.489,0.3,0.08,,0.0,0
2026-09-14 01:45:34Z,DAL,in,0.489,Q2 0:40,0.0,11783,Ryan Flournoy,WR,7.4,1.5,3.43,4.93,5.01,5.28,0.008,1.0,4.93,,0.0,0
2026-09-14 01:45:34Z,DAL,in,0.489,Q2 0:40,0.0,10871,Luke Schoonmaker,TE,1.7,2.2,0.94,3.14,3.24,3.07,0.101,1.0,3.14,,0.0,0
2026-09-14 01:45:34Z,DAL,in,0.489,Q2 0:40,0.0,7588,Javonte Williams,RB,16.9,2.5,7.39,9.89,10.4,11.14,0.011,1.0,9.89,,0.0,0
2026-09-14 01:46:35Z,DAL,in,0.489,Q2 0:40,0.0,11533,Brandon Aubrey,K,9.6,1.0,4.43,5.43,5.43,5.91,0.084,1.0,5.43,,0.0,0
2026-09-14 01:46:35Z,DAL,in,0.489,Q2 0:40,0.0,6786,CeeDee Lamb,WR,18.3,9.0,8.92,17.92,18.36,18.35,0.011,1.0,17.92,,0.0,0
2026-09-14 01:46:35Z,DAL,in,0.489,Q2 0:40,0.0,3294,Dak Prescott,QB,18.5,7.04,9.08,16.12,16.24,16.5,0.003,1.0,16.12,,0.0,0
2026-09-14 01:46:35Z,NYG,in,0.489,Q2 0:40,0.0,13833,Dominic Zvada,K,8.2,1.0,3.81,4.81,4.81,5.19,0.35,1.0,4.81,,0.0,0
2026-09-14 01:46:35Z,DAL,in,0.489,Q2 0:40,0.0,8110,Jake Ferguson,TE,9.3,0.0,4.15,4.15,4.17,4.75,0.489,1.0,4.15,,0.0,0
2026-09-14 01:46:35Z,NYG,in,0.489,Q2 0:40,0.0,8131,Isaiah Likely,TE,10.7,6.9,5.35,12.25,12.58,12.37,0.059,1.0,12.25,,0.0,0
2026-09-14 01:46:35Z,DAL,in,0.489,Q2 0:40,0.0,DAL,Dallas Cowboys D/ST,DST,6.5,11.0,-0.86,10.14,15.32,14.32,0.0,1.0,10.14,,0.0,0
2026-09-14 01:46:35Z,DAL,in,0.489,Q2 0:40,0.0,8137,George Pickens,WR,15.2,3.7,7.09,10.79,10.99,11.47,0.319,1.0,10.79,,0.0,0
2026-09-14 01:46:35Z,NYG,in,0.489,Q2 0:40,0.0,11597,Theo Johnson,TE,4.3,0.0,1.92,1.92,1.93,2.2,0.489,1.0,1.92,,0.0,0
2026-09-14 01:46:35Z,NYG,in,0.489,Q2 0:40,0.0,12508,Jaxson Dart,QB,20.5,7.1,9.95,17.05,17.2,17.58,0.0,1.0,17.05,,0.0,0
2026-09-14 01:46:35Z,NYG,in,0.489,Q2 0:40,0.0,13285,Malachi Fields,WR,6.2,4.5,3.14,7.64,7.86,7.67,0.0,1.0,7.64,,0.0,0
2026-09-14 01:46:35Z,DAL,in,0.489,Q2 0:40,0.0,8917,KaVontae Turpin,WR,4.3,1.8,2.07,3.87,3.96,4.0,0.019,1.0,3.87,,0.0,0
2026-09-14 01:46:35Z,NYG,in,0.489,Q2 0:40,0.0,11655,Tyrone Tracy,RB,2.4,-0.6,0.89,0.29,0.4,0.63,0.012,1.0,0.29,,0.0,0
2026-09-14 01:46:35Z,NYG,in,0.489,Q2 0:40,0.0,11632,Malik Nabers,WR,16.5,3.6,7.66,11.26,11.46,12.03,0.226,1.0,11.26,,0.0,0
2026-09-14 01:46:35Z,NYG,in,0.489,Q2 0:40,0.0,7090,Darnell Mooney,WR,5.6,0.0,2.5,2.5,2.51,2.86,0.489,1.0,2.5,,0.0,0
2026-09-14 01:46:35Z,NYG,in,0.489,Q2 0:40,0.0,2306,Jameis Winston,QB,0.5,0.0,0.22,0.22,0.22,0.26,0.489,0.3,0.07,,0.0,0
2026-09-14 01:46:35Z,DAL,in,0.489,Q2 0:40,0.0,11593,Brevyn Spann-Ford,TE,0.5,3.4,0.51,3.91,4.06,3.66,0.275,1.0,3.91,,0.0,0
2026-09-14 01:46:35Z,NYG,in,0.489,Q2 0:40,0.0,2078,Odell Beckham,WR,4.3,0.0,1.92,1.92,1.93,2.2,0.489,1.0,1.92,,0.0,0
2026-09-14 01:46:35Z,NYG,in,0.489,Q2 0:40,0.0,12481,Cam Skattebo,RB,14.1,7.7,7.13,14.83,15.01,14.91,0.239,0.942,14.42,,0.0,0
2026-09-14 01:46:35Z,DAL,in,0.489,Q2 0:40,0.0,11199,Emari Demercado,RB,1.8,0.4,0.81,1.21,1.26,1.32,0.131,1.0,1.21,,0.0,0
2026-09-14 01:46:35Z,NYG,in,0.489,Q2 0:40,0.0,NYG,New York Giants D/ST,DST,5.2,6.0,-0.15,5.85,9.1,8.66,0.003,1.0,5.85,,0.0,0
2026-09-14 01:46:35Z,NYG,in,0.489,Q2 0:40,0.0,7528,Najee Harris,RB,4.2,0.0,1.73,1.73,1.88,2.15,0.489,1.0,1.73,,0.0,0
2026-09-14 01:46:35Z,DAL,in,0.489,Q2 0:40,0.0,8162,Sam Howell,QB,0.6,0.0,0.26,0.26,0.27,0.31,0.489,0.3,0.08,,0.0,0
2026-09-14 01:46:35Z,DAL,in,0.489,Q2 0:40,0.0,11783,Ryan Flournoy,WR,7.4,1.5,3.43,4.93,5.01,5.28,0.008,1.0,4.93,,0.0,0
2026-09-14 01:46:35Z,DAL,in,0.489,Q2 0:40,0.0,10871,Luke Schoonmaker,TE,1.7,2.2,0.94,3.14,3.24,3.07,0.101,1.0,3.14,,0.0,0
2026-09-14 01:46:35Z,DAL,in,0.489,Q2 0:40,0.0,7588,Javonte Williams,RB,16.9,2.5,7.39,9.89,10.4,11.14,0.011,1.0,9.89,,0.0,0
2026-09-14 01:47:35Z,DAL,in,0.49,Q2 0:35,0.0,11533,Brandon Aubrey,K,9.6,1.0,4.42,5.42,5.42,5.89,0.086,1.0,5.42,,0.0,0
2026-09-14 01:47:35Z,DAL,in,0.49,Q2 0:35,0.0,6786,CeeDee Lamb,WR,18.3,9.0,8.88,17.88,18.33,18.33,0.012,1.0,17.88,,0.0,0
2026-09-14 01:47:35Z,DAL,in,0.49,Q2 0:35,0.0,3294,Dak Prescott,QB,18.5,7.04,9.04,16.08,16.21,16.47,0.004,1.0,16.08,,0.0,0
2026-09-14 01:47:35Z,NYG,in,0.49,Q2 0:35,0.0,13833,Dominic Zvada,K,8.2,1.0,3.79,4.79,4.79,5.18,0.351,1.0,4.79,,0.0,0
2026-09-14 01:47:35Z,DAL,in,0.49,Q2 0:35,0.0,8110,Jake Ferguson,TE,9.3,0.0,4.13,4.13,4.16,4.74,0.49,1.0,4.13,,0.0,0
2026-09-14 01:47:35Z,NYG,in,0.49,Q2 0:35,0.0,8131,Isaiah Likely,TE,10.7,6.9,5.33,12.23,12.56,12.35,0.061,1.0,12.23,,0.0,0
2026-09-14 01:47:35Z,DAL,in,0.49,Q2 0:35,0.0,DAL,Dallas Cowboys D/ST,DST,6.5,11.0,-0.85,10.15,15.31,14.31,0.001,1.0,10.15,,0.0,0
2026-09-14 01:47:35Z,DAL,in,0.49,Q2 0:35,0.0,8137,George Pickens,WR,15.2,3.7,7.06,10.76,10.97,11.45,0.32,1.0,10.76,,0.0,0
2026-09-14 01:47:35Z,NYG,in,0.49,Q2 0:35,0.0,11597,Theo Johnson,TE,4.3,0.0,1.91,1.91,1.92,2.19,0.49,1.0,1.91,,0.0,0
2026-09-14 01:47:35Z,NYG,in,0.49,Q2 0:35,0.0,12508,Jaxson Dart,QB,20.5,8.46,10.11,18.57,18.71,18.91,0.0,1.0,18.57,,0.0,0
2026-09-14 01:47:35Z,NYG,in,0.49,Q2 0:35,0.0,13285,Malachi Fields,WR,6.2,4.5,3.13,7.63,7.85,7.66,0.001,1.0,7.63,,0.0,0
2026-09-14 01:47:35Z,DAL,in,0.49,Q2 0:35,0.0,8917,KaVontae Turpin,WR,4.3,1.8,2.06,3.86,3.95,3.99,0.021,1.0,3.86,,0.0,0
2026-09-14 01:47:35Z,NYG,in,0.49,Q2 0:35,0.0,11655,Tyrone Tracy,RB,2.4,-0.6,0.88,0.28,0.4,0.62,0.014,1.0,0.28,,0.0,0
2026-09-14 01:47:35Z,NYG,in,0.49,Q2 0:35,0.0,11632,Malik Nabers,WR,16.5,6.2,7.85,14.05,14.37,14.61,0.0,1.0,14.05,,0.0,0
2026-09-14 01:47:35Z,NYG,in,0.49,Q2 0:35,0.0,7090,Darnell Mooney,WR,5.6,2.8,2.72,5.52,5.66,5.65,0.0,1.0,5.52,,0.0,0
2026-09-14 01:47:35Z,NYG,in,0.49,Q2 0:35,0.0,2306,Jameis Winston,QB,0.5,0.0,0.22,0.22,0.22,0.25,0.49,0.3,0.06,,0.0,0
2026-09-14 01:47:35Z,DAL,in,0.49,Q2 0:35,0.0,11593,Brevyn Spann-Ford,TE,0.5,3.4,0.5,3.9,4.06,3.65,0.277,1.0,3.9,,0.0,0
2026-09-14 01:47:35Z,NYG,in,0.49,Q2 0:35,0.0,2078,Odell Beckham,WR,4.3,0.0,1.91,1.91,1.92,2.19,0.49,1.0,1.91,,0.0,0
2026-09-14 01:47:35Z,NYG,in,0.49,Q2 0:35,0.0,12481,Cam Skattebo,RB,14.1,7.7,7.1,14.8,14.99,14.89,0.24,0.94,14.38,,0.0,0
2026-09-14 01:47:35Z,DAL,in,0.49,Q2 0:35,0.0,11199,Emari Demercado,RB,1.8,0.4,0.81,1.21,1.26,1.32,0.133,1.0,1.21,,0.0,0
2026-09-14 01:47:35Z,NYG,in,0.49,Q2 0:35,0.0,NYG,New York Giants D/ST,DST,5.2,6.0,-0.15,5.85,9.09,8.65,0.004,1.0,5.85,,0.0,0
2026-09-14 01:47:35Z,NYG,in,0.49,Q2 0:35,0.0,7528,Najee Harris,RB,4.2,0.0,1.72,1.72,1.88,2.14,0.49,1.0,1.72,,0.0,0
2026-09-14 01:47:35Z,DAL,in,0.49,Q2 0:35,0.0,8162,Sam Howell,QB,0.6,0.0,0.26,0.26,0.27,0.31,0.49,0.3,0.08,,0.0,0
2026-09-14 01:47:35Z,DAL,in,0.49,Q2 0:35,0.0,11783,Ryan Flournoy,WR,7.4,1.5,3.41,4.91,5.0,5.27,0.009,1.0,4.91,,0.0,0
2026-09-14 01:47:35Z,DAL,in,0.49,Q2 0:35,0.0,10871,Luke Schoonmaker,TE,1.7,2.2,0.94,3.14,3.24,3.07,0.103,1.0,3.14,,0.0,0
2026-09-14 01:47:35Z,DAL,in,0.49,Q2 0:35,0.0,7588,Javonte Williams,RB,16.9,2.5,7.36,9.86,10.38,11.11,0.012,1.0,9.86,,0.0,0
2026-09-14 01:48:36Z,DAL,in,0.491,Q2 0:31,0.0,11533,Brandon Aubrey,K,9.6,1.0,4.41,5.41,5.41,5.88,0.087,1.0,5.41,,0.0,0
2026-09-14 01:48:36Z,DAL,in,0.491,Q2 0:31,0.0,6786,CeeDee Lamb,WR,18.3,9.0,8.85,17.85,18.31,18.31,0.013,1.0,17.85,,0.0,0
2026-09-14 01:48:36Z,DAL,in,0.491,Q2 0:31,0.0,3294,Dak Prescott,QB,18.5,7.04,9.0,16.04,16.19,16.45,0.005,1.0,16.04,,0.0,0
2026-09-14 01:48:36Z,NYG,in,0.491,Q2 0:31,0.0,13833,Dominic Zvada,K,8.2,1.0,3.79,4.79,4.79,5.17,0.352,1.0,4.79,,0.0,0
2026-09-14 01:48:36Z,DAL,in,0.491,Q2 0:31,0.0,8110,Jake Ferguson,TE,9.3,0.0,4.12,4.12,4.15,4.73,0.491,1.0,4.12,,0.0,0
2026-09-14 01:48:36Z,NYG,in,0.491,Q2 0:31,0.0,8131,Isaiah Likely,TE,10.7,8.4,5.43,13.83,14.24,13.84,0.0,1.0,13.83,,0.0,0
2026-09-14 01:48:36Z,DAL,in,0.491,Q2 0:31,0.0,DAL,Dallas Cowboys D/ST,DST,6.5,11.0,-0.84,10.16,15.3,14.31,0.003,1.0,10.16,,0.0,0
2026-09-14 01:48:36Z,DAL,in,0.491,Q2 0:31,0.0,8137,George Pickens,WR,15.2,3.7,7.04,10.74,10.95,11.43,0.321,1.0,10.74,,0.0,0
2026-09-14 01:48:36Z,NYG,in,0.491,Q2 0:31,0.0,11597,Theo Johnson,TE,4.3,0.0,1.9,1.9,1.92,2.19,0.491,1.0,1.9,,0.0,0
2026-09-14 01:48:36Z,NYG,in,0.491,Q2 0:31,0.0,12508,Jaxson Dart,QB,20.5,8.66,10.1,18.76,18.91,19.09,0.0,1.0,18.76,,0.0,0
2026-09-14 01:48:36Z,NYG,in,0.491,Q2 0:31,0.0,13285,Malachi Fields,WR,6.2,4.5,3.12,7.62,7.84,7.65,0.003,1.0,7.62,,0.0,0
2026-09-14 01:48:36Z,DAL,in,0.491,Q2 0:31,0.0,8917,KaVontae Turpin,WR,4.3,1.8,2.05,3.85,3.95,3.99,0.022,1.0,3.85,,0.0,0
2026-09-14 01:48:36Z,NYG,in,0.491,Q2 0:31,0.0,11655,Tyrone Tracy,RB,2.4,-0.6,0.88,0.28,0.39,0.62,0.015,1.0,0.28,,0.0,0
2026-09-14 01:48:36Z,NYG,in,0.491,Q2 0:31,0.0,11632,Malik Nabers,WR,16.5,6.2,7.82,14.02,14.35,14.59,0.001,1.0,14.02,,0.0,0
2026-09-14 01:48:36Z,NYG,in,0.491,Q2 0:31,0.0,7090,Darnell Mooney,WR,5.6,2.8,2.71,5.51,5.65,5.65,0.001,1.0,5.51,,0.0,0
2026-09-14 01:48:36Z,NYG,in,0.491,Q2 0:31,0.0,2306,Jameis Winston,QB,0.5,0.0,0.22,0.22,0.22,0.25,0.491,0.3,0.06,,0.0,0
2026-09-14 01:48:36Z,DAL,in,0.491,Q2 0:31,0.0,11593,Brevyn Spann-Ford,TE,0.5,3.4,0.5,3.9,4.06,3.65,0.278,1.0,3.9,,0.0,0
2026-09-14 01:48:36Z,NYG,in,0.491,Q2 0:31,0.0,2078,Odell Beckham,WR,4.3,0.0,1.9,1.9,1.92,2.19,0.491,1.0,1.9,,0.0,0
2026-09-14 01:48:36Z,NYG,in,0.491,Q2 0:31,0.0,12481,Cam Skattebo,RB,14.1,7.7,7.08,14.78,14.97,14.87,0.241,0.938,14.34,,0.0,0
2026-09-14 01:48:36Z,DAL,in,0.491,Q2 0:31,0.0,11199,Emari Demercado,RB,1.8,0.4,0.8,1.2,1.25,1.32,0.134,1.0,1.2,,0.0,0
2026-09-14 01:48:36Z,NYG,in,0.491,Q2 0:31,0.0,NYG,New York Giants D/ST,DST,5.2,6.0,-0.14,5.86,9.08,8.64,0.005,1.0,5.86,,0.0,0
2026-09-14 01:48:36Z,NYG,in,0.491,Q2 0:31,0.0,7528,Najee Harris,RB,4.2,0.0,1.72,1.72,1.87,2.14,0.491,1.0,1.72,,0.0,0
2026-09-14 01:48:36Z,DAL,in,0.491,Q2 0:31,0.0,8162,Sam Howell,QB,0.6,0.0,0.26,0.26,0.27,0.31,0.491,0.3,0.08,,0.0,0
2026-09-14 01:48:36Z,DAL,in,0.491,Q2 0:31,0.0,11783,Ryan Flournoy,WR,7.4,1.5,3.4,4.9,4.99,5.26,0.01,1.0,4.9,,0.0,0
2026-09-14 01:48:36Z,DAL,in,0.491,Q2 0:31,0.0,10871,Luke Schoonmaker,TE,1.7,2.2,0.93,3.13,3.24,3.06,0.104,1.0,3.13,,0.0,0
2026-09-14 01:48:36Z,DAL,in,0.491,Q2 0:31,0.0,7588,Javonte Williams,RB,16.9,2.5,7.34,9.84,10.36,11.1,0.013,1.0,9.84,,0.0,0
2026-09-14 01:49:36Z,DAL,in,0.494,Q2 0:20,-7.0,11533,Brandon Aubrey,K,9.6,1.0,4.38,5.38,5.38,5.85,0.09,1.0,5.38,,0.0,0
2026-09-14 01:49:36Z,DAL,in,0.494,Q2 0:20,-7.0,6786,CeeDee Lamb,WR,18.3,9.0,9.78,18.78,18.25,18.25,0.016,1.0,18.78,,0.0,0
2026-09-14 01:49:36Z,DAL,in,0.494,Q2 0:20,-7.0,3294,Dak Prescott,QB,18.5,7.04,10.2,17.24,16.13,16.39,0.008,1.0,17.24,,0.0,0
2026-09-14 01:49:36Z,NYG,in,0.494,Q2 0:20,7.0,13833,Dominic Zvada,K,8.2,2.0,3.89,5.89,5.89,6.15,0.0,1.0,5.89,,0.0,0
2026-09-14 01:49:36Z,DAL,in,0.494,Q2 0:20,-7.0,8110,Jake Ferguson,TE,9.3,0.0,4.59,4.59,4.12,4.7,0.494,1.0,4.59,,0.0,0
2026-09-14 01:49:36Z,NYG,in,0.494,Q2 0:20,7.0,8131,Isaiah Likely,TE,10.7,16.9,5.49,22.39,23.78,22.31,0.0,1.0,22.39,,0.0,0
2026-09-14 01:49:36Z,DAL,in,0.494,Q2 0:20,-7.0,DAL,Dallas Cowboys D/ST,DST,6.5,8.0,-0.55,7.45,11.89,11.29,0.0,1.0,7.45,,0.0,0
2026-09-14 01:49:36Z,DAL,in,0.494,Q2 0:20,-7.0,8137,George Pickens,WR,15.2,3.7,7.81,11.51,10.9,11.38,0.324,1.0,11.51,,0.0,0
2026-09-14 01:49:36Z,NYG,in,0.494,Q2 0:20,7.0,11597,Theo Johnson,TE,4.3,0.0,1.65,1.65,1.91,2.17,0.494,1.0,1.65,,0.0,0
2026-09-14 01:49:36Z,NYG,in,0.494,Q2 0:20,7.0,12508,Jaxson Dart,QB,20.5,13.26,9.25,22.51,24.02,23.62,0.0,1.0,22.51,,0.0,0
2026-09-14 01:49:36Z,NYG,in,0.494,Q2 0:20,7.0,13285,Malachi Fields,WR,6.2,4.5,2.75,7.25,7.82,7.63,0.006,1.0,7.25,,0.0,0
2026-09-14 01:49:36Z,DAL,in,0.494,Q2 0:20,-7.0,8917,KaVontae Turpin,WR,4.3,1.8,2.27,4.07,3.93,3.97,0.025,1.0,4.07,,0.0,0
2026-09-14 01:49:36Z,NYG,in,0.494,Q2 0:20,7.0,11655,Tyrone Tracy,RB,2.4,-0.6,0.83,0.23,0.39,0.61,0.018,1.0,0.23,,0.0,0
2026-09-14 01:49:36Z,NYG,in,0.494,Q2 0:20,7.0,11632,Malik Nabers,WR,16.5,6.2,6.83,13.03,14.29,14.54,0.004,1.0,13.03,,0.0,0
2026-09-14 01:49:36Z,NYG,in,0.494,Q2 0:20,7.0,7090,Darnell Mooney,WR,5.6,2.8,2.38,5.18,5.64,5.63,0.004,1.0,5.18,,0.0,0
2026-09-14 01:49:36Z,NYG,in,0.494,Q2 0:20,7.0,2306,Jameis Winston,QB,0.5,0.0,0.18,0.18,0.22,0.25,0.494,0.3,0.05,,0.0,0
2026-09-14 01:49:36Z,DAL,in,0.494,Q2 0:20,-7.0,11593,Brevyn Spann-Ford,TE,0.5,3.4,0.53,3.93,4.05,3.65,0.281,1.0,3.93,,0.0,0
2026-09-14 01:49:36Z,NYG,in,0.494,Q2 0:20,7.0,2078,Odell Beckham,WR,4.3,0.0,1.65,1.65,1.91,2.17,0.494,1.0,1.65,,0.0,0
2026-09-14 01:49:36Z,NYG,in,0.494,Q2 0:20,7.0,12481,Cam Skattebo,RB,14.1,7.7,6.78,14.48,14.92,14.83,0.244,0.933,14.03,,0.0,0
2026-09-14 01:49:36Z,DAL,in,0.494,Q2 0:20,-7.0,11199,Emari Demercado,RB,1.8,0.4,0.83,1.23,1.25,1.31,0.137,1.0,1.23,,0.0,0
2026-09-14 01:49:36Z,NYG,in,0.494,Q2 0:20,7.0,NYG,New York Giants D/ST,DST,5.2,6.0,0.13,6.13,9.06,8.63,0.008,1.0,6.13,,0.0,0
2026-09-14 01:49:36Z,NYG,in,0.494,Q2 0:20,7.0,7528,Najee Harris,RB,4.2,0.0,1.63,1.63,1.86,2.12,0.494,1.0,1.63,,0.0,0
2026-09-14 01:49:36Z,DAL,in,0.494,Q2 0:20,-7.0,8162,Sam Howell,QB,0.6,0.0,0.3,0.3,0.27,0.3,0.494,0.3,0.09,,0.0,0
2026-09-14 01:49:36Z,DAL,in,0.494,Q2 0:20,-7.0,11783,Ryan Flournoy,WR,7.4,1.5,3.78,5.28,4.97,5.24,0.013,1.0,5.28,,0.0,0
2026-09-14 01:49:36Z,DAL,in,0.494,Q2 0:20,-7.0,10871,Luke Schoonmaker,TE,1.7,2.2,1.02,3.22,3.23,3.06,0.107,1.0,3.22,,0.0,0
2026-09-14 01:49:36Z,DAL,in,0.494,Q2 0:20,-7.0,7588,Javonte Williams,RB,16.9,2.5,7.56,10.06,10.3,11.04,0.016,1.0,10.06,,0.0,0
2026-09-14 01:50:37Z,DAL,in,0.494,Q2 0:20,-7.0,11533,Brandon Aubrey,K,9.6,1.0,4.38,5.38,5.38,5.85,0.09,1.0,5.38,,0.0,0
2026-09-14 01:50:37Z,DAL,in,0.494,Q2 0:20,-7.0,6786,CeeDee Lamb,WR,18.3,9.0,9.78,18.78,18.25,18.25,0.016,1.0,18.78,,0.0,0
2026-09-14 01:50:37Z,DAL,in,0.494,Q2 0:20,-7.0,3294,Dak Prescott,QB,18.5,7.04,10.2,17.24,16.13,16.39,0.008,1.0,17.24,,0.0,0
2026-09-14 01:50:37Z,NYG,in,0.494,Q2 0:20,7.0,13833,Dominic Zvada,K,8.2,2.0,3.89,5.89,5.89,6.15,0.0,1.0,5.89,,0.0,0
2026-09-14 01:50:37Z,DAL,in,0.494,Q2 0:20,-7.0,8110,Jake Ferguson,TE,9.3,0.0,4.59,4.59,4.12,4.7,0.494,1.0,4.59,,0.0,0
2026-09-14 01:50:37Z,NYG,in,0.494,Q2 0:20,7.0,8131,Isaiah Likely,TE,10.7,16.9,5.49,22.39,23.78,22.31,0.0,1.0,22.39,,0.0,0
2026-09-14 01:50:37Z,DAL,in,0.494,Q2 0:20,-7.0,DAL,Dallas Cowboys D/ST,DST,6.5,8.0,-0.55,7.45,11.89,11.29,0.0,1.0,7.45,,0.0,0
2026-09-14 01:50:37Z,DAL,in,0.494,Q2 0:20,-7.0,8137,George Pickens,WR,15.2,3.7,7.81,11.51,10.9,11.38,0.324,1.0,11.51,,0.0,0
2026-09-14 01:50:37Z,NYG,in,0.494,Q2 0:20,7.0,11597,Theo Johnson,TE,4.3,0.0,1.65,1.65,1.91,2.17,0.494,1.0,1.65,,0.0,0
2026-09-14 01:50:37Z,NYG,in,0.494,Q2 0:20,7.0,12508,Jaxson Dart,QB,20.5,13.26,9.25,22.51,24.02,23.62,0.0,1.0,22.51,,0.0,0
2026-09-14 01:50:37Z,NYG,in,0.494,Q2 0:20,7.0,13285,Malachi Fields,WR,6.2,4.5,2.75,7.25,7.82,7.63,0.006,1.0,7.25,,0.0,0
2026-09-14 01:50:37Z,DAL,in,0.494,Q2 0:20,-7.0,8917,KaVontae Turpin,WR,4.3,1.8,2.27,4.07,3.93,3.97,0.025,1.0,4.07,,0.0,0
2026-09-14 01:50:37Z,NYG,in,0.494,Q2 0:20,7.0,11655,Tyrone Tracy,RB,2.4,-0.6,0.83,0.23,0.39,0.61,0.018,1.0,0.23,,0.0,0
2026-09-14 01:50:37Z,NYG,in,0.494,Q2 0:20,7.0,11632,Malik Nabers,WR,16.5,6.2,6.83,13.03,14.29,14.54,0.004,1.0,13.03,,0.0,0
2026-09-14 01:50:37Z,NYG,in,0.494,Q2 0:20,7.0,7090,Darnell Mooney,WR,5.6,2.8,2.38,5.18,5.64,5.63,0.004,1.0,5.18,,0.0,0
2026-09-14 01:50:37Z,NYG,in,0.494,Q2 0:20,7.0,2306,Jameis Winston,QB,0.5,0.0,0.18,0.18,0.22,0.25,0.494,0.3,0.05,,0.0,0
2026-09-14 01:50:37Z,DAL,in,0.494,Q2 0:20,-7.0,11593,Brevyn Spann-Ford,TE,0.5,3.4,0.53,3.93,4.05,3.65,0.281,1.0,3.93,,0.0,0
2026-09-14 01:50:37Z,NYG,in,0.494,Q2 0:20,7.0,2078,Odell Beckham,WR,4.3,0.0,1.65,1.65,1.91,2.17,0.494,1.0,1.65,,0.0,0
2026-09-14 01:50:37Z,NYG,in,0.494,Q2 0:20,7.0,12481,Cam Skattebo,RB,14.1,7.7,6.78,14.48,14.92,14.83,0.244,0.933,14.03,,0.0,0
2026-09-14 01:50:37Z,DAL,in,0.494,Q2 0:20,-7.0,11199,Emari Demercado,RB,1.8,0.4,0.83,1.23,1.25,1.31,0.137,1.0,1.23,,0.0,0
2026-09-14 01:50:37Z,NYG,in,0.494,Q2 0:20,7.0,NYG,New York Giants D/ST,DST,5.2,6.0,0.13,6.13,9.06,8.63,0.008,1.0,6.13,,0.0,0
2026-09-14 01:50:37Z,NYG,in,0.494,Q2 0:20,7.0,7528,Najee Harris,RB,4.2,0.0,1.63,1.63,1.86,2.12,0.494,1.0,1.63,,0.0,0
2026-09-14 01:50:37Z,DAL,in,0.494,Q2 0:20,-7.0,8162,Sam Howell,QB,0.6,0.0,0.3,0.3,0.27,0.3,0.494,0.3,0.09,,0.0,0
2026-09-14 01:50:37Z,DAL,in,0.494,Q2 0:20,-7.0,11783,Ryan Flournoy,WR,7.4,1.5,3.78,5.28,4.97,5.24,0.013,1.0,5.28,,0.0,0
2026-09-14 01:50:37Z,DAL,in,0.494,Q2 0:20,-7.0,10871,Luke Schoonmaker,TE,1.7,2.2,1.02,3.22,3.23,3.06,0.107,1.0,3.22,,0.0,0
2026-09-14 01:50:37Z,DAL,in,0.494,Q2 0:20,-7.0,7588,Javonte Williams,RB,16.9,2.5,7.56,10.06,10.3,11.04,0.016,1.0,10.06,,0.0,0
2026-09-14 01:51:37Z,DAL,in,0.496,Q2 0:14,-7.0,11533,Brandon Aubrey,K,9.6,1.0,4.36,5.36,5.36,5.84,0.092,1.0,5.36,,0.0,0
2026-09-14 01:51:37Z,DAL,in,0.496,Q2 0:14,-7.0,6786,CeeDee Lamb,WR,18.3,9.0,9.73,18.73,18.21,18.22,0.018,1.0,18.73,,0.0,0
2026-09-14 01:51:37Z,DAL,in,0.496,Q2 0:14,-7.0,3294,Dak Prescott,QB,18.5,7.04,10.15,17.19,16.09,16.36,0.01,1.0,17.19,,0.0,0
2026-09-14 01:51:37Z,NYG,in,0.496,Q2 0:14,7.0,13833,Dominic Zvada,K,8.2,2.0,3.87,5.87,5.87,6.13,0.002,1.0,5.87,,0.0,0
2026-09-14 01:51:37Z,DAL,in,0.496,Q2 0:14,-7.0,8110,Jake Ferguson,TE,9.3,0.0,4.57,4.57,4.1,4.69,0.496,1.0,4.57,,0.0,0
2026-09-14 01:51:37Z,NYG,in,0.496,Q2 0:14,7.0,8131,Isaiah Likely,TE,10.7,16.9,5.46,22.36,23.75,22.29,0.002,1.0,22.36,,0.0,0
2026-09-14 01:51:37Z,DAL,in,0.496,Q2 0:14,-7.0,DAL,Dallas Cowboys D/ST,DST,6.5,8.0,-0.55,7.45,11.88,11.28,0.002,1.0,7.45,,0.0,0
2026-09-14 01:51:37Z,DAL,in,0.496,Q2 0:14,-7.0,8137,George Pickens,WR,15.2,3.7,7.77,11.47,10.88,11.36,0.326,1.0,11.47,,0.0,0
2026-09-14 01:51:37Z,NYG,in,0.496,Q2 0:14,7.0,11597,Theo Johnson,TE,4.3,0.0,1.64,1.64,1.9,2.17,0.496,1.0,1.64,,0.0,0
2026-09-14 01:51:37Z,NYG,in,0.496,Q2 0:14,7.0,12508,Jaxson Dart,QB,20.5,13.26,9.19,22.45,23.98,23.59,0.002,1.0,22.45,,0.0,0
2026-09-14 01:51:37Z,NYG,in,0.496,Q2 0:14,7.0,13285,Malachi Fields,WR,6.2,4.5,2.73,7.23,7.8,7.62,0.007,1.0,7.23,,0.0,0
2026-09-14 01:51:37Z,DAL,in,0.496,Q2 0:14,-7.0,8917,KaVontae Turpin,WR,4.3,1.8,2.26,4.06,3.92,3.97,0.027,1.0,4.06,,0.0,0
2026-09-14 01:51:37Z,NYG,in,0.496,Q2 0:14,7.0,11655,Tyrone Tracy,RB,2.4,-0.6,0.83,0.23,0.38,0.61,0.019,1.0,0.23,,0.0,0
2026-09-14 01:51:37Z,NYG,in,0.496,Q2 0:14,7.0,11632,Malik Nabers,WR,16.5,6.2,6.79,12.99,14.26,14.51,0.006,1.0,12.99,,0.0,0
2026-09-14 01:51:37Z,NYG,in,0.496,Q2 0:14,7.0,7090,Darnell Mooney,WR,5.6,2.8,2.36,5.16,5.62,5.62,0.006,1.0,5.16,,0.0,0
2026-09-14 01:51:37Z,NYG,in,0.496,Q2 0:14,7.0,2306,Jameis Winston,QB,0.5,0.0,0.18,0.18,0.22,0.25,0.496,0.3,0.05,,0.0,0
2026-09-14 01:51:37Z,DAL,in,0.496,Q2 0:14,-7.0,11593,Brevyn Spann-Ford,TE,0.5,3.4,0.52,3.92,4.05,3.65,0.282,1.0,3.92,,0.0,0
2026-09-14 01:51:37Z,NYG,in,0.496,Q2 0:14,7.0,2078,Odell Beckham,WR,4.3,0.0,1.64,1.64,1.9,2.17,0.496,1.0,1.64,,0.0,0
2026-09-14 01:51:37Z,NYG,in,0.496,Q2 0:14,7.0,12481,Cam Skattebo,RB,14.1,7.7,6.75,14.45,14.89,14.8,0.246,0.931,13.98,,0.0,0
2026-09-14 01:51:37Z,DAL,in,0.496,Q2 0:14,-7.0,11199,Emari Demercado,RB,1.8,0.4,0.82,1.22,1.24,1.31,0.139,1.0,1.22,,0.0,0
2026-09-14 01:51:37Z,NYG,in,0.496,Q2 0:14,7.0,NYG,New York Giants D/ST,DST,5.2,6.0,0.13,6.13,9.05,8.62,0.01,1.0,6.13,,0.0,0
2026-09-14 01:51:37Z,NYG,in,0.496,Q2 0:14,7.0,7528,Najee Harris,RB,4.2,0.0,1.62,1.62,1.85,2.12,0.496,1.0,1.62,,0.0,0
2026-09-14 01:51:37Z,DAL,in,0.496,Q2 0:14,-7.0,8162,Sam Howell,QB,0.6,0.0,0.3,0.3,0.26,0.3,0.496,0.3,0.09,,0.0,0
2026-09-14 01:51:37Z,DAL,in,0.496,Q2 0:14,-7.0,11783,Ryan Flournoy,WR,7.4,1.5,3.76,5.26,4.96,5.23,0.015,1.0,5.26,,0.0,0
2026-09-14 01:51:37Z,DAL,in,0.496,Q2 0:14,-7.0,10871,Luke Schoonmaker,TE,1.7,2.2,1.01,3.21,3.23,3.06,0.109,1.0,3.21,,0.0,0
2026-09-14 01:51:37Z,DAL,in,0.496,Q2 0:14,-7.0,7588,Javonte Williams,RB,16.9,2.5,7.52,10.02,10.27,11.02,0.018,1.0,10.02,,0.0,0
2026-09-14 01:52:38Z,DAL,in,0.496,Q2 0:14,-7.0,11533,Brandon Aubrey,K,9.6,1.0,4.36,5.36,5.36,5.84,0.092,1.0,5.36,,0.0,0
2026-09-14 01:52:38Z,DAL,in,0.496,Q2 0:14,-7.0,6786,CeeDee Lamb,WR,18.3,9.0,9.73,18.73,18.21,18.22,0.018,1.0,18.73,,0.0,0
2026-09-14 01:52:38Z,DAL,in,0.496,Q2 0:14,-7.0,3294,Dak Prescott,QB,18.5,7.04,10.15,17.19,16.09,16.36,0.01,1.0,17.19,,0.0,0
2026-09-14 01:52:38Z,NYG,in,0.496,Q2 0:14,7.0,13833,Dominic Zvada,K,8.2,2.0,3.87,5.87,5.87,6.13,0.002,1.0,5.87,,0.0,0
2026-09-14 01:52:38Z,DAL,in,0.496,Q2 0:14,-7.0,8110,Jake Ferguson,TE,9.3,0.0,4.57,4.57,4.1,4.69,0.496,1.0,4.57,,0.0,0
2026-09-14 01:52:38Z,NYG,in,0.496,Q2 0:14,7.0,8131,Isaiah Likely,TE,10.7,16.9,5.46,22.36,23.75,22.29,0.002,1.0,22.36,,0.0,0
2026-09-14 01:52:38Z,DAL,in,0.496,Q2 0:14,-7.0,DAL,Dallas Cowboys D/ST,DST,6.5,8.0,-0.55,7.45,11.88,11.28,0.002,1.0,7.45,,0.0,0
2026-09-14 01:52:38Z,DAL,in,0.496,Q2 0:14,-7.0,8137,George Pickens,WR,15.2,3.7,7.77,11.47,10.88,11.36,0.326,1.0,11.47,,0.0,0
2026-09-14 01:52:38Z,NYG,in,0.496,Q2 0:14,7.0,11597,Theo Johnson,TE,4.3,0.0,1.64,1.64,1.9,2.17,0.496,1.0,1.64,,0.0,0
2026-09-14 01:52:38Z,NYG,in,0.496,Q2 0:14,7.0,12508,Jaxson Dart,QB,20.5,13.26,9.19,22.45,23.98,23.59,0.002,1.0,22.45,,0.0,0
2026-09-14 01:52:38Z,NYG,in,0.496,Q2 0:14,7.0,13285,Malachi Fields,WR,6.2,4.5,2.73,7.23,7.8,7.62,0.007,1.0,7.23,,0.0,0
2026-09-14 01:52:38Z,DAL,in,0.496,Q2 0:14,-7.0,8917,KaVontae Turpin,WR,4.3,1.8,2.26,4.06,3.92,3.97,0.027,1.0,4.06,,0.0,0
2026-09-14 01:52:38Z,NYG,in,0.496,Q2 0:14,7.0,11655,Tyrone Tracy,RB,2.4,-0.6,0.83,0.23,0.38,0.61,0.019,1.0,0.23,,0.0,0
2026-09-14 01:52:38Z,NYG,in,0.496,Q2 0:14,7.0,11632,Malik Nabers,WR,16.5,6.2,6.79,12.99,14.26,14.51,0.006,1.0,12.99,,0.0,0
2026-09-14 01:52:38Z,NYG,in,0.496,Q2 0:14,7.0,7090,Darnell Mooney,WR,5.6,2.8,2.36,5.16,5.62,5.62,0.006,1.0,5.16,,0.0,0
2026-09-14 01:52:38Z,NYG,in,0.496,Q2 0:14,7.0,2306,Jameis Winston,QB,0.5,0.0,0.18,0.18,0.22,0.25,0.496,0.3,0.05,,0.0,0
2026-09-14 01:52:38Z,DAL,in,0.496,Q2 0:14,-7.0,11593,Brevyn Spann-Ford,TE,0.5,3.4,0.52,3.92,4.05,3.65,0.282,1.0,3.92,,0.0,0
2026-09-14 01:52:38Z,NYG,in,0.496,Q2 0:14,7.0,2078,Odell Beckham,WR,4.3,0.0,1.64,1.64,1.9,2.17,0.496,1.0,1.64,,0.0,0
2026-09-14 01:52:38Z,NYG,in,0.496,Q2 0:14,7.0,12481,Cam Skattebo,RB,14.1,7.7,6.75,14.45,14.89,14.8,0.246,0.931,13.98,,0.0,0
2026-09-14 01:52:38Z,DAL,in,0.496,Q2 0:14,-7.0,11199,Emari Demercado,RB,1.8,0.4,0.82,1.22,1.24,1.31,0.139,1.0,1.22,,0.0,0
2026-09-14 01:52:38Z,NYG,in,0.496,Q2 0:14,7.0,NYG,New York Giants D/ST,DST,5.2,6.0,0.13,6.13,9.05,8.62,0.01,1.0,6.13,,0.0,0
2026-09-14 01:52:38Z,NYG,in,0.496,Q2 0:14,7.0,7528,Najee Harris,RB,4.2,0.0,1.62,1.62,1.85,2.12,0.496,1.0,1.62,,0.0,0
2026-09-14 01:52:38Z,DAL,in,0.496,Q2 0:14,-7.0,8162,Sam Howell,QB,0.6,0.0,0.3,0.3,0.26,0.3,0.496,0.3,0.09,,0.0,0
2026-09-14 01:52:38Z,DAL,in,0.496,Q2 0:14,-7.0,11783,Ryan Flournoy,WR,7.4,1.5,3.76,5.26,4.96,5.23,0.015,1.0,5.26,,0.0,0
2026-09-14 01:52:38Z,DAL,in,0.496,Q2 0:14,-7.0,10871,Luke Schoonmaker,TE,1.7,2.2,1.01,3.21,3.23,3.06,0.109,1.0,3.21,,0.0,0
2026-09-14 01:52:38Z,DAL,in,0.496,Q2 0:14,-7.0,7588,Javonte Williams,RB,16.9,2.5,7.52,10.02,10.27,11.02,0.018,1.0,10.02,,0.0,0
2026-09-14 01:53:38Z,DAL,in,0.497,Q2 0:09,-7.0,11533,Brandon Aubrey,K,9.6,1.0,4.35,5.35,5.35,5.82,0.093,1.0,5.35,,0.0,0
2026-09-14 01:53:38Z,DAL,in,0.497,Q2 0:09,-7.0,6786,CeeDee Lamb,WR,18.3,9.0,9.69,18.69,18.18,18.2,0.019,1.0,18.69,,0.0,0
2026-09-14 01:53:38Z,DAL,in,0.497,Q2 0:09,-7.0,3294,Dak Prescott,QB,18.5,7.28,10.14,17.42,16.33,16.58,0.0,1.0,17.42,,0.0,0
2026-09-14 01:53:38Z,NYG,in,0.497,Q2 0:09,7.0,13833,Dominic Zvada,K,8.2,2.0,3.86,5.86,5.86,6.12,0.003,1.0,5.86,,0.0,0
2026-09-14 01:53:38Z,DAL,in,0.497,Q2 0:09,-7.0,8110,Jake Ferguson,TE,9.3,1.6,4.68,6.28,5.89,6.27,0.0,1.0,6.28,,0.0,0
2026-09-14 01:53:38Z,NYG,in,0.497,Q2 0:09,7.0,8131,Isaiah Likely,TE,10.7,16.9,5.44,22.34,23.73,22.28,0.003,1.0,22.34,,0.0,0
2026-09-14 01:53:38Z,DAL,in,0.497,Q2 0:09,-7.0,DAL,Dallas Cowboys D/ST,DST,6.5,8.0,-0.55,7.45,11.87,11.27,0.003,1.0,7.45,,0.0,0
2026-09-14 01:53:38Z,DAL,in,0.497,Q2 0:09,-7.0,8137,George Pickens,WR,15.2,3.7,7.74,11.44,10.85,11.34,0.328,1.0,11.44,,0.0,0
2026-09-14 01:53:38Z,NYG,in,0.497,Q2 0:09,7.0,11597,Theo Johnson,TE,4.3,0.0,1.63,1.63,1.89,2.16,0.497,1.0,1.63,,0.0,0
2026-09-14 01:53:38Z,NYG,in,0.497,Q2 0:09,7.0,12508,Jaxson Dart,QB,20.5,13.26,9.15,22.41,23.95,23.56,0.003,1.0,22.41,,0.0,0
2026-09-14 01:53:38Z,NYG,in,0.497,Q2 0:09,7.0,13285,Malachi Fields,WR,6.2,4.5,2.72,7.22,7.79,7.62,0.009,1.0,7.22,,0.0,0
2026-09-14 01:53:38Z,DAL,in,0.497,Q2 0:09,-7.0,8917,KaVontae Turpin,WR,4.3,1.8,2.25,4.05,3.92,3.96,0.028,1.0,4.05,,0.0,0
2026-09-14 01:53:38Z,NYG,in,0.497,Q2 0:09,7.0,11655,Tyrone Tracy,RB,2.4,-0.6,0.82,0.22,0.38,0.61,0.021,1.0,0.22,,0.0,0
2026-09-14 01:53:38Z,NYG,in,0.497,Q2 0:09,7.0,11632,Malik Nabers,WR,16.5,6.2,6.76,12.96,14.24,14.49,0.007,1.0,12.96,,0.0,0
2026-09-14 01:53:38Z,NYG,in,0.497,Q2 0:09,7.0,7090,Darnell Mooney,WR,5.6,2.8,2.35,5.15,5.62,5.61,0.007,1.0,5.15,,0.0,0
2026-09-14 01:53:38Z,NYG,in,0.497,Q2 0:09,7.0,2306,Jameis Winston,QB,0.5,0.0,0.18,0.18,0.22,0.25,0.497,0.3,0.05,,0.0,0
2026-09-14 01:53:38Z,DAL,in,0.497,Q2 0:09,-7.0,11593,Brevyn Spann-Ford,TE,0.5,3.4,0.52,3.92,4.05,3.65,0.284,1.0,3.92,,0.0,0
2026-09-14 01:53:38Z,NYG,in,0.497,Q2 0:09,7.0,2078,Odell Beckham,WR,4.3,0.0,1.63,1.63,1.89,2.16,0.497,1.0,1.63,,0.0,0
2026-09-14 01:53:38Z,NYG,in,0.497,Q2 0:09,7.0,12481,Cam Skattebo,RB,14.1,7.7,6.73,14.43,14.87,14.79,0.247,0.929,13.95,,0.0,0
2026-09-14 01:53:38Z,DAL,in,0.497,Q2 0:09,-7.0,11199,Emari Demercado,RB,1.8,0.4,0.82,1.22,1.24,1.3,0.14,1.0,1.22,,0.0,0
2026-09-14 01:53:38Z,NYG,in,0.497,Q2 0:09,7.0,NYG,New York Giants D/ST,DST,5.2,6.0,0.14,6.14,9.04,8.61,0.011,1.0,6.14,,0.0,0
2026-09-14 01:53:38Z,NYG,in,0.497,Q2 0:09,7.0,7528,Najee Harris,RB,4.2,0.0,1.62,1.62,1.85,2.11,0.497,1.0,1.62,,0.0,0
2026-09-14 01:53:38Z,DAL,in,0.497,Q2 0:09,-7.0,8162,Sam Howell,QB,0.6,0.0,0.29,0.29,0.26,0.3,0.497,0.3,0.09,,0.0,0
2026-09-14 01:53:38Z,DAL,in,0.497,Q2 0:09,-7.0,11783,Ryan Flournoy,WR,7.4,1.5,3.74,5.24,4.94,5.22,0.016,1.0,5.24,,0.0,0
2026-09-14 01:53:38Z,DAL,in,0.497,Q2 0:09,-7.0,10871,Luke Schoonmaker,TE,1.7,2.2,1.01,3.21,3.22,3.05,0.11,1.0,3.21,,0.0,0
2026-09-14 01:53:38Z,DAL,in,0.497,Q2 0:09,-7.0,7588,Javonte Williams,RB,16.9,2.5,7.49,9.99,10.25,10.99,0.019,1.0,9.99,,0.0,0
2026-09-14 01:54:39Z,DAL,in,0.5,HALF,-7.0,11533,Brandon Aubrey,K,9.6,1.0,4.33,5.33,5.33,5.8,0.096,1.0,5.33,,0.0,0
2026-09-14 01:54:39Z,DAL,in,0.5,HALF,-7.0,6786,CeeDee Lamb,WR,18.3,9.0,9.61,18.61,18.13,18.15,0.022,1.0,18.61,,0.0,0
2026-09-14 01:54:39Z,DAL,in,0.5,HALF,-7.0,3294,Dak Prescott,QB,18.5,7.28,10.06,17.34,16.28,16.53,0.003,1.0,17.34,,0.0,0
2026-09-14 01:54:39Z,NYG,in,0.5,HALF,7.0,13833,Dominic Zvada,K,8.2,2.0,3.84,5.84,5.84,6.1,0.006,1.0,5.84,,0.0,0
2026-09-14 01:54:39Z,DAL,in,0.5,HALF,-7.0,8110,Jake Ferguson,TE,9.3,1.6,4.64,6.24,5.87,6.25,0.003,1.0,6.24,,0.0,0
2026-09-14 01:54:39Z,NYG,in,0.5,HALF,7.0,8131,Isaiah Likely,TE,10.7,16.9,5.39,22.29,23.69,22.25,0.006,1.0,22.29,,0.0,0
2026-09-14 01:54:39Z,DAL,in,0.5,HALF,-7.0,DAL,Dallas Cowboys D/ST,DST,6.5,8.0,-0.54,7.46,11.84,11.25,0.006,1.0,7.46,,0.0,0
2026-09-14 01:54:39Z,DAL,in,0.5,HALF,-7.0,8137,George Pickens,WR,15.2,3.7,7.68,11.38,10.81,11.3,0.33,1.0,11.38,,0.0,0
2026-09-14 01:54:39Z,NYG,in,0.5,HALF,7.0,11597,Theo Johnson,TE,4.3,0.0,1.62,1.62,1.88,2.15,0.5,1.0,1.62,,0.0,0
2026-09-14 01:54:39Z,NYG,in,0.5,HALF,7.0,12508,Jaxson Dart,QB,20.5,13.26,9.07,22.33,23.89,23.51,0.006,1.0,22.33,,0.0,0
2026-09-14 01:54:39Z,NYG,in,0.5,HALF,7.0,13285,Malachi Fields,WR,6.2,4.5,2.7,7.2,7.78,7.6,0.011,1.0,7.2,,0.0,0
2026-09-14 01:54:39Z,DAL,in,0.5,HALF,-7.0,8917,KaVontae Turpin,WR,4.3,1.8,2.23,4.03,3.91,3.95,0.031,1.0,4.03,,0.0,0
2026-09-14 01:54:39Z,NYG,in,0.5,HALF,7.0,11655,Tyrone Tracy,RB,2.4,-0.6,0.82,0.22,0.38,0.6,0.023,1.0,0.22,,0.0,0
2026-09-14 01:54:39Z,NYG,in,0.5,HALF,7.0,11632,Malik Nabers,WR,16.5,6.2,6.71,12.91,14.19,14.45,0.01,1.0,12.91,,0.0,0
2026-09-14 01:54:39Z,NYG,in,0.5,HALF,7.0,7090,Darnell Mooney,WR,5.6,2.8,2.33,5.13,5.6,5.6,0.01,1.0,5.13,,0.0,0
2026-09-14 01:54:39Z,NYG,in,0.5,HALF,7.0,2306,Jameis Winston,QB,0.5,0.0,0.17,0.17,0.22,0.25,0.5,0.3,0.05,,0.0,0
2026-09-14 01:54:39Z,DAL,in,0.5,HALF,-7.0,11593,Brevyn Spann-Ford,TE,0.5,3.4,0.52,3.92,4.04,3.65,0.286,1.0,3.92,,0.0,0
2026-09-14 01:54:39Z,NYG,in,0.5,HALF,7.0,2078,Odell Beckham,WR,4.3,0.0,1.62,1.62,1.88,2.15,0.5,1.0,1.62,,0.0,0
2026-09-14 01:54:39Z,NYG,in,0.5,HALF,7.0,12481,Cam Skattebo,RB,14.1,7.7,6.68,14.38,14.83,14.75,0.25,0.925,13.88,,0.0,0
2026-09-14 01:54:39Z,DAL,in,0.5,HALF,-7.0,11199,Emari Demercado,RB,1.8,0.4,0.81,1.21,1.24,1.3,0.143,1.0,1.21,,0.0,0
2026-09-14 01:54:39Z,NYG,in,0.5,HALF,7.0,NYG,New York Giants D/ST,DST,5.2,6.0,0.14,6.14,9.03,8.6,0.014,1.0,6.14,,0.0,0
2026-09-14 01:54:39Z,NYG,in,0.5,HALF,7.0,7528,Najee Harris,RB,4.2,0.0,1.61,1.61,1.84,2.1,0.5,1.0,1.61,,0.0,0
2026-09-14 01:54:39Z,DAL,in,0.5,HALF,-7.0,8162,Sam Howell,QB,0.6,0.0,0.29,0.29,0.26,0.3,0.5,0.3,0.09,,0.0,0
2026-09-14 01:54:39Z,DAL,in,0.5,HALF,-7.0,11783,Ryan Flournoy,WR,7.4,1.5,3.71,5.21,4.93,5.2,0.019,1.0,5.21,,0.0,0
2026-09-14 01:54:39Z,DAL,in,0.5,HALF,-7.0,10871,Luke Schoonmaker,TE,1.7,2.2,1.0,3.2,3.22,3.05,0.112,1.0,3.2,,0.0,0
2026-09-14 01:54:39Z,DAL,in,0.5,HALF,-7.0,7588,Javonte Williams,RB,16.9,2.5,7.44,9.94,10.21,10.95,0.022,1.0,9.94,,0.0,0
2026-09-14 01:55:39Z,DAL,in,0.5,HALF,-7.0,11533,Brandon Aubrey,K,9.6,1.0,4.33,5.33,5.33,5.8,0.096,1.0,5.33,,0.0,0
2026-09-14 01:55:39Z,DAL,in,0.5,HALF,-7.0,6786,CeeDee Lamb,WR,18.3,9.0,9.61,18.61,18.13,18.15,0.022,1.0,18.61,,0.0,0
2026-09-14 01:55:39Z,DAL,in,0.5,HALF,-7.0,3294,Dak Prescott,QB,18.5,7.28,10.06,17.34,16.28,16.53,0.003,1.0,17.34,,0.0,0
2026-09-14 01:55:39Z,NYG,in,0.5,HALF,7.0,13833,Dominic Zvada,K,8.2,2.0,3.84,5.84,5.84,6.1,0.006,1.0,5.84,,0.0,0
2026-09-14 01:55:39Z,DAL,in,0.5,HALF,-7.0,8110,Jake Ferguson,TE,9.3,1.6,4.64,6.24,5.87,6.25,0.003,1.0,6.24,,0.0,0
2026-09-14 01:55:39Z,NYG,in,0.5,HALF,7.0,8131,Isaiah Likely,TE,10.7,16.9,5.39,22.29,23.69,22.25,0.006,1.0,22.29,,0.0,0
2026-09-14 01:55:39Z,DAL,in,0.5,HALF,-7.0,DAL,Dallas Cowboys D/ST,DST,6.5,8.0,-0.54,7.46,11.84,11.25,0.006,1.0,7.46,,0.0,0
2026-09-14 01:55:39Z,DAL,in,0.5,HALF,-7.0,8137,George Pickens,WR,15.2,3.7,7.68,11.38,10.81,11.3,0.33,1.0,11.38,,0.0,0
2026-09-14 01:55:39Z,NYG,in,0.5,HALF,7.0,11597,Theo Johnson,TE,4.3,0.0,1.62,1.62,1.88,2.15,0.5,1.0,1.62,,0.0,0
2026-09-14 01:55:39Z,NYG,in,0.5,HALF,7.0,12508,Jaxson Dart,QB,20.5,13.26,9.07,22.33,23.89,23.51,0.006,1.0,22.33,,0.0,0
2026-09-14 01:55:39Z,NYG,in,0.5,HALF,7.0,13285,Malachi Fields,WR,6.2,4.5,2.7,7.2,7.78,7.6,0.011,1.0,7.2,,0.0,0
2026-09-14 01:55:39Z,DAL,in,0.5,HALF,-7.0,8917,KaVontae Turpin,WR,4.3,1.8,2.23,4.03,3.91,3.95,0.031,1.0,4.03,,0.0,0
2026-09-14 01:55:39Z,NYG,in,0.5,HALF,7.0,11655,Tyrone Tracy,RB,2.4,-0.6,0.82,0.22,0.38,0.6,0.023,1.0,0.22,,0.0,0
2026-09-14 01:55:39Z,NYG,in,0.5,HALF,7.0,11632,Malik Nabers,WR,16.5,6.2,6.71,12.91,14.19,14.45,0.01,1.0,12.91,,0.0,0
2026-09-14 01:55:39Z,NYG,in,0.5,HALF,7.0,7090,Darnell Mooney,WR,5.6,2.8,2.33,5.13,5.6,5.6,0.01,1.0,5.13,,0.0,0
2026-09-14 01:55:39Z,NYG,in,0.5,HALF,7.0,2306,Jameis Winston,QB,0.5,0.0,0.17,0.17,0.22,0.25,0.5,0.3,0.05,,0.0,0
2026-09-14 01:55:39Z,DAL,in,0.5,HALF,-7.0,11593,Brevyn Spann-Ford,TE,0.5,3.4,0.52,3.92,4.04,3.65,0.286,1.0,3.92,,0.0,0
2026-09-14 01:55:39Z,NYG,in,0.5,HALF,7.0,2078,Odell Beckham,WR,4.3,0.0,1.62,1.62,1.88,2.15,0.5,1.0,1.62,,0.0,0
2026-09-14 01:55:39Z,NYG,in,0.5,HALF,7.0,12481,Cam Skattebo,RB,14.1,7.7,6.68,14.38,14.83,14.75,0.25,0.925,13.88,,0.0,0
2026-09-14 01:55:39Z,DAL,in,0.5,HALF,-7.0,11199,Emari Demercado,RB,1.8,0.4,0.81,1.21,1.24,1.3,0.143,1.0,1.21,,0.0,0
2026-09-14 01:55:39Z,NYG,in,0.5,HALF,7.0,NYG,New York Giants D/ST,DST,5.2,6.0,0.14,6.14,9.03,8.6,0.014,1.0,6.14,,0.0,0
2026-09-14 01:55:39Z,NYG,in,0.5,HALF,7.0,7528,Najee Harris,RB,4.2,0.0,1.61,1.61,1.84,2.1,0.5,1.0,1.61,,0.0,0
2026-09-14 01:55:39Z,DAL,in,0.5,HALF,-7.0,8162,Sam Howell,QB,0.6,0.0,0.29,0.29,0.26,0.3,0.5,0.3,0.09,,0.0,0
2026-09-14 01:55:39Z,DAL,in,0.5,HALF,-7.0,11783,Ryan Flournoy,WR,7.4,1.5,3.71,5.21,4.93,5.2,0.019,1.0,5.21,,0.0,0
2026-09-14 01:55:39Z,DAL,in,0.5,HALF,-7.0,10871,Luke Schoonmaker,TE,1.7,2.2,1.0,3.2,3.22,3.05,0.112,1.0,3.2,,0.0,0
2026-09-14 01:55:39Z,DAL,in,0.5,HALF,-7.0,7588,Javonte Williams,RB,16.9,2.5,7.44,9.94,10.21,10.95,0.022,1.0,9.94,,0.0,0
2026-09-14 01:56:40Z,DAL,in,0.5,HALF,-7.0,11533,Brandon Aubrey,K,9.6,1.0,4.33,5.33,5.33,5.8,0.096,1.0,5.33,,0.0,0
2026-09-14 01:56:40Z,DAL,in,0.5,HALF,-7.0,6786,CeeDee Lamb,WR,18.3,9.0,9.61,18.61,18.13,18.15,0.022,1.0,18.61,,0.0,0
2026-09-14 01:56:40Z,DAL,in,0.5,HALF,-7.0,3294,Dak Prescott,QB,18.5,7.28,10.06,17.34,16.28,16.53,0.003,1.0,17.34,,0.0,0
2026-09-14 01:56:40Z,NYG,in,0.5,HALF,7.0,13833,Dominic Zvada,K,8.2,2.0,3.84,5.84,5.84,6.1,0.006,1.0,5.84,,0.0,0
2026-09-14 01:56:40Z,DAL,in,0.5,HALF,-7.0,8110,Jake Ferguson,TE,9.3,1.6,4.64,6.24,5.87,6.25,0.003,1.0,6.24,,0.0,0
2026-09-14 01:56:40Z,NYG,in,0.5,HALF,7.0,8131,Isaiah Likely,TE,10.7,16.9,5.39,22.29,23.69,22.25,0.006,1.0,22.29,,0.0,0
2026-09-14 01:56:40Z,DAL,in,0.5,HALF,-7.0,DAL,Dallas Cowboys D/ST,DST,6.5,8.0,-0.54,7.46,11.84,11.25,0.006,1.0,7.46,,0.0,0
2026-09-14 01:56:40Z,DAL,in,0.5,HALF,-7.0,8137,George Pickens,WR,15.2,3.7,7.68,11.38,10.81,11.3,0.33,1.0,11.38,,0.0,0
2026-09-14 01:56:40Z,NYG,in,0.5,HALF,7.0,11597,Theo Johnson,TE,4.3,0.0,1.62,1.62,1.88,2.15,0.5,1.0,1.62,,0.0,0
2026-09-14 01:56:40Z,NYG,in,0.5,HALF,7.0,12508,Jaxson Dart,QB,20.5,13.26,9.07,22.33,23.89,23.51,0.006,1.0,22.33,,0.0,0
2026-09-14 01:56:40Z,NYG,in,0.5,HALF,7.0,13285,Malachi Fields,WR,6.2,4.5,2.7,7.2,7.78,7.6,0.011,1.0,7.2,,0.0,0
2026-09-14 01:56:40Z,DAL,in,0.5,HALF,-7.0,8917,KaVontae Turpin,WR,4.3,1.8,2.23,4.03,3.91,3.95,0.031,1.0,4.03,,0.0,0
2026-09-14 01:56:40Z,NYG,in,0.5,HALF,7.0,11655,Tyrone Tracy,RB,2.4,-0.6,0.82,0.22,0.38,0.6,0.023,1.0,0.22,,0.0,0
2026-09-14 01:56:40Z,NYG,in,0.5,HALF,7.0,11632,Malik Nabers,WR,16.5,6.2,6.71,12.91,14.19,14.45,0.01,1.0,12.91,,0.0,0
2026-09-14 01:56:40Z,NYG,in,0.5,HALF,7.0,7090,Darnell Mooney,WR,5.6,2.8,2.33,5.13,5.6,5.6,0.01,1.0,5.13,,0.0,0
2026-09-14 01:56:40Z,NYG,in,0.5,HALF,7.0,2306,Jameis Winston,QB,0.5,0.0,0.17,0.17,0.22,0.25,0.5,0.3,0.05,,0.0,0
2026-09-14 01:56:40Z,DAL,in,0.5,HALF,-7.0,11593,Brevyn Spann-Ford,TE,0.5,3.4,0.52,3.92,4.04,3.65,0.286,1.0,3.92,,0.0,0
2026-09-14 01:56:40Z,NYG,in,0.5,HALF,7.0,2078,Odell Beckham,WR,4.3,0.0,1.62,1.62,1.88,2.15,0.5,1.0,1.62,,0.0,0
2026-09-14 01:56:40Z,NYG,in,0.5,HALF,7.0,12481,Cam Skattebo,RB,14.1,7.7,6.68,14.38,14.83,14.75,0.25,0.925,13.88,,0.0,0
2026-09-14 01:56:40Z,DAL,in,0.5,HALF,-7.0,11199,Emari Demercado,RB,1.8,0.4,0.81,1.21,1.24,1.3,0.143,1.0,1.21,,0.0,0
2026-09-14 01:56:40Z,NYG,in,0.5,HALF,7.0,NYG,New York Giants D/ST,DST,5.2,6.0,0.14,6.14,9.03,8.6,0.014,1.0,6.14,,0.0,0
2026-09-14 01:56:40Z,NYG,in,0.5,HALF,7.0,7528,Najee Harris,RB,4.2,0.0,1.61,1.61,1.84,2.1,0.5,1.0,1.61,,0.0,0
2026-09-14 01:56:40Z,DAL,in,0.5,HALF,-7.0,8162,Sam Howell,QB,0.6,0.0,0.29,0.29,0.26,0.3,0.5,0.3,0.09,,0.0,0
2026-09-14 01:56:40Z,DAL,in,0.5,HALF,-7.0,11783,Ryan Flournoy,WR,7.4,1.5,3.71,5.21,4.93,5.2,0.019,1.0,5.21,,0.0,0
2026-09-14 01:56:40Z,DAL,in,0.5,HALF,-7.0,10871,Luke Schoonmaker,TE,1.7,2.2,1.0,3.2,3.22,3.05,0.112,1.0,3.2,,0.0,0
2026-09-14 01:56:40Z,DAL,in,0.5,HALF,-7.0,7588,Javonte Williams,RB,16.9,2.5,7.44,9.94,10.21,10.95,0.022,1.0,9.94,,0.0,0
2026-09-14 01:57:40Z,DAL,in,0.5,HALF,-7.0,11533,Brandon Aubrey,K,9.6,1.0,4.33,5.33,5.33,5.8,0.096,1.0,5.33,,0.0,0
2026-09-14 01:57:40Z,DAL,in,0.5,HALF,-7.0,6786,CeeDee Lamb,WR,18.3,9.0,9.61,18.61,18.13,18.15,0.022,1.0,18.61,,0.0,0
2026-09-14 01:57:40Z,DAL,in,0.5,HALF,-7.0,3294,Dak Prescott,QB,18.5,7.28,10.06,17.34,16.28,16.53,0.003,1.0,17.34,,0.0,0
2026-09-14 01:57:40Z,NYG,in,0.5,HALF,7.0,13833,Dominic Zvada,K,8.2,2.0,3.84,5.84,5.84,6.1,0.006,1.0,5.84,,0.0,0
2026-09-14 01:57:40Z,DAL,in,0.5,HALF,-7.0,8110,Jake Ferguson,TE,9.3,1.6,4.64,6.24,5.87,6.25,0.003,1.0,6.24,,0.0,0
2026-09-14 01:57:40Z,NYG,in,0.5,HALF,7.0,8131,Isaiah Likely,TE,10.7,16.9,5.39,22.29,23.69,22.25,0.006,1.0,22.29,,0.0,0
2026-09-14 01:57:40Z,DAL,in,0.5,HALF,-7.0,DAL,Dallas Cowboys D/ST,DST,6.5,8.0,-0.54,7.46,11.84,11.25,0.006,1.0,7.46,,0.0,0
2026-09-14 01:57:40Z,DAL,in,0.5,HALF,-7.0,8137,George Pickens,WR,15.2,3.7,7.68,11.38,10.81,11.3,0.33,1.0,11.38,,0.0,0
2026-09-14 01:57:40Z,NYG,in,0.5,HALF,7.0,11597,Theo Johnson,TE,4.3,0.0,1.62,1.62,1.88,2.15,0.5,1.0,1.62,,0.0,0
2026-09-14 01:57:40Z,NYG,in,0.5,HALF,7.0,12508,Jaxson Dart,QB,20.5,13.26,9.07,22.33,23.89,23.51,0.006,1.0,22.33,,0.0,0
2026-09-14 01:57:40Z,NYG,in,0.5,HALF,7.0,13285,Malachi Fields,WR,6.2,4.5,2.7,7.2,7.78,7.6,0.011,1.0,7.2,,0.0,0
2026-09-14 01:57:40Z,DAL,in,0.5,HALF,-7.0,8917,KaVontae Turpin,WR,4.3,1.8,2.23,4.03,3.91,3.95,0.031,1.0,4.03,,0.0,0
2026-09-14 01:57:40Z,NYG,in,0.5,HALF,7.0,11655,Tyrone Tracy,RB,2.4,-0.6,0.82,0.22,0.38,0.6,0.023,1.0,0.22,,0.0,0
2026-09-14 01:57:40Z,NYG,in,0.5,HALF,7.0,11632,Malik Nabers,WR,16.5,6.2,6.71,12.91,14.19,14.45,0.01,1.0,12.91,,0.0,0
2026-09-14 01:57:40Z,NYG,in,0.5,HALF,7.0,7090,Darnell Mooney,WR,5.6,2.8,2.33,5.13,5.6,5.6,0.01,1.0,5.13,,0.0,0
2026-09-14 01:57:40Z,NYG,in,0.5,HALF,7.0,2306,Jameis Winston,QB,0.5,0.0,0.17,0.17,0.22,0.25,0.5,0.3,0.05,,0.0,0
2026-09-14 01:57:40Z,DAL,in,0.5,HALF,-7.0,11593,Brevyn Spann-Ford,TE,0.5,3.4,0.52,3.92,4.04,3.65,0.286,1.0,3.92,,0.0,0
2026-09-14 01:57:40Z,NYG,in,0.5,HALF,7.0,2078,Odell Beckham,WR,4.3,0.0,1.62,1.62,1.88,2.15,0.5,1.0,1.62,,0.0,0
2026-09-14 01:57:40Z,NYG,in,0.5,HALF,7.0,12481,Cam Skattebo,RB,14.1,7.7,6.68,14.38,14.83,14.75,0.25,0.925,13.88,,0.0,0
2026-09-14 01:57:40Z,DAL,in,0.5,HALF,-7.0,11199,Emari Demercado,RB,1.8,0.4,0.81,1.21,1.24,1.3,0.143,1.0,1.21,,0.0,0
2026-09-14 01:57:40Z,NYG,in,0.5,HALF,7.0,NYG,New York Giants D/ST,DST,5.2,6.0,0.14,6.14,9.03,8.6,0.014,1.0,6.14,,0.0,0
2026-09-14 01:57:40Z,NYG,in,0.5,HALF,7.0,7528,Najee Harris,RB,4.2,0.0,1.61,1.61,1.84,2.1,0.5,1.0,1.61,,0.0,0
2026-09-14 01:57:40Z,DAL,in,0.5,HALF,-7.0,8162,Sam Howell,QB,0.6,0.0,0.29,0.29,0.26,0.3,0.5,0.3,0.09,,0.0,0
2026-09-14 01:57:40Z,DAL,in,0.5,HALF,-7.0,11783,Ryan Flournoy,WR,7.4,1.5,3.71,5.21,4.93,5.2,0.019,1.0,5.21,,0.0,0
2026-09-14 01:57:40Z,DAL,in,0.5,HALF,-7.0,10871,Luke Schoonmaker,TE,1.7,2.2,1.0,3.2,3.22,3.05,0.112,1.0,3.2,,0.0,0
2026-09-14 01:57:40Z,DAL,in,0.5,HALF,-7.0,7588,Javonte Williams,RB,16.9,2.5,7.44,9.94,10.21,10.95,0.022,1.0,9.94,,0.0,0
2026-09-14 01:58:40Z,DAL,in,0.5,HALF,-7.0,11533,Brandon Aubrey,K,9.6,1.0,4.33,5.33,5.33,5.8,0.096,1.0,5.33,,0.0,0
2026-09-14 01:58:40Z,DAL,in,0.5,HALF,-7.0,6786,CeeDee Lamb,WR,18.3,9.0,9.61,18.61,18.13,18.15,0.022,1.0,18.61,,0.0,0
2026-09-14 01:58:40Z,DAL,in,0.5,HALF,-7.0,3294,Dak Prescott,QB,18.5,7.28,10.06,17.34,16.28,16.53,0.003,1.0,17.34,,0.0,0
2026-09-14 01:58:40Z,NYG,in,0.5,HALF,7.0,13833,Dominic Zvada,K,8.2,2.0,3.84,5.84,5.84,6.1,0.006,1.0,5.84,,0.0,0
2026-09-14 01:58:40Z,DAL,in,0.5,HALF,-7.0,8110,Jake Ferguson,TE,9.3,1.6,4.64,6.24,5.87,6.25,0.003,1.0,6.24,,0.0,0
2026-09-14 01:58:40Z,NYG,in,0.5,HALF,7.0,8131,Isaiah Likely,TE,10.7,16.9,5.39,22.29,23.69,22.25,0.006,1.0,22.29,,0.0,0
2026-09-14 01:58:40Z,DAL,in,0.5,HALF,-7.0,DAL,Dallas Cowboys D/ST,DST,6.5,8.0,-0.54,7.46,11.84,11.25,0.006,1.0,7.46,,0.0,0
2026-09-14 01:58:40Z,DAL,in,0.5,HALF,-7.0,8137,George Pickens,WR,15.2,3.7,7.68,11.38,10.81,11.3,0.33,1.0,11.38,,0.0,0
2026-09-14 01:58:40Z,NYG,in,0.5,HALF,7.0,11597,Theo Johnson,TE,4.3,0.0,1.62,1.62,1.88,2.15,0.5,1.0,1.62,,0.0,0
2026-09-14 01:58:40Z,NYG,in,0.5,HALF,7.0,12508,Jaxson Dart,QB,20.5,13.26,9.07,22.33,23.89,23.51,0.006,1.0,22.33,,0.0,0
2026-09-14 01:58:40Z,NYG,in,0.5,HALF,7.0,13285,Malachi Fields,WR,6.2,4.5,2.7,7.2,7.78,7.6,0.011,1.0,7.2,,0.0,0
2026-09-14 01:58:40Z,DAL,in,0.5,HALF,-7.0,8917,KaVontae Turpin,WR,4.3,1.8,2.23,4.03,3.91,3.95,0.031,1.0,4.03,,0.0,0
2026-09-14 01:58:40Z,NYG,in,0.5,HALF,7.0,11655,Tyrone Tracy,RB,2.4,-0.6,0.82,0.22,0.38,0.6,0.023,1.0,0.22,,0.0,0
2026-09-14 01:58:40Z,NYG,in,0.5,HALF,7.0,11632,Malik Nabers,WR,16.5,6.2,6.71,12.91,14.19,14.45,0.01,1.0,12.91,,0.0,0
2026-09-14 01:58:40Z,NYG,in,0.5,HALF,7.0,7090,Darnell Mooney,WR,5.6,2.8,2.33,5.13,5.6,5.6,0.01,1.0,5.13,,0.0,0
2026-09-14 01:58:40Z,NYG,in,0.5,HALF,7.0,2306,Jameis Winston,QB,0.5,0.0,0.17,0.17,0.22,0.25,0.5,0.3,0.05,,0.0,0
2026-09-14 01:58:40Z,DAL,in,0.5,HALF,-7.0,11593,Brevyn Spann-Ford,TE,0.5,3.4,0.52,3.92,4.04,3.65,0.286,1.0,3.92,,0.0,0
2026-09-14 01:58:40Z,NYG,in,0.5,HALF,7.0,2078,Odell Beckham,WR,4.3,0.0,1.62,1.62,1.88,2.15,0.5,1.0,1.62,,0.0,0
2026-09-14 01:58:40Z,NYG,in,0.5,HALF,7.0,12481,Cam Skattebo,RB,14.1,7.7,6.68,14.38,14.83,14.75,0.25,0.925,13.88,,0.0,0
2026-09-14 01:58:40Z,DAL,in,0.5,HALF,-7.0,11199,Emari Demercado,RB,1.8,0.4,0.81,1.21,1.24,1.3,0.143,1.0,1.21,,0.0,0
2026-09-14 01:58:40Z,NYG,in,0.5,HALF,7.0,NYG,New York Giants D/ST,DST,5.2,6.0,0.14,6.14,9.03,8.6,0.014,1.0,6.14,,0.0,0
2026-09-14 01:58:40Z,NYG,in,0.5,HALF,7.0,7528,Najee Harris,RB,4.2,0.0,1.61,1.61,1.84,2.1,0.5,1.0,1.61,,0.0,0
2026-09-14 01:58:40Z,DAL,in,0.5,HALF,-7.0,8162,Sam Howell,QB,0.6,0.0,0.29,0.29,0.26,0.3,0.5,0.3,0.09,,0.0,0
2026-09-14 01:58:40Z,DAL,in,0.5,HALF,-7.0,11783,Ryan Flournoy,WR,7.4,1.5,3.71,5.21,4.93,5.2,0.019,1.0,5.21,,0.0,0
2026-09-14 01:58:40Z,DAL,in,0.5,HALF,-7.0,10871,Luke Schoonmaker,TE,1.7,2.2,1.0,3.2,3.22,3.05,0.112,1.0,3.2,,0.0,0
2026-09-14 01:58:40Z,DAL,in,0.5,HALF,-7.0,7588,Javonte Williams,RB,16.9,2.5,7.44,9.94,10.21,10.95,0.022,1.0,9.94,,0.0,0
2026-09-14 01:59:41Z,DAL,in,0.5,HALF,-7.0,11533,Brandon Aubrey,K,9.6,1.0,4.33,5.33,5.33,5.8,0.096,1.0,5.33,,0.0,0
2026-09-14 01:59:41Z,DAL,in,0.5,HALF,-7.0,6786,CeeDee Lamb,WR,18.3,9.0,9.61,18.61,18.13,18.15,0.022,1.0,18.61,,0.0,0
2026-09-14 01:59:41Z,DAL,in,0.5,HALF,-7.0,3294,Dak Prescott,QB,18.5,7.28,10.06,17.34,16.28,16.53,0.003,1.0,17.34,,0.0,0
2026-09-14 01:59:41Z,NYG,in,0.5,HALF,7.0,13833,Dominic Zvada,K,8.2,2.0,3.84,5.84,5.84,6.1,0.006,1.0,5.84,,0.0,0
2026-09-14 01:59:41Z,DAL,in,0.5,HALF,-7.0,8110,Jake Ferguson,TE,9.3,1.6,4.64,6.24,5.87,6.25,0.003,1.0,6.24,,0.0,0
2026-09-14 01:59:41Z,NYG,in,0.5,HALF,7.0,8131,Isaiah Likely,TE,10.7,16.9,5.39,22.29,23.69,22.25,0.006,1.0,22.29,,0.0,0
2026-09-14 01:59:41Z,DAL,in,0.5,HALF,-7.0,DAL,Dallas Cowboys D/ST,DST,6.5,8.0,-0.54,7.46,11.84,11.25,0.006,1.0,7.46,,0.0,0
2026-09-14 01:59:41Z,DAL,in,0.5,HALF,-7.0,8137,George Pickens,WR,15.2,3.7,7.68,11.38,10.81,11.3,0.33,1.0,11.38,,0.0,0
2026-09-14 01:59:41Z,NYG,in,0.5,HALF,7.0,11597,Theo Johnson,TE,4.3,0.0,1.62,1.62,1.88,2.15,0.5,1.0,1.62,,0.0,0
2026-09-14 01:59:41Z,NYG,in,0.5,HALF,7.0,12508,Jaxson Dart,QB,20.5,13.26,9.07,22.33,23.89,23.51,0.006,1.0,22.33,,0.0,0
2026-09-14 01:59:41Z,NYG,in,0.5,HALF,7.0,13285,Malachi Fields,WR,6.2,4.5,2.7,7.2,7.78,7.6,0.011,1.0,7.2,,0.0,0
2026-09-14 01:59:41Z,DAL,in,0.5,HALF,-7.0,8917,KaVontae Turpin,WR,4.3,1.8,2.23,4.03,3.91,3.95,0.031,1.0,4.03,,0.0,0
2026-09-14 01:59:41Z,NYG,in,0.5,HALF,7.0,11655,Tyrone Tracy,RB,2.4,-0.6,0.82,0.22,0.38,0.6,0.023,1.0,0.22,,0.0,0
2026-09-14 01:59:41Z,NYG,in,0.5,HALF,7.0,11632,Malik Nabers,WR,16.5,6.2,6.71,12.91,14.19,14.45,0.01,1.0,12.91,,0.0,0
2026-09-14 01:59:41Z,NYG,in,0.5,HALF,7.0,7090,Darnell Mooney,WR,5.6,2.8,2.33,5.13,5.6,5.6,0.01,1.0,5.13,,0.0,0
2026-09-14 01:59:41Z,NYG,in,0.5,HALF,7.0,2306,Jameis Winston,QB,0.5,0.0,0.17,0.17,0.22,0.25,0.5,0.3,0.05,,0.0,0
2026-09-14 01:59:41Z,DAL,in,0.5,HALF,-7.0,11593,Brevyn Spann-Ford,TE,0.5,3.4,0.52,3.92,4.04,3.65,0.286,1.0,3.92,,0.0,0
2026-09-14 01:59:41Z,NYG,in,0.5,HALF,7.0,2078,Odell Beckham,WR,4.3,0.0,1.62,1.62,1.88,2.15,0.5,1.0,1.62,,0.0,0
2026-09-14 01:59:41Z,NYG,in,0.5,HALF,7.0,12481,Cam Skattebo,RB,14.1,7.7,6.68,14.38,14.83,14.75,0.25,0.925,13.88,,0.0,0
2026-09-14 01:59:41Z,DAL,in,0.5,HALF,-7.0,11199,Emari Demercado,RB,1.8,0.4,0.81,1.21,1.24,1.3,0.143,1.0,1.21,,0.0,0
2026-09-14 01:59:41Z,NYG,in,0.5,HALF,7.0,NYG,New York Giants D/ST,DST,5.2,6.0,0.14,6.14,9.03,8.6,0.014,1.0,6.14,,0.0,0
2026-09-14 01:59:41Z,NYG,in,0.5,HALF,7.0,7528,Najee Harris,RB,4.2,0.0,1.61,1.61,1.84,2.1,0.5,1.0,1.61,,0.0,0
2026-09-14 01:59:41Z,DAL,in,0.5,HALF,-7.0,8162,Sam Howell,QB,0.6,0.0,0.29,0.29,0.26,0.3,0.5,0.3,0.09,,0.0,0
2026-09-14 01:59:41Z,DAL,in,0.5,HALF,-7.0,11783,Ryan Flournoy,WR,7.4,1.5,3.71,5.21,4.93,5.2,0.019,1.0,5.21,,0.0,0
2026-09-14 01:59:41Z,DAL,in,0.5,HALF,-7.0,10871,Luke Schoonmaker,TE,1.7,2.2,1.0,3.2,3.22,3.05,0.112,1.0,3.2,,0.0,0
2026-09-14 01:59:41Z,DAL,in,0.5,HALF,-7.0,7588,Javonte Williams,RB,16.9,2.5,7.44,9.94,10.21,10.95,0.022,1.0,9.94,,0.0,0
2026-09-14 02:00:41Z,DAL,in,0.5,HALF,-7.0,11533,Brandon Aubrey,K,9.6,1.0,4.33,5.33,5.33,5.8,0.096,1.0,5.33,,0.0,0
2026-09-14 02:00:41Z,DAL,in,0.5,HALF,-7.0,6786,CeeDee Lamb,WR,18.3,9.0,9.61,18.61,18.13,18.15,0.022,1.0,18.61,,0.0,0
2026-09-14 02:00:41Z,DAL,in,0.5,HALF,-7.0,3294,Dak Prescott,QB,18.5,7.28,10.06,17.34,16.28,16.53,0.003,1.0,17.34,,0.0,0
2026-09-14 02:00:41Z,NYG,in,0.5,HALF,7.0,13833,Dominic Zvada,K,8.2,2.0,3.84,5.84,5.84,6.1,0.006,1.0,5.84,,0.0,0
2026-09-14 02:00:41Z,DAL,in,0.5,HALF,-7.0,8110,Jake Ferguson,TE,9.3,1.6,4.64,6.24,5.87,6.25,0.003,1.0,6.24,,0.0,0
2026-09-14 02:00:41Z,NYG,in,0.5,HALF,7.0,8131,Isaiah Likely,TE,10.7,16.9,5.39,22.29,23.69,22.25,0.006,1.0,22.29,,0.0,0
2026-09-14 02:00:41Z,DAL,in,0.5,HALF,-7.0,DAL,Dallas Cowboys D/ST,DST,6.5,8.0,-0.54,7.46,11.84,11.25,0.006,1.0,7.46,,0.0,0
2026-09-14 02:00:41Z,DAL,in,0.5,HALF,-7.0,8137,George Pickens,WR,15.2,3.7,7.68,11.38,10.81,11.3,0.33,1.0,11.38,,0.0,0
2026-09-14 02:00:41Z,NYG,in,0.5,HALF,7.0,11597,Theo Johnson,TE,4.3,0.0,1.62,1.62,1.88,2.15,0.5,1.0,1.62,,0.0,0
2026-09-14 02:00:41Z,NYG,in,0.5,HALF,7.0,12508,Jaxson Dart,QB,20.5,13.26,9.07,22.33,23.89,23.51,0.006,1.0,22.33,,0.0,0
2026-09-14 02:00:41Z,NYG,in,0.5,HALF,7.0,13285,Malachi Fields,WR,6.2,4.5,2.7,7.2,7.78,7.6,0.011,1.0,7.2,,0.0,0
2026-09-14 02:00:41Z,DAL,in,0.5,HALF,-7.0,8917,KaVontae Turpin,WR,4.3,1.8,2.23,4.03,3.91,3.95,0.031,1.0,4.03,,0.0,0
2026-09-14 02:00:41Z,NYG,in,0.5,HALF,7.0,11655,Tyrone Tracy,RB,2.4,-0.6,0.82,0.22,0.38,0.6,0.023,1.0,0.22,,0.0,0
2026-09-14 02:00:41Z,NYG,in,0.5,HALF,7.0,11632,Malik Nabers,WR,16.5,6.2,6.71,12.91,14.19,14.45,0.01,1.0,12.91,,0.0,0
2026-09-14 02:00:41Z,NYG,in,0.5,HALF,7.0,7090,Darnell Mooney,WR,5.6,2.8,2.33,5.13,5.6,5.6,0.01,1.0,5.13,,0.0,0
2026-09-14 02:00:41Z,NYG,in,0.5,HALF,7.0,2306,Jameis Winston,QB,0.5,0.0,0.17,0.17,0.22,0.25,0.5,0.3,0.05,,0.0,0
2026-09-14 02:00:41Z,DAL,in,0.5,HALF,-7.0,11593,Brevyn Spann-Ford,TE,0.5,3.4,0.52,3.92,4.04,3.65,0.286,1.0,3.92,,0.0,0
2026-09-14 02:00:41Z,NYG,in,0.5,HALF,7.0,2078,Odell Beckham,WR,4.3,0.0,1.62,1.62,1.88,2.15,0.5,1.0,1.62,,0.0,0
2026-09-14 02:00:41Z,NYG,in,0.5,HALF,7.0,12481,Cam Skattebo,RB,14.1,7.7,6.68,14.38,14.83,14.75,0.25,0.925,13.88,,0.0,0
2026-09-14 02:00:41Z,DAL,in,0.5,HALF,-7.0,11199,Emari Demercado,RB,1.8,0.4,0.81,1.21,1.24,1.3,0.143,1.0,1.21,,0.0,0
2026-09-14 02:00:41Z,NYG,in,0.5,HALF,7.0,NYG,New York Giants D/ST,DST,5.2,6.0,0.14,6.14,9.03,8.6,0.014,1.0,6.14,,0.0,0
2026-09-14 02:00:41Z,NYG,in,0.5,HALF,7.0,7528,Najee Harris,RB,4.2,0.0,1.61,1.61,1.84,2.1,0.5,1.0,1.61,,0.0,0
2026-09-14 02:00:41Z,DAL,in,0.5,HALF,-7.0,8162,Sam Howell,QB,0.6,0.0,0.29,0.29,0.26,0.3,0.5,0.3,0.09,,0.0,0
2026-09-14 02:00:41Z,DAL,in,0.5,HALF,-7.0,11783,Ryan Flournoy,WR,7.4,1.5,3.71,5.21,4.93,5.2,0.019,1.0,5.21,,0.0,0
2026-09-14 02:00:41Z,DAL,in,0.5,HALF,-7.0,10871,Luke Schoonmaker,TE,1.7,2.2,1.0,3.2,3.22,3.05,0.112,1.0,3.2,,0.0,0
2026-09-14 02:00:41Z,DAL,in,0.5,HALF,-7.0,7588,Javonte Williams,RB,16.9,2.5,7.44,9.94,10.21,10.95,0.022,1.0,9.94,,0.0,0
2026-09-14 02:01:42Z,DAL,in,0.5,HALF,-7.0,11533,Brandon Aubrey,K,9.6,1.0,4.33,5.33,5.33,5.8,0.096,1.0,5.33,,0.0,0
2026-09-14 02:01:42Z,DAL,in,0.5,HALF,-7.0,6786,CeeDee Lamb,WR,18.3,9.0,9.61,18.61,18.13,18.15,0.022,1.0,18.61,,0.0,0
2026-09-14 02:01:42Z,DAL,in,0.5,HALF,-7.0,3294,Dak Prescott,QB,18.5,7.28,10.06,17.34,16.28,16.53,0.003,1.0,17.34,,0.0,0
2026-09-14 02:01:42Z,NYG,in,0.5,HALF,7.0,13833,Dominic Zvada,K,8.2,2.0,3.84,5.84,5.84,6.1,0.006,1.0,5.84,,0.0,0
2026-09-14 02:01:42Z,DAL,in,0.5,HALF,-7.0,8110,Jake Ferguson,TE,9.3,1.6,4.64,6.24,5.87,6.25,0.003,1.0,6.24,,0.0,0
2026-09-14 02:01:42Z,NYG,in,0.5,HALF,7.0,8131,Isaiah Likely,TE,10.7,16.9,5.39,22.29,23.69,22.25,0.006,1.0,22.29,,0.0,0
2026-09-14 02:01:42Z,DAL,in,0.5,HALF,-7.0,DAL,Dallas Cowboys D/ST,DST,6.5,8.0,-0.54,7.46,11.84,11.25,0.006,1.0,7.46,,0.0,0
2026-09-14 02:01:42Z,DAL,in,0.5,HALF,-7.0,8137,George Pickens,WR,15.2,3.7,7.68,11.38,10.81,11.3,0.33,1.0,11.38,,0.0,0
2026-09-14 02:01:42Z,NYG,in,0.5,HALF,7.0,11597,Theo Johnson,TE,4.3,0.0,1.62,1.62,1.88,2.15,0.5,1.0,1.62,,0.0,0
2026-09-14 02:01:42Z,NYG,in,0.5,HALF,7.0,12508,Jaxson Dart,QB,20.5,13.26,9.07,22.33,23.89,23.51,0.006,1.0,22.33,,0.0,0
2026-09-14 02:01:42Z,NYG,in,0.5,HALF,7.0,13285,Malachi Fields,WR,6.2,4.5,2.7,7.2,7.78,7.6,0.011,1.0,7.2,,0.0,0
2026-09-14 02:01:42Z,DAL,in,0.5,HALF,-7.0,8917,KaVontae Turpin,WR,4.3,1.8,2.23,4.03,3.91,3.95,0.031,1.0,4.03,,0.0,0
2026-09-14 02:01:42Z,NYG,in,0.5,HALF,7.0,11655,Tyrone Tracy,RB,2.4,-0.6,0.82,0.22,0.38,0.6,0.023,1.0,0.22,,0.0,0
2026-09-14 02:01:42Z,NYG,in,0.5,HALF,7.0,11632,Malik Nabers,WR,16.5,6.2,6.71,12.91,14.19,14.45,0.01,1.0,12.91,,0.0,0
2026-09-14 02:01:42Z,NYG,in,0.5,HALF,7.0,7090,Darnell Mooney,WR,5.6,2.8,2.33,5.13,5.6,5.6,0.01,1.0,5.13,,0.0,0
2026-09-14 02:01:42Z,NYG,in,0.5,HALF,7.0,2306,Jameis Winston,QB,0.5,0.0,0.17,0.17,0.22,0.25,0.5,0.3,0.05,,0.0,0
2026-09-14 02:01:42Z,DAL,in,0.5,HALF,-7.0,11593,Brevyn Spann-Ford,TE,0.5,3.4,0.52,3.92,4.04,3.65,0.286,1.0,3.92,,0.0,0
2026-09-14 02:01:42Z,NYG,in,0.5,HALF,7.0,2078,Odell Beckham,WR,4.3,0.0,1.62,1.62,1.88,2.15,0.5,1.0,1.62,,0.0,0
2026-09-14 02:01:42Z,NYG,in,0.5,HALF,7.0,12481,Cam Skattebo,RB,14.1,7.7,6.68,14.38,14.83,14.75,0.25,0.925,13.88,,0.0,0
2026-09-14 02:01:42Z,DAL,in,0.5,HALF,-7.0,11199,Emari Demercado,RB,1.8,0.4,0.81,1.21,1.24,1.3,0.143,1.0,1.21,,0.0,0
2026-09-14 02:01:42Z,NYG,in,0.5,HALF,7.0,NYG,New York Giants D/ST,DST,5.2,6.0,0.14,6.14,9.03,8.6,0.014,1.0,6.14,,0.0,0
2026-09-14 02:01:42Z,NYG,in,0.5,HALF,7.0,7528,Najee Harris,RB,4.2,0.0,1.61,1.61,1.84,2.1,0.5,1.0,1.61,,0.0,0
2026-09-14 02:01:42Z,DAL,in,0.5,HALF,-7.0,8162,Sam Howell,QB,0.6,0.0,0.29,0.29,0.26,0.3,0.5,0.3,0.09,,0.0,0
2026-09-14 02:01:42Z,DAL,in,0.5,HALF,-7.0,11783,Ryan Flournoy,WR,7.4,1.5,3.71,5.21,4.93,5.2,0.019,1.0,5.21,,0.0,0
2026-09-14 02:01:42Z,DAL,in,0.5,HALF,-7.0,10871,Luke Schoonmaker,TE,1.7,2.2,1.0,3.2,3.22,3.05,0.112,1.0,3.2,,0.0,0
2026-09-14 02:01:42Z,DAL,in,0.5,HALF,-7.0,7588,Javonte Williams,RB,16.9,2.5,7.44,9.94,10.21,10.95,0.022,1.0,9.94,,0.0,0
2026-09-14 02:02:43Z,DAL,in,0.5,HALF,-7.0,11533,Brandon Aubrey,K,9.6,1.0,4.33,5.33,5.33,5.8,0.096,1.0,5.33,,0.0,0
2026-09-14 02:02:43Z,DAL,in,0.5,HALF,-7.0,6786,CeeDee Lamb,WR,18.3,9.0,9.61,18.61,18.13,18.15,0.022,1.0,18.61,,0.0,0
2026-09-14 02:02:43Z,DAL,in,0.5,HALF,-7.0,3294,Dak Prescott,QB,18.5,7.28,10.06,17.34,16.28,16.53,0.003,1.0,17.34,,0.0,0
2026-09-14 02:02:43Z,NYG,in,0.5,HALF,7.0,13833,Dominic Zvada,K,8.2,2.0,3.84,5.84,5.84,6.1,0.006,1.0,5.84,,0.0,0
2026-09-14 02:02:43Z,DAL,in,0.5,HALF,-7.0,8110,Jake Ferguson,TE,9.3,1.6,4.64,6.24,5.87,6.25,0.003,1.0,6.24,,0.0,0
2026-09-14 02:02:43Z,NYG,in,0.5,HALF,7.0,8131,Isaiah Likely,TE,10.7,16.9,5.39,22.29,23.69,22.25,0.006,1.0,22.29,,0.0,0
2026-09-14 02:02:43Z,DAL,in,0.5,HALF,-7.0,DAL,Dallas Cowboys D/ST,DST,6.5,8.0,-0.54,7.46,11.84,11.25,0.006,1.0,7.46,,0.0,0
2026-09-14 02:02:43Z,DAL,in,0.5,HALF,-7.0,8137,George Pickens,WR,15.2,3.7,7.68,11.38,10.81,11.3,0.33,1.0,11.38,,0.0,0
2026-09-14 02:02:43Z,NYG,in,0.5,HALF,7.0,11597,Theo Johnson,TE,4.3,0.0,1.62,1.62,1.88,2.15,0.5,1.0,1.62,,0.0,0
2026-09-14 02:02:43Z,NYG,in,0.5,HALF,7.0,12508,Jaxson Dart,QB,20.5,13.26,9.07,22.33,23.89,23.51,0.006,1.0,22.33,,0.0,0
2026-09-14 02:02:43Z,NYG,in,0.5,HALF,7.0,13285,Malachi Fields,WR,6.2,4.5,2.7,7.2,7.78,7.6,0.011,1.0,7.2,,0.0,0
2026-09-14 02:02:43Z,DAL,in,0.5,HALF,-7.0,8917,KaVontae Turpin,WR,4.3,1.8,2.23,4.03,3.91,3.95,0.031,1.0,4.03,,0.0,0
2026-09-14 02:02:43Z,NYG,in,0.5,HALF,7.0,11655,Tyrone Tracy,RB,2.4,-0.6,0.82,0.22,0.38,0.6,0.023,1.0,0.22,,0.0,0
2026-09-14 02:02:43Z,NYG,in,0.5,HALF,7.0,11632,Malik Nabers,WR,16.5,6.2,6.71,12.91,14.19,14.45,0.01,1.0,12.91,,0.0,0
2026-09-14 02:02:43Z,NYG,in,0.5,HALF,7.0,7090,Darnell Mooney,WR,5.6,2.8,2.33,5.13,5.6,5.6,0.01,1.0,5.13,,0.0,0
2026-09-14 02:02:43Z,NYG,in,0.5,HALF,7.0,2306,Jameis Winston,QB,0.5,0.0,0.17,0.17,0.22,0.25,0.5,0.3,0.05,,0.0,0
2026-09-14 02:02:43Z,DAL,in,0.5,HALF,-7.0,11593,Brevyn Spann-Ford,TE,0.5,3.4,0.52,3.92,4.04,3.65,0.286,1.0,3.92,,0.0,0
2026-09-14 02:02:43Z,NYG,in,0.5,HALF,7.0,2078,Odell Beckham,WR,4.3,0.0,1.62,1.62,1.88,2.15,0.5,1.0,1.62,,0.0,0
2026-09-14 02:02:43Z,NYG,in,0.5,HALF,7.0,12481,Cam Skattebo,RB,14.1,7.7,6.68,14.38,14.83,14.75,0.25,0.925,13.88,,0.0,0
2026-09-14 02:02:43Z,DAL,in,0.5,HALF,-7.0,11199,Emari Demercado,RB,1.8,0.4,0.81,1.21,1.24,1.3,0.143,1.0,1.21,,0.0,0
2026-09-14 02:02:43Z,NYG,in,0.5,HALF,7.0,NYG,New York Giants D/ST,DST,5.2,6.0,0.14,6.14,9.03,8.6,0.014,1.0,6.14,,0.0,0
2026-09-14 02:02:43Z,NYG,in,0.5,HALF,7.0,7528,Najee Harris,RB,4.2,0.0,1.61,1.61,1.84,2.1,0.5,1.0,1.61,,0.0,0
2026-09-14 02:02:43Z,DAL,in,0.5,HALF,-7.0,8162,Sam Howell,QB,0.6,0.0,0.29,0.29,0.26,0.3,0.5,0.3,0.09,,0.0,0
2026-09-14 02:02:43Z,DAL,in,0.5,HALF,-7.0,11783,Ryan Flournoy,WR,7.4,1.5,3.71,5.21,4.93,5.2,0.019,1.0,5.21,,0.0,0
2026-09-14 02:02:43Z,DAL,in,0.5,HALF,-7.0,10871,Luke Schoonmaker,TE,1.7,2.2,1.0,3.2,3.22,3.05,0.112,1.0,3.2,,0.0,0
2026-09-14 02:02:43Z,DAL,in,0.5,HALF,-7.0,7588,Javonte Williams,RB,16.9,2.5,7.44,9.94,10.21,10.95,0.022,1.0,9.94,,0.0,0
2026-09-14 02:03:43Z,DAL,in,0.5,HALF,-7.0,11533,Brandon Aubrey,K,9.6,1.0,4.33,5.33,5.33,5.8,0.096,1.0,5.33,,0.0,0
2026-09-14 02:03:43Z,DAL,in,0.5,HALF,-7.0,6786,CeeDee Lamb,WR,18.3,9.0,9.61,18.61,18.13,18.15,0.022,1.0,18.61,,0.0,0
2026-09-14 02:03:43Z,DAL,in,0.5,HALF,-7.0,3294,Dak Prescott,QB,18.5,7.28,10.06,17.34,16.28,16.53,0.003,1.0,17.34,,0.0,0
2026-09-14 02:03:43Z,NYG,in,0.5,HALF,7.0,13833,Dominic Zvada,K,8.2,2.0,3.84,5.84,5.84,6.1,0.006,1.0,5.84,,0.0,0
2026-09-14 02:03:43Z,DAL,in,0.5,HALF,-7.0,8110,Jake Ferguson,TE,9.3,1.6,4.64,6.24,5.87,6.25,0.003,1.0,6.24,,0.0,0
2026-09-14 02:03:43Z,NYG,in,0.5,HALF,7.0,8131,Isaiah Likely,TE,10.7,16.9,5.39,22.29,23.69,22.25,0.006,1.0,22.29,,0.0,0
2026-09-14 02:03:43Z,DAL,in,0.5,HALF,-7.0,DAL,Dallas Cowboys D/ST,DST,6.5,8.0,-0.54,7.46,11.84,11.25,0.006,1.0,7.46,,0.0,0
2026-09-14 02:03:43Z,DAL,in,0.5,HALF,-7.0,8137,George Pickens,WR,15.2,3.7,7.68,11.38,10.81,11.3,0.33,1.0,11.38,,0.0,0
2026-09-14 02:03:43Z,NYG,in,0.5,HALF,7.0,11597,Theo Johnson,TE,4.3,0.0,1.62,1.62,1.88,2.15,0.5,1.0,1.62,,0.0,0
2026-09-14 02:03:43Z,NYG,in,0.5,HALF,7.0,12508,Jaxson Dart,QB,20.5,13.26,9.07,22.33,23.89,23.51,0.006,1.0,22.33,,0.0,0
2026-09-14 02:03:43Z,NYG,in,0.5,HALF,7.0,13285,Malachi Fields,WR,6.2,4.5,2.7,7.2,7.78,7.6,0.011,1.0,7.2,,0.0,0
2026-09-14 02:03:43Z,DAL,in,0.5,HALF,-7.0,8917,KaVontae Turpin,WR,4.3,1.8,2.23,4.03,3.91,3.95,0.031,1.0,4.03,,0.0,0
2026-09-14 02:03:43Z,NYG,in,0.5,HALF,7.0,11655,Tyrone Tracy,RB,2.4,-0.6,0.82,0.22,0.38,0.6,0.023,1.0,0.22,,0.0,0
2026-09-14 02:03:43Z,NYG,in,0.5,HALF,7.0,11632,Malik Nabers,WR,16.5,6.2,6.71,12.91,14.19,14.45,0.01,1.0,12.91,,0.0,0
2026-09-14 02:03:43Z,NYG,in,0.5,HALF,7.0,7090,Darnell Mooney,WR,5.6,2.8,2.33,5.13,5.6,5.6,0.01,1.0,5.13,,0.0,0
2026-09-14 02:03:43Z,NYG,in,0.5,HALF,7.0,2306,Jameis Winston,QB,0.5,0.0,0.17,0.17,0.22,0.25,0.5,0.3,0.05,,0.0,0
2026-09-14 02:03:43Z,DAL,in,0.5,HALF,-7.0,11593,Brevyn Spann-Ford,TE,0.5,3.4,0.52,3.92,4.04,3.65,0.286,1.0,3.92,,0.0,0
2026-09-14 02:03:43Z,NYG,in,0.5,HALF,7.0,2078,Odell Beckham,WR,4.3,0.0,1.62,1.62,1.88,2.15,0.5,1.0,1.62,,0.0,0
2026-09-14 02:03:43Z,NYG,in,0.5,HALF,7.0,12481,Cam Skattebo,RB,14.1,7.7,6.68,14.38,14.83,14.75,0.25,0.925,13.88,,0.0,0
2026-09-14 02:03:43Z,DAL,in,0.5,HALF,-7.0,11199,Emari Demercado,RB,1.8,0.4,0.81,1.21,1.24,1.3,0.143,1.0,1.21,,0.0,0
2026-09-14 02:03:43Z,NYG,in,0.5,HALF,7.0,NYG,New York Giants D/ST,DST,5.2,6.0,0.14,6.14,9.03,8.6,0.014,1.0,6.14,,0.0,0
2026-09-14 02:03:43Z,NYG,in,0.5,HALF,7.0,7528,Najee Harris,RB,4.2,0.0,1.61,1.61,1.84,2.1,0.5,1.0,1.61,,0.0,0
2026-09-14 02:03:43Z,DAL,in,0.5,HALF,-7.0,8162,Sam Howell,QB,0.6,0.0,0.29,0.29,0.26,0.3,0.5,0.3,0.09,,0.0,0
2026-09-14 02:03:43Z,DAL,in,0.5,HALF,-7.0,11783,Ryan Flournoy,WR,7.4,1.5,3.71,5.21,4.93,5.2,0.019,1.0,5.21,,0.0,0
2026-09-14 02:03:43Z,DAL,in,0.5,HALF,-7.0,10871,Luke Schoonmaker,TE,1.7,2.2,1.0,3.2,3.22,3.05,0.112,1.0,3.2,,0.0,0
2026-09-14 02:03:43Z,DAL,in,0.5,HALF,-7.0,7588,Javonte Williams,RB,16.9,2.5,7.44,9.94,10.21,10.95,0.022,1.0,9.94,,0.0,0
2026-09-14 02:04:43Z,DAL,in,0.5,HALF,-7.0,11533,Brandon Aubrey,K,9.6,1.0,4.33,5.33,5.33,5.8,0.096,1.0,5.33,,0.0,0
2026-09-14 02:04:43Z,DAL,in,0.5,HALF,-7.0,6786,CeeDee Lamb,WR,18.3,9.0,9.61,18.61,18.13,18.15,0.022,1.0,18.61,,0.0,0
2026-09-14 02:04:43Z,DAL,in,0.5,HALF,-7.0,3294,Dak Prescott,QB,18.5,7.28,10.06,17.34,16.28,16.53,0.003,1.0,17.34,,0.0,0
2026-09-14 02:04:43Z,NYG,in,0.5,HALF,7.0,13833,Dominic Zvada,K,8.2,2.0,3.84,5.84,5.84,6.1,0.006,1.0,5.84,,0.0,0
2026-09-14 02:04:43Z,DAL,in,0.5,HALF,-7.0,8110,Jake Ferguson,TE,9.3,1.6,4.64,6.24,5.87,6.25,0.003,1.0,6.24,,0.0,0
2026-09-14 02:04:43Z,NYG,in,0.5,HALF,7.0,8131,Isaiah Likely,TE,10.7,16.9,5.39,22.29,23.69,22.25,0.006,1.0,22.29,,0.0,0
2026-09-14 02:04:43Z,DAL,in,0.5,HALF,-7.0,DAL,Dallas Cowboys D/ST,DST,6.5,8.0,-0.54,7.46,11.84,11.25,0.006,1.0,7.46,,0.0,0
2026-09-14 02:04:43Z,DAL,in,0.5,HALF,-7.0,8137,George Pickens,WR,15.2,3.7,7.68,11.38,10.81,11.3,0.33,1.0,11.38,,0.0,0
2026-09-14 02:04:43Z,NYG,in,0.5,HALF,7.0,11597,Theo Johnson,TE,4.3,0.0,1.62,1.62,1.88,2.15,0.5,1.0,1.62,,0.0,0
2026-09-14 02:04:43Z,NYG,in,0.5,HALF,7.0,12508,Jaxson Dart,QB,20.5,13.26,9.07,22.33,23.89,23.51,0.006,1.0,22.33,,0.0,0
2026-09-14 02:04:43Z,NYG,in,0.5,HALF,7.0,13285,Malachi Fields,WR,6.2,4.5,2.7,7.2,7.78,7.6,0.011,1.0,7.2,,0.0,0
2026-09-14 02:04:43Z,DAL,in,0.5,HALF,-7.0,8917,KaVontae Turpin,WR,4.3,1.8,2.23,4.03,3.91,3.95,0.031,1.0,4.03,,0.0,0
2026-09-14 02:04:43Z,NYG,in,0.5,HALF,7.0,11655,Tyrone Tracy,RB,2.4,-0.6,0.82,0.22,0.38,0.6,0.023,1.0,0.22,,0.0,0
2026-09-14 02:04:43Z,NYG,in,0.5,HALF,7.0,11632,Malik Nabers,WR,16.5,6.2,6.71,12.91,14.19,14.45,0.01,1.0,12.91,,0.0,0
2026-09-14 02:04:43Z,NYG,in,0.5,HALF,7.0,7090,Darnell Mooney,WR,5.6,2.8,2.33,5.13,5.6,5.6,0.01,1.0,5.13,,0.0,0
2026-09-14 02:04:43Z,NYG,in,0.5,HALF,7.0,2306,Jameis Winston,QB,0.5,0.0,0.17,0.17,0.22,0.25,0.5,0.3,0.05,,0.0,0
2026-09-14 02:04:43Z,DAL,in,0.5,HALF,-7.0,11593,Brevyn Spann-Ford,TE,0.5,3.4,0.52,3.92,4.04,3.65,0.286,1.0,3.92,,0.0,0
2026-09-14 02:04:43Z,NYG,in,0.5,HALF,7.0,2078,Odell Beckham,WR,4.3,0.0,1.62,1.62,1.88,2.15,0.5,1.0,1.62,,0.0,0
2026-09-14 02:04:43Z,NYG,in,0.5,HALF,7.0,12481,Cam Skattebo,RB,14.1,7.7,6.68,14.38,14.83,14.75,0.25,0.925,13.88,,0.0,0
2026-09-14 02:04:43Z,DAL,in,0.5,HALF,-7.0,11199,Emari Demercado,RB,1.8,0.4,0.81,1.21,1.24,1.3,0.143,1.0,1.21,,0.0,0
2026-09-14 02:04:43Z,NYG,in,0.5,HALF,7.0,NYG,New York Giants D/ST,DST,5.2,6.0,0.14,6.14,9.03,8.6,0.014,1.0,6.14,,0.0,0
2026-09-14 02:04:43Z,NYG,in,0.5,HALF,7.0,7528,Najee Harris,RB,4.2,0.0,1.61,1.61,1.84,2.1,0.5,1.0,1.61,,0.0,0
2026-09-14 02:04:43Z,DAL,in,0.5,HALF,-7.0,8162,Sam Howell,QB,0.6,0.0,0.29,0.29,0.26,0.3,0.5,0.3,0.09,,0.0,0
2026-09-14 02:04:43Z,DAL,in,0.5,HALF,-7.0,11783,Ryan Flournoy,WR,7.4,1.5,3.71,5.21,4.93,5.2,0.019,1.0,5.21,,0.0,0
2026-09-14 02:04:43Z,DAL,in,0.5,HALF,-7.0,10871,Luke Schoonmaker,TE,1.7,2.2,1.0,3.2,3.22,3.05,0.112,1.0,3.2,,0.0,0
2026-09-14 02:04:43Z,DAL,in,0.5,HALF,-7.0,7588,Javonte Williams,RB,16.9,2.5,7.44,9.94,10.21,10.95,0.022,1.0,9.94,,0.0,0
2026-09-14 02:05:44Z,DAL,in,0.5,HALF,-7.0,11533,Brandon Aubrey,K,9.6,1.0,4.33,5.33,5.33,5.8,0.096,1.0,5.33,,0.0,0
2026-09-14 02:05:44Z,DAL,in,0.5,HALF,-7.0,6786,CeeDee Lamb,WR,18.3,9.0,9.61,18.61,18.13,18.15,0.022,1.0,18.61,,0.0,0
2026-09-14 02:05:44Z,DAL,in,0.5,HALF,-7.0,3294,Dak Prescott,QB,18.5,7.28,10.06,17.34,16.28,16.53,0.003,1.0,17.34,,0.0,0
2026-09-14 02:05:44Z,NYG,in,0.5,HALF,7.0,13833,Dominic Zvada,K,8.2,2.0,3.84,5.84,5.84,6.1,0.006,1.0,5.84,,0.0,0
2026-09-14 02:05:44Z,DAL,in,0.5,HALF,-7.0,8110,Jake Ferguson,TE,9.3,1.6,4.64,6.24,5.87,6.25,0.003,1.0,6.24,,0.0,0
2026-09-14 02:05:44Z,NYG,in,0.5,HALF,7.0,8131,Isaiah Likely,TE,10.7,16.9,5.39,22.29,23.69,22.25,0.006,1.0,22.29,,0.0,0
2026-09-14 02:05:44Z,DAL,in,0.5,HALF,-7.0,DAL,Dallas Cowboys D/ST,DST,6.5,8.0,-0.54,7.46,11.84,11.25,0.006,1.0,7.46,,0.0,0
2026-09-14 02:05:44Z,DAL,in,0.5,HALF,-7.0,8137,George Pickens,WR,15.2,3.7,7.68,11.38,10.81,11.3,0.33,1.0,11.38,,0.0,0
2026-09-14 02:05:44Z,NYG,in,0.5,HALF,7.0,11597,Theo Johnson,TE,4.3,0.0,1.62,1.62,1.88,2.15,0.5,1.0,1.62,,0.0,0
2026-09-14 02:05:44Z,NYG,in,0.5,HALF,7.0,12508,Jaxson Dart,QB,20.5,13.26,9.07,22.33,23.89,23.51,0.006,1.0,22.33,,0.0,0
2026-09-14 02:05:44Z,NYG,in,0.5,HALF,7.0,13285,Malachi Fields,WR,6.2,4.5,2.7,7.2,7.78,7.6,0.011,1.0,7.2,,0.0,0
2026-09-14 02:05:44Z,DAL,in,0.5,HALF,-7.0,8917,KaVontae Turpin,WR,4.3,1.8,2.23,4.03,3.91,3.95,0.031,1.0,4.03,,0.0,0
2026-09-14 02:05:44Z,NYG,in,0.5,HALF,7.0,11655,Tyrone Tracy,RB,2.4,-0.6,0.82,0.22,0.38,0.6,0.023,1.0,0.22,,0.0,0
2026-09-14 02:05:44Z,NYG,in,0.5,HALF,7.0,11632,Malik Nabers,WR,16.5,6.2,6.71,12.91,14.19,14.45,0.01,1.0,12.91,,0.0,0
2026-09-14 02:05:44Z,NYG,in,0.5,HALF,7.0,7090,Darnell Mooney,WR,5.6,2.8,2.33,5.13,5.6,5.6,0.01,1.0,5.13,,0.0,0
2026-09-14 02:05:44Z,NYG,in,0.5,HALF,7.0,2306,Jameis Winston,QB,0.5,0.0,0.17,0.17,0.22,0.25,0.5,0.3,0.05,,0.0,0
2026-09-14 02:05:44Z,DAL,in,0.5,HALF,-7.0,11593,Brevyn Spann-Ford,TE,0.5,3.4,0.52,3.92,4.04,3.65,0.286,1.0,3.92,,0.0,0
2026-09-14 02:05:44Z,NYG,in,0.5,HALF,7.0,2078,Odell Beckham,WR,4.3,0.0,1.62,1.62,1.88,2.15,0.5,1.0,1.62,,0.0,0
2026-09-14 02:05:44Z,NYG,in,0.5,HALF,7.0,12481,Cam Skattebo,RB,14.1,7.7,6.68,14.38,14.83,14.75,0.25,0.925,13.88,,0.0,0
2026-09-14 02:05:44Z,DAL,in,0.5,HALF,-7.0,11199,Emari Demercado,RB,1.8,0.4,0.81,1.21,1.24,1.3,0.143,1.0,1.21,,0.0,0
2026-09-14 02:05:44Z,NYG,in,0.5,HALF,7.0,NYG,New York Giants D/ST,DST,5.2,6.0,0.14,6.14,9.03,8.6,0.014,1.0,6.14,,0.0,0
2026-09-14 02:05:44Z,NYG,in,0.5,HALF,7.0,7528,Najee Harris,RB,4.2,0.0,1.61,1.61,1.84,2.1,0.5,1.0,1.61,,0.0,0
2026-09-14 02:05:44Z,DAL,in,0.5,HALF,-7.0,8162,Sam Howell,QB,0.6,0.0,0.29,0.29,0.26,0.3,0.5,0.3,0.09,,0.0,0
2026-09-14 02:05:44Z,DAL,in,0.5,HALF,-7.0,11783,Ryan Flournoy,WR,7.4,1.5,3.71,5.21,4.93,5.2,0.019,1.0,5.21,,0.0,0
2026-09-14 02:05:44Z,DAL,in,0.5,HALF,-7.0,10871,Luke Schoonmaker,TE,1.7,2.2,1.0,3.2,3.22,3.05,0.112,1.0,3.2,,0.0,0
2026-09-14 02:05:44Z,DAL,in,0.5,HALF,-7.0,7588,Javonte Williams,RB,16.9,2.5,7.44,9.94,10.21,10.95,0.022,1.0,9.94,,0.0,0
2026-09-14 02:06:44Z,DAL,in,0.5,HALF,-7.0,11533,Brandon Aubrey,K,9.6,1.0,4.33,5.33,5.33,5.8,0.096,1.0,5.33,,0.0,0
2026-09-14 02:06:44Z,DAL,in,0.5,HALF,-7.0,6786,CeeDee Lamb,WR,18.3,9.0,9.61,18.61,18.13,18.15,0.022,1.0,18.61,,0.0,0
2026-09-14 02:06:44Z,DAL,in,0.5,HALF,-7.0,3294,Dak Prescott,QB,18.5,7.28,10.06,17.34,16.28,16.53,0.003,1.0,17.34,,0.0,0
2026-09-14 02:06:44Z,NYG,in,0.5,HALF,7.0,13833,Dominic Zvada,K,8.2,2.0,3.84,5.84,5.84,6.1,0.006,1.0,5.84,,0.0,0
2026-09-14 02:06:44Z,DAL,in,0.5,HALF,-7.0,8110,Jake Ferguson,TE,9.3,1.6,4.64,6.24,5.87,6.25,0.003,1.0,6.24,,0.0,0
2026-09-14 02:06:44Z,NYG,in,0.5,HALF,7.0,8131,Isaiah Likely,TE,10.7,16.9,5.39,22.29,23.69,22.25,0.006,1.0,22.29,,0.0,0
2026-09-14 02:06:44Z,DAL,in,0.5,HALF,-7.0,DAL,Dallas Cowboys D/ST,DST,6.5,8.0,-0.54,7.46,11.84,11.25,0.006,1.0,7.46,,0.0,0
2026-09-14 02:06:44Z,DAL,in,0.5,HALF,-7.0,8137,George Pickens,WR,15.2,3.7,7.68,11.38,10.81,11.3,0.33,1.0,11.38,,0.0,0
2026-09-14 02:06:44Z,NYG,in,0.5,HALF,7.0,11597,Theo Johnson,TE,4.3,0.0,1.62,1.62,1.88,2.15,0.5,1.0,1.62,,0.0,0
2026-09-14 02:06:44Z,NYG,in,0.5,HALF,7.0,12508,Jaxson Dart,QB,20.5,13.26,9.07,22.33,23.89,23.51,0.006,1.0,22.33,,0.0,0
2026-09-14 02:06:44Z,NYG,in,0.5,HALF,7.0,13285,Malachi Fields,WR,6.2,4.5,2.7,7.2,7.78,7.6,0.011,1.0,7.2,,0.0,0
2026-09-14 02:06:44Z,DAL,in,0.5,HALF,-7.0,8917,KaVontae Turpin,WR,4.3,1.8,2.23,4.03,3.91,3.95,0.031,1.0,4.03,,0.0,0
2026-09-14 02:06:44Z,NYG,in,0.5,HALF,7.0,11655,Tyrone Tracy,RB,2.4,-0.6,0.82,0.22,0.38,0.6,0.023,1.0,0.22,,0.0,0
2026-09-14 02:06:44Z,NYG,in,0.5,HALF,7.0,11632,Malik Nabers,WR,16.5,6.2,6.71,12.91,14.19,14.45,0.01,1.0,12.91,,0.0,0
2026-09-14 02:06:44Z,NYG,in,0.5,HALF,7.0,7090,Darnell Mooney,WR,5.6,2.8,2.33,5.13,5.6,5.6,0.01,1.0,5.13,,0.0,0
2026-09-14 02:06:44Z,NYG,in,0.5,HALF,7.0,2306,Jameis Winston,QB,0.5,0.0,0.17,0.17,0.22,0.25,0.5,0.3,0.05,,0.0,0
2026-09-14 02:06:44Z,DAL,in,0.5,HALF,-7.0,11593,Brevyn Spann-Ford,TE,0.5,3.4,0.52,3.92,4.04,3.65,0.286,1.0,3.92,,0.0,0
2026-09-14 02:06:44Z,NYG,in,0.5,HALF,7.0,2078,Odell Beckham,WR,4.3,0.0,1.62,1.62,1.88,2.15,0.5,1.0,1.62,,0.0,0
2026-09-14 02:06:44Z,NYG,in,0.5,HALF,7.0,12481,Cam Skattebo,RB,14.1,7.7,6.68,14.38,14.83,14.75,0.25,0.925,13.88,,0.0,0
2026-09-14 02:06:44Z,DAL,in,0.5,HALF,-7.0,11199,Emari Demercado,RB,1.8,0.4,0.81,1.21,1.24,1.3,0.143,1.0,1.21,,0.0,0
2026-09-14 02:06:44Z,NYG,in,0.5,HALF,7.0,NYG,New York Giants D/ST,DST,5.2,6.0,0.14,6.14,9.03,8.6,0.014,1.0,6.14,,0.0,0
2026-09-14 02:06:44Z,NYG,in,0.5,HALF,7.0,7528,Najee Harris,RB,4.2,0.0,1.61,1.61,1.84,2.1,0.5,1.0,1.61,,0.0,0
2026-09-14 02:06:44Z,DAL,in,0.5,HALF,-7.0,8162,Sam Howell,QB,0.6,0.0,0.29,0.29,0.26,0.3,0.5,0.3,0.09,,0.0,0
2026-09-14 02:06:44Z,DAL,in,0.5,HALF,-7.0,11783,Ryan Flournoy,WR,7.4,1.5,3.71,5.21,4.93,5.2,0.019,1.0,5.21,,0.0,0
2026-09-14 02:06:44Z,DAL,in,0.5,HALF,-7.0,10871,Luke Schoonmaker,TE,1.7,2.2,1.0,3.2,3.22,3.05,0.112,1.0,3.2,,0.0,0
2026-09-14 02:06:44Z,DAL,in,0.5,HALF,-7.0,7588,Javonte Williams,RB,16.9,2.5,7.44,9.94,10.21,10.95,0.022,1.0,9.94,,0.0,0
2026-09-14 02:07:45Z,DAL,in,0.5,HALF,-7.0,11533,Brandon Aubrey,K,9.6,1.0,4.33,5.33,5.33,5.8,0.096,1.0,5.33,,0.0,0
2026-09-14 02:07:45Z,DAL,in,0.5,HALF,-7.0,6786,CeeDee Lamb,WR,18.3,9.0,9.61,18.61,18.13,18.15,0.022,1.0,18.61,,0.0,0
2026-09-14 02:07:45Z,DAL,in,0.5,HALF,-7.0,3294,Dak Prescott,QB,18.5,7.28,10.06,17.34,16.28,16.53,0.003,1.0,17.34,,0.0,0
2026-09-14 02:07:45Z,NYG,in,0.5,HALF,7.0,13833,Dominic Zvada,K,8.2,2.0,3.84,5.84,5.84,6.1,0.006,1.0,5.84,,0.0,0
2026-09-14 02:07:45Z,DAL,in,0.5,HALF,-7.0,8110,Jake Ferguson,TE,9.3,1.6,4.64,6.24,5.87,6.25,0.003,1.0,6.24,,0.0,0
2026-09-14 02:07:45Z,NYG,in,0.5,HALF,7.0,8131,Isaiah Likely,TE,10.7,16.9,5.39,22.29,23.69,22.25,0.006,1.0,22.29,,0.0,0
2026-09-14 02:07:45Z,DAL,in,0.5,HALF,-7.0,DAL,Dallas Cowboys D/ST,DST,6.5,8.0,-0.54,7.46,11.84,11.25,0.006,1.0,7.46,,0.0,0
2026-09-14 02:07:45Z,DAL,in,0.5,HALF,-7.0,8137,George Pickens,WR,15.2,3.7,7.68,11.38,10.81,11.3,0.33,1.0,11.38,,0.0,0
2026-09-14 02:07:45Z,NYG,in,0.5,HALF,7.0,11597,Theo Johnson,TE,4.3,0.0,1.62,1.62,1.88,2.15,0.5,1.0,1.62,,0.0,0
2026-09-14 02:07:45Z,NYG,in,0.5,HALF,7.0,12508,Jaxson Dart,QB,20.5,13.26,9.07,22.33,23.89,23.51,0.006,1.0,22.33,,0.0,0
2026-09-14 02:07:45Z,NYG,in,0.5,HALF,7.0,13285,Malachi Fields,WR,6.2,4.5,2.7,7.2,7.78,7.6,0.011,1.0,7.2,,0.0,0
2026-09-14 02:07:45Z,DAL,in,0.5,HALF,-7.0,8917,KaVontae Turpin,WR,4.3,1.8,2.23,4.03,3.91,3.95,0.031,1.0,4.03,,0.0,0
2026-09-14 02:07:45Z,NYG,in,0.5,HALF,7.0,11655,Tyrone Tracy,RB,2.4,-0.6,0.82,0.22,0.38,0.6,0.023,1.0,0.22,,0.0,0
2026-09-14 02:07:45Z,NYG,in,0.5,HALF,7.0,11632,Malik Nabers,WR,16.5,6.2,6.71,12.91,14.19,14.45,0.01,1.0,12.91,,0.0,0
2026-09-14 02:07:45Z,NYG,in,0.5,HALF,7.0,7090,Darnell Mooney,WR,5.6,2.8,2.33,5.13,5.6,5.6,0.01,1.0,5.13,,0.0,0
2026-09-14 02:07:45Z,NYG,in,0.5,HALF,7.0,2306,Jameis Winston,QB,0.5,0.0,0.17,0.17,0.22,0.25,0.5,0.3,0.05,,0.0,0
2026-09-14 02:07:45Z,DAL,in,0.5,HALF,-7.0,11593,Brevyn Spann-Ford,TE,0.5,3.4,0.52,3.92,4.04,3.65,0.286,1.0,3.92,,0.0,0
2026-09-14 02:07:45Z,NYG,in,0.5,HALF,7.0,2078,Odell Beckham,WR,4.3,0.0,1.62,1.62,1.88,2.15,0.5,1.0,1.62,,0.0,0
2026-09-14 02:07:45Z,NYG,in,0.5,HALF,7.0,12481,Cam Skattebo,RB,14.1,7.7,6.68,14.38,14.83,14.75,0.25,0.925,13.88,,0.0,0
2026-09-14 02:07:45Z,DAL,in,0.5,HALF,-7.0,11199,Emari Demercado,RB,1.8,0.4,0.81,1.21,1.24,1.3,0.143,1.0,1.21,,0.0,0
2026-09-14 02:07:45Z,NYG,in,0.5,HALF,7.0,NYG,New York Giants D/ST,DST,5.2,6.0,0.14,6.14,9.03,8.6,0.014,1.0,6.14,,0.0,0
2026-09-14 02:07:45Z,NYG,in,0.5,HALF,7.0,7528,Najee Harris,RB,4.2,0.0,1.61,1.61,1.84,2.1,0.5,1.0,1.61,,0.0,0
2026-09-14 02:07:45Z,DAL,in,0.5,HALF,-7.0,8162,Sam Howell,QB,0.6,0.0,0.29,0.29,0.26,0.3,0.5,0.3,0.09,,0.0,0
2026-09-14 02:07:45Z,DAL,in,0.5,HALF,-7.0,11783,Ryan Flournoy,WR,7.4,1.5,3.71,5.21,4.93,5.2,0.019,1.0,5.21,,0.0,0
2026-09-14 02:07:45Z,DAL,in,0.5,HALF,-7.0,10871,Luke Schoonmaker,TE,1.7,2.2,1.0,3.2,3.22,3.05,0.112,1.0,3.2,,0.0,0
2026-09-14 02:07:45Z,DAL,in,0.5,HALF,-7.0,7588,Javonte Williams,RB,16.9,2.5,7.44,9.94,10.21,10.95,0.022,1.0,9.94,,0.0,0
2026-09-14 02:08:45Z,DAL,in,0.5,HALF,-7.0,11533,Brandon Aubrey,K,9.6,1.0,4.33,5.33,5.33,5.8,0.096,1.0,5.33,,0.0,0
2026-09-14 02:08:45Z,DAL,in,0.5,HALF,-7.0,6786,CeeDee Lamb,WR,18.3,9.0,9.61,18.61,18.13,18.15,0.022,1.0,18.61,,0.0,0
2026-09-14 02:08:45Z,DAL,in,0.5,HALF,-7.0,3294,Dak Prescott,QB,18.5,7.28,10.06,17.34,16.28,16.53,0.003,1.0,17.34,,0.0,0
2026-09-14 02:08:45Z,NYG,in,0.5,HALF,7.0,13833,Dominic Zvada,K,8.2,2.0,3.84,5.84,5.84,6.1,0.006,1.0,5.84,,0.0,0
2026-09-14 02:08:45Z,DAL,in,0.5,HALF,-7.0,8110,Jake Ferguson,TE,9.3,1.6,4.64,6.24,5.87,6.25,0.003,1.0,6.24,,0.0,0
2026-09-14 02:08:45Z,NYG,in,0.5,HALF,7.0,8131,Isaiah Likely,TE,10.7,16.9,5.39,22.29,23.69,22.25,0.006,1.0,22.29,,0.0,0
2026-09-14 02:08:45Z,DAL,in,0.5,HALF,-7.0,DAL,Dallas Cowboys D/ST,DST,6.5,8.0,-0.54,7.46,11.84,11.25,0.006,1.0,7.46,,0.0,0
2026-09-14 02:08:45Z,DAL,in,0.5,HALF,-7.0,8137,George Pickens,WR,15.2,3.7,7.68,11.38,10.81,11.3,0.33,1.0,11.38,,0.0,0
2026-09-14 02:08:45Z,NYG,in,0.5,HALF,7.0,11597,Theo Johnson,TE,4.3,0.0,1.62,1.62,1.88,2.15,0.5,1.0,1.62,,0.0,0
2026-09-14 02:08:45Z,NYG,in,0.5,HALF,7.0,12508,Jaxson Dart,QB,20.5,13.26,9.07,22.33,23.89,23.51,0.006,1.0,22.33,,0.0,0
2026-09-14 02:08:45Z,NYG,in,0.5,HALF,7.0,13285,Malachi Fields,WR,6.2,4.5,2.7,7.2,7.78,7.6,0.011,1.0,7.2,,0.0,0
2026-09-14 02:08:45Z,DAL,in,0.5,HALF,-7.0,8917,KaVontae Turpin,WR,4.3,1.8,2.23,4.03,3.91,3.95,0.031,1.0,4.03,,0.0,0
2026-09-14 02:08:45Z,NYG,in,0.5,HALF,7.0,11655,Tyrone Tracy,RB,2.4,-0.6,0.82,0.22,0.38,0.6,0.023,1.0,0.22,,0.0,0
2026-09-14 02:08:45Z,NYG,in,0.5,HALF,7.0,11632,Malik Nabers,WR,16.5,6.2,6.71,12.91,14.19,14.45,0.01,1.0,12.91,,0.0,0
2026-09-14 02:08:45Z,NYG,in,0.5,HALF,7.0,7090,Darnell Mooney,WR,5.6,2.8,2.33,5.13,5.6,5.6,0.01,1.0,5.13,,0.0,0
2026-09-14 02:08:45Z,NYG,in,0.5,HALF,7.0,2306,Jameis Winston,QB,0.5,0.0,0.17,0.17,0.22,0.25,0.5,0.3,0.05,,0.0,0
2026-09-14 02:08:45Z,DAL,in,0.5,HALF,-7.0,11593,Brevyn Spann-Ford,TE,0.5,3.4,0.52,3.92,4.04,3.65,0.286,1.0,3.92,,0.0,0
2026-09-14 02:08:45Z,NYG,in,0.5,HALF,7.0,2078,Odell Beckham,WR,4.3,0.0,1.62,1.62,1.88,2.15,0.5,1.0,1.62,,0.0,0
2026-09-14 02:08:45Z,NYG,in,0.5,HALF,7.0,12481,Cam Skattebo,RB,14.1,7.7,6.68,14.38,14.83,14.75,0.25,0.925,13.88,,0.0,0
2026-09-14 02:08:45Z,DAL,in,0.5,HALF,-7.0,11199,Emari Demercado,RB,1.8,0.4,0.81,1.21,1.24,1.3,0.143,1.0,1.21,,0.0,0
2026-09-14 02:08:45Z,NYG,in,0.5,HALF,7.0,NYG,New York Giants D/ST,DST,5.2,6.0,0.14,6.14,9.03,8.6,0.014,1.0,6.14,,0.0,0
2026-09-14 02:08:45Z,NYG,in,0.5,HALF,7.0,7528,Najee Harris,RB,4.2,0.0,1.61,1.61,1.84,2.1,0.5,1.0,1.61,,0.0,0
2026-09-14 02:08:45Z,DAL,in,0.5,HALF,-7.0,8162,Sam Howell,QB,0.6,0.0,0.29,0.29,0.26,0.3,0.5,0.3,0.09,,0.0,0
2026-09-14 02:08:45Z,DAL,in,0.5,HALF,-7.0,11783,Ryan Flournoy,WR,7.4,1.5,3.71,5.21,4.93,5.2,0.019,1.0,5.21,,0.0,0
2026-09-14 02:08:45Z,DAL,in,0.5,HALF,-7.0,10871,Luke Schoonmaker,TE,1.7,2.2,1.0,3.2,3.22,3.05,0.112,1.0,3.2,,0.0,0
2026-09-14 02:08:45Z,DAL,in,0.5,HALF,-7.0,7588,Javonte Williams,RB,16.9,2.5,7.44,9.94,10.21,10.95,0.022,1.0,9.94,,0.0,0
2026-09-14 02:09:46Z,DAL,in,0.501,Q3 14:55,-7.0,11533,Brandon Aubrey,K,9.6,1.0,4.31,5.31,5.31,5.79,0.097,1.0,5.31,,0.0,0
2026-09-14 02:09:46Z,DAL,in,0.501,Q3 14:55,-7.0,6786,CeeDee Lamb,WR,18.3,9.0,9.59,18.59,18.1,18.12,0.023,1.0,18.59,,0.0,0
2026-09-14 02:09:46Z,DAL,in,0.501,Q3 14:55,-7.0,3294,Dak Prescott,QB,18.5,7.28,10.04,17.32,16.26,16.5,0.004,1.0,17.32,,0.0,0
2026-09-14 02:09:46Z,NYG,in,0.501,Q3 14:55,7.0,13833,Dominic Zvada,K,8.2,2.0,3.83,5.83,5.83,6.09,0.007,1.0,5.83,,0.0,0
2026-09-14 02:09:46Z,DAL,in,0.501,Q3 14:55,-7.0,8110,Jake Ferguson,TE,9.3,1.6,4.63,6.23,5.86,6.24,0.004,1.0,6.23,,0.0,0
2026-09-14 02:09:46Z,NYG,in,0.501,Q3 14:55,7.0,8131,Isaiah Likely,TE,10.7,16.9,5.38,22.28,23.67,22.24,0.007,1.0,22.28,,0.0,0
2026-09-14 02:09:46Z,DAL,in,0.501,Q3 14:55,-7.0,DAL,Dallas Cowboys D/ST,DST,6.5,8.0,-0.54,7.46,11.83,11.24,0.007,1.0,7.46,,0.0,0
2026-09-14 02:09:46Z,DAL,in,0.501,Q3 14:55,-7.0,8137,George Pickens,WR,15.2,3.7,7.66,11.36,10.79,11.28,0.331,1.0,11.36,,0.0,0
2026-09-14 02:09:46Z,NYG,in,0.501,Q3 14:55,7.0,11597,Theo Johnson,TE,4.3,0.0,1.61,1.61,1.88,2.14,0.501,1.0,1.61,,0.0,0
2026-09-14 02:09:46Z,NYG,in,0.501,Q3 14:55,7.0,12508,Jaxson Dart,QB,20.5,13.26,9.05,22.31,23.85,23.48,0.007,1.0,22.31,,0.0,0
2026-09-14 02:09:46Z,NYG,in,0.501,Q3 14:55,7.0,13285,Malachi Fields,WR,6.2,4.5,2.69,7.19,7.76,7.59,0.013,1.0,7.19,,0.0,0
2026-09-14 02:09:46Z,DAL,in,0.501,Q3 14:55,-7.0,8917,KaVontae Turpin,WR,4.3,1.8,2.23,4.03,3.9,3.94,0.032,1.0,4.03,,0.0,0
2026-09-14 02:09:46Z,NYG,in,0.501,Q3 14:55,7.0,11655,Tyrone Tracy,RB,2.4,-0.6,0.81,0.21,0.37,0.6,0.025,1.0,0.21,,0.0,0
2026-09-14 02:09:46Z,NYG,in,0.501,Q3 14:55,7.0,11632,Malik Nabers,WR,16.5,6.2,6.69,12.89,14.17,14.43,0.011,1.0,12.89,,0.0,0
2026-09-14 02:09:46Z,NYG,in,0.501,Q3 14:55,7.0,7090,Darnell Mooney,WR,5.6,2.8,2.33,5.13,5.59,5.59,0.011,1.0,5.13,,0.0,0
2026-09-14 02:09:46Z,NYG,in,0.501,Q3 14:55,7.0,2306,Jameis Winston,QB,0.5,0.0,0.17,0.17,0.22,0.25,0.501,0.3,0.05,,0.0,0
2026-09-14 02:09:46Z,DAL,in,0.501,Q3 14:55,-7.0,11593,Brevyn Spann-Ford,TE,0.5,3.4,0.52,3.92,4.04,3.65,0.288,1.0,3.92,,0.0,0
2026-09-14 02:09:46Z,NYG,in,0.501,Q3 14:55,7.0,2078,Odell Beckham,WR,4.3,0.0,1.61,1.61,1.88,2.14,0.501,1.0,1.61,,0.0,0
2026-09-14 02:09:46Z,NYG,in,0.501,Q3 14:55,7.0,12481,Cam Skattebo,RB,14.1,8.2,6.74,14.94,15.37,15.23,0.0,1.0,14.94,,0.0,0
2026-09-14 02:09:46Z,DAL,in,0.501,Q3 14:55,-7.0,11199,Emari Demercado,RB,1.8,0.4,0.81,1.21,1.23,1.3,0.144,1.0,1.21,,0.0,0
2026-09-14 02:09:46Z,NYG,in,0.501,Q3 14:55,7.0,NYG,New York Giants D/ST,DST,5.2,6.0,0.14,6.14,9.02,8.59,0.015,1.0,6.14,,0.0,0
2026-09-14 02:09:46Z,NYG,in,0.501,Q3 14:55,7.0,7528,Najee Harris,RB,4.2,0.0,1.6,1.6,1.83,2.09,0.501,1.0,1.6,,0.0,0
2026-09-14 02:09:46Z,DAL,in,0.501,Q3 14:55,-7.0,8162,Sam Howell,QB,0.6,0.0,0.29,0.29,0.26,0.3,0.501,0.3,0.09,,0.0,0
2026-09-14 02:09:46Z,DAL,in,0.501,Q3 14:55,-7.0,11783,Ryan Flournoy,WR,7.4,1.5,3.71,5.21,4.91,5.19,0.02,1.0,5.21,,0.0,0
2026-09-14 02:09:46Z,DAL,in,0.501,Q3 14:55,-7.0,10871,Luke Schoonmaker,TE,1.7,2.2,1.0,3.2,3.22,3.05,0.114,1.0,3.2,,0.0,0
2026-09-14 02:09:46Z,DAL,in,0.501,Q3 14:55,-7.0,7588,Javonte Williams,RB,16.9,2.5,7.41,9.91,10.18,10.93,0.023,1.0,9.91,,0.0,0
2026-09-14 02:10:46Z,DAL,in,0.512,Q3 14:16,-7.0,11533,Brandon Aubrey,K,9.6,1.0,4.2,5.2,5.2,5.68,0.108,1.0,5.2,,0.0,0
2026-09-14 02:10:46Z,DAL,in,0.512,Q3 14:16,-7.0,6786,CeeDee Lamb,WR,18.3,9.0,9.41,18.41,17.88,17.93,0.034,1.0,18.41,,0.0,0
2026-09-14 02:10:46Z,DAL,in,0.512,Q3 14:16,-7.0,3294,Dak Prescott,QB,18.5,7.28,9.87,17.15,16.04,16.3,0.015,1.0,17.15,,0.0,0
2026-09-14 02:10:46Z,NYG,in,0.512,Q3 14:16,7.0,13833,Dominic Zvada,K,8.2,2.0,3.73,5.73,5.73,6.0,0.018,1.0,5.73,,0.0,0
2026-09-14 02:10:46Z,DAL,in,0.512,Q3 14:16,-7.0,8110,Jake Ferguson,TE,9.3,1.6,4.55,6.15,5.75,6.14,0.015,1.0,6.15,,0.0,0
2026-09-14 02:10:46Z,NYG,in,0.512,Q3 14:16,7.0,8131,Isaiah Likely,TE,10.7,16.9,5.26,22.16,23.51,22.12,0.018,1.0,22.16,,0.0,0
2026-09-14 02:10:46Z,DAL,in,0.512,Q3 14:16,-7.0,DAL,Dallas Cowboys D/ST,DST,6.5,8.0,-0.53,7.47,11.74,11.17,0.018,1.0,7.47,,0.0,0
2026-09-14 02:10:46Z,DAL,in,0.512,Q3 14:16,-7.0,8137,George Pickens,WR,15.2,3.7,7.52,11.22,10.62,11.11,0.342,1.0,11.22,,0.0,0
2026-09-14 02:10:46Z,NYG,in,0.512,Q3 14:16,7.0,11597,Theo Johnson,TE,4.3,0.0,1.58,1.58,1.83,2.1,0.512,1.0,1.58,,0.0,0
2026-09-14 02:10:46Z,NYG,in,0.512,Q3 14:16,7.0,12508,Jaxson Dart,QB,20.5,13.26,8.85,22.11,23.6,23.26,0.018,1.0,22.11,,0.0,0
2026-09-14 02:10:46Z,NYG,in,0.512,Q3 14:16,7.0,13285,Malachi Fields,WR,6.2,4.5,2.63,7.13,7.69,7.52,0.023,1.0,7.13,,0.0,0
2026-09-14 02:10:46Z,DAL,in,0.512,Q3 14:16,-7.0,8917,KaVontae Turpin,WR,4.3,1.8,2.19,3.99,3.85,3.9,0.043,1.0,3.99,,0.0,0
2026-09-14 02:10:46Z,NYG,in,0.512,Q3 14:16,7.0,11655,Tyrone Tracy,RB,2.4,-0.6,0.79,0.19,0.35,0.57,0.036,1.0,0.19,,0.0,0
2026-09-14 02:10:46Z,NYG,in,0.512,Q3 14:16,7.0,11632,Malik Nabers,WR,16.5,6.2,6.54,12.74,13.97,14.25,0.022,1.0,12.74,,0.0,0
2026-09-14 02:10:46Z,NYG,in,0.512,Q3 14:16,7.0,7090,Darnell Mooney,WR,5.6,2.8,2.28,5.08,5.52,5.53,0.022,1.0,5.08,,0.0,0
2026-09-14 02:10:46Z,NYG,in,0.512,Q3 14:16,7.0,2306,Jameis Winston,QB,0.5,0.0,0.17,0.17,0.21,0.24,0.512,0.3,0.05,,0.0,0
2026-09-14 02:10:46Z,DAL,in,0.512,Q3 14:16,-7.0,11593,Brevyn Spann-Ford,TE,0.5,3.4,0.51,3.91,4.03,3.64,0.299,1.0,3.91,,0.0,0
2026-09-14 02:10:46Z,NYG,in,0.512,Q3 14:16,7.0,2078,Odell Beckham,WR,4.3,0.0,1.58,1.58,1.83,2.1,0.512,1.0,1.58,,0.0,0
2026-09-14 02:10:46Z,NYG,in,0.512,Q3 14:16,7.0,12481,Cam Skattebo,RB,14.1,8.9,6.68,15.58,15.98,15.78,0.0,1.0,15.58,,0.0,0
2026-09-14 02:10:46Z,DAL,in,0.512,Q3 14:16,-7.0,11199,Emari Demercado,RB,1.8,0.4,0.79,1.19,1.21,1.28,0.155,1.0,1.19,,0.0,0
2026-09-14 02:10:46Z,NYG,in,0.512,Q3 14:16,7.0,NYG,New York Giants D/ST,DST,5.2,6.0,0.13,6.13,8.94,8.54,0.026,1.0,6.13,,0.0,0
2026-09-14 02:10:46Z,NYG,in,0.512,Q3 14:16,7.0,7528,Najee Harris,RB,4.2,0.0,1.56,1.56,1.79,2.05,0.512,1.0,1.56,,0.0,0
2026-09-14 02:10:46Z,DAL,in,0.512,Q3 14:16,-7.0,8162,Sam Howell,QB,0.6,0.0,0.29,0.29,0.26,0.29,0.512,0.3,0.09,,0.0,0
2026-09-14 02:10:46Z,DAL,in,0.512,Q3 14:16,-7.0,11783,Ryan Flournoy,WR,7.4,1.5,3.64,5.14,4.83,5.11,0.031,1.0,5.14,,0.0,0
2026-09-14 02:10:46Z,DAL,in,0.512,Q3 14:16,-7.0,10871,Luke Schoonmaker,TE,1.7,2.2,0.98,3.18,3.19,3.03,0.125,1.0,3.18,,0.0,0
2026-09-14 02:10:46Z,DAL,in,0.512,Q3 14:16,-7.0,7588,Javonte Williams,RB,16.9,2.5,7.23,9.73,9.99,10.74,0.034,1.0,9.73,,0.0,0
2026-09-14 02:11:47Z,DAL,in,0.535,Q3 12:53,-7.0,11533,Brandon Aubrey,K,9.6,1.0,3.98,4.98,4.98,5.46,0.131,1.0,4.98,,0.0,0
2026-09-14 02:11:47Z,DAL,in,0.535,Q3 12:53,-7.0,6786,CeeDee Lamb,WR,18.3,9.0,9.03,18.03,17.41,17.5,0.057,1.0,18.03,,0.0,0
2026-09-14 02:11:47Z,DAL,in,0.535,Q3 12:53,-7.0,3294,Dak Prescott,QB,18.5,7.28,9.49,16.77,15.57,15.88,0.038,1.0,16.77,,0.0,0
2026-09-14 02:11:47Z,NYG,in,0.535,Q3 12:53,7.0,13833,Dominic Zvada,K,8.2,2.0,3.53,5.53,5.53,5.81,0.041,1.0,5.53,,0.0,0
2026-09-14 02:11:47Z,DAL,in,0.535,Q3 12:53,-7.0,8110,Jake Ferguson,TE,9.3,1.6,4.37,5.97,5.53,5.92,0.038,1.0,5.97,,0.0,0
2026-09-14 02:11:47Z,NYG,in,0.535,Q3 12:53,7.0,8131,Isaiah Likely,TE,10.7,16.9,5.02,21.92,23.17,21.87,0.041,1.0,21.92,,0.0,0
2026-09-14 02:11:47Z,DAL,in,0.535,Q3 12:53,-7.0,DAL,Dallas Cowboys D/ST,DST,6.5,8.0,-0.52,7.48,11.55,11.02,0.041,1.0,7.48,,0.0,0
2026-09-14 02:11:47Z,DAL,in,0.535,Q3 12:53,-7.0,8137,George Pickens,WR,15.2,3.7,7.22,10.92,10.25,10.76,0.365,1.0,10.92,,0.0,0
2026-09-14 02:11:47Z,NYG,in,0.535,Q3 12:53,7.0,11597,Theo Johnson,TE,4.3,1.9,1.65,3.55,3.85,3.9,0.0,1.0,3.55,,0.0,0
2026-09-14 02:11:47Z,NYG,in,0.535,Q3 12:53,7.0,12508,Jaxson Dart,QB,20.5,13.62,8.49,22.11,23.45,23.15,0.0,1.0,22.11,,0.0,0
2026-09-14 02:11:47Z,NYG,in,0.535,Q3 12:53,7.0,13285,Malachi Fields,WR,6.2,4.5,2.51,7.01,7.52,7.38,0.046,1.0,7.01,,0.0,0
2026-09-14 02:11:47Z,DAL,in,0.535,Q3 12:53,-7.0,8917,KaVontae Turpin,WR,4.3,1.8,2.1,3.9,3.74,3.8,0.066,1.0,3.9,,0.0,0
2026-09-14 02:11:47Z,NYG,in,0.535,Q3 12:53,7.0,11655,Tyrone Tracy,RB,2.4,-0.6,0.75,0.15,0.3,0.52,0.059,1.0,0.15,,0.0,0
2026-09-14 02:11:47Z,NYG,in,0.535,Q3 12:53,7.0,11632,Malik Nabers,WR,16.5,6.2,6.23,12.43,13.56,13.87,0.045,1.0,12.43,,0.0,0
2026-09-14 02:11:47Z,NYG,in,0.535,Q3 12:53,7.0,7090,Darnell Mooney,WR,5.6,2.8,2.17,4.97,5.38,5.4,0.045,1.0,4.97,,0.0,0
2026-09-14 02:11:47Z,NYG,in,0.535,Q3 12:53,7.0,2306,Jameis Winston,QB,0.5,0.0,0.16,0.16,0.2,0.23,0.535,0.3,0.05,,0.0,0
2026-09-14 02:11:47Z,DAL,in,0.535,Q3 12:53,-7.0,11593,Brevyn Spann-Ford,TE,0.5,3.4,0.49,3.89,4.0,3.63,0.322,1.0,3.89,,0.0,0
2026-09-14 02:11:47Z,NYG,in,0.535,Q3 12:53,7.0,2078,Odell Beckham,WR,4.3,0.0,1.5,1.5,1.73,2.0,0.535,1.0,1.5,,0.0,0
2026-09-14 02:11:47Z,NYG,in,0.535,Q3 12:53,7.0,12481,Cam Skattebo,RB,14.1,9.6,6.42,16.02,16.39,16.15,0.0,1.0,16.02,,0.0,0
2026-09-14 02:11:47Z,DAL,in,0.535,Q3 12:53,-7.0,11199,Emari Demercado,RB,1.8,0.4,0.75,1.15,1.17,1.24,0.178,1.0,1.15,,0.0,0
2026-09-14 02:11:47Z,NYG,in,0.535,Q3 12:53,7.0,NYG,New York Giants D/ST,DST,5.2,6.0,0.12,6.12,8.79,8.42,0.049,1.0,6.12,,0.0,0
2026-09-14 02:11:47Z,NYG,in,0.535,Q3 12:53,7.0,7528,Najee Harris,RB,4.2,0.0,1.47,1.47,1.69,1.95,0.535,1.0,1.47,,0.0,0
2026-09-14 02:11:47Z,DAL,in,0.535,Q3 12:53,-7.0,8162,Sam Howell,QB,0.6,0.0,0.27,0.27,0.24,0.28,0.535,0.3,0.08,,0.0,0
2026-09-14 02:11:47Z,DAL,in,0.535,Q3 12:53,-7.0,11783,Ryan Flournoy,WR,7.4,1.5,3.49,4.99,4.65,4.94,0.054,1.0,4.99,,0.0,0
2026-09-14 02:11:47Z,DAL,in,0.535,Q3 12:53,-7.0,10871,Luke Schoonmaker,TE,1.7,2.2,0.94,3.14,3.14,2.99,0.148,1.0,3.14,,0.0,0
2026-09-14 02:11:47Z,DAL,in,0.535,Q3 12:53,-7.0,7588,Javonte Williams,RB,16.9,2.5,6.84,9.34,9.59,10.35,0.057,1.0,9.34,,0.0,0
2026-09-14 02:12:47Z,DAL,in,0.548,Q3 12:08,-7.0,11533,Brandon Aubrey,K,9.6,1.0,3.86,4.86,4.86,5.34,0.143,1.0,4.86,,0.0,0
2026-09-14 02:12:47Z,DAL,in,0.548,Q3 12:08,-7.0,6786,CeeDee Lamb,WR,18.3,9.0,8.82,17.82,17.16,17.28,0.069,1.0,17.82,,0.0,0
2026-09-14 02:12:47Z,DAL,in,0.548,Q3 12:08,-7.0,3294,Dak Prescott,QB,18.5,7.28,9.28,16.56,15.32,15.65,0.05,1.0,16.56,,0.0,0
2026-09-14 02:12:47Z,NYG,in,0.548,Q3 12:08,7.0,13833,Dominic Zvada,K,8.2,2.0,3.43,5.43,5.43,5.71,0.053,1.0,5.43,,0.0,0
2026-09-14 02:12:47Z,DAL,in,0.548,Q3 12:08,-7.0,8110,Jake Ferguson,TE,9.3,1.6,4.26,5.86,5.41,5.81,0.05,1.0,5.86,,0.0,0
2026-09-14 02:12:47Z,NYG,in,0.548,Q3 12:08,7.0,8131,Isaiah Likely,TE,10.7,16.9,4.88,21.78,22.99,21.74,0.053,1.0,21.78,,0.0,0
2026-09-14 02:12:47Z,DAL,in,0.548,Q3 12:08,-7.0,DAL,Dallas Cowboys D/ST,DST,6.5,8.0,-0.51,7.49,11.44,10.94,0.053,1.0,7.49,,0.0,0
2026-09-14 02:12:47Z,DAL,in,0.548,Q3 12:08,-7.0,8137,George Pickens,WR,15.2,3.7,7.05,10.75,10.05,10.57,0.378,1.0,10.75,,0.0,0
2026-09-14 02:12:47Z,NYG,in,0.548,Q3 12:08,7.0,11597,Theo Johnson,TE,4.3,1.9,1.6,3.5,3.79,3.84,0.013,1.0,3.5,,0.0,0
2026-09-14 02:12:47Z,NYG,in,0.548,Q3 12:08,7.0,12508,Jaxson Dart,QB,20.5,13.62,8.26,21.88,23.16,22.89,0.013,1.0,21.88,,0.0,0
2026-09-14 02:12:47Z,NYG,in,0.548,Q3 12:08,7.0,13285,Malachi Fields,WR,6.2,4.5,2.44,6.94,7.43,7.3,0.059,1.0,6.94,,0.0,0
2026-09-14 02:12:47Z,DAL,in,0.548,Q3 12:08,-7.0,8917,KaVontae Turpin,WR,4.3,1.8,2.05,3.85,3.68,3.74,0.078,1.0,3.85,,0.0,0
2026-09-14 02:12:47Z,NYG,in,0.548,Q3 12:08,7.0,11655,Tyrone Tracy,RB,2.4,-0.6,0.72,0.12,0.27,0.49,0.071,1.0,0.12,,0.0,0
2026-09-14 02:12:47Z,NYG,in,0.548,Q3 12:08,7.0,11632,Malik Nabers,WR,16.5,6.2,6.06,12.26,13.34,13.66,0.058,1.0,12.26,,0.0,0
2026-09-14 02:12:47Z,NYG,in,0.548,Q3 12:08,7.0,7090,Darnell Mooney,WR,5.6,2.8,2.11,4.91,5.3,5.33,0.058,1.0,4.91,,0.0,0
2026-09-14 02:12:47Z,NYG,in,0.548,Q3 12:08,7.0,2306,Jameis Winston,QB,0.5,0.0,0.16,0.16,0.2,0.23,0.548,0.3,0.05,,0.0,0
2026-09-14 02:12:47Z,DAL,in,0.548,Q3 12:08,-7.0,11593,Brevyn Spann-Ford,TE,0.5,3.4,0.47,3.87,3.98,3.63,0.334,1.0,3.87,,0.0,0
2026-09-14 02:12:47Z,NYG,in,0.548,Q3 12:08,7.0,2078,Odell Beckham,WR,4.3,0.0,1.46,1.46,1.68,1.94,0.548,1.0,1.46,,0.0,0
2026-09-14 02:12:47Z,NYG,in,0.548,Q3 12:08,7.0,12481,Cam Skattebo,RB,14.1,9.6,6.21,15.81,16.19,15.98,0.013,1.0,15.81,,0.0,0
2026-09-14 02:12:47Z,DAL,in,0.548,Q3 12:08,-7.0,11199,Emari Demercado,RB,1.8,0.4,0.73,1.13,1.15,1.21,0.19,1.0,1.13,,0.0,0
2026-09-14 02:12:47Z,NYG,in,0.548,Q3 12:08,7.0,NYG,New York Giants D/ST,DST,5.2,6.0,0.12,6.12,8.71,8.35,0.061,1.0,6.12,,0.0,0
2026-09-14 02:12:47Z,NYG,in,0.548,Q3 12:08,7.0,7528,Najee Harris,RB,4.2,0.0,1.42,1.42,1.64,1.9,0.548,1.0,1.42,,0.0,0
2026-09-14 02:12:47Z,DAL,in,0.548,Q3 12:08,-7.0,8162,Sam Howell,QB,0.6,0.0,0.27,0.27,0.23,0.27,0.548,0.3,0.08,,0.0,0
2026-09-14 02:12:47Z,DAL,in,0.548,Q3 12:08,-7.0,11783,Ryan Flournoy,WR,7.4,1.5,3.41,4.91,4.56,4.85,0.066,1.0,4.91,,0.0,0
2026-09-14 02:12:47Z,DAL,in,0.548,Q3 12:08,-7.0,10871,Luke Schoonmaker,TE,1.7,2.2,0.92,3.12,3.11,2.97,0.16,1.0,3.12,,0.0,0
2026-09-14 02:12:47Z,DAL,in,0.548,Q3 12:08,-7.0,7588,Javonte Williams,RB,16.9,2.5,6.62,9.12,9.38,10.14,0.069,1.0,9.12,,0.0,0
2026-09-14 02:13:47Z,DAL,in,0.573,Q3 10:37,-7.0,11533,Brandon Aubrey,K,9.6,1.0,3.62,4.62,4.62,5.1,0.169,1.0,4.62,,0.0,0
2026-09-14 02:13:47Z,DAL,in,0.573,Q3 10:37,-7.0,6786,CeeDee Lamb,WR,18.3,9.0,8.39,17.39,16.65,16.81,0.095,1.0,17.39,,0.0,0
2026-09-14 02:13:47Z,DAL,in,0.573,Q3 10:37,-7.0,3294,Dak Prescott,QB,18.5,7.28,8.85,16.13,14.82,15.18,0.076,1.0,16.13,,0.0,0
2026-09-14 02:13:47Z,NYG,in,0.573,Q3 10:37,7.0,13833,Dominic Zvada,K,8.2,2.0,3.21,5.21,5.21,5.5,0.079,1.0,5.21,,0.0,0
2026-09-14 02:13:47Z,DAL,in,0.573,Q3 10:37,-7.0,8110,Jake Ferguson,TE,9.3,1.6,4.06,5.66,5.17,5.57,0.076,1.0,5.66,,0.0,0
2026-09-14 02:13:47Z,NYG,in,0.573,Q3 10:37,7.0,8131,Isaiah Likely,TE,10.7,16.9,4.61,21.51,22.62,21.47,0.079,1.0,21.51,,0.0,0
2026-09-14 02:13:47Z,DAL,in,0.573,Q3 10:37,-7.0,DAL,Dallas Cowboys D/ST,DST,6.5,8.0,-0.5,7.5,11.23,10.78,0.079,1.0,7.5,,0.0,0
2026-09-14 02:13:47Z,DAL,in,0.573,Q3 10:37,-7.0,8137,George Pickens,WR,15.2,3.7,6.71,10.41,9.65,10.19,0.403,1.0,10.41,,0.0,0
2026-09-14 02:13:47Z,NYG,in,0.573,Q3 10:37,7.0,11597,Theo Johnson,TE,4.3,1.9,1.51,3.41,3.68,3.74,0.038,1.0,3.41,,0.0,0
2026-09-14 02:13:47Z,NYG,in,0.573,Q3 10:37,7.0,12508,Jaxson Dart,QB,20.5,14.26,7.88,22.14,23.28,23.01,0.0,1.0,22.14,,0.0,0
2026-09-14 02:13:47Z,NYG,in,0.573,Q3 10:37,7.0,13285,Malachi Fields,WR,6.2,4.5,2.3,6.8,7.25,7.15,0.084,1.0,6.8,,0.0,0
2026-09-14 02:13:47Z,DAL,in,0.573,Q3 10:37,-7.0,8917,KaVontae Turpin,WR,4.3,1.8,1.95,3.75,3.56,3.64,0.104,1.0,3.75,,0.0,0
2026-09-14 02:13:47Z,NYG,in,0.573,Q3 10:37,7.0,11655,Tyrone Tracy,RB,2.4,-0.6,0.68,0.08,0.21,0.42,0.096,1.0,0.08,,0.0,0
2026-09-14 02:13:47Z,NYG,in,0.573,Q3 10:37,7.0,11632,Malik Nabers,WR,16.5,8.8,5.9,14.7,15.77,15.84,0.0,1.0,14.7,,0.0,0
2026-09-14 02:13:47Z,NYG,in,0.573,Q3 10:37,7.0,7090,Darnell Mooney,WR,5.6,2.8,1.99,4.79,5.15,5.19,0.083,1.0,4.79,,0.0,0
2026-09-14 02:13:47Z,NYG,in,0.573,Q3 10:37,7.0,2306,Jameis Winston,QB,0.5,0.0,0.15,0.15,0.18,0.21,0.573,0.3,0.04,,0.0,0
2026-09-14 02:13:47Z,DAL,in,0.573,Q3 10:37,-7.0,11593,Brevyn Spann-Ford,TE,0.5,3.4,0.45,3.85,3.95,3.61,0.359,1.0,3.85,,0.0,0
2026-09-14 02:13:47Z,NYG,in,0.573,Q3 10:37,7.0,2078,Odell Beckham,WR,4.3,0.0,1.38,1.38,1.57,1.84,0.573,1.0,1.38,,0.0,0
2026-09-14 02:13:47Z,NYG,in,0.573,Q3 10:37,7.0,12481,Cam Skattebo,RB,14.1,9.6,5.81,15.41,15.78,15.62,0.038,1.0,15.41,,0.0,0
2026-09-14 02:13:47Z,DAL,in,0.573,Q3 10:37,-7.0,11199,Emari Demercado,RB,1.8,0.4,0.68,1.08,1.1,1.17,0.216,0.977,1.06,,0.0,0
2026-09-14 02:13:47Z,NYG,in,0.573,Q3 10:37,7.0,NYG,New York Giants D/ST,DST,5.2,6.0,0.1,6.1,8.54,8.22,0.087,1.0,6.1,,0.0,0
2026-09-14 02:13:47Z,NYG,in,0.573,Q3 10:37,7.0,7528,Najee Harris,RB,4.2,0.0,1.33,1.33,1.54,1.79,0.573,1.0,1.33,,0.0,0
2026-09-14 02:13:47Z,DAL,in,0.573,Q3 10:37,-7.0,8162,Sam Howell,QB,0.6,0.0,0.26,0.26,0.22,0.26,0.573,0.3,0.08,,0.0,0
2026-09-14 02:13:47Z,DAL,in,0.573,Q3 10:37,-7.0,11783,Ryan Flournoy,WR,7.4,1.5,3.24,4.74,4.37,4.66,0.092,1.0,4.74,,0.0,0
2026-09-14 02:13:47Z,DAL,in,0.573,Q3 10:37,-7.0,10871,Luke Schoonmaker,TE,1.7,2.2,0.88,3.08,3.06,2.93,0.186,1.0,3.08,,0.0,0
2026-09-14 02:13:47Z,DAL,in,0.573,Q3 10:37,-7.0,7588,Javonte Williams,RB,16.9,2.5,6.2,8.7,8.95,9.72,0.095,1.0,8.7,,0.0,0
2026-09-14 02:14:48Z,DAL,in,0.585,Q3 9:55,-7.0,11533,Brandon Aubrey,K,9.6,1.0,3.51,4.51,4.51,4.99,0.18,1.0,4.51,,0.0,0
2026-09-14 02:14:48Z,DAL,in,0.585,Q3 9:55,-7.0,6786,CeeDee Lamb,WR,18.3,9.0,8.19,17.19,16.42,16.6,0.106,1.0,17.19,,0.0,0
2026-09-14 02:14:48Z,DAL,in,0.585,Q3 9:55,-7.0,3294,Dak Prescott,QB,18.5,7.28,8.65,15.93,14.6,14.96,0.087,1.0,15.93,,0.0,0
2026-09-14 02:14:48Z,NYG,in,0.585,Q3 9:55,7.0,13833,Dominic Zvada,K,8.2,2.0,3.12,5.12,5.12,5.41,0.09,1.0,5.12,,0.0,0
2026-09-14 02:14:48Z,DAL,in,0.585,Q3 9:55,-7.0,8110,Jake Ferguson,TE,9.3,1.6,3.96,5.56,5.06,5.46,0.087,1.0,5.56,,0.0,0
2026-09-14 02:14:48Z,NYG,in,0.585,Q3 9:55,7.0,8131,Isaiah Likely,TE,10.7,16.9,4.49,21.39,22.45,21.34,0.09,1.0,21.39,,0.0,0
2026-09-14 02:14:48Z,DAL,in,0.585,Q3 9:55,-7.0,DAL,Dallas Cowboys D/ST,DST,6.5,8.0,-0.49,7.51,11.14,10.7,0.09,1.0,7.51,,0.0,0
2026-09-14 02:14:48Z,DAL,in,0.585,Q3 9:55,-7.0,8137,George Pickens,WR,15.2,3.7,6.55,10.25,9.47,10.01,0.415,1.0,10.25,,0.0,0
2026-09-14 02:14:48Z,NYG,in,0.585,Q3 9:55,7.0,11597,Theo Johnson,TE,4.3,1.9,1.47,3.37,3.62,3.69,0.049,1.0,3.37,,0.0,0
2026-09-14 02:14:48Z,NYG,in,0.585,Q3 9:55,7.0,12508,Jaxson Dart,QB,20.5,14.58,7.71,22.29,23.36,23.09,0.0,1.0,22.29,,0.0,0
2026-09-14 02:14:48Z,NYG,in,0.585,Q3 9:55,7.0,13285,Malachi Fields,WR,6.2,4.5,2.24,6.74,7.17,7.07,0.096,1.0,6.74,,0.0,0
2026-09-14 02:14:48Z,DAL,in,0.585,Q3 9:55,-7.0,8917,KaVontae Turpin,WR,4.3,1.8,1.9,3.7,3.51,3.59,0.115,1.0,3.7,,0.0,0
2026-09-14 02:14:48Z,NYG,in,0.585,Q3 9:55,7.0,11655,Tyrone Tracy,RB,2.4,-0.6,0.65,0.05,0.19,0.4,0.108,1.0,0.05,,0.0,0
2026-09-14 02:14:48Z,NYG,in,0.585,Q3 9:55,7.0,11632,Malik Nabers,WR,16.5,8.8,5.74,14.54,15.56,15.65,0.012,1.0,14.54,,0.0,0
2026-09-14 02:14:48Z,NYG,in,0.585,Q3 9:55,7.0,7090,Darnell Mooney,WR,5.6,4.6,2.06,6.66,7.06,6.93,0.0,1.0,6.66,,0.0,0
2026-09-14 02:14:48Z,NYG,in,0.585,Q3 9:55,7.0,2306,Jameis Winston,QB,0.5,0.0,0.14,0.14,0.18,0.21,0.585,0.3,0.04,,0.0,0
2026-09-14 02:14:48Z,DAL,in,0.585,Q3 9:55,-7.0,11593,Brevyn Spann-Ford,TE,0.5,3.4,0.44,3.84,3.93,3.61,0.371,1.0,3.84,,0.0,0
2026-09-14 02:14:48Z,NYG,in,0.585,Q3 9:55,7.0,2078,Odell Beckham,WR,4.3,0.0,1.34,1.34,1.52,1.79,0.585,1.0,1.34,,0.0,0
2026-09-14 02:14:48Z,NYG,in,0.585,Q3 9:55,7.0,12481,Cam Skattebo,RB,14.1,9.6,5.63,15.23,15.6,15.46,0.049,1.0,15.23,,0.0,0
2026-09-14 02:14:48Z,DAL,in,0.585,Q3 9:55,-7.0,11199,Emari Demercado,RB,1.8,0.4,0.66,1.06,1.08,1.15,0.227,0.959,1.03,,0.0,0
2026-09-14 02:14:48Z,NYG,in,0.585,Q3 9:55,7.0,NYG,New York Giants D/ST,DST,5.2,6.0,0.1,6.1,8.47,8.16,0.098,1.0,6.1,,0.0,0
2026-09-14 02:14:48Z,NYG,in,0.585,Q3 9:55,7.0,7528,Najee Harris,RB,4.2,0.0,1.29,1.29,1.49,1.74,0.585,1.0,1.29,,0.0,0
2026-09-14 02:14:48Z,DAL,in,0.585,Q3 9:55,-7.0,8162,Sam Howell,QB,0.6,0.0,0.25,0.25,0.21,0.25,0.585,0.3,0.07,,0.0,0
2026-09-14 02:14:48Z,DAL,in,0.585,Q3 9:55,-7.0,11783,Ryan Flournoy,WR,7.4,1.5,3.17,4.67,4.28,4.57,0.103,1.0,4.67,,0.0,0
2026-09-14 02:14:48Z,DAL,in,0.585,Q3 9:55,-7.0,10871,Luke Schoonmaker,TE,1.7,2.2,0.85,3.05,3.03,2.91,0.197,1.0,3.05,,0.0,0
2026-09-14 02:14:48Z,DAL,in,0.585,Q3 9:55,-7.0,7588,Javonte Williams,RB,16.9,2.5,6.01,8.51,8.75,9.52,0.106,1.0,8.51,,0.0,0
2026-09-14 02:15:48Z,DAL,in,0.596,Q3 9:14,-7.0,11533,Brandon Aubrey,K,9.6,1.0,3.4,4.4,4.4,4.88,0.192,1.0,4.4,,0.0,0
2026-09-14 02:15:48Z,DAL,in,0.596,Q3 9:14,-7.0,6786,CeeDee Lamb,WR,18.3,9.0,8.0,17.0,16.2,16.39,0.118,1.0,17.0,,0.0,0
2026-09-14 02:15:48Z,DAL,in,0.596,Q3 9:14,-7.0,3294,Dak Prescott,QB,18.5,7.28,8.45,15.73,14.37,14.75,0.099,1.0,15.73,,0.0,0
2026-09-14 02:15:48Z,NYG,in,0.596,Q3 9:14,7.0,13833,Dominic Zvada,K,8.2,2.0,3.02,5.02,5.02,5.31,0.102,1.0,5.02,,0.0,0
2026-09-14 02:15:48Z,DAL,in,0.596,Q3 9:14,-7.0,8110,Jake Ferguson,TE,9.3,1.6,3.87,5.47,4.96,5.36,0.099,1.0,5.47,,0.0,0
2026-09-14 02:15:48Z,NYG,in,0.596,Q3 9:14,7.0,8131,Isaiah Likely,TE,10.7,16.9,4.36,21.26,22.28,21.22,0.102,1.0,21.26,,0.0,0
2026-09-14 02:15:48Z,DAL,in,0.596,Q3 9:14,-7.0,DAL,Dallas Cowboys D/ST,DST,6.5,8.0,-0.48,7.52,11.04,10.63,0.102,1.0,7.52,,0.0,0
2026-09-14 02:15:48Z,DAL,in,0.596,Q3 9:14,-7.0,8137,George Pickens,WR,15.2,3.7,6.39,10.09,9.3,9.84,0.426,1.0,10.09,,0.0,0
2026-09-14 02:15:48Z,NYG,in,0.596,Q3 9:14,7.0,11597,Theo Johnson,TE,4.3,1.9,1.43,3.33,3.57,3.64,0.061,1.0,3.33,,0.0,0
2026-09-14 02:15:48Z,NYG,in,0.596,Q3 9:14,7.0,12508,Jaxson Dart,QB,20.5,14.62,7.5,22.12,23.14,22.9,0.0,1.0,22.12,,0.0,0
2026-09-14 02:15:48Z,NYG,in,0.596,Q3 9:14,7.0,13285,Malachi Fields,WR,6.2,4.5,2.18,6.68,7.09,7.0,0.107,1.0,6.68,,0.0,0
2026-09-14 02:15:48Z,DAL,in,0.596,Q3 9:14,-7.0,8917,KaVontae Turpin,WR,4.3,1.8,1.86,3.66,3.46,3.54,0.127,1.0,3.66,,0.0,0
2026-09-14 02:15:48Z,NYG,in,0.596,Q3 9:14,7.0,11655,Tyrone Tracy,RB,2.4,-0.6,0.63,0.03,0.16,0.37,0.119,1.0,0.03,,0.0,0
2026-09-14 02:15:48Z,NYG,in,0.596,Q3 9:14,7.0,11632,Malik Nabers,WR,16.5,8.8,5.58,14.38,15.36,15.46,0.023,1.0,14.38,,0.0,0
2026-09-14 02:15:48Z,NYG,in,0.596,Q3 9:14,7.0,7090,Darnell Mooney,WR,5.6,4.7,2.01,6.71,7.1,6.96,0.0,1.0,6.71,,0.0,0
2026-09-14 02:15:48Z,NYG,in,0.596,Q3 9:14,7.0,2306,Jameis Winston,QB,0.5,0.0,0.14,0.14,0.17,0.2,0.596,0.3,0.04,,0.0,0
2026-09-14 02:15:48Z,DAL,in,0.596,Q3 9:14,-7.0,11593,Brevyn Spann-Ford,TE,0.5,3.4,0.43,3.83,3.92,3.6,0.383,1.0,3.83,,0.0,0
2026-09-14 02:15:48Z,NYG,in,0.596,Q3 9:14,7.0,2078,Odell Beckham,WR,4.3,0.0,1.3,1.3,1.48,1.74,0.596,1.0,1.3,,0.0,0
2026-09-14 02:15:48Z,NYG,in,0.596,Q3 9:14,7.0,12481,Cam Skattebo,RB,14.1,9.6,5.45,15.05,15.42,15.29,0.061,1.0,15.05,,0.0,0
2026-09-14 02:15:48Z,DAL,in,0.596,Q3 9:14,-7.0,11199,Emari Demercado,RB,1.8,0.4,0.64,1.04,1.06,1.13,0.239,0.942,1.0,,0.0,0
2026-09-14 02:15:48Z,NYG,in,0.596,Q3 9:14,7.0,NYG,New York Giants D/ST,DST,5.2,6.0,0.09,6.09,8.39,8.1,0.11,1.0,6.09,,0.0,0
2026-09-14 02:15:48Z,NYG,in,0.596,Q3 9:14,7.0,7528,Najee Harris,RB,4.2,0.0,1.24,1.24,1.44,1.7,0.596,1.0,1.24,,0.0,0
2026-09-14 02:15:48Z,DAL,in,0.596,Q3 9:14,-7.0,8162,Sam Howell,QB,0.6,0.0,0.24,0.24,0.21,0.24,0.596,0.3,0.07,,0.0,0
2026-09-14 02:15:48Z,DAL,in,0.596,Q3 9:14,-7.0,11783,Ryan Flournoy,WR,7.4,1.5,3.09,4.59,4.19,4.49,0.115,1.0,4.59,,0.0,0
2026-09-14 02:15:48Z,DAL,in,0.596,Q3 9:14,-7.0,10871,Luke Schoonmaker,TE,1.7,2.2,0.83,3.03,3.01,2.89,0.209,1.0,3.03,,0.0,0
2026-09-14 02:15:48Z,DAL,in,0.596,Q3 9:14,-7.0,7588,Javonte Williams,RB,16.9,2.5,5.82,8.32,8.56,9.33,0.118,1.0,8.32,,0.0,0
2026-09-14 02:16:49Z,DAL,in,0.609,Q3 8:28,-7.0,11533,Brandon Aubrey,K,9.6,1.0,3.28,4.28,4.28,4.75,0.204,1.0,4.28,,0.0,0
2026-09-14 02:16:49Z,DAL,in,0.609,Q3 8:28,-7.0,6786,CeeDee Lamb,WR,18.3,9.0,7.79,16.79,15.95,16.16,0.131,1.0,16.79,,0.0,0
2026-09-14 02:16:49Z,DAL,in,0.609,Q3 8:28,-7.0,3294,Dak Prescott,QB,18.5,7.28,8.22,15.5,14.13,14.52,0.111,1.0,15.5,,0.0,0
2026-09-14 02:16:49Z,NYG,in,0.609,Q3 8:28,7.0,13833,Dominic Zvada,K,8.2,2.0,2.91,4.91,4.91,5.21,0.114,1.0,4.91,,0.0,0
2026-09-14 02:16:49Z,DAL,in,0.609,Q3 8:28,-7.0,8110,Jake Ferguson,TE,9.3,1.6,3.76,5.36,4.84,5.24,0.111,1.0,5.36,,0.0,0
2026-09-14 02:16:49Z,NYG,in,0.609,Q3 8:28,7.0,8131,Isaiah Likely,TE,10.7,16.9,4.23,21.13,22.1,21.08,0.114,1.0,21.13,,0.0,0
2026-09-14 02:16:49Z,DAL,in,0.609,Q3 8:28,-7.0,DAL,Dallas Cowboys D/ST,DST,6.5,8.0,-0.45,7.55,10.94,10.54,0.114,1.0,7.55,,0.0,0
2026-09-14 02:16:49Z,DAL,in,0.609,Q3 8:28,-7.0,8137,George Pickens,WR,15.2,3.7,6.22,9.92,9.1,9.64,0.439,1.0,9.92,,0.0,0
2026-09-14 02:16:49Z,NYG,in,0.609,Q3 8:28,7.0,11597,Theo Johnson,TE,4.3,1.9,1.38,3.28,3.51,3.58,0.074,1.0,3.28,,0.0,0
2026-09-14 02:16:49Z,NYG,in,0.609,Q3 8:28,7.0,12508,Jaxson Dart,QB,20.5,14.62,7.25,21.87,22.85,22.64,0.013,1.0,21.87,,0.0,0
2026-09-14 02:16:49Z,NYG,in,0.609,Q3 8:28,7.0,13285,Malachi Fields,WR,6.2,4.5,2.11,6.61,7.0,6.92,0.12,1.0,6.61,,0.0,0
2026-09-14 02:16:49Z,DAL,in,0.609,Q3 8:28,-7.0,8917,KaVontae Turpin,WR,4.3,1.8,1.81,3.61,3.4,3.48,0.139,1.0,3.61,,0.0,0
2026-09-14 02:16:49Z,NYG,in,0.609,Q3 8:28,7.0,11655,Tyrone Tracy,RB,2.4,-0.6,0.61,0.01,0.14,0.34,0.132,1.0,0.01,,0.0,0
2026-09-14 02:16:49Z,NYG,in,0.609,Q3 8:28,7.0,11632,Malik Nabers,WR,16.5,8.8,5.4,14.2,15.13,15.25,0.036,1.0,14.2,,0.0,0
2026-09-14 02:16:49Z,NYG,in,0.609,Q3 8:28,7.0,7090,Darnell Mooney,WR,5.6,4.7,1.95,6.65,7.02,6.89,0.013,1.0,6.65,,0.0,0
2026-09-14 02:16:49Z,NYG,in,0.609,Q3 8:28,7.0,2306,Jameis Winston,QB,0.5,0.0,0.13,0.13,0.17,0.2,0.609,0.3,0.04,,0.0,0
2026-09-14 02:16:49Z,DAL,in,0.609,Q3 8:28,-7.0,11593,Brevyn Spann-Ford,TE,0.5,3.4,0.42,3.82,3.9,3.6,0.395,1.0,3.82,,0.0,0
2026-09-14 02:16:49Z,NYG,in,0.609,Q3 8:28,7.0,2078,Odell Beckham,WR,4.3,0.0,1.26,1.26,1.43,1.68,0.609,1.0,1.26,,0.0,0
2026-09-14 02:16:49Z,NYG,in,0.609,Q3 8:28,7.0,12481,Cam Skattebo,RB,14.1,9.7,5.27,14.97,15.32,15.21,0.0,1.0,14.97,,0.0,0
2026-09-14 02:16:49Z,DAL,in,0.609,Q3 8:28,-7.0,11199,Emari Demercado,RB,1.8,0.4,0.62,1.02,1.04,1.1,0.251,0.923,0.97,,0.0,0
2026-09-14 02:16:49Z,NYG,in,0.609,Q3 8:28,7.0,NYG,New York Giants D/ST,DST,5.2,6.0,0.1,6.1,8.31,8.03,0.123,1.0,6.1,,0.0,0
2026-09-14 02:16:49Z,NYG,in,0.609,Q3 8:28,7.0,7528,Najee Harris,RB,4.2,0.0,1.2,1.2,1.39,1.64,0.609,1.0,1.2,,0.0,0
2026-09-14 02:16:49Z,DAL,in,0.609,Q3 8:28,-7.0,8162,Sam Howell,QB,0.6,0.0,0.24,0.24,0.2,0.23,0.609,0.3,0.07,,0.0,0
2026-09-14 02:16:49Z,DAL,in,0.609,Q3 8:28,-7.0,11783,Ryan Flournoy,WR,7.4,1.5,3.01,4.51,4.1,4.39,0.128,1.0,4.51,,0.0,0
2026-09-14 02:16:49Z,DAL,in,0.609,Q3 8:28,-7.0,10871,Luke Schoonmaker,TE,1.7,2.2,0.81,3.01,2.98,2.86,0.221,1.0,3.01,,0.0,0
2026-09-14 02:16:49Z,DAL,in,0.609,Q3 8:28,-7.0,7588,Javonte Williams,RB,16.9,2.5,5.63,8.13,8.35,9.11,0.131,1.0,8.13,,0.0,0
2026-09-14 02:17:49Z,DAL,in,0.621,Q3 7:44,-7.0,11533,Brandon Aubrey,K,9.6,1.0,3.17,4.17,4.17,4.64,0.217,1.0,4.17,,0.0,0
2026-09-14 02:17:49Z,DAL,in,0.621,Q3 7:44,-7.0,6786,CeeDee Lamb,WR,18.3,9.0,7.59,16.59,15.71,15.93,0.143,1.0,16.59,,0.0,0
2026-09-14 02:17:49Z,DAL,in,0.621,Q3 7:44,-7.0,3294,Dak Prescott,QB,18.5,7.28,8.0,15.28,13.89,14.29,0.124,1.0,15.28,,0.0,0
2026-09-14 02:17:49Z,NYG,in,0.621,Q3 7:44,7.0,13833,Dominic Zvada,K,8.2,2.0,2.81,4.81,4.81,5.11,0.127,1.0,4.81,,0.0,0
2026-09-14 02:17:49Z,DAL,in,0.621,Q3 7:44,-7.0,8110,Jake Ferguson,TE,9.3,1.6,3.67,5.27,4.73,5.12,0.124,1.0,5.27,,0.0,0
2026-09-14 02:17:49Z,NYG,in,0.621,Q3 7:44,7.0,8131,Isaiah Likely,TE,10.7,16.9,4.11,21.01,21.93,20.95,0.127,1.0,21.01,,0.0,0
2026-09-14 02:17:49Z,DAL,in,0.621,Q3 7:44,-7.0,DAL,Dallas Cowboys D/ST,DST,6.5,8.0,-0.41,7.59,10.84,10.46,0.127,1.0,7.59,,0.0,0
2026-09-14 02:17:49Z,DAL,in,0.621,Q3 7:44,-7.0,8137,George Pickens,WR,15.2,3.7,6.06,9.76,8.92,9.46,0.451,1.0,9.76,,0.0,0
2026-09-14 02:17:49Z,NYG,in,0.621,Q3 7:44,7.0,11597,Theo Johnson,TE,4.3,1.9,1.34,3.24,3.46,3.53,0.086,1.0,3.24,,0.0,0
2026-09-14 02:17:49Z,NYG,in,0.621,Q3 7:44,7.0,12508,Jaxson Dart,QB,20.5,15.14,7.08,22.22,23.14,22.91,0.0,1.0,22.22,,0.0,0
2026-09-14 02:17:49Z,NYG,in,0.621,Q3 7:44,7.0,13285,Malachi Fields,WR,6.2,4.5,2.04,6.54,6.91,6.85,0.132,1.0,6.54,,0.0,0
2026-09-14 02:17:49Z,DAL,in,0.621,Q3 7:44,-7.0,8917,KaVontae Turpin,WR,4.3,1.8,1.76,3.56,3.35,3.43,0.152,1.0,3.56,,0.0,0
2026-09-14 02:17:49Z,NYG,in,0.621,Q3 7:44,7.0,11655,Tyrone Tracy,RB,2.4,-0.6,0.59,-0.01,0.11,0.31,0.144,1.0,-0.01,,0.0,0
2026-09-14 02:17:49Z,NYG,in,0.621,Q3 7:44,7.0,11632,Malik Nabers,WR,16.5,11.1,5.38,16.48,17.43,17.35,0.0,1.0,16.48,,0.0,0
2026-09-14 02:17:49Z,NYG,in,0.621,Q3 7:44,7.0,7090,Darnell Mooney,WR,5.6,4.7,1.89,6.59,6.94,6.82,0.025,1.0,6.59,,0.0,0
2026-09-14 02:17:49Z,NYG,in,0.621,Q3 7:44,7.0,2306,Jameis Winston,QB,0.5,0.0,0.13,0.13,0.16,0.19,0.621,0.3,0.04,,0.0,0
2026-09-14 02:17:49Z,DAL,in,0.621,Q3 7:44,-7.0,11593,Brevyn Spann-Ford,TE,0.5,3.4,0.41,3.81,3.88,3.59,0.407,1.0,3.81,,0.0,0
2026-09-14 02:17:49Z,NYG,in,0.621,Q3 7:44,7.0,2078,Odell Beckham,WR,4.3,0.0,1.22,1.22,1.38,1.63,0.621,1.0,1.22,,0.0,0
2026-09-14 02:17:49Z,NYG,in,0.621,Q3 7:44,7.0,12481,Cam Skattebo,RB,14.1,9.7,5.09,14.79,15.13,15.04,0.012,1.0,14.79,,0.0,0
2026-09-14 02:17:49Z,DAL,in,0.621,Q3 7:44,-7.0,11199,Emari Demercado,RB,1.8,0.4,0.6,1.0,1.01,1.08,0.264,0.905,0.94,,0.0,0
2026-09-14 02:17:49Z,NYG,in,0.621,Q3 7:44,7.0,NYG,New York Giants D/ST,DST,5.2,6.0,0.12,6.12,8.23,7.97,0.135,1.0,6.12,,0.0,0
2026-09-14 02:17:49Z,NYG,in,0.621,Q3 7:44,7.0,7528,Najee Harris,RB,4.2,0.0,1.16,1.16,1.34,1.59,0.621,1.0,1.16,,0.0,0
2026-09-14 02:17:49Z,DAL,in,0.621,Q3 7:44,-7.0,8162,Sam Howell,QB,0.6,0.0,0.23,0.23,0.19,0.23,0.621,0.3,0.07,,0.0,0
2026-09-14 02:17:49Z,DAL,in,0.621,Q3 7:44,-7.0,11783,Ryan Flournoy,WR,7.4,1.5,2.93,4.43,4.01,4.3,0.14,1.0,4.43,,0.0,0
2026-09-14 02:17:49Z,DAL,in,0.621,Q3 7:44,-7.0,10871,Luke Schoonmaker,TE,1.7,2.2,0.79,2.99,2.95,2.84,0.234,1.0,2.99,,0.0,0
2026-09-14 02:17:49Z,DAL,in,0.621,Q3 7:44,-7.0,7588,Javonte Williams,RB,16.9,2.5,5.46,7.96,8.15,8.9,0.143,1.0,7.96,,0.0,0
2026-09-14 02:18:50Z,DAL,in,0.634,Q3 6:59,-13.0,11533,Brandon Aubrey,K,9.6,1.0,3.05,4.05,4.05,4.52,0.229,1.0,4.05,,0.0,0
2026-09-14 02:18:50Z,DAL,in,0.634,Q3 6:59,-13.0,6786,CeeDee Lamb,WR,18.3,9.0,8.17,17.17,15.47,15.7,0.155,1.0,17.17,,0.0,0
2026-09-14 02:18:50Z,DAL,in,0.634,Q3 6:59,-13.0,3294,Dak Prescott,QB,18.5,7.28,8.79,16.07,13.65,14.06,0.136,1.0,16.07,,0.0,0
2026-09-14 02:18:50Z,NYG,in,0.634,Q3 6:59,13.0,13833,Dominic Zvada,K,8.2,2.0,2.71,4.71,4.71,5.0,0.139,1.0,4.71,,0.0,0
2026-09-14 02:18:50Z,DAL,in,0.634,Q3 6:59,-13.0,8110,Jake Ferguson,TE,9.3,1.6,3.97,5.57,4.61,5.01,0.136,1.0,5.57,,0.0,0
2026-09-14 02:18:50Z,NYG,in,0.634,Q3 6:59,13.0,8131,Isaiah Likely,TE,10.7,24.1,3.98,28.08,29.61,28.02,0.0,1.0,28.08,,0.0,0
2026-09-14 02:18:50Z,DAL,in,0.634,Q3 6:59,-13.0,DAL,Dallas Cowboys D/ST,DST,6.5,8.0,-0.57,7.43,10.74,10.38,0.139,1.0,7.43,,0.0,0
2026-09-14 02:18:50Z,DAL,in,0.634,Q3 6:59,-13.0,8137,George Pickens,WR,15.2,3.7,6.55,10.25,8.73,9.27,0.464,1.0,10.25,,0.0,0
2026-09-14 02:18:50Z,NYG,in,0.634,Q3 6:59,13.0,11597,Theo Johnson,TE,4.3,1.9,1.11,3.01,3.4,3.48,0.098,1.0,3.01,,0.0,0
2026-09-14 02:18:50Z,NYG,in,0.634,Q3 6:59,13.0,12508,Jaxson Dart,QB,20.5,19.22,6.19,25.41,27.3,26.73,0.0,1.0,25.41,,0.0,0
2026-09-14 02:18:50Z,NYG,in,0.634,Q3 6:59,13.0,13285,Malachi Fields,WR,6.2,4.5,1.71,6.21,6.82,6.77,0.145,1.0,6.21,,0.0,0
2026-09-14 02:18:50Z,DAL,in,0.634,Q3 6:59,-13.0,8917,KaVontae Turpin,WR,4.3,1.8,1.9,3.7,3.29,3.38,0.164,1.0,3.7,,0.0,0
2026-09-14 02:18:50Z,NYG,in,0.634,Q3 6:59,13.0,11655,Tyrone Tracy,RB,2.4,-0.6,0.54,-0.06,0.09,0.28,0.157,1.0,-0.06,,0.0,0
2026-09-14 02:18:50Z,NYG,in,0.634,Q3 6:59,13.0,11632,Malik Nabers,WR,16.5,11.1,4.49,15.59,17.2,17.15,0.013,1.0,15.59,,0.0,0
2026-09-14 02:18:50Z,NYG,in,0.634,Q3 6:59,13.0,7090,Darnell Mooney,WR,5.6,4.7,1.58,6.28,6.86,6.75,0.037,1.0,6.28,,0.0,0
2026-09-14 02:18:50Z,NYG,in,0.634,Q3 6:59,13.0,2306,Jameis Winston,QB,0.5,0.0,0.09,0.09,0.15,0.18,0.634,0.3,0.03,,0.0,0
2026-09-14 02:18:50Z,DAL,in,0.634,Q3 6:59,-13.0,11593,Brevyn Spann-Ford,TE,0.5,3.4,0.42,3.82,3.87,3.58,0.42,1.0,3.82,,0.0,0
2026-09-14 02:18:50Z,NYG,in,0.634,Q3 6:59,13.0,2078,Odell Beckham,WR,4.3,0.0,0.99,0.99,1.33,1.58,0.634,1.0,0.99,,0.0,0
2026-09-14 02:18:50Z,NYG,in,0.634,Q3 6:59,13.0,12481,Cam Skattebo,RB,14.1,9.9,4.76,14.66,15.15,15.07,0.0,1.0,14.66,,0.0,0
2026-09-14 02:18:50Z,DAL,in,0.634,Q3 6:59,-13.0,11199,Emari Demercado,RB,1.8,0.4,0.6,1.0,0.99,1.06,0.276,0.886,0.93,,0.0,0
2026-09-14 02:18:50Z,NYG,in,0.634,Q3 6:59,13.0,NYG,New York Giants D/ST,DST,5.2,6.0,0.3,6.3,8.15,7.91,0.147,1.0,6.3,,0.0,0
2026-09-14 02:18:50Z,NYG,in,0.634,Q3 6:59,13.0,7528,Najee Harris,RB,4.2,0.0,1.07,1.07,1.3,1.54,0.634,1.0,1.07,,0.0,0
2026-09-14 02:18:50Z,DAL,in,0.634,Q3 6:59,-13.0,8162,Sam Howell,QB,0.6,0.0,0.26,0.26,0.19,0.22,0.634,0.3,0.08,,0.0,0
2026-09-14 02:18:50Z,DAL,in,0.634,Q3 6:59,-13.0,11783,Ryan Flournoy,WR,7.4,1.5,3.17,4.67,3.92,4.21,0.152,1.0,4.67,,0.0,0
2026-09-14 02:18:50Z,DAL,in,0.634,Q3 6:59,-13.0,10871,Luke Schoonmaker,TE,1.7,2.2,0.85,3.05,2.93,2.82,0.246,1.0,3.05,,0.0,0
2026-09-14 02:18:50Z,DAL,in,0.634,Q3 6:59,-13.0,7588,Javonte Williams,RB,16.9,2.5,5.48,7.98,7.94,8.69,0.155,1.0,7.98,,0.0,0
2026-09-14 02:19:50Z,DAL,in,0.634,Q3 6:59,-14.0,11533,Brandon Aubrey,K,9.6,1.0,3.05,4.05,4.05,4.52,0.229,1.0,4.05,,0.0,0
2026-09-14 02:19:50Z,DAL,in,0.634,Q3 6:59,-14.0,6786,CeeDee Lamb,WR,18.3,9.0,8.3,17.3,15.47,15.7,0.155,1.0,17.3,,0.0,0
2026-09-14 02:19:50Z,DAL,in,0.634,Q3 6:59,-14.0,3294,Dak Prescott,QB,18.5,7.28,8.96,16.24,13.65,14.06,0.136,1.0,16.24,,0.0,0
2026-09-14 02:19:50Z,NYG,in,0.634,Q3 6:59,14.0,13833,Dominic Zvada,K,8.2,3.0,2.8,5.8,5.8,6.0,0.0,1.0,5.8,,0.0,0
2026-09-14 02:19:50Z,DAL,in,0.634,Q3 6:59,-14.0,8110,Jake Ferguson,TE,9.3,1.6,4.03,5.63,4.61,5.01,0.136,1.0,5.63,,0.0,0
2026-09-14 02:19:50Z,NYG,in,0.634,Q3 6:59,14.0,8131,Isaiah Likely,TE,10.7,24.1,3.9,28.0,29.61,28.02,0.0,1.0,28.0,,0.0,0
2026-09-14 02:19:50Z,DAL,in,0.634,Q3 6:59,-14.0,DAL,Dallas Cowboys D/ST,DST,6.5,7.0,-0.48,6.52,9.65,9.38,0.0,1.0,6.52,,0.0,0
2026-09-14 02:19:50Z,DAL,in,0.634,Q3 6:59,-14.0,8137,George Pickens,WR,15.2,3.7,6.66,10.36,8.73,9.27,0.464,1.0,10.36,,0.0,0
2026-09-14 02:19:50Z,NYG,in,0.634,Q3 6:59,14.0,11597,Theo Johnson,TE,4.3,1.9,1.08,2.98,3.4,3.48,0.098,1.0,2.98,,0.0,0
2026-09-14 02:19:50Z,NYG,in,0.634,Q3 6:59,14.0,12508,Jaxson Dart,QB,20.5,19.22,6.0,25.22,27.3,26.73,0.0,1.0,25.22,,0.0,0
2026-09-14 02:19:50Z,NYG,in,0.634,Q3 6:59,14.0,13285,Malachi Fields,WR,6.2,4.5,1.66,6.16,6.82,6.77,0.145,1.0,6.16,,0.0,0
2026-09-14 02:19:50Z,DAL,in,0.634,Q3 6:59,-14.0,8917,KaVontae Turpin,WR,4.3,1.8,1.93,3.73,3.29,3.38,0.164,1.0,3.73,,0.0,0
2026-09-14 02:19:50Z,NYG,in,0.634,Q3 6:59,14.0,11655,Tyrone Tracy,RB,2.4,-0.6,0.53,-0.07,0.09,0.28,0.157,1.0,-0.07,,0.0,0
2026-09-14 02:19:50Z,NYG,in,0.634,Q3 6:59,14.0,11632,Malik Nabers,WR,16.5,11.1,4.37,15.47,17.2,17.15,0.013,1.0,15.47,,0.0,0
2026-09-14 02:19:50Z,NYG,in,0.634,Q3 6:59,14.0,7090,Darnell Mooney,WR,5.6,4.7,1.54,6.24,6.86,6.75,0.037,1.0,6.24,,0.0,0
2026-09-14 02:19:50Z,NYG,in,0.634,Q3 6:59,14.0,2306,Jameis Winston,QB,0.5,0.0,0.09,0.09,0.15,0.18,0.634,0.3,0.03,,0.0,0
2026-09-14 02:19:50Z,DAL,in,0.634,Q3 6:59,-14.0,11593,Brevyn Spann-Ford,TE,0.5,3.4,0.43,3.83,3.87,3.58,0.42,1.0,3.83,,0.0,0
2026-09-14 02:19:50Z,NYG,in,0.634,Q3 6:59,14.0,2078,Odell Beckham,WR,4.3,0.0,0.96,0.96,1.33,1.58,0.634,1.0,0.96,,0.0,0
2026-09-14 02:19:50Z,NYG,in,0.634,Q3 6:59,14.0,12481,Cam Skattebo,RB,14.1,9.9,4.73,14.63,15.15,15.07,0.0,1.0,14.63,,0.0,0
2026-09-14 02:19:50Z,DAL,in,0.634,Q3 6:59,-14.0,11199,Emari Demercado,RB,1.8,0.4,0.6,1.0,0.99,1.06,0.276,0.886,0.93,,0.0,0
2026-09-14 02:19:50Z,NYG,in,0.634,Q3 6:59,14.0,NYG,New York Giants D/ST,DST,5.2,6.0,0.33,6.33,8.15,7.91,0.147,1.0,6.33,,0.0,0
2026-09-14 02:19:50Z,NYG,in,0.634,Q3 6:59,14.0,7528,Najee Harris,RB,4.2,0.0,1.06,1.06,1.3,1.54,0.634,1.0,1.06,,0.0,0
2026-09-14 02:19:50Z,DAL,in,0.634,Q3 6:59,-14.0,8162,Sam Howell,QB,0.6,0.0,0.26,0.26,0.19,0.22,0.634,0.3,0.08,,0.0,0
2026-09-14 02:19:50Z,DAL,in,0.634,Q3 6:59,-14.0,11783,Ryan Flournoy,WR,7.4,1.5,3.22,4.72,3.92,4.21,0.152,1.0,4.72,,0.0,0
2026-09-14 02:19:50Z,DAL,in,0.634,Q3 6:59,-14.0,10871,Luke Schoonmaker,TE,1.7,2.2,0.86,3.06,2.93,2.82,0.246,1.0,3.06,,0.0,0
2026-09-14 02:19:50Z,DAL,in,0.634,Q3 6:59,-14.0,7588,Javonte Williams,RB,16.9,2.5,5.52,8.02,7.94,8.69,0.155,1.0,8.02,,0.0,0
2026-09-14 02:20:51Z,DAL,in,0.634,Q3 6:59,-14.0,11533,Brandon Aubrey,K,9.6,1.0,3.05,4.05,4.05,4.52,0.229,1.0,4.05,,0.0,0
2026-09-14 02:20:51Z,DAL,in,0.634,Q3 6:59,-14.0,6786,CeeDee Lamb,WR,18.3,9.0,8.3,17.3,15.47,15.7,0.155,1.0,17.3,,0.0,0
2026-09-14 02:20:51Z,DAL,in,0.634,Q3 6:59,-14.0,3294,Dak Prescott,QB,18.5,7.28,8.96,16.24,13.65,14.06,0.136,1.0,16.24,,0.0,0
2026-09-14 02:20:51Z,NYG,in,0.634,Q3 6:59,14.0,13833,Dominic Zvada,K,8.2,3.0,2.8,5.8,5.8,6.0,0.0,1.0,5.8,,0.0,0
2026-09-14 02:20:51Z,DAL,in,0.634,Q3 6:59,-14.0,8110,Jake Ferguson,TE,9.3,1.6,4.03,5.63,4.61,5.01,0.136,1.0,5.63,,0.0,0
2026-09-14 02:20:51Z,NYG,in,0.634,Q3 6:59,14.0,8131,Isaiah Likely,TE,10.7,24.1,3.9,28.0,29.61,28.02,0.0,1.0,28.0,,0.0,0
2026-09-14 02:20:51Z,DAL,in,0.634,Q3 6:59,-14.0,DAL,Dallas Cowboys D/ST,DST,6.5,7.0,-0.48,6.52,9.65,9.38,0.0,1.0,6.52,,0.0,0
2026-09-14 02:20:51Z,DAL,in,0.634,Q3 6:59,-14.0,8137,George Pickens,WR,15.2,3.7,6.66,10.36,8.73,9.27,0.464,1.0,10.36,,0.0,0
2026-09-14 02:20:51Z,NYG,in,0.634,Q3 6:59,14.0,11597,Theo Johnson,TE,4.3,1.9,1.08,2.98,3.4,3.48,0.098,1.0,2.98,,0.0,0
2026-09-14 02:20:51Z,NYG,in,0.634,Q3 6:59,14.0,12508,Jaxson Dart,QB,20.5,19.22,6.0,25.22,27.3,26.73,0.0,1.0,25.22,,0.0,0
2026-09-14 02:20:51Z,NYG,in,0.634,Q3 6:59,14.0,13285,Malachi Fields,WR,6.2,4.5,1.66,6.16,6.82,6.77,0.145,1.0,6.16,,0.0,0
2026-09-14 02:20:51Z,DAL,in,0.634,Q3 6:59,-14.0,8917,KaVontae Turpin,WR,4.3,1.8,1.93,3.73,3.29,3.38,0.164,1.0,3.73,,0.0,0
2026-09-14 02:20:51Z,NYG,in,0.634,Q3 6:59,14.0,11655,Tyrone Tracy,RB,2.4,-0.6,0.53,-0.07,0.09,0.28,0.157,1.0,-0.07,,0.0,0
2026-09-14 02:20:51Z,NYG,in,0.634,Q3 6:59,14.0,11632,Malik Nabers,WR,16.5,11.1,4.37,15.47,17.2,17.15,0.013,1.0,15.47,,0.0,0
2026-09-14 02:20:51Z,NYG,in,0.634,Q3 6:59,14.0,7090,Darnell Mooney,WR,5.6,4.7,1.54,6.24,6.86,6.75,0.037,1.0,6.24,,0.0,0
2026-09-14 02:20:51Z,NYG,in,0.634,Q3 6:59,14.0,2306,Jameis Winston,QB,0.5,0.0,0.09,0.09,0.15,0.18,0.634,0.3,0.03,,0.0,0
2026-09-14 02:20:51Z,DAL,in,0.634,Q3 6:59,-14.0,11593,Brevyn Spann-Ford,TE,0.5,3.4,0.43,3.83,3.87,3.58,0.42,1.0,3.83,,0.0,0
2026-09-14 02:20:51Z,NYG,in,0.634,Q3 6:59,14.0,2078,Odell Beckham,WR,4.3,0.0,0.96,0.96,1.33,1.58,0.634,1.0,0.96,,0.0,0
2026-09-14 02:20:51Z,NYG,in,0.634,Q3 6:59,14.0,12481,Cam Skattebo,RB,14.1,9.9,4.73,14.63,15.15,15.07,0.0,1.0,14.63,,0.0,0
2026-09-14 02:20:51Z,DAL,in,0.634,Q3 6:59,-14.0,11199,Emari Demercado,RB,1.8,0.4,0.6,1.0,0.99,1.06,0.276,0.886,0.93,,0.0,0
2026-09-14 02:20:51Z,NYG,in,0.634,Q3 6:59,14.0,NYG,New York Giants D/ST,DST,5.2,6.0,0.33,6.33,8.15,7.91,0.147,1.0,6.33,,0.0,0
2026-09-14 02:20:51Z,NYG,in,0.634,Q3 6:59,14.0,7528,Najee Harris,RB,4.2,0.0,1.06,1.06,1.3,1.54,0.634,1.0,1.06,,0.0,0
2026-09-14 02:20:51Z,DAL,in,0.634,Q3 6:59,-14.0,8162,Sam Howell,QB,0.6,0.0,0.26,0.26,0.19,0.22,0.634,0.3,0.08,,0.0,0
2026-09-14 02:20:51Z,DAL,in,0.634,Q3 6:59,-14.0,11783,Ryan Flournoy,WR,7.4,1.5,3.22,4.72,3.92,4.21,0.152,1.0,4.72,,0.0,0
2026-09-14 02:20:51Z,DAL,in,0.634,Q3 6:59,-14.0,10871,Luke Schoonmaker,TE,1.7,2.2,0.86,3.06,2.93,2.82,0.246,1.0,3.06,,0.0,0
2026-09-14 02:20:51Z,DAL,in,0.634,Q3 6:59,-14.0,7588,Javonte Williams,RB,16.9,2.5,5.52,8.02,7.94,8.69,0.155,1.0,8.02,,0.0,0
2026-09-14 02:21:51Z,DAL,in,0.634,Q3 6:59,-14.0,11533,Brandon Aubrey,K,9.6,1.0,3.05,4.05,4.05,4.52,0.229,1.0,4.05,,0.0,0
2026-09-14 02:21:51Z,DAL,in,0.634,Q3 6:59,-14.0,6786,CeeDee Lamb,WR,18.3,9.0,8.3,17.3,15.47,15.7,0.155,1.0,17.3,,0.0,0
2026-09-14 02:21:51Z,DAL,in,0.634,Q3 6:59,-14.0,3294,Dak Prescott,QB,18.5,7.28,8.96,16.24,13.65,14.06,0.136,1.0,16.24,,0.0,0
2026-09-14 02:21:51Z,NYG,in,0.634,Q3 6:59,14.0,13833,Dominic Zvada,K,8.2,3.0,2.8,5.8,5.8,6.0,0.0,1.0,5.8,,0.0,0
2026-09-14 02:21:51Z,DAL,in,0.634,Q3 6:59,-14.0,8110,Jake Ferguson,TE,9.3,1.6,4.03,5.63,4.61,5.01,0.136,1.0,5.63,,0.0,0
2026-09-14 02:21:51Z,NYG,in,0.634,Q3 6:59,14.0,8131,Isaiah Likely,TE,10.7,24.1,3.9,28.0,29.61,28.02,0.0,1.0,28.0,,0.0,0
2026-09-14 02:21:51Z,DAL,in,0.634,Q3 6:59,-14.0,DAL,Dallas Cowboys D/ST,DST,6.5,7.0,-0.48,6.52,9.65,9.38,0.0,1.0,6.52,,0.0,0
2026-09-14 02:21:51Z,DAL,in,0.634,Q3 6:59,-14.0,8137,George Pickens,WR,15.2,3.7,6.66,10.36,8.73,9.27,0.464,1.0,10.36,,0.0,0
2026-09-14 02:21:51Z,NYG,in,0.634,Q3 6:59,14.0,11597,Theo Johnson,TE,4.3,1.9,1.08,2.98,3.4,3.48,0.098,1.0,2.98,,0.0,0
2026-09-14 02:21:51Z,NYG,in,0.634,Q3 6:59,14.0,12508,Jaxson Dart,QB,20.5,19.22,6.0,25.22,27.3,26.73,0.0,1.0,25.22,,0.0,0
2026-09-14 02:21:51Z,NYG,in,0.634,Q3 6:59,14.0,13285,Malachi Fields,WR,6.2,4.5,1.66,6.16,6.82,6.77,0.145,1.0,6.16,,0.0,0
2026-09-14 02:21:51Z,DAL,in,0.634,Q3 6:59,-14.0,8917,KaVontae Turpin,WR,4.3,1.8,1.93,3.73,3.29,3.38,0.164,1.0,3.73,,0.0,0
2026-09-14 02:21:51Z,NYG,in,0.634,Q3 6:59,14.0,11655,Tyrone Tracy,RB,2.4,-0.6,0.53,-0.07,0.09,0.28,0.157,1.0,-0.07,,0.0,0
2026-09-14 02:21:51Z,NYG,in,0.634,Q3 6:59,14.0,11632,Malik Nabers,WR,16.5,11.1,4.37,15.47,17.2,17.15,0.013,1.0,15.47,,0.0,0
2026-09-14 02:21:51Z,NYG,in,0.634,Q3 6:59,14.0,7090,Darnell Mooney,WR,5.6,4.7,1.54,6.24,6.86,6.75,0.037,1.0,6.24,,0.0,0
2026-09-14 02:21:51Z,NYG,in,0.634,Q3 6:59,14.0,2306,Jameis Winston,QB,0.5,0.0,0.09,0.09,0.15,0.18,0.634,0.3,0.03,,0.0,0
2026-09-14 02:21:51Z,DAL,in,0.634,Q3 6:59,-14.0,11593,Brevyn Spann-Ford,TE,0.5,3.4,0.43,3.83,3.87,3.58,0.42,1.0,3.83,,0.0,0
2026-09-14 02:21:51Z,NYG,in,0.634,Q3 6:59,14.0,2078,Odell Beckham,WR,4.3,0.0,0.96,0.96,1.33,1.58,0.634,1.0,0.96,,0.0,0
2026-09-14 02:21:51Z,NYG,in,0.634,Q3 6:59,14.0,12481,Cam Skattebo,RB,14.1,9.9,4.73,14.63,15.15,15.07,0.0,1.0,14.63,,0.0,0
2026-09-14 02:21:51Z,DAL,in,0.634,Q3 6:59,-14.0,11199,Emari Demercado,RB,1.8,0.4,0.6,1.0,0.99,1.06,0.276,0.886,0.93,,0.0,0
2026-09-14 02:21:51Z,NYG,in,0.634,Q3 6:59,14.0,NYG,New York Giants D/ST,DST,5.2,6.0,0.33,6.33,8.15,7.91,0.147,1.0,6.33,,0.0,0
2026-09-14 02:21:51Z,NYG,in,0.634,Q3 6:59,14.0,7528,Najee Harris,RB,4.2,0.0,1.06,1.06,1.3,1.54,0.634,1.0,1.06,,0.0,0
2026-09-14 02:21:51Z,DAL,in,0.634,Q3 6:59,-14.0,8162,Sam Howell,QB,0.6,0.0,0.26,0.26,0.19,0.22,0.634,0.3,0.08,,0.0,0
2026-09-14 02:21:51Z,DAL,in,0.634,Q3 6:59,-14.0,11783,Ryan Flournoy,WR,7.4,1.5,3.22,4.72,3.92,4.21,0.152,1.0,4.72,,0.0,0
2026-09-14 02:21:51Z,DAL,in,0.634,Q3 6:59,-14.0,10871,Luke Schoonmaker,TE,1.7,2.2,0.86,3.06,2.93,2.82,0.246,1.0,3.06,,0.0,0
2026-09-14 02:21:51Z,DAL,in,0.634,Q3 6:59,-14.0,7588,Javonte Williams,RB,16.9,2.5,5.52,8.02,7.94,8.69,0.155,1.0,8.02,,0.0,0
2026-09-14 02:22:51Z,DAL,in,0.635,Q3 6:53,-14.0,11533,Brandon Aubrey,K,9.6,1.0,3.04,4.04,4.04,4.5,0.231,1.0,4.04,,0.0,0
2026-09-14 02:22:51Z,DAL,in,0.635,Q3 6:53,-14.0,6786,CeeDee Lamb,WR,18.3,9.0,8.27,17.27,15.44,15.67,0.157,1.0,17.27,,0.0,0
2026-09-14 02:22:51Z,DAL,in,0.635,Q3 6:53,-14.0,3294,Dak Prescott,QB,18.5,7.28,8.92,16.2,13.62,14.03,0.138,1.0,16.2,,0.0,0
2026-09-14 02:22:51Z,NYG,in,0.635,Q3 6:53,14.0,13833,Dominic Zvada,K,8.2,3.0,2.79,5.79,5.79,5.99,0.002,1.0,5.79,,0.0,0
2026-09-14 02:22:51Z,DAL,in,0.635,Q3 6:53,-14.0,8110,Jake Ferguson,TE,9.3,1.6,4.02,5.62,4.6,4.99,0.138,1.0,5.62,,0.0,0
2026-09-14 02:22:51Z,NYG,in,0.635,Q3 6:53,14.0,8131,Isaiah Likely,TE,10.7,24.1,3.89,27.99,29.58,28.0,0.002,1.0,27.99,,0.0,0
2026-09-14 02:22:51Z,DAL,in,0.635,Q3 6:53,-14.0,DAL,Dallas Cowboys D/ST,DST,6.5,7.0,-0.48,6.52,9.63,9.37,0.002,1.0,6.52,,0.0,0
2026-09-14 02:22:51Z,DAL,in,0.635,Q3 6:53,-14.0,8137,George Pickens,WR,15.2,3.7,6.63,10.33,8.7,9.24,0.465,1.0,10.33,,0.0,0
2026-09-14 02:22:51Z,NYG,in,0.635,Q3 6:53,14.0,11597,Theo Johnson,TE,4.3,1.9,1.07,2.97,3.39,3.47,0.1,1.0,2.97,,0.0,0
2026-09-14 02:22:51Z,NYG,in,0.635,Q3 6:53,14.0,12508,Jaxson Dart,QB,20.5,19.22,5.97,25.19,27.26,26.7,0.002,1.0,25.19,,0.0,0
2026-09-14 02:22:51Z,NYG,in,0.635,Q3 6:53,14.0,13285,Malachi Fields,WR,6.2,4.5,1.66,6.16,6.81,6.76,0.146,1.0,6.16,,0.0,0
2026-09-14 02:22:51Z,DAL,in,0.635,Q3 6:53,-14.0,8917,KaVontae Turpin,WR,4.3,1.8,1.92,3.72,3.28,3.37,0.166,1.0,3.72,,0.0,0
2026-09-14 02:22:51Z,NYG,in,0.635,Q3 6:53,14.0,11655,Tyrone Tracy,RB,2.4,-0.6,0.53,-0.07,0.08,0.28,0.159,1.0,-0.07,,0.0,0
2026-09-14 02:22:51Z,NYG,in,0.635,Q3 6:53,14.0,11632,Malik Nabers,WR,16.5,11.1,4.35,15.45,17.17,17.12,0.014,1.0,15.45,,0.0,0
2026-09-14 02:22:51Z,NYG,in,0.635,Q3 6:53,14.0,7090,Darnell Mooney,WR,5.6,4.7,1.54,6.24,6.85,6.74,0.039,1.0,6.24,,0.0,0
2026-09-14 02:22:51Z,NYG,in,0.635,Q3 6:53,14.0,2306,Jameis Winston,QB,0.5,0.0,0.09,0.09,0.15,0.18,0.635,0.3,0.03,,0.0,0
2026-09-14 02:22:51Z,DAL,in,0.635,Q3 6:53,-14.0,11593,Brevyn Spann-Ford,TE,0.5,3.4,0.43,3.83,3.86,3.58,0.422,1.0,3.83,,0.0,0
2026-09-14 02:22:51Z,NYG,in,0.635,Q3 6:53,14.0,2078,Odell Beckham,WR,4.3,0.0,0.95,0.95,1.32,1.57,0.635,1.0,0.95,,0.0,0
2026-09-14 02:22:51Z,NYG,in,0.635,Q3 6:53,14.0,12481,Cam Skattebo,RB,14.1,9.9,4.71,14.61,15.13,15.04,0.002,1.0,14.61,,0.0,0
2026-09-14 02:22:51Z,DAL,in,0.635,Q3 6:53,-14.0,11199,Emari Demercado,RB,1.8,0.4,0.6,1.0,0.99,1.06,0.278,0.883,0.93,,0.0,0
2026-09-14 02:22:51Z,NYG,in,0.635,Q3 6:53,14.0,NYG,New York Giants D/ST,DST,5.2,6.0,0.33,6.33,8.14,7.9,0.149,1.0,6.33,,0.0,0
2026-09-14 02:22:51Z,NYG,in,0.635,Q3 6:53,14.0,7528,Najee Harris,RB,4.2,0.0,1.05,1.05,1.29,1.53,0.635,1.0,1.05,,0.0,0
2026-09-14 02:22:51Z,DAL,in,0.635,Q3 6:53,-14.0,8162,Sam Howell,QB,0.6,0.0,0.26,0.26,0.18,0.22,0.635,0.3,0.08,,0.0,0
2026-09-14 02:22:51Z,DAL,in,0.635,Q3 6:53,-14.0,11783,Ryan Flournoy,WR,7.4,1.5,3.21,4.71,3.91,4.2,0.154,1.0,4.71,,0.0,0
2026-09-14 02:22:51Z,DAL,in,0.635,Q3 6:53,-14.0,10871,Luke Schoonmaker,TE,1.7,2.2,0.85,3.05,2.92,2.82,0.248,1.0,3.05,,0.0,0
2026-09-14 02:22:51Z,DAL,in,0.635,Q3 6:53,-14.0,7588,Javonte Williams,RB,16.9,2.5,5.49,7.99,7.91,8.66,0.157,1.0,7.99,,0.0,0
2026-09-14 02:23:52Z,DAL,in,0.636,Q3 6:51,-14.0,11533,Brandon Aubrey,K,9.6,1.0,3.03,4.03,4.03,4.5,0.231,1.0,4.03,,0.0,0
2026-09-14 02:23:52Z,DAL,in,0.636,Q3 6:51,-14.0,6786,CeeDee Lamb,WR,18.3,11.3,8.41,19.71,17.93,17.96,0.0,1.0,19.71,,0.0,0
2026-09-14 02:23:52Z,DAL,in,0.636,Q3 6:51,-14.0,3294,Dak Prescott,QB,18.5,7.8,8.98,16.78,14.18,14.54,0.0,1.0,16.78,,0.0,0
2026-09-14 02:23:52Z,NYG,in,0.636,Q3 6:51,14.0,13833,Dominic Zvada,K,8.2,3.0,2.78,5.78,5.78,5.99,0.002,1.0,5.78,,0.0,0
2026-09-14 02:23:52Z,DAL,in,0.636,Q3 6:51,-14.0,8110,Jake Ferguson,TE,9.3,1.6,4.01,5.61,4.59,4.99,0.138,1.0,5.61,,0.0,0
2026-09-14 02:23:52Z,NYG,in,0.636,Q3 6:51,14.0,8131,Isaiah Likely,TE,10.7,24.1,3.88,27.98,29.57,28.0,0.002,1.0,27.98,,0.0,0
2026-09-14 02:23:52Z,DAL,in,0.636,Q3 6:51,-14.0,DAL,Dallas Cowboys D/ST,DST,6.5,7.0,-0.47,6.53,9.63,9.37,0.002,1.0,6.53,,0.0,0
2026-09-14 02:23:52Z,DAL,in,0.636,Q3 6:51,-14.0,8137,George Pickens,WR,15.2,3.7,6.63,10.33,8.69,9.24,0.466,1.0,10.33,,0.0,0
2026-09-14 02:23:52Z,NYG,in,0.636,Q3 6:51,14.0,11597,Theo Johnson,TE,4.3,1.9,1.07,2.97,3.39,3.47,0.101,1.0,2.97,,0.0,0
2026-09-14 02:23:52Z,NYG,in,0.636,Q3 6:51,14.0,12508,Jaxson Dart,QB,20.5,19.22,5.96,25.18,27.25,26.69,0.002,1.0,25.18,,0.0,0
2026-09-14 02:23:52Z,NYG,in,0.636,Q3 6:51,14.0,13285,Malachi Fields,WR,6.2,4.5,1.65,6.15,6.81,6.76,0.147,1.0,6.15,,0.0,0
2026-09-14 02:23:52Z,DAL,in,0.636,Q3 6:51,-14.0,8917,KaVontae Turpin,WR,4.3,1.8,1.92,3.72,3.28,3.37,0.166,1.0,3.72,,0.0,0
2026-09-14 02:23:52Z,NYG,in,0.636,Q3 6:51,14.0,11655,Tyrone Tracy,RB,2.4,-0.6,0.53,-0.07,0.08,0.27,0.159,1.0,-0.07,,0.0,0
2026-09-14 02:23:52Z,NYG,in,0.636,Q3 6:51,14.0,11632,Malik Nabers,WR,16.5,11.1,4.34,15.44,17.16,17.11,0.015,1.0,15.44,,0.0,0
2026-09-14 02:23:52Z,NYG,in,0.636,Q3 6:51,14.0,7090,Darnell Mooney,WR,5.6,4.7,1.53,6.23,6.84,6.74,0.04,1.0,6.23,,0.0,0
2026-09-14 02:23:52Z,NYG,in,0.636,Q3 6:51,14.0,2306,Jameis Winston,QB,0.5,0.0,0.09,0.09,0.15,0.18,0.636,0.3,0.03,,0.0,0
2026-09-14 02:23:52Z,DAL,in,0.636,Q3 6:51,-14.0,11593,Brevyn Spann-Ford,TE,0.5,3.4,0.42,3.82,3.86,3.58,0.422,1.0,3.82,,0.0,0
2026-09-14 02:23:52Z,NYG,in,0.636,Q3 6:51,14.0,2078,Odell Beckham,WR,4.3,0.0,0.95,0.95,1.32,1.57,0.636,1.0,0.95,,0.0,0
2026-09-14 02:23:52Z,NYG,in,0.636,Q3 6:51,14.0,12481,Cam Skattebo,RB,14.1,9.9,4.7,14.6,15.12,15.03,0.002,1.0,14.6,,0.0,0
2026-09-14 02:23:52Z,DAL,in,0.636,Q3 6:51,-14.0,11199,Emari Demercado,RB,1.8,0.4,0.6,1.0,0.99,1.06,0.278,0.882,0.93,,0.0,0
2026-09-14 02:23:52Z,NYG,in,0.636,Q3 6:51,14.0,NYG,New York Giants D/ST,DST,5.2,6.0,0.33,6.33,8.14,7.89,0.149,1.0,6.33,,0.0,0
2026-09-14 02:23:52Z,NYG,in,0.636,Q3 6:51,14.0,7528,Najee Harris,RB,4.2,0.0,1.05,1.05,1.29,1.53,0.636,1.0,1.05,,0.0,0
2026-09-14 02:23:52Z,DAL,in,0.636,Q3 6:51,-14.0,8162,Sam Howell,QB,0.6,0.0,0.26,0.26,0.18,0.22,0.636,0.3,0.08,,0.0,0
2026-09-14 02:23:52Z,DAL,in,0.636,Q3 6:51,-14.0,11783,Ryan Flournoy,WR,7.4,1.5,3.21,4.71,3.9,4.19,0.154,1.0,4.71,,0.0,0
2026-09-14 02:23:52Z,DAL,in,0.636,Q3 6:51,-14.0,10871,Luke Schoonmaker,TE,1.7,2.2,0.85,3.05,2.92,2.82,0.248,1.0,3.05,,0.0,0
2026-09-14 02:23:52Z,DAL,in,0.636,Q3 6:51,-14.0,7588,Javonte Williams,RB,16.9,2.5,5.49,7.99,7.9,8.65,0.158,1.0,7.99,,0.0,0
2026-09-14 02:24:52Z,DAL,in,0.646,Q3 6:13,-14.0,11533,Brandon Aubrey,K,9.6,1.0,2.93,3.93,3.93,4.39,0.242,1.0,3.93,,0.0,0
2026-09-14 02:24:52Z,DAL,in,0.646,Q3 6:13,-14.0,6786,CeeDee Lamb,WR,18.3,11.3,8.23,19.53,17.72,17.77,0.011,1.0,19.53,,0.0,0
2026-09-14 02:24:52Z,DAL,in,0.646,Q3 6:13,-14.0,3294,Dak Prescott,QB,18.5,7.8,8.76,16.56,13.97,14.34,0.011,1.0,16.56,,0.0,0
2026-09-14 02:24:52Z,NYG,in,0.646,Q3 6:13,14.0,13833,Dominic Zvada,K,8.2,3.0,2.7,5.7,5.7,5.9,0.013,1.0,5.7,,0.0,0
2026-09-14 02:24:52Z,DAL,in,0.646,Q3 6:13,-14.0,8110,Jake Ferguson,TE,9.3,1.6,3.92,5.52,4.5,4.89,0.149,1.0,5.52,,0.0,0
2026-09-14 02:24:52Z,NYG,in,0.646,Q3 6:13,14.0,8131,Isaiah Likely,TE,10.7,24.1,3.77,27.87,29.4,27.88,0.013,1.0,27.87,,0.0,0
2026-09-14 02:24:52Z,DAL,in,0.646,Q3 6:13,-14.0,DAL,Dallas Cowboys D/ST,DST,6.5,7.0,-0.45,6.55,9.55,9.3,0.013,1.0,6.55,,0.0,0
2026-09-14 02:24:52Z,DAL,in,0.646,Q3 6:13,-14.0,8137,George Pickens,WR,15.2,3.7,6.48,10.18,8.53,9.07,0.476,1.0,10.18,,0.0,0
2026-09-14 02:24:52Z,NYG,in,0.646,Q3 6:13,14.0,11597,Theo Johnson,TE,4.3,1.9,1.03,2.93,3.34,3.42,0.111,1.0,2.93,,0.0,0
2026-09-14 02:24:52Z,NYG,in,0.646,Q3 6:13,14.0,12508,Jaxson Dart,QB,20.5,19.22,5.76,24.98,27.0,26.47,0.013,1.0,24.98,,0.0,0
2026-09-14 02:24:52Z,NYG,in,0.646,Q3 6:13,14.0,13285,Malachi Fields,WR,6.2,4.5,1.6,6.1,6.74,6.69,0.158,1.0,6.1,,0.0,0
2026-09-14 02:24:52Z,DAL,in,0.646,Q3 6:13,-14.0,8917,KaVontae Turpin,WR,4.3,1.8,1.88,3.68,3.23,3.32,0.177,1.0,3.68,,0.0,0
2026-09-14 02:24:52Z,NYG,in,0.646,Q3 6:13,14.0,11655,Tyrone Tracy,RB,2.4,-0.6,0.51,-0.09,0.06,0.25,0.17,1.0,-0.09,,0.0,0
2026-09-14 02:24:52Z,NYG,in,0.646,Q3 6:13,14.0,11632,Malik Nabers,WR,16.5,11.1,4.19,15.29,16.97,16.93,0.025,1.0,15.29,,0.0,0
2026-09-14 02:24:52Z,NYG,in,0.646,Q3 6:13,14.0,7090,Darnell Mooney,WR,5.6,4.7,1.48,6.18,6.78,6.68,0.05,1.0,6.18,,0.0,0
2026-09-14 02:24:52Z,NYG,in,0.646,Q3 6:13,14.0,2306,Jameis Winston,QB,0.5,0.0,0.09,0.09,0.15,0.18,0.646,0.3,0.03,,0.0,0
2026-09-14 02:24:52Z,DAL,in,0.646,Q3 6:13,-14.0,11593,Brevyn Spann-Ford,TE,0.5,3.4,0.42,3.82,3.85,3.58,0.433,1.0,3.82,,0.0,0
2026-09-14 02:24:52Z,NYG,in,0.646,Q3 6:13,14.0,2078,Odell Beckham,WR,4.3,0.0,0.91,0.91,1.27,1.52,0.646,1.0,0.91,,0.0,0
2026-09-14 02:24:52Z,NYG,in,0.646,Q3 6:13,14.0,12481,Cam Skattebo,RB,14.1,9.9,4.55,14.45,14.96,14.89,0.013,1.0,14.45,,0.0,0
2026-09-14 02:24:52Z,DAL,in,0.646,Q3 6:13,-14.0,11199,Emari Demercado,RB,1.8,0.4,0.58,0.98,0.97,1.04,0.289,0.867,0.91,,0.0,0
2026-09-14 02:24:52Z,NYG,in,0.646,Q3 6:13,14.0,NYG,New York Giants D/ST,DST,5.2,6.0,0.34,6.34,8.07,7.84,0.16,1.0,6.34,,0.0,0
2026-09-14 02:24:52Z,NYG,in,0.646,Q3 6:13,14.0,7528,Najee Harris,RB,4.2,0.0,1.02,1.02,1.25,1.49,0.646,1.0,1.02,,0.0,0
2026-09-14 02:24:52Z,DAL,in,0.646,Q3 6:13,-14.0,8162,Sam Howell,QB,0.6,0.0,0.25,0.25,0.18,0.21,0.646,0.3,0.08,,0.0,0
2026-09-14 02:24:52Z,DAL,in,0.646,Q3 6:13,-14.0,11783,Ryan Flournoy,WR,7.4,1.5,3.14,4.64,3.83,4.12,0.165,1.0,4.64,,0.0,0
2026-09-14 02:24:52Z,DAL,in,0.646,Q3 6:13,-14.0,10871,Luke Schoonmaker,TE,1.7,2.2,0.84,3.04,2.9,2.8,0.259,1.0,3.04,,0.0,0
2026-09-14 02:24:52Z,DAL,in,0.646,Q3 6:13,-14.0,7588,Javonte Williams,RB,16.9,2.5,5.33,7.83,7.73,8.48,0.168,1.0,7.83,,0.0,0
2026-09-14 02:25:53Z,DAL,in,0.657,Q3 5:34,-14.0,11533,Brandon Aubrey,K,9.6,1.0,2.84,3.84,3.84,4.29,0.253,1.0,3.84,,0.0,0
2026-09-14 02:25:53Z,DAL,in,0.657,Q3 5:34,-14.0,6786,CeeDee Lamb,WR,18.3,11.3,8.04,19.34,17.51,17.57,0.021,1.0,19.34,,0.0,0
2026-09-14 02:25:53Z,DAL,in,0.657,Q3 5:34,-14.0,3294,Dak Prescott,QB,18.5,8.24,8.59,16.83,14.25,14.58,0.0,1.0,16.83,,0.0,0
2026-09-14 02:25:53Z,NYG,in,0.657,Q3 5:34,14.0,13833,Dominic Zvada,K,8.2,3.0,2.61,5.61,5.61,5.81,0.024,1.0,5.61,,0.0,0
2026-09-14 02:25:53Z,DAL,in,0.657,Q3 5:34,-14.0,8110,Jake Ferguson,TE,9.3,1.6,3.83,5.43,4.4,4.79,0.16,1.0,5.43,,0.0,0
2026-09-14 02:25:53Z,NYG,in,0.657,Q3 5:34,14.0,8131,Isaiah Likely,TE,10.7,24.1,3.65,27.75,29.23,27.77,0.024,1.0,27.75,,0.0,0
2026-09-14 02:25:53Z,DAL,in,0.657,Q3 5:34,-14.0,DAL,Dallas Cowboys D/ST,DST,6.5,7.0,-0.42,6.58,9.46,9.23,0.024,1.0,6.58,,0.0,0
2026-09-14 02:25:53Z,DAL,in,0.657,Q3 5:34,-14.0,8137,George Pickens,WR,15.2,5.8,6.46,12.26,10.65,11.01,0.0,1.0,12.26,,0.0,0
2026-09-14 02:25:53Z,NYG,in,0.657,Q3 5:34,14.0,11597,Theo Johnson,TE,4.3,1.9,0.99,2.89,3.29,3.37,0.122,1.0,2.89,,0.0,0
2026-09-14 02:25:53Z,NYG,in,0.657,Q3 5:34,14.0,12508,Jaxson Dart,QB,20.5,19.22,5.55,24.77,26.74,26.25,0.024,1.0,24.77,,0.0,0
2026-09-14 02:25:53Z,NYG,in,0.657,Q3 5:34,14.0,13285,Malachi Fields,WR,6.2,4.5,1.54,6.04,6.66,6.63,0.168,1.0,6.04,,0.0,0
2026-09-14 02:25:53Z,DAL,in,0.657,Q3 5:34,-14.0,8917,KaVontae Turpin,WR,4.3,1.8,1.84,3.64,3.19,3.27,0.188,1.0,3.64,,0.0,0
2026-09-14 02:25:53Z,NYG,in,0.657,Q3 5:34,14.0,11655,Tyrone Tracy,RB,2.4,-0.6,0.49,-0.11,0.04,0.22,0.181,1.0,-0.11,,0.0,0
2026-09-14 02:25:53Z,NYG,in,0.657,Q3 5:34,14.0,11632,Malik Nabers,WR,16.5,11.1,4.05,15.15,16.78,16.76,0.036,1.0,15.15,,0.0,0
2026-09-14 02:25:53Z,NYG,in,0.657,Q3 5:34,14.0,7090,Darnell Mooney,WR,5.6,4.7,1.43,6.13,6.71,6.62,0.061,1.0,6.13,,0.0,0
2026-09-14 02:25:53Z,NYG,in,0.657,Q3 5:34,14.0,2306,Jameis Winston,QB,0.5,0.0,0.08,0.08,0.14,0.17,0.657,0.3,0.02,,0.0,0
2026-09-14 02:25:53Z,DAL,in,0.657,Q3 5:34,-14.0,11593,Brevyn Spann-Ford,TE,0.5,3.4,0.41,3.81,3.83,3.57,0.444,1.0,3.81,,0.0,0
2026-09-14 02:25:53Z,NYG,in,0.657,Q3 5:34,14.0,2078,Odell Beckham,WR,4.3,0.0,0.88,0.88,1.23,1.47,0.657,1.0,0.88,,0.0,0
2026-09-14 02:25:53Z,NYG,in,0.657,Q3 5:34,14.0,12481,Cam Skattebo,RB,14.1,9.9,4.39,14.29,14.79,14.73,0.024,1.0,14.29,,0.0,0
2026-09-14 02:25:53Z,DAL,in,0.657,Q3 5:34,-14.0,11199,Emari Demercado,RB,1.8,0.4,0.57,0.97,0.95,1.02,0.3,0.85,0.88,,0.0,0
2026-09-14 02:25:53Z,NYG,in,0.657,Q3 5:34,14.0,NYG,New York Giants D/ST,DST,5.2,6.0,0.34,6.34,8.0,7.78,0.171,1.0,6.34,,0.0,0
2026-09-14 02:25:53Z,NYG,in,0.657,Q3 5:34,14.0,7528,Najee Harris,RB,4.2,0.0,0.98,0.98,1.2,1.44,0.657,1.0,0.98,,0.0,0
2026-09-14 02:25:53Z,DAL,in,0.657,Q3 5:34,-14.0,8162,Sam Howell,QB,0.6,0.0,0.25,0.25,0.17,0.21,0.657,0.3,0.07,,0.0,0
2026-09-14 02:25:53Z,DAL,in,0.657,Q3 5:34,-14.0,11783,Ryan Flournoy,WR,7.4,1.5,3.06,4.56,3.75,4.04,0.176,1.0,4.56,,0.0,0
2026-09-14 02:25:53Z,DAL,in,0.657,Q3 5:34,-14.0,10871,Luke Schoonmaker,TE,1.7,2.2,0.82,3.02,2.88,2.78,0.27,1.0,3.02,,0.0,0
2026-09-14 02:25:53Z,DAL,in,0.657,Q3 5:34,-14.0,7588,Javonte Williams,RB,16.9,3.2,5.25,8.45,8.32,8.99,0.0,1.0,8.45,,0.0,0
2026-09-14 02:26:53Z,DAL,in,0.68,Q3 4:13,-14.0,11533,Brandon Aubrey,K,9.6,1.0,2.63,3.63,3.63,4.07,0.275,1.0,3.63,,0.0,0
2026-09-14 02:26:53Z,DAL,in,0.68,Q3 4:13,-14.0,6786,CeeDee Lamb,WR,18.3,11.3,7.62,18.92,17.07,17.16,0.044,1.0,18.92,,0.0,0
2026-09-14 02:26:53Z,DAL,in,0.68,Q3 4:13,-14.0,3294,Dak Prescott,QB,18.5,8.64,8.17,16.81,14.25,14.57,0.0,1.0,16.81,,0.0,0
2026-09-14 02:26:53Z,NYG,in,0.68,Q3 4:13,14.0,13833,Dominic Zvada,K,8.2,3.0,2.42,5.42,5.42,5.63,0.046,1.0,5.42,,0.0,0
2026-09-14 02:26:53Z,DAL,in,0.68,Q3 4:13,-14.0,8110,Jake Ferguson,TE,9.3,1.6,3.63,5.23,4.2,4.58,0.182,1.0,5.23,,0.0,0
2026-09-14 02:26:53Z,NYG,in,0.68,Q3 4:13,14.0,8131,Isaiah Likely,TE,10.7,24.1,3.41,27.51,28.87,27.53,0.046,1.0,27.51,,0.0,0
2026-09-14 02:26:53Z,DAL,in,0.68,Q3 4:13,-14.0,DAL,Dallas Cowboys D/ST,DST,6.5,7.0,-0.36,6.64,9.29,9.08,0.046,1.0,6.64,,0.0,0
2026-09-14 02:26:53Z,DAL,in,0.68,Q3 4:13,-14.0,8137,George Pickens,WR,15.2,5.8,6.12,11.92,10.31,10.67,0.022,1.0,11.92,,0.0,0
2026-09-14 02:26:53Z,NYG,in,0.68,Q3 4:13,14.0,11597,Theo Johnson,TE,4.3,1.9,0.92,2.82,3.2,3.28,0.144,1.0,2.82,,0.0,0
2026-09-14 02:26:53Z,NYG,in,0.68,Q3 4:13,14.0,12508,Jaxson Dart,QB,20.5,19.22,5.12,24.34,26.21,25.79,0.046,1.0,24.34,,0.0,0
2026-09-14 02:26:53Z,NYG,in,0.68,Q3 4:13,14.0,13285,Malachi Fields,WR,6.2,4.5,1.42,5.92,6.51,6.49,0.191,1.0,5.92,,0.0,0
2026-09-14 02:26:53Z,DAL,in,0.68,Q3 4:13,-14.0,8917,KaVontae Turpin,WR,4.3,1.8,1.74,3.54,3.09,3.18,0.21,1.0,3.54,,0.0,0
2026-09-14 02:26:53Z,NYG,in,0.68,Q3 4:13,14.0,11655,Tyrone Tracy,RB,2.4,-0.6,0.46,-0.14,-0.01,0.17,0.203,0.995,-0.15,,0.0,0
2026-09-14 02:26:53Z,NYG,in,0.68,Q3 4:13,14.0,11632,Malik Nabers,WR,16.5,11.1,3.74,14.84,16.38,16.38,0.059,1.0,14.84,,0.0,0
2026-09-14 02:26:53Z,NYG,in,0.68,Q3 4:13,14.0,7090,Darnell Mooney,WR,5.6,4.7,1.32,6.02,6.57,6.49,0.084,1.0,6.02,,0.0,0
2026-09-14 02:26:53Z,NYG,in,0.68,Q3 4:13,14.0,2306,Jameis Winston,QB,0.5,0.0,0.07,0.07,0.13,0.16,0.68,0.3,0.02,,0.0,0
2026-09-14 02:26:53Z,DAL,in,0.68,Q3 4:13,-14.0,11593,Brevyn Spann-Ford,TE,0.5,3.4,0.39,3.79,3.81,3.56,0.466,1.0,3.79,,0.0,0
2026-09-14 02:26:53Z,NYG,in,0.68,Q3 4:13,14.0,2078,Odell Beckham,WR,4.3,0.0,0.8,0.8,1.14,1.38,0.68,1.0,0.8,,0.0,0
2026-09-14 02:26:53Z,NYG,in,0.68,Q3 4:13,14.0,12481,Cam Skattebo,RB,14.1,9.9,4.07,13.97,14.44,14.42,0.046,1.0,13.97,,0.0,0
2026-09-14 02:26:53Z,DAL,in,0.68,Q3 4:13,-14.0,11199,Emari Demercado,RB,1.8,0.4,0.53,0.93,0.91,0.98,0.322,0.817,0.83,,0.0,0
2026-09-14 02:26:53Z,NYG,in,0.68,Q3 4:13,14.0,NYG,New York Giants D/ST,DST,5.2,6.0,0.34,6.34,7.86,7.67,0.193,1.0,6.34,,0.0,0
2026-09-14 02:26:53Z,NYG,in,0.68,Q3 4:13,14.0,7528,Najee Harris,RB,4.2,0.0,0.91,0.91,1.12,1.35,0.68,1.0,0.91,,0.0,0
2026-09-14 02:26:53Z,DAL,in,0.68,Q3 4:13,-14.0,8162,Sam Howell,QB,0.6,0.0,0.23,0.23,0.16,0.19,0.68,0.3,0.07,,0.0,0
2026-09-14 02:26:53Z,DAL,in,0.68,Q3 4:13,-14.0,11783,Ryan Flournoy,WR,7.4,1.5,2.9,4.4,3.59,3.87,0.198,1.0,4.4,,0.0,0
2026-09-14 02:26:53Z,DAL,in,0.68,Q3 4:13,-14.0,10871,Luke Schoonmaker,TE,1.7,2.2,0.78,2.98,2.83,2.74,0.292,1.0,2.98,,0.0,0
2026-09-14 02:26:53Z,DAL,in,0.68,Q3 4:13,-14.0,7588,Javonte Williams,RB,16.9,5.5,5.16,10.66,10.43,10.91,0.0,1.0,10.66,,0.0,0
2026-09-14 02:27:54Z,DAL,in,0.69,Q3 3:37,-14.0,11533,Brandon Aubrey,K,9.6,1.0,2.54,3.54,3.54,3.98,0.285,1.0,3.54,,0.0,0
2026-09-14 02:27:54Z,DAL,in,0.69,Q3 3:37,-14.0,6786,CeeDee Lamb,WR,18.3,11.3,7.43,18.73,16.88,16.98,0.054,1.0,18.73,,0.0,0
2026-09-14 02:27:54Z,DAL,in,0.69,Q3 3:37,-14.0,3294,Dak Prescott,QB,18.5,8.64,7.95,16.59,14.06,14.38,0.01,1.0,16.59,,0.0,0
2026-09-14 02:27:54Z,NYG,in,0.69,Q3 3:37,14.0,13833,Dominic Zvada,K,8.2,3.0,2.34,5.34,5.34,5.54,0.056,1.0,5.34,,0.0,0
2026-09-14 02:27:54Z,DAL,in,0.69,Q3 3:37,-14.0,8110,Jake Ferguson,TE,9.3,1.6,3.54,5.14,4.11,4.49,0.192,1.0,5.14,,0.0,0
2026-09-14 02:27:54Z,NYG,in,0.69,Q3 3:37,14.0,8131,Isaiah Likely,TE,10.7,24.1,3.3,27.4,28.72,27.42,0.056,1.0,27.4,,0.0,0
2026-09-14 02:27:54Z,DAL,in,0.69,Q3 3:37,-14.0,DAL,Dallas Cowboys D/ST,DST,6.5,7.0,-0.34,6.66,9.21,9.02,0.056,1.0,6.66,,0.0,0
2026-09-14 02:27:54Z,DAL,in,0.69,Q3 3:37,-14.0,8137,George Pickens,WR,15.2,5.8,5.97,11.77,10.15,10.52,0.032,1.0,11.77,,0.0,0
2026-09-14 02:27:54Z,NYG,in,0.69,Q3 3:37,14.0,11597,Theo Johnson,TE,4.3,1.9,0.88,2.78,3.15,3.23,0.154,1.0,2.78,,0.0,0
2026-09-14 02:27:54Z,NYG,in,0.69,Q3 3:37,14.0,12508,Jaxson Dart,QB,20.5,19.22,4.93,24.15,25.97,25.58,0.056,1.0,24.15,,0.0,0
2026-09-14 02:27:54Z,NYG,in,0.69,Q3 3:37,14.0,13285,Malachi Fields,WR,6.2,4.5,1.37,5.87,6.44,6.42,0.201,1.0,5.87,,0.0,0
2026-09-14 02:27:54Z,DAL,in,0.69,Q3 3:37,-14.0,8917,KaVontae Turpin,WR,4.3,1.8,1.7,3.5,3.04,3.13,0.22,1.0,3.5,,0.0,0
2026-09-14 02:27:54Z,NYG,in,0.69,Q3 3:37,14.0,11655,Tyrone Tracy,RB,2.4,-0.6,0.44,-0.16,-0.03,0.14,0.213,0.98,-0.17,,0.0,0
2026-09-14 02:27:54Z,NYG,in,0.69,Q3 3:37,14.0,11632,Malik Nabers,WR,16.5,11.1,3.6,14.7,16.2,16.22,0.069,1.0,14.7,,0.0,0
2026-09-14 02:27:54Z,NYG,in,0.69,Q3 3:37,14.0,7090,Darnell Mooney,WR,5.6,4.7,1.28,5.98,6.5,6.44,0.094,1.0,5.98,,0.0,0
2026-09-14 02:27:54Z,NYG,in,0.69,Q3 3:37,14.0,2306,Jameis Winston,QB,0.5,0.0,0.07,0.07,0.13,0.16,0.69,0.3,0.02,,0.0,0
2026-09-14 02:27:54Z,DAL,in,0.69,Q3 3:37,-14.0,11593,Brevyn Spann-Ford,TE,0.5,3.4,0.38,3.78,3.79,3.56,0.476,1.0,3.78,,0.0,0
2026-09-14 02:27:54Z,NYG,in,0.69,Q3 3:37,14.0,2078,Odell Beckham,WR,4.3,0.0,0.77,0.77,1.1,1.33,0.69,1.0,0.77,,0.0,0
2026-09-14 02:27:54Z,NYG,in,0.69,Q3 3:37,14.0,12481,Cam Skattebo,RB,14.1,9.9,3.93,13.83,14.29,14.27,0.056,1.0,13.83,,0.0,0
2026-09-14 02:27:54Z,DAL,in,0.69,Q3 3:37,-14.0,11199,Emari Demercado,RB,1.8,0.4,0.51,0.91,0.89,0.96,0.332,0.802,0.81,,0.0,0
2026-09-14 02:27:54Z,NYG,in,0.69,Q3 3:37,14.0,NYG,New York Giants D/ST,DST,5.2,6.0,0.34,6.34,7.8,7.61,0.203,1.0,6.34,,0.0,0
2026-09-14 02:27:54Z,NYG,in,0.69,Q3 3:37,14.0,7528,Najee Harris,RB,4.2,0.0,0.87,0.87,1.08,1.3,0.69,1.0,0.87,,0.0,0
2026-09-14 02:27:54Z,DAL,in,0.69,Q3 3:37,-14.0,8162,Sam Howell,QB,0.6,0.0,0.23,0.23,0.15,0.19,0.69,0.3,0.07,,0.0,0
2026-09-14 02:27:54Z,DAL,in,0.69,Q3 3:37,-14.0,11783,Ryan Flournoy,WR,7.4,1.5,2.83,4.33,3.52,3.8,0.208,1.0,4.33,,0.0,0
2026-09-14 02:27:54Z,DAL,in,0.69,Q3 3:37,-14.0,10871,Luke Schoonmaker,TE,1.7,2.2,0.76,2.96,2.81,2.73,0.302,1.0,2.96,,0.0,0
2026-09-14 02:27:54Z,DAL,in,0.69,Q3 3:37,-14.0,7588,Javonte Williams,RB,16.9,6.0,5.05,11.05,10.8,11.24,0.0,1.0,11.05,,0.0,0
2026-09-14 02:28:54Z,DAL,in,0.691,Q3 3:31,-14.0,11533,Brandon Aubrey,K,9.6,1.0,2.53,3.53,3.53,3.96,0.287,1.0,3.53,,0.0,0
2026-09-14 02:28:54Z,DAL,in,0.691,Q3 3:31,-14.0,6786,CeeDee Lamb,WR,18.3,11.3,7.4,18.7,16.84,16.95,0.056,1.0,18.7,,0.0,0
2026-09-14 02:28:54Z,DAL,in,0.691,Q3 3:31,-14.0,3294,Dak Prescott,QB,18.5,8.64,7.92,16.56,14.03,14.35,0.012,1.0,16.56,,0.0,0
2026-09-14 02:28:54Z,NYG,in,0.691,Q3 3:31,14.0,13833,Dominic Zvada,K,8.2,3.0,2.32,5.32,5.32,5.53,0.058,1.0,5.32,,0.0,0
2026-09-14 02:28:54Z,DAL,in,0.691,Q3 3:31,-14.0,8110,Jake Ferguson,TE,9.3,1.6,3.53,5.13,4.1,4.47,0.194,1.0,5.13,,0.0,0
2026-09-14 02:28:54Z,NYG,in,0.691,Q3 3:31,14.0,8131,Isaiah Likely,TE,10.7,24.1,3.29,27.39,28.69,27.4,0.058,1.0,27.39,,0.0,0
2026-09-14 02:28:54Z,DAL,in,0.691,Q3 3:31,-14.0,DAL,Dallas Cowboys D/ST,DST,6.5,7.0,-0.34,6.66,9.2,9.01,0.058,1.0,6.66,,0.0,0
2026-09-14 02:28:54Z,DAL,in,0.691,Q3 3:31,-14.0,8137,George Pickens,WR,15.2,5.8,5.94,11.74,10.13,10.49,0.034,1.0,11.74,,0.0,0
2026-09-14 02:28:54Z,NYG,in,0.691,Q3 3:31,14.0,11597,Theo Johnson,TE,4.3,1.9,0.88,2.78,3.14,3.23,0.156,1.0,2.78,,0.0,0
2026-09-14 02:28:54Z,NYG,in,0.691,Q3 3:31,14.0,12508,Jaxson Dart,QB,20.5,19.22,4.9,24.12,25.94,25.55,0.058,1.0,24.12,,0.0,0
2026-09-14 02:28:54Z,NYG,in,0.691,Q3 3:31,14.0,13285,Malachi Fields,WR,6.2,4.5,1.36,5.86,6.43,6.41,0.203,1.0,5.86,,0.0,0
2026-09-14 02:28:54Z,DAL,in,0.691,Q3 3:31,-14.0,8917,KaVontae Turpin,WR,4.3,1.8,1.69,3.49,3.04,3.13,0.222,1.0,3.49,,0.0,0
2026-09-14 02:28:54Z,NYG,in,0.691,Q3 3:31,14.0,11655,Tyrone Tracy,RB,2.4,-0.6,0.44,-0.16,-0.03,0.14,0.215,0.978,-0.17,,0.0,0
2026-09-14 02:28:54Z,NYG,in,0.691,Q3 3:31,14.0,11632,Malik Nabers,WR,16.5,11.1,3.58,14.68,16.17,16.19,0.07,1.0,14.68,,0.0,0
2026-09-14 02:28:54Z,NYG,in,0.691,Q3 3:31,14.0,7090,Darnell Mooney,WR,5.6,4.7,1.27,5.97,6.49,6.43,0.095,1.0,5.97,,0.0,0
2026-09-14 02:28:54Z,NYG,in,0.691,Q3 3:31,14.0,2306,Jameis Winston,QB,0.5,0.0,0.07,0.07,0.13,0.15,0.691,0.3,0.02,,0.0,0
2026-09-14 02:28:54Z,DAL,in,0.691,Q3 3:31,-14.0,11593,Brevyn Spann-Ford,TE,0.5,3.4,0.38,3.78,3.79,3.55,0.478,1.0,3.78,,0.0,0
2026-09-14 02:28:54Z,NYG,in,0.691,Q3 3:31,14.0,2078,Odell Beckham,WR,4.3,0.0,0.77,0.77,1.1,1.33,0.691,1.0,0.77,,0.0,0
2026-09-14 02:28:54Z,NYG,in,0.691,Q3 3:31,14.0,12481,Cam Skattebo,RB,14.1,9.9,3.9,13.8,14.26,14.25,0.058,1.0,13.8,,0.0,0
2026-09-14 02:28:54Z,DAL,in,0.691,Q3 3:31,-14.0,11199,Emari Demercado,RB,1.8,0.7,0.54,1.24,1.21,1.26,0.0,1.0,1.24,,0.0,0
2026-09-14 02:28:54Z,NYG,in,0.691,Q3 3:31,14.0,NYG,New York Giants D/ST,DST,5.2,6.0,0.34,6.34,7.79,7.6,0.205,1.0,6.34,,0.0,0
2026-09-14 02:28:54Z,NYG,in,0.691,Q3 3:31,14.0,7528,Najee Harris,RB,4.2,0.0,0.87,0.87,1.07,1.3,0.691,1.0,0.87,,0.0,0
2026-09-14 02:28:54Z,DAL,in,0.691,Q3 3:31,-14.0,8162,Sam Howell,QB,0.6,0.0,0.23,0.23,0.15,0.19,0.691,0.3,0.07,,0.0,0
2026-09-14 02:28:54Z,DAL,in,0.691,Q3 3:31,-14.0,11783,Ryan Flournoy,WR,7.4,1.5,2.82,4.32,3.5,3.78,0.21,1.0,4.32,,0.0,0
2026-09-14 02:28:54Z,DAL,in,0.691,Q3 3:31,-14.0,10871,Luke Schoonmaker,TE,1.7,2.2,0.75,2.95,2.8,2.72,0.304,1.0,2.95,,0.0,0
2026-09-14 02:28:54Z,DAL,in,0.691,Q3 3:31,-14.0,7588,Javonte Williams,RB,16.9,6.0,5.03,11.03,10.78,11.22,0.002,1.0,11.03,,0.0,0
2026-09-14 02:29:55Z,DAL,in,0.717,Q3 1:59,-14.0,11533,Brandon Aubrey,K,9.6,1.0,2.3,3.3,3.3,3.72,0.313,1.0,3.3,,0.0,0
2026-09-14 02:29:55Z,DAL,in,0.717,Q3 1:59,-14.0,6786,CeeDee Lamb,WR,18.3,11.3,6.91,18.21,16.35,16.48,0.081,1.0,18.21,,0.0,0
2026-09-14 02:29:55Z,DAL,in,0.717,Q3 1:59,-14.0,3294,Dak Prescott,QB,18.5,8.44,7.34,15.78,13.34,13.68,0.0,1.0,15.78,,0.0,0
2026-09-14 02:29:55Z,NYG,in,0.717,Q3 1:59,14.0,13833,Dominic Zvada,K,8.2,3.0,2.12,5.12,5.12,5.32,0.083,1.0,5.12,,0.0,0
2026-09-14 02:29:55Z,DAL,in,0.717,Q3 1:59,-14.0,8110,Jake Ferguson,TE,9.3,1.6,3.29,4.89,3.87,4.23,0.219,1.0,4.89,,0.0,0
2026-09-14 02:29:55Z,NYG,in,0.717,Q3 1:59,14.0,8131,Isaiah Likely,TE,10.7,24.1,3.01,27.11,28.29,27.13,0.083,1.0,27.11,,0.0,0
2026-09-14 02:29:55Z,DAL,in,0.717,Q3 1:59,-14.0,DAL,Dallas Cowboys D/ST,DST,6.5,7.0,-0.27,6.73,9.01,8.84,0.083,1.0,6.73,,0.0,0
2026-09-14 02:29:55Z,DAL,in,0.717,Q3 1:59,-14.0,8137,George Pickens,WR,15.2,5.8,5.55,11.35,9.74,10.1,0.06,1.0,11.35,,0.0,0
2026-09-14 02:29:55Z,NYG,in,0.717,Q3 1:59,14.0,11597,Theo Johnson,TE,4.3,1.9,0.79,2.69,3.03,3.12,0.182,1.0,2.69,,0.0,0
2026-09-14 02:29:55Z,NYG,in,0.717,Q3 1:59,14.0,12508,Jaxson Dart,QB,20.5,19.22,4.42,23.64,25.34,25.02,0.083,1.0,23.64,,0.0,0
2026-09-14 02:29:55Z,NYG,in,0.717,Q3 1:59,14.0,13285,Malachi Fields,WR,6.2,4.5,1.24,5.74,6.26,6.25,0.228,1.0,5.74,,0.0,0
2026-09-14 02:29:55Z,DAL,in,0.717,Q3 1:59,-14.0,8917,KaVontae Turpin,WR,4.3,1.8,1.58,3.38,2.93,3.02,0.248,1.0,3.38,,0.0,0
2026-09-14 02:29:55Z,NYG,in,0.717,Q3 1:59,14.0,11655,Tyrone Tracy,RB,2.4,-0.6,0.4,-0.2,-0.08,0.08,0.24,0.94,-0.23,,0.0,0
2026-09-14 02:29:55Z,NYG,in,0.717,Q3 1:59,14.0,11632,Malik Nabers,WR,16.5,11.1,3.25,14.35,15.72,15.77,0.096,1.0,14.35,,0.0,0
2026-09-14 02:29:55Z,NYG,in,0.717,Q3 1:59,14.0,7090,Darnell Mooney,WR,5.6,4.7,1.15,5.85,6.33,6.29,0.121,1.0,5.85,,0.0,0
2026-09-14 02:29:55Z,NYG,in,0.717,Q3 1:59,14.0,2306,Jameis Winston,QB,0.5,0.0,0.06,0.06,0.12,0.14,0.717,0.3,0.02,,0.0,0
2026-09-14 02:29:55Z,DAL,in,0.717,Q3 1:59,-14.0,11593,Brevyn Spann-Ford,TE,0.5,3.4,0.35,3.75,3.76,3.54,0.503,1.0,3.75,,0.0,0
2026-09-14 02:29:55Z,NYG,in,0.717,Q3 1:59,14.0,2078,Odell Beckham,WR,4.3,0.0,0.69,0.69,1.0,1.22,0.717,1.0,0.69,,0.0,0
2026-09-14 02:29:55Z,NYG,in,0.717,Q3 1:59,14.0,12481,Cam Skattebo,RB,14.1,9.9,3.54,13.44,13.88,13.89,0.083,1.0,13.44,,0.0,0
2026-09-14 02:29:55Z,DAL,in,0.717,Q3 1:59,-14.0,11199,Emari Demercado,RB,1.8,0.7,0.5,1.2,1.17,1.21,0.026,1.0,1.2,,0.0,0
2026-09-14 02:29:55Z,NYG,in,0.717,Q3 1:59,14.0,NYG,New York Giants D/ST,DST,5.2,6.0,0.34,6.34,7.63,7.47,0.231,1.0,6.34,,0.0,0
2026-09-14 02:29:55Z,NYG,in,0.717,Q3 1:59,14.0,7528,Najee Harris,RB,4.2,0.0,0.79,0.79,0.98,1.19,0.717,1.0,0.79,,0.0,0
2026-09-14 02:29:55Z,DAL,in,0.717,Q3 1:59,-14.0,8162,Sam Howell,QB,0.6,0.0,0.21,0.21,0.14,0.17,0.717,0.3,0.06,,0.0,0
2026-09-14 02:29:55Z,DAL,in,0.717,Q3 1:59,-14.0,11783,Ryan Flournoy,WR,7.4,1.5,2.63,4.13,3.33,3.59,0.236,1.0,4.13,,0.0,0
2026-09-14 02:29:55Z,DAL,in,0.717,Q3 1:59,-14.0,10871,Luke Schoonmaker,TE,1.7,2.2,0.7,2.9,2.75,2.68,0.329,1.0,2.9,,0.0,0
2026-09-14 02:29:55Z,DAL,in,0.717,Q3 1:59,-14.0,7588,Javonte Williams,RB,16.9,6.5,4.65,11.15,10.89,11.28,0.0,1.0,11.15,,0.0,0
2026-09-14 02:30:55Z,DAL,in,0.726,Q3 1:28,-14.0,11533,Brandon Aubrey,K,9.6,1.0,2.23,3.23,3.23,3.63,0.321,1.0,3.23,,0.0,0
2026-09-14 02:30:55Z,DAL,in,0.726,Q3 1:28,-14.0,6786,CeeDee Lamb,WR,18.3,13.8,6.87,20.67,18.86,18.82,0.0,1.0,20.67,,0.0,0
2026-09-14 02:30:55Z,DAL,in,0.726,Q3 1:28,-14.0,3294,Dak Prescott,QB,18.5,9.04,7.2,16.24,13.82,14.12,0.0,1.0,16.24,,0.0,0
2026-09-14 02:30:55Z,NYG,in,0.726,Q3 1:28,14.0,13833,Dominic Zvada,K,8.2,3.0,2.05,5.05,5.05,5.25,0.092,1.0,5.05,,0.0,0
2026-09-14 02:30:55Z,DAL,in,0.726,Q3 1:28,-14.0,8110,Jake Ferguson,TE,9.3,1.6,3.21,4.81,3.8,4.15,0.228,1.0,4.81,,0.0,0
2026-09-14 02:30:55Z,NYG,in,0.726,Q3 1:28,14.0,8131,Isaiah Likely,TE,10.7,24.1,2.92,27.02,28.16,27.04,0.092,1.0,27.02,,0.0,0
2026-09-14 02:30:55Z,DAL,in,0.726,Q3 1:28,-14.0,DAL,Dallas Cowboys D/ST,DST,6.5,7.0,-0.24,6.76,8.94,8.78,0.092,1.0,6.76,,0.0,0
2026-09-14 02:30:55Z,DAL,in,0.726,Q3 1:28,-14.0,8137,George Pickens,WR,15.2,5.8,5.41,11.21,9.61,9.97,0.068,1.0,11.21,,0.0,0
2026-09-14 02:30:55Z,NYG,in,0.726,Q3 1:28,14.0,11597,Theo Johnson,TE,4.3,1.9,0.77,2.67,3.0,3.08,0.19,1.0,2.67,,0.0,0
2026-09-14 02:30:55Z,NYG,in,0.726,Q3 1:28,14.0,12508,Jaxson Dart,QB,20.5,19.22,4.26,23.48,25.14,24.85,0.092,1.0,23.48,,0.0,0
2026-09-14 02:30:55Z,NYG,in,0.726,Q3 1:28,14.0,13285,Malachi Fields,WR,6.2,4.5,1.2,5.7,6.2,6.2,0.237,1.0,5.7,,0.0,0
2026-09-14 02:30:55Z,DAL,in,0.726,Q3 1:28,-14.0,8917,KaVontae Turpin,WR,4.3,1.8,1.54,3.34,2.89,2.98,0.256,1.0,3.34,,0.0,0
2026-09-14 02:30:55Z,NYG,in,0.726,Q3 1:28,14.0,11655,Tyrone Tracy,RB,2.4,-0.6,0.38,-0.22,-0.1,0.06,0.249,0.927,-0.25,,0.0,0
2026-09-14 02:30:55Z,NYG,in,0.726,Q3 1:28,14.0,11632,Malik Nabers,WR,16.5,11.1,3.14,14.24,15.57,15.63,0.104,1.0,14.24,,0.0,0
2026-09-14 02:30:55Z,NYG,in,0.726,Q3 1:28,14.0,7090,Darnell Mooney,WR,5.6,4.7,1.11,5.81,6.28,6.24,0.129,1.0,5.81,,0.0,0
2026-09-14 02:30:55Z,NYG,in,0.726,Q3 1:28,14.0,2306,Jameis Winston,QB,0.5,0.0,0.06,0.06,0.11,0.14,0.726,0.3,0.02,,0.0,0
2026-09-14 02:30:55Z,DAL,in,0.726,Q3 1:28,-14.0,11593,Brevyn Spann-Ford,TE,0.5,3.4,0.35,3.75,3.75,3.54,0.512,1.0,3.75,,0.0,0
2026-09-14 02:30:55Z,NYG,in,0.726,Q3 1:28,14.0,2078,Odell Beckham,WR,4.3,0.0,0.67,0.67,0.97,1.18,0.726,1.0,0.67,,0.0,0
2026-09-14 02:30:55Z,NYG,in,0.726,Q3 1:28,14.0,12481,Cam Skattebo,RB,14.1,9.9,3.41,13.31,13.75,13.77,0.092,1.0,13.31,,0.0,0
2026-09-14 02:30:55Z,DAL,in,0.726,Q3 1:28,-14.0,11199,Emari Demercado,RB,1.8,0.7,0.48,1.18,1.15,1.19,0.034,1.0,1.18,,0.0,0
2026-09-14 02:30:55Z,NYG,in,0.726,Q3 1:28,14.0,NYG,New York Giants D/ST,DST,5.2,6.0,0.34,6.34,7.58,7.43,0.239,1.0,6.34,,0.0,0
2026-09-14 02:30:55Z,NYG,in,0.726,Q3 1:28,14.0,7528,Najee Harris,RB,4.2,0.0,0.76,0.76,0.94,1.15,0.726,1.0,0.76,,0.0,0
2026-09-14 02:30:55Z,DAL,in,0.726,Q3 1:28,-14.0,8162,Sam Howell,QB,0.6,0.0,0.21,0.21,0.13,0.16,0.726,0.3,0.06,,0.0,0
2026-09-14 02:30:55Z,DAL,in,0.726,Q3 1:28,-14.0,11783,Ryan Flournoy,WR,7.4,1.5,2.56,4.06,3.27,3.53,0.244,1.0,4.06,,0.0,0
2026-09-14 02:30:55Z,DAL,in,0.726,Q3 1:28,-14.0,10871,Luke Schoonmaker,TE,1.7,2.2,0.69,2.89,2.73,2.67,0.338,1.0,2.89,,0.0,0
2026-09-14 02:30:55Z,DAL,in,0.726,Q3 1:28,-14.0,7588,Javonte Williams,RB,16.9,6.5,4.5,11.0,10.74,11.14,0.009,1.0,11.0,,0.0,0
2026-09-14 02:31:56Z,DAL,in,0.739,Q3 0:41,-14.0,11533,Brandon Aubrey,K,9.6,1.0,2.11,3.11,3.11,3.51,0.334,1.0,3.11,,0.0,0
2026-09-14 02:31:56Z,DAL,in,0.739,Q3 0:41,-14.0,6786,CeeDee Lamb,WR,18.3,13.8,6.6,20.4,18.6,18.58,0.013,1.0,20.4,,0.0,0
2026-09-14 02:31:56Z,DAL,in,0.739,Q3 0:41,-14.0,3294,Dak Prescott,QB,18.5,9.04,6.9,15.94,13.57,13.88,0.013,1.0,15.94,,0.0,0
2026-09-14 02:31:56Z,NYG,in,0.739,Q3 0:41,14.0,13833,Dominic Zvada,K,8.2,3.0,1.94,4.94,4.94,5.14,0.105,1.0,4.94,,0.0,0
2026-09-14 02:31:56Z,DAL,in,0.739,Q3 0:41,-14.0,8110,Jake Ferguson,TE,9.3,2.6,3.13,5.73,4.75,5.03,0.0,1.0,5.73,,0.0,0
2026-09-14 02:31:56Z,NYG,in,0.739,Q3 0:41,14.0,8131,Isaiah Likely,TE,10.7,24.1,2.78,26.88,27.96,26.9,0.105,1.0,26.88,,0.0,0
2026-09-14 02:31:56Z,DAL,in,0.739,Q3 0:41,-14.0,DAL,Dallas Cowboys D/ST,DST,6.5,7.0,-0.21,6.79,8.84,8.7,0.105,1.0,6.79,,0.0,0
2026-09-14 02:31:56Z,DAL,in,0.739,Q3 0:41,-14.0,8137,George Pickens,WR,15.2,5.8,5.2,11.0,9.42,9.77,0.081,1.0,11.0,,0.0,0
2026-09-14 02:31:56Z,NYG,in,0.739,Q3 0:41,14.0,11597,Theo Johnson,TE,4.3,1.9,0.72,2.62,2.94,3.02,0.203,1.0,2.62,,0.0,0
2026-09-14 02:31:56Z,NYG,in,0.739,Q3 0:41,14.0,12508,Jaxson Dart,QB,20.5,19.22,4.01,23.23,24.84,24.58,0.105,1.0,23.23,,0.0,0
2026-09-14 02:31:56Z,NYG,in,0.739,Q3 0:41,14.0,13285,Malachi Fields,WR,6.2,4.5,1.13,5.63,6.12,6.12,0.25,1.0,5.63,,0.0,0
2026-09-14 02:31:56Z,DAL,in,0.739,Q3 0:41,-14.0,8917,KaVontae Turpin,WR,4.3,1.8,1.48,3.28,2.83,2.92,0.269,1.0,3.28,,0.0,0
2026-09-14 02:31:56Z,NYG,in,0.739,Q3 0:41,14.0,11655,Tyrone Tracy,RB,2.4,-0.6,0.36,-0.24,-0.13,0.03,0.262,0.907,-0.27,,0.0,0
2026-09-14 02:31:56Z,NYG,in,0.739,Q3 0:41,14.0,11632,Malik Nabers,WR,16.5,11.1,2.97,14.07,15.34,15.41,0.118,1.0,14.07,,0.0,0
2026-09-14 02:31:56Z,NYG,in,0.739,Q3 0:41,14.0,7090,Darnell Mooney,WR,5.6,4.7,1.06,5.76,6.2,6.16,0.142,1.0,5.76,,0.0,0
2026-09-14 02:31:56Z,NYG,in,0.739,Q3 0:41,14.0,2306,Jameis Winston,QB,0.5,0.0,0.06,0.06,0.11,0.13,0.739,0.3,0.02,,0.0,0
2026-09-14 02:31:56Z,DAL,in,0.739,Q3 0:41,-14.0,11593,Brevyn Spann-Ford,TE,0.5,3.4,0.33,3.73,3.73,3.53,0.525,1.0,3.73,,0.0,0
2026-09-14 02:31:56Z,NYG,in,0.739,Q3 0:41,14.0,2078,Odell Beckham,WR,4.3,0.0,0.63,0.63,0.92,1.12,0.739,1.0,0.63,,0.0,0
2026-09-14 02:31:56Z,NYG,in,0.739,Q3 0:41,14.0,12481,Cam Skattebo,RB,14.1,9.9,3.22,13.12,13.55,13.59,0.105,1.0,13.12,,0.0,0
2026-09-14 02:31:56Z,DAL,in,0.739,Q3 0:41,-14.0,11199,Emari Demercado,RB,1.8,0.7,0.46,1.16,1.13,1.17,0.047,1.0,1.16,,0.0,0
2026-09-14 02:31:56Z,NYG,in,0.739,Q3 0:41,14.0,NYG,New York Giants D/ST,DST,5.2,6.0,0.34,6.34,7.5,7.36,0.252,1.0,6.34,,0.0,0
2026-09-14 02:31:56Z,NYG,in,0.739,Q3 0:41,14.0,7528,Najee Harris,RB,4.2,0.0,0.72,0.72,0.9,1.1,0.739,1.0,0.72,,0.0,0
2026-09-14 02:31:56Z,DAL,in,0.739,Q3 0:41,-14.0,8162,Sam Howell,QB,0.6,0.0,0.2,0.2,0.13,0.16,0.739,0.3,0.06,,0.0,0
2026-09-14 02:31:56Z,DAL,in,0.739,Q3 0:41,-14.0,11783,Ryan Flournoy,WR,7.4,1.5,2.46,3.96,3.18,3.43,0.257,1.0,3.96,,0.0,0
2026-09-14 02:31:56Z,DAL,in,0.739,Q3 0:41,-14.0,10871,Luke Schoonmaker,TE,1.7,2.2,0.66,2.86,2.71,2.64,0.351,1.0,2.86,,0.0,0
2026-09-14 02:31:56Z,DAL,in,0.739,Q3 0:41,-14.0,7588,Javonte Williams,RB,16.9,6.5,4.27,10.77,10.53,10.92,0.022,1.0,10.77,,0.0,0
2026-09-14 02:32:56Z,DAL,in,0.74,Q3 0:37,-7.0,11533,Brandon Aubrey,K,9.6,2.0,2.17,4.17,4.17,4.5,0.0,1.0,4.17,,0.0,0
2026-09-14 02:32:56Z,DAL,in,0.74,Q3 0:37,-7.0,6786,CeeDee Lamb,WR,18.3,13.8,5.77,19.57,18.58,18.56,0.014,1.0,19.57,,0.0,0
2026-09-14 02:32:56Z,DAL,in,0.74,Q3 0:37,-7.0,3294,Dak Prescott,QB,18.5,9.04,5.87,14.91,13.55,13.86,0.014,1.0,14.91,,0.0,0
2026-09-14 02:32:56Z,NYG,in,0.74,Q3 0:37,7.0,13833,Dominic Zvada,K,8.2,3.0,1.93,4.93,4.93,5.13,0.106,1.0,4.93,,0.0,0
2026-09-14 02:32:56Z,DAL,in,0.74,Q3 0:37,-7.0,8110,Jake Ferguson,TE,9.3,2.6,2.71,5.31,4.74,5.02,0.001,1.0,5.31,,0.0,0
2026-09-14 02:32:56Z,NYG,in,0.74,Q3 0:37,7.0,8131,Isaiah Likely,TE,10.7,24.1,3.24,27.34,27.94,26.88,0.106,1.0,27.34,,0.0,0
2026-09-14 02:32:56Z,DAL,in,0.74,Q3 0:37,-7.0,DAL,Dallas Cowboys D/ST,DST,6.5,7.0,-0.05,6.95,8.83,8.69,0.106,1.0,6.95,,0.0,0
2026-09-14 02:32:56Z,DAL,in,0.74,Q3 0:37,-7.0,8137,George Pickens,WR,15.2,5.8,4.51,10.31,9.4,9.76,0.082,1.0,10.31,,0.0,0
2026-09-14 02:32:56Z,NYG,in,0.74,Q3 0:37,7.0,11597,Theo Johnson,TE,4.3,1.9,0.91,2.81,2.94,3.02,0.204,1.0,2.81,,0.0,0
2026-09-14 02:32:56Z,NYG,in,0.74,Q3 0:37,7.0,12508,Jaxson Dart,QB,20.5,19.22,5.11,24.33,24.82,24.56,0.106,1.0,24.33,,0.0,0
2026-09-14 02:32:56Z,NYG,in,0.74,Q3 0:37,7.0,13285,Malachi Fields,WR,6.2,4.5,1.4,5.9,6.11,6.11,0.251,1.0,5.9,,0.0,0
2026-09-14 02:32:56Z,DAL,in,0.74,Q3 0:37,-7.0,8917,KaVontae Turpin,WR,4.3,1.8,1.28,3.08,2.83,2.92,0.27,1.0,3.08,,0.0,0
2026-09-14 02:32:56Z,NYG,in,0.74,Q3 0:37,7.0,11655,Tyrone Tracy,RB,2.4,-0.6,0.39,-0.21,-0.13,0.02,0.263,0.905,-0.25,,0.0,0
2026-09-14 02:32:56Z,NYG,in,0.74,Q3 0:37,7.0,11632,Malik Nabers,WR,16.5,11.1,3.68,14.78,15.32,15.39,0.119,1.0,14.78,,0.0,0
2026-09-14 02:32:56Z,NYG,in,0.74,Q3 0:37,7.0,7090,Darnell Mooney,WR,5.6,4.7,1.3,6.0,6.19,6.16,0.144,1.0,6.0,,0.0,0
2026-09-14 02:32:56Z,NYG,in,0.74,Q3 0:37,7.0,2306,Jameis Winston,QB,0.5,0.0,0.08,0.08,0.11,0.13,0.74,0.3,0.02,,0.0,0
2026-09-14 02:32:56Z,DAL,in,0.74,Q3 0:37,-7.0,11593,Brevyn Spann-Ford,TE,0.5,3.4,0.31,3.71,3.73,3.53,0.526,1.0,3.71,,0.0,0
2026-09-14 02:32:56Z,NYG,in,0.74,Q3 0:37,7.0,2078,Odell Beckham,WR,4.3,0.0,0.82,0.82,0.91,1.12,0.74,1.0,0.82,,0.0,0
2026-09-14 02:32:56Z,NYG,in,0.74,Q3 0:37,7.0,12481,Cam Skattebo,RB,14.1,9.9,3.39,13.29,13.54,13.57,0.106,1.0,13.29,,0.0,0
2026-09-14 02:32:56Z,DAL,in,0.74,Q3 0:37,-7.0,11199,Emari Demercado,RB,1.8,0.7,0.43,1.13,1.13,1.17,0.048,1.0,1.13,,0.0,0
2026-09-14 02:32:56Z,NYG,in,0.74,Q3 0:37,7.0,NYG,New York Giants D/ST,DST,5.2,3.0,0.4,3.4,4.3,4.35,0.0,1.0,3.4,,0.0,0
2026-09-14 02:32:56Z,NYG,in,0.74,Q3 0:37,7.0,7528,Najee Harris,RB,4.2,0.0,0.77,0.77,0.89,1.09,0.74,1.0,0.77,,0.0,0
2026-09-14 02:32:56Z,DAL,in,0.74,Q3 0:37,-7.0,8162,Sam Howell,QB,0.6,0.0,0.16,0.16,0.13,0.16,0.74,0.3,0.05,,0.0,0
2026-09-14 02:32:56Z,DAL,in,0.74,Q3 0:37,-7.0,11783,Ryan Flournoy,WR,7.4,1.5,2.13,3.63,3.17,3.43,0.258,1.0,3.63,,0.0,0
2026-09-14 02:32:56Z,DAL,in,0.74,Q3 0:37,-7.0,10871,Luke Schoonmaker,TE,1.7,2.2,0.58,2.78,2.7,2.64,0.352,1.0,2.78,,0.0,0
2026-09-14 02:32:56Z,DAL,in,0.74,Q3 0:37,-7.0,7588,Javonte Williams,RB,16.9,12.6,4.54,17.14,17.01,17.0,0.0,1.0,17.14,,0.0,0
2026-09-14 02:33:57Z,DAL,in,0.74,Q3 0:37,-7.0,11533,Brandon Aubrey,K,9.6,2.0,2.17,4.17,4.17,4.5,0.0,1.0,4.17,,0.0,0
2026-09-14 02:33:57Z,DAL,in,0.74,Q3 0:37,-7.0,6786,CeeDee Lamb,WR,18.3,13.8,5.77,19.57,18.58,18.56,0.014,1.0,19.57,,0.0,0
2026-09-14 02:33:57Z,DAL,in,0.74,Q3 0:37,-7.0,3294,Dak Prescott,QB,18.5,9.04,5.87,14.91,13.55,13.86,0.014,1.0,14.91,,0.0,0
2026-09-14 02:33:57Z,NYG,in,0.74,Q3 0:37,7.0,13833,Dominic Zvada,K,8.2,3.0,1.93,4.93,4.93,5.13,0.106,1.0,4.93,,0.0,0
2026-09-14 02:33:57Z,DAL,in,0.74,Q3 0:37,-7.0,8110,Jake Ferguson,TE,9.3,2.6,2.71,5.31,4.74,5.02,0.001,1.0,5.31,,0.0,0
2026-09-14 02:33:57Z,NYG,in,0.74,Q3 0:37,7.0,8131,Isaiah Likely,TE,10.7,24.1,3.24,27.34,27.94,26.88,0.106,1.0,27.34,,0.0,0
2026-09-14 02:33:57Z,DAL,in,0.74,Q3 0:37,-7.0,DAL,Dallas Cowboys D/ST,DST,6.5,7.0,-0.05,6.95,8.83,8.69,0.106,1.0,6.95,,0.0,0
2026-09-14 02:33:57Z,DAL,in,0.74,Q3 0:37,-7.0,8137,George Pickens,WR,15.2,5.8,4.51,10.31,9.4,9.76,0.082,1.0,10.31,,0.0,0
2026-09-14 02:33:57Z,NYG,in,0.74,Q3 0:37,7.0,11597,Theo Johnson,TE,4.3,1.9,0.91,2.81,2.94,3.02,0.204,1.0,2.81,,0.0,0
2026-09-14 02:33:57Z,NYG,in,0.74,Q3 0:37,7.0,12508,Jaxson Dart,QB,20.5,19.22,5.11,24.33,24.82,24.56,0.106,1.0,24.33,,0.0,0
2026-09-14 02:33:57Z,NYG,in,0.74,Q3 0:37,7.0,13285,Malachi Fields,WR,6.2,4.5,1.4,5.9,6.11,6.11,0.251,1.0,5.9,,0.0,0
2026-09-14 02:33:57Z,DAL,in,0.74,Q3 0:37,-7.0,8917,KaVontae Turpin,WR,4.3,1.8,1.28,3.08,2.83,2.92,0.27,1.0,3.08,,0.0,0
2026-09-14 02:33:57Z,NYG,in,0.74,Q3 0:37,7.0,11655,Tyrone Tracy,RB,2.4,-0.6,0.39,-0.21,-0.13,0.02,0.263,0.905,-0.25,,0.0,0
2026-09-14 02:33:57Z,NYG,in,0.74,Q3 0:37,7.0,11632,Malik Nabers,WR,16.5,11.1,3.68,14.78,15.32,15.39,0.119,1.0,14.78,,0.0,0
2026-09-14 02:33:57Z,NYG,in,0.74,Q3 0:37,7.0,7090,Darnell Mooney,WR,5.6,4.7,1.3,6.0,6.19,6.16,0.144,1.0,6.0,,0.0,0
2026-09-14 02:33:57Z,NYG,in,0.74,Q3 0:37,7.0,2306,Jameis Winston,QB,0.5,0.0,0.08,0.08,0.11,0.13,0.74,0.3,0.02,,0.0,0
2026-09-14 02:33:57Z,DAL,in,0.74,Q3 0:37,-7.0,11593,Brevyn Spann-Ford,TE,0.5,3.4,0.31,3.71,3.73,3.53,0.526,1.0,3.71,,0.0,0
2026-09-14 02:33:57Z,NYG,in,0.74,Q3 0:37,7.0,2078,Odell Beckham,WR,4.3,0.0,0.82,0.82,0.91,1.12,0.74,1.0,0.82,,0.0,0
2026-09-14 02:33:57Z,NYG,in,0.74,Q3 0:37,7.0,12481,Cam Skattebo,RB,14.1,9.9,3.39,13.29,13.54,13.57,0.106,1.0,13.29,,0.0,0
2026-09-14 02:33:57Z,DAL,in,0.74,Q3 0:37,-7.0,11199,Emari Demercado,RB,1.8,0.7,0.43,1.13,1.13,1.17,0.048,1.0,1.13,,0.0,0
2026-09-14 02:33:57Z,NYG,in,0.74,Q3 0:37,7.0,NYG,New York Giants D/ST,DST,5.2,3.0,0.4,3.4,4.3,4.35,0.0,1.0,3.4,,0.0,0
2026-09-14 02:33:57Z,NYG,in,0.74,Q3 0:37,7.0,7528,Najee Harris,RB,4.2,0.0,0.77,0.77,0.89,1.09,0.74,1.0,0.77,,0.0,0
2026-09-14 02:33:57Z,DAL,in,0.74,Q3 0:37,-7.0,8162,Sam Howell,QB,0.6,0.0,0.16,0.16,0.13,0.16,0.74,0.3,0.05,,0.0,0
2026-09-14 02:33:57Z,DAL,in,0.74,Q3 0:37,-7.0,11783,Ryan Flournoy,WR,7.4,1.5,2.13,3.63,3.17,3.43,0.258,1.0,3.63,,0.0,0
2026-09-14 02:33:57Z,DAL,in,0.74,Q3 0:37,-7.0,10871,Luke Schoonmaker,TE,1.7,2.2,0.58,2.78,2.7,2.64,0.352,1.0,2.78,,0.0,0
2026-09-14 02:33:57Z,DAL,in,0.74,Q3 0:37,-7.0,7588,Javonte Williams,RB,16.9,12.6,4.54,17.14,17.01,17.0,0.0,1.0,17.14,,0.0,0
2026-09-14 02:34:57Z,DAL,in,0.74,Q3 0:37,-7.0,11533,Brandon Aubrey,K,9.6,2.0,2.17,4.17,4.17,4.5,0.0,1.0,4.17,,0.0,0
2026-09-14 02:34:57Z,DAL,in,0.74,Q3 0:37,-7.0,6786,CeeDee Lamb,WR,18.3,13.8,5.77,19.57,18.58,18.56,0.014,1.0,19.57,,0.0,0
2026-09-14 02:34:57Z,DAL,in,0.74,Q3 0:37,-7.0,3294,Dak Prescott,QB,18.5,9.04,5.87,14.91,13.55,13.86,0.014,1.0,14.91,,0.0,0
2026-09-14 02:34:57Z,NYG,in,0.74,Q3 0:37,7.0,13833,Dominic Zvada,K,8.2,3.0,1.93,4.93,4.93,5.13,0.106,1.0,4.93,,0.0,0
2026-09-14 02:34:57Z,DAL,in,0.74,Q3 0:37,-7.0,8110,Jake Ferguson,TE,9.3,2.6,2.71,5.31,4.74,5.02,0.001,1.0,5.31,,0.0,0
2026-09-14 02:34:57Z,NYG,in,0.74,Q3 0:37,7.0,8131,Isaiah Likely,TE,10.7,24.1,3.24,27.34,27.94,26.88,0.106,1.0,27.34,,0.0,0
2026-09-14 02:34:57Z,DAL,in,0.74,Q3 0:37,-7.0,DAL,Dallas Cowboys D/ST,DST,6.5,7.0,-0.05,6.95,8.83,8.69,0.106,1.0,6.95,,0.0,0
2026-09-14 02:34:57Z,DAL,in,0.74,Q3 0:37,-7.0,8137,George Pickens,WR,15.2,5.8,4.51,10.31,9.4,9.76,0.082,1.0,10.31,,0.0,0
2026-09-14 02:34:57Z,NYG,in,0.74,Q3 0:37,7.0,11597,Theo Johnson,TE,4.3,1.9,0.91,2.81,2.94,3.02,0.204,1.0,2.81,,0.0,0
2026-09-14 02:34:57Z,NYG,in,0.74,Q3 0:37,7.0,12508,Jaxson Dart,QB,20.5,19.22,5.11,24.33,24.82,24.56,0.106,1.0,24.33,,0.0,0
2026-09-14 02:34:57Z,NYG,in,0.74,Q3 0:37,7.0,13285,Malachi Fields,WR,6.2,4.5,1.4,5.9,6.11,6.11,0.251,1.0,5.9,,0.0,0
2026-09-14 02:34:57Z,DAL,in,0.74,Q3 0:37,-7.0,8917,KaVontae Turpin,WR,4.3,1.8,1.28,3.08,2.83,2.92,0.27,1.0,3.08,,0.0,0
2026-09-14 02:34:57Z,NYG,in,0.74,Q3 0:37,7.0,11655,Tyrone Tracy,RB,2.4,-0.6,0.39,-0.21,-0.13,0.02,0.263,0.905,-0.25,,0.0,0
2026-09-14 02:34:57Z,NYG,in,0.74,Q3 0:37,7.0,11632,Malik Nabers,WR,16.5,11.1,3.68,14.78,15.32,15.39,0.119,1.0,14.78,,0.0,0
2026-09-14 02:34:57Z,NYG,in,0.74,Q3 0:37,7.0,7090,Darnell Mooney,WR,5.6,4.7,1.3,6.0,6.19,6.16,0.144,1.0,6.0,,0.0,0
2026-09-14 02:34:57Z,NYG,in,0.74,Q3 0:37,7.0,2306,Jameis Winston,QB,0.5,0.0,0.08,0.08,0.11,0.13,0.74,0.3,0.02,,0.0,0
2026-09-14 02:34:57Z,DAL,in,0.74,Q3 0:37,-7.0,11593,Brevyn Spann-Ford,TE,0.5,3.4,0.31,3.71,3.73,3.53,0.526,1.0,3.71,,0.0,0
2026-09-14 02:34:57Z,NYG,in,0.74,Q3 0:37,7.0,2078,Odell Beckham,WR,4.3,0.0,0.82,0.82,0.91,1.12,0.74,1.0,0.82,,0.0,0
2026-09-14 02:34:57Z,NYG,in,0.74,Q3 0:37,7.0,12481,Cam Skattebo,RB,14.1,9.9,3.39,13.29,13.54,13.57,0.106,1.0,13.29,,0.0,0
2026-09-14 02:34:57Z,DAL,in,0.74,Q3 0:37,-7.0,11199,Emari Demercado,RB,1.8,0.7,0.43,1.13,1.13,1.17,0.048,1.0,1.13,,0.0,0
2026-09-14 02:34:57Z,NYG,in,0.74,Q3 0:37,7.0,NYG,New York Giants D/ST,DST,5.2,3.0,0.4,3.4,4.3,4.35,0.0,1.0,3.4,,0.0,0
2026-09-14 02:34:57Z,NYG,in,0.74,Q3 0:37,7.0,7528,Najee Harris,RB,4.2,0.0,0.77,0.77,0.89,1.09,0.74,1.0,0.77,,0.0,0
2026-09-14 02:34:57Z,DAL,in,0.74,Q3 0:37,-7.0,8162,Sam Howell,QB,0.6,0.0,0.16,0.16,0.13,0.16,0.74,0.3,0.05,,0.0,0
2026-09-14 02:34:57Z,DAL,in,0.74,Q3 0:37,-7.0,11783,Ryan Flournoy,WR,7.4,1.5,2.13,3.63,3.17,3.43,0.258,1.0,3.63,,0.0,0
2026-09-14 02:34:57Z,DAL,in,0.74,Q3 0:37,-7.0,10871,Luke Schoonmaker,TE,1.7,2.2,0.58,2.78,2.7,2.64,0.352,1.0,2.78,,0.0,0
2026-09-14 02:34:57Z,DAL,in,0.74,Q3 0:37,-7.0,7588,Javonte Williams,RB,16.9,12.6,4.54,17.14,17.01,17.0,0.0,1.0,17.14,,0.0,0
2026-09-14 02:35:57Z,DAL,in,0.74,Q3 0:37,-7.0,11533,Brandon Aubrey,K,9.6,2.0,2.17,4.17,4.17,4.5,0.0,1.0,4.17,,0.0,0
2026-09-14 02:35:57Z,DAL,in,0.74,Q3 0:37,-7.0,6786,CeeDee Lamb,WR,18.3,13.8,5.77,19.57,18.58,18.56,0.014,1.0,19.57,,0.0,0
2026-09-14 02:35:57Z,DAL,in,0.74,Q3 0:37,-7.0,3294,Dak Prescott,QB,18.5,9.04,5.87,14.91,13.55,13.86,0.014,1.0,14.91,,0.0,0
2026-09-14 02:35:57Z,NYG,in,0.74,Q3 0:37,7.0,13833,Dominic Zvada,K,8.2,3.0,1.93,4.93,4.93,5.13,0.106,1.0,4.93,,0.0,0
2026-09-14 02:35:57Z,DAL,in,0.74,Q3 0:37,-7.0,8110,Jake Ferguson,TE,9.3,2.6,2.71,5.31,4.74,5.02,0.001,1.0,5.31,,0.0,0
2026-09-14 02:35:57Z,NYG,in,0.74,Q3 0:37,7.0,8131,Isaiah Likely,TE,10.7,24.1,3.24,27.34,27.94,26.88,0.106,1.0,27.34,,0.0,0
2026-09-14 02:35:57Z,DAL,in,0.74,Q3 0:37,-7.0,DAL,Dallas Cowboys D/ST,DST,6.5,7.0,-0.05,6.95,8.83,8.69,0.106,1.0,6.95,,0.0,0
2026-09-14 02:35:57Z,DAL,in,0.74,Q3 0:37,-7.0,8137,George Pickens,WR,15.2,5.8,4.51,10.31,9.4,9.76,0.082,1.0,10.31,,0.0,0
2026-09-14 02:35:57Z,NYG,in,0.74,Q3 0:37,7.0,11597,Theo Johnson,TE,4.3,1.9,0.91,2.81,2.94,3.02,0.204,1.0,2.81,,0.0,0
2026-09-14 02:35:57Z,NYG,in,0.74,Q3 0:37,7.0,12508,Jaxson Dart,QB,20.5,19.22,5.11,24.33,24.82,24.56,0.106,1.0,24.33,,0.0,0
2026-09-14 02:35:57Z,NYG,in,0.74,Q3 0:37,7.0,13285,Malachi Fields,WR,6.2,4.5,1.4,5.9,6.11,6.11,0.251,1.0,5.9,,0.0,0
2026-09-14 02:35:57Z,DAL,in,0.74,Q3 0:37,-7.0,8917,KaVontae Turpin,WR,4.3,1.8,1.28,3.08,2.83,2.92,0.27,1.0,3.08,,0.0,0
2026-09-14 02:35:57Z,NYG,in,0.74,Q3 0:37,7.0,11655,Tyrone Tracy,RB,2.4,-0.6,0.39,-0.21,-0.13,0.02,0.263,0.905,-0.25,,0.0,0
2026-09-14 02:35:57Z,NYG,in,0.74,Q3 0:37,7.0,11632,Malik Nabers,WR,16.5,11.1,3.68,14.78,15.32,15.39,0.119,1.0,14.78,,0.0,0
2026-09-14 02:35:57Z,NYG,in,0.74,Q3 0:37,7.0,7090,Darnell Mooney,WR,5.6,4.7,1.3,6.0,6.19,6.16,0.144,1.0,6.0,,0.0,0
2026-09-14 02:35:57Z,NYG,in,0.74,Q3 0:37,7.0,2306,Jameis Winston,QB,0.5,0.0,0.08,0.08,0.11,0.13,0.74,0.3,0.02,,0.0,0
2026-09-14 02:35:57Z,DAL,in,0.74,Q3 0:37,-7.0,11593,Brevyn Spann-Ford,TE,0.5,3.4,0.31,3.71,3.73,3.53,0.526,1.0,3.71,,0.0,0
2026-09-14 02:35:57Z,NYG,in,0.74,Q3 0:37,7.0,2078,Odell Beckham,WR,4.3,0.0,0.82,0.82,0.91,1.12,0.74,1.0,0.82,,0.0,0
2026-09-14 02:35:57Z,NYG,in,0.74,Q3 0:37,7.0,12481,Cam Skattebo,RB,14.1,9.9,3.39,13.29,13.54,13.57,0.106,1.0,13.29,,0.0,0
2026-09-14 02:35:57Z,DAL,in,0.74,Q3 0:37,-7.0,11199,Emari Demercado,RB,1.8,0.7,0.43,1.13,1.13,1.17,0.048,1.0,1.13,,0.0,0
2026-09-14 02:35:57Z,NYG,in,0.74,Q3 0:37,7.0,NYG,New York Giants D/ST,DST,5.2,3.0,0.4,3.4,4.3,4.35,0.0,1.0,3.4,,0.0,0
2026-09-14 02:35:57Z,NYG,in,0.74,Q3 0:37,7.0,7528,Najee Harris,RB,4.2,0.0,0.77,0.77,0.89,1.09,0.74,1.0,0.77,,0.0,0
2026-09-14 02:35:57Z,DAL,in,0.74,Q3 0:37,-7.0,8162,Sam Howell,QB,0.6,0.0,0.16,0.16,0.13,0.16,0.74,0.3,0.05,,0.0,0
2026-09-14 02:35:57Z,DAL,in,0.74,Q3 0:37,-7.0,11783,Ryan Flournoy,WR,7.4,1.5,2.13,3.63,3.17,3.43,0.258,1.0,3.63,,0.0,0
2026-09-14 02:35:57Z,DAL,in,0.74,Q3 0:37,-7.0,10871,Luke Schoonmaker,TE,1.7,2.2,0.58,2.78,2.7,2.64,0.352,1.0,2.78,,0.0,0
2026-09-14 02:35:57Z,DAL,in,0.74,Q3 0:37,-7.0,7588,Javonte Williams,RB,16.9,12.6,4.54,17.14,17.01,17.0,0.0,1.0,17.14,,0.0,0
2026-09-14 02:36:58Z,DAL,in,0.74,Q3 0:37,-7.0,11533,Brandon Aubrey,K,9.6,2.0,2.17,4.17,4.17,4.5,0.0,1.0,4.17,,0.0,0
2026-09-14 02:36:58Z,DAL,in,0.74,Q3 0:37,-7.0,6786,CeeDee Lamb,WR,18.3,13.8,5.77,19.57,18.58,18.56,0.014,1.0,19.57,,0.0,0
2026-09-14 02:36:58Z,DAL,in,0.74,Q3 0:37,-7.0,3294,Dak Prescott,QB,18.5,9.04,5.87,14.91,13.55,13.86,0.014,1.0,14.91,,0.0,0
2026-09-14 02:36:58Z,NYG,in,0.74,Q3 0:37,7.0,13833,Dominic Zvada,K,8.2,3.0,1.93,4.93,4.93,5.13,0.106,1.0,4.93,,0.0,0
2026-09-14 02:36:58Z,DAL,in,0.74,Q3 0:37,-7.0,8110,Jake Ferguson,TE,9.3,2.6,2.71,5.31,4.74,5.02,0.001,1.0,5.31,,0.0,0
2026-09-14 02:36:58Z,NYG,in,0.74,Q3 0:37,7.0,8131,Isaiah Likely,TE,10.7,24.1,3.24,27.34,27.94,26.88,0.106,1.0,27.34,,0.0,0
2026-09-14 02:36:58Z,DAL,in,0.74,Q3 0:37,-7.0,DAL,Dallas Cowboys D/ST,DST,6.5,7.0,-0.05,6.95,8.83,8.69,0.106,1.0,6.95,,0.0,0
2026-09-14 02:36:58Z,DAL,in,0.74,Q3 0:37,-7.0,8137,George Pickens,WR,15.2,5.8,4.51,10.31,9.4,9.76,0.082,1.0,10.31,,0.0,0
2026-09-14 02:36:58Z,NYG,in,0.74,Q3 0:37,7.0,11597,Theo Johnson,TE,4.3,1.9,0.91,2.81,2.94,3.02,0.204,1.0,2.81,,0.0,0
2026-09-14 02:36:58Z,NYG,in,0.74,Q3 0:37,7.0,12508,Jaxson Dart,QB,20.5,19.22,5.11,24.33,24.82,24.56,0.106,1.0,24.33,,0.0,0
2026-09-14 02:36:58Z,NYG,in,0.74,Q3 0:37,7.0,13285,Malachi Fields,WR,6.2,4.5,1.4,5.9,6.11,6.11,0.251,1.0,5.9,,0.0,0
2026-09-14 02:36:58Z,DAL,in,0.74,Q3 0:37,-7.0,8917,KaVontae Turpin,WR,4.3,1.8,1.28,3.08,2.83,2.92,0.27,1.0,3.08,,0.0,0
2026-09-14 02:36:58Z,NYG,in,0.74,Q3 0:37,7.0,11655,Tyrone Tracy,RB,2.4,-0.6,0.39,-0.21,-0.13,0.02,0.263,0.905,-0.25,,0.0,0
2026-09-14 02:36:58Z,NYG,in,0.74,Q3 0:37,7.0,11632,Malik Nabers,WR,16.5,11.1,3.68,14.78,15.32,15.39,0.119,1.0,14.78,,0.0,0
2026-09-14 02:36:58Z,NYG,in,0.74,Q3 0:37,7.0,7090,Darnell Mooney,WR,5.6,4.7,1.3,6.0,6.19,6.16,0.144,1.0,6.0,,0.0,0
2026-09-14 02:36:58Z,NYG,in,0.74,Q3 0:37,7.0,2306,Jameis Winston,QB,0.5,0.0,0.08,0.08,0.11,0.13,0.74,0.3,0.02,,0.0,0
2026-09-14 02:36:58Z,DAL,in,0.74,Q3 0:37,-7.0,11593,Brevyn Spann-Ford,TE,0.5,3.4,0.31,3.71,3.73,3.53,0.526,1.0,3.71,,0.0,0
2026-09-14 02:36:58Z,NYG,in,0.74,Q3 0:37,7.0,2078,Odell Beckham,WR,4.3,0.0,0.82,0.82,0.91,1.12,0.74,1.0,0.82,,0.0,0
2026-09-14 02:36:58Z,NYG,in,0.74,Q3 0:37,7.0,12481,Cam Skattebo,RB,14.1,9.9,3.39,13.29,13.54,13.57,0.106,1.0,13.29,,0.0,0
2026-09-14 02:36:58Z,DAL,in,0.74,Q3 0:37,-7.0,11199,Emari Demercado,RB,1.8,0.7,0.43,1.13,1.13,1.17,0.048,1.0,1.13,,0.0,0
2026-09-14 02:36:58Z,NYG,in,0.74,Q3 0:37,7.0,NYG,New York Giants D/ST,DST,5.2,3.0,0.4,3.4,4.3,4.35,0.0,1.0,3.4,,0.0,0
2026-09-14 02:36:58Z,NYG,in,0.74,Q3 0:37,7.0,7528,Najee Harris,RB,4.2,0.0,0.77,0.77,0.89,1.09,0.74,1.0,0.77,,0.0,0
2026-09-14 02:36:58Z,DAL,in,0.74,Q3 0:37,-7.0,8162,Sam Howell,QB,0.6,0.0,0.16,0.16,0.13,0.16,0.74,0.3,0.05,,0.0,0
2026-09-14 02:36:58Z,DAL,in,0.74,Q3 0:37,-7.0,11783,Ryan Flournoy,WR,7.4,1.5,2.13,3.63,3.17,3.43,0.258,1.0,3.63,,0.0,0
2026-09-14 02:36:58Z,DAL,in,0.74,Q3 0:37,-7.0,10871,Luke Schoonmaker,TE,1.7,2.2,0.58,2.78,2.7,2.64,0.352,1.0,2.78,,0.0,0
2026-09-14 02:36:58Z,DAL,in,0.74,Q3 0:37,-7.0,7588,Javonte Williams,RB,16.9,12.6,4.54,17.14,17.01,17.0,0.0,1.0,17.14,,0.0,0
2026-09-14 02:37:58Z,DAL,in,0.74,Q3 0:37,-7.0,11533,Brandon Aubrey,K,9.6,2.0,2.17,4.17,4.17,4.5,0.0,1.0,4.17,,0.0,0
2026-09-14 02:37:58Z,DAL,in,0.74,Q3 0:37,-7.0,6786,CeeDee Lamb,WR,18.3,13.8,5.77,19.57,18.58,18.56,0.014,1.0,19.57,,0.0,0
2026-09-14 02:37:58Z,DAL,in,0.74,Q3 0:37,-7.0,3294,Dak Prescott,QB,18.5,9.04,5.87,14.91,13.55,13.86,0.014,1.0,14.91,,0.0,0
2026-09-14 02:37:58Z,NYG,in,0.74,Q3 0:37,7.0,13833,Dominic Zvada,K,8.2,3.0,1.93,4.93,4.93,5.13,0.106,1.0,4.93,,0.0,0
2026-09-14 02:37:58Z,DAL,in,0.74,Q3 0:37,-7.0,8110,Jake Ferguson,TE,9.3,2.6,2.71,5.31,4.74,5.02,0.001,1.0,5.31,,0.0,0
2026-09-14 02:37:58Z,NYG,in,0.74,Q3 0:37,7.0,8131,Isaiah Likely,TE,10.7,24.1,3.24,27.34,27.94,26.88,0.106,1.0,27.34,,0.0,0
2026-09-14 02:37:58Z,DAL,in,0.74,Q3 0:37,-7.0,DAL,Dallas Cowboys D/ST,DST,6.5,7.0,-0.05,6.95,8.83,8.69,0.106,1.0,6.95,,0.0,0
2026-09-14 02:37:58Z,DAL,in,0.74,Q3 0:37,-7.0,8137,George Pickens,WR,15.2,5.8,4.51,10.31,9.4,9.76,0.082,1.0,10.31,,0.0,0
2026-09-14 02:37:58Z,NYG,in,0.74,Q3 0:37,7.0,11597,Theo Johnson,TE,4.3,1.9,0.91,2.81,2.94,3.02,0.204,1.0,2.81,,0.0,0
2026-09-14 02:37:58Z,NYG,in,0.74,Q3 0:37,7.0,12508,Jaxson Dart,QB,20.5,19.22,5.11,24.33,24.82,24.56,0.106,1.0,24.33,,0.0,0
2026-09-14 02:37:58Z,NYG,in,0.74,Q3 0:37,7.0,13285,Malachi Fields,WR,6.2,4.5,1.4,5.9,6.11,6.11,0.251,1.0,5.9,,0.0,0
2026-09-14 02:37:58Z,DAL,in,0.74,Q3 0:37,-7.0,8917,KaVontae Turpin,WR,4.3,1.8,1.28,3.08,2.83,2.92,0.27,1.0,3.08,,0.0,0
2026-09-14 02:37:58Z,NYG,in,0.74,Q3 0:37,7.0,11655,Tyrone Tracy,RB,2.4,-0.6,0.39,-0.21,-0.13,0.02,0.263,0.905,-0.25,,0.0,0
2026-09-14 02:37:58Z,NYG,in,0.74,Q3 0:37,7.0,11632,Malik Nabers,WR,16.5,11.1,3.68,14.78,15.32,15.39,0.119,1.0,14.78,,0.0,0
2026-09-14 02:37:58Z,NYG,in,0.74,Q3 0:37,7.0,7090,Darnell Mooney,WR,5.6,4.7,1.3,6.0,6.19,6.16,0.144,1.0,6.0,,0.0,0
2026-09-14 02:37:58Z,NYG,in,0.74,Q3 0:37,7.0,2306,Jameis Winston,QB,0.5,0.0,0.08,0.08,0.11,0.13,0.74,0.3,0.02,,0.0,0
2026-09-14 02:37:58Z,DAL,in,0.74,Q3 0:37,-7.0,11593,Brevyn Spann-Ford,TE,0.5,3.4,0.31,3.71,3.73,3.53,0.526,1.0,3.71,,0.0,0
2026-09-14 02:37:58Z,NYG,in,0.74,Q3 0:37,7.0,2078,Odell Beckham,WR,4.3,0.0,0.82,0.82,0.91,1.12,0.74,1.0,0.82,,0.0,0
2026-09-14 02:37:58Z,NYG,in,0.74,Q3 0:37,7.0,12481,Cam Skattebo,RB,14.1,9.9,3.39,13.29,13.54,13.57,0.106,1.0,13.29,,0.0,0
2026-09-14 02:37:58Z,DAL,in,0.74,Q3 0:37,-7.0,11199,Emari Demercado,RB,1.8,0.7,0.43,1.13,1.13,1.17,0.048,1.0,1.13,,0.0,0
2026-09-14 02:37:58Z,NYG,in,0.74,Q3 0:37,7.0,NYG,New York Giants D/ST,DST,5.2,3.0,0.4,3.4,4.3,4.35,0.0,1.0,3.4,,0.0,0
2026-09-14 02:37:58Z,NYG,in,0.74,Q3 0:37,7.0,7528,Najee Harris,RB,4.2,0.0,0.77,0.77,0.89,1.09,0.74,1.0,0.77,,0.0,0
2026-09-14 02:37:58Z,DAL,in,0.74,Q3 0:37,-7.0,8162,Sam Howell,QB,0.6,0.0,0.16,0.16,0.13,0.16,0.74,0.3,0.05,,0.0,0
2026-09-14 02:37:58Z,DAL,in,0.74,Q3 0:37,-7.0,11783,Ryan Flournoy,WR,7.4,1.5,2.13,3.63,3.17,3.43,0.258,1.0,3.63,,0.0,0
2026-09-14 02:37:58Z,DAL,in,0.74,Q3 0:37,-7.0,10871,Luke Schoonmaker,TE,1.7,2.2,0.58,2.78,2.7,2.64,0.352,1.0,2.78,,0.0,0
2026-09-14 02:37:58Z,DAL,in,0.74,Q3 0:37,-7.0,7588,Javonte Williams,RB,16.9,12.6,4.54,17.14,17.01,17.0,0.0,1.0,17.14,,0.0,0
2026-09-14 02:38:59Z,DAL,in,0.74,Q3 0:37,-7.0,11533,Brandon Aubrey,K,9.6,2.0,2.17,4.17,4.17,4.5,0.0,1.0,4.17,,0.0,0
2026-09-14 02:38:59Z,DAL,in,0.74,Q3 0:37,-7.0,6786,CeeDee Lamb,WR,18.3,13.8,5.77,19.57,18.58,18.56,0.014,1.0,19.57,,0.0,0
2026-09-14 02:38:59Z,DAL,in,0.74,Q3 0:37,-7.0,3294,Dak Prescott,QB,18.5,9.04,5.87,14.91,13.55,13.86,0.014,1.0,14.91,,0.0,0
2026-09-14 02:38:59Z,NYG,in,0.74,Q3 0:37,7.0,13833,Dominic Zvada,K,8.2,3.0,1.93,4.93,4.93,5.13,0.106,1.0,4.93,,0.0,0
2026-09-14 02:38:59Z,DAL,in,0.74,Q3 0:37,-7.0,8110,Jake Ferguson,TE,9.3,2.6,2.71,5.31,4.74,5.02,0.001,1.0,5.31,,0.0,0
2026-09-14 02:38:59Z,NYG,in,0.74,Q3 0:37,7.0,8131,Isaiah Likely,TE,10.7,24.1,3.24,27.34,27.94,26.88,0.106,1.0,27.34,,0.0,0
2026-09-14 02:38:59Z,DAL,in,0.74,Q3 0:37,-7.0,DAL,Dallas Cowboys D/ST,DST,6.5,7.0,-0.05,6.95,8.83,8.69,0.106,1.0,6.95,,0.0,0
2026-09-14 02:38:59Z,DAL,in,0.74,Q3 0:37,-7.0,8137,George Pickens,WR,15.2,5.8,4.51,10.31,9.4,9.76,0.082,1.0,10.31,,0.0,0
2026-09-14 02:38:59Z,NYG,in,0.74,Q3 0:37,7.0,11597,Theo Johnson,TE,4.3,1.9,0.91,2.81,2.94,3.02,0.204,1.0,2.81,,0.0,0
2026-09-14 02:38:59Z,NYG,in,0.74,Q3 0:37,7.0,12508,Jaxson Dart,QB,20.5,19.22,5.11,24.33,24.82,24.56,0.106,1.0,24.33,,0.0,0
2026-09-14 02:38:59Z,NYG,in,0.74,Q3 0:37,7.0,13285,Malachi Fields,WR,6.2,4.5,1.4,5.9,6.11,6.11,0.251,1.0,5.9,,0.0,0
2026-09-14 02:38:59Z,DAL,in,0.74,Q3 0:37,-7.0,8917,KaVontae Turpin,WR,4.3,1.8,1.28,3.08,2.83,2.92,0.27,1.0,3.08,,0.0,0
2026-09-14 02:38:59Z,NYG,in,0.74,Q3 0:37,7.0,11655,Tyrone Tracy,RB,2.4,-0.6,0.39,-0.21,-0.13,0.02,0.263,0.905,-0.25,,0.0,0
2026-09-14 02:38:59Z,NYG,in,0.74,Q3 0:37,7.0,11632,Malik Nabers,WR,16.5,11.1,3.68,14.78,15.32,15.39,0.119,1.0,14.78,,0.0,0
2026-09-14 02:38:59Z,NYG,in,0.74,Q3 0:37,7.0,7090,Darnell Mooney,WR,5.6,4.7,1.3,6.0,6.19,6.16,0.144,1.0,6.0,,0.0,0
2026-09-14 02:38:59Z,NYG,in,0.74,Q3 0:37,7.0,2306,Jameis Winston,QB,0.5,0.0,0.08,0.08,0.11,0.13,0.74,0.3,0.02,,0.0,0
2026-09-14 02:38:59Z,DAL,in,0.74,Q3 0:37,-7.0,11593,Brevyn Spann-Ford,TE,0.5,3.4,0.31,3.71,3.73,3.53,0.526,1.0,3.71,,0.0,0
2026-09-14 02:38:59Z,NYG,in,0.74,Q3 0:37,7.0,2078,Odell Beckham,WR,4.3,0.0,0.82,0.82,0.91,1.12,0.74,1.0,0.82,,0.0,0
2026-09-14 02:38:59Z,NYG,in,0.74,Q3 0:37,7.0,12481,Cam Skattebo,RB,14.1,9.9,3.39,13.29,13.54,13.57,0.106,1.0,13.29,,0.0,0
2026-09-14 02:38:59Z,DAL,in,0.74,Q3 0:37,-7.0,11199,Emari Demercado,RB,1.8,0.7,0.43,1.13,1.13,1.17,0.048,1.0,1.13,,0.0,0
2026-09-14 02:38:59Z,NYG,in,0.74,Q3 0:37,7.0,NYG,New York Giants D/ST,DST,5.2,3.0,0.4,3.4,4.3,4.35,0.0,1.0,3.4,,0.0,0
2026-09-14 02:38:59Z,NYG,in,0.74,Q3 0:37,7.0,7528,Najee Harris,RB,4.2,0.0,0.77,0.77,0.89,1.09,0.74,1.0,0.77,,0.0,0
2026-09-14 02:38:59Z,DAL,in,0.74,Q3 0:37,-7.0,8162,Sam Howell,QB,0.6,0.0,0.16,0.16,0.13,0.16,0.74,0.3,0.05,,0.0,0
2026-09-14 02:38:59Z,DAL,in,0.74,Q3 0:37,-7.0,11783,Ryan Flournoy,WR,7.4,1.5,2.13,3.63,3.17,3.43,0.258,1.0,3.63,,0.0,0
2026-09-14 02:38:59Z,DAL,in,0.74,Q3 0:37,-7.0,10871,Luke Schoonmaker,TE,1.7,2.2,0.58,2.78,2.7,2.64,0.352,1.0,2.78,,0.0,0
2026-09-14 02:38:59Z,DAL,in,0.74,Q3 0:37,-7.0,7588,Javonte Williams,RB,16.9,12.6,4.54,17.14,17.01,17.0,0.0,1.0,17.14,,0.0,0
2026-09-14 02:39:59Z,DAL,in,0.742,Q3 0:30,-7.0,11533,Brandon Aubrey,K,9.6,2.0,2.15,4.15,4.15,4.48,0.002,1.0,4.15,,0.0,0
2026-09-14 02:39:59Z,DAL,in,0.742,Q3 0:30,-7.0,6786,CeeDee Lamb,WR,18.3,13.8,5.73,19.53,18.54,18.53,0.016,1.0,19.53,,0.0,0
2026-09-14 02:39:59Z,DAL,in,0.742,Q3 0:30,-7.0,3294,Dak Prescott,QB,18.5,9.04,5.83,14.87,13.52,13.82,0.016,1.0,14.87,,0.0,0
2026-09-14 02:39:59Z,NYG,in,0.742,Q3 0:30,7.0,13833,Dominic Zvada,K,8.2,3.0,1.92,4.92,4.92,5.12,0.108,1.0,4.92,,0.0,0
2026-09-14 02:39:59Z,DAL,in,0.742,Q3 0:30,-7.0,8110,Jake Ferguson,TE,9.3,2.6,2.69,5.29,4.72,5.0,0.003,1.0,5.29,,0.0,0
2026-09-14 02:39:59Z,NYG,in,0.742,Q3 0:30,7.0,8131,Isaiah Likely,TE,10.7,24.1,3.21,27.31,27.91,26.86,0.108,1.0,27.31,,0.0,0
2026-09-14 02:39:59Z,DAL,in,0.742,Q3 0:30,-7.0,DAL,Dallas Cowboys D/ST,DST,6.5,7.0,-0.04,6.96,8.82,8.68,0.108,1.0,6.96,,0.0,0
2026-09-14 02:39:59Z,DAL,in,0.742,Q3 0:30,-7.0,8137,George Pickens,WR,15.2,5.8,4.48,10.28,9.37,9.73,0.084,1.0,10.28,,0.0,0
2026-09-14 02:39:59Z,NYG,in,0.742,Q3 0:30,7.0,11597,Theo Johnson,TE,4.3,1.9,0.9,2.8,2.93,3.01,0.206,1.0,2.8,,0.0,0
2026-09-14 02:39:59Z,NYG,in,0.742,Q3 0:30,7.0,12508,Jaxson Dart,QB,20.5,19.42,5.08,24.5,24.99,24.72,0.0,1.0,24.5,,0.0,0
2026-09-14 02:39:59Z,NYG,in,0.742,Q3 0:30,7.0,13285,Malachi Fields,WR,6.2,4.5,1.39,5.89,6.1,6.1,0.253,1.0,5.89,,0.0,0
2026-09-14 02:39:59Z,DAL,in,0.742,Q3 0:30,-7.0,8917,KaVontae Turpin,WR,4.3,1.8,1.28,3.08,2.82,2.91,0.272,1.0,3.08,,0.0,0
2026-09-14 02:39:59Z,NYG,in,0.742,Q3 0:30,7.0,11655,Tyrone Tracy,RB,2.4,-0.6,0.39,-0.21,-0.13,0.02,0.265,0.902,-0.25,,0.0,0
2026-09-14 02:39:59Z,NYG,in,0.742,Q3 0:30,7.0,11632,Malik Nabers,WR,16.5,11.1,3.66,14.76,15.29,15.36,0.121,1.0,14.76,,0.0,0
2026-09-14 02:39:59Z,NYG,in,0.742,Q3 0:30,7.0,7090,Darnell Mooney,WR,5.6,4.7,1.29,5.99,6.18,6.15,0.146,1.0,5.99,,0.0,0
2026-09-14 02:39:59Z,NYG,in,0.742,Q3 0:30,7.0,2306,Jameis Winston,QB,0.5,0.0,0.08,0.08,0.11,0.13,0.742,0.3,0.02,,0.0,0
2026-09-14 02:39:59Z,DAL,in,0.742,Q3 0:30,-7.0,11593,Brevyn Spann-Ford,TE,0.5,3.4,0.31,3.71,3.72,3.53,0.528,1.0,3.71,,0.0,0
2026-09-14 02:39:59Z,NYG,in,0.742,Q3 0:30,7.0,2078,Odell Beckham,WR,4.3,0.0,0.81,0.81,0.9,1.11,0.742,1.0,0.81,,0.0,0
2026-09-14 02:39:59Z,NYG,in,0.742,Q3 0:30,7.0,12481,Cam Skattebo,RB,14.1,9.9,3.36,13.26,13.51,13.54,0.108,1.0,13.26,,0.0,0
2026-09-14 02:39:59Z,DAL,in,0.742,Q3 0:30,-7.0,11199,Emari Demercado,RB,1.8,0.7,0.43,1.13,1.12,1.17,0.05,1.0,1.13,,0.0,0
2026-09-14 02:39:59Z,NYG,in,0.742,Q3 0:30,7.0,NYG,New York Giants D/ST,DST,5.2,3.0,0.4,3.4,4.29,4.34,0.002,1.0,3.4,,0.0,0
2026-09-14 02:39:59Z,NYG,in,0.742,Q3 0:30,7.0,7528,Najee Harris,RB,4.2,0.0,0.76,0.76,0.88,1.08,0.742,1.0,0.76,,0.0,0
2026-09-14 02:39:59Z,DAL,in,0.742,Q3 0:30,-7.0,8162,Sam Howell,QB,0.6,0.0,0.16,0.16,0.13,0.15,0.742,0.3,0.05,,0.0,0
2026-09-14 02:39:59Z,DAL,in,0.742,Q3 0:30,-7.0,11783,Ryan Flournoy,WR,7.4,1.5,2.12,3.62,3.15,3.41,0.26,1.0,3.62,,0.0,0
2026-09-14 02:39:59Z,DAL,in,0.742,Q3 0:30,-7.0,10871,Luke Schoonmaker,TE,1.7,2.2,0.58,2.78,2.7,2.64,0.354,1.0,2.78,,0.0,0
2026-09-14 02:39:59Z,DAL,in,0.742,Q3 0:30,-7.0,7588,Javonte Williams,RB,16.9,12.6,4.51,17.11,16.97,16.97,0.002,1.0,17.11,,0.0,0
2026-09-14 02:41:00Z,DAL,in,0.742,Q3 0:30,-7.0,11533,Brandon Aubrey,K,9.6,2.0,2.15,4.15,4.15,4.48,0.002,1.0,4.15,,0.0,0
2026-09-14 02:41:00Z,DAL,in,0.742,Q3 0:30,-7.0,6786,CeeDee Lamb,WR,18.3,13.8,5.73,19.53,18.54,18.53,0.016,1.0,19.53,,0.0,0
2026-09-14 02:41:00Z,DAL,in,0.742,Q3 0:30,-7.0,3294,Dak Prescott,QB,18.5,9.04,5.83,14.87,13.52,13.82,0.016,1.0,14.87,,0.0,0
2026-09-14 02:41:00Z,NYG,in,0.742,Q3 0:30,7.0,13833,Dominic Zvada,K,8.2,3.0,1.92,4.92,4.92,5.12,0.108,1.0,4.92,,0.0,0
2026-09-14 02:41:00Z,DAL,in,0.742,Q3 0:30,-7.0,8110,Jake Ferguson,TE,9.3,2.6,2.69,5.29,4.72,5.0,0.003,1.0,5.29,,0.0,0
2026-09-14 02:41:00Z,NYG,in,0.742,Q3 0:30,7.0,8131,Isaiah Likely,TE,10.7,24.1,3.21,27.31,27.91,26.86,0.108,1.0,27.31,,0.0,0
2026-09-14 02:41:00Z,DAL,in,0.742,Q3 0:30,-7.0,DAL,Dallas Cowboys D/ST,DST,6.5,7.0,-0.04,6.96,8.82,8.68,0.108,1.0,6.96,,0.0,0
2026-09-14 02:41:00Z,DAL,in,0.742,Q3 0:30,-7.0,8137,George Pickens,WR,15.2,5.8,4.48,10.28,9.37,9.73,0.084,1.0,10.28,,0.0,0
2026-09-14 02:41:00Z,NYG,in,0.742,Q3 0:30,7.0,11597,Theo Johnson,TE,4.3,1.9,0.9,2.8,2.93,3.01,0.206,1.0,2.8,,0.0,0
2026-09-14 02:41:00Z,NYG,in,0.742,Q3 0:30,7.0,12508,Jaxson Dart,QB,20.5,19.42,5.08,24.5,24.99,24.72,0.0,1.0,24.5,,0.0,0
2026-09-14 02:41:00Z,NYG,in,0.742,Q3 0:30,7.0,13285,Malachi Fields,WR,6.2,4.5,1.39,5.89,6.1,6.1,0.253,1.0,5.89,,0.0,0
2026-09-14 02:41:00Z,DAL,in,0.742,Q3 0:30,-7.0,8917,KaVontae Turpin,WR,4.3,1.8,1.28,3.08,2.82,2.91,0.272,1.0,3.08,,0.0,0
2026-09-14 02:41:00Z,NYG,in,0.742,Q3 0:30,7.0,11655,Tyrone Tracy,RB,2.4,-0.6,0.39,-0.21,-0.13,0.02,0.265,0.902,-0.25,,0.0,0
2026-09-14 02:41:00Z,NYG,in,0.742,Q3 0:30,7.0,11632,Malik Nabers,WR,16.5,11.1,3.66,14.76,15.29,15.36,0.121,1.0,14.76,,0.0,0
2026-09-14 02:41:00Z,NYG,in,0.742,Q3 0:30,7.0,7090,Darnell Mooney,WR,5.6,4.7,1.29,5.99,6.18,6.15,0.146,1.0,5.99,,0.0,0
2026-09-14 02:41:00Z,NYG,in,0.742,Q3 0:30,7.0,2306,Jameis Winston,QB,0.5,0.0,0.08,0.08,0.11,0.13,0.742,0.3,0.02,,0.0,0
2026-09-14 02:41:00Z,DAL,in,0.742,Q3 0:30,-7.0,11593,Brevyn Spann-Ford,TE,0.5,3.4,0.31,3.71,3.72,3.53,0.528,1.0,3.71,,0.0,0
2026-09-14 02:41:00Z,NYG,in,0.742,Q3 0:30,7.0,2078,Odell Beckham,WR,4.3,0.0,0.81,0.81,0.9,1.11,0.742,1.0,0.81,,0.0,0
2026-09-14 02:41:00Z,NYG,in,0.742,Q3 0:30,7.0,12481,Cam Skattebo,RB,14.1,9.9,3.36,13.26,13.51,13.54,0.108,1.0,13.26,,0.0,0
2026-09-14 02:41:00Z,DAL,in,0.742,Q3 0:30,-7.0,11199,Emari Demercado,RB,1.8,0.7,0.43,1.13,1.12,1.17,0.05,1.0,1.13,,0.0,0
2026-09-14 02:41:00Z,NYG,in,0.742,Q3 0:30,7.0,NYG,New York Giants D/ST,DST,5.2,3.0,0.4,3.4,4.29,4.34,0.002,1.0,3.4,,0.0,0
2026-09-14 02:41:00Z,NYG,in,0.742,Q3 0:30,7.0,7528,Najee Harris,RB,4.2,0.0,0.76,0.76,0.88,1.08,0.742,1.0,0.76,,0.0,0
2026-09-14 02:41:00Z,DAL,in,0.742,Q3 0:30,-7.0,8162,Sam Howell,QB,0.6,0.0,0.16,0.16,0.13,0.15,0.742,0.3,0.05,,0.0,0
2026-09-14 02:41:00Z,DAL,in,0.742,Q3 0:30,-7.0,11783,Ryan Flournoy,WR,7.4,1.5,2.12,3.62,3.15,3.41,0.26,1.0,3.62,,0.0,0
2026-09-14 02:41:00Z,DAL,in,0.742,Q3 0:30,-7.0,10871,Luke Schoonmaker,TE,1.7,2.2,0.58,2.78,2.7,2.64,0.354,1.0,2.78,,0.0,0
2026-09-14 02:41:00Z,DAL,in,0.742,Q3 0:30,-7.0,7588,Javonte Williams,RB,16.9,12.6,4.51,17.11,16.97,16.97,0.002,1.0,17.11,,0.0,0
2026-09-14 02:42:00Z,DAL,in,0.742,Q3 0:30,-7.0,11533,Brandon Aubrey,K,9.6,2.0,2.15,4.15,4.15,4.48,0.002,1.0,4.15,,0.0,0
2026-09-14 02:42:00Z,DAL,in,0.742,Q3 0:30,-7.0,6786,CeeDee Lamb,WR,18.3,13.8,5.73,19.53,18.54,18.53,0.016,1.0,19.53,,0.0,0
2026-09-14 02:42:00Z,DAL,in,0.742,Q3 0:30,-7.0,3294,Dak Prescott,QB,18.5,9.04,5.83,14.87,13.52,13.82,0.016,1.0,14.87,,0.0,0
2026-09-14 02:42:00Z,NYG,in,0.742,Q3 0:30,7.0,13833,Dominic Zvada,K,8.2,3.0,1.92,4.92,4.92,5.12,0.108,1.0,4.92,,0.0,0
2026-09-14 02:42:00Z,DAL,in,0.742,Q3 0:30,-7.0,8110,Jake Ferguson,TE,9.3,2.6,2.69,5.29,4.72,5.0,0.003,1.0,5.29,,0.0,0
2026-09-14 02:42:00Z,NYG,in,0.742,Q3 0:30,7.0,8131,Isaiah Likely,TE,10.7,24.1,3.21,27.31,27.91,26.86,0.108,1.0,27.31,,0.0,0
2026-09-14 02:42:00Z,DAL,in,0.742,Q3 0:30,-7.0,DAL,Dallas Cowboys D/ST,DST,6.5,7.0,-0.04,6.96,8.82,8.68,0.108,1.0,6.96,,0.0,0
2026-09-14 02:42:00Z,DAL,in,0.742,Q3 0:30,-7.0,8137,George Pickens,WR,15.2,5.8,4.48,10.28,9.37,9.73,0.084,1.0,10.28,,0.0,0
2026-09-14 02:42:00Z,NYG,in,0.742,Q3 0:30,7.0,11597,Theo Johnson,TE,4.3,1.9,0.9,2.8,2.93,3.01,0.206,1.0,2.8,,0.0,0
2026-09-14 02:42:00Z,NYG,in,0.742,Q3 0:30,7.0,12508,Jaxson Dart,QB,20.5,19.42,5.08,24.5,24.99,24.72,0.0,1.0,24.5,,0.0,0
2026-09-14 02:42:00Z,NYG,in,0.742,Q3 0:30,7.0,13285,Malachi Fields,WR,6.2,4.5,1.39,5.89,6.1,6.1,0.253,1.0,5.89,,0.0,0
2026-09-14 02:42:00Z,DAL,in,0.742,Q3 0:30,-7.0,8917,KaVontae Turpin,WR,4.3,1.8,1.28,3.08,2.82,2.91,0.272,1.0,3.08,,0.0,0
2026-09-14 02:42:00Z,NYG,in,0.742,Q3 0:30,7.0,11655,Tyrone Tracy,RB,2.4,-0.6,0.39,-0.21,-0.13,0.02,0.265,0.902,-0.25,,0.0,0
2026-09-14 02:42:00Z,NYG,in,0.742,Q3 0:30,7.0,11632,Malik Nabers,WR,16.5,11.1,3.66,14.76,15.29,15.36,0.121,1.0,14.76,,0.0,0
2026-09-14 02:42:00Z,NYG,in,0.742,Q3 0:30,7.0,7090,Darnell Mooney,WR,5.6,4.7,1.29,5.99,6.18,6.15,0.146,1.0,5.99,,0.0,0
2026-09-14 02:42:00Z,NYG,in,0.742,Q3 0:30,7.0,2306,Jameis Winston,QB,0.5,0.0,0.08,0.08,0.11,0.13,0.742,0.3,0.02,,0.0,0
2026-09-14 02:42:00Z,DAL,in,0.742,Q3 0:30,-7.0,11593,Brevyn Spann-Ford,TE,0.5,3.4,0.31,3.71,3.72,3.53,0.528,1.0,3.71,,0.0,0
2026-09-14 02:42:00Z,NYG,in,0.742,Q3 0:30,7.0,2078,Odell Beckham,WR,4.3,0.0,0.81,0.81,0.9,1.11,0.742,1.0,0.81,,0.0,0
2026-09-14 02:42:00Z,NYG,in,0.742,Q3 0:30,7.0,12481,Cam Skattebo,RB,14.1,9.9,3.36,13.26,13.51,13.54,0.108,1.0,13.26,,0.0,0
2026-09-14 02:42:00Z,DAL,in,0.742,Q3 0:30,-7.0,11199,Emari Demercado,RB,1.8,0.7,0.43,1.13,1.12,1.17,0.05,1.0,1.13,,0.0,0
2026-09-14 02:42:00Z,NYG,in,0.742,Q3 0:30,7.0,NYG,New York Giants D/ST,DST,5.2,3.0,0.4,3.4,4.29,4.34,0.002,1.0,3.4,,0.0,0
2026-09-14 02:42:00Z,NYG,in,0.742,Q3 0:30,7.0,7528,Najee Harris,RB,4.2,0.0,0.76,0.76,0.88,1.08,0.742,1.0,0.76,,0.0,0
2026-09-14 02:42:00Z,DAL,in,0.742,Q3 0:30,-7.0,8162,Sam Howell,QB,0.6,0.0,0.16,0.16,0.13,0.15,0.742,0.3,0.05,,0.0,0
2026-09-14 02:42:00Z,DAL,in,0.742,Q3 0:30,-7.0,11783,Ryan Flournoy,WR,7.4,1.5,2.12,3.62,3.15,3.41,0.26,1.0,3.62,,0.0,0
2026-09-14 02:42:00Z,DAL,in,0.742,Q3 0:30,-7.0,10871,Luke Schoonmaker,TE,1.7,2.2,0.58,2.78,2.7,2.64,0.354,1.0,2.78,,0.0,0
2026-09-14 02:42:00Z,DAL,in,0.742,Q3 0:30,-7.0,7588,Javonte Williams,RB,16.9,12.6,4.51,17.11,16.97,16.97,0.002,1.0,17.11,,0.0,0
2026-09-14 02:43:01Z,DAL,in,0.75,Q4 15:00,-7.0,11533,Brandon Aubrey,K,9.6,2.0,2.08,4.08,4.08,4.4,0.01,1.0,4.08,,0.0,0
2026-09-14 02:43:01Z,DAL,in,0.75,Q4 15:00,-7.0,6786,CeeDee Lamb,WR,18.3,13.8,5.57,19.37,18.38,18.38,0.024,1.0,19.37,,0.0,0
2026-09-14 02:43:01Z,DAL,in,0.75,Q4 15:00,-7.0,3294,Dak Prescott,QB,18.5,9.04,5.65,14.69,13.36,13.66,0.024,1.0,14.69,,0.0,0
2026-09-14 02:43:01Z,NYG,in,0.75,Q4 15:00,7.0,13833,Dominic Zvada,K,8.2,3.0,1.85,4.85,4.85,5.05,0.116,1.0,4.85,,0.0,0
2026-09-14 02:43:01Z,DAL,in,0.75,Q4 15:00,-7.0,8110,Jake Ferguson,TE,9.3,2.6,2.62,5.22,4.65,4.93,0.011,1.0,5.22,,0.0,0
2026-09-14 02:43:01Z,NYG,in,0.75,Q4 15:00,7.0,8131,Isaiah Likely,TE,10.7,24.1,3.11,27.21,27.78,26.78,0.116,1.0,27.21,,0.0,0
2026-09-14 02:43:01Z,DAL,in,0.75,Q4 15:00,-7.0,DAL,Dallas Cowboys D/ST,DST,6.5,6.0,0.03,6.03,7.7,7.62,0.0,1.0,6.03,,0.0,0
2026-09-14 02:43:01Z,DAL,in,0.75,Q4 15:00,-7.0,8137,George Pickens,WR,15.2,5.8,4.35,10.15,9.25,9.6,0.093,1.0,10.15,,0.0,0
2026-09-14 02:43:01Z,NYG,in,0.75,Q4 15:00,7.0,11597,Theo Johnson,TE,4.3,1.9,0.87,2.77,2.89,2.97,0.215,1.0,2.77,,0.0,0
2026-09-14 02:43:01Z,NYG,in,0.75,Q4 15:00,7.0,12508,Jaxson Dart,QB,20.5,19.42,4.91,24.33,24.8,24.55,0.008,1.0,24.33,,0.0,0
2026-09-14 02:43:01Z,NYG,in,0.75,Q4 15:00,7.0,13285,Malachi Fields,WR,6.2,4.5,1.35,5.85,6.04,6.05,0.261,1.0,5.85,,0.0,0
2026-09-14 02:43:01Z,DAL,in,0.75,Q4 15:00,-7.0,8917,KaVontae Turpin,WR,4.3,1.8,1.24,3.04,2.79,2.88,0.281,1.0,3.04,,0.0,0
2026-09-14 02:43:01Z,NYG,in,0.75,Q4 15:00,7.0,11655,Tyrone Tracy,RB,2.4,-0.6,0.37,-0.23,-0.15,0.0,0.273,0.89,-0.27,,0.0,0
2026-09-14 02:43:01Z,NYG,in,0.75,Q4 15:00,7.0,11632,Malik Nabers,WR,16.5,11.1,3.54,14.64,15.15,15.22,0.129,1.0,14.64,,0.0,0
2026-09-14 02:43:01Z,NYG,in,0.75,Q4 15:00,7.0,7090,Darnell Mooney,WR,5.6,4.7,1.25,5.95,6.13,6.1,0.154,1.0,5.95,,0.0,0
2026-09-14 02:43:01Z,NYG,in,0.75,Q4 15:00,7.0,2306,Jameis Winston,QB,0.5,0.0,0.08,0.08,0.1,0.12,0.75,0.3,0.02,,0.0,0
2026-09-14 02:43:01Z,DAL,in,0.75,Q4 15:00,-7.0,11593,Brevyn Spann-Ford,TE,0.5,3.4,0.3,3.7,3.71,3.52,0.536,1.0,3.7,,0.0,0
2026-09-14 02:43:01Z,NYG,in,0.75,Q4 15:00,7.0,2078,Odell Beckham,WR,4.3,0.0,0.78,0.78,0.87,1.07,0.75,1.0,0.78,,0.0,0
2026-09-14 02:43:01Z,NYG,in,0.75,Q4 15:00,7.0,12481,Cam Skattebo,RB,14.1,9.9,3.24,13.14,13.38,13.43,0.116,1.0,13.14,,0.0,0
2026-09-14 02:43:01Z,DAL,in,0.75,Q4 15:00,-7.0,11199,Emari Demercado,RB,1.8,0.7,0.41,1.11,1.11,1.15,0.059,1.0,1.11,,0.0,0
2026-09-14 02:43:01Z,NYG,in,0.75,Q4 15:00,7.0,NYG,New York Giants D/ST,DST,5.2,3.0,0.39,3.39,4.24,4.3,0.01,1.0,3.39,,0.0,0
2026-09-14 02:43:01Z,NYG,in,0.75,Q4 15:00,7.0,7528,Najee Harris,RB,4.2,0.0,0.73,0.73,0.85,1.05,0.75,1.0,0.73,,0.0,0
2026-09-14 02:43:01Z,DAL,in,0.75,Q4 15:00,-7.0,8162,Sam Howell,QB,0.6,0.0,0.16,0.16,0.12,0.15,0.75,0.3,0.05,,0.0,0
2026-09-14 02:43:01Z,DAL,in,0.75,Q4 15:00,-7.0,11783,Ryan Flournoy,WR,7.4,1.5,2.06,3.56,3.1,3.35,0.269,1.0,3.56,,0.0,0
2026-09-14 02:43:01Z,DAL,in,0.75,Q4 15:00,-7.0,10871,Luke Schoonmaker,TE,1.7,2.2,0.56,2.76,2.68,2.62,0.362,1.0,2.76,,0.0,0
2026-09-14 02:43:01Z,DAL,in,0.75,Q4 15:00,-7.0,7588,Javonte Williams,RB,16.9,12.6,4.35,16.95,16.82,16.82,0.01,1.0,16.95,,0.0,0
2026-09-14 02:44:01Z,DAL,in,0.75,Q4 15:00,-7.0,11533,Brandon Aubrey,K,9.6,2.0,2.08,4.08,4.08,4.4,0.01,1.0,4.08,,0.0,0
2026-09-14 02:44:01Z,DAL,in,0.75,Q4 15:00,-7.0,6786,CeeDee Lamb,WR,18.3,13.8,5.57,19.37,18.38,18.38,0.024,1.0,19.37,,0.0,0
2026-09-14 02:44:01Z,DAL,in,0.75,Q4 15:00,-7.0,3294,Dak Prescott,QB,18.5,9.04,5.65,14.69,13.36,13.66,0.024,1.0,14.69,,0.0,0
2026-09-14 02:44:01Z,NYG,in,0.75,Q4 15:00,7.0,13833,Dominic Zvada,K,8.2,3.0,1.85,4.85,4.85,5.05,0.116,1.0,4.85,,0.0,0
2026-09-14 02:44:01Z,DAL,in,0.75,Q4 15:00,-7.0,8110,Jake Ferguson,TE,9.3,2.6,2.62,5.22,4.65,4.93,0.011,1.0,5.22,,0.0,0
2026-09-14 02:44:01Z,NYG,in,0.75,Q4 15:00,7.0,8131,Isaiah Likely,TE,10.7,24.1,3.11,27.21,27.78,26.78,0.116,1.0,27.21,,0.0,0
2026-09-14 02:44:01Z,DAL,in,0.75,Q4 15:00,-7.0,DAL,Dallas Cowboys D/ST,DST,6.5,7.0,-0.03,6.97,8.76,8.62,0.0,1.0,6.97,,0.0,0
2026-09-14 02:44:01Z,DAL,in,0.75,Q4 15:00,-7.0,8137,George Pickens,WR,15.2,5.8,4.35,10.15,9.25,9.6,0.093,1.0,10.15,,0.0,0
2026-09-14 02:44:01Z,NYG,in,0.75,Q4 15:00,7.0,11597,Theo Johnson,TE,4.3,1.9,0.87,2.77,2.89,2.97,0.215,1.0,2.77,,0.0,0
2026-09-14 02:44:01Z,NYG,in,0.75,Q4 15:00,7.0,12508,Jaxson Dart,QB,20.5,19.42,4.91,24.33,24.8,24.55,0.008,1.0,24.33,,0.0,0
2026-09-14 02:44:01Z,NYG,in,0.75,Q4 15:00,7.0,13285,Malachi Fields,WR,6.2,4.5,1.35,5.85,6.04,6.05,0.261,1.0,5.85,,0.0,0
2026-09-14 02:44:01Z,DAL,in,0.75,Q4 15:00,-7.0,8917,KaVontae Turpin,WR,4.3,1.8,1.24,3.04,2.79,2.88,0.281,1.0,3.04,,0.0,0
2026-09-14 02:44:01Z,NYG,in,0.75,Q4 15:00,7.0,11655,Tyrone Tracy,RB,2.4,-0.6,0.37,-0.23,-0.15,0.0,0.273,0.89,-0.27,,0.0,0
2026-09-14 02:44:01Z,NYG,in,0.75,Q4 15:00,7.0,11632,Malik Nabers,WR,16.5,11.1,3.54,14.64,15.15,15.22,0.129,1.0,14.64,,0.0,0
2026-09-14 02:44:01Z,NYG,in,0.75,Q4 15:00,7.0,7090,Darnell Mooney,WR,5.6,4.7,1.25,5.95,6.13,6.1,0.154,1.0,5.95,,0.0,0
2026-09-14 02:44:01Z,NYG,in,0.75,Q4 15:00,7.0,2306,Jameis Winston,QB,0.5,0.0,0.08,0.08,0.1,0.12,0.75,0.3,0.02,,0.0,0
2026-09-14 02:44:01Z,DAL,in,0.75,Q4 15:00,-7.0,11593,Brevyn Spann-Ford,TE,0.5,3.4,0.3,3.7,3.71,3.52,0.536,1.0,3.7,,0.0,0
2026-09-14 02:44:01Z,NYG,in,0.75,Q4 15:00,7.0,2078,Odell Beckham,WR,4.3,0.0,0.78,0.78,0.87,1.07,0.75,1.0,0.78,,0.0,0
2026-09-14 02:44:01Z,NYG,in,0.75,Q4 15:00,7.0,12481,Cam Skattebo,RB,14.1,9.9,3.24,13.14,13.38,13.43,0.116,1.0,13.14,,0.0,0
2026-09-14 02:44:01Z,DAL,in,0.75,Q4 15:00,-7.0,11199,Emari Demercado,RB,1.8,0.7,0.41,1.11,1.11,1.15,0.059,1.0,1.11,,0.0,0
2026-09-14 02:44:01Z,NYG,in,0.75,Q4 15:00,7.0,NYG,New York Giants D/ST,DST,5.2,3.0,0.39,3.39,4.24,4.3,0.01,1.0,3.39,,0.0,0
2026-09-14 02:44:01Z,NYG,in,0.75,Q4 15:00,7.0,7528,Najee Harris,RB,4.2,0.0,0.73,0.73,0.85,1.05,0.75,1.0,0.73,,0.0,0
2026-09-14 02:44:01Z,DAL,in,0.75,Q4 15:00,-7.0,8162,Sam Howell,QB,0.6,0.0,0.16,0.16,0.12,0.15,0.75,0.3,0.05,,0.0,0
2026-09-14 02:44:01Z,DAL,in,0.75,Q4 15:00,-7.0,11783,Ryan Flournoy,WR,7.4,1.5,2.06,3.56,3.1,3.35,0.269,1.0,3.56,,0.0,0
2026-09-14 02:44:01Z,DAL,in,0.75,Q4 15:00,-7.0,10871,Luke Schoonmaker,TE,1.7,2.2,0.56,2.76,2.68,2.62,0.362,1.0,2.76,,0.0,0
2026-09-14 02:44:01Z,DAL,in,0.75,Q4 15:00,-7.0,7588,Javonte Williams,RB,16.9,12.6,4.35,16.95,16.82,16.82,0.01,1.0,16.95,,0.0,0
2026-09-14 02:45:01Z,DAL,in,0.75,Q4 15:00,-7.0,11533,Brandon Aubrey,K,9.6,2.0,2.08,4.08,4.08,4.4,0.01,1.0,4.08,,0.0,0
2026-09-14 02:45:01Z,DAL,in,0.75,Q4 15:00,-7.0,6786,CeeDee Lamb,WR,18.3,13.8,5.57,19.37,18.38,18.38,0.024,1.0,19.37,,0.0,0
2026-09-14 02:45:01Z,DAL,in,0.75,Q4 15:00,-7.0,3294,Dak Prescott,QB,18.5,9.04,5.65,14.69,13.36,13.66,0.024,1.0,14.69,,0.0,0
2026-09-14 02:45:01Z,NYG,in,0.75,Q4 15:00,7.0,13833,Dominic Zvada,K,8.2,3.0,1.85,4.85,4.85,5.05,0.116,1.0,4.85,,0.0,0
2026-09-14 02:45:01Z,DAL,in,0.75,Q4 15:00,-7.0,8110,Jake Ferguson,TE,9.3,2.6,2.62,5.22,4.65,4.93,0.011,1.0,5.22,,0.0,0
2026-09-14 02:45:01Z,NYG,in,0.75,Q4 15:00,7.0,8131,Isaiah Likely,TE,10.7,24.1,3.11,27.21,27.78,26.78,0.116,1.0,27.21,,0.0,0
2026-09-14 02:45:01Z,DAL,in,0.75,Q4 15:00,-7.0,DAL,Dallas Cowboys D/ST,DST,6.5,7.0,-0.03,6.97,8.76,8.62,0.0,1.0,6.97,,0.0,0
2026-09-14 02:45:01Z,DAL,in,0.75,Q4 15:00,-7.0,8137,George Pickens,WR,15.2,5.8,4.35,10.15,9.25,9.6,0.093,1.0,10.15,,0.0,0
2026-09-14 02:45:01Z,NYG,in,0.75,Q4 15:00,7.0,11597,Theo Johnson,TE,4.3,1.9,0.87,2.77,2.89,2.97,0.215,1.0,2.77,,0.0,0
2026-09-14 02:45:01Z,NYG,in,0.75,Q4 15:00,7.0,12508,Jaxson Dart,QB,20.5,19.42,4.91,24.33,24.8,24.55,0.008,1.0,24.33,,0.0,0
2026-09-14 02:45:01Z,NYG,in,0.75,Q4 15:00,7.0,13285,Malachi Fields,WR,6.2,4.5,1.35,5.85,6.04,6.05,0.261,1.0,5.85,,0.0,0
2026-09-14 02:45:01Z,DAL,in,0.75,Q4 15:00,-7.0,8917,KaVontae Turpin,WR,4.3,1.8,1.24,3.04,2.79,2.88,0.281,1.0,3.04,,0.0,0
2026-09-14 02:45:01Z,NYG,in,0.75,Q4 15:00,7.0,11655,Tyrone Tracy,RB,2.4,-0.6,0.37,-0.23,-0.15,0.0,0.273,0.89,-0.27,,0.0,0
2026-09-14 02:45:01Z,NYG,in,0.75,Q4 15:00,7.0,11632,Malik Nabers,WR,16.5,11.1,3.54,14.64,15.15,15.22,0.129,1.0,14.64,,0.0,0
2026-09-14 02:45:01Z,NYG,in,0.75,Q4 15:00,7.0,7090,Darnell Mooney,WR,5.6,4.7,1.25,5.95,6.13,6.1,0.154,1.0,5.95,,0.0,0
2026-09-14 02:45:01Z,NYG,in,0.75,Q4 15:00,7.0,2306,Jameis Winston,QB,0.5,0.0,0.08,0.08,0.1,0.12,0.75,0.3,0.02,,0.0,0
2026-09-14 02:45:01Z,DAL,in,0.75,Q4 15:00,-7.0,11593,Brevyn Spann-Ford,TE,0.5,3.4,0.3,3.7,3.71,3.52,0.536,1.0,3.7,,0.0,0
2026-09-14 02:45:01Z,NYG,in,0.75,Q4 15:00,7.0,2078,Odell Beckham,WR,4.3,0.0,0.78,0.78,0.87,1.07,0.75,1.0,0.78,,0.0,0
2026-09-14 02:45:01Z,NYG,in,0.75,Q4 15:00,7.0,12481,Cam Skattebo,RB,14.1,9.9,3.24,13.14,13.38,13.43,0.116,1.0,13.14,,0.0,0
2026-09-14 02:45:01Z,DAL,in,0.75,Q4 15:00,-7.0,11199,Emari Demercado,RB,1.8,0.7,0.41,1.11,1.11,1.15,0.059,1.0,1.11,,0.0,0
2026-09-14 02:45:01Z,NYG,in,0.75,Q4 15:00,7.0,NYG,New York Giants D/ST,DST,5.2,3.0,0.39,3.39,4.24,4.3,0.01,1.0,3.39,,0.0,0
2026-09-14 02:45:01Z,NYG,in,0.75,Q4 15:00,7.0,7528,Najee Harris,RB,4.2,0.0,0.73,0.73,0.85,1.05,0.75,1.0,0.73,,0.0,0
2026-09-14 02:45:01Z,DAL,in,0.75,Q4 15:00,-7.0,8162,Sam Howell,QB,0.6,0.0,0.16,0.16,0.12,0.15,0.75,0.3,0.05,,0.0,0
2026-09-14 02:45:01Z,DAL,in,0.75,Q4 15:00,-7.0,11783,Ryan Flournoy,WR,7.4,1.5,2.06,3.56,3.1,3.35,0.269,1.0,3.56,,0.0,0
2026-09-14 02:45:01Z,DAL,in,0.75,Q4 15:00,-7.0,10871,Luke Schoonmaker,TE,1.7,2.2,0.56,2.76,2.68,2.62,0.362,1.0,2.76,,0.0,0
2026-09-14 02:45:01Z,DAL,in,0.75,Q4 15:00,-7.0,7588,Javonte Williams,RB,16.9,12.6,4.35,16.95,16.82,16.82,0.01,1.0,16.95,,0.0,0
2026-09-14 02:46:02Z,DAL,in,0.75,Q4 15:00,-7.0,11533,Brandon Aubrey,K,9.6,2.0,2.08,4.08,4.08,4.4,0.01,1.0,4.08,,0.0,0
2026-09-14 02:46:02Z,DAL,in,0.75,Q4 15:00,-7.0,6786,CeeDee Lamb,WR,18.3,13.8,5.57,19.37,18.38,18.38,0.024,1.0,19.37,,0.0,0
2026-09-14 02:46:02Z,DAL,in,0.75,Q4 15:00,-7.0,3294,Dak Prescott,QB,18.5,9.04,5.65,14.69,13.36,13.66,0.024,1.0,14.69,,0.0,0
2026-09-14 02:46:02Z,NYG,in,0.75,Q4 15:00,7.0,13833,Dominic Zvada,K,8.2,3.0,1.85,4.85,4.85,5.05,0.116,1.0,4.85,,0.0,0
2026-09-14 02:46:02Z,DAL,in,0.75,Q4 15:00,-7.0,8110,Jake Ferguson,TE,9.3,2.6,2.62,5.22,4.65,4.93,0.011,1.0,5.22,,0.0,0
2026-09-14 02:46:02Z,NYG,in,0.75,Q4 15:00,7.0,8131,Isaiah Likely,TE,10.7,24.1,3.11,27.21,27.78,26.78,0.116,1.0,27.21,,0.0,0
2026-09-14 02:46:02Z,DAL,in,0.75,Q4 15:00,-7.0,DAL,Dallas Cowboys D/ST,DST,6.5,7.0,-0.03,6.97,8.76,8.62,0.0,1.0,6.97,,0.0,0
2026-09-14 02:46:02Z,DAL,in,0.75,Q4 15:00,-7.0,8137,George Pickens,WR,15.2,5.8,4.35,10.15,9.25,9.6,0.093,1.0,10.15,,0.0,0
2026-09-14 02:46:02Z,NYG,in,0.75,Q4 15:00,7.0,11597,Theo Johnson,TE,4.3,1.9,0.87,2.77,2.89,2.97,0.215,1.0,2.77,,0.0,0
2026-09-14 02:46:02Z,NYG,in,0.75,Q4 15:00,7.0,12508,Jaxson Dart,QB,20.5,20.12,4.97,25.09,25.54,25.25,0.0,1.0,25.09,,0.0,0
2026-09-14 02:46:02Z,NYG,in,0.75,Q4 15:00,7.0,13285,Malachi Fields,WR,6.2,4.5,1.35,5.85,6.04,6.05,0.261,1.0,5.85,,0.0,0
2026-09-14 02:46:02Z,DAL,in,0.75,Q4 15:00,-7.0,8917,KaVontae Turpin,WR,4.3,1.8,1.24,3.04,2.79,2.88,0.281,1.0,3.04,,0.0,0
2026-09-14 02:46:02Z,NYG,in,0.75,Q4 15:00,7.0,11655,Tyrone Tracy,RB,2.4,-0.6,0.37,-0.23,-0.15,0.0,0.273,0.89,-0.27,,0.0,0
2026-09-14 02:46:02Z,NYG,in,0.75,Q4 15:00,7.0,11632,Malik Nabers,WR,16.5,11.1,3.54,14.64,15.15,15.22,0.129,1.0,14.64,,0.0,0
2026-09-14 02:46:02Z,NYG,in,0.75,Q4 15:00,7.0,7090,Darnell Mooney,WR,5.6,4.7,1.25,5.95,6.13,6.1,0.154,1.0,5.95,,0.0,0
2026-09-14 02:46:02Z,NYG,in,0.75,Q4 15:00,7.0,2306,Jameis Winston,QB,0.5,0.0,0.08,0.08,0.1,0.12,0.75,0.3,0.02,,0.0,0
2026-09-14 02:46:02Z,DAL,in,0.75,Q4 15:00,-7.0,11593,Brevyn Spann-Ford,TE,0.5,3.4,0.3,3.7,3.71,3.52,0.536,1.0,3.7,,0.0,0
2026-09-14 02:46:02Z,NYG,in,0.75,Q4 15:00,7.0,2078,Odell Beckham,WR,4.3,0.0,0.78,0.78,0.87,1.07,0.75,1.0,0.78,,0.0,0
2026-09-14 02:46:02Z,NYG,in,0.75,Q4 15:00,7.0,12481,Cam Skattebo,RB,14.1,9.9,3.24,13.14,13.38,13.43,0.116,1.0,13.14,,0.0,0
2026-09-14 02:46:02Z,DAL,in,0.75,Q4 15:00,-7.0,11199,Emari Demercado,RB,1.8,0.7,0.41,1.11,1.11,1.15,0.059,1.0,1.11,,0.0,0
2026-09-14 02:46:02Z,NYG,in,0.75,Q4 15:00,7.0,NYG,New York Giants D/ST,DST,5.2,3.0,0.39,3.39,4.24,4.3,0.01,1.0,3.39,,0.0,0
2026-09-14 02:46:02Z,NYG,in,0.75,Q4 15:00,7.0,7528,Najee Harris,RB,4.2,0.0,0.73,0.73,0.85,1.05,0.75,1.0,0.73,,0.0,0
2026-09-14 02:46:02Z,DAL,in,0.75,Q4 15:00,-7.0,8162,Sam Howell,QB,0.6,0.0,0.16,0.16,0.12,0.15,0.75,0.3,0.05,,0.0,0
2026-09-14 02:46:02Z,DAL,in,0.75,Q4 15:00,-7.0,11783,Ryan Flournoy,WR,7.4,1.5,2.06,3.56,3.1,3.35,0.269,1.0,3.56,,0.0,0
2026-09-14 02:46:02Z,DAL,in,0.75,Q4 15:00,-7.0,10871,Luke Schoonmaker,TE,1.7,2.2,0.56,2.76,2.68,2.62,0.362,1.0,2.76,,0.0,0
2026-09-14 02:46:02Z,DAL,in,0.75,Q4 15:00,-7.0,7588,Javonte Williams,RB,16.9,12.6,4.35,16.95,16.82,16.82,0.01,1.0,16.95,,0.0,0
2026-09-14 02:47:02Z,DAL,in,0.773,Q4 13:38,-7.0,11533,Brandon Aubrey,K,9.6,2.0,1.87,3.87,3.87,4.18,0.033,1.0,3.87,,0.0,0
2026-09-14 02:47:02Z,DAL,in,0.773,Q4 13:38,-7.0,6786,CeeDee Lamb,WR,18.3,13.8,5.12,18.92,17.94,17.96,0.047,1.0,18.92,,0.0,0
2026-09-14 02:47:02Z,DAL,in,0.773,Q4 13:38,-7.0,3294,Dak Prescott,QB,18.5,9.04,5.17,14.21,12.95,13.24,0.047,1.0,14.21,,0.0,0
2026-09-14 02:47:02Z,NYG,in,0.773,Q4 13:38,7.0,13833,Dominic Zvada,K,8.2,3.0,1.67,4.67,4.67,4.86,0.139,1.0,4.67,,0.0,0
2026-09-14 02:47:02Z,DAL,in,0.773,Q4 13:38,-7.0,8110,Jake Ferguson,TE,9.3,2.6,2.41,5.01,4.45,4.71,0.034,1.0,5.01,,0.0,0
2026-09-14 02:47:02Z,NYG,in,0.773,Q4 13:38,7.0,8131,Isaiah Likely,TE,10.7,24.1,2.84,26.94,27.43,26.53,0.139,1.0,26.94,,0.0,0
2026-09-14 02:47:02Z,DAL,in,0.773,Q4 13:38,-7.0,DAL,Dallas Cowboys D/ST,DST,6.5,7.0,0.0,7.0,8.59,8.48,0.023,1.0,7.0,,0.0,0
2026-09-14 02:47:02Z,DAL,in,0.773,Q4 13:38,-7.0,8137,George Pickens,WR,15.2,5.8,4.0,9.8,8.92,9.25,0.116,1.0,9.8,,0.0,0
2026-09-14 02:47:02Z,NYG,in,0.773,Q4 13:38,7.0,11597,Theo Johnson,TE,4.3,1.9,0.79,2.69,2.8,2.88,0.238,1.0,2.69,,0.0,0
2026-09-14 02:47:02Z,NYG,in,0.773,Q4 13:38,7.0,12508,Jaxson Dart,QB,20.5,20.32,4.51,24.83,25.23,24.98,0.0,1.0,24.83,,0.0,0
2026-09-14 02:47:02Z,NYG,in,0.773,Q4 13:38,7.0,13285,Malachi Fields,WR,6.2,4.5,1.22,5.72,5.89,5.91,0.284,1.0,5.72,,0.0,0
2026-09-14 02:47:02Z,DAL,in,0.773,Q4 13:38,-7.0,8917,KaVontae Turpin,WR,4.3,1.8,1.14,2.94,2.69,2.78,0.303,1.0,2.94,,0.0,0
2026-09-14 02:47:02Z,NYG,in,0.773,Q4 13:38,7.0,11655,Tyrone Tracy,RB,2.4,-0.6,0.34,-0.26,-0.19,-0.05,0.296,0.856,-0.31,,0.0,0
2026-09-14 02:47:02Z,NYG,in,0.773,Q4 13:38,7.0,11632,Malik Nabers,WR,16.5,11.1,3.22,14.32,14.76,14.85,0.152,1.0,14.32,,0.0,0
2026-09-14 02:47:02Z,NYG,in,0.773,Q4 13:38,7.0,7090,Darnell Mooney,WR,5.6,4.7,1.13,5.83,5.99,5.97,0.177,1.0,5.83,,0.0,0
2026-09-14 02:47:02Z,NYG,in,0.773,Q4 13:38,7.0,2306,Jameis Winston,QB,0.5,0.0,0.07,0.07,0.09,0.11,0.773,0.3,0.02,,0.0,0
2026-09-14 02:47:02Z,DAL,in,0.773,Q4 13:38,-7.0,11593,Brevyn Spann-Ford,TE,0.5,3.4,0.28,3.68,3.68,3.51,0.559,1.0,3.68,,0.0,0
2026-09-14 02:47:02Z,NYG,in,0.773,Q4 13:38,7.0,2078,Odell Beckham,WR,4.3,0.0,0.71,0.71,0.79,0.98,0.773,1.0,0.71,,0.0,0
2026-09-14 02:47:02Z,NYG,in,0.773,Q4 13:38,7.0,12481,Cam Skattebo,RB,14.1,9.9,2.91,12.81,13.05,13.1,0.139,1.0,12.81,,0.0,0
2026-09-14 02:47:02Z,DAL,in,0.773,Q4 13:38,-7.0,11199,Emari Demercado,RB,1.8,0.7,0.37,1.07,1.07,1.11,0.081,1.0,1.07,,0.0,0
2026-09-14 02:47:02Z,NYG,in,0.773,Q4 13:38,7.0,NYG,New York Giants D/ST,DST,5.2,3.0,0.36,3.36,4.12,4.18,0.033,1.0,3.36,,0.0,0
2026-09-14 02:47:02Z,NYG,in,0.773,Q4 13:38,7.0,7528,Najee Harris,RB,4.2,0.0,0.66,0.66,0.77,0.95,0.773,1.0,0.66,,0.0,0
2026-09-14 02:47:02Z,DAL,in,0.773,Q4 13:38,-7.0,8162,Sam Howell,QB,0.6,0.0,0.14,0.14,0.11,0.14,0.773,0.3,0.04,,0.0,0
2026-09-14 02:47:02Z,DAL,in,0.773,Q4 13:38,-7.0,11783,Ryan Flournoy,WR,7.4,1.5,1.89,3.39,2.94,3.18,0.291,1.0,3.39,,0.0,0
2026-09-14 02:47:02Z,DAL,in,0.773,Q4 13:38,-7.0,10871,Luke Schoonmaker,TE,1.7,2.2,0.52,2.72,2.64,2.59,0.385,1.0,2.72,,0.0,0
2026-09-14 02:47:02Z,DAL,in,0.773,Q4 13:38,-7.0,7588,Javonte Williams,RB,16.9,12.6,3.93,16.53,16.41,16.44,0.033,1.0,16.53,,0.0,0
2026-09-14 02:48:03Z,DAL,in,0.785,Q4 12:55,-7.0,11533,Brandon Aubrey,K,9.6,2.0,1.77,3.77,3.77,4.07,0.045,1.0,3.77,,0.0,0
2026-09-14 02:48:03Z,DAL,in,0.785,Q4 12:55,-7.0,6786,CeeDee Lamb,WR,18.3,13.8,4.88,18.68,17.71,17.74,0.059,1.0,18.68,,0.0,0
2026-09-14 02:48:03Z,DAL,in,0.785,Q4 12:55,-7.0,3294,Dak Prescott,QB,18.5,9.04,4.92,13.96,12.73,13.02,0.059,1.0,13.96,,0.0,0
2026-09-14 02:48:03Z,NYG,in,0.785,Q4 12:55,7.0,13833,Dominic Zvada,K,8.2,3.0,1.58,4.58,4.58,4.77,0.151,1.0,4.58,,0.0,0
2026-09-14 02:48:03Z,DAL,in,0.785,Q4 12:55,-7.0,8110,Jake Ferguson,TE,9.3,2.6,2.29,4.89,4.35,4.6,0.046,1.0,4.89,,0.0,0
2026-09-14 02:48:03Z,NYG,in,0.785,Q4 12:55,7.0,8131,Isaiah Likely,TE,10.7,24.1,2.7,26.8,27.25,26.4,0.151,1.0,26.8,,0.0,0
2026-09-14 02:48:03Z,DAL,in,0.785,Q4 12:55,-7.0,DAL,Dallas Cowboys D/ST,DST,6.5,7.0,0.01,7.01,8.5,8.4,0.035,1.0,7.01,,0.0,0
2026-09-14 02:48:03Z,DAL,in,0.785,Q4 12:55,-7.0,8137,George Pickens,WR,15.2,5.8,3.81,9.61,8.74,9.07,0.127,1.0,9.61,,0.0,0
2026-09-14 02:48:03Z,NYG,in,0.785,Q4 12:55,7.0,11597,Theo Johnson,TE,4.3,1.9,0.75,2.65,2.75,2.83,0.249,1.0,2.65,,0.0,0
2026-09-14 02:48:03Z,NYG,in,0.785,Q4 12:55,7.0,12508,Jaxson Dart,QB,20.5,21.12,4.32,25.44,25.8,25.53,0.0,1.0,25.44,,0.0,0
2026-09-14 02:48:03Z,NYG,in,0.785,Q4 12:55,7.0,13285,Malachi Fields,WR,6.2,4.5,1.16,5.66,5.82,5.83,0.296,1.0,5.66,,0.0,0
2026-09-14 02:48:03Z,DAL,in,0.785,Q4 12:55,-7.0,8917,KaVontae Turpin,WR,4.3,1.8,1.09,2.89,2.64,2.73,0.315,1.0,2.89,,0.0,0
2026-09-14 02:48:03Z,NYG,in,0.785,Q4 12:55,7.0,11655,Tyrone Tracy,RB,2.4,-0.6,0.32,-0.28,-0.22,-0.08,0.308,0.838,-0.34,,0.0,0
2026-09-14 02:48:03Z,NYG,in,0.785,Q4 12:55,7.0,11632,Malik Nabers,WR,16.5,11.1,3.05,14.15,14.55,14.65,0.164,1.0,14.15,,0.0,0
2026-09-14 02:48:03Z,NYG,in,0.785,Q4 12:55,7.0,7090,Darnell Mooney,WR,5.6,4.7,1.07,5.77,5.92,5.91,0.189,1.0,5.77,,0.0,0
2026-09-14 02:48:03Z,NYG,in,0.785,Q4 12:55,7.0,2306,Jameis Winston,QB,0.5,0.0,0.07,0.07,0.09,0.11,0.785,0.3,0.02,,0.0,0
2026-09-14 02:48:03Z,DAL,in,0.785,Q4 12:55,-7.0,11593,Brevyn Spann-Ford,TE,0.5,3.4,0.26,3.66,3.67,3.51,0.571,1.0,3.66,,0.0,0
2026-09-14 02:48:03Z,NYG,in,0.785,Q4 12:55,7.0,2078,Odell Beckham,WR,4.3,0.0,0.67,0.67,0.74,0.93,0.785,1.0,0.67,,0.0,0
2026-09-14 02:48:03Z,NYG,in,0.785,Q4 12:55,7.0,12481,Cam Skattebo,RB,14.1,10.7,2.79,13.49,13.72,13.74,0.0,1.0,13.49,,0.0,0
2026-09-14 02:48:03Z,DAL,in,0.785,Q4 12:55,-7.0,11199,Emari Demercado,RB,1.8,0.7,0.35,1.05,1.05,1.09,0.093,1.0,1.05,,0.0,0
2026-09-14 02:48:03Z,NYG,in,0.785,Q4 12:55,7.0,NYG,New York Giants D/ST,DST,5.2,3.0,0.34,3.34,4.06,4.12,0.045,1.0,3.34,,0.0,0
2026-09-14 02:48:03Z,NYG,in,0.785,Q4 12:55,7.0,7528,Najee Harris,RB,4.2,0.0,0.62,0.62,0.73,0.9,0.785,1.0,0.62,,0.0,0
2026-09-14 02:48:03Z,DAL,in,0.785,Q4 12:55,-7.0,8162,Sam Howell,QB,0.6,0.0,0.14,0.14,0.1,0.13,0.785,0.3,0.04,,0.0,0
2026-09-14 02:48:03Z,DAL,in,0.785,Q4 12:55,-7.0,11783,Ryan Flournoy,WR,7.4,1.5,1.8,3.3,2.86,3.09,0.303,1.0,3.3,,0.0,0
2026-09-14 02:48:03Z,DAL,in,0.785,Q4 12:55,-7.0,10871,Luke Schoonmaker,TE,1.7,2.2,0.49,2.69,2.61,2.57,0.397,1.0,2.69,,0.0,0
2026-09-14 02:48:03Z,DAL,in,0.785,Q4 12:55,-7.0,7588,Javonte Williams,RB,16.9,12.6,3.71,16.31,16.2,16.24,0.045,1.0,16.31,,0.0,0
2026-09-14 02:49:03Z,DAL,in,0.797,Q4 12:10,-7.0,11533,Brandon Aubrey,K,9.6,2.0,1.66,3.66,3.66,3.95,0.058,1.0,3.66,,0.0,0
2026-09-14 02:49:03Z,DAL,in,0.797,Q4 12:10,-7.0,6786,CeeDee Lamb,WR,18.3,13.8,4.63,18.43,17.47,17.51,0.072,1.0,18.43,,0.0,0
2026-09-14 02:49:03Z,DAL,in,0.797,Q4 12:10,-7.0,3294,Dak Prescott,QB,18.5,9.04,4.65,13.69,12.5,12.79,0.072,1.0,13.69,,0.0,0
2026-09-14 02:49:03Z,NYG,in,0.797,Q4 12:10,7.0,13833,Dominic Zvada,K,8.2,3.0,1.48,4.48,4.48,4.66,0.164,1.0,4.48,,0.0,0
2026-09-14 02:49:03Z,DAL,in,0.797,Q4 12:10,-7.0,8110,Jake Ferguson,TE,9.3,2.6,2.17,4.77,4.24,4.49,0.059,1.0,4.77,,0.0,0
2026-09-14 02:49:03Z,NYG,in,0.797,Q4 12:10,7.0,8131,Isaiah Likely,TE,10.7,24.1,2.55,26.65,27.06,26.27,0.164,1.0,26.65,,0.0,0
2026-09-14 02:49:03Z,DAL,in,0.797,Q4 12:10,-7.0,DAL,Dallas Cowboys D/ST,DST,6.5,7.0,0.03,7.03,8.41,8.32,0.047,1.0,7.03,,0.0,0
2026-09-14 02:49:03Z,DAL,in,0.797,Q4 12:10,-7.0,8137,George Pickens,WR,15.2,5.8,3.61,9.41,8.56,8.88,0.14,1.0,9.41,,0.0,0
2026-09-14 02:49:03Z,NYG,in,0.797,Q4 12:10,7.0,11597,Theo Johnson,TE,4.3,1.9,0.71,2.61,2.69,2.77,0.262,1.0,2.61,,0.0,0
2026-09-14 02:49:03Z,NYG,in,0.797,Q4 12:10,7.0,12508,Jaxson Dart,QB,20.5,21.12,4.06,25.18,25.52,25.28,0.013,1.0,25.18,,0.0,0
2026-09-14 02:49:03Z,NYG,in,0.797,Q4 12:10,7.0,13285,Malachi Fields,WR,6.2,4.5,1.09,5.59,5.73,5.76,0.308,1.0,5.59,,0.0,0
2026-09-14 02:49:03Z,DAL,in,0.797,Q4 12:10,-7.0,8917,KaVontae Turpin,WR,4.3,1.8,1.03,2.83,2.59,2.67,0.328,1.0,2.83,,0.0,0
2026-09-14 02:49:03Z,NYG,in,0.797,Q4 12:10,7.0,11655,Tyrone Tracy,RB,2.4,-0.6,0.3,-0.3,-0.24,-0.11,0.321,0.819,-0.36,,0.0,0
2026-09-14 02:49:03Z,NYG,in,0.797,Q4 12:10,7.0,11632,Malik Nabers,WR,16.5,11.1,2.87,13.97,14.34,14.45,0.176,1.0,13.97,,0.0,0
2026-09-14 02:49:03Z,NYG,in,0.797,Q4 12:10,7.0,7090,Darnell Mooney,WR,5.6,4.7,1.01,5.71,5.85,5.84,0.201,1.0,5.71,,0.0,0
2026-09-14 02:49:03Z,NYG,in,0.797,Q4 12:10,7.0,2306,Jameis Winston,QB,0.5,0.0,0.06,0.06,0.08,0.1,0.797,0.3,0.02,,0.0,0
2026-09-14 02:49:03Z,DAL,in,0.797,Q4 12:10,-7.0,11593,Brevyn Spann-Ford,TE,0.5,3.4,0.25,3.65,3.65,3.5,0.584,1.0,3.65,,0.0,0
2026-09-14 02:49:03Z,NYG,in,0.797,Q4 12:10,7.0,2078,Odell Beckham,WR,4.3,0.0,0.63,0.63,0.7,0.87,0.797,1.0,0.63,,0.0,0
2026-09-14 02:49:03Z,NYG,in,0.797,Q4 12:10,7.0,12481,Cam Skattebo,RB,14.1,10.7,2.62,13.32,13.53,13.56,0.013,1.0,13.32,,0.0,0
2026-09-14 02:49:03Z,DAL,in,0.797,Q4 12:10,-7.0,11199,Emari Demercado,RB,1.8,0.7,0.33,1.03,1.03,1.06,0.106,1.0,1.03,,0.0,0
2026-09-14 02:49:03Z,NYG,in,0.797,Q4 12:10,7.0,NYG,New York Giants D/ST,DST,5.2,3.0,0.33,3.33,4.0,4.05,0.058,1.0,3.33,,0.0,0
2026-09-14 02:49:03Z,NYG,in,0.797,Q4 12:10,7.0,7528,Najee Harris,RB,4.2,0.0,0.58,0.58,0.68,0.85,0.797,1.0,0.58,,0.0,0
2026-09-14 02:49:03Z,DAL,in,0.797,Q4 12:10,-7.0,8162,Sam Howell,QB,0.6,0.0,0.13,0.13,0.1,0.12,0.797,0.3,0.04,,0.0,0
2026-09-14 02:49:03Z,DAL,in,0.797,Q4 12:10,-7.0,11783,Ryan Flournoy,WR,7.4,1.5,1.71,3.21,2.78,3.0,0.316,1.0,3.21,,0.0,0
2026-09-14 02:49:03Z,DAL,in,0.797,Q4 12:10,-7.0,10871,Luke Schoonmaker,TE,1.7,2.2,0.47,2.67,2.59,2.54,0.41,1.0,2.67,,0.0,0
2026-09-14 02:49:03Z,DAL,in,0.797,Q4 12:10,-7.0,7588,Javonte Williams,RB,16.9,12.6,3.48,16.08,15.98,16.03,0.058,1.0,16.08,,0.0,0
2026-09-14 02:50:03Z,DAL,in,0.806,Q4 11:40,-7.0,11533,Brandon Aubrey,K,9.6,2.0,1.59,3.59,3.59,3.87,0.066,1.0,3.59,,0.0,0
2026-09-14 02:50:03Z,DAL,in,0.806,Q4 11:40,-7.0,6786,CeeDee Lamb,WR,18.3,13.8,4.49,18.29,17.31,17.36,0.08,1.0,18.29,,0.0,0
2026-09-14 02:50:03Z,DAL,in,0.806,Q4 11:40,-7.0,3294,Dak Prescott,QB,18.5,9.04,4.5,13.54,12.35,12.64,0.08,1.0,13.54,,0.0,0
2026-09-14 02:50:03Z,NYG,in,0.806,Q4 11:40,7.0,13833,Dominic Zvada,K,8.2,3.0,1.42,4.42,4.42,4.59,0.172,1.0,4.42,,0.0,0
2026-09-14 02:50:03Z,DAL,in,0.806,Q4 11:40,-7.0,8110,Jake Ferguson,TE,9.3,2.6,2.1,4.7,4.17,4.41,0.067,1.0,4.7,,0.0,0
2026-09-14 02:50:03Z,NYG,in,0.806,Q4 11:40,7.0,8131,Isaiah Likely,TE,10.7,24.1,2.47,26.57,26.93,26.18,0.172,1.0,26.57,,0.0,0
2026-09-14 02:50:03Z,DAL,in,0.806,Q4 11:40,-7.0,DAL,Dallas Cowboys D/ST,DST,6.5,8.0,-0.01,7.99,9.4,9.26,0.0,1.0,7.99,,0.0,0
2026-09-14 02:50:03Z,DAL,in,0.806,Q4 11:40,-7.0,8137,George Pickens,WR,15.2,5.8,3.5,9.3,8.44,8.76,0.148,1.0,9.3,,0.0,0
2026-09-14 02:50:03Z,NYG,in,0.806,Q4 11:40,7.0,11597,Theo Johnson,TE,4.3,1.9,0.68,2.58,2.66,2.74,0.27,1.0,2.58,,0.0,0
2026-09-14 02:50:03Z,NYG,in,0.806,Q4 11:40,7.0,12508,Jaxson Dart,QB,20.5,21.12,3.9,25.02,25.33,25.11,0.021,1.0,25.02,,0.0,0
2026-09-14 02:50:03Z,NYG,in,0.806,Q4 11:40,7.0,13285,Malachi Fields,WR,6.2,4.5,1.05,5.55,5.68,5.71,0.317,1.0,5.55,,0.0,0
2026-09-14 02:50:03Z,DAL,in,0.806,Q4 11:40,-7.0,8917,KaVontae Turpin,WR,4.3,1.8,1.0,2.8,2.56,2.64,0.336,1.0,2.8,,0.0,0
2026-09-14 02:50:03Z,NYG,in,0.806,Q4 11:40,7.0,11655,Tyrone Tracy,RB,2.4,-0.6,0.28,-0.32,-0.26,-0.13,0.329,0.807,-0.37,,0.0,0
2026-09-14 02:50:03Z,NYG,in,0.806,Q4 11:40,7.0,11632,Malik Nabers,WR,16.5,11.1,2.77,13.87,14.2,14.31,0.184,1.0,13.87,,0.0,0
2026-09-14 02:50:03Z,NYG,in,0.806,Q4 11:40,7.0,7090,Darnell Mooney,WR,5.6,4.7,0.98,5.68,5.8,5.79,0.209,1.0,5.68,,0.0,0
2026-09-14 02:50:03Z,NYG,in,0.806,Q4 11:40,7.0,2306,Jameis Winston,QB,0.5,0.0,0.06,0.06,0.08,0.1,0.806,0.3,0.02,,0.0,0
2026-09-14 02:50:03Z,DAL,in,0.806,Q4 11:40,-7.0,11593,Brevyn Spann-Ford,TE,0.5,3.4,0.24,3.64,3.64,3.5,0.592,1.0,3.64,,0.0,0
2026-09-14 02:50:03Z,NYG,in,0.806,Q4 11:40,7.0,2078,Odell Beckham,WR,4.3,0.0,0.61,0.61,0.67,0.84,0.806,1.0,0.61,,0.0,0
2026-09-14 02:50:03Z,NYG,in,0.806,Q4 11:40,7.0,12481,Cam Skattebo,RB,14.1,12.2,2.6,14.8,14.98,14.94,0.0,1.0,14.8,,0.0,0
2026-09-14 02:50:03Z,DAL,in,0.806,Q4 11:40,-7.0,11199,Emari Demercado,RB,1.8,0.7,0.32,1.02,1.01,1.05,0.114,1.0,1.02,,0.0,0
2026-09-14 02:50:03Z,NYG,in,0.806,Q4 11:40,7.0,NYG,New York Giants D/ST,DST,5.2,3.0,0.32,3.32,3.95,4.01,0.066,1.0,3.32,,0.0,0
2026-09-14 02:50:03Z,NYG,in,0.806,Q4 11:40,7.0,7528,Najee Harris,RB,4.2,0.0,0.56,0.56,0.65,0.82,0.806,1.0,0.56,,0.0,0
2026-09-14 02:50:03Z,DAL,in,0.806,Q4 11:40,-7.0,8162,Sam Howell,QB,0.6,0.0,0.13,0.13,0.09,0.12,0.806,0.3,0.04,,0.0,0
2026-09-14 02:50:03Z,DAL,in,0.806,Q4 11:40,-7.0,11783,Ryan Flournoy,WR,7.4,1.5,1.65,3.15,2.72,2.94,0.324,1.0,3.15,,0.0,0
2026-09-14 02:50:03Z,DAL,in,0.806,Q4 11:40,-7.0,10871,Luke Schoonmaker,TE,1.7,2.2,0.45,2.65,2.57,2.53,0.418,1.0,2.65,,0.0,0
2026-09-14 02:50:03Z,DAL,in,0.806,Q4 11:40,-7.0,7588,Javonte Williams,RB,16.9,12.6,3.35,15.95,15.84,15.89,0.066,1.0,15.95,,0.0,0
2026-09-14 02:51:04Z,DAL,in,0.806,Q4 11:40,-7.0,11533,Brandon Aubrey,K,9.6,2.0,1.59,3.59,3.59,3.87,0.066,1.0,3.59,,0.0,0
2026-09-14 02:51:04Z,DAL,in,0.806,Q4 11:40,-7.0,6786,CeeDee Lamb,WR,18.3,13.8,4.49,18.29,17.31,17.36,0.08,1.0,18.29,,0.0,0
2026-09-14 02:51:04Z,DAL,in,0.806,Q4 11:40,-7.0,3294,Dak Prescott,QB,18.5,9.04,4.5,13.54,12.35,12.64,0.08,1.0,13.54,,0.0,0
2026-09-14 02:51:04Z,NYG,in,0.806,Q4 11:40,7.0,13833,Dominic Zvada,K,8.2,3.0,1.42,4.42,4.42,4.59,0.172,1.0,4.42,,0.0,0
2026-09-14 02:51:04Z,DAL,in,0.806,Q4 11:40,-7.0,8110,Jake Ferguson,TE,9.3,2.6,2.1,4.7,4.17,4.41,0.067,1.0,4.7,,0.0,0
2026-09-14 02:51:04Z,NYG,in,0.806,Q4 11:40,7.0,8131,Isaiah Likely,TE,10.7,24.1,2.47,26.57,26.93,26.18,0.172,1.0,26.57,,0.0,0
2026-09-14 02:51:04Z,DAL,in,0.806,Q4 11:40,-7.0,DAL,Dallas Cowboys D/ST,DST,6.5,8.0,-0.01,7.99,9.4,9.26,0.0,1.0,7.99,,0.0,0
2026-09-14 02:51:04Z,DAL,in,0.806,Q4 11:40,-7.0,8137,George Pickens,WR,15.2,5.8,3.5,9.3,8.44,8.76,0.148,1.0,9.3,,0.0,0
2026-09-14 02:51:04Z,NYG,in,0.806,Q4 11:40,7.0,11597,Theo Johnson,TE,4.3,1.9,0.68,2.58,2.66,2.74,0.27,1.0,2.58,,0.0,0
2026-09-14 02:51:04Z,NYG,in,0.806,Q4 11:40,7.0,12508,Jaxson Dart,QB,20.5,21.12,3.9,25.02,25.33,25.11,0.021,1.0,25.02,,0.0,0
2026-09-14 02:51:04Z,NYG,in,0.806,Q4 11:40,7.0,13285,Malachi Fields,WR,6.2,4.5,1.05,5.55,5.68,5.71,0.317,1.0,5.55,,0.0,0
2026-09-14 02:51:04Z,DAL,in,0.806,Q4 11:40,-7.0,8917,KaVontae Turpin,WR,4.3,1.8,1.0,2.8,2.56,2.64,0.336,1.0,2.8,,0.0,0
2026-09-14 02:51:04Z,NYG,in,0.806,Q4 11:40,7.0,11655,Tyrone Tracy,RB,2.4,-0.6,0.28,-0.32,-0.26,-0.13,0.329,0.807,-0.37,,0.0,0
2026-09-14 02:51:04Z,NYG,in,0.806,Q4 11:40,7.0,11632,Malik Nabers,WR,16.5,11.1,2.77,13.87,14.2,14.31,0.184,1.0,13.87,,0.0,0
2026-09-14 02:51:04Z,NYG,in,0.806,Q4 11:40,7.0,7090,Darnell Mooney,WR,5.6,4.7,0.98,5.68,5.8,5.79,0.209,1.0,5.68,,0.0,0
2026-09-14 02:51:04Z,NYG,in,0.806,Q4 11:40,7.0,2306,Jameis Winston,QB,0.5,0.0,0.06,0.06,0.08,0.1,0.806,0.3,0.02,,0.0,0
2026-09-14 02:51:04Z,DAL,in,0.806,Q4 11:40,-7.0,11593,Brevyn Spann-Ford,TE,0.5,3.4,0.24,3.64,3.64,3.5,0.592,1.0,3.64,,0.0,0
2026-09-14 02:51:04Z,NYG,in,0.806,Q4 11:40,7.0,2078,Odell Beckham,WR,4.3,0.0,0.61,0.61,0.67,0.84,0.806,1.0,0.61,,0.0,0
2026-09-14 02:51:04Z,NYG,in,0.806,Q4 11:40,7.0,12481,Cam Skattebo,RB,14.1,12.2,2.6,14.8,14.98,14.94,0.0,1.0,14.8,,0.0,0
2026-09-14 02:51:04Z,DAL,in,0.806,Q4 11:40,-7.0,11199,Emari Demercado,RB,1.8,0.7,0.32,1.02,1.01,1.05,0.114,1.0,1.02,,0.0,0
2026-09-14 02:51:04Z,NYG,in,0.806,Q4 11:40,7.0,NYG,New York Giants D/ST,DST,5.2,3.0,0.32,3.32,3.95,4.01,0.066,1.0,3.32,,0.0,0
2026-09-14 02:51:04Z,NYG,in,0.806,Q4 11:40,7.0,7528,Najee Harris,RB,4.2,0.0,0.56,0.56,0.65,0.82,0.806,1.0,0.56,,0.0,0
2026-09-14 02:51:04Z,DAL,in,0.806,Q4 11:40,-7.0,8162,Sam Howell,QB,0.6,0.0,0.13,0.13,0.09,0.12,0.806,0.3,0.04,,0.0,0
2026-09-14 02:51:04Z,DAL,in,0.806,Q4 11:40,-7.0,11783,Ryan Flournoy,WR,7.4,1.5,1.65,3.15,2.72,2.94,0.324,1.0,3.15,,0.0,0
2026-09-14 02:51:04Z,DAL,in,0.806,Q4 11:40,-7.0,10871,Luke Schoonmaker,TE,1.7,2.2,0.45,2.65,2.57,2.53,0.418,1.0,2.65,,0.0,0
2026-09-14 02:51:04Z,DAL,in,0.806,Q4 11:40,-7.0,7588,Javonte Williams,RB,16.9,12.6,3.35,15.95,15.84,15.89,0.066,1.0,15.95,,0.0,0
2026-09-14 02:52:04Z,DAL,in,0.806,Q4 11:40,-7.0,11533,Brandon Aubrey,K,9.6,2.0,1.59,3.59,3.59,3.87,0.066,1.0,3.59,,0.0,0
2026-09-14 02:52:04Z,DAL,in,0.806,Q4 11:40,-7.0,6786,CeeDee Lamb,WR,18.3,13.8,4.49,18.29,17.31,17.36,0.08,1.0,18.29,,0.0,0
2026-09-14 02:52:04Z,DAL,in,0.806,Q4 11:40,-7.0,3294,Dak Prescott,QB,18.5,9.04,4.5,13.54,12.35,12.64,0.08,1.0,13.54,,0.0,0
2026-09-14 02:52:04Z,NYG,in,0.806,Q4 11:40,7.0,13833,Dominic Zvada,K,8.2,3.0,1.42,4.42,4.42,4.59,0.172,1.0,4.42,,0.0,0
2026-09-14 02:52:04Z,DAL,in,0.806,Q4 11:40,-7.0,8110,Jake Ferguson,TE,9.3,2.6,2.1,4.7,4.17,4.41,0.067,1.0,4.7,,0.0,0
2026-09-14 02:52:04Z,NYG,in,0.806,Q4 11:40,7.0,8131,Isaiah Likely,TE,10.7,24.1,2.47,26.57,26.93,26.18,0.172,1.0,26.57,,0.0,0
2026-09-14 02:52:04Z,DAL,in,0.806,Q4 11:40,-7.0,DAL,Dallas Cowboys D/ST,DST,6.5,8.0,-0.01,7.99,9.4,9.26,0.0,1.0,7.99,,0.0,0
2026-09-14 02:52:04Z,DAL,in,0.806,Q4 11:40,-7.0,8137,George Pickens,WR,15.2,5.8,3.5,9.3,8.44,8.76,0.148,1.0,9.3,,0.0,0
2026-09-14 02:52:04Z,NYG,in,0.806,Q4 11:40,7.0,11597,Theo Johnson,TE,4.3,1.9,0.68,2.58,2.66,2.74,0.27,1.0,2.58,,0.0,0
2026-09-14 02:52:04Z,NYG,in,0.806,Q4 11:40,7.0,12508,Jaxson Dart,QB,20.5,21.12,3.9,25.02,25.33,25.11,0.021,1.0,25.02,,0.0,0
2026-09-14 02:52:04Z,NYG,in,0.806,Q4 11:40,7.0,13285,Malachi Fields,WR,6.2,4.5,1.05,5.55,5.68,5.71,0.317,1.0,5.55,,0.0,0
2026-09-14 02:52:04Z,DAL,in,0.806,Q4 11:40,-7.0,8917,KaVontae Turpin,WR,4.3,1.8,1.0,2.8,2.56,2.64,0.336,1.0,2.8,,0.0,0
2026-09-14 02:52:04Z,NYG,in,0.806,Q4 11:40,7.0,11655,Tyrone Tracy,RB,2.4,-0.6,0.28,-0.32,-0.26,-0.13,0.329,0.807,-0.37,,0.0,0
2026-09-14 02:52:04Z,NYG,in,0.806,Q4 11:40,7.0,11632,Malik Nabers,WR,16.5,11.1,2.77,13.87,14.2,14.31,0.184,1.0,13.87,,0.0,0
2026-09-14 02:52:04Z,NYG,in,0.806,Q4 11:40,7.0,7090,Darnell Mooney,WR,5.6,4.7,0.98,5.68,5.8,5.79,0.209,1.0,5.68,,0.0,0
2026-09-14 02:52:04Z,NYG,in,0.806,Q4 11:40,7.0,2306,Jameis Winston,QB,0.5,0.0,0.06,0.06,0.08,0.1,0.806,0.3,0.02,,0.0,0
2026-09-14 02:52:04Z,DAL,in,0.806,Q4 11:40,-7.0,11593,Brevyn Spann-Ford,TE,0.5,3.4,0.24,3.64,3.64,3.5,0.592,1.0,3.64,,0.0,0
2026-09-14 02:52:04Z,NYG,in,0.806,Q4 11:40,7.0,2078,Odell Beckham,WR,4.3,0.0,0.61,0.61,0.67,0.84,0.806,1.0,0.61,,0.0,0
2026-09-14 02:52:04Z,NYG,in,0.806,Q4 11:40,7.0,12481,Cam Skattebo,RB,14.1,11.6,2.57,14.17,14.35,14.34,0.0,1.0,14.17,,0.0,0
2026-09-14 02:52:04Z,DAL,in,0.806,Q4 11:40,-7.0,11199,Emari Demercado,RB,1.8,0.7,0.32,1.02,1.01,1.05,0.114,1.0,1.02,,0.0,0
2026-09-14 02:52:04Z,NYG,in,0.806,Q4 11:40,7.0,NYG,New York Giants D/ST,DST,5.2,3.0,0.32,3.32,3.95,4.01,0.066,1.0,3.32,,0.0,0
2026-09-14 02:52:04Z,NYG,in,0.806,Q4 11:40,7.0,7528,Najee Harris,RB,4.2,0.0,0.56,0.56,0.65,0.82,0.806,1.0,0.56,,0.0,0
2026-09-14 02:52:04Z,DAL,in,0.806,Q4 11:40,-7.0,8162,Sam Howell,QB,0.6,0.0,0.13,0.13,0.09,0.12,0.806,0.3,0.04,,0.0,0
2026-09-14 02:52:04Z,DAL,in,0.806,Q4 11:40,-7.0,11783,Ryan Flournoy,WR,7.4,1.5,1.65,3.15,2.72,2.94,0.324,1.0,3.15,,0.0,0
2026-09-14 02:52:04Z,DAL,in,0.806,Q4 11:40,-7.0,10871,Luke Schoonmaker,TE,1.7,2.2,0.45,2.65,2.57,2.53,0.418,1.0,2.65,,0.0,0
2026-09-14 02:52:04Z,DAL,in,0.806,Q4 11:40,-7.0,7588,Javonte Williams,RB,16.9,12.6,3.35,15.95,15.84,15.89,0.066,1.0,15.95,,0.0,0
2026-09-14 02:53:05Z,DAL,in,0.806,Q4 11:40,-7.0,11533,Brandon Aubrey,K,9.6,2.0,1.59,3.59,3.59,3.87,0.066,1.0,3.59,,0.0,0
2026-09-14 02:53:05Z,DAL,in,0.806,Q4 11:40,-7.0,6786,CeeDee Lamb,WR,18.3,13.8,4.49,18.29,17.31,17.36,0.08,1.0,18.29,,0.0,0
2026-09-14 02:53:05Z,DAL,in,0.806,Q4 11:40,-7.0,3294,Dak Prescott,QB,18.5,9.04,4.5,13.54,12.35,12.64,0.08,1.0,13.54,,0.0,0
2026-09-14 02:53:05Z,NYG,in,0.806,Q4 11:40,7.0,13833,Dominic Zvada,K,8.2,3.0,1.42,4.42,4.42,4.59,0.172,1.0,4.42,,0.0,0
2026-09-14 02:53:05Z,DAL,in,0.806,Q4 11:40,-7.0,8110,Jake Ferguson,TE,9.3,2.6,2.1,4.7,4.17,4.41,0.067,1.0,4.7,,0.0,0
2026-09-14 02:53:05Z,NYG,in,0.806,Q4 11:40,7.0,8131,Isaiah Likely,TE,10.7,24.1,2.47,26.57,26.93,26.18,0.172,1.0,26.57,,0.0,0
2026-09-14 02:53:05Z,DAL,in,0.806,Q4 11:40,-7.0,DAL,Dallas Cowboys D/ST,DST,6.5,8.0,-0.01,7.99,9.4,9.26,0.0,1.0,7.99,,0.0,0
2026-09-14 02:53:05Z,DAL,in,0.806,Q4 11:40,-7.0,8137,George Pickens,WR,15.2,5.8,3.5,9.3,8.44,8.76,0.148,1.0,9.3,,0.0,0
2026-09-14 02:53:05Z,NYG,in,0.806,Q4 11:40,7.0,11597,Theo Johnson,TE,4.3,1.9,0.68,2.58,2.66,2.74,0.27,1.0,2.58,,0.0,0
2026-09-14 02:53:05Z,NYG,in,0.806,Q4 11:40,7.0,12508,Jaxson Dart,QB,20.5,21.12,3.9,25.02,25.33,25.11,0.021,1.0,25.02,,0.0,0
2026-09-14 02:53:05Z,NYG,in,0.806,Q4 11:40,7.0,13285,Malachi Fields,WR,6.2,4.5,1.05,5.55,5.68,5.71,0.317,1.0,5.55,,0.0,0
2026-09-14 02:53:05Z,DAL,in,0.806,Q4 11:40,-7.0,8917,KaVontae Turpin,WR,4.3,1.8,1.0,2.8,2.56,2.64,0.336,1.0,2.8,,0.0,0
2026-09-14 02:53:05Z,NYG,in,0.806,Q4 11:40,7.0,11655,Tyrone Tracy,RB,2.4,-0.6,0.28,-0.32,-0.26,-0.13,0.329,0.807,-0.37,,0.0,0
2026-09-14 02:53:05Z,NYG,in,0.806,Q4 11:40,7.0,11632,Malik Nabers,WR,16.5,11.1,2.77,13.87,14.2,14.31,0.184,1.0,13.87,,0.0,0
2026-09-14 02:53:05Z,NYG,in,0.806,Q4 11:40,7.0,7090,Darnell Mooney,WR,5.6,4.7,0.98,5.68,5.8,5.79,0.209,1.0,5.68,,0.0,0
2026-09-14 02:53:05Z,NYG,in,0.806,Q4 11:40,7.0,2306,Jameis Winston,QB,0.5,0.0,0.06,0.06,0.08,0.1,0.806,0.3,0.02,,0.0,0
2026-09-14 02:53:05Z,DAL,in,0.806,Q4 11:40,-7.0,11593,Brevyn Spann-Ford,TE,0.5,3.4,0.24,3.64,3.64,3.5,0.592,1.0,3.64,,0.0,0
2026-09-14 02:53:05Z,NYG,in,0.806,Q4 11:40,7.0,2078,Odell Beckham,WR,4.3,0.0,0.61,0.61,0.67,0.84,0.806,1.0,0.61,,0.0,0
2026-09-14 02:53:05Z,NYG,in,0.806,Q4 11:40,7.0,12481,Cam Skattebo,RB,14.1,11.7,2.57,14.27,14.46,14.44,0.0,1.0,14.27,,0.0,0
2026-09-14 02:53:05Z,DAL,in,0.806,Q4 11:40,-7.0,11199,Emari Demercado,RB,1.8,0.7,0.32,1.02,1.01,1.05,0.114,1.0,1.02,,0.0,0
2026-09-14 02:53:05Z,NYG,in,0.806,Q4 11:40,7.0,NYG,New York Giants D/ST,DST,5.2,3.0,0.32,3.32,3.95,4.01,0.066,1.0,3.32,,0.0,0
2026-09-14 02:53:05Z,NYG,in,0.806,Q4 11:40,7.0,7528,Najee Harris,RB,4.2,0.0,0.56,0.56,0.65,0.82,0.806,1.0,0.56,,0.0,0
2026-09-14 02:53:05Z,DAL,in,0.806,Q4 11:40,-7.0,8162,Sam Howell,QB,0.6,0.0,0.13,0.13,0.09,0.12,0.806,0.3,0.04,,0.0,0
2026-09-14 02:53:05Z,DAL,in,0.806,Q4 11:40,-7.0,11783,Ryan Flournoy,WR,7.4,1.5,1.65,3.15,2.72,2.94,0.324,1.0,3.15,,0.0,0
2026-09-14 02:53:05Z,DAL,in,0.806,Q4 11:40,-7.0,10871,Luke Schoonmaker,TE,1.7,2.2,0.45,2.65,2.57,2.53,0.418,1.0,2.65,,0.0,0
2026-09-14 02:53:05Z,DAL,in,0.806,Q4 11:40,-7.0,7588,Javonte Williams,RB,16.9,12.6,3.35,15.95,15.84,15.89,0.066,1.0,15.95,,0.0,0
2026-09-14 02:54:05Z,DAL,in,0.826,Q4 10:27,-7.0,11533,Brandon Aubrey,K,9.6,2.0,1.41,3.41,3.41,3.67,0.086,1.0,3.41,,0.0,0
2026-09-14 02:54:05Z,DAL,in,0.826,Q4 10:27,-7.0,6786,CeeDee Lamb,WR,18.3,13.8,4.17,17.97,16.93,16.99,0.1,1.0,17.97,,0.0,0
2026-09-14 02:54:05Z,DAL,in,0.826,Q4 10:27,-7.0,3294,Dak Prescott,QB,18.5,9.04,4.16,13.2,11.99,12.26,0.1,1.0,13.2,,0.0,0
2026-09-14 02:54:05Z,NYG,in,0.826,Q4 10:27,7.0,13833,Dominic Zvada,K,8.2,3.0,1.26,4.26,4.26,4.43,0.192,1.0,4.26,,0.0,0
2026-09-14 02:54:05Z,DAL,in,0.826,Q4 10:27,-7.0,8110,Jake Ferguson,TE,9.3,2.6,1.94,4.54,4.0,4.22,0.087,1.0,4.54,,0.0,0
2026-09-14 02:54:05Z,NYG,in,0.826,Q4 10:27,7.0,8131,Isaiah Likely,TE,10.7,24.1,2.31,26.41,26.63,25.96,0.192,1.0,26.41,,0.0,0
2026-09-14 02:54:05Z,DAL,in,0.826,Q4 10:27,-7.0,DAL,Dallas Cowboys D/ST,DST,6.5,8.0,0.01,8.01,9.25,9.13,0.02,1.0,8.01,,0.0,0
2026-09-14 02:54:05Z,DAL,in,0.826,Q4 10:27,-7.0,8137,George Pickens,WR,15.2,5.8,3.24,9.04,8.15,8.45,0.169,1.0,9.04,,0.0,0
2026-09-14 02:54:05Z,NYG,in,0.826,Q4 10:27,7.0,11597,Theo Johnson,TE,4.3,1.9,0.62,2.52,2.58,2.65,0.291,1.0,2.52,,0.0,0
2026-09-14 02:54:05Z,NYG,in,0.826,Q4 10:27,7.0,12508,Jaxson Dart,QB,20.5,21.16,3.56,24.72,24.91,24.73,0.0,1.0,24.72,,0.0,0
2026-09-14 02:54:05Z,NYG,in,0.826,Q4 10:27,7.0,13285,Malachi Fields,WR,6.2,4.5,0.96,5.46,5.55,5.58,0.337,1.0,5.46,,0.0,0
2026-09-14 02:54:05Z,DAL,in,0.826,Q4 10:27,-7.0,8917,KaVontae Turpin,WR,4.3,1.8,0.92,2.72,2.47,2.55,0.356,1.0,2.72,,0.0,0
2026-09-14 02:54:05Z,NYG,in,0.826,Q4 10:27,7.0,11655,Tyrone Tracy,RB,2.4,-0.6,0.25,-0.35,-0.29,-0.18,0.349,0.776,-0.41,,0.0,0
2026-09-14 02:54:05Z,NYG,in,0.826,Q4 10:27,7.0,11632,Malik Nabers,WR,16.5,12.9,2.6,15.5,15.74,15.77,0.0,1.0,15.5,,0.0,0
2026-09-14 02:54:05Z,NYG,in,0.826,Q4 10:27,7.0,7090,Darnell Mooney,WR,5.6,4.7,0.89,5.59,5.68,5.68,0.23,1.0,5.59,,0.0,0
2026-09-14 02:54:05Z,NYG,in,0.826,Q4 10:27,7.0,2306,Jameis Winston,QB,0.5,0.0,0.05,0.05,0.07,0.09,0.826,0.3,0.02,,0.0,0
2026-09-14 02:54:05Z,DAL,in,0.826,Q4 10:27,-7.0,11593,Brevyn Spann-Ford,TE,0.5,3.4,0.23,3.63,3.62,3.49,0.612,1.0,3.63,,0.0,0
2026-09-14 02:54:05Z,NYG,in,0.826,Q4 10:27,7.0,2078,Odell Beckham,WR,4.3,0.0,0.54,0.54,0.59,0.75,0.826,1.0,0.54,,0.0,0
2026-09-14 02:54:05Z,NYG,in,0.826,Q4 10:27,7.0,12481,Cam Skattebo,RB,14.1,11.7,2.33,14.03,14.16,14.16,0.02,1.0,14.03,,0.0,0
2026-09-14 02:54:05Z,DAL,in,0.826,Q4 10:27,-7.0,11199,Emari Demercado,RB,1.8,0.7,0.29,0.99,0.98,1.01,0.134,1.0,0.99,,0.0,0
2026-09-14 02:54:05Z,NYG,in,0.826,Q4 10:27,7.0,NYG,New York Giants D/ST,DST,5.2,3.0,0.32,3.32,3.85,3.91,0.086,1.0,3.32,,0.0,0
2026-09-14 02:54:05Z,NYG,in,0.826,Q4 10:27,7.0,7528,Najee Harris,RB,4.2,0.0,0.49,0.49,0.58,0.73,0.826,1.0,0.49,,0.0,0
2026-09-14 02:54:05Z,DAL,in,0.826,Q4 10:27,-7.0,8162,Sam Howell,QB,0.6,0.0,0.12,0.12,0.08,0.1,0.826,0.3,0.03,,0.0,0
2026-09-14 02:54:05Z,DAL,in,0.826,Q4 10:27,-7.0,11783,Ryan Flournoy,WR,7.4,1.5,1.52,3.02,2.59,2.79,0.344,1.0,3.02,,0.0,0
2026-09-14 02:54:05Z,DAL,in,0.826,Q4 10:27,-7.0,10871,Luke Schoonmaker,TE,1.7,2.2,0.42,2.62,2.53,2.5,0.438,1.0,2.62,,0.0,0
2026-09-14 02:54:05Z,DAL,in,0.826,Q4 10:27,-7.0,7588,Javonte Williams,RB,16.9,12.6,3.05,15.65,15.48,15.54,0.086,1.0,15.65,,0.0,0
2026-09-14 02:55:06Z,DAL,in,0.838,Q4 9:43,-7.0,11533,Brandon Aubrey,K,9.6,2.0,1.31,3.31,3.31,3.55,0.098,1.0,3.31,,0.0,0
2026-09-14 02:55:06Z,DAL,in,0.838,Q4 9:43,-7.0,6786,CeeDee Lamb,WR,18.3,13.8,3.96,17.76,16.7,16.76,0.113,1.0,17.76,,0.0,0
2026-09-14 02:55:06Z,DAL,in,0.838,Q4 9:43,-7.0,3294,Dak Prescott,QB,18.5,9.04,3.94,12.98,11.77,12.04,0.113,1.0,12.98,,0.0,0
2026-09-14 02:55:06Z,NYG,in,0.838,Q4 9:43,7.0,13833,Dominic Zvada,K,8.2,3.0,1.17,4.17,4.17,4.33,0.204,1.0,4.17,,0.0,0
2026-09-14 02:55:06Z,DAL,in,0.838,Q4 9:43,-7.0,8110,Jake Ferguson,TE,9.3,2.6,1.84,4.44,3.9,4.11,0.099,1.0,4.44,,0.0,0
2026-09-14 02:55:06Z,NYG,in,0.838,Q4 9:43,7.0,8131,Isaiah Likely,TE,10.7,24.1,2.19,26.29,26.45,25.83,0.204,1.0,26.29,,0.0,0
2026-09-14 02:55:06Z,DAL,in,0.838,Q4 9:43,-7.0,DAL,Dallas Cowboys D/ST,DST,6.5,8.0,0.02,8.02,9.16,9.05,0.032,1.0,8.02,,0.0,0
2026-09-14 02:55:06Z,DAL,in,0.838,Q4 9:43,-7.0,8137,George Pickens,WR,15.2,5.8,3.07,8.87,7.98,8.26,0.181,1.0,8.87,,0.0,0
2026-09-14 02:55:06Z,NYG,in,0.838,Q4 9:43,7.0,11597,Theo Johnson,TE,4.3,1.9,0.58,2.48,2.53,2.6,0.303,1.0,2.48,,0.0,0
2026-09-14 02:55:06Z,NYG,in,0.838,Q4 9:43,7.0,12508,Jaxson Dart,QB,20.5,21.68,3.37,25.05,25.18,25.0,0.0,1.0,25.05,,0.0,0
2026-09-14 02:55:06Z,NYG,in,0.838,Q4 9:43,7.0,13285,Malachi Fields,WR,6.2,4.5,0.91,5.41,5.48,5.5,0.349,1.0,5.41,,0.0,0
2026-09-14 02:55:06Z,DAL,in,0.838,Q4 9:43,-7.0,8917,KaVontae Turpin,WR,4.3,1.8,0.87,2.67,2.42,2.5,0.369,1.0,2.67,,0.0,0
2026-09-14 02:55:06Z,NYG,in,0.838,Q4 9:43,7.0,11655,Tyrone Tracy,RB,2.4,-0.6,0.22,-0.38,-0.32,-0.21,0.361,0.758,-0.43,,0.0,0
2026-09-14 02:55:06Z,NYG,in,0.838,Q4 9:43,7.0,11632,Malik Nabers,WR,16.5,12.9,2.44,15.34,15.53,15.57,0.012,1.0,15.34,,0.0,0
2026-09-14 02:55:06Z,NYG,in,0.838,Q4 9:43,7.0,7090,Darnell Mooney,WR,5.6,4.7,0.84,5.54,5.61,5.61,0.242,1.0,5.54,,0.0,0
2026-09-14 02:55:06Z,NYG,in,0.838,Q4 9:43,7.0,2306,Jameis Winston,QB,0.5,0.0,0.05,0.05,0.06,0.08,0.838,0.3,0.01,,0.0,0
2026-09-14 02:55:06Z,DAL,in,0.838,Q4 9:43,-7.0,11593,Brevyn Spann-Ford,TE,0.5,3.4,0.23,3.63,3.6,3.48,0.624,1.0,3.63,,0.0,0
2026-09-14 02:55:06Z,NYG,in,0.838,Q4 9:43,7.0,2078,Odell Beckham,WR,4.3,0.0,0.51,0.51,0.55,0.7,0.838,1.0,0.51,,0.0,0
2026-09-14 02:55:06Z,NYG,in,0.838,Q4 9:43,7.0,12481,Cam Skattebo,RB,14.1,11.7,2.17,13.87,13.98,13.98,0.032,1.0,13.87,,0.0,0
2026-09-14 02:55:06Z,DAL,in,0.838,Q4 9:43,-7.0,11199,Emari Demercado,RB,1.8,0.7,0.27,0.97,0.96,0.99,0.147,1.0,0.97,,0.0,0
2026-09-14 02:55:06Z,NYG,in,0.838,Q4 9:43,7.0,NYG,New York Giants D/ST,DST,5.2,3.0,0.31,3.31,3.79,3.84,0.098,1.0,3.31,,0.0,0
2026-09-14 02:55:06Z,NYG,in,0.838,Q4 9:43,7.0,7528,Najee Harris,RB,4.2,0.0,0.45,0.45,0.54,0.68,0.838,1.0,0.45,,0.0,0
2026-09-14 02:55:06Z,DAL,in,0.838,Q4 9:43,-7.0,8162,Sam Howell,QB,0.6,0.0,0.11,0.11,0.08,0.1,0.838,0.3,0.03,,0.0,0
2026-09-14 02:55:06Z,DAL,in,0.838,Q4 9:43,-7.0,11783,Ryan Flournoy,WR,7.4,1.5,1.44,2.94,2.51,2.7,0.357,1.0,2.94,,0.0,0
2026-09-14 02:55:06Z,DAL,in,0.838,Q4 9:43,-7.0,10871,Luke Schoonmaker,TE,1.7,2.2,0.4,2.6,2.51,2.48,0.451,1.0,2.6,,0.0,0
2026-09-14 02:55:06Z,DAL,in,0.838,Q4 9:43,-7.0,7588,Javonte Williams,RB,16.9,12.6,2.86,15.46,15.27,15.34,0.098,1.0,15.46,,0.0,0
2026-09-14 02:56:06Z,DAL,in,0.85,Q4 9:01,-7.0,11533,Brandon Aubrey,K,9.6,2.0,1.21,3.21,3.21,3.44,0.11,1.0,3.21,,0.0,0
2026-09-14 02:56:06Z,DAL,in,0.85,Q4 9:01,-7.0,6786,CeeDee Lamb,WR,18.3,13.8,3.75,17.55,16.48,16.55,0.124,1.0,17.55,,0.0,0
2026-09-14 02:56:06Z,DAL,in,0.85,Q4 9:01,-7.0,3294,Dak Prescott,QB,18.5,9.04,3.72,12.76,11.57,11.82,0.124,1.0,12.76,,0.0,0
2026-09-14 02:56:06Z,NYG,in,0.85,Q4 9:01,7.0,13833,Dominic Zvada,K,8.2,3.0,1.08,4.08,4.08,4.23,0.216,1.0,4.08,,0.0,0
2026-09-14 02:56:06Z,DAL,in,0.85,Q4 9:01,-7.0,8110,Jake Ferguson,TE,9.3,2.6,1.74,4.34,3.8,4.0,0.111,1.0,4.34,,0.0,0
2026-09-14 02:56:06Z,NYG,in,0.85,Q4 9:01,7.0,8131,Isaiah Likely,TE,10.7,24.1,2.08,26.18,26.27,25.71,0.216,1.0,26.18,,0.0,0
2026-09-14 02:56:06Z,DAL,in,0.85,Q4 9:01,-7.0,DAL,Dallas Cowboys D/ST,DST,6.5,8.0,0.03,8.03,9.07,8.98,0.044,1.0,8.03,,0.0,0
2026-09-14 02:56:06Z,DAL,in,0.85,Q4 9:01,-7.0,8137,George Pickens,WR,15.2,5.8,2.9,8.7,7.82,8.08,0.193,1.0,8.7,,0.0,0
2026-09-14 02:56:06Z,NYG,in,0.85,Q4 9:01,7.0,11597,Theo Johnson,TE,4.3,1.9,0.54,2.44,2.48,2.55,0.314,1.0,2.44,,0.0,0
2026-09-14 02:56:06Z,NYG,in,0.85,Q4 9:01,7.0,12508,Jaxson Dart,QB,20.5,21.68,3.15,24.83,24.92,24.76,0.012,1.0,24.83,,0.0,0
2026-09-14 02:56:06Z,NYG,in,0.85,Q4 9:01,7.0,13285,Malachi Fields,WR,6.2,4.5,0.85,5.35,5.4,5.43,0.361,1.0,5.35,,0.0,0
2026-09-14 02:56:06Z,DAL,in,0.85,Q4 9:01,-7.0,8917,KaVontae Turpin,WR,4.3,1.8,0.83,2.63,2.38,2.45,0.38,1.0,2.63,,0.0,0
2026-09-14 02:56:06Z,NYG,in,0.85,Q4 9:01,7.0,11655,Tyrone Tracy,RB,2.4,-0.6,0.21,-0.39,-0.34,-0.24,0.373,0.74,-0.45,,0.0,0
2026-09-14 02:56:06Z,NYG,in,0.85,Q4 9:01,7.0,11632,Malik Nabers,WR,16.5,12.9,2.29,15.19,15.34,15.38,0.024,1.0,15.19,,0.0,0
2026-09-14 02:56:06Z,NYG,in,0.85,Q4 9:01,7.0,7090,Darnell Mooney,WR,5.6,4.7,0.79,5.49,5.54,5.54,0.254,1.0,5.49,,0.0,0
2026-09-14 02:56:06Z,NYG,in,0.85,Q4 9:01,7.0,2306,Jameis Winston,QB,0.5,0.0,0.04,0.04,0.06,0.08,0.85,0.3,0.01,,0.0,0
2026-09-14 02:56:06Z,DAL,in,0.85,Q4 9:01,-7.0,11593,Brevyn Spann-Ford,TE,0.5,3.4,0.22,3.62,3.59,3.48,0.636,1.0,3.62,,0.0,0
2026-09-14 02:56:06Z,NYG,in,0.85,Q4 9:01,7.0,2078,Odell Beckham,WR,4.3,0.0,0.47,0.47,0.51,0.65,0.85,1.0,0.47,,0.0,0
2026-09-14 02:56:06Z,NYG,in,0.85,Q4 9:01,7.0,12481,Cam Skattebo,RB,14.1,11.7,2.03,13.73,13.81,13.82,0.044,1.0,13.73,,0.0,0
2026-09-14 02:56:06Z,DAL,in,0.85,Q4 9:01,-7.0,11199,Emari Demercado,RB,1.8,0.7,0.25,0.95,0.94,0.97,0.158,1.0,0.95,,0.0,0
2026-09-14 02:56:06Z,NYG,in,0.85,Q4 9:01,7.0,NYG,New York Giants D/ST,DST,5.2,3.0,0.3,3.3,3.73,3.78,0.11,1.0,3.3,,0.0,0
2026-09-14 02:56:06Z,NYG,in,0.85,Q4 9:01,7.0,7528,Najee Harris,RB,4.2,0.0,0.42,0.42,0.5,0.63,0.85,1.0,0.42,,0.0,0
2026-09-14 02:56:06Z,DAL,in,0.85,Q4 9:01,-7.0,8162,Sam Howell,QB,0.6,0.0,0.1,0.1,0.07,0.09,0.85,0.3,0.03,,0.0,0
2026-09-14 02:56:06Z,DAL,in,0.85,Q4 9:01,-7.0,11783,Ryan Flournoy,WR,7.4,1.5,1.36,2.86,2.43,2.61,0.368,1.0,2.86,,0.0,0
2026-09-14 02:56:06Z,DAL,in,0.85,Q4 9:01,-7.0,10871,Luke Schoonmaker,TE,1.7,2.2,0.38,2.58,2.48,2.46,0.462,1.0,2.58,,0.0,0
2026-09-14 02:56:06Z,DAL,in,0.85,Q4 9:01,-7.0,7588,Javonte Williams,RB,16.9,12.6,2.68,15.28,15.07,15.14,0.11,1.0,15.28,,0.0,0
2026-09-14 02:57:07Z,DAL,in,0.863,Q4 8:15,-7.0,11533,Brandon Aubrey,K,9.6,2.0,1.1,3.1,3.1,3.32,0.123,1.0,3.1,,0.0,0
2026-09-14 02:57:07Z,DAL,in,0.863,Q4 8:15,-7.0,6786,CeeDee Lamb,WR,18.3,13.8,3.5,17.3,16.25,16.32,0.137,1.0,17.3,,0.0,0
2026-09-14 02:57:07Z,DAL,in,0.863,Q4 8:15,-7.0,3294,Dak Prescott,QB,18.5,9.04,3.47,12.51,11.35,11.58,0.137,1.0,12.51,,0.0,0
2026-09-14 02:57:07Z,NYG,in,0.863,Q4 8:15,7.0,13833,Dominic Zvada,K,8.2,3.0,0.99,3.99,3.99,4.13,0.229,1.0,3.99,,0.0,0
2026-09-14 02:57:07Z,DAL,in,0.863,Q4 8:15,-7.0,8110,Jake Ferguson,TE,9.3,2.6,1.62,4.22,3.69,3.88,0.124,1.0,4.22,,0.0,0
2026-09-14 02:57:07Z,NYG,in,0.863,Q4 8:15,7.0,8131,Isaiah Likely,TE,10.7,24.1,1.94,26.04,26.08,25.57,0.229,1.0,26.04,,0.0,0
2026-09-14 02:57:07Z,DAL,in,0.863,Q4 8:15,-7.0,DAL,Dallas Cowboys D/ST,DST,6.5,8.0,0.03,8.03,8.98,8.89,0.057,1.0,8.03,,0.0,0
2026-09-14 02:57:07Z,DAL,in,0.863,Q4 8:15,-7.0,8137,George Pickens,WR,15.2,5.8,2.7,8.5,7.64,7.89,0.205,1.0,8.5,,0.0,0
2026-09-14 02:57:07Z,NYG,in,0.863,Q4 8:15,7.0,11597,Theo Johnson,TE,4.3,1.9,0.5,2.4,2.43,2.49,0.327,1.0,2.4,,0.0,0
2026-09-14 02:57:07Z,NYG,in,0.863,Q4 8:15,7.0,12508,Jaxson Dart,QB,20.5,21.68,2.91,24.59,24.64,24.5,0.024,1.0,24.59,,0.0,0
2026-09-14 02:57:07Z,NYG,in,0.863,Q4 8:15,7.0,13285,Malachi Fields,WR,6.2,4.5,0.79,5.29,5.32,5.35,0.374,1.0,5.29,,0.0,0
2026-09-14 02:57:07Z,DAL,in,0.863,Q4 8:15,-7.0,8917,KaVontae Turpin,WR,4.3,1.8,0.77,2.57,2.33,2.39,0.393,1.0,2.57,,0.0,0
2026-09-14 02:57:07Z,NYG,in,0.863,Q4 8:15,7.0,11655,Tyrone Tracy,RB,2.4,-0.6,0.19,-0.41,-0.36,-0.27,0.386,0.721,-0.47,,0.0,0
2026-09-14 02:57:07Z,NYG,in,0.863,Q4 8:15,7.0,11632,Malik Nabers,WR,16.5,12.9,2.12,15.02,15.12,15.17,0.037,1.0,15.02,,0.0,0
2026-09-14 02:57:07Z,NYG,in,0.863,Q4 8:15,7.0,7090,Darnell Mooney,WR,5.6,4.7,0.73,5.43,5.47,5.47,0.266,1.0,5.43,,0.0,0
2026-09-14 02:57:07Z,NYG,in,0.863,Q4 8:15,7.0,2306,Jameis Winston,QB,0.5,0.0,0.04,0.04,0.05,0.07,0.863,0.3,0.01,,0.0,0
2026-09-14 02:57:07Z,DAL,in,0.863,Q4 8:15,-7.0,11593,Brevyn Spann-Ford,TE,0.5,3.4,0.2,3.6,3.57,3.47,0.649,1.0,3.6,,0.0,0
2026-09-14 02:57:07Z,NYG,in,0.863,Q4 8:15,7.0,2078,Odell Beckham,WR,4.3,0.0,0.43,0.43,0.46,0.59,0.863,1.0,0.43,,0.0,0
2026-09-14 02:57:07Z,NYG,in,0.863,Q4 8:15,7.0,12481,Cam Skattebo,RB,14.1,11.7,1.86,13.56,13.62,13.64,0.057,1.0,13.56,,0.0,0
2026-09-14 02:57:07Z,DAL,in,0.863,Q4 8:15,-7.0,11199,Emari Demercado,RB,1.8,0.7,0.23,0.93,0.92,0.95,0.171,1.0,0.93,,0.0,0
2026-09-14 02:57:07Z,NYG,in,0.863,Q4 8:15,7.0,NYG,New York Giants D/ST,DST,5.2,3.0,0.29,3.29,3.66,3.71,0.123,1.0,3.29,,0.0,0
2026-09-14 02:57:07Z,NYG,in,0.863,Q4 8:15,7.0,7528,Najee Harris,RB,4.2,0.0,0.38,0.38,0.45,0.58,0.863,1.0,0.38,,0.0,0
2026-09-14 02:57:07Z,DAL,in,0.863,Q4 8:15,-7.0,8162,Sam Howell,QB,0.6,0.0,0.1,0.1,0.06,0.08,0.863,0.3,0.03,,0.0,0
2026-09-14 02:57:07Z,DAL,in,0.863,Q4 8:15,-7.0,11783,Ryan Flournoy,WR,7.4,1.5,1.27,2.77,2.35,2.52,0.381,1.0,2.77,,0.0,0
2026-09-14 02:57:07Z,DAL,in,0.863,Q4 8:15,-7.0,10871,Luke Schoonmaker,TE,1.7,2.2,0.36,2.56,2.46,2.43,0.475,1.0,2.56,,0.0,0
2026-09-14 02:57:07Z,DAL,in,0.863,Q4 8:15,-7.0,7588,Javonte Williams,RB,16.9,12.6,2.47,15.07,14.86,14.92,0.123,1.0,15.07,,0.0,0
2026-09-14 02:58:07Z,DAL,in,0.876,Q4 7:26,-13.0,11533,Brandon Aubrey,K,9.6,2.0,0.99,2.99,2.99,3.19,0.136,1.0,2.99,,0.0,0
2026-09-14 02:58:07Z,DAL,in,0.876,Q4 7:26,-13.0,6786,CeeDee Lamb,WR,18.3,13.8,3.69,17.49,16.0,16.07,0.151,1.0,17.49,,0.0,0
2026-09-14 02:58:07Z,DAL,in,0.876,Q4 7:26,-13.0,3294,Dak Prescott,QB,18.5,9.04,3.78,12.82,11.11,11.33,0.151,0.998,12.81,,0.0,0
2026-09-14 02:58:07Z,NYG,in,0.876,Q4 7:26,13.0,13833,Dominic Zvada,K,8.2,3.0,0.89,3.89,3.89,4.02,0.242,1.0,3.89,,0.0,0
2026-09-14 02:58:07Z,DAL,in,0.876,Q4 7:26,-13.0,8110,Jake Ferguson,TE,9.3,2.6,1.73,4.33,3.58,3.75,0.137,1.0,4.33,,0.0,0
2026-09-14 02:58:07Z,NYG,in,0.876,Q4 7:26,13.0,8131,Isaiah Likely,TE,10.7,24.1,1.52,25.62,25.88,25.43,0.242,1.0,25.62,,0.0,0
2026-09-14 02:58:07Z,DAL,in,0.876,Q4 7:26,-13.0,DAL,Dallas Cowboys D/ST,DST,6.5,8.0,-0.04,7.96,8.88,8.81,0.071,1.0,7.96,,0.0,0
2026-09-14 02:58:07Z,DAL,in,0.876,Q4 7:26,-13.0,8137,George Pickens,WR,15.2,5.8,2.87,8.67,7.45,7.68,0.219,1.0,8.67,,0.0,0
2026-09-14 02:58:07Z,NYG,in,0.876,Q4 7:26,13.0,11597,Theo Johnson,TE,4.3,1.9,0.34,2.24,2.37,2.43,0.341,1.0,2.24,,0.0,0
2026-09-14 02:58:07Z,NYG,in,0.876,Q4 7:26,13.0,12508,Jaxson Dart,QB,20.5,21.96,2.01,23.97,24.62,24.5,0.0,1.0,23.97,,0.0,0
2026-09-14 02:58:07Z,NYG,in,0.876,Q4 7:26,13.0,13285,Malachi Fields,WR,6.2,4.5,0.56,5.06,5.24,5.27,0.387,1.0,5.06,,0.0,0
2026-09-14 02:58:07Z,DAL,in,0.876,Q4 7:26,-13.0,8917,KaVontae Turpin,WR,4.3,1.8,0.82,2.62,2.27,2.33,0.407,1.0,2.62,,0.0,0
2026-09-14 02:58:07Z,NYG,in,0.876,Q4 7:26,13.0,11655,Tyrone Tracy,RB,2.4,-0.6,0.15,-0.45,-0.39,-0.3,0.399,0.701,-0.5,,0.0,0
2026-09-14 02:58:07Z,NYG,in,0.876,Q4 7:26,13.0,11632,Malik Nabers,WR,16.5,12.9,1.51,14.41,14.9,14.94,0.05,1.0,14.41,,0.0,0
2026-09-14 02:58:07Z,NYG,in,0.876,Q4 7:26,13.0,7090,Darnell Mooney,WR,5.6,4.7,0.52,5.22,5.39,5.39,0.28,1.0,5.22,,0.0,0
2026-09-14 02:58:07Z,NYG,in,0.876,Q4 7:26,13.0,2306,Jameis Winston,QB,0.5,0.0,0.02,0.02,0.05,0.06,0.876,0.3,0.01,,0.0,0
2026-09-14 02:58:07Z,DAL,in,0.876,Q4 7:26,-13.0,11593,Brevyn Spann-Ford,TE,0.5,3.4,0.2,3.6,3.55,3.46,0.662,1.0,3.6,,0.0,0
2026-09-14 02:58:07Z,NYG,in,0.876,Q4 7:26,13.0,2078,Odell Beckham,WR,4.3,0.0,0.28,0.28,0.42,0.53,0.876,1.0,0.28,,0.0,0
2026-09-14 02:58:07Z,NYG,in,0.876,Q4 7:26,13.0,12481,Cam Skattebo,RB,14.1,11.7,1.58,13.28,13.43,13.45,0.071,1.0,13.28,,0.0,0
2026-09-14 02:58:07Z,DAL,in,0.876,Q4 7:26,-13.0,11199,Emari Demercado,RB,1.8,0.7,0.22,0.92,0.9,0.92,0.185,1.0,0.92,,0.0,0
2026-09-14 02:58:07Z,NYG,in,0.876,Q4 7:26,13.0,NYG,New York Giants D/ST,DST,5.2,3.0,0.35,3.35,3.6,3.64,0.136,1.0,3.35,,0.0,0
2026-09-14 02:58:07Z,NYG,in,0.876,Q4 7:26,13.0,7528,Najee Harris,RB,4.2,0.0,0.3,0.3,0.41,0.52,0.876,1.0,0.3,,0.0,0
2026-09-14 02:58:07Z,DAL,in,0.876,Q4 7:26,-13.0,8162,Sam Howell,QB,0.6,0.0,0.11,0.11,0.06,0.07,0.876,0.3,0.03,,0.0,0
2026-09-14 02:58:07Z,DAL,in,0.876,Q4 7:26,-13.0,11783,Ryan Flournoy,WR,7.4,1.5,1.35,2.85,2.26,2.42,0.395,1.0,2.85,,0.0,0
2026-09-14 02:58:07Z,DAL,in,0.876,Q4 7:26,-13.0,10871,Luke Schoonmaker,TE,1.7,2.2,0.37,2.57,2.43,2.41,0.489,1.0,2.57,,0.0,0
2026-09-14 02:58:07Z,DAL,in,0.876,Q4 7:26,-13.0,7588,Javonte Williams,RB,16.9,12.6,2.38,14.98,14.63,14.69,0.136,1.0,14.98,,0.0,0
2026-09-14 02:59:08Z,DAL,in,0.876,Q4 7:26,-14.0,11533,Brandon Aubrey,K,9.6,2.0,0.99,2.99,2.99,3.19,0.136,1.0,2.99,,0.0,0
2026-09-14 02:59:08Z,DAL,in,0.876,Q4 7:26,-14.0,6786,CeeDee Lamb,WR,18.3,13.8,3.77,17.57,16.0,16.07,0.151,1.0,17.57,,0.0,0
2026-09-14 02:59:08Z,DAL,in,0.876,Q4 7:26,-14.0,3294,Dak Prescott,QB,18.5,9.04,3.88,12.92,11.11,11.33,0.151,0.998,12.91,,0.0,0
2026-09-14 02:59:08Z,NYG,in,0.876,Q4 7:26,14.0,13833,Dominic Zvada,K,8.2,4.0,0.92,4.92,4.92,5.02,0.0,1.0,4.92,,0.0,0
2026-09-14 02:59:08Z,DAL,in,0.876,Q4 7:26,-14.0,8110,Jake Ferguson,TE,9.3,2.6,1.77,4.37,3.58,3.75,0.137,1.0,4.37,,0.0,0
2026-09-14 02:59:08Z,NYG,in,0.876,Q4 7:26,14.0,8131,Isaiah Likely,TE,10.7,24.1,1.47,25.57,25.88,25.43,0.242,1.0,25.57,,0.0,0
2026-09-14 02:59:08Z,DAL,in,0.876,Q4 7:26,-14.0,DAL,Dallas Cowboys D/ST,DST,6.5,7.0,-0.03,6.97,7.85,7.81,0.0,1.0,6.97,,0.0,0
2026-09-14 02:59:08Z,DAL,in,0.876,Q4 7:26,-14.0,8137,George Pickens,WR,15.2,5.8,2.94,8.74,7.45,7.68,0.219,1.0,8.74,,0.0,0
2026-09-14 02:59:08Z,NYG,in,0.876,Q4 7:26,14.0,11597,Theo Johnson,TE,4.3,1.9,0.33,2.23,2.37,2.43,0.341,1.0,2.23,,0.0,0
2026-09-14 02:59:08Z,NYG,in,0.876,Q4 7:26,14.0,12508,Jaxson Dart,QB,20.5,26.32,2.14,28.46,29.12,28.86,0.0,1.0,28.46,,0.0,0
2026-09-14 02:59:08Z,NYG,in,0.876,Q4 7:26,14.0,13285,Malachi Fields,WR,6.2,4.5,0.53,5.03,5.24,5.27,0.387,1.0,5.03,,0.0,0
2026-09-14 02:59:08Z,DAL,in,0.876,Q4 7:26,-14.0,8917,KaVontae Turpin,WR,4.3,1.8,0.84,2.64,2.27,2.33,0.407,1.0,2.64,,0.0,0
2026-09-14 02:59:08Z,NYG,in,0.876,Q4 7:26,14.0,11655,Tyrone Tracy,RB,2.4,-0.6,0.14,-0.46,-0.39,-0.3,0.399,0.701,-0.5,,0.0,0
2026-09-14 02:59:08Z,NYG,in,0.876,Q4 7:26,14.0,11632,Malik Nabers,WR,16.5,12.9,1.44,14.34,14.9,14.94,0.05,1.0,14.34,,0.0,0
2026-09-14 02:59:08Z,NYG,in,0.876,Q4 7:26,14.0,7090,Darnell Mooney,WR,5.6,4.7,0.5,5.2,5.39,5.39,0.28,1.0,5.2,,0.0,0
2026-09-14 02:59:08Z,NYG,in,0.876,Q4 7:26,14.0,2306,Jameis Winston,QB,0.5,0.0,0.02,0.02,0.05,0.06,0.876,0.3,0.01,,0.0,0
2026-09-14 02:59:08Z,DAL,in,0.876,Q4 7:26,-14.0,11593,Brevyn Spann-Ford,TE,0.5,3.4,0.21,3.61,3.55,3.46,0.662,1.0,3.61,,0.0,0
2026-09-14 02:59:08Z,NYG,in,0.876,Q4 7:26,14.0,2078,Odell Beckham,WR,4.3,0.0,0.26,0.26,0.42,0.53,0.876,1.0,0.26,,0.0,0
2026-09-14 02:59:08Z,NYG,in,0.876,Q4 7:26,14.0,12481,Cam Skattebo,RB,14.1,11.7,1.56,13.26,13.43,13.45,0.071,1.0,13.26,,0.0,0
2026-09-14 02:59:08Z,DAL,in,0.876,Q4 7:26,-14.0,11199,Emari Demercado,RB,1.8,0.7,0.23,0.93,0.9,0.92,0.185,1.0,0.93,,0.0,0
2026-09-14 02:59:08Z,NYG,in,0.876,Q4 7:26,14.0,NYG,New York Giants D/ST,DST,5.2,3.0,0.36,3.36,3.6,3.64,0.136,1.0,3.36,,0.0,0
2026-09-14 02:59:08Z,NYG,in,0.876,Q4 7:26,14.0,7528,Najee Harris,RB,4.2,0.0,0.3,0.3,0.41,0.52,0.876,1.0,0.3,,0.0,0
2026-09-14 02:59:08Z,DAL,in,0.876,Q4 7:26,-14.0,8162,Sam Howell,QB,0.6,0.0,0.11,0.11,0.06,0.07,0.876,0.3,0.03,,0.0,0
2026-09-14 02:59:08Z,DAL,in,0.876,Q4 7:26,-14.0,11783,Ryan Flournoy,WR,7.4,1.5,1.39,2.89,2.26,2.42,0.395,1.0,2.89,,0.0,0
2026-09-14 02:59:08Z,DAL,in,0.876,Q4 7:26,-14.0,10871,Luke Schoonmaker,TE,1.7,2.2,0.38,2.58,2.43,2.41,0.489,1.0,2.58,,0.0,0
2026-09-14 02:59:08Z,DAL,in,0.876,Q4 7:26,-14.0,7588,Javonte Williams,RB,16.9,12.6,2.4,15.0,14.63,14.69,0.136,1.0,15.0,,0.0,0
2026-09-14 03:00:08Z,DAL,in,0.876,Q4 7:26,-14.0,11533,Brandon Aubrey,K,9.6,2.0,0.99,2.99,2.99,3.19,0.136,1.0,2.99,,0.0,0
2026-09-14 03:00:08Z,DAL,in,0.876,Q4 7:26,-14.0,6786,CeeDee Lamb,WR,18.3,13.8,3.77,17.57,16.0,16.07,0.151,1.0,17.57,,0.0,0
2026-09-14 03:00:08Z,DAL,in,0.876,Q4 7:26,-14.0,3294,Dak Prescott,QB,18.5,9.04,3.88,12.92,11.11,11.33,0.151,0.998,12.91,,0.0,0
2026-09-14 03:00:08Z,NYG,in,0.876,Q4 7:26,14.0,13833,Dominic Zvada,K,8.2,4.0,0.92,4.92,4.92,5.02,0.0,1.0,4.92,,0.0,0
2026-09-14 03:00:08Z,DAL,in,0.876,Q4 7:26,-14.0,8110,Jake Ferguson,TE,9.3,2.6,1.77,4.37,3.58,3.75,0.137,1.0,4.37,,0.0,0
2026-09-14 03:00:08Z,NYG,in,0.876,Q4 7:26,14.0,8131,Isaiah Likely,TE,10.7,24.1,1.47,25.57,25.88,25.43,0.242,1.0,25.57,,0.0,0
2026-09-14 03:00:08Z,DAL,in,0.876,Q4 7:26,-14.0,DAL,Dallas Cowboys D/ST,DST,6.5,7.0,-0.03,6.97,7.85,7.81,0.0,1.0,6.97,,0.0,0
2026-09-14 03:00:08Z,DAL,in,0.876,Q4 7:26,-14.0,8137,George Pickens,WR,15.2,5.8,2.94,8.74,7.45,7.68,0.219,1.0,8.74,,0.0,0
2026-09-14 03:00:08Z,NYG,in,0.876,Q4 7:26,14.0,11597,Theo Johnson,TE,4.3,1.9,0.33,2.23,2.37,2.43,0.341,1.0,2.23,,0.0,0
2026-09-14 03:00:08Z,NYG,in,0.876,Q4 7:26,14.0,12508,Jaxson Dart,QB,20.5,26.32,2.14,28.46,29.12,28.86,0.0,1.0,28.46,,0.0,0
2026-09-14 03:00:08Z,NYG,in,0.876,Q4 7:26,14.0,13285,Malachi Fields,WR,6.2,4.5,0.53,5.03,5.24,5.27,0.387,1.0,5.03,,0.0,0
2026-09-14 03:00:08Z,DAL,in,0.876,Q4 7:26,-14.0,8917,KaVontae Turpin,WR,4.3,1.8,0.84,2.64,2.27,2.33,0.407,1.0,2.64,,0.0,0
2026-09-14 03:00:08Z,NYG,in,0.876,Q4 7:26,14.0,11655,Tyrone Tracy,RB,2.4,-0.6,0.14,-0.46,-0.39,-0.3,0.399,0.701,-0.5,,0.0,0
2026-09-14 03:00:08Z,NYG,in,0.876,Q4 7:26,14.0,11632,Malik Nabers,WR,16.5,12.9,1.44,14.34,14.9,14.94,0.05,1.0,14.34,,0.0,0
2026-09-14 03:00:08Z,NYG,in,0.876,Q4 7:26,14.0,7090,Darnell Mooney,WR,5.6,4.7,0.5,5.2,5.39,5.39,0.28,1.0,5.2,,0.0,0
2026-09-14 03:00:08Z,NYG,in,0.876,Q4 7:26,14.0,2306,Jameis Winston,QB,0.5,0.0,0.02,0.02,0.05,0.06,0.876,0.3,0.01,,0.0,0
2026-09-14 03:00:08Z,DAL,in,0.876,Q4 7:26,-14.0,11593,Brevyn Spann-Ford,TE,0.5,3.4,0.21,3.61,3.55,3.46,0.662,1.0,3.61,,0.0,0
2026-09-14 03:00:08Z,NYG,in,0.876,Q4 7:26,14.0,2078,Odell Beckham,WR,4.3,0.0,0.26,0.26,0.42,0.53,0.876,1.0,0.26,,0.0,0
2026-09-14 03:00:08Z,NYG,in,0.876,Q4 7:26,14.0,12481,Cam Skattebo,RB,14.1,11.7,1.56,13.26,13.43,13.45,0.071,1.0,13.26,,0.0,0
2026-09-14 03:00:08Z,DAL,in,0.876,Q4 7:26,-14.0,11199,Emari Demercado,RB,1.8,0.7,0.23,0.93,0.9,0.92,0.185,1.0,0.93,,0.0,0
2026-09-14 03:00:08Z,NYG,in,0.876,Q4 7:26,14.0,NYG,New York Giants D/ST,DST,5.2,3.0,0.36,3.36,3.6,3.64,0.136,1.0,3.36,,0.0,0
2026-09-14 03:00:08Z,NYG,in,0.876,Q4 7:26,14.0,7528,Najee Harris,RB,4.2,0.0,0.3,0.3,0.41,0.52,0.876,1.0,0.3,,0.0,0
2026-09-14 03:00:08Z,DAL,in,0.876,Q4 7:26,-14.0,8162,Sam Howell,QB,0.6,0.0,0.11,0.11,0.06,0.07,0.876,0.3,0.03,,0.0,0
2026-09-14 03:00:08Z,DAL,in,0.876,Q4 7:26,-14.0,11783,Ryan Flournoy,WR,7.4,1.5,1.39,2.89,2.26,2.42,0.395,1.0,2.89,,0.0,0
2026-09-14 03:00:08Z,DAL,in,0.876,Q4 7:26,-14.0,10871,Luke Schoonmaker,TE,1.7,2.2,0.38,2.58,2.43,2.41,0.489,1.0,2.58,,0.0,0
2026-09-14 03:00:08Z,DAL,in,0.876,Q4 7:26,-14.0,7588,Javonte Williams,RB,16.9,12.6,2.4,15.0,14.63,14.69,0.136,1.0,15.0,,0.0,0
2026-09-14 03:01:09Z,DAL,in,0.876,Q4 7:26,-14.0,11533,Brandon Aubrey,K,9.6,2.0,0.99,2.99,2.99,3.19,0.136,1.0,2.99,,0.0,0
2026-09-14 03:01:09Z,DAL,in,0.876,Q4 7:26,-14.0,6786,CeeDee Lamb,WR,18.3,13.8,3.77,17.57,16.0,16.07,0.151,1.0,17.57,,0.0,0
2026-09-14 03:01:09Z,DAL,in,0.876,Q4 7:26,-14.0,3294,Dak Prescott,QB,18.5,9.04,3.88,12.92,11.11,11.33,0.151,0.998,12.91,,0.0,0
2026-09-14 03:01:09Z,NYG,in,0.876,Q4 7:26,14.0,13833,Dominic Zvada,K,8.2,4.0,0.92,4.92,4.92,5.02,0.0,1.0,4.92,,0.0,0
2026-09-14 03:01:09Z,DAL,in,0.876,Q4 7:26,-14.0,8110,Jake Ferguson,TE,9.3,2.6,1.77,4.37,3.58,3.75,0.137,1.0,4.37,,0.0,0
2026-09-14 03:01:09Z,NYG,in,0.876,Q4 7:26,14.0,8131,Isaiah Likely,TE,10.7,24.1,1.47,25.57,25.88,25.43,0.242,1.0,25.57,,0.0,0
2026-09-14 03:01:09Z,DAL,in,0.876,Q4 7:26,-14.0,DAL,Dallas Cowboys D/ST,DST,6.5,7.0,-0.03,6.97,7.85,7.81,0.0,1.0,6.97,,0.0,0
2026-09-14 03:01:09Z,DAL,in,0.876,Q4 7:26,-14.0,8137,George Pickens,WR,15.2,5.8,2.94,8.74,7.45,7.68,0.219,1.0,8.74,,0.0,0
2026-09-14 03:01:09Z,NYG,in,0.876,Q4 7:26,14.0,11597,Theo Johnson,TE,4.3,1.9,0.33,2.23,2.37,2.43,0.341,1.0,2.23,,0.0,0
2026-09-14 03:01:09Z,NYG,in,0.876,Q4 7:26,14.0,12508,Jaxson Dart,QB,20.5,26.32,2.14,28.46,29.12,28.86,0.0,1.0,28.46,,0.0,0
2026-09-14 03:01:09Z,NYG,in,0.876,Q4 7:26,14.0,13285,Malachi Fields,WR,6.2,4.5,0.53,5.03,5.24,5.27,0.387,1.0,5.03,,0.0,0
2026-09-14 03:01:09Z,DAL,in,0.876,Q4 7:26,-14.0,8917,KaVontae Turpin,WR,4.3,1.8,0.84,2.64,2.27,2.33,0.407,1.0,2.64,,0.0,0
2026-09-14 03:01:09Z,NYG,in,0.876,Q4 7:26,14.0,11655,Tyrone Tracy,RB,2.4,-0.6,0.14,-0.46,-0.39,-0.3,0.399,0.701,-0.5,,0.0,0
2026-09-14 03:01:09Z,NYG,in,0.876,Q4 7:26,14.0,11632,Malik Nabers,WR,16.5,12.9,1.44,14.34,14.9,14.94,0.05,1.0,14.34,,0.0,0
2026-09-14 03:01:09Z,NYG,in,0.876,Q4 7:26,14.0,7090,Darnell Mooney,WR,5.6,4.7,0.5,5.2,5.39,5.39,0.28,1.0,5.2,,0.0,0
2026-09-14 03:01:09Z,NYG,in,0.876,Q4 7:26,14.0,2306,Jameis Winston,QB,0.5,0.0,0.02,0.02,0.05,0.06,0.876,0.3,0.01,,0.0,0
2026-09-14 03:01:09Z,DAL,in,0.876,Q4 7:26,-14.0,11593,Brevyn Spann-Ford,TE,0.5,3.4,0.21,3.61,3.55,3.46,0.662,1.0,3.61,,0.0,0
2026-09-14 03:01:09Z,NYG,in,0.876,Q4 7:26,14.0,2078,Odell Beckham,WR,4.3,0.0,0.26,0.26,0.42,0.53,0.876,1.0,0.26,,0.0,0
2026-09-14 03:01:09Z,NYG,in,0.876,Q4 7:26,14.0,12481,Cam Skattebo,RB,14.1,11.7,1.56,13.26,13.43,13.45,0.071,1.0,13.26,,0.0,0
2026-09-14 03:01:09Z,DAL,in,0.876,Q4 7:26,-14.0,11199,Emari Demercado,RB,1.8,0.7,0.23,0.93,0.9,0.92,0.185,1.0,0.93,,0.0,0
2026-09-14 03:01:09Z,NYG,in,0.876,Q4 7:26,14.0,NYG,New York Giants D/ST,DST,5.2,3.0,0.36,3.36,3.6,3.64,0.136,1.0,3.36,,0.0,0
2026-09-14 03:01:09Z,NYG,in,0.876,Q4 7:26,14.0,7528,Najee Harris,RB,4.2,0.0,0.3,0.3,0.41,0.52,0.876,1.0,0.3,,0.0,0
2026-09-14 03:01:09Z,DAL,in,0.876,Q4 7:26,-14.0,8162,Sam Howell,QB,0.6,0.0,0.11,0.11,0.06,0.07,0.876,0.3,0.03,,0.0,0
2026-09-14 03:01:09Z,DAL,in,0.876,Q4 7:26,-14.0,11783,Ryan Flournoy,WR,7.4,1.5,1.39,2.89,2.26,2.42,0.395,1.0,2.89,,0.0,0
2026-09-14 03:01:09Z,DAL,in,0.876,Q4 7:26,-14.0,10871,Luke Schoonmaker,TE,1.7,2.2,0.38,2.58,2.43,2.41,0.489,1.0,2.58,,0.0,0
2026-09-14 03:01:09Z,DAL,in,0.876,Q4 7:26,-14.0,7588,Javonte Williams,RB,16.9,12.6,2.4,15.0,14.63,14.69,0.136,1.0,15.0,,0.0,0
2026-09-14 03:02:09Z,DAL,in,0.876,Q4 7:26,-14.0,11533,Brandon Aubrey,K,9.6,2.0,0.99,2.99,2.99,3.19,0.136,1.0,2.99,,0.0,0
2026-09-14 03:02:09Z,DAL,in,0.876,Q4 7:26,-14.0,6786,CeeDee Lamb,WR,18.3,13.8,3.77,17.57,16.0,16.07,0.151,1.0,17.57,,0.0,0
2026-09-14 03:02:09Z,DAL,in,0.876,Q4 7:26,-14.0,3294,Dak Prescott,QB,18.5,9.04,3.88,12.92,11.11,11.33,0.151,0.998,12.91,,0.0,0
2026-09-14 03:02:09Z,NYG,in,0.876,Q4 7:26,14.0,13833,Dominic Zvada,K,8.2,4.0,0.92,4.92,4.92,5.02,0.0,1.0,4.92,,0.0,0
2026-09-14 03:02:09Z,DAL,in,0.876,Q4 7:26,-14.0,8110,Jake Ferguson,TE,9.3,2.6,1.77,4.37,3.58,3.75,0.137,1.0,4.37,,0.0,0
2026-09-14 03:02:09Z,NYG,in,0.876,Q4 7:26,14.0,8131,Isaiah Likely,TE,10.7,24.1,1.47,25.57,25.88,25.43,0.242,1.0,25.57,,0.0,0
2026-09-14 03:02:09Z,DAL,in,0.876,Q4 7:26,-14.0,DAL,Dallas Cowboys D/ST,DST,6.5,7.0,-0.03,6.97,7.85,7.81,0.0,1.0,6.97,,0.0,0
2026-09-14 03:02:09Z,DAL,in,0.876,Q4 7:26,-14.0,8137,George Pickens,WR,15.2,5.8,2.94,8.74,7.45,7.68,0.219,1.0,8.74,,0.0,0
2026-09-14 03:02:09Z,NYG,in,0.876,Q4 7:26,14.0,11597,Theo Johnson,TE,4.3,1.9,0.33,2.23,2.37,2.43,0.341,1.0,2.23,,0.0,0
2026-09-14 03:02:09Z,NYG,in,0.876,Q4 7:26,14.0,12508,Jaxson Dart,QB,20.5,26.32,2.14,28.46,29.12,28.86,0.0,1.0,28.46,,0.0,0
2026-09-14 03:02:09Z,NYG,in,0.876,Q4 7:26,14.0,13285,Malachi Fields,WR,6.2,4.5,0.53,5.03,5.24,5.27,0.387,1.0,5.03,,0.0,0
2026-09-14 03:02:09Z,DAL,in,0.876,Q4 7:26,-14.0,8917,KaVontae Turpin,WR,4.3,1.8,0.84,2.64,2.27,2.33,0.407,1.0,2.64,,0.0,0
2026-09-14 03:02:09Z,NYG,in,0.876,Q4 7:26,14.0,11655,Tyrone Tracy,RB,2.4,-0.6,0.14,-0.46,-0.39,-0.3,0.399,0.701,-0.5,,0.0,0
2026-09-14 03:02:09Z,NYG,in,0.876,Q4 7:26,14.0,11632,Malik Nabers,WR,16.5,12.9,1.44,14.34,14.9,14.94,0.05,1.0,14.34,,0.0,0
2026-09-14 03:02:09Z,NYG,in,0.876,Q4 7:26,14.0,7090,Darnell Mooney,WR,5.6,4.7,0.5,5.2,5.39,5.39,0.28,1.0,5.2,,0.0,0
2026-09-14 03:02:09Z,NYG,in,0.876,Q4 7:26,14.0,2306,Jameis Winston,QB,0.5,0.0,0.02,0.02,0.05,0.06,0.876,0.3,0.01,,0.0,0
2026-09-14 03:02:09Z,DAL,in,0.876,Q4 7:26,-14.0,11593,Brevyn Spann-Ford,TE,0.5,3.4,0.21,3.61,3.55,3.46,0.662,1.0,3.61,,0.0,0
2026-09-14 03:02:09Z,NYG,in,0.876,Q4 7:26,14.0,2078,Odell Beckham,WR,4.3,0.0,0.26,0.26,0.42,0.53,0.876,1.0,0.26,,0.0,0
2026-09-14 03:02:09Z,NYG,in,0.876,Q4 7:26,14.0,12481,Cam Skattebo,RB,14.1,11.7,1.56,13.26,13.43,13.45,0.071,1.0,13.26,,0.0,0
2026-09-14 03:02:09Z,DAL,in,0.876,Q4 7:26,-14.0,11199,Emari Demercado,RB,1.8,0.7,0.23,0.93,0.9,0.92,0.185,1.0,0.93,,0.0,0
2026-09-14 03:02:09Z,NYG,in,0.876,Q4 7:26,14.0,NYG,New York Giants D/ST,DST,5.2,3.0,0.36,3.36,3.6,3.64,0.136,1.0,3.36,,0.0,0
2026-09-14 03:02:09Z,NYG,in,0.876,Q4 7:26,14.0,7528,Najee Harris,RB,4.2,0.0,0.3,0.3,0.41,0.52,0.876,1.0,0.3,,0.0,0
2026-09-14 03:02:09Z,DAL,in,0.876,Q4 7:26,-14.0,8162,Sam Howell,QB,0.6,0.0,0.11,0.11,0.06,0.07,0.876,0.3,0.03,,0.0,0
2026-09-14 03:02:09Z,DAL,in,0.876,Q4 7:26,-14.0,11783,Ryan Flournoy,WR,7.4,1.5,1.39,2.89,2.26,2.42,0.395,1.0,2.89,,0.0,0
2026-09-14 03:02:09Z,DAL,in,0.876,Q4 7:26,-14.0,10871,Luke Schoonmaker,TE,1.7,2.2,0.38,2.58,2.43,2.41,0.489,1.0,2.58,,0.0,0
2026-09-14 03:02:09Z,DAL,in,0.876,Q4 7:26,-14.0,7588,Javonte Williams,RB,16.9,12.6,2.4,15.0,14.63,14.69,0.136,1.0,15.0,,0.0,0
2026-09-14 03:03:09Z,DAL,in,0.879,Q4 7:15,-14.0,11533,Brandon Aubrey,K,9.6,2.0,0.97,2.97,2.97,3.16,0.139,1.0,2.97,,0.0,0
2026-09-14 03:03:09Z,DAL,in,0.879,Q4 7:15,-14.0,6786,CeeDee Lamb,WR,18.3,13.8,3.7,17.5,15.94,16.01,0.154,1.0,17.5,,0.0,0
2026-09-14 03:03:09Z,DAL,in,0.879,Q4 7:15,-14.0,3294,Dak Prescott,QB,18.5,9.24,3.81,13.05,11.26,11.48,0.0,1.0,13.05,,0.0,0
2026-09-14 03:03:09Z,NYG,in,0.879,Q4 7:15,14.0,13833,Dominic Zvada,K,8.2,4.0,0.89,4.89,4.89,4.99,0.003,1.0,4.89,,0.0,0
2026-09-14 03:03:09Z,DAL,in,0.879,Q4 7:15,-14.0,8110,Jake Ferguson,TE,9.3,2.6,1.73,4.33,3.56,3.72,0.141,1.0,4.33,,0.0,0
2026-09-14 03:03:09Z,NYG,in,0.879,Q4 7:15,14.0,8131,Isaiah Likely,TE,10.7,24.1,1.44,25.54,25.84,25.39,0.246,1.0,25.54,,0.0,0
2026-09-14 03:03:09Z,DAL,in,0.879,Q4 7:15,-14.0,DAL,Dallas Cowboys D/ST,DST,6.5,7.0,-0.03,6.97,7.82,7.79,0.003,1.0,6.97,,0.0,0
2026-09-14 03:03:09Z,DAL,in,0.879,Q4 7:15,-14.0,8137,George Pickens,WR,15.2,5.8,2.88,8.68,7.41,7.64,0.222,1.0,8.68,,0.0,0
2026-09-14 03:03:09Z,NYG,in,0.879,Q4 7:15,14.0,11597,Theo Johnson,TE,4.3,1.9,0.32,2.22,2.36,2.42,0.344,1.0,2.22,,0.0,0
2026-09-14 03:03:09Z,NYG,in,0.879,Q4 7:15,14.0,12508,Jaxson Dart,QB,20.5,26.32,2.08,28.4,29.05,28.8,0.003,1.0,28.4,,0.0,0
2026-09-14 03:03:09Z,NYG,in,0.879,Q4 7:15,14.0,13285,Malachi Fields,WR,6.2,4.5,0.52,5.02,5.22,5.25,0.39,1.0,5.02,,0.0,0
2026-09-14 03:03:09Z,DAL,in,0.879,Q4 7:15,-14.0,8917,KaVontae Turpin,WR,4.3,1.8,0.82,2.62,2.26,2.32,0.41,1.0,2.62,,0.0,0
2026-09-14 03:03:09Z,NYG,in,0.879,Q4 7:15,14.0,11655,Tyrone Tracy,RB,2.4,-0.6,0.14,-0.46,-0.39,-0.31,0.402,0.696,-0.5,,0.0,0
2026-09-14 03:03:09Z,NYG,in,0.879,Q4 7:15,14.0,11632,Malik Nabers,WR,16.5,12.9,1.41,14.31,14.85,14.89,0.053,1.0,14.31,,0.0,0
2026-09-14 03:03:09Z,NYG,in,0.879,Q4 7:15,14.0,7090,Darnell Mooney,WR,5.6,4.7,0.49,5.19,5.37,5.38,0.283,1.0,5.19,,0.0,0
2026-09-14 03:03:09Z,NYG,in,0.879,Q4 7:15,14.0,2306,Jameis Winston,QB,0.5,0.0,0.02,0.02,0.05,0.06,0.879,0.3,0.0,,0.0,0
2026-09-14 03:03:09Z,DAL,in,0.879,Q4 7:15,-14.0,11593,Brevyn Spann-Ford,TE,0.5,3.4,0.2,3.6,3.55,3.46,0.666,1.0,3.6,,0.0,0
2026-09-14 03:03:09Z,NYG,in,0.879,Q4 7:15,14.0,2078,Odell Beckham,WR,4.3,0.0,0.25,0.25,0.41,0.52,0.879,1.0,0.25,,0.0,0
2026-09-14 03:03:09Z,NYG,in,0.879,Q4 7:15,14.0,12481,Cam Skattebo,RB,14.1,11.7,1.52,13.22,13.38,13.4,0.074,1.0,13.22,,0.0,0
2026-09-14 03:03:09Z,DAL,in,0.879,Q4 7:15,-14.0,11199,Emari Demercado,RB,1.8,0.7,0.22,0.92,0.89,0.92,0.188,1.0,0.92,,0.0,0
2026-09-14 03:03:09Z,NYG,in,0.879,Q4 7:15,14.0,NYG,New York Giants D/ST,DST,5.2,3.0,0.36,3.36,3.58,3.63,0.139,1.0,3.36,,0.0,0
2026-09-14 03:03:09Z,NYG,in,0.879,Q4 7:15,14.0,7528,Najee Harris,RB,4.2,0.0,0.29,0.29,0.4,0.51,0.879,1.0,0.29,,0.0,0
2026-09-14 03:03:09Z,DAL,in,0.879,Q4 7:15,-14.0,8162,Sam Howell,QB,0.6,0.0,0.11,0.11,0.06,0.07,0.879,0.3,0.03,,0.0,0
2026-09-14 03:03:09Z,DAL,in,0.879,Q4 7:15,-14.0,11783,Ryan Flournoy,WR,7.4,1.5,1.36,2.86,2.24,2.39,0.398,1.0,2.86,,0.0,0
2026-09-14 03:03:09Z,DAL,in,0.879,Q4 7:15,-14.0,10871,Luke Schoonmaker,TE,1.7,2.2,0.37,2.57,2.43,2.41,0.492,1.0,2.57,,0.0,0
2026-09-14 03:03:09Z,DAL,in,0.879,Q4 7:15,-14.0,7588,Javonte Williams,RB,16.9,14.1,2.42,16.52,16.12,16.14,0.0,1.0,16.52,,0.0,0
2026-09-14 03:04:10Z,DAL,in,0.882,Q4 7:06,-14.0,11533,Brandon Aubrey,K,9.6,2.0,0.94,2.94,2.94,3.14,0.142,1.0,2.94,,0.0,0
2026-09-14 03:04:10Z,DAL,in,0.882,Q4 7:06,-14.0,6786,CeeDee Lamb,WR,18.3,13.8,3.64,17.44,15.9,15.97,0.156,1.0,17.44,,0.0,0
2026-09-14 03:04:10Z,DAL,in,0.882,Q4 7:06,-14.0,3294,Dak Prescott,QB,18.5,9.24,3.75,12.99,11.22,11.43,0.003,1.0,12.99,,0.0,0
2026-09-14 03:04:10Z,NYG,in,0.882,Q4 7:06,14.0,13833,Dominic Zvada,K,8.2,4.0,0.87,4.87,4.87,4.97,0.006,1.0,4.87,,0.0,0
2026-09-14 03:04:10Z,DAL,in,0.882,Q4 7:06,-14.0,8110,Jake Ferguson,TE,9.3,2.6,1.7,4.3,3.53,3.7,0.143,1.0,4.3,,0.0,0
2026-09-14 03:04:10Z,NYG,in,0.882,Q4 7:06,14.0,8131,Isaiah Likely,TE,10.7,24.1,1.42,25.52,25.8,25.37,0.248,1.0,25.52,,0.0,0
2026-09-14 03:04:10Z,DAL,in,0.882,Q4 7:06,-14.0,DAL,Dallas Cowboys D/ST,DST,6.5,7.0,-0.03,6.97,7.81,7.77,0.006,1.0,6.97,,0.0,0
2026-09-14 03:04:10Z,DAL,in,0.882,Q4 7:06,-14.0,8137,George Pickens,WR,15.2,5.8,2.83,8.63,7.37,7.6,0.224,1.0,8.63,,0.0,0
2026-09-14 03:04:10Z,NYG,in,0.882,Q4 7:06,14.0,11597,Theo Johnson,TE,4.3,1.9,0.31,2.21,2.35,2.41,0.346,1.0,2.21,,0.0,0
2026-09-14 03:04:10Z,NYG,in,0.882,Q4 7:06,14.0,12508,Jaxson Dart,QB,20.5,26.32,2.04,28.36,28.99,28.75,0.006,1.0,28.36,,0.0,0
2026-09-14 03:04:10Z,NYG,in,0.882,Q4 7:06,14.0,13285,Malachi Fields,WR,6.2,4.5,0.51,5.01,5.21,5.23,0.393,1.0,5.01,,0.0,0
2026-09-14 03:04:10Z,DAL,in,0.882,Q4 7:06,-14.0,8917,KaVontae Turpin,WR,4.3,1.8,0.81,2.61,2.25,2.31,0.412,1.0,2.61,,0.0,0
2026-09-14 03:04:10Z,NYG,in,0.882,Q4 7:06,14.0,11655,Tyrone Tracy,RB,2.4,-0.6,0.13,-0.47,-0.4,-0.32,0.405,0.693,-0.51,,0.0,0
2026-09-14 03:04:10Z,NYG,in,0.882,Q4 7:06,14.0,11632,Malik Nabers,WR,16.5,12.9,1.38,14.28,14.8,14.85,0.056,1.0,14.28,,0.0,0
2026-09-14 03:04:10Z,NYG,in,0.882,Q4 7:06,14.0,7090,Darnell Mooney,WR,5.6,4.7,0.48,5.18,5.36,5.36,0.286,1.0,5.18,,0.0,0
2026-09-14 03:04:10Z,NYG,in,0.882,Q4 7:06,14.0,2306,Jameis Winston,QB,0.5,0.0,0.02,0.02,0.05,0.06,0.882,0.3,0.0,,0.0,0
2026-09-14 03:04:10Z,DAL,in,0.882,Q4 7:06,-14.0,11593,Brevyn Spann-Ford,TE,0.5,3.4,0.2,3.6,3.55,3.46,0.668,1.0,3.6,,0.0,0
2026-09-14 03:04:10Z,NYG,in,0.882,Q4 7:06,14.0,2078,Odell Beckham,WR,4.3,0.0,0.25,0.25,0.4,0.51,0.882,1.0,0.25,,0.0,0
2026-09-14 03:04:10Z,NYG,in,0.882,Q4 7:06,14.0,12481,Cam Skattebo,RB,14.1,11.7,1.49,13.19,13.35,13.37,0.076,1.0,13.19,,0.0,0
2026-09-14 03:04:10Z,DAL,in,0.882,Q4 7:06,-14.0,11199,Emari Demercado,RB,1.8,0.7,0.22,0.92,0.89,0.91,0.19,1.0,0.92,,0.0,0
2026-09-14 03:04:10Z,NYG,in,0.882,Q4 7:06,14.0,NYG,New York Giants D/ST,DST,5.2,3.0,0.36,3.36,3.57,3.62,0.142,1.0,3.36,,0.0,0
2026-09-14 03:04:10Z,NYG,in,0.882,Q4 7:06,14.0,7528,Najee Harris,RB,4.2,0.0,0.28,0.28,0.39,0.5,0.882,1.0,0.28,,0.0,0
2026-09-14 03:04:10Z,DAL,in,0.882,Q4 7:06,-14.0,8162,Sam Howell,QB,0.6,0.0,0.11,0.11,0.06,0.07,0.882,0.3,0.03,,0.0,0
2026-09-14 03:04:10Z,DAL,in,0.882,Q4 7:06,-14.0,11783,Ryan Flournoy,WR,7.4,1.5,1.33,2.83,2.23,2.38,0.4,1.0,2.83,,0.0,0
2026-09-14 03:04:10Z,DAL,in,0.882,Q4 7:06,-14.0,10871,Luke Schoonmaker,TE,1.7,2.2,0.37,2.57,2.42,2.4,0.494,1.0,2.57,,0.0,0
2026-09-14 03:04:10Z,DAL,in,0.882,Q4 7:06,-14.0,7588,Javonte Williams,RB,16.9,14.1,2.37,16.47,16.08,16.1,0.003,1.0,16.47,,0.0,0
2026-09-14 03:05:10Z,DAL,in,0.882,Q4 7:06,-14.0,11533,Brandon Aubrey,K,9.6,2.0,0.94,2.94,2.94,3.14,0.142,1.0,2.94,,0.0,0
2026-09-14 03:05:10Z,DAL,in,0.882,Q4 7:06,-14.0,6786,CeeDee Lamb,WR,18.3,13.8,3.64,17.44,15.9,15.97,0.156,1.0,17.44,,0.0,0
2026-09-14 03:05:10Z,DAL,in,0.882,Q4 7:06,-14.0,3294,Dak Prescott,QB,18.5,9.24,3.75,12.99,11.22,11.43,0.003,1.0,12.99,,0.0,0
2026-09-14 03:05:10Z,NYG,in,0.882,Q4 7:06,14.0,13833,Dominic Zvada,K,8.2,4.0,0.87,4.87,4.87,4.97,0.006,1.0,4.87,,0.0,0
2026-09-14 03:05:10Z,DAL,in,0.882,Q4 7:06,-14.0,8110,Jake Ferguson,TE,9.3,2.6,1.7,4.3,3.53,3.7,0.143,1.0,4.3,,0.0,0
2026-09-14 03:05:10Z,NYG,in,0.882,Q4 7:06,14.0,8131,Isaiah Likely,TE,10.7,24.1,1.42,25.52,25.8,25.37,0.248,1.0,25.52,,0.0,0
2026-09-14 03:05:10Z,DAL,in,0.882,Q4 7:06,-14.0,DAL,Dallas Cowboys D/ST,DST,6.5,7.0,-0.03,6.97,7.81,7.77,0.006,1.0,6.97,,0.0,0
2026-09-14 03:05:10Z,DAL,in,0.882,Q4 7:06,-14.0,8137,George Pickens,WR,15.2,5.8,2.83,8.63,7.37,7.6,0.224,1.0,8.63,,0.0,0
2026-09-14 03:05:10Z,NYG,in,0.882,Q4 7:06,14.0,11597,Theo Johnson,TE,4.3,1.9,0.31,2.21,2.35,2.41,0.346,1.0,2.21,,0.0,0
2026-09-14 03:05:10Z,NYG,in,0.882,Q4 7:06,14.0,12508,Jaxson Dart,QB,20.5,26.32,2.04,28.36,28.99,28.75,0.006,1.0,28.36,,0.0,0
2026-09-14 03:05:10Z,NYG,in,0.882,Q4 7:06,14.0,13285,Malachi Fields,WR,6.2,4.5,0.51,5.01,5.21,5.23,0.393,1.0,5.01,,0.0,0
2026-09-14 03:05:10Z,DAL,in,0.882,Q4 7:06,-14.0,8917,KaVontae Turpin,WR,4.3,1.8,0.81,2.61,2.25,2.31,0.412,1.0,2.61,,0.0,0
2026-09-14 03:05:10Z,NYG,in,0.882,Q4 7:06,14.0,11655,Tyrone Tracy,RB,2.4,-0.6,0.13,-0.47,-0.4,-0.32,0.405,0.693,-0.51,,0.0,0
2026-09-14 03:05:10Z,NYG,in,0.882,Q4 7:06,14.0,11632,Malik Nabers,WR,16.5,12.9,1.38,14.28,14.8,14.85,0.056,1.0,14.28,,0.0,0
2026-09-14 03:05:10Z,NYG,in,0.882,Q4 7:06,14.0,7090,Darnell Mooney,WR,5.6,4.7,0.48,5.18,5.36,5.36,0.286,1.0,5.18,,0.0,0
2026-09-14 03:05:10Z,NYG,in,0.882,Q4 7:06,14.0,2306,Jameis Winston,QB,0.5,0.0,0.02,0.02,0.05,0.06,0.882,0.3,0.0,,0.0,0
2026-09-14 03:05:10Z,DAL,in,0.882,Q4 7:06,-14.0,11593,Brevyn Spann-Ford,TE,0.5,3.4,0.2,3.6,3.55,3.46,0.668,1.0,3.6,,0.0,0
2026-09-14 03:05:10Z,NYG,in,0.882,Q4 7:06,14.0,2078,Odell Beckham,WR,4.3,0.0,0.25,0.25,0.4,0.51,0.882,1.0,0.25,,0.0,0
2026-09-14 03:05:10Z,NYG,in,0.882,Q4 7:06,14.0,12481,Cam Skattebo,RB,14.1,11.7,1.49,13.19,13.35,13.37,0.076,1.0,13.19,,0.0,0
2026-09-14 03:05:10Z,DAL,in,0.882,Q4 7:06,-14.0,11199,Emari Demercado,RB,1.8,0.7,0.22,0.92,0.89,0.91,0.19,1.0,0.92,,0.0,0
2026-09-14 03:05:10Z,NYG,in,0.882,Q4 7:06,14.0,NYG,New York Giants D/ST,DST,5.2,3.0,0.36,3.36,3.57,3.62,0.142,1.0,3.36,,0.0,0
2026-09-14 03:05:10Z,NYG,in,0.882,Q4 7:06,14.0,7528,Najee Harris,RB,4.2,0.0,0.28,0.28,0.39,0.5,0.882,1.0,0.28,,0.0,0
2026-09-14 03:05:10Z,DAL,in,0.882,Q4 7:06,-14.0,8162,Sam Howell,QB,0.6,0.0,0.11,0.11,0.06,0.07,0.882,0.3,0.03,,0.0,0
2026-09-14 03:05:10Z,DAL,in,0.882,Q4 7:06,-14.0,11783,Ryan Flournoy,WR,7.4,1.5,1.33,2.83,2.23,2.38,0.4,1.0,2.83,,0.0,0
2026-09-14 03:05:10Z,DAL,in,0.882,Q4 7:06,-14.0,10871,Luke Schoonmaker,TE,1.7,2.2,0.37,2.57,2.42,2.4,0.494,1.0,2.57,,0.0,0
2026-09-14 03:05:10Z,DAL,in,0.882,Q4 7:06,-14.0,7588,Javonte Williams,RB,16.9,14.1,2.37,16.47,16.08,16.1,0.003,1.0,16.47,,0.0,0
2026-09-14 03:06:11Z,DAL,in,0.882,Q4 7:06,-14.0,11533,Brandon Aubrey,K,9.6,2.0,0.94,2.94,2.94,3.14,0.142,1.0,2.94,,0.0,0
2026-09-14 03:06:11Z,DAL,in,0.882,Q4 7:06,-14.0,6786,CeeDee Lamb,WR,18.3,13.8,3.64,17.44,15.9,15.97,0.156,1.0,17.44,,0.0,0
2026-09-14 03:06:11Z,DAL,in,0.882,Q4 7:06,-14.0,3294,Dak Prescott,QB,18.5,9.24,3.75,12.99,11.22,11.43,0.003,1.0,12.99,,0.0,0
2026-09-14 03:06:11Z,NYG,in,0.882,Q4 7:06,14.0,13833,Dominic Zvada,K,8.2,4.0,0.87,4.87,4.87,4.97,0.006,1.0,4.87,,0.0,0
2026-09-14 03:06:11Z,DAL,in,0.882,Q4 7:06,-14.0,8110,Jake Ferguson,TE,9.3,2.6,1.7,4.3,3.53,3.7,0.143,1.0,4.3,,0.0,0
2026-09-14 03:06:11Z,NYG,in,0.882,Q4 7:06,14.0,8131,Isaiah Likely,TE,10.7,24.1,1.42,25.52,25.8,25.37,0.248,1.0,25.52,,0.0,0
2026-09-14 03:06:11Z,DAL,in,0.882,Q4 7:06,-14.0,DAL,Dallas Cowboys D/ST,DST,6.5,7.0,-0.03,6.97,7.81,7.77,0.006,1.0,6.97,,0.0,0
2026-09-14 03:06:11Z,DAL,in,0.882,Q4 7:06,-14.0,8137,George Pickens,WR,15.2,5.8,2.83,8.63,7.37,7.6,0.224,1.0,8.63,,0.0,0
2026-09-14 03:06:11Z,NYG,in,0.882,Q4 7:06,14.0,11597,Theo Johnson,TE,4.3,1.9,0.31,2.21,2.35,2.41,0.346,1.0,2.21,,0.0,0
2026-09-14 03:06:11Z,NYG,in,0.882,Q4 7:06,14.0,12508,Jaxson Dart,QB,20.5,26.32,2.04,28.36,28.99,28.75,0.006,1.0,28.36,,0.0,0
2026-09-14 03:06:11Z,NYG,in,0.882,Q4 7:06,14.0,13285,Malachi Fields,WR,6.2,4.5,0.51,5.01,5.21,5.23,0.393,1.0,5.01,,0.0,0
2026-09-14 03:06:11Z,DAL,in,0.882,Q4 7:06,-14.0,8917,KaVontae Turpin,WR,4.3,1.8,0.81,2.61,2.25,2.31,0.412,1.0,2.61,,0.0,0
2026-09-14 03:06:11Z,NYG,in,0.882,Q4 7:06,14.0,11655,Tyrone Tracy,RB,2.4,-0.6,0.13,-0.47,-0.4,-0.32,0.405,0.693,-0.51,,0.0,0
2026-09-14 03:06:11Z,NYG,in,0.882,Q4 7:06,14.0,11632,Malik Nabers,WR,16.5,12.9,1.38,14.28,14.8,14.85,0.056,1.0,14.28,,0.0,0
2026-09-14 03:06:11Z,NYG,in,0.882,Q4 7:06,14.0,7090,Darnell Mooney,WR,5.6,4.7,0.48,5.18,5.36,5.36,0.286,1.0,5.18,,0.0,0
2026-09-14 03:06:11Z,NYG,in,0.882,Q4 7:06,14.0,2306,Jameis Winston,QB,0.5,0.0,0.02,0.02,0.05,0.06,0.882,0.3,0.0,,0.0,0
2026-09-14 03:06:11Z,DAL,in,0.882,Q4 7:06,-14.0,11593,Brevyn Spann-Ford,TE,0.5,3.4,0.2,3.6,3.55,3.46,0.668,1.0,3.6,,0.0,0
2026-09-14 03:06:11Z,NYG,in,0.882,Q4 7:06,14.0,2078,Odell Beckham,WR,4.3,0.0,0.25,0.25,0.4,0.51,0.882,1.0,0.25,,0.0,0
2026-09-14 03:06:11Z,NYG,in,0.882,Q4 7:06,14.0,12481,Cam Skattebo,RB,14.1,11.7,1.49,13.19,13.35,13.37,0.076,1.0,13.19,,0.0,0
2026-09-14 03:06:11Z,DAL,in,0.882,Q4 7:06,-14.0,11199,Emari Demercado,RB,1.8,0.7,0.22,0.92,0.89,0.91,0.19,1.0,0.92,,0.0,0
2026-09-14 03:06:11Z,NYG,in,0.882,Q4 7:06,14.0,NYG,New York Giants D/ST,DST,5.2,3.0,0.36,3.36,3.57,3.62,0.142,1.0,3.36,,0.0,0
2026-09-14 03:06:11Z,NYG,in,0.882,Q4 7:06,14.0,7528,Najee Harris,RB,4.2,0.0,0.28,0.28,0.39,0.5,0.882,1.0,0.28,,0.0,0
2026-09-14 03:06:11Z,DAL,in,0.882,Q4 7:06,-14.0,8162,Sam Howell,QB,0.6,0.0,0.11,0.11,0.06,0.07,0.882,0.3,0.03,,0.0,0
2026-09-14 03:06:11Z,DAL,in,0.882,Q4 7:06,-14.0,11783,Ryan Flournoy,WR,7.4,1.5,1.33,2.83,2.23,2.38,0.4,1.0,2.83,,0.0,0
2026-09-14 03:06:11Z,DAL,in,0.882,Q4 7:06,-14.0,10871,Luke Schoonmaker,TE,1.7,2.2,0.37,2.57,2.42,2.4,0.494,1.0,2.57,,0.0,0
2026-09-14 03:06:11Z,DAL,in,0.882,Q4 7:06,-14.0,7588,Javonte Williams,RB,16.9,14.1,2.37,16.47,16.08,16.1,0.003,1.0,16.47,,0.0,0
2026-09-14 03:07:11Z,DAL,in,0.895,Q4 6:19,-14.0,11533,Brandon Aubrey,K,9.6,2.0,0.84,2.84,2.84,3.01,0.155,1.0,2.84,,0.0,0
2026-09-14 03:07:11Z,DAL,in,0.895,Q4 6:19,-14.0,6786,CeeDee Lamb,WR,18.3,15.4,3.36,18.76,17.3,17.33,0.0,1.0,18.76,,0.0,0
2026-09-14 03:07:11Z,DAL,in,0.895,Q4 6:19,-14.0,3294,Dak Prescott,QB,18.5,9.64,3.43,13.07,11.41,11.59,0.0,1.0,13.07,,0.0,0
2026-09-14 03:07:11Z,NYG,in,0.895,Q4 6:19,14.0,13833,Dominic Zvada,K,8.2,4.0,0.78,4.78,4.78,4.86,0.019,1.0,4.78,,0.0,0
2026-09-14 03:07:11Z,DAL,in,0.895,Q4 6:19,-14.0,8110,Jake Ferguson,TE,9.3,2.6,1.55,4.15,3.43,3.58,0.156,1.0,4.15,,0.0,0
2026-09-14 03:07:11Z,NYG,in,0.895,Q4 6:19,14.0,8131,Isaiah Likely,TE,10.7,24.1,1.28,25.38,25.61,25.23,0.261,1.0,25.38,,0.0,0
2026-09-14 03:07:11Z,DAL,in,0.895,Q4 6:19,-14.0,DAL,Dallas Cowboys D/ST,DST,6.5,7.0,-0.02,6.98,7.72,7.68,0.019,1.0,6.98,,0.0,0
2026-09-14 03:07:11Z,DAL,in,0.895,Q4 6:19,-14.0,8137,George Pickens,WR,15.2,5.8,2.57,8.37,7.19,7.4,0.237,1.0,8.37,,0.0,0
2026-09-14 03:07:11Z,NYG,in,0.895,Q4 6:19,14.0,11597,Theo Johnson,TE,4.3,1.9,0.28,2.18,2.3,2.35,0.359,1.0,2.18,,0.0,0
2026-09-14 03:07:11Z,NYG,in,0.895,Q4 6:19,14.0,12508,Jaxson Dart,QB,20.5,26.32,1.81,28.13,28.69,28.48,0.019,1.0,28.13,,0.0,0
2026-09-14 03:07:11Z,NYG,in,0.895,Q4 6:19,14.0,13285,Malachi Fields,WR,6.2,4.5,0.45,4.95,5.13,5.15,0.406,1.0,4.95,,0.0,0
2026-09-14 03:07:11Z,DAL,in,0.895,Q4 6:19,-14.0,8917,KaVontae Turpin,WR,4.3,1.8,0.73,2.53,2.2,2.25,0.425,1.0,2.53,,0.0,0
2026-09-14 03:07:11Z,NYG,in,0.895,Q4 6:19,14.0,11655,Tyrone Tracy,RB,2.4,-0.6,0.12,-0.48,-0.42,-0.35,0.418,0.673,-0.52,,0.0,0
2026-09-14 03:07:11Z,NYG,in,0.895,Q4 6:19,14.0,11632,Malik Nabers,WR,16.5,12.9,1.23,14.13,14.59,14.64,0.069,1.0,14.13,,0.0,0
2026-09-14 03:07:11Z,NYG,in,0.895,Q4 6:19,14.0,7090,Darnell Mooney,WR,5.6,4.7,0.43,5.13,5.28,5.29,0.299,1.0,5.13,,0.0,0
2026-09-14 03:07:11Z,NYG,in,0.895,Q4 6:19,14.0,2306,Jameis Winston,QB,0.5,0.0,0.01,0.01,0.04,0.05,0.895,0.3,0.0,,0.0,0
2026-09-14 03:07:11Z,DAL,in,0.895,Q4 6:19,-14.0,11593,Brevyn Spann-Ford,TE,0.5,3.4,0.18,3.58,3.53,3.45,0.681,1.0,3.58,,0.0,0
2026-09-14 03:07:11Z,NYG,in,0.895,Q4 6:19,14.0,2078,Odell Beckham,WR,4.3,0.0,0.22,0.22,0.35,0.45,0.895,1.0,0.22,,0.0,0
2026-09-14 03:07:11Z,NYG,in,0.895,Q4 6:19,14.0,12481,Cam Skattebo,RB,14.1,11.7,1.33,13.03,13.16,13.18,0.089,1.0,13.03,,0.0,0
2026-09-14 03:07:11Z,DAL,in,0.895,Q4 6:19,-14.0,11199,Emari Demercado,RB,1.8,0.7,0.19,0.89,0.87,0.89,0.203,0.995,0.89,,0.0,0
2026-09-14 03:07:11Z,NYG,in,0.895,Q4 6:19,14.0,NYG,New York Giants D/ST,DST,5.2,3.0,0.33,3.33,3.5,3.55,0.155,1.0,3.33,,0.0,0
2026-09-14 03:07:11Z,NYG,in,0.895,Q4 6:19,14.0,7528,Najee Harris,RB,4.2,0.0,0.25,0.25,0.34,0.44,0.895,1.0,0.25,,0.0,0
2026-09-14 03:07:11Z,DAL,in,0.895,Q4 6:19,-14.0,8162,Sam Howell,QB,0.6,0.0,0.1,0.1,0.05,0.06,0.895,0.3,0.03,,0.0,0
2026-09-14 03:07:11Z,DAL,in,0.895,Q4 6:19,-14.0,11783,Ryan Flournoy,WR,7.4,1.5,1.21,2.71,2.14,2.28,0.413,1.0,2.71,,0.0,0
2026-09-14 03:07:11Z,DAL,in,0.895,Q4 6:19,-14.0,10871,Luke Schoonmaker,TE,1.7,2.2,0.34,2.54,2.4,2.38,0.507,1.0,2.54,,0.0,0
2026-09-14 03:07:11Z,DAL,in,0.895,Q4 6:19,-14.0,7588,Javonte Williams,RB,16.9,15.5,2.19,17.69,17.29,17.28,0.0,1.0,17.69,,0.0,0
2026-09-14 03:08:11Z,DAL,in,0.902,Q4 5:53,-14.0,11533,Brandon Aubrey,K,9.6,2.0,0.78,2.78,2.78,2.94,0.162,1.0,2.78,,0.0,0
2026-09-14 03:08:11Z,DAL,in,0.902,Q4 5:53,-14.0,6786,CeeDee Lamb,WR,18.3,15.4,3.15,18.55,17.17,17.19,0.007,1.0,18.55,,0.0,0
2026-09-14 03:08:11Z,DAL,in,0.902,Q4 5:53,-14.0,3294,Dak Prescott,QB,18.5,10.04,3.24,13.28,11.69,11.85,0.0,1.0,13.28,,0.0,0
2026-09-14 03:08:11Z,NYG,in,0.902,Q4 5:53,14.0,13833,Dominic Zvada,K,8.2,4.0,0.72,4.72,4.72,4.8,0.026,1.0,4.72,,0.0,0
2026-09-14 03:08:11Z,DAL,in,0.902,Q4 5:53,-14.0,8110,Jake Ferguson,TE,9.3,2.6,1.45,4.05,3.37,3.51,0.163,1.0,4.05,,0.0,0
2026-09-14 03:08:11Z,NYG,in,0.902,Q4 5:53,14.0,8131,Isaiah Likely,TE,10.7,24.1,1.2,25.3,25.5,25.15,0.268,1.0,25.3,,0.0,0
2026-09-14 03:08:11Z,DAL,in,0.902,Q4 5:53,-14.0,DAL,Dallas Cowboys D/ST,DST,6.5,7.0,-0.02,6.98,7.67,7.64,0.026,1.0,6.98,,0.0,0
2026-09-14 03:08:11Z,DAL,in,0.902,Q4 5:53,-14.0,8137,George Pickens,WR,15.2,5.8,2.42,8.22,7.1,7.29,0.245,1.0,8.22,,0.0,0
2026-09-14 03:08:11Z,NYG,in,0.902,Q4 5:53,14.0,11597,Theo Johnson,TE,4.3,1.9,0.26,2.16,2.27,2.32,0.367,1.0,2.16,,0.0,0
2026-09-14 03:08:11Z,NYG,in,0.902,Q4 5:53,14.0,12508,Jaxson Dart,QB,20.5,26.32,1.68,28.0,28.52,28.33,0.026,1.0,28.0,,0.0,0
2026-09-14 03:08:11Z,NYG,in,0.902,Q4 5:53,14.0,13285,Malachi Fields,WR,6.2,4.5,0.42,4.92,5.08,5.11,0.413,1.0,4.92,,0.0,0
2026-09-14 03:08:11Z,DAL,in,0.902,Q4 5:53,-14.0,8917,KaVontae Turpin,WR,4.3,1.8,0.69,2.49,2.17,2.22,0.432,1.0,2.49,,0.0,0
2026-09-14 03:08:11Z,NYG,in,0.902,Q4 5:53,14.0,11655,Tyrone Tracy,RB,2.4,-0.6,0.11,-0.49,-0.43,-0.36,0.425,0.662,-0.53,,0.0,0
2026-09-14 03:08:11Z,NYG,in,0.902,Q4 5:53,14.0,11632,Malik Nabers,WR,16.5,12.9,1.14,14.04,14.47,14.52,0.076,1.0,14.04,,0.0,0
2026-09-14 03:08:11Z,NYG,in,0.902,Q4 5:53,14.0,7090,Darnell Mooney,WR,5.6,4.7,0.4,5.1,5.24,5.25,0.306,1.0,5.1,,0.0,0
2026-09-14 03:08:11Z,NYG,in,0.902,Q4 5:53,14.0,2306,Jameis Winston,QB,0.5,0.0,0.01,0.01,0.04,0.05,0.902,0.3,0.0,,0.0,0
2026-09-14 03:08:11Z,DAL,in,0.902,Q4 5:53,-14.0,11593,Brevyn Spann-Ford,TE,0.5,3.4,0.17,3.57,3.52,3.45,0.688,1.0,3.57,,0.0,0
2026-09-14 03:08:11Z,NYG,in,0.902,Q4 5:53,14.0,2078,Odell Beckham,WR,4.3,0.0,0.2,0.2,0.33,0.42,0.902,1.0,0.2,,0.0,0
2026-09-14 03:08:11Z,NYG,in,0.902,Q4 5:53,14.0,12481,Cam Skattebo,RB,14.1,11.7,1.24,12.94,13.06,13.08,0.096,1.0,12.94,,0.0,0
2026-09-14 03:08:11Z,DAL,in,0.902,Q4 5:53,-14.0,11199,Emari Demercado,RB,1.8,0.7,0.18,0.88,0.85,0.88,0.211,0.984,0.88,,0.0,0
2026-09-14 03:08:11Z,NYG,in,0.902,Q4 5:53,14.0,NYG,New York Giants D/ST,DST,5.2,3.0,0.31,3.31,3.47,3.51,0.162,1.0,3.31,,0.0,0
2026-09-14 03:08:11Z,NYG,in,0.902,Q4 5:53,14.0,7528,Najee Harris,RB,4.2,0.0,0.23,0.23,0.32,0.41,0.902,1.0,0.23,,0.0,0
2026-09-14 03:08:11Z,DAL,in,0.902,Q4 5:53,-14.0,8162,Sam Howell,QB,0.6,0.0,0.09,0.09,0.05,0.06,0.902,0.3,0.03,,0.0,0
2026-09-14 03:08:11Z,DAL,in,0.902,Q4 5:53,-14.0,11783,Ryan Flournoy,WR,7.4,1.5,1.14,2.64,2.1,2.23,0.421,1.0,2.64,,0.0,0
2026-09-14 03:08:11Z,DAL,in,0.902,Q4 5:53,-14.0,10871,Luke Schoonmaker,TE,1.7,2.2,0.32,2.52,2.38,2.37,0.514,1.0,2.52,,0.0,0
2026-09-14 03:08:11Z,DAL,in,0.902,Q4 5:53,-14.0,7588,Javonte Williams,RB,16.9,15.5,2.05,17.55,17.16,17.16,0.007,1.0,17.55,,0.0,0
2026-09-14 03:09:12Z,DAL,in,0.904,Q4 5:47,-14.0,11533,Brandon Aubrey,K,9.6,2.0,0.76,2.76,2.76,2.93,0.164,1.0,2.76,,0.0,0
2026-09-14 03:09:12Z,DAL,in,0.904,Q4 5:47,-14.0,6786,CeeDee Lamb,WR,18.3,15.4,3.1,18.5,17.14,17.16,0.009,1.0,18.5,,0.0,0
2026-09-14 03:09:12Z,DAL,in,0.904,Q4 5:47,-14.0,3294,Dak Prescott,QB,18.5,10.04,3.18,13.22,11.66,11.82,0.002,1.0,13.22,,0.0,0
2026-09-14 03:09:12Z,NYG,in,0.904,Q4 5:47,14.0,13833,Dominic Zvada,K,8.2,4.0,0.71,4.71,4.71,4.79,0.028,1.0,4.71,,0.0,0
2026-09-14 03:09:12Z,DAL,in,0.904,Q4 5:47,-14.0,8110,Jake Ferguson,TE,9.3,2.6,1.43,4.03,3.36,3.5,0.165,1.0,4.03,,0.0,0
2026-09-14 03:09:12Z,NYG,in,0.904,Q4 5:47,14.0,8131,Isaiah Likely,TE,10.7,24.1,1.18,25.28,25.48,25.13,0.27,1.0,25.28,,0.0,0
2026-09-14 03:09:12Z,DAL,in,0.904,Q4 5:47,-14.0,DAL,Dallas Cowboys D/ST,DST,6.5,7.0,-0.02,6.98,7.65,7.63,0.028,1.0,6.98,,0.0,0
2026-09-14 03:09:12Z,DAL,in,0.904,Q4 5:47,-14.0,8137,George Pickens,WR,15.2,5.8,2.37,8.17,7.07,7.27,0.246,1.0,8.17,,0.0,0
2026-09-14 03:09:12Z,NYG,in,0.904,Q4 5:47,14.0,11597,Theo Johnson,TE,4.3,1.9,0.25,2.15,2.27,2.31,0.368,1.0,2.15,,0.0,0
2026-09-14 03:09:12Z,NYG,in,0.904,Q4 5:47,14.0,12508,Jaxson Dart,QB,20.5,26.32,1.65,27.97,28.48,28.3,0.028,1.0,27.97,,0.0,0
2026-09-14 03:09:12Z,NYG,in,0.904,Q4 5:47,14.0,13285,Malachi Fields,WR,6.2,4.5,0.41,4.91,5.07,5.1,0.415,1.0,4.91,,0.0,0
2026-09-14 03:09:12Z,DAL,in,0.904,Q4 5:47,-14.0,8917,KaVontae Turpin,WR,4.3,1.8,0.68,2.48,2.16,2.21,0.434,1.0,2.48,,0.0,0
2026-09-14 03:09:12Z,NYG,in,0.904,Q4 5:47,14.0,11655,Tyrone Tracy,RB,2.4,-0.6,0.11,-0.49,-0.44,-0.37,0.427,0.66,-0.53,,0.0,0
2026-09-14 03:09:12Z,NYG,in,0.904,Q4 5:47,14.0,11632,Malik Nabers,WR,16.5,12.9,1.12,14.02,14.44,14.49,0.078,1.0,14.02,,0.0,0
2026-09-14 03:09:12Z,NYG,in,0.904,Q4 5:47,14.0,7090,Darnell Mooney,WR,5.6,4.7,0.39,5.09,5.23,5.24,0.307,1.0,5.09,,0.0,0
2026-09-14 03:09:12Z,NYG,in,0.904,Q4 5:47,14.0,2306,Jameis Winston,QB,0.5,0.0,0.01,0.01,0.04,0.05,0.904,0.3,0.0,,0.0,0
2026-09-14 03:09:12Z,DAL,in,0.904,Q4 5:47,-14.0,11593,Brevyn Spann-Ford,TE,0.5,3.4,0.17,3.57,3.52,3.45,0.69,1.0,3.57,,0.0,0
2026-09-14 03:09:12Z,NYG,in,0.904,Q4 5:47,14.0,2078,Odell Beckham,WR,4.3,0.0,0.2,0.2,0.32,0.41,0.904,1.0,0.2,,0.0,0
2026-09-14 03:09:12Z,NYG,in,0.904,Q4 5:47,14.0,12481,Cam Skattebo,RB,14.1,11.7,1.21,12.91,13.03,13.06,0.098,1.0,12.91,,0.0,0
2026-09-14 03:09:12Z,DAL,in,0.904,Q4 5:47,-14.0,11199,Emari Demercado,RB,1.8,0.7,0.18,0.88,0.85,0.87,0.212,0.982,0.87,,0.0,0
2026-09-14 03:09:12Z,NYG,in,0.904,Q4 5:47,14.0,NYG,New York Giants D/ST,DST,5.2,3.0,0.31,3.31,3.46,3.5,0.164,1.0,3.31,,0.0,0
2026-09-14 03:09:12Z,NYG,in,0.904,Q4 5:47,14.0,7528,Najee Harris,RB,4.2,0.0,0.23,0.23,0.31,0.4,0.904,1.0,0.23,,0.0,0
2026-09-14 03:09:12Z,DAL,in,0.904,Q4 5:47,-14.0,8162,Sam Howell,QB,0.6,0.0,0.09,0.09,0.04,0.06,0.904,0.3,0.03,,0.0,0
2026-09-14 03:09:12Z,DAL,in,0.904,Q4 5:47,-14.0,11783,Ryan Flournoy,WR,7.4,1.5,1.12,2.62,2.09,2.21,0.422,1.0,2.62,,0.0,0
2026-09-14 03:09:12Z,DAL,in,0.904,Q4 5:47,-14.0,10871,Luke Schoonmaker,TE,1.7,2.2,0.31,2.51,2.38,2.36,0.516,1.0,2.51,,0.0,0
2026-09-14 03:09:12Z,DAL,in,0.904,Q4 5:47,-14.0,7588,Javonte Williams,RB,16.9,15.5,2.01,17.51,17.13,17.13,0.009,1.0,17.51,,0.0,0
2026-09-14 03:10:12Z,DAL,in,0.909,Q4 5:26,-14.0,11533,Brandon Aubrey,K,9.6,2.0,0.72,2.72,2.72,2.87,0.17,1.0,2.72,,0.0,0
2026-09-14 03:10:12Z,DAL,in,0.909,Q4 5:26,-14.0,6786,CeeDee Lamb,WR,18.3,15.4,2.91,18.31,17.03,17.06,0.015,1.0,18.31,,0.0,0
2026-09-14 03:10:12Z,DAL,in,0.909,Q4 5:26,-14.0,3294,Dak Prescott,QB,18.5,10.72,3.01,13.73,12.26,12.4,0.0,1.0,13.73,,0.0,0
2026-09-14 03:10:12Z,NYG,in,0.909,Q4 5:26,14.0,13833,Dominic Zvada,K,8.2,4.0,0.66,4.66,4.66,4.74,0.033,1.0,4.66,,0.0,0
2026-09-14 03:10:12Z,DAL,in,0.909,Q4 5:26,-14.0,8110,Jake Ferguson,TE,9.3,2.6,1.34,3.94,3.31,3.44,0.171,1.0,3.94,,0.0,0
2026-09-14 03:10:12Z,NYG,in,0.909,Q4 5:26,14.0,8131,Isaiah Likely,TE,10.7,24.1,1.1,25.2,25.39,25.07,0.276,1.0,25.2,,0.0,0
2026-09-14 03:10:12Z,DAL,in,0.909,Q4 5:26,-14.0,DAL,Dallas Cowboys D/ST,DST,6.5,7.0,-0.01,6.99,7.61,7.59,0.033,1.0,6.99,,0.0,0
2026-09-14 03:10:12Z,DAL,in,0.909,Q4 5:26,-14.0,8137,George Pickens,WR,15.2,5.8,2.23,8.03,6.99,7.18,0.252,1.0,8.03,,0.0,0
2026-09-14 03:10:12Z,NYG,in,0.909,Q4 5:26,14.0,11597,Theo Johnson,TE,4.3,1.9,0.24,2.14,2.24,2.29,0.374,1.0,2.14,,0.0,0
2026-09-14 03:10:12Z,NYG,in,0.909,Q4 5:26,14.0,12508,Jaxson Dart,QB,20.5,26.32,1.55,27.87,28.35,28.18,0.033,1.0,27.87,,0.0,0
2026-09-14 03:10:12Z,NYG,in,0.909,Q4 5:26,14.0,13285,Malachi Fields,WR,6.2,4.5,0.39,4.89,5.04,5.06,0.421,1.0,4.89,,0.0,0
2026-09-14 03:10:12Z,DAL,in,0.909,Q4 5:26,-14.0,8917,KaVontae Turpin,WR,4.3,1.8,0.64,2.44,2.14,2.19,0.44,1.0,2.44,,0.0,0
2026-09-14 03:10:12Z,NYG,in,0.909,Q4 5:26,14.0,11655,Tyrone Tracy,RB,2.4,-0.6,0.1,-0.5,-0.45,-0.38,0.433,0.651,-0.54,,0.0,0
2026-09-14 03:10:12Z,NYG,in,0.909,Q4 5:26,14.0,11632,Malik Nabers,WR,16.5,12.9,1.05,13.95,14.35,14.39,0.084,1.0,13.95,,0.0,0
2026-09-14 03:10:12Z,NYG,in,0.909,Q4 5:26,14.0,7090,Darnell Mooney,WR,5.6,4.7,0.37,5.07,5.2,5.21,0.313,1.0,5.07,,0.0,0
2026-09-14 03:10:12Z,NYG,in,0.909,Q4 5:26,14.0,2306,Jameis Winston,QB,0.5,0.0,0.01,0.01,0.03,0.05,0.909,0.3,0.0,,0.0,0
2026-09-14 03:10:12Z,DAL,in,0.909,Q4 5:26,-14.0,11593,Brevyn Spann-Ford,TE,0.5,3.4,0.16,3.56,3.51,3.45,0.696,1.0,3.56,,0.0,0
2026-09-14 03:10:12Z,NYG,in,0.909,Q4 5:26,14.0,2078,Odell Beckham,WR,4.3,0.0,0.19,0.19,0.3,0.39,0.909,1.0,0.19,,0.0,0
2026-09-14 03:10:12Z,NYG,in,0.909,Q4 5:26,14.0,12481,Cam Skattebo,RB,14.1,11.7,1.14,12.84,12.95,12.98,0.104,1.0,12.84,,0.0,0
2026-09-14 03:10:12Z,DAL,in,0.909,Q4 5:26,-14.0,11199,Emari Demercado,RB,1.8,0.7,0.17,0.87,0.84,0.86,0.218,0.973,0.86,,0.0,0
2026-09-14 03:10:12Z,NYG,in,0.909,Q4 5:26,14.0,NYG,New York Giants D/ST,DST,5.2,3.0,0.29,3.29,3.43,3.47,0.17,1.0,3.29,,0.0,0
2026-09-14 03:10:12Z,NYG,in,0.909,Q4 5:26,14.0,7528,Najee Harris,RB,4.2,0.0,0.21,0.21,0.29,0.38,0.909,1.0,0.21,,0.0,0
2026-09-14 03:10:12Z,DAL,in,0.909,Q4 5:26,-14.0,8162,Sam Howell,QB,0.6,0.0,0.08,0.08,0.04,0.05,0.909,0.3,0.03,,0.0,0
2026-09-14 03:10:12Z,DAL,in,0.909,Q4 5:26,-14.0,11783,Ryan Flournoy,WR,7.4,4.2,1.12,5.32,4.81,4.87,0.0,1.0,5.32,,0.0,0
2026-09-14 03:10:12Z,DAL,in,0.909,Q4 5:26,-14.0,10871,Luke Schoonmaker,TE,1.7,2.2,0.29,2.49,2.37,2.35,0.522,1.0,2.49,,0.0,0
2026-09-14 03:10:12Z,DAL,in,0.909,Q4 5:26,-14.0,7588,Javonte Williams,RB,16.9,15.5,1.89,17.39,17.03,17.03,0.015,1.0,17.39,,0.0,0
2026-09-14 03:11:13Z,DAL,in,0.911,Q4 5:21,-8.0,11533,Brandon Aubrey,K,9.6,2.0,0.71,2.71,2.71,2.86,0.171,1.0,2.71,,0.0,0
2026-09-14 03:11:13Z,DAL,in,0.911,Q4 5:21,-8.0,6786,CeeDee Lamb,WR,18.3,15.4,2.5,17.9,17.0,17.03,0.016,1.0,17.9,,0.0,0
2026-09-14 03:11:13Z,DAL,in,0.911,Q4 5:21,-8.0,3294,Dak Prescott,QB,18.5,15.4,2.7,18.1,17.02,17.05,0.0,1.0,18.1,,0.0,0
2026-09-14 03:11:13Z,NYG,in,0.911,Q4 5:21,8.0,13833,Dominic Zvada,K,8.2,4.0,0.65,4.65,4.65,4.73,0.035,1.0,4.65,,0.0,0
2026-09-14 03:11:13Z,DAL,in,0.911,Q4 5:21,-8.0,8110,Jake Ferguson,TE,9.3,2.6,1.14,3.74,3.3,3.43,0.172,1.0,3.74,,0.0,0
2026-09-14 03:11:13Z,NYG,in,0.911,Q4 5:21,8.0,8131,Isaiah Likely,TE,10.7,24.1,1.29,25.39,25.37,25.05,0.277,1.0,25.39,,0.0,0
2026-09-14 03:11:13Z,DAL,in,0.911,Q4 5:21,-8.0,DAL,Dallas Cowboys D/ST,DST,6.5,7.0,0.06,7.06,7.6,7.58,0.035,1.0,7.06,,0.0,0
2026-09-14 03:11:13Z,DAL,in,0.911,Q4 5:21,-8.0,8137,George Pickens,WR,15.2,5.8,1.9,7.7,6.98,7.16,0.254,1.0,7.7,,0.0,0
2026-09-14 03:11:13Z,NYG,in,0.911,Q4 5:21,8.0,11597,Theo Johnson,TE,4.3,1.9,0.32,2.22,2.24,2.28,0.376,1.0,2.22,,0.0,0
2026-09-14 03:11:13Z,NYG,in,0.911,Q4 5:21,8.0,12508,Jaxson Dart,QB,20.5,26.32,2.03,28.35,28.32,28.15,0.035,1.0,28.35,,0.0,0
2026-09-14 03:11:13Z,NYG,in,0.911,Q4 5:21,8.0,13285,Malachi Fields,WR,6.2,4.5,0.5,5.0,5.03,5.05,0.422,1.0,5.0,,0.0,0
2026-09-14 03:11:13Z,DAL,in,0.911,Q4 5:21,-8.0,8917,KaVontae Turpin,WR,4.3,1.8,0.54,2.34,2.14,2.18,0.441,1.0,2.34,,0.0,0
2026-09-14 03:11:13Z,NYG,in,0.911,Q4 5:21,8.0,11655,Tyrone Tracy,RB,2.4,-0.6,0.11,-0.49,-0.45,-0.39,0.434,0.649,-0.53,,0.0,0
2026-09-14 03:11:13Z,NYG,in,0.911,Q4 5:21,8.0,11632,Malik Nabers,WR,16.5,12.9,1.36,14.26,14.32,14.37,0.085,1.0,14.26,,0.0,0
2026-09-14 03:11:13Z,NYG,in,0.911,Q4 5:21,8.0,7090,Darnell Mooney,WR,5.6,4.7,0.47,5.17,5.19,5.2,0.315,1.0,5.17,,0.0,0
2026-09-14 03:11:13Z,NYG,in,0.911,Q4 5:21,8.0,2306,Jameis Winston,QB,0.5,0.0,0.02,0.02,0.03,0.04,0.911,0.3,0.01,,0.0,0
2026-09-14 03:11:13Z,DAL,in,0.911,Q4 5:21,-8.0,11593,Brevyn Spann-Ford,TE,0.5,3.4,0.15,3.55,3.51,3.44,0.697,1.0,3.55,,0.0,0
2026-09-14 03:11:13Z,NYG,in,0.911,Q4 5:21,8.0,2078,Odell Beckham,WR,4.3,0.0,0.27,0.27,0.3,0.38,0.911,1.0,0.27,,0.0,0
2026-09-14 03:11:13Z,NYG,in,0.911,Q4 5:21,8.0,12481,Cam Skattebo,RB,14.1,11.7,1.2,12.9,12.93,12.96,0.105,1.0,12.9,,0.0,0
2026-09-14 03:11:13Z,DAL,in,0.911,Q4 5:21,-8.0,11199,Emari Demercado,RB,1.8,0.7,0.15,0.85,0.84,0.86,0.219,0.971,0.85,,0.0,0
2026-09-14 03:11:13Z,NYG,in,0.911,Q4 5:21,8.0,NYG,New York Giants D/ST,DST,5.2,3.0,0.24,3.24,3.42,3.46,0.171,1.0,3.24,,0.0,0
2026-09-14 03:11:13Z,NYG,in,0.911,Q4 5:21,8.0,7528,Najee Harris,RB,4.2,0.0,0.23,0.23,0.29,0.37,0.911,1.0,0.23,,0.0,0
2026-09-14 03:11:13Z,DAL,in,0.911,Q4 5:21,-8.0,8162,Sam Howell,QB,0.6,0.0,0.07,0.07,0.04,0.05,0.911,0.3,0.02,,0.0,0
2026-09-14 03:11:13Z,DAL,in,0.911,Q4 5:21,-8.0,11783,Ryan Flournoy,WR,7.4,4.2,0.96,5.16,4.8,4.86,0.001,1.0,5.16,,0.0,0
2026-09-14 03:11:13Z,DAL,in,0.911,Q4 5:21,-8.0,10871,Luke Schoonmaker,TE,1.7,2.2,0.25,2.45,2.37,2.35,0.523,1.0,2.45,,0.0,0
2026-09-14 03:11:13Z,DAL,in,0.911,Q4 5:21,-8.0,7588,Javonte Williams,RB,16.9,24.2,2.07,26.27,25.9,25.71,0.0,1.0,26.27,,0.0,0
2026-09-14 03:12:13Z,DAL,in,0.911,Q4 5:21,-8.0,11533,Brandon Aubrey,K,9.6,1.0,0.68,1.68,1.68,1.86,0.0,1.0,1.68,,0.0,0
2026-09-14 03:12:13Z,DAL,in,0.911,Q4 5:21,-8.0,6786,CeeDee Lamb,WR,18.3,15.4,2.5,17.9,17.0,17.03,0.016,1.0,17.9,,0.0,0
2026-09-14 03:12:13Z,DAL,in,0.911,Q4 5:21,-8.0,3294,Dak Prescott,QB,18.5,15.4,2.7,18.1,17.02,17.05,0.0,1.0,18.1,,0.0,0
2026-09-14 03:12:13Z,NYG,in,0.911,Q4 5:21,8.0,13833,Dominic Zvada,K,8.2,4.0,0.65,4.65,4.65,4.73,0.035,1.0,4.65,,0.0,0
2026-09-14 03:12:13Z,DAL,in,0.911,Q4 5:21,-8.0,8110,Jake Ferguson,TE,9.3,2.6,1.14,3.74,3.3,3.43,0.172,1.0,3.74,,0.0,0
2026-09-14 03:12:13Z,NYG,in,0.911,Q4 5:21,8.0,8131,Isaiah Likely,TE,10.7,24.1,1.29,25.39,25.37,25.05,0.277,1.0,25.39,,0.0,0
2026-09-14 03:12:13Z,DAL,in,0.911,Q4 5:21,-8.0,DAL,Dallas Cowboys D/ST,DST,6.5,7.0,0.06,7.06,7.6,7.58,0.035,1.0,7.06,,0.0,0
2026-09-14 03:12:13Z,DAL,in,0.911,Q4 5:21,-8.0,8137,George Pickens,WR,15.2,5.8,1.9,7.7,6.98,7.16,0.254,1.0,7.7,,0.0,0
2026-09-14 03:12:13Z,NYG,in,0.911,Q4 5:21,8.0,11597,Theo Johnson,TE,4.3,1.9,0.32,2.22,2.24,2.28,0.376,1.0,2.22,,0.0,0
2026-09-14 03:12:13Z,NYG,in,0.911,Q4 5:21,8.0,12508,Jaxson Dart,QB,20.5,26.32,2.03,28.35,28.32,28.15,0.035,1.0,28.35,,0.0,0
2026-09-14 03:12:13Z,NYG,in,0.911,Q4 5:21,8.0,13285,Malachi Fields,WR,6.2,4.5,0.5,5.0,5.03,5.05,0.422,1.0,5.0,,0.0,0
2026-09-14 03:12:13Z,DAL,in,0.911,Q4 5:21,-8.0,8917,KaVontae Turpin,WR,4.3,1.8,0.54,2.34,2.14,2.18,0.441,1.0,2.34,,0.0,0
2026-09-14 03:12:13Z,NYG,in,0.911,Q4 5:21,8.0,11655,Tyrone Tracy,RB,2.4,-0.6,0.11,-0.49,-0.45,-0.39,0.434,0.649,-0.53,,0.0,0
2026-09-14 03:12:13Z,NYG,in,0.911,Q4 5:21,8.0,11632,Malik Nabers,WR,16.5,12.9,1.36,14.26,14.32,14.37,0.085,1.0,14.26,,0.0,0
2026-09-14 03:12:13Z,NYG,in,0.911,Q4 5:21,8.0,7090,Darnell Mooney,WR,5.6,4.7,0.47,5.17,5.19,5.2,0.315,1.0,5.17,,0.0,0
2026-09-14 03:12:13Z,NYG,in,0.911,Q4 5:21,8.0,2306,Jameis Winston,QB,0.5,0.0,0.02,0.02,0.03,0.04,0.911,0.3,0.01,,0.0,0
2026-09-14 03:12:13Z,DAL,in,0.911,Q4 5:21,-8.0,11593,Brevyn Spann-Ford,TE,0.5,3.4,0.15,3.55,3.51,3.44,0.697,1.0,3.55,,0.0,0
2026-09-14 03:12:13Z,NYG,in,0.911,Q4 5:21,8.0,2078,Odell Beckham,WR,4.3,0.0,0.27,0.27,0.3,0.38,0.911,1.0,0.27,,0.0,0
2026-09-14 03:12:13Z,NYG,in,0.911,Q4 5:21,8.0,12481,Cam Skattebo,RB,14.1,11.7,1.2,12.9,12.93,12.96,0.105,1.0,12.9,,0.0,0
2026-09-14 03:12:13Z,DAL,in,0.911,Q4 5:21,-8.0,11199,Emari Demercado,RB,1.8,0.7,0.15,0.85,0.84,0.86,0.219,0.971,0.85,,0.0,0
2026-09-14 03:12:13Z,NYG,in,0.911,Q4 5:21,8.0,NYG,New York Giants D/ST,DST,5.2,3.0,0.24,3.24,3.42,3.46,0.171,1.0,3.24,,0.0,0
2026-09-14 03:12:13Z,NYG,in,0.911,Q4 5:21,8.0,7528,Najee Harris,RB,4.2,0.0,0.23,0.23,0.29,0.37,0.911,1.0,0.23,,0.0,0
2026-09-14 03:12:13Z,DAL,in,0.911,Q4 5:21,-8.0,8162,Sam Howell,QB,0.6,0.0,0.07,0.07,0.04,0.05,0.911,0.3,0.02,,0.0,0
2026-09-14 03:12:13Z,DAL,in,0.911,Q4 5:21,-8.0,11783,Ryan Flournoy,WR,7.4,4.2,0.96,5.16,4.8,4.86,0.001,1.0,5.16,,0.0,0
2026-09-14 03:12:13Z,DAL,in,0.911,Q4 5:21,-8.0,10871,Luke Schoonmaker,TE,1.7,2.2,0.25,2.45,2.37,2.35,0.523,1.0,2.45,,0.0,0
2026-09-14 03:12:13Z,DAL,in,0.911,Q4 5:21,-8.0,7588,Javonte Williams,RB,16.9,24.2,2.07,26.27,25.9,25.71,0.0,1.0,26.27,,0.0,0
2026-09-14 03:13:14Z,DAL,in,0.911,Q4 5:21,-8.0,11533,Brandon Aubrey,K,9.6,1.0,0.68,1.68,1.68,1.86,0.0,1.0,1.68,,0.0,0
2026-09-14 03:13:14Z,DAL,in,0.911,Q4 5:21,-8.0,6786,CeeDee Lamb,WR,18.3,15.4,2.5,17.9,17.0,17.03,0.016,1.0,17.9,,0.0,0
2026-09-14 03:13:14Z,DAL,in,0.911,Q4 5:21,-8.0,3294,Dak Prescott,QB,18.5,15.4,2.7,18.1,17.02,17.05,0.0,1.0,18.1,,0.0,0
2026-09-14 03:13:14Z,NYG,in,0.911,Q4 5:21,8.0,13833,Dominic Zvada,K,8.2,4.0,0.65,4.65,4.65,4.73,0.035,1.0,4.65,,0.0,0
2026-09-14 03:13:14Z,DAL,in,0.911,Q4 5:21,-8.0,8110,Jake Ferguson,TE,9.3,2.6,1.14,3.74,3.3,3.43,0.172,1.0,3.74,,0.0,0
2026-09-14 03:13:14Z,NYG,in,0.911,Q4 5:21,8.0,8131,Isaiah Likely,TE,10.7,24.1,1.29,25.39,25.37,25.05,0.277,1.0,25.39,,0.0,0
2026-09-14 03:13:14Z,DAL,in,0.911,Q4 5:21,-8.0,DAL,Dallas Cowboys D/ST,DST,6.5,7.0,0.06,7.06,7.6,7.58,0.035,1.0,7.06,,0.0,0
2026-09-14 03:13:14Z,DAL,in,0.911,Q4 5:21,-8.0,8137,George Pickens,WR,15.2,5.8,1.9,7.7,6.98,7.16,0.254,1.0,7.7,,0.0,0
2026-09-14 03:13:14Z,NYG,in,0.911,Q4 5:21,8.0,11597,Theo Johnson,TE,4.3,1.9,0.32,2.22,2.24,2.28,0.376,1.0,2.22,,0.0,0
2026-09-14 03:13:14Z,NYG,in,0.911,Q4 5:21,8.0,12508,Jaxson Dart,QB,20.5,26.32,2.03,28.35,28.32,28.15,0.035,1.0,28.35,,0.0,0
2026-09-14 03:13:14Z,NYG,in,0.911,Q4 5:21,8.0,13285,Malachi Fields,WR,6.2,4.5,0.5,5.0,5.03,5.05,0.422,1.0,5.0,,0.0,0
2026-09-14 03:13:14Z,DAL,in,0.911,Q4 5:21,-8.0,8917,KaVontae Turpin,WR,4.3,1.8,0.54,2.34,2.14,2.18,0.441,1.0,2.34,,0.0,0
2026-09-14 03:13:14Z,NYG,in,0.911,Q4 5:21,8.0,11655,Tyrone Tracy,RB,2.4,-0.6,0.11,-0.49,-0.45,-0.39,0.434,0.649,-0.53,,0.0,0
2026-09-14 03:13:14Z,NYG,in,0.911,Q4 5:21,8.0,11632,Malik Nabers,WR,16.5,12.9,1.36,14.26,14.32,14.37,0.085,1.0,14.26,,0.0,0
2026-09-14 03:13:14Z,NYG,in,0.911,Q4 5:21,8.0,7090,Darnell Mooney,WR,5.6,4.7,0.47,5.17,5.19,5.2,0.315,1.0,5.17,,0.0,0
2026-09-14 03:13:14Z,NYG,in,0.911,Q4 5:21,8.0,2306,Jameis Winston,QB,0.5,0.0,0.02,0.02,0.03,0.04,0.911,0.3,0.01,,0.0,0
2026-09-14 03:13:14Z,DAL,in,0.911,Q4 5:21,-8.0,11593,Brevyn Spann-Ford,TE,0.5,3.4,0.15,3.55,3.51,3.44,0.697,1.0,3.55,,0.0,0
2026-09-14 03:13:14Z,NYG,in,0.911,Q4 5:21,8.0,2078,Odell Beckham,WR,4.3,0.0,0.27,0.27,0.3,0.38,0.911,1.0,0.27,,0.0,0
2026-09-14 03:13:14Z,NYG,in,0.911,Q4 5:21,8.0,12481,Cam Skattebo,RB,14.1,11.7,1.2,12.9,12.93,12.96,0.105,1.0,12.9,,0.0,0
2026-09-14 03:13:14Z,DAL,in,0.911,Q4 5:21,-8.0,11199,Emari Demercado,RB,1.8,0.7,0.15,0.85,0.84,0.86,0.219,0.971,0.85,,0.0,0
2026-09-14 03:13:14Z,NYG,in,0.911,Q4 5:21,8.0,NYG,New York Giants D/ST,DST,5.2,3.0,0.24,3.24,3.42,3.46,0.171,1.0,3.24,,0.0,0
2026-09-14 03:13:14Z,NYG,in,0.911,Q4 5:21,8.0,7528,Najee Harris,RB,4.2,0.0,0.23,0.23,0.29,0.37,0.911,1.0,0.23,,0.0,0
2026-09-14 03:13:14Z,DAL,in,0.911,Q4 5:21,-8.0,8162,Sam Howell,QB,0.6,0.0,0.07,0.07,0.04,0.05,0.911,0.3,0.02,,0.0,0
2026-09-14 03:13:14Z,DAL,in,0.911,Q4 5:21,-8.0,11783,Ryan Flournoy,WR,7.4,4.2,0.96,5.16,4.8,4.86,0.001,1.0,5.16,,0.0,0
2026-09-14 03:13:14Z,DAL,in,0.911,Q4 5:21,-8.0,10871,Luke Schoonmaker,TE,1.7,2.2,0.25,2.45,2.37,2.35,0.523,1.0,2.45,,0.0,0
2026-09-14 03:13:14Z,DAL,in,0.911,Q4 5:21,-8.0,7588,Javonte Williams,RB,16.9,24.2,2.07,26.27,25.9,25.71,0.0,1.0,26.27,,0.0,0
2026-09-14 03:14:14Z,DAL,in,0.911,Q4 5:21,-8.0,11533,Brandon Aubrey,K,9.6,1.0,0.68,1.68,1.68,1.86,0.0,1.0,1.68,,0.0,0
2026-09-14 03:14:14Z,DAL,in,0.911,Q4 5:21,-8.0,6786,CeeDee Lamb,WR,18.3,15.4,2.5,17.9,17.0,17.03,0.016,1.0,17.9,,0.0,0
2026-09-14 03:14:14Z,DAL,in,0.911,Q4 5:21,-8.0,3294,Dak Prescott,QB,18.5,15.4,2.7,18.1,17.02,17.05,0.0,1.0,18.1,,0.0,0
2026-09-14 03:14:14Z,NYG,in,0.911,Q4 5:21,8.0,13833,Dominic Zvada,K,8.2,4.0,0.65,4.65,4.65,4.73,0.035,1.0,4.65,,0.0,0
2026-09-14 03:14:14Z,DAL,in,0.911,Q4 5:21,-8.0,8110,Jake Ferguson,TE,9.3,2.6,1.14,3.74,3.3,3.43,0.172,1.0,3.74,,0.0,0
2026-09-14 03:14:14Z,NYG,in,0.911,Q4 5:21,8.0,8131,Isaiah Likely,TE,10.7,24.1,1.29,25.39,25.37,25.05,0.277,1.0,25.39,,0.0,0
2026-09-14 03:14:14Z,DAL,in,0.911,Q4 5:21,-8.0,DAL,Dallas Cowboys D/ST,DST,6.5,7.0,0.06,7.06,7.6,7.58,0.035,1.0,7.06,,0.0,0
2026-09-14 03:14:14Z,DAL,in,0.911,Q4 5:21,-8.0,8137,George Pickens,WR,15.2,5.8,1.9,7.7,6.98,7.16,0.254,1.0,7.7,,0.0,0
2026-09-14 03:14:14Z,NYG,in,0.911,Q4 5:21,8.0,11597,Theo Johnson,TE,4.3,1.9,0.32,2.22,2.24,2.28,0.376,1.0,2.22,,0.0,0
2026-09-14 03:14:14Z,NYG,in,0.911,Q4 5:21,8.0,12508,Jaxson Dart,QB,20.5,26.32,2.03,28.35,28.32,28.15,0.035,1.0,28.35,,0.0,0
2026-09-14 03:14:14Z,NYG,in,0.911,Q4 5:21,8.0,13285,Malachi Fields,WR,6.2,4.5,0.5,5.0,5.03,5.05,0.422,1.0,5.0,,0.0,0
2026-09-14 03:14:14Z,DAL,in,0.911,Q4 5:21,-8.0,8917,KaVontae Turpin,WR,4.3,1.8,0.54,2.34,2.14,2.18,0.441,1.0,2.34,,0.0,0
2026-09-14 03:14:14Z,NYG,in,0.911,Q4 5:21,8.0,11655,Tyrone Tracy,RB,2.4,-0.6,0.11,-0.49,-0.45,-0.39,0.434,0.649,-0.53,,0.0,0
2026-09-14 03:14:14Z,NYG,in,0.911,Q4 5:21,8.0,11632,Malik Nabers,WR,16.5,12.9,1.36,14.26,14.32,14.37,0.085,1.0,14.26,,0.0,0
2026-09-14 03:14:14Z,NYG,in,0.911,Q4 5:21,8.0,7090,Darnell Mooney,WR,5.6,4.7,0.47,5.17,5.19,5.2,0.315,1.0,5.17,,0.0,0
2026-09-14 03:14:14Z,NYG,in,0.911,Q4 5:21,8.0,2306,Jameis Winston,QB,0.5,0.0,0.02,0.02,0.03,0.04,0.911,0.3,0.01,,0.0,0
2026-09-14 03:14:14Z,DAL,in,0.911,Q4 5:21,-8.0,11593,Brevyn Spann-Ford,TE,0.5,3.4,0.15,3.55,3.51,3.44,0.697,1.0,3.55,,0.0,0
2026-09-14 03:14:14Z,NYG,in,0.911,Q4 5:21,8.0,2078,Odell Beckham,WR,4.3,0.0,0.27,0.27,0.3,0.38,0.911,1.0,0.27,,0.0,0
2026-09-14 03:14:14Z,NYG,in,0.911,Q4 5:21,8.0,12481,Cam Skattebo,RB,14.1,11.7,1.2,12.9,12.93,12.96,0.105,1.0,12.9,,0.0,0
2026-09-14 03:14:14Z,DAL,in,0.911,Q4 5:21,-8.0,11199,Emari Demercado,RB,1.8,0.7,0.15,0.85,0.84,0.86,0.219,0.971,0.85,,0.0,0
2026-09-14 03:14:14Z,NYG,in,0.911,Q4 5:21,8.0,NYG,New York Giants D/ST,DST,5.2,3.0,0.24,3.24,3.42,3.46,0.171,1.0,3.24,,0.0,0
2026-09-14 03:14:14Z,NYG,in,0.911,Q4 5:21,8.0,7528,Najee Harris,RB,4.2,0.0,0.23,0.23,0.29,0.37,0.911,1.0,0.23,,0.0,0
2026-09-14 03:14:14Z,DAL,in,0.911,Q4 5:21,-8.0,8162,Sam Howell,QB,0.6,0.0,0.07,0.07,0.04,0.05,0.911,0.3,0.02,,0.0,0
2026-09-14 03:14:14Z,DAL,in,0.911,Q4 5:21,-8.0,11783,Ryan Flournoy,WR,7.4,4.2,0.96,5.16,4.8,4.86,0.001,1.0,5.16,,0.0,0
2026-09-14 03:14:14Z,DAL,in,0.911,Q4 5:21,-8.0,10871,Luke Schoonmaker,TE,1.7,2.2,0.25,2.45,2.37,2.35,0.523,1.0,2.45,,0.0,0
2026-09-14 03:14:14Z,DAL,in,0.911,Q4 5:21,-8.0,7588,Javonte Williams,RB,16.9,24.2,2.07,26.27,25.9,25.71,0.0,1.0,26.27,,0.0,0
2026-09-14 03:15:14Z,DAL,in,0.911,Q4 5:21,-8.0,11533,Brandon Aubrey,K,9.6,1.0,0.68,1.68,1.68,1.86,0.0,1.0,1.68,,0.0,0
2026-09-14 03:15:14Z,DAL,in,0.911,Q4 5:21,-8.0,6786,CeeDee Lamb,WR,18.3,15.4,2.5,17.9,17.0,17.03,0.016,1.0,17.9,,0.0,0
2026-09-14 03:15:14Z,DAL,in,0.911,Q4 5:21,-8.0,3294,Dak Prescott,QB,18.5,15.4,2.7,18.1,17.02,17.05,0.0,1.0,18.1,,0.0,0
2026-09-14 03:15:14Z,NYG,in,0.911,Q4 5:21,8.0,13833,Dominic Zvada,K,8.2,4.0,0.65,4.65,4.65,4.73,0.035,1.0,4.65,,0.0,0
2026-09-14 03:15:14Z,DAL,in,0.911,Q4 5:21,-8.0,8110,Jake Ferguson,TE,9.3,2.6,1.14,3.74,3.3,3.43,0.172,1.0,3.74,,0.0,0
2026-09-14 03:15:14Z,NYG,in,0.911,Q4 5:21,8.0,8131,Isaiah Likely,TE,10.7,24.1,1.29,25.39,25.37,25.05,0.277,1.0,25.39,,0.0,0
2026-09-14 03:15:14Z,DAL,in,0.911,Q4 5:21,-8.0,DAL,Dallas Cowboys D/ST,DST,6.5,7.0,0.06,7.06,7.6,7.58,0.035,1.0,7.06,,0.0,0
2026-09-14 03:15:14Z,DAL,in,0.911,Q4 5:21,-8.0,8137,George Pickens,WR,15.2,5.8,1.9,7.7,6.98,7.16,0.254,1.0,7.7,,0.0,0
2026-09-14 03:15:14Z,NYG,in,0.911,Q4 5:21,8.0,11597,Theo Johnson,TE,4.3,1.9,0.32,2.22,2.24,2.28,0.376,1.0,2.22,,0.0,0
2026-09-14 03:15:14Z,NYG,in,0.911,Q4 5:21,8.0,12508,Jaxson Dart,QB,20.5,26.32,2.03,28.35,28.32,28.15,0.035,1.0,28.35,,0.0,0
2026-09-14 03:15:14Z,NYG,in,0.911,Q4 5:21,8.0,13285,Malachi Fields,WR,6.2,4.5,0.5,5.0,5.03,5.05,0.422,1.0,5.0,,0.0,0
2026-09-14 03:15:14Z,DAL,in,0.911,Q4 5:21,-8.0,8917,KaVontae Turpin,WR,4.3,1.8,0.54,2.34,2.14,2.18,0.441,1.0,2.34,,0.0,0
2026-09-14 03:15:14Z,NYG,in,0.911,Q4 5:21,8.0,11655,Tyrone Tracy,RB,2.4,-0.6,0.11,-0.49,-0.45,-0.39,0.434,0.649,-0.53,,0.0,0
2026-09-14 03:15:14Z,NYG,in,0.911,Q4 5:21,8.0,11632,Malik Nabers,WR,16.5,12.9,1.36,14.26,14.32,14.37,0.085,1.0,14.26,,0.0,0
2026-09-14 03:15:14Z,NYG,in,0.911,Q4 5:21,8.0,7090,Darnell Mooney,WR,5.6,4.7,0.47,5.17,5.19,5.2,0.315,1.0,5.17,,0.0,0
2026-09-14 03:15:14Z,NYG,in,0.911,Q4 5:21,8.0,2306,Jameis Winston,QB,0.5,0.0,0.02,0.02,0.03,0.04,0.911,0.3,0.01,,0.0,0
2026-09-14 03:15:14Z,DAL,in,0.911,Q4 5:21,-8.0,11593,Brevyn Spann-Ford,TE,0.5,3.4,0.15,3.55,3.51,3.44,0.697,1.0,3.55,,0.0,0
2026-09-14 03:15:14Z,NYG,in,0.911,Q4 5:21,8.0,2078,Odell Beckham,WR,4.3,0.0,0.27,0.27,0.3,0.38,0.911,1.0,0.27,,0.0,0
2026-09-14 03:15:14Z,NYG,in,0.911,Q4 5:21,8.0,12481,Cam Skattebo,RB,14.1,11.7,1.2,12.9,12.93,12.96,0.105,1.0,12.9,,0.0,0
2026-09-14 03:15:14Z,DAL,in,0.911,Q4 5:21,-8.0,11199,Emari Demercado,RB,1.8,0.7,0.15,0.85,0.84,0.86,0.219,0.971,0.85,,0.0,0
2026-09-14 03:15:14Z,NYG,in,0.911,Q4 5:21,8.0,NYG,New York Giants D/ST,DST,5.2,3.0,0.24,3.24,3.42,3.46,0.171,1.0,3.24,,0.0,0
2026-09-14 03:15:14Z,NYG,in,0.911,Q4 5:21,8.0,7528,Najee Harris,RB,4.2,0.0,0.23,0.23,0.29,0.37,0.911,1.0,0.23,,0.0,0
2026-09-14 03:15:14Z,DAL,in,0.911,Q4 5:21,-8.0,8162,Sam Howell,QB,0.6,0.0,0.07,0.07,0.04,0.05,0.911,0.3,0.02,,0.0,0
2026-09-14 03:15:14Z,DAL,in,0.911,Q4 5:21,-8.0,11783,Ryan Flournoy,WR,7.4,4.2,0.96,5.16,4.8,4.86,0.001,1.0,5.16,,0.0,0
2026-09-14 03:15:14Z,DAL,in,0.911,Q4 5:21,-8.0,10871,Luke Schoonmaker,TE,1.7,2.2,0.25,2.45,2.37,2.35,0.523,1.0,2.45,,0.0,0
2026-09-14 03:15:14Z,DAL,in,0.911,Q4 5:21,-8.0,7588,Javonte Williams,RB,16.9,24.2,2.07,26.27,25.9,25.71,0.0,1.0,26.27,,0.0,0
2026-09-14 03:16:15Z,DAL,in,0.924,Q4 4:34,-8.0,11533,Brandon Aubrey,K,9.6,1.0,0.58,1.58,1.58,1.73,0.013,1.0,1.58,,0.0,0
2026-09-14 03:16:15Z,DAL,in,0.924,Q4 4:34,-8.0,6786,CeeDee Lamb,WR,18.3,15.4,2.13,17.53,16.76,16.79,0.029,1.0,17.53,,0.0,0
2026-09-14 03:16:15Z,DAL,in,0.924,Q4 4:34,-8.0,3294,Dak Prescott,QB,18.5,15.4,2.3,17.7,16.78,16.81,0.013,1.0,17.7,,0.0,0
2026-09-14 03:16:15Z,NYG,in,0.924,Q4 4:34,8.0,13833,Dominic Zvada,K,8.2,4.0,0.56,4.56,4.56,4.62,0.048,1.0,4.56,,0.0,0
2026-09-14 03:16:15Z,DAL,in,0.924,Q4 4:34,-8.0,8110,Jake Ferguson,TE,9.3,2.6,0.97,3.57,3.19,3.31,0.185,1.0,3.57,,0.0,0
2026-09-14 03:16:15Z,NYG,in,0.924,Q4 4:34,8.0,8131,Isaiah Likely,TE,10.7,24.1,1.1,25.2,25.18,24.91,0.29,1.0,25.2,,0.0,0
2026-09-14 03:16:15Z,DAL,in,0.924,Q4 4:34,-8.0,DAL,Dallas Cowboys D/ST,DST,6.5,7.0,0.05,7.05,7.51,7.49,0.048,1.0,7.05,,0.0,0
2026-09-14 03:16:15Z,DAL,in,0.924,Q4 4:34,-8.0,8137,George Pickens,WR,15.2,5.8,1.62,7.42,6.8,6.96,0.267,1.0,7.42,,0.0,0
2026-09-14 03:16:15Z,NYG,in,0.924,Q4 4:34,8.0,11597,Theo Johnson,TE,4.3,1.9,0.27,2.17,2.19,2.23,0.389,1.0,2.17,,0.0,0
2026-09-14 03:16:15Z,NYG,in,0.924,Q4 4:34,8.0,12508,Jaxson Dart,QB,20.5,26.32,1.72,28.04,28.02,27.88,0.048,1.0,28.04,,0.0,0
2026-09-14 03:16:15Z,NYG,in,0.924,Q4 4:34,8.0,13285,Malachi Fields,WR,6.2,4.5,0.43,4.93,4.95,4.97,0.435,1.0,4.93,,0.0,0
2026-09-14 03:16:15Z,DAL,in,0.924,Q4 4:34,-8.0,8917,KaVontae Turpin,WR,4.3,1.8,0.46,2.26,2.09,2.13,0.454,1.0,2.26,,0.0,0
2026-09-14 03:16:15Z,NYG,in,0.924,Q4 4:34,8.0,11655,Tyrone Tracy,RB,2.4,-0.6,0.1,-0.5,-0.47,-0.42,0.447,0.629,-0.54,,0.0,0
2026-09-14 03:16:15Z,NYG,in,0.924,Q4 4:34,8.0,11632,Malik Nabers,WR,16.5,12.9,1.16,14.06,14.11,14.16,0.098,1.0,14.06,,0.0,0
2026-09-14 03:16:15Z,NYG,in,0.924,Q4 4:34,8.0,7090,Darnell Mooney,WR,5.6,4.7,0.4,5.1,5.12,5.13,0.328,1.0,5.1,,0.0,0
2026-09-14 03:16:15Z,NYG,in,0.924,Q4 4:34,8.0,2306,Jameis Winston,QB,0.5,0.0,0.02,0.02,0.03,0.04,0.924,0.3,0.01,,0.0,0
2026-09-14 03:16:15Z,DAL,in,0.924,Q4 4:34,-8.0,11593,Brevyn Spann-Ford,TE,0.5,3.4,0.12,3.52,3.49,3.44,0.71,1.0,3.52,,0.0,0
2026-09-14 03:16:15Z,NYG,in,0.924,Q4 4:34,8.0,2078,Odell Beckham,WR,4.3,0.0,0.23,0.23,0.25,0.33,0.924,1.0,0.23,,0.0,0
2026-09-14 03:16:15Z,NYG,in,0.924,Q4 4:34,8.0,12481,Cam Skattebo,RB,14.1,11.8,1.02,12.82,12.85,12.87,0.0,1.0,12.82,,0.0,0
2026-09-14 03:16:15Z,DAL,in,0.924,Q4 4:34,-8.0,11199,Emari Demercado,RB,1.8,0.7,0.13,0.83,0.82,0.84,0.232,0.951,0.82,,0.0,0
2026-09-14 03:16:15Z,NYG,in,0.924,Q4 4:34,8.0,NYG,New York Giants D/ST,DST,5.2,3.0,0.21,3.21,3.36,3.4,0.184,1.0,3.21,,0.0,0
2026-09-14 03:16:15Z,NYG,in,0.924,Q4 4:34,8.0,7528,Najee Harris,RB,4.2,0.0,0.2,0.2,0.25,0.32,0.924,1.0,0.2,,0.0,0
2026-09-14 03:16:15Z,DAL,in,0.924,Q4 4:34,-8.0,8162,Sam Howell,QB,0.6,0.0,0.06,0.06,0.04,0.05,0.924,0.3,0.02,,0.0,0
2026-09-14 03:16:15Z,DAL,in,0.924,Q4 4:34,-8.0,11783,Ryan Flournoy,WR,7.4,4.2,0.82,5.02,4.71,4.76,0.014,1.0,5.02,,0.0,0
2026-09-14 03:16:15Z,DAL,in,0.924,Q4 4:34,-8.0,10871,Luke Schoonmaker,TE,1.7,2.2,0.21,2.41,2.34,2.33,0.536,1.0,2.41,,0.0,0
2026-09-14 03:16:15Z,DAL,in,0.924,Q4 4:34,-8.0,7588,Javonte Williams,RB,16.9,24.2,1.76,25.96,25.65,25.49,0.013,1.0,25.96,,0.0,0
2026-09-14 03:17:15Z,DAL,in,0.925,Q4 4:30,-8.0,11533,Brandon Aubrey,K,9.6,1.0,0.57,1.57,1.57,1.72,0.014,1.0,1.57,,0.0,0
2026-09-14 03:17:15Z,DAL,in,0.925,Q4 4:30,-8.0,6786,CeeDee Lamb,WR,18.3,15.4,2.1,17.5,16.74,16.77,0.03,1.0,17.5,,0.0,0
2026-09-14 03:17:15Z,DAL,in,0.925,Q4 4:30,-8.0,3294,Dak Prescott,QB,18.5,15.4,2.26,17.66,16.76,16.79,0.014,1.0,17.66,,0.0,0
2026-09-14 03:17:15Z,NYG,in,0.925,Q4 4:30,8.0,13833,Dominic Zvada,K,8.2,4.0,0.55,4.55,4.55,4.61,0.049,1.0,4.55,,0.0,0
2026-09-14 03:17:15Z,DAL,in,0.925,Q4 4:30,-8.0,8110,Jake Ferguson,TE,9.3,2.6,0.95,3.55,3.18,3.3,0.186,1.0,3.55,,0.0,0
2026-09-14 03:17:15Z,NYG,in,0.925,Q4 4:30,8.0,8131,Isaiah Likely,TE,10.7,26.3,1.13,27.43,27.41,27.1,0.0,1.0,27.43,,0.0,0
2026-09-14 03:17:15Z,DAL,in,0.925,Q4 4:30,-8.0,DAL,Dallas Cowboys D/ST,DST,6.5,7.0,0.05,7.05,7.51,7.49,0.049,1.0,7.05,,0.0,0
2026-09-14 03:17:15Z,DAL,in,0.925,Q4 4:30,-8.0,8137,George Pickens,WR,15.2,5.8,1.59,7.39,6.79,6.94,0.268,1.0,7.39,,0.0,0
2026-09-14 03:17:15Z,NYG,in,0.925,Q4 4:30,8.0,11597,Theo Johnson,TE,4.3,1.9,0.27,2.17,2.18,2.22,0.39,1.0,2.17,,0.0,0
2026-09-14 03:17:15Z,NYG,in,0.925,Q4 4:30,8.0,12508,Jaxson Dart,QB,20.5,26.8,1.71,28.51,28.48,28.34,0.0,1.0,28.51,,0.0,0
2026-09-14 03:17:15Z,NYG,in,0.925,Q4 4:30,8.0,13285,Malachi Fields,WR,6.2,4.5,0.42,4.92,4.94,4.96,0.436,1.0,4.92,,0.0,0
2026-09-14 03:17:15Z,DAL,in,0.925,Q4 4:30,-8.0,8917,KaVontae Turpin,WR,4.3,1.8,0.45,2.25,2.08,2.12,0.456,1.0,2.25,,0.0,0
2026-09-14 03:17:15Z,NYG,in,0.925,Q4 4:30,8.0,11655,Tyrone Tracy,RB,2.4,-0.6,0.09,-0.51,-0.47,-0.42,0.448,0.627,-0.54,,0.0,0
2026-09-14 03:17:15Z,NYG,in,0.925,Q4 4:30,8.0,11632,Malik Nabers,WR,16.5,12.9,1.14,14.04,14.09,14.14,0.099,1.0,14.04,,0.0,0
2026-09-14 03:17:15Z,NYG,in,0.925,Q4 4:30,8.0,7090,Darnell Mooney,WR,5.6,4.7,0.39,5.09,5.11,5.12,0.329,1.0,5.09,,0.0,0
2026-09-14 03:17:15Z,NYG,in,0.925,Q4 4:30,8.0,2306,Jameis Winston,QB,0.5,0.0,0.02,0.02,0.03,0.04,0.925,0.3,0.01,,0.0,0
2026-09-14 03:17:15Z,DAL,in,0.925,Q4 4:30,-8.0,11593,Brevyn Spann-Ford,TE,0.5,3.4,0.12,3.52,3.49,3.44,0.711,1.0,3.52,,0.0,0
2026-09-14 03:17:15Z,NYG,in,0.925,Q4 4:30,8.0,2078,Odell Beckham,WR,4.3,0.0,0.22,0.22,0.25,0.32,0.925,1.0,0.22,,0.0,0
2026-09-14 03:17:15Z,NYG,in,0.925,Q4 4:30,8.0,12481,Cam Skattebo,RB,14.1,11.8,1.01,12.81,12.83,12.86,0.001,1.0,12.81,,0.0,0
2026-09-14 03:17:15Z,DAL,in,0.925,Q4 4:30,-8.0,11199,Emari Demercado,RB,1.8,0.7,0.13,0.83,0.82,0.83,0.234,0.95,0.82,,0.0,0
2026-09-14 03:17:15Z,NYG,in,0.925,Q4 4:30,8.0,NYG,New York Giants D/ST,DST,5.2,3.0,0.2,3.2,3.36,3.39,0.185,1.0,3.2,,0.0,0
2026-09-14 03:17:15Z,NYG,in,0.925,Q4 4:30,8.0,7528,Najee Harris,RB,4.2,0.0,0.2,0.2,0.24,0.31,0.925,1.0,0.2,,0.0,0
2026-09-14 03:17:15Z,DAL,in,0.925,Q4 4:30,-8.0,8162,Sam Howell,QB,0.6,0.0,0.06,0.06,0.03,0.04,0.925,0.3,0.02,,0.0,0
2026-09-14 03:17:15Z,DAL,in,0.925,Q4 4:30,-8.0,11783,Ryan Flournoy,WR,7.4,4.2,0.81,5.01,4.71,4.75,0.016,1.0,5.01,,0.0,0
2026-09-14 03:17:15Z,DAL,in,0.925,Q4 4:30,-8.0,10871,Luke Schoonmaker,TE,1.7,2.2,0.21,2.41,2.34,2.33,0.538,1.0,2.41,,0.0,0
2026-09-14 03:17:15Z,DAL,in,0.925,Q4 4:30,-8.0,7588,Javonte Williams,RB,16.9,24.2,1.73,25.93,25.63,25.47,0.014,1.0,25.93,,0.0,0
2026-09-14 03:18:15Z,DAL,in,0.938,Q4 3:45,-8.0,11533,Brandon Aubrey,K,9.6,1.0,0.47,1.48,1.48,1.6,0.027,1.0,1.48,,0.0,0
2026-09-14 03:18:15Z,DAL,in,0.938,Q4 3:45,-8.0,6786,CeeDee Lamb,WR,18.3,15.4,1.75,17.15,16.52,16.54,0.043,1.0,17.15,,0.0,0
2026-09-14 03:18:15Z,DAL,in,0.938,Q4 3:45,-8.0,3294,Dak Prescott,QB,18.5,15.4,1.88,17.28,16.53,16.56,0.027,1.0,17.28,,0.0,0
2026-09-14 03:18:15Z,NYG,in,0.938,Q4 3:45,8.0,13833,Dominic Zvada,K,8.2,4.0,0.45,4.45,4.45,4.51,0.061,1.0,4.45,,0.0,0
2026-09-14 03:18:15Z,DAL,in,0.938,Q4 3:45,-8.0,8110,Jake Ferguson,TE,9.3,2.6,0.79,3.39,3.09,3.18,0.199,1.0,3.39,,0.0,0
2026-09-14 03:18:15Z,NYG,in,0.938,Q4 3:45,8.0,8131,Isaiah Likely,TE,10.7,26.3,0.93,27.23,27.22,26.97,0.012,1.0,27.23,,0.0,0
2026-09-14 03:18:15Z,DAL,in,0.938,Q4 3:45,-8.0,DAL,Dallas Cowboys D/ST,DST,6.5,7.0,0.04,7.04,7.42,7.41,0.061,1.0,7.04,,0.0,0
2026-09-14 03:18:15Z,DAL,in,0.938,Q4 3:45,-8.0,8137,George Pickens,WR,15.2,5.8,1.33,7.13,6.62,6.75,0.28,1.0,7.13,,0.0,0
2026-09-14 03:18:15Z,NYG,in,0.938,Q4 3:45,8.0,11597,Theo Johnson,TE,4.3,1.9,0.22,2.12,2.14,2.17,0.402,1.0,2.12,,0.0,0
2026-09-14 03:18:15Z,NYG,in,0.938,Q4 3:45,8.0,12508,Jaxson Dart,QB,20.5,26.8,1.41,28.21,28.2,28.08,0.012,1.0,28.21,,0.0,0
2026-09-14 03:18:15Z,NYG,in,0.938,Q4 3:45,8.0,13285,Malachi Fields,WR,6.2,4.5,0.35,4.85,4.87,4.89,0.449,1.0,4.85,,0.0,0
2026-09-14 03:18:15Z,DAL,in,0.938,Q4 3:45,-8.0,8917,KaVontae Turpin,WR,4.3,1.8,0.38,2.18,2.03,2.07,0.468,1.0,2.18,,0.0,0
2026-09-14 03:18:15Z,NYG,in,0.938,Q4 3:45,8.0,11655,Tyrone Tracy,RB,2.4,-0.6,0.08,-0.52,-0.49,-0.45,0.461,0.609,-0.55,,0.0,0
2026-09-14 03:18:15Z,NYG,in,0.938,Q4 3:45,8.0,11632,Malik Nabers,WR,16.5,12.9,0.95,13.85,13.89,13.93,0.112,1.0,13.85,,0.0,0
2026-09-14 03:18:15Z,NYG,in,0.938,Q4 3:45,8.0,7090,Darnell Mooney,WR,5.6,4.7,0.33,5.03,5.04,5.05,0.341,1.0,5.03,,0.0,0
2026-09-14 03:18:15Z,NYG,in,0.938,Q4 3:45,8.0,2306,Jameis Winston,QB,0.5,0.0,0.02,0.02,0.02,0.03,0.938,0.3,0.0,,0.0,0
2026-09-14 03:18:15Z,DAL,in,0.938,Q4 3:45,-8.0,11593,Brevyn Spann-Ford,TE,0.5,3.4,0.1,3.5,3.48,3.43,0.724,1.0,3.5,,0.0,0
2026-09-14 03:18:15Z,NYG,in,0.938,Q4 3:45,8.0,2078,Odell Beckham,WR,4.3,0.0,0.19,0.19,0.21,0.27,0.938,1.0,0.19,,0.0,0
2026-09-14 03:18:15Z,NYG,in,0.938,Q4 3:45,8.0,12481,Cam Skattebo,RB,14.1,11.7,0.83,12.53,12.56,12.58,0.0,1.0,12.53,,0.0,0
2026-09-14 03:18:15Z,DAL,in,0.938,Q4 3:45,-8.0,11199,Emari Demercado,RB,1.8,0.7,0.11,0.81,0.8,0.81,0.246,0.931,0.8,,0.0,0
2026-09-14 03:18:15Z,NYG,in,0.938,Q4 3:45,8.0,NYG,New York Giants D/ST,DST,5.2,3.0,0.17,3.17,3.3,3.33,0.198,1.0,3.17,,0.0,0
2026-09-14 03:18:15Z,NYG,in,0.938,Q4 3:45,8.0,7528,Najee Harris,RB,4.2,0.0,0.16,0.16,0.2,0.26,0.938,1.0,0.16,,0.0,0
2026-09-14 03:18:15Z,DAL,in,0.938,Q4 3:45,-8.0,8162,Sam Howell,QB,0.6,0.0,0.05,0.05,0.03,0.04,0.938,0.3,0.01,,0.0,0
2026-09-14 03:18:15Z,DAL,in,0.938,Q4 3:45,-8.0,11783,Ryan Flournoy,WR,7.4,4.2,0.67,4.87,4.62,4.66,0.028,1.0,4.87,,0.0,0
2026-09-14 03:18:15Z,DAL,in,0.938,Q4 3:45,-8.0,10871,Luke Schoonmaker,TE,1.7,2.2,0.18,2.38,2.32,2.31,0.55,1.0,2.38,,0.0,0
2026-09-14 03:18:15Z,DAL,in,0.938,Q4 3:45,-8.0,7588,Javonte Williams,RB,16.9,24.2,1.43,25.63,25.39,25.26,0.027,1.0,25.63,,0.0,0
2026-09-14 03:19:16Z,DAL,in,0.95,Q4 3:00,-8.0,11533,Brandon Aubrey,K,9.6,1.0,0.38,1.38,1.38,1.48,0.039,1.0,1.38,,0.0,0
2026-09-14 03:19:16Z,DAL,in,0.95,Q4 3:00,-8.0,6786,CeeDee Lamb,WR,18.3,15.4,1.39,16.79,16.29,16.32,0.055,1.0,16.79,,0.0,0
2026-09-14 03:19:16Z,DAL,in,0.95,Q4 3:00,-8.0,3294,Dak Prescott,QB,18.5,15.4,1.5,16.9,16.3,16.33,0.039,1.0,16.9,,0.0,0
2026-09-14 03:19:16Z,NYG,in,0.95,Q4 3:00,8.0,13833,Dominic Zvada,K,8.2,4.0,0.36,4.36,4.36,4.41,0.074,1.0,4.36,,0.0,0
2026-09-14 03:19:16Z,DAL,in,0.95,Q4 3:00,-8.0,8110,Jake Ferguson,TE,9.3,2.6,0.64,3.24,2.99,3.07,0.211,1.0,3.24,,0.0,0
2026-09-14 03:19:16Z,NYG,in,0.95,Q4 3:00,8.0,8131,Isaiah Likely,TE,10.7,26.3,0.74,27.04,27.04,26.84,0.025,1.0,27.04,,0.0,0
2026-09-14 03:19:16Z,DAL,in,0.95,Q4 3:00,-8.0,DAL,Dallas Cowboys D/ST,DST,6.5,7.0,0.04,7.04,7.34,7.33,0.074,1.0,7.04,,0.0,0
2026-09-14 03:19:16Z,DAL,in,0.95,Q4 3:00,-8.0,8137,George Pickens,WR,15.2,5.8,1.06,6.86,6.45,6.56,0.293,1.0,6.86,,0.0,0
2026-09-14 03:19:16Z,NYG,in,0.95,Q4 3:00,8.0,11597,Theo Johnson,TE,4.3,1.9,0.18,2.08,2.09,2.12,0.415,1.0,2.08,,0.0,0
2026-09-14 03:19:16Z,NYG,in,0.95,Q4 3:00,8.0,12508,Jaxson Dart,QB,20.5,26.8,1.12,27.92,27.92,27.83,0.025,1.0,27.92,,0.0,0
2026-09-14 03:19:16Z,NYG,in,0.95,Q4 3:00,8.0,13285,Malachi Fields,WR,6.2,4.5,0.28,4.78,4.79,4.81,0.461,1.0,4.78,,0.0,0
2026-09-14 03:19:16Z,DAL,in,0.95,Q4 3:00,-8.0,8917,KaVontae Turpin,WR,4.3,1.8,0.3,2.1,1.99,2.02,0.481,1.0,2.1,,0.0,0
2026-09-14 03:19:16Z,NYG,in,0.95,Q4 3:00,8.0,11655,Tyrone Tracy,RB,2.4,-0.6,0.06,-0.54,-0.52,-0.48,0.473,0.59,-0.56,,0.0,0
2026-09-14 03:19:16Z,NYG,in,0.95,Q4 3:00,8.0,11632,Malik Nabers,WR,16.5,12.9,0.76,13.66,13.69,13.73,0.124,1.0,13.66,,0.0,0
2026-09-14 03:19:16Z,NYG,in,0.95,Q4 3:00,8.0,7090,Darnell Mooney,WR,5.6,4.7,0.26,4.96,4.97,4.98,0.354,1.0,4.96,,0.0,0
2026-09-14 03:19:16Z,NYG,in,0.95,Q4 3:00,8.0,2306,Jameis Winston,QB,0.5,0.0,0.01,0.01,0.02,0.03,0.95,0.3,0.0,,0.0,0
2026-09-14 03:19:16Z,DAL,in,0.95,Q4 3:00,-8.0,11593,Brevyn Spann-Ford,TE,0.5,3.4,0.08,3.48,3.46,3.42,0.736,1.0,3.48,,0.0,0
2026-09-14 03:19:16Z,NYG,in,0.95,Q4 3:00,8.0,2078,Odell Beckham,WR,4.3,0.0,0.15,0.15,0.16,0.22,0.95,1.0,0.15,,0.0,0
2026-09-14 03:19:16Z,NYG,in,0.95,Q4 3:00,8.0,12481,Cam Skattebo,RB,14.1,12.9,0.69,13.59,13.6,13.61,0.0,1.0,13.59,,0.0,0
2026-09-14 03:19:16Z,DAL,in,0.95,Q4 3:00,-8.0,11199,Emari Demercado,RB,1.8,0.7,0.09,0.79,0.78,0.79,0.259,0.912,0.78,,0.0,0
2026-09-14 03:19:16Z,NYG,in,0.95,Q4 3:00,8.0,NYG,New York Giants D/ST,DST,5.2,3.0,0.14,3.14,3.24,3.26,0.21,1.0,3.14,,0.0,0
2026-09-14 03:19:16Z,NYG,in,0.95,Q4 3:00,8.0,7528,Najee Harris,RB,4.2,0.0,0.13,0.13,0.16,0.21,0.95,1.0,0.13,,0.0,0
2026-09-14 03:19:16Z,DAL,in,0.95,Q4 3:00,-8.0,8162,Sam Howell,QB,0.6,0.0,0.04,0.04,0.02,0.03,0.95,0.3,0.01,,0.0,0
2026-09-14 03:19:16Z,DAL,in,0.95,Q4 3:00,-8.0,11783,Ryan Flournoy,WR,7.4,4.2,0.54,4.74,4.53,4.57,0.041,1.0,4.74,,0.0,0
2026-09-14 03:19:16Z,DAL,in,0.95,Q4 3:00,-8.0,10871,Luke Schoonmaker,TE,1.7,2.2,0.14,2.34,2.29,2.29,0.562,1.0,2.34,,0.0,0
2026-09-14 03:19:16Z,DAL,in,0.95,Q4 3:00,-8.0,7588,Javonte Williams,RB,16.9,24.2,1.14,25.34,25.15,25.05,0.039,1.0,25.34,,0.0,0
2026-09-14 03:20:16Z,DAL,in,0.964,Q4 2:10,-8.0,11533,Brandon Aubrey,K,9.6,1.0,0.27,1.27,1.27,1.35,0.053,1.0,1.27,,0.0,0
2026-09-14 03:20:16Z,DAL,in,0.964,Q4 2:10,-8.0,6786,CeeDee Lamb,WR,18.3,15.4,1.0,16.4,16.04,16.06,0.069,1.0,16.4,,0.0,0
2026-09-14 03:20:16Z,DAL,in,0.964,Q4 2:10,-8.0,3294,Dak Prescott,QB,18.5,15.4,1.08,16.48,16.05,16.07,0.053,1.0,16.48,,0.0,0
2026-09-14 03:20:16Z,NYG,in,0.964,Q4 2:10,8.0,13833,Dominic Zvada,K,8.2,4.0,0.26,4.26,4.26,4.3,0.088,1.0,4.26,,0.0,0
2026-09-14 03:20:16Z,DAL,in,0.964,Q4 2:10,-8.0,8110,Jake Ferguson,TE,9.3,2.6,0.46,3.06,2.88,2.94,0.225,1.0,3.06,,0.0,0
2026-09-14 03:20:16Z,NYG,in,0.964,Q4 2:10,8.0,8131,Isaiah Likely,TE,10.7,27.8,0.55,28.35,28.34,28.19,0.0,1.0,28.35,,0.0,0
2026-09-14 03:20:16Z,DAL,in,0.964,Q4 2:10,-8.0,DAL,Dallas Cowboys D/ST,DST,6.5,7.0,0.03,7.03,7.24,7.23,0.088,1.0,7.03,,0.0,0
2026-09-14 03:20:16Z,DAL,in,0.964,Q4 2:10,-8.0,8137,George Pickens,WR,15.2,5.8,0.76,6.56,6.27,6.35,0.307,1.0,6.56,,0.0,0
2026-09-14 03:20:16Z,NYG,in,0.964,Q4 2:10,8.0,11597,Theo Johnson,TE,4.3,1.9,0.13,2.03,2.04,2.06,0.429,1.0,2.03,,0.0,0
2026-09-14 03:20:16Z,NYG,in,0.964,Q4 2:10,8.0,12508,Jaxson Dart,QB,20.5,27.0,0.81,27.81,27.81,27.74,0.0,1.0,27.81,,0.0,0
2026-09-14 03:20:16Z,NYG,in,0.964,Q4 2:10,8.0,13285,Malachi Fields,WR,6.2,4.5,0.2,4.7,4.71,4.72,0.475,1.0,4.7,,0.0,0
2026-09-14 03:20:16Z,DAL,in,0.964,Q4 2:10,-8.0,8917,KaVontae Turpin,WR,4.3,1.8,0.22,2.02,1.93,1.96,0.494,1.0,2.02,,0.0,0
2026-09-14 03:20:16Z,NYG,in,0.964,Q4 2:10,8.0,11655,Tyrone Tracy,RB,2.4,-0.6,0.05,-0.55,-0.54,-0.51,0.487,0.569,-0.57,,0.0,0
2026-09-14 03:20:16Z,NYG,in,0.964,Q4 2:10,8.0,11632,Malik Nabers,WR,16.5,12.9,0.54,13.44,13.47,13.5,0.138,1.0,13.44,,0.0,0
2026-09-14 03:20:16Z,NYG,in,0.964,Q4 2:10,8.0,7090,Darnell Mooney,WR,5.6,4.7,0.19,4.89,4.9,4.9,0.368,1.0,4.89,,0.0,0
2026-09-14 03:20:16Z,NYG,in,0.964,Q4 2:10,8.0,2306,Jameis Winston,QB,0.5,0.0,0.01,0.01,0.01,0.02,0.964,0.3,0.0,,0.0,0
2026-09-14 03:20:16Z,DAL,in,0.964,Q4 2:10,-8.0,11593,Brevyn Spann-Ford,TE,0.5,3.4,0.06,3.46,3.44,3.42,0.75,1.0,3.46,,0.0,0
2026-09-14 03:20:16Z,NYG,in,0.964,Q4 2:10,8.0,2078,Odell Beckham,WR,4.3,0.0,0.11,0.11,0.12,0.16,0.964,1.0,0.11,,0.0,0
2026-09-14 03:20:16Z,NYG,in,0.964,Q4 2:10,8.0,12481,Cam Skattebo,RB,14.1,13.0,0.5,13.5,13.5,13.51,0.0,1.0,13.5,,0.0,0
2026-09-14 03:20:16Z,DAL,in,0.964,Q4 2:10,-8.0,11199,Emari Demercado,RB,1.8,0.7,0.06,0.76,0.76,0.76,0.272,0.891,0.75,,0.0,0
2026-09-14 03:20:16Z,NYG,in,0.964,Q4 2:10,8.0,NYG,New York Giants D/ST,DST,5.2,3.0,0.1,3.1,3.17,3.19,0.224,1.0,3.1,,0.0,0
2026-09-14 03:20:16Z,NYG,in,0.964,Q4 2:10,8.0,7528,Najee Harris,RB,4.2,0.0,0.09,0.09,0.12,0.15,0.964,1.0,0.09,,0.0,0
2026-09-14 03:20:16Z,DAL,in,0.964,Q4 2:10,-8.0,8162,Sam Howell,QB,0.6,0.0,0.03,0.03,0.02,0.02,0.964,0.3,0.01,,0.0,0
2026-09-14 03:20:16Z,DAL,in,0.964,Q4 2:10,-8.0,11783,Ryan Flournoy,WR,7.4,4.2,0.39,4.59,4.44,4.47,0.054,1.0,4.59,,0.0,0
2026-09-14 03:20:16Z,DAL,in,0.964,Q4 2:10,-8.0,10871,Luke Schoonmaker,TE,1.7,2.2,0.1,2.3,2.27,2.26,0.576,1.0,2.3,,0.0,0
2026-09-14 03:20:16Z,DAL,in,0.964,Q4 2:10,-8.0,7588,Javonte Williams,RB,16.9,24.2,0.82,25.02,24.88,24.81,0.053,1.0,25.02,,0.0,0
2026-09-14 03:21:16Z,DAL,in,0.964,Q4 2:10,-8.0,11533,Brandon Aubrey,K,9.6,1.0,0.27,1.27,1.27,1.35,0.053,1.0,1.27,,0.0,0
2026-09-14 03:21:16Z,DAL,in,0.964,Q4 2:10,-8.0,6786,CeeDee Lamb,WR,18.3,15.4,1.0,16.4,16.04,16.06,0.069,1.0,16.4,,0.0,0
2026-09-14 03:21:16Z,DAL,in,0.964,Q4 2:10,-8.0,3294,Dak Prescott,QB,18.5,15.4,1.08,16.48,16.05,16.07,0.053,1.0,16.48,,0.0,0
2026-09-14 03:21:16Z,NYG,in,0.964,Q4 2:10,8.0,13833,Dominic Zvada,K,8.2,4.0,0.26,4.26,4.26,4.3,0.088,1.0,4.26,,0.0,0
2026-09-14 03:21:16Z,DAL,in,0.964,Q4 2:10,-8.0,8110,Jake Ferguson,TE,9.3,2.6,0.46,3.06,2.88,2.94,0.225,1.0,3.06,,0.0,0
2026-09-14 03:21:16Z,NYG,in,0.964,Q4 2:10,8.0,8131,Isaiah Likely,TE,10.7,27.8,0.55,28.35,28.34,28.19,0.0,1.0,28.35,,0.0,0
2026-09-14 03:21:16Z,DAL,in,0.964,Q4 2:10,-8.0,DAL,Dallas Cowboys D/ST,DST,6.5,7.0,0.03,7.03,7.24,7.23,0.088,1.0,7.03,,0.0,0
2026-09-14 03:21:16Z,DAL,in,0.964,Q4 2:10,-8.0,8137,George Pickens,WR,15.2,5.8,0.76,6.56,6.27,6.35,0.307,1.0,6.56,,0.0,0
2026-09-14 03:21:16Z,NYG,in,0.964,Q4 2:10,8.0,11597,Theo Johnson,TE,4.3,1.9,0.13,2.03,2.04,2.06,0.429,1.0,2.03,,0.0,0
2026-09-14 03:21:16Z,NYG,in,0.964,Q4 2:10,8.0,12508,Jaxson Dart,QB,20.5,27.0,0.81,27.81,27.81,27.74,0.0,1.0,27.81,,0.0,0
2026-09-14 03:21:16Z,NYG,in,0.964,Q4 2:10,8.0,13285,Malachi Fields,WR,6.2,4.5,0.2,4.7,4.71,4.72,0.475,1.0,4.7,,0.0,0
2026-09-14 03:21:16Z,DAL,in,0.964,Q4 2:10,-8.0,8917,KaVontae Turpin,WR,4.3,1.8,0.22,2.02,1.93,1.96,0.494,1.0,2.02,,0.0,0
2026-09-14 03:21:16Z,NYG,in,0.964,Q4 2:10,8.0,11655,Tyrone Tracy,RB,2.4,-0.6,0.05,-0.55,-0.54,-0.51,0.487,0.569,-0.57,,0.0,0
2026-09-14 03:21:16Z,NYG,in,0.964,Q4 2:10,8.0,11632,Malik Nabers,WR,16.5,12.9,0.54,13.44,13.47,13.5,0.138,1.0,13.44,,0.0,0
2026-09-14 03:21:16Z,NYG,in,0.964,Q4 2:10,8.0,7090,Darnell Mooney,WR,5.6,4.7,0.19,4.89,4.9,4.9,0.368,1.0,4.89,,0.0,0
2026-09-14 03:21:16Z,NYG,in,0.964,Q4 2:10,8.0,2306,Jameis Winston,QB,0.5,0.0,0.01,0.01,0.01,0.02,0.964,0.3,0.0,,0.0,0
2026-09-14 03:21:16Z,DAL,in,0.964,Q4 2:10,-8.0,11593,Brevyn Spann-Ford,TE,0.5,3.4,0.06,3.46,3.44,3.42,0.75,1.0,3.46,,0.0,0
2026-09-14 03:21:16Z,NYG,in,0.964,Q4 2:10,8.0,2078,Odell Beckham,WR,4.3,0.0,0.11,0.11,0.12,0.16,0.964,1.0,0.11,,0.0,0
2026-09-14 03:21:16Z,NYG,in,0.964,Q4 2:10,8.0,12481,Cam Skattebo,RB,14.1,13.0,0.5,13.5,13.5,13.51,0.0,1.0,13.5,,0.0,0
2026-09-14 03:21:16Z,DAL,in,0.964,Q4 2:10,-8.0,11199,Emari Demercado,RB,1.8,0.7,0.06,0.76,0.76,0.76,0.272,0.891,0.75,,0.0,0
2026-09-14 03:21:16Z,NYG,in,0.964,Q4 2:10,8.0,NYG,New York Giants D/ST,DST,5.2,3.0,0.1,3.1,3.17,3.19,0.224,1.0,3.1,,0.0,0
2026-09-14 03:21:16Z,NYG,in,0.964,Q4 2:10,8.0,7528,Najee Harris,RB,4.2,0.0,0.09,0.09,0.12,0.15,0.964,1.0,0.09,,0.0,0
2026-09-14 03:21:16Z,DAL,in,0.964,Q4 2:10,-8.0,8162,Sam Howell,QB,0.6,0.0,0.03,0.03,0.02,0.02,0.964,0.3,0.01,,0.0,0
2026-09-14 03:21:16Z,DAL,in,0.964,Q4 2:10,-8.0,11783,Ryan Flournoy,WR,7.4,4.2,0.39,4.59,4.44,4.47,0.054,1.0,4.59,,0.0,0
2026-09-14 03:21:16Z,DAL,in,0.964,Q4 2:10,-8.0,10871,Luke Schoonmaker,TE,1.7,2.2,0.1,2.3,2.27,2.26,0.576,1.0,2.3,,0.0,0
2026-09-14 03:21:16Z,DAL,in,0.964,Q4 2:10,-8.0,7588,Javonte Williams,RB,16.9,24.2,0.82,25.02,24.88,24.81,0.053,1.0,25.02,,0.0,0
2026-09-14 03:22:17Z,DAL,in,0.964,Q4 2:09,-8.0,11533,Brandon Aubrey,K,9.6,1.0,0.27,1.27,1.27,1.34,0.053,1.0,1.27,,0.0,0
2026-09-14 03:22:17Z,DAL,in,0.964,Q4 2:09,-8.0,6786,CeeDee Lamb,WR,18.3,15.4,1.0,16.4,16.04,16.06,0.069,1.0,16.4,,0.0,0
2026-09-14 03:22:17Z,DAL,in,0.964,Q4 2:09,-8.0,3294,Dak Prescott,QB,18.5,15.4,1.07,16.47,16.04,16.06,0.053,1.0,16.47,,0.0,0
2026-09-14 03:22:17Z,NYG,in,0.964,Q4 2:09,8.0,13833,Dominic Zvada,K,8.2,4.0,0.26,4.26,4.26,4.29,0.088,1.0,4.26,,0.0,0
2026-09-14 03:22:17Z,DAL,in,0.964,Q4 2:09,-8.0,8110,Jake Ferguson,TE,9.3,2.6,0.45,3.05,2.88,2.93,0.226,1.0,3.05,,0.0,0
2026-09-14 03:22:17Z,NYG,in,0.964,Q4 2:09,8.0,8131,Isaiah Likely,TE,10.7,27.8,0.54,28.34,28.34,28.18,0.0,1.0,28.34,,0.0,0
2026-09-14 03:22:17Z,DAL,in,0.964,Q4 2:09,-8.0,DAL,Dallas Cowboys D/ST,DST,6.5,7.0,0.03,7.03,7.24,7.23,0.088,1.0,7.03,,0.0,0
2026-09-14 03:22:17Z,DAL,in,0.964,Q4 2:09,-8.0,8137,George Pickens,WR,15.2,5.8,0.76,6.56,6.27,6.34,0.307,1.0,6.56,,0.0,0
2026-09-14 03:22:17Z,NYG,in,0.964,Q4 2:09,8.0,11597,Theo Johnson,TE,4.3,1.9,0.13,2.03,2.03,2.05,0.429,1.0,2.03,,0.0,0
2026-09-14 03:22:17Z,NYG,in,0.964,Q4 2:09,8.0,12508,Jaxson Dart,QB,20.5,27.0,0.8,27.8,27.8,27.73,0.0,1.0,27.8,,0.0,0
2026-09-14 03:22:17Z,NYG,in,0.964,Q4 2:09,8.0,13285,Malachi Fields,WR,6.2,4.5,0.2,4.7,4.71,4.72,0.475,1.0,4.7,,0.0,0
2026-09-14 03:22:17Z,DAL,in,0.964,Q4 2:09,-8.0,8917,KaVontae Turpin,WR,4.3,1.8,0.22,2.02,1.93,1.95,0.495,1.0,2.02,,0.0,0
2026-09-14 03:22:17Z,NYG,in,0.964,Q4 2:09,8.0,11655,Tyrone Tracy,RB,2.4,-0.6,0.05,-0.55,-0.54,-0.51,0.487,0.569,-0.57,,0.0,0
2026-09-14 03:22:17Z,NYG,in,0.964,Q4 2:09,8.0,11632,Malik Nabers,WR,16.5,12.9,0.54,13.44,13.46,13.49,0.138,1.0,13.44,,0.0,0
2026-09-14 03:22:17Z,NYG,in,0.964,Q4 2:09,8.0,7090,Darnell Mooney,WR,5.6,4.7,0.19,4.89,4.89,4.9,0.368,1.0,4.89,,0.0,0
2026-09-14 03:22:17Z,NYG,in,0.964,Q4 2:09,8.0,2306,Jameis Winston,QB,0.5,0.0,0.01,0.01,0.01,0.02,0.964,0.3,0.0,,0.0,0
2026-09-14 03:22:17Z,DAL,in,0.964,Q4 2:09,-8.0,11593,Brevyn Spann-Ford,TE,0.5,3.4,0.06,3.46,3.44,3.42,0.751,1.0,3.46,,0.0,0
2026-09-14 03:22:17Z,NYG,in,0.964,Q4 2:09,8.0,2078,Odell Beckham,WR,4.3,0.0,0.11,0.11,0.12,0.15,0.964,1.0,0.11,,0.0,0
2026-09-14 03:22:17Z,NYG,in,0.964,Q4 2:09,8.0,12481,Cam Skattebo,RB,14.1,13.0,0.49,13.49,13.5,13.51,0.0,1.0,13.49,,0.0,0
2026-09-14 03:22:17Z,DAL,in,0.964,Q4 2:09,-8.0,11199,Emari Demercado,RB,1.8,0.7,0.06,0.76,0.76,0.76,0.273,0.891,0.75,,0.0,0
2026-09-14 03:22:17Z,NYG,in,0.964,Q4 2:09,8.0,NYG,New York Giants D/ST,DST,5.2,3.0,0.1,3.1,3.17,3.19,0.224,1.0,3.1,,0.0,0
2026-09-14 03:22:17Z,NYG,in,0.964,Q4 2:09,8.0,7528,Najee Harris,RB,4.2,0.0,0.09,0.09,0.11,0.15,0.964,1.0,0.09,,0.0,0
2026-09-14 03:22:17Z,DAL,in,0.964,Q4 2:09,-8.0,8162,Sam Howell,QB,0.6,0.0,0.03,0.03,0.02,0.02,0.964,0.3,0.01,,0.0,0
2026-09-14 03:22:17Z,DAL,in,0.964,Q4 2:09,-8.0,11783,Ryan Flournoy,WR,7.4,4.2,0.38,4.58,4.44,4.47,0.055,1.0,4.58,,0.0,0
2026-09-14 03:22:17Z,DAL,in,0.964,Q4 2:09,-8.0,10871,Luke Schoonmaker,TE,1.7,2.2,0.1,2.3,2.27,2.26,0.577,1.0,2.3,,0.0,0
2026-09-14 03:22:17Z,DAL,in,0.964,Q4 2:09,-8.0,7588,Javonte Williams,RB,16.9,24.2,0.81,25.01,24.88,24.81,0.053,1.0,25.01,,0.0,0
2026-09-14 03:23:17Z,DAL,in,0.967,Q4 1:58,-8.0,11533,Brandon Aubrey,K,9.6,1.0,0.25,1.25,1.25,1.31,0.056,1.0,1.25,,0.0,0
2026-09-14 03:23:17Z,DAL,in,0.967,Q4 1:58,-8.0,6786,CeeDee Lamb,WR,18.3,15.4,0.91,16.31,15.98,16.0,0.073,1.0,16.31,,0.0,0
2026-09-14 03:23:17Z,DAL,in,0.967,Q4 1:58,-8.0,3294,Dak Prescott,QB,18.5,15.4,0.98,16.38,15.99,16.01,0.056,1.0,16.38,,0.0,0
2026-09-14 03:23:17Z,NYG,in,0.967,Q4 1:58,8.0,13833,Dominic Zvada,K,8.2,4.0,0.24,4.24,4.24,4.27,0.091,1.0,4.24,,0.0,0
2026-09-14 03:23:17Z,DAL,in,0.967,Q4 1:58,-8.0,8110,Jake Ferguson,TE,9.3,2.6,0.42,3.02,2.85,2.9,0.229,1.0,3.02,,0.0,0
2026-09-14 03:23:17Z,NYG,in,0.967,Q4 1:58,8.0,8131,Isaiah Likely,TE,10.7,27.8,0.5,28.3,28.29,28.15,0.003,1.0,28.3,,0.0,0
2026-09-14 03:23:17Z,DAL,in,0.967,Q4 1:58,-8.0,DAL,Dallas Cowboys D/ST,DST,6.5,7.0,0.02,7.02,7.22,7.21,0.091,1.0,7.02,,0.0,0
2026-09-14 03:23:17Z,DAL,in,0.967,Q4 1:58,-8.0,8137,George Pickens,WR,15.2,5.8,0.69,6.49,6.23,6.3,0.31,1.0,6.49,,0.0,0
2026-09-14 03:23:17Z,NYG,in,0.967,Q4 1:58,8.0,11597,Theo Johnson,TE,4.3,1.9,0.12,2.02,2.02,2.04,0.432,1.0,2.02,,0.0,0
2026-09-14 03:23:17Z,NYG,in,0.967,Q4 1:58,8.0,12508,Jaxson Dart,QB,20.5,27.1,0.73,27.83,27.83,27.77,0.0,1.0,27.83,,0.0,0
2026-09-14 03:23:17Z,NYG,in,0.967,Q4 1:58,8.0,13285,Malachi Fields,WR,6.2,4.5,0.18,4.68,4.69,4.7,0.478,1.0,4.68,,0.0,0
2026-09-14 03:23:17Z,DAL,in,0.967,Q4 1:58,-8.0,8917,KaVontae Turpin,WR,4.3,1.8,0.2,2.0,1.92,1.94,0.498,1.0,2.0,,0.0,0
2026-09-14 03:23:17Z,NYG,in,0.967,Q4 1:58,8.0,11655,Tyrone Tracy,RB,2.4,-0.6,0.04,-0.56,-0.55,-0.52,0.491,0.564,-0.58,,0.0,0
2026-09-14 03:23:17Z,NYG,in,0.967,Q4 1:58,8.0,11632,Malik Nabers,WR,16.5,12.9,0.49,13.39,13.42,13.44,0.141,1.0,13.39,,0.0,0
2026-09-14 03:23:17Z,NYG,in,0.967,Q4 1:58,8.0,7090,Darnell Mooney,WR,5.6,4.7,0.17,4.87,4.88,4.88,0.371,1.0,4.87,,0.0,0
2026-09-14 03:23:17Z,NYG,in,0.967,Q4 1:58,8.0,2306,Jameis Winston,QB,0.5,0.0,0.01,0.01,0.01,0.02,0.967,0.3,0.0,,0.0,0
2026-09-14 03:23:17Z,DAL,in,0.967,Q4 1:58,-8.0,11593,Brevyn Spann-Ford,TE,0.5,3.4,0.05,3.45,3.44,3.42,0.754,1.0,3.45,,0.0,0
2026-09-14 03:23:17Z,NYG,in,0.967,Q4 1:58,8.0,2078,Odell Beckham,WR,4.3,0.0,0.1,0.1,0.11,0.14,0.967,1.0,0.1,,0.0,0
2026-09-14 03:23:17Z,NYG,in,0.967,Q4 1:58,8.0,12481,Cam Skattebo,RB,14.1,13.3,0.45,13.75,13.76,13.76,0.0,1.0,13.75,,0.0,0
2026-09-14 03:23:17Z,DAL,in,0.967,Q4 1:58,-8.0,11199,Emari Demercado,RB,1.8,0.7,0.06,0.76,0.75,0.76,0.276,0.886,0.75,,0.0,0
2026-09-14 03:23:17Z,NYG,in,0.967,Q4 1:58,8.0,NYG,New York Giants D/ST,DST,5.2,3.0,0.09,3.09,3.15,3.17,0.228,1.0,3.09,,0.0,0
2026-09-14 03:23:17Z,NYG,in,0.967,Q4 1:58,8.0,7528,Najee Harris,RB,4.2,0.0,0.09,0.09,0.1,0.14,0.967,1.0,0.09,,0.0,0
2026-09-14 03:23:17Z,DAL,in,0.967,Q4 1:58,-8.0,8162,Sam Howell,QB,0.6,0.0,0.02,0.02,0.01,0.02,0.967,0.3,0.01,,0.0,0
2026-09-14 03:23:17Z,DAL,in,0.967,Q4 1:58,-8.0,11783,Ryan Flournoy,WR,7.4,4.2,0.35,4.55,4.42,4.44,0.058,1.0,4.55,,0.0,0
2026-09-14 03:23:17Z,DAL,in,0.967,Q4 1:58,-8.0,10871,Luke Schoonmaker,TE,1.7,2.2,0.09,2.29,2.26,2.26,0.58,1.0,2.29,,0.0,0
2026-09-14 03:23:17Z,DAL,in,0.967,Q4 1:58,-8.0,7588,Javonte Williams,RB,16.9,24.2,0.74,24.94,24.82,24.75,0.056,1.0,24.94,,0.0,0
2026-09-14 03:24:18Z,DAL,in,0.967,Q4 1:58,-8.0,11533,Brandon Aubrey,K,9.6,1.0,0.25,1.25,1.25,1.31,0.056,1.0,1.25,,0.0,0
2026-09-14 03:24:18Z,DAL,in,0.967,Q4 1:58,-8.0,6786,CeeDee Lamb,WR,18.3,15.4,0.91,16.31,15.98,16.0,0.073,1.0,16.31,,0.0,0
2026-09-14 03:24:18Z,DAL,in,0.967,Q4 1:58,-8.0,3294,Dak Prescott,QB,18.5,15.4,0.98,16.38,15.99,16.01,0.056,1.0,16.38,,0.0,0
2026-09-14 03:24:18Z,NYG,in,0.967,Q4 1:58,8.0,13833,Dominic Zvada,K,8.2,4.0,0.24,4.24,4.24,4.27,0.091,1.0,4.24,,0.0,0
2026-09-14 03:24:18Z,DAL,in,0.967,Q4 1:58,-8.0,8110,Jake Ferguson,TE,9.3,2.6,0.42,3.02,2.85,2.9,0.229,1.0,3.02,,0.0,0
2026-09-14 03:24:18Z,NYG,in,0.967,Q4 1:58,8.0,8131,Isaiah Likely,TE,10.7,27.8,0.5,28.3,28.29,28.15,0.003,1.0,28.3,,0.0,0
2026-09-14 03:24:18Z,DAL,in,0.967,Q4 1:58,-8.0,DAL,Dallas Cowboys D/ST,DST,6.5,7.0,0.02,7.02,7.22,7.21,0.091,1.0,7.02,,0.0,0
2026-09-14 03:24:18Z,DAL,in,0.967,Q4 1:58,-8.0,8137,George Pickens,WR,15.2,5.8,0.69,6.49,6.23,6.3,0.31,1.0,6.49,,0.0,0
2026-09-14 03:24:18Z,NYG,in,0.967,Q4 1:58,8.0,11597,Theo Johnson,TE,4.3,1.9,0.12,2.02,2.02,2.04,0.432,1.0,2.02,,0.0,0
2026-09-14 03:24:18Z,NYG,in,0.967,Q4 1:58,8.0,12508,Jaxson Dart,QB,20.5,27.1,0.73,27.83,27.83,27.77,0.0,1.0,27.83,,0.0,0
2026-09-14 03:24:18Z,NYG,in,0.967,Q4 1:58,8.0,13285,Malachi Fields,WR,6.2,4.5,0.18,4.68,4.69,4.7,0.478,1.0,4.68,,0.0,0
2026-09-14 03:24:18Z,DAL,in,0.967,Q4 1:58,-8.0,8917,KaVontae Turpin,WR,4.3,1.8,0.2,2.0,1.92,1.94,0.498,1.0,2.0,,0.0,0
2026-09-14 03:24:18Z,NYG,in,0.967,Q4 1:58,8.0,11655,Tyrone Tracy,RB,2.4,-0.6,0.04,-0.56,-0.55,-0.52,0.491,0.564,-0.58,,0.0,0
2026-09-14 03:24:18Z,NYG,in,0.967,Q4 1:58,8.0,11632,Malik Nabers,WR,16.5,12.9,0.49,13.39,13.42,13.44,0.141,1.0,13.39,,0.0,0
2026-09-14 03:24:18Z,NYG,in,0.967,Q4 1:58,8.0,7090,Darnell Mooney,WR,5.6,4.7,0.17,4.87,4.88,4.88,0.371,1.0,4.87,,0.0,0
2026-09-14 03:24:18Z,NYG,in,0.967,Q4 1:58,8.0,2306,Jameis Winston,QB,0.5,0.0,0.01,0.01,0.01,0.02,0.967,0.3,0.0,,0.0,0
2026-09-14 03:24:18Z,DAL,in,0.967,Q4 1:58,-8.0,11593,Brevyn Spann-Ford,TE,0.5,3.4,0.05,3.45,3.44,3.42,0.754,1.0,3.45,,0.0,0
2026-09-14 03:24:18Z,NYG,in,0.967,Q4 1:58,8.0,2078,Odell Beckham,WR,4.3,0.0,0.1,0.1,0.11,0.14,0.967,1.0,0.1,,0.0,0
2026-09-14 03:24:18Z,NYG,in,0.967,Q4 1:58,8.0,12481,Cam Skattebo,RB,14.1,13.3,0.45,13.75,13.76,13.76,0.0,1.0,13.75,,0.0,0
2026-09-14 03:24:18Z,DAL,in,0.967,Q4 1:58,-8.0,11199,Emari Demercado,RB,1.8,0.7,0.06,0.76,0.75,0.76,0.276,0.886,0.75,,0.0,0
2026-09-14 03:24:18Z,NYG,in,0.967,Q4 1:58,8.0,NYG,New York Giants D/ST,DST,5.2,3.0,0.09,3.09,3.15,3.17,0.228,1.0,3.09,,0.0,0
2026-09-14 03:24:18Z,NYG,in,0.967,Q4 1:58,8.0,7528,Najee Harris,RB,4.2,0.0,0.09,0.09,0.1,0.14,0.967,1.0,0.09,,0.0,0
2026-09-14 03:24:18Z,DAL,in,0.967,Q4 1:58,-8.0,8162,Sam Howell,QB,0.6,0.0,0.02,0.02,0.01,0.02,0.967,0.3,0.01,,0.0,0
2026-09-14 03:24:18Z,DAL,in,0.967,Q4 1:58,-8.0,11783,Ryan Flournoy,WR,7.4,4.2,0.35,4.55,4.42,4.44,0.058,1.0,4.55,,0.0,0
2026-09-14 03:24:18Z,DAL,in,0.967,Q4 1:58,-8.0,10871,Luke Schoonmaker,TE,1.7,2.2,0.09,2.29,2.26,2.26,0.58,1.0,2.29,,0.0,0
2026-09-14 03:24:18Z,DAL,in,0.967,Q4 1:58,-8.0,7588,Javonte Williams,RB,16.9,24.2,0.74,24.94,24.82,24.75,0.056,1.0,24.94,,0.0,0
2026-09-14 03:25:18Z,DAL,in,0.967,Q4 1:58,-8.0,11533,Brandon Aubrey,K,9.6,1.0,0.25,1.25,1.25,1.31,0.056,1.0,1.25,,0.0,0
2026-09-14 03:25:18Z,DAL,in,0.967,Q4 1:58,-8.0,6786,CeeDee Lamb,WR,18.3,15.4,0.91,16.31,15.98,16.0,0.073,1.0,16.31,,0.0,0
2026-09-14 03:25:18Z,DAL,in,0.967,Q4 1:58,-8.0,3294,Dak Prescott,QB,18.5,15.4,0.98,16.38,15.99,16.01,0.056,1.0,16.38,,0.0,0
2026-09-14 03:25:18Z,NYG,in,0.967,Q4 1:58,8.0,13833,Dominic Zvada,K,8.2,4.0,0.24,4.24,4.24,4.27,0.091,1.0,4.24,,0.0,0
2026-09-14 03:25:18Z,DAL,in,0.967,Q4 1:58,-8.0,8110,Jake Ferguson,TE,9.3,2.6,0.42,3.02,2.85,2.9,0.229,1.0,3.02,,0.0,0
2026-09-14 03:25:18Z,NYG,in,0.967,Q4 1:58,8.0,8131,Isaiah Likely,TE,10.7,27.8,0.5,28.3,28.29,28.15,0.003,1.0,28.3,,0.0,0
2026-09-14 03:25:18Z,DAL,in,0.967,Q4 1:58,-8.0,DAL,Dallas Cowboys D/ST,DST,6.5,7.0,0.02,7.02,7.22,7.21,0.091,1.0,7.02,,0.0,0
2026-09-14 03:25:18Z,DAL,in,0.967,Q4 1:58,-8.0,8137,George Pickens,WR,15.2,5.8,0.69,6.49,6.23,6.3,0.31,1.0,6.49,,0.0,0
2026-09-14 03:25:18Z,NYG,in,0.967,Q4 1:58,8.0,11597,Theo Johnson,TE,4.3,1.9,0.12,2.02,2.02,2.04,0.432,1.0,2.02,,0.0,0
2026-09-14 03:25:18Z,NYG,in,0.967,Q4 1:58,8.0,12508,Jaxson Dart,QB,20.5,27.1,0.73,27.83,27.83,27.77,0.0,1.0,27.83,,0.0,0
2026-09-14 03:25:18Z,NYG,in,0.967,Q4 1:58,8.0,13285,Malachi Fields,WR,6.2,4.5,0.18,4.68,4.69,4.7,0.478,1.0,4.68,,0.0,0
2026-09-14 03:25:18Z,DAL,in,0.967,Q4 1:58,-8.0,8917,KaVontae Turpin,WR,4.3,1.8,0.2,2.0,1.92,1.94,0.498,1.0,2.0,,0.0,0
2026-09-14 03:25:18Z,NYG,in,0.967,Q4 1:58,8.0,11655,Tyrone Tracy,RB,2.4,-0.6,0.04,-0.56,-0.55,-0.52,0.491,0.564,-0.58,,0.0,0
2026-09-14 03:25:18Z,NYG,in,0.967,Q4 1:58,8.0,11632,Malik Nabers,WR,16.5,12.9,0.49,13.39,13.42,13.44,0.141,1.0,13.39,,0.0,0
2026-09-14 03:25:18Z,NYG,in,0.967,Q4 1:58,8.0,7090,Darnell Mooney,WR,5.6,4.7,0.17,4.87,4.88,4.88,0.371,1.0,4.87,,0.0,0
2026-09-14 03:25:18Z,NYG,in,0.967,Q4 1:58,8.0,2306,Jameis Winston,QB,0.5,0.0,0.01,0.01,0.01,0.02,0.967,0.3,0.0,,0.0,0
2026-09-14 03:25:18Z,DAL,in,0.967,Q4 1:58,-8.0,11593,Brevyn Spann-Ford,TE,0.5,3.4,0.05,3.45,3.44,3.42,0.754,1.0,3.45,,0.0,0
2026-09-14 03:25:18Z,NYG,in,0.967,Q4 1:58,8.0,2078,Odell Beckham,WR,4.3,0.0,0.1,0.1,0.11,0.14,0.967,1.0,0.1,,0.0,0
2026-09-14 03:25:18Z,NYG,in,0.967,Q4 1:58,8.0,12481,Cam Skattebo,RB,14.1,13.3,0.45,13.75,13.76,13.76,0.0,1.0,13.75,,0.0,0
2026-09-14 03:25:18Z,DAL,in,0.967,Q4 1:58,-8.0,11199,Emari Demercado,RB,1.8,0.7,0.06,0.76,0.75,0.76,0.276,0.886,0.75,,0.0,0
2026-09-14 03:25:18Z,NYG,in,0.967,Q4 1:58,8.0,NYG,New York Giants D/ST,DST,5.2,3.0,0.09,3.09,3.15,3.17,0.228,1.0,3.09,,0.0,0
2026-09-14 03:25:18Z,NYG,in,0.967,Q4 1:58,8.0,7528,Najee Harris,RB,4.2,0.0,0.09,0.09,0.1,0.14,0.967,1.0,0.09,,0.0,0
2026-09-14 03:25:18Z,DAL,in,0.967,Q4 1:58,-8.0,8162,Sam Howell,QB,0.6,0.0,0.02,0.02,0.01,0.02,0.967,0.3,0.01,,0.0,0
2026-09-14 03:25:18Z,DAL,in,0.967,Q4 1:58,-8.0,11783,Ryan Flournoy,WR,7.4,4.2,0.35,4.55,4.42,4.44,0.058,1.0,4.55,,0.0,0
2026-09-14 03:25:18Z,DAL,in,0.967,Q4 1:58,-8.0,10871,Luke Schoonmaker,TE,1.7,2.2,0.09,2.29,2.26,2.26,0.58,1.0,2.29,,0.0,0
2026-09-14 03:25:18Z,DAL,in,0.967,Q4 1:58,-8.0,7588,Javonte Williams,RB,16.9,24.2,0.74,24.94,24.82,24.75,0.056,1.0,24.94,,0.0,0
2026-09-14 03:26:19Z,DAL,in,0.969,Q4 1:52,-8.0,11533,Brandon Aubrey,K,9.6,1.0,0.23,1.23,1.23,1.3,0.058,1.0,1.23,,0.0,0
2026-09-14 03:26:19Z,DAL,in,0.969,Q4 1:52,-8.0,6786,CeeDee Lamb,WR,18.3,15.4,0.86,16.26,15.95,15.97,0.074,1.0,16.26,,0.0,0
2026-09-14 03:26:19Z,DAL,in,0.969,Q4 1:52,-8.0,3294,Dak Prescott,QB,18.5,15.4,0.93,16.33,15.96,15.98,0.058,1.0,16.33,,0.0,0
2026-09-14 03:26:19Z,NYG,in,0.969,Q4 1:52,8.0,13833,Dominic Zvada,K,8.2,4.0,0.22,4.22,4.22,4.26,0.093,1.0,4.22,,0.0,0
2026-09-14 03:26:19Z,DAL,in,0.969,Q4 1:52,-8.0,8110,Jake Ferguson,TE,9.3,2.6,0.39,2.99,2.84,2.89,0.23,1.0,2.99,,0.0,0
2026-09-14 03:26:19Z,NYG,in,0.969,Q4 1:52,8.0,8131,Isaiah Likely,TE,10.7,27.8,0.47,28.27,28.27,28.13,0.005,1.0,28.27,,0.0,0
2026-09-14 03:26:19Z,DAL,in,0.969,Q4 1:52,-8.0,DAL,Dallas Cowboys D/ST,DST,6.5,7.0,0.02,7.02,7.21,7.2,0.093,1.0,7.02,,0.0,0
2026-09-14 03:26:19Z,DAL,in,0.969,Q4 1:52,-8.0,8137,George Pickens,WR,15.2,5.8,0.66,6.46,6.2,6.27,0.312,1.0,6.46,,0.0,0
2026-09-14 03:26:19Z,NYG,in,0.969,Q4 1:52,8.0,11597,Theo Johnson,TE,4.3,1.9,0.11,2.01,2.02,2.03,0.434,1.0,2.01,,0.0,0
2026-09-14 03:26:19Z,NYG,in,0.969,Q4 1:52,8.0,12508,Jaxson Dart,QB,20.5,27.1,0.69,27.79,27.79,27.74,0.002,1.0,27.79,,0.0,0
2026-09-14 03:26:19Z,NYG,in,0.969,Q4 1:52,8.0,13285,Malachi Fields,WR,6.2,4.5,0.17,4.67,4.68,4.69,0.48,1.0,4.67,,0.0,0
2026-09-14 03:26:19Z,DAL,in,0.969,Q4 1:52,-8.0,8917,KaVontae Turpin,WR,4.3,1.8,0.19,1.99,1.92,1.93,0.499,1.0,1.99,,0.0,0
2026-09-14 03:26:19Z,NYG,in,0.969,Q4 1:52,8.0,11655,Tyrone Tracy,RB,2.4,-0.6,0.04,-0.56,-0.55,-0.53,0.492,0.562,-0.58,,0.0,0
2026-09-14 03:26:19Z,NYG,in,0.969,Q4 1:52,8.0,11632,Malik Nabers,WR,16.5,12.9,0.47,13.37,13.39,13.41,0.143,1.0,13.37,,0.0,0
2026-09-14 03:26:19Z,NYG,in,0.969,Q4 1:52,8.0,7090,Darnell Mooney,WR,5.6,4.7,0.16,4.86,4.87,4.87,0.373,1.0,4.86,,0.0,0
2026-09-14 03:26:19Z,NYG,in,0.969,Q4 1:52,8.0,2306,Jameis Winston,QB,0.5,0.0,0.01,0.01,0.01,0.02,0.969,0.3,0.0,,0.0,0
2026-09-14 03:26:19Z,DAL,in,0.969,Q4 1:52,-8.0,11593,Brevyn Spann-Ford,TE,0.5,3.4,0.05,3.45,3.44,3.42,0.755,1.0,3.45,,0.0,0
2026-09-14 03:26:19Z,NYG,in,0.969,Q4 1:52,8.0,2078,Odell Beckham,WR,4.3,0.0,0.09,0.09,0.1,0.13,0.969,1.0,0.09,,0.0,0
2026-09-14 03:26:19Z,NYG,in,0.969,Q4 1:52,8.0,12481,Cam Skattebo,RB,14.1,14.1,0.44,14.54,14.54,14.54,0.0,1.0,14.54,,0.0,0
2026-09-14 03:26:19Z,DAL,in,0.969,Q4 1:52,-8.0,11199,Emari Demercado,RB,1.8,0.7,0.05,0.75,0.75,0.76,0.277,0.884,0.75,,0.0,0
2026-09-14 03:26:19Z,NYG,in,0.969,Q4 1:52,8.0,NYG,New York Giants D/ST,DST,5.2,3.0,0.09,3.09,3.15,3.16,0.229,1.0,3.09,,0.0,0
2026-09-14 03:26:19Z,NYG,in,0.969,Q4 1:52,8.0,7528,Najee Harris,RB,4.2,0.0,0.08,0.08,0.1,0.13,0.969,1.0,0.08,,0.0,0
2026-09-14 03:26:19Z,DAL,in,0.969,Q4 1:52,-8.0,8162,Sam Howell,QB,0.6,0.0,0.02,0.02,0.01,0.02,0.969,0.3,0.01,,0.0,0
2026-09-14 03:26:19Z,DAL,in,0.969,Q4 1:52,-8.0,11783,Ryan Flournoy,WR,7.4,4.2,0.33,4.53,4.41,4.43,0.059,1.0,4.53,,0.0,0
2026-09-14 03:26:19Z,DAL,in,0.969,Q4 1:52,-8.0,10871,Luke Schoonmaker,TE,1.7,2.2,0.09,2.29,2.26,2.25,0.581,1.0,2.29,,0.0,0
2026-09-14 03:26:19Z,DAL,in,0.969,Q4 1:52,-8.0,7588,Javonte Williams,RB,16.9,24.2,0.7,24.9,24.79,24.73,0.058,1.0,24.9,,0.0,0
2026-09-14 03:27:19Z,DAL,in,0.981,Q4 1:10,-8.0,11533,Brandon Aubrey,K,9.6,1.0,0.15,1.15,1.15,1.19,0.07,1.0,1.15,,0.0,0
2026-09-14 03:27:19Z,DAL,in,0.981,Q4 1:10,-8.0,6786,CeeDee Lamb,WR,18.3,15.4,0.54,15.94,15.74,15.76,0.086,1.0,15.94,,0.0,0
2026-09-14 03:27:19Z,DAL,in,0.981,Q4 1:10,-8.0,3294,Dak Prescott,QB,18.5,15.4,0.58,15.98,15.75,15.76,0.07,1.0,15.98,,0.0,0
2026-09-14 03:27:19Z,NYG,in,0.981,Q4 1:10,8.0,13833,Dominic Zvada,K,8.2,4.0,0.14,4.14,4.14,4.16,0.104,1.0,4.14,,0.0,0
2026-09-14 03:27:19Z,DAL,in,0.981,Q4 1:10,-8.0,8110,Jake Ferguson,TE,9.3,2.6,0.25,2.85,2.75,2.78,0.242,1.0,2.85,,0.0,0
2026-09-14 03:27:19Z,NYG,in,0.981,Q4 1:10,8.0,8131,Isaiah Likely,TE,10.7,27.8,0.29,28.09,28.09,28.01,0.017,1.0,28.09,,0.0,0
2026-09-14 03:27:19Z,DAL,in,0.981,Q4 1:10,-8.0,DAL,Dallas Cowboys D/ST,DST,6.5,7.0,0.01,7.01,7.13,7.13,0.104,1.0,7.01,,0.0,0
2026-09-14 03:27:19Z,DAL,in,0.981,Q4 1:10,-8.0,8137,George Pickens,WR,15.2,5.8,0.41,6.21,6.05,6.1,0.323,1.0,6.21,,0.0,0
2026-09-14 03:27:19Z,NYG,in,0.981,Q4 1:10,8.0,11597,Theo Johnson,TE,4.3,1.9,0.07,1.97,1.97,1.98,0.445,1.0,1.97,,0.0,0
2026-09-14 03:27:19Z,NYG,in,0.981,Q4 1:10,8.0,12508,Jaxson Dart,QB,20.5,26.9,0.43,27.33,27.33,27.3,0.0,1.0,27.33,,0.0,0
2026-09-14 03:27:19Z,NYG,in,0.981,Q4 1:10,8.0,13285,Malachi Fields,WR,6.2,4.5,0.11,4.61,4.61,4.62,0.492,1.0,4.61,,0.0,0
2026-09-14 03:27:19Z,DAL,in,0.981,Q4 1:10,-8.0,8917,KaVontae Turpin,WR,4.3,1.8,0.12,1.92,1.87,1.88,0.511,1.0,1.92,,0.0,0
2026-09-14 03:27:19Z,NYG,in,0.981,Q4 1:10,8.0,11655,Tyrone Tracy,RB,2.4,-0.6,0.02,-0.58,-0.57,-0.55,0.504,0.544,-0.59,,0.0,0
2026-09-14 03:27:19Z,NYG,in,0.981,Q4 1:10,8.0,11632,Malik Nabers,WR,16.5,12.9,0.29,13.19,13.2,13.22,0.155,1.0,13.19,,0.0,0
2026-09-14 03:27:19Z,NYG,in,0.981,Q4 1:10,8.0,7090,Darnell Mooney,WR,5.6,4.7,0.1,4.8,4.81,4.81,0.384,1.0,4.8,,0.0,0
2026-09-14 03:27:19Z,NYG,in,0.981,Q4 1:10,8.0,2306,Jameis Winston,QB,0.5,0.0,0.01,0.01,0.01,0.01,0.981,0.3,0.0,,0.0,0
2026-09-14 03:27:19Z,DAL,in,0.981,Q4 1:10,-8.0,11593,Brevyn Spann-Ford,TE,0.5,3.4,0.03,3.43,3.42,3.41,0.767,1.0,3.43,,0.0,0
2026-09-14 03:27:19Z,NYG,in,0.981,Q4 1:10,8.0,2078,Odell Beckham,WR,4.3,0.0,0.06,0.06,0.06,0.08,0.981,1.0,0.06,,0.0,0
2026-09-14 03:27:19Z,NYG,in,0.981,Q4 1:10,8.0,12481,Cam Skattebo,RB,14.1,14.1,0.27,14.37,14.38,14.37,0.012,1.0,14.37,,0.0,0
2026-09-14 03:27:19Z,DAL,in,0.981,Q4 1:10,-8.0,11199,Emari Demercado,RB,1.8,0.7,0.03,0.73,0.73,0.73,0.289,0.866,0.73,,0.0,0
2026-09-14 03:27:19Z,NYG,in,0.981,Q4 1:10,8.0,NYG,New York Giants D/ST,DST,5.2,3.0,0.05,3.05,3.09,3.1,0.241,1.0,3.05,,0.0,0
2026-09-14 03:27:19Z,NYG,in,0.981,Q4 1:10,8.0,7528,Najee Harris,RB,4.2,0.0,0.05,0.05,0.06,0.08,0.981,1.0,0.05,,0.0,0
2026-09-14 03:27:19Z,DAL,in,0.981,Q4 1:10,-8.0,8162,Sam Howell,QB,0.6,0.0,0.01,0.01,0.01,0.01,0.981,0.3,0.0,,0.0,0
2026-09-14 03:27:19Z,DAL,in,0.981,Q4 1:10,-8.0,11783,Ryan Flournoy,WR,7.4,4.2,0.21,4.41,4.33,4.34,0.071,1.0,4.41,,0.0,0
2026-09-14 03:27:19Z,DAL,in,0.981,Q4 1:10,-8.0,10871,Luke Schoonmaker,TE,1.7,2.2,0.05,2.25,2.24,2.23,0.593,1.0,2.25,,0.0,0
2026-09-14 03:27:19Z,DAL,in,0.981,Q4 1:10,-8.0,7588,Javonte Williams,RB,16.9,24.2,0.44,24.64,24.57,24.53,0.07,1.0,24.64,,0.0,0
2026-09-14 03:28:20Z,DAL,in,0.99,Q4 0:34,-8.0,11533,Brandon Aubrey,K,9.6,1.0,0.07,1.07,1.07,1.1,0.079,1.0,1.07,,0.0,0
2026-09-14 03:28:20Z,DAL,in,0.99,Q4 0:34,-8.0,6786,CeeDee Lamb,WR,18.3,15.4,0.28,15.68,15.58,15.58,0.095,1.0,15.68,,0.0,0
2026-09-14 03:28:20Z,DAL,in,0.99,Q4 0:34,-8.0,3294,Dak Prescott,QB,18.5,15.4,0.3,15.7,15.58,15.59,0.079,1.0,15.7,,0.0,0
2026-09-14 03:28:20Z,NYG,in,0.99,Q4 0:34,8.0,13833,Dominic Zvada,K,8.2,4.0,0.07,4.07,4.07,4.08,0.114,1.0,4.07,,0.0,0
2026-09-14 03:28:20Z,DAL,in,0.99,Q4 0:34,-8.0,8110,Jake Ferguson,TE,9.3,2.6,0.13,2.73,2.68,2.69,0.251,1.0,2.73,,0.0,0
2026-09-14 03:28:20Z,NYG,in,0.99,Q4 0:34,8.0,8131,Isaiah Likely,TE,10.7,27.8,0.15,27.95,27.95,27.91,0.026,1.0,27.95,,0.0,0
2026-09-14 03:28:20Z,DAL,in,0.99,Q4 0:34,-8.0,DAL,Dallas Cowboys D/ST,DST,6.5,7.0,0.01,7.01,7.07,7.07,0.114,1.0,7.01,,0.0,0
2026-09-14 03:28:20Z,DAL,in,0.99,Q4 0:34,-8.0,8137,George Pickens,WR,15.2,5.8,0.21,6.01,5.93,5.95,0.333,1.0,6.01,,0.0,0
2026-09-14 03:28:20Z,NYG,in,0.99,Q4 0:34,8.0,11597,Theo Johnson,TE,4.3,1.9,0.04,1.94,1.94,1.94,0.455,1.0,1.94,,0.0,0
2026-09-14 03:28:20Z,NYG,in,0.99,Q4 0:34,8.0,12508,Jaxson Dart,QB,20.5,26.8,0.22,27.02,27.02,27.01,0.0,1.0,27.02,,0.0,0
2026-09-14 03:28:20Z,NYG,in,0.99,Q4 0:34,8.0,13285,Malachi Fields,WR,6.2,4.5,0.06,4.56,4.56,4.56,0.501,1.0,4.56,,0.0,0
2026-09-14 03:28:20Z,DAL,in,0.99,Q4 0:34,-8.0,8917,KaVontae Turpin,WR,4.3,1.8,0.06,1.86,1.84,1.84,0.521,1.0,1.86,,0.0,0
2026-09-14 03:28:20Z,NYG,in,0.99,Q4 0:34,8.0,11655,Tyrone Tracy,RB,2.4,-0.6,0.01,-0.59,-0.58,-0.58,0.513,0.53,-0.59,,0.0,0
2026-09-14 03:28:20Z,NYG,in,0.99,Q4 0:34,8.0,11632,Malik Nabers,WR,16.5,12.9,0.15,13.05,13.06,13.07,0.164,1.0,13.05,,0.0,0
2026-09-14 03:28:20Z,NYG,in,0.99,Q4 0:34,8.0,7090,Darnell Mooney,WR,5.6,4.7,0.05,4.75,4.75,4.76,0.394,1.0,4.75,,0.0,0
2026-09-14 03:28:20Z,NYG,in,0.99,Q4 0:34,8.0,2306,Jameis Winston,QB,0.5,0.0,0.0,0.0,0.0,0.01,0.99,0.3,0.0,,0.0,0
2026-09-14 03:28:20Z,DAL,in,0.99,Q4 0:34,-8.0,11593,Brevyn Spann-Ford,TE,0.5,3.4,0.02,3.42,3.41,3.4,0.776,1.0,3.42,,0.0,0
2026-09-14 03:28:20Z,NYG,in,0.99,Q4 0:34,8.0,2078,Odell Beckham,WR,4.3,0.0,0.03,0.03,0.03,0.04,0.99,1.0,0.03,,0.0,0
2026-09-14 03:28:20Z,NYG,in,0.99,Q4 0:34,8.0,12481,Cam Skattebo,RB,14.1,14.1,0.14,14.24,14.24,14.24,0.021,1.0,14.24,,0.0,0
2026-09-14 03:28:20Z,DAL,in,0.99,Q4 0:34,-8.0,11199,Emari Demercado,RB,1.8,0.7,0.02,0.72,0.72,0.72,0.299,0.852,0.71,,0.0,0
2026-09-14 03:28:20Z,NYG,in,0.99,Q4 0:34,8.0,NYG,New York Giants D/ST,DST,5.2,3.0,0.03,3.03,3.05,3.05,0.25,1.0,3.03,,0.0,0
2026-09-14 03:28:20Z,NYG,in,0.99,Q4 0:34,8.0,7528,Najee Harris,RB,4.2,0.0,0.03,0.03,0.03,0.04,0.99,1.0,0.03,,0.0,0
2026-09-14 03:28:20Z,DAL,in,0.99,Q4 0:34,-8.0,8162,Sam Howell,QB,0.6,0.0,0.01,0.01,0.0,0.01,0.99,0.3,0.0,,0.0,0
2026-09-14 03:28:20Z,DAL,in,0.99,Q4 0:34,-8.0,11783,Ryan Flournoy,WR,7.4,4.2,0.11,4.31,4.27,4.27,0.081,1.0,4.31,,0.0,0
2026-09-14 03:28:20Z,DAL,in,0.99,Q4 0:34,-8.0,10871,Luke Schoonmaker,TE,1.7,2.2,0.03,2.23,2.22,2.22,0.603,1.0,2.23,,0.0,0
2026-09-14 03:28:20Z,DAL,in,0.99,Q4 0:34,-8.0,7588,Javonte Williams,RB,16.9,24.2,0.22,24.42,24.39,24.37,0.079,1.0,24.42,,0.0,0
2026-09-14 03:29:20Z,DAL,post,1.0,FINAL,-8.0,11533,Brandon Aubrey,K,9.6,1.0,0.0,1.0,1.0,1.0,0.0,1.0,1.0,,0.0,0
2026-09-14 03:29:20Z,DAL,post,1.0,FINAL,-8.0,6786,CeeDee Lamb,WR,18.3,15.4,0.0,15.4,15.4,15.4,0.0,1.0,15.4,,0.0,0
2026-09-14 03:29:20Z,DAL,post,1.0,FINAL,-8.0,3294,Dak Prescott,QB,18.5,15.4,0.0,15.4,15.4,15.4,0.0,1.0,15.4,,0.0,0
2026-09-14 03:29:20Z,NYG,post,1.0,FINAL,8.0,13833,Dominic Zvada,K,8.2,4.0,0.0,4.0,4.0,4.0,0.0,1.0,4.0,,0.0,0
2026-09-14 03:29:20Z,DAL,post,1.0,FINAL,-8.0,8110,Jake Ferguson,TE,9.3,2.6,0.0,2.6,2.6,2.6,0.0,1.0,2.6,,0.0,0
2026-09-14 03:29:20Z,NYG,post,1.0,FINAL,8.0,8131,Isaiah Likely,TE,10.7,27.8,0.0,27.8,27.8,27.8,0.0,1.0,27.8,,0.0,0
2026-09-14 03:29:20Z,DAL,post,1.0,FINAL,-8.0,DAL,Dallas Cowboys D/ST,DST,6.5,7.0,0.0,7.0,7.0,7.0,0.0,1.0,7.0,,0.0,0
2026-09-14 03:29:20Z,DAL,post,1.0,FINAL,-8.0,8137,George Pickens,WR,15.2,5.8,0.0,5.8,5.8,5.8,0.0,1.0,5.8,,0.0,0
2026-09-14 03:29:20Z,NYG,post,1.0,FINAL,8.0,11597,Theo Johnson,TE,4.3,1.9,0.0,1.9,1.9,1.9,0.0,1.0,1.9,,0.0,0
2026-09-14 03:29:20Z,NYG,post,1.0,FINAL,8.0,12508,Jaxson Dart,QB,20.5,26.7,0.0,26.7,26.7,26.7,0.0,1.0,26.7,,0.0,0
2026-09-14 03:29:20Z,NYG,post,1.0,FINAL,8.0,13285,Malachi Fields,WR,6.2,4.5,0.0,4.5,4.5,4.5,0.0,1.0,4.5,,0.0,0
2026-09-14 03:29:20Z,DAL,post,1.0,FINAL,-8.0,8917,KaVontae Turpin,WR,4.3,1.8,0.0,1.8,1.8,1.8,0.0,1.0,1.8,,0.0,0
2026-09-14 03:29:20Z,NYG,post,1.0,FINAL,8.0,11655,Tyrone Tracy,RB,2.4,-0.6,0.0,-0.6,-0.6,-0.6,0.0,1.0,-0.6,,0.0,0
2026-09-14 03:29:20Z,NYG,post,1.0,FINAL,8.0,11632,Malik Nabers,WR,16.5,12.9,0.0,12.9,12.9,12.9,0.0,1.0,12.9,,0.0,0
2026-09-14 03:29:20Z,NYG,post,1.0,FINAL,8.0,7090,Darnell Mooney,WR,5.6,4.7,0.0,4.7,4.7,4.7,0.0,1.0,4.7,,0.0,0
2026-09-14 03:29:20Z,NYG,post,1.0,FINAL,8.0,2306,Jameis Winston,QB,0.5,0.0,0.0,0.0,0.0,0.0,0.0,1.0,0.0,,0.0,0
2026-09-14 03:29:20Z,DAL,post,1.0,FINAL,-8.0,11593,Brevyn Spann-Ford,TE,0.5,3.4,0.0,3.4,3.4,3.4,0.0,1.0,3.4,,0.0,0
2026-09-14 03:29:20Z,NYG,post,1.0,FINAL,8.0,2078,Odell Beckham,WR,4.3,0.0,0.0,0.0,0.0,0.0,0.0,1.0,0.0,,0.0,0
2026-09-14 03:29:20Z,NYG,post,1.0,FINAL,8.0,12481,Cam Skattebo,RB,14.1,14.1,0.0,14.1,14.1,14.1,0.0,1.0,14.1,,0.0,0
2026-09-14 03:29:20Z,DAL,post,1.0,FINAL,-8.0,11199,Emari Demercado,RB,1.8,0.7,0.0,0.7,0.7,0.7,0.0,1.0,0.7,,0.0,0
2026-09-14 03:29:20Z,NYG,post,1.0,FINAL,8.0,NYG,New York Giants D/ST,DST,5.2,3.0,0.0,3.0,3.0,3.0,0.0,1.0,3.0,,0.0,0
2026-09-14 03:29:20Z,NYG,post,1.0,FINAL,8.0,7528,Najee Harris,RB,4.2,0.0,0.0,0.0,0.0,0.0,0.0,1.0,0.0,,0.0,0
2026-09-14 03:29:20Z,DAL,post,1.0,FINAL,-8.0,8162,Sam Howell,QB,0.6,0.0,0.0,0.0,0.0,0.0,0.0,1.0,0.0,,0.0,0
2026-09-14 03:29:20Z,DAL,post,1.0,FINAL,-8.0,11783,Ryan Flournoy,WR,7.4,4.2,0.0,4.2,4.2,4.2,0.0,1.0,4.2,,0.0,0
2026-09-14 03:29:20Z,DAL,post,1.0,FINAL,-8.0,10871,Luke Schoonmaker,TE,1.7,2.2,0.0,2.2,2.2,2.2,0.0,1.0,2.2,,0.0,0
2026-09-14 03:29:20Z,DAL,post,1.0,FINAL,-8.0,7588,Javonte Williams,RB,16.9,24.2,0.0,24.2,24.2,24.2,0.0,1.0,24.2,,0.0,0
