ts,team,st,f,tag,margin,sid,name,pos,proj,actual,rem_fit,live_fit,live_v1,live_naive,stale,xmult,live_fitx,role,f_in,frozen
2026-10-04 22:32:38Z,CAR,pre,0.0,PRE,0,11157,Brycen Tremayne,WR,5.6,0.0,5.6,5.6,5.6,5.6,0.0,1.0,5.6,,0.0,0
2026-10-04 22:32:38Z,CAR,pre,0.0,PRE,0,12961,Ryan Fitzgerald,K,7.3,0.0,7.3,7.3,7.3,7.3,0.0,1.0,7.3,,0.0,0
2026-10-04 22:32:38Z,DET,pre,0.0,PRE,0,12535,Isaac TeSlaa,WR,5.3,0.0,5.3,5.3,5.3,5.3,0.0,1.0,5.3,,0.0,0
2026-10-04 22:32:38Z,DET,pre,0.0,PRE,0,10859,Sam LaPorta,TE,13.0,0.0,13.0,13.0,13.0,13.0,0.0,1.0,13.0,,0.0,0
2026-10-04 22:32:38Z,DET,pre,0.0,PRE,0,11237,Jacob Saylors,RB,1.7,0.0,1.7,1.7,1.7,1.7,0.0,1.0,1.7,,0.0,0
2026-10-04 22:32:38Z,CAR,pre,0.0,PRE,0,9228,Bryce Young,QB,19.4,0.0,19.4,19.4,19.4,19.4,0.0,1.0,19.4,,0.0,0
2026-10-04 22:32:38Z,CAR,pre,0.0,PRE,0,7694,Tommy Tremble,TE,3.8,0.0,3.8,3.8,3.8,3.8,0.0,1.0,3.8,,0.0,0
2026-10-04 22:32:38Z,CAR,pre,0.0,PRE,0,8160,Kenny Pickett,QB,0.6,0.0,0.6,0.6,0.6,0.6,0.0,1.0,0.6,,0.0,0
2026-10-04 22:32:38Z,CAR,pre,0.0,PRE,0,CAR,Carolina Panthers D/ST,DST,4.2,0.0,4.2,4.2,4.2,4.2,0.0,1.0,4.2,,0.0,0
2026-10-04 22:32:38Z,DET,pre,0.0,PRE,0,8250,Tay Martin,WR,0.8,0.0,0.8,0.8,0.8,0.8,0.0,1.0,0.8,,0.0,0
2026-10-04 22:32:38Z,DET,pre,0.0,PRE,0,4179,Joshua Dobbs,QB,0.6,0.0,0.6,0.6,0.6,0.6,0.0,1.0,0.6,,0.0,0
2026-10-04 22:32:38Z,DET,pre,0.0,PRE,0,9221,Jahmyr Gibbs,RB,25.7,0.0,25.7,25.7,25.7,25.7,0.0,1.0,25.7,,0.0,0
2026-10-04 22:32:38Z,DET,pre,0.0,PRE,0,3163,Jared Goff,QB,18.3,0.0,18.3,18.3,18.3,18.3,0.0,1.0,18.3,,0.0,0
2026-10-04 22:32:38Z,DET,pre,0.0,PRE,0,8148,Jameson Williams,WR,12.7,0.0,12.7,12.7,12.7,12.7,0.0,1.0,12.7,,0.0,0
2026-10-04 22:32:38Z,DET,pre,0.0,PRE,0,7891,Brock Wright,TE,1.5,0.0,1.5,1.5,1.5,1.5,0.0,1.0,1.5,,0.0,0
2026-10-04 22:32:38Z,DET,pre,0.0,PRE,0,7547,Amon-Ra St. Brown,WR,20.0,0.0,20.0,20.0,20.0,20.0,0.0,1.0,20.0,,0.0,0
2026-10-04 22:32:38Z,CAR,pre,0.0,PRE,0,12526,Tetairoa McMillan,WR,16.4,0.0,16.4,16.4,16.4,16.4,0.0,1.0,16.4,,0.0,0
2026-10-04 22:32:38Z,CAR,pre,0.0,PRE,0,11646,Jalen Coker,WR,8.5,0.0,8.5,8.5,8.5,8.5,0.0,1.0,8.5,,0.0,0
2026-10-04 22:32:38Z,DET,pre,0.0,PRE,0,DET,Detroit Lions D/ST,DST,5.7,0.0,5.7,5.7,5.7,5.7,0.0,1.0,5.7,,0.0,0
2026-10-04 22:32:38Z,DET,pre,0.0,PRE,0,11729,Sione Vaki,RB,2.6,0.0,2.6,2.6,2.6,2.6,0.0,1.0,2.6,,0.0,0
2026-10-04 22:32:38Z,CAR,pre,0.0,PRE,0,11600,Ja'Tavion Sanders,TE,2.7,0.0,2.7,2.7,2.7,2.7,0.0,1.0,2.7,,0.0,0
2026-10-04 22:32:38Z,CAR,pre,0.0,PRE,0,7594,Chuba Hubbard,RB,16.6,0.0,16.6,16.6,16.6,16.6,0.0,1.0,16.6,,0.0,0
2026-10-04 22:32:38Z,DET,pre,0.0,PRE,0,11539,Jake Bates,K,9.5,0.0,9.5,9.5,9.5,9.5,0.0,1.0,9.5,,0.0,0
2026-10-04 22:32:38Z,CAR,pre,0.0,PRE,0,2505,Darren Waller,TE,8.8,0.0,8.8,8.8,8.8,8.8,0.0,1.0,8.8,,0.0,0
2026-10-04 22:34:38Z,CAR,pre,0.0,PRE,0,11157,Brycen Tremayne,WR,5.6,0.0,5.6,5.6,5.6,5.6,0.0,1.0,5.6,,0.0,0
2026-10-04 22:34:38Z,CAR,pre,0.0,PRE,0,12961,Ryan Fitzgerald,K,7.3,0.0,7.3,7.3,7.3,7.3,0.0,1.0,7.3,,0.0,0
2026-10-04 22:34:38Z,DET,pre,0.0,PRE,0,12535,Isaac TeSlaa,WR,5.3,0.0,5.3,5.3,5.3,5.3,0.0,1.0,5.3,,0.0,0
2026-10-04 22:34:38Z,DET,pre,0.0,PRE,0,10859,Sam LaPorta,TE,13.0,0.0,13.0,13.0,13.0,13.0,0.0,1.0,13.0,,0.0,0
2026-10-04 22:34:38Z,DET,pre,0.0,PRE,0,11237,Jacob Saylors,RB,1.7,0.0,1.7,1.7,1.7,1.7,0.0,1.0,1.7,,0.0,0
2026-10-04 22:34:38Z,CAR,pre,0.0,PRE,0,9228,Bryce Young,QB,19.4,0.0,19.4,19.4,19.4,19.4,0.0,1.0,19.4,,0.0,0
2026-10-04 22:34:38Z,CAR,pre,0.0,PRE,0,7694,Tommy Tremble,TE,3.8,0.0,3.8,3.8,3.8,3.8,0.0,1.0,3.8,,0.0,0
2026-10-04 22:34:38Z,CAR,pre,0.0,PRE,0,8160,Kenny Pickett,QB,0.6,0.0,0.6,0.6,0.6,0.6,0.0,1.0,0.6,,0.0,0
2026-10-04 22:34:38Z,CAR,pre,0.0,PRE,0,CAR,Carolina Panthers D/ST,DST,4.2,0.0,4.2,4.2,4.2,4.2,0.0,1.0,4.2,,0.0,0
2026-10-04 22:34:38Z,DET,pre,0.0,PRE,0,8250,Tay Martin,WR,0.8,0.0,0.8,0.8,0.8,0.8,0.0,1.0,0.8,,0.0,0
2026-10-04 22:34:38Z,DET,pre,0.0,PRE,0,4179,Joshua Dobbs,QB,0.6,0.0,0.6,0.6,0.6,0.6,0.0,1.0,0.6,,0.0,0
2026-10-04 22:34:38Z,DET,pre,0.0,PRE,0,9221,Jahmyr Gibbs,RB,25.7,0.0,25.7,25.7,25.7,25.7,0.0,1.0,25.7,,0.0,0
2026-10-04 22:34:38Z,DET,pre,0.0,PRE,0,3163,Jared Goff,QB,18.3,0.0,18.3,18.3,18.3,18.3,0.0,1.0,18.3,,0.0,0
2026-10-04 22:34:38Z,DET,pre,0.0,PRE,0,8148,Jameson Williams,WR,12.7,0.0,12.7,12.7,12.7,12.7,0.0,1.0,12.7,,0.0,0
2026-10-04 22:34:38Z,DET,pre,0.0,PRE,0,7891,Brock Wright,TE,1.5,0.0,1.5,1.5,1.5,1.5,0.0,1.0,1.5,,0.0,0
2026-10-04 22:34:38Z,DET,pre,0.0,PRE,0,7547,Amon-Ra St. Brown,WR,20.0,0.0,20.0,20.0,20.0,20.0,0.0,1.0,20.0,,0.0,0
2026-10-04 22:34:38Z,CAR,pre,0.0,PRE,0,12526,Tetairoa McMillan,WR,16.4,0.0,16.4,16.4,16.4,16.4,0.0,1.0,16.4,,0.0,0
2026-10-04 22:34:38Z,CAR,pre,0.0,PRE,0,11646,Jalen Coker,WR,8.5,0.0,8.5,8.5,8.5,8.5,0.0,1.0,8.5,,0.0,0
2026-10-04 22:34:38Z,DET,pre,0.0,PRE,0,DET,Detroit Lions D/ST,DST,5.7,0.0,5.7,5.7,5.7,5.7,0.0,1.0,5.7,,0.0,0
2026-10-04 22:34:38Z,DET,pre,0.0,PRE,0,11729,Sione Vaki,RB,2.6,0.0,2.6,2.6,2.6,2.6,0.0,1.0,2.6,,0.0,0
2026-10-04 22:34:38Z,CAR,pre,0.0,PRE,0,11600,Ja'Tavion Sanders,TE,2.7,0.0,2.7,2.7,2.7,2.7,0.0,1.0,2.7,,0.0,0
2026-10-04 22:34:38Z,CAR,pre,0.0,PRE,0,7594,Chuba Hubbard,RB,16.6,0.0,16.6,16.6,16.6,16.6,0.0,1.0,16.6,,0.0,0
2026-10-04 22:34:38Z,DET,pre,0.0,PRE,0,11539,Jake Bates,K,9.5,0.0,9.5,9.5,9.5,9.5,0.0,1.0,9.5,,0.0,0
2026-10-04 22:34:38Z,CAR,pre,0.0,PRE,0,2505,Darren Waller,TE,8.8,0.0,8.8,8.8,8.8,8.8,0.0,1.0,8.8,,0.0,0
2026-10-04 22:36:39Z,CAR,pre,0.0,PRE,0,11157,Brycen Tremayne,WR,5.6,0.0,5.6,5.6,5.6,5.6,0.0,1.0,5.6,,0.0,0
2026-10-04 22:36:39Z,CAR,pre,0.0,PRE,0,12961,Ryan Fitzgerald,K,7.3,0.0,7.3,7.3,7.3,7.3,0.0,1.0,7.3,,0.0,0
2026-10-04 22:36:39Z,DET,pre,0.0,PRE,0,12535,Isaac TeSlaa,WR,5.3,0.0,5.3,5.3,5.3,5.3,0.0,1.0,5.3,,0.0,0
2026-10-04 22:36:39Z,DET,pre,0.0,PRE,0,10859,Sam LaPorta,TE,13.0,0.0,13.0,13.0,13.0,13.0,0.0,1.0,13.0,,0.0,0
2026-10-04 22:36:39Z,DET,pre,0.0,PRE,0,11237,Jacob Saylors,RB,1.7,0.0,1.7,1.7,1.7,1.7,0.0,1.0,1.7,,0.0,0
2026-10-04 22:36:39Z,CAR,pre,0.0,PRE,0,9228,Bryce Young,QB,19.4,0.0,19.4,19.4,19.4,19.4,0.0,1.0,19.4,,0.0,0
2026-10-04 22:36:39Z,CAR,pre,0.0,PRE,0,7694,Tommy Tremble,TE,3.8,0.0,3.8,3.8,3.8,3.8,0.0,1.0,3.8,,0.0,0
2026-10-04 22:36:39Z,CAR,pre,0.0,PRE,0,8160,Kenny Pickett,QB,0.6,0.0,0.6,0.6,0.6,0.6,0.0,1.0,0.6,,0.0,0
2026-10-04 22:36:39Z,CAR,pre,0.0,PRE,0,CAR,Carolina Panthers D/ST,DST,4.2,0.0,4.2,4.2,4.2,4.2,0.0,1.0,4.2,,0.0,0
2026-10-04 22:36:39Z,DET,pre,0.0,PRE,0,8250,Tay Martin,WR,0.8,0.0,0.8,0.8,0.8,0.8,0.0,1.0,0.8,,0.0,0
2026-10-04 22:36:39Z,DET,pre,0.0,PRE,0,4179,Joshua Dobbs,QB,0.6,0.0,0.6,0.6,0.6,0.6,0.0,1.0,0.6,,0.0,0
2026-10-04 22:36:39Z,DET,pre,0.0,PRE,0,9221,Jahmyr Gibbs,RB,25.7,0.0,25.7,25.7,25.7,25.7,0.0,1.0,25.7,,0.0,0
2026-10-04 22:36:39Z,DET,pre,0.0,PRE,0,3163,Jared Goff,QB,18.3,0.0,18.3,18.3,18.3,18.3,0.0,1.0,18.3,,0.0,0
2026-10-04 22:36:39Z,DET,pre,0.0,PRE,0,8148,Jameson Williams,WR,12.7,0.0,12.7,12.7,12.7,12.7,0.0,1.0,12.7,,0.0,0
2026-10-04 22:36:39Z,DET,pre,0.0,PRE,0,7891,Brock Wright,TE,1.5,0.0,1.5,1.5,1.5,1.5,0.0,1.0,1.5,,0.0,0
2026-10-04 22:36:39Z,DET,pre,0.0,PRE,0,7547,Amon-Ra St. Brown,WR,20.0,0.0,20.0,20.0,20.0,20.0,0.0,1.0,20.0,,0.0,0
2026-10-04 22:36:39Z,CAR,pre,0.0,PRE,0,12526,Tetairoa McMillan,WR,16.4,0.0,16.4,16.4,16.4,16.4,0.0,1.0,16.4,,0.0,0
2026-10-04 22:36:39Z,CAR,pre,0.0,PRE,0,11646,Jalen Coker,WR,8.5,0.0,8.5,8.5,8.5,8.5,0.0,1.0,8.5,,0.0,0
2026-10-04 22:36:39Z,DET,pre,0.0,PRE,0,DET,Detroit Lions D/ST,DST,5.7,0.0,5.7,5.7,5.7,5.7,0.0,1.0,5.7,,0.0,0
2026-10-04 22:36:39Z,DET,pre,0.0,PRE,0,11729,Sione Vaki,RB,2.6,0.0,2.6,2.6,2.6,2.6,0.0,1.0,2.6,,0.0,0
2026-10-04 22:36:39Z,CAR,pre,0.0,PRE,0,11600,Ja'Tavion Sanders,TE,2.7,0.0,2.7,2.7,2.7,2.7,0.0,1.0,2.7,,0.0,0
2026-10-04 22:36:39Z,CAR,pre,0.0,PRE,0,7594,Chuba Hubbard,RB,16.6,0.0,16.6,16.6,16.6,16.6,0.0,1.0,16.6,,0.0,0
2026-10-04 22:36:39Z,DET,pre,0.0,PRE,0,11539,Jake Bates,K,9.5,0.0,9.5,9.5,9.5,9.5,0.0,1.0,9.5,,0.0,0
2026-10-04 22:36:39Z,CAR,pre,0.0,PRE,0,2505,Darren Waller,TE,8.8,0.0,8.8,8.8,8.8,8.8,0.0,1.0,8.8,,0.0,0
2026-10-04 22:38:39Z,CAR,pre,0.0,PRE,0,11157,Brycen Tremayne,WR,5.6,0.0,5.6,5.6,5.6,5.6,0.0,1.0,5.6,,0.0,0
2026-10-04 22:38:39Z,CAR,pre,0.0,PRE,0,12961,Ryan Fitzgerald,K,7.3,0.0,7.3,7.3,7.3,7.3,0.0,1.0,7.3,,0.0,0
2026-10-04 22:38:39Z,DET,pre,0.0,PRE,0,12535,Isaac TeSlaa,WR,5.3,0.0,5.3,5.3,5.3,5.3,0.0,1.0,5.3,,0.0,0
2026-10-04 22:38:39Z,DET,pre,0.0,PRE,0,10859,Sam LaPorta,TE,13.0,0.0,13.0,13.0,13.0,13.0,0.0,1.0,13.0,,0.0,0
2026-10-04 22:38:39Z,DET,pre,0.0,PRE,0,11237,Jacob Saylors,RB,1.7,0.0,1.7,1.7,1.7,1.7,0.0,1.0,1.7,,0.0,0
2026-10-04 22:38:39Z,CAR,pre,0.0,PRE,0,9228,Bryce Young,QB,19.4,0.0,19.4,19.4,19.4,19.4,0.0,1.0,19.4,,0.0,0
2026-10-04 22:38:39Z,CAR,pre,0.0,PRE,0,7694,Tommy Tremble,TE,3.8,0.0,3.8,3.8,3.8,3.8,0.0,1.0,3.8,,0.0,0
2026-10-04 22:38:39Z,CAR,pre,0.0,PRE,0,8160,Kenny Pickett,QB,0.6,0.0,0.6,0.6,0.6,0.6,0.0,1.0,0.6,,0.0,0
2026-10-04 22:38:39Z,CAR,pre,0.0,PRE,0,CAR,Carolina Panthers D/ST,DST,4.2,0.0,4.2,4.2,4.2,4.2,0.0,1.0,4.2,,0.0,0
2026-10-04 22:38:39Z,DET,pre,0.0,PRE,0,8250,Tay Martin,WR,0.8,0.0,0.8,0.8,0.8,0.8,0.0,1.0,0.8,,0.0,0
2026-10-04 22:38:39Z,DET,pre,0.0,PRE,0,4179,Joshua Dobbs,QB,0.6,0.0,0.6,0.6,0.6,0.6,0.0,1.0,0.6,,0.0,0
2026-10-04 22:38:39Z,DET,pre,0.0,PRE,0,9221,Jahmyr Gibbs,RB,25.7,0.0,25.7,25.7,25.7,25.7,0.0,1.0,25.7,,0.0,0
2026-10-04 22:38:39Z,DET,pre,0.0,PRE,0,3163,Jared Goff,QB,18.3,0.0,18.3,18.3,18.3,18.3,0.0,1.0,18.3,,0.0,0
2026-10-04 22:38:39Z,DET,pre,0.0,PRE,0,8148,Jameson Williams,WR,12.7,0.0,12.7,12.7,12.7,12.7,0.0,1.0,12.7,,0.0,0
2026-10-04 22:38:39Z,DET,pre,0.0,PRE,0,7891,Brock Wright,TE,1.5,0.0,1.5,1.5,1.5,1.5,0.0,1.0,1.5,,0.0,0
2026-10-04 22:38:39Z,DET,pre,0.0,PRE,0,7547,Amon-Ra St. Brown,WR,20.0,0.0,20.0,20.0,20.0,20.0,0.0,1.0,20.0,,0.0,0
2026-10-04 22:38:39Z,CAR,pre,0.0,PRE,0,12526,Tetairoa McMillan,WR,16.4,0.0,16.4,16.4,16.4,16.4,0.0,1.0,16.4,,0.0,0
2026-10-04 22:38:39Z,CAR,pre,0.0,PRE,0,11646,Jalen Coker,WR,8.5,0.0,8.5,8.5,8.5,8.5,0.0,1.0,8.5,,0.0,0
2026-10-04 22:38:39Z,DET,pre,0.0,PRE,0,DET,Detroit Lions D/ST,DST,5.7,0.0,5.7,5.7,5.7,5.7,0.0,1.0,5.7,,0.0,0
2026-10-04 22:38:39Z,DET,pre,0.0,PRE,0,11729,Sione Vaki,RB,2.6,0.0,2.6,2.6,2.6,2.6,0.0,1.0,2.6,,0.0,0
2026-10-04 22:38:39Z,CAR,pre,0.0,PRE,0,11600,Ja'Tavion Sanders,TE,2.7,0.0,2.7,2.7,2.7,2.7,0.0,1.0,2.7,,0.0,0
2026-10-04 22:38:39Z,CAR,pre,0.0,PRE,0,7594,Chuba Hubbard,RB,16.6,0.0,16.6,16.6,16.6,16.6,0.0,1.0,16.6,,0.0,0
2026-10-04 22:38:39Z,DET,pre,0.0,PRE,0,11539,Jake Bates,K,9.5,0.0,9.5,9.5,9.5,9.5,0.0,1.0,9.5,,0.0,0
2026-10-04 22:38:39Z,CAR,pre,0.0,PRE,0,2505,Darren Waller,TE,8.8,0.0,8.8,8.8,8.8,8.8,0.0,1.0,8.8,,0.0,0
2026-10-04 22:40:39Z,CAR,pre,0.0,PRE,0,11157,Brycen Tremayne,WR,5.6,0.0,5.6,5.6,5.6,5.6,0.0,1.0,5.6,,0.0,0
2026-10-04 22:40:39Z,CAR,pre,0.0,PRE,0,12961,Ryan Fitzgerald,K,7.3,0.0,7.3,7.3,7.3,7.3,0.0,1.0,7.3,,0.0,0
2026-10-04 22:40:39Z,DET,pre,0.0,PRE,0,12535,Isaac TeSlaa,WR,5.3,0.0,5.3,5.3,5.3,5.3,0.0,1.0,5.3,,0.0,0
2026-10-04 22:40:39Z,DET,pre,0.0,PRE,0,10859,Sam LaPorta,TE,13.0,0.0,13.0,13.0,13.0,13.0,0.0,1.0,13.0,,0.0,0
2026-10-04 22:40:39Z,DET,pre,0.0,PRE,0,11237,Jacob Saylors,RB,1.7,0.0,1.7,1.7,1.7,1.7,0.0,1.0,1.7,,0.0,0
2026-10-04 22:40:39Z,CAR,pre,0.0,PRE,0,9228,Bryce Young,QB,19.4,0.0,19.4,19.4,19.4,19.4,0.0,1.0,19.4,,0.0,0
2026-10-04 22:40:39Z,CAR,pre,0.0,PRE,0,7694,Tommy Tremble,TE,3.8,0.0,3.8,3.8,3.8,3.8,0.0,1.0,3.8,,0.0,0
2026-10-04 22:40:39Z,CAR,pre,0.0,PRE,0,8160,Kenny Pickett,QB,0.6,0.0,0.6,0.6,0.6,0.6,0.0,1.0,0.6,,0.0,0
2026-10-04 22:40:39Z,CAR,pre,0.0,PRE,0,CAR,Carolina Panthers D/ST,DST,4.2,0.0,4.2,4.2,4.2,4.2,0.0,1.0,4.2,,0.0,0
2026-10-04 22:40:39Z,DET,pre,0.0,PRE,0,8250,Tay Martin,WR,0.8,0.0,0.8,0.8,0.8,0.8,0.0,1.0,0.8,,0.0,0
2026-10-04 22:40:39Z,DET,pre,0.0,PRE,0,4179,Joshua Dobbs,QB,0.6,0.0,0.6,0.6,0.6,0.6,0.0,1.0,0.6,,0.0,0
2026-10-04 22:40:39Z,DET,pre,0.0,PRE,0,9221,Jahmyr Gibbs,RB,25.7,0.0,25.7,25.7,25.7,25.7,0.0,1.0,25.7,,0.0,0
2026-10-04 22:40:39Z,DET,pre,0.0,PRE,0,3163,Jared Goff,QB,18.3,0.0,18.3,18.3,18.3,18.3,0.0,1.0,18.3,,0.0,0
2026-10-04 22:40:39Z,DET,pre,0.0,PRE,0,8148,Jameson Williams,WR,12.7,0.0,12.7,12.7,12.7,12.7,0.0,1.0,12.7,,0.0,0
2026-10-04 22:40:39Z,DET,pre,0.0,PRE,0,7891,Brock Wright,TE,1.5,0.0,1.5,1.5,1.5,1.5,0.0,1.0,1.5,,0.0,0
2026-10-04 22:40:39Z,DET,pre,0.0,PRE,0,7547,Amon-Ra St. Brown,WR,20.0,0.0,20.0,20.0,20.0,20.0,0.0,1.0,20.0,,0.0,0
2026-10-04 22:40:39Z,CAR,pre,0.0,PRE,0,12526,Tetairoa McMillan,WR,16.4,0.0,16.4,16.4,16.4,16.4,0.0,1.0,16.4,,0.0,0
2026-10-04 22:40:39Z,CAR,pre,0.0,PRE,0,11646,Jalen Coker,WR,8.5,0.0,8.5,8.5,8.5,8.5,0.0,1.0,8.5,,0.0,0
2026-10-04 22:40:39Z,DET,pre,0.0,PRE,0,DET,Detroit Lions D/ST,DST,5.7,0.0,5.7,5.7,5.7,5.7,0.0,1.0,5.7,,0.0,0
2026-10-04 22:40:39Z,DET,pre,0.0,PRE,0,11729,Sione Vaki,RB,2.6,0.0,2.6,2.6,2.6,2.6,0.0,1.0,2.6,,0.0,0
2026-10-04 22:40:39Z,CAR,pre,0.0,PRE,0,11600,Ja'Tavion Sanders,TE,2.7,0.0,2.7,2.7,2.7,2.7,0.0,1.0,2.7,,0.0,0
2026-10-04 22:40:39Z,CAR,pre,0.0,PRE,0,7594,Chuba Hubbard,RB,16.6,0.0,16.6,16.6,16.6,16.6,0.0,1.0,16.6,,0.0,0
2026-10-04 22:40:39Z,DET,pre,0.0,PRE,0,11539,Jake Bates,K,9.5,0.0,9.5,9.5,9.5,9.5,0.0,1.0,9.5,,0.0,0
2026-10-04 22:40:39Z,CAR,pre,0.0,PRE,0,2505,Darren Waller,TE,8.8,0.0,8.8,8.8,8.8,8.8,0.0,1.0,8.8,,0.0,0
2026-10-04 22:42:40Z,CAR,pre,0.0,PRE,0,11157,Brycen Tremayne,WR,5.6,0.0,5.6,5.6,5.6,5.6,0.0,1.0,5.6,,0.0,0
2026-10-04 22:42:40Z,CAR,pre,0.0,PRE,0,12961,Ryan Fitzgerald,K,7.3,0.0,7.3,7.3,7.3,7.3,0.0,1.0,7.3,,0.0,0
2026-10-04 22:42:40Z,DET,pre,0.0,PRE,0,12535,Isaac TeSlaa,WR,5.3,0.0,5.3,5.3,5.3,5.3,0.0,1.0,5.3,,0.0,0
2026-10-04 22:42:40Z,DET,pre,0.0,PRE,0,10859,Sam LaPorta,TE,13.0,0.0,13.0,13.0,13.0,13.0,0.0,1.0,13.0,,0.0,0
2026-10-04 22:42:40Z,DET,pre,0.0,PRE,0,11237,Jacob Saylors,RB,1.7,0.0,1.7,1.7,1.7,1.7,0.0,1.0,1.7,,0.0,0
2026-10-04 22:42:40Z,CAR,pre,0.0,PRE,0,9228,Bryce Young,QB,19.4,0.0,19.4,19.4,19.4,19.4,0.0,1.0,19.4,,0.0,0
2026-10-04 22:42:40Z,CAR,pre,0.0,PRE,0,7694,Tommy Tremble,TE,3.8,0.0,3.8,3.8,3.8,3.8,0.0,1.0,3.8,,0.0,0
2026-10-04 22:42:40Z,CAR,pre,0.0,PRE,0,8160,Kenny Pickett,QB,0.6,0.0,0.6,0.6,0.6,0.6,0.0,1.0,0.6,,0.0,0
2026-10-04 22:42:40Z,CAR,pre,0.0,PRE,0,CAR,Carolina Panthers D/ST,DST,4.2,0.0,4.2,4.2,4.2,4.2,0.0,1.0,4.2,,0.0,0
2026-10-04 22:42:40Z,DET,pre,0.0,PRE,0,8250,Tay Martin,WR,0.8,0.0,0.8,0.8,0.8,0.8,0.0,1.0,0.8,,0.0,0
2026-10-04 22:42:40Z,DET,pre,0.0,PRE,0,4179,Joshua Dobbs,QB,0.6,0.0,0.6,0.6,0.6,0.6,0.0,1.0,0.6,,0.0,0
2026-10-04 22:42:40Z,DET,pre,0.0,PRE,0,9221,Jahmyr Gibbs,RB,25.7,0.0,25.7,25.7,25.7,25.7,0.0,1.0,25.7,,0.0,0
2026-10-04 22:42:40Z,DET,pre,0.0,PRE,0,3163,Jared Goff,QB,18.3,0.0,18.3,18.3,18.3,18.3,0.0,1.0,18.3,,0.0,0
2026-10-04 22:42:40Z,DET,pre,0.0,PRE,0,8148,Jameson Williams,WR,12.7,0.0,12.7,12.7,12.7,12.7,0.0,1.0,12.7,,0.0,0
2026-10-04 22:42:40Z,DET,pre,0.0,PRE,0,7891,Brock Wright,TE,1.5,0.0,1.5,1.5,1.5,1.5,0.0,1.0,1.5,,0.0,0
2026-10-04 22:42:40Z,DET,pre,0.0,PRE,0,7547,Amon-Ra St. Brown,WR,20.0,0.0,20.0,20.0,20.0,20.0,0.0,1.0,20.0,,0.0,0
2026-10-04 22:42:40Z,CAR,pre,0.0,PRE,0,12526,Tetairoa McMillan,WR,16.4,0.0,16.4,16.4,16.4,16.4,0.0,1.0,16.4,,0.0,0
2026-10-04 22:42:40Z,CAR,pre,0.0,PRE,0,11646,Jalen Coker,WR,8.5,0.0,8.5,8.5,8.5,8.5,0.0,1.0,8.5,,0.0,0
2026-10-04 22:42:40Z,DET,pre,0.0,PRE,0,DET,Detroit Lions D/ST,DST,5.7,0.0,5.7,5.7,5.7,5.7,0.0,1.0,5.7,,0.0,0
2026-10-04 22:42:40Z,DET,pre,0.0,PRE,0,11729,Sione Vaki,RB,2.6,0.0,2.6,2.6,2.6,2.6,0.0,1.0,2.6,,0.0,0
2026-10-04 22:42:40Z,CAR,pre,0.0,PRE,0,11600,Ja'Tavion Sanders,TE,2.7,0.0,2.7,2.7,2.7,2.7,0.0,1.0,2.7,,0.0,0
2026-10-04 22:42:40Z,CAR,pre,0.0,PRE,0,7594,Chuba Hubbard,RB,16.6,0.0,16.6,16.6,16.6,16.6,0.0,1.0,16.6,,0.0,0
2026-10-04 22:42:40Z,DET,pre,0.0,PRE,0,11539,Jake Bates,K,9.5,0.0,9.5,9.5,9.5,9.5,0.0,1.0,9.5,,0.0,0
2026-10-04 22:42:40Z,CAR,pre,0.0,PRE,0,2505,Darren Waller,TE,8.8,0.0,8.8,8.8,8.8,8.8,0.0,1.0,8.8,,0.0,0
2026-10-04 22:44:40Z,CAR,pre,0.0,PRE,0,11157,Brycen Tremayne,WR,5.6,0.0,5.6,5.6,5.6,5.6,0.0,1.0,5.6,,0.0,0
2026-10-04 22:44:40Z,CAR,pre,0.0,PRE,0,12961,Ryan Fitzgerald,K,7.3,0.0,7.3,7.3,7.3,7.3,0.0,1.0,7.3,,0.0,0
2026-10-04 22:44:40Z,DET,pre,0.0,PRE,0,12535,Isaac TeSlaa,WR,5.3,0.0,5.3,5.3,5.3,5.3,0.0,1.0,5.3,,0.0,0
2026-10-04 22:44:40Z,DET,pre,0.0,PRE,0,10859,Sam LaPorta,TE,13.0,0.0,13.0,13.0,13.0,13.0,0.0,1.0,13.0,,0.0,0
2026-10-04 22:44:40Z,DET,pre,0.0,PRE,0,11237,Jacob Saylors,RB,1.7,0.0,1.7,1.7,1.7,1.7,0.0,1.0,1.7,,0.0,0
2026-10-04 22:44:40Z,CAR,pre,0.0,PRE,0,9228,Bryce Young,QB,19.4,0.0,19.4,19.4,19.4,19.4,0.0,1.0,19.4,,0.0,0
2026-10-04 22:44:40Z,CAR,pre,0.0,PRE,0,7694,Tommy Tremble,TE,3.8,0.0,3.8,3.8,3.8,3.8,0.0,1.0,3.8,,0.0,0
2026-10-04 22:44:40Z,CAR,pre,0.0,PRE,0,8160,Kenny Pickett,QB,0.6,0.0,0.6,0.6,0.6,0.6,0.0,1.0,0.6,,0.0,0
2026-10-04 22:44:40Z,CAR,pre,0.0,PRE,0,CAR,Carolina Panthers D/ST,DST,4.2,0.0,4.2,4.2,4.2,4.2,0.0,1.0,4.2,,0.0,0
2026-10-04 22:44:40Z,DET,pre,0.0,PRE,0,8250,Tay Martin,WR,0.8,0.0,0.8,0.8,0.8,0.8,0.0,1.0,0.8,,0.0,0
2026-10-04 22:44:40Z,DET,pre,0.0,PRE,0,4179,Joshua Dobbs,QB,0.6,0.0,0.6,0.6,0.6,0.6,0.0,1.0,0.6,,0.0,0
2026-10-04 22:44:40Z,DET,pre,0.0,PRE,0,9221,Jahmyr Gibbs,RB,25.7,0.0,25.7,25.7,25.7,25.7,0.0,1.0,25.7,,0.0,0
2026-10-04 22:44:40Z,DET,pre,0.0,PRE,0,3163,Jared Goff,QB,18.3,0.0,18.3,18.3,18.3,18.3,0.0,1.0,18.3,,0.0,0
2026-10-04 22:44:40Z,DET,pre,0.0,PRE,0,8148,Jameson Williams,WR,12.7,0.0,12.7,12.7,12.7,12.7,0.0,1.0,12.7,,0.0,0
2026-10-04 22:44:40Z,DET,pre,0.0,PRE,0,7891,Brock Wright,TE,1.5,0.0,1.5,1.5,1.5,1.5,0.0,1.0,1.5,,0.0,0
2026-10-04 22:44:40Z,DET,pre,0.0,PRE,0,7547,Amon-Ra St. Brown,WR,20.0,0.0,20.0,20.0,20.0,20.0,0.0,1.0,20.0,,0.0,0
2026-10-04 22:44:40Z,CAR,pre,0.0,PRE,0,12526,Tetairoa McMillan,WR,16.4,0.0,16.4,16.4,16.4,16.4,0.0,1.0,16.4,,0.0,0
2026-10-04 22:44:40Z,CAR,pre,0.0,PRE,0,11646,Jalen Coker,WR,8.5,0.0,8.5,8.5,8.5,8.5,0.0,1.0,8.5,,0.0,0
2026-10-04 22:44:40Z,DET,pre,0.0,PRE,0,DET,Detroit Lions D/ST,DST,5.7,0.0,5.7,5.7,5.7,5.7,0.0,1.0,5.7,,0.0,0
2026-10-04 22:44:40Z,DET,pre,0.0,PRE,0,11729,Sione Vaki,RB,2.6,0.0,2.6,2.6,2.6,2.6,0.0,1.0,2.6,,0.0,0
2026-10-04 22:44:40Z,CAR,pre,0.0,PRE,0,11600,Ja'Tavion Sanders,TE,2.7,0.0,2.7,2.7,2.7,2.7,0.0,1.0,2.7,,0.0,0
2026-10-04 22:44:40Z,CAR,pre,0.0,PRE,0,7594,Chuba Hubbard,RB,16.6,0.0,16.6,16.6,16.6,16.6,0.0,1.0,16.6,,0.0,0
2026-10-04 22:44:40Z,DET,pre,0.0,PRE,0,11539,Jake Bates,K,9.5,0.0,9.5,9.5,9.5,9.5,0.0,1.0,9.5,,0.0,0
2026-10-04 22:44:40Z,CAR,pre,0.0,PRE,0,2505,Darren Waller,TE,8.8,0.0,8.8,8.8,8.8,8.8,0.0,1.0,8.8,,0.0,0
2026-10-04 22:46:41Z,CAR,pre,0.0,PRE,0,11157,Brycen Tremayne,WR,5.6,0.0,5.6,5.6,5.6,5.6,0.0,1.0,5.6,,0.0,0
2026-10-04 22:46:41Z,CAR,pre,0.0,PRE,0,12961,Ryan Fitzgerald,K,7.3,0.0,7.3,7.3,7.3,7.3,0.0,1.0,7.3,,0.0,0
2026-10-04 22:46:41Z,DET,pre,0.0,PRE,0,12535,Isaac TeSlaa,WR,5.3,0.0,5.3,5.3,5.3,5.3,0.0,1.0,5.3,,0.0,0
2026-10-04 22:46:41Z,DET,pre,0.0,PRE,0,10859,Sam LaPorta,TE,13.0,0.0,13.0,13.0,13.0,13.0,0.0,1.0,13.0,,0.0,0
2026-10-04 22:46:41Z,DET,pre,0.0,PRE,0,11237,Jacob Saylors,RB,1.7,0.0,1.7,1.7,1.7,1.7,0.0,1.0,1.7,,0.0,0
2026-10-04 22:46:41Z,CAR,pre,0.0,PRE,0,9228,Bryce Young,QB,19.4,0.0,19.4,19.4,19.4,19.4,0.0,1.0,19.4,,0.0,0
2026-10-04 22:46:41Z,CAR,pre,0.0,PRE,0,7694,Tommy Tremble,TE,3.8,0.0,3.8,3.8,3.8,3.8,0.0,1.0,3.8,,0.0,0
2026-10-04 22:46:41Z,CAR,pre,0.0,PRE,0,8160,Kenny Pickett,QB,0.6,0.0,0.6,0.6,0.6,0.6,0.0,1.0,0.6,,0.0,0
2026-10-04 22:46:41Z,CAR,pre,0.0,PRE,0,CAR,Carolina Panthers D/ST,DST,4.2,0.0,4.2,4.2,4.2,4.2,0.0,1.0,4.2,,0.0,0
2026-10-04 22:46:41Z,DET,pre,0.0,PRE,0,8250,Tay Martin,WR,0.8,0.0,0.8,0.8,0.8,0.8,0.0,1.0,0.8,,0.0,0
2026-10-04 22:46:41Z,DET,pre,0.0,PRE,0,4179,Joshua Dobbs,QB,0.6,0.0,0.6,0.6,0.6,0.6,0.0,1.0,0.6,,0.0,0
2026-10-04 22:46:41Z,DET,pre,0.0,PRE,0,9221,Jahmyr Gibbs,RB,25.7,0.0,25.7,25.7,25.7,25.7,0.0,1.0,25.7,,0.0,0
2026-10-04 22:46:41Z,DET,pre,0.0,PRE,0,3163,Jared Goff,QB,18.3,0.0,18.3,18.3,18.3,18.3,0.0,1.0,18.3,,0.0,0
2026-10-04 22:46:41Z,DET,pre,0.0,PRE,0,8148,Jameson Williams,WR,12.7,0.0,12.7,12.7,12.7,12.7,0.0,1.0,12.7,,0.0,0
2026-10-04 22:46:41Z,DET,pre,0.0,PRE,0,7891,Brock Wright,TE,1.5,0.0,1.5,1.5,1.5,1.5,0.0,1.0,1.5,,0.0,0
2026-10-04 22:46:41Z,DET,pre,0.0,PRE,0,7547,Amon-Ra St. Brown,WR,20.0,0.0,20.0,20.0,20.0,20.0,0.0,1.0,20.0,,0.0,0
2026-10-04 22:46:41Z,CAR,pre,0.0,PRE,0,12526,Tetairoa McMillan,WR,16.4,0.0,16.4,16.4,16.4,16.4,0.0,1.0,16.4,,0.0,0
2026-10-04 22:46:41Z,CAR,pre,0.0,PRE,0,11646,Jalen Coker,WR,8.5,0.0,8.5,8.5,8.5,8.5,0.0,1.0,8.5,,0.0,0
2026-10-04 22:46:41Z,DET,pre,0.0,PRE,0,DET,Detroit Lions D/ST,DST,5.7,0.0,5.7,5.7,5.7,5.7,0.0,1.0,5.7,,0.0,0
2026-10-04 22:46:41Z,DET,pre,0.0,PRE,0,11729,Sione Vaki,RB,2.6,0.0,2.6,2.6,2.6,2.6,0.0,1.0,2.6,,0.0,0
2026-10-04 22:46:41Z,CAR,pre,0.0,PRE,0,11600,Ja'Tavion Sanders,TE,2.7,0.0,2.7,2.7,2.7,2.7,0.0,1.0,2.7,,0.0,0
2026-10-04 22:46:41Z,CAR,pre,0.0,PRE,0,7594,Chuba Hubbard,RB,16.6,0.0,16.6,16.6,16.6,16.6,0.0,1.0,16.6,,0.0,0
2026-10-04 22:46:41Z,DET,pre,0.0,PRE,0,11539,Jake Bates,K,9.5,0.0,9.5,9.5,9.5,9.5,0.0,1.0,9.5,,0.0,0
2026-10-04 22:46:41Z,CAR,pre,0.0,PRE,0,2505,Darren Waller,TE,8.8,0.0,8.8,8.8,8.8,8.8,0.0,1.0,8.8,,0.0,0
2026-10-04 22:48:41Z,CAR,pre,0.0,PRE,0,11157,Brycen Tremayne,WR,5.6,0.0,5.6,5.6,5.6,5.6,0.0,1.0,5.6,,0.0,0
2026-10-04 22:48:41Z,CAR,pre,0.0,PRE,0,12961,Ryan Fitzgerald,K,7.3,0.0,7.3,7.3,7.3,7.3,0.0,1.0,7.3,,0.0,0
2026-10-04 22:48:41Z,DET,pre,0.0,PRE,0,12535,Isaac TeSlaa,WR,5.3,0.0,5.3,5.3,5.3,5.3,0.0,1.0,5.3,,0.0,0
2026-10-04 22:48:41Z,DET,pre,0.0,PRE,0,10859,Sam LaPorta,TE,13.0,0.0,13.0,13.0,13.0,13.0,0.0,1.0,13.0,,0.0,0
2026-10-04 22:48:41Z,DET,pre,0.0,PRE,0,11237,Jacob Saylors,RB,1.7,0.0,1.7,1.7,1.7,1.7,0.0,1.0,1.7,,0.0,0
2026-10-04 22:48:41Z,CAR,pre,0.0,PRE,0,9228,Bryce Young,QB,19.4,0.0,19.4,19.4,19.4,19.4,0.0,1.0,19.4,,0.0,0
2026-10-04 22:48:41Z,CAR,pre,0.0,PRE,0,7694,Tommy Tremble,TE,3.8,0.0,3.8,3.8,3.8,3.8,0.0,1.0,3.8,,0.0,0
2026-10-04 22:48:41Z,CAR,pre,0.0,PRE,0,8160,Kenny Pickett,QB,0.6,0.0,0.6,0.6,0.6,0.6,0.0,1.0,0.6,,0.0,0
2026-10-04 22:48:41Z,CAR,pre,0.0,PRE,0,CAR,Carolina Panthers D/ST,DST,4.2,0.0,4.2,4.2,4.2,4.2,0.0,1.0,4.2,,0.0,0
2026-10-04 22:48:41Z,DET,pre,0.0,PRE,0,8250,Tay Martin,WR,0.8,0.0,0.8,0.8,0.8,0.8,0.0,1.0,0.8,,0.0,0
2026-10-04 22:48:41Z,DET,pre,0.0,PRE,0,4179,Joshua Dobbs,QB,0.6,0.0,0.6,0.6,0.6,0.6,0.0,1.0,0.6,,0.0,0
2026-10-04 22:48:41Z,DET,pre,0.0,PRE,0,9221,Jahmyr Gibbs,RB,25.7,0.0,25.7,25.7,25.7,25.7,0.0,1.0,25.7,,0.0,0
2026-10-04 22:48:41Z,DET,pre,0.0,PRE,0,3163,Jared Goff,QB,18.3,0.0,18.3,18.3,18.3,18.3,0.0,1.0,18.3,,0.0,0
2026-10-04 22:48:41Z,DET,pre,0.0,PRE,0,8148,Jameson Williams,WR,12.7,0.0,12.7,12.7,12.7,12.7,0.0,1.0,12.7,,0.0,0
2026-10-04 22:48:41Z,DET,pre,0.0,PRE,0,7891,Brock Wright,TE,1.5,0.0,1.5,1.5,1.5,1.5,0.0,1.0,1.5,,0.0,0
2026-10-04 22:48:41Z,DET,pre,0.0,PRE,0,7547,Amon-Ra St. Brown,WR,20.0,0.0,20.0,20.0,20.0,20.0,0.0,1.0,20.0,,0.0,0
2026-10-04 22:48:41Z,CAR,pre,0.0,PRE,0,12526,Tetairoa McMillan,WR,16.4,0.0,16.4,16.4,16.4,16.4,0.0,1.0,16.4,,0.0,0
2026-10-04 22:48:41Z,CAR,pre,0.0,PRE,0,11646,Jalen Coker,WR,8.5,0.0,8.5,8.5,8.5,8.5,0.0,1.0,8.5,,0.0,0
2026-10-04 22:48:41Z,DET,pre,0.0,PRE,0,DET,Detroit Lions D/ST,DST,5.7,0.0,5.7,5.7,5.7,5.7,0.0,1.0,5.7,,0.0,0
2026-10-04 22:48:41Z,DET,pre,0.0,PRE,0,11729,Sione Vaki,RB,2.6,0.0,2.6,2.6,2.6,2.6,0.0,1.0,2.6,,0.0,0
2026-10-04 22:48:41Z,CAR,pre,0.0,PRE,0,11600,Ja'Tavion Sanders,TE,2.7,0.0,2.7,2.7,2.7,2.7,0.0,1.0,2.7,,0.0,0
2026-10-04 22:48:41Z,CAR,pre,0.0,PRE,0,7594,Chuba Hubbard,RB,16.6,0.0,16.6,16.6,16.6,16.6,0.0,1.0,16.6,,0.0,0
2026-10-04 22:48:41Z,DET,pre,0.0,PRE,0,11539,Jake Bates,K,9.5,0.0,9.5,9.5,9.5,9.5,0.0,1.0,9.5,,0.0,0
2026-10-04 22:48:41Z,CAR,pre,0.0,PRE,0,2505,Darren Waller,TE,8.8,0.0,8.8,8.8,8.8,8.8,0.0,1.0,8.8,,0.0,0
2026-10-04 22:50:41Z,CAR,pre,0.0,PRE,0,11157,Brycen Tremayne,WR,5.6,0.0,5.6,5.6,5.6,5.6,0.0,1.0,5.6,,0.0,0
2026-10-04 22:50:41Z,CAR,pre,0.0,PRE,0,12961,Ryan Fitzgerald,K,7.3,0.0,7.3,7.3,7.3,7.3,0.0,1.0,7.3,,0.0,0
2026-10-04 22:50:41Z,DET,pre,0.0,PRE,0,12535,Isaac TeSlaa,WR,5.3,0.0,5.3,5.3,5.3,5.3,0.0,1.0,5.3,,0.0,0
2026-10-04 22:50:41Z,DET,pre,0.0,PRE,0,10859,Sam LaPorta,TE,13.0,0.0,13.0,13.0,13.0,13.0,0.0,1.0,13.0,,0.0,0
2026-10-04 22:50:41Z,DET,pre,0.0,PRE,0,11237,Jacob Saylors,RB,1.7,0.0,1.7,1.7,1.7,1.7,0.0,1.0,1.7,,0.0,0
2026-10-04 22:50:41Z,CAR,pre,0.0,PRE,0,9228,Bryce Young,QB,19.4,0.0,19.4,19.4,19.4,19.4,0.0,1.0,19.4,,0.0,0
2026-10-04 22:50:41Z,CAR,pre,0.0,PRE,0,7694,Tommy Tremble,TE,3.8,0.0,3.8,3.8,3.8,3.8,0.0,1.0,3.8,,0.0,0
2026-10-04 22:50:41Z,CAR,pre,0.0,PRE,0,8160,Kenny Pickett,QB,0.6,0.0,0.6,0.6,0.6,0.6,0.0,1.0,0.6,,0.0,0
2026-10-04 22:50:41Z,CAR,pre,0.0,PRE,0,CAR,Carolina Panthers D/ST,DST,4.2,0.0,4.2,4.2,4.2,4.2,0.0,1.0,4.2,,0.0,0
2026-10-04 22:50:41Z,DET,pre,0.0,PRE,0,8250,Tay Martin,WR,0.8,0.0,0.8,0.8,0.8,0.8,0.0,1.0,0.8,,0.0,0
2026-10-04 22:50:41Z,DET,pre,0.0,PRE,0,4179,Joshua Dobbs,QB,0.6,0.0,0.6,0.6,0.6,0.6,0.0,1.0,0.6,,0.0,0
2026-10-04 22:50:41Z,DET,pre,0.0,PRE,0,9221,Jahmyr Gibbs,RB,25.7,0.0,25.7,25.7,25.7,25.7,0.0,1.0,25.7,,0.0,0
2026-10-04 22:50:41Z,DET,pre,0.0,PRE,0,3163,Jared Goff,QB,18.3,0.0,18.3,18.3,18.3,18.3,0.0,1.0,18.3,,0.0,0
2026-10-04 22:50:41Z,DET,pre,0.0,PRE,0,8148,Jameson Williams,WR,12.7,0.0,12.7,12.7,12.7,12.7,0.0,1.0,12.7,,0.0,0
2026-10-04 22:50:41Z,DET,pre,0.0,PRE,0,7891,Brock Wright,TE,1.5,0.0,1.5,1.5,1.5,1.5,0.0,1.0,1.5,,0.0,0
2026-10-04 22:50:41Z,DET,pre,0.0,PRE,0,7547,Amon-Ra St. Brown,WR,20.0,0.0,20.0,20.0,20.0,20.0,0.0,1.0,20.0,,0.0,0
2026-10-04 22:50:41Z,CAR,pre,0.0,PRE,0,12526,Tetairoa McMillan,WR,16.4,0.0,16.4,16.4,16.4,16.4,0.0,1.0,16.4,,0.0,0
2026-10-04 22:50:41Z,CAR,pre,0.0,PRE,0,11646,Jalen Coker,WR,8.5,0.0,8.5,8.5,8.5,8.5,0.0,1.0,8.5,,0.0,0
2026-10-04 22:50:41Z,DET,pre,0.0,PRE,0,DET,Detroit Lions D/ST,DST,5.7,0.0,5.7,5.7,5.7,5.7,0.0,1.0,5.7,,0.0,0
2026-10-04 22:50:41Z,DET,pre,0.0,PRE,0,11729,Sione Vaki,RB,2.6,0.0,2.6,2.6,2.6,2.6,0.0,1.0,2.6,,0.0,0
2026-10-04 22:50:41Z,CAR,pre,0.0,PRE,0,11600,Ja'Tavion Sanders,TE,2.7,0.0,2.7,2.7,2.7,2.7,0.0,1.0,2.7,,0.0,0
2026-10-04 22:50:41Z,CAR,pre,0.0,PRE,0,7594,Chuba Hubbard,RB,16.6,0.0,16.6,16.6,16.6,16.6,0.0,1.0,16.6,,0.0,0
2026-10-04 22:50:41Z,DET,pre,0.0,PRE,0,11539,Jake Bates,K,9.5,0.0,9.5,9.5,9.5,9.5,0.0,1.0,9.5,,0.0,0
2026-10-04 22:50:41Z,CAR,pre,0.0,PRE,0,2505,Darren Waller,TE,8.8,0.0,8.8,8.8,8.8,8.8,0.0,1.0,8.8,,0.0,0
2026-10-04 22:52:42Z,CAR,pre,0.0,PRE,0,11157,Brycen Tremayne,WR,5.6,0.0,5.6,5.6,5.6,5.6,0.0,1.0,5.6,,0.0,0
2026-10-04 22:52:42Z,CAR,pre,0.0,PRE,0,12961,Ryan Fitzgerald,K,7.3,0.0,7.3,7.3,7.3,7.3,0.0,1.0,7.3,,0.0,0
2026-10-04 22:52:42Z,DET,pre,0.0,PRE,0,12535,Isaac TeSlaa,WR,5.3,0.0,5.3,5.3,5.3,5.3,0.0,1.0,5.3,,0.0,0
2026-10-04 22:52:42Z,DET,pre,0.0,PRE,0,10859,Sam LaPorta,TE,13.0,0.0,13.0,13.0,13.0,13.0,0.0,1.0,13.0,,0.0,0
2026-10-04 22:52:42Z,DET,pre,0.0,PRE,0,11237,Jacob Saylors,RB,1.7,0.0,1.7,1.7,1.7,1.7,0.0,1.0,1.7,,0.0,0
2026-10-04 22:52:42Z,CAR,pre,0.0,PRE,0,9228,Bryce Young,QB,19.4,0.0,19.4,19.4,19.4,19.4,0.0,1.0,19.4,,0.0,0
2026-10-04 22:52:42Z,CAR,pre,0.0,PRE,0,7694,Tommy Tremble,TE,3.8,0.0,3.8,3.8,3.8,3.8,0.0,1.0,3.8,,0.0,0
2026-10-04 22:52:42Z,CAR,pre,0.0,PRE,0,8160,Kenny Pickett,QB,0.6,0.0,0.6,0.6,0.6,0.6,0.0,1.0,0.6,,0.0,0
2026-10-04 22:52:42Z,CAR,pre,0.0,PRE,0,CAR,Carolina Panthers D/ST,DST,4.2,0.0,4.2,4.2,4.2,4.2,0.0,1.0,4.2,,0.0,0
2026-10-04 22:52:42Z,DET,pre,0.0,PRE,0,8250,Tay Martin,WR,0.8,0.0,0.8,0.8,0.8,0.8,0.0,1.0,0.8,,0.0,0
2026-10-04 22:52:42Z,DET,pre,0.0,PRE,0,4179,Joshua Dobbs,QB,0.6,0.0,0.6,0.6,0.6,0.6,0.0,1.0,0.6,,0.0,0
2026-10-04 22:52:42Z,DET,pre,0.0,PRE,0,9221,Jahmyr Gibbs,RB,25.7,0.0,25.7,25.7,25.7,25.7,0.0,1.0,25.7,,0.0,0
2026-10-04 22:52:42Z,DET,pre,0.0,PRE,0,3163,Jared Goff,QB,18.3,0.0,18.3,18.3,18.3,18.3,0.0,1.0,18.3,,0.0,0
2026-10-04 22:52:42Z,DET,pre,0.0,PRE,0,8148,Jameson Williams,WR,12.7,0.0,12.7,12.7,12.7,12.7,0.0,1.0,12.7,,0.0,0
2026-10-04 22:52:42Z,DET,pre,0.0,PRE,0,7891,Brock Wright,TE,1.5,0.0,1.5,1.5,1.5,1.5,0.0,1.0,1.5,,0.0,0
2026-10-04 22:52:42Z,DET,pre,0.0,PRE,0,7547,Amon-Ra St. Brown,WR,20.0,0.0,20.0,20.0,20.0,20.0,0.0,1.0,20.0,,0.0,0
2026-10-04 22:52:42Z,CAR,pre,0.0,PRE,0,12526,Tetairoa McMillan,WR,16.4,0.0,16.4,16.4,16.4,16.4,0.0,1.0,16.4,,0.0,0
2026-10-04 22:52:42Z,CAR,pre,0.0,PRE,0,11646,Jalen Coker,WR,8.5,0.0,8.5,8.5,8.5,8.5,0.0,1.0,8.5,,0.0,0
2026-10-04 22:52:42Z,DET,pre,0.0,PRE,0,DET,Detroit Lions D/ST,DST,5.7,0.0,5.7,5.7,5.7,5.7,0.0,1.0,5.7,,0.0,0
2026-10-04 22:52:42Z,DET,pre,0.0,PRE,0,11729,Sione Vaki,RB,2.6,0.0,2.6,2.6,2.6,2.6,0.0,1.0,2.6,,0.0,0
2026-10-04 22:52:42Z,CAR,pre,0.0,PRE,0,11600,Ja'Tavion Sanders,TE,2.7,0.0,2.7,2.7,2.7,2.7,0.0,1.0,2.7,,0.0,0
2026-10-04 22:52:42Z,CAR,pre,0.0,PRE,0,7594,Chuba Hubbard,RB,16.6,0.0,16.6,16.6,16.6,16.6,0.0,1.0,16.6,,0.0,0
2026-10-04 22:52:42Z,DET,pre,0.0,PRE,0,11539,Jake Bates,K,9.5,0.0,9.5,9.5,9.5,9.5,0.0,1.0,9.5,,0.0,0
2026-10-04 22:52:42Z,CAR,pre,0.0,PRE,0,2505,Darren Waller,TE,8.8,0.0,8.8,8.8,8.8,8.8,0.0,1.0,8.8,,0.0,0
2026-10-04 22:54:42Z,CAR,pre,0.0,PRE,0,11157,Brycen Tremayne,WR,5.6,0.0,5.6,5.6,5.6,5.6,0.0,1.0,5.6,,0.0,0
2026-10-04 22:54:42Z,CAR,pre,0.0,PRE,0,12961,Ryan Fitzgerald,K,7.3,0.0,7.3,7.3,7.3,7.3,0.0,1.0,7.3,,0.0,0
2026-10-04 22:54:42Z,DET,pre,0.0,PRE,0,12535,Isaac TeSlaa,WR,5.3,0.0,5.3,5.3,5.3,5.3,0.0,1.0,5.3,,0.0,0
2026-10-04 22:54:42Z,DET,pre,0.0,PRE,0,10859,Sam LaPorta,TE,13.0,0.0,13.0,13.0,13.0,13.0,0.0,1.0,13.0,,0.0,0
2026-10-04 22:54:42Z,DET,pre,0.0,PRE,0,11237,Jacob Saylors,RB,1.7,0.0,1.7,1.7,1.7,1.7,0.0,1.0,1.7,,0.0,0
2026-10-04 22:54:42Z,CAR,pre,0.0,PRE,0,9228,Bryce Young,QB,19.4,0.0,19.4,19.4,19.4,19.4,0.0,1.0,19.4,,0.0,0
2026-10-04 22:54:42Z,CAR,pre,0.0,PRE,0,7694,Tommy Tremble,TE,3.8,0.0,3.8,3.8,3.8,3.8,0.0,1.0,3.8,,0.0,0
2026-10-04 22:54:42Z,CAR,pre,0.0,PRE,0,8160,Kenny Pickett,QB,0.6,0.0,0.6,0.6,0.6,0.6,0.0,1.0,0.6,,0.0,0
2026-10-04 22:54:42Z,CAR,pre,0.0,PRE,0,CAR,Carolina Panthers D/ST,DST,4.2,0.0,4.2,4.2,4.2,4.2,0.0,1.0,4.2,,0.0,0
2026-10-04 22:54:42Z,DET,pre,0.0,PRE,0,8250,Tay Martin,WR,0.8,0.0,0.8,0.8,0.8,0.8,0.0,1.0,0.8,,0.0,0
2026-10-04 22:54:42Z,DET,pre,0.0,PRE,0,4179,Joshua Dobbs,QB,0.6,0.0,0.6,0.6,0.6,0.6,0.0,1.0,0.6,,0.0,0
2026-10-04 22:54:42Z,DET,pre,0.0,PRE,0,9221,Jahmyr Gibbs,RB,25.7,0.0,25.7,25.7,25.7,25.7,0.0,1.0,25.7,,0.0,0
2026-10-04 22:54:42Z,DET,pre,0.0,PRE,0,3163,Jared Goff,QB,18.3,0.0,18.3,18.3,18.3,18.3,0.0,1.0,18.3,,0.0,0
2026-10-04 22:54:42Z,DET,pre,0.0,PRE,0,8148,Jameson Williams,WR,12.7,0.0,12.7,12.7,12.7,12.7,0.0,1.0,12.7,,0.0,0
2026-10-04 22:54:42Z,DET,pre,0.0,PRE,0,7891,Brock Wright,TE,1.5,0.0,1.5,1.5,1.5,1.5,0.0,1.0,1.5,,0.0,0
2026-10-04 22:54:42Z,DET,pre,0.0,PRE,0,7547,Amon-Ra St. Brown,WR,20.0,0.0,20.0,20.0,20.0,20.0,0.0,1.0,20.0,,0.0,0
2026-10-04 22:54:42Z,CAR,pre,0.0,PRE,0,12526,Tetairoa McMillan,WR,16.4,0.0,16.4,16.4,16.4,16.4,0.0,1.0,16.4,,0.0,0
2026-10-04 22:54:42Z,CAR,pre,0.0,PRE,0,11646,Jalen Coker,WR,8.5,0.0,8.5,8.5,8.5,8.5,0.0,1.0,8.5,,0.0,0
2026-10-04 22:54:42Z,DET,pre,0.0,PRE,0,DET,Detroit Lions D/ST,DST,5.7,0.0,5.7,5.7,5.7,5.7,0.0,1.0,5.7,,0.0,0
2026-10-04 22:54:42Z,DET,pre,0.0,PRE,0,11729,Sione Vaki,RB,2.6,0.0,2.6,2.6,2.6,2.6,0.0,1.0,2.6,,0.0,0
2026-10-04 22:54:42Z,CAR,pre,0.0,PRE,0,11600,Ja'Tavion Sanders,TE,2.7,0.0,2.7,2.7,2.7,2.7,0.0,1.0,2.7,,0.0,0
2026-10-04 22:54:42Z,CAR,pre,0.0,PRE,0,7594,Chuba Hubbard,RB,16.6,0.0,16.6,16.6,16.6,16.6,0.0,1.0,16.6,,0.0,0
2026-10-04 22:54:42Z,DET,pre,0.0,PRE,0,11539,Jake Bates,K,9.5,0.0,9.5,9.5,9.5,9.5,0.0,1.0,9.5,,0.0,0
2026-10-04 22:54:42Z,CAR,pre,0.0,PRE,0,2505,Darren Waller,TE,8.8,0.0,8.8,8.8,8.8,8.8,0.0,1.0,8.8,,0.0,0
2026-10-04 22:56:43Z,CAR,pre,0.0,PRE,0,11157,Brycen Tremayne,WR,5.6,0.0,5.6,5.6,5.6,5.6,0.0,1.0,5.6,,0.0,0
2026-10-04 22:56:43Z,CAR,pre,0.0,PRE,0,12961,Ryan Fitzgerald,K,7.3,0.0,7.3,7.3,7.3,7.3,0.0,1.0,7.3,,0.0,0
2026-10-04 22:56:43Z,DET,pre,0.0,PRE,0,12535,Isaac TeSlaa,WR,5.3,0.0,5.3,5.3,5.3,5.3,0.0,1.0,5.3,,0.0,0
2026-10-04 22:56:43Z,DET,pre,0.0,PRE,0,10859,Sam LaPorta,TE,13.0,0.0,13.0,13.0,13.0,13.0,0.0,1.0,13.0,,0.0,0
2026-10-04 22:56:43Z,DET,pre,0.0,PRE,0,11237,Jacob Saylors,RB,1.7,0.0,1.7,1.7,1.7,1.7,0.0,1.0,1.7,,0.0,0
2026-10-04 22:56:43Z,CAR,pre,0.0,PRE,0,9228,Bryce Young,QB,19.4,0.0,19.4,19.4,19.4,19.4,0.0,1.0,19.4,,0.0,0
2026-10-04 22:56:43Z,CAR,pre,0.0,PRE,0,7694,Tommy Tremble,TE,3.8,0.0,3.8,3.8,3.8,3.8,0.0,1.0,3.8,,0.0,0
2026-10-04 22:56:43Z,CAR,pre,0.0,PRE,0,8160,Kenny Pickett,QB,0.6,0.0,0.6,0.6,0.6,0.6,0.0,1.0,0.6,,0.0,0
2026-10-04 22:56:43Z,CAR,pre,0.0,PRE,0,CAR,Carolina Panthers D/ST,DST,4.2,0.0,4.2,4.2,4.2,4.2,0.0,1.0,4.2,,0.0,0
2026-10-04 22:56:43Z,DET,pre,0.0,PRE,0,8250,Tay Martin,WR,0.8,0.0,0.8,0.8,0.8,0.8,0.0,1.0,0.8,,0.0,0
2026-10-04 22:56:43Z,DET,pre,0.0,PRE,0,4179,Joshua Dobbs,QB,0.6,0.0,0.6,0.6,0.6,0.6,0.0,1.0,0.6,,0.0,0
2026-10-04 22:56:43Z,DET,pre,0.0,PRE,0,9221,Jahmyr Gibbs,RB,25.7,0.0,25.7,25.7,25.7,25.7,0.0,1.0,25.7,,0.0,0
2026-10-04 22:56:43Z,DET,pre,0.0,PRE,0,3163,Jared Goff,QB,18.3,0.0,18.3,18.3,18.3,18.3,0.0,1.0,18.3,,0.0,0
2026-10-04 22:56:43Z,DET,pre,0.0,PRE,0,8148,Jameson Williams,WR,12.7,0.0,12.7,12.7,12.7,12.7,0.0,1.0,12.7,,0.0,0
2026-10-04 22:56:43Z,DET,pre,0.0,PRE,0,7891,Brock Wright,TE,1.5,0.0,1.5,1.5,1.5,1.5,0.0,1.0,1.5,,0.0,0
2026-10-04 22:56:43Z,DET,pre,0.0,PRE,0,7547,Amon-Ra St. Brown,WR,20.0,0.0,20.0,20.0,20.0,20.0,0.0,1.0,20.0,,0.0,0
2026-10-04 22:56:43Z,CAR,pre,0.0,PRE,0,12526,Tetairoa McMillan,WR,16.4,0.0,16.4,16.4,16.4,16.4,0.0,1.0,16.4,,0.0,0
2026-10-04 22:56:43Z,CAR,pre,0.0,PRE,0,11646,Jalen Coker,WR,8.5,0.0,8.5,8.5,8.5,8.5,0.0,1.0,8.5,,0.0,0
2026-10-04 22:56:43Z,DET,pre,0.0,PRE,0,DET,Detroit Lions D/ST,DST,5.7,0.0,5.7,5.7,5.7,5.7,0.0,1.0,5.7,,0.0,0
2026-10-04 22:56:43Z,DET,pre,0.0,PRE,0,11729,Sione Vaki,RB,2.6,0.0,2.6,2.6,2.6,2.6,0.0,1.0,2.6,,0.0,0
2026-10-04 22:56:43Z,CAR,pre,0.0,PRE,0,11600,Ja'Tavion Sanders,TE,2.7,0.0,2.7,2.7,2.7,2.7,0.0,1.0,2.7,,0.0,0
2026-10-04 22:56:43Z,CAR,pre,0.0,PRE,0,7594,Chuba Hubbard,RB,16.6,0.0,16.6,16.6,16.6,16.6,0.0,1.0,16.6,,0.0,0
2026-10-04 22:56:43Z,DET,pre,0.0,PRE,0,11539,Jake Bates,K,9.5,0.0,9.5,9.5,9.5,9.5,0.0,1.0,9.5,,0.0,0
2026-10-04 22:56:43Z,CAR,pre,0.0,PRE,0,2505,Darren Waller,TE,8.8,0.0,8.8,8.8,8.8,8.8,0.0,1.0,8.8,,0.0,0
2026-10-04 22:58:43Z,CAR,pre,0.0,PRE,0,11157,Brycen Tremayne,WR,5.6,0.0,5.6,5.6,5.6,5.6,0.0,1.0,5.6,,0.0,0
2026-10-04 22:58:43Z,CAR,pre,0.0,PRE,0,12961,Ryan Fitzgerald,K,7.3,0.0,7.3,7.3,7.3,7.3,0.0,1.0,7.3,,0.0,0
2026-10-04 22:58:43Z,DET,pre,0.0,PRE,0,12535,Isaac TeSlaa,WR,5.3,0.0,5.3,5.3,5.3,5.3,0.0,1.0,5.3,,0.0,0
2026-10-04 22:58:43Z,DET,pre,0.0,PRE,0,10859,Sam LaPorta,TE,13.0,0.0,13.0,13.0,13.0,13.0,0.0,1.0,13.0,,0.0,0
2026-10-04 22:58:43Z,DET,pre,0.0,PRE,0,11237,Jacob Saylors,RB,1.7,0.0,1.7,1.7,1.7,1.7,0.0,1.0,1.7,,0.0,0
2026-10-04 22:58:43Z,CAR,pre,0.0,PRE,0,9228,Bryce Young,QB,19.4,0.0,19.4,19.4,19.4,19.4,0.0,1.0,19.4,,0.0,0
2026-10-04 22:58:43Z,CAR,pre,0.0,PRE,0,7694,Tommy Tremble,TE,3.8,0.0,3.8,3.8,3.8,3.8,0.0,1.0,3.8,,0.0,0
2026-10-04 22:58:43Z,CAR,pre,0.0,PRE,0,8160,Kenny Pickett,QB,0.6,0.0,0.6,0.6,0.6,0.6,0.0,1.0,0.6,,0.0,0
2026-10-04 22:58:43Z,CAR,pre,0.0,PRE,0,CAR,Carolina Panthers D/ST,DST,4.2,0.0,4.2,4.2,4.2,4.2,0.0,1.0,4.2,,0.0,0
2026-10-04 22:58:43Z,DET,pre,0.0,PRE,0,8250,Tay Martin,WR,0.8,0.0,0.8,0.8,0.8,0.8,0.0,1.0,0.8,,0.0,0
2026-10-04 22:58:43Z,DET,pre,0.0,PRE,0,4179,Joshua Dobbs,QB,0.6,0.0,0.6,0.6,0.6,0.6,0.0,1.0,0.6,,0.0,0
2026-10-04 22:58:43Z,DET,pre,0.0,PRE,0,9221,Jahmyr Gibbs,RB,25.7,0.0,25.7,25.7,25.7,25.7,0.0,1.0,25.7,,0.0,0
2026-10-04 22:58:43Z,DET,pre,0.0,PRE,0,3163,Jared Goff,QB,18.3,0.0,18.3,18.3,18.3,18.3,0.0,1.0,18.3,,0.0,0
2026-10-04 22:58:43Z,DET,pre,0.0,PRE,0,8148,Jameson Williams,WR,12.7,0.0,12.7,12.7,12.7,12.7,0.0,1.0,12.7,,0.0,0
2026-10-04 22:58:43Z,DET,pre,0.0,PRE,0,7891,Brock Wright,TE,1.5,0.0,1.5,1.5,1.5,1.5,0.0,1.0,1.5,,0.0,0
2026-10-04 22:58:43Z,DET,pre,0.0,PRE,0,7547,Amon-Ra St. Brown,WR,20.0,0.0,20.0,20.0,20.0,20.0,0.0,1.0,20.0,,0.0,0
2026-10-04 22:58:43Z,CAR,pre,0.0,PRE,0,12526,Tetairoa McMillan,WR,16.4,0.0,16.4,16.4,16.4,16.4,0.0,1.0,16.4,,0.0,0
2026-10-04 22:58:43Z,CAR,pre,0.0,PRE,0,11646,Jalen Coker,WR,8.5,0.0,8.5,8.5,8.5,8.5,0.0,1.0,8.5,,0.0,0
2026-10-04 22:58:43Z,DET,pre,0.0,PRE,0,DET,Detroit Lions D/ST,DST,5.7,0.0,5.7,5.7,5.7,5.7,0.0,1.0,5.7,,0.0,0
2026-10-04 22:58:43Z,DET,pre,0.0,PRE,0,11729,Sione Vaki,RB,2.6,0.0,2.6,2.6,2.6,2.6,0.0,1.0,2.6,,0.0,0
2026-10-04 22:58:43Z,CAR,pre,0.0,PRE,0,11600,Ja'Tavion Sanders,TE,2.7,0.0,2.7,2.7,2.7,2.7,0.0,1.0,2.7,,0.0,0
2026-10-04 22:58:43Z,CAR,pre,0.0,PRE,0,7594,Chuba Hubbard,RB,16.6,0.0,16.6,16.6,16.6,16.6,0.0,1.0,16.6,,0.0,0
2026-10-04 22:58:43Z,DET,pre,0.0,PRE,0,11539,Jake Bates,K,9.5,0.0,9.5,9.5,9.5,9.5,0.0,1.0,9.5,,0.0,0
2026-10-04 22:58:43Z,CAR,pre,0.0,PRE,0,2505,Darren Waller,TE,8.8,0.0,8.8,8.8,8.8,8.8,0.0,1.0,8.8,,0.0,0
2026-10-04 23:00:44Z,CAR,pre,0.0,PRE,0,11157,Brycen Tremayne,WR,5.6,0.0,5.6,5.6,5.6,5.6,0.0,1.0,5.6,,0.0,0
2026-10-04 23:00:44Z,CAR,pre,0.0,PRE,0,12961,Ryan Fitzgerald,K,7.3,0.0,7.3,7.3,7.3,7.3,0.0,1.0,7.3,,0.0,0
2026-10-04 23:00:44Z,DET,pre,0.0,PRE,0,12535,Isaac TeSlaa,WR,5.3,0.0,5.3,5.3,5.3,5.3,0.0,1.0,5.3,,0.0,0
2026-10-04 23:00:44Z,DET,pre,0.0,PRE,0,10859,Sam LaPorta,TE,13.0,0.0,13.0,13.0,13.0,13.0,0.0,1.0,13.0,,0.0,0
2026-10-04 23:00:44Z,DET,pre,0.0,PRE,0,11237,Jacob Saylors,RB,1.7,0.0,1.7,1.7,1.7,1.7,0.0,1.0,1.7,,0.0,0
2026-10-04 23:00:44Z,CAR,pre,0.0,PRE,0,9228,Bryce Young,QB,19.4,0.0,19.4,19.4,19.4,19.4,0.0,1.0,19.4,,0.0,0
2026-10-04 23:00:44Z,CAR,pre,0.0,PRE,0,7694,Tommy Tremble,TE,3.8,0.0,3.8,3.8,3.8,3.8,0.0,1.0,3.8,,0.0,0
2026-10-04 23:00:44Z,CAR,pre,0.0,PRE,0,8160,Kenny Pickett,QB,0.6,0.0,0.6,0.6,0.6,0.6,0.0,1.0,0.6,,0.0,0
2026-10-04 23:00:44Z,CAR,pre,0.0,PRE,0,CAR,Carolina Panthers D/ST,DST,4.2,0.0,4.2,4.2,4.2,4.2,0.0,1.0,4.2,,0.0,0
2026-10-04 23:00:44Z,DET,pre,0.0,PRE,0,8250,Tay Martin,WR,0.8,0.0,0.8,0.8,0.8,0.8,0.0,1.0,0.8,,0.0,0
2026-10-04 23:00:44Z,DET,pre,0.0,PRE,0,4179,Joshua Dobbs,QB,0.6,0.0,0.6,0.6,0.6,0.6,0.0,1.0,0.6,,0.0,0
2026-10-04 23:00:44Z,DET,pre,0.0,PRE,0,9221,Jahmyr Gibbs,RB,25.7,0.0,25.7,25.7,25.7,25.7,0.0,1.0,25.7,,0.0,0
2026-10-04 23:00:44Z,DET,pre,0.0,PRE,0,3163,Jared Goff,QB,18.3,0.0,18.3,18.3,18.3,18.3,0.0,1.0,18.3,,0.0,0
2026-10-04 23:00:44Z,DET,pre,0.0,PRE,0,8148,Jameson Williams,WR,12.7,0.0,12.7,12.7,12.7,12.7,0.0,1.0,12.7,,0.0,0
2026-10-04 23:00:44Z,DET,pre,0.0,PRE,0,7891,Brock Wright,TE,1.5,0.0,1.5,1.5,1.5,1.5,0.0,1.0,1.5,,0.0,0
2026-10-04 23:00:44Z,DET,pre,0.0,PRE,0,7547,Amon-Ra St. Brown,WR,20.0,0.0,20.0,20.0,20.0,20.0,0.0,1.0,20.0,,0.0,0
2026-10-04 23:00:44Z,CAR,pre,0.0,PRE,0,12526,Tetairoa McMillan,WR,16.4,0.0,16.4,16.4,16.4,16.4,0.0,1.0,16.4,,0.0,0
2026-10-04 23:00:44Z,CAR,pre,0.0,PRE,0,11646,Jalen Coker,WR,8.5,0.0,8.5,8.5,8.5,8.5,0.0,1.0,8.5,,0.0,0
2026-10-04 23:00:44Z,DET,pre,0.0,PRE,0,DET,Detroit Lions D/ST,DST,5.7,0.0,5.7,5.7,5.7,5.7,0.0,1.0,5.7,,0.0,0
2026-10-04 23:00:44Z,DET,pre,0.0,PRE,0,11729,Sione Vaki,RB,2.6,0.0,2.6,2.6,2.6,2.6,0.0,1.0,2.6,,0.0,0
2026-10-04 23:00:44Z,CAR,pre,0.0,PRE,0,11600,Ja'Tavion Sanders,TE,2.7,0.0,2.7,2.7,2.7,2.7,0.0,1.0,2.7,,0.0,0
2026-10-04 23:00:44Z,CAR,pre,0.0,PRE,0,7594,Chuba Hubbard,RB,16.6,0.0,16.6,16.6,16.6,16.6,0.0,1.0,16.6,,0.0,0
2026-10-04 23:00:44Z,DET,pre,0.0,PRE,0,11539,Jake Bates,K,9.5,0.0,9.5,9.5,9.5,9.5,0.0,1.0,9.5,,0.0,0
2026-10-04 23:00:44Z,CAR,pre,0.0,PRE,0,2505,Darren Waller,TE,8.8,0.0,8.8,8.8,8.8,8.8,0.0,1.0,8.8,,0.0,0
2026-10-04 23:02:44Z,CAR,pre,0.0,PRE,0,11157,Brycen Tremayne,WR,5.6,0.0,5.6,5.6,5.6,5.6,0.0,1.0,5.6,,0.0,0
2026-10-04 23:02:44Z,CAR,pre,0.0,PRE,0,12961,Ryan Fitzgerald,K,7.3,0.0,7.3,7.3,7.3,7.3,0.0,1.0,7.3,,0.0,0
2026-10-04 23:02:44Z,DET,pre,0.0,PRE,0,12535,Isaac TeSlaa,WR,5.3,0.0,5.3,5.3,5.3,5.3,0.0,1.0,5.3,,0.0,0
2026-10-04 23:02:44Z,DET,pre,0.0,PRE,0,10859,Sam LaPorta,TE,13.0,0.0,13.0,13.0,13.0,13.0,0.0,1.0,13.0,,0.0,0
2026-10-04 23:02:44Z,DET,pre,0.0,PRE,0,11237,Jacob Saylors,RB,1.7,0.0,1.7,1.7,1.7,1.7,0.0,1.0,1.7,,0.0,0
2026-10-04 23:02:44Z,CAR,pre,0.0,PRE,0,9228,Bryce Young,QB,19.4,0.0,19.4,19.4,19.4,19.4,0.0,1.0,19.4,,0.0,0
2026-10-04 23:02:44Z,CAR,pre,0.0,PRE,0,7694,Tommy Tremble,TE,3.8,0.0,3.8,3.8,3.8,3.8,0.0,1.0,3.8,,0.0,0
2026-10-04 23:02:44Z,CAR,pre,0.0,PRE,0,8160,Kenny Pickett,QB,0.6,0.0,0.6,0.6,0.6,0.6,0.0,1.0,0.6,,0.0,0
2026-10-04 23:02:44Z,CAR,pre,0.0,PRE,0,CAR,Carolina Panthers D/ST,DST,4.2,0.0,4.2,4.2,4.2,4.2,0.0,1.0,4.2,,0.0,0
2026-10-04 23:02:44Z,DET,pre,0.0,PRE,0,8250,Tay Martin,WR,0.8,0.0,0.8,0.8,0.8,0.8,0.0,1.0,0.8,,0.0,0
2026-10-04 23:02:44Z,DET,pre,0.0,PRE,0,4179,Joshua Dobbs,QB,0.6,0.0,0.6,0.6,0.6,0.6,0.0,1.0,0.6,,0.0,0
2026-10-04 23:02:44Z,DET,pre,0.0,PRE,0,9221,Jahmyr Gibbs,RB,25.7,0.0,25.7,25.7,25.7,25.7,0.0,1.0,25.7,,0.0,0
2026-10-04 23:02:44Z,DET,pre,0.0,PRE,0,3163,Jared Goff,QB,18.3,0.0,18.3,18.3,18.3,18.3,0.0,1.0,18.3,,0.0,0
2026-10-04 23:02:44Z,DET,pre,0.0,PRE,0,8148,Jameson Williams,WR,12.7,0.0,12.7,12.7,12.7,12.7,0.0,1.0,12.7,,0.0,0
2026-10-04 23:02:44Z,DET,pre,0.0,PRE,0,7891,Brock Wright,TE,1.5,0.0,1.5,1.5,1.5,1.5,0.0,1.0,1.5,,0.0,0
2026-10-04 23:02:44Z,DET,pre,0.0,PRE,0,7547,Amon-Ra St. Brown,WR,20.0,0.0,20.0,20.0,20.0,20.0,0.0,1.0,20.0,,0.0,0
2026-10-04 23:02:44Z,CAR,pre,0.0,PRE,0,12526,Tetairoa McMillan,WR,16.4,0.0,16.4,16.4,16.4,16.4,0.0,1.0,16.4,,0.0,0
2026-10-04 23:02:44Z,CAR,pre,0.0,PRE,0,11646,Jalen Coker,WR,8.5,0.0,8.5,8.5,8.5,8.5,0.0,1.0,8.5,,0.0,0
2026-10-04 23:02:44Z,DET,pre,0.0,PRE,0,DET,Detroit Lions D/ST,DST,5.7,0.0,5.7,5.7,5.7,5.7,0.0,1.0,5.7,,0.0,0
2026-10-04 23:02:44Z,DET,pre,0.0,PRE,0,11729,Sione Vaki,RB,2.6,0.0,2.6,2.6,2.6,2.6,0.0,1.0,2.6,,0.0,0
2026-10-04 23:02:44Z,CAR,pre,0.0,PRE,0,11600,Ja'Tavion Sanders,TE,2.7,0.0,2.7,2.7,2.7,2.7,0.0,1.0,2.7,,0.0,0
2026-10-04 23:02:44Z,CAR,pre,0.0,PRE,0,7594,Chuba Hubbard,RB,16.6,0.0,16.6,16.6,16.6,16.6,0.0,1.0,16.6,,0.0,0
2026-10-04 23:02:44Z,DET,pre,0.0,PRE,0,11539,Jake Bates,K,9.5,0.0,9.5,9.5,9.5,9.5,0.0,1.0,9.5,,0.0,0
2026-10-04 23:02:44Z,CAR,pre,0.0,PRE,0,2505,Darren Waller,TE,8.8,0.0,8.8,8.8,8.8,8.8,0.0,1.0,8.8,,0.0,0
2026-10-04 23:04:44Z,CAR,pre,0.0,PRE,0,11157,Brycen Tremayne,WR,5.6,0.0,5.6,5.6,5.6,5.6,0.0,1.0,5.6,,0.0,0
2026-10-04 23:04:44Z,CAR,pre,0.0,PRE,0,12961,Ryan Fitzgerald,K,7.3,0.0,7.3,7.3,7.3,7.3,0.0,1.0,7.3,,0.0,0
2026-10-04 23:04:44Z,DET,pre,0.0,PRE,0,12535,Isaac TeSlaa,WR,5.3,0.0,5.3,5.3,5.3,5.3,0.0,1.0,5.3,,0.0,0
2026-10-04 23:04:44Z,DET,pre,0.0,PRE,0,10859,Sam LaPorta,TE,13.0,0.0,13.0,13.0,13.0,13.0,0.0,1.0,13.0,,0.0,0
2026-10-04 23:04:44Z,DET,pre,0.0,PRE,0,11237,Jacob Saylors,RB,1.7,0.0,1.7,1.7,1.7,1.7,0.0,1.0,1.7,,0.0,0
2026-10-04 23:04:44Z,CAR,pre,0.0,PRE,0,9228,Bryce Young,QB,19.4,0.0,19.4,19.4,19.4,19.4,0.0,1.0,19.4,,0.0,0
2026-10-04 23:04:44Z,CAR,pre,0.0,PRE,0,7694,Tommy Tremble,TE,3.8,0.0,3.8,3.8,3.8,3.8,0.0,1.0,3.8,,0.0,0
2026-10-04 23:04:44Z,CAR,pre,0.0,PRE,0,8160,Kenny Pickett,QB,0.6,0.0,0.6,0.6,0.6,0.6,0.0,1.0,0.6,,0.0,0
2026-10-04 23:04:44Z,CAR,pre,0.0,PRE,0,CAR,Carolina Panthers D/ST,DST,4.2,0.0,4.2,4.2,4.2,4.2,0.0,1.0,4.2,,0.0,0
2026-10-04 23:04:44Z,DET,pre,0.0,PRE,0,8250,Tay Martin,WR,0.8,0.0,0.8,0.8,0.8,0.8,0.0,1.0,0.8,,0.0,0
2026-10-04 23:04:44Z,DET,pre,0.0,PRE,0,4179,Joshua Dobbs,QB,0.6,0.0,0.6,0.6,0.6,0.6,0.0,1.0,0.6,,0.0,0
2026-10-04 23:04:44Z,DET,pre,0.0,PRE,0,9221,Jahmyr Gibbs,RB,25.7,0.0,25.7,25.7,25.7,25.7,0.0,1.0,25.7,,0.0,0
2026-10-04 23:04:44Z,DET,pre,0.0,PRE,0,3163,Jared Goff,QB,18.3,0.0,18.3,18.3,18.3,18.3,0.0,1.0,18.3,,0.0,0
2026-10-04 23:04:44Z,DET,pre,0.0,PRE,0,8148,Jameson Williams,WR,12.7,0.0,12.7,12.7,12.7,12.7,0.0,1.0,12.7,,0.0,0
2026-10-04 23:04:44Z,DET,pre,0.0,PRE,0,7891,Brock Wright,TE,1.5,0.0,1.5,1.5,1.5,1.5,0.0,1.0,1.5,,0.0,0
2026-10-04 23:04:44Z,DET,pre,0.0,PRE,0,7547,Amon-Ra St. Brown,WR,20.0,0.0,20.0,20.0,20.0,20.0,0.0,1.0,20.0,,0.0,0
2026-10-04 23:04:44Z,CAR,pre,0.0,PRE,0,12526,Tetairoa McMillan,WR,16.4,0.0,16.4,16.4,16.4,16.4,0.0,1.0,16.4,,0.0,0
2026-10-04 23:04:44Z,CAR,pre,0.0,PRE,0,11646,Jalen Coker,WR,8.5,0.0,8.5,8.5,8.5,8.5,0.0,1.0,8.5,,0.0,0
2026-10-04 23:04:44Z,DET,pre,0.0,PRE,0,DET,Detroit Lions D/ST,DST,5.7,0.0,5.7,5.7,5.7,5.7,0.0,1.0,5.7,,0.0,0
2026-10-04 23:04:44Z,DET,pre,0.0,PRE,0,11729,Sione Vaki,RB,2.6,0.0,2.6,2.6,2.6,2.6,0.0,1.0,2.6,,0.0,0
2026-10-04 23:04:44Z,CAR,pre,0.0,PRE,0,11600,Ja'Tavion Sanders,TE,2.7,0.0,2.7,2.7,2.7,2.7,0.0,1.0,2.7,,0.0,0
2026-10-04 23:04:44Z,CAR,pre,0.0,PRE,0,7594,Chuba Hubbard,RB,16.6,0.0,16.6,16.6,16.6,16.6,0.0,1.0,16.6,,0.0,0
2026-10-04 23:04:44Z,DET,pre,0.0,PRE,0,11539,Jake Bates,K,9.5,0.0,9.5,9.5,9.5,9.5,0.0,1.0,9.5,,0.0,0
2026-10-04 23:04:44Z,CAR,pre,0.0,PRE,0,2505,Darren Waller,TE,8.8,0.0,8.8,8.8,8.8,8.8,0.0,1.0,8.8,,0.0,0
2026-10-04 23:06:45Z,CAR,pre,0.0,PRE,0,11157,Brycen Tremayne,WR,5.6,0.0,5.6,5.6,5.6,5.6,0.0,1.0,5.6,,0.0,0
2026-10-04 23:06:45Z,CAR,pre,0.0,PRE,0,12961,Ryan Fitzgerald,K,7.3,0.0,7.3,7.3,7.3,7.3,0.0,1.0,7.3,,0.0,0
2026-10-04 23:06:45Z,DET,pre,0.0,PRE,0,12535,Isaac TeSlaa,WR,5.3,0.0,5.3,5.3,5.3,5.3,0.0,1.0,5.3,,0.0,0
2026-10-04 23:06:45Z,DET,pre,0.0,PRE,0,10859,Sam LaPorta,TE,13.0,0.0,13.0,13.0,13.0,13.0,0.0,1.0,13.0,,0.0,0
2026-10-04 23:06:45Z,DET,pre,0.0,PRE,0,11237,Jacob Saylors,RB,1.7,0.0,1.7,1.7,1.7,1.7,0.0,1.0,1.7,,0.0,0
2026-10-04 23:06:45Z,CAR,pre,0.0,PRE,0,9228,Bryce Young,QB,19.4,0.0,19.4,19.4,19.4,19.4,0.0,1.0,19.4,,0.0,0
2026-10-04 23:06:45Z,CAR,pre,0.0,PRE,0,7694,Tommy Tremble,TE,3.8,0.0,3.8,3.8,3.8,3.8,0.0,1.0,3.8,,0.0,0
2026-10-04 23:06:45Z,CAR,pre,0.0,PRE,0,8160,Kenny Pickett,QB,0.6,0.0,0.6,0.6,0.6,0.6,0.0,1.0,0.6,,0.0,0
2026-10-04 23:06:45Z,CAR,pre,0.0,PRE,0,CAR,Carolina Panthers D/ST,DST,4.2,0.0,4.2,4.2,4.2,4.2,0.0,1.0,4.2,,0.0,0
2026-10-04 23:06:45Z,DET,pre,0.0,PRE,0,8250,Tay Martin,WR,0.8,0.0,0.8,0.8,0.8,0.8,0.0,1.0,0.8,,0.0,0
2026-10-04 23:06:45Z,DET,pre,0.0,PRE,0,4179,Joshua Dobbs,QB,0.6,0.0,0.6,0.6,0.6,0.6,0.0,1.0,0.6,,0.0,0
2026-10-04 23:06:45Z,DET,pre,0.0,PRE,0,9221,Jahmyr Gibbs,RB,25.7,0.0,25.7,25.7,25.7,25.7,0.0,1.0,25.7,,0.0,0
2026-10-04 23:06:45Z,DET,pre,0.0,PRE,0,3163,Jared Goff,QB,18.3,0.0,18.3,18.3,18.3,18.3,0.0,1.0,18.3,,0.0,0
2026-10-04 23:06:45Z,DET,pre,0.0,PRE,0,8148,Jameson Williams,WR,12.7,0.0,12.7,12.7,12.7,12.7,0.0,1.0,12.7,,0.0,0
2026-10-04 23:06:45Z,DET,pre,0.0,PRE,0,7891,Brock Wright,TE,1.5,0.0,1.5,1.5,1.5,1.5,0.0,1.0,1.5,,0.0,0
2026-10-04 23:06:45Z,DET,pre,0.0,PRE,0,7547,Amon-Ra St. Brown,WR,20.0,0.0,20.0,20.0,20.0,20.0,0.0,1.0,20.0,,0.0,0
2026-10-04 23:06:45Z,CAR,pre,0.0,PRE,0,12526,Tetairoa McMillan,WR,16.4,0.0,16.4,16.4,16.4,16.4,0.0,1.0,16.4,,0.0,0
2026-10-04 23:06:45Z,CAR,pre,0.0,PRE,0,11646,Jalen Coker,WR,8.5,0.0,8.5,8.5,8.5,8.5,0.0,1.0,8.5,,0.0,0
2026-10-04 23:06:45Z,DET,pre,0.0,PRE,0,DET,Detroit Lions D/ST,DST,5.7,0.0,5.7,5.7,5.7,5.7,0.0,1.0,5.7,,0.0,0
2026-10-04 23:06:45Z,DET,pre,0.0,PRE,0,11729,Sione Vaki,RB,2.6,0.0,2.6,2.6,2.6,2.6,0.0,1.0,2.6,,0.0,0
2026-10-04 23:06:45Z,CAR,pre,0.0,PRE,0,11600,Ja'Tavion Sanders,TE,2.7,0.0,2.7,2.7,2.7,2.7,0.0,1.0,2.7,,0.0,0
2026-10-04 23:06:45Z,CAR,pre,0.0,PRE,0,7594,Chuba Hubbard,RB,16.6,0.0,16.6,16.6,16.6,16.6,0.0,1.0,16.6,,0.0,0
2026-10-04 23:06:45Z,DET,pre,0.0,PRE,0,11539,Jake Bates,K,9.5,0.0,9.5,9.5,9.5,9.5,0.0,1.0,9.5,,0.0,0
2026-10-04 23:06:45Z,CAR,pre,0.0,PRE,0,2505,Darren Waller,TE,8.8,0.0,8.8,8.8,8.8,8.8,0.0,1.0,8.8,,0.0,0
2026-10-04 23:08:45Z,CAR,pre,0.0,PRE,0,11157,Brycen Tremayne,WR,5.6,0.0,5.6,5.6,5.6,5.6,0.0,1.0,5.6,,0.0,0
2026-10-04 23:08:45Z,CAR,pre,0.0,PRE,0,12961,Ryan Fitzgerald,K,7.3,0.0,7.3,7.3,7.3,7.3,0.0,1.0,7.3,,0.0,0
2026-10-04 23:08:45Z,DET,pre,0.0,PRE,0,12535,Isaac TeSlaa,WR,5.3,0.0,5.3,5.3,5.3,5.3,0.0,1.0,5.3,,0.0,0
2026-10-04 23:08:45Z,DET,pre,0.0,PRE,0,10859,Sam LaPorta,TE,13.0,0.0,13.0,13.0,13.0,13.0,0.0,1.0,13.0,,0.0,0
2026-10-04 23:08:45Z,DET,pre,0.0,PRE,0,11237,Jacob Saylors,RB,1.7,0.0,1.7,1.7,1.7,1.7,0.0,1.0,1.7,,0.0,0
2026-10-04 23:08:45Z,CAR,pre,0.0,PRE,0,9228,Bryce Young,QB,19.4,0.0,19.4,19.4,19.4,19.4,0.0,1.0,19.4,,0.0,0
2026-10-04 23:08:45Z,CAR,pre,0.0,PRE,0,7694,Tommy Tremble,TE,3.8,0.0,3.8,3.8,3.8,3.8,0.0,1.0,3.8,,0.0,0
2026-10-04 23:08:45Z,CAR,pre,0.0,PRE,0,8160,Kenny Pickett,QB,0.6,0.0,0.6,0.6,0.6,0.6,0.0,1.0,0.6,,0.0,0
2026-10-04 23:08:45Z,CAR,pre,0.0,PRE,0,CAR,Carolina Panthers D/ST,DST,4.2,0.0,4.2,4.2,4.2,4.2,0.0,1.0,4.2,,0.0,0
2026-10-04 23:08:45Z,DET,pre,0.0,PRE,0,8250,Tay Martin,WR,0.8,0.0,0.8,0.8,0.8,0.8,0.0,1.0,0.8,,0.0,0
2026-10-04 23:08:45Z,DET,pre,0.0,PRE,0,4179,Joshua Dobbs,QB,0.6,0.0,0.6,0.6,0.6,0.6,0.0,1.0,0.6,,0.0,0
2026-10-04 23:08:45Z,DET,pre,0.0,PRE,0,9221,Jahmyr Gibbs,RB,25.7,0.0,25.7,25.7,25.7,25.7,0.0,1.0,25.7,,0.0,0
2026-10-04 23:08:45Z,DET,pre,0.0,PRE,0,3163,Jared Goff,QB,18.3,0.0,18.3,18.3,18.3,18.3,0.0,1.0,18.3,,0.0,0
2026-10-04 23:08:45Z,DET,pre,0.0,PRE,0,8148,Jameson Williams,WR,12.7,0.0,12.7,12.7,12.7,12.7,0.0,1.0,12.7,,0.0,0
2026-10-04 23:08:45Z,DET,pre,0.0,PRE,0,7891,Brock Wright,TE,1.5,0.0,1.5,1.5,1.5,1.5,0.0,1.0,1.5,,0.0,0
2026-10-04 23:08:45Z,DET,pre,0.0,PRE,0,7547,Amon-Ra St. Brown,WR,20.0,0.0,20.0,20.0,20.0,20.0,0.0,1.0,20.0,,0.0,0
2026-10-04 23:08:45Z,CAR,pre,0.0,PRE,0,12526,Tetairoa McMillan,WR,16.4,0.0,16.4,16.4,16.4,16.4,0.0,1.0,16.4,,0.0,0
2026-10-04 23:08:45Z,CAR,pre,0.0,PRE,0,11646,Jalen Coker,WR,8.5,0.0,8.5,8.5,8.5,8.5,0.0,1.0,8.5,,0.0,0
2026-10-04 23:08:45Z,DET,pre,0.0,PRE,0,DET,Detroit Lions D/ST,DST,5.7,0.0,5.7,5.7,5.7,5.7,0.0,1.0,5.7,,0.0,0
2026-10-04 23:08:45Z,DET,pre,0.0,PRE,0,11729,Sione Vaki,RB,2.6,0.0,2.6,2.6,2.6,2.6,0.0,1.0,2.6,,0.0,0
2026-10-04 23:08:45Z,CAR,pre,0.0,PRE,0,11600,Ja'Tavion Sanders,TE,2.7,0.0,2.7,2.7,2.7,2.7,0.0,1.0,2.7,,0.0,0
2026-10-04 23:08:45Z,CAR,pre,0.0,PRE,0,7594,Chuba Hubbard,RB,16.6,0.0,16.6,16.6,16.6,16.6,0.0,1.0,16.6,,0.0,0
2026-10-04 23:08:45Z,DET,pre,0.0,PRE,0,11539,Jake Bates,K,9.5,0.0,9.5,9.5,9.5,9.5,0.0,1.0,9.5,,0.0,0
2026-10-04 23:08:45Z,CAR,pre,0.0,PRE,0,2505,Darren Waller,TE,8.8,0.0,8.8,8.8,8.8,8.8,0.0,1.0,8.8,,0.0,0
2026-10-04 23:10:46Z,CAR,pre,0.0,PRE,0,11157,Brycen Tremayne,WR,5.6,0.0,5.6,5.6,5.6,5.6,0.0,1.0,5.6,,0.0,0
2026-10-04 23:10:46Z,CAR,pre,0.0,PRE,0,12961,Ryan Fitzgerald,K,7.3,0.0,7.3,7.3,7.3,7.3,0.0,1.0,7.3,,0.0,0
2026-10-04 23:10:46Z,DET,pre,0.0,PRE,0,12535,Isaac TeSlaa,WR,5.3,0.0,5.3,5.3,5.3,5.3,0.0,1.0,5.3,,0.0,0
2026-10-04 23:10:46Z,DET,pre,0.0,PRE,0,10859,Sam LaPorta,TE,13.0,0.0,13.0,13.0,13.0,13.0,0.0,1.0,13.0,,0.0,0
2026-10-04 23:10:46Z,DET,pre,0.0,PRE,0,11237,Jacob Saylors,RB,1.7,0.0,1.7,1.7,1.7,1.7,0.0,1.0,1.7,,0.0,0
2026-10-04 23:10:46Z,CAR,pre,0.0,PRE,0,9228,Bryce Young,QB,19.4,0.0,19.4,19.4,19.4,19.4,0.0,1.0,19.4,,0.0,0
2026-10-04 23:10:46Z,CAR,pre,0.0,PRE,0,7694,Tommy Tremble,TE,3.8,0.0,3.8,3.8,3.8,3.8,0.0,1.0,3.8,,0.0,0
2026-10-04 23:10:46Z,CAR,pre,0.0,PRE,0,8160,Kenny Pickett,QB,0.6,0.0,0.6,0.6,0.6,0.6,0.0,1.0,0.6,,0.0,0
2026-10-04 23:10:46Z,CAR,pre,0.0,PRE,0,CAR,Carolina Panthers D/ST,DST,4.2,0.0,4.2,4.2,4.2,4.2,0.0,1.0,4.2,,0.0,0
2026-10-04 23:10:46Z,DET,pre,0.0,PRE,0,8250,Tay Martin,WR,0.8,0.0,0.8,0.8,0.8,0.8,0.0,1.0,0.8,,0.0,0
2026-10-04 23:10:46Z,DET,pre,0.0,PRE,0,4179,Joshua Dobbs,QB,0.6,0.0,0.6,0.6,0.6,0.6,0.0,1.0,0.6,,0.0,0
2026-10-04 23:10:46Z,DET,pre,0.0,PRE,0,9221,Jahmyr Gibbs,RB,25.7,0.0,25.7,25.7,25.7,25.7,0.0,1.0,25.7,,0.0,0
2026-10-04 23:10:46Z,DET,pre,0.0,PRE,0,3163,Jared Goff,QB,18.3,0.0,18.3,18.3,18.3,18.3,0.0,1.0,18.3,,0.0,0
2026-10-04 23:10:46Z,DET,pre,0.0,PRE,0,8148,Jameson Williams,WR,12.7,0.0,12.7,12.7,12.7,12.7,0.0,1.0,12.7,,0.0,0
2026-10-04 23:10:46Z,DET,pre,0.0,PRE,0,7891,Brock Wright,TE,1.5,0.0,1.5,1.5,1.5,1.5,0.0,1.0,1.5,,0.0,0
2026-10-04 23:10:46Z,DET,pre,0.0,PRE,0,7547,Amon-Ra St. Brown,WR,20.0,0.0,20.0,20.0,20.0,20.0,0.0,1.0,20.0,,0.0,0
2026-10-04 23:10:46Z,CAR,pre,0.0,PRE,0,12526,Tetairoa McMillan,WR,16.4,0.0,16.4,16.4,16.4,16.4,0.0,1.0,16.4,,0.0,0
2026-10-04 23:10:46Z,CAR,pre,0.0,PRE,0,11646,Jalen Coker,WR,8.5,0.0,8.5,8.5,8.5,8.5,0.0,1.0,8.5,,0.0,0
2026-10-04 23:10:46Z,DET,pre,0.0,PRE,0,DET,Detroit Lions D/ST,DST,5.7,0.0,5.7,5.7,5.7,5.7,0.0,1.0,5.7,,0.0,0
2026-10-04 23:10:46Z,DET,pre,0.0,PRE,0,11729,Sione Vaki,RB,2.6,0.0,2.6,2.6,2.6,2.6,0.0,1.0,2.6,,0.0,0
2026-10-04 23:10:46Z,CAR,pre,0.0,PRE,0,11600,Ja'Tavion Sanders,TE,2.7,0.0,2.7,2.7,2.7,2.7,0.0,1.0,2.7,,0.0,0
2026-10-04 23:10:46Z,CAR,pre,0.0,PRE,0,7594,Chuba Hubbard,RB,16.6,0.0,16.6,16.6,16.6,16.6,0.0,1.0,16.6,,0.0,0
2026-10-04 23:10:46Z,DET,pre,0.0,PRE,0,11539,Jake Bates,K,9.5,0.0,9.5,9.5,9.5,9.5,0.0,1.0,9.5,,0.0,0
2026-10-04 23:10:46Z,CAR,pre,0.0,PRE,0,2505,Darren Waller,TE,8.8,0.0,8.8,8.8,8.8,8.8,0.0,1.0,8.8,,0.0,0
2026-10-04 23:12:46Z,CAR,pre,0.0,PRE,0,11157,Brycen Tremayne,WR,5.6,0.0,5.6,5.6,5.6,5.6,0.0,1.0,5.6,,0.0,0
2026-10-04 23:12:46Z,CAR,pre,0.0,PRE,0,12961,Ryan Fitzgerald,K,7.3,0.0,7.3,7.3,7.3,7.3,0.0,1.0,7.3,,0.0,0
2026-10-04 23:12:46Z,DET,pre,0.0,PRE,0,12535,Isaac TeSlaa,WR,5.3,0.0,5.3,5.3,5.3,5.3,0.0,1.0,5.3,,0.0,0
2026-10-04 23:12:46Z,DET,pre,0.0,PRE,0,10859,Sam LaPorta,TE,13.0,0.0,13.0,13.0,13.0,13.0,0.0,1.0,13.0,,0.0,0
2026-10-04 23:12:46Z,DET,pre,0.0,PRE,0,11237,Jacob Saylors,RB,1.7,0.0,1.7,1.7,1.7,1.7,0.0,1.0,1.7,,0.0,0
2026-10-04 23:12:46Z,CAR,pre,0.0,PRE,0,9228,Bryce Young,QB,19.4,0.0,19.4,19.4,19.4,19.4,0.0,1.0,19.4,,0.0,0
2026-10-04 23:12:46Z,CAR,pre,0.0,PRE,0,7694,Tommy Tremble,TE,3.8,0.0,3.8,3.8,3.8,3.8,0.0,1.0,3.8,,0.0,0
2026-10-04 23:12:46Z,CAR,pre,0.0,PRE,0,8160,Kenny Pickett,QB,0.6,0.0,0.6,0.6,0.6,0.6,0.0,1.0,0.6,,0.0,0
2026-10-04 23:12:46Z,CAR,pre,0.0,PRE,0,CAR,Carolina Panthers D/ST,DST,4.2,0.0,4.2,4.2,4.2,4.2,0.0,1.0,4.2,,0.0,0
2026-10-04 23:12:46Z,DET,pre,0.0,PRE,0,8250,Tay Martin,WR,0.8,0.0,0.8,0.8,0.8,0.8,0.0,1.0,0.8,,0.0,0
2026-10-04 23:12:46Z,DET,pre,0.0,PRE,0,4179,Joshua Dobbs,QB,0.6,0.0,0.6,0.6,0.6,0.6,0.0,1.0,0.6,,0.0,0
2026-10-04 23:12:46Z,DET,pre,0.0,PRE,0,9221,Jahmyr Gibbs,RB,25.7,0.0,25.7,25.7,25.7,25.7,0.0,1.0,25.7,,0.0,0
2026-10-04 23:12:46Z,DET,pre,0.0,PRE,0,3163,Jared Goff,QB,18.3,0.0,18.3,18.3,18.3,18.3,0.0,1.0,18.3,,0.0,0
2026-10-04 23:12:46Z,DET,pre,0.0,PRE,0,8148,Jameson Williams,WR,12.7,0.0,12.7,12.7,12.7,12.7,0.0,1.0,12.7,,0.0,0
2026-10-04 23:12:46Z,DET,pre,0.0,PRE,0,7891,Brock Wright,TE,1.5,0.0,1.5,1.5,1.5,1.5,0.0,1.0,1.5,,0.0,0
2026-10-04 23:12:46Z,DET,pre,0.0,PRE,0,7547,Amon-Ra St. Brown,WR,20.0,0.0,20.0,20.0,20.0,20.0,0.0,1.0,20.0,,0.0,0
2026-10-04 23:12:46Z,CAR,pre,0.0,PRE,0,12526,Tetairoa McMillan,WR,16.4,0.0,16.4,16.4,16.4,16.4,0.0,1.0,16.4,,0.0,0
2026-10-04 23:12:46Z,CAR,pre,0.0,PRE,0,11646,Jalen Coker,WR,8.5,0.0,8.5,8.5,8.5,8.5,0.0,1.0,8.5,,0.0,0
2026-10-04 23:12:46Z,DET,pre,0.0,PRE,0,DET,Detroit Lions D/ST,DST,5.7,0.0,5.7,5.7,5.7,5.7,0.0,1.0,5.7,,0.0,0
2026-10-04 23:12:46Z,DET,pre,0.0,PRE,0,11729,Sione Vaki,RB,2.6,0.0,2.6,2.6,2.6,2.6,0.0,1.0,2.6,,0.0,0
2026-10-04 23:12:46Z,CAR,pre,0.0,PRE,0,11600,Ja'Tavion Sanders,TE,2.7,0.0,2.7,2.7,2.7,2.7,0.0,1.0,2.7,,0.0,0
2026-10-04 23:12:46Z,CAR,pre,0.0,PRE,0,7594,Chuba Hubbard,RB,16.6,0.0,16.6,16.6,16.6,16.6,0.0,1.0,16.6,,0.0,0
2026-10-04 23:12:46Z,DET,pre,0.0,PRE,0,11539,Jake Bates,K,9.5,0.0,9.5,9.5,9.5,9.5,0.0,1.0,9.5,,0.0,0
2026-10-04 23:12:46Z,CAR,pre,0.0,PRE,0,2505,Darren Waller,TE,8.8,0.0,8.8,8.8,8.8,8.8,0.0,1.0,8.8,,0.0,0
2026-10-04 23:14:46Z,CAR,pre,0.0,PRE,0,11157,Brycen Tremayne,WR,5.6,0.0,5.6,5.6,5.6,5.6,0.0,1.0,5.6,,0.0,0
2026-10-04 23:14:46Z,CAR,pre,0.0,PRE,0,12961,Ryan Fitzgerald,K,7.3,0.0,7.3,7.3,7.3,7.3,0.0,1.0,7.3,,0.0,0
2026-10-04 23:14:46Z,DET,pre,0.0,PRE,0,12535,Isaac TeSlaa,WR,5.3,0.0,5.3,5.3,5.3,5.3,0.0,1.0,5.3,,0.0,0
2026-10-04 23:14:46Z,DET,pre,0.0,PRE,0,10859,Sam LaPorta,TE,13.0,0.0,13.0,13.0,13.0,13.0,0.0,1.0,13.0,,0.0,0
2026-10-04 23:14:46Z,DET,pre,0.0,PRE,0,11237,Jacob Saylors,RB,1.7,0.0,1.7,1.7,1.7,1.7,0.0,1.0,1.7,,0.0,0
2026-10-04 23:14:46Z,CAR,pre,0.0,PRE,0,9228,Bryce Young,QB,19.4,0.0,19.4,19.4,19.4,19.4,0.0,1.0,19.4,,0.0,0
2026-10-04 23:14:46Z,CAR,pre,0.0,PRE,0,7694,Tommy Tremble,TE,3.8,0.0,3.8,3.8,3.8,3.8,0.0,1.0,3.8,,0.0,0
2026-10-04 23:14:46Z,CAR,pre,0.0,PRE,0,8160,Kenny Pickett,QB,0.6,0.0,0.6,0.6,0.6,0.6,0.0,1.0,0.6,,0.0,0
2026-10-04 23:14:46Z,CAR,pre,0.0,PRE,0,CAR,Carolina Panthers D/ST,DST,4.2,0.0,4.2,4.2,4.2,4.2,0.0,1.0,4.2,,0.0,0
2026-10-04 23:14:46Z,DET,pre,0.0,PRE,0,8250,Tay Martin,WR,0.8,0.0,0.8,0.8,0.8,0.8,0.0,1.0,0.8,,0.0,0
2026-10-04 23:14:46Z,DET,pre,0.0,PRE,0,4179,Joshua Dobbs,QB,0.6,0.0,0.6,0.6,0.6,0.6,0.0,1.0,0.6,,0.0,0
2026-10-04 23:14:46Z,DET,pre,0.0,PRE,0,9221,Jahmyr Gibbs,RB,25.7,0.0,25.7,25.7,25.7,25.7,0.0,1.0,25.7,,0.0,0
2026-10-04 23:14:46Z,DET,pre,0.0,PRE,0,3163,Jared Goff,QB,18.3,0.0,18.3,18.3,18.3,18.3,0.0,1.0,18.3,,0.0,0
2026-10-04 23:14:46Z,DET,pre,0.0,PRE,0,8148,Jameson Williams,WR,12.7,0.0,12.7,12.7,12.7,12.7,0.0,1.0,12.7,,0.0,0
2026-10-04 23:14:46Z,DET,pre,0.0,PRE,0,7891,Brock Wright,TE,1.5,0.0,1.5,1.5,1.5,1.5,0.0,1.0,1.5,,0.0,0
2026-10-04 23:14:46Z,DET,pre,0.0,PRE,0,7547,Amon-Ra St. Brown,WR,20.0,0.0,20.0,20.0,20.0,20.0,0.0,1.0,20.0,,0.0,0
2026-10-04 23:14:46Z,CAR,pre,0.0,PRE,0,12526,Tetairoa McMillan,WR,16.4,0.0,16.4,16.4,16.4,16.4,0.0,1.0,16.4,,0.0,0
2026-10-04 23:14:46Z,CAR,pre,0.0,PRE,0,11646,Jalen Coker,WR,8.5,0.0,8.5,8.5,8.5,8.5,0.0,1.0,8.5,,0.0,0
2026-10-04 23:14:46Z,DET,pre,0.0,PRE,0,DET,Detroit Lions D/ST,DST,5.7,0.0,5.7,5.7,5.7,5.7,0.0,1.0,5.7,,0.0,0
2026-10-04 23:14:46Z,DET,pre,0.0,PRE,0,11729,Sione Vaki,RB,2.6,0.0,2.6,2.6,2.6,2.6,0.0,1.0,2.6,,0.0,0
2026-10-04 23:14:46Z,CAR,pre,0.0,PRE,0,11600,Ja'Tavion Sanders,TE,2.7,0.0,2.7,2.7,2.7,2.7,0.0,1.0,2.7,,0.0,0
2026-10-04 23:14:46Z,CAR,pre,0.0,PRE,0,7594,Chuba Hubbard,RB,16.6,0.0,16.6,16.6,16.6,16.6,0.0,1.0,16.6,,0.0,0
2026-10-04 23:14:46Z,DET,pre,0.0,PRE,0,11539,Jake Bates,K,9.5,0.0,9.5,9.5,9.5,9.5,0.0,1.0,9.5,,0.0,0
2026-10-04 23:14:46Z,CAR,pre,0.0,PRE,0,2505,Darren Waller,TE,8.8,0.0,8.8,8.8,8.8,8.8,0.0,1.0,8.8,,0.0,0
2026-10-04 23:16:47Z,CAR,pre,0.0,PRE,0,11157,Brycen Tremayne,WR,5.6,0.0,5.6,5.6,5.6,5.6,0.0,1.0,5.6,,0.0,0
2026-10-04 23:16:47Z,CAR,pre,0.0,PRE,0,12961,Ryan Fitzgerald,K,7.3,0.0,7.3,7.3,7.3,7.3,0.0,1.0,7.3,,0.0,0
2026-10-04 23:16:47Z,DET,pre,0.0,PRE,0,12535,Isaac TeSlaa,WR,5.3,0.0,5.3,5.3,5.3,5.3,0.0,1.0,5.3,,0.0,0
2026-10-04 23:16:47Z,DET,pre,0.0,PRE,0,10859,Sam LaPorta,TE,13.0,0.0,13.0,13.0,13.0,13.0,0.0,1.0,13.0,,0.0,0
2026-10-04 23:16:47Z,DET,pre,0.0,PRE,0,11237,Jacob Saylors,RB,1.7,0.0,1.7,1.7,1.7,1.7,0.0,1.0,1.7,,0.0,0
2026-10-04 23:16:47Z,CAR,pre,0.0,PRE,0,9228,Bryce Young,QB,19.4,0.0,19.4,19.4,19.4,19.4,0.0,1.0,19.4,,0.0,0
2026-10-04 23:16:47Z,CAR,pre,0.0,PRE,0,7694,Tommy Tremble,TE,3.8,0.0,3.8,3.8,3.8,3.8,0.0,1.0,3.8,,0.0,0
2026-10-04 23:16:47Z,CAR,pre,0.0,PRE,0,8160,Kenny Pickett,QB,0.6,0.0,0.6,0.6,0.6,0.6,0.0,1.0,0.6,,0.0,0
2026-10-04 23:16:47Z,CAR,pre,0.0,PRE,0,CAR,Carolina Panthers D/ST,DST,4.2,0.0,4.2,4.2,4.2,4.2,0.0,1.0,4.2,,0.0,0
2026-10-04 23:16:47Z,DET,pre,0.0,PRE,0,8250,Tay Martin,WR,0.8,0.0,0.8,0.8,0.8,0.8,0.0,1.0,0.8,,0.0,0
2026-10-04 23:16:47Z,DET,pre,0.0,PRE,0,4179,Joshua Dobbs,QB,0.6,0.0,0.6,0.6,0.6,0.6,0.0,1.0,0.6,,0.0,0
2026-10-04 23:16:47Z,DET,pre,0.0,PRE,0,9221,Jahmyr Gibbs,RB,25.7,0.0,25.7,25.7,25.7,25.7,0.0,1.0,25.7,,0.0,0
2026-10-04 23:16:47Z,DET,pre,0.0,PRE,0,3163,Jared Goff,QB,18.3,0.0,18.3,18.3,18.3,18.3,0.0,1.0,18.3,,0.0,0
2026-10-04 23:16:47Z,DET,pre,0.0,PRE,0,8148,Jameson Williams,WR,12.7,0.0,12.7,12.7,12.7,12.7,0.0,1.0,12.7,,0.0,0
2026-10-04 23:16:47Z,DET,pre,0.0,PRE,0,7891,Brock Wright,TE,1.5,0.0,1.5,1.5,1.5,1.5,0.0,1.0,1.5,,0.0,0
2026-10-04 23:16:47Z,DET,pre,0.0,PRE,0,7547,Amon-Ra St. Brown,WR,20.0,0.0,20.0,20.0,20.0,20.0,0.0,1.0,20.0,,0.0,0
2026-10-04 23:16:47Z,CAR,pre,0.0,PRE,0,12526,Tetairoa McMillan,WR,16.4,0.0,16.4,16.4,16.4,16.4,0.0,1.0,16.4,,0.0,0
2026-10-04 23:16:47Z,CAR,pre,0.0,PRE,0,11646,Jalen Coker,WR,8.5,0.0,8.5,8.5,8.5,8.5,0.0,1.0,8.5,,0.0,0
2026-10-04 23:16:47Z,DET,pre,0.0,PRE,0,DET,Detroit Lions D/ST,DST,5.7,0.0,5.7,5.7,5.7,5.7,0.0,1.0,5.7,,0.0,0
2026-10-04 23:16:47Z,DET,pre,0.0,PRE,0,11729,Sione Vaki,RB,2.6,0.0,2.6,2.6,2.6,2.6,0.0,1.0,2.6,,0.0,0
2026-10-04 23:16:47Z,CAR,pre,0.0,PRE,0,11600,Ja'Tavion Sanders,TE,2.7,0.0,2.7,2.7,2.7,2.7,0.0,1.0,2.7,,0.0,0
2026-10-04 23:16:47Z,CAR,pre,0.0,PRE,0,7594,Chuba Hubbard,RB,16.6,0.0,16.6,16.6,16.6,16.6,0.0,1.0,16.6,,0.0,0
2026-10-04 23:16:47Z,DET,pre,0.0,PRE,0,11539,Jake Bates,K,9.5,0.0,9.5,9.5,9.5,9.5,0.0,1.0,9.5,,0.0,0
2026-10-04 23:16:47Z,CAR,pre,0.0,PRE,0,2505,Darren Waller,TE,8.8,0.0,8.8,8.8,8.8,8.8,0.0,1.0,8.8,,0.0,0
2026-10-04 23:18:47Z,CAR,pre,0.0,PRE,0,11157,Brycen Tremayne,WR,5.6,0.0,5.6,5.6,5.6,5.6,0.0,1.0,5.6,,0.0,0
2026-10-04 23:18:47Z,CAR,pre,0.0,PRE,0,12961,Ryan Fitzgerald,K,7.3,0.0,7.3,7.3,7.3,7.3,0.0,1.0,7.3,,0.0,0
2026-10-04 23:18:47Z,DET,pre,0.0,PRE,0,12535,Isaac TeSlaa,WR,5.3,0.0,5.3,5.3,5.3,5.3,0.0,1.0,5.3,,0.0,0
2026-10-04 23:18:47Z,DET,pre,0.0,PRE,0,10859,Sam LaPorta,TE,13.0,0.0,13.0,13.0,13.0,13.0,0.0,1.0,13.0,,0.0,0
2026-10-04 23:18:47Z,DET,pre,0.0,PRE,0,11237,Jacob Saylors,RB,1.7,0.0,1.7,1.7,1.7,1.7,0.0,1.0,1.7,,0.0,0
2026-10-04 23:18:47Z,CAR,pre,0.0,PRE,0,9228,Bryce Young,QB,19.4,0.0,19.4,19.4,19.4,19.4,0.0,1.0,19.4,,0.0,0
2026-10-04 23:18:47Z,CAR,pre,0.0,PRE,0,7694,Tommy Tremble,TE,3.8,0.0,3.8,3.8,3.8,3.8,0.0,1.0,3.8,,0.0,0
2026-10-04 23:18:47Z,CAR,pre,0.0,PRE,0,8160,Kenny Pickett,QB,0.6,0.0,0.6,0.6,0.6,0.6,0.0,1.0,0.6,,0.0,0
2026-10-04 23:18:47Z,CAR,pre,0.0,PRE,0,CAR,Carolina Panthers D/ST,DST,4.2,0.0,4.2,4.2,4.2,4.2,0.0,1.0,4.2,,0.0,0
2026-10-04 23:18:47Z,DET,pre,0.0,PRE,0,8250,Tay Martin,WR,0.8,0.0,0.8,0.8,0.8,0.8,0.0,1.0,0.8,,0.0,0
2026-10-04 23:18:47Z,DET,pre,0.0,PRE,0,4179,Joshua Dobbs,QB,0.6,0.0,0.6,0.6,0.6,0.6,0.0,1.0,0.6,,0.0,0
2026-10-04 23:18:47Z,DET,pre,0.0,PRE,0,9221,Jahmyr Gibbs,RB,25.7,0.0,25.7,25.7,25.7,25.7,0.0,1.0,25.7,,0.0,0
2026-10-04 23:18:47Z,DET,pre,0.0,PRE,0,3163,Jared Goff,QB,18.3,0.0,18.3,18.3,18.3,18.3,0.0,1.0,18.3,,0.0,0
2026-10-04 23:18:47Z,DET,pre,0.0,PRE,0,8148,Jameson Williams,WR,12.7,0.0,12.7,12.7,12.7,12.7,0.0,1.0,12.7,,0.0,0
2026-10-04 23:18:47Z,DET,pre,0.0,PRE,0,7891,Brock Wright,TE,1.5,0.0,1.5,1.5,1.5,1.5,0.0,1.0,1.5,,0.0,0
2026-10-04 23:18:47Z,DET,pre,0.0,PRE,0,7547,Amon-Ra St. Brown,WR,20.0,0.0,20.0,20.0,20.0,20.0,0.0,1.0,20.0,,0.0,0
2026-10-04 23:18:47Z,CAR,pre,0.0,PRE,0,12526,Tetairoa McMillan,WR,16.4,0.0,16.4,16.4,16.4,16.4,0.0,1.0,16.4,,0.0,0
2026-10-04 23:18:47Z,CAR,pre,0.0,PRE,0,11646,Jalen Coker,WR,8.5,0.0,8.5,8.5,8.5,8.5,0.0,1.0,8.5,,0.0,0
2026-10-04 23:18:47Z,DET,pre,0.0,PRE,0,DET,Detroit Lions D/ST,DST,5.7,0.0,5.7,5.7,5.7,5.7,0.0,1.0,5.7,,0.0,0
2026-10-04 23:18:47Z,DET,pre,0.0,PRE,0,11729,Sione Vaki,RB,2.6,0.0,2.6,2.6,2.6,2.6,0.0,1.0,2.6,,0.0,0
2026-10-04 23:18:47Z,CAR,pre,0.0,PRE,0,11600,Ja'Tavion Sanders,TE,2.7,0.0,2.7,2.7,2.7,2.7,0.0,1.0,2.7,,0.0,0
2026-10-04 23:18:47Z,CAR,pre,0.0,PRE,0,7594,Chuba Hubbard,RB,16.6,0.0,16.6,16.6,16.6,16.6,0.0,1.0,16.6,,0.0,0
2026-10-04 23:18:47Z,DET,pre,0.0,PRE,0,11539,Jake Bates,K,9.5,0.0,9.5,9.5,9.5,9.5,0.0,1.0,9.5,,0.0,0
2026-10-04 23:18:47Z,CAR,pre,0.0,PRE,0,2505,Darren Waller,TE,8.8,0.0,8.8,8.8,8.8,8.8,0.0,1.0,8.8,,0.0,0
2026-10-04 23:20:48Z,CAR,pre,0.0,PRE,0,11157,Brycen Tremayne,WR,5.6,0.0,5.6,5.6,5.6,5.6,0.0,1.0,5.6,,0.0,0
2026-10-04 23:20:48Z,CAR,pre,0.0,PRE,0,12961,Ryan Fitzgerald,K,7.3,0.0,7.3,7.3,7.3,7.3,0.0,1.0,7.3,,0.0,0
2026-10-04 23:20:48Z,DET,pre,0.0,PRE,0,12535,Isaac TeSlaa,WR,5.3,0.0,5.3,5.3,5.3,5.3,0.0,1.0,5.3,,0.0,0
2026-10-04 23:20:48Z,DET,pre,0.0,PRE,0,10859,Sam LaPorta,TE,13.0,0.0,13.0,13.0,13.0,13.0,0.0,1.0,13.0,,0.0,0
2026-10-04 23:20:48Z,DET,pre,0.0,PRE,0,11237,Jacob Saylors,RB,1.7,0.0,1.7,1.7,1.7,1.7,0.0,1.0,1.7,,0.0,0
2026-10-04 23:20:48Z,CAR,pre,0.0,PRE,0,9228,Bryce Young,QB,19.4,0.0,19.4,19.4,19.4,19.4,0.0,1.0,19.4,,0.0,0
2026-10-04 23:20:48Z,CAR,pre,0.0,PRE,0,7694,Tommy Tremble,TE,3.8,0.0,3.8,3.8,3.8,3.8,0.0,1.0,3.8,,0.0,0
2026-10-04 23:20:48Z,CAR,pre,0.0,PRE,0,8160,Kenny Pickett,QB,0.6,0.0,0.6,0.6,0.6,0.6,0.0,1.0,0.6,,0.0,0
2026-10-04 23:20:48Z,CAR,pre,0.0,PRE,0,CAR,Carolina Panthers D/ST,DST,4.2,0.0,4.2,4.2,4.2,4.2,0.0,1.0,4.2,,0.0,0
2026-10-04 23:20:48Z,DET,pre,0.0,PRE,0,8250,Tay Martin,WR,0.8,0.0,0.8,0.8,0.8,0.8,0.0,1.0,0.8,,0.0,0
2026-10-04 23:20:48Z,DET,pre,0.0,PRE,0,4179,Joshua Dobbs,QB,0.6,0.0,0.6,0.6,0.6,0.6,0.0,1.0,0.6,,0.0,0
2026-10-04 23:20:48Z,DET,pre,0.0,PRE,0,9221,Jahmyr Gibbs,RB,25.7,0.0,25.7,25.7,25.7,25.7,0.0,1.0,25.7,,0.0,0
2026-10-04 23:20:48Z,DET,pre,0.0,PRE,0,3163,Jared Goff,QB,18.3,0.0,18.3,18.3,18.3,18.3,0.0,1.0,18.3,,0.0,0
2026-10-04 23:20:48Z,DET,pre,0.0,PRE,0,8148,Jameson Williams,WR,12.7,0.0,12.7,12.7,12.7,12.7,0.0,1.0,12.7,,0.0,0
2026-10-04 23:20:48Z,DET,pre,0.0,PRE,0,7891,Brock Wright,TE,1.5,0.0,1.5,1.5,1.5,1.5,0.0,1.0,1.5,,0.0,0
2026-10-04 23:20:48Z,DET,pre,0.0,PRE,0,7547,Amon-Ra St. Brown,WR,20.0,0.0,20.0,20.0,20.0,20.0,0.0,1.0,20.0,,0.0,0
2026-10-04 23:20:48Z,CAR,pre,0.0,PRE,0,12526,Tetairoa McMillan,WR,16.4,0.0,16.4,16.4,16.4,16.4,0.0,1.0,16.4,,0.0,0
2026-10-04 23:20:48Z,CAR,pre,0.0,PRE,0,11646,Jalen Coker,WR,8.5,0.0,8.5,8.5,8.5,8.5,0.0,1.0,8.5,,0.0,0
2026-10-04 23:20:48Z,DET,pre,0.0,PRE,0,DET,Detroit Lions D/ST,DST,5.7,0.0,5.7,5.7,5.7,5.7,0.0,1.0,5.7,,0.0,0
2026-10-04 23:20:48Z,DET,pre,0.0,PRE,0,11729,Sione Vaki,RB,2.6,0.0,2.6,2.6,2.6,2.6,0.0,1.0,2.6,,0.0,0
2026-10-04 23:20:48Z,CAR,pre,0.0,PRE,0,11600,Ja'Tavion Sanders,TE,2.7,0.0,2.7,2.7,2.7,2.7,0.0,1.0,2.7,,0.0,0
2026-10-04 23:20:48Z,CAR,pre,0.0,PRE,0,7594,Chuba Hubbard,RB,16.6,0.0,16.6,16.6,16.6,16.6,0.0,1.0,16.6,,0.0,0
2026-10-04 23:20:48Z,DET,pre,0.0,PRE,0,11539,Jake Bates,K,9.5,0.0,9.5,9.5,9.5,9.5,0.0,1.0,9.5,,0.0,0
2026-10-04 23:20:48Z,CAR,pre,0.0,PRE,0,2505,Darren Waller,TE,8.8,0.0,8.8,8.8,8.8,8.8,0.0,1.0,8.8,,0.0,0
2026-10-04 23:22:48Z,CAR,pre,0.0,PRE,0,11157,Brycen Tremayne,WR,5.6,0.0,5.6,5.6,5.6,5.6,0.0,1.0,5.6,,0.0,0
2026-10-04 23:22:48Z,CAR,pre,0.0,PRE,0,12961,Ryan Fitzgerald,K,7.3,0.0,7.3,7.3,7.3,7.3,0.0,1.0,7.3,,0.0,0
2026-10-04 23:22:48Z,DET,pre,0.0,PRE,0,12535,Isaac TeSlaa,WR,5.3,0.0,5.3,5.3,5.3,5.3,0.0,1.0,5.3,,0.0,0
2026-10-04 23:22:48Z,DET,pre,0.0,PRE,0,10859,Sam LaPorta,TE,13.0,0.0,13.0,13.0,13.0,13.0,0.0,1.0,13.0,,0.0,0
2026-10-04 23:22:48Z,DET,pre,0.0,PRE,0,11237,Jacob Saylors,RB,1.7,0.0,1.7,1.7,1.7,1.7,0.0,1.0,1.7,,0.0,0
2026-10-04 23:22:48Z,CAR,pre,0.0,PRE,0,9228,Bryce Young,QB,19.4,0.0,19.4,19.4,19.4,19.4,0.0,1.0,19.4,,0.0,0
2026-10-04 23:22:48Z,CAR,pre,0.0,PRE,0,7694,Tommy Tremble,TE,3.8,0.0,3.8,3.8,3.8,3.8,0.0,1.0,3.8,,0.0,0
2026-10-04 23:22:48Z,CAR,pre,0.0,PRE,0,8160,Kenny Pickett,QB,0.6,0.0,0.6,0.6,0.6,0.6,0.0,1.0,0.6,,0.0,0
2026-10-04 23:22:48Z,CAR,pre,0.0,PRE,0,CAR,Carolina Panthers D/ST,DST,4.2,0.0,4.2,4.2,4.2,4.2,0.0,1.0,4.2,,0.0,0
2026-10-04 23:22:48Z,DET,pre,0.0,PRE,0,8250,Tay Martin,WR,0.8,0.0,0.8,0.8,0.8,0.8,0.0,1.0,0.8,,0.0,0
2026-10-04 23:22:48Z,DET,pre,0.0,PRE,0,4179,Joshua Dobbs,QB,0.6,0.0,0.6,0.6,0.6,0.6,0.0,1.0,0.6,,0.0,0
2026-10-04 23:22:48Z,DET,pre,0.0,PRE,0,9221,Jahmyr Gibbs,RB,25.7,0.0,25.7,25.7,25.7,25.7,0.0,1.0,25.7,,0.0,0
2026-10-04 23:22:48Z,DET,pre,0.0,PRE,0,3163,Jared Goff,QB,18.3,0.0,18.3,18.3,18.3,18.3,0.0,1.0,18.3,,0.0,0
2026-10-04 23:22:48Z,DET,pre,0.0,PRE,0,8148,Jameson Williams,WR,12.7,0.0,12.7,12.7,12.7,12.7,0.0,1.0,12.7,,0.0,0
2026-10-04 23:22:48Z,DET,pre,0.0,PRE,0,7891,Brock Wright,TE,1.5,0.0,1.5,1.5,1.5,1.5,0.0,1.0,1.5,,0.0,0
2026-10-04 23:22:48Z,DET,pre,0.0,PRE,0,7547,Amon-Ra St. Brown,WR,20.0,0.0,20.0,20.0,20.0,20.0,0.0,1.0,20.0,,0.0,0
2026-10-04 23:22:48Z,CAR,pre,0.0,PRE,0,12526,Tetairoa McMillan,WR,16.4,0.0,16.4,16.4,16.4,16.4,0.0,1.0,16.4,,0.0,0
2026-10-04 23:22:48Z,CAR,pre,0.0,PRE,0,11646,Jalen Coker,WR,8.5,0.0,8.5,8.5,8.5,8.5,0.0,1.0,8.5,,0.0,0
2026-10-04 23:22:48Z,DET,pre,0.0,PRE,0,DET,Detroit Lions D/ST,DST,5.7,0.0,5.7,5.7,5.7,5.7,0.0,1.0,5.7,,0.0,0
2026-10-04 23:22:48Z,DET,pre,0.0,PRE,0,11729,Sione Vaki,RB,2.6,0.0,2.6,2.6,2.6,2.6,0.0,1.0,2.6,,0.0,0
2026-10-04 23:22:48Z,CAR,pre,0.0,PRE,0,11600,Ja'Tavion Sanders,TE,2.7,0.0,2.7,2.7,2.7,2.7,0.0,1.0,2.7,,0.0,0
2026-10-04 23:22:48Z,CAR,pre,0.0,PRE,0,7594,Chuba Hubbard,RB,16.6,0.0,16.6,16.6,16.6,16.6,0.0,1.0,16.6,,0.0,0
2026-10-04 23:22:48Z,DET,pre,0.0,PRE,0,11539,Jake Bates,K,9.5,0.0,9.5,9.5,9.5,9.5,0.0,1.0,9.5,,0.0,0
2026-10-04 23:22:48Z,CAR,pre,0.0,PRE,0,2505,Darren Waller,TE,8.8,0.0,8.8,8.8,8.8,8.8,0.0,1.0,8.8,,0.0,0
2026-10-04 23:24:49Z,CAR,pre,0.0,PRE,0,11157,Brycen Tremayne,WR,5.6,0.0,5.6,5.6,5.6,5.6,0.0,1.0,5.6,,0.0,0
2026-10-04 23:24:49Z,CAR,pre,0.0,PRE,0,12961,Ryan Fitzgerald,K,7.3,0.0,7.3,7.3,7.3,7.3,0.0,1.0,7.3,,0.0,0
2026-10-04 23:24:49Z,DET,pre,0.0,PRE,0,12535,Isaac TeSlaa,WR,5.3,0.0,5.3,5.3,5.3,5.3,0.0,1.0,5.3,,0.0,0
2026-10-04 23:24:49Z,DET,pre,0.0,PRE,0,10859,Sam LaPorta,TE,13.0,0.0,13.0,13.0,13.0,13.0,0.0,1.0,13.0,,0.0,0
2026-10-04 23:24:49Z,DET,pre,0.0,PRE,0,11237,Jacob Saylors,RB,1.7,0.0,1.7,1.7,1.7,1.7,0.0,1.0,1.7,,0.0,0
2026-10-04 23:24:49Z,CAR,pre,0.0,PRE,0,9228,Bryce Young,QB,19.4,0.0,19.4,19.4,19.4,19.4,0.0,1.0,19.4,,0.0,0
2026-10-04 23:24:49Z,CAR,pre,0.0,PRE,0,7694,Tommy Tremble,TE,3.8,0.0,3.8,3.8,3.8,3.8,0.0,1.0,3.8,,0.0,0
2026-10-04 23:24:49Z,CAR,pre,0.0,PRE,0,8160,Kenny Pickett,QB,0.6,0.0,0.6,0.6,0.6,0.6,0.0,1.0,0.6,,0.0,0
2026-10-04 23:24:49Z,CAR,pre,0.0,PRE,0,CAR,Carolina Panthers D/ST,DST,4.2,0.0,4.2,4.2,4.2,4.2,0.0,1.0,4.2,,0.0,0
2026-10-04 23:24:49Z,DET,pre,0.0,PRE,0,8250,Tay Martin,WR,0.8,0.0,0.8,0.8,0.8,0.8,0.0,1.0,0.8,,0.0,0
2026-10-04 23:24:49Z,DET,pre,0.0,PRE,0,4179,Joshua Dobbs,QB,0.6,0.0,0.6,0.6,0.6,0.6,0.0,1.0,0.6,,0.0,0
2026-10-04 23:24:49Z,DET,pre,0.0,PRE,0,9221,Jahmyr Gibbs,RB,25.7,0.0,25.7,25.7,25.7,25.7,0.0,1.0,25.7,,0.0,0
2026-10-04 23:24:49Z,DET,pre,0.0,PRE,0,3163,Jared Goff,QB,18.3,0.0,18.3,18.3,18.3,18.3,0.0,1.0,18.3,,0.0,0
2026-10-04 23:24:49Z,DET,pre,0.0,PRE,0,8148,Jameson Williams,WR,12.7,0.0,12.7,12.7,12.7,12.7,0.0,1.0,12.7,,0.0,0
2026-10-04 23:24:49Z,DET,pre,0.0,PRE,0,7891,Brock Wright,TE,1.5,0.0,1.5,1.5,1.5,1.5,0.0,1.0,1.5,,0.0,0
2026-10-04 23:24:49Z,DET,pre,0.0,PRE,0,7547,Amon-Ra St. Brown,WR,20.0,0.0,20.0,20.0,20.0,20.0,0.0,1.0,20.0,,0.0,0
2026-10-04 23:24:49Z,CAR,pre,0.0,PRE,0,12526,Tetairoa McMillan,WR,16.4,0.0,16.4,16.4,16.4,16.4,0.0,1.0,16.4,,0.0,0
2026-10-04 23:24:49Z,CAR,pre,0.0,PRE,0,11646,Jalen Coker,WR,8.5,0.0,8.5,8.5,8.5,8.5,0.0,1.0,8.5,,0.0,0
2026-10-04 23:24:49Z,DET,pre,0.0,PRE,0,DET,Detroit Lions D/ST,DST,5.7,0.0,5.7,5.7,5.7,5.7,0.0,1.0,5.7,,0.0,0
2026-10-04 23:24:49Z,DET,pre,0.0,PRE,0,11729,Sione Vaki,RB,2.6,0.0,2.6,2.6,2.6,2.6,0.0,1.0,2.6,,0.0,0
2026-10-04 23:24:49Z,CAR,pre,0.0,PRE,0,11600,Ja'Tavion Sanders,TE,2.7,0.0,2.7,2.7,2.7,2.7,0.0,1.0,2.7,,0.0,0
2026-10-04 23:24:49Z,CAR,pre,0.0,PRE,0,7594,Chuba Hubbard,RB,16.6,0.0,16.6,16.6,16.6,16.6,0.0,1.0,16.6,,0.0,0
2026-10-04 23:24:49Z,DET,pre,0.0,PRE,0,11539,Jake Bates,K,9.5,0.0,9.5,9.5,9.5,9.5,0.0,1.0,9.5,,0.0,0
2026-10-04 23:24:49Z,CAR,pre,0.0,PRE,0,2505,Darren Waller,TE,8.8,0.0,8.8,8.8,8.8,8.8,0.0,1.0,8.8,,0.0,0
2026-10-04 23:26:49Z,CAR,pre,0.0,PRE,0,11157,Brycen Tremayne,WR,5.6,0.0,5.6,5.6,5.6,5.6,0.0,1.0,5.6,,0.0,0
2026-10-04 23:26:49Z,CAR,pre,0.0,PRE,0,12961,Ryan Fitzgerald,K,7.3,0.0,7.3,7.3,7.3,7.3,0.0,1.0,7.3,,0.0,0
2026-10-04 23:26:49Z,DET,pre,0.0,PRE,0,12535,Isaac TeSlaa,WR,5.3,0.0,5.3,5.3,5.3,5.3,0.0,1.0,5.3,,0.0,0
2026-10-04 23:26:49Z,DET,pre,0.0,PRE,0,10859,Sam LaPorta,TE,13.0,0.0,13.0,13.0,13.0,13.0,0.0,1.0,13.0,,0.0,0
2026-10-04 23:26:49Z,DET,pre,0.0,PRE,0,11237,Jacob Saylors,RB,1.7,0.0,1.7,1.7,1.7,1.7,0.0,1.0,1.7,,0.0,0
2026-10-04 23:26:49Z,CAR,pre,0.0,PRE,0,9228,Bryce Young,QB,19.4,0.0,19.4,19.4,19.4,19.4,0.0,1.0,19.4,,0.0,0
2026-10-04 23:26:49Z,CAR,pre,0.0,PRE,0,7694,Tommy Tremble,TE,3.8,0.0,3.8,3.8,3.8,3.8,0.0,1.0,3.8,,0.0,0
2026-10-04 23:26:49Z,CAR,pre,0.0,PRE,0,8160,Kenny Pickett,QB,0.6,0.0,0.6,0.6,0.6,0.6,0.0,1.0,0.6,,0.0,0
2026-10-04 23:26:49Z,CAR,pre,0.0,PRE,0,CAR,Carolina Panthers D/ST,DST,4.2,0.0,4.2,4.2,4.2,4.2,0.0,1.0,4.2,,0.0,0
2026-10-04 23:26:49Z,DET,pre,0.0,PRE,0,8250,Tay Martin,WR,0.8,0.0,0.8,0.8,0.8,0.8,0.0,1.0,0.8,,0.0,0
2026-10-04 23:26:49Z,DET,pre,0.0,PRE,0,4179,Joshua Dobbs,QB,0.6,0.0,0.6,0.6,0.6,0.6,0.0,1.0,0.6,,0.0,0
2026-10-04 23:26:49Z,DET,pre,0.0,PRE,0,9221,Jahmyr Gibbs,RB,25.7,0.0,25.7,25.7,25.7,25.7,0.0,1.0,25.7,,0.0,0
2026-10-04 23:26:49Z,DET,pre,0.0,PRE,0,3163,Jared Goff,QB,18.3,0.0,18.3,18.3,18.3,18.3,0.0,1.0,18.3,,0.0,0
2026-10-04 23:26:49Z,DET,pre,0.0,PRE,0,8148,Jameson Williams,WR,12.7,0.0,12.7,12.7,12.7,12.7,0.0,1.0,12.7,,0.0,0
2026-10-04 23:26:49Z,DET,pre,0.0,PRE,0,7891,Brock Wright,TE,1.5,0.0,1.5,1.5,1.5,1.5,0.0,1.0,1.5,,0.0,0
2026-10-04 23:26:49Z,DET,pre,0.0,PRE,0,7547,Amon-Ra St. Brown,WR,20.0,0.0,20.0,20.0,20.0,20.0,0.0,1.0,20.0,,0.0,0
2026-10-04 23:26:49Z,CAR,pre,0.0,PRE,0,12526,Tetairoa McMillan,WR,16.4,0.0,16.4,16.4,16.4,16.4,0.0,1.0,16.4,,0.0,0
2026-10-04 23:26:49Z,CAR,pre,0.0,PRE,0,11646,Jalen Coker,WR,8.5,0.0,8.5,8.5,8.5,8.5,0.0,1.0,8.5,,0.0,0
2026-10-04 23:26:49Z,DET,pre,0.0,PRE,0,DET,Detroit Lions D/ST,DST,5.7,0.0,5.7,5.7,5.7,5.7,0.0,1.0,5.7,,0.0,0
2026-10-04 23:26:49Z,DET,pre,0.0,PRE,0,11729,Sione Vaki,RB,2.6,0.0,2.6,2.6,2.6,2.6,0.0,1.0,2.6,,0.0,0
2026-10-04 23:26:49Z,CAR,pre,0.0,PRE,0,11600,Ja'Tavion Sanders,TE,2.7,0.0,2.7,2.7,2.7,2.7,0.0,1.0,2.7,,0.0,0
2026-10-04 23:26:49Z,CAR,pre,0.0,PRE,0,7594,Chuba Hubbard,RB,16.6,0.0,16.6,16.6,16.6,16.6,0.0,1.0,16.6,,0.0,0
2026-10-04 23:26:49Z,DET,pre,0.0,PRE,0,11539,Jake Bates,K,9.5,0.0,9.5,9.5,9.5,9.5,0.0,1.0,9.5,,0.0,0
2026-10-04 23:26:49Z,CAR,pre,0.0,PRE,0,2505,Darren Waller,TE,8.8,0.0,8.8,8.8,8.8,8.8,0.0,1.0,8.8,,0.0,0
2026-10-04 23:28:50Z,CAR,pre,0.0,PRE,0,11157,Brycen Tremayne,WR,5.6,0.0,5.6,5.6,5.6,5.6,0.0,1.0,5.6,,0.0,0
2026-10-04 23:28:50Z,CAR,pre,0.0,PRE,0,12961,Ryan Fitzgerald,K,7.3,0.0,7.3,7.3,7.3,7.3,0.0,1.0,7.3,,0.0,0
2026-10-04 23:28:50Z,DET,pre,0.0,PRE,0,12535,Isaac TeSlaa,WR,5.3,0.0,5.3,5.3,5.3,5.3,0.0,1.0,5.3,,0.0,0
2026-10-04 23:28:50Z,DET,pre,0.0,PRE,0,10859,Sam LaPorta,TE,13.0,0.0,13.0,13.0,13.0,13.0,0.0,1.0,13.0,,0.0,0
2026-10-04 23:28:50Z,DET,pre,0.0,PRE,0,11237,Jacob Saylors,RB,1.7,0.0,1.7,1.7,1.7,1.7,0.0,1.0,1.7,,0.0,0
2026-10-04 23:28:50Z,CAR,pre,0.0,PRE,0,9228,Bryce Young,QB,19.4,0.0,19.4,19.4,19.4,19.4,0.0,1.0,19.4,,0.0,0
2026-10-04 23:28:50Z,CAR,pre,0.0,PRE,0,7694,Tommy Tremble,TE,3.8,0.0,3.8,3.8,3.8,3.8,0.0,1.0,3.8,,0.0,0
2026-10-04 23:28:50Z,CAR,pre,0.0,PRE,0,8160,Kenny Pickett,QB,0.6,0.0,0.6,0.6,0.6,0.6,0.0,1.0,0.6,,0.0,0
2026-10-04 23:28:50Z,CAR,pre,0.0,PRE,0,CAR,Carolina Panthers D/ST,DST,4.2,0.0,4.2,4.2,4.2,4.2,0.0,1.0,4.2,,0.0,0
2026-10-04 23:28:50Z,DET,pre,0.0,PRE,0,8250,Tay Martin,WR,0.8,0.0,0.8,0.8,0.8,0.8,0.0,1.0,0.8,,0.0,0
2026-10-04 23:28:50Z,DET,pre,0.0,PRE,0,4179,Joshua Dobbs,QB,0.6,0.0,0.6,0.6,0.6,0.6,0.0,1.0,0.6,,0.0,0
2026-10-04 23:28:50Z,DET,pre,0.0,PRE,0,9221,Jahmyr Gibbs,RB,25.7,0.0,25.7,25.7,25.7,25.7,0.0,1.0,25.7,,0.0,0
2026-10-04 23:28:50Z,DET,pre,0.0,PRE,0,3163,Jared Goff,QB,18.3,0.0,18.3,18.3,18.3,18.3,0.0,1.0,18.3,,0.0,0
2026-10-04 23:28:50Z,DET,pre,0.0,PRE,0,8148,Jameson Williams,WR,12.7,0.0,12.7,12.7,12.7,12.7,0.0,1.0,12.7,,0.0,0
2026-10-04 23:28:50Z,DET,pre,0.0,PRE,0,7891,Brock Wright,TE,1.5,0.0,1.5,1.5,1.5,1.5,0.0,1.0,1.5,,0.0,0
2026-10-04 23:28:50Z,DET,pre,0.0,PRE,0,7547,Amon-Ra St. Brown,WR,20.0,0.0,20.0,20.0,20.0,20.0,0.0,1.0,20.0,,0.0,0
2026-10-04 23:28:50Z,CAR,pre,0.0,PRE,0,12526,Tetairoa McMillan,WR,16.4,0.0,16.4,16.4,16.4,16.4,0.0,1.0,16.4,,0.0,0
2026-10-04 23:28:50Z,CAR,pre,0.0,PRE,0,11646,Jalen Coker,WR,8.5,0.0,8.5,8.5,8.5,8.5,0.0,1.0,8.5,,0.0,0
2026-10-04 23:28:50Z,DET,pre,0.0,PRE,0,DET,Detroit Lions D/ST,DST,5.7,0.0,5.7,5.7,5.7,5.7,0.0,1.0,5.7,,0.0,0
2026-10-04 23:28:50Z,DET,pre,0.0,PRE,0,11729,Sione Vaki,RB,2.6,0.0,2.6,2.6,2.6,2.6,0.0,1.0,2.6,,0.0,0
2026-10-04 23:28:50Z,CAR,pre,0.0,PRE,0,11600,Ja'Tavion Sanders,TE,2.7,0.0,2.7,2.7,2.7,2.7,0.0,1.0,2.7,,0.0,0
2026-10-04 23:28:50Z,CAR,pre,0.0,PRE,0,7594,Chuba Hubbard,RB,16.6,0.0,16.6,16.6,16.6,16.6,0.0,1.0,16.6,,0.0,0
2026-10-04 23:28:50Z,DET,pre,0.0,PRE,0,11539,Jake Bates,K,9.5,0.0,9.5,9.5,9.5,9.5,0.0,1.0,9.5,,0.0,0
2026-10-04 23:28:50Z,CAR,pre,0.0,PRE,0,2505,Darren Waller,TE,8.8,0.0,8.8,8.8,8.8,8.8,0.0,1.0,8.8,,0.0,0
2026-10-04 23:30:50Z,CAR,pre,0.0,PRE,0,11157,Brycen Tremayne,WR,5.6,0.0,5.6,5.6,5.6,5.6,0.0,1.0,5.6,,0.0,0
2026-10-04 23:30:50Z,CAR,pre,0.0,PRE,0,12961,Ryan Fitzgerald,K,7.3,0.0,7.3,7.3,7.3,7.3,0.0,1.0,7.3,,0.0,0
2026-10-04 23:30:50Z,DET,pre,0.0,PRE,0,12535,Isaac TeSlaa,WR,5.3,0.0,5.3,5.3,5.3,5.3,0.0,1.0,5.3,,0.0,0
2026-10-04 23:30:50Z,DET,pre,0.0,PRE,0,10859,Sam LaPorta,TE,13.0,0.0,13.0,13.0,13.0,13.0,0.0,1.0,13.0,,0.0,0
2026-10-04 23:30:50Z,DET,pre,0.0,PRE,0,11237,Jacob Saylors,RB,1.7,0.0,1.7,1.7,1.7,1.7,0.0,1.0,1.7,,0.0,0
2026-10-04 23:30:50Z,CAR,pre,0.0,PRE,0,9228,Bryce Young,QB,19.4,0.0,19.4,19.4,19.4,19.4,0.0,1.0,19.4,,0.0,0
2026-10-04 23:30:50Z,CAR,pre,0.0,PRE,0,7694,Tommy Tremble,TE,3.8,0.0,3.8,3.8,3.8,3.8,0.0,1.0,3.8,,0.0,0
2026-10-04 23:30:50Z,CAR,pre,0.0,PRE,0,8160,Kenny Pickett,QB,0.6,0.0,0.6,0.6,0.6,0.6,0.0,1.0,0.6,,0.0,0
2026-10-04 23:30:50Z,CAR,pre,0.0,PRE,0,CAR,Carolina Panthers D/ST,DST,4.2,0.0,4.2,4.2,4.2,4.2,0.0,1.0,4.2,,0.0,0
2026-10-04 23:30:50Z,DET,pre,0.0,PRE,0,8250,Tay Martin,WR,0.8,0.0,0.8,0.8,0.8,0.8,0.0,1.0,0.8,,0.0,0
2026-10-04 23:30:50Z,DET,pre,0.0,PRE,0,4179,Joshua Dobbs,QB,0.6,0.0,0.6,0.6,0.6,0.6,0.0,1.0,0.6,,0.0,0
2026-10-04 23:30:50Z,DET,pre,0.0,PRE,0,9221,Jahmyr Gibbs,RB,25.7,0.0,25.7,25.7,25.7,25.7,0.0,1.0,25.7,,0.0,0
2026-10-04 23:30:50Z,DET,pre,0.0,PRE,0,3163,Jared Goff,QB,18.3,0.0,18.3,18.3,18.3,18.3,0.0,1.0,18.3,,0.0,0
2026-10-04 23:30:50Z,DET,pre,0.0,PRE,0,8148,Jameson Williams,WR,12.7,0.0,12.7,12.7,12.7,12.7,0.0,1.0,12.7,,0.0,0
2026-10-04 23:30:50Z,DET,pre,0.0,PRE,0,7891,Brock Wright,TE,1.5,0.0,1.5,1.5,1.5,1.5,0.0,1.0,1.5,,0.0,0
2026-10-04 23:30:50Z,DET,pre,0.0,PRE,0,7547,Amon-Ra St. Brown,WR,20.0,0.0,20.0,20.0,20.0,20.0,0.0,1.0,20.0,,0.0,0
2026-10-04 23:30:50Z,CAR,pre,0.0,PRE,0,12526,Tetairoa McMillan,WR,16.4,0.0,16.4,16.4,16.4,16.4,0.0,1.0,16.4,,0.0,0
2026-10-04 23:30:50Z,CAR,pre,0.0,PRE,0,11646,Jalen Coker,WR,8.5,0.0,8.5,8.5,8.5,8.5,0.0,1.0,8.5,,0.0,0
2026-10-04 23:30:50Z,DET,pre,0.0,PRE,0,DET,Detroit Lions D/ST,DST,5.7,0.0,5.7,5.7,5.7,5.7,0.0,1.0,5.7,,0.0,0
2026-10-04 23:30:50Z,DET,pre,0.0,PRE,0,11729,Sione Vaki,RB,2.6,0.0,2.6,2.6,2.6,2.6,0.0,1.0,2.6,,0.0,0
2026-10-04 23:30:50Z,CAR,pre,0.0,PRE,0,11600,Ja'Tavion Sanders,TE,2.7,0.0,2.7,2.7,2.7,2.7,0.0,1.0,2.7,,0.0,0
2026-10-04 23:30:50Z,CAR,pre,0.0,PRE,0,7594,Chuba Hubbard,RB,16.6,0.0,16.6,16.6,16.6,16.6,0.0,1.0,16.6,,0.0,0
2026-10-04 23:30:50Z,DET,pre,0.0,PRE,0,11539,Jake Bates,K,9.5,0.0,9.5,9.5,9.5,9.5,0.0,1.0,9.5,,0.0,0
2026-10-04 23:30:50Z,CAR,pre,0.0,PRE,0,2505,Darren Waller,TE,8.8,0.0,8.8,8.8,8.8,8.8,0.0,1.0,8.8,,0.0,0
2026-10-04 23:32:50Z,CAR,pre,0.0,PRE,0,11157,Brycen Tremayne,WR,5.6,0.0,5.6,5.6,5.6,5.6,0.0,1.0,5.6,,0.0,0
2026-10-04 23:32:50Z,CAR,pre,0.0,PRE,0,12961,Ryan Fitzgerald,K,7.3,0.0,7.3,7.3,7.3,7.3,0.0,1.0,7.3,,0.0,0
2026-10-04 23:32:50Z,DET,pre,0.0,PRE,0,12535,Isaac TeSlaa,WR,5.3,0.0,5.3,5.3,5.3,5.3,0.0,1.0,5.3,,0.0,0
2026-10-04 23:32:50Z,DET,pre,0.0,PRE,0,10859,Sam LaPorta,TE,13.0,0.0,13.0,13.0,13.0,13.0,0.0,1.0,13.0,,0.0,0
2026-10-04 23:32:50Z,DET,pre,0.0,PRE,0,11237,Jacob Saylors,RB,1.7,0.0,1.7,1.7,1.7,1.7,0.0,1.0,1.7,,0.0,0
2026-10-04 23:32:50Z,CAR,pre,0.0,PRE,0,9228,Bryce Young,QB,19.4,0.0,19.4,19.4,19.4,19.4,0.0,1.0,19.4,,0.0,0
2026-10-04 23:32:50Z,CAR,pre,0.0,PRE,0,7694,Tommy Tremble,TE,3.8,0.0,3.8,3.8,3.8,3.8,0.0,1.0,3.8,,0.0,0
2026-10-04 23:32:50Z,CAR,pre,0.0,PRE,0,8160,Kenny Pickett,QB,0.6,0.0,0.6,0.6,0.6,0.6,0.0,1.0,0.6,,0.0,0
2026-10-04 23:32:50Z,CAR,pre,0.0,PRE,0,CAR,Carolina Panthers D/ST,DST,4.2,0.0,4.2,4.2,4.2,4.2,0.0,1.0,4.2,,0.0,0
2026-10-04 23:32:50Z,DET,pre,0.0,PRE,0,8250,Tay Martin,WR,0.8,0.0,0.8,0.8,0.8,0.8,0.0,1.0,0.8,,0.0,0
2026-10-04 23:32:50Z,DET,pre,0.0,PRE,0,4179,Joshua Dobbs,QB,0.6,0.0,0.6,0.6,0.6,0.6,0.0,1.0,0.6,,0.0,0
2026-10-04 23:32:50Z,DET,pre,0.0,PRE,0,9221,Jahmyr Gibbs,RB,25.7,0.0,25.7,25.7,25.7,25.7,0.0,1.0,25.7,,0.0,0
2026-10-04 23:32:50Z,DET,pre,0.0,PRE,0,3163,Jared Goff,QB,18.3,0.0,18.3,18.3,18.3,18.3,0.0,1.0,18.3,,0.0,0
2026-10-04 23:32:50Z,DET,pre,0.0,PRE,0,8148,Jameson Williams,WR,12.7,0.0,12.7,12.7,12.7,12.7,0.0,1.0,12.7,,0.0,0
2026-10-04 23:32:50Z,DET,pre,0.0,PRE,0,7891,Brock Wright,TE,1.5,0.0,1.5,1.5,1.5,1.5,0.0,1.0,1.5,,0.0,0
2026-10-04 23:32:50Z,DET,pre,0.0,PRE,0,7547,Amon-Ra St. Brown,WR,20.0,0.0,20.0,20.0,20.0,20.0,0.0,1.0,20.0,,0.0,0
2026-10-04 23:32:50Z,CAR,pre,0.0,PRE,0,12526,Tetairoa McMillan,WR,16.4,0.0,16.4,16.4,16.4,16.4,0.0,1.0,16.4,,0.0,0
2026-10-04 23:32:50Z,CAR,pre,0.0,PRE,0,11646,Jalen Coker,WR,8.5,0.0,8.5,8.5,8.5,8.5,0.0,1.0,8.5,,0.0,0
2026-10-04 23:32:50Z,DET,pre,0.0,PRE,0,DET,Detroit Lions D/ST,DST,5.7,0.0,5.7,5.7,5.7,5.7,0.0,1.0,5.7,,0.0,0
2026-10-04 23:32:50Z,DET,pre,0.0,PRE,0,11729,Sione Vaki,RB,2.6,0.0,2.6,2.6,2.6,2.6,0.0,1.0,2.6,,0.0,0
2026-10-04 23:32:50Z,CAR,pre,0.0,PRE,0,11600,Ja'Tavion Sanders,TE,2.7,0.0,2.7,2.7,2.7,2.7,0.0,1.0,2.7,,0.0,0
2026-10-04 23:32:50Z,CAR,pre,0.0,PRE,0,7594,Chuba Hubbard,RB,16.6,0.0,16.6,16.6,16.6,16.6,0.0,1.0,16.6,,0.0,0
2026-10-04 23:32:50Z,DET,pre,0.0,PRE,0,11539,Jake Bates,K,9.5,0.0,9.5,9.5,9.5,9.5,0.0,1.0,9.5,,0.0,0
2026-10-04 23:32:50Z,CAR,pre,0.0,PRE,0,2505,Darren Waller,TE,8.8,0.0,8.8,8.8,8.8,8.8,0.0,1.0,8.8,,0.0,0
2026-10-04 23:34:51Z,CAR,pre,0.0,PRE,0,11157,Brycen Tremayne,WR,5.6,0.0,5.6,5.6,5.6,5.6,0.0,1.0,5.6,,0.0,0
2026-10-04 23:34:51Z,CAR,pre,0.0,PRE,0,12961,Ryan Fitzgerald,K,7.3,0.0,7.3,7.3,7.3,7.3,0.0,1.0,7.3,,0.0,0
2026-10-04 23:34:51Z,DET,pre,0.0,PRE,0,12535,Isaac TeSlaa,WR,5.3,0.0,5.3,5.3,5.3,5.3,0.0,1.0,5.3,,0.0,0
2026-10-04 23:34:51Z,DET,pre,0.0,PRE,0,10859,Sam LaPorta,TE,13.0,0.0,13.0,13.0,13.0,13.0,0.0,1.0,13.0,,0.0,0
2026-10-04 23:34:51Z,DET,pre,0.0,PRE,0,11237,Jacob Saylors,RB,1.7,0.0,1.7,1.7,1.7,1.7,0.0,1.0,1.7,,0.0,0
2026-10-04 23:34:51Z,CAR,pre,0.0,PRE,0,9228,Bryce Young,QB,19.4,0.0,19.4,19.4,19.4,19.4,0.0,1.0,19.4,,0.0,0
2026-10-04 23:34:51Z,CAR,pre,0.0,PRE,0,7694,Tommy Tremble,TE,3.8,0.0,3.8,3.8,3.8,3.8,0.0,1.0,3.8,,0.0,0
2026-10-04 23:34:51Z,CAR,pre,0.0,PRE,0,8160,Kenny Pickett,QB,0.6,0.0,0.6,0.6,0.6,0.6,0.0,1.0,0.6,,0.0,0
2026-10-04 23:34:51Z,CAR,pre,0.0,PRE,0,CAR,Carolina Panthers D/ST,DST,4.2,0.0,4.2,4.2,4.2,4.2,0.0,1.0,4.2,,0.0,0
2026-10-04 23:34:51Z,DET,pre,0.0,PRE,0,8250,Tay Martin,WR,0.8,0.0,0.8,0.8,0.8,0.8,0.0,1.0,0.8,,0.0,0
2026-10-04 23:34:51Z,DET,pre,0.0,PRE,0,4179,Joshua Dobbs,QB,0.6,0.0,0.6,0.6,0.6,0.6,0.0,1.0,0.6,,0.0,0
2026-10-04 23:34:51Z,DET,pre,0.0,PRE,0,9221,Jahmyr Gibbs,RB,25.7,0.0,25.7,25.7,25.7,25.7,0.0,1.0,25.7,,0.0,0
2026-10-04 23:34:51Z,DET,pre,0.0,PRE,0,3163,Jared Goff,QB,18.3,0.0,18.3,18.3,18.3,18.3,0.0,1.0,18.3,,0.0,0
2026-10-04 23:34:51Z,DET,pre,0.0,PRE,0,8148,Jameson Williams,WR,12.7,0.0,12.7,12.7,12.7,12.7,0.0,1.0,12.7,,0.0,0
2026-10-04 23:34:51Z,DET,pre,0.0,PRE,0,7891,Brock Wright,TE,1.5,0.0,1.5,1.5,1.5,1.5,0.0,1.0,1.5,,0.0,0
2026-10-04 23:34:51Z,DET,pre,0.0,PRE,0,7547,Amon-Ra St. Brown,WR,20.0,0.0,20.0,20.0,20.0,20.0,0.0,1.0,20.0,,0.0,0
2026-10-04 23:34:51Z,CAR,pre,0.0,PRE,0,12526,Tetairoa McMillan,WR,16.4,0.0,16.4,16.4,16.4,16.4,0.0,1.0,16.4,,0.0,0
2026-10-04 23:34:51Z,CAR,pre,0.0,PRE,0,11646,Jalen Coker,WR,8.5,0.0,8.5,8.5,8.5,8.5,0.0,1.0,8.5,,0.0,0
2026-10-04 23:34:51Z,DET,pre,0.0,PRE,0,DET,Detroit Lions D/ST,DST,5.7,0.0,5.7,5.7,5.7,5.7,0.0,1.0,5.7,,0.0,0
2026-10-04 23:34:51Z,DET,pre,0.0,PRE,0,11729,Sione Vaki,RB,2.6,0.0,2.6,2.6,2.6,2.6,0.0,1.0,2.6,,0.0,0
2026-10-04 23:34:51Z,CAR,pre,0.0,PRE,0,11600,Ja'Tavion Sanders,TE,2.7,0.0,2.7,2.7,2.7,2.7,0.0,1.0,2.7,,0.0,0
2026-10-04 23:34:51Z,CAR,pre,0.0,PRE,0,7594,Chuba Hubbard,RB,16.6,0.0,16.6,16.6,16.6,16.6,0.0,1.0,16.6,,0.0,0
2026-10-04 23:34:51Z,DET,pre,0.0,PRE,0,11539,Jake Bates,K,9.5,0.0,9.5,9.5,9.5,9.5,0.0,1.0,9.5,,0.0,0
2026-10-04 23:34:51Z,CAR,pre,0.0,PRE,0,2505,Darren Waller,TE,8.8,0.0,8.8,8.8,8.8,8.8,0.0,1.0,8.8,,0.0,0
2026-10-04 23:36:51Z,CAR,pre,0.0,PRE,0,11157,Brycen Tremayne,WR,5.6,0.0,5.6,5.6,5.6,5.6,0.0,1.0,5.6,,0.0,0
2026-10-04 23:36:51Z,CAR,pre,0.0,PRE,0,12961,Ryan Fitzgerald,K,7.3,0.0,7.3,7.3,7.3,7.3,0.0,1.0,7.3,,0.0,0
2026-10-04 23:36:51Z,DET,pre,0.0,PRE,0,12535,Isaac TeSlaa,WR,5.3,0.0,5.3,5.3,5.3,5.3,0.0,1.0,5.3,,0.0,0
2026-10-04 23:36:51Z,DET,pre,0.0,PRE,0,10859,Sam LaPorta,TE,13.0,0.0,13.0,13.0,13.0,13.0,0.0,1.0,13.0,,0.0,0
2026-10-04 23:36:51Z,DET,pre,0.0,PRE,0,11237,Jacob Saylors,RB,1.7,0.0,1.7,1.7,1.7,1.7,0.0,1.0,1.7,,0.0,0
2026-10-04 23:36:51Z,CAR,pre,0.0,PRE,0,9228,Bryce Young,QB,19.4,0.0,19.4,19.4,19.4,19.4,0.0,1.0,19.4,,0.0,0
2026-10-04 23:36:51Z,CAR,pre,0.0,PRE,0,7694,Tommy Tremble,TE,3.8,0.0,3.8,3.8,3.8,3.8,0.0,1.0,3.8,,0.0,0
2026-10-04 23:36:51Z,CAR,pre,0.0,PRE,0,8160,Kenny Pickett,QB,0.6,0.0,0.6,0.6,0.6,0.6,0.0,1.0,0.6,,0.0,0
2026-10-04 23:36:51Z,CAR,pre,0.0,PRE,0,CAR,Carolina Panthers D/ST,DST,4.2,0.0,4.2,4.2,4.2,4.2,0.0,1.0,4.2,,0.0,0
2026-10-04 23:36:51Z,DET,pre,0.0,PRE,0,8250,Tay Martin,WR,0.8,0.0,0.8,0.8,0.8,0.8,0.0,1.0,0.8,,0.0,0
2026-10-04 23:36:51Z,DET,pre,0.0,PRE,0,4179,Joshua Dobbs,QB,0.6,0.0,0.6,0.6,0.6,0.6,0.0,1.0,0.6,,0.0,0
2026-10-04 23:36:51Z,DET,pre,0.0,PRE,0,9221,Jahmyr Gibbs,RB,25.7,0.0,25.7,25.7,25.7,25.7,0.0,1.0,25.7,,0.0,0
2026-10-04 23:36:51Z,DET,pre,0.0,PRE,0,3163,Jared Goff,QB,18.3,0.0,18.3,18.3,18.3,18.3,0.0,1.0,18.3,,0.0,0
2026-10-04 23:36:51Z,DET,pre,0.0,PRE,0,8148,Jameson Williams,WR,12.7,0.0,12.7,12.7,12.7,12.7,0.0,1.0,12.7,,0.0,0
2026-10-04 23:36:51Z,DET,pre,0.0,PRE,0,7891,Brock Wright,TE,1.5,0.0,1.5,1.5,1.5,1.5,0.0,1.0,1.5,,0.0,0
2026-10-04 23:36:51Z,DET,pre,0.0,PRE,0,7547,Amon-Ra St. Brown,WR,20.0,0.0,20.0,20.0,20.0,20.0,0.0,1.0,20.0,,0.0,0
2026-10-04 23:36:51Z,CAR,pre,0.0,PRE,0,12526,Tetairoa McMillan,WR,16.4,0.0,16.4,16.4,16.4,16.4,0.0,1.0,16.4,,0.0,0
2026-10-04 23:36:51Z,CAR,pre,0.0,PRE,0,11646,Jalen Coker,WR,8.5,0.0,8.5,8.5,8.5,8.5,0.0,1.0,8.5,,0.0,0
2026-10-04 23:36:51Z,DET,pre,0.0,PRE,0,DET,Detroit Lions D/ST,DST,5.7,0.0,5.7,5.7,5.7,5.7,0.0,1.0,5.7,,0.0,0
2026-10-04 23:36:51Z,DET,pre,0.0,PRE,0,11729,Sione Vaki,RB,2.6,0.0,2.6,2.6,2.6,2.6,0.0,1.0,2.6,,0.0,0
2026-10-04 23:36:51Z,CAR,pre,0.0,PRE,0,11600,Ja'Tavion Sanders,TE,2.7,0.0,2.7,2.7,2.7,2.7,0.0,1.0,2.7,,0.0,0
2026-10-04 23:36:51Z,CAR,pre,0.0,PRE,0,7594,Chuba Hubbard,RB,16.6,0.0,16.6,16.6,16.6,16.6,0.0,1.0,16.6,,0.0,0
2026-10-04 23:36:51Z,DET,pre,0.0,PRE,0,11539,Jake Bates,K,9.5,0.0,9.5,9.5,9.5,9.5,0.0,1.0,9.5,,0.0,0
2026-10-04 23:36:51Z,CAR,pre,0.0,PRE,0,2505,Darren Waller,TE,8.8,0.0,8.8,8.8,8.8,8.8,0.0,1.0,8.8,,0.0,0
2026-10-04 23:38:52Z,CAR,pre,0.0,PRE,0,11157,Brycen Tremayne,WR,5.6,0.0,5.6,5.6,5.6,5.6,0.0,1.0,5.6,,0.0,0
2026-10-04 23:38:52Z,CAR,pre,0.0,PRE,0,12961,Ryan Fitzgerald,K,7.3,0.0,7.3,7.3,7.3,7.3,0.0,1.0,7.3,,0.0,0
2026-10-04 23:38:52Z,DET,pre,0.0,PRE,0,12535,Isaac TeSlaa,WR,5.3,0.0,5.3,5.3,5.3,5.3,0.0,1.0,5.3,,0.0,0
2026-10-04 23:38:52Z,DET,pre,0.0,PRE,0,10859,Sam LaPorta,TE,13.0,0.0,13.0,13.0,13.0,13.0,0.0,1.0,13.0,,0.0,0
2026-10-04 23:38:52Z,DET,pre,0.0,PRE,0,11237,Jacob Saylors,RB,1.7,0.0,1.7,1.7,1.7,1.7,0.0,1.0,1.7,,0.0,0
2026-10-04 23:38:52Z,CAR,pre,0.0,PRE,0,9228,Bryce Young,QB,19.4,0.0,19.4,19.4,19.4,19.4,0.0,1.0,19.4,,0.0,0
2026-10-04 23:38:52Z,CAR,pre,0.0,PRE,0,7694,Tommy Tremble,TE,3.8,0.0,3.8,3.8,3.8,3.8,0.0,1.0,3.8,,0.0,0
2026-10-04 23:38:52Z,CAR,pre,0.0,PRE,0,8160,Kenny Pickett,QB,0.6,0.0,0.6,0.6,0.6,0.6,0.0,1.0,0.6,,0.0,0
2026-10-04 23:38:52Z,CAR,pre,0.0,PRE,0,CAR,Carolina Panthers D/ST,DST,4.2,0.0,4.2,4.2,4.2,4.2,0.0,1.0,4.2,,0.0,0
2026-10-04 23:38:52Z,DET,pre,0.0,PRE,0,8250,Tay Martin,WR,0.8,0.0,0.8,0.8,0.8,0.8,0.0,1.0,0.8,,0.0,0
2026-10-04 23:38:52Z,DET,pre,0.0,PRE,0,4179,Joshua Dobbs,QB,0.6,0.0,0.6,0.6,0.6,0.6,0.0,1.0,0.6,,0.0,0
2026-10-04 23:38:52Z,DET,pre,0.0,PRE,0,9221,Jahmyr Gibbs,RB,25.7,0.0,25.7,25.7,25.7,25.7,0.0,1.0,25.7,,0.0,0
2026-10-04 23:38:52Z,DET,pre,0.0,PRE,0,3163,Jared Goff,QB,18.3,0.0,18.3,18.3,18.3,18.3,0.0,1.0,18.3,,0.0,0
2026-10-04 23:38:52Z,DET,pre,0.0,PRE,0,8148,Jameson Williams,WR,12.7,0.0,12.7,12.7,12.7,12.7,0.0,1.0,12.7,,0.0,0
2026-10-04 23:38:52Z,DET,pre,0.0,PRE,0,7891,Brock Wright,TE,1.5,0.0,1.5,1.5,1.5,1.5,0.0,1.0,1.5,,0.0,0
2026-10-04 23:38:52Z,DET,pre,0.0,PRE,0,7547,Amon-Ra St. Brown,WR,20.0,0.0,20.0,20.0,20.0,20.0,0.0,1.0,20.0,,0.0,0
2026-10-04 23:38:52Z,CAR,pre,0.0,PRE,0,12526,Tetairoa McMillan,WR,16.4,0.0,16.4,16.4,16.4,16.4,0.0,1.0,16.4,,0.0,0
2026-10-04 23:38:52Z,CAR,pre,0.0,PRE,0,11646,Jalen Coker,WR,8.5,0.0,8.5,8.5,8.5,8.5,0.0,1.0,8.5,,0.0,0
2026-10-04 23:38:52Z,DET,pre,0.0,PRE,0,DET,Detroit Lions D/ST,DST,5.7,0.0,5.7,5.7,5.7,5.7,0.0,1.0,5.7,,0.0,0
2026-10-04 23:38:52Z,DET,pre,0.0,PRE,0,11729,Sione Vaki,RB,2.6,0.0,2.6,2.6,2.6,2.6,0.0,1.0,2.6,,0.0,0
2026-10-04 23:38:52Z,CAR,pre,0.0,PRE,0,11600,Ja'Tavion Sanders,TE,2.7,0.0,2.7,2.7,2.7,2.7,0.0,1.0,2.7,,0.0,0
2026-10-04 23:38:52Z,CAR,pre,0.0,PRE,0,7594,Chuba Hubbard,RB,16.6,0.0,16.6,16.6,16.6,16.6,0.0,1.0,16.6,,0.0,0
2026-10-04 23:38:52Z,DET,pre,0.0,PRE,0,11539,Jake Bates,K,9.5,0.0,9.5,9.5,9.5,9.5,0.0,1.0,9.5,,0.0,0
2026-10-04 23:38:52Z,CAR,pre,0.0,PRE,0,2505,Darren Waller,TE,8.8,0.0,8.8,8.8,8.8,8.8,0.0,1.0,8.8,,0.0,0
2026-10-04 23:40:52Z,CAR,pre,0.0,PRE,0,11157,Brycen Tremayne,WR,5.6,0.0,5.6,5.6,5.6,5.6,0.0,1.0,5.6,,0.0,0
2026-10-04 23:40:52Z,CAR,pre,0.0,PRE,0,12961,Ryan Fitzgerald,K,7.3,0.0,7.3,7.3,7.3,7.3,0.0,1.0,7.3,,0.0,0
2026-10-04 23:40:52Z,DET,pre,0.0,PRE,0,12535,Isaac TeSlaa,WR,5.3,0.0,5.3,5.3,5.3,5.3,0.0,1.0,5.3,,0.0,0
2026-10-04 23:40:52Z,DET,pre,0.0,PRE,0,10859,Sam LaPorta,TE,13.0,0.0,13.0,13.0,13.0,13.0,0.0,1.0,13.0,,0.0,0
2026-10-04 23:40:52Z,DET,pre,0.0,PRE,0,11237,Jacob Saylors,RB,1.7,0.0,1.7,1.7,1.7,1.7,0.0,1.0,1.7,,0.0,0
2026-10-04 23:40:52Z,CAR,pre,0.0,PRE,0,9228,Bryce Young,QB,19.4,0.0,19.4,19.4,19.4,19.4,0.0,1.0,19.4,,0.0,0
2026-10-04 23:40:52Z,CAR,pre,0.0,PRE,0,7694,Tommy Tremble,TE,3.8,0.0,3.8,3.8,3.8,3.8,0.0,1.0,3.8,,0.0,0
2026-10-04 23:40:52Z,CAR,pre,0.0,PRE,0,8160,Kenny Pickett,QB,0.6,0.0,0.6,0.6,0.6,0.6,0.0,1.0,0.6,,0.0,0
2026-10-04 23:40:52Z,CAR,pre,0.0,PRE,0,CAR,Carolina Panthers D/ST,DST,4.2,0.0,4.2,4.2,4.2,4.2,0.0,1.0,4.2,,0.0,0
2026-10-04 23:40:52Z,DET,pre,0.0,PRE,0,8250,Tay Martin,WR,0.8,0.0,0.8,0.8,0.8,0.8,0.0,1.0,0.8,,0.0,0
2026-10-04 23:40:52Z,DET,pre,0.0,PRE,0,4179,Joshua Dobbs,QB,0.6,0.0,0.6,0.6,0.6,0.6,0.0,1.0,0.6,,0.0,0
2026-10-04 23:40:52Z,DET,pre,0.0,PRE,0,9221,Jahmyr Gibbs,RB,25.7,0.0,25.7,25.7,25.7,25.7,0.0,1.0,25.7,,0.0,0
2026-10-04 23:40:52Z,DET,pre,0.0,PRE,0,3163,Jared Goff,QB,18.3,0.0,18.3,18.3,18.3,18.3,0.0,1.0,18.3,,0.0,0
2026-10-04 23:40:52Z,DET,pre,0.0,PRE,0,8148,Jameson Williams,WR,12.7,0.0,12.7,12.7,12.7,12.7,0.0,1.0,12.7,,0.0,0
2026-10-04 23:40:52Z,DET,pre,0.0,PRE,0,7891,Brock Wright,TE,1.5,0.0,1.5,1.5,1.5,1.5,0.0,1.0,1.5,,0.0,0
2026-10-04 23:40:52Z,DET,pre,0.0,PRE,0,7547,Amon-Ra St. Brown,WR,20.0,0.0,20.0,20.0,20.0,20.0,0.0,1.0,20.0,,0.0,0
2026-10-04 23:40:52Z,CAR,pre,0.0,PRE,0,12526,Tetairoa McMillan,WR,16.4,0.0,16.4,16.4,16.4,16.4,0.0,1.0,16.4,,0.0,0
2026-10-04 23:40:52Z,CAR,pre,0.0,PRE,0,11646,Jalen Coker,WR,8.5,0.0,8.5,8.5,8.5,8.5,0.0,1.0,8.5,,0.0,0
2026-10-04 23:40:52Z,DET,pre,0.0,PRE,0,DET,Detroit Lions D/ST,DST,5.7,0.0,5.7,5.7,5.7,5.7,0.0,1.0,5.7,,0.0,0
2026-10-04 23:40:52Z,DET,pre,0.0,PRE,0,11729,Sione Vaki,RB,2.6,0.0,2.6,2.6,2.6,2.6,0.0,1.0,2.6,,0.0,0
2026-10-04 23:40:52Z,CAR,pre,0.0,PRE,0,11600,Ja'Tavion Sanders,TE,2.7,0.0,2.7,2.7,2.7,2.7,0.0,1.0,2.7,,0.0,0
2026-10-04 23:40:52Z,CAR,pre,0.0,PRE,0,7594,Chuba Hubbard,RB,16.6,0.0,16.6,16.6,16.6,16.6,0.0,1.0,16.6,,0.0,0
2026-10-04 23:40:52Z,DET,pre,0.0,PRE,0,11539,Jake Bates,K,9.5,0.0,9.5,9.5,9.5,9.5,0.0,1.0,9.5,,0.0,0
2026-10-04 23:40:52Z,CAR,pre,0.0,PRE,0,2505,Darren Waller,TE,8.8,0.0,8.8,8.8,8.8,8.8,0.0,1.0,8.8,,0.0,0
2026-10-04 23:42:53Z,CAR,pre,0.0,PRE,0,11157,Brycen Tremayne,WR,5.6,0.0,5.6,5.6,5.6,5.6,0.0,1.0,5.6,,0.0,0
2026-10-04 23:42:53Z,CAR,pre,0.0,PRE,0,12961,Ryan Fitzgerald,K,7.3,0.0,7.3,7.3,7.3,7.3,0.0,1.0,7.3,,0.0,0
2026-10-04 23:42:53Z,DET,pre,0.0,PRE,0,12535,Isaac TeSlaa,WR,5.3,0.0,5.3,5.3,5.3,5.3,0.0,1.0,5.3,,0.0,0
2026-10-04 23:42:53Z,DET,pre,0.0,PRE,0,10859,Sam LaPorta,TE,13.0,0.0,13.0,13.0,13.0,13.0,0.0,1.0,13.0,,0.0,0
2026-10-04 23:42:53Z,DET,pre,0.0,PRE,0,11237,Jacob Saylors,RB,1.7,0.0,1.7,1.7,1.7,1.7,0.0,1.0,1.7,,0.0,0
2026-10-04 23:42:53Z,CAR,pre,0.0,PRE,0,9228,Bryce Young,QB,19.4,0.0,19.4,19.4,19.4,19.4,0.0,1.0,19.4,,0.0,0
2026-10-04 23:42:53Z,CAR,pre,0.0,PRE,0,7694,Tommy Tremble,TE,3.8,0.0,3.8,3.8,3.8,3.8,0.0,1.0,3.8,,0.0,0
2026-10-04 23:42:53Z,CAR,pre,0.0,PRE,0,8160,Kenny Pickett,QB,0.6,0.0,0.6,0.6,0.6,0.6,0.0,1.0,0.6,,0.0,0
2026-10-04 23:42:53Z,CAR,pre,0.0,PRE,0,CAR,Carolina Panthers D/ST,DST,4.2,0.0,4.2,4.2,4.2,4.2,0.0,1.0,4.2,,0.0,0
2026-10-04 23:42:53Z,DET,pre,0.0,PRE,0,8250,Tay Martin,WR,0.8,0.0,0.8,0.8,0.8,0.8,0.0,1.0,0.8,,0.0,0
2026-10-04 23:42:53Z,DET,pre,0.0,PRE,0,4179,Joshua Dobbs,QB,0.6,0.0,0.6,0.6,0.6,0.6,0.0,1.0,0.6,,0.0,0
2026-10-04 23:42:53Z,DET,pre,0.0,PRE,0,9221,Jahmyr Gibbs,RB,25.7,0.0,25.7,25.7,25.7,25.7,0.0,1.0,25.7,,0.0,0
2026-10-04 23:42:53Z,DET,pre,0.0,PRE,0,3163,Jared Goff,QB,18.3,0.0,18.3,18.3,18.3,18.3,0.0,1.0,18.3,,0.0,0
2026-10-04 23:42:53Z,DET,pre,0.0,PRE,0,8148,Jameson Williams,WR,12.7,0.0,12.7,12.7,12.7,12.7,0.0,1.0,12.7,,0.0,0
2026-10-04 23:42:53Z,DET,pre,0.0,PRE,0,7891,Brock Wright,TE,1.5,0.0,1.5,1.5,1.5,1.5,0.0,1.0,1.5,,0.0,0
2026-10-04 23:42:53Z,DET,pre,0.0,PRE,0,7547,Amon-Ra St. Brown,WR,20.0,0.0,20.0,20.0,20.0,20.0,0.0,1.0,20.0,,0.0,0
2026-10-04 23:42:53Z,CAR,pre,0.0,PRE,0,12526,Tetairoa McMillan,WR,16.4,0.0,16.4,16.4,16.4,16.4,0.0,1.0,16.4,,0.0,0
2026-10-04 23:42:53Z,CAR,pre,0.0,PRE,0,11646,Jalen Coker,WR,8.5,0.0,8.5,8.5,8.5,8.5,0.0,1.0,8.5,,0.0,0
2026-10-04 23:42:53Z,DET,pre,0.0,PRE,0,DET,Detroit Lions D/ST,DST,5.7,0.0,5.7,5.7,5.7,5.7,0.0,1.0,5.7,,0.0,0
2026-10-04 23:42:53Z,DET,pre,0.0,PRE,0,11729,Sione Vaki,RB,2.6,0.0,2.6,2.6,2.6,2.6,0.0,1.0,2.6,,0.0,0
2026-10-04 23:42:53Z,CAR,pre,0.0,PRE,0,11600,Ja'Tavion Sanders,TE,2.7,0.0,2.7,2.7,2.7,2.7,0.0,1.0,2.7,,0.0,0
2026-10-04 23:42:53Z,CAR,pre,0.0,PRE,0,7594,Chuba Hubbard,RB,16.6,0.0,16.6,16.6,16.6,16.6,0.0,1.0,16.6,,0.0,0
2026-10-04 23:42:53Z,DET,pre,0.0,PRE,0,11539,Jake Bates,K,9.5,0.0,9.5,9.5,9.5,9.5,0.0,1.0,9.5,,0.0,0
2026-10-04 23:42:53Z,CAR,pre,0.0,PRE,0,2505,Darren Waller,TE,8.8,0.0,8.8,8.8,8.8,8.8,0.0,1.0,8.8,,0.0,0
2026-10-04 23:44:53Z,CAR,pre,0.0,PRE,0,11157,Brycen Tremayne,WR,5.6,0.0,5.6,5.6,5.6,5.6,0.0,1.0,5.6,,0.0,0
2026-10-04 23:44:53Z,CAR,pre,0.0,PRE,0,12961,Ryan Fitzgerald,K,7.3,0.0,7.3,7.3,7.3,7.3,0.0,1.0,7.3,,0.0,0
2026-10-04 23:44:53Z,DET,pre,0.0,PRE,0,12535,Isaac TeSlaa,WR,5.3,0.0,5.3,5.3,5.3,5.3,0.0,1.0,5.3,,0.0,0
2026-10-04 23:44:53Z,DET,pre,0.0,PRE,0,10859,Sam LaPorta,TE,13.0,0.0,13.0,13.0,13.0,13.0,0.0,1.0,13.0,,0.0,0
2026-10-04 23:44:53Z,DET,pre,0.0,PRE,0,11237,Jacob Saylors,RB,1.7,0.0,1.7,1.7,1.7,1.7,0.0,1.0,1.7,,0.0,0
2026-10-04 23:44:53Z,CAR,pre,0.0,PRE,0,9228,Bryce Young,QB,19.4,0.0,19.4,19.4,19.4,19.4,0.0,1.0,19.4,,0.0,0
2026-10-04 23:44:53Z,CAR,pre,0.0,PRE,0,7694,Tommy Tremble,TE,3.8,0.0,3.8,3.8,3.8,3.8,0.0,1.0,3.8,,0.0,0
2026-10-04 23:44:53Z,CAR,pre,0.0,PRE,0,8160,Kenny Pickett,QB,0.6,0.0,0.6,0.6,0.6,0.6,0.0,1.0,0.6,,0.0,0
2026-10-04 23:44:53Z,CAR,pre,0.0,PRE,0,CAR,Carolina Panthers D/ST,DST,4.2,0.0,4.2,4.2,4.2,4.2,0.0,1.0,4.2,,0.0,0
2026-10-04 23:44:53Z,DET,pre,0.0,PRE,0,8250,Tay Martin,WR,0.8,0.0,0.8,0.8,0.8,0.8,0.0,1.0,0.8,,0.0,0
2026-10-04 23:44:53Z,DET,pre,0.0,PRE,0,4179,Joshua Dobbs,QB,0.6,0.0,0.6,0.6,0.6,0.6,0.0,1.0,0.6,,0.0,0
2026-10-04 23:44:53Z,DET,pre,0.0,PRE,0,9221,Jahmyr Gibbs,RB,25.7,0.0,25.7,25.7,25.7,25.7,0.0,1.0,25.7,,0.0,0
2026-10-04 23:44:53Z,DET,pre,0.0,PRE,0,3163,Jared Goff,QB,18.3,0.0,18.3,18.3,18.3,18.3,0.0,1.0,18.3,,0.0,0
2026-10-04 23:44:53Z,DET,pre,0.0,PRE,0,8148,Jameson Williams,WR,12.7,0.0,12.7,12.7,12.7,12.7,0.0,1.0,12.7,,0.0,0
2026-10-04 23:44:53Z,DET,pre,0.0,PRE,0,7891,Brock Wright,TE,1.5,0.0,1.5,1.5,1.5,1.5,0.0,1.0,1.5,,0.0,0
2026-10-04 23:44:53Z,DET,pre,0.0,PRE,0,7547,Amon-Ra St. Brown,WR,20.0,0.0,20.0,20.0,20.0,20.0,0.0,1.0,20.0,,0.0,0
2026-10-04 23:44:53Z,CAR,pre,0.0,PRE,0,12526,Tetairoa McMillan,WR,16.4,0.0,16.4,16.4,16.4,16.4,0.0,1.0,16.4,,0.0,0
2026-10-04 23:44:53Z,CAR,pre,0.0,PRE,0,11646,Jalen Coker,WR,8.5,0.0,8.5,8.5,8.5,8.5,0.0,1.0,8.5,,0.0,0
2026-10-04 23:44:53Z,DET,pre,0.0,PRE,0,DET,Detroit Lions D/ST,DST,5.7,0.0,5.7,5.7,5.7,5.7,0.0,1.0,5.7,,0.0,0
2026-10-04 23:44:53Z,DET,pre,0.0,PRE,0,11729,Sione Vaki,RB,2.6,0.0,2.6,2.6,2.6,2.6,0.0,1.0,2.6,,0.0,0
2026-10-04 23:44:53Z,CAR,pre,0.0,PRE,0,11600,Ja'Tavion Sanders,TE,2.7,0.0,2.7,2.7,2.7,2.7,0.0,1.0,2.7,,0.0,0
2026-10-04 23:44:53Z,CAR,pre,0.0,PRE,0,7594,Chuba Hubbard,RB,16.6,0.0,16.6,16.6,16.6,16.6,0.0,1.0,16.6,,0.0,0
2026-10-04 23:44:53Z,DET,pre,0.0,PRE,0,11539,Jake Bates,K,9.5,0.0,9.5,9.5,9.5,9.5,0.0,1.0,9.5,,0.0,0
2026-10-04 23:44:53Z,CAR,pre,0.0,PRE,0,2505,Darren Waller,TE,8.8,0.0,8.8,8.8,8.8,8.8,0.0,1.0,8.8,,0.0,0
2026-10-04 23:46:54Z,CAR,pre,0.0,PRE,0,11157,Brycen Tremayne,WR,5.6,0.0,5.6,5.6,5.6,5.6,0.0,1.0,5.6,,0.0,0
2026-10-04 23:46:54Z,CAR,pre,0.0,PRE,0,12961,Ryan Fitzgerald,K,7.3,0.0,7.3,7.3,7.3,7.3,0.0,1.0,7.3,,0.0,0
2026-10-04 23:46:54Z,DET,pre,0.0,PRE,0,12535,Isaac TeSlaa,WR,5.3,0.0,5.3,5.3,5.3,5.3,0.0,1.0,5.3,,0.0,0
2026-10-04 23:46:54Z,DET,pre,0.0,PRE,0,10859,Sam LaPorta,TE,13.0,0.0,13.0,13.0,13.0,13.0,0.0,1.0,13.0,,0.0,0
2026-10-04 23:46:54Z,DET,pre,0.0,PRE,0,11237,Jacob Saylors,RB,1.7,0.0,1.7,1.7,1.7,1.7,0.0,1.0,1.7,,0.0,0
2026-10-04 23:46:54Z,CAR,pre,0.0,PRE,0,9228,Bryce Young,QB,19.4,0.0,19.4,19.4,19.4,19.4,0.0,1.0,19.4,,0.0,0
2026-10-04 23:46:54Z,CAR,pre,0.0,PRE,0,7694,Tommy Tremble,TE,3.8,0.0,3.8,3.8,3.8,3.8,0.0,1.0,3.8,,0.0,0
2026-10-04 23:46:54Z,CAR,pre,0.0,PRE,0,8160,Kenny Pickett,QB,0.6,0.0,0.6,0.6,0.6,0.6,0.0,1.0,0.6,,0.0,0
2026-10-04 23:46:54Z,CAR,pre,0.0,PRE,0,CAR,Carolina Panthers D/ST,DST,4.2,0.0,4.2,4.2,4.2,4.2,0.0,1.0,4.2,,0.0,0
2026-10-04 23:46:54Z,DET,pre,0.0,PRE,0,8250,Tay Martin,WR,0.8,0.0,0.8,0.8,0.8,0.8,0.0,1.0,0.8,,0.0,0
2026-10-04 23:46:54Z,DET,pre,0.0,PRE,0,4179,Joshua Dobbs,QB,0.6,0.0,0.6,0.6,0.6,0.6,0.0,1.0,0.6,,0.0,0
2026-10-04 23:46:54Z,DET,pre,0.0,PRE,0,9221,Jahmyr Gibbs,RB,25.7,0.0,25.7,25.7,25.7,25.7,0.0,1.0,25.7,,0.0,0
2026-10-04 23:46:54Z,DET,pre,0.0,PRE,0,3163,Jared Goff,QB,18.3,0.0,18.3,18.3,18.3,18.3,0.0,1.0,18.3,,0.0,0
2026-10-04 23:46:54Z,DET,pre,0.0,PRE,0,8148,Jameson Williams,WR,12.7,0.0,12.7,12.7,12.7,12.7,0.0,1.0,12.7,,0.0,0
2026-10-04 23:46:54Z,DET,pre,0.0,PRE,0,7891,Brock Wright,TE,1.5,0.0,1.5,1.5,1.5,1.5,0.0,1.0,1.5,,0.0,0
2026-10-04 23:46:54Z,DET,pre,0.0,PRE,0,7547,Amon-Ra St. Brown,WR,20.0,0.0,20.0,20.0,20.0,20.0,0.0,1.0,20.0,,0.0,0
2026-10-04 23:46:54Z,CAR,pre,0.0,PRE,0,12526,Tetairoa McMillan,WR,16.4,0.0,16.4,16.4,16.4,16.4,0.0,1.0,16.4,,0.0,0
2026-10-04 23:46:54Z,CAR,pre,0.0,PRE,0,11646,Jalen Coker,WR,8.5,0.0,8.5,8.5,8.5,8.5,0.0,1.0,8.5,,0.0,0
2026-10-04 23:46:54Z,DET,pre,0.0,PRE,0,DET,Detroit Lions D/ST,DST,5.7,0.0,5.7,5.7,5.7,5.7,0.0,1.0,5.7,,0.0,0
2026-10-04 23:46:54Z,DET,pre,0.0,PRE,0,11729,Sione Vaki,RB,2.6,0.0,2.6,2.6,2.6,2.6,0.0,1.0,2.6,,0.0,0
2026-10-04 23:46:54Z,CAR,pre,0.0,PRE,0,11600,Ja'Tavion Sanders,TE,2.7,0.0,2.7,2.7,2.7,2.7,0.0,1.0,2.7,,0.0,0
2026-10-04 23:46:54Z,CAR,pre,0.0,PRE,0,7594,Chuba Hubbard,RB,16.6,0.0,16.6,16.6,16.6,16.6,0.0,1.0,16.6,,0.0,0
2026-10-04 23:46:54Z,DET,pre,0.0,PRE,0,11539,Jake Bates,K,9.5,0.0,9.5,9.5,9.5,9.5,0.0,1.0,9.5,,0.0,0
2026-10-04 23:46:54Z,CAR,pre,0.0,PRE,0,2505,Darren Waller,TE,8.8,0.0,8.8,8.8,8.8,8.8,0.0,1.0,8.8,,0.0,0
2026-10-04 23:48:54Z,CAR,pre,0.0,PRE,0,11157,Brycen Tremayne,WR,5.6,0.0,5.6,5.6,5.6,5.6,0.0,1.0,5.6,,0.0,0
2026-10-04 23:48:54Z,CAR,pre,0.0,PRE,0,12961,Ryan Fitzgerald,K,7.3,0.0,7.3,7.3,7.3,7.3,0.0,1.0,7.3,,0.0,0
2026-10-04 23:48:54Z,DET,pre,0.0,PRE,0,12535,Isaac TeSlaa,WR,5.3,0.0,5.3,5.3,5.3,5.3,0.0,1.0,5.3,,0.0,0
2026-10-04 23:48:54Z,DET,pre,0.0,PRE,0,10859,Sam LaPorta,TE,13.0,0.0,13.0,13.0,13.0,13.0,0.0,1.0,13.0,,0.0,0
2026-10-04 23:48:54Z,DET,pre,0.0,PRE,0,11237,Jacob Saylors,RB,1.7,0.0,1.7,1.7,1.7,1.7,0.0,1.0,1.7,,0.0,0
2026-10-04 23:48:54Z,CAR,pre,0.0,PRE,0,9228,Bryce Young,QB,19.4,0.0,19.4,19.4,19.4,19.4,0.0,1.0,19.4,,0.0,0
2026-10-04 23:48:54Z,CAR,pre,0.0,PRE,0,7694,Tommy Tremble,TE,3.8,0.0,3.8,3.8,3.8,3.8,0.0,1.0,3.8,,0.0,0
2026-10-04 23:48:54Z,CAR,pre,0.0,PRE,0,8160,Kenny Pickett,QB,0.6,0.0,0.6,0.6,0.6,0.6,0.0,1.0,0.6,,0.0,0
2026-10-04 23:48:54Z,CAR,pre,0.0,PRE,0,CAR,Carolina Panthers D/ST,DST,4.2,0.0,4.2,4.2,4.2,4.2,0.0,1.0,4.2,,0.0,0
2026-10-04 23:48:54Z,DET,pre,0.0,PRE,0,8250,Tay Martin,WR,0.8,0.0,0.8,0.8,0.8,0.8,0.0,1.0,0.8,,0.0,0
2026-10-04 23:48:54Z,DET,pre,0.0,PRE,0,4179,Joshua Dobbs,QB,0.6,0.0,0.6,0.6,0.6,0.6,0.0,1.0,0.6,,0.0,0
2026-10-04 23:48:54Z,DET,pre,0.0,PRE,0,9221,Jahmyr Gibbs,RB,25.7,0.0,25.7,25.7,25.7,25.7,0.0,1.0,25.7,,0.0,0
2026-10-04 23:48:54Z,DET,pre,0.0,PRE,0,3163,Jared Goff,QB,18.3,0.0,18.3,18.3,18.3,18.3,0.0,1.0,18.3,,0.0,0
2026-10-04 23:48:54Z,DET,pre,0.0,PRE,0,8148,Jameson Williams,WR,12.7,0.0,12.7,12.7,12.7,12.7,0.0,1.0,12.7,,0.0,0
2026-10-04 23:48:54Z,DET,pre,0.0,PRE,0,7891,Brock Wright,TE,1.5,0.0,1.5,1.5,1.5,1.5,0.0,1.0,1.5,,0.0,0
2026-10-04 23:48:54Z,DET,pre,0.0,PRE,0,7547,Amon-Ra St. Brown,WR,20.0,0.0,20.0,20.0,20.0,20.0,0.0,1.0,20.0,,0.0,0
2026-10-04 23:48:54Z,CAR,pre,0.0,PRE,0,12526,Tetairoa McMillan,WR,16.4,0.0,16.4,16.4,16.4,16.4,0.0,1.0,16.4,,0.0,0
2026-10-04 23:48:54Z,CAR,pre,0.0,PRE,0,11646,Jalen Coker,WR,8.5,0.0,8.5,8.5,8.5,8.5,0.0,1.0,8.5,,0.0,0
2026-10-04 23:48:54Z,DET,pre,0.0,PRE,0,DET,Detroit Lions D/ST,DST,5.7,0.0,5.7,5.7,5.7,5.7,0.0,1.0,5.7,,0.0,0
2026-10-04 23:48:54Z,DET,pre,0.0,PRE,0,11729,Sione Vaki,RB,2.6,0.0,2.6,2.6,2.6,2.6,0.0,1.0,2.6,,0.0,0
2026-10-04 23:48:54Z,CAR,pre,0.0,PRE,0,11600,Ja'Tavion Sanders,TE,2.7,0.0,2.7,2.7,2.7,2.7,0.0,1.0,2.7,,0.0,0
2026-10-04 23:48:54Z,CAR,pre,0.0,PRE,0,7594,Chuba Hubbard,RB,16.6,0.0,16.6,16.6,16.6,16.6,0.0,1.0,16.6,,0.0,0
2026-10-04 23:48:54Z,DET,pre,0.0,PRE,0,11539,Jake Bates,K,9.5,0.0,9.5,9.5,9.5,9.5,0.0,1.0,9.5,,0.0,0
2026-10-04 23:48:54Z,CAR,pre,0.0,PRE,0,2505,Darren Waller,TE,8.8,0.0,8.8,8.8,8.8,8.8,0.0,1.0,8.8,,0.0,0
2026-10-04 23:50:54Z,CAR,pre,0.0,PRE,0,11157,Brycen Tremayne,WR,5.6,0.0,5.6,5.6,5.6,5.6,0.0,1.0,5.6,,0.0,0
2026-10-04 23:50:54Z,CAR,pre,0.0,PRE,0,12961,Ryan Fitzgerald,K,7.3,0.0,7.3,7.3,7.3,7.3,0.0,1.0,7.3,,0.0,0
2026-10-04 23:50:54Z,DET,pre,0.0,PRE,0,12535,Isaac TeSlaa,WR,5.3,0.0,5.3,5.3,5.3,5.3,0.0,1.0,5.3,,0.0,0
2026-10-04 23:50:54Z,DET,pre,0.0,PRE,0,10859,Sam LaPorta,TE,13.0,0.0,13.0,13.0,13.0,13.0,0.0,1.0,13.0,,0.0,0
2026-10-04 23:50:54Z,DET,pre,0.0,PRE,0,11237,Jacob Saylors,RB,1.7,0.0,1.7,1.7,1.7,1.7,0.0,1.0,1.7,,0.0,0
2026-10-04 23:50:54Z,CAR,pre,0.0,PRE,0,9228,Bryce Young,QB,19.4,0.0,19.4,19.4,19.4,19.4,0.0,1.0,19.4,,0.0,0
2026-10-04 23:50:54Z,CAR,pre,0.0,PRE,0,7694,Tommy Tremble,TE,3.8,0.0,3.8,3.8,3.8,3.8,0.0,1.0,3.8,,0.0,0
2026-10-04 23:50:54Z,CAR,pre,0.0,PRE,0,8160,Kenny Pickett,QB,0.6,0.0,0.6,0.6,0.6,0.6,0.0,1.0,0.6,,0.0,0
2026-10-04 23:50:54Z,CAR,pre,0.0,PRE,0,CAR,Carolina Panthers D/ST,DST,4.2,0.0,4.2,4.2,4.2,4.2,0.0,1.0,4.2,,0.0,0
2026-10-04 23:50:54Z,DET,pre,0.0,PRE,0,8250,Tay Martin,WR,0.8,0.0,0.8,0.8,0.8,0.8,0.0,1.0,0.8,,0.0,0
2026-10-04 23:50:54Z,DET,pre,0.0,PRE,0,4179,Joshua Dobbs,QB,0.6,0.0,0.6,0.6,0.6,0.6,0.0,1.0,0.6,,0.0,0
2026-10-04 23:50:54Z,DET,pre,0.0,PRE,0,9221,Jahmyr Gibbs,RB,25.7,0.0,25.7,25.7,25.7,25.7,0.0,1.0,25.7,,0.0,0
2026-10-04 23:50:54Z,DET,pre,0.0,PRE,0,3163,Jared Goff,QB,18.3,0.0,18.3,18.3,18.3,18.3,0.0,1.0,18.3,,0.0,0
2026-10-04 23:50:54Z,DET,pre,0.0,PRE,0,8148,Jameson Williams,WR,12.7,0.0,12.7,12.7,12.7,12.7,0.0,1.0,12.7,,0.0,0
2026-10-04 23:50:54Z,DET,pre,0.0,PRE,0,7891,Brock Wright,TE,1.5,0.0,1.5,1.5,1.5,1.5,0.0,1.0,1.5,,0.0,0
2026-10-04 23:50:54Z,DET,pre,0.0,PRE,0,7547,Amon-Ra St. Brown,WR,20.0,0.0,20.0,20.0,20.0,20.0,0.0,1.0,20.0,,0.0,0
2026-10-04 23:50:54Z,CAR,pre,0.0,PRE,0,12526,Tetairoa McMillan,WR,16.4,0.0,16.4,16.4,16.4,16.4,0.0,1.0,16.4,,0.0,0
2026-10-04 23:50:54Z,CAR,pre,0.0,PRE,0,11646,Jalen Coker,WR,8.5,0.0,8.5,8.5,8.5,8.5,0.0,1.0,8.5,,0.0,0
2026-10-04 23:50:54Z,DET,pre,0.0,PRE,0,DET,Detroit Lions D/ST,DST,5.7,0.0,5.7,5.7,5.7,5.7,0.0,1.0,5.7,,0.0,0
2026-10-04 23:50:54Z,DET,pre,0.0,PRE,0,11729,Sione Vaki,RB,2.6,0.0,2.6,2.6,2.6,2.6,0.0,1.0,2.6,,0.0,0
2026-10-04 23:50:54Z,CAR,pre,0.0,PRE,0,11600,Ja'Tavion Sanders,TE,2.7,0.0,2.7,2.7,2.7,2.7,0.0,1.0,2.7,,0.0,0
2026-10-04 23:50:54Z,CAR,pre,0.0,PRE,0,7594,Chuba Hubbard,RB,16.6,0.0,16.6,16.6,16.6,16.6,0.0,1.0,16.6,,0.0,0
2026-10-04 23:50:54Z,DET,pre,0.0,PRE,0,11539,Jake Bates,K,9.5,0.0,9.5,9.5,9.5,9.5,0.0,1.0,9.5,,0.0,0
2026-10-04 23:50:54Z,CAR,pre,0.0,PRE,0,2505,Darren Waller,TE,8.8,0.0,8.8,8.8,8.8,8.8,0.0,1.0,8.8,,0.0,0
2026-10-04 23:52:55Z,CAR,pre,0.0,PRE,0,11157,Brycen Tremayne,WR,5.6,0.0,5.6,5.6,5.6,5.6,0.0,1.0,5.6,,0.0,0
2026-10-04 23:52:55Z,CAR,pre,0.0,PRE,0,12961,Ryan Fitzgerald,K,7.3,0.0,7.3,7.3,7.3,7.3,0.0,1.0,7.3,,0.0,0
2026-10-04 23:52:55Z,DET,pre,0.0,PRE,0,12535,Isaac TeSlaa,WR,5.3,0.0,5.3,5.3,5.3,5.3,0.0,1.0,5.3,,0.0,0
2026-10-04 23:52:55Z,DET,pre,0.0,PRE,0,10859,Sam LaPorta,TE,13.0,0.0,13.0,13.0,13.0,13.0,0.0,1.0,13.0,,0.0,0
2026-10-04 23:52:55Z,DET,pre,0.0,PRE,0,11237,Jacob Saylors,RB,1.7,0.0,1.7,1.7,1.7,1.7,0.0,1.0,1.7,,0.0,0
2026-10-04 23:52:55Z,CAR,pre,0.0,PRE,0,9228,Bryce Young,QB,19.4,0.0,19.4,19.4,19.4,19.4,0.0,1.0,19.4,,0.0,0
2026-10-04 23:52:55Z,CAR,pre,0.0,PRE,0,7694,Tommy Tremble,TE,3.8,0.0,3.8,3.8,3.8,3.8,0.0,1.0,3.8,,0.0,0
2026-10-04 23:52:55Z,CAR,pre,0.0,PRE,0,8160,Kenny Pickett,QB,0.6,0.0,0.6,0.6,0.6,0.6,0.0,1.0,0.6,,0.0,0
2026-10-04 23:52:55Z,CAR,pre,0.0,PRE,0,CAR,Carolina Panthers D/ST,DST,4.2,0.0,4.2,4.2,4.2,4.2,0.0,1.0,4.2,,0.0,0
2026-10-04 23:52:55Z,DET,pre,0.0,PRE,0,8250,Tay Martin,WR,0.8,0.0,0.8,0.8,0.8,0.8,0.0,1.0,0.8,,0.0,0
2026-10-04 23:52:55Z,DET,pre,0.0,PRE,0,4179,Joshua Dobbs,QB,0.6,0.0,0.6,0.6,0.6,0.6,0.0,1.0,0.6,,0.0,0
2026-10-04 23:52:55Z,DET,pre,0.0,PRE,0,9221,Jahmyr Gibbs,RB,25.7,0.0,25.7,25.7,25.7,25.7,0.0,1.0,25.7,,0.0,0
2026-10-04 23:52:55Z,DET,pre,0.0,PRE,0,3163,Jared Goff,QB,18.3,0.0,18.3,18.3,18.3,18.3,0.0,1.0,18.3,,0.0,0
2026-10-04 23:52:55Z,DET,pre,0.0,PRE,0,8148,Jameson Williams,WR,12.7,0.0,12.7,12.7,12.7,12.7,0.0,1.0,12.7,,0.0,0
2026-10-04 23:52:55Z,DET,pre,0.0,PRE,0,7891,Brock Wright,TE,1.5,0.0,1.5,1.5,1.5,1.5,0.0,1.0,1.5,,0.0,0
2026-10-04 23:52:55Z,DET,pre,0.0,PRE,0,7547,Amon-Ra St. Brown,WR,20.0,0.0,20.0,20.0,20.0,20.0,0.0,1.0,20.0,,0.0,0
2026-10-04 23:52:55Z,CAR,pre,0.0,PRE,0,12526,Tetairoa McMillan,WR,16.4,0.0,16.4,16.4,16.4,16.4,0.0,1.0,16.4,,0.0,0
2026-10-04 23:52:55Z,CAR,pre,0.0,PRE,0,11646,Jalen Coker,WR,8.5,0.0,8.5,8.5,8.5,8.5,0.0,1.0,8.5,,0.0,0
2026-10-04 23:52:55Z,DET,pre,0.0,PRE,0,DET,Detroit Lions D/ST,DST,5.7,0.0,5.7,5.7,5.7,5.7,0.0,1.0,5.7,,0.0,0
2026-10-04 23:52:55Z,DET,pre,0.0,PRE,0,11729,Sione Vaki,RB,2.6,0.0,2.6,2.6,2.6,2.6,0.0,1.0,2.6,,0.0,0
2026-10-04 23:52:55Z,CAR,pre,0.0,PRE,0,11600,Ja'Tavion Sanders,TE,2.7,0.0,2.7,2.7,2.7,2.7,0.0,1.0,2.7,,0.0,0
2026-10-04 23:52:55Z,CAR,pre,0.0,PRE,0,7594,Chuba Hubbard,RB,16.6,0.0,16.6,16.6,16.6,16.6,0.0,1.0,16.6,,0.0,0
2026-10-04 23:52:55Z,DET,pre,0.0,PRE,0,11539,Jake Bates,K,9.5,0.0,9.5,9.5,9.5,9.5,0.0,1.0,9.5,,0.0,0
2026-10-04 23:52:55Z,CAR,pre,0.0,PRE,0,2505,Darren Waller,TE,8.8,0.0,8.8,8.8,8.8,8.8,0.0,1.0,8.8,,0.0,0
2026-10-04 23:54:55Z,CAR,pre,0.0,PRE,0,11157,Brycen Tremayne,WR,5.6,0.0,5.6,5.6,5.6,5.6,0.0,1.0,5.6,,0.0,0
2026-10-04 23:54:55Z,CAR,pre,0.0,PRE,0,12961,Ryan Fitzgerald,K,7.3,0.0,7.3,7.3,7.3,7.3,0.0,1.0,7.3,,0.0,0
2026-10-04 23:54:55Z,DET,pre,0.0,PRE,0,12535,Isaac TeSlaa,WR,5.3,0.0,5.3,5.3,5.3,5.3,0.0,1.0,5.3,,0.0,0
2026-10-04 23:54:55Z,DET,pre,0.0,PRE,0,10859,Sam LaPorta,TE,13.0,0.0,13.0,13.0,13.0,13.0,0.0,1.0,13.0,,0.0,0
2026-10-04 23:54:55Z,DET,pre,0.0,PRE,0,11237,Jacob Saylors,RB,1.7,0.0,1.7,1.7,1.7,1.7,0.0,1.0,1.7,,0.0,0
2026-10-04 23:54:55Z,CAR,pre,0.0,PRE,0,9228,Bryce Young,QB,19.4,0.0,19.4,19.4,19.4,19.4,0.0,1.0,19.4,,0.0,0
2026-10-04 23:54:55Z,CAR,pre,0.0,PRE,0,7694,Tommy Tremble,TE,3.8,0.0,3.8,3.8,3.8,3.8,0.0,1.0,3.8,,0.0,0
2026-10-04 23:54:55Z,CAR,pre,0.0,PRE,0,8160,Kenny Pickett,QB,0.6,0.0,0.6,0.6,0.6,0.6,0.0,1.0,0.6,,0.0,0
2026-10-04 23:54:55Z,CAR,pre,0.0,PRE,0,CAR,Carolina Panthers D/ST,DST,4.2,0.0,4.2,4.2,4.2,4.2,0.0,1.0,4.2,,0.0,0
2026-10-04 23:54:55Z,DET,pre,0.0,PRE,0,8250,Tay Martin,WR,0.8,0.0,0.8,0.8,0.8,0.8,0.0,1.0,0.8,,0.0,0
2026-10-04 23:54:55Z,DET,pre,0.0,PRE,0,4179,Joshua Dobbs,QB,0.6,0.0,0.6,0.6,0.6,0.6,0.0,1.0,0.6,,0.0,0
2026-10-04 23:54:55Z,DET,pre,0.0,PRE,0,9221,Jahmyr Gibbs,RB,25.7,0.0,25.7,25.7,25.7,25.7,0.0,1.0,25.7,,0.0,0
2026-10-04 23:54:55Z,DET,pre,0.0,PRE,0,3163,Jared Goff,QB,18.3,0.0,18.3,18.3,18.3,18.3,0.0,1.0,18.3,,0.0,0
2026-10-04 23:54:55Z,DET,pre,0.0,PRE,0,8148,Jameson Williams,WR,12.7,0.0,12.7,12.7,12.7,12.7,0.0,1.0,12.7,,0.0,0
2026-10-04 23:54:55Z,DET,pre,0.0,PRE,0,7891,Brock Wright,TE,1.5,0.0,1.5,1.5,1.5,1.5,0.0,1.0,1.5,,0.0,0
2026-10-04 23:54:55Z,DET,pre,0.0,PRE,0,7547,Amon-Ra St. Brown,WR,20.0,0.0,20.0,20.0,20.0,20.0,0.0,1.0,20.0,,0.0,0
2026-10-04 23:54:55Z,CAR,pre,0.0,PRE,0,12526,Tetairoa McMillan,WR,16.4,0.0,16.4,16.4,16.4,16.4,0.0,1.0,16.4,,0.0,0
2026-10-04 23:54:55Z,CAR,pre,0.0,PRE,0,11646,Jalen Coker,WR,8.5,0.0,8.5,8.5,8.5,8.5,0.0,1.0,8.5,,0.0,0
2026-10-04 23:54:55Z,DET,pre,0.0,PRE,0,DET,Detroit Lions D/ST,DST,5.7,0.0,5.7,5.7,5.7,5.7,0.0,1.0,5.7,,0.0,0
2026-10-04 23:54:55Z,DET,pre,0.0,PRE,0,11729,Sione Vaki,RB,2.6,0.0,2.6,2.6,2.6,2.6,0.0,1.0,2.6,,0.0,0
2026-10-04 23:54:55Z,CAR,pre,0.0,PRE,0,11600,Ja'Tavion Sanders,TE,2.7,0.0,2.7,2.7,2.7,2.7,0.0,1.0,2.7,,0.0,0
2026-10-04 23:54:55Z,CAR,pre,0.0,PRE,0,7594,Chuba Hubbard,RB,16.6,0.0,16.6,16.6,16.6,16.6,0.0,1.0,16.6,,0.0,0
2026-10-04 23:54:55Z,DET,pre,0.0,PRE,0,11539,Jake Bates,K,9.5,0.0,9.5,9.5,9.5,9.5,0.0,1.0,9.5,,0.0,0
2026-10-04 23:54:55Z,CAR,pre,0.0,PRE,0,2505,Darren Waller,TE,8.8,0.0,8.8,8.8,8.8,8.8,0.0,1.0,8.8,,0.0,0
2026-10-04 23:56:56Z,CAR,pre,0.0,PRE,0,11157,Brycen Tremayne,WR,5.6,0.0,5.6,5.6,5.6,5.6,0.0,1.0,5.6,,0.0,0
2026-10-04 23:56:56Z,CAR,pre,0.0,PRE,0,12961,Ryan Fitzgerald,K,7.3,0.0,7.3,7.3,7.3,7.3,0.0,1.0,7.3,,0.0,0
2026-10-04 23:56:56Z,DET,pre,0.0,PRE,0,12535,Isaac TeSlaa,WR,5.3,0.0,5.3,5.3,5.3,5.3,0.0,1.0,5.3,,0.0,0
2026-10-04 23:56:56Z,DET,pre,0.0,PRE,0,10859,Sam LaPorta,TE,13.0,0.0,13.0,13.0,13.0,13.0,0.0,1.0,13.0,,0.0,0
2026-10-04 23:56:56Z,DET,pre,0.0,PRE,0,11237,Jacob Saylors,RB,1.7,0.0,1.7,1.7,1.7,1.7,0.0,1.0,1.7,,0.0,0
2026-10-04 23:56:56Z,CAR,pre,0.0,PRE,0,9228,Bryce Young,QB,19.4,0.0,19.4,19.4,19.4,19.4,0.0,1.0,19.4,,0.0,0
2026-10-04 23:56:56Z,CAR,pre,0.0,PRE,0,7694,Tommy Tremble,TE,3.8,0.0,3.8,3.8,3.8,3.8,0.0,1.0,3.8,,0.0,0
2026-10-04 23:56:56Z,CAR,pre,0.0,PRE,0,8160,Kenny Pickett,QB,0.6,0.0,0.6,0.6,0.6,0.6,0.0,1.0,0.6,,0.0,0
2026-10-04 23:56:56Z,CAR,pre,0.0,PRE,0,CAR,Carolina Panthers D/ST,DST,4.2,0.0,4.2,4.2,4.2,4.2,0.0,1.0,4.2,,0.0,0
2026-10-04 23:56:56Z,DET,pre,0.0,PRE,0,8250,Tay Martin,WR,0.8,0.0,0.8,0.8,0.8,0.8,0.0,1.0,0.8,,0.0,0
2026-10-04 23:56:56Z,DET,pre,0.0,PRE,0,4179,Joshua Dobbs,QB,0.6,0.0,0.6,0.6,0.6,0.6,0.0,1.0,0.6,,0.0,0
2026-10-04 23:56:56Z,DET,pre,0.0,PRE,0,9221,Jahmyr Gibbs,RB,25.7,0.0,25.7,25.7,25.7,25.7,0.0,1.0,25.7,,0.0,0
2026-10-04 23:56:56Z,DET,pre,0.0,PRE,0,3163,Jared Goff,QB,18.3,0.0,18.3,18.3,18.3,18.3,0.0,1.0,18.3,,0.0,0
2026-10-04 23:56:56Z,DET,pre,0.0,PRE,0,8148,Jameson Williams,WR,12.7,0.0,12.7,12.7,12.7,12.7,0.0,1.0,12.7,,0.0,0
2026-10-04 23:56:56Z,DET,pre,0.0,PRE,0,7891,Brock Wright,TE,1.5,0.0,1.5,1.5,1.5,1.5,0.0,1.0,1.5,,0.0,0
2026-10-04 23:56:56Z,DET,pre,0.0,PRE,0,7547,Amon-Ra St. Brown,WR,20.0,0.0,20.0,20.0,20.0,20.0,0.0,1.0,20.0,,0.0,0
2026-10-04 23:56:56Z,CAR,pre,0.0,PRE,0,12526,Tetairoa McMillan,WR,16.4,0.0,16.4,16.4,16.4,16.4,0.0,1.0,16.4,,0.0,0
2026-10-04 23:56:56Z,CAR,pre,0.0,PRE,0,11646,Jalen Coker,WR,8.5,0.0,8.5,8.5,8.5,8.5,0.0,1.0,8.5,,0.0,0
2026-10-04 23:56:56Z,DET,pre,0.0,PRE,0,DET,Detroit Lions D/ST,DST,5.7,0.0,5.7,5.7,5.7,5.7,0.0,1.0,5.7,,0.0,0
2026-10-04 23:56:56Z,DET,pre,0.0,PRE,0,11729,Sione Vaki,RB,2.6,0.0,2.6,2.6,2.6,2.6,0.0,1.0,2.6,,0.0,0
2026-10-04 23:56:56Z,CAR,pre,0.0,PRE,0,11600,Ja'Tavion Sanders,TE,2.7,0.0,2.7,2.7,2.7,2.7,0.0,1.0,2.7,,0.0,0
2026-10-04 23:56:56Z,CAR,pre,0.0,PRE,0,7594,Chuba Hubbard,RB,16.6,0.0,16.6,16.6,16.6,16.6,0.0,1.0,16.6,,0.0,0
2026-10-04 23:56:56Z,DET,pre,0.0,PRE,0,11539,Jake Bates,K,9.5,0.0,9.5,9.5,9.5,9.5,0.0,1.0,9.5,,0.0,0
2026-10-04 23:56:56Z,CAR,pre,0.0,PRE,0,2505,Darren Waller,TE,8.8,0.0,8.8,8.8,8.8,8.8,0.0,1.0,8.8,,0.0,0
2026-10-04 23:58:56Z,CAR,pre,0.0,PRE,0,11157,Brycen Tremayne,WR,5.6,0.0,5.6,5.6,5.6,5.6,0.0,1.0,5.6,,0.0,0
2026-10-04 23:58:56Z,CAR,pre,0.0,PRE,0,12961,Ryan Fitzgerald,K,7.3,0.0,7.3,7.3,7.3,7.3,0.0,1.0,7.3,,0.0,0
2026-10-04 23:58:56Z,DET,pre,0.0,PRE,0,12535,Isaac TeSlaa,WR,5.3,0.0,5.3,5.3,5.3,5.3,0.0,1.0,5.3,,0.0,0
2026-10-04 23:58:56Z,DET,pre,0.0,PRE,0,10859,Sam LaPorta,TE,13.0,0.0,13.0,13.0,13.0,13.0,0.0,1.0,13.0,,0.0,0
2026-10-04 23:58:56Z,DET,pre,0.0,PRE,0,11237,Jacob Saylors,RB,1.7,0.0,1.7,1.7,1.7,1.7,0.0,1.0,1.7,,0.0,0
2026-10-04 23:58:56Z,CAR,pre,0.0,PRE,0,9228,Bryce Young,QB,19.4,0.0,19.4,19.4,19.4,19.4,0.0,1.0,19.4,,0.0,0
2026-10-04 23:58:56Z,CAR,pre,0.0,PRE,0,7694,Tommy Tremble,TE,3.8,0.0,3.8,3.8,3.8,3.8,0.0,1.0,3.8,,0.0,0
2026-10-04 23:58:56Z,CAR,pre,0.0,PRE,0,8160,Kenny Pickett,QB,0.6,0.0,0.6,0.6,0.6,0.6,0.0,1.0,0.6,,0.0,0
2026-10-04 23:58:56Z,CAR,pre,0.0,PRE,0,CAR,Carolina Panthers D/ST,DST,4.2,0.0,4.2,4.2,4.2,4.2,0.0,1.0,4.2,,0.0,0
2026-10-04 23:58:56Z,DET,pre,0.0,PRE,0,8250,Tay Martin,WR,0.8,0.0,0.8,0.8,0.8,0.8,0.0,1.0,0.8,,0.0,0
2026-10-04 23:58:56Z,DET,pre,0.0,PRE,0,4179,Joshua Dobbs,QB,0.6,0.0,0.6,0.6,0.6,0.6,0.0,1.0,0.6,,0.0,0
2026-10-04 23:58:56Z,DET,pre,0.0,PRE,0,9221,Jahmyr Gibbs,RB,25.7,0.0,25.7,25.7,25.7,25.7,0.0,1.0,25.7,,0.0,0
2026-10-04 23:58:56Z,DET,pre,0.0,PRE,0,3163,Jared Goff,QB,18.3,0.0,18.3,18.3,18.3,18.3,0.0,1.0,18.3,,0.0,0
2026-10-04 23:58:56Z,DET,pre,0.0,PRE,0,8148,Jameson Williams,WR,12.7,0.0,12.7,12.7,12.7,12.7,0.0,1.0,12.7,,0.0,0
2026-10-04 23:58:56Z,DET,pre,0.0,PRE,0,7891,Brock Wright,TE,1.5,0.0,1.5,1.5,1.5,1.5,0.0,1.0,1.5,,0.0,0
2026-10-04 23:58:56Z,DET,pre,0.0,PRE,0,7547,Amon-Ra St. Brown,WR,20.0,0.0,20.0,20.0,20.0,20.0,0.0,1.0,20.0,,0.0,0
2026-10-04 23:58:56Z,CAR,pre,0.0,PRE,0,12526,Tetairoa McMillan,WR,16.4,0.0,16.4,16.4,16.4,16.4,0.0,1.0,16.4,,0.0,0
2026-10-04 23:58:56Z,CAR,pre,0.0,PRE,0,11646,Jalen Coker,WR,8.5,0.0,8.5,8.5,8.5,8.5,0.0,1.0,8.5,,0.0,0
2026-10-04 23:58:56Z,DET,pre,0.0,PRE,0,DET,Detroit Lions D/ST,DST,5.7,0.0,5.7,5.7,5.7,5.7,0.0,1.0,5.7,,0.0,0
2026-10-04 23:58:56Z,DET,pre,0.0,PRE,0,11729,Sione Vaki,RB,2.6,0.0,2.6,2.6,2.6,2.6,0.0,1.0,2.6,,0.0,0
2026-10-04 23:58:56Z,CAR,pre,0.0,PRE,0,11600,Ja'Tavion Sanders,TE,2.7,0.0,2.7,2.7,2.7,2.7,0.0,1.0,2.7,,0.0,0
2026-10-04 23:58:56Z,CAR,pre,0.0,PRE,0,7594,Chuba Hubbard,RB,16.6,0.0,16.6,16.6,16.6,16.6,0.0,1.0,16.6,,0.0,0
2026-10-04 23:58:56Z,DET,pre,0.0,PRE,0,11539,Jake Bates,K,9.5,0.0,9.5,9.5,9.5,9.5,0.0,1.0,9.5,,0.0,0
2026-10-04 23:58:56Z,CAR,pre,0.0,PRE,0,2505,Darren Waller,TE,8.8,0.0,8.8,8.8,8.8,8.8,0.0,1.0,8.8,,0.0,0
2026-10-05 00:00:56Z,CAR,pre,0.0,PRE,0,11157,Brycen Tremayne,WR,5.6,0.0,5.6,5.6,5.6,5.6,0.0,1.0,5.6,,0.0,0
2026-10-05 00:00:56Z,CAR,pre,0.0,PRE,0,12961,Ryan Fitzgerald,K,7.3,0.0,7.3,7.3,7.3,7.3,0.0,1.0,7.3,,0.0,0
2026-10-05 00:00:56Z,DET,pre,0.0,PRE,0,12535,Isaac TeSlaa,WR,5.3,0.0,5.3,5.3,5.3,5.3,0.0,1.0,5.3,,0.0,0
2026-10-05 00:00:56Z,DET,pre,0.0,PRE,0,10859,Sam LaPorta,TE,13.0,0.0,13.0,13.0,13.0,13.0,0.0,1.0,13.0,,0.0,0
2026-10-05 00:00:56Z,DET,pre,0.0,PRE,0,11237,Jacob Saylors,RB,1.7,0.0,1.7,1.7,1.7,1.7,0.0,1.0,1.7,,0.0,0
2026-10-05 00:00:56Z,CAR,pre,0.0,PRE,0,9228,Bryce Young,QB,19.4,0.0,19.4,19.4,19.4,19.4,0.0,1.0,19.4,,0.0,0
2026-10-05 00:00:56Z,CAR,pre,0.0,PRE,0,7694,Tommy Tremble,TE,3.8,0.0,3.8,3.8,3.8,3.8,0.0,1.0,3.8,,0.0,0
2026-10-05 00:00:56Z,CAR,pre,0.0,PRE,0,8160,Kenny Pickett,QB,0.6,0.0,0.6,0.6,0.6,0.6,0.0,1.0,0.6,,0.0,0
2026-10-05 00:00:56Z,CAR,pre,0.0,PRE,0,CAR,Carolina Panthers D/ST,DST,4.2,0.0,4.2,4.2,4.2,4.2,0.0,1.0,4.2,,0.0,0
2026-10-05 00:00:56Z,DET,pre,0.0,PRE,0,8250,Tay Martin,WR,0.8,0.0,0.8,0.8,0.8,0.8,0.0,1.0,0.8,,0.0,0
2026-10-05 00:00:56Z,DET,pre,0.0,PRE,0,4179,Joshua Dobbs,QB,0.6,0.0,0.6,0.6,0.6,0.6,0.0,1.0,0.6,,0.0,0
2026-10-05 00:00:56Z,DET,pre,0.0,PRE,0,9221,Jahmyr Gibbs,RB,25.7,0.0,25.7,25.7,25.7,25.7,0.0,1.0,25.7,,0.0,0
2026-10-05 00:00:56Z,DET,pre,0.0,PRE,0,3163,Jared Goff,QB,18.3,0.0,18.3,18.3,18.3,18.3,0.0,1.0,18.3,,0.0,0
2026-10-05 00:00:56Z,DET,pre,0.0,PRE,0,8148,Jameson Williams,WR,12.7,0.0,12.7,12.7,12.7,12.7,0.0,1.0,12.7,,0.0,0
2026-10-05 00:00:56Z,DET,pre,0.0,PRE,0,7891,Brock Wright,TE,1.5,0.0,1.5,1.5,1.5,1.5,0.0,1.0,1.5,,0.0,0
2026-10-05 00:00:56Z,DET,pre,0.0,PRE,0,7547,Amon-Ra St. Brown,WR,20.0,0.0,20.0,20.0,20.0,20.0,0.0,1.0,20.0,,0.0,0
2026-10-05 00:00:56Z,CAR,pre,0.0,PRE,0,12526,Tetairoa McMillan,WR,16.4,0.0,16.4,16.4,16.4,16.4,0.0,1.0,16.4,,0.0,0
2026-10-05 00:00:56Z,CAR,pre,0.0,PRE,0,11646,Jalen Coker,WR,8.5,0.0,8.5,8.5,8.5,8.5,0.0,1.0,8.5,,0.0,0
2026-10-05 00:00:56Z,DET,pre,0.0,PRE,0,DET,Detroit Lions D/ST,DST,5.7,0.0,5.7,5.7,5.7,5.7,0.0,1.0,5.7,,0.0,0
2026-10-05 00:00:56Z,DET,pre,0.0,PRE,0,11729,Sione Vaki,RB,2.6,0.0,2.6,2.6,2.6,2.6,0.0,1.0,2.6,,0.0,0
2026-10-05 00:00:56Z,CAR,pre,0.0,PRE,0,11600,Ja'Tavion Sanders,TE,2.7,0.0,2.7,2.7,2.7,2.7,0.0,1.0,2.7,,0.0,0
2026-10-05 00:00:56Z,CAR,pre,0.0,PRE,0,7594,Chuba Hubbard,RB,16.6,0.0,16.6,16.6,16.6,16.6,0.0,1.0,16.6,,0.0,0
2026-10-05 00:00:56Z,DET,pre,0.0,PRE,0,11539,Jake Bates,K,9.5,0.0,9.5,9.5,9.5,9.5,0.0,1.0,9.5,,0.0,0
2026-10-05 00:00:56Z,CAR,pre,0.0,PRE,0,2505,Darren Waller,TE,8.8,0.0,8.8,8.8,8.8,8.8,0.0,1.0,8.8,,0.0,0
2026-10-05 00:02:57Z,CAR,pre,0.0,PRE,0,11157,Brycen Tremayne,WR,5.6,0.0,5.6,5.6,5.6,5.6,0.0,1.0,5.6,,0.0,0
2026-10-05 00:02:57Z,CAR,pre,0.0,PRE,0,12961,Ryan Fitzgerald,K,7.3,0.0,7.3,7.3,7.3,7.3,0.0,1.0,7.3,,0.0,0
2026-10-05 00:02:57Z,DET,pre,0.0,PRE,0,12535,Isaac TeSlaa,WR,5.3,0.0,5.3,5.3,5.3,5.3,0.0,1.0,5.3,,0.0,0
2026-10-05 00:02:57Z,DET,pre,0.0,PRE,0,10859,Sam LaPorta,TE,13.0,0.0,13.0,13.0,13.0,13.0,0.0,1.0,13.0,,0.0,0
2026-10-05 00:02:57Z,DET,pre,0.0,PRE,0,11237,Jacob Saylors,RB,1.7,0.0,1.7,1.7,1.7,1.7,0.0,1.0,1.7,,0.0,0
2026-10-05 00:02:57Z,CAR,pre,0.0,PRE,0,9228,Bryce Young,QB,19.4,0.0,19.4,19.4,19.4,19.4,0.0,1.0,19.4,,0.0,0
2026-10-05 00:02:57Z,CAR,pre,0.0,PRE,0,7694,Tommy Tremble,TE,3.8,0.0,3.8,3.8,3.8,3.8,0.0,1.0,3.8,,0.0,0
2026-10-05 00:02:57Z,CAR,pre,0.0,PRE,0,8160,Kenny Pickett,QB,0.6,0.0,0.6,0.6,0.6,0.6,0.0,1.0,0.6,,0.0,0
2026-10-05 00:02:57Z,CAR,pre,0.0,PRE,0,CAR,Carolina Panthers D/ST,DST,4.2,0.0,4.2,4.2,4.2,4.2,0.0,1.0,4.2,,0.0,0
2026-10-05 00:02:57Z,DET,pre,0.0,PRE,0,8250,Tay Martin,WR,0.8,0.0,0.8,0.8,0.8,0.8,0.0,1.0,0.8,,0.0,0
2026-10-05 00:02:57Z,DET,pre,0.0,PRE,0,4179,Joshua Dobbs,QB,0.6,0.0,0.6,0.6,0.6,0.6,0.0,1.0,0.6,,0.0,0
2026-10-05 00:02:57Z,DET,pre,0.0,PRE,0,9221,Jahmyr Gibbs,RB,25.7,0.0,25.7,25.7,25.7,25.7,0.0,1.0,25.7,,0.0,0
2026-10-05 00:02:57Z,DET,pre,0.0,PRE,0,3163,Jared Goff,QB,18.3,0.0,18.3,18.3,18.3,18.3,0.0,1.0,18.3,,0.0,0
2026-10-05 00:02:57Z,DET,pre,0.0,PRE,0,8148,Jameson Williams,WR,12.7,0.0,12.7,12.7,12.7,12.7,0.0,1.0,12.7,,0.0,0
2026-10-05 00:02:57Z,DET,pre,0.0,PRE,0,7891,Brock Wright,TE,1.5,0.0,1.5,1.5,1.5,1.5,0.0,1.0,1.5,,0.0,0
2026-10-05 00:02:57Z,DET,pre,0.0,PRE,0,7547,Amon-Ra St. Brown,WR,20.0,0.0,20.0,20.0,20.0,20.0,0.0,1.0,20.0,,0.0,0
2026-10-05 00:02:57Z,CAR,pre,0.0,PRE,0,12526,Tetairoa McMillan,WR,16.4,0.0,16.4,16.4,16.4,16.4,0.0,1.0,16.4,,0.0,0
2026-10-05 00:02:57Z,CAR,pre,0.0,PRE,0,11646,Jalen Coker,WR,8.5,0.0,8.5,8.5,8.5,8.5,0.0,1.0,8.5,,0.0,0
2026-10-05 00:02:57Z,DET,pre,0.0,PRE,0,DET,Detroit Lions D/ST,DST,5.7,0.0,5.7,5.7,5.7,5.7,0.0,1.0,5.7,,0.0,0
2026-10-05 00:02:57Z,DET,pre,0.0,PRE,0,11729,Sione Vaki,RB,2.6,0.0,2.6,2.6,2.6,2.6,0.0,1.0,2.6,,0.0,0
2026-10-05 00:02:57Z,CAR,pre,0.0,PRE,0,11600,Ja'Tavion Sanders,TE,2.7,0.0,2.7,2.7,2.7,2.7,0.0,1.0,2.7,,0.0,0
2026-10-05 00:02:57Z,CAR,pre,0.0,PRE,0,7594,Chuba Hubbard,RB,16.6,0.0,16.6,16.6,16.6,16.6,0.0,1.0,16.6,,0.0,0
2026-10-05 00:02:57Z,DET,pre,0.0,PRE,0,11539,Jake Bates,K,9.5,0.0,9.5,9.5,9.5,9.5,0.0,1.0,9.5,,0.0,0
2026-10-05 00:02:57Z,CAR,pre,0.0,PRE,0,2505,Darren Waller,TE,8.8,0.0,8.8,8.8,8.8,8.8,0.0,1.0,8.8,,0.0,0
2026-10-05 00:04:57Z,CAR,pre,0.0,PRE,0,11157,Brycen Tremayne,WR,5.6,0.0,5.6,5.6,5.6,5.6,0.0,1.0,5.6,,0.0,0
2026-10-05 00:04:57Z,CAR,pre,0.0,PRE,0,12961,Ryan Fitzgerald,K,7.3,0.0,7.3,7.3,7.3,7.3,0.0,1.0,7.3,,0.0,0
2026-10-05 00:04:57Z,DET,pre,0.0,PRE,0,12535,Isaac TeSlaa,WR,5.3,0.0,5.3,5.3,5.3,5.3,0.0,1.0,5.3,,0.0,0
2026-10-05 00:04:57Z,DET,pre,0.0,PRE,0,10859,Sam LaPorta,TE,13.0,0.0,13.0,13.0,13.0,13.0,0.0,1.0,13.0,,0.0,0
2026-10-05 00:04:57Z,DET,pre,0.0,PRE,0,11237,Jacob Saylors,RB,1.7,0.0,1.7,1.7,1.7,1.7,0.0,1.0,1.7,,0.0,0
2026-10-05 00:04:57Z,CAR,pre,0.0,PRE,0,9228,Bryce Young,QB,19.4,0.0,19.4,19.4,19.4,19.4,0.0,1.0,19.4,,0.0,0
2026-10-05 00:04:57Z,CAR,pre,0.0,PRE,0,7694,Tommy Tremble,TE,3.8,0.0,3.8,3.8,3.8,3.8,0.0,1.0,3.8,,0.0,0
2026-10-05 00:04:57Z,CAR,pre,0.0,PRE,0,8160,Kenny Pickett,QB,0.6,0.0,0.6,0.6,0.6,0.6,0.0,1.0,0.6,,0.0,0
2026-10-05 00:04:57Z,CAR,pre,0.0,PRE,0,CAR,Carolina Panthers D/ST,DST,4.2,0.0,4.2,4.2,4.2,4.2,0.0,1.0,4.2,,0.0,0
2026-10-05 00:04:57Z,DET,pre,0.0,PRE,0,8250,Tay Martin,WR,0.8,0.0,0.8,0.8,0.8,0.8,0.0,1.0,0.8,,0.0,0
2026-10-05 00:04:57Z,DET,pre,0.0,PRE,0,4179,Joshua Dobbs,QB,0.6,0.0,0.6,0.6,0.6,0.6,0.0,1.0,0.6,,0.0,0
2026-10-05 00:04:57Z,DET,pre,0.0,PRE,0,9221,Jahmyr Gibbs,RB,25.7,0.0,25.7,25.7,25.7,25.7,0.0,1.0,25.7,,0.0,0
2026-10-05 00:04:57Z,DET,pre,0.0,PRE,0,3163,Jared Goff,QB,18.3,0.0,18.3,18.3,18.3,18.3,0.0,1.0,18.3,,0.0,0
2026-10-05 00:04:57Z,DET,pre,0.0,PRE,0,8148,Jameson Williams,WR,12.7,0.0,12.7,12.7,12.7,12.7,0.0,1.0,12.7,,0.0,0
2026-10-05 00:04:57Z,DET,pre,0.0,PRE,0,7891,Brock Wright,TE,1.5,0.0,1.5,1.5,1.5,1.5,0.0,1.0,1.5,,0.0,0
2026-10-05 00:04:57Z,DET,pre,0.0,PRE,0,7547,Amon-Ra St. Brown,WR,20.0,0.0,20.0,20.0,20.0,20.0,0.0,1.0,20.0,,0.0,0
2026-10-05 00:04:57Z,CAR,pre,0.0,PRE,0,12526,Tetairoa McMillan,WR,16.4,0.0,16.4,16.4,16.4,16.4,0.0,1.0,16.4,,0.0,0
2026-10-05 00:04:57Z,CAR,pre,0.0,PRE,0,11646,Jalen Coker,WR,8.5,0.0,8.5,8.5,8.5,8.5,0.0,1.0,8.5,,0.0,0
2026-10-05 00:04:57Z,DET,pre,0.0,PRE,0,DET,Detroit Lions D/ST,DST,5.7,0.0,5.7,5.7,5.7,5.7,0.0,1.0,5.7,,0.0,0
2026-10-05 00:04:57Z,DET,pre,0.0,PRE,0,11729,Sione Vaki,RB,2.6,0.0,2.6,2.6,2.6,2.6,0.0,1.0,2.6,,0.0,0
2026-10-05 00:04:57Z,CAR,pre,0.0,PRE,0,11600,Ja'Tavion Sanders,TE,2.7,0.0,2.7,2.7,2.7,2.7,0.0,1.0,2.7,,0.0,0
2026-10-05 00:04:57Z,CAR,pre,0.0,PRE,0,7594,Chuba Hubbard,RB,16.6,0.0,16.6,16.6,16.6,16.6,0.0,1.0,16.6,,0.0,0
2026-10-05 00:04:57Z,DET,pre,0.0,PRE,0,11539,Jake Bates,K,9.5,0.0,9.5,9.5,9.5,9.5,0.0,1.0,9.5,,0.0,0
2026-10-05 00:04:57Z,CAR,pre,0.0,PRE,0,2505,Darren Waller,TE,8.8,0.0,8.8,8.8,8.8,8.8,0.0,1.0,8.8,,0.0,0
2026-10-05 00:06:58Z,CAR,pre,0.0,PRE,0,11157,Brycen Tremayne,WR,5.6,0.0,5.6,5.6,5.6,5.6,0.0,1.0,5.6,,0.0,0
2026-10-05 00:06:58Z,CAR,pre,0.0,PRE,0,12961,Ryan Fitzgerald,K,7.3,0.0,7.3,7.3,7.3,7.3,0.0,1.0,7.3,,0.0,0
2026-10-05 00:06:58Z,DET,pre,0.0,PRE,0,12535,Isaac TeSlaa,WR,5.3,0.0,5.3,5.3,5.3,5.3,0.0,1.0,5.3,,0.0,0
2026-10-05 00:06:58Z,DET,pre,0.0,PRE,0,10859,Sam LaPorta,TE,13.0,0.0,13.0,13.0,13.0,13.0,0.0,1.0,13.0,,0.0,0
2026-10-05 00:06:58Z,DET,pre,0.0,PRE,0,11237,Jacob Saylors,RB,1.7,0.0,1.7,1.7,1.7,1.7,0.0,1.0,1.7,,0.0,0
2026-10-05 00:06:58Z,CAR,pre,0.0,PRE,0,9228,Bryce Young,QB,19.4,0.0,19.4,19.4,19.4,19.4,0.0,1.0,19.4,,0.0,0
2026-10-05 00:06:58Z,CAR,pre,0.0,PRE,0,7694,Tommy Tremble,TE,3.8,0.0,3.8,3.8,3.8,3.8,0.0,1.0,3.8,,0.0,0
2026-10-05 00:06:58Z,CAR,pre,0.0,PRE,0,8160,Kenny Pickett,QB,0.6,0.0,0.6,0.6,0.6,0.6,0.0,1.0,0.6,,0.0,0
2026-10-05 00:06:58Z,CAR,pre,0.0,PRE,0,CAR,Carolina Panthers D/ST,DST,4.2,0.0,4.2,4.2,4.2,4.2,0.0,1.0,4.2,,0.0,0
2026-10-05 00:06:58Z,DET,pre,0.0,PRE,0,8250,Tay Martin,WR,0.8,0.0,0.8,0.8,0.8,0.8,0.0,1.0,0.8,,0.0,0
2026-10-05 00:06:58Z,DET,pre,0.0,PRE,0,4179,Joshua Dobbs,QB,0.6,0.0,0.6,0.6,0.6,0.6,0.0,1.0,0.6,,0.0,0
2026-10-05 00:06:58Z,DET,pre,0.0,PRE,0,9221,Jahmyr Gibbs,RB,25.7,0.0,25.7,25.7,25.7,25.7,0.0,1.0,25.7,,0.0,0
2026-10-05 00:06:58Z,DET,pre,0.0,PRE,0,3163,Jared Goff,QB,18.3,0.0,18.3,18.3,18.3,18.3,0.0,1.0,18.3,,0.0,0
2026-10-05 00:06:58Z,DET,pre,0.0,PRE,0,8148,Jameson Williams,WR,12.7,0.0,12.7,12.7,12.7,12.7,0.0,1.0,12.7,,0.0,0
2026-10-05 00:06:58Z,DET,pre,0.0,PRE,0,7891,Brock Wright,TE,1.5,0.0,1.5,1.5,1.5,1.5,0.0,1.0,1.5,,0.0,0
2026-10-05 00:06:58Z,DET,pre,0.0,PRE,0,7547,Amon-Ra St. Brown,WR,20.0,0.0,20.0,20.0,20.0,20.0,0.0,1.0,20.0,,0.0,0
2026-10-05 00:06:58Z,CAR,pre,0.0,PRE,0,12526,Tetairoa McMillan,WR,16.4,0.0,16.4,16.4,16.4,16.4,0.0,1.0,16.4,,0.0,0
2026-10-05 00:06:58Z,CAR,pre,0.0,PRE,0,11646,Jalen Coker,WR,8.5,0.0,8.5,8.5,8.5,8.5,0.0,1.0,8.5,,0.0,0
2026-10-05 00:06:58Z,DET,pre,0.0,PRE,0,DET,Detroit Lions D/ST,DST,5.7,0.0,5.7,5.7,5.7,5.7,0.0,1.0,5.7,,0.0,0
2026-10-05 00:06:58Z,DET,pre,0.0,PRE,0,11729,Sione Vaki,RB,2.6,0.0,2.6,2.6,2.6,2.6,0.0,1.0,2.6,,0.0,0
2026-10-05 00:06:58Z,CAR,pre,0.0,PRE,0,11600,Ja'Tavion Sanders,TE,2.7,0.0,2.7,2.7,2.7,2.7,0.0,1.0,2.7,,0.0,0
2026-10-05 00:06:58Z,CAR,pre,0.0,PRE,0,7594,Chuba Hubbard,RB,16.6,0.0,16.6,16.6,16.6,16.6,0.0,1.0,16.6,,0.0,0
2026-10-05 00:06:58Z,DET,pre,0.0,PRE,0,11539,Jake Bates,K,9.5,0.0,9.5,9.5,9.5,9.5,0.0,1.0,9.5,,0.0,0
2026-10-05 00:06:58Z,CAR,pre,0.0,PRE,0,2505,Darren Waller,TE,8.8,0.0,8.8,8.8,8.8,8.8,0.0,1.0,8.8,,0.0,0
2026-10-05 00:08:58Z,CAR,pre,0.0,PRE,0,11157,Brycen Tremayne,WR,5.6,0.0,5.6,5.6,5.6,5.6,0.0,1.0,5.6,,0.0,0
2026-10-05 00:08:58Z,CAR,pre,0.0,PRE,0,12961,Ryan Fitzgerald,K,7.3,0.0,7.3,7.3,7.3,7.3,0.0,1.0,7.3,,0.0,0
2026-10-05 00:08:58Z,DET,pre,0.0,PRE,0,12535,Isaac TeSlaa,WR,5.3,0.0,5.3,5.3,5.3,5.3,0.0,1.0,5.3,,0.0,0
2026-10-05 00:08:58Z,DET,pre,0.0,PRE,0,10859,Sam LaPorta,TE,13.0,0.0,13.0,13.0,13.0,13.0,0.0,1.0,13.0,,0.0,0
2026-10-05 00:08:58Z,DET,pre,0.0,PRE,0,11237,Jacob Saylors,RB,1.7,0.0,1.7,1.7,1.7,1.7,0.0,1.0,1.7,,0.0,0
2026-10-05 00:08:58Z,CAR,pre,0.0,PRE,0,9228,Bryce Young,QB,19.4,0.0,19.4,19.4,19.4,19.4,0.0,1.0,19.4,,0.0,0
2026-10-05 00:08:58Z,CAR,pre,0.0,PRE,0,7694,Tommy Tremble,TE,3.8,0.0,3.8,3.8,3.8,3.8,0.0,1.0,3.8,,0.0,0
2026-10-05 00:08:58Z,CAR,pre,0.0,PRE,0,8160,Kenny Pickett,QB,0.6,0.0,0.6,0.6,0.6,0.6,0.0,1.0,0.6,,0.0,0
2026-10-05 00:08:58Z,CAR,pre,0.0,PRE,0,CAR,Carolina Panthers D/ST,DST,4.2,0.0,4.2,4.2,4.2,4.2,0.0,1.0,4.2,,0.0,0
2026-10-05 00:08:58Z,DET,pre,0.0,PRE,0,8250,Tay Martin,WR,0.8,0.0,0.8,0.8,0.8,0.8,0.0,1.0,0.8,,0.0,0
2026-10-05 00:08:58Z,DET,pre,0.0,PRE,0,4179,Joshua Dobbs,QB,0.6,0.0,0.6,0.6,0.6,0.6,0.0,1.0,0.6,,0.0,0
2026-10-05 00:08:58Z,DET,pre,0.0,PRE,0,9221,Jahmyr Gibbs,RB,25.7,0.0,25.7,25.7,25.7,25.7,0.0,1.0,25.7,,0.0,0
2026-10-05 00:08:58Z,DET,pre,0.0,PRE,0,3163,Jared Goff,QB,18.3,0.0,18.3,18.3,18.3,18.3,0.0,1.0,18.3,,0.0,0
2026-10-05 00:08:58Z,DET,pre,0.0,PRE,0,8148,Jameson Williams,WR,12.7,0.0,12.7,12.7,12.7,12.7,0.0,1.0,12.7,,0.0,0
2026-10-05 00:08:58Z,DET,pre,0.0,PRE,0,7891,Brock Wright,TE,1.5,0.0,1.5,1.5,1.5,1.5,0.0,1.0,1.5,,0.0,0
2026-10-05 00:08:58Z,DET,pre,0.0,PRE,0,7547,Amon-Ra St. Brown,WR,20.0,0.0,20.0,20.0,20.0,20.0,0.0,1.0,20.0,,0.0,0
2026-10-05 00:08:58Z,CAR,pre,0.0,PRE,0,12526,Tetairoa McMillan,WR,16.4,0.0,16.4,16.4,16.4,16.4,0.0,1.0,16.4,,0.0,0
2026-10-05 00:08:58Z,CAR,pre,0.0,PRE,0,11646,Jalen Coker,WR,8.5,0.0,8.5,8.5,8.5,8.5,0.0,1.0,8.5,,0.0,0
2026-10-05 00:08:58Z,DET,pre,0.0,PRE,0,DET,Detroit Lions D/ST,DST,5.7,0.0,5.7,5.7,5.7,5.7,0.0,1.0,5.7,,0.0,0
2026-10-05 00:08:58Z,DET,pre,0.0,PRE,0,11729,Sione Vaki,RB,2.6,0.0,2.6,2.6,2.6,2.6,0.0,1.0,2.6,,0.0,0
2026-10-05 00:08:58Z,CAR,pre,0.0,PRE,0,11600,Ja'Tavion Sanders,TE,2.7,0.0,2.7,2.7,2.7,2.7,0.0,1.0,2.7,,0.0,0
2026-10-05 00:08:58Z,CAR,pre,0.0,PRE,0,7594,Chuba Hubbard,RB,16.6,0.0,16.6,16.6,16.6,16.6,0.0,1.0,16.6,,0.0,0
2026-10-05 00:08:58Z,DET,pre,0.0,PRE,0,11539,Jake Bates,K,9.5,0.0,9.5,9.5,9.5,9.5,0.0,1.0,9.5,,0.0,0
2026-10-05 00:08:58Z,CAR,pre,0.0,PRE,0,2505,Darren Waller,TE,8.8,0.0,8.8,8.8,8.8,8.8,0.0,1.0,8.8,,0.0,0
2026-10-05 00:10:59Z,CAR,pre,0.0,PRE,0,11157,Brycen Tremayne,WR,5.6,0.0,5.6,5.6,5.6,5.6,0.0,1.0,5.6,,0.0,0
2026-10-05 00:10:59Z,CAR,pre,0.0,PRE,0,12961,Ryan Fitzgerald,K,7.3,0.0,7.3,7.3,7.3,7.3,0.0,1.0,7.3,,0.0,0
2026-10-05 00:10:59Z,DET,pre,0.0,PRE,0,12535,Isaac TeSlaa,WR,5.3,0.0,5.3,5.3,5.3,5.3,0.0,1.0,5.3,,0.0,0
2026-10-05 00:10:59Z,DET,pre,0.0,PRE,0,10859,Sam LaPorta,TE,13.0,0.0,13.0,13.0,13.0,13.0,0.0,1.0,13.0,,0.0,0
2026-10-05 00:10:59Z,DET,pre,0.0,PRE,0,11237,Jacob Saylors,RB,1.7,0.0,1.7,1.7,1.7,1.7,0.0,1.0,1.7,,0.0,0
2026-10-05 00:10:59Z,CAR,pre,0.0,PRE,0,9228,Bryce Young,QB,19.4,0.0,19.4,19.4,19.4,19.4,0.0,1.0,19.4,,0.0,0
2026-10-05 00:10:59Z,CAR,pre,0.0,PRE,0,7694,Tommy Tremble,TE,3.8,0.0,3.8,3.8,3.8,3.8,0.0,1.0,3.8,,0.0,0
2026-10-05 00:10:59Z,CAR,pre,0.0,PRE,0,8160,Kenny Pickett,QB,0.6,0.0,0.6,0.6,0.6,0.6,0.0,1.0,0.6,,0.0,0
2026-10-05 00:10:59Z,CAR,pre,0.0,PRE,0,CAR,Carolina Panthers D/ST,DST,4.2,0.0,4.2,4.2,4.2,4.2,0.0,1.0,4.2,,0.0,0
2026-10-05 00:10:59Z,DET,pre,0.0,PRE,0,8250,Tay Martin,WR,0.8,0.0,0.8,0.8,0.8,0.8,0.0,1.0,0.8,,0.0,0
2026-10-05 00:10:59Z,DET,pre,0.0,PRE,0,4179,Joshua Dobbs,QB,0.6,0.0,0.6,0.6,0.6,0.6,0.0,1.0,0.6,,0.0,0
2026-10-05 00:10:59Z,DET,pre,0.0,PRE,0,9221,Jahmyr Gibbs,RB,25.7,0.0,25.7,25.7,25.7,25.7,0.0,1.0,25.7,,0.0,0
2026-10-05 00:10:59Z,DET,pre,0.0,PRE,0,3163,Jared Goff,QB,18.3,0.0,18.3,18.3,18.3,18.3,0.0,1.0,18.3,,0.0,0
2026-10-05 00:10:59Z,DET,pre,0.0,PRE,0,8148,Jameson Williams,WR,12.7,0.0,12.7,12.7,12.7,12.7,0.0,1.0,12.7,,0.0,0
2026-10-05 00:10:59Z,DET,pre,0.0,PRE,0,7891,Brock Wright,TE,1.5,0.0,1.5,1.5,1.5,1.5,0.0,1.0,1.5,,0.0,0
2026-10-05 00:10:59Z,DET,pre,0.0,PRE,0,7547,Amon-Ra St. Brown,WR,20.0,0.0,20.0,20.0,20.0,20.0,0.0,1.0,20.0,,0.0,0
2026-10-05 00:10:59Z,CAR,pre,0.0,PRE,0,12526,Tetairoa McMillan,WR,16.4,0.0,16.4,16.4,16.4,16.4,0.0,1.0,16.4,,0.0,0
2026-10-05 00:10:59Z,CAR,pre,0.0,PRE,0,11646,Jalen Coker,WR,8.5,0.0,8.5,8.5,8.5,8.5,0.0,1.0,8.5,,0.0,0
2026-10-05 00:10:59Z,DET,pre,0.0,PRE,0,DET,Detroit Lions D/ST,DST,5.7,0.0,5.7,5.7,5.7,5.7,0.0,1.0,5.7,,0.0,0
2026-10-05 00:10:59Z,DET,pre,0.0,PRE,0,11729,Sione Vaki,RB,2.6,0.0,2.6,2.6,2.6,2.6,0.0,1.0,2.6,,0.0,0
2026-10-05 00:10:59Z,CAR,pre,0.0,PRE,0,11600,Ja'Tavion Sanders,TE,2.7,0.0,2.7,2.7,2.7,2.7,0.0,1.0,2.7,,0.0,0
2026-10-05 00:10:59Z,CAR,pre,0.0,PRE,0,7594,Chuba Hubbard,RB,16.6,0.0,16.6,16.6,16.6,16.6,0.0,1.0,16.6,,0.0,0
2026-10-05 00:10:59Z,DET,pre,0.0,PRE,0,11539,Jake Bates,K,9.5,0.0,9.5,9.5,9.5,9.5,0.0,1.0,9.5,,0.0,0
2026-10-05 00:10:59Z,CAR,pre,0.0,PRE,0,2505,Darren Waller,TE,8.8,0.0,8.8,8.8,8.8,8.8,0.0,1.0,8.8,,0.0,0
2026-10-05 00:12:59Z,CAR,pre,0.0,PRE,0,11157,Brycen Tremayne,WR,5.6,0.0,5.6,5.6,5.6,5.6,0.0,1.0,5.6,,0.0,0
2026-10-05 00:12:59Z,CAR,pre,0.0,PRE,0,12961,Ryan Fitzgerald,K,7.3,0.0,7.3,7.3,7.3,7.3,0.0,1.0,7.3,,0.0,0
2026-10-05 00:12:59Z,DET,pre,0.0,PRE,0,12535,Isaac TeSlaa,WR,5.3,0.0,5.3,5.3,5.3,5.3,0.0,1.0,5.3,,0.0,0
2026-10-05 00:12:59Z,DET,pre,0.0,PRE,0,10859,Sam LaPorta,TE,13.0,0.0,13.0,13.0,13.0,13.0,0.0,1.0,13.0,,0.0,0
2026-10-05 00:12:59Z,DET,pre,0.0,PRE,0,11237,Jacob Saylors,RB,1.7,0.0,1.7,1.7,1.7,1.7,0.0,1.0,1.7,,0.0,0
2026-10-05 00:12:59Z,CAR,pre,0.0,PRE,0,9228,Bryce Young,QB,19.4,0.0,19.4,19.4,19.4,19.4,0.0,1.0,19.4,,0.0,0
2026-10-05 00:12:59Z,CAR,pre,0.0,PRE,0,7694,Tommy Tremble,TE,3.8,0.0,3.8,3.8,3.8,3.8,0.0,1.0,3.8,,0.0,0
2026-10-05 00:12:59Z,CAR,pre,0.0,PRE,0,8160,Kenny Pickett,QB,0.6,0.0,0.6,0.6,0.6,0.6,0.0,1.0,0.6,,0.0,0
2026-10-05 00:12:59Z,CAR,pre,0.0,PRE,0,CAR,Carolina Panthers D/ST,DST,4.2,0.0,4.2,4.2,4.2,4.2,0.0,1.0,4.2,,0.0,0
2026-10-05 00:12:59Z,DET,pre,0.0,PRE,0,8250,Tay Martin,WR,0.8,0.0,0.8,0.8,0.8,0.8,0.0,1.0,0.8,,0.0,0
2026-10-05 00:12:59Z,DET,pre,0.0,PRE,0,4179,Joshua Dobbs,QB,0.6,0.0,0.6,0.6,0.6,0.6,0.0,1.0,0.6,,0.0,0
2026-10-05 00:12:59Z,DET,pre,0.0,PRE,0,9221,Jahmyr Gibbs,RB,25.7,0.0,25.7,25.7,25.7,25.7,0.0,1.0,25.7,,0.0,0
2026-10-05 00:12:59Z,DET,pre,0.0,PRE,0,3163,Jared Goff,QB,18.3,0.0,18.3,18.3,18.3,18.3,0.0,1.0,18.3,,0.0,0
2026-10-05 00:12:59Z,DET,pre,0.0,PRE,0,8148,Jameson Williams,WR,12.7,0.0,12.7,12.7,12.7,12.7,0.0,1.0,12.7,,0.0,0
2026-10-05 00:12:59Z,DET,pre,0.0,PRE,0,7891,Brock Wright,TE,1.5,0.0,1.5,1.5,1.5,1.5,0.0,1.0,1.5,,0.0,0
2026-10-05 00:12:59Z,DET,pre,0.0,PRE,0,7547,Amon-Ra St. Brown,WR,20.0,0.0,20.0,20.0,20.0,20.0,0.0,1.0,20.0,,0.0,0
2026-10-05 00:12:59Z,CAR,pre,0.0,PRE,0,12526,Tetairoa McMillan,WR,16.4,0.0,16.4,16.4,16.4,16.4,0.0,1.0,16.4,,0.0,0
2026-10-05 00:12:59Z,CAR,pre,0.0,PRE,0,11646,Jalen Coker,WR,8.5,0.0,8.5,8.5,8.5,8.5,0.0,1.0,8.5,,0.0,0
2026-10-05 00:12:59Z,DET,pre,0.0,PRE,0,DET,Detroit Lions D/ST,DST,5.7,0.0,5.7,5.7,5.7,5.7,0.0,1.0,5.7,,0.0,0
2026-10-05 00:12:59Z,DET,pre,0.0,PRE,0,11729,Sione Vaki,RB,2.6,0.0,2.6,2.6,2.6,2.6,0.0,1.0,2.6,,0.0,0
2026-10-05 00:12:59Z,CAR,pre,0.0,PRE,0,11600,Ja'Tavion Sanders,TE,2.7,0.0,2.7,2.7,2.7,2.7,0.0,1.0,2.7,,0.0,0
2026-10-05 00:12:59Z,CAR,pre,0.0,PRE,0,7594,Chuba Hubbard,RB,16.6,0.0,16.6,16.6,16.6,16.6,0.0,1.0,16.6,,0.0,0
2026-10-05 00:12:59Z,DET,pre,0.0,PRE,0,11539,Jake Bates,K,9.5,0.0,9.5,9.5,9.5,9.5,0.0,1.0,9.5,,0.0,0
2026-10-05 00:12:59Z,CAR,pre,0.0,PRE,0,2505,Darren Waller,TE,8.8,0.0,8.8,8.8,8.8,8.8,0.0,1.0,8.8,,0.0,0
2026-10-05 00:14:59Z,CAR,pre,0.0,PRE,0,11157,Brycen Tremayne,WR,5.6,0.0,5.6,5.6,5.6,5.6,0.0,1.0,5.6,,0.0,0
2026-10-05 00:14:59Z,CAR,pre,0.0,PRE,0,12961,Ryan Fitzgerald,K,7.3,0.0,7.3,7.3,7.3,7.3,0.0,1.0,7.3,,0.0,0
2026-10-05 00:14:59Z,DET,pre,0.0,PRE,0,12535,Isaac TeSlaa,WR,5.3,0.0,5.3,5.3,5.3,5.3,0.0,1.0,5.3,,0.0,0
2026-10-05 00:14:59Z,DET,pre,0.0,PRE,0,10859,Sam LaPorta,TE,13.0,0.0,13.0,13.0,13.0,13.0,0.0,1.0,13.0,,0.0,0
2026-10-05 00:14:59Z,DET,pre,0.0,PRE,0,11237,Jacob Saylors,RB,1.7,0.0,1.7,1.7,1.7,1.7,0.0,1.0,1.7,,0.0,0
2026-10-05 00:14:59Z,CAR,pre,0.0,PRE,0,9228,Bryce Young,QB,19.4,0.0,19.4,19.4,19.4,19.4,0.0,1.0,19.4,,0.0,0
2026-10-05 00:14:59Z,CAR,pre,0.0,PRE,0,7694,Tommy Tremble,TE,3.8,0.0,3.8,3.8,3.8,3.8,0.0,1.0,3.8,,0.0,0
2026-10-05 00:14:59Z,CAR,pre,0.0,PRE,0,8160,Kenny Pickett,QB,0.6,0.0,0.6,0.6,0.6,0.6,0.0,1.0,0.6,,0.0,0
2026-10-05 00:14:59Z,CAR,pre,0.0,PRE,0,CAR,Carolina Panthers D/ST,DST,4.2,0.0,4.2,4.2,4.2,4.2,0.0,1.0,4.2,,0.0,0
2026-10-05 00:14:59Z,DET,pre,0.0,PRE,0,8250,Tay Martin,WR,0.8,0.0,0.8,0.8,0.8,0.8,0.0,1.0,0.8,,0.0,0
2026-10-05 00:14:59Z,DET,pre,0.0,PRE,0,4179,Joshua Dobbs,QB,0.6,0.0,0.6,0.6,0.6,0.6,0.0,1.0,0.6,,0.0,0
2026-10-05 00:14:59Z,DET,pre,0.0,PRE,0,9221,Jahmyr Gibbs,RB,25.7,0.0,25.7,25.7,25.7,25.7,0.0,1.0,25.7,,0.0,0
2026-10-05 00:14:59Z,DET,pre,0.0,PRE,0,3163,Jared Goff,QB,18.3,0.0,18.3,18.3,18.3,18.3,0.0,1.0,18.3,,0.0,0
2026-10-05 00:14:59Z,DET,pre,0.0,PRE,0,8148,Jameson Williams,WR,12.7,0.0,12.7,12.7,12.7,12.7,0.0,1.0,12.7,,0.0,0
2026-10-05 00:14:59Z,DET,pre,0.0,PRE,0,7891,Brock Wright,TE,1.5,0.0,1.5,1.5,1.5,1.5,0.0,1.0,1.5,,0.0,0
2026-10-05 00:14:59Z,DET,pre,0.0,PRE,0,7547,Amon-Ra St. Brown,WR,20.0,0.0,20.0,20.0,20.0,20.0,0.0,1.0,20.0,,0.0,0
2026-10-05 00:14:59Z,CAR,pre,0.0,PRE,0,12526,Tetairoa McMillan,WR,16.4,0.0,16.4,16.4,16.4,16.4,0.0,1.0,16.4,,0.0,0
2026-10-05 00:14:59Z,CAR,pre,0.0,PRE,0,11646,Jalen Coker,WR,8.5,0.0,8.5,8.5,8.5,8.5,0.0,1.0,8.5,,0.0,0
2026-10-05 00:14:59Z,DET,pre,0.0,PRE,0,DET,Detroit Lions D/ST,DST,5.7,0.0,5.7,5.7,5.7,5.7,0.0,1.0,5.7,,0.0,0
2026-10-05 00:14:59Z,DET,pre,0.0,PRE,0,11729,Sione Vaki,RB,2.6,0.0,2.6,2.6,2.6,2.6,0.0,1.0,2.6,,0.0,0
2026-10-05 00:14:59Z,CAR,pre,0.0,PRE,0,11600,Ja'Tavion Sanders,TE,2.7,0.0,2.7,2.7,2.7,2.7,0.0,1.0,2.7,,0.0,0
2026-10-05 00:14:59Z,CAR,pre,0.0,PRE,0,7594,Chuba Hubbard,RB,16.6,0.0,16.6,16.6,16.6,16.6,0.0,1.0,16.6,,0.0,0
2026-10-05 00:14:59Z,DET,pre,0.0,PRE,0,11539,Jake Bates,K,9.5,0.0,9.5,9.5,9.5,9.5,0.0,1.0,9.5,,0.0,0
2026-10-05 00:14:59Z,CAR,pre,0.0,PRE,0,2505,Darren Waller,TE,8.8,0.0,8.8,8.8,8.8,8.8,0.0,1.0,8.8,,0.0,0
2026-10-05 00:17:00Z,CAR,pre,0.0,PRE,0,11157,Brycen Tremayne,WR,5.6,0.0,5.6,5.6,5.6,5.6,0.0,1.0,5.6,,0.0,0
2026-10-05 00:17:00Z,CAR,pre,0.0,PRE,0,12961,Ryan Fitzgerald,K,7.3,0.0,7.3,7.3,7.3,7.3,0.0,1.0,7.3,,0.0,0
2026-10-05 00:17:00Z,DET,pre,0.0,PRE,0,12535,Isaac TeSlaa,WR,5.3,0.0,5.3,5.3,5.3,5.3,0.0,1.0,5.3,,0.0,0
2026-10-05 00:17:00Z,DET,pre,0.0,PRE,0,10859,Sam LaPorta,TE,13.0,0.0,13.0,13.0,13.0,13.0,0.0,1.0,13.0,,0.0,0
2026-10-05 00:17:00Z,DET,pre,0.0,PRE,0,11237,Jacob Saylors,RB,1.7,0.0,1.7,1.7,1.7,1.7,0.0,1.0,1.7,,0.0,0
2026-10-05 00:17:00Z,CAR,pre,0.0,PRE,0,9228,Bryce Young,QB,19.4,0.0,19.4,19.4,19.4,19.4,0.0,1.0,19.4,,0.0,0
2026-10-05 00:17:00Z,CAR,pre,0.0,PRE,0,7694,Tommy Tremble,TE,3.8,0.0,3.8,3.8,3.8,3.8,0.0,1.0,3.8,,0.0,0
2026-10-05 00:17:00Z,CAR,pre,0.0,PRE,0,8160,Kenny Pickett,QB,0.6,0.0,0.6,0.6,0.6,0.6,0.0,1.0,0.6,,0.0,0
2026-10-05 00:17:00Z,CAR,pre,0.0,PRE,0,CAR,Carolina Panthers D/ST,DST,4.2,0.0,4.2,4.2,4.2,4.2,0.0,1.0,4.2,,0.0,0
2026-10-05 00:17:00Z,DET,pre,0.0,PRE,0,8250,Tay Martin,WR,0.8,0.0,0.8,0.8,0.8,0.8,0.0,1.0,0.8,,0.0,0
2026-10-05 00:17:00Z,DET,pre,0.0,PRE,0,4179,Joshua Dobbs,QB,0.6,0.0,0.6,0.6,0.6,0.6,0.0,1.0,0.6,,0.0,0
2026-10-05 00:17:00Z,DET,pre,0.0,PRE,0,9221,Jahmyr Gibbs,RB,25.7,0.0,25.7,25.7,25.7,25.7,0.0,1.0,25.7,,0.0,0
2026-10-05 00:17:00Z,DET,pre,0.0,PRE,0,3163,Jared Goff,QB,18.3,0.0,18.3,18.3,18.3,18.3,0.0,1.0,18.3,,0.0,0
2026-10-05 00:17:00Z,DET,pre,0.0,PRE,0,8148,Jameson Williams,WR,12.7,0.0,12.7,12.7,12.7,12.7,0.0,1.0,12.7,,0.0,0
2026-10-05 00:17:00Z,DET,pre,0.0,PRE,0,7891,Brock Wright,TE,1.5,0.0,1.5,1.5,1.5,1.5,0.0,1.0,1.5,,0.0,0
2026-10-05 00:17:00Z,DET,pre,0.0,PRE,0,7547,Amon-Ra St. Brown,WR,20.0,0.0,20.0,20.0,20.0,20.0,0.0,1.0,20.0,,0.0,0
2026-10-05 00:17:00Z,CAR,pre,0.0,PRE,0,12526,Tetairoa McMillan,WR,16.4,0.0,16.4,16.4,16.4,16.4,0.0,1.0,16.4,,0.0,0
2026-10-05 00:17:00Z,CAR,pre,0.0,PRE,0,11646,Jalen Coker,WR,8.5,0.0,8.5,8.5,8.5,8.5,0.0,1.0,8.5,,0.0,0
2026-10-05 00:17:00Z,DET,pre,0.0,PRE,0,DET,Detroit Lions D/ST,DST,5.7,0.0,5.7,5.7,5.7,5.7,0.0,1.0,5.7,,0.0,0
2026-10-05 00:17:00Z,DET,pre,0.0,PRE,0,11729,Sione Vaki,RB,2.6,0.0,2.6,2.6,2.6,2.6,0.0,1.0,2.6,,0.0,0
2026-10-05 00:17:00Z,CAR,pre,0.0,PRE,0,11600,Ja'Tavion Sanders,TE,2.7,0.0,2.7,2.7,2.7,2.7,0.0,1.0,2.7,,0.0,0
2026-10-05 00:17:00Z,CAR,pre,0.0,PRE,0,7594,Chuba Hubbard,RB,16.6,0.0,16.6,16.6,16.6,16.6,0.0,1.0,16.6,,0.0,0
2026-10-05 00:17:00Z,DET,pre,0.0,PRE,0,11539,Jake Bates,K,9.5,0.0,9.5,9.5,9.5,9.5,0.0,1.0,9.5,,0.0,0
2026-10-05 00:17:00Z,CAR,pre,0.0,PRE,0,2505,Darren Waller,TE,8.8,0.0,8.8,8.8,8.8,8.8,0.0,1.0,8.8,,0.0,0
2026-10-05 00:19:00Z,CAR,pre,0.0,PRE,0,11157,Brycen Tremayne,WR,5.6,0.0,5.6,5.6,5.6,5.6,0.0,1.0,5.6,,0.0,0
2026-10-05 00:19:00Z,CAR,pre,0.0,PRE,0,12961,Ryan Fitzgerald,K,7.3,0.0,7.3,7.3,7.3,7.3,0.0,1.0,7.3,,0.0,0
2026-10-05 00:19:00Z,DET,pre,0.0,PRE,0,12535,Isaac TeSlaa,WR,5.3,0.0,5.3,5.3,5.3,5.3,0.0,1.0,5.3,,0.0,0
2026-10-05 00:19:00Z,DET,pre,0.0,PRE,0,10859,Sam LaPorta,TE,13.0,0.0,13.0,13.0,13.0,13.0,0.0,1.0,13.0,,0.0,0
2026-10-05 00:19:00Z,DET,pre,0.0,PRE,0,11237,Jacob Saylors,RB,1.7,0.0,1.7,1.7,1.7,1.7,0.0,1.0,1.7,,0.0,0
2026-10-05 00:19:00Z,CAR,pre,0.0,PRE,0,9228,Bryce Young,QB,19.4,0.0,19.4,19.4,19.4,19.4,0.0,1.0,19.4,,0.0,0
2026-10-05 00:19:00Z,CAR,pre,0.0,PRE,0,7694,Tommy Tremble,TE,3.8,0.0,3.8,3.8,3.8,3.8,0.0,1.0,3.8,,0.0,0
2026-10-05 00:19:00Z,CAR,pre,0.0,PRE,0,8160,Kenny Pickett,QB,0.6,0.0,0.6,0.6,0.6,0.6,0.0,1.0,0.6,,0.0,0
2026-10-05 00:19:00Z,CAR,pre,0.0,PRE,0,CAR,Carolina Panthers D/ST,DST,4.2,0.0,4.2,4.2,4.2,4.2,0.0,1.0,4.2,,0.0,0
2026-10-05 00:19:00Z,DET,pre,0.0,PRE,0,8250,Tay Martin,WR,0.8,0.0,0.8,0.8,0.8,0.8,0.0,1.0,0.8,,0.0,0
2026-10-05 00:19:00Z,DET,pre,0.0,PRE,0,4179,Joshua Dobbs,QB,0.6,0.0,0.6,0.6,0.6,0.6,0.0,1.0,0.6,,0.0,0
2026-10-05 00:19:00Z,DET,pre,0.0,PRE,0,9221,Jahmyr Gibbs,RB,25.7,0.0,25.7,25.7,25.7,25.7,0.0,1.0,25.7,,0.0,0
2026-10-05 00:19:00Z,DET,pre,0.0,PRE,0,3163,Jared Goff,QB,18.3,0.0,18.3,18.3,18.3,18.3,0.0,1.0,18.3,,0.0,0
2026-10-05 00:19:00Z,DET,pre,0.0,PRE,0,8148,Jameson Williams,WR,12.7,0.0,12.7,12.7,12.7,12.7,0.0,1.0,12.7,,0.0,0
2026-10-05 00:19:00Z,DET,pre,0.0,PRE,0,7891,Brock Wright,TE,1.5,0.0,1.5,1.5,1.5,1.5,0.0,1.0,1.5,,0.0,0
2026-10-05 00:19:00Z,DET,pre,0.0,PRE,0,7547,Amon-Ra St. Brown,WR,20.0,0.0,20.0,20.0,20.0,20.0,0.0,1.0,20.0,,0.0,0
2026-10-05 00:19:00Z,CAR,pre,0.0,PRE,0,12526,Tetairoa McMillan,WR,16.4,0.0,16.4,16.4,16.4,16.4,0.0,1.0,16.4,,0.0,0
2026-10-05 00:19:00Z,CAR,pre,0.0,PRE,0,11646,Jalen Coker,WR,8.5,0.0,8.5,8.5,8.5,8.5,0.0,1.0,8.5,,0.0,0
2026-10-05 00:19:00Z,DET,pre,0.0,PRE,0,DET,Detroit Lions D/ST,DST,5.7,0.0,5.7,5.7,5.7,5.7,0.0,1.0,5.7,,0.0,0
2026-10-05 00:19:00Z,DET,pre,0.0,PRE,0,11729,Sione Vaki,RB,2.6,0.0,2.6,2.6,2.6,2.6,0.0,1.0,2.6,,0.0,0
2026-10-05 00:19:00Z,CAR,pre,0.0,PRE,0,11600,Ja'Tavion Sanders,TE,2.7,0.0,2.7,2.7,2.7,2.7,0.0,1.0,2.7,,0.0,0
2026-10-05 00:19:00Z,CAR,pre,0.0,PRE,0,7594,Chuba Hubbard,RB,16.6,0.0,16.6,16.6,16.6,16.6,0.0,1.0,16.6,,0.0,0
2026-10-05 00:19:00Z,DET,pre,0.0,PRE,0,11539,Jake Bates,K,9.5,0.0,9.5,9.5,9.5,9.5,0.0,1.0,9.5,,0.0,0
2026-10-05 00:19:00Z,CAR,pre,0.0,PRE,0,2505,Darren Waller,TE,8.8,0.0,8.8,8.8,8.8,8.8,0.0,1.0,8.8,,0.0,0
2026-10-05 00:21:01Z,CAR,pre,0.0,PRE,0,11157,Brycen Tremayne,WR,5.6,0.0,5.6,5.6,5.6,5.6,0.0,1.0,5.6,,0.0,0
2026-10-05 00:21:01Z,CAR,pre,0.0,PRE,0,12961,Ryan Fitzgerald,K,7.3,0.0,7.3,7.3,7.3,7.3,0.0,1.0,7.3,,0.0,0
2026-10-05 00:21:01Z,DET,pre,0.0,PRE,0,12535,Isaac TeSlaa,WR,5.3,0.0,5.3,5.3,5.3,5.3,0.0,1.0,5.3,,0.0,0
2026-10-05 00:21:01Z,DET,pre,0.0,PRE,0,10859,Sam LaPorta,TE,13.0,0.0,13.0,13.0,13.0,13.0,0.0,1.0,13.0,,0.0,0
2026-10-05 00:21:01Z,DET,pre,0.0,PRE,0,11237,Jacob Saylors,RB,1.7,0.0,1.7,1.7,1.7,1.7,0.0,1.0,1.7,,0.0,0
2026-10-05 00:21:01Z,CAR,pre,0.0,PRE,0,9228,Bryce Young,QB,19.4,0.0,19.4,19.4,19.4,19.4,0.0,1.0,19.4,,0.0,0
2026-10-05 00:21:01Z,CAR,pre,0.0,PRE,0,7694,Tommy Tremble,TE,3.8,0.0,3.8,3.8,3.8,3.8,0.0,1.0,3.8,,0.0,0
2026-10-05 00:21:01Z,CAR,pre,0.0,PRE,0,8160,Kenny Pickett,QB,0.6,0.0,0.6,0.6,0.6,0.6,0.0,1.0,0.6,,0.0,0
2026-10-05 00:21:01Z,CAR,pre,0.0,PRE,0,CAR,Carolina Panthers D/ST,DST,4.2,0.0,4.2,4.2,4.2,4.2,0.0,1.0,4.2,,0.0,0
2026-10-05 00:21:01Z,DET,pre,0.0,PRE,0,8250,Tay Martin,WR,0.8,0.0,0.8,0.8,0.8,0.8,0.0,1.0,0.8,,0.0,0
2026-10-05 00:21:01Z,DET,pre,0.0,PRE,0,4179,Joshua Dobbs,QB,0.6,0.0,0.6,0.6,0.6,0.6,0.0,1.0,0.6,,0.0,0
2026-10-05 00:21:01Z,DET,pre,0.0,PRE,0,9221,Jahmyr Gibbs,RB,25.7,0.0,25.7,25.7,25.7,25.7,0.0,1.0,25.7,,0.0,0
2026-10-05 00:21:01Z,DET,pre,0.0,PRE,0,3163,Jared Goff,QB,18.3,0.0,18.3,18.3,18.3,18.3,0.0,1.0,18.3,,0.0,0
2026-10-05 00:21:01Z,DET,pre,0.0,PRE,0,8148,Jameson Williams,WR,12.7,0.0,12.7,12.7,12.7,12.7,0.0,1.0,12.7,,0.0,0
2026-10-05 00:21:01Z,DET,pre,0.0,PRE,0,7891,Brock Wright,TE,1.5,0.0,1.5,1.5,1.5,1.5,0.0,1.0,1.5,,0.0,0
2026-10-05 00:21:01Z,DET,pre,0.0,PRE,0,7547,Amon-Ra St. Brown,WR,20.0,0.0,20.0,20.0,20.0,20.0,0.0,1.0,20.0,,0.0,0
2026-10-05 00:21:01Z,CAR,pre,0.0,PRE,0,12526,Tetairoa McMillan,WR,16.4,0.0,16.4,16.4,16.4,16.4,0.0,1.0,16.4,,0.0,0
2026-10-05 00:21:01Z,CAR,pre,0.0,PRE,0,11646,Jalen Coker,WR,8.5,0.0,8.5,8.5,8.5,8.5,0.0,1.0,8.5,,0.0,0
2026-10-05 00:21:01Z,DET,pre,0.0,PRE,0,DET,Detroit Lions D/ST,DST,5.7,0.0,5.7,5.7,5.7,5.7,0.0,1.0,5.7,,0.0,0
2026-10-05 00:21:01Z,DET,pre,0.0,PRE,0,11729,Sione Vaki,RB,2.6,0.0,2.6,2.6,2.6,2.6,0.0,1.0,2.6,,0.0,0
2026-10-05 00:21:01Z,CAR,pre,0.0,PRE,0,11600,Ja'Tavion Sanders,TE,2.7,0.0,2.7,2.7,2.7,2.7,0.0,1.0,2.7,,0.0,0
2026-10-05 00:21:01Z,CAR,pre,0.0,PRE,0,7594,Chuba Hubbard,RB,16.6,0.0,16.6,16.6,16.6,16.6,0.0,1.0,16.6,,0.0,0
2026-10-05 00:21:01Z,DET,pre,0.0,PRE,0,11539,Jake Bates,K,9.5,0.0,9.5,9.5,9.5,9.5,0.0,1.0,9.5,,0.0,0
2026-10-05 00:21:01Z,CAR,pre,0.0,PRE,0,2505,Darren Waller,TE,8.8,0.0,8.8,8.8,8.8,8.8,0.0,1.0,8.8,,0.0,0
2026-10-05 00:23:01Z,CAR,pre,0.0,PRE,0,11157,Brycen Tremayne,WR,5.6,0.0,5.6,5.6,5.6,5.6,0.0,1.0,5.6,,0.0,0
2026-10-05 00:23:01Z,CAR,pre,0.0,PRE,0,12961,Ryan Fitzgerald,K,7.3,0.0,7.3,7.3,7.3,7.3,0.0,1.0,7.3,,0.0,0
2026-10-05 00:23:01Z,DET,pre,0.0,PRE,0,12535,Isaac TeSlaa,WR,5.3,0.0,5.3,5.3,5.3,5.3,0.0,1.0,5.3,,0.0,0
2026-10-05 00:23:01Z,DET,pre,0.0,PRE,0,10859,Sam LaPorta,TE,13.0,0.0,13.0,13.0,13.0,13.0,0.0,1.0,13.0,,0.0,0
2026-10-05 00:23:01Z,DET,pre,0.0,PRE,0,11237,Jacob Saylors,RB,1.7,0.0,1.7,1.7,1.7,1.7,0.0,1.0,1.7,,0.0,0
2026-10-05 00:23:01Z,CAR,pre,0.0,PRE,0,9228,Bryce Young,QB,19.4,0.0,19.4,19.4,19.4,19.4,0.0,1.0,19.4,,0.0,0
2026-10-05 00:23:01Z,CAR,pre,0.0,PRE,0,7694,Tommy Tremble,TE,3.8,0.0,3.8,3.8,3.8,3.8,0.0,1.0,3.8,,0.0,0
2026-10-05 00:23:01Z,CAR,pre,0.0,PRE,0,8160,Kenny Pickett,QB,0.6,0.0,0.6,0.6,0.6,0.6,0.0,1.0,0.6,,0.0,0
2026-10-05 00:23:01Z,CAR,pre,0.0,PRE,0,CAR,Carolina Panthers D/ST,DST,4.2,0.0,4.2,4.2,4.2,4.2,0.0,1.0,4.2,,0.0,0
2026-10-05 00:23:01Z,DET,pre,0.0,PRE,0,8250,Tay Martin,WR,0.8,0.0,0.8,0.8,0.8,0.8,0.0,1.0,0.8,,0.0,0
2026-10-05 00:23:01Z,DET,pre,0.0,PRE,0,4179,Joshua Dobbs,QB,0.6,0.0,0.6,0.6,0.6,0.6,0.0,1.0,0.6,,0.0,0
2026-10-05 00:23:01Z,DET,pre,0.0,PRE,0,9221,Jahmyr Gibbs,RB,25.7,0.0,25.7,25.7,25.7,25.7,0.0,1.0,25.7,,0.0,0
2026-10-05 00:23:01Z,DET,pre,0.0,PRE,0,3163,Jared Goff,QB,18.3,0.0,18.3,18.3,18.3,18.3,0.0,1.0,18.3,,0.0,0
2026-10-05 00:23:01Z,DET,pre,0.0,PRE,0,8148,Jameson Williams,WR,12.7,0.0,12.7,12.7,12.7,12.7,0.0,1.0,12.7,,0.0,0
2026-10-05 00:23:01Z,DET,pre,0.0,PRE,0,7891,Brock Wright,TE,1.5,0.0,1.5,1.5,1.5,1.5,0.0,1.0,1.5,,0.0,0
2026-10-05 00:23:01Z,DET,pre,0.0,PRE,0,7547,Amon-Ra St. Brown,WR,20.0,0.0,20.0,20.0,20.0,20.0,0.0,1.0,20.0,,0.0,0
2026-10-05 00:23:01Z,CAR,pre,0.0,PRE,0,12526,Tetairoa McMillan,WR,16.4,0.0,16.4,16.4,16.4,16.4,0.0,1.0,16.4,,0.0,0
2026-10-05 00:23:01Z,CAR,pre,0.0,PRE,0,11646,Jalen Coker,WR,8.5,0.0,8.5,8.5,8.5,8.5,0.0,1.0,8.5,,0.0,0
2026-10-05 00:23:01Z,DET,pre,0.0,PRE,0,DET,Detroit Lions D/ST,DST,5.7,0.0,5.7,5.7,5.7,5.7,0.0,1.0,5.7,,0.0,0
2026-10-05 00:23:01Z,DET,pre,0.0,PRE,0,11729,Sione Vaki,RB,2.6,0.0,2.6,2.6,2.6,2.6,0.0,1.0,2.6,,0.0,0
2026-10-05 00:23:01Z,CAR,pre,0.0,PRE,0,11600,Ja'Tavion Sanders,TE,2.7,0.0,2.7,2.7,2.7,2.7,0.0,1.0,2.7,,0.0,0
2026-10-05 00:23:01Z,CAR,pre,0.0,PRE,0,7594,Chuba Hubbard,RB,16.6,0.0,16.6,16.6,16.6,16.6,0.0,1.0,16.6,,0.0,0
2026-10-05 00:23:01Z,DET,pre,0.0,PRE,0,11539,Jake Bates,K,9.5,0.0,9.5,9.5,9.5,9.5,0.0,1.0,9.5,,0.0,0
2026-10-05 00:23:01Z,CAR,pre,0.0,PRE,0,2505,Darren Waller,TE,8.8,0.0,8.8,8.8,8.8,8.8,0.0,1.0,8.8,,0.0,0
2026-10-05 00:25:02Z,CAR,in,0.01,Q1 15:00,0,11157,Brycen Tremayne,WR,5.6,0.0,5.32,5.32,5.54,5.54,0.01,1.0,5.32,,0.0,0
2026-10-05 00:25:02Z,CAR,in,0.01,Q1 15:00,0,12961,Ryan Fitzgerald,K,7.3,0.0,7.23,7.23,7.23,7.23,0.01,1.0,7.23,,0.0,0
2026-10-05 00:25:02Z,DET,in,0.01,Q1 15:00,0,12535,Isaac TeSlaa,WR,5.3,0.0,5.03,5.03,5.25,5.25,0.01,1.0,5.03,,0.0,0
2026-10-05 00:25:02Z,DET,in,0.01,Q1 15:00,0,10859,Sam LaPorta,TE,13.0,0.0,12.34,12.34,12.87,12.87,0.01,1.0,12.34,,0.0,0
2026-10-05 00:25:02Z,DET,in,0.01,Q1 15:00,0,11237,Jacob Saylors,RB,1.7,0.0,1.58,1.58,1.68,1.68,0.01,1.0,1.58,,0.0,0
2026-10-05 00:25:02Z,CAR,in,0.01,Q1 15:00,0,9228,Bryce Young,QB,19.4,0.0,19.05,19.05,19.21,19.21,0.01,1.0,19.05,,0.0,0
2026-10-05 00:25:02Z,CAR,in,0.01,Q1 15:00,0,7694,Tommy Tremble,TE,3.8,0.0,3.61,3.61,3.76,3.76,0.01,1.0,3.61,,0.0,0
2026-10-05 00:25:02Z,CAR,in,0.01,Q1 15:00,0,8160,Kenny Pickett,QB,0.6,0.0,0.59,0.59,0.59,0.59,0.01,1.0,0.59,,0.0,0
2026-10-05 00:25:02Z,CAR,in,0.01,Q1 15:00,0,CAR,Carolina Panthers D/ST,DST,4.2,10.0,-4.5,5.5,14.16,14.16,0.0,1.0,5.5,,0.0,0
2026-10-05 00:25:02Z,DET,in,0.01,Q1 15:00,0,8250,Tay Martin,WR,0.8,0.0,0.76,0.76,0.79,0.79,0.01,1.0,0.76,,0.0,0
2026-10-05 00:25:02Z,DET,in,0.01,Q1 15:00,0,4179,Joshua Dobbs,QB,0.6,0.0,0.59,0.59,0.59,0.59,0.01,1.0,0.59,,0.0,0
2026-10-05 00:25:02Z,DET,in,0.01,Q1 15:00,0,9221,Jahmyr Gibbs,RB,25.7,0.0,23.94,23.94,25.44,25.44,0.01,1.0,23.94,,0.0,0
2026-10-05 00:25:02Z,DET,in,0.01,Q1 15:00,0,3163,Jared Goff,QB,18.3,0.0,17.97,17.97,18.12,18.12,0.01,1.0,17.97,,0.0,0
2026-10-05 00:25:02Z,DET,in,0.01,Q1 15:00,0,8148,Jameson Williams,WR,12.7,0.0,12.05,12.05,12.57,12.57,0.01,1.0,12.05,,0.0,0
2026-10-05 00:25:02Z,DET,in,0.01,Q1 15:00,0,7891,Brock Wright,TE,1.5,0.0,1.42,1.42,1.48,1.48,0.01,1.0,1.42,,0.0,0
2026-10-05 00:25:02Z,DET,in,0.01,Q1 15:00,0,7547,Amon-Ra St. Brown,WR,20.0,0.0,18.98,18.98,19.8,19.8,0.01,1.0,18.98,,0.0,0
2026-10-05 00:25:02Z,CAR,in,0.01,Q1 15:00,0,12526,Tetairoa McMillan,WR,16.4,0.0,15.57,15.57,16.24,16.24,0.01,1.0,15.57,,0.0,0
2026-10-05 00:25:02Z,CAR,in,0.01,Q1 15:00,0,11646,Jalen Coker,WR,8.5,0.0,8.07,8.07,8.41,8.41,0.01,1.0,8.07,,0.0,0
2026-10-05 00:25:02Z,DET,in,0.01,Q1 15:00,0,DET,Detroit Lions D/ST,DST,5.7,10.0,-3.96,6.04,15.64,15.64,0.0,1.0,6.04,,0.0,0
2026-10-05 00:25:02Z,DET,in,0.01,Q1 15:00,0,11729,Sione Vaki,RB,2.6,0.0,2.42,2.42,2.57,2.57,0.01,1.0,2.42,,0.0,0
2026-10-05 00:25:02Z,CAR,in,0.01,Q1 15:00,0,11600,Ja'Tavion Sanders,TE,2.7,0.0,2.56,2.56,2.67,2.67,0.01,1.0,2.56,,0.0,0
2026-10-05 00:25:02Z,CAR,in,0.01,Q1 15:00,0,7594,Chuba Hubbard,RB,16.6,0.0,15.46,15.46,16.43,16.43,0.01,1.0,15.46,,0.0,0
2026-10-05 00:25:02Z,DET,in,0.01,Q1 15:00,0,11539,Jake Bates,K,9.5,0.0,9.4,9.4,9.4,9.4,0.01,1.0,9.4,,0.0,0
2026-10-05 00:25:02Z,CAR,in,0.01,Q1 15:00,0,2505,Darren Waller,TE,8.8,0.0,8.35,8.35,8.71,8.71,0.01,1.0,8.35,,0.0,0
2026-10-05 00:26:02Z,CAR,in,0.01,Q1 14:27,0,11157,Brycen Tremayne,WR,5.6,0.0,5.32,5.32,5.54,5.54,0.01,1.0,5.32,,0.0,0
2026-10-05 00:26:02Z,CAR,in,0.01,Q1 14:27,0,12961,Ryan Fitzgerald,K,7.3,0.0,7.23,7.23,7.23,7.23,0.01,1.0,7.23,,0.0,0
2026-10-05 00:26:02Z,DET,in,0.01,Q1 14:27,0,12535,Isaac TeSlaa,WR,5.3,0.0,5.03,5.03,5.25,5.25,0.01,1.0,5.03,,0.0,0
2026-10-05 00:26:02Z,DET,in,0.01,Q1 14:27,0,10859,Sam LaPorta,TE,13.0,0.0,12.34,12.34,12.87,12.87,0.01,1.0,12.34,,0.0,0
2026-10-05 00:26:02Z,DET,in,0.01,Q1 14:27,0,11237,Jacob Saylors,RB,1.7,0.0,1.58,1.58,1.68,1.68,0.01,1.0,1.58,,0.0,0
2026-10-05 00:26:02Z,CAR,in,0.01,Q1 14:27,0,9228,Bryce Young,QB,19.4,0.0,19.05,19.05,19.21,19.21,0.01,1.0,19.05,,0.0,0
2026-10-05 00:26:02Z,CAR,in,0.01,Q1 14:27,0,7694,Tommy Tremble,TE,3.8,0.0,3.61,3.61,3.76,3.76,0.01,1.0,3.61,,0.0,0
2026-10-05 00:26:02Z,CAR,in,0.01,Q1 14:27,0,8160,Kenny Pickett,QB,0.6,0.0,0.59,0.59,0.59,0.59,0.01,1.0,0.59,,0.0,0
2026-10-05 00:26:02Z,CAR,in,0.01,Q1 14:27,0,CAR,Carolina Panthers D/ST,DST,4.2,10.0,-4.5,5.5,14.16,14.16,0.0,1.0,5.5,,0.0,0
2026-10-05 00:26:02Z,DET,in,0.01,Q1 14:27,0,8250,Tay Martin,WR,0.8,0.0,0.76,0.76,0.79,0.79,0.01,1.0,0.76,,0.0,0
2026-10-05 00:26:02Z,DET,in,0.01,Q1 14:27,0,4179,Joshua Dobbs,QB,0.6,0.0,0.59,0.59,0.59,0.59,0.01,1.0,0.59,,0.0,0
2026-10-05 00:26:02Z,DET,in,0.01,Q1 14:27,0,9221,Jahmyr Gibbs,RB,25.7,0.8,24.2,25.0,26.24,26.24,0.0,1.0,25.0,,0.0,0
2026-10-05 00:26:02Z,DET,in,0.01,Q1 14:27,0,3163,Jared Goff,QB,18.3,0.2,18.02,18.22,18.32,18.32,0.0,1.0,18.22,,0.0,0
2026-10-05 00:26:02Z,DET,in,0.01,Q1 14:27,0,8148,Jameson Williams,WR,12.7,1.5,12.31,13.81,14.07,14.07,0.0,1.0,13.81,,0.0,0
2026-10-05 00:26:02Z,DET,in,0.01,Q1 14:27,0,7891,Brock Wright,TE,1.5,0.0,1.42,1.42,1.48,1.48,0.01,1.0,1.42,,0.0,0
2026-10-05 00:26:02Z,DET,in,0.01,Q1 14:27,0,7547,Amon-Ra St. Brown,WR,20.0,0.0,18.98,18.98,19.8,19.8,0.01,1.0,18.98,,0.0,0
2026-10-05 00:26:02Z,CAR,in,0.01,Q1 14:27,0,12526,Tetairoa McMillan,WR,16.4,0.0,15.57,15.57,16.24,16.24,0.01,1.0,15.57,,0.0,0
2026-10-05 00:26:02Z,CAR,in,0.01,Q1 14:27,0,11646,Jalen Coker,WR,8.5,0.0,8.07,8.07,8.41,8.41,0.01,1.0,8.07,,0.0,0
2026-10-05 00:26:02Z,DET,in,0.01,Q1 14:27,0,DET,Detroit Lions D/ST,DST,5.7,10.0,-3.96,6.04,15.64,15.64,0.0,1.0,6.04,,0.0,0
2026-10-05 00:26:02Z,DET,in,0.01,Q1 14:27,0,11729,Sione Vaki,RB,2.6,0.0,2.42,2.42,2.57,2.57,0.01,1.0,2.42,,0.0,0
2026-10-05 00:26:02Z,CAR,in,0.01,Q1 14:27,0,11600,Ja'Tavion Sanders,TE,2.7,0.0,2.56,2.56,2.67,2.67,0.01,1.0,2.56,,0.0,0
2026-10-05 00:26:02Z,CAR,in,0.01,Q1 14:27,0,7594,Chuba Hubbard,RB,16.6,0.0,15.46,15.46,16.43,16.43,0.01,1.0,15.46,,0.0,0
2026-10-05 00:26:02Z,DET,in,0.01,Q1 14:27,0,11539,Jake Bates,K,9.5,0.0,9.4,9.4,9.4,9.4,0.01,1.0,9.4,,0.0,0
2026-10-05 00:26:02Z,CAR,in,0.01,Q1 14:27,0,2505,Darren Waller,TE,8.8,0.0,8.35,8.35,8.71,8.71,0.01,1.0,8.35,,0.0,0
2026-10-05 00:27:03Z,CAR,in,0.029,Q1 13:15,0,11157,Brycen Tremayne,WR,5.6,0.0,5.21,5.21,5.44,5.44,0.029,1.0,5.21,,0.0,0
2026-10-05 00:27:03Z,CAR,in,0.029,Q1 13:15,0,12961,Ryan Fitzgerald,K,7.3,0.0,7.09,7.09,7.09,7.09,0.029,1.0,7.09,,0.0,0
2026-10-05 00:27:03Z,DET,in,0.029,Q1 13:15,0,12535,Isaac TeSlaa,WR,5.3,0.0,4.93,4.93,5.15,5.15,0.029,1.0,4.93,,0.0,0
2026-10-05 00:27:03Z,DET,in,0.029,Q1 13:15,0,10859,Sam LaPorta,TE,13.0,0.0,12.1,12.1,12.62,12.62,0.029,1.0,12.1,,0.0,0
2026-10-05 00:27:03Z,DET,in,0.029,Q1 13:15,0,11237,Jacob Saylors,RB,1.7,0.0,1.55,1.55,1.65,1.65,0.029,1.0,1.55,,0.0,0
2026-10-05 00:27:03Z,CAR,in,0.029,Q1 13:15,0,9228,Bryce Young,QB,19.4,0.0,18.68,18.68,18.83,18.83,0.029,1.0,18.68,,0.0,0
2026-10-05 00:27:03Z,CAR,in,0.029,Q1 13:15,0,7694,Tommy Tremble,TE,3.8,0.0,3.54,3.54,3.69,3.69,0.029,1.0,3.54,,0.0,0
2026-10-05 00:27:03Z,CAR,in,0.029,Q1 13:15,0,8160,Kenny Pickett,QB,0.6,0.0,0.58,0.58,0.58,0.58,0.029,1.0,0.58,,0.0,0
2026-10-05 00:27:03Z,CAR,in,0.029,Q1 13:15,0,CAR,Carolina Panthers D/ST,DST,4.2,10.0,-4.41,5.59,14.08,14.08,0.019,1.0,5.59,,0.0,0
2026-10-05 00:27:03Z,DET,in,0.029,Q1 13:15,0,8250,Tay Martin,WR,0.8,0.0,0.74,0.74,0.78,0.78,0.029,1.0,0.74,,0.0,0
2026-10-05 00:27:03Z,DET,in,0.029,Q1 13:15,0,4179,Joshua Dobbs,QB,0.6,0.0,0.58,0.58,0.58,0.58,0.029,1.0,0.58,,0.0,0
2026-10-05 00:27:03Z,DET,in,0.029,Q1 13:15,0,9221,Jahmyr Gibbs,RB,25.7,0.7,23.7,24.4,25.65,25.65,0.0,1.0,24.4,,0.0,0
2026-10-05 00:27:03Z,DET,in,0.029,Q1 13:15,0,3163,Jared Goff,QB,18.3,1.0,17.88,18.88,18.77,18.77,0.0,1.0,18.88,,0.0,0
2026-10-05 00:27:03Z,DET,in,0.029,Q1 13:15,0,8148,Jameson Williams,WR,12.7,1.6,12.09,13.69,13.93,13.93,0.0,1.0,13.69,,0.0,0
2026-10-05 00:27:03Z,DET,in,0.029,Q1 13:15,0,7891,Brock Wright,TE,1.5,0.0,1.4,1.4,1.46,1.46,0.029,1.0,1.4,,0.0,0
2026-10-05 00:27:03Z,DET,in,0.029,Q1 13:15,0,7547,Amon-Ra St. Brown,WR,20.0,2.9,19.1,22.0,22.32,22.32,0.0,1.0,22.0,,0.0,0
2026-10-05 00:27:03Z,CAR,in,0.029,Q1 13:15,0,12526,Tetairoa McMillan,WR,16.4,0.0,15.26,15.26,15.92,15.92,0.029,1.0,15.26,,0.0,0
2026-10-05 00:27:03Z,CAR,in,0.029,Q1 13:15,0,11646,Jalen Coker,WR,8.5,0.0,7.91,7.91,8.25,8.25,0.029,1.0,7.91,,0.0,0
2026-10-05 00:27:03Z,DET,in,0.029,Q1 13:15,0,DET,Detroit Lions D/ST,DST,5.7,10.0,-3.88,6.12,15.53,15.53,0.019,1.0,6.12,,0.0,0
2026-10-05 00:27:03Z,DET,in,0.029,Q1 13:15,0,11729,Sione Vaki,RB,2.6,0.0,2.38,2.38,2.52,2.52,0.029,1.0,2.38,,0.0,0
2026-10-05 00:27:03Z,CAR,in,0.029,Q1 13:15,0,11600,Ja'Tavion Sanders,TE,2.7,0.0,2.51,2.51,2.62,2.62,0.029,1.0,2.51,,0.0,0
2026-10-05 00:27:03Z,CAR,in,0.029,Q1 13:15,0,7594,Chuba Hubbard,RB,16.6,0.0,15.16,15.16,16.12,16.12,0.029,1.0,15.16,,0.0,0
2026-10-05 00:27:03Z,DET,in,0.029,Q1 13:15,0,11539,Jake Bates,K,9.5,0.0,9.22,9.22,9.22,9.22,0.029,1.0,9.22,,0.0,0
2026-10-05 00:27:03Z,CAR,in,0.029,Q1 13:15,0,2505,Darren Waller,TE,8.8,0.0,8.19,8.19,8.54,8.54,0.029,1.0,8.19,,0.0,0
2026-10-05 00:28:03Z,CAR,in,0.034,Q1 12:59,0,11157,Brycen Tremayne,WR,5.6,0.0,5.19,5.19,5.41,5.41,0.034,1.0,5.19,,0.0,0
2026-10-05 00:28:03Z,CAR,in,0.034,Q1 12:59,0,12961,Ryan Fitzgerald,K,7.3,0.0,7.05,7.05,7.05,7.05,0.034,1.0,7.05,,0.0,0
2026-10-05 00:28:03Z,DET,in,0.034,Q1 12:59,0,12535,Isaac TeSlaa,WR,5.3,0.0,4.91,4.91,5.12,5.12,0.034,1.0,4.91,,0.0,0
2026-10-05 00:28:03Z,DET,in,0.034,Q1 12:59,0,10859,Sam LaPorta,TE,13.0,0.0,12.04,12.04,12.56,12.56,0.034,1.0,12.04,,0.0,0
2026-10-05 00:28:03Z,DET,in,0.034,Q1 12:59,0,11237,Jacob Saylors,RB,1.7,0.0,1.55,1.55,1.64,1.64,0.034,1.0,1.55,,0.0,0
2026-10-05 00:28:03Z,CAR,in,0.034,Q1 12:59,0,9228,Bryce Young,QB,19.4,0.0,18.6,18.6,18.75,18.75,0.034,1.0,18.6,,0.0,0
2026-10-05 00:28:03Z,CAR,in,0.034,Q1 12:59,0,7694,Tommy Tremble,TE,3.8,0.0,3.52,3.52,3.67,3.67,0.034,1.0,3.52,,0.0,0
2026-10-05 00:28:03Z,CAR,in,0.034,Q1 12:59,0,8160,Kenny Pickett,QB,0.6,0.0,0.58,0.58,0.58,0.58,0.034,1.0,0.58,,0.0,0
2026-10-05 00:28:03Z,CAR,in,0.034,Q1 12:59,0,CAR,Carolina Panthers D/ST,DST,4.2,10.0,-4.39,5.61,14.06,14.06,0.024,1.0,5.61,,0.0,0
2026-10-05 00:28:03Z,DET,in,0.034,Q1 12:59,0,8250,Tay Martin,WR,0.8,0.0,0.74,0.74,0.77,0.77,0.034,1.0,0.74,,0.0,0
2026-10-05 00:28:03Z,DET,in,0.034,Q1 12:59,0,4179,Joshua Dobbs,QB,0.6,0.0,0.58,0.58,0.58,0.58,0.034,1.0,0.58,,0.0,0
2026-10-05 00:28:03Z,DET,in,0.034,Q1 12:59,0,9221,Jahmyr Gibbs,RB,25.7,0.9,23.65,24.55,25.74,25.74,0.0,1.0,24.55,,0.0,0
2026-10-05 00:28:03Z,DET,in,0.034,Q1 12:59,0,3163,Jared Goff,QB,18.3,0.96,17.79,18.75,18.64,18.64,0.0,1.0,18.75,,0.0,0
2026-10-05 00:28:03Z,DET,in,0.034,Q1 12:59,0,8148,Jameson Williams,WR,12.7,1.6,12.04,13.64,13.87,13.87,0.004,1.0,13.64,,0.0,0
2026-10-05 00:28:03Z,DET,in,0.034,Q1 12:59,0,7891,Brock Wright,TE,1.5,0.0,1.39,1.39,1.45,1.45,0.034,1.0,1.39,,0.0,0
2026-10-05 00:28:03Z,DET,in,0.034,Q1 12:59,0,7547,Amon-Ra St. Brown,WR,20.0,2.8,19.0,21.8,22.13,22.13,0.0,1.0,21.8,,0.0,0
2026-10-05 00:28:03Z,CAR,in,0.034,Q1 12:59,0,12526,Tetairoa McMillan,WR,16.4,0.0,15.19,15.19,15.85,15.85,0.034,1.0,15.19,,0.0,0
2026-10-05 00:28:03Z,CAR,in,0.034,Q1 12:59,0,11646,Jalen Coker,WR,8.5,0.0,7.88,7.88,8.21,8.21,0.034,1.0,7.88,,0.0,0
2026-10-05 00:28:03Z,DET,in,0.034,Q1 12:59,0,DET,Detroit Lions D/ST,DST,5.7,10.0,-3.87,6.13,15.51,15.51,0.024,1.0,6.13,,0.0,0
2026-10-05 00:28:03Z,DET,in,0.034,Q1 12:59,0,11729,Sione Vaki,RB,2.6,0.0,2.36,2.36,2.51,2.51,0.034,1.0,2.36,,0.0,0
2026-10-05 00:28:03Z,CAR,in,0.034,Q1 12:59,0,11600,Ja'Tavion Sanders,TE,2.7,0.0,2.5,2.5,2.61,2.61,0.034,1.0,2.5,,0.0,0
2026-10-05 00:28:03Z,CAR,in,0.034,Q1 12:59,0,7594,Chuba Hubbard,RB,16.6,0.0,15.1,15.1,16.04,16.04,0.034,1.0,15.1,,0.0,0
2026-10-05 00:28:03Z,DET,in,0.034,Q1 12:59,0,11539,Jake Bates,K,9.5,0.0,9.18,9.18,9.18,9.18,0.034,1.0,9.18,,0.0,0
2026-10-05 00:28:03Z,CAR,in,0.034,Q1 12:59,0,2505,Darren Waller,TE,8.8,0.0,8.15,8.15,8.5,8.5,0.034,1.0,8.15,,0.0,0
2026-10-05 00:29:04Z,CAR,in,0.047,Q1 12:12,0,11157,Brycen Tremayne,WR,5.6,0.0,5.12,5.12,5.34,5.34,0.047,1.0,5.12,,0.0,0
2026-10-05 00:29:04Z,CAR,in,0.047,Q1 12:12,0,12961,Ryan Fitzgerald,K,7.3,0.0,6.96,6.96,6.96,6.96,0.047,1.0,6.96,,0.0,0
2026-10-05 00:29:04Z,DET,in,0.047,Q1 12:12,0,12535,Isaac TeSlaa,WR,5.3,0.0,4.84,4.84,5.05,5.05,0.047,1.0,4.84,,0.0,0
2026-10-05 00:29:04Z,DET,in,0.047,Q1 12:12,0,10859,Sam LaPorta,TE,13.0,0.0,11.88,11.88,12.39,12.39,0.047,1.0,11.88,,0.0,0
2026-10-05 00:29:04Z,DET,in,0.047,Q1 12:12,0,11237,Jacob Saylors,RB,1.7,0.0,1.53,1.53,1.62,1.62,0.047,1.0,1.53,,0.0,0
2026-10-05 00:29:04Z,CAR,in,0.047,Q1 12:12,0,9228,Bryce Young,QB,19.4,0.0,18.34,18.34,18.49,18.49,0.047,1.0,18.34,,0.0,0
2026-10-05 00:29:04Z,CAR,in,0.047,Q1 12:12,0,7694,Tommy Tremble,TE,3.8,0.0,3.47,3.47,3.62,3.62,0.047,1.0,3.47,,0.0,0
2026-10-05 00:29:04Z,CAR,in,0.047,Q1 12:12,0,8160,Kenny Pickett,QB,0.6,0.0,0.57,0.57,0.57,0.57,0.047,1.0,0.57,,0.0,0
2026-10-05 00:29:04Z,CAR,in,0.047,Q1 12:12,0,CAR,Carolina Panthers D/ST,DST,4.2,10.0,-4.33,5.67,14.0,14.0,0.037,1.0,5.67,,0.0,0
2026-10-05 00:29:04Z,DET,in,0.047,Q1 12:12,0,8250,Tay Martin,WR,0.8,0.0,0.73,0.73,0.76,0.76,0.047,1.0,0.73,,0.0,0
2026-10-05 00:29:04Z,DET,in,0.047,Q1 12:12,0,4179,Joshua Dobbs,QB,0.6,0.0,0.57,0.57,0.57,0.57,0.047,1.0,0.57,,0.0,0
2026-10-05 00:29:04Z,DET,in,0.047,Q1 12:12,0,9221,Jahmyr Gibbs,RB,25.7,1.0,23.36,24.36,25.5,25.5,0.0,1.0,24.36,,0.0,0
2026-10-05 00:29:04Z,DET,in,0.047,Q1 12:12,0,3163,Jared Goff,QB,18.3,0.96,17.55,18.51,18.41,18.41,0.013,1.0,18.51,,0.0,0
2026-10-05 00:29:04Z,DET,in,0.047,Q1 12:12,0,8148,Jameson Williams,WR,12.7,1.6,11.87,13.47,13.71,13.71,0.018,1.0,13.47,,0.0,0
2026-10-05 00:29:04Z,DET,in,0.047,Q1 12:12,0,7891,Brock Wright,TE,1.5,0.0,1.37,1.37,1.43,1.43,0.047,1.0,1.37,,0.0,0
2026-10-05 00:29:04Z,DET,in,0.047,Q1 12:12,0,7547,Amon-Ra St. Brown,WR,20.0,2.8,18.74,21.54,21.87,21.87,0.013,1.0,21.54,,0.0,0
2026-10-05 00:29:04Z,CAR,in,0.047,Q1 12:12,0,12526,Tetairoa McMillan,WR,16.4,0.0,14.99,14.99,15.63,15.63,0.047,1.0,14.99,,0.0,0
2026-10-05 00:29:04Z,CAR,in,0.047,Q1 12:12,0,11646,Jalen Coker,WR,8.5,0.0,7.77,7.77,8.1,8.1,0.047,1.0,7.77,,0.0,0
2026-10-05 00:29:04Z,DET,in,0.047,Q1 12:12,0,DET,Detroit Lions D/ST,DST,5.7,10.0,-3.81,6.19,15.43,15.43,0.037,1.0,6.19,,0.0,0
2026-10-05 00:29:04Z,DET,in,0.047,Q1 12:12,0,11729,Sione Vaki,RB,2.6,0.0,2.33,2.33,2.48,2.48,0.047,1.0,2.33,,0.0,0
2026-10-05 00:29:04Z,CAR,in,0.047,Q1 12:12,0,11600,Ja'Tavion Sanders,TE,2.7,0.0,2.47,2.47,2.57,2.57,0.047,1.0,2.47,,0.0,0
2026-10-05 00:29:04Z,CAR,in,0.047,Q1 12:12,0,7594,Chuba Hubbard,RB,16.6,0.0,14.89,14.89,15.83,15.83,0.047,1.0,14.89,,0.0,0
2026-10-05 00:29:04Z,DET,in,0.047,Q1 12:12,0,11539,Jake Bates,K,9.5,0.0,9.06,9.06,9.06,9.06,0.047,1.0,9.06,,0.0,0
2026-10-05 00:29:04Z,CAR,in,0.047,Q1 12:12,0,2505,Darren Waller,TE,8.8,0.0,8.04,8.04,8.39,8.39,0.047,1.0,8.04,,0.0,0
2026-10-05 00:30:04Z,CAR,in,0.048,Q1 12:09,0,11157,Brycen Tremayne,WR,5.6,0.0,5.11,5.11,5.33,5.33,0.048,1.0,5.11,,0.0,0
2026-10-05 00:30:04Z,CAR,in,0.048,Q1 12:09,0,12961,Ryan Fitzgerald,K,7.3,0.0,6.95,6.95,6.95,6.95,0.048,1.0,6.95,,0.0,0
2026-10-05 00:30:04Z,DET,in,0.048,Q1 12:09,0,12535,Isaac TeSlaa,WR,5.3,0.0,4.84,4.84,5.05,5.05,0.048,1.0,4.84,,0.0,0
2026-10-05 00:30:04Z,DET,in,0.048,Q1 12:09,0,10859,Sam LaPorta,TE,13.0,0.0,11.87,11.87,12.38,12.38,0.048,1.0,11.87,,0.0,0
2026-10-05 00:30:04Z,DET,in,0.048,Q1 12:09,0,11237,Jacob Saylors,RB,1.7,0.0,1.52,1.52,1.62,1.62,0.048,1.0,1.52,,0.0,0
2026-10-05 00:30:04Z,CAR,in,0.048,Q1 12:09,0,9228,Bryce Young,QB,19.4,0.0,18.33,18.33,18.48,18.48,0.048,1.0,18.33,,0.0,0
2026-10-05 00:30:04Z,CAR,in,0.048,Q1 12:09,0,7694,Tommy Tremble,TE,3.8,0.0,3.47,3.47,3.62,3.62,0.048,1.0,3.47,,0.0,0
2026-10-05 00:30:04Z,CAR,in,0.048,Q1 12:09,0,8160,Kenny Pickett,QB,0.6,0.0,0.57,0.57,0.57,0.57,0.048,1.0,0.57,,0.0,0
2026-10-05 00:30:04Z,CAR,in,0.048,Q1 12:09,0,CAR,Carolina Panthers D/ST,DST,4.2,10.0,-4.33,5.67,14.0,14.0,0.037,1.0,5.67,,0.0,0
2026-10-05 00:30:04Z,DET,in,0.048,Q1 12:09,0,8250,Tay Martin,WR,0.8,0.0,0.73,0.73,0.76,0.76,0.048,1.0,0.73,,0.0,0
2026-10-05 00:30:04Z,DET,in,0.048,Q1 12:09,0,4179,Joshua Dobbs,QB,0.6,0.0,0.57,0.57,0.57,0.57,0.048,1.0,0.57,,0.0,0
2026-10-05 00:30:04Z,DET,in,0.048,Q1 12:09,0,9221,Jahmyr Gibbs,RB,25.7,1.0,23.34,24.34,25.48,25.48,0.001,1.0,24.34,,0.0,0
2026-10-05 00:30:04Z,DET,in,0.048,Q1 12:09,0,3163,Jared Goff,QB,18.3,0.96,17.53,18.49,18.39,18.39,0.014,1.0,18.49,,0.0,0
2026-10-05 00:30:04Z,DET,in,0.048,Q1 12:09,0,8148,Jameson Williams,WR,12.7,1.6,11.86,13.46,13.7,13.7,0.018,1.0,13.46,,0.0,0
2026-10-05 00:30:04Z,DET,in,0.048,Q1 12:09,0,7891,Brock Wright,TE,1.5,0.0,1.37,1.37,1.43,1.43,0.048,1.0,1.37,,0.0,0
2026-10-05 00:30:04Z,DET,in,0.048,Q1 12:09,0,7547,Amon-Ra St. Brown,WR,20.0,2.8,18.73,21.53,21.85,21.85,0.014,1.0,21.53,,0.0,0
2026-10-05 00:30:04Z,CAR,in,0.048,Q1 12:09,0,12526,Tetairoa McMillan,WR,16.4,0.0,14.98,14.98,15.62,15.62,0.048,1.0,14.98,,0.0,0
2026-10-05 00:30:04Z,CAR,in,0.048,Q1 12:09,0,11646,Jalen Coker,WR,8.5,0.0,7.76,7.76,8.1,8.1,0.048,1.0,7.76,,0.0,0
2026-10-05 00:30:04Z,DET,in,0.048,Q1 12:09,0,DET,Detroit Lions D/ST,DST,5.7,10.0,-3.81,6.19,15.43,15.43,0.037,1.0,6.19,,0.0,0
2026-10-05 00:30:04Z,DET,in,0.048,Q1 12:09,0,11729,Sione Vaki,RB,2.6,0.0,2.33,2.33,2.48,2.48,0.048,1.0,2.33,,0.0,0
2026-10-05 00:30:04Z,CAR,in,0.048,Q1 12:09,0,11600,Ja'Tavion Sanders,TE,2.7,0.0,2.47,2.47,2.57,2.57,0.048,1.0,2.47,,0.0,0
2026-10-05 00:30:04Z,CAR,in,0.048,Q1 12:09,0,7594,Chuba Hubbard,RB,16.6,0.0,14.88,14.88,15.81,15.81,0.048,1.0,14.88,,0.0,0
2026-10-05 00:30:04Z,DET,in,0.048,Q1 12:09,0,11539,Jake Bates,K,9.5,0.0,9.05,9.05,9.05,9.05,0.048,1.0,9.05,,0.0,0
2026-10-05 00:30:04Z,CAR,in,0.048,Q1 12:09,0,2505,Darren Waller,TE,8.8,0.0,8.04,8.04,8.38,8.38,0.048,1.0,8.04,,0.0,0
2026-10-05 00:31:05Z,CAR,in,0.049,Q1 12:05,-3.0,11157,Brycen Tremayne,WR,5.6,0.0,5.34,5.34,5.33,5.33,0.049,1.0,5.34,,0.0,0
2026-10-05 00:31:05Z,CAR,in,0.049,Q1 12:05,-3.0,12961,Ryan Fitzgerald,K,7.3,0.0,6.95,6.95,6.95,6.95,0.049,1.0,6.95,,0.0,0
2026-10-05 00:31:05Z,DET,in,0.049,Q1 12:05,3.0,12535,Isaac TeSlaa,WR,5.3,0.0,4.61,4.61,5.04,5.04,0.049,1.0,4.61,,0.0,0
2026-10-05 00:31:05Z,DET,in,0.049,Q1 12:05,3.0,10859,Sam LaPorta,TE,13.0,0.0,11.31,11.31,12.37,12.37,0.049,1.0,11.31,,0.0,0
2026-10-05 00:31:05Z,DET,in,0.049,Q1 12:05,3.0,11237,Jacob Saylors,RB,1.7,0.0,1.5,1.5,1.62,1.62,0.049,1.0,1.5,,0.0,0
2026-10-05 00:31:05Z,CAR,in,0.049,Q1 12:05,-3.0,9228,Bryce Young,QB,19.4,0.0,19.3,19.3,18.46,18.46,0.049,1.0,19.3,,0.0,0
2026-10-05 00:31:05Z,CAR,in,0.049,Q1 12:05,-3.0,7694,Tommy Tremble,TE,3.8,0.0,3.63,3.63,3.62,3.62,0.049,1.0,3.63,,0.0,0
2026-10-05 00:31:05Z,CAR,in,0.049,Q1 12:05,-3.0,8160,Kenny Pickett,QB,0.6,0.0,0.6,0.6,0.57,0.57,0.049,1.0,0.6,,0.0,0
2026-10-05 00:31:05Z,CAR,in,0.049,Q1 12:05,-3.0,CAR,Carolina Panthers D/ST,DST,4.2,7.0,-2.4,4.6,11.0,11.0,0.0,1.0,4.6,,0.0,0
2026-10-05 00:31:05Z,DET,in,0.049,Q1 12:05,3.0,8250,Tay Martin,WR,0.8,0.0,0.7,0.7,0.76,0.76,0.049,1.0,0.7,,0.0,0
2026-10-05 00:31:05Z,DET,in,0.049,Q1 12:05,3.0,4179,Joshua Dobbs,QB,0.6,0.0,0.54,0.54,0.57,0.57,0.049,1.0,0.54,,0.0,0
2026-10-05 00:31:05Z,DET,in,0.049,Q1 12:05,3.0,9221,Jahmyr Gibbs,RB,25.7,1.0,22.92,23.92,25.45,25.45,0.002,1.0,23.92,,0.0,0
2026-10-05 00:31:05Z,DET,in,0.049,Q1 12:05,3.0,3163,Jared Goff,QB,18.3,0.96,16.57,17.53,18.37,18.37,0.015,1.0,17.53,,0.0,0
2026-10-05 00:31:05Z,DET,in,0.049,Q1 12:05,3.0,8148,Jameson Williams,WR,12.7,1.6,11.31,12.91,13.68,13.68,0.019,1.0,12.91,,0.0,0
2026-10-05 00:31:05Z,DET,in,0.049,Q1 12:05,3.0,7891,Brock Wright,TE,1.5,0.0,1.3,1.3,1.43,1.43,0.049,1.0,1.3,,0.0,0
2026-10-05 00:31:05Z,DET,in,0.049,Q1 12:05,3.0,7547,Amon-Ra St. Brown,WR,20.0,2.8,17.86,20.66,21.83,21.83,0.015,1.0,20.66,,0.0,0
2026-10-05 00:31:05Z,CAR,in,0.049,Q1 12:05,-3.0,12526,Tetairoa McMillan,WR,16.4,0.0,15.65,15.65,15.6,15.6,0.049,1.0,15.65,,0.0,0
2026-10-05 00:31:05Z,CAR,in,0.049,Q1 12:05,-3.0,11646,Jalen Coker,WR,8.5,0.0,8.11,8.11,8.09,8.09,0.049,1.0,8.11,,0.0,0
2026-10-05 00:31:05Z,DET,in,0.049,Q1 12:05,3.0,DET,Detroit Lions D/ST,DST,5.7,10.0,-3.54,6.46,15.42,15.42,0.039,1.0,6.46,,0.0,0
2026-10-05 00:31:05Z,DET,in,0.049,Q1 12:05,3.0,11729,Sione Vaki,RB,2.6,0.0,2.29,2.29,2.47,2.47,0.049,1.0,2.29,,0.0,0
2026-10-05 00:31:05Z,CAR,in,0.049,Q1 12:05,-3.0,11600,Ja'Tavion Sanders,TE,2.7,0.0,2.58,2.58,2.57,2.57,0.049,1.0,2.58,,0.0,0
2026-10-05 00:31:05Z,CAR,in,0.049,Q1 12:05,-3.0,7594,Chuba Hubbard,RB,16.6,0.0,15.12,15.12,15.79,15.79,0.049,1.0,15.12,,0.0,0
2026-10-05 00:31:05Z,DET,in,0.049,Q1 12:05,3.0,11539,Jake Bates,K,9.5,5.0,9.04,14.04,14.04,14.04,0.0,1.0,14.04,,0.0,0
2026-10-05 00:31:05Z,CAR,in,0.049,Q1 12:05,-3.0,2505,Darren Waller,TE,8.8,0.0,8.4,8.4,8.37,8.37,0.049,1.0,8.4,,0.0,0
2026-10-05 00:32:05Z,CAR,in,0.049,Q1 12:05,-3.0,11157,Brycen Tremayne,WR,5.6,0.0,5.34,5.34,5.33,5.33,0.049,1.0,5.34,,0.0,0
2026-10-05 00:32:05Z,CAR,in,0.049,Q1 12:05,-3.0,12961,Ryan Fitzgerald,K,7.3,0.0,6.95,6.95,6.95,6.95,0.049,1.0,6.95,,0.0,0
2026-10-05 00:32:05Z,DET,in,0.049,Q1 12:05,3.0,12535,Isaac TeSlaa,WR,5.3,0.0,4.61,4.61,5.04,5.04,0.049,1.0,4.61,,0.0,0
2026-10-05 00:32:05Z,DET,in,0.049,Q1 12:05,3.0,10859,Sam LaPorta,TE,13.0,0.0,11.31,11.31,12.37,12.37,0.049,1.0,11.31,,0.0,0
2026-10-05 00:32:05Z,DET,in,0.049,Q1 12:05,3.0,11237,Jacob Saylors,RB,1.7,0.0,1.5,1.5,1.62,1.62,0.049,1.0,1.5,,0.0,0
2026-10-05 00:32:05Z,CAR,in,0.049,Q1 12:05,-3.0,9228,Bryce Young,QB,19.4,0.0,19.3,19.3,18.46,18.46,0.049,1.0,19.3,,0.0,0
2026-10-05 00:32:05Z,CAR,in,0.049,Q1 12:05,-3.0,7694,Tommy Tremble,TE,3.8,0.0,3.63,3.63,3.62,3.62,0.049,1.0,3.63,,0.0,0
2026-10-05 00:32:05Z,CAR,in,0.049,Q1 12:05,-3.0,8160,Kenny Pickett,QB,0.6,0.0,0.6,0.6,0.57,0.57,0.049,1.0,0.6,,0.0,0
2026-10-05 00:32:05Z,CAR,in,0.049,Q1 12:05,-3.0,CAR,Carolina Panthers D/ST,DST,4.2,7.0,-2.4,4.6,11.0,11.0,0.0,1.0,4.6,,0.0,0
2026-10-05 00:32:05Z,DET,in,0.049,Q1 12:05,3.0,8250,Tay Martin,WR,0.8,0.0,0.7,0.7,0.76,0.76,0.049,1.0,0.7,,0.0,0
2026-10-05 00:32:05Z,DET,in,0.049,Q1 12:05,3.0,4179,Joshua Dobbs,QB,0.6,0.0,0.54,0.54,0.57,0.57,0.049,1.0,0.54,,0.0,0
2026-10-05 00:32:05Z,DET,in,0.049,Q1 12:05,3.0,9221,Jahmyr Gibbs,RB,25.7,1.0,22.92,23.92,25.45,25.45,0.002,1.0,23.92,,0.0,0
2026-10-05 00:32:05Z,DET,in,0.049,Q1 12:05,3.0,3163,Jared Goff,QB,18.3,0.96,16.57,17.53,18.37,18.37,0.015,1.0,17.53,,0.0,0
2026-10-05 00:32:05Z,DET,in,0.049,Q1 12:05,3.0,8148,Jameson Williams,WR,12.7,1.6,11.31,12.91,13.68,13.68,0.019,1.0,12.91,,0.0,0
2026-10-05 00:32:05Z,DET,in,0.049,Q1 12:05,3.0,7891,Brock Wright,TE,1.5,0.0,1.3,1.3,1.43,1.43,0.049,1.0,1.3,,0.0,0
2026-10-05 00:32:05Z,DET,in,0.049,Q1 12:05,3.0,7547,Amon-Ra St. Brown,WR,20.0,2.8,17.86,20.66,21.83,21.83,0.015,1.0,20.66,,0.0,0
2026-10-05 00:32:05Z,CAR,in,0.049,Q1 12:05,-3.0,12526,Tetairoa McMillan,WR,16.4,0.0,15.65,15.65,15.6,15.6,0.049,1.0,15.65,,0.0,0
2026-10-05 00:32:05Z,CAR,in,0.049,Q1 12:05,-3.0,11646,Jalen Coker,WR,8.5,0.0,8.11,8.11,8.09,8.09,0.049,1.0,8.11,,0.0,0
2026-10-05 00:32:05Z,DET,in,0.049,Q1 12:05,3.0,DET,Detroit Lions D/ST,DST,5.7,10.0,-3.54,6.46,15.42,15.42,0.039,1.0,6.46,,0.0,0
2026-10-05 00:32:05Z,DET,in,0.049,Q1 12:05,3.0,11729,Sione Vaki,RB,2.6,0.0,2.29,2.29,2.47,2.47,0.049,1.0,2.29,,0.0,0
2026-10-05 00:32:05Z,CAR,in,0.049,Q1 12:05,-3.0,11600,Ja'Tavion Sanders,TE,2.7,0.0,2.58,2.58,2.57,2.57,0.049,1.0,2.58,,0.0,0
2026-10-05 00:32:05Z,CAR,in,0.049,Q1 12:05,-3.0,7594,Chuba Hubbard,RB,16.6,0.0,15.12,15.12,15.79,15.79,0.049,1.0,15.12,,0.0,0
2026-10-05 00:32:05Z,DET,in,0.049,Q1 12:05,3.0,11539,Jake Bates,K,9.5,5.0,9.04,14.04,14.04,14.04,0.0,1.0,14.04,,0.0,0
2026-10-05 00:32:05Z,CAR,in,0.049,Q1 12:05,-3.0,2505,Darren Waller,TE,8.8,0.0,8.4,8.4,8.37,8.37,0.049,1.0,8.4,,0.0,0
2026-10-05 00:33:05Z,CAR,in,0.049,Q1 12:05,-3.0,11157,Brycen Tremayne,WR,5.6,0.0,5.34,5.34,5.33,5.33,0.049,1.0,5.34,,0.0,0
2026-10-05 00:33:05Z,CAR,in,0.049,Q1 12:05,-3.0,12961,Ryan Fitzgerald,K,7.3,0.0,6.95,6.95,6.95,6.95,0.049,1.0,6.95,,0.0,0
2026-10-05 00:33:05Z,DET,in,0.049,Q1 12:05,3.0,12535,Isaac TeSlaa,WR,5.3,0.0,4.61,4.61,5.04,5.04,0.049,1.0,4.61,,0.0,0
2026-10-05 00:33:05Z,DET,in,0.049,Q1 12:05,3.0,10859,Sam LaPorta,TE,13.0,0.0,11.31,11.31,12.37,12.37,0.049,1.0,11.31,,0.0,0
2026-10-05 00:33:05Z,DET,in,0.049,Q1 12:05,3.0,11237,Jacob Saylors,RB,1.7,0.0,1.5,1.5,1.62,1.62,0.049,1.0,1.5,,0.0,0
2026-10-05 00:33:05Z,CAR,in,0.049,Q1 12:05,-3.0,9228,Bryce Young,QB,19.4,0.0,19.3,19.3,18.46,18.46,0.049,1.0,19.3,,0.0,0
2026-10-05 00:33:05Z,CAR,in,0.049,Q1 12:05,-3.0,7694,Tommy Tremble,TE,3.8,0.0,3.63,3.63,3.62,3.62,0.049,1.0,3.63,,0.0,0
2026-10-05 00:33:05Z,CAR,in,0.049,Q1 12:05,-3.0,8160,Kenny Pickett,QB,0.6,0.0,0.6,0.6,0.57,0.57,0.049,1.0,0.6,,0.0,0
2026-10-05 00:33:05Z,CAR,in,0.049,Q1 12:05,-3.0,CAR,Carolina Panthers D/ST,DST,4.2,7.0,-2.4,4.6,11.0,11.0,0.0,1.0,4.6,,0.0,0
2026-10-05 00:33:05Z,DET,in,0.049,Q1 12:05,3.0,8250,Tay Martin,WR,0.8,0.0,0.7,0.7,0.76,0.76,0.049,1.0,0.7,,0.0,0
2026-10-05 00:33:05Z,DET,in,0.049,Q1 12:05,3.0,4179,Joshua Dobbs,QB,0.6,0.0,0.54,0.54,0.57,0.57,0.049,1.0,0.54,,0.0,0
2026-10-05 00:33:05Z,DET,in,0.049,Q1 12:05,3.0,9221,Jahmyr Gibbs,RB,25.7,1.0,22.92,23.92,25.45,25.45,0.002,1.0,23.92,,0.0,0
2026-10-05 00:33:05Z,DET,in,0.049,Q1 12:05,3.0,3163,Jared Goff,QB,18.3,0.96,16.57,17.53,18.37,18.37,0.015,1.0,17.53,,0.0,0
2026-10-05 00:33:05Z,DET,in,0.049,Q1 12:05,3.0,8148,Jameson Williams,WR,12.7,1.6,11.31,12.91,13.68,13.68,0.019,1.0,12.91,,0.0,0
2026-10-05 00:33:05Z,DET,in,0.049,Q1 12:05,3.0,7891,Brock Wright,TE,1.5,0.0,1.3,1.3,1.43,1.43,0.049,1.0,1.3,,0.0,0
2026-10-05 00:33:05Z,DET,in,0.049,Q1 12:05,3.0,7547,Amon-Ra St. Brown,WR,20.0,2.8,17.86,20.66,21.83,21.83,0.015,1.0,20.66,,0.0,0
2026-10-05 00:33:05Z,CAR,in,0.049,Q1 12:05,-3.0,12526,Tetairoa McMillan,WR,16.4,0.0,15.65,15.65,15.6,15.6,0.049,1.0,15.65,,0.0,0
2026-10-05 00:33:05Z,CAR,in,0.049,Q1 12:05,-3.0,11646,Jalen Coker,WR,8.5,0.0,8.11,8.11,8.09,8.09,0.049,1.0,8.11,,0.0,0
2026-10-05 00:33:05Z,DET,in,0.049,Q1 12:05,3.0,DET,Detroit Lions D/ST,DST,5.7,10.0,-3.54,6.46,15.42,15.42,0.039,1.0,6.46,,0.0,0
2026-10-05 00:33:05Z,DET,in,0.049,Q1 12:05,3.0,11729,Sione Vaki,RB,2.6,0.0,2.29,2.29,2.47,2.47,0.049,1.0,2.29,,0.0,0
2026-10-05 00:33:05Z,CAR,in,0.049,Q1 12:05,-3.0,11600,Ja'Tavion Sanders,TE,2.7,0.0,2.58,2.58,2.57,2.57,0.049,1.0,2.58,,0.0,0
2026-10-05 00:33:05Z,CAR,in,0.049,Q1 12:05,-3.0,7594,Chuba Hubbard,RB,16.6,0.0,15.12,15.12,15.79,15.79,0.049,1.0,15.12,,0.0,0
2026-10-05 00:33:05Z,DET,in,0.049,Q1 12:05,3.0,11539,Jake Bates,K,9.5,5.0,9.04,14.04,14.04,14.04,0.0,1.0,14.04,,0.0,0
2026-10-05 00:33:05Z,CAR,in,0.049,Q1 12:05,-3.0,2505,Darren Waller,TE,8.8,0.0,8.4,8.4,8.37,8.37,0.049,1.0,8.4,,0.0,0
2026-10-05 00:34:06Z,CAR,in,0.051,Q1 11:57,-3.0,11157,Brycen Tremayne,WR,5.6,0.0,5.33,5.33,5.32,5.32,0.051,1.0,5.33,,0.0,0
2026-10-05 00:34:06Z,CAR,in,0.051,Q1 11:57,-3.0,12961,Ryan Fitzgerald,K,7.3,0.0,6.93,6.93,6.93,6.93,0.051,1.0,6.93,,0.0,0
2026-10-05 00:34:06Z,DET,in,0.051,Q1 11:57,3.0,12535,Isaac TeSlaa,WR,5.3,0.0,4.6,4.6,5.03,5.03,0.051,1.0,4.6,,0.0,0
2026-10-05 00:34:06Z,DET,in,0.051,Q1 11:57,3.0,10859,Sam LaPorta,TE,13.0,0.0,11.28,11.28,12.34,12.34,0.051,1.0,11.28,,0.0,0
2026-10-05 00:34:06Z,DET,in,0.051,Q1 11:57,3.0,11237,Jacob Saylors,RB,1.7,0.0,1.49,1.49,1.61,1.61,0.051,1.0,1.49,,0.0,0
2026-10-05 00:34:06Z,CAR,in,0.051,Q1 11:57,-3.0,9228,Bryce Young,QB,19.4,0.0,19.26,19.26,18.41,18.41,0.051,1.0,19.26,,0.0,0
2026-10-05 00:34:06Z,CAR,in,0.051,Q1 11:57,-3.0,7694,Tommy Tremble,TE,3.8,0.0,3.62,3.62,3.61,3.61,0.051,1.0,3.62,,0.0,0
2026-10-05 00:34:06Z,CAR,in,0.051,Q1 11:57,-3.0,8160,Kenny Pickett,QB,0.6,0.0,0.6,0.6,0.57,0.57,0.051,1.0,0.6,,0.0,0
2026-10-05 00:34:06Z,CAR,in,0.051,Q1 11:57,-3.0,CAR,Carolina Panthers D/ST,DST,4.2,7.0,-2.39,4.61,10.99,10.99,0.002,1.0,4.61,,0.0,0
2026-10-05 00:34:06Z,DET,in,0.051,Q1 11:57,3.0,8250,Tay Martin,WR,0.8,0.0,0.69,0.69,0.76,0.76,0.051,1.0,0.69,,0.0,0
2026-10-05 00:34:06Z,DET,in,0.051,Q1 11:57,3.0,4179,Joshua Dobbs,QB,0.6,0.0,0.53,0.53,0.57,0.57,0.051,1.0,0.53,,0.0,0
2026-10-05 00:34:06Z,DET,in,0.051,Q1 11:57,3.0,9221,Jahmyr Gibbs,RB,25.7,1.0,22.86,23.86,25.39,25.39,0.004,1.0,23.86,,0.0,0
2026-10-05 00:34:06Z,DET,in,0.051,Q1 11:57,3.0,3163,Jared Goff,QB,18.3,0.96,16.53,17.49,18.33,18.33,0.017,1.0,17.49,,0.0,0
2026-10-05 00:34:06Z,DET,in,0.051,Q1 11:57,3.0,8148,Jameson Williams,WR,12.7,1.6,11.29,12.89,13.65,13.65,0.022,1.0,12.89,,0.0,0
2026-10-05 00:34:06Z,DET,in,0.051,Q1 11:57,3.0,7891,Brock Wright,TE,1.5,0.0,1.3,1.3,1.42,1.42,0.051,1.0,1.3,,0.0,0
2026-10-05 00:34:06Z,DET,in,0.051,Q1 11:57,3.0,7547,Amon-Ra St. Brown,WR,20.0,2.8,17.82,20.62,21.78,21.78,0.017,1.0,20.62,,0.0,0
2026-10-05 00:34:06Z,CAR,in,0.051,Q1 11:57,-3.0,12526,Tetairoa McMillan,WR,16.4,0.0,15.61,15.61,15.57,15.57,0.051,1.0,15.61,,0.0,0
2026-10-05 00:34:06Z,CAR,in,0.051,Q1 11:57,-3.0,11646,Jalen Coker,WR,8.5,0.0,8.09,8.09,8.07,8.07,0.051,1.0,8.09,,0.0,0
2026-10-05 00:34:06Z,DET,in,0.051,Q1 11:57,3.0,DET,Detroit Lions D/ST,DST,5.7,10.0,-3.53,6.47,15.41,15.41,0.041,1.0,6.47,,0.0,0
2026-10-05 00:34:06Z,DET,in,0.051,Q1 11:57,3.0,11729,Sione Vaki,RB,2.6,0.0,2.28,2.28,2.47,2.47,0.051,1.0,2.28,,0.0,0
2026-10-05 00:34:06Z,CAR,in,0.051,Q1 11:57,-3.0,11600,Ja'Tavion Sanders,TE,2.7,0.0,2.57,2.57,2.56,2.56,0.051,1.0,2.57,,0.0,0
2026-10-05 00:34:06Z,CAR,in,0.051,Q1 11:57,-3.0,7594,Chuba Hubbard,RB,16.6,0.0,15.08,15.08,15.76,15.76,0.051,1.0,15.08,,0.0,0
2026-10-05 00:34:06Z,DET,in,0.051,Q1 11:57,3.0,11539,Jake Bates,K,9.5,5.0,9.02,14.02,14.02,14.02,0.002,1.0,14.02,,0.0,0
2026-10-05 00:34:06Z,CAR,in,0.051,Q1 11:57,-3.0,2505,Darren Waller,TE,8.8,0.0,8.38,8.38,8.35,8.35,0.051,1.0,8.38,,0.0,0
2026-10-05 00:35:06Z,CAR,in,0.061,Q1 11:21,-3.0,11157,Brycen Tremayne,WR,5.6,0.0,5.28,5.28,5.26,5.26,0.061,1.0,5.28,,0.0,0
2026-10-05 00:35:06Z,CAR,in,0.061,Q1 11:21,-3.0,12961,Ryan Fitzgerald,K,7.3,0.0,6.86,6.86,6.86,6.86,0.061,1.0,6.86,,0.0,0
2026-10-05 00:35:06Z,DET,in,0.061,Q1 11:21,3.0,12535,Isaac TeSlaa,WR,5.3,0.0,4.55,4.55,4.98,4.98,0.061,1.0,4.55,,0.0,0
2026-10-05 00:35:06Z,DET,in,0.061,Q1 11:21,3.0,10859,Sam LaPorta,TE,13.0,0.0,11.16,11.16,12.21,12.21,0.061,1.0,11.16,,0.0,0
2026-10-05 00:35:06Z,DET,in,0.061,Q1 11:21,3.0,11237,Jacob Saylors,RB,1.7,0.0,1.48,1.48,1.6,1.6,0.061,1.0,1.48,,0.0,0
2026-10-05 00:35:06Z,CAR,in,0.061,Q1 11:21,-3.0,9228,Bryce Young,QB,19.4,0.24,19.12,19.36,18.46,18.46,0.0,1.0,19.36,,0.0,0
2026-10-05 00:35:06Z,CAR,in,0.061,Q1 11:21,-3.0,7694,Tommy Tremble,TE,3.8,1.6,3.84,5.44,5.17,5.17,0.0,1.0,5.44,,0.0,0
2026-10-05 00:35:06Z,CAR,in,0.061,Q1 11:21,-3.0,8160,Kenny Pickett,QB,0.6,0.0,0.59,0.59,0.56,0.56,0.061,1.0,0.59,,0.0,0
2026-10-05 00:35:06Z,CAR,in,0.061,Q1 11:21,-3.0,CAR,Carolina Panthers D/ST,DST,4.2,7.0,-2.37,4.63,10.94,10.94,0.012,1.0,4.63,,0.0,0
2026-10-05 00:35:06Z,DET,in,0.061,Q1 11:21,3.0,8250,Tay Martin,WR,0.8,0.0,0.69,0.69,0.75,0.75,0.061,1.0,0.69,,0.0,0
2026-10-05 00:35:06Z,DET,in,0.061,Q1 11:21,3.0,4179,Joshua Dobbs,QB,0.6,0.0,0.53,0.53,0.56,0.56,0.061,1.0,0.53,,0.0,0
2026-10-05 00:35:06Z,DET,in,0.061,Q1 11:21,3.0,9221,Jahmyr Gibbs,RB,25.7,1.0,22.62,23.62,25.14,25.14,0.014,1.0,23.62,,0.0,0
2026-10-05 00:35:06Z,DET,in,0.061,Q1 11:21,3.0,3163,Jared Goff,QB,18.3,0.96,16.36,17.32,18.15,18.15,0.027,1.0,17.32,,0.0,0
2026-10-05 00:35:06Z,DET,in,0.061,Q1 11:21,3.0,8148,Jameson Williams,WR,12.7,1.6,11.17,12.77,13.53,13.53,0.032,1.0,12.77,,0.0,0
2026-10-05 00:35:06Z,DET,in,0.061,Q1 11:21,3.0,7891,Brock Wright,TE,1.5,0.0,1.29,1.29,1.41,1.41,0.061,1.0,1.29,,0.0,0
2026-10-05 00:35:06Z,DET,in,0.061,Q1 11:21,3.0,7547,Amon-Ra St. Brown,WR,20.0,2.8,17.63,20.43,21.58,21.58,0.027,1.0,20.43,,0.0,0
2026-10-05 00:35:06Z,CAR,in,0.061,Q1 11:21,-3.0,12526,Tetairoa McMillan,WR,16.4,0.0,15.45,15.45,15.4,15.4,0.061,1.0,15.45,,0.0,0
2026-10-05 00:35:06Z,CAR,in,0.061,Q1 11:21,-3.0,11646,Jalen Coker,WR,8.5,0.0,8.01,8.01,7.98,7.98,0.061,1.0,8.01,,0.0,0
2026-10-05 00:35:06Z,DET,in,0.061,Q1 11:21,3.0,DET,Detroit Lions D/ST,DST,5.7,10.0,-3.49,6.51,15.35,15.35,0.051,1.0,6.51,,0.0,0
2026-10-05 00:35:06Z,DET,in,0.061,Q1 11:21,3.0,11729,Sione Vaki,RB,2.6,0.0,2.26,2.26,2.44,2.44,0.061,1.0,2.26,,0.0,0
2026-10-05 00:35:06Z,CAR,in,0.061,Q1 11:21,-3.0,11600,Ja'Tavion Sanders,TE,2.7,0.0,2.54,2.54,2.54,2.54,0.061,1.0,2.54,,0.0,0
2026-10-05 00:35:06Z,CAR,in,0.061,Q1 11:21,-3.0,7594,Chuba Hubbard,RB,16.6,-0.4,14.8,14.4,15.19,15.19,0.0,1.0,14.4,,0.0,0
2026-10-05 00:35:06Z,DET,in,0.061,Q1 11:21,3.0,11539,Jake Bates,K,9.5,5.0,8.92,13.92,13.92,13.92,0.012,1.0,13.92,,0.0,0
2026-10-05 00:35:06Z,CAR,in,0.061,Q1 11:21,-3.0,2505,Darren Waller,TE,8.8,0.0,8.29,8.29,8.26,8.26,0.061,1.0,8.29,,0.0,0
2026-10-05 00:36:07Z,CAR,in,0.071,Q1 10:44,-3.0,11157,Brycen Tremayne,WR,5.6,0.0,5.22,5.22,5.2,5.2,0.071,1.0,5.22,,0.0,0
2026-10-05 00:36:07Z,CAR,in,0.071,Q1 10:44,-3.0,12961,Ryan Fitzgerald,K,7.3,0.0,6.78,6.78,6.78,6.78,0.071,1.0,6.78,,0.0,0
2026-10-05 00:36:07Z,DET,in,0.071,Q1 10:44,3.0,12535,Isaac TeSlaa,WR,5.3,0.0,4.5,4.5,4.92,4.92,0.071,1.0,4.5,,0.0,0
2026-10-05 00:36:07Z,DET,in,0.071,Q1 10:44,3.0,10859,Sam LaPorta,TE,13.0,0.0,11.04,11.04,12.08,12.08,0.071,1.0,11.04,,0.0,0
2026-10-05 00:36:07Z,DET,in,0.071,Q1 10:44,3.0,11237,Jacob Saylors,RB,1.7,0.0,1.46,1.46,1.58,1.58,0.071,1.0,1.46,,0.0,0
2026-10-05 00:36:07Z,CAR,in,0.071,Q1 10:44,-3.0,9228,Bryce Young,QB,19.4,0.56,18.99,19.55,18.58,18.58,0.0,1.0,19.55,,0.0,0
2026-10-05 00:36:07Z,CAR,in,0.071,Q1 10:44,-3.0,7694,Tommy Tremble,TE,3.8,1.5,3.78,5.28,5.03,5.03,0.0,1.0,5.28,,0.0,0
2026-10-05 00:36:07Z,CAR,in,0.071,Q1 10:44,-3.0,8160,Kenny Pickett,QB,0.6,0.0,0.58,0.58,0.56,0.56,0.071,1.0,0.58,,0.0,0
2026-10-05 00:36:07Z,CAR,in,0.071,Q1 10:44,-3.0,CAR,Carolina Panthers D/ST,DST,4.2,7.0,-2.34,4.66,10.9,10.9,0.022,1.0,4.66,,0.0,0
2026-10-05 00:36:07Z,DET,in,0.071,Q1 10:44,3.0,8250,Tay Martin,WR,0.8,0.0,0.68,0.68,0.74,0.74,0.071,1.0,0.68,,0.0,0
2026-10-05 00:36:07Z,DET,in,0.071,Q1 10:44,3.0,4179,Joshua Dobbs,QB,0.6,0.0,0.52,0.52,0.56,0.56,0.071,1.0,0.52,,0.0,0
2026-10-05 00:36:07Z,DET,in,0.071,Q1 10:44,3.0,9221,Jahmyr Gibbs,RB,25.7,1.0,22.37,23.37,24.87,24.87,0.024,1.0,23.37,,0.0,0
2026-10-05 00:36:07Z,DET,in,0.071,Q1 10:44,3.0,3163,Jared Goff,QB,18.3,0.96,16.18,17.14,17.96,17.96,0.037,1.0,17.14,,0.0,0
2026-10-05 00:36:07Z,DET,in,0.071,Q1 10:44,3.0,8148,Jameson Williams,WR,12.7,1.6,11.05,12.65,13.4,13.4,0.042,1.0,12.65,,0.0,0
2026-10-05 00:36:07Z,DET,in,0.071,Q1 10:44,3.0,7891,Brock Wright,TE,1.5,0.0,1.27,1.27,1.39,1.39,0.071,1.0,1.27,,0.0,0
2026-10-05 00:36:07Z,DET,in,0.071,Q1 10:44,3.0,7547,Amon-Ra St. Brown,WR,20.0,2.8,17.44,20.24,21.38,21.38,0.037,1.0,20.24,,0.0,0
2026-10-05 00:36:07Z,CAR,in,0.071,Q1 10:44,-3.0,12526,Tetairoa McMillan,WR,16.4,1.9,15.59,17.49,17.13,17.13,0.0,1.0,17.49,,0.0,0
2026-10-05 00:36:07Z,CAR,in,0.071,Q1 10:44,-3.0,11646,Jalen Coker,WR,8.5,0.0,7.92,7.92,7.9,7.9,0.071,1.0,7.92,,0.0,0
2026-10-05 00:36:07Z,DET,in,0.071,Q1 10:44,3.0,DET,Detroit Lions D/ST,DST,5.7,10.0,-3.46,6.54,15.29,15.29,0.061,1.0,6.54,,0.0,0
2026-10-05 00:36:07Z,DET,in,0.071,Q1 10:44,3.0,11729,Sione Vaki,RB,2.6,0.0,2.23,2.23,2.42,2.42,0.071,1.0,2.23,,0.0,0
2026-10-05 00:36:07Z,CAR,in,0.071,Q1 10:44,-3.0,11600,Ja'Tavion Sanders,TE,2.7,0.0,2.52,2.52,2.51,2.51,0.071,1.0,2.52,,0.0,0
2026-10-05 00:36:07Z,CAR,in,0.071,Q1 10:44,-3.0,7594,Chuba Hubbard,RB,16.6,-0.4,14.64,14.24,15.02,15.02,0.01,1.0,14.24,,0.0,0
2026-10-05 00:36:07Z,DET,in,0.071,Q1 10:44,3.0,11539,Jake Bates,K,9.5,5.0,8.82,13.82,13.82,13.82,0.022,1.0,13.82,,0.0,0
2026-10-05 00:36:07Z,CAR,in,0.071,Q1 10:44,-3.0,2505,Darren Waller,TE,8.8,0.0,8.2,8.2,8.17,8.17,0.071,1.0,8.2,,0.0,0
2026-10-05 00:37:07Z,CAR,in,0.088,Q1 9:42,-3.0,11157,Brycen Tremayne,WR,5.6,0.0,5.12,5.12,5.11,5.11,0.088,1.0,5.12,,0.0,0
2026-10-05 00:37:07Z,CAR,in,0.088,Q1 9:42,-3.0,12961,Ryan Fitzgerald,K,7.3,0.0,6.66,6.66,6.66,6.66,0.088,1.0,6.66,,0.0,0
2026-10-05 00:37:07Z,DET,in,0.088,Q1 9:42,3.0,12535,Isaac TeSlaa,WR,5.3,0.0,4.42,4.42,4.83,4.83,0.088,1.0,4.42,,0.0,0
2026-10-05 00:37:07Z,DET,in,0.088,Q1 9:42,3.0,10859,Sam LaPorta,TE,13.0,0.0,10.84,10.84,11.85,11.85,0.088,1.0,10.84,,0.0,0
2026-10-05 00:37:07Z,DET,in,0.088,Q1 9:42,3.0,11237,Jacob Saylors,RB,1.7,0.0,1.43,1.43,1.55,1.55,0.088,1.0,1.43,,0.0,0
2026-10-05 00:37:07Z,CAR,in,0.088,Q1 9:42,-3.0,9228,Bryce Young,QB,19.4,0.6,18.64,19.24,18.29,18.29,0.0,1.0,19.24,,0.0,0
2026-10-05 00:37:07Z,CAR,in,0.088,Q1 9:42,-3.0,7694,Tommy Tremble,TE,3.8,1.5,3.71,5.21,4.96,4.96,0.017,1.0,5.21,,0.0,0
2026-10-05 00:37:07Z,CAR,in,0.088,Q1 9:42,-3.0,8160,Kenny Pickett,QB,0.6,0.0,0.57,0.57,0.55,0.55,0.088,1.0,0.57,,0.0,0
2026-10-05 00:37:07Z,CAR,in,0.088,Q1 9:42,-3.0,CAR,Carolina Panthers D/ST,DST,4.2,7.0,-2.3,4.7,10.83,10.83,0.04,1.0,4.7,,0.0,0
2026-10-05 00:37:07Z,DET,in,0.088,Q1 9:42,3.0,8250,Tay Martin,WR,0.8,0.0,0.67,0.67,0.73,0.73,0.088,1.0,0.67,,0.0,0
2026-10-05 00:37:07Z,DET,in,0.088,Q1 9:42,3.0,4179,Joshua Dobbs,QB,0.6,0.0,0.51,0.51,0.55,0.55,0.088,1.0,0.51,,0.0,0
2026-10-05 00:37:07Z,DET,in,0.088,Q1 9:42,3.0,9221,Jahmyr Gibbs,RB,25.7,1.0,21.96,22.96,24.43,24.43,0.042,1.0,22.96,,0.0,0
2026-10-05 00:37:07Z,DET,in,0.088,Q1 9:42,3.0,3163,Jared Goff,QB,18.3,0.96,15.88,16.84,17.64,17.64,0.055,1.0,16.84,,0.0,0
2026-10-05 00:37:07Z,DET,in,0.088,Q1 9:42,3.0,8148,Jameson Williams,WR,12.7,1.6,10.84,12.44,13.18,13.18,0.059,1.0,12.44,,0.0,0
2026-10-05 00:37:07Z,DET,in,0.088,Q1 9:42,3.0,7891,Brock Wright,TE,1.5,0.0,1.25,1.25,1.37,1.37,0.088,1.0,1.25,,0.0,0
2026-10-05 00:37:07Z,DET,in,0.088,Q1 9:42,3.0,7547,Amon-Ra St. Brown,WR,20.0,2.8,17.12,19.92,21.03,21.03,0.055,1.0,19.92,,0.0,0
2026-10-05 00:37:07Z,CAR,in,0.088,Q1 9:42,-3.0,12526,Tetairoa McMillan,WR,16.4,2.0,15.31,17.31,16.95,16.95,0.0,1.0,17.31,,0.0,0
2026-10-05 00:37:07Z,CAR,in,0.088,Q1 9:42,-3.0,11646,Jalen Coker,WR,8.5,0.0,7.77,7.77,7.75,7.75,0.088,1.0,7.77,,0.0,0
2026-10-05 00:37:07Z,DET,in,0.088,Q1 9:42,3.0,DET,Detroit Lions D/ST,DST,5.7,10.0,-3.39,6.61,15.2,15.2,0.078,1.0,6.61,,0.0,0
2026-10-05 00:37:07Z,DET,in,0.088,Q1 9:42,3.0,11729,Sione Vaki,RB,2.6,0.0,2.19,2.19,2.37,2.37,0.088,1.0,2.19,,0.0,0
2026-10-05 00:37:07Z,CAR,in,0.088,Q1 9:42,-3.0,11600,Ja'Tavion Sanders,TE,2.7,0.0,2.47,2.47,2.46,2.46,0.088,1.0,2.47,,0.0,0
2026-10-05 00:37:07Z,CAR,in,0.088,Q1 9:42,-3.0,7594,Chuba Hubbard,RB,16.6,-0.4,14.37,13.97,14.73,14.73,0.027,1.0,13.97,,0.0,0
2026-10-05 00:37:07Z,DET,in,0.088,Q1 9:42,3.0,11539,Jake Bates,K,9.5,5.0,8.66,13.66,13.66,13.66,0.04,1.0,13.66,,0.0,0
2026-10-05 00:37:07Z,CAR,in,0.088,Q1 9:42,-3.0,2505,Darren Waller,TE,8.8,0.0,8.05,8.05,8.02,8.02,0.088,1.0,8.05,,0.0,0
2026-10-05 00:38:07Z,CAR,in,0.097,Q1 9:10,-3.0,11157,Brycen Tremayne,WR,5.6,0.0,5.07,5.07,5.06,5.06,0.097,1.0,5.07,,0.0,0
2026-10-05 00:38:07Z,CAR,in,0.097,Q1 9:10,-3.0,12961,Ryan Fitzgerald,K,7.3,0.0,6.59,6.59,6.59,6.59,0.097,1.0,6.59,,0.0,0
2026-10-05 00:38:07Z,DET,in,0.097,Q1 9:10,3.0,12535,Isaac TeSlaa,WR,5.3,0.0,4.38,4.38,4.78,4.78,0.097,1.0,4.38,,0.0,0
2026-10-05 00:38:07Z,DET,in,0.097,Q1 9:10,3.0,10859,Sam LaPorta,TE,13.0,0.0,10.73,10.73,11.74,11.74,0.097,1.0,10.73,,0.0,0
2026-10-05 00:38:07Z,DET,in,0.097,Q1 9:10,3.0,11237,Jacob Saylors,RB,1.7,0.0,1.42,1.42,1.53,1.53,0.097,1.0,1.42,,0.0,0
2026-10-05 00:38:07Z,CAR,in,0.097,Q1 9:10,-3.0,9228,Bryce Young,QB,19.4,1.12,18.59,19.71,18.63,18.63,0.0,1.0,19.71,,0.0,0
2026-10-05 00:38:07Z,CAR,in,0.097,Q1 9:10,-3.0,7694,Tommy Tremble,TE,3.8,1.5,3.68,5.18,4.93,4.93,0.026,1.0,5.18,,0.0,0
2026-10-05 00:38:07Z,CAR,in,0.097,Q1 9:10,-3.0,8160,Kenny Pickett,QB,0.6,0.0,0.57,0.57,0.54,0.54,0.097,1.0,0.57,,0.0,0
2026-10-05 00:38:07Z,CAR,in,0.097,Q1 9:10,-3.0,CAR,Carolina Panthers D/ST,DST,4.2,7.0,-2.28,4.72,10.79,10.79,0.049,1.0,4.72,,0.0,0
2026-10-05 00:38:07Z,DET,in,0.097,Q1 9:10,3.0,8250,Tay Martin,WR,0.8,0.0,0.66,0.66,0.72,0.72,0.097,1.0,0.66,,0.0,0
2026-10-05 00:38:07Z,DET,in,0.097,Q1 9:10,3.0,4179,Joshua Dobbs,QB,0.6,0.0,0.51,0.51,0.54,0.54,0.097,1.0,0.51,,0.0,0
2026-10-05 00:38:07Z,DET,in,0.097,Q1 9:10,3.0,9221,Jahmyr Gibbs,RB,25.7,1.0,21.74,22.74,24.2,24.2,0.051,1.0,22.74,,0.0,0
2026-10-05 00:38:07Z,DET,in,0.097,Q1 9:10,3.0,3163,Jared Goff,QB,18.3,0.96,15.72,16.68,17.48,17.48,0.064,1.0,16.68,,0.0,0
2026-10-05 00:38:07Z,DET,in,0.097,Q1 9:10,3.0,8148,Jameson Williams,WR,12.7,1.6,10.74,12.34,13.07,13.07,0.068,1.0,12.34,,0.0,0
2026-10-05 00:38:07Z,DET,in,0.097,Q1 9:10,3.0,7891,Brock Wright,TE,1.5,0.0,1.24,1.24,1.35,1.35,0.097,1.0,1.24,,0.0,0
2026-10-05 00:38:07Z,DET,in,0.097,Q1 9:10,3.0,7547,Amon-Ra St. Brown,WR,20.0,2.8,16.95,19.75,20.86,20.86,0.064,1.0,19.75,,0.0,0
2026-10-05 00:38:07Z,CAR,in,0.097,Q1 9:10,-3.0,12526,Tetairoa McMillan,WR,16.4,4.3,15.53,19.83,19.11,19.11,0.0,1.0,19.83,,0.0,0
2026-10-05 00:38:07Z,CAR,in,0.097,Q1 9:10,-3.0,11646,Jalen Coker,WR,8.5,0.0,7.7,7.7,7.67,7.67,0.097,1.0,7.7,,0.0,0
2026-10-05 00:38:07Z,DET,in,0.097,Q1 9:10,3.0,DET,Detroit Lions D/ST,DST,5.7,10.0,-3.36,6.64,15.15,15.15,0.087,1.0,6.64,,0.0,0
2026-10-05 00:38:07Z,DET,in,0.097,Q1 9:10,3.0,11729,Sione Vaki,RB,2.6,0.0,2.17,2.17,2.35,2.35,0.097,1.0,2.17,,0.0,0
2026-10-05 00:38:07Z,CAR,in,0.097,Q1 9:10,-3.0,11600,Ja'Tavion Sanders,TE,2.7,0.0,2.44,2.44,2.44,2.44,0.097,1.0,2.44,,0.0,0
2026-10-05 00:38:07Z,CAR,in,0.097,Q1 9:10,-3.0,7594,Chuba Hubbard,RB,16.6,-0.3,14.26,13.96,14.69,14.69,0.0,1.0,13.96,,0.0,0
2026-10-05 00:38:07Z,DET,in,0.097,Q1 9:10,3.0,11539,Jake Bates,K,9.5,5.0,8.58,13.58,13.58,13.58,0.049,1.0,13.58,,0.0,0
2026-10-05 00:38:07Z,CAR,in,0.097,Q1 9:10,-3.0,2505,Darren Waller,TE,8.8,0.0,7.97,7.97,7.94,7.94,0.097,1.0,7.97,,0.0,0
2026-10-05 00:39:08Z,CAR,in,0.122,Q1 7:41,-3.0,11157,Brycen Tremayne,WR,5.6,0.0,4.93,4.93,4.92,4.92,0.122,1.0,4.93,,0.0,0
2026-10-05 00:39:08Z,CAR,in,0.122,Q1 7:41,-3.0,12961,Ryan Fitzgerald,K,7.3,0.0,6.41,6.41,6.41,6.41,0.122,1.0,6.41,,0.0,0
2026-10-05 00:39:08Z,DET,in,0.122,Q1 7:41,3.0,12535,Isaac TeSlaa,WR,5.3,0.0,4.26,4.26,4.65,4.65,0.122,1.0,4.26,,0.0,0
2026-10-05 00:39:08Z,DET,in,0.122,Q1 7:41,3.0,10859,Sam LaPorta,TE,13.0,0.0,10.45,10.45,11.41,11.41,0.122,1.0,10.45,,0.0,0
2026-10-05 00:39:08Z,DET,in,0.122,Q1 7:41,3.0,11237,Jacob Saylors,RB,1.7,0.0,1.37,1.37,1.49,1.49,0.122,1.0,1.37,,0.0,0
2026-10-05 00:39:08Z,CAR,in,0.122,Q1 7:41,-3.0,9228,Bryce Young,QB,19.4,1.12,18.04,19.16,18.15,18.15,0.025,1.0,19.16,,0.0,0
2026-10-05 00:39:08Z,CAR,in,0.122,Q1 7:41,-3.0,7694,Tommy Tremble,TE,3.8,1.5,3.57,5.07,4.84,4.84,0.051,1.0,5.07,,0.0,0
2026-10-05 00:39:08Z,CAR,in,0.122,Q1 7:41,-3.0,8160,Kenny Pickett,QB,0.6,0.0,0.55,0.55,0.53,0.53,0.122,1.0,0.55,,0.0,0
2026-10-05 00:39:08Z,CAR,in,0.122,Q1 7:41,-3.0,CAR,Carolina Panthers D/ST,DST,4.2,7.0,-2.12,4.88,10.69,10.69,0.073,1.0,4.88,,0.0,0
2026-10-05 00:39:08Z,DET,in,0.122,Q1 7:41,3.0,8250,Tay Martin,WR,0.8,0.0,0.64,0.64,0.7,0.7,0.122,1.0,0.64,,0.0,0
2026-10-05 00:39:08Z,DET,in,0.122,Q1 7:41,3.0,4179,Joshua Dobbs,QB,0.6,0.0,0.49,0.49,0.53,0.53,0.122,1.0,0.49,,0.0,0
2026-10-05 00:39:08Z,DET,in,0.122,Q1 7:41,3.0,9221,Jahmyr Gibbs,RB,25.7,1.0,21.01,22.01,23.57,23.57,0.075,1.0,22.01,,0.0,0
2026-10-05 00:39:08Z,DET,in,0.122,Q1 7:41,3.0,3163,Jared Goff,QB,18.3,0.96,15.26,16.22,17.03,17.03,0.088,1.0,16.22,,0.0,0
2026-10-05 00:39:08Z,DET,in,0.122,Q1 7:41,3.0,8148,Jameson Williams,WR,12.7,1.6,10.44,12.04,12.75,12.75,0.093,1.0,12.04,,0.0,0
2026-10-05 00:39:08Z,DET,in,0.122,Q1 7:41,3.0,7891,Brock Wright,TE,1.5,0.0,1.21,1.21,1.32,1.32,0.122,1.0,1.21,,0.0,0
2026-10-05 00:39:08Z,DET,in,0.122,Q1 7:41,3.0,7547,Amon-Ra St. Brown,WR,20.0,2.8,16.49,19.29,20.36,20.36,0.088,1.0,19.29,,0.0,0
2026-10-05 00:39:08Z,CAR,in,0.122,Q1 7:41,-3.0,12526,Tetairoa McMillan,WR,16.4,4.3,15.09,19.39,18.7,18.7,0.025,1.0,19.39,,0.0,0
2026-10-05 00:39:08Z,CAR,in,0.122,Q1 7:41,-3.0,11646,Jalen Coker,WR,8.5,0.0,7.49,7.49,7.46,7.46,0.122,1.0,7.49,,0.0,0
2026-10-05 00:39:08Z,DET,in,0.122,Q1 7:41,3.0,DET,Detroit Lions D/ST,DST,5.7,11.0,-3.63,7.37,16.0,16.0,0.0,1.0,7.37,,0.0,0
2026-10-05 00:39:08Z,DET,in,0.122,Q1 7:41,3.0,11729,Sione Vaki,RB,2.6,0.0,2.1,2.1,2.28,2.28,0.122,1.0,2.1,,0.0,0
2026-10-05 00:39:08Z,CAR,in,0.122,Q1 7:41,-3.0,11600,Ja'Tavion Sanders,TE,2.7,0.0,2.38,2.38,2.37,2.37,0.122,1.0,2.38,,0.0,0
2026-10-05 00:39:08Z,CAR,in,0.122,Q1 7:41,-3.0,7594,Chuba Hubbard,RB,16.6,-0.3,13.8,13.5,14.28,14.28,0.025,1.0,13.5,,0.0,0
2026-10-05 00:39:08Z,DET,in,0.122,Q1 7:41,3.0,11539,Jake Bates,K,9.5,5.0,8.34,13.34,13.34,13.34,0.073,1.0,13.34,,0.0,0
2026-10-05 00:39:08Z,CAR,in,0.122,Q1 7:41,-3.0,2505,Darren Waller,TE,8.8,0.0,7.75,7.75,7.73,7.73,0.122,1.0,7.75,,0.0,0
2026-10-05 00:40:08Z,CAR,in,0.122,Q1 7:41,-3.0,11157,Brycen Tremayne,WR,5.6,0.0,4.93,4.93,4.92,4.92,0.122,1.0,4.93,,0.0,0
2026-10-05 00:40:08Z,CAR,in,0.122,Q1 7:41,-3.0,12961,Ryan Fitzgerald,K,7.3,0.0,6.41,6.41,6.41,6.41,0.122,1.0,6.41,,0.0,0
2026-10-05 00:40:08Z,DET,in,0.122,Q1 7:41,3.0,12535,Isaac TeSlaa,WR,5.3,0.0,4.26,4.26,4.65,4.65,0.122,1.0,4.26,,0.0,0
2026-10-05 00:40:08Z,DET,in,0.122,Q1 7:41,3.0,10859,Sam LaPorta,TE,13.0,0.0,10.45,10.45,11.41,11.41,0.122,1.0,10.45,,0.0,0
2026-10-05 00:40:08Z,DET,in,0.122,Q1 7:41,3.0,11237,Jacob Saylors,RB,1.7,0.0,1.37,1.37,1.49,1.49,0.122,1.0,1.37,,0.0,0
2026-10-05 00:40:08Z,CAR,in,0.122,Q1 7:41,-3.0,9228,Bryce Young,QB,19.4,1.08,18.03,19.11,18.11,18.11,0.0,1.0,19.11,,0.0,0
2026-10-05 00:40:08Z,CAR,in,0.122,Q1 7:41,-3.0,7694,Tommy Tremble,TE,3.8,1.5,3.57,5.07,4.84,4.84,0.051,1.0,5.07,,0.0,0
2026-10-05 00:40:08Z,CAR,in,0.122,Q1 7:41,-3.0,8160,Kenny Pickett,QB,0.6,0.0,0.55,0.55,0.53,0.53,0.122,1.0,0.55,,0.0,0
2026-10-05 00:40:08Z,CAR,in,0.122,Q1 7:41,-3.0,CAR,Carolina Panthers D/ST,DST,4.2,7.0,-2.12,4.88,10.69,10.69,0.073,1.0,4.88,,0.0,0
2026-10-05 00:40:08Z,DET,in,0.122,Q1 7:41,3.0,8250,Tay Martin,WR,0.8,0.0,0.64,0.64,0.7,0.7,0.122,1.0,0.64,,0.0,0
2026-10-05 00:40:08Z,DET,in,0.122,Q1 7:41,3.0,4179,Joshua Dobbs,QB,0.6,0.0,0.49,0.49,0.53,0.53,0.122,1.0,0.49,,0.0,0
2026-10-05 00:40:08Z,DET,in,0.122,Q1 7:41,3.0,9221,Jahmyr Gibbs,RB,25.7,1.0,21.01,22.01,23.57,23.57,0.075,1.0,22.01,,0.0,0
2026-10-05 00:40:08Z,DET,in,0.122,Q1 7:41,3.0,3163,Jared Goff,QB,18.3,0.96,15.26,16.22,17.03,17.03,0.088,1.0,16.22,,0.0,0
2026-10-05 00:40:08Z,DET,in,0.122,Q1 7:41,3.0,8148,Jameson Williams,WR,12.7,1.6,10.44,12.04,12.75,12.75,0.093,1.0,12.04,,0.0,0
2026-10-05 00:40:08Z,DET,in,0.122,Q1 7:41,3.0,7891,Brock Wright,TE,1.5,0.0,1.21,1.21,1.32,1.32,0.122,1.0,1.21,,0.0,0
2026-10-05 00:40:08Z,DET,in,0.122,Q1 7:41,3.0,7547,Amon-Ra St. Brown,WR,20.0,2.8,16.49,19.29,20.36,20.36,0.088,1.0,19.29,,0.0,0
2026-10-05 00:40:08Z,CAR,in,0.122,Q1 7:41,-3.0,12526,Tetairoa McMillan,WR,16.4,4.2,15.07,19.27,18.6,18.6,0.0,1.0,19.27,,0.0,0
2026-10-05 00:40:08Z,CAR,in,0.122,Q1 7:41,-3.0,11646,Jalen Coker,WR,8.5,0.0,7.49,7.49,7.46,7.46,0.122,1.0,7.49,,0.0,0
2026-10-05 00:40:08Z,DET,in,0.122,Q1 7:41,3.0,DET,Detroit Lions D/ST,DST,5.7,11.0,-3.63,7.37,16.0,16.0,0.0,1.0,7.37,,0.0,0
2026-10-05 00:40:08Z,DET,in,0.122,Q1 7:41,3.0,11729,Sione Vaki,RB,2.6,0.0,2.1,2.1,2.28,2.28,0.122,1.0,2.1,,0.0,0
2026-10-05 00:40:08Z,CAR,in,0.122,Q1 7:41,-3.0,11600,Ja'Tavion Sanders,TE,2.7,0.0,2.38,2.38,2.37,2.37,0.122,1.0,2.38,,0.0,0
2026-10-05 00:40:08Z,CAR,in,0.122,Q1 7:41,-3.0,7594,Chuba Hubbard,RB,16.6,-0.3,13.8,13.5,14.28,14.28,0.025,1.0,13.5,,0.0,0
2026-10-05 00:40:08Z,DET,in,0.122,Q1 7:41,3.0,11539,Jake Bates,K,9.5,5.0,8.34,13.34,13.34,13.34,0.073,1.0,13.34,,0.0,0
2026-10-05 00:40:08Z,CAR,in,0.122,Q1 7:41,-3.0,2505,Darren Waller,TE,8.8,0.0,7.75,7.75,7.73,7.73,0.122,1.0,7.75,,0.0,0
2026-10-05 00:41:09Z,CAR,in,0.122,Q1 7:41,-3.0,11157,Brycen Tremayne,WR,5.6,0.0,4.93,4.93,4.92,4.92,0.122,1.0,4.93,,0.0,0
2026-10-05 00:41:09Z,CAR,in,0.122,Q1 7:41,-3.0,12961,Ryan Fitzgerald,K,7.3,0.0,6.41,6.41,6.41,6.41,0.122,1.0,6.41,,0.0,0
2026-10-05 00:41:09Z,DET,in,0.122,Q1 7:41,3.0,12535,Isaac TeSlaa,WR,5.3,0.0,4.26,4.26,4.65,4.65,0.122,1.0,4.26,,0.0,0
2026-10-05 00:41:09Z,DET,in,0.122,Q1 7:41,3.0,10859,Sam LaPorta,TE,13.0,0.0,10.45,10.45,11.41,11.41,0.122,1.0,10.45,,0.0,0
2026-10-05 00:41:09Z,DET,in,0.122,Q1 7:41,3.0,11237,Jacob Saylors,RB,1.7,0.0,1.37,1.37,1.49,1.49,0.122,1.0,1.37,,0.0,0
2026-10-05 00:41:09Z,CAR,in,0.122,Q1 7:41,-3.0,9228,Bryce Young,QB,19.4,1.08,18.03,19.11,18.11,18.11,0.0,1.0,19.11,,0.0,0
2026-10-05 00:41:09Z,CAR,in,0.122,Q1 7:41,-3.0,7694,Tommy Tremble,TE,3.8,1.5,3.57,5.07,4.84,4.84,0.051,1.0,5.07,,0.0,0
2026-10-05 00:41:09Z,CAR,in,0.122,Q1 7:41,-3.0,8160,Kenny Pickett,QB,0.6,0.0,0.55,0.55,0.53,0.53,0.122,1.0,0.55,,0.0,0
2026-10-05 00:41:09Z,CAR,in,0.122,Q1 7:41,-3.0,CAR,Carolina Panthers D/ST,DST,4.2,7.0,-2.12,4.88,10.69,10.69,0.073,1.0,4.88,,0.0,0
2026-10-05 00:41:09Z,DET,in,0.122,Q1 7:41,3.0,8250,Tay Martin,WR,0.8,0.0,0.64,0.64,0.7,0.7,0.122,1.0,0.64,,0.0,0
2026-10-05 00:41:09Z,DET,in,0.122,Q1 7:41,3.0,4179,Joshua Dobbs,QB,0.6,0.0,0.49,0.49,0.53,0.53,0.122,1.0,0.49,,0.0,0
2026-10-05 00:41:09Z,DET,in,0.122,Q1 7:41,3.0,9221,Jahmyr Gibbs,RB,25.7,1.0,21.01,22.01,23.57,23.57,0.075,1.0,22.01,,0.0,0
2026-10-05 00:41:09Z,DET,in,0.122,Q1 7:41,3.0,3163,Jared Goff,QB,18.3,0.96,15.26,16.22,17.03,17.03,0.088,1.0,16.22,,0.0,0
2026-10-05 00:41:09Z,DET,in,0.122,Q1 7:41,3.0,8148,Jameson Williams,WR,12.7,1.6,10.44,12.04,12.75,12.75,0.093,1.0,12.04,,0.0,0
2026-10-05 00:41:09Z,DET,in,0.122,Q1 7:41,3.0,7891,Brock Wright,TE,1.5,0.0,1.21,1.21,1.32,1.32,0.122,1.0,1.21,,0.0,0
2026-10-05 00:41:09Z,DET,in,0.122,Q1 7:41,3.0,7547,Amon-Ra St. Brown,WR,20.0,2.8,16.49,19.29,20.36,20.36,0.088,1.0,19.29,,0.0,0
2026-10-05 00:41:09Z,CAR,in,0.122,Q1 7:41,-3.0,12526,Tetairoa McMillan,WR,16.4,4.2,15.07,19.27,18.6,18.6,0.0,1.0,19.27,,0.0,0
2026-10-05 00:41:09Z,CAR,in,0.122,Q1 7:41,-3.0,11646,Jalen Coker,WR,8.5,0.0,7.49,7.49,7.46,7.46,0.122,1.0,7.49,,0.0,0
2026-10-05 00:41:09Z,DET,in,0.122,Q1 7:41,3.0,DET,Detroit Lions D/ST,DST,5.7,11.0,-3.63,7.37,16.0,16.0,0.0,1.0,7.37,,0.0,0
2026-10-05 00:41:09Z,DET,in,0.122,Q1 7:41,3.0,11729,Sione Vaki,RB,2.6,0.0,2.1,2.1,2.28,2.28,0.122,1.0,2.1,,0.0,0
2026-10-05 00:41:09Z,CAR,in,0.122,Q1 7:41,-3.0,11600,Ja'Tavion Sanders,TE,2.7,0.0,2.38,2.38,2.37,2.37,0.122,1.0,2.38,,0.0,0
2026-10-05 00:41:09Z,CAR,in,0.122,Q1 7:41,-3.0,7594,Chuba Hubbard,RB,16.6,-0.3,13.8,13.5,14.28,14.28,0.025,1.0,13.5,,0.0,0
2026-10-05 00:41:09Z,DET,in,0.122,Q1 7:41,3.0,11539,Jake Bates,K,9.5,5.0,8.34,13.34,13.34,13.34,0.073,1.0,13.34,,0.0,0
2026-10-05 00:41:09Z,CAR,in,0.122,Q1 7:41,-3.0,2505,Darren Waller,TE,8.8,0.0,7.75,7.75,7.73,7.73,0.122,1.0,7.75,,0.0,0
2026-10-05 00:42:09Z,CAR,in,0.122,Q1 7:41,-3.0,11157,Brycen Tremayne,WR,5.6,0.0,4.93,4.93,4.92,4.92,0.122,1.0,4.93,,0.0,0
2026-10-05 00:42:09Z,CAR,in,0.122,Q1 7:41,-3.0,12961,Ryan Fitzgerald,K,7.3,0.0,6.41,6.41,6.41,6.41,0.122,1.0,6.41,,0.0,0
2026-10-05 00:42:09Z,DET,in,0.122,Q1 7:41,3.0,12535,Isaac TeSlaa,WR,5.3,0.0,4.26,4.26,4.65,4.65,0.122,1.0,4.26,,0.0,0
2026-10-05 00:42:09Z,DET,in,0.122,Q1 7:41,3.0,10859,Sam LaPorta,TE,13.0,0.0,10.45,10.45,11.41,11.41,0.122,1.0,10.45,,0.0,0
2026-10-05 00:42:09Z,DET,in,0.122,Q1 7:41,3.0,11237,Jacob Saylors,RB,1.7,0.0,1.37,1.37,1.49,1.49,0.122,1.0,1.37,,0.0,0
2026-10-05 00:42:09Z,CAR,in,0.122,Q1 7:41,-3.0,9228,Bryce Young,QB,19.4,1.08,18.03,19.11,18.11,18.11,0.0,1.0,19.11,,0.0,0
2026-10-05 00:42:09Z,CAR,in,0.122,Q1 7:41,-3.0,7694,Tommy Tremble,TE,3.8,1.5,3.57,5.07,4.84,4.84,0.051,1.0,5.07,,0.0,0
2026-10-05 00:42:09Z,CAR,in,0.122,Q1 7:41,-3.0,8160,Kenny Pickett,QB,0.6,0.0,0.55,0.55,0.53,0.53,0.122,1.0,0.55,,0.0,0
2026-10-05 00:42:09Z,CAR,in,0.122,Q1 7:41,-3.0,CAR,Carolina Panthers D/ST,DST,4.2,7.0,-2.12,4.88,10.69,10.69,0.073,1.0,4.88,,0.0,0
2026-10-05 00:42:09Z,DET,in,0.122,Q1 7:41,3.0,8250,Tay Martin,WR,0.8,0.0,0.64,0.64,0.7,0.7,0.122,1.0,0.64,,0.0,0
2026-10-05 00:42:09Z,DET,in,0.122,Q1 7:41,3.0,4179,Joshua Dobbs,QB,0.6,0.0,0.49,0.49,0.53,0.53,0.122,1.0,0.49,,0.0,0
2026-10-05 00:42:09Z,DET,in,0.122,Q1 7:41,3.0,9221,Jahmyr Gibbs,RB,25.7,1.0,21.01,22.01,23.57,23.57,0.075,1.0,22.01,,0.0,0
2026-10-05 00:42:09Z,DET,in,0.122,Q1 7:41,3.0,3163,Jared Goff,QB,18.3,0.96,15.26,16.22,17.03,17.03,0.088,1.0,16.22,,0.0,0
2026-10-05 00:42:09Z,DET,in,0.122,Q1 7:41,3.0,8148,Jameson Williams,WR,12.7,1.6,10.44,12.04,12.75,12.75,0.093,1.0,12.04,,0.0,0
2026-10-05 00:42:09Z,DET,in,0.122,Q1 7:41,3.0,7891,Brock Wright,TE,1.5,0.0,1.21,1.21,1.32,1.32,0.122,1.0,1.21,,0.0,0
2026-10-05 00:42:09Z,DET,in,0.122,Q1 7:41,3.0,7547,Amon-Ra St. Brown,WR,20.0,2.8,16.49,19.29,20.36,20.36,0.088,1.0,19.29,,0.0,0
2026-10-05 00:42:09Z,CAR,in,0.122,Q1 7:41,-3.0,12526,Tetairoa McMillan,WR,16.4,4.2,15.07,19.27,18.6,18.6,0.0,1.0,19.27,,0.0,0
2026-10-05 00:42:09Z,CAR,in,0.122,Q1 7:41,-3.0,11646,Jalen Coker,WR,8.5,0.0,7.49,7.49,7.46,7.46,0.122,1.0,7.49,,0.0,0
2026-10-05 00:42:09Z,DET,in,0.122,Q1 7:41,3.0,DET,Detroit Lions D/ST,DST,5.7,11.0,-3.63,7.37,16.0,16.0,0.0,1.0,7.37,,0.0,0
2026-10-05 00:42:09Z,DET,in,0.122,Q1 7:41,3.0,11729,Sione Vaki,RB,2.6,0.0,2.1,2.1,2.28,2.28,0.122,1.0,2.1,,0.0,0
2026-10-05 00:42:09Z,CAR,in,0.122,Q1 7:41,-3.0,11600,Ja'Tavion Sanders,TE,2.7,0.0,2.38,2.38,2.37,2.37,0.122,1.0,2.38,,0.0,0
2026-10-05 00:42:09Z,CAR,in,0.122,Q1 7:41,-3.0,7594,Chuba Hubbard,RB,16.6,-0.3,13.8,13.5,14.28,14.28,0.025,1.0,13.5,,0.0,0
2026-10-05 00:42:09Z,DET,in,0.122,Q1 7:41,3.0,11539,Jake Bates,K,9.5,5.0,8.34,13.34,13.34,13.34,0.073,1.0,13.34,,0.0,0
2026-10-05 00:42:09Z,CAR,in,0.122,Q1 7:41,-3.0,2505,Darren Waller,TE,8.8,0.0,7.75,7.75,7.73,7.73,0.122,1.0,7.75,,0.0,0
2026-10-05 00:43:09Z,CAR,in,0.129,Q1 7:17,-3.0,11157,Brycen Tremayne,WR,5.6,0.0,4.9,4.9,4.88,4.88,0.129,1.0,4.9,,0.0,0
2026-10-05 00:43:09Z,CAR,in,0.129,Q1 7:17,-3.0,12961,Ryan Fitzgerald,K,7.3,0.0,6.36,6.36,6.36,6.36,0.129,1.0,6.36,,0.0,0
2026-10-05 00:43:09Z,DET,in,0.129,Q1 7:17,3.0,12535,Isaac TeSlaa,WR,5.3,0.0,4.23,4.23,4.62,4.62,0.129,1.0,4.23,,0.0,0
2026-10-05 00:43:09Z,DET,in,0.129,Q1 7:17,3.0,10859,Sam LaPorta,TE,13.0,0.0,10.37,10.37,11.33,11.33,0.129,1.0,10.37,,0.0,0
2026-10-05 00:43:09Z,DET,in,0.129,Q1 7:17,3.0,11237,Jacob Saylors,RB,1.7,0.0,1.36,1.36,1.48,1.48,0.129,1.0,1.36,,0.0,0
2026-10-05 00:43:09Z,CAR,in,0.129,Q1 7:17,-3.0,9228,Bryce Young,QB,19.4,1.08,17.88,18.96,17.98,17.98,0.007,1.0,18.96,,0.0,0
2026-10-05 00:43:09Z,CAR,in,0.129,Q1 7:17,-3.0,7694,Tommy Tremble,TE,3.8,1.5,3.54,5.04,4.81,4.81,0.058,1.0,5.04,,0.0,0
2026-10-05 00:43:09Z,CAR,in,0.129,Q1 7:17,-3.0,8160,Kenny Pickett,QB,0.6,0.0,0.55,0.55,0.52,0.52,0.129,1.0,0.55,,0.0,0
2026-10-05 00:43:09Z,CAR,in,0.129,Q1 7:17,-3.0,CAR,Carolina Panthers D/ST,DST,4.2,7.0,-2.08,4.92,10.66,10.66,0.08,1.0,4.92,,0.0,0
2026-10-05 00:43:09Z,DET,in,0.129,Q1 7:17,3.0,8250,Tay Martin,WR,0.8,0.0,0.64,0.64,0.7,0.7,0.129,1.0,0.64,,0.0,0
2026-10-05 00:43:09Z,DET,in,0.129,Q1 7:17,3.0,4179,Joshua Dobbs,QB,0.6,0.0,0.49,0.49,0.52,0.52,0.129,1.0,0.49,,0.0,0
2026-10-05 00:43:09Z,DET,in,0.129,Q1 7:17,3.0,9221,Jahmyr Gibbs,RB,25.7,1.0,20.81,21.81,23.39,23.39,0.082,1.0,21.81,,0.0,0
2026-10-05 00:43:09Z,DET,in,0.129,Q1 7:17,3.0,3163,Jared Goff,QB,18.3,1.12,15.17,16.29,17.07,17.07,0.0,1.0,16.29,,0.0,0
2026-10-05 00:43:09Z,DET,in,0.129,Q1 7:17,3.0,8148,Jameson Williams,WR,12.7,1.6,10.37,11.97,12.67,12.67,0.099,1.0,11.97,,0.0,0
2026-10-05 00:43:09Z,DET,in,0.129,Q1 7:17,3.0,7891,Brock Wright,TE,1.5,0.0,1.2,1.2,1.31,1.31,0.129,1.0,1.2,,0.0,0
2026-10-05 00:43:09Z,DET,in,0.129,Q1 7:17,3.0,7547,Amon-Ra St. Brown,WR,20.0,4.2,16.57,20.77,21.63,21.63,0.0,1.0,20.77,,0.0,0
2026-10-05 00:43:09Z,CAR,in,0.129,Q1 7:17,-3.0,12526,Tetairoa McMillan,WR,16.4,4.2,14.96,19.16,18.49,18.49,0.007,1.0,19.16,,0.0,0
2026-10-05 00:43:09Z,CAR,in,0.129,Q1 7:17,-3.0,11646,Jalen Coker,WR,8.5,0.0,7.43,7.43,7.41,7.41,0.129,1.0,7.43,,0.0,0
2026-10-05 00:43:09Z,DET,in,0.129,Q1 7:17,3.0,DET,Detroit Lions D/ST,DST,5.7,11.0,-3.57,7.43,15.97,15.97,0.007,1.0,7.43,,0.0,0
2026-10-05 00:43:09Z,DET,in,0.129,Q1 7:17,3.0,11729,Sione Vaki,RB,2.6,0.0,2.08,2.08,2.27,2.27,0.129,1.0,2.08,,0.0,0
2026-10-05 00:43:09Z,CAR,in,0.129,Q1 7:17,-3.0,11600,Ja'Tavion Sanders,TE,2.7,0.0,2.36,2.36,2.35,2.35,0.129,1.0,2.36,,0.0,0
2026-10-05 00:43:09Z,CAR,in,0.129,Q1 7:17,-3.0,7594,Chuba Hubbard,RB,16.6,-0.3,13.67,13.37,14.17,14.17,0.031,1.0,13.37,,0.0,0
2026-10-05 00:43:09Z,DET,in,0.129,Q1 7:17,3.0,11539,Jake Bates,K,9.5,5.0,8.28,13.28,13.28,13.28,0.08,1.0,13.28,,0.0,0
2026-10-05 00:43:09Z,CAR,in,0.129,Q1 7:17,-3.0,2505,Darren Waller,TE,8.8,0.0,7.69,7.69,7.67,7.67,0.129,1.0,7.69,,0.0,0
2026-10-05 00:44:10Z,CAR,in,0.141,Q1 6:34,-3.0,11157,Brycen Tremayne,WR,5.6,0.0,4.83,4.83,4.81,4.81,0.141,1.0,4.83,,0.0,0
2026-10-05 00:44:10Z,CAR,in,0.141,Q1 6:34,-3.0,12961,Ryan Fitzgerald,K,7.3,0.0,6.27,6.27,6.27,6.27,0.141,1.0,6.27,,0.0,0
2026-10-05 00:44:10Z,DET,in,0.141,Q1 6:34,3.0,12535,Isaac TeSlaa,WR,5.3,0.0,4.17,4.17,4.56,4.56,0.141,1.0,4.17,,0.0,0
2026-10-05 00:44:10Z,DET,in,0.141,Q1 6:34,3.0,10859,Sam LaPorta,TE,13.0,0.0,10.23,10.23,11.17,11.17,0.141,1.0,10.23,,0.0,0
2026-10-05 00:44:10Z,DET,in,0.141,Q1 6:34,3.0,11237,Jacob Saylors,RB,1.7,0.0,1.33,1.33,1.46,1.46,0.141,1.0,1.33,,0.0,0
2026-10-05 00:44:10Z,CAR,in,0.141,Q1 6:34,-3.0,9228,Bryce Young,QB,19.4,1.08,17.62,18.7,17.75,17.75,0.019,1.0,18.7,,0.0,0
2026-10-05 00:44:10Z,CAR,in,0.141,Q1 6:34,-3.0,7694,Tommy Tremble,TE,3.8,1.5,3.49,4.99,4.77,4.77,0.069,1.0,4.99,,0.0,0
2026-10-05 00:44:10Z,CAR,in,0.141,Q1 6:34,-3.0,8160,Kenny Pickett,QB,0.6,0.0,0.54,0.54,0.52,0.52,0.141,1.0,0.54,,0.0,0
2026-10-05 00:44:10Z,CAR,in,0.141,Q1 6:34,-3.0,CAR,Carolina Panthers D/ST,DST,4.2,7.0,-2.03,4.97,10.61,10.61,0.092,1.0,4.97,,0.0,0
2026-10-05 00:44:10Z,DET,in,0.141,Q1 6:34,3.0,8250,Tay Martin,WR,0.8,0.0,0.63,0.63,0.69,0.69,0.141,1.0,0.63,,0.0,0
2026-10-05 00:44:10Z,DET,in,0.141,Q1 6:34,3.0,4179,Joshua Dobbs,QB,0.6,0.0,0.48,0.48,0.52,0.52,0.141,1.0,0.48,,0.0,0
2026-10-05 00:44:10Z,DET,in,0.141,Q1 6:34,3.0,9221,Jahmyr Gibbs,RB,25.7,1.0,20.44,21.44,23.09,23.09,0.094,1.0,21.44,,0.0,0
2026-10-05 00:44:10Z,DET,in,0.141,Q1 6:34,3.0,3163,Jared Goff,QB,18.3,1.12,14.95,16.07,16.85,16.85,0.012,1.0,16.07,,0.0,0
2026-10-05 00:44:10Z,DET,in,0.141,Q1 6:34,3.0,8148,Jameson Williams,WR,12.7,1.6,10.23,11.83,12.51,12.51,0.111,1.0,11.83,,0.0,0
2026-10-05 00:44:10Z,DET,in,0.141,Q1 6:34,3.0,7891,Brock Wright,TE,1.5,0.0,1.18,1.18,1.29,1.29,0.141,1.0,1.18,,0.0,0
2026-10-05 00:44:10Z,DET,in,0.141,Q1 6:34,3.0,7547,Amon-Ra St. Brown,WR,20.0,4.2,16.35,20.55,21.39,21.39,0.012,1.0,20.55,,0.0,0
2026-10-05 00:44:10Z,CAR,in,0.141,Q1 6:34,-3.0,12526,Tetairoa McMillan,WR,16.4,4.2,14.75,18.95,18.29,18.29,0.019,1.0,18.95,,0.0,0
2026-10-05 00:44:10Z,CAR,in,0.141,Q1 6:34,-3.0,11646,Jalen Coker,WR,8.5,0.0,7.33,7.33,7.31,7.31,0.141,1.0,7.33,,0.0,0
2026-10-05 00:44:10Z,DET,in,0.141,Q1 6:34,3.0,DET,Detroit Lions D/ST,DST,5.7,11.0,-3.47,7.53,15.9,15.9,0.019,1.0,7.53,,0.0,0
2026-10-05 00:44:10Z,DET,in,0.141,Q1 6:34,3.0,11729,Sione Vaki,RB,2.6,0.0,2.04,2.04,2.23,2.23,0.141,1.0,2.04,,0.0,0
2026-10-05 00:44:10Z,CAR,in,0.141,Q1 6:34,-3.0,11600,Ja'Tavion Sanders,TE,2.7,0.0,2.33,2.33,2.32,2.32,0.141,1.0,2.33,,0.0,0
2026-10-05 00:44:10Z,CAR,in,0.141,Q1 6:34,-3.0,7594,Chuba Hubbard,RB,16.6,-0.3,13.45,13.15,13.97,13.97,0.043,1.0,13.15,,0.0,0
2026-10-05 00:44:10Z,DET,in,0.141,Q1 6:34,3.0,11539,Jake Bates,K,9.5,5.0,8.16,13.16,13.16,13.16,0.092,1.0,13.16,,0.0,0
2026-10-05 00:44:10Z,CAR,in,0.141,Q1 6:34,-3.0,2505,Darren Waller,TE,8.8,0.0,7.59,7.59,7.56,7.56,0.141,1.0,7.59,,0.0,0
2026-10-05 00:45:10Z,CAR,in,0.15,Q1 5:59,-3.0,11157,Brycen Tremayne,WR,5.6,0.0,4.78,4.78,4.58,4.76,0.15,1.0,4.78,,0.0,0
2026-10-05 00:45:10Z,CAR,in,0.15,Q1 5:59,-3.0,12961,Ryan Fitzgerald,K,7.3,0.0,5.97,5.97,5.97,6.2,0.15,1.0,5.97,,0.0,0
2026-10-05 00:45:10Z,DET,in,0.15,Q1 5:59,3.0,12535,Isaac TeSlaa,WR,5.3,0.0,4.13,4.13,4.33,4.5,0.15,1.0,4.13,,0.0,0
2026-10-05 00:45:10Z,DET,in,0.15,Q1 5:59,3.0,10859,Sam LaPorta,TE,13.0,0.0,10.12,10.12,10.63,11.05,0.15,1.0,10.12,,0.0,0
2026-10-05 00:45:10Z,DET,in,0.15,Q1 5:59,3.0,11237,Jacob Saylors,RB,1.7,0.0,1.31,1.31,1.39,1.44,0.15,1.0,1.31,,0.0,0
2026-10-05 00:45:10Z,CAR,in,0.15,Q1 5:59,-3.0,9228,Bryce Young,QB,19.4,1.08,17.4,18.48,17.17,17.56,0.028,1.0,18.48,,0.0,0
2026-10-05 00:45:10Z,CAR,in,0.15,Q1 5:59,-3.0,7694,Tommy Tremble,TE,3.8,1.5,3.45,4.95,4.93,4.73,0.079,1.0,4.95,,0.0,0
2026-10-05 00:45:10Z,CAR,in,0.15,Q1 5:59,-3.0,8160,Kenny Pickett,QB,0.6,0.0,0.53,0.53,0.49,0.51,0.15,0.999,0.53,,0.0,0
2026-10-05 00:45:10Z,CAR,in,0.15,Q1 5:59,-3.0,CAR,Carolina Panthers D/ST,DST,4.2,7.0,-1.99,5.01,11.92,10.57,0.102,1.0,5.01,,0.0,0
2026-10-05 00:45:10Z,DET,in,0.15,Q1 5:59,3.0,8250,Tay Martin,WR,0.8,0.0,0.62,0.62,0.65,0.68,0.15,1.0,0.62,,0.0,0
2026-10-05 00:45:10Z,DET,in,0.15,Q1 5:59,3.0,4179,Joshua Dobbs,QB,0.6,0.0,0.48,0.48,0.49,0.51,0.15,0.999,0.48,,0.0,0
2026-10-05 00:45:10Z,DET,in,0.15,Q1 5:59,3.0,9221,Jahmyr Gibbs,RB,25.7,1.0,20.15,21.15,22.23,22.84,0.104,1.0,21.15,,0.0,0
2026-10-05 00:45:10Z,DET,in,0.15,Q1 5:59,3.0,3163,Jared Goff,QB,18.3,1.16,14.78,15.94,16.37,16.71,0.0,1.0,15.94,,0.0,0
2026-10-05 00:45:10Z,DET,in,0.15,Q1 5:59,3.0,8148,Jameson Williams,WR,12.7,1.6,10.11,11.71,12.33,12.39,0.121,1.0,11.71,,0.0,0
2026-10-05 00:45:10Z,DET,in,0.15,Q1 5:59,3.0,7891,Brock Wright,TE,1.5,0.0,1.17,1.17,1.23,1.27,0.15,1.0,1.17,,0.0,0
2026-10-05 00:45:10Z,DET,in,0.15,Q1 5:59,3.0,7547,Amon-Ra St. Brown,WR,20.0,4.3,16.18,20.48,21.57,21.29,0.0,1.0,20.48,,0.0,0
2026-10-05 00:45:10Z,CAR,in,0.15,Q1 5:59,-3.0,12526,Tetairoa McMillan,WR,16.4,4.2,14.58,18.78,18.5,18.14,0.028,1.0,18.78,,0.0,0
2026-10-05 00:45:10Z,CAR,in,0.15,Q1 5:59,-3.0,11646,Jalen Coker,WR,8.5,0.0,7.25,7.25,6.95,7.22,0.15,1.0,7.25,,0.0,0
2026-10-05 00:45:10Z,DET,in,0.15,Q1 5:59,3.0,DET,Detroit Lions D/ST,DST,5.7,11.0,-3.4,7.6,18.0,15.84,0.028,1.0,7.6,,0.0,0
2026-10-05 00:45:10Z,DET,in,0.15,Q1 5:59,3.0,11729,Sione Vaki,RB,2.6,0.0,2.01,2.01,2.13,2.21,0.15,1.0,2.01,,0.0,0
2026-10-05 00:45:10Z,CAR,in,0.15,Q1 5:59,-3.0,11600,Ja'Tavion Sanders,TE,2.7,0.0,2.3,2.3,2.21,2.29,0.15,1.0,2.3,,0.0,0
2026-10-05 00:45:10Z,CAR,in,0.15,Q1 5:59,-3.0,7594,Chuba Hubbard,RB,16.6,-0.3,13.26,12.96,13.21,13.81,0.053,1.0,12.96,,0.0,0
2026-10-05 00:45:10Z,DET,in,0.15,Q1 5:59,3.0,11539,Jake Bates,K,9.5,5.0,8.83,13.83,13.83,13.07,0.102,1.0,13.83,,0.0,0
2026-10-05 00:45:10Z,CAR,in,0.15,Q1 5:59,-3.0,2505,Darren Waller,TE,8.8,0.0,7.51,7.51,7.2,7.48,0.15,1.0,7.51,,0.0,0
2026-10-05 00:46:11Z,CAR,in,0.153,Q1 5:50,-3.0,11157,Brycen Tremayne,WR,5.6,0.0,4.76,4.76,4.56,4.74,0.153,1.0,4.76,,0.0,0
2026-10-05 00:46:11Z,CAR,in,0.153,Q1 5:50,-3.0,12961,Ryan Fitzgerald,K,7.3,0.0,5.95,5.95,5.95,6.18,0.153,1.0,5.95,,0.0,0
2026-10-05 00:46:11Z,DET,in,0.153,Q1 5:50,3.0,12535,Isaac TeSlaa,WR,5.3,0.0,4.11,4.11,4.32,4.49,0.153,1.0,4.11,,0.0,0
2026-10-05 00:46:11Z,DET,in,0.153,Q1 5:50,3.0,10859,Sam LaPorta,TE,13.0,0.0,10.09,10.09,10.59,11.01,0.153,1.0,10.09,,0.0,0
2026-10-05 00:46:11Z,DET,in,0.153,Q1 5:50,3.0,11237,Jacob Saylors,RB,1.7,0.0,1.31,1.31,1.39,1.44,0.153,1.0,1.31,,0.0,0
2026-10-05 00:46:11Z,CAR,in,0.153,Q1 5:50,-3.0,9228,Bryce Young,QB,19.4,1.08,17.34,18.42,17.12,17.52,0.031,1.0,18.42,,0.0,0
2026-10-05 00:46:11Z,CAR,in,0.153,Q1 5:50,-3.0,7694,Tommy Tremble,TE,3.8,1.5,3.44,4.94,4.91,4.72,0.082,1.0,4.94,,0.0,0
2026-10-05 00:46:11Z,CAR,in,0.153,Q1 5:50,-3.0,8160,Kenny Pickett,QB,0.6,0.0,0.53,0.53,0.49,0.51,0.153,0.992,0.52,,0.0,0
2026-10-05 00:46:11Z,CAR,in,0.153,Q1 5:50,-3.0,CAR,Carolina Panthers D/ST,DST,4.2,7.0,-1.99,5.01,11.91,10.56,0.104,1.0,5.01,,0.0,0
2026-10-05 00:46:11Z,DET,in,0.153,Q1 5:50,3.0,8250,Tay Martin,WR,0.8,0.0,0.62,0.62,0.65,0.68,0.153,1.0,0.62,,0.0,0
2026-10-05 00:46:11Z,DET,in,0.153,Q1 5:50,3.0,4179,Joshua Dobbs,QB,0.6,0.0,0.47,0.47,0.49,0.51,0.153,0.992,0.47,,0.0,0
2026-10-05 00:46:11Z,DET,in,0.153,Q1 5:50,3.0,9221,Jahmyr Gibbs,RB,25.7,1.0,20.08,21.08,22.15,22.77,0.106,1.0,21.08,,0.0,0
2026-10-05 00:46:11Z,DET,in,0.153,Q1 5:50,3.0,3163,Jared Goff,QB,18.3,1.16,14.73,15.89,16.32,16.66,0.003,1.0,15.89,,0.0,0
2026-10-05 00:46:11Z,DET,in,0.153,Q1 5:50,3.0,8148,Jameson Williams,WR,12.7,1.6,10.09,11.69,12.29,12.36,0.124,1.0,11.69,,0.0,0
2026-10-05 00:46:11Z,DET,in,0.153,Q1 5:50,3.0,7891,Brock Wright,TE,1.5,0.0,1.16,1.16,1.22,1.27,0.153,1.0,1.16,,0.0,0
2026-10-05 00:46:11Z,DET,in,0.153,Q1 5:50,3.0,7547,Amon-Ra St. Brown,WR,20.0,4.3,16.13,20.43,21.51,21.24,0.003,1.0,20.43,,0.0,0
2026-10-05 00:46:11Z,CAR,in,0.153,Q1 5:50,-3.0,12526,Tetairoa McMillan,WR,16.4,4.2,14.54,18.74,18.45,18.09,0.031,1.0,18.74,,0.0,0
2026-10-05 00:46:11Z,CAR,in,0.153,Q1 5:50,-3.0,11646,Jalen Coker,WR,8.5,0.0,7.23,7.23,6.93,7.2,0.153,1.0,7.23,,0.0,0
2026-10-05 00:46:11Z,DET,in,0.153,Q1 5:50,3.0,DET,Detroit Lions D/ST,DST,5.7,11.0,-3.39,7.61,17.97,15.83,0.031,1.0,7.61,,0.0,0
2026-10-05 00:46:11Z,DET,in,0.153,Q1 5:50,3.0,11729,Sione Vaki,RB,2.6,0.0,2.0,2.0,2.12,2.2,0.153,1.0,2.0,,0.0,0
2026-10-05 00:46:11Z,CAR,in,0.153,Q1 5:50,-3.0,11600,Ja'Tavion Sanders,TE,2.7,0.0,2.3,2.3,2.2,2.29,0.153,1.0,2.3,,0.0,0
2026-10-05 00:46:11Z,CAR,in,0.153,Q1 5:50,-3.0,7594,Chuba Hubbard,RB,16.6,-0.3,13.22,12.92,13.16,13.76,0.056,1.0,12.92,,0.0,0
2026-10-05 00:46:11Z,DET,in,0.153,Q1 5:50,3.0,11539,Jake Bates,K,9.5,5.0,8.8,13.8,13.8,13.05,0.104,1.0,13.8,,0.0,0
2026-10-05 00:46:11Z,CAR,in,0.153,Q1 5:50,-3.0,2505,Darren Waller,TE,8.8,0.0,7.48,7.48,7.17,7.46,0.153,1.0,7.48,,0.0,0
2026-10-05 00:47:11Z,CAR,in,0.153,Q1 5:50,-3.0,11157,Brycen Tremayne,WR,5.6,0.0,4.76,4.76,4.56,4.74,0.153,1.0,4.76,,0.0,0
2026-10-05 00:47:11Z,CAR,in,0.153,Q1 5:50,-3.0,12961,Ryan Fitzgerald,K,7.3,0.0,5.95,5.95,5.95,6.18,0.153,1.0,5.95,,0.0,0
2026-10-05 00:47:11Z,DET,in,0.153,Q1 5:50,3.0,12535,Isaac TeSlaa,WR,5.3,0.0,4.11,4.11,4.32,4.49,0.153,1.0,4.11,,0.0,0
2026-10-05 00:47:11Z,DET,in,0.153,Q1 5:50,3.0,10859,Sam LaPorta,TE,13.0,0.0,10.09,10.09,10.59,11.01,0.153,1.0,10.09,,0.0,0
2026-10-05 00:47:11Z,DET,in,0.153,Q1 5:50,3.0,11237,Jacob Saylors,RB,1.7,0.0,1.31,1.31,1.39,1.44,0.153,1.0,1.31,,0.0,0
2026-10-05 00:47:11Z,CAR,in,0.153,Q1 5:50,-3.0,9228,Bryce Young,QB,19.4,1.08,17.34,18.42,17.12,17.52,0.031,1.0,18.42,,0.0,0
2026-10-05 00:47:11Z,CAR,in,0.153,Q1 5:50,-3.0,7694,Tommy Tremble,TE,3.8,1.5,3.44,4.94,4.91,4.72,0.082,1.0,4.94,,0.0,0
2026-10-05 00:47:11Z,CAR,in,0.153,Q1 5:50,-3.0,8160,Kenny Pickett,QB,0.6,0.0,0.53,0.53,0.49,0.51,0.153,0.992,0.52,,0.0,0
2026-10-05 00:47:11Z,CAR,in,0.153,Q1 5:50,-3.0,CAR,Carolina Panthers D/ST,DST,4.2,7.0,-1.99,5.01,11.91,10.56,0.104,1.0,5.01,,0.0,0
2026-10-05 00:47:11Z,DET,in,0.153,Q1 5:50,3.0,8250,Tay Martin,WR,0.8,0.0,0.62,0.62,0.65,0.68,0.153,1.0,0.62,,0.0,0
2026-10-05 00:47:11Z,DET,in,0.153,Q1 5:50,3.0,4179,Joshua Dobbs,QB,0.6,0.0,0.47,0.47,0.49,0.51,0.153,0.992,0.47,,0.0,0
2026-10-05 00:47:11Z,DET,in,0.153,Q1 5:50,3.0,9221,Jahmyr Gibbs,RB,25.7,1.0,20.08,21.08,22.15,22.77,0.106,1.0,21.08,,0.0,0
2026-10-05 00:47:11Z,DET,in,0.153,Q1 5:50,3.0,3163,Jared Goff,QB,18.3,1.16,14.73,15.89,16.32,16.66,0.003,1.0,15.89,,0.0,0
2026-10-05 00:47:11Z,DET,in,0.153,Q1 5:50,3.0,8148,Jameson Williams,WR,12.7,1.6,10.09,11.69,12.29,12.36,0.124,1.0,11.69,,0.0,0
2026-10-05 00:47:11Z,DET,in,0.153,Q1 5:50,3.0,7891,Brock Wright,TE,1.5,0.0,1.16,1.16,1.22,1.27,0.153,1.0,1.16,,0.0,0
2026-10-05 00:47:11Z,DET,in,0.153,Q1 5:50,3.0,7547,Amon-Ra St. Brown,WR,20.0,4.3,16.13,20.43,21.51,21.24,0.003,1.0,20.43,,0.0,0
2026-10-05 00:47:11Z,CAR,in,0.153,Q1 5:50,-3.0,12526,Tetairoa McMillan,WR,16.4,4.2,14.54,18.74,18.45,18.09,0.031,1.0,18.74,,0.0,0
2026-10-05 00:47:11Z,CAR,in,0.153,Q1 5:50,-3.0,11646,Jalen Coker,WR,8.5,0.0,7.23,7.23,6.93,7.2,0.153,1.0,7.23,,0.0,0
2026-10-05 00:47:11Z,DET,in,0.153,Q1 5:50,3.0,DET,Detroit Lions D/ST,DST,5.7,11.0,-3.39,7.61,17.97,15.83,0.031,1.0,7.61,,0.0,0
2026-10-05 00:47:11Z,DET,in,0.153,Q1 5:50,3.0,11729,Sione Vaki,RB,2.6,0.0,2.0,2.0,2.12,2.2,0.153,1.0,2.0,,0.0,0
2026-10-05 00:47:11Z,CAR,in,0.153,Q1 5:50,-3.0,11600,Ja'Tavion Sanders,TE,2.7,0.0,2.3,2.3,2.2,2.29,0.153,1.0,2.3,,0.0,0
2026-10-05 00:47:11Z,CAR,in,0.153,Q1 5:50,-3.0,7594,Chuba Hubbard,RB,16.6,-0.3,13.22,12.92,13.16,13.76,0.056,1.0,12.92,,0.0,0
2026-10-05 00:47:11Z,DET,in,0.153,Q1 5:50,3.0,11539,Jake Bates,K,9.5,5.0,8.8,13.8,13.8,13.05,0.104,1.0,13.8,,0.0,0
2026-10-05 00:47:11Z,CAR,in,0.153,Q1 5:50,-3.0,2505,Darren Waller,TE,8.8,0.0,7.48,7.48,7.17,7.46,0.153,1.0,7.48,,0.0,0
2026-10-05 00:48:12Z,CAR,in,0.153,Q1 5:50,-3.0,11157,Brycen Tremayne,WR,5.6,0.0,4.76,4.76,4.56,4.74,0.153,1.0,4.76,,0.0,0
2026-10-05 00:48:12Z,CAR,in,0.153,Q1 5:50,-3.0,12961,Ryan Fitzgerald,K,7.3,0.0,5.95,5.95,5.95,6.18,0.153,1.0,5.95,,0.0,0
2026-10-05 00:48:12Z,DET,in,0.153,Q1 5:50,3.0,12535,Isaac TeSlaa,WR,5.3,0.0,4.11,4.11,4.32,4.49,0.153,1.0,4.11,,0.0,0
2026-10-05 00:48:12Z,DET,in,0.153,Q1 5:50,3.0,10859,Sam LaPorta,TE,13.0,0.0,10.09,10.09,10.59,11.01,0.153,1.0,10.09,,0.0,0
2026-10-05 00:48:12Z,DET,in,0.153,Q1 5:50,3.0,11237,Jacob Saylors,RB,1.7,0.0,1.31,1.31,1.39,1.44,0.153,1.0,1.31,,0.0,0
2026-10-05 00:48:12Z,CAR,in,0.153,Q1 5:50,-3.0,9228,Bryce Young,QB,19.4,1.08,17.34,18.42,17.12,17.52,0.031,1.0,18.42,,0.0,0
2026-10-05 00:48:12Z,CAR,in,0.153,Q1 5:50,-3.0,7694,Tommy Tremble,TE,3.8,1.5,3.44,4.94,4.91,4.72,0.082,1.0,4.94,,0.0,0
2026-10-05 00:48:12Z,CAR,in,0.153,Q1 5:50,-3.0,8160,Kenny Pickett,QB,0.6,0.0,0.53,0.53,0.49,0.51,0.153,0.992,0.52,,0.0,0
2026-10-05 00:48:12Z,CAR,in,0.153,Q1 5:50,-3.0,CAR,Carolina Panthers D/ST,DST,4.2,7.0,-1.99,5.01,11.91,10.56,0.104,1.0,5.01,,0.0,0
2026-10-05 00:48:12Z,DET,in,0.153,Q1 5:50,3.0,8250,Tay Martin,WR,0.8,0.0,0.62,0.62,0.65,0.68,0.153,1.0,0.62,,0.0,0
2026-10-05 00:48:12Z,DET,in,0.153,Q1 5:50,3.0,4179,Joshua Dobbs,QB,0.6,0.0,0.47,0.47,0.49,0.51,0.153,0.992,0.47,,0.0,0
2026-10-05 00:48:12Z,DET,in,0.153,Q1 5:50,3.0,9221,Jahmyr Gibbs,RB,25.7,2.4,20.47,22.87,23.85,24.17,0.0,1.0,22.87,,0.0,0
2026-10-05 00:48:12Z,DET,in,0.153,Q1 5:50,3.0,3163,Jared Goff,QB,18.3,1.32,14.77,16.09,16.51,16.82,0.0,1.0,16.09,,0.0,0
2026-10-05 00:48:12Z,DET,in,0.153,Q1 5:50,3.0,8148,Jameson Williams,WR,12.7,1.6,10.09,11.69,12.29,12.36,0.124,1.0,11.69,,0.0,0
2026-10-05 00:48:12Z,DET,in,0.153,Q1 5:50,3.0,7891,Brock Wright,TE,1.5,0.0,1.16,1.16,1.22,1.27,0.153,1.0,1.16,,0.0,0
2026-10-05 00:48:12Z,DET,in,0.153,Q1 5:50,3.0,7547,Amon-Ra St. Brown,WR,20.0,4.3,16.13,20.43,21.51,21.24,0.003,1.0,20.43,,0.0,0
2026-10-05 00:48:12Z,CAR,in,0.153,Q1 5:50,-3.0,12526,Tetairoa McMillan,WR,16.4,4.2,14.54,18.74,18.45,18.09,0.031,1.0,18.74,,0.0,0
2026-10-05 00:48:12Z,CAR,in,0.153,Q1 5:50,-3.0,11646,Jalen Coker,WR,8.5,0.0,7.23,7.23,6.93,7.2,0.153,1.0,7.23,,0.0,0
2026-10-05 00:48:12Z,DET,in,0.153,Q1 5:50,3.0,DET,Detroit Lions D/ST,DST,5.7,11.0,-3.39,7.61,17.97,15.83,0.031,1.0,7.61,,0.0,0
2026-10-05 00:48:12Z,DET,in,0.153,Q1 5:50,3.0,11729,Sione Vaki,RB,2.6,0.0,2.0,2.0,2.12,2.2,0.153,1.0,2.0,,0.0,0
2026-10-05 00:48:12Z,CAR,in,0.153,Q1 5:50,-3.0,11600,Ja'Tavion Sanders,TE,2.7,0.0,2.3,2.3,2.2,2.29,0.153,1.0,2.3,,0.0,0
2026-10-05 00:48:12Z,CAR,in,0.153,Q1 5:50,-3.0,7594,Chuba Hubbard,RB,16.6,-0.3,13.22,12.92,13.16,13.76,0.056,1.0,12.92,,0.0,0
2026-10-05 00:48:12Z,DET,in,0.153,Q1 5:50,3.0,11539,Jake Bates,K,9.5,5.0,8.8,13.8,13.8,13.05,0.104,1.0,13.8,,0.0,0
2026-10-05 00:48:12Z,CAR,in,0.153,Q1 5:50,-3.0,2505,Darren Waller,TE,8.8,0.0,7.48,7.48,7.17,7.46,0.153,1.0,7.48,,0.0,0
2026-10-05 00:49:12Z,CAR,in,0.153,Q1 5:50,-3.0,11157,Brycen Tremayne,WR,5.6,0.0,4.76,4.76,4.56,4.74,0.153,1.0,4.76,,0.0,0
2026-10-05 00:49:12Z,CAR,in,0.153,Q1 5:50,-3.0,12961,Ryan Fitzgerald,K,7.3,0.0,5.95,5.95,5.95,6.18,0.153,1.0,5.95,,0.0,0
2026-10-05 00:49:12Z,DET,in,0.153,Q1 5:50,3.0,12535,Isaac TeSlaa,WR,5.3,0.0,4.11,4.11,4.32,4.49,0.153,1.0,4.11,,0.0,0
2026-10-05 00:49:12Z,DET,in,0.153,Q1 5:50,3.0,10859,Sam LaPorta,TE,13.0,0.0,10.09,10.09,10.59,11.01,0.153,1.0,10.09,,0.0,0
2026-10-05 00:49:12Z,DET,in,0.153,Q1 5:50,3.0,11237,Jacob Saylors,RB,1.7,0.0,1.31,1.31,1.39,1.44,0.153,1.0,1.31,,0.0,0
2026-10-05 00:49:12Z,CAR,in,0.153,Q1 5:50,-3.0,9228,Bryce Young,QB,19.4,1.08,17.34,18.42,17.12,17.52,0.031,1.0,18.42,,0.0,0
2026-10-05 00:49:12Z,CAR,in,0.153,Q1 5:50,-3.0,7694,Tommy Tremble,TE,3.8,1.5,3.44,4.94,4.91,4.72,0.082,1.0,4.94,,0.0,0
2026-10-05 00:49:12Z,CAR,in,0.153,Q1 5:50,-3.0,8160,Kenny Pickett,QB,0.6,0.0,0.53,0.53,0.49,0.51,0.153,0.992,0.52,,0.0,0
2026-10-05 00:49:12Z,CAR,in,0.153,Q1 5:50,-3.0,CAR,Carolina Panthers D/ST,DST,4.2,7.0,-1.99,5.01,11.91,10.56,0.104,1.0,5.01,,0.0,0
2026-10-05 00:49:12Z,DET,in,0.153,Q1 5:50,3.0,8250,Tay Martin,WR,0.8,0.0,0.62,0.62,0.65,0.68,0.153,1.0,0.62,,0.0,0
2026-10-05 00:49:12Z,DET,in,0.153,Q1 5:50,3.0,4179,Joshua Dobbs,QB,0.6,0.0,0.47,0.47,0.49,0.51,0.153,0.992,0.47,,0.0,0
2026-10-05 00:49:12Z,DET,in,0.153,Q1 5:50,3.0,9221,Jahmyr Gibbs,RB,25.7,2.4,20.47,22.87,23.85,24.17,0.0,1.0,22.87,,0.0,0
2026-10-05 00:49:12Z,DET,in,0.153,Q1 5:50,3.0,3163,Jared Goff,QB,18.3,1.32,14.77,16.09,16.51,16.82,0.0,1.0,16.09,,0.0,0
2026-10-05 00:49:12Z,DET,in,0.153,Q1 5:50,3.0,8148,Jameson Williams,WR,12.7,1.6,10.09,11.69,12.29,12.36,0.124,1.0,11.69,,0.0,0
2026-10-05 00:49:12Z,DET,in,0.153,Q1 5:50,3.0,7891,Brock Wright,TE,1.5,0.0,1.16,1.16,1.22,1.27,0.153,1.0,1.16,,0.0,0
2026-10-05 00:49:12Z,DET,in,0.153,Q1 5:50,3.0,7547,Amon-Ra St. Brown,WR,20.0,4.3,16.13,20.43,21.51,21.24,0.003,1.0,20.43,,0.0,0
2026-10-05 00:49:12Z,CAR,in,0.153,Q1 5:50,-3.0,12526,Tetairoa McMillan,WR,16.4,4.2,14.54,18.74,18.45,18.09,0.031,1.0,18.74,,0.0,0
2026-10-05 00:49:12Z,CAR,in,0.153,Q1 5:50,-3.0,11646,Jalen Coker,WR,8.5,0.0,7.23,7.23,6.93,7.2,0.153,1.0,7.23,,0.0,0
2026-10-05 00:49:12Z,DET,in,0.153,Q1 5:50,3.0,DET,Detroit Lions D/ST,DST,5.7,11.0,-3.39,7.61,17.97,15.83,0.031,1.0,7.61,,0.0,0
2026-10-05 00:49:12Z,DET,in,0.153,Q1 5:50,3.0,11729,Sione Vaki,RB,2.6,0.0,2.0,2.0,2.12,2.2,0.153,1.0,2.0,,0.0,0
2026-10-05 00:49:12Z,CAR,in,0.153,Q1 5:50,-3.0,11600,Ja'Tavion Sanders,TE,2.7,0.0,2.3,2.3,2.2,2.29,0.153,1.0,2.3,,0.0,0
2026-10-05 00:49:12Z,CAR,in,0.153,Q1 5:50,-3.0,7594,Chuba Hubbard,RB,16.6,-0.3,13.22,12.92,13.16,13.76,0.056,1.0,12.92,,0.0,0
2026-10-05 00:49:12Z,DET,in,0.153,Q1 5:50,3.0,11539,Jake Bates,K,9.5,5.0,8.8,13.8,13.8,13.05,0.104,1.0,13.8,,0.0,0
2026-10-05 00:49:12Z,CAR,in,0.153,Q1 5:50,-3.0,2505,Darren Waller,TE,8.8,0.0,7.48,7.48,7.17,7.46,0.153,1.0,7.48,,0.0,0
2026-10-05 00:50:13Z,CAR,in,0.168,Q1 4:56,-3.0,11157,Brycen Tremayne,WR,5.6,0.0,4.68,4.68,4.46,4.66,0.168,1.0,4.68,,0.0,0
2026-10-05 00:50:13Z,CAR,in,0.168,Q1 4:56,-3.0,12961,Ryan Fitzgerald,K,7.3,0.0,5.82,5.82,5.82,6.08,0.168,1.0,5.82,,0.0,0
2026-10-05 00:50:13Z,DET,in,0.168,Q1 4:56,3.0,12535,Isaac TeSlaa,WR,5.3,0.0,4.04,4.04,4.23,4.41,0.168,1.0,4.04,,0.0,0
2026-10-05 00:50:13Z,DET,in,0.168,Q1 4:56,3.0,10859,Sam LaPorta,TE,13.0,0.0,9.92,9.92,10.37,10.82,0.168,1.0,9.92,,0.0,0
2026-10-05 00:50:13Z,DET,in,0.168,Q1 4:56,3.0,11237,Jacob Saylors,RB,1.7,0.0,1.28,1.28,1.36,1.41,0.168,1.0,1.28,,0.0,0
2026-10-05 00:50:13Z,CAR,in,0.168,Q1 4:56,-3.0,9228,Bryce Young,QB,19.4,1.44,17.09,18.53,17.21,17.59,0.0,1.0,18.53,,0.0,0
2026-10-05 00:50:13Z,CAR,in,0.168,Q1 4:56,-3.0,7694,Tommy Tremble,TE,3.8,1.5,3.38,4.88,4.84,4.66,0.097,1.0,4.88,,0.0,0
2026-10-05 00:50:13Z,CAR,in,0.168,Q1 4:56,-3.0,8160,Kenny Pickett,QB,0.6,0.0,0.52,0.52,0.48,0.5,0.168,0.947,0.49,,0.0,0
2026-10-05 00:50:13Z,CAR,in,0.168,Q1 4:56,-3.0,CAR,Carolina Panthers D/ST,DST,4.2,7.0,-1.94,5.06,11.81,10.5,0.119,1.0,5.06,,0.0,0
2026-10-05 00:50:13Z,DET,in,0.168,Q1 4:56,3.0,8250,Tay Martin,WR,0.8,0.0,0.61,0.61,0.64,0.67,0.168,1.0,0.61,,0.0,0
2026-10-05 00:50:13Z,DET,in,0.168,Q1 4:56,3.0,4179,Joshua Dobbs,QB,0.6,0.0,0.46,0.46,0.48,0.5,0.168,0.947,0.44,,0.0,0
2026-10-05 00:50:13Z,DET,in,0.168,Q1 4:56,3.0,9221,Jahmyr Gibbs,RB,25.7,2.4,20.02,22.42,23.39,23.79,0.015,1.0,22.42,,0.0,0
2026-10-05 00:50:13Z,DET,in,0.168,Q1 4:56,3.0,3163,Jared Goff,QB,18.3,1.32,14.48,15.8,16.19,16.55,0.015,1.0,15.8,,0.0,0
2026-10-05 00:50:13Z,DET,in,0.168,Q1 4:56,3.0,8148,Jameson Williams,WR,12.7,1.6,9.91,11.51,12.06,12.17,0.139,1.0,11.51,,0.0,0
2026-10-05 00:50:13Z,DET,in,0.168,Q1 4:56,3.0,7891,Brock Wright,TE,1.5,0.0,1.14,1.14,1.2,1.25,0.168,1.0,1.14,,0.0,0
2026-10-05 00:50:13Z,DET,in,0.168,Q1 4:56,3.0,7547,Amon-Ra St. Brown,WR,20.0,4.3,15.85,20.15,21.14,20.94,0.017,1.0,20.15,,0.0,0
2026-10-05 00:50:13Z,CAR,in,0.168,Q1 4:56,-3.0,12526,Tetairoa McMillan,WR,16.4,6.1,14.54,20.64,20.45,19.75,0.0,1.0,20.64,,0.0,0
2026-10-05 00:50:13Z,CAR,in,0.168,Q1 4:56,-3.0,11646,Jalen Coker,WR,8.5,0.0,7.1,7.1,6.78,7.07,0.168,1.0,7.1,,0.0,0
2026-10-05 00:50:13Z,DET,in,0.168,Q1 4:56,3.0,DET,Detroit Lions D/ST,DST,5.7,11.0,-3.3,7.7,17.83,15.74,0.046,1.0,7.7,,0.0,0
2026-10-05 00:50:13Z,DET,in,0.168,Q1 4:56,3.0,11729,Sione Vaki,RB,2.6,0.0,1.96,1.96,2.07,2.16,0.168,1.0,1.96,,0.0,0
2026-10-05 00:50:13Z,CAR,in,0.168,Q1 4:56,-3.0,11600,Ja'Tavion Sanders,TE,2.7,0.0,2.26,2.26,2.15,2.25,0.168,1.0,2.26,,0.0,0
2026-10-05 00:50:13Z,CAR,in,0.168,Q1 4:56,-3.0,7594,Chuba Hubbard,RB,16.6,0.0,13.02,13.02,13.24,13.81,0.0,1.0,13.02,,0.0,0
2026-10-05 00:50:13Z,DET,in,0.168,Q1 4:56,3.0,11539,Jake Bates,K,9.5,5.0,8.61,13.61,13.61,12.91,0.119,1.0,13.61,,0.0,0
2026-10-05 00:50:13Z,CAR,in,0.168,Q1 4:56,-3.0,2505,Darren Waller,TE,8.8,0.0,7.35,7.35,7.02,7.32,0.168,1.0,7.35,,0.0,0
2026-10-05 00:51:13Z,CAR,in,0.177,Q1 4:23,-3.0,11157,Brycen Tremayne,WR,5.6,0.0,4.63,4.63,4.41,4.61,0.177,1.0,4.63,,0.0,0
2026-10-05 00:51:13Z,CAR,in,0.177,Q1 4:23,-3.0,12961,Ryan Fitzgerald,K,7.3,0.0,5.74,5.74,5.74,6.01,0.177,1.0,5.74,,0.0,0
2026-10-05 00:51:13Z,DET,in,0.177,Q1 4:23,3.0,12535,Isaac TeSlaa,WR,5.3,0.0,4.0,4.0,4.17,4.36,0.177,1.0,4.0,,0.0,0
2026-10-05 00:51:13Z,DET,in,0.177,Q1 4:23,3.0,10859,Sam LaPorta,TE,13.0,0.0,9.81,9.81,10.23,10.7,0.177,1.0,9.81,,0.0,0
2026-10-05 00:51:13Z,DET,in,0.177,Q1 4:23,3.0,11237,Jacob Saylors,RB,1.7,0.0,1.26,1.26,1.34,1.4,0.177,1.0,1.26,,0.0,0
2026-10-05 00:51:13Z,CAR,in,0.177,Q1 4:23,-3.0,9228,Bryce Young,QB,19.4,2.04,17.03,19.07,17.72,18.01,0.0,1.0,19.07,,0.0,0
2026-10-05 00:51:13Z,CAR,in,0.177,Q1 4:23,-3.0,7694,Tommy Tremble,TE,3.8,1.5,3.34,4.84,4.8,4.63,0.106,1.0,4.84,,0.0,0
2026-10-05 00:51:13Z,CAR,in,0.177,Q1 4:23,-3.0,8160,Kenny Pickett,QB,0.6,0.0,0.51,0.51,0.47,0.49,0.177,0.3,0.15,,0.0,0
2026-10-05 00:51:13Z,CAR,in,0.177,Q1 4:23,-3.0,CAR,Carolina Panthers D/ST,DST,4.2,7.0,-1.92,5.08,11.74,10.46,0.128,1.0,5.08,,0.0,0
2026-10-05 00:51:13Z,DET,in,0.177,Q1 4:23,3.0,8250,Tay Martin,WR,0.8,0.0,0.6,0.6,0.63,0.66,0.177,1.0,0.6,,0.0,0
2026-10-05 00:51:13Z,DET,in,0.177,Q1 4:23,3.0,4179,Joshua Dobbs,QB,0.6,0.0,0.46,0.46,0.47,0.49,0.177,0.919,0.42,,0.0,0
2026-10-05 00:51:13Z,DET,in,0.177,Q1 4:23,3.0,9221,Jahmyr Gibbs,RB,25.7,2.4,19.74,22.14,23.11,23.55,0.024,1.0,22.14,,0.0,0
2026-10-05 00:51:13Z,DET,in,0.177,Q1 4:23,3.0,3163,Jared Goff,QB,18.3,1.32,14.31,15.63,15.99,16.38,0.024,1.0,15.63,,0.0,0
2026-10-05 00:51:13Z,DET,in,0.177,Q1 4:23,3.0,8148,Jameson Williams,WR,12.7,1.6,9.8,11.4,11.92,12.05,0.148,1.0,11.4,,0.0,0
2026-10-05 00:51:13Z,DET,in,0.177,Q1 4:23,3.0,7891,Brock Wright,TE,1.5,0.0,1.13,1.13,1.18,1.23,0.177,1.0,1.13,,0.0,0
2026-10-05 00:51:13Z,DET,in,0.177,Q1 4:23,3.0,7547,Amon-Ra St. Brown,WR,20.0,4.3,15.68,19.98,20.92,20.76,0.027,1.0,19.98,,0.0,0
2026-10-05 00:51:13Z,CAR,in,0.177,Q1 4:23,-3.0,12526,Tetairoa McMillan,WR,16.4,6.1,14.38,20.48,20.26,19.6,0.009,1.0,20.48,,0.0,0
2026-10-05 00:51:13Z,CAR,in,0.177,Q1 4:23,-3.0,11646,Jalen Coker,WR,8.5,0.0,7.03,7.03,6.69,7.0,0.177,1.0,7.03,,0.0,0
2026-10-05 00:51:13Z,DET,in,0.177,Q1 4:23,3.0,DET,Detroit Lions D/ST,DST,5.7,11.0,-3.25,7.75,17.75,15.69,0.055,1.0,7.75,,0.0,0
2026-10-05 00:51:13Z,DET,in,0.177,Q1 4:23,3.0,11729,Sione Vaki,RB,2.6,0.0,1.93,1.93,2.05,2.14,0.177,1.0,1.93,,0.0,0
2026-10-05 00:51:13Z,CAR,in,0.177,Q1 4:23,-3.0,11600,Ja'Tavion Sanders,TE,2.7,0.0,2.23,2.23,2.12,2.22,0.177,1.0,2.23,,0.0,0
2026-10-05 00:51:13Z,CAR,in,0.177,Q1 4:23,-3.0,7594,Chuba Hubbard,RB,16.6,0.6,13.02,13.62,13.78,14.26,0.0,1.0,13.62,,0.0,0
2026-10-05 00:51:13Z,DET,in,0.177,Q1 4:23,3.0,11539,Jake Bates,K,9.5,5.0,8.5,13.5,13.5,12.82,0.128,1.0,13.5,,0.0,0
2026-10-05 00:51:13Z,CAR,in,0.177,Q1 4:23,-3.0,2505,Darren Waller,TE,8.8,0.0,7.27,7.27,6.92,7.24,0.177,1.0,7.27,,0.0,0
2026-10-05 00:52:14Z,CAR,in,0.186,Q1 3:50,-3.0,11157,Brycen Tremayne,WR,5.6,0.0,4.58,4.58,4.35,4.56,0.186,1.0,4.58,,0.0,0
2026-10-05 00:52:14Z,CAR,in,0.186,Q1 3:50,-3.0,12961,Ryan Fitzgerald,K,7.3,0.0,5.66,5.66,5.66,5.94,0.186,1.0,5.66,,0.0,0
2026-10-05 00:52:14Z,DET,in,0.186,Q1 3:50,3.0,12535,Isaac TeSlaa,WR,5.3,0.0,3.96,3.96,4.11,4.31,0.186,1.0,3.96,,0.0,0
2026-10-05 00:52:14Z,DET,in,0.186,Q1 3:50,3.0,10859,Sam LaPorta,TE,13.0,0.0,9.71,9.71,10.09,10.58,0.186,1.0,9.71,,0.0,0
2026-10-05 00:52:14Z,DET,in,0.186,Q1 3:50,3.0,11237,Jacob Saylors,RB,1.7,0.0,1.24,1.24,1.32,1.38,0.186,1.0,1.24,,0.0,0
2026-10-05 00:52:14Z,CAR,in,0.186,Q1 3:50,-3.0,9228,Bryce Young,QB,19.4,2.34,16.89,19.23,17.87,18.13,0.0,1.0,19.23,,0.0,0
2026-10-05 00:52:14Z,CAR,in,0.186,Q1 3:50,-3.0,7694,Tommy Tremble,TE,3.8,3.0,3.51,6.51,6.56,6.09,0.0,1.0,6.51,,0.0,0
2026-10-05 00:52:14Z,CAR,in,0.186,Q1 3:50,-3.0,8160,Kenny Pickett,QB,0.6,0.0,0.51,0.51,0.47,0.49,0.186,0.3,0.15,,0.0,0
2026-10-05 00:52:14Z,CAR,in,0.186,Q1 3:50,-3.0,CAR,Carolina Panthers D/ST,DST,4.2,7.0,-1.9,5.1,11.68,10.42,0.138,1.0,5.1,,0.0,0
2026-10-05 00:52:14Z,DET,in,0.186,Q1 3:50,3.0,8250,Tay Martin,WR,0.8,0.0,0.6,0.6,0.62,0.65,0.186,1.0,0.6,,0.0,0
2026-10-05 00:52:14Z,DET,in,0.186,Q1 3:50,3.0,4179,Joshua Dobbs,QB,0.6,0.0,0.45,0.45,0.47,0.49,0.186,0.892,0.4,,0.0,0
2026-10-05 00:52:14Z,DET,in,0.186,Q1 3:50,3.0,9221,Jahmyr Gibbs,RB,25.7,2.4,19.46,21.86,22.83,23.32,0.033,1.0,21.86,,0.0,0
2026-10-05 00:52:14Z,DET,in,0.186,Q1 3:50,3.0,3163,Jared Goff,QB,18.3,1.32,14.14,15.46,15.79,16.21,0.033,1.0,15.46,,0.0,0
2026-10-05 00:52:14Z,DET,in,0.186,Q1 3:50,3.0,8148,Jameson Williams,WR,12.7,1.6,9.7,11.3,11.78,11.94,0.157,1.0,11.3,,0.0,0
2026-10-05 00:52:14Z,DET,in,0.186,Q1 3:50,3.0,7891,Brock Wright,TE,1.5,0.0,1.12,1.12,1.16,1.22,0.186,1.0,1.12,,0.0,0
2026-10-05 00:52:14Z,DET,in,0.186,Q1 3:50,3.0,7547,Amon-Ra St. Brown,WR,20.0,4.3,15.51,19.81,20.7,20.58,0.036,1.0,19.81,,0.0,0
2026-10-05 00:52:14Z,CAR,in,0.186,Q1 3:50,-3.0,12526,Tetairoa McMillan,WR,16.4,6.1,14.22,20.32,20.07,19.45,0.018,1.0,20.32,,0.0,0
2026-10-05 00:52:14Z,CAR,in,0.186,Q1 3:50,-3.0,11646,Jalen Coker,WR,8.5,0.0,6.95,6.95,6.6,6.92,0.186,1.0,6.95,,0.0,0
2026-10-05 00:52:14Z,DET,in,0.186,Q1 3:50,3.0,DET,Detroit Lions D/ST,DST,5.7,11.0,-3.21,7.79,17.66,15.64,0.064,1.0,7.79,,0.0,0
2026-10-05 00:52:14Z,DET,in,0.186,Q1 3:50,3.0,11729,Sione Vaki,RB,2.6,0.0,1.9,1.9,2.02,2.12,0.186,1.0,1.9,,0.0,0
2026-10-05 00:52:14Z,CAR,in,0.186,Q1 3:50,-3.0,11600,Ja'Tavion Sanders,TE,2.7,0.0,2.21,2.21,2.1,2.2,0.186,1.0,2.21,,0.0,0
2026-10-05 00:52:14Z,CAR,in,0.186,Q1 3:50,-3.0,7594,Chuba Hubbard,RB,16.6,0.6,12.84,13.44,13.6,14.11,0.009,1.0,13.44,,0.0,0
2026-10-05 00:52:14Z,DET,in,0.186,Q1 3:50,3.0,11539,Jake Bates,K,9.5,5.0,8.39,13.39,13.39,12.73,0.138,1.0,13.39,,0.0,0
2026-10-05 00:52:14Z,CAR,in,0.186,Q1 3:50,-3.0,2505,Darren Waller,TE,8.8,0.0,7.19,7.19,6.83,7.16,0.186,1.0,7.19,,0.0,0
2026-10-05 00:53:14Z,CAR,in,0.208,Q1 2:32,-3.0,11157,Brycen Tremayne,WR,5.6,0.0,4.46,4.46,4.21,4.44,0.208,1.0,4.46,,0.0,0
2026-10-05 00:53:14Z,CAR,in,0.208,Q1 2:32,-3.0,12961,Ryan Fitzgerald,K,7.3,0.0,5.48,5.48,5.48,5.78,0.208,1.0,5.48,,0.0,0
2026-10-05 00:53:14Z,DET,in,0.208,Q1 2:32,3.0,12535,Isaac TeSlaa,WR,5.3,0.0,3.86,3.86,3.98,4.2,0.208,1.0,3.86,,0.0,0
2026-10-05 00:53:14Z,DET,in,0.208,Q1 2:32,3.0,10859,Sam LaPorta,TE,13.0,0.0,9.46,9.46,9.76,10.3,0.208,1.0,9.46,,0.0,0
2026-10-05 00:53:14Z,DET,in,0.208,Q1 2:32,3.0,11237,Jacob Saylors,RB,1.7,0.0,1.2,1.2,1.28,1.35,0.208,1.0,1.2,,0.0,0
2026-10-05 00:53:14Z,CAR,in,0.208,Q1 2:32,-3.0,9228,Bryce Young,QB,19.4,3.38,16.65,20.03,18.62,18.75,0.0,1.0,20.03,,0.0,0
2026-10-05 00:53:14Z,CAR,in,0.208,Q1 2:32,-3.0,7694,Tommy Tremble,TE,3.8,2.9,3.39,6.29,6.33,5.91,0.0,1.0,6.29,,0.0,0
2026-10-05 00:53:14Z,CAR,in,0.208,Q1 2:32,-3.0,8160,Kenny Pickett,QB,0.6,0.0,0.49,0.49,0.45,0.48,0.208,0.3,0.15,,0.0,0
2026-10-05 00:53:14Z,CAR,in,0.208,Q1 2:32,-3.0,CAR,Carolina Panthers D/ST,DST,4.2,7.0,-1.83,5.17,11.54,10.33,0.159,1.0,5.17,,0.0,0
2026-10-05 00:53:14Z,DET,in,0.208,Q1 2:32,3.0,8250,Tay Martin,WR,0.8,0.0,0.58,0.58,0.6,0.63,0.208,1.0,0.58,,0.0,0
2026-10-05 00:53:14Z,DET,in,0.208,Q1 2:32,3.0,4179,Joshua Dobbs,QB,0.6,0.0,0.44,0.44,0.45,0.48,0.208,0.827,0.36,,0.0,0
2026-10-05 00:53:14Z,DET,in,0.208,Q1 2:32,3.0,9221,Jahmyr Gibbs,RB,25.7,2.4,18.82,21.22,22.18,22.76,0.055,1.0,21.22,,0.0,0
2026-10-05 00:53:14Z,DET,in,0.208,Q1 2:32,3.0,3163,Jared Goff,QB,18.3,1.32,13.71,15.03,15.33,15.82,0.055,1.0,15.03,,0.0,0
2026-10-05 00:53:14Z,DET,in,0.208,Q1 2:32,3.0,8148,Jameson Williams,WR,12.7,1.6,9.45,11.05,11.46,11.66,0.179,1.0,11.05,,0.0,0
2026-10-05 00:53:14Z,DET,in,0.208,Q1 2:32,3.0,7891,Brock Wright,TE,1.5,0.0,1.09,1.09,1.13,1.19,0.208,1.0,1.09,,0.0,0
2026-10-05 00:53:14Z,DET,in,0.208,Q1 2:32,3.0,7547,Amon-Ra St. Brown,WR,20.0,4.3,15.1,19.4,20.17,20.14,0.057,1.0,19.4,,0.0,0
2026-10-05 00:53:14Z,CAR,in,0.208,Q1 2:32,-3.0,12526,Tetairoa McMillan,WR,16.4,9.1,14.21,23.31,23.22,22.09,0.0,1.0,23.31,,0.0,0
2026-10-05 00:53:14Z,CAR,in,0.208,Q1 2:32,-3.0,11646,Jalen Coker,WR,8.5,0.0,6.76,6.76,6.38,6.73,0.208,1.0,6.76,,0.0,0
2026-10-05 00:53:14Z,DET,in,0.208,Q1 2:32,3.0,DET,Detroit Lions D/ST,DST,5.7,11.0,-3.08,7.92,17.46,15.52,0.086,1.0,7.92,,0.0,0
2026-10-05 00:53:14Z,DET,in,0.208,Q1 2:32,3.0,11729,Sione Vaki,RB,2.6,0.0,1.84,1.84,1.95,2.06,0.208,1.0,1.84,,0.0,0
2026-10-05 00:53:14Z,CAR,in,0.208,Q1 2:32,-3.0,11600,Ja'Tavion Sanders,TE,2.7,0.0,2.15,2.15,2.03,2.14,0.208,1.0,2.15,,0.0,0
2026-10-05 00:53:14Z,CAR,in,0.208,Q1 2:32,-3.0,7594,Chuba Hubbard,RB,16.6,2.3,12.89,15.19,15.22,15.45,0.0,1.0,15.19,,0.0,0
2026-10-05 00:53:14Z,DET,in,0.208,Q1 2:32,3.0,11539,Jake Bates,K,9.5,5.0,8.13,13.13,13.13,12.53,0.159,1.0,13.13,,0.0,0
2026-10-05 00:53:14Z,CAR,in,0.208,Q1 2:32,-3.0,2505,Darren Waller,TE,8.8,0.0,7.0,7.0,6.61,6.97,0.208,1.0,7.0,,0.0,0
2026-10-05 00:54:14Z,CAR,in,0.219,Q1 1:50,4.0,11157,Brycen Tremayne,WR,5.6,0.0,3.96,3.96,4.13,4.37,0.219,1.0,3.96,,0.0,0
2026-10-05 00:54:14Z,CAR,in,0.219,Q1 1:50,4.0,12961,Ryan Fitzgerald,K,7.3,1.0,5.58,6.58,6.58,6.7,0.0,1.0,6.58,,0.0,0
2026-10-05 00:54:14Z,DET,in,0.219,Q1 1:50,-4.0,12535,Isaac TeSlaa,WR,5.3,0.0,4.21,4.21,3.91,4.14,0.219,1.0,4.21,,0.0,0
2026-10-05 00:54:14Z,DET,in,0.219,Q1 1:50,-4.0,10859,Sam LaPorta,TE,13.0,0.0,10.33,10.33,9.59,10.15,0.219,1.0,10.33,,0.0,0
2026-10-05 00:54:14Z,DET,in,0.219,Q1 1:50,-4.0,11237,Jacob Saylors,RB,1.7,0.0,1.24,1.24,1.25,1.33,0.219,1.0,1.24,,0.0,0
2026-10-05 00:54:14Z,CAR,in,0.219,Q1 1:50,4.0,9228,Bryce Young,QB,19.4,3.38,14.48,17.86,18.35,18.52,0.012,1.0,17.86,,0.0,0
2026-10-05 00:54:14Z,CAR,in,0.219,Q1 1:50,4.0,7694,Tommy Tremble,TE,3.8,2.9,3.05,5.95,6.27,5.87,0.012,1.0,5.95,,0.0,0
2026-10-05 00:54:14Z,CAR,in,0.219,Q1 1:50,4.0,8160,Kenny Pickett,QB,0.6,0.0,0.42,0.42,0.44,0.47,0.219,0.3,0.13,,0.0,0
2026-10-05 00:54:14Z,CAR,in,0.219,Q1 1:50,4.0,CAR,Carolina Panthers D/ST,DST,4.2,7.0,-1.42,5.58,11.46,10.28,0.171,1.0,5.58,,0.0,0
2026-10-05 00:54:14Z,DET,in,0.219,Q1 1:50,-4.0,8250,Tay Martin,WR,0.8,0.0,0.64,0.64,0.59,0.62,0.219,1.0,0.64,,0.0,0
2026-10-05 00:54:14Z,DET,in,0.219,Q1 1:50,-4.0,4179,Joshua Dobbs,QB,0.6,0.0,0.49,0.49,0.44,0.47,0.219,0.792,0.39,,0.0,0
2026-10-05 00:54:14Z,DET,in,0.219,Q1 1:50,-4.0,9221,Jahmyr Gibbs,RB,25.7,2.4,19.42,21.82,21.83,22.46,0.067,1.0,21.82,,0.0,0
2026-10-05 00:54:14Z,DET,in,0.219,Q1 1:50,-4.0,3163,Jared Goff,QB,18.3,1.32,15.28,16.6,15.08,15.6,0.067,1.0,16.6,,0.0,0
2026-10-05 00:54:14Z,DET,in,0.219,Q1 1:50,-4.0,8148,Jameson Williams,WR,12.7,1.6,10.3,11.9,11.28,11.51,0.19,1.0,11.9,,0.0,0
2026-10-05 00:54:14Z,DET,in,0.219,Q1 1:50,-4.0,7891,Brock Wright,TE,1.5,0.0,1.19,1.19,1.11,1.17,0.219,1.0,1.19,,0.0,0
2026-10-05 00:54:14Z,DET,in,0.219,Q1 1:50,-4.0,7547,Amon-Ra St. Brown,WR,20.0,4.3,16.44,20.74,19.89,19.91,0.069,1.0,20.74,,0.0,0
2026-10-05 00:54:14Z,CAR,in,0.219,Q1 1:50,4.0,12526,Tetairoa McMillan,WR,16.4,9.1,12.72,21.82,22.97,21.9,0.012,1.0,21.82,,0.0,0
2026-10-05 00:54:14Z,CAR,in,0.219,Q1 1:50,4.0,11646,Jalen Coker,WR,8.5,0.0,6.0,6.0,6.27,6.63,0.219,1.0,6.0,,0.0,0
2026-10-05 00:54:14Z,DET,in,0.219,Q1 1:50,-4.0,DET,Detroit Lions D/ST,DST,5.7,5.0,-0.36,4.64,10.18,9.45,0.0,1.0,4.64,,0.0,0
2026-10-05 00:54:14Z,DET,in,0.219,Q1 1:50,-4.0,11729,Sione Vaki,RB,2.6,0.0,1.9,1.9,1.92,2.03,0.219,1.0,1.9,,0.0,0
2026-10-05 00:54:14Z,CAR,in,0.219,Q1 1:50,4.0,11600,Ja'Tavion Sanders,TE,2.7,0.0,1.91,1.91,1.99,2.11,0.219,1.0,1.91,,0.0,0
2026-10-05 00:54:14Z,CAR,in,0.219,Q1 1:50,4.0,7594,Chuba Hubbard,RB,16.6,9.9,14.09,23.99,24.08,22.86,0.0,1.0,23.99,,0.0,0
2026-10-05 00:54:14Z,DET,in,0.219,Q1 1:50,-4.0,11539,Jake Bates,K,9.5,5.0,7.98,12.98,12.98,12.42,0.171,1.0,12.98,,0.0,0
2026-10-05 00:54:14Z,CAR,in,0.219,Q1 1:50,4.0,2505,Darren Waller,TE,8.8,0.0,6.22,6.22,6.49,6.87,0.219,1.0,6.22,,0.0,0
2026-10-05 00:55:15Z,CAR,in,0.219,Q1 1:50,4.0,11157,Brycen Tremayne,WR,5.6,0.0,3.96,3.96,4.13,4.37,0.219,1.0,3.96,,0.0,0
2026-10-05 00:55:15Z,CAR,in,0.219,Q1 1:50,4.0,12961,Ryan Fitzgerald,K,7.3,1.0,5.58,6.58,6.58,6.7,0.0,1.0,6.58,,0.0,0
2026-10-05 00:55:15Z,DET,in,0.219,Q1 1:50,-4.0,12535,Isaac TeSlaa,WR,5.3,0.0,4.21,4.21,3.91,4.14,0.219,1.0,4.21,,0.0,0
2026-10-05 00:55:15Z,DET,in,0.219,Q1 1:50,-4.0,10859,Sam LaPorta,TE,13.0,0.0,10.33,10.33,9.59,10.15,0.219,1.0,10.33,,0.0,0
2026-10-05 00:55:15Z,DET,in,0.219,Q1 1:50,-4.0,11237,Jacob Saylors,RB,1.7,0.0,1.24,1.24,1.25,1.33,0.219,1.0,1.24,,0.0,0
2026-10-05 00:55:15Z,CAR,in,0.219,Q1 1:50,4.0,9228,Bryce Young,QB,19.4,3.42,14.49,17.91,18.4,18.56,0.0,1.0,17.91,,0.0,0
2026-10-05 00:55:15Z,CAR,in,0.219,Q1 1:50,4.0,7694,Tommy Tremble,TE,3.8,2.9,3.05,5.95,6.27,5.87,0.012,1.0,5.95,,0.0,0
2026-10-05 00:55:15Z,CAR,in,0.219,Q1 1:50,4.0,8160,Kenny Pickett,QB,0.6,0.0,0.42,0.42,0.44,0.47,0.219,0.3,0.13,,0.0,0
2026-10-05 00:55:15Z,CAR,in,0.219,Q1 1:50,4.0,CAR,Carolina Panthers D/ST,DST,4.2,7.0,-1.42,5.58,11.46,10.28,0.171,1.0,5.58,,0.0,0
2026-10-05 00:55:15Z,DET,in,0.219,Q1 1:50,-4.0,8250,Tay Martin,WR,0.8,0.0,0.64,0.64,0.59,0.62,0.219,1.0,0.64,,0.0,0
2026-10-05 00:55:15Z,DET,in,0.219,Q1 1:50,-4.0,4179,Joshua Dobbs,QB,0.6,0.0,0.49,0.49,0.44,0.47,0.219,0.792,0.39,,0.0,0
2026-10-05 00:55:15Z,DET,in,0.219,Q1 1:50,-4.0,9221,Jahmyr Gibbs,RB,25.7,2.4,19.42,21.82,21.83,22.46,0.067,1.0,21.82,,0.0,0
2026-10-05 00:55:15Z,DET,in,0.219,Q1 1:50,-4.0,3163,Jared Goff,QB,18.3,1.32,15.28,16.6,15.08,15.6,0.067,1.0,16.6,,0.0,0
2026-10-05 00:55:15Z,DET,in,0.219,Q1 1:50,-4.0,8148,Jameson Williams,WR,12.7,1.6,10.3,11.9,11.28,11.51,0.19,1.0,11.9,,0.0,0
2026-10-05 00:55:15Z,DET,in,0.219,Q1 1:50,-4.0,7891,Brock Wright,TE,1.5,0.0,1.19,1.19,1.11,1.17,0.219,1.0,1.19,,0.0,0
2026-10-05 00:55:15Z,DET,in,0.219,Q1 1:50,-4.0,7547,Amon-Ra St. Brown,WR,20.0,4.3,16.44,20.74,19.89,19.91,0.069,1.0,20.74,,0.0,0
2026-10-05 00:55:15Z,CAR,in,0.219,Q1 1:50,4.0,12526,Tetairoa McMillan,WR,16.4,9.2,12.73,21.93,23.09,22.0,0.0,1.0,21.93,,0.0,0
2026-10-05 00:55:15Z,CAR,in,0.219,Q1 1:50,4.0,11646,Jalen Coker,WR,8.5,0.0,6.0,6.0,6.27,6.63,0.219,1.0,6.0,,0.0,0
2026-10-05 00:55:15Z,DET,in,0.219,Q1 1:50,-4.0,DET,Detroit Lions D/ST,DST,5.7,5.0,-0.36,4.64,10.18,9.45,0.0,1.0,4.64,,0.0,0
2026-10-05 00:55:15Z,DET,in,0.219,Q1 1:50,-4.0,11729,Sione Vaki,RB,2.6,0.0,1.9,1.9,1.92,2.03,0.219,1.0,1.9,,0.0,0
2026-10-05 00:55:15Z,CAR,in,0.219,Q1 1:50,4.0,11600,Ja'Tavion Sanders,TE,2.7,0.0,1.91,1.91,1.99,2.11,0.219,1.0,1.91,,0.0,0
2026-10-05 00:55:15Z,CAR,in,0.219,Q1 1:50,4.0,7594,Chuba Hubbard,RB,16.6,9.8,14.07,23.87,23.96,22.76,0.0,1.0,23.87,,0.0,0
2026-10-05 00:55:15Z,DET,in,0.219,Q1 1:50,-4.0,11539,Jake Bates,K,9.5,5.0,7.98,12.98,12.98,12.42,0.171,1.0,12.98,,0.0,0
2026-10-05 00:55:15Z,CAR,in,0.219,Q1 1:50,4.0,2505,Darren Waller,TE,8.8,0.0,6.22,6.22,6.49,6.87,0.219,1.0,6.22,,0.0,0
2026-10-05 00:56:16Z,CAR,in,0.219,Q1 1:50,4.0,11157,Brycen Tremayne,WR,5.6,0.0,3.96,3.96,4.13,4.37,0.219,1.0,3.96,,0.0,0
2026-10-05 00:56:16Z,CAR,in,0.219,Q1 1:50,4.0,12961,Ryan Fitzgerald,K,7.3,1.0,5.58,6.58,6.58,6.7,0.0,1.0,6.58,,0.0,0
2026-10-05 00:56:16Z,DET,in,0.219,Q1 1:50,-4.0,12535,Isaac TeSlaa,WR,5.3,0.0,4.21,4.21,3.91,4.14,0.219,1.0,4.21,,0.0,0
2026-10-05 00:56:16Z,DET,in,0.219,Q1 1:50,-4.0,10859,Sam LaPorta,TE,13.0,0.0,10.33,10.33,9.59,10.15,0.219,1.0,10.33,,0.0,0
2026-10-05 00:56:16Z,DET,in,0.219,Q1 1:50,-4.0,11237,Jacob Saylors,RB,1.7,0.0,1.24,1.24,1.25,1.33,0.219,1.0,1.24,,0.0,0
2026-10-05 00:56:16Z,CAR,in,0.219,Q1 1:50,4.0,9228,Bryce Young,QB,19.4,3.42,14.49,17.91,18.4,18.56,0.0,1.0,17.91,,0.0,0
2026-10-05 00:56:16Z,CAR,in,0.219,Q1 1:50,4.0,7694,Tommy Tremble,TE,3.8,2.9,3.05,5.95,6.27,5.87,0.012,1.0,5.95,,0.0,0
2026-10-05 00:56:16Z,CAR,in,0.219,Q1 1:50,4.0,8160,Kenny Pickett,QB,0.6,0.0,0.42,0.42,0.44,0.47,0.219,0.3,0.13,,0.0,0
2026-10-05 00:56:16Z,CAR,in,0.219,Q1 1:50,4.0,CAR,Carolina Panthers D/ST,DST,4.2,7.0,-1.42,5.58,11.46,10.28,0.171,1.0,5.58,,0.0,0
2026-10-05 00:56:16Z,DET,in,0.219,Q1 1:50,-4.0,8250,Tay Martin,WR,0.8,0.0,0.64,0.64,0.59,0.62,0.219,1.0,0.64,,0.0,0
2026-10-05 00:56:16Z,DET,in,0.219,Q1 1:50,-4.0,4179,Joshua Dobbs,QB,0.6,0.0,0.49,0.49,0.44,0.47,0.219,0.792,0.39,,0.0,0
2026-10-05 00:56:16Z,DET,in,0.219,Q1 1:50,-4.0,9221,Jahmyr Gibbs,RB,25.7,2.4,19.42,21.82,21.83,22.46,0.067,1.0,21.82,,0.0,0
2026-10-05 00:56:16Z,DET,in,0.219,Q1 1:50,-4.0,3163,Jared Goff,QB,18.3,1.32,15.28,16.6,15.08,15.6,0.067,1.0,16.6,,0.0,0
2026-10-05 00:56:16Z,DET,in,0.219,Q1 1:50,-4.0,8148,Jameson Williams,WR,12.7,1.6,10.3,11.9,11.28,11.51,0.19,1.0,11.9,,0.0,0
2026-10-05 00:56:16Z,DET,in,0.219,Q1 1:50,-4.0,7891,Brock Wright,TE,1.5,0.0,1.19,1.19,1.11,1.17,0.219,1.0,1.19,,0.0,0
2026-10-05 00:56:16Z,DET,in,0.219,Q1 1:50,-4.0,7547,Amon-Ra St. Brown,WR,20.0,4.3,16.44,20.74,19.89,19.91,0.069,1.0,20.74,,0.0,0
2026-10-05 00:56:16Z,CAR,in,0.219,Q1 1:50,4.0,12526,Tetairoa McMillan,WR,16.4,9.2,12.73,21.93,23.09,22.0,0.0,1.0,21.93,,0.0,0
2026-10-05 00:56:16Z,CAR,in,0.219,Q1 1:50,4.0,11646,Jalen Coker,WR,8.5,0.0,6.0,6.0,6.27,6.63,0.219,1.0,6.0,,0.0,0
2026-10-05 00:56:16Z,DET,in,0.219,Q1 1:50,-4.0,DET,Detroit Lions D/ST,DST,5.7,5.0,-0.36,4.64,10.18,9.45,0.0,1.0,4.64,,0.0,0
2026-10-05 00:56:16Z,DET,in,0.219,Q1 1:50,-4.0,11729,Sione Vaki,RB,2.6,0.0,1.9,1.9,1.92,2.03,0.219,1.0,1.9,,0.0,0
2026-10-05 00:56:16Z,CAR,in,0.219,Q1 1:50,4.0,11600,Ja'Tavion Sanders,TE,2.7,0.0,1.91,1.91,1.99,2.11,0.219,1.0,1.91,,0.0,0
2026-10-05 00:56:16Z,CAR,in,0.219,Q1 1:50,4.0,7594,Chuba Hubbard,RB,16.6,9.8,14.07,23.87,23.96,22.76,0.0,1.0,23.87,,0.0,0
2026-10-05 00:56:16Z,DET,in,0.219,Q1 1:50,-4.0,11539,Jake Bates,K,9.5,5.0,7.98,12.98,12.98,12.42,0.171,1.0,12.98,,0.0,0
2026-10-05 00:56:16Z,CAR,in,0.219,Q1 1:50,4.0,2505,Darren Waller,TE,8.8,0.0,6.22,6.22,6.49,6.87,0.219,1.0,6.22,,0.0,0
2026-10-05 00:57:16Z,CAR,in,0.219,Q1 1:50,4.0,11157,Brycen Tremayne,WR,5.6,0.0,3.96,3.96,4.13,4.37,0.219,1.0,3.96,,0.0,0
2026-10-05 00:57:16Z,CAR,in,0.219,Q1 1:50,4.0,12961,Ryan Fitzgerald,K,7.3,1.0,5.58,6.58,6.58,6.7,0.0,1.0,6.58,,0.0,0
2026-10-05 00:57:16Z,DET,in,0.219,Q1 1:50,-4.0,12535,Isaac TeSlaa,WR,5.3,0.0,4.21,4.21,3.91,4.14,0.219,1.0,4.21,,0.0,0
2026-10-05 00:57:16Z,DET,in,0.219,Q1 1:50,-4.0,10859,Sam LaPorta,TE,13.0,0.0,10.33,10.33,9.59,10.15,0.219,1.0,10.33,,0.0,0
2026-10-05 00:57:16Z,DET,in,0.219,Q1 1:50,-4.0,11237,Jacob Saylors,RB,1.7,0.0,1.24,1.24,1.25,1.33,0.219,1.0,1.24,,0.0,0
2026-10-05 00:57:16Z,CAR,in,0.219,Q1 1:50,4.0,9228,Bryce Young,QB,19.4,3.42,14.49,17.91,18.4,18.56,0.0,1.0,17.91,,0.0,0
2026-10-05 00:57:16Z,CAR,in,0.219,Q1 1:50,4.0,7694,Tommy Tremble,TE,3.8,2.9,3.05,5.95,6.27,5.87,0.012,1.0,5.95,,0.0,0
2026-10-05 00:57:16Z,CAR,in,0.219,Q1 1:50,4.0,8160,Kenny Pickett,QB,0.6,0.0,0.42,0.42,0.44,0.47,0.219,0.3,0.13,,0.0,0
2026-10-05 00:57:16Z,CAR,in,0.219,Q1 1:50,4.0,CAR,Carolina Panthers D/ST,DST,4.2,7.0,-1.42,5.58,11.46,10.28,0.171,1.0,5.58,,0.0,0
2026-10-05 00:57:16Z,DET,in,0.219,Q1 1:50,-4.0,8250,Tay Martin,WR,0.8,0.0,0.64,0.64,0.59,0.62,0.219,1.0,0.64,,0.0,0
2026-10-05 00:57:16Z,DET,in,0.219,Q1 1:50,-4.0,4179,Joshua Dobbs,QB,0.6,0.0,0.49,0.49,0.44,0.47,0.219,0.792,0.39,,0.0,0
2026-10-05 00:57:16Z,DET,in,0.219,Q1 1:50,-4.0,9221,Jahmyr Gibbs,RB,25.7,2.4,19.42,21.82,21.83,22.46,0.067,1.0,21.82,,0.0,0
2026-10-05 00:57:16Z,DET,in,0.219,Q1 1:50,-4.0,3163,Jared Goff,QB,18.3,1.32,15.28,16.6,15.08,15.6,0.067,1.0,16.6,,0.0,0
2026-10-05 00:57:16Z,DET,in,0.219,Q1 1:50,-4.0,8148,Jameson Williams,WR,12.7,1.6,10.3,11.9,11.28,11.51,0.19,1.0,11.9,,0.0,0
2026-10-05 00:57:16Z,DET,in,0.219,Q1 1:50,-4.0,7891,Brock Wright,TE,1.5,0.0,1.19,1.19,1.11,1.17,0.219,1.0,1.19,,0.0,0
2026-10-05 00:57:16Z,DET,in,0.219,Q1 1:50,-4.0,7547,Amon-Ra St. Brown,WR,20.0,4.3,16.44,20.74,19.89,19.91,0.069,1.0,20.74,,0.0,0
2026-10-05 00:57:16Z,CAR,in,0.219,Q1 1:50,4.0,12526,Tetairoa McMillan,WR,16.4,9.2,12.73,21.93,23.09,22.0,0.0,1.0,21.93,,0.0,0
2026-10-05 00:57:16Z,CAR,in,0.219,Q1 1:50,4.0,11646,Jalen Coker,WR,8.5,0.0,6.0,6.0,6.27,6.63,0.219,1.0,6.0,,0.0,0
2026-10-05 00:57:16Z,DET,in,0.219,Q1 1:50,-4.0,DET,Detroit Lions D/ST,DST,5.7,5.0,-0.36,4.64,10.18,9.45,0.0,1.0,4.64,,0.0,0
2026-10-05 00:57:16Z,DET,in,0.219,Q1 1:50,-4.0,11729,Sione Vaki,RB,2.6,0.0,1.9,1.9,1.92,2.03,0.219,1.0,1.9,,0.0,0
2026-10-05 00:57:16Z,CAR,in,0.219,Q1 1:50,4.0,11600,Ja'Tavion Sanders,TE,2.7,0.0,1.91,1.91,1.99,2.11,0.219,1.0,1.91,,0.0,0
2026-10-05 00:57:16Z,CAR,in,0.219,Q1 1:50,4.0,7594,Chuba Hubbard,RB,16.6,9.8,14.07,23.87,23.96,22.76,0.0,1.0,23.87,,0.0,0
2026-10-05 00:57:16Z,DET,in,0.219,Q1 1:50,-4.0,11539,Jake Bates,K,9.5,5.0,7.98,12.98,12.98,12.42,0.171,1.0,12.98,,0.0,0
2026-10-05 00:57:16Z,CAR,in,0.219,Q1 1:50,4.0,2505,Darren Waller,TE,8.8,0.0,6.22,6.22,6.49,6.87,0.219,1.0,6.22,,0.0,0
2026-10-05 00:58:16Z,CAR,in,0.221,Q1 1:45,4.0,11157,Brycen Tremayne,WR,5.6,0.0,3.95,3.95,4.12,4.36,0.221,1.0,3.95,,0.0,0
2026-10-05 00:58:16Z,CAR,in,0.221,Q1 1:45,4.0,12961,Ryan Fitzgerald,K,7.3,1.0,5.57,6.57,6.57,6.69,0.001,1.0,6.57,,0.0,0
2026-10-05 00:58:16Z,DET,in,0.221,Q1 1:45,-4.0,12535,Isaac TeSlaa,WR,5.3,0.0,4.21,4.21,3.9,4.13,0.221,1.0,4.21,,0.0,0
2026-10-05 00:58:16Z,DET,in,0.221,Q1 1:45,-4.0,10859,Sam LaPorta,TE,13.0,0.0,10.32,10.32,9.57,10.13,0.221,1.0,10.32,,0.0,0
2026-10-05 00:58:16Z,DET,in,0.221,Q1 1:45,-4.0,11237,Jacob Saylors,RB,1.7,0.0,1.24,1.24,1.25,1.32,0.221,1.0,1.24,,0.0,0
2026-10-05 00:58:16Z,CAR,in,0.221,Q1 1:45,4.0,9228,Bryce Young,QB,19.4,3.42,14.46,17.88,18.37,18.54,0.001,1.0,17.88,,0.0,0
2026-10-05 00:58:16Z,CAR,in,0.221,Q1 1:45,4.0,7694,Tommy Tremble,TE,3.8,2.9,3.04,5.94,6.26,5.86,0.013,1.0,5.94,,0.0,0
2026-10-05 00:58:16Z,CAR,in,0.221,Q1 1:45,4.0,8160,Kenny Pickett,QB,0.6,0.0,0.42,0.42,0.44,0.47,0.221,0.3,0.13,,0.0,0
2026-10-05 00:58:16Z,CAR,in,0.221,Q1 1:45,4.0,CAR,Carolina Panthers D/ST,DST,4.2,7.0,-1.42,5.58,11.46,10.27,0.172,1.0,5.58,,0.0,0
2026-10-05 00:58:16Z,DET,in,0.221,Q1 1:45,-4.0,8250,Tay Martin,WR,0.8,0.0,0.63,0.63,0.59,0.62,0.221,1.0,0.63,,0.0,0
2026-10-05 00:58:16Z,DET,in,0.221,Q1 1:45,-4.0,4179,Joshua Dobbs,QB,0.6,0.0,0.49,0.49,0.44,0.47,0.221,0.787,0.39,,0.0,0
2026-10-05 00:58:16Z,DET,in,0.221,Q1 1:45,-4.0,9221,Jahmyr Gibbs,RB,25.7,2.4,19.37,21.77,21.79,22.42,0.068,1.0,21.77,,0.0,0
2026-10-05 00:58:16Z,DET,in,0.221,Q1 1:45,-4.0,3163,Jared Goff,QB,18.3,1.32,15.25,16.57,15.05,15.58,0.068,1.0,16.57,,0.0,0
2026-10-05 00:58:16Z,DET,in,0.221,Q1 1:45,-4.0,8148,Jameson Williams,WR,12.7,1.6,10.28,11.88,11.26,11.5,0.192,1.0,11.88,,0.0,0
2026-10-05 00:58:16Z,DET,in,0.221,Q1 1:45,-4.0,7891,Brock Wright,TE,1.5,0.0,1.19,1.19,1.1,1.17,0.221,1.0,1.19,,0.0,0
2026-10-05 00:58:16Z,DET,in,0.221,Q1 1:45,-4.0,7547,Amon-Ra St. Brown,WR,20.0,4.3,16.41,20.71,19.86,19.88,0.071,1.0,20.71,,0.0,0
2026-10-05 00:58:16Z,CAR,in,0.221,Q1 1:45,4.0,12526,Tetairoa McMillan,WR,16.4,9.2,12.71,21.91,23.06,21.98,0.001,1.0,21.91,,0.0,0
2026-10-05 00:58:16Z,CAR,in,0.221,Q1 1:45,4.0,11646,Jalen Coker,WR,8.5,0.0,5.99,5.99,6.26,6.62,0.221,1.0,5.99,,0.0,0
2026-10-05 00:58:16Z,DET,in,0.221,Q1 1:45,-4.0,DET,Detroit Lions D/ST,DST,5.7,5.0,-0.36,4.64,10.17,9.44,0.001,1.0,4.64,,0.0,0
2026-10-05 00:58:16Z,DET,in,0.221,Q1 1:45,-4.0,11729,Sione Vaki,RB,2.6,0.0,1.9,1.9,1.91,2.03,0.221,1.0,1.9,,0.0,0
2026-10-05 00:58:16Z,CAR,in,0.221,Q1 1:45,4.0,11600,Ja'Tavion Sanders,TE,2.7,0.0,1.9,1.9,1.99,2.1,0.221,1.0,1.9,,0.0,0
2026-10-05 00:58:16Z,CAR,in,0.221,Q1 1:45,4.0,7594,Chuba Hubbard,RB,16.6,9.8,14.04,23.84,23.93,22.73,0.001,1.0,23.84,,0.0,0
2026-10-05 00:58:16Z,DET,in,0.221,Q1 1:45,-4.0,11539,Jake Bates,K,9.5,5.0,7.97,12.97,12.97,12.4,0.172,1.0,12.97,,0.0,0
2026-10-05 00:58:16Z,CAR,in,0.221,Q1 1:45,4.0,2505,Darren Waller,TE,8.8,0.0,6.21,6.21,6.48,6.86,0.221,1.0,6.21,,0.0,0
2026-10-05 00:59:17Z,CAR,in,0.232,Q1 1:06,4.0,11157,Brycen Tremayne,WR,5.6,0.0,3.9,3.9,4.05,4.3,0.232,1.0,3.9,,0.0,0
2026-10-05 00:59:17Z,CAR,in,0.232,Q1 1:06,4.0,12961,Ryan Fitzgerald,K,7.3,1.0,5.48,6.48,6.48,6.61,0.012,1.0,6.48,,0.0,0
2026-10-05 00:59:17Z,DET,in,0.232,Q1 1:06,-4.0,12535,Isaac TeSlaa,WR,5.3,0.0,4.15,4.15,3.84,4.07,0.232,1.0,4.15,,0.0,0
2026-10-05 00:59:17Z,DET,in,0.232,Q1 1:06,-4.0,10859,Sam LaPorta,TE,13.0,2.9,10.52,13.42,12.87,12.89,0.0,1.0,13.42,,0.0,0
2026-10-05 00:59:17Z,DET,in,0.232,Q1 1:06,-4.0,11237,Jacob Saylors,RB,1.7,0.0,1.22,1.22,1.23,1.31,0.232,1.0,1.22,,0.0,0
2026-10-05 00:59:17Z,CAR,in,0.232,Q1 1:06,4.0,9228,Bryce Young,QB,19.4,3.42,14.23,17.65,18.12,18.33,0.012,1.0,17.65,,0.0,0
2026-10-05 00:59:17Z,CAR,in,0.232,Q1 1:06,4.0,7694,Tommy Tremble,TE,3.8,2.9,3.0,5.9,6.21,5.82,0.024,1.0,5.9,,0.0,0
2026-10-05 00:59:17Z,CAR,in,0.232,Q1 1:06,4.0,8160,Kenny Pickett,QB,0.6,0.0,0.41,0.41,0.43,0.46,0.232,0.3,0.12,,0.0,0
2026-10-05 00:59:17Z,CAR,in,0.232,Q1 1:06,4.0,CAR,Carolina Panthers D/ST,DST,4.2,7.0,-1.39,5.61,11.38,10.23,0.183,1.0,5.61,,0.0,0
2026-10-05 00:59:17Z,DET,in,0.232,Q1 1:06,-4.0,8250,Tay Martin,WR,0.8,0.0,0.63,0.63,0.58,0.61,0.232,1.0,0.63,,0.0,0
2026-10-05 00:59:17Z,DET,in,0.232,Q1 1:06,-4.0,4179,Joshua Dobbs,QB,0.6,0.0,0.48,0.48,0.43,0.46,0.232,0.755,0.36,,0.0,0
2026-10-05 00:59:17Z,DET,in,0.232,Q1 1:06,-4.0,9221,Jahmyr Gibbs,RB,25.7,2.4,19.04,21.44,21.46,22.15,0.079,1.0,21.44,,0.0,0
2026-10-05 00:59:17Z,DET,in,0.232,Q1 1:06,-4.0,3163,Jared Goff,QB,18.3,1.68,15.11,16.79,15.25,15.74,0.0,1.0,16.79,,0.0,0
2026-10-05 00:59:17Z,DET,in,0.232,Q1 1:06,-4.0,8148,Jameson Williams,WR,12.7,1.6,10.13,11.73,11.1,11.36,0.202,1.0,11.73,,0.0,0
2026-10-05 00:59:17Z,DET,in,0.232,Q1 1:06,-4.0,7891,Brock Wright,TE,1.5,0.0,1.17,1.17,1.09,1.15,0.232,1.0,1.17,,0.0,0
2026-10-05 00:59:17Z,DET,in,0.232,Q1 1:06,-4.0,7547,Amon-Ra St. Brown,WR,20.0,4.3,16.17,20.47,19.6,19.67,0.081,1.0,20.47,,0.0,0
2026-10-05 00:59:17Z,CAR,in,0.232,Q1 1:06,4.0,12526,Tetairoa McMillan,WR,16.4,9.2,12.54,21.74,22.84,21.8,0.012,1.0,21.74,,0.0,0
2026-10-05 00:59:17Z,CAR,in,0.232,Q1 1:06,4.0,11646,Jalen Coker,WR,8.5,0.0,5.92,5.92,6.15,6.53,0.232,1.0,5.92,,0.0,0
2026-10-05 00:59:17Z,DET,in,0.232,Q1 1:06,-4.0,DET,Detroit Lions D/ST,DST,5.7,5.0,-0.35,4.65,10.09,9.38,0.012,1.0,4.65,,0.0,0
2026-10-05 00:59:17Z,DET,in,0.232,Q1 1:06,-4.0,11729,Sione Vaki,RB,2.6,0.0,1.86,1.86,1.88,2.0,0.232,1.0,1.86,,0.0,0
2026-10-05 00:59:17Z,CAR,in,0.232,Q1 1:06,4.0,11600,Ja'Tavion Sanders,TE,2.7,0.0,1.88,1.88,1.95,2.07,0.232,1.0,1.88,,0.0,0
2026-10-05 00:59:17Z,CAR,in,0.232,Q1 1:06,4.0,7594,Chuba Hubbard,RB,16.6,9.8,13.83,23.63,23.7,22.55,0.012,1.0,23.63,,0.0,0
2026-10-05 00:59:17Z,DET,in,0.232,Q1 1:06,-4.0,11539,Jake Bates,K,9.5,5.0,7.84,12.84,12.84,12.3,0.183,1.0,12.84,,0.0,0
2026-10-05 00:59:17Z,CAR,in,0.232,Q1 1:06,4.0,2505,Darren Waller,TE,8.8,0.0,6.13,6.13,6.37,6.76,0.232,1.0,6.13,,0.0,0
2026-10-05 01:00:17Z,CAR,in,0.25,Q1 0:00,4.0,11157,Brycen Tremayne,WR,5.6,0.0,3.81,3.81,3.94,4.2,0.25,1.0,3.81,,0.0,0
2026-10-05 01:00:17Z,CAR,in,0.25,Q1 0:00,4.0,12961,Ryan Fitzgerald,K,7.3,1.0,5.32,6.32,6.32,6.47,0.031,1.0,6.32,,0.0,0
2026-10-05 01:00:17Z,DET,in,0.25,Q1 0:00,-4.0,12535,Isaac TeSlaa,WR,5.3,0.0,4.04,4.04,3.73,3.97,0.25,1.0,4.04,,0.0,0
2026-10-05 01:00:17Z,DET,in,0.25,Q1 0:00,-4.0,10859,Sam LaPorta,TE,13.0,2.9,10.26,13.16,12.58,12.65,0.018,1.0,13.16,,0.0,0
2026-10-05 01:00:17Z,DET,in,0.25,Q1 0:00,-4.0,11237,Jacob Saylors,RB,1.7,0.0,1.18,1.18,1.2,1.27,0.25,1.0,1.18,,0.0,0
2026-10-05 01:00:17Z,CAR,in,0.25,Q1 0:00,4.0,9228,Bryce Young,QB,19.4,3.42,13.84,17.26,17.7,17.97,0.031,1.0,17.26,,0.0,0
2026-10-05 01:00:17Z,CAR,in,0.25,Q1 0:00,4.0,7694,Tommy Tremble,TE,3.8,2.9,2.93,5.83,6.12,5.75,0.042,1.0,5.83,,0.0,0
2026-10-05 01:00:17Z,CAR,in,0.25,Q1 0:00,4.0,8160,Kenny Pickett,QB,0.6,0.0,0.4,0.4,0.42,0.45,0.25,0.3,0.12,,0.0,0
2026-10-05 01:00:17Z,CAR,in,0.25,Q1 0:00,4.0,CAR,Carolina Panthers D/ST,DST,4.2,7.0,-1.34,5.66,11.27,10.15,0.201,1.0,5.66,,0.0,0
2026-10-05 01:00:17Z,DET,in,0.25,Q1 0:00,-4.0,8250,Tay Martin,WR,0.8,0.0,0.61,0.61,0.56,0.6,0.25,1.0,0.61,,0.0,0
2026-10-05 01:00:17Z,DET,in,0.25,Q1 0:00,-4.0,4179,Joshua Dobbs,QB,0.6,0.0,0.47,0.47,0.42,0.45,0.25,0.7,0.33,,0.0,0
2026-10-05 01:00:17Z,DET,in,0.25,Q1 0:00,-4.0,9221,Jahmyr Gibbs,RB,25.7,2.8,18.58,21.38,21.4,22.07,0.0,1.0,21.38,,0.0,0
2026-10-05 01:00:17Z,DET,in,0.25,Q1 0:00,-4.0,3163,Jared Goff,QB,18.3,1.68,14.71,16.39,14.86,15.41,0.018,1.0,16.39,,0.0,0
2026-10-05 01:00:17Z,DET,in,0.25,Q1 0:00,-4.0,8148,Jameson Williams,WR,12.7,1.6,9.88,11.48,10.83,11.12,0.221,1.0,11.48,,0.0,0
2026-10-05 01:00:17Z,DET,in,0.25,Q1 0:00,-4.0,7891,Brock Wright,TE,1.5,0.0,1.14,1.14,1.05,1.12,0.25,1.0,1.14,,0.0,0
2026-10-05 01:00:17Z,DET,in,0.25,Q1 0:00,-4.0,7547,Amon-Ra St. Brown,WR,20.0,4.3,15.77,20.07,19.17,19.3,0.1,1.0,20.07,,0.0,0
2026-10-05 01:00:17Z,CAR,in,0.25,Q1 0:00,4.0,12526,Tetairoa McMillan,WR,16.4,9.2,12.24,21.44,22.46,21.5,0.031,1.0,21.44,,0.0,0
2026-10-05 01:00:17Z,CAR,in,0.25,Q1 0:00,4.0,11646,Jalen Coker,WR,8.5,0.0,5.78,5.78,5.98,6.38,0.25,1.0,5.78,,0.0,0
2026-10-05 01:00:17Z,DET,in,0.25,Q1 0:00,-4.0,DET,Detroit Lions D/ST,DST,5.7,5.0,-0.34,4.66,9.95,9.28,0.031,1.0,4.66,,0.0,0
2026-10-05 01:00:17Z,DET,in,0.25,Q1 0:00,-4.0,11729,Sione Vaki,RB,2.6,0.0,1.81,1.81,1.83,1.95,0.25,1.0,1.81,,0.0,0
2026-10-05 01:00:17Z,CAR,in,0.25,Q1 0:00,4.0,11600,Ja'Tavion Sanders,TE,2.7,0.0,1.84,1.84,1.9,2.03,0.25,1.0,1.84,,0.0,0
2026-10-05 01:00:17Z,CAR,in,0.25,Q1 0:00,4.0,7594,Chuba Hubbard,RB,16.6,9.8,13.46,23.26,23.31,22.25,0.031,1.0,23.26,,0.0,0
2026-10-05 01:00:17Z,DET,in,0.25,Q1 0:00,-4.0,11539,Jake Bates,K,9.5,5.0,7.62,12.62,12.62,12.12,0.201,1.0,12.62,,0.0,0
2026-10-05 01:00:17Z,CAR,in,0.25,Q1 0:00,4.0,2505,Darren Waller,TE,8.8,0.0,5.99,5.99,6.19,6.6,0.25,1.0,5.99,,0.0,0
2026-10-05 01:01:18Z,CAR,in,0.25,Q1 0:00,4.0,11157,Brycen Tremayne,WR,5.6,0.0,3.81,3.81,3.94,4.2,0.25,1.0,3.81,,0.0,0
2026-10-05 01:01:18Z,CAR,in,0.25,Q1 0:00,4.0,12961,Ryan Fitzgerald,K,7.3,1.0,5.32,6.32,6.32,6.47,0.031,1.0,6.32,,0.0,0
2026-10-05 01:01:18Z,DET,in,0.25,Q1 0:00,-4.0,12535,Isaac TeSlaa,WR,5.3,0.0,4.04,4.04,3.73,3.97,0.25,1.0,4.04,,0.0,0
2026-10-05 01:01:18Z,DET,in,0.25,Q1 0:00,-4.0,10859,Sam LaPorta,TE,13.0,2.9,10.26,13.16,12.58,12.65,0.018,1.0,13.16,,0.0,0
2026-10-05 01:01:18Z,DET,in,0.25,Q1 0:00,-4.0,11237,Jacob Saylors,RB,1.7,0.0,1.18,1.18,1.2,1.27,0.25,1.0,1.18,,0.0,0
2026-10-05 01:01:18Z,CAR,in,0.25,Q1 0:00,4.0,9228,Bryce Young,QB,19.4,3.42,13.84,17.26,17.7,17.97,0.031,1.0,17.26,,0.0,0
2026-10-05 01:01:18Z,CAR,in,0.25,Q1 0:00,4.0,7694,Tommy Tremble,TE,3.8,2.9,2.93,5.83,6.12,5.75,0.042,1.0,5.83,,0.0,0
2026-10-05 01:01:18Z,CAR,in,0.25,Q1 0:00,4.0,8160,Kenny Pickett,QB,0.6,0.0,0.4,0.4,0.42,0.45,0.25,0.3,0.12,,0.0,0
2026-10-05 01:01:18Z,CAR,in,0.25,Q1 0:00,4.0,CAR,Carolina Panthers D/ST,DST,4.2,7.0,-1.34,5.66,11.27,10.15,0.201,1.0,5.66,,0.0,0
2026-10-05 01:01:18Z,DET,in,0.25,Q1 0:00,-4.0,8250,Tay Martin,WR,0.8,0.0,0.61,0.61,0.56,0.6,0.25,1.0,0.61,,0.0,0
2026-10-05 01:01:18Z,DET,in,0.25,Q1 0:00,-4.0,4179,Joshua Dobbs,QB,0.6,0.0,0.47,0.47,0.42,0.45,0.25,0.7,0.33,,0.0,0
2026-10-05 01:01:18Z,DET,in,0.25,Q1 0:00,-4.0,9221,Jahmyr Gibbs,RB,25.7,2.8,18.58,21.38,21.4,22.07,0.0,1.0,21.38,,0.0,0
2026-10-05 01:01:18Z,DET,in,0.25,Q1 0:00,-4.0,3163,Jared Goff,QB,18.3,1.68,14.71,16.39,14.86,15.41,0.018,1.0,16.39,,0.0,0
2026-10-05 01:01:18Z,DET,in,0.25,Q1 0:00,-4.0,8148,Jameson Williams,WR,12.7,1.6,9.88,11.48,10.83,11.12,0.221,1.0,11.48,,0.0,0
2026-10-05 01:01:18Z,DET,in,0.25,Q1 0:00,-4.0,7891,Brock Wright,TE,1.5,0.0,1.14,1.14,1.05,1.12,0.25,1.0,1.14,,0.0,0
2026-10-05 01:01:18Z,DET,in,0.25,Q1 0:00,-4.0,7547,Amon-Ra St. Brown,WR,20.0,4.3,15.77,20.07,19.17,19.3,0.1,1.0,20.07,,0.0,0
2026-10-05 01:01:18Z,CAR,in,0.25,Q1 0:00,4.0,12526,Tetairoa McMillan,WR,16.4,9.2,12.24,21.44,22.46,21.5,0.031,1.0,21.44,,0.0,0
2026-10-05 01:01:18Z,CAR,in,0.25,Q1 0:00,4.0,11646,Jalen Coker,WR,8.5,0.0,5.78,5.78,5.98,6.38,0.25,1.0,5.78,,0.0,0
2026-10-05 01:01:18Z,DET,in,0.25,Q1 0:00,-4.0,DET,Detroit Lions D/ST,DST,5.7,5.0,-0.34,4.66,9.95,9.28,0.031,1.0,4.66,,0.0,0
2026-10-05 01:01:18Z,DET,in,0.25,Q1 0:00,-4.0,11729,Sione Vaki,RB,2.6,0.0,1.81,1.81,1.83,1.95,0.25,1.0,1.81,,0.0,0
2026-10-05 01:01:18Z,CAR,in,0.25,Q1 0:00,4.0,11600,Ja'Tavion Sanders,TE,2.7,0.0,1.84,1.84,1.9,2.03,0.25,1.0,1.84,,0.0,0
2026-10-05 01:01:18Z,CAR,in,0.25,Q1 0:00,4.0,7594,Chuba Hubbard,RB,16.6,9.8,13.46,23.26,23.31,22.25,0.031,1.0,23.26,,0.0,0
2026-10-05 01:01:18Z,DET,in,0.25,Q1 0:00,-4.0,11539,Jake Bates,K,9.5,5.0,7.62,12.62,12.62,12.12,0.201,1.0,12.62,,0.0,0
2026-10-05 01:01:18Z,CAR,in,0.25,Q1 0:00,4.0,2505,Darren Waller,TE,8.8,0.0,5.99,5.99,6.19,6.6,0.25,1.0,5.99,,0.0,0
2026-10-05 01:02:18Z,CAR,in,0.25,Q2 15:00,4.0,11157,Brycen Tremayne,WR,5.6,0.0,3.81,3.81,3.94,4.2,0.25,1.0,3.81,,0.0,0
2026-10-05 01:02:18Z,CAR,in,0.25,Q2 15:00,4.0,12961,Ryan Fitzgerald,K,7.3,1.0,5.32,6.32,6.32,6.47,0.031,1.0,6.32,,0.0,0
2026-10-05 01:02:18Z,DET,in,0.25,Q2 15:00,-4.0,12535,Isaac TeSlaa,WR,5.3,0.0,4.04,4.04,3.73,3.97,0.25,1.0,4.04,,0.0,0
2026-10-05 01:02:18Z,DET,in,0.25,Q2 15:00,-4.0,10859,Sam LaPorta,TE,13.0,2.9,10.26,13.16,12.58,12.65,0.018,1.0,13.16,,0.0,0
2026-10-05 01:02:18Z,DET,in,0.25,Q2 15:00,-4.0,11237,Jacob Saylors,RB,1.7,0.0,1.18,1.18,1.2,1.27,0.25,1.0,1.18,,0.0,0
2026-10-05 01:02:18Z,CAR,in,0.25,Q2 15:00,4.0,9228,Bryce Young,QB,19.4,3.42,13.84,17.26,17.7,17.97,0.031,1.0,17.26,,0.0,0
2026-10-05 01:02:18Z,CAR,in,0.25,Q2 15:00,4.0,7694,Tommy Tremble,TE,3.8,2.9,2.93,5.83,6.12,5.75,0.042,1.0,5.83,,0.0,0
2026-10-05 01:02:18Z,CAR,in,0.25,Q2 15:00,4.0,8160,Kenny Pickett,QB,0.6,0.0,0.4,0.4,0.42,0.45,0.25,0.3,0.12,,0.0,0
2026-10-05 01:02:18Z,CAR,in,0.25,Q2 15:00,4.0,CAR,Carolina Panthers D/ST,DST,4.2,7.0,-1.34,5.66,11.27,10.15,0.201,1.0,5.66,,0.0,0
2026-10-05 01:02:18Z,DET,in,0.25,Q2 15:00,-4.0,8250,Tay Martin,WR,0.8,0.0,0.61,0.61,0.56,0.6,0.25,1.0,0.61,,0.0,0
2026-10-05 01:02:18Z,DET,in,0.25,Q2 15:00,-4.0,4179,Joshua Dobbs,QB,0.6,0.0,0.47,0.47,0.42,0.45,0.25,0.7,0.33,,0.0,0
2026-10-05 01:02:18Z,DET,in,0.25,Q2 15:00,-4.0,9221,Jahmyr Gibbs,RB,25.7,2.8,18.58,21.38,21.4,22.07,0.0,1.0,21.38,,0.0,0
2026-10-05 01:02:18Z,DET,in,0.25,Q2 15:00,-4.0,3163,Jared Goff,QB,18.3,1.68,14.71,16.39,14.86,15.41,0.018,1.0,16.39,,0.0,0
2026-10-05 01:02:18Z,DET,in,0.25,Q2 15:00,-4.0,8148,Jameson Williams,WR,12.7,1.6,9.88,11.48,10.83,11.12,0.221,1.0,11.48,,0.0,0
2026-10-05 01:02:18Z,DET,in,0.25,Q2 15:00,-4.0,7891,Brock Wright,TE,1.5,0.0,1.14,1.14,1.05,1.12,0.25,1.0,1.14,,0.0,0
2026-10-05 01:02:18Z,DET,in,0.25,Q2 15:00,-4.0,7547,Amon-Ra St. Brown,WR,20.0,4.3,15.77,20.07,19.17,19.3,0.1,1.0,20.07,,0.0,0
2026-10-05 01:02:18Z,CAR,in,0.25,Q2 15:00,4.0,12526,Tetairoa McMillan,WR,16.4,9.2,12.24,21.44,22.46,21.5,0.031,1.0,21.44,,0.0,0
2026-10-05 01:02:18Z,CAR,in,0.25,Q2 15:00,4.0,11646,Jalen Coker,WR,8.5,0.0,5.78,5.78,5.98,6.38,0.25,1.0,5.78,,0.0,0
2026-10-05 01:02:18Z,DET,in,0.25,Q2 15:00,-4.0,DET,Detroit Lions D/ST,DST,5.7,5.0,-0.34,4.66,9.95,9.28,0.031,1.0,4.66,,0.0,0
2026-10-05 01:02:18Z,DET,in,0.25,Q2 15:00,-4.0,11729,Sione Vaki,RB,2.6,0.0,1.81,1.81,1.83,1.95,0.25,1.0,1.81,,0.0,0
2026-10-05 01:02:18Z,CAR,in,0.25,Q2 15:00,4.0,11600,Ja'Tavion Sanders,TE,2.7,0.0,1.84,1.84,1.9,2.03,0.25,1.0,1.84,,0.0,0
2026-10-05 01:02:18Z,CAR,in,0.25,Q2 15:00,4.0,7594,Chuba Hubbard,RB,16.6,9.8,13.46,23.26,23.31,22.25,0.031,1.0,23.26,,0.0,0
2026-10-05 01:02:18Z,DET,in,0.25,Q2 15:00,-4.0,11539,Jake Bates,K,9.5,5.0,7.62,12.62,12.62,12.12,0.201,1.0,12.62,,0.0,0
2026-10-05 01:02:18Z,CAR,in,0.25,Q2 15:00,4.0,2505,Darren Waller,TE,8.8,0.0,5.99,5.99,6.19,6.6,0.25,1.0,5.99,,0.0,0
2026-10-05 01:03:19Z,CAR,in,0.25,Q2 15:00,4.0,11157,Brycen Tremayne,WR,5.6,0.0,3.81,3.81,3.94,4.2,0.25,1.0,3.81,,0.0,0
2026-10-05 01:03:19Z,CAR,in,0.25,Q2 15:00,4.0,12961,Ryan Fitzgerald,K,7.3,1.0,5.32,6.32,6.32,6.47,0.031,1.0,6.32,,0.0,0
2026-10-05 01:03:19Z,DET,in,0.25,Q2 15:00,-4.0,12535,Isaac TeSlaa,WR,5.3,0.0,4.04,4.04,3.73,3.97,0.25,1.0,4.04,,0.0,0
2026-10-05 01:03:19Z,DET,in,0.25,Q2 15:00,-4.0,10859,Sam LaPorta,TE,13.0,2.9,10.26,13.16,12.58,12.65,0.018,1.0,13.16,,0.0,0
2026-10-05 01:03:19Z,DET,in,0.25,Q2 15:00,-4.0,11237,Jacob Saylors,RB,1.7,0.0,1.18,1.18,1.2,1.27,0.25,1.0,1.18,,0.0,0
2026-10-05 01:03:19Z,CAR,in,0.25,Q2 15:00,4.0,9228,Bryce Young,QB,19.4,3.42,13.84,17.26,17.7,17.97,0.031,1.0,17.26,,0.0,0
2026-10-05 01:03:19Z,CAR,in,0.25,Q2 15:00,4.0,7694,Tommy Tremble,TE,3.8,2.9,2.93,5.83,6.12,5.75,0.042,1.0,5.83,,0.0,0
2026-10-05 01:03:19Z,CAR,in,0.25,Q2 15:00,4.0,8160,Kenny Pickett,QB,0.6,0.0,0.4,0.4,0.42,0.45,0.25,0.3,0.12,,0.0,0
2026-10-05 01:03:19Z,CAR,in,0.25,Q2 15:00,4.0,CAR,Carolina Panthers D/ST,DST,4.2,7.0,-1.34,5.66,11.27,10.15,0.201,1.0,5.66,,0.0,0
2026-10-05 01:03:19Z,DET,in,0.25,Q2 15:00,-4.0,8250,Tay Martin,WR,0.8,0.0,0.61,0.61,0.56,0.6,0.25,1.0,0.61,,0.0,0
2026-10-05 01:03:19Z,DET,in,0.25,Q2 15:00,-4.0,4179,Joshua Dobbs,QB,0.6,0.0,0.47,0.47,0.42,0.45,0.25,0.7,0.33,,0.0,0
2026-10-05 01:03:19Z,DET,in,0.25,Q2 15:00,-4.0,9221,Jahmyr Gibbs,RB,25.7,2.8,18.58,21.38,21.4,22.07,0.0,1.0,21.38,,0.0,0
2026-10-05 01:03:19Z,DET,in,0.25,Q2 15:00,-4.0,3163,Jared Goff,QB,18.3,1.68,14.71,16.39,14.86,15.41,0.018,1.0,16.39,,0.0,0
2026-10-05 01:03:19Z,DET,in,0.25,Q2 15:00,-4.0,8148,Jameson Williams,WR,12.7,1.6,9.88,11.48,10.83,11.12,0.221,1.0,11.48,,0.0,0
2026-10-05 01:03:19Z,DET,in,0.25,Q2 15:00,-4.0,7891,Brock Wright,TE,1.5,0.0,1.14,1.14,1.05,1.12,0.25,1.0,1.14,,0.0,0
2026-10-05 01:03:19Z,DET,in,0.25,Q2 15:00,-4.0,7547,Amon-Ra St. Brown,WR,20.0,4.3,15.77,20.07,19.17,19.3,0.1,1.0,20.07,,0.0,0
2026-10-05 01:03:19Z,CAR,in,0.25,Q2 15:00,4.0,12526,Tetairoa McMillan,WR,16.4,9.2,12.24,21.44,22.46,21.5,0.031,1.0,21.44,,0.0,0
2026-10-05 01:03:19Z,CAR,in,0.25,Q2 15:00,4.0,11646,Jalen Coker,WR,8.5,0.0,5.78,5.78,5.98,6.38,0.25,1.0,5.78,,0.0,0
2026-10-05 01:03:19Z,DET,in,0.25,Q2 15:00,-4.0,DET,Detroit Lions D/ST,DST,5.7,5.0,-0.34,4.66,9.95,9.28,0.031,1.0,4.66,,0.0,0
2026-10-05 01:03:19Z,DET,in,0.25,Q2 15:00,-4.0,11729,Sione Vaki,RB,2.6,0.0,1.81,1.81,1.83,1.95,0.25,1.0,1.81,,0.0,0
2026-10-05 01:03:19Z,CAR,in,0.25,Q2 15:00,4.0,11600,Ja'Tavion Sanders,TE,2.7,0.0,1.84,1.84,1.9,2.03,0.25,1.0,1.84,,0.0,0
2026-10-05 01:03:19Z,CAR,in,0.25,Q2 15:00,4.0,7594,Chuba Hubbard,RB,16.6,9.8,13.46,23.26,23.31,22.25,0.031,1.0,23.26,,0.0,0
2026-10-05 01:03:19Z,DET,in,0.25,Q2 15:00,-4.0,11539,Jake Bates,K,9.5,5.0,7.62,12.62,12.62,12.12,0.201,1.0,12.62,,0.0,0
2026-10-05 01:03:19Z,CAR,in,0.25,Q2 15:00,4.0,2505,Darren Waller,TE,8.8,0.0,5.99,5.99,6.19,6.6,0.25,1.0,5.99,,0.0,0
2026-10-05 01:04:19Z,CAR,in,0.26,Q2 14:25,4.0,11157,Brycen Tremayne,WR,5.6,0.0,3.76,3.76,3.88,4.15,0.26,1.0,3.76,,0.0,0
2026-10-05 01:04:19Z,CAR,in,0.26,Q2 14:25,4.0,12961,Ryan Fitzgerald,K,7.3,1.0,5.24,6.24,6.24,6.4,0.04,1.0,6.24,,0.0,0
2026-10-05 01:04:19Z,DET,in,0.26,Q2 14:25,-4.0,12535,Isaac TeSlaa,WR,5.3,0.0,3.99,3.99,3.67,3.92,0.26,1.0,3.99,,0.0,0
2026-10-05 01:04:19Z,DET,in,0.26,Q2 14:25,-4.0,10859,Sam LaPorta,TE,13.0,4.6,10.32,14.92,14.45,14.22,0.0,1.0,14.92,,0.0,0
2026-10-05 01:04:19Z,DET,in,0.26,Q2 14:25,-4.0,11237,Jacob Saylors,RB,1.7,0.0,1.16,1.16,1.18,1.26,0.26,1.0,1.16,,0.0,0
2026-10-05 01:04:19Z,CAR,in,0.26,Q2 14:25,4.0,9228,Bryce Young,QB,19.4,3.42,13.63,17.05,17.48,17.78,0.04,1.0,17.05,,0.0,0
2026-10-05 01:04:19Z,CAR,in,0.26,Q2 14:25,4.0,7694,Tommy Tremble,TE,3.8,2.9,2.89,5.79,6.07,5.71,0.052,1.0,5.79,,0.0,0
2026-10-05 01:04:19Z,CAR,in,0.26,Q2 14:25,4.0,8160,Kenny Pickett,QB,0.6,0.0,0.39,0.39,0.42,0.44,0.26,0.3,0.12,,0.0,0
2026-10-05 01:04:19Z,CAR,in,0.26,Q2 14:25,4.0,CAR,Carolina Panthers D/ST,DST,4.2,7.0,-1.32,5.68,11.2,10.11,0.211,1.0,5.68,,0.0,0
2026-10-05 01:04:19Z,DET,in,0.26,Q2 14:25,-4.0,8250,Tay Martin,WR,0.8,0.0,0.6,0.6,0.55,0.59,0.26,1.0,0.6,,0.0,0
2026-10-05 01:04:19Z,DET,in,0.26,Q2 14:25,-4.0,4179,Joshua Dobbs,QB,0.6,0.0,0.46,0.46,0.42,0.44,0.26,0.671,0.31,,0.0,0
2026-10-05 01:04:19Z,DET,in,0.26,Q2 14:25,-4.0,9221,Jahmyr Gibbs,RB,25.7,2.3,18.15,20.45,20.52,21.33,0.0,1.0,20.45,,0.0,0
2026-10-05 01:04:19Z,DET,in,0.26,Q2 14:25,-4.0,3163,Jared Goff,QB,18.3,1.96,14.57,16.53,14.99,15.51,0.0,1.0,16.53,,0.0,0
2026-10-05 01:04:19Z,DET,in,0.26,Q2 14:25,-4.0,8148,Jameson Williams,WR,12.7,1.6,9.75,11.35,10.69,11.0,0.231,1.0,11.35,,0.0,0
2026-10-05 01:04:19Z,DET,in,0.26,Q2 14:25,-4.0,7891,Brock Wright,TE,1.5,0.0,1.13,1.13,1.04,1.11,0.26,1.0,1.13,,0.0,0
2026-10-05 01:04:19Z,DET,in,0.26,Q2 14:25,-4.0,7547,Amon-Ra St. Brown,WR,20.0,4.3,15.56,19.86,18.94,19.11,0.109,1.0,19.86,,0.0,0
2026-10-05 01:04:19Z,CAR,in,0.26,Q2 14:25,4.0,12526,Tetairoa McMillan,WR,16.4,9.2,12.08,21.28,22.25,21.34,0.04,1.0,21.28,,0.0,0
2026-10-05 01:04:19Z,CAR,in,0.26,Q2 14:25,4.0,11646,Jalen Coker,WR,8.5,0.0,5.71,5.71,5.88,6.29,0.26,1.0,5.71,,0.0,0
2026-10-05 01:04:19Z,DET,in,0.26,Q2 14:25,-4.0,DET,Detroit Lions D/ST,DST,5.7,5.0,-0.34,4.66,9.87,9.22,0.04,1.0,4.66,,0.0,0
2026-10-05 01:04:19Z,DET,in,0.26,Q2 14:25,-4.0,11729,Sione Vaki,RB,2.6,0.0,1.78,1.78,1.8,1.92,0.26,1.0,1.78,,0.0,0
2026-10-05 01:04:19Z,CAR,in,0.26,Q2 14:25,4.0,11600,Ja'Tavion Sanders,TE,2.7,0.0,1.81,1.81,1.87,2.0,0.26,1.0,1.81,,0.0,0
2026-10-05 01:04:19Z,CAR,in,0.26,Q2 14:25,4.0,7594,Chuba Hubbard,RB,16.6,9.8,13.27,23.07,23.1,22.09,0.04,1.0,23.07,,0.0,0
2026-10-05 01:04:19Z,DET,in,0.26,Q2 14:25,-4.0,11539,Jake Bates,K,9.5,5.0,7.5,12.5,12.5,12.03,0.211,1.0,12.5,,0.0,0
2026-10-05 01:04:19Z,CAR,in,0.26,Q2 14:25,4.0,2505,Darren Waller,TE,8.8,0.0,5.91,5.91,6.09,6.51,0.26,1.0,5.91,,0.0,0
2026-10-05 01:05:19Z,CAR,in,0.281,Q2 13:10,4.0,11157,Brycen Tremayne,WR,5.6,0.0,3.66,3.66,3.75,4.03,0.281,1.0,3.66,,0.0,0
2026-10-05 01:05:19Z,CAR,in,0.281,Q2 13:10,4.0,12961,Ryan Fitzgerald,K,7.3,1.0,5.06,6.06,6.06,6.25,0.061,1.0,6.06,,0.0,0
2026-10-05 01:05:19Z,DET,in,0.281,Q2 13:10,-4.0,12535,Isaac TeSlaa,WR,5.3,0.0,3.88,3.88,3.55,3.81,0.281,1.0,3.88,,0.0,0
2026-10-05 01:05:19Z,DET,in,0.281,Q2 13:10,-4.0,10859,Sam LaPorta,TE,13.0,4.6,10.02,14.62,14.12,13.95,0.021,1.0,14.62,,0.0,0
2026-10-05 01:05:19Z,DET,in,0.281,Q2 13:10,-4.0,11237,Jacob Saylors,RB,1.7,0.0,1.12,1.12,1.14,1.22,0.281,1.0,1.12,,0.0,0
2026-10-05 01:05:19Z,CAR,in,0.281,Q2 13:10,4.0,9228,Bryce Young,QB,19.4,3.42,13.18,16.6,17.01,17.38,0.061,1.0,16.6,,0.0,0
2026-10-05 01:05:19Z,CAR,in,0.281,Q2 13:10,4.0,7694,Tommy Tremble,TE,3.8,2.9,2.81,5.71,5.96,5.63,0.073,1.0,5.71,,0.0,0
2026-10-05 01:05:19Z,CAR,in,0.281,Q2 13:10,4.0,8160,Kenny Pickett,QB,0.6,0.0,0.38,0.38,0.4,0.43,0.281,0.3,0.11,,0.0,0
2026-10-05 01:05:19Z,CAR,in,0.281,Q2 13:10,4.0,CAR,Carolina Panthers D/ST,DST,4.2,7.0,-1.28,5.72,11.07,10.02,0.232,1.0,5.72,,0.0,0
2026-10-05 01:05:19Z,DET,in,0.281,Q2 13:10,-4.0,8250,Tay Martin,WR,0.8,0.0,0.59,0.59,0.54,0.58,0.281,1.0,0.59,,0.0,0
2026-10-05 01:05:19Z,DET,in,0.281,Q2 13:10,-4.0,4179,Joshua Dobbs,QB,0.6,0.0,0.45,0.45,0.4,0.43,0.281,0.608,0.27,,0.0,0
2026-10-05 01:05:19Z,DET,in,0.281,Q2 13:10,-4.0,9221,Jahmyr Gibbs,RB,25.7,3.9,17.93,21.83,21.79,22.39,0.0,1.0,21.83,,0.0,0
2026-10-05 01:05:19Z,DET,in,0.281,Q2 13:10,-4.0,3163,Jared Goff,QB,18.3,1.96,14.12,16.08,14.55,15.13,0.021,1.0,16.08,,0.0,0
2026-10-05 01:05:19Z,DET,in,0.281,Q2 13:10,-4.0,8148,Jameson Williams,WR,12.7,1.6,9.46,11.06,10.38,10.74,0.251,1.0,11.06,,0.0,0
2026-10-05 01:05:19Z,DET,in,0.281,Q2 13:10,-4.0,7891,Brock Wright,TE,1.5,0.0,1.1,1.1,1.0,1.08,0.281,1.0,1.1,,0.0,0
2026-10-05 01:05:19Z,DET,in,0.281,Q2 13:10,-4.0,7547,Amon-Ra St. Brown,WR,20.0,4.3,15.1,19.4,18.45,18.69,0.13,1.0,19.4,,0.0,0
2026-10-05 01:05:19Z,CAR,in,0.281,Q2 13:10,4.0,12526,Tetairoa McMillan,WR,16.4,9.2,11.75,20.95,21.83,21.0,0.061,1.0,20.95,,0.0,0
2026-10-05 01:05:19Z,CAR,in,0.281,Q2 13:10,4.0,11646,Jalen Coker,WR,8.5,0.0,5.56,5.56,5.69,6.12,0.281,1.0,5.56,,0.0,0
2026-10-05 01:05:19Z,DET,in,0.281,Q2 13:10,-4.0,DET,Detroit Lions D/ST,DST,5.7,5.0,-0.33,4.67,9.71,9.1,0.061,1.0,4.67,,0.0,0
2026-10-05 01:05:19Z,DET,in,0.281,Q2 13:10,-4.0,11729,Sione Vaki,RB,2.6,0.0,1.71,1.71,1.74,1.87,0.281,1.0,1.71,,0.0,0
2026-10-05 01:05:19Z,CAR,in,0.281,Q2 13:10,4.0,11600,Ja'Tavion Sanders,TE,2.7,0.0,1.77,1.77,1.81,1.94,0.281,1.0,1.77,,0.0,0
2026-10-05 01:05:19Z,CAR,in,0.281,Q2 13:10,4.0,7594,Chuba Hubbard,RB,16.6,9.8,12.86,22.66,22.67,21.74,0.061,1.0,22.66,,0.0,0
2026-10-05 01:05:19Z,DET,in,0.281,Q2 13:10,-4.0,11539,Jake Bates,K,9.5,5.0,7.25,12.25,12.25,11.83,0.232,1.0,12.25,,0.0,0
2026-10-05 01:05:19Z,CAR,in,0.281,Q2 13:10,4.0,2505,Darren Waller,TE,8.8,0.0,5.76,5.76,5.89,6.33,0.281,1.0,5.76,,0.0,0
2026-10-05 01:06:20Z,CAR,in,0.286,Q2 12:49,4.0,11157,Brycen Tremayne,WR,5.6,0.0,3.64,3.64,3.71,4.0,0.286,1.0,3.64,,0.0,0
2026-10-05 01:06:20Z,CAR,in,0.286,Q2 12:49,4.0,12961,Ryan Fitzgerald,K,7.3,1.0,5.01,6.01,6.01,6.21,0.067,1.0,6.01,,0.0,0
2026-10-05 01:06:20Z,DET,in,0.286,Q2 12:49,-4.0,12535,Isaac TeSlaa,WR,5.3,0.0,3.84,3.84,3.51,3.78,0.286,1.0,3.84,,0.0,0
2026-10-05 01:06:20Z,DET,in,0.286,Q2 12:49,-4.0,10859,Sam LaPorta,TE,13.0,4.6,9.93,14.53,14.03,13.88,0.027,1.0,14.53,,0.0,0
2026-10-05 01:06:20Z,DET,in,0.286,Q2 12:49,-4.0,11237,Jacob Saylors,RB,1.7,0.0,1.11,1.11,1.13,1.21,0.286,1.0,1.11,,0.0,0
2026-10-05 01:06:20Z,CAR,in,0.286,Q2 12:49,4.0,9228,Bryce Young,QB,19.4,3.42,13.05,16.47,16.88,17.26,0.067,1.0,16.47,,0.0,0
2026-10-05 01:06:20Z,CAR,in,0.286,Q2 12:49,4.0,7694,Tommy Tremble,TE,3.8,2.9,2.79,5.69,5.93,5.61,0.079,1.0,5.69,,0.0,0
2026-10-05 01:06:20Z,CAR,in,0.286,Q2 12:49,4.0,8160,Kenny Pickett,QB,0.6,0.0,0.38,0.38,0.4,0.43,0.286,0.3,0.11,,0.0,0
2026-10-05 01:06:20Z,CAR,in,0.286,Q2 12:49,4.0,CAR,Carolina Panthers D/ST,DST,4.2,7.0,-1.26,5.74,11.03,10.0,0.238,1.0,5.74,,0.0,0
2026-10-05 01:06:20Z,DET,in,0.286,Q2 12:49,-4.0,8250,Tay Martin,WR,0.8,0.0,0.58,0.58,0.53,0.57,0.286,1.0,0.58,,0.0,0
2026-10-05 01:06:20Z,DET,in,0.286,Q2 12:49,-4.0,4179,Joshua Dobbs,QB,0.6,0.0,0.44,0.44,0.4,0.43,0.286,0.591,0.26,,0.0,0
2026-10-05 01:06:20Z,DET,in,0.286,Q2 12:49,-4.0,9221,Jahmyr Gibbs,RB,25.7,4.1,17.8,21.9,21.86,22.44,0.0,1.0,21.9,,0.0,0
2026-10-05 01:06:20Z,DET,in,0.286,Q2 12:49,-4.0,3163,Jared Goff,QB,18.3,1.96,13.99,15.95,14.43,15.02,0.027,1.0,15.95,,0.0,0
2026-10-05 01:06:20Z,DET,in,0.286,Q2 12:49,-4.0,8148,Jameson Williams,WR,12.7,1.6,9.39,10.99,10.3,10.66,0.257,1.0,10.99,,0.0,0
2026-10-05 01:06:20Z,DET,in,0.286,Q2 12:49,-4.0,7891,Brock Wright,TE,1.5,0.0,1.09,1.09,0.99,1.07,0.286,1.0,1.09,,0.0,0
2026-10-05 01:06:20Z,DET,in,0.286,Q2 12:49,-4.0,7547,Amon-Ra St. Brown,WR,20.0,4.3,14.98,19.28,18.32,18.57,0.136,1.0,19.28,,0.0,0
2026-10-05 01:06:20Z,CAR,in,0.286,Q2 12:49,4.0,12526,Tetairoa McMillan,WR,16.4,9.2,11.66,20.86,21.71,20.9,0.067,1.0,20.86,,0.0,0
2026-10-05 01:06:20Z,CAR,in,0.286,Q2 12:49,4.0,11646,Jalen Coker,WR,8.5,0.0,5.52,5.52,5.63,6.07,0.286,1.0,5.52,,0.0,0
2026-10-05 01:06:20Z,DET,in,0.286,Q2 12:49,-4.0,DET,Detroit Lions D/ST,DST,5.7,5.0,-0.33,4.67,9.67,9.07,0.067,1.0,4.67,,0.0,0
2026-10-05 01:06:20Z,DET,in,0.286,Q2 12:49,-4.0,11729,Sione Vaki,RB,2.6,0.0,1.7,1.7,1.72,1.86,0.286,1.0,1.7,,0.0,0
2026-10-05 01:06:20Z,CAR,in,0.286,Q2 12:49,4.0,11600,Ja'Tavion Sanders,TE,2.7,0.0,1.75,1.75,1.79,1.93,0.286,1.0,1.75,,0.0,0
2026-10-05 01:06:20Z,CAR,in,0.286,Q2 12:49,4.0,7594,Chuba Hubbard,RB,16.6,9.8,12.74,22.54,22.55,21.65,0.067,1.0,22.54,,0.0,0
2026-10-05 01:06:20Z,DET,in,0.286,Q2 12:49,-4.0,11539,Jake Bates,K,9.5,5.0,7.19,12.19,12.19,11.78,0.238,1.0,12.19,,0.0,0
2026-10-05 01:06:20Z,CAR,in,0.286,Q2 12:49,4.0,2505,Darren Waller,TE,8.8,0.0,5.71,5.71,5.83,6.28,0.286,1.0,5.71,,0.0,0
2026-10-05 01:07:20Z,CAR,in,0.287,Q2 12:46,4.0,11157,Brycen Tremayne,WR,5.6,0.0,3.63,3.63,3.7,3.99,0.287,1.0,3.63,,0.0,0
2026-10-05 01:07:20Z,CAR,in,0.287,Q2 12:46,4.0,12961,Ryan Fitzgerald,K,7.3,1.0,5.01,6.01,6.01,6.2,0.068,1.0,6.01,,0.0,0
2026-10-05 01:07:20Z,DET,in,0.287,Q2 12:46,-4.0,12535,Isaac TeSlaa,WR,5.3,0.0,3.84,3.84,3.51,3.78,0.287,1.0,3.84,,0.0,0
2026-10-05 01:07:20Z,DET,in,0.287,Q2 12:46,-4.0,10859,Sam LaPorta,TE,13.0,4.6,9.92,14.52,14.02,13.87,0.027,1.0,14.52,,0.0,0
2026-10-05 01:07:20Z,DET,in,0.287,Q2 12:46,-4.0,11237,Jacob Saylors,RB,1.7,0.0,1.11,1.11,1.12,1.21,0.287,1.0,1.11,,0.0,0
2026-10-05 01:07:20Z,CAR,in,0.287,Q2 12:46,4.0,9228,Bryce Young,QB,19.4,3.42,13.04,16.46,16.86,17.25,0.068,1.0,16.46,,0.0,0
2026-10-05 01:07:20Z,CAR,in,0.287,Q2 12:46,4.0,7694,Tommy Tremble,TE,3.8,2.9,2.78,5.68,5.93,5.61,0.079,1.0,5.68,,0.0,0
2026-10-05 01:07:20Z,CAR,in,0.287,Q2 12:46,4.0,8160,Kenny Pickett,QB,0.6,0.0,0.38,0.38,0.4,0.43,0.287,0.3,0.11,,0.0,0
2026-10-05 01:07:20Z,CAR,in,0.287,Q2 12:46,4.0,CAR,Carolina Panthers D/ST,DST,4.2,7.0,-1.26,5.74,11.03,9.99,0.239,1.0,5.74,,0.0,0
2026-10-05 01:07:20Z,DET,in,0.287,Q2 12:46,-4.0,8250,Tay Martin,WR,0.8,0.0,0.58,0.58,0.53,0.57,0.287,1.0,0.58,,0.0,0
2026-10-05 01:07:20Z,DET,in,0.287,Q2 12:46,-4.0,4179,Joshua Dobbs,QB,0.6,0.0,0.44,0.44,0.4,0.43,0.287,0.588,0.26,,0.0,0
2026-10-05 01:07:20Z,DET,in,0.287,Q2 12:46,-4.0,9221,Jahmyr Gibbs,RB,25.7,4.1,17.78,21.88,21.83,22.42,0.001,1.0,21.88,,0.0,0
2026-10-05 01:07:20Z,DET,in,0.287,Q2 12:46,-4.0,3163,Jared Goff,QB,18.3,1.96,13.97,15.93,14.42,15.0,0.027,1.0,15.93,,0.0,0
2026-10-05 01:07:20Z,DET,in,0.287,Q2 12:46,-4.0,8148,Jameson Williams,WR,12.7,1.6,9.37,10.97,10.29,10.65,0.258,1.0,10.97,,0.0,0
2026-10-05 01:07:20Z,DET,in,0.287,Q2 12:46,-4.0,7891,Brock Wright,TE,1.5,0.0,1.09,1.09,0.99,1.07,0.287,1.0,1.09,,0.0,0
2026-10-05 01:07:20Z,DET,in,0.287,Q2 12:46,-4.0,7547,Amon-Ra St. Brown,WR,20.0,4.3,14.96,19.26,18.3,18.56,0.137,1.0,19.26,,0.0,0
2026-10-05 01:07:20Z,CAR,in,0.287,Q2 12:46,4.0,12526,Tetairoa McMillan,WR,16.4,9.2,11.64,20.84,21.69,20.89,0.068,1.0,20.84,,0.0,0
2026-10-05 01:07:20Z,CAR,in,0.287,Q2 12:46,4.0,11646,Jalen Coker,WR,8.5,0.0,5.51,5.51,5.62,6.06,0.287,1.0,5.51,,0.0,0
2026-10-05 01:07:20Z,DET,in,0.287,Q2 12:46,-4.0,DET,Detroit Lions D/ST,DST,5.7,5.0,-0.33,4.67,9.66,9.06,0.068,1.0,4.67,,0.0,0
2026-10-05 01:07:20Z,DET,in,0.287,Q2 12:46,-4.0,11729,Sione Vaki,RB,2.6,0.0,1.69,1.69,1.72,1.85,0.287,1.0,1.69,,0.0,0
2026-10-05 01:07:20Z,CAR,in,0.287,Q2 12:46,4.0,11600,Ja'Tavion Sanders,TE,2.7,0.0,1.75,1.75,1.79,1.92,0.287,1.0,1.75,,0.0,0
2026-10-05 01:07:20Z,CAR,in,0.287,Q2 12:46,4.0,7594,Chuba Hubbard,RB,16.6,9.8,12.72,22.52,22.53,21.63,0.068,1.0,22.52,,0.0,0
2026-10-05 01:07:20Z,DET,in,0.287,Q2 12:46,-4.0,11539,Jake Bates,K,9.5,5.0,7.18,12.18,12.18,11.77,0.239,1.0,12.18,,0.0,0
2026-10-05 01:07:20Z,CAR,in,0.287,Q2 12:46,4.0,2505,Darren Waller,TE,8.8,0.0,5.71,5.71,5.82,6.27,0.287,1.0,5.71,,0.0,0
2026-10-05 01:08:21Z,CAR,in,0.287,Q2 12:46,4.0,11157,Brycen Tremayne,WR,5.6,0.0,3.63,3.63,3.7,3.99,0.287,1.0,3.63,,0.0,0
2026-10-05 01:08:21Z,CAR,in,0.287,Q2 12:46,4.0,12961,Ryan Fitzgerald,K,7.3,1.0,5.01,6.01,6.01,6.2,0.068,1.0,6.01,,0.0,0
2026-10-05 01:08:21Z,DET,in,0.287,Q2 12:46,-4.0,12535,Isaac TeSlaa,WR,5.3,0.0,3.84,3.84,3.51,3.78,0.287,1.0,3.84,,0.0,0
2026-10-05 01:08:21Z,DET,in,0.287,Q2 12:46,-4.0,10859,Sam LaPorta,TE,13.0,4.6,9.92,14.52,14.02,13.87,0.027,1.0,14.52,,0.0,0
2026-10-05 01:08:21Z,DET,in,0.287,Q2 12:46,-4.0,11237,Jacob Saylors,RB,1.7,0.0,1.11,1.11,1.12,1.21,0.287,1.0,1.11,,0.0,0
2026-10-05 01:08:21Z,CAR,in,0.287,Q2 12:46,4.0,9228,Bryce Young,QB,19.4,3.42,13.04,16.46,16.86,17.25,0.068,1.0,16.46,,0.0,0
2026-10-05 01:08:21Z,CAR,in,0.287,Q2 12:46,4.0,7694,Tommy Tremble,TE,3.8,2.9,2.78,5.68,5.93,5.61,0.079,1.0,5.68,,0.0,0
2026-10-05 01:08:21Z,CAR,in,0.287,Q2 12:46,4.0,8160,Kenny Pickett,QB,0.6,0.0,0.38,0.38,0.4,0.43,0.287,0.3,0.11,,0.0,0
2026-10-05 01:08:21Z,CAR,in,0.287,Q2 12:46,4.0,CAR,Carolina Panthers D/ST,DST,4.2,7.0,-1.26,5.74,11.03,9.99,0.239,1.0,5.74,,0.0,0
2026-10-05 01:08:21Z,DET,in,0.287,Q2 12:46,-4.0,8250,Tay Martin,WR,0.8,0.0,0.58,0.58,0.53,0.57,0.287,1.0,0.58,,0.0,0
2026-10-05 01:08:21Z,DET,in,0.287,Q2 12:46,-4.0,4179,Joshua Dobbs,QB,0.6,0.0,0.44,0.44,0.4,0.43,0.287,0.588,0.26,,0.0,0
2026-10-05 01:08:21Z,DET,in,0.287,Q2 12:46,-4.0,9221,Jahmyr Gibbs,RB,25.7,4.1,17.78,21.88,21.83,22.42,0.001,1.0,21.88,,0.0,0
2026-10-05 01:08:21Z,DET,in,0.287,Q2 12:46,-4.0,3163,Jared Goff,QB,18.3,1.96,13.97,15.93,14.42,15.0,0.027,1.0,15.93,,0.0,0
2026-10-05 01:08:21Z,DET,in,0.287,Q2 12:46,-4.0,8148,Jameson Williams,WR,12.7,1.6,9.37,10.97,10.29,10.65,0.258,1.0,10.97,,0.0,0
2026-10-05 01:08:21Z,DET,in,0.287,Q2 12:46,-4.0,7891,Brock Wright,TE,1.5,0.0,1.09,1.09,0.99,1.07,0.287,1.0,1.09,,0.0,0
2026-10-05 01:08:21Z,DET,in,0.287,Q2 12:46,-4.0,7547,Amon-Ra St. Brown,WR,20.0,4.3,14.96,19.26,18.3,18.56,0.137,1.0,19.26,,0.0,0
2026-10-05 01:08:21Z,CAR,in,0.287,Q2 12:46,4.0,12526,Tetairoa McMillan,WR,16.4,9.2,11.64,20.84,21.69,20.89,0.068,1.0,20.84,,0.0,0
2026-10-05 01:08:21Z,CAR,in,0.287,Q2 12:46,4.0,11646,Jalen Coker,WR,8.5,0.0,5.51,5.51,5.62,6.06,0.287,1.0,5.51,,0.0,0
2026-10-05 01:08:21Z,DET,in,0.287,Q2 12:46,-4.0,DET,Detroit Lions D/ST,DST,5.7,5.0,-0.33,4.67,9.66,9.06,0.068,1.0,4.67,,0.0,0
2026-10-05 01:08:21Z,DET,in,0.287,Q2 12:46,-4.0,11729,Sione Vaki,RB,2.6,0.0,1.69,1.69,1.72,1.85,0.287,1.0,1.69,,0.0,0
2026-10-05 01:08:21Z,CAR,in,0.287,Q2 12:46,4.0,11600,Ja'Tavion Sanders,TE,2.7,0.0,1.75,1.75,1.79,1.92,0.287,1.0,1.75,,0.0,0
2026-10-05 01:08:21Z,CAR,in,0.287,Q2 12:46,4.0,7594,Chuba Hubbard,RB,16.6,9.8,12.72,22.52,22.53,21.63,0.068,1.0,22.52,,0.0,0
2026-10-05 01:08:21Z,DET,in,0.287,Q2 12:46,-4.0,11539,Jake Bates,K,9.5,5.0,7.18,12.18,12.18,11.77,0.239,1.0,12.18,,0.0,0
2026-10-05 01:08:21Z,CAR,in,0.287,Q2 12:46,4.0,2505,Darren Waller,TE,8.8,0.0,5.71,5.71,5.82,6.27,0.287,1.0,5.71,,0.0,0
2026-10-05 01:09:21Z,CAR,in,0.287,Q2 12:46,4.0,11157,Brycen Tremayne,WR,5.6,0.0,3.63,3.63,3.7,3.99,0.287,1.0,3.63,,0.0,0
2026-10-05 01:09:21Z,CAR,in,0.287,Q2 12:46,4.0,12961,Ryan Fitzgerald,K,7.3,1.0,5.01,6.01,6.01,6.2,0.068,1.0,6.01,,0.0,0
2026-10-05 01:09:21Z,DET,in,0.287,Q2 12:46,-4.0,12535,Isaac TeSlaa,WR,5.3,0.0,3.84,3.84,3.51,3.78,0.287,1.0,3.84,,0.0,0
2026-10-05 01:09:21Z,DET,in,0.287,Q2 12:46,-4.0,10859,Sam LaPorta,TE,13.0,4.6,9.92,14.52,14.02,13.87,0.027,1.0,14.52,,0.0,0
2026-10-05 01:09:21Z,DET,in,0.287,Q2 12:46,-4.0,11237,Jacob Saylors,RB,1.7,0.0,1.11,1.11,1.12,1.21,0.287,1.0,1.11,,0.0,0
2026-10-05 01:09:21Z,CAR,in,0.287,Q2 12:46,4.0,9228,Bryce Young,QB,19.4,3.42,13.04,16.46,16.86,17.25,0.068,1.0,16.46,,0.0,0
2026-10-05 01:09:21Z,CAR,in,0.287,Q2 12:46,4.0,7694,Tommy Tremble,TE,3.8,2.9,2.78,5.68,5.93,5.61,0.079,1.0,5.68,,0.0,0
2026-10-05 01:09:21Z,CAR,in,0.287,Q2 12:46,4.0,8160,Kenny Pickett,QB,0.6,0.0,0.38,0.38,0.4,0.43,0.287,0.3,0.11,,0.0,0
2026-10-05 01:09:21Z,CAR,in,0.287,Q2 12:46,4.0,CAR,Carolina Panthers D/ST,DST,4.2,7.0,-1.26,5.74,11.03,9.99,0.239,1.0,5.74,,0.0,0
2026-10-05 01:09:21Z,DET,in,0.287,Q2 12:46,-4.0,8250,Tay Martin,WR,0.8,0.0,0.58,0.58,0.53,0.57,0.287,1.0,0.58,,0.0,0
2026-10-05 01:09:21Z,DET,in,0.287,Q2 12:46,-4.0,4179,Joshua Dobbs,QB,0.6,0.0,0.44,0.44,0.4,0.43,0.287,0.588,0.26,,0.0,0
2026-10-05 01:09:21Z,DET,in,0.287,Q2 12:46,-4.0,9221,Jahmyr Gibbs,RB,25.7,4.1,17.78,21.88,21.83,22.42,0.001,1.0,21.88,,0.0,0
2026-10-05 01:09:21Z,DET,in,0.287,Q2 12:46,-4.0,3163,Jared Goff,QB,18.3,1.96,13.97,15.93,14.42,15.0,0.027,1.0,15.93,,0.0,0
2026-10-05 01:09:21Z,DET,in,0.287,Q2 12:46,-4.0,8148,Jameson Williams,WR,12.7,1.6,9.37,10.97,10.29,10.65,0.258,1.0,10.97,,0.0,0
2026-10-05 01:09:21Z,DET,in,0.287,Q2 12:46,-4.0,7891,Brock Wright,TE,1.5,0.0,1.09,1.09,0.99,1.07,0.287,1.0,1.09,,0.0,0
2026-10-05 01:09:21Z,DET,in,0.287,Q2 12:46,-4.0,7547,Amon-Ra St. Brown,WR,20.0,4.3,14.96,19.26,18.3,18.56,0.137,1.0,19.26,,0.0,0
2026-10-05 01:09:21Z,CAR,in,0.287,Q2 12:46,4.0,12526,Tetairoa McMillan,WR,16.4,9.2,11.64,20.84,21.69,20.89,0.068,1.0,20.84,,0.0,0
2026-10-05 01:09:21Z,CAR,in,0.287,Q2 12:46,4.0,11646,Jalen Coker,WR,8.5,0.0,5.51,5.51,5.62,6.06,0.287,1.0,5.51,,0.0,0
2026-10-05 01:09:21Z,DET,in,0.287,Q2 12:46,-4.0,DET,Detroit Lions D/ST,DST,5.7,5.0,-0.33,4.67,9.66,9.06,0.068,1.0,4.67,,0.0,0
2026-10-05 01:09:21Z,DET,in,0.287,Q2 12:46,-4.0,11729,Sione Vaki,RB,2.6,0.0,1.69,1.69,1.72,1.85,0.287,1.0,1.69,,0.0,0
2026-10-05 01:09:21Z,CAR,in,0.287,Q2 12:46,4.0,11600,Ja'Tavion Sanders,TE,2.7,0.0,1.75,1.75,1.79,1.92,0.287,1.0,1.75,,0.0,0
2026-10-05 01:09:21Z,CAR,in,0.287,Q2 12:46,4.0,7594,Chuba Hubbard,RB,16.6,9.8,12.72,22.52,22.53,21.63,0.068,1.0,22.52,,0.0,0
2026-10-05 01:09:21Z,DET,in,0.287,Q2 12:46,-4.0,11539,Jake Bates,K,9.5,5.0,7.18,12.18,12.18,11.77,0.239,1.0,12.18,,0.0,0
2026-10-05 01:09:21Z,CAR,in,0.287,Q2 12:46,4.0,2505,Darren Waller,TE,8.8,0.0,5.71,5.71,5.82,6.27,0.287,1.0,5.71,,0.0,0
2026-10-05 01:10:21Z,CAR,in,0.289,Q2 12:41,4.0,11157,Brycen Tremayne,WR,5.6,0.0,3.62,3.62,3.7,3.98,0.289,1.0,3.62,,0.0,0
2026-10-05 01:10:21Z,CAR,in,0.289,Q2 12:41,4.0,12961,Ryan Fitzgerald,K,7.3,1.0,5.0,6.0,6.0,6.19,0.069,1.0,6.0,,0.0,0
2026-10-05 01:10:21Z,DET,in,0.289,Q2 12:41,-4.0,12535,Isaac TeSlaa,WR,5.3,0.0,3.83,3.83,3.5,3.77,0.289,1.0,3.83,,0.0,0
2026-10-05 01:10:21Z,DET,in,0.289,Q2 12:41,-4.0,10859,Sam LaPorta,TE,13.0,4.6,9.9,14.5,14.0,13.85,0.029,1.0,14.5,,0.0,0
2026-10-05 01:10:21Z,DET,in,0.289,Q2 12:41,-4.0,11237,Jacob Saylors,RB,1.7,0.0,1.1,1.1,1.12,1.21,0.289,1.0,1.1,,0.0,0
2026-10-05 01:10:21Z,CAR,in,0.289,Q2 12:41,4.0,9228,Bryce Young,QB,19.4,3.42,13.01,16.43,16.83,17.22,0.069,1.0,16.43,,0.0,0
2026-10-05 01:10:21Z,CAR,in,0.289,Q2 12:41,4.0,7694,Tommy Tremble,TE,3.8,2.9,2.78,5.68,5.92,5.6,0.081,1.0,5.68,,0.0,0
2026-10-05 01:10:21Z,CAR,in,0.289,Q2 12:41,4.0,8160,Kenny Pickett,QB,0.6,0.0,0.37,0.37,0.4,0.43,0.289,0.3,0.11,,0.0,0
2026-10-05 01:10:21Z,CAR,in,0.289,Q2 12:41,4.0,CAR,Carolina Panthers D/ST,DST,4.2,7.0,-1.26,5.74,11.02,9.99,0.24,1.0,5.74,,0.0,0
2026-10-05 01:10:21Z,DET,in,0.289,Q2 12:41,-4.0,8250,Tay Martin,WR,0.8,0.0,0.58,0.58,0.53,0.57,0.289,1.0,0.58,,0.0,0
2026-10-05 01:10:21Z,DET,in,0.289,Q2 12:41,-4.0,4179,Joshua Dobbs,QB,0.6,0.0,0.44,0.44,0.4,0.43,0.289,0.584,0.26,,0.0,0
2026-10-05 01:10:21Z,DET,in,0.289,Q2 12:41,-4.0,9221,Jahmyr Gibbs,RB,25.7,4.1,17.74,21.84,21.79,22.38,0.002,1.0,21.84,,0.0,0
2026-10-05 01:10:21Z,DET,in,0.289,Q2 12:41,-4.0,3163,Jared Goff,QB,18.3,1.96,13.94,15.9,14.39,14.98,0.029,1.0,15.9,,0.0,0
2026-10-05 01:10:21Z,DET,in,0.289,Q2 12:41,-4.0,8148,Jameson Williams,WR,12.7,1.6,9.36,10.96,10.27,10.63,0.259,1.0,10.96,,0.0,0
2026-10-05 01:10:21Z,DET,in,0.289,Q2 12:41,-4.0,7891,Brock Wright,TE,1.5,0.0,1.08,1.08,0.99,1.07,0.289,1.0,1.08,,0.0,0
2026-10-05 01:10:21Z,DET,in,0.289,Q2 12:41,-4.0,7547,Amon-Ra St. Brown,WR,20.0,4.3,14.93,19.23,18.27,18.53,0.138,1.0,19.23,,0.0,0
2026-10-05 01:10:21Z,CAR,in,0.289,Q2 12:41,4.0,12526,Tetairoa McMillan,WR,16.4,9.2,11.62,20.82,21.66,20.87,0.069,1.0,20.82,,0.0,0
2026-10-05 01:10:21Z,CAR,in,0.289,Q2 12:41,4.0,11646,Jalen Coker,WR,8.5,0.0,5.5,5.5,5.61,6.05,0.289,1.0,5.5,,0.0,0
2026-10-05 01:10:21Z,DET,in,0.289,Q2 12:41,-4.0,DET,Detroit Lions D/ST,DST,5.7,5.0,-0.33,4.67,9.65,9.05,0.069,1.0,4.67,,0.0,0
2026-10-05 01:10:21Z,DET,in,0.289,Q2 12:41,-4.0,11729,Sione Vaki,RB,2.6,0.0,1.69,1.69,1.72,1.85,0.289,1.0,1.69,,0.0,0
2026-10-05 01:10:21Z,CAR,in,0.289,Q2 12:41,4.0,11600,Ja'Tavion Sanders,TE,2.7,0.0,1.75,1.75,1.78,1.92,0.289,1.0,1.75,,0.0,0
2026-10-05 01:10:21Z,CAR,in,0.289,Q2 12:41,4.0,7594,Chuba Hubbard,RB,16.6,9.8,12.69,22.49,22.5,21.61,0.069,1.0,22.49,,0.0,0
2026-10-05 01:10:21Z,DET,in,0.289,Q2 12:41,-4.0,11539,Jake Bates,K,9.5,5.0,7.16,12.16,12.16,11.76,0.24,1.0,12.16,,0.0,0
2026-10-05 01:10:21Z,CAR,in,0.289,Q2 12:41,4.0,2505,Darren Waller,TE,8.8,0.0,5.7,5.7,5.81,6.26,0.289,1.0,5.7,,0.0,0
2026-10-05 01:11:22Z,CAR,in,0.29,Q2 12:37,1.0,11157,Brycen Tremayne,WR,5.6,0.0,3.78,3.78,3.69,3.98,0.29,1.0,3.78,,0.0,0
2026-10-05 01:11:22Z,CAR,in,0.29,Q2 12:37,1.0,12961,Ryan Fitzgerald,K,7.3,1.0,4.99,5.99,5.99,6.19,0.07,1.0,5.99,,0.0,0
2026-10-05 01:11:22Z,DET,in,0.29,Q2 12:37,-1.0,12535,Isaac TeSlaa,WR,5.3,0.0,3.68,3.68,3.49,3.76,0.29,1.0,3.68,,0.0,0
2026-10-05 01:11:22Z,DET,in,0.29,Q2 12:37,-1.0,10859,Sam LaPorta,TE,13.0,4.6,9.52,14.12,13.98,13.83,0.03,1.0,14.12,,0.0,0
2026-10-05 01:11:22Z,DET,in,0.29,Q2 12:37,-1.0,11237,Jacob Saylors,RB,1.7,0.0,1.08,1.08,1.12,1.21,0.29,1.0,1.08,,0.0,0
2026-10-05 01:11:22Z,CAR,in,0.29,Q2 12:37,1.0,9228,Bryce Young,QB,19.4,3.42,13.78,17.2,16.81,17.2,0.07,1.0,17.2,,0.0,0
2026-10-05 01:11:22Z,CAR,in,0.29,Q2 12:37,1.0,7694,Tommy Tremble,TE,3.8,2.9,2.88,5.78,5.92,5.6,0.082,1.0,5.78,,0.0,0
2026-10-05 01:11:22Z,CAR,in,0.29,Q2 12:37,1.0,8160,Kenny Pickett,QB,0.6,0.0,0.4,0.4,0.4,0.43,0.29,0.3,0.12,,0.0,0
2026-10-05 01:11:22Z,CAR,in,0.29,Q2 12:37,1.0,CAR,Carolina Panthers D/ST,DST,4.2,7.0,-1.19,5.81,11.01,9.98,0.241,1.0,5.81,,0.0,0
2026-10-05 01:11:22Z,DET,in,0.29,Q2 12:37,-1.0,8250,Tay Martin,WR,0.8,0.0,0.55,0.55,0.53,0.57,0.29,1.0,0.55,,0.0,0
2026-10-05 01:11:22Z,DET,in,0.29,Q2 12:37,-1.0,4179,Joshua Dobbs,QB,0.6,0.0,0.41,0.41,0.4,0.43,0.29,0.581,0.24,,0.0,0
2026-10-05 01:11:22Z,DET,in,0.29,Q2 12:37,-1.0,9221,Jahmyr Gibbs,RB,25.7,4.1,17.37,21.47,21.76,22.35,0.003,1.0,21.47,,0.0,0
2026-10-05 01:11:22Z,DET,in,0.29,Q2 12:37,-1.0,3163,Jared Goff,QB,18.3,1.96,13.17,15.13,14.36,14.96,0.03,1.0,15.13,,0.0,0
2026-10-05 01:11:22Z,DET,in,0.29,Q2 12:37,-1.0,8148,Jameson Williams,WR,12.7,1.6,8.98,10.58,10.25,10.62,0.261,1.0,10.58,,0.0,0
2026-10-05 01:11:22Z,DET,in,0.29,Q2 12:37,-1.0,7891,Brock Wright,TE,1.5,0.0,1.04,1.04,0.99,1.07,0.29,1.0,1.04,,0.0,0
2026-10-05 01:11:22Z,DET,in,0.29,Q2 12:37,-1.0,7547,Amon-Ra St. Brown,WR,20.0,4.3,14.34,18.64,18.24,18.51,0.139,1.0,18.64,,0.0,0
2026-10-05 01:11:22Z,CAR,in,0.29,Q2 12:37,1.0,12526,Tetairoa McMillan,WR,16.4,9.2,12.07,21.27,21.64,20.85,0.07,1.0,21.27,,0.0,0
2026-10-05 01:11:22Z,CAR,in,0.29,Q2 12:37,1.0,11646,Jalen Coker,WR,8.5,0.0,5.73,5.73,5.6,6.04,0.29,1.0,5.73,,0.0,0
2026-10-05 01:11:22Z,DET,in,0.29,Q2 12:37,-1.0,DET,Detroit Lions D/ST,DST,5.7,5.0,-0.19,4.81,9.64,9.05,0.07,1.0,4.81,,0.0,0
2026-10-05 01:11:22Z,DET,in,0.29,Q2 12:37,-1.0,11729,Sione Vaki,RB,2.6,0.0,1.65,1.65,1.71,1.85,0.29,1.0,1.65,,0.0,0
2026-10-05 01:11:22Z,CAR,in,0.29,Q2 12:37,1.0,11600,Ja'Tavion Sanders,TE,2.7,0.0,1.82,1.82,1.78,1.92,0.29,1.0,1.82,,0.0,0
2026-10-05 01:11:22Z,CAR,in,0.29,Q2 12:37,1.0,7594,Chuba Hubbard,RB,16.6,9.8,12.89,22.69,22.48,21.59,0.07,1.0,22.69,,0.0,0
2026-10-05 01:11:22Z,DET,in,0.29,Q2 12:37,-1.0,11539,Jake Bates,K,9.5,9.0,7.86,16.86,16.86,15.75,0.0,1.0,16.86,,0.0,0
2026-10-05 01:11:22Z,CAR,in,0.29,Q2 12:37,1.0,2505,Darren Waller,TE,8.8,0.0,5.94,5.94,5.8,6.25,0.29,1.0,5.94,,0.0,0
2026-10-05 01:12:22Z,CAR,in,0.29,Q2 12:37,1.0,11157,Brycen Tremayne,WR,5.6,0.0,3.78,3.78,3.69,3.98,0.29,1.0,3.78,,0.0,0
2026-10-05 01:12:22Z,CAR,in,0.29,Q2 12:37,1.0,12961,Ryan Fitzgerald,K,7.3,1.0,4.99,5.99,5.99,6.19,0.07,1.0,5.99,,0.0,0
2026-10-05 01:12:22Z,DET,in,0.29,Q2 12:37,-1.0,12535,Isaac TeSlaa,WR,5.3,0.0,3.68,3.68,3.49,3.76,0.29,1.0,3.68,,0.0,0
2026-10-05 01:12:22Z,DET,in,0.29,Q2 12:37,-1.0,10859,Sam LaPorta,TE,13.0,4.6,9.52,14.12,13.98,13.83,0.03,1.0,14.12,,0.0,0
2026-10-05 01:12:22Z,DET,in,0.29,Q2 12:37,-1.0,11237,Jacob Saylors,RB,1.7,0.0,1.08,1.08,1.12,1.21,0.29,1.0,1.08,,0.0,0
2026-10-05 01:12:22Z,CAR,in,0.29,Q2 12:37,1.0,9228,Bryce Young,QB,19.4,3.42,13.78,17.2,16.81,17.2,0.07,1.0,17.2,,0.0,0
2026-10-05 01:12:22Z,CAR,in,0.29,Q2 12:37,1.0,7694,Tommy Tremble,TE,3.8,2.9,2.88,5.78,5.92,5.6,0.082,1.0,5.78,,0.0,0
2026-10-05 01:12:22Z,CAR,in,0.29,Q2 12:37,1.0,8160,Kenny Pickett,QB,0.6,0.0,0.4,0.4,0.4,0.43,0.29,0.3,0.12,,0.0,0
2026-10-05 01:12:22Z,CAR,in,0.29,Q2 12:37,1.0,CAR,Carolina Panthers D/ST,DST,4.2,7.0,-1.19,5.81,11.01,9.98,0.241,1.0,5.81,,0.0,0
2026-10-05 01:12:22Z,DET,in,0.29,Q2 12:37,-1.0,8250,Tay Martin,WR,0.8,0.0,0.55,0.55,0.53,0.57,0.29,1.0,0.55,,0.0,0
2026-10-05 01:12:22Z,DET,in,0.29,Q2 12:37,-1.0,4179,Joshua Dobbs,QB,0.6,0.0,0.41,0.41,0.4,0.43,0.29,0.581,0.24,,0.0,0
2026-10-05 01:12:22Z,DET,in,0.29,Q2 12:37,-1.0,9221,Jahmyr Gibbs,RB,25.7,4.1,17.37,21.47,21.76,22.35,0.003,1.0,21.47,,0.0,0
2026-10-05 01:12:22Z,DET,in,0.29,Q2 12:37,-1.0,3163,Jared Goff,QB,18.3,1.96,13.17,15.13,14.36,14.96,0.03,1.0,15.13,,0.0,0
2026-10-05 01:12:22Z,DET,in,0.29,Q2 12:37,-1.0,8148,Jameson Williams,WR,12.7,1.6,8.98,10.58,10.25,10.62,0.261,1.0,10.58,,0.0,0
2026-10-05 01:12:22Z,DET,in,0.29,Q2 12:37,-1.0,7891,Brock Wright,TE,1.5,0.0,1.04,1.04,0.99,1.07,0.29,1.0,1.04,,0.0,0
2026-10-05 01:12:22Z,DET,in,0.29,Q2 12:37,-1.0,7547,Amon-Ra St. Brown,WR,20.0,4.3,14.34,18.64,18.24,18.51,0.139,1.0,18.64,,0.0,0
2026-10-05 01:12:22Z,CAR,in,0.29,Q2 12:37,1.0,12526,Tetairoa McMillan,WR,16.4,9.2,12.07,21.27,21.64,20.85,0.07,1.0,21.27,,0.0,0
2026-10-05 01:12:22Z,CAR,in,0.29,Q2 12:37,1.0,11646,Jalen Coker,WR,8.5,0.0,5.73,5.73,5.6,6.04,0.29,1.0,5.73,,0.0,0
2026-10-05 01:12:22Z,DET,in,0.29,Q2 12:37,-1.0,DET,Detroit Lions D/ST,DST,5.7,5.0,-0.19,4.81,9.64,9.05,0.07,1.0,4.81,,0.0,0
2026-10-05 01:12:22Z,DET,in,0.29,Q2 12:37,-1.0,11729,Sione Vaki,RB,2.6,0.0,1.65,1.65,1.71,1.85,0.29,1.0,1.65,,0.0,0
2026-10-05 01:12:22Z,CAR,in,0.29,Q2 12:37,1.0,11600,Ja'Tavion Sanders,TE,2.7,0.0,1.82,1.82,1.78,1.92,0.29,1.0,1.82,,0.0,0
2026-10-05 01:12:22Z,CAR,in,0.29,Q2 12:37,1.0,7594,Chuba Hubbard,RB,16.6,9.8,12.89,22.69,22.48,21.59,0.07,1.0,22.69,,0.0,0
2026-10-05 01:12:22Z,DET,in,0.29,Q2 12:37,-1.0,11539,Jake Bates,K,9.5,9.0,7.86,16.86,16.86,15.75,0.0,1.0,16.86,,0.0,0
2026-10-05 01:12:22Z,CAR,in,0.29,Q2 12:37,1.0,2505,Darren Waller,TE,8.8,0.0,5.94,5.94,5.8,6.25,0.29,1.0,5.94,,0.0,0
2026-10-05 01:13:23Z,CAR,in,0.292,Q2 12:30,1.0,11157,Brycen Tremayne,WR,5.6,0.0,3.77,3.77,3.68,3.97,0.292,1.0,3.77,,0.0,0
2026-10-05 01:13:23Z,CAR,in,0.292,Q2 12:30,1.0,12961,Ryan Fitzgerald,K,7.3,1.0,4.97,5.97,5.97,6.17,0.072,1.0,5.97,,0.0,0
2026-10-05 01:13:23Z,DET,in,0.292,Q2 12:30,-1.0,12535,Isaac TeSlaa,WR,5.3,0.0,3.67,3.67,3.48,3.75,0.292,1.0,3.67,,0.0,0
2026-10-05 01:13:23Z,DET,in,0.292,Q2 12:30,-1.0,10859,Sam LaPorta,TE,13.0,4.6,9.49,14.09,13.95,13.81,0.032,1.0,14.09,,0.0,0
2026-10-05 01:13:23Z,DET,in,0.292,Q2 12:30,-1.0,11237,Jacob Saylors,RB,1.7,0.0,1.08,1.08,1.12,1.2,0.292,1.0,1.08,,0.0,0
2026-10-05 01:13:23Z,CAR,in,0.292,Q2 12:30,1.0,9228,Bryce Young,QB,19.4,3.42,13.74,17.16,16.77,17.16,0.072,1.0,17.16,,0.0,0
2026-10-05 01:13:23Z,CAR,in,0.292,Q2 12:30,1.0,7694,Tommy Tremble,TE,3.8,2.9,2.87,5.77,5.91,5.59,0.084,1.0,5.77,,0.0,0
2026-10-05 01:13:23Z,CAR,in,0.292,Q2 12:30,1.0,8160,Kenny Pickett,QB,0.6,0.0,0.4,0.4,0.39,0.42,0.292,0.3,0.12,,0.0,0
2026-10-05 01:13:23Z,CAR,in,0.292,Q2 12:30,1.0,CAR,Carolina Panthers D/ST,DST,4.2,7.0,-1.19,5.81,11.0,9.97,0.243,1.0,5.81,,0.0,0
2026-10-05 01:13:23Z,DET,in,0.292,Q2 12:30,-1.0,8250,Tay Martin,WR,0.8,0.0,0.55,0.55,0.53,0.57,0.292,1.0,0.55,,0.0,0
2026-10-05 01:13:23Z,DET,in,0.292,Q2 12:30,-1.0,4179,Joshua Dobbs,QB,0.6,0.0,0.41,0.41,0.39,0.42,0.292,0.575,0.24,,0.0,0
2026-10-05 01:13:23Z,DET,in,0.292,Q2 12:30,-1.0,9221,Jahmyr Gibbs,RB,25.7,4.1,17.31,21.41,21.7,22.3,0.005,1.0,21.41,,0.0,0
2026-10-05 01:13:23Z,DET,in,0.292,Q2 12:30,-1.0,3163,Jared Goff,QB,18.3,1.96,13.13,15.09,14.32,14.92,0.032,1.0,15.09,,0.0,0
2026-10-05 01:13:23Z,DET,in,0.292,Q2 12:30,-1.0,8148,Jameson Williams,WR,12.7,1.6,8.96,10.56,10.22,10.6,0.263,1.0,10.56,,0.0,0
2026-10-05 01:13:23Z,DET,in,0.292,Q2 12:30,-1.0,7891,Brock Wright,TE,1.5,0.0,1.04,1.04,0.99,1.06,0.292,1.0,1.04,,0.0,0
2026-10-05 01:13:23Z,DET,in,0.292,Q2 12:30,-1.0,7547,Amon-Ra St. Brown,WR,20.0,4.3,14.3,18.6,18.2,18.47,0.141,1.0,18.6,,0.0,0
2026-10-05 01:13:23Z,CAR,in,0.292,Q2 12:30,1.0,12526,Tetairoa McMillan,WR,16.4,9.2,12.03,21.23,21.6,20.82,0.072,1.0,21.23,,0.0,0
2026-10-05 01:13:23Z,CAR,in,0.292,Q2 12:30,1.0,11646,Jalen Coker,WR,8.5,0.0,5.72,5.72,5.58,6.02,0.292,1.0,5.72,,0.0,0
2026-10-05 01:13:23Z,DET,in,0.292,Q2 12:30,-1.0,DET,Detroit Lions D/ST,DST,5.7,5.0,-0.19,4.81,9.63,9.04,0.072,1.0,4.81,,0.0,0
2026-10-05 01:13:23Z,DET,in,0.292,Q2 12:30,-1.0,11729,Sione Vaki,RB,2.6,0.0,1.65,1.65,1.71,1.84,0.292,1.0,1.65,,0.0,0
2026-10-05 01:13:23Z,CAR,in,0.292,Q2 12:30,1.0,11600,Ja'Tavion Sanders,TE,2.7,0.0,1.82,1.82,1.77,1.91,0.292,1.0,1.82,,0.0,0
2026-10-05 01:13:23Z,CAR,in,0.292,Q2 12:30,1.0,7594,Chuba Hubbard,RB,16.6,10.3,12.98,23.28,23.02,22.06,0.0,1.0,23.28,,0.0,0
2026-10-05 01:13:23Z,DET,in,0.292,Q2 12:30,-1.0,11539,Jake Bates,K,9.5,9.0,7.83,16.83,16.83,15.73,0.002,1.0,16.83,,0.0,0
2026-10-05 01:13:23Z,CAR,in,0.292,Q2 12:30,1.0,2505,Darren Waller,TE,8.8,0.0,5.92,5.92,5.78,6.23,0.292,1.0,5.92,,0.0,0
2026-10-05 01:14:23Z,CAR,in,0.313,Q2 11:14,1.0,11157,Brycen Tremayne,WR,5.6,0.0,3.66,3.66,3.55,3.85,0.313,1.0,3.66,,0.0,0
2026-10-05 01:14:23Z,CAR,in,0.313,Q2 11:14,1.0,12961,Ryan Fitzgerald,K,7.3,1.0,4.8,5.8,5.8,6.02,0.093,1.0,5.8,,0.0,0
2026-10-05 01:14:23Z,DET,in,0.313,Q2 11:14,-1.0,12535,Isaac TeSlaa,WR,5.3,0.0,3.56,3.56,3.36,3.64,0.313,1.0,3.56,,0.0,0
2026-10-05 01:14:23Z,DET,in,0.313,Q2 11:14,-1.0,10859,Sam LaPorta,TE,13.0,4.6,9.22,13.82,13.63,13.53,0.053,1.0,13.82,,0.0,0
2026-10-05 01:14:23Z,DET,in,0.313,Q2 11:14,-1.0,11237,Jacob Saylors,RB,1.7,0.0,1.04,1.04,1.08,1.17,0.313,1.0,1.04,,0.0,0
2026-10-05 01:14:23Z,CAR,in,0.313,Q2 11:14,1.0,9228,Bryce Young,QB,19.4,3.42,13.28,16.7,16.3,16.75,0.093,1.0,16.7,,0.0,0
2026-10-05 01:14:23Z,CAR,in,0.313,Q2 11:14,1.0,7694,Tommy Tremble,TE,3.8,2.9,2.79,5.69,5.81,5.51,0.105,1.0,5.69,,0.0,0
2026-10-05 01:14:23Z,CAR,in,0.313,Q2 11:14,1.0,8160,Kenny Pickett,QB,0.6,0.0,0.38,0.38,0.38,0.41,0.313,0.3,0.12,,0.0,0
2026-10-05 01:14:23Z,CAR,in,0.313,Q2 11:14,1.0,CAR,Carolina Panthers D/ST,DST,4.2,7.0,-1.14,5.86,10.86,9.89,0.264,1.0,5.86,,0.0,0
2026-10-05 01:14:23Z,DET,in,0.313,Q2 11:14,-1.0,8250,Tay Martin,WR,0.8,0.0,0.54,0.54,0.51,0.55,0.313,1.0,0.54,,0.0,0
2026-10-05 01:14:23Z,DET,in,0.313,Q2 11:14,-1.0,4179,Joshua Dobbs,QB,0.6,0.0,0.4,0.4,0.38,0.41,0.313,0.512,0.2,,0.0,0
2026-10-05 01:14:23Z,DET,in,0.313,Q2 11:14,-1.0,9221,Jahmyr Gibbs,RB,25.7,4.1,16.72,20.82,21.08,21.76,0.026,1.0,20.82,,0.0,0
2026-10-05 01:14:23Z,DET,in,0.313,Q2 11:14,-1.0,3163,Jared Goff,QB,18.3,1.96,12.7,14.66,13.89,14.54,0.053,1.0,14.66,,0.0,0
2026-10-05 01:14:23Z,DET,in,0.313,Q2 11:14,-1.0,8148,Jameson Williams,WR,12.7,1.6,8.7,10.3,9.92,10.33,0.284,1.0,10.3,,0.0,0
2026-10-05 01:14:23Z,DET,in,0.313,Q2 11:14,-1.0,7891,Brock Wright,TE,1.5,0.0,1.01,1.01,0.95,1.03,0.313,1.0,1.01,,0.0,0
2026-10-05 01:14:23Z,DET,in,0.313,Q2 11:14,-1.0,7547,Amon-Ra St. Brown,WR,20.0,4.3,13.89,18.19,17.71,18.04,0.162,1.0,18.19,,0.0,0
2026-10-05 01:14:23Z,CAR,in,0.313,Q2 11:14,1.0,12526,Tetairoa McMillan,WR,16.4,9.2,11.69,20.89,21.17,20.47,0.093,1.0,20.89,,0.0,0
2026-10-05 01:14:23Z,CAR,in,0.313,Q2 11:14,1.0,11646,Jalen Coker,WR,8.5,0.0,5.55,5.55,5.38,5.84,0.313,1.0,5.55,,0.0,0
2026-10-05 01:14:23Z,DET,in,0.313,Q2 11:14,-1.0,DET,Detroit Lions D/ST,DST,5.7,5.0,-0.18,4.82,9.47,8.92,0.093,1.0,4.82,,0.0,0
2026-10-05 01:14:23Z,DET,in,0.313,Q2 11:14,-1.0,11729,Sione Vaki,RB,2.6,0.0,1.59,1.59,1.65,1.79,0.313,1.0,1.59,,0.0,0
2026-10-05 01:14:23Z,CAR,in,0.313,Q2 11:14,1.0,11600,Ja'Tavion Sanders,TE,2.7,0.0,1.76,1.76,1.71,1.86,0.313,1.0,1.76,,0.0,0
2026-10-05 01:14:23Z,CAR,in,0.313,Q2 11:14,1.0,7594,Chuba Hubbard,RB,16.6,10.0,12.47,22.47,22.23,21.41,0.0,1.0,22.47,,0.0,0
2026-10-05 01:14:23Z,DET,in,0.313,Q2 11:14,-1.0,11539,Jake Bates,K,9.5,9.0,7.56,16.56,16.56,15.53,0.023,1.0,16.56,,0.0,0
2026-10-05 01:14:23Z,CAR,in,0.313,Q2 11:14,1.0,2505,Darren Waller,TE,8.8,0.0,5.75,5.75,5.57,6.05,0.313,1.0,5.75,,0.0,0
2026-10-05 01:15:24Z,CAR,in,0.323,Q2 10:39,1.0,11157,Brycen Tremayne,WR,5.6,0.0,3.61,3.61,3.49,3.79,0.323,1.0,3.61,,0.0,0
2026-10-05 01:15:24Z,CAR,in,0.323,Q2 10:39,1.0,12961,Ryan Fitzgerald,K,7.3,1.0,4.72,5.72,5.72,5.95,0.103,1.0,5.72,,0.0,0
2026-10-05 01:15:24Z,DET,in,0.323,Q2 10:39,-1.0,12535,Isaac TeSlaa,WR,5.3,0.0,3.51,3.51,3.3,3.59,0.323,1.0,3.51,,0.0,0
2026-10-05 01:15:24Z,DET,in,0.323,Q2 10:39,-1.0,10859,Sam LaPorta,TE,13.0,4.6,9.1,13.7,13.48,13.41,0.063,1.0,13.7,,0.0,0
2026-10-05 01:15:24Z,DET,in,0.323,Q2 10:39,-1.0,11237,Jacob Saylors,RB,1.7,0.0,1.02,1.02,1.06,1.15,0.323,1.0,1.02,,0.0,0
2026-10-05 01:15:24Z,CAR,in,0.323,Q2 10:39,1.0,9228,Bryce Young,QB,19.4,4.34,13.31,17.65,17.16,17.48,0.0,1.0,17.65,,0.0,0
2026-10-05 01:15:24Z,CAR,in,0.323,Q2 10:39,1.0,7694,Tommy Tremble,TE,3.8,2.9,2.75,5.65,5.76,5.47,0.115,1.0,5.65,,0.0,0
2026-10-05 01:15:24Z,CAR,in,0.323,Q2 10:39,1.0,8160,Kenny Pickett,QB,0.6,0.0,0.38,0.38,0.37,0.41,0.323,0.3,0.11,,0.0,0
2026-10-05 01:15:24Z,CAR,in,0.323,Q2 10:39,1.0,CAR,Carolina Panthers D/ST,DST,4.2,7.0,-1.11,5.89,10.8,9.85,0.274,1.0,5.89,,0.0,0
2026-10-05 01:15:24Z,DET,in,0.323,Q2 10:39,-1.0,8250,Tay Martin,WR,0.8,0.0,0.53,0.53,0.5,0.54,0.323,1.0,0.53,,0.0,0
2026-10-05 01:15:24Z,DET,in,0.323,Q2 10:39,-1.0,4179,Joshua Dobbs,QB,0.6,0.0,0.39,0.39,0.37,0.41,0.323,0.482,0.19,,0.0,0
2026-10-05 01:15:24Z,DET,in,0.323,Q2 10:39,-1.0,9221,Jahmyr Gibbs,RB,25.7,4.1,16.46,20.56,20.8,21.51,0.036,1.0,20.56,,0.0,0
2026-10-05 01:15:24Z,DET,in,0.323,Q2 10:39,-1.0,3163,Jared Goff,QB,18.3,1.96,12.51,14.47,13.69,14.36,0.063,1.0,14.47,,0.0,0
2026-10-05 01:15:24Z,DET,in,0.323,Q2 10:39,-1.0,8148,Jameson Williams,WR,12.7,1.6,8.58,10.18,9.78,10.2,0.293,1.0,10.18,,0.0,0
2026-10-05 01:15:24Z,DET,in,0.323,Q2 10:39,-1.0,7891,Brock Wright,TE,1.5,0.0,0.99,0.99,0.93,1.02,0.323,1.0,0.99,,0.0,0
2026-10-05 01:15:24Z,DET,in,0.323,Q2 10:39,-1.0,7547,Amon-Ra St. Brown,WR,20.0,4.3,13.71,18.01,17.49,17.85,0.172,1.0,18.01,,0.0,0
2026-10-05 01:15:24Z,CAR,in,0.323,Q2 10:39,1.0,12526,Tetairoa McMillan,WR,16.4,12.5,11.89,24.39,24.83,23.61,0.0,1.0,24.39,,0.0,0
2026-10-05 01:15:24Z,CAR,in,0.323,Q2 10:39,1.0,11646,Jalen Coker,WR,8.5,0.0,5.47,5.47,5.29,5.76,0.323,1.0,5.47,,0.0,0
2026-10-05 01:15:24Z,DET,in,0.323,Q2 10:39,-1.0,DET,Detroit Lions D/ST,DST,5.7,5.0,-0.17,4.83,9.4,8.86,0.103,1.0,4.83,,0.0,0
2026-10-05 01:15:24Z,DET,in,0.323,Q2 10:39,-1.0,11729,Sione Vaki,RB,2.6,0.0,1.57,1.57,1.62,1.76,0.323,1.0,1.57,,0.0,0
2026-10-05 01:15:24Z,CAR,in,0.323,Q2 10:39,1.0,11600,Ja'Tavion Sanders,TE,2.7,0.0,1.74,1.74,1.68,1.83,0.323,1.0,1.74,,0.0,0
2026-10-05 01:15:24Z,CAR,in,0.323,Q2 10:39,1.0,7594,Chuba Hubbard,RB,16.6,9.9,12.25,22.15,21.92,21.15,0.0,1.0,22.15,,0.0,0
2026-10-05 01:15:24Z,DET,in,0.323,Q2 10:39,-1.0,11539,Jake Bates,K,9.5,9.0,7.44,16.44,16.44,15.44,0.033,1.0,16.44,,0.0,0
2026-10-05 01:15:24Z,CAR,in,0.323,Q2 10:39,1.0,2505,Darren Waller,TE,8.8,0.0,5.67,5.67,5.48,5.96,0.323,1.0,5.67,,0.0,0
2026-10-05 01:16:24Z,CAR,in,0.329,Q2 10:14,1.0,11157,Brycen Tremayne,WR,5.6,0.0,3.57,3.57,3.45,3.76,0.329,1.0,3.57,,0.0,0
2026-10-05 01:16:24Z,CAR,in,0.329,Q2 10:14,1.0,12961,Ryan Fitzgerald,K,7.3,1.0,4.66,5.66,5.66,5.9,0.11,1.0,5.66,,0.0,0
2026-10-05 01:16:24Z,DET,in,0.329,Q2 10:14,-1.0,12535,Isaac TeSlaa,WR,5.3,0.0,3.48,3.48,3.26,3.55,0.329,1.0,3.48,,0.0,0
2026-10-05 01:16:24Z,DET,in,0.329,Q2 10:14,-1.0,10859,Sam LaPorta,TE,13.0,4.6,9.01,13.61,13.37,13.32,0.07,1.0,13.61,,0.0,0
2026-10-05 01:16:24Z,DET,in,0.329,Q2 10:14,-1.0,11237,Jacob Saylors,RB,1.7,0.0,1.01,1.01,1.05,1.14,0.329,1.0,1.01,,0.0,0
2026-10-05 01:16:24Z,CAR,in,0.329,Q2 10:14,1.0,9228,Bryce Young,QB,19.4,4.7,13.25,17.95,17.43,17.71,0.0,1.0,17.95,,0.0,0
2026-10-05 01:16:24Z,CAR,in,0.329,Q2 10:14,1.0,7694,Tommy Tremble,TE,3.8,4.0,2.84,6.84,7.01,6.55,0.0,1.0,6.84,,0.0,0
2026-10-05 01:16:24Z,CAR,in,0.329,Q2 10:14,1.0,8160,Kenny Pickett,QB,0.6,0.0,0.37,0.37,0.37,0.4,0.329,0.3,0.11,,0.0,0
2026-10-05 01:16:24Z,CAR,in,0.329,Q2 10:14,1.0,CAR,Carolina Panthers D/ST,DST,4.2,7.0,-1.09,5.91,10.76,9.82,0.281,1.0,5.91,,0.0,0
2026-10-05 01:16:24Z,DET,in,0.329,Q2 10:14,-1.0,8250,Tay Martin,WR,0.8,0.0,0.52,0.52,0.49,0.54,0.329,1.0,0.52,,0.0,0
2026-10-05 01:16:24Z,DET,in,0.329,Q2 10:14,-1.0,4179,Joshua Dobbs,QB,0.6,0.0,0.39,0.39,0.37,0.4,0.329,0.462,0.18,,0.0,0
2026-10-05 01:16:24Z,DET,in,0.329,Q2 10:14,-1.0,9221,Jahmyr Gibbs,RB,25.7,4.1,16.28,20.38,20.6,21.33,0.043,1.0,20.38,,0.0,0
2026-10-05 01:16:24Z,DET,in,0.329,Q2 10:14,-1.0,3163,Jared Goff,QB,18.3,1.96,12.38,14.34,13.55,14.23,0.07,1.0,14.34,,0.0,0
2026-10-05 01:16:24Z,DET,in,0.329,Q2 10:14,-1.0,8148,Jameson Williams,WR,12.7,1.6,8.5,10.1,9.68,10.12,0.3,1.0,10.1,,0.0,0
2026-10-05 01:16:24Z,DET,in,0.329,Q2 10:14,-1.0,7891,Brock Wright,TE,1.5,0.0,0.98,0.98,0.92,1.01,0.329,1.0,0.98,,0.0,0
2026-10-05 01:16:24Z,DET,in,0.329,Q2 10:14,-1.0,7547,Amon-Ra St. Brown,WR,20.0,4.3,13.57,17.87,17.33,17.71,0.179,1.0,17.87,,0.0,0
2026-10-05 01:16:24Z,CAR,in,0.329,Q2 10:14,1.0,12526,Tetairoa McMillan,WR,16.4,12.8,11.81,24.61,25.04,23.8,0.0,1.0,24.61,,0.0,0
2026-10-05 01:16:24Z,CAR,in,0.329,Q2 10:14,1.0,11646,Jalen Coker,WR,8.5,0.0,5.42,5.42,5.23,5.7,0.329,1.0,5.42,,0.0,0
2026-10-05 01:16:24Z,DET,in,0.329,Q2 10:14,-1.0,DET,Detroit Lions D/ST,DST,5.7,5.0,-0.16,4.84,9.35,8.82,0.11,1.0,4.84,,0.0,0
2026-10-05 01:16:24Z,DET,in,0.329,Q2 10:14,-1.0,11729,Sione Vaki,RB,2.6,0.0,1.55,1.55,1.6,1.74,0.329,1.0,1.55,,0.0,0
2026-10-05 01:16:24Z,CAR,in,0.329,Q2 10:14,1.0,11600,Ja'Tavion Sanders,TE,2.7,0.0,1.72,1.72,1.66,1.81,0.329,1.0,1.72,,0.0,0
2026-10-05 01:16:24Z,CAR,in,0.329,Q2 10:14,1.0,7594,Chuba Hubbard,RB,16.6,9.9,12.11,22.01,21.77,21.03,0.007,1.0,22.01,,0.0,0
2026-10-05 01:16:24Z,DET,in,0.329,Q2 10:14,-1.0,11539,Jake Bates,K,9.5,9.0,7.35,16.35,16.35,15.37,0.04,1.0,16.35,,0.0,0
2026-10-05 01:16:24Z,CAR,in,0.329,Q2 10:14,1.0,2505,Darren Waller,TE,8.8,0.0,5.61,5.61,5.41,5.9,0.329,1.0,5.61,,0.0,0
2026-10-05 01:17:25Z,CAR,in,0.352,Q2 8:52,1.0,11157,Brycen Tremayne,WR,5.6,0.0,3.45,3.45,3.31,3.63,0.352,1.0,3.45,,0.0,0
2026-10-05 01:17:25Z,CAR,in,0.352,Q2 8:52,1.0,12961,Ryan Fitzgerald,K,7.3,1.0,4.47,5.47,5.47,5.73,0.133,1.0,5.47,,0.0,0
2026-10-05 01:17:25Z,DET,in,0.352,Q2 8:52,-1.0,12535,Isaac TeSlaa,WR,5.3,0.0,3.36,3.36,3.13,3.43,0.352,1.0,3.36,,0.0,0
2026-10-05 01:17:25Z,DET,in,0.352,Q2 8:52,-1.0,10859,Sam LaPorta,TE,13.0,4.6,8.73,13.33,13.02,13.02,0.092,1.0,13.33,,0.0,0
2026-10-05 01:17:25Z,DET,in,0.352,Q2 8:52,-1.0,11237,Jacob Saylors,RB,1.7,0.0,0.97,0.97,1.0,1.1,0.352,1.0,0.97,,0.0,0
2026-10-05 01:17:25Z,CAR,in,0.352,Q2 8:52,1.0,9228,Bryce Young,QB,19.4,4.66,12.75,17.41,16.87,17.23,0.0,1.0,17.41,,0.0,0
2026-10-05 01:17:25Z,CAR,in,0.352,Q2 8:52,1.0,7694,Tommy Tremble,TE,3.8,3.9,2.75,6.65,6.78,6.36,0.0,1.0,6.65,,0.0,0
2026-10-05 01:17:25Z,CAR,in,0.352,Q2 8:52,1.0,8160,Kenny Pickett,QB,0.6,0.0,0.36,0.36,0.35,0.39,0.352,0.3,0.11,,0.0,0
2026-10-05 01:17:25Z,CAR,in,0.352,Q2 8:52,1.0,CAR,Carolina Panthers D/ST,DST,4.2,7.0,-1.03,5.97,10.61,9.72,0.304,1.0,5.97,,0.0,0
2026-10-05 01:17:25Z,DET,in,0.352,Q2 8:52,-1.0,8250,Tay Martin,WR,0.8,0.0,0.51,0.51,0.47,0.52,0.352,1.0,0.51,,0.0,0
2026-10-05 01:17:25Z,DET,in,0.352,Q2 8:52,-1.0,4179,Joshua Dobbs,QB,0.6,0.0,0.38,0.38,0.35,0.39,0.352,0.4,0.15,,0.0,0
2026-10-05 01:17:25Z,DET,in,0.352,Q2 8:52,-1.0,9221,Jahmyr Gibbs,RB,25.7,4.1,15.68,19.78,19.95,20.75,0.066,1.0,19.78,,0.0,0
2026-10-05 01:17:25Z,DET,in,0.352,Q2 8:52,-1.0,3163,Jared Goff,QB,18.3,1.96,11.94,13.9,13.09,13.81,0.092,1.0,13.9,,0.0,0
2026-10-05 01:17:25Z,DET,in,0.352,Q2 8:52,-1.0,8148,Jameson Williams,WR,12.7,1.6,8.23,9.83,9.36,9.83,0.323,1.0,9.83,,0.0,0
2026-10-05 01:17:25Z,DET,in,0.352,Q2 8:52,-1.0,7891,Brock Wright,TE,1.5,0.0,0.95,0.95,0.89,0.97,0.352,1.0,0.95,,0.0,0
2026-10-05 01:17:25Z,DET,in,0.352,Q2 8:52,-1.0,7547,Amon-Ra St. Brown,WR,20.0,4.3,13.14,17.44,16.81,17.26,0.202,1.0,17.44,,0.0,0
2026-10-05 01:17:25Z,CAR,in,0.352,Q2 8:52,1.0,12526,Tetairoa McMillan,WR,16.4,12.8,11.44,24.24,24.56,23.42,0.023,1.0,24.24,,0.0,0
2026-10-05 01:17:25Z,CAR,in,0.352,Q2 8:52,1.0,11646,Jalen Coker,WR,8.5,0.0,5.24,5.24,5.02,5.51,0.352,1.0,5.24,,0.0,0
2026-10-05 01:17:25Z,DET,in,0.352,Q2 8:52,-1.0,DET,Detroit Lions D/ST,DST,5.7,5.0,-0.13,4.87,9.18,8.69,0.133,1.0,4.87,,0.0,0
2026-10-05 01:17:25Z,DET,in,0.352,Q2 8:52,-1.0,11729,Sione Vaki,RB,2.6,0.0,1.49,1.49,1.54,1.68,0.352,1.0,1.49,,0.0,0
2026-10-05 01:17:25Z,CAR,in,0.352,Q2 8:52,1.0,11600,Ja'Tavion Sanders,TE,2.7,0.0,1.66,1.66,1.59,1.75,0.352,1.0,1.66,,0.0,0
2026-10-05 01:17:25Z,CAR,in,0.352,Q2 8:52,1.0,7594,Chuba Hubbard,RB,16.6,9.9,11.66,21.56,21.31,20.65,0.03,1.0,21.56,,0.0,0
2026-10-05 01:17:25Z,DET,in,0.352,Q2 8:52,-1.0,11539,Jake Bates,K,9.5,9.0,7.07,16.07,16.07,15.15,0.062,1.0,16.07,,0.0,0
2026-10-05 01:17:25Z,CAR,in,0.352,Q2 8:52,1.0,2505,Darren Waller,TE,8.8,0.0,5.42,5.42,5.2,5.7,0.352,1.0,5.42,,0.0,0
2026-10-05 01:18:25Z,CAR,in,0.363,Q2 8:14,1.0,11157,Brycen Tremayne,WR,5.6,0.0,3.39,3.39,3.24,3.57,0.363,1.0,3.39,,0.0,0
2026-10-05 01:18:25Z,CAR,in,0.363,Q2 8:14,1.0,12961,Ryan Fitzgerald,K,7.3,1.0,4.39,5.39,5.39,5.65,0.143,1.0,5.39,,0.0,0
2026-10-05 01:18:25Z,DET,in,0.363,Q2 8:14,-1.0,12535,Isaac TeSlaa,WR,5.3,0.0,3.31,3.31,3.07,3.38,0.363,1.0,3.31,,0.0,0
2026-10-05 01:18:25Z,DET,in,0.363,Q2 8:14,-1.0,10859,Sam LaPorta,TE,13.0,4.6,8.6,13.2,12.87,12.88,0.103,1.0,13.2,,0.0,0
2026-10-05 01:18:25Z,DET,in,0.363,Q2 8:14,-1.0,11237,Jacob Saylors,RB,1.7,0.0,0.96,0.96,0.99,1.08,0.363,1.0,0.96,,0.0,0
2026-10-05 01:18:25Z,CAR,in,0.363,Q2 8:14,1.0,9228,Bryce Young,QB,19.4,5.02,12.61,17.63,17.06,17.38,0.0,1.0,17.63,,0.0,0
2026-10-05 01:18:25Z,CAR,in,0.363,Q2 8:14,1.0,7694,Tommy Tremble,TE,3.8,3.9,2.71,6.61,6.72,6.32,0.011,1.0,6.61,,0.0,0
2026-10-05 01:18:25Z,CAR,in,0.363,Q2 8:14,1.0,8160,Kenny Pickett,QB,0.6,0.0,0.36,0.36,0.35,0.38,0.363,0.3,0.11,,0.0,0
2026-10-05 01:18:25Z,CAR,in,0.363,Q2 8:14,1.0,CAR,Carolina Panthers D/ST,DST,4.2,7.0,-1.0,6.0,10.55,9.68,0.314,1.0,6.0,,0.0,0
2026-10-05 01:18:25Z,DET,in,0.363,Q2 8:14,-1.0,8250,Tay Martin,WR,0.8,0.0,0.5,0.5,0.46,0.51,0.363,1.0,0.5,,0.0,0
2026-10-05 01:18:25Z,DET,in,0.363,Q2 8:14,-1.0,4179,Joshua Dobbs,QB,0.6,0.0,0.37,0.37,0.35,0.38,0.363,0.4,0.15,,0.0,0
2026-10-05 01:18:25Z,DET,in,0.363,Q2 8:14,-1.0,9221,Jahmyr Gibbs,RB,25.7,4.1,15.4,19.5,19.64,20.48,0.076,1.0,19.5,,0.0,0
2026-10-05 01:18:25Z,DET,in,0.363,Q2 8:14,-1.0,3163,Jared Goff,QB,18.3,1.96,11.74,13.7,12.88,13.62,0.103,1.0,13.7,,0.0,0
2026-10-05 01:18:25Z,DET,in,0.363,Q2 8:14,-1.0,8148,Jameson Williams,WR,12.7,1.6,8.1,9.7,9.21,9.69,0.334,1.0,9.7,,0.0,0
2026-10-05 01:18:25Z,DET,in,0.363,Q2 8:14,-1.0,7891,Brock Wright,TE,1.5,0.0,0.94,0.94,0.87,0.96,0.363,1.0,0.94,,0.0,0
2026-10-05 01:18:25Z,DET,in,0.363,Q2 8:14,-1.0,7547,Amon-Ra St. Brown,WR,20.0,4.3,12.94,17.24,16.57,17.04,0.212,1.0,17.24,,0.0,0
2026-10-05 01:18:25Z,CAR,in,0.363,Q2 8:14,1.0,12526,Tetairoa McMillan,WR,16.4,14.7,11.46,26.16,26.54,25.15,0.0,1.0,26.16,,0.0,0
2026-10-05 01:18:25Z,CAR,in,0.363,Q2 8:14,1.0,11646,Jalen Coker,WR,8.5,0.0,5.15,5.15,4.93,5.42,0.363,1.0,5.15,,0.0,0
2026-10-05 01:18:25Z,DET,in,0.363,Q2 8:14,-1.0,DET,Detroit Lions D/ST,DST,5.7,5.0,-0.11,4.89,9.1,8.63,0.143,1.0,4.89,,0.0,0
2026-10-05 01:18:25Z,DET,in,0.363,Q2 8:14,-1.0,11729,Sione Vaki,RB,2.6,0.0,1.46,1.46,1.51,1.66,0.363,1.0,1.46,,0.0,0
2026-10-05 01:18:25Z,CAR,in,0.363,Q2 8:14,1.0,11600,Ja'Tavion Sanders,TE,2.7,0.0,1.64,1.64,1.56,1.72,0.363,1.0,1.64,,0.0,0
2026-10-05 01:18:25Z,CAR,in,0.363,Q2 8:14,1.0,7594,Chuba Hubbard,RB,16.6,9.9,11.45,21.35,21.1,20.48,0.04,1.0,21.35,,0.0,0
2026-10-05 01:18:25Z,DET,in,0.363,Q2 8:14,-1.0,11539,Jake Bates,K,9.5,9.0,6.94,15.94,15.94,15.05,0.073,1.0,15.94,,0.0,0
2026-10-05 01:18:25Z,CAR,in,0.363,Q2 8:14,1.0,2505,Darren Waller,TE,8.8,0.0,5.33,5.33,5.1,5.61,0.363,1.0,5.33,,0.0,0
2026-10-05 01:19:25Z,CAR,in,0.364,Q2 8:08,7.0,11157,Brycen Tremayne,WR,5.6,0.0,3.07,3.07,3.23,3.56,0.364,1.0,3.07,,0.0,0
2026-10-05 01:19:25Z,CAR,in,0.364,Q2 8:08,7.0,12961,Ryan Fitzgerald,K,7.3,1.0,4.38,5.38,5.38,5.64,0.145,1.0,5.38,,0.0,0
2026-10-05 01:19:25Z,DET,in,0.364,Q2 8:08,-7.0,12535,Isaac TeSlaa,WR,5.3,0.0,3.6,3.6,3.06,3.37,0.364,1.0,3.6,,0.0,0
2026-10-05 01:19:25Z,DET,in,0.364,Q2 8:08,-7.0,10859,Sam LaPorta,TE,13.0,4.6,9.3,13.9,12.84,12.86,0.105,1.0,13.9,,0.0,0
2026-10-05 01:19:25Z,DET,in,0.364,Q2 8:08,-7.0,11237,Jacob Saylors,RB,1.7,0.0,0.99,0.99,0.98,1.08,0.364,1.0,0.99,,0.0,0
2026-10-05 01:19:25Z,CAR,in,0.364,Q2 8:08,7.0,9228,Bryce Young,QB,19.4,10.34,12.28,22.62,23.19,22.67,0.0,1.0,22.62,,0.0,0
2026-10-05 01:19:25Z,CAR,in,0.364,Q2 8:08,7.0,7694,Tommy Tremble,TE,3.8,3.9,2.49,6.39,6.71,6.32,0.012,1.0,6.39,,0.0,0
2026-10-05 01:19:25Z,CAR,in,0.364,Q2 8:08,7.0,8160,Kenny Pickett,QB,0.6,0.0,0.31,0.31,0.35,0.38,0.364,0.3,0.09,,0.0,0
2026-10-05 01:19:25Z,CAR,in,0.364,Q2 8:08,7.0,CAR,Carolina Panthers D/ST,DST,4.2,7.0,-0.79,6.21,10.54,9.67,0.316,1.0,6.21,,0.0,0
2026-10-05 01:19:25Z,DET,in,0.364,Q2 8:08,-7.0,8250,Tay Martin,WR,0.8,0.0,0.54,0.54,0.46,0.51,0.364,1.0,0.54,,0.0,0
2026-10-05 01:19:25Z,DET,in,0.364,Q2 8:08,-7.0,4179,Joshua Dobbs,QB,0.6,0.0,0.42,0.42,0.35,0.38,0.364,0.4,0.17,,0.0,0
2026-10-05 01:19:25Z,DET,in,0.364,Q2 8:08,-7.0,9221,Jahmyr Gibbs,RB,25.7,4.1,15.93,20.03,19.6,20.43,0.078,1.0,20.03,,0.0,0
2026-10-05 01:19:25Z,DET,in,0.364,Q2 8:08,-7.0,3163,Jared Goff,QB,18.3,1.96,13.09,15.05,12.84,13.59,0.105,1.0,15.05,,0.0,0
2026-10-05 01:19:25Z,DET,in,0.364,Q2 8:08,-7.0,8148,Jameson Williams,WR,12.7,1.6,8.79,10.39,9.19,9.67,0.335,1.0,10.39,,0.0,0
2026-10-05 01:19:25Z,DET,in,0.364,Q2 8:08,-7.0,7891,Brock Wright,TE,1.5,0.0,1.02,1.02,0.87,0.95,0.364,1.0,1.02,,0.0,0
2026-10-05 01:19:25Z,DET,in,0.364,Q2 8:08,-7.0,7547,Amon-Ra St. Brown,WR,20.0,4.3,14.03,18.33,16.54,17.01,0.214,1.0,18.33,,0.0,0
2026-10-05 01:19:25Z,CAR,in,0.364,Q2 8:08,7.0,12526,Tetairoa McMillan,WR,16.4,25.0,11.57,36.57,38.45,35.42,0.0,1.0,36.57,,0.0,0
2026-10-05 01:19:25Z,CAR,in,0.364,Q2 8:08,7.0,11646,Jalen Coker,WR,8.5,0.0,4.66,4.66,4.91,5.4,0.364,1.0,4.66,,0.0,0
2026-10-05 01:19:25Z,DET,in,0.364,Q2 8:08,-7.0,DET,Detroit Lions D/ST,DST,5.7,5.0,-0.19,4.81,9.09,8.62,0.145,1.0,4.81,,0.0,0
2026-10-05 01:19:25Z,DET,in,0.364,Q2 8:08,-7.0,11729,Sione Vaki,RB,2.6,0.0,1.52,1.52,1.5,1.65,0.364,1.0,1.52,,0.0,0
2026-10-05 01:19:25Z,CAR,in,0.364,Q2 8:08,7.0,11600,Ja'Tavion Sanders,TE,2.7,0.0,1.48,1.48,1.56,1.72,0.364,1.0,1.48,,0.0,0
2026-10-05 01:19:25Z,CAR,in,0.364,Q2 8:08,7.0,7594,Chuba Hubbard,RB,16.6,9.9,11.05,20.95,21.06,20.45,0.042,1.0,20.95,,0.0,0
2026-10-05 01:19:25Z,DET,in,0.364,Q2 8:08,-7.0,11539,Jake Bates,K,9.5,9.0,6.92,15.92,15.92,15.04,0.075,1.0,15.92,,0.0,0
2026-10-05 01:19:25Z,CAR,in,0.364,Q2 8:08,7.0,2505,Darren Waller,TE,8.8,0.0,4.83,4.83,5.08,5.59,0.364,1.0,4.83,,0.0,0
2026-10-05 01:20:26Z,CAR,in,0.364,Q2 8:08,7.0,11157,Brycen Tremayne,WR,5.6,0.0,3.07,3.07,3.23,3.56,0.364,1.0,3.07,,0.0,0
2026-10-05 01:20:26Z,CAR,in,0.364,Q2 8:08,7.0,12961,Ryan Fitzgerald,K,7.3,0.0,4.22,4.22,4.22,4.64,0.0,1.0,4.22,,0.0,0
2026-10-05 01:20:26Z,DET,in,0.364,Q2 8:08,-7.0,12535,Isaac TeSlaa,WR,5.3,0.0,3.6,3.6,3.06,3.37,0.364,1.0,3.6,,0.0,0
2026-10-05 01:20:26Z,DET,in,0.364,Q2 8:08,-7.0,10859,Sam LaPorta,TE,13.0,4.6,9.3,13.9,12.84,12.86,0.105,1.0,13.9,,0.0,0
2026-10-05 01:20:26Z,DET,in,0.364,Q2 8:08,-7.0,11237,Jacob Saylors,RB,1.7,0.0,0.99,0.99,0.98,1.08,0.364,1.0,0.99,,0.0,0
2026-10-05 01:20:26Z,CAR,in,0.364,Q2 8:08,7.0,9228,Bryce Young,QB,19.4,10.34,12.28,22.62,23.19,22.67,0.0,1.0,22.62,,0.0,0
2026-10-05 01:20:26Z,CAR,in,0.364,Q2 8:08,7.0,7694,Tommy Tremble,TE,3.8,3.9,2.49,6.39,6.71,6.32,0.012,1.0,6.39,,0.0,0
2026-10-05 01:20:26Z,CAR,in,0.364,Q2 8:08,7.0,8160,Kenny Pickett,QB,0.6,0.0,0.31,0.31,0.35,0.38,0.364,0.3,0.09,,0.0,0
2026-10-05 01:20:26Z,CAR,in,0.364,Q2 8:08,7.0,CAR,Carolina Panthers D/ST,DST,4.2,7.0,-0.79,6.21,10.54,9.67,0.316,1.0,6.21,,0.0,0
2026-10-05 01:20:26Z,DET,in,0.364,Q2 8:08,-7.0,8250,Tay Martin,WR,0.8,0.0,0.54,0.54,0.46,0.51,0.364,1.0,0.54,,0.0,0
2026-10-05 01:20:26Z,DET,in,0.364,Q2 8:08,-7.0,4179,Joshua Dobbs,QB,0.6,0.0,0.42,0.42,0.35,0.38,0.364,0.4,0.17,,0.0,0
2026-10-05 01:20:26Z,DET,in,0.364,Q2 8:08,-7.0,9221,Jahmyr Gibbs,RB,25.7,4.1,15.93,20.03,19.6,20.43,0.078,1.0,20.03,,0.0,0
2026-10-05 01:20:26Z,DET,in,0.364,Q2 8:08,-7.0,3163,Jared Goff,QB,18.3,1.96,13.09,15.05,12.84,13.59,0.105,1.0,15.05,,0.0,0
2026-10-05 01:20:26Z,DET,in,0.364,Q2 8:08,-7.0,8148,Jameson Williams,WR,12.7,1.6,8.79,10.39,9.19,9.67,0.335,1.0,10.39,,0.0,0
2026-10-05 01:20:26Z,DET,in,0.364,Q2 8:08,-7.0,7891,Brock Wright,TE,1.5,0.0,1.02,1.02,0.87,0.95,0.364,1.0,1.02,,0.0,0
2026-10-05 01:20:26Z,DET,in,0.364,Q2 8:08,-7.0,7547,Amon-Ra St. Brown,WR,20.0,4.3,14.03,18.33,16.54,17.01,0.214,1.0,18.33,,0.0,0
2026-10-05 01:20:26Z,CAR,in,0.364,Q2 8:08,7.0,12526,Tetairoa McMillan,WR,16.4,25.0,11.57,36.57,38.45,35.42,0.0,1.0,36.57,,0.0,0
2026-10-05 01:20:26Z,CAR,in,0.364,Q2 8:08,7.0,11646,Jalen Coker,WR,8.5,0.0,4.66,4.66,4.91,5.4,0.364,1.0,4.66,,0.0,0
2026-10-05 01:20:26Z,DET,in,0.364,Q2 8:08,-7.0,DET,Detroit Lions D/ST,DST,5.7,5.0,-0.19,4.81,9.09,8.62,0.145,1.0,4.81,,0.0,0
2026-10-05 01:20:26Z,DET,in,0.364,Q2 8:08,-7.0,11729,Sione Vaki,RB,2.6,0.0,1.52,1.52,1.5,1.65,0.364,1.0,1.52,,0.0,0
2026-10-05 01:20:26Z,CAR,in,0.364,Q2 8:08,7.0,11600,Ja'Tavion Sanders,TE,2.7,0.0,1.48,1.48,1.56,1.72,0.364,1.0,1.48,,0.0,0
2026-10-05 01:20:26Z,CAR,in,0.364,Q2 8:08,7.0,7594,Chuba Hubbard,RB,16.6,9.9,11.05,20.95,21.06,20.45,0.042,1.0,20.95,,0.0,0
2026-10-05 01:20:26Z,DET,in,0.364,Q2 8:08,-7.0,11539,Jake Bates,K,9.5,9.0,6.92,15.92,15.92,15.04,0.075,1.0,15.92,,0.0,0
2026-10-05 01:20:26Z,CAR,in,0.364,Q2 8:08,7.0,2505,Darren Waller,TE,8.8,0.0,4.83,4.83,5.08,5.59,0.364,1.0,4.83,,0.0,0
2026-10-05 01:21:27Z,CAR,in,0.364,Q2 8:08,7.0,11157,Brycen Tremayne,WR,5.6,0.0,3.07,3.07,3.23,3.56,0.364,1.0,3.07,,0.0,0
2026-10-05 01:21:27Z,CAR,in,0.364,Q2 8:08,7.0,12961,Ryan Fitzgerald,K,7.3,0.0,4.22,4.22,4.22,4.64,0.0,1.0,4.22,,0.0,0
2026-10-05 01:21:27Z,DET,in,0.364,Q2 8:08,-7.0,12535,Isaac TeSlaa,WR,5.3,0.0,3.6,3.6,3.06,3.37,0.364,1.0,3.6,,0.0,0
2026-10-05 01:21:27Z,DET,in,0.364,Q2 8:08,-7.0,10859,Sam LaPorta,TE,13.0,4.6,9.3,13.9,12.84,12.86,0.105,1.0,13.9,,0.0,0
2026-10-05 01:21:27Z,DET,in,0.364,Q2 8:08,-7.0,11237,Jacob Saylors,RB,1.7,0.0,0.99,0.99,0.98,1.08,0.364,1.0,0.99,,0.0,0
2026-10-05 01:21:27Z,CAR,in,0.364,Q2 8:08,7.0,9228,Bryce Young,QB,19.4,10.34,12.28,22.62,23.19,22.67,0.0,1.0,22.62,,0.0,0
2026-10-05 01:21:27Z,CAR,in,0.364,Q2 8:08,7.0,7694,Tommy Tremble,TE,3.8,3.9,2.49,6.39,6.71,6.32,0.012,1.0,6.39,,0.0,0
2026-10-05 01:21:27Z,CAR,in,0.364,Q2 8:08,7.0,8160,Kenny Pickett,QB,0.6,0.0,0.31,0.31,0.35,0.38,0.364,0.3,0.09,,0.0,0
2026-10-05 01:21:27Z,CAR,in,0.364,Q2 8:08,7.0,CAR,Carolina Panthers D/ST,DST,4.2,7.0,-0.79,6.21,10.54,9.67,0.316,1.0,6.21,,0.0,0
2026-10-05 01:21:27Z,DET,in,0.364,Q2 8:08,-7.0,8250,Tay Martin,WR,0.8,0.0,0.54,0.54,0.46,0.51,0.364,1.0,0.54,,0.0,0
2026-10-05 01:21:27Z,DET,in,0.364,Q2 8:08,-7.0,4179,Joshua Dobbs,QB,0.6,0.0,0.42,0.42,0.35,0.38,0.364,0.4,0.17,,0.0,0
2026-10-05 01:21:27Z,DET,in,0.364,Q2 8:08,-7.0,9221,Jahmyr Gibbs,RB,25.7,4.1,15.93,20.03,19.6,20.43,0.078,1.0,20.03,,0.0,0
2026-10-05 01:21:27Z,DET,in,0.364,Q2 8:08,-7.0,3163,Jared Goff,QB,18.3,1.96,13.09,15.05,12.84,13.59,0.105,1.0,15.05,,0.0,0
2026-10-05 01:21:27Z,DET,in,0.364,Q2 8:08,-7.0,8148,Jameson Williams,WR,12.7,1.6,8.79,10.39,9.19,9.67,0.335,1.0,10.39,,0.0,0
2026-10-05 01:21:27Z,DET,in,0.364,Q2 8:08,-7.0,7891,Brock Wright,TE,1.5,0.0,1.02,1.02,0.87,0.95,0.364,1.0,1.02,,0.0,0
2026-10-05 01:21:27Z,DET,in,0.364,Q2 8:08,-7.0,7547,Amon-Ra St. Brown,WR,20.0,4.3,14.03,18.33,16.54,17.01,0.214,1.0,18.33,,0.0,0
2026-10-05 01:21:27Z,CAR,in,0.364,Q2 8:08,7.0,12526,Tetairoa McMillan,WR,16.4,23.0,11.37,34.37,36.13,33.42,0.0,1.0,34.37,,0.0,0
2026-10-05 01:21:27Z,CAR,in,0.364,Q2 8:08,7.0,11646,Jalen Coker,WR,8.5,0.0,4.66,4.66,4.91,5.4,0.364,1.0,4.66,,0.0,0
2026-10-05 01:21:27Z,DET,in,0.364,Q2 8:08,-7.0,DET,Detroit Lions D/ST,DST,5.7,5.0,-0.19,4.81,9.09,8.62,0.145,1.0,4.81,,0.0,0
2026-10-05 01:21:27Z,DET,in,0.364,Q2 8:08,-7.0,11729,Sione Vaki,RB,2.6,0.0,1.52,1.52,1.5,1.65,0.364,1.0,1.52,,0.0,0
2026-10-05 01:21:27Z,CAR,in,0.364,Q2 8:08,7.0,11600,Ja'Tavion Sanders,TE,2.7,0.0,1.48,1.48,1.56,1.72,0.364,1.0,1.48,,0.0,0
2026-10-05 01:21:27Z,CAR,in,0.364,Q2 8:08,7.0,7594,Chuba Hubbard,RB,16.6,9.9,11.05,20.95,21.06,20.45,0.042,1.0,20.95,,0.0,0
2026-10-05 01:21:27Z,DET,in,0.364,Q2 8:08,-7.0,11539,Jake Bates,K,9.5,9.0,6.92,15.92,15.92,15.04,0.075,1.0,15.92,,0.0,0
2026-10-05 01:21:27Z,CAR,in,0.364,Q2 8:08,7.0,2505,Darren Waller,TE,8.8,0.0,4.83,4.83,5.08,5.59,0.364,1.0,4.83,,0.0,0
2026-10-05 01:22:27Z,CAR,in,0.364,Q2 8:08,7.0,11157,Brycen Tremayne,WR,5.6,0.0,3.07,3.07,3.23,3.56,0.364,1.0,3.07,,0.0,0
2026-10-05 01:22:27Z,CAR,in,0.364,Q2 8:08,7.0,12961,Ryan Fitzgerald,K,7.3,0.0,4.22,4.22,4.22,4.64,0.0,1.0,4.22,,0.0,0
2026-10-05 01:22:27Z,DET,in,0.364,Q2 8:08,-7.0,12535,Isaac TeSlaa,WR,5.3,0.0,3.6,3.6,3.06,3.37,0.364,1.0,3.6,,0.0,0
2026-10-05 01:22:27Z,DET,in,0.364,Q2 8:08,-7.0,10859,Sam LaPorta,TE,13.0,4.6,9.3,13.9,12.84,12.86,0.105,1.0,13.9,,0.0,0
2026-10-05 01:22:27Z,DET,in,0.364,Q2 8:08,-7.0,11237,Jacob Saylors,RB,1.7,0.0,0.99,0.99,0.98,1.08,0.364,1.0,0.99,,0.0,0
2026-10-05 01:22:27Z,CAR,in,0.364,Q2 8:08,7.0,9228,Bryce Young,QB,19.4,10.34,12.28,22.62,23.19,22.67,0.0,1.0,22.62,,0.0,0
2026-10-05 01:22:27Z,CAR,in,0.364,Q2 8:08,7.0,7694,Tommy Tremble,TE,3.8,3.9,2.49,6.39,6.71,6.32,0.012,1.0,6.39,,0.0,0
2026-10-05 01:22:27Z,CAR,in,0.364,Q2 8:08,7.0,8160,Kenny Pickett,QB,0.6,0.0,0.31,0.31,0.35,0.38,0.364,0.3,0.09,,0.0,0
2026-10-05 01:22:27Z,CAR,in,0.364,Q2 8:08,7.0,CAR,Carolina Panthers D/ST,DST,4.2,7.0,-0.79,6.21,10.54,9.67,0.316,1.0,6.21,,0.0,0
2026-10-05 01:22:27Z,DET,in,0.364,Q2 8:08,-7.0,8250,Tay Martin,WR,0.8,0.0,0.54,0.54,0.46,0.51,0.364,1.0,0.54,,0.0,0
2026-10-05 01:22:27Z,DET,in,0.364,Q2 8:08,-7.0,4179,Joshua Dobbs,QB,0.6,0.0,0.42,0.42,0.35,0.38,0.364,0.4,0.17,,0.0,0
2026-10-05 01:22:27Z,DET,in,0.364,Q2 8:08,-7.0,9221,Jahmyr Gibbs,RB,25.7,4.1,15.93,20.03,19.6,20.43,0.078,1.0,20.03,,0.0,0
2026-10-05 01:22:27Z,DET,in,0.364,Q2 8:08,-7.0,3163,Jared Goff,QB,18.3,1.96,13.09,15.05,12.84,13.59,0.105,1.0,15.05,,0.0,0
2026-10-05 01:22:27Z,DET,in,0.364,Q2 8:08,-7.0,8148,Jameson Williams,WR,12.7,1.6,8.79,10.39,9.19,9.67,0.335,1.0,10.39,,0.0,0
2026-10-05 01:22:27Z,DET,in,0.364,Q2 8:08,-7.0,7891,Brock Wright,TE,1.5,0.0,1.02,1.02,0.87,0.95,0.364,1.0,1.02,,0.0,0
2026-10-05 01:22:27Z,DET,in,0.364,Q2 8:08,-7.0,7547,Amon-Ra St. Brown,WR,20.0,4.3,14.03,18.33,16.54,17.01,0.214,1.0,18.33,,0.0,0
2026-10-05 01:22:27Z,CAR,in,0.364,Q2 8:08,7.0,12526,Tetairoa McMillan,WR,16.4,23.0,11.37,34.37,36.13,33.42,0.0,1.0,34.37,,0.0,0
2026-10-05 01:22:27Z,CAR,in,0.364,Q2 8:08,7.0,11646,Jalen Coker,WR,8.5,0.0,4.66,4.66,4.91,5.4,0.364,1.0,4.66,,0.0,0
2026-10-05 01:22:27Z,DET,in,0.364,Q2 8:08,-7.0,DET,Detroit Lions D/ST,DST,5.7,5.0,-0.19,4.81,9.09,8.62,0.145,1.0,4.81,,0.0,0
2026-10-05 01:22:27Z,DET,in,0.364,Q2 8:08,-7.0,11729,Sione Vaki,RB,2.6,0.0,1.52,1.52,1.5,1.65,0.364,1.0,1.52,,0.0,0
2026-10-05 01:22:27Z,CAR,in,0.364,Q2 8:08,7.0,11600,Ja'Tavion Sanders,TE,2.7,0.0,1.48,1.48,1.56,1.72,0.364,1.0,1.48,,0.0,0
2026-10-05 01:22:27Z,CAR,in,0.364,Q2 8:08,7.0,7594,Chuba Hubbard,RB,16.6,9.9,11.05,20.95,21.06,20.45,0.042,1.0,20.95,,0.0,0
2026-10-05 01:22:27Z,DET,in,0.364,Q2 8:08,-7.0,11539,Jake Bates,K,9.5,9.0,6.92,15.92,15.92,15.04,0.075,1.0,15.92,,0.0,0
2026-10-05 01:22:27Z,CAR,in,0.364,Q2 8:08,7.0,2505,Darren Waller,TE,8.8,0.0,4.83,4.83,5.08,5.59,0.364,1.0,4.83,,0.0,0
2026-10-05 01:23:27Z,CAR,in,0.364,Q2 8:08,7.0,11157,Brycen Tremayne,WR,5.6,0.0,3.07,3.07,3.23,3.56,0.364,1.0,3.07,,0.0,0
2026-10-05 01:23:27Z,CAR,in,0.364,Q2 8:08,7.0,12961,Ryan Fitzgerald,K,7.3,0.0,4.22,4.22,4.22,4.64,0.0,1.0,4.22,,0.0,0
2026-10-05 01:23:27Z,DET,in,0.364,Q2 8:08,-7.0,12535,Isaac TeSlaa,WR,5.3,0.0,3.6,3.6,3.06,3.37,0.364,1.0,3.6,,0.0,0
2026-10-05 01:23:27Z,DET,in,0.364,Q2 8:08,-7.0,10859,Sam LaPorta,TE,13.0,4.6,9.3,13.9,12.84,12.86,0.105,1.0,13.9,,0.0,0
2026-10-05 01:23:27Z,DET,in,0.364,Q2 8:08,-7.0,11237,Jacob Saylors,RB,1.7,0.0,0.99,0.99,0.98,1.08,0.364,1.0,0.99,,0.0,0
2026-10-05 01:23:27Z,CAR,in,0.364,Q2 8:08,7.0,9228,Bryce Young,QB,19.4,10.34,12.28,22.62,23.19,22.67,0.0,1.0,22.62,,0.0,0
2026-10-05 01:23:27Z,CAR,in,0.364,Q2 8:08,7.0,7694,Tommy Tremble,TE,3.8,3.9,2.49,6.39,6.71,6.32,0.012,1.0,6.39,,0.0,0
2026-10-05 01:23:27Z,CAR,in,0.364,Q2 8:08,7.0,8160,Kenny Pickett,QB,0.6,0.0,0.31,0.31,0.35,0.38,0.364,0.3,0.09,,0.0,0
2026-10-05 01:23:27Z,CAR,in,0.364,Q2 8:08,7.0,CAR,Carolina Panthers D/ST,DST,4.2,7.0,-0.79,6.21,10.54,9.67,0.316,1.0,6.21,,0.0,0
2026-10-05 01:23:27Z,DET,in,0.364,Q2 8:08,-7.0,8250,Tay Martin,WR,0.8,0.0,0.54,0.54,0.46,0.51,0.364,1.0,0.54,,0.0,0
2026-10-05 01:23:27Z,DET,in,0.364,Q2 8:08,-7.0,4179,Joshua Dobbs,QB,0.6,0.0,0.42,0.42,0.35,0.38,0.364,0.4,0.17,,0.0,0
2026-10-05 01:23:27Z,DET,in,0.364,Q2 8:08,-7.0,9221,Jahmyr Gibbs,RB,25.7,4.1,15.93,20.03,19.6,20.43,0.078,1.0,20.03,,0.0,0
2026-10-05 01:23:27Z,DET,in,0.364,Q2 8:08,-7.0,3163,Jared Goff,QB,18.3,1.96,13.09,15.05,12.84,13.59,0.105,1.0,15.05,,0.0,0
2026-10-05 01:23:27Z,DET,in,0.364,Q2 8:08,-7.0,8148,Jameson Williams,WR,12.7,1.6,8.79,10.39,9.19,9.67,0.335,1.0,10.39,,0.0,0
2026-10-05 01:23:27Z,DET,in,0.364,Q2 8:08,-7.0,7891,Brock Wright,TE,1.5,0.0,1.02,1.02,0.87,0.95,0.364,1.0,1.02,,0.0,0
2026-10-05 01:23:27Z,DET,in,0.364,Q2 8:08,-7.0,7547,Amon-Ra St. Brown,WR,20.0,4.3,14.03,18.33,16.54,17.01,0.214,1.0,18.33,,0.0,0
2026-10-05 01:23:27Z,CAR,in,0.364,Q2 8:08,7.0,12526,Tetairoa McMillan,WR,16.4,23.0,11.37,34.37,36.13,33.42,0.0,1.0,34.37,,0.0,0
2026-10-05 01:23:27Z,CAR,in,0.364,Q2 8:08,7.0,11646,Jalen Coker,WR,8.5,0.0,4.66,4.66,4.91,5.4,0.364,1.0,4.66,,0.0,0
2026-10-05 01:23:27Z,DET,in,0.364,Q2 8:08,-7.0,DET,Detroit Lions D/ST,DST,5.7,5.0,-0.19,4.81,9.09,8.62,0.145,1.0,4.81,,0.0,0
2026-10-05 01:23:27Z,DET,in,0.364,Q2 8:08,-7.0,11729,Sione Vaki,RB,2.6,0.0,1.52,1.52,1.5,1.65,0.364,1.0,1.52,,0.0,0
2026-10-05 01:23:27Z,CAR,in,0.364,Q2 8:08,7.0,11600,Ja'Tavion Sanders,TE,2.7,0.0,1.48,1.48,1.56,1.72,0.364,1.0,1.48,,0.0,0
2026-10-05 01:23:27Z,CAR,in,0.364,Q2 8:08,7.0,7594,Chuba Hubbard,RB,16.6,9.9,11.05,20.95,21.06,20.45,0.042,1.0,20.95,,0.0,0
2026-10-05 01:23:27Z,DET,in,0.364,Q2 8:08,-7.0,11539,Jake Bates,K,9.5,9.0,6.92,15.92,15.92,15.04,0.075,1.0,15.92,,0.0,0
2026-10-05 01:23:27Z,CAR,in,0.364,Q2 8:08,7.0,2505,Darren Waller,TE,8.8,0.0,4.83,4.83,5.08,5.59,0.364,1.0,4.83,,0.0,0
2026-10-05 01:24:28Z,CAR,in,0.364,Q2 8:08,7.0,11157,Brycen Tremayne,WR,5.6,0.0,3.07,3.07,3.23,3.56,0.364,1.0,3.07,,0.0,0
2026-10-05 01:24:28Z,CAR,in,0.364,Q2 8:08,7.0,12961,Ryan Fitzgerald,K,7.3,0.0,4.22,4.22,4.22,4.64,0.0,1.0,4.22,,0.0,0
2026-10-05 01:24:28Z,DET,in,0.364,Q2 8:08,-7.0,12535,Isaac TeSlaa,WR,5.3,0.0,3.6,3.6,3.06,3.37,0.364,1.0,3.6,,0.0,0
2026-10-05 01:24:28Z,DET,in,0.364,Q2 8:08,-7.0,10859,Sam LaPorta,TE,13.0,4.6,9.3,13.9,12.84,12.86,0.105,1.0,13.9,,0.0,0
2026-10-05 01:24:28Z,DET,in,0.364,Q2 8:08,-7.0,11237,Jacob Saylors,RB,1.7,0.0,0.99,0.99,0.98,1.08,0.364,1.0,0.99,,0.0,0
2026-10-05 01:24:28Z,CAR,in,0.364,Q2 8:08,7.0,9228,Bryce Young,QB,19.4,10.34,12.28,22.62,23.19,22.67,0.0,1.0,22.62,,0.0,0
2026-10-05 01:24:28Z,CAR,in,0.364,Q2 8:08,7.0,7694,Tommy Tremble,TE,3.8,3.9,2.49,6.39,6.71,6.32,0.012,1.0,6.39,,0.0,0
2026-10-05 01:24:28Z,CAR,in,0.364,Q2 8:08,7.0,8160,Kenny Pickett,QB,0.6,0.0,0.31,0.31,0.35,0.38,0.364,0.3,0.09,,0.0,0
2026-10-05 01:24:28Z,CAR,in,0.364,Q2 8:08,7.0,CAR,Carolina Panthers D/ST,DST,4.2,7.0,-0.79,6.21,10.54,9.67,0.316,1.0,6.21,,0.0,0
2026-10-05 01:24:28Z,DET,in,0.364,Q2 8:08,-7.0,8250,Tay Martin,WR,0.8,0.0,0.54,0.54,0.46,0.51,0.364,1.0,0.54,,0.0,0
2026-10-05 01:24:28Z,DET,in,0.364,Q2 8:08,-7.0,4179,Joshua Dobbs,QB,0.6,0.0,0.42,0.42,0.35,0.38,0.364,0.4,0.17,,0.0,0
2026-10-05 01:24:28Z,DET,in,0.364,Q2 8:08,-7.0,9221,Jahmyr Gibbs,RB,25.7,4.1,15.93,20.03,19.6,20.43,0.078,1.0,20.03,,0.0,0
2026-10-05 01:24:28Z,DET,in,0.364,Q2 8:08,-7.0,3163,Jared Goff,QB,18.3,1.96,13.09,15.05,12.84,13.59,0.105,1.0,15.05,,0.0,0
2026-10-05 01:24:28Z,DET,in,0.364,Q2 8:08,-7.0,8148,Jameson Williams,WR,12.7,1.6,8.79,10.39,9.19,9.67,0.335,1.0,10.39,,0.0,0
2026-10-05 01:24:28Z,DET,in,0.364,Q2 8:08,-7.0,7891,Brock Wright,TE,1.5,0.0,1.02,1.02,0.87,0.95,0.364,1.0,1.02,,0.0,0
2026-10-05 01:24:28Z,DET,in,0.364,Q2 8:08,-7.0,7547,Amon-Ra St. Brown,WR,20.0,4.3,14.03,18.33,16.54,17.01,0.214,1.0,18.33,,0.0,0
2026-10-05 01:24:28Z,CAR,in,0.364,Q2 8:08,7.0,12526,Tetairoa McMillan,WR,16.4,23.0,11.37,34.37,36.13,33.42,0.0,1.0,34.37,,0.0,0
2026-10-05 01:24:28Z,CAR,in,0.364,Q2 8:08,7.0,11646,Jalen Coker,WR,8.5,0.0,4.66,4.66,4.91,5.4,0.364,1.0,4.66,,0.0,0
2026-10-05 01:24:28Z,DET,in,0.364,Q2 8:08,-7.0,DET,Detroit Lions D/ST,DST,5.7,5.0,-0.19,4.81,9.09,8.62,0.145,1.0,4.81,,0.0,0
2026-10-05 01:24:28Z,DET,in,0.364,Q2 8:08,-7.0,11729,Sione Vaki,RB,2.6,0.0,1.52,1.52,1.5,1.65,0.364,1.0,1.52,,0.0,0
2026-10-05 01:24:28Z,CAR,in,0.364,Q2 8:08,7.0,11600,Ja'Tavion Sanders,TE,2.7,0.0,1.48,1.48,1.56,1.72,0.364,1.0,1.48,,0.0,0
2026-10-05 01:24:28Z,CAR,in,0.364,Q2 8:08,7.0,7594,Chuba Hubbard,RB,16.6,9.9,11.05,20.95,21.06,20.45,0.042,1.0,20.95,,0.0,0
2026-10-05 01:24:28Z,DET,in,0.364,Q2 8:08,-7.0,11539,Jake Bates,K,9.5,9.0,6.92,15.92,15.92,15.04,0.075,1.0,15.92,,0.0,0
2026-10-05 01:24:28Z,CAR,in,0.364,Q2 8:08,7.0,2505,Darren Waller,TE,8.8,0.0,4.83,4.83,5.08,5.59,0.364,1.0,4.83,,0.0,0
2026-10-05 01:25:28Z,CAR,in,0.376,Q2 7:25,7.0,11157,Brycen Tremayne,WR,5.6,0.0,3.01,3.01,3.16,3.49,0.376,1.0,3.01,,0.0,0
2026-10-05 01:25:28Z,CAR,in,0.376,Q2 7:25,7.0,12961,Ryan Fitzgerald,K,7.3,0.0,4.12,4.12,4.12,4.55,0.012,1.0,4.12,,0.0,0
2026-10-05 01:25:28Z,DET,in,0.376,Q2 7:25,-7.0,12535,Isaac TeSlaa,WR,5.3,0.0,3.54,3.54,2.99,3.31,0.376,1.0,3.54,,0.0,0
2026-10-05 01:25:28Z,DET,in,0.376,Q2 7:25,-7.0,10859,Sam LaPorta,TE,13.0,4.6,9.15,13.75,12.66,12.71,0.117,1.0,13.75,,0.0,0
2026-10-05 01:25:28Z,DET,in,0.376,Q2 7:25,-7.0,11237,Jacob Saylors,RB,1.7,0.0,0.97,0.97,0.96,1.06,0.376,1.0,0.97,,0.0,0
2026-10-05 01:25:28Z,CAR,in,0.376,Q2 7:25,7.0,9228,Bryce Young,QB,19.4,10.34,12.01,22.35,22.91,22.44,0.012,1.0,22.35,,0.0,0
2026-10-05 01:25:28Z,CAR,in,0.376,Q2 7:25,7.0,7694,Tommy Tremble,TE,3.8,3.9,2.44,6.34,6.65,6.27,0.024,1.0,6.34,,0.0,0
2026-10-05 01:25:28Z,CAR,in,0.376,Q2 7:25,7.0,8160,Kenny Pickett,QB,0.6,0.0,0.3,0.3,0.34,0.37,0.376,0.3,0.09,,0.0,0
2026-10-05 01:25:28Z,CAR,in,0.376,Q2 7:25,7.0,CAR,Carolina Panthers D/ST,DST,4.2,7.0,-0.76,6.24,10.46,9.62,0.328,1.0,6.24,,0.0,0
2026-10-05 01:25:28Z,DET,in,0.376,Q2 7:25,-7.0,8250,Tay Martin,WR,0.8,0.0,0.53,0.53,0.45,0.5,0.376,1.0,0.53,,0.0,0
2026-10-05 01:25:28Z,DET,in,0.376,Q2 7:25,-7.0,4179,Joshua Dobbs,QB,0.6,0.0,0.41,0.41,0.34,0.37,0.376,0.4,0.16,,0.0,0
2026-10-05 01:25:28Z,DET,in,0.376,Q2 7:25,-7.0,9221,Jahmyr Gibbs,RB,25.7,4.0,15.58,19.58,19.14,20.03,0.0,1.0,19.58,,0.0,0
2026-10-05 01:25:28Z,DET,in,0.376,Q2 7:25,-7.0,3163,Jared Goff,QB,18.3,1.96,12.85,14.81,12.6,13.37,0.117,1.0,14.81,,0.0,0
2026-10-05 01:25:28Z,DET,in,0.376,Q2 7:25,-7.0,8148,Jameson Williams,WR,12.7,1.6,8.65,10.25,9.02,9.52,0.347,1.0,10.25,,0.0,0
2026-10-05 01:25:28Z,DET,in,0.376,Q2 7:25,-7.0,7891,Brock Wright,TE,1.5,0.0,1.0,1.0,0.85,0.94,0.376,1.0,1.0,,0.0,0
2026-10-05 01:25:28Z,DET,in,0.376,Q2 7:25,-7.0,7547,Amon-Ra St. Brown,WR,20.0,4.3,13.8,18.1,16.27,16.77,0.226,1.0,18.1,,0.0,0
2026-10-05 01:25:28Z,CAR,in,0.376,Q2 7:25,7.0,12526,Tetairoa McMillan,WR,16.4,23.0,11.16,34.16,35.85,33.23,0.012,1.0,34.16,,0.0,0
2026-10-05 01:25:28Z,CAR,in,0.376,Q2 7:25,7.0,11646,Jalen Coker,WR,8.5,0.0,4.57,4.57,4.8,5.3,0.376,1.0,4.57,,0.0,0
2026-10-05 01:25:28Z,DET,in,0.376,Q2 7:25,-7.0,DET,Detroit Lions D/ST,DST,5.7,5.0,-0.19,4.81,9.0,8.55,0.157,1.0,4.81,,0.0,0
2026-10-05 01:25:28Z,DET,in,0.376,Q2 7:25,-7.0,11729,Sione Vaki,RB,2.6,0.0,1.49,1.49,1.47,1.62,0.376,1.0,1.49,,0.0,0
2026-10-05 01:25:28Z,CAR,in,0.376,Q2 7:25,7.0,11600,Ja'Tavion Sanders,TE,2.7,0.0,1.45,1.45,1.53,1.68,0.376,1.0,1.45,,0.0,0
2026-10-05 01:25:28Z,CAR,in,0.376,Q2 7:25,7.0,7594,Chuba Hubbard,RB,16.6,9.9,10.82,20.72,20.82,20.25,0.054,1.0,20.72,,0.0,0
2026-10-05 01:25:28Z,DET,in,0.376,Q2 7:25,-7.0,11539,Jake Bates,K,9.5,9.0,6.77,15.77,15.77,14.92,0.087,1.0,15.77,,0.0,0
2026-10-05 01:25:28Z,CAR,in,0.376,Q2 7:25,7.0,2505,Darren Waller,TE,8.8,0.0,4.73,4.73,4.97,5.49,0.376,1.0,4.73,,0.0,0
2026-10-05 01:26:29Z,CAR,in,0.378,Q2 7:21,7.0,11157,Brycen Tremayne,WR,5.6,0.0,3.0,3.0,3.16,3.49,0.378,1.0,3.0,,0.0,0
2026-10-05 01:26:29Z,CAR,in,0.378,Q2 7:21,7.0,12961,Ryan Fitzgerald,K,7.3,0.0,4.12,4.12,4.12,4.54,0.013,1.0,4.12,,0.0,0
2026-10-05 01:26:29Z,DET,in,0.378,Q2 7:21,-7.0,12535,Isaac TeSlaa,WR,5.3,0.0,3.53,3.53,2.99,3.3,0.378,1.0,3.53,,0.0,0
2026-10-05 01:26:29Z,DET,in,0.378,Q2 7:21,-7.0,10859,Sam LaPorta,TE,13.0,4.6,9.14,13.74,12.64,12.69,0.118,1.0,13.74,,0.0,0
2026-10-05 01:26:29Z,DET,in,0.378,Q2 7:21,-7.0,11237,Jacob Saylors,RB,1.7,0.0,0.97,0.97,0.96,1.06,0.378,1.0,0.97,,0.0,0
2026-10-05 01:26:29Z,CAR,in,0.378,Q2 7:21,7.0,9228,Bryce Young,QB,19.4,10.34,11.99,22.33,22.89,22.42,0.013,1.0,22.33,,0.0,0
2026-10-05 01:26:29Z,CAR,in,0.378,Q2 7:21,7.0,7694,Tommy Tremble,TE,3.8,3.9,2.44,6.34,6.65,6.27,0.025,1.0,6.34,,0.0,0
2026-10-05 01:26:29Z,CAR,in,0.378,Q2 7:21,7.0,8160,Kenny Pickett,QB,0.6,0.0,0.3,0.3,0.34,0.37,0.378,0.3,0.09,,0.0,0
2026-10-05 01:26:29Z,CAR,in,0.378,Q2 7:21,7.0,CAR,Carolina Panthers D/ST,DST,4.2,7.0,-0.75,6.25,10.46,9.61,0.329,1.0,6.25,,0.0,0
2026-10-05 01:26:29Z,DET,in,0.378,Q2 7:21,-7.0,8250,Tay Martin,WR,0.8,0.0,0.53,0.53,0.45,0.5,0.378,1.0,0.53,,0.0,0
2026-10-05 01:26:29Z,DET,in,0.378,Q2 7:21,-7.0,4179,Joshua Dobbs,QB,0.6,0.0,0.41,0.41,0.34,0.37,0.378,0.3,0.12,,0.0,0
2026-10-05 01:26:29Z,DET,in,0.378,Q2 7:21,-7.0,9221,Jahmyr Gibbs,RB,25.7,4.1,15.57,19.67,19.23,20.1,0.0,1.0,19.67,,0.0,0
2026-10-05 01:26:29Z,DET,in,0.378,Q2 7:21,-7.0,3163,Jared Goff,QB,18.3,2.64,12.97,15.61,13.37,14.03,0.0,1.0,15.61,,0.0,0
2026-10-05 01:26:29Z,DET,in,0.378,Q2 7:21,-7.0,8148,Jameson Williams,WR,12.7,1.6,8.63,10.23,9.01,9.51,0.348,1.0,10.23,,0.0,0
2026-10-05 01:26:29Z,DET,in,0.378,Q2 7:21,-7.0,7891,Brock Wright,TE,1.5,0.0,1.0,1.0,0.85,0.93,0.378,1.0,1.0,,0.0,0
2026-10-05 01:26:29Z,DET,in,0.378,Q2 7:21,-7.0,7547,Amon-Ra St. Brown,WR,20.0,4.3,13.78,18.08,16.24,16.75,0.227,1.0,18.08,,0.0,0
2026-10-05 01:26:29Z,CAR,in,0.378,Q2 7:21,7.0,12526,Tetairoa McMillan,WR,16.4,23.0,11.14,34.14,35.82,33.21,0.013,1.0,34.14,,0.0,0
2026-10-05 01:26:29Z,CAR,in,0.378,Q2 7:21,7.0,11646,Jalen Coker,WR,8.5,0.0,4.56,4.56,4.79,5.29,0.378,1.0,4.56,,0.0,0
2026-10-05 01:26:29Z,DET,in,0.378,Q2 7:21,-7.0,DET,Detroit Lions D/ST,DST,5.7,5.0,-0.19,4.81,8.99,8.55,0.158,1.0,4.81,,0.0,0
2026-10-05 01:26:29Z,DET,in,0.378,Q2 7:21,-7.0,11729,Sione Vaki,RB,2.6,2.7,2.08,4.78,4.59,4.32,0.0,1.0,4.78,,0.0,0
2026-10-05 01:26:29Z,CAR,in,0.378,Q2 7:21,7.0,11600,Ja'Tavion Sanders,TE,2.7,0.0,1.45,1.45,1.52,1.68,0.378,1.0,1.45,,0.0,0
2026-10-05 01:26:29Z,CAR,in,0.378,Q2 7:21,7.0,7594,Chuba Hubbard,RB,16.6,9.9,10.8,20.7,20.8,20.23,0.055,1.0,20.7,,0.0,0
2026-10-05 01:26:29Z,DET,in,0.378,Q2 7:21,-7.0,11539,Jake Bates,K,9.5,9.0,6.76,15.76,15.76,14.91,0.088,1.0,15.76,,0.0,0
2026-10-05 01:26:29Z,CAR,in,0.378,Q2 7:21,7.0,2505,Darren Waller,TE,8.8,0.0,4.72,4.72,4.96,5.48,0.378,1.0,4.72,,0.0,0
2026-10-05 01:27:29Z,CAR,in,0.397,Q2 6:11,7.0,11157,Brycen Tremayne,WR,5.6,0.0,2.9,2.9,3.04,3.38,0.397,1.0,2.9,,0.0,0
2026-10-05 01:27:29Z,CAR,in,0.397,Q2 6:11,7.0,12961,Ryan Fitzgerald,K,7.3,0.0,3.97,3.97,3.97,4.4,0.032,1.0,3.97,,0.0,0
2026-10-05 01:27:29Z,DET,in,0.397,Q2 6:11,-7.0,12535,Isaac TeSlaa,WR,5.3,0.0,3.44,3.44,2.88,3.2,0.397,1.0,3.44,,0.0,0
2026-10-05 01:27:29Z,DET,in,0.397,Q2 6:11,-7.0,10859,Sam LaPorta,TE,13.0,4.6,8.89,13.49,12.36,12.44,0.137,1.0,13.49,,0.0,0
2026-10-05 01:27:29Z,DET,in,0.397,Q2 6:11,-7.0,11237,Jacob Saylors,RB,1.7,0.0,0.94,0.94,0.92,1.03,0.397,1.0,0.94,,0.0,0
2026-10-05 01:27:29Z,CAR,in,0.397,Q2 6:11,7.0,9228,Bryce Young,QB,19.4,10.34,11.56,21.9,22.44,22.04,0.032,1.0,21.9,,0.0,0
2026-10-05 01:27:29Z,CAR,in,0.397,Q2 6:11,7.0,7694,Tommy Tremble,TE,3.8,3.9,2.36,6.26,6.55,6.19,0.045,1.0,6.26,,0.0,0
2026-10-05 01:27:29Z,CAR,in,0.397,Q2 6:11,7.0,8160,Kenny Pickett,QB,0.6,0.0,0.29,0.29,0.33,0.36,0.397,0.3,0.09,,0.0,0
2026-10-05 01:27:29Z,CAR,in,0.397,Q2 6:11,7.0,CAR,Carolina Panthers D/ST,DST,4.2,7.0,-0.7,6.3,10.34,9.53,0.348,1.0,6.3,,0.0,0
2026-10-05 01:27:29Z,DET,in,0.397,Q2 6:11,-7.0,8250,Tay Martin,WR,0.8,0.0,0.52,0.52,0.43,0.48,0.397,1.0,0.52,,0.0,0
2026-10-05 01:27:29Z,DET,in,0.397,Q2 6:11,-7.0,4179,Joshua Dobbs,QB,0.6,0.0,0.39,0.39,0.33,0.36,0.397,0.3,0.12,,0.0,0
2026-10-05 01:27:29Z,DET,in,0.397,Q2 6:11,-7.0,9221,Jahmyr Gibbs,RB,25.7,4.6,15.15,19.75,19.25,20.1,0.0,1.0,19.75,,0.0,0
2026-10-05 01:27:29Z,DET,in,0.397,Q2 6:11,-7.0,3163,Jared Goff,QB,18.3,2.64,12.56,15.2,12.98,13.68,0.019,1.0,15.2,,0.0,0
2026-10-05 01:27:29Z,DET,in,0.397,Q2 6:11,-7.0,8148,Jameson Williams,WR,12.7,1.6,8.4,10.0,8.74,9.26,0.368,1.0,10.0,,0.0,0
2026-10-05 01:27:29Z,DET,in,0.397,Q2 6:11,-7.0,7891,Brock Wright,TE,1.5,0.0,0.97,0.97,0.81,0.9,0.397,1.0,0.97,,0.0,0
2026-10-05 01:27:29Z,DET,in,0.397,Q2 6:11,-7.0,7547,Amon-Ra St. Brown,WR,20.0,4.3,13.4,17.7,15.81,16.36,0.247,1.0,17.7,,0.0,0
2026-10-05 01:27:29Z,CAR,in,0.397,Q2 6:11,7.0,12526,Tetairoa McMillan,WR,16.4,23.0,10.8,33.8,35.38,32.89,0.032,1.0,33.8,,0.0,0
2026-10-05 01:27:29Z,CAR,in,0.397,Q2 6:11,7.0,11646,Jalen Coker,WR,8.5,0.0,4.41,4.41,4.62,5.13,0.397,1.0,4.41,,0.0,0
2026-10-05 01:27:29Z,DET,in,0.397,Q2 6:11,-7.0,DET,Detroit Lions D/ST,DST,5.7,5.0,-0.21,4.79,8.85,8.44,0.177,1.0,4.79,,0.0,0
2026-10-05 01:27:29Z,DET,in,0.397,Q2 6:11,-7.0,11729,Sione Vaki,RB,2.6,2.7,2.0,4.7,4.52,4.27,0.019,1.0,4.7,,0.0,0
2026-10-05 01:27:29Z,CAR,in,0.397,Q2 6:11,7.0,11600,Ja'Tavion Sanders,TE,2.7,0.0,1.4,1.4,1.47,1.63,0.397,1.0,1.4,,0.0,0
2026-10-05 01:27:29Z,CAR,in,0.397,Q2 6:11,7.0,7594,Chuba Hubbard,RB,16.6,9.9,10.44,20.34,20.41,19.91,0.074,1.0,20.34,,0.0,0
2026-10-05 01:27:29Z,DET,in,0.397,Q2 6:11,-7.0,11539,Jake Bates,K,9.5,9.0,6.52,15.52,15.52,14.73,0.107,1.0,15.52,,0.0,0
2026-10-05 01:27:29Z,CAR,in,0.397,Q2 6:11,7.0,2505,Darren Waller,TE,8.8,0.0,4.56,4.56,4.78,5.31,0.397,1.0,4.56,,0.0,0
2026-10-05 01:28:30Z,CAR,in,0.419,Q2 4:53,7.0,11157,Brycen Tremayne,WR,5.6,0.0,2.73,2.73,2.92,3.26,0.419,1.0,2.73,,0.0,0
2026-10-05 01:28:30Z,CAR,in,0.419,Q2 4:53,7.0,12961,Ryan Fitzgerald,K,7.3,0.0,3.8,3.8,3.8,4.24,0.054,1.0,3.8,,0.0,0
2026-10-05 01:28:30Z,DET,in,0.419,Q2 4:53,-7.0,12535,Isaac TeSlaa,WR,5.3,0.0,3.26,3.26,2.76,3.08,0.419,1.0,3.26,,0.0,0
2026-10-05 01:28:30Z,DET,in,0.419,Q2 4:53,-7.0,10859,Sam LaPorta,TE,13.0,4.6,8.43,13.03,12.04,12.16,0.159,1.0,13.03,,0.0,0
2026-10-05 01:28:30Z,DET,in,0.419,Q2 4:53,-7.0,11237,Jacob Saylors,RB,1.7,0.0,0.89,0.89,0.88,0.99,0.419,1.0,0.89,,0.0,0
2026-10-05 01:28:30Z,CAR,in,0.419,Q2 4:53,7.0,9228,Bryce Young,QB,19.4,10.34,10.84,21.18,21.94,21.62,0.054,1.0,21.18,,0.0,0
2026-10-05 01:28:30Z,CAR,in,0.419,Q2 4:53,7.0,7694,Tommy Tremble,TE,3.8,3.9,2.23,6.13,6.44,6.11,0.066,1.0,6.13,,0.0,0
2026-10-05 01:28:30Z,CAR,in,0.419,Q2 4:53,7.0,8160,Kenny Pickett,QB,0.6,0.0,0.27,0.27,0.31,0.35,0.419,0.3,0.08,,0.0,0
2026-10-05 01:28:30Z,CAR,in,0.419,Q2 4:53,7.0,CAR,Carolina Panthers D/ST,DST,4.2,7.0,-0.58,6.42,10.2,9.44,0.37,1.0,6.42,,0.0,0
2026-10-05 01:28:30Z,DET,in,0.419,Q2 4:53,-7.0,8250,Tay Martin,WR,0.8,0.0,0.49,0.49,0.42,0.47,0.419,1.0,0.49,,0.0,0
2026-10-05 01:28:30Z,DET,in,0.419,Q2 4:53,-7.0,4179,Joshua Dobbs,QB,0.6,0.0,0.37,0.37,0.31,0.35,0.419,0.3,0.11,,0.0,0
2026-10-05 01:28:30Z,DET,in,0.419,Q2 4:53,-7.0,9221,Jahmyr Gibbs,RB,25.7,4.6,14.36,18.96,18.65,19.54,0.022,1.0,18.96,,0.0,0
2026-10-05 01:28:30Z,DET,in,0.419,Q2 4:53,-7.0,3163,Jared Goff,QB,18.3,2.92,11.91,14.83,12.87,13.56,0.0,1.0,14.83,,0.0,0
2026-10-05 01:28:30Z,DET,in,0.419,Q2 4:53,-7.0,8148,Jameson Williams,WR,12.7,3.3,8.12,11.42,10.39,10.68,0.0,1.0,11.42,,0.0,0
2026-10-05 01:28:30Z,DET,in,0.419,Q2 4:53,-7.0,7891,Brock Wright,TE,1.5,0.0,0.92,0.92,0.78,0.87,0.419,1.0,0.92,,0.0,0
2026-10-05 01:28:30Z,DET,in,0.419,Q2 4:53,-7.0,7547,Amon-Ra St. Brown,WR,20.0,4.3,12.7,17.0,15.34,15.93,0.268,1.0,17.0,,0.0,0
2026-10-05 01:28:30Z,CAR,in,0.419,Q2 4:53,7.0,12526,Tetairoa McMillan,WR,16.4,23.0,10.21,33.21,34.88,32.53,0.054,1.0,33.21,,0.0,0
2026-10-05 01:28:30Z,CAR,in,0.419,Q2 4:53,7.0,11646,Jalen Coker,WR,8.5,0.0,4.15,4.15,4.42,4.94,0.419,1.0,4.15,,0.0,0
2026-10-05 01:28:30Z,DET,in,0.419,Q2 4:53,-7.0,DET,Detroit Lions D/ST,DST,5.7,5.0,-0.18,4.82,8.69,8.31,0.199,1.0,4.82,,0.0,0
2026-10-05 01:28:30Z,DET,in,0.419,Q2 4:53,-7.0,11729,Sione Vaki,RB,2.6,2.7,1.9,4.6,4.45,4.21,0.041,1.0,4.6,,0.0,0
2026-10-05 01:28:30Z,CAR,in,0.419,Q2 4:53,7.0,11600,Ja'Tavion Sanders,TE,2.7,0.0,1.32,1.32,1.41,1.57,0.419,1.0,1.32,,0.0,0
2026-10-05 01:28:30Z,CAR,in,0.419,Q2 4:53,7.0,7594,Chuba Hubbard,RB,16.6,9.9,9.92,19.82,19.98,19.55,0.096,1.0,19.82,,0.0,0
2026-10-05 01:28:30Z,DET,in,0.419,Q2 4:53,-7.0,11539,Jake Bates,K,9.5,9.0,6.25,15.25,15.25,14.52,0.129,1.0,15.25,,0.0,0
2026-10-05 01:28:30Z,CAR,in,0.419,Q2 4:53,7.0,2505,Darren Waller,TE,8.8,0.0,4.29,4.29,4.58,5.12,0.419,1.0,4.29,,0.0,0
2026-10-05 01:29:30Z,CAR,in,0.431,Q2 4:08,7.0,11157,Brycen Tremayne,WR,5.6,0.0,2.63,2.63,2.84,3.19,0.431,1.0,2.63,,0.0,0
2026-10-05 01:29:30Z,CAR,in,0.431,Q2 4:08,7.0,12961,Ryan Fitzgerald,K,7.3,0.0,3.71,3.71,3.71,4.15,0.067,1.0,3.71,,0.0,0
2026-10-05 01:29:30Z,DET,in,0.431,Q2 4:08,-7.0,12535,Isaac TeSlaa,WR,5.3,0.0,3.15,3.15,2.69,3.02,0.431,1.0,3.15,,0.0,0
2026-10-05 01:29:30Z,DET,in,0.431,Q2 4:08,-7.0,10859,Sam LaPorta,TE,13.0,4.6,8.15,12.75,11.85,12.0,0.171,1.0,12.75,,0.0,0
2026-10-05 01:29:30Z,DET,in,0.431,Q2 4:08,-7.0,11237,Jacob Saylors,RB,1.7,0.0,0.86,0.86,0.86,0.97,0.431,1.0,0.86,,0.0,0
2026-10-05 01:29:30Z,CAR,in,0.431,Q2 4:08,7.0,9228,Bryce Young,QB,19.4,10.34,10.42,20.76,21.66,21.38,0.067,1.0,20.76,,0.0,0
2026-10-05 01:29:30Z,CAR,in,0.431,Q2 4:08,7.0,7694,Tommy Tremble,TE,3.8,3.9,2.15,6.05,6.38,6.06,0.079,1.0,6.05,,0.0,0
2026-10-05 01:29:30Z,CAR,in,0.431,Q2 4:08,7.0,8160,Kenny Pickett,QB,0.6,0.0,0.26,0.26,0.3,0.34,0.431,0.3,0.08,,0.0,0
2026-10-05 01:29:30Z,CAR,in,0.431,Q2 4:08,7.0,CAR,Carolina Panthers D/ST,DST,4.2,7.0,-0.52,6.48,10.13,9.39,0.383,1.0,6.48,,0.0,0
2026-10-05 01:29:30Z,DET,in,0.431,Q2 4:08,-7.0,8250,Tay Martin,WR,0.8,0.0,0.47,0.47,0.41,0.46,0.431,1.0,0.47,,0.0,0
2026-10-05 01:29:30Z,DET,in,0.431,Q2 4:08,-7.0,4179,Joshua Dobbs,QB,0.6,0.0,0.36,0.36,0.3,0.34,0.431,0.3,0.11,,0.0,0
2026-10-05 01:29:30Z,DET,in,0.431,Q2 4:08,-7.0,9221,Jahmyr Gibbs,RB,25.7,4.6,13.89,18.49,18.3,19.22,0.034,1.0,18.49,,0.0,0
2026-10-05 01:29:30Z,DET,in,0.431,Q2 4:08,-7.0,3163,Jared Goff,QB,18.3,3.56,11.61,15.17,13.35,13.97,0.0,1.0,15.17,,0.0,0
2026-10-05 01:29:30Z,DET,in,0.431,Q2 4:08,-7.0,8148,Jameson Williams,WR,12.7,3.4,7.86,11.26,10.33,10.62,0.0,1.0,11.26,,0.0,0
2026-10-05 01:29:30Z,DET,in,0.431,Q2 4:08,-7.0,7891,Brock Wright,TE,1.5,0.0,0.89,0.89,0.76,0.85,0.431,1.0,0.89,,0.0,0
2026-10-05 01:29:30Z,DET,in,0.431,Q2 4:08,-7.0,7547,Amon-Ra St. Brown,WR,20.0,6.8,12.51,19.31,17.92,18.18,0.0,1.0,19.31,,0.0,0
2026-10-05 01:29:30Z,CAR,in,0.431,Q2 4:08,7.0,12526,Tetairoa McMillan,WR,16.4,23.0,9.86,32.86,34.6,32.33,0.067,1.0,32.86,,0.0,0
2026-10-05 01:29:30Z,CAR,in,0.431,Q2 4:08,7.0,11646,Jalen Coker,WR,8.5,0.0,3.99,3.99,4.31,4.84,0.431,1.0,3.99,,0.0,0
2026-10-05 01:29:30Z,DET,in,0.431,Q2 4:08,-7.0,DET,Detroit Lions D/ST,DST,5.7,5.0,-0.16,4.84,8.6,8.24,0.212,1.0,4.84,,0.0,0
2026-10-05 01:29:30Z,DET,in,0.431,Q2 4:08,-7.0,11729,Sione Vaki,RB,2.6,2.7,1.84,4.54,4.4,4.18,0.054,1.0,4.54,,0.0,0
2026-10-05 01:29:30Z,CAR,in,0.431,Q2 4:08,7.0,11600,Ja'Tavion Sanders,TE,2.7,0.0,1.27,1.27,1.37,1.54,0.431,1.0,1.27,,0.0,0
2026-10-05 01:29:30Z,CAR,in,0.431,Q2 4:08,7.0,7594,Chuba Hubbard,RB,16.6,9.9,9.61,19.51,19.73,19.34,0.109,1.0,19.51,,0.0,0
2026-10-05 01:29:30Z,DET,in,0.431,Q2 4:08,-7.0,11539,Jake Bates,K,9.5,9.0,6.1,15.1,15.1,14.4,0.141,1.0,15.1,,0.0,0
2026-10-05 01:29:30Z,CAR,in,0.431,Q2 4:08,7.0,2505,Darren Waller,TE,8.8,0.0,4.13,4.13,4.47,5.01,0.431,1.0,4.13,,0.0,0
2026-10-05 01:30:31Z,CAR,in,0.44,Q2 3:35,7.0,11157,Brycen Tremayne,WR,5.6,0.0,2.56,2.56,2.79,3.13,0.44,1.0,2.56,,0.0,0
2026-10-05 01:30:31Z,CAR,in,0.44,Q2 3:35,7.0,12961,Ryan Fitzgerald,K,7.3,0.0,3.64,3.64,3.64,4.09,0.076,1.0,3.64,,0.0,0
2026-10-05 01:30:31Z,DET,in,0.44,Q2 3:35,-7.0,12535,Isaac TeSlaa,WR,5.3,0.0,3.07,3.07,2.64,2.97,0.44,1.0,3.07,,0.0,0
2026-10-05 01:30:31Z,DET,in,0.44,Q2 3:35,-7.0,10859,Sam LaPorta,TE,13.0,4.6,7.94,12.54,11.72,11.88,0.181,1.0,12.54,,0.0,0
2026-10-05 01:30:31Z,DET,in,0.44,Q2 3:35,-7.0,11237,Jacob Saylors,RB,1.7,0.0,0.84,0.84,0.85,0.95,0.44,1.0,0.84,,0.0,0
2026-10-05 01:30:31Z,CAR,in,0.44,Q2 3:35,7.0,9228,Bryce Young,QB,19.4,10.34,10.11,20.45,21.45,21.2,0.076,1.0,20.45,,0.0,0
2026-10-05 01:30:31Z,CAR,in,0.44,Q2 3:35,7.0,7694,Tommy Tremble,TE,3.8,3.9,2.09,5.99,6.34,6.03,0.088,1.0,5.99,,0.0,0
2026-10-05 01:30:31Z,CAR,in,0.44,Q2 3:35,7.0,8160,Kenny Pickett,QB,0.6,0.0,0.26,0.26,0.3,0.34,0.44,0.3,0.08,,0.0,0
2026-10-05 01:30:31Z,CAR,in,0.44,Q2 3:35,7.0,CAR,Carolina Panthers D/ST,DST,4.2,7.0,-0.48,6.52,10.07,9.35,0.392,1.0,6.52,,0.0,0
2026-10-05 01:30:31Z,DET,in,0.44,Q2 3:35,-7.0,8250,Tay Martin,WR,0.8,0.0,0.46,0.46,0.4,0.45,0.44,1.0,0.46,,0.0,0
2026-10-05 01:30:31Z,DET,in,0.44,Q2 3:35,-7.0,4179,Joshua Dobbs,QB,0.6,0.0,0.35,0.35,0.3,0.34,0.44,0.3,0.11,,0.0,0
2026-10-05 01:30:31Z,DET,in,0.44,Q2 3:35,-7.0,9221,Jahmyr Gibbs,RB,25.7,6.4,13.9,20.3,20.1,20.78,0.0,1.0,20.3,,0.0,0
2026-10-05 01:30:31Z,DET,in,0.44,Q2 3:35,-7.0,3163,Jared Goff,QB,18.3,3.76,11.34,15.1,13.4,14.0,0.0,1.0,15.1,,0.0,0
2026-10-05 01:30:31Z,DET,in,0.44,Q2 3:35,-7.0,8148,Jameson Williams,WR,12.7,3.4,7.66,11.06,10.2,10.51,0.009,1.0,11.06,,0.0,0
2026-10-05 01:30:31Z,DET,in,0.44,Q2 3:35,-7.0,7891,Brock Wright,TE,1.5,0.0,0.87,0.87,0.75,0.84,0.44,1.0,0.87,,0.0,0
2026-10-05 01:30:31Z,DET,in,0.44,Q2 3:35,-7.0,7547,Amon-Ra St. Brown,WR,20.0,6.7,12.19,18.89,17.6,17.89,0.0,1.0,18.89,,0.0,0
2026-10-05 01:30:31Z,CAR,in,0.44,Q2 3:35,7.0,12526,Tetairoa McMillan,WR,16.4,23.0,9.6,32.6,34.39,32.18,0.076,1.0,32.6,,0.0,0
2026-10-05 01:30:31Z,CAR,in,0.44,Q2 3:35,7.0,11646,Jalen Coker,WR,8.5,0.0,3.88,3.88,4.23,4.76,0.44,1.0,3.88,,0.0,0
2026-10-05 01:30:31Z,DET,in,0.44,Q2 3:35,-7.0,DET,Detroit Lions D/ST,DST,5.7,5.0,-0.15,4.85,8.54,8.19,0.221,1.0,4.85,,0.0,0
2026-10-05 01:30:31Z,DET,in,0.44,Q2 3:35,-7.0,11729,Sione Vaki,RB,2.6,2.7,1.8,4.5,4.37,4.16,0.063,1.0,4.5,,0.0,0
2026-10-05 01:30:31Z,CAR,in,0.44,Q2 3:35,7.0,11600,Ja'Tavion Sanders,TE,2.7,0.0,1.23,1.23,1.34,1.51,0.44,1.0,1.23,,0.0,0
2026-10-05 01:30:31Z,CAR,in,0.44,Q2 3:35,7.0,7594,Chuba Hubbard,RB,16.6,9.9,9.39,19.29,19.55,19.19,0.118,1.0,19.29,,0.0,0
2026-10-05 01:30:31Z,DET,in,0.44,Q2 3:35,-7.0,11539,Jake Bates,K,9.5,9.0,5.99,14.99,14.99,14.32,0.151,1.0,14.99,,0.0,0
2026-10-05 01:30:31Z,CAR,in,0.44,Q2 3:35,7.0,2505,Darren Waller,TE,8.8,0.0,4.02,4.02,4.38,4.93,0.44,1.0,4.02,,0.0,0
2026-10-05 01:31:31Z,CAR,in,0.449,Q2 3:03,7.0,11157,Brycen Tremayne,WR,5.6,0.0,2.49,2.49,2.74,3.08,0.449,1.0,2.49,,0.0,0
2026-10-05 01:31:31Z,CAR,in,0.449,Q2 3:03,7.0,12961,Ryan Fitzgerald,K,7.3,0.0,3.57,3.57,3.57,4.02,0.085,1.0,3.57,,0.0,0
2026-10-05 01:31:31Z,DET,in,0.449,Q2 3:03,-7.0,12535,Isaac TeSlaa,WR,5.3,0.0,2.99,2.99,2.59,2.92,0.449,1.0,2.99,,0.0,0
2026-10-05 01:31:31Z,DET,in,0.449,Q2 3:03,-7.0,10859,Sam LaPorta,TE,13.0,4.6,7.75,12.35,11.59,11.76,0.189,1.0,12.35,,0.0,0
2026-10-05 01:31:31Z,DET,in,0.449,Q2 3:03,-7.0,11237,Jacob Saylors,RB,1.7,0.0,0.82,0.82,0.83,0.94,0.449,1.0,0.82,,0.0,0
2026-10-05 01:31:31Z,CAR,in,0.449,Q2 3:03,7.0,9228,Bryce Young,QB,19.4,10.34,9.82,20.16,21.25,21.03,0.085,1.0,20.16,,0.0,0
2026-10-05 01:31:31Z,CAR,in,0.449,Q2 3:03,7.0,7694,Tommy Tremble,TE,3.8,3.9,2.04,5.94,6.3,5.99,0.097,1.0,5.94,,0.0,0
2026-10-05 01:31:31Z,CAR,in,0.449,Q2 3:03,7.0,8160,Kenny Pickett,QB,0.6,0.0,0.25,0.25,0.29,0.33,0.449,0.3,0.07,,0.0,0
2026-10-05 01:31:31Z,CAR,in,0.449,Q2 3:03,7.0,CAR,Carolina Panthers D/ST,DST,4.2,7.0,-0.44,6.56,10.02,9.31,0.401,1.0,6.56,,0.0,0
2026-10-05 01:31:31Z,DET,in,0.449,Q2 3:03,-7.0,8250,Tay Martin,WR,0.8,0.0,0.45,0.45,0.39,0.44,0.449,1.0,0.45,,0.0,0
2026-10-05 01:31:31Z,DET,in,0.449,Q2 3:03,-7.0,4179,Joshua Dobbs,QB,0.6,0.0,0.34,0.34,0.29,0.33,0.449,0.3,0.1,,0.0,0
2026-10-05 01:31:31Z,DET,in,0.449,Q2 3:03,-7.0,9221,Jahmyr Gibbs,RB,25.7,6.3,13.55,19.85,19.73,20.46,0.0,1.0,19.85,,0.0,0
2026-10-05 01:31:31Z,DET,in,0.449,Q2 3:03,-7.0,3163,Jared Goff,QB,18.3,3.72,11.04,14.76,13.18,13.8,0.0,1.0,14.76,,0.0,0
2026-10-05 01:31:31Z,DET,in,0.449,Q2 3:03,-7.0,8148,Jameson Williams,WR,12.7,3.4,7.47,10.87,10.08,10.4,0.018,1.0,10.87,,0.0,0
2026-10-05 01:31:31Z,DET,in,0.449,Q2 3:03,-7.0,7891,Brock Wright,TE,1.5,0.0,0.85,0.85,0.73,0.83,0.449,1.0,0.85,,0.0,0
2026-10-05 01:31:31Z,DET,in,0.449,Q2 3:03,-7.0,7547,Amon-Ra St. Brown,WR,20.0,6.7,11.89,18.59,17.4,17.72,0.009,1.0,18.59,,0.0,0
2026-10-05 01:31:31Z,CAR,in,0.449,Q2 3:03,7.0,12526,Tetairoa McMillan,WR,16.4,23.0,9.36,32.36,34.19,32.03,0.085,1.0,32.36,,0.0,0
2026-10-05 01:31:31Z,CAR,in,0.449,Q2 3:03,7.0,11646,Jalen Coker,WR,8.5,0.0,3.78,3.78,4.16,4.68,0.449,1.0,3.78,,0.0,0
2026-10-05 01:31:31Z,DET,in,0.449,Q2 3:03,-7.0,DET,Detroit Lions D/ST,DST,5.7,5.0,-0.14,4.86,8.48,8.14,0.23,1.0,4.86,,0.0,0
2026-10-05 01:31:31Z,DET,in,0.449,Q2 3:03,-7.0,11729,Sione Vaki,RB,2.6,2.7,1.76,4.46,4.34,4.13,0.072,1.0,4.46,,0.0,0
2026-10-05 01:31:31Z,CAR,in,0.449,Q2 3:03,7.0,11600,Ja'Tavion Sanders,TE,2.7,0.0,1.2,1.2,1.32,1.49,0.449,1.0,1.2,,0.0,0
2026-10-05 01:31:31Z,CAR,in,0.449,Q2 3:03,7.0,7594,Chuba Hubbard,RB,16.6,9.9,9.18,19.08,19.38,19.04,0.127,1.0,19.08,,0.0,0
2026-10-05 01:31:31Z,DET,in,0.449,Q2 3:03,-7.0,11539,Jake Bates,K,9.5,9.0,5.88,14.88,14.88,14.23,0.159,1.0,14.88,,0.0,0
2026-10-05 01:31:31Z,CAR,in,0.449,Q2 3:03,7.0,2505,Darren Waller,TE,8.8,0.0,3.91,3.91,4.3,4.85,0.449,1.0,3.91,,0.0,0
2026-10-05 01:32:32Z,CAR,in,0.449,Q2 3:03,7.0,11157,Brycen Tremayne,WR,5.6,0.0,2.49,2.49,2.74,3.08,0.449,1.0,2.49,,0.0,0
2026-10-05 01:32:32Z,CAR,in,0.449,Q2 3:03,7.0,12961,Ryan Fitzgerald,K,7.3,0.0,3.57,3.57,3.57,4.02,0.085,1.0,3.57,,0.0,0
2026-10-05 01:32:32Z,DET,in,0.449,Q2 3:03,-7.0,12535,Isaac TeSlaa,WR,5.3,0.0,2.99,2.99,2.59,2.92,0.449,1.0,2.99,,0.0,0
2026-10-05 01:32:32Z,DET,in,0.449,Q2 3:03,-7.0,10859,Sam LaPorta,TE,13.0,4.6,7.75,12.35,11.59,11.76,0.189,1.0,12.35,,0.0,0
2026-10-05 01:32:32Z,DET,in,0.449,Q2 3:03,-7.0,11237,Jacob Saylors,RB,1.7,0.0,0.82,0.82,0.83,0.94,0.449,1.0,0.82,,0.0,0
2026-10-05 01:32:32Z,CAR,in,0.449,Q2 3:03,7.0,9228,Bryce Young,QB,19.4,10.34,9.82,20.16,21.25,21.03,0.085,1.0,20.16,,0.0,0
2026-10-05 01:32:32Z,CAR,in,0.449,Q2 3:03,7.0,7694,Tommy Tremble,TE,3.8,3.9,2.04,5.94,6.3,5.99,0.097,1.0,5.94,,0.0,0
2026-10-05 01:32:32Z,CAR,in,0.449,Q2 3:03,7.0,8160,Kenny Pickett,QB,0.6,0.0,0.25,0.25,0.29,0.33,0.449,0.3,0.07,,0.0,0
2026-10-05 01:32:32Z,CAR,in,0.449,Q2 3:03,7.0,CAR,Carolina Panthers D/ST,DST,4.2,7.0,-0.44,6.56,10.02,9.31,0.401,1.0,6.56,,0.0,0
2026-10-05 01:32:32Z,DET,in,0.449,Q2 3:03,-7.0,8250,Tay Martin,WR,0.8,0.0,0.45,0.45,0.39,0.44,0.449,1.0,0.45,,0.0,0
2026-10-05 01:32:32Z,DET,in,0.449,Q2 3:03,-7.0,4179,Joshua Dobbs,QB,0.6,0.0,0.34,0.34,0.29,0.33,0.449,0.3,0.1,,0.0,0
2026-10-05 01:32:32Z,DET,in,0.449,Q2 3:03,-7.0,9221,Jahmyr Gibbs,RB,25.7,6.3,13.55,19.85,19.73,20.46,0.0,1.0,19.85,,0.0,0
2026-10-05 01:32:32Z,DET,in,0.449,Q2 3:03,-7.0,3163,Jared Goff,QB,18.3,4.16,11.12,15.28,13.68,14.24,0.0,1.0,15.28,,0.0,0
2026-10-05 01:32:32Z,DET,in,0.449,Q2 3:03,-7.0,8148,Jameson Williams,WR,12.7,5.5,7.66,13.16,12.47,12.5,0.0,1.0,13.16,,0.0,0
2026-10-05 01:32:32Z,DET,in,0.449,Q2 3:03,-7.0,7891,Brock Wright,TE,1.5,0.0,0.85,0.85,0.73,0.83,0.449,1.0,0.85,,0.0,0
2026-10-05 01:32:32Z,DET,in,0.449,Q2 3:03,-7.0,7547,Amon-Ra St. Brown,WR,20.0,6.7,11.89,18.59,17.4,17.72,0.009,1.0,18.59,,0.0,0
2026-10-05 01:32:32Z,CAR,in,0.449,Q2 3:03,7.0,12526,Tetairoa McMillan,WR,16.4,23.0,9.36,32.36,34.19,32.03,0.085,1.0,32.36,,0.0,0
2026-10-05 01:32:32Z,CAR,in,0.449,Q2 3:03,7.0,11646,Jalen Coker,WR,8.5,0.0,3.78,3.78,4.16,4.68,0.449,1.0,3.78,,0.0,0
2026-10-05 01:32:32Z,DET,in,0.449,Q2 3:03,-7.0,DET,Detroit Lions D/ST,DST,5.7,5.0,-0.14,4.86,8.48,8.14,0.23,1.0,4.86,,0.0,0
2026-10-05 01:32:32Z,DET,in,0.449,Q2 3:03,-7.0,11729,Sione Vaki,RB,2.6,2.7,1.76,4.46,4.34,4.13,0.072,1.0,4.46,,0.0,0
2026-10-05 01:32:32Z,CAR,in,0.449,Q2 3:03,7.0,11600,Ja'Tavion Sanders,TE,2.7,0.0,1.2,1.2,1.32,1.49,0.449,1.0,1.2,,0.0,0
2026-10-05 01:32:32Z,CAR,in,0.449,Q2 3:03,7.0,7594,Chuba Hubbard,RB,16.6,9.9,9.18,19.08,19.38,19.04,0.127,1.0,19.08,,0.0,0
2026-10-05 01:32:32Z,DET,in,0.449,Q2 3:03,-7.0,11539,Jake Bates,K,9.5,9.0,5.88,14.88,14.88,14.23,0.159,1.0,14.88,,0.0,0
2026-10-05 01:32:32Z,CAR,in,0.449,Q2 3:03,7.0,2505,Darren Waller,TE,8.8,0.0,3.91,3.91,4.3,4.85,0.449,1.0,3.91,,0.0,0
2026-10-05 01:33:32Z,CAR,in,0.462,Q2 2:18,7.0,11157,Brycen Tremayne,WR,5.6,0.0,2.39,2.39,2.67,3.01,0.462,1.0,2.39,,0.0,0
2026-10-05 01:33:32Z,CAR,in,0.462,Q2 2:18,7.0,12961,Ryan Fitzgerald,K,7.3,0.0,3.48,3.48,3.48,3.93,0.097,1.0,3.48,,0.0,0
2026-10-05 01:33:32Z,DET,in,0.462,Q2 2:18,-7.0,12535,Isaac TeSlaa,WR,5.3,0.0,2.89,2.89,2.52,2.85,0.462,1.0,2.89,,0.0,0
2026-10-05 01:33:32Z,DET,in,0.462,Q2 2:18,-7.0,10859,Sam LaPorta,TE,13.0,4.6,7.48,12.08,11.41,11.6,0.202,1.0,12.08,,0.0,0
2026-10-05 01:33:32Z,DET,in,0.462,Q2 2:18,-7.0,11237,Jacob Saylors,RB,1.7,0.0,0.79,0.79,0.81,0.92,0.462,1.0,0.79,,0.0,0
2026-10-05 01:33:32Z,CAR,in,0.462,Q2 2:18,7.0,9228,Bryce Young,QB,19.4,10.34,9.42,19.76,20.97,20.78,0.097,1.0,19.76,,0.0,0
2026-10-05 01:33:32Z,CAR,in,0.462,Q2 2:18,7.0,7694,Tommy Tremble,TE,3.8,3.9,1.97,5.87,6.23,5.95,0.109,1.0,5.87,,0.0,0
2026-10-05 01:33:32Z,CAR,in,0.462,Q2 2:18,7.0,8160,Kenny Pickett,QB,0.6,0.0,0.24,0.24,0.29,0.32,0.462,0.3,0.07,,0.0,0
2026-10-05 01:33:32Z,CAR,in,0.462,Q2 2:18,7.0,CAR,Carolina Panthers D/ST,DST,4.2,7.0,-0.39,6.61,9.94,9.26,0.413,1.0,6.61,,0.0,0
2026-10-05 01:33:32Z,DET,in,0.462,Q2 2:18,-7.0,8250,Tay Martin,WR,0.8,0.0,0.44,0.44,0.38,0.43,0.462,1.0,0.44,,0.0,0
2026-10-05 01:33:32Z,DET,in,0.462,Q2 2:18,-7.0,4179,Joshua Dobbs,QB,0.6,0.0,0.33,0.33,0.29,0.32,0.462,0.3,0.1,,0.0,0
2026-10-05 01:33:32Z,DET,in,0.462,Q2 2:18,-7.0,9221,Jahmyr Gibbs,RB,25.7,6.3,13.09,19.39,19.39,20.14,0.013,1.0,19.39,,0.0,0
2026-10-05 01:33:32Z,DET,in,0.462,Q2 2:18,-7.0,3163,Jared Goff,QB,18.3,4.16,10.71,14.87,13.43,14.01,0.013,1.0,14.87,,0.0,0
2026-10-05 01:33:32Z,DET,in,0.462,Q2 2:18,-7.0,8148,Jameson Williams,WR,12.7,5.5,7.4,12.9,12.29,12.34,0.013,1.0,12.9,,0.0,0
2026-10-05 01:33:32Z,DET,in,0.462,Q2 2:18,-7.0,7891,Brock Wright,TE,1.5,0.0,0.82,0.82,0.71,0.81,0.462,1.0,0.82,,0.0,0
2026-10-05 01:33:32Z,DET,in,0.462,Q2 2:18,-7.0,7547,Amon-Ra St. Brown,WR,20.0,6.7,11.48,18.18,17.13,17.47,0.021,1.0,18.18,,0.0,0
2026-10-05 01:33:32Z,CAR,in,0.462,Q2 2:18,7.0,12526,Tetairoa McMillan,WR,16.4,23.0,9.02,32.02,33.91,31.83,0.097,1.0,32.02,,0.0,0
2026-10-05 01:33:32Z,CAR,in,0.462,Q2 2:18,7.0,11646,Jalen Coker,WR,8.5,0.0,3.63,3.63,4.05,4.58,0.462,1.0,3.63,,0.0,0
2026-10-05 01:33:32Z,DET,in,0.462,Q2 2:18,-7.0,DET,Detroit Lions D/ST,DST,5.7,5.0,-0.13,4.87,8.39,8.07,0.242,1.0,4.87,,0.0,0
2026-10-05 01:33:32Z,DET,in,0.462,Q2 2:18,-7.0,11729,Sione Vaki,RB,2.6,2.7,1.7,4.4,4.3,4.1,0.084,1.0,4.4,,0.0,0
2026-10-05 01:33:32Z,CAR,in,0.462,Q2 2:18,7.0,11600,Ja'Tavion Sanders,TE,2.7,0.0,1.15,1.15,1.29,1.45,0.462,1.0,1.15,,0.0,0
2026-10-05 01:33:32Z,CAR,in,0.462,Q2 2:18,7.0,7594,Chuba Hubbard,RB,16.6,9.9,8.88,18.78,19.14,18.84,0.139,1.0,18.78,,0.0,0
2026-10-05 01:33:32Z,DET,in,0.462,Q2 2:18,-7.0,11539,Jake Bates,K,9.5,9.0,5.74,14.74,14.74,14.11,0.172,1.0,14.74,,0.0,0
2026-10-05 01:33:32Z,CAR,in,0.462,Q2 2:18,7.0,2505,Darren Waller,TE,8.8,0.0,3.76,3.76,4.19,4.74,0.462,1.0,3.76,,0.0,0
2026-10-05 01:34:32Z,CAR,in,0.463,Q2 2:14,0.0,11157,Brycen Tremayne,WR,5.6,0.0,2.71,2.71,2.66,3.01,0.463,1.0,2.71,,0.0,0
2026-10-05 01:34:32Z,CAR,in,0.463,Q2 2:14,0.0,12961,Ryan Fitzgerald,K,7.3,0.0,3.47,3.47,3.47,3.92,0.098,1.0,3.47,,0.0,0
2026-10-05 01:34:32Z,DET,in,0.463,Q2 2:14,0.0,12535,Isaac TeSlaa,WR,5.3,0.0,2.57,2.57,2.52,2.85,0.463,1.0,2.57,,0.0,0
2026-10-05 01:34:32Z,DET,in,0.463,Q2 2:14,0.0,10859,Sam LaPorta,TE,13.0,4.6,6.7,11.3,11.39,11.58,0.203,1.0,11.3,,0.0,0
2026-10-05 01:34:32Z,DET,in,0.463,Q2 2:14,0.0,11237,Jacob Saylors,RB,1.7,0.0,0.75,0.75,0.81,0.91,0.463,1.0,0.75,,0.0,0
2026-10-05 01:34:32Z,CAR,in,0.463,Q2 2:14,0.0,9228,Bryce Young,QB,19.4,10.34,10.84,21.18,20.95,20.76,0.098,1.0,21.18,,0.0,0
2026-10-05 01:34:32Z,CAR,in,0.463,Q2 2:14,0.0,7694,Tommy Tremble,TE,3.8,3.9,2.18,6.08,6.23,5.94,0.111,1.0,6.08,,0.0,0
2026-10-05 01:34:32Z,CAR,in,0.463,Q2 2:14,0.0,8160,Kenny Pickett,QB,0.6,0.0,0.28,0.28,0.29,0.32,0.463,0.3,0.08,,0.0,0
2026-10-05 01:34:32Z,CAR,in,0.463,Q2 2:14,0.0,CAR,Carolina Panthers D/ST,DST,4.2,4.0,0.12,4.12,6.53,6.26,0.0,1.0,4.12,,0.0,0
2026-10-05 01:34:32Z,DET,in,0.463,Q2 2:14,0.0,8250,Tay Martin,WR,0.8,0.0,0.39,0.39,0.38,0.43,0.463,1.0,0.39,,0.0,0
2026-10-05 01:34:32Z,DET,in,0.463,Q2 2:14,0.0,4179,Joshua Dobbs,QB,0.6,0.0,0.28,0.28,0.29,0.32,0.463,0.3,0.08,,0.0,0
2026-10-05 01:34:32Z,DET,in,0.463,Q2 2:14,0.0,9221,Jahmyr Gibbs,RB,25.7,12.4,13.67,26.07,26.27,26.21,0.0,1.0,26.07,,0.0,0
2026-10-05 01:34:32Z,DET,in,0.463,Q2 2:14,0.0,3163,Jared Goff,QB,18.3,4.16,9.31,13.47,13.41,13.99,0.014,1.0,13.47,,0.0,0
2026-10-05 01:34:32Z,DET,in,0.463,Q2 2:14,0.0,8148,Jameson Williams,WR,12.7,5.5,6.63,12.13,12.27,12.32,0.014,1.0,12.13,,0.0,0
2026-10-05 01:34:32Z,DET,in,0.463,Q2 2:14,0.0,7891,Brock Wright,TE,1.5,0.0,0.73,0.73,0.71,0.81,0.463,1.0,0.73,,0.0,0
2026-10-05 01:34:32Z,DET,in,0.463,Q2 2:14,0.0,7547,Amon-Ra St. Brown,WR,20.0,6.7,10.27,16.97,17.1,17.44,0.023,1.0,16.97,,0.0,0
2026-10-05 01:34:32Z,CAR,in,0.463,Q2 2:14,0.0,12526,Tetairoa McMillan,WR,16.4,23.0,9.96,32.96,33.88,31.81,0.098,1.0,32.96,,0.0,0
2026-10-05 01:34:32Z,CAR,in,0.463,Q2 2:14,0.0,11646,Jalen Coker,WR,8.5,0.0,4.11,4.11,4.04,4.57,0.463,1.0,4.11,,0.0,0
2026-10-05 01:34:32Z,DET,in,0.463,Q2 2:14,0.0,DET,Detroit Lions D/ST,DST,5.7,5.0,0.18,5.18,8.38,8.06,0.243,1.0,5.18,,0.0,0
2026-10-05 01:34:32Z,DET,in,0.463,Q2 2:14,0.0,11729,Sione Vaki,RB,2.6,2.7,1.65,4.35,4.3,4.1,0.085,1.0,4.35,,0.0,0
2026-10-05 01:34:32Z,CAR,in,0.463,Q2 2:14,0.0,11600,Ja'Tavion Sanders,TE,2.7,0.0,1.31,1.31,1.28,1.45,0.463,1.0,1.31,,0.0,0
2026-10-05 01:34:32Z,CAR,in,0.463,Q2 2:14,0.0,7594,Chuba Hubbard,RB,16.6,9.9,9.17,19.07,19.12,18.82,0.14,1.0,19.07,,0.0,0
2026-10-05 01:34:32Z,DET,in,0.463,Q2 2:14,0.0,11539,Jake Bates,K,9.5,9.0,5.72,14.72,14.72,14.1,0.173,1.0,14.72,,0.0,0
2026-10-05 01:34:32Z,CAR,in,0.463,Q2 2:14,0.0,2505,Darren Waller,TE,8.8,0.0,4.26,4.26,4.18,4.73,0.463,1.0,4.26,,0.0,0
2026-10-05 01:35:33Z,CAR,in,0.463,Q2 2:14,0.0,11157,Brycen Tremayne,WR,5.6,0.0,2.71,2.71,2.66,3.01,0.463,1.0,2.71,,0.0,0
2026-10-05 01:35:33Z,CAR,in,0.463,Q2 2:14,0.0,12961,Ryan Fitzgerald,K,7.3,0.0,3.47,3.47,3.47,3.92,0.098,1.0,3.47,,0.0,0
2026-10-05 01:35:33Z,DET,in,0.463,Q2 2:14,0.0,12535,Isaac TeSlaa,WR,5.3,0.0,2.57,2.57,2.52,2.85,0.463,1.0,2.57,,0.0,0
2026-10-05 01:35:33Z,DET,in,0.463,Q2 2:14,0.0,10859,Sam LaPorta,TE,13.0,4.6,6.7,11.3,11.39,11.58,0.203,1.0,11.3,,0.0,0
2026-10-05 01:35:33Z,DET,in,0.463,Q2 2:14,0.0,11237,Jacob Saylors,RB,1.7,0.0,0.75,0.75,0.81,0.91,0.463,1.0,0.75,,0.0,0
2026-10-05 01:35:33Z,CAR,in,0.463,Q2 2:14,0.0,9228,Bryce Young,QB,19.4,10.34,10.84,21.18,20.95,20.76,0.098,1.0,21.18,,0.0,0
2026-10-05 01:35:33Z,CAR,in,0.463,Q2 2:14,0.0,7694,Tommy Tremble,TE,3.8,3.9,2.18,6.08,6.23,5.94,0.111,1.0,6.08,,0.0,0
2026-10-05 01:35:33Z,CAR,in,0.463,Q2 2:14,0.0,8160,Kenny Pickett,QB,0.6,0.0,0.28,0.28,0.29,0.32,0.463,0.3,0.08,,0.0,0
2026-10-05 01:35:33Z,CAR,in,0.463,Q2 2:14,0.0,CAR,Carolina Panthers D/ST,DST,4.2,4.0,0.12,4.12,6.53,6.26,0.0,1.0,4.12,,0.0,0
2026-10-05 01:35:33Z,DET,in,0.463,Q2 2:14,0.0,8250,Tay Martin,WR,0.8,0.0,0.39,0.39,0.38,0.43,0.463,1.0,0.39,,0.0,0
2026-10-05 01:35:33Z,DET,in,0.463,Q2 2:14,0.0,4179,Joshua Dobbs,QB,0.6,0.0,0.28,0.28,0.29,0.32,0.463,0.3,0.08,,0.0,0
2026-10-05 01:35:33Z,DET,in,0.463,Q2 2:14,0.0,9221,Jahmyr Gibbs,RB,25.7,12.4,13.67,26.07,26.27,26.21,0.0,1.0,26.07,,0.0,0
2026-10-05 01:35:33Z,DET,in,0.463,Q2 2:14,0.0,3163,Jared Goff,QB,18.3,4.16,9.31,13.47,13.41,13.99,0.014,1.0,13.47,,0.0,0
2026-10-05 01:35:33Z,DET,in,0.463,Q2 2:14,0.0,8148,Jameson Williams,WR,12.7,5.5,6.63,12.13,12.27,12.32,0.014,1.0,12.13,,0.0,0
2026-10-05 01:35:33Z,DET,in,0.463,Q2 2:14,0.0,7891,Brock Wright,TE,1.5,0.0,0.73,0.73,0.71,0.81,0.463,1.0,0.73,,0.0,0
2026-10-05 01:35:33Z,DET,in,0.463,Q2 2:14,0.0,7547,Amon-Ra St. Brown,WR,20.0,6.7,10.27,16.97,17.1,17.44,0.023,1.0,16.97,,0.0,0
2026-10-05 01:35:33Z,CAR,in,0.463,Q2 2:14,0.0,12526,Tetairoa McMillan,WR,16.4,23.0,9.96,32.96,33.88,31.81,0.098,1.0,32.96,,0.0,0
2026-10-05 01:35:33Z,CAR,in,0.463,Q2 2:14,0.0,11646,Jalen Coker,WR,8.5,0.0,4.11,4.11,4.04,4.57,0.463,1.0,4.11,,0.0,0
2026-10-05 01:35:33Z,DET,in,0.463,Q2 2:14,0.0,DET,Detroit Lions D/ST,DST,5.7,5.0,0.18,5.18,8.38,8.06,0.243,1.0,5.18,,0.0,0
2026-10-05 01:35:33Z,DET,in,0.463,Q2 2:14,0.0,11729,Sione Vaki,RB,2.6,2.7,1.65,4.35,4.3,4.1,0.085,1.0,4.35,,0.0,0
2026-10-05 01:35:33Z,CAR,in,0.463,Q2 2:14,0.0,11600,Ja'Tavion Sanders,TE,2.7,0.0,1.31,1.31,1.28,1.45,0.463,1.0,1.31,,0.0,0
2026-10-05 01:35:33Z,CAR,in,0.463,Q2 2:14,0.0,7594,Chuba Hubbard,RB,16.6,9.9,9.17,19.07,19.12,18.82,0.14,1.0,19.07,,0.0,0
2026-10-05 01:35:33Z,DET,in,0.463,Q2 2:14,0.0,11539,Jake Bates,K,9.5,10.0,5.86,15.86,15.86,15.1,0.0,1.0,15.86,,0.0,0
2026-10-05 01:35:33Z,CAR,in,0.463,Q2 2:14,0.0,2505,Darren Waller,TE,8.8,0.0,4.26,4.26,4.18,4.73,0.463,1.0,4.26,,0.0,0
2026-10-05 01:36:33Z,CAR,in,0.463,Q2 2:14,0.0,11157,Brycen Tremayne,WR,5.6,0.0,2.71,2.71,2.66,3.01,0.463,1.0,2.71,,0.0,0
2026-10-05 01:36:33Z,CAR,in,0.463,Q2 2:14,0.0,12961,Ryan Fitzgerald,K,7.3,0.0,3.47,3.47,3.47,3.92,0.098,1.0,3.47,,0.0,0
2026-10-05 01:36:33Z,DET,in,0.463,Q2 2:14,0.0,12535,Isaac TeSlaa,WR,5.3,0.0,2.57,2.57,2.52,2.85,0.463,1.0,2.57,,0.0,0
2026-10-05 01:36:33Z,DET,in,0.463,Q2 2:14,0.0,10859,Sam LaPorta,TE,13.0,4.6,6.7,11.3,11.39,11.58,0.203,1.0,11.3,,0.0,0
2026-10-05 01:36:33Z,DET,in,0.463,Q2 2:14,0.0,11237,Jacob Saylors,RB,1.7,0.0,0.75,0.75,0.81,0.91,0.463,1.0,0.75,,0.0,0
2026-10-05 01:36:33Z,CAR,in,0.463,Q2 2:14,0.0,9228,Bryce Young,QB,19.4,10.34,10.84,21.18,20.95,20.76,0.098,1.0,21.18,,0.0,0
2026-10-05 01:36:33Z,CAR,in,0.463,Q2 2:14,0.0,7694,Tommy Tremble,TE,3.8,3.9,2.18,6.08,6.23,5.94,0.111,1.0,6.08,,0.0,0
2026-10-05 01:36:33Z,CAR,in,0.463,Q2 2:14,0.0,8160,Kenny Pickett,QB,0.6,0.0,0.28,0.28,0.29,0.32,0.463,0.3,0.08,,0.0,0
2026-10-05 01:36:33Z,CAR,in,0.463,Q2 2:14,0.0,CAR,Carolina Panthers D/ST,DST,4.2,4.0,0.12,4.12,6.53,6.26,0.0,1.0,4.12,,0.0,0
2026-10-05 01:36:33Z,DET,in,0.463,Q2 2:14,0.0,8250,Tay Martin,WR,0.8,0.0,0.39,0.39,0.38,0.43,0.463,1.0,0.39,,0.0,0
2026-10-05 01:36:33Z,DET,in,0.463,Q2 2:14,0.0,4179,Joshua Dobbs,QB,0.6,0.0,0.28,0.28,0.29,0.32,0.463,0.3,0.08,,0.0,0
2026-10-05 01:36:33Z,DET,in,0.463,Q2 2:14,0.0,9221,Jahmyr Gibbs,RB,25.7,12.4,13.67,26.07,26.27,26.21,0.0,1.0,26.07,,0.0,0
2026-10-05 01:36:33Z,DET,in,0.463,Q2 2:14,0.0,3163,Jared Goff,QB,18.3,4.16,9.31,13.47,13.41,13.99,0.014,1.0,13.47,,0.0,0
2026-10-05 01:36:33Z,DET,in,0.463,Q2 2:14,0.0,8148,Jameson Williams,WR,12.7,5.5,6.63,12.13,12.27,12.32,0.014,1.0,12.13,,0.0,0
2026-10-05 01:36:33Z,DET,in,0.463,Q2 2:14,0.0,7891,Brock Wright,TE,1.5,0.0,0.73,0.73,0.71,0.81,0.463,1.0,0.73,,0.0,0
2026-10-05 01:36:33Z,DET,in,0.463,Q2 2:14,0.0,7547,Amon-Ra St. Brown,WR,20.0,6.7,10.27,16.97,17.1,17.44,0.023,1.0,16.97,,0.0,0
2026-10-05 01:36:33Z,CAR,in,0.463,Q2 2:14,0.0,12526,Tetairoa McMillan,WR,16.4,23.0,9.96,32.96,33.88,31.81,0.098,1.0,32.96,,0.0,0
2026-10-05 01:36:33Z,CAR,in,0.463,Q2 2:14,0.0,11646,Jalen Coker,WR,8.5,0.0,4.11,4.11,4.04,4.57,0.463,1.0,4.11,,0.0,0
2026-10-05 01:36:33Z,DET,in,0.463,Q2 2:14,0.0,DET,Detroit Lions D/ST,DST,5.7,5.0,0.18,5.18,8.38,8.06,0.243,1.0,5.18,,0.0,0
2026-10-05 01:36:33Z,DET,in,0.463,Q2 2:14,0.0,11729,Sione Vaki,RB,2.6,2.7,1.65,4.35,4.3,4.1,0.085,1.0,4.35,,0.0,0
2026-10-05 01:36:33Z,CAR,in,0.463,Q2 2:14,0.0,11600,Ja'Tavion Sanders,TE,2.7,0.0,1.31,1.31,1.28,1.45,0.463,1.0,1.31,,0.0,0
2026-10-05 01:36:33Z,CAR,in,0.463,Q2 2:14,0.0,7594,Chuba Hubbard,RB,16.6,9.9,9.17,19.07,19.12,18.82,0.14,1.0,19.07,,0.0,0
2026-10-05 01:36:33Z,DET,in,0.463,Q2 2:14,0.0,11539,Jake Bates,K,9.5,10.0,5.86,15.86,15.86,15.1,0.0,1.0,15.86,,0.0,0
2026-10-05 01:36:33Z,CAR,in,0.463,Q2 2:14,0.0,2505,Darren Waller,TE,8.8,0.0,4.26,4.26,4.18,4.73,0.463,1.0,4.26,,0.0,0
2026-10-05 01:37:34Z,CAR,in,0.467,Q2 2:00,0.0,11157,Brycen Tremayne,WR,5.6,0.0,2.68,2.68,2.64,2.99,0.467,1.0,2.68,,0.0,0
2026-10-05 01:37:34Z,CAR,in,0.467,Q2 2:00,0.0,12961,Ryan Fitzgerald,K,7.3,0.0,3.44,3.44,3.44,3.89,0.102,1.0,3.44,,0.0,0
2026-10-05 01:37:34Z,DET,in,0.467,Q2 2:00,0.0,12535,Isaac TeSlaa,WR,5.3,0.0,2.54,2.54,2.5,2.83,0.467,1.0,2.54,,0.0,0
2026-10-05 01:37:34Z,DET,in,0.467,Q2 2:00,0.0,10859,Sam LaPorta,TE,13.0,4.6,6.62,11.22,11.34,11.53,0.207,1.0,11.22,,0.0,0
2026-10-05 01:37:34Z,DET,in,0.467,Q2 2:00,0.0,11237,Jacob Saylors,RB,1.7,0.0,0.75,0.75,0.8,0.91,0.467,1.0,0.75,,0.0,0
2026-10-05 01:37:34Z,CAR,in,0.467,Q2 2:00,0.0,9228,Bryce Young,QB,19.4,10.74,10.77,21.51,21.31,21.09,0.0,1.0,21.51,,0.0,0
2026-10-05 01:37:34Z,CAR,in,0.467,Q2 2:00,0.0,7694,Tommy Tremble,TE,3.8,3.9,2.16,6.06,6.21,5.93,0.114,1.0,6.06,,0.0,0
2026-10-05 01:37:34Z,CAR,in,0.467,Q2 2:00,0.0,8160,Kenny Pickett,QB,0.6,0.0,0.28,0.28,0.28,0.32,0.467,0.3,0.08,,0.0,0
2026-10-05 01:37:34Z,CAR,in,0.467,Q2 2:00,0.0,CAR,Carolina Panthers D/ST,DST,4.2,4.0,0.12,4.12,6.51,6.24,0.004,1.0,4.12,,0.0,0
2026-10-05 01:37:34Z,DET,in,0.467,Q2 2:00,0.0,8250,Tay Martin,WR,0.8,0.0,0.38,0.38,0.38,0.43,0.467,1.0,0.38,,0.0,0
2026-10-05 01:37:34Z,DET,in,0.467,Q2 2:00,0.0,4179,Joshua Dobbs,QB,0.6,0.0,0.28,0.28,0.28,0.32,0.467,0.3,0.08,,0.0,0
2026-10-05 01:37:34Z,DET,in,0.467,Q2 2:00,0.0,9221,Jahmyr Gibbs,RB,25.7,12.4,13.52,25.92,26.16,26.11,0.004,1.0,25.92,,0.0,0
2026-10-05 01:37:34Z,DET,in,0.467,Q2 2:00,0.0,3163,Jared Goff,QB,18.3,4.16,9.2,13.36,13.34,13.92,0.018,1.0,13.36,,0.0,0
2026-10-05 01:37:34Z,DET,in,0.467,Q2 2:00,0.0,8148,Jameson Williams,WR,12.7,5.5,6.55,12.05,12.22,12.27,0.018,1.0,12.05,,0.0,0
2026-10-05 01:37:34Z,DET,in,0.467,Q2 2:00,0.0,7891,Brock Wright,TE,1.5,0.0,0.72,0.72,0.71,0.8,0.467,1.0,0.72,,0.0,0
2026-10-05 01:37:34Z,DET,in,0.467,Q2 2:00,0.0,7547,Amon-Ra St. Brown,WR,20.0,6.7,10.15,16.85,17.02,17.37,0.026,1.0,16.85,,0.0,0
2026-10-05 01:37:34Z,CAR,in,0.467,Q2 2:00,0.0,12526,Tetairoa McMillan,WR,16.4,25.0,10.02,35.02,36.06,33.75,0.0,1.0,35.02,,0.0,0
2026-10-05 01:37:34Z,CAR,in,0.467,Q2 2:00,0.0,11646,Jalen Coker,WR,8.5,0.0,4.07,4.07,4.0,4.53,0.467,1.0,4.07,,0.0,0
2026-10-05 01:37:34Z,DET,in,0.467,Q2 2:00,0.0,DET,Detroit Lions D/ST,DST,5.7,5.0,0.19,5.19,8.35,8.04,0.247,1.0,5.19,,0.0,0
2026-10-05 01:37:34Z,DET,in,0.467,Q2 2:00,0.0,11729,Sione Vaki,RB,2.6,2.7,1.63,4.33,4.28,4.09,0.089,1.0,4.33,,0.0,0
2026-10-05 01:37:34Z,CAR,in,0.467,Q2 2:00,0.0,11600,Ja'Tavion Sanders,TE,2.7,0.0,1.29,1.29,1.27,1.44,0.467,1.0,1.29,,0.0,0
2026-10-05 01:37:34Z,CAR,in,0.467,Q2 2:00,0.0,7594,Chuba Hubbard,RB,16.6,9.9,9.08,18.98,19.04,18.75,0.144,1.0,18.98,,0.0,0
2026-10-05 01:37:34Z,DET,in,0.467,Q2 2:00,0.0,11539,Jake Bates,K,9.5,10.0,5.81,15.81,15.81,15.07,0.004,1.0,15.81,,0.0,0
2026-10-05 01:37:34Z,CAR,in,0.467,Q2 2:00,0.0,2505,Darren Waller,TE,8.8,0.0,4.21,4.21,4.15,4.69,0.467,1.0,4.21,,0.0,0
2026-10-05 01:38:34Z,CAR,in,0.467,Q2 2:00,0.0,11157,Brycen Tremayne,WR,5.6,0.0,2.68,2.68,2.64,2.99,0.467,1.0,2.68,,0.0,0
2026-10-05 01:38:34Z,CAR,in,0.467,Q2 2:00,0.0,12961,Ryan Fitzgerald,K,7.3,0.0,3.44,3.44,3.44,3.89,0.102,1.0,3.44,,0.0,0
2026-10-05 01:38:34Z,DET,in,0.467,Q2 2:00,0.0,12535,Isaac TeSlaa,WR,5.3,0.0,2.54,2.54,2.5,2.83,0.467,1.0,2.54,,0.0,0
2026-10-05 01:38:34Z,DET,in,0.467,Q2 2:00,0.0,10859,Sam LaPorta,TE,13.0,4.6,6.62,11.22,11.34,11.53,0.207,1.0,11.22,,0.0,0
2026-10-05 01:38:34Z,DET,in,0.467,Q2 2:00,0.0,11237,Jacob Saylors,RB,1.7,0.0,0.75,0.75,0.8,0.91,0.467,1.0,0.75,,0.0,0
2026-10-05 01:38:34Z,CAR,in,0.467,Q2 2:00,0.0,9228,Bryce Young,QB,19.4,10.74,10.77,21.51,21.31,21.09,0.0,1.0,21.51,,0.0,0
2026-10-05 01:38:34Z,CAR,in,0.467,Q2 2:00,0.0,7694,Tommy Tremble,TE,3.8,3.9,2.16,6.06,6.21,5.93,0.114,1.0,6.06,,0.0,0
2026-10-05 01:38:34Z,CAR,in,0.467,Q2 2:00,0.0,8160,Kenny Pickett,QB,0.6,0.0,0.28,0.28,0.28,0.32,0.467,0.3,0.08,,0.0,0
2026-10-05 01:38:34Z,CAR,in,0.467,Q2 2:00,0.0,CAR,Carolina Panthers D/ST,DST,4.2,4.0,0.12,4.12,6.51,6.24,0.004,1.0,4.12,,0.0,0
2026-10-05 01:38:34Z,DET,in,0.467,Q2 2:00,0.0,8250,Tay Martin,WR,0.8,0.0,0.38,0.38,0.38,0.43,0.467,1.0,0.38,,0.0,0
2026-10-05 01:38:34Z,DET,in,0.467,Q2 2:00,0.0,4179,Joshua Dobbs,QB,0.6,0.0,0.28,0.28,0.28,0.32,0.467,0.3,0.08,,0.0,0
2026-10-05 01:38:34Z,DET,in,0.467,Q2 2:00,0.0,9221,Jahmyr Gibbs,RB,25.7,12.4,13.52,25.92,26.16,26.11,0.004,1.0,25.92,,0.0,0
2026-10-05 01:38:34Z,DET,in,0.467,Q2 2:00,0.0,3163,Jared Goff,QB,18.3,4.16,9.2,13.36,13.34,13.92,0.018,1.0,13.36,,0.0,0
2026-10-05 01:38:34Z,DET,in,0.467,Q2 2:00,0.0,8148,Jameson Williams,WR,12.7,5.5,6.55,12.05,12.22,12.27,0.018,1.0,12.05,,0.0,0
2026-10-05 01:38:34Z,DET,in,0.467,Q2 2:00,0.0,7891,Brock Wright,TE,1.5,0.0,0.72,0.72,0.71,0.8,0.467,1.0,0.72,,0.0,0
2026-10-05 01:38:34Z,DET,in,0.467,Q2 2:00,0.0,7547,Amon-Ra St. Brown,WR,20.0,6.7,10.15,16.85,17.02,17.37,0.026,1.0,16.85,,0.0,0
2026-10-05 01:38:34Z,CAR,in,0.467,Q2 2:00,0.0,12526,Tetairoa McMillan,WR,16.4,25.0,10.02,35.02,36.06,33.75,0.0,1.0,35.02,,0.0,0
2026-10-05 01:38:34Z,CAR,in,0.467,Q2 2:00,0.0,11646,Jalen Coker,WR,8.5,0.0,4.07,4.07,4.0,4.53,0.467,1.0,4.07,,0.0,0
2026-10-05 01:38:34Z,DET,in,0.467,Q2 2:00,0.0,DET,Detroit Lions D/ST,DST,5.7,5.0,0.19,5.19,8.35,8.04,0.247,1.0,5.19,,0.0,0
2026-10-05 01:38:34Z,DET,in,0.467,Q2 2:00,0.0,11729,Sione Vaki,RB,2.6,2.7,1.63,4.33,4.28,4.09,0.089,1.0,4.33,,0.0,0
2026-10-05 01:38:34Z,CAR,in,0.467,Q2 2:00,0.0,11600,Ja'Tavion Sanders,TE,2.7,0.0,1.29,1.29,1.27,1.44,0.467,1.0,1.29,,0.0,0
2026-10-05 01:38:34Z,CAR,in,0.467,Q2 2:00,0.0,7594,Chuba Hubbard,RB,16.6,9.9,9.08,18.98,19.04,18.75,0.144,1.0,18.98,,0.0,0
2026-10-05 01:38:34Z,DET,in,0.467,Q2 2:00,0.0,11539,Jake Bates,K,9.5,10.0,5.81,15.81,15.81,15.07,0.004,1.0,15.81,,0.0,0
2026-10-05 01:38:34Z,CAR,in,0.467,Q2 2:00,0.0,2505,Darren Waller,TE,8.8,0.0,4.21,4.21,4.15,4.69,0.467,1.0,4.21,,0.0,0
2026-10-05 01:39:34Z,CAR,in,0.467,Q2 2:00,0.0,11157,Brycen Tremayne,WR,5.6,0.0,2.68,2.68,2.64,2.99,0.467,1.0,2.68,,0.0,0
2026-10-05 01:39:34Z,CAR,in,0.467,Q2 2:00,0.0,12961,Ryan Fitzgerald,K,7.3,0.0,3.44,3.44,3.44,3.89,0.102,1.0,3.44,,0.0,0
2026-10-05 01:39:34Z,DET,in,0.467,Q2 2:00,0.0,12535,Isaac TeSlaa,WR,5.3,0.0,2.54,2.54,2.5,2.83,0.467,1.0,2.54,,0.0,0
2026-10-05 01:39:34Z,DET,in,0.467,Q2 2:00,0.0,10859,Sam LaPorta,TE,13.0,4.6,6.62,11.22,11.34,11.53,0.207,1.0,11.22,,0.0,0
2026-10-05 01:39:34Z,DET,in,0.467,Q2 2:00,0.0,11237,Jacob Saylors,RB,1.7,0.0,0.75,0.75,0.8,0.91,0.467,1.0,0.75,,0.0,0
2026-10-05 01:39:34Z,CAR,in,0.467,Q2 2:00,0.0,9228,Bryce Young,QB,19.4,10.78,10.78,21.56,21.36,21.13,0.0,1.0,21.56,,0.0,0
2026-10-05 01:39:34Z,CAR,in,0.467,Q2 2:00,0.0,7694,Tommy Tremble,TE,3.8,3.9,2.16,6.06,6.21,5.93,0.114,1.0,6.06,,0.0,0
2026-10-05 01:39:34Z,CAR,in,0.467,Q2 2:00,0.0,8160,Kenny Pickett,QB,0.6,0.0,0.28,0.28,0.28,0.32,0.467,0.3,0.08,,0.0,0
2026-10-05 01:39:34Z,CAR,in,0.467,Q2 2:00,0.0,CAR,Carolina Panthers D/ST,DST,4.2,4.0,0.12,4.12,6.51,6.24,0.004,1.0,4.12,,0.0,0
2026-10-05 01:39:34Z,DET,in,0.467,Q2 2:00,0.0,8250,Tay Martin,WR,0.8,0.0,0.38,0.38,0.38,0.43,0.467,1.0,0.38,,0.0,0
2026-10-05 01:39:34Z,DET,in,0.467,Q2 2:00,0.0,4179,Joshua Dobbs,QB,0.6,0.0,0.28,0.28,0.28,0.32,0.467,0.3,0.08,,0.0,0
2026-10-05 01:39:34Z,DET,in,0.467,Q2 2:00,0.0,9221,Jahmyr Gibbs,RB,25.7,12.4,13.52,25.92,26.16,26.11,0.004,1.0,25.92,,0.0,0
2026-10-05 01:39:34Z,DET,in,0.467,Q2 2:00,0.0,3163,Jared Goff,QB,18.3,4.16,9.2,13.36,13.34,13.92,0.018,1.0,13.36,,0.0,0
2026-10-05 01:39:34Z,DET,in,0.467,Q2 2:00,0.0,8148,Jameson Williams,WR,12.7,5.5,6.55,12.05,12.22,12.27,0.018,1.0,12.05,,0.0,0
2026-10-05 01:39:34Z,DET,in,0.467,Q2 2:00,0.0,7891,Brock Wright,TE,1.5,0.0,0.72,0.72,0.71,0.8,0.467,1.0,0.72,,0.0,0
2026-10-05 01:39:34Z,DET,in,0.467,Q2 2:00,0.0,7547,Amon-Ra St. Brown,WR,20.0,6.7,10.15,16.85,17.02,17.37,0.026,1.0,16.85,,0.0,0
2026-10-05 01:39:34Z,CAR,in,0.467,Q2 2:00,0.0,12526,Tetairoa McMillan,WR,16.4,25.1,10.03,35.13,36.17,33.85,0.0,1.0,35.13,,0.0,0
2026-10-05 01:39:34Z,CAR,in,0.467,Q2 2:00,0.0,11646,Jalen Coker,WR,8.5,0.0,4.07,4.07,4.0,4.53,0.467,1.0,4.07,,0.0,0
2026-10-05 01:39:34Z,DET,in,0.467,Q2 2:00,0.0,DET,Detroit Lions D/ST,DST,5.7,5.0,0.19,5.19,8.35,8.04,0.247,1.0,5.19,,0.0,0
2026-10-05 01:39:34Z,DET,in,0.467,Q2 2:00,0.0,11729,Sione Vaki,RB,2.6,2.7,1.63,4.33,4.28,4.09,0.089,1.0,4.33,,0.0,0
2026-10-05 01:39:34Z,CAR,in,0.467,Q2 2:00,0.0,11600,Ja'Tavion Sanders,TE,2.7,0.0,1.29,1.29,1.27,1.44,0.467,1.0,1.29,,0.0,0
2026-10-05 01:39:34Z,CAR,in,0.467,Q2 2:00,0.0,7594,Chuba Hubbard,RB,16.6,9.9,9.08,18.98,19.04,18.75,0.144,1.0,18.98,,0.0,0
2026-10-05 01:39:34Z,DET,in,0.467,Q2 2:00,0.0,11539,Jake Bates,K,9.5,10.0,5.81,15.81,15.81,15.07,0.004,1.0,15.81,,0.0,0
2026-10-05 01:39:34Z,CAR,in,0.467,Q2 2:00,0.0,2505,Darren Waller,TE,8.8,0.0,4.21,4.21,4.15,4.69,0.467,1.0,4.21,,0.0,0
2026-10-05 01:40:35Z,CAR,in,0.467,Q2 2:00,0.0,11157,Brycen Tremayne,WR,5.6,0.0,2.68,2.68,2.64,2.99,0.467,1.0,2.68,,0.0,0
2026-10-05 01:40:35Z,CAR,in,0.467,Q2 2:00,0.0,12961,Ryan Fitzgerald,K,7.3,0.0,3.44,3.44,3.44,3.89,0.102,1.0,3.44,,0.0,0
2026-10-05 01:40:35Z,DET,in,0.467,Q2 2:00,0.0,12535,Isaac TeSlaa,WR,5.3,0.0,2.54,2.54,2.5,2.83,0.467,1.0,2.54,,0.0,0
2026-10-05 01:40:35Z,DET,in,0.467,Q2 2:00,0.0,10859,Sam LaPorta,TE,13.0,4.6,6.62,11.22,11.34,11.53,0.207,1.0,11.22,,0.0,0
2026-10-05 01:40:35Z,DET,in,0.467,Q2 2:00,0.0,11237,Jacob Saylors,RB,1.7,0.0,0.75,0.75,0.8,0.91,0.467,1.0,0.75,,0.0,0
2026-10-05 01:40:35Z,CAR,in,0.467,Q2 2:00,0.0,9228,Bryce Young,QB,19.4,10.78,10.78,21.56,21.36,21.13,0.0,1.0,21.56,,0.0,0
2026-10-05 01:40:35Z,CAR,in,0.467,Q2 2:00,0.0,7694,Tommy Tremble,TE,3.8,3.9,2.16,6.06,6.21,5.93,0.114,1.0,6.06,,0.0,0
2026-10-05 01:40:35Z,CAR,in,0.467,Q2 2:00,0.0,8160,Kenny Pickett,QB,0.6,0.0,0.28,0.28,0.28,0.32,0.467,0.3,0.08,,0.0,0
2026-10-05 01:40:35Z,CAR,in,0.467,Q2 2:00,0.0,CAR,Carolina Panthers D/ST,DST,4.2,4.0,0.12,4.12,6.51,6.24,0.004,1.0,4.12,,0.0,0
2026-10-05 01:40:35Z,DET,in,0.467,Q2 2:00,0.0,8250,Tay Martin,WR,0.8,0.0,0.38,0.38,0.38,0.43,0.467,1.0,0.38,,0.0,0
2026-10-05 01:40:35Z,DET,in,0.467,Q2 2:00,0.0,4179,Joshua Dobbs,QB,0.6,0.0,0.28,0.28,0.28,0.32,0.467,0.3,0.08,,0.0,0
2026-10-05 01:40:35Z,DET,in,0.467,Q2 2:00,0.0,9221,Jahmyr Gibbs,RB,25.7,12.4,13.52,25.92,26.16,26.11,0.004,1.0,25.92,,0.0,0
2026-10-05 01:40:35Z,DET,in,0.467,Q2 2:00,0.0,3163,Jared Goff,QB,18.3,4.16,9.2,13.36,13.34,13.92,0.018,1.0,13.36,,0.0,0
2026-10-05 01:40:35Z,DET,in,0.467,Q2 2:00,0.0,8148,Jameson Williams,WR,12.7,5.5,6.55,12.05,12.22,12.27,0.018,1.0,12.05,,0.0,0
2026-10-05 01:40:35Z,DET,in,0.467,Q2 2:00,0.0,7891,Brock Wright,TE,1.5,0.0,0.72,0.72,0.71,0.8,0.467,1.0,0.72,,0.0,0
2026-10-05 01:40:35Z,DET,in,0.467,Q2 2:00,0.0,7547,Amon-Ra St. Brown,WR,20.0,6.7,10.15,16.85,17.02,17.37,0.026,1.0,16.85,,0.0,0
2026-10-05 01:40:35Z,CAR,in,0.467,Q2 2:00,0.0,12526,Tetairoa McMillan,WR,16.4,25.1,10.03,35.13,36.17,33.85,0.0,1.0,35.13,,0.0,0
2026-10-05 01:40:35Z,CAR,in,0.467,Q2 2:00,0.0,11646,Jalen Coker,WR,8.5,0.0,4.07,4.07,4.0,4.53,0.467,1.0,4.07,,0.0,0
2026-10-05 01:40:35Z,DET,in,0.467,Q2 2:00,0.0,DET,Detroit Lions D/ST,DST,5.7,5.0,0.19,5.19,8.35,8.04,0.247,1.0,5.19,,0.0,0
2026-10-05 01:40:35Z,DET,in,0.467,Q2 2:00,0.0,11729,Sione Vaki,RB,2.6,2.7,1.63,4.33,4.28,4.09,0.089,1.0,4.33,,0.0,0
2026-10-05 01:40:35Z,CAR,in,0.467,Q2 2:00,0.0,11600,Ja'Tavion Sanders,TE,2.7,0.0,1.29,1.29,1.27,1.44,0.467,1.0,1.29,,0.0,0
2026-10-05 01:40:35Z,CAR,in,0.467,Q2 2:00,0.0,7594,Chuba Hubbard,RB,16.6,9.9,9.08,18.98,19.04,18.75,0.144,1.0,18.98,,0.0,0
2026-10-05 01:40:35Z,DET,in,0.467,Q2 2:00,0.0,11539,Jake Bates,K,9.5,10.0,5.81,15.81,15.81,15.07,0.004,1.0,15.81,,0.0,0
2026-10-05 01:40:35Z,CAR,in,0.467,Q2 2:00,0.0,2505,Darren Waller,TE,8.8,0.0,4.21,4.21,4.15,4.69,0.467,1.0,4.21,,0.0,0
2026-10-05 01:41:35Z,CAR,in,0.479,Q2 1:15,0.0,11157,Brycen Tremayne,WR,5.6,0.0,2.58,2.58,2.57,2.92,0.479,1.0,2.58,,0.0,0
2026-10-05 01:41:35Z,CAR,in,0.479,Q2 1:15,0.0,12961,Ryan Fitzgerald,K,7.3,0.0,3.35,3.35,3.35,3.8,0.115,1.0,3.35,,0.0,0
2026-10-05 01:41:35Z,DET,in,0.479,Q2 1:15,0.0,12535,Isaac TeSlaa,WR,5.3,0.0,2.44,2.44,2.43,2.76,0.479,1.0,2.44,,0.0,0
2026-10-05 01:41:35Z,DET,in,0.479,Q2 1:15,0.0,10859,Sam LaPorta,TE,13.0,4.6,6.37,10.97,11.16,11.37,0.219,1.0,10.97,,0.0,0
2026-10-05 01:41:35Z,DET,in,0.479,Q2 1:15,0.0,11237,Jacob Saylors,RB,1.7,0.0,0.72,0.72,0.78,0.89,0.479,1.0,0.72,,0.0,0
2026-10-05 01:41:35Z,CAR,in,0.479,Q2 1:15,0.0,9228,Bryce Young,QB,19.4,11.06,10.4,21.46,21.39,21.16,0.0,1.0,21.46,,0.0,0
2026-10-05 01:41:35Z,CAR,in,0.479,Q2 1:15,0.0,7694,Tommy Tremble,TE,3.8,3.9,2.08,5.98,6.15,5.88,0.127,1.0,5.98,,0.0,0
2026-10-05 01:41:35Z,CAR,in,0.479,Q2 1:15,0.0,8160,Kenny Pickett,QB,0.6,0.0,0.27,0.27,0.28,0.31,0.479,0.3,0.08,,0.0,0
2026-10-05 01:41:35Z,CAR,in,0.479,Q2 1:15,0.0,CAR,Carolina Panthers D/ST,DST,4.2,4.0,0.12,4.12,6.45,6.19,0.016,1.0,4.12,,0.0,0
2026-10-05 01:41:35Z,DET,in,0.479,Q2 1:15,0.0,8250,Tay Martin,WR,0.8,0.0,0.37,0.37,0.37,0.42,0.479,1.0,0.37,,0.0,0
2026-10-05 01:41:35Z,DET,in,0.479,Q2 1:15,0.0,4179,Joshua Dobbs,QB,0.6,0.0,0.27,0.27,0.28,0.31,0.479,0.3,0.08,,0.0,0
2026-10-05 01:41:35Z,DET,in,0.479,Q2 1:15,0.0,9221,Jahmyr Gibbs,RB,25.7,12.4,13.07,25.47,25.8,25.79,0.016,1.0,25.47,,0.0,0
2026-10-05 01:41:35Z,DET,in,0.479,Q2 1:15,0.0,3163,Jared Goff,QB,18.3,4.16,8.83,12.99,13.09,13.69,0.03,1.0,12.99,,0.0,0
2026-10-05 01:41:35Z,DET,in,0.479,Q2 1:15,0.0,8148,Jameson Williams,WR,12.7,5.5,6.31,11.81,12.04,12.11,0.03,1.0,11.81,,0.0,0
2026-10-05 01:41:35Z,DET,in,0.479,Q2 1:15,0.0,7891,Brock Wright,TE,1.5,0.0,0.69,0.69,0.69,0.78,0.479,1.0,0.69,,0.0,0
2026-10-05 01:41:35Z,DET,in,0.479,Q2 1:15,0.0,7547,Amon-Ra St. Brown,WR,20.0,6.7,9.77,16.47,16.74,17.12,0.039,1.0,16.47,,0.0,0
2026-10-05 01:41:35Z,CAR,in,0.479,Q2 1:15,0.0,12526,Tetairoa McMillan,WR,16.4,26.8,9.82,36.62,37.81,35.34,0.0,1.0,36.62,,0.0,0
2026-10-05 01:41:35Z,CAR,in,0.479,Q2 1:15,0.0,11646,Jalen Coker,WR,8.5,0.0,3.91,3.91,3.9,4.43,0.479,1.0,3.91,,0.0,0
2026-10-05 01:41:35Z,DET,in,0.479,Q2 1:15,0.0,DET,Detroit Lions D/ST,DST,5.7,5.0,0.19,5.19,8.26,7.97,0.26,1.0,5.19,,0.0,0
2026-10-05 01:41:35Z,DET,in,0.479,Q2 1:15,0.0,11729,Sione Vaki,RB,2.6,2.7,1.58,4.28,4.24,4.05,0.102,1.0,4.28,,0.0,0
2026-10-05 01:41:35Z,CAR,in,0.479,Q2 1:15,0.0,11600,Ja'Tavion Sanders,TE,2.7,0.0,1.24,1.24,1.24,1.41,0.479,1.0,1.24,,0.0,0
2026-10-05 01:41:35Z,CAR,in,0.479,Q2 1:15,0.0,7594,Chuba Hubbard,RB,16.6,10.4,8.86,19.26,19.36,19.05,0.0,1.0,19.26,,0.0,0
2026-10-05 01:41:35Z,DET,in,0.479,Q2 1:15,0.0,11539,Jake Bates,K,9.5,10.0,5.66,15.66,15.66,14.95,0.016,1.0,15.66,,0.0,0
2026-10-05 01:41:35Z,CAR,in,0.479,Q2 1:15,0.0,2505,Darren Waller,TE,8.8,0.0,4.05,4.05,4.03,4.58,0.479,1.0,4.05,,0.0,0
2026-10-05 01:42:36Z,CAR,in,0.489,Q2 0:41,0.0,11157,Brycen Tremayne,WR,5.6,0.0,2.5,2.5,2.51,2.86,0.489,1.0,2.5,,0.0,0
2026-10-05 01:42:36Z,CAR,in,0.489,Q2 0:41,0.0,12961,Ryan Fitzgerald,K,7.3,0.0,3.28,3.28,3.28,3.73,0.124,1.0,3.28,,0.0,0
2026-10-05 01:42:36Z,DET,in,0.489,Q2 0:41,0.0,12535,Isaac TeSlaa,WR,5.3,0.0,2.37,2.37,2.38,2.71,0.489,1.0,2.37,,0.0,0
2026-10-05 01:42:36Z,DET,in,0.489,Q2 0:41,0.0,10859,Sam LaPorta,TE,13.0,4.6,6.19,10.79,11.02,11.25,0.229,1.0,10.79,,0.0,0
2026-10-05 01:42:36Z,DET,in,0.489,Q2 0:41,0.0,11237,Jacob Saylors,RB,1.7,0.0,0.7,0.7,0.76,0.87,0.489,1.0,0.7,,0.0,0
2026-10-05 01:42:36Z,CAR,in,0.489,Q2 0:41,0.0,9228,Bryce Young,QB,19.4,11.82,10.19,22.01,22.04,21.74,0.0,1.0,22.01,,0.0,0
2026-10-05 01:42:36Z,CAR,in,0.489,Q2 0:41,0.0,7694,Tommy Tremble,TE,3.8,3.9,2.02,5.92,6.1,5.84,0.136,1.0,5.92,,0.0,0
2026-10-05 01:42:36Z,CAR,in,0.489,Q2 0:41,0.0,8160,Kenny Pickett,QB,0.6,0.0,0.26,0.26,0.27,0.31,0.489,0.3,0.08,,0.0,0
2026-10-05 01:42:36Z,CAR,in,0.489,Q2 0:41,0.0,CAR,Carolina Panthers D/ST,DST,4.2,4.0,0.11,4.11,6.4,6.15,0.026,1.0,4.11,,0.0,0
2026-10-05 01:42:36Z,DET,in,0.489,Q2 0:41,0.0,8250,Tay Martin,WR,0.8,0.0,0.36,0.36,0.36,0.41,0.489,1.0,0.36,,0.0,0
2026-10-05 01:42:36Z,DET,in,0.489,Q2 0:41,0.0,4179,Joshua Dobbs,QB,0.6,0.0,0.26,0.26,0.27,0.31,0.489,0.3,0.08,,0.0,0
2026-10-05 01:42:36Z,DET,in,0.489,Q2 0:41,0.0,9221,Jahmyr Gibbs,RB,25.7,12.4,12.73,25.13,25.52,25.54,0.026,1.0,25.13,,0.0,0
2026-10-05 01:42:36Z,DET,in,0.489,Q2 0:41,0.0,3163,Jared Goff,QB,18.3,4.16,8.57,12.73,12.91,13.52,0.039,1.0,12.73,,0.0,0
2026-10-05 01:42:36Z,DET,in,0.489,Q2 0:41,0.0,8148,Jameson Williams,WR,12.7,5.5,6.13,11.63,11.9,11.99,0.039,1.0,11.63,,0.0,0
2026-10-05 01:42:36Z,DET,in,0.489,Q2 0:41,0.0,7891,Brock Wright,TE,1.5,0.0,0.67,0.67,0.67,0.77,0.489,1.0,0.67,,0.0,0
2026-10-05 01:42:36Z,DET,in,0.489,Q2 0:41,0.0,7547,Amon-Ra St. Brown,WR,20.0,6.7,9.49,16.19,16.54,16.93,0.048,1.0,16.19,,0.0,0
2026-10-05 01:42:36Z,CAR,in,0.489,Q2 0:41,0.0,12526,Tetairoa McMillan,WR,16.4,29.7,9.79,39.49,40.86,38.09,0.0,1.0,39.49,,0.0,0
2026-10-05 01:42:36Z,CAR,in,0.489,Q2 0:41,0.0,11646,Jalen Coker,WR,8.5,0.0,3.8,3.8,3.82,4.35,0.489,1.0,3.8,,0.0,0
2026-10-05 01:42:36Z,DET,in,0.489,Q2 0:41,0.0,DET,Detroit Lions D/ST,DST,5.7,5.0,0.19,5.19,8.2,7.91,0.269,1.0,5.19,,0.0,0
2026-10-05 01:42:36Z,DET,in,0.489,Q2 0:41,0.0,11729,Sione Vaki,RB,2.6,2.7,1.54,4.24,4.21,4.03,0.111,1.0,4.24,,0.0,0
2026-10-05 01:42:36Z,CAR,in,0.489,Q2 0:41,0.0,11600,Ja'Tavion Sanders,TE,2.7,0.0,1.21,1.21,1.21,1.38,0.489,1.0,1.21,,0.0,0
2026-10-05 01:42:36Z,CAR,in,0.489,Q2 0:41,0.0,7594,Chuba Hubbard,RB,16.6,10.3,8.62,18.92,19.07,18.79,0.0,1.0,18.92,,0.0,0
2026-10-05 01:42:36Z,DET,in,0.489,Q2 0:41,0.0,11539,Jake Bates,K,9.5,10.0,5.54,15.54,15.54,14.86,0.026,1.0,15.54,,0.0,0
2026-10-05 01:42:36Z,CAR,in,0.489,Q2 0:41,0.0,2505,Darren Waller,TE,8.8,0.0,3.93,3.93,3.95,4.5,0.489,1.0,3.93,,0.0,0
2026-10-05 01:43:36Z,CAR,in,0.489,Q2 0:39,0.0,11157,Brycen Tremayne,WR,5.6,0.0,2.5,2.5,2.51,2.86,0.489,1.0,2.5,,0.0,0
2026-10-05 01:43:36Z,CAR,in,0.489,Q2 0:39,0.0,12961,Ryan Fitzgerald,K,7.3,0.0,3.27,3.27,3.27,3.73,0.125,1.0,3.27,,0.0,0
2026-10-05 01:43:36Z,DET,in,0.489,Q2 0:39,0.0,12535,Isaac TeSlaa,WR,5.3,0.0,2.36,2.36,2.38,2.71,0.489,1.0,2.36,,0.0,0
2026-10-05 01:43:36Z,DET,in,0.489,Q2 0:39,0.0,10859,Sam LaPorta,TE,13.0,4.6,6.18,10.78,11.02,11.24,0.229,1.0,10.78,,0.0,0
2026-10-05 01:43:36Z,DET,in,0.489,Q2 0:39,0.0,11237,Jacob Saylors,RB,1.7,0.0,0.7,0.7,0.76,0.87,0.489,1.0,0.7,,0.0,0
2026-10-05 01:43:36Z,CAR,in,0.489,Q2 0:39,0.0,9228,Bryce Young,QB,19.4,11.82,10.18,22.0,22.03,21.73,0.001,1.0,22.0,,0.0,0
2026-10-05 01:43:36Z,CAR,in,0.489,Q2 0:39,0.0,7694,Tommy Tremble,TE,3.8,3.9,2.02,5.92,6.1,5.84,0.137,1.0,5.92,,0.0,0
2026-10-05 01:43:36Z,CAR,in,0.489,Q2 0:39,0.0,8160,Kenny Pickett,QB,0.6,0.0,0.26,0.26,0.27,0.31,0.489,0.3,0.08,,0.0,0
2026-10-05 01:43:36Z,CAR,in,0.489,Q2 0:39,0.0,CAR,Carolina Panthers D/ST,DST,4.2,4.0,0.11,4.11,6.39,6.15,0.026,1.0,4.11,,0.0,0
2026-10-05 01:43:36Z,DET,in,0.489,Q2 0:39,0.0,8250,Tay Martin,WR,0.8,0.0,0.36,0.36,0.36,0.41,0.489,1.0,0.36,,0.0,0
2026-10-05 01:43:36Z,DET,in,0.489,Q2 0:39,0.0,4179,Joshua Dobbs,QB,0.6,0.0,0.26,0.26,0.27,0.31,0.489,0.3,0.08,,0.0,0
2026-10-05 01:43:36Z,DET,in,0.489,Q2 0:39,0.0,9221,Jahmyr Gibbs,RB,25.7,12.4,12.71,25.11,25.51,25.53,0.026,1.0,25.11,,0.0,0
2026-10-05 01:43:36Z,DET,in,0.489,Q2 0:39,0.0,3163,Jared Goff,QB,18.3,4.16,8.55,12.71,12.9,13.51,0.04,1.0,12.71,,0.0,0
2026-10-05 01:43:36Z,DET,in,0.489,Q2 0:39,0.0,8148,Jameson Williams,WR,12.7,5.5,6.12,11.62,11.9,11.99,0.04,1.0,11.62,,0.0,0
2026-10-05 01:43:36Z,DET,in,0.489,Q2 0:39,0.0,7891,Brock Wright,TE,1.5,0.0,0.67,0.67,0.67,0.77,0.489,1.0,0.67,,0.0,0
2026-10-05 01:43:36Z,DET,in,0.489,Q2 0:39,0.0,7547,Amon-Ra St. Brown,WR,20.0,6.7,9.48,16.18,16.52,16.92,0.049,1.0,16.18,,0.0,0
2026-10-05 01:43:36Z,CAR,in,0.489,Q2 0:39,0.0,12526,Tetairoa McMillan,WR,16.4,29.7,9.78,39.48,40.85,38.08,0.001,1.0,39.48,,0.0,0
2026-10-05 01:43:36Z,CAR,in,0.489,Q2 0:39,0.0,11646,Jalen Coker,WR,8.5,0.0,3.79,3.79,3.81,4.34,0.489,1.0,3.79,,0.0,0
2026-10-05 01:43:36Z,DET,in,0.489,Q2 0:39,0.0,DET,Detroit Lions D/ST,DST,5.7,5.0,0.18,5.18,8.19,7.91,0.27,1.0,5.18,,0.0,0
2026-10-05 01:43:36Z,DET,in,0.489,Q2 0:39,0.0,11729,Sione Vaki,RB,2.6,2.7,1.53,4.23,4.21,4.03,0.112,1.0,4.23,,0.0,0
2026-10-05 01:43:36Z,CAR,in,0.489,Q2 0:39,0.0,11600,Ja'Tavion Sanders,TE,2.7,0.0,1.2,1.2,1.21,1.38,0.489,1.0,1.2,,0.0,0
2026-10-05 01:43:36Z,CAR,in,0.489,Q2 0:39,0.0,7594,Chuba Hubbard,RB,16.6,10.3,8.6,18.9,19.06,18.78,0.001,1.0,18.9,,0.0,0
2026-10-05 01:43:36Z,DET,in,0.489,Q2 0:39,0.0,11539,Jake Bates,K,9.5,10.0,5.54,15.54,15.54,14.85,0.026,1.0,15.54,,0.0,0
2026-10-05 01:43:36Z,CAR,in,0.489,Q2 0:39,0.0,2505,Darren Waller,TE,8.8,0.0,3.92,3.92,3.95,4.5,0.489,1.0,3.92,,0.0,0
2026-10-05 01:44:36Z,CAR,in,0.491,Q2 0:32,0.0,11157,Brycen Tremayne,WR,5.6,0.0,2.48,2.48,2.5,2.85,0.491,1.0,2.48,,0.0,0
2026-10-05 01:44:36Z,CAR,in,0.491,Q2 0:32,0.0,12961,Ryan Fitzgerald,K,7.3,0.0,3.26,3.26,3.26,3.71,0.127,1.0,3.26,,0.0,0
2026-10-05 01:44:36Z,DET,in,0.491,Q2 0:32,0.0,12535,Isaac TeSlaa,WR,5.3,0.0,2.35,2.35,2.37,2.7,0.491,1.0,2.35,,0.0,0
2026-10-05 01:44:36Z,DET,in,0.491,Q2 0:32,0.0,10859,Sam LaPorta,TE,13.0,4.6,6.14,10.74,10.99,11.22,0.231,1.0,10.74,,0.0,0
2026-10-05 01:44:36Z,DET,in,0.491,Q2 0:32,0.0,11237,Jacob Saylors,RB,1.7,0.0,0.7,0.7,0.76,0.87,0.491,1.0,0.7,,0.0,0
2026-10-05 01:44:36Z,CAR,in,0.491,Q2 0:32,0.0,9228,Bryce Young,QB,19.4,11.82,10.11,21.93,21.98,21.69,0.003,1.0,21.93,,0.0,0
2026-10-05 01:44:36Z,CAR,in,0.491,Q2 0:32,0.0,7694,Tommy Tremble,TE,3.8,3.9,2.01,5.91,6.09,5.83,0.139,1.0,5.91,,0.0,0
2026-10-05 01:44:36Z,CAR,in,0.491,Q2 0:32,0.0,8160,Kenny Pickett,QB,0.6,0.0,0.26,0.26,0.27,0.31,0.491,0.3,0.08,,0.0,0
2026-10-05 01:44:36Z,CAR,in,0.491,Q2 0:32,0.0,CAR,Carolina Panthers D/ST,DST,4.2,4.0,0.11,4.11,6.38,6.14,0.028,1.0,4.11,,0.0,0
2026-10-05 01:44:36Z,DET,in,0.491,Q2 0:32,0.0,8250,Tay Martin,WR,0.8,0.0,0.35,0.35,0.36,0.41,0.491,1.0,0.35,,0.0,0
2026-10-05 01:44:36Z,DET,in,0.491,Q2 0:32,0.0,4179,Joshua Dobbs,QB,0.6,0.0,0.26,0.26,0.27,0.31,0.491,0.3,0.08,,0.0,0
2026-10-05 01:44:36Z,DET,in,0.491,Q2 0:32,0.0,9221,Jahmyr Gibbs,RB,25.7,12.4,12.64,25.04,25.45,25.48,0.028,1.0,25.04,,0.0,0
2026-10-05 01:44:36Z,DET,in,0.491,Q2 0:32,0.0,3163,Jared Goff,QB,18.3,4.16,8.5,12.66,12.86,13.47,0.042,1.0,12.66,,0.0,0
2026-10-05 01:44:36Z,DET,in,0.491,Q2 0:32,0.0,8148,Jameson Williams,WR,12.7,5.5,6.08,11.58,11.87,11.96,0.042,1.0,11.58,,0.0,0
2026-10-05 01:44:36Z,DET,in,0.491,Q2 0:32,0.0,7891,Brock Wright,TE,1.5,0.0,0.66,0.66,0.67,0.76,0.491,1.0,0.66,,0.0,0
2026-10-05 01:44:36Z,DET,in,0.491,Q2 0:32,0.0,7547,Amon-Ra St. Brown,WR,20.0,6.7,9.42,16.12,16.48,16.88,0.051,1.0,16.12,,0.0,0
2026-10-05 01:44:36Z,CAR,in,0.491,Q2 0:32,0.0,12526,Tetairoa McMillan,WR,16.4,29.7,9.72,39.42,40.8,38.05,0.003,1.0,39.42,,0.0,0
2026-10-05 01:44:36Z,CAR,in,0.491,Q2 0:32,0.0,11646,Jalen Coker,WR,8.5,0.0,3.77,3.77,3.79,4.33,0.491,1.0,3.77,,0.0,0
2026-10-05 01:44:36Z,DET,in,0.491,Q2 0:32,0.0,DET,Detroit Lions D/ST,DST,5.7,6.0,0.0,6.0,9.31,8.9,0.0,1.0,6.0,,0.0,0
2026-10-05 01:44:36Z,DET,in,0.491,Q2 0:32,0.0,11729,Sione Vaki,RB,2.6,2.7,1.53,4.23,4.2,4.02,0.114,1.0,4.23,,0.0,0
2026-10-05 01:44:36Z,CAR,in,0.491,Q2 0:32,0.0,11600,Ja'Tavion Sanders,TE,2.7,0.0,1.2,1.2,1.21,1.37,0.491,1.0,1.2,,0.0,0
2026-10-05 01:44:36Z,CAR,in,0.491,Q2 0:32,0.0,7594,Chuba Hubbard,RB,16.6,10.3,8.56,18.86,19.02,18.75,0.003,1.0,18.86,,0.0,0
2026-10-05 01:44:36Z,DET,in,0.491,Q2 0:32,0.0,11539,Jake Bates,K,9.5,10.0,5.51,15.51,15.51,14.83,0.028,1.0,15.51,,0.0,0
2026-10-05 01:44:36Z,CAR,in,0.491,Q2 0:32,0.0,2505,Darren Waller,TE,8.8,0.0,3.9,3.9,3.93,4.48,0.491,1.0,3.9,,0.0,0
2026-10-05 01:45:37Z,CAR,in,0.492,Q2 0:28,3.0,11157,Brycen Tremayne,WR,5.6,0.0,2.34,2.34,2.49,2.84,0.492,1.0,2.34,,0.0,0
2026-10-05 01:45:37Z,CAR,in,0.492,Q2 0:28,3.0,12961,Ryan Fitzgerald,K,7.3,4.0,3.76,7.76,7.76,7.71,0.0,1.0,7.76,,0.0,0
2026-10-05 01:45:37Z,DET,in,0.492,Q2 0:28,-3.0,12535,Isaac TeSlaa,WR,5.3,0.0,2.47,2.47,2.36,2.69,0.492,1.0,2.47,,0.0,0
2026-10-05 01:45:37Z,DET,in,0.492,Q2 0:28,-3.0,10859,Sam LaPorta,TE,13.0,4.6,6.43,11.03,10.97,11.2,0.232,1.0,11.03,,0.0,0
2026-10-05 01:45:37Z,DET,in,0.492,Q2 0:28,-3.0,11237,Jacob Saylors,RB,1.7,0.0,0.71,0.71,0.76,0.86,0.492,1.0,0.71,,0.0,0
2026-10-05 01:45:37Z,CAR,in,0.492,Q2 0:28,3.0,9228,Bryce Young,QB,19.4,11.82,9.49,21.31,21.96,21.67,0.004,1.0,21.31,,0.0,0
2026-10-05 01:45:37Z,CAR,in,0.492,Q2 0:28,3.0,7694,Tommy Tremble,TE,3.8,3.9,1.91,5.81,6.09,5.83,0.14,1.0,5.81,,0.0,0
2026-10-05 01:45:37Z,CAR,in,0.492,Q2 0:28,3.0,8160,Kenny Pickett,QB,0.6,0.0,0.24,0.24,0.27,0.3,0.492,0.3,0.07,,0.0,0
2026-10-05 01:45:37Z,CAR,in,0.492,Q2 0:28,3.0,CAR,Carolina Panthers D/ST,DST,4.2,4.0,0.21,4.21,6.38,6.13,0.029,1.0,4.21,,0.0,0
2026-10-05 01:45:37Z,DET,in,0.492,Q2 0:28,-3.0,8250,Tay Martin,WR,0.8,0.0,0.37,0.37,0.36,0.41,0.492,1.0,0.37,,0.0,0
2026-10-05 01:45:37Z,DET,in,0.492,Q2 0:28,-3.0,4179,Joshua Dobbs,QB,0.6,0.0,0.28,0.28,0.27,0.3,0.492,0.3,0.08,,0.0,0
2026-10-05 01:45:37Z,DET,in,0.492,Q2 0:28,-3.0,9221,Jahmyr Gibbs,RB,25.7,12.4,12.79,25.19,25.42,25.45,0.029,1.0,25.19,,0.0,0
2026-10-05 01:45:37Z,DET,in,0.492,Q2 0:28,-3.0,3163,Jared Goff,QB,18.3,4.16,9.02,13.18,12.84,13.45,0.043,1.0,13.18,,0.0,0
2026-10-05 01:45:37Z,DET,in,0.492,Q2 0:28,-3.0,8148,Jameson Williams,WR,12.7,5.5,6.36,11.86,11.85,11.95,0.043,1.0,11.86,,0.0,0
2026-10-05 01:45:37Z,DET,in,0.492,Q2 0:28,-3.0,7891,Brock Wright,TE,1.5,0.0,0.7,0.7,0.67,0.76,0.492,1.0,0.7,,0.0,0
2026-10-05 01:45:37Z,DET,in,0.492,Q2 0:28,-3.0,7547,Amon-Ra St. Brown,WR,20.0,6.7,9.86,16.56,16.46,16.86,0.052,1.0,16.56,,0.0,0
2026-10-05 01:45:37Z,CAR,in,0.492,Q2 0:28,3.0,12526,Tetairoa McMillan,WR,16.4,29.7,9.3,39.0,40.77,38.03,0.004,1.0,39.0,,0.0,0
2026-10-05 01:45:37Z,CAR,in,0.492,Q2 0:28,3.0,11646,Jalen Coker,WR,8.5,0.0,3.55,3.55,3.78,4.32,0.492,1.0,3.55,,0.0,0
2026-10-05 01:45:37Z,DET,in,0.492,Q2 0:28,-3.0,DET,Detroit Lions D/ST,DST,5.7,3.0,0.45,3.45,5.92,5.89,0.0,1.0,3.45,,0.0,0
2026-10-05 01:45:37Z,DET,in,0.492,Q2 0:28,-3.0,11729,Sione Vaki,RB,2.6,2.7,1.54,4.24,4.2,4.02,0.115,1.0,4.24,,0.0,0
2026-10-05 01:45:37Z,CAR,in,0.492,Q2 0:28,3.0,11600,Ja'Tavion Sanders,TE,2.7,0.0,1.13,1.13,1.2,1.37,0.492,1.0,1.13,,0.0,0
2026-10-05 01:45:37Z,CAR,in,0.492,Q2 0:28,3.0,7594,Chuba Hubbard,RB,16.6,10.3,8.41,18.71,19.0,18.73,0.004,1.0,18.71,,0.0,0
2026-10-05 01:45:37Z,DET,in,0.492,Q2 0:28,-3.0,11539,Jake Bates,K,9.5,10.0,5.5,15.5,15.5,14.82,0.029,1.0,15.5,,0.0,0
2026-10-05 01:45:37Z,CAR,in,0.492,Q2 0:28,3.0,2505,Darren Waller,TE,8.8,0.0,3.68,3.68,3.92,4.47,0.492,1.0,3.68,,0.0,0
2026-10-05 01:46:37Z,CAR,in,0.492,Q2 0:28,3.0,11157,Brycen Tremayne,WR,5.6,0.0,2.34,2.34,2.49,2.84,0.492,1.0,2.34,,0.0,0
2026-10-05 01:46:37Z,CAR,in,0.492,Q2 0:28,3.0,12961,Ryan Fitzgerald,K,7.3,4.0,3.76,7.76,7.76,7.71,0.0,1.0,7.76,,0.0,0
2026-10-05 01:46:37Z,DET,in,0.492,Q2 0:28,-3.0,12535,Isaac TeSlaa,WR,5.3,0.0,2.47,2.47,2.36,2.69,0.492,1.0,2.47,,0.0,0
2026-10-05 01:46:37Z,DET,in,0.492,Q2 0:28,-3.0,10859,Sam LaPorta,TE,13.0,4.6,6.43,11.03,10.97,11.2,0.232,1.0,11.03,,0.0,0
2026-10-05 01:46:37Z,DET,in,0.492,Q2 0:28,-3.0,11237,Jacob Saylors,RB,1.7,0.0,0.71,0.71,0.76,0.86,0.492,1.0,0.71,,0.0,0
2026-10-05 01:46:37Z,CAR,in,0.492,Q2 0:28,3.0,9228,Bryce Young,QB,19.4,11.82,9.49,21.31,21.96,21.67,0.004,1.0,21.31,,0.0,0
2026-10-05 01:46:37Z,CAR,in,0.492,Q2 0:28,3.0,7694,Tommy Tremble,TE,3.8,3.9,1.91,5.81,6.09,5.83,0.14,1.0,5.81,,0.0,0
2026-10-05 01:46:37Z,CAR,in,0.492,Q2 0:28,3.0,8160,Kenny Pickett,QB,0.6,0.0,0.24,0.24,0.27,0.3,0.492,0.3,0.07,,0.0,0
2026-10-05 01:46:37Z,CAR,in,0.492,Q2 0:28,3.0,CAR,Carolina Panthers D/ST,DST,4.2,4.0,0.21,4.21,6.38,6.13,0.029,1.0,4.21,,0.0,0
2026-10-05 01:46:37Z,DET,in,0.492,Q2 0:28,-3.0,8250,Tay Martin,WR,0.8,0.0,0.37,0.37,0.36,0.41,0.492,1.0,0.37,,0.0,0
2026-10-05 01:46:37Z,DET,in,0.492,Q2 0:28,-3.0,4179,Joshua Dobbs,QB,0.6,0.0,0.28,0.28,0.27,0.3,0.492,0.3,0.08,,0.0,0
2026-10-05 01:46:37Z,DET,in,0.492,Q2 0:28,-3.0,9221,Jahmyr Gibbs,RB,25.7,12.4,12.79,25.19,25.42,25.45,0.029,1.0,25.19,,0.0,0
2026-10-05 01:46:37Z,DET,in,0.492,Q2 0:28,-3.0,3163,Jared Goff,QB,18.3,4.16,9.02,13.18,12.84,13.45,0.043,1.0,13.18,,0.0,0
2026-10-05 01:46:37Z,DET,in,0.492,Q2 0:28,-3.0,8148,Jameson Williams,WR,12.7,5.5,6.36,11.86,11.85,11.95,0.043,1.0,11.86,,0.0,0
2026-10-05 01:46:37Z,DET,in,0.492,Q2 0:28,-3.0,7891,Brock Wright,TE,1.5,0.0,0.7,0.7,0.67,0.76,0.492,1.0,0.7,,0.0,0
2026-10-05 01:46:37Z,DET,in,0.492,Q2 0:28,-3.0,7547,Amon-Ra St. Brown,WR,20.0,6.7,9.86,16.56,16.46,16.86,0.052,1.0,16.56,,0.0,0
2026-10-05 01:46:37Z,CAR,in,0.492,Q2 0:28,3.0,12526,Tetairoa McMillan,WR,16.4,29.7,9.3,39.0,40.77,38.03,0.004,1.0,39.0,,0.0,0
2026-10-05 01:46:37Z,CAR,in,0.492,Q2 0:28,3.0,11646,Jalen Coker,WR,8.5,0.0,3.55,3.55,3.78,4.32,0.492,1.0,3.55,,0.0,0
2026-10-05 01:46:37Z,DET,in,0.492,Q2 0:28,-3.0,DET,Detroit Lions D/ST,DST,5.7,3.0,0.45,3.45,5.92,5.89,0.0,1.0,3.45,,0.0,0
2026-10-05 01:46:37Z,DET,in,0.492,Q2 0:28,-3.0,11729,Sione Vaki,RB,2.6,2.7,1.54,4.24,4.2,4.02,0.115,1.0,4.24,,0.0,0
2026-10-05 01:46:37Z,CAR,in,0.492,Q2 0:28,3.0,11600,Ja'Tavion Sanders,TE,2.7,0.0,1.13,1.13,1.2,1.37,0.492,1.0,1.13,,0.0,0
2026-10-05 01:46:37Z,CAR,in,0.492,Q2 0:28,3.0,7594,Chuba Hubbard,RB,16.6,10.3,8.41,18.71,19.0,18.73,0.004,1.0,18.71,,0.0,0
2026-10-05 01:46:37Z,DET,in,0.492,Q2 0:28,-3.0,11539,Jake Bates,K,9.5,10.0,5.5,15.5,15.5,14.82,0.029,1.0,15.5,,0.0,0
2026-10-05 01:46:37Z,CAR,in,0.492,Q2 0:28,3.0,2505,Darren Waller,TE,8.8,0.0,3.68,3.68,3.92,4.47,0.492,1.0,3.68,,0.0,0
2026-10-05 01:47:38Z,CAR,in,0.492,Q2 0:28,3.0,11157,Brycen Tremayne,WR,5.6,0.0,2.34,2.34,2.49,2.84,0.492,1.0,2.34,,0.0,0
2026-10-05 01:47:38Z,CAR,in,0.492,Q2 0:28,3.0,12961,Ryan Fitzgerald,K,7.3,4.0,3.76,7.76,7.76,7.71,0.0,1.0,7.76,,0.0,0
2026-10-05 01:47:38Z,DET,in,0.492,Q2 0:28,-3.0,12535,Isaac TeSlaa,WR,5.3,0.0,2.47,2.47,2.36,2.69,0.492,1.0,2.47,,0.0,0
2026-10-05 01:47:38Z,DET,in,0.492,Q2 0:28,-3.0,10859,Sam LaPorta,TE,13.0,4.6,6.43,11.03,10.97,11.2,0.232,1.0,11.03,,0.0,0
2026-10-05 01:47:38Z,DET,in,0.492,Q2 0:28,-3.0,11237,Jacob Saylors,RB,1.7,0.0,0.71,0.71,0.76,0.86,0.492,1.0,0.71,,0.0,0
2026-10-05 01:47:38Z,CAR,in,0.492,Q2 0:28,3.0,9228,Bryce Young,QB,19.4,11.82,9.49,21.31,21.96,21.67,0.004,1.0,21.31,,0.0,0
2026-10-05 01:47:38Z,CAR,in,0.492,Q2 0:28,3.0,7694,Tommy Tremble,TE,3.8,3.9,1.91,5.81,6.09,5.83,0.14,1.0,5.81,,0.0,0
2026-10-05 01:47:38Z,CAR,in,0.492,Q2 0:28,3.0,8160,Kenny Pickett,QB,0.6,0.0,0.24,0.24,0.27,0.3,0.492,0.3,0.07,,0.0,0
2026-10-05 01:47:38Z,CAR,in,0.492,Q2 0:28,3.0,CAR,Carolina Panthers D/ST,DST,4.2,4.0,0.21,4.21,6.38,6.13,0.029,1.0,4.21,,0.0,0
2026-10-05 01:47:38Z,DET,in,0.492,Q2 0:28,-3.0,8250,Tay Martin,WR,0.8,0.0,0.37,0.37,0.36,0.41,0.492,1.0,0.37,,0.0,0
2026-10-05 01:47:38Z,DET,in,0.492,Q2 0:28,-3.0,4179,Joshua Dobbs,QB,0.6,0.0,0.28,0.28,0.27,0.3,0.492,0.3,0.08,,0.0,0
2026-10-05 01:47:38Z,DET,in,0.492,Q2 0:28,-3.0,9221,Jahmyr Gibbs,RB,25.7,12.4,12.79,25.19,25.42,25.45,0.029,1.0,25.19,,0.0,0
2026-10-05 01:47:38Z,DET,in,0.492,Q2 0:28,-3.0,3163,Jared Goff,QB,18.3,4.16,9.02,13.18,12.84,13.45,0.043,1.0,13.18,,0.0,0
2026-10-05 01:47:38Z,DET,in,0.492,Q2 0:28,-3.0,8148,Jameson Williams,WR,12.7,5.5,6.36,11.86,11.85,11.95,0.043,1.0,11.86,,0.0,0
2026-10-05 01:47:38Z,DET,in,0.492,Q2 0:28,-3.0,7891,Brock Wright,TE,1.5,0.0,0.7,0.7,0.67,0.76,0.492,1.0,0.7,,0.0,0
2026-10-05 01:47:38Z,DET,in,0.492,Q2 0:28,-3.0,7547,Amon-Ra St. Brown,WR,20.0,6.7,9.86,16.56,16.46,16.86,0.052,1.0,16.56,,0.0,0
2026-10-05 01:47:38Z,CAR,in,0.492,Q2 0:28,3.0,12526,Tetairoa McMillan,WR,16.4,29.7,9.3,39.0,40.77,38.03,0.004,1.0,39.0,,0.0,0
2026-10-05 01:47:38Z,CAR,in,0.492,Q2 0:28,3.0,11646,Jalen Coker,WR,8.5,0.0,3.55,3.55,3.78,4.32,0.492,1.0,3.55,,0.0,0
2026-10-05 01:47:38Z,DET,in,0.492,Q2 0:28,-3.0,DET,Detroit Lions D/ST,DST,5.7,3.0,0.45,3.45,5.92,5.89,0.0,1.0,3.45,,0.0,0
2026-10-05 01:47:38Z,DET,in,0.492,Q2 0:28,-3.0,11729,Sione Vaki,RB,2.6,2.7,1.54,4.24,4.2,4.02,0.115,1.0,4.24,,0.0,0
2026-10-05 01:47:38Z,CAR,in,0.492,Q2 0:28,3.0,11600,Ja'Tavion Sanders,TE,2.7,0.0,1.13,1.13,1.2,1.37,0.492,1.0,1.13,,0.0,0
2026-10-05 01:47:38Z,CAR,in,0.492,Q2 0:28,3.0,7594,Chuba Hubbard,RB,16.6,10.3,8.41,18.71,19.0,18.73,0.004,1.0,18.71,,0.0,0
2026-10-05 01:47:38Z,DET,in,0.492,Q2 0:28,-3.0,11539,Jake Bates,K,9.5,10.0,5.5,15.5,15.5,14.82,0.029,1.0,15.5,,0.0,0
2026-10-05 01:47:38Z,CAR,in,0.492,Q2 0:28,3.0,2505,Darren Waller,TE,8.8,0.0,3.68,3.68,3.92,4.47,0.492,1.0,3.68,,0.0,0
2026-10-05 01:48:38Z,CAR,in,0.497,Q2 0:11,3.0,11157,Brycen Tremayne,WR,5.6,0.0,2.3,2.3,2.47,2.82,0.497,1.0,2.3,,0.0,0
2026-10-05 01:48:38Z,CAR,in,0.497,Q2 0:11,3.0,12961,Ryan Fitzgerald,K,7.3,4.0,3.72,7.72,7.72,7.67,0.005,1.0,7.72,,0.0,0
2026-10-05 01:48:38Z,DET,in,0.497,Q2 0:11,-3.0,12535,Isaac TeSlaa,WR,5.3,0.0,2.43,2.43,2.33,2.67,0.497,1.0,2.43,,0.0,0
2026-10-05 01:48:38Z,DET,in,0.497,Q2 0:11,-3.0,10859,Sam LaPorta,TE,13.0,4.6,6.34,10.94,10.91,11.14,0.237,1.0,10.94,,0.0,0
2026-10-05 01:48:38Z,DET,in,0.497,Q2 0:11,-3.0,11237,Jacob Saylors,RB,1.7,0.0,0.7,0.7,0.75,0.86,0.497,1.0,0.7,,0.0,0
2026-10-05 01:48:38Z,CAR,in,0.497,Q2 0:11,3.0,9228,Bryce Young,QB,19.4,11.82,9.34,21.16,21.85,21.58,0.008,1.0,21.16,,0.0,0
2026-10-05 01:48:38Z,CAR,in,0.497,Q2 0:11,3.0,7694,Tommy Tremble,TE,3.8,3.9,1.88,5.78,6.06,5.81,0.145,1.0,5.78,,0.0,0
2026-10-05 01:48:38Z,CAR,in,0.497,Q2 0:11,3.0,8160,Kenny Pickett,QB,0.6,0.0,0.24,0.24,0.26,0.3,0.497,0.3,0.07,,0.0,0
2026-10-05 01:48:38Z,CAR,in,0.497,Q2 0:11,3.0,CAR,Carolina Panthers D/ST,DST,4.2,4.0,0.2,4.2,6.35,6.11,0.034,1.0,4.2,,0.0,0
2026-10-05 01:48:38Z,DET,in,0.497,Q2 0:11,-3.0,8250,Tay Martin,WR,0.8,0.0,0.37,0.37,0.35,0.4,0.497,1.0,0.37,,0.0,0
2026-10-05 01:48:38Z,DET,in,0.497,Q2 0:11,-3.0,4179,Joshua Dobbs,QB,0.6,0.0,0.27,0.27,0.26,0.3,0.497,0.3,0.08,,0.0,0
2026-10-05 01:48:38Z,DET,in,0.497,Q2 0:11,-3.0,9221,Jahmyr Gibbs,RB,25.7,12.4,12.62,25.02,25.28,25.33,0.034,1.0,25.02,,0.0,0
2026-10-05 01:48:38Z,DET,in,0.497,Q2 0:11,-3.0,3163,Jared Goff,QB,18.3,4.16,8.88,13.04,12.75,13.37,0.048,1.0,13.04,,0.0,0
2026-10-05 01:48:38Z,DET,in,0.497,Q2 0:11,-3.0,8148,Jameson Williams,WR,12.7,5.5,6.27,11.77,11.79,11.89,0.048,1.0,11.77,,0.0,0
2026-10-05 01:48:38Z,DET,in,0.497,Q2 0:11,-3.0,7891,Brock Wright,TE,1.5,0.0,0.69,0.69,0.66,0.75,0.497,1.0,0.69,,0.0,0
2026-10-05 01:48:38Z,DET,in,0.497,Q2 0:11,-3.0,7547,Amon-Ra St. Brown,WR,20.0,6.7,9.72,16.42,16.35,16.76,0.057,1.0,16.42,,0.0,0
2026-10-05 01:48:38Z,CAR,in,0.497,Q2 0:11,3.0,12526,Tetairoa McMillan,WR,16.4,29.7,9.17,38.87,40.66,37.95,0.008,1.0,38.87,,0.0,0
2026-10-05 01:48:38Z,CAR,in,0.497,Q2 0:11,3.0,11646,Jalen Coker,WR,8.5,0.0,3.5,3.5,3.74,4.28,0.497,1.0,3.5,,0.0,0
2026-10-05 01:48:38Z,DET,in,0.497,Q2 0:11,-3.0,DET,Detroit Lions D/ST,DST,5.7,3.0,0.44,3.44,5.89,5.87,0.005,1.0,3.44,,0.0,0
2026-10-05 01:48:38Z,DET,in,0.497,Q2 0:11,-3.0,11729,Sione Vaki,RB,2.6,2.7,1.52,4.22,4.19,4.01,0.119,1.0,4.22,,0.0,0
2026-10-05 01:48:38Z,CAR,in,0.497,Q2 0:11,3.0,11600,Ja'Tavion Sanders,TE,2.7,0.0,1.11,1.11,1.19,1.36,0.497,1.0,1.11,,0.0,0
2026-10-05 01:48:38Z,CAR,in,0.497,Q2 0:11,3.0,7594,Chuba Hubbard,RB,16.6,10.3,8.3,18.6,18.91,18.65,0.008,1.0,18.6,,0.0,0
2026-10-05 01:48:38Z,DET,in,0.497,Q2 0:11,-3.0,11539,Jake Bates,K,9.5,10.0,5.44,15.44,15.44,14.78,0.034,1.0,15.44,,0.0,0
2026-10-05 01:48:38Z,CAR,in,0.497,Q2 0:11,3.0,2505,Darren Waller,TE,8.8,0.0,3.62,3.62,3.88,4.43,0.497,1.0,3.62,,0.0,0
2026-10-05 01:49:38Z,CAR,in,0.496,Q2 0:15,3.0,11157,Brycen Tremayne,WR,5.6,0.0,2.31,2.31,2.47,2.82,0.496,1.0,2.31,,0.0,0
2026-10-05 01:49:38Z,CAR,in,0.496,Q2 0:15,3.0,12961,Ryan Fitzgerald,K,7.3,4.0,3.73,7.73,7.73,7.68,0.004,1.0,7.73,,0.0,0
2026-10-05 01:49:38Z,DET,in,0.496,Q2 0:15,-3.0,12535,Isaac TeSlaa,WR,5.3,0.0,2.44,2.44,2.34,2.67,0.496,1.0,2.44,,0.0,0
2026-10-05 01:49:38Z,DET,in,0.496,Q2 0:15,-3.0,10859,Sam LaPorta,TE,13.0,4.6,6.36,10.96,10.92,11.15,0.236,1.0,10.96,,0.0,0
2026-10-05 01:49:38Z,DET,in,0.496,Q2 0:15,-3.0,11237,Jacob Saylors,RB,1.7,0.0,0.7,0.7,0.75,0.86,0.496,1.0,0.7,,0.0,0
2026-10-05 01:49:38Z,CAR,in,0.496,Q2 0:15,3.0,9228,Bryce Young,QB,19.4,11.82,9.37,21.19,21.88,21.6,0.007,1.0,21.19,,0.0,0
2026-10-05 01:49:38Z,CAR,in,0.496,Q2 0:15,3.0,7694,Tommy Tremble,TE,3.8,3.9,1.89,5.79,6.07,5.82,0.144,1.0,5.79,,0.0,0
2026-10-05 01:49:38Z,CAR,in,0.496,Q2 0:15,3.0,8160,Kenny Pickett,QB,0.6,0.0,0.24,0.24,0.27,0.3,0.496,0.3,0.07,,0.0,0
2026-10-05 01:49:38Z,CAR,in,0.496,Q2 0:15,3.0,CAR,Carolina Panthers D/ST,DST,4.2,4.0,0.2,4.2,6.36,6.12,0.033,1.0,4.2,,0.0,0
2026-10-05 01:49:38Z,DET,in,0.496,Q2 0:15,-3.0,8250,Tay Martin,WR,0.8,0.0,0.37,0.37,0.35,0.4,0.496,1.0,0.37,,0.0,0
2026-10-05 01:49:38Z,DET,in,0.496,Q2 0:15,-3.0,4179,Joshua Dobbs,QB,0.6,0.0,0.27,0.27,0.27,0.3,0.496,0.3,0.08,,0.0,0
2026-10-05 01:49:38Z,DET,in,0.496,Q2 0:15,-3.0,9221,Jahmyr Gibbs,RB,25.7,12.4,12.66,25.06,25.31,25.36,0.033,1.0,25.06,,0.0,0
2026-10-05 01:49:38Z,DET,in,0.496,Q2 0:15,-3.0,3163,Jared Goff,QB,18.3,6.08,9.19,15.27,14.93,15.31,0.0,1.0,15.27,,0.0,0
2026-10-05 01:49:38Z,DET,in,0.496,Q2 0:15,-3.0,8148,Jameson Williams,WR,12.7,11.3,6.77,18.07,18.33,17.7,0.0,1.0,18.07,,0.0,0
2026-10-05 01:49:38Z,DET,in,0.496,Q2 0:15,-3.0,7891,Brock Wright,TE,1.5,0.0,0.69,0.69,0.66,0.76,0.496,1.0,0.69,,0.0,0
2026-10-05 01:49:38Z,DET,in,0.496,Q2 0:15,-3.0,7547,Amon-Ra St. Brown,WR,20.0,6.7,9.75,16.45,16.38,16.78,0.056,1.0,16.45,,0.0,0
2026-10-05 01:49:38Z,CAR,in,0.496,Q2 0:15,3.0,12526,Tetairoa McMillan,WR,16.4,29.7,9.2,38.9,40.69,37.97,0.007,1.0,38.9,,0.0,0
2026-10-05 01:49:38Z,CAR,in,0.496,Q2 0:15,3.0,11646,Jalen Coker,WR,8.5,0.0,3.51,3.51,3.75,4.29,0.496,1.0,3.51,,0.0,0
2026-10-05 01:49:38Z,DET,in,0.496,Q2 0:15,-3.0,DET,Detroit Lions D/ST,DST,5.7,3.0,0.44,3.44,5.9,5.87,0.004,1.0,3.44,,0.0,0
2026-10-05 01:49:38Z,DET,in,0.496,Q2 0:15,-3.0,11729,Sione Vaki,RB,2.6,2.7,1.52,4.22,4.19,4.01,0.118,1.0,4.22,,0.0,0
2026-10-05 01:49:38Z,CAR,in,0.496,Q2 0:15,3.0,11600,Ja'Tavion Sanders,TE,2.7,0.0,1.12,1.12,1.19,1.36,0.496,1.0,1.12,,0.0,0
2026-10-05 01:49:38Z,CAR,in,0.496,Q2 0:15,3.0,7594,Chuba Hubbard,RB,16.6,10.3,8.32,18.62,18.93,18.67,0.007,1.0,18.62,,0.0,0
2026-10-05 01:49:38Z,DET,in,0.496,Q2 0:15,-3.0,11539,Jake Bates,K,9.5,10.0,5.46,15.46,15.46,14.79,0.033,1.0,15.46,,0.0,0
2026-10-05 01:49:38Z,CAR,in,0.496,Q2 0:15,3.0,2505,Darren Waller,TE,8.8,0.0,3.63,3.63,3.89,4.44,0.496,1.0,3.63,,0.0,0
2026-10-05 01:50:39Z,CAR,in,0.496,Q2 0:15,3.0,11157,Brycen Tremayne,WR,5.6,0.0,2.31,2.31,2.47,2.82,0.496,1.0,2.31,,0.0,0
2026-10-05 01:50:39Z,CAR,in,0.496,Q2 0:15,3.0,12961,Ryan Fitzgerald,K,7.3,4.0,3.73,7.73,7.73,7.68,0.004,1.0,7.73,,0.0,0
2026-10-05 01:50:39Z,DET,in,0.496,Q2 0:15,-3.0,12535,Isaac TeSlaa,WR,5.3,0.0,2.44,2.44,2.34,2.67,0.496,1.0,2.44,,0.0,0
2026-10-05 01:50:39Z,DET,in,0.496,Q2 0:15,-3.0,10859,Sam LaPorta,TE,13.0,4.6,6.36,10.96,10.92,11.15,0.236,1.0,10.96,,0.0,0
2026-10-05 01:50:39Z,DET,in,0.496,Q2 0:15,-3.0,11237,Jacob Saylors,RB,1.7,0.0,0.7,0.7,0.75,0.86,0.496,1.0,0.7,,0.0,0
2026-10-05 01:50:39Z,CAR,in,0.496,Q2 0:15,3.0,9228,Bryce Young,QB,19.4,11.82,9.37,21.19,21.88,21.6,0.007,1.0,21.19,,0.0,0
2026-10-05 01:50:39Z,CAR,in,0.496,Q2 0:15,3.0,7694,Tommy Tremble,TE,3.8,3.9,1.89,5.79,6.07,5.82,0.144,1.0,5.79,,0.0,0
2026-10-05 01:50:39Z,CAR,in,0.496,Q2 0:15,3.0,8160,Kenny Pickett,QB,0.6,0.0,0.24,0.24,0.27,0.3,0.496,0.3,0.07,,0.0,0
2026-10-05 01:50:39Z,CAR,in,0.496,Q2 0:15,3.0,CAR,Carolina Panthers D/ST,DST,4.2,4.0,0.2,4.2,6.36,6.12,0.033,1.0,4.2,,0.0,0
2026-10-05 01:50:39Z,DET,in,0.496,Q2 0:15,-3.0,8250,Tay Martin,WR,0.8,0.0,0.37,0.37,0.35,0.4,0.496,1.0,0.37,,0.0,0
2026-10-05 01:50:39Z,DET,in,0.496,Q2 0:15,-3.0,4179,Joshua Dobbs,QB,0.6,0.0,0.27,0.27,0.27,0.3,0.496,0.3,0.08,,0.0,0
2026-10-05 01:50:39Z,DET,in,0.496,Q2 0:15,-3.0,9221,Jahmyr Gibbs,RB,25.7,12.4,12.66,25.06,25.31,25.36,0.033,1.0,25.06,,0.0,0
2026-10-05 01:50:39Z,DET,in,0.496,Q2 0:15,-3.0,3163,Jared Goff,QB,18.3,6.12,9.2,15.32,14.97,15.35,0.0,1.0,15.32,,0.0,0
2026-10-05 01:50:39Z,DET,in,0.496,Q2 0:15,-3.0,8148,Jameson Williams,WR,12.7,11.4,6.78,18.18,18.45,17.8,0.0,1.0,18.18,,0.0,0
2026-10-05 01:50:39Z,DET,in,0.496,Q2 0:15,-3.0,7891,Brock Wright,TE,1.5,0.0,0.69,0.69,0.66,0.76,0.496,1.0,0.69,,0.0,0
2026-10-05 01:50:39Z,DET,in,0.496,Q2 0:15,-3.0,7547,Amon-Ra St. Brown,WR,20.0,6.7,9.75,16.45,16.38,16.78,0.056,1.0,16.45,,0.0,0
2026-10-05 01:50:39Z,CAR,in,0.496,Q2 0:15,3.0,12526,Tetairoa McMillan,WR,16.4,29.7,9.2,38.9,40.69,37.97,0.007,1.0,38.9,,0.0,0
2026-10-05 01:50:39Z,CAR,in,0.496,Q2 0:15,3.0,11646,Jalen Coker,WR,8.5,0.0,3.51,3.51,3.75,4.29,0.496,1.0,3.51,,0.0,0
2026-10-05 01:50:39Z,DET,in,0.496,Q2 0:15,-3.0,DET,Detroit Lions D/ST,DST,5.7,3.0,0.44,3.44,5.9,5.87,0.004,1.0,3.44,,0.0,0
2026-10-05 01:50:39Z,DET,in,0.496,Q2 0:15,-3.0,11729,Sione Vaki,RB,2.6,2.7,1.52,4.22,4.19,4.01,0.118,1.0,4.22,,0.0,0
2026-10-05 01:50:39Z,CAR,in,0.496,Q2 0:15,3.0,11600,Ja'Tavion Sanders,TE,2.7,0.0,1.12,1.12,1.19,1.36,0.496,1.0,1.12,,0.0,0
2026-10-05 01:50:39Z,CAR,in,0.496,Q2 0:15,3.0,7594,Chuba Hubbard,RB,16.6,10.3,8.32,18.62,18.93,18.67,0.007,1.0,18.62,,0.0,0
2026-10-05 01:50:39Z,DET,in,0.496,Q2 0:15,-3.0,11539,Jake Bates,K,9.5,10.0,5.46,15.46,15.46,14.79,0.033,1.0,15.46,,0.0,0
2026-10-05 01:50:39Z,CAR,in,0.496,Q2 0:15,3.0,2505,Darren Waller,TE,8.8,0.0,3.63,3.63,3.89,4.44,0.496,1.0,3.63,,0.0,0
2026-10-05 01:51:39Z,CAR,in,0.497,Q2 0:10,3.0,11157,Brycen Tremayne,WR,5.6,0.0,2.3,2.3,2.47,2.82,0.497,1.0,2.3,,0.0,0
2026-10-05 01:51:39Z,CAR,in,0.497,Q2 0:10,3.0,12961,Ryan Fitzgerald,K,7.3,4.0,3.72,7.72,7.72,7.67,0.005,1.0,7.72,,0.0,0
2026-10-05 01:51:39Z,DET,in,0.497,Q2 0:10,-3.0,12535,Isaac TeSlaa,WR,5.3,0.0,2.43,2.43,2.33,2.66,0.497,1.0,2.43,,0.0,0
2026-10-05 01:51:39Z,DET,in,0.497,Q2 0:10,-3.0,10859,Sam LaPorta,TE,13.0,4.6,6.33,10.93,10.9,11.14,0.237,1.0,10.93,,0.0,0
2026-10-05 01:51:39Z,DET,in,0.497,Q2 0:10,-3.0,11237,Jacob Saylors,RB,1.7,0.0,0.7,0.7,0.75,0.85,0.497,1.0,0.7,,0.0,0
2026-10-05 01:51:39Z,CAR,in,0.497,Q2 0:10,3.0,9228,Bryce Young,QB,19.4,11.82,9.33,21.15,21.85,21.57,0.009,1.0,21.15,,0.0,0
2026-10-05 01:51:39Z,CAR,in,0.497,Q2 0:10,3.0,7694,Tommy Tremble,TE,3.8,3.9,1.88,5.78,6.06,5.81,0.145,1.0,5.78,,0.0,0
2026-10-05 01:51:39Z,CAR,in,0.497,Q2 0:10,3.0,8160,Kenny Pickett,QB,0.6,0.0,0.24,0.24,0.26,0.3,0.497,0.3,0.07,,0.0,0
2026-10-05 01:51:39Z,CAR,in,0.497,Q2 0:10,3.0,CAR,Carolina Panthers D/ST,DST,4.2,4.0,0.2,4.2,6.35,6.11,0.034,1.0,4.2,,0.0,0
2026-10-05 01:51:39Z,DET,in,0.497,Q2 0:10,-3.0,8250,Tay Martin,WR,0.8,0.0,0.37,0.37,0.35,0.4,0.497,1.0,0.37,,0.0,0
2026-10-05 01:51:39Z,DET,in,0.497,Q2 0:10,-3.0,4179,Joshua Dobbs,QB,0.6,0.0,0.27,0.27,0.26,0.3,0.497,0.3,0.08,,0.0,0
2026-10-05 01:51:39Z,DET,in,0.497,Q2 0:10,-3.0,9221,Jahmyr Gibbs,RB,25.7,12.4,12.61,25.01,25.27,25.32,0.034,1.0,25.01,,0.0,0
2026-10-05 01:51:39Z,DET,in,0.497,Q2 0:10,-3.0,3163,Jared Goff,QB,18.3,6.12,9.16,15.28,14.95,15.32,0.001,1.0,15.28,,0.0,0
2026-10-05 01:51:39Z,DET,in,0.497,Q2 0:10,-3.0,8148,Jameson Williams,WR,12.7,11.4,6.75,18.15,18.42,17.79,0.001,1.0,18.15,,0.0,0
2026-10-05 01:51:39Z,DET,in,0.497,Q2 0:10,-3.0,7891,Brock Wright,TE,1.5,0.0,0.69,0.69,0.66,0.75,0.497,1.0,0.69,,0.0,0
2026-10-05 01:51:39Z,DET,in,0.497,Q2 0:10,-3.0,7547,Amon-Ra St. Brown,WR,20.0,6.7,9.71,16.41,16.35,16.76,0.057,1.0,16.41,,0.0,0
2026-10-05 01:51:39Z,CAR,in,0.497,Q2 0:10,3.0,12526,Tetairoa McMillan,WR,16.4,29.7,9.16,38.86,40.65,37.95,0.009,1.0,38.86,,0.0,0
2026-10-05 01:51:39Z,CAR,in,0.497,Q2 0:10,3.0,11646,Jalen Coker,WR,8.5,0.0,3.49,3.49,3.74,4.27,0.497,1.0,3.49,,0.0,0
2026-10-05 01:51:39Z,DET,in,0.497,Q2 0:10,-3.0,DET,Detroit Lions D/ST,DST,5.7,3.0,0.44,3.44,5.89,5.87,0.005,1.0,3.44,,0.0,0
2026-10-05 01:51:39Z,DET,in,0.497,Q2 0:10,-3.0,11729,Sione Vaki,RB,2.6,2.7,1.52,4.22,4.18,4.01,0.12,1.0,4.22,,0.0,0
2026-10-05 01:51:39Z,CAR,in,0.497,Q2 0:10,3.0,11600,Ja'Tavion Sanders,TE,2.7,0.0,1.11,1.11,1.19,1.36,0.497,1.0,1.11,,0.0,0
2026-10-05 01:51:39Z,CAR,in,0.497,Q2 0:10,3.0,7594,Chuba Hubbard,RB,16.6,10.3,8.29,18.59,18.9,18.65,0.009,1.0,18.59,,0.0,0
2026-10-05 01:51:39Z,DET,in,0.497,Q2 0:10,-3.0,11539,Jake Bates,K,9.5,10.0,5.44,15.44,15.44,14.78,0.034,1.0,15.44,,0.0,0
2026-10-05 01:51:39Z,CAR,in,0.497,Q2 0:10,3.0,2505,Darren Waller,TE,8.8,0.0,3.62,3.62,3.87,4.42,0.497,1.0,3.62,,0.0,0
2026-10-05 01:52:40Z,CAR,in,0.497,Q2 0:10,3.0,11157,Brycen Tremayne,WR,5.6,0.0,2.3,2.3,2.47,2.82,0.497,1.0,2.3,,0.0,0
2026-10-05 01:52:40Z,CAR,in,0.497,Q2 0:10,3.0,12961,Ryan Fitzgerald,K,7.3,4.0,3.72,7.72,7.72,7.67,0.005,1.0,7.72,,0.0,0
2026-10-05 01:52:40Z,DET,in,0.497,Q2 0:10,-3.0,12535,Isaac TeSlaa,WR,5.3,0.0,2.43,2.43,2.33,2.66,0.497,1.0,2.43,,0.0,0
2026-10-05 01:52:40Z,DET,in,0.497,Q2 0:10,-3.0,10859,Sam LaPorta,TE,13.0,4.6,6.33,10.93,10.9,11.14,0.237,1.0,10.93,,0.0,0
2026-10-05 01:52:40Z,DET,in,0.497,Q2 0:10,-3.0,11237,Jacob Saylors,RB,1.7,0.0,0.7,0.7,0.75,0.85,0.497,1.0,0.7,,0.0,0
2026-10-05 01:52:40Z,CAR,in,0.497,Q2 0:10,3.0,9228,Bryce Young,QB,19.4,11.82,9.33,21.15,21.85,21.57,0.009,1.0,21.15,,0.0,0
2026-10-05 01:52:40Z,CAR,in,0.497,Q2 0:10,3.0,7694,Tommy Tremble,TE,3.8,3.9,1.88,5.78,6.06,5.81,0.145,1.0,5.78,,0.0,0
2026-10-05 01:52:40Z,CAR,in,0.497,Q2 0:10,3.0,8160,Kenny Pickett,QB,0.6,0.0,0.24,0.24,0.26,0.3,0.497,0.3,0.07,,0.0,0
2026-10-05 01:52:40Z,CAR,in,0.497,Q2 0:10,3.0,CAR,Carolina Panthers D/ST,DST,4.2,4.0,0.2,4.2,6.35,6.11,0.034,1.0,4.2,,0.0,0
2026-10-05 01:52:40Z,DET,in,0.497,Q2 0:10,-3.0,8250,Tay Martin,WR,0.8,0.0,0.37,0.37,0.35,0.4,0.497,1.0,0.37,,0.0,0
2026-10-05 01:52:40Z,DET,in,0.497,Q2 0:10,-3.0,4179,Joshua Dobbs,QB,0.6,0.0,0.27,0.27,0.26,0.3,0.497,0.3,0.08,,0.0,0
2026-10-05 01:52:40Z,DET,in,0.497,Q2 0:10,-3.0,9221,Jahmyr Gibbs,RB,25.7,12.4,12.61,25.01,25.27,25.32,0.034,1.0,25.01,,0.0,0
2026-10-05 01:52:40Z,DET,in,0.497,Q2 0:10,-3.0,3163,Jared Goff,QB,18.3,6.12,9.16,15.28,14.95,15.32,0.001,1.0,15.28,,0.0,0
2026-10-05 01:52:40Z,DET,in,0.497,Q2 0:10,-3.0,8148,Jameson Williams,WR,12.7,11.4,6.75,18.15,18.42,17.79,0.001,1.0,18.15,,0.0,0
2026-10-05 01:52:40Z,DET,in,0.497,Q2 0:10,-3.0,7891,Brock Wright,TE,1.5,0.0,0.69,0.69,0.66,0.75,0.497,1.0,0.69,,0.0,0
2026-10-05 01:52:40Z,DET,in,0.497,Q2 0:10,-3.0,7547,Amon-Ra St. Brown,WR,20.0,6.7,9.71,16.41,16.35,16.76,0.057,1.0,16.41,,0.0,0
2026-10-05 01:52:40Z,CAR,in,0.497,Q2 0:10,3.0,12526,Tetairoa McMillan,WR,16.4,29.7,9.16,38.86,40.65,37.95,0.009,1.0,38.86,,0.0,0
2026-10-05 01:52:40Z,CAR,in,0.497,Q2 0:10,3.0,11646,Jalen Coker,WR,8.5,0.0,3.49,3.49,3.74,4.27,0.497,1.0,3.49,,0.0,0
2026-10-05 01:52:40Z,DET,in,0.497,Q2 0:10,-3.0,DET,Detroit Lions D/ST,DST,5.7,3.0,0.44,3.44,5.89,5.87,0.005,1.0,3.44,,0.0,0
2026-10-05 01:52:40Z,DET,in,0.497,Q2 0:10,-3.0,11729,Sione Vaki,RB,2.6,2.7,1.52,4.22,4.18,4.01,0.12,1.0,4.22,,0.0,0
2026-10-05 01:52:40Z,CAR,in,0.497,Q2 0:10,3.0,11600,Ja'Tavion Sanders,TE,2.7,0.0,1.11,1.11,1.19,1.36,0.497,1.0,1.11,,0.0,0
2026-10-05 01:52:40Z,CAR,in,0.497,Q2 0:10,3.0,7594,Chuba Hubbard,RB,16.6,10.3,8.29,18.59,18.9,18.65,0.009,1.0,18.59,,0.0,0
2026-10-05 01:52:40Z,DET,in,0.497,Q2 0:10,-3.0,11539,Jake Bates,K,9.5,10.0,5.44,15.44,15.44,14.78,0.034,1.0,15.44,,0.0,0
2026-10-05 01:52:40Z,CAR,in,0.497,Q2 0:10,3.0,2505,Darren Waller,TE,8.8,0.0,3.62,3.62,3.87,4.42,0.497,1.0,3.62,,0.0,0
2026-10-05 01:53:40Z,CAR,in,0.5,HALF,0.0,11157,Brycen Tremayne,WR,5.6,0.0,2.41,2.41,2.45,2.8,0.5,1.0,2.41,,0.0,0
2026-10-05 01:53:40Z,CAR,in,0.5,HALF,0.0,12961,Ryan Fitzgerald,K,7.3,4.0,3.69,7.69,7.69,7.65,0.008,1.0,7.69,,0.0,0
2026-10-05 01:53:40Z,DET,in,0.5,HALF,0.0,12535,Isaac TeSlaa,WR,5.3,0.0,2.28,2.28,2.32,2.65,0.5,1.0,2.28,,0.0,0
2026-10-05 01:53:40Z,DET,in,0.5,HALF,0.0,10859,Sam LaPorta,TE,13.0,4.6,5.97,10.57,10.86,11.1,0.24,1.0,10.57,,0.0,0
2026-10-05 01:53:40Z,DET,in,0.5,HALF,0.0,11237,Jacob Saylors,RB,1.7,0.0,0.68,0.68,0.74,0.85,0.5,1.0,0.68,,0.0,0
2026-10-05 01:53:40Z,CAR,in,0.5,HALF,0.0,9228,Bryce Young,QB,19.4,11.82,9.82,21.64,21.79,21.52,0.011,1.0,21.64,,0.0,0
2026-10-05 01:53:40Z,CAR,in,0.5,HALF,0.0,7694,Tommy Tremble,TE,3.8,3.9,1.95,5.85,6.05,5.8,0.148,1.0,5.85,,0.0,0
2026-10-05 01:53:40Z,CAR,in,0.5,HALF,0.0,8160,Kenny Pickett,QB,0.6,0.0,0.25,0.25,0.26,0.3,0.5,0.3,0.08,,0.0,0
2026-10-05 01:53:40Z,CAR,in,0.5,HALF,0.0,CAR,Carolina Panthers D/ST,DST,4.2,1.0,0.66,1.66,2.96,3.1,0.0,1.0,1.66,,0.0,0
2026-10-05 01:53:40Z,DET,in,0.5,HALF,0.0,8250,Tay Martin,WR,0.8,0.0,0.34,0.34,0.35,0.4,0.5,1.0,0.34,,0.0,0
2026-10-05 01:53:40Z,DET,in,0.5,HALF,0.0,4179,Joshua Dobbs,QB,0.6,0.0,0.25,0.25,0.26,0.3,0.5,0.3,0.08,,0.0,0
2026-10-05 01:53:40Z,DET,in,0.5,HALF,0.0,9221,Jahmyr Gibbs,RB,25.7,12.4,12.32,24.72,25.19,25.25,0.037,1.0,24.72,,0.0,0
2026-10-05 01:53:40Z,DET,in,0.5,HALF,0.0,3163,Jared Goff,QB,18.3,6.12,8.53,14.65,14.89,15.27,0.004,1.0,14.65,,0.0,0
2026-10-05 01:53:40Z,DET,in,0.5,HALF,0.0,8148,Jameson Williams,WR,12.7,11.4,6.39,17.79,18.38,17.75,0.004,1.0,17.79,,0.0,0
2026-10-05 01:53:40Z,DET,in,0.5,HALF,0.0,7891,Brock Wright,TE,1.5,0.0,0.65,0.65,0.66,0.75,0.5,1.0,0.65,,0.0,0
2026-10-05 01:53:40Z,DET,in,0.5,HALF,0.0,7547,Amon-Ra St. Brown,WR,20.0,6.7,9.16,15.86,16.29,16.7,0.06,1.0,15.86,,0.0,0
2026-10-05 01:53:40Z,CAR,in,0.5,HALF,0.0,12526,Tetairoa McMillan,WR,16.4,29.7,9.47,39.17,40.59,37.9,0.011,1.0,39.17,,0.0,0
2026-10-05 01:53:40Z,CAR,in,0.5,HALF,0.0,11646,Jalen Coker,WR,8.5,0.0,3.66,3.66,3.72,4.25,0.5,1.0,3.66,,0.0,0
2026-10-05 01:53:40Z,DET,in,0.5,HALF,0.0,DET,Detroit Lions D/ST,DST,5.7,3.0,0.56,3.56,5.87,5.85,0.008,1.0,3.56,,0.0,0
2026-10-05 01:53:40Z,DET,in,0.5,HALF,0.0,11729,Sione Vaki,RB,2.6,2.7,1.49,4.19,4.18,4.0,0.122,1.0,4.19,,0.0,0
2026-10-05 01:53:40Z,CAR,in,0.5,HALF,0.0,11600,Ja'Tavion Sanders,TE,2.7,0.0,1.16,1.16,1.18,1.35,0.5,1.0,1.16,,0.0,0
2026-10-05 01:53:40Z,CAR,in,0.5,HALF,0.0,7594,Chuba Hubbard,RB,16.6,10.3,8.34,18.64,18.85,18.6,0.011,1.0,18.64,,0.0,0
2026-10-05 01:53:40Z,DET,in,0.5,HALF,0.0,11539,Jake Bates,K,9.5,14.0,5.91,19.91,19.91,18.75,0.0,1.0,19.91,,0.0,0
2026-10-05 01:53:40Z,CAR,in,0.5,HALF,0.0,2505,Darren Waller,TE,8.8,0.0,3.79,3.79,3.85,4.4,0.5,1.0,3.79,,0.0,0
2026-10-05 01:54:40Z,CAR,in,0.5,HALF,0.0,11157,Brycen Tremayne,WR,5.6,0.0,2.41,2.41,2.45,2.8,0.5,1.0,2.41,,0.0,0
2026-10-05 01:54:40Z,CAR,in,0.5,HALF,0.0,12961,Ryan Fitzgerald,K,7.3,4.0,3.69,7.69,7.69,7.65,0.008,1.0,7.69,,0.0,0
2026-10-05 01:54:40Z,DET,in,0.5,HALF,0.0,12535,Isaac TeSlaa,WR,5.3,0.0,2.28,2.28,2.32,2.65,0.5,1.0,2.28,,0.0,0
2026-10-05 01:54:40Z,DET,in,0.5,HALF,0.0,10859,Sam LaPorta,TE,13.0,4.6,5.97,10.57,10.86,11.1,0.24,1.0,10.57,,0.0,0
2026-10-05 01:54:40Z,DET,in,0.5,HALF,0.0,11237,Jacob Saylors,RB,1.7,0.0,0.68,0.68,0.74,0.85,0.5,1.0,0.68,,0.0,0
2026-10-05 01:54:40Z,CAR,in,0.5,HALF,0.0,9228,Bryce Young,QB,19.4,11.82,9.82,21.64,21.79,21.52,0.011,1.0,21.64,,0.0,0
2026-10-05 01:54:40Z,CAR,in,0.5,HALF,0.0,7694,Tommy Tremble,TE,3.8,3.9,1.95,5.85,6.05,5.8,0.148,1.0,5.85,,0.0,0
2026-10-05 01:54:40Z,CAR,in,0.5,HALF,0.0,8160,Kenny Pickett,QB,0.6,0.0,0.25,0.25,0.26,0.3,0.5,0.3,0.08,,0.0,0
2026-10-05 01:54:40Z,CAR,in,0.5,HALF,0.0,CAR,Carolina Panthers D/ST,DST,4.2,1.0,0.66,1.66,2.96,3.1,0.0,1.0,1.66,,0.0,0
2026-10-05 01:54:40Z,DET,in,0.5,HALF,0.0,8250,Tay Martin,WR,0.8,0.0,0.34,0.34,0.35,0.4,0.5,1.0,0.34,,0.0,0
2026-10-05 01:54:40Z,DET,in,0.5,HALF,0.0,4179,Joshua Dobbs,QB,0.6,0.0,0.25,0.25,0.26,0.3,0.5,0.3,0.08,,0.0,0
2026-10-05 01:54:40Z,DET,in,0.5,HALF,0.0,9221,Jahmyr Gibbs,RB,25.7,12.4,12.32,24.72,25.19,25.25,0.037,1.0,24.72,,0.0,0
2026-10-05 01:54:40Z,DET,in,0.5,HALF,0.0,3163,Jared Goff,QB,18.3,6.12,8.53,14.65,14.89,15.27,0.004,1.0,14.65,,0.0,0
2026-10-05 01:54:40Z,DET,in,0.5,HALF,0.0,8148,Jameson Williams,WR,12.7,11.4,6.39,17.79,18.38,17.75,0.004,1.0,17.79,,0.0,0
2026-10-05 01:54:40Z,DET,in,0.5,HALF,0.0,7891,Brock Wright,TE,1.5,0.0,0.65,0.65,0.66,0.75,0.5,1.0,0.65,,0.0,0
2026-10-05 01:54:40Z,DET,in,0.5,HALF,0.0,7547,Amon-Ra St. Brown,WR,20.0,6.7,9.16,15.86,16.29,16.7,0.06,1.0,15.86,,0.0,0
2026-10-05 01:54:40Z,CAR,in,0.5,HALF,0.0,12526,Tetairoa McMillan,WR,16.4,29.7,9.47,39.17,40.59,37.9,0.011,1.0,39.17,,0.0,0
2026-10-05 01:54:40Z,CAR,in,0.5,HALF,0.0,11646,Jalen Coker,WR,8.5,0.0,3.66,3.66,3.72,4.25,0.5,1.0,3.66,,0.0,0
2026-10-05 01:54:40Z,DET,in,0.5,HALF,0.0,DET,Detroit Lions D/ST,DST,5.7,3.0,0.56,3.56,5.87,5.85,0.008,1.0,3.56,,0.0,0
2026-10-05 01:54:40Z,DET,in,0.5,HALF,0.0,11729,Sione Vaki,RB,2.6,2.7,1.49,4.19,4.18,4.0,0.122,1.0,4.19,,0.0,0
2026-10-05 01:54:40Z,CAR,in,0.5,HALF,0.0,11600,Ja'Tavion Sanders,TE,2.7,0.0,1.16,1.16,1.18,1.35,0.5,1.0,1.16,,0.0,0
2026-10-05 01:54:40Z,CAR,in,0.5,HALF,0.0,7594,Chuba Hubbard,RB,16.6,10.3,8.34,18.64,18.85,18.6,0.011,1.0,18.64,,0.0,0
2026-10-05 01:54:40Z,DET,in,0.5,HALF,0.0,11539,Jake Bates,K,9.5,14.0,5.91,19.91,19.91,18.75,0.0,1.0,19.91,,0.0,0
2026-10-05 01:54:40Z,CAR,in,0.5,HALF,0.0,2505,Darren Waller,TE,8.8,0.0,3.79,3.79,3.85,4.4,0.5,1.0,3.79,,0.0,0
2026-10-05 01:55:41Z,CAR,in,0.5,HALF,0.0,11157,Brycen Tremayne,WR,5.6,0.0,2.41,2.41,2.45,2.8,0.5,1.0,2.41,,0.0,0
2026-10-05 01:55:41Z,CAR,in,0.5,HALF,0.0,12961,Ryan Fitzgerald,K,7.3,4.0,3.69,7.69,7.69,7.65,0.008,1.0,7.69,,0.0,0
2026-10-05 01:55:41Z,DET,in,0.5,HALF,0.0,12535,Isaac TeSlaa,WR,5.3,0.0,2.28,2.28,2.32,2.65,0.5,1.0,2.28,,0.0,0
2026-10-05 01:55:41Z,DET,in,0.5,HALF,0.0,10859,Sam LaPorta,TE,13.0,4.6,5.97,10.57,10.86,11.1,0.24,1.0,10.57,,0.0,0
2026-10-05 01:55:41Z,DET,in,0.5,HALF,0.0,11237,Jacob Saylors,RB,1.7,0.0,0.68,0.68,0.74,0.85,0.5,1.0,0.68,,0.0,0
2026-10-05 01:55:41Z,CAR,in,0.5,HALF,0.0,9228,Bryce Young,QB,19.4,11.82,9.82,21.64,21.79,21.52,0.011,1.0,21.64,,0.0,0
2026-10-05 01:55:41Z,CAR,in,0.5,HALF,0.0,7694,Tommy Tremble,TE,3.8,3.9,1.95,5.85,6.05,5.8,0.148,1.0,5.85,,0.0,0
2026-10-05 01:55:41Z,CAR,in,0.5,HALF,0.0,8160,Kenny Pickett,QB,0.6,0.0,0.25,0.25,0.26,0.3,0.5,0.3,0.08,,0.0,0
2026-10-05 01:55:41Z,CAR,in,0.5,HALF,0.0,CAR,Carolina Panthers D/ST,DST,4.2,1.0,0.66,1.66,2.96,3.1,0.0,1.0,1.66,,0.0,0
2026-10-05 01:55:41Z,DET,in,0.5,HALF,0.0,8250,Tay Martin,WR,0.8,0.0,0.34,0.34,0.35,0.4,0.5,1.0,0.34,,0.0,0
2026-10-05 01:55:41Z,DET,in,0.5,HALF,0.0,4179,Joshua Dobbs,QB,0.6,0.0,0.25,0.25,0.26,0.3,0.5,0.3,0.08,,0.0,0
2026-10-05 01:55:41Z,DET,in,0.5,HALF,0.0,9221,Jahmyr Gibbs,RB,25.7,12.4,12.32,24.72,25.19,25.25,0.037,1.0,24.72,,0.0,0
2026-10-05 01:55:41Z,DET,in,0.5,HALF,0.0,3163,Jared Goff,QB,18.3,6.12,8.53,14.65,14.89,15.27,0.004,1.0,14.65,,0.0,0
2026-10-05 01:55:41Z,DET,in,0.5,HALF,0.0,8148,Jameson Williams,WR,12.7,11.4,6.39,17.79,18.38,17.75,0.004,1.0,17.79,,0.0,0
2026-10-05 01:55:41Z,DET,in,0.5,HALF,0.0,7891,Brock Wright,TE,1.5,0.0,0.65,0.65,0.66,0.75,0.5,1.0,0.65,,0.0,0
2026-10-05 01:55:41Z,DET,in,0.5,HALF,0.0,7547,Amon-Ra St. Brown,WR,20.0,6.7,9.16,15.86,16.29,16.7,0.06,1.0,15.86,,0.0,0
2026-10-05 01:55:41Z,CAR,in,0.5,HALF,0.0,12526,Tetairoa McMillan,WR,16.4,29.7,9.47,39.17,40.59,37.9,0.011,1.0,39.17,,0.0,0
2026-10-05 01:55:41Z,CAR,in,0.5,HALF,0.0,11646,Jalen Coker,WR,8.5,0.0,3.66,3.66,3.72,4.25,0.5,1.0,3.66,,0.0,0
2026-10-05 01:55:41Z,DET,in,0.5,HALF,0.0,DET,Detroit Lions D/ST,DST,5.7,3.0,0.56,3.56,5.87,5.85,0.008,1.0,3.56,,0.0,0
2026-10-05 01:55:41Z,DET,in,0.5,HALF,0.0,11729,Sione Vaki,RB,2.6,2.7,1.49,4.19,4.18,4.0,0.122,1.0,4.19,,0.0,0
2026-10-05 01:55:41Z,CAR,in,0.5,HALF,0.0,11600,Ja'Tavion Sanders,TE,2.7,0.0,1.16,1.16,1.18,1.35,0.5,1.0,1.16,,0.0,0
2026-10-05 01:55:41Z,CAR,in,0.5,HALF,0.0,7594,Chuba Hubbard,RB,16.6,10.3,8.34,18.64,18.85,18.6,0.011,1.0,18.64,,0.0,0
2026-10-05 01:55:41Z,DET,in,0.5,HALF,0.0,11539,Jake Bates,K,9.5,14.0,5.91,19.91,19.91,18.75,0.0,1.0,19.91,,0.0,0
2026-10-05 01:55:41Z,CAR,in,0.5,HALF,0.0,2505,Darren Waller,TE,8.8,0.0,3.79,3.79,3.85,4.4,0.5,1.0,3.79,,0.0,0
2026-10-05 01:56:41Z,CAR,in,0.5,HALF,0.0,11157,Brycen Tremayne,WR,5.6,0.0,2.41,2.41,2.45,2.8,0.5,1.0,2.41,,0.0,0
2026-10-05 01:56:41Z,CAR,in,0.5,HALF,0.0,12961,Ryan Fitzgerald,K,7.3,4.0,3.69,7.69,7.69,7.65,0.008,1.0,7.69,,0.0,0
2026-10-05 01:56:41Z,DET,in,0.5,HALF,0.0,12535,Isaac TeSlaa,WR,5.3,0.0,2.28,2.28,2.32,2.65,0.5,1.0,2.28,,0.0,0
2026-10-05 01:56:41Z,DET,in,0.5,HALF,0.0,10859,Sam LaPorta,TE,13.0,4.6,5.97,10.57,10.86,11.1,0.24,1.0,10.57,,0.0,0
2026-10-05 01:56:41Z,DET,in,0.5,HALF,0.0,11237,Jacob Saylors,RB,1.7,0.0,0.68,0.68,0.74,0.85,0.5,1.0,0.68,,0.0,0
2026-10-05 01:56:41Z,CAR,in,0.5,HALF,0.0,9228,Bryce Young,QB,19.4,11.82,9.82,21.64,21.79,21.52,0.011,1.0,21.64,,0.0,0
2026-10-05 01:56:41Z,CAR,in,0.5,HALF,0.0,7694,Tommy Tremble,TE,3.8,3.9,1.95,5.85,6.05,5.8,0.148,1.0,5.85,,0.0,0
2026-10-05 01:56:41Z,CAR,in,0.5,HALF,0.0,8160,Kenny Pickett,QB,0.6,0.0,0.25,0.25,0.26,0.3,0.5,0.3,0.08,,0.0,0
2026-10-05 01:56:41Z,CAR,in,0.5,HALF,0.0,CAR,Carolina Panthers D/ST,DST,4.2,1.0,0.66,1.66,2.96,3.1,0.0,1.0,1.66,,0.0,0
2026-10-05 01:56:41Z,DET,in,0.5,HALF,0.0,8250,Tay Martin,WR,0.8,0.0,0.34,0.34,0.35,0.4,0.5,1.0,0.34,,0.0,0
2026-10-05 01:56:41Z,DET,in,0.5,HALF,0.0,4179,Joshua Dobbs,QB,0.6,0.0,0.25,0.25,0.26,0.3,0.5,0.3,0.08,,0.0,0
2026-10-05 01:56:41Z,DET,in,0.5,HALF,0.0,9221,Jahmyr Gibbs,RB,25.7,12.4,12.32,24.72,25.19,25.25,0.037,1.0,24.72,,0.0,0
2026-10-05 01:56:41Z,DET,in,0.5,HALF,0.0,3163,Jared Goff,QB,18.3,6.12,8.53,14.65,14.89,15.27,0.004,1.0,14.65,,0.0,0
2026-10-05 01:56:41Z,DET,in,0.5,HALF,0.0,8148,Jameson Williams,WR,12.7,11.4,6.39,17.79,18.38,17.75,0.004,1.0,17.79,,0.0,0
2026-10-05 01:56:41Z,DET,in,0.5,HALF,0.0,7891,Brock Wright,TE,1.5,0.0,0.65,0.65,0.66,0.75,0.5,1.0,0.65,,0.0,0
2026-10-05 01:56:41Z,DET,in,0.5,HALF,0.0,7547,Amon-Ra St. Brown,WR,20.0,6.7,9.16,15.86,16.29,16.7,0.06,1.0,15.86,,0.0,0
2026-10-05 01:56:41Z,CAR,in,0.5,HALF,0.0,12526,Tetairoa McMillan,WR,16.4,29.7,9.47,39.17,40.59,37.9,0.011,1.0,39.17,,0.0,0
2026-10-05 01:56:41Z,CAR,in,0.5,HALF,0.0,11646,Jalen Coker,WR,8.5,0.0,3.66,3.66,3.72,4.25,0.5,1.0,3.66,,0.0,0
2026-10-05 01:56:41Z,DET,in,0.5,HALF,0.0,DET,Detroit Lions D/ST,DST,5.7,3.0,0.56,3.56,5.87,5.85,0.008,1.0,3.56,,0.0,0
2026-10-05 01:56:41Z,DET,in,0.5,HALF,0.0,11729,Sione Vaki,RB,2.6,2.7,1.49,4.19,4.18,4.0,0.122,1.0,4.19,,0.0,0
2026-10-05 01:56:41Z,CAR,in,0.5,HALF,0.0,11600,Ja'Tavion Sanders,TE,2.7,0.0,1.16,1.16,1.18,1.35,0.5,1.0,1.16,,0.0,0
2026-10-05 01:56:41Z,CAR,in,0.5,HALF,0.0,7594,Chuba Hubbard,RB,16.6,10.3,8.34,18.64,18.85,18.6,0.011,1.0,18.64,,0.0,0
2026-10-05 01:56:41Z,DET,in,0.5,HALF,0.0,11539,Jake Bates,K,9.5,14.0,5.91,19.91,19.91,18.75,0.0,1.0,19.91,,0.0,0
2026-10-05 01:56:41Z,CAR,in,0.5,HALF,0.0,2505,Darren Waller,TE,8.8,0.0,3.79,3.79,3.85,4.4,0.5,1.0,3.79,,0.0,0
2026-10-05 01:57:42Z,CAR,in,0.5,HALF,0.0,11157,Brycen Tremayne,WR,5.6,0.0,2.41,2.41,2.45,2.8,0.5,1.0,2.41,,0.0,0
2026-10-05 01:57:42Z,CAR,in,0.5,HALF,0.0,12961,Ryan Fitzgerald,K,7.3,4.0,3.69,7.69,7.69,7.65,0.008,1.0,7.69,,0.0,0
2026-10-05 01:57:42Z,DET,in,0.5,HALF,0.0,12535,Isaac TeSlaa,WR,5.3,0.0,2.28,2.28,2.32,2.65,0.5,1.0,2.28,,0.0,0
2026-10-05 01:57:42Z,DET,in,0.5,HALF,0.0,10859,Sam LaPorta,TE,13.0,4.6,5.97,10.57,10.86,11.1,0.24,1.0,10.57,,0.0,0
2026-10-05 01:57:42Z,DET,in,0.5,HALF,0.0,11237,Jacob Saylors,RB,1.7,0.0,0.68,0.68,0.74,0.85,0.5,1.0,0.68,,0.0,0
2026-10-05 01:57:42Z,CAR,in,0.5,HALF,0.0,9228,Bryce Young,QB,19.4,11.82,9.82,21.64,21.79,21.52,0.011,1.0,21.64,,0.0,0
2026-10-05 01:57:42Z,CAR,in,0.5,HALF,0.0,7694,Tommy Tremble,TE,3.8,3.9,1.95,5.85,6.05,5.8,0.148,1.0,5.85,,0.0,0
2026-10-05 01:57:42Z,CAR,in,0.5,HALF,0.0,8160,Kenny Pickett,QB,0.6,0.0,0.25,0.25,0.26,0.3,0.5,0.3,0.08,,0.0,0
2026-10-05 01:57:42Z,CAR,in,0.5,HALF,0.0,CAR,Carolina Panthers D/ST,DST,4.2,1.0,0.66,1.66,2.96,3.1,0.0,1.0,1.66,,0.0,0
2026-10-05 01:57:42Z,DET,in,0.5,HALF,0.0,8250,Tay Martin,WR,0.8,0.0,0.34,0.34,0.35,0.4,0.5,1.0,0.34,,0.0,0
2026-10-05 01:57:42Z,DET,in,0.5,HALF,0.0,4179,Joshua Dobbs,QB,0.6,0.0,0.25,0.25,0.26,0.3,0.5,0.3,0.08,,0.0,0
2026-10-05 01:57:42Z,DET,in,0.5,HALF,0.0,9221,Jahmyr Gibbs,RB,25.7,12.4,12.32,24.72,25.19,25.25,0.037,1.0,24.72,,0.0,0
2026-10-05 01:57:42Z,DET,in,0.5,HALF,0.0,3163,Jared Goff,QB,18.3,6.12,8.53,14.65,14.89,15.27,0.004,1.0,14.65,,0.0,0
2026-10-05 01:57:42Z,DET,in,0.5,HALF,0.0,8148,Jameson Williams,WR,12.7,11.4,6.39,17.79,18.38,17.75,0.004,1.0,17.79,,0.0,0
2026-10-05 01:57:42Z,DET,in,0.5,HALF,0.0,7891,Brock Wright,TE,1.5,0.0,0.65,0.65,0.66,0.75,0.5,1.0,0.65,,0.0,0
2026-10-05 01:57:42Z,DET,in,0.5,HALF,0.0,7547,Amon-Ra St. Brown,WR,20.0,6.7,9.16,15.86,16.29,16.7,0.06,1.0,15.86,,0.0,0
2026-10-05 01:57:42Z,CAR,in,0.5,HALF,0.0,12526,Tetairoa McMillan,WR,16.4,29.7,9.47,39.17,40.59,37.9,0.011,1.0,39.17,,0.0,0
2026-10-05 01:57:42Z,CAR,in,0.5,HALF,0.0,11646,Jalen Coker,WR,8.5,0.0,3.66,3.66,3.72,4.25,0.5,1.0,3.66,,0.0,0
2026-10-05 01:57:42Z,DET,in,0.5,HALF,0.0,DET,Detroit Lions D/ST,DST,5.7,3.0,0.56,3.56,5.87,5.85,0.008,1.0,3.56,,0.0,0
2026-10-05 01:57:42Z,DET,in,0.5,HALF,0.0,11729,Sione Vaki,RB,2.6,2.7,1.49,4.19,4.18,4.0,0.122,1.0,4.19,,0.0,0
2026-10-05 01:57:42Z,CAR,in,0.5,HALF,0.0,11600,Ja'Tavion Sanders,TE,2.7,0.0,1.16,1.16,1.18,1.35,0.5,1.0,1.16,,0.0,0
2026-10-05 01:57:42Z,CAR,in,0.5,HALF,0.0,7594,Chuba Hubbard,RB,16.6,10.3,8.34,18.64,18.85,18.6,0.011,1.0,18.64,,0.0,0
2026-10-05 01:57:42Z,DET,in,0.5,HALF,0.0,11539,Jake Bates,K,9.5,14.0,5.91,19.91,19.91,18.75,0.0,1.0,19.91,,0.0,0
2026-10-05 01:57:42Z,CAR,in,0.5,HALF,0.0,2505,Darren Waller,TE,8.8,0.0,3.79,3.79,3.85,4.4,0.5,1.0,3.79,,0.0,0
2026-10-05 01:58:42Z,CAR,in,0.5,HALF,0.0,11157,Brycen Tremayne,WR,5.6,0.0,2.41,2.41,2.45,2.8,0.5,1.0,2.41,,0.0,0
2026-10-05 01:58:42Z,CAR,in,0.5,HALF,0.0,12961,Ryan Fitzgerald,K,7.3,4.0,3.69,7.69,7.69,7.65,0.008,1.0,7.69,,0.0,0
2026-10-05 01:58:42Z,DET,in,0.5,HALF,0.0,12535,Isaac TeSlaa,WR,5.3,0.0,2.28,2.28,2.32,2.65,0.5,1.0,2.28,,0.0,0
2026-10-05 01:58:42Z,DET,in,0.5,HALF,0.0,10859,Sam LaPorta,TE,13.0,4.6,5.97,10.57,10.86,11.1,0.24,1.0,10.57,,0.0,0
2026-10-05 01:58:42Z,DET,in,0.5,HALF,0.0,11237,Jacob Saylors,RB,1.7,0.0,0.68,0.68,0.74,0.85,0.5,1.0,0.68,,0.0,0
2026-10-05 01:58:42Z,CAR,in,0.5,HALF,0.0,9228,Bryce Young,QB,19.4,11.82,9.82,21.64,21.79,21.52,0.011,1.0,21.64,,0.0,0
2026-10-05 01:58:42Z,CAR,in,0.5,HALF,0.0,7694,Tommy Tremble,TE,3.8,3.9,1.95,5.85,6.05,5.8,0.148,1.0,5.85,,0.0,0
2026-10-05 01:58:42Z,CAR,in,0.5,HALF,0.0,8160,Kenny Pickett,QB,0.6,0.0,0.25,0.25,0.26,0.3,0.5,0.3,0.08,,0.0,0
2026-10-05 01:58:42Z,CAR,in,0.5,HALF,0.0,CAR,Carolina Panthers D/ST,DST,4.2,1.0,0.66,1.66,2.96,3.1,0.0,1.0,1.66,,0.0,0
2026-10-05 01:58:42Z,DET,in,0.5,HALF,0.0,8250,Tay Martin,WR,0.8,0.0,0.34,0.34,0.35,0.4,0.5,1.0,0.34,,0.0,0
2026-10-05 01:58:42Z,DET,in,0.5,HALF,0.0,4179,Joshua Dobbs,QB,0.6,0.0,0.25,0.25,0.26,0.3,0.5,0.3,0.08,,0.0,0
2026-10-05 01:58:42Z,DET,in,0.5,HALF,0.0,9221,Jahmyr Gibbs,RB,25.7,12.4,12.32,24.72,25.19,25.25,0.037,1.0,24.72,,0.0,0
2026-10-05 01:58:42Z,DET,in,0.5,HALF,0.0,3163,Jared Goff,QB,18.3,6.12,8.53,14.65,14.89,15.27,0.004,1.0,14.65,,0.0,0
2026-10-05 01:58:42Z,DET,in,0.5,HALF,0.0,8148,Jameson Williams,WR,12.7,11.4,6.39,17.79,18.38,17.75,0.004,1.0,17.79,,0.0,0
2026-10-05 01:58:42Z,DET,in,0.5,HALF,0.0,7891,Brock Wright,TE,1.5,0.0,0.65,0.65,0.66,0.75,0.5,1.0,0.65,,0.0,0
2026-10-05 01:58:42Z,DET,in,0.5,HALF,0.0,7547,Amon-Ra St. Brown,WR,20.0,6.7,9.16,15.86,16.29,16.7,0.06,1.0,15.86,,0.0,0
2026-10-05 01:58:42Z,CAR,in,0.5,HALF,0.0,12526,Tetairoa McMillan,WR,16.4,29.7,9.47,39.17,40.59,37.9,0.011,1.0,39.17,,0.0,0
2026-10-05 01:58:42Z,CAR,in,0.5,HALF,0.0,11646,Jalen Coker,WR,8.5,0.0,3.66,3.66,3.72,4.25,0.5,1.0,3.66,,0.0,0
2026-10-05 01:58:42Z,DET,in,0.5,HALF,0.0,DET,Detroit Lions D/ST,DST,5.7,3.0,0.56,3.56,5.87,5.85,0.008,1.0,3.56,,0.0,0
2026-10-05 01:58:42Z,DET,in,0.5,HALF,0.0,11729,Sione Vaki,RB,2.6,2.7,1.49,4.19,4.18,4.0,0.122,1.0,4.19,,0.0,0
2026-10-05 01:58:42Z,CAR,in,0.5,HALF,0.0,11600,Ja'Tavion Sanders,TE,2.7,0.0,1.16,1.16,1.18,1.35,0.5,1.0,1.16,,0.0,0
2026-10-05 01:58:42Z,CAR,in,0.5,HALF,0.0,7594,Chuba Hubbard,RB,16.6,10.3,8.34,18.64,18.85,18.6,0.011,1.0,18.64,,0.0,0
2026-10-05 01:58:42Z,DET,in,0.5,HALF,0.0,11539,Jake Bates,K,9.5,14.0,5.91,19.91,19.91,18.75,0.0,1.0,19.91,,0.0,0
2026-10-05 01:58:42Z,CAR,in,0.5,HALF,0.0,2505,Darren Waller,TE,8.8,0.0,3.79,3.79,3.85,4.4,0.5,1.0,3.79,,0.0,0
2026-10-05 01:59:43Z,CAR,in,0.5,HALF,0.0,11157,Brycen Tremayne,WR,5.6,0.0,2.41,2.41,2.45,2.8,0.5,1.0,2.41,,0.0,0
2026-10-05 01:59:43Z,CAR,in,0.5,HALF,0.0,12961,Ryan Fitzgerald,K,7.3,4.0,3.69,7.69,7.69,7.65,0.008,1.0,7.69,,0.0,0
2026-10-05 01:59:43Z,DET,in,0.5,HALF,0.0,12535,Isaac TeSlaa,WR,5.3,0.0,2.28,2.28,2.32,2.65,0.5,1.0,2.28,,0.0,0
2026-10-05 01:59:43Z,DET,in,0.5,HALF,0.0,10859,Sam LaPorta,TE,13.0,4.6,5.97,10.57,10.86,11.1,0.24,1.0,10.57,,0.0,0
2026-10-05 01:59:43Z,DET,in,0.5,HALF,0.0,11237,Jacob Saylors,RB,1.7,0.0,0.68,0.68,0.74,0.85,0.5,1.0,0.68,,0.0,0
2026-10-05 01:59:43Z,CAR,in,0.5,HALF,0.0,9228,Bryce Young,QB,19.4,11.82,9.82,21.64,21.79,21.52,0.011,1.0,21.64,,0.0,0
2026-10-05 01:59:43Z,CAR,in,0.5,HALF,0.0,7694,Tommy Tremble,TE,3.8,3.9,1.95,5.85,6.05,5.8,0.148,1.0,5.85,,0.0,0
2026-10-05 01:59:43Z,CAR,in,0.5,HALF,0.0,8160,Kenny Pickett,QB,0.6,0.0,0.25,0.25,0.26,0.3,0.5,0.3,0.08,,0.0,0
2026-10-05 01:59:43Z,CAR,in,0.5,HALF,0.0,CAR,Carolina Panthers D/ST,DST,4.2,1.0,0.66,1.66,2.96,3.1,0.0,1.0,1.66,,0.0,0
2026-10-05 01:59:43Z,DET,in,0.5,HALF,0.0,8250,Tay Martin,WR,0.8,0.0,0.34,0.34,0.35,0.4,0.5,1.0,0.34,,0.0,0
2026-10-05 01:59:43Z,DET,in,0.5,HALF,0.0,4179,Joshua Dobbs,QB,0.6,0.0,0.25,0.25,0.26,0.3,0.5,0.3,0.08,,0.0,0
2026-10-05 01:59:43Z,DET,in,0.5,HALF,0.0,9221,Jahmyr Gibbs,RB,25.7,12.4,12.32,24.72,25.19,25.25,0.037,1.0,24.72,,0.0,0
2026-10-05 01:59:43Z,DET,in,0.5,HALF,0.0,3163,Jared Goff,QB,18.3,6.12,8.53,14.65,14.89,15.27,0.004,1.0,14.65,,0.0,0
2026-10-05 01:59:43Z,DET,in,0.5,HALF,0.0,8148,Jameson Williams,WR,12.7,11.4,6.39,17.79,18.38,17.75,0.004,1.0,17.79,,0.0,0
2026-10-05 01:59:43Z,DET,in,0.5,HALF,0.0,7891,Brock Wright,TE,1.5,0.0,0.65,0.65,0.66,0.75,0.5,1.0,0.65,,0.0,0
2026-10-05 01:59:43Z,DET,in,0.5,HALF,0.0,7547,Amon-Ra St. Brown,WR,20.0,6.7,9.16,15.86,16.29,16.7,0.06,1.0,15.86,,0.0,0
2026-10-05 01:59:43Z,CAR,in,0.5,HALF,0.0,12526,Tetairoa McMillan,WR,16.4,29.7,9.47,39.17,40.59,37.9,0.011,1.0,39.17,,0.0,0
2026-10-05 01:59:43Z,CAR,in,0.5,HALF,0.0,11646,Jalen Coker,WR,8.5,0.0,3.66,3.66,3.72,4.25,0.5,1.0,3.66,,0.0,0
2026-10-05 01:59:43Z,DET,in,0.5,HALF,0.0,DET,Detroit Lions D/ST,DST,5.7,3.0,0.56,3.56,5.87,5.85,0.008,1.0,3.56,,0.0,0
2026-10-05 01:59:43Z,DET,in,0.5,HALF,0.0,11729,Sione Vaki,RB,2.6,2.7,1.49,4.19,4.18,4.0,0.122,1.0,4.19,,0.0,0
2026-10-05 01:59:43Z,CAR,in,0.5,HALF,0.0,11600,Ja'Tavion Sanders,TE,2.7,0.0,1.16,1.16,1.18,1.35,0.5,1.0,1.16,,0.0,0
2026-10-05 01:59:43Z,CAR,in,0.5,HALF,0.0,7594,Chuba Hubbard,RB,16.6,10.3,8.34,18.64,18.85,18.6,0.011,1.0,18.64,,0.0,0
2026-10-05 01:59:43Z,DET,in,0.5,HALF,0.0,11539,Jake Bates,K,9.5,14.0,5.91,19.91,19.91,18.75,0.0,1.0,19.91,,0.0,0
2026-10-05 01:59:43Z,CAR,in,0.5,HALF,0.0,2505,Darren Waller,TE,8.8,0.0,3.79,3.79,3.85,4.4,0.5,1.0,3.79,,0.0,0
2026-10-05 02:00:43Z,CAR,in,0.5,HALF,0.0,11157,Brycen Tremayne,WR,5.6,0.0,2.41,2.41,2.45,2.8,0.5,1.0,2.41,,0.0,0
2026-10-05 02:00:43Z,CAR,in,0.5,HALF,0.0,12961,Ryan Fitzgerald,K,7.3,4.0,3.69,7.69,7.69,7.65,0.008,1.0,7.69,,0.0,0
2026-10-05 02:00:43Z,DET,in,0.5,HALF,0.0,12535,Isaac TeSlaa,WR,5.3,0.0,2.28,2.28,2.32,2.65,0.5,1.0,2.28,,0.0,0
2026-10-05 02:00:43Z,DET,in,0.5,HALF,0.0,10859,Sam LaPorta,TE,13.0,4.6,5.97,10.57,10.86,11.1,0.24,1.0,10.57,,0.0,0
2026-10-05 02:00:43Z,DET,in,0.5,HALF,0.0,11237,Jacob Saylors,RB,1.7,0.0,0.68,0.68,0.74,0.85,0.5,1.0,0.68,,0.0,0
2026-10-05 02:00:43Z,CAR,in,0.5,HALF,0.0,9228,Bryce Young,QB,19.4,11.82,9.82,21.64,21.79,21.52,0.011,1.0,21.64,,0.0,0
2026-10-05 02:00:43Z,CAR,in,0.5,HALF,0.0,7694,Tommy Tremble,TE,3.8,3.9,1.95,5.85,6.05,5.8,0.148,1.0,5.85,,0.0,0
2026-10-05 02:00:43Z,CAR,in,0.5,HALF,0.0,8160,Kenny Pickett,QB,0.6,0.0,0.25,0.25,0.26,0.3,0.5,0.3,0.08,,0.0,0
2026-10-05 02:00:43Z,CAR,in,0.5,HALF,0.0,CAR,Carolina Panthers D/ST,DST,4.2,1.0,0.66,1.66,2.96,3.1,0.0,1.0,1.66,,0.0,0
2026-10-05 02:00:43Z,DET,in,0.5,HALF,0.0,8250,Tay Martin,WR,0.8,0.0,0.34,0.34,0.35,0.4,0.5,1.0,0.34,,0.0,0
2026-10-05 02:00:43Z,DET,in,0.5,HALF,0.0,4179,Joshua Dobbs,QB,0.6,0.0,0.25,0.25,0.26,0.3,0.5,0.3,0.08,,0.0,0
2026-10-05 02:00:43Z,DET,in,0.5,HALF,0.0,9221,Jahmyr Gibbs,RB,25.7,12.4,12.32,24.72,25.19,25.25,0.037,1.0,24.72,,0.0,0
2026-10-05 02:00:43Z,DET,in,0.5,HALF,0.0,3163,Jared Goff,QB,18.3,6.12,8.53,14.65,14.89,15.27,0.004,1.0,14.65,,0.0,0
2026-10-05 02:00:43Z,DET,in,0.5,HALF,0.0,8148,Jameson Williams,WR,12.7,11.4,6.39,17.79,18.38,17.75,0.004,1.0,17.79,,0.0,0
2026-10-05 02:00:43Z,DET,in,0.5,HALF,0.0,7891,Brock Wright,TE,1.5,0.0,0.65,0.65,0.66,0.75,0.5,1.0,0.65,,0.0,0
2026-10-05 02:00:43Z,DET,in,0.5,HALF,0.0,7547,Amon-Ra St. Brown,WR,20.0,6.7,9.16,15.86,16.29,16.7,0.06,1.0,15.86,,0.0,0
2026-10-05 02:00:43Z,CAR,in,0.5,HALF,0.0,12526,Tetairoa McMillan,WR,16.4,29.7,9.47,39.17,40.59,37.9,0.011,1.0,39.17,,0.0,0
2026-10-05 02:00:43Z,CAR,in,0.5,HALF,0.0,11646,Jalen Coker,WR,8.5,0.0,3.66,3.66,3.72,4.25,0.5,1.0,3.66,,0.0,0
2026-10-05 02:00:43Z,DET,in,0.5,HALF,0.0,DET,Detroit Lions D/ST,DST,5.7,3.0,0.56,3.56,5.87,5.85,0.008,1.0,3.56,,0.0,0
2026-10-05 02:00:43Z,DET,in,0.5,HALF,0.0,11729,Sione Vaki,RB,2.6,2.7,1.49,4.19,4.18,4.0,0.122,1.0,4.19,,0.0,0
2026-10-05 02:00:43Z,CAR,in,0.5,HALF,0.0,11600,Ja'Tavion Sanders,TE,2.7,0.0,1.16,1.16,1.18,1.35,0.5,1.0,1.16,,0.0,0
2026-10-05 02:00:43Z,CAR,in,0.5,HALF,0.0,7594,Chuba Hubbard,RB,16.6,10.3,8.34,18.64,18.85,18.6,0.011,1.0,18.64,,0.0,0
2026-10-05 02:00:43Z,DET,in,0.5,HALF,0.0,11539,Jake Bates,K,9.5,14.0,5.91,19.91,19.91,18.75,0.0,1.0,19.91,,0.0,0
2026-10-05 02:00:43Z,CAR,in,0.5,HALF,0.0,2505,Darren Waller,TE,8.8,0.0,3.79,3.79,3.85,4.4,0.5,1.0,3.79,,0.0,0
2026-10-05 02:01:44Z,CAR,in,0.5,HALF,0.0,11157,Brycen Tremayne,WR,5.6,0.0,2.41,2.41,2.45,2.8,0.5,1.0,2.41,,0.0,0
2026-10-05 02:01:44Z,CAR,in,0.5,HALF,0.0,12961,Ryan Fitzgerald,K,7.3,4.0,3.69,7.69,7.69,7.65,0.008,1.0,7.69,,0.0,0
2026-10-05 02:01:44Z,DET,in,0.5,HALF,0.0,12535,Isaac TeSlaa,WR,5.3,0.0,2.28,2.28,2.32,2.65,0.5,1.0,2.28,,0.0,0
2026-10-05 02:01:44Z,DET,in,0.5,HALF,0.0,10859,Sam LaPorta,TE,13.0,4.6,5.97,10.57,10.86,11.1,0.24,1.0,10.57,,0.0,0
2026-10-05 02:01:44Z,DET,in,0.5,HALF,0.0,11237,Jacob Saylors,RB,1.7,0.0,0.68,0.68,0.74,0.85,0.5,1.0,0.68,,0.0,0
2026-10-05 02:01:44Z,CAR,in,0.5,HALF,0.0,9228,Bryce Young,QB,19.4,11.82,9.82,21.64,21.79,21.52,0.011,1.0,21.64,,0.0,0
2026-10-05 02:01:44Z,CAR,in,0.5,HALF,0.0,7694,Tommy Tremble,TE,3.8,3.9,1.95,5.85,6.05,5.8,0.148,1.0,5.85,,0.0,0
2026-10-05 02:01:44Z,CAR,in,0.5,HALF,0.0,8160,Kenny Pickett,QB,0.6,0.0,0.25,0.25,0.26,0.3,0.5,0.3,0.08,,0.0,0
2026-10-05 02:01:44Z,CAR,in,0.5,HALF,0.0,CAR,Carolina Panthers D/ST,DST,4.2,1.0,0.66,1.66,2.96,3.1,0.0,1.0,1.66,,0.0,0
2026-10-05 02:01:44Z,DET,in,0.5,HALF,0.0,8250,Tay Martin,WR,0.8,0.0,0.34,0.34,0.35,0.4,0.5,1.0,0.34,,0.0,0
2026-10-05 02:01:44Z,DET,in,0.5,HALF,0.0,4179,Joshua Dobbs,QB,0.6,0.0,0.25,0.25,0.26,0.3,0.5,0.3,0.08,,0.0,0
2026-10-05 02:01:44Z,DET,in,0.5,HALF,0.0,9221,Jahmyr Gibbs,RB,25.7,12.4,12.32,24.72,25.19,25.25,0.037,1.0,24.72,,0.0,0
2026-10-05 02:01:44Z,DET,in,0.5,HALF,0.0,3163,Jared Goff,QB,18.3,6.12,8.53,14.65,14.89,15.27,0.004,1.0,14.65,,0.0,0
2026-10-05 02:01:44Z,DET,in,0.5,HALF,0.0,8148,Jameson Williams,WR,12.7,11.4,6.39,17.79,18.38,17.75,0.004,1.0,17.79,,0.0,0
2026-10-05 02:01:44Z,DET,in,0.5,HALF,0.0,7891,Brock Wright,TE,1.5,0.0,0.65,0.65,0.66,0.75,0.5,1.0,0.65,,0.0,0
2026-10-05 02:01:44Z,DET,in,0.5,HALF,0.0,7547,Amon-Ra St. Brown,WR,20.0,6.7,9.16,15.86,16.29,16.7,0.06,1.0,15.86,,0.0,0
2026-10-05 02:01:44Z,CAR,in,0.5,HALF,0.0,12526,Tetairoa McMillan,WR,16.4,29.7,9.47,39.17,40.59,37.9,0.011,1.0,39.17,,0.0,0
2026-10-05 02:01:44Z,CAR,in,0.5,HALF,0.0,11646,Jalen Coker,WR,8.5,0.0,3.66,3.66,3.72,4.25,0.5,1.0,3.66,,0.0,0
2026-10-05 02:01:44Z,DET,in,0.5,HALF,0.0,DET,Detroit Lions D/ST,DST,5.7,3.0,0.56,3.56,5.87,5.85,0.008,1.0,3.56,,0.0,0
2026-10-05 02:01:44Z,DET,in,0.5,HALF,0.0,11729,Sione Vaki,RB,2.6,2.7,1.49,4.19,4.18,4.0,0.122,1.0,4.19,,0.0,0
2026-10-05 02:01:44Z,CAR,in,0.5,HALF,0.0,11600,Ja'Tavion Sanders,TE,2.7,0.0,1.16,1.16,1.18,1.35,0.5,1.0,1.16,,0.0,0
2026-10-05 02:01:44Z,CAR,in,0.5,HALF,0.0,7594,Chuba Hubbard,RB,16.6,10.3,8.34,18.64,18.85,18.6,0.011,1.0,18.64,,0.0,0
2026-10-05 02:01:44Z,DET,in,0.5,HALF,0.0,11539,Jake Bates,K,9.5,14.0,5.91,19.91,19.91,18.75,0.0,1.0,19.91,,0.0,0
2026-10-05 02:01:44Z,CAR,in,0.5,HALF,0.0,2505,Darren Waller,TE,8.8,0.0,3.79,3.79,3.85,4.4,0.5,1.0,3.79,,0.0,0
2026-10-05 02:02:44Z,CAR,in,0.5,HALF,0.0,11157,Brycen Tremayne,WR,5.6,0.0,2.41,2.41,2.45,2.8,0.5,1.0,2.41,,0.0,0
2026-10-05 02:02:44Z,CAR,in,0.5,HALF,0.0,12961,Ryan Fitzgerald,K,7.3,4.0,3.69,7.69,7.69,7.65,0.008,1.0,7.69,,0.0,0
2026-10-05 02:02:44Z,DET,in,0.5,HALF,0.0,12535,Isaac TeSlaa,WR,5.3,0.0,2.28,2.28,2.32,2.65,0.5,1.0,2.28,,0.0,0
2026-10-05 02:02:44Z,DET,in,0.5,HALF,0.0,10859,Sam LaPorta,TE,13.0,4.6,5.97,10.57,10.86,11.1,0.24,1.0,10.57,,0.0,0
2026-10-05 02:02:44Z,DET,in,0.5,HALF,0.0,11237,Jacob Saylors,RB,1.7,0.0,0.68,0.68,0.74,0.85,0.5,1.0,0.68,,0.0,0
2026-10-05 02:02:44Z,CAR,in,0.5,HALF,0.0,9228,Bryce Young,QB,19.4,11.82,9.82,21.64,21.79,21.52,0.011,1.0,21.64,,0.0,0
2026-10-05 02:02:44Z,CAR,in,0.5,HALF,0.0,7694,Tommy Tremble,TE,3.8,3.9,1.95,5.85,6.05,5.8,0.148,1.0,5.85,,0.0,0
2026-10-05 02:02:44Z,CAR,in,0.5,HALF,0.0,8160,Kenny Pickett,QB,0.6,0.0,0.25,0.25,0.26,0.3,0.5,0.3,0.08,,0.0,0
2026-10-05 02:02:44Z,CAR,in,0.5,HALF,0.0,CAR,Carolina Panthers D/ST,DST,4.2,1.0,0.66,1.66,2.96,3.1,0.0,1.0,1.66,,0.0,0
2026-10-05 02:02:44Z,DET,in,0.5,HALF,0.0,8250,Tay Martin,WR,0.8,0.0,0.34,0.34,0.35,0.4,0.5,1.0,0.34,,0.0,0
2026-10-05 02:02:44Z,DET,in,0.5,HALF,0.0,4179,Joshua Dobbs,QB,0.6,0.0,0.25,0.25,0.26,0.3,0.5,0.3,0.08,,0.0,0
2026-10-05 02:02:44Z,DET,in,0.5,HALF,0.0,9221,Jahmyr Gibbs,RB,25.7,12.4,12.32,24.72,25.19,25.25,0.037,1.0,24.72,,0.0,0
2026-10-05 02:02:44Z,DET,in,0.5,HALF,0.0,3163,Jared Goff,QB,18.3,6.12,8.53,14.65,14.89,15.27,0.004,1.0,14.65,,0.0,0
2026-10-05 02:02:44Z,DET,in,0.5,HALF,0.0,8148,Jameson Williams,WR,12.7,11.4,6.39,17.79,18.38,17.75,0.004,1.0,17.79,,0.0,0
2026-10-05 02:02:44Z,DET,in,0.5,HALF,0.0,7891,Brock Wright,TE,1.5,0.0,0.65,0.65,0.66,0.75,0.5,1.0,0.65,,0.0,0
2026-10-05 02:02:44Z,DET,in,0.5,HALF,0.0,7547,Amon-Ra St. Brown,WR,20.0,6.7,9.16,15.86,16.29,16.7,0.06,1.0,15.86,,0.0,0
2026-10-05 02:02:44Z,CAR,in,0.5,HALF,0.0,12526,Tetairoa McMillan,WR,16.4,29.7,9.47,39.17,40.59,37.9,0.011,1.0,39.17,,0.0,0
2026-10-05 02:02:44Z,CAR,in,0.5,HALF,0.0,11646,Jalen Coker,WR,8.5,0.0,3.66,3.66,3.72,4.25,0.5,1.0,3.66,,0.0,0
2026-10-05 02:02:44Z,DET,in,0.5,HALF,0.0,DET,Detroit Lions D/ST,DST,5.7,3.0,0.56,3.56,5.87,5.85,0.008,1.0,3.56,,0.0,0
2026-10-05 02:02:44Z,DET,in,0.5,HALF,0.0,11729,Sione Vaki,RB,2.6,2.7,1.49,4.19,4.18,4.0,0.122,1.0,4.19,,0.0,0
2026-10-05 02:02:44Z,CAR,in,0.5,HALF,0.0,11600,Ja'Tavion Sanders,TE,2.7,0.0,1.16,1.16,1.18,1.35,0.5,1.0,1.16,,0.0,0
2026-10-05 02:02:44Z,CAR,in,0.5,HALF,0.0,7594,Chuba Hubbard,RB,16.6,10.3,8.34,18.64,18.85,18.6,0.011,1.0,18.64,,0.0,0
2026-10-05 02:02:44Z,DET,in,0.5,HALF,0.0,11539,Jake Bates,K,9.5,14.0,5.91,19.91,19.91,18.75,0.0,1.0,19.91,,0.0,0
2026-10-05 02:02:44Z,CAR,in,0.5,HALF,0.0,2505,Darren Waller,TE,8.8,0.0,3.79,3.79,3.85,4.4,0.5,1.0,3.79,,0.0,0
2026-10-05 02:03:44Z,CAR,in,0.5,HALF,0.0,11157,Brycen Tremayne,WR,5.6,0.0,2.41,2.41,2.45,2.8,0.5,1.0,2.41,,0.0,0
2026-10-05 02:03:44Z,CAR,in,0.5,HALF,0.0,12961,Ryan Fitzgerald,K,7.3,4.0,3.69,7.69,7.69,7.65,0.008,1.0,7.69,,0.0,0
2026-10-05 02:03:44Z,DET,in,0.5,HALF,0.0,12535,Isaac TeSlaa,WR,5.3,0.0,2.28,2.28,2.32,2.65,0.5,1.0,2.28,,0.0,0
2026-10-05 02:03:44Z,DET,in,0.5,HALF,0.0,10859,Sam LaPorta,TE,13.0,4.6,5.97,10.57,10.86,11.1,0.24,1.0,10.57,,0.0,0
2026-10-05 02:03:44Z,DET,in,0.5,HALF,0.0,11237,Jacob Saylors,RB,1.7,0.0,0.68,0.68,0.74,0.85,0.5,1.0,0.68,,0.0,0
2026-10-05 02:03:44Z,CAR,in,0.5,HALF,0.0,9228,Bryce Young,QB,19.4,11.82,9.82,21.64,21.79,21.52,0.011,1.0,21.64,,0.0,0
2026-10-05 02:03:44Z,CAR,in,0.5,HALF,0.0,7694,Tommy Tremble,TE,3.8,3.9,1.95,5.85,6.05,5.8,0.148,1.0,5.85,,0.0,0
2026-10-05 02:03:44Z,CAR,in,0.5,HALF,0.0,8160,Kenny Pickett,QB,0.6,0.0,0.25,0.25,0.26,0.3,0.5,0.3,0.08,,0.0,0
2026-10-05 02:03:44Z,CAR,in,0.5,HALF,0.0,CAR,Carolina Panthers D/ST,DST,4.2,1.0,0.66,1.66,2.96,3.1,0.0,1.0,1.66,,0.0,0
2026-10-05 02:03:44Z,DET,in,0.5,HALF,0.0,8250,Tay Martin,WR,0.8,0.0,0.34,0.34,0.35,0.4,0.5,1.0,0.34,,0.0,0
2026-10-05 02:03:44Z,DET,in,0.5,HALF,0.0,4179,Joshua Dobbs,QB,0.6,0.0,0.25,0.25,0.26,0.3,0.5,0.3,0.08,,0.0,0
2026-10-05 02:03:44Z,DET,in,0.5,HALF,0.0,9221,Jahmyr Gibbs,RB,25.7,12.4,12.32,24.72,25.19,25.25,0.037,1.0,24.72,,0.0,0
2026-10-05 02:03:44Z,DET,in,0.5,HALF,0.0,3163,Jared Goff,QB,18.3,6.12,8.53,14.65,14.89,15.27,0.004,1.0,14.65,,0.0,0
2026-10-05 02:03:44Z,DET,in,0.5,HALF,0.0,8148,Jameson Williams,WR,12.7,11.4,6.39,17.79,18.38,17.75,0.004,1.0,17.79,,0.0,0
2026-10-05 02:03:44Z,DET,in,0.5,HALF,0.0,7891,Brock Wright,TE,1.5,0.0,0.65,0.65,0.66,0.75,0.5,1.0,0.65,,0.0,0
2026-10-05 02:03:44Z,DET,in,0.5,HALF,0.0,7547,Amon-Ra St. Brown,WR,20.0,6.7,9.16,15.86,16.29,16.7,0.06,1.0,15.86,,0.0,0
2026-10-05 02:03:44Z,CAR,in,0.5,HALF,0.0,12526,Tetairoa McMillan,WR,16.4,29.7,9.47,39.17,40.59,37.9,0.011,1.0,39.17,,0.0,0
2026-10-05 02:03:44Z,CAR,in,0.5,HALF,0.0,11646,Jalen Coker,WR,8.5,0.0,3.66,3.66,3.72,4.25,0.5,1.0,3.66,,0.0,0
2026-10-05 02:03:44Z,DET,in,0.5,HALF,0.0,DET,Detroit Lions D/ST,DST,5.7,3.0,0.56,3.56,5.87,5.85,0.008,1.0,3.56,,0.0,0
2026-10-05 02:03:44Z,DET,in,0.5,HALF,0.0,11729,Sione Vaki,RB,2.6,2.7,1.49,4.19,4.18,4.0,0.122,1.0,4.19,,0.0,0
2026-10-05 02:03:44Z,CAR,in,0.5,HALF,0.0,11600,Ja'Tavion Sanders,TE,2.7,0.0,1.16,1.16,1.18,1.35,0.5,1.0,1.16,,0.0,0
2026-10-05 02:03:44Z,CAR,in,0.5,HALF,0.0,7594,Chuba Hubbard,RB,16.6,10.3,8.34,18.64,18.85,18.6,0.011,1.0,18.64,,0.0,0
2026-10-05 02:03:44Z,DET,in,0.5,HALF,0.0,11539,Jake Bates,K,9.5,14.0,5.91,19.91,19.91,18.75,0.0,1.0,19.91,,0.0,0
2026-10-05 02:03:44Z,CAR,in,0.5,HALF,0.0,2505,Darren Waller,TE,8.8,0.0,3.79,3.79,3.85,4.4,0.5,1.0,3.79,,0.0,0
2026-10-05 02:04:45Z,CAR,in,0.5,HALF,0.0,11157,Brycen Tremayne,WR,5.6,0.0,2.41,2.41,2.45,2.8,0.5,1.0,2.41,,0.0,0
2026-10-05 02:04:45Z,CAR,in,0.5,HALF,0.0,12961,Ryan Fitzgerald,K,7.3,4.0,3.69,7.69,7.69,7.65,0.008,1.0,7.69,,0.0,0
2026-10-05 02:04:45Z,DET,in,0.5,HALF,0.0,12535,Isaac TeSlaa,WR,5.3,0.0,2.28,2.28,2.32,2.65,0.5,1.0,2.28,,0.0,0
2026-10-05 02:04:45Z,DET,in,0.5,HALF,0.0,10859,Sam LaPorta,TE,13.0,4.6,5.97,10.57,10.86,11.1,0.24,1.0,10.57,,0.0,0
2026-10-05 02:04:45Z,DET,in,0.5,HALF,0.0,11237,Jacob Saylors,RB,1.7,0.0,0.68,0.68,0.74,0.85,0.5,1.0,0.68,,0.0,0
2026-10-05 02:04:45Z,CAR,in,0.5,HALF,0.0,9228,Bryce Young,QB,19.4,11.82,9.82,21.64,21.79,21.52,0.011,1.0,21.64,,0.0,0
2026-10-05 02:04:45Z,CAR,in,0.5,HALF,0.0,7694,Tommy Tremble,TE,3.8,3.9,1.95,5.85,6.05,5.8,0.148,1.0,5.85,,0.0,0
2026-10-05 02:04:45Z,CAR,in,0.5,HALF,0.0,8160,Kenny Pickett,QB,0.6,0.0,0.25,0.25,0.26,0.3,0.5,0.3,0.08,,0.0,0
2026-10-05 02:04:45Z,CAR,in,0.5,HALF,0.0,CAR,Carolina Panthers D/ST,DST,4.2,1.0,0.66,1.66,2.96,3.1,0.0,1.0,1.66,,0.0,0
2026-10-05 02:04:45Z,DET,in,0.5,HALF,0.0,8250,Tay Martin,WR,0.8,0.0,0.34,0.34,0.35,0.4,0.5,1.0,0.34,,0.0,0
2026-10-05 02:04:45Z,DET,in,0.5,HALF,0.0,4179,Joshua Dobbs,QB,0.6,0.0,0.25,0.25,0.26,0.3,0.5,0.3,0.08,,0.0,0
2026-10-05 02:04:45Z,DET,in,0.5,HALF,0.0,9221,Jahmyr Gibbs,RB,25.7,12.4,12.32,24.72,25.19,25.25,0.037,1.0,24.72,,0.0,0
2026-10-05 02:04:45Z,DET,in,0.5,HALF,0.0,3163,Jared Goff,QB,18.3,6.12,8.53,14.65,14.89,15.27,0.004,1.0,14.65,,0.0,0
2026-10-05 02:04:45Z,DET,in,0.5,HALF,0.0,8148,Jameson Williams,WR,12.7,11.4,6.39,17.79,18.38,17.75,0.004,1.0,17.79,,0.0,0
2026-10-05 02:04:45Z,DET,in,0.5,HALF,0.0,7891,Brock Wright,TE,1.5,0.0,0.65,0.65,0.66,0.75,0.5,1.0,0.65,,0.0,0
2026-10-05 02:04:45Z,DET,in,0.5,HALF,0.0,7547,Amon-Ra St. Brown,WR,20.0,6.7,9.16,15.86,16.29,16.7,0.06,1.0,15.86,,0.0,0
2026-10-05 02:04:45Z,CAR,in,0.5,HALF,0.0,12526,Tetairoa McMillan,WR,16.4,29.7,9.47,39.17,40.59,37.9,0.011,1.0,39.17,,0.0,0
2026-10-05 02:04:45Z,CAR,in,0.5,HALF,0.0,11646,Jalen Coker,WR,8.5,0.0,3.66,3.66,3.72,4.25,0.5,1.0,3.66,,0.0,0
2026-10-05 02:04:45Z,DET,in,0.5,HALF,0.0,DET,Detroit Lions D/ST,DST,5.7,3.0,0.56,3.56,5.87,5.85,0.008,1.0,3.56,,0.0,0
2026-10-05 02:04:45Z,DET,in,0.5,HALF,0.0,11729,Sione Vaki,RB,2.6,2.7,1.49,4.19,4.18,4.0,0.122,1.0,4.19,,0.0,0
2026-10-05 02:04:45Z,CAR,in,0.5,HALF,0.0,11600,Ja'Tavion Sanders,TE,2.7,0.0,1.16,1.16,1.18,1.35,0.5,1.0,1.16,,0.0,0
2026-10-05 02:04:45Z,CAR,in,0.5,HALF,0.0,7594,Chuba Hubbard,RB,16.6,10.3,8.34,18.64,18.85,18.6,0.011,1.0,18.64,,0.0,0
2026-10-05 02:04:45Z,DET,in,0.5,HALF,0.0,11539,Jake Bates,K,9.5,14.0,5.91,19.91,19.91,18.75,0.0,1.0,19.91,,0.0,0
2026-10-05 02:04:45Z,CAR,in,0.5,HALF,0.0,2505,Darren Waller,TE,8.8,0.0,3.79,3.79,3.85,4.4,0.5,1.0,3.79,,0.0,0
2026-10-05 02:05:45Z,CAR,in,0.5,HALF,0.0,11157,Brycen Tremayne,WR,5.6,0.0,2.41,2.41,2.45,2.8,0.5,1.0,2.41,,0.0,0
2026-10-05 02:05:45Z,CAR,in,0.5,HALF,0.0,12961,Ryan Fitzgerald,K,7.3,4.0,3.69,7.69,7.69,7.65,0.008,1.0,7.69,,0.0,0
2026-10-05 02:05:45Z,DET,in,0.5,HALF,0.0,12535,Isaac TeSlaa,WR,5.3,0.0,2.28,2.28,2.32,2.65,0.5,1.0,2.28,,0.0,0
2026-10-05 02:05:45Z,DET,in,0.5,HALF,0.0,10859,Sam LaPorta,TE,13.0,4.6,5.97,10.57,10.86,11.1,0.24,1.0,10.57,,0.0,0
2026-10-05 02:05:45Z,DET,in,0.5,HALF,0.0,11237,Jacob Saylors,RB,1.7,0.0,0.68,0.68,0.74,0.85,0.5,1.0,0.68,,0.0,0
2026-10-05 02:05:45Z,CAR,in,0.5,HALF,0.0,9228,Bryce Young,QB,19.4,11.82,9.82,21.64,21.79,21.52,0.011,1.0,21.64,,0.0,0
2026-10-05 02:05:45Z,CAR,in,0.5,HALF,0.0,7694,Tommy Tremble,TE,3.8,3.9,1.95,5.85,6.05,5.8,0.148,1.0,5.85,,0.0,0
2026-10-05 02:05:45Z,CAR,in,0.5,HALF,0.0,8160,Kenny Pickett,QB,0.6,0.0,0.25,0.25,0.26,0.3,0.5,0.3,0.08,,0.0,0
2026-10-05 02:05:45Z,CAR,in,0.5,HALF,0.0,CAR,Carolina Panthers D/ST,DST,4.2,1.0,0.66,1.66,2.96,3.1,0.0,1.0,1.66,,0.0,0
2026-10-05 02:05:45Z,DET,in,0.5,HALF,0.0,8250,Tay Martin,WR,0.8,0.0,0.34,0.34,0.35,0.4,0.5,1.0,0.34,,0.0,0
2026-10-05 02:05:45Z,DET,in,0.5,HALF,0.0,4179,Joshua Dobbs,QB,0.6,0.0,0.25,0.25,0.26,0.3,0.5,0.3,0.08,,0.0,0
2026-10-05 02:05:45Z,DET,in,0.5,HALF,0.0,9221,Jahmyr Gibbs,RB,25.7,12.4,12.32,24.72,25.19,25.25,0.037,1.0,24.72,,0.0,0
2026-10-05 02:05:45Z,DET,in,0.5,HALF,0.0,3163,Jared Goff,QB,18.3,6.12,8.53,14.65,14.89,15.27,0.004,1.0,14.65,,0.0,0
2026-10-05 02:05:45Z,DET,in,0.5,HALF,0.0,8148,Jameson Williams,WR,12.7,11.4,6.39,17.79,18.38,17.75,0.004,1.0,17.79,,0.0,0
2026-10-05 02:05:45Z,DET,in,0.5,HALF,0.0,7891,Brock Wright,TE,1.5,0.0,0.65,0.65,0.66,0.75,0.5,1.0,0.65,,0.0,0
2026-10-05 02:05:45Z,DET,in,0.5,HALF,0.0,7547,Amon-Ra St. Brown,WR,20.0,6.7,9.16,15.86,16.29,16.7,0.06,1.0,15.86,,0.0,0
2026-10-05 02:05:45Z,CAR,in,0.5,HALF,0.0,12526,Tetairoa McMillan,WR,16.4,29.7,9.47,39.17,40.59,37.9,0.011,1.0,39.17,,0.0,0
2026-10-05 02:05:45Z,CAR,in,0.5,HALF,0.0,11646,Jalen Coker,WR,8.5,0.0,3.66,3.66,3.72,4.25,0.5,1.0,3.66,,0.0,0
2026-10-05 02:05:45Z,DET,in,0.5,HALF,0.0,DET,Detroit Lions D/ST,DST,5.7,3.0,0.56,3.56,5.87,5.85,0.008,1.0,3.56,,0.0,0
2026-10-05 02:05:45Z,DET,in,0.5,HALF,0.0,11729,Sione Vaki,RB,2.6,2.7,1.49,4.19,4.18,4.0,0.122,1.0,4.19,,0.0,0
2026-10-05 02:05:45Z,CAR,in,0.5,HALF,0.0,11600,Ja'Tavion Sanders,TE,2.7,0.0,1.16,1.16,1.18,1.35,0.5,1.0,1.16,,0.0,0
2026-10-05 02:05:45Z,CAR,in,0.5,HALF,0.0,7594,Chuba Hubbard,RB,16.6,10.3,8.34,18.64,18.85,18.6,0.011,1.0,18.64,,0.0,0
2026-10-05 02:05:45Z,DET,in,0.5,HALF,0.0,11539,Jake Bates,K,9.5,14.0,5.91,19.91,19.91,18.75,0.0,1.0,19.91,,0.0,0
2026-10-05 02:05:45Z,CAR,in,0.5,HALF,0.0,2505,Darren Waller,TE,8.8,0.0,3.79,3.79,3.85,4.4,0.5,1.0,3.79,,0.0,0
2026-10-05 02:06:46Z,CAR,in,0.5,HALF,0.0,11157,Brycen Tremayne,WR,5.6,0.0,2.41,2.41,2.45,2.8,0.5,1.0,2.41,,0.0,0
2026-10-05 02:06:46Z,CAR,in,0.5,HALF,0.0,12961,Ryan Fitzgerald,K,7.3,4.0,3.69,7.69,7.69,7.65,0.008,1.0,7.69,,0.0,0
2026-10-05 02:06:46Z,DET,in,0.5,HALF,0.0,12535,Isaac TeSlaa,WR,5.3,0.0,2.28,2.28,2.32,2.65,0.5,1.0,2.28,,0.0,0
2026-10-05 02:06:46Z,DET,in,0.5,HALF,0.0,10859,Sam LaPorta,TE,13.0,4.6,5.97,10.57,10.86,11.1,0.24,1.0,10.57,,0.0,0
2026-10-05 02:06:46Z,DET,in,0.5,HALF,0.0,11237,Jacob Saylors,RB,1.7,0.0,0.68,0.68,0.74,0.85,0.5,1.0,0.68,,0.0,0
2026-10-05 02:06:46Z,CAR,in,0.5,HALF,0.0,9228,Bryce Young,QB,19.4,11.82,9.82,21.64,21.79,21.52,0.011,1.0,21.64,,0.0,0
2026-10-05 02:06:46Z,CAR,in,0.5,HALF,0.0,7694,Tommy Tremble,TE,3.8,3.9,1.95,5.85,6.05,5.8,0.148,1.0,5.85,,0.0,0
2026-10-05 02:06:46Z,CAR,in,0.5,HALF,0.0,8160,Kenny Pickett,QB,0.6,0.0,0.25,0.25,0.26,0.3,0.5,0.3,0.08,,0.0,0
2026-10-05 02:06:46Z,CAR,in,0.5,HALF,0.0,CAR,Carolina Panthers D/ST,DST,4.2,1.0,0.66,1.66,2.96,3.1,0.0,1.0,1.66,,0.0,0
2026-10-05 02:06:46Z,DET,in,0.5,HALF,0.0,8250,Tay Martin,WR,0.8,0.0,0.34,0.34,0.35,0.4,0.5,1.0,0.34,,0.0,0
2026-10-05 02:06:46Z,DET,in,0.5,HALF,0.0,4179,Joshua Dobbs,QB,0.6,0.0,0.25,0.25,0.26,0.3,0.5,0.3,0.08,,0.0,0
2026-10-05 02:06:46Z,DET,in,0.5,HALF,0.0,9221,Jahmyr Gibbs,RB,25.7,12.4,12.32,24.72,25.19,25.25,0.037,1.0,24.72,,0.0,0
2026-10-05 02:06:46Z,DET,in,0.5,HALF,0.0,3163,Jared Goff,QB,18.3,6.12,8.53,14.65,14.89,15.27,0.004,1.0,14.65,,0.0,0
2026-10-05 02:06:46Z,DET,in,0.5,HALF,0.0,8148,Jameson Williams,WR,12.7,11.4,6.39,17.79,18.38,17.75,0.004,1.0,17.79,,0.0,0
2026-10-05 02:06:46Z,DET,in,0.5,HALF,0.0,7891,Brock Wright,TE,1.5,0.0,0.65,0.65,0.66,0.75,0.5,1.0,0.65,,0.0,0
2026-10-05 02:06:46Z,DET,in,0.5,HALF,0.0,7547,Amon-Ra St. Brown,WR,20.0,6.7,9.16,15.86,16.29,16.7,0.06,1.0,15.86,,0.0,0
2026-10-05 02:06:46Z,CAR,in,0.5,HALF,0.0,12526,Tetairoa McMillan,WR,16.4,29.7,9.47,39.17,40.59,37.9,0.011,1.0,39.17,,0.0,0
2026-10-05 02:06:46Z,CAR,in,0.5,HALF,0.0,11646,Jalen Coker,WR,8.5,0.0,3.66,3.66,3.72,4.25,0.5,1.0,3.66,,0.0,0
2026-10-05 02:06:46Z,DET,in,0.5,HALF,0.0,DET,Detroit Lions D/ST,DST,5.7,3.0,0.56,3.56,5.87,5.85,0.008,1.0,3.56,,0.0,0
2026-10-05 02:06:46Z,DET,in,0.5,HALF,0.0,11729,Sione Vaki,RB,2.6,2.7,1.49,4.19,4.18,4.0,0.122,1.0,4.19,,0.0,0
2026-10-05 02:06:46Z,CAR,in,0.5,HALF,0.0,11600,Ja'Tavion Sanders,TE,2.7,0.0,1.16,1.16,1.18,1.35,0.5,1.0,1.16,,0.0,0
2026-10-05 02:06:46Z,CAR,in,0.5,HALF,0.0,7594,Chuba Hubbard,RB,16.6,10.3,8.34,18.64,18.85,18.6,0.011,1.0,18.64,,0.0,0
2026-10-05 02:06:46Z,DET,in,0.5,HALF,0.0,11539,Jake Bates,K,9.5,14.0,5.91,19.91,19.91,18.75,0.0,1.0,19.91,,0.0,0
2026-10-05 02:06:46Z,CAR,in,0.5,HALF,0.0,2505,Darren Waller,TE,8.8,0.0,3.79,3.79,3.85,4.4,0.5,1.0,3.79,,0.0,0
2026-10-05 02:07:46Z,CAR,in,0.501,Q3 14:55,0.0,11157,Brycen Tremayne,WR,5.6,0.0,2.41,2.41,2.44,2.79,0.501,1.0,2.41,,0.0,0
2026-10-05 02:07:46Z,CAR,in,0.501,Q3 14:55,0.0,12961,Ryan Fitzgerald,K,7.3,4.0,3.68,7.68,7.68,7.64,0.009,1.0,7.68,,0.0,0
2026-10-05 02:07:46Z,DET,in,0.501,Q3 14:55,0.0,12535,Isaac TeSlaa,WR,5.3,0.0,2.28,2.28,2.31,2.64,0.501,1.0,2.28,,0.0,0
2026-10-05 02:07:46Z,DET,in,0.501,Q3 14:55,0.0,10859,Sam LaPorta,TE,13.0,4.6,5.96,10.56,10.84,11.08,0.242,1.0,10.56,,0.0,0
2026-10-05 02:07:46Z,DET,in,0.501,Q3 14:55,0.0,11237,Jacob Saylors,RB,1.7,0.0,0.68,0.68,0.74,0.85,0.501,1.0,0.68,,0.0,0
2026-10-05 02:07:46Z,CAR,in,0.501,Q3 14:55,0.0,9228,Bryce Young,QB,19.4,11.82,9.79,21.61,21.75,21.49,0.013,1.0,21.61,,0.0,0
2026-10-05 02:07:46Z,CAR,in,0.501,Q3 14:55,0.0,7694,Tommy Tremble,TE,3.8,3.9,1.95,5.85,6.04,5.79,0.149,1.0,5.85,,0.0,0
2026-10-05 02:07:46Z,CAR,in,0.501,Q3 14:55,0.0,8160,Kenny Pickett,QB,0.6,0.0,0.25,0.25,0.26,0.3,0.501,0.3,0.08,,0.0,0
2026-10-05 02:07:46Z,CAR,in,0.501,Q3 14:55,0.0,CAR,Carolina Panthers D/ST,DST,4.2,1.0,0.66,1.66,2.96,3.09,0.001,1.0,1.66,,0.0,0
2026-10-05 02:07:46Z,DET,in,0.501,Q3 14:55,0.0,8250,Tay Martin,WR,0.8,0.0,0.34,0.34,0.35,0.4,0.501,1.0,0.34,,0.0,0
2026-10-05 02:07:46Z,DET,in,0.501,Q3 14:55,0.0,4179,Joshua Dobbs,QB,0.6,0.0,0.25,0.25,0.26,0.3,0.501,0.3,0.08,,0.0,0
2026-10-05 02:07:46Z,DET,in,0.501,Q3 14:55,0.0,9221,Jahmyr Gibbs,RB,25.7,12.4,12.28,24.68,25.15,25.21,0.039,1.0,24.68,,0.0,0
2026-10-05 02:07:46Z,DET,in,0.501,Q3 14:55,0.0,3163,Jared Goff,QB,18.3,6.12,8.51,14.63,14.86,15.24,0.006,1.0,14.63,,0.0,0
2026-10-05 02:07:46Z,DET,in,0.501,Q3 14:55,0.0,8148,Jameson Williams,WR,12.7,11.4,6.38,17.78,18.36,17.73,0.006,1.0,17.78,,0.0,0
2026-10-05 02:07:46Z,DET,in,0.501,Q3 14:55,0.0,7891,Brock Wright,TE,1.5,0.0,0.64,0.64,0.65,0.75,0.501,1.0,0.64,,0.0,0
2026-10-05 02:07:46Z,DET,in,0.501,Q3 14:55,0.0,7547,Amon-Ra St. Brown,WR,20.0,6.7,9.14,15.84,16.26,16.67,0.061,1.0,15.84,,0.0,0
2026-10-05 02:07:46Z,CAR,in,0.501,Q3 14:55,0.0,12526,Tetairoa McMillan,WR,16.4,29.7,9.45,39.15,40.55,37.88,0.013,1.0,39.15,,0.0,0
2026-10-05 02:07:46Z,CAR,in,0.501,Q3 14:55,0.0,11646,Jalen Coker,WR,8.5,0.0,3.65,3.65,3.71,4.24,0.501,1.0,3.65,,0.0,0
2026-10-05 02:07:46Z,DET,in,0.501,Q3 14:55,0.0,DET,Detroit Lions D/ST,DST,5.7,3.0,0.56,3.56,5.86,5.84,0.009,1.0,3.56,,0.0,0
2026-10-05 02:07:46Z,DET,in,0.501,Q3 14:55,0.0,11729,Sione Vaki,RB,2.6,2.7,1.48,4.18,4.17,4.0,0.124,1.0,4.18,,0.0,0
2026-10-05 02:07:46Z,CAR,in,0.501,Q3 14:55,0.0,11600,Ja'Tavion Sanders,TE,2.7,0.0,1.16,1.16,1.18,1.35,0.501,1.0,1.16,,0.0,0
2026-10-05 02:07:46Z,CAR,in,0.501,Q3 14:55,0.0,7594,Chuba Hubbard,RB,16.6,10.3,8.32,18.62,18.82,18.58,0.013,1.0,18.62,,0.0,0
2026-10-05 02:07:46Z,DET,in,0.501,Q3 14:55,0.0,11539,Jake Bates,K,9.5,14.0,5.89,19.89,19.89,18.74,0.001,1.0,19.89,,0.0,0
2026-10-05 02:07:46Z,CAR,in,0.501,Q3 14:55,0.0,2505,Darren Waller,TE,8.8,0.0,3.78,3.78,3.84,4.39,0.501,1.0,3.78,,0.0,0
2026-10-05 02:08:46Z,CAR,in,0.517,Q3 13:58,0.0,11157,Brycen Tremayne,WR,5.6,0.0,2.34,2.34,2.35,2.7,0.517,1.0,2.34,,0.0,0
2026-10-05 02:08:46Z,CAR,in,0.517,Q3 13:58,0.0,12961,Ryan Fitzgerald,K,7.3,4.0,3.55,7.55,7.55,7.52,0.025,1.0,7.55,,0.0,0
2026-10-05 02:08:46Z,DET,in,0.517,Q3 13:58,0.0,12535,Isaac TeSlaa,WR,5.3,0.0,2.21,2.21,2.23,2.56,0.517,1.0,2.21,,0.0,0
2026-10-05 02:08:46Z,DET,in,0.517,Q3 13:58,0.0,10859,Sam LaPorta,TE,13.0,4.6,5.78,10.38,10.62,10.88,0.258,1.0,10.38,,0.0,0
2026-10-05 02:08:46Z,DET,in,0.517,Q3 13:58,0.0,11237,Jacob Saylors,RB,1.7,0.0,0.65,0.65,0.71,0.82,0.517,1.0,0.65,,0.0,0
2026-10-05 02:08:46Z,CAR,in,0.517,Q3 13:58,0.0,9228,Bryce Young,QB,19.4,12.02,9.55,21.57,21.63,21.39,0.0,1.0,21.57,,0.0,0
2026-10-05 02:08:46Z,CAR,in,0.517,Q3 13:58,0.0,7694,Tommy Tremble,TE,3.8,3.9,1.89,5.79,5.97,5.73,0.165,1.0,5.79,,0.0,0
2026-10-05 02:08:46Z,CAR,in,0.517,Q3 13:58,0.0,8160,Kenny Pickett,QB,0.6,0.0,0.24,0.24,0.25,0.29,0.517,0.3,0.07,,0.0,0
2026-10-05 02:08:46Z,CAR,in,0.517,Q3 13:58,0.0,CAR,Carolina Panthers D/ST,DST,4.2,1.0,0.63,1.63,2.89,3.03,0.017,1.0,1.63,,0.0,0
2026-10-05 02:08:46Z,DET,in,0.517,Q3 13:58,0.0,8250,Tay Martin,WR,0.8,0.0,0.33,0.33,0.34,0.39,0.517,1.0,0.33,,0.0,0
2026-10-05 02:08:46Z,DET,in,0.517,Q3 13:58,0.0,4179,Joshua Dobbs,QB,0.6,0.0,0.24,0.24,0.25,0.29,0.517,0.3,0.07,,0.0,0
2026-10-05 02:08:46Z,DET,in,0.517,Q3 13:58,0.0,9221,Jahmyr Gibbs,RB,25.7,12.4,11.83,24.23,24.7,24.81,0.054,1.0,24.23,,0.0,0
2026-10-05 02:08:46Z,DET,in,0.517,Q3 13:58,0.0,3163,Jared Goff,QB,18.3,6.12,8.27,14.39,14.55,14.95,0.021,1.0,14.39,,0.0,0
2026-10-05 02:08:46Z,DET,in,0.517,Q3 13:58,0.0,8148,Jameson Williams,WR,12.7,11.4,6.19,17.59,18.11,17.53,0.021,1.0,17.59,,0.0,0
2026-10-05 02:08:46Z,DET,in,0.517,Q3 13:58,0.0,7891,Brock Wright,TE,1.5,0.0,0.63,0.63,0.63,0.72,0.517,1.0,0.63,,0.0,0
2026-10-05 02:08:46Z,DET,in,0.517,Q3 13:58,0.0,7547,Amon-Ra St. Brown,WR,20.0,6.7,8.87,15.57,15.92,16.36,0.077,1.0,15.57,,0.0,0
2026-10-05 02:08:46Z,CAR,in,0.517,Q3 13:58,0.0,12526,Tetairoa McMillan,WR,16.4,31.2,9.29,40.49,41.86,39.12,0.0,1.0,40.49,,0.0,0
2026-10-05 02:08:46Z,CAR,in,0.517,Q3 13:58,0.0,11646,Jalen Coker,WR,8.5,0.0,3.55,3.55,3.57,4.1,0.517,1.0,3.55,,0.0,0
2026-10-05 02:08:46Z,DET,in,0.517,Q3 13:58,0.0,DET,Detroit Lions D/ST,DST,5.7,3.0,0.53,3.53,5.76,5.75,0.025,1.0,3.53,,0.0,0
2026-10-05 02:08:46Z,DET,in,0.517,Q3 13:58,0.0,11729,Sione Vaki,RB,2.6,2.7,1.43,4.13,4.12,3.96,0.14,1.0,4.13,,0.0,0
2026-10-05 02:08:46Z,CAR,in,0.517,Q3 13:58,0.0,11600,Ja'Tavion Sanders,TE,2.7,0.0,1.13,1.13,1.13,1.3,0.517,1.0,1.13,,0.0,0
2026-10-05 02:08:46Z,CAR,in,0.517,Q3 13:58,0.0,7594,Chuba Hubbard,RB,16.6,10.7,8.07,18.77,18.97,18.71,0.0,1.0,18.77,,0.0,0
2026-10-05 02:08:46Z,DET,in,0.517,Q3 13:58,0.0,11539,Jake Bates,K,9.5,14.0,5.68,19.68,19.68,18.59,0.017,1.0,19.68,,0.0,0
2026-10-05 02:08:46Z,CAR,in,0.517,Q3 13:58,0.0,2505,Darren Waller,TE,8.8,0.0,3.67,3.67,3.7,4.25,0.517,1.0,3.67,,0.0,0
2026-10-05 02:09:47Z,CAR,in,0.535,Q3 12:54,0.0,11157,Brycen Tremayne,WR,5.6,2.1,2.42,4.52,4.6,4.7,0.0,1.0,4.52,,0.0,0
2026-10-05 02:09:47Z,CAR,in,0.535,Q3 12:54,0.0,12961,Ryan Fitzgerald,K,7.3,4.0,3.41,7.41,7.41,7.39,0.043,1.0,7.41,,0.0,0
2026-10-05 02:09:47Z,DET,in,0.535,Q3 12:54,0.0,12535,Isaac TeSlaa,WR,5.3,0.0,2.14,2.14,2.13,2.46,0.535,1.0,2.14,,0.0,0
2026-10-05 02:09:47Z,DET,in,0.535,Q3 12:54,0.0,10859,Sam LaPorta,TE,13.0,4.6,5.59,10.19,10.37,10.64,0.275,1.0,10.19,,0.0,0
2026-10-05 02:09:47Z,DET,in,0.535,Q3 12:54,0.0,11237,Jacob Saylors,RB,1.7,0.0,0.62,0.62,0.68,0.79,0.535,1.0,0.62,,0.0,0
2026-10-05 02:09:47Z,CAR,in,0.535,Q3 12:54,0.0,9228,Bryce Young,QB,19.4,12.46,9.31,21.77,21.72,21.48,0.0,1.0,21.77,,0.0,0
2026-10-05 02:09:47Z,CAR,in,0.535,Q3 12:54,0.0,7694,Tommy Tremble,TE,3.8,3.9,1.83,5.73,5.88,5.67,0.183,1.0,5.73,,0.0,0
2026-10-05 02:09:47Z,CAR,in,0.535,Q3 12:54,0.0,8160,Kenny Pickett,QB,0.6,0.0,0.23,0.23,0.24,0.28,0.535,0.3,0.07,,0.0,0
2026-10-05 02:09:47Z,CAR,in,0.535,Q3 12:54,0.0,CAR,Carolina Panthers D/ST,DST,4.2,1.0,0.6,1.6,2.81,2.95,0.035,1.0,1.6,,0.0,0
2026-10-05 02:09:47Z,DET,in,0.535,Q3 12:54,0.0,8250,Tay Martin,WR,0.8,0.0,0.32,0.32,0.32,0.37,0.535,1.0,0.32,,0.0,0
2026-10-05 02:09:47Z,DET,in,0.535,Q3 12:54,0.0,4179,Joshua Dobbs,QB,0.6,0.0,0.23,0.23,0.24,0.28,0.535,0.3,0.07,,0.0,0
2026-10-05 02:09:47Z,DET,in,0.535,Q3 12:54,0.0,9221,Jahmyr Gibbs,RB,25.7,12.4,11.32,23.72,24.19,24.35,0.072,1.0,23.72,,0.0,0
2026-10-05 02:09:47Z,DET,in,0.535,Q3 12:54,0.0,3163,Jared Goff,QB,18.3,6.12,7.99,14.11,14.2,14.63,0.039,1.0,14.11,,0.0,0
2026-10-05 02:09:47Z,DET,in,0.535,Q3 12:54,0.0,8148,Jameson Williams,WR,12.7,11.4,5.98,17.38,17.84,17.31,0.039,1.0,17.38,,0.0,0
2026-10-05 02:09:47Z,DET,in,0.535,Q3 12:54,0.0,7891,Brock Wright,TE,1.5,0.0,0.6,0.6,0.6,0.7,0.535,1.0,0.6,,0.0,0
2026-10-05 02:09:47Z,DET,in,0.535,Q3 12:54,0.0,7547,Amon-Ra St. Brown,WR,20.0,6.7,8.57,15.27,15.54,16.0,0.095,1.0,15.27,,0.0,0
2026-10-05 02:09:47Z,CAR,in,0.535,Q3 12:54,0.0,12526,Tetairoa McMillan,WR,16.4,31.2,8.97,40.17,41.43,38.83,0.018,1.0,40.17,,0.0,0
2026-10-05 02:09:47Z,CAR,in,0.535,Q3 12:54,0.0,11646,Jalen Coker,WR,8.5,0.0,3.43,3.43,3.42,3.95,0.535,1.0,3.43,,0.0,0
2026-10-05 02:09:47Z,DET,in,0.535,Q3 12:54,0.0,DET,Detroit Lions D/ST,DST,5.7,3.0,0.5,3.5,5.64,5.65,0.043,1.0,3.5,,0.0,0
2026-10-05 02:09:47Z,DET,in,0.535,Q3 12:54,0.0,11729,Sione Vaki,RB,2.6,2.7,1.37,4.07,4.06,3.91,0.158,1.0,4.07,,0.0,0
2026-10-05 02:09:47Z,CAR,in,0.535,Q3 12:54,0.0,11600,Ja'Tavion Sanders,TE,2.7,0.0,1.09,1.09,1.09,1.26,0.535,1.0,1.09,,0.0,0
2026-10-05 02:09:47Z,CAR,in,0.535,Q3 12:54,0.0,7594,Chuba Hubbard,RB,16.6,10.7,7.73,18.43,18.63,18.42,0.018,1.0,18.43,,0.0,0
2026-10-05 02:09:47Z,DET,in,0.535,Q3 12:54,0.0,11539,Jake Bates,K,9.5,14.0,5.45,19.45,19.45,18.42,0.035,1.0,19.45,,0.0,0
2026-10-05 02:09:47Z,CAR,in,0.535,Q3 12:54,0.0,2505,Darren Waller,TE,8.8,0.0,3.55,3.55,3.54,4.09,0.535,1.0,3.55,,0.0,0
2026-10-05 02:10:47Z,CAR,in,0.544,Q3 12:20,0.0,11157,Brycen Tremayne,WR,5.6,2.1,2.37,4.47,4.54,4.65,0.009,1.0,4.47,,0.0,0
2026-10-05 02:10:47Z,CAR,in,0.544,Q3 12:20,0.0,12961,Ryan Fitzgerald,K,7.3,4.0,3.33,7.33,7.33,7.33,0.052,1.0,7.33,,0.0,0
2026-10-05 02:10:47Z,DET,in,0.544,Q3 12:20,0.0,12535,Isaac TeSlaa,WR,5.3,0.0,2.1,2.1,2.09,2.41,0.544,1.0,2.1,,0.0,0
2026-10-05 02:10:47Z,DET,in,0.544,Q3 12:20,0.0,10859,Sam LaPorta,TE,13.0,4.6,5.48,10.08,10.24,10.52,0.285,1.0,10.08,,0.0,0
2026-10-05 02:10:47Z,DET,in,0.544,Q3 12:20,0.0,11237,Jacob Saylors,RB,1.7,0.0,0.61,0.61,0.67,0.77,0.544,1.0,0.61,,0.0,0
2026-10-05 02:10:47Z,CAR,in,0.544,Q3 12:20,0.0,9228,Bryce Young,QB,19.4,12.46,9.14,21.6,21.51,21.3,0.009,1.0,21.6,,0.0,0
2026-10-05 02:10:47Z,CAR,in,0.544,Q3 12:20,0.0,7694,Tommy Tremble,TE,3.8,3.9,1.79,5.69,5.84,5.63,0.192,1.0,5.69,,0.0,0
2026-10-05 02:10:47Z,CAR,in,0.544,Q3 12:20,0.0,8160,Kenny Pickett,QB,0.6,0.0,0.23,0.23,0.24,0.27,0.544,0.3,0.07,,0.0,0
2026-10-05 02:10:47Z,CAR,in,0.544,Q3 12:20,0.0,CAR,Carolina Panthers D/ST,DST,4.2,1.0,0.58,1.58,2.77,2.91,0.044,1.0,1.58,,0.0,0
2026-10-05 02:10:47Z,DET,in,0.544,Q3 12:20,0.0,8250,Tay Martin,WR,0.8,0.0,0.32,0.32,0.31,0.36,0.544,1.0,0.32,,0.0,0
2026-10-05 02:10:47Z,DET,in,0.544,Q3 12:20,0.0,4179,Joshua Dobbs,QB,0.6,0.0,0.23,0.23,0.24,0.27,0.544,0.3,0.07,,0.0,0
2026-10-05 02:10:47Z,DET,in,0.544,Q3 12:20,0.0,9221,Jahmyr Gibbs,RB,25.7,12.4,11.06,23.46,23.93,24.11,0.082,1.0,23.46,,0.0,0
2026-10-05 02:10:47Z,DET,in,0.544,Q3 12:20,0.0,3163,Jared Goff,QB,18.3,6.12,7.84,13.96,14.02,14.46,0.049,1.0,13.96,,0.0,0
2026-10-05 02:10:47Z,DET,in,0.544,Q3 12:20,0.0,8148,Jameson Williams,WR,12.7,11.4,5.87,17.27,17.7,17.19,0.049,1.0,17.27,,0.0,0
2026-10-05 02:10:47Z,DET,in,0.544,Q3 12:20,0.0,7891,Brock Wright,TE,1.5,0.0,0.59,0.59,0.59,0.68,0.544,1.0,0.59,,0.0,0
2026-10-05 02:10:47Z,DET,in,0.544,Q3 12:20,0.0,7547,Amon-Ra St. Brown,WR,20.0,6.7,8.41,15.11,15.33,15.81,0.104,1.0,15.11,,0.0,0
2026-10-05 02:10:47Z,CAR,in,0.544,Q3 12:20,0.0,12526,Tetairoa McMillan,WR,16.4,31.2,8.8,40.0,41.21,38.67,0.027,1.0,40.0,,0.0,0
2026-10-05 02:10:47Z,CAR,in,0.544,Q3 12:20,0.0,11646,Jalen Coker,WR,8.5,0.0,3.36,3.36,3.35,3.87,0.544,1.0,3.36,,0.0,0
2026-10-05 02:10:47Z,DET,in,0.544,Q3 12:20,0.0,DET,Detroit Lions D/ST,DST,5.7,3.0,0.48,3.48,5.58,5.6,0.052,1.0,3.48,,0.0,0
2026-10-05 02:10:47Z,DET,in,0.544,Q3 12:20,0.0,11729,Sione Vaki,RB,2.6,2.7,1.34,4.04,4.03,3.88,0.167,1.0,4.04,,0.0,0
2026-10-05 02:10:47Z,CAR,in,0.544,Q3 12:20,0.0,11600,Ja'Tavion Sanders,TE,2.7,0.0,1.07,1.07,1.06,1.23,0.544,1.0,1.07,,0.0,0
2026-10-05 02:10:47Z,CAR,in,0.544,Q3 12:20,0.0,7594,Chuba Hubbard,RB,16.6,11.6,7.68,19.28,19.45,19.16,0.0,1.0,19.28,,0.0,0
2026-10-05 02:10:47Z,DET,in,0.544,Q3 12:20,0.0,11539,Jake Bates,K,9.5,14.0,5.33,19.33,19.33,18.33,0.044,1.0,19.33,,0.0,0
2026-10-05 02:10:47Z,CAR,in,0.544,Q3 12:20,0.0,2505,Darren Waller,TE,8.8,0.0,3.48,3.48,3.46,4.01,0.544,1.0,3.48,,0.0,0
2026-10-05 02:11:48Z,CAR,in,0.556,Q3 11:39,0.0,11157,Brycen Tremayne,WR,5.6,2.1,2.32,4.42,4.47,4.59,0.021,1.0,4.42,,0.0,0
2026-10-05 02:11:48Z,CAR,in,0.556,Q3 11:39,0.0,12961,Ryan Fitzgerald,K,7.3,4.0,3.24,7.24,7.24,7.24,0.064,1.0,7.24,,0.0,0
2026-10-05 02:11:48Z,DET,in,0.556,Q3 11:39,0.0,12535,Isaac TeSlaa,WR,5.3,0.0,2.05,2.05,2.03,2.35,0.556,1.0,2.05,,0.0,0
2026-10-05 02:11:48Z,DET,in,0.556,Q3 11:39,0.0,10859,Sam LaPorta,TE,13.0,4.6,5.36,9.96,10.08,10.37,0.296,1.0,9.96,,0.0,0
2026-10-05 02:11:48Z,DET,in,0.556,Q3 11:39,0.0,11237,Jacob Saylors,RB,1.7,0.0,0.59,0.59,0.65,0.76,0.556,1.0,0.59,,0.0,0
2026-10-05 02:11:48Z,CAR,in,0.556,Q3 11:39,0.0,9228,Bryce Young,QB,19.4,12.9,9.0,21.9,21.75,21.52,0.0,1.0,21.9,,0.0,0
2026-10-05 02:11:48Z,CAR,in,0.556,Q3 11:39,0.0,7694,Tommy Tremble,TE,3.8,3.9,1.75,5.65,5.79,5.59,0.204,1.0,5.65,,0.0,0
2026-10-05 02:11:48Z,CAR,in,0.556,Q3 11:39,0.0,8160,Kenny Pickett,QB,0.6,0.0,0.22,0.22,0.23,0.27,0.556,0.3,0.07,,0.0,0
2026-10-05 02:11:48Z,CAR,in,0.556,Q3 11:39,0.0,CAR,Carolina Panthers D/ST,DST,4.2,1.0,0.56,1.56,2.72,2.87,0.056,1.0,1.56,,0.0,0
2026-10-05 02:11:48Z,DET,in,0.556,Q3 11:39,0.0,8250,Tay Martin,WR,0.8,0.0,0.31,0.31,0.31,0.36,0.556,1.0,0.31,,0.0,0
2026-10-05 02:11:48Z,DET,in,0.556,Q3 11:39,0.0,4179,Joshua Dobbs,QB,0.6,0.0,0.22,0.22,0.23,0.27,0.556,0.3,0.07,,0.0,0
2026-10-05 02:11:48Z,DET,in,0.556,Q3 11:39,0.0,9221,Jahmyr Gibbs,RB,25.7,12.4,10.74,23.14,23.61,23.82,0.093,1.0,23.14,,0.0,0
2026-10-05 02:11:48Z,DET,in,0.556,Q3 11:39,0.0,3163,Jared Goff,QB,18.3,6.12,7.66,13.78,13.8,14.25,0.06,1.0,13.78,,0.0,0
2026-10-05 02:11:48Z,DET,in,0.556,Q3 11:39,0.0,8148,Jameson Williams,WR,12.7,11.4,5.73,17.13,17.52,17.04,0.06,1.0,17.13,,0.0,0
2026-10-05 02:11:48Z,DET,in,0.556,Q3 11:39,0.0,7891,Brock Wright,TE,1.5,0.0,0.58,0.58,0.57,0.67,0.556,1.0,0.58,,0.0,0
2026-10-05 02:11:48Z,DET,in,0.556,Q3 11:39,0.0,7547,Amon-Ra St. Brown,WR,20.0,6.7,8.21,14.91,15.09,15.58,0.116,1.0,14.91,,0.0,0
2026-10-05 02:11:48Z,CAR,in,0.556,Q3 11:39,0.0,12526,Tetairoa McMillan,WR,16.4,31.2,8.6,39.8,40.94,38.48,0.039,1.0,39.8,,0.0,0
2026-10-05 02:11:48Z,CAR,in,0.556,Q3 11:39,0.0,11646,Jalen Coker,WR,8.5,0.0,3.28,3.28,3.25,3.78,0.556,1.0,3.28,,0.0,0
2026-10-05 02:11:48Z,DET,in,0.556,Q3 11:39,0.0,DET,Detroit Lions D/ST,DST,5.7,3.0,0.46,3.46,5.51,5.53,0.064,1.0,3.46,,0.0,0
2026-10-05 02:11:48Z,DET,in,0.556,Q3 11:39,0.0,11729,Sione Vaki,RB,2.6,2.7,1.3,4.0,3.99,3.85,0.178,1.0,4.0,,0.0,0
2026-10-05 02:11:48Z,CAR,in,0.556,Q3 11:39,0.0,11600,Ja'Tavion Sanders,TE,2.7,0.0,1.04,1.04,1.03,1.2,0.556,1.0,1.04,,0.0,0
2026-10-05 02:11:48Z,CAR,in,0.556,Q3 11:39,0.0,7594,Chuba Hubbard,RB,16.6,11.5,7.45,18.95,19.13,18.87,0.0,1.0,18.95,,0.0,0
2026-10-05 02:11:48Z,DET,in,0.556,Q3 11:39,0.0,11539,Jake Bates,K,9.5,14.0,5.19,19.19,19.19,18.22,0.056,1.0,19.19,,0.0,0
2026-10-05 02:11:48Z,CAR,in,0.556,Q3 11:39,0.0,2505,Darren Waller,TE,8.8,0.0,3.4,3.4,3.37,3.91,0.556,1.0,3.4,,0.0,0
2026-10-05 02:12:48Z,CAR,in,0.56,Q3 11:25,0.0,11157,Brycen Tremayne,WR,5.6,2.1,2.3,4.4,4.45,4.57,0.025,1.0,4.4,,0.0,0
2026-10-05 02:12:48Z,CAR,in,0.56,Q3 11:25,0.0,12961,Ryan Fitzgerald,K,7.3,4.0,3.2,7.2,7.2,7.21,0.068,1.0,7.2,,0.0,0
2026-10-05 02:12:48Z,DET,in,0.56,Q3 11:25,0.0,12535,Isaac TeSlaa,WR,5.3,0.0,2.03,2.03,2.01,2.33,0.56,1.0,2.03,,0.0,0
2026-10-05 02:12:48Z,DET,in,0.56,Q3 11:25,0.0,10859,Sam LaPorta,TE,13.0,4.6,5.31,9.91,10.03,10.32,0.3,1.0,9.91,,0.0,0
2026-10-05 02:12:48Z,DET,in,0.56,Q3 11:25,0.0,11237,Jacob Saylors,RB,1.7,0.0,0.58,0.58,0.64,0.75,0.56,1.0,0.58,,0.0,0
2026-10-05 02:12:48Z,CAR,in,0.56,Q3 11:25,0.0,9228,Bryce Young,QB,19.4,12.82,8.92,21.74,21.58,21.36,0.0,1.0,21.74,,0.0,0
2026-10-05 02:12:48Z,CAR,in,0.56,Q3 11:25,0.0,7694,Tommy Tremble,TE,3.8,3.9,1.74,5.64,5.77,5.57,0.208,1.0,5.64,,0.0,0
2026-10-05 02:12:48Z,CAR,in,0.56,Q3 11:25,0.0,8160,Kenny Pickett,QB,0.6,0.0,0.22,0.22,0.23,0.26,0.56,0.3,0.07,,0.0,0
2026-10-05 02:12:48Z,CAR,in,0.56,Q3 11:25,0.0,CAR,Carolina Panthers D/ST,DST,4.2,1.0,0.55,1.55,2.7,2.85,0.06,1.0,1.55,,0.0,0
2026-10-05 02:12:48Z,DET,in,0.56,Q3 11:25,0.0,8250,Tay Martin,WR,0.8,0.0,0.31,0.31,0.3,0.35,0.56,1.0,0.31,,0.0,0
2026-10-05 02:12:48Z,DET,in,0.56,Q3 11:25,0.0,4179,Joshua Dobbs,QB,0.6,0.0,0.22,0.22,0.23,0.26,0.56,0.3,0.07,,0.0,0
2026-10-05 02:12:48Z,DET,in,0.56,Q3 11:25,0.0,9221,Jahmyr Gibbs,RB,25.7,12.4,10.63,23.03,23.5,23.72,0.097,1.0,23.03,,0.0,0
2026-10-05 02:12:48Z,DET,in,0.56,Q3 11:25,0.0,3163,Jared Goff,QB,18.3,6.12,7.6,13.72,13.72,14.18,0.064,1.0,13.72,,0.0,0
2026-10-05 02:12:48Z,DET,in,0.56,Q3 11:25,0.0,8148,Jameson Williams,WR,12.7,11.4,5.69,17.09,17.46,16.99,0.064,1.0,17.09,,0.0,0
2026-10-05 02:12:48Z,DET,in,0.56,Q3 11:25,0.0,7891,Brock Wright,TE,1.5,0.0,0.57,0.57,0.57,0.66,0.56,1.0,0.57,,0.0,0
2026-10-05 02:12:48Z,DET,in,0.56,Q3 11:25,0.0,7547,Amon-Ra St. Brown,WR,20.0,6.7,8.15,14.85,15.01,15.51,0.119,1.0,14.85,,0.0,0
2026-10-05 02:12:48Z,CAR,in,0.56,Q3 11:25,0.0,12526,Tetairoa McMillan,WR,16.4,31.2,8.53,39.73,40.84,38.42,0.042,1.0,39.73,,0.0,0
2026-10-05 02:12:48Z,CAR,in,0.56,Q3 11:25,0.0,11646,Jalen Coker,WR,8.5,0.0,3.26,3.26,3.22,3.74,0.56,1.0,3.26,,0.0,0
2026-10-05 02:12:48Z,DET,in,0.56,Q3 11:25,0.0,DET,Detroit Lions D/ST,DST,5.7,3.0,0.46,3.46,5.49,5.51,0.068,1.0,3.46,,0.0,0
2026-10-05 02:12:48Z,DET,in,0.56,Q3 11:25,0.0,11729,Sione Vaki,RB,2.6,2.7,1.29,3.99,3.98,3.84,0.182,1.0,3.99,,0.0,0
2026-10-05 02:12:48Z,CAR,in,0.56,Q3 11:25,0.0,11600,Ja'Tavion Sanders,TE,2.7,0.0,1.03,1.03,1.02,1.19,0.56,1.0,1.03,,0.0,0
2026-10-05 02:12:48Z,CAR,in,0.56,Q3 11:25,0.0,7594,Chuba Hubbard,RB,16.6,11.5,7.37,18.87,19.05,18.81,0.004,1.0,18.87,,0.0,0
2026-10-05 02:12:48Z,DET,in,0.56,Q3 11:25,0.0,11539,Jake Bates,K,9.5,14.0,5.14,19.14,19.14,18.18,0.06,1.0,19.14,,0.0,0
2026-10-05 02:12:48Z,CAR,in,0.56,Q3 11:25,0.0,2505,Darren Waller,TE,8.8,0.0,3.37,3.37,3.33,3.87,0.56,1.0,3.37,,0.0,0
2026-10-05 02:13:49Z,CAR,in,0.561,Q3 11:20,0.0,11157,Brycen Tremayne,WR,5.6,2.1,2.29,4.39,4.44,4.56,0.026,1.0,4.39,,0.0,0
2026-10-05 02:13:49Z,CAR,in,0.561,Q3 11:20,0.0,12961,Ryan Fitzgerald,K,7.3,4.0,3.19,7.19,7.19,7.2,0.069,1.0,7.19,,0.0,0
2026-10-05 02:13:49Z,DET,in,0.561,Q3 11:20,0.0,12535,Isaac TeSlaa,WR,5.3,0.0,2.02,2.02,2.0,2.33,0.561,1.0,2.02,,0.0,0
2026-10-05 02:13:49Z,DET,in,0.561,Q3 11:20,0.0,10859,Sam LaPorta,TE,13.0,4.6,5.3,9.9,10.01,10.31,0.301,1.0,9.9,,0.0,0
2026-10-05 02:13:49Z,DET,in,0.561,Q3 11:20,0.0,11237,Jacob Saylors,RB,1.7,0.0,0.58,0.58,0.64,0.75,0.561,1.0,0.58,,0.0,0
2026-10-05 02:13:49Z,CAR,in,0.561,Q3 11:20,0.0,9228,Bryce Young,QB,19.4,12.94,8.91,21.85,21.68,21.45,0.0,1.0,21.85,,0.0,0
2026-10-05 02:13:49Z,CAR,in,0.561,Q3 11:20,0.0,7694,Tommy Tremble,TE,3.8,5.2,1.82,7.02,7.2,6.87,0.0,1.0,7.02,,0.0,0
2026-10-05 02:13:49Z,CAR,in,0.561,Q3 11:20,0.0,8160,Kenny Pickett,QB,0.6,0.0,0.22,0.22,0.23,0.26,0.561,0.3,0.07,,0.0,0
2026-10-05 02:13:49Z,CAR,in,0.561,Q3 11:20,0.0,CAR,Carolina Panthers D/ST,DST,4.2,1.0,0.55,1.55,2.69,2.84,0.061,1.0,1.55,,0.0,0
2026-10-05 02:13:49Z,DET,in,0.561,Q3 11:20,0.0,8250,Tay Martin,WR,0.8,0.0,0.31,0.31,0.3,0.35,0.561,1.0,0.31,,0.0,0
2026-10-05 02:13:49Z,DET,in,0.561,Q3 11:20,0.0,4179,Joshua Dobbs,QB,0.6,0.0,0.22,0.22,0.23,0.26,0.561,0.3,0.07,,0.0,0
2026-10-05 02:13:49Z,DET,in,0.561,Q3 11:20,0.0,9221,Jahmyr Gibbs,RB,25.7,12.4,10.59,22.99,23.46,23.68,0.098,1.0,22.99,,0.0,0
2026-10-05 02:13:49Z,DET,in,0.561,Q3 11:20,0.0,3163,Jared Goff,QB,18.3,6.12,7.57,13.69,13.7,14.15,0.065,1.0,13.69,,0.0,0
2026-10-05 02:13:49Z,DET,in,0.561,Q3 11:20,0.0,8148,Jameson Williams,WR,12.7,11.4,5.67,17.07,17.44,16.97,0.065,1.0,17.07,,0.0,0
2026-10-05 02:13:49Z,DET,in,0.561,Q3 11:20,0.0,7891,Brock Wright,TE,1.5,0.0,0.57,0.57,0.57,0.66,0.561,1.0,0.57,,0.0,0
2026-10-05 02:13:49Z,DET,in,0.561,Q3 11:20,0.0,7547,Amon-Ra St. Brown,WR,20.0,6.7,8.12,14.82,14.98,15.48,0.121,1.0,14.82,,0.0,0
2026-10-05 02:13:49Z,CAR,in,0.561,Q3 11:20,0.0,12526,Tetairoa McMillan,WR,16.4,31.2,8.5,39.7,40.81,38.4,0.044,1.0,39.7,,0.0,0
2026-10-05 02:13:49Z,CAR,in,0.561,Q3 11:20,0.0,11646,Jalen Coker,WR,8.5,0.0,3.25,3.25,3.21,3.73,0.561,1.0,3.25,,0.0,0
2026-10-05 02:13:49Z,DET,in,0.561,Q3 11:20,0.0,DET,Detroit Lions D/ST,DST,5.7,3.0,0.45,3.45,5.48,5.5,0.069,1.0,3.45,,0.0,0
2026-10-05 02:13:49Z,DET,in,0.561,Q3 11:20,0.0,11729,Sione Vaki,RB,2.6,2.7,1.28,3.98,3.98,3.84,0.184,1.0,3.98,,0.0,0
2026-10-05 02:13:49Z,CAR,in,0.561,Q3 11:20,0.0,11600,Ja'Tavion Sanders,TE,2.7,0.0,1.03,1.03,1.02,1.19,0.561,1.0,1.03,,0.0,0
2026-10-05 02:13:49Z,CAR,in,0.561,Q3 11:20,0.0,7594,Chuba Hubbard,RB,16.6,11.5,7.35,18.85,19.03,18.79,0.005,1.0,18.85,,0.0,0
2026-10-05 02:13:49Z,DET,in,0.561,Q3 11:20,0.0,11539,Jake Bates,K,9.5,14.0,5.12,19.12,19.12,18.17,0.061,1.0,19.12,,0.0,0
2026-10-05 02:13:49Z,CAR,in,0.561,Q3 11:20,0.0,2505,Darren Waller,TE,8.8,0.0,3.36,3.36,3.32,3.86,0.561,1.0,3.36,,0.0,0
2026-10-05 02:14:49Z,CAR,in,0.59,Q3 9:37,0.0,11157,Brycen Tremayne,WR,5.6,2.1,2.15,4.25,4.27,4.4,0.055,1.0,4.25,,0.0,0
2026-10-05 02:14:49Z,CAR,in,0.59,Q3 9:37,0.0,12961,Ryan Fitzgerald,K,7.3,4.0,2.96,6.96,6.96,7.0,0.098,1.0,6.96,,0.0,0
2026-10-05 02:14:49Z,DET,in,0.59,Q3 9:37,0.0,12535,Isaac TeSlaa,WR,5.3,0.0,1.9,1.9,1.85,2.17,0.59,1.0,1.9,,0.0,0
2026-10-05 02:14:49Z,DET,in,0.59,Q3 9:37,0.0,10859,Sam LaPorta,TE,13.0,4.6,4.97,9.57,9.62,9.93,0.33,1.0,9.57,,0.0,0
2026-10-05 02:14:49Z,DET,in,0.59,Q3 9:37,0.0,11237,Jacob Saylors,RB,1.7,0.0,0.54,0.54,0.59,0.7,0.59,1.0,0.54,,0.0,0
2026-10-05 02:14:49Z,CAR,in,0.59,Q3 9:37,0.0,9228,Bryce Young,QB,19.4,13.34,8.43,21.77,21.49,21.3,0.0,1.0,21.77,,0.0,0
2026-10-05 02:14:49Z,CAR,in,0.59,Q3 9:37,0.0,7694,Tommy Tremble,TE,3.8,5.2,1.71,6.91,7.06,6.76,0.029,1.0,6.91,,0.0,0
2026-10-05 02:14:49Z,CAR,in,0.59,Q3 9:37,0.0,8160,Kenny Pickett,QB,0.6,0.0,0.21,0.21,0.21,0.25,0.59,0.3,0.06,,0.0,0
2026-10-05 02:14:49Z,CAR,in,0.59,Q3 9:37,0.0,CAR,Carolina Panthers D/ST,DST,4.2,1.0,0.5,1.5,2.57,2.72,0.09,1.0,1.5,,0.0,0
2026-10-05 02:14:49Z,DET,in,0.59,Q3 9:37,0.0,8250,Tay Martin,WR,0.8,0.0,0.29,0.29,0.28,0.33,0.59,1.0,0.29,,0.0,0
2026-10-05 02:14:49Z,DET,in,0.59,Q3 9:37,0.0,4179,Joshua Dobbs,QB,0.6,0.0,0.21,0.21,0.21,0.25,0.59,0.3,0.06,,0.0,0
2026-10-05 02:14:49Z,DET,in,0.59,Q3 9:37,0.0,9221,Jahmyr Gibbs,RB,25.7,12.4,9.8,22.2,22.66,22.94,0.127,1.0,22.2,,0.0,0
2026-10-05 02:14:49Z,DET,in,0.59,Q3 9:37,0.0,3163,Jared Goff,QB,18.3,6.12,7.11,13.23,13.15,13.63,0.094,1.0,13.23,,0.0,0
2026-10-05 02:14:49Z,DET,in,0.59,Q3 9:37,0.0,8148,Jameson Williams,WR,12.7,11.4,5.32,16.72,17.01,16.61,0.094,1.0,16.72,,0.0,0
2026-10-05 02:14:49Z,DET,in,0.59,Q3 9:37,0.0,7891,Brock Wright,TE,1.5,0.0,0.54,0.54,0.52,0.62,0.59,1.0,0.54,,0.0,0
2026-10-05 02:14:49Z,DET,in,0.59,Q3 9:37,0.0,7547,Amon-Ra St. Brown,WR,20.0,6.7,7.63,14.33,14.38,14.91,0.149,1.0,14.33,,0.0,0
2026-10-05 02:14:49Z,CAR,in,0.59,Q3 9:37,0.0,12526,Tetairoa McMillan,WR,16.4,31.2,7.99,39.19,40.14,37.93,0.073,1.0,39.19,,0.0,0
2026-10-05 02:14:49Z,CAR,in,0.59,Q3 9:37,0.0,11646,Jalen Coker,WR,8.5,0.0,3.05,3.05,2.97,3.49,0.59,1.0,3.05,,0.0,0
2026-10-05 02:14:49Z,DET,in,0.59,Q3 9:37,0.0,DET,Detroit Lions D/ST,DST,5.7,3.0,0.41,3.41,5.3,5.34,0.098,1.0,3.41,,0.0,0
2026-10-05 02:14:49Z,DET,in,0.59,Q3 9:37,0.0,11729,Sione Vaki,RB,2.6,2.7,1.19,3.89,3.89,3.77,0.212,0.982,3.86,,0.0,0
2026-10-05 02:14:49Z,CAR,in,0.59,Q3 9:37,0.0,11600,Ja'Tavion Sanders,TE,2.7,0.0,0.97,0.97,0.94,1.11,0.59,1.0,0.97,,0.0,0
2026-10-05 02:14:49Z,CAR,in,0.59,Q3 9:37,0.0,7594,Chuba Hubbard,RB,16.6,11.5,6.8,18.3,18.49,18.31,0.034,1.0,18.3,,0.0,0
2026-10-05 02:14:49Z,DET,in,0.59,Q3 9:37,0.0,11539,Jake Bates,K,9.5,14.0,4.76,18.76,18.76,17.9,0.09,1.0,18.76,,0.0,0
2026-10-05 02:14:49Z,CAR,in,0.59,Q3 9:37,0.0,2505,Darren Waller,TE,8.8,2.0,3.29,5.29,5.28,5.61,0.0,1.0,5.29,,0.0,0
2026-10-05 02:15:49Z,CAR,in,0.591,Q3 9:33,6.0,11157,Brycen Tremayne,WR,5.6,2.1,1.9,4.0,4.27,4.39,0.056,1.0,4.0,,0.0,0
2026-10-05 02:15:49Z,CAR,in,0.591,Q3 9:33,6.0,12961,Ryan Fitzgerald,K,7.3,4.0,2.95,6.95,6.95,6.99,0.099,1.0,6.95,,0.0,0
2026-10-05 02:15:49Z,DET,in,0.591,Q3 9:33,-6.0,12535,Isaac TeSlaa,WR,5.3,0.0,2.13,2.13,1.85,2.17,0.591,1.0,2.13,,0.0,0
2026-10-05 02:15:49Z,DET,in,0.591,Q3 9:33,-6.0,10859,Sam LaPorta,TE,13.0,4.6,5.53,10.13,9.6,9.92,0.331,1.0,10.13,,0.0,0
2026-10-05 02:15:49Z,DET,in,0.591,Q3 9:33,-6.0,11237,Jacob Saylors,RB,1.7,0.0,0.56,0.56,0.59,0.7,0.591,1.0,0.56,,0.0,0
2026-10-05 02:15:49Z,CAR,in,0.591,Q3 9:33,6.0,9228,Bryce Young,QB,19.4,17.78,7.89,25.67,26.36,25.72,0.0,1.0,25.67,,0.0,0
2026-10-05 02:15:49Z,CAR,in,0.591,Q3 9:33,6.0,7694,Tommy Tremble,TE,3.8,5.2,1.54,6.74,7.06,6.75,0.03,1.0,6.74,,0.0,0
2026-10-05 02:15:49Z,CAR,in,0.591,Q3 9:33,6.0,8160,Kenny Pickett,QB,0.6,0.0,0.17,0.17,0.21,0.25,0.591,0.3,0.05,,0.0,0
2026-10-05 02:15:49Z,CAR,in,0.591,Q3 9:33,6.0,CAR,Carolina Panthers D/ST,DST,4.2,1.0,0.65,1.65,2.57,2.72,0.091,1.0,1.65,,0.0,0
2026-10-05 02:15:49Z,DET,in,0.591,Q3 9:33,-6.0,8250,Tay Martin,WR,0.8,0.0,0.32,0.32,0.28,0.33,0.591,1.0,0.32,,0.0,0
2026-10-05 02:15:49Z,DET,in,0.591,Q3 9:33,-6.0,4179,Joshua Dobbs,QB,0.6,0.0,0.24,0.24,0.21,0.25,0.591,0.3,0.07,,0.0,0
2026-10-05 02:15:49Z,DET,in,0.591,Q3 9:33,-6.0,9221,Jahmyr Gibbs,RB,25.7,12.4,10.09,22.49,22.63,22.92,0.128,1.0,22.49,,0.0,0
2026-10-05 02:15:49Z,DET,in,0.591,Q3 9:33,-6.0,3163,Jared Goff,QB,18.3,6.12,8.14,14.26,13.13,13.61,0.095,1.0,14.26,,0.0,0
2026-10-05 02:15:49Z,DET,in,0.591,Q3 9:33,-6.0,8148,Jameson Williams,WR,12.7,11.4,5.87,17.27,16.99,16.6,0.095,1.0,17.27,,0.0,0
2026-10-05 02:15:49Z,DET,in,0.591,Q3 9:33,-6.0,7891,Brock Wright,TE,1.5,0.0,0.6,0.6,0.52,0.61,0.591,1.0,0.6,,0.0,0
2026-10-05 02:15:49Z,DET,in,0.591,Q3 9:33,-6.0,7547,Amon-Ra St. Brown,WR,20.0,6.7,8.48,15.18,14.36,14.88,0.151,1.0,15.18,,0.0,0
2026-10-05 02:15:49Z,CAR,in,0.591,Q3 9:33,6.0,12526,Tetairoa McMillan,WR,16.4,39.2,7.79,46.99,48.93,45.91,0.0,1.0,46.99,,0.0,0
2026-10-05 02:15:49Z,CAR,in,0.591,Q3 9:33,6.0,11646,Jalen Coker,WR,8.5,0.0,2.67,2.67,2.96,3.48,0.591,1.0,2.67,,0.0,0
2026-10-05 02:15:49Z,DET,in,0.591,Q3 9:33,-6.0,DET,Detroit Lions D/ST,DST,5.7,2.0,0.37,2.37,4.19,4.33,0.0,1.0,2.37,,0.0,0
2026-10-05 02:15:49Z,DET,in,0.591,Q3 9:33,-6.0,11729,Sione Vaki,RB,2.6,2.7,1.21,3.91,3.88,3.76,0.213,0.98,3.89,,0.0,0
2026-10-05 02:15:49Z,CAR,in,0.591,Q3 9:33,6.0,11600,Ja'Tavion Sanders,TE,2.7,0.0,0.85,0.85,0.94,1.1,0.591,1.0,0.85,,0.0,0
2026-10-05 02:15:49Z,CAR,in,0.591,Q3 9:33,6.0,7594,Chuba Hubbard,RB,16.6,11.5,6.57,18.07,18.47,18.29,0.035,1.0,18.07,,0.0,0
2026-10-05 02:15:49Z,DET,in,0.591,Q3 9:33,-6.0,11539,Jake Bates,K,9.5,14.0,4.75,18.75,18.75,17.89,0.091,1.0,18.75,,0.0,0
2026-10-05 02:15:49Z,CAR,in,0.591,Q3 9:33,6.0,2505,Darren Waller,TE,8.8,2.1,2.91,5.01,5.38,5.7,0.0,1.0,5.01,,0.0,0
2026-10-05 02:16:50Z,CAR,in,0.591,Q3 9:33,6.0,11157,Brycen Tremayne,WR,5.6,2.1,1.9,4.0,4.27,4.39,0.056,1.0,4.0,,0.0,0
2026-10-05 02:16:50Z,CAR,in,0.591,Q3 9:33,6.0,12961,Ryan Fitzgerald,K,7.3,3.0,2.85,5.85,5.85,5.99,0.0,1.0,5.85,,0.0,0
2026-10-05 02:16:50Z,DET,in,0.591,Q3 9:33,-6.0,12535,Isaac TeSlaa,WR,5.3,0.0,2.13,2.13,1.85,2.17,0.591,1.0,2.13,,0.0,0
2026-10-05 02:16:50Z,DET,in,0.591,Q3 9:33,-6.0,10859,Sam LaPorta,TE,13.0,4.6,5.53,10.13,9.6,9.92,0.331,1.0,10.13,,0.0,0
2026-10-05 02:16:50Z,DET,in,0.591,Q3 9:33,-6.0,11237,Jacob Saylors,RB,1.7,0.0,0.56,0.56,0.59,0.7,0.591,1.0,0.56,,0.0,0
2026-10-05 02:16:50Z,CAR,in,0.591,Q3 9:33,6.0,9228,Bryce Young,QB,19.4,17.78,7.89,25.67,26.36,25.72,0.0,1.0,25.67,,0.0,0
2026-10-05 02:16:50Z,CAR,in,0.591,Q3 9:33,6.0,7694,Tommy Tremble,TE,3.8,5.2,1.54,6.74,7.06,6.75,0.03,1.0,6.74,,0.0,0
2026-10-05 02:16:50Z,CAR,in,0.591,Q3 9:33,6.0,8160,Kenny Pickett,QB,0.6,0.0,0.17,0.17,0.21,0.25,0.591,0.3,0.05,,0.0,0
2026-10-05 02:16:50Z,CAR,in,0.591,Q3 9:33,6.0,CAR,Carolina Panthers D/ST,DST,4.2,1.0,0.65,1.65,2.57,2.72,0.091,1.0,1.65,,0.0,0
2026-10-05 02:16:50Z,DET,in,0.591,Q3 9:33,-6.0,8250,Tay Martin,WR,0.8,0.0,0.32,0.32,0.28,0.33,0.591,1.0,0.32,,0.0,0
2026-10-05 02:16:50Z,DET,in,0.591,Q3 9:33,-6.0,4179,Joshua Dobbs,QB,0.6,0.0,0.24,0.24,0.21,0.25,0.591,0.3,0.07,,0.0,0
2026-10-05 02:16:50Z,DET,in,0.591,Q3 9:33,-6.0,9221,Jahmyr Gibbs,RB,25.7,12.4,10.09,22.49,22.63,22.92,0.128,1.0,22.49,,0.0,0
2026-10-05 02:16:50Z,DET,in,0.591,Q3 9:33,-6.0,3163,Jared Goff,QB,18.3,6.12,8.14,14.26,13.13,13.61,0.095,1.0,14.26,,0.0,0
2026-10-05 02:16:50Z,DET,in,0.591,Q3 9:33,-6.0,8148,Jameson Williams,WR,12.7,11.4,5.87,17.27,16.99,16.6,0.095,1.0,17.27,,0.0,0
2026-10-05 02:16:50Z,DET,in,0.591,Q3 9:33,-6.0,7891,Brock Wright,TE,1.5,0.0,0.6,0.6,0.52,0.61,0.591,1.0,0.6,,0.0,0
2026-10-05 02:16:50Z,DET,in,0.591,Q3 9:33,-6.0,7547,Amon-Ra St. Brown,WR,20.0,6.7,8.48,15.18,14.36,14.88,0.151,1.0,15.18,,0.0,0
2026-10-05 02:16:50Z,CAR,in,0.591,Q3 9:33,6.0,12526,Tetairoa McMillan,WR,16.4,39.2,7.79,46.99,48.93,45.91,0.0,1.0,46.99,,0.0,0
2026-10-05 02:16:50Z,CAR,in,0.591,Q3 9:33,6.0,11646,Jalen Coker,WR,8.5,0.0,2.67,2.67,2.96,3.48,0.591,1.0,2.67,,0.0,0
2026-10-05 02:16:50Z,DET,in,0.591,Q3 9:33,-6.0,DET,Detroit Lions D/ST,DST,5.7,2.0,0.37,2.37,4.19,4.33,0.0,1.0,2.37,,0.0,0
2026-10-05 02:16:50Z,DET,in,0.591,Q3 9:33,-6.0,11729,Sione Vaki,RB,2.6,2.7,1.21,3.91,3.88,3.76,0.213,0.98,3.89,,0.0,0
2026-10-05 02:16:50Z,CAR,in,0.591,Q3 9:33,6.0,11600,Ja'Tavion Sanders,TE,2.7,0.0,0.85,0.85,0.94,1.1,0.591,1.0,0.85,,0.0,0
2026-10-05 02:16:50Z,CAR,in,0.591,Q3 9:33,6.0,7594,Chuba Hubbard,RB,16.6,11.5,6.57,18.07,18.47,18.29,0.035,1.0,18.07,,0.0,0
2026-10-05 02:16:50Z,DET,in,0.591,Q3 9:33,-6.0,11539,Jake Bates,K,9.5,14.0,4.75,18.75,18.75,17.89,0.091,1.0,18.75,,0.0,0
2026-10-05 02:16:50Z,CAR,in,0.591,Q3 9:33,6.0,2505,Darren Waller,TE,8.8,2.1,2.91,5.01,5.38,5.7,0.0,1.0,5.01,,0.0,0
2026-10-05 02:17:50Z,CAR,in,0.591,Q3 9:33,6.0,11157,Brycen Tremayne,WR,5.6,2.1,1.9,4.0,4.27,4.39,0.056,1.0,4.0,,0.0,0
2026-10-05 02:17:50Z,CAR,in,0.591,Q3 9:33,6.0,12961,Ryan Fitzgerald,K,7.3,3.0,2.85,5.85,5.85,5.99,0.0,1.0,5.85,,0.0,0
2026-10-05 02:17:50Z,DET,in,0.591,Q3 9:33,-6.0,12535,Isaac TeSlaa,WR,5.3,0.0,2.13,2.13,1.85,2.17,0.591,1.0,2.13,,0.0,0
2026-10-05 02:17:50Z,DET,in,0.591,Q3 9:33,-6.0,10859,Sam LaPorta,TE,13.0,4.6,5.53,10.13,9.6,9.92,0.331,1.0,10.13,,0.0,0
2026-10-05 02:17:50Z,DET,in,0.591,Q3 9:33,-6.0,11237,Jacob Saylors,RB,1.7,0.0,0.56,0.56,0.59,0.7,0.591,1.0,0.56,,0.0,0
2026-10-05 02:17:50Z,CAR,in,0.591,Q3 9:33,6.0,9228,Bryce Young,QB,19.4,17.78,7.89,25.67,26.36,25.72,0.0,1.0,25.67,,0.0,0
2026-10-05 02:17:50Z,CAR,in,0.591,Q3 9:33,6.0,7694,Tommy Tremble,TE,3.8,5.2,1.54,6.74,7.06,6.75,0.03,1.0,6.74,,0.0,0
2026-10-05 02:17:50Z,CAR,in,0.591,Q3 9:33,6.0,8160,Kenny Pickett,QB,0.6,0.0,0.17,0.17,0.21,0.25,0.591,0.3,0.05,,0.0,0
2026-10-05 02:17:50Z,CAR,in,0.591,Q3 9:33,6.0,CAR,Carolina Panthers D/ST,DST,4.2,1.0,0.65,1.65,2.57,2.72,0.091,1.0,1.65,,0.0,0
2026-10-05 02:17:50Z,DET,in,0.591,Q3 9:33,-6.0,8250,Tay Martin,WR,0.8,0.0,0.32,0.32,0.28,0.33,0.591,1.0,0.32,,0.0,0
2026-10-05 02:17:50Z,DET,in,0.591,Q3 9:33,-6.0,4179,Joshua Dobbs,QB,0.6,0.0,0.24,0.24,0.21,0.25,0.591,0.3,0.07,,0.0,0
2026-10-05 02:17:50Z,DET,in,0.591,Q3 9:33,-6.0,9221,Jahmyr Gibbs,RB,25.7,12.4,10.09,22.49,22.63,22.92,0.128,1.0,22.49,,0.0,0
2026-10-05 02:17:50Z,DET,in,0.591,Q3 9:33,-6.0,3163,Jared Goff,QB,18.3,6.12,8.14,14.26,13.13,13.61,0.095,1.0,14.26,,0.0,0
2026-10-05 02:17:50Z,DET,in,0.591,Q3 9:33,-6.0,8148,Jameson Williams,WR,12.7,11.4,5.87,17.27,16.99,16.6,0.095,1.0,17.27,,0.0,0
2026-10-05 02:17:50Z,DET,in,0.591,Q3 9:33,-6.0,7891,Brock Wright,TE,1.5,0.0,0.6,0.6,0.52,0.61,0.591,1.0,0.6,,0.0,0
2026-10-05 02:17:50Z,DET,in,0.591,Q3 9:33,-6.0,7547,Amon-Ra St. Brown,WR,20.0,6.7,8.48,15.18,14.36,14.88,0.151,1.0,15.18,,0.0,0
2026-10-05 02:17:50Z,CAR,in,0.591,Q3 9:33,6.0,12526,Tetairoa McMillan,WR,16.4,39.2,7.79,46.99,48.93,45.91,0.0,1.0,46.99,,0.0,0
2026-10-05 02:17:50Z,CAR,in,0.591,Q3 9:33,6.0,11646,Jalen Coker,WR,8.5,0.0,2.67,2.67,2.96,3.48,0.591,1.0,2.67,,0.0,0
2026-10-05 02:17:50Z,DET,in,0.591,Q3 9:33,-6.0,DET,Detroit Lions D/ST,DST,5.7,2.0,0.37,2.37,4.19,4.33,0.0,1.0,2.37,,0.0,0
2026-10-05 02:17:50Z,DET,in,0.591,Q3 9:33,-6.0,11729,Sione Vaki,RB,2.6,2.7,1.21,3.91,3.88,3.76,0.213,0.98,3.89,,0.0,0
2026-10-05 02:17:50Z,CAR,in,0.591,Q3 9:33,6.0,11600,Ja'Tavion Sanders,TE,2.7,0.0,0.85,0.85,0.94,1.1,0.591,1.0,0.85,,0.0,0
2026-10-05 02:17:50Z,CAR,in,0.591,Q3 9:33,6.0,7594,Chuba Hubbard,RB,16.6,11.5,6.57,18.07,18.47,18.29,0.035,1.0,18.07,,0.0,0
2026-10-05 02:17:50Z,DET,in,0.591,Q3 9:33,-6.0,11539,Jake Bates,K,9.5,14.0,4.75,18.75,18.75,17.89,0.091,1.0,18.75,,0.0,0
2026-10-05 02:17:50Z,CAR,in,0.591,Q3 9:33,6.0,2505,Darren Waller,TE,8.8,2.1,2.91,5.01,5.38,5.7,0.0,1.0,5.01,,0.0,0
2026-10-05 02:18:51Z,CAR,in,0.591,Q3 9:33,6.0,11157,Brycen Tremayne,WR,5.6,2.1,1.9,4.0,4.27,4.39,0.056,1.0,4.0,,0.0,0
2026-10-05 02:18:51Z,CAR,in,0.591,Q3 9:33,6.0,12961,Ryan Fitzgerald,K,7.3,3.0,2.85,5.85,5.85,5.99,0.0,1.0,5.85,,0.0,0
2026-10-05 02:18:51Z,DET,in,0.591,Q3 9:33,-6.0,12535,Isaac TeSlaa,WR,5.3,0.0,2.13,2.13,1.85,2.17,0.591,1.0,2.13,,0.0,0
2026-10-05 02:18:51Z,DET,in,0.591,Q3 9:33,-6.0,10859,Sam LaPorta,TE,13.0,4.6,5.53,10.13,9.6,9.92,0.331,1.0,10.13,,0.0,0
2026-10-05 02:18:51Z,DET,in,0.591,Q3 9:33,-6.0,11237,Jacob Saylors,RB,1.7,0.0,0.56,0.56,0.59,0.7,0.591,1.0,0.56,,0.0,0
2026-10-05 02:18:51Z,CAR,in,0.591,Q3 9:33,6.0,9228,Bryce Young,QB,19.4,17.78,7.89,25.67,26.36,25.72,0.0,1.0,25.67,,0.0,0
2026-10-05 02:18:51Z,CAR,in,0.591,Q3 9:33,6.0,7694,Tommy Tremble,TE,3.8,5.2,1.54,6.74,7.06,6.75,0.03,1.0,6.74,,0.0,0
2026-10-05 02:18:51Z,CAR,in,0.591,Q3 9:33,6.0,8160,Kenny Pickett,QB,0.6,0.0,0.17,0.17,0.21,0.25,0.591,0.3,0.05,,0.0,0
2026-10-05 02:18:51Z,CAR,in,0.591,Q3 9:33,6.0,CAR,Carolina Panthers D/ST,DST,4.2,1.0,0.65,1.65,2.57,2.72,0.091,1.0,1.65,,0.0,0
2026-10-05 02:18:51Z,DET,in,0.591,Q3 9:33,-6.0,8250,Tay Martin,WR,0.8,0.0,0.32,0.32,0.28,0.33,0.591,1.0,0.32,,0.0,0
2026-10-05 02:18:51Z,DET,in,0.591,Q3 9:33,-6.0,4179,Joshua Dobbs,QB,0.6,0.0,0.24,0.24,0.21,0.25,0.591,0.3,0.07,,0.0,0
2026-10-05 02:18:51Z,DET,in,0.591,Q3 9:33,-6.0,9221,Jahmyr Gibbs,RB,25.7,12.4,10.09,22.49,22.63,22.92,0.128,1.0,22.49,,0.0,0
2026-10-05 02:18:51Z,DET,in,0.591,Q3 9:33,-6.0,3163,Jared Goff,QB,18.3,6.12,8.14,14.26,13.13,13.61,0.095,1.0,14.26,,0.0,0
2026-10-05 02:18:51Z,DET,in,0.591,Q3 9:33,-6.0,8148,Jameson Williams,WR,12.7,11.4,5.87,17.27,16.99,16.6,0.095,1.0,17.27,,0.0,0
2026-10-05 02:18:51Z,DET,in,0.591,Q3 9:33,-6.0,7891,Brock Wright,TE,1.5,0.0,0.6,0.6,0.52,0.61,0.591,1.0,0.6,,0.0,0
2026-10-05 02:18:51Z,DET,in,0.591,Q3 9:33,-6.0,7547,Amon-Ra St. Brown,WR,20.0,6.7,8.48,15.18,14.36,14.88,0.151,1.0,15.18,,0.0,0
2026-10-05 02:18:51Z,CAR,in,0.591,Q3 9:33,6.0,12526,Tetairoa McMillan,WR,16.4,39.2,7.79,46.99,48.93,45.91,0.0,1.0,46.99,,0.0,0
2026-10-05 02:18:51Z,CAR,in,0.591,Q3 9:33,6.0,11646,Jalen Coker,WR,8.5,0.0,2.67,2.67,2.96,3.48,0.591,1.0,2.67,,0.0,0
2026-10-05 02:18:51Z,DET,in,0.591,Q3 9:33,-6.0,DET,Detroit Lions D/ST,DST,5.7,2.0,0.37,2.37,4.19,4.33,0.0,1.0,2.37,,0.0,0
2026-10-05 02:18:51Z,DET,in,0.591,Q3 9:33,-6.0,11729,Sione Vaki,RB,2.6,2.7,1.21,3.91,3.88,3.76,0.213,0.98,3.89,,0.0,0
2026-10-05 02:18:51Z,CAR,in,0.591,Q3 9:33,6.0,11600,Ja'Tavion Sanders,TE,2.7,0.0,0.85,0.85,0.94,1.1,0.591,1.0,0.85,,0.0,0
2026-10-05 02:18:51Z,CAR,in,0.591,Q3 9:33,6.0,7594,Chuba Hubbard,RB,16.6,11.5,6.57,18.07,18.47,18.29,0.035,1.0,18.07,,0.0,0
2026-10-05 02:18:51Z,DET,in,0.591,Q3 9:33,-6.0,11539,Jake Bates,K,9.5,14.0,4.75,18.75,18.75,17.89,0.091,1.0,18.75,,0.0,0
2026-10-05 02:18:51Z,CAR,in,0.591,Q3 9:33,6.0,2505,Darren Waller,TE,8.8,2.1,2.91,5.01,5.38,5.7,0.0,1.0,5.01,,0.0,0
2026-10-05 02:19:51Z,CAR,in,0.6,Q3 9:00,6.0,11157,Brycen Tremayne,WR,5.6,2.1,1.86,3.96,4.21,4.34,0.065,1.0,3.96,,0.0,0
2026-10-05 02:19:51Z,CAR,in,0.6,Q3 9:00,6.0,12961,Ryan Fitzgerald,K,7.3,3.0,2.78,5.78,5.78,5.92,0.009,1.0,5.78,,0.0,0
2026-10-05 02:19:51Z,DET,in,0.6,Q3 9:00,-6.0,12535,Isaac TeSlaa,WR,5.3,0.0,2.09,2.09,1.8,2.12,0.6,1.0,2.09,,0.0,0
2026-10-05 02:19:51Z,DET,in,0.6,Q3 9:00,-6.0,10859,Sam LaPorta,TE,13.0,4.6,5.42,10.02,9.48,9.8,0.34,1.0,10.02,,0.0,0
2026-10-05 02:19:51Z,DET,in,0.6,Q3 9:00,-6.0,11237,Jacob Saylors,RB,1.7,0.0,0.54,0.54,0.58,0.68,0.6,1.0,0.54,,0.0,0
2026-10-05 02:19:51Z,CAR,in,0.6,Q3 9:00,6.0,9228,Bryce Young,QB,19.4,17.78,7.72,25.5,26.15,25.54,0.009,1.0,25.5,,0.0,0
2026-10-05 02:19:51Z,CAR,in,0.6,Q3 9:00,6.0,7694,Tommy Tremble,TE,3.8,5.2,1.51,6.71,7.01,6.72,0.039,1.0,6.71,,0.0,0
2026-10-05 02:19:51Z,CAR,in,0.6,Q3 9:00,6.0,8160,Kenny Pickett,QB,0.6,0.0,0.17,0.17,0.2,0.24,0.6,0.3,0.05,,0.0,0
2026-10-05 02:19:51Z,CAR,in,0.6,Q3 9:00,6.0,CAR,Carolina Panthers D/ST,DST,4.2,1.0,0.63,1.63,2.53,2.68,0.1,1.0,1.63,,0.0,0
2026-10-05 02:19:51Z,DET,in,0.6,Q3 9:00,-6.0,8250,Tay Martin,WR,0.8,0.0,0.31,0.31,0.27,0.32,0.6,1.0,0.31,,0.0,0
2026-10-05 02:19:51Z,DET,in,0.6,Q3 9:00,-6.0,4179,Joshua Dobbs,QB,0.6,0.0,0.24,0.24,0.2,0.24,0.6,0.3,0.07,,0.0,0
2026-10-05 02:19:51Z,DET,in,0.6,Q3 9:00,-6.0,9221,Jahmyr Gibbs,RB,25.7,12.4,9.83,22.23,22.38,22.68,0.137,1.0,22.23,,0.0,0
2026-10-05 02:19:51Z,DET,in,0.6,Q3 9:00,-6.0,3163,Jared Goff,QB,18.3,6.4,8.02,14.42,13.26,13.72,0.0,1.0,14.42,,0.0,0
2026-10-05 02:19:51Z,DET,in,0.6,Q3 9:00,-6.0,8148,Jameson Williams,WR,12.7,11.4,5.75,17.15,16.86,16.48,0.104,1.0,17.15,,0.0,0
2026-10-05 02:19:51Z,DET,in,0.6,Q3 9:00,-6.0,7891,Brock Wright,TE,1.5,1.7,0.7,2.4,2.38,2.3,0.0,1.0,2.4,,0.0,0
2026-10-05 02:19:51Z,DET,in,0.6,Q3 9:00,-6.0,7547,Amon-Ra St. Brown,WR,20.0,6.7,8.31,15.01,14.17,14.7,0.16,1.0,15.01,,0.0,0
2026-10-05 02:19:51Z,CAR,in,0.6,Q3 9:00,6.0,12526,Tetairoa McMillan,WR,16.4,39.2,7.61,46.81,48.7,45.76,0.009,1.0,46.81,,0.0,0
2026-10-05 02:19:51Z,CAR,in,0.6,Q3 9:00,6.0,11646,Jalen Coker,WR,8.5,0.0,2.61,2.61,2.89,3.4,0.6,1.0,2.61,,0.0,0
2026-10-05 02:19:51Z,DET,in,0.6,Q3 9:00,-6.0,DET,Detroit Lions D/ST,DST,5.7,2.0,0.35,2.35,4.14,4.28,0.009,1.0,2.35,,0.0,0
2026-10-05 02:19:51Z,DET,in,0.6,Q3 9:00,-6.0,11729,Sione Vaki,RB,2.6,2.7,1.18,3.88,3.85,3.74,0.222,0.966,3.84,,0.0,0
2026-10-05 02:19:51Z,CAR,in,0.6,Q3 9:00,6.0,11600,Ja'Tavion Sanders,TE,2.7,0.0,0.83,0.83,0.92,1.08,0.6,1.0,0.83,,0.0,0
2026-10-05 02:19:51Z,CAR,in,0.6,Q3 9:00,6.0,7594,Chuba Hubbard,RB,16.6,11.5,6.4,17.9,18.29,18.14,0.044,1.0,17.9,,0.0,0
2026-10-05 02:19:51Z,DET,in,0.6,Q3 9:00,-6.0,11539,Jake Bates,K,9.5,14.0,4.63,18.63,18.63,17.8,0.1,1.0,18.63,,0.0,0
2026-10-05 02:19:51Z,CAR,in,0.6,Q3 9:00,6.0,2505,Darren Waller,TE,8.8,2.1,2.84,4.94,5.3,5.62,0.009,1.0,4.94,,0.0,0
2026-10-05 02:20:52Z,CAR,in,0.61,Q3 8:24,6.0,11157,Brycen Tremayne,WR,5.6,2.1,1.81,3.91,4.16,4.28,0.075,1.0,3.91,,0.0,0
2026-10-05 02:20:52Z,CAR,in,0.61,Q3 8:24,6.0,12961,Ryan Fitzgerald,K,7.3,3.0,2.71,5.71,5.71,5.85,0.019,1.0,5.71,,0.0,0
2026-10-05 02:20:52Z,DET,in,0.61,Q3 8:24,-6.0,12535,Isaac TeSlaa,WR,5.3,0.0,2.04,2.04,1.75,2.07,0.61,1.0,2.04,,0.0,0
2026-10-05 02:20:52Z,DET,in,0.61,Q3 8:24,-6.0,10859,Sam LaPorta,TE,13.0,4.6,5.31,9.91,9.35,9.67,0.35,1.0,9.91,,0.0,0
2026-10-05 02:20:52Z,DET,in,0.61,Q3 8:24,-6.0,11237,Jacob Saylors,RB,1.7,0.0,0.53,0.53,0.56,0.66,0.61,1.0,0.53,,0.0,0
2026-10-05 02:20:52Z,CAR,in,0.61,Q3 8:24,6.0,9228,Bryce Young,QB,19.4,17.78,7.52,25.3,25.93,25.35,0.019,1.0,25.3,,0.0,0
2026-10-05 02:20:52Z,CAR,in,0.61,Q3 8:24,6.0,7694,Tommy Tremble,TE,3.8,5.2,1.47,6.67,6.96,6.68,0.049,1.0,6.67,,0.0,0
2026-10-05 02:20:52Z,CAR,in,0.61,Q3 8:24,6.0,8160,Kenny Pickett,QB,0.6,0.0,0.16,0.16,0.2,0.23,0.61,0.3,0.05,,0.0,0
2026-10-05 02:20:52Z,CAR,in,0.61,Q3 8:24,6.0,CAR,Carolina Panthers D/ST,DST,4.2,1.0,0.61,1.61,2.49,2.64,0.11,1.0,1.61,,0.0,0
2026-10-05 02:20:52Z,DET,in,0.61,Q3 8:24,-6.0,8250,Tay Martin,WR,0.8,0.0,0.31,0.31,0.26,0.31,0.61,1.0,0.31,,0.0,0
2026-10-05 02:20:52Z,DET,in,0.61,Q3 8:24,-6.0,4179,Joshua Dobbs,QB,0.6,0.0,0.23,0.23,0.2,0.23,0.61,0.3,0.07,,0.0,0
2026-10-05 02:20:52Z,DET,in,0.61,Q3 8:24,-6.0,9221,Jahmyr Gibbs,RB,25.7,12.7,9.62,22.32,22.43,22.72,0.0,1.0,22.32,,0.0,0
2026-10-05 02:20:52Z,DET,in,0.61,Q3 8:24,-6.0,3163,Jared Goff,QB,18.3,6.44,7.85,14.29,13.12,13.58,0.0,1.0,14.29,,0.0,0
2026-10-05 02:20:52Z,DET,in,0.61,Q3 8:24,-6.0,8148,Jameson Williams,WR,12.7,11.4,5.64,17.04,16.71,16.35,0.114,1.0,17.04,,0.0,0
2026-10-05 02:20:52Z,DET,in,0.61,Q3 8:24,-6.0,7891,Brock Wright,TE,1.5,1.8,0.7,2.5,2.47,2.38,0.0,1.0,2.5,,0.0,0
2026-10-05 02:20:52Z,DET,in,0.61,Q3 8:24,-6.0,7547,Amon-Ra St. Brown,WR,20.0,6.7,8.14,14.84,13.96,14.5,0.17,1.0,14.84,,0.0,0
2026-10-05 02:20:52Z,CAR,in,0.61,Q3 8:24,6.0,12526,Tetairoa McMillan,WR,16.4,39.2,7.45,46.65,48.44,45.6,0.019,1.0,46.65,,0.0,0
2026-10-05 02:20:52Z,CAR,in,0.61,Q3 8:24,6.0,11646,Jalen Coker,WR,8.5,0.0,2.54,2.54,2.81,3.31,0.61,1.0,2.54,,0.0,0
2026-10-05 02:20:52Z,DET,in,0.61,Q3 8:24,-6.0,DET,Detroit Lions D/ST,DST,5.7,2.0,0.35,2.35,4.08,4.22,0.019,1.0,2.35,,0.0,0
2026-10-05 02:20:52Z,DET,in,0.61,Q3 8:24,-6.0,11729,Sione Vaki,RB,2.6,2.7,1.15,3.85,3.82,3.71,0.232,0.951,3.8,,0.0,0
2026-10-05 02:20:52Z,CAR,in,0.61,Q3 8:24,6.0,11600,Ja'Tavion Sanders,TE,2.7,0.0,0.81,0.81,0.89,1.05,0.61,1.0,0.81,,0.0,0
2026-10-05 02:20:52Z,CAR,in,0.61,Q3 8:24,6.0,7594,Chuba Hubbard,RB,16.6,11.5,6.23,17.73,18.11,17.97,0.054,1.0,17.73,,0.0,0
2026-10-05 02:20:52Z,DET,in,0.61,Q3 8:24,-6.0,11539,Jake Bates,K,9.5,14.0,4.5,18.5,18.5,17.7,0.11,1.0,18.5,,0.0,0
2026-10-05 02:20:52Z,CAR,in,0.61,Q3 8:24,6.0,2505,Darren Waller,TE,8.8,2.1,2.77,4.87,5.21,5.53,0.019,1.0,4.87,,0.0,0
2026-10-05 02:21:52Z,CAR,in,0.61,Q3 8:24,6.0,11157,Brycen Tremayne,WR,5.6,2.1,1.81,3.91,4.16,4.28,0.075,1.0,3.91,,0.0,0
2026-10-05 02:21:52Z,CAR,in,0.61,Q3 8:24,6.0,12961,Ryan Fitzgerald,K,7.3,3.0,2.71,5.71,5.71,5.85,0.019,1.0,5.71,,0.0,0
2026-10-05 02:21:52Z,DET,in,0.61,Q3 8:24,-6.0,12535,Isaac TeSlaa,WR,5.3,0.0,2.04,2.04,1.75,2.07,0.61,1.0,2.04,,0.0,0
2026-10-05 02:21:52Z,DET,in,0.61,Q3 8:24,-6.0,10859,Sam LaPorta,TE,13.0,4.6,5.31,9.91,9.35,9.67,0.35,1.0,9.91,,0.0,0
2026-10-05 02:21:52Z,DET,in,0.61,Q3 8:24,-6.0,11237,Jacob Saylors,RB,1.7,0.0,0.53,0.53,0.56,0.66,0.61,1.0,0.53,,0.0,0
2026-10-05 02:21:52Z,CAR,in,0.61,Q3 8:24,6.0,9228,Bryce Young,QB,19.4,17.78,7.52,25.3,25.93,25.35,0.019,1.0,25.3,,0.0,0
2026-10-05 02:21:52Z,CAR,in,0.61,Q3 8:24,6.0,7694,Tommy Tremble,TE,3.8,5.2,1.47,6.67,6.96,6.68,0.049,1.0,6.67,,0.0,0
2026-10-05 02:21:52Z,CAR,in,0.61,Q3 8:24,6.0,8160,Kenny Pickett,QB,0.6,0.0,0.16,0.16,0.2,0.23,0.61,0.3,0.05,,0.0,0
2026-10-05 02:21:52Z,CAR,in,0.61,Q3 8:24,6.0,CAR,Carolina Panthers D/ST,DST,4.2,1.0,0.61,1.61,2.49,2.64,0.11,1.0,1.61,,0.0,0
2026-10-05 02:21:52Z,DET,in,0.61,Q3 8:24,-6.0,8250,Tay Martin,WR,0.8,0.0,0.31,0.31,0.26,0.31,0.61,1.0,0.31,,0.0,0
2026-10-05 02:21:52Z,DET,in,0.61,Q3 8:24,-6.0,4179,Joshua Dobbs,QB,0.6,0.0,0.23,0.23,0.2,0.23,0.61,0.3,0.07,,0.0,0
2026-10-05 02:21:52Z,DET,in,0.61,Q3 8:24,-6.0,9221,Jahmyr Gibbs,RB,25.7,12.7,9.62,22.32,22.43,22.72,0.0,1.0,22.32,,0.0,0
2026-10-05 02:21:52Z,DET,in,0.61,Q3 8:24,-6.0,3163,Jared Goff,QB,18.3,6.44,7.85,14.29,13.12,13.58,0.0,1.0,14.29,,0.0,0
2026-10-05 02:21:52Z,DET,in,0.61,Q3 8:24,-6.0,8148,Jameson Williams,WR,12.7,11.4,5.64,17.04,16.71,16.35,0.114,1.0,17.04,,0.0,0
2026-10-05 02:21:52Z,DET,in,0.61,Q3 8:24,-6.0,7891,Brock Wright,TE,1.5,1.8,0.7,2.5,2.47,2.38,0.0,1.0,2.5,,0.0,0
2026-10-05 02:21:52Z,DET,in,0.61,Q3 8:24,-6.0,7547,Amon-Ra St. Brown,WR,20.0,6.7,8.14,14.84,13.96,14.5,0.17,1.0,14.84,,0.0,0
2026-10-05 02:21:52Z,CAR,in,0.61,Q3 8:24,6.0,12526,Tetairoa McMillan,WR,16.4,39.2,7.45,46.65,48.44,45.6,0.019,1.0,46.65,,0.0,0
2026-10-05 02:21:52Z,CAR,in,0.61,Q3 8:24,6.0,11646,Jalen Coker,WR,8.5,0.0,2.54,2.54,2.81,3.31,0.61,1.0,2.54,,0.0,0
2026-10-05 02:21:52Z,DET,in,0.61,Q3 8:24,-6.0,DET,Detroit Lions D/ST,DST,5.7,2.0,0.35,2.35,4.08,4.22,0.019,1.0,2.35,,0.0,0
2026-10-05 02:21:52Z,DET,in,0.61,Q3 8:24,-6.0,11729,Sione Vaki,RB,2.6,2.7,1.15,3.85,3.82,3.71,0.232,0.951,3.8,,0.0,0
2026-10-05 02:21:52Z,CAR,in,0.61,Q3 8:24,6.0,11600,Ja'Tavion Sanders,TE,2.7,0.0,0.81,0.81,0.89,1.05,0.61,1.0,0.81,,0.0,0
2026-10-05 02:21:52Z,CAR,in,0.61,Q3 8:24,6.0,7594,Chuba Hubbard,RB,16.6,11.5,6.23,17.73,18.11,17.97,0.054,1.0,17.73,,0.0,0
2026-10-05 02:21:52Z,DET,in,0.61,Q3 8:24,-6.0,11539,Jake Bates,K,9.5,14.0,4.5,18.5,18.5,17.7,0.11,1.0,18.5,,0.0,0
2026-10-05 02:21:52Z,CAR,in,0.61,Q3 8:24,6.0,2505,Darren Waller,TE,8.8,2.1,2.77,4.87,5.21,5.53,0.019,1.0,4.87,,0.0,0
2026-10-05 02:22:52Z,CAR,in,0.63,Q3 7:12,6.0,11157,Brycen Tremayne,WR,5.6,2.1,1.72,3.82,4.04,4.17,0.095,1.0,3.82,,0.0,0
2026-10-05 02:22:52Z,CAR,in,0.63,Q3 7:12,6.0,12961,Ryan Fitzgerald,K,7.3,3.0,2.55,5.55,5.55,5.7,0.039,1.0,5.55,,0.0,0
2026-10-05 02:22:52Z,DET,in,0.63,Q3 7:12,-6.0,12535,Isaac TeSlaa,WR,5.3,6.7,2.38,9.08,8.97,8.66,0.0,1.0,9.08,,0.0,0
2026-10-05 02:22:52Z,DET,in,0.63,Q3 7:12,-6.0,10859,Sam LaPorta,TE,13.0,4.6,5.08,9.68,9.08,9.41,0.37,1.0,9.68,,0.0,0
2026-10-05 02:22:52Z,DET,in,0.63,Q3 7:12,-6.0,11237,Jacob Saylors,RB,1.7,0.0,0.5,0.5,0.53,0.63,0.63,1.0,0.5,,0.0,0
2026-10-05 02:22:52Z,CAR,in,0.63,Q3 7:12,6.0,9228,Bryce Young,QB,19.4,17.78,7.13,24.91,25.47,24.96,0.039,1.0,24.91,,0.0,0
2026-10-05 02:22:52Z,CAR,in,0.63,Q3 7:12,6.0,7694,Tommy Tremble,TE,3.8,5.2,1.4,6.6,6.87,6.61,0.069,1.0,6.6,,0.0,0
2026-10-05 02:22:52Z,CAR,in,0.63,Q3 7:12,6.0,8160,Kenny Pickett,QB,0.6,0.0,0.15,0.15,0.19,0.22,0.63,0.3,0.05,,0.0,0
2026-10-05 02:22:52Z,CAR,in,0.63,Q3 7:12,6.0,CAR,Carolina Panthers D/ST,DST,4.2,1.0,0.58,1.58,2.4,2.55,0.13,1.0,1.58,,0.0,0
2026-10-05 02:22:52Z,DET,in,0.63,Q3 7:12,-6.0,8250,Tay Martin,WR,0.8,0.0,0.29,0.29,0.25,0.3,0.63,1.0,0.29,,0.0,0
2026-10-05 02:22:52Z,DET,in,0.63,Q3 7:12,-6.0,4179,Joshua Dobbs,QB,0.6,0.0,0.22,0.22,0.19,0.22,0.63,0.3,0.07,,0.0,0
2026-10-05 02:22:52Z,DET,in,0.63,Q3 7:12,-6.0,9221,Jahmyr Gibbs,RB,25.7,12.7,9.12,21.82,21.89,22.21,0.02,1.0,21.82,,0.0,0
2026-10-05 02:22:52Z,DET,in,0.63,Q3 7:12,-6.0,3163,Jared Goff,QB,18.3,8.72,7.77,16.49,15.23,15.49,0.0,1.0,16.49,,0.0,0
2026-10-05 02:22:52Z,DET,in,0.63,Q3 7:12,-6.0,8148,Jameson Williams,WR,12.7,11.4,5.4,16.8,16.41,16.1,0.134,1.0,16.8,,0.0,0
2026-10-05 02:22:52Z,DET,in,0.63,Q3 7:12,-6.0,7891,Brock Wright,TE,1.5,1.8,0.67,2.47,2.43,2.35,0.02,1.0,2.47,,0.0,0
2026-10-05 02:22:52Z,DET,in,0.63,Q3 7:12,-6.0,7547,Amon-Ra St. Brown,WR,20.0,6.7,7.8,14.5,13.55,14.1,0.19,1.0,14.5,,0.0,0
2026-10-05 02:22:52Z,CAR,in,0.63,Q3 7:12,6.0,12526,Tetairoa McMillan,WR,16.4,39.2,7.13,46.33,47.94,45.27,0.039,1.0,46.33,,0.0,0
2026-10-05 02:22:52Z,CAR,in,0.63,Q3 7:12,6.0,11646,Jalen Coker,WR,8.5,0.0,2.4,2.4,2.65,3.15,0.63,1.0,2.4,,0.0,0
2026-10-05 02:22:52Z,DET,in,0.63,Q3 7:12,-6.0,DET,Detroit Lions D/ST,DST,5.7,2.0,0.33,2.33,3.96,4.11,0.039,1.0,2.33,,0.0,0
2026-10-05 02:22:52Z,DET,in,0.63,Q3 7:12,-6.0,11729,Sione Vaki,RB,2.6,2.7,1.09,3.79,3.76,3.66,0.253,0.921,3.71,,0.0,0
2026-10-05 02:22:52Z,CAR,in,0.63,Q3 7:12,6.0,11600,Ja'Tavion Sanders,TE,2.7,0.0,0.76,0.76,0.84,1.0,0.63,1.0,0.76,,0.0,0
2026-10-05 02:22:52Z,CAR,in,0.63,Q3 7:12,6.0,7594,Chuba Hubbard,RB,16.6,11.5,5.89,17.39,17.74,17.64,0.074,1.0,17.39,,0.0,0
2026-10-05 02:22:52Z,DET,in,0.63,Q3 7:12,-6.0,11539,Jake Bates,K,9.5,14.0,4.26,18.26,18.26,17.52,0.13,1.0,18.26,,0.0,0
2026-10-05 02:22:52Z,CAR,in,0.63,Q3 7:12,6.0,2505,Darren Waller,TE,8.8,2.1,2.62,4.72,5.04,5.36,0.039,1.0,4.72,,0.0,0
2026-10-05 02:23:53Z,CAR,in,0.642,Q3 6:28,6.0,11157,Brycen Tremayne,WR,5.6,2.1,1.66,3.76,3.97,4.1,0.107,1.0,3.76,,0.0,0
2026-10-05 02:23:53Z,CAR,in,0.642,Q3 6:28,6.0,12961,Ryan Fitzgerald,K,7.3,3.0,2.46,5.46,5.46,5.61,0.051,1.0,5.46,,0.0,0
2026-10-05 02:23:53Z,DET,in,0.642,Q3 6:28,-6.0,12535,Isaac TeSlaa,WR,5.3,6.7,2.32,9.02,8.89,8.6,0.012,1.0,9.02,,0.0,0
2026-10-05 02:23:53Z,DET,in,0.642,Q3 6:28,-6.0,10859,Sam LaPorta,TE,13.0,4.6,4.94,9.54,8.92,9.25,0.383,1.0,9.54,,0.0,0
2026-10-05 02:23:53Z,DET,in,0.642,Q3 6:28,-6.0,11237,Jacob Saylors,RB,1.7,0.0,0.49,0.49,0.51,0.61,0.642,1.0,0.49,,0.0,0
2026-10-05 02:23:53Z,CAR,in,0.642,Q3 6:28,6.0,9228,Bryce Young,QB,19.4,17.78,6.89,24.67,25.2,24.72,0.051,1.0,24.67,,0.0,0
2026-10-05 02:23:53Z,CAR,in,0.642,Q3 6:28,6.0,7694,Tommy Tremble,TE,3.8,5.2,1.36,6.56,6.81,6.56,0.081,1.0,6.56,,0.0,0
2026-10-05 02:23:53Z,CAR,in,0.642,Q3 6:28,6.0,8160,Kenny Pickett,QB,0.6,0.0,0.15,0.15,0.18,0.21,0.642,0.3,0.04,,0.0,0
2026-10-05 02:23:53Z,CAR,in,0.642,Q3 6:28,6.0,CAR,Carolina Panthers D/ST,DST,4.2,1.0,0.56,1.56,2.35,2.5,0.142,1.0,1.56,,0.0,0
2026-10-05 02:23:53Z,DET,in,0.642,Q3 6:28,-6.0,8250,Tay Martin,WR,0.8,0.0,0.29,0.29,0.24,0.29,0.642,1.0,0.29,,0.0,0
2026-10-05 02:23:53Z,DET,in,0.642,Q3 6:28,-6.0,4179,Joshua Dobbs,QB,0.6,0.0,0.21,0.21,0.18,0.21,0.642,0.3,0.06,,0.0,0
2026-10-05 02:23:53Z,DET,in,0.642,Q3 6:28,-6.0,9221,Jahmyr Gibbs,RB,25.7,13.1,8.87,21.97,21.99,22.29,0.0,1.0,21.97,,0.0,0
2026-10-05 02:23:53Z,DET,in,0.642,Q3 6:28,-6.0,3163,Jared Goff,QB,18.3,8.72,7.54,16.26,15.0,15.27,0.012,1.0,16.26,,0.0,0
2026-10-05 02:23:53Z,DET,in,0.642,Q3 6:28,-6.0,8148,Jameson Williams,WR,12.7,11.4,5.26,16.66,16.23,15.94,0.146,1.0,16.66,,0.0,0
2026-10-05 02:23:53Z,DET,in,0.642,Q3 6:28,-6.0,7891,Brock Wright,TE,1.5,1.8,0.65,2.45,2.41,2.34,0.032,1.0,2.45,,0.0,0
2026-10-05 02:23:53Z,DET,in,0.642,Q3 6:28,-6.0,7547,Amon-Ra St. Brown,WR,20.0,6.7,7.58,14.28,13.31,13.86,0.202,1.0,14.28,,0.0,0
2026-10-05 02:23:53Z,CAR,in,0.642,Q3 6:28,6.0,12526,Tetairoa McMillan,WR,16.4,39.2,6.92,46.12,47.63,45.07,0.051,1.0,46.12,,0.0,0
2026-10-05 02:23:53Z,CAR,in,0.642,Q3 6:28,6.0,11646,Jalen Coker,WR,8.5,0.0,2.32,2.32,2.55,3.04,0.642,1.0,2.32,,0.0,0
2026-10-05 02:23:53Z,DET,in,0.642,Q3 6:28,-6.0,DET,Detroit Lions D/ST,DST,5.7,2.0,0.32,2.32,3.89,4.04,0.051,1.0,2.32,,0.0,0
2026-10-05 02:23:53Z,DET,in,0.642,Q3 6:28,-6.0,11729,Sione Vaki,RB,2.6,2.7,1.06,3.76,3.72,3.63,0.265,0.903,3.65,,0.0,0
2026-10-05 02:23:53Z,CAR,in,0.642,Q3 6:28,6.0,11600,Ja'Tavion Sanders,TE,2.7,0.0,0.74,0.74,0.81,0.97,0.642,1.0,0.74,,0.0,0
2026-10-05 02:23:53Z,CAR,in,0.642,Q3 6:28,6.0,7594,Chuba Hubbard,RB,16.6,11.5,5.68,17.18,17.51,17.44,0.086,1.0,17.18,,0.0,0
2026-10-05 02:23:53Z,DET,in,0.642,Q3 6:28,-6.0,11539,Jake Bates,K,9.5,14.0,4.11,18.11,18.11,17.4,0.142,1.0,18.11,,0.0,0
2026-10-05 02:23:53Z,CAR,in,0.642,Q3 6:28,6.0,2505,Darren Waller,TE,8.8,2.1,2.53,4.63,4.93,5.25,0.051,1.0,4.63,,0.0,0
2026-10-05 02:24:53Z,CAR,in,0.644,Q3 6:21,3.0,11157,Brycen Tremayne,WR,5.6,2.1,1.77,3.87,3.96,4.09,0.109,1.0,3.87,,0.0,0
2026-10-05 02:24:53Z,CAR,in,0.644,Q3 6:21,3.0,12961,Ryan Fitzgerald,K,7.3,3.0,2.45,5.45,5.45,5.6,0.053,1.0,5.45,,0.0,0
2026-10-05 02:24:53Z,DET,in,0.644,Q3 6:21,-3.0,12535,Isaac TeSlaa,WR,5.3,6.7,2.19,8.89,8.88,8.59,0.014,1.0,8.89,,0.0,0
2026-10-05 02:24:53Z,DET,in,0.644,Q3 6:21,-3.0,10859,Sam LaPorta,TE,13.0,4.6,4.64,9.24,8.89,9.23,0.384,1.0,9.24,,0.0,0
2026-10-05 02:24:53Z,DET,in,0.644,Q3 6:21,-3.0,11237,Jacob Saylors,RB,1.7,0.0,0.47,0.47,0.51,0.6,0.644,1.0,0.47,,0.0,0
2026-10-05 02:24:53Z,CAR,in,0.644,Q3 6:21,3.0,9228,Bryce Young,QB,19.4,17.78,7.37,25.15,25.15,24.68,0.053,1.0,25.15,,0.0,0
2026-10-05 02:24:53Z,CAR,in,0.644,Q3 6:21,3.0,7694,Tommy Tremble,TE,3.8,5.2,1.43,6.63,6.8,6.55,0.083,1.0,6.63,,0.0,0
2026-10-05 02:24:53Z,CAR,in,0.644,Q3 6:21,3.0,8160,Kenny Pickett,QB,0.6,0.0,0.16,0.16,0.18,0.21,0.644,0.3,0.05,,0.0,0
2026-10-05 02:24:53Z,CAR,in,0.644,Q3 6:21,3.0,CAR,Carolina Panthers D/ST,DST,4.2,1.0,0.5,1.5,2.34,2.49,0.144,1.0,1.5,,0.0,0
2026-10-05 02:24:53Z,DET,in,0.644,Q3 6:21,-3.0,8250,Tay Martin,WR,0.8,0.0,0.27,0.27,0.24,0.28,0.644,1.0,0.27,,0.0,0
2026-10-05 02:24:53Z,DET,in,0.644,Q3 6:21,-3.0,4179,Joshua Dobbs,QB,0.6,0.0,0.2,0.2,0.18,0.21,0.644,0.3,0.06,,0.0,0
2026-10-05 02:24:53Z,DET,in,0.644,Q3 6:21,-3.0,9221,Jahmyr Gibbs,RB,25.7,13.1,8.66,21.76,21.94,22.24,0.002,1.0,21.76,,0.0,0
2026-10-05 02:24:53Z,DET,in,0.644,Q3 6:21,-3.0,3163,Jared Goff,QB,18.3,8.72,7.01,15.73,14.96,15.23,0.014,1.0,15.73,,0.0,0
2026-10-05 02:24:53Z,DET,in,0.644,Q3 6:21,-3.0,8148,Jameson Williams,WR,12.7,11.4,4.96,16.36,16.21,15.92,0.148,1.0,16.36,,0.0,0
2026-10-05 02:24:53Z,DET,in,0.644,Q3 6:21,-3.0,7891,Brock Wright,TE,1.5,1.8,0.61,2.41,2.41,2.33,0.034,1.0,2.41,,0.0,0
2026-10-05 02:24:53Z,DET,in,0.644,Q3 6:21,-3.0,7547,Amon-Ra St. Brown,WR,20.0,6.7,7.12,13.82,13.27,13.82,0.204,1.0,13.82,,0.0,0
2026-10-05 02:24:53Z,CAR,in,0.644,Q3 6:21,3.0,12526,Tetairoa McMillan,WR,16.4,39.2,7.24,46.44,47.58,45.04,0.053,1.0,46.44,,0.0,0
2026-10-05 02:24:53Z,CAR,in,0.644,Q3 6:21,3.0,11646,Jalen Coker,WR,8.5,0.0,2.49,2.49,2.54,3.02,0.644,1.0,2.49,,0.0,0
2026-10-05 02:24:53Z,DET,in,0.644,Q3 6:21,-3.0,DET,Detroit Lions D/ST,DST,5.7,2.0,0.41,2.41,3.88,4.03,0.053,1.0,2.41,,0.0,0
2026-10-05 02:24:53Z,DET,in,0.644,Q3 6:21,-3.0,11729,Sione Vaki,RB,2.6,2.7,1.04,3.74,3.72,3.63,0.267,0.9,3.63,,0.0,0
2026-10-05 02:24:53Z,CAR,in,0.644,Q3 6:21,3.0,11600,Ja'Tavion Sanders,TE,2.7,0.0,0.79,0.79,0.81,0.96,0.644,1.0,0.79,,0.0,0
2026-10-05 02:24:53Z,CAR,in,0.644,Q3 6:21,3.0,7594,Chuba Hubbard,RB,16.6,11.5,5.74,17.24,17.48,17.41,0.088,1.0,17.24,,0.0,0
2026-10-05 02:24:53Z,DET,in,0.644,Q3 6:21,-3.0,11539,Jake Bates,K,9.5,17.0,4.35,21.35,21.35,20.38,0.0,1.0,21.35,,0.0,0
2026-10-05 02:24:53Z,CAR,in,0.644,Q3 6:21,3.0,2505,Darren Waller,TE,8.8,2.1,2.7,4.8,4.91,5.23,0.053,1.0,4.8,,0.0,0
2026-10-05 02:25:54Z,CAR,in,0.644,Q3 6:21,3.0,11157,Brycen Tremayne,WR,5.6,2.1,1.77,3.87,3.96,4.09,0.109,1.0,3.87,,0.0,0
2026-10-05 02:25:54Z,CAR,in,0.644,Q3 6:21,3.0,12961,Ryan Fitzgerald,K,7.3,3.0,2.45,5.45,5.45,5.6,0.053,1.0,5.45,,0.0,0
2026-10-05 02:25:54Z,DET,in,0.644,Q3 6:21,-3.0,12535,Isaac TeSlaa,WR,5.3,6.7,2.19,8.89,8.88,8.59,0.014,1.0,8.89,,0.0,0
2026-10-05 02:25:54Z,DET,in,0.644,Q3 6:21,-3.0,10859,Sam LaPorta,TE,13.0,4.6,4.64,9.24,8.89,9.23,0.384,1.0,9.24,,0.0,0
2026-10-05 02:25:54Z,DET,in,0.644,Q3 6:21,-3.0,11237,Jacob Saylors,RB,1.7,0.0,0.47,0.47,0.51,0.6,0.644,1.0,0.47,,0.0,0
2026-10-05 02:25:54Z,CAR,in,0.644,Q3 6:21,3.0,9228,Bryce Young,QB,19.4,17.78,7.37,25.15,25.15,24.68,0.053,1.0,25.15,,0.0,0
2026-10-05 02:25:54Z,CAR,in,0.644,Q3 6:21,3.0,7694,Tommy Tremble,TE,3.8,5.2,1.43,6.63,6.8,6.55,0.083,1.0,6.63,,0.0,0
2026-10-05 02:25:54Z,CAR,in,0.644,Q3 6:21,3.0,8160,Kenny Pickett,QB,0.6,0.0,0.16,0.16,0.18,0.21,0.644,0.3,0.05,,0.0,0
2026-10-05 02:25:54Z,CAR,in,0.644,Q3 6:21,3.0,CAR,Carolina Panthers D/ST,DST,4.2,1.0,0.5,1.5,2.34,2.49,0.144,1.0,1.5,,0.0,0
2026-10-05 02:25:54Z,DET,in,0.644,Q3 6:21,-3.0,8250,Tay Martin,WR,0.8,0.0,0.27,0.27,0.24,0.28,0.644,1.0,0.27,,0.0,0
2026-10-05 02:25:54Z,DET,in,0.644,Q3 6:21,-3.0,4179,Joshua Dobbs,QB,0.6,0.0,0.2,0.2,0.18,0.21,0.644,0.3,0.06,,0.0,0
2026-10-05 02:25:54Z,DET,in,0.644,Q3 6:21,-3.0,9221,Jahmyr Gibbs,RB,25.7,13.1,8.66,21.76,21.94,22.24,0.002,1.0,21.76,,0.0,0
2026-10-05 02:25:54Z,DET,in,0.644,Q3 6:21,-3.0,3163,Jared Goff,QB,18.3,8.72,7.01,15.73,14.96,15.23,0.014,1.0,15.73,,0.0,0
2026-10-05 02:25:54Z,DET,in,0.644,Q3 6:21,-3.0,8148,Jameson Williams,WR,12.7,11.4,4.96,16.36,16.21,15.92,0.148,1.0,16.36,,0.0,0
2026-10-05 02:25:54Z,DET,in,0.644,Q3 6:21,-3.0,7891,Brock Wright,TE,1.5,1.8,0.61,2.41,2.41,2.33,0.034,1.0,2.41,,0.0,0
2026-10-05 02:25:54Z,DET,in,0.644,Q3 6:21,-3.0,7547,Amon-Ra St. Brown,WR,20.0,6.7,7.12,13.82,13.27,13.82,0.204,1.0,13.82,,0.0,0
2026-10-05 02:25:54Z,CAR,in,0.644,Q3 6:21,3.0,12526,Tetairoa McMillan,WR,16.4,39.2,7.24,46.44,47.58,45.04,0.053,1.0,46.44,,0.0,0
2026-10-05 02:25:54Z,CAR,in,0.644,Q3 6:21,3.0,11646,Jalen Coker,WR,8.5,0.0,2.49,2.49,2.54,3.02,0.644,1.0,2.49,,0.0,0
2026-10-05 02:25:54Z,DET,in,0.644,Q3 6:21,-3.0,DET,Detroit Lions D/ST,DST,5.7,2.0,0.41,2.41,3.88,4.03,0.053,1.0,2.41,,0.0,0
2026-10-05 02:25:54Z,DET,in,0.644,Q3 6:21,-3.0,11729,Sione Vaki,RB,2.6,2.7,1.04,3.74,3.72,3.63,0.267,0.9,3.63,,0.0,0
2026-10-05 02:25:54Z,CAR,in,0.644,Q3 6:21,3.0,11600,Ja'Tavion Sanders,TE,2.7,0.0,0.79,0.79,0.81,0.96,0.644,1.0,0.79,,0.0,0
2026-10-05 02:25:54Z,CAR,in,0.644,Q3 6:21,3.0,7594,Chuba Hubbard,RB,16.6,11.5,5.74,17.24,17.48,17.41,0.088,1.0,17.24,,0.0,0
2026-10-05 02:25:54Z,DET,in,0.644,Q3 6:21,-3.0,11539,Jake Bates,K,9.5,17.0,4.35,21.35,21.35,20.38,0.0,1.0,21.35,,0.0,0
2026-10-05 02:25:54Z,CAR,in,0.644,Q3 6:21,3.0,2505,Darren Waller,TE,8.8,2.1,2.7,4.8,4.91,5.23,0.053,1.0,4.8,,0.0,0
2026-10-05 02:26:54Z,CAR,in,0.644,Q3 6:21,3.0,11157,Brycen Tremayne,WR,5.6,2.1,1.77,3.87,3.96,4.09,0.109,1.0,3.87,,0.0,0
2026-10-05 02:26:54Z,CAR,in,0.644,Q3 6:21,3.0,12961,Ryan Fitzgerald,K,7.3,3.0,2.45,5.45,5.45,5.6,0.053,1.0,5.45,,0.0,0
2026-10-05 02:26:54Z,DET,in,0.644,Q3 6:21,-3.0,12535,Isaac TeSlaa,WR,5.3,6.7,2.19,8.89,8.88,8.59,0.014,1.0,8.89,,0.0,0
2026-10-05 02:26:54Z,DET,in,0.644,Q3 6:21,-3.0,10859,Sam LaPorta,TE,13.0,4.6,4.64,9.24,8.89,9.23,0.384,1.0,9.24,,0.0,0
2026-10-05 02:26:54Z,DET,in,0.644,Q3 6:21,-3.0,11237,Jacob Saylors,RB,1.7,0.0,0.47,0.47,0.51,0.6,0.644,1.0,0.47,,0.0,0
2026-10-05 02:26:54Z,CAR,in,0.644,Q3 6:21,3.0,9228,Bryce Young,QB,19.4,17.78,7.37,25.15,25.15,24.68,0.053,1.0,25.15,,0.0,0
2026-10-05 02:26:54Z,CAR,in,0.644,Q3 6:21,3.0,7694,Tommy Tremble,TE,3.8,5.2,1.43,6.63,6.8,6.55,0.083,1.0,6.63,,0.0,0
2026-10-05 02:26:54Z,CAR,in,0.644,Q3 6:21,3.0,8160,Kenny Pickett,QB,0.6,0.0,0.16,0.16,0.18,0.21,0.644,0.3,0.05,,0.0,0
2026-10-05 02:26:54Z,CAR,in,0.644,Q3 6:21,3.0,CAR,Carolina Panthers D/ST,DST,4.2,1.0,0.5,1.5,2.34,2.49,0.144,1.0,1.5,,0.0,0
2026-10-05 02:26:54Z,DET,in,0.644,Q3 6:21,-3.0,8250,Tay Martin,WR,0.8,0.0,0.27,0.27,0.24,0.28,0.644,1.0,0.27,,0.0,0
2026-10-05 02:26:54Z,DET,in,0.644,Q3 6:21,-3.0,4179,Joshua Dobbs,QB,0.6,0.0,0.2,0.2,0.18,0.21,0.644,0.3,0.06,,0.0,0
2026-10-05 02:26:54Z,DET,in,0.644,Q3 6:21,-3.0,9221,Jahmyr Gibbs,RB,25.7,13.1,8.66,21.76,21.94,22.24,0.002,1.0,21.76,,0.0,0
2026-10-05 02:26:54Z,DET,in,0.644,Q3 6:21,-3.0,3163,Jared Goff,QB,18.3,8.72,7.01,15.73,14.96,15.23,0.014,1.0,15.73,,0.0,0
2026-10-05 02:26:54Z,DET,in,0.644,Q3 6:21,-3.0,8148,Jameson Williams,WR,12.7,11.4,4.96,16.36,16.21,15.92,0.148,1.0,16.36,,0.0,0
2026-10-05 02:26:54Z,DET,in,0.644,Q3 6:21,-3.0,7891,Brock Wright,TE,1.5,1.8,0.61,2.41,2.41,2.33,0.034,1.0,2.41,,0.0,0
2026-10-05 02:26:54Z,DET,in,0.644,Q3 6:21,-3.0,7547,Amon-Ra St. Brown,WR,20.0,6.7,7.12,13.82,13.27,13.82,0.204,1.0,13.82,,0.0,0
2026-10-05 02:26:54Z,CAR,in,0.644,Q3 6:21,3.0,12526,Tetairoa McMillan,WR,16.4,39.2,7.24,46.44,47.58,45.04,0.053,1.0,46.44,,0.0,0
2026-10-05 02:26:54Z,CAR,in,0.644,Q3 6:21,3.0,11646,Jalen Coker,WR,8.5,0.0,2.49,2.49,2.54,3.02,0.644,1.0,2.49,,0.0,0
2026-10-05 02:26:54Z,DET,in,0.644,Q3 6:21,-3.0,DET,Detroit Lions D/ST,DST,5.7,2.0,0.41,2.41,3.88,4.03,0.053,1.0,2.41,,0.0,0
2026-10-05 02:26:54Z,DET,in,0.644,Q3 6:21,-3.0,11729,Sione Vaki,RB,2.6,2.7,1.04,3.74,3.72,3.63,0.267,0.9,3.63,,0.0,0
2026-10-05 02:26:54Z,CAR,in,0.644,Q3 6:21,3.0,11600,Ja'Tavion Sanders,TE,2.7,0.0,0.79,0.79,0.81,0.96,0.644,1.0,0.79,,0.0,0
2026-10-05 02:26:54Z,CAR,in,0.644,Q3 6:21,3.0,7594,Chuba Hubbard,RB,16.6,11.5,5.74,17.24,17.48,17.41,0.088,1.0,17.24,,0.0,0
2026-10-05 02:26:54Z,DET,in,0.644,Q3 6:21,-3.0,11539,Jake Bates,K,9.5,17.0,4.35,21.35,21.35,20.38,0.0,1.0,21.35,,0.0,0
2026-10-05 02:26:54Z,CAR,in,0.644,Q3 6:21,3.0,2505,Darren Waller,TE,8.8,2.1,2.7,4.8,4.91,5.23,0.053,1.0,4.8,,0.0,0
2026-10-05 02:27:54Z,CAR,in,0.644,Q3 6:21,3.0,11157,Brycen Tremayne,WR,5.6,2.1,1.77,3.87,3.96,4.09,0.109,1.0,3.87,,0.0,0
2026-10-05 02:27:54Z,CAR,in,0.644,Q3 6:21,3.0,12961,Ryan Fitzgerald,K,7.3,3.0,2.45,5.45,5.45,5.6,0.053,1.0,5.45,,0.0,0
2026-10-05 02:27:54Z,DET,in,0.644,Q3 6:21,-3.0,12535,Isaac TeSlaa,WR,5.3,6.7,2.19,8.89,8.88,8.59,0.014,1.0,8.89,,0.0,0
2026-10-05 02:27:54Z,DET,in,0.644,Q3 6:21,-3.0,10859,Sam LaPorta,TE,13.0,4.6,4.64,9.24,8.89,9.23,0.384,1.0,9.24,,0.0,0
2026-10-05 02:27:54Z,DET,in,0.644,Q3 6:21,-3.0,11237,Jacob Saylors,RB,1.7,0.0,0.47,0.47,0.51,0.6,0.644,1.0,0.47,,0.0,0
2026-10-05 02:27:54Z,CAR,in,0.644,Q3 6:21,3.0,9228,Bryce Young,QB,19.4,17.78,7.37,25.15,25.15,24.68,0.053,1.0,25.15,,0.0,0
2026-10-05 02:27:54Z,CAR,in,0.644,Q3 6:21,3.0,7694,Tommy Tremble,TE,3.8,5.2,1.43,6.63,6.8,6.55,0.083,1.0,6.63,,0.0,0
2026-10-05 02:27:54Z,CAR,in,0.644,Q3 6:21,3.0,8160,Kenny Pickett,QB,0.6,0.0,0.16,0.16,0.18,0.21,0.644,0.3,0.05,,0.0,0
2026-10-05 02:27:54Z,CAR,in,0.644,Q3 6:21,3.0,CAR,Carolina Panthers D/ST,DST,4.2,1.0,0.5,1.5,2.34,2.49,0.144,1.0,1.5,,0.0,0
2026-10-05 02:27:54Z,DET,in,0.644,Q3 6:21,-3.0,8250,Tay Martin,WR,0.8,0.0,0.27,0.27,0.24,0.28,0.644,1.0,0.27,,0.0,0
2026-10-05 02:27:54Z,DET,in,0.644,Q3 6:21,-3.0,4179,Joshua Dobbs,QB,0.6,0.0,0.2,0.2,0.18,0.21,0.644,0.3,0.06,,0.0,0
2026-10-05 02:27:54Z,DET,in,0.644,Q3 6:21,-3.0,9221,Jahmyr Gibbs,RB,25.7,13.1,8.66,21.76,21.94,22.24,0.002,1.0,21.76,,0.0,0
2026-10-05 02:27:54Z,DET,in,0.644,Q3 6:21,-3.0,3163,Jared Goff,QB,18.3,8.72,7.01,15.73,14.96,15.23,0.014,1.0,15.73,,0.0,0
2026-10-05 02:27:54Z,DET,in,0.644,Q3 6:21,-3.0,8148,Jameson Williams,WR,12.7,11.4,4.96,16.36,16.21,15.92,0.148,1.0,16.36,,0.0,0
2026-10-05 02:27:54Z,DET,in,0.644,Q3 6:21,-3.0,7891,Brock Wright,TE,1.5,1.8,0.61,2.41,2.41,2.33,0.034,1.0,2.41,,0.0,0
2026-10-05 02:27:54Z,DET,in,0.644,Q3 6:21,-3.0,7547,Amon-Ra St. Brown,WR,20.0,6.7,7.12,13.82,13.27,13.82,0.204,1.0,13.82,,0.0,0
2026-10-05 02:27:54Z,CAR,in,0.644,Q3 6:21,3.0,12526,Tetairoa McMillan,WR,16.4,39.2,7.24,46.44,47.58,45.04,0.053,1.0,46.44,,0.0,0
2026-10-05 02:27:54Z,CAR,in,0.644,Q3 6:21,3.0,11646,Jalen Coker,WR,8.5,0.0,2.49,2.49,2.54,3.02,0.644,1.0,2.49,,0.0,0
2026-10-05 02:27:54Z,DET,in,0.644,Q3 6:21,-3.0,DET,Detroit Lions D/ST,DST,5.7,2.0,0.41,2.41,3.88,4.03,0.053,1.0,2.41,,0.0,0
2026-10-05 02:27:54Z,DET,in,0.644,Q3 6:21,-3.0,11729,Sione Vaki,RB,2.6,2.7,1.04,3.74,3.72,3.63,0.267,0.9,3.63,,0.0,0
2026-10-05 02:27:54Z,CAR,in,0.644,Q3 6:21,3.0,11600,Ja'Tavion Sanders,TE,2.7,0.0,0.79,0.79,0.81,0.96,0.644,1.0,0.79,,0.0,0
2026-10-05 02:27:54Z,CAR,in,0.644,Q3 6:21,3.0,7594,Chuba Hubbard,RB,16.6,11.5,5.74,17.24,17.48,17.41,0.088,1.0,17.24,,0.0,0
2026-10-05 02:27:54Z,DET,in,0.644,Q3 6:21,-3.0,11539,Jake Bates,K,9.5,17.0,4.35,21.35,21.35,20.38,0.0,1.0,21.35,,0.0,0
2026-10-05 02:27:54Z,CAR,in,0.644,Q3 6:21,3.0,2505,Darren Waller,TE,8.8,2.1,2.7,4.8,4.91,5.23,0.053,1.0,4.8,,0.0,0
2026-10-05 02:28:55Z,CAR,in,0.644,Q3 6:21,3.0,11157,Brycen Tremayne,WR,5.6,2.1,1.77,3.87,3.96,4.09,0.109,1.0,3.87,,0.0,0
2026-10-05 02:28:55Z,CAR,in,0.644,Q3 6:21,3.0,12961,Ryan Fitzgerald,K,7.3,3.0,2.45,5.45,5.45,5.6,0.053,1.0,5.45,,0.0,0
2026-10-05 02:28:55Z,DET,in,0.644,Q3 6:21,-3.0,12535,Isaac TeSlaa,WR,5.3,6.7,2.19,8.89,8.88,8.59,0.014,1.0,8.89,,0.0,0
2026-10-05 02:28:55Z,DET,in,0.644,Q3 6:21,-3.0,10859,Sam LaPorta,TE,13.0,4.6,4.64,9.24,8.89,9.23,0.384,1.0,9.24,,0.0,0
2026-10-05 02:28:55Z,DET,in,0.644,Q3 6:21,-3.0,11237,Jacob Saylors,RB,1.7,0.0,0.47,0.47,0.51,0.6,0.644,1.0,0.47,,0.0,0
2026-10-05 02:28:55Z,CAR,in,0.644,Q3 6:21,3.0,9228,Bryce Young,QB,19.4,17.78,7.37,25.15,25.15,24.68,0.053,1.0,25.15,,0.0,0
2026-10-05 02:28:55Z,CAR,in,0.644,Q3 6:21,3.0,7694,Tommy Tremble,TE,3.8,5.2,1.43,6.63,6.8,6.55,0.083,1.0,6.63,,0.0,0
2026-10-05 02:28:55Z,CAR,in,0.644,Q3 6:21,3.0,8160,Kenny Pickett,QB,0.6,0.0,0.16,0.16,0.18,0.21,0.644,0.3,0.05,,0.0,0
2026-10-05 02:28:55Z,CAR,in,0.644,Q3 6:21,3.0,CAR,Carolina Panthers D/ST,DST,4.2,1.0,0.5,1.5,2.34,2.49,0.144,1.0,1.5,,0.0,0
2026-10-05 02:28:55Z,DET,in,0.644,Q3 6:21,-3.0,8250,Tay Martin,WR,0.8,0.0,0.27,0.27,0.24,0.28,0.644,1.0,0.27,,0.0,0
2026-10-05 02:28:55Z,DET,in,0.644,Q3 6:21,-3.0,4179,Joshua Dobbs,QB,0.6,0.0,0.2,0.2,0.18,0.21,0.644,0.3,0.06,,0.0,0
2026-10-05 02:28:55Z,DET,in,0.644,Q3 6:21,-3.0,9221,Jahmyr Gibbs,RB,25.7,13.1,8.66,21.76,21.94,22.24,0.002,1.0,21.76,,0.0,0
2026-10-05 02:28:55Z,DET,in,0.644,Q3 6:21,-3.0,3163,Jared Goff,QB,18.3,8.72,7.01,15.73,14.96,15.23,0.014,1.0,15.73,,0.0,0
2026-10-05 02:28:55Z,DET,in,0.644,Q3 6:21,-3.0,8148,Jameson Williams,WR,12.7,11.4,4.96,16.36,16.21,15.92,0.148,1.0,16.36,,0.0,0
2026-10-05 02:28:55Z,DET,in,0.644,Q3 6:21,-3.0,7891,Brock Wright,TE,1.5,1.8,0.61,2.41,2.41,2.33,0.034,1.0,2.41,,0.0,0
2026-10-05 02:28:55Z,DET,in,0.644,Q3 6:21,-3.0,7547,Amon-Ra St. Brown,WR,20.0,6.7,7.12,13.82,13.27,13.82,0.204,1.0,13.82,,0.0,0
2026-10-05 02:28:55Z,CAR,in,0.644,Q3 6:21,3.0,12526,Tetairoa McMillan,WR,16.4,39.2,7.24,46.44,47.58,45.04,0.053,1.0,46.44,,0.0,0
2026-10-05 02:28:55Z,CAR,in,0.644,Q3 6:21,3.0,11646,Jalen Coker,WR,8.5,0.0,2.49,2.49,2.54,3.02,0.644,1.0,2.49,,0.0,0
2026-10-05 02:28:55Z,DET,in,0.644,Q3 6:21,-3.0,DET,Detroit Lions D/ST,DST,5.7,2.0,0.41,2.41,3.88,4.03,0.053,1.0,2.41,,0.0,0
2026-10-05 02:28:55Z,DET,in,0.644,Q3 6:21,-3.0,11729,Sione Vaki,RB,2.6,2.7,1.04,3.74,3.72,3.63,0.267,0.9,3.63,,0.0,0
2026-10-05 02:28:55Z,CAR,in,0.644,Q3 6:21,3.0,11600,Ja'Tavion Sanders,TE,2.7,0.0,0.79,0.79,0.81,0.96,0.644,1.0,0.79,,0.0,0
2026-10-05 02:28:55Z,CAR,in,0.644,Q3 6:21,3.0,7594,Chuba Hubbard,RB,16.6,11.5,5.74,17.24,17.48,17.41,0.088,1.0,17.24,,0.0,0
2026-10-05 02:28:55Z,DET,in,0.644,Q3 6:21,-3.0,11539,Jake Bates,K,9.5,17.0,4.35,21.35,21.35,20.38,0.0,1.0,21.35,,0.0,0
2026-10-05 02:28:55Z,CAR,in,0.644,Q3 6:21,3.0,2505,Darren Waller,TE,8.8,2.1,2.7,4.8,4.91,5.23,0.053,1.0,4.8,,0.0,0
2026-10-05 02:29:55Z,CAR,in,0.655,Q3 5:41,3.0,11157,Brycen Tremayne,WR,5.6,2.1,1.71,3.81,3.9,4.03,0.12,1.0,3.81,,0.0,0
2026-10-05 02:29:55Z,CAR,in,0.655,Q3 5:41,3.0,12961,Ryan Fitzgerald,K,7.3,3.0,2.36,5.36,5.36,5.52,0.064,1.0,5.36,,0.0,0
2026-10-05 02:29:55Z,DET,in,0.655,Q3 5:41,-3.0,12535,Isaac TeSlaa,WR,5.3,6.7,2.14,8.84,8.81,8.53,0.025,1.0,8.84,,0.0,0
2026-10-05 02:29:55Z,DET,in,0.655,Q3 5:41,-3.0,10859,Sam LaPorta,TE,13.0,4.6,4.51,9.11,8.74,9.08,0.396,1.0,9.11,,0.0,0
2026-10-05 02:29:55Z,DET,in,0.655,Q3 5:41,-3.0,11237,Jacob Saylors,RB,1.7,0.0,0.46,0.46,0.49,0.59,0.655,1.0,0.46,,0.0,0
2026-10-05 02:29:55Z,CAR,in,0.655,Q3 5:41,3.0,9228,Bryce Young,QB,19.4,18.42,7.22,25.64,25.6,25.11,0.0,1.0,25.64,,0.0,0
2026-10-05 02:29:55Z,CAR,in,0.655,Q3 5:41,3.0,7694,Tommy Tremble,TE,3.8,5.2,1.39,6.59,6.74,6.51,0.094,1.0,6.59,,0.0,0
2026-10-05 02:29:55Z,CAR,in,0.655,Q3 5:41,3.0,8160,Kenny Pickett,QB,0.6,0.0,0.16,0.16,0.17,0.21,0.655,0.3,0.05,,0.0,0
2026-10-05 02:29:55Z,CAR,in,0.655,Q3 5:41,3.0,CAR,Carolina Panthers D/ST,DST,4.2,1.0,0.48,1.48,2.3,2.45,0.155,1.0,1.48,,0.0,0
2026-10-05 02:29:55Z,DET,in,0.655,Q3 5:41,-3.0,8250,Tay Martin,WR,0.8,0.0,0.26,0.26,0.23,0.28,0.655,1.0,0.26,,0.0,0
2026-10-05 02:29:55Z,DET,in,0.655,Q3 5:41,-3.0,4179,Joshua Dobbs,QB,0.6,0.0,0.19,0.19,0.17,0.21,0.655,0.3,0.06,,0.0,0
2026-10-05 02:29:55Z,DET,in,0.655,Q3 5:41,-3.0,9221,Jahmyr Gibbs,RB,25.7,13.1,8.38,21.48,21.64,21.96,0.013,1.0,21.48,,0.0,0
2026-10-05 02:29:55Z,DET,in,0.655,Q3 5:41,-3.0,3163,Jared Goff,QB,18.3,8.72,6.8,15.52,14.75,15.03,0.025,1.0,15.52,,0.0,0
2026-10-05 02:29:55Z,DET,in,0.655,Q3 5:41,-3.0,8148,Jameson Williams,WR,12.7,11.4,4.83,16.23,16.04,15.78,0.159,1.0,16.23,,0.0,0
2026-10-05 02:29:55Z,DET,in,0.655,Q3 5:41,-3.0,7891,Brock Wright,TE,1.5,1.8,0.6,2.4,2.39,2.32,0.045,1.0,2.4,,0.0,0
2026-10-05 02:29:55Z,DET,in,0.655,Q3 5:41,-3.0,7547,Amon-Ra St. Brown,WR,20.0,6.7,6.92,13.62,13.04,13.59,0.215,1.0,13.62,,0.0,0
2026-10-05 02:29:55Z,CAR,in,0.655,Q3 5:41,3.0,12526,Tetairoa McMillan,WR,16.4,39.2,7.04,46.24,47.31,44.85,0.064,1.0,46.24,,0.0,0
2026-10-05 02:29:55Z,CAR,in,0.655,Q3 5:41,3.0,11646,Jalen Coker,WR,8.5,0.0,2.41,2.41,2.45,2.93,0.655,1.0,2.41,,0.0,0
2026-10-05 02:29:55Z,DET,in,0.655,Q3 5:41,-3.0,DET,Detroit Lions D/ST,DST,5.7,2.0,0.4,2.4,3.82,3.96,0.064,1.0,2.4,,0.0,0
2026-10-05 02:29:55Z,DET,in,0.655,Q3 5:41,-3.0,11729,Sione Vaki,RB,2.6,2.7,1.0,3.7,3.68,3.6,0.278,0.883,3.59,,0.0,0
2026-10-05 02:29:55Z,CAR,in,0.655,Q3 5:41,3.0,11600,Ja'Tavion Sanders,TE,2.7,0.0,0.76,0.76,0.78,0.93,0.655,1.0,0.76,,0.0,0
2026-10-05 02:29:55Z,CAR,in,0.655,Q3 5:41,3.0,7594,Chuba Hubbard,RB,16.6,11.7,5.58,17.28,17.49,17.42,0.0,1.0,17.28,,0.0,0
2026-10-05 02:29:55Z,DET,in,0.655,Q3 5:41,-3.0,11539,Jake Bates,K,9.5,17.0,4.2,21.2,21.2,20.27,0.011,1.0,21.2,,0.0,0
2026-10-05 02:29:55Z,CAR,in,0.655,Q3 5:41,3.0,2505,Darren Waller,TE,8.8,4.7,2.78,7.48,7.64,7.73,0.0,1.0,7.48,,0.0,0
2026-10-05 02:30:56Z,CAR,in,0.676,Q3 4:28,3.0,11157,Brycen Tremayne,WR,5.6,5.3,1.81,7.11,7.24,7.12,0.0,1.0,7.11,,0.0,0
2026-10-05 02:30:56Z,CAR,in,0.676,Q3 4:28,3.0,12961,Ryan Fitzgerald,K,7.3,3.0,2.21,5.21,5.21,5.37,0.085,1.0,5.21,,0.0,0
2026-10-05 02:30:56Z,DET,in,0.676,Q3 4:28,-3.0,12535,Isaac TeSlaa,WR,5.3,6.7,2.03,8.73,8.67,8.42,0.046,1.0,8.73,,0.0,0
2026-10-05 02:30:56Z,DET,in,0.676,Q3 4:28,-3.0,10859,Sam LaPorta,TE,13.0,4.6,4.28,8.88,8.48,8.82,0.416,1.0,8.88,,0.0,0
2026-10-05 02:30:56Z,DET,in,0.676,Q3 4:28,-3.0,11237,Jacob Saylors,RB,1.7,0.0,0.43,0.43,0.46,0.55,0.676,1.0,0.43,,0.0,0
2026-10-05 02:30:56Z,CAR,in,0.676,Q3 4:28,3.0,9228,Bryce Young,QB,19.4,19.3,6.9,26.2,26.1,25.59,0.0,1.0,26.2,,0.0,0
2026-10-05 02:30:56Z,CAR,in,0.676,Q3 4:28,3.0,7694,Tommy Tremble,TE,3.8,5.2,1.32,6.52,6.65,6.43,0.114,1.0,6.52,,0.0,0
2026-10-05 02:30:56Z,CAR,in,0.676,Q3 4:28,3.0,8160,Kenny Pickett,QB,0.6,0.0,0.15,0.15,0.16,0.19,0.676,0.3,0.04,,0.0,0
2026-10-05 02:30:56Z,CAR,in,0.676,Q3 4:28,3.0,CAR,Carolina Panthers D/ST,DST,4.2,1.0,0.44,1.44,2.21,2.36,0.176,1.0,1.44,,0.0,0
2026-10-05 02:30:56Z,DET,in,0.676,Q3 4:28,-3.0,8250,Tay Martin,WR,0.8,0.0,0.25,0.25,0.22,0.26,0.676,1.0,0.25,,0.0,0
2026-10-05 02:30:56Z,DET,in,0.676,Q3 4:28,-3.0,4179,Joshua Dobbs,QB,0.6,0.0,0.18,0.18,0.16,0.19,0.676,0.3,0.05,,0.0,0
2026-10-05 02:30:56Z,DET,in,0.676,Q3 4:28,-3.0,9221,Jahmyr Gibbs,RB,25.7,13.1,7.88,20.98,21.09,21.44,0.033,1.0,20.98,,0.0,0
2026-10-05 02:30:56Z,DET,in,0.676,Q3 4:28,-3.0,3163,Jared Goff,QB,18.3,8.72,6.43,15.15,14.36,14.66,0.046,1.0,15.15,,0.0,0
2026-10-05 02:30:56Z,DET,in,0.676,Q3 4:28,-3.0,8148,Jameson Williams,WR,12.7,11.4,4.59,15.99,15.75,15.52,0.18,1.0,15.99,,0.0,0
2026-10-05 02:30:56Z,DET,in,0.676,Q3 4:28,-3.0,7891,Brock Wright,TE,1.5,1.8,0.57,2.37,2.35,2.29,0.066,1.0,2.37,,0.0,0
2026-10-05 02:30:56Z,DET,in,0.676,Q3 4:28,-3.0,7547,Amon-Ra St. Brown,WR,20.0,6.7,6.56,13.26,12.64,13.19,0.235,1.0,13.26,,0.0,0
2026-10-05 02:30:56Z,CAR,in,0.676,Q3 4:28,3.0,12526,Tetairoa McMillan,WR,16.4,39.2,6.68,45.88,46.8,44.52,0.085,1.0,45.88,,0.0,0
2026-10-05 02:30:56Z,CAR,in,0.676,Q3 4:28,3.0,11646,Jalen Coker,WR,8.5,0.0,2.27,2.27,2.29,2.76,0.676,1.0,2.27,,0.0,0
2026-10-05 02:30:56Z,DET,in,0.676,Q3 4:28,-3.0,DET,Detroit Lions D/ST,DST,5.7,2.0,0.38,2.38,3.7,3.85,0.085,1.0,2.38,,0.0,0
2026-10-05 02:30:56Z,DET,in,0.676,Q3 4:28,-3.0,11729,Sione Vaki,RB,2.6,2.7,0.94,3.64,3.62,3.54,0.298,0.853,3.5,,0.0,0
2026-10-05 02:30:56Z,CAR,in,0.676,Q3 4:28,3.0,11600,Ja'Tavion Sanders,TE,2.7,0.0,0.72,0.72,0.73,0.88,0.676,1.0,0.72,,0.0,0
2026-10-05 02:30:56Z,CAR,in,0.676,Q3 4:28,3.0,7594,Chuba Hubbard,RB,16.6,11.7,5.23,16.93,17.13,17.09,0.02,1.0,16.93,,0.0,0
2026-10-05 02:30:56Z,DET,in,0.676,Q3 4:28,-3.0,11539,Jake Bates,K,9.5,17.0,3.94,20.94,20.94,20.08,0.031,1.0,20.94,,0.0,0
2026-10-05 02:30:56Z,CAR,in,0.676,Q3 4:28,3.0,2505,Darren Waller,TE,8.8,4.7,2.62,7.32,7.45,7.56,0.02,1.0,7.32,,0.0,0
2026-10-05 02:31:56Z,CAR,in,0.676,Q3 4:28,3.0,11157,Brycen Tremayne,WR,5.6,5.2,1.8,7.0,7.13,7.02,0.0,1.0,7.0,,0.0,0
2026-10-05 02:31:56Z,CAR,in,0.676,Q3 4:28,3.0,12961,Ryan Fitzgerald,K,7.3,3.0,2.21,5.21,5.21,5.37,0.085,1.0,5.21,,0.0,0
2026-10-05 02:31:56Z,DET,in,0.676,Q3 4:28,-3.0,12535,Isaac TeSlaa,WR,5.3,6.7,2.03,8.73,8.67,8.42,0.046,1.0,8.73,,0.0,0
2026-10-05 02:31:56Z,DET,in,0.676,Q3 4:28,-3.0,10859,Sam LaPorta,TE,13.0,4.6,4.28,8.88,8.48,8.82,0.416,1.0,8.88,,0.0,0
2026-10-05 02:31:56Z,DET,in,0.676,Q3 4:28,-3.0,11237,Jacob Saylors,RB,1.7,0.0,0.43,0.43,0.46,0.55,0.676,1.0,0.43,,0.0,0
2026-10-05 02:31:56Z,CAR,in,0.676,Q3 4:28,3.0,9228,Bryce Young,QB,19.4,19.26,6.9,26.16,26.05,25.55,0.0,1.0,26.16,,0.0,0
2026-10-05 02:31:56Z,CAR,in,0.676,Q3 4:28,3.0,7694,Tommy Tremble,TE,3.8,5.2,1.32,6.52,6.65,6.43,0.114,1.0,6.52,,0.0,0
2026-10-05 02:31:56Z,CAR,in,0.676,Q3 4:28,3.0,8160,Kenny Pickett,QB,0.6,0.0,0.15,0.15,0.16,0.19,0.676,0.3,0.04,,0.0,0
2026-10-05 02:31:56Z,CAR,in,0.676,Q3 4:28,3.0,CAR,Carolina Panthers D/ST,DST,4.2,1.0,0.44,1.44,2.21,2.36,0.176,1.0,1.44,,0.0,0
2026-10-05 02:31:56Z,DET,in,0.676,Q3 4:28,-3.0,8250,Tay Martin,WR,0.8,0.0,0.25,0.25,0.22,0.26,0.676,1.0,0.25,,0.0,0
2026-10-05 02:31:56Z,DET,in,0.676,Q3 4:28,-3.0,4179,Joshua Dobbs,QB,0.6,0.0,0.18,0.18,0.16,0.19,0.676,0.3,0.05,,0.0,0
2026-10-05 02:31:56Z,DET,in,0.676,Q3 4:28,-3.0,9221,Jahmyr Gibbs,RB,25.7,13.1,7.88,20.98,21.09,21.44,0.033,1.0,20.98,,0.0,0
2026-10-05 02:31:56Z,DET,in,0.676,Q3 4:28,-3.0,3163,Jared Goff,QB,18.3,8.72,6.43,15.15,14.36,14.66,0.046,1.0,15.15,,0.0,0
2026-10-05 02:31:56Z,DET,in,0.676,Q3 4:28,-3.0,8148,Jameson Williams,WR,12.7,11.4,4.59,15.99,15.75,15.52,0.18,1.0,15.99,,0.0,0
2026-10-05 02:31:56Z,DET,in,0.676,Q3 4:28,-3.0,7891,Brock Wright,TE,1.5,1.8,0.57,2.37,2.35,2.29,0.066,1.0,2.37,,0.0,0
2026-10-05 02:31:56Z,DET,in,0.676,Q3 4:28,-3.0,7547,Amon-Ra St. Brown,WR,20.0,6.7,6.56,13.26,12.64,13.19,0.235,1.0,13.26,,0.0,0
2026-10-05 02:31:56Z,CAR,in,0.676,Q3 4:28,3.0,12526,Tetairoa McMillan,WR,16.4,39.2,6.68,45.88,46.8,44.52,0.085,1.0,45.88,,0.0,0
2026-10-05 02:31:56Z,CAR,in,0.676,Q3 4:28,3.0,11646,Jalen Coker,WR,8.5,0.0,2.27,2.27,2.29,2.76,0.676,1.0,2.27,,0.0,0
2026-10-05 02:31:56Z,DET,in,0.676,Q3 4:28,-3.0,DET,Detroit Lions D/ST,DST,5.7,2.0,0.38,2.38,3.7,3.85,0.085,1.0,2.38,,0.0,0
2026-10-05 02:31:56Z,DET,in,0.676,Q3 4:28,-3.0,11729,Sione Vaki,RB,2.6,2.7,0.94,3.64,3.62,3.54,0.298,0.853,3.5,,0.0,0
2026-10-05 02:31:56Z,CAR,in,0.676,Q3 4:28,3.0,11600,Ja'Tavion Sanders,TE,2.7,0.0,0.72,0.72,0.73,0.88,0.676,1.0,0.72,,0.0,0
2026-10-05 02:31:56Z,CAR,in,0.676,Q3 4:28,3.0,7594,Chuba Hubbard,RB,16.6,11.8,5.24,17.04,17.23,17.19,0.0,1.0,17.04,,0.0,0
2026-10-05 02:31:56Z,DET,in,0.676,Q3 4:28,-3.0,11539,Jake Bates,K,9.5,17.0,3.94,20.94,20.94,20.08,0.031,1.0,20.94,,0.0,0
2026-10-05 02:31:56Z,CAR,in,0.676,Q3 4:28,3.0,2505,Darren Waller,TE,8.8,4.7,2.62,7.32,7.45,7.56,0.02,1.0,7.32,,0.0,0
2026-10-05 02:32:57Z,CAR,in,0.692,Q3 3:28,3.0,11157,Brycen Tremayne,WR,5.6,5.2,1.71,6.91,7.03,6.92,0.017,1.0,6.91,,0.0,0
2026-10-05 02:32:57Z,CAR,in,0.692,Q3 3:28,3.0,12961,Ryan Fitzgerald,K,7.3,3.0,2.09,5.09,5.09,5.25,0.101,1.0,5.09,,0.0,0
2026-10-05 02:32:57Z,DET,in,0.692,Q3 3:28,-3.0,12535,Isaac TeSlaa,WR,5.3,6.7,1.94,8.64,8.56,8.33,0.062,1.0,8.64,,0.0,0
2026-10-05 02:32:57Z,DET,in,0.692,Q3 3:28,-3.0,10859,Sam LaPorta,TE,13.0,4.6,4.08,8.68,8.26,8.6,0.432,1.0,8.68,,0.0,0
2026-10-05 02:32:57Z,DET,in,0.692,Q3 3:28,-3.0,11237,Jacob Saylors,RB,1.7,0.0,0.41,0.41,0.43,0.52,0.692,1.0,0.41,,0.0,0
2026-10-05 02:32:57Z,CAR,in,0.692,Q3 3:28,3.0,9228,Bryce Young,QB,19.4,20.02,6.63,26.65,26.5,25.99,0.0,1.0,26.65,,0.0,0
2026-10-05 02:32:57Z,CAR,in,0.692,Q3 3:28,3.0,7694,Tommy Tremble,TE,3.8,5.2,1.26,6.46,6.57,6.37,0.131,1.0,6.46,,0.0,0
2026-10-05 02:32:57Z,CAR,in,0.692,Q3 3:28,3.0,8160,Kenny Pickett,QB,0.6,0.0,0.14,0.14,0.15,0.18,0.692,0.3,0.04,,0.0,0
2026-10-05 02:32:57Z,CAR,in,0.692,Q3 3:28,3.0,CAR,Carolina Panthers D/ST,DST,4.2,1.0,0.42,1.42,2.15,2.29,0.192,1.0,1.42,,0.0,0
2026-10-05 02:32:57Z,DET,in,0.692,Q3 3:28,-3.0,8250,Tay Martin,WR,0.8,0.0,0.23,0.23,0.2,0.25,0.692,1.0,0.23,,0.0,0
2026-10-05 02:32:57Z,DET,in,0.692,Q3 3:28,-3.0,4179,Joshua Dobbs,QB,0.6,0.0,0.17,0.17,0.15,0.18,0.692,0.3,0.05,,0.0,0
2026-10-05 02:32:57Z,DET,in,0.692,Q3 3:28,-3.0,9221,Jahmyr Gibbs,RB,25.7,13.1,7.46,20.56,20.65,21.01,0.05,1.0,20.56,,0.0,0
2026-10-05 02:32:57Z,DET,in,0.692,Q3 3:28,-3.0,3163,Jared Goff,QB,18.3,8.72,6.12,14.84,14.05,14.35,0.062,1.0,14.84,,0.0,0
2026-10-05 02:32:57Z,DET,in,0.692,Q3 3:28,-3.0,8148,Jameson Williams,WR,12.7,11.4,4.38,15.78,15.51,15.31,0.196,1.0,15.78,,0.0,0
2026-10-05 02:32:57Z,DET,in,0.692,Q3 3:28,-3.0,7891,Brock Wright,TE,1.5,1.8,0.54,2.34,2.32,2.26,0.082,1.0,2.34,,0.0,0
2026-10-05 02:32:57Z,DET,in,0.692,Q3 3:28,-3.0,7547,Amon-Ra St. Brown,WR,20.0,6.7,6.25,12.95,12.31,12.86,0.252,1.0,12.95,,0.0,0
2026-10-05 02:32:57Z,CAR,in,0.692,Q3 3:28,3.0,12526,Tetairoa McMillan,WR,16.4,39.2,6.38,45.58,46.39,44.25,0.101,1.0,45.58,,0.0,0
2026-10-05 02:32:57Z,CAR,in,0.692,Q3 3:28,3.0,11646,Jalen Coker,WR,8.5,0.0,2.15,2.15,2.16,2.62,0.692,1.0,2.15,,0.0,0
2026-10-05 02:32:57Z,DET,in,0.692,Q3 3:28,-3.0,DET,Detroit Lions D/ST,DST,5.7,2.0,0.36,2.36,3.6,3.75,0.101,1.0,2.36,,0.0,0
2026-10-05 02:32:57Z,DET,in,0.692,Q3 3:28,-3.0,11729,Sione Vaki,RB,2.6,2.7,0.89,3.59,3.57,3.5,0.315,0.828,3.44,,0.0,0
2026-10-05 02:32:57Z,CAR,in,0.692,Q3 3:28,3.0,11600,Ja'Tavion Sanders,TE,2.7,0.0,0.68,0.68,0.69,0.83,0.692,1.0,0.68,,0.0,0
2026-10-05 02:32:57Z,CAR,in,0.692,Q3 3:28,3.0,7594,Chuba Hubbard,RB,16.6,11.8,4.96,16.76,16.93,16.91,0.017,1.0,16.76,,0.0,0
2026-10-05 02:32:57Z,DET,in,0.692,Q3 3:28,-3.0,11539,Jake Bates,K,9.5,17.0,3.73,20.73,20.73,19.92,0.048,1.0,20.73,,0.0,0
2026-10-05 02:32:57Z,CAR,in,0.692,Q3 3:28,3.0,2505,Darren Waller,TE,8.8,4.7,2.49,7.19,7.3,7.41,0.037,1.0,7.19,,0.0,0
2026-10-05 02:33:57Z,CAR,in,0.704,Q3 2:47,9.0,11157,Brycen Tremayne,WR,5.6,5.2,1.43,6.63,6.95,6.86,0.028,1.0,6.63,,0.0,0
2026-10-05 02:33:57Z,CAR,in,0.704,Q3 2:47,9.0,12961,Ryan Fitzgerald,K,7.3,3.0,2.01,5.01,5.01,5.16,0.113,1.0,5.01,,0.0,0
2026-10-05 02:33:57Z,DET,in,0.704,Q3 2:47,-9.0,12535,Isaac TeSlaa,WR,5.3,6.7,2.09,8.79,8.49,8.27,0.074,1.0,8.79,,0.0,0
2026-10-05 02:33:57Z,DET,in,0.704,Q3 2:47,-9.0,10859,Sam LaPorta,TE,13.0,4.6,4.47,9.07,8.12,8.45,0.444,1.0,9.07,,0.0,0
2026-10-05 02:33:57Z,DET,in,0.704,Q3 2:47,-9.0,11237,Jacob Saylors,RB,1.7,0.0,0.41,0.41,0.42,0.5,0.704,1.0,0.41,,0.0,0
2026-10-05 02:33:57Z,CAR,in,0.704,Q3 2:47,9.0,9228,Bryce Young,QB,19.4,19.98,5.41,25.39,26.2,25.73,0.0,1.0,25.39,,0.0,0
2026-10-05 02:33:57Z,CAR,in,0.704,Q3 2:47,9.0,7694,Tommy Tremble,TE,3.8,5.2,1.06,6.26,6.51,6.33,0.142,1.0,6.26,,0.0,0
2026-10-05 02:33:57Z,CAR,in,0.704,Q3 2:47,9.0,8160,Kenny Pickett,QB,0.6,0.0,0.1,0.1,0.15,0.18,0.704,0.3,0.03,,0.0,0
2026-10-05 02:33:57Z,CAR,in,0.704,Q3 2:47,9.0,CAR,Carolina Panthers D/ST,DST,4.2,1.0,0.5,1.5,2.1,2.24,0.204,1.0,1.5,,0.0,0
2026-10-05 02:33:57Z,DET,in,0.704,Q3 2:47,-9.0,8250,Tay Martin,WR,0.8,0.0,0.26,0.26,0.2,0.24,0.704,1.0,0.26,,0.0,0
2026-10-05 02:33:57Z,DET,in,0.704,Q3 2:47,-9.0,4179,Joshua Dobbs,QB,0.6,0.0,0.19,0.19,0.15,0.18,0.704,0.3,0.06,,0.0,0
2026-10-05 02:33:57Z,DET,in,0.704,Q3 2:47,-9.0,9221,Jahmyr Gibbs,RB,25.7,13.1,7.47,20.57,20.35,20.72,0.061,1.0,20.57,,0.0,0
2026-10-05 02:33:57Z,DET,in,0.704,Q3 2:47,-9.0,3163,Jared Goff,QB,18.3,8.72,6.82,15.54,13.84,14.14,0.074,1.0,15.54,,0.0,0
2026-10-05 02:33:57Z,DET,in,0.704,Q3 2:47,-9.0,8148,Jameson Williams,WR,12.7,11.4,4.75,16.15,15.35,15.16,0.208,1.0,16.15,,0.0,0
2026-10-05 02:33:57Z,DET,in,0.704,Q3 2:47,-9.0,7891,Brock Wright,TE,1.5,1.8,0.59,2.39,2.3,2.24,0.094,1.0,2.39,,0.0,0
2026-10-05 02:33:57Z,DET,in,0.704,Q3 2:47,-9.0,7547,Amon-Ra St. Brown,WR,20.0,6.7,6.85,13.55,12.08,12.63,0.263,1.0,13.55,,0.0,0
2026-10-05 02:33:57Z,CAR,in,0.704,Q3 2:47,9.0,12526,Tetairoa McMillan,WR,16.4,39.2,5.51,44.71,46.11,44.06,0.113,1.0,44.71,,0.0,0
2026-10-05 02:33:57Z,CAR,in,0.704,Q3 2:47,9.0,11646,Jalen Coker,WR,8.5,0.0,1.73,1.73,2.08,2.52,0.704,1.0,1.73,,0.0,0
2026-10-05 02:33:57Z,DET,in,0.704,Q3 2:47,-9.0,DET,Detroit Lions D/ST,DST,5.7,1.0,0.28,1.28,2.47,2.69,0.0,1.0,1.28,,0.0,0
2026-10-05 02:33:57Z,DET,in,0.704,Q3 2:47,-9.0,11729,Sione Vaki,RB,2.6,2.7,0.89,3.59,3.54,3.47,0.326,0.811,3.42,,0.0,0
2026-10-05 02:33:57Z,CAR,in,0.704,Q3 2:47,9.0,11600,Ja'Tavion Sanders,TE,2.7,0.0,0.55,0.55,0.66,0.8,0.704,1.0,0.55,,0.0,0
2026-10-05 02:33:57Z,CAR,in,0.704,Q3 2:47,9.0,7594,Chuba Hubbard,RB,16.6,20.5,5.4,25.9,26.07,25.42,0.0,1.0,25.9,,0.0,0
2026-10-05 02:33:57Z,DET,in,0.704,Q3 2:47,-9.0,11539,Jake Bates,K,9.5,17.0,3.58,20.58,20.58,19.82,0.059,1.0,20.58,,0.0,0
2026-10-05 02:33:57Z,CAR,in,0.704,Q3 2:47,9.0,2505,Darren Waller,TE,8.8,4.7,2.05,6.75,7.2,7.31,0.048,1.0,6.75,,0.0,0
2026-10-05 02:34:57Z,CAR,in,0.704,Q3 2:47,10.0,11157,Brycen Tremayne,WR,5.6,5.2,1.39,6.59,6.95,6.86,0.028,1.0,6.59,,0.0,0
2026-10-05 02:34:57Z,CAR,in,0.704,Q3 2:47,10.0,12961,Ryan Fitzgerald,K,7.3,4.0,2.08,6.08,6.08,6.16,0.0,1.0,6.08,,0.0,0
2026-10-05 02:34:57Z,DET,in,0.704,Q3 2:47,-10.0,12535,Isaac TeSlaa,WR,5.3,6.7,2.12,8.82,8.49,8.27,0.074,1.0,8.82,,0.0,0
2026-10-05 02:34:57Z,DET,in,0.704,Q3 2:47,-10.0,10859,Sam LaPorta,TE,13.0,4.6,4.55,9.15,8.12,8.45,0.444,1.0,9.15,,0.0,0
2026-10-05 02:34:57Z,DET,in,0.704,Q3 2:47,-10.0,11237,Jacob Saylors,RB,1.7,0.0,0.41,0.41,0.42,0.5,0.704,1.0,0.41,,0.0,0
2026-10-05 02:34:57Z,CAR,in,0.704,Q3 2:47,10.0,9228,Bryce Young,QB,19.4,19.98,5.25,25.23,26.2,25.73,0.0,1.0,25.23,,0.0,0
2026-10-05 02:34:57Z,CAR,in,0.704,Q3 2:47,10.0,7694,Tommy Tremble,TE,3.8,5.2,1.04,6.24,6.51,6.33,0.142,1.0,6.24,,0.0,0
2026-10-05 02:34:57Z,CAR,in,0.704,Q3 2:47,10.0,8160,Kenny Pickett,QB,0.6,0.0,0.1,0.1,0.15,0.18,0.704,0.3,0.03,,0.0,0
2026-10-05 02:34:57Z,CAR,in,0.704,Q3 2:47,10.0,CAR,Carolina Panthers D/ST,DST,4.2,1.0,0.52,1.52,2.1,2.24,0.204,1.0,1.52,,0.0,0
2026-10-05 02:34:57Z,DET,in,0.704,Q3 2:47,-10.0,8250,Tay Martin,WR,0.8,0.0,0.26,0.26,0.2,0.24,0.704,1.0,0.26,,0.0,0
2026-10-05 02:34:57Z,DET,in,0.704,Q3 2:47,-10.0,4179,Joshua Dobbs,QB,0.6,0.0,0.2,0.2,0.15,0.18,0.704,0.3,0.06,,0.0,0
2026-10-05 02:34:57Z,DET,in,0.704,Q3 2:47,-10.0,9221,Jahmyr Gibbs,RB,25.7,13.1,7.52,20.62,20.35,20.72,0.061,1.0,20.62,,0.0,0
2026-10-05 02:34:57Z,DET,in,0.704,Q3 2:47,-10.0,3163,Jared Goff,QB,18.3,8.72,6.98,15.7,13.84,14.14,0.074,1.0,15.7,,0.0,0
2026-10-05 02:34:57Z,DET,in,0.704,Q3 2:47,-10.0,8148,Jameson Williams,WR,12.7,11.4,4.83,16.23,15.35,15.16,0.208,1.0,16.23,,0.0,0
2026-10-05 02:34:57Z,DET,in,0.704,Q3 2:47,-10.0,7891,Brock Wright,TE,1.5,1.8,0.6,2.4,2.3,2.24,0.094,1.0,2.4,,0.0,0
2026-10-05 02:34:57Z,DET,in,0.704,Q3 2:47,-10.0,7547,Amon-Ra St. Brown,WR,20.0,6.7,6.98,13.68,12.08,12.63,0.263,1.0,13.68,,0.0,0
2026-10-05 02:34:57Z,CAR,in,0.704,Q3 2:47,10.0,12526,Tetairoa McMillan,WR,16.4,39.2,5.4,44.6,46.11,44.06,0.113,1.0,44.6,,0.0,0
2026-10-05 02:34:57Z,CAR,in,0.704,Q3 2:47,10.0,11646,Jalen Coker,WR,8.5,0.0,1.67,1.67,2.08,2.52,0.704,1.0,1.67,,0.0,0
2026-10-05 02:34:57Z,DET,in,0.704,Q3 2:47,-10.0,DET,Detroit Lions D/ST,DST,5.7,1.0,0.26,1.26,2.47,2.69,0.0,1.0,1.26,,0.0,0
2026-10-05 02:34:57Z,DET,in,0.704,Q3 2:47,-10.0,11729,Sione Vaki,RB,2.6,2.7,0.89,3.59,3.54,3.47,0.326,0.811,3.42,,0.0,0
2026-10-05 02:34:57Z,CAR,in,0.704,Q3 2:47,10.0,11600,Ja'Tavion Sanders,TE,2.7,0.0,0.53,0.53,0.66,0.8,0.704,1.0,0.53,,0.0,0
2026-10-05 02:34:57Z,CAR,in,0.704,Q3 2:47,10.0,7594,Chuba Hubbard,RB,16.6,20.5,5.36,25.86,26.07,25.42,0.0,1.0,25.86,,0.0,0
2026-10-05 02:34:57Z,DET,in,0.704,Q3 2:47,-10.0,11539,Jake Bates,K,9.5,17.0,3.58,20.58,20.58,19.82,0.059,1.0,20.58,,0.0,0
2026-10-05 02:34:57Z,CAR,in,0.704,Q3 2:47,10.0,2505,Darren Waller,TE,8.8,4.7,1.99,6.69,7.2,7.31,0.048,1.0,6.69,,0.0,0
2026-10-05 02:35:58Z,CAR,in,0.704,Q3 2:47,10.0,11157,Brycen Tremayne,WR,5.6,5.2,1.39,6.59,6.95,6.86,0.028,1.0,6.59,,0.0,0
2026-10-05 02:35:58Z,CAR,in,0.704,Q3 2:47,10.0,12961,Ryan Fitzgerald,K,7.3,4.0,2.08,6.08,6.08,6.16,0.0,1.0,6.08,,0.0,0
2026-10-05 02:35:58Z,DET,in,0.704,Q3 2:47,-10.0,12535,Isaac TeSlaa,WR,5.3,6.7,2.12,8.82,8.49,8.27,0.074,1.0,8.82,,0.0,0
2026-10-05 02:35:58Z,DET,in,0.704,Q3 2:47,-10.0,10859,Sam LaPorta,TE,13.0,4.6,4.55,9.15,8.12,8.45,0.444,1.0,9.15,,0.0,0
2026-10-05 02:35:58Z,DET,in,0.704,Q3 2:47,-10.0,11237,Jacob Saylors,RB,1.7,0.0,0.41,0.41,0.42,0.5,0.704,1.0,0.41,,0.0,0
2026-10-05 02:35:58Z,CAR,in,0.704,Q3 2:47,10.0,9228,Bryce Young,QB,19.4,19.98,5.25,25.23,26.2,25.73,0.0,1.0,25.23,,0.0,0
2026-10-05 02:35:58Z,CAR,in,0.704,Q3 2:47,10.0,7694,Tommy Tremble,TE,3.8,5.2,1.04,6.24,6.51,6.33,0.142,1.0,6.24,,0.0,0
2026-10-05 02:35:58Z,CAR,in,0.704,Q3 2:47,10.0,8160,Kenny Pickett,QB,0.6,0.0,0.1,0.1,0.15,0.18,0.704,0.3,0.03,,0.0,0
2026-10-05 02:35:58Z,CAR,in,0.704,Q3 2:47,10.0,CAR,Carolina Panthers D/ST,DST,4.2,1.0,0.52,1.52,2.1,2.24,0.204,1.0,1.52,,0.0,0
2026-10-05 02:35:58Z,DET,in,0.704,Q3 2:47,-10.0,8250,Tay Martin,WR,0.8,0.0,0.26,0.26,0.2,0.24,0.704,1.0,0.26,,0.0,0
2026-10-05 02:35:58Z,DET,in,0.704,Q3 2:47,-10.0,4179,Joshua Dobbs,QB,0.6,0.0,0.2,0.2,0.15,0.18,0.704,0.3,0.06,,0.0,0
2026-10-05 02:35:58Z,DET,in,0.704,Q3 2:47,-10.0,9221,Jahmyr Gibbs,RB,25.7,13.1,7.52,20.62,20.35,20.72,0.061,1.0,20.62,,0.0,0
2026-10-05 02:35:58Z,DET,in,0.704,Q3 2:47,-10.0,3163,Jared Goff,QB,18.3,8.72,6.98,15.7,13.84,14.14,0.074,1.0,15.7,,0.0,0
2026-10-05 02:35:58Z,DET,in,0.704,Q3 2:47,-10.0,8148,Jameson Williams,WR,12.7,11.4,4.83,16.23,15.35,15.16,0.208,1.0,16.23,,0.0,0
2026-10-05 02:35:58Z,DET,in,0.704,Q3 2:47,-10.0,7891,Brock Wright,TE,1.5,1.8,0.6,2.4,2.3,2.24,0.094,1.0,2.4,,0.0,0
2026-10-05 02:35:58Z,DET,in,0.704,Q3 2:47,-10.0,7547,Amon-Ra St. Brown,WR,20.0,6.7,6.98,13.68,12.08,12.63,0.263,1.0,13.68,,0.0,0
2026-10-05 02:35:58Z,CAR,in,0.704,Q3 2:47,10.0,12526,Tetairoa McMillan,WR,16.4,39.2,5.4,44.6,46.11,44.06,0.113,1.0,44.6,,0.0,0
2026-10-05 02:35:58Z,CAR,in,0.704,Q3 2:47,10.0,11646,Jalen Coker,WR,8.5,0.0,1.67,1.67,2.08,2.52,0.704,1.0,1.67,,0.0,0
2026-10-05 02:35:58Z,DET,in,0.704,Q3 2:47,-10.0,DET,Detroit Lions D/ST,DST,5.7,1.0,0.26,1.26,2.47,2.69,0.0,1.0,1.26,,0.0,0
2026-10-05 02:35:58Z,DET,in,0.704,Q3 2:47,-10.0,11729,Sione Vaki,RB,2.6,2.7,0.89,3.59,3.54,3.47,0.326,0.811,3.42,,0.0,0
2026-10-05 02:35:58Z,CAR,in,0.704,Q3 2:47,10.0,11600,Ja'Tavion Sanders,TE,2.7,0.0,0.53,0.53,0.66,0.8,0.704,1.0,0.53,,0.0,0
2026-10-05 02:35:58Z,CAR,in,0.704,Q3 2:47,10.0,7594,Chuba Hubbard,RB,16.6,20.5,5.36,25.86,26.07,25.42,0.0,1.0,25.86,,0.0,0
2026-10-05 02:35:58Z,DET,in,0.704,Q3 2:47,-10.0,11539,Jake Bates,K,9.5,17.0,3.58,20.58,20.58,19.82,0.059,1.0,20.58,,0.0,0
2026-10-05 02:35:58Z,CAR,in,0.704,Q3 2:47,10.0,2505,Darren Waller,TE,8.8,4.7,1.99,6.69,7.2,7.31,0.048,1.0,6.69,,0.0,0
2026-10-05 02:36:58Z,CAR,in,0.704,Q3 2:47,10.0,11157,Brycen Tremayne,WR,5.6,5.2,1.39,6.59,6.95,6.86,0.028,1.0,6.59,,0.0,0
2026-10-05 02:36:58Z,CAR,in,0.704,Q3 2:47,10.0,12961,Ryan Fitzgerald,K,7.3,4.0,2.08,6.08,6.08,6.16,0.0,1.0,6.08,,0.0,0
2026-10-05 02:36:58Z,DET,in,0.704,Q3 2:47,-10.0,12535,Isaac TeSlaa,WR,5.3,6.7,2.12,8.82,8.49,8.27,0.074,1.0,8.82,,0.0,0
2026-10-05 02:36:58Z,DET,in,0.704,Q3 2:47,-10.0,10859,Sam LaPorta,TE,13.0,4.6,4.55,9.15,8.12,8.45,0.444,1.0,9.15,,0.0,0
2026-10-05 02:36:58Z,DET,in,0.704,Q3 2:47,-10.0,11237,Jacob Saylors,RB,1.7,0.0,0.41,0.41,0.42,0.5,0.704,1.0,0.41,,0.0,0
2026-10-05 02:36:58Z,CAR,in,0.704,Q3 2:47,10.0,9228,Bryce Young,QB,19.4,19.98,5.25,25.23,26.2,25.73,0.0,1.0,25.23,,0.0,0
2026-10-05 02:36:58Z,CAR,in,0.704,Q3 2:47,10.0,7694,Tommy Tremble,TE,3.8,5.2,1.04,6.24,6.51,6.33,0.142,1.0,6.24,,0.0,0
2026-10-05 02:36:58Z,CAR,in,0.704,Q3 2:47,10.0,8160,Kenny Pickett,QB,0.6,0.0,0.1,0.1,0.15,0.18,0.704,0.3,0.03,,0.0,0
2026-10-05 02:36:58Z,CAR,in,0.704,Q3 2:47,10.0,CAR,Carolina Panthers D/ST,DST,4.2,1.0,0.52,1.52,2.1,2.24,0.204,1.0,1.52,,0.0,0
2026-10-05 02:36:58Z,DET,in,0.704,Q3 2:47,-10.0,8250,Tay Martin,WR,0.8,0.0,0.26,0.26,0.2,0.24,0.704,1.0,0.26,,0.0,0
2026-10-05 02:36:58Z,DET,in,0.704,Q3 2:47,-10.0,4179,Joshua Dobbs,QB,0.6,0.0,0.2,0.2,0.15,0.18,0.704,0.3,0.06,,0.0,0
2026-10-05 02:36:58Z,DET,in,0.704,Q3 2:47,-10.0,9221,Jahmyr Gibbs,RB,25.7,13.1,7.52,20.62,20.35,20.72,0.061,1.0,20.62,,0.0,0
2026-10-05 02:36:58Z,DET,in,0.704,Q3 2:47,-10.0,3163,Jared Goff,QB,18.3,8.72,6.98,15.7,13.84,14.14,0.074,1.0,15.7,,0.0,0
2026-10-05 02:36:58Z,DET,in,0.704,Q3 2:47,-10.0,8148,Jameson Williams,WR,12.7,11.4,4.83,16.23,15.35,15.16,0.208,1.0,16.23,,0.0,0
2026-10-05 02:36:58Z,DET,in,0.704,Q3 2:47,-10.0,7891,Brock Wright,TE,1.5,1.8,0.6,2.4,2.3,2.24,0.094,1.0,2.4,,0.0,0
2026-10-05 02:36:58Z,DET,in,0.704,Q3 2:47,-10.0,7547,Amon-Ra St. Brown,WR,20.0,6.7,6.98,13.68,12.08,12.63,0.263,1.0,13.68,,0.0,0
2026-10-05 02:36:58Z,CAR,in,0.704,Q3 2:47,10.0,12526,Tetairoa McMillan,WR,16.4,39.2,5.4,44.6,46.11,44.06,0.113,1.0,44.6,,0.0,0
2026-10-05 02:36:58Z,CAR,in,0.704,Q3 2:47,10.0,11646,Jalen Coker,WR,8.5,0.0,1.67,1.67,2.08,2.52,0.704,1.0,1.67,,0.0,0
2026-10-05 02:36:58Z,DET,in,0.704,Q3 2:47,-10.0,DET,Detroit Lions D/ST,DST,5.7,1.0,0.26,1.26,2.47,2.69,0.0,1.0,1.26,,0.0,0
2026-10-05 02:36:58Z,DET,in,0.704,Q3 2:47,-10.0,11729,Sione Vaki,RB,2.6,2.7,0.89,3.59,3.54,3.47,0.326,0.811,3.42,,0.0,0
2026-10-05 02:36:58Z,CAR,in,0.704,Q3 2:47,10.0,11600,Ja'Tavion Sanders,TE,2.7,0.0,0.53,0.53,0.66,0.8,0.704,1.0,0.53,,0.0,0
2026-10-05 02:36:58Z,CAR,in,0.704,Q3 2:47,10.0,7594,Chuba Hubbard,RB,16.6,20.5,5.36,25.86,26.07,25.42,0.0,1.0,25.86,,0.0,0
2026-10-05 02:36:58Z,DET,in,0.704,Q3 2:47,-10.0,11539,Jake Bates,K,9.5,17.0,3.58,20.58,20.58,19.82,0.059,1.0,20.58,,0.0,0
2026-10-05 02:36:58Z,CAR,in,0.704,Q3 2:47,10.0,2505,Darren Waller,TE,8.8,4.7,1.99,6.69,7.2,7.31,0.048,1.0,6.69,,0.0,0
2026-10-05 02:37:59Z,CAR,in,0.704,Q3 2:47,10.0,11157,Brycen Tremayne,WR,5.6,5.2,1.39,6.59,6.95,6.86,0.028,1.0,6.59,,0.0,0
2026-10-05 02:37:59Z,CAR,in,0.704,Q3 2:47,10.0,12961,Ryan Fitzgerald,K,7.3,4.0,2.08,6.08,6.08,6.16,0.0,1.0,6.08,,0.0,0
2026-10-05 02:37:59Z,DET,in,0.704,Q3 2:47,-10.0,12535,Isaac TeSlaa,WR,5.3,6.7,2.12,8.82,8.49,8.27,0.074,1.0,8.82,,0.0,0
2026-10-05 02:37:59Z,DET,in,0.704,Q3 2:47,-10.0,10859,Sam LaPorta,TE,13.0,4.6,4.55,9.15,8.12,8.45,0.444,1.0,9.15,,0.0,0
2026-10-05 02:37:59Z,DET,in,0.704,Q3 2:47,-10.0,11237,Jacob Saylors,RB,1.7,0.0,0.41,0.41,0.42,0.5,0.704,1.0,0.41,,0.0,0
2026-10-05 02:37:59Z,CAR,in,0.704,Q3 2:47,10.0,9228,Bryce Young,QB,19.4,19.98,5.25,25.23,26.2,25.73,0.0,1.0,25.23,,0.0,0
2026-10-05 02:37:59Z,CAR,in,0.704,Q3 2:47,10.0,7694,Tommy Tremble,TE,3.8,5.2,1.04,6.24,6.51,6.33,0.142,1.0,6.24,,0.0,0
2026-10-05 02:37:59Z,CAR,in,0.704,Q3 2:47,10.0,8160,Kenny Pickett,QB,0.6,0.0,0.1,0.1,0.15,0.18,0.704,0.3,0.03,,0.0,0
2026-10-05 02:37:59Z,CAR,in,0.704,Q3 2:47,10.0,CAR,Carolina Panthers D/ST,DST,4.2,1.0,0.52,1.52,2.1,2.24,0.204,1.0,1.52,,0.0,0
2026-10-05 02:37:59Z,DET,in,0.704,Q3 2:47,-10.0,8250,Tay Martin,WR,0.8,0.0,0.26,0.26,0.2,0.24,0.704,1.0,0.26,,0.0,0
2026-10-05 02:37:59Z,DET,in,0.704,Q3 2:47,-10.0,4179,Joshua Dobbs,QB,0.6,0.0,0.2,0.2,0.15,0.18,0.704,0.3,0.06,,0.0,0
2026-10-05 02:37:59Z,DET,in,0.704,Q3 2:47,-10.0,9221,Jahmyr Gibbs,RB,25.7,13.1,7.52,20.62,20.35,20.72,0.061,1.0,20.62,,0.0,0
2026-10-05 02:37:59Z,DET,in,0.704,Q3 2:47,-10.0,3163,Jared Goff,QB,18.3,8.72,6.98,15.7,13.84,14.14,0.074,1.0,15.7,,0.0,0
2026-10-05 02:37:59Z,DET,in,0.704,Q3 2:47,-10.0,8148,Jameson Williams,WR,12.7,11.4,4.83,16.23,15.35,15.16,0.208,1.0,16.23,,0.0,0
2026-10-05 02:37:59Z,DET,in,0.704,Q3 2:47,-10.0,7891,Brock Wright,TE,1.5,1.8,0.6,2.4,2.3,2.24,0.094,1.0,2.4,,0.0,0
2026-10-05 02:37:59Z,DET,in,0.704,Q3 2:47,-10.0,7547,Amon-Ra St. Brown,WR,20.0,6.7,6.98,13.68,12.08,12.63,0.263,1.0,13.68,,0.0,0
2026-10-05 02:37:59Z,CAR,in,0.704,Q3 2:47,10.0,12526,Tetairoa McMillan,WR,16.4,39.2,5.4,44.6,46.11,44.06,0.113,1.0,44.6,,0.0,0
2026-10-05 02:37:59Z,CAR,in,0.704,Q3 2:47,10.0,11646,Jalen Coker,WR,8.5,0.0,1.67,1.67,2.08,2.52,0.704,1.0,1.67,,0.0,0
2026-10-05 02:37:59Z,DET,in,0.704,Q3 2:47,-10.0,DET,Detroit Lions D/ST,DST,5.7,1.0,0.26,1.26,2.47,2.69,0.0,1.0,1.26,,0.0,0
2026-10-05 02:37:59Z,DET,in,0.704,Q3 2:47,-10.0,11729,Sione Vaki,RB,2.6,2.7,0.89,3.59,3.54,3.47,0.326,0.811,3.42,,0.0,0
2026-10-05 02:37:59Z,CAR,in,0.704,Q3 2:47,10.0,11600,Ja'Tavion Sanders,TE,2.7,0.0,0.53,0.53,0.66,0.8,0.704,1.0,0.53,,0.0,0
2026-10-05 02:37:59Z,CAR,in,0.704,Q3 2:47,10.0,7594,Chuba Hubbard,RB,16.6,20.5,5.36,25.86,26.07,25.42,0.0,1.0,25.86,,0.0,0
2026-10-05 02:37:59Z,DET,in,0.704,Q3 2:47,-10.0,11539,Jake Bates,K,9.5,17.0,3.58,20.58,20.58,19.82,0.059,1.0,20.58,,0.0,0
2026-10-05 02:37:59Z,CAR,in,0.704,Q3 2:47,10.0,2505,Darren Waller,TE,8.8,4.7,1.99,6.69,7.2,7.31,0.048,1.0,6.69,,0.0,0
2026-10-05 02:38:59Z,CAR,in,0.716,Q3 2:02,10.0,11157,Brycen Tremayne,WR,5.6,5.2,1.33,6.53,6.87,6.79,0.041,1.0,6.53,,0.0,0
2026-10-05 02:38:59Z,CAR,in,0.716,Q3 2:02,10.0,12961,Ryan Fitzgerald,K,7.3,4.0,1.99,5.99,5.99,6.07,0.013,1.0,5.99,,0.0,0
2026-10-05 02:38:59Z,DET,in,0.716,Q3 2:02,-10.0,12535,Isaac TeSlaa,WR,5.3,6.7,2.05,8.75,8.41,8.2,0.086,1.0,8.75,,0.0,0
2026-10-05 02:38:59Z,DET,in,0.716,Q3 2:02,-10.0,10859,Sam LaPorta,TE,13.0,4.6,4.39,8.99,7.96,8.29,0.456,1.0,8.99,,0.0,0
2026-10-05 02:38:59Z,DET,in,0.716,Q3 2:02,-10.0,11237,Jacob Saylors,RB,1.7,0.0,0.4,0.4,0.4,0.48,0.716,1.0,0.4,,0.0,0
2026-10-05 02:38:59Z,CAR,in,0.716,Q3 2:02,10.0,9228,Bryce Young,QB,19.4,19.98,5.0,24.98,25.92,25.49,0.013,1.0,24.98,,0.0,0
2026-10-05 02:38:59Z,CAR,in,0.716,Q3 2:02,10.0,7694,Tommy Tremble,TE,3.8,5.2,0.99,6.19,6.45,6.28,0.155,1.0,6.19,,0.0,0
2026-10-05 02:38:59Z,CAR,in,0.716,Q3 2:02,10.0,8160,Kenny Pickett,QB,0.6,0.0,0.09,0.09,0.14,0.17,0.716,0.3,0.03,,0.0,0
2026-10-05 02:38:59Z,CAR,in,0.716,Q3 2:02,10.0,CAR,Carolina Panthers D/ST,DST,4.2,1.0,0.5,1.5,2.05,2.19,0.216,1.0,1.5,,0.0,0
2026-10-05 02:38:59Z,DET,in,0.716,Q3 2:02,-10.0,8250,Tay Martin,WR,0.8,0.0,0.26,0.26,0.19,0.23,0.716,1.0,0.26,,0.0,0
2026-10-05 02:38:59Z,DET,in,0.716,Q3 2:02,-10.0,4179,Joshua Dobbs,QB,0.6,0.0,0.19,0.19,0.14,0.17,0.716,0.3,0.06,,0.0,0
2026-10-05 02:38:59Z,DET,in,0.716,Q3 2:02,-10.0,9221,Jahmyr Gibbs,RB,25.7,13.4,7.21,20.61,20.34,20.7,0.0,1.0,20.61,,0.0,0
2026-10-05 02:38:59Z,DET,in,0.716,Q3 2:02,-10.0,3163,Jared Goff,QB,18.3,8.72,6.71,15.43,13.6,13.92,0.086,1.0,15.43,,0.0,0
2026-10-05 02:38:59Z,DET,in,0.716,Q3 2:02,-10.0,8148,Jameson Williams,WR,12.7,11.4,4.66,16.06,15.17,15.01,0.22,1.0,16.06,,0.0,0
2026-10-05 02:38:59Z,DET,in,0.716,Q3 2:02,-10.0,7891,Brock Wright,TE,1.5,1.8,0.58,2.38,2.28,2.23,0.106,1.0,2.38,,0.0,0
2026-10-05 02:38:59Z,DET,in,0.716,Q3 2:02,-10.0,7547,Amon-Ra St. Brown,WR,20.0,6.7,6.74,13.44,11.84,12.38,0.276,1.0,13.44,,0.0,0
2026-10-05 02:38:59Z,CAR,in,0.716,Q3 2:02,10.0,12526,Tetairoa McMillan,WR,16.4,39.2,5.18,44.38,45.8,43.86,0.125,1.0,44.38,,0.0,0
2026-10-05 02:38:59Z,CAR,in,0.716,Q3 2:02,10.0,11646,Jalen Coker,WR,8.5,0.0,1.6,1.6,1.98,2.41,0.716,1.0,1.6,,0.0,0
2026-10-05 02:38:59Z,DET,in,0.716,Q3 2:02,-10.0,DET,Detroit Lions D/ST,DST,5.7,1.0,0.25,1.25,2.4,2.62,0.013,1.0,1.25,,0.0,0
2026-10-05 02:38:59Z,DET,in,0.716,Q3 2:02,-10.0,11729,Sione Vaki,RB,2.6,2.7,0.85,3.55,3.5,3.44,0.339,0.792,3.37,,0.0,0
2026-10-05 02:38:59Z,CAR,in,0.716,Q3 2:02,10.0,11600,Ja'Tavion Sanders,TE,2.7,0.0,0.51,0.51,0.63,0.77,0.716,1.0,0.51,,0.0,0
2026-10-05 02:38:59Z,CAR,in,0.716,Q3 2:02,10.0,7594,Chuba Hubbard,RB,16.6,20.5,5.1,25.6,25.82,25.21,0.013,1.0,25.6,,0.0,0
2026-10-05 02:38:59Z,DET,in,0.716,Q3 2:02,-10.0,11539,Jake Bates,K,9.5,17.0,3.42,20.42,20.42,19.7,0.072,1.0,20.42,,0.0,0
2026-10-05 02:38:59Z,CAR,in,0.716,Q3 2:02,10.0,2505,Darren Waller,TE,8.8,4.7,1.9,6.6,7.08,7.2,0.061,1.0,6.6,,0.0,0
2026-10-05 02:40:00Z,CAR,in,0.718,Q3 1:57,10.0,11157,Brycen Tremayne,WR,5.6,5.2,1.32,6.52,6.87,6.78,0.042,1.0,6.52,,0.0,0
2026-10-05 02:40:00Z,CAR,in,0.718,Q3 1:57,10.0,12961,Ryan Fitzgerald,K,7.3,4.0,1.97,5.97,5.97,6.06,0.014,1.0,5.97,,0.0,0
2026-10-05 02:40:00Z,DET,in,0.718,Q3 1:57,-10.0,12535,Isaac TeSlaa,WR,5.3,6.7,2.04,8.74,8.4,8.2,0.088,1.0,8.74,,0.0,0
2026-10-05 02:40:00Z,DET,in,0.718,Q3 1:57,-10.0,10859,Sam LaPorta,TE,13.0,4.6,4.38,8.98,7.94,8.27,0.458,1.0,8.98,,0.0,0
2026-10-05 02:40:00Z,DET,in,0.718,Q3 1:57,-10.0,11237,Jacob Saylors,RB,1.7,0.0,0.39,0.39,0.39,0.48,0.718,1.0,0.39,,0.0,0
2026-10-05 02:40:00Z,CAR,in,0.718,Q3 1:57,10.0,9228,Bryce Young,QB,19.4,19.98,4.98,24.96,25.89,25.46,0.014,1.0,24.96,,0.0,0
2026-10-05 02:40:00Z,CAR,in,0.718,Q3 1:57,10.0,7694,Tommy Tremble,TE,3.8,5.2,0.99,6.19,6.45,6.27,0.156,1.0,6.19,,0.0,0
2026-10-05 02:40:00Z,CAR,in,0.718,Q3 1:57,10.0,8160,Kenny Pickett,QB,0.6,0.0,0.09,0.09,0.14,0.17,0.718,0.3,0.03,,0.0,0
2026-10-05 02:40:00Z,CAR,in,0.718,Q3 1:57,10.0,CAR,Carolina Panthers D/ST,DST,4.2,1.0,0.5,1.5,2.04,2.19,0.218,1.0,1.5,,0.0,0
2026-10-05 02:40:00Z,DET,in,0.718,Q3 1:57,-10.0,8250,Tay Martin,WR,0.8,0.0,0.25,0.25,0.19,0.23,0.718,1.0,0.25,,0.0,0
2026-10-05 02:40:00Z,DET,in,0.718,Q3 1:57,-10.0,4179,Joshua Dobbs,QB,0.6,0.0,0.19,0.19,0.14,0.17,0.718,0.3,0.06,,0.0,0
2026-10-05 02:40:00Z,DET,in,0.718,Q3 1:57,-10.0,9221,Jahmyr Gibbs,RB,25.7,13.4,7.17,20.57,20.3,20.66,0.001,1.0,20.57,,0.0,0
2026-10-05 02:40:00Z,DET,in,0.718,Q3 1:57,-10.0,3163,Jared Goff,QB,18.3,9.28,6.74,16.02,14.18,14.45,0.0,1.0,16.02,,0.0,0
2026-10-05 02:40:00Z,DET,in,0.718,Q3 1:57,-10.0,8148,Jameson Williams,WR,12.7,13.8,4.77,18.57,17.72,17.39,0.0,1.0,18.57,,0.0,0
2026-10-05 02:40:00Z,DET,in,0.718,Q3 1:57,-10.0,7891,Brock Wright,TE,1.5,1.8,0.57,2.37,2.27,2.22,0.108,1.0,2.37,,0.0,0
2026-10-05 02:40:00Z,DET,in,0.718,Q3 1:57,-10.0,7547,Amon-Ra St. Brown,WR,20.0,6.7,6.71,13.41,11.81,12.35,0.277,1.0,13.41,,0.0,0
2026-10-05 02:40:00Z,CAR,in,0.718,Q3 1:57,10.0,12526,Tetairoa McMillan,WR,16.4,39.2,5.16,44.36,45.77,43.83,0.127,1.0,44.36,,0.0,0
2026-10-05 02:40:00Z,CAR,in,0.718,Q3 1:57,10.0,11646,Jalen Coker,WR,8.5,0.0,1.59,1.59,1.97,2.4,0.718,1.0,1.59,,0.0,0
2026-10-05 02:40:00Z,DET,in,0.718,Q3 1:57,-10.0,DET,Detroit Lions D/ST,DST,5.7,1.0,0.25,1.25,2.39,2.61,0.014,1.0,1.25,,0.0,0
2026-10-05 02:40:00Z,DET,in,0.718,Q3 1:57,-10.0,11729,Sione Vaki,RB,2.6,2.7,0.85,3.55,3.49,3.43,0.34,0.79,3.37,,0.0,0
2026-10-05 02:40:00Z,CAR,in,0.718,Q3 1:57,10.0,11600,Ja'Tavion Sanders,TE,2.7,0.0,0.5,0.5,0.63,0.76,0.718,1.0,0.5,,0.0,0
2026-10-05 02:40:00Z,CAR,in,0.718,Q3 1:57,10.0,7594,Chuba Hubbard,RB,16.6,20.5,5.07,25.57,25.8,25.19,0.014,1.0,25.57,,0.0,0
2026-10-05 02:40:00Z,DET,in,0.718,Q3 1:57,-10.0,11539,Jake Bates,K,9.5,17.0,3.4,20.4,20.4,19.68,0.073,1.0,20.4,,0.0,0
2026-10-05 02:40:00Z,CAR,in,0.718,Q3 1:57,10.0,2505,Darren Waller,TE,8.8,4.7,1.89,6.59,7.07,7.19,0.062,1.0,6.59,,0.0,0
2026-10-05 02:41:00Z,CAR,in,0.735,Q3 0:53,10.0,11157,Brycen Tremayne,WR,5.6,5.2,1.24,6.44,6.75,6.68,0.06,1.0,6.44,,0.0,0
2026-10-05 02:41:00Z,CAR,in,0.735,Q3 0:53,10.0,12961,Ryan Fitzgerald,K,7.3,4.0,1.84,5.84,5.84,5.93,0.032,1.0,5.84,,0.0,0
2026-10-05 02:41:00Z,DET,in,0.735,Q3 0:53,-10.0,12535,Isaac TeSlaa,WR,5.3,6.7,1.93,8.63,8.29,8.1,0.105,1.0,8.63,,0.0,0
2026-10-05 02:41:00Z,DET,in,0.735,Q3 0:53,-10.0,10859,Sam LaPorta,TE,13.0,4.6,4.14,8.74,7.71,8.04,0.476,1.0,8.74,,0.0,0
2026-10-05 02:41:00Z,DET,in,0.735,Q3 0:53,-10.0,11237,Jacob Saylors,RB,1.7,0.0,0.37,0.37,0.37,0.45,0.735,1.0,0.37,,0.0,0
2026-10-05 02:41:00Z,CAR,in,0.735,Q3 0:53,10.0,9228,Bryce Young,QB,19.4,19.98,4.63,24.61,25.49,25.12,0.032,1.0,24.61,,0.0,0
2026-10-05 02:41:00Z,CAR,in,0.735,Q3 0:53,10.0,7694,Tommy Tremble,TE,3.8,5.2,0.92,6.12,6.37,6.21,0.174,1.0,6.12,,0.0,0
2026-10-05 02:41:00Z,CAR,in,0.735,Q3 0:53,10.0,8160,Kenny Pickett,QB,0.6,0.0,0.09,0.09,0.13,0.16,0.735,0.3,0.03,,0.0,0
2026-10-05 02:41:00Z,CAR,in,0.735,Q3 0:53,10.0,CAR,Carolina Panthers D/ST,DST,4.2,1.0,0.46,1.46,1.97,2.11,0.235,1.0,1.46,,0.0,0
2026-10-05 02:41:00Z,DET,in,0.735,Q3 0:53,-10.0,8250,Tay Martin,WR,0.8,0.0,0.24,0.24,0.17,0.21,0.735,1.0,0.24,,0.0,0
2026-10-05 02:41:00Z,DET,in,0.735,Q3 0:53,-10.0,4179,Joshua Dobbs,QB,0.6,0.0,0.18,0.18,0.13,0.16,0.735,0.3,0.05,,0.0,0
2026-10-05 02:41:00Z,DET,in,0.735,Q3 0:53,-10.0,9221,Jahmyr Gibbs,RB,25.7,13.4,6.69,20.09,19.84,20.2,0.019,1.0,20.09,,0.0,0
2026-10-05 02:41:00Z,DET,in,0.735,Q3 0:53,-10.0,3163,Jared Goff,QB,18.3,10.04,6.43,16.47,14.66,14.88,0.0,1.0,16.47,,0.0,0
2026-10-05 02:41:00Z,DET,in,0.735,Q3 0:53,-10.0,8148,Jameson Williams,WR,12.7,13.8,4.52,18.32,17.46,17.16,0.018,1.0,18.32,,0.0,0
2026-10-05 02:41:00Z,DET,in,0.735,Q3 0:53,-10.0,7891,Brock Wright,TE,1.5,1.8,0.54,2.34,2.24,2.2,0.125,1.0,2.34,,0.0,0
2026-10-05 02:41:00Z,DET,in,0.735,Q3 0:53,-10.0,7547,Amon-Ra St. Brown,WR,20.0,9.6,6.5,16.1,14.56,14.89,0.0,1.0,16.1,,0.0,0
2026-10-05 02:41:00Z,CAR,in,0.735,Q3 0:53,10.0,12526,Tetairoa McMillan,WR,16.4,39.2,4.84,44.04,45.34,43.54,0.144,1.0,44.04,,0.0,0
2026-10-05 02:41:00Z,CAR,in,0.735,Q3 0:53,10.0,11646,Jalen Coker,WR,8.5,0.0,1.48,1.48,1.84,2.25,0.735,1.0,1.48,,0.0,0
2026-10-05 02:41:00Z,DET,in,0.735,Q3 0:53,-10.0,DET,Detroit Lions D/ST,DST,5.7,1.0,0.23,1.23,2.3,2.51,0.032,1.0,1.23,,0.0,0
2026-10-05 02:41:00Z,DET,in,0.735,Q3 0:53,-10.0,11729,Sione Vaki,RB,2.6,2.7,0.79,3.49,3.44,3.39,0.358,0.763,3.3,,0.0,0
2026-10-05 02:41:00Z,CAR,in,0.735,Q3 0:53,10.0,11600,Ja'Tavion Sanders,TE,2.7,0.0,0.47,0.47,0.58,0.71,0.735,1.0,0.47,,0.0,0
2026-10-05 02:41:00Z,CAR,in,0.735,Q3 0:53,10.0,7594,Chuba Hubbard,RB,16.6,20.5,4.71,25.21,25.44,24.89,0.032,1.0,25.21,,0.0,0
2026-10-05 02:41:00Z,DET,in,0.735,Q3 0:53,-10.0,11539,Jake Bates,K,9.5,17.0,3.18,20.18,20.18,19.51,0.091,1.0,20.18,,0.0,0
2026-10-05 02:41:00Z,CAR,in,0.735,Q3 0:53,10.0,2505,Darren Waller,TE,8.8,4.7,1.77,6.47,6.91,7.03,0.08,1.0,6.47,,0.0,0
2026-10-05 02:42:00Z,CAR,in,0.75,Q3 0:00,10.0,11157,Brycen Tremayne,WR,5.6,5.2,1.17,6.37,6.66,6.6,0.074,1.0,6.37,,0.0,0
2026-10-05 02:42:00Z,CAR,in,0.75,Q3 0:00,10.0,12961,Ryan Fitzgerald,K,7.3,4.0,1.73,5.73,5.73,5.83,0.046,1.0,5.73,,0.0,0
2026-10-05 02:42:00Z,DET,in,0.75,Q3 0:00,-10.0,12535,Isaac TeSlaa,WR,5.3,6.7,1.84,8.54,8.2,8.03,0.12,1.0,8.54,,0.0,0
2026-10-05 02:42:00Z,DET,in,0.75,Q3 0:00,-10.0,10859,Sam LaPorta,TE,13.0,4.6,3.95,8.55,7.53,7.85,0.49,1.0,8.55,,0.0,0
2026-10-05 02:42:00Z,DET,in,0.75,Q3 0:00,-10.0,11237,Jacob Saylors,RB,1.7,0.0,0.35,0.35,0.35,0.42,0.75,1.0,0.35,,0.0,0
2026-10-05 02:42:00Z,CAR,in,0.75,Q3 0:00,10.0,9228,Bryce Young,QB,19.4,19.98,4.35,24.33,25.17,24.83,0.046,1.0,24.33,,0.0,0
2026-10-05 02:42:00Z,CAR,in,0.75,Q3 0:00,10.0,7694,Tommy Tremble,TE,3.8,5.2,0.87,6.07,6.3,6.15,0.189,1.0,6.07,,0.0,0
2026-10-05 02:42:00Z,CAR,in,0.75,Q3 0:00,10.0,8160,Kenny Pickett,QB,0.6,0.0,0.08,0.08,0.12,0.15,0.75,0.3,0.02,,0.0,0
2026-10-05 02:42:00Z,CAR,in,0.75,Q3 0:00,10.0,CAR,Carolina Panthers D/ST,DST,4.2,1.0,0.44,1.44,1.92,2.05,0.25,1.0,1.44,,0.0,0
2026-10-05 02:42:00Z,DET,in,0.75,Q3 0:00,-10.0,8250,Tay Martin,WR,0.8,0.0,0.23,0.23,0.16,0.2,0.75,1.0,0.23,,0.0,0
2026-10-05 02:42:00Z,DET,in,0.75,Q3 0:00,-10.0,4179,Joshua Dobbs,QB,0.6,0.0,0.17,0.17,0.12,0.15,0.75,0.3,0.05,,0.0,0
2026-10-05 02:42:00Z,DET,in,0.75,Q3 0:00,-10.0,9221,Jahmyr Gibbs,RB,25.7,13.5,6.31,19.81,19.56,19.93,0.0,1.0,19.81,,0.0,0
2026-10-05 02:42:00Z,DET,in,0.75,Q3 0:00,-10.0,3163,Jared Goff,QB,18.3,10.04,6.11,16.15,14.38,14.61,0.015,1.0,16.15,,0.0,0
2026-10-05 02:42:00Z,DET,in,0.75,Q3 0:00,-10.0,8148,Jameson Williams,WR,12.7,13.8,4.31,18.11,17.24,16.98,0.032,1.0,18.11,,0.0,0
2026-10-05 02:42:00Z,DET,in,0.75,Q3 0:00,-10.0,7891,Brock Wright,TE,1.5,1.8,0.52,2.32,2.22,2.17,0.14,1.0,2.32,,0.0,0
2026-10-05 02:42:00Z,DET,in,0.75,Q3 0:00,-10.0,7547,Amon-Ra St. Brown,WR,20.0,9.6,6.19,15.79,14.26,14.6,0.015,1.0,15.79,,0.0,0
2026-10-05 02:42:00Z,CAR,in,0.75,Q3 0:00,10.0,12526,Tetairoa McMillan,WR,16.4,39.2,4.58,43.78,44.98,43.3,0.159,1.0,43.78,,0.0,0
2026-10-05 02:42:00Z,CAR,in,0.75,Q3 0:00,10.0,11646,Jalen Coker,WR,8.5,0.0,1.39,1.39,1.73,2.12,0.75,1.0,1.39,,0.0,0
2026-10-05 02:42:00Z,DET,in,0.75,Q3 0:00,-10.0,DET,Detroit Lions D/ST,DST,5.7,1.0,0.22,1.22,2.22,2.42,0.046,1.0,1.22,,0.0,0
2026-10-05 02:42:00Z,DET,in,0.75,Q3 0:00,-10.0,11729,Sione Vaki,RB,2.6,2.7,0.74,3.44,3.4,3.35,0.372,0.741,3.25,,0.0,0
2026-10-05 02:42:00Z,CAR,in,0.75,Q3 0:00,10.0,11600,Ja'Tavion Sanders,TE,2.7,0.0,0.44,0.44,0.55,0.68,0.75,1.0,0.44,,0.0,0
2026-10-05 02:42:00Z,CAR,in,0.75,Q3 0:00,10.0,7594,Chuba Hubbard,RB,16.6,20.5,4.41,24.91,25.15,24.65,0.046,1.0,24.91,,0.0,0
2026-10-05 02:42:00Z,DET,in,0.75,Q3 0:00,-10.0,11539,Jake Bates,K,9.5,17.0,2.99,19.99,19.99,19.38,0.106,1.0,19.99,,0.0,0
2026-10-05 02:42:00Z,CAR,in,0.75,Q3 0:00,10.0,2505,Darren Waller,TE,8.8,4.7,1.67,6.37,6.78,6.9,0.095,1.0,6.37,,0.0,0
2026-10-05 02:43:01Z,CAR,in,0.75,Q4 15:00,10.0,11157,Brycen Tremayne,WR,5.6,5.2,1.17,6.37,6.66,6.6,0.074,1.0,6.37,,0.0,0
2026-10-05 02:43:01Z,CAR,in,0.75,Q4 15:00,10.0,12961,Ryan Fitzgerald,K,7.3,4.0,1.73,5.73,5.73,5.83,0.046,1.0,5.73,,0.0,0
2026-10-05 02:43:01Z,DET,in,0.75,Q4 15:00,-10.0,12535,Isaac TeSlaa,WR,5.3,6.7,1.84,8.54,8.2,8.03,0.12,1.0,8.54,,0.0,0
2026-10-05 02:43:01Z,DET,in,0.75,Q4 15:00,-10.0,10859,Sam LaPorta,TE,13.0,4.6,3.95,8.55,7.53,7.85,0.49,1.0,8.55,,0.0,0
2026-10-05 02:43:01Z,DET,in,0.75,Q4 15:00,-10.0,11237,Jacob Saylors,RB,1.7,0.0,0.35,0.35,0.35,0.42,0.75,1.0,0.35,,0.0,0
2026-10-05 02:43:01Z,CAR,in,0.75,Q4 15:00,10.0,9228,Bryce Young,QB,19.4,19.98,4.35,24.33,25.17,24.83,0.046,1.0,24.33,,0.0,0
2026-10-05 02:43:01Z,CAR,in,0.75,Q4 15:00,10.0,7694,Tommy Tremble,TE,3.8,5.2,0.87,6.07,6.3,6.15,0.189,1.0,6.07,,0.0,0
2026-10-05 02:43:01Z,CAR,in,0.75,Q4 15:00,10.0,8160,Kenny Pickett,QB,0.6,0.0,0.08,0.08,0.12,0.15,0.75,0.3,0.02,,0.0,0
2026-10-05 02:43:01Z,CAR,in,0.75,Q4 15:00,10.0,CAR,Carolina Panthers D/ST,DST,4.2,1.0,0.44,1.44,1.92,2.05,0.25,1.0,1.44,,0.0,0
2026-10-05 02:43:01Z,DET,in,0.75,Q4 15:00,-10.0,8250,Tay Martin,WR,0.8,0.0,0.23,0.23,0.16,0.2,0.75,1.0,0.23,,0.0,0
2026-10-05 02:43:01Z,DET,in,0.75,Q4 15:00,-10.0,4179,Joshua Dobbs,QB,0.6,0.0,0.17,0.17,0.12,0.15,0.75,0.3,0.05,,0.0,0
2026-10-05 02:43:01Z,DET,in,0.75,Q4 15:00,-10.0,9221,Jahmyr Gibbs,RB,25.7,13.5,6.31,19.81,19.56,19.93,0.0,1.0,19.81,,0.0,0
2026-10-05 02:43:01Z,DET,in,0.75,Q4 15:00,-10.0,3163,Jared Goff,QB,18.3,10.04,6.11,16.15,14.38,14.61,0.015,1.0,16.15,,0.0,0
2026-10-05 02:43:01Z,DET,in,0.75,Q4 15:00,-10.0,8148,Jameson Williams,WR,12.7,13.8,4.31,18.11,17.24,16.98,0.032,1.0,18.11,,0.0,0
2026-10-05 02:43:01Z,DET,in,0.75,Q4 15:00,-10.0,7891,Brock Wright,TE,1.5,1.8,0.52,2.32,2.22,2.17,0.14,1.0,2.32,,0.0,0
2026-10-05 02:43:01Z,DET,in,0.75,Q4 15:00,-10.0,7547,Amon-Ra St. Brown,WR,20.0,9.6,6.19,15.79,14.26,14.6,0.015,1.0,15.79,,0.0,0
2026-10-05 02:43:01Z,CAR,in,0.75,Q4 15:00,10.0,12526,Tetairoa McMillan,WR,16.4,39.2,4.58,43.78,44.98,43.3,0.159,1.0,43.78,,0.0,0
2026-10-05 02:43:01Z,CAR,in,0.75,Q4 15:00,10.0,11646,Jalen Coker,WR,8.5,0.0,1.39,1.39,1.73,2.12,0.75,1.0,1.39,,0.0,0
2026-10-05 02:43:01Z,DET,in,0.75,Q4 15:00,-10.0,DET,Detroit Lions D/ST,DST,5.7,1.0,0.22,1.22,2.22,2.42,0.046,1.0,1.22,,0.0,0
2026-10-05 02:43:01Z,DET,in,0.75,Q4 15:00,-10.0,11729,Sione Vaki,RB,2.6,2.7,0.74,3.44,3.4,3.35,0.372,0.741,3.25,,0.0,0
2026-10-05 02:43:01Z,CAR,in,0.75,Q4 15:00,10.0,11600,Ja'Tavion Sanders,TE,2.7,0.0,0.44,0.44,0.55,0.68,0.75,1.0,0.44,,0.0,0
2026-10-05 02:43:01Z,CAR,in,0.75,Q4 15:00,10.0,7594,Chuba Hubbard,RB,16.6,20.5,4.41,24.91,25.15,24.65,0.046,1.0,24.91,,0.0,0
2026-10-05 02:43:01Z,DET,in,0.75,Q4 15:00,-10.0,11539,Jake Bates,K,9.5,17.0,2.99,19.99,19.99,19.38,0.106,1.0,19.99,,0.0,0
2026-10-05 02:43:01Z,CAR,in,0.75,Q4 15:00,10.0,2505,Darren Waller,TE,8.8,4.7,1.67,6.37,6.78,6.9,0.095,1.0,6.37,,0.0,0
2026-10-05 02:44:01Z,CAR,in,0.75,Q4 15:00,10.0,11157,Brycen Tremayne,WR,5.6,5.2,1.17,6.37,6.66,6.6,0.074,1.0,6.37,,0.0,0
2026-10-05 02:44:01Z,CAR,in,0.75,Q4 15:00,10.0,12961,Ryan Fitzgerald,K,7.3,4.0,1.73,5.73,5.73,5.83,0.046,1.0,5.73,,0.0,0
2026-10-05 02:44:01Z,DET,in,0.75,Q4 15:00,-10.0,12535,Isaac TeSlaa,WR,5.3,6.7,1.84,8.54,8.2,8.03,0.12,1.0,8.54,,0.0,0
2026-10-05 02:44:01Z,DET,in,0.75,Q4 15:00,-10.0,10859,Sam LaPorta,TE,13.0,4.6,3.95,8.55,7.53,7.85,0.49,1.0,8.55,,0.0,0
2026-10-05 02:44:01Z,DET,in,0.75,Q4 15:00,-10.0,11237,Jacob Saylors,RB,1.7,0.0,0.35,0.35,0.35,0.42,0.75,1.0,0.35,,0.0,0
2026-10-05 02:44:01Z,CAR,in,0.75,Q4 15:00,10.0,9228,Bryce Young,QB,19.4,19.98,4.35,24.33,25.17,24.83,0.046,1.0,24.33,,0.0,0
2026-10-05 02:44:01Z,CAR,in,0.75,Q4 15:00,10.0,7694,Tommy Tremble,TE,3.8,5.2,0.87,6.07,6.3,6.15,0.189,1.0,6.07,,0.0,0
2026-10-05 02:44:01Z,CAR,in,0.75,Q4 15:00,10.0,8160,Kenny Pickett,QB,0.6,0.0,0.08,0.08,0.12,0.15,0.75,0.3,0.02,,0.0,0
2026-10-05 02:44:01Z,CAR,in,0.75,Q4 15:00,10.0,CAR,Carolina Panthers D/ST,DST,4.2,1.0,0.44,1.44,1.92,2.05,0.25,1.0,1.44,,0.0,0
2026-10-05 02:44:01Z,DET,in,0.75,Q4 15:00,-10.0,8250,Tay Martin,WR,0.8,0.0,0.23,0.23,0.16,0.2,0.75,1.0,0.23,,0.0,0
2026-10-05 02:44:01Z,DET,in,0.75,Q4 15:00,-10.0,4179,Joshua Dobbs,QB,0.6,0.0,0.17,0.17,0.12,0.15,0.75,0.3,0.05,,0.0,0
2026-10-05 02:44:01Z,DET,in,0.75,Q4 15:00,-10.0,9221,Jahmyr Gibbs,RB,25.7,13.5,6.31,19.81,19.56,19.93,0.0,1.0,19.81,,0.0,0
2026-10-05 02:44:01Z,DET,in,0.75,Q4 15:00,-10.0,3163,Jared Goff,QB,18.3,10.04,6.11,16.15,14.38,14.61,0.015,1.0,16.15,,0.0,0
2026-10-05 02:44:01Z,DET,in,0.75,Q4 15:00,-10.0,8148,Jameson Williams,WR,12.7,13.8,4.31,18.11,17.24,16.98,0.032,1.0,18.11,,0.0,0
2026-10-05 02:44:01Z,DET,in,0.75,Q4 15:00,-10.0,7891,Brock Wright,TE,1.5,1.8,0.52,2.32,2.22,2.17,0.14,1.0,2.32,,0.0,0
2026-10-05 02:44:01Z,DET,in,0.75,Q4 15:00,-10.0,7547,Amon-Ra St. Brown,WR,20.0,9.6,6.19,15.79,14.26,14.6,0.015,1.0,15.79,,0.0,0
2026-10-05 02:44:01Z,CAR,in,0.75,Q4 15:00,10.0,12526,Tetairoa McMillan,WR,16.4,39.2,4.58,43.78,44.98,43.3,0.159,1.0,43.78,,0.0,0
2026-10-05 02:44:01Z,CAR,in,0.75,Q4 15:00,10.0,11646,Jalen Coker,WR,8.5,0.0,1.39,1.39,1.73,2.12,0.75,1.0,1.39,,0.0,0
2026-10-05 02:44:01Z,DET,in,0.75,Q4 15:00,-10.0,DET,Detroit Lions D/ST,DST,5.7,1.0,0.22,1.22,2.22,2.42,0.046,1.0,1.22,,0.0,0
2026-10-05 02:44:01Z,DET,in,0.75,Q4 15:00,-10.0,11729,Sione Vaki,RB,2.6,2.7,0.74,3.44,3.4,3.35,0.372,0.741,3.25,,0.0,0
2026-10-05 02:44:01Z,CAR,in,0.75,Q4 15:00,10.0,11600,Ja'Tavion Sanders,TE,2.7,0.0,0.44,0.44,0.55,0.68,0.75,1.0,0.44,,0.0,0
2026-10-05 02:44:01Z,CAR,in,0.75,Q4 15:00,10.0,7594,Chuba Hubbard,RB,16.6,20.5,4.41,24.91,25.15,24.65,0.046,1.0,24.91,,0.0,0
2026-10-05 02:44:01Z,DET,in,0.75,Q4 15:00,-10.0,11539,Jake Bates,K,9.5,17.0,2.99,19.99,19.99,19.38,0.106,1.0,19.99,,0.0,0
2026-10-05 02:44:01Z,CAR,in,0.75,Q4 15:00,10.0,2505,Darren Waller,TE,8.8,4.7,1.67,6.37,6.78,6.9,0.095,1.0,6.37,,0.0,0
2026-10-05 02:45:02Z,CAR,in,0.75,Q4 15:00,10.0,11157,Brycen Tremayne,WR,5.6,5.2,1.17,6.37,6.66,6.6,0.074,1.0,6.37,,0.0,0
2026-10-05 02:45:02Z,CAR,in,0.75,Q4 15:00,10.0,12961,Ryan Fitzgerald,K,7.3,4.0,1.73,5.73,5.73,5.83,0.046,1.0,5.73,,0.0,0
2026-10-05 02:45:02Z,DET,in,0.75,Q4 15:00,-10.0,12535,Isaac TeSlaa,WR,5.3,6.7,1.84,8.54,8.2,8.03,0.12,1.0,8.54,,0.0,0
2026-10-05 02:45:02Z,DET,in,0.75,Q4 15:00,-10.0,10859,Sam LaPorta,TE,13.0,4.6,3.95,8.55,7.53,7.85,0.49,1.0,8.55,,0.0,0
2026-10-05 02:45:02Z,DET,in,0.75,Q4 15:00,-10.0,11237,Jacob Saylors,RB,1.7,0.0,0.35,0.35,0.35,0.42,0.75,1.0,0.35,,0.0,0
2026-10-05 02:45:02Z,CAR,in,0.75,Q4 15:00,10.0,9228,Bryce Young,QB,19.4,19.98,4.35,24.33,25.17,24.83,0.046,1.0,24.33,,0.0,0
2026-10-05 02:45:02Z,CAR,in,0.75,Q4 15:00,10.0,7694,Tommy Tremble,TE,3.8,5.2,0.87,6.07,6.3,6.15,0.189,1.0,6.07,,0.0,0
2026-10-05 02:45:02Z,CAR,in,0.75,Q4 15:00,10.0,8160,Kenny Pickett,QB,0.6,0.0,0.08,0.08,0.12,0.15,0.75,0.3,0.02,,0.0,0
2026-10-05 02:45:02Z,CAR,in,0.75,Q4 15:00,10.0,CAR,Carolina Panthers D/ST,DST,4.2,1.0,0.44,1.44,1.92,2.05,0.25,1.0,1.44,,0.0,0
2026-10-05 02:45:02Z,DET,in,0.75,Q4 15:00,-10.0,8250,Tay Martin,WR,0.8,0.0,0.23,0.23,0.16,0.2,0.75,1.0,0.23,,0.0,0
2026-10-05 02:45:02Z,DET,in,0.75,Q4 15:00,-10.0,4179,Joshua Dobbs,QB,0.6,0.0,0.17,0.17,0.12,0.15,0.75,0.3,0.05,,0.0,0
2026-10-05 02:45:02Z,DET,in,0.75,Q4 15:00,-10.0,9221,Jahmyr Gibbs,RB,25.7,13.5,6.31,19.81,19.56,19.93,0.0,1.0,19.81,,0.0,0
2026-10-05 02:45:02Z,DET,in,0.75,Q4 15:00,-10.0,3163,Jared Goff,QB,18.3,10.04,6.11,16.15,14.38,14.61,0.015,1.0,16.15,,0.0,0
2026-10-05 02:45:02Z,DET,in,0.75,Q4 15:00,-10.0,8148,Jameson Williams,WR,12.7,13.8,4.31,18.11,17.24,16.98,0.032,1.0,18.11,,0.0,0
2026-10-05 02:45:02Z,DET,in,0.75,Q4 15:00,-10.0,7891,Brock Wright,TE,1.5,1.8,0.52,2.32,2.22,2.17,0.14,1.0,2.32,,0.0,0
2026-10-05 02:45:02Z,DET,in,0.75,Q4 15:00,-10.0,7547,Amon-Ra St. Brown,WR,20.0,9.6,6.19,15.79,14.26,14.6,0.015,1.0,15.79,,0.0,0
2026-10-05 02:45:02Z,CAR,in,0.75,Q4 15:00,10.0,12526,Tetairoa McMillan,WR,16.4,39.2,4.58,43.78,44.98,43.3,0.159,1.0,43.78,,0.0,0
2026-10-05 02:45:02Z,CAR,in,0.75,Q4 15:00,10.0,11646,Jalen Coker,WR,8.5,0.0,1.39,1.39,1.73,2.12,0.75,1.0,1.39,,0.0,0
2026-10-05 02:45:02Z,DET,in,0.75,Q4 15:00,-10.0,DET,Detroit Lions D/ST,DST,5.7,1.0,0.22,1.22,2.22,2.42,0.046,1.0,1.22,,0.0,0
2026-10-05 02:45:02Z,DET,in,0.75,Q4 15:00,-10.0,11729,Sione Vaki,RB,2.6,2.7,0.74,3.44,3.4,3.35,0.372,0.741,3.25,,0.0,0
2026-10-05 02:45:02Z,CAR,in,0.75,Q4 15:00,10.0,11600,Ja'Tavion Sanders,TE,2.7,0.0,0.44,0.44,0.55,0.68,0.75,1.0,0.44,,0.0,0
2026-10-05 02:45:02Z,CAR,in,0.75,Q4 15:00,10.0,7594,Chuba Hubbard,RB,16.6,20.5,4.41,24.91,25.15,24.65,0.046,1.0,24.91,,0.0,0
2026-10-05 02:45:02Z,DET,in,0.75,Q4 15:00,-10.0,11539,Jake Bates,K,9.5,17.0,2.99,19.99,19.99,19.38,0.106,1.0,19.99,,0.0,0
2026-10-05 02:45:02Z,CAR,in,0.75,Q4 15:00,10.0,2505,Darren Waller,TE,8.8,4.7,1.67,6.37,6.78,6.9,0.095,1.0,6.37,,0.0,0
2026-10-05 02:46:02Z,CAR,in,0.751,Q4 14:55,10.0,11157,Brycen Tremayne,WR,5.6,5.2,1.16,6.36,6.65,6.59,0.076,1.0,6.36,,0.0,0
2026-10-05 02:46:02Z,CAR,in,0.751,Q4 14:55,10.0,12961,Ryan Fitzgerald,K,7.3,4.0,1.72,5.72,5.72,5.81,0.048,1.0,5.72,,0.0,0
2026-10-05 02:46:02Z,DET,in,0.751,Q4 14:55,-10.0,12535,Isaac TeSlaa,WR,5.3,6.7,1.83,8.53,8.19,8.02,0.121,1.0,8.53,,0.0,0
2026-10-05 02:46:02Z,DET,in,0.751,Q4 14:55,-10.0,10859,Sam LaPorta,TE,13.0,4.6,3.93,8.53,7.51,7.83,0.492,1.0,8.53,,0.0,0
2026-10-05 02:46:02Z,DET,in,0.751,Q4 14:55,-10.0,11237,Jacob Saylors,RB,1.7,0.0,0.35,0.35,0.34,0.42,0.751,1.0,0.35,,0.0,0
2026-10-05 02:46:02Z,CAR,in,0.751,Q4 14:55,10.0,9228,Bryce Young,QB,19.4,19.98,4.32,24.3,25.14,24.8,0.048,1.0,24.3,,0.0,0
2026-10-05 02:46:02Z,CAR,in,0.751,Q4 14:55,10.0,7694,Tommy Tremble,TE,3.8,5.2,0.87,6.07,6.29,6.14,0.19,1.0,6.07,,0.0,0
2026-10-05 02:46:02Z,CAR,in,0.751,Q4 14:55,10.0,8160,Kenny Pickett,QB,0.6,0.0,0.08,0.08,0.12,0.15,0.751,0.3,0.02,,0.0,0
2026-10-05 02:46:02Z,CAR,in,0.751,Q4 14:55,10.0,CAR,Carolina Panthers D/ST,DST,4.2,1.0,0.44,1.44,1.91,2.04,0.251,1.0,1.44,,0.0,0
2026-10-05 02:46:02Z,DET,in,0.751,Q4 14:55,-10.0,8250,Tay Martin,WR,0.8,0.0,0.23,0.23,0.16,0.2,0.751,1.0,0.23,,0.0,0
2026-10-05 02:46:02Z,DET,in,0.751,Q4 14:55,-10.0,4179,Joshua Dobbs,QB,0.6,0.0,0.17,0.17,0.12,0.15,0.751,0.3,0.05,,0.0,0
2026-10-05 02:46:02Z,DET,in,0.751,Q4 14:55,-10.0,9221,Jahmyr Gibbs,RB,25.7,13.5,6.27,19.77,19.53,19.89,0.001,1.0,19.77,,0.0,0
2026-10-05 02:46:02Z,DET,in,0.751,Q4 14:55,-10.0,3163,Jared Goff,QB,18.3,10.04,6.08,16.12,14.36,14.59,0.016,1.0,16.12,,0.0,0
2026-10-05 02:46:02Z,DET,in,0.751,Q4 14:55,-10.0,8148,Jameson Williams,WR,12.7,13.8,4.28,18.08,17.22,16.96,0.034,1.0,18.08,,0.0,0
2026-10-05 02:46:02Z,DET,in,0.751,Q4 14:55,-10.0,7891,Brock Wright,TE,1.5,1.8,0.51,2.31,2.21,2.17,0.141,1.0,2.31,,0.0,0
2026-10-05 02:46:02Z,DET,in,0.751,Q4 14:55,-10.0,7547,Amon-Ra St. Brown,WR,20.0,9.6,6.16,15.76,14.23,14.57,0.016,1.0,15.76,,0.0,0
2026-10-05 02:46:02Z,CAR,in,0.751,Q4 14:55,10.0,12526,Tetairoa McMillan,WR,16.4,39.2,4.56,43.76,44.95,43.28,0.161,1.0,43.76,,0.0,0
2026-10-05 02:46:02Z,CAR,in,0.751,Q4 14:55,10.0,11646,Jalen Coker,WR,8.5,0.0,1.38,1.38,1.72,2.11,0.751,1.0,1.38,,0.0,0
2026-10-05 02:46:02Z,DET,in,0.751,Q4 14:55,-10.0,DET,Detroit Lions D/ST,DST,5.7,1.0,0.22,1.22,2.21,2.42,0.048,1.0,1.22,,0.0,0
2026-10-05 02:46:02Z,DET,in,0.751,Q4 14:55,-10.0,11729,Sione Vaki,RB,2.6,2.7,0.74,3.44,3.39,3.35,0.374,0.739,3.25,,0.0,0
2026-10-05 02:46:02Z,CAR,in,0.751,Q4 14:55,10.0,11600,Ja'Tavion Sanders,TE,2.7,0.0,0.44,0.44,0.55,0.67,0.751,1.0,0.44,,0.0,0
2026-10-05 02:46:02Z,CAR,in,0.751,Q4 14:55,10.0,7594,Chuba Hubbard,RB,16.6,20.5,4.39,24.89,25.13,24.63,0.048,1.0,24.89,,0.0,0
2026-10-05 02:46:02Z,DET,in,0.751,Q4 14:55,-10.0,11539,Jake Bates,K,9.5,17.0,2.97,19.97,19.97,19.36,0.107,1.0,19.97,,0.0,0
2026-10-05 02:46:02Z,CAR,in,0.751,Q4 14:55,10.0,2505,Darren Waller,TE,8.8,4.7,1.66,6.36,6.77,6.89,0.096,1.0,6.36,,0.0,0
2026-10-05 02:47:03Z,CAR,in,0.755,Q4 14:43,10.0,11157,Brycen Tremayne,WR,5.6,5.2,1.15,6.35,6.63,6.57,0.079,1.0,6.35,,0.0,0
2026-10-05 02:47:03Z,CAR,in,0.755,Q4 14:43,10.0,12961,Ryan Fitzgerald,K,7.3,4.0,1.7,5.7,5.7,5.79,0.051,1.0,5.7,,0.0,0
2026-10-05 02:47:03Z,DET,in,0.755,Q4 14:43,-10.0,12535,Isaac TeSlaa,WR,5.3,6.7,1.81,8.51,8.17,8.0,0.125,1.0,8.51,,0.0,0
2026-10-05 02:47:03Z,DET,in,0.755,Q4 14:43,-10.0,10859,Sam LaPorta,TE,13.0,4.6,3.88,8.48,7.47,7.79,0.495,1.0,8.48,,0.0,0
2026-10-05 02:47:03Z,DET,in,0.755,Q4 14:43,-10.0,11237,Jacob Saylors,RB,1.7,0.0,0.34,0.34,0.34,0.42,0.755,1.0,0.34,,0.0,0
2026-10-05 02:47:03Z,CAR,in,0.755,Q4 14:43,10.0,9228,Bryce Young,QB,19.4,19.98,4.25,24.23,25.07,24.74,0.051,1.0,24.23,,0.0,0
2026-10-05 02:47:03Z,CAR,in,0.755,Q4 14:43,10.0,7694,Tommy Tremble,TE,3.8,5.2,0.86,6.06,6.28,6.13,0.194,1.0,6.06,,0.0,0
2026-10-05 02:47:03Z,CAR,in,0.755,Q4 14:43,10.0,8160,Kenny Pickett,QB,0.6,0.0,0.08,0.08,0.12,0.15,0.755,0.3,0.02,,0.0,0
2026-10-05 02:47:03Z,CAR,in,0.755,Q4 14:43,10.0,CAR,Carolina Panthers D/ST,DST,4.2,1.0,0.43,1.43,1.9,2.03,0.255,1.0,1.43,,0.0,0
2026-10-05 02:47:03Z,DET,in,0.755,Q4 14:43,-10.0,8250,Tay Martin,WR,0.8,0.0,0.23,0.23,0.16,0.2,0.755,1.0,0.23,,0.0,0
2026-10-05 02:47:03Z,DET,in,0.755,Q4 14:43,-10.0,4179,Joshua Dobbs,QB,0.6,0.0,0.17,0.17,0.12,0.15,0.755,0.3,0.05,,0.0,0
2026-10-05 02:47:03Z,DET,in,0.755,Q4 14:43,-10.0,9221,Jahmyr Gibbs,RB,25.7,13.5,6.18,19.68,19.44,19.8,0.005,1.0,19.68,,0.0,0
2026-10-05 02:47:03Z,DET,in,0.755,Q4 14:43,-10.0,3163,Jared Goff,QB,18.3,10.04,6.0,16.04,14.3,14.53,0.019,1.0,16.04,,0.0,0
2026-10-05 02:47:03Z,DET,in,0.755,Q4 14:43,-10.0,8148,Jameson Williams,WR,12.7,13.8,4.24,18.04,17.17,16.92,0.037,1.0,18.04,,0.0,0
2026-10-05 02:47:03Z,DET,in,0.755,Q4 14:43,-10.0,7891,Brock Wright,TE,1.5,1.8,0.51,2.31,2.21,2.17,0.145,1.0,2.31,,0.0,0
2026-10-05 02:47:03Z,DET,in,0.755,Q4 14:43,-10.0,7547,Amon-Ra St. Brown,WR,20.0,9.6,6.09,15.69,14.17,14.51,0.019,1.0,15.69,,0.0,0
2026-10-05 02:47:03Z,CAR,in,0.755,Q4 14:43,10.0,12526,Tetairoa McMillan,WR,16.4,39.2,4.5,43.7,44.87,43.22,0.164,1.0,43.7,,0.0,0
2026-10-05 02:47:03Z,CAR,in,0.755,Q4 14:43,10.0,11646,Jalen Coker,WR,8.5,0.0,1.36,1.36,1.69,2.08,0.755,1.0,1.36,,0.0,0
2026-10-05 02:47:03Z,DET,in,0.755,Q4 14:43,-10.0,DET,Detroit Lions D/ST,DST,5.7,1.0,0.22,1.22,2.2,2.4,0.051,1.0,1.22,,0.0,0
2026-10-05 02:47:03Z,DET,in,0.755,Q4 14:43,-10.0,11729,Sione Vaki,RB,2.6,2.7,0.73,3.43,3.38,3.34,0.377,0.734,3.23,,0.0,0
2026-10-05 02:47:03Z,CAR,in,0.755,Q4 14:43,10.0,11600,Ja'Tavion Sanders,TE,2.7,0.0,0.43,0.43,0.54,0.66,0.755,1.0,0.43,,0.0,0
2026-10-05 02:47:03Z,CAR,in,0.755,Q4 14:43,10.0,7594,Chuba Hubbard,RB,16.6,20.5,4.32,24.82,25.06,24.57,0.051,1.0,24.82,,0.0,0
2026-10-05 02:47:03Z,DET,in,0.755,Q4 14:43,-10.0,11539,Jake Bates,K,9.5,17.0,2.93,19.93,19.93,19.33,0.111,1.0,19.93,,0.0,0
2026-10-05 02:47:03Z,CAR,in,0.755,Q4 14:43,10.0,2505,Darren Waller,TE,8.8,4.7,1.63,6.33,6.74,6.86,0.099,1.0,6.33,,0.0,0
2026-10-05 02:48:03Z,CAR,in,0.755,Q4 14:43,10.0,11157,Brycen Tremayne,WR,5.6,5.2,1.15,6.35,6.63,6.57,0.079,1.0,6.35,,0.0,0
2026-10-05 02:48:03Z,CAR,in,0.755,Q4 14:43,10.0,12961,Ryan Fitzgerald,K,7.3,4.0,1.7,5.7,5.7,5.79,0.051,1.0,5.7,,0.0,0
2026-10-05 02:48:03Z,DET,in,0.755,Q4 14:43,-10.0,12535,Isaac TeSlaa,WR,5.3,6.7,1.81,8.51,8.17,8.0,0.125,1.0,8.51,,0.0,0
2026-10-05 02:48:03Z,DET,in,0.755,Q4 14:43,-10.0,10859,Sam LaPorta,TE,13.0,4.6,3.88,8.48,7.47,7.79,0.495,1.0,8.48,,0.0,0
2026-10-05 02:48:03Z,DET,in,0.755,Q4 14:43,-10.0,11237,Jacob Saylors,RB,1.7,0.0,0.34,0.34,0.34,0.42,0.755,1.0,0.34,,0.0,0
2026-10-05 02:48:03Z,CAR,in,0.755,Q4 14:43,10.0,9228,Bryce Young,QB,19.4,19.98,4.25,24.23,25.07,24.74,0.051,1.0,24.23,,0.0,0
2026-10-05 02:48:03Z,CAR,in,0.755,Q4 14:43,10.0,7694,Tommy Tremble,TE,3.8,5.2,0.86,6.06,6.28,6.13,0.194,1.0,6.06,,0.0,0
2026-10-05 02:48:03Z,CAR,in,0.755,Q4 14:43,10.0,8160,Kenny Pickett,QB,0.6,0.0,0.08,0.08,0.12,0.15,0.755,0.3,0.02,,0.0,0
2026-10-05 02:48:03Z,CAR,in,0.755,Q4 14:43,10.0,CAR,Carolina Panthers D/ST,DST,4.2,1.0,0.43,1.43,1.9,2.03,0.255,1.0,1.43,,0.0,0
2026-10-05 02:48:03Z,DET,in,0.755,Q4 14:43,-10.0,8250,Tay Martin,WR,0.8,0.0,0.23,0.23,0.16,0.2,0.755,1.0,0.23,,0.0,0
2026-10-05 02:48:03Z,DET,in,0.755,Q4 14:43,-10.0,4179,Joshua Dobbs,QB,0.6,0.0,0.17,0.17,0.12,0.15,0.755,0.3,0.05,,0.0,0
2026-10-05 02:48:03Z,DET,in,0.755,Q4 14:43,-10.0,9221,Jahmyr Gibbs,RB,25.7,13.5,6.18,19.68,19.44,19.8,0.005,1.0,19.68,,0.0,0
2026-10-05 02:48:03Z,DET,in,0.755,Q4 14:43,-10.0,3163,Jared Goff,QB,18.3,10.04,6.0,16.04,14.3,14.53,0.019,1.0,16.04,,0.0,0
2026-10-05 02:48:03Z,DET,in,0.755,Q4 14:43,-10.0,8148,Jameson Williams,WR,12.7,13.8,4.24,18.04,17.17,16.92,0.037,1.0,18.04,,0.0,0
2026-10-05 02:48:03Z,DET,in,0.755,Q4 14:43,-10.0,7891,Brock Wright,TE,1.5,1.8,0.51,2.31,2.21,2.17,0.145,1.0,2.31,,0.0,0
2026-10-05 02:48:03Z,DET,in,0.755,Q4 14:43,-10.0,7547,Amon-Ra St. Brown,WR,20.0,9.6,6.09,15.69,14.17,14.51,0.019,1.0,15.69,,0.0,0
2026-10-05 02:48:03Z,CAR,in,0.755,Q4 14:43,10.0,12526,Tetairoa McMillan,WR,16.4,39.2,4.5,43.7,44.87,43.22,0.164,1.0,43.7,,0.0,0
2026-10-05 02:48:03Z,CAR,in,0.755,Q4 14:43,10.0,11646,Jalen Coker,WR,8.5,0.0,1.36,1.36,1.69,2.08,0.755,1.0,1.36,,0.0,0
2026-10-05 02:48:03Z,DET,in,0.755,Q4 14:43,-10.0,DET,Detroit Lions D/ST,DST,5.7,1.0,0.22,1.22,2.2,2.4,0.051,1.0,1.22,,0.0,0
2026-10-05 02:48:03Z,DET,in,0.755,Q4 14:43,-10.0,11729,Sione Vaki,RB,2.6,2.7,0.73,3.43,3.38,3.34,0.377,0.734,3.23,,0.0,0
2026-10-05 02:48:03Z,CAR,in,0.755,Q4 14:43,10.0,11600,Ja'Tavion Sanders,TE,2.7,0.0,0.43,0.43,0.54,0.66,0.755,1.0,0.43,,0.0,0
2026-10-05 02:48:03Z,CAR,in,0.755,Q4 14:43,10.0,7594,Chuba Hubbard,RB,16.6,20.5,4.32,24.82,25.06,24.57,0.051,1.0,24.82,,0.0,0
2026-10-05 02:48:03Z,DET,in,0.755,Q4 14:43,-10.0,11539,Jake Bates,K,9.5,17.0,2.93,19.93,19.93,19.33,0.111,1.0,19.93,,0.0,0
2026-10-05 02:48:03Z,CAR,in,0.755,Q4 14:43,10.0,2505,Darren Waller,TE,8.8,4.7,1.63,6.33,6.74,6.86,0.099,1.0,6.33,,0.0,0
2026-10-05 02:49:04Z,CAR,in,0.755,Q4 14:43,10.0,11157,Brycen Tremayne,WR,5.6,5.2,1.15,6.35,6.63,6.57,0.079,1.0,6.35,,0.0,0
2026-10-05 02:49:04Z,CAR,in,0.755,Q4 14:43,10.0,12961,Ryan Fitzgerald,K,7.3,4.0,1.7,5.7,5.7,5.79,0.051,1.0,5.7,,0.0,0
2026-10-05 02:49:04Z,DET,in,0.755,Q4 14:43,-10.0,12535,Isaac TeSlaa,WR,5.3,6.7,1.81,8.51,8.17,8.0,0.125,1.0,8.51,,0.0,0
2026-10-05 02:49:04Z,DET,in,0.755,Q4 14:43,-10.0,10859,Sam LaPorta,TE,13.0,4.6,3.88,8.48,7.47,7.79,0.495,1.0,8.48,,0.0,0
2026-10-05 02:49:04Z,DET,in,0.755,Q4 14:43,-10.0,11237,Jacob Saylors,RB,1.7,0.0,0.34,0.34,0.34,0.42,0.755,1.0,0.34,,0.0,0
2026-10-05 02:49:04Z,CAR,in,0.755,Q4 14:43,10.0,9228,Bryce Young,QB,19.4,19.98,4.25,24.23,25.07,24.74,0.051,1.0,24.23,,0.0,0
2026-10-05 02:49:04Z,CAR,in,0.755,Q4 14:43,10.0,7694,Tommy Tremble,TE,3.8,5.2,0.86,6.06,6.28,6.13,0.194,1.0,6.06,,0.0,0
2026-10-05 02:49:04Z,CAR,in,0.755,Q4 14:43,10.0,8160,Kenny Pickett,QB,0.6,0.0,0.08,0.08,0.12,0.15,0.755,0.3,0.02,,0.0,0
2026-10-05 02:49:04Z,CAR,in,0.755,Q4 14:43,10.0,CAR,Carolina Panthers D/ST,DST,4.2,1.0,0.43,1.43,1.9,2.03,0.255,1.0,1.43,,0.0,0
2026-10-05 02:49:04Z,DET,in,0.755,Q4 14:43,-10.0,8250,Tay Martin,WR,0.8,0.0,0.23,0.23,0.16,0.2,0.755,1.0,0.23,,0.0,0
2026-10-05 02:49:04Z,DET,in,0.755,Q4 14:43,-10.0,4179,Joshua Dobbs,QB,0.6,0.0,0.17,0.17,0.12,0.15,0.755,0.3,0.05,,0.0,0
2026-10-05 02:49:04Z,DET,in,0.755,Q4 14:43,-10.0,9221,Jahmyr Gibbs,RB,25.7,13.5,6.18,19.68,19.44,19.8,0.005,1.0,19.68,,0.0,0
2026-10-05 02:49:04Z,DET,in,0.755,Q4 14:43,-10.0,3163,Jared Goff,QB,18.3,10.04,6.0,16.04,14.3,14.53,0.019,1.0,16.04,,0.0,0
2026-10-05 02:49:04Z,DET,in,0.755,Q4 14:43,-10.0,8148,Jameson Williams,WR,12.7,13.8,4.24,18.04,17.17,16.92,0.037,1.0,18.04,,0.0,0
2026-10-05 02:49:04Z,DET,in,0.755,Q4 14:43,-10.0,7891,Brock Wright,TE,1.5,1.8,0.51,2.31,2.21,2.17,0.145,1.0,2.31,,0.0,0
2026-10-05 02:49:04Z,DET,in,0.755,Q4 14:43,-10.0,7547,Amon-Ra St. Brown,WR,20.0,9.6,6.09,15.69,14.17,14.51,0.019,1.0,15.69,,0.0,0
2026-10-05 02:49:04Z,CAR,in,0.755,Q4 14:43,10.0,12526,Tetairoa McMillan,WR,16.4,39.2,4.5,43.7,44.87,43.22,0.164,1.0,43.7,,0.0,0
2026-10-05 02:49:04Z,CAR,in,0.755,Q4 14:43,10.0,11646,Jalen Coker,WR,8.5,0.0,1.36,1.36,1.69,2.08,0.755,1.0,1.36,,0.0,0
2026-10-05 02:49:04Z,DET,in,0.755,Q4 14:43,-10.0,DET,Detroit Lions D/ST,DST,5.7,1.0,0.22,1.22,2.2,2.4,0.051,1.0,1.22,,0.0,0
2026-10-05 02:49:04Z,DET,in,0.755,Q4 14:43,-10.0,11729,Sione Vaki,RB,2.6,2.7,0.73,3.43,3.38,3.34,0.377,0.734,3.23,,0.0,0
2026-10-05 02:49:04Z,CAR,in,0.755,Q4 14:43,10.0,11600,Ja'Tavion Sanders,TE,2.7,0.0,0.43,0.43,0.54,0.66,0.755,1.0,0.43,,0.0,0
2026-10-05 02:49:04Z,CAR,in,0.755,Q4 14:43,10.0,7594,Chuba Hubbard,RB,16.6,20.5,4.32,24.82,25.06,24.57,0.051,1.0,24.82,,0.0,0
2026-10-05 02:49:04Z,DET,in,0.755,Q4 14:43,-10.0,11539,Jake Bates,K,9.5,17.0,2.93,19.93,19.93,19.33,0.111,1.0,19.93,,0.0,0
2026-10-05 02:49:04Z,CAR,in,0.755,Q4 14:43,10.0,2505,Darren Waller,TE,8.8,4.7,1.63,6.33,6.74,6.86,0.099,1.0,6.33,,0.0,0
2026-10-05 02:50:04Z,CAR,in,0.755,Q4 14:43,10.0,11157,Brycen Tremayne,WR,5.6,5.2,1.15,6.35,6.63,6.57,0.079,1.0,6.35,,0.0,0
2026-10-05 02:50:04Z,CAR,in,0.755,Q4 14:43,10.0,12961,Ryan Fitzgerald,K,7.3,4.0,1.7,5.7,5.7,5.79,0.051,1.0,5.7,,0.0,0
2026-10-05 02:50:04Z,DET,in,0.755,Q4 14:43,-10.0,12535,Isaac TeSlaa,WR,5.3,6.7,1.81,8.51,8.17,8.0,0.125,1.0,8.51,,0.0,0
2026-10-05 02:50:04Z,DET,in,0.755,Q4 14:43,-10.0,10859,Sam LaPorta,TE,13.0,4.6,3.88,8.48,7.47,7.79,0.495,1.0,8.48,,0.0,0
2026-10-05 02:50:04Z,DET,in,0.755,Q4 14:43,-10.0,11237,Jacob Saylors,RB,1.7,0.0,0.34,0.34,0.34,0.42,0.755,1.0,0.34,,0.0,0
2026-10-05 02:50:04Z,CAR,in,0.755,Q4 14:43,10.0,9228,Bryce Young,QB,19.4,19.98,4.25,24.23,25.07,24.74,0.051,1.0,24.23,,0.0,0
2026-10-05 02:50:04Z,CAR,in,0.755,Q4 14:43,10.0,7694,Tommy Tremble,TE,3.8,5.2,0.86,6.06,6.28,6.13,0.194,1.0,6.06,,0.0,0
2026-10-05 02:50:04Z,CAR,in,0.755,Q4 14:43,10.0,8160,Kenny Pickett,QB,0.6,0.0,0.08,0.08,0.12,0.15,0.755,0.3,0.02,,0.0,0
2026-10-05 02:50:04Z,CAR,in,0.755,Q4 14:43,10.0,CAR,Carolina Panthers D/ST,DST,4.2,1.0,0.43,1.43,1.9,2.03,0.255,1.0,1.43,,0.0,0
2026-10-05 02:50:04Z,DET,in,0.755,Q4 14:43,-10.0,8250,Tay Martin,WR,0.8,0.0,0.23,0.23,0.16,0.2,0.755,1.0,0.23,,0.0,0
2026-10-05 02:50:04Z,DET,in,0.755,Q4 14:43,-10.0,4179,Joshua Dobbs,QB,0.6,0.0,0.17,0.17,0.12,0.15,0.755,0.3,0.05,,0.0,0
2026-10-05 02:50:04Z,DET,in,0.755,Q4 14:43,-10.0,9221,Jahmyr Gibbs,RB,25.7,13.5,6.18,19.68,19.44,19.8,0.005,1.0,19.68,,0.0,0
2026-10-05 02:50:04Z,DET,in,0.755,Q4 14:43,-10.0,3163,Jared Goff,QB,18.3,10.04,6.0,16.04,14.3,14.53,0.019,1.0,16.04,,0.0,0
2026-10-05 02:50:04Z,DET,in,0.755,Q4 14:43,-10.0,8148,Jameson Williams,WR,12.7,13.8,4.24,18.04,17.17,16.92,0.037,1.0,18.04,,0.0,0
2026-10-05 02:50:04Z,DET,in,0.755,Q4 14:43,-10.0,7891,Brock Wright,TE,1.5,1.8,0.51,2.31,2.21,2.17,0.145,1.0,2.31,,0.0,0
2026-10-05 02:50:04Z,DET,in,0.755,Q4 14:43,-10.0,7547,Amon-Ra St. Brown,WR,20.0,9.6,6.09,15.69,14.17,14.51,0.019,1.0,15.69,,0.0,0
2026-10-05 02:50:04Z,CAR,in,0.755,Q4 14:43,10.0,12526,Tetairoa McMillan,WR,16.4,39.2,4.5,43.7,44.87,43.22,0.164,1.0,43.7,,0.0,0
2026-10-05 02:50:04Z,CAR,in,0.755,Q4 14:43,10.0,11646,Jalen Coker,WR,8.5,0.0,1.36,1.36,1.69,2.08,0.755,1.0,1.36,,0.0,0
2026-10-05 02:50:04Z,DET,in,0.755,Q4 14:43,-10.0,DET,Detroit Lions D/ST,DST,5.7,1.0,0.22,1.22,2.2,2.4,0.051,1.0,1.22,,0.0,0
2026-10-05 02:50:04Z,DET,in,0.755,Q4 14:43,-10.0,11729,Sione Vaki,RB,2.6,2.7,0.73,3.43,3.38,3.34,0.377,0.734,3.23,,0.0,0
2026-10-05 02:50:04Z,CAR,in,0.755,Q4 14:43,10.0,11600,Ja'Tavion Sanders,TE,2.7,0.0,0.43,0.43,0.54,0.66,0.755,1.0,0.43,,0.0,0
2026-10-05 02:50:04Z,CAR,in,0.755,Q4 14:43,10.0,7594,Chuba Hubbard,RB,16.6,20.5,4.32,24.82,25.06,24.57,0.051,1.0,24.82,,0.0,0
2026-10-05 02:50:04Z,DET,in,0.755,Q4 14:43,-10.0,11539,Jake Bates,K,9.5,17.0,2.93,19.93,19.93,19.33,0.111,1.0,19.93,,0.0,0
2026-10-05 02:50:04Z,CAR,in,0.755,Q4 14:43,10.0,2505,Darren Waller,TE,8.8,4.7,1.63,6.33,6.74,6.86,0.099,1.0,6.33,,0.0,0
2026-10-05 02:51:04Z,CAR,in,0.762,Q4 14:18,10.0,11157,Brycen Tremayne,WR,5.6,5.2,1.11,6.31,6.59,6.53,0.086,1.0,6.31,,0.0,0
2026-10-05 02:51:04Z,CAR,in,0.762,Q4 14:18,10.0,12961,Ryan Fitzgerald,K,7.3,4.0,1.65,5.65,5.65,5.74,0.058,1.0,5.65,,0.0,0
2026-10-05 02:51:04Z,DET,in,0.762,Q4 14:18,-10.0,12535,Isaac TeSlaa,WR,5.3,6.7,1.77,8.47,8.12,7.96,0.132,1.0,8.47,,0.0,0
2026-10-05 02:51:04Z,DET,in,0.762,Q4 14:18,-10.0,10859,Sam LaPorta,TE,13.0,4.6,3.79,8.39,7.38,7.7,0.502,1.0,8.39,,0.0,0
2026-10-05 02:51:04Z,DET,in,0.762,Q4 14:18,-10.0,11237,Jacob Saylors,RB,1.7,0.0,0.33,0.33,0.33,0.41,0.762,1.0,0.33,,0.0,0
2026-10-05 02:51:04Z,CAR,in,0.762,Q4 14:18,10.0,9228,Bryce Young,QB,19.4,19.98,4.12,24.1,24.91,24.6,0.058,1.0,24.1,,0.0,0
2026-10-05 02:51:04Z,CAR,in,0.762,Q4 14:18,10.0,7694,Tommy Tremble,TE,3.8,5.2,0.83,6.03,6.24,6.11,0.201,1.0,6.03,,0.0,0
2026-10-05 02:51:04Z,CAR,in,0.762,Q4 14:18,10.0,8160,Kenny Pickett,QB,0.6,0.0,0.08,0.08,0.12,0.14,0.762,0.3,0.02,,0.0,0
2026-10-05 02:51:04Z,CAR,in,0.762,Q4 14:18,10.0,CAR,Carolina Panthers D/ST,DST,4.2,1.0,0.42,1.42,1.87,2.0,0.262,1.0,1.42,,0.0,0
2026-10-05 02:51:04Z,DET,in,0.762,Q4 14:18,-10.0,8250,Tay Martin,WR,0.8,0.0,0.22,0.22,0.15,0.19,0.762,1.0,0.22,,0.0,0
2026-10-05 02:51:04Z,DET,in,0.762,Q4 14:18,-10.0,4179,Joshua Dobbs,QB,0.6,0.0,0.16,0.16,0.12,0.14,0.762,0.3,0.05,,0.0,0
2026-10-05 02:51:04Z,DET,in,0.762,Q4 14:18,-10.0,9221,Jahmyr Gibbs,RB,25.7,13.5,6.0,19.5,19.26,19.63,0.012,1.0,19.5,,0.0,0
2026-10-05 02:51:04Z,DET,in,0.762,Q4 14:18,-10.0,3163,Jared Goff,QB,18.3,10.04,5.85,15.89,14.17,14.4,0.026,1.0,15.89,,0.0,0
2026-10-05 02:51:04Z,DET,in,0.762,Q4 14:18,-10.0,8148,Jameson Williams,WR,12.7,13.8,4.13,17.93,17.07,16.83,0.044,1.0,17.93,,0.0,0
2026-10-05 02:51:04Z,DET,in,0.762,Q4 14:18,-10.0,7891,Brock Wright,TE,1.5,1.8,0.5,2.3,2.2,2.16,0.152,1.0,2.3,,0.0,0
2026-10-05 02:51:04Z,DET,in,0.762,Q4 14:18,-10.0,7547,Amon-Ra St. Brown,WR,20.0,9.6,5.94,15.54,14.03,14.37,0.026,1.0,15.54,,0.0,0
2026-10-05 02:51:04Z,CAR,in,0.762,Q4 14:18,10.0,12526,Tetairoa McMillan,WR,16.4,39.2,4.37,43.57,44.7,43.11,0.171,1.0,43.57,,0.0,0
2026-10-05 02:51:04Z,CAR,in,0.762,Q4 14:18,10.0,11646,Jalen Coker,WR,8.5,0.0,1.32,1.32,1.64,2.03,0.762,1.0,1.32,,0.0,0
2026-10-05 02:51:04Z,DET,in,0.762,Q4 14:18,-10.0,DET,Detroit Lions D/ST,DST,5.7,2.0,0.16,2.16,3.22,3.36,0.0,1.0,2.16,,0.0,0
2026-10-05 02:51:04Z,DET,in,0.762,Q4 14:18,-10.0,11729,Sione Vaki,RB,2.6,2.7,0.71,3.41,3.36,3.32,0.384,0.724,3.21,,0.0,0
2026-10-05 02:51:04Z,CAR,in,0.762,Q4 14:18,10.0,11600,Ja'Tavion Sanders,TE,2.7,0.0,0.42,0.42,0.52,0.64,0.762,1.0,0.42,,0.0,0
2026-10-05 02:51:04Z,CAR,in,0.762,Q4 14:18,10.0,7594,Chuba Hubbard,RB,16.6,23.6,4.41,28.01,28.21,27.56,0.0,1.0,28.01,,0.0,0
2026-10-05 02:51:04Z,DET,in,0.762,Q4 14:18,-10.0,11539,Jake Bates,K,9.5,17.0,2.85,19.85,19.85,19.26,0.118,1.0,19.85,,0.0,0
2026-10-05 02:51:04Z,CAR,in,0.762,Q4 14:18,10.0,2505,Darren Waller,TE,8.8,4.7,1.59,6.29,6.68,6.8,0.106,1.0,6.29,,0.0,0
2026-10-05 02:52:05Z,CAR,in,0.782,Q4 13:05,10.0,11157,Brycen Tremayne,WR,5.6,5.2,1.02,6.22,6.47,6.42,0.106,1.0,6.22,,0.0,0
2026-10-05 02:52:05Z,CAR,in,0.782,Q4 13:05,10.0,12961,Ryan Fitzgerald,K,7.3,4.0,1.5,5.5,5.5,5.59,0.078,1.0,5.5,,0.0,0
2026-10-05 02:52:05Z,DET,in,0.782,Q4 13:05,-10.0,12535,Isaac TeSlaa,WR,5.3,6.7,1.64,8.34,8.0,7.86,0.152,1.0,8.34,,0.0,0
2026-10-05 02:52:05Z,DET,in,0.782,Q4 13:05,-10.0,10859,Sam LaPorta,TE,13.0,4.6,3.5,8.1,7.13,7.43,0.522,1.0,8.1,,0.0,0
2026-10-05 02:52:05Z,DET,in,0.782,Q4 13:05,-10.0,11237,Jacob Saylors,RB,1.7,0.0,0.3,0.3,0.3,0.37,0.782,1.0,0.3,,0.0,0
2026-10-05 02:52:05Z,CAR,in,0.782,Q4 13:05,10.0,9228,Bryce Young,QB,19.4,19.98,3.74,23.72,24.47,24.21,0.078,1.0,23.72,,0.0,0
2026-10-05 02:52:05Z,CAR,in,0.782,Q4 13:05,10.0,7694,Tommy Tremble,TE,3.8,5.2,0.76,5.96,6.15,6.03,0.221,1.0,5.96,,0.0,0
2026-10-05 02:52:05Z,CAR,in,0.782,Q4 13:05,10.0,8160,Kenny Pickett,QB,0.6,0.0,0.07,0.07,0.11,0.13,0.782,0.3,0.02,,0.0,0
2026-10-05 02:52:05Z,CAR,in,0.782,Q4 13:05,10.0,CAR,Carolina Panthers D/ST,DST,4.2,1.0,0.38,1.38,1.79,1.92,0.282,1.0,1.38,,0.0,0
2026-10-05 02:52:05Z,DET,in,0.782,Q4 13:05,-10.0,8250,Tay Martin,WR,0.8,0.0,0.2,0.2,0.14,0.17,0.782,1.0,0.2,,0.0,0
2026-10-05 02:52:05Z,DET,in,0.782,Q4 13:05,-10.0,4179,Joshua Dobbs,QB,0.6,0.0,0.15,0.15,0.11,0.13,0.782,0.3,0.05,,0.0,0
2026-10-05 02:52:05Z,DET,in,0.782,Q4 13:05,-10.0,9221,Jahmyr Gibbs,RB,25.7,13.5,5.46,18.96,18.74,19.1,0.032,1.0,18.96,,0.0,0
2026-10-05 02:52:05Z,DET,in,0.782,Q4 13:05,-10.0,3163,Jared Goff,QB,18.3,10.04,5.39,15.43,13.8,14.03,0.047,1.0,15.43,,0.0,0
2026-10-05 02:52:05Z,DET,in,0.782,Q4 13:05,-10.0,8148,Jameson Williams,WR,12.7,13.8,3.82,17.62,16.78,16.57,0.064,1.0,17.62,,0.0,0
2026-10-05 02:52:05Z,DET,in,0.782,Q4 13:05,-10.0,7891,Brock Wright,TE,1.5,1.8,0.46,2.26,2.16,2.13,0.172,1.0,2.26,,0.0,0
2026-10-05 02:52:05Z,DET,in,0.782,Q4 13:05,-10.0,7547,Amon-Ra St. Brown,WR,20.0,9.6,5.5,15.1,13.63,13.96,0.047,1.0,15.1,,0.0,0
2026-10-05 02:52:05Z,CAR,in,0.782,Q4 13:05,10.0,12526,Tetairoa McMillan,WR,16.4,39.2,4.01,43.21,44.21,42.78,0.191,1.0,43.21,,0.0,0
2026-10-05 02:52:05Z,CAR,in,0.782,Q4 13:05,10.0,11646,Jalen Coker,WR,8.5,0.0,1.2,1.2,1.49,1.85,0.782,1.0,1.2,,0.0,0
2026-10-05 02:52:05Z,DET,in,0.782,Q4 13:05,-10.0,DET,Detroit Lions D/ST,DST,5.7,2.0,0.15,2.15,3.11,3.24,0.02,1.0,2.15,,0.0,0
2026-10-05 02:52:05Z,DET,in,0.782,Q4 13:05,-10.0,11729,Sione Vaki,RB,2.6,2.7,0.64,3.34,3.3,3.27,0.404,0.693,3.14,,0.0,0
2026-10-05 02:52:05Z,CAR,in,0.782,Q4 13:05,10.0,11600,Ja'Tavion Sanders,TE,2.7,0.0,0.38,0.38,0.47,0.59,0.782,1.0,0.38,,0.0,0
2026-10-05 02:52:05Z,CAR,in,0.782,Q4 13:05,10.0,7594,Chuba Hubbard,RB,16.6,24.8,4.07,28.87,29.06,28.42,0.0,1.0,28.87,,0.0,0
2026-10-05 02:52:05Z,DET,in,0.782,Q4 13:05,-10.0,11539,Jake Bates,K,9.5,17.0,2.59,19.59,19.59,19.07,0.138,1.0,19.59,,0.0,0
2026-10-05 02:52:05Z,CAR,in,0.782,Q4 13:05,10.0,2505,Darren Waller,TE,8.8,4.7,1.45,6.15,6.5,6.62,0.127,1.0,6.15,,0.0,0
2026-10-05 02:53:05Z,CAR,in,0.802,Q4 11:54,10.0,11157,Brycen Tremayne,WR,5.6,5.2,0.92,6.12,6.35,6.31,0.126,1.0,6.12,,0.0,0
2026-10-05 02:53:05Z,CAR,in,0.802,Q4 11:54,10.0,12961,Ryan Fitzgerald,K,7.3,4.0,1.36,5.36,5.36,5.45,0.098,1.0,5.36,,0.0,0
2026-10-05 02:53:05Z,DET,in,0.802,Q4 11:54,-10.0,12535,Isaac TeSlaa,WR,5.3,6.7,1.51,8.21,7.87,7.75,0.172,1.0,8.21,,0.0,0
2026-10-05 02:53:05Z,DET,in,0.802,Q4 11:54,-10.0,10859,Sam LaPorta,TE,13.0,4.6,3.23,7.83,6.89,7.18,0.542,1.0,7.83,,0.0,0
2026-10-05 02:53:05Z,DET,in,0.802,Q4 11:54,-10.0,11237,Jacob Saylors,RB,1.7,0.0,0.27,0.27,0.27,0.34,0.802,1.0,0.27,,0.0,0
2026-10-05 02:53:05Z,CAR,in,0.802,Q4 11:54,10.0,9228,Bryce Young,QB,19.4,20.26,3.4,23.66,24.34,24.11,0.0,1.0,23.66,,0.0,0
2026-10-05 02:53:05Z,CAR,in,0.802,Q4 11:54,10.0,7694,Tommy Tremble,TE,3.8,5.2,0.69,5.89,6.06,5.95,0.241,1.0,5.89,,0.0,0
2026-10-05 02:53:05Z,CAR,in,0.802,Q4 11:54,10.0,8160,Kenny Pickett,QB,0.6,0.0,0.06,0.06,0.1,0.12,0.802,0.3,0.02,,0.0,0
2026-10-05 02:53:05Z,CAR,in,0.802,Q4 11:54,10.0,CAR,Carolina Panthers D/ST,DST,4.2,1.0,0.35,1.35,1.72,1.83,0.302,1.0,1.35,,0.0,0
2026-10-05 02:53:05Z,DET,in,0.802,Q4 11:54,-10.0,8250,Tay Martin,WR,0.8,0.0,0.19,0.19,0.13,0.16,0.802,1.0,0.19,,0.0,0
2026-10-05 02:53:05Z,DET,in,0.802,Q4 11:54,-10.0,4179,Joshua Dobbs,QB,0.6,0.0,0.14,0.14,0.1,0.12,0.802,0.3,0.04,,0.0,0
2026-10-05 02:53:05Z,DET,in,0.802,Q4 11:54,-10.0,9221,Jahmyr Gibbs,RB,25.7,13.5,4.95,18.45,18.24,18.6,0.052,1.0,18.45,,0.0,0
2026-10-05 02:53:05Z,DET,in,0.802,Q4 11:54,-10.0,3163,Jared Goff,QB,18.3,10.04,4.95,14.99,13.44,13.67,0.066,1.0,14.99,,0.0,0
2026-10-05 02:53:05Z,DET,in,0.802,Q4 11:54,-10.0,8148,Jameson Williams,WR,12.7,13.8,3.53,17.33,16.5,16.32,0.084,1.0,17.33,,0.0,0
2026-10-05 02:53:05Z,DET,in,0.802,Q4 11:54,-10.0,7891,Brock Wright,TE,1.5,1.8,0.42,2.22,2.13,2.1,0.192,1.0,2.22,,0.0,0
2026-10-05 02:53:05Z,DET,in,0.802,Q4 11:54,-10.0,7547,Amon-Ra St. Brown,WR,20.0,9.6,5.07,14.67,13.25,13.57,0.066,1.0,14.67,,0.0,0
2026-10-05 02:53:05Z,CAR,in,0.802,Q4 11:54,10.0,12526,Tetairoa McMillan,WR,16.4,40.9,3.73,44.63,45.53,44.15,0.0,1.0,44.63,,0.0,0
2026-10-05 02:53:05Z,CAR,in,0.802,Q4 11:54,10.0,11646,Jalen Coker,WR,8.5,0.0,1.09,1.09,1.35,1.69,0.802,1.0,1.09,,0.0,0
2026-10-05 02:53:05Z,DET,in,0.802,Q4 11:54,-10.0,DET,Detroit Lions D/ST,DST,5.7,2.0,0.14,2.14,3.0,3.13,0.04,1.0,2.14,,0.0,0
2026-10-05 02:53:05Z,DET,in,0.802,Q4 11:54,-10.0,11729,Sione Vaki,RB,2.6,2.7,0.58,3.28,3.25,3.22,0.424,0.664,3.09,,0.0,0
2026-10-05 02:53:05Z,CAR,in,0.802,Q4 11:54,10.0,11600,Ja'Tavion Sanders,TE,2.7,0.0,0.34,0.34,0.43,0.54,0.802,1.0,0.34,,0.0,0
2026-10-05 02:53:05Z,CAR,in,0.802,Q4 11:54,10.0,7594,Chuba Hubbard,RB,16.6,24.9,3.68,28.58,28.77,28.19,0.0,1.0,28.58,,0.0,0
2026-10-05 02:53:05Z,DET,in,0.802,Q4 11:54,-10.0,11539,Jake Bates,K,9.5,17.0,2.35,19.35,19.35,18.88,0.157,1.0,19.35,,0.0,0
2026-10-05 02:53:05Z,CAR,in,0.802,Q4 11:54,10.0,2505,Darren Waller,TE,8.8,4.7,1.31,6.01,6.33,6.45,0.146,1.0,6.01,,0.0,0
2026-10-05 02:54:06Z,CAR,in,0.813,Q4 11:14,10.0,11157,Brycen Tremayne,WR,5.6,5.2,0.88,6.08,6.28,6.25,0.137,1.0,6.08,,0.0,0
2026-10-05 02:54:06Z,CAR,in,0.813,Q4 11:14,10.0,12961,Ryan Fitzgerald,K,7.3,4.0,1.28,5.28,5.28,5.37,0.109,1.0,5.28,,0.0,0
2026-10-05 02:54:06Z,DET,in,0.813,Q4 11:14,-10.0,12535,Isaac TeSlaa,WR,5.3,6.7,1.46,8.16,7.8,7.69,0.183,1.0,8.16,,0.0,0
2026-10-05 02:54:06Z,DET,in,0.813,Q4 11:14,-10.0,10859,Sam LaPorta,TE,13.0,4.6,3.11,7.71,6.75,7.03,0.553,1.0,7.71,,0.0,0
2026-10-05 02:54:06Z,DET,in,0.813,Q4 11:14,-10.0,11237,Jacob Saylors,RB,1.7,0.0,0.26,0.26,0.25,0.32,0.813,1.0,0.26,,0.0,0
2026-10-05 02:54:06Z,CAR,in,0.813,Q4 11:14,10.0,9228,Bryce Young,QB,19.4,20.3,3.22,23.52,24.14,23.93,0.0,1.0,23.52,,0.0,0
2026-10-05 02:54:06Z,CAR,in,0.813,Q4 11:14,10.0,7694,Tommy Tremble,TE,3.8,5.2,0.66,5.86,6.01,5.91,0.252,1.0,5.86,,0.0,0
2026-10-05 02:54:06Z,CAR,in,0.813,Q4 11:14,10.0,8160,Kenny Pickett,QB,0.6,0.0,0.06,0.06,0.09,0.11,0.813,0.3,0.02,,0.0,0
2026-10-05 02:54:06Z,CAR,in,0.813,Q4 11:14,10.0,CAR,Carolina Panthers D/ST,DST,4.2,1.0,0.35,1.35,1.67,1.79,0.313,1.0,1.35,,0.0,0
2026-10-05 02:54:06Z,DET,in,0.813,Q4 11:14,-10.0,8250,Tay Martin,WR,0.8,0.0,0.18,0.18,0.12,0.15,0.813,1.0,0.18,,0.0,0
2026-10-05 02:54:06Z,DET,in,0.813,Q4 11:14,-10.0,4179,Joshua Dobbs,QB,0.6,0.0,0.13,0.13,0.09,0.11,0.813,0.3,0.04,,0.0,0
2026-10-05 02:54:06Z,DET,in,0.813,Q4 11:14,-10.0,9221,Jahmyr Gibbs,RB,25.7,13.5,4.71,18.21,17.97,18.31,0.063,1.0,18.21,,0.0,0
2026-10-05 02:54:06Z,DET,in,0.813,Q4 11:14,-10.0,3163,Jared Goff,QB,18.3,10.04,4.77,14.81,13.24,13.47,0.078,1.0,14.81,,0.0,0
2026-10-05 02:54:06Z,DET,in,0.813,Q4 11:14,-10.0,8148,Jameson Williams,WR,12.7,13.8,3.41,17.21,16.34,16.18,0.095,1.0,17.21,,0.0,0
2026-10-05 02:54:06Z,DET,in,0.813,Q4 11:14,-10.0,7891,Brock Wright,TE,1.5,1.8,0.41,2.21,2.11,2.08,0.203,1.0,2.21,,0.0,0
2026-10-05 02:54:06Z,DET,in,0.813,Q4 11:14,-10.0,7547,Amon-Ra St. Brown,WR,20.0,9.6,4.88,14.48,13.03,13.34,0.078,1.0,14.48,,0.0,0
2026-10-05 02:54:06Z,CAR,in,0.813,Q4 11:14,10.0,12526,Tetairoa McMillan,WR,16.4,41.0,3.61,44.61,45.37,44.07,0.0,1.0,44.61,,0.0,0
2026-10-05 02:54:06Z,CAR,in,0.813,Q4 11:14,10.0,11646,Jalen Coker,WR,8.5,0.0,1.02,1.02,1.27,1.59,0.813,1.0,1.02,,0.0,0
2026-10-05 02:54:06Z,DET,in,0.813,Q4 11:14,-10.0,DET,Detroit Lions D/ST,DST,5.7,2.0,0.14,2.14,2.94,3.07,0.051,1.0,2.14,,0.0,0
2026-10-05 02:54:06Z,DET,in,0.813,Q4 11:14,-10.0,11729,Sione Vaki,RB,2.6,2.7,0.56,3.26,3.21,3.19,0.435,0.647,3.06,,0.0,0
2026-10-05 02:54:06Z,CAR,in,0.813,Q4 11:14,10.0,11600,Ja'Tavion Sanders,TE,2.7,0.0,0.32,0.32,0.4,0.51,0.813,1.0,0.32,,0.0,0
2026-10-05 02:54:06Z,CAR,in,0.813,Q4 11:14,10.0,7594,Chuba Hubbard,RB,16.6,24.9,3.51,28.41,28.54,28.01,0.011,1.0,28.41,,0.0,0
2026-10-05 02:54:06Z,DET,in,0.813,Q4 11:14,-10.0,11539,Jake Bates,K,9.5,17.0,2.21,19.21,19.21,18.78,0.169,1.0,19.21,,0.0,0
2026-10-05 02:54:06Z,CAR,in,0.813,Q4 11:14,10.0,2505,Darren Waller,TE,8.8,4.7,1.24,5.94,6.23,6.35,0.158,1.0,5.94,,0.0,0
2026-10-05 02:55:06Z,CAR,in,0.813,Q4 11:14,10.0,11157,Brycen Tremayne,WR,5.6,5.2,0.88,6.08,6.28,6.25,0.137,1.0,6.08,,0.0,0
2026-10-05 02:55:06Z,CAR,in,0.813,Q4 11:14,10.0,12961,Ryan Fitzgerald,K,7.3,4.0,1.28,5.28,5.28,5.37,0.109,1.0,5.28,,0.0,0
2026-10-05 02:55:06Z,DET,in,0.813,Q4 11:14,-10.0,12535,Isaac TeSlaa,WR,5.3,6.7,1.46,8.16,7.8,7.69,0.183,1.0,8.16,,0.0,0
2026-10-05 02:55:06Z,DET,in,0.813,Q4 11:14,-10.0,10859,Sam LaPorta,TE,13.0,4.6,3.11,7.71,6.75,7.03,0.553,1.0,7.71,,0.0,0
2026-10-05 02:55:06Z,DET,in,0.813,Q4 11:14,-10.0,11237,Jacob Saylors,RB,1.7,0.0,0.26,0.26,0.25,0.32,0.813,1.0,0.26,,0.0,0
2026-10-05 02:55:06Z,CAR,in,0.813,Q4 11:14,10.0,9228,Bryce Young,QB,19.4,20.7,3.25,23.95,24.56,24.33,0.0,1.0,23.95,,0.0,0
2026-10-05 02:55:06Z,CAR,in,0.813,Q4 11:14,10.0,7694,Tommy Tremble,TE,3.8,5.2,0.66,5.86,6.01,5.91,0.252,1.0,5.86,,0.0,0
2026-10-05 02:55:06Z,CAR,in,0.813,Q4 11:14,10.0,8160,Kenny Pickett,QB,0.6,0.0,0.06,0.06,0.09,0.11,0.813,0.3,0.02,,0.0,0
2026-10-05 02:55:06Z,CAR,in,0.813,Q4 11:14,10.0,CAR,Carolina Panthers D/ST,DST,4.2,1.0,0.35,1.35,1.67,1.79,0.313,1.0,1.35,,0.0,0
2026-10-05 02:55:06Z,DET,in,0.813,Q4 11:14,-10.0,8250,Tay Martin,WR,0.8,0.0,0.18,0.18,0.12,0.15,0.813,1.0,0.18,,0.0,0
2026-10-05 02:55:06Z,DET,in,0.813,Q4 11:14,-10.0,4179,Joshua Dobbs,QB,0.6,0.0,0.13,0.13,0.09,0.11,0.813,0.3,0.04,,0.0,0
2026-10-05 02:55:06Z,DET,in,0.813,Q4 11:14,-10.0,9221,Jahmyr Gibbs,RB,25.7,13.5,4.71,18.21,17.97,18.31,0.063,1.0,18.21,,0.0,0
2026-10-05 02:55:06Z,DET,in,0.813,Q4 11:14,-10.0,3163,Jared Goff,QB,18.3,10.04,4.77,14.81,13.24,13.47,0.078,1.0,14.81,,0.0,0
2026-10-05 02:55:06Z,DET,in,0.813,Q4 11:14,-10.0,8148,Jameson Williams,WR,12.7,13.8,3.41,17.21,16.34,16.18,0.095,1.0,17.21,,0.0,0
2026-10-05 02:55:06Z,DET,in,0.813,Q4 11:14,-10.0,7891,Brock Wright,TE,1.5,1.8,0.41,2.21,2.11,2.08,0.203,1.0,2.21,,0.0,0
2026-10-05 02:55:06Z,DET,in,0.813,Q4 11:14,-10.0,7547,Amon-Ra St. Brown,WR,20.0,9.6,4.88,14.48,13.03,13.34,0.078,1.0,14.48,,0.0,0
2026-10-05 02:55:06Z,CAR,in,0.813,Q4 11:14,10.0,12526,Tetairoa McMillan,WR,16.4,41.0,3.61,44.61,45.37,44.07,0.0,1.0,44.61,,0.0,0
2026-10-05 02:55:06Z,CAR,in,0.813,Q4 11:14,10.0,11646,Jalen Coker,WR,8.5,0.0,1.02,1.02,1.27,1.59,0.813,1.0,1.02,,0.0,0
2026-10-05 02:55:06Z,DET,in,0.813,Q4 11:14,-10.0,DET,Detroit Lions D/ST,DST,5.7,2.0,0.14,2.14,2.94,3.07,0.051,1.0,2.14,,0.0,0
2026-10-05 02:55:06Z,DET,in,0.813,Q4 11:14,-10.0,11729,Sione Vaki,RB,2.6,2.7,0.56,3.26,3.21,3.19,0.435,0.647,3.06,,0.0,0
2026-10-05 02:55:06Z,CAR,in,0.813,Q4 11:14,10.0,11600,Ja'Tavion Sanders,TE,2.7,0.0,0.32,0.32,0.4,0.51,0.813,1.0,0.32,,0.0,0
2026-10-05 02:55:06Z,CAR,in,0.813,Q4 11:14,10.0,7594,Chuba Hubbard,RB,16.6,24.9,3.51,28.41,28.54,28.01,0.011,1.0,28.41,,0.0,0
2026-10-05 02:55:06Z,DET,in,0.813,Q4 11:14,-10.0,11539,Jake Bates,K,9.5,17.0,2.21,19.21,19.21,18.78,0.169,1.0,19.21,,0.0,0
2026-10-05 02:55:06Z,CAR,in,0.813,Q4 11:14,10.0,2505,Darren Waller,TE,8.8,6.7,1.32,8.02,8.33,8.35,0.0,1.0,8.02,,0.0,0
2026-10-05 02:56:07Z,CAR,in,0.834,Q4 9:58,10.0,11157,Brycen Tremayne,WR,5.6,5.2,0.8,6.0,6.15,6.13,0.158,1.0,6.0,,0.0,0
2026-10-05 02:56:07Z,CAR,in,0.834,Q4 9:58,10.0,12961,Ryan Fitzgerald,K,7.3,4.0,1.13,5.13,5.13,5.21,0.13,1.0,5.13,,0.0,0
2026-10-05 02:56:07Z,DET,in,0.834,Q4 9:58,-10.0,12535,Isaac TeSlaa,WR,5.3,6.7,1.35,8.05,7.68,7.58,0.204,1.0,8.05,,0.0,0
2026-10-05 02:56:07Z,DET,in,0.834,Q4 9:58,-10.0,10859,Sam LaPorta,TE,13.0,4.6,2.86,7.46,6.5,6.76,0.574,1.0,7.46,,0.0,0
2026-10-05 02:56:07Z,DET,in,0.834,Q4 9:58,-10.0,11237,Jacob Saylors,RB,1.7,0.0,0.23,0.23,0.22,0.28,0.834,1.0,0.23,,0.0,0
2026-10-05 02:56:07Z,CAR,in,0.834,Q4 9:58,10.0,9228,Bryce Young,QB,19.4,20.98,2.93,23.91,24.4,24.2,0.0,1.0,23.91,,0.0,0
2026-10-05 02:56:07Z,CAR,in,0.834,Q4 9:58,10.0,7694,Tommy Tremble,TE,3.8,5.2,0.61,5.81,5.92,5.83,0.273,1.0,5.81,,0.0,0
2026-10-05 02:56:07Z,CAR,in,0.834,Q4 9:58,10.0,8160,Kenny Pickett,QB,0.6,0.0,0.05,0.05,0.08,0.1,0.834,0.3,0.01,,0.0,0
2026-10-05 02:56:07Z,CAR,in,0.834,Q4 9:58,10.0,CAR,Carolina Panthers D/ST,DST,4.2,1.0,0.34,1.34,1.59,1.7,0.334,1.0,1.34,,0.0,0
2026-10-05 02:56:07Z,DET,in,0.834,Q4 9:58,-10.0,8250,Tay Martin,WR,0.8,0.0,0.16,0.16,0.11,0.13,0.834,1.0,0.16,,0.0,0
2026-10-05 02:56:07Z,DET,in,0.834,Q4 9:58,-10.0,4179,Joshua Dobbs,QB,0.6,0.0,0.12,0.12,0.08,0.1,0.834,0.3,0.04,,0.0,0
2026-10-05 02:56:07Z,DET,in,0.834,Q4 9:58,-10.0,9221,Jahmyr Gibbs,RB,25.7,13.5,4.24,17.74,17.44,17.77,0.084,1.0,17.74,,0.0,0
2026-10-05 02:56:07Z,DET,in,0.834,Q4 9:58,-10.0,3163,Jared Goff,QB,18.3,10.04,4.39,14.43,12.86,13.08,0.099,1.0,14.43,,0.0,0
2026-10-05 02:56:07Z,DET,in,0.834,Q4 9:58,-10.0,8148,Jameson Williams,WR,12.7,13.8,3.15,16.95,16.04,15.91,0.116,1.0,16.95,,0.0,0
2026-10-05 02:56:07Z,DET,in,0.834,Q4 9:58,-10.0,7891,Brock Wright,TE,1.5,1.8,0.38,2.18,2.07,2.05,0.224,1.0,2.18,,0.0,0
2026-10-05 02:56:07Z,DET,in,0.834,Q4 9:58,-10.0,7547,Amon-Ra St. Brown,WR,20.0,9.6,4.49,14.09,12.63,12.92,0.099,1.0,14.09,,0.0,0
2026-10-05 02:56:07Z,CAR,in,0.834,Q4 9:58,10.0,12526,Tetairoa McMillan,WR,16.4,41.0,3.34,44.34,44.86,43.72,0.021,1.0,44.34,,0.0,0
2026-10-05 02:56:07Z,CAR,in,0.834,Q4 9:58,10.0,11646,Jalen Coker,WR,8.5,0.0,0.9,0.9,1.12,1.41,0.834,1.0,0.9,,0.0,0
2026-10-05 02:56:07Z,DET,in,0.834,Q4 9:58,-10.0,DET,Detroit Lions D/ST,DST,5.7,2.0,0.15,2.15,2.83,2.95,0.072,1.0,2.15,,0.0,0
2026-10-05 02:56:07Z,DET,in,0.834,Q4 9:58,-10.0,11729,Sione Vaki,RB,2.6,2.7,0.5,3.2,3.15,3.13,0.456,0.615,3.01,,0.0,0
2026-10-05 02:56:07Z,CAR,in,0.834,Q4 9:58,10.0,11600,Ja'Tavion Sanders,TE,2.7,0.0,0.29,0.29,0.36,0.45,0.834,1.0,0.29,,0.0,0
2026-10-05 02:56:07Z,CAR,in,0.834,Q4 9:58,10.0,7594,Chuba Hubbard,RB,16.6,25.5,3.21,28.71,28.74,28.26,0.0,1.0,28.71,,0.0,0
2026-10-05 02:56:07Z,DET,in,0.834,Q4 9:58,-10.0,11539,Jake Bates,K,9.5,17.0,1.96,18.96,18.96,18.58,0.19,1.0,18.96,,0.0,0
2026-10-05 02:56:07Z,CAR,in,0.834,Q4 9:58,10.0,2505,Darren Waller,TE,8.8,6.6,1.19,7.79,8.03,8.06,0.0,1.0,7.79,,0.0,0
2026-10-05 02:57:07Z,CAR,in,0.845,Q4 9:18,10.0,11157,Brycen Tremayne,WR,5.6,5.2,0.75,5.95,6.09,6.07,0.169,1.0,5.95,,0.0,0
2026-10-05 02:57:07Z,CAR,in,0.845,Q4 9:18,10.0,12961,Ryan Fitzgerald,K,7.3,4.0,1.05,5.05,5.05,5.13,0.141,1.0,5.05,,0.0,0
2026-10-05 02:57:07Z,DET,in,0.845,Q4 9:18,-10.0,12535,Isaac TeSlaa,WR,5.3,6.7,1.29,7.99,7.61,7.52,0.215,1.0,7.99,,0.0,0
2026-10-05 02:57:07Z,DET,in,0.845,Q4 9:18,-10.0,10859,Sam LaPorta,TE,13.0,4.6,2.71,7.31,6.37,6.62,0.585,1.0,7.31,,0.0,0
2026-10-05 02:57:07Z,DET,in,0.845,Q4 9:18,-10.0,11237,Jacob Saylors,RB,1.7,0.0,0.22,0.22,0.21,0.26,0.845,1.0,0.22,,0.0,0
2026-10-05 02:57:07Z,CAR,in,0.845,Q4 9:18,10.0,9228,Bryce Young,QB,19.4,20.98,2.75,23.73,24.16,23.99,0.011,1.0,23.73,,0.0,0
2026-10-05 02:57:07Z,CAR,in,0.845,Q4 9:18,10.0,7694,Tommy Tremble,TE,3.8,5.2,0.57,5.77,5.87,5.79,0.284,1.0,5.77,,0.0,0
2026-10-05 02:57:07Z,CAR,in,0.845,Q4 9:18,10.0,8160,Kenny Pickett,QB,0.6,0.0,0.04,0.04,0.07,0.09,0.845,0.3,0.01,,0.0,0
2026-10-05 02:57:07Z,CAR,in,0.845,Q4 9:18,10.0,CAR,Carolina Panthers D/ST,DST,4.2,1.0,0.34,1.34,1.55,1.65,0.345,1.0,1.34,,0.0,0
2026-10-05 02:57:07Z,DET,in,0.845,Q4 9:18,-10.0,8250,Tay Martin,WR,0.8,0.0,0.16,0.16,0.1,0.12,0.845,1.0,0.16,,0.0,0
2026-10-05 02:57:07Z,DET,in,0.845,Q4 9:18,-10.0,4179,Joshua Dobbs,QB,0.6,0.0,0.12,0.12,0.07,0.09,0.845,0.3,0.03,,0.0,0
2026-10-05 02:57:07Z,DET,in,0.845,Q4 9:18,-10.0,9221,Jahmyr Gibbs,RB,25.7,13.5,3.99,17.49,17.17,17.48,0.095,1.0,17.49,,0.0,0
2026-10-05 02:57:07Z,DET,in,0.845,Q4 9:18,-10.0,3163,Jared Goff,QB,18.3,10.04,4.17,14.21,12.67,12.88,0.11,1.0,14.21,,0.0,0
2026-10-05 02:57:07Z,DET,in,0.845,Q4 9:18,-10.0,8148,Jameson Williams,WR,12.7,13.8,3.01,16.81,15.89,15.77,0.127,1.0,16.81,,0.0,0
2026-10-05 02:57:07Z,DET,in,0.845,Q4 9:18,-10.0,7891,Brock Wright,TE,1.5,1.8,0.36,2.16,2.05,2.03,0.235,1.0,2.16,,0.0,0
2026-10-05 02:57:07Z,DET,in,0.845,Q4 9:18,-10.0,7547,Amon-Ra St. Brown,WR,20.0,9.6,4.27,13.87,12.42,12.7,0.11,1.0,13.87,,0.0,0
2026-10-05 02:57:07Z,CAR,in,0.845,Q4 9:18,10.0,12526,Tetairoa McMillan,WR,16.4,41.0,3.18,44.18,44.59,43.54,0.032,1.0,44.18,,0.0,0
2026-10-05 02:57:07Z,CAR,in,0.845,Q4 9:18,10.0,11646,Jalen Coker,WR,8.5,0.0,0.84,0.84,1.04,1.32,0.845,1.0,0.84,,0.0,0
2026-10-05 02:57:07Z,DET,in,0.845,Q4 9:18,-10.0,DET,Detroit Lions D/ST,DST,5.7,2.0,0.15,2.15,2.77,2.88,0.083,1.0,2.15,,0.0,0
2026-10-05 02:57:07Z,DET,in,0.845,Q4 9:18,-10.0,11729,Sione Vaki,RB,2.6,2.7,0.48,3.18,3.12,3.1,0.467,0.599,2.99,,0.0,0
2026-10-05 02:57:07Z,CAR,in,0.845,Q4 9:18,10.0,11600,Ja'Tavion Sanders,TE,2.7,0.0,0.27,0.27,0.33,0.42,0.845,1.0,0.27,,0.0,0
2026-10-05 02:57:07Z,CAR,in,0.845,Q4 9:18,10.0,7594,Chuba Hubbard,RB,16.6,25.5,3.03,28.53,28.52,28.07,0.011,1.0,28.53,,0.0,0
2026-10-05 02:57:07Z,DET,in,0.845,Q4 9:18,-10.0,11539,Jake Bates,K,9.5,17.0,1.82,18.82,18.82,18.47,0.201,1.0,18.82,,0.0,0
2026-10-05 02:57:07Z,CAR,in,0.845,Q4 9:18,10.0,2505,Darren Waller,TE,8.8,6.6,1.12,7.72,7.93,7.96,0.011,1.0,7.72,,0.0,0
2026-10-05 02:58:08Z,CAR,in,0.848,Q4 9:08,10.0,11157,Brycen Tremayne,WR,5.6,5.2,0.74,5.94,6.07,6.05,0.172,1.0,5.94,,0.0,0
2026-10-05 02:58:08Z,CAR,in,0.848,Q4 9:08,10.0,12961,Ryan Fitzgerald,K,7.3,4.0,1.03,5.03,5.03,5.11,0.144,1.0,5.03,,0.0,0
2026-10-05 02:58:08Z,DET,in,0.848,Q4 9:08,-10.0,12535,Isaac TeSlaa,WR,5.3,6.7,1.27,7.97,7.59,7.51,0.218,1.0,7.97,,0.0,0
2026-10-05 02:58:08Z,DET,in,0.848,Q4 9:08,-10.0,10859,Sam LaPorta,TE,13.0,4.6,2.68,7.28,6.33,6.58,0.588,1.0,7.28,,0.0,0
2026-10-05 02:58:08Z,DET,in,0.848,Q4 9:08,-10.0,11237,Jacob Saylors,RB,1.7,0.0,0.21,0.21,0.2,0.26,0.848,1.0,0.21,,0.0,0
2026-10-05 02:58:08Z,CAR,in,0.848,Q4 9:08,10.0,9228,Bryce Young,QB,19.4,20.98,2.7,23.68,24.11,23.93,0.014,1.0,23.68,,0.0,0
2026-10-05 02:58:08Z,CAR,in,0.848,Q4 9:08,10.0,7694,Tommy Tremble,TE,3.8,5.2,0.56,5.76,5.85,5.78,0.287,1.0,5.76,,0.0,0
2026-10-05 02:58:08Z,CAR,in,0.848,Q4 9:08,10.0,8160,Kenny Pickett,QB,0.6,0.0,0.04,0.04,0.07,0.09,0.848,0.3,0.01,,0.0,0
2026-10-05 02:58:08Z,CAR,in,0.848,Q4 9:08,10.0,CAR,Carolina Panthers D/ST,DST,4.2,1.0,0.33,1.33,1.54,1.64,0.348,1.0,1.33,,0.0,0
2026-10-05 02:58:08Z,DET,in,0.848,Q4 9:08,-10.0,8250,Tay Martin,WR,0.8,0.0,0.15,0.15,0.1,0.12,0.848,1.0,0.15,,0.0,0
2026-10-05 02:58:08Z,DET,in,0.848,Q4 9:08,-10.0,4179,Joshua Dobbs,QB,0.6,0.0,0.11,0.11,0.07,0.09,0.848,0.3,0.03,,0.0,0
2026-10-05 02:58:08Z,DET,in,0.848,Q4 9:08,-10.0,9221,Jahmyr Gibbs,RB,25.7,13.5,3.92,17.42,17.1,17.41,0.098,1.0,17.42,,0.0,0
2026-10-05 02:58:08Z,DET,in,0.848,Q4 9:08,-10.0,3163,Jared Goff,QB,18.3,10.04,4.12,14.16,12.62,12.83,0.112,1.0,14.16,,0.0,0
2026-10-05 02:58:08Z,DET,in,0.848,Q4 9:08,-10.0,8148,Jameson Williams,WR,12.7,13.8,2.97,16.77,15.85,15.73,0.13,1.0,16.77,,0.0,0
2026-10-05 02:58:08Z,DET,in,0.848,Q4 9:08,-10.0,7891,Brock Wright,TE,1.5,1.8,0.36,2.16,2.05,2.03,0.238,1.0,2.16,,0.0,0
2026-10-05 02:58:08Z,DET,in,0.848,Q4 9:08,-10.0,7547,Amon-Ra St. Brown,WR,20.0,9.6,4.22,13.82,12.36,12.64,0.112,1.0,13.82,,0.0,0
2026-10-05 02:58:08Z,CAR,in,0.848,Q4 9:08,10.0,12526,Tetairoa McMillan,WR,16.4,41.0,3.14,44.14,44.53,43.5,0.035,1.0,44.14,,0.0,0
2026-10-05 02:58:08Z,CAR,in,0.848,Q4 9:08,10.0,11646,Jalen Coker,WR,8.5,0.0,0.82,0.82,1.02,1.29,0.848,1.0,0.82,,0.0,0
2026-10-05 02:58:08Z,DET,in,0.848,Q4 9:08,-10.0,DET,Detroit Lions D/ST,DST,5.7,2.0,0.15,2.15,2.76,2.87,0.086,1.0,2.15,,0.0,0
2026-10-05 02:58:08Z,DET,in,0.848,Q4 9:08,-10.0,11729,Sione Vaki,RB,2.6,2.7,0.47,3.17,3.11,3.1,0.47,0.595,2.98,,0.0,0
2026-10-05 02:58:08Z,CAR,in,0.848,Q4 9:08,10.0,11600,Ja'Tavion Sanders,TE,2.7,0.0,0.26,0.26,0.32,0.41,0.848,1.0,0.26,,0.0,0
2026-10-05 02:58:08Z,CAR,in,0.848,Q4 9:08,10.0,7594,Chuba Hubbard,RB,16.6,25.5,2.98,28.48,28.46,28.03,0.014,1.0,28.48,,0.0,0
2026-10-05 02:58:08Z,DET,in,0.848,Q4 9:08,-10.0,11539,Jake Bates,K,9.5,17.0,1.79,18.79,18.79,18.45,0.204,1.0,18.79,,0.0,0
2026-10-05 02:58:08Z,CAR,in,0.848,Q4 9:08,10.0,2505,Darren Waller,TE,8.8,6.6,1.1,7.7,7.91,7.94,0.014,1.0,7.7,,0.0,0
2026-10-05 02:59:08Z,CAR,in,0.85,Q4 8:59,13.0,11157,Brycen Tremayne,WR,5.6,5.2,0.65,5.85,6.05,6.04,0.175,1.0,5.85,,0.0,0
2026-10-05 02:59:08Z,CAR,in,0.85,Q4 8:59,13.0,12961,Ryan Fitzgerald,K,7.3,7.0,1.12,8.12,8.12,8.09,0.0,1.0,8.12,,0.0,0
2026-10-05 02:59:08Z,DET,in,0.85,Q4 8:59,-13.0,12535,Isaac TeSlaa,WR,5.3,6.7,1.34,8.04,7.58,7.49,0.22,1.0,8.04,,0.0,0
2026-10-05 02:59:08Z,DET,in,0.85,Q4 8:59,-13.0,10859,Sam LaPorta,TE,13.0,4.6,2.83,7.43,6.3,6.55,0.591,1.0,7.43,,0.0,0
2026-10-05 02:59:08Z,DET,in,0.85,Q4 8:59,-13.0,11237,Jacob Saylors,RB,1.7,0.0,0.21,0.21,0.2,0.25,0.85,1.0,0.21,,0.0,0
2026-10-05 02:59:08Z,CAR,in,0.85,Q4 8:59,13.0,9228,Bryce Young,QB,19.4,20.98,2.32,23.3,24.05,23.88,0.016,1.0,23.3,,0.0,0
2026-10-05 02:59:08Z,CAR,in,0.85,Q4 8:59,13.0,7694,Tommy Tremble,TE,3.8,5.2,0.5,5.7,5.84,5.77,0.289,1.0,5.7,,0.0,0
2026-10-05 02:59:08Z,CAR,in,0.85,Q4 8:59,13.0,8160,Kenny Pickett,QB,0.6,0.0,0.03,0.03,0.07,0.09,0.85,0.3,0.01,,0.0,0
2026-10-05 02:59:08Z,CAR,in,0.85,Q4 8:59,13.0,CAR,Carolina Panthers D/ST,DST,4.2,1.0,0.36,1.36,1.53,1.63,0.35,1.0,1.36,,0.0,0
2026-10-05 02:59:08Z,DET,in,0.85,Q4 8:59,-13.0,8250,Tay Martin,WR,0.8,0.0,0.16,0.16,0.09,0.12,0.85,1.0,0.16,,0.0,0
2026-10-05 02:59:08Z,DET,in,0.85,Q4 8:59,-13.0,4179,Joshua Dobbs,QB,0.6,0.0,0.12,0.12,0.07,0.09,0.85,0.3,0.04,,0.0,0
2026-10-05 02:59:08Z,DET,in,0.85,Q4 8:59,-13.0,9221,Jahmyr Gibbs,RB,25.7,13.5,3.97,17.47,17.04,17.35,0.1,1.0,17.47,,0.0,0
2026-10-05 02:59:08Z,DET,in,0.85,Q4 8:59,-13.0,3163,Jared Goff,QB,18.3,10.04,4.39,14.43,12.57,12.78,0.115,1.0,14.43,,0.0,0
2026-10-05 02:59:08Z,DET,in,0.85,Q4 8:59,-13.0,8148,Jameson Williams,WR,12.7,13.8,3.11,16.91,15.81,15.7,0.133,1.0,16.91,,0.0,0
2026-10-05 02:59:08Z,DET,in,0.85,Q4 8:59,-13.0,7891,Brock Wright,TE,1.5,1.8,0.37,2.17,2.04,2.02,0.24,1.0,2.17,,0.0,0
2026-10-05 02:59:08Z,DET,in,0.85,Q4 8:59,-13.0,7547,Amon-Ra St. Brown,WR,20.0,9.6,4.45,14.05,12.32,12.59,0.115,1.0,14.05,,0.0,0
2026-10-05 02:59:08Z,CAR,in,0.85,Q4 8:59,13.0,12526,Tetairoa McMillan,WR,16.4,41.0,2.86,43.86,44.47,43.46,0.037,1.0,43.86,,0.0,0
2026-10-05 02:59:08Z,CAR,in,0.85,Q4 8:59,13.0,11646,Jalen Coker,WR,8.5,0.0,0.68,0.68,1.0,1.27,0.85,1.0,0.68,,0.0,0
2026-10-05 02:59:08Z,DET,in,0.85,Q4 8:59,-13.0,DET,Detroit Lions D/ST,DST,5.7,2.0,0.11,2.11,2.75,2.85,0.089,1.0,2.11,,0.0,0
2026-10-05 02:59:08Z,DET,in,0.85,Q4 8:59,-13.0,11729,Sione Vaki,RB,2.6,2.7,0.47,3.17,3.11,3.09,0.473,0.591,2.98,,0.0,0
2026-10-05 02:59:08Z,CAR,in,0.85,Q4 8:59,13.0,11600,Ja'Tavion Sanders,TE,2.7,0.0,0.22,0.22,0.32,0.4,0.85,1.0,0.22,,0.0,0
2026-10-05 02:59:08Z,CAR,in,0.85,Q4 8:59,13.0,7594,Chuba Hubbard,RB,16.6,25.5,2.87,28.37,28.41,27.99,0.016,1.0,28.37,,0.0,0
2026-10-05 02:59:08Z,DET,in,0.85,Q4 8:59,-13.0,11539,Jake Bates,K,9.5,17.0,1.76,18.76,18.76,18.42,0.206,1.0,18.76,,0.0,0
2026-10-05 02:59:08Z,CAR,in,0.85,Q4 8:59,13.0,2505,Darren Waller,TE,8.8,6.6,0.96,7.56,7.88,7.92,0.016,1.0,7.56,,0.0,0
2026-10-05 03:00:08Z,CAR,in,0.85,Q4 8:59,13.0,11157,Brycen Tremayne,WR,5.6,5.2,0.65,5.85,6.05,6.04,0.175,1.0,5.85,,0.0,0
2026-10-05 03:00:08Z,CAR,in,0.85,Q4 8:59,13.0,12961,Ryan Fitzgerald,K,7.3,7.0,1.12,8.12,8.12,8.09,0.0,1.0,8.12,,0.0,0
2026-10-05 03:00:08Z,DET,in,0.85,Q4 8:59,-13.0,12535,Isaac TeSlaa,WR,5.3,6.7,1.34,8.04,7.58,7.49,0.22,1.0,8.04,,0.0,0
2026-10-05 03:00:08Z,DET,in,0.85,Q4 8:59,-13.0,10859,Sam LaPorta,TE,13.0,4.6,2.83,7.43,6.3,6.55,0.591,1.0,7.43,,0.0,0
2026-10-05 03:00:08Z,DET,in,0.85,Q4 8:59,-13.0,11237,Jacob Saylors,RB,1.7,0.0,0.21,0.21,0.2,0.25,0.85,1.0,0.21,,0.0,0
2026-10-05 03:00:08Z,CAR,in,0.85,Q4 8:59,13.0,9228,Bryce Young,QB,19.4,20.98,2.32,23.3,24.05,23.88,0.016,1.0,23.3,,0.0,0
2026-10-05 03:00:08Z,CAR,in,0.85,Q4 8:59,13.0,7694,Tommy Tremble,TE,3.8,5.2,0.5,5.7,5.84,5.77,0.289,1.0,5.7,,0.0,0
2026-10-05 03:00:08Z,CAR,in,0.85,Q4 8:59,13.0,8160,Kenny Pickett,QB,0.6,0.0,0.03,0.03,0.07,0.09,0.85,0.3,0.01,,0.0,0
2026-10-05 03:00:08Z,CAR,in,0.85,Q4 8:59,13.0,CAR,Carolina Panthers D/ST,DST,4.2,1.0,0.36,1.36,1.53,1.63,0.35,1.0,1.36,,0.0,0
2026-10-05 03:00:08Z,DET,in,0.85,Q4 8:59,-13.0,8250,Tay Martin,WR,0.8,0.0,0.16,0.16,0.09,0.12,0.85,1.0,0.16,,0.0,0
2026-10-05 03:00:08Z,DET,in,0.85,Q4 8:59,-13.0,4179,Joshua Dobbs,QB,0.6,0.0,0.12,0.12,0.07,0.09,0.85,0.3,0.04,,0.0,0
2026-10-05 03:00:08Z,DET,in,0.85,Q4 8:59,-13.0,9221,Jahmyr Gibbs,RB,25.7,13.5,3.97,17.47,17.04,17.35,0.1,1.0,17.47,,0.0,0
2026-10-05 03:00:08Z,DET,in,0.85,Q4 8:59,-13.0,3163,Jared Goff,QB,18.3,10.04,4.39,14.43,12.57,12.78,0.115,1.0,14.43,,0.0,0
2026-10-05 03:00:08Z,DET,in,0.85,Q4 8:59,-13.0,8148,Jameson Williams,WR,12.7,13.8,3.11,16.91,15.81,15.7,0.133,1.0,16.91,,0.0,0
2026-10-05 03:00:08Z,DET,in,0.85,Q4 8:59,-13.0,7891,Brock Wright,TE,1.5,1.8,0.37,2.17,2.04,2.02,0.24,1.0,2.17,,0.0,0
2026-10-05 03:00:08Z,DET,in,0.85,Q4 8:59,-13.0,7547,Amon-Ra St. Brown,WR,20.0,9.6,4.45,14.05,12.32,12.59,0.115,1.0,14.05,,0.0,0
2026-10-05 03:00:08Z,CAR,in,0.85,Q4 8:59,13.0,12526,Tetairoa McMillan,WR,16.4,41.0,2.86,43.86,44.47,43.46,0.037,1.0,43.86,,0.0,0
2026-10-05 03:00:08Z,CAR,in,0.85,Q4 8:59,13.0,11646,Jalen Coker,WR,8.5,0.0,0.68,0.68,1.0,1.27,0.85,1.0,0.68,,0.0,0
2026-10-05 03:00:08Z,DET,in,0.85,Q4 8:59,-13.0,DET,Detroit Lions D/ST,DST,5.7,2.0,0.11,2.11,2.75,2.85,0.089,1.0,2.11,,0.0,0
2026-10-05 03:00:08Z,DET,in,0.85,Q4 8:59,-13.0,11729,Sione Vaki,RB,2.6,2.7,0.47,3.17,3.11,3.09,0.473,0.591,2.98,,0.0,0
2026-10-05 03:00:08Z,CAR,in,0.85,Q4 8:59,13.0,11600,Ja'Tavion Sanders,TE,2.7,0.0,0.22,0.22,0.32,0.4,0.85,1.0,0.22,,0.0,0
2026-10-05 03:00:08Z,CAR,in,0.85,Q4 8:59,13.0,7594,Chuba Hubbard,RB,16.6,25.5,2.87,28.37,28.41,27.99,0.016,1.0,28.37,,0.0,0
2026-10-05 03:00:08Z,DET,in,0.85,Q4 8:59,-13.0,11539,Jake Bates,K,9.5,17.0,1.76,18.76,18.76,18.42,0.206,1.0,18.76,,0.0,0
2026-10-05 03:00:08Z,CAR,in,0.85,Q4 8:59,13.0,2505,Darren Waller,TE,8.8,6.6,0.96,7.56,7.88,7.92,0.016,1.0,7.56,,0.0,0
2026-10-05 03:01:09Z,CAR,in,0.85,Q4 8:59,13.0,11157,Brycen Tremayne,WR,5.6,5.2,0.65,5.85,6.05,6.04,0.175,1.0,5.85,,0.0,0
2026-10-05 03:01:09Z,CAR,in,0.85,Q4 8:59,13.0,12961,Ryan Fitzgerald,K,7.3,7.0,1.12,8.12,8.12,8.09,0.0,1.0,8.12,,0.0,0
2026-10-05 03:01:09Z,DET,in,0.85,Q4 8:59,-13.0,12535,Isaac TeSlaa,WR,5.3,6.7,1.34,8.04,7.58,7.49,0.22,1.0,8.04,,0.0,0
2026-10-05 03:01:09Z,DET,in,0.85,Q4 8:59,-13.0,10859,Sam LaPorta,TE,13.0,4.6,2.83,7.43,6.3,6.55,0.591,1.0,7.43,,0.0,0
2026-10-05 03:01:09Z,DET,in,0.85,Q4 8:59,-13.0,11237,Jacob Saylors,RB,1.7,0.0,0.21,0.21,0.2,0.25,0.85,1.0,0.21,,0.0,0
2026-10-05 03:01:09Z,CAR,in,0.85,Q4 8:59,13.0,9228,Bryce Young,QB,19.4,20.98,2.32,23.3,24.05,23.88,0.016,1.0,23.3,,0.0,0
2026-10-05 03:01:09Z,CAR,in,0.85,Q4 8:59,13.0,7694,Tommy Tremble,TE,3.8,5.2,0.5,5.7,5.84,5.77,0.289,1.0,5.7,,0.0,0
2026-10-05 03:01:09Z,CAR,in,0.85,Q4 8:59,13.0,8160,Kenny Pickett,QB,0.6,0.0,0.03,0.03,0.07,0.09,0.85,0.3,0.01,,0.0,0
2026-10-05 03:01:09Z,CAR,in,0.85,Q4 8:59,13.0,CAR,Carolina Panthers D/ST,DST,4.2,1.0,0.36,1.36,1.53,1.63,0.35,1.0,1.36,,0.0,0
2026-10-05 03:01:09Z,DET,in,0.85,Q4 8:59,-13.0,8250,Tay Martin,WR,0.8,0.0,0.16,0.16,0.09,0.12,0.85,1.0,0.16,,0.0,0
2026-10-05 03:01:09Z,DET,in,0.85,Q4 8:59,-13.0,4179,Joshua Dobbs,QB,0.6,0.0,0.12,0.12,0.07,0.09,0.85,0.3,0.04,,0.0,0
2026-10-05 03:01:09Z,DET,in,0.85,Q4 8:59,-13.0,9221,Jahmyr Gibbs,RB,25.7,13.5,3.97,17.47,17.04,17.35,0.1,1.0,17.47,,0.0,0
2026-10-05 03:01:09Z,DET,in,0.85,Q4 8:59,-13.0,3163,Jared Goff,QB,18.3,10.04,4.39,14.43,12.57,12.78,0.115,1.0,14.43,,0.0,0
2026-10-05 03:01:09Z,DET,in,0.85,Q4 8:59,-13.0,8148,Jameson Williams,WR,12.7,13.8,3.11,16.91,15.81,15.7,0.133,1.0,16.91,,0.0,0
2026-10-05 03:01:09Z,DET,in,0.85,Q4 8:59,-13.0,7891,Brock Wright,TE,1.5,1.8,0.37,2.17,2.04,2.02,0.24,1.0,2.17,,0.0,0
2026-10-05 03:01:09Z,DET,in,0.85,Q4 8:59,-13.0,7547,Amon-Ra St. Brown,WR,20.0,9.6,4.45,14.05,12.32,12.59,0.115,1.0,14.05,,0.0,0
2026-10-05 03:01:09Z,CAR,in,0.85,Q4 8:59,13.0,12526,Tetairoa McMillan,WR,16.4,41.0,2.86,43.86,44.47,43.46,0.037,1.0,43.86,,0.0,0
2026-10-05 03:01:09Z,CAR,in,0.85,Q4 8:59,13.0,11646,Jalen Coker,WR,8.5,0.0,0.68,0.68,1.0,1.27,0.85,1.0,0.68,,0.0,0
2026-10-05 03:01:09Z,DET,in,0.85,Q4 8:59,-13.0,DET,Detroit Lions D/ST,DST,5.7,2.0,0.11,2.11,2.75,2.85,0.089,1.0,2.11,,0.0,0
2026-10-05 03:01:09Z,DET,in,0.85,Q4 8:59,-13.0,11729,Sione Vaki,RB,2.6,2.7,0.47,3.17,3.11,3.09,0.473,0.591,2.98,,0.0,0
2026-10-05 03:01:09Z,CAR,in,0.85,Q4 8:59,13.0,11600,Ja'Tavion Sanders,TE,2.7,0.0,0.22,0.22,0.32,0.4,0.85,1.0,0.22,,0.0,0
2026-10-05 03:01:09Z,CAR,in,0.85,Q4 8:59,13.0,7594,Chuba Hubbard,RB,16.6,25.5,2.87,28.37,28.41,27.99,0.016,1.0,28.37,,0.0,0
2026-10-05 03:01:09Z,DET,in,0.85,Q4 8:59,-13.0,11539,Jake Bates,K,9.5,17.0,1.76,18.76,18.76,18.42,0.206,1.0,18.76,,0.0,0
2026-10-05 03:01:09Z,CAR,in,0.85,Q4 8:59,13.0,2505,Darren Waller,TE,8.8,6.6,0.96,7.56,7.88,7.92,0.016,1.0,7.56,,0.0,0
2026-10-05 03:02:09Z,CAR,in,0.85,Q4 8:59,13.0,11157,Brycen Tremayne,WR,5.6,5.2,0.65,5.85,6.05,6.04,0.175,1.0,5.85,,0.0,0
2026-10-05 03:02:09Z,CAR,in,0.85,Q4 8:59,13.0,12961,Ryan Fitzgerald,K,7.3,7.0,1.12,8.12,8.12,8.09,0.0,1.0,8.12,,0.0,0
2026-10-05 03:02:09Z,DET,in,0.85,Q4 8:59,-13.0,12535,Isaac TeSlaa,WR,5.3,6.7,1.34,8.04,7.58,7.49,0.22,1.0,8.04,,0.0,0
2026-10-05 03:02:09Z,DET,in,0.85,Q4 8:59,-13.0,10859,Sam LaPorta,TE,13.0,4.6,2.83,7.43,6.3,6.55,0.591,1.0,7.43,,0.0,0
2026-10-05 03:02:09Z,DET,in,0.85,Q4 8:59,-13.0,11237,Jacob Saylors,RB,1.7,0.0,0.21,0.21,0.2,0.25,0.85,1.0,0.21,,0.0,0
2026-10-05 03:02:09Z,CAR,in,0.85,Q4 8:59,13.0,9228,Bryce Young,QB,19.4,20.98,2.32,23.3,24.05,23.88,0.016,1.0,23.3,,0.0,0
2026-10-05 03:02:09Z,CAR,in,0.85,Q4 8:59,13.0,7694,Tommy Tremble,TE,3.8,5.2,0.5,5.7,5.84,5.77,0.289,1.0,5.7,,0.0,0
2026-10-05 03:02:09Z,CAR,in,0.85,Q4 8:59,13.0,8160,Kenny Pickett,QB,0.6,0.0,0.03,0.03,0.07,0.09,0.85,0.3,0.01,,0.0,0
2026-10-05 03:02:09Z,CAR,in,0.85,Q4 8:59,13.0,CAR,Carolina Panthers D/ST,DST,4.2,1.0,0.36,1.36,1.53,1.63,0.35,1.0,1.36,,0.0,0
2026-10-05 03:02:09Z,DET,in,0.85,Q4 8:59,-13.0,8250,Tay Martin,WR,0.8,0.0,0.16,0.16,0.09,0.12,0.85,1.0,0.16,,0.0,0
2026-10-05 03:02:09Z,DET,in,0.85,Q4 8:59,-13.0,4179,Joshua Dobbs,QB,0.6,0.0,0.12,0.12,0.07,0.09,0.85,0.3,0.04,,0.0,0
2026-10-05 03:02:09Z,DET,in,0.85,Q4 8:59,-13.0,9221,Jahmyr Gibbs,RB,25.7,13.5,3.97,17.47,17.04,17.35,0.1,1.0,17.47,,0.0,0
2026-10-05 03:02:09Z,DET,in,0.85,Q4 8:59,-13.0,3163,Jared Goff,QB,18.3,10.04,4.39,14.43,12.57,12.78,0.115,1.0,14.43,,0.0,0
2026-10-05 03:02:09Z,DET,in,0.85,Q4 8:59,-13.0,8148,Jameson Williams,WR,12.7,13.8,3.11,16.91,15.81,15.7,0.133,1.0,16.91,,0.0,0
2026-10-05 03:02:09Z,DET,in,0.85,Q4 8:59,-13.0,7891,Brock Wright,TE,1.5,1.8,0.37,2.17,2.04,2.02,0.24,1.0,2.17,,0.0,0
2026-10-05 03:02:09Z,DET,in,0.85,Q4 8:59,-13.0,7547,Amon-Ra St. Brown,WR,20.0,9.6,4.45,14.05,12.32,12.59,0.115,1.0,14.05,,0.0,0
2026-10-05 03:02:09Z,CAR,in,0.85,Q4 8:59,13.0,12526,Tetairoa McMillan,WR,16.4,41.0,2.86,43.86,44.47,43.46,0.037,1.0,43.86,,0.0,0
2026-10-05 03:02:09Z,CAR,in,0.85,Q4 8:59,13.0,11646,Jalen Coker,WR,8.5,0.0,0.68,0.68,1.0,1.27,0.85,1.0,0.68,,0.0,0
2026-10-05 03:02:09Z,DET,in,0.85,Q4 8:59,-13.0,DET,Detroit Lions D/ST,DST,5.7,2.0,0.11,2.11,2.75,2.85,0.089,1.0,2.11,,0.0,0
2026-10-05 03:02:09Z,DET,in,0.85,Q4 8:59,-13.0,11729,Sione Vaki,RB,2.6,2.7,0.47,3.17,3.11,3.09,0.473,0.591,2.98,,0.0,0
2026-10-05 03:02:09Z,CAR,in,0.85,Q4 8:59,13.0,11600,Ja'Tavion Sanders,TE,2.7,0.0,0.22,0.22,0.32,0.4,0.85,1.0,0.22,,0.0,0
2026-10-05 03:02:09Z,CAR,in,0.85,Q4 8:59,13.0,7594,Chuba Hubbard,RB,16.6,25.5,2.87,28.37,28.41,27.99,0.016,1.0,28.37,,0.0,0
2026-10-05 03:02:09Z,DET,in,0.85,Q4 8:59,-13.0,11539,Jake Bates,K,9.5,17.0,1.76,18.76,18.76,18.42,0.206,1.0,18.76,,0.0,0
2026-10-05 03:02:09Z,CAR,in,0.85,Q4 8:59,13.0,2505,Darren Waller,TE,8.8,6.6,0.96,7.56,7.88,7.92,0.016,1.0,7.56,,0.0,0
2026-10-05 03:03:10Z,CAR,in,0.858,Q4 8:32,13.0,11157,Brycen Tremayne,WR,5.6,5.2,0.62,5.82,6.01,6.0,0.182,1.0,5.82,,0.0,0
2026-10-05 03:03:10Z,CAR,in,0.858,Q4 8:32,13.0,12961,Ryan Fitzgerald,K,7.3,7.0,1.06,8.06,8.06,8.04,0.007,1.0,8.06,,0.0,0
2026-10-05 03:03:10Z,DET,in,0.858,Q4 8:32,-13.0,12535,Isaac TeSlaa,WR,5.3,6.7,1.29,7.99,7.53,7.45,0.228,1.0,7.99,,0.0,0
2026-10-05 03:03:10Z,DET,in,0.858,Q4 8:32,-13.0,10859,Sam LaPorta,TE,13.0,8.1,2.85,10.95,9.84,9.95,0.0,1.0,10.95,,0.0,0
2026-10-05 03:03:10Z,DET,in,0.858,Q4 8:32,-13.0,11237,Jacob Saylors,RB,1.7,0.0,0.2,0.2,0.19,0.24,0.858,1.0,0.2,,0.0,0
2026-10-05 03:03:10Z,CAR,in,0.858,Q4 8:32,13.0,9228,Bryce Young,QB,19.4,20.98,2.2,23.18,23.89,23.74,0.024,1.0,23.18,,0.0,0
2026-10-05 03:03:10Z,CAR,in,0.858,Q4 8:32,13.0,7694,Tommy Tremble,TE,3.8,5.2,0.48,5.68,5.81,5.74,0.297,1.0,5.68,,0.0,0
2026-10-05 03:03:10Z,CAR,in,0.858,Q4 8:32,13.0,8160,Kenny Pickett,QB,0.6,0.0,0.03,0.03,0.07,0.09,0.858,0.3,0.01,,0.0,0
2026-10-05 03:03:10Z,CAR,in,0.858,Q4 8:32,13.0,CAR,Carolina Panthers D/ST,DST,4.2,1.0,0.36,1.36,1.5,1.6,0.358,1.0,1.36,,0.0,0
2026-10-05 03:03:10Z,DET,in,0.858,Q4 8:32,-13.0,8250,Tay Martin,WR,0.8,0.0,0.16,0.16,0.09,0.11,0.858,1.0,0.16,,0.0,0
2026-10-05 03:03:10Z,DET,in,0.858,Q4 8:32,-13.0,4179,Joshua Dobbs,QB,0.6,0.0,0.12,0.12,0.07,0.09,0.858,0.3,0.04,,0.0,0
2026-10-05 03:03:10Z,DET,in,0.858,Q4 8:32,-13.0,9221,Jahmyr Gibbs,RB,25.7,15.3,3.89,19.19,18.72,18.96,0.0,1.0,19.19,,0.0,0
2026-10-05 03:03:10Z,DET,in,0.858,Q4 8:32,-13.0,3163,Jared Goff,QB,18.3,11.36,4.3,15.66,13.81,13.96,0.0,1.0,15.66,,0.0,0
2026-10-05 03:03:10Z,DET,in,0.858,Q4 8:32,-13.0,8148,Jameson Williams,WR,12.7,13.8,3.0,16.8,15.71,15.61,0.14,1.0,16.8,,0.0,0
2026-10-05 03:03:10Z,DET,in,0.858,Q4 8:32,-13.0,7891,Brock Wright,TE,1.5,1.8,0.36,2.16,2.03,2.01,0.248,1.0,2.16,,0.0,0
2026-10-05 03:03:10Z,DET,in,0.858,Q4 8:32,-13.0,7547,Amon-Ra St. Brown,WR,20.0,9.6,4.28,13.88,12.18,12.44,0.122,1.0,13.88,,0.0,0
2026-10-05 03:03:10Z,CAR,in,0.858,Q4 8:32,13.0,12526,Tetairoa McMillan,WR,16.4,41.0,2.75,43.75,44.29,43.33,0.045,1.0,43.75,,0.0,0
2026-10-05 03:03:10Z,CAR,in,0.858,Q4 8:32,13.0,11646,Jalen Coker,WR,8.5,0.0,0.65,0.65,0.95,1.21,0.858,1.0,0.65,,0.0,0
2026-10-05 03:03:10Z,DET,in,0.858,Q4 8:32,-13.0,DET,Detroit Lions D/ST,DST,5.7,2.0,0.11,2.11,2.71,2.81,0.096,1.0,2.11,,0.0,0
2026-10-05 03:03:10Z,DET,in,0.858,Q4 8:32,-13.0,11729,Sione Vaki,RB,2.6,2.7,0.45,3.15,3.09,3.07,0.48,0.58,2.96,,0.0,0
2026-10-05 03:03:10Z,CAR,in,0.858,Q4 8:32,13.0,11600,Ja'Tavion Sanders,TE,2.7,0.0,0.21,0.21,0.3,0.38,0.858,1.0,0.21,,0.0,0
2026-10-05 03:03:10Z,CAR,in,0.858,Q4 8:32,13.0,7594,Chuba Hubbard,RB,16.6,25.5,2.74,28.24,28.26,27.86,0.024,1.0,28.24,,0.0,0
2026-10-05 03:03:10Z,DET,in,0.858,Q4 8:32,-13.0,11539,Jake Bates,K,9.5,17.0,1.67,18.67,18.67,18.35,0.214,1.0,18.67,,0.0,0
2026-10-05 03:03:10Z,CAR,in,0.858,Q4 8:32,13.0,2505,Darren Waller,TE,8.8,6.6,0.91,7.51,7.82,7.85,0.024,1.0,7.51,,0.0,0
2026-10-05 03:04:10Z,CAR,in,0.861,Q4 8:19,13.0,11157,Brycen Tremayne,WR,5.6,5.2,0.6,5.8,5.99,5.98,0.186,1.0,5.8,,0.0,0
2026-10-05 03:04:10Z,CAR,in,0.861,Q4 8:19,13.0,12961,Ryan Fitzgerald,K,7.3,7.0,1.04,8.04,8.04,8.01,0.011,1.0,8.04,,0.0,0
2026-10-05 03:04:10Z,DET,in,0.861,Q4 8:19,-13.0,12535,Isaac TeSlaa,WR,5.3,6.7,1.26,7.96,7.51,7.43,0.231,1.0,7.96,,0.0,0
2026-10-05 03:04:10Z,DET,in,0.861,Q4 8:19,-13.0,10859,Sam LaPorta,TE,13.0,8.1,2.8,10.9,9.79,9.9,0.004,1.0,10.9,,0.0,0
2026-10-05 03:04:10Z,DET,in,0.861,Q4 8:19,-13.0,11237,Jacob Saylors,RB,1.7,0.0,0.2,0.2,0.18,0.24,0.861,1.0,0.2,,0.0,0
2026-10-05 03:04:10Z,CAR,in,0.861,Q4 8:19,13.0,9228,Bryce Young,QB,19.4,20.98,2.14,23.12,23.82,23.67,0.027,1.0,23.12,,0.0,0
2026-10-05 03:04:10Z,CAR,in,0.861,Q4 8:19,13.0,7694,Tommy Tremble,TE,3.8,5.2,0.47,5.67,5.79,5.73,0.3,1.0,5.67,,0.0,0
2026-10-05 03:04:10Z,CAR,in,0.861,Q4 8:19,13.0,8160,Kenny Pickett,QB,0.6,0.0,0.03,0.03,0.07,0.08,0.861,0.3,0.01,,0.0,0
2026-10-05 03:04:10Z,CAR,in,0.861,Q4 8:19,13.0,CAR,Carolina Panthers D/ST,DST,4.2,1.0,0.35,1.35,1.49,1.58,0.361,1.0,1.35,,0.0,0
2026-10-05 03:04:10Z,DET,in,0.861,Q4 8:19,-13.0,8250,Tay Martin,WR,0.8,0.0,0.15,0.15,0.09,0.11,0.861,1.0,0.15,,0.0,0
2026-10-05 03:04:10Z,DET,in,0.861,Q4 8:19,-13.0,4179,Joshua Dobbs,QB,0.6,0.0,0.12,0.12,0.07,0.08,0.861,0.3,0.03,,0.0,0
2026-10-05 03:04:10Z,DET,in,0.861,Q4 8:19,-13.0,9221,Jahmyr Gibbs,RB,25.7,15.3,3.8,19.1,18.63,18.86,0.004,1.0,19.1,,0.0,0
2026-10-05 03:04:10Z,DET,in,0.861,Q4 8:19,-13.0,3163,Jared Goff,QB,18.3,11.36,4.22,15.58,13.74,13.9,0.004,1.0,15.58,,0.0,0
2026-10-05 03:04:10Z,DET,in,0.861,Q4 8:19,-13.0,8148,Jameson Williams,WR,12.7,13.8,2.95,16.75,15.66,15.56,0.144,1.0,16.75,,0.0,0
2026-10-05 03:04:10Z,DET,in,0.861,Q4 8:19,-13.0,7891,Brock Wright,TE,1.5,1.8,0.35,2.15,2.03,2.01,0.251,1.0,2.15,,0.0,0
2026-10-05 03:04:10Z,DET,in,0.861,Q4 8:19,-13.0,7547,Amon-Ra St. Brown,WR,20.0,9.6,4.2,13.8,12.11,12.37,0.126,1.0,13.8,,0.0,0
2026-10-05 03:04:10Z,CAR,in,0.861,Q4 8:19,13.0,12526,Tetairoa McMillan,WR,16.4,41.0,2.7,43.7,44.2,43.27,0.049,1.0,43.7,,0.0,0
2026-10-05 03:04:10Z,CAR,in,0.861,Q4 8:19,13.0,11646,Jalen Coker,WR,8.5,0.0,0.63,0.63,0.92,1.18,0.861,1.0,0.63,,0.0,0
2026-10-05 03:04:10Z,DET,in,0.861,Q4 8:19,-13.0,DET,Detroit Lions D/ST,DST,5.7,2.0,0.11,2.11,2.69,2.79,0.1,1.0,2.11,,0.0,0
2026-10-05 03:04:10Z,DET,in,0.861,Q4 8:19,-13.0,11729,Sione Vaki,RB,2.6,2.7,0.44,3.14,3.08,3.06,0.484,0.574,2.95,,0.0,0
2026-10-05 03:04:10Z,CAR,in,0.861,Q4 8:19,13.0,11600,Ja'Tavion Sanders,TE,2.7,0.0,0.2,0.2,0.29,0.37,0.861,1.0,0.2,,0.0,0
2026-10-05 03:04:10Z,CAR,in,0.861,Q4 8:19,13.0,7594,Chuba Hubbard,RB,16.6,25.5,2.68,28.18,28.19,27.8,0.027,1.0,28.18,,0.0,0
2026-10-05 03:04:10Z,DET,in,0.861,Q4 8:19,-13.0,11539,Jake Bates,K,9.5,17.0,1.62,18.62,18.62,18.32,0.217,1.0,18.62,,0.0,0
2026-10-05 03:04:10Z,CAR,in,0.861,Q4 8:19,13.0,2505,Darren Waller,TE,8.8,6.6,0.89,7.49,7.79,7.82,0.027,1.0,7.49,,0.0,0
2026-10-05 03:05:11Z,CAR,in,0.861,Q4 8:19,13.0,11157,Brycen Tremayne,WR,5.6,5.2,0.6,5.8,5.99,5.98,0.186,1.0,5.8,,0.0,0
2026-10-05 03:05:11Z,CAR,in,0.861,Q4 8:19,13.0,12961,Ryan Fitzgerald,K,7.3,7.0,1.04,8.04,8.04,8.01,0.011,1.0,8.04,,0.0,0
2026-10-05 03:05:11Z,DET,in,0.861,Q4 8:19,-13.0,12535,Isaac TeSlaa,WR,5.3,6.7,1.26,7.96,7.51,7.43,0.231,1.0,7.96,,0.0,0
2026-10-05 03:05:11Z,DET,in,0.861,Q4 8:19,-13.0,10859,Sam LaPorta,TE,13.0,8.1,2.8,10.9,9.79,9.9,0.004,1.0,10.9,,0.0,0
2026-10-05 03:05:11Z,DET,in,0.861,Q4 8:19,-13.0,11237,Jacob Saylors,RB,1.7,0.0,0.2,0.2,0.18,0.24,0.861,1.0,0.2,,0.0,0
2026-10-05 03:05:11Z,CAR,in,0.861,Q4 8:19,13.0,9228,Bryce Young,QB,19.4,20.98,2.14,23.12,23.82,23.67,0.027,1.0,23.12,,0.0,0
2026-10-05 03:05:11Z,CAR,in,0.861,Q4 8:19,13.0,7694,Tommy Tremble,TE,3.8,5.2,0.47,5.67,5.79,5.73,0.3,1.0,5.67,,0.0,0
2026-10-05 03:05:11Z,CAR,in,0.861,Q4 8:19,13.0,8160,Kenny Pickett,QB,0.6,0.0,0.03,0.03,0.07,0.08,0.861,0.3,0.01,,0.0,0
2026-10-05 03:05:11Z,CAR,in,0.861,Q4 8:19,13.0,CAR,Carolina Panthers D/ST,DST,4.2,1.0,0.35,1.35,1.49,1.58,0.361,1.0,1.35,,0.0,0
2026-10-05 03:05:11Z,DET,in,0.861,Q4 8:19,-13.0,8250,Tay Martin,WR,0.8,0.0,0.15,0.15,0.09,0.11,0.861,1.0,0.15,,0.0,0
2026-10-05 03:05:11Z,DET,in,0.861,Q4 8:19,-13.0,4179,Joshua Dobbs,QB,0.6,0.0,0.12,0.12,0.07,0.08,0.861,0.3,0.03,,0.0,0
2026-10-05 03:05:11Z,DET,in,0.861,Q4 8:19,-13.0,9221,Jahmyr Gibbs,RB,25.7,15.3,3.8,19.1,18.63,18.86,0.004,1.0,19.1,,0.0,0
2026-10-05 03:05:11Z,DET,in,0.861,Q4 8:19,-13.0,3163,Jared Goff,QB,18.3,11.36,4.22,15.58,13.74,13.9,0.004,1.0,15.58,,0.0,0
2026-10-05 03:05:11Z,DET,in,0.861,Q4 8:19,-13.0,8148,Jameson Williams,WR,12.7,13.8,2.95,16.75,15.66,15.56,0.144,1.0,16.75,,0.0,0
2026-10-05 03:05:11Z,DET,in,0.861,Q4 8:19,-13.0,7891,Brock Wright,TE,1.5,1.8,0.35,2.15,2.03,2.01,0.251,1.0,2.15,,0.0,0
2026-10-05 03:05:11Z,DET,in,0.861,Q4 8:19,-13.0,7547,Amon-Ra St. Brown,WR,20.0,9.6,4.2,13.8,12.11,12.37,0.126,1.0,13.8,,0.0,0
2026-10-05 03:05:11Z,CAR,in,0.861,Q4 8:19,13.0,12526,Tetairoa McMillan,WR,16.4,41.0,2.7,43.7,44.2,43.27,0.049,1.0,43.7,,0.0,0
2026-10-05 03:05:11Z,CAR,in,0.861,Q4 8:19,13.0,11646,Jalen Coker,WR,8.5,0.0,0.63,0.63,0.92,1.18,0.861,1.0,0.63,,0.0,0
2026-10-05 03:05:11Z,DET,in,0.861,Q4 8:19,-13.0,DET,Detroit Lions D/ST,DST,5.7,2.0,0.11,2.11,2.69,2.79,0.1,1.0,2.11,,0.0,0
2026-10-05 03:05:11Z,DET,in,0.861,Q4 8:19,-13.0,11729,Sione Vaki,RB,2.6,2.7,0.44,3.14,3.08,3.06,0.484,0.574,2.95,,0.0,0
2026-10-05 03:05:11Z,CAR,in,0.861,Q4 8:19,13.0,11600,Ja'Tavion Sanders,TE,2.7,0.0,0.2,0.2,0.29,0.37,0.861,1.0,0.2,,0.0,0
2026-10-05 03:05:11Z,CAR,in,0.861,Q4 8:19,13.0,7594,Chuba Hubbard,RB,16.6,25.5,2.68,28.18,28.19,27.8,0.027,1.0,28.18,,0.0,0
2026-10-05 03:05:11Z,DET,in,0.861,Q4 8:19,-13.0,11539,Jake Bates,K,9.5,17.0,1.62,18.62,18.62,18.32,0.217,1.0,18.62,,0.0,0
2026-10-05 03:05:11Z,CAR,in,0.861,Q4 8:19,13.0,2505,Darren Waller,TE,8.8,6.6,0.89,7.49,7.79,7.82,0.027,1.0,7.49,,0.0,0
2026-10-05 03:06:11Z,CAR,in,0.862,Q4 8:16,13.0,11157,Brycen Tremayne,WR,5.6,5.2,0.6,5.8,5.98,5.97,0.187,1.0,5.8,,0.0,0
2026-10-05 03:06:11Z,CAR,in,0.862,Q4 8:16,13.0,12961,Ryan Fitzgerald,K,7.3,7.0,1.03,8.03,8.03,8.01,0.012,1.0,8.03,,0.0,0
2026-10-05 03:06:11Z,DET,in,0.862,Q4 8:16,-13.0,12535,Isaac TeSlaa,WR,5.3,6.7,1.26,7.96,7.5,7.43,0.232,1.0,7.96,,0.0,0
2026-10-05 03:06:11Z,DET,in,0.862,Q4 8:16,-13.0,10859,Sam LaPorta,TE,13.0,8.1,2.78,10.88,9.78,9.89,0.004,1.0,10.88,,0.0,0
2026-10-05 03:06:11Z,DET,in,0.862,Q4 8:16,-13.0,11237,Jacob Saylors,RB,1.7,0.0,0.2,0.2,0.18,0.23,0.862,1.0,0.2,,0.0,0
2026-10-05 03:06:11Z,CAR,in,0.862,Q4 8:16,13.0,9228,Bryce Young,QB,19.4,20.98,2.13,23.11,23.8,23.65,0.028,1.0,23.11,,0.0,0
2026-10-05 03:06:11Z,CAR,in,0.862,Q4 8:16,13.0,7694,Tommy Tremble,TE,3.8,5.2,0.47,5.67,5.79,5.72,0.301,1.0,5.67,,0.0,0
2026-10-05 03:06:11Z,CAR,in,0.862,Q4 8:16,13.0,8160,Kenny Pickett,QB,0.6,0.0,0.03,0.03,0.06,0.08,0.862,0.3,0.01,,0.0,0
2026-10-05 03:06:11Z,CAR,in,0.862,Q4 8:16,13.0,CAR,Carolina Panthers D/ST,DST,4.2,1.0,0.35,1.35,1.49,1.58,0.362,1.0,1.35,,0.0,0
2026-10-05 03:06:11Z,DET,in,0.862,Q4 8:16,-13.0,8250,Tay Martin,WR,0.8,0.0,0.15,0.15,0.09,0.11,0.862,1.0,0.15,,0.0,0
2026-10-05 03:06:11Z,DET,in,0.862,Q4 8:16,-13.0,4179,Joshua Dobbs,QB,0.6,0.0,0.12,0.12,0.06,0.08,0.862,0.3,0.03,,0.0,0
2026-10-05 03:06:11Z,DET,in,0.862,Q4 8:16,-13.0,9221,Jahmyr Gibbs,RB,25.7,15.3,3.78,19.08,18.6,18.84,0.004,1.0,19.08,,0.0,0
2026-10-05 03:06:11Z,DET,in,0.862,Q4 8:16,-13.0,3163,Jared Goff,QB,18.3,11.36,4.2,15.56,13.73,13.88,0.004,1.0,15.56,,0.0,0
2026-10-05 03:06:11Z,DET,in,0.862,Q4 8:16,-13.0,8148,Jameson Williams,WR,12.7,13.8,2.93,16.73,15.65,15.55,0.145,1.0,16.73,,0.0,0
2026-10-05 03:06:11Z,DET,in,0.862,Q4 8:16,-13.0,7891,Brock Wright,TE,1.5,1.8,0.35,2.15,2.02,2.01,0.252,1.0,2.15,,0.0,0
2026-10-05 03:06:11Z,DET,in,0.862,Q4 8:16,-13.0,7547,Amon-Ra St. Brown,WR,20.0,9.6,4.18,13.78,12.09,12.36,0.127,1.0,13.78,,0.0,0
2026-10-05 03:06:11Z,CAR,in,0.862,Q4 8:16,13.0,12526,Tetairoa McMillan,WR,16.4,41.0,2.68,43.68,44.18,43.26,0.049,1.0,43.68,,0.0,0
2026-10-05 03:06:11Z,CAR,in,0.862,Q4 8:16,13.0,11646,Jalen Coker,WR,8.5,0.0,0.62,0.62,0.92,1.17,0.862,1.0,0.62,,0.0,0
2026-10-05 03:06:11Z,DET,in,0.862,Q4 8:16,-13.0,DET,Detroit Lions D/ST,DST,5.7,2.0,0.11,2.11,2.68,2.79,0.101,1.0,2.11,,0.0,0
2026-10-05 03:06:11Z,DET,in,0.862,Q4 8:16,-13.0,11729,Sione Vaki,RB,2.6,2.7,0.44,3.14,3.07,3.06,0.485,0.573,2.95,,0.0,0
2026-10-05 03:06:11Z,CAR,in,0.862,Q4 8:16,13.0,11600,Ja'Tavion Sanders,TE,2.7,0.0,0.2,0.2,0.29,0.37,0.862,1.0,0.2,,0.0,0
2026-10-05 03:06:11Z,CAR,in,0.862,Q4 8:16,13.0,7594,Chuba Hubbard,RB,16.6,25.5,2.66,28.16,28.17,27.79,0.028,1.0,28.16,,0.0,0
2026-10-05 03:06:11Z,DET,in,0.862,Q4 8:16,-13.0,11539,Jake Bates,K,9.5,17.0,1.61,18.61,18.61,18.31,0.218,1.0,18.61,,0.0,0
2026-10-05 03:06:11Z,CAR,in,0.862,Q4 8:16,13.0,2505,Darren Waller,TE,8.8,6.6,0.88,7.48,7.78,7.81,0.028,1.0,7.48,,0.0,0
2026-10-05 03:07:11Z,CAR,in,0.878,Q4 7:19,13.0,11157,Brycen Tremayne,WR,5.6,5.2,0.53,5.73,5.89,5.88,0.203,1.0,5.73,,0.0,0
2026-10-05 03:07:11Z,CAR,in,0.878,Q4 7:19,13.0,12961,Ryan Fitzgerald,K,7.3,7.0,0.91,7.91,7.91,7.89,0.028,1.0,7.91,,0.0,0
2026-10-05 03:07:11Z,DET,in,0.878,Q4 7:19,-13.0,12535,Isaac TeSlaa,WR,5.3,6.7,1.15,7.85,7.41,7.35,0.248,1.0,7.85,,0.0,0
2026-10-05 03:07:11Z,DET,in,0.878,Q4 7:19,-13.0,10859,Sam LaPorta,TE,13.0,9.9,2.59,12.49,11.44,11.49,0.0,1.0,12.49,,0.0,0
2026-10-05 03:07:11Z,DET,in,0.878,Q4 7:19,-13.0,11237,Jacob Saylors,RB,1.7,0.0,0.18,0.18,0.16,0.21,0.878,1.0,0.18,,0.0,0
2026-10-05 03:07:11Z,CAR,in,0.878,Q4 7:19,13.0,9228,Bryce Young,QB,19.4,20.98,1.88,22.86,23.47,23.35,0.044,1.0,22.86,,0.0,0
2026-10-05 03:07:11Z,CAR,in,0.878,Q4 7:19,13.0,7694,Tommy Tremble,TE,3.8,5.2,0.42,5.62,5.72,5.66,0.317,1.0,5.62,,0.0,0
2026-10-05 03:07:11Z,CAR,in,0.878,Q4 7:19,13.0,8160,Kenny Pickett,QB,0.6,0.0,0.02,0.02,0.06,0.07,0.878,0.3,0.01,,0.0,0
2026-10-05 03:07:11Z,CAR,in,0.878,Q4 7:19,13.0,CAR,Carolina Panthers D/ST,DST,4.2,1.0,0.33,1.33,1.43,1.51,0.378,1.0,1.33,,0.0,0
2026-10-05 03:07:11Z,DET,in,0.878,Q4 7:19,-13.0,8250,Tay Martin,WR,0.8,0.0,0.14,0.14,0.08,0.1,0.878,1.0,0.14,,0.0,0
2026-10-05 03:07:11Z,DET,in,0.878,Q4 7:19,-13.0,4179,Joshua Dobbs,QB,0.6,0.0,0.11,0.11,0.06,0.07,0.878,0.3,0.03,,0.0,0
2026-10-05 03:07:11Z,DET,in,0.878,Q4 7:19,-13.0,9221,Jahmyr Gibbs,RB,25.7,15.3,3.38,18.68,18.21,18.43,0.02,1.0,18.68,,0.0,0
2026-10-05 03:07:11Z,DET,in,0.878,Q4 7:19,-13.0,3163,Jared Goff,QB,18.3,12.48,3.88,16.36,14.6,14.71,0.0,1.0,16.36,,0.0,0
2026-10-05 03:07:11Z,DET,in,0.878,Q4 7:19,-13.0,8148,Jameson Williams,WR,12.7,16.2,2.75,18.95,17.9,17.75,0.0,1.0,18.95,,0.0,0
2026-10-05 03:07:11Z,DET,in,0.878,Q4 7:19,-13.0,7891,Brock Wright,TE,1.5,1.8,0.32,2.12,2.0,1.98,0.268,1.0,2.12,,0.0,0
2026-10-05 03:07:11Z,DET,in,0.878,Q4 7:19,-13.0,7547,Amon-Ra St. Brown,WR,20.0,11.2,3.85,15.05,13.44,13.64,0.0,1.0,15.05,,0.0,0
2026-10-05 03:07:11Z,CAR,in,0.878,Q4 7:19,13.0,12526,Tetairoa McMillan,WR,16.4,41.0,2.43,43.43,43.81,43.0,0.065,1.0,43.43,,0.0,0
2026-10-05 03:07:11Z,CAR,in,0.878,Q4 7:19,13.0,11646,Jalen Coker,WR,8.5,0.0,0.54,0.54,0.81,1.04,0.878,1.0,0.54,,0.0,0
2026-10-05 03:07:11Z,DET,in,0.878,Q4 7:19,-13.0,DET,Detroit Lions D/ST,DST,5.7,2.0,0.1,2.1,2.6,2.7,0.116,1.0,2.1,,0.0,0
2026-10-05 03:07:11Z,DET,in,0.878,Q4 7:19,-13.0,11729,Sione Vaki,RB,2.6,2.7,0.4,3.1,3.03,3.02,0.501,0.549,2.92,,0.0,0
2026-10-05 03:07:11Z,CAR,in,0.878,Q4 7:19,13.0,11600,Ja'Tavion Sanders,TE,2.7,0.0,0.17,0.17,0.26,0.33,0.878,1.0,0.17,,0.0,0
2026-10-05 03:07:11Z,CAR,in,0.878,Q4 7:19,13.0,7594,Chuba Hubbard,RB,16.6,25.5,2.38,27.88,27.86,27.52,0.044,1.0,27.88,,0.0,0
2026-10-05 03:07:11Z,DET,in,0.878,Q4 7:19,-13.0,11539,Jake Bates,K,9.5,17.0,1.42,18.42,18.42,18.16,0.234,1.0,18.42,,0.0,0
2026-10-05 03:07:11Z,CAR,in,0.878,Q4 7:19,13.0,2505,Darren Waller,TE,8.8,6.6,0.79,7.39,7.64,7.67,0.044,1.0,7.39,,0.0,0
2026-10-05 03:08:12Z,CAR,in,0.879,Q4 7:16,13.0,11157,Brycen Tremayne,WR,5.6,5.2,0.53,5.73,5.89,5.88,0.203,1.0,5.73,,0.0,0
2026-10-05 03:08:12Z,CAR,in,0.879,Q4 7:16,13.0,12961,Ryan Fitzgerald,K,7.3,7.0,0.9,7.9,7.9,7.88,0.029,1.0,7.9,,0.0,0
2026-10-05 03:08:12Z,DET,in,0.879,Q4 7:16,-13.0,12535,Isaac TeSlaa,WR,5.3,6.7,1.14,7.84,7.4,7.34,0.249,1.0,7.84,,0.0,0
2026-10-05 03:08:12Z,DET,in,0.879,Q4 7:16,-13.0,10859,Sam LaPorta,TE,13.0,9.9,2.58,12.48,11.43,11.47,0.001,1.0,12.48,,0.0,0
2026-10-05 03:08:12Z,DET,in,0.879,Q4 7:16,-13.0,11237,Jacob Saylors,RB,1.7,0.0,0.18,0.18,0.16,0.21,0.879,1.0,0.18,,0.0,0
2026-10-05 03:08:12Z,CAR,in,0.879,Q4 7:16,13.0,9228,Bryce Young,QB,19.4,20.98,1.87,22.85,23.45,23.33,0.045,1.0,22.85,,0.0,0
2026-10-05 03:08:12Z,CAR,in,0.879,Q4 7:16,13.0,7694,Tommy Tremble,TE,3.8,5.2,0.42,5.62,5.72,5.66,0.318,1.0,5.62,,0.0,0
2026-10-05 03:08:12Z,CAR,in,0.879,Q4 7:16,13.0,8160,Kenny Pickett,QB,0.6,0.0,0.02,0.02,0.06,0.07,0.879,0.3,0.01,,0.0,0
2026-10-05 03:08:12Z,CAR,in,0.879,Q4 7:16,13.0,CAR,Carolina Panthers D/ST,DST,4.2,1.0,0.33,1.33,1.43,1.51,0.379,1.0,1.33,,0.0,0
2026-10-05 03:08:12Z,DET,in,0.879,Q4 7:16,-13.0,8250,Tay Martin,WR,0.8,0.0,0.14,0.14,0.08,0.1,0.879,1.0,0.14,,0.0,0
2026-10-05 03:08:12Z,DET,in,0.879,Q4 7:16,-13.0,4179,Joshua Dobbs,QB,0.6,0.0,0.1,0.1,0.06,0.07,0.879,0.3,0.03,,0.0,0
2026-10-05 03:08:12Z,DET,in,0.879,Q4 7:16,-13.0,9221,Jahmyr Gibbs,RB,25.7,15.3,3.36,18.66,18.19,18.41,0.021,1.0,18.66,,0.0,0
2026-10-05 03:08:12Z,DET,in,0.879,Q4 7:16,-13.0,3163,Jared Goff,QB,18.3,12.52,3.86,16.38,14.63,14.74,0.0,1.0,16.38,,0.0,0
2026-10-05 03:08:12Z,DET,in,0.879,Q4 7:16,-13.0,8148,Jameson Williams,WR,12.7,16.2,2.74,18.94,17.89,17.74,0.001,1.0,18.94,,0.0,0
2026-10-05 03:08:12Z,DET,in,0.879,Q4 7:16,-13.0,7891,Brock Wright,TE,1.5,1.8,0.32,2.12,2.0,1.98,0.269,1.0,2.12,,0.0,0
2026-10-05 03:08:12Z,DET,in,0.879,Q4 7:16,-13.0,7547,Amon-Ra St. Brown,WR,20.0,11.3,3.84,15.14,13.53,13.72,0.0,1.0,15.14,,0.0,0
2026-10-05 03:08:12Z,CAR,in,0.879,Q4 7:16,13.0,12526,Tetairoa McMillan,WR,16.4,41.0,2.42,43.42,43.79,42.99,0.066,1.0,43.42,,0.0,0
2026-10-05 03:08:12Z,CAR,in,0.879,Q4 7:16,13.0,11646,Jalen Coker,WR,8.5,0.0,0.54,0.54,0.8,1.03,0.879,1.0,0.54,,0.0,0
2026-10-05 03:08:12Z,DET,in,0.879,Q4 7:16,-13.0,DET,Detroit Lions D/ST,DST,5.7,2.0,0.1,2.1,2.6,2.69,0.117,1.0,2.1,,0.0,0
2026-10-05 03:08:12Z,DET,in,0.879,Q4 7:16,-13.0,11729,Sione Vaki,RB,2.6,2.7,0.39,3.09,3.03,3.01,0.501,0.548,2.92,,0.0,0
2026-10-05 03:08:12Z,CAR,in,0.879,Q4 7:16,13.0,11600,Ja'Tavion Sanders,TE,2.7,0.0,0.17,0.17,0.26,0.33,0.879,1.0,0.17,,0.0,0
2026-10-05 03:08:12Z,CAR,in,0.879,Q4 7:16,13.0,7594,Chuba Hubbard,RB,16.6,25.5,2.37,27.87,27.84,27.51,0.045,1.0,27.87,,0.0,0
2026-10-05 03:08:12Z,DET,in,0.879,Q4 7:16,-13.0,11539,Jake Bates,K,9.5,17.0,1.41,18.41,18.41,18.15,0.235,1.0,18.41,,0.0,0
2026-10-05 03:08:12Z,CAR,in,0.879,Q4 7:16,13.0,2505,Darren Waller,TE,8.8,6.6,0.78,7.38,7.63,7.67,0.045,1.0,7.38,,0.0,0
2026-10-05 03:09:12Z,CAR,in,0.881,Q4 7:10,13.0,11157,Brycen Tremayne,WR,5.6,5.2,0.52,5.72,5.88,5.87,0.205,1.0,5.72,,0.0,0
2026-10-05 03:09:12Z,CAR,in,0.881,Q4 7:10,13.0,12961,Ryan Fitzgerald,K,7.3,7.0,0.89,7.89,7.89,7.87,0.03,1.0,7.89,,0.0,0
2026-10-05 03:09:12Z,DET,in,0.881,Q4 7:10,-13.0,12535,Isaac TeSlaa,WR,5.3,6.7,1.13,7.83,7.39,7.33,0.251,1.0,7.83,,0.0,0
2026-10-05 03:09:12Z,DET,in,0.881,Q4 7:10,-13.0,10859,Sam LaPorta,TE,13.0,9.8,2.55,12.35,11.3,11.35,0.0,1.0,12.35,,0.0,0
2026-10-05 03:09:12Z,DET,in,0.881,Q4 7:10,-13.0,11237,Jacob Saylors,RB,1.7,0.0,0.17,0.17,0.16,0.2,0.881,1.0,0.17,,0.0,0
2026-10-05 03:09:12Z,CAR,in,0.881,Q4 7:10,13.0,9228,Bryce Young,QB,19.4,20.98,1.84,22.82,23.41,23.3,0.047,1.0,22.82,,0.0,0
2026-10-05 03:09:12Z,CAR,in,0.881,Q4 7:10,13.0,7694,Tommy Tremble,TE,3.8,5.2,0.41,5.61,5.71,5.65,0.319,1.0,5.61,,0.0,0
2026-10-05 03:09:12Z,CAR,in,0.881,Q4 7:10,13.0,8160,Kenny Pickett,QB,0.6,0.0,0.02,0.02,0.06,0.07,0.881,0.3,0.01,,0.0,0
2026-10-05 03:09:12Z,CAR,in,0.881,Q4 7:10,13.0,CAR,Carolina Panthers D/ST,DST,4.2,1.0,0.33,1.33,1.42,1.5,0.381,1.0,1.33,,0.0,0
2026-10-05 03:09:12Z,DET,in,0.881,Q4 7:10,-13.0,8250,Tay Martin,WR,0.8,0.0,0.14,0.14,0.07,0.1,0.881,1.0,0.14,,0.0,0
2026-10-05 03:09:12Z,DET,in,0.881,Q4 7:10,-13.0,4179,Joshua Dobbs,QB,0.6,0.0,0.1,0.1,0.06,0.07,0.881,0.3,0.03,,0.0,0
2026-10-05 03:09:12Z,DET,in,0.881,Q4 7:10,-13.0,9221,Jahmyr Gibbs,RB,25.7,15.3,3.32,18.62,18.15,18.37,0.023,1.0,18.62,,0.0,0
2026-10-05 03:09:12Z,DET,in,0.881,Q4 7:10,-13.0,3163,Jared Goff,QB,18.3,12.48,3.82,16.3,14.56,14.67,0.0,1.0,16.3,,0.0,0
2026-10-05 03:09:12Z,DET,in,0.881,Q4 7:10,-13.0,8148,Jameson Williams,WR,12.7,16.2,2.71,18.91,17.87,17.72,0.002,1.0,18.91,,0.0,0
2026-10-05 03:09:12Z,DET,in,0.881,Q4 7:10,-13.0,7891,Brock Wright,TE,1.5,1.8,0.32,2.12,1.99,1.98,0.271,1.0,2.12,,0.0,0
2026-10-05 03:09:12Z,DET,in,0.881,Q4 7:10,-13.0,7547,Amon-Ra St. Brown,WR,20.0,11.3,3.79,15.09,13.5,13.69,0.002,1.0,15.09,,0.0,0
2026-10-05 03:09:12Z,CAR,in,0.881,Q4 7:10,13.0,12526,Tetairoa McMillan,WR,16.4,41.0,2.39,43.39,43.75,42.96,0.068,1.0,43.39,,0.0,0
2026-10-05 03:09:12Z,CAR,in,0.881,Q4 7:10,13.0,11646,Jalen Coker,WR,8.5,0.0,0.53,0.53,0.79,1.02,0.881,1.0,0.53,,0.0,0
2026-10-05 03:09:12Z,DET,in,0.881,Q4 7:10,-13.0,DET,Detroit Lions D/ST,DST,5.7,2.0,0.1,2.1,2.59,2.68,0.119,1.0,2.1,,0.0,0
2026-10-05 03:09:12Z,DET,in,0.881,Q4 7:10,-13.0,11729,Sione Vaki,RB,2.6,2.7,0.39,3.09,3.02,3.01,0.503,0.545,2.91,,0.0,0
2026-10-05 03:09:12Z,CAR,in,0.881,Q4 7:10,13.0,11600,Ja'Tavion Sanders,TE,2.7,0.0,0.17,0.17,0.25,0.32,0.881,1.0,0.17,,0.0,0
2026-10-05 03:09:12Z,CAR,in,0.881,Q4 7:10,13.0,7594,Chuba Hubbard,RB,16.6,25.5,2.34,27.84,27.81,27.48,0.047,1.0,27.84,,0.0,0
2026-10-05 03:09:12Z,DET,in,0.881,Q4 7:10,-13.0,11539,Jake Bates,K,9.5,17.0,1.39,18.39,18.39,18.13,0.236,1.0,18.39,,0.0,0
2026-10-05 03:09:12Z,CAR,in,0.881,Q4 7:10,13.0,2505,Darren Waller,TE,8.8,6.6,0.77,7.37,7.62,7.65,0.047,1.0,7.37,,0.0,0
2026-10-05 03:10:13Z,CAR,in,0.881,Q4 7:10,13.0,11157,Brycen Tremayne,WR,5.6,5.2,0.52,5.72,5.88,5.87,0.205,1.0,5.72,,0.0,0
2026-10-05 03:10:13Z,CAR,in,0.881,Q4 7:10,13.0,12961,Ryan Fitzgerald,K,7.3,7.0,0.89,7.89,7.89,7.87,0.03,1.0,7.89,,0.0,0
2026-10-05 03:10:13Z,DET,in,0.881,Q4 7:10,-13.0,12535,Isaac TeSlaa,WR,5.3,6.7,1.13,7.83,7.39,7.33,0.251,1.0,7.83,,0.0,0
2026-10-05 03:10:13Z,DET,in,0.881,Q4 7:10,-13.0,10859,Sam LaPorta,TE,13.0,9.8,2.55,12.35,11.3,11.35,0.0,1.0,12.35,,0.0,0
2026-10-05 03:10:13Z,DET,in,0.881,Q4 7:10,-13.0,11237,Jacob Saylors,RB,1.7,0.0,0.17,0.17,0.16,0.2,0.881,1.0,0.17,,0.0,0
2026-10-05 03:10:13Z,CAR,in,0.881,Q4 7:10,13.0,9228,Bryce Young,QB,19.4,20.98,1.84,22.82,23.41,23.3,0.047,1.0,22.82,,0.0,0
2026-10-05 03:10:13Z,CAR,in,0.881,Q4 7:10,13.0,7694,Tommy Tremble,TE,3.8,5.2,0.41,5.61,5.71,5.65,0.319,1.0,5.61,,0.0,0
2026-10-05 03:10:13Z,CAR,in,0.881,Q4 7:10,13.0,8160,Kenny Pickett,QB,0.6,0.0,0.02,0.02,0.06,0.07,0.881,0.3,0.01,,0.0,0
2026-10-05 03:10:13Z,CAR,in,0.881,Q4 7:10,13.0,CAR,Carolina Panthers D/ST,DST,4.2,1.0,0.33,1.33,1.42,1.5,0.381,1.0,1.33,,0.0,0
2026-10-05 03:10:13Z,DET,in,0.881,Q4 7:10,-13.0,8250,Tay Martin,WR,0.8,0.0,0.14,0.14,0.07,0.1,0.881,1.0,0.14,,0.0,0
2026-10-05 03:10:13Z,DET,in,0.881,Q4 7:10,-13.0,4179,Joshua Dobbs,QB,0.6,0.0,0.1,0.1,0.06,0.07,0.881,0.3,0.03,,0.0,0
2026-10-05 03:10:13Z,DET,in,0.881,Q4 7:10,-13.0,9221,Jahmyr Gibbs,RB,25.7,15.3,3.32,18.62,18.15,18.37,0.023,1.0,18.62,,0.0,0
2026-10-05 03:10:13Z,DET,in,0.881,Q4 7:10,-13.0,3163,Jared Goff,QB,18.3,12.48,3.82,16.3,14.56,14.67,0.0,1.0,16.3,,0.0,0
2026-10-05 03:10:13Z,DET,in,0.881,Q4 7:10,-13.0,8148,Jameson Williams,WR,12.7,16.2,2.71,18.91,17.87,17.72,0.002,1.0,18.91,,0.0,0
2026-10-05 03:10:13Z,DET,in,0.881,Q4 7:10,-13.0,7891,Brock Wright,TE,1.5,1.8,0.32,2.12,1.99,1.98,0.271,1.0,2.12,,0.0,0
2026-10-05 03:10:13Z,DET,in,0.881,Q4 7:10,-13.0,7547,Amon-Ra St. Brown,WR,20.0,11.3,3.79,15.09,13.5,13.69,0.002,1.0,15.09,,0.0,0
2026-10-05 03:10:13Z,CAR,in,0.881,Q4 7:10,13.0,12526,Tetairoa McMillan,WR,16.4,41.0,2.39,43.39,43.75,42.96,0.068,1.0,43.39,,0.0,0
2026-10-05 03:10:13Z,CAR,in,0.881,Q4 7:10,13.0,11646,Jalen Coker,WR,8.5,0.0,0.53,0.53,0.79,1.02,0.881,1.0,0.53,,0.0,0
2026-10-05 03:10:13Z,DET,in,0.881,Q4 7:10,-13.0,DET,Detroit Lions D/ST,DST,5.7,2.0,0.1,2.1,2.59,2.68,0.119,1.0,2.1,,0.0,0
2026-10-05 03:10:13Z,DET,in,0.881,Q4 7:10,-13.0,11729,Sione Vaki,RB,2.6,2.7,0.39,3.09,3.02,3.01,0.503,0.545,2.91,,0.0,0
2026-10-05 03:10:13Z,CAR,in,0.881,Q4 7:10,13.0,11600,Ja'Tavion Sanders,TE,2.7,0.0,0.17,0.17,0.25,0.32,0.881,1.0,0.17,,0.0,0
2026-10-05 03:10:13Z,CAR,in,0.881,Q4 7:10,13.0,7594,Chuba Hubbard,RB,16.6,25.5,2.34,27.84,27.81,27.48,0.047,1.0,27.84,,0.0,0
2026-10-05 03:10:13Z,DET,in,0.881,Q4 7:10,-13.0,11539,Jake Bates,K,9.5,17.0,1.39,18.39,18.39,18.13,0.236,1.0,18.39,,0.0,0
2026-10-05 03:10:13Z,CAR,in,0.881,Q4 7:10,13.0,2505,Darren Waller,TE,8.8,6.6,0.77,7.37,7.62,7.65,0.047,1.0,7.37,,0.0,0
2026-10-05 03:11:13Z,CAR,in,0.881,Q4 7:10,13.0,11157,Brycen Tremayne,WR,5.6,5.2,0.52,5.72,5.88,5.87,0.205,1.0,5.72,,0.0,0
2026-10-05 03:11:13Z,CAR,in,0.881,Q4 7:10,13.0,12961,Ryan Fitzgerald,K,7.3,7.0,0.89,7.89,7.89,7.87,0.03,1.0,7.89,,0.0,0
2026-10-05 03:11:13Z,DET,in,0.881,Q4 7:10,-13.0,12535,Isaac TeSlaa,WR,5.3,6.7,1.13,7.83,7.39,7.33,0.251,1.0,7.83,,0.0,0
2026-10-05 03:11:13Z,DET,in,0.881,Q4 7:10,-13.0,10859,Sam LaPorta,TE,13.0,9.8,2.55,12.35,11.3,11.35,0.0,1.0,12.35,,0.0,0
2026-10-05 03:11:13Z,DET,in,0.881,Q4 7:10,-13.0,11237,Jacob Saylors,RB,1.7,0.0,0.17,0.17,0.16,0.2,0.881,1.0,0.17,,0.0,0
2026-10-05 03:11:13Z,CAR,in,0.881,Q4 7:10,13.0,9228,Bryce Young,QB,19.4,20.98,1.84,22.82,23.41,23.3,0.047,1.0,22.82,,0.0,0
2026-10-05 03:11:13Z,CAR,in,0.881,Q4 7:10,13.0,7694,Tommy Tremble,TE,3.8,5.2,0.41,5.61,5.71,5.65,0.319,1.0,5.61,,0.0,0
2026-10-05 03:11:13Z,CAR,in,0.881,Q4 7:10,13.0,8160,Kenny Pickett,QB,0.6,0.0,0.02,0.02,0.06,0.07,0.881,0.3,0.01,,0.0,0
2026-10-05 03:11:13Z,CAR,in,0.881,Q4 7:10,13.0,CAR,Carolina Panthers D/ST,DST,4.2,1.0,0.33,1.33,1.42,1.5,0.381,1.0,1.33,,0.0,0
2026-10-05 03:11:13Z,DET,in,0.881,Q4 7:10,-13.0,8250,Tay Martin,WR,0.8,0.0,0.14,0.14,0.07,0.1,0.881,1.0,0.14,,0.0,0
2026-10-05 03:11:13Z,DET,in,0.881,Q4 7:10,-13.0,4179,Joshua Dobbs,QB,0.6,0.0,0.1,0.1,0.06,0.07,0.881,0.3,0.03,,0.0,0
2026-10-05 03:11:13Z,DET,in,0.881,Q4 7:10,-13.0,9221,Jahmyr Gibbs,RB,25.7,15.3,3.32,18.62,18.15,18.37,0.023,1.0,18.62,,0.0,0
2026-10-05 03:11:13Z,DET,in,0.881,Q4 7:10,-13.0,3163,Jared Goff,QB,18.3,12.48,3.82,16.3,14.56,14.67,0.0,1.0,16.3,,0.0,0
2026-10-05 03:11:13Z,DET,in,0.881,Q4 7:10,-13.0,8148,Jameson Williams,WR,12.7,16.2,2.71,18.91,17.87,17.72,0.002,1.0,18.91,,0.0,0
2026-10-05 03:11:13Z,DET,in,0.881,Q4 7:10,-13.0,7891,Brock Wright,TE,1.5,1.8,0.32,2.12,1.99,1.98,0.271,1.0,2.12,,0.0,0
2026-10-05 03:11:13Z,DET,in,0.881,Q4 7:10,-13.0,7547,Amon-Ra St. Brown,WR,20.0,11.3,3.79,15.09,13.5,13.69,0.002,1.0,15.09,,0.0,0
2026-10-05 03:11:13Z,CAR,in,0.881,Q4 7:10,13.0,12526,Tetairoa McMillan,WR,16.4,41.0,2.39,43.39,43.75,42.96,0.068,1.0,43.39,,0.0,0
2026-10-05 03:11:13Z,CAR,in,0.881,Q4 7:10,13.0,11646,Jalen Coker,WR,8.5,0.0,0.53,0.53,0.79,1.02,0.881,1.0,0.53,,0.0,0
2026-10-05 03:11:13Z,DET,in,0.881,Q4 7:10,-13.0,DET,Detroit Lions D/ST,DST,5.7,2.0,0.1,2.1,2.59,2.68,0.119,1.0,2.1,,0.0,0
2026-10-05 03:11:13Z,DET,in,0.881,Q4 7:10,-13.0,11729,Sione Vaki,RB,2.6,2.7,0.39,3.09,3.02,3.01,0.503,0.545,2.91,,0.0,0
2026-10-05 03:11:13Z,CAR,in,0.881,Q4 7:10,13.0,11600,Ja'Tavion Sanders,TE,2.7,0.0,0.17,0.17,0.25,0.32,0.881,1.0,0.17,,0.0,0
2026-10-05 03:11:13Z,CAR,in,0.881,Q4 7:10,13.0,7594,Chuba Hubbard,RB,16.6,25.5,2.34,27.84,27.81,27.48,0.047,1.0,27.84,,0.0,0
2026-10-05 03:11:13Z,DET,in,0.881,Q4 7:10,-13.0,11539,Jake Bates,K,9.5,17.0,1.39,18.39,18.39,18.13,0.236,1.0,18.39,,0.0,0
2026-10-05 03:11:13Z,CAR,in,0.881,Q4 7:10,13.0,2505,Darren Waller,TE,8.8,6.6,0.77,7.37,7.62,7.65,0.047,1.0,7.37,,0.0,0
2026-10-05 03:12:13Z,CAR,in,0.883,Q4 7:02,13.0,11157,Brycen Tremayne,WR,5.6,5.2,0.51,5.71,5.86,5.86,0.207,1.0,5.71,,0.0,0
2026-10-05 03:12:13Z,CAR,in,0.883,Q4 7:02,13.0,12961,Ryan Fitzgerald,K,7.3,7.0,0.87,7.87,7.87,7.86,0.032,1.0,7.87,,0.0,0
2026-10-05 03:12:13Z,DET,in,0.883,Q4 7:02,-13.0,12535,Isaac TeSlaa,WR,5.3,6.7,1.11,7.81,7.38,7.32,0.253,1.0,7.81,,0.0,0
2026-10-05 03:12:13Z,DET,in,0.883,Q4 7:02,-13.0,10859,Sam LaPorta,TE,13.0,9.8,2.51,12.31,11.27,11.32,0.002,1.0,12.31,,0.0,0
2026-10-05 03:12:13Z,DET,in,0.883,Q4 7:02,-13.0,11237,Jacob Saylors,RB,1.7,0.0,0.17,0.17,0.16,0.2,0.883,1.0,0.17,,0.0,0
2026-10-05 03:12:13Z,CAR,in,0.883,Q4 7:02,13.0,9228,Bryce Young,QB,19.4,20.98,1.81,22.79,23.37,23.25,0.049,1.0,22.79,,0.0,0
2026-10-05 03:12:13Z,CAR,in,0.883,Q4 7:02,13.0,7694,Tommy Tremble,TE,3.8,5.2,0.4,5.6,5.7,5.65,0.322,1.0,5.6,,0.0,0
2026-10-05 03:12:13Z,CAR,in,0.883,Q4 7:02,13.0,8160,Kenny Pickett,QB,0.6,0.0,0.02,0.02,0.05,0.07,0.883,0.3,0.01,,0.0,0
2026-10-05 03:12:13Z,CAR,in,0.883,Q4 7:02,13.0,CAR,Carolina Panthers D/ST,DST,4.2,1.0,0.33,1.33,1.41,1.49,0.383,1.0,1.33,,0.0,0
2026-10-05 03:12:13Z,DET,in,0.883,Q4 7:02,-13.0,8250,Tay Martin,WR,0.8,0.0,0.13,0.13,0.07,0.09,0.883,1.0,0.13,,0.0,0
2026-10-05 03:12:13Z,DET,in,0.883,Q4 7:02,-13.0,4179,Joshua Dobbs,QB,0.6,0.0,0.1,0.1,0.05,0.07,0.883,0.3,0.03,,0.0,0
2026-10-05 03:12:13Z,DET,in,0.883,Q4 7:02,-13.0,9221,Jahmyr Gibbs,RB,25.7,15.3,3.26,18.56,18.1,18.31,0.025,1.0,18.56,,0.0,0
2026-10-05 03:12:13Z,DET,in,0.883,Q4 7:02,-13.0,3163,Jared Goff,QB,18.3,12.72,3.77,16.49,14.76,14.87,0.0,1.0,16.49,,0.0,0
2026-10-05 03:12:13Z,DET,in,0.883,Q4 7:02,-13.0,8148,Jameson Williams,WR,12.7,16.2,2.67,18.87,17.83,17.69,0.005,1.0,18.87,,0.0,0
2026-10-05 03:12:13Z,DET,in,0.883,Q4 7:02,-13.0,7891,Brock Wright,TE,1.5,1.8,0.31,2.11,1.99,1.98,0.273,1.0,2.11,,0.0,0
2026-10-05 03:12:13Z,DET,in,0.883,Q4 7:02,-13.0,7547,Amon-Ra St. Brown,WR,20.0,12.9,3.79,16.69,15.11,15.24,0.0,1.0,16.69,,0.0,0
2026-10-05 03:12:13Z,CAR,in,0.883,Q4 7:02,13.0,12526,Tetairoa McMillan,WR,16.4,41.0,2.35,43.35,43.7,42.92,0.07,1.0,43.35,,0.0,0
2026-10-05 03:12:13Z,CAR,in,0.883,Q4 7:02,13.0,11646,Jalen Coker,WR,8.5,0.0,0.52,0.52,0.78,1.0,0.883,1.0,0.52,,0.0,0
2026-10-05 03:12:13Z,DET,in,0.883,Q4 7:02,-13.0,DET,Detroit Lions D/ST,DST,5.7,2.0,0.1,2.1,2.58,2.67,0.121,1.0,2.1,,0.0,0
2026-10-05 03:12:13Z,DET,in,0.883,Q4 7:02,-13.0,11729,Sione Vaki,RB,2.6,2.7,0.38,3.08,3.02,3.0,0.505,0.542,2.91,,0.0,0
2026-10-05 03:12:13Z,CAR,in,0.883,Q4 7:02,13.0,11600,Ja'Tavion Sanders,TE,2.7,0.0,0.17,0.17,0.25,0.32,0.883,1.0,0.17,,0.0,0
2026-10-05 03:12:13Z,CAR,in,0.883,Q4 7:02,13.0,7594,Chuba Hubbard,RB,16.6,25.5,2.3,27.8,27.76,27.45,0.049,1.0,27.8,,0.0,0
2026-10-05 03:12:13Z,DET,in,0.883,Q4 7:02,-13.0,11539,Jake Bates,K,9.5,17.0,1.37,18.37,18.37,18.11,0.239,1.0,18.37,,0.0,0
2026-10-05 03:12:13Z,CAR,in,0.883,Q4 7:02,13.0,2505,Darren Waller,TE,8.8,6.6,0.76,7.36,7.6,7.63,0.049,1.0,7.36,,0.0,0
2026-10-05 03:13:14Z,CAR,in,0.883,Q4 7:02,13.0,11157,Brycen Tremayne,WR,5.6,5.2,0.51,5.71,5.86,5.86,0.207,1.0,5.71,,0.0,0
2026-10-05 03:13:14Z,CAR,in,0.883,Q4 7:02,13.0,12961,Ryan Fitzgerald,K,7.3,7.0,0.87,7.87,7.87,7.86,0.032,1.0,7.87,,0.0,0
2026-10-05 03:13:14Z,DET,in,0.883,Q4 7:02,-13.0,12535,Isaac TeSlaa,WR,5.3,6.7,1.11,7.81,7.38,7.32,0.253,1.0,7.81,,0.0,0
2026-10-05 03:13:14Z,DET,in,0.883,Q4 7:02,-13.0,10859,Sam LaPorta,TE,13.0,9.8,2.51,12.31,11.27,11.32,0.002,1.0,12.31,,0.0,0
2026-10-05 03:13:14Z,DET,in,0.883,Q4 7:02,-13.0,11237,Jacob Saylors,RB,1.7,0.0,0.17,0.17,0.16,0.2,0.883,1.0,0.17,,0.0,0
2026-10-05 03:13:14Z,CAR,in,0.883,Q4 7:02,13.0,9228,Bryce Young,QB,19.4,20.98,1.81,22.79,23.37,23.25,0.049,1.0,22.79,,0.0,0
2026-10-05 03:13:14Z,CAR,in,0.883,Q4 7:02,13.0,7694,Tommy Tremble,TE,3.8,5.2,0.4,5.6,5.7,5.65,0.322,1.0,5.6,,0.0,0
2026-10-05 03:13:14Z,CAR,in,0.883,Q4 7:02,13.0,8160,Kenny Pickett,QB,0.6,0.0,0.02,0.02,0.05,0.07,0.883,0.3,0.01,,0.0,0
2026-10-05 03:13:14Z,CAR,in,0.883,Q4 7:02,13.0,CAR,Carolina Panthers D/ST,DST,4.2,1.0,0.33,1.33,1.41,1.49,0.383,1.0,1.33,,0.0,0
2026-10-05 03:13:14Z,DET,in,0.883,Q4 7:02,-13.0,8250,Tay Martin,WR,0.8,0.0,0.13,0.13,0.07,0.09,0.883,1.0,0.13,,0.0,0
2026-10-05 03:13:14Z,DET,in,0.883,Q4 7:02,-13.0,4179,Joshua Dobbs,QB,0.6,0.0,0.1,0.1,0.05,0.07,0.883,0.3,0.03,,0.0,0
2026-10-05 03:13:14Z,DET,in,0.883,Q4 7:02,-13.0,9221,Jahmyr Gibbs,RB,25.7,15.3,3.26,18.56,18.1,18.31,0.025,1.0,18.56,,0.0,0
2026-10-05 03:13:14Z,DET,in,0.883,Q4 7:02,-13.0,3163,Jared Goff,QB,18.3,12.64,3.77,16.41,14.68,14.79,0.0,1.0,16.41,,0.0,0
2026-10-05 03:13:14Z,DET,in,0.883,Q4 7:02,-13.0,8148,Jameson Williams,WR,12.7,16.2,2.67,18.87,17.83,17.69,0.005,1.0,18.87,,0.0,0
2026-10-05 03:13:14Z,DET,in,0.883,Q4 7:02,-13.0,7891,Brock Wright,TE,1.5,1.8,0.31,2.11,1.99,1.98,0.273,1.0,2.11,,0.0,0
2026-10-05 03:13:14Z,DET,in,0.883,Q4 7:02,-13.0,7547,Amon-Ra St. Brown,WR,20.0,12.7,3.78,16.48,14.9,15.04,0.0,1.0,16.48,,0.0,0
2026-10-05 03:13:14Z,CAR,in,0.883,Q4 7:02,13.0,12526,Tetairoa McMillan,WR,16.4,41.0,2.35,43.35,43.7,42.92,0.07,1.0,43.35,,0.0,0
2026-10-05 03:13:14Z,CAR,in,0.883,Q4 7:02,13.0,11646,Jalen Coker,WR,8.5,0.0,0.52,0.52,0.78,1.0,0.883,1.0,0.52,,0.0,0
2026-10-05 03:13:14Z,DET,in,0.883,Q4 7:02,-13.0,DET,Detroit Lions D/ST,DST,5.7,2.0,0.1,2.1,2.58,2.67,0.121,1.0,2.1,,0.0,0
2026-10-05 03:13:14Z,DET,in,0.883,Q4 7:02,-13.0,11729,Sione Vaki,RB,2.6,2.7,0.38,3.08,3.02,3.0,0.505,0.542,2.91,,0.0,0
2026-10-05 03:13:14Z,CAR,in,0.883,Q4 7:02,13.0,11600,Ja'Tavion Sanders,TE,2.7,0.0,0.17,0.17,0.25,0.32,0.883,1.0,0.17,,0.0,0
2026-10-05 03:13:14Z,CAR,in,0.883,Q4 7:02,13.0,7594,Chuba Hubbard,RB,16.6,25.5,2.3,27.8,27.76,27.45,0.049,1.0,27.8,,0.0,0
2026-10-05 03:13:14Z,DET,in,0.883,Q4 7:02,-13.0,11539,Jake Bates,K,9.5,17.0,1.37,18.37,18.37,18.11,0.239,1.0,18.37,,0.0,0
2026-10-05 03:13:14Z,CAR,in,0.883,Q4 7:02,13.0,2505,Darren Waller,TE,8.8,6.6,0.76,7.36,7.6,7.63,0.049,1.0,7.36,,0.0,0
2026-10-05 03:14:14Z,CAR,in,0.882,Q4 7:04,13.0,11157,Brycen Tremayne,WR,5.6,5.2,0.52,5.72,5.87,5.86,0.207,1.0,5.72,,0.0,0
2026-10-05 03:14:14Z,CAR,in,0.882,Q4 7:04,13.0,12961,Ryan Fitzgerald,K,7.3,7.0,0.88,7.88,7.88,7.86,0.032,1.0,7.88,,0.0,0
2026-10-05 03:14:14Z,DET,in,0.882,Q4 7:04,-13.0,12535,Isaac TeSlaa,WR,5.3,6.7,1.12,7.82,7.38,7.32,0.252,1.0,7.82,,0.0,0
2026-10-05 03:14:14Z,DET,in,0.882,Q4 7:04,-13.0,10859,Sam LaPorta,TE,13.0,9.8,2.52,12.32,11.28,11.33,0.002,1.0,12.32,,0.0,0
2026-10-05 03:14:14Z,DET,in,0.882,Q4 7:04,-13.0,11237,Jacob Saylors,RB,1.7,0.0,0.17,0.17,0.16,0.2,0.882,1.0,0.17,,0.0,0
2026-10-05 03:14:14Z,CAR,in,0.882,Q4 7:04,13.0,9228,Bryce Young,QB,19.4,20.98,1.81,22.79,23.38,23.26,0.048,1.0,22.79,,0.0,0
2026-10-05 03:14:14Z,CAR,in,0.882,Q4 7:04,13.0,7694,Tommy Tremble,TE,3.8,5.2,0.41,5.61,5.7,5.65,0.321,1.0,5.61,,0.0,0
2026-10-05 03:14:14Z,CAR,in,0.882,Q4 7:04,13.0,8160,Kenny Pickett,QB,0.6,0.0,0.02,0.02,0.06,0.07,0.882,0.3,0.01,,0.0,0
2026-10-05 03:14:14Z,CAR,in,0.882,Q4 7:04,13.0,CAR,Carolina Panthers D/ST,DST,4.2,1.0,0.33,1.33,1.42,1.49,0.382,1.0,1.33,,0.0,0
2026-10-05 03:14:14Z,DET,in,0.882,Q4 7:04,-13.0,8250,Tay Martin,WR,0.8,0.0,0.14,0.14,0.07,0.09,0.882,1.0,0.14,,0.0,0
2026-10-05 03:14:14Z,DET,in,0.882,Q4 7:04,-13.0,4179,Joshua Dobbs,QB,0.6,0.0,0.1,0.1,0.06,0.07,0.882,0.3,0.03,,0.0,0
2026-10-05 03:14:14Z,DET,in,0.882,Q4 7:04,-13.0,9221,Jahmyr Gibbs,RB,25.7,15.3,3.28,18.58,18.11,18.33,0.024,1.0,18.58,,0.0,0
2026-10-05 03:14:14Z,DET,in,0.882,Q4 7:04,-13.0,3163,Jared Goff,QB,18.3,12.64,3.78,16.42,14.69,14.8,0.0,1.0,16.42,,0.0,0
2026-10-05 03:14:14Z,DET,in,0.882,Q4 7:04,-13.0,8148,Jameson Williams,WR,12.7,16.2,2.68,18.88,17.84,17.7,0.004,1.0,18.88,,0.0,0
2026-10-05 03:14:14Z,DET,in,0.882,Q4 7:04,-13.0,7891,Brock Wright,TE,1.5,1.8,0.31,2.11,1.99,1.98,0.272,1.0,2.11,,0.0,0
2026-10-05 03:14:14Z,DET,in,0.882,Q4 7:04,-13.0,7547,Amon-Ra St. Brown,WR,20.0,12.7,3.8,16.5,14.91,15.06,0.0,1.0,16.5,,0.0,0
2026-10-05 03:14:14Z,CAR,in,0.882,Q4 7:04,13.0,12526,Tetairoa McMillan,WR,16.4,41.0,2.36,43.36,43.71,42.93,0.069,1.0,43.36,,0.0,0
2026-10-05 03:14:14Z,CAR,in,0.882,Q4 7:04,13.0,11646,Jalen Coker,WR,8.5,0.0,0.52,0.52,0.78,1.0,0.882,1.0,0.52,,0.0,0
2026-10-05 03:14:14Z,DET,in,0.882,Q4 7:04,-13.0,DET,Detroit Lions D/ST,DST,5.7,2.0,0.1,2.1,2.58,2.67,0.121,1.0,2.1,,0.0,0
2026-10-05 03:14:14Z,DET,in,0.882,Q4 7:04,-13.0,11729,Sione Vaki,RB,2.6,2.7,0.38,3.08,3.02,3.01,0.505,0.543,2.91,,0.0,0
2026-10-05 03:14:14Z,CAR,in,0.882,Q4 7:04,13.0,11600,Ja'Tavion Sanders,TE,2.7,0.0,0.17,0.17,0.25,0.32,0.882,1.0,0.17,,0.0,0
2026-10-05 03:14:14Z,CAR,in,0.882,Q4 7:04,13.0,7594,Chuba Hubbard,RB,16.6,25.5,2.31,27.81,27.77,27.46,0.048,1.0,27.81,,0.0,0
2026-10-05 03:14:14Z,DET,in,0.882,Q4 7:04,-13.0,11539,Jake Bates,K,9.5,17.0,1.37,18.37,18.37,18.12,0.238,1.0,18.37,,0.0,0
2026-10-05 03:14:14Z,CAR,in,0.882,Q4 7:04,13.0,2505,Darren Waller,TE,8.8,6.6,0.76,7.36,7.6,7.64,0.048,1.0,7.36,,0.0,0
2026-10-05 03:15:15Z,CAR,in,0.894,Q4 6:21,13.0,11157,Brycen Tremayne,WR,5.6,5.2,0.47,5.67,5.8,5.79,0.219,1.0,5.67,,0.0,0
2026-10-05 03:15:15Z,CAR,in,0.894,Q4 6:21,13.0,12961,Ryan Fitzgerald,K,7.3,7.0,0.79,7.79,7.79,7.77,0.044,1.0,7.79,,0.0,0
2026-10-05 03:15:15Z,DET,in,0.894,Q4 6:21,-13.0,12535,Isaac TeSlaa,WR,5.3,6.7,1.02,7.72,7.31,7.26,0.264,1.0,7.72,,0.0,0
2026-10-05 03:15:15Z,DET,in,0.894,Q4 6:21,-13.0,10859,Sam LaPorta,TE,13.0,9.8,2.31,12.11,11.13,11.18,0.014,1.0,12.11,,0.0,0
2026-10-05 03:15:15Z,DET,in,0.894,Q4 6:21,-13.0,11237,Jacob Saylors,RB,1.7,0.0,0.15,0.15,0.14,0.18,0.894,1.0,0.15,,0.0,0
2026-10-05 03:15:15Z,CAR,in,0.894,Q4 6:21,13.0,9228,Bryce Young,QB,19.4,20.98,1.63,22.61,23.13,23.03,0.06,1.0,22.61,,0.0,0
2026-10-05 03:15:15Z,CAR,in,0.894,Q4 6:21,13.0,7694,Tommy Tremble,TE,3.8,5.2,0.37,5.57,5.65,5.6,0.333,1.0,5.57,,0.0,0
2026-10-05 03:15:15Z,CAR,in,0.894,Q4 6:21,13.0,8160,Kenny Pickett,QB,0.6,0.0,0.02,0.02,0.05,0.06,0.894,0.3,0.01,,0.0,0
2026-10-05 03:15:15Z,CAR,in,0.894,Q4 6:21,13.0,CAR,Carolina Panthers D/ST,DST,4.2,1.0,0.31,1.31,1.37,1.44,0.394,1.0,1.31,,0.0,0
2026-10-05 03:15:15Z,DET,in,0.894,Q4 6:21,-13.0,8250,Tay Martin,WR,0.8,0.0,0.12,0.12,0.07,0.08,0.894,1.0,0.12,,0.0,0
2026-10-05 03:15:15Z,DET,in,0.894,Q4 6:21,-13.0,4179,Joshua Dobbs,QB,0.6,0.0,0.09,0.09,0.05,0.06,0.894,0.3,0.03,,0.0,0
2026-10-05 03:15:15Z,DET,in,0.894,Q4 6:21,-13.0,9221,Jahmyr Gibbs,RB,25.7,16.2,3.01,19.21,18.74,18.92,0.0,1.0,19.21,,0.0,0
2026-10-05 03:15:15Z,DET,in,0.894,Q4 6:21,-13.0,3163,Jared Goff,QB,18.3,12.64,3.47,16.11,14.48,14.58,0.011,1.0,16.11,,0.0,0
2026-10-05 03:15:15Z,DET,in,0.894,Q4 6:21,-13.0,8148,Jameson Williams,WR,12.7,16.2,2.46,18.66,17.67,17.54,0.016,1.0,18.66,,0.0,0
2026-10-05 03:15:15Z,DET,in,0.894,Q4 6:21,-13.0,7891,Brock Wright,TE,1.5,1.8,0.29,2.09,1.97,1.96,0.284,1.0,2.09,,0.0,0
2026-10-05 03:15:15Z,DET,in,0.894,Q4 6:21,-13.0,7547,Amon-Ra St. Brown,WR,20.0,12.7,3.48,16.18,14.68,14.82,0.011,1.0,16.18,,0.0,0
2026-10-05 03:15:15Z,CAR,in,0.894,Q4 6:21,13.0,12526,Tetairoa McMillan,WR,16.4,41.0,2.16,43.16,43.43,42.74,0.081,1.0,43.16,,0.0,0
2026-10-05 03:15:15Z,CAR,in,0.894,Q4 6:21,13.0,11646,Jalen Coker,WR,8.5,0.0,0.46,0.46,0.7,0.9,0.894,1.0,0.46,,0.0,0
2026-10-05 03:15:15Z,DET,in,0.894,Q4 6:21,-13.0,DET,Detroit Lions D/ST,DST,5.7,2.0,0.1,2.1,2.52,2.6,0.132,1.0,2.1,,0.0,0
2026-10-05 03:15:15Z,DET,in,0.894,Q4 6:21,-13.0,11729,Sione Vaki,RB,2.6,2.7,0.35,3.05,2.99,2.98,0.517,0.525,2.88,,0.0,0
2026-10-05 03:15:15Z,CAR,in,0.894,Q4 6:21,13.0,11600,Ja'Tavion Sanders,TE,2.7,0.0,0.15,0.15,0.22,0.29,0.894,1.0,0.15,,0.0,0
2026-10-05 03:15:15Z,CAR,in,0.894,Q4 6:21,13.0,7594,Chuba Hubbard,RB,16.6,25.7,2.1,27.8,27.74,27.46,0.0,1.0,27.8,,0.0,0
2026-10-05 03:15:15Z,DET,in,0.894,Q4 6:21,-13.0,11539,Jake Bates,K,9.5,17.0,1.23,18.23,18.23,18.01,0.25,1.0,18.23,,0.0,0
2026-10-05 03:15:15Z,CAR,in,0.894,Q4 6:21,13.0,2505,Darren Waller,TE,8.8,6.6,0.68,7.28,7.5,7.53,0.06,1.0,7.28,,0.0,0
2026-10-05 03:16:15Z,CAR,in,0.894,Q4 6:20,13.0,11157,Brycen Tremayne,WR,5.6,5.2,0.46,5.66,5.8,5.79,0.219,1.0,5.66,,0.0,0
2026-10-05 03:16:15Z,CAR,in,0.894,Q4 6:20,13.0,12961,Ryan Fitzgerald,K,7.3,7.0,0.78,7.78,7.78,7.77,0.044,1.0,7.78,,0.0,0
2026-10-05 03:16:15Z,DET,in,0.894,Q4 6:20,-13.0,12535,Isaac TeSlaa,WR,5.3,6.7,1.02,7.72,7.31,7.26,0.264,1.0,7.72,,0.0,0
2026-10-05 03:16:15Z,DET,in,0.894,Q4 6:20,-13.0,10859,Sam LaPorta,TE,13.0,9.8,2.3,12.1,11.12,11.17,0.014,1.0,12.1,,0.0,0
2026-10-05 03:16:15Z,DET,in,0.894,Q4 6:20,-13.0,11237,Jacob Saylors,RB,1.7,0.0,0.15,0.15,0.14,0.18,0.894,1.0,0.15,,0.0,0
2026-10-05 03:16:15Z,CAR,in,0.894,Q4 6:20,13.0,9228,Bryce Young,QB,19.4,20.98,1.62,22.6,23.12,23.03,0.061,1.0,22.6,,0.0,0
2026-10-05 03:16:15Z,CAR,in,0.894,Q4 6:20,13.0,7694,Tommy Tremble,TE,3.8,5.2,0.37,5.57,5.65,5.6,0.333,1.0,5.57,,0.0,0
2026-10-05 03:16:15Z,CAR,in,0.894,Q4 6:20,13.0,8160,Kenny Pickett,QB,0.6,0.0,0.02,0.02,0.05,0.06,0.894,0.3,0.01,,0.0,0
2026-10-05 03:16:15Z,CAR,in,0.894,Q4 6:20,13.0,CAR,Carolina Panthers D/ST,DST,4.2,1.0,0.31,1.31,1.37,1.44,0.394,1.0,1.31,,0.0,0
2026-10-05 03:16:15Z,DET,in,0.894,Q4 6:20,-13.0,8250,Tay Martin,WR,0.8,0.0,0.12,0.12,0.07,0.08,0.894,1.0,0.12,,0.0,0
2026-10-05 03:16:15Z,DET,in,0.894,Q4 6:20,-13.0,4179,Joshua Dobbs,QB,0.6,0.0,0.09,0.09,0.05,0.06,0.894,0.3,0.03,,0.0,0
2026-10-05 03:16:15Z,DET,in,0.894,Q4 6:20,-13.0,9221,Jahmyr Gibbs,RB,25.7,16.2,3.0,19.2,18.73,18.91,0.0,1.0,19.2,,0.0,0
2026-10-05 03:16:15Z,DET,in,0.894,Q4 6:20,-13.0,3163,Jared Goff,QB,18.3,13.0,3.48,16.48,14.84,14.93,0.0,1.0,16.48,,0.0,0
2026-10-05 03:16:15Z,DET,in,0.894,Q4 6:20,-13.0,8148,Jameson Williams,WR,12.7,16.2,2.45,18.65,17.67,17.54,0.016,1.0,18.65,,0.0,0
2026-10-05 03:16:15Z,DET,in,0.894,Q4 6:20,-13.0,7891,Brock Wright,TE,1.5,1.8,0.29,2.09,1.97,1.96,0.284,1.0,2.09,,0.0,0
2026-10-05 03:16:15Z,DET,in,0.894,Q4 6:20,-13.0,7547,Amon-Ra St. Brown,WR,20.0,12.7,3.47,16.17,14.67,14.81,0.012,1.0,16.17,,0.0,0
2026-10-05 03:16:15Z,CAR,in,0.894,Q4 6:20,13.0,12526,Tetairoa McMillan,WR,16.4,41.0,2.15,43.15,43.43,42.73,0.082,1.0,43.15,,0.0,0
2026-10-05 03:16:15Z,CAR,in,0.894,Q4 6:20,13.0,11646,Jalen Coker,WR,8.5,0.0,0.46,0.46,0.7,0.9,0.894,1.0,0.46,,0.0,0
2026-10-05 03:16:15Z,DET,in,0.894,Q4 6:20,-13.0,DET,Detroit Lions D/ST,DST,5.7,2.0,0.1,2.1,2.52,2.6,0.133,1.0,2.1,,0.0,0
2026-10-05 03:16:15Z,DET,in,0.894,Q4 6:20,-13.0,11729,Sione Vaki,RB,2.6,2.7,0.35,3.05,2.98,2.97,0.517,0.525,2.88,,0.0,0
2026-10-05 03:16:15Z,CAR,in,0.894,Q4 6:20,13.0,11600,Ja'Tavion Sanders,TE,2.7,0.0,0.15,0.15,0.22,0.28,0.894,1.0,0.15,,0.0,0
2026-10-05 03:16:15Z,CAR,in,0.894,Q4 6:20,13.0,7594,Chuba Hubbard,RB,16.6,25.8,2.09,27.89,27.84,27.55,0.0,1.0,27.89,,0.0,0
2026-10-05 03:16:15Z,DET,in,0.894,Q4 6:20,-13.0,11539,Jake Bates,K,9.5,17.0,1.23,18.23,18.23,18.0,0.25,1.0,18.23,,0.0,0
2026-10-05 03:16:15Z,CAR,in,0.894,Q4 6:20,13.0,2505,Darren Waller,TE,8.8,6.6,0.68,7.28,7.5,7.53,0.061,1.0,7.28,,0.0,0
2026-10-05 03:17:16Z,CAR,in,0.896,Q4 6:14,13.0,11157,Brycen Tremayne,WR,5.6,5.2,0.46,5.66,5.79,5.78,0.221,1.0,5.66,,0.0,0
2026-10-05 03:17:16Z,CAR,in,0.896,Q4 6:14,13.0,12961,Ryan Fitzgerald,K,7.3,7.0,0.77,7.77,7.77,7.76,0.046,1.0,7.77,,0.0,0
2026-10-05 03:17:16Z,DET,in,0.896,Q4 6:14,-13.0,12535,Isaac TeSlaa,WR,5.3,6.7,1.01,7.71,7.3,7.25,0.266,1.0,7.71,,0.0,0
2026-10-05 03:17:16Z,DET,in,0.896,Q4 6:14,-13.0,10859,Sam LaPorta,TE,13.0,9.8,2.27,12.07,11.1,11.15,0.016,1.0,12.07,,0.0,0
2026-10-05 03:17:16Z,DET,in,0.896,Q4 6:14,-13.0,11237,Jacob Saylors,RB,1.7,0.0,0.15,0.15,0.14,0.18,0.896,1.0,0.15,,0.0,0
2026-10-05 03:17:16Z,CAR,in,0.896,Q4 6:14,13.0,9228,Bryce Young,QB,19.4,20.98,1.6,22.58,23.09,23.0,0.062,1.0,22.58,,0.0,0
2026-10-05 03:17:16Z,CAR,in,0.896,Q4 6:14,13.0,7694,Tommy Tremble,TE,3.8,5.2,0.36,5.56,5.64,5.59,0.335,1.0,5.56,,0.0,0
2026-10-05 03:17:16Z,CAR,in,0.896,Q4 6:14,13.0,8160,Kenny Pickett,QB,0.6,0.0,0.02,0.02,0.05,0.06,0.896,0.3,0.01,,0.0,0
2026-10-05 03:17:16Z,CAR,in,0.896,Q4 6:14,13.0,CAR,Carolina Panthers D/ST,DST,4.2,1.0,0.3,1.3,1.36,1.44,0.396,1.0,1.3,,0.0,0
2026-10-05 03:17:16Z,DET,in,0.896,Q4 6:14,-13.0,8250,Tay Martin,WR,0.8,0.0,0.12,0.12,0.06,0.08,0.896,1.0,0.12,,0.0,0
2026-10-05 03:17:16Z,DET,in,0.896,Q4 6:14,-13.0,4179,Joshua Dobbs,QB,0.6,0.0,0.09,0.09,0.05,0.06,0.896,0.3,0.03,,0.0,0
2026-10-05 03:17:16Z,DET,in,0.896,Q4 6:14,-13.0,9221,Jahmyr Gibbs,RB,25.7,16.2,2.96,19.16,18.69,18.87,0.002,1.0,19.16,,0.0,0
2026-10-05 03:17:16Z,DET,in,0.896,Q4 6:14,-13.0,3163,Jared Goff,QB,18.3,13.0,3.43,16.43,14.81,14.9,0.002,1.0,16.43,,0.0,0
2026-10-05 03:17:16Z,DET,in,0.896,Q4 6:14,-13.0,8148,Jameson Williams,WR,12.7,16.2,2.42,18.62,17.64,17.52,0.018,1.0,18.62,,0.0,0
2026-10-05 03:17:16Z,DET,in,0.896,Q4 6:14,-13.0,7891,Brock Wright,TE,1.5,1.8,0.28,2.08,1.97,1.96,0.286,1.0,2.08,,0.0,0
2026-10-05 03:17:16Z,DET,in,0.896,Q4 6:14,-13.0,7547,Amon-Ra St. Brown,WR,20.0,12.7,3.43,16.13,14.64,14.78,0.013,1.0,16.13,,0.0,0
2026-10-05 03:17:16Z,CAR,in,0.896,Q4 6:14,13.0,12526,Tetairoa McMillan,WR,16.4,41.0,2.12,43.12,43.39,42.7,0.083,1.0,43.12,,0.0,0
2026-10-05 03:17:16Z,CAR,in,0.896,Q4 6:14,13.0,11646,Jalen Coker,WR,8.5,0.0,0.45,0.45,0.69,0.88,0.896,1.0,0.45,,0.0,0
2026-10-05 03:17:16Z,DET,in,0.896,Q4 6:14,-13.0,DET,Detroit Lions D/ST,DST,5.7,2.0,0.1,2.1,2.51,2.59,0.134,1.0,2.1,,0.0,0
2026-10-05 03:17:16Z,DET,in,0.896,Q4 6:14,-13.0,11729,Sione Vaki,RB,2.6,2.7,0.34,3.04,2.98,2.97,0.519,0.522,2.88,,0.0,0
2026-10-05 03:17:16Z,CAR,in,0.896,Q4 6:14,13.0,11600,Ja'Tavion Sanders,TE,2.7,0.0,0.14,0.14,0.22,0.28,0.896,1.0,0.14,,0.0,0
2026-10-05 03:17:16Z,CAR,in,0.896,Q4 6:14,13.0,7594,Chuba Hubbard,RB,16.6,25.8,2.06,27.86,27.81,27.52,0.002,1.0,27.86,,0.0,0
2026-10-05 03:17:16Z,DET,in,0.896,Q4 6:14,-13.0,11539,Jake Bates,K,9.5,17.0,1.21,18.21,18.21,17.99,0.252,1.0,18.21,,0.0,0
2026-10-05 03:17:16Z,CAR,in,0.896,Q4 6:14,13.0,2505,Darren Waller,TE,8.8,6.6,0.67,7.27,7.48,7.51,0.062,1.0,7.27,,0.0,0
2026-10-05 03:18:16Z,CAR,in,0.898,Q4 6:07,13.0,11157,Brycen Tremayne,WR,5.6,5.2,0.45,5.65,5.78,5.77,0.223,1.0,5.65,,0.0,0
2026-10-05 03:18:16Z,CAR,in,0.898,Q4 6:07,13.0,12961,Ryan Fitzgerald,K,7.3,7.0,0.76,7.76,7.76,7.74,0.048,1.0,7.76,,0.0,0
2026-10-05 03:18:16Z,DET,in,0.898,Q4 6:07,-13.0,12535,Isaac TeSlaa,WR,5.3,6.7,0.99,7.69,7.29,7.24,0.268,1.0,7.69,,0.0,0
2026-10-05 03:18:16Z,DET,in,0.898,Q4 6:07,-13.0,10859,Sam LaPorta,TE,13.0,9.8,2.24,12.04,11.08,11.13,0.018,1.0,12.04,,0.0,0
2026-10-05 03:18:16Z,DET,in,0.898,Q4 6:07,-13.0,11237,Jacob Saylors,RB,1.7,0.0,0.15,0.15,0.13,0.17,0.898,1.0,0.15,,0.0,0
2026-10-05 03:18:16Z,CAR,in,0.898,Q4 6:07,13.0,9228,Bryce Young,QB,19.4,20.98,1.57,22.55,23.05,22.96,0.064,1.0,22.55,,0.0,0
2026-10-05 03:18:16Z,CAR,in,0.898,Q4 6:07,13.0,7694,Tommy Tremble,TE,3.8,5.2,0.36,5.56,5.63,5.59,0.337,1.0,5.56,,0.0,0
2026-10-05 03:18:16Z,CAR,in,0.898,Q4 6:07,13.0,8160,Kenny Pickett,QB,0.6,0.0,0.02,0.02,0.05,0.06,0.898,0.3,0.01,,0.0,0
2026-10-05 03:18:16Z,CAR,in,0.898,Q4 6:07,13.0,CAR,Carolina Panthers D/ST,DST,4.2,1.0,0.3,1.3,1.36,1.43,0.398,1.0,1.3,,0.0,0
2026-10-05 03:18:16Z,DET,in,0.898,Q4 6:07,-13.0,8250,Tay Martin,WR,0.8,0.0,0.12,0.12,0.06,0.08,0.898,1.0,0.12,,0.0,0
2026-10-05 03:18:16Z,DET,in,0.898,Q4 6:07,-13.0,4179,Joshua Dobbs,QB,0.6,0.0,0.09,0.09,0.05,0.06,0.898,0.3,0.03,,0.0,0
2026-10-05 03:18:16Z,DET,in,0.898,Q4 6:07,-13.0,9221,Jahmyr Gibbs,RB,25.7,16.2,2.91,19.11,18.64,18.82,0.004,1.0,19.11,,0.0,0
2026-10-05 03:18:16Z,DET,in,0.898,Q4 6:07,-13.0,3163,Jared Goff,QB,18.3,13.0,3.38,16.38,14.78,14.87,0.004,1.0,16.38,,0.0,0
2026-10-05 03:18:16Z,DET,in,0.898,Q4 6:07,-13.0,8148,Jameson Williams,WR,12.7,16.2,2.39,18.59,17.62,17.49,0.02,1.0,18.59,,0.0,0
2026-10-05 03:18:16Z,DET,in,0.898,Q4 6:07,-13.0,7891,Brock Wright,TE,1.5,1.8,0.28,2.08,1.96,1.95,0.288,1.0,2.08,,0.0,0
2026-10-05 03:18:16Z,DET,in,0.898,Q4 6:07,-13.0,7547,Amon-Ra St. Brown,WR,20.0,12.7,3.37,16.07,14.6,14.74,0.015,1.0,16.07,,0.0,0
2026-10-05 03:18:16Z,CAR,in,0.898,Q4 6:07,13.0,12526,Tetairoa McMillan,WR,16.4,41.0,2.09,43.09,43.34,42.67,0.085,1.0,43.09,,0.0,0
2026-10-05 03:18:16Z,CAR,in,0.898,Q4 6:07,13.0,11646,Jalen Coker,WR,8.5,0.0,0.45,0.45,0.67,0.87,0.898,1.0,0.45,,0.0,0
2026-10-05 03:18:16Z,DET,in,0.898,Q4 6:07,-13.0,DET,Detroit Lions D/ST,DST,5.7,2.0,0.1,2.1,2.5,2.58,0.136,1.0,2.1,,0.0,0
2026-10-05 03:18:16Z,DET,in,0.898,Q4 6:07,-13.0,11729,Sione Vaki,RB,2.6,2.7,0.34,3.04,2.97,2.97,0.521,0.519,2.88,,0.0,0
2026-10-05 03:18:16Z,CAR,in,0.898,Q4 6:07,13.0,11600,Ja'Tavion Sanders,TE,2.7,0.0,0.14,0.14,0.21,0.28,0.898,1.0,0.14,,0.0,0
2026-10-05 03:18:16Z,CAR,in,0.898,Q4 6:07,13.0,7594,Chuba Hubbard,RB,16.6,25.8,2.03,27.83,27.77,27.49,0.004,1.0,27.83,,0.0,0
2026-10-05 03:18:16Z,DET,in,0.898,Q4 6:07,-13.0,11539,Jake Bates,K,9.5,17.0,1.18,18.18,18.18,17.97,0.254,1.0,18.18,,0.0,0
2026-10-05 03:18:16Z,CAR,in,0.898,Q4 6:07,13.0,2505,Darren Waller,TE,8.8,6.6,0.66,7.26,7.46,7.5,0.064,1.0,7.26,,0.0,0
2026-10-05 03:19:16Z,CAR,in,0.898,Q4 6:07,13.0,11157,Brycen Tremayne,WR,5.6,5.2,0.45,5.65,5.78,5.77,0.223,1.0,5.65,,0.0,0
2026-10-05 03:19:16Z,CAR,in,0.898,Q4 6:07,13.0,12961,Ryan Fitzgerald,K,7.3,7.0,0.76,7.76,7.76,7.74,0.048,1.0,7.76,,0.0,0
2026-10-05 03:19:16Z,DET,in,0.898,Q4 6:07,-13.0,12535,Isaac TeSlaa,WR,5.3,6.7,0.99,7.69,7.29,7.24,0.268,1.0,7.69,,0.0,0
2026-10-05 03:19:16Z,DET,in,0.898,Q4 6:07,-13.0,10859,Sam LaPorta,TE,13.0,9.8,2.24,12.04,11.08,11.13,0.018,1.0,12.04,,0.0,0
2026-10-05 03:19:16Z,DET,in,0.898,Q4 6:07,-13.0,11237,Jacob Saylors,RB,1.7,0.0,0.15,0.15,0.13,0.17,0.898,1.0,0.15,,0.0,0
2026-10-05 03:19:16Z,CAR,in,0.898,Q4 6:07,13.0,9228,Bryce Young,QB,19.4,20.98,1.57,22.55,23.05,22.96,0.064,1.0,22.55,,0.0,0
2026-10-05 03:19:16Z,CAR,in,0.898,Q4 6:07,13.0,7694,Tommy Tremble,TE,3.8,5.2,0.36,5.56,5.63,5.59,0.337,1.0,5.56,,0.0,0
2026-10-05 03:19:16Z,CAR,in,0.898,Q4 6:07,13.0,8160,Kenny Pickett,QB,0.6,0.0,0.02,0.02,0.05,0.06,0.898,0.3,0.01,,0.0,0
2026-10-05 03:19:16Z,CAR,in,0.898,Q4 6:07,13.0,CAR,Carolina Panthers D/ST,DST,4.2,1.0,0.3,1.3,1.36,1.43,0.398,1.0,1.3,,0.0,0
2026-10-05 03:19:16Z,DET,in,0.898,Q4 6:07,-13.0,8250,Tay Martin,WR,0.8,0.0,0.12,0.12,0.06,0.08,0.898,1.0,0.12,,0.0,0
2026-10-05 03:19:16Z,DET,in,0.898,Q4 6:07,-13.0,4179,Joshua Dobbs,QB,0.6,0.0,0.09,0.09,0.05,0.06,0.898,0.3,0.03,,0.0,0
2026-10-05 03:19:16Z,DET,in,0.898,Q4 6:07,-13.0,9221,Jahmyr Gibbs,RB,25.7,17.7,2.97,20.67,20.18,20.32,0.0,1.0,20.67,,0.0,0
2026-10-05 03:19:16Z,DET,in,0.898,Q4 6:07,-13.0,3163,Jared Goff,QB,18.3,13.2,3.39,16.59,14.98,15.07,0.0,1.0,16.59,,0.0,0
2026-10-05 03:19:16Z,DET,in,0.898,Q4 6:07,-13.0,8148,Jameson Williams,WR,12.7,16.2,2.39,18.59,17.62,17.49,0.02,1.0,18.59,,0.0,0
2026-10-05 03:19:16Z,DET,in,0.898,Q4 6:07,-13.0,7891,Brock Wright,TE,1.5,1.8,0.28,2.08,1.96,1.95,0.288,1.0,2.08,,0.0,0
2026-10-05 03:19:16Z,DET,in,0.898,Q4 6:07,-13.0,7547,Amon-Ra St. Brown,WR,20.0,12.7,3.37,16.07,14.6,14.74,0.015,1.0,16.07,,0.0,0
2026-10-05 03:19:16Z,CAR,in,0.898,Q4 6:07,13.0,12526,Tetairoa McMillan,WR,16.4,41.0,2.09,43.09,43.34,42.67,0.085,1.0,43.09,,0.0,0
2026-10-05 03:19:16Z,CAR,in,0.898,Q4 6:07,13.0,11646,Jalen Coker,WR,8.5,0.0,0.45,0.45,0.67,0.87,0.898,1.0,0.45,,0.0,0
2026-10-05 03:19:16Z,DET,in,0.898,Q4 6:07,-13.0,DET,Detroit Lions D/ST,DST,5.7,2.0,0.1,2.1,2.5,2.58,0.136,1.0,2.1,,0.0,0
2026-10-05 03:19:16Z,DET,in,0.898,Q4 6:07,-13.0,11729,Sione Vaki,RB,2.6,2.7,0.34,3.04,2.97,2.97,0.521,0.519,2.88,,0.0,0
2026-10-05 03:19:16Z,CAR,in,0.898,Q4 6:07,13.0,11600,Ja'Tavion Sanders,TE,2.7,0.0,0.14,0.14,0.21,0.28,0.898,1.0,0.14,,0.0,0
2026-10-05 03:19:16Z,CAR,in,0.898,Q4 6:07,13.0,7594,Chuba Hubbard,RB,16.6,25.8,2.03,27.83,27.77,27.49,0.004,1.0,27.83,,0.0,0
2026-10-05 03:19:16Z,DET,in,0.898,Q4 6:07,-13.0,11539,Jake Bates,K,9.5,17.0,1.18,18.18,18.18,17.97,0.254,1.0,18.18,,0.0,0
2026-10-05 03:19:16Z,CAR,in,0.898,Q4 6:07,13.0,2505,Darren Waller,TE,8.8,6.6,0.66,7.26,7.46,7.5,0.064,1.0,7.26,,0.0,0
2026-10-05 03:20:17Z,CAR,in,0.915,Q4 5:06,13.0,11157,Brycen Tremayne,WR,5.6,5.2,0.37,5.57,5.68,5.68,0.239,1.0,5.57,,0.0,0
2026-10-05 03:20:17Z,CAR,in,0.915,Q4 5:06,13.0,12961,Ryan Fitzgerald,K,7.3,7.0,0.63,7.63,7.63,7.62,0.065,1.0,7.63,,0.0,0
2026-10-05 03:20:17Z,DET,in,0.915,Q4 5:06,-13.0,12535,Isaac TeSlaa,WR,5.3,11.5,0.95,12.45,12.09,11.95,0.0,1.0,12.45,,0.0,0
2026-10-05 03:20:17Z,DET,in,0.915,Q4 5:06,-13.0,10859,Sam LaPorta,TE,13.0,9.8,1.87,11.67,10.86,10.91,0.034,1.0,11.67,,0.0,0
2026-10-05 03:20:17Z,DET,in,0.915,Q4 5:06,-13.0,11237,Jacob Saylors,RB,1.7,0.0,0.12,0.12,0.11,0.14,0.915,1.0,0.12,,0.0,0
2026-10-05 03:20:17Z,CAR,in,0.915,Q4 5:06,13.0,9228,Bryce Young,QB,19.4,20.98,1.29,22.27,22.7,22.63,0.081,1.0,22.27,,0.0,0
2026-10-05 03:20:17Z,CAR,in,0.915,Q4 5:06,13.0,7694,Tommy Tremble,TE,3.8,5.2,0.29,5.49,5.56,5.52,0.354,1.0,5.49,,0.0,0
2026-10-05 03:20:17Z,CAR,in,0.915,Q4 5:06,13.0,8160,Kenny Pickett,QB,0.6,0.0,0.01,0.01,0.04,0.05,0.915,0.3,0.0,,0.0,0
2026-10-05 03:20:17Z,CAR,in,0.915,Q4 5:06,13.0,CAR,Carolina Panthers D/ST,DST,4.2,1.0,0.25,1.25,1.3,1.36,0.415,1.0,1.25,,0.0,0
2026-10-05 03:20:17Z,DET,in,0.915,Q4 5:06,-13.0,8250,Tay Martin,WR,0.8,0.0,0.1,0.1,0.05,0.07,0.915,1.0,0.1,,0.0,0
2026-10-05 03:20:17Z,DET,in,0.915,Q4 5:06,-13.0,4179,Joshua Dobbs,QB,0.6,0.0,0.08,0.08,0.04,0.05,0.915,0.3,0.02,,0.0,0
2026-10-05 03:20:17Z,DET,in,0.915,Q4 5:06,-13.0,9221,Jahmyr Gibbs,RB,25.7,17.7,2.47,20.17,19.76,19.88,0.017,1.0,20.17,,0.0,0
2026-10-05 03:20:17Z,DET,in,0.915,Q4 5:06,-13.0,3163,Jared Goff,QB,18.3,14.32,2.87,17.19,15.82,15.88,0.0,1.0,17.19,,0.0,0
2026-10-05 03:20:17Z,DET,in,0.915,Q4 5:06,-13.0,8148,Jameson Williams,WR,12.7,16.2,1.99,18.19,17.38,17.28,0.037,1.0,18.19,,0.0,0
2026-10-05 03:20:17Z,DET,in,0.915,Q4 5:06,-13.0,7891,Brock Wright,TE,1.5,1.8,0.23,2.03,1.94,1.93,0.305,1.0,2.03,,0.0,0
2026-10-05 03:20:17Z,DET,in,0.915,Q4 5:06,-13.0,7547,Amon-Ra St. Brown,WR,20.0,12.7,2.82,15.52,14.28,14.4,0.032,1.0,15.52,,0.0,0
2026-10-05 03:20:17Z,CAR,in,0.915,Q4 5:06,13.0,12526,Tetairoa McMillan,WR,16.4,41.0,1.73,42.73,42.95,42.39,0.102,1.0,42.73,,0.0,0
2026-10-05 03:20:17Z,CAR,in,0.915,Q4 5:06,13.0,11646,Jalen Coker,WR,8.5,0.0,0.37,0.37,0.56,0.72,0.915,1.0,0.37,,0.0,0
2026-10-05 03:20:17Z,DET,in,0.915,Q4 5:06,-13.0,DET,Detroit Lions D/ST,DST,5.7,2.0,0.08,2.08,2.42,2.48,0.153,1.0,2.08,,0.0,0
2026-10-05 03:20:17Z,DET,in,0.915,Q4 5:06,-13.0,11729,Sione Vaki,RB,2.6,2.7,0.28,2.98,2.93,2.92,0.538,0.494,2.84,,0.0,0
2026-10-05 03:20:17Z,CAR,in,0.915,Q4 5:06,13.0,11600,Ja'Tavion Sanders,TE,2.7,0.0,0.12,0.12,0.18,0.23,0.915,1.0,0.12,,0.0,0
2026-10-05 03:20:17Z,CAR,in,0.915,Q4 5:06,13.0,7594,Chuba Hubbard,RB,16.6,25.8,1.68,27.48,27.44,27.21,0.021,1.0,27.48,,0.0,0
2026-10-05 03:20:17Z,DET,in,0.915,Q4 5:06,-13.0,11539,Jake Bates,K,9.5,17.0,0.98,17.98,17.98,17.81,0.271,1.0,17.98,,0.0,0
2026-10-05 03:20:17Z,CAR,in,0.915,Q4 5:06,13.0,2505,Darren Waller,TE,8.8,6.6,0.55,7.15,7.32,7.35,0.081,1.0,7.15,,0.0,0
2026-10-05 03:21:17Z,CAR,in,0.922,Q4 4:40,13.0,11157,Brycen Tremayne,WR,5.6,5.2,0.34,5.54,5.64,5.64,0.247,1.0,5.54,,0.0,0
2026-10-05 03:21:17Z,CAR,in,0.922,Q4 4:40,13.0,12961,Ryan Fitzgerald,K,7.3,7.0,0.57,7.57,7.57,7.57,0.072,1.0,7.57,,0.0,0
2026-10-05 03:21:17Z,DET,in,0.922,Q4 4:40,-13.0,12535,Isaac TeSlaa,WR,5.3,11.4,0.86,12.26,11.94,11.81,0.0,1.0,12.26,,0.0,0
2026-10-05 03:21:17Z,DET,in,0.922,Q4 4:40,-13.0,10859,Sam LaPorta,TE,13.0,12.9,1.78,14.68,13.93,13.91,0.0,1.0,14.68,,0.0,0
2026-10-05 03:21:17Z,DET,in,0.922,Q4 4:40,-13.0,11237,Jacob Saylors,RB,1.7,0.0,0.11,0.11,0.1,0.13,0.922,1.0,0.11,,0.0,0
2026-10-05 03:21:17Z,CAR,in,0.922,Q4 4:40,13.0,9228,Bryce Young,QB,19.4,20.98,1.18,22.16,22.55,22.49,0.088,1.0,22.16,,0.0,0
2026-10-05 03:21:17Z,CAR,in,0.922,Q4 4:40,13.0,7694,Tommy Tremble,TE,3.8,5.2,0.27,5.47,5.53,5.5,0.361,1.0,5.47,,0.0,0
2026-10-05 03:21:17Z,CAR,in,0.922,Q4 4:40,13.0,8160,Kenny Pickett,QB,0.6,0.0,0.01,0.01,0.04,0.05,0.922,0.3,0.0,,0.0,0
2026-10-05 03:21:17Z,CAR,in,0.922,Q4 4:40,13.0,CAR,Carolina Panthers D/ST,DST,4.2,1.0,0.23,1.23,1.27,1.33,0.422,1.0,1.23,,0.0,0
2026-10-05 03:21:17Z,DET,in,0.922,Q4 4:40,-13.0,8250,Tay Martin,WR,0.8,0.0,0.09,0.09,0.05,0.06,0.922,1.0,0.09,,0.0,0
2026-10-05 03:21:17Z,DET,in,0.922,Q4 4:40,-13.0,4179,Joshua Dobbs,QB,0.6,0.0,0.07,0.07,0.04,0.05,0.922,0.3,0.02,,0.0,0
2026-10-05 03:21:17Z,DET,in,0.922,Q4 4:40,-13.0,9221,Jahmyr Gibbs,RB,25.7,17.7,2.25,19.95,19.58,19.7,0.024,1.0,19.95,,0.0,0
2026-10-05 03:21:17Z,DET,in,0.922,Q4 4:40,-13.0,3163,Jared Goff,QB,18.3,15.12,2.65,17.77,16.51,16.54,0.0,1.0,17.77,,0.0,0
2026-10-05 03:21:17Z,DET,in,0.922,Q4 4:40,-13.0,8148,Jameson Williams,WR,12.7,16.2,1.82,18.02,17.28,17.19,0.044,1.0,18.02,,0.0,0
2026-10-05 03:21:17Z,DET,in,0.922,Q4 4:40,-13.0,7891,Brock Wright,TE,1.5,1.8,0.21,2.01,1.92,1.92,0.312,1.0,2.01,,0.0,0
2026-10-05 03:21:17Z,DET,in,0.922,Q4 4:40,-13.0,7547,Amon-Ra St. Brown,WR,20.0,12.7,2.57,15.27,14.14,14.26,0.039,1.0,15.27,,0.0,0
2026-10-05 03:21:17Z,CAR,in,0.922,Q4 4:40,13.0,12526,Tetairoa McMillan,WR,16.4,41.0,1.58,42.58,42.78,42.28,0.109,1.0,42.58,,0.0,0
2026-10-05 03:21:17Z,CAR,in,0.922,Q4 4:40,13.0,11646,Jalen Coker,WR,8.5,0.0,0.34,0.34,0.51,0.66,0.922,1.0,0.34,,0.0,0
2026-10-05 03:21:17Z,DET,in,0.922,Q4 4:40,-13.0,DET,Detroit Lions D/ST,DST,5.7,2.0,0.08,2.08,2.38,2.44,0.161,1.0,2.08,,0.0,0
2026-10-05 03:21:17Z,DET,in,0.922,Q4 4:40,-13.0,11729,Sione Vaki,RB,2.6,2.7,0.26,2.96,2.91,2.9,0.545,0.483,2.82,,0.0,0
2026-10-05 03:21:17Z,CAR,in,0.922,Q4 4:40,13.0,11600,Ja'Tavion Sanders,TE,2.7,0.0,0.11,0.11,0.16,0.21,0.922,1.0,0.11,,0.0,0
2026-10-05 03:21:17Z,CAR,in,0.922,Q4 4:40,13.0,7594,Chuba Hubbard,RB,16.6,25.8,1.53,27.33,27.3,27.09,0.028,1.0,27.33,,0.0,0
2026-10-05 03:21:17Z,DET,in,0.922,Q4 4:40,-13.0,11539,Jake Bates,K,9.5,17.0,0.9,17.9,17.9,17.74,0.278,1.0,17.9,,0.0,0
2026-10-05 03:21:17Z,CAR,in,0.922,Q4 4:40,13.0,2505,Darren Waller,TE,8.8,6.6,0.5,7.1,7.25,7.28,0.088,1.0,7.1,,0.0,0
2026-10-05 03:22:18Z,CAR,in,0.924,Q4 4:34,13.0,11157,Brycen Tremayne,WR,5.6,5.2,0.33,5.53,5.63,5.63,0.248,1.0,5.53,,0.0,0
2026-10-05 03:22:18Z,CAR,in,0.924,Q4 4:34,13.0,12961,Ryan Fitzgerald,K,7.3,7.0,0.56,7.56,7.56,7.56,0.074,1.0,7.56,,0.0,0
2026-10-05 03:22:18Z,DET,in,0.924,Q4 4:34,-13.0,12535,Isaac TeSlaa,WR,5.3,11.3,0.84,12.14,11.83,11.7,0.0,1.0,12.14,,0.0,0
2026-10-05 03:22:18Z,DET,in,0.924,Q4 4:34,-13.0,10859,Sam LaPorta,TE,13.0,12.9,1.74,14.64,13.91,13.89,0.002,1.0,14.64,,0.0,0
2026-10-05 03:22:18Z,DET,in,0.924,Q4 4:34,-13.0,11237,Jacob Saylors,RB,1.7,0.0,0.11,0.11,0.1,0.13,0.924,1.0,0.11,,0.0,0
2026-10-05 03:22:18Z,CAR,in,0.924,Q4 4:34,13.0,9228,Bryce Young,QB,19.4,20.98,1.15,22.13,22.51,22.46,0.09,1.0,22.13,,0.0,0
2026-10-05 03:22:18Z,CAR,in,0.924,Q4 4:34,13.0,7694,Tommy Tremble,TE,3.8,5.2,0.26,5.46,5.52,5.49,0.363,1.0,5.46,,0.0,0
2026-10-05 03:22:18Z,CAR,in,0.924,Q4 4:34,13.0,8160,Kenny Pickett,QB,0.6,0.0,0.01,0.01,0.04,0.05,0.924,0.3,0.0,,0.0,0
2026-10-05 03:22:18Z,CAR,in,0.924,Q4 4:34,13.0,CAR,Carolina Panthers D/ST,DST,4.2,1.0,0.23,1.23,1.26,1.32,0.424,1.0,1.23,,0.0,0
2026-10-05 03:22:18Z,DET,in,0.924,Q4 4:34,-13.0,8250,Tay Martin,WR,0.8,0.0,0.09,0.09,0.05,0.06,0.924,1.0,0.09,,0.0,0
2026-10-05 03:22:18Z,DET,in,0.924,Q4 4:34,-13.0,4179,Joshua Dobbs,QB,0.6,0.0,0.07,0.07,0.04,0.05,0.924,0.3,0.02,,0.0,0
2026-10-05 03:22:18Z,DET,in,0.924,Q4 4:34,-13.0,9221,Jahmyr Gibbs,RB,25.7,17.7,2.21,19.91,19.54,19.66,0.026,1.0,19.91,,0.0,0
2026-10-05 03:22:18Z,DET,in,0.924,Q4 4:34,-13.0,3163,Jared Goff,QB,18.3,15.32,2.6,17.92,16.68,16.71,0.0,1.0,17.92,,0.0,0
2026-10-05 03:22:18Z,DET,in,0.924,Q4 4:34,-13.0,8148,Jameson Williams,WR,12.7,16.2,1.78,17.98,17.25,17.17,0.046,1.0,17.98,,0.0,0
2026-10-05 03:22:18Z,DET,in,0.924,Q4 4:34,-13.0,7891,Brock Wright,TE,1.5,1.8,0.21,2.01,1.92,1.91,0.314,1.0,2.01,,0.0,0
2026-10-05 03:22:18Z,DET,in,0.924,Q4 4:34,-13.0,7547,Amon-Ra St. Brown,WR,20.0,14.3,2.55,16.85,15.74,15.82,0.0,1.0,16.85,,0.0,0
2026-10-05 03:22:18Z,CAR,in,0.924,Q4 4:34,13.0,12526,Tetairoa McMillan,WR,16.4,41.0,1.54,42.54,42.74,42.25,0.111,1.0,42.54,,0.0,0
2026-10-05 03:22:18Z,CAR,in,0.924,Q4 4:34,13.0,11646,Jalen Coker,WR,8.5,0.0,0.33,0.33,0.5,0.65,0.924,1.0,0.33,,0.0,0
2026-10-05 03:22:18Z,DET,in,0.924,Q4 4:34,-13.0,DET,Detroit Lions D/ST,DST,5.7,2.0,0.07,2.07,2.37,2.43,0.162,1.0,2.07,,0.0,0
2026-10-05 03:22:18Z,DET,in,0.924,Q4 4:34,-13.0,11729,Sione Vaki,RB,2.6,2.7,0.25,2.95,2.9,2.9,0.546,0.48,2.82,,0.0,0
2026-10-05 03:22:18Z,CAR,in,0.924,Q4 4:34,13.0,11600,Ja'Tavion Sanders,TE,2.7,0.0,0.11,0.11,0.16,0.21,0.924,1.0,0.11,,0.0,0
2026-10-05 03:22:18Z,CAR,in,0.924,Q4 4:34,13.0,7594,Chuba Hubbard,RB,16.6,25.8,1.49,27.29,27.26,27.06,0.029,1.0,27.29,,0.0,0
2026-10-05 03:22:18Z,DET,in,0.924,Q4 4:34,-13.0,11539,Jake Bates,K,9.5,17.0,0.88,17.88,17.88,17.72,0.28,1.0,17.88,,0.0,0
2026-10-05 03:22:18Z,CAR,in,0.924,Q4 4:34,13.0,2505,Darren Waller,TE,8.8,6.6,0.49,7.09,7.24,7.27,0.09,1.0,7.09,,0.0,0
2026-10-05 03:23:18Z,CAR,in,0.938,Q4 3:42,13.0,11157,Brycen Tremayne,WR,5.6,5.2,0.27,5.47,5.54,5.55,0.263,1.0,5.47,,0.0,0
2026-10-05 03:23:18Z,CAR,in,0.938,Q4 3:42,13.0,12961,Ryan Fitzgerald,K,7.3,7.0,0.45,7.45,7.45,7.45,0.088,1.0,7.45,,0.0,0
2026-10-05 03:23:18Z,DET,in,0.938,Q4 3:42,-13.0,12535,Isaac TeSlaa,WR,5.3,11.3,0.68,11.98,11.72,11.63,0.014,1.0,11.98,,0.0,0
2026-10-05 03:23:18Z,DET,in,0.938,Q4 3:42,-13.0,10859,Sam LaPorta,TE,13.0,14.4,1.43,15.83,15.24,15.2,0.0,1.0,15.83,,0.0,0
2026-10-05 03:23:18Z,DET,in,0.938,Q4 3:42,-13.0,11237,Jacob Saylors,RB,1.7,0.0,0.09,0.09,0.08,0.1,0.938,1.0,0.09,,0.0,0
2026-10-05 03:23:18Z,CAR,in,0.938,Q4 3:42,13.0,9228,Bryce Young,QB,19.4,20.98,0.92,21.9,22.22,22.18,0.104,1.0,21.9,,0.0,0
2026-10-05 03:23:18Z,CAR,in,0.938,Q4 3:42,13.0,7694,Tommy Tremble,TE,3.8,5.2,0.21,5.41,5.46,5.43,0.377,1.0,5.41,,0.0,0
2026-10-05 03:23:18Z,CAR,in,0.938,Q4 3:42,13.0,8160,Kenny Pickett,QB,0.6,0.0,0.01,0.01,0.03,0.04,0.938,0.3,0.0,,0.0,0
2026-10-05 03:23:18Z,CAR,in,0.938,Q4 3:42,13.0,CAR,Carolina Panthers D/ST,DST,4.2,1.0,0.18,1.18,1.21,1.26,0.438,1.0,1.18,,0.0,0
2026-10-05 03:23:18Z,DET,in,0.938,Q4 3:42,-13.0,8250,Tay Martin,WR,0.8,0.0,0.07,0.07,0.04,0.05,0.938,1.0,0.07,,0.0,0
2026-10-05 03:23:18Z,DET,in,0.938,Q4 3:42,-13.0,4179,Joshua Dobbs,QB,0.6,0.0,0.06,0.06,0.03,0.04,0.938,0.3,0.02,,0.0,0
2026-10-05 03:23:18Z,DET,in,0.938,Q4 3:42,-13.0,9221,Jahmyr Gibbs,RB,25.7,17.7,1.78,19.48,19.19,19.28,0.04,1.0,19.48,,0.0,0
2026-10-05 03:23:18Z,DET,in,0.938,Q4 3:42,-13.0,3163,Jared Goff,QB,18.3,15.52,2.1,17.62,16.62,16.65,0.0,1.0,17.62,,0.0,0
2026-10-05 03:23:18Z,DET,in,0.938,Q4 3:42,-13.0,8148,Jameson Williams,WR,12.7,16.2,1.44,17.64,17.05,16.98,0.06,1.0,17.64,,0.0,0
2026-10-05 03:23:18Z,DET,in,0.938,Q4 3:42,-13.0,7891,Brock Wright,TE,1.5,1.8,0.17,1.97,1.9,1.89,0.328,1.0,1.97,,0.0,0
2026-10-05 03:23:18Z,DET,in,0.938,Q4 3:42,-13.0,7547,Amon-Ra St. Brown,WR,20.0,14.3,2.07,16.37,15.46,15.53,0.014,1.0,16.37,,0.0,0
2026-10-05 03:23:18Z,CAR,in,0.938,Q4 3:42,13.0,12526,Tetairoa McMillan,WR,16.4,41.0,1.24,42.24,42.41,42.01,0.126,1.0,42.24,,0.0,0
2026-10-05 03:23:18Z,CAR,in,0.938,Q4 3:42,13.0,11646,Jalen Coker,WR,8.5,0.0,0.27,0.27,0.4,0.52,0.938,1.0,0.27,,0.0,0
2026-10-05 03:23:18Z,DET,in,0.938,Q4 3:42,-13.0,DET,Detroit Lions D/ST,DST,5.7,2.0,0.06,2.06,2.3,2.35,0.177,1.0,2.06,,0.0,0
2026-10-05 03:23:18Z,DET,in,0.938,Q4 3:42,-13.0,11729,Sione Vaki,RB,2.6,2.7,0.2,2.9,2.86,2.86,0.561,0.459,2.79,,0.0,0
2026-10-05 03:23:18Z,CAR,in,0.938,Q4 3:42,13.0,11600,Ja'Tavion Sanders,TE,2.7,0.0,0.09,0.09,0.13,0.17,0.938,1.0,0.09,,0.0,0
2026-10-05 03:23:18Z,CAR,in,0.938,Q4 3:42,13.0,7594,Chuba Hubbard,RB,16.6,25.8,1.2,27.0,26.98,26.82,0.044,1.0,27.0,,0.0,0
2026-10-05 03:23:18Z,DET,in,0.938,Q4 3:42,-13.0,11539,Jake Bates,K,9.5,17.0,0.71,17.71,17.71,17.59,0.294,1.0,17.71,,0.0,0
2026-10-05 03:23:18Z,CAR,in,0.938,Q4 3:42,13.0,2505,Darren Waller,TE,8.8,6.6,0.39,6.99,7.12,7.14,0.104,1.0,6.99,,0.0,0
2026-10-05 03:24:19Z,CAR,in,0.939,Q4 3:38,7.0,11157,Brycen Tremayne,WR,5.6,5.2,0.34,5.54,5.54,5.54,0.264,1.0,5.54,,0.0,0
2026-10-05 03:24:19Z,CAR,in,0.939,Q4 3:38,7.0,12961,Ryan Fitzgerald,K,7.3,7.0,0.44,7.44,7.44,7.44,0.089,1.0,7.44,,0.0,0
2026-10-05 03:24:19Z,DET,in,0.939,Q4 3:38,-7.0,12535,Isaac TeSlaa,WR,5.3,11.3,0.6,11.9,11.72,11.62,0.016,1.0,11.9,,0.0,0
2026-10-05 03:24:19Z,DET,in,0.939,Q4 3:38,-7.0,10859,Sam LaPorta,TE,13.0,22.2,1.37,23.57,23.14,22.99,0.0,1.0,23.57,,0.0,0
2026-10-05 03:24:19Z,DET,in,0.939,Q4 3:38,-7.0,11237,Jacob Saylors,RB,1.7,0.0,0.08,0.08,0.08,0.1,0.939,1.0,0.08,,0.0,0
2026-10-05 03:24:19Z,CAR,in,0.939,Q4 3:38,7.0,9228,Bryce Young,QB,19.4,20.98,1.23,22.21,22.2,22.15,0.106,1.0,22.21,,0.0,0
2026-10-05 03:24:19Z,CAR,in,0.939,Q4 3:38,7.0,7694,Tommy Tremble,TE,3.8,5.2,0.26,5.46,5.45,5.43,0.378,1.0,5.46,,0.0,0
2026-10-05 03:24:19Z,CAR,in,0.939,Q4 3:38,7.0,8160,Kenny Pickett,QB,0.6,0.0,0.02,0.02,0.03,0.04,0.939,0.3,0.01,,0.0,0
2026-10-05 03:24:19Z,CAR,in,0.939,Q4 3:38,7.0,CAR,Carolina Panthers D/ST,DST,4.2,0.0,0.17,0.17,0.19,0.25,0.0,1.0,0.17,,0.0,0
2026-10-05 03:24:19Z,DET,in,0.939,Q4 3:38,-7.0,8250,Tay Martin,WR,0.8,0.0,0.06,0.06,0.04,0.05,0.939,1.0,0.06,,0.0,0
2026-10-05 03:24:19Z,DET,in,0.939,Q4 3:38,-7.0,4179,Joshua Dobbs,QB,0.6,0.0,0.04,0.04,0.03,0.04,0.939,0.3,0.01,,0.0,0
2026-10-05 03:24:19Z,DET,in,0.939,Q4 3:38,-7.0,9221,Jahmyr Gibbs,RB,25.7,17.7,1.64,19.34,19.16,19.26,0.041,1.0,19.34,,0.0,0
2026-10-05 03:24:19Z,DET,in,0.939,Q4 3:38,-7.0,3163,Jared Goff,QB,18.3,19.8,1.87,21.67,20.95,20.91,0.0,1.0,21.67,,0.0,0
2026-10-05 03:24:19Z,DET,in,0.939,Q4 3:38,-7.0,8148,Jameson Williams,WR,12.7,16.2,1.24,17.44,17.03,16.97,0.061,1.0,17.44,,0.0,0
2026-10-05 03:24:19Z,DET,in,0.939,Q4 3:38,-7.0,7891,Brock Wright,TE,1.5,1.8,0.14,1.94,1.9,1.89,0.329,1.0,1.94,,0.0,0
2026-10-05 03:24:19Z,DET,in,0.939,Q4 3:38,-7.0,7547,Amon-Ra St. Brown,WR,20.0,14.2,1.76,15.96,15.34,15.41,0.0,1.0,15.96,,0.0,0
2026-10-05 03:24:19Z,CAR,in,0.939,Q4 3:38,7.0,12526,Tetairoa McMillan,WR,16.4,41.0,1.43,42.43,42.38,41.99,0.127,1.0,42.43,,0.0,0
2026-10-05 03:24:19Z,CAR,in,0.939,Q4 3:38,7.0,11646,Jalen Coker,WR,8.5,0.0,0.38,0.38,0.39,0.51,0.939,1.0,0.38,,0.0,0
2026-10-05 03:24:19Z,DET,in,0.939,Q4 3:38,-7.0,DET,Detroit Lions D/ST,DST,5.7,2.0,0.1,2.1,2.29,2.35,0.178,1.0,2.1,,0.0,0
2026-10-05 03:24:19Z,DET,in,0.939,Q4 3:38,-7.0,11729,Sione Vaki,RB,2.6,2.7,0.19,2.89,2.86,2.86,0.562,0.457,2.79,,0.0,0
2026-10-05 03:24:19Z,CAR,in,0.939,Q4 3:38,7.0,11600,Ja'Tavion Sanders,TE,2.7,0.0,0.12,0.12,0.13,0.16,0.939,1.0,0.12,,0.0,0
2026-10-05 03:24:19Z,CAR,in,0.939,Q4 3:38,7.0,7594,Chuba Hubbard,RB,16.6,25.8,1.25,27.05,26.96,26.81,0.045,1.0,27.05,,0.0,0
2026-10-05 03:24:19Z,DET,in,0.939,Q4 3:38,-7.0,11539,Jake Bates,K,9.5,17.0,0.7,17.7,17.7,17.58,0.295,1.0,17.7,,0.0,0
2026-10-05 03:24:19Z,CAR,in,0.939,Q4 3:38,7.0,2505,Darren Waller,TE,8.8,6.6,0.5,7.1,7.11,7.13,0.106,1.0,7.1,,0.0,0
2026-10-05 03:25:19Z,CAR,in,0.939,Q4 3:38,6.0,11157,Brycen Tremayne,WR,5.6,5.2,0.35,5.55,5.54,5.54,0.264,1.0,5.55,,0.0,0
2026-10-05 03:25:19Z,CAR,in,0.939,Q4 3:38,6.0,12961,Ryan Fitzgerald,K,7.3,7.0,0.44,7.44,7.44,7.44,0.089,1.0,7.44,,0.0,0
2026-10-05 03:25:19Z,DET,in,0.939,Q4 3:38,-6.0,12535,Isaac TeSlaa,WR,5.3,11.3,0.58,11.88,11.72,11.62,0.016,1.0,11.88,,0.0,0
2026-10-05 03:25:19Z,DET,in,0.939,Q4 3:38,-6.0,10859,Sam LaPorta,TE,13.0,22.2,1.34,23.54,23.14,22.99,0.0,1.0,23.54,,0.0,0
2026-10-05 03:25:19Z,DET,in,0.939,Q4 3:38,-6.0,11237,Jacob Saylors,RB,1.7,0.0,0.08,0.08,0.08,0.1,0.939,1.0,0.08,,0.0,0
2026-10-05 03:25:19Z,CAR,in,0.939,Q4 3:38,6.0,9228,Bryce Young,QB,19.4,20.98,1.28,22.26,22.2,22.15,0.106,1.0,22.26,,0.0,0
2026-10-05 03:25:19Z,CAR,in,0.939,Q4 3:38,6.0,7694,Tommy Tremble,TE,3.8,5.2,0.27,5.47,5.45,5.43,0.378,1.0,5.47,,0.0,0
2026-10-05 03:25:19Z,CAR,in,0.939,Q4 3:38,6.0,8160,Kenny Pickett,QB,0.6,0.0,0.02,0.02,0.03,0.04,0.939,0.3,0.01,,0.0,0
2026-10-05 03:25:19Z,CAR,in,0.939,Q4 3:38,6.0,CAR,Carolina Panthers D/ST,DST,4.2,0.0,0.16,0.16,0.19,0.25,0.0,1.0,0.16,,0.0,0
2026-10-05 03:25:19Z,DET,in,0.939,Q4 3:38,-6.0,8250,Tay Martin,WR,0.8,0.0,0.06,0.06,0.04,0.05,0.939,1.0,0.06,,0.0,0
2026-10-05 03:25:19Z,DET,in,0.939,Q4 3:38,-6.0,4179,Joshua Dobbs,QB,0.6,0.0,0.04,0.04,0.03,0.04,0.939,0.3,0.01,,0.0,0
2026-10-05 03:25:19Z,DET,in,0.939,Q4 3:38,-6.0,9221,Jahmyr Gibbs,RB,25.7,17.7,1.63,19.33,19.16,19.26,0.041,1.0,19.33,,0.0,0
2026-10-05 03:25:19Z,DET,in,0.939,Q4 3:38,-6.0,3163,Jared Goff,QB,18.3,19.8,1.82,21.62,20.95,20.91,0.0,1.0,21.62,,0.0,0
2026-10-05 03:25:19Z,DET,in,0.939,Q4 3:38,-6.0,8148,Jameson Williams,WR,12.7,16.2,1.21,17.41,17.03,16.97,0.061,1.0,17.41,,0.0,0
2026-10-05 03:25:19Z,DET,in,0.939,Q4 3:38,-6.0,7891,Brock Wright,TE,1.5,1.8,0.14,1.94,1.9,1.89,0.329,1.0,1.94,,0.0,0
2026-10-05 03:25:19Z,DET,in,0.939,Q4 3:38,-6.0,7547,Amon-Ra St. Brown,WR,20.0,14.2,1.71,15.91,15.34,15.41,0.0,1.0,15.91,,0.0,0
2026-10-05 03:25:19Z,CAR,in,0.939,Q4 3:38,6.0,12526,Tetairoa McMillan,WR,16.4,41.0,1.47,42.47,42.38,41.99,0.127,1.0,42.47,,0.0,0
2026-10-05 03:25:19Z,CAR,in,0.939,Q4 3:38,6.0,11646,Jalen Coker,WR,8.5,0.0,0.4,0.4,0.39,0.51,0.939,1.0,0.4,,0.0,0
2026-10-05 03:25:19Z,DET,in,0.939,Q4 3:38,-6.0,DET,Detroit Lions D/ST,DST,5.7,2.0,0.11,2.11,2.29,2.35,0.178,1.0,2.11,,0.0,0
2026-10-05 03:25:19Z,DET,in,0.939,Q4 3:38,-6.0,11729,Sione Vaki,RB,2.6,2.7,0.19,2.89,2.86,2.86,0.562,0.457,2.79,,0.0,0
2026-10-05 03:25:19Z,CAR,in,0.939,Q4 3:38,6.0,11600,Ja'Tavion Sanders,TE,2.7,0.0,0.13,0.13,0.13,0.16,0.939,1.0,0.13,,0.0,0
2026-10-05 03:25:19Z,CAR,in,0.939,Q4 3:38,6.0,7594,Chuba Hubbard,RB,16.6,25.8,1.26,27.06,26.96,26.81,0.045,1.0,27.06,,0.0,0
2026-10-05 03:25:19Z,DET,in,0.939,Q4 3:38,-6.0,11539,Jake Bates,K,9.5,18.0,0.71,18.71,18.71,18.58,0.0,1.0,18.71,,0.0,0
2026-10-05 03:25:19Z,CAR,in,0.939,Q4 3:38,6.0,2505,Darren Waller,TE,8.8,6.6,0.52,7.12,7.11,7.13,0.106,1.0,7.12,,0.0,0
2026-10-05 03:26:20Z,CAR,in,0.939,Q4 3:38,6.0,11157,Brycen Tremayne,WR,5.6,5.2,0.35,5.55,5.54,5.54,0.264,1.0,5.55,,0.0,0
2026-10-05 03:26:20Z,CAR,in,0.939,Q4 3:38,6.0,12961,Ryan Fitzgerald,K,7.3,7.0,0.44,7.44,7.44,7.44,0.089,1.0,7.44,,0.0,0
2026-10-05 03:26:20Z,DET,in,0.939,Q4 3:38,-6.0,12535,Isaac TeSlaa,WR,5.3,11.3,0.58,11.88,11.72,11.62,0.016,1.0,11.88,,0.0,0
2026-10-05 03:26:20Z,DET,in,0.939,Q4 3:38,-6.0,10859,Sam LaPorta,TE,13.0,22.4,1.34,23.74,23.34,23.19,0.0,1.0,23.74,,0.0,0
2026-10-05 03:26:20Z,DET,in,0.939,Q4 3:38,-6.0,11237,Jacob Saylors,RB,1.7,0.0,0.08,0.08,0.08,0.1,0.939,1.0,0.08,,0.0,0
2026-10-05 03:26:20Z,CAR,in,0.939,Q4 3:38,6.0,9228,Bryce Young,QB,19.4,20.98,1.28,22.26,22.2,22.15,0.106,1.0,22.26,,0.0,0
2026-10-05 03:26:20Z,CAR,in,0.939,Q4 3:38,6.0,7694,Tommy Tremble,TE,3.8,5.2,0.27,5.47,5.45,5.43,0.378,1.0,5.47,,0.0,0
2026-10-05 03:26:20Z,CAR,in,0.939,Q4 3:38,6.0,8160,Kenny Pickett,QB,0.6,0.0,0.02,0.02,0.03,0.04,0.939,0.3,0.01,,0.0,0
2026-10-05 03:26:20Z,CAR,in,0.939,Q4 3:38,6.0,CAR,Carolina Panthers D/ST,DST,4.2,0.0,0.16,0.16,0.19,0.25,0.0,1.0,0.16,,0.0,0
2026-10-05 03:26:20Z,DET,in,0.939,Q4 3:38,-6.0,8250,Tay Martin,WR,0.8,0.0,0.06,0.06,0.04,0.05,0.939,1.0,0.06,,0.0,0
2026-10-05 03:26:20Z,DET,in,0.939,Q4 3:38,-6.0,4179,Joshua Dobbs,QB,0.6,0.0,0.04,0.04,0.03,0.04,0.939,0.3,0.01,,0.0,0
2026-10-05 03:26:20Z,DET,in,0.939,Q4 3:38,-6.0,9221,Jahmyr Gibbs,RB,25.7,17.7,1.63,19.33,19.16,19.26,0.041,1.0,19.33,,0.0,0
2026-10-05 03:26:20Z,DET,in,0.939,Q4 3:38,-6.0,3163,Jared Goff,QB,18.3,19.88,1.83,21.71,21.03,20.99,0.0,1.0,21.71,,0.0,0
2026-10-05 03:26:20Z,DET,in,0.939,Q4 3:38,-6.0,8148,Jameson Williams,WR,12.7,16.2,1.21,17.41,17.03,16.97,0.061,1.0,17.41,,0.0,0
2026-10-05 03:26:20Z,DET,in,0.939,Q4 3:38,-6.0,7891,Brock Wright,TE,1.5,1.8,0.14,1.94,1.9,1.89,0.329,1.0,1.94,,0.0,0
2026-10-05 03:26:20Z,DET,in,0.939,Q4 3:38,-6.0,7547,Amon-Ra St. Brown,WR,20.0,14.2,1.71,15.91,15.34,15.41,0.0,1.0,15.91,,0.0,0
2026-10-05 03:26:20Z,CAR,in,0.939,Q4 3:38,6.0,12526,Tetairoa McMillan,WR,16.4,41.0,1.47,42.47,42.38,41.99,0.127,1.0,42.47,,0.0,0
2026-10-05 03:26:20Z,CAR,in,0.939,Q4 3:38,6.0,11646,Jalen Coker,WR,8.5,0.0,0.4,0.4,0.39,0.51,0.939,1.0,0.4,,0.0,0
2026-10-05 03:26:20Z,DET,in,0.939,Q4 3:38,-6.0,DET,Detroit Lions D/ST,DST,5.7,2.0,0.11,2.11,2.29,2.35,0.178,1.0,2.11,,0.0,0
2026-10-05 03:26:20Z,DET,in,0.939,Q4 3:38,-6.0,11729,Sione Vaki,RB,2.6,2.7,0.19,2.89,2.86,2.86,0.562,0.457,2.79,,0.0,0
2026-10-05 03:26:20Z,CAR,in,0.939,Q4 3:38,6.0,11600,Ja'Tavion Sanders,TE,2.7,0.0,0.13,0.13,0.13,0.16,0.939,1.0,0.13,,0.0,0
2026-10-05 03:26:20Z,CAR,in,0.939,Q4 3:38,6.0,7594,Chuba Hubbard,RB,16.6,25.8,1.26,27.06,26.96,26.81,0.045,1.0,27.06,,0.0,0
2026-10-05 03:26:20Z,DET,in,0.939,Q4 3:38,-6.0,11539,Jake Bates,K,9.5,18.0,0.71,18.71,18.71,18.58,0.0,1.0,18.71,,0.0,0
2026-10-05 03:26:20Z,CAR,in,0.939,Q4 3:38,6.0,2505,Darren Waller,TE,8.8,6.6,0.52,7.12,7.11,7.13,0.106,1.0,7.12,,0.0,0
2026-10-05 03:27:20Z,CAR,in,0.939,Q4 3:38,6.0,11157,Brycen Tremayne,WR,5.6,5.2,0.35,5.55,5.54,5.54,0.264,1.0,5.55,,0.0,0
2026-10-05 03:27:20Z,CAR,in,0.939,Q4 3:38,6.0,12961,Ryan Fitzgerald,K,7.3,7.0,0.44,7.44,7.44,7.44,0.089,1.0,7.44,,0.0,0
2026-10-05 03:27:20Z,DET,in,0.939,Q4 3:38,-6.0,12535,Isaac TeSlaa,WR,5.3,11.3,0.58,11.88,11.72,11.62,0.016,1.0,11.88,,0.0,0
2026-10-05 03:27:20Z,DET,in,0.939,Q4 3:38,-6.0,10859,Sam LaPorta,TE,13.0,22.4,1.34,23.74,23.34,23.19,0.0,1.0,23.74,,0.0,0
2026-10-05 03:27:20Z,DET,in,0.939,Q4 3:38,-6.0,11237,Jacob Saylors,RB,1.7,0.0,0.08,0.08,0.08,0.1,0.939,1.0,0.08,,0.0,0
2026-10-05 03:27:20Z,CAR,in,0.939,Q4 3:38,6.0,9228,Bryce Young,QB,19.4,20.98,1.28,22.26,22.2,22.15,0.106,1.0,22.26,,0.0,0
2026-10-05 03:27:20Z,CAR,in,0.939,Q4 3:38,6.0,7694,Tommy Tremble,TE,3.8,5.2,0.27,5.47,5.45,5.43,0.378,1.0,5.47,,0.0,0
2026-10-05 03:27:20Z,CAR,in,0.939,Q4 3:38,6.0,8160,Kenny Pickett,QB,0.6,0.0,0.02,0.02,0.03,0.04,0.939,0.3,0.01,,0.0,0
2026-10-05 03:27:20Z,CAR,in,0.939,Q4 3:38,6.0,CAR,Carolina Panthers D/ST,DST,4.2,0.0,0.16,0.16,0.19,0.25,0.0,1.0,0.16,,0.0,0
2026-10-05 03:27:20Z,DET,in,0.939,Q4 3:38,-6.0,8250,Tay Martin,WR,0.8,0.0,0.06,0.06,0.04,0.05,0.939,1.0,0.06,,0.0,0
2026-10-05 03:27:20Z,DET,in,0.939,Q4 3:38,-6.0,4179,Joshua Dobbs,QB,0.6,0.0,0.04,0.04,0.03,0.04,0.939,0.3,0.01,,0.0,0
2026-10-05 03:27:20Z,DET,in,0.939,Q4 3:38,-6.0,9221,Jahmyr Gibbs,RB,25.7,17.7,1.63,19.33,19.16,19.26,0.041,1.0,19.33,,0.0,0
2026-10-05 03:27:20Z,DET,in,0.939,Q4 3:38,-6.0,3163,Jared Goff,QB,18.3,19.88,1.83,21.71,21.03,20.99,0.0,1.0,21.71,,0.0,0
2026-10-05 03:27:20Z,DET,in,0.939,Q4 3:38,-6.0,8148,Jameson Williams,WR,12.7,16.2,1.21,17.41,17.03,16.97,0.061,1.0,17.41,,0.0,0
2026-10-05 03:27:20Z,DET,in,0.939,Q4 3:38,-6.0,7891,Brock Wright,TE,1.5,1.8,0.14,1.94,1.9,1.89,0.329,1.0,1.94,,0.0,0
2026-10-05 03:27:20Z,DET,in,0.939,Q4 3:38,-6.0,7547,Amon-Ra St. Brown,WR,20.0,14.2,1.71,15.91,15.34,15.41,0.0,1.0,15.91,,0.0,0
2026-10-05 03:27:20Z,CAR,in,0.939,Q4 3:38,6.0,12526,Tetairoa McMillan,WR,16.4,41.0,1.47,42.47,42.38,41.99,0.127,1.0,42.47,,0.0,0
2026-10-05 03:27:20Z,CAR,in,0.939,Q4 3:38,6.0,11646,Jalen Coker,WR,8.5,0.0,0.4,0.4,0.39,0.51,0.939,1.0,0.4,,0.0,0
2026-10-05 03:27:20Z,DET,in,0.939,Q4 3:38,-6.0,DET,Detroit Lions D/ST,DST,5.7,2.0,0.11,2.11,2.29,2.35,0.178,1.0,2.11,,0.0,0
2026-10-05 03:27:20Z,DET,in,0.939,Q4 3:38,-6.0,11729,Sione Vaki,RB,2.6,2.7,0.19,2.89,2.86,2.86,0.562,0.457,2.79,,0.0,0
2026-10-05 03:27:20Z,CAR,in,0.939,Q4 3:38,6.0,11600,Ja'Tavion Sanders,TE,2.7,0.0,0.13,0.13,0.13,0.16,0.939,1.0,0.13,,0.0,0
2026-10-05 03:27:20Z,CAR,in,0.939,Q4 3:38,6.0,7594,Chuba Hubbard,RB,16.6,25.8,1.26,27.06,26.96,26.81,0.045,1.0,27.06,,0.0,0
2026-10-05 03:27:20Z,DET,in,0.939,Q4 3:38,-6.0,11539,Jake Bates,K,9.5,18.0,0.71,18.71,18.71,18.58,0.0,1.0,18.71,,0.0,0
2026-10-05 03:27:20Z,CAR,in,0.939,Q4 3:38,6.0,2505,Darren Waller,TE,8.8,6.6,0.52,7.12,7.11,7.13,0.106,1.0,7.12,,0.0,0
2026-10-05 03:28:20Z,CAR,in,0.939,Q4 3:38,6.0,11157,Brycen Tremayne,WR,5.6,5.2,0.35,5.55,5.54,5.54,0.264,1.0,5.55,,0.0,0
2026-10-05 03:28:20Z,CAR,in,0.939,Q4 3:38,6.0,12961,Ryan Fitzgerald,K,7.3,7.0,0.44,7.44,7.44,7.44,0.089,1.0,7.44,,0.0,0
2026-10-05 03:28:20Z,DET,in,0.939,Q4 3:38,-6.0,12535,Isaac TeSlaa,WR,5.3,11.3,0.58,11.88,11.72,11.62,0.016,1.0,11.88,,0.0,0
2026-10-05 03:28:20Z,DET,in,0.939,Q4 3:38,-6.0,10859,Sam LaPorta,TE,13.0,22.4,1.34,23.74,23.34,23.19,0.0,1.0,23.74,,0.0,0
2026-10-05 03:28:20Z,DET,in,0.939,Q4 3:38,-6.0,11237,Jacob Saylors,RB,1.7,0.0,0.08,0.08,0.08,0.1,0.939,1.0,0.08,,0.0,0
2026-10-05 03:28:20Z,CAR,in,0.939,Q4 3:38,6.0,9228,Bryce Young,QB,19.4,20.98,1.28,22.26,22.2,22.15,0.106,1.0,22.26,,0.0,0
2026-10-05 03:28:20Z,CAR,in,0.939,Q4 3:38,6.0,7694,Tommy Tremble,TE,3.8,5.2,0.27,5.47,5.45,5.43,0.378,1.0,5.47,,0.0,0
2026-10-05 03:28:20Z,CAR,in,0.939,Q4 3:38,6.0,8160,Kenny Pickett,QB,0.6,0.0,0.02,0.02,0.03,0.04,0.939,0.3,0.01,,0.0,0
2026-10-05 03:28:20Z,CAR,in,0.939,Q4 3:38,6.0,CAR,Carolina Panthers D/ST,DST,4.2,0.0,0.16,0.16,0.19,0.25,0.0,1.0,0.16,,0.0,0
2026-10-05 03:28:20Z,DET,in,0.939,Q4 3:38,-6.0,8250,Tay Martin,WR,0.8,0.0,0.06,0.06,0.04,0.05,0.939,1.0,0.06,,0.0,0
2026-10-05 03:28:20Z,DET,in,0.939,Q4 3:38,-6.0,4179,Joshua Dobbs,QB,0.6,0.0,0.04,0.04,0.03,0.04,0.939,0.3,0.01,,0.0,0
2026-10-05 03:28:20Z,DET,in,0.939,Q4 3:38,-6.0,9221,Jahmyr Gibbs,RB,25.7,17.7,1.63,19.33,19.16,19.26,0.041,1.0,19.33,,0.0,0
2026-10-05 03:28:20Z,DET,in,0.939,Q4 3:38,-6.0,3163,Jared Goff,QB,18.3,19.88,1.83,21.71,21.03,20.99,0.0,1.0,21.71,,0.0,0
2026-10-05 03:28:20Z,DET,in,0.939,Q4 3:38,-6.0,8148,Jameson Williams,WR,12.7,16.2,1.21,17.41,17.03,16.97,0.061,1.0,17.41,,0.0,0
2026-10-05 03:28:20Z,DET,in,0.939,Q4 3:38,-6.0,7891,Brock Wright,TE,1.5,1.8,0.14,1.94,1.9,1.89,0.329,1.0,1.94,,0.0,0
2026-10-05 03:28:20Z,DET,in,0.939,Q4 3:38,-6.0,7547,Amon-Ra St. Brown,WR,20.0,14.2,1.71,15.91,15.34,15.41,0.0,1.0,15.91,,0.0,0
2026-10-05 03:28:20Z,CAR,in,0.939,Q4 3:38,6.0,12526,Tetairoa McMillan,WR,16.4,41.0,1.47,42.47,42.38,41.99,0.127,1.0,42.47,,0.0,0
2026-10-05 03:28:20Z,CAR,in,0.939,Q4 3:38,6.0,11646,Jalen Coker,WR,8.5,0.0,0.4,0.4,0.39,0.51,0.939,1.0,0.4,,0.0,0
2026-10-05 03:28:20Z,DET,in,0.939,Q4 3:38,-6.0,DET,Detroit Lions D/ST,DST,5.7,2.0,0.11,2.11,2.29,2.35,0.178,1.0,2.11,,0.0,0
2026-10-05 03:28:20Z,DET,in,0.939,Q4 3:38,-6.0,11729,Sione Vaki,RB,2.6,2.7,0.19,2.89,2.86,2.86,0.562,0.457,2.79,,0.0,0
2026-10-05 03:28:20Z,CAR,in,0.939,Q4 3:38,6.0,11600,Ja'Tavion Sanders,TE,2.7,0.0,0.13,0.13,0.13,0.16,0.939,1.0,0.13,,0.0,0
2026-10-05 03:28:20Z,CAR,in,0.939,Q4 3:38,6.0,7594,Chuba Hubbard,RB,16.6,25.8,1.26,27.06,26.96,26.81,0.045,1.0,27.06,,0.0,0
2026-10-05 03:28:20Z,DET,in,0.939,Q4 3:38,-6.0,11539,Jake Bates,K,9.5,18.0,0.71,18.71,18.71,18.58,0.0,1.0,18.71,,0.0,0
2026-10-05 03:28:20Z,CAR,in,0.939,Q4 3:38,6.0,2505,Darren Waller,TE,8.8,6.6,0.52,7.12,7.11,7.13,0.106,1.0,7.12,,0.0,0
2026-10-05 03:29:21Z,CAR,in,0.943,Q4 3:26,6.0,11157,Brycen Tremayne,WR,5.6,5.2,0.33,5.53,5.52,5.52,0.267,1.0,5.53,,0.0,0
2026-10-05 03:29:21Z,CAR,in,0.943,Q4 3:26,6.0,12961,Ryan Fitzgerald,K,7.3,7.0,0.42,7.42,7.42,7.42,0.093,1.0,7.42,,0.0,0
2026-10-05 03:29:21Z,DET,in,0.943,Q4 3:26,-6.0,12535,Isaac TeSlaa,WR,5.3,11.3,0.55,11.85,11.69,11.6,0.019,1.0,11.85,,0.0,0
2026-10-05 03:29:21Z,DET,in,0.943,Q4 3:26,-6.0,10859,Sam LaPorta,TE,13.0,22.4,1.26,23.66,23.29,23.14,0.003,1.0,23.66,,0.0,0
2026-10-05 03:29:21Z,DET,in,0.943,Q4 3:26,-6.0,11237,Jacob Saylors,RB,1.7,0.0,0.08,0.08,0.07,0.1,0.943,1.0,0.08,,0.0,0
2026-10-05 03:29:21Z,CAR,in,0.943,Q4 3:26,6.0,9228,Bryce Young,QB,19.4,20.98,1.21,22.19,22.13,22.09,0.109,1.0,22.19,,0.0,0
2026-10-05 03:29:21Z,CAR,in,0.943,Q4 3:26,6.0,7694,Tommy Tremble,TE,3.8,5.2,0.25,5.45,5.44,5.42,0.382,1.0,5.45,,0.0,0
2026-10-05 03:29:21Z,CAR,in,0.943,Q4 3:26,6.0,8160,Kenny Pickett,QB,0.6,0.0,0.02,0.02,0.03,0.03,0.943,0.3,0.01,,0.0,0
2026-10-05 03:29:21Z,CAR,in,0.943,Q4 3:26,6.0,CAR,Carolina Panthers D/ST,DST,4.2,0.0,0.16,0.16,0.18,0.24,0.003,1.0,0.16,,0.0,0
2026-10-05 03:29:21Z,DET,in,0.943,Q4 3:26,-6.0,8250,Tay Martin,WR,0.8,0.0,0.06,0.06,0.03,0.05,0.943,1.0,0.06,,0.0,0
2026-10-05 03:29:21Z,DET,in,0.943,Q4 3:26,-6.0,4179,Joshua Dobbs,QB,0.6,0.0,0.04,0.04,0.03,0.03,0.943,0.3,0.01,,0.0,0
2026-10-05 03:29:21Z,DET,in,0.943,Q4 3:26,-6.0,9221,Jahmyr Gibbs,RB,25.7,17.7,1.54,19.24,19.08,19.17,0.045,1.0,19.24,,0.0,0
2026-10-05 03:29:21Z,DET,in,0.943,Q4 3:26,-6.0,3163,Jared Goff,QB,18.3,19.88,1.72,21.6,20.96,20.93,0.003,1.0,21.6,,0.0,0
2026-10-05 03:29:21Z,DET,in,0.943,Q4 3:26,-6.0,8148,Jameson Williams,WR,12.7,16.2,1.14,17.34,16.99,16.93,0.065,1.0,17.34,,0.0,0
2026-10-05 03:29:21Z,DET,in,0.943,Q4 3:26,-6.0,7891,Brock Wright,TE,1.5,1.8,0.13,1.93,1.89,1.89,0.333,1.0,1.93,,0.0,0
2026-10-05 03:29:21Z,DET,in,0.943,Q4 3:26,-6.0,7547,Amon-Ra St. Brown,WR,20.0,14.2,1.62,15.82,15.28,15.34,0.003,1.0,15.82,,0.0,0
2026-10-05 03:29:21Z,CAR,in,0.943,Q4 3:26,6.0,12526,Tetairoa McMillan,WR,16.4,41.0,1.39,42.39,42.3,41.94,0.13,1.0,42.39,,0.0,0
2026-10-05 03:29:21Z,CAR,in,0.943,Q4 3:26,6.0,11646,Jalen Coker,WR,8.5,0.0,0.37,0.37,0.37,0.49,0.943,1.0,0.37,,0.0,0
2026-10-05 03:29:21Z,DET,in,0.943,Q4 3:26,-6.0,DET,Detroit Lions D/ST,DST,5.7,2.0,0.1,2.1,2.28,2.33,0.181,1.0,2.1,,0.0,0
2026-10-05 03:29:21Z,DET,in,0.943,Q4 3:26,-6.0,11729,Sione Vaki,RB,2.6,2.7,0.18,2.88,2.85,2.85,0.565,0.452,2.78,,0.0,0
2026-10-05 03:29:21Z,CAR,in,0.943,Q4 3:26,6.0,11600,Ja'Tavion Sanders,TE,2.7,0.0,0.12,0.12,0.12,0.15,0.943,1.0,0.12,,0.0,0
2026-10-05 03:29:21Z,CAR,in,0.943,Q4 3:26,6.0,7594,Chuba Hubbard,RB,16.6,25.9,1.19,27.09,27.0,26.85,0.0,1.0,27.09,,0.0,0
2026-10-05 03:29:21Z,DET,in,0.943,Q4 3:26,-6.0,11539,Jake Bates,K,9.5,18.0,0.67,18.67,18.67,18.54,0.003,1.0,18.67,,0.0,0
2026-10-05 03:29:21Z,CAR,in,0.943,Q4 3:26,6.0,2505,Darren Waller,TE,8.8,6.6,0.49,7.09,7.08,7.1,0.109,1.0,7.09,,0.0,0
2026-10-05 03:30:21Z,CAR,in,0.944,Q4 3:22,6.0,11157,Brycen Tremayne,WR,5.6,5.2,0.32,5.52,5.51,5.51,0.268,1.0,5.52,,0.0,0
2026-10-05 03:30:21Z,CAR,in,0.944,Q4 3:22,6.0,12961,Ryan Fitzgerald,K,7.3,7.0,0.41,7.41,7.41,7.41,0.094,1.0,7.41,,0.0,0
2026-10-05 03:30:21Z,DET,in,0.944,Q4 3:22,-6.0,12535,Isaac TeSlaa,WR,5.3,11.3,0.54,11.84,11.69,11.6,0.02,1.0,11.84,,0.0,0
2026-10-05 03:30:21Z,DET,in,0.944,Q4 3:22,-6.0,10859,Sam LaPorta,TE,13.0,22.4,1.24,23.64,23.27,23.13,0.004,1.0,23.64,,0.0,0
2026-10-05 03:30:21Z,DET,in,0.944,Q4 3:22,-6.0,11237,Jacob Saylors,RB,1.7,0.0,0.07,0.07,0.07,0.1,0.944,1.0,0.07,,0.0,0
2026-10-05 03:30:21Z,CAR,in,0.944,Q4 3:22,6.0,9228,Bryce Young,QB,19.4,20.98,1.19,22.17,22.11,22.07,0.11,1.0,22.17,,0.0,0
2026-10-05 03:30:21Z,CAR,in,0.944,Q4 3:22,6.0,7694,Tommy Tremble,TE,3.8,5.2,0.25,5.45,5.44,5.41,0.383,1.0,5.45,,0.0,0
2026-10-05 03:30:21Z,CAR,in,0.944,Q4 3:22,6.0,8160,Kenny Pickett,QB,0.6,0.0,0.02,0.02,0.03,0.03,0.944,0.3,0.01,,0.0,0
2026-10-05 03:30:21Z,CAR,in,0.944,Q4 3:22,6.0,CAR,Carolina Panthers D/ST,DST,4.2,0.0,0.15,0.15,0.18,0.24,0.004,1.0,0.15,,0.0,0
2026-10-05 03:30:21Z,DET,in,0.944,Q4 3:22,-6.0,8250,Tay Martin,WR,0.8,0.0,0.05,0.05,0.03,0.04,0.944,1.0,0.05,,0.0,0
2026-10-05 03:30:21Z,DET,in,0.944,Q4 3:22,-6.0,4179,Joshua Dobbs,QB,0.6,0.0,0.04,0.04,0.03,0.03,0.944,0.3,0.01,,0.0,0
2026-10-05 03:30:21Z,DET,in,0.944,Q4 3:22,-6.0,9221,Jahmyr Gibbs,RB,25.7,17.7,1.51,19.21,19.05,19.14,0.046,1.0,19.21,,0.0,0
2026-10-05 03:30:21Z,DET,in,0.944,Q4 3:22,-6.0,3163,Jared Goff,QB,18.3,19.88,1.69,21.57,20.94,20.91,0.004,1.0,21.57,,0.0,0
2026-10-05 03:30:21Z,DET,in,0.944,Q4 3:22,-6.0,8148,Jameson Williams,WR,12.7,16.2,1.12,17.32,16.97,16.91,0.066,1.0,17.32,,0.0,0
2026-10-05 03:30:21Z,DET,in,0.944,Q4 3:22,-6.0,7891,Brock Wright,TE,1.5,1.8,0.13,1.93,1.89,1.88,0.334,1.0,1.93,,0.0,0
2026-10-05 03:30:21Z,DET,in,0.944,Q4 3:22,-6.0,7547,Amon-Ra St. Brown,WR,20.0,14.2,1.59,15.79,15.26,15.32,0.004,1.0,15.79,,0.0,0
2026-10-05 03:30:21Z,CAR,in,0.944,Q4 3:22,6.0,12526,Tetairoa McMillan,WR,16.4,41.0,1.36,42.36,42.28,41.92,0.131,1.0,42.36,,0.0,0
2026-10-05 03:30:21Z,CAR,in,0.944,Q4 3:22,6.0,11646,Jalen Coker,WR,8.5,0.0,0.37,0.37,0.36,0.48,0.944,1.0,0.37,,0.0,0
2026-10-05 03:30:21Z,DET,in,0.944,Q4 3:22,-6.0,DET,Detroit Lions D/ST,DST,5.7,2.0,0.1,2.1,2.27,2.32,0.182,1.0,2.1,,0.0,0
2026-10-05 03:30:21Z,DET,in,0.944,Q4 3:22,-6.0,11729,Sione Vaki,RB,2.6,2.7,0.17,2.87,2.85,2.85,0.566,0.45,2.78,,0.0,0
2026-10-05 03:30:21Z,CAR,in,0.944,Q4 3:22,6.0,11600,Ja'Tavion Sanders,TE,2.7,0.0,0.12,0.12,0.12,0.15,0.944,1.0,0.12,,0.0,0
2026-10-05 03:30:21Z,CAR,in,0.944,Q4 3:22,6.0,7594,Chuba Hubbard,RB,16.6,25.9,1.16,27.06,26.97,26.83,0.001,1.0,27.06,,0.0,0
2026-10-05 03:30:21Z,DET,in,0.944,Q4 3:22,-6.0,11539,Jake Bates,K,9.5,18.0,0.66,18.66,18.66,18.53,0.004,1.0,18.66,,0.0,0
2026-10-05 03:30:21Z,CAR,in,0.944,Q4 3:22,6.0,2505,Darren Waller,TE,8.8,6.6,0.49,7.09,7.07,7.09,0.11,1.0,7.09,,0.0,0
2026-10-05 03:31:22Z,CAR,in,0.946,Q4 3:16,6.0,11157,Brycen Tremayne,WR,5.6,5.2,0.31,5.51,5.5,5.5,0.27,1.0,5.51,,0.0,0
2026-10-05 03:31:22Z,CAR,in,0.946,Q4 3:16,6.0,12961,Ryan Fitzgerald,K,7.3,7.0,0.4,7.4,7.4,7.4,0.095,1.0,7.4,,0.0,0
2026-10-05 03:31:22Z,DET,in,0.946,Q4 3:16,-6.0,12535,Isaac TeSlaa,WR,5.3,11.3,0.52,11.82,11.67,11.59,0.022,1.0,11.82,,0.0,0
2026-10-05 03:31:22Z,DET,in,0.946,Q4 3:16,-6.0,10859,Sam LaPorta,TE,13.0,22.4,1.2,23.6,23.25,23.11,0.006,1.0,23.6,,0.0,0
2026-10-05 03:31:22Z,DET,in,0.946,Q4 3:16,-6.0,11237,Jacob Saylors,RB,1.7,0.0,0.07,0.07,0.07,0.09,0.946,1.0,0.07,,0.0,0
2026-10-05 03:31:22Z,CAR,in,0.946,Q4 3:16,6.0,9228,Bryce Young,QB,19.4,21.62,1.17,22.79,22.72,22.68,0.0,1.0,22.79,,0.0,0
2026-10-05 03:31:22Z,CAR,in,0.946,Q4 3:16,6.0,7694,Tommy Tremble,TE,3.8,5.2,0.24,5.44,5.43,5.41,0.384,1.0,5.44,,0.0,0
2026-10-05 03:31:22Z,CAR,in,0.946,Q4 3:16,6.0,8160,Kenny Pickett,QB,0.6,0.0,0.02,0.02,0.02,0.03,0.946,0.3,0.01,,0.0,0
2026-10-05 03:31:22Z,CAR,in,0.946,Q4 3:16,6.0,CAR,Carolina Panthers D/ST,DST,4.2,0.0,0.15,0.15,0.17,0.23,0.006,1.0,0.15,,0.0,0
2026-10-05 03:31:22Z,DET,in,0.946,Q4 3:16,-6.0,8250,Tay Martin,WR,0.8,0.0,0.05,0.05,0.03,0.04,0.946,1.0,0.05,,0.0,0
2026-10-05 03:31:22Z,DET,in,0.946,Q4 3:16,-6.0,4179,Joshua Dobbs,QB,0.6,0.0,0.04,0.04,0.02,0.03,0.946,0.3,0.01,,0.0,0
2026-10-05 03:31:22Z,DET,in,0.946,Q4 3:16,-6.0,9221,Jahmyr Gibbs,RB,25.7,17.7,1.46,19.16,19.01,19.1,0.047,1.0,19.16,,0.0,0
2026-10-05 03:31:22Z,DET,in,0.946,Q4 3:16,-6.0,3163,Jared Goff,QB,18.3,19.88,1.64,21.52,20.91,20.88,0.006,1.0,21.52,,0.0,0
2026-10-05 03:31:22Z,DET,in,0.946,Q4 3:16,-6.0,8148,Jameson Williams,WR,12.7,16.2,1.09,17.29,16.95,16.89,0.068,1.0,17.29,,0.0,0
2026-10-05 03:31:22Z,DET,in,0.946,Q4 3:16,-6.0,7891,Brock Wright,TE,1.5,1.8,0.13,1.93,1.89,1.88,0.336,1.0,1.93,,0.0,0
2026-10-05 03:31:22Z,DET,in,0.946,Q4 3:16,-6.0,7547,Amon-Ra St. Brown,WR,20.0,14.2,1.54,15.74,15.22,15.29,0.006,1.0,15.74,,0.0,0
2026-10-05 03:31:22Z,CAR,in,0.946,Q4 3:16,6.0,12526,Tetairoa McMillan,WR,16.4,43.6,1.36,44.96,44.88,44.49,0.0,1.0,44.96,,0.0,0
2026-10-05 03:31:22Z,CAR,in,0.946,Q4 3:16,6.0,11646,Jalen Coker,WR,8.5,0.0,0.36,0.36,0.35,0.46,0.946,1.0,0.36,,0.0,0
2026-10-05 03:31:22Z,DET,in,0.946,Q4 3:16,-6.0,DET,Detroit Lions D/ST,DST,5.7,2.0,0.1,2.1,2.26,2.31,0.184,1.0,2.1,,0.0,0
2026-10-05 03:31:22Z,DET,in,0.946,Q4 3:16,-6.0,11729,Sione Vaki,RB,2.6,2.7,0.17,2.87,2.84,2.84,0.568,0.448,2.77,,0.0,0
2026-10-05 03:31:22Z,CAR,in,0.946,Q4 3:16,6.0,11600,Ja'Tavion Sanders,TE,2.7,0.0,0.11,0.11,0.11,0.15,0.946,1.0,0.11,,0.0,0
2026-10-05 03:31:22Z,CAR,in,0.946,Q4 3:16,6.0,7594,Chuba Hubbard,RB,16.6,25.9,1.13,27.03,26.94,26.8,0.003,1.0,27.03,,0.0,0
2026-10-05 03:31:22Z,DET,in,0.946,Q4 3:16,-6.0,11539,Jake Bates,K,9.5,18.0,0.64,18.64,18.64,18.52,0.006,1.0,18.64,,0.0,0
2026-10-05 03:31:22Z,CAR,in,0.946,Q4 3:16,6.0,2505,Darren Waller,TE,8.8,6.6,0.47,7.07,7.06,7.08,0.112,1.0,7.07,,0.0,0
2026-10-05 03:32:22Z,CAR,in,0.949,Q4 3:04,6.0,11157,Brycen Tremayne,WR,5.6,5.2,0.3,5.5,5.48,5.49,0.273,1.0,5.5,,0.0,0
2026-10-05 03:32:22Z,CAR,in,0.949,Q4 3:04,6.0,12961,Ryan Fitzgerald,K,7.3,7.0,0.37,7.37,7.37,7.37,0.099,1.0,7.37,,0.0,0
2026-10-05 03:32:22Z,DET,in,0.949,Q4 3:04,-6.0,12535,Isaac TeSlaa,WR,5.3,11.3,0.49,11.79,11.65,11.57,0.025,1.0,11.79,,0.0,0
2026-10-05 03:32:22Z,DET,in,0.949,Q4 3:04,-6.0,10859,Sam LaPorta,TE,13.0,22.4,1.13,23.53,23.19,23.06,0.009,1.0,23.53,,0.0,0
2026-10-05 03:32:22Z,DET,in,0.949,Q4 3:04,-6.0,11237,Jacob Saylors,RB,1.7,0.0,0.07,0.07,0.07,0.09,0.949,1.0,0.07,,0.0,0
2026-10-05 03:32:22Z,CAR,in,0.949,Q4 3:04,6.0,9228,Bryce Young,QB,19.4,21.86,1.1,22.96,22.9,22.85,0.0,1.0,22.96,,0.0,0
2026-10-05 03:32:22Z,CAR,in,0.949,Q4 3:04,6.0,7694,Tommy Tremble,TE,3.8,5.2,0.22,5.42,5.41,5.39,0.388,1.0,5.42,,0.0,0
2026-10-05 03:32:22Z,CAR,in,0.949,Q4 3:04,6.0,8160,Kenny Pickett,QB,0.6,0.0,0.02,0.02,0.02,0.03,0.949,0.3,0.01,,0.0,0
2026-10-05 03:32:22Z,CAR,in,0.949,Q4 3:04,6.0,CAR,Carolina Panthers D/ST,DST,4.2,0.0,0.14,0.14,0.16,0.21,0.009,1.0,0.14,,0.0,0
2026-10-05 03:32:22Z,DET,in,0.949,Q4 3:04,-6.0,8250,Tay Martin,WR,0.8,0.0,0.05,0.05,0.03,0.04,0.949,1.0,0.05,,0.0,0
2026-10-05 03:32:22Z,DET,in,0.949,Q4 3:04,-6.0,4179,Joshua Dobbs,QB,0.6,0.0,0.04,0.04,0.02,0.03,0.949,0.3,0.01,,0.0,0
2026-10-05 03:32:22Z,DET,in,0.949,Q4 3:04,-6.0,9221,Jahmyr Gibbs,RB,25.7,17.7,1.37,19.07,18.93,19.01,0.051,1.0,19.07,,0.0,0
2026-10-05 03:32:22Z,DET,in,0.949,Q4 3:04,-6.0,3163,Jared Goff,QB,18.3,19.88,1.54,21.42,20.85,20.82,0.009,1.0,21.42,,0.0,0
2026-10-05 03:32:22Z,DET,in,0.949,Q4 3:04,-6.0,8148,Jameson Williams,WR,12.7,16.2,1.02,17.22,16.9,16.85,0.071,1.0,17.22,,0.0,0
2026-10-05 03:32:22Z,DET,in,0.949,Q4 3:04,-6.0,7891,Brock Wright,TE,1.5,1.8,0.12,1.92,1.88,1.88,0.339,1.0,1.92,,0.0,0
2026-10-05 03:32:22Z,DET,in,0.949,Q4 3:04,-6.0,7547,Amon-Ra St. Brown,WR,20.0,14.2,1.44,15.64,15.16,15.22,0.009,1.0,15.64,,0.0,0
2026-10-05 03:32:22Z,CAR,in,0.949,Q4 3:04,6.0,12526,Tetairoa McMillan,WR,16.4,45.2,1.29,46.49,46.42,46.04,0.0,1.0,46.49,,0.0,0
2026-10-05 03:32:22Z,CAR,in,0.949,Q4 3:04,6.0,11646,Jalen Coker,WR,8.5,0.0,0.33,0.33,0.33,0.43,0.949,1.0,0.33,,0.0,0
2026-10-05 03:32:22Z,DET,in,0.949,Q4 3:04,-6.0,DET,Detroit Lions D/ST,DST,5.7,2.0,0.09,2.09,2.25,2.29,0.187,1.0,2.09,,0.0,0
2026-10-05 03:32:22Z,DET,in,0.949,Q4 3:04,-6.0,11729,Sione Vaki,RB,2.6,2.7,0.16,2.86,2.84,2.83,0.571,0.443,2.77,,0.0,0
2026-10-05 03:32:22Z,CAR,in,0.949,Q4 3:04,6.0,11600,Ja'Tavion Sanders,TE,2.7,0.0,0.11,0.11,0.11,0.14,0.949,1.0,0.11,,0.0,0
2026-10-05 03:32:22Z,CAR,in,0.949,Q4 3:04,6.0,7594,Chuba Hubbard,RB,16.6,25.9,1.06,26.96,26.88,26.75,0.006,1.0,26.96,,0.0,0
2026-10-05 03:32:22Z,DET,in,0.949,Q4 3:04,-6.0,11539,Jake Bates,K,9.5,18.0,0.6,18.6,18.6,18.49,0.009,1.0,18.6,,0.0,0
2026-10-05 03:32:22Z,CAR,in,0.949,Q4 3:04,6.0,2505,Darren Waller,TE,8.8,6.6,0.44,7.04,7.03,7.05,0.115,1.0,7.04,,0.0,0
2026-10-05 03:33:23Z,CAR,in,0.95,Q4 3:00,6.0,11157,Brycen Tremayne,WR,5.6,5.2,0.29,5.49,5.48,5.48,0.274,1.0,5.49,,0.0,0
2026-10-05 03:33:23Z,CAR,in,0.95,Q4 3:00,6.0,12961,Ryan Fitzgerald,K,7.3,7.0,0.37,7.37,7.37,7.37,0.1,1.0,7.37,,0.0,0
2026-10-05 03:33:23Z,DET,in,0.95,Q4 3:00,-6.0,12535,Isaac TeSlaa,WR,5.3,11.3,0.48,11.78,11.64,11.57,0.026,1.0,11.78,,0.0,0
2026-10-05 03:33:23Z,DET,in,0.95,Q4 3:00,-6.0,10859,Sam LaPorta,TE,13.0,22.4,1.1,23.5,23.18,23.05,0.011,1.0,23.5,,0.0,0
2026-10-05 03:33:23Z,DET,in,0.95,Q4 3:00,-6.0,11237,Jacob Saylors,RB,1.7,0.0,0.07,0.07,0.06,0.09,0.95,1.0,0.07,,0.0,0
2026-10-05 03:33:23Z,CAR,in,0.95,Q4 3:00,6.0,9228,Bryce Young,QB,19.4,21.86,1.07,22.93,22.87,22.83,0.001,1.0,22.93,,0.0,0
2026-10-05 03:33:23Z,CAR,in,0.95,Q4 3:00,6.0,7694,Tommy Tremble,TE,3.8,5.2,0.22,5.42,5.41,5.39,0.389,1.0,5.42,,0.0,0
2026-10-05 03:33:23Z,CAR,in,0.95,Q4 3:00,6.0,8160,Kenny Pickett,QB,0.6,0.0,0.02,0.02,0.02,0.03,0.95,0.3,0.01,,0.0,0
2026-10-05 03:33:23Z,CAR,in,0.95,Q4 3:00,6.0,CAR,Carolina Panthers D/ST,DST,4.2,0.0,0.14,0.14,0.16,0.21,0.011,1.0,0.14,,0.0,0
2026-10-05 03:33:23Z,DET,in,0.95,Q4 3:00,-6.0,8250,Tay Martin,WR,0.8,0.0,0.05,0.05,0.03,0.04,0.95,1.0,0.05,,0.0,0
2026-10-05 03:33:23Z,DET,in,0.95,Q4 3:00,-6.0,4179,Joshua Dobbs,QB,0.6,0.0,0.03,0.03,0.02,0.03,0.95,0.3,0.01,,0.0,0
2026-10-05 03:33:23Z,DET,in,0.95,Q4 3:00,-6.0,9221,Jahmyr Gibbs,RB,25.7,17.7,1.34,19.04,18.9,18.98,0.052,1.0,19.04,,0.0,0
2026-10-05 03:33:23Z,DET,in,0.95,Q4 3:00,-6.0,3163,Jared Goff,QB,18.3,19.88,1.5,21.38,20.83,20.79,0.011,1.0,21.38,,0.0,0
2026-10-05 03:33:23Z,DET,in,0.95,Q4 3:00,-6.0,8148,Jameson Williams,WR,12.7,16.2,1.0,17.2,16.89,16.84,0.072,1.0,17.2,,0.0,0
2026-10-05 03:33:23Z,DET,in,0.95,Q4 3:00,-6.0,7891,Brock Wright,TE,1.5,1.8,0.12,1.92,1.88,1.88,0.34,1.0,1.92,,0.0,0
2026-10-05 03:33:23Z,DET,in,0.95,Q4 3:00,-6.0,7547,Amon-Ra St. Brown,WR,20.0,14.2,1.41,15.61,15.14,15.2,0.011,1.0,15.61,,0.0,0
2026-10-05 03:33:23Z,CAR,in,0.95,Q4 3:00,6.0,12526,Tetairoa McMillan,WR,16.4,45.2,1.27,46.47,46.39,46.02,0.001,1.0,46.47,,0.0,0
2026-10-05 03:33:23Z,CAR,in,0.95,Q4 3:00,6.0,11646,Jalen Coker,WR,8.5,0.0,0.33,0.33,0.32,0.43,0.95,1.0,0.33,,0.0,0
2026-10-05 03:33:23Z,DET,in,0.95,Q4 3:00,-6.0,DET,Detroit Lions D/ST,DST,5.7,2.0,0.09,2.09,2.24,2.29,0.188,1.0,2.09,,0.0,0
2026-10-05 03:33:23Z,DET,in,0.95,Q4 3:00,-6.0,11729,Sione Vaki,RB,2.6,2.7,0.15,2.85,2.83,2.83,0.573,0.441,2.77,,0.0,0
2026-10-05 03:33:23Z,CAR,in,0.95,Q4 3:00,6.0,11600,Ja'Tavion Sanders,TE,2.7,0.0,0.1,0.1,0.1,0.14,0.95,1.0,0.1,,0.0,0
2026-10-05 03:33:23Z,CAR,in,0.95,Q4 3:00,6.0,7594,Chuba Hubbard,RB,16.6,25.9,1.03,26.93,26.86,26.73,0.007,1.0,26.93,,0.0,0
2026-10-05 03:33:23Z,DET,in,0.95,Q4 3:00,-6.0,11539,Jake Bates,K,9.5,18.0,0.59,18.59,18.59,18.48,0.011,1.0,18.59,,0.0,0
2026-10-05 03:33:23Z,CAR,in,0.95,Q4 3:00,6.0,2505,Darren Waller,TE,8.8,6.6,0.43,7.03,7.02,7.04,0.116,1.0,7.03,,0.0,0
2026-10-05 03:34:23Z,CAR,in,0.95,Q4 3:00,6.0,11157,Brycen Tremayne,WR,5.6,5.2,0.29,5.49,5.48,5.48,0.274,1.0,5.49,,0.0,0
2026-10-05 03:34:23Z,CAR,in,0.95,Q4 3:00,6.0,12961,Ryan Fitzgerald,K,7.3,7.0,0.37,7.37,7.37,7.37,0.1,1.0,7.37,,0.0,0
2026-10-05 03:34:23Z,DET,in,0.95,Q4 3:00,-6.0,12535,Isaac TeSlaa,WR,5.3,11.3,0.48,11.78,11.64,11.57,0.026,1.0,11.78,,0.0,0
2026-10-05 03:34:23Z,DET,in,0.95,Q4 3:00,-6.0,10859,Sam LaPorta,TE,13.0,22.4,1.1,23.5,23.18,23.05,0.011,1.0,23.5,,0.0,0
2026-10-05 03:34:23Z,DET,in,0.95,Q4 3:00,-6.0,11237,Jacob Saylors,RB,1.7,0.0,0.07,0.07,0.06,0.09,0.95,1.0,0.07,,0.0,0
2026-10-05 03:34:23Z,CAR,in,0.95,Q4 3:00,6.0,9228,Bryce Young,QB,19.4,21.96,1.08,23.04,22.97,22.93,0.0,1.0,23.04,,0.0,0
2026-10-05 03:34:23Z,CAR,in,0.95,Q4 3:00,6.0,7694,Tommy Tremble,TE,3.8,5.2,0.22,5.42,5.41,5.39,0.389,1.0,5.42,,0.0,0
2026-10-05 03:34:23Z,CAR,in,0.95,Q4 3:00,6.0,8160,Kenny Pickett,QB,0.6,0.0,0.02,0.02,0.02,0.03,0.95,0.3,0.01,,0.0,0
2026-10-05 03:34:23Z,CAR,in,0.95,Q4 3:00,6.0,CAR,Carolina Panthers D/ST,DST,4.2,0.0,0.14,0.14,0.16,0.21,0.011,1.0,0.14,,0.0,0
2026-10-05 03:34:23Z,DET,in,0.95,Q4 3:00,-6.0,8250,Tay Martin,WR,0.8,0.0,0.05,0.05,0.03,0.04,0.95,1.0,0.05,,0.0,0
2026-10-05 03:34:23Z,DET,in,0.95,Q4 3:00,-6.0,4179,Joshua Dobbs,QB,0.6,0.0,0.03,0.03,0.02,0.03,0.95,0.3,0.01,,0.0,0
2026-10-05 03:34:23Z,DET,in,0.95,Q4 3:00,-6.0,9221,Jahmyr Gibbs,RB,25.7,17.7,1.34,19.04,18.9,18.98,0.052,1.0,19.04,,0.0,0
2026-10-05 03:34:23Z,DET,in,0.95,Q4 3:00,-6.0,3163,Jared Goff,QB,18.3,19.88,1.5,21.38,20.83,20.79,0.011,1.0,21.38,,0.0,0
2026-10-05 03:34:23Z,DET,in,0.95,Q4 3:00,-6.0,8148,Jameson Williams,WR,12.7,16.2,1.0,17.2,16.89,16.84,0.072,1.0,17.2,,0.0,0
2026-10-05 03:34:23Z,DET,in,0.95,Q4 3:00,-6.0,7891,Brock Wright,TE,1.5,1.8,0.12,1.92,1.88,1.88,0.34,1.0,1.92,,0.0,0
2026-10-05 03:34:23Z,DET,in,0.95,Q4 3:00,-6.0,7547,Amon-Ra St. Brown,WR,20.0,14.2,1.41,15.61,15.14,15.2,0.011,1.0,15.61,,0.0,0
2026-10-05 03:34:23Z,CAR,in,0.95,Q4 3:00,6.0,12526,Tetairoa McMillan,WR,16.4,45.2,1.27,46.47,46.39,46.02,0.001,1.0,46.47,,0.0,0
2026-10-05 03:34:23Z,CAR,in,0.95,Q4 3:00,6.0,11646,Jalen Coker,WR,8.5,0.0,0.33,0.33,0.32,0.43,0.95,1.0,0.33,,0.0,0
2026-10-05 03:34:23Z,DET,in,0.95,Q4 3:00,-6.0,DET,Detroit Lions D/ST,DST,5.7,2.0,0.09,2.09,2.24,2.29,0.188,1.0,2.09,,0.0,0
2026-10-05 03:34:23Z,DET,in,0.95,Q4 3:00,-6.0,11729,Sione Vaki,RB,2.6,2.7,0.15,2.85,2.83,2.83,0.573,0.441,2.77,,0.0,0
2026-10-05 03:34:23Z,CAR,in,0.95,Q4 3:00,6.0,11600,Ja'Tavion Sanders,TE,2.7,0.0,0.1,0.1,0.1,0.14,0.95,1.0,0.1,,0.0,0
2026-10-05 03:34:23Z,CAR,in,0.95,Q4 3:00,6.0,7594,Chuba Hubbard,RB,16.6,25.9,1.03,26.93,26.86,26.73,0.007,1.0,26.93,,0.0,0
2026-10-05 03:34:23Z,DET,in,0.95,Q4 3:00,-6.0,11539,Jake Bates,K,9.5,18.0,0.59,18.59,18.59,18.48,0.011,1.0,18.59,,0.0,0
2026-10-05 03:34:23Z,CAR,in,0.95,Q4 3:00,6.0,2505,Darren Waller,TE,8.8,6.6,0.43,7.03,7.02,7.04,0.116,1.0,7.03,,0.0,0
2026-10-05 03:35:24Z,CAR,in,0.963,Q4 2:12,6.0,11157,Brycen Tremayne,WR,5.6,5.2,0.21,5.41,5.4,5.41,0.288,1.0,5.41,,0.0,0
2026-10-05 03:35:24Z,CAR,in,0.963,Q4 2:12,6.0,12961,Ryan Fitzgerald,K,7.3,7.0,0.27,7.27,7.27,7.27,0.113,1.0,7.27,,0.0,0
2026-10-05 03:35:24Z,DET,in,0.963,Q4 2:12,-6.0,12535,Isaac TeSlaa,WR,5.3,11.3,0.35,11.65,11.55,11.49,0.039,1.0,11.65,,0.0,0
2026-10-05 03:35:24Z,DET,in,0.963,Q4 2:12,-6.0,10859,Sam LaPorta,TE,13.0,22.4,0.81,23.21,22.97,22.88,0.024,1.0,23.21,,0.0,0
2026-10-05 03:35:24Z,DET,in,0.963,Q4 2:12,-6.0,11237,Jacob Saylors,RB,1.7,0.0,0.05,0.05,0.05,0.06,0.963,1.0,0.05,,0.0,0
2026-10-05 03:35:24Z,CAR,in,0.963,Q4 2:12,6.0,9228,Bryce Young,QB,19.4,21.96,0.78,22.74,22.7,22.67,0.013,1.0,22.74,,0.0,0
2026-10-05 03:35:24Z,CAR,in,0.963,Q4 2:12,6.0,7694,Tommy Tremble,TE,3.8,5.2,0.16,5.36,5.35,5.34,0.402,1.0,5.36,,0.0,0
2026-10-05 03:35:24Z,CAR,in,0.963,Q4 2:12,6.0,8160,Kenny Pickett,QB,0.6,0.0,0.01,0.01,0.02,0.02,0.963,0.3,0.0,,0.0,0
2026-10-05 03:35:24Z,CAR,in,0.963,Q4 2:12,6.0,CAR,Carolina Panthers D/ST,DST,4.2,0.0,0.1,0.1,0.12,0.15,0.024,1.0,0.1,,0.0,0
2026-10-05 03:35:24Z,DET,in,0.963,Q4 2:12,-6.0,8250,Tay Martin,WR,0.8,0.0,0.04,0.04,0.02,0.03,0.963,1.0,0.04,,0.0,0
2026-10-05 03:35:24Z,DET,in,0.963,Q4 2:12,-6.0,4179,Joshua Dobbs,QB,0.6,0.0,0.03,0.03,0.02,0.02,0.963,0.3,0.01,,0.0,0
2026-10-05 03:35:24Z,DET,in,0.963,Q4 2:12,-6.0,9221,Jahmyr Gibbs,RB,25.7,17.7,0.98,18.68,18.58,18.64,0.065,1.0,18.68,,0.0,0
2026-10-05 03:35:24Z,DET,in,0.963,Q4 2:12,-6.0,3163,Jared Goff,QB,18.3,19.88,1.1,20.98,20.57,20.55,0.024,1.0,20.98,,0.0,0
2026-10-05 03:35:24Z,DET,in,0.963,Q4 2:12,-6.0,8148,Jameson Williams,WR,12.7,16.2,0.73,16.93,16.7,16.67,0.085,1.0,16.93,,0.0,0
2026-10-05 03:35:24Z,DET,in,0.963,Q4 2:12,-6.0,7891,Brock Wright,TE,1.5,1.8,0.08,1.88,1.86,1.85,0.353,1.0,1.88,,0.0,0
2026-10-05 03:35:24Z,DET,in,0.963,Q4 2:12,-6.0,7547,Amon-Ra St. Brown,WR,20.0,14.2,1.03,15.23,14.89,14.93,0.024,1.0,15.23,,0.0,0
2026-10-05 03:35:24Z,CAR,in,0.963,Q4 2:12,6.0,12526,Tetairoa McMillan,WR,16.4,45.2,0.92,46.12,46.07,45.8,0.014,1.0,46.12,,0.0,0
2026-10-05 03:35:24Z,CAR,in,0.963,Q4 2:12,6.0,11646,Jalen Coker,WR,8.5,0.0,0.24,0.24,0.24,0.31,0.963,1.0,0.24,,0.0,0
2026-10-05 03:35:24Z,DET,in,0.963,Q4 2:12,-6.0,DET,Detroit Lions D/ST,DST,5.7,2.0,0.07,2.07,2.18,2.21,0.202,1.0,2.07,,0.0,0
2026-10-05 03:35:24Z,DET,in,0.963,Q4 2:12,-6.0,11729,Sione Vaki,RB,2.6,2.7,0.11,2.81,2.8,2.8,0.586,0.421,2.75,,0.0,0
2026-10-05 03:35:24Z,CAR,in,0.963,Q4 2:12,6.0,11600,Ja'Tavion Sanders,TE,2.7,0.0,0.08,0.08,0.08,0.1,0.963,1.0,0.08,,0.0,0
2026-10-05 03:35:24Z,CAR,in,0.963,Q4 2:12,6.0,7594,Chuba Hubbard,RB,16.6,25.9,0.75,26.65,26.6,26.51,0.021,1.0,26.65,,0.0,0
2026-10-05 03:35:24Z,DET,in,0.963,Q4 2:12,-6.0,11539,Jake Bates,K,9.5,18.0,0.43,18.43,18.43,18.35,0.024,1.0,18.43,,0.0,0
2026-10-05 03:35:24Z,CAR,in,0.963,Q4 2:12,6.0,2505,Darren Waller,TE,8.8,6.6,0.32,6.92,6.91,6.92,0.129,1.0,6.92,,0.0,0
2026-10-05 03:36:24Z,CAR,in,0.967,Q4 2:00,6.0,11157,Brycen Tremayne,WR,5.6,5.2,0.19,5.39,5.38,5.39,0.291,1.0,5.39,,0.0,0
2026-10-05 03:36:24Z,CAR,in,0.967,Q4 2:00,6.0,12961,Ryan Fitzgerald,K,7.3,7.0,0.24,7.24,7.24,7.24,0.116,1.0,7.24,,0.0,0
2026-10-05 03:36:24Z,DET,in,0.967,Q4 2:00,-6.0,12535,Isaac TeSlaa,WR,5.3,11.3,0.32,11.62,11.53,11.48,0.043,1.0,11.62,,0.0,0
2026-10-05 03:36:24Z,DET,in,0.967,Q4 2:00,-6.0,10859,Sam LaPorta,TE,13.0,22.4,0.73,23.13,22.92,22.83,0.027,1.0,23.13,,0.0,0
2026-10-05 03:36:24Z,DET,in,0.967,Q4 2:00,-6.0,11237,Jacob Saylors,RB,1.7,0.0,0.04,0.04,0.04,0.06,0.967,1.0,0.04,,0.0,0
2026-10-05 03:36:24Z,CAR,in,0.967,Q4 2:00,6.0,9228,Bryce Young,QB,19.4,21.86,0.71,22.57,22.53,22.51,0.0,1.0,22.57,,0.0,0
2026-10-05 03:36:24Z,CAR,in,0.967,Q4 2:00,6.0,7694,Tommy Tremble,TE,3.8,5.2,0.15,5.35,5.34,5.33,0.406,1.0,5.35,,0.0,0
2026-10-05 03:36:24Z,CAR,in,0.967,Q4 2:00,6.0,8160,Kenny Pickett,QB,0.6,0.0,0.01,0.01,0.02,0.02,0.967,0.3,0.0,,0.0,0
2026-10-05 03:36:24Z,CAR,in,0.967,Q4 2:00,6.0,CAR,Carolina Panthers D/ST,DST,4.2,0.0,0.09,0.09,0.11,0.14,0.027,1.0,0.09,,0.0,0
2026-10-05 03:36:24Z,DET,in,0.967,Q4 2:00,-6.0,8250,Tay Martin,WR,0.8,0.0,0.03,0.03,0.02,0.03,0.967,1.0,0.03,,0.0,0
2026-10-05 03:36:24Z,DET,in,0.967,Q4 2:00,-6.0,4179,Joshua Dobbs,QB,0.6,0.0,0.02,0.02,0.02,0.02,0.967,0.3,0.01,,0.0,0
2026-10-05 03:36:24Z,DET,in,0.967,Q4 2:00,-6.0,9221,Jahmyr Gibbs,RB,25.7,17.7,0.89,18.59,18.5,18.56,0.069,1.0,18.59,,0.0,0
2026-10-05 03:36:24Z,DET,in,0.967,Q4 2:00,-6.0,3163,Jared Goff,QB,18.3,19.88,1.0,20.88,20.51,20.49,0.027,1.0,20.88,,0.0,0
2026-10-05 03:36:24Z,DET,in,0.967,Q4 2:00,-6.0,8148,Jameson Williams,WR,12.7,16.2,0.66,16.86,16.66,16.62,0.089,1.0,16.86,,0.0,0
2026-10-05 03:36:24Z,DET,in,0.967,Q4 2:00,-6.0,7891,Brock Wright,TE,1.5,1.8,0.08,1.88,1.85,1.85,0.357,1.0,1.88,,0.0,0
2026-10-05 03:36:24Z,DET,in,0.967,Q4 2:00,-6.0,7547,Amon-Ra St. Brown,WR,20.0,14.2,0.94,15.14,14.82,14.87,0.027,1.0,15.14,,0.0,0
2026-10-05 03:36:24Z,CAR,in,0.967,Q4 2:00,6.0,12526,Tetairoa McMillan,WR,16.4,45.2,0.84,46.04,45.99,45.75,0.018,1.0,46.04,,0.0,0
2026-10-05 03:36:24Z,CAR,in,0.967,Q4 2:00,6.0,11646,Jalen Coker,WR,8.5,0.0,0.22,0.22,0.21,0.28,0.967,1.0,0.22,,0.0,0
2026-10-05 03:36:24Z,DET,in,0.967,Q4 2:00,-6.0,DET,Detroit Lions D/ST,DST,5.7,3.0,0.05,3.05,3.17,3.19,0.0,1.0,3.05,,0.0,0
2026-10-05 03:36:24Z,DET,in,0.967,Q4 2:00,-6.0,11729,Sione Vaki,RB,2.6,2.7,0.1,2.8,2.79,2.79,0.589,0.416,2.74,,0.0,0
2026-10-05 03:36:24Z,CAR,in,0.967,Q4 2:00,6.0,11600,Ja'Tavion Sanders,TE,2.7,0.0,0.07,0.07,0.07,0.09,0.967,1.0,0.07,,0.0,0
2026-10-05 03:36:24Z,CAR,in,0.967,Q4 2:00,6.0,7594,Chuba Hubbard,RB,16.6,25.9,0.68,26.58,26.54,26.45,0.024,1.0,26.58,,0.0,0
2026-10-05 03:36:24Z,DET,in,0.967,Q4 2:00,-6.0,11539,Jake Bates,K,9.5,18.0,0.39,18.39,18.39,18.32,0.027,1.0,18.39,,0.0,0
2026-10-05 03:36:24Z,CAR,in,0.967,Q4 2:00,6.0,2505,Darren Waller,TE,8.8,6.6,0.29,6.89,6.88,6.89,0.133,1.0,6.89,,0.0,0
2026-10-05 03:37:24Z,CAR,in,0.967,Q4 2:00,6.0,11157,Brycen Tremayne,WR,5.6,5.2,0.19,5.39,5.38,5.39,0.291,1.0,5.39,,0.0,0
2026-10-05 03:37:24Z,CAR,in,0.967,Q4 2:00,6.0,12961,Ryan Fitzgerald,K,7.3,7.0,0.24,7.24,7.24,7.24,0.116,1.0,7.24,,0.0,0
2026-10-05 03:37:24Z,DET,in,0.967,Q4 2:00,-6.0,12535,Isaac TeSlaa,WR,5.3,11.3,0.32,11.62,11.53,11.48,0.043,1.0,11.62,,0.0,0
2026-10-05 03:37:24Z,DET,in,0.967,Q4 2:00,-6.0,10859,Sam LaPorta,TE,13.0,22.4,0.73,23.13,22.92,22.83,0.027,1.0,23.13,,0.0,0
2026-10-05 03:37:24Z,DET,in,0.967,Q4 2:00,-6.0,11237,Jacob Saylors,RB,1.7,0.0,0.04,0.04,0.04,0.06,0.967,1.0,0.04,,0.0,0
2026-10-05 03:37:24Z,CAR,in,0.967,Q4 2:00,6.0,9228,Bryce Young,QB,19.4,21.86,0.71,22.57,22.53,22.51,0.0,1.0,22.57,,0.0,0
2026-10-05 03:37:24Z,CAR,in,0.967,Q4 2:00,6.0,7694,Tommy Tremble,TE,3.8,5.2,0.15,5.35,5.34,5.33,0.406,1.0,5.35,,0.0,0
2026-10-05 03:37:24Z,CAR,in,0.967,Q4 2:00,6.0,8160,Kenny Pickett,QB,0.6,0.0,0.01,0.01,0.02,0.02,0.967,0.3,0.0,,0.0,0
2026-10-05 03:37:24Z,CAR,in,0.967,Q4 2:00,6.0,CAR,Carolina Panthers D/ST,DST,4.2,0.0,0.09,0.09,0.11,0.14,0.027,1.0,0.09,,0.0,0
2026-10-05 03:37:24Z,DET,in,0.967,Q4 2:00,-6.0,8250,Tay Martin,WR,0.8,0.0,0.03,0.03,0.02,0.03,0.967,1.0,0.03,,0.0,0
2026-10-05 03:37:24Z,DET,in,0.967,Q4 2:00,-6.0,4179,Joshua Dobbs,QB,0.6,0.0,0.02,0.02,0.02,0.02,0.967,0.3,0.01,,0.0,0
2026-10-05 03:37:24Z,DET,in,0.967,Q4 2:00,-6.0,9221,Jahmyr Gibbs,RB,25.7,17.7,0.89,18.59,18.5,18.56,0.069,1.0,18.59,,0.0,0
2026-10-05 03:37:24Z,DET,in,0.967,Q4 2:00,-6.0,3163,Jared Goff,QB,18.3,20.0,1.0,21.0,20.63,20.61,0.0,1.0,21.0,,0.0,0
2026-10-05 03:37:24Z,DET,in,0.967,Q4 2:00,-6.0,8148,Jameson Williams,WR,12.7,16.2,0.66,16.86,16.66,16.62,0.089,1.0,16.86,,0.0,0
2026-10-05 03:37:24Z,DET,in,0.967,Q4 2:00,-6.0,7891,Brock Wright,TE,1.5,1.8,0.08,1.88,1.85,1.85,0.357,1.0,1.88,,0.0,0
2026-10-05 03:37:24Z,DET,in,0.967,Q4 2:00,-6.0,7547,Amon-Ra St. Brown,WR,20.0,15.5,0.95,16.45,16.13,16.17,0.0,1.0,16.45,,0.0,0
2026-10-05 03:37:24Z,CAR,in,0.967,Q4 2:00,6.0,12526,Tetairoa McMillan,WR,16.4,45.2,0.84,46.04,45.99,45.75,0.018,1.0,46.04,,0.0,0
2026-10-05 03:37:24Z,CAR,in,0.967,Q4 2:00,6.0,11646,Jalen Coker,WR,8.5,0.0,0.22,0.22,0.21,0.28,0.967,1.0,0.22,,0.0,0
2026-10-05 03:37:24Z,DET,in,0.967,Q4 2:00,-6.0,DET,Detroit Lions D/ST,DST,5.7,3.0,0.05,3.05,3.17,3.19,0.0,1.0,3.05,,0.0,0
2026-10-05 03:37:24Z,DET,in,0.967,Q4 2:00,-6.0,11729,Sione Vaki,RB,2.6,2.7,0.1,2.8,2.79,2.79,0.589,0.416,2.74,,0.0,0
2026-10-05 03:37:24Z,CAR,in,0.967,Q4 2:00,6.0,11600,Ja'Tavion Sanders,TE,2.7,0.0,0.07,0.07,0.07,0.09,0.967,1.0,0.07,,0.0,0
2026-10-05 03:37:24Z,CAR,in,0.967,Q4 2:00,6.0,7594,Chuba Hubbard,RB,16.6,25.9,0.68,26.58,26.54,26.45,0.024,1.0,26.58,,0.0,0
2026-10-05 03:37:24Z,DET,in,0.967,Q4 2:00,-6.0,11539,Jake Bates,K,9.5,18.0,0.39,18.39,18.39,18.32,0.027,1.0,18.39,,0.0,0
2026-10-05 03:37:24Z,CAR,in,0.967,Q4 2:00,6.0,2505,Darren Waller,TE,8.8,6.6,0.29,6.89,6.88,6.89,0.133,1.0,6.89,,0.0,0
2026-10-05 03:38:25Z,CAR,in,0.974,Q4 1:34,6.0,11157,Brycen Tremayne,WR,5.6,5.2,0.15,5.35,5.34,5.35,0.298,1.0,5.35,,0.0,0
2026-10-05 03:38:25Z,CAR,in,0.974,Q4 1:34,6.0,12961,Ryan Fitzgerald,K,7.3,7.0,0.19,7.19,7.19,7.19,0.124,1.0,7.19,,0.0,0
2026-10-05 03:38:25Z,DET,in,0.974,Q4 1:34,-6.0,12535,Isaac TeSlaa,WR,5.3,11.3,0.25,11.55,11.48,11.44,0.05,1.0,11.55,,0.0,0
2026-10-05 03:38:25Z,DET,in,0.974,Q4 1:34,-6.0,10859,Sam LaPorta,TE,13.0,22.4,0.57,22.97,22.8,22.74,0.034,1.0,22.97,,0.0,0
2026-10-05 03:38:25Z,DET,in,0.974,Q4 1:34,-6.0,11237,Jacob Saylors,RB,1.7,0.0,0.03,0.03,0.03,0.04,0.974,1.0,0.03,,0.0,0
2026-10-05 03:38:25Z,CAR,in,0.974,Q4 1:34,6.0,9228,Bryce Young,QB,19.4,21.86,0.55,22.41,22.39,22.37,0.007,1.0,22.41,,0.0,0
2026-10-05 03:38:25Z,CAR,in,0.974,Q4 1:34,6.0,7694,Tommy Tremble,TE,3.8,5.2,0.11,5.31,5.31,5.3,0.413,1.0,5.31,,0.0,0
2026-10-05 03:38:25Z,CAR,in,0.974,Q4 1:34,6.0,8160,Kenny Pickett,QB,0.6,0.0,0.01,0.01,0.01,0.02,0.974,0.3,0.0,,0.0,0
2026-10-05 03:38:25Z,CAR,in,0.974,Q4 1:34,6.0,CAR,Carolina Panthers D/ST,DST,4.2,1.0,0.07,1.07,1.09,1.11,0.0,1.0,1.07,,0.0,0
2026-10-05 03:38:25Z,DET,in,0.974,Q4 1:34,-6.0,8250,Tay Martin,WR,0.8,0.0,0.03,0.03,0.02,0.02,0.974,1.0,0.03,,0.0,0
2026-10-05 03:38:25Z,DET,in,0.974,Q4 1:34,-6.0,4179,Joshua Dobbs,QB,0.6,0.0,0.02,0.02,0.01,0.02,0.974,0.3,0.01,,0.0,0
2026-10-05 03:38:25Z,DET,in,0.974,Q4 1:34,-6.0,9221,Jahmyr Gibbs,RB,25.7,17.7,0.7,18.4,18.32,18.37,0.076,1.0,18.4,,0.0,0
2026-10-05 03:38:25Z,DET,in,0.974,Q4 1:34,-6.0,3163,Jared Goff,QB,18.3,20.0,0.78,20.78,20.49,20.48,0.007,1.0,20.78,,0.0,0
2026-10-05 03:38:25Z,DET,in,0.974,Q4 1:34,-6.0,8148,Jameson Williams,WR,12.7,16.2,0.52,16.72,16.56,16.53,0.096,1.0,16.72,,0.0,0
2026-10-05 03:38:25Z,DET,in,0.974,Q4 1:34,-6.0,7891,Brock Wright,TE,1.5,1.8,0.06,1.86,1.84,1.84,0.364,1.0,1.86,,0.0,0
2026-10-05 03:38:25Z,DET,in,0.974,Q4 1:34,-6.0,7547,Amon-Ra St. Brown,WR,20.0,15.5,0.74,16.24,16.0,16.02,0.007,1.0,16.24,,0.0,0
2026-10-05 03:38:25Z,CAR,in,0.974,Q4 1:34,6.0,12526,Tetairoa McMillan,WR,16.4,45.2,0.65,45.85,45.82,45.63,0.025,1.0,45.85,,0.0,0
2026-10-05 03:38:25Z,CAR,in,0.974,Q4 1:34,6.0,11646,Jalen Coker,WR,8.5,0.0,0.17,0.17,0.17,0.22,0.974,1.0,0.17,,0.0,0
2026-10-05 03:38:25Z,DET,in,0.974,Q4 1:34,-6.0,DET,Detroit Lions D/ST,DST,5.7,3.0,0.04,3.04,3.13,3.15,0.007,1.0,3.04,,0.0,0
2026-10-05 03:38:25Z,DET,in,0.974,Q4 1:34,-6.0,11729,Sione Vaki,RB,2.6,2.7,0.08,2.78,2.77,2.77,0.596,0.405,2.73,,0.0,0
2026-10-05 03:38:25Z,CAR,in,0.974,Q4 1:34,6.0,11600,Ja'Tavion Sanders,TE,2.7,0.0,0.05,0.05,0.05,0.07,0.974,1.0,0.05,,0.0,0
2026-10-05 03:38:25Z,CAR,in,0.974,Q4 1:34,6.0,7594,Chuba Hubbard,RB,16.6,25.9,0.53,26.43,26.4,26.33,0.031,1.0,26.43,,0.0,0
2026-10-05 03:38:25Z,DET,in,0.974,Q4 1:34,-6.0,11539,Jake Bates,K,9.5,18.0,0.31,18.31,18.31,18.25,0.034,1.0,18.31,,0.0,0
2026-10-05 03:38:25Z,CAR,in,0.974,Q4 1:34,6.0,2505,Darren Waller,TE,8.8,6.6,0.22,6.82,6.82,6.83,0.14,1.0,6.82,,0.0,0
2026-10-05 03:39:25Z,CAR,in,0.977,Q4 1:22,6.0,11157,Brycen Tremayne,WR,5.6,5.2,0.13,5.33,5.33,5.33,0.302,1.0,5.33,,0.0,0
2026-10-05 03:39:25Z,CAR,in,0.977,Q4 1:22,6.0,12961,Ryan Fitzgerald,K,7.3,7.0,0.17,7.17,7.17,7.17,0.127,1.0,7.17,,0.0,0
2026-10-05 03:39:25Z,DET,in,0.977,Q4 1:22,-6.0,12535,Isaac TeSlaa,WR,5.3,13.5,0.23,13.73,13.67,13.62,0.0,1.0,13.73,,0.0,0
2026-10-05 03:39:25Z,DET,in,0.977,Q4 1:22,-6.0,10859,Sam LaPorta,TE,13.0,22.4,0.5,22.9,22.75,22.7,0.038,1.0,22.9,,0.0,0
2026-10-05 03:39:25Z,DET,in,0.977,Q4 1:22,-6.0,11237,Jacob Saylors,RB,1.7,0.0,0.03,0.03,0.03,0.04,0.977,1.0,0.03,,0.0,0
2026-10-05 03:39:25Z,CAR,in,0.977,Q4 1:22,6.0,9228,Bryce Young,QB,19.4,21.86,0.48,22.34,22.32,22.3,0.011,1.0,22.34,,0.0,0
2026-10-05 03:39:25Z,CAR,in,0.977,Q4 1:22,6.0,7694,Tommy Tremble,TE,3.8,5.2,0.1,5.3,5.3,5.29,0.416,1.0,5.3,,0.0,0
2026-10-05 03:39:25Z,CAR,in,0.977,Q4 1:22,6.0,8160,Kenny Pickett,QB,0.6,0.0,0.01,0.01,0.01,0.01,0.977,0.3,0.0,,0.0,0
2026-10-05 03:39:25Z,CAR,in,0.977,Q4 1:22,6.0,CAR,Carolina Panthers D/ST,DST,4.2,1.0,0.06,1.06,1.08,1.1,0.003,1.0,1.06,,0.0,0
2026-10-05 03:39:25Z,DET,in,0.977,Q4 1:22,-6.0,8250,Tay Martin,WR,0.8,0.0,0.02,0.02,0.01,0.02,0.977,1.0,0.02,,0.0,0
2026-10-05 03:39:25Z,DET,in,0.977,Q4 1:22,-6.0,4179,Joshua Dobbs,QB,0.6,0.0,0.02,0.02,0.01,0.01,0.977,0.3,0.0,,0.0,0
2026-10-05 03:39:25Z,DET,in,0.977,Q4 1:22,-6.0,9221,Jahmyr Gibbs,RB,25.7,17.7,0.61,18.31,18.24,18.29,0.079,1.0,18.31,,0.0,0
2026-10-05 03:39:25Z,DET,in,0.977,Q4 1:22,-6.0,3163,Jared Goff,QB,18.3,20.48,0.68,21.16,20.91,20.9,0.0,1.0,21.16,,0.0,0
2026-10-05 03:39:25Z,DET,in,0.977,Q4 1:22,-6.0,8148,Jameson Williams,WR,12.7,16.2,0.45,16.65,16.51,16.49,0.099,1.0,16.65,,0.0,0
2026-10-05 03:39:25Z,DET,in,0.977,Q4 1:22,-6.0,7891,Brock Wright,TE,1.5,1.8,0.05,1.85,1.84,1.83,0.367,1.0,1.85,,0.0,0
2026-10-05 03:39:25Z,DET,in,0.977,Q4 1:22,-6.0,7547,Amon-Ra St. Brown,WR,20.0,15.5,0.65,16.15,15.93,15.96,0.011,1.0,16.15,,0.0,0
2026-10-05 03:39:25Z,CAR,in,0.977,Q4 1:22,6.0,12526,Tetairoa McMillan,WR,16.4,45.2,0.57,45.77,45.74,45.57,0.028,1.0,45.77,,0.0,0
2026-10-05 03:39:25Z,CAR,in,0.977,Q4 1:22,6.0,11646,Jalen Coker,WR,8.5,0.0,0.15,0.15,0.15,0.19,0.977,1.0,0.15,,0.0,0
2026-10-05 03:39:25Z,DET,in,0.977,Q4 1:22,-6.0,DET,Detroit Lions D/ST,DST,5.7,3.0,0.04,3.04,3.12,3.13,0.011,1.0,3.04,,0.0,0
2026-10-05 03:39:25Z,DET,in,0.977,Q4 1:22,-6.0,11729,Sione Vaki,RB,2.6,2.7,0.07,2.77,2.76,2.76,0.6,0.4,2.73,,0.0,0
2026-10-05 03:39:25Z,CAR,in,0.977,Q4 1:22,6.0,11600,Ja'Tavion Sanders,TE,2.7,0.0,0.05,0.05,0.05,0.06,0.977,1.0,0.05,,0.0,0
2026-10-05 03:39:25Z,CAR,in,0.977,Q4 1:22,6.0,7594,Chuba Hubbard,RB,16.6,25.9,0.46,26.36,26.33,26.28,0.034,1.0,26.36,,0.0,0
2026-10-05 03:39:25Z,DET,in,0.977,Q4 1:22,-6.0,11539,Jake Bates,K,9.5,18.0,0.27,18.27,18.27,18.22,0.038,1.0,18.27,,0.0,0
2026-10-05 03:39:25Z,CAR,in,0.977,Q4 1:22,6.0,2505,Darren Waller,TE,8.8,6.6,0.2,6.8,6.79,6.8,0.143,1.0,6.8,,0.0,0
2026-10-05 03:40:26Z,CAR,in,0.977,Q4 1:22,6.0,11157,Brycen Tremayne,WR,5.6,5.2,0.13,5.33,5.33,5.33,0.302,1.0,5.33,,0.0,0
2026-10-05 03:40:26Z,CAR,in,0.977,Q4 1:22,6.0,12961,Ryan Fitzgerald,K,7.3,7.0,0.17,7.17,7.17,7.17,0.127,1.0,7.17,,0.0,0
2026-10-05 03:40:26Z,DET,in,0.977,Q4 1:22,-6.0,12535,Isaac TeSlaa,WR,5.3,13.5,0.23,13.73,13.67,13.62,0.0,1.0,13.73,,0.0,0
2026-10-05 03:40:26Z,DET,in,0.977,Q4 1:22,-6.0,10859,Sam LaPorta,TE,13.0,22.4,0.5,22.9,22.75,22.7,0.038,1.0,22.9,,0.0,0
2026-10-05 03:40:26Z,DET,in,0.977,Q4 1:22,-6.0,11237,Jacob Saylors,RB,1.7,0.0,0.03,0.03,0.03,0.04,0.977,1.0,0.03,,0.0,0
2026-10-05 03:40:26Z,CAR,in,0.977,Q4 1:22,6.0,9228,Bryce Young,QB,19.4,21.66,0.48,22.14,22.12,22.1,0.0,1.0,22.14,,0.0,0
2026-10-05 03:40:26Z,CAR,in,0.977,Q4 1:22,6.0,7694,Tommy Tremble,TE,3.8,5.2,0.1,5.3,5.3,5.29,0.416,1.0,5.3,,0.0,0
2026-10-05 03:40:26Z,CAR,in,0.977,Q4 1:22,6.0,8160,Kenny Pickett,QB,0.6,0.0,0.01,0.01,0.01,0.01,0.977,0.3,0.0,,0.0,0
2026-10-05 03:40:26Z,CAR,in,0.977,Q4 1:22,6.0,CAR,Carolina Panthers D/ST,DST,4.2,1.0,0.06,1.06,1.08,1.1,0.003,1.0,1.06,,0.0,0
2026-10-05 03:40:26Z,DET,in,0.977,Q4 1:22,-6.0,8250,Tay Martin,WR,0.8,0.0,0.02,0.02,0.01,0.02,0.977,1.0,0.02,,0.0,0
2026-10-05 03:40:26Z,DET,in,0.977,Q4 1:22,-6.0,4179,Joshua Dobbs,QB,0.6,0.0,0.02,0.02,0.01,0.01,0.977,0.3,0.0,,0.0,0
2026-10-05 03:40:26Z,DET,in,0.977,Q4 1:22,-6.0,9221,Jahmyr Gibbs,RB,25.7,17.7,0.61,18.31,18.24,18.29,0.079,1.0,18.31,,0.0,0
2026-10-05 03:40:26Z,DET,in,0.977,Q4 1:22,-6.0,3163,Jared Goff,QB,18.3,20.48,0.68,21.16,20.91,20.9,0.0,1.0,21.16,,0.0,0
2026-10-05 03:40:26Z,DET,in,0.977,Q4 1:22,-6.0,8148,Jameson Williams,WR,12.7,16.2,0.45,16.65,16.51,16.49,0.099,1.0,16.65,,0.0,0
2026-10-05 03:40:26Z,DET,in,0.977,Q4 1:22,-6.0,7891,Brock Wright,TE,1.5,1.8,0.05,1.85,1.84,1.83,0.367,1.0,1.85,,0.0,0
2026-10-05 03:40:26Z,DET,in,0.977,Q4 1:22,-6.0,7547,Amon-Ra St. Brown,WR,20.0,15.5,0.65,16.15,15.93,15.96,0.011,1.0,16.15,,0.0,0
2026-10-05 03:40:26Z,CAR,in,0.977,Q4 1:22,6.0,12526,Tetairoa McMillan,WR,16.4,45.2,0.57,45.77,45.74,45.57,0.028,1.0,45.77,,0.0,0
2026-10-05 03:40:26Z,CAR,in,0.977,Q4 1:22,6.0,11646,Jalen Coker,WR,8.5,0.0,0.15,0.15,0.15,0.19,0.977,1.0,0.15,,0.0,0
2026-10-05 03:40:26Z,DET,in,0.977,Q4 1:22,-6.0,DET,Detroit Lions D/ST,DST,5.7,3.0,0.04,3.04,3.12,3.13,0.011,1.0,3.04,,0.0,0
2026-10-05 03:40:26Z,DET,in,0.977,Q4 1:22,-6.0,11729,Sione Vaki,RB,2.6,2.7,0.07,2.77,2.76,2.76,0.6,0.4,2.73,,0.0,0
2026-10-05 03:40:26Z,CAR,in,0.977,Q4 1:22,6.0,11600,Ja'Tavion Sanders,TE,2.7,0.0,0.05,0.05,0.05,0.06,0.977,1.0,0.05,,0.0,0
2026-10-05 03:40:26Z,CAR,in,0.977,Q4 1:22,6.0,7594,Chuba Hubbard,RB,16.6,25.9,0.46,26.36,26.33,26.28,0.034,1.0,26.36,,0.0,0
2026-10-05 03:40:26Z,DET,in,0.977,Q4 1:22,-6.0,11539,Jake Bates,K,9.5,18.0,0.27,18.27,18.27,18.22,0.038,1.0,18.27,,0.0,0
2026-10-05 03:40:26Z,CAR,in,0.977,Q4 1:22,6.0,2505,Darren Waller,TE,8.8,6.6,0.2,6.8,6.79,6.8,0.143,1.0,6.8,,0.0,0
2026-10-05 03:41:26Z,CAR,post,1.0,FINAL,6.0,11157,Brycen Tremayne,WR,5.6,5.2,0.0,5.2,5.2,5.2,0.0,1.0,5.2,,0.0,0
2026-10-05 03:41:26Z,CAR,post,1.0,FINAL,6.0,12961,Ryan Fitzgerald,K,7.3,7.0,0.0,7.0,7.0,7.0,0.0,1.0,7.0,,0.0,0
2026-10-05 03:41:26Z,DET,post,1.0,FINAL,-6.0,12535,Isaac TeSlaa,WR,5.3,13.5,0.0,13.5,13.5,13.5,0.0,1.0,13.5,,0.0,0
2026-10-05 03:41:26Z,DET,post,1.0,FINAL,-6.0,10859,Sam LaPorta,TE,13.0,22.4,0.0,22.4,22.4,22.4,0.0,1.0,22.4,,0.0,0
2026-10-05 03:41:26Z,DET,post,1.0,FINAL,-6.0,11237,Jacob Saylors,RB,1.7,0.0,0.0,0.0,0.0,0.0,0.0,1.0,0.0,,0.0,0
2026-10-05 03:41:26Z,CAR,post,1.0,FINAL,6.0,9228,Bryce Young,QB,19.4,21.56,0.0,21.56,21.56,21.56,0.0,1.0,21.56,,0.0,0
2026-10-05 03:41:26Z,CAR,post,1.0,FINAL,6.0,7694,Tommy Tremble,TE,3.8,5.2,0.0,5.2,5.2,5.2,0.0,1.0,5.2,,0.0,0
2026-10-05 03:41:26Z,CAR,post,1.0,FINAL,6.0,8160,Kenny Pickett,QB,0.6,0.0,0.0,0.0,0.0,0.0,0.0,1.0,0.0,,0.0,0
2026-10-05 03:41:26Z,CAR,post,1.0,FINAL,6.0,CAR,Carolina Panthers D/ST,DST,4.2,1.0,0.0,1.0,1.0,1.0,0.0,1.0,1.0,,0.0,0
2026-10-05 03:41:26Z,DET,post,1.0,FINAL,-6.0,8250,Tay Martin,WR,0.8,0.0,0.0,0.0,0.0,0.0,0.0,1.0,0.0,,0.0,0
2026-10-05 03:41:26Z,DET,post,1.0,FINAL,-6.0,4179,Joshua Dobbs,QB,0.6,0.0,0.0,0.0,0.0,0.0,0.0,1.0,0.0,,0.0,0
2026-10-05 03:41:26Z,DET,post,1.0,FINAL,-6.0,9221,Jahmyr Gibbs,RB,25.7,17.7,0.0,17.7,17.7,17.7,0.0,1.0,17.7,,0.0,0
2026-10-05 03:41:26Z,DET,post,1.0,FINAL,-6.0,3163,Jared Goff,QB,18.3,20.48,0.0,20.48,20.48,20.48,0.0,1.0,20.48,,0.0,0
2026-10-05 03:41:26Z,DET,post,1.0,FINAL,-6.0,8148,Jameson Williams,WR,12.7,16.2,0.0,16.2,16.2,16.2,0.0,1.0,16.2,,0.0,0
2026-10-05 03:41:26Z,DET,post,1.0,FINAL,-6.0,7891,Brock Wright,TE,1.5,1.8,0.0,1.8,1.8,1.8,0.0,1.0,1.8,,0.0,0
2026-10-05 03:41:26Z,DET,post,1.0,FINAL,-6.0,7547,Amon-Ra St. Brown,WR,20.0,15.5,0.0,15.5,15.5,15.5,0.0,1.0,15.5,,0.0,0
2026-10-05 03:41:26Z,CAR,post,1.0,FINAL,6.0,12526,Tetairoa McMillan,WR,16.4,45.2,0.0,45.2,45.2,45.2,0.0,1.0,45.2,,0.0,0
2026-10-05 03:41:26Z,CAR,post,1.0,FINAL,6.0,11646,Jalen Coker,WR,8.5,0.0,0.0,0.0,0.0,0.0,0.0,1.0,0.0,,0.0,0
2026-10-05 03:41:26Z,DET,post,1.0,FINAL,-6.0,DET,Detroit Lions D/ST,DST,5.7,3.0,0.0,3.0,3.0,3.0,0.0,1.0,3.0,,0.0,0
2026-10-05 03:41:26Z,DET,post,1.0,FINAL,-6.0,11729,Sione Vaki,RB,2.6,2.7,0.0,2.7,2.7,2.7,0.0,1.0,2.7,,0.0,0
2026-10-05 03:41:26Z,CAR,post,1.0,FINAL,6.0,11600,Ja'Tavion Sanders,TE,2.7,0.0,0.0,0.0,0.0,0.0,0.0,1.0,0.0,,0.0,0
2026-10-05 03:41:26Z,CAR,post,1.0,FINAL,6.0,7594,Chuba Hubbard,RB,16.6,25.9,0.0,25.9,25.9,25.9,0.0,1.0,25.9,,0.0,0
2026-10-05 03:41:26Z,DET,post,1.0,FINAL,-6.0,11539,Jake Bates,K,9.5,18.0,0.0,18.0,18.0,18.0,0.0,1.0,18.0,,0.0,0
2026-10-05 03:41:26Z,CAR,post,1.0,FINAL,6.0,2505,Darren Waller,TE,8.8,6.6,0.0,6.6,6.6,6.6,0.0,1.0,6.6,,0.0,0
